
======================================================================
  BATCH RUN: 83 trace(s) from traces/5g-ireland
======================================================================


──────────────────────────────────────────────────────────────────────
  [1/83] amazon_prime_driving_animated-adventuretime_B_2019_11_28_07_27_57_tc.csv
──────────────────────────────────────────────────────────────────────
[TRACE] amazon_prime_driving_animated-adventuretime_B_2019_11_28_07_27_57_tc.csv
[DASH-SHAPER] Triggering tc-trace via /startShaping API...
[DASH-SHAPER] tc-trace.py starting in container

======================================================================
  DASH Streaming QoE Benchmark (dash.js / BOLA)
======================================================================
  Server: http://localhost:8080
======================================================================

[TRACE] Loaded 1898 entries with bandwidth
[BROWSER] Launching headless Chromium...
[BROWSER-ERROR] Settings parameter streaming.timeouts is not supported
[BROWSER] Waiting for playback to start...
   Startup delay: 3802ms

[PLAYBACK] Collecting metrics...
   t=10s | buffer: 17.8s | bitrate: 100 kbps | tp: 2719 kbps | trace_bw: 2719 kbps
   t=20s | buffer: 19.7s | bitrate: 100 kbps | tp: 0 kbps | trace_bw: 0 kbps
   t=31s | buffer: 25.4s | bitrate: 100 kbps | tp: 948 kbps | trace_bw: 948 kbps
   t=41s | buffer: 27.0s | bitrate: 100 kbps | tp: 279 kbps | trace_bw: 279 kbps
   t=51s | buffer: 28.9s | bitrate: 100 kbps | tp: 280 kbps | trace_bw: 280 kbps
   t=61s | buffer: 22.6s | bitrate: 100 kbps | tp: 311 kbps | trace_bw: 311 kbps
   t=72s | buffer: 12.5s | bitrate: 100 kbps | tp: 275 kbps | trace_bw: 275 kbps
   t=82s | buffer: 2.4s | bitrate: 100 kbps | tp: 276 kbps | trace_bw: 276 kbps
   t=92s | buffer: 9.7s | bitrate: 100 kbps | tp: 280 kbps | trace_bw: 280 kbps
   t=102s | buffer: 27.4s | bitrate: 100 kbps | tp: 596 kbps | trace_bw: 596 kbps
   t=113s | buffer: 25.3s | bitrate: 100 kbps | tp: 0 kbps | trace_bw: 0 kbps
Error occurred in event listener
Traceback (most recent call last):
  File "/home/ajhunjh1/.local/lib/python3.8/site-packages/playwright/_impl/_helper.py", line 296, in handle
    return await self._handle_internal(route)
  File "/home/ajhunjh1/.local/lib/python3.8/site-packages/playwright/_impl/_helper.py", line 332, in _handle_internal
    await handler_finished_future
  File "/home/ajhunjh1/.local/lib/python3.8/site-packages/playwright/_impl/_helper.py", line 323, in _handler
    self.handler(route, route.request)  # type: ignore
  File "/home/ajhunjh1/.local/lib/python3.8/site-packages/playwright/_impl/_impl_to_api_mapping.py", line 123, in wrapper_func
    return handler(
  File "benchmark.py", line 483, in _patch_dash_html
    resp = route.fetch()
  File "/home/ajhunjh1/.local/lib/python3.8/site-packages/playwright/sync_api/_generated.py", line 804, in fetch
    self._sync(
  File "/home/ajhunjh1/.local/lib/python3.8/site-packages/playwright/_impl/_sync_base.py", line 115, in _sync
    return task.result()
  File "/home/ajhunjh1/.local/lib/python3.8/site-packages/playwright/_impl/_network.py", line 457, in fetch
    return await self._connection.wrap_api_call(
  File "/home/ajhunjh1/.local/lib/python3.8/site-packages/playwright/_impl/_connection.py", line 520, in wrap_api_call
    raise rewrite_error(error, f"{parsed_st['apiName']}: {error}") from None
playwright._impl._errors.TargetClosedError: Route.fetch: Target page, context or browser has been closed
Call log:
→ GET http://localhost:8080/chunk-stream0-00036.m4s
  -   user-agent: Mozilla/5.0 (X11; Linux x86_64) AppleWebKit/537.36 (KHTML, like Gecko) HeadlessChrome/112.0.5615.49 Safari/537.36
  -   accept: */*
  -   accept-encoding: gzip,deflate,br
  -   referer: http://localhost:8080/
  -   sec-ch-ua: 
  -   sec-ch-ua-mobile: ?0
  -   sec-ch-ua-platform: ""
  - ← 200 OK
  -   server: SimpleHTTP/0.6 Python/3.11.15
  -   date: Mon, 18 May 2026 01:25:28 GMT
  -   content-type: video/iso.segment
  -   content-length: 64342
  -   last-modified: Wed, 22 Apr 2026 18:42:41 GMT
  -   access-control-allow-origin: *
  -   access-control-allow-methods: GET, OPTIONS
  -   access-control-allow-headers: Content-Type, Range
  -   access-control-expose-headers: Content-Length, Content-Range
  -   cache-control: public, max-age=31536000


During handling of the above exception, another exception occurred:

Traceback (most recent call last):
  File "/home/ajhunjh1/.local/lib/python3.8/site-packages/playwright/_impl/_page.py", line 297, in _on_route
    handled = await route_handler.handle(route)
  File "/home/ajhunjh1/.local/lib/python3.8/site-packages/playwright/_impl/_helper.py", line 305, in handle
    raise rewrite_error(
playwright._impl._errors.TargetClosedError: "Route.fetch: Target page, context or browser has been closed
Call log:
→ GET http://localhost:8080/chunk-stream0-00036.m4s
  -   user-agent: Mozilla/5.0 (X11; Linux x86_64) AppleWebKit/537.36 (KHTML, like Gecko) HeadlessChrome/112.0.5615.49 Safari/537.36
  -   accept: */*
  -   accept-encoding: gzip,deflate,br
  -   referer: http://localhost:8080/
  -   sec-ch-ua: 
  -   sec-ch-ua-mobile: ?0
  -   sec-ch-ua-platform: ""
  - ← 200 OK
  -   server: SimpleHTTP/0.6 Python/3.11.15
  -   date: Mon, 18 May 2026 01:25:28 GMT
  -   content-type: video/iso.segment
  -   content-length: 64342
  -   last-modified: Wed, 22 Apr 2026 18:42:41 GMT
  -   access-control-allow-origin: *
  -   access-control-allow-methods: GET, OPTIONS
  -   access-control-allow-headers: Content-Type, Range
  -   access-control-expose-headers: Content-Length, Content-Range
  -   cache-control: public, max-age=31536000
" while running route callback.
Consider awaiting `page.unroute_all(behavior='ignoreErrors')`
before the end of the test to ignore remaining routes in flight.

======================================================================
  BENCHMARK RESULTS (DASH / dash.js / BOLA)
======================================================================

  [TIMING]
      Startup delay:     3,802 ms
      Playback time:     118.6 s

  [BITRATE]
      Average (selected):  103 kbps
      Average (effective): 101 kbps
      Min / Max:           100 / 200 kbps
      Median:              100 kbps
      Std deviation:       16.2 kbps
      Variance:            260.9
      25th/75th %ile:      100 / 100 kbps

  [SWITCHES]
      Total count:       2
      Up / Down:         1 / 1
      Avg magnitude:     100 kbps

  [REBUFFERING]
      Events:            3
      Total time:        1,815 ms
      Ratio:             1.5076%
      Frequency:         1.518 per minute
      Avg duration:      605 ms
      Max duration:      1,606 ms

  [THROUGHPUT]
      Average:           1,400 kbps
      Median:            279 kbps
      Min / Max:         0 / 39,982 kbps
      Std deviation:     5,215.7 kbps

  [AVAILABLE BW (trace)]
      Average:           1,400 kbps
      Min / Max:         0 / 39,982 kbps
      Utilisation:       19.9%

  [BUFFER]
      Average level:     19.0 s
      Min / Max:         0.1 / 28.9 s

  [UTILIZATION]
      Bandwidth:         36.8%

======================================================================

[SAVED] results/results/run_all_20260517_165956/dash_5g-ireland/benchmark_dash_amazon_prime_driving_animated-adventuretime_B_2019_11_28_07_27_57_tc_20260517_182325.json

──────────────────────────────────────────────────────────────────────
  [2/83] amazon_prime_driving_animated-adventuretime_B_2019_11_28_10_14_25_tc.csv
──────────────────────────────────────────────────────────────────────
[TRACE] amazon_prime_driving_animated-adventuretime_B_2019_11_28_10_14_25_tc.csv
[DASH-SHAPER] Triggering tc-trace via /startShaping API...
[DASH-SHAPER] tc-trace.py starting in container

======================================================================
  DASH Streaming QoE Benchmark (dash.js / BOLA)
======================================================================
  Server: http://localhost:8080
======================================================================

[TRACE] Loaded 1320 entries with bandwidth
[BROWSER] Launching headless Chromium...
[BROWSER-ERROR] Settings parameter streaming.timeouts is not supported
[BROWSER] Waiting for playback to start...
   Startup delay: 5464ms

[PLAYBACK] Collecting metrics...
   t=10s | buffer: 13.8s | bitrate: 100 kbps | tp: 12 kbps | trace_bw: 12 kbps
   t=21s | buffer: 7.5s | bitrate: 100 kbps | tp: 0 kbps | trace_bw: 0 kbps
   t=31s | buffer: 21.4s | bitrate: 100 kbps | tp: 54316 kbps | trace_bw: 54316 kbps
   t=41s | buffer: 15.0s | bitrate: 100 kbps | tp: 0 kbps | trace_bw: 0 kbps
   t=51s | buffer: 24.9s | bitrate: 100 kbps | tp: 0 kbps | trace_bw: 0 kbps
   t=61s | buffer: 26.6s | bitrate: 100 kbps | tp: 0 kbps | trace_bw: 0 kbps
   t=72s | buffer: 24.5s | bitrate: 100 kbps | tp: 283 kbps | trace_bw: 283 kbps
   t=82s | buffer: 26.1s | bitrate: 100 kbps | tp: 274 kbps | trace_bw: 274 kbps
   t=92s | buffer: 28.0s | bitrate: 100 kbps | tp: 279 kbps | trace_bw: 279 kbps
   t=102s | buffer: 25.7s | bitrate: 100 kbps | tp: 1673 kbps | trace_bw: 1673 kbps
   t=113s | buffer: 23.6s | bitrate: 100 kbps | tp: 1093 kbps | trace_bw: 1093 kbps
Error occurred in event listener
Traceback (most recent call last):
  File "/home/ajhunjh1/.local/lib/python3.8/site-packages/playwright/_impl/_helper.py", line 296, in handle
    return await self._handle_internal(route)
  File "/home/ajhunjh1/.local/lib/python3.8/site-packages/playwright/_impl/_helper.py", line 332, in _handle_internal
    await handler_finished_future
  File "/home/ajhunjh1/.local/lib/python3.8/site-packages/playwright/_impl/_helper.py", line 323, in _handler
    self.handler(route, route.request)  # type: ignore
  File "/home/ajhunjh1/.local/lib/python3.8/site-packages/playwright/_impl/_impl_to_api_mapping.py", line 123, in wrapper_func
    return handler(
  File "benchmark.py", line 483, in _patch_dash_html
    resp = route.fetch()
  File "/home/ajhunjh1/.local/lib/python3.8/site-packages/playwright/sync_api/_generated.py", line 804, in fetch
    self._sync(
  File "/home/ajhunjh1/.local/lib/python3.8/site-packages/playwright/_impl/_sync_base.py", line 115, in _sync
    return task.result()
  File "/home/ajhunjh1/.local/lib/python3.8/site-packages/playwright/_impl/_network.py", line 457, in fetch
    return await self._connection.wrap_api_call(
  File "/home/ajhunjh1/.local/lib/python3.8/site-packages/playwright/_impl/_connection.py", line 520, in wrap_api_call
    raise rewrite_error(error, f"{parsed_st['apiName']}: {error}") from None
playwright._impl._errors.TargetClosedError: Route.fetch: Target page, context or browser has been closed
Call log:
→ GET http://localhost:8080/chunk-stream0-00037.m4s
  -   user-agent: Mozilla/5.0 (X11; Linux x86_64) AppleWebKit/537.36 (KHTML, like Gecko) HeadlessChrome/112.0.5615.49 Safari/537.36
  -   accept: */*
  -   accept-encoding: gzip,deflate,br
  -   referer: http://localhost:8080/
  -   sec-ch-ua: 
  -   sec-ch-ua-mobile: ?0
  -   sec-ch-ua-platform: ""


During handling of the above exception, another exception occurred:

Traceback (most recent call last):
  File "/home/ajhunjh1/.local/lib/python3.8/site-packages/playwright/_impl/_page.py", line 297, in _on_route
    handled = await route_handler.handle(route)
  File "/home/ajhunjh1/.local/lib/python3.8/site-packages/playwright/_impl/_helper.py", line 305, in handle
    raise rewrite_error(
playwright._impl._errors.TargetClosedError: "Route.fetch: Target page, context or browser has been closed
Call log:
→ GET http://localhost:8080/chunk-stream0-00037.m4s
  -   user-agent: Mozilla/5.0 (X11; Linux x86_64) AppleWebKit/537.36 (KHTML, like Gecko) HeadlessChrome/112.0.5615.49 Safari/537.36
  -   accept: */*
  -   accept-encoding: gzip,deflate,br
  -   referer: http://localhost:8080/
  -   sec-ch-ua: 
  -   sec-ch-ua-mobile: ?0
  -   sec-ch-ua-platform: ""
" while running route callback.
Consider awaiting `page.unroute_all(behavior='ignoreErrors')`
before the end of the test to ignore remaining routes in flight.

======================================================================
  BENCHMARK RESULTS (DASH / dash.js / BOLA)
======================================================================

  [TIMING]
      Startup delay:     5,464 ms
      Playback time:     120.2 s

  [BITRATE]
      Average (selected):  102 kbps
      Average (effective): 102 kbps
      Min / Max:           100 / 200 kbps
      Median:              100 kbps
      Std deviation:       12.8 kbps
      Variance:            163.9
      25th/75th %ile:      100 / 100 kbps

  [SWITCHES]
      Total count:       2
      Up / Down:         1 / 1
      Avg magnitude:     100 kbps

  [REBUFFERING]
      Events:            1
      Total time:        196 ms
      Ratio:             0.1627%
      Frequency:         0.499 per minute
      Avg duration:      196 ms
      Max duration:      196 ms

  [THROUGHPUT]
      Average:           1,712 kbps
      Median:            273 kbps
      Min / Max:         0 / 54,316 kbps
      Std deviation:     7,634.6 kbps

  [AVAILABLE BW (trace)]
      Average:           1,712 kbps
      Min / Max:         0 / 54,316 kbps
      Utilisation:       16.0%

  [BUFFER]
      Average level:     21.3 s
      Min / Max:         3.7 / 28.9 s

  [UTILIZATION]
      Bandwidth:         37.2%

======================================================================

[SAVED] results/results/run_all_20260517_165956/dash_5g-ireland/benchmark_dash_amazon_prime_driving_animated-adventuretime_B_2019_11_28_10_14_25_tc_20260517_182534.json

──────────────────────────────────────────────────────────────────────
  [3/83] amazon_prime_driving_animated-adventuretime_B_2019_11_28_12_05_29_tc.csv
──────────────────────────────────────────────────────────────────────
[TRACE] amazon_prime_driving_animated-adventuretime_B_2019_11_28_12_05_29_tc.csv
[DASH-SHAPER] Triggering tc-trace via /startShaping API...
[DASH-SHAPER] tc-trace.py starting in container

======================================================================
  DASH Streaming QoE Benchmark (dash.js / BOLA)
======================================================================
  Server: http://localhost:8080
======================================================================

[TRACE] Loaded 963 entries with bandwidth
[BROWSER] Launching headless Chromium...
[BROWSER-ERROR] Settings parameter streaming.timeouts is not supported
[BROWSER] Waiting for playback to start...
   Startup delay: 2843ms

[PLAYBACK] Collecting metrics...
   t=10s | buffer: 13.8s | bitrate: 100 kbps | tp: 37315 kbps | trace_bw: 37315 kbps
   t=20s | buffer: 15.7s | bitrate: 100 kbps | tp: 0 kbps | trace_bw: 0 kbps
   t=31s | buffer: 13.4s | bitrate: 100 kbps | tp: 875 kbps | trace_bw: 875 kbps
   t=41s | buffer: 19.3s | bitrate: 100 kbps | tp: 276 kbps | trace_bw: 276 kbps
   t=51s | buffer: 24.9s | bitrate: 100 kbps | tp: 6 kbps | trace_bw: 6 kbps
   t=61s | buffer: 26.6s | bitrate: 100 kbps | tp: 2369 kbps | trace_bw: 2369 kbps
   t=72s | buffer: 28.5s | bitrate: 100 kbps | tp: 0 kbps | trace_bw: 0 kbps
   t=82s | buffer: 22.4s | bitrate: 100 kbps | tp: 0 kbps | trace_bw: 0 kbps
   t=92s | buffer: 28.0s | bitrate: 100 kbps | tp: 285 kbps | trace_bw: 285 kbps
   t=102s | buffer: 25.7s | bitrate: 100 kbps | tp: 0 kbps | trace_bw: 0 kbps
   t=113s | buffer: 27.6s | bitrate: 100 kbps | tp: 278 kbps | trace_bw: 278 kbps
Error occurred in event listener
Traceback (most recent call last):
  File "/home/ajhunjh1/.local/lib/python3.8/site-packages/playwright/_impl/_helper.py", line 296, in handle
    return await self._handle_internal(route)
  File "/home/ajhunjh1/.local/lib/python3.8/site-packages/playwright/_impl/_helper.py", line 332, in _handle_internal
    await handler_finished_future
  File "/home/ajhunjh1/.local/lib/python3.8/site-packages/playwright/_impl/_helper.py", line 323, in _handler
    self.handler(route, route.request)  # type: ignore
  File "/home/ajhunjh1/.local/lib/python3.8/site-packages/playwright/_impl/_impl_to_api_mapping.py", line 123, in wrapper_func
    return handler(
  File "benchmark.py", line 483, in _patch_dash_html
    resp = route.fetch()
  File "/home/ajhunjh1/.local/lib/python3.8/site-packages/playwright/sync_api/_generated.py", line 804, in fetch
    self._sync(
  File "/home/ajhunjh1/.local/lib/python3.8/site-packages/playwright/_impl/_sync_base.py", line 115, in _sync
    return task.result()
  File "/home/ajhunjh1/.local/lib/python3.8/site-packages/playwright/_impl/_network.py", line 457, in fetch
    return await self._connection.wrap_api_call(
  File "/home/ajhunjh1/.local/lib/python3.8/site-packages/playwright/_impl/_connection.py", line 520, in wrap_api_call
    raise rewrite_error(error, f"{parsed_st['apiName']}: {error}") from None
playwright._impl._errors.TargetClosedError: Route.fetch: Target page, context or browser has been closed
Call log:
→ GET http://localhost:8080/chunk-stream0-00037.m4s
  -   user-agent: Mozilla/5.0 (X11; Linux x86_64) AppleWebKit/537.36 (KHTML, like Gecko) HeadlessChrome/112.0.5615.49 Safari/537.36
  -   accept: */*
  -   accept-encoding: gzip,deflate,br
  -   referer: http://localhost:8080/
  -   sec-ch-ua: 
  -   sec-ch-ua-mobile: ?0
  -   sec-ch-ua-platform: ""


During handling of the above exception, another exception occurred:

Traceback (most recent call last):
  File "/home/ajhunjh1/.local/lib/python3.8/site-packages/playwright/_impl/_page.py", line 297, in _on_route
    handled = await route_handler.handle(route)
  File "/home/ajhunjh1/.local/lib/python3.8/site-packages/playwright/_impl/_helper.py", line 305, in handle
    raise rewrite_error(
playwright._impl._errors.TargetClosedError: "Route.fetch: Target page, context or browser has been closed
Call log:
→ GET http://localhost:8080/chunk-stream0-00037.m4s
  -   user-agent: Mozilla/5.0 (X11; Linux x86_64) AppleWebKit/537.36 (KHTML, like Gecko) HeadlessChrome/112.0.5615.49 Safari/537.36
  -   accept: */*
  -   accept-encoding: gzip,deflate,br
  -   referer: http://localhost:8080/
  -   sec-ch-ua: 
  -   sec-ch-ua-mobile: ?0
  -   sec-ch-ua-platform: ""
" while running route callback.
Consider awaiting `page.unroute_all(behavior='ignoreErrors')`
before the end of the test to ignore remaining routes in flight.

======================================================================
  BENCHMARK RESULTS (DASH / dash.js / BOLA)
======================================================================

  [TIMING]
      Startup delay:     2,843 ms
      Playback time:     120.3 s

  [BITRATE]
      Average (selected):  100 kbps
      Average (effective): 100 kbps
      Min / Max:           100 / 100 kbps
      Median:              100 kbps
      Std deviation:       0.0 kbps
      Variance:            0.0
      25th/75th %ile:      100 / 100 kbps

  [SWITCHES]
      Total count:       0
      Up / Down:         0 / 0
      Avg magnitude:     0 kbps

  [REBUFFERING]
      Events:            1
      Total time:        196 ms
      Ratio:             0.1627%
      Frequency:         0.499 per minute
      Avg duration:      196 ms
      Max duration:      196 ms

  [THROUGHPUT]
      Average:           1,841 kbps
      Median:            276 kbps
      Min / Max:         0 / 43,922 kbps
      Std deviation:     6,581.4 kbps

  [AVAILABLE BW (trace)]
      Average:           1,841 kbps
      Min / Max:         0 / 43,922 kbps
      Utilisation:       15.0%

  [BUFFER]
      Average level:     21.6 s
      Min / Max:         2.6 / 28.8 s

  [UTILIZATION]
      Bandwidth:         36.2%

======================================================================

[SAVED] results/results/run_all_20260517_165956/dash_5g-ireland/benchmark_dash_amazon_prime_driving_animated-adventuretime_B_2019_11_28_12_05_29_tc_20260517_182743.json

──────────────────────────────────────────────────────────────────────
  [4/83] amazon_prime_driving_animated-adventuretime_B_2019_11_28_14_53_29_tc.csv
──────────────────────────────────────────────────────────────────────
[TRACE] amazon_prime_driving_animated-adventuretime_B_2019_11_28_14_53_29_tc.csv
[DASH-SHAPER] Triggering tc-trace via /startShaping API...
[DASH-SHAPER] tc-trace.py starting in container

======================================================================
  DASH Streaming QoE Benchmark (dash.js / BOLA)
======================================================================
  Server: http://localhost:8080
======================================================================

[TRACE] Loaded 4683 entries with bandwidth
[BROWSER] Launching headless Chromium...
[BROWSER-ERROR] Settings parameter streaming.timeouts is not supported
[BROWSER] Waiting for playback to start...
   Startup delay: 2669ms

[PLAYBACK] Collecting metrics...
   t=10s | buffer: 13.9s | bitrate: 100 kbps | tp: 2 kbps | trace_bw: 2 kbps
   t=20s | buffer: 23.5s | bitrate: 100 kbps | tp: 881 kbps | trace_bw: 881 kbps
   t=31s | buffer: 13.4s | bitrate: 100 kbps | tp: 1 kbps | trace_bw: 1 kbps
   t=41s | buffer: 27.1s | bitrate: 100 kbps | tp: 279 kbps | trace_bw: 279 kbps
   t=51s | buffer: 17.0s | bitrate: 100 kbps | tp: 280 kbps | trace_bw: 280 kbps
   t=61s | buffer: 18.6s | bitrate: 100 kbps | tp: 2710 kbps | trace_bw: 2710 kbps
   t=72s | buffer: 24.5s | bitrate: 100 kbps | tp: 497 kbps | trace_bw: 497 kbps
   t=82s | buffer: 14.1s | bitrate: 100 kbps | tp: 275 kbps | trace_bw: 275 kbps
   t=92s | buffer: 4.0s | bitrate: 100 kbps | tp: 279 kbps | trace_bw: 279 kbps
   t=102s | buffer: 0.1s | bitrate: 100 kbps | tp: 0 kbps | trace_bw: 0 kbps
   t=113s | buffer: 26.9s | bitrate: 100 kbps | tp: 0 kbps | trace_bw: 0 kbps

======================================================================
  BENCHMARK RESULTS (DASH / dash.js / BOLA)
======================================================================

  [TIMING]
      Startup delay:     2,669 ms
      Playback time:     112.8 s

  [BITRATE]
      Average (selected):  100 kbps
      Average (effective): 94 kbps
      Min / Max:           100 / 100 kbps
      Median:              100 kbps
      Std deviation:       0.0 kbps
      Variance:            0.0
      25th/75th %ile:      100 / 100 kbps

  [SWITCHES]
      Total count:       0
      Up / Down:         0 / 0
      Avg magnitude:     0 kbps

  [REBUFFERING]
      Events:            2
      Total time:        7,691 ms
      Ratio:             6.3821%
      Frequency:         1.064 per minute
      Avg duration:      3,846 ms
      Max duration:      7,468 ms

  [THROUGHPUT]
      Average:           1,417 kbps
      Median:            277 kbps
      Min / Max:         0 / 34,121 kbps
      Std deviation:     4,199.9 kbps

  [AVAILABLE BW (trace)]
      Average:           1,417 kbps
      Min / Max:         0 / 34,121 kbps
      Utilisation:       19.6%

  [BUFFER]
      Average level:     16.5 s
      Min / Max:         0.1 / 28.8 s

  [UTILIZATION]
      Bandwidth:         36.1%

======================================================================

[SAVED] results/results/run_all_20260517_165956/dash_5g-ireland/benchmark_dash_amazon_prime_driving_animated-adventuretime_B_2019_11_28_14_53_29_tc_20260517_182950.json

──────────────────────────────────────────────────────────────────────
  [5/83] amazon_prime_driving_animated-adventuretime_B_2019_11_28_17_18_56_tc.csv
──────────────────────────────────────────────────────────────────────
[TRACE] amazon_prime_driving_animated-adventuretime_B_2019_11_28_17_18_56_tc.csv
[DASH-SHAPER] Triggering tc-trace via /startShaping API...
[DASH-SHAPER] tc-trace.py starting in container

======================================================================
  DASH Streaming QoE Benchmark (dash.js / BOLA)
======================================================================
  Server: http://localhost:8080
======================================================================

[TRACE] Loaded 972 entries with bandwidth
[BROWSER] Launching headless Chromium...
[BROWSER-ERROR] Settings parameter streaming.timeouts is not supported
[BROWSER] Waiting for playback to start...
   Startup delay: 2952ms

[PLAYBACK] Collecting metrics...
   t=10s | buffer: 0.1s | bitrate: 100 kbps | tp: 0 kbps | trace_bw: 0 kbps
   t=20s | buffer: 0.1s | bitrate: 100 kbps | tp: 7708 kbps | trace_bw: 7708 kbps
   t=31s | buffer: 5.3s | bitrate: 100 kbps | tp: 5 kbps | trace_bw: 5 kbps
   t=41s | buffer: 14.9s | bitrate: 100 kbps | tp: 2559 kbps | trace_bw: 2559 kbps
   t=51s | buffer: 4.8s | bitrate: 100 kbps | tp: 283 kbps | trace_bw: 283 kbps
   t=61s | buffer: 22.5s | bitrate: 100 kbps | tp: 279 kbps | trace_bw: 279 kbps
   t=72s | buffer: 16.4s | bitrate: 100 kbps | tp: 0 kbps | trace_bw: 0 kbps
   t=82s | buffer: 10.0s | bitrate: 100 kbps | tp: 0 kbps | trace_bw: 0 kbps
   t=92s | buffer: 0.1s | bitrate: 100 kbps | tp: 1 kbps | trace_bw: 1 kbps
   t=102s | buffer: 6.1s | bitrate: 100 kbps | tp: 1474 kbps | trace_bw: 1474 kbps
   t=112s | buffer: 20.0s | bitrate: 100 kbps | tp: 1022 kbps | trace_bw: 1022 kbps

======================================================================
  BENCHMARK RESULTS (DASH / dash.js / BOLA)
======================================================================

  [TIMING]
      Startup delay:     2,952 ms
      Playback time:     87.8 s

  [BITRATE]
      Average (selected):  100 kbps
      Average (effective): 73 kbps
      Min / Max:           100 / 100 kbps
      Median:              100 kbps
      Std deviation:       0.0 kbps
      Variance:            0.0
      25th/75th %ile:      100 / 100 kbps

  [SWITCHES]
      Total count:       0
      Up / Down:         0 / 0
      Avg magnitude:     0 kbps

  [REBUFFERING]
      Events:            3
      Total time:        32,567 ms
      Ratio:             27.0459%
      Frequency:         2.049 per minute
      Avg duration:      10,856 ms
      Max duration:      23,711 ms

  [THROUGHPUT]
      Average:           1,497 kbps
      Median:            281 kbps
      Min / Max:         0 / 15,417 kbps
      Std deviation:     3,230.3 kbps

  [AVAILABLE BW (trace)]
      Average:           1,497 kbps
      Min / Max:         0 / 15,417 kbps
      Utilisation:       18.8%

  [BUFFER]
      Average level:     8.9 s
      Min / Max:         0.1 / 24.0 s

  [UTILIZATION]
      Bandwidth:         35.6%

======================================================================

[SAVED] results/results/run_all_20260517_165956/dash_5g-ireland/benchmark_dash_amazon_prime_driving_animated-adventuretime_B_2019_11_28_17_18_56_tc_20260517_183156.json

──────────────────────────────────────────────────────────────────────
  [6/83] amazon_prime_driving_animated-adventuretime_B_2019_11_29_09_37_23_tc.csv
──────────────────────────────────────────────────────────────────────
[TRACE] amazon_prime_driving_animated-adventuretime_B_2019_11_29_09_37_23_tc.csv
[DASH-SHAPER] Triggering tc-trace via /startShaping API...
[DASH-SHAPER] tc-trace.py starting in container

======================================================================
  DASH Streaming QoE Benchmark (dash.js / BOLA)
======================================================================
  Server: http://localhost:8080
======================================================================

[TRACE] Loaded 2362 entries with bandwidth
[BROWSER] Launching headless Chromium...
[BROWSER-ERROR] Settings parameter streaming.timeouts is not supported
[BROWSER] Waiting for playback to start...
   Startup delay: 33645ms

[PLAYBACK] Collecting metrics...
   t=10s | buffer: 0.1s | bitrate: 100 kbps | tp: 1 kbps | trace_bw: 1 kbps
   t=21s | buffer: 3.7s | bitrate: 4500 kbps | tp: 8713 kbps | trace_bw: 8713 kbps
   t=31s | buffer: 2.7s | bitrate: 2000 kbps | tp: 2217 kbps | trace_bw: 2217 kbps
   t=41s | buffer: 6.7s | bitrate: 100 kbps | tp: 1393 kbps | trace_bw: 1393 kbps
   t=52s | buffer: 8.4s | bitrate: 100 kbps | tp: 714 kbps | trace_bw: 714 kbps
   t=62s | buffer: 14.3s | bitrate: 100 kbps | tp: 1283 kbps | trace_bw: 1283 kbps
   t=72s | buffer: 27.9s | bitrate: 100 kbps | tp: 0 kbps | trace_bw: 0 kbps
   t=82s | buffer: 21.8s | bitrate: 100 kbps | tp: 1563 kbps | trace_bw: 1563 kbps
   t=93s | buffer: 23.5s | bitrate: 100 kbps | tp: 278 kbps | trace_bw: 278 kbps
   t=103s | buffer: 25.4s | bitrate: 100 kbps | tp: 2811 kbps | trace_bw: 2811 kbps
   t=113s | buffer: 27.0s | bitrate: 100 kbps | tp: 286 kbps | trace_bw: 286 kbps

======================================================================
  BENCHMARK RESULTS (DASH / dash.js / BOLA)
======================================================================

  [TIMING]
      Startup delay:     33,645 ms
      Playback time:     96.2 s

  [BITRATE]
      Average (selected):  473 kbps
      Average (effective): 378 kbps
      Min / Max:           100 / 4,500 kbps
      Median:              100 kbps
      Std deviation:       1,065.3 kbps
      Variance:            1,134,794.5
      25th/75th %ile:      100 / 100 kbps

  [SWITCHES]
      Total count:       8
      Up / Down:         4 / 4
      Avg magnitude:     2,150 kbps

  [REBUFFERING]
      Events:            5
      Total time:        24,125 ms
      Ratio:             20.0491%
      Frequency:         3.118 per minute
      Avg duration:      4,825 ms
      Max duration:      10,955 ms

  [THROUGHPUT]
      Average:           1,621 kbps
      Median:            282 kbps
      Min / Max:         0 / 22,325 kbps
      Std deviation:     3,059.8 kbps

  [AVAILABLE BW (trace)]
      Average:           1,621 kbps
      Min / Max:         0 / 22,325 kbps
      Utilisation:       17.4%

  [BUFFER]
      Average level:     13.6 s
      Min / Max:         0.1 / 29.0 s

  [UTILIZATION]
      Bandwidth:         167.8%

======================================================================

[SAVED] results/results/run_all_20260517_165956/dash_5g-ireland/benchmark_dash_amazon_prime_driving_animated-adventuretime_B_2019_11_29_09_37_23_tc_20260517_183403.json

──────────────────────────────────────────────────────────────────────
  [7/83] amazon_prime_driving_animated-adventuretime_B_2019_11_29_13_05_25_tc.csv
──────────────────────────────────────────────────────────────────────
[TRACE] amazon_prime_driving_animated-adventuretime_B_2019_11_29_13_05_25_tc.csv
[DASH-SHAPER] Triggering tc-trace via /startShaping API...
[DASH-SHAPER] tc-trace.py starting in container

======================================================================
  DASH Streaming QoE Benchmark (dash.js / BOLA)
======================================================================
  Server: http://localhost:8080
======================================================================

[TRACE] Loaded 1187 entries with bandwidth
[BROWSER] Launching headless Chromium...
[BROWSER-ERROR] Settings parameter streaming.timeouts is not supported
[BROWSER] Waiting for playback to start...
   Startup delay: 5823ms

[PLAYBACK] Collecting metrics...
   t=10s | buffer: 13.8s | bitrate: 100 kbps | tp: 0 kbps | trace_bw: 0 kbps
   t=20s | buffer: 3.8s | bitrate: 100 kbps | tp: 7256 kbps | trace_bw: 7256 kbps
   t=31s | buffer: 0.1s | bitrate: 100 kbps | tp: 7632 kbps | trace_bw: 7632 kbps
   t=41s | buffer: 1.5s | bitrate: 4500 kbps | tp: 3 kbps | trace_bw: 3 kbps
   t=51s | buffer: 2.3s | bitrate: 200 kbps | tp: 1086 kbps | trace_bw: 1086 kbps
   t=61s | buffer: 8.6s | bitrate: 400 kbps | tp: 273 kbps | trace_bw: 273 kbps
   t=72s | buffer: 0.1s | bitrate: 100 kbps | tp: 0 kbps | trace_bw: 0 kbps
   t=82s | buffer: 26.0s | bitrate: 100 kbps | tp: 0 kbps | trace_bw: 0 kbps
   t=92s | buffer: 27.7s | bitrate: 100 kbps | tp: 285 kbps | trace_bw: 285 kbps
   t=102s | buffer: 25.6s | bitrate: 100 kbps | tp: 916 kbps | trace_bw: 916 kbps
   t=112s | buffer: 27.2s | bitrate: 100 kbps | tp: 3676 kbps | trace_bw: 3676 kbps

======================================================================
  BENCHMARK RESULTS (DASH / dash.js / BOLA)
======================================================================

  [TIMING]
      Startup delay:     5,823 ms
      Playback time:     96.5 s

  [BITRATE]
      Average (selected):  298 kbps
      Average (effective): 239 kbps
      Min / Max:           100 / 4,500 kbps
      Median:              100 kbps
      Std deviation:       873.9 kbps
      Variance:            763,725.3
      25th/75th %ile:      100 / 100 kbps

  [SWITCHES]
      Total count:       8
      Up / Down:         4 / 4
      Avg magnitude:     1,225 kbps

  [REBUFFERING]
      Events:            5
      Total time:        23,862 ms
      Ratio:             19.8208%
      Frequency:         3.108 per minute
      Avg duration:      4,772 ms
      Max duration:      10,370 ms

  [THROUGHPUT]
      Average:           1,322 kbps
      Median:            282 kbps
      Min / Max:         0 / 10,502 kbps
      Std deviation:     2,431.6 kbps

  [AVAILABLE BW (trace)]
      Average:           1,322 kbps
      Min / Max:         0 / 10,502 kbps
      Utilisation:       21.3%

  [BUFFER]
      Average level:     12.4 s
      Min / Max:         0.1 / 29.0 s

  [UTILIZATION]
      Bandwidth:         105.7%

======================================================================

[SAVED] results/results/run_all_20260517_165956/dash_5g-ireland/benchmark_dash_amazon_prime_driving_animated-adventuretime_B_2019_11_29_13_05_25_tc_20260517_183640.json

──────────────────────────────────────────────────────────────────────
  [8/83] amazon_prime_driving_season3-theexpanse_B_2019_12_01_12_11_21_tc.csv
──────────────────────────────────────────────────────────────────────
[TRACE] amazon_prime_driving_season3-theexpanse_B_2019_12_01_12_11_21_tc.csv
[DASH-SHAPER] Triggering tc-trace via /startShaping API...
[DASH-SHAPER] tc-trace.py starting in container

======================================================================
  DASH Streaming QoE Benchmark (dash.js / BOLA)
======================================================================
  Server: http://localhost:8080
======================================================================

[TRACE] Loaded 673 entries with bandwidth
[BROWSER] Launching headless Chromium...
[BROWSER-ERROR] Settings parameter streaming.timeouts is not supported
[BROWSER] Waiting for playback to start...
   Startup delay: 2912ms

[PLAYBACK] Collecting metrics...
   t=10s | buffer: 21.8s | bitrate: 100 kbps | tp: 3424 kbps | trace_bw: 3424 kbps
   t=21s | buffer: 11.5s | bitrate: 100 kbps | tp: 2 kbps | trace_bw: 2 kbps
   t=31s | buffer: 9.4s | bitrate: 100 kbps | tp: 0 kbps | trace_bw: 0 kbps
   t=41s | buffer: 23.0s | bitrate: 100 kbps | tp: 0 kbps | trace_bw: 0 kbps
   t=51s | buffer: 24.9s | bitrate: 100 kbps | tp: 35773 kbps | trace_bw: 35773 kbps
   t=61s | buffer: 14.6s | bitrate: 100 kbps | tp: 641 kbps | trace_bw: 641 kbps
   t=72s | buffer: 20.2s | bitrate: 100 kbps | tp: 279 kbps | trace_bw: 279 kbps
   t=82s | buffer: 22.1s | bitrate: 100 kbps | tp: 0 kbps | trace_bw: 0 kbps
   t=92s | buffer: 19.8s | bitrate: 100 kbps | tp: 871 kbps | trace_bw: 871 kbps
   t=102s | buffer: 25.7s | bitrate: 100 kbps | tp: 0 kbps | trace_bw: 0 kbps
   t=113s | buffer: 27.3s | bitrate: 100 kbps | tp: 1208 kbps | trace_bw: 1208 kbps

======================================================================
  BENCHMARK RESULTS (DASH / dash.js / BOLA)
======================================================================

  [TIMING]
      Startup delay:     2,912 ms
      Playback time:     120.5 s

  [BITRATE]
      Average (selected):  120 kbps
      Average (effective): 120 kbps
      Min / Max:           100 / 1,500 kbps
      Median:              100 kbps
      Std deviation:       156.0 kbps
      Variance:            24,350.0
      25th/75th %ile:      100 / 100 kbps

  [SWITCHES]
      Total count:       4
      Up / Down:         2 / 2
      Avg magnitude:     750 kbps

  [REBUFFERING]
      Events:            1
      Total time:        196 ms
      Ratio:             0.1625%
      Frequency:         0.498 per minute
      Avg duration:      196 ms
      Max duration:      196 ms

  [THROUGHPUT]
      Average:           1,913 kbps
      Median:            34 kbps
      Min / Max:         0 / 42,741 kbps
      Std deviation:     6,742.9 kbps

  [AVAILABLE BW (trace)]
      Average:           1,913 kbps
      Min / Max:         0 / 42,741 kbps
      Utilisation:       1.8%

  [BUFFER]
      Average level:     19.4 s
      Min / Max:         3.1 / 28.9 s

  [UTILIZATION]
      Bandwidth:         352.9%

======================================================================

[SAVED] results/results/run_all_20260517_165956/dash_5g-ireland/benchmark_dash_amazon_prime_driving_season3-theexpanse_B_2019_12_01_12_11_21_tc_20260517_183850.json

──────────────────────────────────────────────────────────────────────
  [9/83] amazon_prime_driving_season3-theexpanse_B_2019_12_01_13_05_00_tc.csv
──────────────────────────────────────────────────────────────────────
[TRACE] amazon_prime_driving_season3-theexpanse_B_2019_12_01_13_05_00_tc.csv
[DASH-SHAPER] Triggering tc-trace via /startShaping API...
[DASH-SHAPER] tc-trace.py starting in container

======================================================================
  DASH Streaming QoE Benchmark (dash.js / BOLA)
======================================================================
  Server: http://localhost:8080
======================================================================

[TRACE] Loaded 919 entries with bandwidth
[BROWSER] Launching headless Chromium...
[BROWSER-ERROR] Settings parameter streaming.timeouts is not supported
[BROWSER] Waiting for playback to start...
   Startup delay: 15028ms

[PLAYBACK] Collecting metrics...
   t=10s | buffer: 25.9s | bitrate: 100 kbps | tp: 11 kbps | trace_bw: 11 kbps
   t=21s | buffer: 27.6s | bitrate: 100 kbps | tp: 0 kbps | trace_bw: 0 kbps
   t=31s | buffer: 17.5s | bitrate: 100 kbps | tp: 5 kbps | trace_bw: 5 kbps
   t=41s | buffer: 27.1s | bitrate: 100 kbps | tp: 910 kbps | trace_bw: 910 kbps
   t=51s | buffer: 21.0s | bitrate: 100 kbps | tp: 0 kbps | trace_bw: 0 kbps
   t=61s | buffer: 18.7s | bitrate: 100 kbps | tp: 282 kbps | trace_bw: 282 kbps
   t=72s | buffer: 28.6s | bitrate: 100 kbps | tp: 282 kbps | trace_bw: 282 kbps
   t=82s | buffer: 26.2s | bitrate: 100 kbps | tp: 0 kbps | trace_bw: 0 kbps
   t=92s | buffer: 24.1s | bitrate: 100 kbps | tp: 279 kbps | trace_bw: 279 kbps
   t=102s | buffer: 25.8s | bitrate: 100 kbps | tp: 44 kbps | trace_bw: 44 kbps
   t=113s | buffer: 27.6s | bitrate: 100 kbps | tp: 66 kbps | trace_bw: 66 kbps

======================================================================
  BENCHMARK RESULTS (DASH / dash.js / BOLA)
======================================================================

  [TIMING]
      Startup delay:     15,028 ms
      Playback time:     120.2 s

  [BITRATE]
      Average (selected):  100 kbps
      Average (effective): 99 kbps
      Min / Max:           100 / 100 kbps
      Median:              100 kbps
      Std deviation:       0.0 kbps
      Variance:            0.0
      25th/75th %ile:      100 / 100 kbps

  [SWITCHES]
      Total count:       0
      Up / Down:         0 / 0
      Avg magnitude:     0 kbps

  [REBUFFERING]
      Events:            1
      Total time:        1,068 ms
      Ratio:             0.8804%
      Frequency:         0.499 per minute
      Avg duration:      1,068 ms
      Max duration:      1,068 ms

  [THROUGHPUT]
      Average:           1,538 kbps
      Median:            279 kbps
      Min / Max:         0 / 41,914 kbps
      Std deviation:     5,759.4 kbps

  [AVAILABLE BW (trace)]
      Average:           1,538 kbps
      Min / Max:         0 / 41,914 kbps
      Utilisation:       18.1%

  [BUFFER]
      Average level:     23.9 s
      Min / Max:         3.5 / 28.9 s

  [UTILIZATION]
      Bandwidth:         35.8%

======================================================================

[SAVED] results/results/run_all_20260517_165956/dash_5g-ireland/benchmark_dash_amazon_prime_driving_season3-theexpanse_B_2019_12_01_13_05_00_tc_20260517_184056.json

──────────────────────────────────────────────────────────────────────
  [10/83] amazon_prime_driving_season3-theexpanse_B_2019_12_02_07_26_15_tc.csv
──────────────────────────────────────────────────────────────────────
[TRACE] amazon_prime_driving_season3-theexpanse_B_2019_12_02_07_26_15_tc.csv
[DASH-SHAPER] Triggering tc-trace via /startShaping API...
[DASH-SHAPER] tc-trace.py starting in container

======================================================================
  DASH Streaming QoE Benchmark (dash.js / BOLA)
======================================================================
  Server: http://localhost:8080
======================================================================

[TRACE] Loaded 1904 entries with bandwidth
[BROWSER] Launching headless Chromium...
[BROWSER-ERROR] Settings parameter streaming.timeouts is not supported
[BROWSER] Waiting for playback to start...
   Startup delay: 33562ms

[PLAYBACK] Collecting metrics...
   t=10s | buffer: 1.8s | bitrate: 100 kbps | tp: 20374 kbps | trace_bw: 20374 kbps
   t=21s | buffer: 14.6s | bitrate: 100 kbps | tp: 1585 kbps | trace_bw: 1585 kbps
   t=31s | buffer: 28.3s | bitrate: 100 kbps | tp: 893 kbps | trace_bw: 893 kbps
   t=41s | buffer: 26.2s | bitrate: 100 kbps | tp: 2197 kbps | trace_bw: 2197 kbps
   t=51s | buffer: 27.8s | bitrate: 100 kbps | tp: 1391 kbps | trace_bw: 1391 kbps
   t=61s | buffer: 25.7s | bitrate: 100 kbps | tp: 0 kbps | trace_bw: 0 kbps
   t=72s | buffer: 27.6s | bitrate: 100 kbps | tp: 138 kbps | trace_bw: 138 kbps
   t=82s | buffer: 25.3s | bitrate: 100 kbps | tp: 0 kbps | trace_bw: 0 kbps
   t=92s | buffer: 27.2s | bitrate: 100 kbps | tp: 944 kbps | trace_bw: 944 kbps
   t=102s | buffer: 24.8s | bitrate: 100 kbps | tp: 277 kbps | trace_bw: 277 kbps
   t=112s | buffer: 26.7s | bitrate: 100 kbps | tp: 280 kbps | trace_bw: 280 kbps

======================================================================
  BENCHMARK RESULTS (DASH / dash.js / BOLA)
======================================================================

  [TIMING]
      Startup delay:     33,562 ms
      Playback time:     117.2 s

  [BITRATE]
      Average (selected):  100 kbps
      Average (effective): 97 kbps
      Min / Max:           100 / 100 kbps
      Median:              100 kbps
      Std deviation:       0.0 kbps
      Variance:            0.0
      25th/75th %ile:      100 / 100 kbps

  [SWITCHES]
      Total count:       0
      Up / Down:         0 / 0
      Avg magnitude:     0 kbps

  [REBUFFERING]
      Events:            2
      Total time:        3,186 ms
      Ratio:             2.6469%
      Frequency:         1.024 per minute
      Avg duration:      1,593 ms
      Max duration:      2,997 ms

  [THROUGHPUT]
      Average:           1,277 kbps
      Median:            278 kbps
      Min / Max:         0 / 36,962 kbps
      Std deviation:     4,437.1 kbps

  [AVAILABLE BW (trace)]
      Average:           1,277 kbps
      Min / Max:         0 / 36,962 kbps
      Utilisation:       21.8%

  [BUFFER]
      Average level:     22.5 s
      Min / Max:         0.1 / 28.9 s

  [UTILIZATION]
      Bandwidth:         36.0%

======================================================================

[SAVED] results/results/run_all_20260517_165956/dash_5g-ireland/benchmark_dash_amazon_prime_driving_season3-theexpanse_B_2019_12_02_07_26_15_tc_20260517_184315.json

──────────────────────────────────────────────────────────────────────
  [11/83] amazon_prime_driving_season3-theexpanse_B_2019_12_02_09_39_35_tc.csv
──────────────────────────────────────────────────────────────────────
[TRACE] amazon_prime_driving_season3-theexpanse_B_2019_12_02_09_39_35_tc.csv
[DASH-SHAPER] Triggering tc-trace via /startShaping API...
[DASH-SHAPER] tc-trace.py starting in container

======================================================================
  DASH Streaming QoE Benchmark (dash.js / BOLA)
======================================================================
  Server: http://localhost:8080
======================================================================

[TRACE] Loaded 1019 entries with bandwidth
[BROWSER] Launching headless Chromium...
[BROWSER-ERROR] Settings parameter streaming.timeouts is not supported
[BROWSER] Waiting for playback to start...
   Startup delay: 3610ms

[PLAYBACK] Collecting metrics...
   t=10s | buffer: 14.0s | bitrate: 100 kbps | tp: 34727 kbps | trace_bw: 34727 kbps
   t=20s | buffer: 15.6s | bitrate: 100 kbps | tp: 0 kbps | trace_bw: 0 kbps
   t=31s | buffer: 21.5s | bitrate: 100 kbps | tp: 0 kbps | trace_bw: 0 kbps
   t=41s | buffer: 27.2s | bitrate: 100 kbps | tp: 0 kbps | trace_bw: 0 kbps
   t=51s | buffer: 25.1s | bitrate: 100 kbps | tp: 3331 kbps | trace_bw: 3331 kbps
   t=61s | buffer: 26.7s | bitrate: 100 kbps | tp: 379 kbps | trace_bw: 379 kbps
   t=72s | buffer: 20.6s | bitrate: 100 kbps | tp: 2155 kbps | trace_bw: 2155 kbps
   t=82s | buffer: 22.3s | bitrate: 100 kbps | tp: 271 kbps | trace_bw: 271 kbps
   t=92s | buffer: 24.2s | bitrate: 100 kbps | tp: 0 kbps | trace_bw: 0 kbps
   t=102s | buffer: 25.8s | bitrate: 100 kbps | tp: 0 kbps | trace_bw: 0 kbps
   t=112s | buffer: 23.7s | bitrate: 100 kbps | tp: 0 kbps | trace_bw: 0 kbps

======================================================================
  BENCHMARK RESULTS (DASH / dash.js / BOLA)
======================================================================

  [TIMING]
      Startup delay:     3,610 ms
      Playback time:     120.1 s

  [BITRATE]
      Average (selected):  100 kbps
      Average (effective): 100 kbps
      Min / Max:           100 / 100 kbps
      Median:              100 kbps
      Std deviation:       0.0 kbps
      Variance:            0.0
      25th/75th %ile:      100 / 100 kbps

  [SWITCHES]
      Total count:       0
      Up / Down:         0 / 0
      Avg magnitude:     0 kbps

  [REBUFFERING]
      Events:            1
      Total time:        327 ms
      Ratio:             0.2715%
      Frequency:         0.500 per minute
      Avg duration:      327 ms
      Max duration:      327 ms

  [THROUGHPUT]
      Average:           2,241 kbps
      Median:            275 kbps
      Min / Max:         0 / 38,430 kbps
      Std deviation:     6,426.1 kbps

  [AVAILABLE BW (trace)]
      Average:           2,241 kbps
      Min / Max:         0 / 38,430 kbps
      Utilisation:       12.3%

  [BUFFER]
      Average level:     22.8 s
      Min / Max:         3.5 / 28.9 s

  [UTILIZATION]
      Bandwidth:         36.4%

======================================================================

[SAVED] results/results/run_all_20260517_165956/dash_5g-ireland/benchmark_dash_amazon_prime_driving_season3-theexpanse_B_2019_12_02_09_39_35_tc_20260517_184552.json

──────────────────────────────────────────────────────────────────────
  [12/83] amazon_prime_driving_season3-theexpanse_B_2019_12_02_12_41_17_tc.csv
──────────────────────────────────────────────────────────────────────
[TRACE] amazon_prime_driving_season3-theexpanse_B_2019_12_02_12_41_17_tc.csv
[DASH-SHAPER] Triggering tc-trace via /startShaping API...
[DASH-SHAPER] tc-trace.py starting in container

======================================================================
  DASH Streaming QoE Benchmark (dash.js / BOLA)
======================================================================
  Server: http://localhost:8080
======================================================================

[TRACE] Loaded 1169 entries with bandwidth
[BROWSER] Launching headless Chromium...
[BROWSER-ERROR] Settings parameter streaming.timeouts is not supported
[BROWSER] Waiting for playback to start...
   Startup delay: 16833ms

[PLAYBACK] Collecting metrics...
   t=10s | buffer: 15.6s | bitrate: 100 kbps | tp: 16686 kbps | trace_bw: 16686 kbps
   t=21s | buffer: 5.3s | bitrate: 600 kbps | tp: 0 kbps | trace_bw: 0 kbps
   t=31s | buffer: 2.9s | bitrate: 3000 kbps | tp: 6008 kbps | trace_bw: 6008 kbps
   t=41s | buffer: 0.1s | bitrate: 3000 kbps | tp: 0 kbps | trace_bw: 0 kbps
   t=52s | buffer: 5.0s | bitrate: 100 kbps | tp: 0 kbps | trace_bw: 0 kbps
   t=62s | buffer: 3.7s | bitrate: 200 kbps | tp: 0 kbps | trace_bw: 0 kbps
   t=72s | buffer: 0.1s | bitrate: 100 kbps | tp: 280 kbps | trace_bw: 280 kbps
   t=82s | buffer: 3.3s | bitrate: 200 kbps | tp: 3164 kbps | trace_bw: 3164 kbps
   t=93s | buffer: 17.0s | bitrate: 100 kbps | tp: 6001 kbps | trace_bw: 6001 kbps
   t=103s | buffer: 22.9s | bitrate: 100 kbps | tp: 0 kbps | trace_bw: 0 kbps
   t=113s | buffer: 24.5s | bitrate: 100 kbps | tp: 1046 kbps | trace_bw: 1046 kbps
Error occurred in event listener
Traceback (most recent call last):
  File "/home/ajhunjh1/.local/lib/python3.8/site-packages/playwright/_impl/_helper.py", line 296, in handle
    return await self._handle_internal(route)
  File "/home/ajhunjh1/.local/lib/python3.8/site-packages/playwright/_impl/_helper.py", line 332, in _handle_internal
    await handler_finished_future
  File "/home/ajhunjh1/.local/lib/python3.8/site-packages/playwright/_impl/_helper.py", line 323, in _handler
    self.handler(route, route.request)  # type: ignore
  File "/home/ajhunjh1/.local/lib/python3.8/site-packages/playwright/_impl/_impl_to_api_mapping.py", line 123, in wrapper_func
    return handler(
  File "benchmark.py", line 483, in _patch_dash_html
    resp = route.fetch()
  File "/home/ajhunjh1/.local/lib/python3.8/site-packages/playwright/sync_api/_generated.py", line 804, in fetch
    self._sync(
  File "/home/ajhunjh1/.local/lib/python3.8/site-packages/playwright/_impl/_sync_base.py", line 115, in _sync
    return task.result()
  File "/home/ajhunjh1/.local/lib/python3.8/site-packages/playwright/_impl/_network.py", line 457, in fetch
    return await self._connection.wrap_api_call(
  File "/home/ajhunjh1/.local/lib/python3.8/site-packages/playwright/_impl/_connection.py", line 520, in wrap_api_call
    raise rewrite_error(error, f"{parsed_st['apiName']}: {error}") from None
playwright._impl._errors.TargetClosedError: Route.fetch: Target page, context or browser has been closed

During handling of the above exception, another exception occurred:

Traceback (most recent call last):
  File "/home/ajhunjh1/.local/lib/python3.8/site-packages/playwright/_impl/_page.py", line 297, in _on_route
    handled = await route_handler.handle(route)
  File "/home/ajhunjh1/.local/lib/python3.8/site-packages/playwright/_impl/_helper.py", line 305, in handle
    raise rewrite_error(
playwright._impl._errors.TargetClosedError: "Route.fetch: Target page, context or browser has been closed" while running route callback.
Consider awaiting `page.unroute_all(behavior='ignoreErrors')`
before the end of the test to ignore remaining routes in flight.

======================================================================
  BENCHMARK RESULTS (DASH / dash.js / BOLA)
======================================================================

  [TIMING]
      Startup delay:     16,833 ms
      Playback time:     94.7 s

  [BITRATE]
      Average (selected):  495 kbps
      Average (effective): 389 kbps
      Min / Max:           100 / 4,500 kbps
      Median:              100 kbps
      Std deviation:       1,074.7 kbps
      Variance:            1,155,033.8
      25th/75th %ile:      100 / 200 kbps

  [SWITCHES]
      Total count:       16
      Up / Down:         7 / 9
      Avg magnitude:     1,275 kbps

  [REBUFFERING]
      Events:            6
      Total time:        25,665 ms
      Ratio:             21.3156%
      Frequency:         3.800 per minute
      Avg duration:      4,278 ms
      Max duration:      10,972 ms

  [THROUGHPUT]
      Average:           2,979 kbps
      Median:            278 kbps
      Min / Max:         0 / 35,149 kbps
      Std deviation:     6,636.3 kbps

  [AVAILABLE BW (trace)]
      Average:           2,979 kbps
      Min / Max:         0 / 35,149 kbps
      Utilisation:       9.3%

  [BUFFER]
      Average level:     8.6 s
      Min / Max:         0.1 / 28.5 s

  [UTILIZATION]
      Bandwidth:         178.0%

======================================================================

[SAVED] results/results/run_all_20260517_165956/dash_5g-ireland/benchmark_dash_amazon_prime_driving_season3-theexpanse_B_2019_12_02_12_41_17_tc_20260517_184800.json

──────────────────────────────────────────────────────────────────────
  [13/83] amazon_prime_driving_season3-theexpanse_B_2019_12_03_07_29_22_tc.csv
──────────────────────────────────────────────────────────────────────
[TRACE] amazon_prime_driving_season3-theexpanse_B_2019_12_03_07_29_22_tc.csv
[DASH-SHAPER] Triggering tc-trace via /startShaping API...
[DASH-SHAPER] tc-trace.py starting in container

======================================================================
  DASH Streaming QoE Benchmark (dash.js / BOLA)
======================================================================
  Server: http://localhost:8080
======================================================================

[TRACE] Loaded 1655 entries with bandwidth
[BROWSER] Launching headless Chromium...
[BROWSER-ERROR] Settings parameter streaming.timeouts is not supported
[BROWSER] Waiting for playback to start...
   Startup delay: 18273ms

[PLAYBACK] Collecting metrics...
   t=10s | buffer: 25.8s | bitrate: 100 kbps | tp: 0 kbps | trace_bw: 0 kbps
   t=20s | buffer: 19.7s | bitrate: 100 kbps | tp: 1 kbps | trace_bw: 1 kbps
   t=31s | buffer: 9.4s | bitrate: 100 kbps | tp: 4857 kbps | trace_bw: 4857 kbps
   t=41s | buffer: 3.3s | bitrate: 100 kbps | tp: 0 kbps | trace_bw: 0 kbps
   t=51s | buffer: 12.9s | bitrate: 100 kbps | tp: 2127 kbps | trace_bw: 2127 kbps
   t=61s | buffer: 22.8s | bitrate: 100 kbps | tp: 273 kbps | trace_bw: 273 kbps
   t=72s | buffer: 28.5s | bitrate: 100 kbps | tp: 283 kbps | trace_bw: 283 kbps
   t=82s | buffer: 26.4s | bitrate: 100 kbps | tp: 0 kbps | trace_bw: 0 kbps
   t=92s | buffer: 24.0s | bitrate: 100 kbps | tp: 0 kbps | trace_bw: 0 kbps
   t=102s | buffer: 17.9s | bitrate: 100 kbps | tp: 0 kbps | trace_bw: 0 kbps
   t=112s | buffer: 27.6s | bitrate: 100 kbps | tp: 277 kbps | trace_bw: 277 kbps

======================================================================
  BENCHMARK RESULTS (DASH / dash.js / BOLA)
======================================================================

  [TIMING]
      Startup delay:     18,273 ms
      Playback time:     120.2 s

  [BITRATE]
      Average (selected):  100 kbps
      Average (effective): 100 kbps
      Min / Max:           100 / 100 kbps
      Median:              100 kbps
      Std deviation:       0.0 kbps
      Variance:            0.0
      25th/75th %ile:      100 / 100 kbps

  [SWITCHES]
      Total count:       0
      Up / Down:         0 / 0
      Avg magnitude:     0 kbps

  [REBUFFERING]
      Events:            1
      Total time:        200 ms
      Ratio:             0.1661%
      Frequency:         0.499 per minute
      Avg duration:      200 ms
      Max duration:      200 ms

  [THROUGHPUT]
      Average:           1,835 kbps
      Median:            273 kbps
      Min / Max:         0 / 48,195 kbps
      Std deviation:     5,765.0 kbps

  [AVAILABLE BW (trace)]
      Average:           1,835 kbps
      Min / Max:         0 / 48,195 kbps
      Utilisation:       14.9%

  [BUFFER]
      Average level:     19.9 s
      Min / Max:         0.9 / 28.8 s

  [UTILIZATION]
      Bandwidth:         36.6%

======================================================================

[SAVED] results/results/run_all_20260517_165956/dash_5g-ireland/benchmark_dash_amazon_prime_driving_season3-theexpanse_B_2019_12_03_07_29_22_tc_20260517_185020.json

──────────────────────────────────────────────────────────────────────
  [14/83] amazon_prime_driving_season3-theexpanse_B_2019_12_03_10_42_14_tc.csv
──────────────────────────────────────────────────────────────────────
[TRACE] amazon_prime_driving_season3-theexpanse_B_2019_12_03_10_42_14_tc.csv
[DASH-SHAPER] Triggering tc-trace via /startShaping API...
[DASH-SHAPER] tc-trace.py starting in container

======================================================================
  DASH Streaming QoE Benchmark (dash.js / BOLA)
======================================================================
  Server: http://localhost:8080
======================================================================

[TRACE] Loaded 863 entries with bandwidth
[BROWSER] Launching headless Chromium...
[BROWSER-ERROR] Settings parameter streaming.timeouts is not supported
[BROWSER] Waiting for playback to start...
   Startup delay: 4818ms

[PLAYBACK] Collecting metrics...
   t=10s | buffer: 0.1s | bitrate: 100 kbps | tp: 3 kbps | trace_bw: 3 kbps
   t=20s | buffer: 27.5s | bitrate: 100 kbps | tp: 11111 kbps | trace_bw: 11111 kbps
   t=31s | buffer: 17.2s | bitrate: 100 kbps | tp: 1857 kbps | trace_bw: 1857 kbps
   t=41s | buffer: 7.1s | bitrate: 100 kbps | tp: 280 kbps | trace_bw: 280 kbps
   t=51s | buffer: 4.7s | bitrate: 200 kbps | tp: 0 kbps | trace_bw: 0 kbps
   t=61s | buffer: 14.6s | bitrate: 100 kbps | tp: 0 kbps | trace_bw: 0 kbps
   t=72s | buffer: 24.3s | bitrate: 100 kbps | tp: 282 kbps | trace_bw: 282 kbps
   t=82s | buffer: 22.2s | bitrate: 100 kbps | tp: 0 kbps | trace_bw: 0 kbps
   t=92s | buffer: 27.8s | bitrate: 100 kbps | tp: 277 kbps | trace_bw: 277 kbps
   t=102s | buffer: 25.7s | bitrate: 100 kbps | tp: 281 kbps | trace_bw: 281 kbps
   t=113s | buffer: 27.4s | bitrate: 100 kbps | tp: 0 kbps | trace_bw: 0 kbps

======================================================================
  BENCHMARK RESULTS (DASH / dash.js / BOLA)
======================================================================

  [TIMING]
      Startup delay:     4,818 ms
      Playback time:     116.4 s

  [BITRATE]
      Average (selected):  111 kbps
      Average (effective): 107 kbps
      Min / Max:           100 / 400 kbps
      Median:              100 kbps
      Std deviation:       47.9 kbps
      Variance:            2,292.1
      25th/75th %ile:      100 / 100 kbps

  [SWITCHES]
      Total count:       6
      Up / Down:         3 / 3
      Avg magnitude:     167 kbps

  [REBUFFERING]
      Events:            2
      Total time:        4,101 ms
      Ratio:             3.4045%
      Frequency:         1.031 per minute
      Avg duration:      2,050 ms
      Max duration:      3,909 ms

  [THROUGHPUT]
      Average:           1,634 kbps
      Median:            278 kbps
      Min / Max:         0 / 45,774 kbps
      Std deviation:     5,565.9 kbps

  [AVAILABLE BW (trace)]
      Average:           1,634 kbps
      Min / Max:         0 / 45,774 kbps
      Utilisation:       17.0%

  [BUFFER]
      Average level:     17.6 s
      Min / Max:         0.1 / 28.7 s

  [UTILIZATION]
      Bandwidth:         39.9%

======================================================================

[SAVED] results/results/run_all_20260517_165956/dash_5g-ireland/benchmark_dash_amazon_prime_driving_season3-theexpanse_B_2019_12_03_10_42_14_tc_20260517_185242.json

──────────────────────────────────────────────────────────────────────
  [15/83] amazon_prime_driving_season3-theexpanse_B_2019_12_03_13_58_03_tc.csv
──────────────────────────────────────────────────────────────────────
[TRACE] amazon_prime_driving_season3-theexpanse_B_2019_12_03_13_58_03_tc.csv
[DASH-SHAPER] Triggering tc-trace via /startShaping API...
[DASH-SHAPER] tc-trace.py starting in container

======================================================================
  DASH Streaming QoE Benchmark (dash.js / BOLA)
======================================================================
  Server: http://localhost:8080
======================================================================

[TRACE] Loaded 2886 entries with bandwidth
[BROWSER] Launching headless Chromium...
[BROWSER-ERROR] Settings parameter streaming.timeouts is not supported
[BROWSER] Waiting for playback to start...
   Startup delay: 4323ms

[PLAYBACK] Collecting metrics...
   t=10s | buffer: 17.9s | bitrate: 100 kbps | tp: 4384 kbps | trace_bw: 4384 kbps
   t=20s | buffer: 15.5s | bitrate: 100 kbps | tp: 306 kbps | trace_bw: 306 kbps
   t=31s | buffer: 13.4s | bitrate: 100 kbps | tp: 285 kbps | trace_bw: 285 kbps
   t=41s | buffer: 27.1s | bitrate: 100 kbps | tp: 280 kbps | trace_bw: 280 kbps
   t=51s | buffer: 25.0s | bitrate: 100 kbps | tp: 1669 kbps | trace_bw: 1669 kbps
   t=61s | buffer: 26.6s | bitrate: 100 kbps | tp: 282 kbps | trace_bw: 282 kbps
   t=72s | buffer: 24.5s | bitrate: 100 kbps | tp: 1779 kbps | trace_bw: 1779 kbps
   t=82s | buffer: 26.4s | bitrate: 100 kbps | tp: 283 kbps | trace_bw: 283 kbps
   t=92s | buffer: 24.1s | bitrate: 100 kbps | tp: 0 kbps | trace_bw: 0 kbps
   t=102s | buffer: 26.0s | bitrate: 100 kbps | tp: 100 kbps | trace_bw: 100 kbps
   t=112s | buffer: 23.6s | bitrate: 100 kbps | tp: 1958 kbps | trace_bw: 1958 kbps

======================================================================
  BENCHMARK RESULTS (DASH / dash.js / BOLA)
======================================================================

  [TIMING]
      Startup delay:     4,323 ms
      Playback time:     120.2 s

  [BITRATE]
      Average (selected):  100 kbps
      Average (effective): 99 kbps
      Min / Max:           100 / 100 kbps
      Median:              100 kbps
      Std deviation:       0.0 kbps
      Variance:            0.0
      25th/75th %ile:      100 / 100 kbps

  [SWITCHES]
      Total count:       0
      Up / Down:         0 / 0
      Avg magnitude:     0 kbps

  [REBUFFERING]
      Events:            1
      Total time:        1,025 ms
      Ratio:             0.8458%
      Frequency:         0.499 per minute
      Avg duration:      1,025 ms
      Max duration:      1,025 ms

  [THROUGHPUT]
      Average:           1,485 kbps
      Median:            283 kbps
      Min / Max:         0 / 21,442 kbps
      Std deviation:     3,131.4 kbps

  [AVAILABLE BW (trace)]
      Average:           1,485 kbps
      Min / Max:         0 / 21,442 kbps
      Utilisation:       19.1%

  [BUFFER]
      Average level:     22.1 s
      Min / Max:         3.2 / 28.9 s

  [UTILIZATION]
      Bandwidth:         35.3%

======================================================================

[SAVED] results/results/run_all_20260517_165956/dash_5g-ireland/benchmark_dash_amazon_prime_driving_season3-theexpanse_B_2019_12_03_13_58_03_tc_20260517_185451.json

──────────────────────────────────────────────────────────────────────
  [16/83] amazon_prime_driving_season3-theexpanse_B_2019_12_04_07_26_30_tc.csv
──────────────────────────────────────────────────────────────────────
[TRACE] amazon_prime_driving_season3-theexpanse_B_2019_12_04_07_26_30_tc.csv
[DASH-SHAPER] Triggering tc-trace via /startShaping API...
[DASH-SHAPER] tc-trace.py starting in container

======================================================================
  DASH Streaming QoE Benchmark (dash.js / BOLA)
======================================================================
  Server: http://localhost:8080
======================================================================

[TRACE] Loaded 2934 entries with bandwidth
[BROWSER] Launching headless Chromium...
[BROWSER-ERROR] Settings parameter streaming.timeouts is not supported
[BROWSER] Waiting for playback to start...
   Startup delay: 21806ms

[PLAYBACK] Collecting metrics...
   t=10s | buffer: 25.9s | bitrate: 100 kbps | tp: 36 kbps | trace_bw: 36 kbps
   t=21s | buffer: 27.5s | bitrate: 100 kbps | tp: 43700 kbps | trace_bw: 43700 kbps
   t=31s | buffer: 25.4s | bitrate: 100 kbps | tp: 2802 kbps | trace_bw: 2802 kbps
   t=41s | buffer: 27.0s | bitrate: 100 kbps | tp: 0 kbps | trace_bw: 0 kbps
   t=51s | buffer: 24.9s | bitrate: 100 kbps | tp: 0 kbps | trace_bw: 0 kbps
   t=61s | buffer: 26.6s | bitrate: 100 kbps | tp: 2507 kbps | trace_bw: 2507 kbps
   t=72s | buffer: 28.5s | bitrate: 100 kbps | tp: 0 kbps | trace_bw: 0 kbps
   t=82s | buffer: 26.1s | bitrate: 100 kbps | tp: 326 kbps | trace_bw: 326 kbps
   t=92s | buffer: 28.0s | bitrate: 100 kbps | tp: 0 kbps | trace_bw: 0 kbps
   t=102s | buffer: 21.9s | bitrate: 100 kbps | tp: 0 kbps | trace_bw: 0 kbps
   t=113s | buffer: 11.6s | bitrate: 100 kbps | tp: 273 kbps | trace_bw: 273 kbps
Error occurred in event listener
Traceback (most recent call last):
  File "/home/ajhunjh1/.local/lib/python3.8/site-packages/playwright/_impl/_helper.py", line 296, in handle
    return await self._handle_internal(route)
  File "/home/ajhunjh1/.local/lib/python3.8/site-packages/playwright/_impl/_helper.py", line 332, in _handle_internal
    await handler_finished_future
  File "/home/ajhunjh1/.local/lib/python3.8/site-packages/playwright/_impl/_helper.py", line 323, in _handler
    self.handler(route, route.request)  # type: ignore
  File "/home/ajhunjh1/.local/lib/python3.8/site-packages/playwright/_impl/_impl_to_api_mapping.py", line 123, in wrapper_func
    return handler(
  File "benchmark.py", line 483, in _patch_dash_html
    resp = route.fetch()
  File "/home/ajhunjh1/.local/lib/python3.8/site-packages/playwright/sync_api/_generated.py", line 804, in fetch
    self._sync(
  File "/home/ajhunjh1/.local/lib/python3.8/site-packages/playwright/_impl/_sync_base.py", line 115, in _sync
    return task.result()
  File "/home/ajhunjh1/.local/lib/python3.8/site-packages/playwright/_impl/_network.py", line 457, in fetch
    return await self._connection.wrap_api_call(
  File "/home/ajhunjh1/.local/lib/python3.8/site-packages/playwright/_impl/_connection.py", line 520, in wrap_api_call
    raise rewrite_error(error, f"{parsed_st['apiName']}: {error}") from None
playwright._impl._errors.TargetClosedError: Route.fetch: Target page, context or browser has been closed
Call log:
→ GET http://localhost:8080/chunk-stream0-00034.m4s
  -   user-agent: Mozilla/5.0 (X11; Linux x86_64) AppleWebKit/537.36 (KHTML, like Gecko) HeadlessChrome/112.0.5615.49 Safari/537.36
  -   accept: */*
  -   accept-encoding: gzip,deflate,br
  -   referer: http://localhost:8080/
  -   sec-ch-ua: 
  -   sec-ch-ua-mobile: ?0
  -   sec-ch-ua-platform: ""


During handling of the above exception, another exception occurred:

Traceback (most recent call last):
  File "/home/ajhunjh1/.local/lib/python3.8/site-packages/playwright/_impl/_page.py", line 297, in _on_route
    handled = await route_handler.handle(route)
  File "/home/ajhunjh1/.local/lib/python3.8/site-packages/playwright/_impl/_helper.py", line 305, in handle
    raise rewrite_error(
playwright._impl._errors.TargetClosedError: "Route.fetch: Target page, context or browser has been closed
Call log:
→ GET http://localhost:8080/chunk-stream0-00034.m4s
  -   user-agent: Mozilla/5.0 (X11; Linux x86_64) AppleWebKit/537.36 (KHTML, like Gecko) HeadlessChrome/112.0.5615.49 Safari/537.36
  -   accept: */*
  -   accept-encoding: gzip,deflate,br
  -   referer: http://localhost:8080/
  -   sec-ch-ua: 
  -   sec-ch-ua-mobile: ?0
  -   sec-ch-ua-platform: ""
" while running route callback.
Consider awaiting `page.unroute_all(behavior='ignoreErrors')`
before the end of the test to ignore remaining routes in flight.

======================================================================
  BENCHMARK RESULTS (DASH / dash.js / BOLA)
======================================================================

  [TIMING]
      Startup delay:     21,806 ms
      Playback time:     120.3 s

  [BITRATE]
      Average (selected):  101 kbps
      Average (effective): 101 kbps
      Min / Max:           100 / 200 kbps
      Median:              100 kbps
      Std deviation:       11.1 kbps
      Variance:            123.4
      25th/75th %ile:      100 / 100 kbps

  [SWITCHES]
      Total count:       2
      Up / Down:         1 / 1
      Avg magnitude:     100 kbps

  [REBUFFERING]
      Events:            1
      Total time:        197 ms
      Ratio:             0.1636%
      Frequency:         0.499 per minute
      Avg duration:      197 ms
      Max duration:      197 ms

  [THROUGHPUT]
      Average:           1,535 kbps
      Median:            271 kbps
      Min / Max:         0 / 43,700 kbps
      Std deviation:     5,783.4 kbps

  [AVAILABLE BW (trace)]
      Average:           1,535 kbps
      Min / Max:         0 / 43,700 kbps
      Utilisation:       17.7%

  [BUFFER]
      Average level:     22.9 s
      Min / Max:         3.7 / 28.9 s

  [UTILIZATION]
      Bandwidth:         37.4%

======================================================================

[SAVED] results/results/run_all_20260517_165956/dash_5g-ireland/benchmark_dash_amazon_prime_driving_season3-theexpanse_B_2019_12_04_07_26_30_tc_20260517_185659.json

──────────────────────────────────────────────────────────────────────
  [17/83] amazon_prime_driving_season3-theexpanse_B_2019_12_04_11_58_01_tc.csv
──────────────────────────────────────────────────────────────────────
[TRACE] amazon_prime_driving_season3-theexpanse_B_2019_12_04_11_58_01_tc.csv
[DASH-SHAPER] Triggering tc-trace via /startShaping API...
[DASH-SHAPER] tc-trace.py starting in container

======================================================================
  DASH Streaming QoE Benchmark (dash.js / BOLA)
======================================================================
  Server: http://localhost:8080
======================================================================

[TRACE] Loaded 1394 entries with bandwidth
[BROWSER] Launching headless Chromium...
[BROWSER-ERROR] Settings parameter streaming.timeouts is not supported
[BROWSER] Waiting for playback to start...
   Startup delay: 3175ms

[PLAYBACK] Collecting metrics...
   t=10s | buffer: 18.0s | bitrate: 100 kbps | tp: 7242 kbps | trace_bw: 7242 kbps
   t=20s | buffer: 15.6s | bitrate: 100 kbps | tp: 12080 kbps | trace_bw: 12080 kbps
   t=31s | buffer: 5.3s | bitrate: 100 kbps | tp: 285 kbps | trace_bw: 285 kbps
   t=41s | buffer: 2.1s | bitrate: 100 kbps | tp: 285 kbps | trace_bw: 285 kbps
   t=51s | buffer: 17.5s | bitrate: 100 kbps | tp: 1018 kbps | trace_bw: 1018 kbps
   t=62s | buffer: 27.2s | bitrate: 100 kbps | tp: 102 kbps | trace_bw: 102 kbps
   t=72s | buffer: 25.1s | bitrate: 100 kbps | tp: 0 kbps | trace_bw: 0 kbps
   t=82s | buffer: 26.7s | bitrate: 100 kbps | tp: 278 kbps | trace_bw: 278 kbps
   t=92s | buffer: 24.6s | bitrate: 100 kbps | tp: 0 kbps | trace_bw: 0 kbps
   t=103s | buffer: 26.3s | bitrate: 100 kbps | tp: 839 kbps | trace_bw: 839 kbps
   t=113s | buffer: 24.2s | bitrate: 100 kbps | tp: 0 kbps | trace_bw: 0 kbps

======================================================================
  BENCHMARK RESULTS (DASH / dash.js / BOLA)
======================================================================

  [TIMING]
      Startup delay:     3,175 ms
      Playback time:     115.2 s

  [BITRATE]
      Average (selected):  176 kbps
      Average (effective): 168 kbps
      Min / Max:           100 / 4,500 kbps
      Median:              100 kbps
      Std deviation:       557.5 kbps
      Variance:            310,859.8
      25th/75th %ile:      100 / 100 kbps

  [SWITCHES]
      Total count:       7
      Up / Down:         3 / 4
      Avg magnitude:     1,314 kbps

  [REBUFFERING]
      Events:            3
      Total time:        5,265 ms
      Ratio:             4.3717%
      Frequency:         1.563 per minute
      Avg duration:      1,755 ms
      Max duration:      3,264 ms

  [THROUGHPUT]
      Average:           1,501 kbps
      Median:            282 kbps
      Min / Max:         0 / 14,602 kbps
      Std deviation:     3,290.0 kbps

  [AVAILABLE BW (trace)]
      Average:           1,501 kbps
      Min / Max:         0 / 14,602 kbps
      Utilisation:       18.8%

  [BUFFER]
      Average level:     18.7 s
      Min / Max:         0.1 / 28.9 s

  [UTILIZATION]
      Bandwidth:         62.4%

======================================================================

[SAVED] results/results/run_all_20260517_165956/dash_5g-ireland/benchmark_dash_amazon_prime_driving_season3-theexpanse_B_2019_12_04_11_58_01_tc_20260517_185924.json

──────────────────────────────────────────────────────────────────────
  [18/83] amazon_prime_driving_season3-theexpanse_B_2019_12_04_14_24_21_tc.csv
──────────────────────────────────────────────────────────────────────
[TRACE] amazon_prime_driving_season3-theexpanse_B_2019_12_04_14_24_21_tc.csv
[DASH-SHAPER] Triggering tc-trace via /startShaping API...
[DASH-SHAPER] tc-trace.py starting in container

======================================================================
  DASH Streaming QoE Benchmark (dash.js / BOLA)
======================================================================
  Server: http://localhost:8080
======================================================================

[TRACE] Loaded 1012 entries with bandwidth
[BROWSER] Launching headless Chromium...
[BROWSER-ERROR] Settings parameter streaming.timeouts is not supported
[BROWSER] Waiting for playback to start...
   Startup delay: 3897ms

[PLAYBACK] Collecting metrics...
   t=10s | buffer: 17.8s | bitrate: 100 kbps | tp: 2309 kbps | trace_bw: 2309 kbps
   t=20s | buffer: 15.8s | bitrate: 100 kbps | tp: 0 kbps | trace_bw: 0 kbps
   t=31s | buffer: 25.4s | bitrate: 100 kbps | tp: 272 kbps | trace_bw: 272 kbps
   t=41s | buffer: 27.0s | bitrate: 100 kbps | tp: 274 kbps | trace_bw: 274 kbps
   t=51s | buffer: 24.9s | bitrate: 100 kbps | tp: 405 kbps | trace_bw: 405 kbps
   t=61s | buffer: 26.6s | bitrate: 100 kbps | tp: 2260 kbps | trace_bw: 2260 kbps
   t=72s | buffer: 28.4s | bitrate: 100 kbps | tp: 275 kbps | trace_bw: 275 kbps
   t=82s | buffer: 22.1s | bitrate: 100 kbps | tp: 0 kbps | trace_bw: 0 kbps
   t=92s | buffer: 24.0s | bitrate: 100 kbps | tp: 275 kbps | trace_bw: 275 kbps
   t=102s | buffer: 25.7s | bitrate: 100 kbps | tp: 271 kbps | trace_bw: 271 kbps
   t=113s | buffer: 27.6s | bitrate: 100 kbps | tp: 4034 kbps | trace_bw: 4034 kbps
Error occurred in event listener
Traceback (most recent call last):
  File "/home/ajhunjh1/.local/lib/python3.8/site-packages/playwright/_impl/_helper.py", line 296, in handle
    return await self._handle_internal(route)
  File "/home/ajhunjh1/.local/lib/python3.8/site-packages/playwright/_impl/_helper.py", line 332, in _handle_internal
    await handler_finished_future
  File "/home/ajhunjh1/.local/lib/python3.8/site-packages/playwright/_impl/_helper.py", line 323, in _handler
    self.handler(route, route.request)  # type: ignore
  File "/home/ajhunjh1/.local/lib/python3.8/site-packages/playwright/_impl/_impl_to_api_mapping.py", line 123, in wrapper_func
    return handler(
  File "benchmark.py", line 483, in _patch_dash_html
    resp = route.fetch()
  File "/home/ajhunjh1/.local/lib/python3.8/site-packages/playwright/sync_api/_generated.py", line 804, in fetch
    self._sync(
  File "/home/ajhunjh1/.local/lib/python3.8/site-packages/playwright/_impl/_sync_base.py", line 115, in _sync
    return task.result()
  File "/home/ajhunjh1/.local/lib/python3.8/site-packages/playwright/_impl/_network.py", line 457, in fetch
    return await self._connection.wrap_api_call(
  File "/home/ajhunjh1/.local/lib/python3.8/site-packages/playwright/_impl/_connection.py", line 520, in wrap_api_call
    raise rewrite_error(error, f"{parsed_st['apiName']}: {error}") from None
playwright._impl._errors.TargetClosedError: Route.fetch: Target page, context or browser has been closed
Call log:
→ GET http://localhost:8080/chunk-stream0-00036.m4s
  -   user-agent: Mozilla/5.0 (X11; Linux x86_64) AppleWebKit/537.36 (KHTML, like Gecko) HeadlessChrome/112.0.5615.49 Safari/537.36
  -   accept: */*
  -   accept-encoding: gzip,deflate,br
  -   referer: http://localhost:8080/
  -   sec-ch-ua: 
  -   sec-ch-ua-mobile: ?0
  -   sec-ch-ua-platform: ""


During handling of the above exception, another exception occurred:

Traceback (most recent call last):
  File "/home/ajhunjh1/.local/lib/python3.8/site-packages/playwright/_impl/_page.py", line 297, in _on_route
    handled = await route_handler.handle(route)
  File "/home/ajhunjh1/.local/lib/python3.8/site-packages/playwright/_impl/_helper.py", line 305, in handle
    raise rewrite_error(
playwright._impl._errors.TargetClosedError: "Route.fetch: Target page, context or browser has been closed
Call log:
→ GET http://localhost:8080/chunk-stream0-00036.m4s
  -   user-agent: Mozilla/5.0 (X11; Linux x86_64) AppleWebKit/537.36 (KHTML, like Gecko) HeadlessChrome/112.0.5615.49 Safari/537.36
  -   accept: */*
  -   accept-encoding: gzip,deflate,br
  -   referer: http://localhost:8080/
  -   sec-ch-ua: 
  -   sec-ch-ua-mobile: ?0
  -   sec-ch-ua-platform: ""
" while running route callback.
Consider awaiting `page.unroute_all(behavior='ignoreErrors')`
before the end of the test to ignore remaining routes in flight.

======================================================================
  BENCHMARK RESULTS (DASH / dash.js / BOLA)
======================================================================

  [TIMING]
      Startup delay:     3,897 ms
      Playback time:     120.3 s

  [BITRATE]
      Average (selected):  100 kbps
      Average (effective): 100 kbps
      Min / Max:           100 / 100 kbps
      Median:              100 kbps
      Std deviation:       0.0 kbps
      Variance:            0.0
      25th/75th %ile:      100 / 100 kbps

  [SWITCHES]
      Total count:       0
      Up / Down:         0 / 0
      Avg magnitude:     0 kbps

  [REBUFFERING]
      Events:            1
      Total time:        195 ms
      Ratio:             0.1618%
      Frequency:         0.499 per minute
      Avg duration:      195 ms
      Max duration:      195 ms

  [THROUGHPUT]
      Average:           2,635 kbps
      Median:            273 kbps
      Min / Max:         0 / 61,439 kbps
      Std deviation:     9,062.1 kbps

  [AVAILABLE BW (trace)]
      Average:           2,635 kbps
      Min / Max:         0 / 61,439 kbps
      Utilisation:       10.4%

  [BUFFER]
      Average level:     23.2 s
      Min / Max:         3.1 / 28.9 s

  [UTILIZATION]
      Bandwidth:         36.6%

======================================================================

[SAVED] results/results/run_all_20260517_165956/dash_5g-ireland/benchmark_dash_amazon_prime_driving_season3-theexpanse_B_2019_12_04_14_24_21_tc_20260517_190131.json

──────────────────────────────────────────────────────────────────────
  [19/83] amazon_prime_driving_season3-theexpanse_B_2019_12_06_07_31_16_tc.csv
──────────────────────────────────────────────────────────────────────
[TRACE] amazon_prime_driving_season3-theexpanse_B_2019_12_06_07_31_16_tc.csv
[DASH-SHAPER] Triggering tc-trace via /startShaping API...
[DASH-SHAPER] tc-trace.py starting in container

======================================================================
  DASH Streaming QoE Benchmark (dash.js / BOLA)
======================================================================
  Server: http://localhost:8080
======================================================================

[TRACE] Loaded 4455 entries with bandwidth
[BROWSER] Launching headless Chromium...
[BROWSER-ERROR] Settings parameter streaming.timeouts is not supported
[BROWSER] Waiting for playback to start...
   Startup delay: 2961ms

[PLAYBACK] Collecting metrics...
   t=10s | buffer: 13.9s | bitrate: 400 kbps | tp: 11073 kbps | trace_bw: 11073 kbps
   t=21s | buffer: 3.3s | bitrate: 200 kbps | tp: 2 kbps | trace_bw: 2 kbps
   t=31s | buffer: 9.2s | bitrate: 100 kbps | tp: 0 kbps | trace_bw: 0 kbps
   t=41s | buffer: 26.9s | bitrate: 100 kbps | tp: 0 kbps | trace_bw: 0 kbps
   t=51s | buffer: 24.8s | bitrate: 100 kbps | tp: 275 kbps | trace_bw: 275 kbps
   t=62s | buffer: 26.4s | bitrate: 100 kbps | tp: 2644 kbps | trace_bw: 2644 kbps
   t=72s | buffer: 16.3s | bitrate: 100 kbps | tp: 0 kbps | trace_bw: 0 kbps
   t=82s | buffer: 25.9s | bitrate: 100 kbps | tp: 0 kbps | trace_bw: 0 kbps
   t=92s | buffer: 23.9s | bitrate: 100 kbps | tp: 662 kbps | trace_bw: 662 kbps
   t=103s | buffer: 25.5s | bitrate: 100 kbps | tp: 0 kbps | trace_bw: 0 kbps
   t=113s | buffer: 27.4s | bitrate: 100 kbps | tp: 272 kbps | trace_bw: 272 kbps
Error occurred in event listener
Traceback (most recent call last):
  File "/home/ajhunjh1/.local/lib/python3.8/site-packages/playwright/_impl/_helper.py", line 296, in handle
    return await self._handle_internal(route)
  File "/home/ajhunjh1/.local/lib/python3.8/site-packages/playwright/_impl/_helper.py", line 332, in _handle_internal
    await handler_finished_future
  File "/home/ajhunjh1/.local/lib/python3.8/site-packages/playwright/_impl/_helper.py", line 323, in _handler
    self.handler(route, route.request)  # type: ignore
  File "/home/ajhunjh1/.local/lib/python3.8/site-packages/playwright/_impl/_impl_to_api_mapping.py", line 123, in wrapper_func
    return handler(
  File "benchmark.py", line 483, in _patch_dash_html
    resp = route.fetch()
  File "/home/ajhunjh1/.local/lib/python3.8/site-packages/playwright/sync_api/_generated.py", line 804, in fetch
    self._sync(
  File "/home/ajhunjh1/.local/lib/python3.8/site-packages/playwright/_impl/_sync_base.py", line 115, in _sync
    return task.result()
  File "/home/ajhunjh1/.local/lib/python3.8/site-packages/playwright/_impl/_network.py", line 457, in fetch
    return await self._connection.wrap_api_call(
  File "/home/ajhunjh1/.local/lib/python3.8/site-packages/playwright/_impl/_connection.py", line 520, in wrap_api_call
    raise rewrite_error(error, f"{parsed_st['apiName']}: {error}") from None
playwright._impl._errors.TargetClosedError: Route.fetch: Target page, context or browser has been closed
Call log:
→ GET http://localhost:8080/chunk-stream0-00037.m4s
  -   user-agent: Mozilla/5.0 (X11; Linux x86_64) AppleWebKit/537.36 (KHTML, like Gecko) HeadlessChrome/112.0.5615.49 Safari/537.36
  -   accept: */*
  -   accept-encoding: gzip,deflate,br
  -   referer: http://localhost:8080/
  -   sec-ch-ua: 
  -   sec-ch-ua-mobile: ?0
  -   sec-ch-ua-platform: ""


During handling of the above exception, another exception occurred:

Traceback (most recent call last):
  File "/home/ajhunjh1/.local/lib/python3.8/site-packages/playwright/_impl/_page.py", line 297, in _on_route
    handled = await route_handler.handle(route)
  File "/home/ajhunjh1/.local/lib/python3.8/site-packages/playwright/_impl/_helper.py", line 305, in handle
    raise rewrite_error(
playwright._impl._errors.TargetClosedError: "Route.fetch: Target page, context or browser has been closed
Call log:
→ GET http://localhost:8080/chunk-stream0-00037.m4s
  -   user-agent: Mozilla/5.0 (X11; Linux x86_64) AppleWebKit/537.36 (KHTML, like Gecko) HeadlessChrome/112.0.5615.49 Safari/537.36
  -   accept: */*
  -   accept-encoding: gzip,deflate,br
  -   referer: http://localhost:8080/
  -   sec-ch-ua: 
  -   sec-ch-ua-mobile: ?0
  -   sec-ch-ua-platform: ""
" while running route callback.
Consider awaiting `page.unroute_all(behavior='ignoreErrors')`
before the end of the test to ignore remaining routes in flight.

======================================================================
  BENCHMARK RESULTS (DASH / dash.js / BOLA)
======================================================================

  [TIMING]
      Startup delay:     2,961 ms
      Playback time:     120.4 s

  [BITRATE]
      Average (selected):  329 kbps
      Average (effective): 327 kbps
      Min / Max:           100 / 4,500 kbps
      Median:              100 kbps
      Std deviation:       958.0 kbps
      Variance:            917,798.4
      25th/75th %ile:      100 / 100 kbps

  [SWITCHES]
      Total count:       4
      Up / Down:         2 / 2
      Avg magnitude:     2,200 kbps

  [REBUFFERING]
      Events:            1
      Total time:        558 ms
      Ratio:             0.4612%
      Frequency:         0.498 per minute
      Avg duration:      558 ms
      Max duration:      558 ms

  [THROUGHPUT]
      Average:           1,833 kbps
      Median:            78 kbps
      Min / Max:         0 / 58,458 kbps
      Std deviation:     6,738.4 kbps

  [AVAILABLE BW (trace)]
      Average:           1,833 kbps
      Min / Max:         0 / 58,458 kbps
      Utilisation:       4.3%

  [BUFFER]
      Average level:     19.8 s
      Min / Max:         0.4 / 28.7 s

  [UTILIZATION]
      Bandwidth:         421.5%

======================================================================

[SAVED] results/results/run_all_20260517_165956/dash_5g-ireland/benchmark_dash_amazon_prime_driving_season3-theexpanse_B_2019_12_06_07_31_16_tc_20260517_190339.json

──────────────────────────────────────────────────────────────────────
  [20/83] amazon_prime_driving_season3-theexpanse_B_2019_12_06_09_32_38_tc.csv
──────────────────────────────────────────────────────────────────────
[TRACE] amazon_prime_driving_season3-theexpanse_B_2019_12_06_09_32_38_tc.csv
[DASH-SHAPER] Triggering tc-trace via /startShaping API...
[DASH-SHAPER] tc-trace.py starting in container

======================================================================
  DASH Streaming QoE Benchmark (dash.js / BOLA)
======================================================================
  Server: http://localhost:8080
======================================================================

[TRACE] Loaded 914 entries with bandwidth
[BROWSER] Launching headless Chromium...
[BROWSER-ERROR] Settings parameter streaming.timeouts is not supported
[BROWSER] Waiting for playback to start...
   Startup delay: 32031ms

[PLAYBACK] Collecting metrics...
   t=10s | buffer: 17.9s | bitrate: 100 kbps | tp: 1 kbps | trace_bw: 1 kbps
   t=21s | buffer: 7.6s | bitrate: 1200 kbps | tp: 0 kbps | trace_bw: 0 kbps
   t=31s | buffer: 6.2s | bitrate: 100 kbps | tp: 0 kbps | trace_bw: 0 kbps
   t=41s | buffer: 4.1s | bitrate: 100 kbps | tp: 566 kbps | trace_bw: 566 kbps
   t=51s | buffer: 17.7s | bitrate: 100 kbps | tp: 270 kbps | trace_bw: 270 kbps
   t=62s | buffer: 27.4s | bitrate: 100 kbps | tp: 289 kbps | trace_bw: 289 kbps
   t=72s | buffer: 25.3s | bitrate: 100 kbps | tp: 0 kbps | trace_bw: 0 kbps
   t=82s | buffer: 22.9s | bitrate: 100 kbps | tp: 0 kbps | trace_bw: 0 kbps
   t=92s | buffer: 24.8s | bitrate: 100 kbps | tp: 272 kbps | trace_bw: 272 kbps
   t=103s | buffer: 22.5s | bitrate: 100 kbps | tp: 278 kbps | trace_bw: 278 kbps
   t=113s | buffer: 28.4s | bitrate: 100 kbps | tp: 276 kbps | trace_bw: 276 kbps

======================================================================
  BENCHMARK RESULTS (DASH / dash.js / BOLA)
======================================================================

  [TIMING]
      Startup delay:     32,031 ms
      Playback time:     119.4 s

  [BITRATE]
      Average (selected):  196 kbps
      Average (effective): 161 kbps
      Min / Max:           100 / 3,000 kbps
      Median:              100 kbps
      Std deviation:       493.7 kbps
      Variance:            243,720.9
      25th/75th %ile:      100 / 100 kbps

  [SWITCHES]
      Total count:       4
      Up / Down:         1 / 3
      Avg magnitude:     1,450 kbps

  [REBUFFERING]
      Events:            2
      Total time:        26,249 ms
      Ratio:             18.0197%
      Frequency:         1.005 per minute
      Avg duration:      13,124 ms
      Max duration:      25,251 ms

  [THROUGHPUT]
      Average:           1,810 kbps
      Median:            273 kbps
      Min / Max:         0 / 64,616 kbps
      Std deviation:     7,349.3 kbps

  [AVAILABLE BW (trace)]
      Average:           1,810 kbps
      Min / Max:         0 / 64,616 kbps
      Utilisation:       15.1%

  [BUFFER]
      Average level:     18.3 s
      Min / Max:         0.1 / 28.9 s

  [UTILIZATION]
      Bandwidth:         71.9%

======================================================================

[SAVED] results/results/run_all_20260517_165956/dash_5g-ireland/benchmark_dash_amazon_prime_driving_season3-theexpanse_B_2019_12_06_09_32_38_tc_20260517_190546.json

──────────────────────────────────────────────────────────────────────
  [21/83] amazon_prime_driving_season3-theexpanse_B_2019_12_06_11_49_24_tc.csv
──────────────────────────────────────────────────────────────────────
[TRACE] amazon_prime_driving_season3-theexpanse_B_2019_12_06_11_49_24_tc.csv
[DASH-SHAPER] Triggering tc-trace via /startShaping API...
[DASH-SHAPER] tc-trace.py starting in container

======================================================================
  DASH Streaming QoE Benchmark (dash.js / BOLA)
======================================================================
  Server: http://localhost:8080
======================================================================

[TRACE] Loaded 2548 entries with bandwidth
[BROWSER] Launching headless Chromium...
[BROWSER-ERROR] Settings parameter streaming.timeouts is not supported
[BROWSER] Waiting for playback to start...
   Startup delay: 2754ms

[PLAYBACK] Collecting metrics...
   t=10s | buffer: 17.8s | bitrate: 100 kbps | tp: 16207 kbps | trace_bw: 16207 kbps
   t=20s | buffer: 19.7s | bitrate: 100 kbps | tp: 0 kbps | trace_bw: 0 kbps
   t=31s | buffer: 25.4s | bitrate: 100 kbps | tp: 0 kbps | trace_bw: 0 kbps
   t=41s | buffer: 27.3s | bitrate: 100 kbps | tp: 0 kbps | trace_bw: 0 kbps
   t=51s | buffer: 28.9s | bitrate: 100 kbps | tp: 0 kbps | trace_bw: 0 kbps
   t=61s | buffer: 22.8s | bitrate: 100 kbps | tp: 1556 kbps | trace_bw: 1556 kbps
   t=72s | buffer: 24.5s | bitrate: 100 kbps | tp: 901 kbps | trace_bw: 901 kbps
   t=82s | buffer: 26.4s | bitrate: 100 kbps | tp: 0 kbps | trace_bw: 0 kbps
   t=92s | buffer: 28.0s | bitrate: 100 kbps | tp: 275 kbps | trace_bw: 275 kbps
   t=102s | buffer: 17.9s | bitrate: 100 kbps | tp: 1 kbps | trace_bw: 1 kbps
   t=112s | buffer: 7.6s | bitrate: 100 kbps | tp: 0 kbps | trace_bw: 0 kbps
Error occurred in event listener
Traceback (most recent call last):
  File "/home/ajhunjh1/.local/lib/python3.8/site-packages/playwright/_impl/_helper.py", line 296, in handle
    return await self._handle_internal(route)
  File "/home/ajhunjh1/.local/lib/python3.8/site-packages/playwright/_impl/_helper.py", line 332, in _handle_internal
    await handler_finished_future
  File "/home/ajhunjh1/.local/lib/python3.8/site-packages/playwright/_impl/_helper.py", line 323, in _handler
    self.handler(route, route.request)  # type: ignore
  File "/home/ajhunjh1/.local/lib/python3.8/site-packages/playwright/_impl/_impl_to_api_mapping.py", line 123, in wrapper_func
    return handler(
  File "benchmark.py", line 483, in _patch_dash_html
    resp = route.fetch()
  File "/home/ajhunjh1/.local/lib/python3.8/site-packages/playwright/sync_api/_generated.py", line 804, in fetch
    self._sync(
  File "/home/ajhunjh1/.local/lib/python3.8/site-packages/playwright/_impl/_sync_base.py", line 115, in _sync
    return task.result()
  File "/home/ajhunjh1/.local/lib/python3.8/site-packages/playwright/_impl/_network.py", line 457, in fetch
    return await self._connection.wrap_api_call(
  File "/home/ajhunjh1/.local/lib/python3.8/site-packages/playwright/_impl/_connection.py", line 520, in wrap_api_call
    raise rewrite_error(error, f"{parsed_st['apiName']}: {error}") from None
playwright._impl._errors.TargetClosedError: Route.fetch: Target page, context or browser has been closed

During handling of the above exception, another exception occurred:

Traceback (most recent call last):
  File "/home/ajhunjh1/.local/lib/python3.8/site-packages/playwright/_impl/_page.py", line 297, in _on_route
    handled = await route_handler.handle(route)
  File "/home/ajhunjh1/.local/lib/python3.8/site-packages/playwright/_impl/_helper.py", line 305, in handle
    raise rewrite_error(
playwright._impl._errors.TargetClosedError: "Route.fetch: Target page, context or browser has been closed" while running route callback.
Consider awaiting `page.unroute_all(behavior='ignoreErrors')`
before the end of the test to ignore remaining routes in flight.

======================================================================
  BENCHMARK RESULTS (DASH / dash.js / BOLA)
======================================================================

  [TIMING]
      Startup delay:     2,754 ms
      Playback time:     119.9 s

  [BITRATE]
      Average (selected):  100 kbps
      Average (effective): 100 kbps
      Min / Max:           100 / 100 kbps
      Median:              100 kbps
      Std deviation:       0.0 kbps
      Variance:            0.0
      25th/75th %ile:      100 / 100 kbps

  [SWITCHES]
      Total count:       0
      Up / Down:         0 / 0
      Avg magnitude:     0 kbps

  [REBUFFERING]
      Events:            2
      Total time:        437 ms
      Ratio:             0.3632%
      Frequency:         1.001 per minute
      Avg duration:      199 ms
      Max duration:      199 ms

  [THROUGHPUT]
      Average:           2,426 kbps
      Median:            5 kbps
      Min / Max:         0 / 58,553 kbps
      Std deviation:     9,707.0 kbps

  [AVAILABLE BW (trace)]
      Average:           2,426 kbps
      Min / Max:         0 / 58,553 kbps
      Utilisation:       0.2%

  [BUFFER]
      Average level:     21.1 s
      Min / Max:         0.7 / 28.9 s

  [UTILIZATION]
      Bandwidth:         2000.0%

======================================================================

[SAVED] results/results/run_all_20260517_165956/dash_5g-ireland/benchmark_dash_amazon_prime_driving_season3-theexpanse_B_2019_12_06_11_49_24_tc_20260517_190822.json

──────────────────────────────────────────────────────────────────────
  [22/83] amazon_prime_static_animated-ninjago_B_2020_01_06_09_55_13_tc.csv
──────────────────────────────────────────────────────────────────────
[TRACE] amazon_prime_static_animated-ninjago_B_2020_01_06_09_55_13_tc.csv
[DASH-SHAPER] Triggering tc-trace via /startShaping API...
[DASH-SHAPER] Warning: could not reach /startShaping: HTTPConnectionPool(host='localhost', port=8080): Read timed out. (read timeout=5)

======================================================================
  DASH Streaming QoE Benchmark (dash.js / BOLA)
======================================================================
  Server: http://localhost:8080
======================================================================

[TRACE] Loaded 3739 entries with bandwidth
[BROWSER] Launching headless Chromium...
[BROWSER-ERROR] Settings parameter streaming.timeouts is not supported
[BROWSER] Waiting for playback to start...
   Startup delay: 3146ms

[PLAYBACK] Collecting metrics...
   t=10s | buffer: 21.8s | bitrate: 100 kbps | tp: 0 kbps | trace_bw: 0 kbps
   t=20s | buffer: 27.5s | bitrate: 100 kbps | tp: 1893 kbps | trace_bw: 1893 kbps
   t=31s | buffer: 25.4s | bitrate: 100 kbps | tp: 0 kbps | trace_bw: 0 kbps
   t=41s | buffer: 27.3s | bitrate: 100 kbps | tp: 52 kbps | trace_bw: 52 kbps
   t=51s | buffer: 24.9s | bitrate: 100 kbps | tp: 4 kbps | trace_bw: 4 kbps
   t=61s | buffer: 18.8s | bitrate: 100 kbps | tp: 279 kbps | trace_bw: 279 kbps
   t=72s | buffer: 8.5s | bitrate: 800 kbps | tp: 0 kbps | trace_bw: 0 kbps
   t=82s | buffer: 0.1s | bitrate: 800 kbps | tp: 1 kbps | trace_bw: 1 kbps
   t=92s | buffer: 0.1s | bitrate: 200 kbps | tp: 0 kbps | trace_bw: 0 kbps
   t=102s | buffer: 5.0s | bitrate: 200 kbps | tp: 281 kbps | trace_bw: 281 kbps
   t=113s | buffer: 10.9s | bitrate: 100 kbps | tp: 2 kbps | trace_bw: 2 kbps
Error occurred in event listener
Traceback (most recent call last):
  File "/home/ajhunjh1/.local/lib/python3.8/site-packages/playwright/_impl/_helper.py", line 296, in handle
    return await self._handle_internal(route)
  File "/home/ajhunjh1/.local/lib/python3.8/site-packages/playwright/_impl/_helper.py", line 332, in _handle_internal
    await handler_finished_future
  File "/home/ajhunjh1/.local/lib/python3.8/site-packages/playwright/_impl/_helper.py", line 323, in _handler
    self.handler(route, route.request)  # type: ignore
  File "/home/ajhunjh1/.local/lib/python3.8/site-packages/playwright/_impl/_impl_to_api_mapping.py", line 123, in wrapper_func
    return handler(
  File "benchmark.py", line 483, in _patch_dash_html
    resp = route.fetch()
  File "/home/ajhunjh1/.local/lib/python3.8/site-packages/playwright/sync_api/_generated.py", line 804, in fetch
    self._sync(
  File "/home/ajhunjh1/.local/lib/python3.8/site-packages/playwright/_impl/_sync_base.py", line 115, in _sync
    return task.result()
  File "/home/ajhunjh1/.local/lib/python3.8/site-packages/playwright/_impl/_network.py", line 457, in fetch
    return await self._connection.wrap_api_call(
  File "/home/ajhunjh1/.local/lib/python3.8/site-packages/playwright/_impl/_connection.py", line 520, in wrap_api_call
    raise rewrite_error(error, f"{parsed_st['apiName']}: {error}") from None
playwright._impl._errors.TargetClosedError: Route.fetch: Target page, context or browser has been closed
Call log:
→ GET http://localhost:8080/chunk-stream1-00028.m4s
  -   user-agent: Mozilla/5.0 (X11; Linux x86_64) AppleWebKit/537.36 (KHTML, like Gecko) HeadlessChrome/112.0.5615.49 Safari/537.36
  -   accept: */*
  -   accept-encoding: gzip,deflate,br
  -   referer: http://localhost:8080/
  -   sec-ch-ua: 
  -   sec-ch-ua-mobile: ?0
  -   sec-ch-ua-platform: ""
  - ← 200 OK
  -   server: SimpleHTTP/0.6 Python/3.11.15
  -   date: Mon, 18 May 2026 02:12:36 GMT
  -   content-type: video/iso.segment
  -   content-length: 97791
  -   last-modified: Wed, 22 Apr 2026 18:42:37 GMT
  -   access-control-allow-origin: *
  -   access-control-allow-methods: GET, OPTIONS
  -   access-control-allow-headers: Content-Type, Range
  -   access-control-expose-headers: Content-Length, Content-Range
  -   cache-control: public, max-age=31536000


During handling of the above exception, another exception occurred:

Traceback (most recent call last):
  File "/home/ajhunjh1/.local/lib/python3.8/site-packages/playwright/_impl/_page.py", line 297, in _on_route
    handled = await route_handler.handle(route)
  File "/home/ajhunjh1/.local/lib/python3.8/site-packages/playwright/_impl/_helper.py", line 305, in handle
    raise rewrite_error(
playwright._impl._errors.TargetClosedError: "Route.fetch: Target page, context or browser has been closed
Call log:
→ GET http://localhost:8080/chunk-stream1-00028.m4s
  -   user-agent: Mozilla/5.0 (X11; Linux x86_64) AppleWebKit/537.36 (KHTML, like Gecko) HeadlessChrome/112.0.5615.49 Safari/537.36
  -   accept: */*
  -   accept-encoding: gzip,deflate,br
  -   referer: http://localhost:8080/
  -   sec-ch-ua: 
  -   sec-ch-ua-mobile: ?0
  -   sec-ch-ua-platform: ""
  - ← 200 OK
  -   server: SimpleHTTP/0.6 Python/3.11.15
  -   date: Mon, 18 May 2026 02:12:36 GMT
  -   content-type: video/iso.segment
  -   content-length: 97791
  -   last-modified: Wed, 22 Apr 2026 18:42:37 GMT
  -   access-control-allow-origin: *
  -   access-control-allow-methods: GET, OPTIONS
  -   access-control-allow-headers: Content-Type, Range
  -   access-control-expose-headers: Content-Length, Content-Range
  -   cache-control: public, max-age=31536000
" while running route callback.
Consider awaiting `page.unroute_all(behavior='ignoreErrors')`
before the end of the test to ignore remaining routes in flight.

======================================================================
  BENCHMARK RESULTS (DASH / dash.js / BOLA)
======================================================================

  [TIMING]
      Startup delay:     3,146 ms
      Playback time:     109.0 s

  [BITRATE]
      Average (selected):  207 kbps
      Average (effective): 187 kbps
      Min / Max:           100 / 800 kbps
      Median:              100 kbps
      Std deviation:       202.2 kbps
      Variance:            40,882.3
      25th/75th %ile:      100 / 200 kbps

  [SWITCHES]
      Total count:       12
      Up / Down:         7 / 5
      Avg magnitude:     275 kbps

  [REBUFFERING]
      Events:            3
      Total time:        11,571 ms
      Ratio:             9.5958%
      Frequency:         1.651 per minute
      Avg duration:      3,857 ms
      Max duration:      8,143 ms

  [THROUGHPUT]
      Average:           5,774 kbps
      Median:            1 kbps
      Min / Max:         0 / 194,256 kbps
      Std deviation:     23,060.6 kbps

  [AVAILABLE BW (trace)]
      Average:           5,774 kbps
      Min / Max:         0 / 194,256 kbps
      Utilisation:       0.0%

  [BUFFER]
      Average level:     15.7 s
      Min / Max:         0.1 / 28.9 s

  [UTILIZATION]
      Bandwidth:         20706.2%

======================================================================

[SAVED] results/results/run_all_20260517_165956/dash_5g-ireland/benchmark_dash_amazon_prime_static_animated-ninjago_B_2020_01_06_09_55_13_tc_20260517_191033.json

──────────────────────────────────────────────────────────────────────
  [23/83] amazon_prime_static_animated-ninjago_B_2020_01_06_11_08_12_tc.csv
──────────────────────────────────────────────────────────────────────
[TRACE] amazon_prime_static_animated-ninjago_B_2020_01_06_11_08_12_tc.csv
[DASH-SHAPER] Triggering tc-trace via /startShaping API...
[DASH-SHAPER] tc-trace.py starting in container

======================================================================
  DASH Streaming QoE Benchmark (dash.js / BOLA)
======================================================================
  Server: http://localhost:8080
======================================================================

[TRACE] Loaded 1614 entries with bandwidth
[BROWSER] Launching headless Chromium...
[BROWSER-ERROR] Settings parameter streaming.timeouts is not supported
[BROWSER] Waiting for playback to start...
   Startup delay: 1588ms

[PLAYBACK] Collecting metrics...
   t=10s | buffer: 21.9s | bitrate: 100 kbps | tp: 88740 kbps | trace_bw: 88740 kbps
   t=20s | buffer: 15.6s | bitrate: 100 kbps | tp: 0 kbps | trace_bw: 0 kbps
   t=31s | buffer: 25.5s | bitrate: 100 kbps | tp: 0 kbps | trace_bw: 0 kbps
   t=41s | buffer: 19.1s | bitrate: 100 kbps | tp: 0 kbps | trace_bw: 0 kbps
   t=51s | buffer: 17.0s | bitrate: 100 kbps | tp: 0 kbps | trace_bw: 0 kbps
   t=61s | buffer: 26.6s | bitrate: 100 kbps | tp: 2723 kbps | trace_bw: 2723 kbps
   t=72s | buffer: 28.6s | bitrate: 100 kbps | tp: 280 kbps | trace_bw: 280 kbps
   t=82s | buffer: 26.2s | bitrate: 100 kbps | tp: 3982 kbps | trace_bw: 3982 kbps
   t=92s | buffer: 20.1s | bitrate: 100 kbps | tp: 278 kbps | trace_bw: 278 kbps
   t=102s | buffer: 17.7s | bitrate: 100 kbps | tp: 284 kbps | trace_bw: 284 kbps
   t=113s | buffer: 27.6s | bitrate: 100 kbps | tp: 8290 kbps | trace_bw: 8290 kbps

======================================================================
  BENCHMARK RESULTS (DASH / dash.js / BOLA)
======================================================================

  [TIMING]
      Startup delay:     1,588 ms
      Playback time:     120.2 s

  [BITRATE]
      Average (selected):  100 kbps
      Average (effective): 100 kbps
      Min / Max:           100 / 100 kbps
      Median:              100 kbps
      Std deviation:       0.0 kbps
      Variance:            0.0
      25th/75th %ile:      100 / 100 kbps

  [SWITCHES]
      Total count:       0
      Up / Down:         0 / 0
      Avg magnitude:     0 kbps

  [REBUFFERING]
      Events:            1
      Total time:        260 ms
      Ratio:             0.2158%
      Frequency:         0.499 per minute
      Avg duration:      260 ms
      Max duration:      260 ms

  [THROUGHPUT]
      Average:           4,243 kbps
      Median:            276 kbps
      Min / Max:         0 / 153,802 kbps
      Std deviation:     17,270.9 kbps

  [AVAILABLE BW (trace)]
      Average:           4,243 kbps
      Min / Max:         0 / 153,802 kbps
      Utilisation:       6.5%

  [BUFFER]
      Average level:     21.4 s
      Min / Max:         3.5 / 29.1 s

  [UTILIZATION]
      Bandwidth:         36.2%

======================================================================

[SAVED] results/results/run_all_20260517_165956/dash_5g-ireland/benchmark_dash_amazon_prime_static_animated-ninjago_B_2020_01_06_11_08_12_tc_20260517_191240.json

──────────────────────────────────────────────────────────────────────
  [24/83] amazon_prime_static_animated-ninjago_B_2020_01_06_11_40_29_tc.csv
──────────────────────────────────────────────────────────────────────
[TRACE] amazon_prime_static_animated-ninjago_B_2020_01_06_11_40_29_tc.csv
[DASH-SHAPER] Triggering tc-trace via /startShaping API...
[DASH-SHAPER] tc-trace.py starting in container

======================================================================
  DASH Streaming QoE Benchmark (dash.js / BOLA)
======================================================================
  Server: http://localhost:8080
======================================================================

[TRACE] Loaded 6581 entries with bandwidth
[BROWSER] Launching headless Chromium...
[BROWSER-ERROR] Settings parameter streaming.timeouts is not supported
[BROWSER] Waiting for playback to start...
   Startup delay: 9897ms

[PLAYBACK] Collecting metrics...
   t=10s | buffer: 25.8s | bitrate: 100 kbps | tp: 57 kbps | trace_bw: 57 kbps
   t=21s | buffer: 19.5s | bitrate: 100 kbps | tp: 5803 kbps | trace_bw: 5803 kbps
   t=31s | buffer: 21.4s | bitrate: 100 kbps | tp: 2 kbps | trace_bw: 2 kbps
   t=41s | buffer: 11.3s | bitrate: 100 kbps | tp: 3400 kbps | trace_bw: 3400 kbps
   t=51s | buffer: 0.9s | bitrate: 100 kbps | tp: 3 kbps | trace_bw: 3 kbps
   t=61s | buffer: 0.1s | bitrate: 100 kbps | tp: 10 kbps | trace_bw: 10 kbps
   t=72s | buffer: 0.1s | bitrate: 100 kbps | tp: 2 kbps | trace_bw: 2 kbps
Error occurred in event listener
Traceback (most recent call last):
  File "/home/ajhunjh1/.local/lib/python3.8/site-packages/playwright/_impl/_page.py", line 297, in _on_route
    handled = await route_handler.handle(route)
  File "/home/ajhunjh1/.local/lib/python3.8/site-packages/playwright/_impl/_helper.py", line 309, in handle
    raise e
  File "/home/ajhunjh1/.local/lib/python3.8/site-packages/playwright/_impl/_helper.py", line 296, in handle
    return await self._handle_internal(route)
  File "/home/ajhunjh1/.local/lib/python3.8/site-packages/playwright/_impl/_helper.py", line 332, in _handle_internal
    await handler_finished_future
  File "/home/ajhunjh1/.local/lib/python3.8/site-packages/playwright/_impl/_helper.py", line 323, in _handler
    self.handler(route, route.request)  # type: ignore
  File "/home/ajhunjh1/.local/lib/python3.8/site-packages/playwright/_impl/_impl_to_api_mapping.py", line 123, in wrapper_func
    return handler(
  File "benchmark.py", line 483, in _patch_dash_html
    resp = route.fetch()
  File "/home/ajhunjh1/.local/lib/python3.8/site-packages/playwright/sync_api/_generated.py", line 804, in fetch
    self._sync(
  File "/home/ajhunjh1/.local/lib/python3.8/site-packages/playwright/_impl/_sync_base.py", line 115, in _sync
    return task.result()
  File "/home/ajhunjh1/.local/lib/python3.8/site-packages/playwright/_impl/_network.py", line 457, in fetch
    return await self._connection.wrap_api_call(
  File "/home/ajhunjh1/.local/lib/python3.8/site-packages/playwright/_impl/_connection.py", line 520, in wrap_api_call
    raise rewrite_error(error, f"{parsed_st['apiName']}: {error}") from None
playwright._impl._errors.Error: Route.fetch: Request timed out after 30000ms
Call log:
→ GET http://localhost:8080/chunk-stream0-00014.m4s
  -   user-agent: Mozilla/5.0 (X11; Linux x86_64) AppleWebKit/537.36 (KHTML, like Gecko) HeadlessChrome/112.0.5615.49 Safari/537.36
  -   accept: */*
  -   accept-encoding: gzip,deflate,br
  -   referer: http://localhost:8080/
  -   sec-ch-ua: 
  -   sec-ch-ua-mobile: ?0
  -   sec-ch-ua-platform: ""

   t=82s | buffer: 0.1s | bitrate: 100 kbps | tp: 4 kbps | trace_bw: 4 kbps
Error occurred in event listener
Traceback (most recent call last):
  File "/home/ajhunjh1/.local/lib/python3.8/site-packages/playwright/_impl/_page.py", line 297, in _on_route
    handled = await route_handler.handle(route)
  File "/home/ajhunjh1/.local/lib/python3.8/site-packages/playwright/_impl/_helper.py", line 309, in handle
    raise e
  File "/home/ajhunjh1/.local/lib/python3.8/site-packages/playwright/_impl/_helper.py", line 296, in handle
    return await self._handle_internal(route)
  File "/home/ajhunjh1/.local/lib/python3.8/site-packages/playwright/_impl/_helper.py", line 332, in _handle_internal
    await handler_finished_future
  File "/home/ajhunjh1/.local/lib/python3.8/site-packages/playwright/_impl/_helper.py", line 323, in _handler
    self.handler(route, route.request)  # type: ignore
  File "/home/ajhunjh1/.local/lib/python3.8/site-packages/playwright/_impl/_impl_to_api_mapping.py", line 123, in wrapper_func
    return handler(
  File "benchmark.py", line 483, in _patch_dash_html
    resp = route.fetch()
  File "/home/ajhunjh1/.local/lib/python3.8/site-packages/playwright/sync_api/_generated.py", line 804, in fetch
    self._sync(
  File "/home/ajhunjh1/.local/lib/python3.8/site-packages/playwright/_impl/_sync_base.py", line 115, in _sync
    return task.result()
  File "/home/ajhunjh1/.local/lib/python3.8/site-packages/playwright/_impl/_network.py", line 457, in fetch
    return await self._connection.wrap_api_call(
  File "/home/ajhunjh1/.local/lib/python3.8/site-packages/playwright/_impl/_connection.py", line 520, in wrap_api_call
    raise rewrite_error(error, f"{parsed_st['apiName']}: {error}") from None
playwright._impl._errors.Error: Route.fetch: read ECONNRESET
Call log:
→ GET http://localhost:8080/chunk-stream0-00014.m4s
  -   user-agent: Mozilla/5.0 (X11; Linux x86_64) AppleWebKit/537.36 (KHTML, like Gecko) HeadlessChrome/112.0.5615.49 Safari/537.36
  -   accept: */*
  -   accept-encoding: gzip,deflate,br
  -   referer: http://localhost:8080/
  -   sec-ch-ua: 
  -   sec-ch-ua-mobile: ?0
  -   sec-ch-ua-platform: ""

   t=92s | buffer: 0.1s | bitrate: 100 kbps | tp: 31 kbps | trace_bw: 31 kbps
Error occurred in event listener
Traceback (most recent call last):
  File "/home/ajhunjh1/.local/lib/python3.8/site-packages/playwright/_impl/_page.py", line 297, in _on_route
    handled = await route_handler.handle(route)
  File "/home/ajhunjh1/.local/lib/python3.8/site-packages/playwright/_impl/_helper.py", line 309, in handle
    raise e
  File "/home/ajhunjh1/.local/lib/python3.8/site-packages/playwright/_impl/_helper.py", line 296, in handle
    return await self._handle_internal(route)
  File "/home/ajhunjh1/.local/lib/python3.8/site-packages/playwright/_impl/_helper.py", line 332, in _handle_internal
    await handler_finished_future
  File "/home/ajhunjh1/.local/lib/python3.8/site-packages/playwright/_impl/_helper.py", line 323, in _handler
    self.handler(route, route.request)  # type: ignore
  File "/home/ajhunjh1/.local/lib/python3.8/site-packages/playwright/_impl/_impl_to_api_mapping.py", line 123, in wrapper_func
    return handler(
  File "benchmark.py", line 483, in _patch_dash_html
    resp = route.fetch()
  File "/home/ajhunjh1/.local/lib/python3.8/site-packages/playwright/sync_api/_generated.py", line 804, in fetch
    self._sync(
  File "/home/ajhunjh1/.local/lib/python3.8/site-packages/playwright/_impl/_sync_base.py", line 115, in _sync
    return task.result()
  File "/home/ajhunjh1/.local/lib/python3.8/site-packages/playwright/_impl/_network.py", line 457, in fetch
    return await self._connection.wrap_api_call(
  File "/home/ajhunjh1/.local/lib/python3.8/site-packages/playwright/_impl/_connection.py", line 520, in wrap_api_call
    raise rewrite_error(error, f"{parsed_st['apiName']}: {error}") from None
playwright._impl._errors.Error: Route.fetch: read ECONNRESET
Call log:
→ GET http://localhost:8080/chunk-stream0-00014.m4s
  -   user-agent: Mozilla/5.0 (X11; Linux x86_64) AppleWebKit/537.36 (KHTML, like Gecko) HeadlessChrome/112.0.5615.49 Safari/537.36
  -   accept: */*
  -   accept-encoding: gzip,deflate,br
  -   referer: http://localhost:8080/
  -   sec-ch-ua: 
  -   sec-ch-ua-mobile: ?0
  -   sec-ch-ua-platform: ""

   t=102s | buffer: 0.1s | bitrate: 100 kbps | tp: 2 kbps | trace_bw: 2 kbps
[BROWSER-ERROR] Player error: {error: e.A, type: error}
   t=112s | buffer: 0.1s | bitrate: 100 kbps | tp: 2 kbps | trace_bw: 2 kbps

======================================================================
  BENCHMARK RESULTS (DASH / dash.js / BOLA)
======================================================================

  [TIMING]
      Startup delay:     9,897 ms
      Playback time:     51.9 s

  [BITRATE]
      Average (selected):  100 kbps
      Average (effective): 43 kbps
      Min / Max:           100 / 100 kbps
      Median:              100 kbps
      Std deviation:       0.0 kbps
      Variance:            0.0
      25th/75th %ile:      100 / 100 kbps

  [SWITCHES]
      Total count:       0
      Up / Down:         0 / 0
      Avg magnitude:     0 kbps

  [REBUFFERING]
      Events:            2
      Total time:        68,386 ms
      Ratio:             56.8641%
      Frequency:         2.313 per minute
      Avg duration:      196 ms
      Max duration:      196 ms

  [THROUGHPUT]
      Average:           2,411 kbps
      Median:            3 kbps
      Min / Max:         0 / 88,132 kbps
      Std deviation:     11,372.4 kbps

  [AVAILABLE BW (trace)]
      Average:           2,411 kbps
      Min / Max:         0 / 88,132 kbps
      Utilisation:       0.1%

  [BUFFER]
      Average level:     7.2 s
      Min / Max:         0.0 / 28.4 s

  [UTILIZATION]
      Bandwidth:         3333.3%

======================================================================

[SAVED] results/results/run_all_20260517_165956/dash_5g-ireland/benchmark_dash_amazon_prime_static_animated-ninjago_B_2020_01_06_11_40_29_tc_20260517_191446.json

──────────────────────────────────────────────────────────────────────
  [25/83] amazon_prime_static_season3-theexpanse_B_2019_12_19_15_00_47_tc.csv
──────────────────────────────────────────────────────────────────────
[TRACE] amazon_prime_static_season3-theexpanse_B_2019_12_19_15_00_47_tc.csv
[DASH-SHAPER] Triggering tc-trace via /startShaping API...
[DASH-SHAPER] tc-trace.py starting in container

======================================================================
  DASH Streaming QoE Benchmark (dash.js / BOLA)
======================================================================
  Server: http://localhost:8080
======================================================================

[TRACE] Loaded 2293 entries with bandwidth
[BROWSER] Launching headless Chromium...
[BROWSER-ERROR] Settings parameter streaming.timeouts is not supported
[BROWSER] Waiting for playback to start...
   Startup delay: 2110ms

[PLAYBACK] Collecting metrics...
   t=10s | buffer: 13.8s | bitrate: 100 kbps | tp: 2 kbps | trace_bw: 2 kbps
   t=21s | buffer: 15.7s | bitrate: 100 kbps | tp: 0 kbps | trace_bw: 0 kbps
   t=31s | buffer: 25.3s | bitrate: 100 kbps | tp: 0 kbps | trace_bw: 0 kbps
   t=41s | buffer: 27.2s | bitrate: 100 kbps | tp: 20346 kbps | trace_bw: 20346 kbps
   t=51s | buffer: 28.9s | bitrate: 100 kbps | tp: 0 kbps | trace_bw: 0 kbps
   t=61s | buffer: 18.8s | bitrate: 100 kbps | tp: 64494 kbps | trace_bw: 64494 kbps
   t=72s | buffer: 8.4s | bitrate: 4500 kbps | tp: 0 kbps | trace_bw: 0 kbps
   t=82s | buffer: 3.2s | bitrate: 1200 kbps | tp: 8221 kbps | trace_bw: 8221 kbps
   t=92s | buffer: 20.8s | bitrate: 400 kbps | tp: 9462 kbps | trace_bw: 9462 kbps
   t=103s | buffer: 18.7s | bitrate: 400 kbps | tp: 9641 kbps | trace_bw: 9641 kbps
   t=113s | buffer: 8.3s | bitrate: 1200 kbps | tp: 1540 kbps | trace_bw: 1540 kbps

======================================================================
  BENCHMARK RESULTS (DASH / dash.js / BOLA)
======================================================================

  [TIMING]
      Startup delay:     2,110 ms
      Playback time:     119.1 s

  [BITRATE]
      Average (selected):  713 kbps
      Average (effective): 702 kbps
      Min / Max:           100 / 4,500 kbps
      Median:              400 kbps
      Std deviation:       1,027.1 kbps
      Variance:            1,054,833.8
      25th/75th %ile:      100 / 1,200 kbps

  [SWITCHES]
      Total count:       8
      Up / Down:         4 / 4
      Avg magnitude:     1,262 kbps

  [REBUFFERING]
      Events:            2
      Total time:        1,815 ms
      Ratio:             1.5017%
      Frequency:         1.008 per minute
      Avg duration:      908 ms
      Max duration:      1,161 ms

  [THROUGHPUT]
      Average:           10,787 kbps
      Median:            871 kbps
      Min / Max:         0 / 86,016 kbps
      Std deviation:     20,560.4 kbps

  [AVAILABLE BW (trace)]
      Average:           10,787 kbps
      Min / Max:         0 / 86,016 kbps
      Utilisation:       8.1%

  [BUFFER]
      Average level:     16.2 s
      Min / Max:         0.1 / 28.9 s

  [UTILIZATION]
      Bandwidth:         81.8%

======================================================================

[SAVED] results/results/run_all_20260517_165956/dash_5g-ireland/benchmark_dash_amazon_prime_static_season3-theexpanse_B_2019_12_19_15_00_47_tc_20260517_191659.json

──────────────────────────────────────────────────────────────────────
  [26/83] amazon_prime_static_season3-theexpanse_B_2019_12_23_10_30_35_tc.csv
──────────────────────────────────────────────────────────────────────
[TRACE] amazon_prime_static_season3-theexpanse_B_2019_12_23_10_30_35_tc.csv
[DASH-SHAPER] Triggering tc-trace via /startShaping API...
[DASH-SHAPER] tc-trace.py starting in container

======================================================================
  DASH Streaming QoE Benchmark (dash.js / BOLA)
======================================================================
  Server: http://localhost:8080
======================================================================

[TRACE] Loaded 6992 entries with bandwidth
[BROWSER] Launching headless Chromium...
[BROWSER-ERROR] Settings parameter streaming.timeouts is not supported
[BROWSER] Waiting for playback to start...
   Startup delay: 51521ms

[PLAYBACK] Collecting metrics...
   t=10s | buffer: 21.7s | bitrate: 100 kbps | tp: 345 kbps | trace_bw: 345 kbps
   t=21s | buffer: 23.7s | bitrate: 100 kbps | tp: 0 kbps | trace_bw: 0 kbps
   t=31s | buffer: 25.3s | bitrate: 100 kbps | tp: 16039 kbps | trace_bw: 16039 kbps
   t=41s | buffer: 19.2s | bitrate: 100 kbps | tp: 10007 kbps | trace_bw: 10007 kbps
   t=51s | buffer: 12.8s | bitrate: 100 kbps | tp: 10010 kbps | trace_bw: 10010 kbps
   t=61s | buffer: 14.7s | bitrate: 100 kbps | tp: 0 kbps | trace_bw: 0 kbps
   t=72s | buffer: 16.4s | bitrate: 100 kbps | tp: 0 kbps | trace_bw: 0 kbps
   t=82s | buffer: 26.3s | bitrate: 100 kbps | tp: 0 kbps | trace_bw: 0 kbps
   t=92s | buffer: 16.2s | bitrate: 100 kbps | tp: 1241 kbps | trace_bw: 1241 kbps
   t=102s | buffer: 13.8s | bitrate: 100 kbps | tp: 10812 kbps | trace_bw: 10812 kbps
   t=113s | buffer: 7.5s | bitrate: 2000 kbps | tp: 10306 kbps | trace_bw: 10306 kbps
Error occurred in event listener
Traceback (most recent call last):
  File "/home/ajhunjh1/.local/lib/python3.8/site-packages/playwright/_impl/_helper.py", line 296, in handle
    return await self._handle_internal(route)
  File "/home/ajhunjh1/.local/lib/python3.8/site-packages/playwright/_impl/_helper.py", line 332, in _handle_internal
    await handler_finished_future
  File "/home/ajhunjh1/.local/lib/python3.8/site-packages/playwright/_impl/_helper.py", line 323, in _handler
    self.handler(route, route.request)  # type: ignore
  File "/home/ajhunjh1/.local/lib/python3.8/site-packages/playwright/_impl/_impl_to_api_mapping.py", line 123, in wrapper_func
    return handler(
  File "benchmark.py", line 483, in _patch_dash_html
    resp = route.fetch()
  File "/home/ajhunjh1/.local/lib/python3.8/site-packages/playwright/sync_api/_generated.py", line 804, in fetch
    self._sync(
  File "/home/ajhunjh1/.local/lib/python3.8/site-packages/playwright/_impl/_sync_base.py", line 115, in _sync
    return task.result()
  File "/home/ajhunjh1/.local/lib/python3.8/site-packages/playwright/_impl/_network.py", line 457, in fetch
    return await self._connection.wrap_api_call(
  File "/home/ajhunjh1/.local/lib/python3.8/site-packages/playwright/_impl/_connection.py", line 520, in wrap_api_call
    raise rewrite_error(error, f"{parsed_st['apiName']}: {error}") from None
playwright._impl._errors.TargetClosedError: Route.fetch: Target page, context or browser has been closed
Call log:
→ GET http://localhost:8080/init-stream6.m4s
  -   user-agent: Mozilla/5.0 (X11; Linux x86_64) AppleWebKit/537.36 (KHTML, like Gecko) HeadlessChrome/112.0.5615.49 Safari/537.36
  -   accept: */*
  -   accept-encoding: gzip,deflate,br
  -   referer: http://localhost:8080/
  -   sec-ch-ua: 
  -   sec-ch-ua-mobile: ?0
  -   sec-ch-ua-platform: ""


During handling of the above exception, another exception occurred:

Traceback (most recent call last):
  File "/home/ajhunjh1/.local/lib/python3.8/site-packages/playwright/_impl/_page.py", line 297, in _on_route
    handled = await route_handler.handle(route)
  File "/home/ajhunjh1/.local/lib/python3.8/site-packages/playwright/_impl/_helper.py", line 305, in handle
    raise rewrite_error(
playwright._impl._errors.TargetClosedError: "Route.fetch: Target page, context or browser has been closed
Call log:
→ GET http://localhost:8080/init-stream6.m4s
  -   user-agent: Mozilla/5.0 (X11; Linux x86_64) AppleWebKit/537.36 (KHTML, like Gecko) HeadlessChrome/112.0.5615.49 Safari/537.36
  -   accept: */*
  -   accept-encoding: gzip,deflate,br
  -   referer: http://localhost:8080/
  -   sec-ch-ua: 
  -   sec-ch-ua-mobile: ?0
  -   sec-ch-ua-platform: ""
" while running route callback.
Consider awaiting `page.unroute_all(behavior='ignoreErrors')`
before the end of the test to ignore remaining routes in flight.

======================================================================
  BENCHMARK RESULTS (DASH / dash.js / BOLA)
======================================================================

  [TIMING]
      Startup delay:     51,521 ms
      Playback time:     120.4 s

  [BITRATE]
      Average (selected):  200 kbps
      Average (effective): 199 kbps
      Min / Max:           100 / 2,000 kbps
      Median:              100 kbps
      Std deviation:       356.1 kbps
      Variance:            126,791.5
      25th/75th %ile:      100 / 100 kbps

  [SWITCHES]
      Total count:       6
      Up / Down:         3 / 3
      Avg magnitude:     1,167 kbps

  [REBUFFERING]
      Events:            1
      Total time:        374 ms
      Ratio:             0.3097%
      Frequency:         0.498 per minute
      Avg duration:      374 ms
      Max duration:      374 ms

  [THROUGHPUT]
      Average:           11,778 kbps
      Median:            1,594 kbps
      Min / Max:         0 / 163,467 kbps
      Std deviation:     28,398.4 kbps

  [AVAILABLE BW (trace)]
      Average:           11,778 kbps
      Min / Max:         0 / 163,467 kbps
      Utilisation:       13.5%

  [BUFFER]
      Average level:     17.6 s
      Min / Max:         1.4 / 28.8 s

  [UTILIZATION]
      Bandwidth:         12.5%

======================================================================

[SAVED] results/results/run_all_20260517_165956/dash_5g-ireland/benchmark_dash_amazon_prime_static_season3-theexpanse_B_2019_12_23_10_30_35_tc_20260517_191905.json

──────────────────────────────────────────────────────────────────────
  [27/83] amazon_prime_static_season3-theexpanse_B_2020_01_03_08_59_40_tc.csv
──────────────────────────────────────────────────────────────────────
[TRACE] amazon_prime_static_season3-theexpanse_B_2020_01_03_08_59_40_tc.csv
[DASH-SHAPER] Triggering tc-trace via /startShaping API...
[DASH-SHAPER] tc-trace.py starting in container

======================================================================
  DASH Streaming QoE Benchmark (dash.js / BOLA)
======================================================================
  Server: http://localhost:8080
======================================================================

[TRACE] Loaded 6143 entries with bandwidth
[BROWSER] Launching headless Chromium...
[BROWSER-ERROR] Settings parameter streaming.timeouts is not supported
[BROWSER] Waiting for playback to start...
   Startup delay: 3075ms

[PLAYBACK] Collecting metrics...
   t=10s | buffer: 25.8s | bitrate: 100 kbps | tp: 2971 kbps | trace_bw: 2971 kbps
   t=20s | buffer: 19.8s | bitrate: 100 kbps | tp: 1240 kbps | trace_bw: 1240 kbps
   t=31s | buffer: 17.4s | bitrate: 100 kbps | tp: 61419 kbps | trace_bw: 61419 kbps
   t=41s | buffer: 15.3s | bitrate: 100 kbps | tp: 0 kbps | trace_bw: 0 kbps
   t=51s | buffer: 12.9s | bitrate: 100 kbps | tp: 7565 kbps | trace_bw: 7565 kbps
   t=61s | buffer: 14.8s | bitrate: 100 kbps | tp: 3676 kbps | trace_bw: 3676 kbps
   t=72s | buffer: 16.5s | bitrate: 100 kbps | tp: 0 kbps | trace_bw: 0 kbps
   t=82s | buffer: 14.4s | bitrate: 100 kbps | tp: 0 kbps | trace_bw: 0 kbps
   t=92s | buffer: 16.0s | bitrate: 100 kbps | tp: 0 kbps | trace_bw: 0 kbps
   t=102s | buffer: 13.9s | bitrate: 2000 kbps | tp: 0 kbps | trace_bw: 0 kbps
   t=113s | buffer: 3.6s | bitrate: 800 kbps | tp: 4 kbps | trace_bw: 4 kbps
Error occurred in event listener
Traceback (most recent call last):
  File "/home/ajhunjh1/.local/lib/python3.8/site-packages/playwright/_impl/_helper.py", line 296, in handle
    return await self._handle_internal(route)
  File "/home/ajhunjh1/.local/lib/python3.8/site-packages/playwright/_impl/_helper.py", line 332, in _handle_internal
    await handler_finished_future
  File "/home/ajhunjh1/.local/lib/python3.8/site-packages/playwright/_impl/_helper.py", line 323, in _handler
    self.handler(route, route.request)  # type: ignore
  File "/home/ajhunjh1/.local/lib/python3.8/site-packages/playwright/_impl/_impl_to_api_mapping.py", line 123, in wrapper_func
    return handler(
  File "benchmark.py", line 483, in _patch_dash_html
    resp = route.fetch()
  File "/home/ajhunjh1/.local/lib/python3.8/site-packages/playwright/sync_api/_generated.py", line 804, in fetch
    self._sync(
  File "/home/ajhunjh1/.local/lib/python3.8/site-packages/playwright/_impl/_sync_base.py", line 115, in _sync
    return task.result()
  File "/home/ajhunjh1/.local/lib/python3.8/site-packages/playwright/_impl/_network.py", line 457, in fetch
    return await self._connection.wrap_api_call(
  File "/home/ajhunjh1/.local/lib/python3.8/site-packages/playwright/_impl/_connection.py", line 520, in wrap_api_call
    raise rewrite_error(error, f"{parsed_st['apiName']}: {error}") from None
playwright._impl._errors.TargetClosedError: Route.fetch: Target page, context or browser has been closed
Call log:
→ GET http://localhost:8080/chunk-stream2-00031.m4s
  -   user-agent: Mozilla/5.0 (X11; Linux x86_64) AppleWebKit/537.36 (KHTML, like Gecko) HeadlessChrome/112.0.5615.49 Safari/537.36
  -   accept: */*
  -   accept-encoding: gzip,deflate,br
  -   referer: http://localhost:8080/
  -   sec-ch-ua: 
  -   sec-ch-ua-mobile: ?0
  -   sec-ch-ua-platform: ""


During handling of the above exception, another exception occurred:

Traceback (most recent call last):
  File "/home/ajhunjh1/.local/lib/python3.8/site-packages/playwright/_impl/_page.py", line 297, in _on_route
    handled = await route_handler.handle(route)
  File "/home/ajhunjh1/.local/lib/python3.8/site-packages/playwright/_impl/_helper.py", line 305, in handle
    raise rewrite_error(
playwright._impl._errors.TargetClosedError: "Route.fetch: Target page, context or browser has been closed
Call log:
→ GET http://localhost:8080/chunk-stream2-00031.m4s
  -   user-agent: Mozilla/5.0 (X11; Linux x86_64) AppleWebKit/537.36 (KHTML, like Gecko) HeadlessChrome/112.0.5615.49 Safari/537.36
  -   accept: */*
  -   accept-encoding: gzip,deflate,br
  -   referer: http://localhost:8080/
  -   sec-ch-ua: 
  -   sec-ch-ua-mobile: ?0
  -   sec-ch-ua-platform: ""
" while running route callback.
Consider awaiting `page.unroute_all(behavior='ignoreErrors')`
before the end of the test to ignore remaining routes in flight.

======================================================================
  BENCHMARK RESULTS (DASH / dash.js / BOLA)
======================================================================

  [TIMING]
      Startup delay:     3,075 ms
      Playback time:     116.4 s

  [BITRATE]
      Average (selected):  257 kbps
      Average (effective): 248 kbps
      Min / Max:           100 / 2,000 kbps
      Median:              100 kbps
      Std deviation:       455.3 kbps
      Variance:            207,343.5
      25th/75th %ile:      100 / 100 kbps

  [SWITCHES]
      Total count:       5
      Up / Down:         3 / 2
      Avg magnitude:     1,300 kbps

  [REBUFFERING]
      Events:            2
      Total time:        4,235 ms
      Ratio:             3.5107%
      Frequency:         1.031 per minute
      Avg duration:      2,118 ms
      Max duration:      4,037 ms

  [THROUGHPUT]
      Average:           11,564 kbps
      Median:            3,856 kbps
      Min / Max:         0 / 73,084 kbps
      Std deviation:     19,092.0 kbps

  [AVAILABLE BW (trace)]
      Average:           11,564 kbps
      Min / Max:         0 / 73,084 kbps
      Utilisation:       33.3%

  [BUFFER]
      Average level:     14.8 s
      Min / Max:         0.1 / 28.0 s

  [UTILIZATION]
      Bandwidth:         6.7%

======================================================================

[SAVED] results/results/run_all_20260517_165956/dash_5g-ireland/benchmark_dash_amazon_prime_static_season3-theexpanse_B_2020_01_03_08_59_40_tc_20260517_192201.json

──────────────────────────────────────────────────────────────────────
  [28/83] amazon_prime_static_season3-theexpanse_B_2020_01_03_10_54_39_tc.csv
──────────────────────────────────────────────────────────────────────
[TRACE] amazon_prime_static_season3-theexpanse_B_2020_01_03_10_54_39_tc.csv
[DASH-SHAPER] Triggering tc-trace via /startShaping API...
[DASH-SHAPER] tc-trace.py starting in container

======================================================================
  DASH Streaming QoE Benchmark (dash.js / BOLA)
======================================================================
  Server: http://localhost:8080
======================================================================

[TRACE] Loaded 5295 entries with bandwidth
[BROWSER] Launching headless Chromium...
[BROWSER-ERROR] Settings parameter streaming.timeouts is not supported
[BROWSER] Waiting for playback to start...
   Startup delay: 2153ms

[PLAYBACK] Collecting metrics...
   t=10s | buffer: 21.8s | bitrate: 100 kbps | tp: 69666 kbps | trace_bw: 69666 kbps
   t=20s | buffer: 15.7s | bitrate: 100 kbps | tp: 63223 kbps | trace_bw: 63223 kbps
   t=31s | buffer: 13.4s | bitrate: 100 kbps | tp: 41272 kbps | trace_bw: 41272 kbps
   t=41s | buffer: 15.0s | bitrate: 100 kbps | tp: 0 kbps | trace_bw: 0 kbps
   t=51s | buffer: 16.9s | bitrate: 100 kbps | tp: 0 kbps | trace_bw: 0 kbps
   t=61s | buffer: 14.6s | bitrate: 100 kbps | tp: 22 kbps | trace_bw: 22 kbps
   t=72s | buffer: 16.4s | bitrate: 100 kbps | tp: 0 kbps | trace_bw: 0 kbps
   t=82s | buffer: 14.1s | bitrate: 100 kbps | tp: 7216 kbps | trace_bw: 7216 kbps
   t=92s | buffer: 11.8s | bitrate: 2000 kbps | tp: 10415 kbps | trace_bw: 10415 kbps
   t=103s | buffer: 9.4s | bitrate: 600 kbps | tp: 10473 kbps | trace_bw: 10473 kbps
   t=113s | buffer: 11.0s | bitrate: 100 kbps | tp: 0 kbps | trace_bw: 0 kbps
Error occurred in event listener
Traceback (most recent call last):
  File "/home/ajhunjh1/.local/lib/python3.8/site-packages/playwright/_impl/_helper.py", line 296, in handle
    return await self._handle_internal(route)
  File "/home/ajhunjh1/.local/lib/python3.8/site-packages/playwright/_impl/_helper.py", line 332, in _handle_internal
    await handler_finished_future
  File "/home/ajhunjh1/.local/lib/python3.8/site-packages/playwright/_impl/_helper.py", line 323, in _handler
    self.handler(route, route.request)  # type: ignore
  File "/home/ajhunjh1/.local/lib/python3.8/site-packages/playwright/_impl/_impl_to_api_mapping.py", line 123, in wrapper_func
    return handler(
  File "benchmark.py", line 483, in _patch_dash_html
    resp = route.fetch()
  File "/home/ajhunjh1/.local/lib/python3.8/site-packages/playwright/sync_api/_generated.py", line 804, in fetch
    self._sync(
  File "/home/ajhunjh1/.local/lib/python3.8/site-packages/playwright/_impl/_sync_base.py", line 115, in _sync
    return task.result()
  File "/home/ajhunjh1/.local/lib/python3.8/site-packages/playwright/_impl/_network.py", line 457, in fetch
    return await self._connection.wrap_api_call(
  File "/home/ajhunjh1/.local/lib/python3.8/site-packages/playwright/_impl/_connection.py", line 520, in wrap_api_call
    raise rewrite_error(error, f"{parsed_st['apiName']}: {error}") from None
playwright._impl._errors.TargetClosedError: Route.fetch: Target page, context or browser has been closed
Call log:
→ GET http://localhost:8080/chunk-stream2-00031.m4s
  -   user-agent: Mozilla/5.0 (X11; Linux x86_64) AppleWebKit/537.36 (KHTML, like Gecko) HeadlessChrome/112.0.5615.49 Safari/537.36
  -   accept: */*
  -   accept-encoding: gzip,deflate,br
  -   referer: http://localhost:8080/
  -   sec-ch-ua: 
  -   sec-ch-ua-mobile: ?0
  -   sec-ch-ua-platform: ""
  - ← 200 OK
  -   server: SimpleHTTP/0.6 Python/3.11.15
  -   date: Mon, 18 May 2026 02:26:10 GMT
  -   content-type: video/iso.segment
  -   content-length: 243626
  -   last-modified: Wed, 22 Apr 2026 18:42:39 GMT
  -   access-control-allow-origin: *
  -   access-control-allow-methods: GET, OPTIONS
  -   access-control-allow-headers: Content-Type, Range
  -   access-control-expose-headers: Content-Length, Content-Range
  -   cache-control: public, max-age=31536000


During handling of the above exception, another exception occurred:

Traceback (most recent call last):
  File "/home/ajhunjh1/.local/lib/python3.8/site-packages/playwright/_impl/_page.py", line 297, in _on_route
    handled = await route_handler.handle(route)
  File "/home/ajhunjh1/.local/lib/python3.8/site-packages/playwright/_impl/_helper.py", line 305, in handle
    raise rewrite_error(
playwright._impl._errors.TargetClosedError: "Route.fetch: Target page, context or browser has been closed
Call log:
→ GET http://localhost:8080/chunk-stream2-00031.m4s
  -   user-agent: Mozilla/5.0 (X11; Linux x86_64) AppleWebKit/537.36 (KHTML, like Gecko) HeadlessChrome/112.0.5615.49 Safari/537.36
  -   accept: */*
  -   accept-encoding: gzip,deflate,br
  -   referer: http://localhost:8080/
  -   sec-ch-ua: 
  -   sec-ch-ua-mobile: ?0
  -   sec-ch-ua-platform: ""
  - ← 200 OK
  -   server: SimpleHTTP/0.6 Python/3.11.15
  -   date: Mon, 18 May 2026 02:26:10 GMT
  -   content-type: video/iso.segment
  -   content-length: 243626
  -   last-modified: Wed, 22 Apr 2026 18:42:39 GMT
  -   access-control-allow-origin: *
  -   access-control-allow-methods: GET, OPTIONS
  -   access-control-allow-headers: Content-Type, Range
  -   access-control-expose-headers: Content-Length, Content-Range
  -   cache-control: public, max-age=31536000
" while running route callback.
Consider awaiting `page.unroute_all(behavior='ignoreErrors')`
before the end of the test to ignore remaining routes in flight.

======================================================================
  BENCHMARK RESULTS (DASH / dash.js / BOLA)
======================================================================

  [TIMING]
      Startup delay:     2,153 ms
      Playback time:     120.3 s

  [BITRATE]
      Average (selected):  233 kbps
      Average (effective): 233 kbps
      Min / Max:           100 / 2,000 kbps
      Median:              100 kbps
      Std deviation:       363.4 kbps
      Variance:            132,055.6
      25th/75th %ile:      100 / 100 kbps

  [SWITCHES]
      Total count:       10
      Up / Down:         4 / 6
      Avg magnitude:     590 kbps

  [REBUFFERING]
      Events:            1
      Total time:        197 ms
      Ratio:             0.1635%
      Frequency:         0.499 per minute
      Avg duration:      197 ms
      Max duration:      197 ms

  [THROUGHPUT]
      Average:           12,645 kbps
      Median:            6,853 kbps
      Min / Max:         0 / 69,666 kbps
      Std deviation:     19,604.5 kbps

  [AVAILABLE BW (trace)]
      Average:           12,645 kbps
      Min / Max:         0 / 69,666 kbps
      Utilisation:       54.2%

  [BUFFER]
      Average level:     14.0 s
      Min / Max:         3.7 / 25.3 s

  [UTILIZATION]
      Bandwidth:         3.4%

======================================================================

[SAVED] results/results/run_all_20260517_165956/dash_5g-ireland/benchmark_dash_amazon_prime_static_season3-theexpanse_B_2020_01_03_10_54_39_tc_20260517_192408.json

──────────────────────────────────────────────────────────────────────
  [29/83] amazon_prime_static_season3-theexpanse_B_2020_01_05_14_55_57_tc.csv
──────────────────────────────────────────────────────────────────────
[TRACE] amazon_prime_static_season3-theexpanse_B_2020_01_05_14_55_57_tc.csv
[DASH-SHAPER] Triggering tc-trace via /startShaping API...
[DASH-SHAPER] tc-trace.py starting in container

======================================================================
  DASH Streaming QoE Benchmark (dash.js / BOLA)
======================================================================
  Server: http://localhost:8080
======================================================================

[TRACE] Loaded 2284 entries with bandwidth
[BROWSER] Launching headless Chromium...
[BROWSER-ERROR] Settings parameter streaming.timeouts is not supported
[BROWSER] Waiting for playback to start...
   Startup delay: 5571ms

[PLAYBACK] Collecting metrics...
   t=10s | buffer: 25.8s | bitrate: 100 kbps | tp: 44881 kbps | trace_bw: 44881 kbps
   t=20s | buffer: 19.7s | bitrate: 100 kbps | tp: 0 kbps | trace_bw: 0 kbps
   t=31s | buffer: 13.4s | bitrate: 100 kbps | tp: 60885 kbps | trace_bw: 60885 kbps
   t=41s | buffer: 15.3s | bitrate: 100 kbps | tp: 11 kbps | trace_bw: 11 kbps
   t=51s | buffer: 16.9s | bitrate: 100 kbps | tp: 5913 kbps | trace_bw: 5913 kbps
   t=61s | buffer: 14.8s | bitrate: 100 kbps | tp: 0 kbps | trace_bw: 0 kbps
   t=72s | buffer: 16.5s | bitrate: 100 kbps | tp: 0 kbps | trace_bw: 0 kbps
   t=82s | buffer: 10.1s | bitrate: 600 kbps | tp: 6365 kbps | trace_bw: 6365 kbps
   t=92s | buffer: 0.1s | bitrate: 2000 kbps | tp: 11878 kbps | trace_bw: 11878 kbps
   t=103s | buffer: 0.1s | bitrate: 100 kbps | tp: 11714 kbps | trace_bw: 11714 kbps
   t=113s | buffer: 10.9s | bitrate: 800 kbps | tp: 8034 kbps | trace_bw: 8034 kbps
Error occurred in event listener
Traceback (most recent call last):
  File "/home/ajhunjh1/.local/lib/python3.8/site-packages/playwright/_impl/_helper.py", line 296, in handle
    return await self._handle_internal(route)
  File "/home/ajhunjh1/.local/lib/python3.8/site-packages/playwright/_impl/_helper.py", line 332, in _handle_internal
    await handler_finished_future
  File "/home/ajhunjh1/.local/lib/python3.8/site-packages/playwright/_impl/_helper.py", line 323, in _handler
    self.handler(route, route.request)  # type: ignore
  File "/home/ajhunjh1/.local/lib/python3.8/site-packages/playwright/_impl/_impl_to_api_mapping.py", line 123, in wrapper_func
    return handler(
  File "benchmark.py", line 483, in _patch_dash_html
    resp = route.fetch()
  File "/home/ajhunjh1/.local/lib/python3.8/site-packages/playwright/sync_api/_generated.py", line 804, in fetch
    self._sync(
  File "/home/ajhunjh1/.local/lib/python3.8/site-packages/playwright/_impl/_sync_base.py", line 115, in _sync
    return task.result()
  File "/home/ajhunjh1/.local/lib/python3.8/site-packages/playwright/_impl/_network.py", line 457, in fetch
    return await self._connection.wrap_api_call(
  File "/home/ajhunjh1/.local/lib/python3.8/site-packages/playwright/_impl/_connection.py", line 520, in wrap_api_call
    raise rewrite_error(error, f"{parsed_st['apiName']}: {error}") from None
playwright._impl._errors.TargetClosedError: Route.fetch: Target page, context or browser has been closed
Call log:
→ GET http://localhost:8080/chunk-stream1-00033.m4s
  -   user-agent: Mozilla/5.0 (X11; Linux x86_64) AppleWebKit/537.36 (KHTML, like Gecko) HeadlessChrome/112.0.5615.49 Safari/537.36
  -   accept: */*
  -   accept-encoding: gzip,deflate,br
  -   referer: http://localhost:8080/
  -   sec-ch-ua: 
  -   sec-ch-ua-mobile: ?0
  -   sec-ch-ua-platform: ""


During handling of the above exception, another exception occurred:

Traceback (most recent call last):
  File "/home/ajhunjh1/.local/lib/python3.8/site-packages/playwright/_impl/_page.py", line 297, in _on_route
    handled = await route_handler.handle(route)
  File "/home/ajhunjh1/.local/lib/python3.8/site-packages/playwright/_impl/_helper.py", line 305, in handle
    raise rewrite_error(
playwright._impl._errors.TargetClosedError: "Route.fetch: Target page, context or browser has been closed
Call log:
→ GET http://localhost:8080/chunk-stream1-00033.m4s
  -   user-agent: Mozilla/5.0 (X11; Linux x86_64) AppleWebKit/537.36 (KHTML, like Gecko) HeadlessChrome/112.0.5615.49 Safari/537.36
  -   accept: */*
  -   accept-encoding: gzip,deflate,br
  -   referer: http://localhost:8080/
  -   sec-ch-ua: 
  -   sec-ch-ua-mobile: ?0
  -   sec-ch-ua-platform: ""
" while running route callback.
Consider awaiting `page.unroute_all(behavior='ignoreErrors')`
before the end of the test to ignore remaining routes in flight.

======================================================================
  BENCHMARK RESULTS (DASH / dash.js / BOLA)
======================================================================

  [TIMING]
      Startup delay:     5,571 ms
      Playback time:     112.6 s

  [BITRATE]
      Average (selected):  603 kbps
      Average (effective): 563 kbps
      Min / Max:           100 / 2,000 kbps
      Median:              100 kbps
      Std deviation:       670.3 kbps
      Variance:            449,327.7
      25th/75th %ile:      100 / 1,200 kbps

  [SWITCHES]
      Total count:       12
      Up / Down:         7 / 5
      Avg magnitude:     1,142 kbps

  [REBUFFERING]
      Events:            3
      Total time:        8,030 ms
      Ratio:             6.6582%
      Frequency:         1.599 per minute
      Avg duration:      2,677 ms
      Max duration:      5,642 ms

  [THROUGHPUT]
      Average:           15,537 kbps
      Median:            8,205 kbps
      Min / Max:         0 / 79,262 kbps
      Std deviation:     23,337.9 kbps

  [AVAILABLE BW (trace)]
      Average:           15,537 kbps
      Min / Max:         0 / 79,262 kbps
      Utilisation:       52.8%

  [BUFFER]
      Average level:     12.9 s
      Min / Max:         0.1 / 29.0 s

  [UTILIZATION]
      Bandwidth:         7.4%

======================================================================

[SAVED] results/results/run_all_20260517_165956/dash_5g-ireland/benchmark_dash_amazon_prime_static_season3-theexpanse_B_2020_01_05_14_55_57_tc_20260517_192614.json

──────────────────────────────────────────────────────────────────────
  [30/83] download_driving_B_2019_12_14_10_16_30_tc.csv
──────────────────────────────────────────────────────────────────────
[TRACE] download_driving_B_2019_12_14_10_16_30_tc.csv
[DASH-SHAPER] Triggering tc-trace via /startShaping API...
[DASH-SHAPER] tc-trace.py starting in container

======================================================================
  DASH Streaming QoE Benchmark (dash.js / BOLA)
======================================================================
  Server: http://localhost:8080
======================================================================

[TRACE] Loaded 1155 entries with bandwidth
[BROWSER] Launching headless Chromium...
[BROWSER-ERROR] Settings parameter streaming.timeouts is not supported
[BROWSER] Waiting for playback to start...
   Startup delay: 3767ms

[PLAYBACK] Collecting metrics...
   t=10s | buffer: 25.8s | bitrate: 100 kbps | tp: 14316 kbps | trace_bw: 14316 kbps
   t=20s | buffer: 19.7s | bitrate: 100 kbps | tp: 16067 kbps | trace_bw: 16067 kbps
   t=31s | buffer: 9.4s | bitrate: 4500 kbps | tp: 9593 kbps | trace_bw: 9593 kbps
   t=41s | buffer: 0.1s | bitrate: 100 kbps | tp: 6516 kbps | trace_bw: 6516 kbps
   t=51s | buffer: 2.6s | bitrate: 3000 kbps | tp: 4064 kbps | trace_bw: 4064 kbps
   t=61s | buffer: 4.7s | bitrate: 3000 kbps | tp: 10055 kbps | trace_bw: 10055 kbps
   t=71s | buffer: 10.6s | bitrate: 2000 kbps | tp: 17060 kbps | trace_bw: 17060 kbps
   t=81s | buffer: 0.3s | bitrate: 2000 kbps | tp: 14216 kbps | trace_bw: 14216 kbps
   t=92s | buffer: 0.1s | bitrate: 2000 kbps | tp: 1988 kbps | trace_bw: 1988 kbps
   t=102s | buffer: 0.7s | bitrate: 2000 kbps | tp: 12477 kbps | trace_bw: 12477 kbps
   t=112s | buffer: 0.1s | bitrate: 2000 kbps | tp: 14653 kbps | trace_bw: 14653 kbps

======================================================================
  BENCHMARK RESULTS (DASH / dash.js / BOLA)
======================================================================

  [TIMING]
      Startup delay:     3,767 ms
      Playback time:     88.4 s

  [BITRATE]
      Average (selected):  2,152 kbps
      Average (effective): 1,576 kbps
      Min / Max:           100 / 4,500 kbps
      Median:              2,000 kbps
      Std deviation:       888.5 kbps
      Variance:            789,350.7
      25th/75th %ile:      2,000 / 3,000 kbps

  [SWITCHES]
      Total count:       5
      Up / Down:         2 / 3
      Avg magnitude:     2,540 kbps

  [REBUFFERING]
      Events:            5
      Total time:        32,315 ms
      Ratio:             26.7784%
      Frequency:         3.395 per minute
      Avg duration:      6,463 ms
      Max duration:      16,549 ms

  [THROUGHPUT]
      Average:           11,422 kbps
      Median:            11,630 kbps
      Min / Max:         0 / 39,077 kbps
      Std deviation:     7,477.8 kbps

  [AVAILABLE BW (trace)]
      Average:           11,422 kbps
      Min / Max:         0 / 39,077 kbps
      Utilisation:       101.8%

  [BUFFER]
      Average level:     7.4 s
      Min / Max:         0.1 / 28.8 s

  [UTILIZATION]
      Bandwidth:         18.5%

======================================================================

[SAVED] results/results/run_all_20260517_165956/dash_5g-ireland/benchmark_dash_download_driving_B_2019_12_14_10_16_30_tc_20260517_192823.json

──────────────────────────────────────────────────────────────────────
  [31/83] download_driving_B_2019_12_16_07_22_43_tc.csv
──────────────────────────────────────────────────────────────────────
[TRACE] download_driving_B_2019_12_16_07_22_43_tc.csv
[DASH-SHAPER] Triggering tc-trace via /startShaping API...
[DASH-SHAPER] tc-trace.py starting in container

======================================================================
  DASH Streaming QoE Benchmark (dash.js / BOLA)
======================================================================
  Server: http://localhost:8080
======================================================================

[TRACE] Loaded 2617 entries with bandwidth
[BROWSER] Launching headless Chromium...
[BROWSER-ERROR] Settings parameter streaming.timeouts is not supported
[BROWSER] Waiting for playback to start...
   Startup delay: 2183ms

[PLAYBACK] Collecting metrics...
   t=10s | buffer: 25.9s | bitrate: 100 kbps | tp: 19121 kbps | trace_bw: 19121 kbps
   t=20s | buffer: 15.6s | bitrate: 100 kbps | tp: 14326 kbps | trace_bw: 14326 kbps
   t=31s | buffer: 13.5s | bitrate: 100 kbps | tp: 13659 kbps | trace_bw: 13659 kbps
   t=41s | buffer: 15.1s | bitrate: 100 kbps | tp: 15375 kbps | trace_bw: 15375 kbps
   t=51s | buffer: 13.0s | bitrate: 100 kbps | tp: 0 kbps | trace_bw: 0 kbps
   t=61s | buffer: 14.7s | bitrate: 100 kbps | tp: 11230 kbps | trace_bw: 11230 kbps
   t=72s | buffer: 16.6s | bitrate: 100 kbps | tp: 17839 kbps | trace_bw: 17839 kbps
   t=82s | buffer: 14.2s | bitrate: 100 kbps | tp: 17249 kbps | trace_bw: 17249 kbps
   t=92s | buffer: 16.1s | bitrate: 100 kbps | tp: 0 kbps | trace_bw: 0 kbps
   t=102s | buffer: 13.8s | bitrate: 100 kbps | tp: 9698 kbps | trace_bw: 9698 kbps
   t=113s | buffer: 15.7s | bitrate: 100 kbps | tp: 9529 kbps | trace_bw: 9529 kbps

======================================================================
  BENCHMARK RESULTS (DASH / dash.js / BOLA)
======================================================================

  [TIMING]
      Startup delay:     2,183 ms
      Playback time:     120.2 s

  [BITRATE]
      Average (selected):  100 kbps
      Average (effective): 99 kbps
      Min / Max:           100 / 100 kbps
      Median:              100 kbps
      Std deviation:       0.0 kbps
      Variance:            0.0
      25th/75th %ile:      100 / 100 kbps

  [SWITCHES]
      Total count:       0
      Up / Down:         0 / 0
      Avg magnitude:     0 kbps

  [REBUFFERING]
      Events:            1
      Total time:        1,107 ms
      Ratio:             0.9126%
      Frequency:         0.499 per minute
      Avg duration:      1,107 ms
      Max duration:      1,107 ms

  [THROUGHPUT]
      Average:           10,747 kbps
      Median:            11,204 kbps
      Min / Max:         0 / 22,449 kbps
      Std deviation:     5,969.7 kbps

  [AVAILABLE BW (trace)]
      Average:           10,747 kbps
      Min / Max:         0 / 22,449 kbps
      Utilisation:       104.3%

  [BUFFER]
      Average level:     15.5 s
      Min / Max:         3.5 / 28.3 s

  [UTILIZATION]
      Bandwidth:         0.9%

======================================================================

[SAVED] results/results/run_all_20260517_165956/dash_5g-ireland/benchmark_dash_download_driving_B_2019_12_16_07_22_43_tc_20260517_193031.json

──────────────────────────────────────────────────────────────────────
  [32/83] download_driving_B_2019_12_16_11_49_59_tc.csv
──────────────────────────────────────────────────────────────────────
[TRACE] download_driving_B_2019_12_16_11_49_59_tc.csv
[DASH-SHAPER] Triggering tc-trace via /startShaping API...
[DASH-SHAPER] tc-trace.py starting in container

======================================================================
  DASH Streaming QoE Benchmark (dash.js / BOLA)
======================================================================
  Server: http://localhost:8080
======================================================================

[TRACE] Loaded 401 entries with bandwidth
[BROWSER] Launching headless Chromium...
[BROWSER-ERROR] Settings parameter streaming.timeouts is not supported
[BROWSER] Waiting for playback to start...
   Startup delay: 7403ms

[PLAYBACK] Collecting metrics...
   t=10s | buffer: 21.9s | bitrate: 100 kbps | tp: 2686 kbps | trace_bw: 2686 kbps
   t=20s | buffer: 15.6s | bitrate: 100 kbps | tp: 1676 kbps | trace_bw: 1676 kbps
   t=31s | buffer: 5.5s | bitrate: 100 kbps | tp: 3167 kbps | trace_bw: 3167 kbps
   t=41s | buffer: 23.1s | bitrate: 100 kbps | tp: 255 kbps | trace_bw: 255 kbps
   t=51s | buffer: 21.0s | bitrate: 100 kbps | tp: 9904 kbps | trace_bw: 9904 kbps
   t=61s | buffer: 14.6s | bitrate: 100 kbps | tp: 6 kbps | trace_bw: 6 kbps
   t=72s | buffer: 16.6s | bitrate: 100 kbps | tp: 15950 kbps | trace_bw: 15950 kbps
   t=82s | buffer: 14.2s | bitrate: 100 kbps | tp: 16148 kbps | trace_bw: 16148 kbps
   t=92s | buffer: 16.1s | bitrate: 100 kbps | tp: 14716 kbps | trace_bw: 14716 kbps
   t=102s | buffer: 13.7s | bitrate: 100 kbps | tp: 14500 kbps | trace_bw: 14500 kbps
   t=113s | buffer: 7.4s | bitrate: 4500 kbps | tp: 17037 kbps | trace_bw: 17037 kbps
Error occurred in event listener
Traceback (most recent call last):
  File "/home/ajhunjh1/.local/lib/python3.8/site-packages/playwright/_impl/_helper.py", line 296, in handle
    return await self._handle_internal(route)
  File "/home/ajhunjh1/.local/lib/python3.8/site-packages/playwright/_impl/_helper.py", line 332, in _handle_internal
    await handler_finished_future
  File "/home/ajhunjh1/.local/lib/python3.8/site-packages/playwright/_impl/_helper.py", line 323, in _handler
    self.handler(route, route.request)  # type: ignore
  File "/home/ajhunjh1/.local/lib/python3.8/site-packages/playwright/_impl/_impl_to_api_mapping.py", line 123, in wrapper_func
    return handler(
  File "benchmark.py", line 483, in _patch_dash_html
    resp = route.fetch()
  File "/home/ajhunjh1/.local/lib/python3.8/site-packages/playwright/sync_api/_generated.py", line 804, in fetch
    self._sync(
  File "/home/ajhunjh1/.local/lib/python3.8/site-packages/playwright/_impl/_sync_base.py", line 115, in _sync
    return task.result()
  File "/home/ajhunjh1/.local/lib/python3.8/site-packages/playwright/_impl/_network.py", line 457, in fetch
    return await self._connection.wrap_api_call(
  File "/home/ajhunjh1/.local/lib/python3.8/site-packages/playwright/_impl/_connection.py", line 520, in wrap_api_call
    raise rewrite_error(error, f"{parsed_st['apiName']}: {error}") from None
playwright._impl._errors.TargetClosedError: Route.fetch: Target page, context or browser has been closed
Call log:
→ GET http://localhost:8080/chunk-stream9-00031.m4s
  -   user-agent: Mozilla/5.0 (X11; Linux x86_64) AppleWebKit/537.36 (KHTML, like Gecko) HeadlessChrome/112.0.5615.49 Safari/537.36
  -   accept: */*
  -   accept-encoding: gzip,deflate,br
  -   referer: http://localhost:8080/
  -   sec-ch-ua: 
  -   sec-ch-ua-mobile: ?0
  -   sec-ch-ua-platform: ""
  - ← 200 OK
  -   server: SimpleHTTP/0.6 Python/3.11.15
  -   date: Mon, 18 May 2026 02:34:44 GMT
  -   content-type: video/iso.segment
  -   content-length: 2546042
  -   last-modified: Wed, 22 Apr 2026 18:42:39 GMT
  -   access-control-allow-origin: *
  -   access-control-allow-methods: GET, OPTIONS
  -   access-control-allow-headers: Content-Type, Range
  -   access-control-expose-headers: Content-Length, Content-Range
  -   cache-control: public, max-age=31536000


During handling of the above exception, another exception occurred:

Traceback (most recent call last):
  File "/home/ajhunjh1/.local/lib/python3.8/site-packages/playwright/_impl/_page.py", line 297, in _on_route
    handled = await route_handler.handle(route)
  File "/home/ajhunjh1/.local/lib/python3.8/site-packages/playwright/_impl/_helper.py", line 305, in handle
    raise rewrite_error(
playwright._impl._errors.TargetClosedError: "Route.fetch: Target page, context or browser has been closed
Call log:
→ GET http://localhost:8080/chunk-stream9-00031.m4s
  -   user-agent: Mozilla/5.0 (X11; Linux x86_64) AppleWebKit/537.36 (KHTML, like Gecko) HeadlessChrome/112.0.5615.49 Safari/537.36
  -   accept: */*
  -   accept-encoding: gzip,deflate,br
  -   referer: http://localhost:8080/
  -   sec-ch-ua: 
  -   sec-ch-ua-mobile: ?0
  -   sec-ch-ua-platform: ""
  - ← 200 OK
  -   server: SimpleHTTP/0.6 Python/3.11.15
  -   date: Mon, 18 May 2026 02:34:44 GMT
  -   content-type: video/iso.segment
  -   content-length: 2546042
  -   last-modified: Wed, 22 Apr 2026 18:42:39 GMT
  -   access-control-allow-origin: *
  -   access-control-allow-methods: GET, OPTIONS
  -   access-control-allow-headers: Content-Type, Range
  -   access-control-expose-headers: Content-Length, Content-Range
  -   cache-control: public, max-age=31536000
" while running route callback.
Consider awaiting `page.unroute_all(behavior='ignoreErrors')`
before the end of the test to ignore remaining routes in flight.

======================================================================
  BENCHMARK RESULTS (DASH / dash.js / BOLA)
======================================================================

  [TIMING]
      Startup delay:     7,403 ms
      Playback time:     119.9 s

  [BITRATE]
      Average (selected):  570 kbps
      Average (effective): 567 kbps
      Min / Max:           100 / 4,500 kbps
      Median:              100 kbps
      Std deviation:       1,311.0 kbps
      Variance:            1,718,783.2
      25th/75th %ile:      100 / 100 kbps

  [SWITCHES]
      Total count:       2
      Up / Down:         2 / 0
      Avg magnitude:     2,200 kbps

  [REBUFFERING]
      Events:            2
      Total time:        498 ms
      Ratio:             0.4137%
      Frequency:         1.001 per minute
      Avg duration:      275 ms
      Max duration:      275 ms

  [THROUGHPUT]
      Average:           8,562 kbps
      Median:            7,767 kbps
      Min / Max:         0 / 19,532 kbps
      Std deviation:     7,319.5 kbps

  [AVAILABLE BW (trace)]
      Average:           8,562 kbps
      Min / Max:         0 / 19,532 kbps
      Utilisation:       90.7%

  [BUFFER]
      Average level:     15.2 s
      Min / Max:         0.5 / 28.7 s

  [UTILIZATION]
      Bandwidth:         7.3%

======================================================================

[SAVED] results/results/run_all_20260517_165956/dash_5g-ireland/benchmark_dash_download_driving_B_2019_12_16_11_49_59_tc_20260517_193237.json

──────────────────────────────────────────────────────────────────────
  [33/83] download_driving_B_2019_12_16_12_27_05_tc.csv
──────────────────────────────────────────────────────────────────────
[TRACE] download_driving_B_2019_12_16_12_27_05_tc.csv
[DASH-SHAPER] Triggering tc-trace via /startShaping API...
[DASH-SHAPER] tc-trace.py starting in container

======================================================================
  DASH Streaming QoE Benchmark (dash.js / BOLA)
======================================================================
  Server: http://localhost:8080
======================================================================

[TRACE] Loaded 1338 entries with bandwidth
[BROWSER] Launching headless Chromium...
[BROWSER-ERROR] Settings parameter streaming.timeouts is not supported
[BROWSER] Waiting for playback to start...
   Startup delay: 3285ms

[PLAYBACK] Collecting metrics...
   t=10s | buffer: 21.9s | bitrate: 100 kbps | tp: 13700 kbps | trace_bw: 13700 kbps
   t=20s | buffer: 15.8s | bitrate: 100 kbps | tp: 35138 kbps | trace_bw: 35138 kbps
   t=31s | buffer: 9.4s | bitrate: 100 kbps | tp: 10348 kbps | trace_bw: 10348 kbps
   t=41s | buffer: 15.3s | bitrate: 100 kbps | tp: 13009 kbps | trace_bw: 13009 kbps
   t=51s | buffer: 12.9s | bitrate: 100 kbps | tp: 10954 kbps | trace_bw: 10954 kbps
   t=61s | buffer: 14.8s | bitrate: 100 kbps | tp: 2837 kbps | trace_bw: 2837 kbps
   t=72s | buffer: 16.5s | bitrate: 100 kbps | tp: 8694 kbps | trace_bw: 8694 kbps
   t=82s | buffer: 14.4s | bitrate: 100 kbps | tp: 9593 kbps | trace_bw: 9593 kbps
   t=92s | buffer: 4.0s | bitrate: 100 kbps | tp: 11075 kbps | trace_bw: 11075 kbps
   t=102s | buffer: 13.9s | bitrate: 100 kbps | tp: 5574 kbps | trace_bw: 5574 kbps
   t=113s | buffer: 11.6s | bitrate: 100 kbps | tp: 14406 kbps | trace_bw: 14406 kbps
Error occurred in event listener
Traceback (most recent call last):
  File "/home/ajhunjh1/.local/lib/python3.8/site-packages/playwright/_impl/_helper.py", line 296, in handle
    return await self._handle_internal(route)
  File "/home/ajhunjh1/.local/lib/python3.8/site-packages/playwright/_impl/_helper.py", line 332, in _handle_internal
    await handler_finished_future
  File "/home/ajhunjh1/.local/lib/python3.8/site-packages/playwright/_impl/_helper.py", line 323, in _handler
    self.handler(route, route.request)  # type: ignore
  File "/home/ajhunjh1/.local/lib/python3.8/site-packages/playwright/_impl/_impl_to_api_mapping.py", line 123, in wrapper_func
    return handler(
  File "benchmark.py", line 483, in _patch_dash_html
    resp = route.fetch()
  File "/home/ajhunjh1/.local/lib/python3.8/site-packages/playwright/sync_api/_generated.py", line 804, in fetch
    self._sync(
  File "/home/ajhunjh1/.local/lib/python3.8/site-packages/playwright/_impl/_sync_base.py", line 115, in _sync
    return task.result()
  File "/home/ajhunjh1/.local/lib/python3.8/site-packages/playwright/_impl/_network.py", line 457, in fetch
    return await self._connection.wrap_api_call(
  File "/home/ajhunjh1/.local/lib/python3.8/site-packages/playwright/_impl/_connection.py", line 520, in wrap_api_call
    raise rewrite_error(error, f"{parsed_st['apiName']}: {error}") from None
playwright._impl._errors.TargetClosedError: Route.fetch: Target page, context or browser has been closed
Call log:
→ GET http://localhost:8080/chunk-stream0-00032.m4s
  -   user-agent: Mozilla/5.0 (X11; Linux x86_64) AppleWebKit/537.36 (KHTML, like Gecko) HeadlessChrome/112.0.5615.49 Safari/537.36
  -   accept: */*
  -   accept-encoding: gzip,deflate,br
  -   referer: http://localhost:8080/
  -   sec-ch-ua: 
  -   sec-ch-ua-mobile: ?0
  -   sec-ch-ua-platform: ""
  - ← 200 OK
  -   server: SimpleHTTP/0.6 Python/3.11.15
  -   date: Mon, 18 May 2026 02:36:43 GMT
  -   content-type: video/iso.segment
  -   content-length: 47076
  -   last-modified: Wed, 22 Apr 2026 18:42:39 GMT
  -   access-control-allow-origin: *
  -   access-control-allow-methods: GET, OPTIONS
  -   access-control-allow-headers: Content-Type, Range
  -   access-control-expose-headers: Content-Length, Content-Range
  -   cache-control: public, max-age=31536000


During handling of the above exception, another exception occurred:

Traceback (most recent call last):
  File "/home/ajhunjh1/.local/lib/python3.8/site-packages/playwright/_impl/_page.py", line 297, in _on_route
    handled = await route_handler.handle(route)
  File "/home/ajhunjh1/.local/lib/python3.8/site-packages/playwright/_impl/_helper.py", line 305, in handle
    raise rewrite_error(
playwright._impl._errors.TargetClosedError: "Route.fetch: Target page, context or browser has been closed
Call log:
→ GET http://localhost:8080/chunk-stream0-00032.m4s
  -   user-agent: Mozilla/5.0 (X11; Linux x86_64) AppleWebKit/537.36 (KHTML, like Gecko) HeadlessChrome/112.0.5615.49 Safari/537.36
  -   accept: */*
  -   accept-encoding: gzip,deflate,br
  -   referer: http://localhost:8080/
  -   sec-ch-ua: 
  -   sec-ch-ua-mobile: ?0
  -   sec-ch-ua-platform: ""
  - ← 200 OK
  -   server: SimpleHTTP/0.6 Python/3.11.15
  -   date: Mon, 18 May 2026 02:36:43 GMT
  -   content-type: video/iso.segment
  -   content-length: 47076
  -   last-modified: Wed, 22 Apr 2026 18:42:39 GMT
  -   access-control-allow-origin: *
  -   access-control-allow-methods: GET, OPTIONS
  -   access-control-allow-headers: Content-Type, Range
  -   access-control-expose-headers: Content-Length, Content-Range
  -   cache-control: public, max-age=31536000
" while running route callback.
Consider awaiting `page.unroute_all(behavior='ignoreErrors')`
before the end of the test to ignore remaining routes in flight.

======================================================================
  BENCHMARK RESULTS (DASH / dash.js / BOLA)
======================================================================

  [TIMING]
      Startup delay:     3,285 ms
      Playback time:     120.2 s

  [BITRATE]
      Average (selected):  100 kbps
      Average (effective): 100 kbps
      Min / Max:           100 / 100 kbps
      Median:              100 kbps
      Std deviation:       0.0 kbps
      Variance:            0.0
      25th/75th %ile:      100 / 100 kbps

  [SWITCHES]
      Total count:       0
      Up / Down:         0 / 0
      Avg magnitude:     0 kbps

  [REBUFFERING]
      Events:            1
      Total time:        199 ms
      Ratio:             0.1653%
      Frequency:         0.499 per minute
      Avg duration:      199 ms
      Max duration:      199 ms

  [THROUGHPUT]
      Average:           11,743 kbps
      Median:            11,075 kbps
      Min / Max:         0 / 35,138 kbps
      Std deviation:     7,344.4 kbps

  [AVAILABLE BW (trace)]
      Average:           11,743 kbps
      Min / Max:         0 / 35,138 kbps
      Utilisation:       94.3%

  [BUFFER]
      Average level:     13.7 s
      Min / Max:         2.4 / 25.3 s

  [UTILIZATION]
      Bandwidth:         0.9%

======================================================================

[SAVED] results/results/run_all_20260517_165956/dash_5g-ireland/benchmark_dash_download_driving_B_2019_12_16_12_27_05_tc_20260517_193448.json

──────────────────────────────────────────────────────────────────────
  [34/83] download_driving_B_2019_12_16_14_23_32_tc.csv
──────────────────────────────────────────────────────────────────────
[TRACE] download_driving_B_2019_12_16_14_23_32_tc.csv
[DASH-SHAPER] Triggering tc-trace via /startShaping API...
[DASH-SHAPER] tc-trace.py starting in container

======================================================================
  DASH Streaming QoE Benchmark (dash.js / BOLA)
======================================================================
  Server: http://localhost:8080
======================================================================

[TRACE] Loaded 2887 entries with bandwidth
[BROWSER] Launching headless Chromium...
[BROWSER-ERROR] Settings parameter streaming.timeouts is not supported
[BROWSER] Waiting for playback to start...
   Startup delay: 9836ms

[PLAYBACK] Collecting metrics...
   t=10s | buffer: 25.8s | bitrate: 100 kbps | tp: 237666 kbps | trace_bw: 237666 kbps
   t=21s | buffer: 15.5s | bitrate: 100 kbps | tp: 111854 kbps | trace_bw: 111854 kbps
   t=31s | buffer: 5.4s | bitrate: 4500 kbps | tp: 192803 kbps | trace_bw: 192803 kbps
   t=41s | buffer: 6.1s | bitrate: 4500 kbps | tp: 85727 kbps | trace_bw: 85727 kbps
   t=51s | buffer: 11.8s | bitrate: 4500 kbps | tp: 63702 kbps | trace_bw: 63702 kbps
   t=62s | buffer: 13.5s | bitrate: 4500 kbps | tp: 905 kbps | trace_bw: 905 kbps
   t=72s | buffer: 3.4s | bitrate: 4500 kbps | tp: 1172 kbps | trace_bw: 1172 kbps
   t=82s | buffer: 0.1s | bitrate: 4500 kbps | tp: 98050 kbps | trace_bw: 98050 kbps
   t=92s | buffer: 2.8s | bitrate: 4500 kbps | tp: 18737 kbps | trace_bw: 18737 kbps
   t=102s | buffer: 12.7s | bitrate: 4500 kbps | tp: 1 kbps | trace_bw: 1 kbps
   t=113s | buffer: 22.3s | bitrate: 4500 kbps | tp: 20439 kbps | trace_bw: 20439 kbps

======================================================================
  BENCHMARK RESULTS (DASH / dash.js / BOLA)
======================================================================

  [TIMING]
      Startup delay:     9,836 ms
      Playback time:     105.4 s

  [BITRATE]
      Average (selected):  4,128 kbps
      Average (effective): 3,606 kbps
      Min / Max:           100 / 4,500 kbps
      Median:              4,500 kbps
      Std deviation:       1,224.6 kbps
      Variance:            1,499,540.8
      25th/75th %ile:      4,500 / 4,500 kbps

  [SWITCHES]
      Total count:       1
      Up / Down:         1 / 0
      Avg magnitude:     4,400 kbps

  [REBUFFERING]
      Events:            4
      Total time:        15,258 ms
      Ratio:             12.6455%
      Frequency:         2.277 per minute
      Avg duration:      3,814 ms
      Max duration:      11,705 ms

  [THROUGHPUT]
      Average:           72,684 kbps
      Median:            57,460 kbps
      Min / Max:         0 / 286,411 kbps
      Std deviation:     72,801.5 kbps

  [AVAILABLE BW (trace)]
      Average:           72,684 kbps
      Min / Max:         0 / 286,411 kbps
      Utilisation:       79.1%

  [BUFFER]
      Average level:     11.1 s
      Min / Max:         0.1 / 28.8 s

  [UTILIZATION]
      Bandwidth:         7.2%

======================================================================

[SAVED] results/results/run_all_20260517_165956/dash_5g-ireland/benchmark_dash_download_driving_B_2019_12_16_14_23_32_tc_20260517_193656.json

──────────────────────────────────────────────────────────────────────
  [35/83] download_driving_B_2019_12_17_07_32_39_tc.csv
──────────────────────────────────────────────────────────────────────
[TRACE] download_driving_B_2019_12_17_07_32_39_tc.csv
[DASH-SHAPER] Triggering tc-trace via /startShaping API...
[DASH-SHAPER] tc-trace.py starting in container

======================================================================
  DASH Streaming QoE Benchmark (dash.js / BOLA)
======================================================================
  Server: http://localhost:8080
======================================================================

[TRACE] Loaded 2576 entries with bandwidth
[BROWSER] Launching headless Chromium...
[BROWSER-ERROR] Settings parameter streaming.timeouts is not supported
[BROWSER] Waiting for playback to start...
   Startup delay: 10774ms

[PLAYBACK] Collecting metrics...
   t=10s | buffer: 25.8s | bitrate: 100 kbps | tp: 18342 kbps | trace_bw: 18342 kbps
   t=20s | buffer: 15.8s | bitrate: 100 kbps | tp: 10364 kbps | trace_bw: 10364 kbps
   t=31s | buffer: 13.4s | bitrate: 100 kbps | tp: 12080 kbps | trace_bw: 12080 kbps
   t=41s | buffer: 15.3s | bitrate: 100 kbps | tp: 16841 kbps | trace_bw: 16841 kbps
   t=51s | buffer: 12.9s | bitrate: 100 kbps | tp: 30943 kbps | trace_bw: 30943 kbps
   t=61s | buffer: 14.8s | bitrate: 100 kbps | tp: 2 kbps | trace_bw: 2 kbps
   t=72s | buffer: 16.5s | bitrate: 100 kbps | tp: 16303 kbps | trace_bw: 16303 kbps
   t=82s | buffer: 10.1s | bitrate: 4500 kbps | tp: 10109 kbps | trace_bw: 10109 kbps
   t=92s | buffer: 0.1s | bitrate: 4500 kbps | tp: 16165 kbps | trace_bw: 16165 kbps
   t=102s | buffer: 0.1s | bitrate: 4500 kbps | tp: 3950 kbps | trace_bw: 3950 kbps
   t=112s | buffer: 4.0s | bitrate: 4500 kbps | tp: 13187 kbps | trace_bw: 13187 kbps
Error occurred in event listener
Traceback (most recent call last):
  File "/home/ajhunjh1/.local/lib/python3.8/site-packages/playwright/_impl/_helper.py", line 296, in handle
    return await self._handle_internal(route)
  File "/home/ajhunjh1/.local/lib/python3.8/site-packages/playwright/_impl/_helper.py", line 332, in _handle_internal
    await handler_finished_future
  File "/home/ajhunjh1/.local/lib/python3.8/site-packages/playwright/_impl/_helper.py", line 323, in _handler
    self.handler(route, route.request)  # type: ignore
  File "/home/ajhunjh1/.local/lib/python3.8/site-packages/playwright/_impl/_impl_to_api_mapping.py", line 123, in wrapper_func
    return handler(
  File "benchmark.py", line 483, in _patch_dash_html
    resp = route.fetch()
  File "/home/ajhunjh1/.local/lib/python3.8/site-packages/playwright/sync_api/_generated.py", line 804, in fetch
    self._sync(
  File "/home/ajhunjh1/.local/lib/python3.8/site-packages/playwright/_impl/_sync_base.py", line 115, in _sync
    return task.result()
  File "/home/ajhunjh1/.local/lib/python3.8/site-packages/playwright/_impl/_network.py", line 457, in fetch
    return await self._connection.wrap_api_call(
  File "/home/ajhunjh1/.local/lib/python3.8/site-packages/playwright/_impl/_connection.py", line 520, in wrap_api_call
    raise rewrite_error(error, f"{parsed_st['apiName']}: {error}") from None
playwright._impl._errors.TargetClosedError: Route.fetch: Target page, context or browser has been closed
Call log:
→ GET http://localhost:8080/init-stream8.m4s
  -   user-agent: Mozilla/5.0 (X11; Linux x86_64) AppleWebKit/537.36 (KHTML, like Gecko) HeadlessChrome/112.0.5615.49 Safari/537.36
  -   accept: */*
  -   accept-encoding: gzip,deflate,br
  -   referer: http://localhost:8080/
  -   sec-ch-ua: 
  -   sec-ch-ua-mobile: ?0
  -   sec-ch-ua-platform: ""


During handling of the above exception, another exception occurred:

Traceback (most recent call last):
  File "/home/ajhunjh1/.local/lib/python3.8/site-packages/playwright/_impl/_page.py", line 297, in _on_route
    handled = await route_handler.handle(route)
  File "/home/ajhunjh1/.local/lib/python3.8/site-packages/playwright/_impl/_helper.py", line 305, in handle
    raise rewrite_error(
playwright._impl._errors.TargetClosedError: "Route.fetch: Target page, context or browser has been closed
Call log:
→ GET http://localhost:8080/init-stream8.m4s
  -   user-agent: Mozilla/5.0 (X11; Linux x86_64) AppleWebKit/537.36 (KHTML, like Gecko) HeadlessChrome/112.0.5615.49 Safari/537.36
  -   accept: */*
  -   accept-encoding: gzip,deflate,br
  -   referer: http://localhost:8080/
  -   sec-ch-ua: 
  -   sec-ch-ua-mobile: ?0
  -   sec-ch-ua-platform: ""
" while running route callback.
Consider awaiting `page.unroute_all(behavior='ignoreErrors')`
before the end of the test to ignore remaining routes in flight.

======================================================================
  BENCHMARK RESULTS (DASH / dash.js / BOLA)
======================================================================

  [TIMING]
      Startup delay:     10,774 ms
      Playback time:     108.4 s

  [BITRATE]
      Average (selected):  2,165 kbps
      Average (effective): 1,941 kbps
      Min / Max:           100 / 4,500 kbps
      Median:              100 kbps
      Std deviation:       2,173.1 kbps
      Variance:            4,722,547.2
      25th/75th %ile:      100 / 4,500 kbps

  [SWITCHES]
      Total count:       3
      Up / Down:         2 / 1
      Avg magnitude:     1,967 kbps

  [REBUFFERING]
      Events:            3
      Total time:        12,489 ms
      Ratio:             10.3342%
      Frequency:         1.661 per minute
      Avg duration:      4,163 ms
      Max duration:      10,526 ms

  [THROUGHPUT]
      Average:           12,243 kbps
      Median:            12,182 kbps
      Min / Max:         0 / 33,219 kbps
      Std deviation:     7,302.8 kbps

  [AVAILABLE BW (trace)]
      Average:           12,243 kbps
      Min / Max:         0 / 33,219 kbps
      Utilisation:       99.5%

  [BUFFER]
      Average level:     11.8 s
      Min / Max:         0.1 / 26.9 s

  [UTILIZATION]
      Bandwidth:         17.8%

======================================================================

[SAVED] results/results/run_all_20260517_165956/dash_5g-ireland/benchmark_dash_download_driving_B_2019_12_17_07_32_39_tc_20260517_193910.json

──────────────────────────────────────────────────────────────────────
  [36/83] download_driving_B_2020_01_16_07_26_43_tc.csv
──────────────────────────────────────────────────────────────────────
[TRACE] download_driving_B_2020_01_16_07_26_43_tc.csv
[DASH-SHAPER] Triggering tc-trace via /startShaping API...
[DASH-SHAPER] tc-trace.py starting in container

======================================================================
  DASH Streaming QoE Benchmark (dash.js / BOLA)
======================================================================
  Server: http://localhost:8080
======================================================================

[TRACE] Loaded 1981 entries with bandwidth
[BROWSER] Launching headless Chromium...
[BROWSER-ERROR] Settings parameter streaming.timeouts is not supported
[BROWSER] Waiting for playback to start...
   Startup delay: 1257ms

[PLAYBACK] Collecting metrics...
   t=10s | buffer: 1.8s | bitrate: 100 kbps | tp: 8254 kbps | trace_bw: 8254 kbps
   t=20s | buffer: 0.1s | bitrate: 100 kbps | tp: 1 kbps | trace_bw: 1 kbps
   t=31s | buffer: 0.1s | bitrate: 4500 kbps | tp: 9083 kbps | trace_bw: 9083 kbps
   t=41s | buffer: 4.5s | bitrate: 3000 kbps | tp: 9183 kbps | trace_bw: 9183 kbps
   t=51s | buffer: 0.1s | bitrate: 100 kbps | tp: 14387 kbps | trace_bw: 14387 kbps
   t=61s | buffer: 8.2s | bitrate: 3000 kbps | tp: 15249 kbps | trace_bw: 15249 kbps
   t=71s | buffer: 14.1s | bitrate: 3000 kbps | tp: 18363 kbps | trace_bw: 18363 kbps
   t=82s | buffer: 15.7s | bitrate: 2000 kbps | tp: 11637 kbps | trace_bw: 11637 kbps
   t=92s | buffer: 13.1s | bitrate: 2000 kbps | tp: 17184 kbps | trace_bw: 17184 kbps
   t=103s | buffer: 10.8s | bitrate: 2000 kbps | tp: 17833 kbps | trace_bw: 17833 kbps
   t=113s | buffer: 0.7s | bitrate: 2000 kbps | tp: 11887 kbps | trace_bw: 11887 kbps
Error occurred in event listener
Traceback (most recent call last):
  File "/home/ajhunjh1/.local/lib/python3.8/site-packages/playwright/_impl/_helper.py", line 296, in handle
    return await self._handle_internal(route)
  File "/home/ajhunjh1/.local/lib/python3.8/site-packages/playwright/_impl/_helper.py", line 332, in _handle_internal
    await handler_finished_future
  File "/home/ajhunjh1/.local/lib/python3.8/site-packages/playwright/_impl/_helper.py", line 323, in _handler
    self.handler(route, route.request)  # type: ignore
  File "/home/ajhunjh1/.local/lib/python3.8/site-packages/playwright/_impl/_impl_to_api_mapping.py", line 123, in wrapper_func
    return handler(
  File "benchmark.py", line 483, in _patch_dash_html
    resp = route.fetch()
  File "/home/ajhunjh1/.local/lib/python3.8/site-packages/playwright/sync_api/_generated.py", line 804, in fetch
    self._sync(
  File "/home/ajhunjh1/.local/lib/python3.8/site-packages/playwright/_impl/_sync_base.py", line 115, in _sync
    return task.result()
  File "/home/ajhunjh1/.local/lib/python3.8/site-packages/playwright/_impl/_network.py", line 457, in fetch
    return await self._connection.wrap_api_call(
  File "/home/ajhunjh1/.local/lib/python3.8/site-packages/playwright/_impl/_connection.py", line 520, in wrap_api_call
    raise rewrite_error(error, f"{parsed_st['apiName']}: {error}") from None
playwright._impl._errors.TargetClosedError: Route.fetch: Target page, context or browser has been closed
Call log:
→ GET http://localhost:8080/chunk-stream7-00023.m4s
  -   user-agent: Mozilla/5.0 (X11; Linux x86_64) AppleWebKit/537.36 (KHTML, like Gecko) HeadlessChrome/112.0.5615.49 Safari/537.36
  -   accept: */*
  -   accept-encoding: gzip,deflate,br
  -   referer: http://localhost:8080/
  -   sec-ch-ua: 
  -   sec-ch-ua-mobile: ?0
  -   sec-ch-ua-platform: ""
  - ← 200 OK
  -   server: SimpleHTTP/0.6 Python/3.11.15
  -   date: Mon, 18 May 2026 02:43:06 GMT
  -   content-type: video/iso.segment
  -   content-length: 611766
  -   last-modified: Wed, 22 Apr 2026 18:42:34 GMT
  -   access-control-allow-origin: *
  -   access-control-allow-methods: GET, OPTIONS
  -   access-control-allow-headers: Content-Type, Range
  -   access-control-expose-headers: Content-Length, Content-Range
  -   cache-control: public, max-age=31536000


During handling of the above exception, another exception occurred:

Traceback (most recent call last):
  File "/home/ajhunjh1/.local/lib/python3.8/site-packages/playwright/_impl/_page.py", line 297, in _on_route
    handled = await route_handler.handle(route)
  File "/home/ajhunjh1/.local/lib/python3.8/site-packages/playwright/_impl/_helper.py", line 305, in handle
    raise rewrite_error(
playwright._impl._errors.TargetClosedError: "Route.fetch: Target page, context or browser has been closed
Call log:
→ GET http://localhost:8080/chunk-stream7-00023.m4s
  -   user-agent: Mozilla/5.0 (X11; Linux x86_64) AppleWebKit/537.36 (KHTML, like Gecko) HeadlessChrome/112.0.5615.49 Safari/537.36
  -   accept: */*
  -   accept-encoding: gzip,deflate,br
  -   referer: http://localhost:8080/
  -   sec-ch-ua: 
  -   sec-ch-ua-mobile: ?0
  -   sec-ch-ua-platform: ""
  - ← 200 OK
  -   server: SimpleHTTP/0.6 Python/3.11.15
  -   date: Mon, 18 May 2026 02:43:06 GMT
  -   content-type: video/iso.segment
  -   content-length: 611766
  -   last-modified: Wed, 22 Apr 2026 18:42:34 GMT
  -   access-control-allow-origin: *
  -   access-control-allow-methods: GET, OPTIONS
  -   access-control-allow-headers: Content-Type, Range
  -   access-control-expose-headers: Content-Length, Content-Range
  -   cache-control: public, max-age=31536000
" while running route callback.
Consider awaiting `page.unroute_all(behavior='ignoreErrors')`
before the end of the test to ignore remaining routes in flight.

======================================================================
  BENCHMARK RESULTS (DASH / dash.js / BOLA)
======================================================================

  [TIMING]
      Startup delay:     1,257 ms
      Playback time:     87.9 s

  [BITRATE]
      Average (selected):  2,345 kbps
      Average (effective): 1,709 kbps
      Min / Max:           100 / 4,500 kbps
      Median:              2,000 kbps
      Std deviation:       1,082.9 kbps
      Variance:            1,172,722.8
      25th/75th %ile:      2,000 / 3,000 kbps

  [SWITCHES]
      Total count:       10
      Up / Down:         6 / 4
      Avg magnitude:     2,350 kbps

  [REBUFFERING]
      Events:            5
      Total time:        32,724 ms
      Ratio:             27.1320%
      Frequency:         3.414 per minute
      Avg duration:      6,379 ms
      Max duration:      14,228 ms

  [THROUGHPUT]
      Average:           10,130 kbps
      Median:            11,204 kbps
      Min / Max:         0 / 19,208 kbps
      Std deviation:     5,840.1 kbps

  [AVAILABLE BW (trace)]
      Average:           10,130 kbps
      Min / Max:         0 / 19,208 kbps
      Utilisation:       110.6%

  [BUFFER]
      Average level:     6.3 s
      Min / Max:         0.1 / 18.5 s

  [UTILIZATION]
      Bandwidth:         20.9%

======================================================================

[SAVED] results/results/run_all_20260517_165956/dash_5g-ireland/benchmark_dash_download_driving_B_2020_01_16_07_26_43_tc_20260517_194125.json

──────────────────────────────────────────────────────────────────────
  [37/83] download_driving_B_2020_01_16_09_56_56_tc.csv
──────────────────────────────────────────────────────────────────────
[TRACE] download_driving_B_2020_01_16_09_56_56_tc.csv
[DASH-SHAPER] Triggering tc-trace via /startShaping API...
[DASH-SHAPER] tc-trace.py starting in container

======================================================================
  DASH Streaming QoE Benchmark (dash.js / BOLA)
======================================================================
  Server: http://localhost:8080
======================================================================

[TRACE] Loaded 1741 entries with bandwidth
[BROWSER] Launching headless Chromium...
[BROWSER-ERROR] Settings parameter streaming.timeouts is not supported
[BROWSER] Waiting for playback to start...
   Startup delay: 10573ms

[PLAYBACK] Collecting metrics...
   t=10s | buffer: 17.8s | bitrate: 100 kbps | tp: 17557 kbps | trace_bw: 17557 kbps
   t=21s | buffer: 7.5s | bitrate: 4500 kbps | tp: 17579 kbps | trace_bw: 17579 kbps
   t=31s | buffer: 0.1s | bitrate: 4500 kbps | tp: 19053 kbps | trace_bw: 19053 kbps
   t=41s | buffer: 0.1s | bitrate: 100 kbps | tp: 15470 kbps | trace_bw: 15470 kbps
   t=51s | buffer: 0.1s | bitrate: 100 kbps | tp: 19182 kbps | trace_bw: 19182 kbps
   t=61s | buffer: 6.7s | bitrate: 3000 kbps | tp: 9783 kbps | trace_bw: 9783 kbps
   t=71s | buffer: 0.1s | bitrate: 3000 kbps | tp: 14101 kbps | trace_bw: 14101 kbps
   t=82s | buffer: 6.0s | bitrate: 2000 kbps | tp: 6914 kbps | trace_bw: 6914 kbps
   t=92s | buffer: 7.7s | bitrate: 2000 kbps | tp: 3074 kbps | trace_bw: 3074 kbps
   t=102s | buffer: 0.1s | bitrate: 2000 kbps | tp: 8690 kbps | trace_bw: 8690 kbps
   t=112s | buffer: 0.1s | bitrate: 2000 kbps | tp: 11931 kbps | trace_bw: 11931 kbps
Error occurred in event listener
Traceback (most recent call last):
  File "/home/ajhunjh1/.local/lib/python3.8/site-packages/playwright/_impl/_helper.py", line 296, in handle
    return await self._handle_internal(route)
  File "/home/ajhunjh1/.local/lib/python3.8/site-packages/playwright/_impl/_helper.py", line 332, in _handle_internal
    await handler_finished_future
  File "/home/ajhunjh1/.local/lib/python3.8/site-packages/playwright/_impl/_helper.py", line 323, in _handler
    self.handler(route, route.request)  # type: ignore
  File "/home/ajhunjh1/.local/lib/python3.8/site-packages/playwright/_impl/_impl_to_api_mapping.py", line 123, in wrapper_func
    return handler(
  File "benchmark.py", line 483, in _patch_dash_html
    resp = route.fetch()
  File "/home/ajhunjh1/.local/lib/python3.8/site-packages/playwright/sync_api/_generated.py", line 804, in fetch
    self._sync(
  File "/home/ajhunjh1/.local/lib/python3.8/site-packages/playwright/_impl/_sync_base.py", line 115, in _sync
    return task.result()
  File "/home/ajhunjh1/.local/lib/python3.8/site-packages/playwright/_impl/_network.py", line 457, in fetch
    return await self._connection.wrap_api_call(
  File "/home/ajhunjh1/.local/lib/python3.8/site-packages/playwright/_impl/_connection.py", line 520, in wrap_api_call
    raise rewrite_error(error, f"{parsed_st['apiName']}: {error}") from None
playwright._impl._errors.TargetClosedError: Route.fetch: Target page, context or browser has been closed
Call log:
→ GET http://localhost:8080/chunk-stream6-00022.m4s
  -   user-agent: Mozilla/5.0 (X11; Linux x86_64) AppleWebKit/537.36 (KHTML, like Gecko) HeadlessChrome/112.0.5615.49 Safari/537.36
  -   accept: */*
  -   accept-encoding: gzip,deflate,br
  -   referer: http://localhost:8080/
  -   sec-ch-ua: 
  -   sec-ch-ua-mobile: ?0
  -   sec-ch-ua-platform: ""


During handling of the above exception, another exception occurred:

Traceback (most recent call last):
  File "/home/ajhunjh1/.local/lib/python3.8/site-packages/playwright/_impl/_page.py", line 297, in _on_route
    handled = await route_handler.handle(route)
  File "/home/ajhunjh1/.local/lib/python3.8/site-packages/playwright/_impl/_helper.py", line 305, in handle
    raise rewrite_error(
playwright._impl._errors.TargetClosedError: "Route.fetch: Target page, context or browser has been closed
Call log:
→ GET http://localhost:8080/chunk-stream6-00022.m4s
  -   user-agent: Mozilla/5.0 (X11; Linux x86_64) AppleWebKit/537.36 (KHTML, like Gecko) HeadlessChrome/112.0.5615.49 Safari/537.36
  -   accept: */*
  -   accept-encoding: gzip,deflate,br
  -   referer: http://localhost:8080/
  -   sec-ch-ua: 
  -   sec-ch-ua-mobile: ?0
  -   sec-ch-ua-platform: ""
" while running route callback.
Consider awaiting `page.unroute_all(behavior='ignoreErrors')`
before the end of the test to ignore remaining routes in flight.

======================================================================
  BENCHMARK RESULTS (DASH / dash.js / BOLA)
======================================================================

  [TIMING]
      Startup delay:     10,573 ms
      Playback time:     80.0 s

  [BITRATE]
      Average (selected):  2,185 kbps
      Average (effective): 1,448 kbps
      Min / Max:           100 / 4,500 kbps
      Median:              2,000 kbps
      Std deviation:       1,030.1 kbps
      Variance:            1,061,060.6
      25th/75th %ile:      2,000 / 3,000 kbps

  [SWITCHES]
      Total count:       11
      Up / Down:         6 / 5
      Avg magnitude:     2,945 kbps

  [REBUFFERING]
      Events:            6
      Total time:        40,718 ms
      Ratio:             33.7417%
      Frequency:         4.502 per minute
      Avg duration:      6,786 ms
      Max duration:      16,895 ms

  [THROUGHPUT]
      Average:           10,891 kbps
      Median:            11,302 kbps
      Min / Max:         0 / 24,557 kbps
      Std deviation:     6,647.2 kbps

  [AVAILABLE BW (trace)]
      Average:           10,891 kbps
      Min / Max:         0 / 24,557 kbps
      Utilisation:       103.8%

  [BUFFER]
      Average level:     4.8 s
      Min / Max:         0.1 / 20.5 s

  [UTILIZATION]
      Bandwidth:         19.3%

======================================================================

[SAVED] results/results/run_all_20260517_165956/dash_5g-ireland/benchmark_dash_download_driving_B_2020_01_16_09_56_56_tc_20260517_194334.json

──────────────────────────────────────────────────────────────────────
  [38/83] download_driving_B_2020_01_16_12_10_03_tc.csv
──────────────────────────────────────────────────────────────────────
[TRACE] download_driving_B_2020_01_16_12_10_03_tc.csv
[DASH-SHAPER] Triggering tc-trace via /startShaping API...
[DASH-SHAPER] tc-trace.py starting in container

======================================================================
  DASH Streaming QoE Benchmark (dash.js / BOLA)
======================================================================
  Server: http://localhost:8080
======================================================================

[TRACE] Loaded 384 entries with bandwidth
[BROWSER] Launching headless Chromium...
[BROWSER-ERROR] Settings parameter streaming.timeouts is not supported
[BROWSER] Waiting for playback to start...
   Startup delay: 1710ms

[PLAYBACK] Collecting metrics...
   t=10s | buffer: 21.8s | bitrate: 100 kbps | tp: 241673 kbps | trace_bw: 241673 kbps
   t=20s | buffer: 15.7s | bitrate: 100 kbps | tp: 19584 kbps | trace_bw: 19584 kbps
   t=31s | buffer: 13.4s | bitrate: 100 kbps | tp: 189388 kbps | trace_bw: 189388 kbps
   t=41s | buffer: 15.3s | bitrate: 100 kbps | tp: 185658 kbps | trace_bw: 185658 kbps
   t=51s | buffer: 16.9s | bitrate: 100 kbps | tp: 13401 kbps | trace_bw: 13401 kbps
   t=62s | buffer: 6.3s | bitrate: 4500 kbps | tp: 15676 kbps | trace_bw: 15676 kbps
   t=72s | buffer: 3.9s | bitrate: 4500 kbps | tp: 231012 kbps | trace_bw: 231012 kbps
   t=82s | buffer: 17.9s | bitrate: 4500 kbps | tp: 101905 kbps | trace_bw: 101905 kbps
   t=93s | buffer: 23.2s | bitrate: 4500 kbps | tp: 223527 kbps | trace_bw: 223527 kbps
   t=103s | buffer: 13.1s | bitrate: 4500 kbps | tp: 22209 kbps | trace_bw: 22209 kbps
   t=113s | buffer: 3.0s | bitrate: 4500 kbps | tp: 199638 kbps | trace_bw: 199638 kbps
Error occurred in event listener
Traceback (most recent call last):
  File "/home/ajhunjh1/.local/lib/python3.8/site-packages/playwright/_impl/_helper.py", line 296, in handle
    return await self._handle_internal(route)
  File "/home/ajhunjh1/.local/lib/python3.8/site-packages/playwright/_impl/_helper.py", line 332, in _handle_internal
    await handler_finished_future
  File "/home/ajhunjh1/.local/lib/python3.8/site-packages/playwright/_impl/_helper.py", line 323, in _handler
    self.handler(route, route.request)  # type: ignore
  File "/home/ajhunjh1/.local/lib/python3.8/site-packages/playwright/_impl/_impl_to_api_mapping.py", line 123, in wrapper_func
    return handler(
  File "benchmark.py", line 483, in _patch_dash_html
    resp = route.fetch()
  File "/home/ajhunjh1/.local/lib/python3.8/site-packages/playwright/sync_api/_generated.py", line 804, in fetch
    self._sync(
  File "/home/ajhunjh1/.local/lib/python3.8/site-packages/playwright/_impl/_sync_base.py", line 115, in _sync
    return task.result()
  File "/home/ajhunjh1/.local/lib/python3.8/site-packages/playwright/_impl/_network.py", line 457, in fetch
    return await self._connection.wrap_api_call(
  File "/home/ajhunjh1/.local/lib/python3.8/site-packages/playwright/_impl/_connection.py", line 520, in wrap_api_call
    raise rewrite_error(error, f"{parsed_st['apiName']}: {error}") from None
playwright._impl._errors.TargetClosedError: Route.fetch: Target page, context or browser has been closed
Call log:
→ GET http://localhost:8080/chunk-stream9-00030.m4s
  -   user-agent: Mozilla/5.0 (X11; Linux x86_64) AppleWebKit/537.36 (KHTML, like Gecko) HeadlessChrome/112.0.5615.49 Safari/537.36
  -   accept: */*
  -   accept-encoding: gzip,deflate,br
  -   referer: http://localhost:8080/
  -   sec-ch-ua: 
  -   sec-ch-ua-mobile: ?0
  -   sec-ch-ua-platform: ""
  - ← 200 OK
  -   server: SimpleHTTP/0.6 Python/3.11.15
  -   date: Mon, 18 May 2026 02:47:23 GMT
  -   content-type: video/iso.segment
  -   content-length: 3606941
  -   last-modified: Wed, 22 Apr 2026 18:42:38 GMT
  -   access-control-allow-origin: *
  -   access-control-allow-methods: GET, OPTIONS
  -   access-control-allow-headers: Content-Type, Range
  -   access-control-expose-headers: Content-Length, Content-Range
  -   cache-control: public, max-age=31536000


During handling of the above exception, another exception occurred:

Traceback (most recent call last):
  File "/home/ajhunjh1/.local/lib/python3.8/site-packages/playwright/_impl/_page.py", line 297, in _on_route
    handled = await route_handler.handle(route)
  File "/home/ajhunjh1/.local/lib/python3.8/site-packages/playwright/_impl/_helper.py", line 305, in handle
    raise rewrite_error(
playwright._impl._errors.TargetClosedError: "Route.fetch: Target page, context or browser has been closed
Call log:
→ GET http://localhost:8080/chunk-stream9-00030.m4s
  -   user-agent: Mozilla/5.0 (X11; Linux x86_64) AppleWebKit/537.36 (KHTML, like Gecko) HeadlessChrome/112.0.5615.49 Safari/537.36
  -   accept: */*
  -   accept-encoding: gzip,deflate,br
  -   referer: http://localhost:8080/
  -   sec-ch-ua: 
  -   sec-ch-ua-mobile: ?0
  -   sec-ch-ua-platform: ""
  - ← 200 OK
  -   server: SimpleHTTP/0.6 Python/3.11.15
  -   date: Mon, 18 May 2026 02:47:23 GMT
  -   content-type: video/iso.segment
  -   content-length: 3606941
  -   last-modified: Wed, 22 Apr 2026 18:42:38 GMT
  -   access-control-allow-origin: *
  -   access-control-allow-methods: GET, OPTIONS
  -   access-control-allow-headers: Content-Type, Range
  -   access-control-expose-headers: Content-Length, Content-Range
  -   cache-control: public, max-age=31536000
" while running route callback.
Consider awaiting `page.unroute_all(behavior='ignoreErrors')`
before the end of the test to ignore remaining routes in flight.
Error occurred in event listener
Traceback (most recent call last):
  File "/home/ajhunjh1/.local/lib/python3.8/site-packages/playwright/_impl/_helper.py", line 296, in handle
    return await self._handle_internal(route)
  File "/home/ajhunjh1/.local/lib/python3.8/site-packages/playwright/_impl/_helper.py", line 332, in _handle_internal
    await handler_finished_future
  File "/home/ajhunjh1/.local/lib/python3.8/site-packages/playwright/_impl/_helper.py", line 323, in _handler
    self.handler(route, route.request)  # type: ignore
  File "/home/ajhunjh1/.local/lib/python3.8/site-packages/playwright/_impl/_impl_to_api_mapping.py", line 123, in wrapper_func
    return handler(
  File "benchmark.py", line 483, in _patch_dash_html
    resp = route.fetch()
  File "/home/ajhunjh1/.local/lib/python3.8/site-packages/playwright/sync_api/_generated.py", line 804, in fetch
    self._sync(
  File "/home/ajhunjh1/.local/lib/python3.8/site-packages/playwright/_impl/_sync_base.py", line 115, in _sync
    return task.result()
  File "/home/ajhunjh1/.local/lib/python3.8/site-packages/playwright/_impl/_network.py", line 457, in fetch
    return await self._connection.wrap_api_call(
  File "/home/ajhunjh1/.local/lib/python3.8/site-packages/playwright/_impl/_connection.py", line 520, in wrap_api_call
    raise rewrite_error(error, f"{parsed_st['apiName']}: {error}") from None
playwright._impl._errors.TargetClosedError: Route.fetch: Target page, context or browser has been closed
Call log:
→ GET http://localhost:8080/chunk-stream9-00030.m4s
  -   user-agent: Mozilla/5.0 (X11; Linux x86_64) AppleWebKit/537.36 (KHTML, like Gecko) HeadlessChrome/112.0.5615.49 Safari/537.36
  -   accept: */*
  -   accept-encoding: gzip,deflate,br
  -   referer: http://localhost:8080/
  -   sec-ch-ua: 
  -   sec-ch-ua-mobile: ?0
  -   sec-ch-ua-platform: ""


During handling of the above exception, another exception occurred:

Traceback (most recent call last):
  File "/home/ajhunjh1/.local/lib/python3.8/site-packages/playwright/_impl/_page.py", line 297, in _on_route
    handled = await route_handler.handle(route)
  File "/home/ajhunjh1/.local/lib/python3.8/site-packages/playwright/_impl/_helper.py", line 305, in handle
    raise rewrite_error(
playwright._impl._errors.TargetClosedError: "Route.fetch: Target page, context or browser has been closed
Call log:
→ GET http://localhost:8080/chunk-stream9-00030.m4s
  -   user-agent: Mozilla/5.0 (X11; Linux x86_64) AppleWebKit/537.36 (KHTML, like Gecko) HeadlessChrome/112.0.5615.49 Safari/537.36
  -   accept: */*
  -   accept-encoding: gzip,deflate,br
  -   referer: http://localhost:8080/
  -   sec-ch-ua: 
  -   sec-ch-ua-mobile: ?0
  -   sec-ch-ua-platform: ""
" while running route callback.
Consider awaiting `page.unroute_all(behavior='ignoreErrors')`
before the end of the test to ignore remaining routes in flight.

======================================================================
  BENCHMARK RESULTS (DASH / dash.js / BOLA)
======================================================================

  [TIMING]
      Startup delay:     1,710 ms
      Playback time:     115.9 s

  [BITRATE]
      Average (selected):  2,502 kbps
      Average (effective): 2,405 kbps
      Min / Max:           100 / 4,500 kbps
      Median:              4,500 kbps
      Std deviation:       2,190.7 kbps
      Variance:            4,799,330.6
      25th/75th %ile:      100 / 4,500 kbps

  [SWITCHES]
      Total count:       1
      Up / Down:         1 / 0
      Avg magnitude:     4,400 kbps

  [REBUFFERING]
      Events:            2
      Total time:        4,648 ms
      Ratio:             3.8562%
      Frequency:         1.035 per minute
      Avg duration:      194 ms
      Max duration:      194 ms

  [THROUGHPUT]
      Average:           125,151 kbps
      Median:            105,567 kbps
      Min / Max:         0 / 334,705 kbps
      Std deviation:     104,891.4 kbps

  [AVAILABLE BW (trace)]
      Average:           125,151 kbps
      Min / Max:         0 / 334,705 kbps
      Utilisation:       84.4%

  [BUFFER]
      Average level:     13.0 s
      Min / Max:         0.1 / 25.0 s

  [UTILIZATION]
      Bandwidth:         2.4%

======================================================================

[SAVED] results/results/run_all_20260517_165956/dash_5g-ireland/benchmark_dash_download_driving_B_2020_01_16_12_10_03_tc_20260517_194548.json

──────────────────────────────────────────────────────────────────────
  [39/83] download_driving_B_2020_02_13_13_03_24_tc.csv
──────────────────────────────────────────────────────────────────────
[TRACE] download_driving_B_2020_02_13_13_03_24_tc.csv
[DASH-SHAPER] Triggering tc-trace via /startShaping API...
[DASH-SHAPER] tc-trace.py starting in container

======================================================================
  DASH Streaming QoE Benchmark (dash.js / BOLA)
======================================================================
  Server: http://localhost:8080
======================================================================

[TRACE] Loaded 2468 entries with bandwidth
[BROWSER] Launching headless Chromium...
[BROWSER-ERROR] Settings parameter streaming.timeouts is not supported
[BROWSER] Waiting for playback to start...
   Startup delay: 1329ms

[PLAYBACK] Collecting metrics...
   t=10s | buffer: 25.8s | bitrate: 100 kbps | tp: 10414 kbps | trace_bw: 10414 kbps
   t=21s | buffer: 15.7s | bitrate: 100 kbps | tp: 5206 kbps | trace_bw: 5206 kbps
   t=31s | buffer: 13.4s | bitrate: 100 kbps | tp: 14651 kbps | trace_bw: 14651 kbps
   t=41s | buffer: 15.3s | bitrate: 100 kbps | tp: 11188 kbps | trace_bw: 11188 kbps
   t=51s | buffer: 16.9s | bitrate: 100 kbps | tp: 2020 kbps | trace_bw: 2020 kbps
   t=61s | buffer: 14.8s | bitrate: 100 kbps | tp: 1 kbps | trace_bw: 1 kbps
   t=72s | buffer: 12.5s | bitrate: 100 kbps | tp: 15494 kbps | trace_bw: 15494 kbps
   t=82s | buffer: 2.4s | bitrate: 100 kbps | tp: 8815 kbps | trace_bw: 8815 kbps
   t=92s | buffer: 4.0s | bitrate: 100 kbps | tp: 10349 kbps | trace_bw: 10349 kbps
   t=102s | buffer: 13.9s | bitrate: 100 kbps | tp: 1995 kbps | trace_bw: 1995 kbps
   t=113s | buffer: 15.6s | bitrate: 100 kbps | tp: 15476 kbps | trace_bw: 15476 kbps

======================================================================
  BENCHMARK RESULTS (DASH / dash.js / BOLA)
======================================================================

  [TIMING]
      Startup delay:     1,329 ms
      Playback time:     120.2 s

  [BITRATE]
      Average (selected):  100 kbps
      Average (effective): 100 kbps
      Min / Max:           100 / 100 kbps
      Median:              100 kbps
      Std deviation:       0.0 kbps
      Variance:            0.0
      25th/75th %ile:      100 / 100 kbps

  [SWITCHES]
      Total count:       0
      Up / Down:         0 / 0
      Avg magnitude:     0 kbps

  [REBUFFERING]
      Events:            1
      Total time:        195 ms
      Ratio:             0.1620%
      Frequency:         0.499 per minute
      Avg duration:      195 ms
      Max duration:      195 ms

  [THROUGHPUT]
      Average:           8,649 kbps
      Median:            8,622 kbps
      Min / Max:         0 / 21,587 kbps
      Std deviation:     5,464.9 kbps

  [AVAILABLE BW (trace)]
      Average:           8,649 kbps
      Min / Max:         0 / 21,587 kbps
      Utilisation:       99.7%

  [BUFFER]
      Average level:     13.9 s
      Min / Max:         2.4 / 28.0 s

  [UTILIZATION]
      Bandwidth:         1.2%

======================================================================

[SAVED] results/results/run_all_20260517_165956/dash_5g-ireland/benchmark_dash_download_driving_B_2020_02_13_13_03_24_tc_20260517_194754.json

──────────────────────────────────────────────────────────────────────
  [40/83] download_driving_B_2020_02_13_15_02_01_tc.csv
──────────────────────────────────────────────────────────────────────
[TRACE] download_driving_B_2020_02_13_15_02_01_tc.csv
[DASH-SHAPER] Triggering tc-trace via /startShaping API...
[DASH-SHAPER] tc-trace.py starting in container

======================================================================
  DASH Streaming QoE Benchmark (dash.js / BOLA)
======================================================================
  Server: http://localhost:8080
======================================================================

[TRACE] Loaded 3574 entries with bandwidth
[BROWSER] Launching headless Chromium...
[BROWSER-ERROR] Settings parameter streaming.timeouts is not supported
[BROWSER] Waiting for playback to start...
   Startup delay: 5039ms

[PLAYBACK] Collecting metrics...
   t=10s | buffer: 15.1s | bitrate: 100 kbps | tp: 75617 kbps | trace_bw: 75617 kbps
   t=21s | buffer: 8.7s | bitrate: 3000 kbps | tp: 3 kbps | trace_bw: 3 kbps
   t=31s | buffer: 10.1s | bitrate: 3000 kbps | tp: 103654 kbps | trace_bw: 103654 kbps
   t=41s | buffer: 12.3s | bitrate: 4500 kbps | tp: 86076 kbps | trace_bw: 86076 kbps
   t=51s | buffer: 1.9s | bitrate: 4500 kbps | tp: 132155 kbps | trace_bw: 132155 kbps
   t=62s | buffer: 8.6s | bitrate: 4500 kbps | tp: 124583 kbps | trace_bw: 124583 kbps
   t=72s | buffer: 14.5s | bitrate: 4500 kbps | tp: 47896 kbps | trace_bw: 47896 kbps
   t=82s | buffer: 24.1s | bitrate: 4500 kbps | tp: 34908 kbps | trace_bw: 34908 kbps
   t=93s | buffer: 25.8s | bitrate: 4500 kbps | tp: 18517 kbps | trace_bw: 18517 kbps
   t=103s | buffer: 27.4s | bitrate: 4500 kbps | tp: 116346 kbps | trace_bw: 116346 kbps
   t=113s | buffer: 25.3s | bitrate: 4500 kbps | tp: 263557 kbps | trace_bw: 263557 kbps

======================================================================
  BENCHMARK RESULTS (DASH / dash.js / BOLA)
======================================================================

  [TIMING]
      Startup delay:     5,039 ms
      Playback time:     117.8 s

  [BITRATE]
      Average (selected):  3,949 kbps
      Average (effective): 3,866 kbps
      Min / Max:           100 / 4,500 kbps
      Median:              4,500 kbps
      Std deviation:       1,233.2 kbps
      Variance:            1,520,867.8
      25th/75th %ile:      4,500 / 4,500 kbps

  [SWITCHES]
      Total count:       4
      Up / Down:         2 / 2
      Avg magnitude:     2,950 kbps

  [REBUFFERING]
      Events:            3
      Total time:        2,521 ms
      Ratio:             2.0948%
      Frequency:         1.528 per minute
      Avg duration:      840 ms
      Max duration:      1,229 ms

  [THROUGHPUT]
      Average:           79,384 kbps
      Median:            80,913 kbps
      Min / Max:         0 / 264,295 kbps
      Std deviation:     60,830.2 kbps

  [AVAILABLE BW (trace)]
      Average:           79,384 kbps
      Min / Max:         0 / 264,295 kbps
      Utilisation:       101.9%

  [BUFFER]
      Average level:     15.0 s
      Min / Max:         0.1 / 28.2 s

  [UTILIZATION]
      Bandwidth:         4.9%

======================================================================

[SAVED] results/results/run_all_20260517_165956/dash_5g-ireland/benchmark_dash_download_driving_B_2020_02_13_15_02_01_tc_20260517_194959.json

──────────────────────────────────────────────────────────────────────
  [41/83] download_driving_B_2020_02_14_07_29_00_tc.csv
──────────────────────────────────────────────────────────────────────
[TRACE] download_driving_B_2020_02_14_07_29_00_tc.csv
[DASH-SHAPER] Triggering tc-trace via /startShaping API...
[DASH-SHAPER] tc-trace.py starting in container

======================================================================
  DASH Streaming QoE Benchmark (dash.js / BOLA)
======================================================================
  Server: http://localhost:8080
======================================================================

[TRACE] Loaded 2139 entries with bandwidth
[BROWSER] Launching headless Chromium...
[BROWSER-ERROR] Settings parameter streaming.timeouts is not supported
[BROWSER] Waiting for playback to start...
   Startup delay: 3375ms

[PLAYBACK] Collecting metrics...
   t=10s | buffer: 21.7s | bitrate: 100 kbps | tp: 13071 kbps | trace_bw: 13071 kbps
   t=20s | buffer: 15.6s | bitrate: 100 kbps | tp: 9149 kbps | trace_bw: 9149 kbps
   t=31s | buffer: 13.3s | bitrate: 100 kbps | tp: 11306 kbps | trace_bw: 11306 kbps
   t=41s | buffer: 15.2s | bitrate: 100 kbps | tp: 24773 kbps | trace_bw: 24773 kbps
   t=51s | buffer: 12.8s | bitrate: 100 kbps | tp: 15368 kbps | trace_bw: 15368 kbps
   t=61s | buffer: 14.7s | bitrate: 100 kbps | tp: 4724 kbps | trace_bw: 4724 kbps
   t=72s | buffer: 16.4s | bitrate: 100 kbps | tp: 12071 kbps | trace_bw: 12071 kbps
   t=82s | buffer: 14.3s | bitrate: 100 kbps | tp: 19796 kbps | trace_bw: 19796 kbps
   t=92s | buffer: 4.2s | bitrate: 100 kbps | tp: 11913 kbps | trace_bw: 11913 kbps
   t=102s | buffer: 13.8s | bitrate: 100 kbps | tp: 2 kbps | trace_bw: 2 kbps
   t=113s | buffer: 15.7s | bitrate: 100 kbps | tp: 160379 kbps | trace_bw: 160379 kbps

======================================================================
  BENCHMARK RESULTS (DASH / dash.js / BOLA)
======================================================================

  [TIMING]
      Startup delay:     3,375 ms
      Playback time:     120.2 s

  [BITRATE]
      Average (selected):  100 kbps
      Average (effective): 98 kbps
      Min / Max:           100 / 100 kbps
      Median:              100 kbps
      Std deviation:       0.0 kbps
      Variance:            0.0
      25th/75th %ile:      100 / 100 kbps

  [SWITCHES]
      Total count:       0
      Up / Down:         0 / 0
      Avg magnitude:     0 kbps

  [REBUFFERING]
      Events:            1
      Total time:        1,953 ms
      Ratio:             1.5988%
      Frequency:         0.499 per minute
      Avg duration:      1,953 ms
      Max duration:      1,953 ms

  [THROUGHPUT]
      Average:           31,177 kbps
      Median:            15,686 kbps
      Min / Max:         0 / 161,665 kbps
      Std deviation:     44,320.7 kbps

  [AVAILABLE BW (trace)]
      Average:           31,177 kbps
      Min / Max:         0 / 161,665 kbps
      Utilisation:       50.3%

  [BUFFER]
      Average level:     14.3 s
      Min / Max:         2.6 / 24.9 s

  [UTILIZATION]
      Bandwidth:         0.6%

======================================================================

[SAVED] results/results/run_all_20260517_165956/dash_5g-ireland/benchmark_dash_download_driving_B_2020_02_14_07_29_00_tc_20260517_195208.json

──────────────────────────────────────────────────────────────────────
  [42/83] download_driving_B_2020_02_14_09_38_22_tc.csv
──────────────────────────────────────────────────────────────────────
[TRACE] download_driving_B_2020_02_14_09_38_22_tc.csv
[DASH-SHAPER] Triggering tc-trace via /startShaping API...
[DASH-SHAPER] tc-trace.py starting in container

======================================================================
  DASH Streaming QoE Benchmark (dash.js / BOLA)
======================================================================
  Server: http://localhost:8080
======================================================================

[TRACE] Loaded 1646 entries with bandwidth
[BROWSER] Launching headless Chromium...
[BROWSER-ERROR] Settings parameter streaming.timeouts is not supported
[BROWSER] Waiting for playback to start...
   Startup delay: 1538ms

[PLAYBACK] Collecting metrics...
   t=10s | buffer: 25.8s | bitrate: 100 kbps | tp: 9125 kbps | trace_bw: 9125 kbps
   t=20s | buffer: 15.8s | bitrate: 100 kbps | tp: 4183 kbps | trace_bw: 4183 kbps
   t=31s | buffer: 5.4s | bitrate: 4500 kbps | tp: 1807 kbps | trace_bw: 1807 kbps
   t=41s | buffer: 0.1s | bitrate: 4500 kbps | tp: 8109 kbps | trace_bw: 8109 kbps
   t=51s | buffer: 6.7s | bitrate: 100 kbps | tp: 5404 kbps | trace_bw: 5404 kbps
   t=62s | buffer: 4.3s | bitrate: 4500 kbps | tp: 6436 kbps | trace_bw: 6436 kbps
   t=72s | buffer: 4.7s | bitrate: 3000 kbps | tp: 5014 kbps | trace_bw: 5014 kbps
   t=82s | buffer: 6.6s | bitrate: 2000 kbps | tp: 6307 kbps | trace_bw: 6307 kbps
   t=92s | buffer: 4.5s | bitrate: 3000 kbps | tp: 489 kbps | trace_bw: 489 kbps
   t=102s | buffer: 5.8s | bitrate: 2000 kbps | tp: 5777 kbps | trace_bw: 5777 kbps
   t=113s | buffer: 11.5s | bitrate: 2000 kbps | tp: 11422 kbps | trace_bw: 11422 kbps

======================================================================
  BENCHMARK RESULTS (DASH / dash.js / BOLA)
======================================================================

  [TIMING]
      Startup delay:     1,538 ms
      Playback time:     104.0 s

  [BITRATE]
      Average (selected):  2,312 kbps
      Average (effective): 1,995 kbps
      Min / Max:           100 / 4,500 kbps
      Median:              2,000 kbps
      Std deviation:       1,286.4 kbps
      Variance:            1,654,949.8
      25th/75th %ile:      2,000 / 3,000 kbps

  [SWITCHES]
      Total count:       14
      Up / Down:         9 / 5
      Avg magnitude:     1,921 kbps

  [REBUFFERING]
      Events:            3
      Total time:        16,533 ms
      Ratio:             13.7217%
      Frequency:         1.732 per minute
      Avg duration:      5,511 ms
      Max duration:      13,698 ms

  [THROUGHPUT]
      Average:           6,149 kbps
      Median:            5,973 kbps
      Min / Max:         0 / 20,801 kbps
      Std deviation:     4,350.5 kbps

  [AVAILABLE BW (trace)]
      Average:           6,149 kbps
      Min / Max:         0 / 20,801 kbps
      Utilisation:       97.1%

  [BUFFER]
      Average level:     7.8 s
      Min / Max:         0.1 / 26.9 s

  [UTILIZATION]
      Bandwidth:         38.7%

======================================================================

[SAVED] results/results/run_all_20260517_165956/dash_5g-ireland/benchmark_dash_download_driving_B_2020_02_14_09_38_22_tc_20260517_195415.json

──────────────────────────────────────────────────────────────────────
  [43/83] download_driving_B_2020_02_14_12_58_17_tc.csv
──────────────────────────────────────────────────────────────────────
[TRACE] download_driving_B_2020_02_14_12_58_17_tc.csv
[DASH-SHAPER] Triggering tc-trace via /startShaping API...
[DASH-SHAPER] tc-trace.py starting in container

======================================================================
  DASH Streaming QoE Benchmark (dash.js / BOLA)
======================================================================
  Server: http://localhost:8080
======================================================================

[TRACE] Loaded 960 entries with bandwidth
[BROWSER] Launching headless Chromium...
[BROWSER-ERROR] Settings parameter streaming.timeouts is not supported
[BROWSER] Waiting for playback to start...
   Startup delay: 1805ms

[PLAYBACK] Collecting metrics...
   t=10s | buffer: 15.0s | bitrate: 100 kbps | tp: 11018 kbps | trace_bw: 11018 kbps
   t=20s | buffer: 4.9s | bitrate: 4500 kbps | tp: 13201 kbps | trace_bw: 13201 kbps
   t=31s | buffer: 3.4s | bitrate: 4500 kbps | tp: 14805 kbps | trace_bw: 14805 kbps
   t=41s | buffer: 5.3s | bitrate: 4500 kbps | tp: 20636 kbps | trace_bw: 20636 kbps
   t=51s | buffer: 0.1s | bitrate: 4500 kbps | tp: 14510 kbps | trace_bw: 14510 kbps
   t=61s | buffer: 4.8s | bitrate: 4500 kbps | tp: 8490 kbps | trace_bw: 8490 kbps
   t=72s | buffer: 0.1s | bitrate: 4500 kbps | tp: 1182 kbps | trace_bw: 1182 kbps
   t=82s | buffer: 0.1s | bitrate: 4500 kbps | tp: 23 kbps | trace_bw: 23 kbps
   t=92s | buffer: 0.1s | bitrate: 4500 kbps | tp: 14144 kbps | trace_bw: 14144 kbps
   t=103s | buffer: 3.4s | bitrate: 400 kbps | tp: 1430 kbps | trace_bw: 1430 kbps
   t=113s | buffer: 5.0s | bitrate: 3000 kbps | tp: 983 kbps | trace_bw: 983 kbps
Error occurred in event listener
Traceback (most recent call last):
  File "/home/ajhunjh1/.local/lib/python3.8/site-packages/playwright/_impl/_helper.py", line 296, in handle
    return await self._handle_internal(route)
  File "/home/ajhunjh1/.local/lib/python3.8/site-packages/playwright/_impl/_helper.py", line 332, in _handle_internal
    await handler_finished_future
  File "/home/ajhunjh1/.local/lib/python3.8/site-packages/playwright/_impl/_helper.py", line 323, in _handler
    self.handler(route, route.request)  # type: ignore
  File "/home/ajhunjh1/.local/lib/python3.8/site-packages/playwright/_impl/_impl_to_api_mapping.py", line 123, in wrapper_func
    return handler(
  File "benchmark.py", line 483, in _patch_dash_html
    resp = route.fetch()
  File "/home/ajhunjh1/.local/lib/python3.8/site-packages/playwright/sync_api/_generated.py", line 804, in fetch
    self._sync(
  File "/home/ajhunjh1/.local/lib/python3.8/site-packages/playwright/_impl/_sync_base.py", line 115, in _sync
    return task.result()
  File "/home/ajhunjh1/.local/lib/python3.8/site-packages/playwright/_impl/_network.py", line 457, in fetch
    return await self._connection.wrap_api_call(
  File "/home/ajhunjh1/.local/lib/python3.8/site-packages/playwright/_impl/_connection.py", line 520, in wrap_api_call
    raise rewrite_error(error, f"{parsed_st['apiName']}: {error}") from None
playwright._impl._errors.TargetClosedError: Route.fetch: Target page, context or browser has been closed
Call log:
→ GET http://localhost:8080/chunk-stream8-00017.m4s
  -   user-agent: Mozilla/5.0 (X11; Linux x86_64) AppleWebKit/537.36 (KHTML, like Gecko) HeadlessChrome/112.0.5615.49 Safari/537.36
  -   accept: */*
  -   accept-encoding: gzip,deflate,br
  -   referer: http://localhost:8080/
  -   sec-ch-ua: 
  -   sec-ch-ua-mobile: ?0
  -   sec-ch-ua-platform: ""
  - ← 200 OK
  -   server: SimpleHTTP/0.6 Python/3.11.15
  -   date: Mon, 18 May 2026 02:58:11 GMT
  -   content-type: video/iso.segment
  -   content-length: 1527335
  -   last-modified: Wed, 22 Apr 2026 18:42:30 GMT
  -   access-control-allow-origin: *
  -   access-control-allow-methods: GET, OPTIONS
  -   access-control-allow-headers: Content-Type, Range
  -   access-control-expose-headers: Content-Length, Content-Range
  -   cache-control: public, max-age=31536000


During handling of the above exception, another exception occurred:

Traceback (most recent call last):
  File "/home/ajhunjh1/.local/lib/python3.8/site-packages/playwright/_impl/_page.py", line 297, in _on_route
    handled = await route_handler.handle(route)
  File "/home/ajhunjh1/.local/lib/python3.8/site-packages/playwright/_impl/_helper.py", line 305, in handle
    raise rewrite_error(
playwright._impl._errors.TargetClosedError: "Route.fetch: Target page, context or browser has been closed
Call log:
→ GET http://localhost:8080/chunk-stream8-00017.m4s
  -   user-agent: Mozilla/5.0 (X11; Linux x86_64) AppleWebKit/537.36 (KHTML, like Gecko) HeadlessChrome/112.0.5615.49 Safari/537.36
  -   accept: */*
  -   accept-encoding: gzip,deflate,br
  -   referer: http://localhost:8080/
  -   sec-ch-ua: 
  -   sec-ch-ua-mobile: ?0
  -   sec-ch-ua-platform: ""
  - ← 200 OK
  -   server: SimpleHTTP/0.6 Python/3.11.15
  -   date: Mon, 18 May 2026 02:58:11 GMT
  -   content-type: video/iso.segment
  -   content-length: 1527335
  -   last-modified: Wed, 22 Apr 2026 18:42:30 GMT
  -   access-control-allow-origin: *
  -   access-control-allow-methods: GET, OPTIONS
  -   access-control-allow-headers: Content-Type, Range
  -   access-control-expose-headers: Content-Length, Content-Range
  -   cache-control: public, max-age=31536000
" while running route callback.
Consider awaiting `page.unroute_all(behavior='ignoreErrors')`
before the end of the test to ignore remaining routes in flight.

======================================================================
  BENCHMARK RESULTS (DASH / dash.js / BOLA)
======================================================================

  [TIMING]
      Startup delay:     1,805 ms
      Playback time:     75.9 s

  [BITRATE]
      Average (selected):  3,869 kbps
      Average (effective): 2,437 kbps
      Min / Max:           100 / 4,500 kbps
      Median:              4,500 kbps
      Std deviation:       1,211.8 kbps
      Variance:            1,468,564.3
      25th/75th %ile:      3,000 / 4,500 kbps

  [SWITCHES]
      Total count:       4
      Up / Down:         3 / 1
      Avg magnitude:     2,775 kbps

  [REBUFFERING]
      Events:            6
      Total time:        44,592 ms
      Ratio:             37.0100%
      Frequency:         4.743 per minute
      Avg duration:      8,426 ms
      Max duration:      31,659 ms

  [THROUGHPUT]
      Average:           8,026 kbps
      Median:            7,243 kbps
      Min / Max:         0 / 32,863 kbps
      Std deviation:     7,456.7 kbps

  [AVAILABLE BW (trace)]
      Average:           8,026 kbps
      Min / Max:         0 / 32,863 kbps
      Utilisation:       90.2%

  [BUFFER]
      Average level:     3.1 s
      Min / Max:         0.1 / 15.5 s

  [UTILIZATION]
      Bandwidth:         53.4%

======================================================================

[SAVED] results/results/run_all_20260517_165956/dash_5g-ireland/benchmark_dash_download_driving_B_2020_02_14_12_58_17_tc_20260517_195620.json

──────────────────────────────────────────────────────────────────────
  [44/83] download_driving_B_2020_02_27_17_30_15_tc.csv
──────────────────────────────────────────────────────────────────────
[TRACE] download_driving_B_2020_02_27_17_30_15_tc.csv
[DASH-SHAPER] Triggering tc-trace via /startShaping API...
[DASH-SHAPER] tc-trace.py starting in container

======================================================================
  DASH Streaming QoE Benchmark (dash.js / BOLA)
======================================================================
  Server: http://localhost:8080
======================================================================

[TRACE] Loaded 866 entries with bandwidth
[BROWSER] Launching headless Chromium...
[BROWSER-ERROR] Settings parameter streaming.timeouts is not supported
[BROWSER] Waiting for playback to start...
   Startup delay: 2801ms

[PLAYBACK] Collecting metrics...
   t=10s | buffer: 25.8s | bitrate: 100 kbps | tp: 12607 kbps | trace_bw: 12607 kbps
   t=20s | buffer: 15.7s | bitrate: 100 kbps | tp: 2075 kbps | trace_bw: 2075 kbps
   t=31s | buffer: 13.4s | bitrate: 100 kbps | tp: 5150 kbps | trace_bw: 5150 kbps
   t=41s | buffer: 15.3s | bitrate: 100 kbps | tp: 4481 kbps | trace_bw: 4481 kbps
   t=51s | buffer: 16.9s | bitrate: 100 kbps | tp: 5627 kbps | trace_bw: 5627 kbps
   t=61s | buffer: 14.8s | bitrate: 100 kbps | tp: 6179 kbps | trace_bw: 6179 kbps
   t=72s | buffer: 16.5s | bitrate: 100 kbps | tp: 8013 kbps | trace_bw: 8013 kbps
   t=82s | buffer: 14.4s | bitrate: 100 kbps | tp: 5412 kbps | trace_bw: 5412 kbps
   t=92s | buffer: 16.0s | bitrate: 100 kbps | tp: 9937 kbps | trace_bw: 9937 kbps
   t=102s | buffer: 13.9s | bitrate: 100 kbps | tp: 3225 kbps | trace_bw: 3225 kbps
   t=112s | buffer: 15.6s | bitrate: 100 kbps | tp: 458 kbps | trace_bw: 458 kbps
Error occurred in event listener
Traceback (most recent call last):
  File "/home/ajhunjh1/.local/lib/python3.8/site-packages/playwright/_impl/_helper.py", line 296, in handle
    return await self._handle_internal(route)
  File "/home/ajhunjh1/.local/lib/python3.8/site-packages/playwright/_impl/_helper.py", line 332, in _handle_internal
    await handler_finished_future
  File "/home/ajhunjh1/.local/lib/python3.8/site-packages/playwright/_impl/_helper.py", line 323, in _handler
    self.handler(route, route.request)  # type: ignore
  File "/home/ajhunjh1/.local/lib/python3.8/site-packages/playwright/_impl/_impl_to_api_mapping.py", line 123, in wrapper_func
    return handler(
  File "benchmark.py", line 483, in _patch_dash_html
    resp = route.fetch()
  File "/home/ajhunjh1/.local/lib/python3.8/site-packages/playwright/sync_api/_generated.py", line 804, in fetch
    self._sync(
  File "/home/ajhunjh1/.local/lib/python3.8/site-packages/playwright/_impl/_sync_base.py", line 115, in _sync
    return task.result()
  File "/home/ajhunjh1/.local/lib/python3.8/site-packages/playwright/_impl/_network.py", line 457, in fetch
    return await self._connection.wrap_api_call(
  File "/home/ajhunjh1/.local/lib/python3.8/site-packages/playwright/_impl/_connection.py", line 520, in wrap_api_call
    raise rewrite_error(error, f"{parsed_st['apiName']}: {error}") from None
playwright._impl._errors.TargetClosedError: Route.fetch: Target page, context or browser has been closed
Call log:
→ GET http://localhost:8080/chunk-stream3-00030.m4s
  -   user-agent: Mozilla/5.0 (X11; Linux x86_64) AppleWebKit/537.36 (KHTML, like Gecko) HeadlessChrome/112.0.5615.49 Safari/537.36
  -   accept: */*
  -   accept-encoding: gzip,deflate,br
  -   referer: http://localhost:8080/
  -   sec-ch-ua: 
  -   sec-ch-ua-mobile: ?0
  -   sec-ch-ua-platform: ""
  - ← 200 OK
  -   server: SimpleHTTP/0.6 Python/3.11.15
  -   date: Mon, 18 May 2026 03:00:29 GMT
  -   content-type: video/iso.segment
  -   content-length: 480763
  -   last-modified: Wed, 22 Apr 2026 18:42:38 GMT
  -   access-control-allow-origin: *
  -   access-control-allow-methods: GET, OPTIONS
  -   access-control-allow-headers: Content-Type, Range
  -   access-control-expose-headers: Content-Length, Content-Range
  -   cache-control: public, max-age=31536000


During handling of the above exception, another exception occurred:

Traceback (most recent call last):
  File "/home/ajhunjh1/.local/lib/python3.8/site-packages/playwright/_impl/_page.py", line 297, in _on_route
    handled = await route_handler.handle(route)
  File "/home/ajhunjh1/.local/lib/python3.8/site-packages/playwright/_impl/_helper.py", line 305, in handle
    raise rewrite_error(
playwright._impl._errors.TargetClosedError: "Route.fetch: Target page, context or browser has been closed
Call log:
→ GET http://localhost:8080/chunk-stream3-00030.m4s
  -   user-agent: Mozilla/5.0 (X11; Linux x86_64) AppleWebKit/537.36 (KHTML, like Gecko) HeadlessChrome/112.0.5615.49 Safari/537.36
  -   accept: */*
  -   accept-encoding: gzip,deflate,br
  -   referer: http://localhost:8080/
  -   sec-ch-ua: 
  -   sec-ch-ua-mobile: ?0
  -   sec-ch-ua-platform: ""
  - ← 200 OK
  -   server: SimpleHTTP/0.6 Python/3.11.15
  -   date: Mon, 18 May 2026 03:00:29 GMT
  -   content-type: video/iso.segment
  -   content-length: 480763
  -   last-modified: Wed, 22 Apr 2026 18:42:38 GMT
  -   access-control-allow-origin: *
  -   access-control-allow-methods: GET, OPTIONS
  -   access-control-allow-headers: Content-Type, Range
  -   access-control-expose-headers: Content-Length, Content-Range
  -   cache-control: public, max-age=31536000
" while running route callback.
Consider awaiting `page.unroute_all(behavior='ignoreErrors')`
before the end of the test to ignore remaining routes in flight.

======================================================================
  BENCHMARK RESULTS (DASH / dash.js / BOLA)
======================================================================

  [TIMING]
      Startup delay:     2,801 ms
      Playback time:     120.2 s

  [BITRATE]
      Average (selected):  108 kbps
      Average (effective): 108 kbps
      Min / Max:           100 / 600 kbps
      Median:              100 kbps
      Std deviation:       64.0 kbps
      Variance:            4,097.2
      25th/75th %ile:      100 / 100 kbps

  [SWITCHES]
      Total count:       1
      Up / Down:         1 / 0
      Avg magnitude:     500 kbps

  [REBUFFERING]
      Events:            1
      Total time:        197 ms
      Ratio:             0.1637%
      Frequency:         0.499 per minute
      Avg duration:      197 ms
      Max duration:      197 ms

  [THROUGHPUT]
      Average:           4,362 kbps
      Median:            3,880 kbps
      Min / Max:         0 / 14,294 kbps
      Std deviation:     3,392.9 kbps

  [AVAILABLE BW (trace)]
      Average:           4,362 kbps
      Min / Max:         0 / 14,294 kbps
      Utilisation:       89.0%

  [BUFFER]
      Average level:     15.3 s
      Min / Max:         3.7 / 27.4 s

  [UTILIZATION]
      Bandwidth:         2.8%

======================================================================

[SAVED] results/results/run_all_20260517_165956/dash_5g-ireland/benchmark_dash_download_driving_B_2020_02_27_17_30_15_tc_20260517_195826.json

──────────────────────────────────────────────────────────────────────
  [45/83] download_driving_B_2020_02_27_20_35_57_tc.csv
──────────────────────────────────────────────────────────────────────
[TRACE] download_driving_B_2020_02_27_20_35_57_tc.csv
[DASH-SHAPER] Triggering tc-trace via /startShaping API...
[DASH-SHAPER] tc-trace.py starting in container

======================================================================
  DASH Streaming QoE Benchmark (dash.js / BOLA)
======================================================================
  Server: http://localhost:8080
======================================================================

[TRACE] Loaded 858 entries with bandwidth
[BROWSER] Launching headless Chromium...
[BROWSER-ERROR] Settings parameter streaming.timeouts is not supported
[BROWSER] Waiting for playback to start...
   Startup delay: 2005ms

[PLAYBACK] Collecting metrics...
   t=10s | buffer: 25.8s | bitrate: 100 kbps | tp: 8819 kbps | trace_bw: 8819 kbps
   t=20s | buffer: 15.7s | bitrate: 100 kbps | tp: 11 kbps | trace_bw: 11 kbps
   t=31s | buffer: 5.4s | bitrate: 4500 kbps | tp: 104863 kbps | trace_bw: 104863 kbps
   t=41s | buffer: 11.0s | bitrate: 4500 kbps | tp: 42653 kbps | trace_bw: 42653 kbps
   t=51s | buffer: 16.7s | bitrate: 4500 kbps | tp: 20866 kbps | trace_bw: 20866 kbps
   t=61s | buffer: 14.6s | bitrate: 4500 kbps | tp: 10020 kbps | trace_bw: 10020 kbps
   t=72s | buffer: 8.5s | bitrate: 4500 kbps | tp: 20710 kbps | trace_bw: 20710 kbps
   t=82s | buffer: 22.1s | bitrate: 4500 kbps | tp: 32145 kbps | trace_bw: 32145 kbps
   t=92s | buffer: 27.9s | bitrate: 4500 kbps | tp: 60107 kbps | trace_bw: 60107 kbps
   t=102s | buffer: 25.9s | bitrate: 4500 kbps | tp: 97928 kbps | trace_bw: 97928 kbps
   t=112s | buffer: 27.6s | bitrate: 4500 kbps | tp: 172273 kbps | trace_bw: 172273 kbps

======================================================================
  BENCHMARK RESULTS (DASH / dash.js / BOLA)
======================================================================

  [TIMING]
      Startup delay:     2,005 ms
      Playback time:     120.4 s

  [BITRATE]
      Average (selected):  3,693 kbps
      Average (effective): 3,687 kbps
      Min / Max:           100 / 4,500 kbps
      Median:              4,500 kbps
      Std deviation:       1,702.5 kbps
      Variance:            2,898,622.2
      25th/75th %ile:      4,500 / 4,500 kbps

  [SWITCHES]
      Total count:       1
      Up / Down:         1 / 0
      Avg magnitude:     4,400 kbps

  [REBUFFERING]
      Events:            1
      Total time:        194 ms
      Ratio:             0.1608%
      Frequency:         0.498 per minute
      Avg duration:      194 ms
      Max duration:      194 ms

  [THROUGHPUT]
      Average:           62,030 kbps
      Median:            31,281 kbps
      Min / Max:         0 / 189,814 kbps
      Std deviation:     59,283.4 kbps

  [AVAILABLE BW (trace)]
      Average:           62,030 kbps
      Min / Max:         0 / 189,814 kbps
      Utilisation:       50.4%

  [BUFFER]
      Average level:     17.8 s
      Min / Max:         0.9 / 28.5 s

  [UTILIZATION]
      Bandwidth:         11.8%

======================================================================

[SAVED] results/results/run_all_20260517_165956/dash_5g-ireland/benchmark_dash_download_driving_B_2020_02_27_20_35_57_tc_20260517_200033.json

──────────────────────────────────────────────────────────────────────
  [46/83] download_static_B_2019_12_16_13_40_04_tc.csv
──────────────────────────────────────────────────────────────────────
[TRACE] download_static_B_2019_12_16_13_40_04_tc.csv
[DASH-SHAPER] Triggering tc-trace via /startShaping API...
[DASH-SHAPER] tc-trace.py starting in container

======================================================================
  DASH Streaming QoE Benchmark (dash.js / BOLA)
======================================================================
  Server: http://localhost:8080
======================================================================

[TRACE] Loaded 2143 entries with bandwidth
[BROWSER] Launching headless Chromium...
[BROWSER-ERROR] Settings parameter streaming.timeouts is not supported
[BROWSER] Waiting for playback to start...
   Startup delay: 1185ms

[PLAYBACK] Collecting metrics...
   t=10s | buffer: 21.8s | bitrate: 100 kbps | tp: 45685 kbps | trace_bw: 45685 kbps
   t=20s | buffer: 15.7s | bitrate: 100 kbps | tp: 21940 kbps | trace_bw: 21940 kbps
   t=31s | buffer: 13.4s | bitrate: 100 kbps | tp: 279678 kbps | trace_bw: 279678 kbps
   t=41s | buffer: 15.3s | bitrate: 100 kbps | tp: 203437 kbps | trace_bw: 203437 kbps
   t=51s | buffer: 4.9s | bitrate: 100 kbps | tp: 23809 kbps | trace_bw: 23809 kbps
   t=61s | buffer: 14.8s | bitrate: 100 kbps | tp: 13003 kbps | trace_bw: 13003 kbps
   t=72s | buffer: 16.5s | bitrate: 100 kbps | tp: 19764 kbps | trace_bw: 19764 kbps
   t=82s | buffer: 14.4s | bitrate: 100 kbps | tp: 187045 kbps | trace_bw: 187045 kbps
   t=92s | buffer: 16.0s | bitrate: 100 kbps | tp: 207151 kbps | trace_bw: 207151 kbps
   t=102s | buffer: 13.9s | bitrate: 100 kbps | tp: 1659 kbps | trace_bw: 1659 kbps
   t=113s | buffer: 15.6s | bitrate: 100 kbps | tp: 205168 kbps | trace_bw: 205168 kbps

======================================================================
  BENCHMARK RESULTS (DASH / dash.js / BOLA)
======================================================================

  [TIMING]
      Startup delay:     1,185 ms
      Playback time:     120.2 s

  [BITRATE]
      Average (selected):  100 kbps
      Average (effective): 100 kbps
      Min / Max:           100 / 100 kbps
      Median:              100 kbps
      Std deviation:       0.0 kbps
      Variance:            0.0
      25th/75th %ile:      100 / 100 kbps

  [SWITCHES]
      Total count:       0
      Up / Down:         0 / 0
      Avg magnitude:     0 kbps

  [REBUFFERING]
      Events:            1
      Total time:        189 ms
      Ratio:             0.1570%
      Frequency:         0.499 per minute
      Avg duration:      189 ms
      Max duration:      189 ms

  [THROUGHPUT]
      Average:           97,415 kbps
      Median:            40,424 kbps
      Min / Max:         0 / 279,678 kbps
      Std deviation:     90,279.7 kbps

  [AVAILABLE BW (trace)]
      Average:           97,415 kbps
      Min / Max:         0 / 279,678 kbps
      Utilisation:       41.5%

  [BUFFER]
      Average level:     14.5 s
      Min / Max:         2.5 / 25.0 s

  [UTILIZATION]
      Bandwidth:         0.2%

======================================================================

[SAVED] results/results/run_all_20260517_165956/dash_5g-ireland/benchmark_dash_download_static_B_2019_12_16_13_40_04_tc_20260517_200239.json

──────────────────────────────────────────────────────────────────────
  [47/83] download_static_B_2020_01_16_10_43_34_tc.csv
──────────────────────────────────────────────────────────────────────
[TRACE] download_static_B_2020_01_16_10_43_34_tc.csv
[DASH-SHAPER] Triggering tc-trace via /startShaping API...
[DASH-SHAPER] tc-trace.py starting in container

======================================================================
  DASH Streaming QoE Benchmark (dash.js / BOLA)
======================================================================
  Server: http://localhost:8080
======================================================================

[TRACE] Loaded 3322 entries with bandwidth
[BROWSER] Launching headless Chromium...
[BROWSER-ERROR] Settings parameter streaming.timeouts is not supported
[BROWSER] Waiting for playback to start...
   Startup delay: 1947ms

[PLAYBACK] Collecting metrics...
   t=10s | buffer: 0.1s | bitrate: 100 kbps | tp: 133037 kbps | trace_bw: 133037 kbps
   t=20s | buffer: 0.1s | bitrate: 100 kbps | tp: 8183 kbps | trace_bw: 8183 kbps
   t=31s | buffer: 1.3s | bitrate: 100 kbps | tp: 68214 kbps | trace_bw: 68214 kbps
   t=41s | buffer: 15.9s | bitrate: 100 kbps | tp: 20543 kbps | trace_bw: 20543 kbps
   t=51s | buffer: 13.8s | bitrate: 100 kbps | tp: 21762 kbps | trace_bw: 21762 kbps
   t=61s | buffer: 15.5s | bitrate: 100 kbps | tp: 0 kbps | trace_bw: 0 kbps
   t=72s | buffer: 13.4s | bitrate: 100 kbps | tp: 16010 kbps | trace_bw: 16010 kbps
   t=82s | buffer: 15.0s | bitrate: 100 kbps | tp: 100073 kbps | trace_bw: 100073 kbps
   t=92s | buffer: 16.9s | bitrate: 100 kbps | tp: 22445 kbps | trace_bw: 22445 kbps
   t=102s | buffer: 14.8s | bitrate: 100 kbps | tp: 11361 kbps | trace_bw: 11361 kbps
   t=112s | buffer: 16.5s | bitrate: 100 kbps | tp: 20115 kbps | trace_bw: 20115 kbps

======================================================================
  BENCHMARK RESULTS (DASH / dash.js / BOLA)
======================================================================

  [TIMING]
      Startup delay:     1,947 ms
      Playback time:     95.3 s

  [BITRATE]
      Average (selected):  100 kbps
      Average (effective): 79 kbps
      Min / Max:           100 / 100 kbps
      Median:              100 kbps
      Std deviation:       0.0 kbps
      Variance:            0.0
      25th/75th %ile:      100 / 100 kbps

  [SWITCHES]
      Total count:       0
      Up / Down:         0 / 0
      Avg magnitude:     0 kbps

  [REBUFFERING]
      Events:            3
      Total time:        25,045 ms
      Ratio:             20.8101%
      Frequency:         1.889 per minute
      Avg duration:      8,348 ms
      Max duration:      23,740 ms

  [THROUGHPUT]
      Average:           38,693 kbps
      Median:            20,543 kbps
      Min / Max:         0 / 168,763 kbps
      Std deviation:     47,552.3 kbps

  [AVAILABLE BW (trace)]
      Average:           38,693 kbps
      Min / Max:         0 / 168,763 kbps
      Utilisation:       53.1%

  [BUFFER]
      Average level:     10.7 s
      Min / Max:         0.1 / 16.9 s

  [UTILIZATION]
      Bandwidth:         0.5%

======================================================================

[SAVED] results/results/run_all_20260517_165956/dash_5g-ireland/benchmark_dash_download_static_B_2020_01_16_10_43_34_tc_20260517_200444.json

──────────────────────────────────────────────────────────────────────
  [48/83] download_static_B_2020_02_13_13_57_29_tc.csv
──────────────────────────────────────────────────────────────────────
[TRACE] download_static_B_2020_02_13_13_57_29_tc.csv
[DASH-SHAPER] Triggering tc-trace via /startShaping API...
[DASH-SHAPER] tc-trace.py starting in container

======================================================================
  DASH Streaming QoE Benchmark (dash.js / BOLA)
======================================================================
  Server: http://localhost:8080
======================================================================

[TRACE] Loaded 3148 entries with bandwidth
[BROWSER] Launching headless Chromium...
[BROWSER-ERROR] Settings parameter streaming.timeouts is not supported
[BROWSER] Waiting for playback to start...
   Startup delay: 5238ms

[PLAYBACK] Collecting metrics...
   t=10s | buffer: 25.8s | bitrate: 100 kbps | tp: 19750 kbps | trace_bw: 19750 kbps
   t=20s | buffer: 15.8s | bitrate: 100 kbps | tp: 19546 kbps | trace_bw: 19546 kbps
   t=31s | buffer: 13.4s | bitrate: 100 kbps | tp: 216188 kbps | trace_bw: 216188 kbps
   t=41s | buffer: 15.3s | bitrate: 100 kbps | tp: 100156 kbps | trace_bw: 100156 kbps
   t=51s | buffer: 12.9s | bitrate: 100 kbps | tp: 20423 kbps | trace_bw: 20423 kbps
   t=61s | buffer: 14.8s | bitrate: 100 kbps | tp: 18455 kbps | trace_bw: 18455 kbps
   t=72s | buffer: 16.5s | bitrate: 100 kbps | tp: 19617 kbps | trace_bw: 19617 kbps
   t=82s | buffer: 14.4s | bitrate: 100 kbps | tp: 19008 kbps | trace_bw: 19008 kbps
   t=92s | buffer: 16.0s | bitrate: 100 kbps | tp: 19153 kbps | trace_bw: 19153 kbps
   t=102s | buffer: 13.9s | bitrate: 100 kbps | tp: 13675 kbps | trace_bw: 13675 kbps
   t=113s | buffer: 15.6s | bitrate: 100 kbps | tp: 18513 kbps | trace_bw: 18513 kbps

======================================================================
  BENCHMARK RESULTS (DASH / dash.js / BOLA)
======================================================================

  [TIMING]
      Startup delay:     5,238 ms
      Playback time:     120.2 s

  [BITRATE]
      Average (selected):  100 kbps
      Average (effective): 100 kbps
      Min / Max:           100 / 100 kbps
      Median:              100 kbps
      Std deviation:       0.0 kbps
      Variance:            0.0
      25th/75th %ile:      100 / 100 kbps

  [SWITCHES]
      Total count:       0
      Up / Down:         0 / 0
      Avg magnitude:     0 kbps

  [REBUFFERING]
      Events:            1
      Total time:        199 ms
      Ratio:             0.1653%
      Frequency:         0.499 per minute
      Avg duration:      199 ms
      Max duration:      199 ms

  [THROUGHPUT]
      Average:           33,514 kbps
      Median:            19,002 kbps
      Min / Max:         0 / 216,188 kbps
      Std deviation:     46,803.1 kbps

  [AVAILABLE BW (trace)]
      Average:           33,514 kbps
      Min / Max:         0 / 216,188 kbps
      Utilisation:       56.7%

  [BUFFER]
      Average level:     15.8 s
      Min / Max:         3.7 / 29.0 s

  [UTILIZATION]
      Bandwidth:         0.5%

======================================================================

[SAVED] results/results/run_all_20260517_165956/dash_5g-ireland/benchmark_dash_download_static_B_2020_02_13_13_57_29_tc_20260517_200649.json

──────────────────────────────────────────────────────────────────────
  [49/83] download_static_B_2020_02_14_13_21_26_tc.csv
──────────────────────────────────────────────────────────────────────
[TRACE] download_static_B_2020_02_14_13_21_26_tc.csv
[DASH-SHAPER] Triggering tc-trace via /startShaping API...
[DASH-SHAPER] tc-trace.py starting in container

======================================================================
  DASH Streaming QoE Benchmark (dash.js / BOLA)
======================================================================
  Server: http://localhost:8080
======================================================================

[TRACE] Loaded 1013 entries with bandwidth
[BROWSER] Launching headless Chromium...
[BROWSER-ERROR] Settings parameter streaming.timeouts is not supported
[BROWSER] Waiting for playback to start...
   Startup delay: 12963ms

[PLAYBACK] Collecting metrics...
   t=10s | buffer: 21.8s | bitrate: 100 kbps | tp: 21208 kbps | trace_bw: 21208 kbps
   t=20s | buffer: 15.7s | bitrate: 100 kbps | tp: 20791 kbps | trace_bw: 20791 kbps
   t=31s | buffer: 13.4s | bitrate: 100 kbps | tp: 21119 kbps | trace_bw: 21119 kbps
   t=41s | buffer: 15.3s | bitrate: 100 kbps | tp: 19880 kbps | trace_bw: 19880 kbps
   t=51s | buffer: 16.9s | bitrate: 100 kbps | tp: 227954 kbps | trace_bw: 227954 kbps
   t=61s | buffer: 14.8s | bitrate: 100 kbps | tp: 126947 kbps | trace_bw: 126947 kbps
   t=72s | buffer: 16.5s | bitrate: 100 kbps | tp: 223919 kbps | trace_bw: 223919 kbps
   t=82s | buffer: 14.4s | bitrate: 100 kbps | tp: 225894 kbps | trace_bw: 225894 kbps
   t=92s | buffer: 16.0s | bitrate: 100 kbps | tp: 194979 kbps | trace_bw: 194979 kbps
   t=102s | buffer: 13.9s | bitrate: 4500 kbps | tp: 197668 kbps | trace_bw: 197668 kbps
   t=113s | buffer: 3.3s | bitrate: 4500 kbps | tp: 204961 kbps | trace_bw: 204961 kbps
Error occurred in event listener
Traceback (most recent call last):
  File "/home/ajhunjh1/.local/lib/python3.8/site-packages/playwright/_impl/_helper.py", line 296, in handle
    return await self._handle_internal(route)
  File "/home/ajhunjh1/.local/lib/python3.8/site-packages/playwright/_impl/_helper.py", line 332, in _handle_internal
    await handler_finished_future
  File "/home/ajhunjh1/.local/lib/python3.8/site-packages/playwright/_impl/_helper.py", line 323, in _handler
    self.handler(route, route.request)  # type: ignore
  File "/home/ajhunjh1/.local/lib/python3.8/site-packages/playwright/_impl/_impl_to_api_mapping.py", line 123, in wrapper_func
    return handler(
  File "benchmark.py", line 483, in _patch_dash_html
    resp = route.fetch()
  File "/home/ajhunjh1/.local/lib/python3.8/site-packages/playwright/sync_api/_generated.py", line 804, in fetch
    self._sync(
  File "/home/ajhunjh1/.local/lib/python3.8/site-packages/playwright/_impl/_sync_base.py", line 115, in _sync
    return task.result()
  File "/home/ajhunjh1/.local/lib/python3.8/site-packages/playwright/_impl/_network.py", line 457, in fetch
    return await self._connection.wrap_api_call(
  File "/home/ajhunjh1/.local/lib/python3.8/site-packages/playwright/_impl/_connection.py", line 520, in wrap_api_call
    raise rewrite_error(error, f"{parsed_st['apiName']}: {error}") from None
playwright._impl._errors.TargetClosedError: Route.fetch: Target page, context or browser has been closed
Call log:
→ GET http://localhost:8080/chunk-stream9-00030.m4s
  -   user-agent: Mozilla/5.0 (X11; Linux x86_64) AppleWebKit/537.36 (KHTML, like Gecko) HeadlessChrome/112.0.5615.49 Safari/537.36
  -   accept: */*
  -   accept-encoding: gzip,deflate,br
  -   referer: http://localhost:8080/
  -   sec-ch-ua: 
  -   sec-ch-ua-mobile: ?0
  -   sec-ch-ua-platform: ""
  - ← 200 OK
  -   server: SimpleHTTP/0.6 Python/3.11.15
  -   date: Mon, 18 May 2026 03:11:03 GMT
  -   content-type: video/iso.segment
  -   content-length: 3606941
  -   last-modified: Wed, 22 Apr 2026 18:42:38 GMT
  -   access-control-allow-origin: *
  -   access-control-allow-methods: GET, OPTIONS
  -   access-control-allow-headers: Content-Type, Range
  -   access-control-expose-headers: Content-Length, Content-Range
  -   cache-control: public, max-age=31536000


During handling of the above exception, another exception occurred:

Traceback (most recent call last):
  File "/home/ajhunjh1/.local/lib/python3.8/site-packages/playwright/_impl/_page.py", line 297, in _on_route
    handled = await route_handler.handle(route)
  File "/home/ajhunjh1/.local/lib/python3.8/site-packages/playwright/_impl/_helper.py", line 305, in handle
    raise rewrite_error(
playwright._impl._errors.TargetClosedError: "Route.fetch: Target page, context or browser has been closed
Call log:
→ GET http://localhost:8080/chunk-stream9-00030.m4s
  -   user-agent: Mozilla/5.0 (X11; Linux x86_64) AppleWebKit/537.36 (KHTML, like Gecko) HeadlessChrome/112.0.5615.49 Safari/537.36
  -   accept: */*
  -   accept-encoding: gzip,deflate,br
  -   referer: http://localhost:8080/
  -   sec-ch-ua: 
  -   sec-ch-ua-mobile: ?0
  -   sec-ch-ua-platform: ""
  - ← 200 OK
  -   server: SimpleHTTP/0.6 Python/3.11.15
  -   date: Mon, 18 May 2026 03:11:03 GMT
  -   content-type: video/iso.segment
  -   content-length: 3606941
  -   last-modified: Wed, 22 Apr 2026 18:42:38 GMT
  -   access-control-allow-origin: *
  -   access-control-allow-methods: GET, OPTIONS
  -   access-control-allow-headers: Content-Type, Range
  -   access-control-expose-headers: Content-Length, Content-Range
  -   cache-control: public, max-age=31536000
" while running route callback.
Consider awaiting `page.unroute_all(behavior='ignoreErrors')`
before the end of the test to ignore remaining routes in flight.

======================================================================
  BENCHMARK RESULTS (DASH / dash.js / BOLA)
======================================================================

  [TIMING]
      Startup delay:     12,963 ms
      Playback time:     115.9 s

  [BITRATE]
      Average (selected):  760 kbps
      Average (effective): 730 kbps
      Min / Max:           100 / 4,500 kbps
      Median:              100 kbps
      Std deviation:       1,571.1 kbps
      Variance:            2,468,400.0
      25th/75th %ile:      100 / 100 kbps

  [SWITCHES]
      Total count:       1
      Up / Down:         1 / 0
      Avg magnitude:     4,400 kbps

  [REBUFFERING]
      Events:            2
      Total time:        4,709 ms
      Ratio:             3.9052%
      Frequency:         1.036 per minute
      Avg duration:      190 ms
      Max duration:      190 ms

  [THROUGHPUT]
      Average:           110,089 kbps
      Median:            71,736 kbps
      Min / Max:         0 / 253,265 kbps
      Std deviation:     96,111.4 kbps

  [AVAILABLE BW (trace)]
      Average:           110,089 kbps
      Min / Max:         0 / 253,265 kbps
      Utilisation:       65.2%

  [BUFFER]
      Average level:     13.8 s
      Min / Max:         0.1 / 25.3 s

  [UTILIZATION]
      Bandwidth:         1.1%

======================================================================

[SAVED] results/results/run_all_20260517_165956/dash_5g-ireland/benchmark_dash_download_static_B_2020_02_14_13_21_26_tc_20260517_200858.json

──────────────────────────────────────────────────────────────────────
  [50/83] download_static_B_2020_02_27_18_39_27_tc.csv
──────────────────────────────────────────────────────────────────────
[TRACE] download_static_B_2020_02_27_18_39_27_tc.csv
[DASH-SHAPER] Triggering tc-trace via /startShaping API...
[DASH-SHAPER] Warning: could not reach /startShaping: HTTPConnectionPool(host='localhost', port=8080): Read timed out. (read timeout=5)

======================================================================
  DASH Streaming QoE Benchmark (dash.js / BOLA)
======================================================================
  Server: http://localhost:8080
======================================================================

[TRACE] Loaded 5991 entries with bandwidth
[BROWSER] Launching headless Chromium...
[BROWSER-ERROR] Settings parameter streaming.timeouts is not supported
[BROWSER] Waiting for playback to start...
   Startup delay: 10961ms

[PLAYBACK] Collecting metrics...
   t=10s | buffer: 25.8s | bitrate: 100 kbps | tp: 0 kbps | trace_bw: 0 kbps
   t=20s | buffer: 23.7s | bitrate: 100 kbps | tp: 206893 kbps | trace_bw: 206893 kbps
   t=31s | buffer: 13.4s | bitrate: 4500 kbps | tp: 20543 kbps | trace_bw: 20543 kbps
   t=41s | buffer: 3.3s | bitrate: 4500 kbps | tp: 8385 kbps | trace_bw: 8385 kbps
   t=51s | buffer: 9.2s | bitrate: 3000 kbps | tp: 183859 kbps | trace_bw: 183859 kbps
   t=61s | buffer: 15.1s | bitrate: 3000 kbps | tp: 187550 kbps | trace_bw: 187550 kbps
   t=71s | buffer: 13.0s | bitrate: 3000 kbps | tp: 221179 kbps | trace_bw: 221179 kbps
   t=81s | buffer: 10.7s | bitrate: 4500 kbps | tp: 37459 kbps | trace_bw: 37459 kbps
   t=92s | buffer: 8.3s | bitrate: 4500 kbps | tp: 162844 kbps | trace_bw: 162844 kbps
   t=102s | buffer: 13.7s | bitrate: 4500 kbps | tp: 170852 kbps | trace_bw: 170852 kbps
   t=112s | buffer: 19.8s | bitrate: 4500 kbps | tp: 259660 kbps | trace_bw: 259660 kbps
Error occurred in event listener
Traceback (most recent call last):
  File "/home/ajhunjh1/.local/lib/python3.8/site-packages/playwright/_impl/_helper.py", line 296, in handle
    return await self._handle_internal(route)
  File "/home/ajhunjh1/.local/lib/python3.8/site-packages/playwright/_impl/_helper.py", line 332, in _handle_internal
    await handler_finished_future
  File "/home/ajhunjh1/.local/lib/python3.8/site-packages/playwright/_impl/_helper.py", line 323, in _handler
    self.handler(route, route.request)  # type: ignore
  File "/home/ajhunjh1/.local/lib/python3.8/site-packages/playwright/_impl/_impl_to_api_mapping.py", line 123, in wrapper_func
    return handler(
  File "benchmark.py", line 483, in _patch_dash_html
    resp = route.fetch()
  File "/home/ajhunjh1/.local/lib/python3.8/site-packages/playwright/sync_api/_generated.py", line 804, in fetch
    self._sync(
  File "/home/ajhunjh1/.local/lib/python3.8/site-packages/playwright/_impl/_sync_base.py", line 115, in _sync
    return task.result()
  File "/home/ajhunjh1/.local/lib/python3.8/site-packages/playwright/_impl/_network.py", line 457, in fetch
    return await self._connection.wrap_api_call(
  File "/home/ajhunjh1/.local/lib/python3.8/site-packages/playwright/_impl/_connection.py", line 520, in wrap_api_call
    raise rewrite_error(error, f"{parsed_st['apiName']}: {error}") from None
playwright._impl._errors.TargetClosedError: Route.fetch: Target page, context or browser has been closed
Call log:
→ GET http://localhost:8080/chunk-stream9-00037.m4s
  -   user-agent: Mozilla/5.0 (X11; Linux x86_64) AppleWebKit/537.36 (KHTML, like Gecko) HeadlessChrome/112.0.5615.49 Safari/537.36
  -   accept: */*
  -   accept-encoding: gzip,deflate,br
  -   referer: http://localhost:8080/
  -   sec-ch-ua: 
  -   sec-ch-ua-mobile: ?0
  -   sec-ch-ua-platform: ""
  - ← 200 OK
  -   server: SimpleHTTP/0.6 Python/3.11.15
  -   date: Mon, 18 May 2026 03:13:30 GMT
  -   content-type: video/iso.segment
  -   content-length: 1739376
  -   last-modified: Wed, 22 Apr 2026 18:42:42 GMT
  -   access-control-allow-origin: *
  -   access-control-allow-methods: GET, OPTIONS
  -   access-control-allow-headers: Content-Type, Range
  -   access-control-expose-headers: Content-Length, Content-Range
  -   cache-control: public, max-age=31536000


During handling of the above exception, another exception occurred:

Traceback (most recent call last):
  File "/home/ajhunjh1/.local/lib/python3.8/site-packages/playwright/_impl/_page.py", line 297, in _on_route
    handled = await route_handler.handle(route)
  File "/home/ajhunjh1/.local/lib/python3.8/site-packages/playwright/_impl/_helper.py", line 305, in handle
    raise rewrite_error(
playwright._impl._errors.TargetClosedError: "Route.fetch: Target page, context or browser has been closed
Call log:
→ GET http://localhost:8080/chunk-stream9-00037.m4s
  -   user-agent: Mozilla/5.0 (X11; Linux x86_64) AppleWebKit/537.36 (KHTML, like Gecko) HeadlessChrome/112.0.5615.49 Safari/537.36
  -   accept: */*
  -   accept-encoding: gzip,deflate,br
  -   referer: http://localhost:8080/
  -   sec-ch-ua: 
  -   sec-ch-ua-mobile: ?0
  -   sec-ch-ua-platform: ""
  - ← 200 OK
  -   server: SimpleHTTP/0.6 Python/3.11.15
  -   date: Mon, 18 May 2026 03:13:30 GMT
  -   content-type: video/iso.segment
  -   content-length: 1739376
  -   last-modified: Wed, 22 Apr 2026 18:42:42 GMT
  -   access-control-allow-origin: *
  -   access-control-allow-methods: GET, OPTIONS
  -   access-control-allow-headers: Content-Type, Range
  -   access-control-expose-headers: Content-Length, Content-Range
  -   cache-control: public, max-age=31536000
" while running route callback.
Consider awaiting `page.unroute_all(behavior='ignoreErrors')`
before the end of the test to ignore remaining routes in flight.

======================================================================
  BENCHMARK RESULTS (DASH / dash.js / BOLA)
======================================================================

  [TIMING]
      Startup delay:     10,961 ms
      Playback time:     120.0 s

  [BITRATE]
      Average (selected):  2,950 kbps
      Average (effective): 2,945 kbps
      Min / Max:           100 / 4,500 kbps
      Median:              3,000 kbps
      Std deviation:       1,781.9 kbps
      Variance:            3,175,000.0
      25th/75th %ile:      2,000 / 4,500 kbps

  [SWITCHES]
      Total count:       5
      Up / Down:         3 / 2
      Avg magnitude:     2,480 kbps

  [REBUFFERING]
      Events:            1
      Total time:        194 ms
      Ratio:             0.1614%
      Frequency:         0.500 per minute
      Avg duration:      194 ms
      Max duration:      194 ms

  [THROUGHPUT]
      Average:           125,227 kbps
      Median:            164,666 kbps
      Min / Max:         0 / 323,677 kbps
      Std deviation:     91,049.5 kbps

  [AVAILABLE BW (trace)]
      Average:           125,227 kbps
      Min / Max:         0 / 323,677 kbps
      Utilisation:       131.5%

  [BUFFER]
      Average level:     14.7 s
      Min / Max:         2.5 / 28.8 s

  [UTILIZATION]
      Bandwidth:         1.8%

======================================================================

[SAVED] results/results/run_all_20260517_165956/dash_5g-ireland/benchmark_dash_download_static_B_2020_02_27_18_39_27_tc_20260517_201120.json

──────────────────────────────────────────────────────────────────────
  [51/83] netflix_driving_animated-rickandmorty_B_2019_11_20_16_55_16_tc.csv
──────────────────────────────────────────────────────────────────────
[TRACE] netflix_driving_animated-rickandmorty_B_2019_11_20_16_55_16_tc.csv
[DASH-SHAPER] Triggering tc-trace via /startShaping API...
[DASH-SHAPER] Warning: could not reach /startShaping: HTTPConnectionPool(host='localhost', port=8080): Read timed out. (read timeout=5)

======================================================================
  DASH Streaming QoE Benchmark (dash.js / BOLA)
======================================================================
  Server: http://localhost:8080
======================================================================

[TRACE] Loaded 2541 entries with bandwidth
[BROWSER] Launching headless Chromium...
[BROWSER-ERROR] Settings parameter streaming.timeouts is not supported
[BROWSER] Waiting for playback to start...
   Startup delay: 4215ms

[PLAYBACK] Collecting metrics...
   t=10s | buffer: 21.9s | bitrate: 100 kbps | tp: 8593 kbps | trace_bw: 8593 kbps
   t=20s | buffer: 15.8s | bitrate: 100 kbps | tp: 7609 kbps | trace_bw: 7609 kbps
   t=31s | buffer: 13.4s | bitrate: 100 kbps | tp: 4034 kbps | trace_bw: 4034 kbps
   t=41s | buffer: 11.0s | bitrate: 100 kbps | tp: 0 kbps | trace_bw: 0 kbps
   t=51s | buffer: 16.7s | bitrate: 100 kbps | tp: 2 kbps | trace_bw: 2 kbps
   t=62s | buffer: 26.3s | bitrate: 100 kbps | tp: 0 kbps | trace_bw: 0 kbps
   t=72s | buffer: 28.2s | bitrate: 100 kbps | tp: 0 kbps | trace_bw: 0 kbps
   t=82s | buffer: 25.9s | bitrate: 100 kbps | tp: 0 kbps | trace_bw: 0 kbps
   t=92s | buffer: 27.8s | bitrate: 100 kbps | tp: 4 kbps | trace_bw: 4 kbps
   t=103s | buffer: 21.4s | bitrate: 100 kbps | tp: 0 kbps | trace_bw: 0 kbps
   t=113s | buffer: 23.3s | bitrate: 100 kbps | tp: 2 kbps | trace_bw: 2 kbps
Error occurred in event listener
Traceback (most recent call last):
  File "/home/ajhunjh1/.local/lib/python3.8/site-packages/playwright/_impl/_helper.py", line 296, in handle
    return await self._handle_internal(route)
  File "/home/ajhunjh1/.local/lib/python3.8/site-packages/playwright/_impl/_helper.py", line 332, in _handle_internal
    await handler_finished_future
  File "/home/ajhunjh1/.local/lib/python3.8/site-packages/playwright/_impl/_helper.py", line 323, in _handler
    self.handler(route, route.request)  # type: ignore
  File "/home/ajhunjh1/.local/lib/python3.8/site-packages/playwright/_impl/_impl_to_api_mapping.py", line 123, in wrapper_func
    return handler(
  File "benchmark.py", line 483, in _patch_dash_html
    resp = route.fetch()
  File "/home/ajhunjh1/.local/lib/python3.8/site-packages/playwright/sync_api/_generated.py", line 804, in fetch
    self._sync(
  File "/home/ajhunjh1/.local/lib/python3.8/site-packages/playwright/_impl/_sync_base.py", line 115, in _sync
    return task.result()
  File "/home/ajhunjh1/.local/lib/python3.8/site-packages/playwright/_impl/_network.py", line 457, in fetch
    return await self._connection.wrap_api_call(
  File "/home/ajhunjh1/.local/lib/python3.8/site-packages/playwright/_impl/_connection.py", line 520, in wrap_api_call
    raise rewrite_error(error, f"{parsed_st['apiName']}: {error}") from None
playwright._impl._errors.TargetClosedError: Route.fetch: Target page, context or browser has been closed
Call log:
→ GET http://localhost:8080/chunk-stream0-00035.m4s
  -   user-agent: Mozilla/5.0 (X11; Linux x86_64) AppleWebKit/537.36 (KHTML, like Gecko) HeadlessChrome/112.0.5615.49 Safari/537.36
  -   accept: */*
  -   accept-encoding: gzip,deflate,br
  -   referer: http://localhost:8080/
  -   sec-ch-ua: 
  -   sec-ch-ua-mobile: ?0
  -   sec-ch-ua-platform: ""
  - ← 200 OK
  -   server: SimpleHTTP/0.6 Python/3.11.15
  -   date: Mon, 18 May 2026 03:15:34 GMT
  -   content-type: video/iso.segment
  -   content-length: 52369
  -   last-modified: Wed, 22 Apr 2026 18:42:41 GMT
  -   access-control-allow-origin: *
  -   access-control-allow-methods: GET, OPTIONS
  -   access-control-allow-headers: Content-Type, Range
  -   access-control-expose-headers: Content-Length, Content-Range
  -   cache-control: public, max-age=31536000


During handling of the above exception, another exception occurred:

Traceback (most recent call last):
  File "/home/ajhunjh1/.local/lib/python3.8/site-packages/playwright/_impl/_page.py", line 297, in _on_route
    handled = await route_handler.handle(route)
  File "/home/ajhunjh1/.local/lib/python3.8/site-packages/playwright/_impl/_helper.py", line 305, in handle
    raise rewrite_error(
playwright._impl._errors.TargetClosedError: "Route.fetch: Target page, context or browser has been closed
Call log:
→ GET http://localhost:8080/chunk-stream0-00035.m4s
  -   user-agent: Mozilla/5.0 (X11; Linux x86_64) AppleWebKit/537.36 (KHTML, like Gecko) HeadlessChrome/112.0.5615.49 Safari/537.36
  -   accept: */*
  -   accept-encoding: gzip,deflate,br
  -   referer: http://localhost:8080/
  -   sec-ch-ua: 
  -   sec-ch-ua-mobile: ?0
  -   sec-ch-ua-platform: ""
  - ← 200 OK
  -   server: SimpleHTTP/0.6 Python/3.11.15
  -   date: Mon, 18 May 2026 03:15:34 GMT
  -   content-type: video/iso.segment
  -   content-length: 52369
  -   last-modified: Wed, 22 Apr 2026 18:42:41 GMT
  -   access-control-allow-origin: *
  -   access-control-allow-methods: GET, OPTIONS
  -   access-control-allow-headers: Content-Type, Range
  -   access-control-expose-headers: Content-Length, Content-Range
  -   cache-control: public, max-age=31536000
" while running route callback.
Consider awaiting `page.unroute_all(behavior='ignoreErrors')`
before the end of the test to ignore remaining routes in flight.

======================================================================
  BENCHMARK RESULTS (DASH / dash.js / BOLA)
======================================================================

  [TIMING]
      Startup delay:     4,215 ms
      Playback time:     120.5 s

  [BITRATE]
      Average (selected):  173 kbps
      Average (effective): 173 kbps
      Min / Max:           100 / 4,500 kbps
      Median:              100 kbps
      Std deviation:       562.1 kbps
      Variance:            315,994.6
      25th/75th %ile:      100 / 100 kbps

  [SWITCHES]
      Total count:       2
      Up / Down:         1 / 1
      Avg magnitude:     4,400 kbps

  [REBUFFERING]
      Events:            1
      Total time:        204 ms
      Ratio:             0.1690%
      Frequency:         0.498 per minute
      Avg duration:      204 ms
      Max duration:      204 ms

  [THROUGHPUT]
      Average:           2,158 kbps
      Median:            0 kbps
      Min / Max:         0 / 20,170 kbps
      Std deviation:     4,068.7 kbps

  [AVAILABLE BW (trace)]
      Average:           2,158 kbps
      Min / Max:         0 / 20,170 kbps

  [BUFFER]
      Average level:     20.2 s
      Min / Max:         3.7 / 28.9 s

  [UTILIZATION]
      Bandwidth:         0.0%

======================================================================

[SAVED] results/results/run_all_20260517_165956/dash_5g-ireland/benchmark_dash_netflix_driving_animated-rickandmorty_B_2019_11_20_16_55_16_tc_20260517_201340.json

──────────────────────────────────────────────────────────────────────
  [52/83] netflix_driving_animated-rickandmorty_B_2019_11_21_07_59_06_tc.csv
──────────────────────────────────────────────────────────────────────
[TRACE] netflix_driving_animated-rickandmorty_B_2019_11_21_07_59_06_tc.csv
[DASH-SHAPER] Triggering tc-trace via /startShaping API...
[DASH-SHAPER] tc-trace.py starting in container

======================================================================
  DASH Streaming QoE Benchmark (dash.js / BOLA)
======================================================================
  Server: http://localhost:8080
======================================================================

[TRACE] Loaded 2545 entries with bandwidth
[BROWSER] Launching headless Chromium...
[BROWSER-ERROR] Settings parameter streaming.timeouts is not supported
[BROWSER] Waiting for playback to start...
   Startup delay: 3288ms

[PLAYBACK] Collecting metrics...
   t=10s | buffer: 0.1s | bitrate: 4500 kbps | tp: 0 kbps | trace_bw: 0 kbps
   t=20s | buffer: 2.1s | bitrate: 1200 kbps | tp: 29339 kbps | trace_bw: 29339 kbps
   t=31s | buffer: 0.1s | bitrate: 1200 kbps | tp: 2 kbps | trace_bw: 2 kbps
   t=41s | buffer: 0.1s | bitrate: 1200 kbps | tp: 0 kbps | trace_bw: 0 kbps
   t=51s | buffer: 0.1s | bitrate: 1200 kbps | tp: 0 kbps | trace_bw: 0 kbps
   t=61s | buffer: 11.5s | bitrate: 100 kbps | tp: 0 kbps | trace_bw: 0 kbps
   t=72s | buffer: 9.4s | bitrate: 100 kbps | tp: 0 kbps | trace_bw: 0 kbps
   t=82s | buffer: 23.0s | bitrate: 100 kbps | tp: 1 kbps | trace_bw: 1 kbps
   t=92s | buffer: 21.0s | bitrate: 100 kbps | tp: 0 kbps | trace_bw: 0 kbps
   t=102s | buffer: 14.6s | bitrate: 100 kbps | tp: 0 kbps | trace_bw: 0 kbps
   t=113s | buffer: 12.5s | bitrate: 100 kbps | tp: 2 kbps | trace_bw: 2 kbps
Error occurred in event listener
Traceback (most recent call last):
  File "/home/ajhunjh1/.local/lib/python3.8/site-packages/playwright/_impl/_helper.py", line 296, in handle
    return await self._handle_internal(route)
  File "/home/ajhunjh1/.local/lib/python3.8/site-packages/playwright/_impl/_helper.py", line 332, in _handle_internal
    await handler_finished_future
  File "/home/ajhunjh1/.local/lib/python3.8/site-packages/playwright/_impl/_helper.py", line 323, in _handler
    self.handler(route, route.request)  # type: ignore
  File "/home/ajhunjh1/.local/lib/python3.8/site-packages/playwright/_impl/_impl_to_api_mapping.py", line 123, in wrapper_func
    return handler(
  File "benchmark.py", line 483, in _patch_dash_html
    resp = route.fetch()
  File "/home/ajhunjh1/.local/lib/python3.8/site-packages/playwright/sync_api/_generated.py", line 804, in fetch
    self._sync(
  File "/home/ajhunjh1/.local/lib/python3.8/site-packages/playwright/_impl/_sync_base.py", line 115, in _sync
    return task.result()
  File "/home/ajhunjh1/.local/lib/python3.8/site-packages/playwright/_impl/_network.py", line 457, in fetch
    return await self._connection.wrap_api_call(
  File "/home/ajhunjh1/.local/lib/python3.8/site-packages/playwright/_impl/_connection.py", line 520, in wrap_api_call
    raise rewrite_error(error, f"{parsed_st['apiName']}: {error}") from None
playwright._impl._errors.TargetClosedError: Route.fetch: Target page, context or browser has been closed

During handling of the above exception, another exception occurred:

Traceback (most recent call last):
  File "/home/ajhunjh1/.local/lib/python3.8/site-packages/playwright/_impl/_page.py", line 297, in _on_route
    handled = await route_handler.handle(route)
  File "/home/ajhunjh1/.local/lib/python3.8/site-packages/playwright/_impl/_helper.py", line 305, in handle
    raise rewrite_error(
playwright._impl._errors.TargetClosedError: "Route.fetch: Target page, context or browser has been closed" while running route callback.
Consider awaiting `page.unroute_all(behavior='ignoreErrors')`
before the end of the test to ignore remaining routes in flight.

======================================================================
  BENCHMARK RESULTS (DASH / dash.js / BOLA)
======================================================================

  [TIMING]
      Startup delay:     3,288 ms
      Playback time:     71.3 s

  [BITRATE]
      Average (selected):  643 kbps
      Average (effective): 378 kbps
      Min / Max:           100 / 4,500 kbps
      Median:              100 kbps
      Std deviation:       1,057.8 kbps
      Variance:            1,119,044.7
      25th/75th %ile:      100 / 1,200 kbps

  [SWITCHES]
      Total count:       3
      Up / Down:         1 / 2
      Avg magnitude:     2,200 kbps

  [REBUFFERING]
      Events:            3
      Total time:        50,101 ms
      Ratio:             41.2622%
      Frequency:         2.524 per minute
      Avg duration:      16,700 ms
      Max duration:      34,436 ms

  [THROUGHPUT]
      Average:           1,694 kbps
      Median:            0 kbps
      Min / Max:         0 / 29,339 kbps
      Std deviation:     5,170.6 kbps

  [AVAILABLE BW (trace)]
      Average:           1,694 kbps
      Min / Max:         0 / 29,339 kbps

  [BUFFER]
      Average level:     8.0 s
      Min / Max:         0.1 / 28.1 s

  [UTILIZATION]
      Bandwidth:         0.0%

======================================================================

[SAVED] results/results/run_all_20260517_165956/dash_5g-ireland/benchmark_dash_netflix_driving_animated-rickandmorty_B_2019_11_21_07_59_06_tc_20260517_201548.json

──────────────────────────────────────────────────────────────────────
  [53/83] netflix_driving_animated-rickandmorty_B_2019_11_21_09_03_55_tc.csv
──────────────────────────────────────────────────────────────────────
[TRACE] netflix_driving_animated-rickandmorty_B_2019_11_21_09_03_55_tc.csv
[DASH-SHAPER] Triggering tc-trace via /startShaping API...
[DASH-SHAPER] tc-trace.py starting in container

======================================================================
  DASH Streaming QoE Benchmark (dash.js / BOLA)
======================================================================
  Server: http://localhost:8080
======================================================================

[TRACE] Loaded 444 entries with bandwidth
[BROWSER] Launching headless Chromium...
[BROWSER-ERROR] Settings parameter streaming.timeouts is not supported
[BROWSER] Waiting for playback to start...
   Startup delay: 3160ms

[PLAYBACK] Collecting metrics...
   t=10s | buffer: 13.9s | bitrate: 100 kbps | tp: 257 kbps | trace_bw: 257 kbps
   t=20s | buffer: 15.8s | bitrate: 100 kbps | tp: 0 kbps | trace_bw: 0 kbps
   t=31s | buffer: 25.4s | bitrate: 100 kbps | tp: 0 kbps | trace_bw: 0 kbps
   t=41s | buffer: 27.3s | bitrate: 100 kbps | tp: 0 kbps | trace_bw: 0 kbps
   t=51s | buffer: 16.9s | bitrate: 100 kbps | tp: 0 kbps | trace_bw: 0 kbps
   t=61s | buffer: 22.9s | bitrate: 100 kbps | tp: 0 kbps | trace_bw: 0 kbps
   t=72s | buffer: 12.5s | bitrate: 100 kbps | tp: 2 kbps | trace_bw: 2 kbps
   t=82s | buffer: 26.4s | bitrate: 100 kbps | tp: 0 kbps | trace_bw: 0 kbps
   t=92s | buffer: 20.0s | bitrate: 100 kbps | tp: 2 kbps | trace_bw: 2 kbps
   t=102s | buffer: 25.9s | bitrate: 100 kbps | tp: 5237 kbps | trace_bw: 5237 kbps
   t=112s | buffer: 27.6s | bitrate: 100 kbps | tp: 2 kbps | trace_bw: 2 kbps

======================================================================
  BENCHMARK RESULTS (DASH / dash.js / BOLA)
======================================================================

  [TIMING]
      Startup delay:     3,160 ms
      Playback time:     120.2 s

  [BITRATE]
      Average (selected):  100 kbps
      Average (effective): 100 kbps
      Min / Max:           100 / 100 kbps
      Median:              100 kbps
      Std deviation:       0.0 kbps
      Variance:            0.0
      25th/75th %ile:      100 / 100 kbps

  [SWITCHES]
      Total count:       0
      Up / Down:         0 / 0
      Avg magnitude:     0 kbps

  [REBUFFERING]
      Events:            1
      Total time:        200 ms
      Ratio:             0.1662%
      Frequency:         0.499 per minute
      Avg duration:      200 ms
      Max duration:      200 ms

  [THROUGHPUT]
      Average:           3,023 kbps
      Median:            0 kbps
      Min / Max:         0 / 60,855 kbps
      Std deviation:     10,812.5 kbps

  [AVAILABLE BW (trace)]
      Average:           3,023 kbps
      Min / Max:         0 / 60,855 kbps

  [BUFFER]
      Average level:     19.7 s
      Min / Max:         3.7 / 28.9 s

  [UTILIZATION]
      Bandwidth:         0.0%

======================================================================

[SAVED] results/results/run_all_20260517_165956/dash_5g-ireland/benchmark_dash_netflix_driving_animated-rickandmorty_B_2019_11_21_09_03_55_tc_20260517_201755.json

──────────────────────────────────────────────────────────────────────
  [54/83] netflix_driving_animated-rickandmorty_B_2019_11_21_09_44_52_tc.csv
──────────────────────────────────────────────────────────────────────
[TRACE] netflix_driving_animated-rickandmorty_B_2019_11_21_09_44_52_tc.csv
[DASH-SHAPER] Triggering tc-trace via /startShaping API...
[DASH-SHAPER] tc-trace.py starting in container

======================================================================
  DASH Streaming QoE Benchmark (dash.js / BOLA)
======================================================================
  Server: http://localhost:8080
======================================================================

[TRACE] Loaded 1084 entries with bandwidth
[BROWSER] Launching headless Chromium...
[BROWSER-ERROR] Settings parameter streaming.timeouts is not supported
[BROWSER] Waiting for playback to start...
   Startup delay: 3477ms

[PLAYBACK] Collecting metrics...
   t=10s | buffer: 17.8s | bitrate: 100 kbps | tp: 0 kbps | trace_bw: 0 kbps
   t=20s | buffer: 19.8s | bitrate: 100 kbps | tp: 10923 kbps | trace_bw: 10923 kbps
   t=31s | buffer: 25.4s | bitrate: 100 kbps | tp: 2 kbps | trace_bw: 2 kbps
   t=41s | buffer: 27.3s | bitrate: 100 kbps | tp: 0 kbps | trace_bw: 0 kbps
   t=51s | buffer: 16.9s | bitrate: 100 kbps | tp: 0 kbps | trace_bw: 0 kbps
   t=61s | buffer: 26.8s | bitrate: 100 kbps | tp: 0 kbps | trace_bw: 0 kbps
   t=72s | buffer: 28.5s | bitrate: 100 kbps | tp: 280 kbps | trace_bw: 280 kbps
   t=82s | buffer: 26.4s | bitrate: 100 kbps | tp: 10392 kbps | trace_bw: 10392 kbps
   t=92s | buffer: 28.0s | bitrate: 100 kbps | tp: 0 kbps | trace_bw: 0 kbps
   t=102s | buffer: 25.9s | bitrate: 100 kbps | tp: 0 kbps | trace_bw: 0 kbps
   t=112s | buffer: 27.6s | bitrate: 100 kbps | tp: 0 kbps | trace_bw: 0 kbps

======================================================================
  BENCHMARK RESULTS (DASH / dash.js / BOLA)
======================================================================

  [TIMING]
      Startup delay:     3,477 ms
      Playback time:     120.1 s

  [BITRATE]
      Average (selected):  100 kbps
      Average (effective): 100 kbps
      Min / Max:           100 / 100 kbps
      Median:              100 kbps
      Std deviation:       0.0 kbps
      Variance:            0.0
      25th/75th %ile:      100 / 100 kbps

  [SWITCHES]
      Total count:       0
      Up / Down:         0 / 0
      Avg magnitude:     0 kbps

  [REBUFFERING]
      Events:            1
      Total time:        198 ms
      Ratio:             0.1645%
      Frequency:         0.499 per minute
      Avg duration:      198 ms
      Max duration:      198 ms

  [THROUGHPUT]
      Average:           1,765 kbps
      Median:            0 kbps
      Min / Max:         0 / 31,587 kbps
      Std deviation:     6,107.7 kbps

  [AVAILABLE BW (trace)]
      Average:           1,765 kbps
      Min / Max:         0 / 31,587 kbps

  [BUFFER]
      Average level:     23.1 s
      Min / Max:         3.7 / 28.9 s

  [UTILIZATION]
      Bandwidth:         0.0%

======================================================================

[SAVED] results/results/run_all_20260517_165956/dash_5g-ireland/benchmark_dash_netflix_driving_animated-rickandmorty_B_2019_11_21_09_44_52_tc_20260517_202002.json

──────────────────────────────────────────────────────────────────────
  [55/83] netflix_driving_animated-rickandmorty_B_2019_11_21_10_20_17_tc.csv
──────────────────────────────────────────────────────────────────────
[TRACE] netflix_driving_animated-rickandmorty_B_2019_11_21_10_20_17_tc.csv
[DASH-SHAPER] Triggering tc-trace via /startShaping API...
[DASH-SHAPER] tc-trace.py starting in container

======================================================================
  DASH Streaming QoE Benchmark (dash.js / BOLA)
======================================================================
  Server: http://localhost:8080
======================================================================

[TRACE] Loaded 268 entries with bandwidth
[BROWSER] Launching headless Chromium...
[BROWSER-ERROR] Settings parameter streaming.timeouts is not supported
[BROWSER] Waiting for playback to start...
   Startup delay: 4105ms

[PLAYBACK] Collecting metrics...
   t=10s | buffer: 25.9s | bitrate: 100 kbps | tp: 15808 kbps | trace_bw: 15808 kbps
   t=20s | buffer: 15.5s | bitrate: 100 kbps | tp: 7628 kbps | trace_bw: 7628 kbps
   t=31s | buffer: 4.9s | bitrate: 3000 kbps | tp: 4213 kbps | trace_bw: 4213 kbps
   t=41s | buffer: 0.7s | bitrate: 100 kbps | tp: 0 kbps | trace_bw: 0 kbps
   t=52s | buffer: 6.3s | bitrate: 100 kbps | tp: 0 kbps | trace_bw: 0 kbps
   t=62s | buffer: 27.9s | bitrate: 100 kbps | tp: 0 kbps | trace_bw: 0 kbps
   t=72s | buffer: 25.6s | bitrate: 100 kbps | tp: 0 kbps | trace_bw: 0 kbps
   t=82s | buffer: 27.5s | bitrate: 100 kbps | tp: 10081 kbps | trace_bw: 10081 kbps
   t=93s | buffer: 25.1s | bitrate: 100 kbps | tp: 2 kbps | trace_bw: 2 kbps
   t=103s | buffer: 27.0s | bitrate: 100 kbps | tp: 0 kbps | trace_bw: 0 kbps
   t=113s | buffer: 24.7s | bitrate: 100 kbps | tp: 2 kbps | trace_bw: 2 kbps
Error occurred in event listener
Traceback (most recent call last):
  File "/home/ajhunjh1/.local/lib/python3.8/site-packages/playwright/_impl/_helper.py", line 296, in handle
    return await self._handle_internal(route)
  File "/home/ajhunjh1/.local/lib/python3.8/site-packages/playwright/_impl/_helper.py", line 332, in _handle_internal
    await handler_finished_future
  File "/home/ajhunjh1/.local/lib/python3.8/site-packages/playwright/_impl/_helper.py", line 323, in _handler
    self.handler(route, route.request)  # type: ignore
  File "/home/ajhunjh1/.local/lib/python3.8/site-packages/playwright/_impl/_impl_to_api_mapping.py", line 123, in wrapper_func
    return handler(
  File "benchmark.py", line 483, in _patch_dash_html
    resp = route.fetch()
  File "/home/ajhunjh1/.local/lib/python3.8/site-packages/playwright/sync_api/_generated.py", line 804, in fetch
    self._sync(
  File "/home/ajhunjh1/.local/lib/python3.8/site-packages/playwright/_impl/_sync_base.py", line 115, in _sync
    return task.result()
  File "/home/ajhunjh1/.local/lib/python3.8/site-packages/playwright/_impl/_network.py", line 457, in fetch
    return await self._connection.wrap_api_call(
  File "/home/ajhunjh1/.local/lib/python3.8/site-packages/playwright/_impl/_connection.py", line 520, in wrap_api_call
    raise rewrite_error(error, f"{parsed_st['apiName']}: {error}") from None
playwright._impl._errors.TargetClosedError: Route.fetch: Target page, context or browser has been closed
Call log:
→ GET http://localhost:8080/chunk-stream0-00035.m4s
  -   user-agent: Mozilla/5.0 (X11; Linux x86_64) AppleWebKit/537.36 (KHTML, like Gecko) HeadlessChrome/112.0.5615.49 Safari/537.36
  -   accept: */*
  -   accept-encoding: gzip,deflate,br
  -   referer: http://localhost:8080/
  -   sec-ch-ua: 
  -   sec-ch-ua-mobile: ?0
  -   sec-ch-ua-platform: ""


During handling of the above exception, another exception occurred:

Traceback (most recent call last):
  File "/home/ajhunjh1/.local/lib/python3.8/site-packages/playwright/_impl/_page.py", line 297, in _on_route
    handled = await route_handler.handle(route)
  File "/home/ajhunjh1/.local/lib/python3.8/site-packages/playwright/_impl/_helper.py", line 305, in handle
    raise rewrite_error(
playwright._impl._errors.TargetClosedError: "Route.fetch: Target page, context or browser has been closed
Call log:
→ GET http://localhost:8080/chunk-stream0-00035.m4s
  -   user-agent: Mozilla/5.0 (X11; Linux x86_64) AppleWebKit/537.36 (KHTML, like Gecko) HeadlessChrome/112.0.5615.49 Safari/537.36
  -   accept: */*
  -   accept-encoding: gzip,deflate,br
  -   referer: http://localhost:8080/
  -   sec-ch-ua: 
  -   sec-ch-ua-mobile: ?0
  -   sec-ch-ua-platform: ""
" while running route callback.
Consider awaiting `page.unroute_all(behavior='ignoreErrors')`
before the end of the test to ignore remaining routes in flight.

======================================================================
  BENCHMARK RESULTS (DASH / dash.js / BOLA)
======================================================================

  [TIMING]
      Startup delay:     4,105 ms
      Playback time:     110.5 s

  [BITRATE]
      Average (selected):  312 kbps
      Average (effective): 286 kbps
      Min / Max:           100 / 4,500 kbps
      Median:              100 kbps
      Std deviation:       880.4 kbps
      Variance:            775,091.5
      25th/75th %ile:      100 / 100 kbps

  [SWITCHES]
      Total count:       3
      Up / Down:         1 / 2
      Avg magnitude:     2,933 kbps

  [REBUFFERING]
      Events:            3
      Total time:        9,891 ms
      Ratio:             8.2124%
      Frequency:         1.628 per minute
      Avg duration:      3,297 ms
      Max duration:      7,752 ms

  [THROUGHPUT]
      Average:           2,446 kbps
      Median:            0 kbps
      Min / Max:         0 / 20,302 kbps
      Std deviation:     4,656.5 kbps

  [AVAILABLE BW (trace)]
      Average:           2,446 kbps
      Min / Max:         0 / 20,302 kbps

  [BUFFER]
      Average level:     19.4 s
      Min / Max:         0.1 / 29.0 s

  [UTILIZATION]
      Bandwidth:         0.0%

======================================================================

[SAVED] results/results/run_all_20260517_165956/dash_5g-ireland/benchmark_dash_netflix_driving_animated-rickandmorty_B_2019_11_21_10_20_17_tc_20260517_202209.json

──────────────────────────────────────────────────────────────────────
  [56/83] netflix_driving_animated-rickandmorty_B_2019_11_21_14_33_25_tc.csv
──────────────────────────────────────────────────────────────────────
[TRACE] netflix_driving_animated-rickandmorty_B_2019_11_21_14_33_25_tc.csv
[DASH-SHAPER] Triggering tc-trace via /startShaping API...
[DASH-SHAPER] tc-trace.py starting in container

======================================================================
  DASH Streaming QoE Benchmark (dash.js / BOLA)
======================================================================
  Server: http://localhost:8080
======================================================================

[TRACE] Loaded 1592 entries with bandwidth
[BROWSER] Launching headless Chromium...
[BROWSER-ERROR] Settings parameter streaming.timeouts is not supported
[BROWSER] Waiting for playback to start...
   Startup delay: 6028ms

[PLAYBACK] Collecting metrics...
   t=10s | buffer: 25.9s | bitrate: 100 kbps | tp: 10334 kbps | trace_bw: 10334 kbps
   t=20s | buffer: 15.8s | bitrate: 100 kbps | tp: 9912 kbps | trace_bw: 9912 kbps
   t=31s | buffer: 25.4s | bitrate: 100 kbps | tp: 2 kbps | trace_bw: 2 kbps
   t=41s | buffer: 27.0s | bitrate: 100 kbps | tp: 2 kbps | trace_bw: 2 kbps
   t=51s | buffer: 24.9s | bitrate: 100 kbps | tp: 0 kbps | trace_bw: 0 kbps
   t=61s | buffer: 22.6s | bitrate: 100 kbps | tp: 0 kbps | trace_bw: 0 kbps
   t=72s | buffer: 20.5s | bitrate: 100 kbps | tp: 6 kbps | trace_bw: 6 kbps
   t=82s | buffer: 26.1s | bitrate: 100 kbps | tp: 7747 kbps | trace_bw: 7747 kbps
   t=92s | buffer: 28.0s | bitrate: 100 kbps | tp: 2 kbps | trace_bw: 2 kbps
   t=102s | buffer: 25.7s | bitrate: 100 kbps | tp: 0 kbps | trace_bw: 0 kbps
   t=113s | buffer: 15.6s | bitrate: 100 kbps | tp: 0 kbps | trace_bw: 0 kbps

======================================================================
  BENCHMARK RESULTS (DASH / dash.js / BOLA)
======================================================================

  [TIMING]
      Startup delay:     6,028 ms
      Playback time:     120.2 s

  [BITRATE]
      Average (selected):  100 kbps
      Average (effective): 100 kbps
      Min / Max:           100 / 100 kbps
      Median:              100 kbps
      Std deviation:       0.0 kbps
      Variance:            0.0
      25th/75th %ile:      100 / 100 kbps

  [SWITCHES]
      Total count:       0
      Up / Down:         0 / 0
      Avg magnitude:     0 kbps

  [REBUFFERING]
      Events:            1
      Total time:        199 ms
      Ratio:             0.1653%
      Frequency:         0.499 per minute
      Avg duration:      199 ms
      Max duration:      199 ms

  [THROUGHPUT]
      Average:           2,198 kbps
      Median:            0 kbps
      Min / Max:         0 / 29,755 kbps
      Std deviation:     5,979.2 kbps

  [AVAILABLE BW (trace)]
      Average:           2,198 kbps
      Min / Max:         0 / 29,755 kbps

  [BUFFER]
      Average level:     23.0 s
      Min / Max:         3.7 / 29.0 s

  [UTILIZATION]
      Bandwidth:         0.0%

======================================================================

[SAVED] results/results/run_all_20260517_165956/dash_5g-ireland/benchmark_dash_netflix_driving_animated-rickandmorty_B_2019_11_21_14_33_25_tc_20260517_202417.json

──────────────────────────────────────────────────────────────────────
  [57/83] netflix_driving_animated-rickandmorty_B_2019_11_21_15_38_35_tc.csv
──────────────────────────────────────────────────────────────────────
[TRACE] netflix_driving_animated-rickandmorty_B_2019_11_21_15_38_35_tc.csv
[DASH-SHAPER] Triggering tc-trace via /startShaping API...
[DASH-SHAPER] tc-trace.py starting in container

======================================================================
  DASH Streaming QoE Benchmark (dash.js / BOLA)
======================================================================
  Server: http://localhost:8080
======================================================================

[TRACE] Loaded 1807 entries with bandwidth
[BROWSER] Launching headless Chromium...
[BROWSER-ERROR] Settings parameter streaming.timeouts is not supported
[BROWSER] Waiting for playback to start...
   Startup delay: 3767ms

[PLAYBACK] Collecting metrics...
   t=10s | buffer: 21.8s | bitrate: 100 kbps | tp: 17088 kbps | trace_bw: 17088 kbps
   t=20s | buffer: 11.7s | bitrate: 4500 kbps | tp: 0 kbps | trace_bw: 0 kbps
   t=31s | buffer: 1.4s | bitrate: 100 kbps | tp: 2 kbps | trace_bw: 2 kbps
   t=41s | buffer: 20.6s | bitrate: 100 kbps | tp: 0 kbps | trace_bw: 0 kbps
   t=51s | buffer: 26.3s | bitrate: 100 kbps | tp: 0 kbps | trace_bw: 0 kbps
   t=62s | buffer: 28.2s | bitrate: 100 kbps | tp: 0 kbps | trace_bw: 0 kbps
   t=72s | buffer: 21.8s | bitrate: 100 kbps | tp: 64 kbps | trace_bw: 64 kbps
   t=82s | buffer: 27.7s | bitrate: 100 kbps | tp: 0 kbps | trace_bw: 0 kbps
   t=92s | buffer: 17.3s | bitrate: 100 kbps | tp: 2 kbps | trace_bw: 2 kbps
   t=102s | buffer: 27.3s | bitrate: 100 kbps | tp: 0 kbps | trace_bw: 0 kbps
   t=113s | buffer: 16.9s | bitrate: 100 kbps | tp: 0 kbps | trace_bw: 0 kbps
Error occurred in event listener
Traceback (most recent call last):
  File "/home/ajhunjh1/.local/lib/python3.8/site-packages/playwright/_impl/_helper.py", line 296, in handle
    return await self._handle_internal(route)
  File "/home/ajhunjh1/.local/lib/python3.8/site-packages/playwright/_impl/_helper.py", line 332, in _handle_internal
    await handler_finished_future
  File "/home/ajhunjh1/.local/lib/python3.8/site-packages/playwright/_impl/_helper.py", line 323, in _handler
    self.handler(route, route.request)  # type: ignore
  File "/home/ajhunjh1/.local/lib/python3.8/site-packages/playwright/_impl/_impl_to_api_mapping.py", line 123, in wrapper_func
    return handler(
  File "benchmark.py", line 483, in _patch_dash_html
    resp = route.fetch()
  File "/home/ajhunjh1/.local/lib/python3.8/site-packages/playwright/sync_api/_generated.py", line 804, in fetch
    self._sync(
  File "/home/ajhunjh1/.local/lib/python3.8/site-packages/playwright/_impl/_sync_base.py", line 115, in _sync
    return task.result()
  File "/home/ajhunjh1/.local/lib/python3.8/site-packages/playwright/_impl/_network.py", line 457, in fetch
    return await self._connection.wrap_api_call(
  File "/home/ajhunjh1/.local/lib/python3.8/site-packages/playwright/_impl/_connection.py", line 520, in wrap_api_call
    raise rewrite_error(error, f"{parsed_st['apiName']}: {error}") from None
playwright._impl._errors.TargetClosedError: Route.fetch: Target page, context or browser has been closed
Call log:
→ GET http://localhost:8080/chunk-stream0-00036.m4s
  -   user-agent: Mozilla/5.0 (X11; Linux x86_64) AppleWebKit/537.36 (KHTML, like Gecko) HeadlessChrome/112.0.5615.49 Safari/537.36
  -   accept: */*
  -   accept-encoding: gzip,deflate,br
  -   referer: http://localhost:8080/
  -   sec-ch-ua: 
  -   sec-ch-ua-mobile: ?0
  -   sec-ch-ua-platform: ""


During handling of the above exception, another exception occurred:

Traceback (most recent call last):
  File "/home/ajhunjh1/.local/lib/python3.8/site-packages/playwright/_impl/_page.py", line 297, in _on_route
    handled = await route_handler.handle(route)
  File "/home/ajhunjh1/.local/lib/python3.8/site-packages/playwright/_impl/_helper.py", line 305, in handle
    raise rewrite_error(
playwright._impl._errors.TargetClosedError: "Route.fetch: Target page, context or browser has been closed
Call log:
→ GET http://localhost:8080/chunk-stream0-00036.m4s
  -   user-agent: Mozilla/5.0 (X11; Linux x86_64) AppleWebKit/537.36 (KHTML, like Gecko) HeadlessChrome/112.0.5615.49 Safari/537.36
  -   accept: */*
  -   accept-encoding: gzip,deflate,br
  -   referer: http://localhost:8080/
  -   sec-ch-ua: 
  -   sec-ch-ua-mobile: ?0
  -   sec-ch-ua-platform: ""
" while running route callback.
Consider awaiting `page.unroute_all(behavior='ignoreErrors')`
before the end of the test to ignore remaining routes in flight.

======================================================================
  BENCHMARK RESULTS (DASH / dash.js / BOLA)
======================================================================

  [TIMING]
      Startup delay:     3,767 ms
      Playback time:     118.8 s

  [BITRATE]
      Average (selected):  324 kbps
      Average (effective): 319 kbps
      Min / Max:           100 / 4,500 kbps
      Median:              100 kbps
      Std deviation:       966.6 kbps
      Variance:            934,352.2
      25th/75th %ile:      100 / 100 kbps

  [SWITCHES]
      Total count:       2
      Up / Down:         1 / 1
      Avg magnitude:     4,400 kbps

  [REBUFFERING]
      Events:            2
      Total time:        1,717 ms
      Ratio:             1.4249%
      Frequency:         1.010 per minute
      Avg duration:      858 ms
      Max duration:      1,525 ms

  [THROUGHPUT]
      Average:           2,155 kbps
      Median:            0 kbps
      Min / Max:         0 / 30,305 kbps
      Std deviation:     6,070.5 kbps

  [AVAILABLE BW (trace)]
      Average:           2,155 kbps
      Min / Max:         0 / 30,305 kbps

  [BUFFER]
      Average level:     19.7 s
      Min / Max:         0.1 / 28.9 s

  [UTILIZATION]
      Bandwidth:         0.0%

======================================================================

[SAVED] results/results/run_all_20260517_165956/dash_5g-ireland/benchmark_dash_netflix_driving_animated-rickandmorty_B_2019_11_21_15_38_35_tc_20260517_202627.json

──────────────────────────────────────────────────────────────────────
  [58/83] netflix_driving_animated-rickandmorty_B_2019_11_21_16_15_17_tc.csv
──────────────────────────────────────────────────────────────────────
[TRACE] netflix_driving_animated-rickandmorty_B_2019_11_21_16_15_17_tc.csv
[DASH-SHAPER] Triggering tc-trace via /startShaping API...
[DASH-SHAPER] tc-trace.py starting in container

======================================================================
  DASH Streaming QoE Benchmark (dash.js / BOLA)
======================================================================
  Server: http://localhost:8080
======================================================================

[TRACE] Loaded 1358 entries with bandwidth
[BROWSER] Launching headless Chromium...
[BROWSER-ERROR] Settings parameter streaming.timeouts is not supported
[BROWSER] Waiting for playback to start...
   Startup delay: 17209ms

[PLAYBACK] Collecting metrics...
   t=10s | buffer: 25.8s | bitrate: 100 kbps | tp: 14161 kbps | trace_bw: 14161 kbps
   t=21s | buffer: 15.7s | bitrate: 100 kbps | tp: 4998 kbps | trace_bw: 4998 kbps
   t=31s | buffer: 5.3s | bitrate: 4500 kbps | tp: 3533 kbps | trace_bw: 3533 kbps
   t=41s | buffer: 0.1s | bitrate: 100 kbps | tp: 4005 kbps | trace_bw: 4005 kbps
   t=51s | buffer: 1.6s | bitrate: 100 kbps | tp: 0 kbps | trace_bw: 0 kbps
   t=62s | buffer: 16.1s | bitrate: 100 kbps | tp: 0 kbps | trace_bw: 0 kbps
   t=72s | buffer: 26.0s | bitrate: 100 kbps | tp: 4 kbps | trace_bw: 4 kbps
   t=82s | buffer: 27.6s | bitrate: 100 kbps | tp: 0 kbps | trace_bw: 0 kbps
   t=92s | buffer: 21.5s | bitrate: 100 kbps | tp: 0 kbps | trace_bw: 0 kbps
   t=103s | buffer: 27.2s | bitrate: 100 kbps | tp: 0 kbps | trace_bw: 0 kbps
   t=113s | buffer: 25.1s | bitrate: 100 kbps | tp: 0 kbps | trace_bw: 0 kbps

======================================================================
  BENCHMARK RESULTS (DASH / dash.js / BOLA)
======================================================================

  [TIMING]
      Startup delay:     17,209 ms
      Playback time:     106.9 s

  [BITRATE]
      Average (selected):  357 kbps
      Average (effective): 286 kbps
      Min / Max:           100 / 4,500 kbps
      Median:              100 kbps
      Std deviation:       968.3 kbps
      Variance:            937,544.5
      25th/75th %ile:      100 / 100 kbps

  [SWITCHES]
      Total count:       6
      Up / Down:         4 / 2
      Avg magnitude:     2,100 kbps

  [REBUFFERING]
      Events:            4
      Total time:        26,512 ms
      Ratio:             19.8786%
      Frequency:         2.246 per minute
      Avg duration:      6,628 ms
      Max duration:      12,898 ms

  [THROUGHPUT]
      Average:           1,988 kbps
      Median:            1 kbps
      Min / Max:         0 / 15,649 kbps
      Std deviation:     3,339.2 kbps

  [AVAILABLE BW (trace)]
      Average:           1,988 kbps
      Min / Max:         0 / 15,649 kbps
      Utilisation:       0.1%

  [BUFFER]
      Average level:     17.3 s
      Min / Max:         0.1 / 28.9 s

  [UTILIZATION]
      Bandwidth:         35733.7%

======================================================================

[SAVED] results/results/run_all_20260517_165956/dash_5g-ireland/benchmark_dash_netflix_driving_animated-rickandmorty_B_2019_11_21_16_15_17_tc_20260517_202834.json

──────────────────────────────────────────────────────────────────────
  [59/83] netflix_driving_animated-rickandmorty_B_2019_11_22_07_30_04_tc.csv
──────────────────────────────────────────────────────────────────────
[TRACE] netflix_driving_animated-rickandmorty_B_2019_11_22_07_30_04_tc.csv
[DASH-SHAPER] Triggering tc-trace via /startShaping API...
[DASH-SHAPER] tc-trace.py starting in container

======================================================================
  DASH Streaming QoE Benchmark (dash.js / BOLA)
======================================================================
  Server: http://localhost:8080
======================================================================

[TRACE] Loaded 1373 entries with bandwidth
[BROWSER] Launching headless Chromium...
[BROWSER-ERROR] Settings parameter streaming.timeouts is not supported
[BROWSER] Waiting for playback to start...
   Startup delay: 1504ms

[PLAYBACK] Collecting metrics...
   t=10s | buffer: 21.8s | bitrate: 100 kbps | tp: 0 kbps | trace_bw: 0 kbps
   t=21s | buffer: 11.7s | bitrate: 100 kbps | tp: 24549 kbps | trace_bw: 24549 kbps
   t=31s | buffer: 1.4s | bitrate: 100 kbps | tp: 0 kbps | trace_bw: 0 kbps
   t=41s | buffer: 0.1s | bitrate: 100 kbps | tp: 0 kbps | trace_bw: 0 kbps
   t=51s | buffer: 18.6s | bitrate: 100 kbps | tp: 0 kbps | trace_bw: 0 kbps
   t=61s | buffer: 28.5s | bitrate: 100 kbps | tp: 0 kbps | trace_bw: 0 kbps
   t=72s | buffer: 26.1s | bitrate: 100 kbps | tp: 0 kbps | trace_bw: 0 kbps
   t=82s | buffer: 24.0s | bitrate: 100 kbps | tp: 1 kbps | trace_bw: 1 kbps
   t=92s | buffer: 25.6s | bitrate: 100 kbps | tp: 0 kbps | trace_bw: 0 kbps
   t=102s | buffer: 19.6s | bitrate: 100 kbps | tp: 0 kbps | trace_bw: 0 kbps
   t=113s | buffer: 25.2s | bitrate: 100 kbps | tp: 0 kbps | trace_bw: 0 kbps
Error occurred in event listener
Traceback (most recent call last):
  File "/home/ajhunjh1/.local/lib/python3.8/site-packages/playwright/_impl/_helper.py", line 296, in handle
    return await self._handle_internal(route)
  File "/home/ajhunjh1/.local/lib/python3.8/site-packages/playwright/_impl/_helper.py", line 332, in _handle_internal
    await handler_finished_future
  File "/home/ajhunjh1/.local/lib/python3.8/site-packages/playwright/_impl/_helper.py", line 323, in _handler
    self.handler(route, route.request)  # type: ignore
  File "/home/ajhunjh1/.local/lib/python3.8/site-packages/playwright/_impl/_impl_to_api_mapping.py", line 123, in wrapper_func
    return handler(
  File "benchmark.py", line 483, in _patch_dash_html
    resp = route.fetch()
  File "/home/ajhunjh1/.local/lib/python3.8/site-packages/playwright/sync_api/_generated.py", line 804, in fetch
    self._sync(
  File "/home/ajhunjh1/.local/lib/python3.8/site-packages/playwright/_impl/_sync_base.py", line 115, in _sync
    return task.result()
  File "/home/ajhunjh1/.local/lib/python3.8/site-packages/playwright/_impl/_network.py", line 457, in fetch
    return await self._connection.wrap_api_call(
  File "/home/ajhunjh1/.local/lib/python3.8/site-packages/playwright/_impl/_connection.py", line 520, in wrap_api_call
    raise rewrite_error(error, f"{parsed_st['apiName']}: {error}") from None
playwright._impl._errors.TargetClosedError: Route.fetch: Target page, context or browser has been closed
Call log:
→ GET http://localhost:8080/chunk-stream0-00034.m4s
  -   user-agent: Mozilla/5.0 (X11; Linux x86_64) AppleWebKit/537.36 (KHTML, like Gecko) HeadlessChrome/112.0.5615.49 Safari/537.36
  -   accept: */*
  -   accept-encoding: gzip,deflate,br
  -   referer: http://localhost:8080/
  -   sec-ch-ua: 
  -   sec-ch-ua-mobile: ?0
  -   sec-ch-ua-platform: ""
  - ← 200 OK
  -   server: SimpleHTTP/0.6 Python/3.11.15
  -   date: Mon, 18 May 2026 03:32:54 GMT
  -   content-type: video/iso.segment
  -   content-length: 52304
  -   last-modified: Wed, 22 Apr 2026 18:42:40 GMT
  -   access-control-allow-origin: *
  -   access-control-allow-methods: GET, OPTIONS
  -   access-control-allow-headers: Content-Type, Range
  -   access-control-expose-headers: Content-Length, Content-Range
  -   cache-control: public, max-age=31536000


During handling of the above exception, another exception occurred:

Traceback (most recent call last):
  File "/home/ajhunjh1/.local/lib/python3.8/site-packages/playwright/_impl/_page.py", line 297, in _on_route
    handled = await route_handler.handle(route)
  File "/home/ajhunjh1/.local/lib/python3.8/site-packages/playwright/_impl/_helper.py", line 305, in handle
    raise rewrite_error(
playwright._impl._errors.TargetClosedError: "Route.fetch: Target page, context or browser has been closed
Call log:
→ GET http://localhost:8080/chunk-stream0-00034.m4s
  -   user-agent: Mozilla/5.0 (X11; Linux x86_64) AppleWebKit/537.36 (KHTML, like Gecko) HeadlessChrome/112.0.5615.49 Safari/537.36
  -   accept: */*
  -   accept-encoding: gzip,deflate,br
  -   referer: http://localhost:8080/
  -   sec-ch-ua: 
  -   sec-ch-ua-mobile: ?0
  -   sec-ch-ua-platform: ""
  - ← 200 OK
  -   server: SimpleHTTP/0.6 Python/3.11.15
  -   date: Mon, 18 May 2026 03:32:54 GMT
  -   content-type: video/iso.segment
  -   content-length: 52304
  -   last-modified: Wed, 22 Apr 2026 18:42:40 GMT
  -   access-control-allow-origin: *
  -   access-control-allow-methods: GET, OPTIONS
  -   access-control-allow-headers: Content-Type, Range
  -   access-control-expose-headers: Content-Length, Content-Range
  -   cache-control: public, max-age=31536000
" while running route callback.
Consider awaiting `page.unroute_all(behavior='ignoreErrors')`
before the end of the test to ignore remaining routes in flight.

======================================================================
  BENCHMARK RESULTS (DASH / dash.js / BOLA)
======================================================================

  [TIMING]
      Startup delay:     1,504 ms
      Playback time:     110.5 s

  [BITRATE]
      Average (selected):  100 kbps
      Average (effective): 92 kbps
      Min / Max:           100 / 100 kbps
      Median:              100 kbps
      Std deviation:       0.0 kbps
      Variance:            0.0
      25th/75th %ile:      100 / 100 kbps

  [SWITCHES]
      Total count:       0
      Up / Down:         0 / 0
      Avg magnitude:     0 kbps

  [REBUFFERING]
      Events:            3
      Total time:        9,887 ms
      Ratio:             8.2120%
      Frequency:         1.629 per minute
      Avg duration:      3,296 ms
      Max duration:      8,248 ms

  [THROUGHPUT]
      Average:           1,445 kbps
      Median:            0 kbps
      Min / Max:         0 / 24,607 kbps
      Std deviation:     5,176.8 kbps

  [AVAILABLE BW (trace)]
      Average:           1,445 kbps
      Min / Max:         0 / 24,607 kbps

  [BUFFER]
      Average level:     17.5 s
      Min / Max:         0.1 / 28.9 s

  [UTILIZATION]
      Bandwidth:         0.0%

======================================================================

[SAVED] results/results/run_all_20260517_165956/dash_5g-ireland/benchmark_dash_netflix_driving_animated-rickandmorty_B_2019_11_22_07_30_04_tc_20260517_203056.json

──────────────────────────────────────────────────────────────────────
  [60/83] netflix_driving_season3-strangerthings_B_2019_11_23_12_27_34_tc.csv
──────────────────────────────────────────────────────────────────────
[TRACE] netflix_driving_season3-strangerthings_B_2019_11_23_12_27_34_tc.csv
[DASH-SHAPER] Triggering tc-trace via /startShaping API...
[DASH-SHAPER] Warning: could not reach /startShaping: HTTPConnectionPool(host='localhost', port=8080): Read timed out. (read timeout=5)

======================================================================
  DASH Streaming QoE Benchmark (dash.js / BOLA)
======================================================================
  Server: http://localhost:8080
======================================================================

[TRACE] Loaded 1267 entries with bandwidth
[BROWSER] Launching headless Chromium...
[BROWSER-ERROR] Settings parameter streaming.timeouts is not supported
[BROWSER] Waiting for playback to start...
   Startup delay: 5272ms

[PLAYBACK] Collecting metrics...
   t=10s | buffer: 21.8s | bitrate: 100 kbps | tp: 34951 kbps | trace_bw: 34951 kbps
   t=20s | buffer: 11.8s | bitrate: 100 kbps | tp: 1 kbps | trace_bw: 1 kbps
   t=31s | buffer: 1.4s | bitrate: 100 kbps | tp: 2 kbps | trace_bw: 2 kbps
   t=41s | buffer: 0.1s | bitrate: 100 kbps | tp: 0 kbps | trace_bw: 0 kbps
   t=51s | buffer: 1.7s | bitrate: 100 kbps | tp: 0 kbps | trace_bw: 0 kbps
   t=61s | buffer: 16.5s | bitrate: 100 kbps | tp: 0 kbps | trace_bw: 0 kbps
   t=72s | buffer: 10.4s | bitrate: 100 kbps | tp: 0 kbps | trace_bw: 0 kbps
   t=82s | buffer: 4.3s | bitrate: 100 kbps | tp: 0 kbps | trace_bw: 0 kbps
   t=92s | buffer: 0.1s | bitrate: 100 kbps | tp: 0 kbps | trace_bw: 0 kbps
   t=102s | buffer: 21.6s | bitrate: 100 kbps | tp: 0 kbps | trace_bw: 0 kbps
   t=112s | buffer: 15.5s | bitrate: 100 kbps | tp: 3 kbps | trace_bw: 3 kbps
Error occurred in event listener
Traceback (most recent call last):
  File "/home/ajhunjh1/.local/lib/python3.8/site-packages/playwright/_impl/_helper.py", line 296, in handle
    return await self._handle_internal(route)
  File "/home/ajhunjh1/.local/lib/python3.8/site-packages/playwright/_impl/_helper.py", line 332, in _handle_internal
    await handler_finished_future
  File "/home/ajhunjh1/.local/lib/python3.8/site-packages/playwright/_impl/_helper.py", line 323, in _handler
    self.handler(route, route.request)  # type: ignore
  File "/home/ajhunjh1/.local/lib/python3.8/site-packages/playwright/_impl/_impl_to_api_mapping.py", line 123, in wrapper_func
    return handler(
  File "benchmark.py", line 483, in _patch_dash_html
    resp = route.fetch()
  File "/home/ajhunjh1/.local/lib/python3.8/site-packages/playwright/sync_api/_generated.py", line 804, in fetch
    self._sync(
  File "/home/ajhunjh1/.local/lib/python3.8/site-packages/playwright/_impl/_sync_base.py", line 115, in _sync
    return task.result()
  File "/home/ajhunjh1/.local/lib/python3.8/site-packages/playwright/_impl/_network.py", line 457, in fetch
    return await self._connection.wrap_api_call(
  File "/home/ajhunjh1/.local/lib/python3.8/site-packages/playwright/_impl/_connection.py", line 520, in wrap_api_call
    raise rewrite_error(error, f"{parsed_st['apiName']}: {error}") from None
playwright._impl._errors.TargetClosedError: Route.fetch: Target page, context or browser has been closed
Call log:
→ GET http://localhost:8080/chunk-stream0-00028.m4s
  -   user-agent: Mozilla/5.0 (X11; Linux x86_64) AppleWebKit/537.36 (KHTML, like Gecko) HeadlessChrome/112.0.5615.49 Safari/537.36
  -   accept: */*
  -   accept-encoding: gzip,deflate,br
  -   referer: http://localhost:8080/
  -   sec-ch-ua: 
  -   sec-ch-ua-mobile: ?0
  -   sec-ch-ua-platform: ""


During handling of the above exception, another exception occurred:

Traceback (most recent call last):
  File "/home/ajhunjh1/.local/lib/python3.8/site-packages/playwright/_impl/_page.py", line 297, in _on_route
    handled = await route_handler.handle(route)
  File "/home/ajhunjh1/.local/lib/python3.8/site-packages/playwright/_impl/_helper.py", line 305, in handle
    raise rewrite_error(
playwright._impl._errors.TargetClosedError: "Route.fetch: Target page, context or browser has been closed
Call log:
→ GET http://localhost:8080/chunk-stream0-00028.m4s
  -   user-agent: Mozilla/5.0 (X11; Linux x86_64) AppleWebKit/537.36 (KHTML, like Gecko) HeadlessChrome/112.0.5615.49 Safari/537.36
  -   accept: */*
  -   accept-encoding: gzip,deflate,br
  -   referer: http://localhost:8080/
  -   sec-ch-ua: 
  -   sec-ch-ua-mobile: ?0
  -   sec-ch-ua-platform: ""
" while running route callback.
Consider awaiting `page.unroute_all(behavior='ignoreErrors')`
before the end of the test to ignore remaining routes in flight.

======================================================================
  BENCHMARK RESULTS (DASH / dash.js / BOLA)
======================================================================

  [TIMING]
      Startup delay:     5,272 ms
      Playback time:     92.4 s

  [BITRATE]
      Average (selected):  100 kbps
      Average (effective): 77 kbps
      Min / Max:           100 / 100 kbps
      Median:              100 kbps
      Std deviation:       0.0 kbps
      Variance:            0.0
      25th/75th %ile:      100 / 100 kbps

  [SWITCHES]
      Total count:       0
      Up / Down:         0 / 0
      Avg magnitude:     0 kbps

  [REBUFFERING]
      Events:            4
      Total time:        27,896 ms
      Ratio:             23.1856%
      Frequency:         2.597 per minute
      Avg duration:      6,974 ms
      Max duration:      16,695 ms

  [THROUGHPUT]
      Average:           2,943 kbps
      Median:            0 kbps
      Min / Max:         0 / 52,522 kbps
      Std deviation:     9,836.3 kbps

  [AVAILABLE BW (trace)]
      Average:           2,943 kbps
      Min / Max:         0 / 52,522 kbps

  [BUFFER]
      Average level:     9.4 s
      Min / Max:         0.1 / 25.3 s

  [UTILIZATION]
      Bandwidth:         0.0%

======================================================================

[SAVED] results/results/run_all_20260517_165956/dash_5g-ireland/benchmark_dash_netflix_driving_season3-strangerthings_B_2019_11_23_12_27_34_tc_20260517_203306.json

──────────────────────────────────────────────────────────────────────
  [61/83] netflix_driving_season3-strangerthings_B_2019_11_23_13_28_26_tc.csv
──────────────────────────────────────────────────────────────────────
[TRACE] netflix_driving_season3-strangerthings_B_2019_11_23_13_28_26_tc.csv
[DASH-SHAPER] Triggering tc-trace via /startShaping API...
[DASH-SHAPER] tc-trace.py starting in container

======================================================================
  DASH Streaming QoE Benchmark (dash.js / BOLA)
======================================================================
  Server: http://localhost:8080
======================================================================

[TRACE] Loaded 2425 entries with bandwidth
[BROWSER] Launching headless Chromium...
[BROWSER-ERROR] Settings parameter streaming.timeouts is not supported
[BROWSER] Waiting for playback to start...
   Startup delay: 5070ms

[PLAYBACK] Collecting metrics...
   t=10s | buffer: 25.9s | bitrate: 100 kbps | tp: 14548 kbps | trace_bw: 14548 kbps
   t=20s | buffer: 15.8s | bitrate: 100 kbps | tp: 313 kbps | trace_bw: 313 kbps
   t=31s | buffer: 13.4s | bitrate: 100 kbps | tp: 23477 kbps | trace_bw: 23477 kbps
   t=41s | buffer: 19.3s | bitrate: 100 kbps | tp: 0 kbps | trace_bw: 0 kbps
   t=51s | buffer: 24.9s | bitrate: 100 kbps | tp: 0 kbps | trace_bw: 0 kbps
   t=61s | buffer: 26.6s | bitrate: 100 kbps | tp: 0 kbps | trace_bw: 0 kbps
   t=72s | buffer: 28.5s | bitrate: 100 kbps | tp: 2 kbps | trace_bw: 2 kbps
   t=82s | buffer: 26.1s | bitrate: 100 kbps | tp: 0 kbps | trace_bw: 0 kbps
   t=92s | buffer: 28.0s | bitrate: 100 kbps | tp: 0 kbps | trace_bw: 0 kbps
   t=102s | buffer: 17.9s | bitrate: 100 kbps | tp: 2 kbps | trace_bw: 2 kbps
   t=113s | buffer: 7.6s | bitrate: 100 kbps | tp: 0 kbps | trace_bw: 0 kbps
Error occurred in event listener
Traceback (most recent call last):
  File "/home/ajhunjh1/.local/lib/python3.8/site-packages/playwright/_impl/_helper.py", line 296, in handle
    return await self._handle_internal(route)
  File "/home/ajhunjh1/.local/lib/python3.8/site-packages/playwright/_impl/_helper.py", line 332, in _handle_internal
    await handler_finished_future
  File "/home/ajhunjh1/.local/lib/python3.8/site-packages/playwright/_impl/_helper.py", line 323, in _handler
    self.handler(route, route.request)  # type: ignore
  File "/home/ajhunjh1/.local/lib/python3.8/site-packages/playwright/_impl/_impl_to_api_mapping.py", line 123, in wrapper_func
    return handler(
  File "benchmark.py", line 483, in _patch_dash_html
    resp = route.fetch()
  File "/home/ajhunjh1/.local/lib/python3.8/site-packages/playwright/sync_api/_generated.py", line 804, in fetch
    self._sync(
  File "/home/ajhunjh1/.local/lib/python3.8/site-packages/playwright/_impl/_sync_base.py", line 115, in _sync
    return task.result()
  File "/home/ajhunjh1/.local/lib/python3.8/site-packages/playwright/_impl/_network.py", line 457, in fetch
    return await self._connection.wrap_api_call(
  File "/home/ajhunjh1/.local/lib/python3.8/site-packages/playwright/_impl/_connection.py", line 520, in wrap_api_call
    raise rewrite_error(error, f"{parsed_st['apiName']}: {error}") from None
playwright._impl._errors.TargetClosedError: Route.fetch: Target page, context or browser has been closed
Call log:
→ GET http://localhost:8080/chunk-stream0-00033.m4s
  -   user-agent: Mozilla/5.0 (X11; Linux x86_64) AppleWebKit/537.36 (KHTML, like Gecko) HeadlessChrome/112.0.5615.49 Safari/537.36
  -   accept: */*
  -   accept-encoding: gzip,deflate,br
  -   referer: http://localhost:8080/
  -   sec-ch-ua: 
  -   sec-ch-ua-mobile: ?0
  -   sec-ch-ua-platform: ""
  - ← 200 OK
  -   server: SimpleHTTP/0.6 Python/3.11.15
  -   date: Mon, 18 May 2026 03:37:20 GMT
  -   content-type: video/iso.segment
  -   content-length: 40446
  -   last-modified: Wed, 22 Apr 2026 18:42:40 GMT
  -   access-control-allow-origin: *
  -   access-control-allow-methods: GET, OPTIONS
  -   access-control-allow-headers: Content-Type, Range
  -   access-control-expose-headers: Content-Length, Content-Range
  -   cache-control: public, max-age=31536000


During handling of the above exception, another exception occurred:

Traceback (most recent call last):
  File "/home/ajhunjh1/.local/lib/python3.8/site-packages/playwright/_impl/_page.py", line 297, in _on_route
    handled = await route_handler.handle(route)
  File "/home/ajhunjh1/.local/lib/python3.8/site-packages/playwright/_impl/_helper.py", line 305, in handle
    raise rewrite_error(
playwright._impl._errors.TargetClosedError: "Route.fetch: Target page, context or browser has been closed
Call log:
→ GET http://localhost:8080/chunk-stream0-00033.m4s
  -   user-agent: Mozilla/5.0 (X11; Linux x86_64) AppleWebKit/537.36 (KHTML, like Gecko) HeadlessChrome/112.0.5615.49 Safari/537.36
  -   accept: */*
  -   accept-encoding: gzip,deflate,br
  -   referer: http://localhost:8080/
  -   sec-ch-ua: 
  -   sec-ch-ua-mobile: ?0
  -   sec-ch-ua-platform: ""
  - ← 200 OK
  -   server: SimpleHTTP/0.6 Python/3.11.15
  -   date: Mon, 18 May 2026 03:37:20 GMT
  -   content-type: video/iso.segment
  -   content-length: 40446
  -   last-modified: Wed, 22 Apr 2026 18:42:40 GMT
  -   access-control-allow-origin: *
  -   access-control-allow-methods: GET, OPTIONS
  -   access-control-allow-headers: Content-Type, Range
  -   access-control-expose-headers: Content-Length, Content-Range
  -   cache-control: public, max-age=31536000
" while running route callback.
Consider awaiting `page.unroute_all(behavior='ignoreErrors')`
before the end of the test to ignore remaining routes in flight.

======================================================================
  BENCHMARK RESULTS (DASH / dash.js / BOLA)
======================================================================

  [TIMING]
      Startup delay:     5,070 ms
      Playback time:     120.2 s

  [BITRATE]
      Average (selected):  100 kbps
      Average (effective): 100 kbps
      Min / Max:           100 / 100 kbps
      Median:              100 kbps
      Std deviation:       0.0 kbps
      Variance:            0.0
      25th/75th %ile:      100 / 100 kbps

  [SWITCHES]
      Total count:       0
      Up / Down:         0 / 0
      Avg magnitude:     0 kbps

  [REBUFFERING]
      Events:            1
      Total time:        206 ms
      Ratio:             0.1711%
      Frequency:         0.499 per minute
      Avg duration:      206 ms
      Max duration:      206 ms

  [THROUGHPUT]
      Average:           2,405 kbps
      Median:            0 kbps
      Min / Max:         0 / 26,623 kbps
      Std deviation:     5,715.8 kbps

  [AVAILABLE BW (trace)]
      Average:           2,405 kbps
      Min / Max:         0 / 26,623 kbps

  [BUFFER]
      Average level:     20.3 s
      Min / Max:         2.0 / 29.0 s

  [UTILIZATION]
      Bandwidth:         0.0%

======================================================================

[SAVED] results/results/run_all_20260517_165956/dash_5g-ireland/benchmark_dash_netflix_driving_season3-strangerthings_B_2019_11_23_13_28_26_tc_20260517_203515.json

──────────────────────────────────────────────────────────────────────
  [62/83] netflix_driving_season3-strangerthings_B_2019_11_23_16_08_19_tc.csv
──────────────────────────────────────────────────────────────────────
[TRACE] netflix_driving_season3-strangerthings_B_2019_11_23_16_08_19_tc.csv
[DASH-SHAPER] Triggering tc-trace via /startShaping API...
[DASH-SHAPER] Warning: could not reach /startShaping: HTTPConnectionPool(host='localhost', port=8080): Read timed out. (read timeout=5)

======================================================================
  DASH Streaming QoE Benchmark (dash.js / BOLA)
======================================================================
  Server: http://localhost:8080
======================================================================

[TRACE] Loaded 1325 entries with bandwidth
[BROWSER] Launching headless Chromium...
[BROWSER-ERROR] Settings parameter streaming.timeouts is not supported
[BROWSER] Waiting for playback to start...
   Startup delay: 19021ms

[PLAYBACK] Collecting metrics...
   t=10s | buffer: 25.8s | bitrate: 100 kbps | tp: 20833 kbps | trace_bw: 20833 kbps
   t=20s | buffer: 15.7s | bitrate: 100 kbps | tp: 23086 kbps | trace_bw: 23086 kbps
   t=31s | buffer: 21.4s | bitrate: 100 kbps | tp: 0 kbps | trace_bw: 0 kbps
   t=41s | buffer: 23.3s | bitrate: 100 kbps | tp: 0 kbps | trace_bw: 0 kbps
   t=51s | buffer: 12.9s | bitrate: 100 kbps | tp: 2 kbps | trace_bw: 2 kbps
   t=61s | buffer: 2.8s | bitrate: 100 kbps | tp: 0 kbps | trace_bw: 0 kbps
   t=72s | buffer: 0.1s | bitrate: 100 kbps | tp: 7013 kbps | trace_bw: 7013 kbps
   t=82s | buffer: 11.6s | bitrate: 100 kbps | tp: 0 kbps | trace_bw: 0 kbps
   t=92s | buffer: 5.5s | bitrate: 100 kbps | tp: 2 kbps | trace_bw: 2 kbps
   t=102s | buffer: 19.1s | bitrate: 100 kbps | tp: 0 kbps | trace_bw: 0 kbps
   t=112s | buffer: 13.0s | bitrate: 100 kbps | tp: 0 kbps | trace_bw: 0 kbps

======================================================================
  BENCHMARK RESULTS (DASH / dash.js / BOLA)
======================================================================

  [TIMING]
      Startup delay:     19,021 ms
      Playback time:     110.9 s

  [BITRATE]
      Average (selected):  100 kbps
      Average (effective): 92 kbps
      Min / Max:           100 / 100 kbps
      Median:              100 kbps
      Std deviation:       0.0 kbps
      Variance:            0.0
      25th/75th %ile:      100 / 100 kbps

  [SWITCHES]
      Total count:       0
      Up / Down:         0 / 0
      Avg magnitude:     0 kbps

  [REBUFFERING]
      Events:            2
      Total time:        9,432 ms
      Ratio:             7.8377%
      Frequency:         1.082 per minute
      Avg duration:      4,716 ms
      Max duration:      9,232 ms

  [THROUGHPUT]
      Average:           3,624 kbps
      Median:            0 kbps
      Min / Max:         0 / 26,841 kbps
      Std deviation:     7,750.3 kbps

  [AVAILABLE BW (trace)]
      Average:           3,624 kbps
      Min / Max:         0 / 26,841 kbps

  [BUFFER]
      Average level:     14.3 s
      Min / Max:         0.1 / 28.9 s

  [UTILIZATION]
      Bandwidth:         0.0%

======================================================================

[SAVED] results/results/run_all_20260517_165956/dash_5g-ireland/benchmark_dash_netflix_driving_season3-strangerthings_B_2019_11_23_16_08_19_tc_20260517_203728.json

──────────────────────────────────────────────────────────────────────
  [63/83] netflix_driving_season3-strangerthings_B_2019_11_24_12_19_13_tc.csv
──────────────────────────────────────────────────────────────────────
[TRACE] netflix_driving_season3-strangerthings_B_2019_11_24_12_19_13_tc.csv
[DASH-SHAPER] Triggering tc-trace via /startShaping API...
[DASH-SHAPER] tc-trace.py starting in container

======================================================================
  DASH Streaming QoE Benchmark (dash.js / BOLA)
======================================================================
  Server: http://localhost:8080
======================================================================

[TRACE] Loaded 761 entries with bandwidth
[BROWSER] Launching headless Chromium...
[BROWSER-ERROR] Settings parameter streaming.timeouts is not supported
[BROWSER] Waiting for playback to start...
   Startup delay: 5211ms

[PLAYBACK] Collecting metrics...
   t=10s | buffer: 25.8s | bitrate: 100 kbps | tp: 20619 kbps | trace_bw: 20619 kbps
   t=20s | buffer: 15.8s | bitrate: 100 kbps | tp: 10764 kbps | trace_bw: 10764 kbps
   t=31s | buffer: 5.1s | bitrate: 4500 kbps | tp: 0 kbps | trace_bw: 0 kbps
   t=41s | buffer: 7.3s | bitrate: 100 kbps | tp: 0 kbps | trace_bw: 0 kbps
   t=51s | buffer: 0.1s | bitrate: 100 kbps | tp: 2 kbps | trace_bw: 2 kbps
   t=61s | buffer: 0.1s | bitrate: 100 kbps | tp: 0 kbps | trace_bw: 0 kbps
   t=72s | buffer: 9.0s | bitrate: 100 kbps | tp: 6998 kbps | trace_bw: 6998 kbps
   t=82s | buffer: 6.9s | bitrate: 100 kbps | tp: 0 kbps | trace_bw: 0 kbps
   t=92s | buffer: 0.1s | bitrate: 100 kbps | tp: 0 kbps | trace_bw: 0 kbps
   t=102s | buffer: 16.5s | bitrate: 100 kbps | tp: 0 kbps | trace_bw: 0 kbps
   t=112s | buffer: 6.4s | bitrate: 100 kbps | tp: 2 kbps | trace_bw: 2 kbps
Error occurred in event listener
Traceback (most recent call last):
  File "/home/ajhunjh1/.local/lib/python3.8/site-packages/playwright/_impl/_helper.py", line 296, in handle
    return await self._handle_internal(route)
  File "/home/ajhunjh1/.local/lib/python3.8/site-packages/playwright/_impl/_helper.py", line 332, in _handle_internal
    await handler_finished_future
  File "/home/ajhunjh1/.local/lib/python3.8/site-packages/playwright/_impl/_helper.py", line 323, in _handler
    self.handler(route, route.request)  # type: ignore
  File "/home/ajhunjh1/.local/lib/python3.8/site-packages/playwright/_impl/_impl_to_api_mapping.py", line 123, in wrapper_func
    return handler(
  File "benchmark.py", line 483, in _patch_dash_html
    resp = route.fetch()
  File "/home/ajhunjh1/.local/lib/python3.8/site-packages/playwright/sync_api/_generated.py", line 804, in fetch
    self._sync(
  File "/home/ajhunjh1/.local/lib/python3.8/site-packages/playwright/_impl/_sync_base.py", line 115, in _sync
    return task.result()
  File "/home/ajhunjh1/.local/lib/python3.8/site-packages/playwright/_impl/_network.py", line 457, in fetch
    return await self._connection.wrap_api_call(
  File "/home/ajhunjh1/.local/lib/python3.8/site-packages/playwright/_impl/_connection.py", line 520, in wrap_api_call
    raise rewrite_error(error, f"{parsed_st['apiName']}: {error}") from None
playwright._impl._errors.TargetClosedError: Route.fetch: Target page, context or browser has been closed

During handling of the above exception, another exception occurred:

Traceback (most recent call last):
  File "/home/ajhunjh1/.local/lib/python3.8/site-packages/playwright/_impl/_page.py", line 297, in _on_route
    handled = await route_handler.handle(route)
  File "/home/ajhunjh1/.local/lib/python3.8/site-packages/playwright/_impl/_helper.py", line 305, in handle
    raise rewrite_error(
playwright._impl._errors.TargetClosedError: "Route.fetch: Target page, context or browser has been closed" while running route callback.
Consider awaiting `page.unroute_all(behavior='ignoreErrors')`
before the end of the test to ignore remaining routes in flight.

======================================================================
  BENCHMARK RESULTS (DASH / dash.js / BOLA)
======================================================================

  [TIMING]
      Startup delay:     5,211 ms
      Playback time:     97.5 s

  [BITRATE]
      Average (selected):  314 kbps
      Average (effective): 254 kbps
      Min / Max:           100 / 4,500 kbps
      Median:              100 kbps
      Std deviation:       911.7 kbps
      Variance:            831,149.2
      25th/75th %ile:      100 / 100 kbps

  [SWITCHES]
      Total count:       5
      Up / Down:         2 / 3
      Avg magnitude:     2,040 kbps

  [REBUFFERING]
      Events:            3
      Total time:        22,871 ms
      Ratio:             19.0081%
      Frequency:         1.847 per minute
      Avg duration:      7,624 ms
      Max duration:      16,507 ms

  [THROUGHPUT]
      Average:           2,340 kbps
      Median:            0 kbps
      Min / Max:         0 / 30,994 kbps
      Std deviation:     5,735.6 kbps

  [AVAILABLE BW (trace)]
      Average:           2,340 kbps
      Min / Max:         0 / 30,994 kbps

  [BUFFER]
      Average level:     8.2 s
      Min / Max:         0.1 / 28.0 s

  [UTILIZATION]
      Bandwidth:         0.0%

======================================================================

[SAVED] results/results/run_all_20260517_165956/dash_5g-ireland/benchmark_dash_netflix_driving_season3-strangerthings_B_2019_11_24_12_19_13_tc_20260517_203951.json

──────────────────────────────────────────────────────────────────────
  [64/83] netflix_driving_season3-strangerthings_B_2019_11_24_13_06_36_tc.csv
──────────────────────────────────────────────────────────────────────
[TRACE] netflix_driving_season3-strangerthings_B_2019_11_24_13_06_36_tc.csv
[DASH-SHAPER] Triggering tc-trace via /startShaping API...
[DASH-SHAPER] tc-trace.py starting in container

======================================================================
  DASH Streaming QoE Benchmark (dash.js / BOLA)
======================================================================
  Server: http://localhost:8080
======================================================================

[TRACE] Loaded 701 entries with bandwidth
[BROWSER] Launching headless Chromium...
[BROWSER-ERROR] Settings parameter streaming.timeouts is not supported
[BROWSER] Waiting for playback to start...
   Startup delay: 5645ms

[PLAYBACK] Collecting metrics...
   t=10s | buffer: 25.8s | bitrate: 100 kbps | tp: 9228 kbps | trace_bw: 9228 kbps
   t=20s | buffer: 15.8s | bitrate: 100 kbps | tp: 5930 kbps | trace_bw: 5930 kbps
   t=31s | buffer: 5.1s | bitrate: 4500 kbps | tp: 2473 kbps | trace_bw: 2473 kbps
   t=41s | buffer: 2.7s | bitrate: 3000 kbps | tp: 3726 kbps | trace_bw: 3726 kbps
   t=51s | buffer: 0.6s | bitrate: 3000 kbps | tp: 11317 kbps | trace_bw: 11317 kbps
   t=62s | buffer: 6.1s | bitrate: 100 kbps | tp: 0 kbps | trace_bw: 0 kbps
   t=72s | buffer: 0.1s | bitrate: 100 kbps | tp: 0 kbps | trace_bw: 0 kbps
   t=82s | buffer: 13.1s | bitrate: 100 kbps | tp: 0 kbps | trace_bw: 0 kbps
   t=93s | buffer: 2.7s | bitrate: 100 kbps | tp: 2 kbps | trace_bw: 2 kbps
   t=103s | buffer: 9.7s | bitrate: 200 kbps | tp: 0 kbps | trace_bw: 0 kbps
   t=113s | buffer: 7.6s | bitrate: 100 kbps | tp: 2 kbps | trace_bw: 2 kbps

======================================================================
  BENCHMARK RESULTS (DASH / dash.js / BOLA)
======================================================================

  [TIMING]
      Startup delay:     5,645 ms
      Playback time:     99.3 s

  [BITRATE]
      Average (selected):  578 kbps
      Average (effective): 477 kbps
      Min / Max:           100 / 4,500 kbps
      Median:              100 kbps
      Std deviation:       1,111.0 kbps
      Variance:            1,234,431.0
      25th/75th %ile:      100 / 200 kbps

  [SWITCHES]
      Total count:       11
      Up / Down:         4 / 7
      Avg magnitude:     2,382 kbps

  [REBUFFERING]
      Events:            7
      Total time:        21,038 ms
      Ratio:             17.4818%
      Frequency:         4.229 per minute
      Avg duration:      3,005 ms
      Max duration:      7,335 ms

  [THROUGHPUT]
      Average:           2,907 kbps
      Median:            2 kbps
      Min / Max:         0 / 16,389 kbps
      Std deviation:     3,937.9 kbps

  [AVAILABLE BW (trace)]
      Average:           2,907 kbps
      Min / Max:         0 / 16,389 kbps
      Utilisation:       0.1%

  [BUFFER]
      Average level:     8.0 s
      Min / Max:         0.1 / 29.0 s

  [UTILIZATION]
      Bandwidth:         28882.9%

======================================================================

[SAVED] results/results/run_all_20260517_165956/dash_5g-ireland/benchmark_dash_netflix_driving_season3-strangerthings_B_2019_11_24_13_06_36_tc_20260517_204200.json

──────────────────────────────────────────────────────────────────────
  [65/83] netflix_driving_season3-strangerthings_B_2019_11_25_07_25_43_tc.csv
──────────────────────────────────────────────────────────────────────
[TRACE] netflix_driving_season3-strangerthings_B_2019_11_25_07_25_43_tc.csv
[DASH-SHAPER] Triggering tc-trace via /startShaping API...
[DASH-SHAPER] tc-trace.py starting in container

======================================================================
  DASH Streaming QoE Benchmark (dash.js / BOLA)
======================================================================
  Server: http://localhost:8080
======================================================================

[TRACE] Loaded 2134 entries with bandwidth
[BROWSER] Launching headless Chromium...
[BROWSER-ERROR] Settings parameter streaming.timeouts is not supported
[BROWSER] Waiting for playback to start...
   Startup delay: 4258ms

[PLAYBACK] Collecting metrics...
   t=10s | buffer: 1.8s | bitrate: 100 kbps | tp: 11 kbps | trace_bw: 11 kbps
   t=20s | buffer: 15.7s | bitrate: 100 kbps | tp: 21855 kbps | trace_bw: 21855 kbps
   t=31s | buffer: 5.4s | bitrate: 100 kbps | tp: 0 kbps | trace_bw: 0 kbps
   t=41s | buffer: 19.3s | bitrate: 100 kbps | tp: 0 kbps | trace_bw: 0 kbps
   t=51s | buffer: 12.9s | bitrate: 100 kbps | tp: 1 kbps | trace_bw: 1 kbps
   t=61s | buffer: 26.8s | bitrate: 100 kbps | tp: 0 kbps | trace_bw: 0 kbps
   t=72s | buffer: 28.5s | bitrate: 100 kbps | tp: 0 kbps | trace_bw: 0 kbps
   t=82s | buffer: 26.4s | bitrate: 100 kbps | tp: 1638 kbps | trace_bw: 1638 kbps
   t=92s | buffer: 28.0s | bitrate: 100 kbps | tp: 2 kbps | trace_bw: 2 kbps
   t=102s | buffer: 25.9s | bitrate: 100 kbps | tp: 0 kbps | trace_bw: 0 kbps
   t=113s | buffer: 27.6s | bitrate: 100 kbps | tp: 2 kbps | trace_bw: 2 kbps

======================================================================
  BENCHMARK RESULTS (DASH / dash.js / BOLA)
======================================================================

  [TIMING]
      Startup delay:     4,258 ms
      Playback time:     120.2 s

  [BITRATE]
      Average (selected):  100 kbps
      Average (effective): 100 kbps
      Min / Max:           100 / 100 kbps
      Median:              100 kbps
      Std deviation:       0.0 kbps
      Variance:            0.0
      25th/75th %ile:      100 / 100 kbps

  [SWITCHES]
      Total count:       0
      Up / Down:         0 / 0
      Avg magnitude:     0 kbps

  [REBUFFERING]
      Events:            1
      Total time:        199 ms
      Ratio:             0.1653%
      Frequency:         0.499 per minute
      Avg duration:      199 ms
      Max duration:      199 ms

  [THROUGHPUT]
      Average:           2,388 kbps
      Median:            0 kbps
      Min / Max:         0 / 27,898 kbps
      Std deviation:     6,166.0 kbps

  [AVAILABLE BW (trace)]
      Average:           2,388 kbps
      Min / Max:         0 / 27,898 kbps

  [BUFFER]
      Average level:     20.0 s
      Min / Max:         1.8 / 28.9 s

  [UTILIZATION]
      Bandwidth:         0.0%

======================================================================

[SAVED] results/results/run_all_20260517_165956/dash_5g-ireland/benchmark_dash_netflix_driving_season3-strangerthings_B_2019_11_25_07_25_43_tc_20260517_204409.json

──────────────────────────────────────────────────────────────────────
  [66/83] netflix_driving_season3-strangerthings_B_2019_11_25_15_34_34_tc.csv
──────────────────────────────────────────────────────────────────────
[TRACE] netflix_driving_season3-strangerthings_B_2019_11_25_15_34_34_tc.csv
[DASH-SHAPER] Triggering tc-trace via /startShaping API...
[DASH-SHAPER] tc-trace.py starting in container

======================================================================
  DASH Streaming QoE Benchmark (dash.js / BOLA)
======================================================================
  Server: http://localhost:8080
======================================================================

[TRACE] Loaded 1761 entries with bandwidth
[BROWSER] Launching headless Chromium...
[BROWSER-ERROR] Settings parameter streaming.timeouts is not supported
[BROWSER] Waiting for playback to start...
   Startup delay: 1471ms

[PLAYBACK] Collecting metrics...
   t=10s | buffer: 25.8s | bitrate: 100 kbps | tp: 4171 kbps | trace_bw: 4171 kbps
   t=21s | buffer: 15.5s | bitrate: 100 kbps | tp: 5057 kbps | trace_bw: 5057 kbps
   t=31s | buffer: 5.1s | bitrate: 3000 kbps | tp: 1525 kbps | trace_bw: 1525 kbps
   t=41s | buffer: 1.3s | bitrate: 2000 kbps | tp: 4587 kbps | trace_bw: 4587 kbps
   t=52s | buffer: 0.1s | bitrate: 100 kbps | tp: 4020 kbps | trace_bw: 4020 kbps
   t=62s | buffer: 0.1s | bitrate: 800 kbps | tp: 2757 kbps | trace_bw: 2757 kbps
   t=73s | buffer: 1.6s | bitrate: 800 kbps | tp: 2410 kbps | trace_bw: 2410 kbps
   t=83s | buffer: 0.7s | bitrate: 800 kbps | tp: 2202 kbps | trace_bw: 2202 kbps
   t=93s | buffer: 3.6s | bitrate: 600 kbps | tp: 1835 kbps | trace_bw: 1835 kbps
   t=104s | buffer: 5.3s | bitrate: 600 kbps | tp: 1234 kbps | trace_bw: 1234 kbps
   t=114s | buffer: 15.2s | bitrate: 400 kbps | tp: 659 kbps | trace_bw: 659 kbps
Error occurred in event listener
Traceback (most recent call last):
  File "/home/ajhunjh1/.local/lib/python3.8/site-packages/playwright/_impl/_helper.py", line 296, in handle
    return await self._handle_internal(route)
  File "/home/ajhunjh1/.local/lib/python3.8/site-packages/playwright/_impl/_helper.py", line 332, in _handle_internal
    await handler_finished_future
  File "/home/ajhunjh1/.local/lib/python3.8/site-packages/playwright/_impl/_helper.py", line 323, in _handler
    self.handler(route, route.request)  # type: ignore
  File "/home/ajhunjh1/.local/lib/python3.8/site-packages/playwright/_impl/_impl_to_api_mapping.py", line 123, in wrapper_func
    return handler(
  File "benchmark.py", line 483, in _patch_dash_html
    resp = route.fetch()
  File "/home/ajhunjh1/.local/lib/python3.8/site-packages/playwright/sync_api/_generated.py", line 804, in fetch
    self._sync(
  File "/home/ajhunjh1/.local/lib/python3.8/site-packages/playwright/_impl/_sync_base.py", line 115, in _sync
    return task.result()
  File "/home/ajhunjh1/.local/lib/python3.8/site-packages/playwright/_impl/_network.py", line 457, in fetch
    return await self._connection.wrap_api_call(
  File "/home/ajhunjh1/.local/lib/python3.8/site-packages/playwright/_impl/_connection.py", line 520, in wrap_api_call
    raise rewrite_error(error, f"{parsed_st['apiName']}: {error}") from None
playwright._impl._errors.TargetClosedError: Route.fetch: Target page, context or browser has been closed
Call log:
→ GET http://localhost:8080/chunk-stream2-00027.m4s
  -   user-agent: Mozilla/5.0 (X11; Linux x86_64) AppleWebKit/537.36 (KHTML, like Gecko) HeadlessChrome/112.0.5615.49 Safari/537.36
  -   accept: */*
  -   accept-encoding: gzip,deflate,br
  -   referer: http://localhost:8080/
  -   sec-ch-ua: 
  -   sec-ch-ua-mobile: ?0
  -   sec-ch-ua-platform: ""


During handling of the above exception, another exception occurred:

Traceback (most recent call last):
  File "/home/ajhunjh1/.local/lib/python3.8/site-packages/playwright/_impl/_page.py", line 297, in _on_route
    handled = await route_handler.handle(route)
  File "/home/ajhunjh1/.local/lib/python3.8/site-packages/playwright/_impl/_helper.py", line 305, in handle
    raise rewrite_error(
playwright._impl._errors.TargetClosedError: "Route.fetch: Target page, context or browser has been closed
Call log:
→ GET http://localhost:8080/chunk-stream2-00027.m4s
  -   user-agent: Mozilla/5.0 (X11; Linux x86_64) AppleWebKit/537.36 (KHTML, like Gecko) HeadlessChrome/112.0.5615.49 Safari/537.36
  -   accept: */*
  -   accept-encoding: gzip,deflate,br
  -   referer: http://localhost:8080/
  -   sec-ch-ua: 
  -   sec-ch-ua-mobile: ?0
  -   sec-ch-ua-platform: ""
" while running route callback.
Consider awaiting `page.unroute_all(behavior='ignoreErrors')`
before the end of the test to ignore remaining routes in flight.

======================================================================
  BENCHMARK RESULTS (DASH / dash.js / BOLA)
======================================================================

  [TIMING]
      Startup delay:     1,471 ms
      Playback time:     91.7 s

  [BITRATE]
      Average (selected):  626 kbps
      Average (effective): 475 kbps
      Min / Max:           100 / 3,000 kbps
      Median:              600 kbps
      Std deviation:       498.2 kbps
      Variance:            248,172.0
      25th/75th %ile:      400 / 800 kbps

  [SWITCHES]
      Total count:       18
      Up / Down:         10 / 8
      Avg magnitude:     1,094 kbps

  [REBUFFERING]
      Events:            9
      Total time:        28,988 ms
      Ratio:             24.0163%
      Frequency:         5.888 per minute
      Avg duration:      3,221 ms
      Max duration:      5,320 ms

  [THROUGHPUT]
      Average:           2,297 kbps
      Median:            1,933 kbps
      Min / Max:         0 / 10,037 kbps
      Std deviation:     1,724.6 kbps

  [AVAILABLE BW (trace)]
      Average:           2,297 kbps
      Min / Max:         0 / 10,037 kbps
      Utilisation:       84.2%

  [BUFFER]
      Average level:     6.4 s
      Min / Max:         0.1 / 26.9 s

  [UTILIZATION]
      Bandwidth:         32.4%

======================================================================

[SAVED] results/results/run_all_20260517_165956/dash_5g-ireland/benchmark_dash_netflix_driving_season3-strangerthings_B_2019_11_25_15_34_34_tc_20260517_204617.json

──────────────────────────────────────────────────────────────────────
  [67/83] netflix_driving_season3-strangerthings_B_2019_11_26_07_29_24_tc.csv
──────────────────────────────────────────────────────────────────────
[TRACE] netflix_driving_season3-strangerthings_B_2019_11_26_07_29_24_tc.csv
[DASH-SHAPER] Triggering tc-trace via /startShaping API...
[DASH-SHAPER] tc-trace.py starting in container

======================================================================
  DASH Streaming QoE Benchmark (dash.js / BOLA)
======================================================================
  Server: http://localhost:8080
======================================================================

[TRACE] Loaded 1900 entries with bandwidth
[BROWSER] Launching headless Chromium...
[BROWSER-ERROR] Settings parameter streaming.timeouts is not supported
[BROWSER] Waiting for playback to start...
   Startup delay: 26418ms

[PLAYBACK] Collecting metrics...
   t=10s | buffer: 1.8s | bitrate: 100 kbps | tp: 30139 kbps | trace_bw: 30139 kbps
   t=20s | buffer: 0.1s | bitrate: 100 kbps | tp: 18268 kbps | trace_bw: 18268 kbps
   t=31s | buffer: 0.1s | bitrate: 100 kbps | tp: 5 kbps | trace_bw: 5 kbps
   t=41s | buffer: 16.5s | bitrate: 100 kbps | tp: 1 kbps | trace_bw: 1 kbps
   t=51s | buffer: 6.4s | bitrate: 100 kbps | tp: 0 kbps | trace_bw: 0 kbps
   t=61s | buffer: 0.1s | bitrate: 100 kbps | tp: 0 kbps | trace_bw: 0 kbps
   t=72s | buffer: 6.3s | bitrate: 100 kbps | tp: 7 kbps | trace_bw: 7 kbps
   t=82s | buffer: 0.1s | bitrate: 100 kbps | tp: 7 kbps | trace_bw: 7 kbps
   t=92s | buffer: 24.1s | bitrate: 100 kbps | tp: 53 kbps | trace_bw: 53 kbps
   t=102s | buffer: 25.7s | bitrate: 100 kbps | tp: 0 kbps | trace_bw: 0 kbps
   t=112s | buffer: 27.6s | bitrate: 100 kbps | tp: 2 kbps | trace_bw: 2 kbps

======================================================================
  BENCHMARK RESULTS (DASH / dash.js / BOLA)
======================================================================

  [TIMING]
      Startup delay:     26,418 ms
      Playback time:     80.2 s

  [BITRATE]
      Average (selected):  100 kbps
      Average (effective): 67 kbps
      Min / Max:           100 / 100 kbps
      Median:              100 kbps
      Std deviation:       0.0 kbps
      Variance:            0.0
      25th/75th %ile:      100 / 100 kbps

  [SWITCHES]
      Total count:       0
      Up / Down:         0 / 0
      Avg magnitude:     0 kbps

  [REBUFFERING]
      Events:            4
      Total time:        40,124 ms
      Ratio:             33.3493%
      Frequency:         2.993 per minute
      Avg duration:      10,031 ms
      Max duration:      21,339 ms

  [THROUGHPUT]
      Average:           3,550 kbps
      Median:            1 kbps
      Min / Max:         0 / 49,124 kbps
      Std deviation:     9,420.8 kbps

  [AVAILABLE BW (trace)]
      Average:           3,550 kbps
      Min / Max:         0 / 49,124 kbps
      Utilisation:       0.0%

  [BUFFER]
      Average level:     9.7 s
      Min / Max:         0.1 / 28.9 s

  [UTILIZATION]
      Bandwidth:         10000.0%

======================================================================

[SAVED] results/results/run_all_20260517_165956/dash_5g-ireland/benchmark_dash_netflix_driving_season3-strangerthings_B_2019_11_26_07_29_24_tc_20260517_204823.json

──────────────────────────────────────────────────────────────────────
  [68/83] netflix_driving_season3-strangerthings_B_2019_11_26_09_53_40_tc.csv
──────────────────────────────────────────────────────────────────────
[TRACE] netflix_driving_season3-strangerthings_B_2019_11_26_09_53_40_tc.csv
[DASH-SHAPER] Triggering tc-trace via /startShaping API...
[DASH-SHAPER] tc-trace.py starting in container

======================================================================
  DASH Streaming QoE Benchmark (dash.js / BOLA)
======================================================================
  Server: http://localhost:8080
======================================================================

[TRACE] Loaded 3173 entries with bandwidth
[BROWSER] Launching headless Chromium...
[BROWSER-ERROR] Settings parameter streaming.timeouts is not supported
[BROWSER] Waiting for playback to start...
   Startup delay: 8612ms

[PLAYBACK] Collecting metrics...
   t=10s | buffer: 25.8s | bitrate: 100 kbps | tp: 5863 kbps | trace_bw: 5863 kbps
   t=21s | buffer: 19.7s | bitrate: 100 kbps | tp: 2 kbps | trace_bw: 2 kbps
   t=31s | buffer: 25.4s | bitrate: 100 kbps | tp: 0 kbps | trace_bw: 0 kbps
   t=41s | buffer: 23.0s | bitrate: 100 kbps | tp: 0 kbps | trace_bw: 0 kbps
   t=51s | buffer: 12.9s | bitrate: 100 kbps | tp: 0 kbps | trace_bw: 0 kbps
   t=61s | buffer: 14.6s | bitrate: 100 kbps | tp: 0 kbps | trace_bw: 0 kbps
   t=72s | buffer: 20.5s | bitrate: 100 kbps | tp: 94 kbps | trace_bw: 94 kbps
   t=82s | buffer: 22.1s | bitrate: 100 kbps | tp: 1521 kbps | trace_bw: 1521 kbps
   t=92s | buffer: 28.0s | bitrate: 100 kbps | tp: 0 kbps | trace_bw: 0 kbps
   t=102s | buffer: 25.7s | bitrate: 100 kbps | tp: 0 kbps | trace_bw: 0 kbps
   t=113s | buffer: 19.6s | bitrate: 100 kbps | tp: 0 kbps | trace_bw: 0 kbps
Error occurred in event listener
Traceback (most recent call last):
  File "/home/ajhunjh1/.local/lib/python3.8/site-packages/playwright/_impl/_helper.py", line 296, in handle
    return await self._handle_internal(route)
  File "/home/ajhunjh1/.local/lib/python3.8/site-packages/playwright/_impl/_helper.py", line 332, in _handle_internal
    await handler_finished_future
  File "/home/ajhunjh1/.local/lib/python3.8/site-packages/playwright/_impl/_helper.py", line 323, in _handler
    self.handler(route, route.request)  # type: ignore
  File "/home/ajhunjh1/.local/lib/python3.8/site-packages/playwright/_impl/_impl_to_api_mapping.py", line 123, in wrapper_func
    return handler(
  File "benchmark.py", line 483, in _patch_dash_html
    resp = route.fetch()
  File "/home/ajhunjh1/.local/lib/python3.8/site-packages/playwright/sync_api/_generated.py", line 804, in fetch
    self._sync(
  File "/home/ajhunjh1/.local/lib/python3.8/site-packages/playwright/_impl/_sync_base.py", line 115, in _sync
    return task.result()
  File "/home/ajhunjh1/.local/lib/python3.8/site-packages/playwright/_impl/_network.py", line 457, in fetch
    return await self._connection.wrap_api_call(
  File "/home/ajhunjh1/.local/lib/python3.8/site-packages/playwright/_impl/_connection.py", line 520, in wrap_api_call
    raise rewrite_error(error, f"{parsed_st['apiName']}: {error}") from None
playwright._impl._errors.TargetClosedError: Route.fetch: Target page, context or browser has been closed
Call log:
→ GET http://localhost:8080/chunk-stream0-00036.m4s
  -   user-agent: Mozilla/5.0 (X11; Linux x86_64) AppleWebKit/537.36 (KHTML, like Gecko) HeadlessChrome/112.0.5615.49 Safari/537.36
  -   accept: */*
  -   accept-encoding: gzip,deflate,br
  -   referer: http://localhost:8080/
  -   sec-ch-ua: 
  -   sec-ch-ua-mobile: ?0
  -   sec-ch-ua-platform: ""
  - ← 200 OK
  -   server: SimpleHTTP/0.6 Python/3.11.15
  -   date: Mon, 18 May 2026 03:53:01 GMT
  -   content-type: video/iso.segment
  -   content-length: 64342
  -   last-modified: Wed, 22 Apr 2026 18:42:41 GMT
  -   access-control-allow-origin: *
  -   access-control-allow-methods: GET, OPTIONS
  -   access-control-allow-headers: Content-Type, Range
  -   access-control-expose-headers: Content-Length, Content-Range
  -   cache-control: public, max-age=31536000


During handling of the above exception, another exception occurred:

Traceback (most recent call last):
  File "/home/ajhunjh1/.local/lib/python3.8/site-packages/playwright/_impl/_page.py", line 297, in _on_route
    handled = await route_handler.handle(route)
  File "/home/ajhunjh1/.local/lib/python3.8/site-packages/playwright/_impl/_helper.py", line 305, in handle
    raise rewrite_error(
playwright._impl._errors.TargetClosedError: "Route.fetch: Target page, context or browser has been closed
Call log:
→ GET http://localhost:8080/chunk-stream0-00036.m4s
  -   user-agent: Mozilla/5.0 (X11; Linux x86_64) AppleWebKit/537.36 (KHTML, like Gecko) HeadlessChrome/112.0.5615.49 Safari/537.36
  -   accept: */*
  -   accept-encoding: gzip,deflate,br
  -   referer: http://localhost:8080/
  -   sec-ch-ua: 
  -   sec-ch-ua-mobile: ?0
  -   sec-ch-ua-platform: ""
  - ← 200 OK
  -   server: SimpleHTTP/0.6 Python/3.11.15
  -   date: Mon, 18 May 2026 03:53:01 GMT
  -   content-type: video/iso.segment
  -   content-length: 64342
  -   last-modified: Wed, 22 Apr 2026 18:42:41 GMT
  -   access-control-allow-origin: *
  -   access-control-allow-methods: GET, OPTIONS
  -   access-control-allow-headers: Content-Type, Range
  -   access-control-expose-headers: Content-Length, Content-Range
  -   cache-control: public, max-age=31536000
" while running route callback.
Consider awaiting `page.unroute_all(behavior='ignoreErrors')`
before the end of the test to ignore remaining routes in flight.

======================================================================
  BENCHMARK RESULTS (DASH / dash.js / BOLA)
======================================================================

  [TIMING]
      Startup delay:     8,612 ms
      Playback time:     120.2 s

  [BITRATE]
      Average (selected):  100 kbps
      Average (effective): 100 kbps
      Min / Max:           100 / 100 kbps
      Median:              100 kbps
      Std deviation:       0.0 kbps
      Variance:            0.0
      25th/75th %ile:      100 / 100 kbps

  [SWITCHES]
      Total count:       0
      Up / Down:         0 / 0
      Avg magnitude:     0 kbps

  [REBUFFERING]
      Events:            1
      Total time:        191 ms
      Ratio:             0.1586%
      Frequency:         0.499 per minute
      Avg duration:      191 ms
      Max duration:      191 ms

  [THROUGHPUT]
      Average:           2,331 kbps
      Median:            2 kbps
      Min / Max:         0 / 111,617 kbps
      Std deviation:     12,198.5 kbps

  [AVAILABLE BW (trace)]
      Average:           2,331 kbps
      Min / Max:         0 / 111,617 kbps
      Utilisation:       0.1%

  [BUFFER]
      Average level:     21.6 s
      Min / Max:         3.7 / 28.9 s

  [UTILIZATION]
      Bandwidth:         5000.0%

======================================================================

[SAVED] results/results/run_all_20260517_165956/dash_5g-ireland/benchmark_dash_netflix_driving_season3-strangerthings_B_2019_11_26_09_53_40_tc_20260517_205053.json

──────────────────────────────────────────────────────────────────────
  [69/83] netflix_driving_season3-strangerthings_B_2019_11_26_13_00_56_tc.csv
──────────────────────────────────────────────────────────────────────
[TRACE] netflix_driving_season3-strangerthings_B_2019_11_26_13_00_56_tc.csv
[DASH-SHAPER] Triggering tc-trace via /startShaping API...
[DASH-SHAPER] Warning: could not reach /startShaping: HTTPConnectionPool(host='localhost', port=8080): Read timed out. (read timeout=5)

======================================================================
  DASH Streaming QoE Benchmark (dash.js / BOLA)
======================================================================
  Server: http://localhost:8080
======================================================================

[TRACE] Loaded 1163 entries with bandwidth
[BROWSER] Launching headless Chromium...
[BROWSER-ERROR] Settings parameter streaming.timeouts is not supported
[BROWSER] Waiting for playback to start...
   Startup delay: 12591ms

[PLAYBACK] Collecting metrics...
   t=10s | buffer: 25.8s | bitrate: 100 kbps | tp: 24554 kbps | trace_bw: 24554 kbps
   t=21s | buffer: 15.5s | bitrate: 100 kbps | tp: 0 kbps | trace_bw: 0 kbps
   t=31s | buffer: 5.4s | bitrate: 800 kbps | tp: 0 kbps | trace_bw: 0 kbps
   t=41s | buffer: 0.1s | bitrate: 800 kbps | tp: 1 kbps | trace_bw: 1 kbps
   t=51s | buffer: 0.1s | bitrate: 100 kbps | tp: 2 kbps | trace_bw: 2 kbps
   t=61s | buffer: 11.1s | bitrate: 100 kbps | tp: 0 kbps | trace_bw: 0 kbps
   t=72s | buffer: 13.0s | bitrate: 100 kbps | tp: 0 kbps | trace_bw: 0 kbps
   t=82s | buffer: 6.7s | bitrate: 100 kbps | tp: 0 kbps | trace_bw: 0 kbps
   t=92s | buffer: 0.1s | bitrate: 100 kbps | tp: 0 kbps | trace_bw: 0 kbps
   t=102s | buffer: 16.2s | bitrate: 100 kbps | tp: 0 kbps | trace_bw: 0 kbps
   t=113s | buffer: 25.8s | bitrate: 100 kbps | tp: 2 kbps | trace_bw: 2 kbps
Error occurred in event listener
Traceback (most recent call last):
  File "/home/ajhunjh1/.local/lib/python3.8/site-packages/playwright/_impl/_helper.py", line 296, in handle
    return await self._handle_internal(route)
  File "/home/ajhunjh1/.local/lib/python3.8/site-packages/playwright/_impl/_helper.py", line 332, in _handle_internal
    await handler_finished_future
  File "/home/ajhunjh1/.local/lib/python3.8/site-packages/playwright/_impl/_helper.py", line 323, in _handler
    self.handler(route, route.request)  # type: ignore
  File "/home/ajhunjh1/.local/lib/python3.8/site-packages/playwright/_impl/_impl_to_api_mapping.py", line 123, in wrapper_func
    return handler(
  File "benchmark.py", line 483, in _patch_dash_html
    resp = route.fetch()
  File "/home/ajhunjh1/.local/lib/python3.8/site-packages/playwright/sync_api/_generated.py", line 804, in fetch
    self._sync(
  File "/home/ajhunjh1/.local/lib/python3.8/site-packages/playwright/_impl/_sync_base.py", line 115, in _sync
    return task.result()
  File "/home/ajhunjh1/.local/lib/python3.8/site-packages/playwright/_impl/_network.py", line 457, in fetch
    return await self._connection.wrap_api_call(
  File "/home/ajhunjh1/.local/lib/python3.8/site-packages/playwright/_impl/_connection.py", line 520, in wrap_api_call
    raise rewrite_error(error, f"{parsed_st['apiName']}: {error}") from None
playwright._impl._errors.TargetClosedError: Route.fetch: Target page, context or browser has been closed
Call log:
→ GET http://localhost:8080/chunk-stream0-00029.m4s
  -   user-agent: Mozilla/5.0 (X11; Linux x86_64) AppleWebKit/537.36 (KHTML, like Gecko) HeadlessChrome/112.0.5615.49 Safari/537.36
  -   accept: */*
  -   accept-encoding: gzip,deflate,br
  -   referer: http://localhost:8080/
  -   sec-ch-ua: 
  -   sec-ch-ua-mobile: ?0
  -   sec-ch-ua-platform: ""


During handling of the above exception, another exception occurred:

Traceback (most recent call last):
  File "/home/ajhunjh1/.local/lib/python3.8/site-packages/playwright/_impl/_page.py", line 297, in _on_route
    handled = await route_handler.handle(route)
  File "/home/ajhunjh1/.local/lib/python3.8/site-packages/playwright/_impl/_helper.py", line 305, in handle
    raise rewrite_error(
playwright._impl._errors.TargetClosedError: "Route.fetch: Target page, context or browser has been closed
Call log:
→ GET http://localhost:8080/chunk-stream0-00029.m4s
  -   user-agent: Mozilla/5.0 (X11; Linux x86_64) AppleWebKit/537.36 (KHTML, like Gecko) HeadlessChrome/112.0.5615.49 Safari/537.36
  -   accept: */*
  -   accept-encoding: gzip,deflate,br
  -   referer: http://localhost:8080/
  -   sec-ch-ua: 
  -   sec-ch-ua-mobile: ?0
  -   sec-ch-ua-platform: ""
" while running route callback.
Consider awaiting `page.unroute_all(behavior='ignoreErrors')`
before the end of the test to ignore remaining routes in flight.

======================================================================
  BENCHMARK RESULTS (DASH / dash.js / BOLA)
======================================================================

  [TIMING]
      Startup delay:     12,591 ms
      Playback time:     89.9 s

  [BITRATE]
      Average (selected):  199 kbps
      Average (effective): 149 kbps
      Min / Max:           100 / 800 kbps
      Median:              100 kbps
      Std deviation:       243.9 kbps
      Variance:            59,511.2
      25th/75th %ile:      100 / 100 kbps

  [SWITCHES]
      Total count:       2
      Up / Down:         1 / 1
      Avg magnitude:     700 kbps

  [REBUFFERING]
      Events:            3
      Total time:        30,554 ms
      Ratio:             25.3692%
      Frequency:         2.003 per minute
      Avg duration:      10,185 ms
      Max duration:      20,493 ms

  [THROUGHPUT]
      Average:           3,575 kbps
      Median:            0 kbps
      Min / Max:         0 / 35,735 kbps
      Std deviation:     8,523.9 kbps

  [AVAILABLE BW (trace)]
      Average:           3,575 kbps
      Min / Max:         0 / 35,735 kbps

  [BUFFER]
      Average level:     10.4 s
      Min / Max:         0.1 / 29.0 s

  [UTILIZATION]
      Bandwidth:         0.0%

======================================================================

[SAVED] results/results/run_all_20260517_165956/dash_5g-ireland/benchmark_dash_netflix_driving_season3-strangerthings_B_2019_11_26_13_00_56_tc_20260517_205310.json

──────────────────────────────────────────────────────────────────────
  [70/83] netflix_driving_season3-strangerthings_B_2019_11_26_13_20_42_tc.csv
──────────────────────────────────────────────────────────────────────
[TRACE] netflix_driving_season3-strangerthings_B_2019_11_26_13_20_42_tc.csv
[DASH-SHAPER] Triggering tc-trace via /startShaping API...
[DASH-SHAPER] tc-trace.py starting in container

======================================================================
  DASH Streaming QoE Benchmark (dash.js / BOLA)
======================================================================
  Server: http://localhost:8080
======================================================================

[TRACE] Loaded 615 entries with bandwidth
[BROWSER] Launching headless Chromium...
[BROWSER-ERROR] Settings parameter streaming.timeouts is not supported
[BROWSER] Waiting for playback to start...
   Startup delay: 3035ms

[PLAYBACK] Collecting metrics...
   t=10s | buffer: 21.8s | bitrate: 100 kbps | tp: 19703 kbps | trace_bw: 19703 kbps
   t=20s | buffer: 11.7s | bitrate: 100 kbps | tp: 10351 kbps | trace_bw: 10351 kbps
   t=31s | buffer: 25.4s | bitrate: 100 kbps | tp: 0 kbps | trace_bw: 0 kbps
   t=41s | buffer: 27.3s | bitrate: 100 kbps | tp: 0 kbps | trace_bw: 0 kbps
   t=51s | buffer: 24.9s | bitrate: 100 kbps | tp: 0 kbps | trace_bw: 0 kbps
   t=61s | buffer: 22.8s | bitrate: 100 kbps | tp: 0 kbps | trace_bw: 0 kbps
   t=72s | buffer: 24.5s | bitrate: 100 kbps | tp: 8438 kbps | trace_bw: 8438 kbps
   t=82s | buffer: 26.4s | bitrate: 100 kbps | tp: 0 kbps | trace_bw: 0 kbps
   t=92s | buffer: 28.0s | bitrate: 100 kbps | tp: 0 kbps | trace_bw: 0 kbps
   t=102s | buffer: 25.9s | bitrate: 100 kbps | tp: 0 kbps | trace_bw: 0 kbps
   t=112s | buffer: 15.6s | bitrate: 100 kbps | tp: 35 kbps | trace_bw: 35 kbps
Error occurred in event listener
Traceback (most recent call last):
  File "/home/ajhunjh1/.local/lib/python3.8/site-packages/playwright/_impl/_helper.py", line 296, in handle
    return await self._handle_internal(route)
  File "/home/ajhunjh1/.local/lib/python3.8/site-packages/playwright/_impl/_helper.py", line 332, in _handle_internal
    await handler_finished_future
  File "/home/ajhunjh1/.local/lib/python3.8/site-packages/playwright/_impl/_helper.py", line 323, in _handler
    self.handler(route, route.request)  # type: ignore
  File "/home/ajhunjh1/.local/lib/python3.8/site-packages/playwright/_impl/_impl_to_api_mapping.py", line 123, in wrapper_func
    return handler(
  File "benchmark.py", line 483, in _patch_dash_html
    resp = route.fetch()
  File "/home/ajhunjh1/.local/lib/python3.8/site-packages/playwright/sync_api/_generated.py", line 804, in fetch
    self._sync(
  File "/home/ajhunjh1/.local/lib/python3.8/site-packages/playwright/_impl/_sync_base.py", line 115, in _sync
    return task.result()
  File "/home/ajhunjh1/.local/lib/python3.8/site-packages/playwright/_impl/_network.py", line 457, in fetch
    return await self._connection.wrap_api_call(
  File "/home/ajhunjh1/.local/lib/python3.8/site-packages/playwright/_impl/_connection.py", line 520, in wrap_api_call
    raise rewrite_error(error, f"{parsed_st['apiName']}: {error}") from None
playwright._impl._errors.TargetClosedError: Route.fetch: Target page, context or browser has been closed
Call log:
→ GET http://localhost:8080/chunk-stream0-00033.m4s
  -   user-agent: Mozilla/5.0 (X11; Linux x86_64) AppleWebKit/537.36 (KHTML, like Gecko) HeadlessChrome/112.0.5615.49 Safari/537.36
  -   accept: */*
  -   accept-encoding: gzip,deflate,br
  -   referer: http://localhost:8080/
  -   sec-ch-ua: 
  -   sec-ch-ua-mobile: ?0
  -   sec-ch-ua-platform: ""
  - ← 200 OK
  -   server: SimpleHTTP/0.6 Python/3.11.15
  -   date: Mon, 18 May 2026 03:57:13 GMT
  -   content-type: video/iso.segment
  -   content-length: 40446
  -   last-modified: Wed, 22 Apr 2026 18:42:40 GMT
  -   access-control-allow-origin: *
  -   access-control-allow-methods: GET, OPTIONS
  -   access-control-allow-headers: Content-Type, Range
  -   access-control-expose-headers: Content-Length, Content-Range
  -   cache-control: public, max-age=31536000


During handling of the above exception, another exception occurred:

Traceback (most recent call last):
  File "/home/ajhunjh1/.local/lib/python3.8/site-packages/playwright/_impl/_page.py", line 297, in _on_route
    handled = await route_handler.handle(route)
  File "/home/ajhunjh1/.local/lib/python3.8/site-packages/playwright/_impl/_helper.py", line 305, in handle
    raise rewrite_error(
playwright._impl._errors.TargetClosedError: "Route.fetch: Target page, context or browser has been closed
Call log:
→ GET http://localhost:8080/chunk-stream0-00033.m4s
  -   user-agent: Mozilla/5.0 (X11; Linux x86_64) AppleWebKit/537.36 (KHTML, like Gecko) HeadlessChrome/112.0.5615.49 Safari/537.36
  -   accept: */*
  -   accept-encoding: gzip,deflate,br
  -   referer: http://localhost:8080/
  -   sec-ch-ua: 
  -   sec-ch-ua-mobile: ?0
  -   sec-ch-ua-platform: ""
  - ← 200 OK
  -   server: SimpleHTTP/0.6 Python/3.11.15
  -   date: Mon, 18 May 2026 03:57:13 GMT
  -   content-type: video/iso.segment
  -   content-length: 40446
  -   last-modified: Wed, 22 Apr 2026 18:42:40 GMT
  -   access-control-allow-origin: *
  -   access-control-allow-methods: GET, OPTIONS
  -   access-control-allow-headers: Content-Type, Range
  -   access-control-expose-headers: Content-Length, Content-Range
  -   cache-control: public, max-age=31536000
" while running route callback.
Consider awaiting `page.unroute_all(behavior='ignoreErrors')`
before the end of the test to ignore remaining routes in flight.

======================================================================
  BENCHMARK RESULTS (DASH / dash.js / BOLA)
======================================================================

  [TIMING]
      Startup delay:     3,035 ms
      Playback time:     120.1 s

  [BITRATE]
      Average (selected):  100 kbps
      Average (effective): 100 kbps
      Min / Max:           100 / 100 kbps
      Median:              100 kbps
      Std deviation:       0.0 kbps
      Variance:            0.0
      25th/75th %ile:      100 / 100 kbps

  [SWITCHES]
      Total count:       0
      Up / Down:         0 / 0
      Avg magnitude:     0 kbps

  [REBUFFERING]
      Events:            1
      Total time:        193 ms
      Ratio:             0.1604%
      Frequency:         0.499 per minute
      Avg duration:      193 ms
      Max duration:      193 ms

  [THROUGHPUT]
      Average:           3,486 kbps
      Median:            0 kbps
      Min / Max:         0 / 38,209 kbps
      Std deviation:     7,816.0 kbps

  [AVAILABLE BW (trace)]
      Average:           3,486 kbps
      Min / Max:         0 / 38,209 kbps

  [BUFFER]
      Average level:     22.0 s
      Min / Max:         3.7 / 28.9 s

  [UTILIZATION]
      Bandwidth:         0.0%

======================================================================

[SAVED] results/results/run_all_20260517_165956/dash_5g-ireland/benchmark_dash_netflix_driving_season3-strangerthings_B_2019_11_26_13_20_42_tc_20260517_205527.json

──────────────────────────────────────────────────────────────────────
  [71/83] netflix_driving_season3-strangerthings_B_2019_11_26_15_02_50_tc.csv
──────────────────────────────────────────────────────────────────────
[TRACE] netflix_driving_season3-strangerthings_B_2019_11_26_15_02_50_tc.csv
[DASH-SHAPER] Triggering tc-trace via /startShaping API...
[DASH-SHAPER] Warning: could not reach /startShaping: HTTPConnectionPool(host='localhost', port=8080): Read timed out. (read timeout=5)

======================================================================
  DASH Streaming QoE Benchmark (dash.js / BOLA)
======================================================================
  Server: http://localhost:8080
======================================================================

[TRACE] Loaded 3702 entries with bandwidth
[BROWSER] Launching headless Chromium...
[BROWSER-ERROR] Settings parameter streaming.timeouts is not supported
[BROWSER] Waiting for playback to start...
   Startup delay: 17846ms

[PLAYBACK] Collecting metrics...
   t=10s | buffer: 21.9s | bitrate: 100 kbps | tp: 11297 kbps | trace_bw: 11297 kbps
   t=20s | buffer: 19.5s | bitrate: 100 kbps | tp: 0 kbps | trace_bw: 0 kbps
   t=31s | buffer: 17.4s | bitrate: 100 kbps | tp: 18178 kbps | trace_bw: 18178 kbps
   t=41s | buffer: 15.1s | bitrate: 100 kbps | tp: 0 kbps | trace_bw: 0 kbps
   t=51s | buffer: 13.0s | bitrate: 100 kbps | tp: 0 kbps | trace_bw: 0 kbps
   t=61s | buffer: 10.8s | bitrate: 100 kbps | tp: 1 kbps | trace_bw: 1 kbps
   t=72s | buffer: 0.5s | bitrate: 100 kbps | tp: 0 kbps | trace_bw: 0 kbps
   t=82s | buffer: 4.1s | bitrate: 100 kbps | tp: 15 kbps | trace_bw: 15 kbps
   t=92s | buffer: 0.1s | bitrate: 100 kbps | tp: 2 kbps | trace_bw: 2 kbps
   t=102s | buffer: 22.4s | bitrate: 100 kbps | tp: 0 kbps | trace_bw: 0 kbps
   t=112s | buffer: 20.3s | bitrate: 100 kbps | tp: 2 kbps | trace_bw: 2 kbps
Error occurred in event listener
Traceback (most recent call last):
  File "/home/ajhunjh1/.local/lib/python3.8/site-packages/playwright/_impl/_helper.py", line 296, in handle
    return await self._handle_internal(route)
  File "/home/ajhunjh1/.local/lib/python3.8/site-packages/playwright/_impl/_helper.py", line 332, in _handle_internal
    await handler_finished_future
  File "/home/ajhunjh1/.local/lib/python3.8/site-packages/playwright/_impl/_helper.py", line 323, in _handler
    self.handler(route, route.request)  # type: ignore
  File "/home/ajhunjh1/.local/lib/python3.8/site-packages/playwright/_impl/_impl_to_api_mapping.py", line 123, in wrapper_func
    return handler(
  File "benchmark.py", line 483, in _patch_dash_html
    resp = route.fetch()
  File "/home/ajhunjh1/.local/lib/python3.8/site-packages/playwright/sync_api/_generated.py", line 804, in fetch
    self._sync(
  File "/home/ajhunjh1/.local/lib/python3.8/site-packages/playwright/_impl/_sync_base.py", line 115, in _sync
    return task.result()
  File "/home/ajhunjh1/.local/lib/python3.8/site-packages/playwright/_impl/_network.py", line 457, in fetch
    return await self._connection.wrap_api_call(
  File "/home/ajhunjh1/.local/lib/python3.8/site-packages/playwright/_impl/_connection.py", line 520, in wrap_api_call
    raise rewrite_error(error, f"{parsed_st['apiName']}: {error}") from None
playwright._impl._errors.TargetClosedError: Route.fetch: Target page, context or browser has been closed

During handling of the above exception, another exception occurred:

Traceback (most recent call last):
  File "/home/ajhunjh1/.local/lib/python3.8/site-packages/playwright/_impl/_page.py", line 297, in _on_route
    handled = await route_handler.handle(route)
  File "/home/ajhunjh1/.local/lib/python3.8/site-packages/playwright/_impl/_helper.py", line 305, in handle
    raise rewrite_error(
playwright._impl._errors.TargetClosedError: "Route.fetch: Target page, context or browser has been closed" while running route callback.
Consider awaiting `page.unroute_all(behavior='ignoreErrors')`
before the end of the test to ignore remaining routes in flight.

======================================================================
  BENCHMARK RESULTS (DASH / dash.js / BOLA)
======================================================================

  [TIMING]
      Startup delay:     17,846 ms
      Playback time:     107.5 s

  [BITRATE]
      Average (selected):  100 kbps
      Average (effective): 88 kbps
      Min / Max:           100 / 100 kbps
      Median:              100 kbps
      Std deviation:       0.0 kbps
      Variance:            0.0
      25th/75th %ile:      100 / 100 kbps

  [SWITCHES]
      Total count:       0
      Up / Down:         0 / 0
      Avg magnitude:     0 kbps

  [REBUFFERING]
      Events:            3
      Total time:        14,202 ms
      Ratio:             11.6693%
      Frequency:         1.674 per minute
      Avg duration:      4,734 ms
      Max duration:      6,798 ms

  [THROUGHPUT]
      Average:           2,609 kbps
      Median:            1 kbps
      Min / Max:         0 / 18,178 kbps
      Std deviation:     5,106.3 kbps

  [AVAILABLE BW (trace)]
      Average:           2,609 kbps
      Min / Max:         0 / 18,178 kbps
      Utilisation:       0.0%

  [BUFFER]
      Average level:     13.0 s
      Min / Max:         0.1 / 29.0 s

  [UTILIZATION]
      Bandwidth:         10000.0%

======================================================================

[SAVED] results/results/run_all_20260517_165956/dash_5g-ireland/benchmark_dash_netflix_driving_season3-strangerthings_B_2019_11_26_15_02_50_tc_20260517_205738.json

──────────────────────────────────────────────────────────────────────
  [72/83] netflix_driving_season3-strangerthings_B_2019_11_27_07_29_47_tc.csv
──────────────────────────────────────────────────────────────────────
[TRACE] netflix_driving_season3-strangerthings_B_2019_11_27_07_29_47_tc.csv
[DASH-SHAPER] Triggering tc-trace via /startShaping API...
[DASH-SHAPER] tc-trace.py starting in container

======================================================================
  DASH Streaming QoE Benchmark (dash.js / BOLA)
======================================================================
  Server: http://localhost:8080
======================================================================

[TRACE] Loaded 2294 entries with bandwidth
[BROWSER] Launching headless Chromium...
[BROWSER-ERROR] Settings parameter streaming.timeouts is not supported
[BROWSER] Waiting for playback to start...
   Startup delay: 1825ms

[PLAYBACK] Collecting metrics...
   t=10s | buffer: 25.8s | bitrate: 100 kbps | tp: 2 kbps | trace_bw: 2 kbps
   t=21s | buffer: 15.5s | bitrate: 100 kbps | tp: 18373 kbps | trace_bw: 18373 kbps
   t=31s | buffer: 5.4s | bitrate: 100 kbps | tp: 1 kbps | trace_bw: 1 kbps
   t=41s | buffer: 27.0s | bitrate: 100 kbps | tp: 16 kbps | trace_bw: 16 kbps
   t=51s | buffer: 16.9s | bitrate: 100 kbps | tp: 0 kbps | trace_bw: 0 kbps
   t=61s | buffer: 22.6s | bitrate: 100 kbps | tp: 0 kbps | trace_bw: 0 kbps
   t=72s | buffer: 20.5s | bitrate: 100 kbps | tp: 3 kbps | trace_bw: 3 kbps
   t=82s | buffer: 26.1s | bitrate: 100 kbps | tp: 2 kbps | trace_bw: 2 kbps
   t=92s | buffer: 20.0s | bitrate: 100 kbps | tp: 2 kbps | trace_bw: 2 kbps
   t=102s | buffer: 25.7s | bitrate: 100 kbps | tp: 0 kbps | trace_bw: 0 kbps
   t=113s | buffer: 19.6s | bitrate: 100 kbps | tp: 0 kbps | trace_bw: 0 kbps

======================================================================
  BENCHMARK RESULTS (DASH / dash.js / BOLA)
======================================================================

  [TIMING]
      Startup delay:     1,825 ms
      Playback time:     120.3 s

  [BITRATE]
      Average (selected):  100 kbps
      Average (effective): 100 kbps
      Min / Max:           100 / 100 kbps
      Median:              100 kbps
      Std deviation:       0.0 kbps
      Variance:            0.0
      25th/75th %ile:      100 / 100 kbps

  [SWITCHES]
      Total count:       0
      Up / Down:         0 / 0
      Avg magnitude:     0 kbps

  [REBUFFERING]
      Events:            1
      Total time:        192 ms
      Ratio:             0.1593%
      Frequency:         0.499 per minute
      Avg duration:      192 ms
      Max duration:      192 ms

  [THROUGHPUT]
      Average:           2,444 kbps
      Median:            0 kbps
      Min / Max:         0 / 36,713 kbps
      Std deviation:     7,332.5 kbps

  [AVAILABLE BW (trace)]
      Average:           2,444 kbps
      Min / Max:         0 / 36,713 kbps

  [BUFFER]
      Average level:     20.0 s
      Min / Max:         2.6 / 28.9 s

  [UTILIZATION]
      Bandwidth:         0.0%

======================================================================

[SAVED] results/results/run_all_20260517_165956/dash_5g-ireland/benchmark_dash_netflix_driving_season3-strangerthings_B_2019_11_27_07_29_47_tc_20260517_210000.json

──────────────────────────────────────────────────────────────────────
  [73/83] netflix_driving_season3-strangerthings_B_2019_11_27_16_33_16_tc.csv
──────────────────────────────────────────────────────────────────────
[TRACE] netflix_driving_season3-strangerthings_B_2019_11_27_16_33_16_tc.csv
[DASH-SHAPER] Triggering tc-trace via /startShaping API...
[DASH-SHAPER] tc-trace.py starting in container

======================================================================
  DASH Streaming QoE Benchmark (dash.js / BOLA)
======================================================================
  Server: http://localhost:8080
======================================================================

[TRACE] Loaded 1991 entries with bandwidth
[BROWSER] Launching headless Chromium...
[BROWSER-ERROR] Settings parameter streaming.timeouts is not supported
[BROWSER] Waiting for playback to start...
   Startup delay: 1885ms

[PLAYBACK] Collecting metrics...
   t=10s | buffer: 5.9s | bitrate: 100 kbps | tp: 1 kbps | trace_bw: 1 kbps
   t=20s | buffer: 0.1s | bitrate: 100 kbps | tp: 246 kbps | trace_bw: 246 kbps
   t=31s | buffer: 6.8s | bitrate: 100 kbps | tp: 4426 kbps | trace_bw: 4426 kbps
   t=41s | buffer: 16.4s | bitrate: 100 kbps | tp: 2321 kbps | trace_bw: 2321 kbps
   t=51s | buffer: 6.3s | bitrate: 3000 kbps | tp: 571 kbps | trace_bw: 571 kbps
   t=62s | buffer: 1.3s | bitrate: 3000 kbps | tp: 1357 kbps | trace_bw: 1357 kbps
   t=72s | buffer: 0.1s | bitrate: 2000 kbps | tp: 2294 kbps | trace_bw: 2294 kbps
   t=82s | buffer: 2.0s | bitrate: 2000 kbps | tp: 2289 kbps | trace_bw: 2289 kbps
   t=93s | buffer: 3.7s | bitrate: 1500 kbps | tp: 2587 kbps | trace_bw: 2587 kbps
   t=103s | buffer: 0.1s | bitrate: 1200 kbps | tp: 1580 kbps | trace_bw: 1580 kbps
   t=113s | buffer: 0.1s | bitrate: 1500 kbps | tp: 5622 kbps | trace_bw: 5622 kbps
Error occurred in event listener
Traceback (most recent call last):
  File "/home/ajhunjh1/.local/lib/python3.8/site-packages/playwright/_impl/_helper.py", line 296, in handle
    return await self._handle_internal(route)
  File "/home/ajhunjh1/.local/lib/python3.8/site-packages/playwright/_impl/_helper.py", line 332, in _handle_internal
    await handler_finished_future
  File "/home/ajhunjh1/.local/lib/python3.8/site-packages/playwright/_impl/_helper.py", line 323, in _handler
    self.handler(route, route.request)  # type: ignore
  File "/home/ajhunjh1/.local/lib/python3.8/site-packages/playwright/_impl/_impl_to_api_mapping.py", line 123, in wrapper_func
    return handler(
  File "benchmark.py", line 483, in _patch_dash_html
    resp = route.fetch()
  File "/home/ajhunjh1/.local/lib/python3.8/site-packages/playwright/sync_api/_generated.py", line 804, in fetch
    self._sync(
  File "/home/ajhunjh1/.local/lib/python3.8/site-packages/playwright/_impl/_sync_base.py", line 115, in _sync
    return task.result()
  File "/home/ajhunjh1/.local/lib/python3.8/site-packages/playwright/_impl/_network.py", line 457, in fetch
    return await self._connection.wrap_api_call(
  File "/home/ajhunjh1/.local/lib/python3.8/site-packages/playwright/_impl/_connection.py", line 520, in wrap_api_call
    raise rewrite_error(error, f"{parsed_st['apiName']}: {error}") from None
playwright._impl._errors.TargetClosedError: Route.fetch: Target page, context or browser has been closed
Call log:
→ GET http://localhost:8080/chunk-stream0-00023.m4s
  -   user-agent: Mozilla/5.0 (X11; Linux x86_64) AppleWebKit/537.36 (KHTML, like Gecko) HeadlessChrome/112.0.5615.49 Safari/537.36
  -   accept: */*
  -   accept-encoding: gzip,deflate,br
  -   referer: http://localhost:8080/
  -   sec-ch-ua: 
  -   sec-ch-ua-mobile: ?0
  -   sec-ch-ua-platform: ""
  - ← 200 OK
  -   server: SimpleHTTP/0.6 Python/3.11.15
  -   date: Mon, 18 May 2026 04:04:08 GMT
  -   content-type: video/iso.segment
  -   content-length: 35164
  -   last-modified: Wed, 22 Apr 2026 18:42:34 GMT
  -   access-control-allow-origin: *
  -   access-control-allow-methods: GET, OPTIONS
  -   access-control-allow-headers: Content-Type, Range
  -   access-control-expose-headers: Content-Length, Content-Range
  -   cache-control: public, max-age=31536000


During handling of the above exception, another exception occurred:

Traceback (most recent call last):
  File "/home/ajhunjh1/.local/lib/python3.8/site-packages/playwright/_impl/_page.py", line 297, in _on_route
    handled = await route_handler.handle(route)
  File "/home/ajhunjh1/.local/lib/python3.8/site-packages/playwright/_impl/_helper.py", line 305, in handle
    raise rewrite_error(
playwright._impl._errors.TargetClosedError: "Route.fetch: Target page, context or browser has been closed
Call log:
→ GET http://localhost:8080/chunk-stream0-00023.m4s
  -   user-agent: Mozilla/5.0 (X11; Linux x86_64) AppleWebKit/537.36 (KHTML, like Gecko) HeadlessChrome/112.0.5615.49 Safari/537.36
  -   accept: */*
  -   accept-encoding: gzip,deflate,br
  -   referer: http://localhost:8080/
  -   sec-ch-ua: 
  -   sec-ch-ua-mobile: ?0
  -   sec-ch-ua-platform: ""
  - ← 200 OK
  -   server: SimpleHTTP/0.6 Python/3.11.15
  -   date: Mon, 18 May 2026 04:04:08 GMT
  -   content-type: video/iso.segment
  -   content-length: 35164
  -   last-modified: Wed, 22 Apr 2026 18:42:34 GMT
  -   access-control-allow-origin: *
  -   access-control-allow-methods: GET, OPTIONS
  -   access-control-allow-headers: Content-Type, Range
  -   access-control-expose-headers: Content-Length, Content-Range
  -   cache-control: public, max-age=31536000
" while running route callback.
Consider awaiting `page.unroute_all(behavior='ignoreErrors')`
before the end of the test to ignore remaining routes in flight.

======================================================================
  BENCHMARK RESULTS (DASH / dash.js / BOLA)
======================================================================

  [TIMING]
      Startup delay:     1,885 ms
      Playback time:     91.2 s

  [BITRATE]
      Average (selected):  1,229 kbps
      Average (effective): 928 kbps
      Min / Max:           100 / 3,000 kbps
      Median:              1,500 kbps
      Std deviation:       786.9 kbps
      Variance:            619,151.9
      25th/75th %ile:      800 / 1,500 kbps

  [SWITCHES]
      Total count:       18
      Up / Down:         9 / 9
      Avg magnitude:     1,289 kbps

  [REBUFFERING]
      Events:            8
      Total time:        29,572 ms
      Ratio:             24.4923%
      Frequency:         5.265 per minute
      Avg duration:      3,696 ms
      Max duration:      13,247 ms

  [THROUGHPUT]
      Average:           3,437 kbps
      Median:            2,736 kbps
      Min / Max:         0 / 17,851 kbps
      Std deviation:     3,537.4 kbps

  [AVAILABLE BW (trace)]
      Average:           3,437 kbps
      Min / Max:         0 / 17,851 kbps
      Utilisation:       79.6%

  [BUFFER]
      Average level:     4.5 s
      Min / Max:         0.1 / 16.9 s

  [UTILIZATION]
      Bandwidth:         44.9%

======================================================================

[SAVED] results/results/run_all_20260517_165956/dash_5g-ireland/benchmark_dash_netflix_driving_season3-strangerthings_B_2019_11_27_16_33_16_tc_20260517_210206.json

──────────────────────────────────────────────────────────────────────
  [74/83] netflix_static_animated-rickandmorty_B_2019_11_23_14_30_10_tc.csv
──────────────────────────────────────────────────────────────────────
[TRACE] netflix_static_animated-rickandmorty_B_2019_11_23_14_30_10_tc.csv
[DASH-SHAPER] Triggering tc-trace via /startShaping API...
[DASH-SHAPER] Warning: could not reach /startShaping: HTTPConnectionPool(host='localhost', port=8080): Read timed out. (read timeout=5)

======================================================================
  DASH Streaming QoE Benchmark (dash.js / BOLA)
======================================================================
  Server: http://localhost:8080
======================================================================

[TRACE] Loaded 1098 entries with bandwidth
[BROWSER] Launching headless Chromium...
[BROWSER-ERROR] Settings parameter streaming.timeouts is not supported
[BROWSER] Waiting for playback to start...
   Startup delay: 9069ms

[PLAYBACK] Collecting metrics...
   t=10s | buffer: 25.9s | bitrate: 100 kbps | tp: 0 kbps | trace_bw: 0 kbps
   t=20s | buffer: 15.6s | bitrate: 100 kbps | tp: 3121 kbps | trace_bw: 3121 kbps
   t=31s | buffer: 5.5s | bitrate: 100 kbps | tp: 4 kbps | trace_bw: 4 kbps
   t=41s | buffer: 23.1s | bitrate: 100 kbps | tp: 0 kbps | trace_bw: 0 kbps
   t=51s | buffer: 17.0s | bitrate: 100 kbps | tp: 31 kbps | trace_bw: 31 kbps
   t=61s | buffer: 26.6s | bitrate: 100 kbps | tp: 1 kbps | trace_bw: 1 kbps
   t=72s | buffer: 28.6s | bitrate: 100 kbps | tp: 0 kbps | trace_bw: 0 kbps
   t=82s | buffer: 26.5s | bitrate: 100 kbps | tp: 0 kbps | trace_bw: 0 kbps
   t=92s | buffer: 20.1s | bitrate: 100 kbps | tp: 2 kbps | trace_bw: 2 kbps
   t=102s | buffer: 26.0s | bitrate: 100 kbps | tp: 0 kbps | trace_bw: 0 kbps
   t=112s | buffer: 19.6s | bitrate: 100 kbps | tp: 2 kbps | trace_bw: 2 kbps

======================================================================
  BENCHMARK RESULTS (DASH / dash.js / BOLA)
======================================================================

  [TIMING]
      Startup delay:     9,069 ms
      Playback time:     120.1 s

  [BITRATE]
      Average (selected):  100 kbps
      Average (effective): 100 kbps
      Min / Max:           100 / 100 kbps
      Median:              100 kbps
      Std deviation:       0.0 kbps
      Variance:            0.0
      25th/75th %ile:      100 / 100 kbps

  [SWITCHES]
      Total count:       0
      Up / Down:         0 / 0
      Avg magnitude:     0 kbps

  [REBUFFERING]
      Events:            1
      Total time:        266 ms
      Ratio:             0.2210%
      Frequency:         0.500 per minute
      Avg duration:      266 ms
      Max duration:      266 ms

  [THROUGHPUT]
      Average:           2,795 kbps
      Median:            0 kbps
      Min / Max:         0 / 72,426 kbps
      Std deviation:     11,699.9 kbps

  [AVAILABLE BW (trace)]
      Average:           2,795 kbps
      Min / Max:         0 / 72,426 kbps

  [BUFFER]
      Average level:     20.1 s
      Min / Max:         3.5 / 29.0 s

  [UTILIZATION]
      Bandwidth:         0.0%

======================================================================

[SAVED] results/results/run_all_20260517_165956/dash_5g-ireland/benchmark_dash_netflix_static_animated-rickandmorty_B_2019_11_23_14_30_10_tc_20260517_210416.json

──────────────────────────────────────────────────────────────────────
  [75/83] netflix_static_animated-rickandmorty_B_2019_11_26_08_02_38_tc.csv
──────────────────────────────────────────────────────────────────────
[TRACE] netflix_static_animated-rickandmorty_B_2019_11_26_08_02_38_tc.csv
[DASH-SHAPER] Triggering tc-trace via /startShaping API...
[DASH-SHAPER] tc-trace.py starting in container

======================================================================
  DASH Streaming QoE Benchmark (dash.js / BOLA)
======================================================================
  Server: http://localhost:8080
======================================================================

[TRACE] Loaded 4701 entries with bandwidth
[BROWSER] Launching headless Chromium...
[BROWSER-ERROR] Settings parameter streaming.timeouts is not supported
[BROWSER] Waiting for playback to start...
   Startup delay: 5904ms

[PLAYBACK] Collecting metrics...
   t=10s | buffer: 13.8s | bitrate: 100 kbps | tp: 273 kbps | trace_bw: 273 kbps
   t=20s | buffer: 23.7s | bitrate: 100 kbps | tp: 2 kbps | trace_bw: 2 kbps
   t=31s | buffer: 25.4s | bitrate: 100 kbps | tp: 0 kbps | trace_bw: 0 kbps
   t=41s | buffer: 23.0s | bitrate: 100 kbps | tp: 0 kbps | trace_bw: 0 kbps
   t=51s | buffer: 20.9s | bitrate: 100 kbps | tp: 2 kbps | trace_bw: 2 kbps
   t=61s | buffer: 26.6s | bitrate: 100 kbps | tp: 1 kbps | trace_bw: 1 kbps
   t=72s | buffer: 24.5s | bitrate: 100 kbps | tp: 0 kbps | trace_bw: 0 kbps
   t=82s | buffer: 26.1s | bitrate: 100 kbps | tp: 0 kbps | trace_bw: 0 kbps
   t=92s | buffer: 16.0s | bitrate: 100 kbps | tp: 0 kbps | trace_bw: 0 kbps
   t=102s | buffer: 25.7s | bitrate: 100 kbps | tp: 0 kbps | trace_bw: 0 kbps
   t=113s | buffer: 19.6s | bitrate: 100 kbps | tp: 2 kbps | trace_bw: 2 kbps
Error occurred in event listener
Traceback (most recent call last):
  File "/home/ajhunjh1/.local/lib/python3.8/site-packages/playwright/_impl/_helper.py", line 296, in handle
    return await self._handle_internal(route)
  File "/home/ajhunjh1/.local/lib/python3.8/site-packages/playwright/_impl/_helper.py", line 332, in _handle_internal
    await handler_finished_future
  File "/home/ajhunjh1/.local/lib/python3.8/site-packages/playwright/_impl/_helper.py", line 323, in _handler
    self.handler(route, route.request)  # type: ignore
  File "/home/ajhunjh1/.local/lib/python3.8/site-packages/playwright/_impl/_impl_to_api_mapping.py", line 123, in wrapper_func
    return handler(
  File "benchmark.py", line 483, in _patch_dash_html
    resp = route.fetch()
  File "/home/ajhunjh1/.local/lib/python3.8/site-packages/playwright/sync_api/_generated.py", line 804, in fetch
    self._sync(
  File "/home/ajhunjh1/.local/lib/python3.8/site-packages/playwright/_impl/_sync_base.py", line 115, in _sync
    return task.result()
  File "/home/ajhunjh1/.local/lib/python3.8/site-packages/playwright/_impl/_network.py", line 457, in fetch
    return await self._connection.wrap_api_call(
  File "/home/ajhunjh1/.local/lib/python3.8/site-packages/playwright/_impl/_connection.py", line 520, in wrap_api_call
    raise rewrite_error(error, f"{parsed_st['apiName']}: {error}") from None
playwright._impl._errors.TargetClosedError: Route.fetch: Target page, context or browser has been closed
Call log:
→ GET http://localhost:8080/chunk-stream0-00034.m4s
  -   user-agent: Mozilla/5.0 (X11; Linux x86_64) AppleWebKit/537.36 (KHTML, like Gecko) HeadlessChrome/112.0.5615.49 Safari/537.36
  -   accept: */*
  -   accept-encoding: gzip,deflate,br
  -   referer: http://localhost:8080/
  -   sec-ch-ua: 
  -   sec-ch-ua-mobile: ?0
  -   sec-ch-ua-platform: ""
  - ← 200 OK
  -   server: SimpleHTTP/0.6 Python/3.11.15
  -   date: Mon, 18 May 2026 04:08:22 GMT
  -   content-type: video/iso.segment
  -   content-length: 52304
  -   last-modified: Wed, 22 Apr 2026 18:42:40 GMT
  -   access-control-allow-origin: *
  -   access-control-allow-methods: GET, OPTIONS
  -   access-control-allow-headers: Content-Type, Range
  -   access-control-expose-headers: Content-Length, Content-Range
  -   cache-control: public, max-age=31536000


During handling of the above exception, another exception occurred:

Traceback (most recent call last):
  File "/home/ajhunjh1/.local/lib/python3.8/site-packages/playwright/_impl/_page.py", line 297, in _on_route
    handled = await route_handler.handle(route)
  File "/home/ajhunjh1/.local/lib/python3.8/site-packages/playwright/_impl/_helper.py", line 305, in handle
    raise rewrite_error(
playwright._impl._errors.TargetClosedError: "Route.fetch: Target page, context or browser has been closed
Call log:
→ GET http://localhost:8080/chunk-stream0-00034.m4s
  -   user-agent: Mozilla/5.0 (X11; Linux x86_64) AppleWebKit/537.36 (KHTML, like Gecko) HeadlessChrome/112.0.5615.49 Safari/537.36
  -   accept: */*
  -   accept-encoding: gzip,deflate,br
  -   referer: http://localhost:8080/
  -   sec-ch-ua: 
  -   sec-ch-ua-mobile: ?0
  -   sec-ch-ua-platform: ""
  - ← 200 OK
  -   server: SimpleHTTP/0.6 Python/3.11.15
  -   date: Mon, 18 May 2026 04:08:22 GMT
  -   content-type: video/iso.segment
  -   content-length: 52304
  -   last-modified: Wed, 22 Apr 2026 18:42:40 GMT
  -   access-control-allow-origin: *
  -   access-control-allow-methods: GET, OPTIONS
  -   access-control-allow-headers: Content-Type, Range
  -   access-control-expose-headers: Content-Length, Content-Range
  -   cache-control: public, max-age=31536000
" while running route callback.
Consider awaiting `page.unroute_all(behavior='ignoreErrors')`
before the end of the test to ignore remaining routes in flight.

======================================================================
  BENCHMARK RESULTS (DASH / dash.js / BOLA)
======================================================================

  [TIMING]
      Startup delay:     5,904 ms
      Playback time:     120.2 s

  [BITRATE]
      Average (selected):  100 kbps
      Average (effective): 100 kbps
      Min / Max:           100 / 100 kbps
      Median:              100 kbps
      Std deviation:       0.0 kbps
      Variance:            0.0
      25th/75th %ile:      100 / 100 kbps

  [SWITCHES]
      Total count:       0
      Up / Down:         0 / 0
      Avg magnitude:     0 kbps

  [REBUFFERING]
      Events:            1
      Total time:        190 ms
      Ratio:             0.1578%
      Frequency:         0.499 per minute
      Avg duration:      190 ms
      Max duration:      190 ms

  [THROUGHPUT]
      Average:           1,200 kbps
      Median:            0 kbps
      Min / Max:         0 / 68,172 kbps
      Std deviation:     7,001.5 kbps

  [AVAILABLE BW (trace)]
      Average:           1,200 kbps
      Min / Max:         0 / 68,172 kbps

  [BUFFER]
      Average level:     22.4 s
      Min / Max:         3.1 / 28.9 s

  [UTILIZATION]
      Bandwidth:         0.0%

======================================================================

[SAVED] results/results/run_all_20260517_165956/dash_5g-ireland/benchmark_dash_netflix_static_animated-rickandmorty_B_2019_11_26_08_02_38_tc_20260517_210629.json

──────────────────────────────────────────────────────────────────────
  [76/83] netflix_static_animated-rickandmorty_B_2019_11_26_09_27_10_tc.csv
──────────────────────────────────────────────────────────────────────
[TRACE] netflix_static_animated-rickandmorty_B_2019_11_26_09_27_10_tc.csv
[DASH-SHAPER] Triggering tc-trace via /startShaping API...
[DASH-SHAPER] Warning: could not reach /startShaping: HTTPConnectionPool(host='localhost', port=8080): Read timed out. (read timeout=5)

======================================================================
  DASH Streaming QoE Benchmark (dash.js / BOLA)
======================================================================
  Server: http://localhost:8080
======================================================================

[TRACE] Loaded 1247 entries with bandwidth
[BROWSER] Launching headless Chromium...
[BROWSER-ERROR] Settings parameter streaming.timeouts is not supported
[BROWSER] Waiting for playback to start...
   Startup delay: 15397ms

[PLAYBACK] Collecting metrics...
   t=10s | buffer: 25.8s | bitrate: 100 kbps | tp: 30172 kbps | trace_bw: 30172 kbps
   t=20s | buffer: 15.7s | bitrate: 100 kbps | tp: 0 kbps | trace_bw: 0 kbps
   t=31s | buffer: 25.4s | bitrate: 100 kbps | tp: 2 kbps | trace_bw: 2 kbps
   t=41s | buffer: 15.3s | bitrate: 100 kbps | tp: 0 kbps | trace_bw: 0 kbps
   t=51s | buffer: 24.9s | bitrate: 100 kbps | tp: 0 kbps | trace_bw: 0 kbps
   t=61s | buffer: 14.8s | bitrate: 100 kbps | tp: 0 kbps | trace_bw: 0 kbps
   t=72s | buffer: 20.5s | bitrate: 100 kbps | tp: 4 kbps | trace_bw: 4 kbps
   t=82s | buffer: 18.4s | bitrate: 100 kbps | tp: 0 kbps | trace_bw: 0 kbps
   t=92s | buffer: 8.3s | bitrate: 100 kbps | tp: 2 kbps | trace_bw: 2 kbps
   t=102s | buffer: 9.9s | bitrate: 100 kbps | tp: 0 kbps | trace_bw: 0 kbps
   t=112s | buffer: 23.8s | bitrate: 100 kbps | tp: 4 kbps | trace_bw: 4 kbps

======================================================================
  BENCHMARK RESULTS (DASH / dash.js / BOLA)
======================================================================

  [TIMING]
      Startup delay:     15,397 ms
      Playback time:     120.1 s

  [BITRATE]
      Average (selected):  100 kbps
      Average (effective): 100 kbps
      Min / Max:           100 / 100 kbps
      Median:              100 kbps
      Std deviation:       0.0 kbps
      Variance:            0.0
      25th/75th %ile:      100 / 100 kbps

  [SWITCHES]
      Total count:       0
      Up / Down:         0 / 0
      Avg magnitude:     0 kbps

  [REBUFFERING]
      Events:            1
      Total time:        193 ms
      Ratio:             0.1605%
      Frequency:         0.500 per minute
      Avg duration:      193 ms
      Max duration:      193 ms

  [THROUGHPUT]
      Average:           1,754 kbps
      Median:            0 kbps
      Min / Max:         0 / 103,545 kbps
      Std deviation:     10,207.2 kbps

  [AVAILABLE BW (trace)]
      Average:           1,754 kbps
      Min / Max:         0 / 103,545 kbps

  [BUFFER]
      Average level:     18.6 s
      Min / Max:         0.6 / 29.2 s

  [UTILIZATION]
      Bandwidth:         0.0%

======================================================================

[SAVED] results/results/run_all_20260517_165956/dash_5g-ireland/benchmark_dash_netflix_static_animated-rickandmorty_B_2019_11_26_09_27_10_tc_20260517_210844.json

──────────────────────────────────────────────────────────────────────
  [77/83] netflix_static_animated-rickandmorty_B_2019_11_28_08_02_19_tc.csv
──────────────────────────────────────────────────────────────────────
[TRACE] netflix_static_animated-rickandmorty_B_2019_11_28_08_02_19_tc.csv
[DASH-SHAPER] Triggering tc-trace via /startShaping API...
[DASH-SHAPER] tc-trace.py starting in container

======================================================================
  DASH Streaming QoE Benchmark (dash.js / BOLA)
======================================================================
  Server: http://localhost:8080
======================================================================

[TRACE] Loaded 3827 entries with bandwidth
[BROWSER] Launching headless Chromium...
[BROWSER-ERROR] Settings parameter streaming.timeouts is not supported
[BROWSER] Waiting for playback to start...
   Startup delay: 38863ms

[PLAYBACK] Collecting metrics...
   t=10s | buffer: 25.9s | bitrate: 100 kbps | tp: 35126 kbps | trace_bw: 35126 kbps
   t=21s | buffer: 19.5s | bitrate: 100 kbps | tp: 100 kbps | trace_bw: 100 kbps
   t=31s | buffer: 21.4s | bitrate: 100 kbps | tp: 0 kbps | trace_bw: 0 kbps
   t=41s | buffer: 27.1s | bitrate: 100 kbps | tp: 0 kbps | trace_bw: 0 kbps
   t=51s | buffer: 25.0s | bitrate: 100 kbps | tp: 0 kbps | trace_bw: 0 kbps
   t=61s | buffer: 18.6s | bitrate: 100 kbps | tp: 0 kbps | trace_bw: 0 kbps
   t=72s | buffer: 12.5s | bitrate: 100 kbps | tp: 3 kbps | trace_bw: 3 kbps
   t=82s | buffer: 26.2s | bitrate: 100 kbps | tp: 0 kbps | trace_bw: 0 kbps
   t=92s | buffer: 28.1s | bitrate: 100 kbps | tp: 22665 kbps | trace_bw: 22665 kbps
   t=102s | buffer: 17.7s | bitrate: 100 kbps | tp: 0 kbps | trace_bw: 0 kbps
   t=113s | buffer: 27.6s | bitrate: 100 kbps | tp: 0 kbps | trace_bw: 0 kbps

======================================================================
  BENCHMARK RESULTS (DASH / dash.js / BOLA)
======================================================================

  [TIMING]
      Startup delay:     38,863 ms
      Playback time:     120.3 s

  [BITRATE]
      Average (selected):  100 kbps
      Average (effective): 100 kbps
      Min / Max:           100 / 100 kbps
      Median:              100 kbps
      Std deviation:       0.0 kbps
      Variance:            0.0
      25th/75th %ile:      100 / 100 kbps

  [SWITCHES]
      Total count:       0
      Up / Down:         0 / 0
      Avg magnitude:     0 kbps

  [REBUFFERING]
      Events:            1
      Total time:        230 ms
      Ratio:             0.1908%
      Frequency:         0.499 per minute
      Avg duration:      230 ms
      Max duration:      230 ms

  [THROUGHPUT]
      Average:           2,046 kbps
      Median:            0 kbps
      Min / Max:         0 / 101,320 kbps
      Std deviation:     10,936.5 kbps

  [AVAILABLE BW (trace)]
      Average:           2,046 kbps
      Min / Max:         0 / 101,320 kbps

  [BUFFER]
      Average level:     22.2 s
      Min / Max:         3.7 / 28.6 s

  [UTILIZATION]
      Bandwidth:         0.0%

======================================================================

[SAVED] results/results/run_all_20260517_165956/dash_5g-ireland/benchmark_dash_netflix_static_animated-rickandmorty_B_2019_11_28_08_02_19_tc_20260517_211103.json

──────────────────────────────────────────────────────────────────────
  [78/83] netflix_static_season3-strangerthings_B_2019_11_26_13_50_48_tc.csv
──────────────────────────────────────────────────────────────────────
[TRACE] netflix_static_season3-strangerthings_B_2019_11_26_13_50_48_tc.csv
[DASH-SHAPER] Triggering tc-trace via /startShaping API...
[DASH-SHAPER] tc-trace.py starting in container

======================================================================
  DASH Streaming QoE Benchmark (dash.js / BOLA)
======================================================================
  Server: http://localhost:8080
======================================================================

[TRACE] Loaded 2658 entries with bandwidth
[BROWSER] Launching headless Chromium...
[BROWSER-ERROR] Settings parameter streaming.timeouts is not supported
[BROWSER] Waiting for playback to start...
   Startup delay: 14000ms

[PLAYBACK] Collecting metrics...
   t=10s | buffer: 21.8s | bitrate: 100 kbps | tp: 13 kbps | trace_bw: 13 kbps
   t=20s | buffer: 15.7s | bitrate: 100 kbps | tp: 41124 kbps | trace_bw: 41124 kbps
   t=31s | buffer: 17.4s | bitrate: 100 kbps | tp: 0 kbps | trace_bw: 0 kbps
   t=41s | buffer: 27.3s | bitrate: 100 kbps | tp: 0 kbps | trace_bw: 0 kbps
   t=51s | buffer: 24.9s | bitrate: 100 kbps | tp: 0 kbps | trace_bw: 0 kbps
   t=61s | buffer: 22.8s | bitrate: 100 kbps | tp: 0 kbps | trace_bw: 0 kbps
   t=72s | buffer: 20.5s | bitrate: 100 kbps | tp: 589 kbps | trace_bw: 589 kbps
   t=82s | buffer: 10.4s | bitrate: 100 kbps | tp: 19 kbps | trace_bw: 19 kbps
   t=92s | buffer: 0.1s | bitrate: 100 kbps | tp: 1 kbps | trace_bw: 1 kbps
   t=102s | buffer: 9.3s | bitrate: 1200 kbps | tp: 24424 kbps | trace_bw: 24424 kbps
   t=113s | buffer: 2.6s | bitrate: 100 kbps | tp: 2 kbps | trace_bw: 2 kbps
Error occurred in event listener
Traceback (most recent call last):
  File "/home/ajhunjh1/.local/lib/python3.8/site-packages/playwright/_impl/_helper.py", line 296, in handle
    return await self._handle_internal(route)
  File "/home/ajhunjh1/.local/lib/python3.8/site-packages/playwright/_impl/_helper.py", line 332, in _handle_internal
    await handler_finished_future
  File "/home/ajhunjh1/.local/lib/python3.8/site-packages/playwright/_impl/_helper.py", line 323, in _handler
    self.handler(route, route.request)  # type: ignore
  File "/home/ajhunjh1/.local/lib/python3.8/site-packages/playwright/_impl/_impl_to_api_mapping.py", line 123, in wrapper_func
    return handler(
  File "benchmark.py", line 483, in _patch_dash_html
    resp = route.fetch()
  File "/home/ajhunjh1/.local/lib/python3.8/site-packages/playwright/sync_api/_generated.py", line 804, in fetch
    self._sync(
  File "/home/ajhunjh1/.local/lib/python3.8/site-packages/playwright/_impl/_sync_base.py", line 115, in _sync
    return task.result()
  File "/home/ajhunjh1/.local/lib/python3.8/site-packages/playwright/_impl/_network.py", line 457, in fetch
    return await self._connection.wrap_api_call(
  File "/home/ajhunjh1/.local/lib/python3.8/site-packages/playwright/_impl/_connection.py", line 520, in wrap_api_call
    raise rewrite_error(error, f"{parsed_st['apiName']}: {error}") from None
playwright._impl._errors.TargetClosedError: Route.fetch: Target page, context or browser has been closed
Call log:
→ GET http://localhost:8080/chunk-stream0-00028.m4s
  -   user-agent: Mozilla/5.0 (X11; Linux x86_64) AppleWebKit/537.36 (KHTML, like Gecko) HeadlessChrome/112.0.5615.49 Safari/537.36
  -   accept: */*
  -   accept-encoding: gzip,deflate,br
  -   referer: http://localhost:8080/
  -   sec-ch-ua: 
  -   sec-ch-ua-mobile: ?0
  -   sec-ch-ua-platform: ""
  - ← 200 OK
  -   server: SimpleHTTP/0.6 Python/3.11.15
  -   date: Mon, 18 May 2026 04:15:51 GMT
  -   content-type: video/iso.segment
  -   content-length: 51155
  -   last-modified: Wed, 22 Apr 2026 18:42:37 GMT
  -   access-control-allow-origin: *
  -   access-control-allow-methods: GET, OPTIONS
  -   access-control-allow-headers: Content-Type, Range
  -   access-control-expose-headers: Content-Length, Content-Range
  -   cache-control: public, max-age=31536000


During handling of the above exception, another exception occurred:

Traceback (most recent call last):
  File "/home/ajhunjh1/.local/lib/python3.8/site-packages/playwright/_impl/_page.py", line 297, in _on_route
    handled = await route_handler.handle(route)
  File "/home/ajhunjh1/.local/lib/python3.8/site-packages/playwright/_impl/_helper.py", line 305, in handle
    raise rewrite_error(
playwright._impl._errors.TargetClosedError: "Route.fetch: Target page, context or browser has been closed
Call log:
→ GET http://localhost:8080/chunk-stream0-00028.m4s
  -   user-agent: Mozilla/5.0 (X11; Linux x86_64) AppleWebKit/537.36 (KHTML, like Gecko) HeadlessChrome/112.0.5615.49 Safari/537.36
  -   accept: */*
  -   accept-encoding: gzip,deflate,br
  -   referer: http://localhost:8080/
  -   sec-ch-ua: 
  -   sec-ch-ua-mobile: ?0
  -   sec-ch-ua-platform: ""
  - ← 200 OK
  -   server: SimpleHTTP/0.6 Python/3.11.15
  -   date: Mon, 18 May 2026 04:15:51 GMT
  -   content-type: video/iso.segment
  -   content-length: 51155
  -   last-modified: Wed, 22 Apr 2026 18:42:37 GMT
  -   access-control-allow-origin: *
  -   access-control-allow-methods: GET, OPTIONS
  -   access-control-allow-headers: Content-Type, Range
  -   access-control-expose-headers: Content-Length, Content-Range
  -   cache-control: public, max-age=31536000
" while running route callback.
Consider awaiting `page.unroute_all(behavior='ignoreErrors')`
before the end of the test to ignore remaining routes in flight.

======================================================================
  BENCHMARK RESULTS (DASH / dash.js / BOLA)
======================================================================

  [TIMING]
      Startup delay:     14,000 ms
      Playback time:     107.9 s

  [BITRATE]
      Average (selected):  342 kbps
      Average (effective): 306 kbps
      Min / Max:           100 / 4,500 kbps
      Median:              100 kbps
      Std deviation:       936.4 kbps
      Variance:            876,901.6
      25th/75th %ile:      100 / 100 kbps

  [SWITCHES]
      Total count:       3
      Up / Down:         2 / 1
      Avg magnitude:     2,933 kbps

  [REBUFFERING]
      Events:            3
      Total time:        12,543 ms
      Ratio:             10.4142%
      Frequency:         1.668 per minute
      Avg duration:      3,714 ms
      Max duration:      7,236 ms

  [THROUGHPUT]
      Average:           3,185 kbps
      Median:            0 kbps
      Min / Max:         0 / 62,772 kbps
      Std deviation:     9,681.6 kbps

  [AVAILABLE BW (trace)]
      Average:           3,185 kbps
      Min / Max:         0 / 62,772 kbps

  [BUFFER]
      Average level:     15.3 s
      Min / Max:         0.1 / 28.9 s

  [UTILIZATION]
      Bandwidth:         0.0%

======================================================================

[SAVED] results/results/run_all_20260517_165956/dash_5g-ireland/benchmark_dash_netflix_static_season3-strangerthings_B_2019_11_26_13_50_48_tc_20260517_211345.json

──────────────────────────────────────────────────────────────────────
  [79/83] netflix_static_season3-strangerthings_B_2019_11_28_09_21_45_tc.csv
──────────────────────────────────────────────────────────────────────
[TRACE] netflix_static_season3-strangerthings_B_2019_11_28_09_21_45_tc.csv
[DASH-SHAPER] Triggering tc-trace via /startShaping API...
[DASH-SHAPER] Warning: could not reach /startShaping: HTTPConnectionPool(host='localhost', port=8080): Read timed out. (read timeout=5)

======================================================================
  DASH Streaming QoE Benchmark (dash.js / BOLA)
======================================================================
  Server: http://localhost:8080
======================================================================

[TRACE] Loaded 2724 entries with bandwidth
[BROWSER] Launching headless Chromium...
[BROWSER-ERROR] Settings parameter streaming.timeouts is not supported
[BROWSER] Waiting for playback to start...
   Startup delay: 5137ms

[PLAYBACK] Collecting metrics...
   t=10s | buffer: 3.3s | bitrate: 100 kbps | tp: 14 kbps | trace_bw: 14 kbps
   t=20s | buffer: 25.0s | bitrate: 100 kbps | tp: 0 kbps | trace_bw: 0 kbps
   t=31s | buffer: 18.9s | bitrate: 100 kbps | tp: 2 kbps | trace_bw: 2 kbps
   t=41s | buffer: 24.5s | bitrate: 100 kbps | tp: 108 kbps | trace_bw: 108 kbps
   t=51s | buffer: 18.2s | bitrate: 100 kbps | tp: 2712 kbps | trace_bw: 2712 kbps
   t=61s | buffer: 16.1s | bitrate: 100 kbps | tp: 2063 kbps | trace_bw: 2063 kbps
   t=72s | buffer: 13.7s | bitrate: 100 kbps | tp: 4115 kbps | trace_bw: 4115 kbps
   t=82s | buffer: 15.6s | bitrate: 100 kbps | tp: 5329 kbps | trace_bw: 5329 kbps
   t=92s | buffer: 13.5s | bitrate: 100 kbps | tp: 2045 kbps | trace_bw: 2045 kbps
   t=102s | buffer: 15.2s | bitrate: 100 kbps | tp: 4783 kbps | trace_bw: 4783 kbps
   t=112s | buffer: 9.1s | bitrate: 100 kbps | tp: 0 kbps | trace_bw: 0 kbps
Error occurred in event listener
Traceback (most recent call last):
  File "/home/ajhunjh1/.local/lib/python3.8/site-packages/playwright/_impl/_helper.py", line 296, in handle
    return await self._handle_internal(route)
  File "/home/ajhunjh1/.local/lib/python3.8/site-packages/playwright/_impl/_helper.py", line 332, in _handle_internal
    await handler_finished_future
  File "/home/ajhunjh1/.local/lib/python3.8/site-packages/playwright/_impl/_helper.py", line 323, in _handler
    self.handler(route, route.request)  # type: ignore
  File "/home/ajhunjh1/.local/lib/python3.8/site-packages/playwright/_impl/_impl_to_api_mapping.py", line 123, in wrapper_func
    return handler(
  File "benchmark.py", line 483, in _patch_dash_html
    resp = route.fetch()
  File "/home/ajhunjh1/.local/lib/python3.8/site-packages/playwright/sync_api/_generated.py", line 804, in fetch
    self._sync(
  File "/home/ajhunjh1/.local/lib/python3.8/site-packages/playwright/_impl/_sync_base.py", line 115, in _sync
    return task.result()
  File "/home/ajhunjh1/.local/lib/python3.8/site-packages/playwright/_impl/_network.py", line 457, in fetch
    return await self._connection.wrap_api_call(
  File "/home/ajhunjh1/.local/lib/python3.8/site-packages/playwright/_impl/_connection.py", line 520, in wrap_api_call
    raise rewrite_error(error, f"{parsed_st['apiName']}: {error}") from None
playwright._impl._errors.TargetClosedError: Route.fetch: Target page, context or browser has been closed
Call log:
→ GET http://localhost:8080/chunk-stream0-00033.m4s
  -   user-agent: Mozilla/5.0 (X11; Linux x86_64) AppleWebKit/537.36 (KHTML, like Gecko) HeadlessChrome/112.0.5615.49 Safari/537.36
  -   accept: */*
  -   accept-encoding: gzip,deflate,br
  -   referer: http://localhost:8080/
  -   sec-ch-ua: 
  -   sec-ch-ua-mobile: ?0
  -   sec-ch-ua-platform: ""


During handling of the above exception, another exception occurred:

Traceback (most recent call last):
  File "/home/ajhunjh1/.local/lib/python3.8/site-packages/playwright/_impl/_page.py", line 297, in _on_route
    handled = await route_handler.handle(route)
  File "/home/ajhunjh1/.local/lib/python3.8/site-packages/playwright/_impl/_helper.py", line 305, in handle
    raise rewrite_error(
playwright._impl._errors.TargetClosedError: "Route.fetch: Target page, context or browser has been closed
Call log:
→ GET http://localhost:8080/chunk-stream0-00033.m4s
  -   user-agent: Mozilla/5.0 (X11; Linux x86_64) AppleWebKit/537.36 (KHTML, like Gecko) HeadlessChrome/112.0.5615.49 Safari/537.36
  -   accept: */*
  -   accept-encoding: gzip,deflate,br
  -   referer: http://localhost:8080/
  -   sec-ch-ua: 
  -   sec-ch-ua-mobile: ?0
  -   sec-ch-ua-platform: ""
" while running route callback.
Consider awaiting `page.unroute_all(behavior='ignoreErrors')`
before the end of the test to ignore remaining routes in flight.

======================================================================
  BENCHMARK RESULTS (DASH / dash.js / BOLA)
======================================================================

  [TIMING]
      Startup delay:     5,137 ms
      Playback time:     118.9 s

  [BITRATE]
      Average (selected):  100 kbps
      Average (effective): 99 kbps
      Min / Max:           100 / 100 kbps
      Median:              100 kbps
      Std deviation:       0.0 kbps
      Variance:            0.0
      25th/75th %ile:      100 / 100 kbps

  [SWITCHES]
      Total count:       0
      Up / Down:         0 / 0
      Avg magnitude:     0 kbps

  [REBUFFERING]
      Events:            2
      Total time:        1,544 ms
      Ratio:             1.2823%
      Frequency:         1.010 per minute
      Avg duration:      772 ms
      Max duration:      1,341 ms

  [THROUGHPUT]
      Average:           1,757 kbps
      Median:            1,159 kbps
      Min / Max:         0 / 5,546 kbps
      Std deviation:     1,801.3 kbps

  [AVAILABLE BW (trace)]
      Average:           1,757 kbps
      Min / Max:         0 / 5,546 kbps
      Utilisation:       66.0%

  [BUFFER]
      Average level:     15.5 s
      Min / Max:         0.1 / 28.4 s

  [UTILIZATION]
      Bandwidth:         8.6%

======================================================================

[SAVED] results/results/run_all_20260517_165956/dash_5g-ireland/benchmark_dash_netflix_static_season3-strangerthings_B_2019_11_28_09_21_45_tc_20260517_211608.json

──────────────────────────────────────────────────────────────────────
  [80/83] netflix_static_season3-strangerthings_B_2019_12_03_08_02_05_tc.csv
──────────────────────────────────────────────────────────────────────
[TRACE] netflix_static_season3-strangerthings_B_2019_12_03_08_02_05_tc.csv
[DASH-SHAPER] Triggering tc-trace via /startShaping API...
[DASH-SHAPER] tc-trace.py starting in container

======================================================================
  DASH Streaming QoE Benchmark (dash.js / BOLA)
======================================================================
  Server: http://localhost:8080
======================================================================

[TRACE] Loaded 7190 entries with bandwidth
[BROWSER] Launching headless Chromium...
[BROWSER-ERROR] Settings parameter streaming.timeouts is not supported
[BROWSER] Waiting for playback to start...
   Startup delay: 6228ms

[PLAYBACK] Collecting metrics...
   t=10s | buffer: 25.9s | bitrate: 100 kbps | tp: 21302 kbps | trace_bw: 21302 kbps
   t=21s | buffer: 19.5s | bitrate: 100 kbps | tp: 0 kbps | trace_bw: 0 kbps
   t=31s | buffer: 9.4s | bitrate: 100 kbps | tp: 0 kbps | trace_bw: 0 kbps
   t=41s | buffer: 3.1s | bitrate: 100 kbps | tp: 0 kbps | trace_bw: 0 kbps
   t=51s | buffer: 28.8s | bitrate: 100 kbps | tp: 0 kbps | trace_bw: 0 kbps
   t=62s | buffer: 22.7s | bitrate: 100 kbps | tp: 0 kbps | trace_bw: 0 kbps
   t=72s | buffer: 16.3s | bitrate: 100 kbps | tp: 2 kbps | trace_bw: 2 kbps
   t=82s | buffer: 26.2s | bitrate: 100 kbps | tp: 0 kbps | trace_bw: 0 kbps
   t=92s | buffer: 23.9s | bitrate: 100 kbps | tp: 14478 kbps | trace_bw: 14478 kbps
   t=102s | buffer: 17.8s | bitrate: 100 kbps | tp: 0 kbps | trace_bw: 0 kbps
   t=113s | buffer: 19.4s | bitrate: 100 kbps | tp: 0 kbps | trace_bw: 0 kbps

======================================================================
  BENCHMARK RESULTS (DASH / dash.js / BOLA)
======================================================================

  [TIMING]
      Startup delay:     6,228 ms
      Playback time:     120.3 s

  [BITRATE]
      Average (selected):  100 kbps
      Average (effective): 98 kbps
      Min / Max:           100 / 100 kbps
      Median:              100 kbps
      Std deviation:       0.0 kbps
      Variance:            0.0
      25th/75th %ile:      100 / 100 kbps

  [SWITCHES]
      Total count:       0
      Up / Down:         0 / 0
      Avg magnitude:     0 kbps

  [REBUFFERING]
      Events:            2
      Total time:        2,992 ms
      Ratio:             2.4265%
      Frequency:         0.997 per minute
      Avg duration:      1,496 ms
      Max duration:      2,913 ms

  [THROUGHPUT]
      Average:           1,826 kbps
      Median:            0 kbps
      Min / Max:         0 / 52,673 kbps
      Std deviation:     7,958.7 kbps

  [AVAILABLE BW (trace)]
      Average:           1,826 kbps
      Min / Max:         0 / 52,673 kbps

  [BUFFER]
      Average level:     19.5 s
      Min / Max:         0.1 / 28.9 s

  [UTILIZATION]
      Bandwidth:         0.0%

======================================================================

[SAVED] results/results/run_all_20260517_165956/dash_5g-ireland/benchmark_dash_netflix_static_season3-strangerthings_B_2019_12_03_08_02_05_tc_20260517_211817.json

──────────────────────────────────────────────────────────────────────
  [81/83] netflix_static_season3-strangerthings_B_2019_12_04_12_46_14_tc.csv
──────────────────────────────────────────────────────────────────────
[TRACE] netflix_static_season3-strangerthings_B_2019_12_04_12_46_14_tc.csv
[DASH-SHAPER] Triggering tc-trace via /startShaping API...
[DASH-SHAPER] tc-trace.py starting in container

======================================================================
  DASH Streaming QoE Benchmark (dash.js / BOLA)
======================================================================
  Server: http://localhost:8080
======================================================================

[TRACE] Loaded 3328 entries with bandwidth
[BROWSER] Launching headless Chromium...
[BROWSER-ERROR] Settings parameter streaming.timeouts is not supported
[BROWSER] Waiting for playback to start...
   Startup delay: 17767ms

[PLAYBACK] Collecting metrics...
   t=10s | buffer: 25.8s | bitrate: 100 kbps | tp: 3448 kbps | trace_bw: 3448 kbps
   t=20s | buffer: 19.7s | bitrate: 100 kbps | tp: 15002 kbps | trace_bw: 15002 kbps
   t=31s | buffer: 9.1s | bitrate: 4500 kbps | tp: 19134 kbps | trace_bw: 19134 kbps
   t=41s | buffer: 0.1s | bitrate: 4500 kbps | tp: 0 kbps | trace_bw: 0 kbps
   t=51s | buffer: 0.1s | bitrate: 4500 kbps | tp: 0 kbps | trace_bw: 0 kbps
   t=61s | buffer: 0.1s | bitrate: 4500 kbps | tp: 0 kbps | trace_bw: 0 kbps
   t=71s | buffer: 6.7s | bitrate: 100 kbps | tp: 0 kbps | trace_bw: 0 kbps
   t=82s | buffer: 16.3s | bitrate: 100 kbps | tp: 0 kbps | trace_bw: 0 kbps
   t=92s | buffer: 22.3s | bitrate: 100 kbps | tp: 0 kbps | trace_bw: 0 kbps
   t=102s | buffer: 27.9s | bitrate: 100 kbps | tp: 0 kbps | trace_bw: 0 kbps
   t=112s | buffer: 25.8s | bitrate: 100 kbps | tp: 0 kbps | trace_bw: 0 kbps
Error occurred in event listener
Traceback (most recent call last):
  File "/home/ajhunjh1/.local/lib/python3.8/site-packages/playwright/_impl/_helper.py", line 296, in handle
    return await self._handle_internal(route)
  File "/home/ajhunjh1/.local/lib/python3.8/site-packages/playwright/_impl/_helper.py", line 332, in _handle_internal
    await handler_finished_future
  File "/home/ajhunjh1/.local/lib/python3.8/site-packages/playwright/_impl/_helper.py", line 323, in _handler
    self.handler(route, route.request)  # type: ignore
  File "/home/ajhunjh1/.local/lib/python3.8/site-packages/playwright/_impl/_impl_to_api_mapping.py", line 123, in wrapper_func
    return handler(
  File "benchmark.py", line 483, in _patch_dash_html
    resp = route.fetch()
  File "/home/ajhunjh1/.local/lib/python3.8/site-packages/playwright/sync_api/_generated.py", line 804, in fetch
    self._sync(
  File "/home/ajhunjh1/.local/lib/python3.8/site-packages/playwright/_impl/_sync_base.py", line 115, in _sync
    return task.result()
  File "/home/ajhunjh1/.local/lib/python3.8/site-packages/playwright/_impl/_network.py", line 457, in fetch
    return await self._connection.wrap_api_call(
  File "/home/ajhunjh1/.local/lib/python3.8/site-packages/playwright/_impl/_connection.py", line 520, in wrap_api_call
    raise rewrite_error(error, f"{parsed_st['apiName']}: {error}") from None
playwright._impl._errors.TargetClosedError: Route.fetch: Target page, context or browser has been closed
Call log:
→ GET http://localhost:8080/chunk-stream0-00030.m4s
  -   user-agent: Mozilla/5.0 (X11; Linux x86_64) AppleWebKit/537.36 (KHTML, like Gecko) HeadlessChrome/112.0.5615.49 Safari/537.36
  -   accept: */*
  -   accept-encoding: gzip,deflate,br
  -   referer: http://localhost:8080/
  -   sec-ch-ua: 
  -   sec-ch-ua-mobile: ?0
  -   sec-ch-ua-platform: ""


During handling of the above exception, another exception occurred:

Traceback (most recent call last):
  File "/home/ajhunjh1/.local/lib/python3.8/site-packages/playwright/_impl/_page.py", line 297, in _on_route
    handled = await route_handler.handle(route)
  File "/home/ajhunjh1/.local/lib/python3.8/site-packages/playwright/_impl/_helper.py", line 305, in handle
    raise rewrite_error(
playwright._impl._errors.TargetClosedError: "Route.fetch: Target page, context or browser has been closed
Call log:
→ GET http://localhost:8080/chunk-stream0-00030.m4s
  -   user-agent: Mozilla/5.0 (X11; Linux x86_64) AppleWebKit/537.36 (KHTML, like Gecko) HeadlessChrome/112.0.5615.49 Safari/537.36
  -   accept: */*
  -   accept-encoding: gzip,deflate,br
  -   referer: http://localhost:8080/
  -   sec-ch-ua: 
  -   sec-ch-ua-mobile: ?0
  -   sec-ch-ua-platform: ""
" while running route callback.
Consider awaiting `page.unroute_all(behavior='ignoreErrors')`
before the end of the test to ignore remaining routes in flight.

======================================================================
  BENCHMARK RESULTS (DASH / dash.js / BOLA)
======================================================================

  [TIMING]
      Startup delay:     17,767 ms
      Playback time:     90.6 s

  [BITRATE]
      Average (selected):  1,071 kbps
      Average (effective): 804 kbps
      Min / Max:           100 / 4,500 kbps
      Median:              100 kbps
      Std deviation:       1,793.8 kbps
      Variance:            3,217,858.5
      25th/75th %ile:      100 / 100 kbps

  [SWITCHES]
      Total count:       3
      Up / Down:         2 / 1
      Avg magnitude:     2,933 kbps

  [REBUFFERING]
      Events:            2
      Total time:        30,130 ms
      Ratio:             24.9587%
      Frequency:         1.325 per minute
      Avg duration:      15,065 ms
      Max duration:      29,931 ms

  [THROUGHPUT]
      Average:           2,181 kbps
      Median:            0 kbps
      Min / Max:         0 / 27,042 kbps
      Std deviation:     5,190.2 kbps

  [AVAILABLE BW (trace)]
      Average:           2,181 kbps
      Min / Max:         0 / 27,042 kbps

  [BUFFER]
      Average level:     14.8 s
      Min / Max:         0.1 / 29.0 s

  [UTILIZATION]
      Bandwidth:         0.0%

======================================================================

[SAVED] results/results/run_all_20260517_165956/dash_5g-ireland/benchmark_dash_netflix_static_season3-strangerthings_B_2019_12_04_12_46_14_tc_20260517_212027.json

──────────────────────────────────────────────────────────────────────
  [82/83] netflix_static_season3-strangerthings_B_2019_12_06_09_55_13_tc.csv
──────────────────────────────────────────────────────────────────────
[TRACE] netflix_static_season3-strangerthings_B_2019_12_06_09_55_13_tc.csv
[DASH-SHAPER] Triggering tc-trace via /startShaping API...
[DASH-SHAPER] tc-trace.py starting in container

======================================================================
  DASH Streaming QoE Benchmark (dash.js / BOLA)
======================================================================
  Server: http://localhost:8080
======================================================================

[TRACE] Loaded 6020 entries with bandwidth
[BROWSER] Launching headless Chromium...
[BROWSER-ERROR] Settings parameter streaming.timeouts is not supported
[BROWSER] Waiting for playback to start...
   Startup delay: 3847ms

[PLAYBACK] Collecting metrics...
   t=10s | buffer: 13.8s | bitrate: 100 kbps | tp: 113826 kbps | trace_bw: 113826 kbps
   t=20s | buffer: 11.7s | bitrate: 100 kbps | tp: 0 kbps | trace_bw: 0 kbps
   t=31s | buffer: 5.4s | bitrate: 100 kbps | tp: 0 kbps | trace_bw: 0 kbps
   t=41s | buffer: 23.3s | bitrate: 100 kbps | tp: 0 kbps | trace_bw: 0 kbps
   t=51s | buffer: 12.9s | bitrate: 100 kbps | tp: 0 kbps | trace_bw: 0 kbps
   t=61s | buffer: 22.8s | bitrate: 100 kbps | tp: 0 kbps | trace_bw: 0 kbps
   t=72s | buffer: 16.5s | bitrate: 100 kbps | tp: 2 kbps | trace_bw: 2 kbps
   t=82s | buffer: 26.4s | bitrate: 100 kbps | tp: 0 kbps | trace_bw: 0 kbps
   t=92s | buffer: 28.0s | bitrate: 100 kbps | tp: 0 kbps | trace_bw: 0 kbps
   t=102s | buffer: 25.9s | bitrate: 100 kbps | tp: 11095 kbps | trace_bw: 11095 kbps
   t=112s | buffer: 27.6s | bitrate: 100 kbps | tp: 2 kbps | trace_bw: 2 kbps
Error occurred in event listener
Traceback (most recent call last):
  File "/home/ajhunjh1/.local/lib/python3.8/site-packages/playwright/_impl/_helper.py", line 296, in handle
    return await self._handle_internal(route)
  File "/home/ajhunjh1/.local/lib/python3.8/site-packages/playwright/_impl/_helper.py", line 332, in _handle_internal
    await handler_finished_future
  File "/home/ajhunjh1/.local/lib/python3.8/site-packages/playwright/_impl/_helper.py", line 323, in _handler
    self.handler(route, route.request)  # type: ignore
  File "/home/ajhunjh1/.local/lib/python3.8/site-packages/playwright/_impl/_impl_to_api_mapping.py", line 123, in wrapper_func
    return handler(
  File "benchmark.py", line 483, in _patch_dash_html
    resp = route.fetch()
  File "/home/ajhunjh1/.local/lib/python3.8/site-packages/playwright/sync_api/_generated.py", line 804, in fetch
    self._sync(
  File "/home/ajhunjh1/.local/lib/python3.8/site-packages/playwright/_impl/_sync_base.py", line 115, in _sync
    return task.result()
  File "/home/ajhunjh1/.local/lib/python3.8/site-packages/playwright/_impl/_network.py", line 457, in fetch
    return await self._connection.wrap_api_call(
  File "/home/ajhunjh1/.local/lib/python3.8/site-packages/playwright/_impl/_connection.py", line 520, in wrap_api_call
    raise rewrite_error(error, f"{parsed_st['apiName']}: {error}") from None
playwright._impl._errors.TargetClosedError: Route.fetch: Target page, context or browser has been closed
Call log:
→ GET http://localhost:8080/chunk-stream0-00037.m4s
  -   user-agent: Mozilla/5.0 (X11; Linux x86_64) AppleWebKit/537.36 (KHTML, like Gecko) HeadlessChrome/112.0.5615.49 Safari/537.36
  -   accept: */*
  -   accept-encoding: gzip,deflate,br
  -   referer: http://localhost:8080/
  -   sec-ch-ua: 
  -   sec-ch-ua-mobile: ?0
  -   sec-ch-ua-platform: ""
  - ← 200 OK
  -   server: SimpleHTTP/0.6 Python/3.11.15
  -   date: Mon, 18 May 2026 04:24:51 GMT
  -   content-type: video/iso.segment
  -   content-length: 37740
  -   last-modified: Wed, 22 Apr 2026 18:42:42 GMT
  -   access-control-allow-origin: *
  -   access-control-allow-methods: GET, OPTIONS
  -   access-control-allow-headers: Content-Type, Range
  -   access-control-expose-headers: Content-Length, Content-Range
  -   cache-control: public, max-age=31536000


During handling of the above exception, another exception occurred:

Traceback (most recent call last):
  File "/home/ajhunjh1/.local/lib/python3.8/site-packages/playwright/_impl/_page.py", line 297, in _on_route
    handled = await route_handler.handle(route)
  File "/home/ajhunjh1/.local/lib/python3.8/site-packages/playwright/_impl/_helper.py", line 305, in handle
    raise rewrite_error(
playwright._impl._errors.TargetClosedError: "Route.fetch: Target page, context or browser has been closed
Call log:
→ GET http://localhost:8080/chunk-stream0-00037.m4s
  -   user-agent: Mozilla/5.0 (X11; Linux x86_64) AppleWebKit/537.36 (KHTML, like Gecko) HeadlessChrome/112.0.5615.49 Safari/537.36
  -   accept: */*
  -   accept-encoding: gzip,deflate,br
  -   referer: http://localhost:8080/
  -   sec-ch-ua: 
  -   sec-ch-ua-mobile: ?0
  -   sec-ch-ua-platform: ""
  - ← 200 OK
  -   server: SimpleHTTP/0.6 Python/3.11.15
  -   date: Mon, 18 May 2026 04:24:51 GMT
  -   content-type: video/iso.segment
  -   content-length: 37740
  -   last-modified: Wed, 22 Apr 2026 18:42:42 GMT
  -   access-control-allow-origin: *
  -   access-control-allow-methods: GET, OPTIONS
  -   access-control-allow-headers: Content-Type, Range
  -   access-control-expose-headers: Content-Length, Content-Range
  -   cache-control: public, max-age=31536000
" while running route callback.
Consider awaiting `page.unroute_all(behavior='ignoreErrors')`
before the end of the test to ignore remaining routes in flight.

======================================================================
  BENCHMARK RESULTS (DASH / dash.js / BOLA)
======================================================================

  [TIMING]
      Startup delay:     3,847 ms
      Playback time:     120.1 s

  [BITRATE]
      Average (selected):  100 kbps
      Average (effective): 99 kbps
      Min / Max:           100 / 100 kbps
      Median:              100 kbps
      Std deviation:       0.0 kbps
      Variance:            0.0
      25th/75th %ile:      100 / 100 kbps

  [SWITCHES]
      Total count:       0
      Up / Down:         0 / 0
      Avg magnitude:     0 kbps

  [REBUFFERING]
      Events:            1
      Total time:        966 ms
      Ratio:             0.7976%
      Frequency:         0.499 per minute
      Avg duration:      966 ms
      Max duration:      966 ms

  [THROUGHPUT]
      Average:           2,899 kbps
      Median:            0 kbps
      Min / Max:         0 / 113,826 kbps
      Std deviation:     14,843.6 kbps

  [AVAILABLE BW (trace)]
      Average:           2,899 kbps
      Min / Max:         0 / 113,826 kbps

  [BUFFER]
      Average level:     20.1 s
      Min / Max:         1.5 / 28.9 s

  [UTILIZATION]
      Bandwidth:         0.0%

======================================================================

[SAVED] results/results/run_all_20260517_165956/dash_5g-ireland/benchmark_dash_netflix_static_season3-strangerthings_B_2019_12_06_09_55_13_tc_20260517_212249.json

──────────────────────────────────────────────────────────────────────
  [83/83] netflix_static_season3-strangerthings_B_2019_12_16_13_03_47_tc.csv
──────────────────────────────────────────────────────────────────────
[TRACE] netflix_static_season3-strangerthings_B_2019_12_16_13_03_47_tc.csv
[DASH-SHAPER] Triggering tc-trace via /startShaping API...
[DASH-SHAPER] Warning: could not reach /startShaping: HTTPConnectionPool(host='localhost', port=8080): Read timed out. (read timeout=5)

======================================================================
  DASH Streaming QoE Benchmark (dash.js / BOLA)
======================================================================
  Server: http://localhost:8080
======================================================================

[TRACE] Loaded 1815 entries with bandwidth
[BROWSER] Launching headless Chromium...
[BROWSER-ERROR] Settings parameter streaming.timeouts is not supported
[BROWSER] Waiting for playback to start...
   Startup delay: 4229ms

[PLAYBACK] Collecting metrics...
   t=10s | buffer: 25.9s | bitrate: 100 kbps | tp: 366 kbps | trace_bw: 366 kbps
   t=21s | buffer: 15.5s | bitrate: 100 kbps | tp: 0 kbps | trace_bw: 0 kbps
   t=31s | buffer: 5.4s | bitrate: 100 kbps | tp: 0 kbps | trace_bw: 0 kbps
   t=41s | buffer: 27.0s | bitrate: 100 kbps | tp: 0 kbps | trace_bw: 0 kbps
   t=51s | buffer: 24.9s | bitrate: 100 kbps | tp: 0 kbps | trace_bw: 0 kbps
   t=62s | buffer: 26.6s | bitrate: 100 kbps | tp: 0 kbps | trace_bw: 0 kbps
   t=72s | buffer: 24.5s | bitrate: 100 kbps | tp: 0 kbps | trace_bw: 0 kbps
   t=82s | buffer: 26.1s | bitrate: 100 kbps | tp: 0 kbps | trace_bw: 0 kbps
   t=92s | buffer: 27.8s | bitrate: 100 kbps | tp: 2 kbps | trace_bw: 2 kbps
   t=102s | buffer: 25.7s | bitrate: 100 kbps | tp: 0 kbps | trace_bw: 0 kbps
   t=113s | buffer: 27.3s | bitrate: 100 kbps | tp: 2 kbps | trace_bw: 2 kbps

======================================================================
  BENCHMARK RESULTS (DASH / dash.js / BOLA)
======================================================================

  [TIMING]
      Startup delay:     4,229 ms
      Playback time:     120.4 s

  [BITRATE]
      Average (selected):  100 kbps
      Average (effective): 100 kbps
      Min / Max:           100 / 100 kbps
      Median:              100 kbps
      Std deviation:       0.0 kbps
      Variance:            0.0
      25th/75th %ile:      100 / 100 kbps

  [SWITCHES]
      Total count:       0
      Up / Down:         0 / 0
      Avg magnitude:     0 kbps

  [REBUFFERING]
      Events:            1
      Total time:        204 ms
      Ratio:             0.1692%
      Frequency:         0.499 per minute
      Avg duration:      204 ms
      Max duration:      204 ms

  [THROUGHPUT]
      Average:           2,708 kbps
      Median:            0 kbps
      Min / Max:         0 / 107,356 kbps
      Std deviation:     13,130.8 kbps

  [AVAILABLE BW (trace)]
      Average:           2,708 kbps
      Min / Max:         0 / 107,356 kbps

  [BUFFER]
      Average level:     23.3 s
      Min / Max:         3.7 / 28.9 s

  [UTILIZATION]
      Bandwidth:         0.0%

======================================================================

[SAVED] results/results/run_all_20260517_165956/dash_5g-ireland/benchmark_dash_netflix_static_season3-strangerthings_B_2019_12_16_13_03_47_tc_20260517_212501.json

======================================================================
  BATCH COMPLETE: 83/83 succeeded
  Results saved to: results/results/run_all_20260517_165956/dash_5g-ireland/
======================================================================

