since,relative_seconds,rtt,bandwidth_kbps
0.000,0.000,20.00,1420
5.000,5.000,20.00,1485
10.000,10.000,20.00,1858
15.000,15.000,20.00,2310
20.000,20.000,20.00,1886
25.000,25.000,20.00,2474
30.000,30.000,20.00,2933
35.000,35.000,20.00,3496
40.000,40.000,20.00,3502
45.000,45.000,20.00,3500
50.000,50.000,20.00,3539
55.000,55.000,20.00,3489
60.000,60.000,20.00,3552
65.000,65.000,20.00,3765
70.000,70.000,20.00,3538
75.000,75.000,20.00,3433
80.000,80.000,20.00,3753
85.000,85.000,20.00,3749
90.000,90.000,20.00,1953
95.000,95.000,20.00,2009
100.000,100.000,20.00,1814
105.000,105.000,20.00,1923
110.000,110.000,20.00,1659
115.000,115.000,20.00,1710
120.000,120.000,20.00,3762
125.000,125.000,20.00,3765
130.000,130.000,20.00,3765
135.000,135.000,20.00,3679
140.000,140.000,20.00,3684
145.000,145.000,20.00,3708
150.000,150.000,20.00,3797
155.000,155.000,20.00,3774
160.000,160.000,20.00,3751
165.000,165.000,20.00,3797
170.000,170.000,20.00,3732
175.000,175.000,20.00,3790
180.000,180.000,20.00,2551
185.000,185.000,20.00,2287
190.000,190.000,20.00,2215
195.000,195.000,20.00,2409
200.000,200.000,20.00,2472
205.000,205.000,20.00,2120
210.000,210.000,20.00,3762
215.000,215.000,20.00,3738
220.000,220.000,20.00,3791
225.000,225.000,20.00,3752
230.000,230.000,20.00,3763
235.000,235.000,20.00,3765
240.000,240.000,20.00,3772
245.000,245.000,20.00,3762
250.000,250.000,20.00,3776
255.000,255.000,20.00,3774
260.000,260.000,20.00,3774
265.000,265.000,20.00,3774
270.000,270.000,20.00,3484
275.000,275.000,20.00,3288
280.000,280.000,20.00,3248
285.000,285.000,20.00,3359
290.000,290.000,20.00,3552
295.000,295.000,20.00,3575
300.000,300.000,20.00,2715
305.000,305.000,20.00,2298
310.000,310.000,20.00,2963
315.000,315.000,20.00,2711
320.000,320.000,20.00,2782
325.000,325.000,20.00,3091
330.000,330.000,20.00,2495
335.000,335.000,20.00,1763
340.000,340.000,20.00,1585
345.000,345.000,20.00,2643
350.000,350.000,20.00,2542
355.000,355.000,20.00,2060
360.000,360.000,20.00,2456
365.000,365.000,20.00,3067
370.000,370.000,20.00,2324
375.000,375.000,20.00,2655
380.000,380.000,20.00,2423
385.000,385.000,20.00,2727
390.000,390.000,20.00,2981
395.000,395.000,20.00,3172
400.000,400.000,20.00,2727
405.000,405.000,20.00,3056
410.000,410.000,20.00,2620
415.000,415.000,20.00,2896
420.000,420.000,20.00,3026
425.000,425.000,20.00,3007
430.000,430.000,20.00,2959
435.000,435.000,20.00,2959
440.000,440.000,20.00,3012
445.000,445.000,20.00,2908
450.000,450.000,20.00,2605
455.000,455.000,20.00,2526
460.000,460.000,20.00,2585
465.000,465.000,20.00,2583
470.000,470.000,20.00,2502
475.000,475.000,20.00,2635
480.000,480.000,20.00,1872
485.000,485.000,20.00,2859
490.000,490.000,20.00,2384
495.000,495.000,20.00,2611
500.000,500.000,20.00,2813
505.000,505.000,20.00,3095
510.000,510.000,20.00,3220
515.000,515.000,20.00,2646
520.000,520.000,20.00,1793
525.000,525.000,20.00,2721
530.000,530.000,20.00,2878
535.000,535.000,20.00,2729
540.000,540.000,20.00,3772
545.000,545.000,20.00,3774
550.000,550.000,20.00,3776
555.000,555.000,20.00,3749
560.000,560.000,20.00,3797
565.000,565.000,20.00,3774
570.000,570.000,20.00,2826
575.000,575.000,20.00,1532
580.000,580.000,20.00,2456
585.000,585.000,20.00,2644
590.000,590.000,20.00,2064
595.000,595.000,20.00,2408
600.000,600.000,20.00,2500
605.000,605.000,20.00,2138
610.000,610.000,20.00,2053
615.000,615.000,20.00,1997
620.000,620.000,20.00,1944
625.000,625.000,20.00,1807
630.000,630.000,20.00,1637
635.000,635.000,20.00,2397
640.000,640.000,20.00,2419
645.000,645.000,20.00,2173
650.000,650.000,20.00,2158
655.000,655.000,20.00,2419
660.000,660.000,20.00,3420
665.000,665.000,20.00,3431
670.000,670.000,20.00,3447
675.000,675.000,20.00,3563
680.000,680.000,20.00,2080
685.000,685.000,20.00,1140
690.000,690.000,20.00,2826
695.000,695.000,20.00,2935
700.000,700.000,20.00,2966
705.000,705.000,20.00,1819
710.000,710.000,20.00,2377
715.000,715.000,20.00,2769
720.000,720.000,20.00,3211
725.000,725.000,20.00,3522
730.000,730.000,20.00,2354
735.000,735.000,20.00,3774
740.000,740.000,20.00,3762
745.000,745.000,20.00,3774
750.000,750.000,20.00,2124
755.000,755.000,20.00,1511
760.000,760.000,20.00,2453
765.000,765.000,20.00,2080
770.000,770.000,20.00,2118
775.000,775.000,20.00,1976
780.000,780.000,20.00,2784
785.000,785.000,20.00,2909
790.000,790.000,20.00,3312
795.000,795.000,20.00,2986
800.000,800.000,20.00,3056
805.000,805.000,20.00,2427
810.000,810.000,20.00,2840
815.000,815.000,20.00,2915
820.000,820.000,20.00,2778
825.000,825.000,20.00,2829
830.000,830.000,20.00,2875
835.000,835.000,20.00,3121
840.000,840.000,20.00,1272
845.000,845.000,20.00,1721
850.000,850.000,20.00,2442
855.000,855.000,20.00,2396
860.000,860.000,20.00,1536
865.000,865.000,20.00,2201
870.000,870.000,20.00,1950
875.000,875.000,20.00,2808
880.000,880.000,20.00,2497
885.000,885.000,20.00,2708
890.000,890.000,20.00,1860
895.000,895.000,20.00,2983
900.000,900.000,20.00,2926
905.000,905.000,20.00,2134
910.000,910.000,20.00,2111
915.000,915.000,20.00,2231
920.000,920.000,20.00,2609
925.000,925.000,20.00,2403
930.000,930.000,20.00,2535
935.000,935.000,20.00,2970
940.000,940.000,20.00,2833
945.000,945.000,20.00,2926
950.000,950.000,20.00,2986
955.000,955.000,20.00,2979
960.000,960.000,20.00,3767
965.000,965.000,20.00,3765
970.000,970.000,20.00,3767
975.000,975.000,20.00,3636
980.000,980.000,20.00,3754
985.000,985.000,20.00,3714
990.000,990.000,20.00,3589
995.000,995.000,20.00,3776
1000.000,1000.000,20.00,3756
1005.000,1005.000,20.00,3767
1010.000,1010.000,20.00,3786
1015.000,1015.000,20.00,3774
1020.000,1020.000,20.00,3767
1025.000,1025.000,20.00,3767
1030.000,1030.000,20.00,3767
1035.000,1035.000,20.00,3765
1040.000,1040.000,20.00,3767
1045.000,1045.000,20.00,3767
1050.000,1050.000,20.00,3776
1055.000,1055.000,20.00,3774
1060.000,1060.000,20.00,3725
1065.000,1065.000,20.00,3825
1070.000,1070.000,20.00,3730
1075.000,1075.000,20.00,3820
1080.000,1080.000,20.00,3774
1085.000,1085.000,20.00,3774
1090.000,1090.000,20.00,3774
1095.000,1095.000,20.00,3774
1100.000,1100.000,20.00,3776
1105.000,1105.000,20.00,3774
1110.000,1110.000,20.00,3774
1115.000,1115.000,20.00,3774
1120.000,1120.000,20.00,3776
1125.000,1125.000,20.00,3767
1130.000,1130.000,20.00,3744
1135.000,1135.000,20.00,3811
1140.000,1140.000,20.00,3762
1145.000,1145.000,20.00,3752
1150.000,1150.000,20.00,3756
1155.000,1155.000,20.00,3765
1160.000,1160.000,20.00,3763
1165.000,1165.000,20.00,3763
1170.000,1170.000,20.00,3693
1175.000,1175.000,20.00,3751
1180.000,1180.000,20.00,3772
1185.000,1185.000,20.00,3760
1190.000,1190.000,20.00,3617
1195.000,1195.000,20.00,3804
1200.000,1200.000,20.00,3723
1205.000,1205.000,20.00,3820
1210.000,1210.000,20.00,3769
1215.000,1215.000,20.00,3772
1220.000,1220.000,20.00,3772
1225.000,1225.000,20.00,3772
1230.000,1230.000,20.00,3756
1235.000,1235.000,20.00,3771
1240.000,1240.000,20.00,3725
1245.000,1245.000,20.00,3760
1250.000,1250.000,20.00,3774
1255.000,1255.000,20.00,3747
1260.000,1260.000,20.00,3774
1265.000,1265.000,20.00,3762
1270.000,1270.000,20.00,3788
1275.000,1275.000,20.00,3774
1280.000,1280.000,20.00,3769
1285.000,1285.000,20.00,3779
1290.000,1290.000,20.00,3809
1295.000,1295.000,20.00,3742
1300.000,1300.000,20.00,3807
1305.000,1305.000,20.00,3774
1310.000,1310.000,20.00,3774
1315.000,1315.000,20.00,3774
1320.000,1320.000,20.00,3802
1325.000,1325.000,20.00,3772
1330.000,1330.000,20.00,3774
1335.000,1335.000,20.00,3737
1340.000,1340.000,20.00,3811
1345.000,1345.000,20.00,3774
1350.000,1350.000,20.00,2731
1355.000,1355.000,20.00,2379
1360.000,1360.000,20.00,2009
1365.000,1365.000,20.00,2548
1370.000,1370.000,20.00,2868
1375.000,1375.000,20.00,2359
1380.000,1380.000,20.00,2688
1385.000,1385.000,20.00,2572
1390.000,1390.000,20.00,2007
1395.000,1395.000,20.00,1526
1400.000,1400.000,20.00,1650
1405.000,1405.000,20.00,1488
1410.000,1410.000,20.00,2444
1415.000,1415.000,20.00,2201
1420.000,1420.000,20.00,2023
1425.000,1425.000,20.00,2481
1430.000,1430.000,20.00,2178
1435.000,1435.000,20.00,2291
1440.000,1440.000,20.00,2182
1445.000,1445.000,20.00,2311
1450.000,1450.000,20.00,2482
1455.000,1455.000,20.00,2478
1460.000,1460.000,20.00,1966
1465.000,1465.000,20.00,1955
1470.000,1470.000,20.00,2430
1475.000,1475.000,20.00,2576
1480.000,1480.000,20.00,2711
1485.000,1485.000,20.00,2602
1490.000,1490.000,20.00,2479
1495.000,1495.000,20.00,2822
1500.000,1500.000,20.00,3765
1505.000,1505.000,20.00,3765
1510.000,1510.000,20.00,3767
1515.000,1515.000,20.00,3767
1520.000,1520.000,20.00,3765
1525.000,1525.000,20.00,3734
1530.000,1530.000,20.00,3774
1535.000,1535.000,20.00,3774
1540.000,1540.000,20.00,3774
1545.000,1545.000,20.00,3776
1550.000,1550.000,20.00,3774
1555.000,1555.000,20.00,3776
1560.000,1560.000,20.00,2706
1565.000,1565.000,20.00,2224
1570.000,1570.000,20.00,1684
1575.000,1575.000,20.00,2356
1580.000,1580.000,20.00,1979
1585.000,1585.000,20.00,1932
1590.000,1590.000,20.00,1534
1595.000,1595.000,20.00,1788
1600.000,1600.000,20.00,2526
1605.000,1605.000,20.00,1812
1610.000,1610.000,20.00,1935
1615.000,1615.000,20.00,2521
1620.000,1620.000,20.00,2370
1625.000,1625.000,20.00,2273
1630.000,1630.000,20.00,2840
1635.000,1635.000,20.00,2486
1640.000,1640.000,20.00,2634
1645.000,1645.000,20.00,2352
1650.000,1650.000,20.00,2945
1655.000,1655.000,20.00,2342
1660.000,1660.000,20.00,2435
1665.000,1665.000,20.00,2854
1670.000,1670.000,20.00,2342
1675.000,1675.000,20.00,2694
1680.000,1680.000,20.00,2924
1685.000,1685.000,20.00,1637
1690.000,1690.000,20.00,2224
1695.000,1695.000,20.00,2027
1700.000,1700.000,20.00,2112
1705.000,1705.000,20.00,2561
1710.000,1710.000,20.00,2433
1715.000,1715.000,20.00,2430
1720.000,1720.000,20.00,2588
1725.000,1725.000,20.00,2449
1730.000,1730.000,20.00,2175
1735.000,1735.000,20.00,1777
1740.000,1740.000,20.00,1687
1745.000,1745.000,20.00,1872
1750.000,1750.000,20.00,2303
1755.000,1755.000,20.00,1777
1760.000,1760.000,20.00,1784
1765.000,1765.000,20.00,2104
1770.000,1770.000,20.00,2022
1775.000,1775.000,20.00,2403
1780.000,1780.000,20.00,1718
1785.000,1785.000,20.00,2447
1790.000,1790.000,20.00,1589
1795.000,1795.000,20.00,1838
1800.000,1800.000,20.00,3797
1805.000,1805.000,20.00,3758
1810.000,1810.000,20.00,3779
1815.000,1815.000,20.00,3774
1820.000,1820.000,20.00,3753
1825.000,1825.000,20.00,3772
1830.000,1830.000,20.00,2972
1835.000,1835.000,20.00,2836
1840.000,1840.000,20.00,2940
1845.000,1845.000,20.00,2926
1850.000,1850.000,20.00,2796
1855.000,1855.000,20.00,2896
1860.000,1860.000,20.00,2333
1865.000,1865.000,20.00,3141
1870.000,1870.000,20.00,3270
1875.000,1875.000,20.00,3047
1880.000,1880.000,20.00,3520
1885.000,1885.000,20.00,3382
1890.000,1890.000,20.00,3501
1895.000,1895.000,20.00,3322
1900.000,1900.000,20.00,2979
1905.000,1905.000,20.00,3366
1910.000,1910.000,20.00,3396
1915.000,1915.000,20.00,3491
1920.000,1920.000,20.00,3695
1925.000,1925.000,20.00,3686
1930.000,1930.000,20.00,3698
1935.000,1935.000,20.00,3746
1940.000,1940.000,20.00,3765
1945.000,1945.000,20.00,3756
1950.000,1950.000,20.00,2683
1955.000,1955.000,20.00,2712
1960.000,1960.000,20.00,2924
1965.000,1965.000,20.00,3207
1970.000,1970.000,20.00,2878
1975.000,1975.000,20.00,2546
1980.000,1980.000,20.00,2778
1985.000,1985.000,20.00,2637
1990.000,1990.000,20.00,3026
1995.000,1995.000,20.00,2616
2000.000,2000.000,20.00,2873
2005.000,2005.000,20.00,2289
2010.000,2010.000,20.00,3747
2015.000,2015.000,20.00,3782
2020.000,2020.000,20.00,3749
2025.000,2025.000,20.00,3673
2030.000,2030.000,20.00,3857
2035.000,2035.000,20.00,3765
2040.000,2040.000,20.00,2405
2045.000,2045.000,20.00,2268
2050.000,2050.000,20.00,1928
2055.000,2055.000,20.00,2291
2060.000,2060.000,20.00,2215
2065.000,2065.000,20.00,2720
2070.000,2070.000,20.00,2956
2075.000,2075.000,20.00,2940
2080.000,2080.000,20.00,2887
2085.000,2085.000,20.00,2924
2090.000,2090.000,20.00,2810
2095.000,2095.000,20.00,2036
2100.000,2100.000,20.00,2887
2105.000,2105.000,20.00,2963
2110.000,2110.000,20.00,3003
2115.000,2115.000,20.00,2539
2120.000,2120.000,20.00,2813
2125.000,2125.000,20.00,2905
2130.000,2130.000,20.00,2806
2135.000,2135.000,20.00,2710
2140.000,2140.000,20.00,2732
2145.000,2145.000,20.00,2786
2150.000,2150.000,20.00,3034
2155.000,2155.000,20.00,2506
2160.000,2160.000,20.00,2653
2165.000,2165.000,20.00,2829
2170.000,2170.000,20.00,2639
2175.000,2175.000,20.00,3121
2180.000,2180.000,20.00,2762
2185.000,2185.000,20.00,2208
2190.000,2190.000,20.00,1990
2195.000,2195.000,20.00,2352
2200.000,2200.000,20.00,2335
2205.000,2205.000,20.00,1800
2210.000,2210.000,20.00,2219
2215.000,2215.000,20.00,2340
2220.000,2220.000,20.00,2036
2225.000,2225.000,20.00,2697
2230.000,2230.000,20.00,1839
2235.000,2235.000,20.00,2478
2240.000,2240.000,20.00,2261
2245.000,2245.000,20.00,1939
2250.000,2250.000,20.00,2523
2255.000,2255.000,20.00,1858
2260.000,2260.000,20.00,2447
2265.000,2265.000,20.00,2447
2270.000,2270.000,20.00,2273
2275.000,2275.000,20.00,2405
2280.000,2280.000,20.00,3774
2285.000,2285.000,20.00,3776
2290.000,2290.000,20.00,3753
2295.000,2295.000,20.00,3793
2300.000,2300.000,20.00,3774
2305.000,2305.000,20.00,3774
2310.000,2310.000,20.00,2578
2315.000,2315.000,20.00,1981
2320.000,2320.000,20.00,1477
2325.000,2325.000,20.00,1340
2330.000,2330.000,20.00,1672
2335.000,2335.000,20.00,1449
2340.000,2340.000,20.00,2148
2345.000,2345.000,20.00,2180
2350.000,2350.000,20.00,1884
2355.000,2355.000,20.00,2606
2360.000,2360.000,20.00,2333
2365.000,2365.000,20.00,2215
2370.000,2370.000,20.00,2071
2375.000,2375.000,20.00,2750
2380.000,2380.000,20.00,2363
2385.000,2385.000,20.00,2194
2390.000,2390.000,20.00,1698
2395.000,2395.000,20.00,1418
2400.000,2400.000,20.00,1250
2405.000,2405.000,20.00,1523
2410.000,2410.000,20.00,2403
2415.000,2415.000,20.00,2585
2420.000,2420.000,20.00,1955
2425.000,2425.000,20.00,1552
2430.000,2430.000,20.00,2486
2435.000,2435.000,20.00,1714
2440.000,2440.000,20.00,2203
2445.000,2445.000,20.00,2050
2450.000,2450.000,20.00,1844
2455.000,2455.000,20.00,2604
2460.000,2460.000,20.00,2202
2465.000,2465.000,20.00,2686
2470.000,2470.000,20.00,2012
2475.000,2475.000,20.00,2745
2480.000,2480.000,20.00,2165
2485.000,2485.000,20.00,2237
2490.000,2490.000,20.00,3774
2495.000,2495.000,20.00,3742
2500.000,2500.000,20.00,3795
2505.000,2505.000,20.00,3774
2510.000,2510.000,20.00,3774
2515.000,2515.000,20.00,3772
2520.000,2520.000,20.00,2598
2525.000,2525.000,20.00,2942
2530.000,2530.000,20.00,3062
2535.000,2535.000,20.00,2922
2540.000,2540.000,20.00,3123
2545.000,2545.000,20.00,2570
2550.000,2550.000,20.00,2882
2555.000,2555.000,20.00,2548
2560.000,2560.000,20.00,3072
2565.000,2565.000,20.00,2891
2570.000,2570.000,20.00,3051
2575.000,2575.000,20.00,2662
2580.000,2580.000,20.00,2935
2585.000,2585.000,20.00,2646
2590.000,2590.000,20.00,2029
2595.000,2595.000,20.00,1502
2600.000,2600.000,20.00,1753
2605.000,2605.000,20.00,1900
2610.000,2610.000,20.00,2799
2615.000,2615.000,20.00,2314
2620.000,2620.000,20.00,2553
2625.000,2625.000,20.00,2488
2630.000,2630.000,20.00,3098
2635.000,2635.000,20.00,2384
2640.000,2640.000,20.00,2769
2645.000,2645.000,20.00,2320
2650.000,2650.000,20.00,2086
2655.000,2655.000,20.00,2642
2660.000,2660.000,20.00,2114
2665.000,2665.000,20.00,1959
2670.000,2670.000,20.00,2616
2675.000,2675.000,20.00,2414
2680.000,2680.000,20.00,2324
2685.000,2685.000,20.00,2586
2690.000,2690.000,20.00,2558
2695.000,2695.000,20.00,2518
2700.000,2700.000,20.00,3714
2705.000,2705.000,20.00,3763
2710.000,2710.000,20.00,3745
2715.000,2715.000,20.00,3771
2720.000,2720.000,20.00,3765
2725.000,2725.000,20.00,3763
2730.000,2730.000,20.00,3779
2735.000,2735.000,20.00,3774
2740.000,2740.000,20.00,3725
2745.000,2745.000,20.00,3809
2750.000,2750.000,20.00,3776
2755.000,2755.000,20.00,3772
2760.000,2760.000,20.00,2504
2765.000,2765.000,20.00,2454
2770.000,2770.000,20.00,2552
2775.000,2775.000,20.00,2570
2780.000,2780.000,20.00,2092
2785.000,2785.000,20.00,2894
2790.000,2790.000,20.00,2507
2795.000,2795.000,20.00,2477
2800.000,2800.000,20.00,2398
2805.000,2805.000,20.00,2437
2810.000,2810.000,20.00,2586
2815.000,2815.000,20.00,2935
2820.000,2820.000,20.00,2666
2825.000,2825.000,20.00,2276
2830.000,2830.000,20.00,2732
2835.000,2835.000,20.00,2600
2840.000,2840.000,20.00,2701
2845.000,2845.000,20.00,2664
2850.000,2850.000,20.00,2124
2855.000,2855.000,20.00,2542
2860.000,2860.000,20.00,2572
2865.000,2865.000,20.00,2847
2870.000,2870.000,20.00,2528
2875.000,2875.000,20.00,2706
2880.000,2880.000,20.00,3749
2885.000,2885.000,20.00,3452
2890.000,2890.000,20.00,3563
2895.000,2895.000,20.00,3546
2900.000,2900.000,20.00,3598
2905.000,2905.000,20.00,3325
2910.000,2910.000,20.00,3568
2915.000,2915.000,20.00,2620
2920.000,2920.000,20.00,3114
2925.000,2925.000,20.00,3408
2930.000,2930.000,20.00,3753
2935.000,2935.000,20.00,3556
2940.000,2940.000,20.00,3762
2945.000,2945.000,20.00,3783
2950.000,2950.000,20.00,3776
2955.000,2955.000,20.00,3774
2960.000,2960.000,20.00,3774
2965.000,2965.000,20.00,3772
2970.000,2970.000,20.00,2613
2975.000,2975.000,20.00,1773
2980.000,2980.000,20.00,2036
2985.000,2985.000,20.00,2484
2990.000,2990.000,20.00,2340
2995.000,2995.000,20.00,2894
3000.000,3000.000,20.00,1895
3005.000,3005.000,20.00,2004
3010.000,3010.000,20.00,2055
3015.000,3015.000,20.00,2359
3020.000,3020.000,20.00,1921
3025.000,3025.000,20.00,1879
3030.000,3030.000,20.00,3774
3035.000,3035.000,20.00,3725
3040.000,3040.000,20.00,3823
3045.000,3045.000,20.00,3774
3050.000,3050.000,20.00,3774
3055.000,3055.000,20.00,3774
3060.000,3060.000,20.00,3585
3065.000,3065.000,20.00,3450
3070.000,3070.000,20.00,3710
3075.000,3075.000,20.00,3708
3080.000,3080.000,20.00,3259
3085.000,3085.000,20.00,3520
3090.000,3090.000,20.00,3774
3095.000,3095.000,20.00,3776
3100.000,3100.000,20.00,3774
3105.000,3105.000,20.00,3751
3110.000,3110.000,20.00,3800
3115.000,3115.000,20.00,3774
3120.000,3120.000,20.00,2518
3125.000,3125.000,20.00,2514
3130.000,3130.000,20.00,2173
3135.000,3135.000,20.00,2481
3140.000,3140.000,20.00,2866
3145.000,3145.000,20.00,2572
3150.000,3150.000,20.00,2261
3155.000,3155.000,20.00,2908
3160.000,3160.000,20.00,2333
3165.000,3165.000,20.00,2203
3170.000,3170.000,20.00,1812
3175.000,3175.000,20.00,2166
3180.000,3180.000,20.00,3743
3185.000,3185.000,20.00,3741
3190.000,3190.000,20.00,3763
3195.000,3195.000,20.00,3708
3200.000,3200.000,20.00,3813
3205.000,3205.000,20.00,3763
3210.000,3210.000,20.00,3774
3215.000,3215.000,20.00,3774
3220.000,3220.000,20.00,3774
3225.000,3225.000,20.00,3774
3230.000,3230.000,20.00,3762
3235.000,3235.000,20.00,3772
3240.000,3240.000,20.00,3776
3245.000,3245.000,20.00,3774
3250.000,3250.000,20.00,3776
3255.000,3255.000,20.00,3774
3260.000,3260.000,20.00,3776
3265.000,3265.000,20.00,3776
3270.000,3270.000,20.00,3800
3275.000,3275.000,20.00,3765
3280.000,3280.000,20.00,3763
3285.000,3285.000,20.00,3765
3290.000,3290.000,20.00,3765
3295.000,3295.000,20.00,3765
3300.000,3300.000,20.00,3788
3305.000,3305.000,20.00,3807
3310.000,3310.000,20.00,3774
3315.000,3315.000,20.00,3737
3320.000,3320.000,20.00,3790
3325.000,3325.000,20.00,3797
3330.000,3330.000,20.00,1692
3335.000,3335.000,20.00,2300
3340.000,3340.000,20.00,2743
3345.000,3345.000,20.00,2403
3350.000,3350.000,20.00,2633
3355.000,3355.000,20.00,2292
3360.000,3360.000,20.00,1728
3365.000,3365.000,20.00,2465
3370.000,3370.000,20.00,2129
3375.000,3375.000,20.00,2150
3380.000,3380.000,20.00,2831
3385.000,3385.000,20.00,2435
3390.000,3390.000,20.00,2588
3395.000,3395.000,20.00,2567
3400.000,3400.000,20.00,2921
3405.000,3405.000,20.00,2472
3410.000,3410.000,20.00,2535
3415.000,3415.000,20.00,2713
3420.000,3420.000,20.00,1782
3425.000,3425.000,20.00,1589
3430.000,3430.000,20.00,1309
3435.000,3435.000,20.00,1191
3440.000,3440.000,20.00,1226
3445.000,3445.000,20.00,1298
3450.000,3450.000,20.00,2219
3455.000,3455.000,20.00,1592
3460.000,3460.000,20.00,1687
3465.000,3465.000,20.00,1617
3470.000,3470.000,20.00,1902
3475.000,3475.000,20.00,1529
3480.000,3480.000,20.00,2377
3485.000,3485.000,20.00,2284
3490.000,3490.000,20.00,2938
3495.000,3495.000,20.00,1487
3500.000,3500.000,20.00,1948
3505.000,3505.000,20.00,2331
3510.000,3510.000,20.00,3765
3515.000,3515.000,20.00,3763
3520.000,3520.000,20.00,3765
3525.000,3525.000,20.00,3765
3530.000,3530.000,20.00,3765
3535.000,3535.000,20.00,3719
3540.000,3540.000,20.00,3774
3545.000,3545.000,20.00,3735
3550.000,3550.000,20.00,3816
3555.000,3555.000,20.00,3774
3560.000,3560.000,20.00,3774
3565.000,3565.000,20.00,3774
3570.000,3570.000,20.00,3823
3575.000,3575.000,20.00,3758
3580.000,3580.000,20.00,3790
3585.000,3585.000,20.00,3776
3590.000,3590.000,20.00,3774
3595.000,3595.000,20.00,3695
3600.000,3600.000,20.00,3765
3605.000,3605.000,20.00,3765
3610.000,3610.000,20.00,3717
3615.000,3615.000,20.00,3811
3620.000,3620.000,20.00,3765
3625.000,3625.000,20.00,3765
3630.000,3630.000,20.00,3786
3635.000,3635.000,20.00,3786
3640.000,3640.000,20.00,3774
3645.000,3645.000,20.00,3739
3650.000,3650.000,20.00,3783
3655.000,3655.000,20.00,3767
3660.000,3660.000,20.00,2087
3665.000,3665.000,20.00,2407
3670.000,3670.000,20.00,2034
3675.000,3675.000,20.00,2162
3680.000,3680.000,20.00,2479
3685.000,3685.000,20.00,2773
3690.000,3690.000,20.00,2340
3695.000,3695.000,20.00,2722
3700.000,3700.000,20.00,2734
3705.000,3705.000,20.00,2525
3710.000,3710.000,20.00,2720
3715.000,3715.000,20.00,2678
3720.000,3720.000,20.00,1814
3725.000,3725.000,20.00,1677
3730.000,3730.000,20.00,2211
3735.000,3735.000,20.00,2294
3740.000,3740.000,20.00,1839
3745.000,3745.000,20.00,2887
3750.000,3750.000,20.00,1786
3755.000,3755.000,20.00,1805
3760.000,3760.000,20.00,1793
3765.000,3765.000,20.00,2345
3770.000,3770.000,20.00,2437
3775.000,3775.000,20.00,2460
3780.000,3780.000,20.00,1994
3785.000,3785.000,20.00,2375
3790.000,3790.000,20.00,2044
3795.000,3795.000,20.00,2778
3800.000,3800.000,20.00,2338
3805.000,3805.000,20.00,1832
3810.000,3810.000,20.00,2504
3815.000,3815.000,20.00,3158
3820.000,3820.000,20.00,2231
3825.000,3825.000,20.00,1918
3830.000,3830.000,20.00,1506
3835.000,3835.000,20.00,2782
3840.000,3840.000,20.00,1891
3845.000,3845.000,20.00,1911
3850.000,3850.000,20.00,1889
3855.000,3855.000,20.00,1976
3860.000,3860.000,20.00,1963
3865.000,3865.000,20.00,1508
3870.000,3870.000,20.00,3774
3875.000,3875.000,20.00,3774
3880.000,3880.000,20.00,3422
3885.000,3885.000,20.00,2982
3890.000,3890.000,20.00,2481
3895.000,3895.000,20.00,1765
3900.000,3900.000,20.00,2729
3905.000,3905.000,20.00,2718
3910.000,3910.000,20.00,2559
3915.000,3915.000,20.00,2561
3920.000,3920.000,20.00,2176
3925.000,3925.000,20.00,2762
3930.000,3930.000,20.00,2266
3935.000,3935.000,20.00,1779
3940.000,3940.000,20.00,1960
3945.000,3945.000,20.00,1480
3950.000,3950.000,20.00,2236
3955.000,3955.000,20.00,2129
3960.000,3960.000,20.00,3774
3965.000,3965.000,20.00,3776
3970.000,3970.000,20.00,3774
3975.000,3975.000,20.00,3718
3980.000,3980.000,20.00,3779
3985.000,3985.000,20.00,3797
3990.000,3990.000,20.00,3765
3995.000,3995.000,20.00,3763
4000.000,4000.000,20.00,3765
4005.000,4005.000,20.00,3765
4010.000,4010.000,20.00,3763
4015.000,4015.000,20.00,3660
4020.000,4020.000,20.00,3774
4025.000,4025.000,20.00,3774
4030.000,4030.000,20.00,3774
4035.000,4035.000,20.00,3774
4040.000,4040.000,20.00,3760
4045.000,4045.000,20.00,3790
4050.000,4050.000,20.00,3765
4055.000,4055.000,20.00,3765
4060.000,4060.000,20.00,3763
4065.000,4065.000,20.00,3765
4070.000,4070.000,20.00,3743
4075.000,4075.000,20.00,3760
4080.000,4080.000,20.00,3774
4085.000,4085.000,20.00,3776
4090.000,4090.000,20.00,3732
4095.000,4095.000,20.00,3818
4100.000,4100.000,20.00,3776
4105.000,4105.000,20.00,3774
4110.000,4110.000,20.00,3776
4115.000,4115.000,20.00,3751
4120.000,4120.000,20.00,3797
4125.000,4125.000,20.00,3774
4130.000,4130.000,20.00,3774
4135.000,4135.000,20.00,3776
4140.000,4140.000,20.00,3765
4145.000,4145.000,20.00,3765
4150.000,4150.000,20.00,3765
4155.000,4155.000,20.00,3747
4160.000,4160.000,20.00,3782
4165.000,4165.000,20.00,3765
4170.000,4170.000,20.00,3776
4175.000,4175.000,20.00,3774
4180.000,4180.000,20.00,3774
4185.000,4185.000,20.00,3774
4190.000,4190.000,20.00,3774
4195.000,4195.000,20.00,3732
4200.000,4200.000,20.00,1081
4205.000,4205.000,20.00,1388
4210.000,4210.000,20.00,1189
4215.000,4215.000,20.00,1718
4220.000,4220.000,20.00,1442
4225.000,4225.000,20.00,1059
4230.000,4230.000,20.00,2528
4235.000,4235.000,20.00,2090
4240.000,4240.000,20.00,2799
4245.000,4245.000,20.00,2498
4250.000,4250.000,20.00,2685
4255.000,4255.000,20.00,2604
4260.000,4260.000,20.00,3779
4265.000,4265.000,20.00,3776
4270.000,4270.000,20.00,3774
4275.000,4275.000,20.00,3772
4280.000,4280.000,20.00,3774
4285.000,4285.000,20.00,3774
4290.000,4290.000,20.00,2926
4295.000,4295.000,20.00,3099
4300.000,4300.000,20.00,3060
4305.000,4305.000,20.00,3180
4310.000,4310.000,20.00,2541
4315.000,4315.000,20.00,3097
4320.000,4320.000,20.00,3060
4325.000,4325.000,20.00,2926
4330.000,4330.000,20.00,2938
4335.000,4335.000,20.00,3047
4340.000,4340.000,20.00,3204
4345.000,4345.000,20.00,2891
4350.000,4350.000,20.00,2912
4355.000,4355.000,20.00,2275
4360.000,4360.000,20.00,3084
4365.000,4365.000,20.00,2871
4370.000,4370.000,20.00,2407
4375.000,4375.000,20.00,2678
4380.000,4380.000,20.00,2482
4385.000,4385.000,20.00,3180
4390.000,4390.000,20.00,2508
4395.000,4395.000,20.00,2613
4400.000,4400.000,20.00,2953
4405.000,4405.000,20.00,2905
4410.000,4410.000,20.00,2738
4415.000,4415.000,20.00,3179
4420.000,4420.000,20.00,2681
4425.000,4425.000,20.00,2708
4430.000,4430.000,20.00,2685
4435.000,4435.000,20.00,3033
4440.000,4440.000,20.00,2903
4445.000,4445.000,20.00,2745
4450.000,4450.000,20.00,2574
4455.000,4455.000,20.00,2319
4460.000,4460.000,20.00,2873
4465.000,4465.000,20.00,3035
4470.000,4470.000,20.00,2399
4475.000,4475.000,20.00,2557
4480.000,4480.000,20.00,2640
4485.000,4485.000,20.00,2819
4490.000,4490.000,20.00,2870
4495.000,4495.000,20.00,2734
4500.000,4500.000,20.00,2935
4505.000,4505.000,20.00,2938
4510.000,4510.000,20.00,2908
4515.000,4515.000,20.00,2748
4520.000,4520.000,20.00,2940
4525.000,4525.000,20.00,2826
4530.000,4530.000,20.00,2525
4535.000,4535.000,20.00,2648
4540.000,4540.000,20.00,3350
4545.000,4545.000,20.00,2824
4550.000,4550.000,20.00,2500
4555.000,4555.000,20.00,2676
4560.000,4560.000,20.00,2224
4565.000,4565.000,20.00,1836
4570.000,4570.000,20.00,2298
4575.000,4575.000,20.00,2379
4580.000,4580.000,20.00,2204
4585.000,4585.000,20.00,2075
4590.000,4590.000,20.00,2518
4595.000,4595.000,20.00,2426
4600.000,4600.000,20.00,2048
4605.000,4605.000,20.00,2609
4610.000,4610.000,20.00,2481
4615.000,4615.000,20.00,2050
4620.000,4620.000,20.00,2972
4625.000,4625.000,20.00,1902
4630.000,4630.000,20.00,1946
4635.000,4635.000,20.00,2004
4640.000,4640.000,20.00,2213
4645.000,4645.000,20.00,2264
4650.000,4650.000,20.00,3765
4655.000,4655.000,20.00,3723
4660.000,4660.000,20.00,3806
4665.000,4665.000,20.00,3765
4670.000,4670.000,20.00,3763
4675.000,4675.000,20.00,3747
4680.000,4680.000,20.00,3776
4685.000,4685.000,20.00,3772
4690.000,4690.000,20.00,3776
4695.000,4695.000,20.00,3774
4700.000,4700.000,20.00,3774
4705.000,4705.000,20.00,3774
4710.000,4710.000,20.00,1754
4715.000,4715.000,20.00,1677
4720.000,4720.000,20.00,1884
4725.000,4725.000,20.00,1974
4730.000,4730.000,20.00,1610
4735.000,4735.000,20.00,1608
4740.000,4740.000,20.00,3725
4745.000,4745.000,20.00,3823
4750.000,4750.000,20.00,3774
4755.000,4755.000,20.00,3774
4760.000,4760.000,20.00,3774
4765.000,4765.000,20.00,3776
4770.000,4770.000,20.00,3774
4775.000,4775.000,20.00,3774
4780.000,4780.000,20.00,3774
4785.000,4785.000,20.00,3774
4790.000,4790.000,20.00,3774
4795.000,4795.000,20.00,3760
4800.000,4800.000,20.00,1643
4805.000,4805.000,20.00,1979
4810.000,4810.000,20.00,2152
4815.000,4815.000,20.00,2643
4820.000,4820.000,20.00,2456
4825.000,4825.000,20.00,2178
4830.000,4830.000,20.00,1837
4835.000,4835.000,20.00,1689
4840.000,4840.000,20.00,2041
4845.000,4845.000,20.00,1761
4850.000,4850.000,20.00,1874
4855.000,4855.000,20.00,1775
4860.000,4860.000,20.00,2292
4865.000,4865.000,20.00,2338
4870.000,4870.000,20.00,1493
4875.000,4875.000,20.00,1937
4880.000,4880.000,20.00,1935
4885.000,4885.000,20.00,2447
4890.000,4890.000,20.00,3806
4895.000,4895.000,20.00,3776
4900.000,4900.000,20.00,3774
4905.000,4905.000,20.00,3774
4910.000,4910.000,20.00,3762
4915.000,4915.000,20.00,3776
4920.000,4920.000,20.00,2437
4925.000,4925.000,20.00,2097
4930.000,4930.000,20.00,1782
4935.000,4935.000,20.00,2157
4940.000,4940.000,20.00,1985
4945.000,4945.000,20.00,1941
4950.000,4950.000,20.00,2020
4955.000,4955.000,20.00,2189
4960.000,4960.000,20.00,2759
4965.000,4965.000,20.00,1779
4970.000,4970.000,20.00,2511
4975.000,4975.000,20.00,1798
4980.000,4980.000,20.00,2412
4985.000,4985.000,20.00,2076
4990.000,4990.000,20.00,2319
4995.000,4995.000,20.00,2393
5000.000,5000.000,20.00,2231
5005.000,5005.000,20.00,2326
5010.000,5010.000,20.00,1937
5015.000,5015.000,20.00,2456
5020.000,5020.000,20.00,1773
5025.000,5025.000,20.00,2276
5030.000,5030.000,20.00,2592
5035.000,5035.000,20.00,2149
5040.000,5040.000,20.00,2296
5045.000,5045.000,20.00,2405
5050.000,5050.000,20.00,2219
5055.000,5055.000,20.00,2062
5060.000,5060.000,20.00,1925
5065.000,5065.000,20.00,2266
5070.000,5070.000,20.00,2118
5075.000,5075.000,20.00,1568
5080.000,5080.000,20.00,1647
5085.000,5085.000,20.00,1652
5090.000,5090.000,20.00,1777
5095.000,5095.000,20.00,2034
5100.000,5100.000,20.00,1937
5105.000,5105.000,20.00,2073
5110.000,5110.000,20.00,2725
5115.000,5115.000,20.00,1915
5120.000,5120.000,20.00,1607
5125.000,5125.000,20.00,2600
5130.000,5130.000,20.00,2794
5135.000,5135.000,20.00,2372
5140.000,5140.000,20.00,2472
5145.000,5145.000,20.00,2400
5150.000,5150.000,20.00,2226
5155.000,5155.000,20.00,2382
5160.000,5160.000,20.00,2725
5165.000,5165.000,20.00,2852
5170.000,5170.000,20.00,3010
5175.000,5175.000,20.00,2328
5180.000,5180.000,20.00,3093
5185.000,5185.000,20.00,2843
5190.000,5190.000,20.00,3774
5195.000,5195.000,20.00,3776
5200.000,5200.000,20.00,3774
5205.000,5205.000,20.00,3772
5210.000,5210.000,20.00,3767
5215.000,5215.000,20.00,3746
5220.000,5220.000,20.00,1779
5225.000,5225.000,20.00,1821
5230.000,5230.000,20.00,1628
5235.000,5235.000,20.00,1742
5240.000,5240.000,20.00,1992
5245.000,5245.000,20.00,1825
5250.000,5250.000,20.00,2910
5255.000,5255.000,20.00,2157
5260.000,5260.000,20.00,2500
5265.000,5265.000,20.00,1999
5270.000,5270.000,20.00,2530
5275.000,5275.000,20.00,2310
5280.000,5280.000,20.00,2653
5285.000,5285.000,20.00,2543
5290.000,5290.000,20.00,2953
5295.000,5295.000,20.00,2554
5300.000,5300.000,20.00,2322
5305.000,5305.000,20.00,2281
5310.000,5310.000,20.00,2778
5315.000,5315.000,20.00,2449
5320.000,5320.000,20.00,2935
5325.000,5325.000,20.00,2544
5330.000,5330.000,20.00,2921
5335.000,5335.000,20.00,2831
5340.000,5340.000,20.00,1293
5345.000,5345.000,20.00,2877
5350.000,5350.000,20.00,2727
5355.000,5355.000,20.00,3241
5360.000,5360.000,20.00,2317
5365.000,5365.000,20.00,2947
5370.000,5370.000,20.00,3800
5375.000,5375.000,20.00,3763
5380.000,5380.000,20.00,3765
5385.000,5385.000,20.00,3765
5390.000,5390.000,20.00,3760
5395.000,5395.000,20.00,3765
5400.000,5400.000,20.00,3760
5405.000,5405.000,20.00,3774
5410.000,5410.000,20.00,3774
5415.000,5415.000,20.00,3774
5420.000,5420.000,20.00,3776
5425.000,5425.000,20.00,3093
5430.000,5430.000,20.00,2240
5435.000,5435.000,20.00,2623
5440.000,5440.000,20.00,2657
5445.000,5445.000,20.00,2275
5450.000,5450.000,20.00,2599
5455.000,5455.000,20.00,2604
5460.000,5460.000,20.00,2235
5465.000,5465.000,20.00,2379
5470.000,5470.000,20.00,1626
5475.000,5475.000,20.00,2327
5480.000,5480.000,20.00,2668
5485.000,5485.000,20.00,2193
5490.000,5490.000,20.00,2662
5495.000,5495.000,20.00,1939
5500.000,5500.000,20.00,2046
5505.000,5505.000,20.00,2416
5510.000,5510.000,20.00,2602
5515.000,5515.000,20.00,1840
5520.000,5520.000,20.00,3774
5525.000,5525.000,20.00,3765
5530.000,5530.000,20.00,3774
5535.000,5535.000,20.00,3776
5540.000,5540.000,20.00,3774
5545.000,5545.000,20.00,3774
5550.000,5550.000,20.00,2408
5555.000,5555.000,20.00,1766
5560.000,5560.000,20.00,1543
5565.000,5565.000,20.00,2079
5570.000,5570.000,20.00,2679
5575.000,5575.000,20.00,2416
5580.000,5580.000,20.00,2396
5585.000,5585.000,20.00,2384
5590.000,5590.000,20.00,2474
5595.000,5595.000,20.00,2653
5600.000,5600.000,20.00,1691
5605.000,5605.000,20.00,1365
5610.000,5610.000,20.00,2597
5615.000,5615.000,20.00,2776
5620.000,5620.000,20.00,2697
5625.000,5625.000,20.00,2801
5630.000,5630.000,20.00,2773
5635.000,5635.000,20.00,2942
5640.000,5640.000,20.00,2204
5645.000,5645.000,20.00,2252
5650.000,5650.000,20.00,2305
5655.000,5655.000,20.00,2252
5660.000,5660.000,20.00,3447
5665.000,5665.000,20.00,2723
5670.000,5670.000,20.00,2493
5675.000,5675.000,20.00,2748
5680.000,5680.000,20.00,2521
5685.000,5685.000,20.00,2467
5690.000,5690.000,20.00,2463
5695.000,5695.000,20.00,2319
5700.000,5700.000,20.00,3776
5705.000,5705.000,20.00,3776
5710.000,5710.000,20.00,3776
5715.000,5715.000,20.00,3776
5720.000,5720.000,20.00,3793
5725.000,5725.000,20.00,3786
5730.000,5730.000,20.00,3758
5735.000,5735.000,20.00,3769
5740.000,5740.000,20.00,3763
5745.000,5745.000,20.00,3765
5750.000,5750.000,20.00,3763
5755.000,5755.000,20.00,3765
5760.000,5760.000,20.00,3769
5765.000,5765.000,20.00,3781
5770.000,5770.000,20.00,3774
5775.000,5775.000,20.00,3776
5780.000,5780.000,20.00,3742
5785.000,5785.000,20.00,3807
5790.000,5790.000,20.00,3774
5795.000,5795.000,20.00,3774
5800.000,5800.000,20.00,3776
5805.000,5805.000,20.00,3772
5810.000,5810.000,20.00,3762
5815.000,5815.000,20.00,3756
5820.000,5820.000,20.00,2215
5825.000,5825.000,20.00,2581
5830.000,5830.000,20.00,2766
5835.000,5835.000,20.00,2479
5840.000,5840.000,20.00,2639
5845.000,5845.000,20.00,2553
5850.000,5850.000,20.00,2782
5855.000,5855.000,20.00,2810
5860.000,5860.000,20.00,3040
5865.000,5865.000,20.00,3082
5870.000,5870.000,20.00,2922
5875.000,5875.000,20.00,2937
5880.000,5880.000,20.00,3776
5885.000,5885.000,20.00,3774
5890.000,5890.000,20.00,3760
5895.000,5895.000,20.00,3788
5900.000,5900.000,20.00,3774
5905.000,5905.000,20.00,3776
5910.000,5910.000,20.00,3045
5915.000,5915.000,20.00,2935
5920.000,5920.000,20.00,2307
5925.000,5925.000,20.00,2064
5930.000,5930.000,20.00,1278
5935.000,5935.000,20.00,1108
5940.000,5940.000,20.00,2826
5945.000,5945.000,20.00,3519
5950.000,5950.000,20.00,3343
5955.000,5955.000,20.00,3552
5960.000,5960.000,20.00,2852
5965.000,5965.000,20.00,3433
5970.000,5970.000,20.00,3767
5975.000,5975.000,20.00,3763
5980.000,5980.000,20.00,3765
5985.000,5985.000,20.00,3765
5990.000,5990.000,20.00,3763
5995.000,5995.000,20.00,3728
6000.000,6000.000,20.00,3774
6005.000,6005.000,20.00,3742
6010.000,6010.000,20.00,3807
6015.000,6015.000,20.00,3732
6020.000,6020.000,20.00,3818
6025.000,6025.000,20.00,3774
6030.000,6030.000,20.00,3760
6035.000,6035.000,20.00,3767
6040.000,6040.000,20.00,3765
6045.000,6045.000,20.00,3765
6050.000,6050.000,20.00,3763
6055.000,6055.000,20.00,3765
6060.000,6060.000,20.00,3755
6065.000,6065.000,20.00,3793
6070.000,6070.000,20.00,3776
6075.000,6075.000,20.00,3774
6080.000,6080.000,20.00,3776
6085.000,6085.000,20.00,3774
6090.000,6090.000,20.00,1793
6095.000,6095.000,20.00,2423
6100.000,6100.000,20.00,2521
6105.000,6105.000,20.00,2386
6110.000,6110.000,20.00,2155
6115.000,6115.000,20.00,2060
6120.000,6120.000,20.00,3754
6125.000,6125.000,20.00,3763
6130.000,6130.000,20.00,3765
6135.000,6135.000,20.00,3765
6140.000,6140.000,20.00,3765
6145.000,6145.000,20.00,3697
6150.000,6150.000,20.00,3774
6155.000,6155.000,20.00,3774
6160.000,6160.000,20.00,3774
6165.000,6165.000,20.00,3774
6170.000,6170.000,20.00,3721
6175.000,6175.000,20.00,3827
6180.000,6180.000,20.00,1728
6185.000,6185.000,20.00,2120
6190.000,6190.000,20.00,2305
6195.000,6195.000,20.00,2449
6200.000,6200.000,20.00,2080
6205.000,6205.000,20.00,1599
6210.000,6210.000,20.00,3795
6215.000,6215.000,20.00,3774
6220.000,6220.000,20.00,3774
6225.000,6225.000,20.00,3774
6230.000,6230.000,20.00,3774
6235.000,6235.000,20.00,3776
6240.000,6240.000,20.00,3745
6245.000,6245.000,20.00,3782
6250.000,6250.000,20.00,3763
6255.000,6255.000,20.00,3765
6260.000,6260.000,20.00,3765
6265.000,6265.000,20.00,3763
6270.000,6270.000,20.00,3776
6275.000,6275.000,20.00,3774
6280.000,6280.000,20.00,3774
6285.000,6285.000,20.00,3774
6290.000,6290.000,20.00,3776
6295.000,6295.000,20.00,3774
6300.000,6300.000,20.00,3774
6305.000,6305.000,20.00,3774
6310.000,6310.000,20.00,3774
6315.000,6315.000,20.00,3774
6320.000,6320.000,20.00,3776
6325.000,6325.000,20.00,3774
6330.000,6330.000,20.00,2799
6335.000,6335.000,20.00,2548
6340.000,6340.000,20.00,2787
6345.000,6345.000,20.00,2043
6350.000,6350.000,20.00,2750
6355.000,6355.000,20.00,3044
6360.000,6360.000,20.00,2491
6365.000,6365.000,20.00,2600
6370.000,6370.000,20.00,2592
6375.000,6375.000,20.00,1508
6380.000,6380.000,20.00,2134
6385.000,6385.000,20.00,1576
6390.000,6390.000,20.00,2261
6395.000,6395.000,20.00,2036
6400.000,6400.000,20.00,2820
6405.000,6405.000,20.00,2083
6410.000,6410.000,20.00,1460
6415.000,6415.000,20.00,1513
6420.000,6420.000,20.00,1740
6425.000,6425.000,20.00,2062
6430.000,6430.000,20.00,2465
6435.000,6435.000,20.00,2898
6440.000,6440.000,20.00,2554
6445.000,6445.000,20.00,2563
6450.000,6450.000,20.00,3762
6455.000,6455.000,20.00,3772
6460.000,6460.000,20.00,3772
6465.000,6465.000,20.00,3769
6470.000,6470.000,20.00,3767
6475.000,6475.000,20.00,3776
6480.000,6480.000,20.00,3774
6485.000,6485.000,20.00,3725
6490.000,6490.000,20.00,3825
6495.000,6495.000,20.00,3774
6500.000,6500.000,20.00,3728
6505.000,6505.000,20.00,3820
6510.000,6510.000,20.00,3762
6515.000,6515.000,20.00,3765
6520.000,6520.000,20.00,3765
6525.000,6525.000,20.00,3743
6530.000,6530.000,20.00,3787
6535.000,6535.000,20.00,3765
6540.000,6540.000,20.00,3774
6545.000,6545.000,20.00,3774
6550.000,6550.000,20.00,3774
6555.000,6555.000,20.00,3776
6560.000,6560.000,20.00,3774
6565.000,6565.000,20.00,3702
6570.000,6570.000,20.00,3774
6575.000,6575.000,20.00,3774
6580.000,6580.000,20.00,3758
6585.000,6585.000,20.00,3793
6590.000,6590.000,20.00,3774
6595.000,6595.000,20.00,3774
6600.000,6600.000,20.00,2106
6605.000,6605.000,20.00,2032
6610.000,6610.000,20.00,2377
6615.000,6615.000,20.00,1816
6620.000,6620.000,20.00,2275
6625.000,6625.000,20.00,1745
6630.000,6630.000,20.00,2667
6635.000,6635.000,20.00,2389
6640.000,6640.000,20.00,2535
6645.000,6645.000,20.00,2639
6650.000,6650.000,20.00,2356
6655.000,6655.000,20.00,2664
6660.000,6660.000,20.00,2553
6665.000,6665.000,20.00,1742
6670.000,6670.000,20.00,2363
6675.000,6675.000,20.00,2458
6680.000,6680.000,20.00,1673
6685.000,6685.000,20.00,2623
6690.000,6690.000,20.00,2169
6695.000,6695.000,20.00,2340
6700.000,6700.000,20.00,1880
6705.000,6705.000,20.00,2268
6710.000,6710.000,20.00,2721
6715.000,6715.000,20.00,2335
6720.000,6720.000,20.00,2504
6725.000,6725.000,20.00,2078
6730.000,6730.000,20.00,1770
6735.000,6735.000,20.00,2287
6740.000,6740.000,20.00,2548
6745.000,6745.000,20.00,2479
6750.000,6750.000,20.00,2639
6755.000,6755.000,20.00,2018
6760.000,6760.000,20.00,2294
6765.000,6765.000,20.00,2861
6770.000,6770.000,20.00,2850
6775.000,6775.000,20.00,2196
6780.000,6780.000,20.00,2438
6785.000,6785.000,20.00,2263
6790.000,6790.000,20.00,1878
6795.000,6795.000,20.00,2327
6800.000,6800.000,20.00,2594
6805.000,6805.000,20.00,2208
6810.000,6810.000,20.00,2266
6815.000,6815.000,20.00,2599
6820.000,6820.000,20.00,2166
6825.000,6825.000,20.00,2456
6830.000,6830.000,20.00,2639
6835.000,6835.000,20.00,2057
6840.000,6840.000,20.00,3762
6845.000,6845.000,20.00,3765
6850.000,6850.000,20.00,3763
6855.000,6855.000,20.00,3765
6860.000,6860.000,20.00,3763
6865.000,6865.000,20.00,3754
6870.000,6870.000,20.00,2945
6875.000,6875.000,20.00,2264
6880.000,6880.000,20.00,2609
6885.000,6885.000,20.00,2590
6890.000,6890.000,20.00,2319
6895.000,6895.000,20.00,2704
6900.000,6900.000,20.00,2926
6905.000,6905.000,20.00,1442
6910.000,6910.000,20.00,2585
6915.000,6915.000,20.00,1913
6920.000,6920.000,20.00,2395
6925.000,6925.000,20.00,1933
6930.000,6930.000,20.00,3051
6935.000,6935.000,20.00,2840
6940.000,6940.000,20.00,3250
6945.000,6945.000,20.00,2924
6950.000,6950.000,20.00,2912
6955.000,6955.000,20.00,3075
6960.000,6960.000,20.00,3774
6965.000,6965.000,20.00,3772
6970.000,6970.000,20.00,3774
6975.000,6975.000,20.00,3765
6980.000,6980.000,20.00,3783
6985.000,6985.000,20.00,3774
6990.000,6990.000,20.00,2591
6995.000,6995.000,20.00,1751
7000.000,7000.000,20.00,2653
7005.000,7005.000,20.00,1780
7010.000,7010.000,20.00,2449
7015.000,7015.000,20.00,1904
7020.000,7020.000,20.00,1860
7025.000,7025.000,20.00,2382
7030.000,7030.000,20.00,1939
7035.000,7035.000,20.00,2500
7040.000,7040.000,20.00,2692
7045.000,7045.000,20.00,1650
7050.000,7050.000,20.00,3774
7055.000,7055.000,20.00,3774
7060.000,7060.000,20.00,3776
7065.000,7065.000,20.00,3774
7070.000,7070.000,20.00,3774
7075.000,7075.000,20.00,3776
7080.000,7080.000,20.00,2246
7085.000,7085.000,20.00,2257
7090.000,7090.000,20.00,2250
7095.000,7095.000,20.00,2644
7100.000,7100.000,20.00,2053
7105.000,7105.000,20.00,1858
7110.000,7110.000,20.00,1696
7115.000,7115.000,20.00,2477
7120.000,7120.000,20.00,2324
7125.000,7125.000,20.00,2013
7130.000,7130.000,20.00,2535
7135.000,7135.000,20.00,2236
7140.000,7140.000,20.00,1735
7145.000,7145.000,20.00,2087
7150.000,7150.000,20.00,2349
7155.000,7155.000,20.00,1735
7160.000,7160.000,20.00,1763
7165.000,7165.000,20.00,1916
7170.000,7170.000,20.00,1615
7175.000,7175.000,20.00,1810
7180.000,7180.000,20.00,2300
7185.000,7185.000,20.00,1532
7190.000,7190.000,20.00,1955
7195.000,7195.000,20.00,1307
7200.000,7200.000,20.00,1612
7205.000,7205.000,20.00,1784
7210.000,7210.000,20.00,1397
7215.000,7215.000,20.00,917
7220.000,7220.000,20.00,966
7225.000,7225.000,20.00,1017
7230.000,7230.000,20.00,2106
7235.000,7235.000,20.00,2359
7240.000,7240.000,20.00,2053
7245.000,7245.000,20.00,1895
7250.000,7250.000,20.00,2368
7255.000,7255.000,20.00,1404
7260.000,7260.000,20.00,3721
7265.000,7265.000,20.00,3780
7270.000,7270.000,20.00,3741
7275.000,7275.000,20.00,3780
7280.000,7280.000,20.00,3765
7285.000,7285.000,20.00,3765
7290.000,7290.000,20.00,3765
7295.000,7295.000,20.00,3783
7300.000,7300.000,20.00,3774
7305.000,7305.000,20.00,3776
7310.000,7310.000,20.00,3774
7315.000,7315.000,20.00,3769
7320.000,7320.000,20.00,3774
7325.000,7325.000,20.00,3774
7330.000,7330.000,20.00,3774
7335.000,7335.000,20.00,3776
7340.000,7340.000,20.00,3774
7345.000,7345.000,20.00,3774
7350.000,7350.000,20.00,3762
7355.000,7355.000,20.00,3677
7360.000,7360.000,20.00,3852
7365.000,7365.000,20.00,3765
7370.000,7370.000,20.00,3730
7375.000,7375.000,20.00,3771
7380.000,7380.000,20.00,3732
7385.000,7385.000,20.00,3795
7390.000,7390.000,20.00,3774
7395.000,7395.000,20.00,3776
7400.000,7400.000,20.00,3774
7405.000,7405.000,20.00,3774
7410.000,7410.000,20.00,2237
7415.000,7415.000,20.00,2138
7420.000,7420.000,20.00,2609
7425.000,7425.000,20.00,2585
7430.000,7430.000,20.00,2403
7435.000,7435.000,20.00,2782
7440.000,7440.000,20.00,3053
7445.000,7445.000,20.00,1754
7450.000,7450.000,20.00,2131
7455.000,7455.000,20.00,1916
7460.000,7460.000,20.00,1480
7465.000,7465.000,20.00,2087
7470.000,7470.000,20.00,1506
7475.000,7475.000,20.00,2090
7480.000,7480.000,20.00,3005
7485.000,7485.000,20.00,2432
7490.000,7490.000,20.00,2782
7495.000,7495.000,20.00,2318
7500.000,7500.000,20.00,2609
7505.000,7505.000,20.00,2590
7510.000,7510.000,20.00,1990
7515.000,7515.000,20.00,2451
7520.000,7520.000,20.00,2333
7525.000,7525.000,20.00,2449
7530.000,7530.000,20.00,2986
7535.000,7535.000,20.00,3130
7540.000,7540.000,20.00,2734
7545.000,7545.000,20.00,3216
7550.000,7550.000,20.00,2801
7555.000,7555.000,20.00,2678
7560.000,7560.000,20.00,2526
7565.000,7565.000,20.00,3169
7570.000,7570.000,20.00,2729
7575.000,7575.000,20.00,3763
7580.000,7580.000,20.00,3765
7585.000,7585.000,20.00,3706
7590.000,7590.000,20.00,3772
7595.000,7595.000,20.00,3774
7600.000,7600.000,20.00,3776
7605.000,7605.000,20.00,3774
7610.000,7610.000,20.00,3774
7615.000,7615.000,20.00,3774
7620.000,7620.000,20.00,3774
7625.000,7625.000,20.00,3774
7630.000,7630.000,20.00,3776
7635.000,7635.000,20.00,3774
7640.000,7640.000,20.00,3774
7645.000,7645.000,20.00,3774
7650.000,7650.000,20.00,3774
7655.000,7655.000,20.00,3774
7660.000,7660.000,20.00,3774
7665.000,7665.000,20.00,3758
7670.000,7670.000,20.00,3790
7675.000,7675.000,20.00,3774
7680.000,7680.000,20.00,3774
7685.000,7685.000,20.00,3774
7690.000,7690.000,20.00,3776
7695.000,7695.000,20.00,3737
7700.000,7700.000,20.00,3811
7705.000,7705.000,20.00,3776
7710.000,7710.000,20.00,3762
7715.000,7715.000,20.00,3765
7720.000,7720.000,20.00,3765
7725.000,7725.000,20.00,3763
7730.000,7730.000,20.00,3765
7735.000,7735.000,20.00,3765
7740.000,7740.000,20.00,3774
7745.000,7745.000,20.00,3776
7750.000,7750.000,20.00,3774
7755.000,7755.000,20.00,3774
7760.000,7760.000,20.00,3774
7765.000,7765.000,20.00,3758
7770.000,7770.000,20.00,3765
7775.000,7775.000,20.00,3774
7780.000,7780.000,20.00,3765
7785.000,7785.000,20.00,3786
7790.000,7790.000,20.00,3776
7795.000,7795.000,20.00,3774
7800.000,7800.000,20.00,3769
7805.000,7805.000,20.00,3779
7810.000,7810.000,20.00,3774
7815.000,7815.000,20.00,3774
7820.000,7820.000,20.00,3751
7825.000,7825.000,20.00,3800
7830.000,7830.000,20.00,3816
7835.000,7835.000,20.00,3774
7840.000,7840.000,20.00,3345
7845.000,7845.000,20.00,3739
7850.000,7850.000,20.00,3809
7855.000,7855.000,20.00,3111
7860.000,7860.000,20.00,3762
7865.000,7865.000,20.00,3765
7870.000,7870.000,20.00,3765
7875.000,7875.000,20.00,3763
7880.000,7880.000,20.00,3730
7885.000,7885.000,20.00,3798
7890.000,7890.000,20.00,3774
7895.000,7895.000,20.00,3774
7900.000,7900.000,20.00,3774
7905.000,7905.000,20.00,3774
7910.000,7910.000,20.00,3774
7915.000,7915.000,20.00,3774
7920.000,7920.000,20.00,2819
7925.000,7925.000,20.00,2690
7930.000,7930.000,20.00,2758
7935.000,7935.000,20.00,2071
7940.000,7940.000,20.00,1970
7945.000,7945.000,20.00,2668
7950.000,7950.000,20.00,2444
7955.000,7955.000,20.00,2444
7960.000,7960.000,20.00,2414
7965.000,7965.000,20.00,2940
7970.000,7970.000,20.00,3197
7975.000,7975.000,20.00,3223
7980.000,7980.000,20.00,3009
7985.000,7985.000,20.00,3012
7990.000,7990.000,20.00,3072
7995.000,7995.000,20.00,3056
8000.000,8000.000,20.00,2586
8005.000,8005.000,20.00,2574
8010.000,8010.000,20.00,3774
8015.000,8015.000,20.00,3774
8020.000,8020.000,20.00,3774
8025.000,8025.000,20.00,3776
8030.000,8030.000,20.00,3772
8035.000,8035.000,20.00,3765
8040.000,8040.000,20.00,3465
8045.000,8045.000,20.00,2710
8050.000,8050.000,20.00,3023
8055.000,8055.000,20.00,2664
8060.000,8060.000,20.00,3397
8065.000,8065.000,20.00,3765
8070.000,8070.000,20.00,3774
8075.000,8075.000,20.00,3774
8080.000,8080.000,20.00,3767
8085.000,8085.000,20.00,3769
8090.000,8090.000,20.00,3758
8095.000,8095.000,20.00,3772
8100.000,8100.000,20.00,3776
8105.000,8105.000,20.00,3758
8110.000,8110.000,20.00,3790
8115.000,8115.000,20.00,3774
8120.000,8120.000,20.00,3774
8125.000,8125.000,20.00,3765
8130.000,8130.000,20.00,2845
8135.000,8135.000,20.00,2762
8140.000,8140.000,20.00,2478
8145.000,8145.000,20.00,2613
8150.000,8150.000,20.00,1668
8155.000,8155.000,20.00,2508
8160.000,8160.000,20.00,2296
8165.000,8165.000,20.00,2046
8170.000,8170.000,20.00,2579
8175.000,8175.000,20.00,2310
8180.000,8180.000,20.00,2252
8185.000,8185.000,20.00,2270
8190.000,8190.000,20.00,2991
8195.000,8195.000,20.00,2599
8200.000,8200.000,20.00,3021
8205.000,8205.000,20.00,2345
8210.000,8210.000,20.00,2683
8215.000,8215.000,20.00,2785
8220.000,8220.000,20.00,3762
8225.000,8225.000,20.00,3765
8230.000,8230.000,20.00,3763
8235.000,8235.000,20.00,3763
8240.000,8240.000,20.00,3765
8245.000,8245.000,20.00,3754
8250.000,8250.000,20.00,3765
8255.000,8255.000,20.00,3772
8260.000,8260.000,20.00,3776
8265.000,8265.000,20.00,3772
8270.000,8270.000,20.00,3762
8275.000,8275.000,20.00,3774
8280.000,8280.000,20.00,2894
8285.000,8285.000,20.00,2877
8290.000,8290.000,20.00,3000
8295.000,8295.000,20.00,2437
8300.000,8300.000,20.00,2945
8305.000,8305.000,20.00,2609
8310.000,8310.000,20.00,2651
8315.000,8315.000,20.00,2502
8320.000,8320.000,20.00,2666
8325.000,8325.000,20.00,2241
8330.000,8330.000,20.00,3147
8335.000,8335.000,20.00,2018
8340.000,8340.000,20.00,2648
8345.000,8345.000,20.00,2479
8350.000,8350.000,20.00,2613
8355.000,8355.000,20.00,2711
8360.000,8360.000,20.00,2648
8365.000,8365.000,20.00,2365
8370.000,8370.000,20.00,3751
8375.000,8375.000,20.00,3781
8380.000,8380.000,20.00,3793
8385.000,8385.000,20.00,3774
8390.000,8390.000,20.00,3749
8395.000,8395.000,20.00,3800
8400.000,8400.000,20.00,3741
8405.000,8405.000,20.00,3789
8410.000,8410.000,20.00,3749
8415.000,8415.000,20.00,3699
8420.000,8420.000,20.00,3773
8425.000,8425.000,20.00,3795
8430.000,8430.000,20.00,1165
8435.000,8435.000,20.00,1050
8440.000,8440.000,20.00,825
8445.000,8445.000,20.00,1297
8450.000,8450.000,20.00,994
8455.000,8455.000,20.00,913
8460.000,8460.000,20.00,2473
8465.000,8465.000,20.00,2546
8470.000,8470.000,20.00,2489
8475.000,8475.000,20.00,2747
8480.000,8480.000,20.00,2589
8485.000,8485.000,20.00,2592
8490.000,8490.000,20.00,2574
8495.000,8495.000,20.00,2305
8500.000,8500.000,20.00,2120
8505.000,8505.000,20.00,2243
8510.000,8510.000,20.00,2748
8515.000,8515.000,20.00,2326
8520.000,8520.000,20.00,3765
8525.000,8525.000,20.00,3756
8530.000,8530.000,20.00,3708
8535.000,8535.000,20.00,3765
8540.000,8540.000,20.00,3763
8545.000,8545.000,20.00,3765
8550.000,8550.000,20.00,3772
8555.000,8555.000,20.00,3776
8560.000,8560.000,20.00,3774
8565.000,8565.000,20.00,3772
8570.000,8570.000,20.00,3774
8575.000,8575.000,20.00,3772
8580.000,8580.000,20.00,3760
8585.000,8585.000,20.00,3752
8590.000,8590.000,20.00,3714
8595.000,8595.000,20.00,3811
8600.000,8600.000,20.00,3574
8605.000,8605.000,20.00,3765
8610.000,8610.000,20.00,1997
8615.000,8615.000,20.00,2653
8620.000,8620.000,20.00,2194
8625.000,8625.000,20.00,2678
8630.000,8630.000,20.00,2104
8635.000,8635.000,20.00,1886
8640.000,8640.000,20.00,3772
8645.000,8645.000,20.00,3774
8650.000,8650.000,20.00,3767
8655.000,8655.000,20.00,3762
8660.000,8660.000,20.00,3746
8665.000,8665.000,20.00,3607
8670.000,8670.000,20.00,2254
8675.000,8675.000,20.00,2850
8680.000,8680.000,20.00,2852
8685.000,8685.000,20.00,2856
8690.000,8690.000,20.00,2635
8695.000,8695.000,20.00,2902
8700.000,8700.000,20.00,3299
8705.000,8705.000,20.00,2565
8710.000,8710.000,20.00,2650
8715.000,8715.000,20.00,2361
8720.000,8720.000,20.00,2905
8725.000,8725.000,20.00,2553
8730.000,8730.000,20.00,2782
8735.000,8735.000,20.00,2447
8740.000,8740.000,20.00,2301
8745.000,8745.000,20.00,2324
8750.000,8750.000,20.00,2416
8755.000,8755.000,20.00,2460
8760.000,8760.000,20.00,2095
8765.000,8765.000,20.00,2294
8770.000,8770.000,20.00,2335
8775.000,8775.000,20.00,2607
8780.000,8780.000,20.00,2009
8785.000,8785.000,20.00,1788
8790.000,8790.000,20.00,2650
8795.000,8795.000,20.00,3371
8800.000,8800.000,20.00,3454
8805.000,8805.000,20.00,2690
8810.000,8810.000,20.00,2898
8815.000,8815.000,20.00,2701
8820.000,8820.000,20.00,3749
8825.000,8825.000,20.00,3745
8830.000,8830.000,20.00,3780
8835.000,8835.000,20.00,3763
8840.000,8840.000,20.00,3763
8845.000,8845.000,20.00,3765
8850.000,8850.000,20.00,3769
8855.000,8855.000,20.00,3781
8860.000,8860.000,20.00,3753
8865.000,8865.000,20.00,3795
8870.000,8870.000,20.00,3705
8875.000,8875.000,20.00,3846
8880.000,8880.000,20.00,3774
8885.000,8885.000,20.00,3746
8890.000,8890.000,20.00,3800
8895.000,8895.000,20.00,3774
8900.000,8900.000,20.00,3721
8905.000,8905.000,20.00,3776
8910.000,8910.000,20.00,3774
8915.000,8915.000,20.00,3774
8920.000,8920.000,20.00,3774
8925.000,8925.000,20.00,3762
8930.000,8930.000,20.00,3756
8935.000,8935.000,20.00,3807
8940.000,8940.000,20.00,2412
8945.000,8945.000,20.00,2683
8950.000,8950.000,20.00,2813
8955.000,8955.000,20.00,3628
8960.000,8960.000,20.00,3774
8965.000,8965.000,20.00,3774
8970.000,8970.000,20.00,1988
8975.000,8975.000,20.00,1784
8980.000,8980.000,20.00,2113
8985.000,8985.000,20.00,2287
8990.000,8990.000,20.00,2071
8995.000,8995.000,20.00,2933
9000.000,9000.000,20.00,3721
9005.000,9005.000,20.00,3804
9010.000,9010.000,20.00,3756
9015.000,9015.000,20.00,3765
9020.000,9020.000,20.00,3763
9025.000,9025.000,20.00,3763
9030.000,9030.000,20.00,3779
9035.000,9035.000,20.00,3774
9040.000,9040.000,20.00,3774
9045.000,9045.000,20.00,3774
9050.000,9050.000,20.00,3756
9055.000,9055.000,20.00,3793
9060.000,9060.000,20.00,1226
9065.000,9065.000,20.00,1594
9070.000,9070.000,20.00,1582
9075.000,9075.000,20.00,1348
9080.000,9080.000,20.00,1323
9085.000,9085.000,20.00,1529
9090.000,9090.000,20.00,2937
9095.000,9095.000,20.00,2688
9100.000,9100.000,20.00,2305
9105.000,9105.000,20.00,2999
9110.000,9110.000,20.00,2224
9115.000,9115.000,20.00,2467
9120.000,9120.000,20.00,3243
9125.000,9125.000,20.00,3021
9130.000,9130.000,20.00,3035
9135.000,9135.000,20.00,3100
9140.000,9140.000,20.00,3216
9145.000,9145.000,20.00,3204
9150.000,9150.000,20.00,3758
9155.000,9155.000,20.00,3728
9160.000,9160.000,20.00,3765
9165.000,9165.000,20.00,3763
9170.000,9170.000,20.00,3765
9175.000,9175.000,20.00,3763
9180.000,9180.000,20.00,3260
9185.000,9185.000,20.00,2915
9190.000,9190.000,20.00,2270
9195.000,9195.000,20.00,2727
9200.000,9200.000,20.00,2653
9205.000,9205.000,20.00,2727
9210.000,9210.000,20.00,1357
9215.000,9215.000,20.00,1530
9220.000,9220.000,20.00,1313
9225.000,9225.000,20.00,1199
9230.000,9230.000,20.00,1495
9235.000,9235.000,20.00,1046
9240.000,9240.000,20.00,3776
9245.000,9245.000,20.00,3774
9250.000,9250.000,20.00,3749
9255.000,9255.000,20.00,3800
9260.000,9260.000,20.00,3647
9265.000,9265.000,20.00,2442
9270.000,9270.000,20.00,2968
9275.000,9275.000,20.00,2926
9280.000,9280.000,20.00,3139
9285.000,9285.000,20.00,3163
9290.000,9290.000,20.00,3132
9295.000,9295.000,20.00,3007
9300.000,9300.000,20.00,3139
9305.000,9305.000,20.00,3271
9310.000,9310.000,20.00,2954
9315.000,9315.000,20.00,3190
9320.000,9320.000,20.00,3051
9325.000,9325.000,20.00,2993
9330.000,9330.000,20.00,2510
9335.000,9335.000,20.00,1874
9340.000,9340.000,20.00,2900
9345.000,9345.000,20.00,2843
9350.000,9350.000,20.00,2708
9355.000,9355.000,20.00,2451
9360.000,9360.000,20.00,3774
9365.000,9365.000,20.00,3774
9370.000,9370.000,20.00,3774
9375.000,9375.000,20.00,3751
9380.000,9380.000,20.00,3797
9385.000,9385.000,20.00,3774
9390.000,9390.000,20.00,1469
9395.000,9395.000,20.00,2377
9400.000,9400.000,20.00,2539
9405.000,9405.000,20.00,2384
9410.000,9410.000,20.00,3106
9415.000,9415.000,20.00,3088
9420.000,9420.000,20.00,2993
9425.000,9425.000,20.00,2206
9430.000,9430.000,20.00,2433
9435.000,9435.000,20.00,3149
9440.000,9440.000,20.00,2961
9445.000,9445.000,20.00,2532
9450.000,9450.000,20.00,2134
9455.000,9455.000,20.00,2002
9460.000,9460.000,20.00,1828
9465.000,9465.000,20.00,2138
9470.000,9470.000,20.00,1682
9475.000,9475.000,20.00,1860
9480.000,9480.000,20.00,3762
9485.000,9485.000,20.00,3763
9490.000,9490.000,20.00,3714
9495.000,9495.000,20.00,3813
9500.000,9500.000,20.00,3760
9505.000,9505.000,20.00,3769
9510.000,9510.000,20.00,3732
9515.000,9515.000,20.00,3816
9520.000,9520.000,20.00,3774
9525.000,9525.000,20.00,3774
9530.000,9530.000,20.00,3774
9535.000,9535.000,20.00,3774
9540.000,9540.000,20.00,3774
9545.000,9545.000,20.00,3776
9550.000,9550.000,20.00,3774
9555.000,9555.000,20.00,3776
9560.000,9560.000,20.00,3800
9565.000,9565.000,20.00,3776
9570.000,9570.000,20.00,3765
9575.000,9575.000,20.00,3765
9580.000,9580.000,20.00,3725
9585.000,9585.000,20.00,3798
9590.000,9590.000,20.00,3747
9595.000,9595.000,20.00,3769
9600.000,9600.000,20.00,3774
9605.000,9605.000,20.00,3774
9610.000,9610.000,20.00,3774
9615.000,9615.000,20.00,3762
9620.000,9620.000,20.00,3774
9625.000,9625.000,20.00,3774
9630.000,9630.000,20.00,3793
9635.000,9635.000,20.00,3797
9640.000,9640.000,20.00,3774
9645.000,9645.000,20.00,3774
9650.000,9650.000,20.00,3774
9655.000,9655.000,20.00,3732
9660.000,9660.000,20.00,1017
9665.000,9665.000,20.00,1029
9670.000,9670.000,20.00,1233
9675.000,9675.000,20.00,1082
9680.000,9680.000,20.00,1214
9685.000,9685.000,20.00,1066
9690.000,9690.000,20.00,3774
9695.000,9695.000,20.00,3758
9700.000,9700.000,20.00,3793
9705.000,9705.000,20.00,3774
9710.000,9710.000,20.00,3776
9715.000,9715.000,20.00,3774
9720.000,9720.000,20.00,1979
9725.000,9725.000,20.00,2307
9730.000,9730.000,20.00,2119
9735.000,9735.000,20.00,1896
9740.000,9740.000,20.00,2600
9745.000,9745.000,20.00,2051
9750.000,9750.000,20.00,2449
9755.000,9755.000,20.00,2516
9760.000,9760.000,20.00,3371
9765.000,9765.000,20.00,2817
9770.000,9770.000,20.00,3813
9775.000,9775.000,20.00,3762
9780.000,9780.000,20.00,3774
9785.000,9785.000,20.00,3774
9790.000,9790.000,20.00,3774
9795.000,9795.000,20.00,3774
9800.000,9800.000,20.00,3774
9805.000,9805.000,20.00,3762
9810.000,9810.000,20.00,1453
9815.000,9815.000,20.00,1114
9820.000,9820.000,20.00,1285
9825.000,9825.000,20.00,1055
9830.000,9830.000,20.00,1414
9835.000,9835.000,20.00,1532
9840.000,9840.000,20.00,2687
9845.000,9845.000,20.00,2386
9850.000,9850.000,20.00,1807
9855.000,9855.000,20.00,1833
9860.000,9860.000,20.00,1784
9865.000,9865.000,20.00,2157
9870.000,9870.000,20.00,3746
9875.000,9875.000,20.00,3774
9880.000,9880.000,20.00,3804
9885.000,9885.000,20.00,3774
9890.000,9890.000,20.00,3774
9895.000,9895.000,20.00,3774
9900.000,9900.000,20.00,3765
9905.000,9905.000,20.00,3765
9910.000,9910.000,20.00,3749
9915.000,9915.000,20.00,3760
9920.000,9920.000,20.00,3769
9925.000,9925.000,20.00,3765
9930.000,9930.000,20.00,1436
9935.000,9935.000,20.00,1316
9940.000,9940.000,20.00,1487
9945.000,9945.000,20.00,1448
9950.000,9950.000,20.00,1378
9955.000,9955.000,20.00,1297
9960.000,9960.000,20.00,2280
9965.000,9965.000,20.00,2553
9970.000,9970.000,20.00,2213
9975.000,9975.000,20.00,2889
9980.000,9980.000,20.00,2662
9985.000,9985.000,20.00,2071
9990.000,9990.000,20.00,2996
9995.000,9995.000,20.00,2627
10000.000,10000.000,20.00,2441
10005.000,10005.000,20.00,2473
10010.000,10010.000,20.00,2710
10015.000,10015.000,20.00,2664
10020.000,10020.000,20.00,1842
10025.000,10025.000,20.00,2379
10030.000,10030.000,20.00,1870
10035.000,10035.000,20.00,1719
10040.000,10040.000,20.00,2727
10045.000,10045.000,20.00,2097
10050.000,10050.000,20.00,2662
10055.000,10055.000,20.00,2898
10060.000,10060.000,20.00,1633
10065.000,10065.000,20.00,1902
10070.000,10070.000,20.00,2456
10075.000,10075.000,20.00,2826
10080.000,10080.000,20.00,2300
10085.000,10085.000,20.00,2646
10090.000,10090.000,20.00,3539
10095.000,10095.000,20.00,3765
10100.000,10100.000,20.00,3765
10105.000,10105.000,20.00,3763
10110.000,10110.000,20.00,3772
10115.000,10115.000,20.00,3774
10120.000,10120.000,20.00,3774
10125.000,10125.000,20.00,3776
10130.000,10130.000,20.00,3772
10135.000,10135.000,20.00,3774
10140.000,10140.000,20.00,2666
10145.000,10145.000,20.00,2716
10150.000,10150.000,20.00,2605
10155.000,10155.000,20.00,2874
10160.000,10160.000,20.00,2377
10165.000,10165.000,20.00,2694
10170.000,10170.000,20.00,2333
10175.000,10175.000,20.00,2122
10180.000,10180.000,20.00,2294
10185.000,10185.000,20.00,1814
10190.000,10190.000,20.00,2528
10195.000,10195.000,20.00,2463
10200.000,10200.000,20.00,2342
10205.000,10205.000,20.00,1826
10210.000,10210.000,20.00,2335
10215.000,10215.000,20.00,2537
10220.000,10220.000,20.00,2403
10225.000,10225.000,20.00,2421
10230.000,10230.000,20.00,2002
10235.000,10235.000,20.00,1654
10240.000,10240.000,20.00,2430
10245.000,10245.000,20.00,2657
10250.000,10250.000,20.00,2729
10255.000,10255.000,20.00,2375
10260.000,10260.000,20.00,3744
10265.000,10265.000,20.00,3804
10270.000,10270.000,20.00,3774
10275.000,10275.000,20.00,3742
10280.000,10280.000,20.00,3806
10285.000,10285.000,20.00,3776
10290.000,10290.000,20.00,3774
10295.000,10295.000,20.00,3774
10300.000,10300.000,20.00,3774
10305.000,10305.000,20.00,3774
10310.000,10310.000,20.00,3774
10315.000,10315.000,20.00,3711
10320.000,10320.000,20.00,3765
10325.000,10325.000,20.00,3756
10330.000,10330.000,20.00,3765
10335.000,10335.000,20.00,3765
10340.000,10340.000,20.00,3763
10345.000,10345.000,20.00,3767
10350.000,10350.000,20.00,3772
10355.000,10355.000,20.00,3772
10360.000,10360.000,20.00,3772
10365.000,10365.000,20.00,3769
10370.000,10370.000,20.00,3772
10375.000,10375.000,20.00,3739
10380.000,10380.000,20.00,3765
10385.000,10385.000,20.00,3274
10390.000,10390.000,20.00,2935
10395.000,10395.000,20.00,3661
10400.000,10400.000,20.00,3313
10405.000,10405.000,20.00,2433
10410.000,10410.000,20.00,2780
10415.000,10415.000,20.00,3088
10420.000,10420.000,20.00,2775
10425.000,10425.000,20.00,2922
10430.000,10430.000,20.00,2519
10435.000,10435.000,20.00,2664
10440.000,10440.000,20.00,2479
10445.000,10445.000,20.00,1775
10450.000,10450.000,20.00,1684
10455.000,10455.000,20.00,1911
10460.000,10460.000,20.00,2590
10465.000,10465.000,20.00,2143
10470.000,10470.000,20.00,3774
10475.000,10475.000,20.00,3776
10480.000,10480.000,20.00,3774
10485.000,10485.000,20.00,3774
10490.000,10490.000,20.00,3776
10495.000,10495.000,20.00,3774
10500.000,10500.000,20.00,3774
10505.000,10505.000,20.00,3774
10510.000,10510.000,20.00,3774
10515.000,10515.000,20.00,3774
10520.000,10520.000,20.00,3774
10525.000,10525.000,20.00,3774
10530.000,10530.000,20.00,3774
10535.000,10535.000,20.00,3776
10540.000,10540.000,20.00,3769
10545.000,10545.000,20.00,3760
10550.000,10550.000,20.00,3797
10555.000,10555.000,20.00,3776
10560.000,10560.000,20.00,2359
10565.000,10565.000,20.00,2314
10570.000,10570.000,20.00,2517
10575.000,10575.000,20.00,2740
10580.000,10580.000,20.00,2016
10585.000,10585.000,20.00,1983
10590.000,10590.000,20.00,2500
10595.000,10595.000,20.00,2101
10600.000,10600.000,20.00,2493
10605.000,10605.000,20.00,2245
10610.000,10610.000,20.00,1972
10615.000,10615.000,20.00,1819
10620.000,10620.000,20.00,3053
10625.000,10625.000,20.00,2646
10630.000,10630.000,20.00,2870
10635.000,10635.000,20.00,2758
10640.000,10640.000,20.00,2922
10645.000,10645.000,20.00,2955
10650.000,10650.000,20.00,2903
10655.000,10655.000,20.00,2305
10660.000,10660.000,20.00,2477
10665.000,10665.000,20.00,2579
10670.000,10670.000,20.00,2340
10675.000,10675.000,20.00,2593
10680.000,10680.000,20.00,2740
10685.000,10685.000,20.00,2567
10690.000,10690.000,20.00,2554
10695.000,10695.000,20.00,2458
10700.000,10700.000,20.00,2640
10705.000,10705.000,20.00,1990
10710.000,10710.000,20.00,2569
10715.000,10715.000,20.00,2500
10720.000,10720.000,20.00,2491
10725.000,10725.000,20.00,2030
10730.000,10730.000,20.00,2474
10735.000,10735.000,20.00,2704
10740.000,10740.000,20.00,2747
10745.000,10745.000,20.00,2432
10750.000,10750.000,20.00,2959
10755.000,10755.000,20.00,2673
10760.000,10760.000,20.00,2797
10765.000,10765.000,20.00,2572
10770.000,10770.000,20.00,2752
10775.000,10775.000,20.00,2986
10780.000,10780.000,20.00,2806
10785.000,10785.000,20.00,2956
10790.000,10790.000,20.00,2905
10795.000,10795.000,20.00,3026
10800.000,10800.000,20.00,2292
10805.000,10805.000,20.00,2320
10810.000,10810.000,20.00,2552
10815.000,10815.000,20.00,2841
10820.000,10820.000,20.00,2206
10825.000,10825.000,20.00,2532
10830.000,10830.000,20.00,2618
10835.000,10835.000,20.00,2572
10840.000,10840.000,20.00,2752
10845.000,10845.000,20.00,2542
10850.000,10850.000,20.00,2725
10855.000,10855.000,20.00,1390
10860.000,10860.000,20.00,3774
10865.000,10865.000,20.00,3760
10870.000,10870.000,20.00,3776
10875.000,10875.000,20.00,3774
10880.000,10880.000,20.00,3772
10885.000,10885.000,20.00,3772
10890.000,10890.000,20.00,2364
10895.000,10895.000,20.00,2370
10900.000,10900.000,20.00,2543
10905.000,10905.000,20.00,2377
10910.000,10910.000,20.00,2436
10915.000,10915.000,20.00,2305
10920.000,10920.000,20.00,2780
10925.000,10925.000,20.00,2349
10930.000,10930.000,20.00,2372
10935.000,10935.000,20.00,1941
10940.000,10940.000,20.00,2664
10945.000,10945.000,20.00,2264
10950.000,10950.000,20.00,1490
10955.000,10955.000,20.00,2011
10960.000,10960.000,20.00,2824
10965.000,10965.000,20.00,2762
10970.000,10970.000,20.00,2419
10975.000,10975.000,20.00,2528
10980.000,10980.000,20.00,1893
10985.000,10985.000,20.00,2381
10990.000,10990.000,20.00,2027
10995.000,10995.000,20.00,2955
11000.000,11000.000,20.00,2381
11005.000,11005.000,20.00,1543
11010.000,11010.000,20.00,2405
11015.000,11015.000,20.00,2586
11020.000,11020.000,20.00,1925
11025.000,11025.000,20.00,2426
11030.000,11030.000,20.00,2748
11035.000,11035.000,20.00,2854
11040.000,11040.000,20.00,2055
11045.000,11045.000,20.00,2388
11050.000,11050.000,20.00,2489
11055.000,11055.000,20.00,2563
11060.000,11060.000,20.00,2388
11065.000,11065.000,20.00,2338
11070.000,11070.000,20.00,2416
11075.000,11075.000,20.00,2940
11080.000,11080.000,20.00,2419
11085.000,11085.000,20.00,2474
11090.000,11090.000,20.00,2921
11095.000,11095.000,20.00,2013
11100.000,11100.000,20.00,2764
11105.000,11105.000,20.00,2685
11110.000,11110.000,20.00,3440
11115.000,11115.000,20.00,2011
11120.000,11120.000,20.00,2122
11125.000,11125.000,20.00,2129
11130.000,11130.000,20.00,2977
11135.000,11135.000,20.00,2998
11140.000,11140.000,20.00,2171
11145.000,11145.000,20.00,2657
11150.000,11150.000,20.00,2824
11155.000,11155.000,20.00,2720
11160.000,11160.000,20.00,2263
11165.000,11165.000,20.00,2351
11170.000,11170.000,20.00,2541
11175.000,11175.000,20.00,2473
11180.000,11180.000,20.00,2119
11185.000,11185.000,20.00,2226
11190.000,11190.000,20.00,2178
11195.000,11195.000,20.00,2555
11200.000,11200.000,20.00,2298
11205.000,11205.000,20.00,2011
11210.000,11210.000,20.00,2252
11215.000,11215.000,20.00,2217
11220.000,11220.000,20.00,2780
11225.000,11225.000,20.00,2954
11230.000,11230.000,20.00,3095
11235.000,11235.000,20.00,2843
11240.000,11240.000,20.00,2963
11245.000,11245.000,20.00,2859
11250.000,11250.000,20.00,2865
11255.000,11255.000,20.00,2948
11260.000,11260.000,20.00,3222
11265.000,11265.000,20.00,2325
11270.000,11270.000,20.00,2951
11275.000,11275.000,20.00,3042
11280.000,11280.000,20.00,2938
11285.000,11285.000,20.00,2317
11290.000,11290.000,20.00,3114
11295.000,11295.000,20.00,2725
11300.000,11300.000,20.00,2776
11305.000,11305.000,20.00,2787
11310.000,11310.000,20.00,2993
11315.000,11315.000,20.00,2284
11320.000,11320.000,20.00,2447
11325.000,11325.000,20.00,2502
11330.000,11330.000,20.00,2697
11335.000,11335.000,20.00,2474
11340.000,11340.000,20.00,1772
11345.000,11345.000,20.00,2136
11350.000,11350.000,20.00,1962
11355.000,11355.000,20.00,2275
11360.000,11360.000,20.00,2342
11365.000,11365.000,20.00,1328
11370.000,11370.000,20.00,1688
11375.000,11375.000,20.00,2195
11380.000,11380.000,20.00,2335
11385.000,11385.000,20.00,1596
11390.000,11390.000,20.00,2644
11395.000,11395.000,20.00,2147
11400.000,11400.000,20.00,2111
11405.000,11405.000,20.00,1972
11410.000,11410.000,20.00,1765
11415.000,11415.000,20.00,2467
11420.000,11420.000,20.00,2182
11425.000,11425.000,20.00,1763
11430.000,11430.000,20.00,1884
11435.000,11435.000,20.00,1633
11440.000,11440.000,20.00,1745
11445.000,11445.000,20.00,1717
11450.000,11450.000,20.00,2118
11455.000,11455.000,20.00,1624
11460.000,11460.000,20.00,2215
11465.000,11465.000,20.00,2648
11470.000,11470.000,20.00,1650
11475.000,11475.000,20.00,2036
11480.000,11480.000,20.00,2324
11485.000,11485.000,20.00,2099
11490.000,11490.000,20.00,2430
11495.000,11495.000,20.00,2454
11500.000,11500.000,20.00,2504
11505.000,11505.000,20.00,2331
11510.000,11510.000,20.00,2519
11515.000,11515.000,20.00,2237
11520.000,11520.000,20.00,906
11525.000,11525.000,20.00,802
11530.000,11530.000,20.00,1360
11535.000,11535.000,20.00,1256
11540.000,11540.000,20.00,1193
11545.000,11545.000,20.00,1385
11550.000,11550.000,20.00,2386
11555.000,11555.000,20.00,2537
11560.000,11560.000,20.00,2555
11565.000,11565.000,20.00,2308
11570.000,11570.000,20.00,2759
11575.000,11575.000,20.00,2745
11580.000,11580.000,20.00,2023
11585.000,11585.000,20.00,2460
11590.000,11590.000,20.00,1626
11595.000,11595.000,20.00,2048
11600.000,11600.000,20.00,2208
11605.000,11605.000,20.00,2282
11610.000,11610.000,20.00,3765
11615.000,11615.000,20.00,3774
11620.000,11620.000,20.00,3767
11625.000,11625.000,20.00,3765
11630.000,11630.000,20.00,3767
11635.000,11635.000,20.00,3783
11640.000,11640.000,20.00,3765
11645.000,11645.000,20.00,3765
11650.000,11650.000,20.00,3765
11655.000,11655.000,20.00,3714
11660.000,11660.000,20.00,3813
11665.000,11665.000,20.00,3763
11670.000,11670.000,20.00,3774
11675.000,11675.000,20.00,3774
11680.000,11680.000,20.00,3744
11685.000,11685.000,20.00,3804
11690.000,11690.000,20.00,3776
11695.000,11695.000,20.00,3774
11700.000,11700.000,20.00,3774
11705.000,11705.000,20.00,3774
11710.000,11710.000,20.00,3774
11715.000,11715.000,20.00,3776
11720.000,11720.000,20.00,3515
11725.000,11725.000,20.00,3774
11730.000,11730.000,20.00,2379
11735.000,11735.000,20.00,2891
11740.000,11740.000,20.00,2918
11745.000,11745.000,20.00,3018
11750.000,11750.000,20.00,3082
11755.000,11755.000,20.00,3115
11760.000,11760.000,20.00,1105
11765.000,11765.000,20.00,1094
11770.000,11770.000,20.00,1277
11775.000,11775.000,20.00,1383
11780.000,11780.000,20.00,1555
11785.000,11785.000,20.00,1314
11790.000,11790.000,20.00,3742
11795.000,11795.000,20.00,3735
11800.000,11800.000,20.00,3762
11805.000,11805.000,20.00,3725
11810.000,11810.000,20.00,3825
11815.000,11815.000,20.00,3765
11820.000,11820.000,20.00,2773
11825.000,11825.000,20.00,3049
11830.000,11830.000,20.00,3084
11835.000,11835.000,20.00,3023
11840.000,11840.000,20.00,3183
11845.000,11845.000,20.00,3301
11850.000,11850.000,20.00,3227
11855.000,11855.000,20.00,3118
11860.000,11860.000,20.00,3220
11865.000,11865.000,20.00,3012
11870.000,11870.000,20.00,2954
11875.000,11875.000,20.00,2986
11880.000,11880.000,20.00,3748
11885.000,11885.000,20.00,3786
11890.000,11890.000,20.00,3774
11895.000,11895.000,20.00,3776
11900.000,11900.000,20.00,3774
11905.000,11905.000,20.00,3774
11910.000,11910.000,20.00,3349
11915.000,11915.000,20.00,3719
11920.000,11920.000,20.00,2655
11925.000,11925.000,20.00,3763
11930.000,11930.000,20.00,3763
11935.000,11935.000,20.00,3765
11940.000,11940.000,20.00,3774
11945.000,11945.000,20.00,3774
11950.000,11950.000,20.00,3772
11955.000,11955.000,20.00,3723
11960.000,11960.000,20.00,3825
11965.000,11965.000,20.00,3753
11970.000,11970.000,20.00,3028
11975.000,11975.000,20.00,2843
11980.000,11980.000,20.00,2118
11985.000,11985.000,20.00,2602
11990.000,11990.000,20.00,2720
11995.000,11995.000,20.00,2203
12000.000,12000.000,20.00,2129
12005.000,12005.000,20.00,2127
12010.000,12010.000,20.00,2085
12015.000,12015.000,20.00,3769
12020.000,12020.000,20.00,3776
12025.000,12025.000,20.00,3772
12030.000,12030.000,20.00,1863
12035.000,12035.000,20.00,1990
12040.000,12040.000,20.00,2195
12045.000,12045.000,20.00,2548
12050.000,12050.000,20.00,2508
12055.000,12055.000,20.00,1860
12060.000,12060.000,20.00,3786
12065.000,12065.000,20.00,3774
12070.000,12070.000,20.00,3772
12075.000,12075.000,20.00,3762
12080.000,12080.000,20.00,3774
12085.000,12085.000,20.00,3774
12090.000,12090.000,20.00,2609
12095.000,12095.000,20.00,2379
12100.000,12100.000,20.00,2600
12105.000,12105.000,20.00,1998
12110.000,12110.000,20.00,1961
12115.000,12115.000,20.00,1922
12120.000,12120.000,20.00,2488
12125.000,12125.000,20.00,2266
12130.000,12130.000,20.00,2039
12135.000,12135.000,20.00,2270
12140.000,12140.000,20.00,2393
12145.000,12145.000,20.00,2023
12150.000,12150.000,20.00,2366
12155.000,12155.000,20.00,2657
12160.000,12160.000,20.00,2141
12165.000,12165.000,20.00,2543
12170.000,12170.000,20.00,2848
12175.000,12175.000,20.00,2478
12180.000,12180.000,20.00,3776
12185.000,12185.000,20.00,3772
12190.000,12190.000,20.00,3776
12195.000,12195.000,20.00,3774
12200.000,12200.000,20.00,3774
12205.000,12205.000,20.00,3774
12210.000,12210.000,20.00,3762
12215.000,12215.000,20.00,3765
12220.000,12220.000,20.00,3765
12225.000,12225.000,20.00,3765
12230.000,12230.000,20.00,3765
12235.000,12235.000,20.00,3763
12240.000,12240.000,20.00,3762
12245.000,12245.000,20.00,3774
12250.000,12250.000,20.00,3762
12255.000,12255.000,20.00,3749
12260.000,12260.000,20.00,3811
12265.000,12265.000,20.00,3772
12270.000,12270.000,20.00,1558
12275.000,12275.000,20.00,2392
12280.000,12280.000,20.00,2563
12285.000,12285.000,20.00,2283
12290.000,12290.000,20.00,2475
12295.000,12295.000,20.00,2191
12300.000,12300.000,20.00,2347
12305.000,12305.000,20.00,2838
12310.000,12310.000,20.00,2544
12315.000,12315.000,20.00,1550
12320.000,12320.000,20.00,2741
12325.000,12325.000,20.00,2516
12330.000,12330.000,20.00,2975
12335.000,12335.000,20.00,2758
12340.000,12340.000,20.00,2465
12345.000,12345.000,20.00,3130
12350.000,12350.000,20.00,2592
12355.000,12355.000,20.00,2786
12360.000,12360.000,20.00,2185
12365.000,12365.000,20.00,2718
12370.000,12370.000,20.00,2678
12375.000,12375.000,20.00,2792
12380.000,12380.000,20.00,2998
12385.000,12385.000,20.00,2694
12390.000,12390.000,20.00,2284
12395.000,12395.000,20.00,2092
12400.000,12400.000,20.00,1633
12405.000,12405.000,20.00,2083
12410.000,12410.000,20.00,2799
12415.000,12415.000,20.00,3774
12420.000,12420.000,20.00,1749
12425.000,12425.000,20.00,1865
12430.000,12430.000,20.00,2224
12435.000,12435.000,20.00,2403
12440.000,12440.000,20.00,2669
12445.000,12445.000,20.00,2910
12450.000,12450.000,20.00,1167
12455.000,12455.000,20.00,1690
12460.000,12460.000,20.00,1105
12465.000,12465.000,20.00,1263
12470.000,12470.000,20.00,1488
12475.000,12475.000,20.00,1532
12480.000,12480.000,20.00,3774
12485.000,12485.000,20.00,3776
12490.000,12490.000,20.00,3774
12495.000,12495.000,20.00,3776
12500.000,12500.000,20.00,3739
12505.000,12505.000,20.00,3793
12510.000,12510.000,20.00,2057
12515.000,12515.000,20.00,2651
12520.000,12520.000,20.00,1642
12525.000,12525.000,20.00,2738
12530.000,12530.000,20.00,2241
12535.000,12535.000,20.00,2217
12540.000,12540.000,20.00,2824
12545.000,12545.000,20.00,2087
12550.000,12550.000,20.00,2432
12555.000,12555.000,20.00,1694
12560.000,12560.000,20.00,2467
12565.000,12565.000,20.00,2270
12570.000,12570.000,20.00,1990
12575.000,12575.000,20.00,1300
12580.000,12580.000,20.00,1867
12585.000,12585.000,20.00,2085
12590.000,12590.000,20.00,2613
12595.000,12595.000,20.00,1846
12600.000,12600.000,20.00,3765
12605.000,12605.000,20.00,3682
12610.000,12610.000,20.00,3846
12615.000,12615.000,20.00,3763
12620.000,12620.000,20.00,3760
12625.000,12625.000,20.00,3752
12630.000,12630.000,20.00,3774
12635.000,12635.000,20.00,3774
12640.000,12640.000,20.00,3762
12645.000,12645.000,20.00,3783
12650.000,12650.000,20.00,3725
12655.000,12655.000,20.00,3811
12660.000,12660.000,20.00,3708
12665.000,12665.000,20.00,3607
12670.000,12670.000,20.00,3421
12675.000,12675.000,20.00,3763
12680.000,12680.000,20.00,3765
12685.000,12685.000,20.00,3760
12690.000,12690.000,20.00,1879
12695.000,12695.000,20.00,1471
12700.000,12700.000,20.00,1768
12705.000,12705.000,20.00,2396
12710.000,12710.000,20.00,1999
12715.000,12715.000,20.00,2120
12720.000,12720.000,20.00,1541
12725.000,12725.000,20.00,2740
12730.000,12730.000,20.00,2200
12735.000,12735.000,20.00,1823
12740.000,12740.000,20.00,1972
12745.000,12745.000,20.00,1504
12750.000,12750.000,20.00,2016
12755.000,12755.000,20.00,2023
12760.000,12760.000,20.00,1680
12765.000,12765.000,20.00,2303
12770.000,12770.000,20.00,2498
12775.000,12775.000,20.00,2896
12780.000,12780.000,20.00,3815
12785.000,12785.000,20.00,3767
12790.000,12790.000,20.00,3763
12795.000,12795.000,20.00,3763
12800.000,12800.000,20.00,3765
12805.000,12805.000,20.00,3765
12810.000,12810.000,20.00,3776
12815.000,12815.000,20.00,3769
12820.000,12820.000,20.00,3774
12825.000,12825.000,20.00,3774
12830.000,12830.000,20.00,3774
12835.000,12835.000,20.00,3760
12840.000,12840.000,20.00,2856
12845.000,12845.000,20.00,2734
12850.000,12850.000,20.00,2841
12855.000,12855.000,20.00,2701
12860.000,12860.000,20.00,2572
12865.000,12865.000,20.00,2767
12870.000,12870.000,20.00,2947
12875.000,12875.000,20.00,2931
12880.000,12880.000,20.00,3107
12885.000,12885.000,20.00,3179
12890.000,12890.000,20.00,3151
12895.000,12895.000,20.00,3058
12900.000,12900.000,20.00,2530
12905.000,12905.000,20.00,2395
12910.000,12910.000,20.00,2456
12915.000,12915.000,20.00,2718
12920.000,12920.000,20.00,2747
12925.000,12925.000,20.00,2747
12930.000,12930.000,20.00,2741
12935.000,12935.000,20.00,2562
12940.000,12940.000,20.00,2477
12945.000,12945.000,20.00,2530
12950.000,12950.000,20.00,2511
12955.000,12955.000,20.00,2546
12960.000,12960.000,20.00,2574
12965.000,12965.000,20.00,2889
12970.000,12970.000,20.00,2441
12975.000,12975.000,20.00,2951
12980.000,12980.000,20.00,2883
12985.000,12985.000,20.00,2723
12990.000,12990.000,20.00,2933
12995.000,12995.000,20.00,2653
13000.000,13000.000,20.00,2535
13005.000,13005.000,20.00,2155
13010.000,13010.000,20.00,2810
13015.000,13015.000,20.00,2319
13020.000,13020.000,20.00,1724
13025.000,13025.000,20.00,1555
13030.000,13030.000,20.00,1307
13035.000,13035.000,20.00,1358
13040.000,13040.000,20.00,1365
13045.000,13045.000,20.00,1397
13050.000,13050.000,20.00,1747
13055.000,13055.000,20.00,1723
13060.000,13060.000,20.00,2307
13065.000,13065.000,20.00,2152
13070.000,13070.000,20.00,2012
13075.000,13075.000,20.00,2646
13080.000,13080.000,20.00,2704
13085.000,13085.000,20.00,1545
13090.000,13090.000,20.00,1979
13095.000,13095.000,20.00,1575
13100.000,13100.000,20.00,2319
13105.000,13105.000,20.00,1652
13110.000,13110.000,20.00,1849
13115.000,13115.000,20.00,2537
13120.000,13120.000,20.00,2275
13125.000,13125.000,20.00,2245
13130.000,13130.000,20.00,1958
13135.000,13135.000,20.00,1460
13140.000,13140.000,20.00,1547
13145.000,13145.000,20.00,2727
13150.000,13150.000,20.00,1983
13155.000,13155.000,20.00,1841
13160.000,13160.000,20.00,2804
13165.000,13165.000,20.00,2128
13170.000,13170.000,20.00,1297
13175.000,13175.000,20.00,1332
13180.000,13180.000,20.00,2254
13185.000,13185.000,20.00,2460
13190.000,13190.000,20.00,1267
13195.000,13195.000,20.00,2236
13200.000,13200.000,20.00,2248
13205.000,13205.000,20.00,1561
13210.000,13210.000,20.00,2379
13215.000,13215.000,20.00,1996
13220.000,13220.000,20.00,2462
13225.000,13225.000,20.00,1784
13230.000,13230.000,20.00,2122
13235.000,13235.000,20.00,2759
13240.000,13240.000,20.00,1636
13245.000,13245.000,20.00,2743
13250.000,13250.000,20.00,2449
13255.000,13255.000,20.00,2398
13260.000,13260.000,20.00,1423
13265.000,13265.000,20.00,1839
13270.000,13270.000,20.00,2732
13275.000,13275.000,20.00,1572
13280.000,13280.000,20.00,2057
13285.000,13285.000,20.00,2596
13290.000,13290.000,20.00,2870
13295.000,13295.000,20.00,2108
13300.000,13300.000,20.00,2331
13305.000,13305.000,20.00,2852
13310.000,13310.000,20.00,1728
13315.000,13315.000,20.00,1307
13320.000,13320.000,20.00,2435
13325.000,13325.000,20.00,2792
13330.000,13330.000,20.00,1619
13335.000,13335.000,20.00,2270
13340.000,13340.000,20.00,2097
13345.000,13345.000,20.00,1918
13350.000,13350.000,20.00,2338
13355.000,13355.000,20.00,2471
13360.000,13360.000,20.00,1653
13365.000,13365.000,20.00,2668
13370.000,13370.000,20.00,2511
13375.000,13375.000,20.00,2325
13380.000,13380.000,20.00,1212
13385.000,13385.000,20.00,2131
13390.000,13390.000,20.00,2845
13395.000,13395.000,20.00,2243
13400.000,13400.000,20.00,2725
13405.000,13405.000,20.00,2143
13410.000,13410.000,20.00,3756
13415.000,13415.000,20.00,3710
13420.000,13420.000,20.00,3776
13425.000,13425.000,20.00,3778
13430.000,13430.000,20.00,3771
13435.000,13435.000,20.00,3763
13440.000,13440.000,20.00,3781
13445.000,13445.000,20.00,3730
13450.000,13450.000,20.00,3818
13455.000,13455.000,20.00,3774
13460.000,13460.000,20.00,3774
13465.000,13465.000,20.00,3774
13470.000,13470.000,20.00,2692
13475.000,13475.000,20.00,2250
13480.000,13480.000,20.00,1425
13485.000,13485.000,20.00,1937
13490.000,13490.000,20.00,1517
13495.000,13495.000,20.00,1368
13500.000,13500.000,20.00,2347
13505.000,13505.000,20.00,2319
13510.000,13510.000,20.00,2495
13515.000,13515.000,20.00,2664
13520.000,13520.000,20.00,1752
13525.000,13525.000,20.00,1453
13530.000,13530.000,20.00,3765
13535.000,13535.000,20.00,3765
13540.000,13540.000,20.00,3765
13545.000,13545.000,20.00,3752
13550.000,13550.000,20.00,3765
13555.000,13555.000,20.00,3765
13560.000,13560.000,20.00,3735
13565.000,13565.000,20.00,3813
13570.000,13570.000,20.00,3774
13575.000,13575.000,20.00,3776
13580.000,13580.000,20.00,3774
13585.000,13585.000,20.00,3774
13590.000,13590.000,20.00,3765
13595.000,13595.000,20.00,3760
13600.000,13600.000,20.00,3767
13605.000,13605.000,20.00,3765
13610.000,13610.000,20.00,3760
13615.000,13615.000,20.00,3765
13620.000,13620.000,20.00,3765
13625.000,13625.000,20.00,3772
13630.000,13630.000,20.00,3774
13635.000,13635.000,20.00,3758
13640.000,13640.000,20.00,3790
13645.000,13645.000,20.00,3774
13650.000,13650.000,20.00,2097
13655.000,13655.000,20.00,1409
13660.000,13660.000,20.00,2542
13665.000,13665.000,20.00,1881
13670.000,13670.000,20.00,1856
13675.000,13675.000,20.00,2507
13680.000,13680.000,20.00,1972
13685.000,13685.000,20.00,2891
13690.000,13690.000,20.00,1814
13695.000,13695.000,20.00,2569
13700.000,13700.000,20.00,2157
13705.000,13705.000,20.00,2771
13710.000,13710.000,20.00,3776
13715.000,13715.000,20.00,3763
13720.000,13720.000,20.00,3693
13725.000,13725.000,20.00,3817
13730.000,13730.000,20.00,3762
13735.000,13735.000,20.00,3779
13740.000,13740.000,20.00,3774
13745.000,13745.000,20.00,3774
13750.000,13750.000,20.00,3776
13755.000,13755.000,20.00,3774
13760.000,13760.000,20.00,3774
13765.000,13765.000,20.00,3774
13770.000,13770.000,20.00,3752
13775.000,13775.000,20.00,3778
13780.000,13780.000,20.00,3765
13785.000,13785.000,20.00,3765
13790.000,13790.000,20.00,3763
13795.000,13795.000,20.00,3765
13800.000,13800.000,20.00,3135
13805.000,13805.000,20.00,2257
13810.000,13810.000,20.00,2430
13815.000,13815.000,20.00,2185
13820.000,13820.000,20.00,1749
13825.000,13825.000,20.00,2745
13830.000,13830.000,20.00,1395
13835.000,13835.000,20.00,1311
13840.000,13840.000,20.00,1107
13845.000,13845.000,20.00,1147
13850.000,13850.000,20.00,1172
13855.000,13855.000,20.00,1293
13860.000,13860.000,20.00,2007
13865.000,13865.000,20.00,2532
13870.000,13870.000,20.00,1390
13875.000,13875.000,20.00,2193
13880.000,13880.000,20.00,1521
13885.000,13885.000,20.00,1990
13890.000,13890.000,20.00,1724
13895.000,13895.000,20.00,1654
13900.000,13900.000,20.00,2206
13905.000,13905.000,20.00,1754
13910.000,13910.000,20.00,2321
13915.000,13915.000,20.00,2171
13920.000,13920.000,20.00,2570
13925.000,13925.000,20.00,2377
13930.000,13930.000,20.00,2163
13935.000,13935.000,20.00,1221
13940.000,13940.000,20.00,1278
13945.000,13945.000,20.00,1081
13950.000,13950.000,20.00,1712
13955.000,13955.000,20.00,2919
13960.000,13960.000,20.00,2861
13965.000,13965.000,20.00,2632
13970.000,13970.000,20.00,2843
13975.000,13975.000,20.00,2685
13980.000,13980.000,20.00,1682
13985.000,13985.000,20.00,1147
13990.000,13990.000,20.00,1358
13995.000,13995.000,20.00,1209
14000.000,14000.000,20.00,1330
14005.000,14005.000,20.00,1594
14010.000,14010.000,20.00,3762
14015.000,14015.000,20.00,3763
14020.000,14020.000,20.00,3763
14025.000,14025.000,20.00,3763
14030.000,14030.000,20.00,3732
14035.000,14035.000,20.00,3798
14040.000,14040.000,20.00,1580
14045.000,14045.000,20.00,1622
14050.000,14050.000,20.00,1376
14055.000,14055.000,20.00,1418
14060.000,14060.000,20.00,1281
14065.000,14065.000,20.00,1888
14070.000,14070.000,20.00,3811
14075.000,14075.000,20.00,3776
14080.000,14080.000,20.00,3774
14085.000,14085.000,20.00,3765
14090.000,14090.000,20.00,3783
14095.000,14095.000,20.00,3774
14100.000,14100.000,20.00,2256
14105.000,14105.000,20.00,2688
14110.000,14110.000,20.00,2548
14115.000,14115.000,20.00,2224
14120.000,14120.000,20.00,2648
14125.000,14125.000,20.00,1585
14130.000,14130.000,20.00,2314
14135.000,14135.000,20.00,1721
14140.000,14140.000,20.00,2377
14145.000,14145.000,20.00,2713
14150.000,14150.000,20.00,2013
14155.000,14155.000,20.00,2092
14160.000,14160.000,20.00,2679
14165.000,14165.000,20.00,2736
14170.000,14170.000,20.00,3154
14175.000,14175.000,20.00,1966
14180.000,14180.000,20.00,2322
14185.000,14185.000,20.00,2445
14190.000,14190.000,20.00,2854
14195.000,14195.000,20.00,2938
14200.000,14200.000,20.00,2646
14205.000,14205.000,20.00,2764
14210.000,14210.000,20.00,3037
14215.000,14215.000,20.00,2831
14220.000,14220.000,20.00,2233
14225.000,14225.000,20.00,2359
14230.000,14230.000,20.00,2365
14235.000,14235.000,20.00,2787
14240.000,14240.000,20.00,2092
14245.000,14245.000,20.00,1564
14250.000,14250.000,20.00,1552
14255.000,14255.000,20.00,1280
14260.000,14260.000,20.00,1329
14265.000,14265.000,20.00,1278
14270.000,14270.000,20.00,1403
14275.000,14275.000,20.00,1392
14280.000,14280.000,20.00,1981
14285.000,14285.000,20.00,1921
14290.000,14290.000,20.00,1793
14295.000,14295.000,20.00,1647
14300.000,14300.000,20.00,1617
14305.000,14305.000,20.00,1858
14310.000,14310.000,20.00,3806
14315.000,14315.000,20.00,3802
14320.000,14320.000,20.00,3807
14325.000,14325.000,20.00,3804
14330.000,14330.000,20.00,3807
14335.000,14335.000,20.00,3804
14340.000,14340.000,20.00,1843
14345.000,14345.000,20.00,2469
14350.000,14350.000,20.00,1709
14355.000,14355.000,20.00,2451
14360.000,14360.000,20.00,1265
14365.000,14365.000,20.00,1624
14370.000,14370.000,20.00,1886
14375.000,14375.000,20.00,2011
14380.000,14380.000,20.00,2013
14385.000,14385.000,20.00,1930
14390.000,14390.000,20.00,2196
14395.000,14395.000,20.00,1835
14400.000,14400.000,20.00,1530
14405.000,14405.000,20.00,1491
14410.000,14410.000,20.00,1167
14415.000,14415.000,20.00,1189
14420.000,14420.000,20.00,1173
14425.000,14425.000,20.00,2931
14430.000,14430.000,20.00,2314
14435.000,14435.000,20.00,1941
14440.000,14440.000,20.00,2134
14445.000,14445.000,20.00,2620
14450.000,14450.000,20.00,2514
14455.000,14455.000,20.00,2331
14460.000,14460.000,20.00,3795
14465.000,14465.000,20.00,3787
14470.000,14470.000,20.00,3802
14475.000,14475.000,20.00,3789
14480.000,14480.000,20.00,3791
14485.000,14485.000,20.00,3784
14490.000,14490.000,20.00,3804
14495.000,14495.000,20.00,3807
14500.000,14500.000,20.00,3804
14505.000,14505.000,20.00,3807
14510.000,14510.000,20.00,3807
14515.000,14515.000,20.00,3804
14520.000,14520.000,20.00,2738
14525.000,14525.000,20.00,2644
14530.000,14530.000,20.00,2055
14535.000,14535.000,20.00,1837
14540.000,14540.000,20.00,2354
14545.000,14545.000,20.00,2203
14550.000,14550.000,20.00,3793
14555.000,14555.000,20.00,3780
14560.000,14560.000,20.00,3793
14565.000,14565.000,20.00,3809
14570.000,14570.000,20.00,3780
14575.000,14575.000,20.00,3795
14580.000,14580.000,20.00,3730
14585.000,14585.000,20.00,3781
14590.000,14590.000,20.00,3804
14595.000,14595.000,20.00,3804
14600.000,14600.000,20.00,3806
14605.000,14605.000,20.00,3804
14610.000,14610.000,20.00,3795
14615.000,14615.000,20.00,3791
14620.000,14620.000,20.00,3798
14625.000,14625.000,20.00,3795
14630.000,14630.000,20.00,3795
14635.000,14635.000,20.00,3782
14640.000,14640.000,20.00,3746
14645.000,14645.000,20.00,3630
14650.000,14650.000,20.00,3802
14655.000,14655.000,20.00,3807
14660.000,14660.000,20.00,3804
14665.000,14665.000,20.00,3806
14670.000,14670.000,20.00,2876
14675.000,14675.000,20.00,2618
14680.000,14680.000,20.00,3108
14685.000,14685.000,20.00,3001
14690.000,14690.000,20.00,2539
14695.000,14695.000,20.00,2535
14700.000,14700.000,20.00,2365
14705.000,14705.000,20.00,2382
14710.000,14710.000,20.00,2718
14715.000,14715.000,20.00,2479
14720.000,14720.000,20.00,2280
14725.000,14725.000,20.00,2326
14730.000,14730.000,20.00,3795
14735.000,14735.000,20.00,3793
14740.000,14740.000,20.00,3795
14745.000,14745.000,20.00,3795
14750.000,14750.000,20.00,3793
14755.000,14755.000,20.00,3795
14760.000,14760.000,20.00,3804
14765.000,14765.000,20.00,3807
14770.000,14770.000,20.00,3804
14775.000,14775.000,20.00,3804
14780.000,14780.000,20.00,3776
14785.000,14785.000,20.00,3793
14790.000,14790.000,20.00,3795
14795.000,14795.000,20.00,3795
14800.000,14800.000,20.00,3795
14805.000,14805.000,20.00,3795
14810.000,14810.000,20.00,3795
14815.000,14815.000,20.00,3798
14820.000,14820.000,20.00,3804
14825.000,14825.000,20.00,3807
14830.000,14830.000,20.00,3807
14835.000,14835.000,20.00,3807
14840.000,14840.000,20.00,3806
14845.000,14845.000,20.00,3804
14850.000,14850.000,20.00,3762
14855.000,14855.000,20.00,3830
14860.000,14860.000,20.00,3823
14865.000,14865.000,20.00,3807
14870.000,14870.000,20.00,3804
14875.000,14875.000,20.00,3781
14880.000,14880.000,20.00,3795
14885.000,14885.000,20.00,3795
14890.000,14890.000,20.00,3795
14895.000,14895.000,20.00,3795
14900.000,14900.000,20.00,3795
14905.000,14905.000,20.00,3798
14910.000,14910.000,20.00,3804
14915.000,14915.000,20.00,3793
14920.000,14920.000,20.00,3818
14925.000,14925.000,20.00,3807
14930.000,14930.000,20.00,3807
14935.000,14935.000,20.00,3804
14940.000,14940.000,20.00,3804
14945.000,14945.000,20.00,3806
14950.000,14950.000,20.00,3804
14955.000,14955.000,20.00,3804
14960.000,14960.000,20.00,3807
14965.000,14965.000,20.00,3807
14970.000,14970.000,20.00,2178
14975.000,14975.000,20.00,1858
14980.000,14980.000,20.00,2215
14985.000,14985.000,20.00,2128
14990.000,14990.000,20.00,2138
14995.000,14995.000,20.00,2053
15000.000,15000.000,20.00,3806
15005.000,15005.000,20.00,3737
15010.000,15010.000,20.00,3871
15015.000,15015.000,20.00,3804
15020.000,15020.000,20.00,3788
15025.000,15025.000,20.00,3823
15030.000,15030.000,20.00,3806
15035.000,15035.000,20.00,3804
15040.000,15040.000,20.00,3807
15045.000,15045.000,20.00,3760
15050.000,15050.000,20.00,3851
15055.000,15055.000,20.00,3804
15060.000,15060.000,20.00,2565
15065.000,15065.000,20.00,2635
15070.000,15070.000,20.00,2826
15075.000,15075.000,20.00,2961
15080.000,15080.000,20.00,2723
15085.000,15085.000,20.00,3082
15090.000,15090.000,20.00,1575
15095.000,15095.000,20.00,1798
15100.000,15100.000,20.00,2618
15105.000,15105.000,20.00,1985
15110.000,15110.000,20.00,2099
15115.000,15115.000,20.00,2579
15120.000,15120.000,20.00,1851
15125.000,15125.000,20.00,2470
15130.000,15130.000,20.00,2328
15135.000,15135.000,20.00,1925
15140.000,15140.000,20.00,2085
15145.000,15145.000,20.00,2213
15150.000,15150.000,20.00,3793
15155.000,15155.000,20.00,3773
15160.000,15160.000,20.00,3817
15165.000,15165.000,20.00,3793
15170.000,15170.000,20.00,3795
15175.000,15175.000,20.00,3769
15180.000,15180.000,20.00,3804
15185.000,15185.000,20.00,3807
15190.000,15190.000,20.00,3804
15195.000,15195.000,20.00,3751
15200.000,15200.000,20.00,3860
15205.000,15205.000,20.00,3807
15210.000,15210.000,20.00,2905
15215.000,15215.000,20.00,2412
15220.000,15220.000,20.00,2358
15225.000,15225.000,20.00,3058
15230.000,15230.000,20.00,3153
15235.000,15235.000,20.00,2898
15240.000,15240.000,20.00,3837
15245.000,15245.000,20.00,3793
15250.000,15250.000,20.00,3795
15255.000,15255.000,20.00,3754
15260.000,15260.000,20.00,3822
15265.000,15265.000,20.00,3787
15270.000,15270.000,20.00,2043
15275.000,15275.000,20.00,2354
15280.000,15280.000,20.00,2004
15285.000,15285.000,20.00,2004
15290.000,15290.000,20.00,1988
15295.000,15295.000,20.00,2171
15300.000,15300.000,20.00,2108
15305.000,15305.000,20.00,2627
15310.000,15310.000,20.00,2203
15315.000,15315.000,20.00,2113
15320.000,15320.000,20.00,2335
15325.000,15325.000,20.00,2338
15330.000,15330.000,20.00,3121
15335.000,15335.000,20.00,2848
15340.000,15340.000,20.00,3119
15345.000,15345.000,20.00,2532
15350.000,15350.000,20.00,2878
15355.000,15355.000,20.00,3016
15360.000,15360.000,20.00,2611
15365.000,15365.000,20.00,2755
15370.000,15370.000,20.00,2940
15375.000,15375.000,20.00,2852
15380.000,15380.000,20.00,3040
15385.000,15385.000,20.00,2993
15390.000,15390.000,20.00,2662
15395.000,15395.000,20.00,2898
15400.000,15400.000,20.00,2305
15405.000,15405.000,20.00,2789
15410.000,15410.000,20.00,2586
15415.000,15415.000,20.00,2321
15420.000,15420.000,20.00,1477
15425.000,15425.000,20.00,2340
15430.000,15430.000,20.00,2016
15435.000,15435.000,20.00,1935
15440.000,15440.000,20.00,1456
15445.000,15445.000,20.00,2068
15450.000,15450.000,20.00,2224
15455.000,15455.000,20.00,2215
15460.000,15460.000,20.00,2018
15465.000,15465.000,20.00,1758
15470.000,15470.000,20.00,2013
15475.000,15475.000,20.00,2208
15480.000,15480.000,20.00,2194
15485.000,15485.000,20.00,2456
15490.000,15490.000,20.00,1981
15495.000,15495.000,20.00,2326
15500.000,15500.000,20.00,2405
15505.000,15505.000,20.00,2551
15510.000,15510.000,20.00,2552
15515.000,15515.000,20.00,2559
15520.000,15520.000,20.00,2390
15525.000,15525.000,20.00,1830
15530.000,15530.000,20.00,1593
15535.000,15535.000,20.00,2767
15540.000,15540.000,20.00,2192
15545.000,15545.000,20.00,1962
15550.000,15550.000,20.00,2875
15555.000,15555.000,20.00,2345
15560.000,15560.000,20.00,2006
15565.000,15565.000,20.00,2192
15570.000,15570.000,20.00,2572
15575.000,15575.000,20.00,3074
15580.000,15580.000,20.00,2317
15585.000,15585.000,20.00,2254
15590.000,15590.000,20.00,2203
15595.000,15595.000,20.00,1909
15600.000,15600.000,20.00,3804
15605.000,15605.000,20.00,3807
15610.000,15610.000,20.00,3804
15615.000,15615.000,20.00,3804
15620.000,15620.000,20.00,3795
15625.000,15625.000,20.00,3804
15630.000,15630.000,20.00,2233
15635.000,15635.000,20.00,2201
15640.000,15640.000,20.00,2521
15645.000,15645.000,20.00,2444
15650.000,15650.000,20.00,2046
15655.000,15655.000,20.00,2597
15660.000,15660.000,20.00,1779
15665.000,15665.000,20.00,2701
15670.000,15670.000,20.00,2526
15675.000,15675.000,20.00,2909
15680.000,15680.000,20.00,2410
15685.000,15685.000,20.00,2248
15690.000,15690.000,20.00,2092
15695.000,15695.000,20.00,2092
15700.000,15700.000,20.00,2555
15705.000,15705.000,20.00,2131
15710.000,15710.000,20.00,2027
15715.000,15715.000,20.00,2233
15720.000,15720.000,20.00,2121
15725.000,15725.000,20.00,1502
15730.000,15730.000,20.00,1561
15735.000,15735.000,20.00,2618
15740.000,15740.000,20.00,2106
15745.000,15745.000,20.00,2758
15750.000,15750.000,20.00,3804
15755.000,15755.000,20.00,3804
15760.000,15760.000,20.00,3807
15765.000,15765.000,20.00,3804
15770.000,15770.000,20.00,3807
15775.000,15775.000,20.00,3760
15780.000,15780.000,20.00,3804
15785.000,15785.000,20.00,3807
15790.000,15790.000,20.00,3772
15795.000,15795.000,20.00,3769
15800.000,15800.000,20.00,3788
15805.000,15805.000,20.00,3790
15810.000,15810.000,20.00,3697
15815.000,15815.000,20.00,3793
15820.000,15820.000,20.00,3795
15825.000,15825.000,20.00,3793
15830.000,15830.000,20.00,3795
15835.000,15835.000,20.00,3793
15840.000,15840.000,20.00,3802
15845.000,15845.000,20.00,3806
15850.000,15850.000,20.00,3804
15855.000,15855.000,20.00,3802
15860.000,15860.000,20.00,3807
15865.000,15865.000,20.00,3807
15870.000,15870.000,20.00,2261
15875.000,15875.000,20.00,1674
15880.000,15880.000,20.00,1707
15885.000,15885.000,20.00,2097
15890.000,15890.000,20.00,1591
15895.000,15895.000,20.00,2160
15900.000,15900.000,20.00,2430
15905.000,15905.000,20.00,2409
15910.000,15910.000,20.00,2421
15915.000,15915.000,20.00,2769
15920.000,15920.000,20.00,2831
15925.000,15925.000,20.00,2180
15930.000,15930.000,20.00,2268
15935.000,15935.000,20.00,1974
15940.000,15940.000,20.00,2405
15945.000,15945.000,20.00,2289
15950.000,15950.000,20.00,2482
15955.000,15955.000,20.00,1471
15960.000,15960.000,20.00,2356
15965.000,15965.000,20.00,2630
15970.000,15970.000,20.00,2875
15975.000,15975.000,20.00,2433
15980.000,15980.000,20.00,2833
15985.000,15985.000,20.00,2303
15990.000,15990.000,20.00,3809
15995.000,15995.000,20.00,3797
16000.000,16000.000,20.00,3813
16005.000,16005.000,20.00,3804
16010.000,16010.000,20.00,3788
16015.000,16015.000,20.00,3820
16020.000,16020.000,20.00,3795
16025.000,16025.000,20.00,3795
16030.000,16030.000,20.00,3793
16035.000,16035.000,20.00,3795
16040.000,16040.000,20.00,3771
16045.000,16045.000,20.00,3817
16050.000,16050.000,20.00,3804
16055.000,16055.000,20.00,3802
16060.000,16060.000,20.00,3804
16065.000,16065.000,20.00,3767
16070.000,16070.000,20.00,3823
16075.000,16075.000,20.00,3774
16080.000,16080.000,20.00,3698
16085.000,16085.000,20.00,3762
16090.000,16090.000,20.00,3718
16095.000,16095.000,20.00,3742
16100.000,16100.000,20.00,3860
16105.000,16105.000,20.00,3804
16110.000,16110.000,20.00,2238
16115.000,16115.000,20.00,1974
16120.000,16120.000,20.00,2071
16125.000,16125.000,20.00,2509
16130.000,16130.000,20.00,2025
16135.000,16135.000,20.00,1601
16140.000,16140.000,20.00,2515
16145.000,16145.000,20.00,2482
16150.000,16150.000,20.00,3051
16155.000,16155.000,20.00,2729
16160.000,16160.000,20.00,2819
16165.000,16165.000,20.00,3045
16170.000,16170.000,20.00,2604
16175.000,16175.000,20.00,2384
16180.000,16180.000,20.00,2562
16185.000,16185.000,20.00,2590
16190.000,16190.000,20.00,2166
16195.000,16195.000,20.00,2460
16200.000,16200.000,20.00,2791
16205.000,16205.000,20.00,2355
16210.000,16210.000,20.00,2495
16215.000,16215.000,20.00,3003
16220.000,16220.000,20.00,2088
16225.000,16225.000,20.00,1267
16230.000,16230.000,20.00,1941
16235.000,16235.000,20.00,1601
16240.000,16240.000,20.00,1555
16245.000,16245.000,20.00,1355
16250.000,16250.000,20.00,1548
16255.000,16255.000,20.00,1490
16260.000,16260.000,20.00,3804
16265.000,16265.000,20.00,3756
16270.000,16270.000,20.00,3818
16275.000,16275.000,20.00,3841
16280.000,16280.000,20.00,3804
16285.000,16285.000,20.00,3804
16290.000,16290.000,20.00,3804
16295.000,16295.000,20.00,3804
16300.000,16300.000,20.00,3807
16305.000,16305.000,20.00,3804
16310.000,16310.000,20.00,3804
16315.000,16315.000,20.00,3807
16320.000,16320.000,20.00,3795
16325.000,16325.000,20.00,3816
16330.000,16330.000,20.00,3804
16335.000,16335.000,20.00,3807
16340.000,16340.000,20.00,3804
16345.000,16345.000,20.00,3807
16350.000,16350.000,20.00,2263
16355.000,16355.000,20.00,2824
16360.000,16360.000,20.00,3629
16365.000,16365.000,20.00,3622
16370.000,16370.000,20.00,3539
16375.000,16375.000,20.00,3612
16380.000,16380.000,20.00,3795
16385.000,16385.000,20.00,3790
16390.000,16390.000,20.00,3820
16395.000,16395.000,20.00,3804
16400.000,16400.000,20.00,3744
16405.000,16405.000,20.00,3869
16410.000,16410.000,20.00,2440
16415.000,16415.000,20.00,1904
16420.000,16420.000,20.00,2224
16425.000,16425.000,20.00,2370
16430.000,16430.000,20.00,2090
16435.000,16435.000,20.00,1812
16440.000,16440.000,20.00,3786
16445.000,16445.000,20.00,3732
16450.000,16450.000,20.00,2296
16455.000,16455.000,20.00,2692
16460.000,16460.000,20.00,2602
16465.000,16465.000,20.00,2581
16470.000,16470.000,20.00,2408
16475.000,16475.000,20.00,2727
16480.000,16480.000,20.00,2613
16485.000,16485.000,20.00,3003
16490.000,16490.000,20.00,3147
16495.000,16495.000,20.00,2640
16500.000,16500.000,20.00,2057
16505.000,16505.000,20.00,2282
16510.000,16510.000,20.00,2099
16515.000,16515.000,20.00,2792
16520.000,16520.000,20.00,2525
16525.000,16525.000,20.00,2370
16530.000,16530.000,20.00,2624
16535.000,16535.000,20.00,1648
16540.000,16540.000,20.00,2500
16545.000,16545.000,20.00,2351
16550.000,16550.000,20.00,1572
16555.000,16555.000,20.00,1928
16560.000,16560.000,20.00,2301
16565.000,16565.000,20.00,1747
16570.000,16570.000,20.00,2280
16575.000,16575.000,20.00,1701
16580.000,16580.000,20.00,2732
16585.000,16585.000,20.00,3204
16590.000,16590.000,20.00,2465
16595.000,16595.000,20.00,2704
16600.000,16600.000,20.00,2593
16605.000,16605.000,20.00,1972
16610.000,16610.000,20.00,2486
16615.000,16615.000,20.00,2354
16620.000,16620.000,20.00,1963
16625.000,16625.000,20.00,2957
16630.000,16630.000,20.00,2471
16635.000,16635.000,20.00,1970
16640.000,16640.000,20.00,2721
16645.000,16645.000,20.00,2714
16650.000,16650.000,20.00,2238
16655.000,16655.000,20.00,2852
16660.000,16660.000,20.00,2182
16665.000,16665.000,20.00,2287
16670.000,16670.000,20.00,2213
16675.000,16675.000,20.00,2150
16680.000,16680.000,20.00,2833
16685.000,16685.000,20.00,3021
16690.000,16690.000,20.00,2620
16695.000,16695.000,20.00,2270
16700.000,16700.000,20.00,2597
16705.000,16705.000,20.00,2734
16710.000,16710.000,20.00,3813
16715.000,16715.000,20.00,3793
16720.000,16720.000,20.00,3789
16725.000,16725.000,20.00,3795
16730.000,16730.000,20.00,3793
16735.000,16735.000,20.00,3795
16740.000,16740.000,20.00,3804
16745.000,16745.000,20.00,3807
16750.000,16750.000,20.00,3804
16755.000,16755.000,20.00,3807
16760.000,16760.000,20.00,3807
16765.000,16765.000,20.00,3767
16770.000,16770.000,20.00,3795
16775.000,16775.000,20.00,3795
16780.000,16780.000,20.00,3793
16785.000,16785.000,20.00,3795
16790.000,16790.000,20.00,3795
16795.000,16795.000,20.00,3793
16800.000,16800.000,20.00,2261
16805.000,16805.000,20.00,1467
16810.000,16810.000,20.00,1485
16815.000,16815.000,20.00,2321
16820.000,16820.000,20.00,1872
16825.000,16825.000,20.00,2078
16830.000,16830.000,20.00,3795
16835.000,16835.000,20.00,3793
16840.000,16840.000,20.00,3749
16845.000,16845.000,20.00,3841
16850.000,16850.000,20.00,3793
16855.000,16855.000,20.00,3782
16860.000,16860.000,20.00,3806
16865.000,16865.000,20.00,3807
16870.000,16870.000,20.00,3804
16875.000,16875.000,20.00,3795
16880.000,16880.000,20.00,3804
16885.000,16885.000,20.00,3806
16890.000,16890.000,20.00,3793
16895.000,16895.000,20.00,3795
16900.000,16900.000,20.00,3795
16905.000,16905.000,20.00,3793
16910.000,16910.000,20.00,3795
16915.000,16915.000,20.00,3795
16920.000,16920.000,20.00,3774
16925.000,16925.000,20.00,3774
16930.000,16930.000,20.00,3774
16935.000,16935.000,20.00,3749
16940.000,16940.000,20.00,3802
16945.000,16945.000,20.00,3774
16950.000,16950.000,20.00,2618
16955.000,16955.000,20.00,1893
16960.000,16960.000,20.00,1946
16965.000,16965.000,20.00,2460
16970.000,16970.000,20.00,2377
16975.000,16975.000,20.00,2182
16980.000,16980.000,20.00,2611
16985.000,16985.000,20.00,2525
16990.000,16990.000,20.00,2152
16995.000,16995.000,20.00,2171
17000.000,17000.000,20.00,2558
17005.000,17005.000,20.00,1823
17010.000,17010.000,20.00,2597
17015.000,17015.000,20.00,1997
17020.000,17020.000,20.00,2359
17025.000,17025.000,20.00,2034
17030.000,17030.000,20.00,2396
17035.000,17035.000,20.00,2180
17040.000,17040.000,20.00,2390
17045.000,17045.000,20.00,1926
17050.000,17050.000,20.00,2528
17055.000,17055.000,20.00,2486
17060.000,17060.000,20.00,2469
17065.000,17065.000,20.00,2154
17070.000,17070.000,20.00,2516
17075.000,17075.000,20.00,2555
17080.000,17080.000,20.00,2164
17085.000,17085.000,20.00,2979
17090.000,17090.000,20.00,2458
17095.000,17095.000,20.00,2868
17100.000,17100.000,20.00,1563
17105.000,17105.000,20.00,1946
17110.000,17110.000,20.00,2252
17115.000,17115.000,20.00,2561
17120.000,17120.000,20.00,2211
17125.000,17125.000,20.00,2405
17130.000,17130.000,20.00,2226
17135.000,17135.000,20.00,2495
17140.000,17140.000,20.00,2324
17145.000,17145.000,20.00,1902
17150.000,17150.000,20.00,1761
17155.000,17155.000,20.00,1921
17160.000,17160.000,20.00,2003
17165.000,17165.000,20.00,2095
17170.000,17170.000,20.00,1766
17175.000,17175.000,20.00,2171
17180.000,17180.000,20.00,2211
17185.000,17185.000,20.00,2062
17190.000,17190.000,20.00,1244
17195.000,17195.000,20.00,2224
17200.000,17200.000,20.00,2474
17205.000,17205.000,20.00,1585
17210.000,17210.000,20.00,1816
17215.000,17215.000,20.00,2148
