since,relative_seconds,rtt,bandwidth_kbps
0.000,0.000,20.00,58605
5.000,5.000,20.00,58491
10.000,10.000,20.00,58595
15.000,15.000,20.00,58592
20.000,20.000,20.00,58590
25.000,25.000,20.00,58587
30.000,30.000,20.00,56747
35.000,35.000,20.00,58594
40.000,40.000,20.00,58265
45.000,45.000,20.00,58597
50.000,50.000,20.00,58308
55.000,55.000,20.00,58601
60.000,60.000,20.00,58598
65.000,65.000,20.00,58597
70.000,70.000,20.00,58600
75.000,75.000,20.00,58596
80.000,80.000,20.00,58581
85.000,85.000,20.00,58601
90.000,90.000,20.00,57547
95.000,95.000,20.00,58448
100.000,100.000,20.00,58740
105.000,105.000,20.00,58068
110.000,110.000,20.00,58601
115.000,115.000,20.00,58597
120.000,120.000,20.00,58591
125.000,125.000,20.00,58594
130.000,130.000,20.00,58595
135.000,135.000,20.00,58596
140.000,140.000,20.00,58607
145.000,145.000,20.00,58599
150.000,150.000,20.00,58636
155.000,155.000,20.00,58608
160.000,160.000,20.00,58612
165.000,165.000,20.00,58567
170.000,170.000,20.00,58620
175.000,175.000,20.00,58607
180.000,180.000,20.00,58613
185.000,185.000,20.00,58603
190.000,190.000,20.00,58601
195.000,195.000,20.00,58583
200.000,200.000,20.00,58599
205.000,205.000,20.00,58597
210.000,210.000,20.00,58583
215.000,215.000,20.00,58619
220.000,220.000,20.00,58586
225.000,225.000,20.00,58597
230.000,230.000,20.00,58617
235.000,235.000,20.00,58592
240.000,240.000,20.00,58602
245.000,245.000,20.00,58610
250.000,250.000,20.00,58586
255.000,255.000,20.00,58583
260.000,260.000,20.00,58598
265.000,265.000,20.00,58579
270.000,270.000,20.00,58598
275.000,275.000,20.00,58582
280.000,280.000,20.00,58606
285.000,285.000,20.00,58594
290.000,290.000,20.00,58594
295.000,295.000,20.00,58615
300.000,300.000,20.00,58602
305.000,305.000,20.00,58588
310.000,310.000,20.00,58606
315.000,315.000,20.00,58600
320.000,320.000,20.00,58599
325.000,325.000,20.00,58586
330.000,330.000,20.00,58602
335.000,335.000,20.00,58592
340.000,340.000,20.00,58598
345.000,345.000,20.00,58606
350.000,350.000,20.00,58592
355.000,355.000,20.00,58598
360.000,360.000,20.00,58546
365.000,365.000,20.00,58623
370.000,370.000,20.00,58595
375.000,375.000,20.00,58454
380.000,380.000,20.00,58582
385.000,385.000,20.00,58599
390.000,390.000,20.00,58592
395.000,395.000,20.00,58610
400.000,400.000,20.00,58592
405.000,405.000,20.00,58612
410.000,410.000,20.00,58594
415.000,415.000,20.00,58595
420.000,420.000,20.00,58600
425.000,425.000,20.00,58580
430.000,430.000,20.00,57014
435.000,435.000,20.00,58599
440.000,440.000,20.00,58595
445.000,445.000,20.00,58591
450.000,450.000,20.00,58599
455.000,455.000,20.00,58610
460.000,460.000,20.00,58601
465.000,465.000,20.00,58602
470.000,470.000,20.00,58591
475.000,475.000,20.00,58600
480.000,480.000,20.00,58581
485.000,485.000,20.00,58597
490.000,490.000,20.00,58608
495.000,495.000,20.00,58608
500.000,500.000,20.00,58576
505.000,505.000,20.00,58606
510.000,510.000,20.00,58605
515.000,515.000,20.00,58526
520.000,520.000,20.00,58671
525.000,525.000,20.00,58612
530.000,530.000,20.00,58603
535.000,535.000,20.00,58608
540.000,540.000,20.00,58579
545.000,545.000,20.00,58620
550.000,550.000,20.00,58602
555.000,555.000,20.00,58596
560.000,560.000,20.00,58613
565.000,565.000,20.00,58586
570.000,570.000,20.00,57273
575.000,575.000,20.00,55044
580.000,580.000,20.00,54640
585.000,585.000,20.00,58250
590.000,590.000,20.00,58288
595.000,595.000,20.00,58351
600.000,600.000,20.00,58604
605.000,605.000,20.00,58588
610.000,610.000,20.00,58620
615.000,615.000,20.00,58576
620.000,620.000,20.00,57489
625.000,625.000,20.00,52304
630.000,630.000,20.00,58616
635.000,635.000,20.00,58629
640.000,640.000,20.00,58615
645.000,645.000,20.00,58630
650.000,650.000,20.00,58606
655.000,655.000,20.00,58592
660.000,660.000,20.00,57257
665.000,665.000,20.00,53805
670.000,670.000,20.00,55812
675.000,675.000,20.00,58607
680.000,680.000,20.00,58590
685.000,685.000,20.00,58613
690.000,690.000,20.00,58591
695.000,695.000,20.00,58601
700.000,700.000,20.00,58594
705.000,705.000,20.00,58525
710.000,710.000,20.00,58533
715.000,715.000,20.00,58485
720.000,720.000,20.00,58616
725.000,725.000,20.00,58589
730.000,730.000,20.00,58613
735.000,735.000,20.00,58617
740.000,740.000,20.00,58532
745.000,745.000,20.00,58480
750.000,750.000,20.00,58257
755.000,755.000,20.00,58923
760.000,760.000,20.00,58593
765.000,765.000,20.00,58071
770.000,770.000,20.00,59104
775.000,775.000,20.00,58619
780.000,780.000,20.00,58590
785.000,785.000,20.00,58580
790.000,790.000,20.00,57739
795.000,795.000,20.00,58587
800.000,800.000,20.00,58517
805.000,805.000,20.00,58597
810.000,810.000,20.00,58600
815.000,815.000,20.00,58593
820.000,820.000,20.00,58594
825.000,825.000,20.00,58607
830.000,830.000,20.00,58597
835.000,835.000,20.00,58610
840.000,840.000,20.00,58598
845.000,845.000,20.00,58610
850.000,850.000,20.00,58587
855.000,855.000,20.00,58620
860.000,860.000,20.00,58600
865.000,865.000,20.00,58610
870.000,870.000,20.00,58577
875.000,875.000,20.00,58601
880.000,880.000,20.00,58051
885.000,885.000,20.00,58596
890.000,890.000,20.00,58626
895.000,895.000,20.00,58636
900.000,900.000,20.00,58356
905.000,905.000,20.00,58551
910.000,910.000,20.00,58596
915.000,915.000,20.00,58586
920.000,920.000,20.00,58438
925.000,925.000,20.00,58471
930.000,930.000,20.00,58458
935.000,935.000,20.00,58518
940.000,940.000,20.00,58597
945.000,945.000,20.00,58552
950.000,950.000,20.00,58486
955.000,955.000,20.00,58489
960.000,960.000,20.00,58608
965.000,965.000,20.00,58601
970.000,970.000,20.00,58611
975.000,975.000,20.00,58598
980.000,980.000,20.00,58609
985.000,985.000,20.00,58606
990.000,990.000,20.00,58612
995.000,995.000,20.00,58595
1000.000,1000.000,20.00,58599
1005.000,1005.000,20.00,58599
1010.000,1010.000,20.00,58585
1015.000,1015.000,20.00,58620
1020.000,1020.000,20.00,58592
1025.000,1025.000,20.00,58615
1030.000,1030.000,20.00,58607
1035.000,1035.000,20.00,58605
1040.000,1040.000,20.00,58601
1045.000,1045.000,20.00,58612
1050.000,1050.000,20.00,58569
1055.000,1055.000,20.00,58587
1060.000,1060.000,20.00,58527
1065.000,1065.000,20.00,58612
1070.000,1070.000,20.00,58600
1075.000,1075.000,20.00,58597
1080.000,1080.000,20.00,58585
1085.000,1085.000,20.00,58606
1090.000,1090.000,20.00,58576
1095.000,1095.000,20.00,58606
1100.000,1100.000,20.00,58607
1105.000,1105.000,20.00,58594
1110.000,1110.000,20.00,58565
1115.000,1115.000,20.00,58611
1120.000,1120.000,20.00,58476
1125.000,1125.000,20.00,58551
1130.000,1130.000,20.00,58603
1135.000,1135.000,20.00,58546
1140.000,1140.000,20.00,58602
1145.000,1145.000,20.00,58553
1150.000,1150.000,20.00,58557
1155.000,1155.000,20.00,58578
1160.000,1160.000,20.00,58600
1165.000,1165.000,20.00,58586
1170.000,1170.000,20.00,58722
1175.000,1175.000,20.00,58568
1180.000,1180.000,20.00,58577
1185.000,1185.000,20.00,58601
1190.000,1190.000,20.00,58601
1195.000,1195.000,20.00,58557
1200.000,1200.000,20.00,58596
1205.000,1205.000,20.00,58616
1210.000,1210.000,20.00,58608
1215.000,1215.000,20.00,58631
1220.000,1220.000,20.00,58555
1225.000,1225.000,20.00,58682
1230.000,1230.000,20.00,58608
1235.000,1235.000,20.00,58601
1240.000,1240.000,20.00,58587
1245.000,1245.000,20.00,58609
1250.000,1250.000,20.00,58610
1255.000,1255.000,20.00,58584
1260.000,1260.000,20.00,58605
1265.000,1265.000,20.00,58598
1270.000,1270.000,20.00,58599
1275.000,1275.000,20.00,58605
1280.000,1280.000,20.00,58594
1285.000,1285.000,20.00,58609
1290.000,1290.000,20.00,58629
1295.000,1295.000,20.00,58613
1300.000,1300.000,20.00,58631
1305.000,1305.000,20.00,58596
1310.000,1310.000,20.00,58646
1315.000,1315.000,20.00,58642
1320.000,1320.000,20.00,58594
1325.000,1325.000,20.00,58607
1330.000,1330.000,20.00,58603
1335.000,1335.000,20.00,58599
1340.000,1340.000,20.00,58592
1345.000,1345.000,20.00,58602
1350.000,1350.000,20.00,58609
1355.000,1355.000,20.00,58585
1360.000,1360.000,20.00,58599
1365.000,1365.000,20.00,58617
1370.000,1370.000,20.00,58591
1375.000,1375.000,20.00,58587
1380.000,1380.000,20.00,58554
1385.000,1385.000,20.00,58608
1390.000,1390.000,20.00,58601
1395.000,1395.000,20.00,58591
1400.000,1400.000,20.00,58613
1405.000,1405.000,20.00,58601
1410.000,1410.000,20.00,58604
1415.000,1415.000,20.00,58617
1420.000,1420.000,20.00,58582
1425.000,1425.000,20.00,58618
1430.000,1430.000,20.00,58593
1435.000,1435.000,20.00,58611
1440.000,1440.000,20.00,58601
1445.000,1445.000,20.00,58603
1450.000,1450.000,20.00,58603
1455.000,1455.000,20.00,58599
1460.000,1460.000,20.00,58610
1465.000,1465.000,20.00,58602
1470.000,1470.000,20.00,58572
1475.000,1475.000,20.00,58626
1480.000,1480.000,20.00,58527
1485.000,1485.000,20.00,58632
1490.000,1490.000,20.00,58575
1495.000,1495.000,20.00,58622
1500.000,1500.000,20.00,58578
1505.000,1505.000,20.00,58585
1510.000,1510.000,20.00,58581
1515.000,1515.000,20.00,58577
1520.000,1520.000,20.00,58462
1525.000,1525.000,20.00,58685
1530.000,1530.000,20.00,58476
1535.000,1535.000,20.00,58751
1540.000,1540.000,20.00,58597
1545.000,1545.000,20.00,58606
1550.000,1550.000,20.00,58600
1555.000,1555.000,20.00,58560
1560.000,1560.000,20.00,58598
1565.000,1565.000,20.00,58600
1570.000,1570.000,20.00,58513
1575.000,1575.000,20.00,58679
1580.000,1580.000,20.00,58595
1585.000,1585.000,20.00,58603
1590.000,1590.000,20.00,58600
1595.000,1595.000,20.00,58603
1600.000,1600.000,20.00,58601
1605.000,1605.000,20.00,58600
1610.000,1610.000,20.00,58602
1615.000,1615.000,20.00,58603
1620.000,1620.000,20.00,58595
1625.000,1625.000,20.00,58596
1630.000,1630.000,20.00,58601
1635.000,1635.000,20.00,58602
1640.000,1640.000,20.00,58555
1645.000,1645.000,20.00,55704
1650.000,1650.000,20.00,58600
1655.000,1655.000,20.00,58603
1660.000,1660.000,20.00,58598
1665.000,1665.000,20.00,58601
1670.000,1670.000,20.00,58597
1675.000,1675.000,20.00,58603
1680.000,1680.000,20.00,58600
1685.000,1685.000,20.00,58600
1690.000,1690.000,20.00,58600
1695.000,1695.000,20.00,58583
1700.000,1700.000,20.00,58605
1705.000,1705.000,20.00,58602
1710.000,1710.000,20.00,58618
1715.000,1715.000,20.00,58599
1720.000,1720.000,20.00,58612
1725.000,1725.000,20.00,58587
1730.000,1730.000,20.00,58616
1735.000,1735.000,20.00,58598
1740.000,1740.000,20.00,58575
1745.000,1745.000,20.00,58602
1750.000,1750.000,20.00,58594
1755.000,1755.000,20.00,58568
1760.000,1760.000,20.00,58592
1765.000,1765.000,20.00,58583
1770.000,1770.000,20.00,58599
1775.000,1775.000,20.00,58576
1780.000,1780.000,20.00,58585
1785.000,1785.000,20.00,58530
1790.000,1790.000,20.00,58594
1795.000,1795.000,20.00,58610
1800.000,1800.000,20.00,58578
1805.000,1805.000,20.00,58493
1810.000,1810.000,20.00,58611
1815.000,1815.000,20.00,58548
1820.000,1820.000,20.00,58586
1825.000,1825.000,20.00,58590
1830.000,1830.000,20.00,58585
1835.000,1835.000,20.00,58617
1840.000,1840.000,20.00,58585
1845.000,1845.000,20.00,58613
1850.000,1850.000,20.00,58601
1855.000,1855.000,20.00,58602
1860.000,1860.000,20.00,58601
1865.000,1865.000,20.00,58285
1870.000,1870.000,20.00,58590
1875.000,1875.000,20.00,58587
1880.000,1880.000,20.00,58598
1885.000,1885.000,20.00,58590
1890.000,1890.000,20.00,58601
1895.000,1895.000,20.00,58599
1900.000,1900.000,20.00,58608
1905.000,1905.000,20.00,58603
1910.000,1910.000,20.00,58591
1915.000,1915.000,20.00,58610
1920.000,1920.000,20.00,58600
1925.000,1925.000,20.00,58611
1930.000,1930.000,20.00,58600
1935.000,1935.000,20.00,58588
1940.000,1940.000,20.00,58564
1945.000,1945.000,20.00,58591
1950.000,1950.000,20.00,58600
1955.000,1955.000,20.00,58595
1960.000,1960.000,20.00,58613
1965.000,1965.000,20.00,58596
1970.000,1970.000,20.00,58592
1975.000,1975.000,20.00,58573
1980.000,1980.000,20.00,58598
1985.000,1985.000,20.00,58600
1990.000,1990.000,20.00,58609
1995.000,1995.000,20.00,58615
2000.000,2000.000,20.00,58604
2005.000,2005.000,20.00,58605
2010.000,2010.000,20.00,58602
2015.000,2015.000,20.00,58610
2020.000,2020.000,20.00,58601
2025.000,2025.000,20.00,58578
2030.000,2030.000,20.00,58591
2035.000,2035.000,20.00,58616
2040.000,2040.000,20.00,58599
2045.000,2045.000,20.00,58600
2050.000,2050.000,20.00,58607
2055.000,2055.000,20.00,58603
2060.000,2060.000,20.00,58599
2065.000,2065.000,20.00,58600
2070.000,2070.000,20.00,58609
2075.000,2075.000,20.00,58403
2080.000,2080.000,20.00,58786
2085.000,2085.000,20.00,58616
2090.000,2090.000,20.00,58602
2095.000,2095.000,20.00,58602
2100.000,2100.000,20.00,58597
2105.000,2105.000,20.00,58599
2110.000,2110.000,20.00,58602
2115.000,2115.000,20.00,58591
2120.000,2120.000,20.00,58493
2125.000,2125.000,20.00,58602
2130.000,2130.000,20.00,58592
2135.000,2135.000,20.00,58611
2140.000,2140.000,20.00,58587
2145.000,2145.000,20.00,58620
2150.000,2150.000,20.00,58602
2155.000,2155.000,20.00,58485
2160.000,2160.000,20.00,58496
2165.000,2165.000,20.00,58601
2170.000,2170.000,20.00,58603
2175.000,2175.000,20.00,58586
2180.000,2180.000,20.00,58621
2185.000,2185.000,20.00,58588
2190.000,2190.000,20.00,58622
2195.000,2195.000,20.00,58571
2200.000,2200.000,20.00,58608
2205.000,2205.000,20.00,58608
2210.000,2210.000,20.00,58601
2215.000,2215.000,20.00,58589
2220.000,2220.000,20.00,58602
2225.000,2225.000,20.00,58600
2230.000,2230.000,20.00,58603
2235.000,2235.000,20.00,58592
2240.000,2240.000,20.00,58594
2245.000,2245.000,20.00,58588
2250.000,2250.000,20.00,58604
2255.000,2255.000,20.00,58594
2260.000,2260.000,20.00,58596
2265.000,2265.000,20.00,58603
2270.000,2270.000,20.00,58607
2275.000,2275.000,20.00,58599
2280.000,2280.000,20.00,58595
2285.000,2285.000,20.00,58552
2290.000,2290.000,20.00,58579
2295.000,2295.000,20.00,58595
2300.000,2300.000,20.00,58542
2305.000,2305.000,20.00,58586
2310.000,2310.000,20.00,58763
2315.000,2315.000,20.00,58355
2320.000,2320.000,20.00,58797
2325.000,2325.000,20.00,58404
2330.000,2330.000,20.00,58717
2335.000,2335.000,20.00,58494
2340.000,2340.000,20.00,58587
2345.000,2345.000,20.00,58604
2350.000,2350.000,20.00,58603
2355.000,2355.000,20.00,58611
2360.000,2360.000,20.00,58590
2365.000,2365.000,20.00,58594
2370.000,2370.000,20.00,58617
2375.000,2375.000,20.00,58583
2380.000,2380.000,20.00,58599
2385.000,2385.000,20.00,58587
2390.000,2390.000,20.00,58550
2395.000,2395.000,20.00,58597
2400.000,2400.000,20.00,58748
2405.000,2405.000,20.00,58598
2410.000,2410.000,20.00,58593
2415.000,2415.000,20.00,58612
2420.000,2420.000,20.00,58600
2425.000,2425.000,20.00,58600
2430.000,2430.000,20.00,58609
2435.000,2435.000,20.00,58591
2440.000,2440.000,20.00,58607
2445.000,2445.000,20.00,58607
2450.000,2450.000,20.00,58597
2455.000,2455.000,20.00,58590
2460.000,2460.000,20.00,58577
2465.000,2465.000,20.00,58628
2470.000,2470.000,20.00,58562
2475.000,2475.000,20.00,58660
2480.000,2480.000,20.00,58563
2485.000,2485.000,20.00,58594
2490.000,2490.000,20.00,58603
2495.000,2495.000,20.00,58612
2500.000,2500.000,20.00,58605
2505.000,2505.000,20.00,58599
2510.000,2510.000,20.00,58597
2515.000,2515.000,20.00,58593
2520.000,2520.000,20.00,58603
2525.000,2525.000,20.00,58599
2530.000,2530.000,20.00,58604
2535.000,2535.000,20.00,58597
2540.000,2540.000,20.00,58563
2545.000,2545.000,20.00,58602
2550.000,2550.000,20.00,58568
2555.000,2555.000,20.00,58637
2560.000,2560.000,20.00,58528
2565.000,2565.000,20.00,58653
2570.000,2570.000,20.00,58613
2575.000,2575.000,20.00,58547
2580.000,2580.000,20.00,58602
2585.000,2585.000,20.00,58597
2590.000,2590.000,20.00,58609
2595.000,2595.000,20.00,58592
2600.000,2600.000,20.00,50045
2605.000,2605.000,20.00,57904
2610.000,2610.000,20.00,58466
2615.000,2615.000,20.00,58749
2620.000,2620.000,20.00,58458
2625.000,2625.000,20.00,58746
2630.000,2630.000,20.00,58456
2635.000,2635.000,20.00,58738
2640.000,2640.000,20.00,58600
2645.000,2645.000,20.00,58599
2650.000,2650.000,20.00,58601
2655.000,2655.000,20.00,58546
2660.000,2660.000,20.00,58631
2665.000,2665.000,20.00,58566
2670.000,2670.000,20.00,58601
2675.000,2675.000,20.00,58599
2680.000,2680.000,20.00,58601
2685.000,2685.000,20.00,58596
2690.000,2690.000,20.00,58603
2695.000,2695.000,20.00,58598
2700.000,2700.000,20.00,58602
2705.000,2705.000,20.00,58606
2710.000,2710.000,20.00,58594
2715.000,2715.000,20.00,58570
2720.000,2720.000,20.00,58651
2725.000,2725.000,20.00,58608
2730.000,2730.000,20.00,58598
2735.000,2735.000,20.00,58606
2740.000,2740.000,20.00,58516
2745.000,2745.000,20.00,58687
2750.000,2750.000,20.00,58497
2755.000,2755.000,20.00,58687
2760.000,2760.000,20.00,58591
2765.000,2765.000,20.00,58610
2770.000,2770.000,20.00,58601
2775.000,2775.000,20.00,58555
2780.000,2780.000,20.00,58592
2785.000,2785.000,20.00,58613
2790.000,2790.000,20.00,58616
2795.000,2795.000,20.00,58601
2800.000,2800.000,20.00,58568
2805.000,2805.000,20.00,58602
2810.000,2810.000,20.00,58599
2815.000,2815.000,20.00,58598
2820.000,2820.000,20.00,58592
2825.000,2825.000,20.00,58594
2830.000,2830.000,20.00,58538
2835.000,2835.000,20.00,58657
2840.000,2840.000,20.00,55006
2845.000,2845.000,20.00,58599
2850.000,2850.000,20.00,58606
2855.000,2855.000,20.00,58610
2860.000,2860.000,20.00,58605
2865.000,2865.000,20.00,58596
2870.000,2870.000,20.00,58596
2875.000,2875.000,20.00,58602
2880.000,2880.000,20.00,58585
2885.000,2885.000,20.00,58597
2890.000,2890.000,20.00,58598
2895.000,2895.000,20.00,58608
2900.000,2900.000,20.00,58594
2905.000,2905.000,20.00,58599
2910.000,2910.000,20.00,58573
2915.000,2915.000,20.00,58590
2920.000,2920.000,20.00,58607
2925.000,2925.000,20.00,58594
2930.000,2930.000,20.00,58616
2935.000,2935.000,20.00,58596
2940.000,2940.000,20.00,58535
2945.000,2945.000,20.00,58579
2950.000,2950.000,20.00,58615
2955.000,2955.000,20.00,58608
2960.000,2960.000,20.00,58532
2965.000,2965.000,20.00,58624
2970.000,2970.000,20.00,58648
2975.000,2975.000,20.00,58499
2980.000,2980.000,20.00,58626
2985.000,2985.000,20.00,58495
2990.000,2990.000,20.00,58649
2995.000,2995.000,20.00,58633
3000.000,3000.000,20.00,58598
3005.000,3005.000,20.00,58352
3010.000,3010.000,20.00,58743
3015.000,3015.000,20.00,58689
3020.000,3020.000,20.00,58521
3025.000,3025.000,20.00,58607
3030.000,3030.000,20.00,58600
3035.000,3035.000,20.00,58617
3040.000,3040.000,20.00,58598
3045.000,3045.000,20.00,58590
3050.000,3050.000,20.00,58608
3055.000,3055.000,20.00,58610
3060.000,3060.000,20.00,58567
3065.000,3065.000,20.00,58590
3070.000,3070.000,20.00,58592
3075.000,3075.000,20.00,58613
3080.000,3080.000,20.00,58595
3085.000,3085.000,20.00,58590
3090.000,3090.000,20.00,58616
3095.000,3095.000,20.00,58601
3100.000,3100.000,20.00,58603
3105.000,3105.000,20.00,58603
3110.000,3110.000,20.00,58592
3115.000,3115.000,20.00,58606
3120.000,3120.000,20.00,58612
3125.000,3125.000,20.00,58585
3130.000,3130.000,20.00,58617
3135.000,3135.000,20.00,58605
3140.000,3140.000,20.00,58602
3145.000,3145.000,20.00,58603
3150.000,3150.000,20.00,58602
3155.000,3155.000,20.00,58606
3160.000,3160.000,20.00,58608
3165.000,3165.000,20.00,58600
3170.000,3170.000,20.00,58608
3175.000,3175.000,20.00,58599
3180.000,3180.000,20.00,58570
3185.000,3185.000,20.00,58584
3190.000,3190.000,20.00,58576
3195.000,3195.000,20.00,58575
3200.000,3200.000,20.00,58559
3205.000,3205.000,20.00,58586
3210.000,3210.000,20.00,58587
3215.000,3215.000,20.00,58590
3220.000,3220.000,20.00,58589
3225.000,3225.000,20.00,58604
3230.000,3230.000,20.00,58588
3235.000,3235.000,20.00,58595
3240.000,3240.000,20.00,58603
3245.000,3245.000,20.00,58616
3250.000,3250.000,20.00,58591
3255.000,3255.000,20.00,58601
3260.000,3260.000,20.00,58607
3265.000,3265.000,20.00,58601
3270.000,3270.000,20.00,58607
3275.000,3275.000,20.00,58597
3280.000,3280.000,20.00,58548
3285.000,3285.000,20.00,58617
3290.000,3290.000,20.00,58584
3295.000,3295.000,20.00,58622
3300.000,3300.000,20.00,58614
3305.000,3305.000,20.00,58603
3310.000,3310.000,20.00,58584
3315.000,3315.000,20.00,58609
3320.000,3320.000,20.00,58597
3325.000,3325.000,20.00,58613
3330.000,3330.000,20.00,58601
3335.000,3335.000,20.00,58598
3340.000,3340.000,20.00,58606
3345.000,3345.000,20.00,58592
3350.000,3350.000,20.00,58612
3355.000,3355.000,20.00,58602
3360.000,3360.000,20.00,58618
3365.000,3365.000,20.00,58603
3370.000,3370.000,20.00,58585
3375.000,3375.000,20.00,58612
3380.000,3380.000,20.00,58621
3385.000,3385.000,20.00,58602
3390.000,3390.000,20.00,58616
3395.000,3395.000,20.00,58600
3400.000,3400.000,20.00,58609
3405.000,3405.000,20.00,58616
3410.000,3410.000,20.00,58622
3415.000,3415.000,20.00,57942
3420.000,3420.000,20.00,58593
3425.000,3425.000,20.00,58561
3430.000,3430.000,20.00,58602
3435.000,3435.000,20.00,58599
3440.000,3440.000,20.00,58608
3445.000,3445.000,20.00,58589
3450.000,3450.000,20.00,58583
3455.000,3455.000,20.00,58623
3460.000,3460.000,20.00,58593
3465.000,3465.000,20.00,58602
3470.000,3470.000,20.00,58582
3475.000,3475.000,20.00,58605
3480.000,3480.000,20.00,58703
3485.000,3485.000,20.00,58570
3490.000,3490.000,20.00,58596
3495.000,3495.000,20.00,58578
3500.000,3500.000,20.00,58542
3505.000,3505.000,20.00,58464
3510.000,3510.000,20.00,58778
3515.000,3515.000,20.00,58612
3520.000,3520.000,20.00,58340
3525.000,3525.000,20.00,58805
3530.000,3530.000,20.00,58598
3535.000,3535.000,20.00,58405
3540.000,3540.000,20.00,58575
3545.000,3545.000,20.00,58599
3550.000,3550.000,20.00,58064
3555.000,3555.000,20.00,58529
3560.000,3560.000,20.00,58342
3565.000,3565.000,20.00,58860
3570.000,3570.000,20.00,58601
3575.000,3575.000,20.00,58512
3580.000,3580.000,20.00,54081
3585.000,3585.000,20.00,55937
3590.000,3590.000,20.00,57205
3595.000,3595.000,20.00,57556
3600.000,3600.000,20.00,58598
3605.000,3605.000,20.00,58605
3610.000,3610.000,20.00,58594
3615.000,3615.000,20.00,58605
3620.000,3620.000,20.00,58595
3625.000,3625.000,20.00,58604
3630.000,3630.000,20.00,57598
3635.000,3635.000,20.00,58592
3640.000,3640.000,20.00,58615
3645.000,3645.000,20.00,58589
3650.000,3650.000,20.00,58613
3655.000,3655.000,20.00,58580
3660.000,3660.000,20.00,58601
3665.000,3665.000,20.00,57337
3670.000,3670.000,20.00,56386
3675.000,3675.000,20.00,58208
3680.000,3680.000,20.00,58608
3685.000,3685.000,20.00,58601
3690.000,3690.000,20.00,57715
3695.000,3695.000,20.00,56359
3700.000,3700.000,20.00,58148
3705.000,3705.000,20.00,57948
3710.000,3710.000,20.00,56131
3715.000,3715.000,20.00,58376
3720.000,3720.000,20.00,58591
3725.000,3725.000,20.00,58593
3730.000,3730.000,20.00,58581
3735.000,3735.000,20.00,58589
3740.000,3740.000,20.00,58577
3745.000,3745.000,20.00,58586
3750.000,3750.000,20.00,58616
3755.000,3755.000,20.00,58607
3760.000,3760.000,20.00,56871
3765.000,3765.000,20.00,58607
3770.000,3770.000,20.00,58605
3775.000,3775.000,20.00,58605
3780.000,3780.000,20.00,58598
3785.000,3785.000,20.00,58621
3790.000,3790.000,20.00,58604
3795.000,3795.000,20.00,58626
3800.000,3800.000,20.00,58600
3805.000,3805.000,20.00,58630
3810.000,3810.000,20.00,58606
3815.000,3815.000,20.00,58569
3820.000,3820.000,20.00,58623
3825.000,3825.000,20.00,58600
3830.000,3830.000,20.00,58615
3835.000,3835.000,20.00,58599
3840.000,3840.000,20.00,56411
3845.000,3845.000,20.00,57771
3850.000,3850.000,20.00,58136
3855.000,3855.000,20.00,56158
3860.000,3860.000,20.00,54980
3865.000,3865.000,20.00,48447
3870.000,3870.000,20.00,58595
3875.000,3875.000,20.00,58565
3880.000,3880.000,20.00,58594
3885.000,3885.000,20.00,58606
3890.000,3890.000,20.00,58591
3895.000,3895.000,20.00,58563
3900.000,3900.000,20.00,58585
3905.000,3905.000,20.00,58603
3910.000,3910.000,20.00,58607
3915.000,3915.000,20.00,58591
3920.000,3920.000,20.00,57980
3925.000,3925.000,20.00,58269
3930.000,3930.000,20.00,58602
3935.000,3935.000,20.00,58597
3940.000,3940.000,20.00,57677
3945.000,3945.000,20.00,56895
3950.000,3950.000,20.00,58378
3955.000,3955.000,20.00,58341
3960.000,3960.000,20.00,56568
3965.000,3965.000,20.00,55763
3970.000,3970.000,20.00,57272
3975.000,3975.000,20.00,56990
3980.000,3980.000,20.00,56652
3985.000,3985.000,20.00,55480
3990.000,3990.000,20.00,58597
3995.000,3995.000,20.00,56297
4000.000,4000.000,20.00,57145
4005.000,4005.000,20.00,56070
4010.000,4010.000,20.00,57394
4015.000,4015.000,20.00,58054
4020.000,4020.000,20.00,58604
4025.000,4025.000,20.00,58594
4030.000,4030.000,20.00,58597
4035.000,4035.000,20.00,58603
4040.000,4040.000,20.00,58607
4045.000,4045.000,20.00,58605
4050.000,4050.000,20.00,58602
4055.000,4055.000,20.00,58588
4060.000,4060.000,20.00,58583
4065.000,4065.000,20.00,58603
4070.000,4070.000,20.00,58597
4075.000,4075.000,20.00,58603
4080.000,4080.000,20.00,58454
4085.000,4085.000,20.00,58735
4090.000,4090.000,20.00,58613
4095.000,4095.000,20.00,58585
4100.000,4100.000,20.00,56916
4105.000,4105.000,20.00,58598
4110.000,4110.000,20.00,58521
4115.000,4115.000,20.00,58610
4120.000,4120.000,20.00,57980
4125.000,4125.000,20.00,58617
4130.000,4130.000,20.00,58603
4135.000,4135.000,20.00,58600
4140.000,4140.000,20.00,58599
4145.000,4145.000,20.00,58608
4150.000,4150.000,20.00,57480
4155.000,4155.000,20.00,58593
4160.000,4160.000,20.00,58605
4165.000,4165.000,20.00,58613
4170.000,4170.000,20.00,58539
4175.000,4175.000,20.00,58546
4180.000,4180.000,20.00,58599
4185.000,4185.000,20.00,58524
4190.000,4190.000,20.00,58613
4195.000,4195.000,20.00,58580
4200.000,4200.000,20.00,58434
4205.000,4205.000,20.00,57305
4210.000,4210.000,20.00,57884
4215.000,4215.000,20.00,58588
4220.000,4220.000,20.00,58456
4225.000,4225.000,20.00,58582
4230.000,4230.000,20.00,58589
4235.000,4235.000,20.00,58611
4240.000,4240.000,20.00,58600
4245.000,4245.000,20.00,58594
4250.000,4250.000,20.00,58589
4255.000,4255.000,20.00,58620
4260.000,4260.000,20.00,58602
4265.000,4265.000,20.00,58595
4270.000,4270.000,20.00,58591
4275.000,4275.000,20.00,58611
4280.000,4280.000,20.00,58602
4285.000,4285.000,20.00,58495
4290.000,4290.000,20.00,58599
4295.000,4295.000,20.00,58613
4300.000,4300.000,20.00,58598
4305.000,4305.000,20.00,58596
4310.000,4310.000,20.00,58596
4315.000,4315.000,20.00,58610
4320.000,4320.000,20.00,58604
4325.000,4325.000,20.00,58599
4330.000,4330.000,20.00,58595
4335.000,4335.000,20.00,58600
4340.000,4340.000,20.00,58591
4345.000,4345.000,20.00,58618
4350.000,4350.000,20.00,58598
4355.000,4355.000,20.00,58586
4360.000,4360.000,20.00,58618
4365.000,4365.000,20.00,58599
4370.000,4370.000,20.00,58602
4375.000,4375.000,20.00,58596
4380.000,4380.000,20.00,57198
4385.000,4385.000,20.00,57853
4390.000,4390.000,20.00,58163
4395.000,4395.000,20.00,57946
4400.000,4400.000,20.00,58043
4405.000,4405.000,20.00,58071
4410.000,4410.000,20.00,58295
4415.000,4415.000,20.00,58101
4420.000,4420.000,20.00,58043
4425.000,4425.000,20.00,58020
4430.000,4430.000,20.00,58178
4435.000,4435.000,20.00,58173
4440.000,4440.000,20.00,58605
4445.000,4445.000,20.00,58593
4450.000,4450.000,20.00,58541
4455.000,4455.000,20.00,58588
4460.000,4460.000,20.00,58597
4465.000,4465.000,20.00,58610
4470.000,4470.000,20.00,58616
4475.000,4475.000,20.00,58615
4480.000,4480.000,20.00,58587
4485.000,4485.000,20.00,58620
4490.000,4490.000,20.00,58597
4495.000,4495.000,20.00,58597
4500.000,4500.000,20.00,58603
4505.000,4505.000,20.00,58620
4510.000,4510.000,20.00,58559
4515.000,4515.000,20.00,58583
4520.000,4520.000,20.00,58615
4525.000,4525.000,20.00,58602
4530.000,4530.000,20.00,58588
4535.000,4535.000,20.00,58599
4540.000,4540.000,20.00,58597
4545.000,4545.000,20.00,58568
4550.000,4550.000,20.00,58581
4555.000,4555.000,20.00,57110
4560.000,4560.000,20.00,58608
4565.000,4565.000,20.00,58575
4570.000,4570.000,20.00,58583
4575.000,4575.000,20.00,58604
4580.000,4580.000,20.00,58615
4585.000,4585.000,20.00,58582
4590.000,4590.000,20.00,57864
4595.000,4595.000,20.00,58596
4600.000,4600.000,20.00,58611
4605.000,4605.000,20.00,58593
4610.000,4610.000,20.00,58616
4615.000,4615.000,20.00,58594
4620.000,4620.000,20.00,58603
4625.000,4625.000,20.00,58601
4630.000,4630.000,20.00,58603
4635.000,4635.000,20.00,58597
4640.000,4640.000,20.00,58606
4645.000,4645.000,20.00,58598
4650.000,4650.000,20.00,58575
4655.000,4655.000,20.00,58602
4660.000,4660.000,20.00,58586
4665.000,4665.000,20.00,58591
4670.000,4670.000,20.00,58599
4675.000,4675.000,20.00,58575
4680.000,4680.000,20.00,58371
4685.000,4685.000,20.00,58665
4690.000,4690.000,20.00,58706
4695.000,4695.000,20.00,58267
4700.000,4700.000,20.00,58739
4705.000,4705.000,20.00,58483
4710.000,4710.000,20.00,58561
4715.000,4715.000,20.00,58583
4720.000,4720.000,20.00,58568
4725.000,4725.000,20.00,58593
4730.000,4730.000,20.00,58591
4735.000,4735.000,20.00,58585
4740.000,4740.000,20.00,56727
4745.000,4745.000,20.00,56034
4750.000,4750.000,20.00,58698
4755.000,4755.000,20.00,58611
4760.000,4760.000,20.00,58589
4765.000,4765.000,20.00,58579
4770.000,4770.000,20.00,58582
4775.000,4775.000,20.00,58598
4780.000,4780.000,20.00,58579
4785.000,4785.000,20.00,58583
4790.000,4790.000,20.00,58539
4795.000,4795.000,20.00,58512
4800.000,4800.000,20.00,58604
4805.000,4805.000,20.00,58592
4810.000,4810.000,20.00,58598
4815.000,4815.000,20.00,58597
4820.000,4820.000,20.00,58590
4825.000,4825.000,20.00,58597
4830.000,4830.000,20.00,58380
4835.000,4835.000,20.00,58777
4840.000,4840.000,20.00,58615
4845.000,4845.000,20.00,58593
4850.000,4850.000,20.00,58593
4855.000,4855.000,20.00,58599
4860.000,4860.000,20.00,58580
4865.000,4865.000,20.00,58600
4870.000,4870.000,20.00,58611
4875.000,4875.000,20.00,58594
4880.000,4880.000,20.00,58550
4885.000,4885.000,20.00,58621
4890.000,4890.000,20.00,58591
4895.000,4895.000,20.00,58603
4900.000,4900.000,20.00,58585
4905.000,4905.000,20.00,58601
4910.000,4910.000,20.00,58595
4915.000,4915.000,20.00,58585
4920.000,4920.000,20.00,58600
4925.000,4925.000,20.00,58597
4930.000,4930.000,20.00,58541
4935.000,4935.000,20.00,58663
4940.000,4940.000,20.00,58542
4945.000,4945.000,20.00,58658
4950.000,4950.000,20.00,58597
4955.000,4955.000,20.00,58582
4960.000,4960.000,20.00,58606
4965.000,4965.000,20.00,58615
4970.000,4970.000,20.00,58606
4975.000,4975.000,20.00,58510
4980.000,4980.000,20.00,58583
4985.000,4985.000,20.00,58609
4990.000,4990.000,20.00,58594
4995.000,4995.000,20.00,58597
5000.000,5000.000,20.00,58601
5005.000,5005.000,20.00,58594
5010.000,5010.000,20.00,58597
5015.000,5015.000,20.00,58582
5020.000,5020.000,20.00,58588
5025.000,5025.000,20.00,58576
5030.000,5030.000,20.00,58591
5035.000,5035.000,20.00,58585
5040.000,5040.000,20.00,58611
5045.000,5045.000,20.00,58596
5050.000,5050.000,20.00,58583
5055.000,5055.000,20.00,58593
5060.000,5060.000,20.00,58584
5065.000,5065.000,20.00,58594
5070.000,5070.000,20.00,58592
5075.000,5075.000,20.00,58589
5080.000,5080.000,20.00,58602
5085.000,5085.000,20.00,58594
5090.000,5090.000,20.00,58590
5095.000,5095.000,20.00,58592
5100.000,5100.000,20.00,58043
5105.000,5105.000,20.00,58594
5110.000,5110.000,20.00,58599
5115.000,5115.000,20.00,58597
5120.000,5120.000,20.00,58589
5125.000,5125.000,20.00,58592
5130.000,5130.000,20.00,58741
5135.000,5135.000,20.00,58481
5140.000,5140.000,20.00,58696
5145.000,5145.000,20.00,58519
5150.000,5150.000,20.00,58676
5155.000,5155.000,20.00,58541
5160.000,5160.000,20.00,58613
5165.000,5165.000,20.00,58597
5170.000,5170.000,20.00,58632
5175.000,5175.000,20.00,58608
5180.000,5180.000,20.00,58031
5185.000,5185.000,20.00,58399
5190.000,5190.000,20.00,58592
5195.000,5195.000,20.00,56652
5200.000,5200.000,20.00,58739
5205.000,5205.000,20.00,58468
5210.000,5210.000,20.00,58717
5215.000,5215.000,20.00,58607
5220.000,5220.000,20.00,58609
5225.000,5225.000,20.00,58596
5230.000,5230.000,20.00,58598
5235.000,5235.000,20.00,58594
5240.000,5240.000,20.00,58604
5245.000,5245.000,20.00,58591
5250.000,5250.000,20.00,58612
5255.000,5255.000,20.00,58589
5260.000,5260.000,20.00,58577
5265.000,5265.000,20.00,58593
5270.000,5270.000,20.00,58609
5275.000,5275.000,20.00,58605
5280.000,5280.000,20.00,58613
5285.000,5285.000,20.00,58575
5290.000,5290.000,20.00,58604
5295.000,5295.000,20.00,58596
5300.000,5300.000,20.00,57499
5305.000,5305.000,20.00,58591
5310.000,5310.000,20.00,56501
5315.000,5315.000,20.00,58599
5320.000,5320.000,20.00,58601
5325.000,5325.000,20.00,58594
5330.000,5330.000,20.00,58596
5335.000,5335.000,20.00,58600
5340.000,5340.000,20.00,57600
5345.000,5345.000,20.00,58597
5350.000,5350.000,20.00,58601
5355.000,5355.000,20.00,58583
5360.000,5360.000,20.00,58612
5365.000,5365.000,20.00,58562
5370.000,5370.000,20.00,58581
5375.000,5375.000,20.00,56750
5380.000,5380.000,20.00,58582
5385.000,5385.000,20.00,58609
5390.000,5390.000,20.00,58570
5395.000,5395.000,20.00,58589
5400.000,5400.000,20.00,50263
5405.000,5405.000,20.00,46326
5410.000,5410.000,20.00,41900
5415.000,5415.000,20.00,44998
5420.000,5420.000,20.00,43192
5425.000,5425.000,20.00,49641
5430.000,5430.000,20.00,58381
5435.000,5435.000,20.00,58180
5440.000,5440.000,20.00,57999
5445.000,5445.000,20.00,58321
5450.000,5450.000,20.00,58182
5455.000,5455.000,20.00,58129
5460.000,5460.000,20.00,58599
5465.000,5465.000,20.00,58593
5470.000,5470.000,20.00,58585
5475.000,5475.000,20.00,58093
5480.000,5480.000,20.00,57938
5485.000,5485.000,20.00,58527
5490.000,5490.000,20.00,58370
5495.000,5495.000,20.00,57295
5500.000,5500.000,20.00,58326
5505.000,5505.000,20.00,56645
5510.000,5510.000,20.00,58374
5515.000,5515.000,20.00,56004
5520.000,5520.000,20.00,58576
5525.000,5525.000,20.00,58665
5530.000,5530.000,20.00,58566
5535.000,5535.000,20.00,58490
5540.000,5540.000,20.00,58548
5545.000,5545.000,20.00,58621
5550.000,5550.000,20.00,58718
5555.000,5555.000,20.00,58611
5560.000,5560.000,20.00,58515
5565.000,5565.000,20.00,58520
5570.000,5570.000,20.00,58584
5575.000,5575.000,20.00,56099
5580.000,5580.000,20.00,58601
5585.000,5585.000,20.00,58596
5590.000,5590.000,20.00,58613
5595.000,5595.000,20.00,58614
5600.000,5600.000,20.00,58605
5605.000,5605.000,20.00,58614
5610.000,5610.000,20.00,56538
5615.000,5615.000,20.00,58609
5620.000,5620.000,20.00,58366
5625.000,5625.000,20.00,58328
5630.000,5630.000,20.00,58629
5635.000,5635.000,20.00,57488
5640.000,5640.000,20.00,58605
5645.000,5645.000,20.00,58596
5650.000,5650.000,20.00,58607
5655.000,5655.000,20.00,57480
5660.000,5660.000,20.00,58613
5665.000,5665.000,20.00,58603
5670.000,5670.000,20.00,58600
5675.000,5675.000,20.00,58592
5680.000,5680.000,20.00,58607
5685.000,5685.000,20.00,58603
5690.000,5690.000,20.00,58588
5695.000,5695.000,20.00,58593
5700.000,5700.000,20.00,58602
5705.000,5705.000,20.00,58603
5710.000,5710.000,20.00,58573
5715.000,5715.000,20.00,58608
5720.000,5720.000,20.00,58559
5725.000,5725.000,20.00,58573
5730.000,5730.000,20.00,58520
5735.000,5735.000,20.00,58606
5740.000,5740.000,20.00,58574
5745.000,5745.000,20.00,58593
5750.000,5750.000,20.00,58601
5755.000,5755.000,20.00,58460
5760.000,5760.000,20.00,57286
5765.000,5765.000,20.00,58600
5770.000,5770.000,20.00,58598
5775.000,5775.000,20.00,58582
5780.000,5780.000,20.00,58595
5785.000,5785.000,20.00,58604
5790.000,5790.000,20.00,58776
5795.000,5795.000,20.00,58592
5800.000,5800.000,20.00,58606
5805.000,5805.000,20.00,58594
5810.000,5810.000,20.00,58609
5815.000,5815.000,20.00,58591
5820.000,5820.000,20.00,58585
5825.000,5825.000,20.00,58608
5830.000,5830.000,20.00,57995
5835.000,5835.000,20.00,58527
5840.000,5840.000,20.00,58607
5845.000,5845.000,20.00,58600
5850.000,5850.000,20.00,58594
5855.000,5855.000,20.00,58600
5860.000,5860.000,20.00,58600
5865.000,5865.000,20.00,58592
5870.000,5870.000,20.00,58600
5875.000,5875.000,20.00,58584
5880.000,5880.000,20.00,58586
5885.000,5885.000,20.00,58601
5890.000,5890.000,20.00,58595
5895.000,5895.000,20.00,58602
5900.000,5900.000,20.00,58608
5905.000,5905.000,20.00,58579
5910.000,5910.000,20.00,58593
5915.000,5915.000,20.00,58591
5920.000,5920.000,20.00,58607
5925.000,5925.000,20.00,58604
5930.000,5930.000,20.00,58406
5935.000,5935.000,20.00,58796
5940.000,5940.000,20.00,58589
5945.000,5945.000,20.00,58594
5950.000,5950.000,20.00,58585
5955.000,5955.000,20.00,58590
5960.000,5960.000,20.00,58589
5965.000,5965.000,20.00,58590
5970.000,5970.000,20.00,58625
5975.000,5975.000,20.00,58627
5980.000,5980.000,20.00,58619
5985.000,5985.000,20.00,58640
5990.000,5990.000,20.00,58647
5995.000,5995.000,20.00,58639
6000.000,6000.000,20.00,58601
6005.000,6005.000,20.00,58593
6010.000,6010.000,20.00,58597
6015.000,6015.000,20.00,58601
6020.000,6020.000,20.00,58603
6025.000,6025.000,20.00,58585
6030.000,6030.000,20.00,58673
6035.000,6035.000,20.00,58574
6040.000,6040.000,20.00,58599
6045.000,6045.000,20.00,58610
6050.000,6050.000,20.00,58594
6055.000,6055.000,20.00,58605
6060.000,6060.000,20.00,58209
6065.000,6065.000,20.00,58591
6070.000,6070.000,20.00,58601
6075.000,6075.000,20.00,58179
6080.000,6080.000,20.00,58587
6085.000,6085.000,20.00,58448
6090.000,6090.000,20.00,58601
6095.000,6095.000,20.00,58587
6100.000,6100.000,20.00,58582
6105.000,6105.000,20.00,58616
6110.000,6110.000,20.00,58465
6115.000,6115.000,20.00,58707
6120.000,6120.000,20.00,58595
6125.000,6125.000,20.00,58596
6130.000,6130.000,20.00,58593
6135.000,6135.000,20.00,58599
6140.000,6140.000,20.00,58603
6145.000,6145.000,20.00,58597
6150.000,6150.000,20.00,58597
6155.000,6155.000,20.00,58636
6160.000,6160.000,20.00,58566
6165.000,6165.000,20.00,58621
6170.000,6170.000,20.00,58598
6175.000,6175.000,20.00,58625
6180.000,6180.000,20.00,58575
6185.000,6185.000,20.00,58579
6190.000,6190.000,20.00,58621
6195.000,6195.000,20.00,58586
6200.000,6200.000,20.00,58574
6205.000,6205.000,20.00,58583
6210.000,6210.000,20.00,58602
6215.000,6215.000,20.00,58615
6220.000,6220.000,20.00,58603
6225.000,6225.000,20.00,58601
6230.000,6230.000,20.00,58585
6235.000,6235.000,20.00,58590
6240.000,6240.000,20.00,58440
6245.000,6245.000,20.00,58735
6250.000,6250.000,20.00,58451
6255.000,6255.000,20.00,58767
6260.000,6260.000,20.00,58449
6265.000,6265.000,20.00,58752
6270.000,6270.000,20.00,58602
6275.000,6275.000,20.00,58601
6280.000,6280.000,20.00,58609
6285.000,6285.000,20.00,58598
6290.000,6290.000,20.00,58606
6295.000,6295.000,20.00,58601
6300.000,6300.000,20.00,58591
6305.000,6305.000,20.00,58602
6310.000,6310.000,20.00,58587
6315.000,6315.000,20.00,58605
6320.000,6320.000,20.00,58583
6325.000,6325.000,20.00,58601
6330.000,6330.000,20.00,58623
6335.000,6335.000,20.00,58621
6340.000,6340.000,20.00,58613
6345.000,6345.000,20.00,58640
6350.000,6350.000,20.00,58625
6355.000,6355.000,20.00,58618
6360.000,6360.000,20.00,58609
6365.000,6365.000,20.00,58589
6370.000,6370.000,20.00,58597
6375.000,6375.000,20.00,58606
6380.000,6380.000,20.00,58600
6385.000,6385.000,20.00,58598
6390.000,6390.000,20.00,58602
6395.000,6395.000,20.00,58557
6400.000,6400.000,20.00,58597
6405.000,6405.000,20.00,58585
6410.000,6410.000,20.00,58594
6415.000,6415.000,20.00,58611
6420.000,6420.000,20.00,58596
6425.000,6425.000,20.00,58597
6430.000,6430.000,20.00,58601
6435.000,6435.000,20.00,58600
6440.000,6440.000,20.00,58589
6445.000,6445.000,20.00,58598
6450.000,6450.000,20.00,58588
6455.000,6455.000,20.00,58592
6460.000,6460.000,20.00,58578
6465.000,6465.000,20.00,58573
6470.000,6470.000,20.00,58587
6475.000,6475.000,20.00,58587
6480.000,6480.000,20.00,58575
6485.000,6485.000,20.00,58584
6490.000,6490.000,20.00,58611
6495.000,6495.000,20.00,58591
6500.000,6500.000,20.00,58585
6505.000,6505.000,20.00,58594
6510.000,6510.000,20.00,58569
6515.000,6515.000,20.00,58267
6520.000,6520.000,20.00,58467
6525.000,6525.000,20.00,57522
6530.000,6530.000,20.00,55937
6535.000,6535.000,20.00,57322
6540.000,6540.000,20.00,58121
6545.000,6545.000,20.00,58571
6550.000,6550.000,20.00,56873
6555.000,6555.000,20.00,55432
6560.000,6560.000,20.00,58130
6565.000,6565.000,20.00,58550
6570.000,6570.000,20.00,58587
6575.000,6575.000,20.00,58611
6580.000,6580.000,20.00,58597
6585.000,6585.000,20.00,58598
6590.000,6590.000,20.00,58589
6595.000,6595.000,20.00,58616
6600.000,6600.000,20.00,58602
6605.000,6605.000,20.00,58595
6610.000,6610.000,20.00,58595
6615.000,6615.000,20.00,58590
6620.000,6620.000,20.00,58602
6625.000,6625.000,20.00,58541
6630.000,6630.000,20.00,58602
6635.000,6635.000,20.00,58571
6640.000,6640.000,20.00,58586
6645.000,6645.000,20.00,58620
6650.000,6650.000,20.00,58607
6655.000,6655.000,20.00,58611
6660.000,6660.000,20.00,58590
6665.000,6665.000,20.00,58609
6670.000,6670.000,20.00,58599
6675.000,6675.000,20.00,58594
6680.000,6680.000,20.00,58576
6685.000,6685.000,20.00,58527
6690.000,6690.000,20.00,58601
6695.000,6695.000,20.00,58586
6700.000,6700.000,20.00,58599
6705.000,6705.000,20.00,58587
6710.000,6710.000,20.00,58569
6715.000,6715.000,20.00,58596
6720.000,6720.000,20.00,58587
6725.000,6725.000,20.00,58606
6730.000,6730.000,20.00,58606
6735.000,6735.000,20.00,58598
6740.000,6740.000,20.00,58576
6745.000,6745.000,20.00,58590
6750.000,6750.000,20.00,58589
6755.000,6755.000,20.00,58456
6760.000,6760.000,20.00,58754
6765.000,6765.000,20.00,58600
6770.000,6770.000,20.00,58606
6775.000,6775.000,20.00,58587
6780.000,6780.000,20.00,58616
6785.000,6785.000,20.00,58634
6790.000,6790.000,20.00,58621
6795.000,6795.000,20.00,58616
6800.000,6800.000,20.00,58620
6805.000,6805.000,20.00,58631
6810.000,6810.000,20.00,58587
6815.000,6815.000,20.00,58594
6820.000,6820.000,20.00,58586
6825.000,6825.000,20.00,58498
6830.000,6830.000,20.00,57763
6835.000,6835.000,20.00,56180
6840.000,6840.000,20.00,58602
6845.000,6845.000,20.00,58610
6850.000,6850.000,20.00,58592
6855.000,6855.000,20.00,58603
6860.000,6860.000,20.00,58587
6865.000,6865.000,20.00,58608
6870.000,6870.000,20.00,58606
6875.000,6875.000,20.00,58623
6880.000,6880.000,20.00,58606
6885.000,6885.000,20.00,58606
6890.000,6890.000,20.00,58593
6895.000,6895.000,20.00,58621
6900.000,6900.000,20.00,58597
6905.000,6905.000,20.00,58601
6910.000,6910.000,20.00,58603
6915.000,6915.000,20.00,58588
6920.000,6920.000,20.00,58634
6925.000,6925.000,20.00,58618
6930.000,6930.000,20.00,58597
6935.000,6935.000,20.00,58603
6940.000,6940.000,20.00,58586
6945.000,6945.000,20.00,58618
6950.000,6950.000,20.00,58609
6955.000,6955.000,20.00,58603
6960.000,6960.000,20.00,58599
6965.000,6965.000,20.00,58601
6970.000,6970.000,20.00,58601
6975.000,6975.000,20.00,58603
6980.000,6980.000,20.00,58600
6985.000,6985.000,20.00,58591
6990.000,6990.000,20.00,58613
6995.000,6995.000,20.00,58603
7000.000,7000.000,20.00,58598
7005.000,7005.000,20.00,58540
7010.000,7010.000,20.00,58663
7015.000,7015.000,20.00,58601
7020.000,7020.000,20.00,58592
7025.000,7025.000,20.00,58610
7030.000,7030.000,20.00,58582
7035.000,7035.000,20.00,58523
7040.000,7040.000,20.00,58589
7045.000,7045.000,20.00,58573
7050.000,7050.000,20.00,58598
7055.000,7055.000,20.00,58589
7060.000,7060.000,20.00,58377
7065.000,7065.000,20.00,58599
7070.000,7070.000,20.00,58601
7075.000,7075.000,20.00,58594
7080.000,7080.000,20.00,58604
7085.000,7085.000,20.00,58592
7090.000,7090.000,20.00,58603
7095.000,7095.000,20.00,58599
7100.000,7100.000,20.00,58587
7105.000,7105.000,20.00,58599
7110.000,7110.000,20.00,58592
7115.000,7115.000,20.00,58608
7120.000,7120.000,20.00,58594
7125.000,7125.000,20.00,58598
7130.000,7130.000,20.00,58597
7135.000,7135.000,20.00,58586
7140.000,7140.000,20.00,58580
7145.000,7145.000,20.00,58616
7150.000,7150.000,20.00,58586
7155.000,7155.000,20.00,58620
7160.000,7160.000,20.00,58593
7165.000,7165.000,20.00,58590
7170.000,7170.000,20.00,58595
7175.000,7175.000,20.00,58597
7180.000,7180.000,20.00,58584
7185.000,7185.000,20.00,58574
7190.000,7190.000,20.00,58571
7195.000,7195.000,20.00,58604
7200.000,7200.000,20.00,58588
7205.000,7205.000,20.00,58489
7210.000,7210.000,20.00,58609
7215.000,7215.000,20.00,58599
7220.000,7220.000,20.00,58603
7225.000,7225.000,20.00,58599
7230.000,7230.000,20.00,58619
7235.000,7235.000,20.00,58588
7240.000,7240.000,20.00,58588
7245.000,7245.000,20.00,58610
7250.000,7250.000,20.00,58604
7255.000,7255.000,20.00,58566
7260.000,7260.000,20.00,58575
7265.000,7265.000,20.00,58631
7270.000,7270.000,20.00,56077
7275.000,7275.000,20.00,58287
7280.000,7280.000,20.00,58617
7285.000,7285.000,20.00,58511
7290.000,7290.000,20.00,58553
7295.000,7295.000,20.00,58585
7300.000,7300.000,20.00,58543
7305.000,7305.000,20.00,58574
7310.000,7310.000,20.00,58450
7315.000,7315.000,20.00,58744
7320.000,7320.000,20.00,58565
7325.000,7325.000,20.00,58574
7330.000,7330.000,20.00,58601
7335.000,7335.000,20.00,58587
7340.000,7340.000,20.00,58591
7345.000,7345.000,20.00,58612
7350.000,7350.000,20.00,58624
7355.000,7355.000,20.00,58616
7360.000,7360.000,20.00,58629
7365.000,7365.000,20.00,58612
7370.000,7370.000,20.00,58636
7375.000,7375.000,20.00,58618
7380.000,7380.000,20.00,58630
7385.000,7385.000,20.00,58566
7390.000,7390.000,20.00,58605
7395.000,7395.000,20.00,58548
7400.000,7400.000,20.00,58692
7405.000,7405.000,20.00,58596
7410.000,7410.000,20.00,58599
7415.000,7415.000,20.00,58613
7420.000,7420.000,20.00,58590
7425.000,7425.000,20.00,58615
7430.000,7430.000,20.00,58584
7435.000,7435.000,20.00,58614
7440.000,7440.000,20.00,58775
7445.000,7445.000,20.00,58356
7450.000,7450.000,20.00,58779
7455.000,7455.000,20.00,58423
7460.000,7460.000,20.00,58777
7465.000,7465.000,20.00,58429
7470.000,7470.000,20.00,58600
7475.000,7475.000,20.00,58596
7480.000,7480.000,20.00,58581
7485.000,7485.000,20.00,58622
7490.000,7490.000,20.00,58604
7495.000,7495.000,20.00,58590
7500.000,7500.000,20.00,58603
7505.000,7505.000,20.00,58593
7510.000,7510.000,20.00,58611
7515.000,7515.000,20.00,58603
7520.000,7520.000,20.00,58602
7525.000,7525.000,20.00,58624
7530.000,7530.000,20.00,58613
7535.000,7535.000,20.00,58582
7540.000,7540.000,20.00,58615
7545.000,7545.000,20.00,58600
7550.000,7550.000,20.00,58600
7555.000,7555.000,20.00,58497
7560.000,7560.000,20.00,58597
7565.000,7565.000,20.00,58603
7570.000,7570.000,20.00,58600
7575.000,7575.000,20.00,58578
7580.000,7580.000,20.00,58617
7585.000,7585.000,20.00,58585
7590.000,7590.000,20.00,58593
7595.000,7595.000,20.00,58583
7600.000,7600.000,20.00,58583
7605.000,7605.000,20.00,58605
7610.000,7610.000,20.00,58604
7615.000,7615.000,20.00,58601
7620.000,7620.000,20.00,58612
7625.000,7625.000,20.00,58600
7630.000,7630.000,20.00,58591
7635.000,7635.000,20.00,58617
7640.000,7640.000,20.00,58602
7645.000,7645.000,20.00,58594
7650.000,7650.000,20.00,58604
7655.000,7655.000,20.00,58611
7660.000,7660.000,20.00,58598
7665.000,7665.000,20.00,58605
7670.000,7670.000,20.00,58603
7675.000,7675.000,20.00,58579
7680.000,7680.000,20.00,58579
7685.000,7685.000,20.00,58517
7690.000,7690.000,20.00,58612
7695.000,7695.000,20.00,58583
7700.000,7700.000,20.00,58606
7705.000,7705.000,20.00,58597
7710.000,7710.000,20.00,58596
7715.000,7715.000,20.00,58585
7720.000,7720.000,20.00,58616
7725.000,7725.000,20.00,58603
7730.000,7730.000,20.00,58599
7735.000,7735.000,20.00,58596
7740.000,7740.000,20.00,58583
7745.000,7745.000,20.00,58608
7750.000,7750.000,20.00,58592
7755.000,7755.000,20.00,58623
7760.000,7760.000,20.00,58697
7765.000,7765.000,20.00,58606
7770.000,7770.000,20.00,58600
7775.000,7775.000,20.00,58592
7780.000,7780.000,20.00,58603
7785.000,7785.000,20.00,58600
7790.000,7790.000,20.00,58592
7795.000,7795.000,20.00,58598
7800.000,7800.000,20.00,58502
7805.000,7805.000,20.00,58594
7810.000,7810.000,20.00,58541
7815.000,7815.000,20.00,58627
7820.000,7820.000,20.00,58537
7825.000,7825.000,20.00,58596
7830.000,7830.000,20.00,58615
7835.000,7835.000,20.00,58599
7840.000,7840.000,20.00,58599
7845.000,7845.000,20.00,58582
7850.000,7850.000,20.00,58557
7855.000,7855.000,20.00,58604
7860.000,7860.000,20.00,58607
7865.000,7865.000,20.00,58617
7870.000,7870.000,20.00,58592
7875.000,7875.000,20.00,58609
7880.000,7880.000,20.00,58558
7885.000,7885.000,20.00,58587
7890.000,7890.000,20.00,58592
7895.000,7895.000,20.00,58603
7900.000,7900.000,20.00,58607
7905.000,7905.000,20.00,58630
7910.000,7910.000,20.00,58600
7915.000,7915.000,20.00,58603
7920.000,7920.000,20.00,58613
7925.000,7925.000,20.00,58585
7930.000,7930.000,20.00,58617
7935.000,7935.000,20.00,58597
7940.000,7940.000,20.00,58601
7945.000,7945.000,20.00,58600
7950.000,7950.000,20.00,58730
7955.000,7955.000,20.00,58602
7960.000,7960.000,20.00,58591
7965.000,7965.000,20.00,58612
7970.000,7970.000,20.00,58603
7975.000,7975.000,20.00,58588
7980.000,7980.000,20.00,58596
7985.000,7985.000,20.00,58615
7990.000,7990.000,20.00,58592
7995.000,7995.000,20.00,58615
8000.000,8000.000,20.00,58598
8005.000,8005.000,20.00,58593
8010.000,8010.000,20.00,58598
8015.000,8015.000,20.00,58612
8020.000,8020.000,20.00,58613
8025.000,8025.000,20.00,58620
8030.000,8030.000,20.00,58630
8035.000,8035.000,20.00,58628
8040.000,8040.000,20.00,58585
8045.000,8045.000,20.00,58626
8050.000,8050.000,20.00,58613
8055.000,8055.000,20.00,58606
8060.000,8060.000,20.00,58605
8065.000,8065.000,20.00,58609
8070.000,8070.000,20.00,58607
8075.000,8075.000,20.00,58589
8080.000,8080.000,20.00,58610
8085.000,8085.000,20.00,58610
8090.000,8090.000,20.00,58587
8095.000,8095.000,20.00,58548
8100.000,8100.000,20.00,58601
8105.000,8105.000,20.00,58593
8110.000,8110.000,20.00,58609
8115.000,8115.000,20.00,58510
8120.000,8120.000,20.00,58678
8125.000,8125.000,20.00,58599
8130.000,8130.000,20.00,58616
8135.000,8135.000,20.00,58598
8140.000,8140.000,20.00,58596
8145.000,8145.000,20.00,58600
8150.000,8150.000,20.00,58584
8155.000,8155.000,20.00,58618
8160.000,8160.000,20.00,58598
8165.000,8165.000,20.00,58603
8170.000,8170.000,20.00,58599
8175.000,8175.000,20.00,58594
8180.000,8180.000,20.00,58604
8185.000,8185.000,20.00,58601
8190.000,8190.000,20.00,58585
8195.000,8195.000,20.00,58614
8200.000,8200.000,20.00,58600
8205.000,8205.000,20.00,58593
8210.000,8210.000,20.00,58601
8215.000,8215.000,20.00,58594
8220.000,8220.000,20.00,58602
8225.000,8225.000,20.00,58602
8230.000,8230.000,20.00,58593
8235.000,8235.000,20.00,58605
8240.000,8240.000,20.00,58603
8245.000,8245.000,20.00,58601
8250.000,8250.000,20.00,58610
8255.000,8255.000,20.00,58614
8260.000,8260.000,20.00,58610
8265.000,8265.000,20.00,58620
8270.000,8270.000,20.00,58613
8275.000,8275.000,20.00,58629
8280.000,8280.000,20.00,58589
8285.000,8285.000,20.00,58609
8290.000,8290.000,20.00,58599
8295.000,8295.000,20.00,58592
8300.000,8300.000,20.00,58608
8305.000,8305.000,20.00,58592
8310.000,8310.000,20.00,58607
8315.000,8315.000,20.00,58650
8320.000,8320.000,20.00,58634
8325.000,8325.000,20.00,58629
8330.000,8330.000,20.00,58622
8335.000,8335.000,20.00,58631
8340.000,8340.000,20.00,58576
8345.000,8345.000,20.00,58595
8350.000,8350.000,20.00,58583
8355.000,8355.000,20.00,58582
8360.000,8360.000,20.00,58570
8365.000,8365.000,20.00,58591
8370.000,8370.000,20.00,58598
8375.000,8375.000,20.00,58605
8380.000,8380.000,20.00,58595
8385.000,8385.000,20.00,58594
8390.000,8390.000,20.00,58616
8395.000,8395.000,20.00,58443
8400.000,8400.000,20.00,58618
8405.000,8405.000,20.00,58596
8410.000,8410.000,20.00,58603
8415.000,8415.000,20.00,58597
8420.000,8420.000,20.00,58602
8425.000,8425.000,20.00,58612
8430.000,8430.000,20.00,58604
8435.000,8435.000,20.00,58596
8440.000,8440.000,20.00,58611
8445.000,8445.000,20.00,58610
8450.000,8450.000,20.00,58605
8455.000,8455.000,20.00,58615
8460.000,8460.000,20.00,58533
8465.000,8465.000,20.00,58661
8470.000,8470.000,20.00,58491
8475.000,8475.000,20.00,58675
8480.000,8480.000,20.00,58547
8485.000,8485.000,20.00,58647
8490.000,8490.000,20.00,58550
8495.000,8495.000,20.00,58663
8500.000,8500.000,20.00,58530
8505.000,8505.000,20.00,58663
8510.000,8510.000,20.00,58526
8515.000,8515.000,20.00,58656
8520.000,8520.000,20.00,58609
8525.000,8525.000,20.00,58592
8530.000,8530.000,20.00,58605
8535.000,8535.000,20.00,58599
8540.000,8540.000,20.00,58596
8545.000,8545.000,20.00,58595
8550.000,8550.000,20.00,58632
8555.000,8555.000,20.00,58627
8560.000,8560.000,20.00,58614
8565.000,8565.000,20.00,58608
8570.000,8570.000,20.00,58638
8575.000,8575.000,20.00,58625
8580.000,8580.000,20.00,58653
8585.000,8585.000,20.00,58627
8590.000,8590.000,20.00,58628
8595.000,8595.000,20.00,58626
8600.000,8600.000,20.00,58628
8605.000,8605.000,20.00,58647
8610.000,8610.000,20.00,58602
8615.000,8615.000,20.00,58617
8620.000,8620.000,20.00,58622
8625.000,8625.000,20.00,58621
8630.000,8630.000,20.00,58620
8635.000,8635.000,20.00,58621
8640.000,8640.000,20.00,58604
8645.000,8645.000,20.00,58596
8650.000,8650.000,20.00,58602
8655.000,8655.000,20.00,58600
8660.000,8660.000,20.00,58604
8665.000,8665.000,20.00,58594
8670.000,8670.000,20.00,58604
8675.000,8675.000,20.00,58591
8680.000,8680.000,20.00,58591
8685.000,8685.000,20.00,58612
8690.000,8690.000,20.00,58604
8695.000,8695.000,20.00,58583
8700.000,8700.000,20.00,58601
8705.000,8705.000,20.00,58522
8710.000,8710.000,20.00,58614
8715.000,8715.000,20.00,56184
8720.000,8720.000,20.00,58601
8725.000,8725.000,20.00,58616
8730.000,8730.000,20.00,58588
8735.000,8735.000,20.00,58600
8740.000,8740.000,20.00,58596
8745.000,8745.000,20.00,58610
8750.000,8750.000,20.00,58607
8755.000,8755.000,20.00,58535
8760.000,8760.000,20.00,58598
8765.000,8765.000,20.00,58603
8770.000,8770.000,20.00,58572
8775.000,8775.000,20.00,58612
8780.000,8780.000,20.00,58596
8785.000,8785.000,20.00,58600
8790.000,8790.000,20.00,58590
8795.000,8795.000,20.00,58548
8800.000,8800.000,20.00,58616
8805.000,8805.000,20.00,58586
8810.000,8810.000,20.00,58609
8815.000,8815.000,20.00,58609
8820.000,8820.000,20.00,58601
8825.000,8825.000,20.00,58608
8830.000,8830.000,20.00,58610
8835.000,8835.000,20.00,58579
8840.000,8840.000,20.00,58605
8845.000,8845.000,20.00,58622
8850.000,8850.000,20.00,58595
8855.000,8855.000,20.00,58613
8860.000,8860.000,20.00,58569
8865.000,8865.000,20.00,58610
8870.000,8870.000,20.00,58606
8875.000,8875.000,20.00,58603
8880.000,8880.000,20.00,58632
8885.000,8885.000,20.00,58592
8890.000,8890.000,20.00,58606
8895.000,8895.000,20.00,58581
8900.000,8900.000,20.00,58598
8905.000,8905.000,20.00,58603
8910.000,8910.000,20.00,58582
8915.000,8915.000,20.00,58573
8920.000,8920.000,20.00,58591
8925.000,8925.000,20.00,58598
8930.000,8930.000,20.00,58585
8935.000,8935.000,20.00,58570
8940.000,8940.000,20.00,58593
8945.000,8945.000,20.00,58601
8950.000,8950.000,20.00,58605
8955.000,8955.000,20.00,58604
8960.000,8960.000,20.00,58603
8965.000,8965.000,20.00,58557
8970.000,8970.000,20.00,58614
8975.000,8975.000,20.00,58600
8980.000,8980.000,20.00,58589
8985.000,8985.000,20.00,58588
8990.000,8990.000,20.00,58604
8995.000,8995.000,20.00,58605
9000.000,9000.000,20.00,58604
9005.000,9005.000,20.00,58597
9010.000,9010.000,20.00,58593
9015.000,9015.000,20.00,58622
9020.000,9020.000,20.00,58599
9025.000,9025.000,20.00,58600
9030.000,9030.000,20.00,58652
9035.000,9035.000,20.00,58521
9040.000,9040.000,20.00,58550
9045.000,9045.000,20.00,58649
9050.000,9050.000,20.00,58538
9055.000,9055.000,20.00,58665
9060.000,9060.000,20.00,58617
9065.000,9065.000,20.00,58596
9070.000,9070.000,20.00,58610
9075.000,9075.000,20.00,58543
9080.000,9080.000,20.00,58654
9085.000,9085.000,20.00,58598
9090.000,9090.000,20.00,58585
9095.000,9095.000,20.00,58596
9100.000,9100.000,20.00,58613
9105.000,9105.000,20.00,58593
9110.000,9110.000,20.00,58602
9115.000,9115.000,20.00,58599
9120.000,9120.000,20.00,58598
9125.000,9125.000,20.00,58585
9130.000,9130.000,20.00,58610
9135.000,9135.000,20.00,58597
9140.000,9140.000,20.00,58600
9145.000,9145.000,20.00,58594
9150.000,9150.000,20.00,58587
9155.000,9155.000,20.00,58589
9160.000,9160.000,20.00,58592
9165.000,9165.000,20.00,58582
9170.000,9170.000,20.00,58594
9175.000,9175.000,20.00,58590
9180.000,9180.000,20.00,58597
9185.000,9185.000,20.00,58606
9190.000,9190.000,20.00,58601
9195.000,9195.000,20.00,58599
9200.000,9200.000,20.00,58592
9205.000,9205.000,20.00,58613
9210.000,9210.000,20.00,58595
9215.000,9215.000,20.00,58610
9220.000,9220.000,20.00,58608
9225.000,9225.000,20.00,58613
9230.000,9230.000,20.00,58608
9235.000,9235.000,20.00,58628
9240.000,9240.000,20.00,58580
9245.000,9245.000,20.00,58616
9250.000,9250.000,20.00,58599
9255.000,9255.000,20.00,58603
9260.000,9260.000,20.00,58595
9265.000,9265.000,20.00,58600
9270.000,9270.000,20.00,58623
9275.000,9275.000,20.00,58601
9280.000,9280.000,20.00,58600
9285.000,9285.000,20.00,58597
9290.000,9290.000,20.00,58508
9295.000,9295.000,20.00,58597
9300.000,9300.000,20.00,58585
9305.000,9305.000,20.00,58598
9310.000,9310.000,20.00,58587
9315.000,9315.000,20.00,58591
9320.000,9320.000,20.00,58587
9325.000,9325.000,20.00,58578
9330.000,9330.000,20.00,58580
9335.000,9335.000,20.00,58587
9340.000,9340.000,20.00,58585
9345.000,9345.000,20.00,58599
9350.000,9350.000,20.00,58613
9355.000,9355.000,20.00,58602
9360.000,9360.000,20.00,58574
9365.000,9365.000,20.00,58550
9370.000,9370.000,20.00,58510
9375.000,9375.000,20.00,58599
9380.000,9380.000,20.00,58578
9385.000,9385.000,20.00,58575
9390.000,9390.000,20.00,58596
9395.000,9395.000,20.00,58595
9400.000,9400.000,20.00,58615
9405.000,9405.000,20.00,58599
9410.000,9410.000,20.00,58591
9415.000,9415.000,20.00,58587
9420.000,9420.000,20.00,58598
9425.000,9425.000,20.00,58592
9430.000,9430.000,20.00,58621
9435.000,9435.000,20.00,58611
9440.000,9440.000,20.00,58608
9445.000,9445.000,20.00,58585
9450.000,9450.000,20.00,58560
9455.000,9455.000,20.00,58676
9460.000,9460.000,20.00,58533
9465.000,9465.000,20.00,58648
9470.000,9470.000,20.00,58586
9475.000,9475.000,20.00,58584
9480.000,9480.000,20.00,58614
9485.000,9485.000,20.00,58602
9490.000,9490.000,20.00,58588
9495.000,9495.000,20.00,58618
9500.000,9500.000,20.00,58592
9505.000,9505.000,20.00,58456
9510.000,9510.000,20.00,58792
9515.000,9515.000,20.00,58615
9520.000,9520.000,20.00,58601
9525.000,9525.000,20.00,58596
9530.000,9530.000,20.00,58616
9535.000,9535.000,20.00,58597
9540.000,9540.000,20.00,57071
9545.000,9545.000,20.00,58538
9550.000,9550.000,20.00,58585
9555.000,9555.000,20.00,58616
9560.000,9560.000,20.00,58595
9565.000,9565.000,20.00,58603
9570.000,9570.000,20.00,58595
9575.000,9575.000,20.00,58605
9580.000,9580.000,20.00,58606
9585.000,9585.000,20.00,58598
9590.000,9590.000,20.00,58601
9595.000,9595.000,20.00,58592
9600.000,9600.000,20.00,58597
9605.000,9605.000,20.00,58520
9610.000,9610.000,20.00,58184
9615.000,9615.000,20.00,58595
9620.000,9620.000,20.00,58607
9625.000,9625.000,20.00,58202
9630.000,9630.000,20.00,58597
9635.000,9635.000,20.00,58604
9640.000,9640.000,20.00,58600
9645.000,9645.000,20.00,58603
9650.000,9650.000,20.00,58600
9655.000,9655.000,20.00,58597
9660.000,9660.000,20.00,58616
9665.000,9665.000,20.00,58603
9670.000,9670.000,20.00,58582
9675.000,9675.000,20.00,58601
9680.000,9680.000,20.00,58604
9685.000,9685.000,20.00,58595
9690.000,9690.000,20.00,58593
9695.000,9695.000,20.00,58597
9700.000,9700.000,20.00,58594
9705.000,9705.000,20.00,58592
9710.000,9710.000,20.00,58592
9715.000,9715.000,20.00,58565
9720.000,9720.000,20.00,58616
9725.000,9725.000,20.00,58575
9730.000,9730.000,20.00,58600
9735.000,9735.000,20.00,58612
9740.000,9740.000,20.00,58588
9745.000,9745.000,20.00,58613
9750.000,9750.000,20.00,58606
9755.000,9755.000,20.00,58599
9760.000,9760.000,20.00,58577
9765.000,9765.000,20.00,58600
9770.000,9770.000,20.00,58586
9775.000,9775.000,20.00,58586
9780.000,9780.000,20.00,58597
9785.000,9785.000,20.00,58606
9790.000,9790.000,20.00,58602
9795.000,9795.000,20.00,58602
9800.000,9800.000,20.00,58588
9805.000,9805.000,20.00,58427
9810.000,9810.000,20.00,58608
9815.000,9815.000,20.00,58615
9820.000,9820.000,20.00,58618
9825.000,9825.000,20.00,58622
9830.000,9830.000,20.00,58626
9835.000,9835.000,20.00,58626
9840.000,9840.000,20.00,57403
9845.000,9845.000,20.00,58376
9850.000,9850.000,20.00,55729
9855.000,9855.000,20.00,58608
9860.000,9860.000,20.00,58599
9865.000,9865.000,20.00,58582
9870.000,9870.000,20.00,58568
9875.000,9875.000,20.00,58619
9880.000,9880.000,20.00,58581
9885.000,9885.000,20.00,57022
9890.000,9890.000,20.00,58540
9895.000,9895.000,20.00,58643
9900.000,9900.000,20.00,58616
9905.000,9905.000,20.00,58595
9910.000,9910.000,20.00,58556
9915.000,9915.000,20.00,58606
9920.000,9920.000,20.00,58599
9925.000,9925.000,20.00,58604
9930.000,9930.000,20.00,58597
9935.000,9935.000,20.00,58589
9940.000,9940.000,20.00,58599
9945.000,9945.000,20.00,58604
9950.000,9950.000,20.00,58587
9955.000,9955.000,20.00,57957
9960.000,9960.000,20.00,58580
9965.000,9965.000,20.00,58578
9970.000,9970.000,20.00,58599
9975.000,9975.000,20.00,58532
9980.000,9980.000,20.00,58609
9985.000,9985.000,20.00,58585
9990.000,9990.000,20.00,58574
9995.000,9995.000,20.00,58587
10000.000,10000.000,20.00,58596
10005.000,10005.000,20.00,58599
10010.000,10010.000,20.00,58614
10015.000,10015.000,20.00,58607
10020.000,10020.000,20.00,58590
10025.000,10025.000,20.00,58599
10030.000,10030.000,20.00,58599
10035.000,10035.000,20.00,58607
10040.000,10040.000,20.00,58600
10045.000,10045.000,20.00,58592
10050.000,10050.000,20.00,57844
10055.000,10055.000,20.00,58595
10060.000,10060.000,20.00,58597
10065.000,10065.000,20.00,58577
10070.000,10070.000,20.00,58587
10075.000,10075.000,20.00,58613
10080.000,10080.000,20.00,58606
10085.000,10085.000,20.00,58599
10090.000,10090.000,20.00,58582
10095.000,10095.000,20.00,58182
10100.000,10100.000,20.00,58595
10105.000,10105.000,20.00,58608
10110.000,10110.000,20.00,58534
10115.000,10115.000,20.00,58589
10120.000,10120.000,20.00,58532
10125.000,10125.000,20.00,58597
10130.000,10130.000,20.00,58587
10135.000,10135.000,20.00,58609
10140.000,10140.000,20.00,58594
10145.000,10145.000,20.00,58600
10150.000,10150.000,20.00,58590
10155.000,10155.000,20.00,58617
10160.000,10160.000,20.00,58598
10165.000,10165.000,20.00,58581
10170.000,10170.000,20.00,58605
10175.000,10175.000,20.00,58596
10180.000,10180.000,20.00,58599
10185.000,10185.000,20.00,58594
10190.000,10190.000,20.00,58608
10195.000,10195.000,20.00,58594
10200.000,10200.000,20.00,58825
10205.000,10205.000,20.00,58596
10210.000,10210.000,20.00,58383
10215.000,10215.000,20.00,58817
10220.000,10220.000,20.00,58608
10225.000,10225.000,20.00,58393
10230.000,10230.000,20.00,58605
10235.000,10235.000,20.00,58594
10240.000,10240.000,20.00,58599
10245.000,10245.000,20.00,58587
10250.000,10250.000,20.00,58610
10255.000,10255.000,20.00,58576
10260.000,10260.000,20.00,58588
10265.000,10265.000,20.00,58615
10270.000,10270.000,20.00,58597
10275.000,10275.000,20.00,58594
10280.000,10280.000,20.00,58606
10285.000,10285.000,20.00,58606
10290.000,10290.000,20.00,58595
10295.000,10295.000,20.00,58604
10300.000,10300.000,20.00,58599
10305.000,10305.000,20.00,58593
10310.000,10310.000,20.00,58612
10315.000,10315.000,20.00,58572
10320.000,10320.000,20.00,58594
10325.000,10325.000,20.00,58589
10330.000,10330.000,20.00,58603
10335.000,10335.000,20.00,58609
10340.000,10340.000,20.00,58568
10345.000,10345.000,20.00,58591
10350.000,10350.000,20.00,58618
10355.000,10355.000,20.00,58598
10360.000,10360.000,20.00,58592
10365.000,10365.000,20.00,58571
10370.000,10370.000,20.00,58637
10375.000,10375.000,20.00,58604
10380.000,10380.000,20.00,58590
10385.000,10385.000,20.00,58607
10390.000,10390.000,20.00,58577
10395.000,10395.000,20.00,58571
10400.000,10400.000,20.00,58618
10405.000,10405.000,20.00,58582
10410.000,10410.000,20.00,57527
10415.000,10415.000,20.00,58486
10420.000,10420.000,20.00,58234
10425.000,10425.000,20.00,57612
10430.000,10430.000,20.00,58529
10435.000,10435.000,20.00,57745
10440.000,10440.000,20.00,58604
10445.000,10445.000,20.00,58583
10450.000,10450.000,20.00,58585
10455.000,10455.000,20.00,58606
10460.000,10460.000,20.00,58578
10465.000,10465.000,20.00,58569
10470.000,10470.000,20.00,58599
10475.000,10475.000,20.00,58365
10480.000,10480.000,20.00,58425
10485.000,10485.000,20.00,58466
10490.000,10490.000,20.00,58473
10495.000,10495.000,20.00,58364
10500.000,10500.000,20.00,58570
10505.000,10505.000,20.00,58583
10510.000,10510.000,20.00,57188
10515.000,10515.000,20.00,57672
10520.000,10520.000,20.00,58472
10525.000,10525.000,20.00,57349
10530.000,10530.000,20.00,58519
10535.000,10535.000,20.00,58519
10540.000,10540.000,20.00,58566
10545.000,10545.000,20.00,58521
10550.000,10550.000,20.00,58522
10555.000,10555.000,20.00,58557
10560.000,10560.000,20.00,58559
10565.000,10565.000,20.00,58510
10570.000,10570.000,20.00,58516
10575.000,10575.000,20.00,58550
10580.000,10580.000,20.00,58531
10585.000,10585.000,20.00,58519
10590.000,10590.000,20.00,58609
10595.000,10595.000,20.00,58522
10600.000,10600.000,20.00,58455
10605.000,10605.000,20.00,58576
10610.000,10610.000,20.00,58640
10615.000,10615.000,20.00,58500
10620.000,10620.000,20.00,58572
10625.000,10625.000,20.00,58520
10630.000,10630.000,20.00,58513
10635.000,10635.000,20.00,58579
10640.000,10640.000,20.00,58514
10645.000,10645.000,20.00,58508
10650.000,10650.000,20.00,58514
10655.000,10655.000,20.00,58529
10660.000,10660.000,20.00,58564
10665.000,10665.000,20.00,58506
10670.000,10670.000,20.00,58527
10675.000,10675.000,20.00,58564
10680.000,10680.000,20.00,58529
10685.000,10685.000,20.00,58557
10690.000,10690.000,20.00,58528
10695.000,10695.000,20.00,58512
10700.000,10700.000,20.00,58561
10705.000,10705.000,20.00,58523
10710.000,10710.000,20.00,58602
10715.000,10715.000,20.00,58583
10720.000,10720.000,20.00,56526
10725.000,10725.000,20.00,55529
10730.000,10730.000,20.00,58613
10735.000,10735.000,20.00,58597
10740.000,10740.000,20.00,52125
10745.000,10745.000,20.00,58590
10750.000,10750.000,20.00,58610
10755.000,10755.000,20.00,58603
10760.000,10760.000,20.00,58589
10765.000,10765.000,20.00,58601
10770.000,10770.000,20.00,58603
10775.000,10775.000,20.00,58599
10780.000,10780.000,20.00,58590
10785.000,10785.000,20.00,58604
10790.000,10790.000,20.00,58600
10795.000,10795.000,20.00,58586
10800.000,10800.000,20.00,58600
10805.000,10805.000,20.00,58596
10810.000,10810.000,20.00,58608
10815.000,10815.000,20.00,58596
10820.000,10820.000,20.00,58603
10825.000,10825.000,20.00,58583
10830.000,10830.000,20.00,58581
10835.000,10835.000,20.00,58620
10840.000,10840.000,20.00,58603
10845.000,10845.000,20.00,58593
10850.000,10850.000,20.00,58593
10855.000,10855.000,20.00,58599
10860.000,10860.000,20.00,58587
10865.000,10865.000,20.00,58603
10870.000,10870.000,20.00,58608
10875.000,10875.000,20.00,58600
10880.000,10880.000,20.00,58605
10885.000,10885.000,20.00,58593
10890.000,10890.000,20.00,58581
10895.000,10895.000,20.00,58585
10900.000,10900.000,20.00,58606
10905.000,10905.000,20.00,58603
10910.000,10910.000,20.00,58537
10915.000,10915.000,20.00,58593
10920.000,10920.000,20.00,58612
10925.000,10925.000,20.00,58601
10930.000,10930.000,20.00,58591
10935.000,10935.000,20.00,58595
10940.000,10940.000,20.00,58573
10945.000,10945.000,20.00,58599
10950.000,10950.000,20.00,54934
10955.000,10955.000,20.00,55713
10960.000,10960.000,20.00,55338
10965.000,10965.000,20.00,54066
10970.000,10970.000,20.00,54917
10975.000,10975.000,20.00,55381
10980.000,10980.000,20.00,58589
10985.000,10985.000,20.00,58594
10990.000,10990.000,20.00,58571
10995.000,10995.000,20.00,58593
11000.000,11000.000,20.00,58287
11005.000,11005.000,20.00,58619
11010.000,11010.000,20.00,58604
11015.000,11015.000,20.00,58600
11020.000,11020.000,20.00,58602
11025.000,11025.000,20.00,58607
11030.000,11030.000,20.00,58602
11035.000,11035.000,20.00,58595
11040.000,11040.000,20.00,58593
11045.000,11045.000,20.00,58618
11050.000,11050.000,20.00,58574
11055.000,11055.000,20.00,58610
11060.000,11060.000,20.00,58600
11065.000,11065.000,20.00,58609
11070.000,11070.000,20.00,58592
11075.000,11075.000,20.00,58601
11080.000,11080.000,20.00,58608
11085.000,11085.000,20.00,58598
11090.000,11090.000,20.00,58603
11095.000,11095.000,20.00,58599
11100.000,11100.000,20.00,58618
11105.000,11105.000,20.00,58585
11110.000,11110.000,20.00,58586
11115.000,11115.000,20.00,58617
11120.000,11120.000,20.00,58604
11125.000,11125.000,20.00,58599
11130.000,11130.000,20.00,58600
11135.000,11135.000,20.00,58603
11140.000,11140.000,20.00,58597
11145.000,11145.000,20.00,58605
11150.000,11150.000,20.00,58597
11155.000,11155.000,20.00,58603
11160.000,11160.000,20.00,58568
11165.000,11165.000,20.00,58633
11170.000,11170.000,20.00,58598
11175.000,11175.000,20.00,58599
11180.000,11180.000,20.00,58596
11185.000,11185.000,20.00,58537
11190.000,11190.000,20.00,58621
11195.000,11195.000,20.00,58590
11200.000,11200.000,20.00,58599
11205.000,11205.000,20.00,58611
11210.000,11210.000,20.00,58597
11215.000,11215.000,20.00,58601
11220.000,11220.000,20.00,58589
11225.000,11225.000,20.00,58601
11230.000,11230.000,20.00,58604
11235.000,11235.000,20.00,58605
11240.000,11240.000,20.00,58583
11245.000,11245.000,20.00,58617
11250.000,11250.000,20.00,58602
11255.000,11255.000,20.00,58588
11260.000,11260.000,20.00,58606
11265.000,11265.000,20.00,58600
11270.000,11270.000,20.00,58601
11275.000,11275.000,20.00,58585
11280.000,11280.000,20.00,58602
11285.000,11285.000,20.00,58606
11290.000,11290.000,20.00,58582
11295.000,11295.000,20.00,58611
11300.000,11300.000,20.00,58600
11305.000,11305.000,20.00,58596
11310.000,11310.000,20.00,58613
11315.000,11315.000,20.00,58599
11320.000,11320.000,20.00,58597
11325.000,11325.000,20.00,58601
11330.000,11330.000,20.00,58602
11335.000,11335.000,20.00,58597
11340.000,11340.000,20.00,58612
11345.000,11345.000,20.00,58567
11350.000,11350.000,20.00,58619
11355.000,11355.000,20.00,58593
11360.000,11360.000,20.00,58601
11365.000,11365.000,20.00,58587
11370.000,11370.000,20.00,58601
11375.000,11375.000,20.00,58602
11380.000,11380.000,20.00,58602
11385.000,11385.000,20.00,58596
11390.000,11390.000,20.00,58614
11395.000,11395.000,20.00,58601
11400.000,11400.000,20.00,53847
11405.000,11405.000,20.00,58563
11410.000,11410.000,20.00,58382
11415.000,11415.000,20.00,58603
11420.000,11420.000,20.00,58587
11425.000,11425.000,20.00,58587
11430.000,11430.000,20.00,58603
11435.000,11435.000,20.00,58471
11440.000,11440.000,20.00,58728
11445.000,11445.000,20.00,58597
11450.000,11450.000,20.00,58585
11455.000,11455.000,20.00,58549
11460.000,11460.000,20.00,58499
11465.000,11465.000,20.00,58591
11470.000,11470.000,20.00,58611
11475.000,11475.000,20.00,58589
11480.000,11480.000,20.00,58590
11485.000,11485.000,20.00,58459
11490.000,11490.000,20.00,57174
11495.000,11495.000,20.00,58426
11500.000,11500.000,20.00,56750
11505.000,11505.000,20.00,56794
11510.000,11510.000,20.00,45100
11515.000,11515.000,20.00,58604
11520.000,11520.000,20.00,58575
11525.000,11525.000,20.00,58595
11530.000,11530.000,20.00,58316
11535.000,11535.000,20.00,58578
11540.000,11540.000,20.00,58513
11545.000,11545.000,20.00,58587
11550.000,11550.000,20.00,58592
11555.000,11555.000,20.00,58578
11560.000,11560.000,20.00,58599
11565.000,11565.000,20.00,58589
11570.000,11570.000,20.00,58598
11575.000,11575.000,20.00,58606
11580.000,11580.000,20.00,58586
11585.000,11585.000,20.00,58610
11590.000,11590.000,20.00,58606
11595.000,11595.000,20.00,58598
11600.000,11600.000,20.00,58569
11605.000,11605.000,20.00,58600
11610.000,11610.000,20.00,58560
11615.000,11615.000,20.00,58594
11620.000,11620.000,20.00,58591
11625.000,11625.000,20.00,58594
11630.000,11630.000,20.00,58595
11635.000,11635.000,20.00,58598
11640.000,11640.000,20.00,58605
11645.000,11645.000,20.00,58301
11650.000,11650.000,20.00,58611
11655.000,11655.000,20.00,58587
11660.000,11660.000,20.00,58602
11665.000,11665.000,20.00,58612
11670.000,11670.000,20.00,58588
11675.000,11675.000,20.00,58616
11680.000,11680.000,20.00,58603
11685.000,11685.000,20.00,58608
11690.000,11690.000,20.00,58607
11695.000,11695.000,20.00,58597
11700.000,11700.000,20.00,58600
11705.000,11705.000,20.00,58599
11710.000,11710.000,20.00,58591
11715.000,11715.000,20.00,58608
11720.000,11720.000,20.00,58566
11725.000,11725.000,20.00,58629
11730.000,11730.000,20.00,58598
11735.000,11735.000,20.00,58603
11740.000,11740.000,20.00,58599
11745.000,11745.000,20.00,58606
11750.000,11750.000,20.00,58589
11755.000,11755.000,20.00,58615
11760.000,11760.000,20.00,58618
11765.000,11765.000,20.00,58601
11770.000,11770.000,20.00,58599
11775.000,11775.000,20.00,58600
11780.000,11780.000,20.00,58585
11785.000,11785.000,20.00,58597
11790.000,11790.000,20.00,58597
11795.000,11795.000,20.00,58603
11800.000,11800.000,20.00,58587
11805.000,11805.000,20.00,58615
11810.000,11810.000,20.00,58596
11815.000,11815.000,20.00,58603
11820.000,11820.000,20.00,58569
11825.000,11825.000,20.00,58599
11830.000,11830.000,20.00,58422
11835.000,11835.000,20.00,58759
11840.000,11840.000,20.00,58600
11845.000,11845.000,20.00,58609
11850.000,11850.000,20.00,58609
11855.000,11855.000,20.00,58601
11860.000,11860.000,20.00,58581
11865.000,11865.000,20.00,58605
11870.000,11870.000,20.00,58596
11875.000,11875.000,20.00,58600
11880.000,11880.000,20.00,58602
11885.000,11885.000,20.00,58576
11890.000,11890.000,20.00,58598
11895.000,11895.000,20.00,58597
11900.000,11900.000,20.00,58586
11905.000,11905.000,20.00,58592
11910.000,11910.000,20.00,58670
11915.000,11915.000,20.00,58594
11920.000,11920.000,20.00,58625
11925.000,11925.000,20.00,58522
11930.000,11930.000,20.00,58591
11935.000,11935.000,20.00,58668
11940.000,11940.000,20.00,58600
11945.000,11945.000,20.00,58592
11950.000,11950.000,20.00,58601
11955.000,11955.000,20.00,58507
11960.000,11960.000,20.00,56376
11965.000,11965.000,20.00,58461
11970.000,11970.000,20.00,58602
11975.000,11975.000,20.00,58599
11980.000,11980.000,20.00,58601
11985.000,11985.000,20.00,58586
11990.000,11990.000,20.00,58604
11995.000,11995.000,20.00,58588
12000.000,12000.000,20.00,58598
12005.000,12005.000,20.00,57514
12010.000,12010.000,20.00,58593
12015.000,12015.000,20.00,58599
12020.000,12020.000,20.00,58605
12025.000,12025.000,20.00,58591
12030.000,12030.000,20.00,58590
12035.000,12035.000,20.00,58590
12040.000,12040.000,20.00,58603
12045.000,12045.000,20.00,58587
12050.000,12050.000,20.00,58589
12055.000,12055.000,20.00,58604
12060.000,12060.000,20.00,58589
12065.000,12065.000,20.00,58605
12070.000,12070.000,20.00,58599
12075.000,12075.000,20.00,58610
12080.000,12080.000,20.00,58601
12085.000,12085.000,20.00,58604
12090.000,12090.000,20.00,58602
12095.000,12095.000,20.00,58603
12100.000,12100.000,20.00,58557
12105.000,12105.000,20.00,58618
12110.000,12110.000,20.00,58599
12115.000,12115.000,20.00,58585
12120.000,12120.000,20.00,58657
12125.000,12125.000,20.00,58622
12130.000,12130.000,20.00,58637
12135.000,12135.000,20.00,58626
12140.000,12140.000,20.00,58632
12145.000,12145.000,20.00,58635
12150.000,12150.000,20.00,58083
12155.000,12155.000,20.00,59084
12160.000,12160.000,20.00,58606
12165.000,12165.000,20.00,57145
12170.000,12170.000,20.00,58390
12175.000,12175.000,20.00,58608
12180.000,12180.000,20.00,58600
12185.000,12185.000,20.00,58590
12190.000,12190.000,20.00,57311
12195.000,12195.000,20.00,56734
12200.000,12200.000,20.00,57461
12205.000,12205.000,20.00,58198
12210.000,12210.000,20.00,58598
12215.000,12215.000,20.00,58592
12220.000,12220.000,20.00,58604
12225.000,12225.000,20.00,58591
12230.000,12230.000,20.00,58606
12235.000,12235.000,20.00,58571
12240.000,12240.000,20.00,58567
12245.000,12245.000,20.00,58608
12250.000,12250.000,20.00,58592
12255.000,12255.000,20.00,58555
12260.000,12260.000,20.00,58600
12265.000,12265.000,20.00,58591
12270.000,12270.000,20.00,58489
12275.000,12275.000,20.00,58725
12280.000,12280.000,20.00,58598
12285.000,12285.000,20.00,58610
12290.000,12290.000,20.00,58584
12295.000,12295.000,20.00,58622
12300.000,12300.000,20.00,58599
12305.000,12305.000,20.00,58592
12310.000,12310.000,20.00,58447
12315.000,12315.000,20.00,58765
12320.000,12320.000,20.00,58601
12325.000,12325.000,20.00,58587
12330.000,12330.000,20.00,58599
12335.000,12335.000,20.00,58573
12340.000,12340.000,20.00,58583
12345.000,12345.000,20.00,58591
12350.000,12350.000,20.00,58570
12355.000,12355.000,20.00,58603
12360.000,12360.000,20.00,58600
12365.000,12365.000,20.00,58600
12370.000,12370.000,20.00,58607
12375.000,12375.000,20.00,58597
12380.000,12380.000,20.00,58586
12385.000,12385.000,20.00,58601
12390.000,12390.000,20.00,58610
12395.000,12395.000,20.00,58596
12400.000,12400.000,20.00,58602
12405.000,12405.000,20.00,58588
12410.000,12410.000,20.00,58591
12415.000,12415.000,20.00,58588
12420.000,12420.000,20.00,57591
12425.000,12425.000,20.00,57127
12430.000,12430.000,20.00,58591
12435.000,12435.000,20.00,58608
12440.000,12440.000,20.00,58587
12445.000,12445.000,20.00,58608
12450.000,12450.000,20.00,58584
12455.000,12455.000,20.00,58589
12460.000,12460.000,20.00,58571
12465.000,12465.000,20.00,58590
12470.000,12470.000,20.00,57237
12475.000,12475.000,20.00,56835
12480.000,12480.000,20.00,58604
12485.000,12485.000,20.00,57804
12490.000,12490.000,20.00,57922
12495.000,12495.000,20.00,57040
12500.000,12500.000,20.00,57416
12505.000,12505.000,20.00,57505
12510.000,12510.000,20.00,58598
12515.000,12515.000,20.00,58590
12520.000,12520.000,20.00,58603
12525.000,12525.000,20.00,58594
12530.000,12530.000,20.00,58601
12535.000,12535.000,20.00,58603
12540.000,12540.000,20.00,58602
12545.000,12545.000,20.00,58321
12550.000,12550.000,20.00,58607
12555.000,12555.000,20.00,58607
12560.000,12560.000,20.00,58601
12565.000,12565.000,20.00,58597
12570.000,12570.000,20.00,58559
12575.000,12575.000,20.00,58599
12580.000,12580.000,20.00,58597
12585.000,12585.000,20.00,58611
12590.000,12590.000,20.00,58077
12595.000,12595.000,20.00,58556
12600.000,12600.000,20.00,58168
12605.000,12605.000,20.00,57611
12610.000,12610.000,20.00,57619
12615.000,12615.000,20.00,58593
12620.000,12620.000,20.00,58590
12625.000,12625.000,20.00,58608
12630.000,12630.000,20.00,55235
12635.000,12635.000,20.00,51106
12640.000,12640.000,20.00,54960
12645.000,12645.000,20.00,53905
12650.000,12650.000,20.00,53354
12655.000,12655.000,20.00,51197
12660.000,12660.000,20.00,58607
12665.000,12665.000,20.00,58591
12670.000,12670.000,20.00,58601
12675.000,12675.000,20.00,58612
12680.000,12680.000,20.00,58630
12685.000,12685.000,20.00,58607
12690.000,12690.000,20.00,58603
12695.000,12695.000,20.00,58607
12700.000,12700.000,20.00,58599
12705.000,12705.000,20.00,58607
12710.000,12710.000,20.00,58601
12715.000,12715.000,20.00,58592
12720.000,12720.000,20.00,58603
12725.000,12725.000,20.00,58604
12730.000,12730.000,20.00,58598
12735.000,12735.000,20.00,58597
12740.000,12740.000,20.00,58604
12745.000,12745.000,20.00,58184
12750.000,12750.000,20.00,58597
12755.000,12755.000,20.00,58609
12760.000,12760.000,20.00,58598
12765.000,12765.000,20.00,58590
12770.000,12770.000,20.00,58605
12775.000,12775.000,20.00,58602
12780.000,12780.000,20.00,58512
12785.000,12785.000,20.00,58618
12790.000,12790.000,20.00,58554
12795.000,12795.000,20.00,58555
12800.000,12800.000,20.00,58739
12805.000,12805.000,20.00,58555
12810.000,12810.000,20.00,58601
12815.000,12815.000,20.00,58600
12820.000,12820.000,20.00,58599
12825.000,12825.000,20.00,58602
12830.000,12830.000,20.00,58601
12835.000,12835.000,20.00,55861
12840.000,12840.000,20.00,58573
12845.000,12845.000,20.00,58558
12850.000,12850.000,20.00,58603
12855.000,12855.000,20.00,58606
12860.000,12860.000,20.00,58546
12865.000,12865.000,20.00,58288
12870.000,12870.000,20.00,58615
12875.000,12875.000,20.00,58585
12880.000,12880.000,20.00,58182
12885.000,12885.000,20.00,58307
12890.000,12890.000,20.00,58601
12895.000,12895.000,20.00,58578
12900.000,12900.000,20.00,58596
12905.000,12905.000,20.00,58604
12910.000,12910.000,20.00,58595
12915.000,12915.000,20.00,58614
12920.000,12920.000,20.00,58600
12925.000,12925.000,20.00,58602
12930.000,12930.000,20.00,58589
12935.000,12935.000,20.00,58606
12940.000,12940.000,20.00,58589
12945.000,12945.000,20.00,58616
12950.000,12950.000,20.00,58584
12955.000,12955.000,20.00,58595
12960.000,12960.000,20.00,58593
12965.000,12965.000,20.00,58601
12970.000,12970.000,20.00,58597
12975.000,12975.000,20.00,58603
12980.000,12980.000,20.00,58584
12985.000,12985.000,20.00,58591
12990.000,12990.000,20.00,58600
12995.000,12995.000,20.00,58587
13000.000,13000.000,20.00,58601
13005.000,13005.000,20.00,58572
13010.000,13010.000,20.00,58603
13015.000,13015.000,20.00,58597
13020.000,13020.000,20.00,58607
13025.000,13025.000,20.00,57838
13030.000,13030.000,20.00,59040
13035.000,13035.000,20.00,58485
13040.000,13040.000,20.00,58706
13045.000,13045.000,20.00,58527
13050.000,13050.000,20.00,58582
13055.000,13055.000,20.00,56798
13060.000,13060.000,20.00,58592
13065.000,13065.000,20.00,58590
13070.000,13070.000,20.00,58577
13075.000,13075.000,20.00,58586
13080.000,13080.000,20.00,58740
13085.000,13085.000,20.00,58364
13090.000,13090.000,20.00,58578
13095.000,13095.000,20.00,58603
13100.000,13100.000,20.00,58821
13105.000,13105.000,20.00,58382
13110.000,13110.000,20.00,58596
13115.000,13115.000,20.00,58596
13120.000,13120.000,20.00,58590
13125.000,13125.000,20.00,58610
13130.000,13130.000,20.00,58599
13135.000,13135.000,20.00,58606
13140.000,13140.000,20.00,58549
13145.000,13145.000,20.00,58602
13150.000,13150.000,20.00,58590
13155.000,13155.000,20.00,58607
13160.000,13160.000,20.00,58590
13165.000,13165.000,20.00,58603
13170.000,13170.000,20.00,57723
13175.000,13175.000,20.00,58033
13180.000,13180.000,20.00,58239
13185.000,13185.000,20.00,58189
13190.000,13190.000,20.00,58615
13195.000,13195.000,20.00,58440
13200.000,13200.000,20.00,58480
13205.000,13205.000,20.00,58678
13210.000,13210.000,20.00,58502
13215.000,13215.000,20.00,58599
13220.000,13220.000,20.00,58403
13225.000,13225.000,20.00,58778
13230.000,13230.000,20.00,58147
13235.000,13235.000,20.00,59066
13240.000,13240.000,20.00,58612
13245.000,13245.000,20.00,58606
13250.000,13250.000,20.00,58597
13255.000,13255.000,20.00,58603
13260.000,13260.000,20.00,57484
13265.000,13265.000,20.00,58266
13270.000,13270.000,20.00,58567
13275.000,13275.000,20.00,58583
13280.000,13280.000,20.00,58549
13285.000,13285.000,20.00,58599
13290.000,13290.000,20.00,58611
13295.000,13295.000,20.00,58603
13300.000,13300.000,20.00,58597
13305.000,13305.000,20.00,58606
13310.000,13310.000,20.00,58586
13315.000,13315.000,20.00,58612
13320.000,13320.000,20.00,58634
13325.000,13325.000,20.00,58645
13330.000,13330.000,20.00,55626
13335.000,13335.000,20.00,56173
13340.000,13340.000,20.00,58634
13345.000,13345.000,20.00,58638
13350.000,13350.000,20.00,58611
13355.000,13355.000,20.00,56966
13360.000,13360.000,20.00,58344
13365.000,13365.000,20.00,58615
13370.000,13370.000,20.00,58616
13375.000,13375.000,20.00,58589
13380.000,13380.000,20.00,58579
13385.000,13385.000,20.00,58597
13390.000,13390.000,20.00,58592
13395.000,13395.000,20.00,58599
13400.000,13400.000,20.00,58592
13405.000,13405.000,20.00,58611
13410.000,13410.000,20.00,58749
13415.000,13415.000,20.00,58598
13420.000,13420.000,20.00,58599
13425.000,13425.000,20.00,56697
13430.000,13430.000,20.00,55804
13435.000,13435.000,20.00,57911
13440.000,13440.000,20.00,58599
13445.000,13445.000,20.00,58596
13450.000,13450.000,20.00,58596
13455.000,13455.000,20.00,58597
13460.000,13460.000,20.00,58438
13465.000,13465.000,20.00,58737
13470.000,13470.000,20.00,58603
13475.000,13475.000,20.00,58601
13480.000,13480.000,20.00,58603
13485.000,13485.000,20.00,58579
13490.000,13490.000,20.00,58614
13495.000,13495.000,20.00,58608
13500.000,13500.000,20.00,58602
13505.000,13505.000,20.00,58583
13510.000,13510.000,20.00,58614
13515.000,13515.000,20.00,58600
13520.000,13520.000,20.00,58590
13525.000,13525.000,20.00,58613
13530.000,13530.000,20.00,58601
13535.000,13535.000,20.00,58592
13540.000,13540.000,20.00,58596
13545.000,13545.000,20.00,58600
13550.000,13550.000,20.00,58608
13555.000,13555.000,20.00,58589
13560.000,13560.000,20.00,58601
13565.000,13565.000,20.00,58603
13570.000,13570.000,20.00,58592
13575.000,13575.000,20.00,58565
13580.000,13580.000,20.00,58628
13585.000,13585.000,20.00,58599
13590.000,13590.000,20.00,58590
13595.000,13595.000,20.00,58591
13600.000,13600.000,20.00,58616
13605.000,13605.000,20.00,58595
13610.000,13610.000,20.00,58611
13615.000,13615.000,20.00,58579
13620.000,13620.000,20.00,58634
13625.000,13625.000,20.00,58636
13630.000,13630.000,20.00,58626
13635.000,13635.000,20.00,58630
13640.000,13640.000,20.00,58628
13645.000,13645.000,20.00,58632
13650.000,13650.000,20.00,58584
13655.000,13655.000,20.00,58484
13660.000,13660.000,20.00,58590
13665.000,13665.000,20.00,58533
13670.000,13670.000,20.00,58604
13675.000,13675.000,20.00,58582
13680.000,13680.000,20.00,58586
13685.000,13685.000,20.00,58648
13690.000,13690.000,20.00,58488
13695.000,13695.000,20.00,58631
13700.000,13700.000,20.00,58457
13705.000,13705.000,20.00,58515
13710.000,13710.000,20.00,58611
13715.000,13715.000,20.00,58526
13720.000,13720.000,20.00,58605
13725.000,13725.000,20.00,58591
13730.000,13730.000,20.00,58560
13735.000,13735.000,20.00,58544
13740.000,13740.000,20.00,58594
13745.000,13745.000,20.00,58621
13750.000,13750.000,20.00,58455
13755.000,13755.000,20.00,58686
13760.000,13760.000,20.00,58594
13765.000,13765.000,20.00,58594
13770.000,13770.000,20.00,58585
13775.000,13775.000,20.00,58560
13780.000,13780.000,20.00,58510
13785.000,13785.000,20.00,58630
13790.000,13790.000,20.00,58563
13795.000,13795.000,20.00,58623
13800.000,13800.000,20.00,58588
13805.000,13805.000,20.00,58613
13810.000,13810.000,20.00,58606
13815.000,13815.000,20.00,58608
13820.000,13820.000,20.00,58595
13825.000,13825.000,20.00,58607
13830.000,13830.000,20.00,56931
13835.000,13835.000,20.00,58007
13840.000,13840.000,20.00,58388
13845.000,13845.000,20.00,58607
13850.000,13850.000,20.00,58547
13855.000,13855.000,20.00,58597
13860.000,13860.000,20.00,58597
13865.000,13865.000,20.00,58593
13870.000,13870.000,20.00,58615
13875.000,13875.000,20.00,58600
13880.000,13880.000,20.00,58600
13885.000,13885.000,20.00,58590
13890.000,13890.000,20.00,58577
13895.000,13895.000,20.00,58618
13900.000,13900.000,20.00,58605
13905.000,13905.000,20.00,58590
13910.000,13910.000,20.00,58610
13915.000,13915.000,20.00,58328
13920.000,13920.000,20.00,58582
13925.000,13925.000,20.00,58604
13930.000,13930.000,20.00,58583
13935.000,13935.000,20.00,58594
13940.000,13940.000,20.00,58576
13945.000,13945.000,20.00,58596
13950.000,13950.000,20.00,58603
13955.000,13955.000,20.00,58597
13960.000,13960.000,20.00,58588
13965.000,13965.000,20.00,58600
13970.000,13970.000,20.00,58603
13975.000,13975.000,20.00,58565
13980.000,13980.000,20.00,58602
13985.000,13985.000,20.00,58597
13990.000,13990.000,20.00,58605
13995.000,13995.000,20.00,58604
14000.000,14000.000,20.00,58570
14005.000,14005.000,20.00,58604
14010.000,14010.000,20.00,58600
14015.000,14015.000,20.00,58602
14020.000,14020.000,20.00,58601
14025.000,14025.000,20.00,58401
14030.000,14030.000,20.00,58779
14035.000,14035.000,20.00,58614
14040.000,14040.000,20.00,58604
14045.000,14045.000,20.00,58602
14050.000,14050.000,20.00,58595
14055.000,14055.000,20.00,58604
14060.000,14060.000,20.00,58608
14065.000,14065.000,20.00,58599
14070.000,14070.000,20.00,58588
14075.000,14075.000,20.00,58613
14080.000,14080.000,20.00,58599
14085.000,14085.000,20.00,58587
14090.000,14090.000,20.00,58617
14095.000,14095.000,20.00,58591
14100.000,14100.000,20.00,58598
14105.000,14105.000,20.00,58610
14110.000,14110.000,20.00,58604
14115.000,14115.000,20.00,58591
14120.000,14120.000,20.00,58608
14125.000,14125.000,20.00,58597
14130.000,14130.000,20.00,58605
14135.000,14135.000,20.00,58586
14140.000,14140.000,20.00,58607
14145.000,14145.000,20.00,58569
14150.000,14150.000,20.00,58606
14155.000,14155.000,20.00,58594
14160.000,14160.000,20.00,58605
14165.000,14165.000,20.00,58598
14170.000,14170.000,20.00,58602
14175.000,14175.000,20.00,58592
14180.000,14180.000,20.00,58515
14185.000,14185.000,20.00,58606
14190.000,14190.000,20.00,58579
14195.000,14195.000,20.00,58603
14200.000,14200.000,20.00,58602
14205.000,14205.000,20.00,58603
14210.000,14210.000,20.00,58589
14215.000,14215.000,20.00,58603
14220.000,14220.000,20.00,58597
14225.000,14225.000,20.00,58592
14230.000,14230.000,20.00,58589
14235.000,14235.000,20.00,58604
14240.000,14240.000,20.00,58605
14245.000,14245.000,20.00,58602
14250.000,14250.000,20.00,58588
14255.000,14255.000,20.00,58617
14260.000,14260.000,20.00,58488
14265.000,14265.000,20.00,58580
14270.000,14270.000,20.00,58616
14275.000,14275.000,20.00,58595
14280.000,14280.000,20.00,58814
14285.000,14285.000,20.00,58599
14290.000,14290.000,20.00,58573
14295.000,14295.000,20.00,58332
14300.000,14300.000,20.00,58416
14305.000,14305.000,20.00,58608
14310.000,14310.000,20.00,58602
14315.000,14315.000,20.00,58595
14320.000,14320.000,20.00,58604
14325.000,14325.000,20.00,58594
14330.000,14330.000,20.00,58608
14335.000,14335.000,20.00,55592
14340.000,14340.000,20.00,58604
14345.000,14345.000,20.00,58565
14350.000,14350.000,20.00,58395
14355.000,14355.000,20.00,58207
14360.000,14360.000,20.00,58597
14365.000,14365.000,20.00,58599
14370.000,14370.000,20.00,58604
14375.000,14375.000,20.00,58590
14380.000,14380.000,20.00,58395
14385.000,14385.000,20.00,58816
14390.000,14390.000,20.00,57929
14395.000,14395.000,20.00,58314
14400.000,14400.000,20.00,58623
14405.000,14405.000,20.00,58597
14410.000,14410.000,20.00,58508
14415.000,14415.000,20.00,58682
14420.000,14420.000,20.00,58608
14425.000,14425.000,20.00,58610
14430.000,14430.000,20.00,58598
14435.000,14435.000,20.00,58590
14440.000,14440.000,20.00,58609
14445.000,14445.000,20.00,58592
14450.000,14450.000,20.00,58605
14455.000,14455.000,20.00,58585
14460.000,14460.000,20.00,58603
14465.000,14465.000,20.00,58584
14470.000,14470.000,20.00,58620
14475.000,14475.000,20.00,58600
14480.000,14480.000,20.00,58603
14485.000,14485.000,20.00,58589
14490.000,14490.000,20.00,58585
14495.000,14495.000,20.00,55194
14500.000,14500.000,20.00,58608
14505.000,14505.000,20.00,58599
14510.000,14510.000,20.00,58583
14515.000,14515.000,20.00,58596
14520.000,14520.000,20.00,58614
14525.000,14525.000,20.00,58602
14530.000,14530.000,20.00,58603
14535.000,14535.000,20.00,58601
14540.000,14540.000,20.00,58595
14545.000,14545.000,20.00,58608
14550.000,14550.000,20.00,58601
14555.000,14555.000,20.00,58604
14560.000,14560.000,20.00,58585
14565.000,14565.000,20.00,58603
14570.000,14570.000,20.00,58618
14575.000,14575.000,20.00,58600
14580.000,14580.000,20.00,58583
14585.000,14585.000,20.00,58601
14590.000,14590.000,20.00,58606
14595.000,14595.000,20.00,58602
14600.000,14600.000,20.00,58599
14605.000,14605.000,20.00,58603
14610.000,14610.000,20.00,58646
14615.000,14615.000,20.00,58594
14620.000,14620.000,20.00,58611
14625.000,14625.000,20.00,58585
14630.000,14630.000,20.00,58607
14635.000,14635.000,20.00,58588
14640.000,14640.000,20.00,58614
14645.000,14645.000,20.00,58504
14650.000,14650.000,20.00,58609
14655.000,14655.000,20.00,58605
14660.000,14660.000,20.00,58596
14665.000,14665.000,20.00,58598
14670.000,14670.000,20.00,58639
14675.000,14675.000,20.00,58631
14680.000,14680.000,20.00,58634
14685.000,14685.000,20.00,58634
14690.000,14690.000,20.00,58624
14695.000,14695.000,20.00,58621
14700.000,14700.000,20.00,58608
14705.000,14705.000,20.00,58599
14710.000,14710.000,20.00,58602
14715.000,14715.000,20.00,58592
14720.000,14720.000,20.00,58614
14725.000,14725.000,20.00,58585
14730.000,14730.000,20.00,58602
14735.000,14735.000,20.00,58603
14740.000,14740.000,20.00,58602
14745.000,14745.000,20.00,58548
14750.000,14750.000,20.00,58424
14755.000,14755.000,20.00,58559
14760.000,14760.000,20.00,58671
14765.000,14765.000,20.00,58555
14770.000,14770.000,20.00,58638
14775.000,14775.000,20.00,58647
14780.000,14780.000,20.00,58640
14785.000,14785.000,20.00,58632
14790.000,14790.000,20.00,58577
14795.000,14795.000,20.00,58558
14800.000,14800.000,20.00,58548
14805.000,14805.000,20.00,58600
14810.000,14810.000,20.00,58613
14815.000,14815.000,20.00,58604
14820.000,14820.000,20.00,58576
14825.000,14825.000,20.00,58493
14830.000,14830.000,20.00,58589
14835.000,14835.000,20.00,58218
14840.000,14840.000,20.00,58546
14845.000,14845.000,20.00,58527
14850.000,14850.000,20.00,58533
14855.000,14855.000,20.00,58592
14860.000,14860.000,20.00,58475
14865.000,14865.000,20.00,58571
14870.000,14870.000,20.00,58305
14875.000,14875.000,20.00,56536
14880.000,14880.000,20.00,58602
14885.000,14885.000,20.00,58548
14890.000,14890.000,20.00,58621
14895.000,14895.000,20.00,58647
14900.000,14900.000,20.00,58611
14905.000,14905.000,20.00,58660
14910.000,14910.000,20.00,58608
14915.000,14915.000,20.00,58634
14920.000,14920.000,20.00,58604
14925.000,14925.000,20.00,58624
14930.000,14930.000,20.00,58603
14935.000,14935.000,20.00,58614
14940.000,14940.000,20.00,58595
14945.000,14945.000,20.00,58633
14950.000,14950.000,20.00,58614
14955.000,14955.000,20.00,58629
14960.000,14960.000,20.00,58612
14965.000,14965.000,20.00,58611
14970.000,14970.000,20.00,58599
14975.000,14975.000,20.00,58606
14980.000,14980.000,20.00,58594
14985.000,14985.000,20.00,58592
14990.000,14990.000,20.00,58603
14995.000,14995.000,20.00,58594
15000.000,15000.000,20.00,58622
15005.000,15005.000,20.00,58578
15010.000,15010.000,20.00,58632
15015.000,15015.000,20.00,58611
15020.000,15020.000,20.00,58612
15025.000,15025.000,20.00,58541
15030.000,15030.000,20.00,58320
15035.000,15035.000,20.00,58853
15040.000,15040.000,20.00,58603
15045.000,15045.000,20.00,58590
15050.000,15050.000,20.00,58600
15055.000,15055.000,20.00,58596
15060.000,15060.000,20.00,58608
15065.000,15065.000,20.00,58593
15070.000,15070.000,20.00,58614
15075.000,15075.000,20.00,58606
15080.000,15080.000,20.00,58599
15085.000,15085.000,20.00,58603
15090.000,15090.000,20.00,58612
15095.000,15095.000,20.00,58598
15100.000,15100.000,20.00,58603
15105.000,15105.000,20.00,58605
15110.000,15110.000,20.00,58600
15115.000,15115.000,20.00,58603
15120.000,15120.000,20.00,58586
15125.000,15125.000,20.00,58558
15130.000,15130.000,20.00,58580
15135.000,15135.000,20.00,58610
15140.000,15140.000,20.00,58636
15145.000,15145.000,20.00,58626
15150.000,15150.000,20.00,58614
15155.000,15155.000,20.00,58589
15160.000,15160.000,20.00,58601
15165.000,15165.000,20.00,58618
15170.000,15170.000,20.00,58601
15175.000,15175.000,20.00,58603
15180.000,15180.000,20.00,58609
15185.000,15185.000,20.00,58600
15190.000,15190.000,20.00,58608
15195.000,15195.000,20.00,58584
15200.000,15200.000,20.00,58623
15205.000,15205.000,20.00,58595
15210.000,15210.000,20.00,58595
15215.000,15215.000,20.00,58608
15220.000,15220.000,20.00,58596
15225.000,15225.000,20.00,58608
15230.000,15230.000,20.00,58599
15235.000,15235.000,20.00,58608
15240.000,15240.000,20.00,58599
15245.000,15245.000,20.00,58594
15250.000,15250.000,20.00,58606
15255.000,15255.000,20.00,58604
15260.000,15260.000,20.00,58601
15265.000,15265.000,20.00,58603
15270.000,15270.000,20.00,58588
15275.000,15275.000,20.00,58613
15280.000,15280.000,20.00,58600
15285.000,15285.000,20.00,58593
15290.000,15290.000,20.00,58599
15295.000,15295.000,20.00,58591
15300.000,15300.000,20.00,58618
15305.000,15305.000,20.00,58594
15310.000,15310.000,20.00,58591
15315.000,15315.000,20.00,58594
15320.000,15320.000,20.00,58595
15325.000,15325.000,20.00,58613
15330.000,15330.000,20.00,58564
15335.000,15335.000,20.00,58583
15340.000,15340.000,20.00,58156
15345.000,15345.000,20.00,56056
15350.000,15350.000,20.00,58288
15355.000,15355.000,20.00,58597
15360.000,15360.000,20.00,58598
15365.000,15365.000,20.00,58586
15370.000,15370.000,20.00,57715
15375.000,15375.000,20.00,58026
15380.000,15380.000,20.00,58597
15385.000,15385.000,20.00,58601
15390.000,15390.000,20.00,58607
15395.000,15395.000,20.00,58595
15400.000,15400.000,20.00,58598
15405.000,15405.000,20.00,58600
15410.000,15410.000,20.00,58611
15415.000,15415.000,20.00,58592
15420.000,15420.000,20.00,58580
15425.000,15425.000,20.00,58581
15430.000,15430.000,20.00,58610
15435.000,15435.000,20.00,58593
15440.000,15440.000,20.00,58605
15445.000,15445.000,20.00,58583
15450.000,15450.000,20.00,58601
15455.000,15455.000,20.00,58576
15460.000,15460.000,20.00,58556
15465.000,15465.000,20.00,58619
15470.000,15470.000,20.00,58579
15475.000,15475.000,20.00,58586
15480.000,15480.000,20.00,58588
15485.000,15485.000,20.00,58601
15490.000,15490.000,20.00,58618
15495.000,15495.000,20.00,58605
15500.000,15500.000,20.00,58599
15505.000,15505.000,20.00,58596
15510.000,15510.000,20.00,58623
15515.000,15515.000,20.00,58577
15520.000,15520.000,20.00,58615
15525.000,15525.000,20.00,58547
15530.000,15530.000,20.00,58658
15535.000,15535.000,20.00,58538
15540.000,15540.000,20.00,58577
15545.000,15545.000,20.00,58626
15550.000,15550.000,20.00,58536
15555.000,15555.000,20.00,58667
15560.000,15560.000,20.00,58636
15565.000,15565.000,20.00,58579
15570.000,15570.000,20.00,58671
15575.000,15575.000,20.00,58452
15580.000,15580.000,20.00,58692
15585.000,15585.000,20.00,58445
15590.000,15590.000,20.00,58726
15595.000,15595.000,20.00,58375
15600.000,15600.000,20.00,58600
15605.000,15605.000,20.00,58582
15610.000,15610.000,20.00,58595
15615.000,15615.000,20.00,58606
15620.000,15620.000,20.00,58601
15625.000,15625.000,20.00,58583
15630.000,15630.000,20.00,58604
15635.000,15635.000,20.00,58613
15640.000,15640.000,20.00,58603
15645.000,15645.000,20.00,58603
15650.000,15650.000,20.00,58580
15655.000,15655.000,20.00,58619
15660.000,15660.000,20.00,58619
15665.000,15665.000,20.00,58609
15670.000,15670.000,20.00,58609
15675.000,15675.000,20.00,58594
15680.000,15680.000,20.00,58608
15685.000,15685.000,20.00,58599
15690.000,15690.000,20.00,58606
15695.000,15695.000,20.00,58600
15700.000,15700.000,20.00,58599
15705.000,15705.000,20.00,58606
15710.000,15710.000,20.00,58600
15715.000,15715.000,20.00,58597
15720.000,15720.000,20.00,58602
15725.000,15725.000,20.00,58580
15730.000,15730.000,20.00,58610
15735.000,15735.000,20.00,58577
15740.000,15740.000,20.00,58605
15745.000,15745.000,20.00,58600
15750.000,15750.000,20.00,58595
15755.000,15755.000,20.00,58474
15760.000,15760.000,20.00,58738
15765.000,15765.000,20.00,58599
15770.000,15770.000,20.00,58604
15775.000,15775.000,20.00,58582
15780.000,15780.000,20.00,58604
15785.000,15785.000,20.00,58590
15790.000,15790.000,20.00,58606
15795.000,15795.000,20.00,58597
15800.000,15800.000,20.00,58601
15805.000,15805.000,20.00,58596
15810.000,15810.000,20.00,58604
15815.000,15815.000,20.00,58587
15820.000,15820.000,20.00,58600
15825.000,15825.000,20.00,58599
15830.000,15830.000,20.00,58602
15835.000,15835.000,20.00,58587
15840.000,15840.000,20.00,58602
15845.000,15845.000,20.00,58599
15850.000,15850.000,20.00,58598
15855.000,15855.000,20.00,58609
15860.000,15860.000,20.00,58598
15865.000,15865.000,20.00,58600
15870.000,15870.000,20.00,58602
15875.000,15875.000,20.00,58599
15880.000,15880.000,20.00,58598
15885.000,15885.000,20.00,58579
15890.000,15890.000,20.00,58596
15895.000,15895.000,20.00,58570
15900.000,15900.000,20.00,58593
15905.000,15905.000,20.00,58587
15910.000,15910.000,20.00,58605
15915.000,15915.000,20.00,58602
15920.000,15920.000,20.00,58588
15925.000,15925.000,20.00,58613
15930.000,15930.000,20.00,58598
15935.000,15935.000,20.00,58598
15940.000,15940.000,20.00,58596
15945.000,15945.000,20.00,58598
15950.000,15950.000,20.00,58594
15955.000,15955.000,20.00,58608
15960.000,15960.000,20.00,58525
15965.000,15965.000,20.00,58599
15970.000,15970.000,20.00,58584
15975.000,15975.000,20.00,58246
15980.000,15980.000,20.00,54731
15985.000,15985.000,20.00,55737
15990.000,15990.000,20.00,58269
15995.000,15995.000,20.00,57753
16000.000,16000.000,20.00,57322
16005.000,16005.000,20.00,57854
16010.000,16010.000,20.00,58372
16015.000,16015.000,20.00,58709
16020.000,16020.000,20.00,58596
16025.000,16025.000,20.00,58643
16030.000,16030.000,20.00,58611
16035.000,16035.000,20.00,58655
16040.000,16040.000,20.00,58627
16045.000,16045.000,20.00,58639
16050.000,16050.000,20.00,58691
16055.000,16055.000,20.00,58514
16060.000,16060.000,20.00,58703
16065.000,16065.000,20.00,58592
16070.000,16070.000,20.00,58605
16075.000,16075.000,20.00,58530
16080.000,16080.000,20.00,58598
16085.000,16085.000,20.00,58611
16090.000,16090.000,20.00,58591
16095.000,16095.000,20.00,58594
16100.000,16100.000,20.00,58609
16105.000,16105.000,20.00,58592
16110.000,16110.000,20.00,58602
16115.000,16115.000,20.00,58582
16120.000,16120.000,20.00,58598
16125.000,16125.000,20.00,58627
16130.000,16130.000,20.00,58085
16135.000,16135.000,20.00,58596
16140.000,16140.000,20.00,58236
16145.000,16145.000,20.00,58946
16150.000,16150.000,20.00,58523
16155.000,16155.000,20.00,58686
16160.000,16160.000,20.00,58518
16165.000,16165.000,20.00,58673
16170.000,16170.000,20.00,58584
16175.000,16175.000,20.00,58591
16180.000,16180.000,20.00,58584
16185.000,16185.000,20.00,58595
16190.000,16190.000,20.00,58581
16195.000,16195.000,20.00,58594
16200.000,16200.000,20.00,58591
16205.000,16205.000,20.00,58600
16210.000,16210.000,20.00,58585
16215.000,16215.000,20.00,58617
16220.000,16220.000,20.00,58594
16225.000,16225.000,20.00,58598
16230.000,16230.000,20.00,58567
16235.000,16235.000,20.00,58215
16240.000,16240.000,20.00,58950
16245.000,16245.000,20.00,58427
16250.000,16250.000,20.00,58069
16255.000,16255.000,20.00,58297
16260.000,16260.000,20.00,58593
16265.000,16265.000,20.00,58610
16270.000,16270.000,20.00,58602
16275.000,16275.000,20.00,58591
16280.000,16280.000,20.00,58611
16285.000,16285.000,20.00,58601
16290.000,16290.000,20.00,58664
16295.000,16295.000,20.00,58597
16300.000,16300.000,20.00,58610
16305.000,16305.000,20.00,58084
16310.000,16310.000,20.00,58608
16315.000,16315.000,20.00,58611
16320.000,16320.000,20.00,58595
16325.000,16325.000,20.00,58573
16330.000,16330.000,20.00,58606
16335.000,16335.000,20.00,58581
16340.000,16340.000,20.00,58582
16345.000,16345.000,20.00,58608
16350.000,16350.000,20.00,55288
16355.000,16355.000,20.00,57821
16360.000,16360.000,20.00,54234
16365.000,16365.000,20.00,54016
16370.000,16370.000,20.00,58125
16375.000,16375.000,20.00,58086
16380.000,16380.000,20.00,58474
16385.000,16385.000,20.00,58319
16390.000,16390.000,20.00,58116
16395.000,16395.000,20.00,58269
16400.000,16400.000,20.00,58272
16405.000,16405.000,20.00,58345
16410.000,16410.000,20.00,58437
16415.000,16415.000,20.00,54806
16420.000,16420.000,20.00,55950
16425.000,16425.000,20.00,58594
16430.000,16430.000,20.00,58534
16435.000,16435.000,20.00,58507
16440.000,16440.000,20.00,58555
16445.000,16445.000,20.00,58581
16450.000,16450.000,20.00,58583
16455.000,16455.000,20.00,58582
16460.000,16460.000,20.00,58583
16465.000,16465.000,20.00,58610
16470.000,16470.000,20.00,58600
16475.000,16475.000,20.00,58594
16480.000,16480.000,20.00,58597
16485.000,16485.000,20.00,58601
16490.000,16490.000,20.00,58498
16495.000,16495.000,20.00,58682
16500.000,16500.000,20.00,58598
16505.000,16505.000,20.00,58593
16510.000,16510.000,20.00,58598
16515.000,16515.000,20.00,58572
16520.000,16520.000,20.00,58613
16525.000,16525.000,20.00,58581
16530.000,16530.000,20.00,58591
16535.000,16535.000,20.00,58580
16540.000,16540.000,20.00,58588
16545.000,16545.000,20.00,58587
16550.000,16550.000,20.00,58582
16555.000,16555.000,20.00,58579
16560.000,16560.000,20.00,58581
16565.000,16565.000,20.00,58594
16570.000,16570.000,20.00,58591
16575.000,16575.000,20.00,58596
16580.000,16580.000,20.00,58585
16585.000,16585.000,20.00,58582
16590.000,16590.000,20.00,58588
16595.000,16595.000,20.00,58593
16600.000,16600.000,20.00,58598
16605.000,16605.000,20.00,58590
16610.000,16610.000,20.00,58585
16615.000,16615.000,20.00,58583
16620.000,16620.000,20.00,57196
16625.000,16625.000,20.00,58610
16630.000,16630.000,20.00,57680
16635.000,16635.000,20.00,57489
16640.000,16640.000,20.00,58356
16645.000,16645.000,20.00,58597
16650.000,16650.000,20.00,58590
16655.000,16655.000,20.00,58520
16660.000,16660.000,20.00,58606
16665.000,16665.000,20.00,58592
16670.000,16670.000,20.00,58594
16675.000,16675.000,20.00,58597
16680.000,16680.000,20.00,58570
16685.000,16685.000,20.00,58612
16690.000,16690.000,20.00,58591
16695.000,16695.000,20.00,58595
16700.000,16700.000,20.00,58594
16705.000,16705.000,20.00,58548
16710.000,16710.000,20.00,58605
16715.000,16715.000,20.00,58579
16720.000,16720.000,20.00,58601
16725.000,16725.000,20.00,58596
16730.000,16730.000,20.00,58600
16735.000,16735.000,20.00,58597
16740.000,16740.000,20.00,58598
16745.000,16745.000,20.00,58586
16750.000,16750.000,20.00,58603
16755.000,16755.000,20.00,58584
16760.000,16760.000,20.00,58602
16765.000,16765.000,20.00,58582
16770.000,16770.000,20.00,58597
16775.000,16775.000,20.00,58583
16780.000,16780.000,20.00,58596
16785.000,16785.000,20.00,58609
16790.000,16790.000,20.00,58566
16795.000,16795.000,20.00,58548
16800.000,16800.000,20.00,58595
16805.000,16805.000,20.00,58564
16810.000,16810.000,20.00,58615
16815.000,16815.000,20.00,58608
16820.000,16820.000,20.00,58592
16825.000,16825.000,20.00,58614
16830.000,16830.000,20.00,57305
16835.000,16835.000,20.00,58546
16840.000,16840.000,20.00,57559
16845.000,16845.000,20.00,57398
16850.000,16850.000,20.00,58118
16855.000,16855.000,20.00,56151
16860.000,16860.000,20.00,58591
16865.000,16865.000,20.00,58598
16870.000,16870.000,20.00,58582
16875.000,16875.000,20.00,58558
16880.000,16880.000,20.00,58586
16885.000,16885.000,20.00,58614
16890.000,16890.000,20.00,58597
16895.000,16895.000,20.00,58608
16900.000,16900.000,20.00,58597
16905.000,16905.000,20.00,58603
16910.000,16910.000,20.00,58587
16915.000,16915.000,20.00,58594
16920.000,16920.000,20.00,58562
16925.000,16925.000,20.00,57567
16930.000,16930.000,20.00,58076
16935.000,16935.000,20.00,55586
16940.000,16940.000,20.00,58212
16945.000,16945.000,20.00,56046
16950.000,16950.000,20.00,58090
16955.000,16955.000,20.00,55532
16960.000,16960.000,20.00,55594
16965.000,16965.000,20.00,57060
16970.000,16970.000,20.00,57895
16975.000,16975.000,20.00,58523
16980.000,16980.000,20.00,58294
16985.000,16985.000,20.00,58599
16990.000,16990.000,20.00,58571
16995.000,16995.000,20.00,58595
17000.000,17000.000,20.00,58610
17005.000,17005.000,20.00,58535
