since,relative_seconds,rtt,bandwidth_kbps
0.000,0.000,20.00,99174
5.000,5.000,20.00,56682
10.000,10.000,20.00,55782
15.000,15.000,20.00,57246
20.000,20.000,20.00,57728
25.000,25.000,20.00,65905
30.000,30.000,20.00,52475
35.000,35.000,20.00,85743
40.000,40.000,20.00,79950
45.000,45.000,20.00,86706
50.000,50.000,20.00,93325
55.000,55.000,20.00,102861
60.000,60.000,20.00,17946
65.000,65.000,20.00,26666
70.000,70.000,20.00,40071
75.000,75.000,20.00,25297
80.000,80.000,20.00,57049
85.000,85.000,20.00,71688
90.000,90.000,20.00,112382
95.000,95.000,20.00,112503
100.000,100.000,20.00,111734
105.000,105.000,20.00,112928
110.000,110.000,20.00,104847
115.000,115.000,20.00,91333
120.000,120.000,20.00,89001
125.000,125.000,20.00,94780
130.000,130.000,20.00,100209
135.000,135.000,20.00,98431
140.000,140.000,20.00,107595
145.000,145.000,20.00,110397
150.000,150.000,20.00,112067
155.000,155.000,20.00,112341
160.000,160.000,20.00,110903
165.000,165.000,20.00,112220
170.000,170.000,20.00,112821
175.000,175.000,20.00,112903
180.000,180.000,20.00,96211
185.000,185.000,20.00,104776
190.000,190.000,20.00,103286
195.000,195.000,20.00,104939
200.000,200.000,20.00,108123
205.000,205.000,20.00,107150
210.000,210.000,20.00,93815
215.000,215.000,20.00,96610
220.000,220.000,20.00,99874
225.000,225.000,20.00,98875
230.000,230.000,20.00,102353
235.000,235.000,20.00,106541
240.000,240.000,20.00,21469
245.000,245.000,20.00,17722
250.000,250.000,20.00,23096
255.000,255.000,20.00,21539
260.000,260.000,20.00,25893
265.000,265.000,20.00,21426
270.000,270.000,20.00,107420
275.000,275.000,20.00,110720
280.000,280.000,20.00,111097
285.000,285.000,20.00,111656
290.000,290.000,20.00,112048
295.000,295.000,20.00,109663
300.000,300.000,20.00,108208
305.000,305.000,20.00,109764
310.000,310.000,20.00,110231
315.000,315.000,20.00,110266
320.000,320.000,20.00,106929
325.000,325.000,20.00,109942
330.000,330.000,20.00,108119
335.000,335.000,20.00,96799
340.000,340.000,20.00,104364
345.000,345.000,20.00,107782
350.000,350.000,20.00,110258
355.000,355.000,20.00,110810
360.000,360.000,20.00,112699
365.000,365.000,20.00,111909
370.000,370.000,20.00,112277
375.000,375.000,20.00,111296
380.000,380.000,20.00,112459
385.000,385.000,20.00,112527
390.000,390.000,20.00,100389
395.000,395.000,20.00,107923
400.000,400.000,20.00,107933
405.000,405.000,20.00,112181
410.000,410.000,20.00,112182
415.000,415.000,20.00,112209
420.000,420.000,20.00,105431
425.000,425.000,20.00,104608
430.000,430.000,20.00,108739
435.000,435.000,20.00,111137
440.000,440.000,20.00,112429
445.000,445.000,20.00,95022
450.000,450.000,20.00,107599
455.000,455.000,20.00,109342
460.000,460.000,20.00,111766
465.000,465.000,20.00,111316
470.000,470.000,20.00,112134
475.000,475.000,20.00,111601
480.000,480.000,20.00,104202
485.000,485.000,20.00,110282
490.000,490.000,20.00,110189
495.000,495.000,20.00,82948
500.000,500.000,20.00,34787
505.000,505.000,20.00,22832
510.000,510.000,20.00,111569
515.000,515.000,20.00,111985
520.000,520.000,20.00,105382
525.000,525.000,20.00,108983
530.000,530.000,20.00,102538
535.000,535.000,20.00,105606
540.000,540.000,20.00,93280
545.000,545.000,20.00,99317
550.000,550.000,20.00,107685
555.000,555.000,20.00,110161
560.000,560.000,20.00,111148
565.000,565.000,20.00,91180
570.000,570.000,20.00,100826
575.000,575.000,20.00,103479
580.000,580.000,20.00,69014
585.000,585.000,20.00,61539
590.000,590.000,20.00,69448
595.000,595.000,20.00,72588
600.000,600.000,20.00,90532
605.000,605.000,20.00,91250
610.000,610.000,20.00,63188
615.000,615.000,20.00,62062
620.000,620.000,20.00,89607
625.000,625.000,20.00,79405
630.000,630.000,20.00,76554
635.000,635.000,20.00,83121
640.000,640.000,20.00,90316
645.000,645.000,20.00,97686
650.000,650.000,20.00,98853
655.000,655.000,20.00,69999
660.000,660.000,20.00,106570
665.000,665.000,20.00,105590
670.000,670.000,20.00,104769
675.000,675.000,20.00,102377
680.000,680.000,20.00,101937
685.000,685.000,20.00,102777
690.000,690.000,20.00,106923
695.000,695.000,20.00,110841
700.000,700.000,20.00,112084
705.000,705.000,20.00,112436
710.000,710.000,20.00,111872
715.000,715.000,20.00,112982
720.000,720.000,20.00,110473
725.000,725.000,20.00,112672
730.000,730.000,20.00,112361
735.000,735.000,20.00,112647
740.000,740.000,20.00,108677
745.000,745.000,20.00,110845
750.000,750.000,20.00,102108
755.000,755.000,20.00,102056
760.000,760.000,20.00,102832
765.000,765.000,20.00,108329
770.000,770.000,20.00,110011
775.000,775.000,20.00,112414
780.000,780.000,20.00,110965
785.000,785.000,20.00,112551
790.000,790.000,20.00,111287
795.000,795.000,20.00,112324
800.000,800.000,20.00,105717
805.000,805.000,20.00,91328
810.000,810.000,20.00,97309
815.000,815.000,20.00,102836
820.000,820.000,20.00,104196
825.000,825.000,20.00,103033
830.000,830.000,20.00,103102
835.000,835.000,20.00,110632
840.000,840.000,20.00,111292
845.000,845.000,20.00,111980
850.000,850.000,20.00,104279
855.000,855.000,20.00,109169
860.000,860.000,20.00,110122
865.000,865.000,20.00,112136
870.000,870.000,20.00,107477
875.000,875.000,20.00,109418
880.000,880.000,20.00,112450
885.000,885.000,20.00,112772
890.000,890.000,20.00,112622
895.000,895.000,20.00,112849
900.000,900.000,20.00,105783
905.000,905.000,20.00,110254
910.000,910.000,20.00,111343
915.000,915.000,20.00,111570
920.000,920.000,20.00,112314
925.000,925.000,20.00,110968
930.000,930.000,20.00,105407
935.000,935.000,20.00,108442
940.000,940.000,20.00,91730
945.000,945.000,20.00,103473
950.000,950.000,20.00,107808
955.000,955.000,20.00,110484
960.000,960.000,20.00,111307
965.000,965.000,20.00,112338
970.000,970.000,20.00,112736
975.000,975.000,20.00,112837
980.000,980.000,20.00,112620
985.000,985.000,20.00,112580
990.000,990.000,20.00,104383
995.000,995.000,20.00,109515
1000.000,1000.000,20.00,110589
1005.000,1005.000,20.00,111587
1010.000,1010.000,20.00,95468
1015.000,1015.000,20.00,84697
1020.000,1020.000,20.00,111644
1025.000,1025.000,20.00,111708
1030.000,1030.000,20.00,110268
1035.000,1035.000,20.00,112061
1040.000,1040.000,20.00,106841
1045.000,1045.000,20.00,111862
1050.000,1050.000,20.00,105988
1055.000,1055.000,20.00,106860
1060.000,1060.000,20.00,106575
1065.000,1065.000,20.00,82524
1070.000,1070.000,20.00,94723
1075.000,1075.000,20.00,102790
1080.000,1080.000,20.00,110760
1085.000,1085.000,20.00,112549
1090.000,1090.000,20.00,112651
1095.000,1095.000,20.00,112989
1100.000,1100.000,20.00,112954
1105.000,1105.000,20.00,112979
1110.000,1110.000,20.00,93963
1115.000,1115.000,20.00,97213
1120.000,1120.000,20.00,101080
1125.000,1125.000,20.00,107275
1130.000,1130.000,20.00,98645
1135.000,1135.000,20.00,66425
1140.000,1140.000,20.00,105426
1145.000,1145.000,20.00,112041
1150.000,1150.000,20.00,110678
1155.000,1155.000,20.00,111670
1160.000,1160.000,20.00,111807
1165.000,1165.000,20.00,112040
1170.000,1170.000,20.00,97666
1175.000,1175.000,20.00,98152
1180.000,1180.000,20.00,109203
1185.000,1185.000,20.00,108033
1190.000,1190.000,20.00,111874
1195.000,1195.000,20.00,110930
1200.000,1200.000,20.00,108458
1205.000,1205.000,20.00,101385
1210.000,1210.000,20.00,107178
1215.000,1215.000,20.00,90503
1220.000,1220.000,20.00,77868
1225.000,1225.000,20.00,83645
1230.000,1230.000,20.00,92235
1235.000,1235.000,20.00,103553
1240.000,1240.000,20.00,101322
1245.000,1245.000,20.00,91866
1250.000,1250.000,20.00,97981
1255.000,1255.000,20.00,102193
1260.000,1260.000,20.00,111538
1265.000,1265.000,20.00,112210
1270.000,1270.000,20.00,112682
1275.000,1275.000,20.00,112944
1280.000,1280.000,20.00,107179
1285.000,1285.000,20.00,89250
1290.000,1290.000,20.00,112050
1295.000,1295.000,20.00,112972
1300.000,1300.000,20.00,112959
1305.000,1305.000,20.00,112971
1310.000,1310.000,20.00,112923
1315.000,1315.000,20.00,112967
1320.000,1320.000,20.00,104628
1325.000,1325.000,20.00,108735
1330.000,1330.000,20.00,112610
1335.000,1335.000,20.00,112786
1340.000,1340.000,20.00,112870
1345.000,1345.000,20.00,112994
1350.000,1350.000,20.00,112767
1355.000,1355.000,20.00,112869
1360.000,1360.000,20.00,112979
1365.000,1365.000,20.00,112204
1370.000,1370.000,20.00,112861
1375.000,1375.000,20.00,112993
1380.000,1380.000,20.00,112957
1385.000,1385.000,20.00,112992
1390.000,1390.000,20.00,112951
1395.000,1395.000,20.00,112986
1400.000,1400.000,20.00,112965
1405.000,1405.000,20.00,112997
1410.000,1410.000,20.00,112836
1415.000,1415.000,20.00,112946
1420.000,1420.000,20.00,111571
1425.000,1425.000,20.00,112742
1430.000,1430.000,20.00,112984
1435.000,1435.000,20.00,112811
1440.000,1440.000,20.00,99633
1445.000,1445.000,20.00,111440
1450.000,1450.000,20.00,112278
1455.000,1455.000,20.00,112948
1460.000,1460.000,20.00,112977
1465.000,1465.000,20.00,112971
1470.000,1470.000,20.00,112980
1475.000,1475.000,20.00,112983
1480.000,1480.000,20.00,112953
1485.000,1485.000,20.00,112958
1490.000,1490.000,20.00,112444
1495.000,1495.000,20.00,113002
1500.000,1500.000,20.00,108942
1505.000,1505.000,20.00,108792
1510.000,1510.000,20.00,110772
1515.000,1515.000,20.00,112556
1520.000,1520.000,20.00,111969
1525.000,1525.000,20.00,112573
1530.000,1530.000,20.00,107677
1535.000,1535.000,20.00,112114
1540.000,1540.000,20.00,111990
1545.000,1545.000,20.00,97477
1550.000,1550.000,20.00,108255
1555.000,1555.000,20.00,110164
1560.000,1560.000,20.00,110894
1565.000,1565.000,20.00,111348
1570.000,1570.000,20.00,102625
1575.000,1575.000,20.00,99782
1580.000,1580.000,20.00,103615
1585.000,1585.000,20.00,110370
1590.000,1590.000,20.00,106791
1595.000,1595.000,20.00,110136
1600.000,1600.000,20.00,106839
1605.000,1605.000,20.00,110839
1610.000,1610.000,20.00,110618
1615.000,1615.000,20.00,89246
1620.000,1620.000,20.00,108099
1625.000,1625.000,20.00,110337
1630.000,1630.000,20.00,110824
1635.000,1635.000,20.00,112618
1640.000,1640.000,20.00,112338
1645.000,1645.000,20.00,112026
1650.000,1650.000,20.00,110952
1655.000,1655.000,20.00,111494
1660.000,1660.000,20.00,109548
1665.000,1665.000,20.00,111322
1670.000,1670.000,20.00,111978
1675.000,1675.000,20.00,112950
1680.000,1680.000,20.00,112215
1685.000,1685.000,20.00,112005
1690.000,1690.000,20.00,112088
1695.000,1695.000,20.00,111247
1700.000,1700.000,20.00,110360
1705.000,1705.000,20.00,112199
1710.000,1710.000,20.00,87617
1715.000,1715.000,20.00,86727
1720.000,1720.000,20.00,93453
1725.000,1725.000,20.00,99393
1730.000,1730.000,20.00,99238
1735.000,1735.000,20.00,109653
1740.000,1740.000,20.00,96687
1745.000,1745.000,20.00,99648
1750.000,1750.000,20.00,106323
1755.000,1755.000,20.00,82171
1760.000,1760.000,20.00,82152
1765.000,1765.000,20.00,83807
1770.000,1770.000,20.00,112268
1775.000,1775.000,20.00,112537
1780.000,1780.000,20.00,76680
1785.000,1785.000,20.00,60061
1790.000,1790.000,20.00,74784
1795.000,1795.000,20.00,84480
1800.000,1800.000,20.00,99050
1805.000,1805.000,20.00,95048
1810.000,1810.000,20.00,67590
1815.000,1815.000,20.00,72711
1820.000,1820.000,20.00,82226
1825.000,1825.000,20.00,85599
1830.000,1830.000,20.00,111557
1835.000,1835.000,20.00,112773
1840.000,1840.000,20.00,112794
1845.000,1845.000,20.00,112091
1850.000,1850.000,20.00,112635
1855.000,1855.000,20.00,109730
1860.000,1860.000,20.00,112908
1865.000,1865.000,20.00,112803
1870.000,1870.000,20.00,112951
1875.000,1875.000,20.00,112984
1880.000,1880.000,20.00,112930
1885.000,1885.000,20.00,113039
1890.000,1890.000,20.00,112972
1895.000,1895.000,20.00,112062
1900.000,1900.000,20.00,112814
1905.000,1905.000,20.00,112536
1910.000,1910.000,20.00,111596
1915.000,1915.000,20.00,112930
1920.000,1920.000,20.00,60908
1925.000,1925.000,20.00,67620
1930.000,1930.000,20.00,72495
1935.000,1935.000,20.00,78463
1940.000,1940.000,20.00,80910
1945.000,1945.000,20.00,90251
1950.000,1950.000,20.00,112115
1955.000,1955.000,20.00,112857
1960.000,1960.000,20.00,111758
1965.000,1965.000,20.00,112534
1970.000,1970.000,20.00,112999
1975.000,1975.000,20.00,112985
1980.000,1980.000,20.00,108208
1985.000,1985.000,20.00,109520
1990.000,1990.000,20.00,112767
1995.000,1995.000,20.00,112946
2000.000,2000.000,20.00,112781
2005.000,2005.000,20.00,112986
2010.000,2010.000,20.00,99579
2015.000,2015.000,20.00,105183
2020.000,2020.000,20.00,108795
2025.000,2025.000,20.00,111649
2030.000,2030.000,20.00,112138
2035.000,2035.000,20.00,112785
2040.000,2040.000,20.00,112630
2045.000,2045.000,20.00,112724
2050.000,2050.000,20.00,110657
2055.000,2055.000,20.00,112501
2060.000,2060.000,20.00,112954
2065.000,2065.000,20.00,112978
2070.000,2070.000,20.00,108167
2075.000,2075.000,20.00,112718
2080.000,2080.000,20.00,112937
2085.000,2085.000,20.00,112817
2090.000,2090.000,20.00,112981
2095.000,2095.000,20.00,112652
2100.000,2100.000,20.00,99869
2105.000,2105.000,20.00,103740
2110.000,2110.000,20.00,108947
2115.000,2115.000,20.00,107612
2120.000,2120.000,20.00,109113
2125.000,2125.000,20.00,112879
2130.000,2130.000,20.00,93037
2135.000,2135.000,20.00,102261
2140.000,2140.000,20.00,105065
2145.000,2145.000,20.00,108247
2150.000,2150.000,20.00,109281
2155.000,2155.000,20.00,93587
2160.000,2160.000,20.00,107853
2165.000,2165.000,20.00,103399
2170.000,2170.000,20.00,108922
2175.000,2175.000,20.00,105818
2180.000,2180.000,20.00,105536
2185.000,2185.000,20.00,108078
2190.000,2190.000,20.00,90236
2195.000,2195.000,20.00,96973
2200.000,2200.000,20.00,93660
2205.000,2205.000,20.00,101548
2210.000,2210.000,20.00,108597
2215.000,2215.000,20.00,111024
2220.000,2220.000,20.00,97486
2225.000,2225.000,20.00,93644
2230.000,2230.000,20.00,108026
2235.000,2235.000,20.00,107364
2240.000,2240.000,20.00,98819
2245.000,2245.000,20.00,94461
2250.000,2250.000,20.00,112590
2255.000,2255.000,20.00,112638
2260.000,2260.000,20.00,112226
2265.000,2265.000,20.00,111157
2270.000,2270.000,20.00,112013
2275.000,2275.000,20.00,104476
2280.000,2280.000,20.00,86918
2285.000,2285.000,20.00,90751
2290.000,2290.000,20.00,93875
2295.000,2295.000,20.00,104696
2300.000,2300.000,20.00,108521
2305.000,2305.000,20.00,100160
2310.000,2310.000,20.00,99862
2315.000,2315.000,20.00,102772
2320.000,2320.000,20.00,100819
2325.000,2325.000,20.00,105435
2330.000,2330.000,20.00,103190
2335.000,2335.000,20.00,104085
2340.000,2340.000,20.00,108813
2345.000,2345.000,20.00,110779
2350.000,2350.000,20.00,108600
2355.000,2355.000,20.00,110599
2360.000,2360.000,20.00,67613
2365.000,2365.000,20.00,81011
2370.000,2370.000,20.00,69186
2375.000,2375.000,20.00,74802
2380.000,2380.000,20.00,82865
2385.000,2385.000,20.00,85604
2390.000,2390.000,20.00,91520
2395.000,2395.000,20.00,97991
2400.000,2400.000,20.00,112939
2405.000,2405.000,20.00,112974
2410.000,2410.000,20.00,112649
2415.000,2415.000,20.00,112878
2420.000,2420.000,20.00,112551
2425.000,2425.000,20.00,112945
2430.000,2430.000,20.00,109414
2435.000,2435.000,20.00,110098
2440.000,2440.000,20.00,112649
2445.000,2445.000,20.00,112939
2450.000,2450.000,20.00,112985
2455.000,2455.000,20.00,112983
2460.000,2460.000,20.00,112488
2465.000,2465.000,20.00,112970
2470.000,2470.000,20.00,112798
2475.000,2475.000,20.00,112881
2480.000,2480.000,20.00,112960
2485.000,2485.000,20.00,112961
2490.000,2490.000,20.00,107852
2495.000,2495.000,20.00,109140
2500.000,2500.000,20.00,107630
2505.000,2505.000,20.00,112976
2510.000,2510.000,20.00,112982
2515.000,2515.000,20.00,112975
2520.000,2520.000,20.00,112981
2525.000,2525.000,20.00,112952
2530.000,2530.000,20.00,112721
2535.000,2535.000,20.00,112970
2540.000,2540.000,20.00,112959
2545.000,2545.000,20.00,112970
2550.000,2550.000,20.00,112686
2555.000,2555.000,20.00,112876
2560.000,2560.000,20.00,112905
2565.000,2565.000,20.00,111841
2570.000,2570.000,20.00,112537
2575.000,2575.000,20.00,112976
2580.000,2580.000,20.00,110655
2585.000,2585.000,20.00,111985
2590.000,2590.000,20.00,111302
2595.000,2595.000,20.00,110799
2600.000,2600.000,20.00,112915
2605.000,2605.000,20.00,112981
2610.000,2610.000,20.00,96445
2615.000,2615.000,20.00,106540
2620.000,2620.000,20.00,110783
2625.000,2625.000,20.00,111505
2630.000,2630.000,20.00,112737
2635.000,2635.000,20.00,112401
2640.000,2640.000,20.00,112984
2645.000,2645.000,20.00,112979
2650.000,2650.000,20.00,112983
2655.000,2655.000,20.00,112983
2660.000,2660.000,20.00,112986
2665.000,2665.000,20.00,112559
2670.000,2670.000,20.00,109966
2675.000,2675.000,20.00,111889
2680.000,2680.000,20.00,112237
2685.000,2685.000,20.00,112935
2690.000,2690.000,20.00,112960
2695.000,2695.000,20.00,112548
2700.000,2700.000,20.00,107920
2705.000,2705.000,20.00,111980
2710.000,2710.000,20.00,112879
2715.000,2715.000,20.00,112668
2720.000,2720.000,20.00,112866
2725.000,2725.000,20.00,112589
2730.000,2730.000,20.00,110517
2735.000,2735.000,20.00,112877
2740.000,2740.000,20.00,112574
2745.000,2745.000,20.00,108435
2750.000,2750.000,20.00,111374
2755.000,2755.000,20.00,111904
2760.000,2760.000,20.00,76062
2765.000,2765.000,20.00,81609
2770.000,2770.000,20.00,65612
2775.000,2775.000,20.00,57929
2780.000,2780.000,20.00,59241
2785.000,2785.000,20.00,68105
2790.000,2790.000,20.00,99333
2795.000,2795.000,20.00,107046
2800.000,2800.000,20.00,99311
2805.000,2805.000,20.00,108210
2810.000,2810.000,20.00,110161
2815.000,2815.000,20.00,109224
2820.000,2820.000,20.00,107299
2825.000,2825.000,20.00,109253
2830.000,2830.000,20.00,105406
2835.000,2835.000,20.00,100448
2840.000,2840.000,20.00,101496
2845.000,2845.000,20.00,93796
2850.000,2850.000,20.00,102779
2855.000,2855.000,20.00,100048
2860.000,2860.000,20.00,89998
2865.000,2865.000,20.00,104971
2870.000,2870.000,20.00,107744
2875.000,2875.000,20.00,81841
2880.000,2880.000,20.00,107322
2885.000,2885.000,20.00,97181
2890.000,2890.000,20.00,77742
2895.000,2895.000,20.00,83500
2900.000,2900.000,20.00,91194
2905.000,2905.000,20.00,92329
2910.000,2910.000,20.00,101595
2915.000,2915.000,20.00,108848
2920.000,2920.000,20.00,76672
2925.000,2925.000,20.00,94686
2930.000,2930.000,20.00,97801
2935.000,2935.000,20.00,94175
2940.000,2940.000,20.00,59849
2945.000,2945.000,20.00,73399
2950.000,2950.000,20.00,82092
2955.000,2955.000,20.00,54674
2960.000,2960.000,20.00,52696
2965.000,2965.000,20.00,62720
2970.000,2970.000,20.00,78947
2975.000,2975.000,20.00,67671
2980.000,2980.000,20.00,76882
2985.000,2985.000,20.00,68638
2990.000,2990.000,20.00,25950
2995.000,2995.000,20.00,65051
3000.000,3000.000,20.00,112745
3005.000,3005.000,20.00,112970
3010.000,3010.000,20.00,112937
3015.000,3015.000,20.00,112833
3020.000,3020.000,20.00,112805
3025.000,3025.000,20.00,112866
3030.000,3030.000,20.00,100543
3035.000,3035.000,20.00,107506
3040.000,3040.000,20.00,111801
3045.000,3045.000,20.00,112769
3050.000,3050.000,20.00,112964
3055.000,3055.000,20.00,112923
3060.000,3060.000,20.00,108193
3065.000,3065.000,20.00,111713
3070.000,3070.000,20.00,112966
3075.000,3075.000,20.00,112939
3080.000,3080.000,20.00,112980
3085.000,3085.000,20.00,112984
3090.000,3090.000,20.00,105730
3095.000,3095.000,20.00,112608
3100.000,3100.000,20.00,112877
3105.000,3105.000,20.00,112979
3110.000,3110.000,20.00,112941
3115.000,3115.000,20.00,112982
3120.000,3120.000,20.00,112999
3125.000,3125.000,20.00,112997
3130.000,3130.000,20.00,112817
3135.000,3135.000,20.00,112962
3140.000,3140.000,20.00,112982
3145.000,3145.000,20.00,112981
3150.000,3150.000,20.00,112959
3155.000,3155.000,20.00,111633
3160.000,3160.000,20.00,112991
3165.000,3165.000,20.00,112982
3170.000,3170.000,20.00,112985
3175.000,3175.000,20.00,112580
3180.000,3180.000,20.00,112986
3185.000,3185.000,20.00,112984
3190.000,3190.000,20.00,112988
3195.000,3195.000,20.00,112988
3200.000,3200.000,20.00,112979
3205.000,3205.000,20.00,112993
3210.000,3210.000,20.00,110303
3215.000,3215.000,20.00,112741
3220.000,3220.000,20.00,112596
3225.000,3225.000,20.00,112928
3230.000,3230.000,20.00,87767
3235.000,3235.000,20.00,78249
3240.000,3240.000,20.00,110878
3245.000,3245.000,20.00,111275
3250.000,3250.000,20.00,112150
3255.000,3255.000,20.00,112385
3260.000,3260.000,20.00,111807
3265.000,3265.000,20.00,112360
3270.000,3270.000,20.00,102551
3275.000,3275.000,20.00,107729
3280.000,3280.000,20.00,90647
3285.000,3285.000,20.00,95816
3290.000,3290.000,20.00,100151
3295.000,3295.000,20.00,100509
3300.000,3300.000,20.00,91285
3305.000,3305.000,20.00,96914
3310.000,3310.000,20.00,101206
3315.000,3315.000,20.00,78623
3320.000,3320.000,20.00,81095
3325.000,3325.000,20.00,84563
3330.000,3330.000,20.00,100923
3335.000,3335.000,20.00,74432
3340.000,3340.000,20.00,73524
3345.000,3345.000,20.00,79865
3350.000,3350.000,20.00,84830
3355.000,3355.000,20.00,58682
3360.000,3360.000,20.00,107885
3365.000,3365.000,20.00,112440
3370.000,3370.000,20.00,109405
3375.000,3375.000,20.00,111369
3380.000,3380.000,20.00,109346
3385.000,3385.000,20.00,112504
3390.000,3390.000,20.00,78942
3395.000,3395.000,20.00,92155
3400.000,3400.000,20.00,74365
3405.000,3405.000,20.00,51382
3410.000,3410.000,20.00,75431
3415.000,3415.000,20.00,94020
3420.000,3420.000,20.00,74949
3425.000,3425.000,20.00,76054
3430.000,3430.000,20.00,81335
3435.000,3435.000,20.00,89995
3440.000,3440.000,20.00,93624
3445.000,3445.000,20.00,78034
3450.000,3450.000,20.00,70738
3455.000,3455.000,20.00,77312
3460.000,3460.000,20.00,81745
3465.000,3465.000,20.00,104169
3470.000,3470.000,20.00,101631
3475.000,3475.000,20.00,99449
3480.000,3480.000,20.00,52361
3485.000,3485.000,20.00,44656
3490.000,3490.000,20.00,40134
3495.000,3495.000,20.00,32236
3500.000,3500.000,20.00,38160
3505.000,3505.000,20.00,34937
3510.000,3510.000,20.00,59242
3515.000,3515.000,20.00,58117
3520.000,3520.000,20.00,55541
3525.000,3525.000,20.00,36260
3530.000,3530.000,20.00,26935
3535.000,3535.000,20.00,42068
3540.000,3540.000,20.00,107845
3545.000,3545.000,20.00,110733
3550.000,3550.000,20.00,108794
3555.000,3555.000,20.00,111173
3560.000,3560.000,20.00,111846
3565.000,3565.000,20.00,112348
3570.000,3570.000,20.00,112949
3575.000,3575.000,20.00,112952
3580.000,3580.000,20.00,104477
3585.000,3585.000,20.00,112242
3590.000,3590.000,20.00,112988
3595.000,3595.000,20.00,112979
3600.000,3600.000,20.00,94068
3605.000,3605.000,20.00,98775
3610.000,3610.000,20.00,109457
3615.000,3615.000,20.00,112203
3620.000,3620.000,20.00,112878
3625.000,3625.000,20.00,112924
3630.000,3630.000,20.00,108933
3635.000,3635.000,20.00,112016
3640.000,3640.000,20.00,109588
3645.000,3645.000,20.00,107158
3650.000,3650.000,20.00,112134
3655.000,3655.000,20.00,112983
3660.000,3660.000,20.00,108565
3665.000,3665.000,20.00,112295
3670.000,3670.000,20.00,112910
3675.000,3675.000,20.00,112999
3680.000,3680.000,20.00,112874
3685.000,3685.000,20.00,113003
3690.000,3690.000,20.00,112992
3695.000,3695.000,20.00,112951
3700.000,3700.000,20.00,112996
3705.000,3705.000,20.00,97011
3710.000,3710.000,20.00,97892
3715.000,3715.000,20.00,107034
3720.000,3720.000,20.00,112996
3725.000,3725.000,20.00,112705
3730.000,3730.000,20.00,112947
3735.000,3735.000,20.00,112977
3740.000,3740.000,20.00,112991
3745.000,3745.000,20.00,112986
3750.000,3750.000,20.00,99880
3755.000,3755.000,20.00,102493
3760.000,3760.000,20.00,106837
3765.000,3765.000,20.00,109249
3770.000,3770.000,20.00,112263
3775.000,3775.000,20.00,111206
3780.000,3780.000,20.00,112754
3785.000,3785.000,20.00,109856
3790.000,3790.000,20.00,110025
3795.000,3795.000,20.00,104131
3800.000,3800.000,20.00,111339
3805.000,3805.000,20.00,108138
3810.000,3810.000,20.00,104061
3815.000,3815.000,20.00,104341
3820.000,3820.000,20.00,93817
3825.000,3825.000,20.00,72073
3830.000,3830.000,20.00,81225
3835.000,3835.000,20.00,86820
3840.000,3840.000,20.00,98188
3845.000,3845.000,20.00,103817
3850.000,3850.000,20.00,88589
3855.000,3855.000,20.00,78748
3860.000,3860.000,20.00,80013
3865.000,3865.000,20.00,87880
3870.000,3870.000,20.00,107869
3875.000,3875.000,20.00,111860
3880.000,3880.000,20.00,112111
3885.000,3885.000,20.00,106639
3890.000,3890.000,20.00,111014
3895.000,3895.000,20.00,111140
3900.000,3900.000,20.00,90769
3905.000,3905.000,20.00,99036
3910.000,3910.000,20.00,103484
3915.000,3915.000,20.00,106904
3920.000,3920.000,20.00,99479
3925.000,3925.000,20.00,76364
3930.000,3930.000,20.00,104922
3935.000,3935.000,20.00,96665
3940.000,3940.000,20.00,96920
3945.000,3945.000,20.00,101738
3950.000,3950.000,20.00,104155
3955.000,3955.000,20.00,106831
3960.000,3960.000,20.00,110735
3965.000,3965.000,20.00,111941
3970.000,3970.000,20.00,110379
3975.000,3975.000,20.00,112484
3980.000,3980.000,20.00,112732
3985.000,3985.000,20.00,90473
3990.000,3990.000,20.00,52531
3995.000,3995.000,20.00,73497
4000.000,4000.000,20.00,68035
4005.000,4005.000,20.00,87135
4010.000,4010.000,20.00,81494
4015.000,4015.000,20.00,79473
4020.000,4020.000,20.00,73713
4025.000,4025.000,20.00,79598
4030.000,4030.000,20.00,74960
4035.000,4035.000,20.00,64766
4040.000,4040.000,20.00,44997
4045.000,4045.000,20.00,52297
4050.000,4050.000,20.00,83537
4055.000,4055.000,20.00,77405
4060.000,4060.000,20.00,61900
4065.000,4065.000,20.00,72097
4070.000,4070.000,20.00,83795
4075.000,4075.000,20.00,86038
4080.000,4080.000,20.00,111211
4085.000,4085.000,20.00,111684
4090.000,4090.000,20.00,106112
4095.000,4095.000,20.00,112590
4100.000,4100.000,20.00,111806
4105.000,4105.000,20.00,111585
4110.000,4110.000,20.00,93519
4115.000,4115.000,20.00,99250
4120.000,4120.000,20.00,102517
4125.000,4125.000,20.00,101850
4130.000,4130.000,20.00,108945
4135.000,4135.000,20.00,112550
4140.000,4140.000,20.00,112957
4145.000,4145.000,20.00,112135
4150.000,4150.000,20.00,86166
4155.000,4155.000,20.00,85479
4160.000,4160.000,20.00,87687
4165.000,4165.000,20.00,97151
4170.000,4170.000,20.00,112569
4175.000,4175.000,20.00,112994
4180.000,4180.000,20.00,112940
4185.000,4185.000,20.00,112989
4190.000,4190.000,20.00,112994
4195.000,4195.000,20.00,112898
4200.000,4200.000,20.00,109418
4205.000,4205.000,20.00,112586
4210.000,4210.000,20.00,112914
4215.000,4215.000,20.00,112978
4220.000,4220.000,20.00,112977
4225.000,4225.000,20.00,112975
4230.000,4230.000,20.00,106882
4235.000,4235.000,20.00,111784
4240.000,4240.000,20.00,112810
4245.000,4245.000,20.00,112854
4250.000,4250.000,20.00,112972
4255.000,4255.000,20.00,112967
4260.000,4260.000,20.00,108917
4265.000,4265.000,20.00,109181
4270.000,4270.000,20.00,112050
4275.000,4275.000,20.00,112934
4280.000,4280.000,20.00,112898
4285.000,4285.000,20.00,112767
4290.000,4290.000,20.00,101323
4295.000,4295.000,20.00,107322
4300.000,4300.000,20.00,112087
4305.000,4305.000,20.00,111316
4310.000,4310.000,20.00,109668
4315.000,4315.000,20.00,112983
4320.000,4320.000,20.00,112627
4325.000,4325.000,20.00,112752
4330.000,4330.000,20.00,112937
4335.000,4335.000,20.00,111829
4340.000,4340.000,20.00,112667
4345.000,4345.000,20.00,112969
4350.000,4350.000,20.00,91924
4355.000,4355.000,20.00,95738
4360.000,4360.000,20.00,104863
4365.000,4365.000,20.00,110858
4370.000,4370.000,20.00,111339
4375.000,4375.000,20.00,111939
4380.000,4380.000,20.00,111296
4385.000,4385.000,20.00,111013
4390.000,4390.000,20.00,110609
4395.000,4395.000,20.00,111374
4400.000,4400.000,20.00,107788
4405.000,4405.000,20.00,111935
4410.000,4410.000,20.00,112905
4415.000,4415.000,20.00,110585
4420.000,4420.000,20.00,110700
4425.000,4425.000,20.00,109483
4430.000,4430.000,20.00,112325
4435.000,4435.000,20.00,112754
4440.000,4440.000,20.00,101894
4445.000,4445.000,20.00,77696
4450.000,4450.000,20.00,77682
4455.000,4455.000,20.00,83115
4460.000,4460.000,20.00,84966
4465.000,4465.000,20.00,78050
4470.000,4470.000,20.00,110803
4475.000,4475.000,20.00,112570
4480.000,4480.000,20.00,112606
4485.000,4485.000,20.00,112595
4490.000,4490.000,20.00,113000
4495.000,4495.000,20.00,112848
4500.000,4500.000,20.00,111902
4505.000,4505.000,20.00,106909
4510.000,4510.000,20.00,111615
4515.000,4515.000,20.00,106403
4520.000,4520.000,20.00,74168
4525.000,4525.000,20.00,82267
4530.000,4530.000,20.00,109243
4535.000,4535.000,20.00,107995
4540.000,4540.000,20.00,106734
4545.000,4545.000,20.00,108163
4550.000,4550.000,20.00,110899
4555.000,4555.000,20.00,110923
4560.000,4560.000,20.00,74887
4565.000,4565.000,20.00,67980
4570.000,4570.000,20.00,77837
4575.000,4575.000,20.00,75315
4580.000,4580.000,20.00,66953
4585.000,4585.000,20.00,71844
4590.000,4590.000,20.00,52952
4595.000,4595.000,20.00,48178
4600.000,4600.000,20.00,93419
4605.000,4605.000,20.00,71859
4610.000,4610.000,20.00,79035
4615.000,4615.000,20.00,87519
4620.000,4620.000,20.00,72046
4625.000,4625.000,20.00,84585
4630.000,4630.000,20.00,82251
4635.000,4635.000,20.00,88545
4640.000,4640.000,20.00,82738
4645.000,4645.000,20.00,71035
4650.000,4650.000,20.00,106020
4655.000,4655.000,20.00,112483
4660.000,4660.000,20.00,112832
4665.000,4665.000,20.00,112338
4670.000,4670.000,20.00,112279
4675.000,4675.000,20.00,112657
4680.000,4680.000,20.00,112460
4685.000,4685.000,20.00,112880
4690.000,4690.000,20.00,112968
4695.000,4695.000,20.00,112986
4700.000,4700.000,20.00,112949
4705.000,4705.000,20.00,112819
4710.000,4710.000,20.00,112169
4715.000,4715.000,20.00,112387
4720.000,4720.000,20.00,110173
4725.000,4725.000,20.00,111457
4730.000,4730.000,20.00,112539
4735.000,4735.000,20.00,107344
4740.000,4740.000,20.00,112932
4745.000,4745.000,20.00,112982
4750.000,4750.000,20.00,112194
4755.000,4755.000,20.00,112912
4760.000,4760.000,20.00,111325
4765.000,4765.000,20.00,90844
4770.000,4770.000,20.00,112922
4775.000,4775.000,20.00,113006
4780.000,4780.000,20.00,112977
4785.000,4785.000,20.00,112980
4790.000,4790.000,20.00,112978
4795.000,4795.000,20.00,112980
4800.000,4800.000,20.00,110284
4805.000,4805.000,20.00,112318
4810.000,4810.000,20.00,112972
4815.000,4815.000,20.00,112770
4820.000,4820.000,20.00,112122
4825.000,4825.000,20.00,112138
4830.000,4830.000,20.00,110260
4835.000,4835.000,20.00,111443
4840.000,4840.000,20.00,112666
4845.000,4845.000,20.00,112959
4850.000,4850.000,20.00,112460
4855.000,4855.000,20.00,108550
4860.000,4860.000,20.00,112933
4865.000,4865.000,20.00,112986
4870.000,4870.000,20.00,112877
4875.000,4875.000,20.00,112907
4880.000,4880.000,20.00,112895
4885.000,4885.000,20.00,112940
4890.000,4890.000,20.00,112170
4895.000,4895.000,20.00,112796
4900.000,4900.000,20.00,112824
4905.000,4905.000,20.00,112840
4910.000,4910.000,20.00,110475
4915.000,4915.000,20.00,111817
4920.000,4920.000,20.00,101182
4925.000,4925.000,20.00,107608
4930.000,4930.000,20.00,92886
4935.000,4935.000,20.00,77774
4940.000,4940.000,20.00,81534
4945.000,4945.000,20.00,83444
4950.000,4950.000,20.00,98583
4955.000,4955.000,20.00,103955
4960.000,4960.000,20.00,109816
4965.000,4965.000,20.00,109571
4970.000,4970.000,20.00,111168
4975.000,4975.000,20.00,111667
4980.000,4980.000,20.00,110717
4985.000,4985.000,20.00,109370
4990.000,4990.000,20.00,101916
4995.000,4995.000,20.00,110204
5000.000,5000.000,20.00,107507
5005.000,5005.000,20.00,108581
5010.000,5010.000,20.00,83260
5015.000,5015.000,20.00,90086
5020.000,5020.000,20.00,94440
5025.000,5025.000,20.00,99293
5030.000,5030.000,20.00,98570
5035.000,5035.000,20.00,108237
5040.000,5040.000,20.00,112270
5045.000,5045.000,20.00,107496
5050.000,5050.000,20.00,106501
5055.000,5055.000,20.00,108397
5060.000,5060.000,20.00,111454
5065.000,5065.000,20.00,111427
5070.000,5070.000,20.00,101244
5075.000,5075.000,20.00,101789
5080.000,5080.000,20.00,102794
5085.000,5085.000,20.00,98811
5090.000,5090.000,20.00,90677
5095.000,5095.000,20.00,95070
5100.000,5100.000,20.00,98384
5105.000,5105.000,20.00,101383
5110.000,5110.000,20.00,104075
5115.000,5115.000,20.00,102981
5120.000,5120.000,20.00,106801
5125.000,5125.000,20.00,96376
5130.000,5130.000,20.00,89141
5135.000,5135.000,20.00,87757
5140.000,5140.000,20.00,96580
5145.000,5145.000,20.00,95515
5150.000,5150.000,20.00,64719
5155.000,5155.000,20.00,72115
5160.000,5160.000,20.00,108142
5165.000,5165.000,20.00,105928
5170.000,5170.000,20.00,109468
5175.000,5175.000,20.00,97351
5180.000,5180.000,20.00,110274
5185.000,5185.000,20.00,105214
5190.000,5190.000,20.00,96831
5195.000,5195.000,20.00,106353
5200.000,5200.000,20.00,112158
5205.000,5205.000,20.00,94120
5210.000,5210.000,20.00,88958
5215.000,5215.000,20.00,103074
5220.000,5220.000,20.00,99292
5225.000,5225.000,20.00,103052
5230.000,5230.000,20.00,107129
5235.000,5235.000,20.00,110879
5240.000,5240.000,20.00,110935
5245.000,5245.000,20.00,107971
5250.000,5250.000,20.00,110107
5255.000,5255.000,20.00,107954
5260.000,5260.000,20.00,111173
5265.000,5265.000,20.00,112176
5270.000,5270.000,20.00,112784
5275.000,5275.000,20.00,112580
5280.000,5280.000,20.00,110283
5285.000,5285.000,20.00,107975
5290.000,5290.000,20.00,109568
5295.000,5295.000,20.00,110309
5300.000,5300.000,20.00,110342
5305.000,5305.000,20.00,99349
5310.000,5310.000,20.00,107468
5315.000,5315.000,20.00,111148
5320.000,5320.000,20.00,112860
5325.000,5325.000,20.00,112662
5330.000,5330.000,20.00,110449
5335.000,5335.000,20.00,112925
5340.000,5340.000,20.00,112988
5345.000,5345.000,20.00,112985
5350.000,5350.000,20.00,112579
5355.000,5355.000,20.00,112683
5360.000,5360.000,20.00,112983
5365.000,5365.000,20.00,112992
5370.000,5370.000,20.00,111818
5375.000,5375.000,20.00,112419
5380.000,5380.000,20.00,112334
5385.000,5385.000,20.00,112956
5390.000,5390.000,20.00,112027
5395.000,5395.000,20.00,112980
5400.000,5400.000,20.00,109456
5405.000,5405.000,20.00,110692
5410.000,5410.000,20.00,112395
5415.000,5415.000,20.00,112503
5420.000,5420.000,20.00,112657
5425.000,5425.000,20.00,112935
5430.000,5430.000,20.00,112284
5435.000,5435.000,20.00,112376
5440.000,5440.000,20.00,112930
5445.000,5445.000,20.00,112948
5450.000,5450.000,20.00,111844
5455.000,5455.000,20.00,110546
5460.000,5460.000,20.00,109476
5465.000,5465.000,20.00,105832
5470.000,5470.000,20.00,108178
5475.000,5475.000,20.00,111876
5480.000,5480.000,20.00,111304
5485.000,5485.000,20.00,111212
5490.000,5490.000,20.00,85726
5495.000,5495.000,20.00,81634
5500.000,5500.000,20.00,81770
5505.000,5505.000,20.00,84003
5510.000,5510.000,20.00,89822
5515.000,5515.000,20.00,86784
5520.000,5520.000,20.00,82059
5525.000,5525.000,20.00,102453
5530.000,5530.000,20.00,89531
5535.000,5535.000,20.00,100912
5540.000,5540.000,20.00,106809
5545.000,5545.000,20.00,79050
5550.000,5550.000,20.00,77616
5555.000,5555.000,20.00,81665
5560.000,5560.000,20.00,62255
5565.000,5565.000,20.00,94885
5570.000,5570.000,20.00,93925
5575.000,5575.000,20.00,106011
5580.000,5580.000,20.00,74899
5585.000,5585.000,20.00,70271
5590.000,5590.000,20.00,86419
5595.000,5595.000,20.00,62199
5600.000,5600.000,20.00,56553
5605.000,5605.000,20.00,60401
5610.000,5610.000,20.00,77452
5615.000,5615.000,20.00,49751
5620.000,5620.000,20.00,51899
5625.000,5625.000,20.00,72201
5630.000,5630.000,20.00,77960
5635.000,5635.000,20.00,71717
5640.000,5640.000,20.00,67758
5645.000,5645.000,20.00,59171
5650.000,5650.000,20.00,64144
5655.000,5655.000,20.00,70332
5660.000,5660.000,20.00,57218
5665.000,5665.000,20.00,66404
5670.000,5670.000,20.00,63476
5675.000,5675.000,20.00,70728
5680.000,5680.000,20.00,81158
5685.000,5685.000,20.00,75229
5690.000,5690.000,20.00,61534
5695.000,5695.000,20.00,67084
5700.000,5700.000,20.00,50498
5705.000,5705.000,20.00,46774
5710.000,5710.000,20.00,44726
5715.000,5715.000,20.00,44235
5720.000,5720.000,20.00,43558
5725.000,5725.000,20.00,55119
5730.000,5730.000,20.00,86429
5735.000,5735.000,20.00,96297
5740.000,5740.000,20.00,72833
5745.000,5745.000,20.00,86923
5750.000,5750.000,20.00,98157
5755.000,5755.000,20.00,82260
5760.000,5760.000,20.00,107287
5765.000,5765.000,20.00,112207
5770.000,5770.000,20.00,109879
5775.000,5775.000,20.00,112197
5780.000,5780.000,20.00,82125
5785.000,5785.000,20.00,94544
5790.000,5790.000,20.00,97100
5795.000,5795.000,20.00,101099
5800.000,5800.000,20.00,105153
5805.000,5805.000,20.00,110971
5810.000,5810.000,20.00,112602
5815.000,5815.000,20.00,108598
5820.000,5820.000,20.00,112989
5825.000,5825.000,20.00,112929
5830.000,5830.000,20.00,112985
5835.000,5835.000,20.00,112881
5840.000,5840.000,20.00,110044
5845.000,5845.000,20.00,111633
5850.000,5850.000,20.00,112983
5855.000,5855.000,20.00,112982
5860.000,5860.000,20.00,112986
5865.000,5865.000,20.00,112983
5870.000,5870.000,20.00,111886
5875.000,5875.000,20.00,112982
5880.000,5880.000,20.00,112762
5885.000,5885.000,20.00,112951
5890.000,5890.000,20.00,112993
5895.000,5895.000,20.00,112972
5900.000,5900.000,20.00,112965
5905.000,5905.000,20.00,112949
5910.000,5910.000,20.00,112986
5915.000,5915.000,20.00,112623
5920.000,5920.000,20.00,112983
5925.000,5925.000,20.00,112978
5930.000,5930.000,20.00,112986
5935.000,5935.000,20.00,112966
5940.000,5940.000,20.00,108950
5945.000,5945.000,20.00,112148
5950.000,5950.000,20.00,112763
5955.000,5955.000,20.00,112949
5960.000,5960.000,20.00,112880
5965.000,5965.000,20.00,112696
5970.000,5970.000,20.00,112985
5975.000,5975.000,20.00,112952
5980.000,5980.000,20.00,112956
5985.000,5985.000,20.00,112943
5990.000,5990.000,20.00,112997
5995.000,5995.000,20.00,112984
6000.000,6000.000,20.00,108506
6005.000,6005.000,20.00,109583
6010.000,6010.000,20.00,107837
6015.000,6015.000,20.00,96649
6020.000,6020.000,20.00,107022
6025.000,6025.000,20.00,98683
6030.000,6030.000,20.00,112115
6035.000,6035.000,20.00,97952
6040.000,6040.000,20.00,96226
6045.000,6045.000,20.00,104263
6050.000,6050.000,20.00,109675
6055.000,6055.000,20.00,112082
6060.000,6060.000,20.00,97733
6065.000,6065.000,20.00,97449
6070.000,6070.000,20.00,100690
6075.000,6075.000,20.00,106007
6080.000,6080.000,20.00,108693
6085.000,6085.000,20.00,97011
6090.000,6090.000,20.00,105219
6095.000,6095.000,20.00,105884
6100.000,6100.000,20.00,100729
6105.000,6105.000,20.00,102852
6110.000,6110.000,20.00,97601
6115.000,6115.000,20.00,91393
6120.000,6120.000,20.00,84052
6125.000,6125.000,20.00,84392
6130.000,6130.000,20.00,82568
6135.000,6135.000,20.00,89989
6140.000,6140.000,20.00,97456
6145.000,6145.000,20.00,96221
6150.000,6150.000,20.00,56508
6155.000,6155.000,20.00,67528
6160.000,6160.000,20.00,44017
6165.000,6165.000,20.00,59417
6170.000,6170.000,20.00,60712
6175.000,6175.000,20.00,42740
6180.000,6180.000,20.00,40692
6185.000,6185.000,20.00,59187
6190.000,6190.000,20.00,65497
6195.000,6195.000,20.00,68271
6200.000,6200.000,20.00,77210
6205.000,6205.000,20.00,39300
6210.000,6210.000,20.00,58665
6215.000,6215.000,20.00,61822
6220.000,6220.000,20.00,73138
6225.000,6225.000,20.00,75046
6230.000,6230.000,20.00,81541
6235.000,6235.000,20.00,80042
6240.000,6240.000,20.00,111527
6245.000,6245.000,20.00,112511
6250.000,6250.000,20.00,112749
6255.000,6255.000,20.00,112602
6260.000,6260.000,20.00,112762
6265.000,6265.000,20.00,111857
6270.000,6270.000,20.00,112902
6275.000,6275.000,20.00,112975
6280.000,6280.000,20.00,112984
6285.000,6285.000,20.00,112939
6290.000,6290.000,20.00,112988
6295.000,6295.000,20.00,112997
6300.000,6300.000,20.00,112977
6305.000,6305.000,20.00,112981
6310.000,6310.000,20.00,112978
6315.000,6315.000,20.00,112943
6320.000,6320.000,20.00,112803
6325.000,6325.000,20.00,112987
6330.000,6330.000,20.00,114423
6335.000,6335.000,20.00,114373
6340.000,6340.000,20.00,114367
6345.000,6345.000,20.00,114351
6350.000,6350.000,20.00,114366
6355.000,6355.000,20.00,114354
6360.000,6360.000,20.00,114478
6365.000,6365.000,20.00,114442
6370.000,6370.000,20.00,114436
6375.000,6375.000,20.00,114388
6380.000,6380.000,20.00,114450
6385.000,6385.000,20.00,114414
6390.000,6390.000,20.00,114469
6395.000,6395.000,20.00,114312
6400.000,6400.000,20.00,114562
6405.000,6405.000,20.00,114401
6410.000,6410.000,20.00,114393
6415.000,6415.000,20.00,114384
6420.000,6420.000,20.00,114412
6425.000,6425.000,20.00,114441
6430.000,6430.000,20.00,114396
6435.000,6435.000,20.00,114374
6440.000,6440.000,20.00,114370
6445.000,6445.000,20.00,114361
6450.000,6450.000,20.00,114412
6455.000,6455.000,20.00,114386
6460.000,6460.000,20.00,114367
6465.000,6465.000,20.00,114271
6470.000,6470.000,20.00,114361
6475.000,6475.000,20.00,114309
6480.000,6480.000,20.00,114421
6485.000,6485.000,20.00,114355
6490.000,6490.000,20.00,114382
6495.000,6495.000,20.00,114386
6500.000,6500.000,20.00,114343
6505.000,6505.000,20.00,114388
6510.000,6510.000,20.00,114405
6515.000,6515.000,20.00,114431
6520.000,6520.000,20.00,114336
6525.000,6525.000,20.00,114332
6530.000,6530.000,20.00,114317
6535.000,6535.000,20.00,114308
6540.000,6540.000,20.00,113370
6545.000,6545.000,20.00,114202
6550.000,6550.000,20.00,114350
6555.000,6555.000,20.00,114279
6560.000,6560.000,20.00,114369
6565.000,6565.000,20.00,114346
6570.000,6570.000,20.00,114278
6575.000,6575.000,20.00,114052
6580.000,6580.000,20.00,113985
6585.000,6585.000,20.00,114249
6590.000,6590.000,20.00,113895
6595.000,6595.000,20.00,114047
6600.000,6600.000,20.00,114244
6605.000,6605.000,20.00,114173
6610.000,6610.000,20.00,113993
6615.000,6615.000,20.00,113946
6620.000,6620.000,20.00,113975
6625.000,6625.000,20.00,114076
6630.000,6630.000,20.00,113066
6635.000,6635.000,20.00,111903
6640.000,6640.000,20.00,113610
6645.000,6645.000,20.00,113476
6650.000,6650.000,20.00,114264
6655.000,6655.000,20.00,113711
6660.000,6660.000,20.00,113840
6665.000,6665.000,20.00,113847
6670.000,6670.000,20.00,105160
6675.000,6675.000,20.00,100846
6680.000,6680.000,20.00,113142
6685.000,6685.000,20.00,112787
6690.000,6690.000,20.00,112573
6695.000,6695.000,20.00,113340
6700.000,6700.000,20.00,111309
6705.000,6705.000,20.00,110326
6710.000,6710.000,20.00,114101
6715.000,6715.000,20.00,114103
6720.000,6720.000,20.00,22750
6725.000,6725.000,20.00,103548
6730.000,6730.000,20.00,109139
6735.000,6735.000,20.00,104310
6740.000,6740.000,20.00,98059
6745.000,6745.000,20.00,84283
6750.000,6750.000,20.00,114396
6755.000,6755.000,20.00,111787
6760.000,6760.000,20.00,114319
6765.000,6765.000,20.00,114270
6770.000,6770.000,20.00,113972
6775.000,6775.000,20.00,114342
6780.000,6780.000,20.00,114385
6785.000,6785.000,20.00,114308
6790.000,6790.000,20.00,114268
6795.000,6795.000,20.00,114241
6800.000,6800.000,20.00,114214
6805.000,6805.000,20.00,114206
6810.000,6810.000,20.00,114418
6815.000,6815.000,20.00,114407
6820.000,6820.000,20.00,114396
6825.000,6825.000,20.00,114374
6830.000,6830.000,20.00,114353
6835.000,6835.000,20.00,114362
6840.000,6840.000,20.00,114439
6845.000,6845.000,20.00,114430
6850.000,6850.000,20.00,114406
6855.000,6855.000,20.00,114383
6860.000,6860.000,20.00,114365
6865.000,6865.000,20.00,114368
6870.000,6870.000,20.00,114436
6875.000,6875.000,20.00,114398
6880.000,6880.000,20.00,114382
6885.000,6885.000,20.00,114374
6890.000,6890.000,20.00,114363
6895.000,6895.000,20.00,114311
6900.000,6900.000,20.00,114441
6905.000,6905.000,20.00,114428
6910.000,6910.000,20.00,114391
6915.000,6915.000,20.00,114347
6920.000,6920.000,20.00,114201
6925.000,6925.000,20.00,114571
6930.000,6930.000,20.00,114443
6935.000,6935.000,20.00,114426
6940.000,6940.000,20.00,114397
6945.000,6945.000,20.00,114374
6950.000,6950.000,20.00,114376
6955.000,6955.000,20.00,114366
6960.000,6960.000,20.00,114505
6965.000,6965.000,20.00,114396
6970.000,6970.000,20.00,114373
6975.000,6975.000,20.00,114254
6980.000,6980.000,20.00,114320
6985.000,6985.000,20.00,114263
6990.000,6990.000,20.00,114079
6995.000,6995.000,20.00,114390
7000.000,7000.000,20.00,114366
7005.000,7005.000,20.00,114137
7010.000,7010.000,20.00,114361
7015.000,7015.000,20.00,113866
7020.000,7020.000,20.00,108188
7025.000,7025.000,20.00,112363
7030.000,7030.000,20.00,111063
7035.000,7035.000,20.00,114368
7040.000,7040.000,20.00,112568
7045.000,7045.000,20.00,113722
7050.000,7050.000,20.00,104695
7055.000,7055.000,20.00,113690
7060.000,7060.000,20.00,114127
7065.000,7065.000,20.00,113804
7070.000,7070.000,20.00,113734
7075.000,7075.000,20.00,114329
7080.000,7080.000,20.00,106876
7085.000,7085.000,20.00,113131
7090.000,7090.000,20.00,112921
7095.000,7095.000,20.00,109247
7100.000,7100.000,20.00,107100
7105.000,7105.000,20.00,111959
7110.000,7110.000,20.00,99923
7115.000,7115.000,20.00,108872
7120.000,7120.000,20.00,112183
7125.000,7125.000,20.00,111997
7130.000,7130.000,20.00,112464
7135.000,7135.000,20.00,111852
7140.000,7140.000,20.00,110474
7145.000,7145.000,20.00,106953
7150.000,7150.000,20.00,101919
7155.000,7155.000,20.00,107846
7160.000,7160.000,20.00,110314
7165.000,7165.000,20.00,97242
7170.000,7170.000,20.00,108249
7175.000,7175.000,20.00,101356
7180.000,7180.000,20.00,108362
7185.000,7185.000,20.00,113373
7190.000,7190.000,20.00,112922
7195.000,7195.000,20.00,110758
7200.000,7200.000,20.00,109077
7205.000,7205.000,20.00,99668
7210.000,7210.000,20.00,74273
7215.000,7215.000,20.00,102453
7220.000,7220.000,20.00,112045
7225.000,7225.000,20.00,106690
7230.000,7230.000,20.00,62268
7235.000,7235.000,20.00,79944
7240.000,7240.000,20.00,86074
7245.000,7245.000,20.00,71281
7250.000,7250.000,20.00,93347
7255.000,7255.000,20.00,70006
7260.000,7260.000,20.00,110556
7265.000,7265.000,20.00,110126
7270.000,7270.000,20.00,104728
7275.000,7275.000,20.00,110616
7280.000,7280.000,20.00,106309
7285.000,7285.000,20.00,96101
7290.000,7290.000,20.00,114262
7295.000,7295.000,20.00,114377
7300.000,7300.000,20.00,114347
7305.000,7305.000,20.00,114339
7310.000,7310.000,20.00,114047
7315.000,7315.000,20.00,114297
7320.000,7320.000,20.00,114422
7325.000,7325.000,20.00,114388
7330.000,7330.000,20.00,114380
7335.000,7335.000,20.00,114362
7340.000,7340.000,20.00,114357
7345.000,7345.000,20.00,114318
7350.000,7350.000,20.00,114437
7355.000,7355.000,20.00,114416
7360.000,7360.000,20.00,114409
7365.000,7365.000,20.00,114378
7370.000,7370.000,20.00,114296
7375.000,7375.000,20.00,114427
7380.000,7380.000,20.00,114442
7385.000,7385.000,20.00,114413
7390.000,7390.000,20.00,114377
7395.000,7395.000,20.00,114365
7400.000,7400.000,20.00,114351
7405.000,7405.000,20.00,114356
7410.000,7410.000,20.00,114469
7415.000,7415.000,20.00,114428
7420.000,7420.000,20.00,114402
7425.000,7425.000,20.00,114347
7430.000,7430.000,20.00,114390
7435.000,7435.000,20.00,114374
7440.000,7440.000,20.00,114419
7445.000,7445.000,20.00,114388
7450.000,7450.000,20.00,114363
7455.000,7455.000,20.00,114358
7460.000,7460.000,20.00,114354
7465.000,7465.000,20.00,114365
7470.000,7470.000,20.00,114407
7475.000,7475.000,20.00,114359
7480.000,7480.000,20.00,114343
7485.000,7485.000,20.00,114420
7490.000,7490.000,20.00,114343
7495.000,7495.000,20.00,114430
7500.000,7500.000,20.00,114437
7505.000,7505.000,20.00,114361
7510.000,7510.000,20.00,114374
7515.000,7515.000,20.00,114368
7520.000,7520.000,20.00,114316
7525.000,7525.000,20.00,114331
7530.000,7530.000,20.00,114476
7535.000,7535.000,20.00,114431
7540.000,7540.000,20.00,114411
7545.000,7545.000,20.00,114389
7550.000,7550.000,20.00,114357
7555.000,7555.000,20.00,114373
7560.000,7560.000,20.00,114146
7565.000,7565.000,20.00,114391
7570.000,7570.000,20.00,114299
7575.000,7575.000,20.00,114369
7580.000,7580.000,20.00,114353
7585.000,7585.000,20.00,114358
7590.000,7590.000,20.00,114425
7595.000,7595.000,20.00,114386
7600.000,7600.000,20.00,114362
7605.000,7605.000,20.00,114366
7610.000,7610.000,20.00,114354
7615.000,7615.000,20.00,114350
7620.000,7620.000,20.00,112573
7625.000,7625.000,20.00,113751
7630.000,7630.000,20.00,114374
7635.000,7635.000,20.00,113811
7640.000,7640.000,20.00,114329
7645.000,7645.000,20.00,114340
7650.000,7650.000,20.00,114431
7655.000,7655.000,20.00,114343
7660.000,7660.000,20.00,114365
7665.000,7665.000,20.00,114295
7670.000,7670.000,20.00,114368
7675.000,7675.000,20.00,114354
7680.000,7680.000,20.00,114397
7685.000,7685.000,20.00,109340
7690.000,7690.000,20.00,113786
7695.000,7695.000,20.00,107100
7700.000,7700.000,20.00,114213
7705.000,7705.000,20.00,114297
7710.000,7710.000,20.00,114436
7715.000,7715.000,20.00,114383
7720.000,7720.000,20.00,113970
7725.000,7725.000,20.00,113960
7730.000,7730.000,20.00,114229
7735.000,7735.000,20.00,113821
7740.000,7740.000,20.00,114189
7745.000,7745.000,20.00,114361
7750.000,7750.000,20.00,114149
7755.000,7755.000,20.00,113952
7760.000,7760.000,20.00,113889
7765.000,7765.000,20.00,112078
7770.000,7770.000,20.00,112120
7775.000,7775.000,20.00,113588
7780.000,7780.000,20.00,112789
7785.000,7785.000,20.00,114083
7790.000,7790.000,20.00,113249
7795.000,7795.000,20.00,112634
7800.000,7800.000,20.00,105423
7805.000,7805.000,20.00,108922
7810.000,7810.000,20.00,111642
7815.000,7815.000,20.00,110653
7820.000,7820.000,20.00,112328
7825.000,7825.000,20.00,98408
7830.000,7830.000,20.00,109244
7835.000,7835.000,20.00,92099
7840.000,7840.000,20.00,101984
7845.000,7845.000,20.00,111307
7850.000,7850.000,20.00,107529
7855.000,7855.000,20.00,102789
7860.000,7860.000,20.00,113945
7865.000,7865.000,20.00,112472
7870.000,7870.000,20.00,107076
7875.000,7875.000,20.00,111225
7880.000,7880.000,20.00,113887
7885.000,7885.000,20.00,113586
7890.000,7890.000,20.00,114380
7895.000,7895.000,20.00,113799
7900.000,7900.000,20.00,114374
7905.000,7905.000,20.00,114350
7910.000,7910.000,20.00,114362
7915.000,7915.000,20.00,114363
7920.000,7920.000,20.00,114437
7925.000,7925.000,20.00,114406
7930.000,7930.000,20.00,114372
7935.000,7935.000,20.00,114368
7940.000,7940.000,20.00,114363
7945.000,7945.000,20.00,114339
7950.000,7950.000,20.00,114428
7955.000,7955.000,20.00,114454
7960.000,7960.000,20.00,114404
7965.000,7965.000,20.00,114350
7970.000,7970.000,20.00,114410
7975.000,7975.000,20.00,114390
7980.000,7980.000,20.00,114544
7985.000,7985.000,20.00,114364
7990.000,7990.000,20.00,114344
7995.000,7995.000,20.00,114404
8000.000,8000.000,20.00,114357
8005.000,8005.000,20.00,114362
8010.000,8010.000,20.00,114442
8015.000,8015.000,20.00,114444
8020.000,8020.000,20.00,114394
8025.000,8025.000,20.00,114385
8030.000,8030.000,20.00,114367
8035.000,8035.000,20.00,114365
8040.000,8040.000,20.00,114384
8045.000,8045.000,20.00,114367
8050.000,8050.000,20.00,114349
8055.000,8055.000,20.00,114369
8060.000,8060.000,20.00,114366
8065.000,8065.000,20.00,114351
8070.000,8070.000,20.00,114411
8075.000,8075.000,20.00,114312
8080.000,8080.000,20.00,114336
8085.000,8085.000,20.00,114364
8090.000,8090.000,20.00,114362
8095.000,8095.000,20.00,114361
8100.000,8100.000,20.00,113904
8105.000,8105.000,20.00,114147
8110.000,8110.000,20.00,114396
8115.000,8115.000,20.00,114362
8120.000,8120.000,20.00,114250
8125.000,8125.000,20.00,114200
8130.000,8130.000,20.00,113329
8135.000,8135.000,20.00,113511
8140.000,8140.000,20.00,104981
8145.000,8145.000,20.00,112362
8150.000,8150.000,20.00,114303
8155.000,8155.000,20.00,114307
8160.000,8160.000,20.00,114057
8165.000,8165.000,20.00,114356
8170.000,8170.000,20.00,114412
8175.000,8175.000,20.00,114379
8180.000,8180.000,20.00,114378
8185.000,8185.000,20.00,114318
8190.000,8190.000,20.00,114415
8195.000,8195.000,20.00,114268
8200.000,8200.000,20.00,114187
8205.000,8205.000,20.00,114297
8210.000,8210.000,20.00,114361
8215.000,8215.000,20.00,114334
8220.000,8220.000,20.00,114231
8225.000,8225.000,20.00,114324
8230.000,8230.000,20.00,113130
8235.000,8235.000,20.00,114354
8240.000,8240.000,20.00,114239
8245.000,8245.000,20.00,114218
8250.000,8250.000,20.00,113661
8255.000,8255.000,20.00,113418
8260.000,8260.000,20.00,114302
8265.000,8265.000,20.00,113815
8270.000,8270.000,20.00,114356
8275.000,8275.000,20.00,114341
8280.000,8280.000,20.00,114265
8285.000,8285.000,20.00,114382
8290.000,8290.000,20.00,110930
8295.000,8295.000,20.00,114357
8300.000,8300.000,20.00,113861
8305.000,8305.000,20.00,111746
8310.000,8310.000,20.00,113182
8315.000,8315.000,20.00,110316
8320.000,8320.000,20.00,111637
8325.000,8325.000,20.00,109025
8330.000,8330.000,20.00,110286
8335.000,8335.000,20.00,112399
8340.000,8340.000,20.00,114452
8345.000,8345.000,20.00,114365
8350.000,8350.000,20.00,114378
8355.000,8355.000,20.00,114401
8360.000,8360.000,20.00,114285
8365.000,8365.000,20.00,114379
8370.000,8370.000,20.00,114426
8375.000,8375.000,20.00,114396
8380.000,8380.000,20.00,114357
8385.000,8385.000,20.00,114368
8390.000,8390.000,20.00,114313
8395.000,8395.000,20.00,114350
8400.000,8400.000,20.00,114441
8405.000,8405.000,20.00,114433
8410.000,8410.000,20.00,114363
8415.000,8415.000,20.00,114393
8420.000,8420.000,20.00,114356
8425.000,8425.000,20.00,114365
8430.000,8430.000,20.00,114519
8435.000,8435.000,20.00,114437
8440.000,8440.000,20.00,114401
8445.000,8445.000,20.00,114389
8450.000,8450.000,20.00,114368
8455.000,8455.000,20.00,114366
8460.000,8460.000,20.00,114417
8465.000,8465.000,20.00,114387
8470.000,8470.000,20.00,114368
8475.000,8475.000,20.00,114361
8480.000,8480.000,20.00,114359
8485.000,8485.000,20.00,114349
8490.000,8490.000,20.00,114434
8495.000,8495.000,20.00,114344
8500.000,8500.000,20.00,114417
8505.000,8505.000,20.00,114364
8510.000,8510.000,20.00,114347
8515.000,8515.000,20.00,114363
8520.000,8520.000,20.00,114419
8525.000,8525.000,20.00,114009
8530.000,8530.000,20.00,112220
8535.000,8535.000,20.00,108963
8540.000,8540.000,20.00,108448
8545.000,8545.000,20.00,108030
8550.000,8550.000,20.00,114168
8555.000,8555.000,20.00,114414
8560.000,8560.000,20.00,114366
8565.000,8565.000,20.00,114357
8570.000,8570.000,20.00,114332
8575.000,8575.000,20.00,114336
8580.000,8580.000,20.00,114456
8585.000,8585.000,20.00,114312
8590.000,8590.000,20.00,114338
8595.000,8595.000,20.00,114437
8600.000,8600.000,20.00,114397
8605.000,8605.000,20.00,114383
8610.000,8610.000,20.00,114240
8615.000,8615.000,20.00,113905
8620.000,8620.000,20.00,113776
8625.000,8625.000,20.00,112112
8630.000,8630.000,20.00,114318
8635.000,8635.000,20.00,114172
8640.000,8640.000,20.00,114342
8645.000,8645.000,20.00,110099
8650.000,8650.000,20.00,114209
8655.000,8655.000,20.00,112787
8660.000,8660.000,20.00,114303
8665.000,8665.000,20.00,114262
8670.000,8670.000,20.00,114410
8675.000,8675.000,20.00,114245
8680.000,8680.000,20.00,114298
8685.000,8685.000,20.00,114391
8690.000,8690.000,20.00,113334
8695.000,8695.000,20.00,113559
8700.000,8700.000,20.00,114457
8705.000,8705.000,20.00,113849
8710.000,8710.000,20.00,114400
8715.000,8715.000,20.00,114355
8720.000,8720.000,20.00,114362
8725.000,8725.000,20.00,114350
8730.000,8730.000,20.00,112343
8735.000,8735.000,20.00,113421
8740.000,8740.000,20.00,114400
8745.000,8745.000,20.00,114181
8750.000,8750.000,20.00,113915
8755.000,8755.000,20.00,113924
8760.000,8760.000,20.00,114443
8765.000,8765.000,20.00,114309
8770.000,8770.000,20.00,113209
8775.000,8775.000,20.00,114339
8780.000,8780.000,20.00,114284
8785.000,8785.000,20.00,114338
8790.000,8790.000,20.00,114360
8795.000,8795.000,20.00,114388
8800.000,8800.000,20.00,114306
8805.000,8805.000,20.00,114364
8810.000,8810.000,20.00,114376
8815.000,8815.000,20.00,114354
8820.000,8820.000,20.00,114368
8825.000,8825.000,20.00,114281
8830.000,8830.000,20.00,114134
8835.000,8835.000,20.00,114344
8840.000,8840.000,20.00,114300
8845.000,8845.000,20.00,114255
8850.000,8850.000,20.00,112658
8855.000,8855.000,20.00,114088
8860.000,8860.000,20.00,114388
8865.000,8865.000,20.00,114112
8870.000,8870.000,20.00,114049
8875.000,8875.000,20.00,114308
8880.000,8880.000,20.00,113161
8885.000,8885.000,20.00,114395
8890.000,8890.000,20.00,114072
8895.000,8895.000,20.00,114051
8900.000,8900.000,20.00,113692
8905.000,8905.000,20.00,113368
8910.000,8910.000,20.00,114104
8915.000,8915.000,20.00,114253
8920.000,8920.000,20.00,113710
8925.000,8925.000,20.00,114092
8930.000,8930.000,20.00,114281
8935.000,8935.000,20.00,114172
8940.000,8940.000,20.00,114489
8945.000,8945.000,20.00,114098
8950.000,8950.000,20.00,113681
8955.000,8955.000,20.00,114426
8960.000,8960.000,20.00,114418
8965.000,8965.000,20.00,114383
8970.000,8970.000,20.00,114444
8975.000,8975.000,20.00,114363
8980.000,8980.000,20.00,114365
8985.000,8985.000,20.00,114368
8990.000,8990.000,20.00,114360
8995.000,8995.000,20.00,114364
9000.000,9000.000,20.00,114405
9005.000,9005.000,20.00,114377
9010.000,9010.000,20.00,114359
9015.000,9015.000,20.00,114351
9020.000,9020.000,20.00,114362
9025.000,9025.000,20.00,114364
9030.000,9030.000,20.00,114408
9035.000,9035.000,20.00,114425
9040.000,9040.000,20.00,114364
9045.000,9045.000,20.00,114374
9050.000,9050.000,20.00,114366
9055.000,9055.000,20.00,114354
9060.000,9060.000,20.00,114471
9065.000,9065.000,20.00,114412
9070.000,9070.000,20.00,114403
9075.000,9075.000,20.00,114383
9080.000,9080.000,20.00,114369
9085.000,9085.000,20.00,114394
9090.000,9090.000,20.00,114460
9095.000,9095.000,20.00,114410
9100.000,9100.000,20.00,114391
9105.000,9105.000,20.00,114394
9110.000,9110.000,20.00,114372
9115.000,9115.000,20.00,114351
9120.000,9120.000,20.00,114399
9125.000,9125.000,20.00,114444
9130.000,9130.000,20.00,114380
9135.000,9135.000,20.00,114361
9140.000,9140.000,20.00,114369
9145.000,9145.000,20.00,114359
9150.000,9150.000,20.00,114452
9155.000,9155.000,20.00,114406
9160.000,9160.000,20.00,114221
9165.000,9165.000,20.00,114497
9170.000,9170.000,20.00,114360
9175.000,9175.000,20.00,114355
9180.000,9180.000,20.00,114396
9185.000,9185.000,20.00,114379
9190.000,9190.000,20.00,114353
9195.000,9195.000,20.00,114298
9200.000,9200.000,20.00,114357
9205.000,9205.000,20.00,114366
9210.000,9210.000,20.00,114265
9215.000,9215.000,20.00,114127
9220.000,9220.000,20.00,113667
9225.000,9225.000,20.00,114333
9230.000,9230.000,20.00,114347
9235.000,9235.000,20.00,114356
9240.000,9240.000,20.00,114408
9245.000,9245.000,20.00,114343
9250.000,9250.000,20.00,114368
9255.000,9255.000,20.00,114009
9260.000,9260.000,20.00,114275
9265.000,9265.000,20.00,114184
9270.000,9270.000,20.00,114448
9275.000,9275.000,20.00,114444
9280.000,9280.000,20.00,114209
9285.000,9285.000,20.00,114333
9290.000,9290.000,20.00,114362
9295.000,9295.000,20.00,114354
9300.000,9300.000,20.00,114403
9305.000,9305.000,20.00,114444
9310.000,9310.000,20.00,114386
9315.000,9315.000,20.00,114337
9320.000,9320.000,20.00,114296
9325.000,9325.000,20.00,114366
9330.000,9330.000,20.00,113667
9335.000,9335.000,20.00,113979
9340.000,9340.000,20.00,114264
9345.000,9345.000,20.00,114113
9350.000,9350.000,20.00,114273
9355.000,9355.000,20.00,114374
9360.000,9360.000,20.00,114167
9365.000,9365.000,20.00,113620
9370.000,9370.000,20.00,114098
9375.000,9375.000,20.00,114443
9380.000,9380.000,20.00,114413
9385.000,9385.000,20.00,114265
9390.000,9390.000,20.00,111050
9395.000,9395.000,20.00,114130
9400.000,9400.000,20.00,114281
9405.000,9405.000,20.00,114371
9410.000,9410.000,20.00,113570
9415.000,9415.000,20.00,113797
9420.000,9420.000,20.00,91842
9425.000,9425.000,20.00,101862
9430.000,9430.000,20.00,74489
9435.000,9435.000,20.00,106031
9440.000,9440.000,20.00,109024
9445.000,9445.000,20.00,102910
9450.000,9450.000,20.00,99503
9455.000,9455.000,20.00,98186
9460.000,9460.000,20.00,98767
9465.000,9465.000,20.00,89848
9470.000,9470.000,20.00,85231
9475.000,9475.000,20.00,89533
9480.000,9480.000,20.00,84132
9485.000,9485.000,20.00,108262
9490.000,9490.000,20.00,77420
9495.000,9495.000,20.00,93119
9500.000,9500.000,20.00,79023
9505.000,9505.000,20.00,76792
9510.000,9510.000,20.00,109070
9515.000,9515.000,20.00,110683
9520.000,9520.000,20.00,111457
9525.000,9525.000,20.00,100288
9530.000,9530.000,20.00,108276
9535.000,9535.000,20.00,112688
9540.000,9540.000,20.00,114427
9545.000,9545.000,20.00,114399
9550.000,9550.000,20.00,114382
9555.000,9555.000,20.00,114357
9560.000,9560.000,20.00,114263
9565.000,9565.000,20.00,114295
9570.000,9570.000,20.00,114489
9575.000,9575.000,20.00,114454
9580.000,9580.000,20.00,114432
9585.000,9585.000,20.00,114412
9590.000,9590.000,20.00,114405
9595.000,9595.000,20.00,114416
9600.000,9600.000,20.00,114396
9605.000,9605.000,20.00,114369
9610.000,9610.000,20.00,114347
9615.000,9615.000,20.00,114353
9620.000,9620.000,20.00,114351
9625.000,9625.000,20.00,114347
9630.000,9630.000,20.00,114428
9635.000,9635.000,20.00,114391
9640.000,9640.000,20.00,114369
9645.000,9645.000,20.00,114365
9650.000,9650.000,20.00,114334
9655.000,9655.000,20.00,114385
9660.000,9660.000,20.00,114447
9665.000,9665.000,20.00,114387
9670.000,9670.000,20.00,114385
9675.000,9675.000,20.00,114359
9680.000,9680.000,20.00,114358
9685.000,9685.000,20.00,114362
9690.000,9690.000,20.00,114535
9695.000,9695.000,20.00,114403
9700.000,9700.000,20.00,114375
9705.000,9705.000,20.00,114373
9710.000,9710.000,20.00,114350
9715.000,9715.000,20.00,114365
9720.000,9720.000,20.00,114447
9725.000,9725.000,20.00,114423
9730.000,9730.000,20.00,114420
9735.000,9735.000,20.00,114383
9740.000,9740.000,20.00,114374
9745.000,9745.000,20.00,114343
9750.000,9750.000,20.00,114417
9755.000,9755.000,20.00,114379
9760.000,9760.000,20.00,114357
9765.000,9765.000,20.00,114356
9770.000,9770.000,20.00,114318
9775.000,9775.000,20.00,114362
9780.000,9780.000,20.00,114261
9785.000,9785.000,20.00,114394
9790.000,9790.000,20.00,114357
9795.000,9795.000,20.00,114272
9800.000,9800.000,20.00,114345
9805.000,9805.000,20.00,114368
9810.000,9810.000,20.00,112665
9815.000,9815.000,20.00,112476
9820.000,9820.000,20.00,113458
9825.000,9825.000,20.00,114331
9830.000,9830.000,20.00,114229
9835.000,9835.000,20.00,114300
9840.000,9840.000,20.00,114320
9845.000,9845.000,20.00,114332
9850.000,9850.000,20.00,114308
9855.000,9855.000,20.00,114134
9860.000,9860.000,20.00,113579
9865.000,9865.000,20.00,114249
9870.000,9870.000,20.00,114442
9875.000,9875.000,20.00,113905
9880.000,9880.000,20.00,112696
9885.000,9885.000,20.00,114342
9890.000,9890.000,20.00,114342
9895.000,9895.000,20.00,114364
9900.000,9900.000,20.00,109225
9905.000,9905.000,20.00,113558
9910.000,9910.000,20.00,113916
9915.000,9915.000,20.00,114356
9920.000,9920.000,20.00,111714
9925.000,9925.000,20.00,113766
9930.000,9930.000,20.00,112604
9935.000,9935.000,20.00,114287
9940.000,9940.000,20.00,114120
9945.000,9945.000,20.00,114271
9950.000,9950.000,20.00,114251
9955.000,9955.000,20.00,114320
9960.000,9960.000,20.00,113165
9965.000,9965.000,20.00,113875
9970.000,9970.000,20.00,114200
9975.000,9975.000,20.00,114005
9980.000,9980.000,20.00,113525
9985.000,9985.000,20.00,113642
9990.000,9990.000,20.00,114015
9995.000,9995.000,20.00,114347
10000.000,10000.000,20.00,113629
10005.000,10005.000,20.00,114151
10010.000,10010.000,20.00,114353
10015.000,10015.000,20.00,114353
10020.000,10020.000,20.00,105292
10025.000,10025.000,20.00,114396
10030.000,10030.000,20.00,109613
10035.000,10035.000,20.00,106744
10040.000,10040.000,20.00,110715
10045.000,10045.000,20.00,105081
10050.000,10050.000,20.00,105945
10055.000,10055.000,20.00,84225
10060.000,10060.000,20.00,95452
10065.000,10065.000,20.00,101880
10070.000,10070.000,20.00,78016
10075.000,10075.000,20.00,109524
10080.000,10080.000,20.00,50749
10085.000,10085.000,20.00,113672
10090.000,10090.000,20.00,114339
10095.000,10095.000,20.00,113865
10100.000,10100.000,20.00,114332
10105.000,10105.000,20.00,114135
10110.000,10110.000,20.00,114562
10115.000,10115.000,20.00,114399
10120.000,10120.000,20.00,114364
10125.000,10125.000,20.00,114373
10130.000,10130.000,20.00,114360
10135.000,10135.000,20.00,114345
10140.000,10140.000,20.00,114437
10145.000,10145.000,20.00,114391
10150.000,10150.000,20.00,114353
10155.000,10155.000,20.00,114366
10160.000,10160.000,20.00,114356
10165.000,10165.000,20.00,114366
10170.000,10170.000,20.00,114396
10175.000,10175.000,20.00,114409
10180.000,10180.000,20.00,114415
10185.000,10185.000,20.00,114362
10190.000,10190.000,20.00,114362
10195.000,10195.000,20.00,114361
10200.000,10200.000,20.00,114398
10205.000,10205.000,20.00,114376
10210.000,10210.000,20.00,114377
10215.000,10215.000,20.00,114360
10220.000,10220.000,20.00,114356
10225.000,10225.000,20.00,114349
10230.000,10230.000,20.00,114415
10235.000,10235.000,20.00,114379
10240.000,10240.000,20.00,114366
10245.000,10245.000,20.00,114360
10250.000,10250.000,20.00,114361
10255.000,10255.000,20.00,114203
10260.000,10260.000,20.00,114418
10265.000,10265.000,20.00,114379
10270.000,10270.000,20.00,114362
10275.000,10275.000,20.00,114351
10280.000,10280.000,20.00,114300
10285.000,10285.000,20.00,114420
10290.000,10290.000,20.00,114438
10295.000,10295.000,20.00,114406
10300.000,10300.000,20.00,114436
10305.000,10305.000,20.00,114395
10310.000,10310.000,20.00,114374
10315.000,10315.000,20.00,114367
10320.000,10320.000,20.00,114265
10325.000,10325.000,20.00,114389
10330.000,10330.000,20.00,114353
10335.000,10335.000,20.00,114233
10340.000,10340.000,20.00,114357
10345.000,10345.000,20.00,114364
10350.000,10350.000,20.00,114408
10355.000,10355.000,20.00,114319
10360.000,10360.000,20.00,114450
10365.000,10365.000,20.00,114320
10370.000,10370.000,20.00,114374
10375.000,10375.000,20.00,114362
10380.000,10380.000,20.00,114334
10385.000,10385.000,20.00,114423
10390.000,10390.000,20.00,114413
10395.000,10395.000,20.00,114337
10400.000,10400.000,20.00,114369
10405.000,10405.000,20.00,114368
10410.000,10410.000,20.00,114327
10415.000,10415.000,20.00,113933
10420.000,10420.000,20.00,114050
10425.000,10425.000,20.00,113583
10430.000,10430.000,20.00,114244
10435.000,10435.000,20.00,114266
10440.000,10440.000,20.00,113316
10445.000,10445.000,20.00,107860
10450.000,10450.000,20.00,105492
10455.000,10455.000,20.00,105814
10460.000,10460.000,20.00,113017
10465.000,10465.000,20.00,97062
10470.000,10470.000,20.00,111875
10475.000,10475.000,20.00,102816
10480.000,10480.000,20.00,114030
10485.000,10485.000,20.00,111624
10490.000,10490.000,20.00,113989
10495.000,10495.000,20.00,105261
10500.000,10500.000,20.00,107878
10505.000,10505.000,20.00,109134
10510.000,10510.000,20.00,103643
10515.000,10515.000,20.00,100944
10520.000,10520.000,20.00,108524
10525.000,10525.000,20.00,112030
10530.000,10530.000,20.00,88671
10535.000,10535.000,20.00,84587
10540.000,10540.000,20.00,104969
10545.000,10545.000,20.00,91098
10550.000,10550.000,20.00,103081
10555.000,10555.000,20.00,96309
10560.000,10560.000,20.00,85753
10565.000,10565.000,20.00,89751
10570.000,10570.000,20.00,105235
10575.000,10575.000,20.00,108475
10580.000,10580.000,20.00,106183
10585.000,10585.000,20.00,113041
10590.000,10590.000,20.00,111048
10595.000,10595.000,20.00,98153
10600.000,10600.000,20.00,105822
10605.000,10605.000,20.00,79539
10610.000,10610.000,20.00,81438
10615.000,10615.000,20.00,88952
10620.000,10620.000,20.00,89753
10625.000,10625.000,20.00,88864
10630.000,10630.000,20.00,111462
10635.000,10635.000,20.00,73526
10640.000,10640.000,20.00,89341
10645.000,10645.000,20.00,82385
10650.000,10650.000,20.00,114446
10655.000,10655.000,20.00,114425
10660.000,10660.000,20.00,114316
10665.000,10665.000,20.00,114113
10670.000,10670.000,20.00,114357
10675.000,10675.000,20.00,114345
10680.000,10680.000,20.00,114436
10685.000,10685.000,20.00,114397
10690.000,10690.000,20.00,114208
10695.000,10695.000,20.00,114367
10700.000,10700.000,20.00,114364
10705.000,10705.000,20.00,114351
10710.000,10710.000,20.00,114423
10715.000,10715.000,20.00,114395
10720.000,10720.000,20.00,114366
10725.000,10725.000,20.00,114327
10730.000,10730.000,20.00,114366
10735.000,10735.000,20.00,114354
10740.000,10740.000,20.00,114429
10745.000,10745.000,20.00,114398
10750.000,10750.000,20.00,114375
10755.000,10755.000,20.00,114361
10760.000,10760.000,20.00,114362
10765.000,10765.000,20.00,114358
10770.000,10770.000,20.00,114331
10775.000,10775.000,20.00,114449
10780.000,10780.000,20.00,114310
10785.000,10785.000,20.00,109687
10790.000,10790.000,20.00,112736
10795.000,10795.000,20.00,114269
10800.000,10800.000,20.00,114517
10805.000,10805.000,20.00,114414
10810.000,10810.000,20.00,114397
10815.000,10815.000,20.00,114378
10820.000,10820.000,20.00,114377
10825.000,10825.000,20.00,114391
10830.000,10830.000,20.00,114441
10835.000,10835.000,20.00,114368
10840.000,10840.000,20.00,114455
10845.000,10845.000,20.00,114383
10850.000,10850.000,20.00,114374
10855.000,10855.000,20.00,114362
10860.000,10860.000,20.00,114455
10865.000,10865.000,20.00,114423
10870.000,10870.000,20.00,114386
10875.000,10875.000,20.00,114378
10880.000,10880.000,20.00,114388
10885.000,10885.000,20.00,114364
10890.000,10890.000,20.00,114500
10895.000,10895.000,20.00,114446
10900.000,10900.000,20.00,114397
10905.000,10905.000,20.00,114363
10910.000,10910.000,20.00,114401
10915.000,10915.000,20.00,114391
10920.000,10920.000,20.00,112579
10925.000,10925.000,20.00,114207
10930.000,10930.000,20.00,113925
10935.000,10935.000,20.00,113069
10940.000,10940.000,20.00,113786
10945.000,10945.000,20.00,114105
10950.000,10950.000,20.00,95255
10955.000,10955.000,20.00,114355
10960.000,10960.000,20.00,114397
10965.000,10965.000,20.00,114378
10970.000,10970.000,20.00,114366
10975.000,10975.000,20.00,114341
10980.000,10980.000,20.00,114453
10985.000,10985.000,20.00,114386
10990.000,10990.000,20.00,114443
10995.000,10995.000,20.00,113781
11000.000,11000.000,20.00,114293
11005.000,11005.000,20.00,113388
11010.000,11010.000,20.00,114077
11015.000,11015.000,20.00,114319
11020.000,11020.000,20.00,114030
11025.000,11025.000,20.00,114097
11030.000,11030.000,20.00,114377
11035.000,11035.000,20.00,114367
11040.000,11040.000,20.00,113667
11045.000,11045.000,20.00,114362
11050.000,11050.000,20.00,114303
11055.000,11055.000,20.00,114264
11060.000,11060.000,20.00,113764
11065.000,11065.000,20.00,113973
11070.000,11070.000,20.00,104270
11075.000,11075.000,20.00,109149
11080.000,11080.000,20.00,112269
11085.000,11085.000,20.00,111114
11090.000,11090.000,20.00,114016
11095.000,11095.000,20.00,111645
11100.000,11100.000,20.00,69174
11105.000,11105.000,20.00,85188
11110.000,11110.000,20.00,94662
11115.000,11115.000,20.00,99022
11120.000,11120.000,20.00,110498
11125.000,11125.000,20.00,96890
11130.000,11130.000,20.00,83016
11135.000,11135.000,20.00,107696
11140.000,11140.000,20.00,90239
11145.000,11145.000,20.00,108550
11150.000,11150.000,20.00,104382
11155.000,11155.000,20.00,93001
11160.000,11160.000,20.00,114015
11165.000,11165.000,20.00,113021
11170.000,11170.000,20.00,114048
11175.000,11175.000,20.00,113268
11180.000,11180.000,20.00,113270
11185.000,11185.000,20.00,111898
11190.000,11190.000,20.00,114147
11195.000,11195.000,20.00,114369
11200.000,11200.000,20.00,114353
11205.000,11205.000,20.00,114074
11210.000,11210.000,20.00,113500
11215.000,11215.000,20.00,114279
11220.000,11220.000,20.00,114425
11225.000,11225.000,20.00,114394
11230.000,11230.000,20.00,114378
11235.000,11235.000,20.00,114375
11240.000,11240.000,20.00,114370
11245.000,11245.000,20.00,114363
11250.000,11250.000,20.00,114440
11255.000,11255.000,20.00,114408
11260.000,11260.000,20.00,114387
11265.000,11265.000,20.00,114370
11270.000,11270.000,20.00,114371
11275.000,11275.000,20.00,114269
11280.000,11280.000,20.00,114435
11285.000,11285.000,20.00,114406
11290.000,11290.000,20.00,114373
11295.000,11295.000,20.00,114324
11300.000,11300.000,20.00,114371
11305.000,11305.000,20.00,114359
11310.000,11310.000,20.00,114431
11315.000,11315.000,20.00,114388
11320.000,11320.000,20.00,114367
11325.000,11325.000,20.00,114372
11330.000,11330.000,20.00,114361
11335.000,11335.000,20.00,114368
11340.000,11340.000,20.00,114402
11345.000,11345.000,20.00,114393
11350.000,11350.000,20.00,114404
11355.000,11355.000,20.00,114374
11360.000,11360.000,20.00,114356
11365.000,11365.000,20.00,114359
11370.000,11370.000,20.00,114437
11375.000,11375.000,20.00,114433
11380.000,11380.000,20.00,114384
11385.000,11385.000,20.00,114395
11390.000,11390.000,20.00,114361
11395.000,11395.000,20.00,114380
11400.000,11400.000,20.00,114470
11405.000,11405.000,20.00,114461
11410.000,11410.000,20.00,114417
11415.000,11415.000,20.00,114416
11420.000,11420.000,20.00,114383
11425.000,11425.000,20.00,114425
11430.000,11430.000,20.00,114040
11435.000,11435.000,20.00,114310
11440.000,11440.000,20.00,114508
11445.000,11445.000,20.00,114433
11450.000,11450.000,20.00,114390
11455.000,11455.000,20.00,114393
11460.000,11460.000,20.00,114390
11465.000,11465.000,20.00,113860
11470.000,11470.000,20.00,114331
11475.000,11475.000,20.00,114015
11480.000,11480.000,20.00,113160
11485.000,11485.000,20.00,113184
11490.000,11490.000,20.00,114168
11495.000,11495.000,20.00,113909
11500.000,11500.000,20.00,106506
11505.000,11505.000,20.00,109998
11510.000,11510.000,20.00,114286
11515.000,11515.000,20.00,114335
11520.000,11520.000,20.00,104886
11525.000,11525.000,20.00,112201
11530.000,11530.000,20.00,108428
11535.000,11535.000,20.00,112913
11540.000,11540.000,20.00,110651
11545.000,11545.000,20.00,108929
11550.000,11550.000,20.00,114429
11555.000,11555.000,20.00,114227
11560.000,11560.000,20.00,113524
11565.000,11565.000,20.00,114327
11570.000,11570.000,20.00,113913
11575.000,11575.000,20.00,114254
11580.000,11580.000,20.00,114357
11585.000,11585.000,20.00,113287
11590.000,11590.000,20.00,114381
11595.000,11595.000,20.00,114063
11600.000,11600.000,20.00,113699
11605.000,11605.000,20.00,114281
11610.000,11610.000,20.00,95905
11615.000,11615.000,20.00,104110
11620.000,11620.000,20.00,100305
11625.000,11625.000,20.00,103728
11630.000,11630.000,20.00,106308
11635.000,11635.000,20.00,46953
11640.000,11640.000,20.00,86705
11645.000,11645.000,20.00,98803
11650.000,11650.000,20.00,99297
11655.000,11655.000,20.00,101134
11660.000,11660.000,20.00,104987
11665.000,11665.000,20.00,90804
11670.000,11670.000,20.00,7868
11675.000,11675.000,20.00,9879
11680.000,11680.000,20.00,5859
11685.000,11685.000,20.00,10393
11690.000,11690.000,20.00,12501
11695.000,11695.000,20.00,9026
11700.000,11700.000,20.00,113568
11705.000,11705.000,20.00,114383
11710.000,11710.000,20.00,113773
11715.000,11715.000,20.00,114273
11720.000,11720.000,20.00,114358
11725.000,11725.000,20.00,114330
11730.000,11730.000,20.00,114440
11735.000,11735.000,20.00,114406
11740.000,11740.000,20.00,114382
11745.000,11745.000,20.00,114366
11750.000,11750.000,20.00,114351
11755.000,11755.000,20.00,114285
11760.000,11760.000,20.00,114410
11765.000,11765.000,20.00,114426
11770.000,11770.000,20.00,114365
11775.000,11775.000,20.00,114436
11780.000,11780.000,20.00,114350
11785.000,11785.000,20.00,114386
11790.000,11790.000,20.00,114414
11795.000,11795.000,20.00,114390
11800.000,11800.000,20.00,114371
11805.000,11805.000,20.00,114358
11810.000,11810.000,20.00,114357
11815.000,11815.000,20.00,114341
11820.000,11820.000,20.00,114401
11825.000,11825.000,20.00,114338
11830.000,11830.000,20.00,114366
11835.000,11835.000,20.00,114353
11840.000,11840.000,20.00,114353
11845.000,11845.000,20.00,114352
11850.000,11850.000,20.00,114436
11855.000,11855.000,20.00,114390
11860.000,11860.000,20.00,114368
11865.000,11865.000,20.00,114362
11870.000,11870.000,20.00,114344
11875.000,11875.000,20.00,114371
11880.000,11880.000,20.00,114427
11885.000,11885.000,20.00,114402
11890.000,11890.000,20.00,114364
11895.000,11895.000,20.00,114373
11900.000,11900.000,20.00,114357
11905.000,11905.000,20.00,114336
11910.000,11910.000,20.00,114470
11915.000,11915.000,20.00,114269
11920.000,11920.000,20.00,114478
11925.000,11925.000,20.00,114397
11930.000,11930.000,20.00,114359
11935.000,11935.000,20.00,114353
11940.000,11940.000,20.00,114435
11945.000,11945.000,20.00,114356
11950.000,11950.000,20.00,113848
11955.000,11955.000,20.00,113454
11960.000,11960.000,20.00,114301
11965.000,11965.000,20.00,114352
11970.000,11970.000,20.00,114371
11975.000,11975.000,20.00,114432
11980.000,11980.000,20.00,114340
11985.000,11985.000,20.00,114372
11990.000,11990.000,20.00,114380
11995.000,11995.000,20.00,114368
12000.000,12000.000,20.00,114435
12005.000,12005.000,20.00,114425
12010.000,12010.000,20.00,114412
12015.000,12015.000,20.00,114406
12020.000,12020.000,20.00,114382
12025.000,12025.000,20.00,114350
12030.000,12030.000,20.00,114418
12035.000,12035.000,20.00,114251
12040.000,12040.000,20.00,114409
12045.000,12045.000,20.00,113995
12050.000,12050.000,20.00,114084
12055.000,12055.000,20.00,114312
12060.000,12060.000,20.00,114430
12065.000,12065.000,20.00,114370
12070.000,12070.000,20.00,114402
12075.000,12075.000,20.00,114353
12080.000,12080.000,20.00,114253
12085.000,12085.000,20.00,114113
12090.000,12090.000,20.00,114343
12095.000,12095.000,20.00,113551
12100.000,12100.000,20.00,113852
12105.000,12105.000,20.00,114274
12110.000,12110.000,20.00,113965
12115.000,12115.000,20.00,114205
12120.000,12120.000,20.00,112911
12125.000,12125.000,20.00,113931
12130.000,12130.000,20.00,114376
12135.000,12135.000,20.00,114195
12140.000,12140.000,20.00,114169
12145.000,12145.000,20.00,114317
12150.000,12150.000,20.00,110776
12155.000,12155.000,20.00,114296
12160.000,12160.000,20.00,114284
12165.000,12165.000,20.00,114282
12170.000,12170.000,20.00,114290
12175.000,12175.000,20.00,114274
12180.000,12180.000,20.00,107735
12185.000,12185.000,20.00,108071
12190.000,12190.000,20.00,109796
12195.000,12195.000,20.00,106200
12200.000,12200.000,20.00,87797
12205.000,12205.000,20.00,66709
12210.000,12210.000,20.00,91910
12215.000,12215.000,20.00,106333
12220.000,12220.000,20.00,107212
12225.000,12225.000,20.00,105769
12230.000,12230.000,20.00,111574
12235.000,12235.000,20.00,113296
12240.000,12240.000,20.00,114310
12245.000,12245.000,20.00,114420
12250.000,12250.000,20.00,114396
12255.000,12255.000,20.00,114362
12260.000,12260.000,20.00,114357
12265.000,12265.000,20.00,114350
12270.000,12270.000,20.00,114426
12275.000,12275.000,20.00,114409
12280.000,12280.000,20.00,114393
12285.000,12285.000,20.00,114381
12290.000,12290.000,20.00,114386
12295.000,12295.000,20.00,114391
12300.000,12300.000,20.00,114428
12305.000,12305.000,20.00,114394
12310.000,12310.000,20.00,114387
12315.000,12315.000,20.00,114350
12320.000,12320.000,20.00,114349
12325.000,12325.000,20.00,114366
12330.000,12330.000,20.00,114405
12335.000,12335.000,20.00,114341
12340.000,12340.000,20.00,114388
12345.000,12345.000,20.00,114365
12350.000,12350.000,20.00,114366
12355.000,12355.000,20.00,114354
12360.000,12360.000,20.00,114426
12365.000,12365.000,20.00,114393
12370.000,12370.000,20.00,114377
12375.000,12375.000,20.00,114362
12380.000,12380.000,20.00,114344
12385.000,12385.000,20.00,114356
12390.000,12390.000,20.00,114453
12395.000,12395.000,20.00,114425
12400.000,12400.000,20.00,114394
12405.000,12405.000,20.00,114342
12410.000,12410.000,20.00,114038
12415.000,12415.000,20.00,113749
12420.000,12420.000,20.00,114362
12425.000,12425.000,20.00,114285
12430.000,12430.000,20.00,114347
12435.000,12435.000,20.00,114364
12440.000,12440.000,20.00,114345
12445.000,12445.000,20.00,114357
12450.000,12450.000,20.00,113514
12455.000,12455.000,20.00,113917
12460.000,12460.000,20.00,114124
12465.000,12465.000,20.00,114362
12470.000,12470.000,20.00,114267
12475.000,12475.000,20.00,114289
12480.000,12480.000,20.00,114423
12485.000,12485.000,20.00,114432
12490.000,12490.000,20.00,114299
12495.000,12495.000,20.00,114391
12500.000,12500.000,20.00,113879
12505.000,12505.000,20.00,114335
12510.000,12510.000,20.00,114389
12515.000,12515.000,20.00,114064
12520.000,12520.000,20.00,114209
12525.000,12525.000,20.00,113731
12530.000,12530.000,20.00,113601
12535.000,12535.000,20.00,113896
12540.000,12540.000,20.00,114420
12545.000,12545.000,20.00,114379
12550.000,12550.000,20.00,114342
12555.000,12555.000,20.00,113695
12560.000,12560.000,20.00,114290
12565.000,12565.000,20.00,114358
12570.000,12570.000,20.00,113704
12575.000,12575.000,20.00,112942
12580.000,12580.000,20.00,113592
12585.000,12585.000,20.00,113703
12590.000,12590.000,20.00,113626
12595.000,12595.000,20.00,112888
12600.000,12600.000,20.00,113798
12605.000,12605.000,20.00,113458
12610.000,12610.000,20.00,114348
12615.000,12615.000,20.00,114154
12620.000,12620.000,20.00,113462
12625.000,12625.000,20.00,113817
12630.000,12630.000,20.00,112741
12635.000,12635.000,20.00,112839
12640.000,12640.000,20.00,106947
12645.000,12645.000,20.00,113589
12650.000,12650.000,20.00,106800
12655.000,12655.000,20.00,112256
12660.000,12660.000,20.00,112959
12665.000,12665.000,20.00,106781
12670.000,12670.000,20.00,109310
12675.000,12675.000,20.00,112623
12680.000,12680.000,20.00,110404
12685.000,12685.000,20.00,113225
12690.000,12690.000,20.00,113800
12695.000,12695.000,20.00,113660
12700.000,12700.000,20.00,109535
12705.000,12705.000,20.00,111234
12710.000,12710.000,20.00,113589
12715.000,12715.000,20.00,114066
12720.000,12720.000,20.00,114362
12725.000,12725.000,20.00,113873
12730.000,12730.000,20.00,114150
12735.000,12735.000,20.00,113715
12740.000,12740.000,20.00,113039
12745.000,12745.000,20.00,111306
12750.000,12750.000,20.00,114426
12755.000,12755.000,20.00,114400
12760.000,12760.000,20.00,114373
12765.000,12765.000,20.00,114343
12770.000,12770.000,20.00,114352
12775.000,12775.000,20.00,114329
12780.000,12780.000,20.00,114451
12785.000,12785.000,20.00,114425
12790.000,12790.000,20.00,114322
12795.000,12795.000,20.00,114450
12800.000,12800.000,20.00,114383
12805.000,12805.000,20.00,114358
12810.000,12810.000,20.00,114219
12815.000,12815.000,20.00,114402
12820.000,12820.000,20.00,114360
12825.000,12825.000,20.00,114369
12830.000,12830.000,20.00,114336
12835.000,12835.000,20.00,114314
12840.000,12840.000,20.00,114399
12845.000,12845.000,20.00,114384
12850.000,12850.000,20.00,114361
12855.000,12855.000,20.00,114344
12860.000,12860.000,20.00,114404
12865.000,12865.000,20.00,114358
12870.000,12870.000,20.00,114480
12875.000,12875.000,20.00,114368
12880.000,12880.000,20.00,114467
12885.000,12885.000,20.00,114407
12890.000,12890.000,20.00,114393
12895.000,12895.000,20.00,114385
12900.000,12900.000,20.00,114433
12905.000,12905.000,20.00,50220
12910.000,12910.000,20.00,114158
12915.000,12915.000,20.00,114379
12920.000,12920.000,20.00,114438
12925.000,12925.000,20.00,114434
12930.000,12930.000,20.00,114232
12935.000,12935.000,20.00,114051
12940.000,12940.000,20.00,114381
12945.000,12945.000,20.00,114271
12950.000,12950.000,20.00,114158
12955.000,12955.000,20.00,114361
12960.000,12960.000,20.00,113217
12965.000,12965.000,20.00,114398
12970.000,12970.000,20.00,114300
12975.000,12975.000,20.00,114204
12980.000,12980.000,20.00,114247
12985.000,12985.000,20.00,114131
12990.000,12990.000,20.00,114336
12995.000,12995.000,20.00,110231
13000.000,13000.000,20.00,113781
13005.000,13005.000,20.00,114026
13010.000,13010.000,20.00,112191
13015.000,13015.000,20.00,113003
13020.000,13020.000,20.00,114054
13025.000,13025.000,20.00,114100
13030.000,13030.000,20.00,114157
13035.000,13035.000,20.00,113797
13040.000,13040.000,20.00,113693
13045.000,13045.000,20.00,113115
13050.000,13050.000,20.00,112442
13055.000,13055.000,20.00,113744
13060.000,13060.000,20.00,114337
13065.000,13065.000,20.00,112152
13070.000,13070.000,20.00,111338
13075.000,13075.000,20.00,113418
13080.000,13080.000,20.00,114412
13085.000,13085.000,20.00,114318
13090.000,13090.000,20.00,114312
13095.000,13095.000,20.00,113423
13100.000,13100.000,20.00,114255
13105.000,13105.000,20.00,112223
13110.000,13110.000,20.00,87514
13115.000,13115.000,20.00,87497
13120.000,13120.000,20.00,112012
13125.000,13125.000,20.00,109392
13130.000,13130.000,20.00,111436
13135.000,13135.000,20.00,112172
13140.000,13140.000,20.00,114330
13145.000,13145.000,20.00,114242
13150.000,13150.000,20.00,114347
13155.000,13155.000,20.00,114061
13160.000,13160.000,20.00,113452
13165.000,13165.000,20.00,114035
13170.000,13170.000,20.00,113976
13175.000,13175.000,20.00,107217
13180.000,13180.000,20.00,101826
13185.000,13185.000,20.00,107993
13190.000,13190.000,20.00,110022
13195.000,13195.000,20.00,108632
13200.000,13200.000,20.00,107581
13205.000,13205.000,20.00,107167
13210.000,13210.000,20.00,108620
13215.000,13215.000,20.00,107938
13220.000,13220.000,20.00,104182
13225.000,13225.000,20.00,104437
13230.000,13230.000,20.00,114393
13235.000,13235.000,20.00,114373
13240.000,13240.000,20.00,114222
13245.000,13245.000,20.00,114266
13250.000,13250.000,20.00,114176
13255.000,13255.000,20.00,111921
13260.000,13260.000,20.00,105310
13265.000,13265.000,20.00,114448
13270.000,13270.000,20.00,114353
13275.000,13275.000,20.00,114425
13280.000,13280.000,20.00,114368
13285.000,13285.000,20.00,114363
13290.000,13290.000,20.00,114523
13295.000,13295.000,20.00,114490
13300.000,13300.000,20.00,114451
13305.000,13305.000,20.00,114452
13310.000,13310.000,20.00,114437
13315.000,13315.000,20.00,114430
13320.000,13320.000,20.00,114437
13325.000,13325.000,20.00,114267
13330.000,13330.000,20.00,114458
13335.000,13335.000,20.00,114339
13340.000,13340.000,20.00,114347
13345.000,13345.000,20.00,114360
13350.000,13350.000,20.00,114453
13355.000,13355.000,20.00,114440
13360.000,13360.000,20.00,114399
13365.000,13365.000,20.00,114372
13370.000,13370.000,20.00,114357
13375.000,13375.000,20.00,114394
13380.000,13380.000,20.00,114424
13385.000,13385.000,20.00,114391
13390.000,13390.000,20.00,114384
13395.000,13395.000,20.00,114360
13400.000,13400.000,20.00,114358
13405.000,13405.000,20.00,114340
13410.000,13410.000,20.00,114443
13415.000,13415.000,20.00,114399
13420.000,13420.000,20.00,114378
13425.000,13425.000,20.00,114356
13430.000,13430.000,20.00,114358
13435.000,13435.000,20.00,114307
13440.000,13440.000,20.00,114547
13445.000,13445.000,20.00,114415
13450.000,13450.000,20.00,114380
13455.000,13455.000,20.00,114364
13460.000,13460.000,20.00,114357
13465.000,13465.000,20.00,114360
13470.000,13470.000,20.00,114433
13475.000,13475.000,20.00,114411
13480.000,13480.000,20.00,114379
13485.000,13485.000,20.00,114367
13490.000,13490.000,20.00,114339
13495.000,13495.000,20.00,114370
13500.000,13500.000,20.00,114336
13505.000,13505.000,20.00,114391
13510.000,13510.000,20.00,114213
13515.000,13515.000,20.00,114372
13520.000,13520.000,20.00,114288
13525.000,13525.000,20.00,114315
13530.000,13530.000,20.00,114442
13535.000,13535.000,20.00,113065
13540.000,13540.000,20.00,111872
13545.000,13545.000,20.00,114341
13550.000,13550.000,20.00,114374
13555.000,13555.000,20.00,114301
13560.000,13560.000,20.00,113893
13565.000,13565.000,20.00,113842
13570.000,13570.000,20.00,114305
13575.000,13575.000,20.00,113476
13580.000,13580.000,20.00,113910
13585.000,13585.000,20.00,113886
13590.000,13590.000,20.00,112503
13595.000,13595.000,20.00,113337
13600.000,13600.000,20.00,109646
13605.000,13605.000,20.00,114039
13610.000,13610.000,20.00,111562
13615.000,13615.000,20.00,110184
13620.000,13620.000,20.00,113140
13625.000,13625.000,20.00,109647
13630.000,13630.000,20.00,110718
13635.000,13635.000,20.00,110751
13640.000,13640.000,20.00,110684
13645.000,13645.000,20.00,112044
13650.000,13650.000,20.00,113689
13655.000,13655.000,20.00,113953
13660.000,13660.000,20.00,112355
13665.000,13665.000,20.00,112918
13670.000,13670.000,20.00,111637
13675.000,13675.000,20.00,113676
13680.000,13680.000,20.00,105951
13685.000,13685.000,20.00,108279
13690.000,13690.000,20.00,113782
13695.000,13695.000,20.00,108311
13700.000,13700.000,20.00,108828
13705.000,13705.000,20.00,109969
13710.000,13710.000,20.00,109585
13715.000,13715.000,20.00,107610
13720.000,13720.000,20.00,110631
13725.000,13725.000,20.00,111210
13730.000,13730.000,20.00,112530
13735.000,13735.000,20.00,107386
13740.000,13740.000,20.00,67272
13745.000,13745.000,20.00,74494
13750.000,13750.000,20.00,64370
13755.000,13755.000,20.00,61500
13760.000,13760.000,20.00,83897
13765.000,13765.000,20.00,78221
13770.000,13770.000,20.00,113962
13775.000,13775.000,20.00,114397
13780.000,13780.000,20.00,114097
13785.000,13785.000,20.00,113903
13790.000,13790.000,20.00,113672
13795.000,13795.000,20.00,114350
13800.000,13800.000,20.00,114433
13805.000,13805.000,20.00,114413
13810.000,13810.000,20.00,114404
13815.000,13815.000,20.00,114385
13820.000,13820.000,20.00,114379
13825.000,13825.000,20.00,114382
13830.000,13830.000,20.00,114425
13835.000,13835.000,20.00,114320
13840.000,13840.000,20.00,114285
13845.000,13845.000,20.00,114349
13850.000,13850.000,20.00,114307
13855.000,13855.000,20.00,113748
13860.000,13860.000,20.00,114429
13865.000,13865.000,20.00,114381
13870.000,13870.000,20.00,114321
13875.000,13875.000,20.00,114411
13880.000,13880.000,20.00,114336
13885.000,13885.000,20.00,114369
13890.000,13890.000,20.00,114389
13895.000,13895.000,20.00,114348
13900.000,13900.000,20.00,114335
13905.000,13905.000,20.00,114250
13910.000,13910.000,20.00,114362
13915.000,13915.000,20.00,114317
13920.000,13920.000,20.00,114442
13925.000,13925.000,20.00,114390
13930.000,13930.000,20.00,114360
13935.000,13935.000,20.00,114359
13940.000,13940.000,20.00,114345
13945.000,13945.000,20.00,114372
13950.000,13950.000,20.00,114423
13955.000,13955.000,20.00,114393
13960.000,13960.000,20.00,114373
13965.000,13965.000,20.00,114358
13970.000,13970.000,20.00,113877
13975.000,13975.000,20.00,113558
13980.000,13980.000,20.00,114456
13985.000,13985.000,20.00,114414
13990.000,13990.000,20.00,114394
13995.000,13995.000,20.00,114392
14000.000,14000.000,20.00,114372
14005.000,14005.000,20.00,114382
14010.000,14010.000,20.00,114412
14015.000,14015.000,20.00,114379
14020.000,14020.000,20.00,114361
14025.000,14025.000,20.00,114332
14030.000,14030.000,20.00,114359
14035.000,14035.000,20.00,114348
14040.000,14040.000,20.00,114422
14045.000,14045.000,20.00,114391
14050.000,14050.000,20.00,114364
14055.000,14055.000,20.00,114338
14060.000,14060.000,20.00,114366
14065.000,14065.000,20.00,114382
14070.000,14070.000,20.00,114146
14075.000,14075.000,20.00,114175
14080.000,14080.000,20.00,114301
14085.000,14085.000,20.00,114279
14090.000,14090.000,20.00,114297
14095.000,14095.000,20.00,113217
14100.000,14100.000,20.00,114435
14105.000,14105.000,20.00,114388
14110.000,14110.000,20.00,114378
14115.000,14115.000,20.00,114316
14120.000,14120.000,20.00,114382
14125.000,14125.000,20.00,114382
14130.000,14130.000,20.00,114444
14135.000,14135.000,20.00,114333
14140.000,14140.000,20.00,114300
14145.000,14145.000,20.00,114436
14150.000,14150.000,20.00,114401
14155.000,14155.000,20.00,114390
14160.000,14160.000,20.00,114446
14165.000,14165.000,20.00,114428
14170.000,14170.000,20.00,114405
14175.000,14175.000,20.00,114397
14180.000,14180.000,20.00,114385
14185.000,14185.000,20.00,114359
14190.000,14190.000,20.00,114420
14195.000,14195.000,20.00,113783
14200.000,14200.000,20.00,114394
14205.000,14205.000,20.00,114401
14210.000,14210.000,20.00,113764
14215.000,14215.000,20.00,114418
14220.000,14220.000,20.00,114119
14225.000,14225.000,20.00,114393
14230.000,14230.000,20.00,114350
14235.000,14235.000,20.00,114372
14240.000,14240.000,20.00,114344
14245.000,14245.000,20.00,114050
14250.000,14250.000,20.00,107720
14255.000,14255.000,20.00,83816
14260.000,14260.000,20.00,64495
14265.000,14265.000,20.00,100959
14270.000,14270.000,20.00,100997
14275.000,14275.000,20.00,106596
14280.000,14280.000,20.00,113077
14285.000,14285.000,20.00,110058
14290.000,14290.000,20.00,114135
14295.000,14295.000,20.00,104254
14300.000,14300.000,20.00,110425
14305.000,14305.000,20.00,108850
14310.000,14310.000,20.00,104105
14315.000,14315.000,20.00,109795
14320.000,14320.000,20.00,107896
14325.000,14325.000,20.00,111766
14330.000,14330.000,20.00,108550
14335.000,14335.000,20.00,109720
14340.000,14340.000,20.00,110220
14345.000,14345.000,20.00,114193
14350.000,14350.000,20.00,114049
14355.000,14355.000,20.00,114216
14360.000,14360.000,20.00,112793
14365.000,14365.000,20.00,113363
14370.000,14370.000,20.00,114474
14375.000,14375.000,20.00,114384
14380.000,14380.000,20.00,114376
14385.000,14385.000,20.00,114252
14390.000,14390.000,20.00,114455
14395.000,14395.000,20.00,114369
14400.000,14400.000,20.00,114422
14405.000,14405.000,20.00,114392
14410.000,14410.000,20.00,114311
14415.000,14415.000,20.00,114410
14420.000,14420.000,20.00,114360
14425.000,14425.000,20.00,114366
14430.000,14430.000,20.00,114404
14435.000,14435.000,20.00,114367
14440.000,14440.000,20.00,114361
14445.000,14445.000,20.00,114259
14450.000,14450.000,20.00,114336
14455.000,14455.000,20.00,97954
14460.000,14460.000,20.00,114536
14465.000,14465.000,20.00,114407
14470.000,14470.000,20.00,114385
14475.000,14475.000,20.00,114362
14480.000,14480.000,20.00,114343
14485.000,14485.000,20.00,114358
14490.000,14490.000,20.00,114387
14495.000,14495.000,20.00,114371
14500.000,14500.000,20.00,114370
14505.000,14505.000,20.00,114365
14510.000,14510.000,20.00,114361
14515.000,14515.000,20.00,114366
14520.000,14520.000,20.00,114439
14525.000,14525.000,20.00,114411
14530.000,14530.000,20.00,114365
14535.000,14535.000,20.00,114365
14540.000,14540.000,20.00,114352
14545.000,14545.000,20.00,114366
14550.000,14550.000,20.00,114432
14555.000,14555.000,20.00,114383
14560.000,14560.000,20.00,114372
14565.000,14565.000,20.00,114364
14570.000,14570.000,20.00,114353
14575.000,14575.000,20.00,114356
14580.000,14580.000,20.00,114426
14585.000,14585.000,20.00,114362
14590.000,14590.000,20.00,114336
14595.000,14595.000,20.00,114343
14600.000,14600.000,20.00,114331
14605.000,14605.000,20.00,114365
14610.000,14610.000,20.00,114415
14615.000,14615.000,20.00,114399
14620.000,14620.000,20.00,114365
14625.000,14625.000,20.00,114356
14630.000,14630.000,20.00,114343
14635.000,14635.000,20.00,114374
14640.000,14640.000,20.00,114326
14645.000,14645.000,20.00,114006
14650.000,14650.000,20.00,112602
14655.000,14655.000,20.00,112666
14660.000,14660.000,20.00,113824
14665.000,14665.000,20.00,113411
14670.000,14670.000,20.00,114110
14675.000,14675.000,20.00,114028
14680.000,14680.000,20.00,114408
14685.000,14685.000,20.00,112956
14690.000,14690.000,20.00,114321
14695.000,14695.000,20.00,114158
14700.000,14700.000,20.00,112992
14705.000,14705.000,20.00,113306
14710.000,14710.000,20.00,113199
14715.000,14715.000,20.00,113862
14720.000,14720.000,20.00,101856
14725.000,14725.000,20.00,114181
14730.000,14730.000,20.00,114360
14735.000,14735.000,20.00,113120
14740.000,14740.000,20.00,113050
14745.000,14745.000,20.00,113556
14750.000,14750.000,20.00,109648
14755.000,14755.000,20.00,111738
14760.000,14760.000,20.00,113627
14765.000,14765.000,20.00,114368
14770.000,14770.000,20.00,114260
14775.000,14775.000,20.00,112349
14780.000,14780.000,20.00,113508
14785.000,14785.000,20.00,113787
14790.000,14790.000,20.00,114222
14795.000,14795.000,20.00,114010
14800.000,14800.000,20.00,113497
14805.000,14805.000,20.00,113488
14810.000,14810.000,20.00,113376
14815.000,14815.000,20.00,114000
14820.000,14820.000,20.00,111598
14825.000,14825.000,20.00,99626
14830.000,14830.000,20.00,108584
14835.000,14835.000,20.00,104123
14840.000,14840.000,20.00,110045
14845.000,14845.000,20.00,109528
14850.000,14850.000,20.00,104570
14855.000,14855.000,20.00,108637
14860.000,14860.000,20.00,101345
14865.000,14865.000,20.00,109372
14870.000,14870.000,20.00,104136
14875.000,14875.000,20.00,107703
14880.000,14880.000,20.00,110475
14885.000,14885.000,20.00,98139
14890.000,14890.000,20.00,96078
14895.000,14895.000,20.00,90034
14900.000,14900.000,20.00,80484
14905.000,14905.000,20.00,89158
14910.000,14910.000,20.00,112042
14915.000,14915.000,20.00,114367
14920.000,14920.000,20.00,113225
14925.000,14925.000,20.00,112240
14930.000,14930.000,20.00,112514
14935.000,14935.000,20.00,113744
14940.000,14940.000,20.00,114454
14945.000,14945.000,20.00,114407
14950.000,14950.000,20.00,114373
14955.000,14955.000,20.00,114350
14960.000,14960.000,20.00,114361
14965.000,14965.000,20.00,114360
14970.000,14970.000,20.00,114438
14975.000,14975.000,20.00,114374
14980.000,14980.000,20.00,114362
14985.000,14985.000,20.00,114360
14990.000,14990.000,20.00,114363
14995.000,14995.000,20.00,114365
15000.000,15000.000,20.00,114580
15005.000,15005.000,20.00,114396
15010.000,15010.000,20.00,114358
15015.000,15015.000,20.00,114281
15020.000,15020.000,20.00,114280
15025.000,15025.000,20.00,114172
15030.000,15030.000,20.00,114447
15035.000,15035.000,20.00,114423
15040.000,15040.000,20.00,114405
15045.000,15045.000,20.00,114395
15050.000,15050.000,20.00,114369
15055.000,15055.000,20.00,114350
15060.000,15060.000,20.00,114426
15065.000,15065.000,20.00,113498
15070.000,15070.000,20.00,115278
15075.000,15075.000,20.00,114383
15080.000,15080.000,20.00,114384
15085.000,15085.000,20.00,114377
15090.000,15090.000,20.00,100348
15095.000,15095.000,20.00,114285
15100.000,15100.000,20.00,114596
15105.000,15105.000,20.00,114446
15110.000,15110.000,20.00,114444
15115.000,15115.000,20.00,114436
15120.000,15120.000,20.00,114441
15125.000,15125.000,20.00,114388
15130.000,15130.000,20.00,114321
15135.000,15135.000,20.00,114378
15140.000,15140.000,20.00,114358
15145.000,15145.000,20.00,114370
15150.000,15150.000,20.00,114442
15155.000,15155.000,20.00,114392
15160.000,15160.000,20.00,114289
15165.000,15165.000,20.00,114356
15170.000,15170.000,20.00,114297
15175.000,15175.000,20.00,114436
15180.000,15180.000,20.00,114422
15185.000,15185.000,20.00,114379
15190.000,15190.000,20.00,114377
15195.000,15195.000,20.00,114355
15200.000,15200.000,20.00,114353
15205.000,15205.000,20.00,114356
15210.000,15210.000,20.00,114292
15215.000,15215.000,20.00,114175
15220.000,15220.000,20.00,114136
15225.000,15225.000,20.00,113377
15230.000,15230.000,20.00,114228
15235.000,15235.000,20.00,113390
15240.000,15240.000,20.00,111492
15245.000,15245.000,20.00,114411
15250.000,15250.000,20.00,114316
15255.000,15255.000,20.00,112742
15260.000,15260.000,20.00,114325
15265.000,15265.000,20.00,114181
15270.000,15270.000,20.00,114438
15275.000,15275.000,20.00,114431
15280.000,15280.000,20.00,114104
15285.000,15285.000,20.00,114328
15290.000,15290.000,20.00,114344
15295.000,15295.000,20.00,114293
15300.000,15300.000,20.00,114315
15305.000,15305.000,20.00,112347
15310.000,15310.000,20.00,110852
15315.000,15315.000,20.00,107685
15320.000,15320.000,20.00,106241
15325.000,15325.000,20.00,111857
15330.000,15330.000,20.00,113322
15335.000,15335.000,20.00,114049
15340.000,15340.000,20.00,108392
15345.000,15345.000,20.00,109240
15350.000,15350.000,20.00,112186
15355.000,15355.000,20.00,109742
15360.000,15360.000,20.00,112095
15365.000,15365.000,20.00,112627
15370.000,15370.000,20.00,110347
15375.000,15375.000,20.00,113880
15380.000,15380.000,20.00,103310
15385.000,15385.000,20.00,96636
15390.000,15390.000,20.00,103300
15395.000,15395.000,20.00,100399
15400.000,15400.000,20.00,107515
15405.000,15405.000,20.00,101112
15410.000,15410.000,20.00,109883
15415.000,15415.000,20.00,107603
15420.000,15420.000,20.00,113391
15425.000,15425.000,20.00,111399
15430.000,15430.000,20.00,110244
15435.000,15435.000,20.00,113914
15440.000,15440.000,20.00,113460
15445.000,15445.000,20.00,112127
15450.000,15450.000,20.00,114440
15455.000,15455.000,20.00,114382
15460.000,15460.000,20.00,114359
15465.000,15465.000,20.00,114369
15470.000,15470.000,20.00,114340
15475.000,15475.000,20.00,114351
15480.000,15480.000,20.00,114388
15485.000,15485.000,20.00,114385
15490.000,15490.000,20.00,114349
15495.000,15495.000,20.00,114337
15500.000,15500.000,20.00,114329
15505.000,15505.000,20.00,114333
15510.000,15510.000,20.00,114445
15515.000,15515.000,20.00,114453
15520.000,15520.000,20.00,114410
15525.000,15525.000,20.00,114388
15530.000,15530.000,20.00,114367
15535.000,15535.000,20.00,114375
15540.000,15540.000,20.00,114444
15545.000,15545.000,20.00,114406
15550.000,15550.000,20.00,114356
15555.000,15555.000,20.00,114396
15560.000,15560.000,20.00,114353
15565.000,15565.000,20.00,114348
15570.000,15570.000,20.00,114435
15575.000,15575.000,20.00,114384
15580.000,15580.000,20.00,114365
15585.000,15585.000,20.00,114370
15590.000,15590.000,20.00,114356
15595.000,15595.000,20.00,114360
15600.000,15600.000,20.00,112291
15605.000,15605.000,20.00,112280
15610.000,15610.000,20.00,112027
15615.000,15615.000,20.00,112954
15620.000,15620.000,20.00,113934
15625.000,15625.000,20.00,114322
15630.000,15630.000,20.00,114455
15635.000,15635.000,20.00,114417
15640.000,15640.000,20.00,114380
15645.000,15645.000,20.00,114373
15650.000,15650.000,20.00,114358
15655.000,15655.000,20.00,114314
15660.000,15660.000,20.00,114227
15665.000,15665.000,20.00,114199
15670.000,15670.000,20.00,114275
15675.000,15675.000,20.00,113808
15680.000,15680.000,20.00,114140
15685.000,15685.000,20.00,113831
15690.000,15690.000,20.00,114102
15695.000,15695.000,20.00,114299
15700.000,15700.000,20.00,113954
15705.000,15705.000,20.00,114263
15710.000,15710.000,20.00,112807
15715.000,15715.000,20.00,113784
15720.000,15720.000,20.00,113913
15725.000,15725.000,20.00,113516
15730.000,15730.000,20.00,114245
15735.000,15735.000,20.00,113847
15740.000,15740.000,20.00,113726
15745.000,15745.000,20.00,114082
15750.000,15750.000,20.00,107598
15755.000,15755.000,20.00,113642
15760.000,15760.000,20.00,110948
15765.000,15765.000,20.00,110763
15770.000,15770.000,20.00,113085
15775.000,15775.000,20.00,106567
15780.000,15780.000,20.00,113986
15785.000,15785.000,20.00,113210
15790.000,15790.000,20.00,113694
15795.000,15795.000,20.00,114233
15800.000,15800.000,20.00,114071
15805.000,15805.000,20.00,113466
15810.000,15810.000,20.00,113305
15815.000,15815.000,20.00,114322
15820.000,15820.000,20.00,114111
15825.000,15825.000,20.00,114242
15830.000,15830.000,20.00,106449
15835.000,15835.000,20.00,113931
15840.000,15840.000,20.00,96570
15845.000,15845.000,20.00,112754
15850.000,15850.000,20.00,108395
15855.000,15855.000,20.00,110073
15860.000,15860.000,20.00,111899
15865.000,15865.000,20.00,112443
15870.000,15870.000,20.00,113210
15875.000,15875.000,20.00,114333
15880.000,15880.000,20.00,113878
15885.000,15885.000,20.00,114229
15890.000,15890.000,20.00,114348
15895.000,15895.000,20.00,114228
15900.000,15900.000,20.00,114439
15905.000,15905.000,20.00,114185
15910.000,15910.000,20.00,114366
15915.000,15915.000,20.00,114134
15920.000,15920.000,20.00,106618
15925.000,15925.000,20.00,94986
15930.000,15930.000,20.00,107675
15935.000,15935.000,20.00,107416
15940.000,15940.000,20.00,112639
15945.000,15945.000,20.00,113148
15950.000,15950.000,20.00,100995
15955.000,15955.000,20.00,107776
15960.000,15960.000,20.00,110125
15965.000,15965.000,20.00,111101
15970.000,15970.000,20.00,109711
15975.000,15975.000,20.00,108905
15980.000,15980.000,20.00,113902
15985.000,15985.000,20.00,104602
15990.000,15990.000,20.00,114406
15995.000,15995.000,20.00,114389
16000.000,16000.000,20.00,114358
16005.000,16005.000,20.00,114367
16010.000,16010.000,20.00,114354
16015.000,16015.000,20.00,114266
16020.000,16020.000,20.00,114432
16025.000,16025.000,20.00,114394
16030.000,16030.000,20.00,114377
16035.000,16035.000,20.00,114361
16040.000,16040.000,20.00,94833
16045.000,16045.000,20.00,108434
16050.000,16050.000,20.00,114430
16055.000,16055.000,20.00,114364
16060.000,16060.000,20.00,114394
16065.000,16065.000,20.00,114364
16070.000,16070.000,20.00,114336
16075.000,16075.000,20.00,114353
16080.000,16080.000,20.00,114411
16085.000,16085.000,20.00,114346
16090.000,16090.000,20.00,114359
16095.000,16095.000,20.00,114358
16100.000,16100.000,20.00,113791
16105.000,16105.000,20.00,114039
16110.000,16110.000,20.00,114423
16115.000,16115.000,20.00,114365
16120.000,16120.000,20.00,114359
16125.000,16125.000,20.00,114350
16130.000,16130.000,20.00,114359
16135.000,16135.000,20.00,114360
16140.000,16140.000,20.00,114443
16145.000,16145.000,20.00,114430
16150.000,16150.000,20.00,114392
16155.000,16155.000,20.00,114334
16160.000,16160.000,20.00,114391
16165.000,16165.000,20.00,114371
16170.000,16170.000,20.00,114414
16175.000,16175.000,20.00,114375
16180.000,16180.000,20.00,114361
16185.000,16185.000,20.00,114357
16190.000,16190.000,20.00,114362
16195.000,16195.000,20.00,114361
16200.000,16200.000,20.00,114431
16205.000,16205.000,20.00,114388
16210.000,16210.000,20.00,114372
16215.000,16215.000,20.00,114335
16220.000,16220.000,20.00,91077
16225.000,16225.000,20.00,114425
16230.000,16230.000,20.00,114446
16235.000,16235.000,20.00,114428
16240.000,16240.000,20.00,114407
16245.000,16245.000,20.00,114378
16250.000,16250.000,20.00,114376
16255.000,16255.000,20.00,114373
16260.000,16260.000,20.00,114417
16265.000,16265.000,20.00,113755
16270.000,16270.000,20.00,114390
16275.000,16275.000,20.00,114349
16280.000,16280.000,20.00,114301
16285.000,16285.000,20.00,114318
16290.000,16290.000,20.00,114258
16295.000,16295.000,20.00,114254
16300.000,16300.000,20.00,111038
16305.000,16305.000,20.00,114220
16310.000,16310.000,20.00,113958
16315.000,16315.000,20.00,113757
16320.000,16320.000,20.00,114437
16325.000,16325.000,20.00,114097
16330.000,16330.000,20.00,113471
16335.000,16335.000,20.00,104171
16340.000,16340.000,20.00,110709
16345.000,16345.000,20.00,114124
16350.000,16350.000,20.00,113931
16355.000,16355.000,20.00,113330
16360.000,16360.000,20.00,114407
16365.000,16365.000,20.00,114367
16370.000,16370.000,20.00,114362
16375.000,16375.000,20.00,114228
16380.000,16380.000,20.00,113542
16385.000,16385.000,20.00,113417
16390.000,16390.000,20.00,113798
16395.000,16395.000,20.00,113668
16400.000,16400.000,20.00,113462
16405.000,16405.000,20.00,113945
16410.000,16410.000,20.00,114141
16415.000,16415.000,20.00,114087
16420.000,16420.000,20.00,114032
16425.000,16425.000,20.00,114236
16430.000,16430.000,20.00,113183
16435.000,16435.000,20.00,113308
16440.000,16440.000,20.00,112616
16445.000,16445.000,20.00,114150
16450.000,16450.000,20.00,113967
16455.000,16455.000,20.00,113790
16460.000,16460.000,20.00,112617
16465.000,16465.000,20.00,111258
16470.000,16470.000,20.00,114215
16475.000,16475.000,20.00,109438
16480.000,16480.000,20.00,110463
16485.000,16485.000,20.00,113259
16490.000,16490.000,20.00,107971
16495.000,16495.000,20.00,114367
16500.000,16500.000,20.00,113312
16505.000,16505.000,20.00,111185
16510.000,16510.000,20.00,108285
16515.000,16515.000,20.00,96389
16520.000,16520.000,20.00,106477
16525.000,16525.000,20.00,92015
16530.000,16530.000,20.00,114359
16535.000,16535.000,20.00,114212
16540.000,16540.000,20.00,112144
16545.000,16545.000,20.00,113711
16550.000,16550.000,20.00,114181
16555.000,16555.000,20.00,111890
16560.000,16560.000,20.00,114147
16565.000,16565.000,20.00,114129
16570.000,16570.000,20.00,114295
16575.000,16575.000,20.00,114360
16580.000,16580.000,20.00,114126
16585.000,16585.000,20.00,113981
16590.000,16590.000,20.00,114435
16595.000,16595.000,20.00,114347
16600.000,16600.000,20.00,114417
16605.000,16605.000,20.00,114138
16610.000,16610.000,20.00,114342
16615.000,16615.000,20.00,114321
16620.000,16620.000,20.00,114453
16625.000,16625.000,20.00,114427
16630.000,16630.000,20.00,114409
16635.000,16635.000,20.00,114379
16640.000,16640.000,20.00,114378
16645.000,16645.000,20.00,114363
16650.000,16650.000,20.00,114435
16655.000,16655.000,20.00,114422
16660.000,16660.000,20.00,114401
16665.000,16665.000,20.00,114385
16670.000,16670.000,20.00,114368
16675.000,16675.000,20.00,114358
16680.000,16680.000,20.00,114413
16685.000,16685.000,20.00,114339
16690.000,16690.000,20.00,114346
16695.000,16695.000,20.00,114365
16700.000,16700.000,20.00,114354
16705.000,16705.000,20.00,114364
16710.000,16710.000,20.00,114390
16715.000,16715.000,20.00,114399
16720.000,16720.000,20.00,114381
16725.000,16725.000,20.00,114359
16730.000,16730.000,20.00,114368
16735.000,16735.000,20.00,114389
16740.000,16740.000,20.00,114436
16745.000,16745.000,20.00,114369
16750.000,16750.000,20.00,114401
16755.000,16755.000,20.00,114396
16760.000,16760.000,20.00,114374
16765.000,16765.000,20.00,114373
16770.000,16770.000,20.00,111911
16775.000,16775.000,20.00,113302
16780.000,16780.000,20.00,114335
16785.000,16785.000,20.00,112863
16790.000,16790.000,20.00,113109
16795.000,16795.000,20.00,114178
16800.000,16800.000,20.00,114461
16805.000,16805.000,20.00,110788
16810.000,16810.000,20.00,114391
16815.000,16815.000,20.00,114360
16820.000,16820.000,20.00,114359
16825.000,16825.000,20.00,114135
16830.000,16830.000,20.00,114324
16835.000,16835.000,20.00,112204
16840.000,16840.000,20.00,113584
16845.000,16845.000,20.00,114427
16850.000,16850.000,20.00,114355
16855.000,16855.000,20.00,113376
16860.000,16860.000,20.00,111844
16865.000,16865.000,20.00,114386
16870.000,16870.000,20.00,114245
16875.000,16875.000,20.00,114188
16880.000,16880.000,20.00,113666
16885.000,16885.000,20.00,114040
16890.000,16890.000,20.00,113332
16895.000,16895.000,20.00,114326
16900.000,16900.000,20.00,113585
16905.000,16905.000,20.00,113808
16910.000,16910.000,20.00,112233
16915.000,16915.000,20.00,113303
16920.000,16920.000,20.00,113570
16925.000,16925.000,20.00,113543
16930.000,16930.000,20.00,113917
16935.000,16935.000,20.00,112139
16940.000,16940.000,20.00,113805
16945.000,16945.000,20.00,113184
