since,relative_seconds,rtt,bandwidth_kbps
0.000,0.000,20.00,10027
5.000,5.000,20.00,9705
10.000,10.000,20.00,10022
15.000,15.000,20.00,9693
20.000,20.000,20.00,10020
25.000,25.000,20.00,10032
30.000,30.000,20.00,10011
35.000,35.000,20.00,10011
40.000,40.000,20.00,10018
45.000,45.000,20.00,10022
50.000,50.000,20.00,9999
55.000,55.000,20.00,10018
60.000,60.000,20.00,10131
65.000,65.000,20.00,10018
70.000,70.000,20.00,10011
75.000,75.000,20.00,10002
80.000,80.000,20.00,10011
85.000,85.000,20.00,9997
90.000,90.000,20.00,10034
95.000,95.000,20.00,10029
100.000,100.000,20.00,10032
105.000,105.000,20.00,10032
110.000,110.000,20.00,10032
115.000,115.000,20.00,10032
120.000,120.000,20.00,10029
125.000,125.000,20.00,10032
130.000,130.000,20.00,10032
135.000,135.000,20.00,10032
140.000,140.000,20.00,10030
145.000,145.000,20.00,10029
150.000,150.000,20.00,10034
155.000,155.000,20.00,10029
160.000,160.000,20.00,10032
165.000,165.000,20.00,10029
170.000,170.000,20.00,10032
175.000,175.000,20.00,10032
180.000,180.000,20.00,10034
185.000,185.000,20.00,10032
190.000,190.000,20.00,10032
195.000,195.000,20.00,10030
200.000,200.000,20.00,10032
205.000,205.000,20.00,10032
210.000,210.000,20.00,10032
215.000,215.000,20.00,10032
220.000,220.000,20.00,10029
225.000,225.000,20.00,10034
230.000,230.000,20.00,10030
235.000,235.000,20.00,10032
240.000,240.000,20.00,10034
245.000,245.000,20.00,10029
250.000,250.000,20.00,10032
255.000,255.000,20.00,10029
260.000,260.000,20.00,10032
265.000,265.000,20.00,10032
270.000,270.000,20.00,10036
275.000,275.000,20.00,10032
280.000,280.000,20.00,10032
285.000,285.000,20.00,10032
290.000,290.000,20.00,10032
295.000,295.000,20.00,10032
300.000,300.000,20.00,10032
305.000,305.000,20.00,10032
310.000,310.000,20.00,10032
315.000,315.000,20.00,10032
320.000,320.000,20.00,10029
325.000,325.000,20.00,10032
330.000,330.000,20.00,10034
335.000,335.000,20.00,10032
340.000,340.000,20.00,10032
345.000,345.000,20.00,10029
350.000,350.000,20.00,10034
355.000,355.000,20.00,10029
360.000,360.000,20.00,10031
365.000,365.000,20.00,10022
370.000,370.000,20.00,10027
375.000,375.000,20.00,10027
380.000,380.000,20.00,10020
385.000,385.000,20.00,10029
390.000,390.000,20.00,10032
395.000,395.000,20.00,10032
400.000,400.000,20.00,10029
405.000,405.000,20.00,10032
410.000,410.000,20.00,10029
415.000,415.000,20.00,10032
420.000,420.000,20.00,9997
425.000,425.000,20.00,10016
430.000,430.000,20.00,9999
435.000,435.000,20.00,9957
440.000,440.000,20.00,9969
445.000,445.000,20.00,9976
450.000,450.000,20.00,10031
455.000,455.000,20.00,10032
460.000,460.000,20.00,10029
465.000,465.000,20.00,10032
470.000,470.000,20.00,10029
475.000,475.000,20.00,10032
480.000,480.000,20.00,10032
485.000,485.000,20.00,10029
490.000,490.000,20.00,10032
495.000,495.000,20.00,10029
500.000,500.000,20.00,10032
505.000,505.000,20.00,10032
510.000,510.000,20.00,10034
515.000,515.000,20.00,10029
520.000,520.000,20.00,10032
525.000,525.000,20.00,10027
530.000,530.000,20.00,10030
535.000,535.000,20.00,10029
540.000,540.000,20.00,10031
545.000,545.000,20.00,10032
550.000,550.000,20.00,10030
555.000,555.000,20.00,10029
560.000,560.000,20.00,10032
565.000,565.000,20.00,10032
570.000,570.000,20.00,10032
575.000,575.000,20.00,10034
580.000,580.000,20.00,10029
585.000,585.000,20.00,10034
590.000,590.000,20.00,10032
595.000,595.000,20.00,10030
600.000,600.000,20.00,10029
605.000,605.000,20.00,10013
610.000,610.000,20.00,10020
615.000,615.000,20.00,9997
620.000,620.000,20.00,10073
625.000,625.000,20.00,10036
630.000,630.000,20.00,10022
635.000,635.000,20.00,10013
640.000,640.000,20.00,10006
645.000,645.000,20.00,10020
650.000,650.000,20.00,10022
655.000,655.000,20.00,10011
660.000,660.000,20.00,10008
665.000,665.000,20.00,10025
670.000,670.000,20.00,10013
675.000,675.000,20.00,10018
680.000,680.000,20.00,10022
685.000,685.000,20.00,10020
690.000,690.000,20.00,10020
695.000,695.000,20.00,10009
700.000,700.000,20.00,10011
705.000,705.000,20.00,10018
710.000,710.000,20.00,10022
715.000,715.000,20.00,10011
720.000,720.000,20.00,10034
725.000,725.000,20.00,10020
730.000,730.000,20.00,10032
735.000,735.000,20.00,10029
740.000,740.000,20.00,10032
745.000,745.000,20.00,10032
750.000,750.000,20.00,10029
755.000,755.000,20.00,10032
760.000,760.000,20.00,10029
765.000,765.000,20.00,10018
770.000,770.000,20.00,10029
775.000,775.000,20.00,10032
780.000,780.000,20.00,10031
785.000,785.000,20.00,10029
790.000,790.000,20.00,10029
795.000,795.000,20.00,10029
800.000,800.000,20.00,10018
805.000,805.000,20.00,10027
810.000,810.000,20.00,10034
815.000,815.000,20.00,10032
820.000,820.000,20.00,10027
825.000,825.000,20.00,10029
830.000,830.000,20.00,10029
835.000,835.000,20.00,10029
840.000,840.000,20.00,10032
845.000,845.000,20.00,10032
850.000,850.000,20.00,10032
855.000,855.000,20.00,10029
860.000,860.000,20.00,9988
865.000,865.000,20.00,10013
870.000,870.000,20.00,10034
875.000,875.000,20.00,10031
880.000,880.000,20.00,10030
885.000,885.000,20.00,10032
890.000,890.000,20.00,10032
895.000,895.000,20.00,10029
900.000,900.000,20.00,10031
905.000,905.000,20.00,10032
910.000,910.000,20.00,10029
915.000,915.000,20.00,10032
920.000,920.000,20.00,10029
925.000,925.000,20.00,10032
930.000,930.000,20.00,7460
935.000,935.000,20.00,7458
940.000,940.000,20.00,7458
945.000,945.000,20.00,7446
950.000,950.000,20.00,7458
955.000,955.000,20.00,7460
960.000,960.000,20.00,7462
965.000,965.000,20.00,7458
970.000,970.000,20.00,7458
975.000,975.000,20.00,7458
980.000,980.000,20.00,7455
985.000,985.000,20.00,7455
990.000,990.000,20.00,7462
995.000,995.000,20.00,7458
1000.000,1000.000,20.00,7458
1005.000,1005.000,20.00,7458
1010.000,1010.000,20.00,7458
1015.000,1015.000,20.00,7460
1020.000,1020.000,20.00,7460
1025.000,1025.000,20.00,7460
1030.000,1030.000,20.00,7455
1035.000,1035.000,20.00,7458
1040.000,1040.000,20.00,7456
1045.000,1045.000,20.00,7455
1050.000,1050.000,20.00,7462
1055.000,1055.000,20.00,7458
1060.000,1060.000,20.00,7458
1065.000,1065.000,20.00,7458
1070.000,1070.000,20.00,7455
1075.000,1075.000,20.00,7458
1080.000,1080.000,20.00,7460
1085.000,1085.000,20.00,7460
1090.000,1090.000,20.00,7458
1095.000,1095.000,20.00,7458
1100.000,1100.000,20.00,7458
1105.000,1105.000,20.00,7460
1110.000,1110.000,20.00,7462
1115.000,1115.000,20.00,7458
1120.000,1120.000,20.00,7455
1125.000,1125.000,20.00,7460
1130.000,1130.000,20.00,7459
1135.000,1135.000,20.00,7457
1140.000,1140.000,20.00,7444
1145.000,1145.000,20.00,7446
1150.000,1150.000,20.00,7449
1155.000,1155.000,20.00,7425
1160.000,1160.000,20.00,7455
1165.000,1165.000,20.00,7435
1170.000,1170.000,20.00,7446
1175.000,1175.000,20.00,7444
1180.000,1180.000,20.00,7442
1185.000,1185.000,20.00,7446
1190.000,1190.000,20.00,7435
1195.000,1195.000,20.00,7446
1200.000,1200.000,20.00,7448
1205.000,1205.000,20.00,7449
1210.000,1210.000,20.00,7439
1215.000,1215.000,20.00,7451
1220.000,1220.000,20.00,7437
1225.000,1225.000,20.00,7446
1230.000,1230.000,20.00,7437
1235.000,1235.000,20.00,7446
1240.000,1240.000,20.00,7449
1245.000,1245.000,20.00,7446
1250.000,1250.000,20.00,7437
1255.000,1255.000,20.00,7449
1260.000,1260.000,20.00,7444
1265.000,1265.000,20.00,7446
1270.000,1270.000,20.00,7439
1275.000,1275.000,20.00,7444
1280.000,1280.000,20.00,7432
1285.000,1285.000,20.00,7444
1290.000,1290.000,20.00,7462
1295.000,1295.000,20.00,7449
1300.000,1300.000,20.00,7455
1305.000,1305.000,20.00,7453
1310.000,1310.000,20.00,7458
1315.000,1315.000,20.00,7458
1320.000,1320.000,20.00,7444
1325.000,1325.000,20.00,7460
1330.000,1330.000,20.00,7455
1335.000,1335.000,20.00,7458
1340.000,1340.000,20.00,7453
1345.000,1345.000,20.00,7449
1350.000,1350.000,20.00,7441
1355.000,1355.000,20.00,7449
1360.000,1360.000,20.00,7458
1365.000,1365.000,20.00,7446
1370.000,1370.000,20.00,7455
1375.000,1375.000,20.00,7458
1380.000,1380.000,20.00,7462
1385.000,1385.000,20.00,7458
1390.000,1390.000,20.00,7460
1395.000,1395.000,20.00,7458
1400.000,1400.000,20.00,7458
1405.000,1405.000,20.00,7460
1410.000,1410.000,20.00,7462
1415.000,1415.000,20.00,7458
1420.000,1420.000,20.00,7458
1425.000,1425.000,20.00,7455
1430.000,1430.000,20.00,7458
1435.000,1435.000,20.00,7458
1440.000,1440.000,20.00,7460
1445.000,1445.000,20.00,7458
1450.000,1450.000,20.00,7458
1455.000,1455.000,20.00,7458
1460.000,1460.000,20.00,7458
1465.000,1465.000,20.00,7458
1470.000,1470.000,20.00,7464
1475.000,1475.000,20.00,7458
1480.000,1480.000,20.00,7460
1485.000,1485.000,20.00,7458
1490.000,1490.000,20.00,7455
1495.000,1495.000,20.00,7455
1500.000,1500.000,20.00,7411
1505.000,1505.000,20.00,7421
1510.000,1510.000,20.00,7423
1515.000,1515.000,20.00,6927
1520.000,1520.000,20.00,6672
1525.000,1525.000,20.00,7458
1530.000,1530.000,20.00,7460
1535.000,1535.000,20.00,7455
1540.000,1540.000,20.00,7451
1545.000,1545.000,20.00,7455
1550.000,1550.000,20.00,7458
1555.000,1555.000,20.00,7458
1560.000,1560.000,20.00,7460
1565.000,1565.000,20.00,7446
1570.000,1570.000,20.00,7444
1575.000,1575.000,20.00,7384
1580.000,1580.000,20.00,7386
1585.000,1585.000,20.00,7425
1590.000,1590.000,20.00,7460
1595.000,1595.000,20.00,7458
1600.000,1600.000,20.00,7458
1605.000,1605.000,20.00,7458
1610.000,1610.000,20.00,7460
1615.000,1615.000,20.00,7458
1620.000,1620.000,20.00,7462
1625.000,1625.000,20.00,7458
1630.000,1630.000,20.00,7460
1635.000,1635.000,20.00,7462
1640.000,1640.000,20.00,7462
1645.000,1645.000,20.00,7462
1650.000,1650.000,20.00,7460
1655.000,1655.000,20.00,7460
1660.000,1660.000,20.00,7458
1665.000,1665.000,20.00,7458
1670.000,1670.000,20.00,7458
1675.000,1675.000,20.00,7458
1680.000,1680.000,20.00,7458
1685.000,1685.000,20.00,7455
1690.000,1690.000,20.00,7458
1695.000,1695.000,20.00,7458
1700.000,1700.000,20.00,7458
1705.000,1705.000,20.00,7458
1710.000,1710.000,20.00,7460
1715.000,1715.000,20.00,7458
1720.000,1720.000,20.00,7448
1725.000,1725.000,20.00,7455
1730.000,1730.000,20.00,7458
1735.000,1735.000,20.00,7460
1740.000,1740.000,20.00,7462
1745.000,1745.000,20.00,7458
1750.000,1750.000,20.00,7460
1755.000,1755.000,20.00,7458
1760.000,1760.000,20.00,7460
1765.000,1765.000,20.00,7458
1770.000,1770.000,20.00,7460
1775.000,1775.000,20.00,7458
1780.000,1780.000,20.00,7458
1785.000,1785.000,20.00,7458
1790.000,1790.000,20.00,7458
1795.000,1795.000,20.00,7460
1800.000,1800.000,20.00,7462
1805.000,1805.000,20.00,7458
1810.000,1810.000,20.00,7458
1815.000,1815.000,20.00,7455
1820.000,1820.000,20.00,7451
1825.000,1825.000,20.00,7455
1830.000,1830.000,20.00,7462
1835.000,1835.000,20.00,7460
1840.000,1840.000,20.00,7458
1845.000,1845.000,20.00,7460
1850.000,1850.000,20.00,7460
1855.000,1855.000,20.00,7460
1860.000,1860.000,20.00,7462
1865.000,1865.000,20.00,7460
1870.000,1870.000,20.00,7458
1875.000,1875.000,20.00,7460
1880.000,1880.000,20.00,7458
1885.000,1885.000,20.00,7458
1890.000,1890.000,20.00,7460
1895.000,1895.000,20.00,7458
1900.000,1900.000,20.00,7455
1905.000,1905.000,20.00,7455
1910.000,1910.000,20.00,7458
1915.000,1915.000,20.00,7453
1920.000,1920.000,20.00,7462
1925.000,1925.000,20.00,7460
1930.000,1930.000,20.00,7460
1935.000,1935.000,20.00,7458
1940.000,1940.000,20.00,7460
1945.000,1945.000,20.00,7460
1950.000,1950.000,20.00,7458
1955.000,1955.000,20.00,7321
1960.000,1960.000,20.00,7289
1965.000,1965.000,20.00,7245
1970.000,1970.000,20.00,7247
1975.000,1975.000,20.00,7272
1980.000,1980.000,20.00,7286
1985.000,1985.000,20.00,7215
1990.000,1990.000,20.00,7282
1995.000,1995.000,20.00,7291
2000.000,2000.000,20.00,7277
2005.000,2005.000,20.00,7314
2010.000,2010.000,20.00,10034
2015.000,2015.000,20.00,10032
2020.000,2020.000,20.00,10032
2025.000,2025.000,20.00,10029
2030.000,2030.000,20.00,10032
2035.000,2035.000,20.00,10032
2040.000,2040.000,20.00,10032
2045.000,2045.000,20.00,10029
2050.000,2050.000,20.00,10032
2055.000,2055.000,20.00,10029
2060.000,2060.000,20.00,10032
2065.000,2065.000,20.00,10032
2070.000,2070.000,20.00,10029
2075.000,2075.000,20.00,10027
2080.000,2080.000,20.00,10027
2085.000,2085.000,20.00,10027
2090.000,2090.000,20.00,10027
2095.000,2095.000,20.00,10029
2100.000,2100.000,20.00,10022
2105.000,2105.000,20.00,9784
2110.000,2110.000,20.00,9536
2115.000,2115.000,20.00,9865
2120.000,2120.000,20.00,9946
2125.000,2125.000,20.00,10011
2130.000,2130.000,20.00,10032
2135.000,2135.000,20.00,10029
2140.000,2140.000,20.00,10032
2145.000,2145.000,20.00,10032
2150.000,2150.000,20.00,10032
2155.000,2155.000,20.00,10032
2160.000,2160.000,20.00,10031
2165.000,2165.000,20.00,10029
2170.000,2170.000,20.00,10029
2175.000,2175.000,20.00,10029
2180.000,2180.000,20.00,10029
2185.000,2185.000,20.00,10030
2190.000,2190.000,20.00,9869
2195.000,2195.000,20.00,9719
2200.000,2200.000,20.00,9316
2205.000,2205.000,20.00,9219
2210.000,2210.000,20.00,9223
2215.000,2215.000,20.00,9376
2220.000,2220.000,20.00,10025
2225.000,2225.000,20.00,9958
2230.000,2230.000,20.00,9865
2235.000,2235.000,20.00,9821
2240.000,2240.000,20.00,10025
2245.000,2245.000,20.00,10034
2250.000,2250.000,20.00,10031
2255.000,2255.000,20.00,10011
2260.000,2260.000,20.00,10029
2265.000,2265.000,20.00,9988
2270.000,2270.000,20.00,10011
2275.000,2275.000,20.00,10029
2280.000,2280.000,20.00,10034
2285.000,2285.000,20.00,10032
2290.000,2290.000,20.00,10032
2295.000,2295.000,20.00,10032
2300.000,2300.000,20.00,10029
2305.000,2305.000,20.00,10032
2310.000,2310.000,20.00,10034
2315.000,2315.000,20.00,10032
2320.000,2320.000,20.00,10029
2325.000,2325.000,20.00,10029
2330.000,2330.000,20.00,10032
2335.000,2335.000,20.00,10029
2340.000,2340.000,20.00,10034
2345.000,2345.000,20.00,10029
2350.000,2350.000,20.00,10029
2355.000,2355.000,20.00,10029
2360.000,2360.000,20.00,10029
2365.000,2365.000,20.00,10029
2370.000,2370.000,20.00,10034
2375.000,2375.000,20.00,10032
2380.000,2380.000,20.00,10029
2385.000,2385.000,20.00,10032
2390.000,2390.000,20.00,10032
2395.000,2395.000,20.00,10029
2400.000,2400.000,20.00,10032
2405.000,2405.000,20.00,10032
2410.000,2410.000,20.00,10032
2415.000,2415.000,20.00,10032
2420.000,2420.000,20.00,10032
2425.000,2425.000,20.00,10027
2430.000,2430.000,20.00,10031
2435.000,2435.000,20.00,10032
2440.000,2440.000,20.00,10029
2445.000,2445.000,20.00,10032
2450.000,2450.000,20.00,10029
2455.000,2455.000,20.00,10032
2460.000,2460.000,20.00,6983
2465.000,2465.000,20.00,6978
2470.000,2470.000,20.00,6978
2475.000,2475.000,20.00,6976
2480.000,2480.000,20.00,6976
2485.000,2485.000,20.00,6976
2490.000,2490.000,20.00,6983
2495.000,2495.000,20.00,6978
2500.000,2500.000,20.00,6978
2505.000,2505.000,20.00,6978
2510.000,2510.000,20.00,6974
2515.000,2515.000,20.00,6948
2520.000,2520.000,20.00,6983
2525.000,2525.000,20.00,6967
2530.000,2530.000,20.00,6909
2535.000,2535.000,20.00,6974
2540.000,2540.000,20.00,6920
2545.000,2545.000,20.00,6962
2550.000,2550.000,20.00,6983
2555.000,2555.000,20.00,6976
2560.000,2560.000,20.00,6978
2565.000,2565.000,20.00,6976
2570.000,2570.000,20.00,6974
2575.000,2575.000,20.00,6978
2580.000,2580.000,20.00,6983
2585.000,2585.000,20.00,6981
2590.000,2590.000,20.00,6978
2595.000,2595.000,20.00,6978
2600.000,2600.000,20.00,6980
2605.000,2605.000,20.00,6978
2610.000,2610.000,20.00,6983
2615.000,2615.000,20.00,6978
2620.000,2620.000,20.00,6978
2625.000,2625.000,20.00,6981
2630.000,2630.000,20.00,6978
2635.000,2635.000,20.00,6978
2640.000,2640.000,20.00,6985
2645.000,2645.000,20.00,6981
2650.000,2650.000,20.00,6981
2655.000,2655.000,20.00,6978
2660.000,2660.000,20.00,6981
2665.000,2665.000,20.00,6978
2670.000,2670.000,20.00,6980
2675.000,2675.000,20.00,6978
2680.000,2680.000,20.00,6981
2685.000,2685.000,20.00,6981
2690.000,2690.000,20.00,6978
2695.000,2695.000,20.00,6978
2700.000,2700.000,20.00,6978
2705.000,2705.000,20.00,6976
2710.000,2710.000,20.00,6978
2715.000,2715.000,20.00,6978
2720.000,2720.000,20.00,6981
2725.000,2725.000,20.00,6978
2730.000,2730.000,20.00,6818
2735.000,2735.000,20.00,6760
2740.000,2740.000,20.00,6807
2745.000,2745.000,20.00,6712
2750.000,2750.000,20.00,6802
2755.000,2755.000,20.00,6747
2760.000,2760.000,20.00,6980
2765.000,2765.000,20.00,6978
2770.000,2770.000,20.00,6971
2775.000,2775.000,20.00,6976
2780.000,2780.000,20.00,6978
2785.000,2785.000,20.00,6976
2790.000,2790.000,20.00,6985
2795.000,2795.000,20.00,6978
2800.000,2800.000,20.00,6978
2805.000,2805.000,20.00,6978
2810.000,2810.000,20.00,6978
2815.000,2815.000,20.00,6978
2820.000,2820.000,20.00,6976
2825.000,2825.000,20.00,6980
2830.000,2830.000,20.00,6976
2835.000,2835.000,20.00,6978
2840.000,2840.000,20.00,6976
2845.000,2845.000,20.00,6964
2850.000,2850.000,20.00,6983
2855.000,2855.000,20.00,6978
2860.000,2860.000,20.00,6978
2865.000,2865.000,20.00,6978
2870.000,2870.000,20.00,6981
2875.000,2875.000,20.00,6971
2880.000,2880.000,20.00,6978
2885.000,2885.000,20.00,6976
2890.000,2890.000,20.00,6974
2895.000,2895.000,20.00,6974
2900.000,2900.000,20.00,6976
2905.000,2905.000,20.00,6974
2910.000,2910.000,20.00,6983
2915.000,2915.000,20.00,6978
2920.000,2920.000,20.00,6981
2925.000,2925.000,20.00,6978
2930.000,2930.000,20.00,6978
2935.000,2935.000,20.00,6976
2940.000,2940.000,20.00,6983
2945.000,2945.000,20.00,6978
2950.000,2950.000,20.00,6981
2955.000,2955.000,20.00,6978
2960.000,2960.000,20.00,6978
2965.000,2965.000,20.00,6978
2970.000,2970.000,20.00,6980
2975.000,2975.000,20.00,6978
2980.000,2980.000,20.00,6978
2985.000,2985.000,20.00,6978
2990.000,2990.000,20.00,6978
2995.000,2995.000,20.00,6978
3000.000,3000.000,20.00,6976
3005.000,3005.000,20.00,6969
3010.000,3010.000,20.00,6974
3015.000,3015.000,20.00,6955
3020.000,3020.000,20.00,6973
3025.000,3025.000,20.00,6978
3030.000,3030.000,20.00,6983
3035.000,3035.000,20.00,6978
3040.000,3040.000,20.00,6978
3045.000,3045.000,20.00,6978
3050.000,3050.000,20.00,6978
3055.000,3055.000,20.00,6978
3060.000,3060.000,20.00,6980
3065.000,3065.000,20.00,6978
3070.000,3070.000,20.00,6978
3075.000,3075.000,20.00,6978
3080.000,3080.000,20.00,6978
3085.000,3085.000,20.00,6981
3090.000,3090.000,20.00,6983
3095.000,3095.000,20.00,6978
3100.000,3100.000,20.00,6957
3105.000,3105.000,20.00,6971
3110.000,3110.000,20.00,6978
3115.000,3115.000,20.00,6978
3120.000,3120.000,20.00,6978
3125.000,3125.000,20.00,6976
3130.000,3130.000,20.00,6981
3135.000,3135.000,20.00,6978
3140.000,3140.000,20.00,6978
3145.000,3145.000,20.00,6974
3150.000,3150.000,20.00,6983
3155.000,3155.000,20.00,6978
3160.000,3160.000,20.00,6978
3165.000,3165.000,20.00,6971
3170.000,3170.000,20.00,6978
3175.000,3175.000,20.00,6978
3180.000,3180.000,20.00,6983
3185.000,3185.000,20.00,6981
3190.000,3190.000,20.00,6976
3195.000,3195.000,20.00,6978
3200.000,3200.000,20.00,6978
3205.000,3205.000,20.00,6978
3210.000,3210.000,20.00,6976
3215.000,3215.000,20.00,6976
3220.000,3220.000,20.00,6978
3225.000,3225.000,20.00,6978
3230.000,3230.000,20.00,6974
3235.000,3235.000,20.00,6976
3240.000,3240.000,20.00,6980
3245.000,3245.000,20.00,6976
3250.000,3250.000,20.00,6976
3255.000,3255.000,20.00,6976
3260.000,3260.000,20.00,6978
3265.000,3265.000,20.00,6978
3270.000,3270.000,20.00,6985
3275.000,3275.000,20.00,6976
3280.000,3280.000,20.00,6981
3285.000,3285.000,20.00,6978
3290.000,3290.000,20.00,6978
3295.000,3295.000,20.00,6981
3300.000,3300.000,20.00,6980
3305.000,3305.000,20.00,6978
3310.000,3310.000,20.00,6976
3315.000,3315.000,20.00,6978
3320.000,3320.000,20.00,6978
3325.000,3325.000,20.00,6978
3330.000,3330.000,20.00,6983
3335.000,3335.000,20.00,6976
3340.000,3340.000,20.00,6976
3345.000,3345.000,20.00,6978
3350.000,3350.000,20.00,6967
3355.000,3355.000,20.00,6946
3360.000,3360.000,20.00,10034
3365.000,3365.000,20.00,9552
3370.000,3370.000,20.00,10504
3375.000,3375.000,20.00,10032
3380.000,3380.000,20.00,10032
3385.000,3385.000,20.00,10032
3390.000,3390.000,20.00,10029
3395.000,3395.000,20.00,10029
3400.000,3400.000,20.00,10032
3405.000,3405.000,20.00,10031
3410.000,3410.000,20.00,10030
3415.000,3415.000,20.00,10032
3420.000,3420.000,20.00,9809
3425.000,3425.000,20.00,9816
3430.000,3430.000,20.00,9768
3435.000,3435.000,20.00,9802
3440.000,3440.000,20.00,9786
3445.000,3445.000,20.00,9809
3450.000,3450.000,20.00,10034
3455.000,3455.000,20.00,10029
3460.000,3460.000,20.00,10032
3465.000,3465.000,20.00,10032
3470.000,3470.000,20.00,10032
3475.000,3475.000,20.00,10032
3480.000,3480.000,20.00,10032
3485.000,3485.000,20.00,10032
3490.000,3490.000,20.00,10034
3495.000,3495.000,20.00,10032
3500.000,3500.000,20.00,10029
3505.000,3505.000,20.00,10032
3510.000,3510.000,20.00,10034
3515.000,3515.000,20.00,10032
3520.000,3520.000,20.00,10032
3525.000,3525.000,20.00,10032
3530.000,3530.000,20.00,10032
3535.000,3535.000,20.00,10032
3540.000,3540.000,20.00,10034
3545.000,3545.000,20.00,10030
3550.000,3550.000,20.00,10032
3555.000,3555.000,20.00,10031
3560.000,3560.000,20.00,10032
3565.000,3565.000,20.00,10032
3570.000,3570.000,20.00,10032
3575.000,3575.000,20.00,10032
3580.000,3580.000,20.00,10032
3585.000,3585.000,20.00,10032
3590.000,3590.000,20.00,10030
3595.000,3595.000,20.00,10032
3600.000,3600.000,20.00,10031
3605.000,3605.000,20.00,10032
3610.000,3610.000,20.00,10029
3615.000,3615.000,20.00,10029
3620.000,3620.000,20.00,10029
3625.000,3625.000,20.00,10027
3630.000,3630.000,20.00,10031
3635.000,3635.000,20.00,10032
3640.000,3640.000,20.00,10032
3645.000,3645.000,20.00,10029
3650.000,3650.000,20.00,10029
3655.000,3655.000,20.00,10032
3660.000,3660.000,20.00,10025
3665.000,3665.000,20.00,10029
3670.000,3670.000,20.00,10027
3675.000,3675.000,20.00,10032
3680.000,3680.000,20.00,10032
3685.000,3685.000,20.00,10029
3690.000,3690.000,20.00,10034
3695.000,3695.000,20.00,10029
3700.000,3700.000,20.00,10032
3705.000,3705.000,20.00,10029
3710.000,3710.000,20.00,10029
3715.000,3715.000,20.00,10032
3720.000,3720.000,20.00,10034
3725.000,3725.000,20.00,10002
3730.000,3730.000,20.00,10020
3735.000,3735.000,20.00,10029
3740.000,3740.000,20.00,10032
3745.000,3745.000,20.00,10025
3750.000,3750.000,20.00,10032
3755.000,3755.000,20.00,10029
3760.000,3760.000,20.00,10032
3765.000,3765.000,20.00,10032
3770.000,3770.000,20.00,10029
3775.000,3775.000,20.00,10032
3780.000,3780.000,20.00,10034
3785.000,3785.000,20.00,10029
3790.000,3790.000,20.00,10032
3795.000,3795.000,20.00,10029
3800.000,3800.000,20.00,10032
3805.000,3805.000,20.00,10032
3810.000,3810.000,20.00,10034
3815.000,3815.000,20.00,10029
3820.000,3820.000,20.00,10022
3825.000,3825.000,20.00,10011
3830.000,3830.000,20.00,10020
3835.000,3835.000,20.00,10029
3840.000,3840.000,20.00,10032
3845.000,3845.000,20.00,10025
3850.000,3850.000,20.00,10025
3855.000,3855.000,20.00,10029
3860.000,3860.000,20.00,10032
3865.000,3865.000,20.00,10032
3870.000,3870.000,20.00,9830
3875.000,3875.000,20.00,9721
3880.000,3880.000,20.00,9756
3885.000,3885.000,20.00,9738
3890.000,3890.000,20.00,9749
3895.000,3895.000,20.00,9698
3900.000,3900.000,20.00,10034
3905.000,3905.000,20.00,10034
3910.000,3910.000,20.00,10032
3915.000,3915.000,20.00,10032
3920.000,3920.000,20.00,10029
3925.000,3925.000,20.00,10032
3930.000,3930.000,20.00,10032
3935.000,3935.000,20.00,10029
3940.000,3940.000,20.00,10032
3945.000,3945.000,20.00,10032
3950.000,3950.000,20.00,10030
3955.000,3955.000,20.00,10029
3960.000,3960.000,20.00,10034
3965.000,3965.000,20.00,10032
3970.000,3970.000,20.00,10032
3975.000,3975.000,20.00,10030
3980.000,3980.000,20.00,10032
3985.000,3985.000,20.00,10032
3990.000,3990.000,20.00,10031
3995.000,3995.000,20.00,10032
4000.000,4000.000,20.00,10027
4005.000,4005.000,20.00,10032
4010.000,4010.000,20.00,10027
4015.000,4015.000,20.00,10025
4020.000,4020.000,20.00,9983
4025.000,4025.000,20.00,10029
4030.000,4030.000,20.00,10032
4035.000,4035.000,20.00,10032
4040.000,4040.000,20.00,10032
4045.000,4045.000,20.00,10029
4050.000,4050.000,20.00,10031
4055.000,4055.000,20.00,10032
4060.000,4060.000,20.00,10025
4065.000,4065.000,20.00,10029
4070.000,4070.000,20.00,10032
4075.000,4075.000,20.00,10027
4080.000,4080.000,20.00,10034
4085.000,4085.000,20.00,10020
4090.000,4090.000,20.00,10020
4095.000,4095.000,20.00,10030
4100.000,4100.000,20.00,10029
4105.000,4105.000,20.00,10032
4110.000,4110.000,20.00,10032
4115.000,4115.000,20.00,10029
4120.000,4120.000,20.00,10032
4125.000,4125.000,20.00,10032
4130.000,4130.000,20.00,10029
4135.000,4135.000,20.00,10032
4140.000,4140.000,20.00,10031
4145.000,4145.000,20.00,10032
4150.000,4150.000,20.00,10032
4155.000,4155.000,20.00,10032
4160.000,4160.000,20.00,10029
4165.000,4165.000,20.00,10032
4170.000,4170.000,20.00,10031
4175.000,4175.000,20.00,10029
4180.000,4180.000,20.00,10032
4185.000,4185.000,20.00,10006
4190.000,4190.000,20.00,10011
4195.000,4195.000,20.00,10027
4200.000,4200.000,20.00,9992
4205.000,4205.000,20.00,9772
4210.000,4210.000,20.00,7479
4215.000,4215.000,20.00,6290
4220.000,4220.000,20.00,4553
4225.000,4225.000,20.00,5850
4230.000,4230.000,20.00,10029
4235.000,4235.000,20.00,10025
4240.000,4240.000,20.00,10029
4245.000,4245.000,20.00,10029
4250.000,4250.000,20.00,10006
4255.000,4255.000,20.00,10032
4260.000,4260.000,20.00,9881
4265.000,4265.000,20.00,9972
4270.000,4270.000,20.00,9900
4275.000,4275.000,20.00,9819
4280.000,4280.000,20.00,9845
4285.000,4285.000,20.00,9735
4290.000,4290.000,20.00,10031
4295.000,4295.000,20.00,10032
4300.000,4300.000,20.00,10032
4305.000,4305.000,20.00,10013
4310.000,4310.000,20.00,9842
4315.000,4315.000,20.00,9951
4320.000,4320.000,20.00,9925
4325.000,4325.000,20.00,10016
4330.000,4330.000,20.00,10027
4335.000,4335.000,20.00,10018
4340.000,4340.000,20.00,9999
4345.000,4345.000,20.00,10029
4350.000,4350.000,20.00,10029
4355.000,4355.000,20.00,10018
4360.000,4360.000,20.00,9944
4365.000,4365.000,20.00,9819
4370.000,4370.000,20.00,10011
4375.000,4375.000,20.00,10020
4380.000,4380.000,20.00,10027
4385.000,4385.000,20.00,10027
4390.000,4390.000,20.00,10029
4395.000,4395.000,20.00,10032
4400.000,4400.000,20.00,10029
4405.000,4405.000,20.00,10032
4410.000,4410.000,20.00,10029
4415.000,4415.000,20.00,10027
4420.000,4420.000,20.00,10029
4425.000,4425.000,20.00,10032
4430.000,4430.000,20.00,10029
4435.000,4435.000,20.00,10034
4440.000,4440.000,20.00,10031
4445.000,4445.000,20.00,10032
4450.000,4450.000,20.00,10029
4455.000,4455.000,20.00,10029
4460.000,4460.000,20.00,10029
4465.000,4465.000,20.00,10029
4470.000,4470.000,20.00,10032
4475.000,4475.000,20.00,10032
4480.000,4480.000,20.00,10029
4485.000,4485.000,20.00,10032
4490.000,4490.000,20.00,10032
4495.000,4495.000,20.00,10029
4500.000,4500.000,20.00,10031
4505.000,4505.000,20.00,10025
4510.000,4510.000,20.00,10027
4515.000,4515.000,20.00,10029
4520.000,4520.000,20.00,10032
4525.000,4525.000,20.00,10032
4530.000,4530.000,20.00,10034
4535.000,4535.000,20.00,10032
4540.000,4540.000,20.00,10030
4545.000,4545.000,20.00,10032
4550.000,4550.000,20.00,10032
4555.000,4555.000,20.00,10032
4560.000,4560.000,20.00,10032
4565.000,4565.000,20.00,10032
4570.000,4570.000,20.00,10032
4575.000,4575.000,20.00,10032
4580.000,4580.000,20.00,10025
4585.000,4585.000,20.00,10027
4590.000,4590.000,20.00,10034
4595.000,4595.000,20.00,10032
4600.000,4600.000,20.00,10030
4605.000,4605.000,20.00,10032
4610.000,4610.000,20.00,10032
4615.000,4615.000,20.00,10030
4620.000,4620.000,20.00,9841
4625.000,4625.000,20.00,9837
4630.000,4630.000,20.00,9703
4635.000,4635.000,20.00,9747
4640.000,4640.000,20.00,9608
4645.000,4645.000,20.00,9643
4650.000,4650.000,20.00,10032
4655.000,4655.000,20.00,10032
4660.000,4660.000,20.00,10032
4665.000,4665.000,20.00,10032
4670.000,4670.000,20.00,10032
4675.000,4675.000,20.00,10030
4680.000,4680.000,20.00,10031
4685.000,4685.000,20.00,10029
4690.000,4690.000,20.00,10029
4695.000,4695.000,20.00,10029
4700.000,4700.000,20.00,10029
4705.000,4705.000,20.00,10032
4710.000,4710.000,20.00,10034
4715.000,4715.000,20.00,10029
4720.000,4720.000,20.00,10032
4725.000,4725.000,20.00,10030
4730.000,4730.000,20.00,10032
4735.000,4735.000,20.00,10032
4740.000,4740.000,20.00,10032
4745.000,4745.000,20.00,10029
4750.000,4750.000,20.00,10032
4755.000,4755.000,20.00,10029
4760.000,4760.000,20.00,10032
4765.000,4765.000,20.00,10032
4770.000,4770.000,20.00,10031
4775.000,4775.000,20.00,10029
4780.000,4780.000,20.00,10029
4785.000,4785.000,20.00,10032
4790.000,4790.000,20.00,10032
4795.000,4795.000,20.00,10032
4800.000,4800.000,20.00,10034
4805.000,4805.000,20.00,10029
4810.000,4810.000,20.00,10032
4815.000,4815.000,20.00,10032
4820.000,4820.000,20.00,10029
4825.000,4825.000,20.00,10032
4830.000,4830.000,20.00,5794
4835.000,4835.000,20.00,8412
4840.000,4840.000,20.00,6707
4845.000,4845.000,20.00,7499
4850.000,4850.000,20.00,9976
4855.000,4855.000,20.00,9346
4860.000,4860.000,20.00,9612
4865.000,4865.000,20.00,8971
4870.000,4870.000,20.00,9009
4875.000,4875.000,20.00,9011
4880.000,4880.000,20.00,9290
4885.000,4885.000,20.00,9429
4890.000,4890.000,20.00,5449
4895.000,4895.000,20.00,5444
4900.000,4900.000,20.00,5438
4905.000,4905.000,20.00,5442
4910.000,4910.000,20.00,5444
4915.000,4915.000,20.00,5444
4920.000,4920.000,20.00,5391
4925.000,4925.000,20.00,5333
4930.000,4930.000,20.00,5349
4935.000,4935.000,20.00,5162
4940.000,4940.000,20.00,4995
4945.000,4945.000,20.00,5315
4950.000,4950.000,20.00,4365
4955.000,4955.000,20.00,4851
4960.000,4960.000,20.00,5377
4965.000,4965.000,20.00,4988
4970.000,4970.000,20.00,5440
4975.000,4975.000,20.00,5414
4980.000,4980.000,20.00,5451
4985.000,4985.000,20.00,5449
4990.000,4990.000,20.00,5447
4995.000,4995.000,20.00,5447
5000.000,5000.000,20.00,5447
5005.000,5005.000,20.00,5447
5010.000,5010.000,20.00,5449
5015.000,5015.000,20.00,5444
5020.000,5020.000,20.00,5444
5025.000,5025.000,20.00,5444
5030.000,5030.000,20.00,5442
5035.000,5035.000,20.00,5444
5040.000,5040.000,20.00,5444
5045.000,5045.000,20.00,5442
5050.000,5050.000,20.00,5440
5055.000,5055.000,20.00,5442
5060.000,5060.000,20.00,5442
5065.000,5065.000,20.00,5442
5070.000,5070.000,20.00,5449
5075.000,5075.000,20.00,5442
5080.000,5080.000,20.00,5444
5085.000,5085.000,20.00,5442
5090.000,5090.000,20.00,5442
5095.000,5095.000,20.00,5444
5100.000,5100.000,20.00,5449
5105.000,5105.000,20.00,5444
5110.000,5110.000,20.00,5444
5115.000,5115.000,20.00,5444
5120.000,5120.000,20.00,5444
5125.000,5125.000,20.00,5442
5130.000,5130.000,20.00,5449
5135.000,5135.000,20.00,5444
5140.000,5140.000,20.00,5444
5145.000,5145.000,20.00,5442
5150.000,5150.000,20.00,5444
5155.000,5155.000,20.00,5444
5160.000,5160.000,20.00,5449
5165.000,5165.000,20.00,5444
5170.000,5170.000,20.00,5444
5175.000,5175.000,20.00,5444
5180.000,5180.000,20.00,5444
5185.000,5185.000,20.00,5442
5190.000,5190.000,20.00,9765
5195.000,5195.000,20.00,9761
5200.000,5200.000,20.00,9749
5205.000,5205.000,20.00,9756
5210.000,5210.000,20.00,9761
5215.000,5215.000,20.00,9763
5220.000,5220.000,20.00,9761
5225.000,5225.000,20.00,9761
5230.000,5230.000,20.00,9761
5235.000,5235.000,20.00,9758
5240.000,5240.000,20.00,9731
5245.000,5245.000,20.00,9731
5250.000,5250.000,20.00,9760
5255.000,5255.000,20.00,9758
5260.000,5260.000,20.00,9758
5265.000,5265.000,20.00,9761
5270.000,5270.000,20.00,9756
5275.000,5275.000,20.00,9749
5280.000,5280.000,20.00,9760
5285.000,5285.000,20.00,9761
5290.000,5290.000,20.00,9756
5295.000,5295.000,20.00,9758
5300.000,5300.000,20.00,9758
5305.000,5305.000,20.00,9761
5310.000,5310.000,20.00,7905
5315.000,5315.000,20.00,9691
5320.000,5320.000,20.00,9712
5325.000,5325.000,20.00,9682
5330.000,5330.000,20.00,9508
5335.000,5335.000,20.00,9466
5340.000,5340.000,20.00,6983
5345.000,5345.000,20.00,7539
5350.000,5350.000,20.00,8505
5355.000,5355.000,20.00,7210
5360.000,5360.000,20.00,7115
5365.000,5365.000,20.00,6904
5370.000,5370.000,20.00,9760
5375.000,5375.000,20.00,9758
5380.000,5380.000,20.00,9758
5385.000,5385.000,20.00,9756
5390.000,5390.000,20.00,9756
5395.000,5395.000,20.00,9761
5400.000,5400.000,20.00,9482
5405.000,5405.000,20.00,9175
5410.000,5410.000,20.00,9036
5415.000,5415.000,20.00,9274
5420.000,5420.000,20.00,9758
5425.000,5425.000,20.00,9758
5430.000,5430.000,20.00,9746
5435.000,5435.000,20.00,9751
5440.000,5440.000,20.00,9761
5445.000,5445.000,20.00,9707
5450.000,5450.000,20.00,9747
5455.000,5455.000,20.00,9492
5460.000,5460.000,20.00,9756
5465.000,5465.000,20.00,9758
5470.000,5470.000,20.00,9754
5475.000,5475.000,20.00,9749
5480.000,5480.000,20.00,9756
5485.000,5485.000,20.00,9756
5490.000,5490.000,20.00,9756
5495.000,5495.000,20.00,9751
5500.000,5500.000,20.00,9761
5505.000,5505.000,20.00,9756
5510.000,5510.000,20.00,9751
5515.000,5515.000,20.00,9754
5520.000,5520.000,20.00,9760
5525.000,5525.000,20.00,9758
5530.000,5530.000,20.00,9756
5535.000,5535.000,20.00,9758
5540.000,5540.000,20.00,9761
5545.000,5545.000,20.00,9763
5550.000,5550.000,20.00,9760
5555.000,5555.000,20.00,9754
5560.000,5560.000,20.00,9754
5565.000,5565.000,20.00,9756
5570.000,5570.000,20.00,9756
5575.000,5575.000,20.00,9724
5580.000,5580.000,20.00,9758
5585.000,5585.000,20.00,9749
5590.000,5590.000,20.00,9756
5595.000,5595.000,20.00,9758
5600.000,5600.000,20.00,9758
5605.000,5605.000,20.00,9761
5610.000,5610.000,20.00,9760
5615.000,5615.000,20.00,9740
5620.000,5620.000,20.00,9761
5625.000,5625.000,20.00,9758
5630.000,5630.000,20.00,9761
5635.000,5635.000,20.00,9761
5640.000,5640.000,20.00,9730
5645.000,5645.000,20.00,9758
5650.000,5650.000,20.00,9761
5655.000,5655.000,20.00,9763
5660.000,5660.000,20.00,9761
5665.000,5665.000,20.00,9758
5670.000,5670.000,20.00,9700
5675.000,5675.000,20.00,9749
5680.000,5680.000,20.00,9758
5685.000,5685.000,20.00,9756
5690.000,5690.000,20.00,9758
5695.000,5695.000,20.00,9758
5700.000,5700.000,20.00,9751
5705.000,5705.000,20.00,9752
5710.000,5710.000,20.00,9751
5715.000,5715.000,20.00,9758
5720.000,5720.000,20.00,9751
5725.000,5725.000,20.00,9749
5730.000,5730.000,20.00,9763
5735.000,5735.000,20.00,9740
5740.000,5740.000,20.00,9758
5745.000,5745.000,20.00,9758
5750.000,5750.000,20.00,9747
5755.000,5755.000,20.00,9754
5760.000,5760.000,20.00,10029
5765.000,5765.000,20.00,10025
5770.000,5770.000,20.00,10018
5775.000,5775.000,20.00,10027
5780.000,5780.000,20.00,10016
5785.000,5785.000,20.00,10029
5790.000,5790.000,20.00,10029
5795.000,5795.000,20.00,10029
5800.000,5800.000,20.00,10032
5805.000,5805.000,20.00,10032
5810.000,5810.000,20.00,10032
5815.000,5815.000,20.00,10022
5820.000,5820.000,20.00,10031
5825.000,5825.000,20.00,10029
5830.000,5830.000,20.00,10025
5835.000,5835.000,20.00,10018
5840.000,5840.000,20.00,10027
5845.000,5845.000,20.00,10029
5850.000,5850.000,20.00,10001
5855.000,5855.000,20.00,10011
5860.000,5860.000,20.00,10018
5865.000,5865.000,20.00,10016
5870.000,5870.000,20.00,10020
5875.000,5875.000,20.00,10029
5880.000,5880.000,20.00,10026
5885.000,5885.000,20.00,10027
5890.000,5890.000,20.00,10029
5895.000,5895.000,20.00,10036
5900.000,5900.000,20.00,10032
5905.000,5905.000,20.00,10034
5910.000,5910.000,20.00,10031
5915.000,5915.000,20.00,10029
5920.000,5920.000,20.00,10029
5925.000,5925.000,20.00,10029
5930.000,5930.000,20.00,10029
5935.000,5935.000,20.00,10027
5940.000,5940.000,20.00,10012
5945.000,5945.000,20.00,10028
5950.000,5950.000,20.00,10020
5955.000,5955.000,20.00,10024
5960.000,5960.000,20.00,10027
5965.000,5965.000,20.00,10021
5970.000,5970.000,20.00,10031
5975.000,5975.000,20.00,10022
5980.000,5980.000,20.00,10027
5985.000,5985.000,20.00,10009
5990.000,5990.000,20.00,10016
5995.000,5995.000,20.00,9999
6000.000,6000.000,20.00,9740
6005.000,6005.000,20.00,9063
6010.000,6010.000,20.00,10384
6015.000,6015.000,20.00,9582
6020.000,6020.000,20.00,7981
6025.000,6025.000,20.00,7743
6030.000,6030.000,20.00,10018
6035.000,6035.000,20.00,10009
6040.000,6040.000,20.00,10011
6045.000,6045.000,20.00,10015
6050.000,6050.000,20.00,10020
6055.000,6055.000,20.00,10009
6060.000,6060.000,20.00,10013
6065.000,6065.000,20.00,10018
6070.000,6070.000,20.00,10011
6075.000,6075.000,20.00,10009
6080.000,6080.000,20.00,10016
6085.000,6085.000,20.00,10022
6090.000,6090.000,20.00,10020
6095.000,6095.000,20.00,10020
6100.000,6100.000,20.00,10011
6105.000,6105.000,20.00,10009
6110.000,6110.000,20.00,10006
6115.000,6115.000,20.00,10018
6120.000,6120.000,20.00,10032
6125.000,6125.000,20.00,10029
6130.000,6130.000,20.00,10029
6135.000,6135.000,20.00,10029
6140.000,6140.000,20.00,10032
6145.000,6145.000,20.00,10032
6150.000,6150.000,20.00,10031
6155.000,6155.000,20.00,10032
6160.000,6160.000,20.00,10032
6165.000,6165.000,20.00,10025
6170.000,6170.000,20.00,10029
6175.000,6175.000,20.00,10018
6180.000,6180.000,20.00,10015
6185.000,6185.000,20.00,10027
6190.000,6190.000,20.00,10032
6195.000,6195.000,20.00,10029
6200.000,6200.000,20.00,10025
6205.000,6205.000,20.00,10025
6210.000,6210.000,20.00,10022
6215.000,6215.000,20.00,10009
6220.000,6220.000,20.00,9849
6225.000,6225.000,20.00,9735
6230.000,6230.000,20.00,9728
6235.000,6235.000,20.00,9858
6240.000,6240.000,20.00,10031
6245.000,6245.000,20.00,10027
6250.000,6250.000,20.00,10018
6255.000,6255.000,20.00,10020
6260.000,6260.000,20.00,10027
6265.000,6265.000,20.00,10025
6270.000,6270.000,20.00,10001
6275.000,6275.000,20.00,9976
6280.000,6280.000,20.00,9976
6285.000,6285.000,20.00,9564
6290.000,6290.000,20.00,7182
6295.000,6295.000,20.00,6918
6300.000,6300.000,20.00,10011
6305.000,6305.000,20.00,9969
6310.000,6310.000,20.00,10018
6315.000,6315.000,20.00,10022
6320.000,6320.000,20.00,10022
6325.000,6325.000,20.00,10016
6330.000,6330.000,20.00,10015
6335.000,6335.000,20.00,10018
6340.000,6340.000,20.00,10009
6345.000,6345.000,20.00,10022
6350.000,6350.000,20.00,10018
6355.000,6355.000,20.00,10016
6360.000,6360.000,20.00,10029
6365.000,6365.000,20.00,10029
6370.000,6370.000,20.00,10022
6375.000,6375.000,20.00,10027
6380.000,6380.000,20.00,10025
6385.000,6385.000,20.00,10029
6390.000,6390.000,20.00,10029
6395.000,6395.000,20.00,10032
6400.000,6400.000,20.00,10032
6405.000,6405.000,20.00,10032
6410.000,6410.000,20.00,10029
6415.000,6415.000,20.00,10020
6420.000,6420.000,20.00,10027
6425.000,6425.000,20.00,10025
6430.000,6430.000,20.00,10022
6435.000,6435.000,20.00,10034
6440.000,6440.000,20.00,10025
6445.000,6445.000,20.00,9798
6450.000,6450.000,20.00,10031
6455.000,6455.000,20.00,10025
6460.000,6460.000,20.00,10029
6465.000,6465.000,20.00,10020
6470.000,6470.000,20.00,10030
6475.000,6475.000,20.00,10032
6480.000,6480.000,20.00,9371
6485.000,6485.000,20.00,9413
6490.000,6490.000,20.00,9367
6495.000,6495.000,20.00,8581
6500.000,6500.000,20.00,9056
6505.000,6505.000,20.00,8987
6510.000,6510.000,20.00,10008
6515.000,6515.000,20.00,9823
6520.000,6520.000,20.00,9992
6525.000,6525.000,20.00,10029
6530.000,6530.000,20.00,10025
6535.000,6535.000,20.00,10022
6540.000,6540.000,20.00,10029
6545.000,6545.000,20.00,10032
6550.000,6550.000,20.00,10032
6555.000,6555.000,20.00,10022
6560.000,6560.000,20.00,10029
6565.000,6565.000,20.00,10029
6570.000,6570.000,20.00,9728
6575.000,6575.000,20.00,9721
6580.000,6580.000,20.00,9721
6585.000,6585.000,20.00,9728
6590.000,6590.000,20.00,9733
6595.000,6595.000,20.00,9719
6600.000,6600.000,20.00,9721
6605.000,6605.000,20.00,9728
6610.000,6610.000,20.00,9724
6615.000,6615.000,20.00,9719
6620.000,6620.000,20.00,9728
6625.000,6625.000,20.00,9717
6630.000,6630.000,20.00,9723
6635.000,6635.000,20.00,9719
6640.000,6640.000,20.00,9742
6645.000,6645.000,20.00,9721
6650.000,6650.000,20.00,9726
6655.000,6655.000,20.00,9735
6660.000,6660.000,20.00,9730
6665.000,6665.000,20.00,9733
6670.000,6670.000,20.00,9721
6675.000,6675.000,20.00,9719
6680.000,6680.000,20.00,9731
6685.000,6685.000,20.00,9728
6690.000,6690.000,20.00,9721
6695.000,6695.000,20.00,9731
6700.000,6700.000,20.00,9728
6705.000,6705.000,20.00,9728
6710.000,6710.000,20.00,9721
6715.000,6715.000,20.00,9717
6720.000,6720.000,20.00,9744
6725.000,6725.000,20.00,9740
6730.000,6730.000,20.00,9731
6735.000,6735.000,20.00,9740
6740.000,6740.000,20.00,9740
6745.000,6745.000,20.00,9742
6750.000,6750.000,20.00,9742
6755.000,6755.000,20.00,9740
6760.000,6760.000,20.00,9738
6765.000,6765.000,20.00,9740
6770.000,6770.000,20.00,9740
6775.000,6775.000,20.00,9740
6780.000,6780.000,20.00,9742
6785.000,6785.000,20.00,9726
6790.000,6790.000,20.00,9742
6795.000,6795.000,20.00,9742
6800.000,6800.000,20.00,9742
6805.000,6805.000,20.00,9735
6810.000,6810.000,20.00,9517
6815.000,6815.000,20.00,9413
6820.000,6820.000,20.00,9608
6825.000,6825.000,20.00,9587
6830.000,6830.000,20.00,9578
6835.000,6835.000,20.00,9580
6840.000,6840.000,20.00,9735
6845.000,6845.000,20.00,9731
6850.000,6850.000,20.00,9740
6855.000,6855.000,20.00,9735
6860.000,6860.000,20.00,9733
6865.000,6865.000,20.00,9735
6870.000,6870.000,20.00,9716
6875.000,6875.000,20.00,9735
6880.000,6880.000,20.00,9740
6885.000,6885.000,20.00,9735
6890.000,6890.000,20.00,9742
6895.000,6895.000,20.00,9744
6900.000,6900.000,20.00,9582
6905.000,6905.000,20.00,9441
6910.000,6910.000,20.00,8947
6915.000,6915.000,20.00,8987
6920.000,6920.000,20.00,9184
6925.000,6925.000,20.00,8996
6930.000,6930.000,20.00,9740
6935.000,6935.000,20.00,9742
6940.000,6940.000,20.00,9740
6945.000,6945.000,20.00,9742
6950.000,6950.000,20.00,9740
6955.000,6955.000,20.00,9742
6960.000,6960.000,20.00,9749
6965.000,6965.000,20.00,9749
6970.000,6970.000,20.00,9749
6975.000,6975.000,20.00,9749
6980.000,6980.000,20.00,9749
6985.000,6985.000,20.00,9749
6990.000,6990.000,20.00,9744
6995.000,6995.000,20.00,9742
7000.000,7000.000,20.00,9742
7005.000,7005.000,20.00,9742
7010.000,7010.000,20.00,9742
7015.000,7015.000,20.00,9740
7020.000,7020.000,20.00,9737
7025.000,7025.000,20.00,9733
7030.000,7030.000,20.00,9740
7035.000,7035.000,20.00,9742
7040.000,7040.000,20.00,9735
7045.000,7045.000,20.00,9742
7050.000,7050.000,20.00,9742
7055.000,7055.000,20.00,9735
7060.000,7060.000,20.00,9554
7065.000,7065.000,20.00,9921
7070.000,7070.000,20.00,9742
7075.000,7075.000,20.00,9731
7080.000,7080.000,20.00,10034
7085.000,7085.000,20.00,10032
7090.000,7090.000,20.00,10032
7095.000,7095.000,20.00,10032
7100.000,7100.000,20.00,10034
7105.000,7105.000,20.00,10036
7110.000,7110.000,20.00,10036
7115.000,7115.000,20.00,10036
7120.000,7120.000,20.00,10035
7125.000,7125.000,20.00,10034
7130.000,7130.000,20.00,10034
7135.000,7135.000,20.00,10032
7140.000,7140.000,20.00,10013
7145.000,7145.000,20.00,10025
7150.000,7150.000,20.00,10027
7155.000,7155.000,20.00,10030
7160.000,7160.000,20.00,10029
7165.000,7165.000,20.00,10029
7170.000,7170.000,20.00,10034
7175.000,7175.000,20.00,10027
7180.000,7180.000,20.00,10029
7185.000,7185.000,20.00,10029
7190.000,7190.000,20.00,10018
7195.000,7195.000,20.00,10013
7200.000,7200.000,20.00,10029
7205.000,7205.000,20.00,10029
7210.000,7210.000,20.00,10032
7215.000,7215.000,20.00,10029
7220.000,7220.000,20.00,10025
7225.000,7225.000,20.00,10030
7230.000,7230.000,20.00,10029
7235.000,7235.000,20.00,10027
7240.000,7240.000,20.00,10029
7245.000,7245.000,20.00,10029
7250.000,7250.000,20.00,10029
7255.000,7255.000,20.00,10032
7260.000,7260.000,20.00,10031
7265.000,7265.000,20.00,10032
7270.000,7270.000,20.00,10032
7275.000,7275.000,20.00,10029
7280.000,7280.000,20.00,10032
7285.000,7285.000,20.00,10029
7290.000,7290.000,20.00,10032
7295.000,7295.000,20.00,10032
7300.000,7300.000,20.00,10032
7305.000,7305.000,20.00,10032
7310.000,7310.000,20.00,10029
7315.000,7315.000,20.00,10032
7320.000,7320.000,20.00,10031
7325.000,7325.000,20.00,10029
7330.000,7330.000,20.00,10027
7335.000,7335.000,20.00,10029
7340.000,7340.000,20.00,10029
7345.000,7345.000,20.00,10029
7350.000,7350.000,20.00,10034
7355.000,7355.000,20.00,10029
7360.000,7360.000,20.00,10029
7365.000,7365.000,20.00,10032
7370.000,7370.000,20.00,10032
7375.000,7375.000,20.00,10032
7380.000,7380.000,20.00,10032
7385.000,7385.000,20.00,10025
7390.000,7390.000,20.00,10018
7395.000,7395.000,20.00,10027
7400.000,7400.000,20.00,10027
7405.000,7405.000,20.00,9684
7410.000,7410.000,20.00,10034
7415.000,7415.000,20.00,10029
7420.000,7420.000,20.00,10022
7425.000,7425.000,20.00,10029
7430.000,7430.000,20.00,10030
7435.000,7435.000,20.00,10032
7440.000,7440.000,20.00,10031
7445.000,7445.000,20.00,10032
7450.000,7450.000,20.00,10020
7455.000,7455.000,20.00,10027
7460.000,7460.000,20.00,10027
7465.000,7465.000,20.00,9761
7470.000,7470.000,20.00,4610
7475.000,7475.000,20.00,4601
7480.000,7480.000,20.00,4594
7485.000,7485.000,20.00,4601
7490.000,7490.000,20.00,4599
7495.000,7495.000,20.00,4604
7500.000,7500.000,20.00,4610
7505.000,7505.000,20.00,4606
7510.000,7510.000,20.00,4599
7515.000,7515.000,20.00,4603
7520.000,7520.000,20.00,4599
7525.000,7525.000,20.00,4606
7530.000,7530.000,20.00,4613
7535.000,7535.000,20.00,4606
7540.000,7540.000,20.00,4603
7545.000,7545.000,20.00,4603
7550.000,7550.000,20.00,4603
7555.000,7555.000,20.00,4606
7560.000,7560.000,20.00,4615
7565.000,7565.000,20.00,4606
7570.000,7570.000,20.00,4606
7575.000,7575.000,20.00,4606
7580.000,7580.000,20.00,4606
7585.000,7585.000,20.00,4606
7590.000,7590.000,20.00,4610
7595.000,7595.000,20.00,4606
7600.000,7600.000,20.00,4608
7605.000,7605.000,20.00,4606
7610.000,7610.000,20.00,4606
7615.000,7615.000,20.00,4606
7620.000,7620.000,20.00,10029
7625.000,7625.000,20.00,9802
7630.000,7630.000,20.00,10025
7635.000,7635.000,20.00,10020
7640.000,7640.000,20.00,10018
7645.000,7645.000,20.00,9925
7650.000,7650.000,20.00,10025
7655.000,7655.000,20.00,10025
7660.000,7660.000,20.00,10032
7665.000,7665.000,20.00,10029
7670.000,7670.000,20.00,10029
7675.000,7675.000,20.00,10032
7680.000,7680.000,20.00,10031
7685.000,7685.000,20.00,10029
7690.000,7690.000,20.00,10029
7695.000,7695.000,20.00,10028
7700.000,7700.000,20.00,10029
7705.000,7705.000,20.00,10029
7710.000,7710.000,20.00,10031
7715.000,7715.000,20.00,10032
7720.000,7720.000,20.00,10032
7725.000,7725.000,20.00,10029
7730.000,7730.000,20.00,10029
7735.000,7735.000,20.00,10032
7740.000,7740.000,20.00,10025
7745.000,7745.000,20.00,10006
7750.000,7750.000,20.00,9981
7755.000,7755.000,20.00,9988
7760.000,7760.000,20.00,9550
7765.000,7765.000,20.00,10004
7770.000,7770.000,20.00,10031
7775.000,7775.000,20.00,10029
7780.000,7780.000,20.00,10027
7785.000,7785.000,20.00,10020
7790.000,7790.000,20.00,10032
7795.000,7795.000,20.00,10034
7800.000,7800.000,20.00,10031
7805.000,7805.000,20.00,10032
7810.000,7810.000,20.00,10032
7815.000,7815.000,20.00,10027
7820.000,7820.000,20.00,10029
7825.000,7825.000,20.00,10032
7830.000,7830.000,20.00,10032
7835.000,7835.000,20.00,10029
7840.000,7840.000,20.00,10029
7845.000,7845.000,20.00,10032
7850.000,7850.000,20.00,10032
7855.000,7855.000,20.00,10029
7860.000,7860.000,20.00,10031
7865.000,7865.000,20.00,10029
7870.000,7870.000,20.00,10032
7875.000,7875.000,20.00,10036
7880.000,7880.000,20.00,10039
7885.000,7885.000,20.00,10023
7890.000,7890.000,20.00,10031
7895.000,7895.000,20.00,10029
7900.000,7900.000,20.00,10032
7905.000,7905.000,20.00,10029
7910.000,7910.000,20.00,10027
7915.000,7915.000,20.00,10027
7920.000,7920.000,20.00,10029
7925.000,7925.000,20.00,10029
7930.000,7930.000,20.00,10018
7935.000,7935.000,20.00,9997
7940.000,7940.000,20.00,10001
7945.000,7945.000,20.00,10028
7950.000,7950.000,20.00,10031
7955.000,7955.000,20.00,10029
7960.000,7960.000,20.00,10029
7965.000,7965.000,20.00,10032
7970.000,7970.000,20.00,10029
7975.000,7975.000,20.00,10032
7980.000,7980.000,20.00,10020
7985.000,7985.000,20.00,10032
7990.000,7990.000,20.00,10029
7995.000,7995.000,20.00,10032
8000.000,8000.000,20.00,10032
8005.000,8005.000,20.00,10032
8010.000,8010.000,20.00,10029
8015.000,8015.000,20.00,10029
8020.000,8020.000,20.00,10032
8025.000,8025.000,20.00,10029
8030.000,8030.000,20.00,10032
8035.000,8035.000,20.00,10032
8040.000,8040.000,20.00,10031
8045.000,8045.000,20.00,10027
8050.000,8050.000,20.00,10029
8055.000,8055.000,20.00,10029
8060.000,8060.000,20.00,10022
8065.000,8065.000,20.00,10022
8070.000,8070.000,20.00,9811
8075.000,8075.000,20.00,9978
8080.000,8080.000,20.00,9497
8085.000,8085.000,20.00,9932
8090.000,8090.000,20.00,9821
8095.000,8095.000,20.00,9837
8100.000,8100.000,20.00,10032
8105.000,8105.000,20.00,10029
8110.000,8110.000,20.00,10032
8115.000,8115.000,20.00,10032
8120.000,8120.000,20.00,10030
8125.000,8125.000,20.00,10029
8130.000,8130.000,20.00,10034
8135.000,8135.000,20.00,10029
8140.000,8140.000,20.00,10032
8145.000,8145.000,20.00,10030
8150.000,8150.000,20.00,10032
8155.000,8155.000,20.00,10032
8160.000,8160.000,20.00,10034
8165.000,8165.000,20.00,10029
8170.000,8170.000,20.00,10032
8175.000,8175.000,20.00,10025
8180.000,8180.000,20.00,10027
8185.000,8185.000,20.00,10025
8190.000,8190.000,20.00,10022
8195.000,8195.000,20.00,10025
8200.000,8200.000,20.00,10006
8205.000,8205.000,20.00,10025
8210.000,8210.000,20.00,10027
8215.000,8215.000,20.00,10032
8220.000,8220.000,20.00,10025
8225.000,8225.000,20.00,9983
8230.000,8230.000,20.00,9997
8235.000,8235.000,20.00,10002
8240.000,8240.000,20.00,9995
8245.000,8245.000,20.00,10027
8250.000,8250.000,20.00,10031
8255.000,8255.000,20.00,10032
8260.000,8260.000,20.00,10032
8265.000,8265.000,20.00,10032
8270.000,8270.000,20.00,10029
8275.000,8275.000,20.00,10032
8280.000,8280.000,20.00,10027
8285.000,8285.000,20.00,10034
8290.000,8290.000,20.00,10034
8295.000,8295.000,20.00,10032
8300.000,8300.000,20.00,10032
8305.000,8305.000,20.00,10029
8310.000,8310.000,20.00,10036
8315.000,8315.000,20.00,10034
8320.000,8320.000,20.00,10034
8325.000,8325.000,20.00,10034
8330.000,8330.000,20.00,10034
8335.000,8335.000,20.00,10036
8340.000,8340.000,20.00,10034
8345.000,8345.000,20.00,10032
8350.000,8350.000,20.00,10032
8355.000,8355.000,20.00,10029
8360.000,8360.000,20.00,10032
8365.000,8365.000,20.00,10030
8370.000,8370.000,20.00,10032
8375.000,8375.000,20.00,10029
8380.000,8380.000,20.00,10032
8385.000,8385.000,20.00,10029
8390.000,8390.000,20.00,10029
8395.000,8395.000,20.00,10032
8400.000,8400.000,20.00,10031
8405.000,8405.000,20.00,10029
8410.000,8410.000,20.00,10032
8415.000,8415.000,20.00,10029
8420.000,8420.000,20.00,10029
8425.000,8425.000,20.00,10032
8430.000,8430.000,20.00,10034
8435.000,8435.000,20.00,10029
8440.000,8440.000,20.00,10029
8445.000,8445.000,20.00,10029
8450.000,8450.000,20.00,10029
8455.000,8455.000,20.00,10032
8460.000,8460.000,20.00,10025
8465.000,8465.000,20.00,10032
8470.000,8470.000,20.00,9235
8475.000,8475.000,20.00,7509
8480.000,8480.000,20.00,9997
8485.000,8485.000,20.00,10024
8490.000,8490.000,20.00,1151
8495.000,8495.000,20.00,755
8500.000,8500.000,20.00,767
8505.000,8505.000,20.00,1017
8510.000,8510.000,20.00,1548
8515.000,8515.000,20.00,1902
8520.000,8520.000,20.00,6313
8525.000,8525.000,20.00,6306
8530.000,8530.000,20.00,6309
8535.000,8535.000,20.00,6306
8540.000,8540.000,20.00,6306
8545.000,8545.000,20.00,6306
8550.000,8550.000,20.00,6309
8555.000,8555.000,20.00,6306
8560.000,8560.000,20.00,6297
8565.000,8565.000,20.00,6309
8570.000,8570.000,20.00,6306
8575.000,8575.000,20.00,6306
8580.000,8580.000,20.00,6311
8585.000,8585.000,20.00,6306
8590.000,8590.000,20.00,6309
8595.000,8595.000,20.00,6306
8600.000,8600.000,20.00,6306
8605.000,8605.000,20.00,6306
8610.000,8610.000,20.00,6313
8615.000,8615.000,20.00,6306
8620.000,8620.000,20.00,6309
8625.000,8625.000,20.00,6306
8630.000,8630.000,20.00,6306
8635.000,8635.000,20.00,6309
8640.000,8640.000,20.00,6313
8645.000,8645.000,20.00,6304
8650.000,8650.000,20.00,6304
8655.000,8655.000,20.00,6304
8660.000,8660.000,20.00,6304
8665.000,8665.000,20.00,6306
8670.000,8670.000,20.00,6299
8675.000,8675.000,20.00,6306
8680.000,8680.000,20.00,6297
8685.000,8685.000,20.00,6297
8690.000,8690.000,20.00,6297
8695.000,8695.000,20.00,6297
8700.000,8700.000,20.00,6311
8705.000,8705.000,20.00,6304
8710.000,8710.000,20.00,6290
8715.000,8715.000,20.00,6304
8720.000,8720.000,20.00,6306
8725.000,8725.000,20.00,6309
8730.000,8730.000,20.00,6311
8735.000,8735.000,20.00,6306
8740.000,8740.000,20.00,6306
8745.000,8745.000,20.00,6290
8750.000,8750.000,20.00,6306
8755.000,8755.000,20.00,6306
8760.000,8760.000,20.00,6306
8765.000,8765.000,20.00,6309
8770.000,8770.000,20.00,6309
8775.000,8775.000,20.00,6286
8780.000,8780.000,20.00,6306
8785.000,8785.000,20.00,6304
8790.000,8790.000,20.00,6311
8795.000,8795.000,20.00,6304
8800.000,8800.000,20.00,6309
8805.000,8805.000,20.00,6309
8810.000,8810.000,20.00,6306
8815.000,8815.000,20.00,6304
8820.000,8820.000,20.00,6311
8825.000,8825.000,20.00,6306
8830.000,8830.000,20.00,6306
8835.000,8835.000,20.00,6306
8840.000,8840.000,20.00,6304
8845.000,8845.000,20.00,6306
8850.000,8850.000,20.00,6306
8855.000,8855.000,20.00,6307
8860.000,8860.000,20.00,6309
8865.000,8865.000,20.00,6306
8870.000,8870.000,20.00,6306
8875.000,8875.000,20.00,6307
8880.000,8880.000,20.00,6313
8885.000,8885.000,20.00,6306
8890.000,8890.000,20.00,6306
8895.000,8895.000,20.00,6309
8900.000,8900.000,20.00,6306
8905.000,8905.000,20.00,6306
8910.000,8910.000,20.00,6311
8915.000,8915.000,20.00,6309
8920.000,8920.000,20.00,6306
8925.000,8925.000,20.00,6306
8930.000,8930.000,20.00,6292
8935.000,8935.000,20.00,6292
8940.000,8940.000,20.00,6302
8945.000,8945.000,20.00,6294
8950.000,8950.000,20.00,6303
8955.000,8955.000,20.00,6304
8960.000,8960.000,20.00,6292
8965.000,8965.000,20.00,6116
8970.000,8970.000,20.00,6311
8975.000,8975.000,20.00,6297
8980.000,8980.000,20.00,6302
8985.000,8985.000,20.00,6304
8990.000,8990.000,20.00,6302
8995.000,8995.000,20.00,6304
9000.000,9000.000,20.00,6313
9005.000,9005.000,20.00,6306
9010.000,9010.000,20.00,6306
9015.000,9015.000,20.00,6309
9020.000,9020.000,20.00,6306
9025.000,9025.000,20.00,6304
9030.000,9030.000,20.00,9255
9035.000,9035.000,20.00,9253
9040.000,9040.000,20.00,9256
9045.000,9045.000,20.00,9256
9050.000,9050.000,20.00,9256
9055.000,9055.000,20.00,8936
9060.000,9060.000,20.00,9258
9065.000,9065.000,20.00,9256
9070.000,9070.000,20.00,9256
9075.000,9075.000,20.00,9256
9080.000,9080.000,20.00,9256
9085.000,9085.000,20.00,9161
9090.000,9090.000,20.00,9243
9095.000,9095.000,20.00,9237
9100.000,9100.000,20.00,9251
9105.000,9105.000,20.00,9253
9110.000,9110.000,20.00,9251
9115.000,9115.000,20.00,9165
9120.000,9120.000,20.00,9262
9125.000,9125.000,20.00,9263
9130.000,9130.000,20.00,9263
9135.000,9135.000,20.00,9258
9140.000,9140.000,20.00,9263
9145.000,9145.000,20.00,9010
9150.000,9150.000,20.00,9260
9155.000,9155.000,20.00,9258
9160.000,9160.000,20.00,9207
9165.000,9165.000,20.00,9242
9170.000,9170.000,20.00,9200
9175.000,9175.000,20.00,9198
9180.000,9180.000,20.00,9253
9185.000,9185.000,20.00,9253
9190.000,9190.000,20.00,9256
9195.000,9195.000,20.00,9258
9200.000,9200.000,20.00,9256
9205.000,9205.000,20.00,9158
9210.000,9210.000,20.00,9255
9215.000,9215.000,20.00,9256
9220.000,9220.000,20.00,9244
9225.000,9225.000,20.00,9258
9230.000,9230.000,20.00,9239
9235.000,9235.000,20.00,7147
9240.000,9240.000,20.00,9258
9245.000,9245.000,20.00,9223
9250.000,9250.000,20.00,9216
9255.000,9255.000,20.00,9221
9260.000,9260.000,20.00,9235
9265.000,9265.000,20.00,9177
9270.000,9270.000,20.00,9258
9275.000,9275.000,20.00,9256
9280.000,9280.000,20.00,9258
9285.000,9285.000,20.00,9256
9290.000,9290.000,20.00,9258
9295.000,9295.000,20.00,9133
9300.000,9300.000,20.00,9253
9305.000,9305.000,20.00,9256
9310.000,9310.000,20.00,9256
9315.000,9315.000,20.00,9256
9320.000,9320.000,20.00,9251
9325.000,9325.000,20.00,8978
9330.000,9330.000,20.00,9260
9335.000,9335.000,20.00,9258
9340.000,9340.000,20.00,9256
9345.000,9345.000,20.00,9258
9350.000,9350.000,20.00,9256
9355.000,9355.000,20.00,9198
9360.000,9360.000,20.00,9260
9365.000,9365.000,20.00,9258
9370.000,9370.000,20.00,9256
9375.000,9375.000,20.00,9258
9380.000,9380.000,20.00,9256
9385.000,9385.000,20.00,9156
9390.000,9390.000,20.00,9248
9395.000,9395.000,20.00,9228
9400.000,9400.000,20.00,9246
9405.000,9405.000,20.00,9142
9410.000,9410.000,20.00,8813
9415.000,9415.000,20.00,8403
9420.000,9420.000,20.00,9413
9425.000,9425.000,20.00,9230
9430.000,9430.000,20.00,9237
9435.000,9435.000,20.00,9237
9440.000,9440.000,20.00,9244
9445.000,9445.000,20.00,8804
9450.000,9450.000,20.00,9255
9455.000,9455.000,20.00,9251
9460.000,9460.000,20.00,9256
9465.000,9465.000,20.00,9251
9470.000,9470.000,20.00,9256
9475.000,9475.000,20.00,9066
9480.000,9480.000,20.00,10027
9485.000,9485.000,20.00,10025
9490.000,9490.000,20.00,10018
9495.000,9495.000,20.00,10025
9500.000,9500.000,20.00,10026
9505.000,9505.000,20.00,10029
9510.000,9510.000,20.00,10031
9515.000,9515.000,20.00,10029
9520.000,9520.000,20.00,10029
9525.000,9525.000,20.00,10029
9530.000,9530.000,20.00,10032
9535.000,9535.000,20.00,10020
9540.000,9540.000,20.00,10029
9545.000,9545.000,20.00,10020
9550.000,9550.000,20.00,10029
9555.000,9555.000,20.00,10029
9560.000,9560.000,20.00,10032
9565.000,9565.000,20.00,10032
9570.000,9570.000,20.00,10032
9575.000,9575.000,20.00,10032
9580.000,9580.000,20.00,10032
9585.000,9585.000,20.00,10027
9590.000,9590.000,20.00,10029
9595.000,9595.000,20.00,10027
9600.000,9600.000,20.00,10031
9605.000,9605.000,20.00,10034
9610.000,9610.000,20.00,10036
9615.000,9615.000,20.00,10034
9620.000,9620.000,20.00,10034
9625.000,9625.000,20.00,10034
9630.000,9630.000,20.00,10035
9635.000,9635.000,20.00,10032
9640.000,9640.000,20.00,10032
9645.000,9645.000,20.00,10029
9650.000,9650.000,20.00,10032
9655.000,9655.000,20.00,10032
9660.000,9660.000,20.00,10029
9665.000,9665.000,20.00,10029
9670.000,9670.000,20.00,10029
9675.000,9675.000,20.00,10032
9680.000,9680.000,20.00,10029
9685.000,9685.000,20.00,10029
9690.000,9690.000,20.00,10029
9695.000,9695.000,20.00,10029
9700.000,9700.000,20.00,10032
9705.000,9705.000,20.00,10032
9710.000,9710.000,20.00,10032
9715.000,9715.000,20.00,10034
9720.000,9720.000,20.00,10036
9725.000,9725.000,20.00,10032
9730.000,9730.000,20.00,10034
9735.000,9735.000,20.00,10032
9740.000,9740.000,20.00,10032
9745.000,9745.000,20.00,9988
9750.000,9750.000,20.00,10029
9755.000,9755.000,20.00,10032
9760.000,9760.000,20.00,10029
9765.000,9765.000,20.00,10029
9770.000,9770.000,20.00,10029
9775.000,9775.000,20.00,10032
9780.000,9780.000,20.00,10031
9785.000,9785.000,20.00,10029
9790.000,9790.000,20.00,10032
9795.000,9795.000,20.00,10029
9800.000,9800.000,20.00,10032
9805.000,9805.000,20.00,10030
9810.000,9810.000,20.00,10034
9815.000,9815.000,20.00,10032
9820.000,9820.000,20.00,10032
9825.000,9825.000,20.00,10032
9830.000,9830.000,20.00,10032
9835.000,9835.000,20.00,10032
9840.000,9840.000,20.00,10032
9845.000,9845.000,20.00,10029
9850.000,9850.000,20.00,10032
9855.000,9855.000,20.00,10029
9860.000,9860.000,20.00,10032
9865.000,9865.000,20.00,10025
9870.000,9870.000,20.00,10031
9875.000,9875.000,20.00,10032
9880.000,9880.000,20.00,10030
9885.000,9885.000,20.00,10032
9890.000,9890.000,20.00,10030
9895.000,9895.000,20.00,10032
9900.000,9900.000,20.00,10031
9905.000,9905.000,20.00,10032
9910.000,9910.000,20.00,10030
9915.000,9915.000,20.00,10032
9920.000,9920.000,20.00,10029
9925.000,9925.000,20.00,10032
9930.000,9930.000,20.00,10032
9935.000,9935.000,20.00,10032
9940.000,9940.000,20.00,10032
9945.000,9945.000,20.00,10029
9950.000,9950.000,20.00,10032
9955.000,9955.000,20.00,10032
9960.000,9960.000,20.00,10033
9965.000,9965.000,20.00,10030
9970.000,9970.000,20.00,10032
9975.000,9975.000,20.00,10032
9980.000,9980.000,20.00,10032
9985.000,9985.000,20.00,10029
9990.000,9990.000,20.00,10031
9995.000,9995.000,20.00,10032
10000.000,10000.000,20.00,10032
10005.000,10005.000,20.00,10027
10010.000,10010.000,20.00,10032
10015.000,10015.000,20.00,10032
10020.000,10020.000,20.00,10032
10025.000,10025.000,20.00,10029
10030.000,10030.000,20.00,10032
10035.000,10035.000,20.00,10033
10040.000,10040.000,20.00,10031
10045.000,10045.000,20.00,10032
10050.000,10050.000,20.00,10031
10055.000,10055.000,20.00,10029
10060.000,10060.000,20.00,10029
10065.000,10065.000,20.00,10027
10070.000,10070.000,20.00,10030
10075.000,10075.000,20.00,10029
10080.000,10080.000,20.00,9473
10085.000,10085.000,20.00,10576
10090.000,10090.000,20.00,9890
10095.000,10095.000,20.00,10020
10100.000,10100.000,20.00,9897
10105.000,10105.000,20.00,10032
10110.000,10110.000,20.00,10029
10115.000,10115.000,20.00,10029
10120.000,10120.000,20.00,10029
10125.000,10125.000,20.00,10029
10130.000,10130.000,20.00,10027
10135.000,10135.000,20.00,10032
10140.000,10140.000,20.00,10034
10145.000,10145.000,20.00,10034
10150.000,10150.000,20.00,10032
10155.000,10155.000,20.00,10034
10160.000,10160.000,20.00,10036
10165.000,10165.000,20.00,10032
10170.000,10170.000,20.00,5231
10175.000,10175.000,20.00,5227
10180.000,10180.000,20.00,5208
10185.000,10185.000,20.00,5222
10190.000,10190.000,20.00,5222
10195.000,10195.000,20.00,5139
10200.000,10200.000,20.00,5222
10205.000,10205.000,20.00,5226
10210.000,10210.000,20.00,5222
10215.000,10215.000,20.00,5224
10220.000,10220.000,20.00,5224
10225.000,10225.000,20.00,5215
10230.000,10230.000,20.00,4969
10235.000,10235.000,20.00,4937
10240.000,10240.000,20.00,5090
10245.000,10245.000,20.00,5097
10250.000,10250.000,20.00,5069
10255.000,10255.000,20.00,5023
10260.000,10260.000,20.00,5233
10265.000,10265.000,20.00,5227
10270.000,10270.000,20.00,5227
10275.000,10275.000,20.00,5227
10280.000,10280.000,20.00,5224
10285.000,10285.000,20.00,5222
10290.000,10290.000,20.00,5229
10295.000,10295.000,20.00,5227
10300.000,10300.000,20.00,5227
10305.000,10305.000,20.00,5227
10310.000,10310.000,20.00,5224
10315.000,10315.000,20.00,5227
10320.000,10320.000,20.00,5231
10325.000,10325.000,20.00,5227
10330.000,10330.000,20.00,5229
10335.000,10335.000,20.00,5227
10340.000,10340.000,20.00,5227
10345.000,10345.000,20.00,5227
10350.000,10350.000,20.00,5233
10355.000,10355.000,20.00,5227
10360.000,10360.000,20.00,5224
10365.000,10365.000,20.00,5227
10370.000,10370.000,20.00,5227
10375.000,10375.000,20.00,5222
10380.000,10380.000,20.00,5229
10385.000,10385.000,20.00,5227
10390.000,10390.000,20.00,5226
10395.000,10395.000,20.00,5227
10400.000,10400.000,20.00,5201
10405.000,10405.000,20.00,5205
10410.000,10410.000,20.00,5233
10415.000,10415.000,20.00,5227
10420.000,10420.000,20.00,5227
10425.000,10425.000,20.00,5227
10430.000,10430.000,20.00,5227
10435.000,10435.000,20.00,5224
10440.000,10440.000,20.00,5231
10445.000,10445.000,20.00,5227
10450.000,10450.000,20.00,5227
10455.000,10455.000,20.00,5227
10460.000,10460.000,20.00,5229
10465.000,10465.000,20.00,5224
10470.000,10470.000,20.00,5227
10475.000,10475.000,20.00,5227
10480.000,10480.000,20.00,5229
10485.000,10485.000,20.00,5227
10490.000,10490.000,20.00,5227
10495.000,10495.000,20.00,5224
10500.000,10500.000,20.00,5236
10505.000,10505.000,20.00,5231
10510.000,10510.000,20.00,5231
10515.000,10515.000,20.00,5231
10520.000,10520.000,20.00,5229
10525.000,10525.000,20.00,5229
10530.000,10530.000,20.00,5217
10535.000,10535.000,20.00,5206
10540.000,10540.000,20.00,5210
10545.000,10545.000,20.00,5222
10550.000,10550.000,20.00,5224
10555.000,10555.000,20.00,5224
10560.000,10560.000,20.00,5229
10565.000,10565.000,20.00,5227
10570.000,10570.000,20.00,5229
10575.000,10575.000,20.00,5224
10580.000,10580.000,20.00,5222
10585.000,10585.000,20.00,5229
10590.000,10590.000,20.00,5233
10595.000,10595.000,20.00,5227
10600.000,10600.000,20.00,5227
10605.000,10605.000,20.00,5224
10610.000,10610.000,20.00,5227
10615.000,10615.000,20.00,5227
10620.000,10620.000,20.00,10031
10625.000,10625.000,20.00,10032
10630.000,10630.000,20.00,10027
10635.000,10635.000,20.00,10031
10640.000,10640.000,20.00,10030
10645.000,10645.000,20.00,10029
10650.000,10650.000,20.00,10029
10655.000,10655.000,20.00,10029
10660.000,10660.000,20.00,10032
10665.000,10665.000,20.00,10032
10670.000,10670.000,20.00,10011
10675.000,10675.000,20.00,10029
10680.000,10680.000,20.00,10006
10685.000,10685.000,20.00,10029
10690.000,10690.000,20.00,10027
10695.000,10695.000,20.00,10018
10700.000,10700.000,20.00,10034
10705.000,10705.000,20.00,10034
10710.000,10710.000,20.00,10015
10715.000,10715.000,20.00,9921
10720.000,10720.000,20.00,9883
10725.000,10725.000,20.00,9856
10730.000,10730.000,20.00,9978
10735.000,10735.000,20.00,10027
10740.000,10740.000,20.00,9981
10745.000,10745.000,20.00,9937
10750.000,10750.000,20.00,10011
10755.000,10755.000,20.00,9999
10760.000,10760.000,20.00,9810
10765.000,10765.000,20.00,9334
10770.000,10770.000,20.00,10029
10775.000,10775.000,20.00,10030
10780.000,10780.000,20.00,10032
10785.000,10785.000,20.00,9997
10790.000,10790.000,20.00,10032
10795.000,10795.000,20.00,10009
10800.000,10800.000,20.00,9872
10805.000,10805.000,20.00,9738
10810.000,10810.000,20.00,9710
10815.000,10815.000,20.00,9717
10820.000,10820.000,20.00,9761
10825.000,10825.000,20.00,9693
10830.000,10830.000,20.00,10032
10835.000,10835.000,20.00,10029
10840.000,10840.000,20.00,10032
10845.000,10845.000,20.00,10025
10850.000,10850.000,20.00,10032
10855.000,10855.000,20.00,10027
10860.000,10860.000,20.00,10031
10865.000,10865.000,20.00,10029
10870.000,10870.000,20.00,10029
10875.000,10875.000,20.00,10029
10880.000,10880.000,20.00,10029
10885.000,10885.000,20.00,10032
10890.000,10890.000,20.00,10034
10895.000,10895.000,20.00,10030
10900.000,10900.000,20.00,10029
10905.000,10905.000,20.00,10032
10910.000,10910.000,20.00,10032
10915.000,10915.000,20.00,10025
10920.000,10920.000,20.00,10031
10925.000,10925.000,20.00,10029
10930.000,10930.000,20.00,10029
10935.000,10935.000,20.00,10032
10940.000,10940.000,20.00,10032
10945.000,10945.000,20.00,10029
10950.000,10950.000,20.00,10031
10955.000,10955.000,20.00,10032
10960.000,10960.000,20.00,10030
10965.000,10965.000,20.00,10029
10970.000,10970.000,20.00,10029
10975.000,10975.000,20.00,10032
10980.000,10980.000,20.00,10031
10985.000,10985.000,20.00,10032
10990.000,10990.000,20.00,10029
10995.000,10995.000,20.00,10032
11000.000,11000.000,20.00,10032
11005.000,11005.000,20.00,10029
11010.000,11010.000,20.00,10032
11015.000,11015.000,20.00,10032
11020.000,11020.000,20.00,10030
11025.000,11025.000,20.00,10032
11030.000,11030.000,20.00,10030
11035.000,11035.000,20.00,10032
11040.000,11040.000,20.00,10031
11045.000,11045.000,20.00,10032
11050.000,11050.000,20.00,10031
11055.000,11055.000,20.00,10030
11060.000,11060.000,20.00,10032
11065.000,11065.000,20.00,10032
11070.000,11070.000,20.00,10041
11075.000,11075.000,20.00,10039
11080.000,11080.000,20.00,10039
11085.000,11085.000,20.00,10041
11090.000,11090.000,20.00,10039
11095.000,11095.000,20.00,10039
11100.000,11100.000,20.00,10029
11105.000,11105.000,20.00,10032
11110.000,11110.000,20.00,10032
11115.000,11115.000,20.00,10029
11120.000,11120.000,20.00,10032
11125.000,11125.000,20.00,10029
11130.000,11130.000,20.00,10036
11135.000,11135.000,20.00,10036
11140.000,11140.000,20.00,10021
11145.000,11145.000,20.00,9992
11150.000,11150.000,20.00,10016
11155.000,11155.000,20.00,10032
11160.000,11160.000,20.00,10031
11165.000,11165.000,20.00,10032
11170.000,11170.000,20.00,10029
11175.000,11175.000,20.00,10022
11180.000,11180.000,20.00,10022
11185.000,11185.000,20.00,10025
11190.000,11190.000,20.00,9184
11195.000,11195.000,20.00,9184
11200.000,11200.000,20.00,9177
11205.000,11205.000,20.00,9179
11210.000,11210.000,20.00,9181
11215.000,11215.000,20.00,9184
11220.000,11220.000,20.00,9186
11225.000,11225.000,20.00,9184
11230.000,11230.000,20.00,9184
11235.000,11235.000,20.00,9184
11240.000,11240.000,20.00,9184
11245.000,11245.000,20.00,9186
11250.000,11250.000,20.00,9186
11255.000,11255.000,20.00,9181
11260.000,11260.000,20.00,9184
11265.000,11265.000,20.00,9186
11270.000,11270.000,20.00,9184
11275.000,11275.000,20.00,9184
11280.000,11280.000,20.00,9177
11285.000,11285.000,20.00,9175
11290.000,11290.000,20.00,9179
11295.000,11295.000,20.00,9165
11300.000,11300.000,20.00,9184
11305.000,11305.000,20.00,9151
11310.000,11310.000,20.00,8144
11315.000,11315.000,20.00,10101
11320.000,11320.000,20.00,9042
11325.000,11325.000,20.00,9288
11330.000,11330.000,20.00,9144
11335.000,11335.000,20.00,9149
11340.000,11340.000,20.00,9186
11345.000,11345.000,20.00,9184
11350.000,11350.000,20.00,9181
11355.000,11355.000,20.00,9184
11360.000,11360.000,20.00,9184
11365.000,11365.000,20.00,9181
11370.000,11370.000,20.00,10031
11375.000,11375.000,20.00,10030
11380.000,11380.000,20.00,10034
11385.000,11385.000,20.00,10032
11390.000,11390.000,20.00,10032
11395.000,11395.000,20.00,10032
11400.000,11400.000,20.00,10031
11405.000,11405.000,20.00,10029
11410.000,11410.000,20.00,10032
11415.000,11415.000,20.00,10030
11420.000,11420.000,20.00,10030
11425.000,11425.000,20.00,10034
11430.000,11430.000,20.00,10027
11435.000,11435.000,20.00,10022
11440.000,11440.000,20.00,10008
11445.000,11445.000,20.00,10013
11450.000,11450.000,20.00,10018
11455.000,11455.000,20.00,9983
11460.000,11460.000,20.00,8947
11465.000,11465.000,20.00,9327
11470.000,11470.000,20.00,9494
11475.000,11475.000,20.00,10032
11480.000,11480.000,20.00,10032
11485.000,11485.000,20.00,10030
11490.000,11490.000,20.00,10034
11495.000,11495.000,20.00,10027
11500.000,11500.000,20.00,10032
11505.000,11505.000,20.00,10029
11510.000,11510.000,20.00,10029
11515.000,11515.000,20.00,10022
11520.000,11520.000,20.00,10022
11525.000,11525.000,20.00,10029
11530.000,11530.000,20.00,10022
11535.000,11535.000,20.00,9932
11540.000,11540.000,20.00,9911
11545.000,11545.000,20.00,10032
11550.000,11550.000,20.00,10032
11555.000,11555.000,20.00,10032
11560.000,11560.000,20.00,10029
11565.000,11565.000,20.00,10029
11570.000,11570.000,20.00,10032
11575.000,11575.000,20.00,10029
11580.000,11580.000,20.00,10031
11585.000,11585.000,20.00,10027
11590.000,11590.000,20.00,10029
11595.000,11595.000,20.00,10029
11600.000,11600.000,20.00,10029
11605.000,11605.000,20.00,10029
11610.000,11610.000,20.00,10033
11615.000,11615.000,20.00,10030
11620.000,11620.000,20.00,10031
11625.000,11625.000,20.00,10030
11630.000,11630.000,20.00,10032
11635.000,11635.000,20.00,10032
11640.000,11640.000,20.00,10041
11645.000,11645.000,20.00,10040
11650.000,11650.000,20.00,10040
11655.000,11655.000,20.00,10039
11660.000,11660.000,20.00,10041
11665.000,11665.000,20.00,10039
11670.000,11670.000,20.00,10036
11675.000,11675.000,20.00,10032
11680.000,11680.000,20.00,10032
11685.000,11685.000,20.00,10034
11690.000,11690.000,20.00,10032
11695.000,11695.000,20.00,10032
11700.000,11700.000,20.00,9696
11705.000,11705.000,20.00,9593
11710.000,11710.000,20.00,9706
11715.000,11715.000,20.00,9341
11720.000,11720.000,20.00,9661
11725.000,11725.000,20.00,9800
11730.000,11730.000,20.00,10031
11735.000,11735.000,20.00,10030
11740.000,11740.000,20.00,10032
11745.000,11745.000,20.00,10020
11750.000,11750.000,20.00,10029
11755.000,11755.000,20.00,10004
11760.000,11760.000,20.00,10031
11765.000,11765.000,20.00,10029
11770.000,11770.000,20.00,10032
11775.000,11775.000,20.00,10032
11780.000,11780.000,20.00,10032
11785.000,11785.000,20.00,10029
11790.000,11790.000,20.00,10029
11795.000,11795.000,20.00,10032
11800.000,11800.000,20.00,10020
11805.000,11805.000,20.00,10029
11810.000,11810.000,20.00,10009
11815.000,11815.000,20.00,9990
11820.000,11820.000,20.00,9378
11825.000,11825.000,20.00,9381
11830.000,11830.000,20.00,9376
11835.000,11835.000,20.00,9378
11840.000,11840.000,20.00,9378
11845.000,11845.000,20.00,9369
11850.000,11850.000,20.00,9367
11855.000,11855.000,20.00,9362
11860.000,11860.000,20.00,9369
11865.000,11865.000,20.00,9348
11870.000,11870.000,20.00,9216
11875.000,11875.000,20.00,9193
11880.000,11880.000,20.00,9376
11885.000,11885.000,20.00,9376
11890.000,11890.000,20.00,9378
11895.000,11895.000,20.00,9376
11900.000,11900.000,20.00,9374
11905.000,11905.000,20.00,9374
11910.000,11910.000,20.00,9378
11915.000,11915.000,20.00,9371
11920.000,11920.000,20.00,9372
11925.000,11925.000,20.00,9353
11930.000,11930.000,20.00,9369
11935.000,11935.000,20.00,9374
11940.000,11940.000,20.00,9373
11945.000,11945.000,20.00,9339
11950.000,11950.000,20.00,9362
11955.000,11955.000,20.00,9365
11960.000,11960.000,20.00,9376
11965.000,11965.000,20.00,9376
11970.000,11970.000,20.00,9223
11975.000,11975.000,20.00,9230
11980.000,11980.000,20.00,9311
11985.000,11985.000,20.00,9276
11990.000,11990.000,20.00,9355
11995.000,11995.000,20.00,9371
12000.000,12000.000,20.00,8950
12005.000,12005.000,20.00,9049
12010.000,12010.000,20.00,9049
12015.000,12015.000,20.00,9049
12020.000,12020.000,20.00,9054
12025.000,12025.000,20.00,9059
12030.000,12030.000,20.00,8852
12035.000,12035.000,20.00,9059
12040.000,12040.000,20.00,9059
12045.000,12045.000,20.00,9061
12050.000,12050.000,20.00,9061
12055.000,12055.000,20.00,9054
12060.000,12060.000,20.00,9378
12065.000,12065.000,20.00,9378
12070.000,12070.000,20.00,9378
12075.000,12075.000,20.00,9376
12080.000,12080.000,20.00,9376
12085.000,12085.000,20.00,9376
12090.000,12090.000,20.00,9376
12095.000,12095.000,20.00,9369
12100.000,12100.000,20.00,9371
12105.000,12105.000,20.00,9371
12110.000,12110.000,20.00,9376
12115.000,12115.000,20.00,9376
12120.000,12120.000,20.00,9174
12125.000,12125.000,20.00,9304
12130.000,12130.000,20.00,9012
12135.000,12135.000,20.00,9263
12140.000,12140.000,20.00,9168
12145.000,12145.000,20.00,9191
12150.000,12150.000,20.00,9378
12155.000,12155.000,20.00,9376
12160.000,12160.000,20.00,9376
12165.000,12165.000,20.00,9376
12170.000,12170.000,20.00,9376
12175.000,12175.000,20.00,9376
12180.000,12180.000,20.00,9374
12185.000,12185.000,20.00,9376
12190.000,12190.000,20.00,9374
12195.000,12195.000,20.00,9376
12200.000,12200.000,20.00,9374
12205.000,12205.000,20.00,9376
12210.000,12210.000,20.00,9376
12215.000,12215.000,20.00,9374
12220.000,12220.000,20.00,9374
12225.000,12225.000,20.00,9374
12230.000,12230.000,20.00,9374
12235.000,12235.000,20.00,9376
12240.000,12240.000,20.00,9355
12245.000,12245.000,20.00,9263
12250.000,12250.000,20.00,8510
12255.000,12255.000,20.00,8517
12260.000,12260.000,20.00,8602
12265.000,12265.000,20.00,9330
12270.000,12270.000,20.00,9223
12275.000,12275.000,20.00,8869
12280.000,12280.000,20.00,8876
12285.000,12285.000,20.00,8489
12290.000,12290.000,20.00,8542
12295.000,12295.000,20.00,8503
12300.000,12300.000,20.00,9001
12305.000,12305.000,20.00,9276
12310.000,12310.000,20.00,9327
12315.000,12315.000,20.00,9341
12320.000,12320.000,20.00,8880
12325.000,12325.000,20.00,8799
12330.000,12330.000,20.00,9380
12335.000,12335.000,20.00,9376
12340.000,12340.000,20.00,9378
12345.000,12345.000,20.00,9376
12350.000,12350.000,20.00,9376
12355.000,12355.000,20.00,9374
12360.000,12360.000,20.00,9383
12365.000,12365.000,20.00,9381
12370.000,12370.000,20.00,9378
12375.000,12375.000,20.00,9383
12380.000,12380.000,20.00,9381
12385.000,12385.000,20.00,9378
12390.000,12390.000,20.00,9378
12395.000,12395.000,20.00,9376
12400.000,12400.000,20.00,9378
12405.000,12405.000,20.00,9378
12410.000,12410.000,20.00,9381
12415.000,12415.000,20.00,9378
12420.000,12420.000,20.00,9378
12425.000,12425.000,20.00,9376
12430.000,12430.000,20.00,9376
12435.000,12435.000,20.00,9376
12440.000,12440.000,20.00,9376
12445.000,12445.000,20.00,9376
12450.000,12450.000,20.00,9376
12455.000,12455.000,20.00,9374
12460.000,12460.000,20.00,9378
12465.000,12465.000,20.00,9376
12470.000,12470.000,20.00,9376
12475.000,12475.000,20.00,9376
12480.000,12480.000,20.00,9380
12485.000,12485.000,20.00,9377
12490.000,12490.000,20.00,9376
12495.000,12495.000,20.00,9374
12500.000,12500.000,20.00,9378
12505.000,12505.000,20.00,9376
12510.000,12510.000,20.00,9397
12515.000,12515.000,20.00,9397
12520.000,12520.000,20.00,9390
12525.000,12525.000,20.00,9397
12530.000,12530.000,20.00,9397
12535.000,12535.000,20.00,9397
12540.000,12540.000,20.00,9380
12545.000,12545.000,20.00,9376
12550.000,12550.000,20.00,9376
12555.000,12555.000,20.00,9378
12560.000,12560.000,20.00,9374
12565.000,12565.000,20.00,9376
12570.000,12570.000,20.00,9374
12575.000,12575.000,20.00,9371
12580.000,12580.000,20.00,9371
12585.000,12585.000,20.00,9365
12590.000,12590.000,20.00,9369
12595.000,12595.000,20.00,9374
12600.000,12600.000,20.00,9371
12605.000,12605.000,20.00,9369
12610.000,12610.000,20.00,9369
12615.000,12615.000,20.00,9374
12620.000,12620.000,20.00,9365
12625.000,12625.000,20.00,9376
12630.000,12630.000,20.00,10034
12635.000,12635.000,20.00,10029
12640.000,12640.000,20.00,10027
12645.000,12645.000,20.00,10029
12650.000,12650.000,20.00,10029
12655.000,12655.000,20.00,9608
12660.000,12660.000,20.00,10032
12665.000,12665.000,20.00,10029
12670.000,12670.000,20.00,10032
12675.000,12675.000,20.00,10032
12680.000,12680.000,20.00,10029
12685.000,12685.000,20.00,10032
12690.000,12690.000,20.00,10031
12695.000,12695.000,20.00,10032
12700.000,12700.000,20.00,10029
12705.000,12705.000,20.00,10029
12710.000,12710.000,20.00,10029
12715.000,12715.000,20.00,10029
12720.000,12720.000,20.00,10033
12725.000,12725.000,20.00,10032
12730.000,12730.000,20.00,10032
12735.000,12735.000,20.00,10032
12740.000,12740.000,20.00,10032
12745.000,12745.000,20.00,10029
12750.000,12750.000,20.00,10032
12755.000,12755.000,20.00,10034
12760.000,12760.000,20.00,10032
12765.000,12765.000,20.00,10032
12770.000,12770.000,20.00,10032
12775.000,12775.000,20.00,10032
12780.000,12780.000,20.00,10031
12785.000,12785.000,20.00,10032
12790.000,12790.000,20.00,10029
12795.000,12795.000,20.00,10034
12800.000,12800.000,20.00,10034
12805.000,12805.000,20.00,10032
12810.000,12810.000,20.00,10034
12815.000,12815.000,20.00,10032
12820.000,12820.000,20.00,10032
12825.000,12825.000,20.00,10032
12830.000,12830.000,20.00,10032
12835.000,12835.000,20.00,10032
12840.000,12840.000,20.00,10032
12845.000,12845.000,20.00,10027
12850.000,12850.000,20.00,10032
12855.000,12855.000,20.00,10032
12860.000,12860.000,20.00,10032
12865.000,12865.000,20.00,10029
12870.000,12870.000,20.00,10031
12875.000,12875.000,20.00,10029
12880.000,12880.000,20.00,10034
12885.000,12885.000,20.00,10029
12890.000,12890.000,20.00,10032
12895.000,12895.000,20.00,10032
12900.000,12900.000,20.00,10031
12905.000,12905.000,20.00,10032
12910.000,12910.000,20.00,10025
12915.000,12915.000,20.00,10034
12920.000,12920.000,20.00,10030
12925.000,12925.000,20.00,10029
12930.000,12930.000,20.00,10029
12935.000,12935.000,20.00,10029
12940.000,12940.000,20.00,10032
12945.000,12945.000,20.00,10027
12950.000,12950.000,20.00,10029
12955.000,12955.000,20.00,10029
12960.000,12960.000,20.00,9570
12965.000,12965.000,20.00,9849
12970.000,12970.000,20.00,9724
12975.000,12975.000,20.00,9777
12980.000,12980.000,20.00,9788
12985.000,12985.000,20.00,9816
12990.000,12990.000,20.00,10015
12995.000,12995.000,20.00,10011
13000.000,13000.000,20.00,9995
13005.000,13005.000,20.00,9909
13010.000,13010.000,20.00,9965
13015.000,13015.000,20.00,9281
13020.000,13020.000,20.00,10032
13025.000,13025.000,20.00,10032
13030.000,13030.000,20.00,10022
13035.000,13035.000,20.00,10020
13040.000,13040.000,20.00,10016
13045.000,13045.000,20.00,10027
13050.000,13050.000,20.00,10031
13055.000,13055.000,20.00,10029
13060.000,13060.000,20.00,10027
13065.000,13065.000,20.00,10025
13070.000,13070.000,20.00,10011
13075.000,13075.000,20.00,10020
13080.000,13080.000,20.00,10029
13085.000,13085.000,20.00,10032
13090.000,13090.000,20.00,10029
13095.000,13095.000,20.00,10032
13100.000,13100.000,20.00,10029
13105.000,13105.000,20.00,10027
13110.000,13110.000,20.00,10025
13115.000,13115.000,20.00,9483
13120.000,13120.000,20.00,10574
13125.000,13125.000,20.00,10032
13130.000,13130.000,20.00,10032
13135.000,13135.000,20.00,10030
13140.000,13140.000,20.00,10034
13145.000,13145.000,20.00,10020
13150.000,13150.000,20.00,10032
13155.000,13155.000,20.00,10032
13160.000,13160.000,20.00,10029
13165.000,13165.000,20.00,10029
13170.000,13170.000,20.00,10027
13175.000,13175.000,20.00,10032
13180.000,13180.000,20.00,10029
13185.000,13185.000,20.00,10029
13190.000,13190.000,20.00,10025
13195.000,13195.000,20.00,10032
13200.000,13200.000,20.00,6885
13205.000,13205.000,20.00,6883
13210.000,13210.000,20.00,6883
13215.000,13215.000,20.00,6883
13220.000,13220.000,20.00,6876
13225.000,13225.000,20.00,6883
13230.000,13230.000,20.00,6888
13235.000,13235.000,20.00,6879
13240.000,13240.000,20.00,6883
13245.000,13245.000,20.00,6882
13250.000,13250.000,20.00,6880
13255.000,13255.000,20.00,6883
13260.000,13260.000,20.00,10034
13265.000,13265.000,20.00,10032
13270.000,13270.000,20.00,10032
13275.000,13275.000,20.00,10032
13280.000,13280.000,20.00,10032
13285.000,13285.000,20.00,10030
13290.000,13290.000,20.00,10032
13295.000,13295.000,20.00,10032
13300.000,13300.000,20.00,10032
13305.000,13305.000,20.00,10030
13310.000,13310.000,20.00,10032
13315.000,13315.000,20.00,10032
13320.000,13320.000,20.00,10031
13325.000,13325.000,20.00,10032
13330.000,13330.000,20.00,10032
13335.000,13335.000,20.00,10032
13340.000,13340.000,20.00,10029
13345.000,13345.000,20.00,10032
13350.000,13350.000,20.00,10034
13355.000,13355.000,20.00,10032
13360.000,13360.000,20.00,10029
13365.000,13365.000,20.00,9958
13370.000,13370.000,20.00,9591
13375.000,13375.000,20.00,9754
13380.000,13380.000,20.00,10032
13385.000,13385.000,20.00,10032
13390.000,13390.000,20.00,10016
13395.000,13395.000,20.00,9994
13400.000,13400.000,20.00,10021
13405.000,13405.000,20.00,9999
13410.000,13410.000,20.00,10031
13415.000,13415.000,20.00,10029
13420.000,13420.000,20.00,10027
13425.000,13425.000,20.00,10029
13430.000,13430.000,20.00,10027
13435.000,13435.000,20.00,10029
13440.000,13440.000,20.00,10022
13445.000,13445.000,20.00,10027
13450.000,13450.000,20.00,9955
13455.000,13455.000,20.00,9724
13460.000,13460.000,20.00,9865
13465.000,13465.000,20.00,9867
13470.000,13470.000,20.00,10034
13475.000,13475.000,20.00,10032
13480.000,13480.000,20.00,10030
13485.000,13485.000,20.00,10032
13490.000,13490.000,20.00,10029
13495.000,13495.000,20.00,10032
13500.000,13500.000,20.00,9925
13505.000,13505.000,20.00,9995
13510.000,13510.000,20.00,9981
13515.000,13515.000,20.00,9999
13520.000,13520.000,20.00,10002
13525.000,13525.000,20.00,10027
13530.000,13530.000,20.00,10032
13535.000,13535.000,20.00,10032
13540.000,13540.000,20.00,10029
13545.000,13545.000,20.00,10032
13550.000,13550.000,20.00,10032
13555.000,13555.000,20.00,10029
13560.000,13560.000,20.00,10031
13565.000,13565.000,20.00,10029
13570.000,13570.000,20.00,10029
13575.000,13575.000,20.00,10029
13580.000,13580.000,20.00,10032
13585.000,13585.000,20.00,10029
13590.000,13590.000,20.00,10034
13595.000,13595.000,20.00,10032
13600.000,13600.000,20.00,10029
13605.000,13605.000,20.00,10032
13610.000,13610.000,20.00,10032
13615.000,13615.000,20.00,10029
13620.000,13620.000,20.00,10032
13625.000,13625.000,20.00,10027
13630.000,13630.000,20.00,10018
13635.000,13635.000,20.00,10020
13640.000,13640.000,20.00,10027
13645.000,13645.000,20.00,10011
13650.000,13650.000,20.00,9793
13655.000,13655.000,20.00,10025
13660.000,13660.000,20.00,10032
13665.000,13665.000,20.00,10027
13670.000,13670.000,20.00,10029
13675.000,13675.000,20.00,10032
13680.000,13680.000,20.00,10029
13685.000,13685.000,20.00,10027
13690.000,13690.000,20.00,10029
13695.000,13695.000,20.00,10027
13700.000,13700.000,20.00,10029
13705.000,13705.000,20.00,10029
13710.000,13710.000,20.00,10027
13715.000,13715.000,20.00,10032
13720.000,13720.000,20.00,10027
13725.000,13725.000,20.00,10025
13730.000,13730.000,20.00,10025
13735.000,13735.000,20.00,10018
13740.000,13740.000,20.00,10031
13745.000,13745.000,20.00,10027
13750.000,13750.000,20.00,10036
13755.000,13755.000,20.00,10036
13760.000,13760.000,20.00,10036
13765.000,13765.000,20.00,10039
13770.000,13770.000,20.00,10034
13775.000,13775.000,20.00,10032
13780.000,13780.000,20.00,10029
13785.000,13785.000,20.00,10025
13790.000,13790.000,20.00,10025
13795.000,13795.000,20.00,10022
13800.000,13800.000,20.00,10036
13805.000,13805.000,20.00,10032
13810.000,13810.000,20.00,10032
13815.000,13815.000,20.00,10034
13820.000,13820.000,20.00,10034
13825.000,13825.000,20.00,10032
13830.000,13830.000,20.00,10034
13835.000,13835.000,20.00,10034
13840.000,13840.000,20.00,10032
13845.000,13845.000,20.00,10034
13850.000,13850.000,20.00,10034
13855.000,13855.000,20.00,10034
13860.000,13860.000,20.00,10020
13865.000,13865.000,20.00,10022
13870.000,13870.000,20.00,10002
13875.000,13875.000,20.00,10016
13880.000,13880.000,20.00,10008
13885.000,13885.000,20.00,10030
13890.000,13890.000,20.00,10032
13895.000,13895.000,20.00,10032
13900.000,13900.000,20.00,10030
13905.000,13905.000,20.00,10032
13910.000,13910.000,20.00,10032
13915.000,13915.000,20.00,10032
13920.000,13920.000,20.00,10031
13925.000,13925.000,20.00,10029
13930.000,13930.000,20.00,10027
13935.000,13935.000,20.00,10030
13940.000,13940.000,20.00,10029
13945.000,13945.000,20.00,10027
13950.000,13950.000,20.00,9742
13955.000,13955.000,20.00,9733
13960.000,13960.000,20.00,9934
13965.000,13965.000,20.00,9863
13970.000,13970.000,20.00,9638
13975.000,13975.000,20.00,9733
13980.000,13980.000,20.00,9999
13985.000,13985.000,20.00,10004
13990.000,13990.000,20.00,9997
13995.000,13995.000,20.00,10002
14000.000,14000.000,20.00,10009
14005.000,14005.000,20.00,10009
14010.000,14010.000,20.00,9997
14015.000,14015.000,20.00,9983
14020.000,14020.000,20.00,9983
14025.000,14025.000,20.00,9997
14030.000,14030.000,20.00,10009
14035.000,14035.000,20.00,10004
14040.000,14040.000,20.00,10034
14045.000,14045.000,20.00,10032
14050.000,14050.000,20.00,9573
14055.000,14055.000,20.00,10488
14060.000,14060.000,20.00,10018
14065.000,14065.000,20.00,10029
14070.000,14070.000,20.00,10025
14075.000,14075.000,20.00,10032
14080.000,14080.000,20.00,10032
14085.000,14085.000,20.00,10029
14090.000,14090.000,20.00,10009
14095.000,14095.000,20.00,10006
14100.000,14100.000,20.00,10031
14105.000,14105.000,20.00,10032
14110.000,14110.000,20.00,10032
14115.000,14115.000,20.00,10032
14120.000,14120.000,20.00,10029
14125.000,14125.000,20.00,10032
14130.000,14130.000,20.00,10034
14135.000,14135.000,20.00,10029
14140.000,14140.000,20.00,10032
14145.000,14145.000,20.00,10032
14150.000,14150.000,20.00,10029
14155.000,14155.000,20.00,10032
14160.000,14160.000,20.00,10036
14165.000,14165.000,20.00,10036
14170.000,14170.000,20.00,10036
14175.000,14175.000,20.00,10036
14180.000,14180.000,20.00,10036
14185.000,14185.000,20.00,10036
14190.000,14190.000,20.00,10034
14195.000,14195.000,20.00,10029
14200.000,14200.000,20.00,10032
14205.000,14205.000,20.00,10029
14210.000,14210.000,20.00,10032
14215.000,14215.000,20.00,10032
14220.000,14220.000,20.00,10031
14225.000,14225.000,20.00,10030
14230.000,14230.000,20.00,10032
14235.000,14235.000,20.00,10032
14240.000,14240.000,20.00,10029
14245.000,14245.000,20.00,10029
14250.000,14250.000,20.00,10027
14255.000,14255.000,20.00,10027
14260.000,14260.000,20.00,10029
14265.000,14265.000,20.00,10027
14270.000,14270.000,20.00,10029
14275.000,14275.000,20.00,10029
14280.000,14280.000,20.00,10031
14285.000,14285.000,20.00,10029
14290.000,14290.000,20.00,10032
14295.000,14295.000,20.00,10027
14300.000,14300.000,20.00,10029
14305.000,14305.000,20.00,10029
14310.000,14310.000,20.00,10031
14315.000,14315.000,20.00,10032
14320.000,14320.000,20.00,10032
14325.000,14325.000,20.00,10032
14330.000,14330.000,20.00,10032
14335.000,14335.000,20.00,10032
14340.000,14340.000,20.00,10027
14345.000,14345.000,20.00,10029
14350.000,14350.000,20.00,10029
14355.000,14355.000,20.00,10027
14360.000,14360.000,20.00,10027
14365.000,14365.000,20.00,10027
14370.000,14370.000,20.00,10031
14375.000,14375.000,20.00,10029
14380.000,14380.000,20.00,10029
14385.000,14385.000,20.00,10032
14390.000,14390.000,20.00,10029
14395.000,14395.000,20.00,10032
14400.000,14400.000,20.00,10029
14405.000,14405.000,20.00,10032
14410.000,14410.000,20.00,10032
14415.000,14415.000,20.00,10032
14420.000,14420.000,20.00,10030
14425.000,14425.000,20.00,10032
14430.000,14430.000,20.00,10029
14435.000,14435.000,20.00,10022
14440.000,14440.000,20.00,10020
14445.000,14445.000,20.00,9988
14450.000,14450.000,20.00,9890
14455.000,14455.000,20.00,9677
14460.000,14460.000,20.00,10034
14465.000,14465.000,20.00,10020
14470.000,14470.000,20.00,10029
14475.000,14475.000,20.00,10029
14480.000,14480.000,20.00,10029
14485.000,14485.000,20.00,10027
14490.000,14490.000,20.00,10036
14495.000,14495.000,20.00,10032
14500.000,14500.000,20.00,10032
14505.000,14505.000,20.00,10027
14510.000,14510.000,20.00,10034
14515.000,14515.000,20.00,10030
14520.000,14520.000,20.00,10032
14525.000,14525.000,20.00,10032
14530.000,14530.000,20.00,10029
14535.000,14535.000,20.00,10032
14540.000,14540.000,20.00,10032
14545.000,14545.000,20.00,10027
14550.000,14550.000,20.00,10027
14555.000,14555.000,20.00,10022
14560.000,14560.000,20.00,10027
14565.000,14565.000,20.00,10027
14570.000,14570.000,20.00,9872
14575.000,14575.000,20.00,9691
14580.000,14580.000,20.00,10034
14585.000,14585.000,20.00,10034
14590.000,14590.000,20.00,10030
14595.000,14595.000,20.00,10032
14600.000,14600.000,20.00,10032
14605.000,14605.000,20.00,10013
14610.000,14610.000,20.00,9879
14615.000,14615.000,20.00,9909
14620.000,14620.000,20.00,10025
14625.000,14625.000,20.00,9923
14630.000,14630.000,20.00,9777
14635.000,14635.000,20.00,9883
14640.000,14640.000,20.00,10034
14645.000,14645.000,20.00,10029
14650.000,14650.000,20.00,10027
14655.000,14655.000,20.00,10029
14660.000,14660.000,20.00,10030
14665.000,14665.000,20.00,10032
14670.000,14670.000,20.00,10029
14675.000,14675.000,20.00,10032
14680.000,14680.000,20.00,10032
14685.000,14685.000,20.00,10029
14690.000,14690.000,20.00,10029
14695.000,14695.000,20.00,10022
14700.000,14700.000,20.00,10034
14705.000,14705.000,20.00,10034
14710.000,14710.000,20.00,10034
14715.000,14715.000,20.00,10032
14720.000,14720.000,20.00,10034
14725.000,14725.000,20.00,10025
14730.000,14730.000,20.00,10038
14735.000,14735.000,20.00,10036
14740.000,14740.000,20.00,10036
14745.000,14745.000,20.00,10036
14750.000,14750.000,20.00,10034
14755.000,14755.000,20.00,10029
14760.000,14760.000,20.00,10034
14765.000,14765.000,20.00,10029
14770.000,14770.000,20.00,10032
14775.000,14775.000,20.00,10032
14780.000,14780.000,20.00,10030
14785.000,14785.000,20.00,10032
14790.000,14790.000,20.00,10029
14795.000,14795.000,20.00,10032
14800.000,14800.000,20.00,10030
14805.000,14805.000,20.00,10029
14810.000,14810.000,20.00,10029
14815.000,14815.000,20.00,10029
14820.000,14820.000,20.00,10031
14825.000,14825.000,20.00,10029
14830.000,14830.000,20.00,10029
14835.000,14835.000,20.00,10029
14840.000,14840.000,20.00,10029
14845.000,14845.000,20.00,10029
14850.000,14850.000,20.00,10034
14855.000,14855.000,20.00,10032
14860.000,14860.000,20.00,10029
14865.000,14865.000,20.00,10029
14870.000,14870.000,20.00,10032
14875.000,14875.000,20.00,10029
14880.000,14880.000,20.00,10029
14885.000,14885.000,20.00,10032
14890.000,14890.000,20.00,10029
14895.000,14895.000,20.00,10029
14900.000,14900.000,20.00,10032
14905.000,14905.000,20.00,10027
14910.000,14910.000,20.00,10031
14915.000,14915.000,20.00,10029
14920.000,14920.000,20.00,10029
14925.000,14925.000,20.00,10027
14930.000,14930.000,20.00,10006
14935.000,14935.000,20.00,10025
14940.000,14940.000,20.00,10034
14945.000,14945.000,20.00,10032
14950.000,14950.000,20.00,10029
14955.000,14955.000,20.00,10029
14960.000,14960.000,20.00,10032
14965.000,14965.000,20.00,10032
14970.000,14970.000,20.00,10018
14975.000,14975.000,20.00,9958
14980.000,14980.000,20.00,9550
14985.000,14985.000,20.00,9402
14990.000,14990.000,20.00,9355
14995.000,14995.000,20.00,9123
15000.000,15000.000,20.00,901
15005.000,15005.000,20.00,725
15010.000,15010.000,20.00,732
15015.000,15015.000,20.00,491
15020.000,15020.000,20.00,635
15025.000,15025.000,20.00,656
15030.000,15030.000,20.00,10041
15035.000,15035.000,20.00,10037
15040.000,15040.000,20.00,10039
15045.000,15045.000,20.00,10039
15050.000,15050.000,20.00,10039
15055.000,15055.000,20.00,10039
15060.000,15060.000,20.00,7740
15065.000,15065.000,20.00,7740
15070.000,15070.000,20.00,7740
15075.000,15075.000,20.00,7740
15080.000,15080.000,20.00,7740
15085.000,15085.000,20.00,7740
15090.000,15090.000,20.00,7740
15095.000,15095.000,20.00,7740
15100.000,15100.000,20.00,7738
15105.000,15105.000,20.00,7743
15110.000,15110.000,20.00,7743
15115.000,15115.000,20.00,7743
15120.000,15120.000,20.00,7743
15125.000,15125.000,20.00,7736
15130.000,15130.000,20.00,7738
15135.000,15135.000,20.00,7713
15140.000,15140.000,20.00,7467
15145.000,15145.000,20.00,7317
15150.000,15150.000,20.00,7743
15155.000,15155.000,20.00,7743
15160.000,15160.000,20.00,7738
15165.000,15165.000,20.00,7740
15170.000,15170.000,20.00,7740
15175.000,15175.000,20.00,7740
15180.000,15180.000,20.00,7743
15185.000,15185.000,20.00,7743
15190.000,15190.000,20.00,7743
15195.000,15195.000,20.00,7738
15200.000,15200.000,20.00,7694
15205.000,15205.000,20.00,7724
15210.000,15210.000,20.00,10029
15215.000,15215.000,20.00,10039
15220.000,15220.000,20.00,10036
15225.000,15225.000,20.00,10039
15230.000,15230.000,20.00,10036
15235.000,15235.000,20.00,10039
15240.000,15240.000,20.00,10038
15245.000,15245.000,20.00,10034
15250.000,15250.000,20.00,10036
15255.000,15255.000,20.00,10034
15260.000,15260.000,20.00,10039
15265.000,15265.000,20.00,9939
15270.000,15270.000,20.00,9920
15275.000,15275.000,20.00,9927
15280.000,15280.000,20.00,9907
15285.000,15285.000,20.00,9934
15290.000,15290.000,20.00,10025
15295.000,15295.000,20.00,9900
15300.000,15300.000,20.00,10038
15305.000,15305.000,20.00,10036
15310.000,15310.000,20.00,10032
15315.000,15315.000,20.00,10039
15320.000,15320.000,20.00,10036
15325.000,15325.000,20.00,10036
15330.000,15330.000,20.00,10041
15335.000,15335.000,20.00,10041
15340.000,15340.000,20.00,10039
15345.000,15345.000,20.00,10039
15350.000,15350.000,20.00,10039
15355.000,15355.000,20.00,10039
15360.000,15360.000,20.00,10038
15365.000,15365.000,20.00,10041
15370.000,15370.000,20.00,10041
15375.000,15375.000,20.00,10043
15380.000,15380.000,20.00,10041
15385.000,15385.000,20.00,10041
15390.000,15390.000,20.00,10034
15395.000,15395.000,20.00,10027
15400.000,15400.000,20.00,10032
15405.000,15405.000,20.00,10025
15410.000,15410.000,20.00,10025
15415.000,15415.000,20.00,10030
15420.000,15420.000,20.00,10031
15425.000,15425.000,20.00,10025
15430.000,15430.000,20.00,10029
15435.000,15435.000,20.00,10006
15440.000,15440.000,20.00,9967
15445.000,15445.000,20.00,10002
15450.000,15450.000,20.00,9793
15455.000,15455.000,20.00,9795
15460.000,15460.000,20.00,9976
15465.000,15465.000,20.00,9728
15470.000,15470.000,20.00,9911
15475.000,15475.000,20.00,10039
15480.000,15480.000,20.00,10029
15485.000,15485.000,20.00,10032
15490.000,15490.000,20.00,10032
15495.000,15495.000,20.00,10032
15500.000,15500.000,20.00,10027
15505.000,15505.000,20.00,10025
15510.000,15510.000,20.00,10022
15515.000,15515.000,20.00,10020
15520.000,15520.000,20.00,9890
15525.000,15525.000,20.00,9554
15530.000,15530.000,20.00,9566
15535.000,15535.000,20.00,9483
15540.000,15540.000,20.00,10031
15545.000,15545.000,20.00,10032
15550.000,15550.000,20.00,10027
15555.000,15555.000,20.00,9907
15560.000,15560.000,20.00,9554
15565.000,15565.000,20.00,9543
15570.000,15570.000,20.00,10031
15575.000,15575.000,20.00,10029
15580.000,15580.000,20.00,10032
15585.000,15585.000,20.00,9976
15590.000,15590.000,20.00,10083
15595.000,15595.000,20.00,10029
15600.000,15600.000,20.00,9906
15605.000,15605.000,20.00,9585
15610.000,15610.000,20.00,9738
15615.000,15615.000,20.00,9432
15620.000,15620.000,20.00,9253
15625.000,15625.000,20.00,9107
15630.000,15630.000,20.00,10029
15635.000,15635.000,20.00,10009
15640.000,15640.000,20.00,9995
15645.000,15645.000,20.00,9969
15650.000,15650.000,20.00,9550
15655.000,15655.000,20.00,9276
15660.000,15660.000,20.00,10031
15665.000,15665.000,20.00,10032
15670.000,15670.000,20.00,10032
15675.000,15675.000,20.00,10029
15680.000,15680.000,20.00,10032
15685.000,15685.000,20.00,10032
15690.000,15690.000,20.00,10032
15695.000,15695.000,20.00,10029
15700.000,15700.000,20.00,10025
15705.000,15705.000,20.00,10027
15710.000,15710.000,20.00,10016
15715.000,15715.000,20.00,10016
15720.000,15720.000,20.00,10015
15725.000,15725.000,20.00,10027
15730.000,15730.000,20.00,10027
15735.000,15735.000,20.00,10027
15740.000,15740.000,20.00,10029
15745.000,15745.000,20.00,10029
15750.000,15750.000,20.00,10008
15755.000,15755.000,20.00,9877
15760.000,15760.000,20.00,9422
15765.000,15765.000,20.00,10340
15770.000,15770.000,20.00,10029
15775.000,15775.000,20.00,10016
15780.000,15780.000,20.00,10020
15785.000,15785.000,20.00,9971
15790.000,15790.000,20.00,9694
15795.000,15795.000,20.00,9640
15800.000,15800.000,20.00,9578
15805.000,15805.000,20.00,9672
15810.000,15810.000,20.00,10029
15815.000,15815.000,20.00,10022
15820.000,15820.000,20.00,10029
15825.000,15825.000,20.00,9997
15830.000,15830.000,20.00,9466
15835.000,15835.000,20.00,9587
15840.000,15840.000,20.00,10034
15845.000,15845.000,20.00,10029
15850.000,15850.000,20.00,10029
15855.000,15855.000,20.00,10034
15860.000,15860.000,20.00,10030
15865.000,15865.000,20.00,10029
15870.000,15870.000,20.00,10032
15875.000,15875.000,20.00,10029
15880.000,15880.000,20.00,10032
15885.000,15885.000,20.00,10032
15890.000,15890.000,20.00,10032
15895.000,15895.000,20.00,10029
15900.000,15900.000,20.00,10031
15905.000,15905.000,20.00,10034
15910.000,15910.000,20.00,10034
15915.000,15915.000,20.00,10034
15920.000,15920.000,20.00,10032
15925.000,15925.000,20.00,10034
15930.000,15930.000,20.00,10034
15935.000,15935.000,20.00,10034
15940.000,15940.000,20.00,10032
15945.000,15945.000,20.00,10032
15950.000,15950.000,20.00,10032
15955.000,15955.000,20.00,10034
15960.000,15960.000,20.00,9784
15965.000,15965.000,20.00,9728
15970.000,15970.000,20.00,9307
15975.000,15975.000,20.00,9497
15980.000,15980.000,20.00,8139
15985.000,15985.000,20.00,7578
15990.000,15990.000,20.00,10029
15995.000,15995.000,20.00,10032
16000.000,16000.000,20.00,10029
16005.000,16005.000,20.00,10032
16010.000,16010.000,20.00,10028
16015.000,16015.000,20.00,10029
16020.000,16020.000,20.00,10034
16025.000,16025.000,20.00,10032
16030.000,16030.000,20.00,10032
16035.000,16035.000,20.00,10032
16040.000,16040.000,20.00,10022
16045.000,16045.000,20.00,10032
16050.000,16050.000,20.00,10029
16055.000,16055.000,20.00,10029
16060.000,16060.000,20.00,10029
16065.000,16065.000,20.00,10022
16070.000,16070.000,20.00,10027
16075.000,16075.000,20.00,10029
16080.000,16080.000,20.00,9661
16085.000,16085.000,20.00,10416
16090.000,16090.000,20.00,10025
16095.000,16095.000,20.00,10025
16100.000,16100.000,20.00,10027
16105.000,16105.000,20.00,10018
16110.000,16110.000,20.00,10034
16115.000,16115.000,20.00,10025
16120.000,16120.000,20.00,10029
16125.000,16125.000,20.00,10029
16130.000,16130.000,20.00,10032
16135.000,16135.000,20.00,10029
16140.000,16140.000,20.00,10039
16145.000,16145.000,20.00,10029
16150.000,16150.000,20.00,10032
16155.000,16155.000,20.00,10036
16160.000,16160.000,20.00,10039
16165.000,16165.000,20.00,10034
16170.000,16170.000,20.00,9756
16175.000,16175.000,20.00,10018
16180.000,16180.000,20.00,9890
16185.000,16185.000,20.00,9747
16190.000,16190.000,20.00,9934
16195.000,16195.000,20.00,10004
16200.000,16200.000,20.00,10034
16205.000,16205.000,20.00,10027
16210.000,16210.000,20.00,10032
16215.000,16215.000,20.00,10032
16220.000,16220.000,20.00,10029
16225.000,16225.000,20.00,10032
16230.000,16230.000,20.00,10032
16235.000,16235.000,20.00,10029
16240.000,16240.000,20.00,10020
16245.000,16245.000,20.00,10006
16250.000,16250.000,20.00,9902
16255.000,16255.000,20.00,10029
16260.000,16260.000,20.00,10029
16265.000,16265.000,20.00,10029
16270.000,16270.000,20.00,10027
16275.000,16275.000,20.00,10029
16280.000,16280.000,20.00,10029
16285.000,16285.000,20.00,10029
16290.000,16290.000,20.00,10045
16295.000,16295.000,20.00,10053
16300.000,16300.000,20.00,10053
16305.000,16305.000,20.00,10050
16310.000,16310.000,20.00,10053
16315.000,16315.000,20.00,10034
16320.000,16320.000,20.00,10029
16325.000,16325.000,20.00,9990
16330.000,16330.000,20.00,10027
16335.000,16335.000,20.00,10029
16340.000,16340.000,20.00,10029
16345.000,16345.000,20.00,10032
16350.000,16350.000,20.00,10032
16355.000,16355.000,20.00,10032
16360.000,16360.000,20.00,10029
16365.000,16365.000,20.00,10029
16370.000,16370.000,20.00,10032
16375.000,16375.000,20.00,10032
16380.000,16380.000,20.00,10031
16385.000,16385.000,20.00,10018
16390.000,16390.000,20.00,10027
16395.000,16395.000,20.00,10025
16400.000,16400.000,20.00,10029
16405.000,16405.000,20.00,10020
16410.000,16410.000,20.00,10034
16415.000,16415.000,20.00,10032
16420.000,16420.000,20.00,10032
16425.000,16425.000,20.00,10034
16430.000,16430.000,20.00,10029
16435.000,16435.000,20.00,10029
16440.000,16440.000,20.00,10032
16445.000,16445.000,20.00,10029
16450.000,16450.000,20.00,10032
16455.000,16455.000,20.00,10030
16460.000,16460.000,20.00,10018
16465.000,16465.000,20.00,10032
16470.000,16470.000,20.00,10034
16475.000,16475.000,20.00,10032
16480.000,16480.000,20.00,10029
16485.000,16485.000,20.00,10032
16490.000,16490.000,20.00,10029
16495.000,16495.000,20.00,10032
16500.000,16500.000,20.00,10034
16505.000,16505.000,20.00,10029
16510.000,16510.000,20.00,10029
16515.000,16515.000,20.00,10029
16520.000,16520.000,20.00,10029
16525.000,16525.000,20.00,10029
16530.000,16530.000,20.00,10032
16535.000,16535.000,20.00,10032
16540.000,16540.000,20.00,10020
16545.000,16545.000,20.00,10032
16550.000,16550.000,20.00,10030
16555.000,16555.000,20.00,10027
16560.000,16560.000,20.00,10034
16565.000,16565.000,20.00,10029
16570.000,16570.000,20.00,10029
16575.000,16575.000,20.00,10029
16580.000,16580.000,20.00,10032
16585.000,16585.000,20.00,10025
16590.000,16590.000,20.00,10034
16595.000,16595.000,20.00,10006
16600.000,16600.000,20.00,10025
16605.000,16605.000,20.00,10029
16610.000,16610.000,20.00,10029
16615.000,16615.000,20.00,10027
16620.000,16620.000,20.00,10032
16625.000,16625.000,20.00,10032
16630.000,16630.000,20.00,10029
16635.000,16635.000,20.00,10032
16640.000,16640.000,20.00,10029
16645.000,16645.000,20.00,10032
16650.000,16650.000,20.00,10034
16655.000,16655.000,20.00,10032
16660.000,16660.000,20.00,10032
16665.000,16665.000,20.00,10034
16670.000,16670.000,20.00,10036
16675.000,16675.000,20.00,10034
16680.000,16680.000,20.00,10027
16685.000,16685.000,20.00,9656
16690.000,16690.000,20.00,9378
16695.000,16695.000,20.00,9321
16700.000,16700.000,20.00,9286
16705.000,16705.000,20.00,9084
16710.000,16710.000,20.00,6570
16715.000,16715.000,20.00,6508
16720.000,16720.000,20.00,6654
16725.000,16725.000,20.00,6714
16730.000,16730.000,20.00,6881
16735.000,16735.000,20.00,6767
16740.000,16740.000,20.00,6980
16745.000,16745.000,20.00,6981
16750.000,16750.000,20.00,6980
16755.000,16755.000,20.00,6976
16760.000,16760.000,20.00,6923
16765.000,16765.000,20.00,6797
16770.000,16770.000,20.00,6883
16775.000,16775.000,20.00,6939
16780.000,16780.000,20.00,6936
16785.000,16785.000,20.00,6964
16790.000,16790.000,20.00,6932
16795.000,16795.000,20.00,6888
16800.000,16800.000,20.00,6980
16805.000,16805.000,20.00,6978
16810.000,16810.000,20.00,6978
16815.000,16815.000,20.00,6978
16820.000,16820.000,20.00,6966
16825.000,16825.000,20.00,6976
16830.000,16830.000,20.00,6982
16835.000,16835.000,20.00,6978
16840.000,16840.000,20.00,6976
16845.000,16845.000,20.00,6978
16850.000,16850.000,20.00,6978
16855.000,16855.000,20.00,6978
