since,relative_seconds,rtt,bandwidth_kbps
0.000,0.000,20.00,10054
5.000,5.000,20.00,10006
10.000,10.000,20.00,9992
15.000,15.000,20.00,10032
20.000,20.000,20.00,10085
25.000,25.000,20.00,9921
30.000,30.000,20.00,10059
35.000,35.000,20.00,10057
40.000,40.000,20.00,10015
45.000,45.000,20.00,10050
50.000,50.000,20.00,9893
55.000,55.000,20.00,9960
60.000,60.000,20.00,9921
65.000,65.000,20.00,9944
70.000,70.000,20.00,10029
75.000,75.000,20.00,9979
80.000,80.000,20.00,9965
85.000,85.000,20.00,9926
90.000,90.000,20.00,10057
95.000,95.000,20.00,10057
100.000,100.000,20.00,10066
105.000,105.000,20.00,10015
110.000,110.000,20.00,10112
115.000,115.000,20.00,10101
120.000,120.000,20.00,10149
125.000,125.000,20.00,9976
130.000,130.000,20.00,10022
135.000,135.000,20.00,9997
140.000,140.000,20.00,9981
145.000,145.000,20.00,10119
150.000,150.000,20.00,10034
155.000,155.000,20.00,9965
160.000,160.000,20.00,10052
165.000,165.000,20.00,10103
170.000,170.000,20.00,10121
175.000,175.000,20.00,10034
180.000,180.000,20.00,10080
185.000,185.000,20.00,10043
190.000,190.000,20.00,10002
195.000,195.000,20.00,10025
200.000,200.000,20.00,9962
205.000,205.000,20.00,10126
210.000,210.000,20.00,10040
215.000,215.000,20.00,10020
220.000,220.000,20.00,10186
225.000,225.000,20.00,10163
230.000,230.000,20.00,9960
235.000,235.000,20.00,10092
240.000,240.000,20.00,9879
245.000,245.000,20.00,10062
250.000,250.000,20.00,9997
255.000,255.000,20.00,10085
260.000,260.000,20.00,10011
265.000,265.000,20.00,10082
270.000,270.000,20.00,10022
275.000,275.000,20.00,10057
280.000,280.000,20.00,10055
285.000,285.000,20.00,9976
290.000,290.000,20.00,10036
295.000,295.000,20.00,10071
300.000,300.000,20.00,10054
305.000,305.000,20.00,10057
310.000,310.000,20.00,10131
315.000,315.000,20.00,10108
320.000,320.000,20.00,9813
325.000,325.000,20.00,10135
330.000,330.000,20.00,10142
335.000,335.000,20.00,10101
340.000,340.000,20.00,9981
345.000,345.000,20.00,10022
350.000,350.000,20.00,10168
355.000,355.000,20.00,9981
360.000,360.000,20.00,10054
365.000,365.000,20.00,10117
370.000,370.000,20.00,10059
375.000,375.000,20.00,9967
380.000,380.000,20.00,10151
385.000,385.000,20.00,10064
390.000,390.000,20.00,9978
395.000,395.000,20.00,10011
400.000,400.000,20.00,10066
405.000,405.000,20.00,10029
410.000,410.000,20.00,10025
415.000,415.000,20.00,9974
420.000,420.000,20.00,10135
425.000,425.000,20.00,10029
430.000,430.000,20.00,10133
435.000,435.000,20.00,9923
440.000,440.000,20.00,9992
445.000,445.000,20.00,9995
450.000,450.000,20.00,10050
455.000,455.000,20.00,10108
460.000,460.000,20.00,10006
465.000,465.000,20.00,10036
470.000,470.000,20.00,10013
475.000,475.000,20.00,10119
480.000,480.000,20.00,9976
485.000,485.000,20.00,10006
490.000,490.000,20.00,10036
495.000,495.000,20.00,10041
500.000,500.000,20.00,10071
505.000,505.000,20.00,10034
510.000,510.000,20.00,9981
515.000,515.000,20.00,10164
520.000,520.000,20.00,9980
525.000,525.000,20.00,10121
530.000,530.000,20.00,10020
535.000,535.000,20.00,9960
540.000,540.000,20.00,10119
545.000,545.000,20.00,9942
550.000,550.000,20.00,10034
555.000,555.000,20.00,10126
560.000,560.000,20.00,10080
565.000,565.000,20.00,10073
570.000,570.000,20.00,10077
575.000,575.000,20.00,10075
580.000,580.000,20.00,10027
585.000,585.000,20.00,10103
590.000,590.000,20.00,9965
595.000,595.000,20.00,9988
600.000,600.000,20.00,9985
605.000,605.000,20.00,10073
610.000,610.000,20.00,10006
615.000,615.000,20.00,9946
620.000,620.000,20.00,10075
625.000,625.000,20.00,10071
630.000,630.000,20.00,9978
635.000,635.000,20.00,9981
640.000,640.000,20.00,10075
645.000,645.000,20.00,10114
650.000,650.000,20.00,10067
655.000,655.000,20.00,10087
660.000,660.000,20.00,10004
665.000,665.000,20.00,10103
670.000,670.000,20.00,10018
675.000,675.000,20.00,9995
680.000,680.000,20.00,10147
685.000,685.000,20.00,10034
690.000,690.000,20.00,10036
695.000,695.000,20.00,10041
700.000,700.000,20.00,9960
705.000,705.000,20.00,10108
710.000,710.000,20.00,10108
715.000,715.000,20.00,10027
720.000,720.000,20.00,10181
725.000,725.000,20.00,10025
730.000,730.000,20.00,10025
735.000,735.000,20.00,10025
740.000,740.000,20.00,10032
745.000,745.000,20.00,10006
750.000,750.000,20.00,10068
755.000,755.000,20.00,9905
760.000,760.000,20.00,10105
765.000,765.000,20.00,10071
770.000,770.000,20.00,10027
775.000,775.000,20.00,10029
780.000,780.000,20.00,9967
785.000,785.000,20.00,9983
790.000,790.000,20.00,10085
795.000,795.000,20.00,10080
800.000,800.000,20.00,10068
805.000,805.000,20.00,9947
810.000,810.000,20.00,10061
815.000,815.000,20.00,10073
820.000,820.000,20.00,9997
825.000,825.000,20.00,10108
830.000,830.000,20.00,9974
835.000,835.000,20.00,10140
840.000,840.000,20.00,10082
845.000,845.000,20.00,10133
850.000,850.000,20.00,9930
855.000,855.000,20.00,10092
860.000,860.000,20.00,10002
865.000,865.000,20.00,9914
870.000,870.000,20.00,10107
875.000,875.000,20.00,9829
880.000,880.000,20.00,10066
885.000,885.000,20.00,10025
890.000,890.000,20.00,10027
895.000,895.000,20.00,8403
900.000,900.000,20.00,10047
905.000,905.000,20.00,9930
910.000,910.000,20.00,9951
915.000,915.000,20.00,10020
920.000,920.000,20.00,9921
925.000,925.000,20.00,10082
930.000,930.000,20.00,9886
935.000,935.000,20.00,10096
940.000,940.000,20.00,10142
945.000,945.000,20.00,10075
950.000,950.000,20.00,10029
955.000,955.000,20.00,10108
960.000,960.000,20.00,10123
965.000,965.000,20.00,9992
970.000,970.000,20.00,10087
975.000,975.000,20.00,10085
980.000,980.000,20.00,9771
985.000,985.000,20.00,10094
990.000,990.000,20.00,10073
995.000,995.000,20.00,10119
1000.000,1000.000,20.00,10121
1005.000,1005.000,20.00,9960
1010.000,1010.000,20.00,9969
1015.000,1015.000,20.00,9960
1020.000,1020.000,20.00,9928
1025.000,1025.000,20.00,9946
1030.000,1030.000,20.00,9949
1035.000,1035.000,20.00,9967
1040.000,1040.000,20.00,9944
1045.000,1045.000,20.00,10057
1050.000,1050.000,20.00,10054
1055.000,1055.000,20.00,10085
1060.000,1060.000,20.00,9992
1065.000,1065.000,20.00,10108
1070.000,1070.000,20.00,10124
1075.000,1075.000,20.00,9884
1080.000,1080.000,20.00,9983
1085.000,1085.000,20.00,10108
1090.000,1090.000,20.00,9138
1095.000,1095.000,20.00,9953
1100.000,1100.000,20.00,9988
1105.000,1105.000,20.00,9953
1110.000,1110.000,20.00,10121
1115.000,1115.000,20.00,9958
1120.000,1120.000,20.00,9974
1125.000,1125.000,20.00,9760
1130.000,1130.000,20.00,10034
1135.000,1135.000,20.00,9831
1140.000,1140.000,20.00,10094
1145.000,1145.000,20.00,9497
1150.000,1150.000,20.00,10133
1155.000,1155.000,20.00,9923
1160.000,1160.000,20.00,10089
1165.000,1165.000,20.00,10022
1170.000,1170.000,20.00,10068
1175.000,1175.000,20.00,9905
1180.000,1180.000,20.00,9997
1185.000,1185.000,20.00,9967
1190.000,1190.000,20.00,10140
1195.000,1195.000,20.00,10059
1200.000,1200.000,20.00,10075
1205.000,1205.000,20.00,10043
1210.000,1210.000,20.00,10089
1215.000,1215.000,20.00,10013
1220.000,1220.000,20.00,10073
1225.000,1225.000,20.00,9935
1230.000,1230.000,20.00,10054
1235.000,1235.000,20.00,9905
1240.000,1240.000,20.00,9953
1245.000,1245.000,20.00,10122
1250.000,1250.000,20.00,10131
1255.000,1255.000,20.00,9854
1260.000,1260.000,20.00,10022
1265.000,1265.000,20.00,9976
1270.000,1270.000,20.00,10092
1275.000,1275.000,20.00,10068
1280.000,1280.000,20.00,10029
1285.000,1285.000,20.00,9979
1290.000,1290.000,20.00,10100
1295.000,1295.000,20.00,10093
1300.000,1300.000,20.00,10049
1305.000,1305.000,20.00,9842
1310.000,1310.000,20.00,9987
1315.000,1315.000,20.00,9939
1320.000,1320.000,20.00,9990
1325.000,1325.000,20.00,10048
1330.000,1330.000,20.00,10080
1335.000,1335.000,20.00,10050
1340.000,1340.000,20.00,10158
1345.000,1345.000,20.00,10022
1350.000,1350.000,20.00,9900
1355.000,1355.000,20.00,10015
1360.000,1360.000,20.00,10043
1365.000,1365.000,20.00,9933
1370.000,1370.000,20.00,10052
1375.000,1375.000,20.00,10071
1380.000,1380.000,20.00,9833
1385.000,1385.000,20.00,10039
1390.000,1390.000,20.00,9935
1395.000,1395.000,20.00,9159
1400.000,1400.000,20.00,9992
1405.000,1405.000,20.00,10124
1410.000,1410.000,20.00,5354
1415.000,1415.000,20.00,5912
1420.000,1420.000,20.00,6205
1425.000,1425.000,20.00,7278
1430.000,1430.000,20.00,6523
1435.000,1435.000,20.00,6228
1440.000,1440.000,20.00,9584
1445.000,1445.000,20.00,9175
1450.000,1450.000,20.00,9640
1455.000,1455.000,20.00,10043
1460.000,1460.000,20.00,9739
1465.000,1465.000,20.00,10062
1470.000,1470.000,20.00,9283
1475.000,1475.000,20.00,9389
1480.000,1480.000,20.00,8933
1485.000,1485.000,20.00,9522
1490.000,1490.000,20.00,9912
1495.000,1495.000,20.00,9221
1500.000,1500.000,20.00,9925
1505.000,1505.000,20.00,10085
1510.000,1510.000,20.00,9836
1515.000,1515.000,20.00,9953
1520.000,1520.000,20.00,9983
1525.000,1525.000,20.00,10133
1530.000,1530.000,20.00,9948
1535.000,1535.000,20.00,9999
1540.000,1540.000,20.00,10135
1545.000,1545.000,20.00,10015
1550.000,1550.000,20.00,10055
1555.000,1555.000,20.00,9976
1560.000,1560.000,20.00,10050
1565.000,1565.000,20.00,10108
1570.000,1570.000,20.00,10091
1575.000,1575.000,20.00,9942
1580.000,1580.000,20.00,9910
1585.000,1585.000,20.00,9506
1590.000,1590.000,20.00,10017
1595.000,1595.000,20.00,9967
1600.000,1600.000,20.00,9956
1605.000,1605.000,20.00,9912
1610.000,1610.000,20.00,10052
1615.000,1615.000,20.00,10022
1620.000,1620.000,20.00,10050
1625.000,1625.000,20.00,10078
1630.000,1630.000,20.00,9903
1635.000,1635.000,20.00,10057
1640.000,1640.000,20.00,9958
1645.000,1645.000,20.00,9990
1650.000,1650.000,20.00,9965
1655.000,1655.000,20.00,10064
1660.000,1660.000,20.00,10135
1665.000,1665.000,20.00,10013
1670.000,1670.000,20.00,10052
1675.000,1675.000,20.00,10027
1680.000,1680.000,20.00,10045
1685.000,1685.000,20.00,10045
1690.000,1690.000,20.00,10052
1695.000,1695.000,20.00,9939
1700.000,1700.000,20.00,9912
1705.000,1705.000,20.00,9981
1710.000,1710.000,20.00,10123
1715.000,1715.000,20.00,10103
1720.000,1720.000,20.00,10050
1725.000,1725.000,20.00,10082
1730.000,1730.000,20.00,9961
1735.000,1735.000,20.00,10077
1740.000,1740.000,20.00,10070
1745.000,1745.000,20.00,10103
1750.000,1750.000,20.00,10020
1755.000,1755.000,20.00,9993
1760.000,1760.000,20.00,9930
1765.000,1765.000,20.00,10082
1770.000,1770.000,20.00,10082
1775.000,1775.000,20.00,10138
1780.000,1780.000,20.00,10027
1785.000,1785.000,20.00,10073
1790.000,1790.000,20.00,10018
1795.000,1795.000,20.00,10121
1800.000,1800.000,20.00,10034
1805.000,1805.000,20.00,10108
1810.000,1810.000,20.00,10052
1815.000,1815.000,20.00,9903
1820.000,1820.000,20.00,10002
1825.000,1825.000,20.00,9967
1830.000,1830.000,20.00,9974
1835.000,1835.000,20.00,10110
1840.000,1840.000,20.00,9981
1845.000,1845.000,20.00,10027
1850.000,1850.000,20.00,10071
1855.000,1855.000,20.00,9939
1860.000,1860.000,20.00,10040
1865.000,1865.000,20.00,10075
1870.000,1870.000,20.00,10059
1875.000,1875.000,20.00,10027
1880.000,1880.000,20.00,9875
1885.000,1885.000,20.00,7467
1890.000,1890.000,20.00,9895
1895.000,1895.000,20.00,9997
1900.000,1900.000,20.00,10142
1905.000,1905.000,20.00,9914
1910.000,1910.000,20.00,9914
1915.000,1915.000,20.00,9960
1920.000,1920.000,20.00,9105
1925.000,1925.000,20.00,9718
1930.000,1930.000,20.00,9792
1935.000,1935.000,20.00,10108
1940.000,1940.000,20.00,10009
1945.000,1945.000,20.00,8900
1950.000,1950.000,20.00,10031
1955.000,1955.000,20.00,10087
1960.000,1960.000,20.00,9946
1965.000,1965.000,20.00,9995
1970.000,1970.000,20.00,9967
1975.000,1975.000,20.00,9877
1980.000,1980.000,20.00,10071
1985.000,1985.000,20.00,9965
1990.000,1990.000,20.00,10082
1995.000,1995.000,20.00,10064
2000.000,2000.000,20.00,10002
2005.000,2005.000,20.00,9990
2010.000,2010.000,20.00,10084
2015.000,2015.000,20.00,10050
2020.000,2020.000,20.00,10092
2025.000,2025.000,20.00,9997
2030.000,2030.000,20.00,9790
2035.000,2035.000,20.00,10006
2040.000,2040.000,20.00,9987
2045.000,2045.000,20.00,9817
2050.000,2050.000,20.00,9983
2055.000,2055.000,20.00,9967
2060.000,2060.000,20.00,9935
2065.000,2065.000,20.00,9963
2070.000,2070.000,20.00,9944
2075.000,2075.000,20.00,10027
2080.000,2080.000,20.00,9216
2085.000,2085.000,20.00,10064
2090.000,2090.000,20.00,10041
2095.000,2095.000,20.00,10032
2100.000,2100.000,20.00,9985
2105.000,2105.000,20.00,9995
2110.000,2110.000,20.00,9969
2115.000,2115.000,20.00,10020
2120.000,2120.000,20.00,10110
2125.000,2125.000,20.00,9933
2130.000,2130.000,20.00,9997
2135.000,2135.000,20.00,10018
2140.000,2140.000,20.00,9781
2145.000,2145.000,20.00,9981
2150.000,2150.000,20.00,10027
2155.000,2155.000,20.00,10092
2160.000,2160.000,20.00,10089
2165.000,2165.000,20.00,9870
2170.000,2170.000,20.00,10052
2175.000,2175.000,20.00,10043
2180.000,2180.000,20.00,10098
2185.000,2185.000,20.00,9983
2190.000,2190.000,20.00,10034
2195.000,2195.000,20.00,10043
2200.000,2200.000,20.00,10002
2205.000,2205.000,20.00,9960
2210.000,2210.000,20.00,10075
2215.000,2215.000,20.00,10029
2220.000,2220.000,20.00,10160
2225.000,2225.000,20.00,9983
2230.000,2230.000,20.00,10112
2235.000,2235.000,20.00,9963
2240.000,2240.000,20.00,10032
2245.000,2245.000,20.00,10064
2250.000,2250.000,20.00,10061
2255.000,2255.000,20.00,10052
2260.000,2260.000,20.00,9873
2265.000,2265.000,20.00,10009
2270.000,2270.000,20.00,9884
2275.000,2275.000,20.00,10073
2280.000,2280.000,20.00,9911
2285.000,2285.000,20.00,9999
2290.000,2290.000,20.00,10149
2295.000,2295.000,20.00,9958
2300.000,2300.000,20.00,9824
2305.000,2305.000,20.00,10089
2310.000,2310.000,20.00,10043
2315.000,2315.000,20.00,9960
2320.000,2320.000,20.00,9914
2325.000,2325.000,20.00,9967
2330.000,2330.000,20.00,9981
2335.000,2335.000,20.00,10011
2340.000,2340.000,20.00,9999
2345.000,2345.000,20.00,9926
2350.000,2350.000,20.00,9990
2355.000,2355.000,20.00,10110
2360.000,2360.000,20.00,10073
2365.000,2365.000,20.00,9992
2370.000,2370.000,20.00,9969
2375.000,2375.000,20.00,10043
2380.000,2380.000,20.00,10034
2385.000,2385.000,20.00,9990
2390.000,2390.000,20.00,10170
2395.000,2395.000,20.00,10034
2400.000,2400.000,20.00,10094
2405.000,2405.000,20.00,10055
2410.000,2410.000,20.00,10078
2415.000,2415.000,20.00,10101
2420.000,2420.000,20.00,9951
2425.000,2425.000,20.00,9976
2430.000,2430.000,20.00,10061
2435.000,2435.000,20.00,10080
2440.000,2440.000,20.00,10039
2445.000,2445.000,20.00,10073
2450.000,2450.000,20.00,10025
2455.000,2455.000,20.00,9916
2460.000,2460.000,20.00,9985
2465.000,2465.000,20.00,10041
2470.000,2470.000,20.00,10002
2475.000,2475.000,20.00,9962
2480.000,2480.000,20.00,10103
2485.000,2485.000,20.00,9986
2490.000,2490.000,20.00,9891
2495.000,2495.000,20.00,9923
2500.000,2500.000,20.00,10025
2505.000,2505.000,20.00,10055
2510.000,2510.000,20.00,10105
2515.000,2515.000,20.00,9997
2520.000,2520.000,20.00,8269
2525.000,2525.000,20.00,8767
2530.000,2530.000,20.00,8509
2535.000,2535.000,20.00,8610
2540.000,2540.000,20.00,8011
2545.000,2545.000,20.00,8543
2550.000,2550.000,20.00,9700
2555.000,2555.000,20.00,10087
2560.000,2560.000,20.00,9730
2565.000,2565.000,20.00,9946
2570.000,2570.000,20.00,10013
2575.000,2575.000,20.00,9495
2580.000,2580.000,20.00,9955
2585.000,2585.000,20.00,10032
2590.000,2590.000,20.00,9898
2595.000,2595.000,20.00,9976
2600.000,2600.000,20.00,10006
2605.000,2605.000,20.00,10075
2610.000,2610.000,20.00,9944
2615.000,2615.000,20.00,9974
2620.000,2620.000,20.00,10096
2625.000,2625.000,20.00,10085
2630.000,2630.000,20.00,10062
2635.000,2635.000,20.00,9965
2640.000,2640.000,20.00,9879
2645.000,2645.000,20.00,9870
2650.000,2650.000,20.00,9923
2655.000,2655.000,20.00,10059
2660.000,2660.000,20.00,10022
2665.000,2665.000,20.00,10138
2670.000,2670.000,20.00,9981
2675.000,2675.000,20.00,10020
2680.000,2680.000,20.00,10098
2685.000,2685.000,20.00,10105
2690.000,2690.000,20.00,10071
2695.000,2695.000,20.00,10062
2700.000,2700.000,20.00,10045
2705.000,2705.000,20.00,10080
2710.000,2710.000,20.00,10050
2715.000,2715.000,20.00,10055
2720.000,2720.000,20.00,10064
2725.000,2725.000,20.00,9845
2730.000,2730.000,20.00,9976
2735.000,2735.000,20.00,10092
2740.000,2740.000,20.00,9942
2745.000,2745.000,20.00,10175
2750.000,2750.000,20.00,9937
2755.000,2755.000,20.00,10094
2760.000,2760.000,20.00,9918
2765.000,2765.000,20.00,9990
2770.000,2770.000,20.00,10055
2775.000,2775.000,20.00,10041
2780.000,2780.000,20.00,10110
2785.000,2785.000,20.00,10133
2790.000,2790.000,20.00,10054
2795.000,2795.000,20.00,10144
2800.000,2800.000,20.00,10099
2805.000,2805.000,20.00,9997
2810.000,2810.000,20.00,9988
2815.000,2815.000,20.00,9933
2820.000,2820.000,20.00,9981
2825.000,2825.000,20.00,10108
2830.000,2830.000,20.00,9997
2835.000,2835.000,20.00,9988
2840.000,2840.000,20.00,9962
2845.000,2845.000,20.00,10052
2850.000,2850.000,20.00,9985
2855.000,2855.000,20.00,10075
2860.000,2860.000,20.00,10011
2865.000,2865.000,20.00,10062
2870.000,2870.000,20.00,9949
2875.000,2875.000,20.00,10038
2880.000,2880.000,20.00,9934
2885.000,2885.000,20.00,10009
2890.000,2890.000,20.00,10043
2895.000,2895.000,20.00,10015
2900.000,2900.000,20.00,10015
2905.000,2905.000,20.00,10041
2910.000,2910.000,20.00,9955
2915.000,2915.000,20.00,10034
2920.000,2920.000,20.00,10128
2925.000,2925.000,20.00,9891
2930.000,2930.000,20.00,10108
2935.000,2935.000,20.00,10018
2940.000,2940.000,20.00,10133
2945.000,2945.000,20.00,10076
2950.000,2950.000,20.00,10082
2955.000,2955.000,20.00,10130
2960.000,2960.000,20.00,10016
2965.000,2965.000,20.00,9958
2970.000,2970.000,20.00,10022
2975.000,2975.000,20.00,10071
2980.000,2980.000,20.00,10032
2985.000,2985.000,20.00,10013
2990.000,2990.000,20.00,9995
2995.000,2995.000,20.00,10103
3000.000,3000.000,20.00,9992
3005.000,3005.000,20.00,10124
3010.000,3010.000,20.00,9923
3015.000,3015.000,20.00,10036
3020.000,3020.000,20.00,10110
3025.000,3025.000,20.00,9949
3030.000,3030.000,20.00,10001
3035.000,3035.000,20.00,10029
3040.000,3040.000,20.00,9960
3045.000,3045.000,20.00,10027
3050.000,3050.000,20.00,10004
3055.000,3055.000,20.00,10045
3060.000,3060.000,20.00,10091
3065.000,3065.000,20.00,10038
3070.000,3070.000,20.00,7926
3075.000,3075.000,20.00,8958
3080.000,3080.000,20.00,7848
3085.000,3085.000,20.00,9557
3090.000,3090.000,20.00,9997
3095.000,3095.000,20.00,10098
3100.000,3100.000,20.00,10034
3105.000,3105.000,20.00,10078
3110.000,3110.000,20.00,10020
3115.000,3115.000,20.00,9986
3120.000,3120.000,20.00,9972
3125.000,3125.000,20.00,9960
3130.000,3130.000,20.00,10013
3135.000,3135.000,20.00,10048
3140.000,3140.000,20.00,10085
3145.000,3145.000,20.00,9880
3150.000,3150.000,20.00,10020
3155.000,3155.000,20.00,9992
3160.000,3160.000,20.00,10032
3165.000,3165.000,20.00,10032
3170.000,3170.000,20.00,10034
3175.000,3175.000,20.00,10052
3180.000,3180.000,20.00,10094
3185.000,3185.000,20.00,10082
3190.000,3190.000,20.00,9967
3195.000,3195.000,20.00,10036
3200.000,3200.000,20.00,10016
3205.000,3205.000,20.00,10041
3210.000,3210.000,20.00,10070
3215.000,3215.000,20.00,10029
3220.000,3220.000,20.00,9956
3225.000,3225.000,20.00,9992
3230.000,3230.000,20.00,10080
3235.000,3235.000,20.00,10032
3240.000,3240.000,20.00,10066
3245.000,3245.000,20.00,10009
3250.000,3250.000,20.00,10036
3255.000,3255.000,20.00,9999
3260.000,3260.000,20.00,10078
3265.000,3265.000,20.00,10020
3270.000,3270.000,20.00,9916
3275.000,3275.000,20.00,10119
3280.000,3280.000,20.00,9976
3285.000,3285.000,20.00,10068
3290.000,3290.000,20.00,9981
3295.000,3295.000,20.00,9999
3300.000,3300.000,20.00,9948
3305.000,3305.000,20.00,10025
3310.000,3310.000,20.00,10068
3315.000,3315.000,20.00,10075
3320.000,3320.000,20.00,10048
3325.000,3325.000,20.00,10036
3330.000,3330.000,20.00,10082
3335.000,3335.000,20.00,9898
3340.000,3340.000,20.00,9992
3345.000,3345.000,20.00,9960
3350.000,3350.000,20.00,10032
3355.000,3355.000,20.00,10080
3360.000,3360.000,20.00,9990
3365.000,3365.000,20.00,9956
3370.000,3370.000,20.00,10085
3375.000,3375.000,20.00,10066
3380.000,3380.000,20.00,10103
3385.000,3385.000,20.00,9986
3390.000,3390.000,20.00,10086
3395.000,3395.000,20.00,10002
3400.000,3400.000,20.00,10080
3405.000,3405.000,20.00,10108
3410.000,3410.000,20.00,10119
3415.000,3415.000,20.00,9933
3420.000,3420.000,20.00,9983
3425.000,3425.000,20.00,10039
3430.000,3430.000,20.00,10105
3435.000,3435.000,20.00,10094
3440.000,3440.000,20.00,10080
3445.000,3445.000,20.00,10105
3450.000,3450.000,20.00,10103
3455.000,3455.000,20.00,9992
3460.000,3460.000,20.00,9986
3465.000,3465.000,20.00,10073
3470.000,3470.000,20.00,10057
3475.000,3475.000,20.00,10078
3480.000,3480.000,20.00,10034
3485.000,3485.000,20.00,9893
3490.000,3490.000,20.00,9942
3495.000,3495.000,20.00,10096
3500.000,3500.000,20.00,9937
3505.000,3505.000,20.00,10045
3510.000,3510.000,20.00,10020
3515.000,3515.000,20.00,10006
3520.000,3520.000,20.00,9898
3525.000,3525.000,20.00,9882
3530.000,3530.000,20.00,10048
3535.000,3535.000,20.00,10022
3540.000,3540.000,20.00,10017
3545.000,3545.000,20.00,10075
3550.000,3550.000,20.00,10075
3555.000,3555.000,20.00,10094
3560.000,3560.000,20.00,9960
3565.000,3565.000,20.00,10039
3570.000,3570.000,20.00,10144
3575.000,3575.000,20.00,9979
3580.000,3580.000,20.00,10135
3585.000,3585.000,20.00,10066
3590.000,3590.000,20.00,10071
3595.000,3595.000,20.00,10068
3600.000,3600.000,20.00,10029
3605.000,3605.000,20.00,10032
3610.000,3610.000,20.00,9969
3615.000,3615.000,20.00,10020
3620.000,3620.000,20.00,10052
3625.000,3625.000,20.00,10069
3630.000,3630.000,20.00,10038
3635.000,3635.000,20.00,9939
3640.000,3640.000,20.00,10089
3645.000,3645.000,20.00,9930
3650.000,3650.000,20.00,10055
3655.000,3655.000,20.00,9930
3660.000,3660.000,20.00,9900
3665.000,3665.000,20.00,10050
3670.000,3670.000,20.00,9999
3675.000,3675.000,20.00,10055
3680.000,3680.000,20.00,10043
3685.000,3685.000,20.00,9965
3690.000,3690.000,20.00,10084
3695.000,3695.000,20.00,10020
3700.000,3700.000,20.00,10101
3705.000,3705.000,20.00,9976
3710.000,3710.000,20.00,10075
3715.000,3715.000,20.00,10101
3720.000,3720.000,20.00,10020
3725.000,3725.000,20.00,9967
3730.000,3730.000,20.00,10121
3735.000,3735.000,20.00,10069
3740.000,3740.000,20.00,9992
3745.000,3745.000,20.00,10073
3750.000,3750.000,20.00,9967
3755.000,3755.000,20.00,10096
3760.000,3760.000,20.00,9972
3765.000,3765.000,20.00,10068
3770.000,3770.000,20.00,10064
3775.000,3775.000,20.00,9891
3780.000,3780.000,20.00,10107
3785.000,3785.000,20.00,10048
3790.000,3790.000,20.00,10068
3795.000,3795.000,20.00,10096
3800.000,3800.000,20.00,10034
3805.000,3805.000,20.00,10062
3810.000,3810.000,20.00,10094
3815.000,3815.000,20.00,10045
3820.000,3820.000,20.00,10027
3825.000,3825.000,20.00,10039
3830.000,3830.000,20.00,10045
3835.000,3835.000,20.00,9992
3840.000,3840.000,20.00,10017
3845.000,3845.000,20.00,10027
3850.000,3850.000,20.00,10039
3855.000,3855.000,20.00,9939
3860.000,3860.000,20.00,10115
3865.000,3865.000,20.00,10073
3870.000,3870.000,20.00,10041
3875.000,3875.000,20.00,10045
3880.000,3880.000,20.00,10124
3885.000,3885.000,20.00,9951
3890.000,3890.000,20.00,10002
3895.000,3895.000,20.00,10098
3900.000,3900.000,20.00,10034
3905.000,3905.000,20.00,10154
3910.000,3910.000,20.00,10055
3915.000,3915.000,20.00,10062
3920.000,3920.000,20.00,10110
3925.000,3925.000,20.00,10064
3930.000,3930.000,20.00,9958
3935.000,3935.000,20.00,10085
3940.000,3940.000,20.00,10062
3945.000,3945.000,20.00,9976
3950.000,3950.000,20.00,9921
3955.000,3955.000,20.00,9990
3960.000,3960.000,20.00,10031
3965.000,3965.000,20.00,10073
3970.000,3970.000,20.00,9956
3975.000,3975.000,20.00,9960
3980.000,3980.000,20.00,9960
3985.000,3985.000,20.00,10057
3990.000,3990.000,20.00,9946
3995.000,3995.000,20.00,9914
4000.000,4000.000,20.00,10078
4005.000,4005.000,20.00,9912
4010.000,4010.000,20.00,9995
4015.000,4015.000,20.00,10094
4020.000,4020.000,20.00,10070
4025.000,4025.000,20.00,10126
4030.000,4030.000,20.00,9892
4035.000,4035.000,20.00,10092
4040.000,4040.000,20.00,10059
4045.000,4045.000,20.00,9741
4050.000,4050.000,20.00,9999
4055.000,4055.000,20.00,9979
4060.000,4060.000,20.00,10048
4065.000,4065.000,20.00,10105
4070.000,4070.000,20.00,10039
4075.000,4075.000,20.00,10098
4080.000,4080.000,20.00,9925
4085.000,4085.000,20.00,10059
4090.000,4090.000,20.00,9958
4095.000,4095.000,20.00,9972
4100.000,4100.000,20.00,9972
4105.000,4105.000,20.00,10126
4110.000,4110.000,20.00,10096
4115.000,4115.000,20.00,10082
4120.000,4120.000,20.00,9960
4125.000,4125.000,20.00,10022
4130.000,4130.000,20.00,10094
4135.000,4135.000,20.00,9960
4140.000,4140.000,20.00,9958
4145.000,4145.000,20.00,10027
4150.000,4150.000,20.00,10068
4155.000,4155.000,20.00,10013
4160.000,4160.000,20.00,10117
4165.000,4165.000,20.00,9896
4170.000,4170.000,20.00,10068
4175.000,4175.000,20.00,10115
4180.000,4180.000,20.00,9976
4185.000,4185.000,20.00,10098
4190.000,4190.000,20.00,10022
4195.000,4195.000,20.00,10094
4200.000,4200.000,20.00,10098
4205.000,4205.000,20.00,9965
4210.000,4210.000,20.00,9824
4215.000,4215.000,20.00,10004
4220.000,4220.000,20.00,9783
4225.000,4225.000,20.00,9792
4230.000,4230.000,20.00,10036
4235.000,4235.000,20.00,10006
4240.000,4240.000,20.00,9942
4245.000,4245.000,20.00,9923
4250.000,4250.000,20.00,10098
4255.000,4255.000,20.00,10062
4260.000,4260.000,20.00,10073
4265.000,4265.000,20.00,9951
4270.000,4270.000,20.00,9965
4275.000,4275.000,20.00,10091
4280.000,4280.000,20.00,10002
4285.000,4285.000,20.00,10112
4290.000,4290.000,20.00,10004
4295.000,4295.000,20.00,10092
4300.000,4300.000,20.00,9983
4305.000,4305.000,20.00,9935
4310.000,4310.000,20.00,9965
4315.000,4315.000,20.00,10057
4320.000,4320.000,20.00,10013
4325.000,4325.000,20.00,10041
4330.000,4330.000,20.00,10085
4335.000,4335.000,20.00,10055
4340.000,4340.000,20.00,10036
4345.000,4345.000,20.00,9981
4350.000,4350.000,20.00,9976
4355.000,4355.000,20.00,10096
4360.000,4360.000,20.00,9914
4365.000,4365.000,20.00,9912
4370.000,4370.000,20.00,9956
4375.000,4375.000,20.00,9956
4380.000,4380.000,20.00,9958
4385.000,4385.000,20.00,10009
4390.000,4390.000,20.00,9880
4395.000,4395.000,20.00,9969
4400.000,4400.000,20.00,10045
4405.000,4405.000,20.00,10034
4410.000,4410.000,20.00,10075
4415.000,4415.000,20.00,10098
4420.000,4420.000,20.00,10082
4425.000,4425.000,20.00,10091
4430.000,4430.000,20.00,10002
4435.000,4435.000,20.00,9997
4440.000,4440.000,20.00,10015
4445.000,4445.000,20.00,9997
4450.000,4450.000,20.00,9923
4455.000,4455.000,20.00,10080
4460.000,4460.000,20.00,9981
4465.000,4465.000,20.00,9967
4470.000,4470.000,20.00,9960
4475.000,4475.000,20.00,10041
4480.000,4480.000,20.00,10004
4485.000,4485.000,20.00,10025
4490.000,4490.000,20.00,9969
4495.000,4495.000,20.00,10080
4500.000,4500.000,20.00,9762
4505.000,4505.000,20.00,9774
4510.000,4510.000,20.00,7686
4515.000,4515.000,20.00,8345
4520.000,4520.000,20.00,7933
4525.000,4525.000,20.00,9757
4530.000,4530.000,20.00,7338
4535.000,4535.000,20.00,9041
4540.000,4540.000,20.00,9308
4545.000,4545.000,20.00,8978
4550.000,4550.000,20.00,9977
4555.000,4555.000,20.00,9972
4560.000,4560.000,20.00,9693
4565.000,4565.000,20.00,10009
4570.000,4570.000,20.00,9972
4575.000,4575.000,20.00,9801
4580.000,4580.000,20.00,9817
4585.000,4585.000,20.00,9838
4590.000,4590.000,20.00,10096
4595.000,4595.000,20.00,10036
4600.000,4600.000,20.00,9995
4605.000,4605.000,20.00,9877
4610.000,4610.000,20.00,10032
4615.000,4615.000,20.00,10096
4620.000,4620.000,20.00,10137
4625.000,4625.000,20.00,9251
4630.000,4630.000,20.00,10034
4635.000,4635.000,20.00,10094
4640.000,4640.000,20.00,10131
4645.000,4645.000,20.00,9658
4650.000,4650.000,20.00,10084
4655.000,4655.000,20.00,10020
4660.000,4660.000,20.00,10096
4665.000,4665.000,20.00,10034
4670.000,4670.000,20.00,9986
4675.000,4675.000,20.00,10011
4680.000,4680.000,20.00,10110
4685.000,4685.000,20.00,10131
4690.000,4690.000,20.00,10034
4695.000,4695.000,20.00,10142
4700.000,4700.000,20.00,9919
4705.000,4705.000,20.00,9997
4710.000,4710.000,20.00,7771
4715.000,4715.000,20.00,9656
4720.000,4720.000,20.00,9555
4725.000,4725.000,20.00,9421
4730.000,4730.000,20.00,9115
4735.000,4735.000,20.00,9181
4740.000,4740.000,20.00,10064
4745.000,4745.000,20.00,9983
4750.000,4750.000,20.00,10084
4755.000,4755.000,20.00,9993
4760.000,4760.000,20.00,10029
4765.000,4765.000,20.00,9986
4770.000,4770.000,20.00,10077
4775.000,4775.000,20.00,10036
4780.000,4780.000,20.00,10050
4785.000,4785.000,20.00,9930
4790.000,4790.000,20.00,10059
4795.000,4795.000,20.00,10043
4800.000,4800.000,20.00,10036
4805.000,4805.000,20.00,10052
4810.000,4810.000,20.00,9937
4815.000,4815.000,20.00,10034
4820.000,4820.000,20.00,10117
4825.000,4825.000,20.00,10108
4830.000,4830.000,20.00,9960
4835.000,4835.000,20.00,10057
4840.000,4840.000,20.00,10029
4845.000,4845.000,20.00,10050
4850.000,4850.000,20.00,10062
4855.000,4855.000,20.00,10020
4860.000,4860.000,20.00,9967
4865.000,4865.000,20.00,10144
4870.000,4870.000,20.00,10006
4875.000,4875.000,20.00,10027
4880.000,4880.000,20.00,10064
4885.000,4885.000,20.00,9974
4890.000,4890.000,20.00,9937
4895.000,4895.000,20.00,9921
4900.000,4900.000,20.00,10112
4905.000,4905.000,20.00,10092
4910.000,4910.000,20.00,9889
4915.000,4915.000,20.00,10082
4920.000,4920.000,20.00,9974
4925.000,4925.000,20.00,10094
4930.000,4930.000,20.00,10078
4935.000,4935.000,20.00,10059
4940.000,4940.000,20.00,10085
4945.000,4945.000,20.00,9910
4950.000,4950.000,20.00,9994
4955.000,4955.000,20.00,10131
4960.000,4960.000,20.00,10064
4965.000,4965.000,20.00,10062
4970.000,4970.000,20.00,10004
4975.000,4975.000,20.00,10036
4980.000,4980.000,20.00,10024
4985.000,4985.000,20.00,10061
4990.000,4990.000,20.00,10029
4995.000,4995.000,20.00,10078
5000.000,5000.000,20.00,10064
5005.000,5005.000,20.00,10068
5010.000,5010.000,20.00,10024
5015.000,5015.000,20.00,9525
5020.000,5020.000,20.00,9209
5025.000,5025.000,20.00,10126
5030.000,5030.000,20.00,9988
5035.000,5035.000,20.00,9856
5040.000,5040.000,20.00,9677
5045.000,5045.000,20.00,9882
5050.000,5050.000,20.00,9817
5055.000,5055.000,20.00,10080
5060.000,5060.000,20.00,10135
5065.000,5065.000,20.00,9188
5070.000,5070.000,20.00,10107
5075.000,5075.000,20.00,10115
5080.000,5080.000,20.00,10062
5085.000,5085.000,20.00,10098
5090.000,5090.000,20.00,9921
5095.000,5095.000,20.00,10085
5100.000,5100.000,20.00,9904
5105.000,5105.000,20.00,9831
5110.000,5110.000,20.00,10071
5115.000,5115.000,20.00,9988
5120.000,5120.000,20.00,10064
5125.000,5125.000,20.00,9976
5130.000,5130.000,20.00,9981
5135.000,5135.000,20.00,9981
5140.000,5140.000,20.00,10011
5145.000,5145.000,20.00,10027
5150.000,5150.000,20.00,9967
5155.000,5155.000,20.00,9981
5160.000,5160.000,20.00,9960
5165.000,5165.000,20.00,10096
5170.000,5170.000,20.00,10041
5175.000,5175.000,20.00,10041
5180.000,5180.000,20.00,9990
5185.000,5185.000,20.00,9967
5190.000,5190.000,20.00,10117
5195.000,5195.000,20.00,9986
5200.000,5200.000,20.00,10133
5205.000,5205.000,20.00,10085
5210.000,5210.000,20.00,9981
5215.000,5215.000,20.00,10066
5220.000,5220.000,20.00,10006
5225.000,5225.000,20.00,10094
5230.000,5230.000,20.00,10048
5235.000,5235.000,20.00,10011
5240.000,5240.000,20.00,9967
5245.000,5245.000,20.00,10158
5250.000,5250.000,20.00,9990
5255.000,5255.000,20.00,10110
5260.000,5260.000,20.00,10034
5265.000,5265.000,20.00,9916
5270.000,5270.000,20.00,10004
5275.000,5275.000,20.00,9981
5280.000,5280.000,20.00,10103
5285.000,5285.000,20.00,10039
5290.000,5290.000,20.00,9995
5295.000,5295.000,20.00,10101
5300.000,5300.000,20.00,10013
5305.000,5305.000,20.00,10087
5310.000,5310.000,20.00,9948
5315.000,5315.000,20.00,10092
5320.000,5320.000,20.00,10020
5325.000,5325.000,20.00,9992
5330.000,5330.000,20.00,9919
5335.000,5335.000,20.00,10119
5340.000,5340.000,20.00,10080
5345.000,5345.000,20.00,9935
5350.000,5350.000,20.00,10011
5355.000,5355.000,20.00,10154
5360.000,5360.000,20.00,10068
5365.000,5365.000,20.00,9974
5370.000,5370.000,20.00,10103
5375.000,5375.000,20.00,10092
5380.000,5380.000,20.00,9944
5385.000,5385.000,20.00,10009
5390.000,5390.000,20.00,10087
5395.000,5395.000,20.00,10048
5400.000,5400.000,20.00,10054
5405.000,5405.000,20.00,9988
5410.000,5410.000,20.00,10048
5415.000,5415.000,20.00,9907
5420.000,5420.000,20.00,10098
5425.000,5425.000,20.00,10112
5430.000,5430.000,20.00,10082
5435.000,5435.000,20.00,10126
5440.000,5440.000,20.00,10041
5445.000,5445.000,20.00,10126
5450.000,5450.000,20.00,10062
5455.000,5455.000,20.00,10039
5460.000,5460.000,20.00,9955
5465.000,5465.000,20.00,10168
5470.000,5470.000,20.00,9870
5475.000,5475.000,20.00,10015
5480.000,5480.000,20.00,10094
5485.000,5485.000,20.00,10032
5490.000,5490.000,20.00,9672
5495.000,5495.000,20.00,9873
5500.000,5500.000,20.00,9753
5505.000,5505.000,20.00,9723
5510.000,5510.000,20.00,8811
5515.000,5515.000,20.00,6718
5520.000,5520.000,20.00,9962
5525.000,5525.000,20.00,9921
5530.000,5530.000,20.00,10034
5535.000,5535.000,20.00,10018
5540.000,5540.000,20.00,10124
5545.000,5545.000,20.00,9969
5550.000,5550.000,20.00,10064
5555.000,5555.000,20.00,10032
5560.000,5560.000,20.00,10080
5565.000,5565.000,20.00,9979
5570.000,5570.000,20.00,10009
5575.000,5575.000,20.00,9974
5580.000,5580.000,20.00,9057
5585.000,5585.000,20.00,10011
5590.000,5590.000,20.00,10089
5595.000,5595.000,20.00,9976
5600.000,5600.000,20.00,10105
5605.000,5605.000,20.00,10018
5610.000,5610.000,20.00,10031
5615.000,5615.000,20.00,10073
5620.000,5620.000,20.00,10133
5625.000,5625.000,20.00,10094
5630.000,5630.000,20.00,9960
5635.000,5635.000,20.00,10087
5640.000,5640.000,20.00,10034
5645.000,5645.000,20.00,10091
5650.000,5650.000,20.00,10105
5655.000,5655.000,20.00,10020
5660.000,5660.000,20.00,10059
5665.000,5665.000,20.00,10025
5670.000,5670.000,20.00,10001
5675.000,5675.000,20.00,10101
5680.000,5680.000,20.00,10006
5685.000,5685.000,20.00,10041
5690.000,5690.000,20.00,10036
5695.000,5695.000,20.00,10073
5700.000,5700.000,20.00,10059
5705.000,5705.000,20.00,10078
5710.000,5710.000,20.00,10064
5715.000,5715.000,20.00,10087
5720.000,5720.000,20.00,10092
5725.000,5725.000,20.00,10066
5730.000,5730.000,20.00,9971
5735.000,5735.000,20.00,10117
5740.000,5740.000,20.00,10018
5745.000,5745.000,20.00,10011
5750.000,5750.000,20.00,9974
5755.000,5755.000,20.00,10101
5760.000,5760.000,20.00,9964
5765.000,5765.000,20.00,10002
5770.000,5770.000,20.00,10085
5775.000,5775.000,20.00,10080
5780.000,5780.000,20.00,10018
5785.000,5785.000,20.00,9944
5790.000,5790.000,20.00,9958
5795.000,5795.000,20.00,9974
5800.000,5800.000,20.00,10117
5805.000,5805.000,20.00,10071
5810.000,5810.000,20.00,9979
5815.000,5815.000,20.00,10098
5820.000,5820.000,20.00,9928
5825.000,5825.000,20.00,9997
5830.000,5830.000,20.00,9951
5835.000,5835.000,20.00,10117
5840.000,5840.000,20.00,9932
5845.000,5845.000,20.00,10029
5850.000,5850.000,20.00,10006
5855.000,5855.000,20.00,10068
5860.000,5860.000,20.00,10080
5865.000,5865.000,20.00,9951
5870.000,5870.000,20.00,9992
5875.000,5875.000,20.00,10062
5880.000,5880.000,20.00,10022
5885.000,5885.000,20.00,10055
5890.000,5890.000,20.00,10068
5895.000,5895.000,20.00,10091
5900.000,5900.000,20.00,10106
5905.000,5905.000,20.00,10022
5910.000,5910.000,20.00,10130
5915.000,5915.000,20.00,10029
5920.000,5920.000,20.00,10050
5925.000,5925.000,20.00,10002
5930.000,5930.000,20.00,10039
5935.000,5935.000,20.00,10087
5940.000,5940.000,20.00,10087
5945.000,5945.000,20.00,10052
5950.000,5950.000,20.00,9967
5955.000,5955.000,20.00,9903
5960.000,5960.000,20.00,10131
5965.000,5965.000,20.00,10096
5970.000,5970.000,20.00,10013
5975.000,5975.000,20.00,9218
5980.000,5980.000,20.00,10004
5985.000,5985.000,20.00,10066
5990.000,5990.000,20.00,10043
5995.000,5995.000,20.00,9993
6000.000,6000.000,20.00,9999
6005.000,6005.000,20.00,9930
6010.000,6010.000,20.00,10034
6015.000,6015.000,20.00,10154
6020.000,6020.000,20.00,10064
6025.000,6025.000,20.00,10059
6030.000,6030.000,20.00,9967
6035.000,6035.000,20.00,9995
6040.000,6040.000,20.00,10094
6045.000,6045.000,20.00,9930
6050.000,6050.000,20.00,9997
6055.000,6055.000,20.00,10039
6060.000,6060.000,20.00,10082
6065.000,6065.000,20.00,10027
6070.000,6070.000,20.00,9997
6075.000,6075.000,20.00,10080
6080.000,6080.000,20.00,10062
6085.000,6085.000,20.00,10089
6090.000,6090.000,20.00,10107
6095.000,6095.000,20.00,9976
6100.000,6100.000,20.00,10038
6105.000,6105.000,20.00,10165
6110.000,6110.000,20.00,9958
6115.000,6115.000,20.00,10110
6120.000,6120.000,20.00,10075
6125.000,6125.000,20.00,10133
6130.000,6130.000,20.00,10041
6135.000,6135.000,20.00,10075
6140.000,6140.000,20.00,9903
6145.000,6145.000,20.00,10068
6150.000,6150.000,20.00,10041
6155.000,6155.000,20.00,10115
6160.000,6160.000,20.00,10071
6165.000,6165.000,20.00,10050
6170.000,6170.000,20.00,10015
6175.000,6175.000,20.00,10032
6180.000,6180.000,20.00,10077
6185.000,6185.000,20.00,10075
6190.000,6190.000,20.00,10055
6195.000,6195.000,20.00,10085
6200.000,6200.000,20.00,9932
6205.000,6205.000,20.00,10136
6210.000,6210.000,20.00,10054
6215.000,6215.000,20.00,10135
6220.000,6220.000,20.00,9999
6225.000,6225.000,20.00,10013
6230.000,6230.000,20.00,10034
6235.000,6235.000,20.00,10078
6240.000,6240.000,20.00,10015
6245.000,6245.000,20.00,10022
6250.000,6250.000,20.00,10023
6255.000,6255.000,20.00,10011
6260.000,6260.000,20.00,9875
6265.000,6265.000,20.00,9776
6270.000,6270.000,20.00,9930
6275.000,6275.000,20.00,9886
6280.000,6280.000,20.00,9981
6285.000,6285.000,20.00,9986
6290.000,6290.000,20.00,10002
6295.000,6295.000,20.00,9997
6300.000,6300.000,20.00,5843
6305.000,6305.000,20.00,6530
6310.000,6310.000,20.00,6656
6315.000,6315.000,20.00,7304
6320.000,6320.000,20.00,8417
6325.000,6325.000,20.00,7721
6330.000,6330.000,20.00,8119
6335.000,6335.000,20.00,9668
6340.000,6340.000,20.00,9933
6345.000,6345.000,20.00,9806
6350.000,6350.000,20.00,9414
6355.000,6355.000,20.00,9536
6360.000,6360.000,20.00,9905
6365.000,6365.000,20.00,9363
6370.000,6370.000,20.00,10048
6375.000,6375.000,20.00,9866
6380.000,6380.000,20.00,9700
6385.000,6385.000,20.00,8921
6390.000,6390.000,20.00,9997
6395.000,6395.000,20.00,9990
6400.000,6400.000,20.00,9990
6405.000,6405.000,20.00,9992
6410.000,6410.000,20.00,10029
6415.000,6415.000,20.00,10059
6420.000,6420.000,20.00,10148
6425.000,6425.000,20.00,10029
6430.000,6430.000,20.00,9976
6435.000,6435.000,20.00,9967
6440.000,6440.000,20.00,10052
6445.000,6445.000,20.00,10098
6450.000,6450.000,20.00,10156
6455.000,6455.000,20.00,9958
6460.000,6460.000,20.00,10034
6465.000,6465.000,20.00,10094
6470.000,6470.000,20.00,9886
6475.000,6475.000,20.00,10015
6480.000,6480.000,20.00,10096
6485.000,6485.000,20.00,9951
6490.000,6490.000,20.00,9986
6495.000,6495.000,20.00,10066
6500.000,6500.000,20.00,10045
6505.000,6505.000,20.00,9972
6510.000,6510.000,20.00,10066
6515.000,6515.000,20.00,10094
6520.000,6520.000,20.00,10112
6525.000,6525.000,20.00,10016
6530.000,6530.000,20.00,10022
6535.000,6535.000,20.00,10002
6540.000,6540.000,20.00,10112
6545.000,6545.000,20.00,10025
6550.000,6550.000,20.00,9972
6555.000,6555.000,20.00,10043
6560.000,6560.000,20.00,10147
6565.000,6565.000,20.00,10011
6570.000,6570.000,20.00,9997
6575.000,6575.000,20.00,10013
6580.000,6580.000,20.00,10099
6585.000,6585.000,20.00,10066
6590.000,6590.000,20.00,9960
6595.000,6595.000,20.00,10128
6600.000,6600.000,20.00,10119
6605.000,6605.000,20.00,10130
6610.000,6610.000,20.00,10087
6615.000,6615.000,20.00,9946
6620.000,6620.000,20.00,10059
6625.000,6625.000,20.00,10046
6630.000,6630.000,20.00,10059
6635.000,6635.000,20.00,10048
6640.000,6640.000,20.00,10145
6645.000,6645.000,20.00,10112
6650.000,6650.000,20.00,10006
6655.000,6655.000,20.00,9923
6660.000,6660.000,20.00,9967
6665.000,6665.000,20.00,10032
6670.000,6670.000,20.00,10103
6675.000,6675.000,20.00,10068
6680.000,6680.000,20.00,10034
6685.000,6685.000,20.00,10096
6690.000,6690.000,20.00,10123
6695.000,6695.000,20.00,10101
6700.000,6700.000,20.00,10034
6705.000,6705.000,20.00,10023
6710.000,6710.000,20.00,10110
6715.000,6715.000,20.00,10034
6720.000,6720.000,20.00,9941
6725.000,6725.000,20.00,9999
6730.000,6730.000,20.00,10096
6735.000,6735.000,20.00,10094
6740.000,6740.000,20.00,10025
6745.000,6745.000,20.00,10052
6750.000,6750.000,20.00,8313
6755.000,6755.000,20.00,8329
6760.000,6760.000,20.00,5608
6765.000,6765.000,20.00,5255
6770.000,6770.000,20.00,4806
6775.000,6775.000,20.00,3956
6780.000,6780.000,20.00,10022
6785.000,6785.000,20.00,9986
6790.000,6790.000,20.00,9933
6795.000,6795.000,20.00,10089
6800.000,6800.000,20.00,10071
6805.000,6805.000,20.00,9898
6810.000,6810.000,20.00,9951
6815.000,6815.000,20.00,10032
6820.000,6820.000,20.00,9997
6825.000,6825.000,20.00,10041
6830.000,6830.000,20.00,9509
6835.000,6835.000,20.00,10089
6840.000,6840.000,20.00,9969
6845.000,6845.000,20.00,10039
6850.000,6850.000,20.00,9997
6855.000,6855.000,20.00,10073
6860.000,6860.000,20.00,10068
6865.000,6865.000,20.00,9956
6870.000,6870.000,20.00,9248
6875.000,6875.000,20.00,8532
6880.000,6880.000,20.00,9386
6885.000,6885.000,20.00,8670
6890.000,6890.000,20.00,8177
6895.000,6895.000,20.00,10062
6900.000,6900.000,20.00,9978
6905.000,6905.000,20.00,10064
6910.000,6910.000,20.00,10082
6915.000,6915.000,20.00,9891
6920.000,6920.000,20.00,9815
6925.000,6925.000,20.00,9435
6930.000,6930.000,20.00,9992
6935.000,6935.000,20.00,10057
6940.000,6940.000,20.00,10009
6945.000,6945.000,20.00,9942
6950.000,6950.000,20.00,10108
6955.000,6955.000,20.00,10039
6960.000,6960.000,20.00,10024
6965.000,6965.000,20.00,10006
6970.000,6970.000,20.00,10055
6975.000,6975.000,20.00,10085
6980.000,6980.000,20.00,10022
6985.000,6985.000,20.00,9988
6990.000,6990.000,20.00,10077
6995.000,6995.000,20.00,9995
7000.000,7000.000,20.00,9969
7005.000,7005.000,20.00,10054
7010.000,7010.000,20.00,10129
7015.000,7015.000,20.00,9997
7020.000,7020.000,20.00,10050
7025.000,7025.000,20.00,10020
7030.000,7030.000,20.00,10041
7035.000,7035.000,20.00,10045
7040.000,7040.000,20.00,10147
7045.000,7045.000,20.00,10052
7050.000,7050.000,20.00,10008
7055.000,7055.000,20.00,10041
7060.000,7060.000,20.00,10110
7065.000,7065.000,20.00,10089
7070.000,7070.000,20.00,10043
7075.000,7075.000,20.00,9956
7080.000,7080.000,20.00,10089
7085.000,7085.000,20.00,10027
7090.000,7090.000,20.00,10085
7095.000,7095.000,20.00,10027
7100.000,7100.000,20.00,10050
7105.000,7105.000,20.00,10018
7110.000,7110.000,20.00,10006
7115.000,7115.000,20.00,10052
7120.000,7120.000,20.00,9997
7125.000,7125.000,20.00,9979
7130.000,7130.000,20.00,10071
7135.000,7135.000,20.00,10041
7140.000,7140.000,20.00,10084
7145.000,7145.000,20.00,10101
7150.000,7150.000,20.00,9942
7155.000,7155.000,20.00,10055
7160.000,7160.000,20.00,10117
7165.000,7165.000,20.00,9875
7170.000,7170.000,20.00,10096
7175.000,7175.000,20.00,9981
7180.000,7180.000,20.00,9967
7185.000,7185.000,20.00,10046
7190.000,7190.000,20.00,9972
7195.000,7195.000,20.00,10082
7200.000,7200.000,20.00,10033
7205.000,7205.000,20.00,10013
7210.000,7210.000,20.00,10004
7215.000,7215.000,20.00,10156
7220.000,7220.000,20.00,10052
7225.000,7225.000,20.00,10073
7230.000,7230.000,20.00,9971
7235.000,7235.000,20.00,10064
7240.000,7240.000,20.00,10094
7245.000,7245.000,20.00,10103
7250.000,7250.000,20.00,9939
7255.000,7255.000,20.00,9838
7260.000,7260.000,20.00,10013
7265.000,7265.000,20.00,10094
7270.000,7270.000,20.00,9983
7275.000,7275.000,20.00,9976
7280.000,7280.000,20.00,9995
7285.000,7285.000,20.00,10036
7290.000,7290.000,20.00,10103
7295.000,7295.000,20.00,10108
7300.000,7300.000,20.00,9939
7305.000,7305.000,20.00,9999
7310.000,7310.000,20.00,10121
7315.000,7315.000,20.00,9976
7320.000,7320.000,20.00,10070
7325.000,7325.000,20.00,10087
7330.000,7330.000,20.00,9979
7335.000,7335.000,20.00,10096
7340.000,7340.000,20.00,10048
7345.000,7345.000,20.00,10092
7350.000,7350.000,20.00,10048
7355.000,7355.000,20.00,10112
7360.000,7360.000,20.00,10050
7365.000,7365.000,20.00,10027
7370.000,7370.000,20.00,10057
7375.000,7375.000,20.00,10066
7380.000,7380.000,20.00,10098
7385.000,7385.000,20.00,10110
7390.000,7390.000,20.00,9965
7395.000,7395.000,20.00,10101
7400.000,7400.000,20.00,10064
7405.000,7405.000,20.00,10025
7410.000,7410.000,20.00,10024
7415.000,7415.000,20.00,10071
7420.000,7420.000,20.00,10094
7425.000,7425.000,20.00,10006
7430.000,7430.000,20.00,10068
7435.000,7435.000,20.00,10062
7440.000,7440.000,20.00,10068
7445.000,7445.000,20.00,10027
7450.000,7450.000,20.00,9891
7455.000,7455.000,20.00,10073
7460.000,7460.000,20.00,10052
7465.000,7465.000,20.00,9956
7470.000,7470.000,20.00,10036
7475.000,7475.000,20.00,10057
7480.000,7480.000,20.00,9946
7485.000,7485.000,20.00,10062
7490.000,7490.000,20.00,10115
7495.000,7495.000,20.00,10029
7500.000,7500.000,20.00,10080
7505.000,7505.000,20.00,10174
7510.000,7510.000,20.00,9988
7515.000,7515.000,20.00,10041
7520.000,7520.000,20.00,10078
7525.000,7525.000,20.00,9827
7530.000,7530.000,20.00,9951
7535.000,7535.000,20.00,9972
7540.000,7540.000,20.00,10045
7545.000,7545.000,20.00,10096
7550.000,7550.000,20.00,10013
7555.000,7555.000,20.00,10025
7560.000,7560.000,20.00,10075
7565.000,7565.000,20.00,9969
7570.000,7570.000,20.00,9997
7575.000,7575.000,20.00,10027
7580.000,7580.000,20.00,10075
7585.000,7585.000,20.00,9946
7590.000,7590.000,20.00,9992
7595.000,7595.000,20.00,9972
7600.000,7600.000,20.00,10015
7605.000,7605.000,20.00,10034
7610.000,7610.000,20.00,10073
7615.000,7615.000,20.00,10101
7620.000,7620.000,20.00,10057
7625.000,7625.000,20.00,9974
7630.000,7630.000,20.00,10128
7635.000,7635.000,20.00,10034
7640.000,7640.000,20.00,10025
7645.000,7645.000,20.00,10103
7650.000,7650.000,20.00,10008
7655.000,7655.000,20.00,9981
7660.000,7660.000,20.00,9993
7665.000,7665.000,20.00,10024
7670.000,7670.000,20.00,10110
7675.000,7675.000,20.00,9999
7680.000,7680.000,20.00,10142
7685.000,7685.000,20.00,10085
7690.000,7690.000,20.00,10068
7695.000,7695.000,20.00,10057
7700.000,7700.000,20.00,10071
7705.000,7705.000,20.00,9979
7710.000,7710.000,20.00,10013
7715.000,7715.000,20.00,10048
7720.000,7720.000,20.00,10004
7725.000,7725.000,20.00,10013
7730.000,7730.000,20.00,10032
7735.000,7735.000,20.00,10112
7740.000,7740.000,20.00,9835
7745.000,7745.000,20.00,10057
7750.000,7750.000,20.00,10006
7755.000,7755.000,20.00,10089
7760.000,7760.000,20.00,10094
7765.000,7765.000,20.00,9960
7770.000,7770.000,20.00,9997
7775.000,7775.000,20.00,10032
7780.000,7780.000,20.00,10032
7785.000,7785.000,20.00,10096
7790.000,7790.000,20.00,10022
7795.000,7795.000,20.00,10062
7800.000,7800.000,20.00,10022
7805.000,7805.000,20.00,10029
7810.000,7810.000,20.00,9981
7815.000,7815.000,20.00,10043
7820.000,7820.000,20.00,9879
7825.000,7825.000,20.00,9974
7830.000,7830.000,20.00,10013
7835.000,7835.000,20.00,10071
7840.000,7840.000,20.00,9981
7845.000,7845.000,20.00,10055
7850.000,7850.000,20.00,10020
7855.000,7855.000,20.00,10015
7860.000,7860.000,20.00,10112
7865.000,7865.000,20.00,9907
7870.000,7870.000,20.00,10071
7875.000,7875.000,20.00,10018
7880.000,7880.000,20.00,9953
7885.000,7885.000,20.00,10108
7890.000,7890.000,20.00,9997
7895.000,7895.000,20.00,10075
7900.000,7900.000,20.00,10022
7905.000,7905.000,20.00,9979
7910.000,7910.000,20.00,10045
7915.000,7915.000,20.00,10085
7920.000,7920.000,20.00,9771
7925.000,7925.000,20.00,8230
7930.000,7930.000,20.00,9573
7935.000,7935.000,20.00,9516
7940.000,7940.000,20.00,9522
7945.000,7945.000,20.00,9799
7950.000,7950.000,20.00,9921
7955.000,7955.000,20.00,9995
7960.000,7960.000,20.00,9960
7965.000,7965.000,20.00,10103
7970.000,7970.000,20.00,9995
7975.000,7975.000,20.00,10043
7980.000,7980.000,20.00,10073
7985.000,7985.000,20.00,10062
7990.000,7990.000,20.00,10082
7995.000,7995.000,20.00,9981
8000.000,8000.000,20.00,10041
8005.000,8005.000,20.00,9972
8010.000,8010.000,20.00,9953
8015.000,8015.000,20.00,10098
8020.000,8020.000,20.00,9990
8025.000,8025.000,20.00,10036
8030.000,8030.000,20.00,9999
8035.000,8035.000,20.00,10099
8040.000,8040.000,20.00,9847
8045.000,8045.000,20.00,10149
8050.000,8050.000,20.00,9822
8055.000,8055.000,20.00,9223
8060.000,8060.000,20.00,8138
8065.000,8065.000,20.00,9232
8070.000,8070.000,20.00,10015
8075.000,8075.000,20.00,9999
8080.000,8080.000,20.00,9997
8085.000,8085.000,20.00,10082
8090.000,8090.000,20.00,9221
8095.000,8095.000,20.00,9875
8100.000,8100.000,20.00,10059
8105.000,8105.000,20.00,10075
8110.000,8110.000,20.00,10092
8115.000,8115.000,20.00,9988
8120.000,8120.000,20.00,10068
8125.000,8125.000,20.00,9891
8130.000,8130.000,20.00,9997
8135.000,8135.000,20.00,10085
8140.000,8140.000,20.00,10110
8145.000,8145.000,20.00,10101
8150.000,8150.000,20.00,9976
8155.000,8155.000,20.00,10013
8160.000,8160.000,20.00,10080
8165.000,8165.000,20.00,10062
8170.000,8170.000,20.00,10108
8175.000,8175.000,20.00,9960
8180.000,8180.000,20.00,10073
8185.000,8185.000,20.00,10062
8190.000,8190.000,20.00,9994
8195.000,8195.000,20.00,10066
8200.000,8200.000,20.00,9944
8205.000,8205.000,20.00,10073
8210.000,8210.000,20.00,10078
8215.000,8215.000,20.00,10045
8220.000,8220.000,20.00,10047
8225.000,8225.000,20.00,10071
8230.000,8230.000,20.00,10094
8235.000,8235.000,20.00,10052
8240.000,8240.000,20.00,9992
8245.000,8245.000,20.00,10094
8250.000,8250.000,20.00,10112
8255.000,8255.000,20.00,10156
8260.000,8260.000,20.00,10004
8265.000,8265.000,20.00,9997
8270.000,8270.000,20.00,10103
8275.000,8275.000,20.00,10135
8280.000,8280.000,20.00,10047
8285.000,8285.000,20.00,10055
8290.000,8290.000,20.00,10121
8295.000,8295.000,20.00,10034
8300.000,8300.000,20.00,10006
8305.000,8305.000,20.00,9903
8310.000,8310.000,20.00,10047
8315.000,8315.000,20.00,10069
8320.000,8320.000,20.00,9946
8325.000,8325.000,20.00,10045
8330.000,8330.000,20.00,10121
8335.000,8335.000,20.00,10032
8340.000,8340.000,20.00,9981
8345.000,8345.000,20.00,10080
8350.000,8350.000,20.00,10057
8355.000,8355.000,20.00,10052
8360.000,8360.000,20.00,10048
8365.000,8365.000,20.00,9939
8370.000,8370.000,20.00,10066
8375.000,8375.000,20.00,10133
8380.000,8380.000,20.00,10039
8385.000,8385.000,20.00,10029
8390.000,8390.000,20.00,9946
8395.000,8395.000,20.00,9960
8400.000,8400.000,20.00,10126
8405.000,8405.000,20.00,10025
8410.000,8410.000,20.00,9995
8415.000,8415.000,20.00,10006
8420.000,8420.000,20.00,10142
8425.000,8425.000,20.00,10062
8430.000,8430.000,20.00,9958
8435.000,8435.000,20.00,10036
8440.000,8440.000,20.00,10066
8445.000,8445.000,20.00,10087
8450.000,8450.000,20.00,10025
8455.000,8455.000,20.00,10066
8460.000,8460.000,20.00,9946
8465.000,8465.000,20.00,10124
8470.000,8470.000,20.00,10045
8475.000,8475.000,20.00,9933
8480.000,8480.000,20.00,9122
8485.000,8485.000,20.00,9400
8490.000,8490.000,20.00,10054
8495.000,8495.000,20.00,9746
8500.000,8500.000,20.00,9836
8505.000,8505.000,20.00,10082
8510.000,8510.000,20.00,9990
8515.000,8515.000,20.00,9962
8520.000,8520.000,20.00,9912
8525.000,8525.000,20.00,9861
8530.000,8530.000,20.00,10029
8535.000,8535.000,20.00,9912
8540.000,8540.000,20.00,8981
8545.000,8545.000,20.00,10082
8550.000,8550.000,20.00,9967
8555.000,8555.000,20.00,10082
8560.000,8560.000,20.00,10059
8565.000,8565.000,20.00,10110
8570.000,8570.000,20.00,9995
8575.000,8575.000,20.00,10108
8580.000,8580.000,20.00,9999
8585.000,8585.000,20.00,9930
8590.000,8590.000,20.00,10020
8595.000,8595.000,20.00,10050
8600.000,8600.000,20.00,10052
8605.000,8605.000,20.00,9956
8610.000,8610.000,20.00,10163
8615.000,8615.000,20.00,10133
8620.000,8620.000,20.00,9981
8625.000,8625.000,20.00,10032
8630.000,8630.000,20.00,9891
8635.000,8635.000,20.00,10029
8640.000,8640.000,20.00,10008
8645.000,8645.000,20.00,10002
8650.000,8650.000,20.00,9983
8655.000,8655.000,20.00,10013
8660.000,8660.000,20.00,9962
8665.000,8665.000,20.00,10085
8670.000,8670.000,20.00,10110
8675.000,8675.000,20.00,9933
8680.000,8680.000,20.00,10098
8685.000,8685.000,20.00,10046
8690.000,8690.000,20.00,9995
8695.000,8695.000,20.00,10126
8700.000,8700.000,20.00,10063
8705.000,8705.000,20.00,10013
8710.000,8710.000,20.00,10040
8715.000,8715.000,20.00,9883
8720.000,8720.000,20.00,10108
8725.000,8725.000,20.00,9958
8730.000,8730.000,20.00,9997
8735.000,8735.000,20.00,10096
8740.000,8740.000,20.00,9990
8745.000,8745.000,20.00,10018
8750.000,8750.000,20.00,10048
8755.000,8755.000,20.00,9983
8760.000,8760.000,20.00,10096
8765.000,8765.000,20.00,10117
8770.000,8770.000,20.00,10020
8775.000,8775.000,20.00,10126
8780.000,8780.000,20.00,10034
8785.000,8785.000,20.00,9935
8790.000,8790.000,20.00,10107
8795.000,8795.000,20.00,10002
8800.000,8800.000,20.00,10027
8805.000,8805.000,20.00,9992
8810.000,8810.000,20.00,10018
8815.000,8815.000,20.00,9988
8820.000,8820.000,20.00,10107
8825.000,8825.000,20.00,10092
8830.000,8830.000,20.00,9967
8835.000,8835.000,20.00,10032
8840.000,8840.000,20.00,10112
8845.000,8845.000,20.00,9958
8850.000,8850.000,20.00,10020
8855.000,8855.000,20.00,10008
8860.000,8860.000,20.00,9997
8865.000,8865.000,20.00,9937
8870.000,8870.000,20.00,9916
8875.000,8875.000,20.00,10048
8880.000,8880.000,20.00,9992
8885.000,8885.000,20.00,10015
8890.000,8890.000,20.00,10032
8895.000,8895.000,20.00,9880
8900.000,8900.000,20.00,10027
8905.000,8905.000,20.00,10062
8910.000,8910.000,20.00,10061
8915.000,8915.000,20.00,9974
8920.000,8920.000,20.00,10045
8925.000,8925.000,20.00,10087
8930.000,8930.000,20.00,10032
8935.000,8935.000,20.00,10025
8940.000,8940.000,20.00,10029
8945.000,8945.000,20.00,10073
8950.000,8950.000,20.00,10032
8955.000,8955.000,20.00,10112
8960.000,8960.000,20.00,10078
8965.000,8965.000,20.00,9957
8970.000,8970.000,20.00,10050
8975.000,8975.000,20.00,10142
8980.000,8980.000,20.00,9960
8985.000,8985.000,20.00,10009
8990.000,8990.000,20.00,9898
8995.000,8995.000,20.00,10101
9000.000,9000.000,20.00,9923
9005.000,9005.000,20.00,10032
9010.000,9010.000,20.00,9930
9015.000,9015.000,20.00,10158
9020.000,9020.000,20.00,10059
9025.000,9025.000,20.00,9582
9030.000,9030.000,20.00,9879
9035.000,9035.000,20.00,9880
9040.000,9040.000,20.00,10103
9045.000,9045.000,20.00,10138
9050.000,9050.000,20.00,10103
9055.000,9055.000,20.00,10133
9060.000,9060.000,20.00,10089
9065.000,9065.000,20.00,10006
9070.000,9070.000,20.00,10029
9075.000,9075.000,20.00,9953
9080.000,9080.000,20.00,10009
9085.000,9085.000,20.00,9974
9090.000,9090.000,20.00,9527
9095.000,9095.000,20.00,10045
9100.000,9100.000,20.00,10071
9105.000,9105.000,20.00,10002
9110.000,9110.000,20.00,9207
9115.000,9115.000,20.00,10080
9120.000,9120.000,20.00,9435
9125.000,9125.000,20.00,9764
9130.000,9130.000,20.00,9951
9135.000,9135.000,20.00,9900
9140.000,9140.000,20.00,9633
9145.000,9145.000,20.00,9707
9150.000,9150.000,20.00,10036
9155.000,9155.000,20.00,10174
9160.000,9160.000,20.00,9983
9165.000,9165.000,20.00,10043
9170.000,9170.000,20.00,10110
9175.000,9175.000,20.00,10020
9180.000,9180.000,20.00,9953
9185.000,9185.000,20.00,10144
9190.000,9190.000,20.00,9981
9195.000,9195.000,20.00,10043
9200.000,9200.000,20.00,10147
9205.000,9205.000,20.00,10073
9210.000,9210.000,20.00,10031
9215.000,9215.000,20.00,10071
9220.000,9220.000,20.00,10004
9225.000,9225.000,20.00,10075
9230.000,9230.000,20.00,9992
9235.000,9235.000,20.00,10004
9240.000,9240.000,20.00,10105
9245.000,9245.000,20.00,10092
9250.000,9250.000,20.00,10064
9255.000,9255.000,20.00,10029
9260.000,9260.000,20.00,10108
9265.000,9265.000,20.00,10085
9270.000,9270.000,20.00,10011
9275.000,9275.000,20.00,10043
9280.000,9280.000,20.00,10052
9285.000,9285.000,20.00,10082
9290.000,9290.000,20.00,10022
9295.000,9295.000,20.00,10073
9300.000,9300.000,20.00,10041
9305.000,9305.000,20.00,10108
9310.000,9310.000,20.00,10078
9315.000,9315.000,20.00,10041
9320.000,9320.000,20.00,9979
9325.000,9325.000,20.00,9882
9330.000,9330.000,20.00,10144
9335.000,9335.000,20.00,10025
9340.000,9340.000,20.00,9935
9345.000,9345.000,20.00,9910
9350.000,9350.000,20.00,10031
9355.000,9355.000,20.00,10083
9360.000,9360.000,20.00,10048
9365.000,9365.000,20.00,10062
9370.000,9370.000,20.00,9995
9375.000,9375.000,20.00,10011
9380.000,9380.000,20.00,10013
9385.000,9385.000,20.00,10068
9390.000,9390.000,20.00,10075
9395.000,9395.000,20.00,10036
9400.000,9400.000,20.00,10085
9405.000,9405.000,20.00,10052
9410.000,9410.000,20.00,10018
9415.000,9415.000,20.00,10115
9420.000,9420.000,20.00,10158
9425.000,9425.000,20.00,10064
9430.000,9430.000,20.00,9955
9435.000,9435.000,20.00,10059
9440.000,9440.000,20.00,10043
9445.000,9445.000,20.00,9946
9450.000,9450.000,20.00,10133
9455.000,9455.000,20.00,9974
9460.000,9460.000,20.00,9776
9465.000,9465.000,20.00,9707
9470.000,9470.000,20.00,9953
9475.000,9475.000,20.00,10032
9480.000,9480.000,20.00,10140
9485.000,9485.000,20.00,10087
9490.000,9490.000,20.00,9951
9495.000,9495.000,20.00,10076
9500.000,9500.000,20.00,10106
9505.000,9505.000,20.00,10068
9510.000,9510.000,20.00,10103
9515.000,9515.000,20.00,10068
9520.000,9520.000,20.00,10002
9525.000,9525.000,20.00,10029
9530.000,9530.000,20.00,9986
9535.000,9535.000,20.00,9999
9540.000,9540.000,20.00,10027
9545.000,9545.000,20.00,10073
9550.000,9550.000,20.00,9974
9555.000,9555.000,20.00,9997
9560.000,9560.000,20.00,9992
9565.000,9565.000,20.00,9981
9570.000,9570.000,20.00,10064
9575.000,9575.000,20.00,10048
9580.000,9580.000,20.00,10115
9585.000,9585.000,20.00,9907
9590.000,9590.000,20.00,9626
9595.000,9595.000,20.00,9594
9600.000,9600.000,20.00,10087
9605.000,9605.000,20.00,9963
9610.000,9610.000,20.00,10096
9615.000,9615.000,20.00,10039
9620.000,9620.000,20.00,9967
9625.000,9625.000,20.00,10138
9630.000,9630.000,20.00,10017
9635.000,9635.000,20.00,10006
9640.000,9640.000,20.00,9914
9645.000,9645.000,20.00,9972
9650.000,9650.000,20.00,10034
9655.000,9655.000,20.00,9923
9660.000,9660.000,20.00,10070
9665.000,9665.000,20.00,10108
9670.000,9670.000,20.00,9974
9675.000,9675.000,20.00,10041
9680.000,9680.000,20.00,10013
9685.000,9685.000,20.00,9967
9690.000,9690.000,20.00,10017
9695.000,9695.000,20.00,10004
9700.000,9700.000,20.00,9988
9705.000,9705.000,20.00,9967
9710.000,9710.000,20.00,9988
9715.000,9715.000,20.00,8564
9720.000,9720.000,20.00,9964
9725.000,9725.000,20.00,9949
9730.000,9730.000,20.00,10022
9735.000,9735.000,20.00,10105
9740.000,9740.000,20.00,9985
9745.000,9745.000,20.00,9797
9750.000,9750.000,20.00,9923
9755.000,9755.000,20.00,9990
9760.000,9760.000,20.00,9937
9765.000,9765.000,20.00,10128
9770.000,9770.000,20.00,10048
9775.000,9775.000,20.00,10075
9780.000,9780.000,20.00,9983
9785.000,9785.000,20.00,10048
9790.000,9790.000,20.00,10098
9795.000,9795.000,20.00,10082
9800.000,9800.000,20.00,9979
9805.000,9805.000,20.00,10006
9810.000,9810.000,20.00,10094
9815.000,9815.000,20.00,9923
9820.000,9820.000,20.00,10020
9825.000,9825.000,20.00,10080
9830.000,9830.000,20.00,10046
9835.000,9835.000,20.00,10048
9840.000,9840.000,20.00,10110
9845.000,9845.000,20.00,9906
9850.000,9850.000,20.00,10060
9855.000,9855.000,20.00,10082
9860.000,9860.000,20.00,10128
9865.000,9865.000,20.00,9979
9870.000,9870.000,20.00,10059
9875.000,9875.000,20.00,10073
9880.000,9880.000,20.00,10018
9885.000,9885.000,20.00,9942
9890.000,9890.000,20.00,10004
9895.000,9895.000,20.00,10071
9900.000,9900.000,20.00,10070
9905.000,9905.000,20.00,9967
9910.000,9910.000,20.00,10022
9915.000,9915.000,20.00,10098
9920.000,9920.000,20.00,10096
9925.000,9925.000,20.00,9912
9930.000,9930.000,20.00,9914
9935.000,9935.000,20.00,9972
9940.000,9940.000,20.00,9854
9945.000,9945.000,20.00,9921
9950.000,9950.000,20.00,9921
9955.000,9955.000,20.00,10002
9960.000,9960.000,20.00,9884
9965.000,9965.000,20.00,10096
9970.000,9970.000,20.00,10126
9975.000,9975.000,20.00,10126
9980.000,9980.000,20.00,10066
9985.000,9985.000,20.00,10009
9990.000,9990.000,20.00,10061
9995.000,9995.000,20.00,10055
10000.000,10000.000,20.00,9926
10005.000,10005.000,20.00,10036
10010.000,10010.000,20.00,10018
10015.000,10015.000,20.00,10025
10020.000,10020.000,20.00,10061
10025.000,10025.000,20.00,10098
10030.000,10030.000,20.00,9983
10035.000,10035.000,20.00,9981
10040.000,10040.000,20.00,10036
10045.000,10045.000,20.00,10064
10050.000,10050.000,20.00,9921
10055.000,10055.000,20.00,9723
10060.000,10060.000,20.00,9769
10065.000,10065.000,20.00,10036
10070.000,10070.000,20.00,10029
10075.000,10075.000,20.00,9905
10080.000,10080.000,20.00,9923
10085.000,10085.000,20.00,10071
10090.000,10090.000,20.00,10057
10095.000,10095.000,20.00,9919
10100.000,10100.000,20.00,10006
10105.000,10105.000,20.00,10082
10110.000,10110.000,20.00,9918
10115.000,10115.000,20.00,9894
10120.000,10120.000,20.00,9981
10125.000,10125.000,20.00,9992
10130.000,10130.000,20.00,9983
10135.000,10135.000,20.00,9986
10140.000,10140.000,20.00,10008
10145.000,10145.000,20.00,10080
10150.000,10150.000,20.00,10064
10155.000,10155.000,20.00,9935
10160.000,10160.000,20.00,10022
10165.000,10165.000,20.00,9946
10170.000,10170.000,20.00,9870
10175.000,10175.000,20.00,10039
10180.000,10180.000,20.00,10027
10185.000,10185.000,20.00,10029
10190.000,10190.000,20.00,10059
10195.000,10195.000,20.00,10112
10200.000,10200.000,20.00,10054
10205.000,10205.000,20.00,9979
10210.000,10210.000,20.00,10094
10215.000,10215.000,20.00,10124
10220.000,10220.000,20.00,10039
10225.000,10225.000,20.00,10002
10230.000,10230.000,20.00,10086
10235.000,10235.000,20.00,10013
10240.000,10240.000,20.00,10022
10245.000,10245.000,20.00,10018
10250.000,10250.000,20.00,9981
10255.000,10255.000,20.00,10112
10260.000,10260.000,20.00,9978
10265.000,10265.000,20.00,9306
10270.000,10270.000,20.00,10002
10275.000,10275.000,20.00,10078
10280.000,10280.000,20.00,9993
10285.000,10285.000,20.00,10018
10290.000,10290.000,20.00,10008
10295.000,10295.000,20.00,10025
10300.000,10300.000,20.00,9993
10305.000,10305.000,20.00,10087
10310.000,10310.000,20.00,9949
10315.000,10315.000,20.00,9863
10320.000,10320.000,20.00,10123
10325.000,10325.000,20.00,10029
10330.000,10330.000,20.00,10112
10335.000,10335.000,20.00,9999
10340.000,10340.000,20.00,10098
10345.000,10345.000,20.00,10018
10350.000,10350.000,20.00,10128
10355.000,10355.000,20.00,10094
10360.000,10360.000,20.00,10133
10365.000,10365.000,20.00,10045
10370.000,10370.000,20.00,10059
10375.000,10375.000,20.00,9942
10380.000,10380.000,20.00,10080
10385.000,10385.000,20.00,9988
10390.000,10390.000,20.00,10112
10395.000,10395.000,20.00,9967
10400.000,10400.000,20.00,9852
10405.000,10405.000,20.00,10101
10410.000,10410.000,20.00,10089
10415.000,10415.000,20.00,9967
10420.000,10420.000,20.00,10082
10425.000,10425.000,20.00,9976
10430.000,10430.000,20.00,10029
10435.000,10435.000,20.00,10103
10440.000,10440.000,20.00,10054
10445.000,10445.000,20.00,10128
10450.000,10450.000,20.00,9992
10455.000,10455.000,20.00,10092
10460.000,10460.000,20.00,10015
10465.000,10465.000,20.00,10092
10470.000,10470.000,20.00,10059
10475.000,10475.000,20.00,9972
10480.000,10480.000,20.00,9969
10485.000,10485.000,20.00,10101
10490.000,10490.000,20.00,9997
10495.000,10495.000,20.00,10002
10500.000,10500.000,20.00,10045
10505.000,10505.000,20.00,10004
10510.000,10510.000,20.00,9979
10515.000,10515.000,20.00,10135
10520.000,10520.000,20.00,10082
10525.000,10525.000,20.00,10071
10530.000,10530.000,20.00,10087
10535.000,10535.000,20.00,10025
10540.000,10540.000,20.00,9955
10545.000,10545.000,20.00,10041
10550.000,10550.000,20.00,10043
10555.000,10555.000,20.00,10004
10560.000,10560.000,20.00,10001
10565.000,10565.000,20.00,10034
10570.000,10570.000,20.00,10085
10575.000,10575.000,20.00,9935
10580.000,10580.000,20.00,10071
10585.000,10585.000,20.00,10025
10590.000,10590.000,20.00,9997
10595.000,10595.000,20.00,10094
10600.000,10600.000,20.00,9939
10605.000,10605.000,20.00,10071
10610.000,10610.000,20.00,10018
10615.000,10615.000,20.00,10036
10620.000,10620.000,20.00,10059
10625.000,10625.000,20.00,10036
10630.000,10630.000,20.00,10002
10635.000,10635.000,20.00,10011
10640.000,10640.000,20.00,10002
10645.000,10645.000,20.00,10004
10650.000,10650.000,20.00,10059
10655.000,10655.000,20.00,10048
10660.000,10660.000,20.00,10064
10665.000,10665.000,20.00,10045
10670.000,10670.000,20.00,10018
10675.000,10675.000,20.00,10078
10680.000,10680.000,20.00,10066
10685.000,10685.000,20.00,9965
10690.000,10690.000,20.00,10052
10695.000,10695.000,20.00,10126
10700.000,10700.000,20.00,9960
10705.000,10705.000,20.00,9919
10710.000,10710.000,20.00,10034
10715.000,10715.000,20.00,10066
10720.000,10720.000,20.00,10126
10725.000,10725.000,20.00,10066
10730.000,10730.000,20.00,10068
10735.000,10735.000,20.00,10064
10740.000,10740.000,20.00,10070
10745.000,10745.000,20.00,10041
10750.000,10750.000,20.00,10080
10755.000,10755.000,20.00,9992
10760.000,10760.000,20.00,9974
10765.000,10765.000,20.00,9935
10770.000,10770.000,20.00,9884
10775.000,10775.000,20.00,10121
10780.000,10780.000,20.00,9999
10785.000,10785.000,20.00,10006
10790.000,10790.000,20.00,10025
10795.000,10795.000,20.00,10002
10800.000,10800.000,20.00,9928
10805.000,10805.000,20.00,10027
10810.000,10810.000,20.00,10119
10815.000,10815.000,20.00,10020
10820.000,10820.000,20.00,10078
10825.000,10825.000,20.00,10075
10830.000,10830.000,20.00,10045
10835.000,10835.000,20.00,10098
10840.000,10840.000,20.00,9930
10845.000,10845.000,20.00,10068
10850.000,10850.000,20.00,10092
10855.000,10855.000,20.00,10009
10860.000,10860.000,20.00,10082
10865.000,10865.000,20.00,10061
10870.000,10870.000,20.00,9942
10875.000,10875.000,20.00,10094
10880.000,10880.000,20.00,10036
10885.000,10885.000,20.00,10013
10890.000,10890.000,20.00,7702
10895.000,10895.000,20.00,7748
10900.000,10900.000,20.00,8025
10905.000,10905.000,20.00,7177
10910.000,10910.000,20.00,7099
10915.000,10915.000,20.00,6781
10920.000,10920.000,20.00,9992
10925.000,10925.000,20.00,9919
10930.000,10930.000,20.00,9605
10935.000,10935.000,20.00,7218
10940.000,10940.000,20.00,9674
10945.000,10945.000,20.00,10022
10950.000,10950.000,20.00,9997
10955.000,10955.000,20.00,10121
10960.000,10960.000,20.00,10036
10965.000,10965.000,20.00,10087
10970.000,10970.000,20.00,10069
10975.000,10975.000,20.00,10082
10980.000,10980.000,20.00,10181
10985.000,10985.000,20.00,10128
10990.000,10990.000,20.00,10098
10995.000,10995.000,20.00,10062
11000.000,11000.000,20.00,10034
11005.000,11005.000,20.00,9981
11010.000,11010.000,20.00,10004
11015.000,11015.000,20.00,10032
11020.000,11020.000,20.00,9937
11025.000,11025.000,20.00,9949
11030.000,11030.000,20.00,10105
11035.000,11035.000,20.00,10145
11040.000,11040.000,20.00,10051
11045.000,11045.000,20.00,10089
11050.000,11050.000,20.00,9994
11055.000,11055.000,20.00,10059
11060.000,11060.000,20.00,10163
11065.000,11065.000,20.00,10112
11070.000,11070.000,20.00,10017
11075.000,11075.000,20.00,9995
11080.000,11080.000,20.00,10011
11085.000,11085.000,20.00,9942
11090.000,11090.000,20.00,10110
11095.000,11095.000,20.00,9914
11100.000,11100.000,20.00,10050
11105.000,11105.000,20.00,9967
11110.000,11110.000,20.00,10041
11115.000,11115.000,20.00,10034
11120.000,11120.000,20.00,9990
11125.000,11125.000,20.00,10002
11130.000,11130.000,20.00,10061
11135.000,11135.000,20.00,10039
11140.000,11140.000,20.00,10068
11145.000,11145.000,20.00,10039
11150.000,11150.000,20.00,10052
11155.000,11155.000,20.00,10027
11160.000,11160.000,20.00,10001
11165.000,11165.000,20.00,9974
11170.000,11170.000,20.00,9992
11175.000,11175.000,20.00,10027
11180.000,11180.000,20.00,9972
11185.000,11185.000,20.00,9928
11190.000,11190.000,20.00,9976
11195.000,11195.000,20.00,10036
11200.000,11200.000,20.00,9882
11205.000,11205.000,20.00,9995
11210.000,11210.000,20.00,10071
11215.000,11215.000,20.00,9951
11220.000,11220.000,20.00,10147
11225.000,11225.000,20.00,9999
11230.000,11230.000,20.00,10032
11235.000,11235.000,20.00,10080
11240.000,11240.000,20.00,9992
11245.000,11245.000,20.00,10085
11250.000,11250.000,20.00,10045
11255.000,11255.000,20.00,10154
11260.000,11260.000,20.00,10025
11265.000,11265.000,20.00,9951
11270.000,11270.000,20.00,10085
11275.000,11275.000,20.00,9999
11280.000,11280.000,20.00,10050
11285.000,11285.000,20.00,9956
11290.000,11290.000,20.00,9999
11295.000,11295.000,20.00,10071
11300.000,11300.000,20.00,10082
11305.000,11305.000,20.00,10004
11310.000,11310.000,20.00,9951
11315.000,11315.000,20.00,9949
11320.000,11320.000,20.00,10064
11325.000,11325.000,20.00,10002
11330.000,11330.000,20.00,10094
11335.000,11335.000,20.00,9960
11340.000,11340.000,20.00,9997
11345.000,11345.000,20.00,10062
11350.000,11350.000,20.00,9919
11355.000,11355.000,20.00,9988
11360.000,11360.000,20.00,10029
11365.000,11365.000,20.00,10039
11370.000,11370.000,20.00,10027
11375.000,11375.000,20.00,9820
11380.000,11380.000,20.00,10075
11385.000,11385.000,20.00,10064
11390.000,11390.000,20.00,10002
11395.000,11395.000,20.00,10119
11400.000,11400.000,20.00,10029
11405.000,11405.000,20.00,10032
11410.000,11410.000,20.00,10080
11415.000,11415.000,20.00,10029
11420.000,11420.000,20.00,10064
11425.000,11425.000,20.00,10156
11430.000,11430.000,20.00,9994
11435.000,11435.000,20.00,10025
11440.000,11440.000,20.00,10071
11445.000,11445.000,20.00,10066
11450.000,11450.000,20.00,9995
11455.000,11455.000,20.00,10053
11460.000,11460.000,20.00,10050
11465.000,11465.000,20.00,10041
11470.000,11470.000,20.00,9939
11475.000,11475.000,20.00,10085
11480.000,11480.000,20.00,9983
11485.000,11485.000,20.00,10133
11490.000,11490.000,20.00,10082
11495.000,11495.000,20.00,9882
11500.000,11500.000,20.00,10103
11505.000,11505.000,20.00,10059
11510.000,11510.000,20.00,9969
11515.000,11515.000,20.00,9983
11520.000,11520.000,20.00,10091
11525.000,11525.000,20.00,10082
11530.000,11530.000,20.00,10052
11535.000,11535.000,20.00,10110
11540.000,11540.000,20.00,10126
11545.000,11545.000,20.00,10096
11550.000,11550.000,20.00,10017
11555.000,11555.000,20.00,10069
11560.000,11560.000,20.00,10078
11565.000,11565.000,20.00,9949
11570.000,11570.000,20.00,10105
11575.000,11575.000,20.00,9990
11580.000,11580.000,20.00,10066
11585.000,11585.000,20.00,9679
11590.000,11590.000,20.00,9802
11595.000,11595.000,20.00,10012
11600.000,11600.000,20.00,9734
11605.000,11605.000,20.00,9089
11610.000,11610.000,20.00,9999
11615.000,11615.000,20.00,10013
11620.000,11620.000,20.00,10025
11625.000,11625.000,20.00,10052
11630.000,11630.000,20.00,10045
11635.000,11635.000,20.00,9997
11640.000,11640.000,20.00,8806
11645.000,11645.000,20.00,8387
11650.000,11650.000,20.00,9919
11655.000,11655.000,20.00,9916
11660.000,11660.000,20.00,9585
11665.000,11665.000,20.00,7838
11670.000,11670.000,20.00,9994
11675.000,11675.000,20.00,9951
11680.000,11680.000,20.00,10117
11685.000,11685.000,20.00,10076
11690.000,11690.000,20.00,10080
11695.000,11695.000,20.00,10068
11700.000,11700.000,20.00,9114
11705.000,11705.000,20.00,9336
11710.000,11710.000,20.00,10094
11715.000,11715.000,20.00,10025
11720.000,11720.000,20.00,10062
11725.000,11725.000,20.00,10121
11730.000,11730.000,20.00,7416
11735.000,11735.000,20.00,8218
11740.000,11740.000,20.00,9813
11745.000,11745.000,20.00,9870
11750.000,11750.000,20.00,10022
11755.000,11755.000,20.00,10041
11760.000,11760.000,20.00,10036
11765.000,11765.000,20.00,10080
11770.000,11770.000,20.00,10080
11775.000,11775.000,20.00,9840
11780.000,11780.000,20.00,10022
11785.000,11785.000,20.00,10062
11790.000,11790.000,20.00,9992
11795.000,11795.000,20.00,10036
11800.000,11800.000,20.00,9760
11805.000,11805.000,20.00,9995
11810.000,11810.000,20.00,9988
11815.000,11815.000,20.00,10103
11820.000,11820.000,20.00,10156
11825.000,11825.000,20.00,9965
11830.000,11830.000,20.00,10128
11835.000,11835.000,20.00,9868
11840.000,11840.000,20.00,9976
11845.000,11845.000,20.00,10163
11850.000,11850.000,20.00,9962
11855.000,11855.000,20.00,9928
11860.000,11860.000,20.00,10034
11865.000,11865.000,20.00,10034
11870.000,11870.000,20.00,9995
11875.000,11875.000,20.00,10092
11880.000,11880.000,20.00,10061
11885.000,11885.000,20.00,10052
11890.000,11890.000,20.00,10101
11895.000,11895.000,20.00,9893
11900.000,11900.000,20.00,10055
11905.000,11905.000,20.00,10110
11910.000,11910.000,20.00,10038
11915.000,11915.000,20.00,10068
11920.000,11920.000,20.00,9981
11925.000,11925.000,20.00,10052
11930.000,11930.000,20.00,10004
11935.000,11935.000,20.00,10013
11940.000,11940.000,20.00,9988
11945.000,11945.000,20.00,10011
11950.000,11950.000,20.00,10066
11955.000,11955.000,20.00,10032
11960.000,11960.000,20.00,10039
11965.000,11965.000,20.00,10029
11970.000,11970.000,20.00,10033
11975.000,11975.000,20.00,9981
11980.000,11980.000,20.00,10149
11985.000,11985.000,20.00,9917
11990.000,11990.000,20.00,10011
11995.000,11995.000,20.00,9958
12000.000,12000.000,20.00,9785
12005.000,12005.000,20.00,10047
12010.000,12010.000,20.00,10013
12015.000,12015.000,20.00,10018
12020.000,12020.000,20.00,9907
12025.000,12025.000,20.00,9949
12030.000,12030.000,20.00,10091
12035.000,12035.000,20.00,10073
12040.000,12040.000,20.00,10041
12045.000,12045.000,20.00,10025
12050.000,12050.000,20.00,10096
12055.000,12055.000,20.00,10059
12060.000,12060.000,20.00,10034
12065.000,12065.000,20.00,9951
12070.000,12070.000,20.00,10098
12075.000,12075.000,20.00,10101
12080.000,12080.000,20.00,9986
12085.000,12085.000,20.00,10087
12090.000,12090.000,20.00,10031
12095.000,12095.000,20.00,9990
12100.000,12100.000,20.00,10087
12105.000,12105.000,20.00,9983
12110.000,12110.000,20.00,10048
12115.000,12115.000,20.00,9953
12120.000,12120.000,20.00,10054
12125.000,12125.000,20.00,10082
12130.000,12130.000,20.00,9997
12135.000,12135.000,20.00,10041
12140.000,12140.000,20.00,9919
12145.000,12145.000,20.00,10098
12150.000,12150.000,20.00,9997
12155.000,12155.000,20.00,10055
12160.000,12160.000,20.00,9873
12165.000,12165.000,20.00,10002
12170.000,12170.000,20.00,9953
12175.000,12175.000,20.00,10059
12180.000,12180.000,20.00,10020
12185.000,12185.000,20.00,10013
12190.000,12190.000,20.00,10015
12195.000,12195.000,20.00,10101
12200.000,12200.000,20.00,10140
12205.000,12205.000,20.00,9958
12210.000,12210.000,20.00,9757
12215.000,12215.000,20.00,7437
12220.000,12220.000,20.00,8513
12225.000,12225.000,20.00,9958
12230.000,12230.000,20.00,9995
12235.000,12235.000,20.00,10025
12240.000,12240.000,20.00,9978
12245.000,12245.000,20.00,10145
12250.000,12250.000,20.00,10087
12255.000,12255.000,20.00,10098
12260.000,12260.000,20.00,10096
12265.000,12265.000,20.00,10004
12270.000,12270.000,20.00,9289
12275.000,12275.000,20.00,9999
12280.000,12280.000,20.00,9774
12285.000,12285.000,20.00,10115
12290.000,12290.000,20.00,9979
12295.000,12295.000,20.00,10105
12300.000,12300.000,20.00,10022
12305.000,12305.000,20.00,10055
12310.000,12310.000,20.00,10071
12315.000,12315.000,20.00,9873
12320.000,12320.000,20.00,10140
12325.000,12325.000,20.00,10066
12330.000,12330.000,20.00,10075
12335.000,12335.000,20.00,9965
12340.000,12340.000,20.00,10025
12345.000,12345.000,20.00,10073
12350.000,12350.000,20.00,10059
12355.000,12355.000,20.00,10075
12360.000,12360.000,20.00,10001
12365.000,12365.000,20.00,10032
12370.000,12370.000,20.00,10124
12375.000,12375.000,20.00,9928
12380.000,12380.000,20.00,10045
12385.000,12385.000,20.00,10025
12390.000,12390.000,20.00,9990
12395.000,12395.000,20.00,10135
12400.000,12400.000,20.00,10075
12405.000,12405.000,20.00,10048
12410.000,12410.000,20.00,10057
12415.000,12415.000,20.00,9983
12420.000,12420.000,20.00,9796
12425.000,12425.000,20.00,10013
12430.000,12430.000,20.00,10103
12435.000,12435.000,20.00,9967
12440.000,12440.000,20.00,7794
12445.000,12445.000,20.00,9838
12450.000,12450.000,20.00,7331
12455.000,12455.000,20.00,10032
12460.000,12460.000,20.00,10110
12465.000,12465.000,20.00,9716
12470.000,12470.000,20.00,9956
12475.000,12475.000,20.00,9992
12480.000,12480.000,20.00,10057
12485.000,12485.000,20.00,10092
12490.000,12490.000,20.00,10103
12495.000,12495.000,20.00,10071
12500.000,12500.000,20.00,10108
12505.000,12505.000,20.00,10059
12510.000,12510.000,20.00,10063
12515.000,12515.000,20.00,9976
12520.000,12520.000,20.00,10022
12525.000,12525.000,20.00,10025
12530.000,12530.000,20.00,10073
12535.000,12535.000,20.00,9905
12540.000,12540.000,20.00,10149
12545.000,12545.000,20.00,10043
12550.000,12550.000,20.00,9958
12555.000,12555.000,20.00,10048
12560.000,12560.000,20.00,10041
12565.000,12565.000,20.00,10064
12570.000,12570.000,20.00,10029
12575.000,12575.000,20.00,10013
12580.000,12580.000,20.00,10064
12585.000,12585.000,20.00,9992
12590.000,12590.000,20.00,9988
12595.000,12595.000,20.00,10016
12600.000,12600.000,20.00,10020
12605.000,12605.000,20.00,10055
12610.000,12610.000,20.00,10080
12615.000,12615.000,20.00,10073
12620.000,12620.000,20.00,10066
12625.000,12625.000,20.00,10041
12630.000,12630.000,20.00,10050
12635.000,12635.000,20.00,9919
12640.000,12640.000,20.00,10055
12645.000,12645.000,20.00,10055
12650.000,12650.000,20.00,9995
12655.000,12655.000,20.00,10092
12660.000,12660.000,20.00,10137
12665.000,12665.000,20.00,10027
12670.000,12670.000,20.00,10080
12675.000,12675.000,20.00,9976
12680.000,12680.000,20.00,10096
12685.000,12685.000,20.00,10082
12690.000,12690.000,20.00,10022
12695.000,12695.000,20.00,10045
12700.000,12700.000,20.00,9974
12705.000,12705.000,20.00,9979
12710.000,12710.000,20.00,10080
12715.000,12715.000,20.00,10034
12720.000,12720.000,20.00,10050
12725.000,12725.000,20.00,9919
12730.000,12730.000,20.00,10082
12735.000,12735.000,20.00,10057
12740.000,12740.000,20.00,10022
12745.000,12745.000,20.00,10066
12750.000,12750.000,20.00,10117
12755.000,12755.000,20.00,10009
12760.000,12760.000,20.00,10029
12765.000,12765.000,20.00,10082
12770.000,12770.000,20.00,10002
12775.000,12775.000,20.00,10075
12780.000,12780.000,20.00,10107
12785.000,12785.000,20.00,10041
12790.000,12790.000,20.00,9988
12795.000,12795.000,20.00,9960
12800.000,12800.000,20.00,9986
12805.000,12805.000,20.00,9976
12810.000,12810.000,20.00,10057
12815.000,12815.000,20.00,9923
12820.000,12820.000,20.00,9972
12825.000,12825.000,20.00,10121
12830.000,12830.000,20.00,9981
12835.000,12835.000,20.00,9935
12840.000,12840.000,20.00,9912
12845.000,12845.000,20.00,9893
12850.000,12850.000,20.00,10055
12855.000,12855.000,20.00,10052
12860.000,12860.000,20.00,10092
12865.000,12865.000,20.00,10066
12870.000,12870.000,20.00,10006
12875.000,12875.000,20.00,10038
12880.000,12880.000,20.00,10002
12885.000,12885.000,20.00,10103
12890.000,12890.000,20.00,9972
12895.000,12895.000,20.00,10036
12900.000,12900.000,20.00,10054
12905.000,12905.000,20.00,10002
12910.000,12910.000,20.00,9105
12915.000,12915.000,20.00,9983
12920.000,12920.000,20.00,9861
12925.000,12925.000,20.00,10082
12930.000,12930.000,20.00,10105
12935.000,12935.000,20.00,9235
12940.000,12940.000,20.00,9870
12945.000,12945.000,20.00,9797
12950.000,12950.000,20.00,9857
12955.000,12955.000,20.00,10022
12960.000,12960.000,20.00,10116
12965.000,12965.000,20.00,10041
12970.000,12970.000,20.00,10006
12975.000,12975.000,20.00,9269
12980.000,12980.000,20.00,9624
12985.000,12985.000,20.00,10145
12990.000,12990.000,20.00,9833
12995.000,12995.000,20.00,9995
13000.000,13000.000,20.00,9322
13005.000,13005.000,20.00,9997
13010.000,13010.000,20.00,10009
13015.000,13015.000,20.00,10011
13020.000,13020.000,20.00,9794
13025.000,13025.000,20.00,10064
13030.000,13030.000,20.00,10045
13035.000,13035.000,20.00,10032
13040.000,13040.000,20.00,9889
13045.000,13045.000,20.00,10050
13050.000,13050.000,20.00,9955
13055.000,13055.000,20.00,10052
13060.000,13060.000,20.00,9997
13065.000,13065.000,20.00,10043
13070.000,13070.000,20.00,10080
13075.000,13075.000,20.00,9889
13080.000,13080.000,20.00,9902
13085.000,13085.000,20.00,10029
13090.000,13090.000,20.00,9916
13095.000,13095.000,20.00,9986
13100.000,13100.000,20.00,9919
13105.000,13105.000,20.00,10020
13110.000,13110.000,20.00,10038
13115.000,13115.000,20.00,10112
13120.000,13120.000,20.00,9596
13125.000,13125.000,20.00,10129
13130.000,13130.000,20.00,10050
13135.000,13135.000,20.00,10013
13140.000,13140.000,20.00,10015
13145.000,13145.000,20.00,10126
13150.000,13150.000,20.00,10064
13155.000,13155.000,20.00,9974
13160.000,13160.000,20.00,10094
13165.000,13165.000,20.00,9997
13170.000,13170.000,20.00,10050
13175.000,13175.000,20.00,10080
13180.000,13180.000,20.00,10108
13185.000,13185.000,20.00,10045
13190.000,13190.000,20.00,9893
13195.000,13195.000,20.00,10128
13200.000,13200.000,20.00,10008
13205.000,13205.000,20.00,10087
13210.000,13210.000,20.00,10009
13215.000,13215.000,20.00,9999
13220.000,13220.000,20.00,10117
13225.000,13225.000,20.00,10094
13230.000,13230.000,20.00,10137
13235.000,13235.000,20.00,10061
13240.000,13240.000,20.00,10060
13245.000,13245.000,20.00,10020
13250.000,13250.000,20.00,9882
13255.000,13255.000,20.00,10050
13260.000,13260.000,20.00,10080
13265.000,13265.000,20.00,10029
13270.000,13270.000,20.00,10098
13275.000,13275.000,20.00,10041
13280.000,13280.000,20.00,10094
13285.000,13285.000,20.00,10050
13290.000,13290.000,20.00,10112
13295.000,13295.000,20.00,10098
13300.000,13300.000,20.00,10027
13305.000,13305.000,20.00,9997
13310.000,13310.000,20.00,10075
13315.000,13315.000,20.00,10022
13320.000,13320.000,20.00,9882
13325.000,13325.000,20.00,9944
13330.000,13330.000,20.00,10025
13335.000,13335.000,20.00,10108
13340.000,13340.000,20.00,10082
13345.000,13345.000,20.00,10039
13350.000,13350.000,20.00,10047
13355.000,13355.000,20.00,9969
13360.000,13360.000,20.00,9919
13365.000,13365.000,20.00,9905
13370.000,13370.000,20.00,9935
13375.000,13375.000,20.00,9926
13380.000,13380.000,20.00,10013
13385.000,13385.000,20.00,10098
13390.000,13390.000,20.00,9880
13395.000,13395.000,20.00,9679
13400.000,13400.000,20.00,10110
13405.000,13405.000,20.00,10013
13410.000,13410.000,20.00,9978
13415.000,13415.000,20.00,9730
13420.000,13420.000,20.00,9919
13425.000,13425.000,20.00,9967
13430.000,13430.000,20.00,9926
13435.000,13435.000,20.00,9668
13440.000,13440.000,20.00,10068
13445.000,13445.000,20.00,9951
13450.000,13450.000,20.00,10055
13455.000,13455.000,20.00,10011
13460.000,13460.000,20.00,10009
13465.000,13465.000,20.00,9912
13470.000,13470.000,20.00,9988
13475.000,13475.000,20.00,9986
13480.000,13480.000,20.00,9995
13485.000,13485.000,20.00,10105
13490.000,13490.000,20.00,10101
13495.000,13495.000,20.00,10126
13500.000,13500.000,20.00,9925
13505.000,13505.000,20.00,10048
13510.000,13510.000,20.00,9997
13515.000,13515.000,20.00,10114
13520.000,13520.000,20.00,9790
13525.000,13525.000,20.00,10013
13530.000,13530.000,20.00,9144
13535.000,13535.000,20.00,9933
13540.000,13540.000,20.00,10011
13545.000,13545.000,20.00,10064
13550.000,13550.000,20.00,9962
13555.000,13555.000,20.00,9822
13560.000,13560.000,20.00,9997
13565.000,13565.000,20.00,9910
13570.000,13570.000,20.00,10094
13575.000,13575.000,20.00,10043
13580.000,13580.000,20.00,10052
13585.000,13585.000,20.00,10034
13590.000,13590.000,20.00,10038
13595.000,13595.000,20.00,10015
13600.000,13600.000,20.00,10015
13605.000,13605.000,20.00,10078
13610.000,13610.000,20.00,10115
13615.000,13615.000,20.00,10151
13620.000,13620.000,20.00,10006
13625.000,13625.000,20.00,10004
13630.000,13630.000,20.00,10041
13635.000,13635.000,20.00,9942
13640.000,13640.000,20.00,10004
13645.000,13645.000,20.00,10050
13650.000,13650.000,20.00,10008
13655.000,13655.000,20.00,9946
13660.000,13660.000,20.00,10096
13665.000,13665.000,20.00,10048
13670.000,13670.000,20.00,10052
13675.000,13675.000,20.00,9999
13680.000,13680.000,20.00,10054
13685.000,13685.000,20.00,10078
13690.000,13690.000,20.00,10059
13695.000,13695.000,20.00,10071
13700.000,13700.000,20.00,10138
13705.000,13705.000,20.00,10085
13710.000,13710.000,20.00,10040
13715.000,13715.000,20.00,9986
13720.000,13720.000,20.00,9928
13725.000,13725.000,20.00,9907
13730.000,13730.000,20.00,10022
13735.000,13735.000,20.00,10020
13740.000,13740.000,20.00,9988
13745.000,13745.000,20.00,10119
13750.000,13750.000,20.00,9951
13755.000,13755.000,20.00,10059
13760.000,13760.000,20.00,9914
13765.000,13765.000,20.00,9995
13770.000,13770.000,20.00,10031
13775.000,13775.000,20.00,9986
13780.000,13780.000,20.00,9882
13785.000,13785.000,20.00,9942
13790.000,13790.000,20.00,10073
13795.000,13795.000,20.00,10048
13800.000,13800.000,20.00,9994
13805.000,13805.000,20.00,10089
13810.000,13810.000,20.00,10080
13815.000,13815.000,20.00,10110
13820.000,13820.000,20.00,10078
13825.000,13825.000,20.00,10022
13830.000,13830.000,20.00,3444
13835.000,13835.000,20.00,3811
13840.000,13840.000,20.00,3673
13845.000,13845.000,20.00,4097
13850.000,13850.000,20.00,4675
13855.000,13855.000,20.00,4283
13860.000,13860.000,20.00,9951
13865.000,13865.000,20.00,9969
13870.000,13870.000,20.00,10110
13875.000,13875.000,20.00,9757
13880.000,13880.000,20.00,9955
13885.000,13885.000,20.00,10029
13890.000,13890.000,20.00,10054
13895.000,13895.000,20.00,9919
13900.000,13900.000,20.00,9986
13905.000,13905.000,20.00,9709
13910.000,13910.000,20.00,9817
13915.000,13915.000,20.00,10034
13920.000,13920.000,20.00,8879
13925.000,13925.000,20.00,9223
13930.000,13930.000,20.00,9433
13935.000,13935.000,20.00,9965
13940.000,13940.000,20.00,9979
13945.000,13945.000,20.00,9986
13950.000,13950.000,20.00,10027
13955.000,13955.000,20.00,10025
13960.000,13960.000,20.00,9905
13965.000,13965.000,20.00,10135
13970.000,13970.000,20.00,9852
13975.000,13975.000,20.00,9990
13980.000,13980.000,20.00,10130
13985.000,13985.000,20.00,10043
13990.000,13990.000,20.00,10032
13995.000,13995.000,20.00,10057
14000.000,14000.000,20.00,10039
14005.000,14005.000,20.00,10048
14010.000,14010.000,20.00,6638
14015.000,14015.000,20.00,9827
14020.000,14020.000,20.00,9988
14025.000,14025.000,20.00,8947
14030.000,14030.000,20.00,10080
14035.000,14035.000,20.00,8748
14040.000,14040.000,20.00,10040
14045.000,14045.000,20.00,10041
14050.000,14050.000,20.00,9967
14055.000,14055.000,20.00,10098
14060.000,14060.000,20.00,10036
14065.000,14065.000,20.00,10064
14070.000,14070.000,20.00,10105
14075.000,14075.000,20.00,10029
14080.000,14080.000,20.00,9953
14085.000,14085.000,20.00,10128
14090.000,14090.000,20.00,10068
14095.000,14095.000,20.00,10075
14100.000,14100.000,20.00,10148
14105.000,14105.000,20.00,9965
14110.000,14110.000,20.00,10006
14115.000,14115.000,20.00,10126
14120.000,14120.000,20.00,10057
14125.000,14125.000,20.00,10124
14130.000,14130.000,20.00,10047
14135.000,14135.000,20.00,10052
14140.000,14140.000,20.00,9953
14145.000,14145.000,20.00,10062
14150.000,14150.000,20.00,10029
14155.000,14155.000,20.00,10108
14160.000,14160.000,20.00,10082
14165.000,14165.000,20.00,9866
14170.000,14170.000,20.00,10025
14175.000,14175.000,20.00,10015
14180.000,14180.000,20.00,9898
14185.000,14185.000,20.00,10006
14190.000,14190.000,20.00,9930
14195.000,14195.000,20.00,10124
14200.000,14200.000,20.00,9935
14205.000,14205.000,20.00,10059
14210.000,14210.000,20.00,10078
14215.000,14215.000,20.00,10126
14220.000,14220.000,20.00,9909
14225.000,14225.000,20.00,9910
14230.000,14230.000,20.00,10038
14235.000,14235.000,20.00,10099
14240.000,14240.000,20.00,10048
14245.000,14245.000,20.00,9939
14250.000,14250.000,20.00,10027
14255.000,14255.000,20.00,10036
14260.000,14260.000,20.00,10085
14265.000,14265.000,20.00,10009
14270.000,14270.000,20.00,9988
14275.000,14275.000,20.00,10068
14280.000,14280.000,20.00,10017
14285.000,14285.000,20.00,10029
14290.000,14290.000,20.00,9942
14295.000,14295.000,20.00,10034
14300.000,14300.000,20.00,10085
14305.000,14305.000,20.00,9988
14310.000,14310.000,20.00,10094
14315.000,14315.000,20.00,9976
14320.000,14320.000,20.00,9953
14325.000,14325.000,20.00,10066
14330.000,14330.000,20.00,9999
14335.000,14335.000,20.00,10011
14340.000,14340.000,20.00,10135
14345.000,14345.000,20.00,9956
14350.000,14350.000,20.00,9995
14355.000,14355.000,20.00,9972
14360.000,14360.000,20.00,10089
14365.000,14365.000,20.00,10022
14370.000,14370.000,20.00,10133
14375.000,14375.000,20.00,9850
14380.000,14380.000,20.00,10052
14385.000,14385.000,20.00,10128
14390.000,14390.000,20.00,9923
14395.000,14395.000,20.00,10108
14400.000,14400.000,20.00,10114
14405.000,14405.000,20.00,10154
14410.000,14410.000,20.00,9935
14415.000,14415.000,20.00,10149
14420.000,14420.000,20.00,10100
14425.000,14425.000,20.00,10116
14430.000,14430.000,20.00,10082
14435.000,14435.000,20.00,10105
14440.000,14440.000,20.00,9995
14445.000,14445.000,20.00,10059
14450.000,14450.000,20.00,10089
14455.000,14455.000,20.00,9937
14460.000,14460.000,20.00,9997
14465.000,14465.000,20.00,9974
14470.000,14470.000,20.00,9990
14475.000,14475.000,20.00,10025
14480.000,14480.000,20.00,9930
14485.000,14485.000,20.00,10142
14490.000,14490.000,20.00,9944
14495.000,14495.000,20.00,9997
14500.000,14500.000,20.00,9990
14505.000,14505.000,20.00,9594
14510.000,14510.000,20.00,10064
14515.000,14515.000,20.00,10052
14520.000,14520.000,20.00,10110
14525.000,14525.000,20.00,10032
14530.000,14530.000,20.00,10078
14535.000,14535.000,20.00,10004
14540.000,14540.000,20.00,10068
14545.000,14545.000,20.00,9997
14550.000,14550.000,20.00,10061
14555.000,14555.000,20.00,10068
14560.000,14560.000,20.00,10025
14565.000,14565.000,20.00,10133
14570.000,14570.000,20.00,10105
14575.000,14575.000,20.00,10131
14580.000,14580.000,20.00,10096
14585.000,14585.000,20.00,10103
14590.000,14590.000,20.00,10034
14595.000,14595.000,20.00,10068
14600.000,14600.000,20.00,10045
14605.000,14605.000,20.00,10135
14610.000,14610.000,20.00,10048
14615.000,14615.000,20.00,9960
14620.000,14620.000,20.00,10032
14625.000,14625.000,20.00,10064
14630.000,14630.000,20.00,10029
14635.000,14635.000,20.00,10022
14640.000,14640.000,20.00,10064
14645.000,14645.000,20.00,10004
14650.000,14650.000,20.00,10105
14655.000,14655.000,20.00,9995
14660.000,14660.000,20.00,10018
14665.000,14665.000,20.00,10055
14670.000,14670.000,20.00,10015
14675.000,14675.000,20.00,10108
14680.000,14680.000,20.00,10082
14685.000,14685.000,20.00,10078
14690.000,14690.000,20.00,9981
14695.000,14695.000,20.00,10050
14700.000,14700.000,20.00,10068
14705.000,14705.000,20.00,9949
14710.000,14710.000,20.00,9979
14715.000,14715.000,20.00,10029
14720.000,14720.000,20.00,9905
14725.000,14725.000,20.00,10112
14730.000,14730.000,20.00,9902
14735.000,14735.000,20.00,9999
14740.000,14740.000,20.00,10032
14745.000,14745.000,20.00,10055
14750.000,14750.000,20.00,10043
14755.000,14755.000,20.00,10052
14760.000,14760.000,20.00,10017
14765.000,14765.000,20.00,10043
14770.000,14770.000,20.00,10004
14775.000,14775.000,20.00,10034
14780.000,14780.000,20.00,10002
14785.000,14785.000,20.00,10027
14790.000,14790.000,20.00,10052
14795.000,14795.000,20.00,10089
14800.000,14800.000,20.00,10119
14805.000,14805.000,20.00,9866
14810.000,14810.000,20.00,10055
14815.000,14815.000,20.00,9926
14820.000,14820.000,20.00,10031
14825.000,14825.000,20.00,10016
14830.000,14830.000,20.00,9972
14835.000,14835.000,20.00,9969
14840.000,14840.000,20.00,10020
14845.000,14845.000,20.00,10048
14850.000,14850.000,20.00,10050
14855.000,14855.000,20.00,9935
14860.000,14860.000,20.00,10073
14865.000,14865.000,20.00,10069
14870.000,14870.000,20.00,10004
14875.000,14875.000,20.00,10045
14880.000,14880.000,20.00,9994
14885.000,14885.000,20.00,9992
14890.000,14890.000,20.00,10050
14895.000,14895.000,20.00,9831
14900.000,14900.000,20.00,9944
14905.000,14905.000,20.00,9928
14910.000,14910.000,20.00,10004
14915.000,14915.000,20.00,10068
14920.000,14920.000,20.00,9946
14925.000,14925.000,20.00,10066
14930.000,14930.000,20.00,10020
14935.000,14935.000,20.00,9958
14940.000,14940.000,20.00,9967
14945.000,14945.000,20.00,10105
14950.000,14950.000,20.00,10034
14955.000,14955.000,20.00,10108
14960.000,14960.000,20.00,10073
14965.000,14965.000,20.00,10101
14970.000,14970.000,20.00,10073
14975.000,14975.000,20.00,9972
14980.000,14980.000,20.00,10101
14985.000,14985.000,20.00,10101
14990.000,14990.000,20.00,10020
14995.000,14995.000,20.00,10078
15000.000,15000.000,20.00,10057
15005.000,15005.000,20.00,10029
15010.000,15010.000,20.00,9983
15015.000,15015.000,20.00,9914
15020.000,15020.000,20.00,10068
15025.000,15025.000,20.00,10135
15030.000,15030.000,20.00,10137
15035.000,15035.000,20.00,10018
15040.000,15040.000,20.00,9891
15045.000,15045.000,20.00,10034
15050.000,15050.000,20.00,9974
15055.000,15055.000,20.00,10082
15060.000,15060.000,20.00,9937
15065.000,15065.000,20.00,9838
15070.000,15070.000,20.00,9912
15075.000,15075.000,20.00,9969
15080.000,15080.000,20.00,9898
15085.000,15085.000,20.00,9741
15090.000,15090.000,20.00,9598
15095.000,15095.000,20.00,9926
15100.000,15100.000,20.00,9981
15105.000,15105.000,20.00,10020
15110.000,15110.000,20.00,10034
15115.000,15115.000,20.00,10115
15120.000,15120.000,20.00,10008
15125.000,15125.000,20.00,10039
15130.000,15130.000,20.00,9522
15135.000,15135.000,20.00,9472
15140.000,15140.000,20.00,9624
15145.000,15145.000,20.00,9741
15150.000,15150.000,20.00,9948
15155.000,15155.000,20.00,10092
15160.000,15160.000,20.00,10075
15165.000,15165.000,20.00,10048
15170.000,15170.000,20.00,9983
15175.000,15175.000,20.00,9983
15180.000,15180.000,20.00,8197
15185.000,15185.000,20.00,8716
15190.000,15190.000,20.00,9873
15195.000,15195.000,20.00,9645
15200.000,15200.000,20.00,8412
15205.000,15205.000,20.00,9753
15210.000,15210.000,20.00,9912
15215.000,15215.000,20.00,9999
15220.000,15220.000,20.00,10062
15225.000,15225.000,20.00,8253
15230.000,15230.000,20.00,8997
15235.000,15235.000,20.00,8253
15240.000,15240.000,20.00,10098
15245.000,15245.000,20.00,10041
15250.000,15250.000,20.00,10043
15255.000,15255.000,20.00,10004
15260.000,15260.000,20.00,9962
15265.000,15265.000,20.00,10170
15270.000,15270.000,20.00,10068
15275.000,15275.000,20.00,10098
15280.000,15280.000,20.00,9907
15285.000,15285.000,20.00,10050
15290.000,15290.000,20.00,10043
15295.000,15295.000,20.00,9889
15300.000,15300.000,20.00,9992
15305.000,15305.000,20.00,9891
15310.000,15310.000,20.00,10032
15315.000,15315.000,20.00,9939
15320.000,15320.000,20.00,9951
15325.000,15325.000,20.00,10073
15330.000,15330.000,20.00,10078
15335.000,15335.000,20.00,10151
15340.000,15340.000,20.00,9914
15345.000,15345.000,20.00,10018
15350.000,15350.000,20.00,10020
15355.000,15355.000,20.00,9992
15360.000,15360.000,20.00,10050
15365.000,15365.000,20.00,10036
15370.000,15370.000,20.00,9967
15375.000,15375.000,20.00,10085
15380.000,15380.000,20.00,10092
15385.000,15385.000,20.00,9999
15390.000,15390.000,20.00,10022
15395.000,15395.000,20.00,9960
15400.000,15400.000,20.00,9972
15405.000,15405.000,20.00,10140
15410.000,15410.000,20.00,10055
15415.000,15415.000,20.00,9976
15420.000,15420.000,20.00,10024
15425.000,15425.000,20.00,9951
15430.000,15430.000,20.00,10011
15435.000,15435.000,20.00,10103
15440.000,15440.000,20.00,10103
15445.000,15445.000,20.00,10057
15450.000,15450.000,20.00,10059
15455.000,15455.000,20.00,10075
15460.000,15460.000,20.00,10096
15465.000,15465.000,20.00,9939
15470.000,15470.000,20.00,9962
15475.000,15475.000,20.00,9933
15480.000,15480.000,20.00,9794
15485.000,15485.000,20.00,9914
15490.000,15490.000,20.00,9840
15495.000,15495.000,20.00,9933
15500.000,15500.000,20.00,9956
15505.000,15505.000,20.00,9771
15510.000,15510.000,20.00,9103
15515.000,15515.000,20.00,9914
15520.000,15520.000,20.00,9863
15525.000,15525.000,20.00,8161
15530.000,15530.000,20.00,8923
15535.000,15535.000,20.00,9753
15540.000,15540.000,20.00,10089
15545.000,15545.000,20.00,9953
15550.000,15550.000,20.00,10059
15555.000,15555.000,20.00,10085
15560.000,15560.000,20.00,9882
15565.000,15565.000,20.00,10110
15570.000,15570.000,20.00,9939
15575.000,15575.000,20.00,10006
15580.000,15580.000,20.00,9965
15585.000,15585.000,20.00,9988
15590.000,15590.000,20.00,10121
15595.000,15595.000,20.00,9995
15600.000,15600.000,20.00,10151
15605.000,15605.000,20.00,10078
15610.000,15610.000,20.00,9997
15615.000,15615.000,20.00,10142
15620.000,15620.000,20.00,9893
15625.000,15625.000,20.00,9917
15630.000,15630.000,20.00,10123
15635.000,15635.000,20.00,9974
15640.000,15640.000,20.00,10022
15645.000,15645.000,20.00,10020
15650.000,15650.000,20.00,10020
15655.000,15655.000,20.00,10075
15660.000,15660.000,20.00,10087
15665.000,15665.000,20.00,10082
15670.000,15670.000,20.00,9939
15675.000,15675.000,20.00,9986
15680.000,15680.000,20.00,10043
15685.000,15685.000,20.00,10032
15690.000,15690.000,20.00,10013
15695.000,15695.000,20.00,9935
15700.000,15700.000,20.00,10082
15705.000,15705.000,20.00,9958
15710.000,15710.000,20.00,9995
15715.000,15715.000,20.00,10029
15720.000,15720.000,20.00,9967
15725.000,15725.000,20.00,10156
15730.000,15730.000,20.00,10089
15735.000,15735.000,20.00,10022
15740.000,15740.000,20.00,10096
15745.000,15745.000,20.00,9859
15750.000,15750.000,20.00,10011
15755.000,15755.000,20.00,10138
15760.000,15760.000,20.00,10052
15765.000,15765.000,20.00,10103
15770.000,15770.000,20.00,9965
15775.000,15775.000,20.00,10052
15780.000,15780.000,20.00,9951
15785.000,15785.000,20.00,10105
15790.000,15790.000,20.00,10055
15795.000,15795.000,20.00,10022
15800.000,15800.000,20.00,10112
15805.000,15805.000,20.00,10073
15810.000,15810.000,20.00,10003
15815.000,15815.000,20.00,10090
15820.000,15820.000,20.00,10105
15825.000,15825.000,20.00,10032
15830.000,15830.000,20.00,10020
15835.000,15835.000,20.00,10045
15840.000,15840.000,20.00,9969
15845.000,15845.000,20.00,10055
15850.000,15850.000,20.00,10020
15855.000,15855.000,20.00,9946
15860.000,15860.000,20.00,10085
15865.000,15865.000,20.00,9965
15870.000,15870.000,20.00,9882
15875.000,15875.000,20.00,9992
15880.000,15880.000,20.00,9986
15885.000,15885.000,20.00,9969
15890.000,15890.000,20.00,10073
15895.000,15895.000,20.00,10052
15900.000,15900.000,20.00,10013
15905.000,15905.000,20.00,10117
15910.000,15910.000,20.00,10036
15915.000,15915.000,20.00,10020
15920.000,15920.000,20.00,9886
15925.000,15925.000,20.00,10082
15930.000,15930.000,20.00,9999
15935.000,15935.000,20.00,10115
15940.000,15940.000,20.00,10011
15945.000,15945.000,20.00,10135
15950.000,15950.000,20.00,9979
15955.000,15955.000,20.00,10034
15960.000,15960.000,20.00,10045
15965.000,15965.000,20.00,9986
15970.000,15970.000,20.00,9997
15975.000,15975.000,20.00,10004
15980.000,15980.000,20.00,9944
15985.000,15985.000,20.00,10096
15990.000,15990.000,20.00,10034
15995.000,15995.000,20.00,10062
16000.000,16000.000,20.00,10048
16005.000,16005.000,20.00,10022
16010.000,16010.000,20.00,10098
16015.000,16015.000,20.00,10062
16020.000,16020.000,20.00,10117
16025.000,16025.000,20.00,10045
16030.000,16030.000,20.00,10002
16035.000,16035.000,20.00,10089
16040.000,16040.000,20.00,10045
16045.000,16045.000,20.00,10041
16050.000,16050.000,20.00,10142
16055.000,16055.000,20.00,10126
16060.000,16060.000,20.00,9979
16065.000,16065.000,20.00,10062
16070.000,16070.000,20.00,9986
16075.000,16075.000,20.00,10043
16080.000,16080.000,20.00,9955
16085.000,16085.000,20.00,10041
16090.000,16090.000,20.00,10124
16095.000,16095.000,20.00,9967
16100.000,16100.000,20.00,10020
16105.000,16105.000,20.00,10044
16110.000,16110.000,20.00,10057
16115.000,16115.000,20.00,10050
16120.000,16120.000,20.00,10004
16125.000,16125.000,20.00,10078
16130.000,16130.000,20.00,10045
16135.000,16135.000,20.00,10013
16140.000,16140.000,20.00,9909
16145.000,16145.000,20.00,9944
16150.000,16150.000,20.00,9995
16155.000,16155.000,20.00,10011
16160.000,16160.000,20.00,9928
16165.000,16165.000,20.00,9914
16170.000,16170.000,20.00,10075
16175.000,16175.000,20.00,10138
16180.000,16180.000,20.00,10080
16185.000,16185.000,20.00,9995
16190.000,16190.000,20.00,10022
16195.000,16195.000,20.00,9926
16200.000,16200.000,20.00,10008
16205.000,16205.000,20.00,10071
16210.000,16210.000,20.00,10057
16215.000,16215.000,20.00,9873
16220.000,16220.000,20.00,9972
16225.000,16225.000,20.00,10041
16230.000,16230.000,20.00,10017
16235.000,16235.000,20.00,9990
16240.000,16240.000,20.00,9642
16245.000,16245.000,20.00,10025
16250.000,16250.000,20.00,9815
16255.000,16255.000,20.00,9435
16260.000,16260.000,20.00,10006
16265.000,16265.000,20.00,10043
16270.000,16270.000,20.00,9317
16275.000,16275.000,20.00,9306
16280.000,16280.000,20.00,9357
16285.000,16285.000,20.00,9873
16290.000,16290.000,20.00,5509
16295.000,16295.000,20.00,5965
16300.000,16300.000,20.00,6336
16305.000,16305.000,20.00,6419
16310.000,16310.000,20.00,6435
16315.000,16315.000,20.00,5972
16320.000,16320.000,20.00,10011
16325.000,16325.000,20.00,10128
16330.000,16330.000,20.00,10066
16335.000,16335.000,20.00,10108
16340.000,16340.000,20.00,10082
16345.000,16345.000,20.00,9993
16350.000,16350.000,20.00,8840
16355.000,16355.000,20.00,9066
16360.000,16360.000,20.00,8414
16365.000,16365.000,20.00,8543
16370.000,16370.000,20.00,8704
16375.000,16375.000,20.00,9080
16380.000,16380.000,20.00,9944
16385.000,16385.000,20.00,9727
16390.000,16390.000,20.00,9211
16395.000,16395.000,20.00,10066
16400.000,16400.000,20.00,9974
16405.000,16405.000,20.00,10068
16410.000,16410.000,20.00,9951
16415.000,16415.000,20.00,9361
16420.000,16420.000,20.00,9034
16425.000,16425.000,20.00,9847
16430.000,16430.000,20.00,9228
16435.000,16435.000,20.00,9433
16440.000,16440.000,20.00,9054
16445.000,16445.000,20.00,8331
16450.000,16450.000,20.00,9960
16455.000,16455.000,20.00,10055
16460.000,16460.000,20.00,9935
16465.000,16465.000,20.00,10032
16470.000,16470.000,20.00,10084
16475.000,16475.000,20.00,10062
16480.000,16480.000,20.00,9983
16485.000,16485.000,20.00,10068
16490.000,16490.000,20.00,10101
16495.000,16495.000,20.00,10002
16500.000,16500.000,20.00,10091
16505.000,16505.000,20.00,10045
16510.000,16510.000,20.00,10133
16515.000,16515.000,20.00,9937
16520.000,16520.000,20.00,10006
16525.000,16525.000,20.00,10029
16530.000,16530.000,20.00,9925
16535.000,16535.000,20.00,10112
16540.000,16540.000,20.00,10002
16545.000,16545.000,20.00,10045
16550.000,16550.000,20.00,10110
16555.000,16555.000,20.00,9889
16560.000,16560.000,20.00,10027
16565.000,16565.000,20.00,10043
16570.000,16570.000,20.00,9861
16575.000,16575.000,20.00,10149
16580.000,16580.000,20.00,9979
16585.000,16585.000,20.00,10121
16590.000,16590.000,20.00,10061
16595.000,16595.000,20.00,10082
16600.000,16600.000,20.00,9970
16605.000,16605.000,20.00,9995
16610.000,16610.000,20.00,9956
16615.000,16615.000,20.00,10011
16620.000,16620.000,20.00,10024
16625.000,16625.000,20.00,10096
16630.000,16630.000,20.00,9884
16635.000,16635.000,20.00,10078
16640.000,16640.000,20.00,10052
16645.000,16645.000,20.00,10022
16650.000,16650.000,20.00,10050
16655.000,16655.000,20.00,9951
16660.000,16660.000,20.00,9986
16665.000,16665.000,20.00,9907
16670.000,16670.000,20.00,9997
16675.000,16675.000,20.00,10085
16680.000,16680.000,20.00,10029
16685.000,16685.000,20.00,9986
16690.000,16690.000,20.00,9999
16695.000,16695.000,20.00,10068
16700.000,16700.000,20.00,10087
16705.000,16705.000,20.00,10135
16710.000,16710.000,20.00,9978
16715.000,16715.000,20.00,10039
16720.000,16720.000,20.00,10011
16725.000,16725.000,20.00,9997
16730.000,16730.000,20.00,9704
16735.000,16735.000,20.00,9873
16740.000,16740.000,20.00,10013
16745.000,16745.000,20.00,10029
16750.000,16750.000,20.00,10020
16755.000,16755.000,20.00,9981
16760.000,16760.000,20.00,10048
16765.000,16765.000,20.00,9974
16770.000,16770.000,20.00,9985
16775.000,16775.000,20.00,10015
16780.000,16780.000,20.00,10066
16785.000,16785.000,20.00,9919
16790.000,16790.000,20.00,10004
16795.000,16795.000,20.00,10022
16800.000,16800.000,20.00,10096
16805.000,16805.000,20.00,10015
16810.000,16810.000,20.00,9981
16815.000,16815.000,20.00,9912
16820.000,16820.000,20.00,10147
16825.000,16825.000,20.00,10121
16830.000,16830.000,20.00,10066
16835.000,16835.000,20.00,10045
16840.000,16840.000,20.00,10073
16845.000,16845.000,20.00,10094
16850.000,16850.000,20.00,10013
16855.000,16855.000,20.00,9843
16860.000,16860.000,20.00,10064
16865.000,16865.000,20.00,10085
16870.000,16870.000,20.00,10082
16875.000,16875.000,20.00,10135
16880.000,16880.000,20.00,10073
16885.000,16885.000,20.00,9997
16890.000,16890.000,20.00,10029
16895.000,16895.000,20.00,9965
16900.000,16900.000,20.00,10002
16905.000,16905.000,20.00,9986
16910.000,16910.000,20.00,10098
16915.000,16915.000,20.00,9863
16920.000,16920.000,20.00,9925
16925.000,16925.000,20.00,10082
16930.000,16930.000,20.00,9988
16935.000,16935.000,20.00,10092
16940.000,16940.000,20.00,10073
16945.000,16945.000,20.00,10036
16950.000,16950.000,20.00,9981
16955.000,16955.000,20.00,9910
16960.000,16960.000,20.00,10108
16965.000,16965.000,20.00,9988
16970.000,16970.000,20.00,10039
16975.000,16975.000,20.00,9921
16980.000,16980.000,20.00,10057
16985.000,16985.000,20.00,9949
16990.000,16990.000,20.00,10140
16995.000,16995.000,20.00,10011
17000.000,17000.000,20.00,10018
17005.000,17005.000,20.00,10013
