since,relative_seconds,rtt,bandwidth_kbps
0.000,0.000,20.00,29784
5.000,5.000,20.00,29782
10.000,10.000,20.00,29782
15.000,15.000,20.00,29782
20.000,20.000,20.00,29780
25.000,25.000,20.00,29783
30.000,30.000,20.00,29756
35.000,35.000,20.00,29428
40.000,40.000,20.00,29060
45.000,45.000,20.00,21013
50.000,50.000,20.00,15713
55.000,55.000,20.00,15492
60.000,60.000,20.00,29783
65.000,65.000,20.00,29785
70.000,70.000,20.00,29780
75.000,75.000,20.00,29766
80.000,80.000,20.00,29796
85.000,85.000,20.00,29783
90.000,90.000,20.00,29784
95.000,95.000,20.00,29778
100.000,100.000,20.00,29782
105.000,105.000,20.00,29783
110.000,110.000,20.00,29782
115.000,115.000,20.00,29780
120.000,120.000,20.00,29783
125.000,125.000,20.00,29782
130.000,130.000,20.00,29782
135.000,135.000,20.00,29782
140.000,140.000,20.00,29780
145.000,145.000,20.00,29783
150.000,150.000,20.00,29784
155.000,155.000,20.00,29776
160.000,160.000,20.00,29785
165.000,165.000,20.00,29782
170.000,170.000,20.00,29782
175.000,175.000,20.00,29783
180.000,180.000,20.00,29782
185.000,185.000,20.00,29782
190.000,190.000,20.00,29782
195.000,195.000,20.00,29782
200.000,200.000,20.00,29785
205.000,205.000,20.00,29782
210.000,210.000,20.00,29779
215.000,215.000,20.00,29783
220.000,220.000,20.00,29782
225.000,225.000,20.00,29782
230.000,230.000,20.00,29783
235.000,235.000,20.00,29780
240.000,240.000,20.00,29781
245.000,245.000,20.00,29781
250.000,250.000,20.00,29777
255.000,255.000,20.00,29785
260.000,260.000,20.00,29782
265.000,265.000,20.00,29781
270.000,270.000,20.00,29786
275.000,275.000,20.00,29782
280.000,280.000,20.00,29778
285.000,285.000,20.00,29785
290.000,290.000,20.00,29782
295.000,295.000,20.00,29781
300.000,300.000,20.00,29779
305.000,305.000,20.00,29785
310.000,310.000,20.00,29782
315.000,315.000,20.00,29782
320.000,320.000,20.00,29778
325.000,325.000,20.00,29784
330.000,330.000,20.00,29779
335.000,335.000,20.00,29782
340.000,340.000,20.00,29781
345.000,345.000,20.00,29785
350.000,350.000,20.00,29781
355.000,355.000,20.00,29783
360.000,360.000,20.00,29779
365.000,365.000,20.00,29782
370.000,370.000,20.00,29782
375.000,375.000,20.00,29780
380.000,380.000,20.00,29780
385.000,385.000,20.00,29787
390.000,390.000,20.00,29785
395.000,395.000,20.00,29780
400.000,400.000,20.00,29785
405.000,405.000,20.00,29782
410.000,410.000,20.00,29782
415.000,415.000,20.00,29780
420.000,420.000,20.00,29782
425.000,425.000,20.00,29785
430.000,430.000,20.00,29778
435.000,435.000,20.00,29783
440.000,440.000,20.00,29782
445.000,445.000,20.00,29782
450.000,450.000,20.00,29415
455.000,455.000,20.00,29780
460.000,460.000,20.00,29782
465.000,465.000,20.00,29782
470.000,470.000,20.00,29675
475.000,475.000,20.00,29778
480.000,480.000,20.00,29765
485.000,485.000,20.00,29795
490.000,490.000,20.00,29785
495.000,495.000,20.00,29720
500.000,500.000,20.00,29743
505.000,505.000,20.00,29785
510.000,510.000,20.00,29797
515.000,515.000,20.00,29782
520.000,520.000,20.00,29783
525.000,525.000,20.00,29778
530.000,530.000,20.00,29778
535.000,535.000,20.00,29782
540.000,540.000,20.00,29779
545.000,545.000,20.00,29782
550.000,550.000,20.00,29780
555.000,555.000,20.00,29785
560.000,560.000,20.00,29782
565.000,565.000,20.00,29782
570.000,570.000,20.00,29783
575.000,575.000,20.00,29780
580.000,580.000,20.00,29782
585.000,585.000,20.00,29782
590.000,590.000,20.00,29784
595.000,595.000,20.00,29781
600.000,600.000,20.00,29782
605.000,605.000,20.00,29782
610.000,610.000,20.00,29782
615.000,615.000,20.00,29782
620.000,620.000,20.00,29778
625.000,625.000,20.00,29785
630.000,630.000,20.00,29781
635.000,635.000,20.00,29778
640.000,640.000,20.00,29783
645.000,645.000,20.00,29785
650.000,650.000,20.00,29780
655.000,655.000,20.00,29782
660.000,660.000,20.00,29782
665.000,665.000,20.00,29782
670.000,670.000,20.00,29783
675.000,675.000,20.00,29780
680.000,680.000,20.00,29787
685.000,685.000,20.00,29778
690.000,690.000,20.00,29785
695.000,695.000,20.00,29782
700.000,700.000,20.00,29780
705.000,705.000,20.00,29780
710.000,710.000,20.00,29785
715.000,715.000,20.00,29780
720.000,720.000,20.00,29785
725.000,725.000,20.00,29778
730.000,730.000,20.00,29787
735.000,735.000,20.00,29782
740.000,740.000,20.00,29782
745.000,745.000,20.00,29769
750.000,750.000,20.00,29782
755.000,755.000,20.00,29785
760.000,760.000,20.00,29780
765.000,765.000,20.00,29785
770.000,770.000,20.00,29783
775.000,775.000,20.00,29782
780.000,780.000,20.00,29783
785.000,785.000,20.00,29781
790.000,790.000,20.00,29782
795.000,795.000,20.00,29780
800.000,800.000,20.00,29785
805.000,805.000,20.00,29783
810.000,810.000,20.00,29784
815.000,815.000,20.00,29782
820.000,820.000,20.00,29782
825.000,825.000,20.00,29783
830.000,830.000,20.00,29776
835.000,835.000,20.00,29787
840.000,840.000,20.00,29777
845.000,845.000,20.00,29780
850.000,850.000,20.00,29785
855.000,855.000,20.00,29780
860.000,860.000,20.00,29776
865.000,865.000,20.00,29787
870.000,870.000,20.00,29779
875.000,875.000,20.00,29786
880.000,880.000,20.00,29781
885.000,885.000,20.00,29782
890.000,890.000,20.00,29780
895.000,895.000,20.00,29785
900.000,900.000,20.00,29782
905.000,905.000,20.00,29782
910.000,910.000,20.00,29785
915.000,915.000,20.00,29780
920.000,920.000,20.00,29782
925.000,925.000,20.00,29778
930.000,930.000,20.00,29784
935.000,935.000,20.00,29785
940.000,940.000,20.00,29780
945.000,945.000,20.00,29780
950.000,950.000,20.00,29780
955.000,955.000,20.00,29785
960.000,960.000,20.00,29782
965.000,965.000,20.00,29782
970.000,970.000,20.00,29782
975.000,975.000,20.00,29780
980.000,980.000,20.00,29784
985.000,985.000,20.00,29781
990.000,990.000,20.00,29783
995.000,995.000,20.00,29776
1000.000,1000.000,20.00,29787
1005.000,1005.000,20.00,29782
1010.000,1010.000,20.00,29782
1015.000,1015.000,20.00,29785
1020.000,1020.000,20.00,29779
1025.000,1025.000,20.00,29785
1030.000,1030.000,20.00,29782
1035.000,1035.000,20.00,29780
1040.000,1040.000,20.00,29780
1045.000,1045.000,20.00,29785
1050.000,1050.000,20.00,29783
1055.000,1055.000,20.00,29785
1060.000,1060.000,20.00,29778
1065.000,1065.000,20.00,29787
1070.000,1070.000,20.00,29780
1075.000,1075.000,20.00,29779
1080.000,1080.000,20.00,29779
1085.000,1085.000,20.00,29784
1090.000,1090.000,20.00,29781
1095.000,1095.000,20.00,29779
1100.000,1100.000,20.00,29757
1105.000,1105.000,20.00,29806
1110.000,1110.000,20.00,29781
1115.000,1115.000,20.00,29781
1120.000,1120.000,20.00,29784
1125.000,1125.000,20.00,29780
1130.000,1130.000,20.00,29783
1135.000,1135.000,20.00,29780
1140.000,1140.000,20.00,29781
1145.000,1145.000,20.00,29781
1150.000,1150.000,20.00,29782
1155.000,1155.000,20.00,29780
1160.000,1160.000,20.00,29785
1165.000,1165.000,20.00,29780
1170.000,1170.000,20.00,29784
1175.000,1175.000,20.00,29778
1180.000,1180.000,20.00,29780
1185.000,1185.000,20.00,29787
1190.000,1190.000,20.00,29780
1195.000,1195.000,20.00,29780
1200.000,1200.000,20.00,29779
1205.000,1205.000,20.00,29787
1210.000,1210.000,20.00,29780
1215.000,1215.000,20.00,29782
1220.000,1220.000,20.00,29783
1225.000,1225.000,20.00,29782
1230.000,1230.000,20.00,29784
1235.000,1235.000,20.00,29780
1240.000,1240.000,20.00,29780
1245.000,1245.000,20.00,29787
1250.000,1250.000,20.00,29780
1255.000,1255.000,20.00,29780
1260.000,1260.000,20.00,29781
1265.000,1265.000,20.00,29785
1270.000,1270.000,20.00,29782
1275.000,1275.000,20.00,29780
1280.000,1280.000,20.00,29785
1285.000,1285.000,20.00,29783
1290.000,1290.000,20.00,29782
1295.000,1295.000,20.00,29780
1300.000,1300.000,20.00,29782
1305.000,1305.000,20.00,29782
1310.000,1310.000,20.00,29780
1315.000,1315.000,20.00,29785
1320.000,1320.000,20.00,29782
1325.000,1325.000,20.00,29780
1330.000,1330.000,20.00,29782
1335.000,1335.000,20.00,29781
1340.000,1340.000,20.00,29785
1345.000,1345.000,20.00,29783
1350.000,1350.000,20.00,29779
1355.000,1355.000,20.00,29787
1360.000,1360.000,20.00,29780
1365.000,1365.000,20.00,29783
1370.000,1370.000,20.00,29778
1375.000,1375.000,20.00,29782
1380.000,1380.000,20.00,29781
1385.000,1385.000,20.00,29273
1390.000,1390.000,20.00,29947
1395.000,1395.000,20.00,29787
1400.000,1400.000,20.00,29782
1405.000,1405.000,20.00,29780
1410.000,1410.000,20.00,29784
1415.000,1415.000,20.00,29782
1420.000,1420.000,20.00,29777
1425.000,1425.000,20.00,29785
1430.000,1430.000,20.00,29780
1435.000,1435.000,20.00,29782
1440.000,1440.000,20.00,29784
1445.000,1445.000,20.00,29778
1450.000,1450.000,20.00,29785
1455.000,1455.000,20.00,29782
1460.000,1460.000,20.00,29782
1465.000,1465.000,20.00,29782
1470.000,1470.000,20.00,29786
1475.000,1475.000,20.00,29782
1480.000,1480.000,20.00,29784
1485.000,1485.000,20.00,29780
1490.000,1490.000,20.00,29783
1495.000,1495.000,20.00,29780
1500.000,1500.000,20.00,29781
1505.000,1505.000,20.00,29780
1510.000,1510.000,20.00,29782
1515.000,1515.000,20.00,29782
1520.000,1520.000,20.00,29780
1525.000,1525.000,20.00,29785
1530.000,1530.000,20.00,29784
1535.000,1535.000,20.00,29782
1540.000,1540.000,20.00,29783
1545.000,1545.000,20.00,29782
1550.000,1550.000,20.00,29780
1555.000,1555.000,20.00,29782
1560.000,1560.000,20.00,29776
1565.000,1565.000,20.00,29792
1570.000,1570.000,20.00,29778
1575.000,1575.000,20.00,29783
1580.000,1580.000,20.00,29780
1585.000,1585.000,20.00,29785
1590.000,1590.000,20.00,29784
1595.000,1595.000,20.00,29783
1600.000,1600.000,20.00,29782
1605.000,1605.000,20.00,29780
1610.000,1610.000,20.00,29780
1615.000,1615.000,20.00,29780
1620.000,1620.000,20.00,29784
1625.000,1625.000,20.00,29780
1630.000,1630.000,20.00,29785
1635.000,1635.000,20.00,29780
1640.000,1640.000,20.00,29782
1645.000,1645.000,20.00,29780
1650.000,1650.000,20.00,29782
1655.000,1655.000,20.00,29783
1660.000,1660.000,20.00,29780
1665.000,1665.000,20.00,29782
1670.000,1670.000,20.00,29783
1675.000,1675.000,20.00,29777
1680.000,1680.000,20.00,29786
1685.000,1685.000,20.00,29782
1690.000,1690.000,20.00,29781
1695.000,1695.000,20.00,29780
1700.000,1700.000,20.00,29780
1705.000,1705.000,20.00,29785
1710.000,1710.000,20.00,29782
1715.000,1715.000,20.00,29782
1720.000,1720.000,20.00,29784
1725.000,1725.000,20.00,29780
1730.000,1730.000,20.00,29782
1735.000,1735.000,20.00,29780
1740.000,1740.000,20.00,29784
1745.000,1745.000,20.00,29782
1750.000,1750.000,20.00,29780
1755.000,1755.000,20.00,29778
1760.000,1760.000,20.00,29787
1765.000,1765.000,20.00,29782
1770.000,1770.000,20.00,29788
1775.000,1775.000,20.00,29778
1780.000,1780.000,20.00,29785
1785.000,1785.000,20.00,29782
1790.000,1790.000,20.00,29782
1795.000,1795.000,20.00,29781
1800.000,1800.000,20.00,29783
1805.000,1805.000,20.00,29799
1810.000,1810.000,20.00,29782
1815.000,1815.000,20.00,29785
1820.000,1820.000,20.00,29782
1825.000,1825.000,20.00,29780
1830.000,1830.000,20.00,29784
1835.000,1835.000,20.00,29780
1840.000,1840.000,20.00,29782
1845.000,1845.000,20.00,29782
1850.000,1850.000,20.00,29778
1855.000,1855.000,20.00,29785
1860.000,1860.000,20.00,29782
1865.000,1865.000,20.00,29780
1870.000,1870.000,20.00,29783
1875.000,1875.000,20.00,29782
1880.000,1880.000,20.00,29778
1885.000,1885.000,20.00,29787
1890.000,1890.000,20.00,29781
1895.000,1895.000,20.00,29785
1900.000,1900.000,20.00,29780
1905.000,1905.000,20.00,29785
1910.000,1910.000,20.00,29778
1915.000,1915.000,20.00,29782
1920.000,1920.000,20.00,29784
1925.000,1925.000,20.00,29782
1930.000,1930.000,20.00,29780
1935.000,1935.000,20.00,29780
1940.000,1940.000,20.00,29782
1945.000,1945.000,20.00,29778
1950.000,1950.000,20.00,29783
1955.000,1955.000,20.00,29780
1960.000,1960.000,20.00,29785
1965.000,1965.000,20.00,29781
1970.000,1970.000,20.00,29782
1975.000,1975.000,20.00,29773
1980.000,1980.000,20.00,29786
1985.000,1985.000,20.00,29782
1990.000,1990.000,20.00,29782
1995.000,1995.000,20.00,29780
2000.000,2000.000,20.00,29777
2005.000,2005.000,20.00,29785
2010.000,2010.000,20.00,29779
2015.000,2015.000,20.00,29780
2020.000,2020.000,20.00,29787
2025.000,2025.000,20.00,29782
2030.000,2030.000,20.00,29778
2035.000,2035.000,20.00,29783
2040.000,2040.000,20.00,29782
2045.000,2045.000,20.00,29769
2050.000,2050.000,20.00,29781
2055.000,2055.000,20.00,29784
2060.000,2060.000,20.00,29782
2065.000,2065.000,20.00,29776
2070.000,2070.000,20.00,29784
2075.000,2075.000,20.00,29785
2080.000,2080.000,20.00,29780
2085.000,2085.000,20.00,29780
2090.000,2090.000,20.00,29771
2095.000,2095.000,20.00,29794
2100.000,2100.000,20.00,29781
2105.000,2105.000,20.00,29780
2110.000,2110.000,20.00,29759
2115.000,2115.000,20.00,29808
2120.000,2120.000,20.00,29782
2125.000,2125.000,20.00,29782
2130.000,2130.000,20.00,29765
2135.000,2135.000,20.00,29799
2140.000,2140.000,20.00,29782
2145.000,2145.000,20.00,29782
2150.000,2150.000,20.00,29780
2155.000,2155.000,20.00,29782
2160.000,2160.000,20.00,29781
2165.000,2165.000,20.00,29782
2170.000,2170.000,20.00,29780
2175.000,2175.000,20.00,29782
2180.000,2180.000,20.00,29783
2185.000,2185.000,20.00,29782
2190.000,2190.000,20.00,29779
2195.000,2195.000,20.00,29782
2200.000,2200.000,20.00,29780
2205.000,2205.000,20.00,29787
2210.000,2210.000,20.00,29778
2215.000,2215.000,20.00,29785
2220.000,2220.000,20.00,29784
2225.000,2225.000,20.00,29780
2230.000,2230.000,20.00,29782
2235.000,2235.000,20.00,29780
2240.000,2240.000,20.00,29782
2245.000,2245.000,20.00,29780
2250.000,2250.000,20.00,29782
2255.000,2255.000,20.00,29784
2260.000,2260.000,20.00,29781
2265.000,2265.000,20.00,29780
2270.000,2270.000,20.00,29785
2275.000,2275.000,20.00,29780
2280.000,2280.000,20.00,29788
2285.000,2285.000,20.00,29780
2290.000,2290.000,20.00,29782
2295.000,2295.000,20.00,29785
2300.000,2300.000,20.00,29780
2305.000,2305.000,20.00,29780
2310.000,2310.000,20.00,29784
2315.000,2315.000,20.00,29780
2320.000,2320.000,20.00,29782
2325.000,2325.000,20.00,29782
2330.000,2330.000,20.00,29780
2335.000,2335.000,20.00,29783
2340.000,2340.000,20.00,29786
2345.000,2345.000,20.00,29782
2350.000,2350.000,20.00,29782
2355.000,2355.000,20.00,29780
2360.000,2360.000,20.00,29781
2365.000,2365.000,20.00,29782
2370.000,2370.000,20.00,29784
2375.000,2375.000,20.00,29779
2380.000,2380.000,20.00,29784
2385.000,2385.000,20.00,29780
2390.000,2390.000,20.00,29782
2395.000,2395.000,20.00,29783
2400.000,2400.000,20.00,29784
2405.000,2405.000,20.00,29780
2410.000,2410.000,20.00,29782
2415.000,2415.000,20.00,29780
2420.000,2420.000,20.00,29785
2425.000,2425.000,20.00,29778
2430.000,2430.000,20.00,29786
2435.000,2435.000,20.00,29778
2440.000,2440.000,20.00,29782
2445.000,2445.000,20.00,29782
2450.000,2450.000,20.00,29783
2455.000,2455.000,20.00,29778
2460.000,2460.000,20.00,29784
2465.000,2465.000,20.00,29780
2470.000,2470.000,20.00,29782
2475.000,2475.000,20.00,29785
2480.000,2480.000,20.00,29778
2485.000,2485.000,20.00,29785
2490.000,2490.000,20.00,29784
2495.000,2495.000,20.00,29782
2500.000,2500.000,20.00,29778
2505.000,2505.000,20.00,29782
2510.000,2510.000,20.00,29783
2515.000,2515.000,20.00,29782
2520.000,2520.000,20.00,29784
2525.000,2525.000,20.00,29778
2530.000,2530.000,20.00,29787
2535.000,2535.000,20.00,29778
2540.000,2540.000,20.00,29783
2545.000,2545.000,20.00,29782
2550.000,2550.000,20.00,29782
2555.000,2555.000,20.00,29782
2560.000,2560.000,20.00,29782
2565.000,2565.000,20.00,29778
2570.000,2570.000,20.00,29783
2575.000,2575.000,20.00,29780
2580.000,2580.000,20.00,29781
2585.000,2585.000,20.00,29785
2590.000,2590.000,20.00,29782
2595.000,2595.000,20.00,29778
2600.000,2600.000,20.00,29783
2605.000,2605.000,20.00,29782
2610.000,2610.000,20.00,29784
2615.000,2615.000,20.00,29778
2620.000,2620.000,20.00,29782
2625.000,2625.000,20.00,29780
2630.000,2630.000,20.00,29785
2635.000,2635.000,20.00,29780
2640.000,2640.000,20.00,29784
2645.000,2645.000,20.00,29782
2650.000,2650.000,20.00,29780
2655.000,2655.000,20.00,29783
2660.000,2660.000,20.00,29782
2665.000,2665.000,20.00,29783
2670.000,2670.000,20.00,29784
2675.000,2675.000,20.00,29785
2680.000,2680.000,20.00,29781
2685.000,2685.000,20.00,29782
2690.000,2690.000,20.00,29778
2695.000,2695.000,20.00,29782
2700.000,2700.000,20.00,29781
2705.000,2705.000,20.00,29780
2710.000,2710.000,20.00,29782
2715.000,2715.000,20.00,29782
2720.000,2720.000,20.00,29782
2725.000,2725.000,20.00,29785
2730.000,2730.000,20.00,29785
2735.000,2735.000,20.00,29782
2740.000,2740.000,20.00,29780
2745.000,2745.000,20.00,29782
2750.000,2750.000,20.00,29782
2755.000,2755.000,20.00,29782
2760.000,2760.000,20.00,29782
2765.000,2765.000,20.00,29780
2770.000,2770.000,20.00,29785
2775.000,2775.000,20.00,29780
2780.000,2780.000,20.00,29782
2785.000,2785.000,20.00,29782
2790.000,2790.000,20.00,29782
2795.000,2795.000,20.00,29785
2800.000,2800.000,20.00,29780
2805.000,2805.000,20.00,29780
2810.000,2810.000,20.00,29784
2815.000,2815.000,20.00,29781
2820.000,2820.000,20.00,29783
2825.000,2825.000,20.00,29780
2830.000,2830.000,20.00,29782
2835.000,2835.000,20.00,29780
2840.000,2840.000,20.00,29782
2845.000,2845.000,20.00,29785
2850.000,2850.000,20.00,29785
2855.000,2855.000,20.00,29781
2860.000,2860.000,20.00,29782
2865.000,2865.000,20.00,29780
2870.000,2870.000,20.00,29785
2875.000,2875.000,20.00,29780
2880.000,2880.000,20.00,29784
2885.000,2885.000,20.00,29778
2890.000,2890.000,20.00,29785
2895.000,2895.000,20.00,29780
2900.000,2900.000,20.00,29785
2905.000,2905.000,20.00,29780
2910.000,2910.000,20.00,29779
2915.000,2915.000,20.00,29785
2920.000,2920.000,20.00,29785
2925.000,2925.000,20.00,29778
2930.000,2930.000,20.00,29782
2935.000,2935.000,20.00,29782
2940.000,2940.000,20.00,29784
2945.000,2945.000,20.00,29780
2950.000,2950.000,20.00,29780
2955.000,2955.000,20.00,29782
2960.000,2960.000,20.00,29780
2965.000,2965.000,20.00,29785
2970.000,2970.000,20.00,29782
2975.000,2975.000,20.00,29784
2980.000,2980.000,20.00,29781
2985.000,2985.000,20.00,29150
2990.000,2990.000,20.00,30410
2995.000,2995.000,20.00,29782
3000.000,3000.000,20.00,29783
3005.000,3005.000,20.00,29783
3010.000,3010.000,20.00,29782
3015.000,3015.000,20.00,29781
3020.000,3020.000,20.00,29780
3025.000,3025.000,20.00,29781
3030.000,3030.000,20.00,29784
3035.000,3035.000,20.00,29782
3040.000,3040.000,20.00,29783
3045.000,3045.000,20.00,29778
3050.000,3050.000,20.00,29785
3055.000,3055.000,20.00,29783
3060.000,3060.000,20.00,29783
3065.000,3065.000,20.00,29781
3070.000,3070.000,20.00,29780
3075.000,3075.000,20.00,29781
3080.000,3080.000,20.00,29782
3085.000,3085.000,20.00,29780
3090.000,3090.000,20.00,29785
3095.000,3095.000,20.00,29780
3100.000,3100.000,20.00,29782
3105.000,3105.000,20.00,29782
3110.000,3110.000,20.00,29780
3115.000,3115.000,20.00,29783
3120.000,3120.000,20.00,29784
3125.000,3125.000,20.00,29780
3130.000,3130.000,20.00,29778
3135.000,3135.000,20.00,29780
3140.000,3140.000,20.00,29782
3145.000,3145.000,20.00,29785
3150.000,3150.000,20.00,29782
3155.000,3155.000,20.00,29782
3160.000,3160.000,20.00,29782
3165.000,3165.000,20.00,29781
3170.000,3170.000,20.00,29784
3175.000,3175.000,20.00,29779
3180.000,3180.000,20.00,29781
3185.000,3185.000,20.00,29781
3190.000,3190.000,20.00,29785
3195.000,3195.000,20.00,29782
3200.000,3200.000,20.00,29782
3205.000,3205.000,20.00,29781
3210.000,3210.000,20.00,29791
3215.000,3215.000,20.00,29792
3220.000,3220.000,20.00,29796
3225.000,3225.000,20.00,29785
3230.000,3230.000,20.00,29794
3235.000,3235.000,20.00,29794
3240.000,3240.000,20.00,29795
3245.000,3245.000,20.00,29796
3250.000,3250.000,20.00,29785
3255.000,3255.000,20.00,29794
3260.000,3260.000,20.00,29790
3265.000,3265.000,20.00,29741
3270.000,3270.000,20.00,29792
3275.000,3275.000,20.00,29794
3280.000,3280.000,20.00,29796
3285.000,3285.000,20.00,29790
3290.000,3290.000,20.00,29799
3295.000,3295.000,20.00,29791
3300.000,3300.000,20.00,29797
3305.000,3305.000,20.00,29794
3310.000,3310.000,20.00,29792
3315.000,3315.000,20.00,29794
3320.000,3320.000,20.00,29796
3325.000,3325.000,20.00,29796
3330.000,3330.000,20.00,29793
3335.000,3335.000,20.00,29794
3340.000,3340.000,20.00,29796
3345.000,3345.000,20.00,29794
3350.000,3350.000,20.00,29796
3355.000,3355.000,20.00,29794
3360.000,3360.000,20.00,29795
3365.000,3365.000,20.00,29796
3370.000,3370.000,20.00,29792
3375.000,3375.000,20.00,29797
3380.000,3380.000,20.00,29794
3385.000,3385.000,20.00,29796
3390.000,3390.000,20.00,29795
3395.000,3395.000,20.00,29794
3400.000,3400.000,20.00,29796
3405.000,3405.000,20.00,29794
3410.000,3410.000,20.00,29794
3415.000,3415.000,20.00,29797
3420.000,3420.000,20.00,29798
3425.000,3425.000,20.00,29794
3430.000,3430.000,20.00,29791
3435.000,3435.000,20.00,29799
3440.000,3440.000,20.00,29790
3445.000,3445.000,20.00,29796
3450.000,3450.000,20.00,29789
3455.000,3455.000,20.00,29776
3460.000,3460.000,20.00,29759
3465.000,3465.000,20.00,29794
3470.000,3470.000,20.00,29792
3475.000,3475.000,20.00,29794
3480.000,3480.000,20.00,29797
3485.000,3485.000,20.00,29792
3490.000,3490.000,20.00,29792
3495.000,3495.000,20.00,29801
3500.000,3500.000,20.00,29792
3505.000,3505.000,20.00,29796
3510.000,3510.000,20.00,29795
3515.000,3515.000,20.00,29796
3520.000,3520.000,20.00,29792
3525.000,3525.000,20.00,29797
3530.000,3530.000,20.00,29796
3535.000,3535.000,20.00,29792
3540.000,3540.000,20.00,29795
3545.000,3545.000,20.00,29794
3550.000,3550.000,20.00,29796
3555.000,3555.000,20.00,29789
3560.000,3560.000,20.00,29799
3565.000,3565.000,20.00,29794
3570.000,3570.000,20.00,29793
3575.000,3575.000,20.00,29796
3580.000,3580.000,20.00,29794
3585.000,3585.000,20.00,29794
3590.000,3590.000,20.00,29794
3595.000,3595.000,20.00,29792
3600.000,3600.000,20.00,29795
3605.000,3605.000,20.00,29794
3610.000,3610.000,20.00,29794
3615.000,3615.000,20.00,29796
3620.000,3620.000,20.00,29794
3625.000,3625.000,20.00,29791
3630.000,3630.000,20.00,29793
3635.000,3635.000,20.00,29796
3640.000,3640.000,20.00,29794
3645.000,3645.000,20.00,29796
3650.000,3650.000,20.00,29794
3655.000,3655.000,20.00,29796
3660.000,3660.000,20.00,29795
3665.000,3665.000,20.00,29795
3670.000,3670.000,20.00,29795
3675.000,3675.000,20.00,29794
3680.000,3680.000,20.00,29786
3685.000,3685.000,20.00,29805
3690.000,3690.000,20.00,29793
3695.000,3695.000,20.00,29796
3700.000,3700.000,20.00,29796
3705.000,3705.000,20.00,29794
3710.000,3710.000,20.00,29794
3715.000,3715.000,20.00,29794
3720.000,3720.000,20.00,29786
3725.000,3725.000,20.00,29794
3730.000,3730.000,20.00,29794
3735.000,3735.000,20.00,29796
3740.000,3740.000,20.00,29792
3745.000,3745.000,20.00,29780
3750.000,3750.000,20.00,29795
3755.000,3755.000,20.00,29794
3760.000,3760.000,20.00,29792
3765.000,3765.000,20.00,29796
3770.000,3770.000,20.00,29794
3775.000,3775.000,20.00,29794
3780.000,3780.000,20.00,29793
3785.000,3785.000,20.00,29798
3790.000,3790.000,20.00,29790
3795.000,3795.000,20.00,29799
3800.000,3800.000,20.00,29794
3805.000,3805.000,20.00,29794
3810.000,3810.000,20.00,29793
3815.000,3815.000,20.00,29796
3820.000,3820.000,20.00,29794
3825.000,3825.000,20.00,29792
3830.000,3830.000,20.00,29799
3835.000,3835.000,20.00,29794
3840.000,3840.000,20.00,29798
3845.000,3845.000,20.00,29794
3850.000,3850.000,20.00,29794
3855.000,3855.000,20.00,29797
3860.000,3860.000,20.00,29792
3865.000,3865.000,20.00,29796
3870.000,3870.000,20.00,29797
3875.000,3875.000,20.00,29794
3880.000,3880.000,20.00,29795
3885.000,3885.000,20.00,29794
3890.000,3890.000,20.00,29794
3895.000,3895.000,20.00,29794
3900.000,3900.000,20.00,29790
3905.000,3905.000,20.00,29799
3910.000,3910.000,20.00,29794
3915.000,3915.000,20.00,29794
3920.000,3920.000,20.00,29796
3925.000,3925.000,20.00,29796
3930.000,3930.000,20.00,29795
3935.000,3935.000,20.00,29796
3940.000,3940.000,20.00,29794
3945.000,3945.000,20.00,29796
3950.000,3950.000,20.00,29792
3955.000,3955.000,20.00,29799
3960.000,3960.000,20.00,29795
3965.000,3965.000,20.00,29794
3970.000,3970.000,20.00,29792
3975.000,3975.000,20.00,29798
3980.000,3980.000,20.00,29794
3985.000,3985.000,20.00,29794
3990.000,3990.000,20.00,29793
3995.000,3995.000,20.00,29795
4000.000,4000.000,20.00,29796
4005.000,4005.000,20.00,29794
4010.000,4010.000,20.00,29794
4015.000,4015.000,20.00,29796
4020.000,4020.000,20.00,29795
4025.000,4025.000,20.00,29796
4030.000,4030.000,20.00,29794
4035.000,4035.000,20.00,29794
4040.000,4040.000,20.00,29794
4045.000,4045.000,20.00,29793
4050.000,4050.000,20.00,29795
4055.000,4055.000,20.00,29796
4060.000,4060.000,20.00,29796
4065.000,4065.000,20.00,29794
4070.000,4070.000,20.00,29794
4075.000,4075.000,20.00,29794
4080.000,4080.000,20.00,29797
4085.000,4085.000,20.00,29792
4090.000,4090.000,20.00,29796
4095.000,4095.000,20.00,29794
4100.000,4100.000,20.00,29796
4105.000,4105.000,20.00,29792
4110.000,4110.000,20.00,29793
4115.000,4115.000,20.00,29794
4120.000,4120.000,20.00,29796
4125.000,4125.000,20.00,29794
4130.000,4130.000,20.00,29794
4135.000,4135.000,20.00,29794
4140.000,4140.000,20.00,29795
4145.000,4145.000,20.00,29794
4150.000,4150.000,20.00,29794
4155.000,4155.000,20.00,29796
4160.000,4160.000,20.00,29794
4165.000,4165.000,20.00,29797
4170.000,4170.000,20.00,29793
4175.000,4175.000,20.00,29796
4180.000,4180.000,20.00,29794
4185.000,4185.000,20.00,29797
4190.000,4190.000,20.00,29787
4195.000,4195.000,20.00,29801
4200.000,4200.000,20.00,29798
4205.000,4205.000,20.00,29794
4210.000,4210.000,20.00,29794
4215.000,4215.000,20.00,29794
4220.000,4220.000,20.00,29785
4225.000,4225.000,20.00,29787
4230.000,4230.000,20.00,29795
4235.000,4235.000,20.00,29796
4240.000,4240.000,20.00,29792
4245.000,4245.000,20.00,29796
4250.000,4250.000,20.00,29792
4255.000,4255.000,20.00,29799
4260.000,4260.000,20.00,29835
4265.000,4265.000,20.00,29796
4270.000,4270.000,20.00,29796
4275.000,4275.000,20.00,29796
4280.000,4280.000,20.00,29794
4285.000,4285.000,20.00,29794
4290.000,4290.000,20.00,29795
4295.000,4295.000,20.00,29796
4300.000,4300.000,20.00,29792
4305.000,4305.000,20.00,29796
4310.000,4310.000,20.00,29794
4315.000,4315.000,20.00,29792
4320.000,4320.000,20.00,29800
4325.000,4325.000,20.00,29796
4330.000,4330.000,20.00,29178
4335.000,4335.000,20.00,29771
4340.000,4340.000,20.00,29391
4345.000,4345.000,20.00,28624
4350.000,4350.000,20.00,29398
4355.000,4355.000,20.00,29795
4360.000,4360.000,20.00,29797
4365.000,4365.000,20.00,29792
4370.000,4370.000,20.00,29794
4375.000,4375.000,20.00,29796
4380.000,4380.000,20.00,29795
4385.000,4385.000,20.00,29794
4390.000,4390.000,20.00,29794
4395.000,4395.000,20.00,29794
4400.000,4400.000,20.00,29796
4405.000,4405.000,20.00,29795
4410.000,4410.000,20.00,29793
4415.000,4415.000,20.00,29794
4420.000,4420.000,20.00,29796
4425.000,4425.000,20.00,29792
4430.000,4430.000,20.00,29794
4435.000,4435.000,20.00,29792
4440.000,4440.000,20.00,29794
4445.000,4445.000,20.00,29795
4450.000,4450.000,20.00,29767
4455.000,4455.000,20.00,29795
4460.000,4460.000,20.00,29771
4465.000,4465.000,20.00,29787
4470.000,4470.000,20.00,29786
4475.000,4475.000,20.00,29794
4480.000,4480.000,20.00,29789
4485.000,4485.000,20.00,29794
4490.000,4490.000,20.00,29794
4495.000,4495.000,20.00,29795
4500.000,4500.000,20.00,29793
4505.000,4505.000,20.00,29782
4510.000,4510.000,20.00,29792
4515.000,4515.000,20.00,29776
4520.000,4520.000,20.00,29796
4525.000,4525.000,20.00,29787
4530.000,4530.000,20.00,29794
4535.000,4535.000,20.00,29782
4540.000,4540.000,20.00,29778
4545.000,4545.000,20.00,29795
4550.000,4550.000,20.00,29796
4555.000,4555.000,20.00,29792
4560.000,4560.000,20.00,29793
4565.000,4565.000,20.00,29794
4570.000,4570.000,20.00,29796
4575.000,4575.000,20.00,29794
4580.000,4580.000,20.00,29795
4585.000,4585.000,20.00,29796
4590.000,4590.000,20.00,29795
4595.000,4595.000,20.00,29792
4600.000,4600.000,20.00,29799
4605.000,4605.000,20.00,29792
4610.000,4610.000,20.00,29796
4615.000,4615.000,20.00,29796
4620.000,4620.000,20.00,29797
4625.000,4625.000,20.00,29797
4630.000,4630.000,20.00,29794
4635.000,4635.000,20.00,29792
4640.000,4640.000,20.00,29796
4645.000,4645.000,20.00,29796
4650.000,4650.000,20.00,29796
4655.000,4655.000,20.00,29794
4660.000,4660.000,20.00,29794
4665.000,4665.000,20.00,29794
4670.000,4670.000,20.00,29787
4675.000,4675.000,20.00,29794
4680.000,4680.000,20.00,29795
4685.000,4685.000,20.00,29674
4690.000,4690.000,20.00,29734
4695.000,4695.000,20.00,29785
4700.000,4700.000,20.00,29794
4705.000,4705.000,20.00,29793
4710.000,4710.000,20.00,29795
4715.000,4715.000,20.00,29759
4720.000,4720.000,20.00,29778
4725.000,4725.000,20.00,29796
4730.000,4730.000,20.00,29778
4735.000,4735.000,20.00,29748
4740.000,4740.000,20.00,29793
4745.000,4745.000,20.00,29792
4750.000,4750.000,20.00,29796
4755.000,4755.000,20.00,29792
4760.000,4760.000,20.00,29796
4765.000,4765.000,20.00,29792
4770.000,4770.000,20.00,29798
4775.000,4775.000,20.00,29794
4780.000,4780.000,20.00,29794
4785.000,4785.000,20.00,29797
4790.000,4790.000,20.00,29791
4795.000,4795.000,20.00,29797
4800.000,4800.000,20.00,29277
4805.000,4805.000,20.00,29277
4810.000,4810.000,20.00,28916
4815.000,4815.000,20.00,29252
4820.000,4820.000,20.00,28485
4825.000,4825.000,20.00,29055
4830.000,4830.000,20.00,27583
4835.000,4835.000,20.00,27264
4840.000,4840.000,20.00,27240
4845.000,4845.000,20.00,27190
4850.000,4850.000,20.00,26988
4855.000,4855.000,20.00,27452
4860.000,4860.000,20.00,29550
4865.000,4865.000,20.00,29572
4870.000,4870.000,20.00,29606
4875.000,4875.000,20.00,29574
4880.000,4880.000,20.00,29636
4885.000,4885.000,20.00,29790
4890.000,4890.000,20.00,29795
4895.000,4895.000,20.00,29794
4900.000,4900.000,20.00,29792
4905.000,4905.000,20.00,29796
4910.000,4910.000,20.00,29796
4915.000,4915.000,20.00,29792
4920.000,4920.000,20.00,29795
4925.000,4925.000,20.00,29794
4930.000,4930.000,20.00,29796
4935.000,4935.000,20.00,29794
4940.000,4940.000,20.00,29796
4945.000,4945.000,20.00,29791
4950.000,4950.000,20.00,29828
4955.000,4955.000,20.00,29794
4960.000,4960.000,20.00,29794
4965.000,4965.000,20.00,29796
4970.000,4970.000,20.00,29796
4975.000,4975.000,20.00,29794
4980.000,4980.000,20.00,29795
4985.000,4985.000,20.00,29776
4990.000,4990.000,20.00,29815
4995.000,4995.000,20.00,29477
5000.000,5000.000,20.00,29794
5005.000,5005.000,20.00,29794
5010.000,5010.000,20.00,29795
5015.000,5015.000,20.00,29794
5020.000,5020.000,20.00,29794
5025.000,5025.000,20.00,29794
5030.000,5030.000,20.00,29797
5035.000,5035.000,20.00,29791
5040.000,5040.000,20.00,29795
5045.000,5045.000,20.00,29796
5050.000,5050.000,20.00,29794
5055.000,5055.000,20.00,29794
5060.000,5060.000,20.00,29794
5065.000,5065.000,20.00,29789
5070.000,5070.000,20.00,29802
5075.000,5075.000,20.00,29794
5080.000,5080.000,20.00,29794
5085.000,5085.000,20.00,29794
5090.000,5090.000,20.00,29794
5095.000,5095.000,20.00,29796
5100.000,5100.000,20.00,29793
5105.000,5105.000,20.00,29796
5110.000,5110.000,20.00,29792
5115.000,5115.000,20.00,29796
5120.000,5120.000,20.00,29794
5125.000,5125.000,20.00,29794
5130.000,5130.000,20.00,29793
5135.000,5135.000,20.00,29796
5140.000,5140.000,20.00,29794
5145.000,5145.000,20.00,29794
5150.000,5150.000,20.00,29797
5155.000,5155.000,20.00,29794
5160.000,5160.000,20.00,29790
5165.000,5165.000,20.00,29801
5170.000,5170.000,20.00,29794
5175.000,5175.000,20.00,29792
5180.000,5180.000,20.00,29798
5185.000,5185.000,20.00,29792
5190.000,5190.000,20.00,29795
5195.000,5195.000,20.00,29796
5200.000,5200.000,20.00,29794
5205.000,5205.000,20.00,29794
5210.000,5210.000,20.00,29796
5215.000,5215.000,20.00,29792
5220.000,5220.000,20.00,29795
5225.000,5225.000,20.00,29796
5230.000,5230.000,20.00,29792
5235.000,5235.000,20.00,29794
5240.000,5240.000,20.00,29799
5245.000,5245.000,20.00,29792
5250.000,5250.000,20.00,29791
5255.000,5255.000,20.00,29796
5260.000,5260.000,20.00,29794
5265.000,5265.000,20.00,29794
5270.000,5270.000,20.00,29796
5275.000,5275.000,20.00,29796
5280.000,5280.000,20.00,29795
5285.000,5285.000,20.00,29796
5290.000,5290.000,20.00,29794
5295.000,5295.000,20.00,29794
5300.000,5300.000,20.00,29794
5305.000,5305.000,20.00,29792
5310.000,5310.000,20.00,29783
5315.000,5315.000,20.00,29804
5320.000,5320.000,20.00,29796
5325.000,5325.000,20.00,29794
5330.000,5330.000,20.00,29794
5335.000,5335.000,20.00,29796
5340.000,5340.000,20.00,29793
5345.000,5345.000,20.00,29794
5350.000,5350.000,20.00,29794
5355.000,5355.000,20.00,29796
5360.000,5360.000,20.00,29794
5365.000,5365.000,20.00,29794
5370.000,5370.000,20.00,29790
5375.000,5375.000,20.00,29800
5380.000,5380.000,20.00,29794
5385.000,5385.000,20.00,29794
5390.000,5390.000,20.00,29794
5395.000,5395.000,20.00,29794
5400.000,5400.000,20.00,29770
5405.000,5405.000,20.00,29780
5410.000,5410.000,20.00,29782
5415.000,5415.000,20.00,29796
5420.000,5420.000,20.00,29794
5425.000,5425.000,20.00,29794
5430.000,5430.000,20.00,29793
5435.000,5435.000,20.00,29794
5440.000,5440.000,20.00,29794
5445.000,5445.000,20.00,29794
5450.000,5450.000,20.00,29794
5455.000,5455.000,20.00,29784
5460.000,5460.000,20.00,29795
5465.000,5465.000,20.00,29790
5470.000,5470.000,20.00,29755
5475.000,5475.000,20.00,29796
5480.000,5480.000,20.00,29788
5485.000,5485.000,20.00,29787
5490.000,5490.000,20.00,29795
5495.000,5495.000,20.00,29796
5500.000,5500.000,20.00,29794
5505.000,5505.000,20.00,29789
5510.000,5510.000,20.00,29801
5515.000,5515.000,20.00,29794
5520.000,5520.000,20.00,29774
5525.000,5525.000,20.00,29794
5530.000,5530.000,20.00,29789
5535.000,5535.000,20.00,29792
5540.000,5540.000,20.00,28782
5545.000,5545.000,20.00,27588
5550.000,5550.000,20.00,29738
5555.000,5555.000,20.00,29796
5560.000,5560.000,20.00,29794
5565.000,5565.000,20.00,29796
5570.000,5570.000,20.00,29797
5575.000,5575.000,20.00,29275
5580.000,5580.000,20.00,29798
5585.000,5585.000,20.00,29796
5590.000,5590.000,20.00,29794
5595.000,5595.000,20.00,28467
5600.000,5600.000,20.00,29799
5605.000,5605.000,20.00,29794
5610.000,5610.000,20.00,29791
5615.000,5615.000,20.00,29798
5620.000,5620.000,20.00,29794
5625.000,5625.000,20.00,29794
5630.000,5630.000,20.00,29796
5635.000,5635.000,20.00,29792
5640.000,5640.000,20.00,29770
5645.000,5645.000,20.00,29750
5650.000,5650.000,20.00,29766
5655.000,5655.000,20.00,29623
5660.000,5660.000,20.00,27239
5665.000,5665.000,20.00,26949
5670.000,5670.000,20.00,29792
5675.000,5675.000,20.00,29797
5680.000,5680.000,20.00,29794
5685.000,5685.000,20.00,29794
5690.000,5690.000,20.00,29796
5695.000,5695.000,20.00,29793
5700.000,5700.000,20.00,29419
5705.000,5705.000,20.00,29514
5710.000,5710.000,20.00,29557
5715.000,5715.000,20.00,29673
5720.000,5720.000,20.00,29605
5725.000,5725.000,20.00,29382
5730.000,5730.000,20.00,29795
5735.000,5735.000,20.00,29796
5740.000,5740.000,20.00,29794
5745.000,5745.000,20.00,29794
5750.000,5750.000,20.00,29794
5755.000,5755.000,20.00,29794
5760.000,5760.000,20.00,29793
5765.000,5765.000,20.00,29794
5770.000,5770.000,20.00,29796
5775.000,5775.000,20.00,29792
5780.000,5780.000,20.00,29796
5785.000,5785.000,20.00,29796
5790.000,5790.000,20.00,29797
5795.000,5795.000,20.00,29792
5800.000,5800.000,20.00,29799
5805.000,5805.000,20.00,29794
5810.000,5810.000,20.00,29794
5815.000,5815.000,20.00,29796
5820.000,5820.000,20.00,29797
5825.000,5825.000,20.00,29794
5830.000,5830.000,20.00,29796
5835.000,5835.000,20.00,29794
5840.000,5840.000,20.00,29792
5845.000,5845.000,20.00,29796
5850.000,5850.000,20.00,29797
5855.000,5855.000,20.00,29794
5860.000,5860.000,20.00,29792
5865.000,5865.000,20.00,29799
5870.000,5870.000,20.00,29794
5875.000,5875.000,20.00,29794
5880.000,5880.000,20.00,29795
5885.000,5885.000,20.00,29794
5890.000,5890.000,20.00,29796
5895.000,5895.000,20.00,29794
5900.000,5900.000,20.00,29794
5905.000,5905.000,20.00,29796
5910.000,5910.000,20.00,29797
5915.000,5915.000,20.00,29794
5920.000,5920.000,20.00,29791
5925.000,5925.000,20.00,29796
5930.000,5930.000,20.00,29797
5935.000,5935.000,20.00,29794
5940.000,5940.000,20.00,29791
5945.000,5945.000,20.00,29796
5950.000,5950.000,20.00,29793
5955.000,5955.000,20.00,29795
5960.000,5960.000,20.00,29794
5965.000,5965.000,20.00,29794
5970.000,5970.000,20.00,29797
5975.000,5975.000,20.00,29794
5980.000,5980.000,20.00,29794
5985.000,5985.000,20.00,29796
5990.000,5990.000,20.00,29789
5995.000,5995.000,20.00,29785
6000.000,6000.000,20.00,29795
6005.000,6005.000,20.00,29794
6010.000,6010.000,20.00,29794
6015.000,6015.000,20.00,29796
6020.000,6020.000,20.00,29792
6025.000,6025.000,20.00,29796
6030.000,6030.000,20.00,29795
6035.000,6035.000,20.00,29794
6040.000,6040.000,20.00,29796
6045.000,6045.000,20.00,29794
6050.000,6050.000,20.00,29796
6055.000,6055.000,20.00,29792
6060.000,6060.000,20.00,29793
6065.000,6065.000,20.00,29780
6070.000,6070.000,20.00,29768
6075.000,6075.000,20.00,29794
6080.000,6080.000,20.00,29794
6085.000,6085.000,20.00,29792
6090.000,6090.000,20.00,29232
6095.000,6095.000,20.00,28365
6100.000,6100.000,20.00,26768
6105.000,6105.000,20.00,26386
6110.000,6110.000,20.00,27132
6115.000,6115.000,20.00,27524
6120.000,6120.000,20.00,29800
6125.000,6125.000,20.00,29794
6130.000,6130.000,20.00,29794
6135.000,6135.000,20.00,29518
6140.000,6140.000,20.00,29796
6145.000,6145.000,20.00,29794
6150.000,6150.000,20.00,25629
6155.000,6155.000,20.00,28960
6160.000,6160.000,20.00,28165
6165.000,6165.000,20.00,27529
6170.000,6170.000,20.00,28557
6175.000,6175.000,20.00,29738
6180.000,6180.000,20.00,29800
6185.000,6185.000,20.00,29794
6190.000,6190.000,20.00,29796
6195.000,6195.000,20.00,29792
6200.000,6200.000,20.00,29797
6205.000,6205.000,20.00,29794
6210.000,6210.000,20.00,29795
6215.000,6215.000,20.00,29794
6220.000,6220.000,20.00,29794
6225.000,6225.000,20.00,29794
6230.000,6230.000,20.00,29796
6235.000,6235.000,20.00,29792
6240.000,6240.000,20.00,29798
6245.000,6245.000,20.00,29794
6250.000,6250.000,20.00,29796
6255.000,6255.000,20.00,29794
6260.000,6260.000,20.00,29796
6265.000,6265.000,20.00,29762
6270.000,6270.000,20.00,29797
6275.000,6275.000,20.00,29797
6280.000,6280.000,20.00,29789
6285.000,6285.000,20.00,29799
6290.000,6290.000,20.00,29794
6295.000,6295.000,20.00,29796
6300.000,6300.000,20.00,29791
6305.000,6305.000,20.00,29799
6310.000,6310.000,20.00,29794
6315.000,6315.000,20.00,29795
6320.000,6320.000,20.00,29795
6325.000,6325.000,20.00,29795
6330.000,6330.000,20.00,29795
6335.000,6335.000,20.00,29794
6340.000,6340.000,20.00,29792
6345.000,6345.000,20.00,29799
6350.000,6350.000,20.00,29791
6355.000,6355.000,20.00,29797
6360.000,6360.000,20.00,29796
6365.000,6365.000,20.00,29791
6370.000,6370.000,20.00,29797
6375.000,6375.000,20.00,29794
6380.000,6380.000,20.00,29789
6385.000,6385.000,20.00,29782
6390.000,6390.000,20.00,29797
6395.000,6395.000,20.00,29792
6400.000,6400.000,20.00,29794
6405.000,6405.000,20.00,29796
6410.000,6410.000,20.00,29796
6415.000,6415.000,20.00,29792
6420.000,6420.000,20.00,29793
6425.000,6425.000,20.00,29796
6430.000,6430.000,20.00,29794
6435.000,6435.000,20.00,29794
6440.000,6440.000,20.00,29785
6445.000,6445.000,20.00,29806
6450.000,6450.000,20.00,29793
6455.000,6455.000,20.00,29794
6460.000,6460.000,20.00,29796
6465.000,6465.000,20.00,29792
6470.000,6470.000,20.00,29797
6475.000,6475.000,20.00,29792
6480.000,6480.000,20.00,29793
6485.000,6485.000,20.00,29789
6490.000,6490.000,20.00,29796
6495.000,6495.000,20.00,29776
6500.000,6500.000,20.00,29803
6505.000,6505.000,20.00,29776
6510.000,6510.000,20.00,29793
6515.000,6515.000,20.00,29796
6520.000,6520.000,20.00,29794
6525.000,6525.000,20.00,29796
6530.000,6530.000,20.00,29790
6535.000,6535.000,20.00,29796
6540.000,6540.000,20.00,29795
6545.000,6545.000,20.00,29796
6550.000,6550.000,20.00,29794
6555.000,6555.000,20.00,29796
6560.000,6560.000,20.00,29794
6565.000,6565.000,20.00,29794
6570.000,6570.000,20.00,29793
6575.000,6575.000,20.00,29604
6580.000,6580.000,20.00,29585
6585.000,6585.000,20.00,29547
6590.000,6590.000,20.00,29762
6595.000,6595.000,20.00,29755
6600.000,6600.000,20.00,29791
6605.000,6605.000,20.00,29796
6610.000,6610.000,20.00,29796
6615.000,6615.000,20.00,29769
6620.000,6620.000,20.00,29782
6625.000,6625.000,20.00,29796
6630.000,6630.000,20.00,29793
6635.000,6635.000,20.00,29796
6640.000,6640.000,20.00,29794
6645.000,6645.000,20.00,29787
6650.000,6650.000,20.00,29801
6655.000,6655.000,20.00,29792
6660.000,6660.000,20.00,29795
6665.000,6665.000,20.00,29788
6670.000,6670.000,20.00,29794
6675.000,6675.000,20.00,29797
6680.000,6680.000,20.00,29792
6685.000,6685.000,20.00,29790
6690.000,6690.000,20.00,29154
6695.000,6695.000,20.00,28807
6700.000,6700.000,20.00,29597
6705.000,6705.000,20.00,29797
6710.000,6710.000,20.00,29715
6715.000,6715.000,20.00,29750
6720.000,6720.000,20.00,29795
6725.000,6725.000,20.00,29795
6730.000,6730.000,20.00,29792
6735.000,6735.000,20.00,29796
6740.000,6740.000,20.00,29796
6745.000,6745.000,20.00,29794
6750.000,6750.000,20.00,29288
6755.000,6755.000,20.00,29369
6760.000,6760.000,20.00,28242
6765.000,6765.000,20.00,26629
6770.000,6770.000,20.00,26845
6775.000,6775.000,20.00,27698
6780.000,6780.000,20.00,29795
6785.000,6785.000,20.00,29794
6790.000,6790.000,20.00,29784
6795.000,6795.000,20.00,29791
6800.000,6800.000,20.00,29770
6805.000,6805.000,20.00,29792
6810.000,6810.000,20.00,29797
6815.000,6815.000,20.00,29762
6820.000,6820.000,20.00,29794
6825.000,6825.000,20.00,29794
6830.000,6830.000,20.00,29792
6835.000,6835.000,20.00,29782
6840.000,6840.000,20.00,29793
6845.000,6845.000,20.00,29796
6850.000,6850.000,20.00,29792
6855.000,6855.000,20.00,29799
6860.000,6860.000,20.00,29794
6865.000,6865.000,20.00,29796
6870.000,6870.000,20.00,29791
6875.000,6875.000,20.00,29796
6880.000,6880.000,20.00,29794
6885.000,6885.000,20.00,29796
6890.000,6890.000,20.00,29792
6895.000,6895.000,20.00,29799
6900.000,6900.000,20.00,29795
6905.000,6905.000,20.00,29796
6910.000,6910.000,20.00,29794
6915.000,6915.000,20.00,29796
6920.000,6920.000,20.00,29794
6925.000,6925.000,20.00,29796
6930.000,6930.000,20.00,29782
6935.000,6935.000,20.00,29794
6940.000,6940.000,20.00,29794
6945.000,6945.000,20.00,29791
6950.000,6950.000,20.00,29797
6955.000,6955.000,20.00,29792
6960.000,6960.000,20.00,29795
6965.000,6965.000,20.00,29792
6970.000,6970.000,20.00,29796
6975.000,6975.000,20.00,29796
6980.000,6980.000,20.00,29794
6985.000,6985.000,20.00,29794
6990.000,6990.000,20.00,29800
6995.000,6995.000,20.00,29794
7000.000,7000.000,20.00,29796
7005.000,7005.000,20.00,29791
7010.000,7010.000,20.00,29797
7015.000,7015.000,20.00,29796
7020.000,7020.000,20.00,29793
7025.000,7025.000,20.00,29794
7030.000,7030.000,20.00,29771
7035.000,7035.000,20.00,29782
7040.000,7040.000,20.00,29790
7045.000,7045.000,20.00,29783
7050.000,7050.000,20.00,29733
7055.000,7055.000,20.00,28999
7060.000,7060.000,20.00,29477
7065.000,7065.000,20.00,29446
7070.000,7070.000,20.00,29194
7075.000,7075.000,20.00,28228
7080.000,7080.000,20.00,29781
7085.000,7085.000,20.00,29797
7090.000,7090.000,20.00,29755
7095.000,7095.000,20.00,29789
7100.000,7100.000,20.00,29785
7105.000,7105.000,20.00,29789
7110.000,7110.000,20.00,29673
7115.000,7115.000,20.00,28476
7120.000,7120.000,20.00,28520
7125.000,7125.000,20.00,29741
7130.000,7130.000,20.00,26492
7135.000,7135.000,20.00,25450
7140.000,7140.000,20.00,27615
7145.000,7145.000,20.00,28645
7150.000,7150.000,20.00,28939
7155.000,7155.000,20.00,29609
7160.000,7160.000,20.00,29346
7165.000,7165.000,20.00,25842
7170.000,7170.000,20.00,26274
7175.000,7175.000,20.00,22941
7180.000,7180.000,20.00,29217
7185.000,7185.000,20.00,27489
7190.000,7190.000,20.00,26080
7195.000,7195.000,20.00,26154
7200.000,7200.000,20.00,29439
7205.000,7205.000,20.00,29523
7210.000,7210.000,20.00,29734
7215.000,7215.000,20.00,29488
7220.000,7220.000,20.00,29015
7225.000,7225.000,20.00,28671
7230.000,7230.000,20.00,29508
7235.000,7235.000,20.00,29437
7240.000,7240.000,20.00,29600
7245.000,7245.000,20.00,29474
7250.000,7250.000,20.00,29444
7255.000,7255.000,20.00,29474
7260.000,7260.000,20.00,27159
7265.000,7265.000,20.00,26937
7270.000,7270.000,20.00,26849
7275.000,7275.000,20.00,26641
7280.000,7280.000,20.00,27558
7285.000,7285.000,20.00,28436
7290.000,7290.000,20.00,26383
7295.000,7295.000,20.00,23390
7300.000,7300.000,20.00,27852
7305.000,7305.000,20.00,28444
7310.000,7310.000,20.00,28478
7315.000,7315.000,20.00,27566
7320.000,7320.000,20.00,28855
7325.000,7325.000,20.00,28877
7330.000,7330.000,20.00,28763
7335.000,7335.000,20.00,28881
7340.000,7340.000,20.00,26168
7345.000,7345.000,20.00,26002
7350.000,7350.000,20.00,28864
7355.000,7355.000,20.00,28237
7360.000,7360.000,20.00,25536
7365.000,7365.000,20.00,28459
7370.000,7370.000,20.00,25402
7375.000,7375.000,20.00,20601
7380.000,7380.000,20.00,29795
7385.000,7385.000,20.00,29792
7390.000,7390.000,20.00,29796
7395.000,7395.000,20.00,29794
7400.000,7400.000,20.00,29796
7405.000,7405.000,20.00,29791
7410.000,7410.000,20.00,29798
7415.000,7415.000,20.00,29792
7420.000,7420.000,20.00,29796
7425.000,7425.000,20.00,29794
7430.000,7430.000,20.00,29796
7435.000,7435.000,20.00,29794
7440.000,7440.000,20.00,29793
7445.000,7445.000,20.00,29797
7450.000,7450.000,20.00,29796
7455.000,7455.000,20.00,29794
7460.000,7460.000,20.00,29792
7465.000,7465.000,20.00,29796
7470.000,7470.000,20.00,29798
7475.000,7475.000,20.00,29794
7480.000,7480.000,20.00,29794
7485.000,7485.000,20.00,29796
7490.000,7490.000,20.00,29792
7495.000,7495.000,20.00,29796
7500.000,7500.000,20.00,29793
7505.000,7505.000,20.00,29794
7510.000,7510.000,20.00,29796
7515.000,7515.000,20.00,29794
7520.000,7520.000,20.00,29794
7525.000,7525.000,20.00,29796
7530.000,7530.000,20.00,29795
7535.000,7535.000,20.00,29796
7540.000,7540.000,20.00,29794
7545.000,7545.000,20.00,29796
7550.000,7550.000,20.00,29794
7555.000,7555.000,20.00,29794
7560.000,7560.000,20.00,29793
7565.000,7565.000,20.00,29792
7570.000,7570.000,20.00,29796
7575.000,7575.000,20.00,29796
7580.000,7580.000,20.00,29794
7585.000,7585.000,20.00,29794
7590.000,7590.000,20.00,29795
7595.000,7595.000,20.00,29794
7600.000,7600.000,20.00,29796
7605.000,7605.000,20.00,29795
7610.000,7610.000,20.00,29794
7615.000,7615.000,20.00,29794
7620.000,7620.000,20.00,29795
7625.000,7625.000,20.00,29794
7630.000,7630.000,20.00,29794
7635.000,7635.000,20.00,29793
7640.000,7640.000,20.00,29795
7645.000,7645.000,20.00,29794
7650.000,7650.000,20.00,28959
7655.000,7655.000,20.00,29032
7660.000,7660.000,20.00,28761
7665.000,7665.000,20.00,29780
7670.000,7670.000,20.00,29787
7675.000,7675.000,20.00,29794
7680.000,7680.000,20.00,29786
7685.000,7685.000,20.00,29792
7690.000,7690.000,20.00,29794
7695.000,7695.000,20.00,29785
7700.000,7700.000,20.00,29796
7705.000,7705.000,20.00,29773
7710.000,7710.000,20.00,29795
7715.000,7715.000,20.00,29794
7720.000,7720.000,20.00,29794
7725.000,7725.000,20.00,29797
7730.000,7730.000,20.00,29794
7735.000,7735.000,20.00,29796
7740.000,7740.000,20.00,29792
7745.000,7745.000,20.00,29796
7750.000,7750.000,20.00,29794
7755.000,7755.000,20.00,29789
7760.000,7760.000,20.00,29798
7765.000,7765.000,20.00,29797
7770.000,7770.000,20.00,29795
7775.000,7775.000,20.00,29794
7780.000,7780.000,20.00,29794
7785.000,7785.000,20.00,29796
7790.000,7790.000,20.00,29796
7795.000,7795.000,20.00,29794
7800.000,7800.000,20.00,29794
7805.000,7805.000,20.00,29794
7810.000,7810.000,20.00,29795
7815.000,7815.000,20.00,29793
7820.000,7820.000,20.00,29792
7825.000,7825.000,20.00,29799
7830.000,7830.000,20.00,29795
7835.000,7835.000,20.00,29796
7840.000,7840.000,20.00,29794
7845.000,7845.000,20.00,29796
7850.000,7850.000,20.00,29792
7855.000,7855.000,20.00,29794
7860.000,7860.000,20.00,29781
7865.000,7865.000,20.00,29794
7870.000,7870.000,20.00,29393
7875.000,7875.000,20.00,29324
7880.000,7880.000,20.00,29245
7885.000,7885.000,20.00,29250
7890.000,7890.000,20.00,29773
7895.000,7895.000,20.00,29795
7900.000,7900.000,20.00,29796
7905.000,7905.000,20.00,29794
7910.000,7910.000,20.00,29783
7915.000,7915.000,20.00,29785
7920.000,7920.000,20.00,27842
7925.000,7925.000,20.00,29736
7930.000,7930.000,20.00,29722
7935.000,7935.000,20.00,29247
7940.000,7940.000,20.00,29340
7945.000,7945.000,20.00,29245
7950.000,7950.000,20.00,26114
7955.000,7955.000,20.00,25969
7960.000,7960.000,20.00,23195
7965.000,7965.000,20.00,25367
7970.000,7970.000,20.00,22904
7975.000,7975.000,20.00,26171
7980.000,7980.000,20.00,26138
7985.000,7985.000,20.00,26150
7990.000,7990.000,20.00,26368
7995.000,7995.000,20.00,23239
8000.000,8000.000,20.00,24280
8005.000,8005.000,20.00,24507
8010.000,8010.000,20.00,26167
8015.000,8015.000,20.00,24577
8020.000,8020.000,20.00,25916
8025.000,8025.000,20.00,26571
8030.000,8030.000,20.00,25492
8035.000,8035.000,20.00,24257
8040.000,8040.000,20.00,25116
8045.000,8045.000,20.00,26238
8050.000,8050.000,20.00,21951
8055.000,8055.000,20.00,27825
8060.000,8060.000,20.00,24459
8065.000,8065.000,20.00,27093
8070.000,8070.000,20.00,29795
8075.000,8075.000,20.00,29609
8080.000,8080.000,20.00,29777
8085.000,8085.000,20.00,29785
8090.000,8090.000,20.00,29798
8095.000,8095.000,20.00,29794
8100.000,8100.000,20.00,29794
8105.000,8105.000,20.00,29794
8110.000,8110.000,20.00,29789
8115.000,8115.000,20.00,29794
8120.000,8120.000,20.00,29794
8125.000,8125.000,20.00,29794
8130.000,8130.000,20.00,29795
8135.000,8135.000,20.00,29797
8140.000,8140.000,20.00,29794
8145.000,8145.000,20.00,29794
8150.000,8150.000,20.00,29794
8155.000,8155.000,20.00,29796
8160.000,8160.000,20.00,29793
8165.000,8165.000,20.00,29794
8170.000,8170.000,20.00,29794
8175.000,8175.000,20.00,29789
8180.000,8180.000,20.00,29789
8185.000,8185.000,20.00,29794
8190.000,8190.000,20.00,29795
8195.000,8195.000,20.00,29796
8200.000,8200.000,20.00,29792
8205.000,8205.000,20.00,29794
8210.000,8210.000,20.00,29796
8215.000,8215.000,20.00,29796
8220.000,8220.000,20.00,29797
8225.000,8225.000,20.00,29795
8230.000,8230.000,20.00,29789
8235.000,8235.000,20.00,29798
8240.000,8240.000,20.00,29797
8245.000,8245.000,20.00,29794
8250.000,8250.000,20.00,29795
8255.000,8255.000,20.00,29796
8260.000,8260.000,20.00,29795
8265.000,8265.000,20.00,29794
8270.000,8270.000,20.00,29794
8275.000,8275.000,20.00,29792
8280.000,8280.000,20.00,29795
8285.000,8285.000,20.00,29796
8290.000,8290.000,20.00,29792
8295.000,8295.000,20.00,29794
8300.000,8300.000,20.00,29796
8305.000,8305.000,20.00,29796
8310.000,8310.000,20.00,29793
8315.000,8315.000,20.00,29794
8320.000,8320.000,20.00,29796
8325.000,8325.000,20.00,29792
8330.000,8330.000,20.00,29799
8335.000,8335.000,20.00,29794
8340.000,8340.000,20.00,29795
8345.000,8345.000,20.00,29796
8350.000,8350.000,20.00,29794
8355.000,8355.000,20.00,29794
8360.000,8360.000,20.00,29796
8365.000,8365.000,20.00,29795
8370.000,8370.000,20.00,29798
8375.000,8375.000,20.00,29791
8380.000,8380.000,20.00,29794
8385.000,8385.000,20.00,29787
8390.000,8390.000,20.00,29790
8395.000,8395.000,20.00,29796
8400.000,8400.000,20.00,29793
8405.000,8405.000,20.00,29764
8410.000,8410.000,20.00,29794
8415.000,8415.000,20.00,29794
8420.000,8420.000,20.00,29794
8425.000,8425.000,20.00,29796
8430.000,8430.000,20.00,29793
8435.000,8435.000,20.00,29148
8440.000,8440.000,20.00,29782
8445.000,8445.000,20.00,29785
8450.000,8450.000,20.00,29764
8455.000,8455.000,20.00,29789
8460.000,8460.000,20.00,29798
8465.000,8465.000,20.00,29794
8470.000,8470.000,20.00,29794
8475.000,8475.000,20.00,29796
8480.000,8480.000,20.00,29794
8485.000,8485.000,20.00,29796
8490.000,8490.000,20.00,27142
8495.000,8495.000,20.00,29797
8500.000,8500.000,20.00,28487
8505.000,8505.000,20.00,28137
8510.000,8510.000,20.00,29794
8515.000,8515.000,20.00,26847
8520.000,8520.000,20.00,24812
8525.000,8525.000,20.00,23826
8530.000,8530.000,20.00,25012
8535.000,8535.000,20.00,24354
8540.000,8540.000,20.00,22049
8545.000,8545.000,20.00,23240
8550.000,8550.000,20.00,29797
8555.000,8555.000,20.00,29780
8560.000,8560.000,20.00,29785
8565.000,8565.000,20.00,29801
8570.000,8570.000,20.00,29790
8575.000,8575.000,20.00,29794
8580.000,8580.000,20.00,29793
8585.000,8585.000,20.00,29796
8590.000,8590.000,20.00,29787
8595.000,8595.000,20.00,29796
8600.000,8600.000,20.00,29794
8605.000,8605.000,20.00,29793
8610.000,8610.000,20.00,29793
8615.000,8615.000,20.00,29791
8620.000,8620.000,20.00,29641
8625.000,8625.000,20.00,29588
8630.000,8630.000,20.00,29791
8635.000,8635.000,20.00,29788
8640.000,8640.000,20.00,29795
8645.000,8645.000,20.00,29792
8650.000,8650.000,20.00,29791
8655.000,8655.000,20.00,29799
8660.000,8660.000,20.00,29794
8665.000,8665.000,20.00,29752
8670.000,8670.000,20.00,29805
8675.000,8675.000,20.00,29797
8680.000,8680.000,20.00,29794
8685.000,8685.000,20.00,29752
8690.000,8690.000,20.00,29796
8695.000,8695.000,20.00,29794
8700.000,8700.000,20.00,29128
8705.000,8705.000,20.00,29050
8710.000,8710.000,20.00,29011
8715.000,8715.000,20.00,29060
8720.000,8720.000,20.00,29018
8725.000,8725.000,20.00,29127
8730.000,8730.000,20.00,29432
8735.000,8735.000,20.00,28017
8740.000,8740.000,20.00,29332
8745.000,8745.000,20.00,29292
8750.000,8750.000,20.00,29574
8755.000,8755.000,20.00,29753
8760.000,8760.000,20.00,29796
8765.000,8765.000,20.00,27410
8770.000,8770.000,20.00,22739
8775.000,8775.000,20.00,24486
8780.000,8780.000,20.00,29525
8785.000,8785.000,20.00,29692
8790.000,8790.000,20.00,29786
8795.000,8795.000,20.00,29291
8800.000,8800.000,20.00,27924
8805.000,8805.000,20.00,25594
8810.000,8810.000,20.00,25737
8815.000,8815.000,20.00,26601
8820.000,8820.000,20.00,27279
8825.000,8825.000,20.00,27697
8830.000,8830.000,20.00,26398
8835.000,8835.000,20.00,26557
8840.000,8840.000,20.00,26439
8845.000,8845.000,20.00,26949
8850.000,8850.000,20.00,29723
8855.000,8855.000,20.00,29657
8860.000,8860.000,20.00,29778
8865.000,8865.000,20.00,29783
8870.000,8870.000,20.00,29780
8875.000,8875.000,20.00,29780
8880.000,8880.000,20.00,29795
8885.000,8885.000,20.00,29794
8890.000,8890.000,20.00,29796
8895.000,8895.000,20.00,29792
8900.000,8900.000,20.00,29796
8905.000,8905.000,20.00,29794
8910.000,8910.000,20.00,29793
8915.000,8915.000,20.00,29762
8920.000,8920.000,20.00,29794
8925.000,8925.000,20.00,29798
8930.000,8930.000,20.00,29792
8935.000,8935.000,20.00,29794
8940.000,8940.000,20.00,29795
8945.000,8945.000,20.00,29792
8950.000,8950.000,20.00,29796
8955.000,8955.000,20.00,29796
8960.000,8960.000,20.00,29794
8965.000,8965.000,20.00,29792
8970.000,8970.000,20.00,29646
8975.000,8975.000,20.00,29748
8980.000,8980.000,20.00,29482
8985.000,8985.000,20.00,29789
8990.000,8990.000,20.00,29778
8995.000,8995.000,20.00,29796
9000.000,9000.000,20.00,28683
9005.000,9005.000,20.00,26961
9010.000,9010.000,20.00,26247
9015.000,9015.000,20.00,26039
9020.000,9020.000,20.00,25508
9025.000,9025.000,20.00,24519
9030.000,9030.000,20.00,28535
9035.000,9035.000,20.00,26222
9040.000,9040.000,20.00,23441
9045.000,9045.000,20.00,25851
9050.000,9050.000,20.00,24630
9055.000,9055.000,20.00,26775
9060.000,9060.000,20.00,29795
9065.000,9065.000,20.00,29792
9070.000,9070.000,20.00,29796
9075.000,9075.000,20.00,29792
9080.000,9080.000,20.00,29792
9085.000,9085.000,20.00,29794
9090.000,9090.000,20.00,29797
9095.000,9095.000,20.00,29792
9100.000,9100.000,20.00,29796
9105.000,9105.000,20.00,29794
9110.000,9110.000,20.00,29796
9115.000,9115.000,20.00,29794
9120.000,9120.000,20.00,29772
9125.000,9125.000,20.00,29820
9130.000,9130.000,20.00,29796
9135.000,9135.000,20.00,29792
9140.000,9140.000,20.00,29798
9145.000,9145.000,20.00,29795
9150.000,9150.000,20.00,29793
9155.000,9155.000,20.00,29796
9160.000,9160.000,20.00,29796
9165.000,9165.000,20.00,29794
9170.000,9170.000,20.00,29796
9175.000,9175.000,20.00,29794
9180.000,9180.000,20.00,29797
9185.000,9185.000,20.00,29795
9190.000,9190.000,20.00,29794
9195.000,9195.000,20.00,29789
9200.000,9200.000,20.00,29792
9205.000,9205.000,20.00,29792
9210.000,9210.000,20.00,29786
9215.000,9215.000,20.00,29797
9220.000,9220.000,20.00,29787
9225.000,9225.000,20.00,29791
9230.000,9230.000,20.00,29790
9235.000,9235.000,20.00,29618
9240.000,9240.000,20.00,29795
9245.000,9245.000,20.00,29787
9250.000,9250.000,20.00,29794
9255.000,9255.000,20.00,29794
9260.000,9260.000,20.00,29790
9265.000,9265.000,20.00,29796
9270.000,9270.000,20.00,29800
9275.000,9275.000,20.00,29796
9280.000,9280.000,20.00,29794
9285.000,9285.000,20.00,29806
9290.000,9290.000,20.00,29796
9295.000,9295.000,20.00,29792
9300.000,9300.000,20.00,29795
9305.000,9305.000,20.00,29796
9310.000,9310.000,20.00,29796
9315.000,9315.000,20.00,29794
9320.000,9320.000,20.00,29702
9325.000,9325.000,20.00,29791
9330.000,9330.000,20.00,29786
9335.000,9335.000,20.00,29773
9340.000,9340.000,20.00,29794
9345.000,9345.000,20.00,29794
9350.000,9350.000,20.00,29783
9355.000,9355.000,20.00,29792
9360.000,9360.000,20.00,28736
9365.000,9365.000,20.00,25385
9370.000,9370.000,20.00,27866
9375.000,9375.000,20.00,27918
9380.000,9380.000,20.00,24544
9385.000,9385.000,20.00,27252
9390.000,9390.000,20.00,28493
9395.000,9395.000,20.00,25904
9400.000,9400.000,20.00,25269
9405.000,9405.000,20.00,25869
9410.000,9410.000,20.00,24602
9415.000,9415.000,20.00,24363
9420.000,9420.000,20.00,28167
9425.000,9425.000,20.00,29014
9430.000,9430.000,20.00,28656
9435.000,9435.000,20.00,27760
9440.000,9440.000,20.00,28615
9445.000,9445.000,20.00,28656
9450.000,9450.000,20.00,29380
9455.000,9455.000,20.00,29205
9460.000,9460.000,20.00,29336
9465.000,9465.000,20.00,29194
9470.000,9470.000,20.00,29738
9475.000,9475.000,20.00,27299
9480.000,9480.000,20.00,27437
9485.000,9485.000,20.00,25246
9490.000,9490.000,20.00,22788
9495.000,9495.000,20.00,23439
9500.000,9500.000,20.00,27169
9505.000,9505.000,20.00,29365
9510.000,9510.000,20.00,29763
9515.000,9515.000,20.00,29775
9520.000,9520.000,20.00,29773
9525.000,9525.000,20.00,29771
9530.000,9530.000,20.00,29762
9535.000,9535.000,20.00,29789
9540.000,9540.000,20.00,29793
9545.000,9545.000,20.00,29751
9550.000,9550.000,20.00,29771
9555.000,9555.000,20.00,29627
9560.000,9560.000,20.00,28696
9565.000,9565.000,20.00,28054
9570.000,9570.000,20.00,29791
9575.000,9575.000,20.00,29773
9580.000,9580.000,20.00,29789
9585.000,9585.000,20.00,29778
9590.000,9590.000,20.00,29787
9595.000,9595.000,20.00,29761
9600.000,9600.000,20.00,28674
9605.000,9605.000,20.00,27873
9610.000,9610.000,20.00,27614
9615.000,9615.000,20.00,28814
9620.000,9620.000,20.00,28388
9625.000,9625.000,20.00,27695
9630.000,9630.000,20.00,29795
9635.000,9635.000,20.00,29792
9640.000,9640.000,20.00,29794
9645.000,9645.000,20.00,29796
9650.000,9650.000,20.00,29797
9655.000,9655.000,20.00,29792
9660.000,9660.000,20.00,29809
9665.000,9665.000,20.00,29794
9670.000,9670.000,20.00,29794
9675.000,9675.000,20.00,29794
9680.000,9680.000,20.00,29791
9685.000,9685.000,20.00,29797
9690.000,9690.000,20.00,29793
9695.000,9695.000,20.00,29796
9700.000,9700.000,20.00,29794
9705.000,9705.000,20.00,29780
9710.000,9710.000,20.00,29808
9715.000,9715.000,20.00,29794
9720.000,9720.000,20.00,29795
9725.000,9725.000,20.00,29796
9730.000,9730.000,20.00,29794
9735.000,9735.000,20.00,29794
9740.000,9740.000,20.00,29794
9745.000,9745.000,20.00,29794
9750.000,9750.000,20.00,29793
9755.000,9755.000,20.00,29799
9760.000,9760.000,20.00,29792
9765.000,9765.000,20.00,29796
9770.000,9770.000,20.00,29792
9775.000,9775.000,20.00,29799
9780.000,9780.000,20.00,29795
9785.000,9785.000,20.00,29796
9790.000,9790.000,20.00,29792
9795.000,9795.000,20.00,29799
9800.000,9800.000,20.00,29792
9805.000,9805.000,20.00,29796
9810.000,9810.000,20.00,29793
9815.000,9815.000,20.00,29797
9820.000,9820.000,20.00,29794
9825.000,9825.000,20.00,29794
9830.000,9830.000,20.00,29792
9835.000,9835.000,20.00,29799
9840.000,9840.000,20.00,29795
9845.000,9845.000,20.00,29725
9850.000,9850.000,20.00,29458
9855.000,9855.000,20.00,29349
9860.000,9860.000,20.00,29634
9865.000,9865.000,20.00,29794
9870.000,9870.000,20.00,29797
9875.000,9875.000,20.00,29792
9880.000,9880.000,20.00,29784
9885.000,9885.000,20.00,29774
9890.000,9890.000,20.00,29794
9895.000,9895.000,20.00,29796
9900.000,9900.000,20.00,29795
9905.000,9905.000,20.00,29792
9910.000,9910.000,20.00,29794
9915.000,9915.000,20.00,29794
9920.000,9920.000,20.00,29796
9925.000,9925.000,20.00,29792
9930.000,9930.000,20.00,29795
9935.000,9935.000,20.00,29790
9940.000,9940.000,20.00,29794
9945.000,9945.000,20.00,29778
9950.000,9950.000,20.00,29766
9955.000,9955.000,20.00,29776
9960.000,9960.000,20.00,29792
9965.000,9965.000,20.00,29792
9970.000,9970.000,20.00,29790
9975.000,9975.000,20.00,29798
9980.000,9980.000,20.00,29795
9985.000,9985.000,20.00,29581
9990.000,9990.000,20.00,29794
9995.000,9995.000,20.00,29080
10000.000,10000.000,20.00,29636
10005.000,10005.000,20.00,29794
10010.000,10010.000,20.00,29796
10015.000,10015.000,20.00,29792
10020.000,10020.000,20.00,27699
10025.000,10025.000,20.00,24519
10030.000,10030.000,20.00,24755
10035.000,10035.000,20.00,29080
10040.000,10040.000,20.00,28309
10045.000,10045.000,20.00,29493
10050.000,10050.000,20.00,25942
10055.000,10055.000,20.00,29789
10060.000,10060.000,20.00,29796
10065.000,10065.000,20.00,27188
10070.000,10070.000,20.00,27237
10075.000,10075.000,20.00,24232
10080.000,10080.000,20.00,29793
10085.000,10085.000,20.00,29792
10090.000,10090.000,20.00,29778
10095.000,10095.000,20.00,29780
10100.000,10100.000,20.00,29792
10105.000,10105.000,20.00,29794
10110.000,10110.000,20.00,29798
10115.000,10115.000,20.00,29793
10120.000,10120.000,20.00,29795
10125.000,10125.000,20.00,29794
10130.000,10130.000,20.00,29796
10135.000,10135.000,20.00,29794
10140.000,10140.000,20.00,29797
10145.000,10145.000,20.00,29794
10150.000,10150.000,20.00,29793
10155.000,10155.000,20.00,29796
10160.000,10160.000,20.00,29793
10165.000,10165.000,20.00,29796
10170.000,10170.000,20.00,29793
10175.000,10175.000,20.00,29796
10180.000,10180.000,20.00,29797
10185.000,10185.000,20.00,29791
10190.000,10190.000,20.00,29797
10195.000,10195.000,20.00,29796
10200.000,10200.000,20.00,29795
10205.000,10205.000,20.00,29791
10210.000,10210.000,20.00,29797
10215.000,10215.000,20.00,29797
10220.000,10220.000,20.00,29792
10225.000,10225.000,20.00,29796
10230.000,10230.000,20.00,29786
10235.000,10235.000,20.00,29803
10240.000,10240.000,20.00,29794
10245.000,10245.000,20.00,29794
10250.000,10250.000,20.00,29796
10255.000,10255.000,20.00,29790
10260.000,10260.000,20.00,29793
10265.000,10265.000,20.00,29797
10270.000,10270.000,20.00,29792
10275.000,10275.000,20.00,29799
10280.000,10280.000,20.00,29794
10285.000,10285.000,20.00,29794
10290.000,10290.000,20.00,29761
10295.000,10295.000,20.00,29792
10300.000,10300.000,20.00,29792
10305.000,10305.000,20.00,29796
10310.000,10310.000,20.00,29787
10315.000,10315.000,20.00,29796
10320.000,10320.000,20.00,29680
10325.000,10325.000,20.00,29236
10330.000,10330.000,20.00,29643
10335.000,10335.000,20.00,29782
10340.000,10340.000,20.00,29789
10345.000,10345.000,20.00,29796
10350.000,10350.000,20.00,28744
10355.000,10355.000,20.00,28448
10360.000,10360.000,20.00,28362
10365.000,10365.000,20.00,28768
10370.000,10370.000,20.00,28827
10375.000,10375.000,20.00,28277
10380.000,10380.000,20.00,29795
10385.000,10385.000,20.00,29797
10390.000,10390.000,20.00,29789
10395.000,10395.000,20.00,29796
10400.000,10400.000,20.00,29796
10405.000,10405.000,20.00,29795
10410.000,10410.000,20.00,29795
10415.000,10415.000,20.00,29792
10420.000,10420.000,20.00,29794
10425.000,10425.000,20.00,29798
10430.000,10430.000,20.00,29767
10435.000,10435.000,20.00,29682
10440.000,10440.000,20.00,29068
10445.000,10445.000,20.00,28997
10450.000,10450.000,20.00,28575
10455.000,10455.000,20.00,28706
10460.000,10460.000,20.00,29041
10465.000,10465.000,20.00,28284
10470.000,10470.000,20.00,29793
10475.000,10475.000,20.00,29796
10480.000,10480.000,20.00,29423
10485.000,10485.000,20.00,29794
10490.000,10490.000,20.00,29794
10495.000,10495.000,20.00,29790
10500.000,10500.000,20.00,29812
10505.000,10505.000,20.00,29794
10510.000,10510.000,20.00,29796
10515.000,10515.000,20.00,29794
10520.000,10520.000,20.00,29791
10525.000,10525.000,20.00,29797
10530.000,10530.000,20.00,10576
10535.000,10535.000,20.00,15147
10540.000,10540.000,20.00,15055
10545.000,10545.000,20.00,14709
10550.000,10550.000,20.00,19037
10555.000,10555.000,20.00,20789
10560.000,10560.000,20.00,28306
10565.000,10565.000,20.00,28724
10570.000,10570.000,20.00,27762
10575.000,10575.000,20.00,28592
10580.000,10580.000,20.00,26571
10585.000,10585.000,20.00,26462
10590.000,10590.000,20.00,29797
10595.000,10595.000,20.00,29794
10600.000,10600.000,20.00,29794
10605.000,10605.000,20.00,29796
10610.000,10610.000,20.00,29794
10615.000,10615.000,20.00,29794
10620.000,10620.000,20.00,29791
10625.000,10625.000,20.00,29799
10630.000,10630.000,20.00,29796
10635.000,10635.000,20.00,29794
10640.000,10640.000,20.00,29794
10645.000,10645.000,20.00,29794
10650.000,10650.000,20.00,29793
10655.000,10655.000,20.00,29796
10660.000,10660.000,20.00,29794
10665.000,10665.000,20.00,29794
10670.000,10670.000,20.00,29796
10675.000,10675.000,20.00,29794
10680.000,10680.000,20.00,29794
10685.000,10685.000,20.00,29794
10690.000,10690.000,20.00,29794
10695.000,10695.000,20.00,29794
10700.000,10700.000,20.00,29796
10705.000,10705.000,20.00,29790
10710.000,10710.000,20.00,29795
10715.000,10715.000,20.00,29796
10720.000,10720.000,20.00,29660
10725.000,10725.000,20.00,29539
10730.000,10730.000,20.00,28700
10735.000,10735.000,20.00,26372
10740.000,10740.000,20.00,29786
10745.000,10745.000,20.00,29794
10750.000,10750.000,20.00,29782
10755.000,10755.000,20.00,29790
10760.000,10760.000,20.00,29792
10765.000,10765.000,20.00,29792
10770.000,10770.000,20.00,29786
10775.000,10775.000,20.00,29803
10780.000,10780.000,20.00,29794
10785.000,10785.000,20.00,29766
10790.000,10790.000,20.00,29787
10795.000,10795.000,20.00,29804
10800.000,10800.000,20.00,29790
10805.000,10805.000,20.00,29787
10810.000,10810.000,20.00,29794
10815.000,10815.000,20.00,29732
10820.000,10820.000,20.00,29780
10825.000,10825.000,20.00,29780
10830.000,10830.000,20.00,28577
10835.000,10835.000,20.00,24609
10840.000,10840.000,20.00,27681
10845.000,10845.000,20.00,27415
10850.000,10850.000,20.00,24579
10855.000,10855.000,20.00,28525
10860.000,10860.000,20.00,29668
10865.000,10865.000,20.00,29625
10870.000,10870.000,20.00,29643
10875.000,10875.000,20.00,29616
10880.000,10880.000,20.00,29493
10885.000,10885.000,20.00,29080
10890.000,10890.000,20.00,29784
10895.000,10895.000,20.00,29782
10900.000,10900.000,20.00,29780
10905.000,10905.000,20.00,29789
10910.000,10910.000,20.00,29792
10915.000,10915.000,20.00,29794
10920.000,10920.000,20.00,29716
10925.000,10925.000,20.00,29236
10930.000,10930.000,20.00,29637
10935.000,10935.000,20.00,29792
10940.000,10940.000,20.00,29777
10945.000,10945.000,20.00,29079
10950.000,10950.000,20.00,29797
10955.000,10955.000,20.00,29794
10960.000,10960.000,20.00,29796
10965.000,10965.000,20.00,29792
10970.000,10970.000,20.00,29796
10975.000,10975.000,20.00,29794
10980.000,10980.000,20.00,29779
10985.000,10985.000,20.00,29787
10990.000,10990.000,20.00,29792
10995.000,10995.000,20.00,29791
11000.000,11000.000,20.00,29797
11005.000,11005.000,20.00,29794
11010.000,11010.000,20.00,29795
11015.000,11015.000,20.00,29794
11020.000,11020.000,20.00,29785
11025.000,11025.000,20.00,29792
11030.000,11030.000,20.00,29796
11035.000,11035.000,20.00,29780
11040.000,11040.000,20.00,29795
11045.000,11045.000,20.00,29792
11050.000,11050.000,20.00,29776
11055.000,11055.000,20.00,29791
11060.000,11060.000,20.00,29797
11065.000,11065.000,20.00,29784
11070.000,11070.000,20.00,26223
11075.000,11075.000,20.00,29298
11080.000,11080.000,20.00,26490
11085.000,11085.000,20.00,29059
11090.000,11090.000,20.00,26103
11095.000,11095.000,20.00,29600
11100.000,11100.000,20.00,28898
11105.000,11105.000,20.00,26599
11110.000,11110.000,20.00,29036
11115.000,11115.000,20.00,26571
11120.000,11120.000,20.00,28983
11125.000,11125.000,20.00,26391
11130.000,11130.000,20.00,29796
11135.000,11135.000,20.00,29794
11140.000,11140.000,20.00,29791
11145.000,11145.000,20.00,29797
11150.000,11150.000,20.00,29796
11155.000,11155.000,20.00,29794
11160.000,11160.000,20.00,29797
11165.000,11165.000,20.00,29794
11170.000,11170.000,20.00,29795
11175.000,11175.000,20.00,29795
11180.000,11180.000,20.00,29790
11185.000,11185.000,20.00,29796
11190.000,11190.000,20.00,29795
11195.000,11195.000,20.00,29794
11200.000,11200.000,20.00,29796
11205.000,11205.000,20.00,29794
11210.000,11210.000,20.00,29794
11215.000,11215.000,20.00,29787
11220.000,11220.000,20.00,29795
11225.000,11225.000,20.00,29773
11230.000,11230.000,20.00,29792
11235.000,11235.000,20.00,29782
11240.000,11240.000,20.00,29787
11245.000,11245.000,20.00,29641
11250.000,11250.000,20.00,29796
11255.000,11255.000,20.00,29792
11260.000,11260.000,20.00,29796
11265.000,11265.000,20.00,29792
11270.000,11270.000,20.00,29796
11275.000,11275.000,20.00,29796
11280.000,11280.000,20.00,29795
11285.000,11285.000,20.00,29796
11290.000,11290.000,20.00,29794
11295.000,11295.000,20.00,29794
11300.000,11300.000,20.00,29796
11305.000,11305.000,20.00,29794
11310.000,11310.000,20.00,29802
11315.000,11315.000,20.00,29799
11320.000,11320.000,20.00,29792
11325.000,11325.000,20.00,29799
11330.000,11330.000,20.00,29792
11335.000,11335.000,20.00,29796
11340.000,11340.000,20.00,29793
11345.000,11345.000,20.00,29796
11350.000,11350.000,20.00,29794
11355.000,11355.000,20.00,29794
11360.000,11360.000,20.00,29794
11365.000,11365.000,20.00,29798
11370.000,11370.000,20.00,29798
11375.000,11375.000,20.00,29794
11380.000,11380.000,20.00,29792
11385.000,11385.000,20.00,29799
11390.000,11390.000,20.00,29794
11395.000,11395.000,20.00,29794
11400.000,11400.000,20.00,29800
11405.000,11405.000,20.00,29412
11410.000,11410.000,20.00,29131
11415.000,11415.000,20.00,29745
11420.000,11420.000,20.00,29791
11425.000,11425.000,20.00,29792
11430.000,11430.000,20.00,29796
11435.000,11435.000,20.00,29775
11440.000,11440.000,20.00,29813
11445.000,11445.000,20.00,29796
11450.000,11450.000,20.00,29794
11455.000,11455.000,20.00,29794
11460.000,11460.000,20.00,29568
11465.000,11465.000,20.00,29796
11470.000,11470.000,20.00,29794
11475.000,11475.000,20.00,29793
11480.000,11480.000,20.00,29796
11485.000,11485.000,20.00,29646
11490.000,11490.000,20.00,29647
11495.000,11495.000,20.00,29546
11500.000,11500.000,20.00,29421
11505.000,11505.000,20.00,29370
11510.000,11510.000,20.00,29674
11515.000,11515.000,20.00,29796
11520.000,11520.000,20.00,29795
11525.000,11525.000,20.00,29796
11530.000,11530.000,20.00,29794
11535.000,11535.000,20.00,29795
11540.000,11540.000,20.00,29794
11545.000,11545.000,20.00,29796
11550.000,11550.000,20.00,29795
11555.000,11555.000,20.00,29792
11560.000,11560.000,20.00,29796
11565.000,11565.000,20.00,29794
11570.000,11570.000,20.00,29792
11575.000,11575.000,20.00,29798
11580.000,11580.000,20.00,29603
11585.000,11585.000,20.00,28895
11590.000,11590.000,20.00,29792
11595.000,11595.000,20.00,29792
11600.000,11600.000,20.00,29718
11605.000,11605.000,20.00,29794
11610.000,11610.000,20.00,29791
11615.000,11615.000,20.00,29792
11620.000,11620.000,20.00,29773
11625.000,11625.000,20.00,29794
11630.000,11630.000,20.00,29794
11635.000,11635.000,20.00,29789
11640.000,11640.000,20.00,29795
11645.000,11645.000,20.00,29794
11650.000,11650.000,20.00,29796
11655.000,11655.000,20.00,29792
11660.000,11660.000,20.00,29794
11665.000,11665.000,20.00,29792
11670.000,11670.000,20.00,29680
11675.000,11675.000,20.00,29796
11680.000,11680.000,20.00,29794
11685.000,11685.000,20.00,29419
11690.000,11690.000,20.00,29609
11695.000,11695.000,20.00,29794
11700.000,11700.000,20.00,29793
11705.000,11705.000,20.00,29796
11710.000,11710.000,20.00,29794
11715.000,11715.000,20.00,29794
11720.000,11720.000,20.00,29794
11725.000,11725.000,20.00,29796
11730.000,11730.000,20.00,29795
11735.000,11735.000,20.00,29796
11740.000,11740.000,20.00,29794
11745.000,11745.000,20.00,29797
11750.000,11750.000,20.00,29794
11755.000,11755.000,20.00,29794
11760.000,11760.000,20.00,29795
11765.000,11765.000,20.00,29794
11770.000,11770.000,20.00,29794
11775.000,11775.000,20.00,29794
11780.000,11780.000,20.00,29796
11785.000,11785.000,20.00,29794
11790.000,11790.000,20.00,29795
11795.000,11795.000,20.00,29794
11800.000,11800.000,20.00,29797
11805.000,11805.000,20.00,29792
11810.000,11810.000,20.00,29796
11815.000,11815.000,20.00,29766
11820.000,11820.000,20.00,29794
11825.000,11825.000,20.00,29767
11830.000,11830.000,20.00,29757
11835.000,11835.000,20.00,29797
11840.000,11840.000,20.00,29794
11845.000,11845.000,20.00,29662
11850.000,11850.000,20.00,29797
11855.000,11855.000,20.00,29795
11860.000,11860.000,20.00,29784
11865.000,11865.000,20.00,29772
11870.000,11870.000,20.00,29792
11875.000,11875.000,20.00,29783
11880.000,11880.000,20.00,29795
11885.000,11885.000,20.00,29794
11890.000,11890.000,20.00,29794
11895.000,11895.000,20.00,29796
11900.000,11900.000,20.00,29790
11905.000,11905.000,20.00,29782
11910.000,11910.000,20.00,29800
11915.000,11915.000,20.00,29794
11920.000,11920.000,20.00,29792
11925.000,11925.000,20.00,29787
11930.000,11930.000,20.00,29785
11935.000,11935.000,20.00,29794
11940.000,11940.000,20.00,29746
11945.000,11945.000,20.00,29674
11950.000,11950.000,20.00,29782
11955.000,11955.000,20.00,29789
11960.000,11960.000,20.00,29792
11965.000,11965.000,20.00,29653
11970.000,11970.000,20.00,28708
11975.000,11975.000,20.00,29713
11980.000,11980.000,20.00,26103
11985.000,11985.000,20.00,27074
11990.000,11990.000,20.00,29794
11995.000,11995.000,20.00,29792
12000.000,12000.000,20.00,29758
12005.000,12005.000,20.00,29828
12010.000,12010.000,20.00,29794
12015.000,12015.000,20.00,29794
12020.000,12020.000,20.00,29796
12025.000,12025.000,20.00,29794
12030.000,12030.000,20.00,29793
12035.000,12035.000,20.00,29794
12040.000,12040.000,20.00,29794
12045.000,12045.000,20.00,29790
12050.000,12050.000,20.00,29790
12055.000,12055.000,20.00,29796
12060.000,12060.000,20.00,29798
12065.000,12065.000,20.00,29796
12070.000,12070.000,20.00,29792
12075.000,12075.000,20.00,29796
12080.000,12080.000,20.00,29794
12085.000,12085.000,20.00,29794
12090.000,12090.000,20.00,29799
12095.000,12095.000,20.00,29794
12100.000,12100.000,20.00,29796
12105.000,12105.000,20.00,29793
12110.000,12110.000,20.00,29794
12115.000,12115.000,20.00,29795
12120.000,12120.000,20.00,29798
12125.000,12125.000,20.00,29791
12130.000,12130.000,20.00,29797
12135.000,12135.000,20.00,29794
12140.000,12140.000,20.00,29794
12145.000,12145.000,20.00,29796
12150.000,12150.000,20.00,29795
12155.000,12155.000,20.00,29796
12160.000,12160.000,20.00,29794
12165.000,12165.000,20.00,29794
12170.000,12170.000,20.00,29794
12175.000,12175.000,20.00,29794
12180.000,12180.000,20.00,29795
12185.000,12185.000,20.00,29794
12190.000,12190.000,20.00,29797
12195.000,12195.000,20.00,29794
12200.000,12200.000,20.00,29794
12205.000,12205.000,20.00,29790
12210.000,12210.000,20.00,29786
12215.000,12215.000,20.00,29734
12220.000,12220.000,20.00,29780
12225.000,12225.000,20.00,29745
12230.000,12230.000,20.00,29794
12235.000,12235.000,20.00,29787
12240.000,12240.000,20.00,29334
12245.000,12245.000,20.00,28753
12250.000,12250.000,20.00,28029
12255.000,12255.000,20.00,28372
12260.000,12260.000,20.00,28631
12265.000,12265.000,20.00,28411
12270.000,12270.000,20.00,29794
12275.000,12275.000,20.00,29789
12280.000,12280.000,20.00,29799
12285.000,12285.000,20.00,29789
12290.000,12290.000,20.00,29795
12295.000,12295.000,20.00,29791
12300.000,12300.000,20.00,29793
12305.000,12305.000,20.00,29794
12310.000,12310.000,20.00,29797
12315.000,12315.000,20.00,29792
12320.000,12320.000,20.00,29792
12325.000,12325.000,20.00,29796
12330.000,12330.000,20.00,29795
12335.000,12335.000,20.00,29794
12340.000,12340.000,20.00,29796
12345.000,12345.000,20.00,29794
12350.000,12350.000,20.00,29794
12355.000,12355.000,20.00,29794
12360.000,12360.000,20.00,29797
12365.000,12365.000,20.00,29794
12370.000,12370.000,20.00,29794
12375.000,12375.000,20.00,29792
12380.000,12380.000,20.00,29792
12385.000,12385.000,20.00,29799
12390.000,12390.000,20.00,29793
12395.000,12395.000,20.00,29796
12400.000,12400.000,20.00,29794
12405.000,12405.000,20.00,29794
12410.000,12410.000,20.00,29794
12415.000,12415.000,20.00,29796
12420.000,12420.000,20.00,29795
12425.000,12425.000,20.00,29771
12430.000,12430.000,20.00,29794
12435.000,12435.000,20.00,29764
12440.000,12440.000,20.00,29600
12445.000,12445.000,20.00,29777
12450.000,12450.000,20.00,29795
12455.000,12455.000,20.00,29632
12460.000,12460.000,20.00,29757
12465.000,12465.000,20.00,29794
12470.000,12470.000,20.00,29794
12475.000,12475.000,20.00,29794
12480.000,12480.000,20.00,29795
12485.000,12485.000,20.00,29794
12490.000,12490.000,20.00,29794
12495.000,12495.000,20.00,29796
12500.000,12500.000,20.00,29794
12505.000,12505.000,20.00,29794
12510.000,12510.000,20.00,29795
12515.000,12515.000,20.00,29792
12520.000,12520.000,20.00,29796
12525.000,12525.000,20.00,29792
12530.000,12530.000,20.00,29796
12535.000,12535.000,20.00,29794
12540.000,12540.000,20.00,28105
12545.000,12545.000,20.00,23175
12550.000,12550.000,20.00,27588
12555.000,12555.000,20.00,26337
12560.000,12560.000,20.00,22109
12565.000,12565.000,20.00,25958
12570.000,12570.000,20.00,29795
12575.000,12575.000,20.00,29793
12580.000,12580.000,20.00,29797
12585.000,12585.000,20.00,29794
12590.000,12590.000,20.00,29794
12595.000,12595.000,20.00,29796
12600.000,12600.000,20.00,29793
12605.000,12605.000,20.00,29555
12610.000,12610.000,20.00,29792
12615.000,12615.000,20.00,29787
12620.000,12620.000,20.00,29803
12625.000,12625.000,20.00,29798
12630.000,12630.000,20.00,29793
12635.000,12635.000,20.00,29796
12640.000,12640.000,20.00,29646
12645.000,12645.000,20.00,29792
12650.000,12650.000,20.00,28191
12655.000,12655.000,20.00,29796
12660.000,12660.000,20.00,29786
12665.000,12665.000,20.00,29345
12670.000,12670.000,20.00,29759
12675.000,12675.000,20.00,29069
12680.000,12680.000,20.00,29789
12685.000,12685.000,20.00,28223
12690.000,12690.000,20.00,29378
12695.000,12695.000,20.00,25897
12700.000,12700.000,20.00,26143
12705.000,12705.000,20.00,24641
12710.000,12710.000,20.00,23863
12715.000,12715.000,20.00,23643
12720.000,12720.000,20.00,29793
12725.000,12725.000,20.00,29794
12730.000,12730.000,20.00,29794
12735.000,12735.000,20.00,29794
12740.000,12740.000,20.00,29796
12745.000,12745.000,20.00,29794
12750.000,12750.000,20.00,29797
12755.000,12755.000,20.00,29796
12760.000,12760.000,20.00,29794
12765.000,12765.000,20.00,29796
12770.000,12770.000,20.00,29795
12775.000,12775.000,20.00,29794
12780.000,12780.000,20.00,29797
12785.000,12785.000,20.00,29794
12790.000,12790.000,20.00,29792
12795.000,12795.000,20.00,29796
12800.000,12800.000,20.00,29794
12805.000,12805.000,20.00,29796
12810.000,12810.000,20.00,29798
12815.000,12815.000,20.00,29791
12820.000,12820.000,20.00,29797
12825.000,12825.000,20.00,29794
12830.000,12830.000,20.00,29794
12835.000,12835.000,20.00,29797
12840.000,12840.000,20.00,29797
12845.000,12845.000,20.00,29793
12850.000,12850.000,20.00,29797
12855.000,12855.000,20.00,29792
12860.000,12860.000,20.00,29796
12865.000,12865.000,20.00,29794
12870.000,12870.000,20.00,29797
12875.000,12875.000,20.00,29795
12880.000,12880.000,20.00,29722
12885.000,12885.000,20.00,29639
12890.000,12890.000,20.00,29794
12895.000,12895.000,20.00,29792
12900.000,12900.000,20.00,29797
12905.000,12905.000,20.00,29796
12910.000,12910.000,20.00,29794
12915.000,12915.000,20.00,29796
12920.000,12920.000,20.00,29792
12925.000,12925.000,20.00,29796
12930.000,12930.000,20.00,29798
12935.000,12935.000,20.00,29796
12940.000,12940.000,20.00,29794
12945.000,12945.000,20.00,29794
12950.000,12950.000,20.00,29796
12955.000,12955.000,20.00,29794
12960.000,12960.000,20.00,29798
12965.000,12965.000,20.00,29210
12970.000,12970.000,20.00,29796
12975.000,12975.000,20.00,29794
12980.000,12980.000,20.00,29780
12985.000,12985.000,20.00,29257
12990.000,12990.000,20.00,29793
12995.000,12995.000,20.00,29415
13000.000,13000.000,20.00,29477
13005.000,13005.000,20.00,29579
13010.000,13010.000,20.00,29219
13015.000,13015.000,20.00,29558
13020.000,13020.000,20.00,29795
13025.000,13025.000,20.00,29797
13030.000,13030.000,20.00,29789
13035.000,13035.000,20.00,29798
13040.000,13040.000,20.00,29794
13045.000,13045.000,20.00,29792
13050.000,13050.000,20.00,28356
13055.000,13055.000,20.00,28182
13060.000,13060.000,20.00,28100
13065.000,13065.000,20.00,28147
13070.000,13070.000,20.00,27892
13075.000,13075.000,20.00,28021
13080.000,13080.000,20.00,29793
13085.000,13085.000,20.00,29794
13090.000,13090.000,20.00,29794
13095.000,13095.000,20.00,29796
13100.000,13100.000,20.00,29794
13105.000,13105.000,20.00,29794
13110.000,13110.000,20.00,29802
13115.000,13115.000,20.00,29799
13120.000,13120.000,20.00,29794
13125.000,13125.000,20.00,29794
13130.000,13130.000,20.00,29797
13135.000,13135.000,20.00,29794
13140.000,13140.000,20.00,28014
13145.000,13145.000,20.00,28453
13150.000,13150.000,20.00,28881
13155.000,13155.000,20.00,29474
13160.000,13160.000,20.00,29794
13165.000,13165.000,20.00,28796
13170.000,13170.000,20.00,29719
13175.000,13175.000,20.00,29776
13180.000,13180.000,20.00,29782
13185.000,13185.000,20.00,29538
13190.000,13190.000,20.00,29275
13195.000,13195.000,20.00,29732
13200.000,13200.000,20.00,29531
13205.000,13205.000,20.00,29683
13210.000,13210.000,20.00,29324
13215.000,13215.000,20.00,28105
13220.000,13220.000,20.00,29681
13225.000,13225.000,20.00,29743
13230.000,13230.000,20.00,29795
13235.000,13235.000,20.00,29794
13240.000,13240.000,20.00,29794
13245.000,13245.000,20.00,29794
13250.000,13250.000,20.00,29794
13255.000,13255.000,20.00,29796
13260.000,13260.000,20.00,29795
13265.000,13265.000,20.00,29794
13270.000,13270.000,20.00,29796
13275.000,13275.000,20.00,29792
13280.000,13280.000,20.00,29796
13285.000,13285.000,20.00,29794
13290.000,13290.000,20.00,29798
13295.000,13295.000,20.00,29796
13300.000,13300.000,20.00,29794
13305.000,13305.000,20.00,29794
13310.000,13310.000,20.00,29794
13315.000,13315.000,20.00,29794
13320.000,13320.000,20.00,29795
13325.000,13325.000,20.00,29794
13330.000,13330.000,20.00,29792
13335.000,13335.000,20.00,29799
13340.000,13340.000,20.00,29792
13345.000,13345.000,20.00,29796
13350.000,13350.000,20.00,29797
13355.000,13355.000,20.00,29794
13360.000,13360.000,20.00,29796
13365.000,13365.000,20.00,29790
13370.000,13370.000,20.00,29799
13375.000,13375.000,20.00,29794
13380.000,13380.000,20.00,29793
13385.000,13385.000,20.00,29803
13390.000,13390.000,20.00,29799
13395.000,13395.000,20.00,29796
13400.000,13400.000,20.00,29794
13405.000,13405.000,20.00,29796
13410.000,13410.000,20.00,29793
13415.000,13415.000,20.00,29796
13420.000,13420.000,20.00,29794
13425.000,13425.000,20.00,29796
13430.000,13430.000,20.00,29794
13435.000,13435.000,20.00,29796
13440.000,13440.000,20.00,29747
13445.000,13445.000,20.00,29732
13450.000,13450.000,20.00,29731
13455.000,13455.000,20.00,29727
13460.000,13460.000,20.00,29725
13465.000,13465.000,20.00,29725
13470.000,13470.000,20.00,29696
13475.000,13475.000,20.00,29791
13480.000,13480.000,20.00,29581
13485.000,13485.000,20.00,29778
13490.000,13490.000,20.00,29785
13495.000,13495.000,20.00,29792
13500.000,13500.000,20.00,29789
13505.000,13505.000,20.00,29794
13510.000,13510.000,20.00,29801
13515.000,13515.000,20.00,29787
13520.000,13520.000,20.00,29792
13525.000,13525.000,20.00,29783
13530.000,13530.000,20.00,29783
13535.000,13535.000,20.00,29787
13540.000,13540.000,20.00,29773
13545.000,13545.000,20.00,29778
13550.000,13550.000,20.00,29785
13555.000,13555.000,20.00,29782
13560.000,13560.000,20.00,29389
13565.000,13565.000,20.00,29511
13570.000,13570.000,20.00,29460
13575.000,13575.000,20.00,29451
13580.000,13580.000,20.00,28962
13585.000,13585.000,20.00,28719
13590.000,13590.000,20.00,29791
13595.000,13595.000,20.00,29794
13600.000,13600.000,20.00,29792
13605.000,13605.000,20.00,29792
13610.000,13610.000,20.00,29743
13615.000,13615.000,20.00,29794
13620.000,13620.000,20.00,29795
13625.000,13625.000,20.00,29792
13630.000,13630.000,20.00,29796
13635.000,13635.000,20.00,29796
13640.000,13640.000,20.00,29794
13645.000,13645.000,20.00,29796
13650.000,13650.000,20.00,29413
13655.000,13655.000,20.00,28420
13660.000,13660.000,20.00,29474
13665.000,13665.000,20.00,29247
13670.000,13670.000,20.00,28383
13675.000,13675.000,20.00,27074
13680.000,13680.000,20.00,24673
13685.000,13685.000,20.00,26718
13690.000,13690.000,20.00,26859
13695.000,13695.000,20.00,21761
13700.000,13700.000,20.00,22751
13705.000,13705.000,20.00,25283
13710.000,13710.000,20.00,28579
13715.000,13715.000,20.00,25992
13720.000,13720.000,20.00,28687
13725.000,13725.000,20.00,27060
13730.000,13730.000,20.00,27290
13735.000,13735.000,20.00,28177
13740.000,13740.000,20.00,29793
13745.000,13745.000,20.00,29796
13750.000,13750.000,20.00,29734
13755.000,13755.000,20.00,29706
13760.000,13760.000,20.00,29792
13765.000,13765.000,20.00,29794
13770.000,13770.000,20.00,29659
13775.000,13775.000,20.00,29784
13780.000,13780.000,20.00,29785
13785.000,13785.000,20.00,29785
13790.000,13790.000,20.00,29412
13795.000,13795.000,20.00,26747
13800.000,13800.000,20.00,29795
13805.000,13805.000,20.00,29794
13810.000,13810.000,20.00,29794
13815.000,13815.000,20.00,29796
13820.000,13820.000,20.00,29794
13825.000,13825.000,20.00,29794
13830.000,13830.000,20.00,29789
13835.000,13835.000,20.00,29801
13840.000,13840.000,20.00,29794
13845.000,13845.000,20.00,29794
13850.000,13850.000,20.00,29797
13855.000,13855.000,20.00,29794
13860.000,13860.000,20.00,29717
13865.000,13865.000,20.00,29771
13870.000,13870.000,20.00,29764
13875.000,13875.000,20.00,29794
13880.000,13880.000,20.00,29771
13885.000,13885.000,20.00,29731
13890.000,13890.000,20.00,29793
13895.000,13895.000,20.00,29796
13900.000,13900.000,20.00,29789
13905.000,13905.000,20.00,29799
13910.000,13910.000,20.00,29794
13915.000,13915.000,20.00,29792
13920.000,13920.000,20.00,29795
13925.000,13925.000,20.00,29796
13930.000,13930.000,20.00,29795
13935.000,13935.000,20.00,29791
13940.000,13940.000,20.00,29797
13945.000,13945.000,20.00,29794
13950.000,13950.000,20.00,29795
13955.000,13955.000,20.00,29794
13960.000,13960.000,20.00,29776
13965.000,13965.000,20.00,29791
13970.000,13970.000,20.00,29788
13975.000,13975.000,20.00,29791
13980.000,13980.000,20.00,29758
13985.000,13985.000,20.00,29773
13990.000,13990.000,20.00,29745
13995.000,13995.000,20.00,29736
14000.000,14000.000,20.00,29741
14005.000,14005.000,20.00,29736
14010.000,14010.000,20.00,29732
14015.000,14015.000,20.00,29743
14020.000,14020.000,20.00,29743
14025.000,14025.000,20.00,29743
14030.000,14030.000,20.00,29669
14035.000,14035.000,20.00,29694
14040.000,14040.000,20.00,29701
14045.000,14045.000,20.00,29653
14050.000,14050.000,20.00,29701
14055.000,14055.000,20.00,29782
14060.000,14060.000,20.00,29783
14065.000,14065.000,20.00,29641
14070.000,14070.000,20.00,29793
14075.000,14075.000,20.00,29796
14080.000,14080.000,20.00,29794
14085.000,14085.000,20.00,29794
14090.000,14090.000,20.00,29794
14095.000,14095.000,20.00,29794
14100.000,14100.000,20.00,29798
14105.000,14105.000,20.00,29794
14110.000,14110.000,20.00,29794
14115.000,14115.000,20.00,29792
14120.000,14120.000,20.00,29796
14125.000,14125.000,20.00,29799
14130.000,14130.000,20.00,29790
14135.000,14135.000,20.00,29776
14140.000,14140.000,20.00,29785
14145.000,14145.000,20.00,29773
14150.000,14150.000,20.00,29791
14155.000,14155.000,20.00,29792
14160.000,14160.000,20.00,29789
14165.000,14165.000,20.00,29785
14170.000,14170.000,20.00,29794
14175.000,14175.000,20.00,29794
14180.000,14180.000,20.00,28967
14185.000,14185.000,20.00,29275
14190.000,14190.000,20.00,28762
14195.000,14195.000,20.00,29783
14200.000,14200.000,20.00,29762
14205.000,14205.000,20.00,29497
14210.000,14210.000,20.00,29043
14215.000,14215.000,20.00,29275
14220.000,14220.000,20.00,29795
14225.000,14225.000,20.00,29789
14230.000,14230.000,20.00,29787
14235.000,14235.000,20.00,29773
14240.000,14240.000,20.00,29787
14245.000,14245.000,20.00,29792
14250.000,14250.000,20.00,29798
14255.000,14255.000,20.00,29792
14260.000,14260.000,20.00,29799
14265.000,14265.000,20.00,29792
14270.000,14270.000,20.00,29799
14275.000,14275.000,20.00,29794
14280.000,14280.000,20.00,29793
14285.000,14285.000,20.00,29794
14290.000,14290.000,20.00,29796
14295.000,14295.000,20.00,29794
14300.000,14300.000,20.00,29794
14305.000,14305.000,20.00,29796
14310.000,14310.000,20.00,29795
14315.000,14315.000,20.00,29792
14320.000,14320.000,20.00,29799
14325.000,14325.000,20.00,29792
14330.000,14330.000,20.00,29796
14335.000,14335.000,20.00,29796
14340.000,14340.000,20.00,29795
14345.000,14345.000,20.00,29792
14350.000,14350.000,20.00,29796
14355.000,14355.000,20.00,29793
14360.000,14360.000,20.00,29795
14365.000,14365.000,20.00,29796
14370.000,14370.000,20.00,29793
14375.000,14375.000,20.00,29794
14380.000,14380.000,20.00,29796
14385.000,14385.000,20.00,29794
14390.000,14390.000,20.00,29796
14395.000,14395.000,20.00,29792
14400.000,14400.000,20.00,29791
14405.000,14405.000,20.00,29799
14410.000,14410.000,20.00,29792
14415.000,14415.000,20.00,29794
14420.000,14420.000,20.00,29789
14425.000,14425.000,20.00,29796
14430.000,14430.000,20.00,29797
14435.000,14435.000,20.00,29792
14440.000,14440.000,20.00,29798
14445.000,14445.000,20.00,29792
14450.000,14450.000,20.00,29794
14455.000,14455.000,20.00,29794
14460.000,14460.000,20.00,29795
14465.000,14465.000,20.00,29794
14470.000,14470.000,20.00,29794
14475.000,14475.000,20.00,29796
14480.000,14480.000,20.00,29794
14485.000,14485.000,20.00,29794
14490.000,14490.000,20.00,29793
14495.000,14495.000,20.00,29794
14500.000,14500.000,20.00,29792
14505.000,14505.000,20.00,29796
14510.000,14510.000,20.00,29792
14515.000,14515.000,20.00,29794
14520.000,14520.000,20.00,29797
14525.000,14525.000,20.00,29780
14530.000,14530.000,20.00,29785
14535.000,14535.000,20.00,29796
14540.000,14540.000,20.00,29792
14545.000,14545.000,20.00,29618
14550.000,14550.000,20.00,29774
14555.000,14555.000,20.00,28897
14560.000,14560.000,20.00,29782
14565.000,14565.000,20.00,29787
14570.000,14570.000,20.00,29780
14575.000,14575.000,20.00,29785
14580.000,14580.000,20.00,29512
14585.000,14585.000,20.00,29762
14590.000,14590.000,20.00,29771
14595.000,14595.000,20.00,29655
14600.000,14600.000,20.00,28191
14605.000,14605.000,20.00,29245
14610.000,14610.000,20.00,26114
14615.000,14615.000,20.00,23722
14620.000,14620.000,20.00,23131
14625.000,14625.000,20.00,23506
14630.000,14630.000,20.00,23541
14635.000,14635.000,20.00,26994
14640.000,14640.000,20.00,23056
14645.000,14645.000,20.00,21689
14650.000,14650.000,20.00,20998
14655.000,14655.000,20.00,19827
14660.000,14660.000,20.00,21940
14665.000,14665.000,20.00,22735
14670.000,14670.000,20.00,29798
14675.000,14675.000,20.00,29790
14680.000,14680.000,20.00,29789
14685.000,14685.000,20.00,29795
14690.000,14690.000,20.00,29794
14695.000,14695.000,20.00,29794
14700.000,14700.000,20.00,29797
14705.000,14705.000,20.00,29795
14710.000,14710.000,20.00,29794
14715.000,14715.000,20.00,29794
14720.000,14720.000,20.00,29794
14725.000,14725.000,20.00,29794
14730.000,14730.000,20.00,29795
14735.000,14735.000,20.00,29796
14740.000,14740.000,20.00,29164
14745.000,14745.000,20.00,29435
14750.000,14750.000,20.00,29790
14755.000,14755.000,20.00,29796
14760.000,14760.000,20.00,29798
14765.000,14765.000,20.00,29789
14770.000,14770.000,20.00,29799
14775.000,14775.000,20.00,29794
14780.000,14780.000,20.00,29796
14785.000,14785.000,20.00,29794
14790.000,14790.000,20.00,29800
14795.000,14795.000,20.00,29794
14800.000,14800.000,20.00,29792
14805.000,14805.000,20.00,29794
14810.000,14810.000,20.00,29799
14815.000,14815.000,20.00,29794
14820.000,14820.000,20.00,29793
14825.000,14825.000,20.00,29796
14830.000,14830.000,20.00,29796
14835.000,14835.000,20.00,29794
14840.000,14840.000,20.00,29797
14845.000,14845.000,20.00,29794
14850.000,14850.000,20.00,29795
14855.000,14855.000,20.00,29796
14860.000,14860.000,20.00,29794
14865.000,14865.000,20.00,29792
14870.000,14870.000,20.00,29780
14875.000,14875.000,20.00,29794
14880.000,14880.000,20.00,29797
14885.000,14885.000,20.00,29794
14890.000,14890.000,20.00,29796
14895.000,14895.000,20.00,29794
14900.000,14900.000,20.00,29794
14905.000,14905.000,20.00,29794
14910.000,14910.000,20.00,29795
14915.000,14915.000,20.00,29792
14920.000,14920.000,20.00,29798
14925.000,14925.000,20.00,29794
14930.000,14930.000,20.00,29794
14935.000,14935.000,20.00,29796
14940.000,14940.000,20.00,29793
14945.000,14945.000,20.00,29796
14950.000,14950.000,20.00,29796
14955.000,14955.000,20.00,29794
14960.000,14960.000,20.00,29792
14965.000,14965.000,20.00,29796
14970.000,14970.000,20.00,29793
14975.000,14975.000,20.00,29796
14980.000,14980.000,20.00,29793
14985.000,14985.000,20.00,29797
14990.000,14990.000,20.00,29794
14995.000,14995.000,20.00,29794
15000.000,15000.000,20.00,29724
15005.000,15005.000,20.00,28411
15010.000,15010.000,20.00,29699
15015.000,15015.000,20.00,28152
15020.000,15020.000,20.00,29426
15025.000,15025.000,20.00,29720
15030.000,15030.000,20.00,28992
15035.000,15035.000,20.00,28768
15040.000,15040.000,20.00,27466
15045.000,15045.000,20.00,28499
15050.000,15050.000,20.00,28260
15055.000,15055.000,20.00,28752
15060.000,15060.000,20.00,29135
15065.000,15065.000,20.00,29156
15070.000,15070.000,20.00,29310
15075.000,15075.000,20.00,29301
15080.000,15080.000,20.00,29317
15085.000,15085.000,20.00,29284
15090.000,15090.000,20.00,29793
15095.000,15095.000,20.00,29794
15100.000,15100.000,20.00,29794
15105.000,15105.000,20.00,29782
15110.000,15110.000,20.00,29755
15115.000,15115.000,20.00,29713
15120.000,15120.000,20.00,29786
15125.000,15125.000,20.00,29785
15130.000,15130.000,20.00,29785
15135.000,15135.000,20.00,29771
15140.000,15140.000,20.00,29763
15145.000,15145.000,20.00,29795
15150.000,15150.000,20.00,29777
15155.000,15155.000,20.00,29753
15160.000,15160.000,20.00,29782
15165.000,15165.000,20.00,29778
15170.000,15170.000,20.00,29780
15175.000,15175.000,20.00,29782
15180.000,15180.000,20.00,29793
15185.000,15185.000,20.00,29794
15190.000,15190.000,20.00,29764
15195.000,15195.000,20.00,29829
15200.000,15200.000,20.00,29794
15205.000,15205.000,20.00,29794
15210.000,15210.000,20.00,29795
15215.000,15215.000,20.00,29794
15220.000,15220.000,20.00,29792
15225.000,15225.000,20.00,29794
15230.000,15230.000,20.00,29798
15235.000,15235.000,20.00,29797
15240.000,15240.000,20.00,29395
15245.000,15245.000,20.00,29447
15250.000,15250.000,20.00,29298
15255.000,15255.000,20.00,29201
15260.000,15260.000,20.00,29720
15265.000,15265.000,20.00,29379
15270.000,15270.000,20.00,29765
15275.000,15275.000,20.00,29780
15280.000,15280.000,20.00,29762
15285.000,15285.000,20.00,29792
15290.000,15290.000,20.00,29794
15295.000,15295.000,20.00,29792
15300.000,15300.000,20.00,29793
15305.000,15305.000,20.00,29789
15310.000,15310.000,20.00,29801
15315.000,15315.000,20.00,29794
15320.000,15320.000,20.00,29796
15325.000,15325.000,20.00,29795
15330.000,15330.000,20.00,29795
15335.000,15335.000,20.00,29011
15340.000,15340.000,20.00,29817
15345.000,15345.000,20.00,29792
15350.000,15350.000,20.00,29796
15355.000,15355.000,20.00,29046
15360.000,15360.000,20.00,29795
15365.000,15365.000,20.00,28849
15370.000,15370.000,20.00,29794
15375.000,15375.000,20.00,29796
15380.000,15380.000,20.00,29797
15385.000,15385.000,20.00,29025
15390.000,15390.000,20.00,29797
15395.000,15395.000,20.00,29794
15400.000,15400.000,20.00,29796
15405.000,15405.000,20.00,29794
15410.000,15410.000,20.00,29797
15415.000,15415.000,20.00,29794
15420.000,15420.000,20.00,29795
15425.000,15425.000,20.00,29782
15430.000,15430.000,20.00,29794
15435.000,15435.000,20.00,29787
15440.000,15440.000,20.00,29799
15445.000,15445.000,20.00,29780
15450.000,15450.000,20.00,29800
15455.000,15455.000,20.00,29795
15460.000,15460.000,20.00,29789
15465.000,15465.000,20.00,29799
15470.000,15470.000,20.00,29794
15475.000,15475.000,20.00,29796
15480.000,15480.000,20.00,29797
15485.000,15485.000,20.00,29794
15490.000,15490.000,20.00,29794
15495.000,15495.000,20.00,29792
15500.000,15500.000,20.00,29796
15505.000,15505.000,20.00,29796
15510.000,15510.000,20.00,29796
15515.000,15515.000,20.00,29794
15520.000,15520.000,20.00,29794
15525.000,15525.000,20.00,29794
15530.000,15530.000,20.00,29797
15535.000,15535.000,20.00,29794
15540.000,15540.000,20.00,29793
15545.000,15545.000,20.00,29794
15550.000,15550.000,20.00,29796
15555.000,15555.000,20.00,29794
15560.000,15560.000,20.00,29794
15565.000,15565.000,20.00,29796
15570.000,15570.000,20.00,29795
15575.000,15575.000,20.00,29794
15580.000,15580.000,20.00,29792
15585.000,15585.000,20.00,29799
15590.000,15590.000,20.00,29792
15595.000,15595.000,20.00,29794
15600.000,15600.000,20.00,29686
15605.000,15605.000,20.00,29901
15610.000,15610.000,20.00,29787
15615.000,15615.000,20.00,29801
15620.000,15620.000,20.00,29794
15625.000,15625.000,20.00,29796
15630.000,15630.000,20.00,29795
15635.000,15635.000,20.00,29789
15640.000,15640.000,20.00,29796
15645.000,15645.000,20.00,29789
15650.000,15650.000,20.00,29801
15655.000,15655.000,20.00,29794
15660.000,15660.000,20.00,29791
15665.000,15665.000,20.00,29776
15670.000,15670.000,20.00,29785
15675.000,15675.000,20.00,29778
15680.000,15680.000,20.00,29733
15685.000,15685.000,20.00,28569
15690.000,15690.000,20.00,29797
15695.000,15695.000,20.00,29794
15700.000,15700.000,20.00,29797
15705.000,15705.000,20.00,29794
15710.000,15710.000,20.00,29796
15715.000,15715.000,20.00,29794
15720.000,15720.000,20.00,29791
15725.000,15725.000,20.00,29796
15730.000,15730.000,20.00,29792
15735.000,15735.000,20.00,29796
15740.000,15740.000,20.00,29796
15745.000,15745.000,20.00,29796
15750.000,15750.000,20.00,29795
15755.000,15755.000,20.00,29792
15760.000,15760.000,20.00,29796
15765.000,15765.000,20.00,29794
15770.000,15770.000,20.00,29796
15775.000,15775.000,20.00,29791
15780.000,15780.000,20.00,29796
15785.000,15785.000,20.00,29794
15790.000,15790.000,20.00,29796
15795.000,15795.000,20.00,29794
15800.000,15800.000,20.00,29794
15805.000,15805.000,20.00,29794
15810.000,15810.000,20.00,29798
15815.000,15815.000,20.00,29792
15820.000,15820.000,20.00,29796
15825.000,15825.000,20.00,29794
15830.000,15830.000,20.00,29796
15835.000,15835.000,20.00,29792
15840.000,15840.000,20.00,29795
15845.000,15845.000,20.00,29789
15850.000,15850.000,20.00,29801
15855.000,15855.000,20.00,29792
15860.000,15860.000,20.00,29796
15865.000,15865.000,20.00,29794
15870.000,15870.000,20.00,26529
15875.000,15875.000,20.00,28886
15880.000,15880.000,20.00,25835
15885.000,15885.000,20.00,29785
15890.000,15890.000,20.00,25749
15895.000,15895.000,20.00,28862
15900.000,15900.000,20.00,28430
15905.000,15905.000,20.00,28765
15910.000,15910.000,20.00,27855
15915.000,15915.000,20.00,28709
15920.000,15920.000,20.00,27624
15925.000,15925.000,20.00,23358
15930.000,15930.000,20.00,28941
15935.000,15935.000,20.00,29011
15940.000,15940.000,20.00,28360
15945.000,15945.000,20.00,29400
15950.000,15950.000,20.00,28886
15955.000,15955.000,20.00,26933
15960.000,15960.000,20.00,29795
15965.000,15965.000,20.00,29790
15970.000,15970.000,20.00,29796
15975.000,15975.000,20.00,29782
15980.000,15980.000,20.00,29797
15985.000,15985.000,20.00,29794
15990.000,15990.000,20.00,23133
15995.000,15995.000,20.00,23858
16000.000,16000.000,20.00,25461
16005.000,16005.000,20.00,27264
16010.000,16010.000,20.00,22257
16015.000,16015.000,20.00,24308
16020.000,16020.000,20.00,29795
16025.000,16025.000,20.00,29794
16030.000,16030.000,20.00,29794
16035.000,16035.000,20.00,29794
16040.000,16040.000,20.00,29796
16045.000,16045.000,20.00,29794
16050.000,16050.000,20.00,29793
16055.000,16055.000,20.00,29796
16060.000,16060.000,20.00,29796
16065.000,16065.000,20.00,29794
16070.000,16070.000,20.00,29796
16075.000,16075.000,20.00,29792
16080.000,16080.000,20.00,29795
16085.000,16085.000,20.00,29792
16090.000,16090.000,20.00,29796
16095.000,16095.000,20.00,29794
16100.000,16100.000,20.00,29796
16105.000,16105.000,20.00,29794
16110.000,16110.000,20.00,29174
16115.000,16115.000,20.00,29020
16120.000,16120.000,20.00,29094
16125.000,16125.000,20.00,29087
16130.000,16130.000,20.00,28993
16135.000,16135.000,20.00,28967
16140.000,16140.000,20.00,29795
16145.000,16145.000,20.00,29794
16150.000,16150.000,20.00,29795
16155.000,16155.000,20.00,29796
16160.000,16160.000,20.00,29787
16165.000,16165.000,20.00,29801
16170.000,16170.000,20.00,29740
16175.000,16175.000,20.00,29303
16180.000,16180.000,20.00,29660
16185.000,16185.000,20.00,29785
16190.000,16190.000,20.00,29792
16195.000,16195.000,20.00,29500
16200.000,16200.000,20.00,29798
16205.000,16205.000,20.00,29796
16210.000,16210.000,20.00,29790
16215.000,16215.000,20.00,29799
16220.000,16220.000,20.00,29794
16225.000,16225.000,20.00,29793
16230.000,16230.000,20.00,29796
16235.000,16235.000,20.00,29791
16240.000,16240.000,20.00,29768
16245.000,16245.000,20.00,29824
16250.000,16250.000,20.00,29795
16255.000,16255.000,20.00,29794
16260.000,16260.000,20.00,29791
16265.000,16265.000,20.00,29799
16270.000,16270.000,20.00,29792
16275.000,16275.000,20.00,29796
16280.000,16280.000,20.00,29796
16285.000,16285.000,20.00,29794
16290.000,16290.000,20.00,29797
16295.000,16295.000,20.00,29795
16300.000,16300.000,20.00,29794
16305.000,16305.000,20.00,29796
16310.000,16310.000,20.00,29792
16315.000,16315.000,20.00,29796
16320.000,16320.000,20.00,29790
16325.000,16325.000,20.00,29796
16330.000,16330.000,20.00,29796
16335.000,16335.000,20.00,29794
16340.000,16340.000,20.00,29792
16345.000,16345.000,20.00,29796
16350.000,16350.000,20.00,29793
16355.000,16355.000,20.00,29013
16360.000,16360.000,20.00,28418
16365.000,16365.000,20.00,29458
16370.000,16370.000,20.00,28895
16375.000,16375.000,20.00,29792
16380.000,16380.000,20.00,29794
16385.000,16385.000,20.00,29792
16390.000,16390.000,20.00,29796
16395.000,16395.000,20.00,29794
16400.000,16400.000,20.00,29419
16405.000,16405.000,20.00,29801
16410.000,16410.000,20.00,25867
16415.000,16415.000,20.00,29178
16420.000,16420.000,20.00,26529
16425.000,16425.000,20.00,29206
16430.000,16430.000,20.00,26141
16435.000,16435.000,20.00,29192
16440.000,16440.000,20.00,29795
16445.000,16445.000,20.00,29794
16450.000,16450.000,20.00,29794
16455.000,16455.000,20.00,29795
16460.000,16460.000,20.00,29794
16465.000,16465.000,20.00,29796
16470.000,16470.000,20.00,29793
16475.000,16475.000,20.00,29796
16480.000,16480.000,20.00,29797
16485.000,16485.000,20.00,29794
16490.000,16490.000,20.00,29794
16495.000,16495.000,20.00,29794
16500.000,16500.000,20.00,29797
16505.000,16505.000,20.00,29794
16510.000,16510.000,20.00,29794
16515.000,16515.000,20.00,29794
16520.000,16520.000,20.00,29796
16525.000,16525.000,20.00,29794
16530.000,16530.000,20.00,29798
16535.000,16535.000,20.00,29796
16540.000,16540.000,20.00,29794
16545.000,16545.000,20.00,29796
16550.000,16550.000,20.00,29792
16555.000,16555.000,20.00,29796
16560.000,16560.000,20.00,29793
16565.000,16565.000,20.00,29794
16570.000,16570.000,20.00,29791
16575.000,16575.000,20.00,29798
16580.000,16580.000,20.00,29795
16585.000,16585.000,20.00,29796
16590.000,16590.000,20.00,29795
16595.000,16595.000,20.00,29797
16600.000,16600.000,20.00,29790
16605.000,16605.000,20.00,29796
16610.000,16610.000,20.00,29794
16615.000,16615.000,20.00,29796
16620.000,16620.000,20.00,29795
16625.000,16625.000,20.00,29794
16630.000,16630.000,20.00,29796
16635.000,16635.000,20.00,29794
16640.000,16640.000,20.00,29794
16645.000,16645.000,20.00,29780
16650.000,16650.000,20.00,28976
16655.000,16655.000,20.00,26613
16660.000,16660.000,20.00,28339
16665.000,16665.000,20.00,26731
16670.000,16670.000,20.00,28821
16675.000,16675.000,20.00,24623
16680.000,16680.000,20.00,28588
16685.000,16685.000,20.00,26703
16690.000,16690.000,20.00,28948
16695.000,16695.000,20.00,26673
16700.000,16700.000,20.00,28849
16705.000,16705.000,20.00,26615
16710.000,16710.000,20.00,29781
16715.000,16715.000,20.00,29781
16720.000,16720.000,20.00,29785
16725.000,16725.000,20.00,29794
16730.000,16730.000,20.00,29794
16735.000,16735.000,20.00,29796
16740.000,16740.000,20.00,29794
16745.000,16745.000,20.00,29797
16750.000,16750.000,20.00,29797
16755.000,16755.000,20.00,29794
16760.000,16760.000,20.00,29794
16765.000,16765.000,20.00,29796
16770.000,16770.000,20.00,29797
16775.000,16775.000,20.00,29794
16780.000,16780.000,20.00,29794
16785.000,16785.000,20.00,29792
16790.000,16790.000,20.00,29798
16795.000,16795.000,20.00,29794
16800.000,16800.000,20.00,29783
16805.000,16805.000,20.00,29787
16810.000,16810.000,20.00,29796
16815.000,16815.000,20.00,29794
16820.000,16820.000,20.00,29795
16825.000,16825.000,20.00,29782
16830.000,16830.000,20.00,29791
16835.000,16835.000,20.00,29794
16840.000,16840.000,20.00,29029
16845.000,16845.000,20.00,29620
16850.000,16850.000,20.00,29792
16855.000,16855.000,20.00,29794
16860.000,16860.000,20.00,29726
16865.000,16865.000,20.00,29794
16870.000,16870.000,20.00,29576
16875.000,16875.000,20.00,29101
16880.000,16880.000,20.00,29030
16885.000,16885.000,20.00,29792
16890.000,16890.000,20.00,29159
16895.000,16895.000,20.00,29319
16900.000,16900.000,20.00,29470
16905.000,16905.000,20.00,29586
16910.000,16910.000,20.00,29347
16915.000,16915.000,20.00,29400
