since,relative_seconds,rtt,bandwidth_kbps
0.000,0.000,20.00,124059
5.000,5.000,20.00,122809
10.000,10.000,20.00,124564
15.000,15.000,20.00,120864
20.000,20.000,20.00,119940
25.000,25.000,20.00,114964
30.000,30.000,20.00,124166
35.000,35.000,20.00,120604
40.000,40.000,20.00,119583
45.000,45.000,20.00,122538
50.000,50.000,20.00,123567
55.000,55.000,20.00,124507
60.000,60.000,20.00,119832
65.000,65.000,20.00,115738
70.000,70.000,20.00,119585
75.000,75.000,20.00,115931
80.000,80.000,20.00,114626
85.000,85.000,20.00,116245
90.000,90.000,20.00,120584
95.000,95.000,20.00,123112
100.000,100.000,20.00,124079
105.000,105.000,20.00,123050
110.000,110.000,20.00,120820
115.000,115.000,20.00,124032
120.000,120.000,20.00,125190
125.000,125.000,20.00,114453
130.000,130.000,20.00,121361
135.000,135.000,20.00,123817
140.000,140.000,20.00,110174
145.000,145.000,20.00,101703
150.000,150.000,20.00,125147
155.000,155.000,20.00,125133
160.000,160.000,20.00,124854
165.000,165.000,20.00,125176
170.000,170.000,20.00,125081
175.000,175.000,20.00,124922
180.000,180.000,20.00,85756
185.000,185.000,20.00,117470
190.000,190.000,20.00,123589
195.000,195.000,20.00,125026
200.000,200.000,20.00,125200
205.000,205.000,20.00,125084
210.000,210.000,20.00,125150
215.000,215.000,20.00,125112
220.000,220.000,20.00,125173
225.000,225.000,20.00,125169
230.000,230.000,20.00,125173
235.000,235.000,20.00,125124
240.000,240.000,20.00,117465
245.000,245.000,20.00,125040
250.000,250.000,20.00,125378
255.000,255.000,20.00,125145
260.000,260.000,20.00,125012
265.000,265.000,20.00,125451
270.000,270.000,20.00,125170
275.000,275.000,20.00,125160
280.000,280.000,20.00,125173
285.000,285.000,20.00,125143
290.000,290.000,20.00,125125
295.000,295.000,20.00,125116
300.000,300.000,20.00,124657
305.000,305.000,20.00,124384
310.000,310.000,20.00,124535
315.000,315.000,20.00,124759
320.000,320.000,20.00,120755
325.000,325.000,20.00,124575
330.000,330.000,20.00,124298
335.000,335.000,20.00,125001
340.000,340.000,20.00,119461
345.000,345.000,20.00,124591
350.000,350.000,20.00,123896
355.000,355.000,20.00,124516
360.000,360.000,20.00,122547
365.000,365.000,20.00,124169
370.000,370.000,20.00,124118
375.000,375.000,20.00,124659
380.000,380.000,20.00,124521
385.000,385.000,20.00,124231
390.000,390.000,20.00,119134
395.000,395.000,20.00,119148
400.000,400.000,20.00,116885
405.000,405.000,20.00,118065
410.000,410.000,20.00,116876
415.000,415.000,20.00,123181
420.000,420.000,20.00,117365
425.000,425.000,20.00,123901
430.000,430.000,20.00,107645
435.000,435.000,20.00,124778
440.000,440.000,20.00,123628
445.000,445.000,20.00,120043
450.000,450.000,20.00,124493
455.000,455.000,20.00,124197
460.000,460.000,20.00,124752
465.000,465.000,20.00,122584
470.000,470.000,20.00,123811
475.000,475.000,20.00,122402
480.000,480.000,20.00,124234
485.000,485.000,20.00,121955
490.000,490.000,20.00,121108
495.000,495.000,20.00,123628
500.000,500.000,20.00,124038
505.000,505.000,20.00,122927
510.000,510.000,20.00,122972
515.000,515.000,20.00,122487
520.000,520.000,20.00,123946
525.000,525.000,20.00,120796
530.000,530.000,20.00,117663
535.000,535.000,20.00,123572
540.000,540.000,20.00,119937
545.000,545.000,20.00,122999
550.000,550.000,20.00,120271
555.000,555.000,20.00,122317
560.000,560.000,20.00,121527
565.000,565.000,20.00,118042
570.000,570.000,20.00,109812
575.000,575.000,20.00,111042
580.000,580.000,20.00,118583
585.000,585.000,20.00,116038
590.000,590.000,20.00,118329
595.000,595.000,20.00,115885
600.000,600.000,20.00,116230
605.000,605.000,20.00,120568
610.000,610.000,20.00,106071
615.000,615.000,20.00,107338
620.000,620.000,20.00,110543
625.000,625.000,20.00,107138
630.000,630.000,20.00,121495
635.000,635.000,20.00,123673
640.000,640.000,20.00,111089
645.000,645.000,20.00,124104
650.000,650.000,20.00,121603
655.000,655.000,20.00,97404
660.000,660.000,20.00,125046
665.000,665.000,20.00,122181
670.000,670.000,20.00,122798
675.000,675.000,20.00,120020
680.000,680.000,20.00,123691
685.000,685.000,20.00,124920
690.000,690.000,20.00,120113
695.000,695.000,20.00,111945
700.000,700.000,20.00,118361
705.000,705.000,20.00,117341
710.000,710.000,20.00,110433
715.000,715.000,20.00,118207
720.000,720.000,20.00,120875
725.000,725.000,20.00,124434
730.000,730.000,20.00,123601
735.000,735.000,20.00,121799
740.000,740.000,20.00,124192
745.000,745.000,20.00,124972
750.000,750.000,20.00,125253
755.000,755.000,20.00,124940
760.000,760.000,20.00,125153
765.000,765.000,20.00,125248
770.000,770.000,20.00,125247
775.000,775.000,20.00,125258
780.000,780.000,20.00,125185
785.000,785.000,20.00,115722
790.000,790.000,20.00,89592
795.000,795.000,20.00,121145
800.000,800.000,20.00,125222
805.000,805.000,20.00,124890
810.000,810.000,20.00,125172
815.000,815.000,20.00,125169
820.000,820.000,20.00,125154
825.000,825.000,20.00,125145
830.000,830.000,20.00,125135
835.000,835.000,20.00,125129
840.000,840.000,20.00,125093
845.000,845.000,20.00,125163
850.000,850.000,20.00,125221
855.000,855.000,20.00,125185
860.000,860.000,20.00,125178
865.000,865.000,20.00,125127
870.000,870.000,20.00,122217
875.000,875.000,20.00,122963
880.000,880.000,20.00,123815
885.000,885.000,20.00,121687
890.000,890.000,20.00,122612
895.000,895.000,20.00,123718
900.000,900.000,20.00,124936
905.000,905.000,20.00,121689
910.000,910.000,20.00,124183
915.000,915.000,20.00,122185
920.000,920.000,20.00,122827
925.000,925.000,20.00,121830
930.000,930.000,20.00,118018
935.000,935.000,20.00,122845
940.000,940.000,20.00,120078
945.000,945.000,20.00,123556
950.000,950.000,20.00,119450
955.000,955.000,20.00,121615
960.000,960.000,20.00,120917
965.000,965.000,20.00,121952
970.000,970.000,20.00,121048
975.000,975.000,20.00,121630
980.000,980.000,20.00,119812
985.000,985.000,20.00,121818
990.000,990.000,20.00,120278
995.000,995.000,20.00,120230
1000.000,1000.000,20.00,122543
1005.000,1005.000,20.00,121406
1010.000,1010.000,20.00,119443
1015.000,1015.000,20.00,121025
1020.000,1020.000,20.00,113803
1025.000,1025.000,20.00,113462
1030.000,1030.000,20.00,110239
1035.000,1035.000,20.00,104707
1040.000,1040.000,20.00,110504
1045.000,1045.000,20.00,115754
1050.000,1050.000,20.00,121143
1055.000,1055.000,20.00,119034
1060.000,1060.000,20.00,97991
1065.000,1065.000,20.00,104302
1070.000,1070.000,20.00,121739
1075.000,1075.000,20.00,116343
1080.000,1080.000,20.00,119312
1085.000,1085.000,20.00,119503
1090.000,1090.000,20.00,120303
1095.000,1095.000,20.00,121779
1100.000,1100.000,20.00,119397
1105.000,1105.000,20.00,121370
1110.000,1110.000,20.00,122220
1115.000,1115.000,20.00,118397
1120.000,1120.000,20.00,120804
1125.000,1125.000,20.00,122181
1130.000,1130.000,20.00,124482
1135.000,1135.000,20.00,121850
1140.000,1140.000,20.00,123187
1145.000,1145.000,20.00,124515
1150.000,1150.000,20.00,124324
1155.000,1155.000,20.00,123872
1160.000,1160.000,20.00,123715
1165.000,1165.000,20.00,123633
1170.000,1170.000,20.00,122868
1175.000,1175.000,20.00,124204
1180.000,1180.000,20.00,122990
1185.000,1185.000,20.00,124034
1190.000,1190.000,20.00,123833
1195.000,1195.000,20.00,123918
1200.000,1200.000,20.00,124841
1205.000,1205.000,20.00,124145
1210.000,1210.000,20.00,123826
1215.000,1215.000,20.00,124183
1220.000,1220.000,20.00,124121
1225.000,1225.000,20.00,124611
1230.000,1230.000,20.00,121703
1235.000,1235.000,20.00,120607
1240.000,1240.000,20.00,123433
1245.000,1245.000,20.00,124690
1250.000,1250.000,20.00,124833
1255.000,1255.000,20.00,122373
1260.000,1260.000,20.00,123448
1265.000,1265.000,20.00,124954
1270.000,1270.000,20.00,124258
1275.000,1275.000,20.00,123354
1280.000,1280.000,20.00,124673
1285.000,1285.000,20.00,124489
1290.000,1290.000,20.00,125124
1295.000,1295.000,20.00,125123
1300.000,1300.000,20.00,125162
1305.000,1305.000,20.00,125155
1310.000,1310.000,20.00,125150
1315.000,1315.000,20.00,125131
1320.000,1320.000,20.00,125161
1325.000,1325.000,20.00,125167
1330.000,1330.000,20.00,125063
1335.000,1335.000,20.00,125126
1340.000,1340.000,20.00,125109
1345.000,1345.000,20.00,125154
1350.000,1350.000,20.00,124720
1355.000,1355.000,20.00,125216
1360.000,1360.000,20.00,97133
1365.000,1365.000,20.00,106475
1370.000,1370.000,20.00,124214
1375.000,1375.000,20.00,125215
1380.000,1380.000,20.00,125135
1385.000,1385.000,20.00,125026
1390.000,1390.000,20.00,125067
1395.000,1395.000,20.00,125210
1400.000,1400.000,20.00,124985
1405.000,1405.000,20.00,124944
1410.000,1410.000,20.00,111979
1415.000,1415.000,20.00,124292
1420.000,1420.000,20.00,124795
1425.000,1425.000,20.00,123455
1430.000,1430.000,20.00,124577
1435.000,1435.000,20.00,93020
1440.000,1440.000,20.00,124493
1445.000,1445.000,20.00,124266
1450.000,1450.000,20.00,123811
1455.000,1455.000,20.00,122869
1460.000,1460.000,20.00,125046
1465.000,1465.000,20.00,120495
1470.000,1470.000,20.00,124290
1475.000,1475.000,20.00,124826
1480.000,1480.000,20.00,124061
1485.000,1485.000,20.00,124667
1490.000,1490.000,20.00,124216
1495.000,1495.000,20.00,124406
1500.000,1500.000,20.00,125111
1505.000,1505.000,20.00,125008
1510.000,1510.000,20.00,125109
1515.000,1515.000,20.00,125138
1520.000,1520.000,20.00,125154
1525.000,1525.000,20.00,125089
1530.000,1530.000,20.00,125027
1535.000,1535.000,20.00,124923
1540.000,1540.000,20.00,111585
1545.000,1545.000,20.00,97222
1550.000,1550.000,20.00,122251
1555.000,1555.000,20.00,124710
1560.000,1560.000,20.00,122299
1565.000,1565.000,20.00,122075
1570.000,1570.000,20.00,121860
1575.000,1575.000,20.00,124981
1580.000,1580.000,20.00,124927
1585.000,1585.000,20.00,125081
1590.000,1590.000,20.00,121421
1595.000,1595.000,20.00,121584
1600.000,1600.000,20.00,111164
1605.000,1605.000,20.00,122968
1610.000,1610.000,20.00,123292
1615.000,1615.000,20.00,117042
1620.000,1620.000,20.00,121923
1625.000,1625.000,20.00,123648
1630.000,1630.000,20.00,121226
1635.000,1635.000,20.00,122992
1640.000,1640.000,20.00,123125
1645.000,1645.000,20.00,121886
1650.000,1650.000,20.00,120762
1655.000,1655.000,20.00,124157
1660.000,1660.000,20.00,121088
1665.000,1665.000,20.00,123251
1670.000,1670.000,20.00,119925
1675.000,1675.000,20.00,119969
1680.000,1680.000,20.00,120154
1685.000,1685.000,20.00,106663
1690.000,1690.000,20.00,77492
1695.000,1695.000,20.00,100160
1700.000,1700.000,20.00,118889
1705.000,1705.000,20.00,118460
1710.000,1710.000,20.00,123156
1715.000,1715.000,20.00,122974
1720.000,1720.000,20.00,124429
1725.000,1725.000,20.00,121786
1730.000,1730.000,20.00,120318
1735.000,1735.000,20.00,122468
1740.000,1740.000,20.00,122433
1745.000,1745.000,20.00,119750
1750.000,1750.000,20.00,123277
1755.000,1755.000,20.00,119418
1760.000,1760.000,20.00,112556
1765.000,1765.000,20.00,118395
1770.000,1770.000,20.00,114574
1775.000,1775.000,20.00,115176
1780.000,1780.000,20.00,112832
1785.000,1785.000,20.00,112462
1790.000,1790.000,20.00,109146
1795.000,1795.000,20.00,115131
1800.000,1800.000,20.00,115210
1805.000,1805.000,20.00,120116
1810.000,1810.000,20.00,121388
1815.000,1815.000,20.00,124105
1820.000,1820.000,20.00,120776
1825.000,1825.000,20.00,123628
1830.000,1830.000,20.00,125152
1835.000,1835.000,20.00,124676
1840.000,1840.000,20.00,125061
1845.000,1845.000,20.00,124828
1850.000,1850.000,20.00,125193
1855.000,1855.000,20.00,123669
1860.000,1860.000,20.00,124728
1865.000,1865.000,20.00,123226
1870.000,1870.000,20.00,121190
1875.000,1875.000,20.00,124916
1880.000,1880.000,20.00,124850
1885.000,1885.000,20.00,125029
1890.000,1890.000,20.00,125145
1895.000,1895.000,20.00,125172
1900.000,1900.000,20.00,125164
1905.000,1905.000,20.00,124443
1910.000,1910.000,20.00,125612
1915.000,1915.000,20.00,125062
1920.000,1920.000,20.00,125230
1925.000,1925.000,20.00,125278
1930.000,1930.000,20.00,125202
1935.000,1935.000,20.00,125223
1940.000,1940.000,20.00,125201
1945.000,1945.000,20.00,113855
1950.000,1950.000,20.00,125165
1955.000,1955.000,20.00,125077
1960.000,1960.000,20.00,125194
1965.000,1965.000,20.00,125070
1970.000,1970.000,20.00,125078
1975.000,1975.000,20.00,124925
1980.000,1980.000,20.00,125012
1985.000,1985.000,20.00,124961
1990.000,1990.000,20.00,111107
1995.000,1995.000,20.00,124872
2000.000,2000.000,20.00,125274
2005.000,2005.000,20.00,124929
2010.000,2010.000,20.00,124986
2015.000,2015.000,20.00,124904
2020.000,2020.000,20.00,124455
2025.000,2025.000,20.00,124493
2030.000,2030.000,20.00,124888
2035.000,2035.000,20.00,125010
2040.000,2040.000,20.00,125058
2045.000,2045.000,20.00,106231
2050.000,2050.000,20.00,127811
2055.000,2055.000,20.00,113092
2060.000,2060.000,20.00,124992
2065.000,2065.000,20.00,124643
2070.000,2070.000,20.00,124616
2075.000,2075.000,20.00,125189
2080.000,2080.000,20.00,124969
2085.000,2085.000,20.00,125155
2090.000,2090.000,20.00,125028
2095.000,2095.000,20.00,125135
2100.000,2100.000,20.00,124892
2105.000,2105.000,20.00,123962
2110.000,2110.000,20.00,124784
2115.000,2115.000,20.00,123650
2120.000,2120.000,20.00,125115
2125.000,2125.000,20.00,123926
2130.000,2130.000,20.00,121732
2135.000,2135.000,20.00,122936
2140.000,2140.000,20.00,124628
2145.000,2145.000,20.00,121630
2150.000,2150.000,20.00,123248
2155.000,2155.000,20.00,119903
2160.000,2160.000,20.00,120763
2165.000,2165.000,20.00,124127
2170.000,2170.000,20.00,119668
2175.000,2175.000,20.00,123143
2180.000,2180.000,20.00,122199
2185.000,2185.000,20.00,119553
2190.000,2190.000,20.00,121598
2195.000,2195.000,20.00,123754
2200.000,2200.000,20.00,123306
2205.000,2205.000,20.00,121157
2210.000,2210.000,20.00,117447
2215.000,2215.000,20.00,119457
2220.000,2220.000,20.00,122430
2225.000,2225.000,20.00,121499
2230.000,2230.000,20.00,122096
2235.000,2235.000,20.00,117925
2240.000,2240.000,20.00,123331
2245.000,2245.000,20.00,122309
2250.000,2250.000,20.00,122425
2255.000,2255.000,20.00,121258
2260.000,2260.000,20.00,123347
2265.000,2265.000,20.00,117894
2270.000,2270.000,20.00,125259
2275.000,2275.000,20.00,123448
2280.000,2280.000,20.00,111271
2285.000,2285.000,20.00,121454
2290.000,2290.000,20.00,120292
2295.000,2295.000,20.00,113280
2300.000,2300.000,20.00,116624
2305.000,2305.000,20.00,117971
2310.000,2310.000,20.00,124375
2315.000,2315.000,20.00,114069
2320.000,2320.000,20.00,124013
2325.000,2325.000,20.00,98916
2330.000,2330.000,20.00,111051
2335.000,2335.000,20.00,122354
2340.000,2340.000,20.00,117194
2345.000,2345.000,20.00,118007
2350.000,2350.000,20.00,121649
2355.000,2355.000,20.00,117365
2360.000,2360.000,20.00,119228
2365.000,2365.000,20.00,118357
2370.000,2370.000,20.00,117291
2375.000,2375.000,20.00,124016
2380.000,2380.000,20.00,124808
2385.000,2385.000,20.00,122600
2390.000,2390.000,20.00,124821
2395.000,2395.000,20.00,121131
2400.000,2400.000,20.00,120652
2405.000,2405.000,20.00,125094
2410.000,2410.000,20.00,122701
2415.000,2415.000,20.00,121278
2420.000,2420.000,20.00,122133
2425.000,2425.000,20.00,124208
2430.000,2430.000,20.00,124482
2435.000,2435.000,20.00,123152
2440.000,2440.000,20.00,124586
2445.000,2445.000,20.00,123891
2450.000,2450.000,20.00,122762
2455.000,2455.000,20.00,124188
2460.000,2460.000,20.00,125062
2465.000,2465.000,20.00,124890
2470.000,2470.000,20.00,125058
2475.000,2475.000,20.00,124876
2480.000,2480.000,20.00,125142
2485.000,2485.000,20.00,125146
2490.000,2490.000,20.00,90639
2495.000,2495.000,20.00,118889
2500.000,2500.000,20.00,125235
2505.000,2505.000,20.00,125219
2510.000,2510.000,20.00,125193
2515.000,2515.000,20.00,125218
2520.000,2520.000,20.00,125140
2525.000,2525.000,20.00,125175
2530.000,2530.000,20.00,125175
2535.000,2535.000,20.00,125182
2540.000,2540.000,20.00,125152
2545.000,2545.000,20.00,125150
2550.000,2550.000,20.00,125129
2555.000,2555.000,20.00,125109
2560.000,2560.000,20.00,125156
2565.000,2565.000,20.00,125298
2570.000,2570.000,20.00,125191
2575.000,2575.000,20.00,125211
2580.000,2580.000,20.00,125244
2585.000,2585.000,20.00,124522
2590.000,2590.000,20.00,125239
2595.000,2595.000,20.00,122846
2600.000,2600.000,20.00,125894
2605.000,2605.000,20.00,122489
2610.000,2610.000,20.00,94444
2615.000,2615.000,20.00,98699
2620.000,2620.000,20.00,123532
2625.000,2625.000,20.00,125099
2630.000,2630.000,20.00,125166
2635.000,2635.000,20.00,125169
2640.000,2640.000,20.00,124348
2645.000,2645.000,20.00,124883
2650.000,2650.000,20.00,125107
2655.000,2655.000,20.00,125077
2660.000,2660.000,20.00,125141
2665.000,2665.000,20.00,124899
2670.000,2670.000,20.00,120673
2675.000,2675.000,20.00,122061
2680.000,2680.000,20.00,123297
2685.000,2685.000,20.00,121934
2690.000,2690.000,20.00,123853
2695.000,2695.000,20.00,123241
2700.000,2700.000,20.00,124612
2705.000,2705.000,20.00,124838
2710.000,2710.000,20.00,122641
2715.000,2715.000,20.00,124997
2720.000,2720.000,20.00,121823
2725.000,2725.000,20.00,122197
2730.000,2730.000,20.00,124023
2735.000,2735.000,20.00,124834
2740.000,2740.000,20.00,124416
2745.000,2745.000,20.00,123798
2750.000,2750.000,20.00,124546
2755.000,2755.000,20.00,124455
2760.000,2760.000,20.00,101542
2765.000,2765.000,20.00,107988
2770.000,2770.000,20.00,108280
2775.000,2775.000,20.00,109828
2780.000,2780.000,20.00,110059
2785.000,2785.000,20.00,107493
2790.000,2790.000,20.00,115588
2795.000,2795.000,20.00,109146
2800.000,2800.000,20.00,121267
2805.000,2805.000,20.00,122155
2810.000,2810.000,20.00,122380
2815.000,2815.000,20.00,120444
2820.000,2820.000,20.00,120950
2825.000,2825.000,20.00,122842
2830.000,2830.000,20.00,121677
2835.000,2835.000,20.00,119146
2840.000,2840.000,20.00,121278
2845.000,2845.000,20.00,121709
2850.000,2850.000,20.00,113675
2855.000,2855.000,20.00,116801
2860.000,2860.000,20.00,117464
2865.000,2865.000,20.00,119657
2870.000,2870.000,20.00,122528
2875.000,2875.000,20.00,121301
2880.000,2880.000,20.00,112400
2885.000,2885.000,20.00,117105
2890.000,2890.000,20.00,112083
2895.000,2895.000,20.00,112511
2900.000,2900.000,20.00,113147
2905.000,2905.000,20.00,113416
2910.000,2910.000,20.00,105701
2915.000,2915.000,20.00,102498
2920.000,2920.000,20.00,102489
2925.000,2925.000,20.00,103104
2930.000,2930.000,20.00,101116
2935.000,2935.000,20.00,104743
2940.000,2940.000,20.00,100998
2945.000,2945.000,20.00,105706
2950.000,2950.000,20.00,92181
2955.000,2955.000,20.00,100744
2960.000,2960.000,20.00,105516
2965.000,2965.000,20.00,95654
2970.000,2970.000,20.00,114733
2975.000,2975.000,20.00,119228
2980.000,2980.000,20.00,121488
2985.000,2985.000,20.00,119629
2990.000,2990.000,20.00,116933
2995.000,2995.000,20.00,120830
3000.000,3000.000,20.00,98946
3005.000,3005.000,20.00,98328
3010.000,3010.000,20.00,99042
3015.000,3015.000,20.00,102060
3020.000,3020.000,20.00,96804
3025.000,3025.000,20.00,97898
3030.000,3030.000,20.00,124454
3035.000,3035.000,20.00,123422
3040.000,3040.000,20.00,125121
3045.000,3045.000,20.00,124965
3050.000,3050.000,20.00,121243
3055.000,3055.000,20.00,124092
3060.000,3060.000,20.00,124783
3065.000,3065.000,20.00,123739
3070.000,3070.000,20.00,124680
3075.000,3075.000,20.00,122952
3080.000,3080.000,20.00,124031
3085.000,3085.000,20.00,123820
3090.000,3090.000,20.00,125135
3095.000,3095.000,20.00,125114
3100.000,3100.000,20.00,124854
3105.000,3105.000,20.00,124717
3110.000,3110.000,20.00,125176
3115.000,3115.000,20.00,125182
3120.000,3120.000,20.00,125443
3125.000,3125.000,20.00,125245
3130.000,3130.000,20.00,125212
3135.000,3135.000,20.00,125233
3140.000,3140.000,20.00,125154
3145.000,3145.000,20.00,125220
3150.000,3150.000,20.00,125149
3155.000,3155.000,20.00,125178
3160.000,3160.000,20.00,125161
3165.000,3165.000,20.00,125144
3170.000,3170.000,20.00,125135
3175.000,3175.000,20.00,125132
3180.000,3180.000,20.00,125169
3185.000,3185.000,20.00,125103
3190.000,3190.000,20.00,124980
3195.000,3195.000,20.00,125148
3200.000,3200.000,20.00,124905
3205.000,3205.000,20.00,125067
3210.000,3210.000,20.00,98378
3215.000,3215.000,20.00,123070
3220.000,3220.000,20.00,121253
3225.000,3225.000,20.00,124227
3230.000,3230.000,20.00,122932
3235.000,3235.000,20.00,124593
3240.000,3240.000,20.00,122478
3245.000,3245.000,20.00,121913
3250.000,3250.000,20.00,123333
3255.000,3255.000,20.00,120838
3260.000,3260.000,20.00,124189
3265.000,3265.000,20.00,124351
3270.000,3270.000,20.00,98020
3275.000,3275.000,20.00,97368
3280.000,3280.000,20.00,121231
3285.000,3285.000,20.00,125226
3290.000,3290.000,20.00,125078
3295.000,3295.000,20.00,125217
3300.000,3300.000,20.00,124790
3305.000,3305.000,20.00,123178
3310.000,3310.000,20.00,125046
3315.000,3315.000,20.00,124515
3320.000,3320.000,20.00,124330
3325.000,3325.000,20.00,123156
3330.000,3330.000,20.00,124678
3335.000,3335.000,20.00,121207
3340.000,3340.000,20.00,124457
3345.000,3345.000,20.00,122725
3350.000,3350.000,20.00,121247
3355.000,3355.000,20.00,122975
3360.000,3360.000,20.00,122995
3365.000,3365.000,20.00,124947
3370.000,3370.000,20.00,108037
3375.000,3375.000,20.00,112130
3380.000,3380.000,20.00,123265
3385.000,3385.000,20.00,116902
3390.000,3390.000,20.00,124071
3395.000,3395.000,20.00,121296
3400.000,3400.000,20.00,122046
3405.000,3405.000,20.00,120434
3410.000,3410.000,20.00,124385
3415.000,3415.000,20.00,123981
3420.000,3420.000,20.00,75504
3425.000,3425.000,20.00,71983
3430.000,3430.000,20.00,70907
3435.000,3435.000,20.00,73233
3440.000,3440.000,20.00,76522
3445.000,3445.000,20.00,77408
3450.000,3450.000,20.00,77172
3455.000,3455.000,20.00,77125
3460.000,3460.000,20.00,79602
3465.000,3465.000,20.00,74912
3470.000,3470.000,20.00,78845
3475.000,3475.000,20.00,77962
3480.000,3480.000,20.00,122191
3485.000,3485.000,20.00,122746
3490.000,3490.000,20.00,119566
3495.000,3495.000,20.00,120728
3500.000,3500.000,20.00,115808
3505.000,3505.000,20.00,121626
3510.000,3510.000,20.00,113319
3515.000,3515.000,20.00,113602
3520.000,3520.000,20.00,121045
3525.000,3525.000,20.00,116820
3530.000,3530.000,20.00,116842
3535.000,3535.000,20.00,109069
3540.000,3540.000,20.00,113086
3545.000,3545.000,20.00,112880
3550.000,3550.000,20.00,120605
3555.000,3555.000,20.00,116544
3560.000,3560.000,20.00,117812
3565.000,3565.000,20.00,114733
3570.000,3570.000,20.00,117268
3575.000,3575.000,20.00,118154
3580.000,3580.000,20.00,112795
3585.000,3585.000,20.00,109074
3590.000,3590.000,20.00,101224
3595.000,3595.000,20.00,94120
3600.000,3600.000,20.00,110806
3605.000,3605.000,20.00,120734
3610.000,3610.000,20.00,124122
3615.000,3615.000,20.00,122954
3620.000,3620.000,20.00,123578
3625.000,3625.000,20.00,122403
3630.000,3630.000,20.00,122091
3635.000,3635.000,20.00,124631
3640.000,3640.000,20.00,121395
3645.000,3645.000,20.00,124812
3650.000,3650.000,20.00,123742
3655.000,3655.000,20.00,123107
3660.000,3660.000,20.00,125150
3665.000,3665.000,20.00,124939
3670.000,3670.000,20.00,125183
3675.000,3675.000,20.00,125179
3680.000,3680.000,20.00,125128
3685.000,3685.000,20.00,125114
3690.000,3690.000,20.00,125074
3695.000,3695.000,20.00,125122
3700.000,3700.000,20.00,125076
3705.000,3705.000,20.00,125161
3710.000,3710.000,20.00,125145
3715.000,3715.000,20.00,125108
3720.000,3720.000,20.00,125167
3725.000,3725.000,20.00,125169
3730.000,3730.000,20.00,125169
3735.000,3735.000,20.00,125186
3740.000,3740.000,20.00,125104
3745.000,3745.000,20.00,125157
3750.000,3750.000,20.00,125183
3755.000,3755.000,20.00,124375
3760.000,3760.000,20.00,124891
3765.000,3765.000,20.00,124945
3770.000,3770.000,20.00,125156
3775.000,3775.000,20.00,124929
3780.000,3780.000,20.00,83252
3785.000,3785.000,20.00,117130
3790.000,3790.000,20.00,124690
3795.000,3795.000,20.00,124897
3800.000,3800.000,20.00,124649
3805.000,3805.000,20.00,122564
3810.000,3810.000,20.00,124977
3815.000,3815.000,20.00,124228
3820.000,3820.000,20.00,123534
3825.000,3825.000,20.00,124983
3830.000,3830.000,20.00,124966
3835.000,3835.000,20.00,124682
3840.000,3840.000,20.00,105623
3845.000,3845.000,20.00,115608
3850.000,3850.000,20.00,123305
3855.000,3855.000,20.00,119964
3860.000,3860.000,20.00,123240
3865.000,3865.000,20.00,123212
3870.000,3870.000,20.00,120442
3875.000,3875.000,20.00,124221
3880.000,3880.000,20.00,121647
3885.000,3885.000,20.00,123790
3890.000,3890.000,20.00,124240
3895.000,3895.000,20.00,120606
3900.000,3900.000,20.00,121669
3905.000,3905.000,20.00,122822
3910.000,3910.000,20.00,123580
3915.000,3915.000,20.00,120952
3920.000,3920.000,20.00,121525
3925.000,3925.000,20.00,121478
3930.000,3930.000,20.00,113088
3935.000,3935.000,20.00,119627
3940.000,3940.000,20.00,116837
3945.000,3945.000,20.00,85373
3950.000,3950.000,20.00,84374
3955.000,3955.000,20.00,109122
3960.000,3960.000,20.00,119297
3965.000,3965.000,20.00,117387
3970.000,3970.000,20.00,115269
3975.000,3975.000,20.00,109031
3980.000,3980.000,20.00,118702
3985.000,3985.000,20.00,117072
3990.000,3990.000,20.00,124620
3995.000,3995.000,20.00,118928
4000.000,4000.000,20.00,123362
4005.000,4005.000,20.00,123225
4010.000,4010.000,20.00,119682
4015.000,4015.000,20.00,124096
4020.000,4020.000,20.00,111608
4025.000,4025.000,20.00,111597
4030.000,4030.000,20.00,111091
4035.000,4035.000,20.00,111732
4040.000,4040.000,20.00,110687
4045.000,4045.000,20.00,107943
4050.000,4050.000,20.00,114741
4055.000,4055.000,20.00,113291
4060.000,4060.000,20.00,117822
4065.000,4065.000,20.00,118057
4070.000,4070.000,20.00,112462
4075.000,4075.000,20.00,118145
4080.000,4080.000,20.00,118963
4085.000,4085.000,20.00,123110
4090.000,4090.000,20.00,117510
4095.000,4095.000,20.00,114926
4100.000,4100.000,20.00,123004
4105.000,4105.000,20.00,115050
4110.000,4110.000,20.00,122576
4115.000,4115.000,20.00,123210
4120.000,4120.000,20.00,123160
4125.000,4125.000,20.00,122577
4130.000,4130.000,20.00,120395
4135.000,4135.000,20.00,121339
4140.000,4140.000,20.00,125058
4145.000,4145.000,20.00,125188
4150.000,4150.000,20.00,125004
4155.000,4155.000,20.00,124979
4160.000,4160.000,20.00,125209
4165.000,4165.000,20.00,125146
4170.000,4170.000,20.00,125114
4175.000,4175.000,20.00,125168
4180.000,4180.000,20.00,125025
4185.000,4185.000,20.00,125160
4190.000,4190.000,20.00,125124
4195.000,4195.000,20.00,124806
4200.000,4200.000,20.00,125186
4205.000,4205.000,20.00,125023
4210.000,4210.000,20.00,124752
4215.000,4215.000,20.00,124954
4220.000,4220.000,20.00,125100
4225.000,4225.000,20.00,125138
4230.000,4230.000,20.00,125223
4235.000,4235.000,20.00,125218
4240.000,4240.000,20.00,125116
4245.000,4245.000,20.00,125180
4250.000,4250.000,20.00,125184
4255.000,4255.000,20.00,125149
4260.000,4260.000,20.00,124727
4265.000,4265.000,20.00,124109
4270.000,4270.000,20.00,124987
4275.000,4275.000,20.00,124732
4280.000,4280.000,20.00,124711
4285.000,4285.000,20.00,124192
4290.000,4290.000,20.00,124841
4295.000,4295.000,20.00,120184
4300.000,4300.000,20.00,124282
4305.000,4305.000,20.00,124589
4310.000,4310.000,20.00,124543
4315.000,4315.000,20.00,124436
4320.000,4320.000,20.00,116843
4325.000,4325.000,20.00,119438
4330.000,4330.000,20.00,119542
4335.000,4335.000,20.00,121100
4340.000,4340.000,20.00,121868
4345.000,4345.000,20.00,121157
4350.000,4350.000,20.00,123340
4355.000,4355.000,20.00,123257
4360.000,4360.000,20.00,115345
4365.000,4365.000,20.00,120097
4370.000,4370.000,20.00,110939
4375.000,4375.000,20.00,112996
4380.000,4380.000,20.00,123483
4385.000,4385.000,20.00,120713
4390.000,4390.000,20.00,118411
4395.000,4395.000,20.00,117400
4400.000,4400.000,20.00,120098
4405.000,4405.000,20.00,120363
4410.000,4410.000,20.00,115171
4415.000,4415.000,20.00,120012
4420.000,4420.000,20.00,117499
4425.000,4425.000,20.00,120133
4430.000,4430.000,20.00,116186
4435.000,4435.000,20.00,114919
4440.000,4440.000,20.00,118467
4445.000,4445.000,20.00,124506
4450.000,4450.000,20.00,118882
4455.000,4455.000,20.00,121948
4460.000,4460.000,20.00,117905
4465.000,4465.000,20.00,121551
4470.000,4470.000,20.00,124168
4475.000,4475.000,20.00,120055
4480.000,4480.000,20.00,122818
4485.000,4485.000,20.00,123182
4490.000,4490.000,20.00,123524
4495.000,4495.000,20.00,122902
4500.000,4500.000,20.00,119590
4505.000,4505.000,20.00,112976
4510.000,4510.000,20.00,111209
4515.000,4515.000,20.00,112783
4520.000,4520.000,20.00,116417
4525.000,4525.000,20.00,103910
4530.000,4530.000,20.00,115744
4535.000,4535.000,20.00,117640
4540.000,4540.000,20.00,112808
4545.000,4545.000,20.00,109534
4550.000,4550.000,20.00,109967
4555.000,4555.000,20.00,111625
4560.000,4560.000,20.00,110335
4565.000,4565.000,20.00,112535
4570.000,4570.000,20.00,111502
4575.000,4575.000,20.00,107242
4580.000,4580.000,20.00,105184
4585.000,4585.000,20.00,110830
4590.000,4590.000,20.00,94229
4595.000,4595.000,20.00,119268
4600.000,4600.000,20.00,122377
4605.000,4605.000,20.00,120159
4610.000,4610.000,20.00,123075
4615.000,4615.000,20.00,124308
4620.000,4620.000,20.00,117309
4625.000,4625.000,20.00,118580
4630.000,4630.000,20.00,116321
4635.000,4635.000,20.00,121461
4640.000,4640.000,20.00,116541
4645.000,4645.000,20.00,94847
4650.000,4650.000,20.00,123205
4655.000,4655.000,20.00,123411
4660.000,4660.000,20.00,123356
4665.000,4665.000,20.00,118277
4670.000,4670.000,20.00,119820
4675.000,4675.000,20.00,104731
4680.000,4680.000,20.00,124553
4685.000,4685.000,20.00,124989
4690.000,4690.000,20.00,125032
4695.000,4695.000,20.00,124752
4700.000,4700.000,20.00,124881
4705.000,4705.000,20.00,124990
4710.000,4710.000,20.00,125053
4715.000,4715.000,20.00,124674
4720.000,4720.000,20.00,124761
4725.000,4725.000,20.00,91266
4730.000,4730.000,20.00,118618
4735.000,4735.000,20.00,121058
4740.000,4740.000,20.00,125167
4745.000,4745.000,20.00,125180
4750.000,4750.000,20.00,125147
4755.000,4755.000,20.00,125139
4760.000,4760.000,20.00,125089
4765.000,4765.000,20.00,125061
4770.000,4770.000,20.00,125111
4775.000,4775.000,20.00,124952
4780.000,4780.000,20.00,125122
4785.000,4785.000,20.00,125111
4790.000,4790.000,20.00,124999
4795.000,4795.000,20.00,125122
4800.000,4800.000,20.00,120860
4805.000,4805.000,20.00,85994
4810.000,4810.000,20.00,106652
4815.000,4815.000,20.00,120922
4820.000,4820.000,20.00,121619
4825.000,4825.000,20.00,122052
4830.000,4830.000,20.00,123980
4835.000,4835.000,20.00,123114
4840.000,4840.000,20.00,124537
4845.000,4845.000,20.00,122291
4850.000,4850.000,20.00,124895
4855.000,4855.000,20.00,123623
4860.000,4860.000,20.00,124310
4865.000,4865.000,20.00,125050
4870.000,4870.000,20.00,124892
4875.000,4875.000,20.00,124841
4880.000,4880.000,20.00,124438
4885.000,4885.000,20.00,125124
4890.000,4890.000,20.00,121145
4895.000,4895.000,20.00,117068
4900.000,4900.000,20.00,120045
4905.000,4905.000,20.00,117700
4910.000,4910.000,20.00,115256
4915.000,4915.000,20.00,118571
4920.000,4920.000,20.00,118198
4925.000,4925.000,20.00,119908
4930.000,4930.000,20.00,119491
4935.000,4935.000,20.00,119502
4940.000,4940.000,20.00,121845
4945.000,4945.000,20.00,119799
4950.000,4950.000,20.00,122534
4955.000,4955.000,20.00,124155
4960.000,4960.000,20.00,120797
4965.000,4965.000,20.00,106802
4970.000,4970.000,20.00,123691
4975.000,4975.000,20.00,124558
4980.000,4980.000,20.00,122386
4985.000,4985.000,20.00,123698
4990.000,4990.000,20.00,123840
4995.000,4995.000,20.00,107018
5000.000,5000.000,20.00,124869
5005.000,5005.000,20.00,124604
5010.000,5010.000,20.00,124596
5015.000,5015.000,20.00,122698
5020.000,5020.000,20.00,124580
5025.000,5025.000,20.00,124492
5030.000,5030.000,20.00,124435
5035.000,5035.000,20.00,124946
5040.000,5040.000,20.00,121997
5045.000,5045.000,20.00,124231
5050.000,5050.000,20.00,122924
5055.000,5055.000,20.00,124004
5060.000,5060.000,20.00,124148
5065.000,5065.000,20.00,124385
5070.000,5070.000,20.00,108096
5075.000,5075.000,20.00,109329
5080.000,5080.000,20.00,106931
5085.000,5085.000,20.00,113036
5090.000,5090.000,20.00,116592
5095.000,5095.000,20.00,116160
5100.000,5100.000,20.00,116455
5105.000,5105.000,20.00,115329
5110.000,5110.000,20.00,108316
5115.000,5115.000,20.00,120416
5120.000,5120.000,20.00,121381
5125.000,5125.000,20.00,121302
5130.000,5130.000,20.00,109714
5135.000,5135.000,20.00,114455
5140.000,5140.000,20.00,112213
5145.000,5145.000,20.00,109582
5150.000,5150.000,20.00,108663
5155.000,5155.000,20.00,108766
5160.000,5160.000,20.00,120155
5165.000,5165.000,20.00,125126
5170.000,5170.000,20.00,124084
5175.000,5175.000,20.00,121924
5180.000,5180.000,20.00,124688
5185.000,5185.000,20.00,122929
5190.000,5190.000,20.00,114682
5195.000,5195.000,20.00,84091
5200.000,5200.000,20.00,117016
5205.000,5205.000,20.00,123645
5210.000,5210.000,20.00,124913
5215.000,5215.000,20.00,125192
5220.000,5220.000,20.00,125159
5225.000,5225.000,20.00,125186
5230.000,5230.000,20.00,125201
5235.000,5235.000,20.00,125163
5240.000,5240.000,20.00,124852
5245.000,5245.000,20.00,125125
5250.000,5250.000,20.00,125155
5255.000,5255.000,20.00,125196
5260.000,5260.000,20.00,125166
5265.000,5265.000,20.00,125145
5270.000,5270.000,20.00,125134
5275.000,5275.000,20.00,125131
5280.000,5280.000,20.00,124971
5285.000,5285.000,20.00,125062
5290.000,5290.000,20.00,124794
5295.000,5295.000,20.00,125077
5300.000,5300.000,20.00,124819
5305.000,5305.000,20.00,125007
5310.000,5310.000,20.00,122493
5315.000,5315.000,20.00,123941
5320.000,5320.000,20.00,124770
5325.000,5325.000,20.00,124434
5330.000,5330.000,20.00,124098
5335.000,5335.000,20.00,123572
5340.000,5340.000,20.00,123172
5345.000,5345.000,20.00,123084
5350.000,5350.000,20.00,122681
5355.000,5355.000,20.00,122268
5360.000,5360.000,20.00,123154
5365.000,5365.000,20.00,122304
5370.000,5370.000,20.00,124617
5375.000,5375.000,20.00,122414
5380.000,5380.000,20.00,123001
5385.000,5385.000,20.00,121236
5390.000,5390.000,20.00,125154
5395.000,5395.000,20.00,109384
5400.000,5400.000,20.00,124664
5405.000,5405.000,20.00,125156
5410.000,5410.000,20.00,124995
5415.000,5415.000,20.00,124423
5420.000,5420.000,20.00,125175
5425.000,5425.000,20.00,124764
5430.000,5430.000,20.00,125078
5435.000,5435.000,20.00,124402
5440.000,5440.000,20.00,123455
5445.000,5445.000,20.00,122864
5450.000,5450.000,20.00,125046
5455.000,5455.000,20.00,121873
5460.000,5460.000,20.00,124106
5465.000,5465.000,20.00,125105
5470.000,5470.000,20.00,122997
5475.000,5475.000,20.00,124222
5480.000,5480.000,20.00,125066
5485.000,5485.000,20.00,124118
5490.000,5490.000,20.00,119452
5495.000,5495.000,20.00,120367
5500.000,5500.000,20.00,118845
5505.000,5505.000,20.00,118220
5510.000,5510.000,20.00,119429
5515.000,5515.000,20.00,118090
5520.000,5520.000,20.00,115436
5525.000,5525.000,20.00,117673
5530.000,5530.000,20.00,119818
5535.000,5535.000,20.00,120774
5540.000,5540.000,20.00,116877
5545.000,5545.000,20.00,118248
5550.000,5550.000,20.00,118517
5555.000,5555.000,20.00,108568
5560.000,5560.000,20.00,108587
5565.000,5565.000,20.00,113678
5570.000,5570.000,20.00,97969
5575.000,5575.000,20.00,111960
5580.000,5580.000,20.00,115585
5585.000,5585.000,20.00,82072
5590.000,5590.000,20.00,112772
5595.000,5595.000,20.00,116909
5600.000,5600.000,20.00,117188
5605.000,5605.000,20.00,113106
5610.000,5610.000,20.00,115551
5615.000,5615.000,20.00,117410
5620.000,5620.000,20.00,115274
5625.000,5625.000,20.00,116898
5630.000,5630.000,20.00,115914
5635.000,5635.000,20.00,113065
5640.000,5640.000,20.00,122692
5645.000,5645.000,20.00,123516
5650.000,5650.000,20.00,123404
5655.000,5655.000,20.00,120262
5660.000,5660.000,20.00,124055
5665.000,5665.000,20.00,122580
5670.000,5670.000,20.00,123056
5675.000,5675.000,20.00,123527
5680.000,5680.000,20.00,123805
5685.000,5685.000,20.00,123133
5690.000,5690.000,20.00,123454
5695.000,5695.000,20.00,123553
5700.000,5700.000,20.00,123080
5705.000,5705.000,20.00,123492
5710.000,5710.000,20.00,123356
5715.000,5715.000,20.00,123590
5720.000,5720.000,20.00,123729
5725.000,5725.000,20.00,122424
5730.000,5730.000,20.00,125058
5735.000,5735.000,20.00,125016
5740.000,5740.000,20.00,124587
5745.000,5745.000,20.00,124962
5750.000,5750.000,20.00,125092
5755.000,5755.000,20.00,124868
5760.000,5760.000,20.00,91531
5765.000,5765.000,20.00,119302
5770.000,5770.000,20.00,119952
5775.000,5775.000,20.00,122322
5780.000,5780.000,20.00,122704
5785.000,5785.000,20.00,124732
5790.000,5790.000,20.00,125107
5795.000,5795.000,20.00,125163
5800.000,5800.000,20.00,124316
5805.000,5805.000,20.00,124899
5810.000,5810.000,20.00,125005
5815.000,5815.000,20.00,125098
5820.000,5820.000,20.00,105903
5825.000,5825.000,20.00,90106
5830.000,5830.000,20.00,117494
5835.000,5835.000,20.00,122329
5840.000,5840.000,20.00,124132
5845.000,5845.000,20.00,110259
5850.000,5850.000,20.00,122279
5855.000,5855.000,20.00,122195
5860.000,5860.000,20.00,118415
5865.000,5865.000,20.00,123506
5870.000,5870.000,20.00,122358
5875.000,5875.000,20.00,121843
5880.000,5880.000,20.00,94042
5885.000,5885.000,20.00,119365
5890.000,5890.000,20.00,120991
5895.000,5895.000,20.00,118750
5900.000,5900.000,20.00,121235
5905.000,5905.000,20.00,124324
5910.000,5910.000,20.00,124231
5915.000,5915.000,20.00,124040
5920.000,5920.000,20.00,124762
5925.000,5925.000,20.00,123608
5930.000,5930.000,20.00,121309
5935.000,5935.000,20.00,124701
5940.000,5940.000,20.00,120909
5945.000,5945.000,20.00,103189
5950.000,5950.000,20.00,114997
5955.000,5955.000,20.00,119692
5960.000,5960.000,20.00,106932
5965.000,5965.000,20.00,102174
5970.000,5970.000,20.00,123664
5975.000,5975.000,20.00,124868
5980.000,5980.000,20.00,76733
5985.000,5985.000,20.00,106118
5990.000,5990.000,20.00,121773
5995.000,5995.000,20.00,121376
6000.000,6000.000,20.00,122949
6005.000,6005.000,20.00,124847
6010.000,6010.000,20.00,123348
6015.000,6015.000,20.00,123784
6020.000,6020.000,20.00,124324
6025.000,6025.000,20.00,124022
6030.000,6030.000,20.00,119342
6035.000,6035.000,20.00,120450
6040.000,6040.000,20.00,121150
6045.000,6045.000,20.00,116596
6050.000,6050.000,20.00,118989
6055.000,6055.000,20.00,123965
6060.000,6060.000,20.00,110527
6065.000,6065.000,20.00,114547
6070.000,6070.000,20.00,115308
6075.000,6075.000,20.00,115637
6080.000,6080.000,20.00,92947
6085.000,6085.000,20.00,103087
6090.000,6090.000,20.00,113267
6095.000,6095.000,20.00,111419
6100.000,6100.000,20.00,118708
6105.000,6105.000,20.00,112871
6110.000,6110.000,20.00,111693
6115.000,6115.000,20.00,117519
6120.000,6120.000,20.00,116097
6125.000,6125.000,20.00,114874
6130.000,6130.000,20.00,117233
6135.000,6135.000,20.00,117286
6140.000,6140.000,20.00,116375
6145.000,6145.000,20.00,119619
6150.000,6150.000,20.00,104933
6155.000,6155.000,20.00,109306
6160.000,6160.000,20.00,114984
6165.000,6165.000,20.00,112337
6170.000,6170.000,20.00,103579
6175.000,6175.000,20.00,110562
6180.000,6180.000,20.00,122375
6185.000,6185.000,20.00,118517
6190.000,6190.000,20.00,119476
6195.000,6195.000,20.00,124579
6200.000,6200.000,20.00,123809
6205.000,6205.000,20.00,122884
6210.000,6210.000,20.00,125053
6215.000,6215.000,20.00,125153
6220.000,6220.000,20.00,125105
6225.000,6225.000,20.00,125153
6230.000,6230.000,20.00,125060
6235.000,6235.000,20.00,125143
6240.000,6240.000,20.00,75163
6245.000,6245.000,20.00,111216
6250.000,6250.000,20.00,122205
6255.000,6255.000,20.00,124360
6260.000,6260.000,20.00,122462
6265.000,6265.000,20.00,116839
6270.000,6270.000,20.00,125068
6275.000,6275.000,20.00,125161
6280.000,6280.000,20.00,125082
6285.000,6285.000,20.00,125155
6290.000,6290.000,20.00,124890
6295.000,6295.000,20.00,125165
6300.000,6300.000,20.00,125165
6305.000,6305.000,20.00,125169
6310.000,6310.000,20.00,125158
6315.000,6315.000,20.00,124850
6320.000,6320.000,20.00,124951
6325.000,6325.000,20.00,125056
6330.000,6330.000,20.00,124477
6335.000,6335.000,20.00,123489
6340.000,6340.000,20.00,124087
6345.000,6345.000,20.00,123717
6350.000,6350.000,20.00,124384
6355.000,6355.000,20.00,124408
6360.000,6360.000,20.00,124322
6365.000,6365.000,20.00,124029
6370.000,6370.000,20.00,121705
6375.000,6375.000,20.00,123108
6380.000,6380.000,20.00,123706
6385.000,6385.000,20.00,124481
6390.000,6390.000,20.00,106435
6395.000,6395.000,20.00,81239
6400.000,6400.000,20.00,111638
6405.000,6405.000,20.00,120949
6410.000,6410.000,20.00,121528
6415.000,6415.000,20.00,124590
6420.000,6420.000,20.00,124691
6425.000,6425.000,20.00,124448
6430.000,6430.000,20.00,123344
6435.000,6435.000,20.00,123684
6440.000,6440.000,20.00,124206
6445.000,6445.000,20.00,120774
6450.000,6450.000,20.00,123386
6455.000,6455.000,20.00,122954
6460.000,6460.000,20.00,124017
6465.000,6465.000,20.00,121236
6470.000,6470.000,20.00,124354
6475.000,6475.000,20.00,125080
6480.000,6480.000,20.00,125115
6485.000,6485.000,20.00,124822
6490.000,6490.000,20.00,125152
6495.000,6495.000,20.00,123559
6500.000,6500.000,20.00,125062
6505.000,6505.000,20.00,125124
6510.000,6510.000,20.00,97531
6515.000,6515.000,20.00,120119
6520.000,6520.000,20.00,120468
6525.000,6525.000,20.00,124899
6530.000,6530.000,20.00,124816
6535.000,6535.000,20.00,120069
6540.000,6540.000,20.00,124128
6545.000,6545.000,20.00,125012
6550.000,6550.000,20.00,124752
6555.000,6555.000,20.00,124471
6560.000,6560.000,20.00,124983
6565.000,6565.000,20.00,124412
6570.000,6570.000,20.00,85091
6575.000,6575.000,20.00,106891
6580.000,6580.000,20.00,120238
6585.000,6585.000,20.00,120670
6590.000,6590.000,20.00,121507
6595.000,6595.000,20.00,122132
6600.000,6600.000,20.00,114191
6605.000,6605.000,20.00,119923
6610.000,6610.000,20.00,124507
6615.000,6615.000,20.00,123681
6620.000,6620.000,20.00,123961
6625.000,6625.000,20.00,110764
6630.000,6630.000,20.00,124616
6635.000,6635.000,20.00,115166
6640.000,6640.000,20.00,124195
6645.000,6645.000,20.00,83414
6650.000,6650.000,20.00,111404
6655.000,6655.000,20.00,121202
6660.000,6660.000,20.00,124173
6665.000,6665.000,20.00,123422
6670.000,6670.000,20.00,123989
6675.000,6675.000,20.00,122566
6680.000,6680.000,20.00,124850
6685.000,6685.000,20.00,122039
6690.000,6690.000,20.00,119787
6695.000,6695.000,20.00,112530
6700.000,6700.000,20.00,122417
6705.000,6705.000,20.00,116981
6710.000,6710.000,20.00,116173
6715.000,6715.000,20.00,117493
6720.000,6720.000,20.00,123831
6725.000,6725.000,20.00,123425
6730.000,6730.000,20.00,122877
6735.000,6735.000,20.00,124170
6740.000,6740.000,20.00,125040
6745.000,6745.000,20.00,124877
6750.000,6750.000,20.00,125201
6755.000,6755.000,20.00,125194
6760.000,6760.000,20.00,125161
6765.000,6765.000,20.00,125150
6770.000,6770.000,20.00,125117
6775.000,6775.000,20.00,125107
6780.000,6780.000,20.00,123876
6785.000,6785.000,20.00,124566
6790.000,6790.000,20.00,123867
6795.000,6795.000,20.00,124919
6800.000,6800.000,20.00,124220
6805.000,6805.000,20.00,124436
6810.000,6810.000,20.00,124884
6815.000,6815.000,20.00,125099
6820.000,6820.000,20.00,124909
6825.000,6825.000,20.00,125123
6830.000,6830.000,20.00,125105
6835.000,6835.000,20.00,123991
6840.000,6840.000,20.00,123681
6845.000,6845.000,20.00,124783
6850.000,6850.000,20.00,108204
6855.000,6855.000,20.00,98958
6860.000,6860.000,20.00,120682
6865.000,6865.000,20.00,121028
6870.000,6870.000,20.00,121454
6875.000,6875.000,20.00,120561
6880.000,6880.000,20.00,121401
6885.000,6885.000,20.00,122241
6890.000,6890.000,20.00,121515
6895.000,6895.000,20.00,120355
6900.000,6900.000,20.00,124168
6905.000,6905.000,20.00,124487
6910.000,6910.000,20.00,123804
6915.000,6915.000,20.00,123839
6920.000,6920.000,20.00,124305
6925.000,6925.000,20.00,124107
6930.000,6930.000,20.00,124213
6935.000,6935.000,20.00,120302
6940.000,6940.000,20.00,122906
6945.000,6945.000,20.00,121526
6950.000,6950.000,20.00,119981
6955.000,6955.000,20.00,98100
6960.000,6960.000,20.00,123431
6965.000,6965.000,20.00,122279
6970.000,6970.000,20.00,124257
6975.000,6975.000,20.00,124051
6980.000,6980.000,20.00,122456
6985.000,6985.000,20.00,124102
6990.000,6990.000,20.00,124137
6995.000,6995.000,20.00,125160
7000.000,7000.000,20.00,124616
7005.000,7005.000,20.00,123977
7010.000,7010.000,20.00,124622
7015.000,7015.000,20.00,123047
7020.000,7020.000,20.00,124912
7025.000,7025.000,20.00,124267
7030.000,7030.000,20.00,124672
7035.000,7035.000,20.00,124152
7040.000,7040.000,20.00,123316
7045.000,7045.000,20.00,124998
7050.000,7050.000,20.00,124813
7055.000,7055.000,20.00,124656
7060.000,7060.000,20.00,124589
7065.000,7065.000,20.00,124513
7070.000,7070.000,20.00,123499
7075.000,7075.000,20.00,124629
7080.000,7080.000,20.00,119971
7085.000,7085.000,20.00,111720
7090.000,7090.000,20.00,117269
7095.000,7095.000,20.00,116021
7100.000,7100.000,20.00,119396
7105.000,7105.000,20.00,110184
7110.000,7110.000,20.00,109014
7115.000,7115.000,20.00,111590
7120.000,7120.000,20.00,117038
7125.000,7125.000,20.00,120955
7130.000,7130.000,20.00,114864
7135.000,7135.000,20.00,116272
7140.000,7140.000,20.00,113345
7145.000,7145.000,20.00,119313
7150.000,7150.000,20.00,116842
7155.000,7155.000,20.00,115621
7160.000,7160.000,20.00,117776
7165.000,7165.000,20.00,121247
7170.000,7170.000,20.00,121788
7175.000,7175.000,20.00,122473
7180.000,7180.000,20.00,124450
7185.000,7185.000,20.00,120671
7190.000,7190.000,20.00,123285
7195.000,7195.000,20.00,122917
7200.000,7200.000,20.00,125103
7205.000,7205.000,20.00,124975
7210.000,7210.000,20.00,125159
7215.000,7215.000,20.00,125063
7220.000,7220.000,20.00,125130
7225.000,7225.000,20.00,125123
7230.000,7230.000,20.00,117195
7235.000,7235.000,20.00,121794
7240.000,7240.000,20.00,124629
7245.000,7245.000,20.00,123957
7250.000,7250.000,20.00,124972
7255.000,7255.000,20.00,124948
7260.000,7260.000,20.00,125146
7265.000,7265.000,20.00,125168
7270.000,7270.000,20.00,125139
7275.000,7275.000,20.00,125151
7280.000,7280.000,20.00,125148
7285.000,7285.000,20.00,125131
7290.000,7290.000,20.00,125073
7295.000,7295.000,20.00,125149
7300.000,7300.000,20.00,125120
7305.000,7305.000,20.00,125126
7310.000,7310.000,20.00,125074
7315.000,7315.000,20.00,124872
7320.000,7320.000,20.00,124788
7325.000,7325.000,20.00,124047
7330.000,7330.000,20.00,124205
7335.000,7335.000,20.00,123662
7340.000,7340.000,20.00,124484
7345.000,7345.000,20.00,91589
7350.000,7350.000,20.00,124971
7355.000,7355.000,20.00,124391
7360.000,7360.000,20.00,125154
7365.000,7365.000,20.00,125119
7370.000,7370.000,20.00,125006
7375.000,7375.000,20.00,124727
7380.000,7380.000,20.00,124465
7385.000,7385.000,20.00,122523
7390.000,7390.000,20.00,123385
7395.000,7395.000,20.00,123579
7400.000,7400.000,20.00,124224
7405.000,7405.000,20.00,121319
7410.000,7410.000,20.00,119977
7415.000,7415.000,20.00,117663
7420.000,7420.000,20.00,120010
7425.000,7425.000,20.00,118815
7430.000,7430.000,20.00,117572
7435.000,7435.000,20.00,116837
7440.000,7440.000,20.00,125159
7445.000,7445.000,20.00,124412
7450.000,7450.000,20.00,123570
7455.000,7455.000,20.00,122275
7460.000,7460.000,20.00,125159
7465.000,7465.000,20.00,124555
7470.000,7470.000,20.00,125036
7475.000,7475.000,20.00,124704
7480.000,7480.000,20.00,124989
7485.000,7485.000,20.00,124824
7490.000,7490.000,20.00,125115
7495.000,7495.000,20.00,123062
7500.000,7500.000,20.00,124424
7505.000,7505.000,20.00,124828
7510.000,7510.000,20.00,123497
7515.000,7515.000,20.00,115494
7520.000,7520.000,20.00,122647
7525.000,7525.000,20.00,104723
7530.000,7530.000,20.00,124795
7535.000,7535.000,20.00,124056
7540.000,7540.000,20.00,123781
7545.000,7545.000,20.00,123834
7550.000,7550.000,20.00,123363
7555.000,7555.000,20.00,122544
7560.000,7560.000,20.00,114123
7565.000,7565.000,20.00,112847
7570.000,7570.000,20.00,121645
7575.000,7575.000,20.00,112140
7580.000,7580.000,20.00,111930
7585.000,7585.000,20.00,88470
7590.000,7590.000,20.00,123264
7595.000,7595.000,20.00,124545
7600.000,7600.000,20.00,124861
7605.000,7605.000,20.00,123872
7610.000,7610.000,20.00,124014
7615.000,7615.000,20.00,124401
7620.000,7620.000,20.00,91336
7625.000,7625.000,20.00,75548
7630.000,7630.000,20.00,79950
7635.000,7635.000,20.00,95166
7640.000,7640.000,20.00,110540
7645.000,7645.000,20.00,97415
7650.000,7650.000,20.00,114176
7655.000,7655.000,20.00,121297
7660.000,7660.000,20.00,111373
7665.000,7665.000,20.00,117220
7670.000,7670.000,20.00,120061
7675.000,7675.000,20.00,115746
7680.000,7680.000,20.00,110749
7685.000,7685.000,20.00,103626
7690.000,7690.000,20.00,109393
7695.000,7695.000,20.00,119897
7700.000,7700.000,20.00,113530
7705.000,7705.000,20.00,100644
7710.000,7710.000,20.00,124707
7715.000,7715.000,20.00,123610
7720.000,7720.000,20.00,124660
7725.000,7725.000,20.00,124048
7730.000,7730.000,20.00,124517
7735.000,7735.000,20.00,121152
7740.000,7740.000,20.00,120966
7745.000,7745.000,20.00,122320
7750.000,7750.000,20.00,124372
7755.000,7755.000,20.00,118053
7760.000,7760.000,20.00,122167
7765.000,7765.000,20.00,122565
7770.000,7770.000,20.00,125027
7775.000,7775.000,20.00,125188
7780.000,7780.000,20.00,125186
7785.000,7785.000,20.00,125136
7790.000,7790.000,20.00,125153
7795.000,7795.000,20.00,125109
7800.000,7800.000,20.00,108770
7805.000,7805.000,20.00,121333
7810.000,7810.000,20.00,123532
7815.000,7815.000,20.00,124086
7820.000,7820.000,20.00,118124
7825.000,7825.000,20.00,122680
7830.000,7830.000,20.00,125156
7835.000,7835.000,20.00,125160
7840.000,7840.000,20.00,125145
7845.000,7845.000,20.00,125121
7850.000,7850.000,20.00,125144
7855.000,7855.000,20.00,125116
7860.000,7860.000,20.00,125076
7865.000,7865.000,20.00,123972
7870.000,7870.000,20.00,124700
7875.000,7875.000,20.00,123848
7880.000,7880.000,20.00,122987
7885.000,7885.000,20.00,126630
7890.000,7890.000,20.00,85575
7895.000,7895.000,20.00,108831
7900.000,7900.000,20.00,120379
7905.000,7905.000,20.00,122332
7910.000,7910.000,20.00,122250
7915.000,7915.000,20.00,123998
7920.000,7920.000,20.00,122314
7925.000,7925.000,20.00,125122
7930.000,7930.000,20.00,123968
7935.000,7935.000,20.00,125056
7940.000,7940.000,20.00,125073
7945.000,7945.000,20.00,124506
7950.000,7950.000,20.00,121346
7955.000,7955.000,20.00,123024
7960.000,7960.000,20.00,123846
7965.000,7965.000,20.00,124450
7970.000,7970.000,20.00,124974
7975.000,7975.000,20.00,122282
7980.000,7980.000,20.00,111128
7985.000,7985.000,20.00,124827
7990.000,7990.000,20.00,123536
7995.000,7995.000,20.00,125020
8000.000,8000.000,20.00,123455
8005.000,8005.000,20.00,88242
8010.000,8010.000,20.00,125128
8015.000,8015.000,20.00,124283
8020.000,8020.000,20.00,124947
8025.000,8025.000,20.00,124381
8030.000,8030.000,20.00,124856
8035.000,8035.000,20.00,124270
8040.000,8040.000,20.00,124338
8045.000,8045.000,20.00,123238
8050.000,8050.000,20.00,124650
8055.000,8055.000,20.00,122062
8060.000,8060.000,20.00,124042
8065.000,8065.000,20.00,122746
8070.000,8070.000,20.00,78088
8075.000,8075.000,20.00,115850
8080.000,8080.000,20.00,123304
8085.000,8085.000,20.00,124295
8090.000,8090.000,20.00,123342
8095.000,8095.000,20.00,124259
8100.000,8100.000,20.00,124177
8105.000,8105.000,20.00,123450
8110.000,8110.000,20.00,124588
8115.000,8115.000,20.00,125117
8120.000,8120.000,20.00,125104
8125.000,8125.000,20.00,124496
8130.000,8130.000,20.00,76929
8135.000,8135.000,20.00,108668
8140.000,8140.000,20.00,119291
8145.000,8145.000,20.00,123350
8150.000,8150.000,20.00,121266
8155.000,8155.000,20.00,122652
8160.000,8160.000,20.00,123659
8165.000,8165.000,20.00,119205
8170.000,8170.000,20.00,119014
8175.000,8175.000,20.00,120857
8180.000,8180.000,20.00,124255
8185.000,8185.000,20.00,122867
8190.000,8190.000,20.00,120152
8195.000,8195.000,20.00,115519
8200.000,8200.000,20.00,119812
8205.000,8205.000,20.00,118580
8210.000,8210.000,20.00,122987
8215.000,8215.000,20.00,116347
8220.000,8220.000,20.00,116667
8225.000,8225.000,20.00,114889
8230.000,8230.000,20.00,116604
8235.000,8235.000,20.00,117222
8240.000,8240.000,20.00,121018
8245.000,8245.000,20.00,122726
8250.000,8250.000,20.00,112773
8255.000,8255.000,20.00,78889
8260.000,8260.000,20.00,105985
8265.000,8265.000,20.00,114906
8270.000,8270.000,20.00,120919
8275.000,8275.000,20.00,121414
8280.000,8280.000,20.00,52328
8285.000,8285.000,20.00,31133
8290.000,8290.000,20.00,47478
8295.000,8295.000,20.00,65615
8300.000,8300.000,20.00,42532
8305.000,8305.000,20.00,27232
8310.000,8310.000,20.00,125162
8315.000,8315.000,20.00,125175
8320.000,8320.000,20.00,125158
8325.000,8325.000,20.00,125121
8330.000,8330.000,20.00,125149
8335.000,8335.000,20.00,125140
8340.000,8340.000,20.00,113790
8345.000,8345.000,20.00,124109
8350.000,8350.000,20.00,124734
8355.000,8355.000,20.00,94632
8360.000,8360.000,20.00,118728
8365.000,8365.000,20.00,124778
8370.000,8370.000,20.00,125139
8375.000,8375.000,20.00,125167
8380.000,8380.000,20.00,125146
8385.000,8385.000,20.00,125127
8390.000,8390.000,20.00,125122
8395.000,8395.000,20.00,124919
8400.000,8400.000,20.00,125208
8405.000,8405.000,20.00,125157
8410.000,8410.000,20.00,125154
8415.000,8415.000,20.00,125131
8420.000,8420.000,20.00,125114
8425.000,8425.000,20.00,125082
8430.000,8430.000,20.00,121978
8435.000,8435.000,20.00,118468
8440.000,8440.000,20.00,110347
8445.000,8445.000,20.00,121040
8450.000,8450.000,20.00,121950
8455.000,8455.000,20.00,121088
8460.000,8460.000,20.00,125223
8465.000,8465.000,20.00,125243
8470.000,8470.000,20.00,124583
8475.000,8475.000,20.00,125219
8480.000,8480.000,20.00,125218
8485.000,8485.000,20.00,125157
8490.000,8490.000,20.00,90250
8495.000,8495.000,20.00,117874
8500.000,8500.000,20.00,122626
8505.000,8505.000,20.00,118134
8510.000,8510.000,20.00,120654
8515.000,8515.000,20.00,122251
8520.000,8520.000,20.00,125149
8525.000,8525.000,20.00,124949
8530.000,8530.000,20.00,124750
8535.000,8535.000,20.00,124375
8540.000,8540.000,20.00,125118
8545.000,8545.000,20.00,124776
8550.000,8550.000,20.00,103330
8555.000,8555.000,20.00,120818
8560.000,8560.000,20.00,122930
8565.000,8565.000,20.00,123512
8570.000,8570.000,20.00,122980
8575.000,8575.000,20.00,123485
8580.000,8580.000,20.00,124198
8585.000,8585.000,20.00,124005
8590.000,8590.000,20.00,124570
8595.000,8595.000,20.00,124819
8600.000,8600.000,20.00,121947
8605.000,8605.000,20.00,124862
8610.000,8610.000,20.00,108701
8615.000,8615.000,20.00,101205
8620.000,8620.000,20.00,116585
8625.000,8625.000,20.00,121835
8630.000,8630.000,20.00,116023
8635.000,8635.000,20.00,121740
8640.000,8640.000,20.00,122994
8645.000,8645.000,20.00,122227
8650.000,8650.000,20.00,123578
8655.000,8655.000,20.00,123209
8660.000,8660.000,20.00,121214
8665.000,8665.000,20.00,122248
8670.000,8670.000,20.00,117569
8675.000,8675.000,20.00,120464
8680.000,8680.000,20.00,121221
8685.000,8685.000,20.00,115148
8690.000,8690.000,20.00,121659
8695.000,8695.000,20.00,115507
8700.000,8700.000,20.00,94174
8705.000,8705.000,20.00,118455
8710.000,8710.000,20.00,120278
8715.000,8715.000,20.00,120558
8720.000,8720.000,20.00,120320
8725.000,8725.000,20.00,117408
8730.000,8730.000,20.00,125203
8735.000,8735.000,20.00,124512
8740.000,8740.000,20.00,125056
8745.000,8745.000,20.00,124965
8750.000,8750.000,20.00,125087
8755.000,8755.000,20.00,123519
8760.000,8760.000,20.00,115968
8765.000,8765.000,20.00,119589
8770.000,8770.000,20.00,122269
8775.000,8775.000,20.00,123235
8780.000,8780.000,20.00,123836
8785.000,8785.000,20.00,124900
8790.000,8790.000,20.00,124910
8795.000,8795.000,20.00,125141
8800.000,8800.000,20.00,125147
8805.000,8805.000,20.00,125133
8810.000,8810.000,20.00,125098
8815.000,8815.000,20.00,125106
8820.000,8820.000,20.00,98664
8825.000,8825.000,20.00,121124
8830.000,8830.000,20.00,123453
8835.000,8835.000,20.00,125181
8840.000,8840.000,20.00,123508
8845.000,8845.000,20.00,119539
8850.000,8850.000,20.00,125027
8855.000,8855.000,20.00,125131
8860.000,8860.000,20.00,124941
8865.000,8865.000,20.00,124968
8870.000,8870.000,20.00,124801
8875.000,8875.000,20.00,124244
8880.000,8880.000,20.00,118812
8885.000,8885.000,20.00,107294
8890.000,8890.000,20.00,119310
8895.000,8895.000,20.00,123501
8900.000,8900.000,20.00,120573
8905.000,8905.000,20.00,121409
8910.000,8910.000,20.00,124787
8915.000,8915.000,20.00,124257
8920.000,8920.000,20.00,124773
8925.000,8925.000,20.00,124540
8930.000,8930.000,20.00,124763
8935.000,8935.000,20.00,124775
8940.000,8940.000,20.00,124798
8945.000,8945.000,20.00,123976
8950.000,8950.000,20.00,124629
8955.000,8955.000,20.00,123464
8960.000,8960.000,20.00,124479
8965.000,8965.000,20.00,123619
8970.000,8970.000,20.00,123692
8975.000,8975.000,20.00,123607
8980.000,8980.000,20.00,122679
8985.000,8985.000,20.00,121695
8990.000,8990.000,20.00,121383
8995.000,8995.000,20.00,123980
9000.000,9000.000,20.00,92709
9005.000,9005.000,20.00,100410
9010.000,9010.000,20.00,122301
9015.000,9015.000,20.00,122354
9020.000,9020.000,20.00,124557
9025.000,9025.000,20.00,124546
9030.000,9030.000,20.00,124586
9035.000,9035.000,20.00,124745
9040.000,9040.000,20.00,124953
9045.000,9045.000,20.00,123396
9050.000,9050.000,20.00,124681
9055.000,9055.000,20.00,123615
9060.000,9060.000,20.00,117748
9065.000,9065.000,20.00,121582
9070.000,9070.000,20.00,121973
9075.000,9075.000,20.00,123330
9080.000,9080.000,20.00,122927
9085.000,9085.000,20.00,121363
9090.000,9090.000,20.00,115577
9095.000,9095.000,20.00,117412
9100.000,9100.000,20.00,120390
9105.000,9105.000,20.00,117849
9110.000,9110.000,20.00,123466
9115.000,9115.000,20.00,122164
9120.000,9120.000,20.00,98501
9125.000,9125.000,20.00,118255
9130.000,9130.000,20.00,120399
9135.000,9135.000,20.00,119416
9140.000,9140.000,20.00,117357
9145.000,9145.000,20.00,120266
9150.000,9150.000,20.00,119319
9155.000,9155.000,20.00,122496
9160.000,9160.000,20.00,121385
9165.000,9165.000,20.00,116329
9170.000,9170.000,20.00,122648
9175.000,9175.000,20.00,122442
9180.000,9180.000,20.00,120516
9185.000,9185.000,20.00,115651
9190.000,9190.000,20.00,118284
9195.000,9195.000,20.00,112296
9200.000,9200.000,20.00,106709
9205.000,9205.000,20.00,116756
9210.000,9210.000,20.00,95208
9215.000,9215.000,20.00,120928
9220.000,9220.000,20.00,122140
9225.000,9225.000,20.00,124849
9230.000,9230.000,20.00,124723
9235.000,9235.000,20.00,123834
9240.000,9240.000,20.00,123725
9245.000,9245.000,20.00,122420
9250.000,9250.000,20.00,123983
9255.000,9255.000,20.00,124641
9260.000,9260.000,20.00,124323
9265.000,9265.000,20.00,124115
9270.000,9270.000,20.00,125077
9275.000,9275.000,20.00,124983
9280.000,9280.000,20.00,125053
9285.000,9285.000,20.00,125135
9290.000,9290.000,20.00,124423
9295.000,9295.000,20.00,125029
9300.000,9300.000,20.00,120984
9305.000,9305.000,20.00,122983
9310.000,9310.000,20.00,122449
9315.000,9315.000,20.00,123861
9320.000,9320.000,20.00,125202
9325.000,9325.000,20.00,124776
9330.000,9330.000,20.00,125130
9335.000,9335.000,20.00,125069
9340.000,9340.000,20.00,125153
9345.000,9345.000,20.00,125158
9350.000,9350.000,20.00,125122
9355.000,9355.000,20.00,125031
9360.000,9360.000,20.00,109857
9365.000,9365.000,20.00,82647
9370.000,9370.000,20.00,115152
9375.000,9375.000,20.00,118602
9380.000,9380.000,20.00,121977
9385.000,9385.000,20.00,123682
9390.000,9390.000,20.00,125106
9395.000,9395.000,20.00,124877
9400.000,9400.000,20.00,124958
9405.000,9405.000,20.00,124973
9410.000,9410.000,20.00,125106
9415.000,9415.000,20.00,124898
9420.000,9420.000,20.00,125169
9425.000,9425.000,20.00,125197
9430.000,9430.000,20.00,124890
9435.000,9435.000,20.00,125215
9440.000,9440.000,20.00,125181
9445.000,9445.000,20.00,125192
9450.000,9450.000,20.00,125131
9455.000,9455.000,20.00,125150
9460.000,9460.000,20.00,125168
9465.000,9465.000,20.00,125154
9470.000,9470.000,20.00,125130
9475.000,9475.000,20.00,125122
9480.000,9480.000,20.00,124866
9485.000,9485.000,20.00,124597
9490.000,9490.000,20.00,123841
9495.000,9495.000,20.00,124887
9500.000,9500.000,20.00,125126
9505.000,9505.000,20.00,124278
9510.000,9510.000,20.00,102295
9515.000,9515.000,20.00,119016
9520.000,9520.000,20.00,120625
9525.000,9525.000,20.00,119377
9530.000,9530.000,20.00,122425
9535.000,9535.000,20.00,122478
9540.000,9540.000,20.00,122188
9545.000,9545.000,20.00,120522
9550.000,9550.000,20.00,121957
9555.000,9555.000,20.00,123708
9560.000,9560.000,20.00,123744
9565.000,9565.000,20.00,122922
9570.000,9570.000,20.00,113059
9575.000,9575.000,20.00,120477
9580.000,9580.000,20.00,115297
9585.000,9585.000,20.00,117210
9590.000,9590.000,20.00,122054
9595.000,9595.000,20.00,119870
9600.000,9600.000,20.00,99133
9605.000,9605.000,20.00,113095
9610.000,9610.000,20.00,116939
9615.000,9615.000,20.00,119905
9620.000,9620.000,20.00,114689
9625.000,9625.000,20.00,117562
9630.000,9630.000,20.00,119654
9635.000,9635.000,20.00,118694
9640.000,9640.000,20.00,118778
9645.000,9645.000,20.00,117245
9650.000,9650.000,20.00,121051
9655.000,9655.000,20.00,117119
9660.000,9660.000,20.00,120939
9665.000,9665.000,20.00,122315
9670.000,9670.000,20.00,120636
9675.000,9675.000,20.00,115824
9680.000,9680.000,20.00,119285
9685.000,9685.000,20.00,118211
9690.000,9690.000,20.00,115016
9695.000,9695.000,20.00,118281
9700.000,9700.000,20.00,113619
9705.000,9705.000,20.00,94525
9710.000,9710.000,20.00,100446
9715.000,9715.000,20.00,111871
9720.000,9720.000,20.00,118159
9725.000,9725.000,20.00,115160
9730.000,9730.000,20.00,120213
9735.000,9735.000,20.00,116761
9740.000,9740.000,20.00,113433
9745.000,9745.000,20.00,107284
9750.000,9750.000,20.00,113695
9755.000,9755.000,20.00,107110
9760.000,9760.000,20.00,109567
9765.000,9765.000,20.00,120670
9770.000,9770.000,20.00,119451
9775.000,9775.000,20.00,118154
9780.000,9780.000,20.00,109390
9785.000,9785.000,20.00,123481
9790.000,9790.000,20.00,124375
9795.000,9795.000,20.00,124780
9800.000,9800.000,20.00,123105
9805.000,9805.000,20.00,123075
9810.000,9810.000,20.00,124223
9815.000,9815.000,20.00,124228
9820.000,9820.000,20.00,124735
9825.000,9825.000,20.00,124724
9830.000,9830.000,20.00,124379
9835.000,9835.000,20.00,123314
9840.000,9840.000,20.00,81336
9845.000,9845.000,20.00,110173
9850.000,9850.000,20.00,118581
9855.000,9855.000,20.00,116662
9860.000,9860.000,20.00,119324
9865.000,9865.000,20.00,121867
9870.000,9870.000,20.00,125082
9875.000,9875.000,20.00,125119
9880.000,9880.000,20.00,125113
9885.000,9885.000,20.00,125148
9890.000,9890.000,20.00,125038
9895.000,9895.000,20.00,125009
9900.000,9900.000,20.00,113301
9905.000,9905.000,20.00,122459
9910.000,9910.000,20.00,124787
9915.000,9915.000,20.00,91914
9920.000,9920.000,20.00,119711
9925.000,9925.000,20.00,121254
9930.000,9930.000,20.00,125125
9935.000,9935.000,20.00,125160
9940.000,9940.000,20.00,125156
9945.000,9945.000,20.00,125162
9950.000,9950.000,20.00,125115
9955.000,9955.000,20.00,125035
9960.000,9960.000,20.00,125082
9965.000,9965.000,20.00,124769
9970.000,9970.000,20.00,124995
9975.000,9975.000,20.00,125120
9980.000,9980.000,20.00,125100
9985.000,9985.000,20.00,125099
9990.000,9990.000,20.00,125135
9995.000,9995.000,20.00,125156
10000.000,10000.000,20.00,124949
10005.000,10005.000,20.00,124920
10010.000,10010.000,20.00,125012
10015.000,10015.000,20.00,125107
10020.000,10020.000,20.00,120941
10025.000,10025.000,20.00,123626
10030.000,10030.000,20.00,123441
10035.000,10035.000,20.00,119495
10040.000,10040.000,20.00,117371
10045.000,10045.000,20.00,119111
10050.000,10050.000,20.00,91876
10055.000,10055.000,20.00,119903
10060.000,10060.000,20.00,118723
10065.000,10065.000,20.00,117399
10070.000,10070.000,20.00,122748
10075.000,10075.000,20.00,121966
10080.000,10080.000,20.00,122393
10085.000,10085.000,20.00,122894
10090.000,10090.000,20.00,124550
10095.000,10095.000,20.00,124346
10100.000,10100.000,20.00,124360
10105.000,10105.000,20.00,120571
10110.000,10110.000,20.00,116659
10115.000,10115.000,20.00,120600
10120.000,10120.000,20.00,113477
10125.000,10125.000,20.00,119437
10130.000,10130.000,20.00,114957
10135.000,10135.000,20.00,120891
10140.000,10140.000,20.00,119030
10145.000,10145.000,20.00,122073
10150.000,10150.000,20.00,111644
10155.000,10155.000,20.00,119914
10160.000,10160.000,20.00,119057
10165.000,10165.000,20.00,115454
10170.000,10170.000,20.00,122466
10175.000,10175.000,20.00,122097
10180.000,10180.000,20.00,120149
10185.000,10185.000,20.00,120782
10190.000,10190.000,20.00,123831
10195.000,10195.000,20.00,122951
10200.000,10200.000,20.00,101923
10205.000,10205.000,20.00,119638
10210.000,10210.000,20.00,118962
10215.000,10215.000,20.00,121868
10220.000,10220.000,20.00,119306
10225.000,10225.000,20.00,122097
10230.000,10230.000,20.00,122269
10235.000,10235.000,20.00,123078
10240.000,10240.000,20.00,122228
10245.000,10245.000,20.00,121666
10250.000,10250.000,20.00,115989
10255.000,10255.000,20.00,116980
10260.000,10260.000,20.00,111560
10265.000,10265.000,20.00,100380
10270.000,10270.000,20.00,98143
10275.000,10275.000,20.00,102444
10280.000,10280.000,20.00,102910
10285.000,10285.000,20.00,94109
10290.000,10290.000,20.00,106368
10295.000,10295.000,20.00,108308
10300.000,10300.000,20.00,107802
10305.000,10305.000,20.00,110107
10310.000,10310.000,20.00,105446
10315.000,10315.000,20.00,113100
10320.000,10320.000,20.00,116654
10325.000,10325.000,20.00,121152
10330.000,10330.000,20.00,119645
10335.000,10335.000,20.00,116838
10340.000,10340.000,20.00,114853
10345.000,10345.000,20.00,118563
10350.000,10350.000,20.00,123399
10355.000,10355.000,20.00,99799
10360.000,10360.000,20.00,82184
10365.000,10365.000,20.00,112395
10370.000,10370.000,20.00,118840
10375.000,10375.000,20.00,119275
10380.000,10380.000,20.00,123624
10385.000,10385.000,20.00,123066
10390.000,10390.000,20.00,119370
10395.000,10395.000,20.00,123264
10400.000,10400.000,20.00,121664
10405.000,10405.000,20.00,123656
10410.000,10410.000,20.00,125008
10415.000,10415.000,20.00,125217
10420.000,10420.000,20.00,125149
10425.000,10425.000,20.00,125136
10430.000,10430.000,20.00,125142
10435.000,10435.000,20.00,125133
10440.000,10440.000,20.00,125123
10445.000,10445.000,20.00,124985
10450.000,10450.000,20.00,125102
10455.000,10455.000,20.00,124934
10460.000,10460.000,20.00,125136
10465.000,10465.000,20.00,124975
10470.000,10470.000,20.00,124468
10475.000,10475.000,20.00,125140
10480.000,10480.000,20.00,125050
10485.000,10485.000,20.00,125070
10490.000,10490.000,20.00,124674
10495.000,10495.000,20.00,125114
10500.000,10500.000,20.00,104328
10505.000,10505.000,20.00,120629
10510.000,10510.000,20.00,124419
10515.000,10515.000,20.00,124651
10520.000,10520.000,20.00,123606
10525.000,10525.000,20.00,124375
10530.000,10530.000,20.00,124863
10535.000,10535.000,20.00,124673
10540.000,10540.000,20.00,124411
10545.000,10545.000,20.00,125146
10550.000,10550.000,20.00,124933
10555.000,10555.000,20.00,124340
10560.000,10560.000,20.00,92232
10565.000,10565.000,20.00,118354
10570.000,10570.000,20.00,124304
10575.000,10575.000,20.00,125175
10580.000,10580.000,20.00,124511
10585.000,10585.000,20.00,124972
10590.000,10590.000,20.00,124865
10595.000,10595.000,20.00,124690
10600.000,10600.000,20.00,122206
10605.000,10605.000,20.00,125089
10610.000,10610.000,20.00,125047
10615.000,10615.000,20.00,125156
10620.000,10620.000,20.00,120189
10625.000,10625.000,20.00,124388
10630.000,10630.000,20.00,125014
10635.000,10635.000,20.00,124584
10640.000,10640.000,20.00,122911
10645.000,10645.000,20.00,120951
10650.000,10650.000,20.00,125108
10655.000,10655.000,20.00,125045
10660.000,10660.000,20.00,125051
10665.000,10665.000,20.00,125016
10670.000,10670.000,20.00,124794
10675.000,10675.000,20.00,125087
10680.000,10680.000,20.00,125141
10685.000,10685.000,20.00,124627
10690.000,10690.000,20.00,125079
10695.000,10695.000,20.00,124961
10700.000,10700.000,20.00,124916
10705.000,10705.000,20.00,124102
10710.000,10710.000,20.00,123983
10715.000,10715.000,20.00,123004
10720.000,10720.000,20.00,121597
10725.000,10725.000,20.00,124333
10730.000,10730.000,20.00,116971
10735.000,10735.000,20.00,104960
10740.000,10740.000,20.00,123691
10745.000,10745.000,20.00,124548
10750.000,10750.000,20.00,123823
10755.000,10755.000,20.00,123216
10760.000,10760.000,20.00,124647
10765.000,10765.000,20.00,114985
10770.000,10770.000,20.00,118386
10775.000,10775.000,20.00,120041
10780.000,10780.000,20.00,119477
10785.000,10785.000,20.00,120221
10790.000,10790.000,20.00,122272
10795.000,10795.000,20.00,120745
10800.000,10800.000,20.00,113158
10805.000,10805.000,20.00,117229
10810.000,10810.000,20.00,119260
10815.000,10815.000,20.00,115595
10820.000,10820.000,20.00,115762
10825.000,10825.000,20.00,106328
10830.000,10830.000,20.00,120398
10835.000,10835.000,20.00,118601
10840.000,10840.000,20.00,117654
10845.000,10845.000,20.00,110152
10850.000,10850.000,20.00,112114
10855.000,10855.000,20.00,114699
10860.000,10860.000,20.00,112074
10865.000,10865.000,20.00,118840
10870.000,10870.000,20.00,118728
10875.000,10875.000,20.00,117227
10880.000,10880.000,20.00,116601
10885.000,10885.000,20.00,114648
10890.000,10890.000,20.00,121048
10895.000,10895.000,20.00,122013
10900.000,10900.000,20.00,121440
10905.000,10905.000,20.00,90483
10910.000,10910.000,20.00,117937
10915.000,10915.000,20.00,122718
10920.000,10920.000,20.00,121592
10925.000,10925.000,20.00,124198
10930.000,10930.000,20.00,121467
10935.000,10935.000,20.00,124037
10940.000,10940.000,20.00,121784
10945.000,10945.000,20.00,124269
10950.000,10950.000,20.00,125146
10955.000,10955.000,20.00,124962
10960.000,10960.000,20.00,125206
10965.000,10965.000,20.00,125182
10970.000,10970.000,20.00,125168
10975.000,10975.000,20.00,125158
10980.000,10980.000,20.00,90626
10985.000,10985.000,20.00,118423
10990.000,10990.000,20.00,123874
10995.000,10995.000,20.00,125021
11000.000,11000.000,20.00,123947
11005.000,11005.000,20.00,124553
11010.000,11010.000,20.00,125079
11015.000,11015.000,20.00,125023
11020.000,11020.000,20.00,125169
11025.000,11025.000,20.00,125159
11030.000,11030.000,20.00,124988
11035.000,11035.000,20.00,125130
11040.000,11040.000,20.00,115052
11045.000,11045.000,20.00,111961
11050.000,11050.000,20.00,112052
11055.000,11055.000,20.00,110513
11060.000,11060.000,20.00,112026
11065.000,11065.000,20.00,110255
11070.000,11070.000,20.00,124321
11075.000,11075.000,20.00,124964
11080.000,11080.000,20.00,99205
11085.000,11085.000,20.00,106976
11090.000,11090.000,20.00,117458
11095.000,11095.000,20.00,121058
11100.000,11100.000,20.00,125148
11105.000,11105.000,20.00,124824
11110.000,11110.000,20.00,124935
11115.000,11115.000,20.00,123952
11120.000,11120.000,20.00,124602
11125.000,11125.000,20.00,124839
11130.000,11130.000,20.00,122762
11135.000,11135.000,20.00,117783
11140.000,11140.000,20.00,122289
11145.000,11145.000,20.00,120577
11150.000,11150.000,20.00,123407
11155.000,11155.000,20.00,119634
11160.000,11160.000,20.00,70601
11165.000,11165.000,20.00,106703
11170.000,11170.000,20.00,121899
11175.000,11175.000,20.00,120738
11180.000,11180.000,20.00,119582
11185.000,11185.000,20.00,114489
11190.000,11190.000,20.00,124592
11195.000,11195.000,20.00,123910
11200.000,11200.000,20.00,124516
11205.000,11205.000,20.00,124906
11210.000,11210.000,20.00,124750
11215.000,11215.000,20.00,124518
11220.000,11220.000,20.00,116212
11225.000,11225.000,20.00,120566
11230.000,11230.000,20.00,122179
11235.000,11235.000,20.00,121229
11240.000,11240.000,20.00,121148
11245.000,11245.000,20.00,119317
11250.000,11250.000,20.00,124080
11255.000,11255.000,20.00,114960
11260.000,11260.000,20.00,89630
11265.000,11265.000,20.00,103513
11270.000,11270.000,20.00,120158
11275.000,11275.000,20.00,117210
11280.000,11280.000,20.00,119562
11285.000,11285.000,20.00,115854
11290.000,11290.000,20.00,120218
11295.000,11295.000,20.00,122608
11300.000,11300.000,20.00,122729
11305.000,11305.000,20.00,123571
11310.000,11310.000,20.00,65308
11315.000,11315.000,20.00,76122
11320.000,11320.000,20.00,79120
11325.000,11325.000,20.00,83789
11330.000,11330.000,20.00,80899
11335.000,11335.000,20.00,78725
11340.000,11340.000,20.00,114694
11345.000,11345.000,20.00,120859
11350.000,11350.000,20.00,118499
11355.000,11355.000,20.00,115867
11360.000,11360.000,20.00,107670
11365.000,11365.000,20.00,117414
11370.000,11370.000,20.00,113113
11375.000,11375.000,20.00,120157
11380.000,11380.000,20.00,111984
11385.000,11385.000,20.00,118015
11390.000,11390.000,20.00,119333
11395.000,11395.000,20.00,119226
11400.000,11400.000,20.00,123168
11405.000,11405.000,20.00,121621
11410.000,11410.000,20.00,114561
11415.000,11415.000,20.00,122032
11420.000,11420.000,20.00,117713
11425.000,11425.000,20.00,121102
11430.000,11430.000,20.00,90650
11435.000,11435.000,20.00,119155
11440.000,11440.000,20.00,122053
11445.000,11445.000,20.00,123733
11450.000,11450.000,20.00,124757
11455.000,11455.000,20.00,124092
11460.000,11460.000,20.00,124301
11465.000,11465.000,20.00,125015
11470.000,11470.000,20.00,122387
11475.000,11475.000,20.00,125886
11480.000,11480.000,20.00,124039
11485.000,11485.000,20.00,122122
11490.000,11490.000,20.00,125385
11495.000,11495.000,20.00,125151
11500.000,11500.000,20.00,124927
11505.000,11505.000,20.00,125134
11510.000,11510.000,20.00,125014
11515.000,11515.000,20.00,125196
11520.000,11520.000,20.00,119332
11525.000,11525.000,20.00,124581
11530.000,11530.000,20.00,124052
11535.000,11535.000,20.00,123638
11540.000,11540.000,20.00,125062
11545.000,11545.000,20.00,124743
11550.000,11550.000,20.00,123200
11555.000,11555.000,20.00,122355
11560.000,11560.000,20.00,124772
11565.000,11565.000,20.00,125195
11570.000,11570.000,20.00,124997
11575.000,11575.000,20.00,125017
11580.000,11580.000,20.00,125136
11585.000,11585.000,20.00,124548
11590.000,11590.000,20.00,121546
11595.000,11595.000,20.00,118189
11600.000,11600.000,20.00,115572
11605.000,11605.000,20.00,117694
11610.000,11610.000,20.00,123928
11615.000,11615.000,20.00,118028
11620.000,11620.000,20.00,122921
11625.000,11625.000,20.00,124938
11630.000,11630.000,20.00,123964
11635.000,11635.000,20.00,118991
11640.000,11640.000,20.00,119204
11645.000,11645.000,20.00,124616
11650.000,11650.000,20.00,124272
11655.000,11655.000,20.00,124447
11660.000,11660.000,20.00,116244
11665.000,11665.000,20.00,124697
11670.000,11670.000,20.00,122934
11675.000,11675.000,20.00,124045
11680.000,11680.000,20.00,124520
11685.000,11685.000,20.00,124269
11690.000,11690.000,20.00,123881
11695.000,11695.000,20.00,122901
11700.000,11700.000,20.00,87184
11705.000,11705.000,20.00,106085
11710.000,11710.000,20.00,119671
11715.000,11715.000,20.00,121631
11720.000,11720.000,20.00,122850
11725.000,11725.000,20.00,122897
11730.000,11730.000,20.00,124479
11735.000,11735.000,20.00,124837
11740.000,11740.000,20.00,124874
11745.000,11745.000,20.00,124508
11750.000,11750.000,20.00,124712
11755.000,11755.000,20.00,124444
11760.000,11760.000,20.00,99026
11765.000,11765.000,20.00,119090
11770.000,11770.000,20.00,121975
11775.000,11775.000,20.00,120905
11780.000,11780.000,20.00,122470
11785.000,11785.000,20.00,119820
11790.000,11790.000,20.00,122731
11795.000,11795.000,20.00,124123
11800.000,11800.000,20.00,119757
11805.000,11805.000,20.00,123188
11810.000,11810.000,20.00,122892
11815.000,11815.000,20.00,122347
11820.000,11820.000,20.00,123223
11825.000,11825.000,20.00,123292
11830.000,11830.000,20.00,123195
11835.000,11835.000,20.00,123863
11840.000,11840.000,20.00,122699
11845.000,11845.000,20.00,121069
11850.000,11850.000,20.00,124724
11855.000,11855.000,20.00,122453
11860.000,11860.000,20.00,124569
11865.000,11865.000,20.00,119018
11870.000,11870.000,20.00,118221
11875.000,11875.000,20.00,119565
11880.000,11880.000,20.00,81845
11885.000,11885.000,20.00,108985
11890.000,11890.000,20.00,121787
11895.000,11895.000,20.00,116165
11900.000,11900.000,20.00,122133
11905.000,11905.000,20.00,119292
11910.000,11910.000,20.00,124302
11915.000,11915.000,20.00,124977
11920.000,11920.000,20.00,124556
11925.000,11925.000,20.00,123913
11930.000,11930.000,20.00,124615
11935.000,11935.000,20.00,124061
11940.000,11940.000,20.00,83469
11945.000,11945.000,20.00,114164
11950.000,11950.000,20.00,121312
11955.000,11955.000,20.00,123063
11960.000,11960.000,20.00,123804
11965.000,11965.000,20.00,113755
11970.000,11970.000,20.00,110177
11975.000,11975.000,20.00,112314
11980.000,11980.000,20.00,112922
11985.000,11985.000,20.00,110266
11990.000,11990.000,20.00,112715
11995.000,11995.000,20.00,107875
12000.000,12000.000,20.00,121854
12005.000,12005.000,20.00,119479
12010.000,12010.000,20.00,119760
12015.000,12015.000,20.00,115138
12020.000,12020.000,20.00,122475
12025.000,12025.000,20.00,122541
12030.000,12030.000,20.00,120829
12035.000,12035.000,20.00,124604
12040.000,12040.000,20.00,123593
12045.000,12045.000,20.00,124794
12050.000,12050.000,20.00,124311
12055.000,12055.000,20.00,123963
12060.000,12060.000,20.00,125140
12065.000,12065.000,20.00,125087
12070.000,12070.000,20.00,125025
12075.000,12075.000,20.00,125004
12080.000,12080.000,20.00,124741
12085.000,12085.000,20.00,125096
12090.000,12090.000,20.00,125112
12095.000,12095.000,20.00,125151
12100.000,12100.000,20.00,125128
12105.000,12105.000,20.00,125155
12110.000,12110.000,20.00,125137
12115.000,12115.000,20.00,125128
12120.000,12120.000,20.00,118345
12125.000,12125.000,20.00,123537
12130.000,12130.000,20.00,124446
12135.000,12135.000,20.00,123093
12140.000,12140.000,20.00,124919
12145.000,12145.000,20.00,123725
12150.000,12150.000,20.00,120037
12155.000,12155.000,20.00,123281
12160.000,12160.000,20.00,119946
12165.000,12165.000,20.00,120433
12170.000,12170.000,20.00,121628
12175.000,12175.000,20.00,123630
12180.000,12180.000,20.00,124944
12185.000,12185.000,20.00,124022
12190.000,12190.000,20.00,125207
12195.000,12195.000,20.00,123930
12200.000,12200.000,20.00,125129
12205.000,12205.000,20.00,121582
12210.000,12210.000,20.00,111544
12215.000,12215.000,20.00,111391
12220.000,12220.000,20.00,116496
12225.000,12225.000,20.00,114255
12230.000,12230.000,20.00,113061
12235.000,12235.000,20.00,110273
12240.000,12240.000,20.00,124121
12245.000,12245.000,20.00,124895
12250.000,12250.000,20.00,125161
12255.000,12255.000,20.00,124642
12260.000,12260.000,20.00,124606
12265.000,12265.000,20.00,125190
12270.000,12270.000,20.00,123469
12275.000,12275.000,20.00,125201
12280.000,12280.000,20.00,124701
12285.000,12285.000,20.00,124456
12290.000,12290.000,20.00,123179
12295.000,12295.000,20.00,125252
12300.000,12300.000,20.00,124923
12305.000,12305.000,20.00,125150
12310.000,12310.000,20.00,125101
12315.000,12315.000,20.00,125078
12320.000,12320.000,20.00,125063
12325.000,12325.000,20.00,125056
12330.000,12330.000,20.00,114629
12335.000,12335.000,20.00,123884
12340.000,12340.000,20.00,120689
12345.000,12345.000,20.00,122948
12350.000,12350.000,20.00,123778
12355.000,12355.000,20.00,125024
12360.000,12360.000,20.00,124226
12365.000,12365.000,20.00,122294
12370.000,12370.000,20.00,125002
12375.000,12375.000,20.00,124991
12380.000,12380.000,20.00,124954
12385.000,12385.000,20.00,122054
12390.000,12390.000,20.00,125061
12395.000,12395.000,20.00,123422
12400.000,12400.000,20.00,90650
12405.000,12405.000,20.00,124861
12410.000,12410.000,20.00,125115
12415.000,12415.000,20.00,123688
12420.000,12420.000,20.00,123761
12425.000,12425.000,20.00,124271
12430.000,12430.000,20.00,123585
12435.000,12435.000,20.00,123112
12440.000,12440.000,20.00,123689
12445.000,12445.000,20.00,123023
12450.000,12450.000,20.00,121714
12455.000,12455.000,20.00,123779
12460.000,12460.000,20.00,123543
12465.000,12465.000,20.00,124990
12470.000,12470.000,20.00,124491
12475.000,12475.000,20.00,124996
12480.000,12480.000,20.00,123772
12485.000,12485.000,20.00,115295
12490.000,12490.000,20.00,124270
12495.000,12495.000,20.00,122681
12500.000,12500.000,20.00,118464
12505.000,12505.000,20.00,123527
12510.000,12510.000,20.00,125202
12515.000,12515.000,20.00,122589
12520.000,12520.000,20.00,123616
12525.000,12525.000,20.00,123848
12530.000,12530.000,20.00,119923
12535.000,12535.000,20.00,125066
12540.000,12540.000,20.00,125119
12545.000,12545.000,20.00,124973
12550.000,12550.000,20.00,125017
12555.000,12555.000,20.00,125080
12560.000,12560.000,20.00,125115
12565.000,12565.000,20.00,124905
12570.000,12570.000,20.00,77734
12575.000,12575.000,20.00,116038
12580.000,12580.000,20.00,122653
12585.000,12585.000,20.00,124998
12590.000,12590.000,20.00,124878
12595.000,12595.000,20.00,125188
12600.000,12600.000,20.00,125140
12605.000,12605.000,20.00,125155
12610.000,12610.000,20.00,125130
12615.000,12615.000,20.00,124974
12620.000,12620.000,20.00,124974
12625.000,12625.000,20.00,124569
12630.000,12630.000,20.00,125146
12635.000,12635.000,20.00,125077
12640.000,12640.000,20.00,125144
12645.000,12645.000,20.00,124969
12650.000,12650.000,20.00,124950
12655.000,12655.000,20.00,125157
12660.000,12660.000,20.00,122439
12665.000,12665.000,20.00,125177
12670.000,12670.000,20.00,124366
12675.000,12675.000,20.00,122773
12680.000,12680.000,20.00,101221
12685.000,12685.000,20.00,104872
12690.000,12690.000,20.00,125058
12695.000,12695.000,20.00,125160
12700.000,12700.000,20.00,125136
12705.000,12705.000,20.00,124860
12710.000,12710.000,20.00,125120
12715.000,12715.000,20.00,125069
12720.000,12720.000,20.00,125064
12725.000,12725.000,20.00,124873
12730.000,12730.000,20.00,125413
12735.000,12735.000,20.00,124818
12740.000,12740.000,20.00,102319
12745.000,12745.000,20.00,98939
12750.000,12750.000,20.00,125018
12755.000,12755.000,20.00,124364
12760.000,12760.000,20.00,122711
12765.000,12765.000,20.00,124713
12770.000,12770.000,20.00,125159
12775.000,12775.000,20.00,125120
12780.000,12780.000,20.00,100154
12785.000,12785.000,20.00,121421
12790.000,12790.000,20.00,125198
12795.000,12795.000,20.00,118375
12800.000,12800.000,20.00,123786
12805.000,12805.000,20.00,125049
12810.000,12810.000,20.00,125151
12815.000,12815.000,20.00,122966
12820.000,12820.000,20.00,126804
12825.000,12825.000,20.00,124569
12830.000,12830.000,20.00,124689
12835.000,12835.000,20.00,124077
12840.000,12840.000,20.00,124638
12845.000,12845.000,20.00,125154
12850.000,12850.000,20.00,123898
12855.000,12855.000,20.00,125137
12860.000,12860.000,20.00,124183
12865.000,12865.000,20.00,124931
12870.000,12870.000,20.00,119090
12875.000,12875.000,20.00,123418
12880.000,12880.000,20.00,123531
12885.000,12885.000,20.00,123054
12890.000,12890.000,20.00,123668
12895.000,12895.000,20.00,121116
12900.000,12900.000,20.00,112189
12905.000,12905.000,20.00,110780
12910.000,12910.000,20.00,105950
12915.000,12915.000,20.00,115307
12920.000,12920.000,20.00,119343
12925.000,12925.000,20.00,116457
12930.000,12930.000,20.00,125041
12935.000,12935.000,20.00,125127
12940.000,12940.000,20.00,125119
12945.000,12945.000,20.00,124856
12950.000,12950.000,20.00,124792
12955.000,12955.000,20.00,121325
12960.000,12960.000,20.00,124873
12965.000,12965.000,20.00,124095
12970.000,12970.000,20.00,124933
12975.000,12975.000,20.00,124702
12980.000,12980.000,20.00,124025
12985.000,12985.000,20.00,124957
12990.000,12990.000,20.00,123241
12995.000,12995.000,20.00,121171
13000.000,13000.000,20.00,119253
13005.000,13005.000,20.00,117746
13010.000,13010.000,20.00,117880
13015.000,13015.000,20.00,123128
13020.000,13020.000,20.00,82404
13025.000,13025.000,20.00,106647
13030.000,13030.000,20.00,120899
13035.000,13035.000,20.00,121922
13040.000,13040.000,20.00,120934
13045.000,13045.000,20.00,119884
13050.000,13050.000,20.00,125089
13055.000,13055.000,20.00,125154
13060.000,13060.000,20.00,125162
13065.000,13065.000,20.00,125119
13070.000,13070.000,20.00,125046
13075.000,13075.000,20.00,125128
13080.000,13080.000,20.00,125144
13085.000,13085.000,20.00,125155
13090.000,13090.000,20.00,125165
13095.000,13095.000,20.00,124950
13100.000,13100.000,20.00,125136
13105.000,13105.000,20.00,124879
13110.000,13110.000,20.00,118264
13115.000,13115.000,20.00,121880
13120.000,13120.000,20.00,125168
13125.000,13125.000,20.00,124759
13130.000,13130.000,20.00,125236
13135.000,13135.000,20.00,125209
13140.000,13140.000,20.00,125156
13145.000,13145.000,20.00,125112
13150.000,13150.000,20.00,125149
13155.000,13155.000,20.00,125053
13160.000,13160.000,20.00,125158
13165.000,13165.000,20.00,125154
13170.000,13170.000,20.00,124627
13175.000,13175.000,20.00,125181
13180.000,13180.000,20.00,125052
13185.000,13185.000,20.00,123085
13190.000,13190.000,20.00,125064
13195.000,13195.000,20.00,125086
13200.000,13200.000,20.00,123769
13205.000,13205.000,20.00,124504
13210.000,13210.000,20.00,124730
13215.000,13215.000,20.00,124688
13220.000,13220.000,20.00,123879
13225.000,13225.000,20.00,122315
13230.000,13230.000,20.00,124564
13235.000,13235.000,20.00,124201
13240.000,13240.000,20.00,125030
13245.000,13245.000,20.00,124971
13250.000,13250.000,20.00,124947
13255.000,13255.000,20.00,123244
13260.000,13260.000,20.00,124242
13265.000,13265.000,20.00,122332
13270.000,13270.000,20.00,125032
13275.000,13275.000,20.00,124844
13280.000,13280.000,20.00,125130
13285.000,13285.000,20.00,124010
13290.000,13290.000,20.00,124507
13295.000,13295.000,20.00,125192
13300.000,13300.000,20.00,124963
13305.000,13305.000,20.00,125353
13310.000,13310.000,20.00,109846
13315.000,13315.000,20.00,85072
13320.000,13320.000,20.00,123791
13325.000,13325.000,20.00,121485
13330.000,13330.000,20.00,123133
13335.000,13335.000,20.00,123061
13340.000,13340.000,20.00,123381
13345.000,13345.000,20.00,123629
13350.000,13350.000,20.00,86970
13355.000,13355.000,20.00,117191
13360.000,13360.000,20.00,122516
13365.000,13365.000,20.00,124682
13370.000,13370.000,20.00,124282
13375.000,13375.000,20.00,125244
13380.000,13380.000,20.00,124554
13385.000,13385.000,20.00,124024
13390.000,13390.000,20.00,125031
13395.000,13395.000,20.00,125121
13400.000,13400.000,20.00,124067
13405.000,13405.000,20.00,124639
13410.000,13410.000,20.00,124720
13415.000,13415.000,20.00,123546
13420.000,13420.000,20.00,124218
13425.000,13425.000,20.00,123076
13430.000,13430.000,20.00,124554
13435.000,13435.000,20.00,122987
13440.000,13440.000,20.00,107689
13445.000,13445.000,20.00,83440
13450.000,13450.000,20.00,115258
13455.000,13455.000,20.00,116379
13460.000,13460.000,20.00,121533
13465.000,13465.000,20.00,118644
13470.000,13470.000,20.00,122721
13475.000,13475.000,20.00,122241
13480.000,13480.000,20.00,118668
13485.000,13485.000,20.00,120888
13490.000,13490.000,20.00,122941
13495.000,13495.000,20.00,121008
13500.000,13500.000,20.00,120236
13505.000,13505.000,20.00,119832
13510.000,13510.000,20.00,123938
13515.000,13515.000,20.00,123582
13520.000,13520.000,20.00,123785
13525.000,13525.000,20.00,125124
13530.000,13530.000,20.00,121412
13535.000,13535.000,20.00,120805
13540.000,13540.000,20.00,123892
13545.000,13545.000,20.00,123792
13550.000,13550.000,20.00,124721
13555.000,13555.000,20.00,120392
13560.000,13560.000,20.00,125142
13565.000,13565.000,20.00,124397
13570.000,13570.000,20.00,124936
13575.000,13575.000,20.00,124331
13580.000,13580.000,20.00,124201
13585.000,13585.000,20.00,122740
13590.000,13590.000,20.00,125214
13595.000,13595.000,20.00,122791
13600.000,13600.000,20.00,127538
13605.000,13605.000,20.00,124923
13610.000,13610.000,20.00,125201
13615.000,13615.000,20.00,125201
13620.000,13620.000,20.00,111187
13625.000,13625.000,20.00,121771
13630.000,13630.000,20.00,123019
13635.000,13635.000,20.00,125179
13640.000,13640.000,20.00,125114
13645.000,13645.000,20.00,125274
13650.000,13650.000,20.00,124566
13655.000,13655.000,20.00,125544
13660.000,13660.000,20.00,125060
13665.000,13665.000,20.00,125155
13670.000,13670.000,20.00,125083
13675.000,13675.000,20.00,125186
13680.000,13680.000,20.00,125140
13685.000,13685.000,20.00,125252
13690.000,13690.000,20.00,125083
13695.000,13695.000,20.00,125255
13700.000,13700.000,20.00,125258
13705.000,13705.000,20.00,97562
13710.000,13710.000,20.00,125138
13715.000,13715.000,20.00,125076
13720.000,13720.000,20.00,125042
13725.000,13725.000,20.00,125134
13730.000,13730.000,20.00,124912
13735.000,13735.000,20.00,124824
13740.000,13740.000,20.00,99321
13745.000,13745.000,20.00,118075
13750.000,13750.000,20.00,122151
13755.000,13755.000,20.00,122730
13760.000,13760.000,20.00,121877
13765.000,13765.000,20.00,122344
13770.000,13770.000,20.00,125159
13775.000,13775.000,20.00,124917
13780.000,13780.000,20.00,125150
13785.000,13785.000,20.00,125152
13790.000,13790.000,20.00,125085
13795.000,13795.000,20.00,125148
13800.000,13800.000,20.00,125165
13805.000,13805.000,20.00,125118
13810.000,13810.000,20.00,123615
13815.000,13815.000,20.00,124694
13820.000,13820.000,20.00,123795
13825.000,13825.000,20.00,125003
13830.000,13830.000,20.00,82190
13835.000,13835.000,20.00,108543
13840.000,13840.000,20.00,121924
13845.000,13845.000,20.00,122202
13850.000,13850.000,20.00,124635
13855.000,13855.000,20.00,125199
13860.000,13860.000,20.00,124780
13865.000,13865.000,20.00,125046
13870.000,13870.000,20.00,124824
13875.000,13875.000,20.00,124628
13880.000,13880.000,20.00,124415
13885.000,13885.000,20.00,124953
13890.000,13890.000,20.00,105964
13895.000,13895.000,20.00,91275
13900.000,13900.000,20.00,117110
13905.000,13905.000,20.00,118951
13910.000,13910.000,20.00,122686
13915.000,13915.000,20.00,124836
13920.000,13920.000,20.00,124470
13925.000,13925.000,20.00,124932
13930.000,13930.000,20.00,124812
13935.000,13935.000,20.00,124798
13940.000,13940.000,20.00,124961
13945.000,13945.000,20.00,124938
13950.000,13950.000,20.00,122136
13955.000,13955.000,20.00,123108
13960.000,13960.000,20.00,118854
13965.000,13965.000,20.00,122923
13970.000,13970.000,20.00,120425
13975.000,13975.000,20.00,121887
13980.000,13980.000,20.00,124809
13985.000,13985.000,20.00,124476
13990.000,13990.000,20.00,125141
13995.000,13995.000,20.00,125077
14000.000,14000.000,20.00,125102
14005.000,14005.000,20.00,125111
14010.000,14010.000,20.00,124393
14015.000,14015.000,20.00,121989
14020.000,14020.000,20.00,116309
14025.000,14025.000,20.00,120669
14030.000,14030.000,20.00,122778
14035.000,14035.000,20.00,121745
14040.000,14040.000,20.00,121161
14045.000,14045.000,20.00,109187
14050.000,14050.000,20.00,118956
14055.000,14055.000,20.00,117566
14060.000,14060.000,20.00,121076
14065.000,14065.000,20.00,120723
14070.000,14070.000,20.00,117403
14075.000,14075.000,20.00,123239
14080.000,14080.000,20.00,120842
14085.000,14085.000,20.00,123267
14090.000,14090.000,20.00,122857
14095.000,14095.000,20.00,121762
14100.000,14100.000,20.00,114540
14105.000,14105.000,20.00,117999
14110.000,14110.000,20.00,114357
14115.000,14115.000,20.00,116621
14120.000,14120.000,20.00,116421
14125.000,14125.000,20.00,115991
14130.000,14130.000,20.00,100915
14135.000,14135.000,20.00,113974
14140.000,14140.000,20.00,116900
14145.000,14145.000,20.00,117964
14150.000,14150.000,20.00,110689
14155.000,14155.000,20.00,112445
14160.000,14160.000,20.00,114465
14165.000,14165.000,20.00,117413
14170.000,14170.000,20.00,106677
14175.000,14175.000,20.00,113611
14180.000,14180.000,20.00,115937
14185.000,14185.000,20.00,115498
14190.000,14190.000,20.00,116860
14195.000,14195.000,20.00,120456
14200.000,14200.000,20.00,120021
14205.000,14205.000,20.00,118170
14210.000,14210.000,20.00,117117
14215.000,14215.000,20.00,116325
14220.000,14220.000,20.00,123353
14225.000,14225.000,20.00,124515
14230.000,14230.000,20.00,125164
14235.000,14235.000,20.00,123334
14240.000,14240.000,20.00,124494
14245.000,14245.000,20.00,124414
14250.000,14250.000,20.00,123269
14255.000,14255.000,20.00,125103
14260.000,14260.000,20.00,122065
14265.000,14265.000,20.00,120680
14270.000,14270.000,20.00,118458
14275.000,14275.000,20.00,122450
14280.000,14280.000,20.00,124756
14285.000,14285.000,20.00,125148
14290.000,14290.000,20.00,124954
14295.000,14295.000,20.00,124869
14300.000,14300.000,20.00,125247
14305.000,14305.000,20.00,125132
14310.000,14310.000,20.00,124789
14315.000,14315.000,20.00,125066
14320.000,14320.000,20.00,123125
14325.000,14325.000,20.00,125194
14330.000,14330.000,20.00,123182
14335.000,14335.000,20.00,122762
14340.000,14340.000,20.00,93073
14345.000,14345.000,20.00,97021
14350.000,14350.000,20.00,120826
14355.000,14355.000,20.00,122890
14360.000,14360.000,20.00,123755
14365.000,14365.000,20.00,124801
14370.000,14370.000,20.00,124429
14375.000,14375.000,20.00,124727
14380.000,14380.000,20.00,124579
14385.000,14385.000,20.00,122209
14390.000,14390.000,20.00,124948
14395.000,14395.000,20.00,124936
14400.000,14400.000,20.00,123636
14405.000,14405.000,20.00,125004
14410.000,14410.000,20.00,121121
14415.000,14415.000,20.00,124744
14420.000,14420.000,20.00,122245
14425.000,14425.000,20.00,124774
14430.000,14430.000,20.00,121944
14435.000,14435.000,20.00,123138
14440.000,14440.000,20.00,117614
14445.000,14445.000,20.00,122298
14450.000,14450.000,20.00,122520
14455.000,14455.000,20.00,122635
14460.000,14460.000,20.00,124194
14465.000,14465.000,20.00,111857
14470.000,14470.000,20.00,121734
14475.000,14475.000,20.00,124486
14480.000,14480.000,20.00,122805
14485.000,14485.000,20.00,71022
14490.000,14490.000,20.00,123858
14495.000,14495.000,20.00,123575
14500.000,14500.000,20.00,121268
14505.000,14505.000,20.00,124323
14510.000,14510.000,20.00,124281
14515.000,14515.000,20.00,110883
14520.000,14520.000,20.00,119489
14525.000,14525.000,20.00,120902
14530.000,14530.000,20.00,115949
14535.000,14535.000,20.00,111593
14540.000,14540.000,20.00,119741
14545.000,14545.000,20.00,118144
14550.000,14550.000,20.00,124175
14555.000,14555.000,20.00,124581
14560.000,14560.000,20.00,122764
14565.000,14565.000,20.00,124117
14570.000,14570.000,20.00,123809
14575.000,14575.000,20.00,124016
14580.000,14580.000,20.00,119209
14585.000,14585.000,20.00,112803
14590.000,14590.000,20.00,121980
14595.000,14595.000,20.00,123282
14600.000,14600.000,20.00,122628
14605.000,14605.000,20.00,123408
14610.000,14610.000,20.00,123905
14615.000,14615.000,20.00,125199
14620.000,14620.000,20.00,124175
14625.000,14625.000,20.00,125099
14630.000,14630.000,20.00,124340
14635.000,14635.000,20.00,123835
14640.000,14640.000,20.00,122752
14645.000,14645.000,20.00,121845
14650.000,14650.000,20.00,121044
14655.000,14655.000,20.00,120579
14660.000,14660.000,20.00,115907
14665.000,14665.000,20.00,121658
14670.000,14670.000,20.00,123035
14675.000,14675.000,20.00,120613
14680.000,14680.000,20.00,118711
14685.000,14685.000,20.00,123574
14690.000,14690.000,20.00,121187
14695.000,14695.000,20.00,122152
14700.000,14700.000,20.00,115555
14705.000,14705.000,20.00,123101
14710.000,14710.000,20.00,122106
14715.000,14715.000,20.00,119234
14720.000,14720.000,20.00,123145
14725.000,14725.000,20.00,121408
14730.000,14730.000,20.00,104107
14735.000,14735.000,20.00,110949
14740.000,14740.000,20.00,108155
14745.000,14745.000,20.00,108914
14750.000,14750.000,20.00,102964
14755.000,14755.000,20.00,97030
14760.000,14760.000,20.00,114446
14765.000,14765.000,20.00,107721
14770.000,14770.000,20.00,107078
14775.000,14775.000,20.00,105742
14780.000,14780.000,20.00,112865
14785.000,14785.000,20.00,114517
14790.000,14790.000,20.00,103727
14795.000,14795.000,20.00,105756
14800.000,14800.000,20.00,110487
14805.000,14805.000,20.00,103543
14810.000,14810.000,20.00,106480
14815.000,14815.000,20.00,117047
14820.000,14820.000,20.00,119408
14825.000,14825.000,20.00,119776
14830.000,14830.000,20.00,121778
14835.000,14835.000,20.00,119588
14840.000,14840.000,20.00,121979
14845.000,14845.000,20.00,123245
14850.000,14850.000,20.00,123057
14855.000,14855.000,20.00,123586
14860.000,14860.000,20.00,125127
14865.000,14865.000,20.00,125120
14870.000,14870.000,20.00,125121
14875.000,14875.000,20.00,125093
14880.000,14880.000,20.00,121726
14885.000,14885.000,20.00,117936
14890.000,14890.000,20.00,125069
14895.000,14895.000,20.00,125168
14900.000,14900.000,20.00,119190
14905.000,14905.000,20.00,124911
14910.000,14910.000,20.00,125188
14915.000,14915.000,20.00,125175
14920.000,14920.000,20.00,125179
14925.000,14925.000,20.00,124988
14930.000,14930.000,20.00,125176
14935.000,14935.000,20.00,125169
14940.000,14940.000,20.00,125410
14945.000,14945.000,20.00,125116
14950.000,14950.000,20.00,125091
14955.000,14955.000,20.00,125112
14960.000,14960.000,20.00,125117
14965.000,14965.000,20.00,125186
14970.000,14970.000,20.00,125111
14975.000,14975.000,20.00,123853
14980.000,14980.000,20.00,116300
14985.000,14985.000,20.00,121259
14990.000,14990.000,20.00,123754
14995.000,14995.000,20.00,120996
15000.000,15000.000,20.00,123881
15005.000,15005.000,20.00,124961
15010.000,15010.000,20.00,125164
15015.000,15015.000,20.00,125159
15020.000,15020.000,20.00,124718
15025.000,15025.000,20.00,125112
15030.000,15030.000,20.00,125210
15035.000,15035.000,20.00,119296
15040.000,15040.000,20.00,124024
15045.000,15045.000,20.00,124938
15050.000,15050.000,20.00,117840
15055.000,15055.000,20.00,124853
15060.000,15060.000,20.00,123448
15065.000,15065.000,20.00,124691
15070.000,15070.000,20.00,121111
15075.000,15075.000,20.00,124366
15080.000,15080.000,20.00,123666
15085.000,15085.000,20.00,123113
15090.000,15090.000,20.00,117985
15095.000,15095.000,20.00,113723
15100.000,15100.000,20.00,114907
15105.000,15105.000,20.00,108365
15110.000,15110.000,20.00,118014
15115.000,15115.000,20.00,108867
15120.000,15120.000,20.00,115675
15125.000,15125.000,20.00,117956
15130.000,15130.000,20.00,121497
15135.000,15135.000,20.00,123152
15140.000,15140.000,20.00,120223
15145.000,15145.000,20.00,114960
15150.000,15150.000,20.00,124488
15155.000,15155.000,20.00,125042
15160.000,15160.000,20.00,124905
15165.000,15165.000,20.00,124574
15170.000,15170.000,20.00,124658
15175.000,15175.000,20.00,124126
15180.000,15180.000,20.00,123416
15185.000,15185.000,20.00,119420
15190.000,15190.000,20.00,124298
15195.000,15195.000,20.00,117513
15200.000,15200.000,20.00,119841
15205.000,15205.000,20.00,118089
15210.000,15210.000,20.00,123710
15215.000,15215.000,20.00,123166
15220.000,15220.000,20.00,121433
15225.000,15225.000,20.00,123598
15230.000,15230.000,20.00,121927
15235.000,15235.000,20.00,124487
15240.000,15240.000,20.00,124575
15245.000,15245.000,20.00,124145
15250.000,15250.000,20.00,104831
15255.000,15255.000,20.00,121350
15260.000,15260.000,20.00,120143
15265.000,15265.000,20.00,113454
15270.000,15270.000,20.00,125009
15275.000,15275.000,20.00,124188
15280.000,15280.000,20.00,123317
15285.000,15285.000,20.00,123591
15290.000,15290.000,20.00,124682
15295.000,15295.000,20.00,125022
15300.000,15300.000,20.00,115305
15305.000,15305.000,20.00,122254
15310.000,15310.000,20.00,122894
15315.000,15315.000,20.00,123521
15320.000,15320.000,20.00,120353
15325.000,15325.000,20.00,115754
15330.000,15330.000,20.00,123408
15335.000,15335.000,20.00,121365
15340.000,15340.000,20.00,116760
15345.000,15345.000,20.00,120282
15350.000,15350.000,20.00,121626
15355.000,15355.000,20.00,112295
15360.000,15360.000,20.00,121883
15365.000,15365.000,20.00,117149
15370.000,15370.000,20.00,114818
15375.000,15375.000,20.00,121865
15380.000,15380.000,20.00,123917
15385.000,15385.000,20.00,122906
15390.000,15390.000,20.00,124138
15395.000,15395.000,20.00,125253
15400.000,15400.000,20.00,124970
15405.000,15405.000,20.00,124854
15410.000,15410.000,20.00,124445
15415.000,15415.000,20.00,124874
15420.000,15420.000,20.00,123651
15425.000,15425.000,20.00,117009
15430.000,15430.000,20.00,122629
15435.000,15435.000,20.00,114028
15440.000,15440.000,20.00,121357
15445.000,15445.000,20.00,119684
15450.000,15450.000,20.00,125129
15455.000,15455.000,20.00,125144
15460.000,15460.000,20.00,124990
15465.000,15465.000,20.00,125164
15470.000,15470.000,20.00,124830
15475.000,15475.000,20.00,125127
15480.000,15480.000,20.00,125123
15485.000,15485.000,20.00,125146
15490.000,15490.000,20.00,125094
15495.000,15495.000,20.00,125096
15500.000,15500.000,20.00,125115
15505.000,15505.000,20.00,124960
15510.000,15510.000,20.00,125131
15515.000,15515.000,20.00,125146
15520.000,15520.000,20.00,124558
15525.000,15525.000,20.00,124832
15530.000,15530.000,20.00,125142
15535.000,15535.000,20.00,125131
15540.000,15540.000,20.00,124141
15545.000,15545.000,20.00,124803
15550.000,15550.000,20.00,124945
15555.000,15555.000,20.00,125028
15560.000,15560.000,20.00,125071
15565.000,15565.000,20.00,124711
15570.000,15570.000,20.00,123936
15575.000,15575.000,20.00,124108
15580.000,15580.000,20.00,124475
15585.000,15585.000,20.00,125095
15590.000,15590.000,20.00,123768
15595.000,15595.000,20.00,124524
15600.000,15600.000,20.00,124386
15605.000,15605.000,20.00,125177
15610.000,15610.000,20.00,124770
15615.000,15615.000,20.00,124553
15620.000,15620.000,20.00,125157
15625.000,15625.000,20.00,124298
15630.000,15630.000,20.00,123721
15635.000,15635.000,20.00,121692
15640.000,15640.000,20.00,122605
15645.000,15645.000,20.00,121763
15650.000,15650.000,20.00,123410
15655.000,15655.000,20.00,124216
15660.000,15660.000,20.00,117549
15665.000,15665.000,20.00,122460
15670.000,15670.000,20.00,124182
15675.000,15675.000,20.00,119313
15680.000,15680.000,20.00,120189
15685.000,15685.000,20.00,121197
15690.000,15690.000,20.00,123251
15695.000,15695.000,20.00,124093
15700.000,15700.000,20.00,124236
15705.000,15705.000,20.00,122463
15710.000,15710.000,20.00,124296
15715.000,15715.000,20.00,121864
15720.000,15720.000,20.00,99277
15725.000,15725.000,20.00,97132
15730.000,15730.000,20.00,97507
15735.000,15735.000,20.00,99352
15740.000,15740.000,20.00,98997
15745.000,15745.000,20.00,98235
15750.000,15750.000,20.00,124512
15755.000,15755.000,20.00,120867
15760.000,15760.000,20.00,102676
15765.000,15765.000,20.00,104834
15770.000,15770.000,20.00,94781
15775.000,15775.000,20.00,96671
15780.000,15780.000,20.00,124844
15785.000,15785.000,20.00,122296
15790.000,15790.000,20.00,123993
15795.000,15795.000,20.00,124210
15800.000,15800.000,20.00,121111
15805.000,15805.000,20.00,121120
15810.000,15810.000,20.00,122469
15815.000,15815.000,20.00,124191
15820.000,15820.000,20.00,122294
15825.000,15825.000,20.00,123795
15830.000,15830.000,20.00,122598
15835.000,15835.000,20.00,118046
15840.000,15840.000,20.00,118274
15845.000,15845.000,20.00,121218
15850.000,15850.000,20.00,124496
15855.000,15855.000,20.00,122953
15860.000,15860.000,20.00,124241
15865.000,15865.000,20.00,125144
15870.000,15870.000,20.00,120106
15875.000,15875.000,20.00,120843
15880.000,15880.000,20.00,118455
15885.000,15885.000,20.00,121695
15890.000,15890.000,20.00,124584
15895.000,15895.000,20.00,124932
15900.000,15900.000,20.00,125024
15905.000,15905.000,20.00,124588
15910.000,15910.000,20.00,124273
15915.000,15915.000,20.00,124912
15920.000,15920.000,20.00,124719
15925.000,15925.000,20.00,125089
15930.000,15930.000,20.00,123673
15935.000,15935.000,20.00,121212
15940.000,15940.000,20.00,116151
15945.000,15945.000,20.00,120080
15950.000,15950.000,20.00,123808
15955.000,15955.000,20.00,122388
15960.000,15960.000,20.00,125214
15965.000,15965.000,20.00,125227
15970.000,15970.000,20.00,124946
15975.000,15975.000,20.00,125548
15980.000,15980.000,20.00,118967
15985.000,15985.000,20.00,125002
15990.000,15990.000,20.00,125138
15995.000,15995.000,20.00,125126
16000.000,16000.000,20.00,125195
16005.000,16005.000,20.00,125166
16010.000,16010.000,20.00,125155
16015.000,16015.000,20.00,125079
16020.000,16020.000,20.00,123143
16025.000,16025.000,20.00,120127
16030.000,16030.000,20.00,122544
16035.000,16035.000,20.00,124347
16040.000,16040.000,20.00,123144
16045.000,16045.000,20.00,124676
16050.000,16050.000,20.00,125128
16055.000,16055.000,20.00,125218
16060.000,16060.000,20.00,125144
16065.000,16065.000,20.00,124947
16070.000,16070.000,20.00,125135
16075.000,16075.000,20.00,125136
16080.000,16080.000,20.00,123199
16085.000,16085.000,20.00,122540
16090.000,16090.000,20.00,123472
16095.000,16095.000,20.00,123845
16100.000,16100.000,20.00,124847
16105.000,16105.000,20.00,124544
16110.000,16110.000,20.00,125195
16115.000,16115.000,20.00,125164
16120.000,16120.000,20.00,125173
16125.000,16125.000,20.00,125153
16130.000,16130.000,20.00,124959
16135.000,16135.000,20.00,125067
16140.000,16140.000,20.00,124290
16145.000,16145.000,20.00,123834
16150.000,16150.000,20.00,124620
16155.000,16155.000,20.00,124208
16160.000,16160.000,20.00,125093
16165.000,16165.000,20.00,124469
16170.000,16170.000,20.00,122828
16175.000,16175.000,20.00,123032
16180.000,16180.000,20.00,123805
16185.000,16185.000,20.00,123029
16190.000,16190.000,20.00,122334
16195.000,16195.000,20.00,123692
16200.000,16200.000,20.00,123457
16205.000,16205.000,20.00,124842
16210.000,16210.000,20.00,124943
16215.000,16215.000,20.00,123201
16220.000,16220.000,20.00,124385
16225.000,16225.000,20.00,124084
16230.000,16230.000,20.00,122749
16235.000,16235.000,20.00,123098
16240.000,16240.000,20.00,122328
16245.000,16245.000,20.00,124431
16250.000,16250.000,20.00,119216
16255.000,16255.000,20.00,123450
16260.000,16260.000,20.00,118568
16265.000,16265.000,20.00,117335
16270.000,16270.000,20.00,123073
16275.000,16275.000,20.00,117532
16280.000,16280.000,20.00,117649
16285.000,16285.000,20.00,121023
16290.000,16290.000,20.00,116628
16295.000,16295.000,20.00,116632
16300.000,16300.000,20.00,119021
16305.000,16305.000,20.00,121049
16310.000,16310.000,20.00,118846
16315.000,16315.000,20.00,119183
16320.000,16320.000,20.00,122888
16325.000,16325.000,20.00,124517
16330.000,16330.000,20.00,122700
16335.000,16335.000,20.00,124803
16340.000,16340.000,20.00,122507
16345.000,16345.000,20.00,124939
16350.000,16350.000,20.00,121365
16355.000,16355.000,20.00,122708
16360.000,16360.000,20.00,121830
16365.000,16365.000,20.00,121622
16370.000,16370.000,20.00,105732
16375.000,16375.000,20.00,120914
16380.000,16380.000,20.00,124898
16385.000,16385.000,20.00,123067
16390.000,16390.000,20.00,124922
16395.000,16395.000,20.00,123378
16400.000,16400.000,20.00,122697
16405.000,16405.000,20.00,122117
16410.000,16410.000,20.00,122441
16415.000,16415.000,20.00,124840
16420.000,16420.000,20.00,124487
16425.000,16425.000,20.00,123946
16430.000,16430.000,20.00,122721
16435.000,16435.000,20.00,120368
16440.000,16440.000,20.00,121906
16445.000,16445.000,20.00,117872
16450.000,16450.000,20.00,118736
16455.000,16455.000,20.00,115014
16460.000,16460.000,20.00,120443
16465.000,16465.000,20.00,118613
16470.000,16470.000,20.00,124067
16475.000,16475.000,20.00,123027
16480.000,16480.000,20.00,124825
16485.000,16485.000,20.00,123730
16490.000,16490.000,20.00,124167
16495.000,16495.000,20.00,121919
16500.000,16500.000,20.00,125099
16505.000,16505.000,20.00,125156
16510.000,16510.000,20.00,125161
16515.000,16515.000,20.00,125154
16520.000,16520.000,20.00,125135
16525.000,16525.000,20.00,125113
16530.000,16530.000,20.00,124923
16535.000,16535.000,20.00,119142
16540.000,16540.000,20.00,124265
16545.000,16545.000,20.00,125093
16550.000,16550.000,20.00,125302
16555.000,16555.000,20.00,124739
16560.000,16560.000,20.00,125142
16565.000,16565.000,20.00,125152
16570.000,16570.000,20.00,125161
16575.000,16575.000,20.00,125159
16580.000,16580.000,20.00,125141
16585.000,16585.000,20.00,125096
16590.000,16590.000,20.00,125190
16595.000,16595.000,20.00,125213
16600.000,16600.000,20.00,125173
16605.000,16605.000,20.00,125153
16610.000,16610.000,20.00,125133
16615.000,16615.000,20.00,125128
16620.000,16620.000,20.00,125093
16625.000,16625.000,20.00,111914
16630.000,16630.000,20.00,125188
16635.000,16635.000,20.00,125077
16640.000,16640.000,20.00,125003
16645.000,16645.000,20.00,124379
16650.000,16650.000,20.00,124513
16655.000,16655.000,20.00,124035
16660.000,16660.000,20.00,124655
16665.000,16665.000,20.00,124539
16670.000,16670.000,20.00,124383
16675.000,16675.000,20.00,124608
16680.000,16680.000,20.00,124830
16685.000,16685.000,20.00,125136
16690.000,16690.000,20.00,124670
16695.000,16695.000,20.00,125031
16700.000,16700.000,20.00,124952
16705.000,16705.000,20.00,124996
16710.000,16710.000,20.00,119646
16715.000,16715.000,20.00,121378
16720.000,16720.000,20.00,119779
16725.000,16725.000,20.00,120221
16730.000,16730.000,20.00,122291
16735.000,16735.000,20.00,122163
16740.000,16740.000,20.00,125102
16745.000,16745.000,20.00,124743
16750.000,16750.000,20.00,124414
16755.000,16755.000,20.00,124806
16760.000,16760.000,20.00,124471
16765.000,16765.000,20.00,124745
16770.000,16770.000,20.00,124834
16775.000,16775.000,20.00,116122
16780.000,16780.000,20.00,121449
16785.000,16785.000,20.00,122122
16790.000,16790.000,20.00,123390
16795.000,16795.000,20.00,121166
16800.000,16800.000,20.00,125183
16805.000,16805.000,20.00,123689
16810.000,16810.000,20.00,119194
16815.000,16815.000,20.00,124984
16820.000,16820.000,20.00,125126
16825.000,16825.000,20.00,122400
16830.000,16830.000,20.00,121810
16835.000,16835.000,20.00,121589
16840.000,16840.000,20.00,124358
16845.000,16845.000,20.00,121156
16850.000,16850.000,20.00,125057
16855.000,16855.000,20.00,124938
16860.000,16860.000,20.00,123309
16865.000,16865.000,20.00,124202
16870.000,16870.000,20.00,124933
16875.000,16875.000,20.00,123681
16880.000,16880.000,20.00,124512
16885.000,16885.000,20.00,121298
