since,relative_seconds,rtt,bandwidth_kbps
0.000,0.000,20.00,39144
5.000,5.000,20.00,44167
10.000,10.000,20.00,41371
15.000,15.000,20.00,43667
20.000,20.000,20.00,41065
25.000,25.000,20.00,41073
30.000,30.000,20.00,38833
35.000,35.000,20.00,39381
40.000,40.000,20.00,43557
45.000,45.000,20.00,36538
50.000,50.000,20.00,41587
55.000,55.000,20.00,34008
60.000,60.000,20.00,37487
65.000,65.000,20.00,44535
70.000,70.000,20.00,40938
75.000,75.000,20.00,30371
80.000,80.000,20.00,41865
85.000,85.000,20.00,34439
90.000,90.000,20.00,19979
95.000,95.000,20.00,22113
100.000,100.000,20.00,28476
105.000,105.000,20.00,22952
110.000,110.000,20.00,32601
115.000,115.000,20.00,31163
120.000,120.000,20.00,32020
125.000,125.000,20.00,26066
130.000,130.000,20.00,30392
135.000,135.000,20.00,32996
140.000,140.000,20.00,21553
145.000,145.000,20.00,29268
150.000,150.000,20.00,44306
155.000,155.000,20.00,43989
160.000,160.000,20.00,43387
165.000,165.000,20.00,44439
170.000,170.000,20.00,43094
175.000,175.000,20.00,43382
180.000,180.000,20.00,44104
185.000,185.000,20.00,44299
190.000,190.000,20.00,44281
195.000,195.000,20.00,44061
200.000,200.000,20.00,44038
205.000,205.000,20.00,43206
210.000,210.000,20.00,43342
215.000,215.000,20.00,43632
220.000,220.000,20.00,43498
225.000,225.000,20.00,43410
230.000,230.000,20.00,44275
235.000,235.000,20.00,43549
240.000,240.000,20.00,44445
245.000,245.000,20.00,42666
250.000,250.000,20.00,44529
255.000,255.000,20.00,43920
260.000,260.000,20.00,43741
265.000,265.000,20.00,43806
270.000,270.000,20.00,38934
275.000,275.000,20.00,38575
280.000,280.000,20.00,38816
285.000,285.000,20.00,38928
290.000,290.000,20.00,38768
295.000,295.000,20.00,38589
300.000,300.000,20.00,39142
305.000,305.000,20.00,38862
310.000,310.000,20.00,38679
315.000,315.000,20.00,38758
320.000,320.000,20.00,37706
325.000,325.000,20.00,37844
330.000,330.000,20.00,38590
335.000,335.000,20.00,33508
340.000,340.000,20.00,33793
345.000,345.000,20.00,40480
350.000,350.000,20.00,35662
355.000,355.000,20.00,39981
360.000,360.000,20.00,41574
365.000,365.000,20.00,35354
370.000,370.000,20.00,39575
375.000,375.000,20.00,40614
380.000,380.000,20.00,34013
385.000,385.000,20.00,40310
390.000,390.000,20.00,43847
395.000,395.000,20.00,44483
400.000,400.000,20.00,43854
405.000,405.000,20.00,41923
410.000,410.000,20.00,43778
415.000,415.000,20.00,43968
420.000,420.000,20.00,42315
425.000,425.000,20.00,42235
430.000,430.000,20.00,42154
435.000,435.000,20.00,41548
440.000,440.000,20.00,42413
445.000,445.000,20.00,41502
450.000,450.000,20.00,41980
455.000,455.000,20.00,44070
460.000,460.000,20.00,44207
465.000,465.000,20.00,44557
470.000,470.000,20.00,40822
475.000,475.000,20.00,43725
480.000,480.000,20.00,43152
485.000,485.000,20.00,43827
490.000,490.000,20.00,42532
495.000,495.000,20.00,42604
500.000,500.000,20.00,42664
505.000,505.000,20.00,42708
510.000,510.000,20.00,31483
515.000,515.000,20.00,36713
520.000,520.000,20.00,33480
525.000,525.000,20.00,35870
530.000,530.000,20.00,35134
535.000,535.000,20.00,35334
540.000,540.000,20.00,32247
545.000,545.000,20.00,34676
550.000,550.000,20.00,31967
555.000,555.000,20.00,37481
560.000,560.000,20.00,34126
565.000,565.000,20.00,38023
570.000,570.000,20.00,39762
575.000,575.000,20.00,42592
580.000,580.000,20.00,43924
585.000,585.000,20.00,44714
590.000,590.000,20.00,40496
595.000,595.000,20.00,46604
600.000,600.000,20.00,45191
605.000,605.000,20.00,43995
610.000,610.000,20.00,43916
615.000,615.000,20.00,40683
620.000,620.000,20.00,42986
625.000,625.000,20.00,44422
630.000,630.000,20.00,49732
635.000,635.000,20.00,49216
640.000,640.000,20.00,47475
645.000,645.000,20.00,48215
650.000,650.000,20.00,48745
655.000,655.000,20.00,47053
660.000,660.000,20.00,34636
665.000,665.000,20.00,34265
670.000,670.000,20.00,34622
675.000,675.000,20.00,34583
680.000,680.000,20.00,40539
685.000,685.000,20.00,39029
690.000,690.000,20.00,37270
695.000,695.000,20.00,36500
700.000,700.000,20.00,37549
705.000,705.000,20.00,37964
710.000,710.000,20.00,36190
715.000,715.000,20.00,36855
720.000,720.000,20.00,37881
725.000,725.000,20.00,38250
730.000,730.000,20.00,38037
735.000,735.000,20.00,37919
740.000,740.000,20.00,37709
745.000,745.000,20.00,37780
750.000,750.000,20.00,43690
755.000,755.000,20.00,43373
760.000,760.000,20.00,44329
765.000,765.000,20.00,43931
770.000,770.000,20.00,44580
775.000,775.000,20.00,44480
780.000,780.000,20.00,43955
785.000,785.000,20.00,43618
790.000,790.000,20.00,42863
795.000,795.000,20.00,43846
800.000,800.000,20.00,43526
805.000,805.000,20.00,44161
810.000,810.000,20.00,43724
815.000,815.000,20.00,43004
820.000,820.000,20.00,44376
825.000,825.000,20.00,43924
830.000,830.000,20.00,44179
835.000,835.000,20.00,44622
840.000,840.000,20.00,46537
845.000,845.000,20.00,46107
850.000,850.000,20.00,39909
855.000,855.000,20.00,42741
860.000,860.000,20.00,35956
865.000,865.000,20.00,43723
870.000,870.000,20.00,49529
875.000,875.000,20.00,49261
880.000,880.000,20.00,46072
885.000,885.000,20.00,49388
890.000,890.000,20.00,46792
895.000,895.000,20.00,49380
900.000,900.000,20.00,49947
905.000,905.000,20.00,49067
910.000,910.000,20.00,49522
915.000,915.000,20.00,47958
920.000,920.000,20.00,47995
925.000,925.000,20.00,49603
930.000,930.000,20.00,39632
935.000,935.000,20.00,41195
940.000,940.000,20.00,41592
945.000,945.000,20.00,44995
950.000,950.000,20.00,46483
955.000,955.000,20.00,48835
960.000,960.000,20.00,38782
965.000,965.000,20.00,37541
970.000,970.000,20.00,38185
975.000,975.000,20.00,37368
980.000,980.000,20.00,36371
985.000,985.000,20.00,38336
990.000,990.000,20.00,41832
995.000,995.000,20.00,42565
1000.000,1000.000,20.00,42367
1005.000,1005.000,20.00,42318
1010.000,1010.000,20.00,41849
1015.000,1015.000,20.00,42349
1020.000,1020.000,20.00,40070
1025.000,1025.000,20.00,39488
1030.000,1030.000,20.00,38927
1035.000,1035.000,20.00,38141
1040.000,1040.000,20.00,39861
1045.000,1045.000,20.00,39005
1050.000,1050.000,20.00,43851
1055.000,1055.000,20.00,44263
1060.000,1060.000,20.00,44348
1065.000,1065.000,20.00,44056
1070.000,1070.000,20.00,42863
1075.000,1075.000,20.00,44267
1080.000,1080.000,20.00,43839
1085.000,1085.000,20.00,39760
1090.000,1090.000,20.00,44108
1095.000,1095.000,20.00,43691
1100.000,1100.000,20.00,43749
1105.000,1105.000,20.00,43522
1110.000,1110.000,20.00,43601
1115.000,1115.000,20.00,44202
1120.000,1120.000,20.00,44650
1125.000,1125.000,20.00,43676
1130.000,1130.000,20.00,43639
1135.000,1135.000,20.00,44450
1140.000,1140.000,20.00,48760
1145.000,1145.000,20.00,49369
1150.000,1150.000,20.00,49598
1155.000,1155.000,20.00,48641
1160.000,1160.000,20.00,49690
1165.000,1165.000,20.00,48317
1170.000,1170.000,20.00,49290
1175.000,1175.000,20.00,49366
1180.000,1180.000,20.00,46817
1185.000,1185.000,20.00,40230
1190.000,1190.000,20.00,46348
1195.000,1195.000,20.00,46361
1200.000,1200.000,20.00,49697
1205.000,1205.000,20.00,48029
1210.000,1210.000,20.00,49960
1215.000,1215.000,20.00,48940
1220.000,1220.000,20.00,49833
1225.000,1225.000,20.00,48322
1230.000,1230.000,20.00,43873
1235.000,1235.000,20.00,42142
1240.000,1240.000,20.00,42585
1245.000,1245.000,20.00,43781
1250.000,1250.000,20.00,44413
1255.000,1255.000,20.00,43245
1260.000,1260.000,20.00,49565
1265.000,1265.000,20.00,48653
1270.000,1270.000,20.00,48801
1275.000,1275.000,20.00,49557
1280.000,1280.000,20.00,49316
1285.000,1285.000,20.00,48968
1290.000,1290.000,20.00,49138
1295.000,1295.000,20.00,49498
1300.000,1300.000,20.00,49665
1305.000,1305.000,20.00,49235
1310.000,1310.000,20.00,48556
1315.000,1315.000,20.00,49723
1320.000,1320.000,20.00,44837
1325.000,1325.000,20.00,45409
1330.000,1330.000,20.00,45656
1335.000,1335.000,20.00,43627
1340.000,1340.000,20.00,47547
1345.000,1345.000,20.00,49504
1350.000,1350.000,20.00,49639
1355.000,1355.000,20.00,48618
1360.000,1360.000,20.00,49621
1365.000,1365.000,20.00,48885
1370.000,1370.000,20.00,49723
1375.000,1375.000,20.00,49874
1380.000,1380.000,20.00,44705
1385.000,1385.000,20.00,44013
1390.000,1390.000,20.00,45558
1395.000,1395.000,20.00,45466
1400.000,1400.000,20.00,44325
1405.000,1405.000,20.00,45030
1410.000,1410.000,20.00,49087
1415.000,1415.000,20.00,48935
1420.000,1420.000,20.00,48359
1425.000,1425.000,20.00,48838
1430.000,1430.000,20.00,48880
1435.000,1435.000,20.00,49675
1440.000,1440.000,20.00,49791
1445.000,1445.000,20.00,50022
1450.000,1450.000,20.00,49788
1455.000,1455.000,20.00,48136
1460.000,1460.000,20.00,48120
1465.000,1465.000,20.00,49512
1470.000,1470.000,20.00,28933
1475.000,1475.000,20.00,34371
1480.000,1480.000,20.00,29326
1485.000,1485.000,20.00,28343
1490.000,1490.000,20.00,32401
1495.000,1495.000,20.00,33316
1500.000,1500.000,20.00,38996
1505.000,1505.000,20.00,34942
1510.000,1510.000,20.00,38118
1515.000,1515.000,20.00,37022
1520.000,1520.000,20.00,37178
1525.000,1525.000,20.00,36262
1530.000,1530.000,20.00,38919
1535.000,1535.000,20.00,38658
1540.000,1540.000,20.00,38624
1545.000,1545.000,20.00,38341
1550.000,1550.000,20.00,37016
1555.000,1555.000,20.00,38033
1560.000,1560.000,20.00,43342
1565.000,1565.000,20.00,42014
1570.000,1570.000,20.00,43831
1575.000,1575.000,20.00,43526
1580.000,1580.000,20.00,43850
1585.000,1585.000,20.00,43704
1590.000,1590.000,20.00,43020
1595.000,1595.000,20.00,44205
1600.000,1600.000,20.00,44297
1605.000,1605.000,20.00,43959
1610.000,1610.000,20.00,44506
1615.000,1615.000,20.00,43966
1620.000,1620.000,20.00,43890
1625.000,1625.000,20.00,42877
1630.000,1630.000,20.00,44536
1635.000,1635.000,20.00,43778
1640.000,1640.000,20.00,43787
1645.000,1645.000,20.00,44430
1650.000,1650.000,20.00,49845
1655.000,1655.000,20.00,47064
1660.000,1660.000,20.00,47655
1665.000,1665.000,20.00,49272
1670.000,1670.000,20.00,49342
1675.000,1675.000,20.00,48373
1680.000,1680.000,20.00,48144
1685.000,1685.000,20.00,49652
1690.000,1690.000,20.00,48544
1695.000,1695.000,20.00,49274
1700.000,1700.000,20.00,49976
1705.000,1705.000,20.00,49795
1710.000,1710.000,20.00,40091
1715.000,1715.000,20.00,32236
1720.000,1720.000,20.00,29674
1725.000,1725.000,20.00,37423
1730.000,1730.000,20.00,39189
1735.000,1735.000,20.00,34209
1740.000,1740.000,20.00,43370
1745.000,1745.000,20.00,42932
1750.000,1750.000,20.00,42102
1755.000,1755.000,20.00,43224
1760.000,1760.000,20.00,42655
1765.000,1765.000,20.00,43614
1770.000,1770.000,20.00,38111
1775.000,1775.000,20.00,24699
1780.000,1780.000,20.00,41969
1785.000,1785.000,20.00,43762
1790.000,1790.000,20.00,43760
1795.000,1795.000,20.00,43554
1800.000,1800.000,20.00,31170
1805.000,1805.000,20.00,30563
1810.000,1810.000,20.00,33623
1815.000,1815.000,20.00,27670
1820.000,1820.000,20.00,30072
1825.000,1825.000,20.00,32709
1830.000,1830.000,20.00,43038
1835.000,1835.000,20.00,44328
1840.000,1840.000,20.00,43794
1845.000,1845.000,20.00,44054
1850.000,1850.000,20.00,43721
1855.000,1855.000,20.00,44203
1860.000,1860.000,20.00,43817
1865.000,1865.000,20.00,44267
1870.000,1870.000,20.00,44001
1875.000,1875.000,20.00,44529
1880.000,1880.000,20.00,43913
1885.000,1885.000,20.00,44605
1890.000,1890.000,20.00,43712
1895.000,1895.000,20.00,43778
1900.000,1900.000,20.00,44327
1905.000,1905.000,20.00,44513
1910.000,1910.000,20.00,44492
1915.000,1915.000,20.00,43769
1920.000,1920.000,20.00,44029
1925.000,1925.000,20.00,42664
1930.000,1930.000,20.00,43949
1935.000,1935.000,20.00,43465
1940.000,1940.000,20.00,43951
1945.000,1945.000,20.00,43352
1950.000,1950.000,20.00,44528
1955.000,1955.000,20.00,43901
1960.000,1960.000,20.00,44293
1965.000,1965.000,20.00,42580
1970.000,1970.000,20.00,44448
1975.000,1975.000,20.00,42497
1980.000,1980.000,20.00,43534
1985.000,1985.000,20.00,44406
1990.000,1990.000,20.00,44075
1995.000,1995.000,20.00,44624
2000.000,2000.000,20.00,44416
2005.000,2005.000,20.00,43009
2010.000,2010.000,20.00,47447
2015.000,2015.000,20.00,49230
2020.000,2020.000,20.00,48467
2025.000,2025.000,20.00,47332
2030.000,2030.000,20.00,46308
2035.000,2035.000,20.00,47568
2040.000,2040.000,20.00,39240
2045.000,2045.000,20.00,43513
2050.000,2050.000,20.00,38952
2055.000,2055.000,20.00,44176
2060.000,2060.000,20.00,40163
2065.000,2065.000,20.00,44395
2070.000,2070.000,20.00,37142
2075.000,2075.000,20.00,44434
2080.000,2080.000,20.00,40366
2085.000,2085.000,20.00,33367
2090.000,2090.000,20.00,44610
2095.000,2095.000,20.00,34166
2100.000,2100.000,20.00,39168
2105.000,2105.000,20.00,39528
2110.000,2110.000,20.00,37796
2115.000,2115.000,20.00,41298
2120.000,2120.000,20.00,37783
2125.000,2125.000,20.00,40452
2130.000,2130.000,20.00,42883
2135.000,2135.000,20.00,36084
2140.000,2140.000,20.00,42497
2145.000,2145.000,20.00,37163
2150.000,2150.000,20.00,43698
2155.000,2155.000,20.00,35350
2160.000,2160.000,20.00,43340
2165.000,2165.000,20.00,39193
2170.000,2170.000,20.00,41964
2175.000,2175.000,20.00,44154
2180.000,2180.000,20.00,34268
2185.000,2185.000,20.00,44017
2190.000,2190.000,20.00,40511
2195.000,2195.000,20.00,43577
2200.000,2200.000,20.00,37432
2205.000,2205.000,20.00,44661
2210.000,2210.000,20.00,37145
2215.000,2215.000,20.00,44661
2220.000,2220.000,20.00,36142
2225.000,2225.000,20.00,36246
2230.000,2230.000,20.00,35959
2235.000,2235.000,20.00,36105
2240.000,2240.000,20.00,36620
2245.000,2245.000,20.00,34164
2250.000,2250.000,20.00,37765
2255.000,2255.000,20.00,38401
2260.000,2260.000,20.00,38172
2265.000,2265.000,20.00,38579
2270.000,2270.000,20.00,39050
2275.000,2275.000,20.00,36675
2280.000,2280.000,20.00,40744
2285.000,2285.000,20.00,41684
2290.000,2290.000,20.00,38764
2295.000,2295.000,20.00,41837
2300.000,2300.000,20.00,38654
2305.000,2305.000,20.00,42576
2310.000,2310.000,20.00,40147
2315.000,2315.000,20.00,47858
2320.000,2320.000,20.00,44371
2325.000,2325.000,20.00,41355
2330.000,2330.000,20.00,38213
2335.000,2335.000,20.00,40558
2340.000,2340.000,20.00,33403
2345.000,2345.000,20.00,37273
2350.000,2350.000,20.00,27511
2355.000,2355.000,20.00,25565
2360.000,2360.000,20.00,26929
2365.000,2365.000,20.00,42657
2370.000,2370.000,20.00,42837
2375.000,2375.000,20.00,43964
2380.000,2380.000,20.00,42604
2385.000,2385.000,20.00,44422
2390.000,2390.000,20.00,43567
2395.000,2395.000,20.00,43482
2400.000,2400.000,20.00,43561
2405.000,2405.000,20.00,42951
2410.000,2410.000,20.00,44109
2415.000,2415.000,20.00,42815
2420.000,2420.000,20.00,43480
2425.000,2425.000,20.00,43723
2430.000,2430.000,20.00,44374
2435.000,2435.000,20.00,44455
2440.000,2440.000,20.00,44473
2445.000,2445.000,20.00,43760
2450.000,2450.000,20.00,43280
2455.000,2455.000,20.00,43887
2460.000,2460.000,20.00,43893
2465.000,2465.000,20.00,42599
2470.000,2470.000,20.00,44576
2475.000,2475.000,20.00,44053
2480.000,2480.000,20.00,44635
2485.000,2485.000,20.00,43640
2490.000,2490.000,20.00,38533
2495.000,2495.000,20.00,40530
2500.000,2500.000,20.00,43285
2505.000,2505.000,20.00,40701
2510.000,2510.000,20.00,41455
2515.000,2515.000,20.00,39940
2520.000,2520.000,20.00,42364
2525.000,2525.000,20.00,43727
2530.000,2530.000,20.00,43845
2535.000,2535.000,20.00,43670
2540.000,2540.000,20.00,43919
2545.000,2545.000,20.00,40282
2550.000,2550.000,20.00,48235
2555.000,2555.000,20.00,49068
2560.000,2560.000,20.00,46915
2565.000,2565.000,20.00,46204
2570.000,2570.000,20.00,50066
2575.000,2575.000,20.00,49730
2580.000,2580.000,20.00,49794
2585.000,2585.000,20.00,49682
2590.000,2590.000,20.00,49596
2595.000,2595.000,20.00,49391
2600.000,2600.000,20.00,47773
2605.000,2605.000,20.00,49098
2610.000,2610.000,20.00,27868
2615.000,2615.000,20.00,29805
2620.000,2620.000,20.00,27689
2625.000,2625.000,20.00,32204
2630.000,2630.000,20.00,27969
2635.000,2635.000,20.00,30869
2640.000,2640.000,20.00,41652
2645.000,2645.000,20.00,38777
2650.000,2650.000,20.00,39368
2655.000,2655.000,20.00,41845
2660.000,2660.000,20.00,41683
2665.000,2665.000,20.00,41752
2670.000,2670.000,20.00,43348
2675.000,2675.000,20.00,44413
2680.000,2680.000,20.00,42940
2685.000,2685.000,20.00,43709
2690.000,2690.000,20.00,32136
2695.000,2695.000,20.00,18982
2700.000,2700.000,20.00,44039
2705.000,2705.000,20.00,43767
2710.000,2710.000,20.00,44227
2715.000,2715.000,20.00,42551
2720.000,2720.000,20.00,37989
2725.000,2725.000,20.00,43922
2730.000,2730.000,20.00,43313
2735.000,2735.000,20.00,43483
2740.000,2740.000,20.00,40429
2745.000,2745.000,20.00,40140
2750.000,2750.000,20.00,43553
2755.000,2755.000,20.00,44087
2760.000,2760.000,20.00,44122
2765.000,2765.000,20.00,43983
2770.000,2770.000,20.00,36390
2775.000,2775.000,20.00,43679
2780.000,2780.000,20.00,43866
2785.000,2785.000,20.00,41883
2790.000,2790.000,20.00,47239
2795.000,2795.000,20.00,40734
2800.000,2800.000,20.00,48481
2805.000,2805.000,20.00,45597
2810.000,2810.000,20.00,47703
2815.000,2815.000,20.00,40347
2820.000,2820.000,20.00,40678
2825.000,2825.000,20.00,24025
2830.000,2830.000,20.00,41795
2835.000,2835.000,20.00,31031
2840.000,2840.000,20.00,39641
2845.000,2845.000,20.00,25257
2850.000,2850.000,20.00,34988
2855.000,2855.000,20.00,29836
2860.000,2860.000,20.00,34194
2865.000,2865.000,20.00,35333
2870.000,2870.000,20.00,35603
2875.000,2875.000,20.00,33084
2880.000,2880.000,20.00,29256
2885.000,2885.000,20.00,30257
2890.000,2890.000,20.00,33714
2895.000,2895.000,20.00,28788
2900.000,2900.000,20.00,32598
2905.000,2905.000,20.00,31553
2910.000,2910.000,20.00,49374
2915.000,2915.000,20.00,49283
2920.000,2920.000,20.00,49202
2925.000,2925.000,20.00,49432
2930.000,2930.000,20.00,48090
2935.000,2935.000,20.00,49561
2940.000,2940.000,20.00,49782
2945.000,2945.000,20.00,49058
2950.000,2950.000,20.00,48351
2955.000,2955.000,20.00,47761
2960.000,2960.000,20.00,48788
2965.000,2965.000,20.00,48784
2970.000,2970.000,20.00,49326
2975.000,2975.000,20.00,49772
2980.000,2980.000,20.00,48919
2985.000,2985.000,20.00,49886
2990.000,2990.000,20.00,49816
2995.000,2995.000,20.00,48106
3000.000,3000.000,20.00,44773
3005.000,3005.000,20.00,47517
3010.000,3010.000,20.00,46177
3015.000,3015.000,20.00,48708
3020.000,3020.000,20.00,47630
3025.000,3025.000,20.00,48859
3030.000,3030.000,20.00,50042
3035.000,3035.000,20.00,49565
3040.000,3040.000,20.00,49049
3045.000,3045.000,20.00,49969
3050.000,3050.000,20.00,49399
3055.000,3055.000,20.00,48449
3060.000,3060.000,20.00,48801
3065.000,3065.000,20.00,49234
3070.000,3070.000,20.00,49802
3075.000,3075.000,20.00,49327
3080.000,3080.000,20.00,48403
3085.000,3085.000,20.00,49141
3090.000,3090.000,20.00,44655
3095.000,3095.000,20.00,46033
3100.000,3100.000,20.00,49869
3105.000,3105.000,20.00,44944
3110.000,3110.000,20.00,49431
3115.000,3115.000,20.00,48616
3120.000,3120.000,20.00,40615
3125.000,3125.000,20.00,40217
3130.000,3130.000,20.00,44846
3135.000,3135.000,20.00,47458
3140.000,3140.000,20.00,44783
3145.000,3145.000,20.00,44781
3150.000,3150.000,20.00,48263
3155.000,3155.000,20.00,49663
3160.000,3160.000,20.00,47731
3165.000,3165.000,20.00,49624
3170.000,3170.000,20.00,48826
3175.000,3175.000,20.00,49124
3180.000,3180.000,20.00,49168
3185.000,3185.000,20.00,49686
3190.000,3190.000,20.00,49146
3195.000,3195.000,20.00,47740
3200.000,3200.000,20.00,49162
3205.000,3205.000,20.00,49529
3210.000,3210.000,20.00,47218
3215.000,3215.000,20.00,47657
3220.000,3220.000,20.00,45739
3225.000,3225.000,20.00,47552
3230.000,3230.000,20.00,47720
3235.000,3235.000,20.00,45763
3240.000,3240.000,20.00,49558
3245.000,3245.000,20.00,49957
3250.000,3250.000,20.00,48303
3255.000,3255.000,20.00,49735
3260.000,3260.000,20.00,49992
3265.000,3265.000,20.00,49687
3270.000,3270.000,20.00,39085
3275.000,3275.000,20.00,45850
3280.000,3280.000,20.00,41920
3285.000,3285.000,20.00,41315
3290.000,3290.000,20.00,41885
3295.000,3295.000,20.00,41299
3300.000,3300.000,20.00,34182
3305.000,3305.000,20.00,34150
3310.000,3310.000,20.00,29420
3315.000,3315.000,20.00,38337
3320.000,3320.000,20.00,34009
3325.000,3325.000,20.00,34441
3330.000,3330.000,20.00,38201
3335.000,3335.000,20.00,38345
3340.000,3340.000,20.00,33073
3345.000,3345.000,20.00,39131
3350.000,3350.000,20.00,32919
3355.000,3355.000,20.00,38869
3360.000,3360.000,20.00,41978
3365.000,3365.000,20.00,42094
3370.000,3370.000,20.00,39532
3375.000,3375.000,20.00,41915
3380.000,3380.000,20.00,41612
3385.000,3385.000,20.00,41040
3390.000,3390.000,20.00,37062
3395.000,3395.000,20.00,36356
3400.000,3400.000,20.00,36625
3405.000,3405.000,20.00,37061
3410.000,3410.000,20.00,36781
3415.000,3415.000,20.00,37078
3420.000,3420.000,20.00,36626
3425.000,3425.000,20.00,37008
3430.000,3430.000,20.00,37032
3435.000,3435.000,20.00,37249
3440.000,3440.000,20.00,37263
3445.000,3445.000,20.00,36976
3450.000,3450.000,20.00,21363
3455.000,3455.000,20.00,27653
3460.000,3460.000,20.00,23634
3465.000,3465.000,20.00,33677
3470.000,3470.000,20.00,14976
3475.000,3475.000,20.00,28740
3480.000,3480.000,20.00,45290
3485.000,3485.000,20.00,45980
3490.000,3490.000,20.00,45617
3495.000,3495.000,20.00,43920
3500.000,3500.000,20.00,43927
3505.000,3505.000,20.00,43934
3510.000,3510.000,20.00,49113
3515.000,3515.000,20.00,49693
3520.000,3520.000,20.00,49795
3525.000,3525.000,20.00,49663
3530.000,3530.000,20.00,48217
3535.000,3535.000,20.00,50004
3540.000,3540.000,20.00,48915
3545.000,3545.000,20.00,49583
3550.000,3550.000,20.00,49205
3555.000,3555.000,20.00,48740
3560.000,3560.000,20.00,48618
3565.000,3565.000,20.00,48598
3570.000,3570.000,20.00,49194
3575.000,3575.000,20.00,48296
3580.000,3580.000,20.00,49626
3585.000,3585.000,20.00,49482
3590.000,3590.000,20.00,49746
3595.000,3595.000,20.00,49753
3600.000,3600.000,20.00,44090
3605.000,3605.000,20.00,45928
3610.000,3610.000,20.00,48412
3615.000,3615.000,20.00,49642
3620.000,3620.000,20.00,48646
3625.000,3625.000,20.00,48243
3630.000,3630.000,20.00,49024
3635.000,3635.000,20.00,49749
3640.000,3640.000,20.00,49237
3645.000,3645.000,20.00,48486
3650.000,3650.000,20.00,49591
3655.000,3655.000,20.00,48863
3660.000,3660.000,20.00,43637
3665.000,3665.000,20.00,45147
3670.000,3670.000,20.00,46571
3675.000,3675.000,20.00,44767
3680.000,3680.000,20.00,46972
3685.000,3685.000,20.00,49158
3690.000,3690.000,20.00,49833
3695.000,3695.000,20.00,49139
3700.000,3700.000,20.00,49677
3705.000,3705.000,20.00,49793
3710.000,3710.000,20.00,49053
3715.000,3715.000,20.00,49028
3720.000,3720.000,20.00,40921
3725.000,3725.000,20.00,49570
3730.000,3730.000,20.00,39442
3735.000,3735.000,20.00,47974
3740.000,3740.000,20.00,41616
3745.000,3745.000,20.00,40302
3750.000,3750.000,20.00,41428
3755.000,3755.000,20.00,49505
3760.000,3760.000,20.00,36207
3765.000,3765.000,20.00,49584
3770.000,3770.000,20.00,41987
3775.000,3775.000,20.00,46060
3780.000,3780.000,20.00,42925
3785.000,3785.000,20.00,49712
3790.000,3790.000,20.00,46940
3795.000,3795.000,20.00,45416
3800.000,3800.000,20.00,47362
3805.000,3805.000,20.00,45356
3810.000,3810.000,20.00,46774
3815.000,3815.000,20.00,47481
3820.000,3820.000,20.00,47469
3825.000,3825.000,20.00,47619
3830.000,3830.000,20.00,47606
3835.000,3835.000,20.00,47828
3840.000,3840.000,20.00,49801
3845.000,3845.000,20.00,49047
3850.000,3850.000,20.00,49795
3855.000,3855.000,20.00,46716
3860.000,3860.000,20.00,49925
3865.000,3865.000,20.00,49844
3870.000,3870.000,20.00,43453
3875.000,3875.000,20.00,36127
3880.000,3880.000,20.00,41072
3885.000,3885.000,20.00,42974
3890.000,3890.000,20.00,36411
3895.000,3895.000,20.00,43430
3900.000,3900.000,20.00,38006
3905.000,3905.000,20.00,38917
3910.000,3910.000,20.00,38501
3915.000,3915.000,20.00,36943
3920.000,3920.000,20.00,37464
3925.000,3925.000,20.00,38278
3930.000,3930.000,20.00,39100
3935.000,3935.000,20.00,39210
3940.000,3940.000,20.00,38178
3945.000,3945.000,20.00,39210
3950.000,3950.000,20.00,38630
3955.000,3955.000,20.00,38207
3960.000,3960.000,20.00,34670
3965.000,3965.000,20.00,44059
3970.000,3970.000,20.00,38095
3975.000,3975.000,20.00,40785
3980.000,3980.000,20.00,43906
3985.000,3985.000,20.00,33941
3990.000,3990.000,20.00,40896
3995.000,3995.000,20.00,44564
4000.000,4000.000,20.00,36425
4005.000,4005.000,20.00,43357
4010.000,4010.000,20.00,34849
4015.000,4015.000,20.00,42465
4020.000,4020.000,20.00,40548
4025.000,4025.000,20.00,33899
4030.000,4030.000,20.00,44235
4035.000,4035.000,20.00,35746
4040.000,4040.000,20.00,43762
4045.000,4045.000,20.00,41480
4050.000,4050.000,20.00,43985
4055.000,4055.000,20.00,43935
4060.000,4060.000,20.00,43194
4065.000,4065.000,20.00,44494
4070.000,4070.000,20.00,43299
4075.000,4075.000,20.00,44082
4080.000,4080.000,20.00,43326
4085.000,4085.000,20.00,43354
4090.000,4090.000,20.00,43825
4095.000,4095.000,20.00,44070
4100.000,4100.000,20.00,44010
4105.000,4105.000,20.00,44520
4110.000,4110.000,20.00,44215
4115.000,4115.000,20.00,43445
4120.000,4120.000,20.00,44241
4125.000,4125.000,20.00,44608
4130.000,4130.000,20.00,43822
4135.000,4135.000,20.00,44381
4140.000,4140.000,20.00,43848
4145.000,4145.000,20.00,43920
4150.000,4150.000,20.00,43793
4155.000,4155.000,20.00,43855
4160.000,4160.000,20.00,43697
4165.000,4165.000,20.00,43861
4170.000,4170.000,20.00,43814
4175.000,4175.000,20.00,43058
4180.000,4180.000,20.00,44042
4185.000,4185.000,20.00,44232
4190.000,4190.000,20.00,44040
4195.000,4195.000,20.00,43899
4200.000,4200.000,20.00,39202
4205.000,4205.000,20.00,39143
4210.000,4210.000,20.00,39170
4215.000,4215.000,20.00,38725
4220.000,4220.000,20.00,38846
4225.000,4225.000,20.00,38552
4230.000,4230.000,20.00,25225
4235.000,4235.000,20.00,35113
4240.000,4240.000,20.00,29251
4245.000,4245.000,20.00,28047
4250.000,4250.000,20.00,26036
4255.000,4255.000,20.00,32322
4260.000,4260.000,20.00,43205
4265.000,4265.000,20.00,42492
4270.000,4270.000,20.00,44047
4275.000,4275.000,20.00,37812
4280.000,4280.000,20.00,29847
4285.000,4285.000,20.00,29558
4290.000,4290.000,20.00,29047
4295.000,4295.000,20.00,35118
4300.000,4300.000,20.00,37437
4305.000,4305.000,20.00,38385
4310.000,4310.000,20.00,42436
4315.000,4315.000,20.00,39639
4320.000,4320.000,20.00,46803
4325.000,4325.000,20.00,47663
4330.000,4330.000,20.00,47592
4335.000,4335.000,20.00,45784
4340.000,4340.000,20.00,48102
4345.000,4345.000,20.00,46313
4350.000,4350.000,20.00,46189
4355.000,4355.000,20.00,48427
4360.000,4360.000,20.00,48521
4365.000,4365.000,20.00,47064
4370.000,4370.000,20.00,46567
4375.000,4375.000,20.00,47749
4380.000,4380.000,20.00,42341
4385.000,4385.000,20.00,42089
4390.000,4390.000,20.00,41930
4395.000,4395.000,20.00,41709
4400.000,4400.000,20.00,42045
4405.000,4405.000,20.00,41626
4410.000,4410.000,20.00,39058
4415.000,4415.000,20.00,37995
4420.000,4420.000,20.00,39045
4425.000,4425.000,20.00,37915
4430.000,4430.000,20.00,38519
4435.000,4435.000,20.00,38890
4440.000,4440.000,20.00,49794
4445.000,4445.000,20.00,48857
4450.000,4450.000,20.00,49519
4455.000,4455.000,20.00,49909
4460.000,4460.000,20.00,50038
4465.000,4465.000,20.00,49202
4470.000,4470.000,20.00,48024
4475.000,4475.000,20.00,46505
4480.000,4480.000,20.00,43794
4485.000,4485.000,20.00,45533
4490.000,4490.000,20.00,46289
4495.000,4495.000,20.00,45260
4500.000,4500.000,20.00,49458
4505.000,4505.000,20.00,48936
4510.000,4510.000,20.00,48240
4515.000,4515.000,20.00,48797
4520.000,4520.000,20.00,49982
4525.000,4525.000,20.00,49102
4530.000,4530.000,20.00,47637
4535.000,4535.000,20.00,38985
4540.000,4540.000,20.00,48435
4545.000,4545.000,20.00,37409
4550.000,4550.000,20.00,47156
4555.000,4555.000,20.00,41536
4560.000,4560.000,20.00,42530
4565.000,4565.000,20.00,42936
4570.000,4570.000,20.00,43984
4575.000,4575.000,20.00,42784
4580.000,4580.000,20.00,43971
4585.000,4585.000,20.00,43912
4590.000,4590.000,20.00,43458
4595.000,4595.000,20.00,44408
4600.000,4600.000,20.00,44029
4605.000,4605.000,20.00,43310
4610.000,4610.000,20.00,44596
4615.000,4615.000,20.00,43766
4620.000,4620.000,20.00,44593
4625.000,4625.000,20.00,43092
4630.000,4630.000,20.00,44019
4635.000,4635.000,20.00,44274
4640.000,4640.000,20.00,43803
4645.000,4645.000,20.00,43723
4650.000,4650.000,20.00,43138
4655.000,4655.000,20.00,43415
4660.000,4660.000,20.00,43947
4665.000,4665.000,20.00,43888
4670.000,4670.000,20.00,37389
4675.000,4675.000,20.00,29573
4680.000,4680.000,20.00,44445
4685.000,4685.000,20.00,44492
4690.000,4690.000,20.00,44061
4695.000,4695.000,20.00,43966
4700.000,4700.000,20.00,44756
4705.000,4705.000,20.00,44158
4710.000,4710.000,20.00,43924
4715.000,4715.000,20.00,43537
4720.000,4720.000,20.00,43642
4725.000,4725.000,20.00,44341
4730.000,4730.000,20.00,43765
4735.000,4735.000,20.00,43561
4740.000,4740.000,20.00,44426
4745.000,4745.000,20.00,44483
4750.000,4750.000,20.00,44638
4755.000,4755.000,20.00,44425
4760.000,4760.000,20.00,43987
4765.000,4765.000,20.00,43753
4770.000,4770.000,20.00,47868
4775.000,4775.000,20.00,47324
4780.000,4780.000,20.00,47368
4785.000,4785.000,20.00,48767
4790.000,4790.000,20.00,48596
4795.000,4795.000,20.00,48907
4800.000,4800.000,20.00,48152
4805.000,4805.000,20.00,49661
4810.000,4810.000,20.00,48882
4815.000,4815.000,20.00,48806
4820.000,4820.000,20.00,49234
4825.000,4825.000,20.00,49950
4830.000,4830.000,20.00,43703
4835.000,4835.000,20.00,44172
4840.000,4840.000,20.00,44080
4845.000,4845.000,20.00,44236
4850.000,4850.000,20.00,44280
4855.000,4855.000,20.00,43927
4860.000,4860.000,20.00,42589
4865.000,4865.000,20.00,43027
4870.000,4870.000,20.00,44277
4875.000,4875.000,20.00,43785
4880.000,4880.000,20.00,44536
4885.000,4885.000,20.00,43326
4890.000,4890.000,20.00,41984
4895.000,4895.000,20.00,41612
4900.000,4900.000,20.00,41094
4905.000,4905.000,20.00,41697
4910.000,4910.000,20.00,40845
4915.000,4915.000,20.00,41686
4920.000,4920.000,20.00,43754
4925.000,4925.000,20.00,43693
4930.000,4930.000,20.00,42503
4935.000,4935.000,20.00,43647
4940.000,4940.000,20.00,43130
4945.000,4945.000,20.00,44283
4950.000,4950.000,20.00,38778
4955.000,4955.000,20.00,39914
4960.000,4960.000,20.00,39738
4965.000,4965.000,20.00,40199
4970.000,4970.000,20.00,40051
4975.000,4975.000,20.00,41100
4980.000,4980.000,20.00,44231
4985.000,4985.000,20.00,43483
4990.000,4990.000,20.00,43504
4995.000,4995.000,20.00,43540
5000.000,5000.000,20.00,43548
5005.000,5005.000,20.00,44006
5010.000,5010.000,20.00,44007
5015.000,5015.000,20.00,43971
5020.000,5020.000,20.00,42678
5025.000,5025.000,20.00,43516
5030.000,5030.000,20.00,43922
5035.000,5035.000,20.00,44367
5040.000,5040.000,20.00,43977
5045.000,5045.000,20.00,44457
5050.000,5050.000,20.00,43704
5055.000,5055.000,20.00,44462
5060.000,5060.000,20.00,43479
5065.000,5065.000,20.00,43614
5070.000,5070.000,20.00,44384
5075.000,5075.000,20.00,44427
5080.000,5080.000,20.00,44128
5085.000,5085.000,20.00,40822
5090.000,5090.000,20.00,43947
5095.000,5095.000,20.00,43628
5100.000,5100.000,20.00,32582
5105.000,5105.000,20.00,38980
5110.000,5110.000,20.00,35353
5115.000,5115.000,20.00,43839
5120.000,5120.000,20.00,34927
5125.000,5125.000,20.00,36023
5130.000,5130.000,20.00,30347
5135.000,5135.000,20.00,38019
5140.000,5140.000,20.00,33494
5145.000,5145.000,20.00,34699
5150.000,5150.000,20.00,38681
5155.000,5155.000,20.00,24370
5160.000,5160.000,20.00,44037
5165.000,5165.000,20.00,42919
5170.000,5170.000,20.00,44466
5175.000,5175.000,20.00,44248
5180.000,5180.000,20.00,44413
5185.000,5185.000,20.00,44297
5190.000,5190.000,20.00,44241
5195.000,5195.000,20.00,42222
5200.000,5200.000,20.00,43400
5205.000,5205.000,20.00,42745
5210.000,5210.000,20.00,42909
5215.000,5215.000,20.00,43444
5220.000,5220.000,20.00,43682
5225.000,5225.000,20.00,43210
5230.000,5230.000,20.00,44203
5235.000,5235.000,20.00,43806
5240.000,5240.000,20.00,43763
5245.000,5245.000,20.00,43790
5250.000,5250.000,20.00,42801
5255.000,5255.000,20.00,43584
5260.000,5260.000,20.00,43581
5265.000,5265.000,20.00,44229
5270.000,5270.000,20.00,44120
5275.000,5275.000,20.00,42174
5280.000,5280.000,20.00,44502
5285.000,5285.000,20.00,43861
5290.000,5290.000,20.00,43820
5295.000,5295.000,20.00,43940
5300.000,5300.000,20.00,42960
5305.000,5305.000,20.00,43947
5310.000,5310.000,20.00,49771
5315.000,5315.000,20.00,49980
5320.000,5320.000,20.00,47423
5325.000,5325.000,20.00,48783
5330.000,5330.000,20.00,49939
5335.000,5335.000,20.00,49459
5340.000,5340.000,20.00,49544
5345.000,5345.000,20.00,49173
5350.000,5350.000,20.00,49339
5355.000,5355.000,20.00,48804
5360.000,5360.000,20.00,49441
5365.000,5365.000,20.00,49273
5370.000,5370.000,20.00,49092
5375.000,5375.000,20.00,41464
5380.000,5380.000,20.00,49571
5385.000,5385.000,20.00,47878
5390.000,5390.000,20.00,41121
5395.000,5395.000,20.00,49510
5400.000,5400.000,20.00,34661
5405.000,5405.000,20.00,41849
5410.000,5410.000,20.00,42408
5415.000,5415.000,20.00,42045
5420.000,5420.000,20.00,41452
5425.000,5425.000,20.00,42467
5430.000,5430.000,20.00,44525
5435.000,5435.000,20.00,43783
5440.000,5440.000,20.00,44079
5445.000,5445.000,20.00,44260
5450.000,5450.000,20.00,44221
5455.000,5455.000,20.00,43933
5460.000,5460.000,20.00,36742
5465.000,5465.000,20.00,43706
5470.000,5470.000,20.00,36126
5475.000,5475.000,20.00,41489
5480.000,5480.000,20.00,43906
5485.000,5485.000,20.00,35341
5490.000,5490.000,20.00,33121
5495.000,5495.000,20.00,43215
5500.000,5500.000,20.00,39499
5505.000,5505.000,20.00,40833
5510.000,5510.000,20.00,41244
5515.000,5515.000,20.00,37034
5520.000,5520.000,20.00,38565
5525.000,5525.000,20.00,38600
5530.000,5530.000,20.00,28898
5535.000,5535.000,20.00,37743
5540.000,5540.000,20.00,25005
5545.000,5545.000,20.00,37977
5550.000,5550.000,20.00,49850
5555.000,5555.000,20.00,49255
5560.000,5560.000,20.00,49709
5565.000,5565.000,20.00,49624
5570.000,5570.000,20.00,48938
5575.000,5575.000,20.00,49621
5580.000,5580.000,20.00,43715
5585.000,5585.000,20.00,39154
5590.000,5590.000,20.00,43086
5595.000,5595.000,20.00,40308
5600.000,5600.000,20.00,40528
5605.000,5605.000,20.00,38248
5610.000,5610.000,20.00,45758
5615.000,5615.000,20.00,44249
5620.000,5620.000,20.00,46422
5625.000,5625.000,20.00,49683
5630.000,5630.000,20.00,46902
5635.000,5635.000,20.00,43986
5640.000,5640.000,20.00,48828
5645.000,5645.000,20.00,48979
5650.000,5650.000,20.00,49408
5655.000,5655.000,20.00,48692
5660.000,5660.000,20.00,47017
5665.000,5665.000,20.00,44578
5670.000,5670.000,20.00,47935
5675.000,5675.000,20.00,47061
5680.000,5680.000,20.00,48117
5685.000,5685.000,20.00,46070
5690.000,5690.000,20.00,48277
5695.000,5695.000,20.00,47424
5700.000,5700.000,20.00,44905
5705.000,5705.000,20.00,48743
5710.000,5710.000,20.00,49488
5715.000,5715.000,20.00,47849
5720.000,5720.000,20.00,48212
5725.000,5725.000,20.00,48686
5730.000,5730.000,20.00,49488
5735.000,5735.000,20.00,48465
5740.000,5740.000,20.00,49617
5745.000,5745.000,20.00,49403
5750.000,5750.000,20.00,47534
5755.000,5755.000,20.00,49848
5760.000,5760.000,20.00,45146
5765.000,5765.000,20.00,47007
5770.000,5770.000,20.00,46085
5775.000,5775.000,20.00,43675
5780.000,5780.000,20.00,45056
5785.000,5785.000,20.00,46195
5790.000,5790.000,20.00,48531
5795.000,5795.000,20.00,48870
5800.000,5800.000,20.00,49066
5805.000,5805.000,20.00,49018
5810.000,5810.000,20.00,49265
5815.000,5815.000,20.00,49526
5820.000,5820.000,20.00,38514
5825.000,5825.000,20.00,47893
5830.000,5830.000,20.00,38612
5835.000,5835.000,20.00,42367
5840.000,5840.000,20.00,38021
5845.000,5845.000,20.00,43822
5850.000,5850.000,20.00,43401
5855.000,5855.000,20.00,44233
5860.000,5860.000,20.00,43523
5865.000,5865.000,20.00,44360
5870.000,5870.000,20.00,44559
5875.000,5875.000,20.00,43350
5880.000,5880.000,20.00,49991
5885.000,5885.000,20.00,49380
5890.000,5890.000,20.00,48145
5895.000,5895.000,20.00,49855
5900.000,5900.000,20.00,49728
5905.000,5905.000,20.00,49663
5910.000,5910.000,20.00,49602
5915.000,5915.000,20.00,49899
5920.000,5920.000,20.00,48979
5925.000,5925.000,20.00,48968
5930.000,5930.000,20.00,49448
5935.000,5935.000,20.00,46989
5940.000,5940.000,20.00,46097
5945.000,5945.000,20.00,47905
5950.000,5950.000,20.00,47963
5955.000,5955.000,20.00,48410
5960.000,5960.000,20.00,36378
5965.000,5965.000,20.00,44124
5970.000,5970.000,20.00,48670
5975.000,5975.000,20.00,47772
5980.000,5980.000,20.00,47596
5985.000,5985.000,20.00,49019
5990.000,5990.000,20.00,49714
5995.000,5995.000,20.00,48851
6000.000,6000.000,20.00,48137
6005.000,6005.000,20.00,48637
6010.000,6010.000,20.00,49716
6015.000,6015.000,20.00,49619
6020.000,6020.000,20.00,48929
6025.000,6025.000,20.00,49932
6030.000,6030.000,20.00,34084
6035.000,6035.000,20.00,38354
6040.000,6040.000,20.00,38980
6045.000,6045.000,20.00,38486
6050.000,6050.000,20.00,34460
6055.000,6055.000,20.00,15989
6060.000,6060.000,20.00,38166
6065.000,6065.000,20.00,35787
6070.000,6070.000,20.00,30040
6075.000,6075.000,20.00,22816
6080.000,6080.000,20.00,19389
6085.000,6085.000,20.00,22178
6090.000,6090.000,20.00,38632
6095.000,6095.000,20.00,38084
6100.000,6100.000,20.00,38466
6105.000,6105.000,20.00,38498
6110.000,6110.000,20.00,38425
6115.000,6115.000,20.00,39121
6120.000,6120.000,20.00,49462
6125.000,6125.000,20.00,38009
6130.000,6130.000,20.00,38214
6135.000,6135.000,20.00,49255
6140.000,6140.000,20.00,48315
6145.000,6145.000,20.00,49364
6150.000,6150.000,20.00,48395
6155.000,6155.000,20.00,48423
6160.000,6160.000,20.00,49063
6165.000,6165.000,20.00,49711
6170.000,6170.000,20.00,49827
6175.000,6175.000,20.00,48913
6180.000,6180.000,20.00,47955
6185.000,6185.000,20.00,49753
6190.000,6190.000,20.00,48910
6195.000,6195.000,20.00,48613
6200.000,6200.000,20.00,48477
6205.000,6205.000,20.00,47898
6210.000,6210.000,20.00,44246
6215.000,6215.000,20.00,43818
6220.000,6220.000,20.00,43905
6225.000,6225.000,20.00,43780
6230.000,6230.000,20.00,45267
6235.000,6235.000,20.00,45713
6240.000,6240.000,20.00,49593
6245.000,6245.000,20.00,48750
6250.000,6250.000,20.00,48801
6255.000,6255.000,20.00,49976
6260.000,6260.000,20.00,49642
6265.000,6265.000,20.00,48952
6270.000,6270.000,20.00,49356
6275.000,6275.000,20.00,48611
6280.000,6280.000,20.00,49429
6285.000,6285.000,20.00,48264
6290.000,6290.000,20.00,47770
6295.000,6295.000,20.00,48868
6300.000,6300.000,20.00,49858
6305.000,6305.000,20.00,46715
6310.000,6310.000,20.00,48657
6315.000,6315.000,20.00,48880
6320.000,6320.000,20.00,49726
6325.000,6325.000,20.00,49106
6330.000,6330.000,20.00,49576
6335.000,6335.000,20.00,48949
6340.000,6340.000,20.00,49068
6345.000,6345.000,20.00,49220
6350.000,6350.000,20.00,48962
6355.000,6355.000,20.00,48184
6360.000,6360.000,20.00,43200
6365.000,6365.000,20.00,41932
6370.000,6370.000,20.00,48053
6375.000,6375.000,20.00,40187
6380.000,6380.000,20.00,49049
6385.000,6385.000,20.00,43526
6390.000,6390.000,20.00,46979
6395.000,6395.000,20.00,46816
6400.000,6400.000,20.00,47729
6405.000,6405.000,20.00,46527
6410.000,6410.000,20.00,46044
6415.000,6415.000,20.00,47882
6420.000,6420.000,20.00,44053
6425.000,6425.000,20.00,43640
6430.000,6430.000,20.00,43722
6435.000,6435.000,20.00,44450
6440.000,6440.000,20.00,43931
6445.000,6445.000,20.00,44395
6450.000,6450.000,20.00,38358
6455.000,6455.000,20.00,40679
6460.000,6460.000,20.00,42498
6465.000,6465.000,20.00,44067
6470.000,6470.000,20.00,42202
6475.000,6475.000,20.00,43349
6480.000,6480.000,20.00,44074
6485.000,6485.000,20.00,44049
6490.000,6490.000,20.00,43398
6495.000,6495.000,20.00,43880
6500.000,6500.000,20.00,44520
6505.000,6505.000,20.00,44357
6510.000,6510.000,20.00,14877
6515.000,6515.000,20.00,19815
6520.000,6520.000,20.00,23455
6525.000,6525.000,20.00,23810
6530.000,6530.000,20.00,33999
6535.000,6535.000,20.00,34439
6540.000,6540.000,20.00,38263
6545.000,6545.000,20.00,38630
6550.000,6550.000,20.00,38695
6555.000,6555.000,20.00,38663
6560.000,6560.000,20.00,38269
6565.000,6565.000,20.00,38913
6570.000,6570.000,20.00,44739
6575.000,6575.000,20.00,44353
6580.000,6580.000,20.00,42965
6585.000,6585.000,20.00,43718
6590.000,6590.000,20.00,43908
6595.000,6595.000,20.00,44031
6600.000,6600.000,20.00,36719
6605.000,6605.000,20.00,36514
6610.000,6610.000,20.00,37065
6615.000,6615.000,20.00,38074
6620.000,6620.000,20.00,38332
6625.000,6625.000,20.00,37862
6630.000,6630.000,20.00,38874
6635.000,6635.000,20.00,38973
6640.000,6640.000,20.00,38665
6645.000,6645.000,20.00,39768
6650.000,6650.000,20.00,38348
6655.000,6655.000,20.00,38850
6660.000,6660.000,20.00,26858
6665.000,6665.000,20.00,20196
6670.000,6670.000,20.00,26691
6675.000,6675.000,20.00,25451
6680.000,6680.000,20.00,17390
6685.000,6685.000,20.00,24498
6690.000,6690.000,20.00,43723
6695.000,6695.000,20.00,44813
6700.000,6700.000,20.00,43636
6705.000,6705.000,20.00,46660
6710.000,6710.000,20.00,44759
6715.000,6715.000,20.00,42491
6720.000,6720.000,20.00,44484
6725.000,6725.000,20.00,43484
6730.000,6730.000,20.00,43980
6735.000,6735.000,20.00,43489
6740.000,6740.000,20.00,44399
6745.000,6745.000,20.00,44089
6750.000,6750.000,20.00,43678
6755.000,6755.000,20.00,42948
6760.000,6760.000,20.00,43790
6765.000,6765.000,20.00,42245
6770.000,6770.000,20.00,43929
6775.000,6775.000,20.00,44084
6780.000,6780.000,20.00,45253
6785.000,6785.000,20.00,43914
6790.000,6790.000,20.00,43675
6795.000,6795.000,20.00,43570
6800.000,6800.000,20.00,43850
6805.000,6805.000,20.00,43458
6810.000,6810.000,20.00,42580
6815.000,6815.000,20.00,43301
6820.000,6820.000,20.00,43384
6825.000,6825.000,20.00,43676
6830.000,6830.000,20.00,42311
6835.000,6835.000,20.00,44335
6840.000,6840.000,20.00,48525
6845.000,6845.000,20.00,49169
6850.000,6850.000,20.00,49162
6855.000,6855.000,20.00,48259
6860.000,6860.000,20.00,48375
6865.000,6865.000,20.00,49142
6870.000,6870.000,20.00,45248
6875.000,6875.000,20.00,46650
6880.000,6880.000,20.00,45661
6885.000,6885.000,20.00,46433
6890.000,6890.000,20.00,32436
6895.000,6895.000,20.00,45275
6900.000,6900.000,20.00,49465
6905.000,6905.000,20.00,49156
6910.000,6910.000,20.00,48275
6915.000,6915.000,20.00,49466
6920.000,6920.000,20.00,49862
6925.000,6925.000,20.00,40095
6930.000,6930.000,20.00,47964
6935.000,6935.000,20.00,49186
6940.000,6940.000,20.00,41165
6945.000,6945.000,20.00,49102
6950.000,6950.000,20.00,42277
6955.000,6955.000,20.00,48143
6960.000,6960.000,20.00,45355
6965.000,6965.000,20.00,43818
6970.000,6970.000,20.00,43901
6975.000,6975.000,20.00,46542
6980.000,6980.000,20.00,48088
6985.000,6985.000,20.00,49719
6990.000,6990.000,20.00,49064
6995.000,6995.000,20.00,49825
7000.000,7000.000,20.00,49181
7005.000,7005.000,20.00,48984
7010.000,7010.000,20.00,48274
7015.000,7015.000,20.00,50045
7020.000,7020.000,20.00,27073
7025.000,7025.000,20.00,26832
7030.000,7030.000,20.00,27321
7035.000,7035.000,20.00,43605
7040.000,7040.000,20.00,42320
7045.000,7045.000,20.00,43454
7050.000,7050.000,20.00,40844
7055.000,7055.000,20.00,42745
7060.000,7060.000,20.00,44434
7065.000,7065.000,20.00,43468
7070.000,7070.000,20.00,42184
7075.000,7075.000,20.00,40544
7080.000,7080.000,20.00,44579
7085.000,7085.000,20.00,41955
7090.000,7090.000,20.00,43901
7095.000,7095.000,20.00,38786
7100.000,7100.000,20.00,44112
7105.000,7105.000,20.00,42402
7110.000,7110.000,20.00,28628
7115.000,7115.000,20.00,35055
7120.000,7120.000,20.00,35695
7125.000,7125.000,20.00,38616
7130.000,7130.000,20.00,37898
7135.000,7135.000,20.00,38901
7140.000,7140.000,20.00,32354
7145.000,7145.000,20.00,25814
7150.000,7150.000,20.00,27280
7155.000,7155.000,20.00,27528
7160.000,7160.000,20.00,26903
7165.000,7165.000,20.00,27709
7170.000,7170.000,20.00,47632
7175.000,7175.000,20.00,43693
7180.000,7180.000,20.00,47171
7185.000,7185.000,20.00,49301
7190.000,7190.000,20.00,49651
7195.000,7195.000,20.00,46759
7200.000,7200.000,20.00,48566
7205.000,7205.000,20.00,48868
7210.000,7210.000,20.00,49002
7215.000,7215.000,20.00,49594
7220.000,7220.000,20.00,48456
7225.000,7225.000,20.00,49058
7230.000,7230.000,20.00,49466
7235.000,7235.000,20.00,48607
7240.000,7240.000,20.00,49657
7245.000,7245.000,20.00,49515
7250.000,7250.000,20.00,47863
7255.000,7255.000,20.00,49359
7260.000,7260.000,20.00,49300
7265.000,7265.000,20.00,48987
7270.000,7270.000,20.00,48632
7275.000,7275.000,20.00,48782
7280.000,7280.000,20.00,49626
7285.000,7285.000,20.00,48566
7290.000,7290.000,20.00,47154
7295.000,7295.000,20.00,43751
7300.000,7300.000,20.00,45853
7305.000,7305.000,20.00,44652
7310.000,7310.000,20.00,43940
7315.000,7315.000,20.00,43883
7320.000,7320.000,20.00,49671
7325.000,7325.000,20.00,49018
7330.000,7330.000,20.00,48940
7335.000,7335.000,20.00,49186
7340.000,7340.000,20.00,48593
7345.000,7345.000,20.00,49584
7350.000,7350.000,20.00,49630
7355.000,7355.000,20.00,46778
7360.000,7360.000,20.00,41635
7365.000,7365.000,20.00,38897
7370.000,7370.000,20.00,40090
7375.000,7375.000,20.00,47084
7380.000,7380.000,20.00,44060
7385.000,7385.000,20.00,43406
7390.000,7390.000,20.00,43951
7395.000,7395.000,20.00,44321
7400.000,7400.000,20.00,44012
7405.000,7405.000,20.00,43839
7410.000,7410.000,20.00,43472
7415.000,7415.000,20.00,44015
7420.000,7420.000,20.00,43929
7425.000,7425.000,20.00,44098
7430.000,7430.000,20.00,43764
7435.000,7435.000,20.00,43723
7440.000,7440.000,20.00,43839
7445.000,7445.000,20.00,35535
7450.000,7450.000,20.00,43590
7455.000,7455.000,20.00,37952
7460.000,7460.000,20.00,43548
7465.000,7465.000,20.00,41923
7470.000,7470.000,20.00,44465
7475.000,7475.000,20.00,43708
7480.000,7480.000,20.00,44017
7485.000,7485.000,20.00,44390
7490.000,7490.000,20.00,44031
7495.000,7495.000,20.00,44079
7500.000,7500.000,20.00,42524
7505.000,7505.000,20.00,41876
7510.000,7510.000,20.00,41875
7515.000,7515.000,20.00,41046
7520.000,7520.000,20.00,41909
7525.000,7525.000,20.00,40717
7530.000,7530.000,20.00,43879
7535.000,7535.000,20.00,39193
7540.000,7540.000,20.00,41505
7545.000,7545.000,20.00,35505
7550.000,7550.000,20.00,41418
7555.000,7555.000,20.00,32711
7560.000,7560.000,20.00,35530
7565.000,7565.000,20.00,43548
7570.000,7570.000,20.00,43918
7575.000,7575.000,20.00,42608
7580.000,7580.000,20.00,42550
7585.000,7585.000,20.00,43207
7590.000,7590.000,20.00,42253
7595.000,7595.000,20.00,42810
7600.000,7600.000,20.00,42893
7605.000,7605.000,20.00,43346
7610.000,7610.000,20.00,44475
7615.000,7615.000,20.00,43526
7620.000,7620.000,20.00,47193
7625.000,7625.000,20.00,48741
7630.000,7630.000,20.00,48287
7635.000,7635.000,20.00,49316
7640.000,7640.000,20.00,46491
7645.000,7645.000,20.00,47629
7650.000,7650.000,20.00,42869
7655.000,7655.000,20.00,43041
7660.000,7660.000,20.00,34211
7665.000,7665.000,20.00,44088
7670.000,7670.000,20.00,44407
7675.000,7675.000,20.00,44423
7680.000,7680.000,20.00,24041
7685.000,7685.000,20.00,43245
7690.000,7690.000,20.00,39453
7695.000,7695.000,20.00,43025
7700.000,7700.000,20.00,44059
7705.000,7705.000,20.00,32217
7710.000,7710.000,20.00,38135
7715.000,7715.000,20.00,29514
7720.000,7720.000,20.00,38449
7725.000,7725.000,20.00,28651
7730.000,7730.000,20.00,39129
7735.000,7735.000,20.00,34025
7740.000,7740.000,20.00,31992
7745.000,7745.000,20.00,39752
7750.000,7750.000,20.00,30176
7755.000,7755.000,20.00,35857
7760.000,7760.000,20.00,25721
7765.000,7765.000,20.00,31485
7770.000,7770.000,20.00,43353
7775.000,7775.000,20.00,43393
7780.000,7780.000,20.00,42224
7785.000,7785.000,20.00,43260
7790.000,7790.000,20.00,43826
7795.000,7795.000,20.00,44041
7800.000,7800.000,20.00,43622
7805.000,7805.000,20.00,43655
7810.000,7810.000,20.00,43535
7815.000,7815.000,20.00,42641
7820.000,7820.000,20.00,43711
7825.000,7825.000,20.00,44246
7830.000,7830.000,20.00,42668
7835.000,7835.000,20.00,43621
7840.000,7840.000,20.00,43822
7845.000,7845.000,20.00,43820
7850.000,7850.000,20.00,44490
7855.000,7855.000,20.00,44214
7860.000,7860.000,20.00,49669
7865.000,7865.000,20.00,48846
7870.000,7870.000,20.00,48672
7875.000,7875.000,20.00,49731
7880.000,7880.000,20.00,47552
7885.000,7885.000,20.00,49392
7890.000,7890.000,20.00,49081
7895.000,7895.000,20.00,49640
7900.000,7900.000,20.00,49788
7905.000,7905.000,20.00,50061
7910.000,7910.000,20.00,49498
7915.000,7915.000,20.00,49737
7920.000,7920.000,20.00,44315
7925.000,7925.000,20.00,43978
7930.000,7930.000,20.00,44529
7935.000,7935.000,20.00,43229
7940.000,7940.000,20.00,44114
7945.000,7945.000,20.00,44596
7950.000,7950.000,20.00,43979
7955.000,7955.000,20.00,43522
7960.000,7960.000,20.00,41854
7965.000,7965.000,20.00,44019
7970.000,7970.000,20.00,43638
7975.000,7975.000,20.00,43636
7980.000,7980.000,20.00,43998
7985.000,7985.000,20.00,43496
7990.000,7990.000,20.00,44478
7995.000,7995.000,20.00,44587
8000.000,8000.000,20.00,44360
8005.000,8005.000,20.00,44033
8010.000,8010.000,20.00,43363
8015.000,8015.000,20.00,43920
8020.000,8020.000,20.00,44306
8025.000,8025.000,20.00,43809
8030.000,8030.000,20.00,43604
8035.000,8035.000,20.00,43447
8040.000,8040.000,20.00,47410
8045.000,8045.000,20.00,47719
8050.000,8050.000,20.00,45984
8055.000,8055.000,20.00,47627
8060.000,8060.000,20.00,46776
8065.000,8065.000,20.00,47697
8070.000,8070.000,20.00,47110
8075.000,8075.000,20.00,44365
8080.000,8080.000,20.00,43968
8085.000,8085.000,20.00,47164
8090.000,8090.000,20.00,49471
8095.000,8095.000,20.00,48734
8100.000,8100.000,20.00,47542
8105.000,8105.000,20.00,46899
8110.000,8110.000,20.00,48908
8115.000,8115.000,20.00,49698
8120.000,8120.000,20.00,48016
8125.000,8125.000,20.00,48752
8130.000,8130.000,20.00,47833
8135.000,8135.000,20.00,44183
8140.000,8140.000,20.00,45093
8145.000,8145.000,20.00,44008
8150.000,8150.000,20.00,43713
8155.000,8155.000,20.00,45614
8160.000,8160.000,20.00,49581
8165.000,8165.000,20.00,49054
8170.000,8170.000,20.00,48920
8175.000,8175.000,20.00,48763
8180.000,8180.000,20.00,49410
8185.000,8185.000,20.00,48961
8190.000,8190.000,20.00,49050
8195.000,8195.000,20.00,49102
8200.000,8200.000,20.00,48139
8205.000,8205.000,20.00,48326
8210.000,8210.000,20.00,49823
8215.000,8215.000,20.00,48322
8220.000,8220.000,20.00,47326
8225.000,8225.000,20.00,44249
8230.000,8230.000,20.00,45622
8235.000,8235.000,20.00,45428
8240.000,8240.000,20.00,43530
8245.000,8245.000,20.00,41529
8250.000,8250.000,20.00,42438
8255.000,8255.000,20.00,42785
8260.000,8260.000,20.00,41280
8265.000,8265.000,20.00,31168
8270.000,8270.000,20.00,36538
8275.000,8275.000,20.00,35136
8280.000,8280.000,20.00,43456
8285.000,8285.000,20.00,43711
8290.000,8290.000,20.00,44323
8295.000,8295.000,20.00,43975
8300.000,8300.000,20.00,44299
8305.000,8305.000,20.00,43470
8310.000,8310.000,20.00,43833
8315.000,8315.000,20.00,44554
8320.000,8320.000,20.00,43915
8325.000,8325.000,20.00,44580
8330.000,8330.000,20.00,43671
8335.000,8335.000,20.00,44615
8340.000,8340.000,20.00,44361
8345.000,8345.000,20.00,43095
8350.000,8350.000,20.00,43199
8355.000,8355.000,20.00,43936
8360.000,8360.000,20.00,43984
8365.000,8365.000,20.00,43303
8370.000,8370.000,20.00,43517
8375.000,8375.000,20.00,44041
8380.000,8380.000,20.00,44107
8385.000,8385.000,20.00,44391
8390.000,8390.000,20.00,43336
8395.000,8395.000,20.00,43831
8400.000,8400.000,20.00,44286
8405.000,8405.000,20.00,43861
8410.000,8410.000,20.00,43742
8415.000,8415.000,20.00,44524
8420.000,8420.000,20.00,43669
8425.000,8425.000,20.00,43887
8430.000,8430.000,20.00,49446
8435.000,8435.000,20.00,48448
8440.000,8440.000,20.00,49366
8445.000,8445.000,20.00,49533
8450.000,8450.000,20.00,48996
8455.000,8455.000,20.00,49735
8460.000,8460.000,20.00,50051
8465.000,8465.000,20.00,49378
8470.000,8470.000,20.00,49693
8475.000,8475.000,20.00,49433
8480.000,8480.000,20.00,49644
8485.000,8485.000,20.00,49895
8490.000,8490.000,20.00,44324
8495.000,8495.000,20.00,44471
8500.000,8500.000,20.00,44163
8505.000,8505.000,20.00,43797
8510.000,8510.000,20.00,42886
8515.000,8515.000,20.00,43412
8520.000,8520.000,20.00,41442
8525.000,8525.000,20.00,41309
8530.000,8530.000,20.00,41154
8535.000,8535.000,20.00,41460
8540.000,8540.000,20.00,39873
8545.000,8545.000,20.00,42268
8550.000,8550.000,20.00,43015
8555.000,8555.000,20.00,44430
8560.000,8560.000,20.00,43829
8565.000,8565.000,20.00,43544
8570.000,8570.000,20.00,43788
8575.000,8575.000,20.00,44341
8580.000,8580.000,20.00,44252
8585.000,8585.000,20.00,43403
8590.000,8590.000,20.00,44230
8595.000,8595.000,20.00,43746
8600.000,8600.000,20.00,43769
8605.000,8605.000,20.00,44395
8610.000,8610.000,20.00,44065
8615.000,8615.000,20.00,44042
8620.000,8620.000,20.00,43092
8625.000,8625.000,20.00,44566
8630.000,8630.000,20.00,43205
8635.000,8635.000,20.00,42006
8640.000,8640.000,20.00,38101
8645.000,8645.000,20.00,38786
8650.000,8650.000,20.00,37877
8655.000,8655.000,20.00,37513
8660.000,8660.000,20.00,38610
8665.000,8665.000,20.00,38755
8670.000,8670.000,20.00,38917
8675.000,8675.000,20.00,38788
8680.000,8680.000,20.00,38936
8685.000,8685.000,20.00,39008
8690.000,8690.000,20.00,39224
8695.000,8695.000,20.00,38841
8700.000,8700.000,20.00,39034
8705.000,8705.000,20.00,38475
8710.000,8710.000,20.00,38354
8715.000,8715.000,20.00,34451
8720.000,8720.000,20.00,38676
8725.000,8725.000,20.00,38044
8730.000,8730.000,20.00,38472
8735.000,8735.000,20.00,39207
8740.000,8740.000,20.00,39279
8745.000,8745.000,20.00,38438
8750.000,8750.000,20.00,36758
8755.000,8755.000,20.00,37535
8760.000,8760.000,20.00,43628
8765.000,8765.000,20.00,43825
8770.000,8770.000,20.00,43693
8775.000,8775.000,20.00,43811
8780.000,8780.000,20.00,43139
8785.000,8785.000,20.00,43099
8790.000,8790.000,20.00,44407
8795.000,8795.000,20.00,44619
8800.000,8800.000,20.00,43676
8805.000,8805.000,20.00,43539
8810.000,8810.000,20.00,43952
8815.000,8815.000,20.00,44346
8820.000,8820.000,20.00,44435
8825.000,8825.000,20.00,44225
8830.000,8830.000,20.00,44607
8835.000,8835.000,20.00,44212
8840.000,8840.000,20.00,44105
8845.000,8845.000,20.00,44497
8850.000,8850.000,20.00,43834
8855.000,8855.000,20.00,43627
8860.000,8860.000,20.00,44389
8865.000,8865.000,20.00,44167
8870.000,8870.000,20.00,44017
8875.000,8875.000,20.00,44148
8880.000,8880.000,20.00,44370
8885.000,8885.000,20.00,43764
8890.000,8890.000,20.00,44295
8895.000,8895.000,20.00,43825
8900.000,8900.000,20.00,43785
8905.000,8905.000,20.00,43706
8910.000,8910.000,20.00,42473
8915.000,8915.000,20.00,44003
8920.000,8920.000,20.00,44211
8925.000,8925.000,20.00,44230
8930.000,8930.000,20.00,44348
8935.000,8935.000,20.00,43639
8940.000,8940.000,20.00,45476
8945.000,8945.000,20.00,44938
8950.000,8950.000,20.00,42296
8955.000,8955.000,20.00,44542
8960.000,8960.000,20.00,43234
8965.000,8965.000,20.00,44630
8970.000,8970.000,20.00,31765
8975.000,8975.000,20.00,35021
8980.000,8980.000,20.00,31288
8985.000,8985.000,20.00,34585
8990.000,8990.000,20.00,29465
8995.000,8995.000,20.00,34506
9000.000,9000.000,20.00,35515
9005.000,9005.000,20.00,40773
9010.000,9010.000,20.00,31808
9015.000,9015.000,20.00,43758
9020.000,9020.000,20.00,40876
9025.000,9025.000,20.00,37584
9030.000,9030.000,20.00,41926
9035.000,9035.000,20.00,29338
9040.000,9040.000,20.00,34917
9045.000,9045.000,20.00,35757
9050.000,9050.000,20.00,41276
9055.000,9055.000,20.00,33100
9060.000,9060.000,20.00,42672
9065.000,9065.000,20.00,42629
9070.000,9070.000,20.00,42777
9075.000,9075.000,20.00,42636
9080.000,9080.000,20.00,42238
9085.000,9085.000,20.00,42004
9090.000,9090.000,20.00,38724
9095.000,9095.000,20.00,39029
9100.000,9100.000,20.00,38810
9105.000,9105.000,20.00,38902
9110.000,9110.000,20.00,38424
9115.000,9115.000,20.00,38393
9120.000,9120.000,20.00,32726
9125.000,9125.000,20.00,38496
9130.000,9130.000,20.00,33670
9135.000,9135.000,20.00,38639
9140.000,9140.000,20.00,36126
9145.000,9145.000,20.00,38496
9150.000,9150.000,20.00,28114
9155.000,9155.000,20.00,26570
9160.000,9160.000,20.00,28082
9165.000,9165.000,20.00,27949
9170.000,9170.000,20.00,26964
9175.000,9175.000,20.00,25165
9180.000,9180.000,20.00,24189
9185.000,9185.000,20.00,24072
9190.000,9190.000,20.00,22735
9195.000,9195.000,20.00,25344
9200.000,9200.000,20.00,23833
9205.000,9205.000,20.00,22575
9210.000,9210.000,20.00,38843
9215.000,9215.000,20.00,39010
9220.000,9220.000,20.00,39305
9225.000,9225.000,20.00,39179
9230.000,9230.000,20.00,39305
9235.000,9235.000,20.00,38656
9240.000,9240.000,20.00,38991
9245.000,9245.000,20.00,32081
9250.000,9250.000,20.00,38672
9255.000,9255.000,20.00,38223
9260.000,9260.000,20.00,38144
9265.000,9265.000,20.00,38202
9270.000,9270.000,20.00,43338
9275.000,9275.000,20.00,40239
9280.000,9280.000,20.00,43548
9285.000,9285.000,20.00,38584
9290.000,9290.000,20.00,43785
9295.000,9295.000,20.00,32690
9300.000,9300.000,20.00,39021
9305.000,9305.000,20.00,38593
9310.000,9310.000,20.00,38375
9315.000,9315.000,20.00,38579
9320.000,9320.000,20.00,37873
9325.000,9325.000,20.00,38838
9330.000,9330.000,20.00,44386
9335.000,9335.000,20.00,44358
9340.000,9340.000,20.00,44392
9345.000,9345.000,20.00,44200
9350.000,9350.000,20.00,42694
9355.000,9355.000,20.00,44332
9360.000,9360.000,20.00,44211
9365.000,9365.000,20.00,43866
9370.000,9370.000,20.00,43463
9375.000,9375.000,20.00,44047
9380.000,9380.000,20.00,44452
9385.000,9385.000,20.00,43540
9390.000,9390.000,20.00,48433
9395.000,9395.000,20.00,46683
9400.000,9400.000,20.00,46361
9405.000,9405.000,20.00,43518
9410.000,9410.000,20.00,45562
9415.000,9415.000,20.00,48377
9420.000,9420.000,20.00,49624
9425.000,9425.000,20.00,48711
9430.000,9430.000,20.00,48027
9435.000,9435.000,20.00,47904
9440.000,9440.000,20.00,48741
9445.000,9445.000,20.00,47627
9450.000,9450.000,20.00,48427
9455.000,9455.000,20.00,49181
9460.000,9460.000,20.00,49878
9465.000,9465.000,20.00,48855
9470.000,9470.000,20.00,48265
9475.000,9475.000,20.00,47351
9480.000,9480.000,20.00,47697
9485.000,9485.000,20.00,48720
9490.000,9490.000,20.00,48829
9495.000,9495.000,20.00,49424
9500.000,9500.000,20.00,47969
9505.000,9505.000,20.00,49174
9510.000,9510.000,20.00,38511
9515.000,9515.000,20.00,42012
9520.000,9520.000,20.00,33567
9525.000,9525.000,20.00,43653
9530.000,9530.000,20.00,44687
9535.000,9535.000,20.00,37770
9540.000,9540.000,20.00,47206
9545.000,9545.000,20.00,47985
9550.000,9550.000,20.00,47810
9555.000,9555.000,20.00,49596
9560.000,9560.000,20.00,44883
9565.000,9565.000,20.00,44956
9570.000,9570.000,20.00,47710
9575.000,9575.000,20.00,46801
9580.000,9580.000,20.00,47613
9585.000,9585.000,20.00,47111
9590.000,9590.000,20.00,47633
9595.000,9595.000,20.00,47591
9600.000,9600.000,20.00,48705
9605.000,9605.000,20.00,48491
9610.000,9610.000,20.00,49827
9615.000,9615.000,20.00,48621
9620.000,9620.000,20.00,49440
9625.000,9625.000,20.00,49640
9630.000,9630.000,20.00,48191
9635.000,9635.000,20.00,47923
9640.000,9640.000,20.00,47055
9645.000,9645.000,20.00,42835
9650.000,9650.000,20.00,47384
9655.000,9655.000,20.00,42452
9660.000,9660.000,20.00,40492
9665.000,9665.000,20.00,27645
9670.000,9670.000,20.00,31501
9675.000,9675.000,20.00,47149
9680.000,9680.000,20.00,49139
9685.000,9685.000,20.00,49290
9690.000,9690.000,20.00,47364
9695.000,9695.000,20.00,46328
9700.000,9700.000,20.00,48930
9705.000,9705.000,20.00,43115
9710.000,9710.000,20.00,48711
9715.000,9715.000,20.00,46058
9720.000,9720.000,20.00,49567
9725.000,9725.000,20.00,49679
9730.000,9730.000,20.00,49807
9735.000,9735.000,20.00,48500
9740.000,9740.000,20.00,48910
9745.000,9745.000,20.00,49899
9750.000,9750.000,20.00,44342
9755.000,9755.000,20.00,44325
9760.000,9760.000,20.00,43647
9765.000,9765.000,20.00,43929
9770.000,9770.000,20.00,44301
9775.000,9775.000,20.00,44279
9780.000,9780.000,20.00,17857
9785.000,9785.000,20.00,19661
9790.000,9790.000,20.00,19359
9795.000,9795.000,20.00,20182
9800.000,9800.000,20.00,23789
9805.000,9805.000,20.00,15599
9810.000,9810.000,20.00,39141
9815.000,9815.000,20.00,38262
9820.000,9820.000,20.00,37792
9825.000,9825.000,20.00,37822
9830.000,9830.000,20.00,41596
9835.000,9835.000,20.00,43656
9840.000,9840.000,20.00,47245
9845.000,9845.000,20.00,48701
9850.000,9850.000,20.00,49806
9855.000,9855.000,20.00,48624
9860.000,9860.000,20.00,49160
9865.000,9865.000,20.00,48259
9870.000,9870.000,20.00,49815
9875.000,9875.000,20.00,49683
9880.000,9880.000,20.00,48398
9885.000,9885.000,20.00,49754
9890.000,9890.000,20.00,47770
9895.000,9895.000,20.00,49461
9900.000,9900.000,20.00,48518
9905.000,9905.000,20.00,49987
9910.000,9910.000,20.00,49959
9915.000,9915.000,20.00,48377
9920.000,9920.000,20.00,49679
9925.000,9925.000,20.00,49661
9930.000,9930.000,20.00,47695
9935.000,9935.000,20.00,48631
9940.000,9940.000,20.00,49213
9945.000,9945.000,20.00,48077
9950.000,9950.000,20.00,45709
9955.000,9955.000,20.00,46266
9960.000,9960.000,20.00,41065
9965.000,9965.000,20.00,48022
9970.000,9970.000,20.00,36638
9975.000,9975.000,20.00,42261
9980.000,9980.000,20.00,48477
9985.000,9985.000,20.00,44841
9990.000,9990.000,20.00,49671
9995.000,9995.000,20.00,49563
10000.000,10000.000,20.00,49401
10005.000,10005.000,20.00,49442
10010.000,10010.000,20.00,48049
10015.000,10015.000,20.00,50040
10020.000,10020.000,20.00,46017
10025.000,10025.000,20.00,46823
10030.000,10030.000,20.00,47495
10035.000,10035.000,20.00,47703
10040.000,10040.000,20.00,49725
10045.000,10045.000,20.00,49392
10050.000,10050.000,20.00,48603
10055.000,10055.000,20.00,49341
10060.000,10060.000,20.00,49777
10065.000,10065.000,20.00,49786
10070.000,10070.000,20.00,49403
10075.000,10075.000,20.00,49867
10080.000,10080.000,20.00,47556
10085.000,10085.000,20.00,49781
10090.000,10090.000,20.00,49651
10095.000,10095.000,20.00,48643
10100.000,10100.000,20.00,47796
10105.000,10105.000,20.00,43449
10110.000,10110.000,20.00,44064
10115.000,10115.000,20.00,45162
10120.000,10120.000,20.00,46910
10125.000,10125.000,20.00,44673
10130.000,10130.000,20.00,46116
10135.000,10135.000,20.00,45032
10140.000,10140.000,20.00,41052
10145.000,10145.000,20.00,44773
10150.000,10150.000,20.00,38239
10155.000,10155.000,20.00,46081
10160.000,10160.000,20.00,37080
10165.000,10165.000,20.00,36855
10170.000,10170.000,20.00,43625
10175.000,10175.000,20.00,37071
10180.000,10180.000,20.00,40090
10185.000,10185.000,20.00,45680
10190.000,10190.000,20.00,49269
10195.000,10195.000,20.00,40866
10200.000,10200.000,20.00,47052
10205.000,10205.000,20.00,46197
10210.000,10210.000,20.00,45186
10215.000,10215.000,20.00,46267
10220.000,10220.000,20.00,46321
10225.000,10225.000,20.00,46076
10230.000,10230.000,20.00,36373
10235.000,10235.000,20.00,34309
10240.000,10240.000,20.00,42367
10245.000,10245.000,20.00,45046
10250.000,10250.000,20.00,31641
10255.000,10255.000,20.00,38582
10260.000,10260.000,20.00,49512
10265.000,10265.000,20.00,47228
10270.000,10270.000,20.00,49313
10275.000,10275.000,20.00,49614
10280.000,10280.000,20.00,48572
10285.000,10285.000,20.00,48502
10290.000,10290.000,20.00,38389
10295.000,10295.000,20.00,38516
10300.000,10300.000,20.00,38935
10305.000,10305.000,20.00,38057
10310.000,10310.000,20.00,38195
10315.000,10315.000,20.00,37864
10320.000,10320.000,20.00,22070
10325.000,10325.000,20.00,18764
10330.000,10330.000,20.00,21884
10335.000,10335.000,20.00,26968
10340.000,10340.000,20.00,23571
10345.000,10345.000,20.00,27452
10350.000,10350.000,20.00,38474
10355.000,10355.000,20.00,38624
10360.000,10360.000,20.00,37507
10365.000,10365.000,20.00,38681
10370.000,10370.000,20.00,37555
10375.000,10375.000,20.00,37107
10380.000,10380.000,20.00,33264
10385.000,10385.000,20.00,33689
10390.000,10390.000,20.00,33601
10395.000,10395.000,20.00,33550
10400.000,10400.000,20.00,34840
10405.000,10405.000,20.00,33716
10410.000,10410.000,20.00,43824
10415.000,10415.000,20.00,43638
10420.000,10420.000,20.00,43684
10425.000,10425.000,20.00,43493
10430.000,10430.000,20.00,44336
10435.000,10435.000,20.00,43107
10440.000,10440.000,20.00,43782
10445.000,10445.000,20.00,44100
10450.000,10450.000,20.00,43651
10455.000,10455.000,20.00,43491
10460.000,10460.000,20.00,42124
10465.000,10465.000,20.00,44216
10470.000,10470.000,20.00,43583
10475.000,10475.000,20.00,44656
10480.000,10480.000,20.00,44207
10485.000,10485.000,20.00,43544
10490.000,10490.000,20.00,44545
10495.000,10495.000,20.00,44232
10500.000,10500.000,20.00,43775
10505.000,10505.000,20.00,44056
10510.000,10510.000,20.00,43647
10515.000,10515.000,20.00,43920
10520.000,10520.000,20.00,43678
10525.000,10525.000,20.00,43706
10530.000,10530.000,20.00,43534
10535.000,10535.000,20.00,44072
10540.000,10540.000,20.00,44020
10545.000,10545.000,20.00,43880
10550.000,10550.000,20.00,44510
10555.000,10555.000,20.00,43940
10560.000,10560.000,20.00,36431
10565.000,10565.000,20.00,38992
10570.000,10570.000,20.00,39258
10575.000,10575.000,20.00,41638
10580.000,10580.000,20.00,41589
10585.000,10585.000,20.00,39263
10590.000,10590.000,20.00,48636
10595.000,10595.000,20.00,50110
10600.000,10600.000,20.00,38525
10605.000,10605.000,20.00,48731
10610.000,10610.000,20.00,47180
10615.000,10615.000,20.00,47434
10620.000,10620.000,20.00,29993
10625.000,10625.000,20.00,33476
10630.000,10630.000,20.00,33311
10635.000,10635.000,20.00,48524
10640.000,10640.000,20.00,48399
10645.000,10645.000,20.00,45555
10650.000,10650.000,20.00,45612
10655.000,10655.000,20.00,33341
10660.000,10660.000,20.00,35881
10665.000,10665.000,20.00,37266
10670.000,10670.000,20.00,40298
10675.000,10675.000,20.00,35447
10680.000,10680.000,20.00,42867
10685.000,10685.000,20.00,41780
10690.000,10690.000,20.00,46339
10695.000,10695.000,20.00,45398
10700.000,10700.000,20.00,38680
10705.000,10705.000,20.00,41716
10710.000,10710.000,20.00,49319
10715.000,10715.000,20.00,49466
10720.000,10720.000,20.00,47277
10725.000,10725.000,20.00,48854
10730.000,10730.000,20.00,41737
10735.000,10735.000,20.00,49732
10740.000,10740.000,20.00,33308
10745.000,10745.000,20.00,21205
10750.000,10750.000,20.00,43454
10755.000,10755.000,20.00,38672
10760.000,10760.000,20.00,40839
10765.000,10765.000,20.00,44819
10770.000,10770.000,20.00,30927
10775.000,10775.000,20.00,32791
10780.000,10780.000,20.00,32959
10785.000,10785.000,20.00,24202
10790.000,10790.000,20.00,27353
10795.000,10795.000,20.00,39705
10800.000,10800.000,20.00,26524
10805.000,10805.000,20.00,37952
10810.000,10810.000,20.00,42990
10815.000,10815.000,20.00,40604
10820.000,10820.000,20.00,37393
10825.000,10825.000,20.00,39958
10830.000,10830.000,20.00,12260
10835.000,10835.000,20.00,12833
10840.000,10840.000,20.00,10646
10845.000,10845.000,20.00,11883
10850.000,10850.000,20.00,16581
10855.000,10855.000,20.00,13929
10860.000,10860.000,20.00,39277
10865.000,10865.000,20.00,40690
10870.000,10870.000,20.00,37680
10875.000,10875.000,20.00,36982
10880.000,10880.000,20.00,38904
10885.000,10885.000,20.00,37312
10890.000,10890.000,20.00,8665
10895.000,10895.000,20.00,8822
10900.000,10900.000,20.00,7752
10905.000,10905.000,20.00,9182
10910.000,10910.000,20.00,9610
10915.000,10915.000,20.00,10347
10920.000,10920.000,20.00,33827
10925.000,10925.000,20.00,30308
10930.000,10930.000,20.00,38371
10935.000,10935.000,20.00,34279
10940.000,10940.000,20.00,36564
10945.000,10945.000,20.00,37590
10950.000,10950.000,20.00,38732
10955.000,10955.000,20.00,34927
10960.000,10960.000,20.00,24974
10965.000,10965.000,20.00,31035
10970.000,10970.000,20.00,33469
10975.000,10975.000,20.00,36791
10980.000,10980.000,20.00,37101
10985.000,10985.000,20.00,33867
10990.000,10990.000,20.00,32031
10995.000,10995.000,20.00,32731
11000.000,11000.000,20.00,24860
11005.000,11005.000,20.00,29945
11010.000,11010.000,20.00,44073
11015.000,11015.000,20.00,42892
11020.000,11020.000,20.00,43708
11025.000,11025.000,20.00,44194
11030.000,11030.000,20.00,43944
11035.000,11035.000,20.00,43222
11040.000,11040.000,20.00,41660
11045.000,11045.000,20.00,42284
11050.000,11050.000,20.00,41239
11055.000,11055.000,20.00,41923
11060.000,11060.000,20.00,40688
11065.000,11065.000,20.00,42272
11070.000,11070.000,20.00,43937
11075.000,11075.000,20.00,42474
11080.000,11080.000,20.00,43496
11085.000,11085.000,20.00,43916
11090.000,11090.000,20.00,43270
11095.000,11095.000,20.00,43393
11100.000,11100.000,20.00,33924
11105.000,11105.000,20.00,30614
11110.000,11110.000,20.00,31407
11115.000,11115.000,20.00,28735
11120.000,11120.000,20.00,36527
11125.000,11125.000,20.00,39937
11130.000,11130.000,20.00,31872
11135.000,11135.000,20.00,28314
11140.000,11140.000,20.00,39416
11145.000,11145.000,20.00,44896
11150.000,11150.000,20.00,26368
11155.000,11155.000,20.00,30822
11160.000,11160.000,20.00,46187
11165.000,11165.000,20.00,45707
11170.000,11170.000,20.00,46238
11175.000,11175.000,20.00,46556
11180.000,11180.000,20.00,47103
11185.000,11185.000,20.00,47094
11190.000,11190.000,20.00,40736
11195.000,11195.000,20.00,40254
11200.000,11200.000,20.00,44666
11205.000,11205.000,20.00,43234
11210.000,11210.000,20.00,45087
11215.000,11215.000,20.00,43042
11220.000,11220.000,20.00,43750
11225.000,11225.000,20.00,41420
11230.000,11230.000,20.00,44434
11235.000,11235.000,20.00,44007
11240.000,11240.000,20.00,44613
11245.000,11245.000,20.00,42870
11250.000,11250.000,20.00,47721
11255.000,11255.000,20.00,47434
11260.000,11260.000,20.00,45619
11265.000,11265.000,20.00,45516
11270.000,11270.000,20.00,46763
11275.000,11275.000,20.00,47340
11280.000,11280.000,20.00,48993
11285.000,11285.000,20.00,47934
11290.000,11290.000,20.00,48602
11295.000,11295.000,20.00,47280
11300.000,11300.000,20.00,46979
11305.000,11305.000,20.00,49571
11310.000,11310.000,20.00,47640
11315.000,11315.000,20.00,48484
11320.000,11320.000,20.00,46528
11325.000,11325.000,20.00,48847
11330.000,11330.000,20.00,47596
11335.000,11335.000,20.00,45535
11340.000,11340.000,20.00,48173
11345.000,11345.000,20.00,48324
11350.000,11350.000,20.00,48843
11355.000,11355.000,20.00,48839
11360.000,11360.000,20.00,49274
11365.000,11365.000,20.00,49222
11370.000,11370.000,20.00,43824
11375.000,11375.000,20.00,39548
11380.000,11380.000,20.00,35783
11385.000,11385.000,20.00,36529
11390.000,11390.000,20.00,30371
11395.000,11395.000,20.00,42182
11400.000,11400.000,20.00,7481
11405.000,11405.000,20.00,10166
11410.000,11410.000,20.00,9911
11415.000,11415.000,20.00,11060
11420.000,11420.000,20.00,11707
11425.000,11425.000,20.00,13011
11430.000,11430.000,20.00,43609
11435.000,11435.000,20.00,44247
11440.000,11440.000,20.00,43875
11445.000,11445.000,20.00,44181
11450.000,11450.000,20.00,45707
11455.000,11455.000,20.00,47208
11460.000,11460.000,20.00,30695
11465.000,11465.000,20.00,35866
11470.000,11470.000,20.00,37087
11475.000,11475.000,20.00,24366
11480.000,11480.000,20.00,32206
11485.000,11485.000,20.00,38976
11490.000,11490.000,20.00,49490
11495.000,11495.000,20.00,48848
11500.000,11500.000,20.00,48503
11505.000,11505.000,20.00,48325
11510.000,11510.000,20.00,49388
11515.000,11515.000,20.00,49528
11520.000,11520.000,20.00,48803
11525.000,11525.000,20.00,47775
11530.000,11530.000,20.00,46619
11535.000,11535.000,20.00,49396
11540.000,11540.000,20.00,48776
11545.000,11545.000,20.00,49352
11550.000,11550.000,20.00,43828
11555.000,11555.000,20.00,44220
11560.000,11560.000,20.00,45954
11565.000,11565.000,20.00,43728
11570.000,11570.000,20.00,46241
11575.000,11575.000,20.00,44673
11580.000,11580.000,20.00,49739
11585.000,11585.000,20.00,48549
11590.000,11590.000,20.00,47527
11595.000,11595.000,20.00,49591
11600.000,11600.000,20.00,49584
11605.000,11605.000,20.00,48419
11610.000,11610.000,20.00,48688
11615.000,11615.000,20.00,49680
11620.000,11620.000,20.00,48891
11625.000,11625.000,20.00,48653
11630.000,11630.000,20.00,49999
11635.000,11635.000,20.00,49052
11640.000,11640.000,20.00,47076
11645.000,11645.000,20.00,43881
11650.000,11650.000,20.00,43809
11655.000,11655.000,20.00,43907
11660.000,11660.000,20.00,44660
11665.000,11665.000,20.00,44314
11670.000,11670.000,20.00,35759
11675.000,11675.000,20.00,34325
11680.000,11680.000,20.00,42982
11685.000,11685.000,20.00,37604
11690.000,11690.000,20.00,31557
11695.000,11695.000,20.00,39490
11700.000,11700.000,20.00,44187
11705.000,11705.000,20.00,44128
11710.000,11710.000,20.00,44484
11715.000,11715.000,20.00,44299
11720.000,11720.000,20.00,43117
11725.000,11725.000,20.00,43942
11730.000,11730.000,20.00,43595
11735.000,11735.000,20.00,44248
11740.000,11740.000,20.00,43486
11745.000,11745.000,20.00,41758
11750.000,11750.000,20.00,43616
11755.000,11755.000,20.00,43591
11760.000,11760.000,20.00,37196
11765.000,11765.000,20.00,38008
11770.000,11770.000,20.00,38547
11775.000,11775.000,20.00,38497
11780.000,11780.000,20.00,38142
11785.000,11785.000,20.00,37879
11790.000,11790.000,20.00,39040
11795.000,11795.000,20.00,38611
11800.000,11800.000,20.00,38730
11805.000,11805.000,20.00,39006
11810.000,11810.000,20.00,38728
11815.000,11815.000,20.00,38927
11820.000,11820.000,20.00,35963
11825.000,11825.000,20.00,37294
11830.000,11830.000,20.00,37650
11835.000,11835.000,20.00,37037
11840.000,11840.000,20.00,37792
11845.000,11845.000,20.00,36080
11850.000,11850.000,20.00,37314
11855.000,11855.000,20.00,36785
11860.000,11860.000,20.00,36295
11865.000,11865.000,20.00,36735
11870.000,11870.000,20.00,36903
11875.000,11875.000,20.00,36636
11880.000,11880.000,20.00,38917
11885.000,11885.000,20.00,38584
11890.000,11890.000,20.00,38945
11895.000,11895.000,20.00,38023
11900.000,11900.000,20.00,37405
11905.000,11905.000,20.00,36133
11910.000,11910.000,20.00,38555
11915.000,11915.000,20.00,40382
11920.000,11920.000,20.00,40368
11925.000,11925.000,20.00,41023
11930.000,11930.000,20.00,41969
11935.000,11935.000,20.00,41837
11940.000,11940.000,20.00,45631
11945.000,11945.000,20.00,45091
11950.000,11950.000,20.00,36868
11955.000,11955.000,20.00,42935
11960.000,11960.000,20.00,44546
11965.000,11965.000,20.00,44799
11970.000,11970.000,20.00,41773
11975.000,11975.000,20.00,31383
11980.000,11980.000,20.00,35011
11985.000,11985.000,20.00,33925
11990.000,11990.000,20.00,37773
11995.000,11995.000,20.00,40259
12000.000,12000.000,20.00,43092
12005.000,12005.000,20.00,44209
12010.000,12010.000,20.00,42062
12015.000,12015.000,20.00,41946
12020.000,12020.000,20.00,43178
12025.000,12025.000,20.00,36288
12030.000,12030.000,20.00,46135
12035.000,12035.000,20.00,44085
12040.000,12040.000,20.00,43857
12045.000,12045.000,20.00,42979
12050.000,12050.000,20.00,38830
12055.000,12055.000,20.00,43710
12060.000,12060.000,20.00,47100
12065.000,12065.000,20.00,48097
12070.000,12070.000,20.00,47705
12075.000,12075.000,20.00,43699
12080.000,12080.000,20.00,47175
12085.000,12085.000,20.00,43146
12090.000,12090.000,20.00,24759
12095.000,12095.000,20.00,25888
12100.000,12100.000,20.00,28276
12105.000,12105.000,20.00,31050
12110.000,12110.000,20.00,26455
12115.000,12115.000,20.00,22691
12120.000,12120.000,20.00,49665
12125.000,12125.000,20.00,48801
12130.000,12130.000,20.00,49504
12135.000,12135.000,20.00,49371
12140.000,12140.000,20.00,49324
12145.000,12145.000,20.00,48614
12150.000,12150.000,20.00,46661
12155.000,12155.000,20.00,49656
12160.000,12160.000,20.00,49619
12165.000,12165.000,20.00,49670
12170.000,12170.000,20.00,47529
12175.000,12175.000,20.00,49142
12180.000,12180.000,20.00,48885
12185.000,12185.000,20.00,48655
12190.000,12190.000,20.00,49549
12195.000,12195.000,20.00,49642
12200.000,12200.000,20.00,49452
12205.000,12205.000,20.00,49550
12210.000,12210.000,20.00,44403
12215.000,12215.000,20.00,44406
12220.000,12220.000,20.00,37581
12225.000,12225.000,20.00,45694
12230.000,12230.000,20.00,46855
12235.000,12235.000,20.00,39849
12240.000,12240.000,20.00,45270
12245.000,12245.000,20.00,45604
12250.000,12250.000,20.00,46992
12255.000,12255.000,20.00,45771
12260.000,12260.000,20.00,45905
12265.000,12265.000,20.00,45942
12270.000,12270.000,20.00,46220
12275.000,12275.000,20.00,46724
12280.000,12280.000,20.00,47068
12285.000,12285.000,20.00,46683
12290.000,12290.000,20.00,43684
12295.000,12295.000,20.00,46249
12300.000,12300.000,20.00,48093
12305.000,12305.000,20.00,48291
12310.000,12310.000,20.00,48897
12315.000,12315.000,20.00,49183
12320.000,12320.000,20.00,49293
12325.000,12325.000,20.00,49790
12330.000,12330.000,20.00,43650
12335.000,12335.000,20.00,44008
12340.000,12340.000,20.00,43651
12345.000,12345.000,20.00,44383
12350.000,12350.000,20.00,43498
12355.000,12355.000,20.00,43940
12360.000,12360.000,20.00,41626
12365.000,12365.000,20.00,41215
12370.000,12370.000,20.00,41930
12375.000,12375.000,20.00,41927
12380.000,12380.000,20.00,42038
12385.000,12385.000,20.00,42161
12390.000,12390.000,20.00,44514
12395.000,12395.000,20.00,44235
12400.000,12400.000,20.00,43612
12405.000,12405.000,20.00,42291
12410.000,12410.000,20.00,42969
12415.000,12415.000,20.00,43201
12420.000,12420.000,20.00,44733
12425.000,12425.000,20.00,42877
12430.000,12430.000,20.00,44432
12435.000,12435.000,20.00,44617
12440.000,12440.000,20.00,44395
12445.000,12445.000,20.00,43693
12450.000,12450.000,20.00,43226
12455.000,12455.000,20.00,43787
12460.000,12460.000,20.00,43631
12465.000,12465.000,20.00,43605
12470.000,12470.000,20.00,43739
12475.000,12475.000,20.00,43187
12480.000,12480.000,20.00,38843
12485.000,12485.000,20.00,32725
12490.000,12490.000,20.00,36633
12495.000,12495.000,20.00,38985
12500.000,12500.000,20.00,40453
12505.000,12505.000,20.00,40614
12510.000,12510.000,20.00,44599
12515.000,12515.000,20.00,43639
12520.000,12520.000,20.00,43702
12525.000,12525.000,20.00,44446
12530.000,12530.000,20.00,43957
12535.000,12535.000,20.00,44517
12540.000,12540.000,20.00,43646
12545.000,12545.000,20.00,36573
12550.000,12550.000,20.00,44216
12555.000,12555.000,20.00,40374
12560.000,12560.000,20.00,43185
12565.000,12565.000,20.00,38755
12570.000,12570.000,20.00,20123
12575.000,12575.000,20.00,25316
12580.000,12580.000,20.00,32354
12585.000,12585.000,20.00,24241
12590.000,12590.000,20.00,31122
12595.000,12595.000,20.00,26530
12600.000,12600.000,20.00,38106
12605.000,12605.000,20.00,43960
12610.000,12610.000,20.00,36063
12615.000,12615.000,20.00,43953
12620.000,12620.000,20.00,37048
12625.000,12625.000,20.00,44413
12630.000,12630.000,20.00,19627
12635.000,12635.000,20.00,15764
12640.000,12640.000,20.00,16503
12645.000,12645.000,20.00,19181
12650.000,12650.000,20.00,15942
12655.000,12655.000,20.00,19204
12660.000,12660.000,20.00,40573
12665.000,12665.000,20.00,41110
12670.000,12670.000,20.00,40602
12675.000,12675.000,20.00,33047
12680.000,12680.000,20.00,27286
12685.000,12685.000,20.00,30323
12690.000,12690.000,20.00,43902
12695.000,12695.000,20.00,44441
12700.000,12700.000,20.00,42991
12705.000,12705.000,20.00,42214
12710.000,12710.000,20.00,40405
12715.000,12715.000,20.00,40590
12720.000,12720.000,20.00,44150
12725.000,12725.000,20.00,39698
12730.000,12730.000,20.00,39624
12735.000,12735.000,20.00,41827
12740.000,12740.000,20.00,41747
12745.000,12745.000,20.00,41438
12750.000,12750.000,20.00,45494
12755.000,12755.000,20.00,47877
12760.000,12760.000,20.00,48520
12765.000,12765.000,20.00,48889
12770.000,12770.000,20.00,49475
12775.000,12775.000,20.00,48942
12780.000,12780.000,20.00,48265
12785.000,12785.000,20.00,47661
12790.000,12790.000,20.00,48316
12795.000,12795.000,20.00,47724
12800.000,12800.000,20.00,47942
12805.000,12805.000,20.00,48715
12810.000,12810.000,20.00,49461
12815.000,12815.000,20.00,49364
12820.000,12820.000,20.00,49716
12825.000,12825.000,20.00,49820
12830.000,12830.000,20.00,49591
12835.000,12835.000,20.00,48593
12840.000,12840.000,20.00,49863
12845.000,12845.000,20.00,48792
12850.000,12850.000,20.00,48703
12855.000,12855.000,20.00,49463
12860.000,12860.000,20.00,48392
12865.000,12865.000,20.00,49576
12870.000,12870.000,20.00,49665
12875.000,12875.000,20.00,49765
12880.000,12880.000,20.00,49003
12885.000,12885.000,20.00,47642
12890.000,12890.000,20.00,34743
12895.000,12895.000,20.00,41450
12900.000,12900.000,20.00,47785
12905.000,12905.000,20.00,48692
12910.000,12910.000,20.00,49524
12915.000,12915.000,20.00,48510
12920.000,12920.000,20.00,49298
12925.000,12925.000,20.00,49516
12930.000,12930.000,20.00,48784
12935.000,12935.000,20.00,47078
12940.000,12940.000,20.00,48625
12945.000,12945.000,20.00,48764
12950.000,12950.000,20.00,48610
12955.000,12955.000,20.00,49467
12960.000,12960.000,20.00,43851
12965.000,12965.000,20.00,43618
12970.000,12970.000,20.00,46937
12975.000,12975.000,20.00,46052
12980.000,12980.000,20.00,45558
12985.000,12985.000,20.00,45689
12990.000,12990.000,20.00,49678
12995.000,12995.000,20.00,48750
13000.000,13000.000,20.00,48169
13005.000,13005.000,20.00,49667
13010.000,13010.000,20.00,49009
13015.000,13015.000,20.00,49666
13020.000,13020.000,20.00,48952
13025.000,13025.000,20.00,48519
13030.000,13030.000,20.00,49233
13035.000,13035.000,20.00,48775
13040.000,13040.000,20.00,49624
13045.000,13045.000,20.00,49624
13050.000,13050.000,20.00,44066
13055.000,13055.000,20.00,46006
13060.000,13060.000,20.00,48806
13065.000,13065.000,20.00,48662
13070.000,13070.000,20.00,48643
13075.000,13075.000,20.00,49200
13080.000,13080.000,20.00,49685
13085.000,13085.000,20.00,49185
13090.000,13090.000,20.00,48936
13095.000,13095.000,20.00,47928
13100.000,13100.000,20.00,49258
13105.000,13105.000,20.00,49433
13110.000,13110.000,20.00,47628
13115.000,13115.000,20.00,45889
13120.000,13120.000,20.00,48905
13125.000,13125.000,20.00,49728
13130.000,13130.000,20.00,49844
13135.000,13135.000,20.00,49793
13140.000,13140.000,20.00,22076
13145.000,13145.000,20.00,17283
13150.000,13150.000,20.00,16950
13155.000,13155.000,20.00,22242
13160.000,13160.000,20.00,29072
13165.000,13165.000,20.00,42213
13170.000,13170.000,20.00,36206
13175.000,13175.000,20.00,34810
13180.000,13180.000,20.00,37741
13185.000,13185.000,20.00,34377
13190.000,13190.000,20.00,37803
13195.000,13195.000,20.00,38832
13200.000,13200.000,20.00,26791
13205.000,13205.000,20.00,37829
13210.000,13210.000,20.00,28696
13215.000,13215.000,20.00,39189
13220.000,13220.000,20.00,26421
13225.000,13225.000,20.00,35787
13230.000,13230.000,20.00,44491
13235.000,13235.000,20.00,44647
13240.000,13240.000,20.00,43616
13245.000,13245.000,20.00,44503
13250.000,13250.000,20.00,44334
13255.000,13255.000,20.00,44666
13260.000,13260.000,20.00,43714
13265.000,13265.000,20.00,44074
13270.000,13270.000,20.00,44527
13275.000,13275.000,20.00,44061
13280.000,13280.000,20.00,42863
13285.000,13285.000,20.00,44215
13290.000,13290.000,20.00,44392
13295.000,13295.000,20.00,43486
13300.000,13300.000,20.00,43771
13305.000,13305.000,20.00,41784
13310.000,13310.000,20.00,43597
13315.000,13315.000,20.00,44307
13320.000,13320.000,20.00,44280
13325.000,13325.000,20.00,42715
13330.000,13330.000,20.00,44139
13335.000,13335.000,20.00,44323
13340.000,13340.000,20.00,43895
13345.000,13345.000,20.00,43721
13350.000,13350.000,20.00,43689
13355.000,13355.000,20.00,44540
13360.000,13360.000,20.00,43637
13365.000,13365.000,20.00,43551
13370.000,13370.000,20.00,44147
13375.000,13375.000,20.00,44191
13380.000,13380.000,20.00,43175
13385.000,13385.000,20.00,43582
13390.000,13390.000,20.00,43785
13395.000,13395.000,20.00,44183
13400.000,13400.000,20.00,44472
13405.000,13405.000,20.00,43636
13410.000,13410.000,20.00,47823
13415.000,13415.000,20.00,47944
13420.000,13420.000,20.00,48771
13425.000,13425.000,20.00,49670
13430.000,13430.000,20.00,49719
13435.000,13435.000,20.00,48787
13440.000,13440.000,20.00,49475
13445.000,13445.000,20.00,47891
13450.000,13450.000,20.00,43996
13455.000,13455.000,20.00,38239
13460.000,13460.000,20.00,46913
13465.000,13465.000,20.00,48273
13470.000,13470.000,20.00,41778
13475.000,13475.000,20.00,42404
13480.000,13480.000,20.00,41492
13485.000,13485.000,20.00,42907
13490.000,13490.000,20.00,42668
13495.000,13495.000,20.00,42555
13500.000,13500.000,20.00,49546
13505.000,13505.000,20.00,48662
13510.000,13510.000,20.00,49749
13515.000,13515.000,20.00,48029
13520.000,13520.000,20.00,49417
13525.000,13525.000,20.00,49587
13530.000,13530.000,20.00,48818
13535.000,13535.000,20.00,49819
13540.000,13540.000,20.00,49432
13545.000,13545.000,20.00,49786
13550.000,13550.000,20.00,47661
13555.000,13555.000,20.00,47225
13560.000,13560.000,20.00,49810
13565.000,13565.000,20.00,49241
13570.000,13570.000,20.00,49781
13575.000,13575.000,20.00,49573
13580.000,13580.000,20.00,49853
13585.000,13585.000,20.00,49158
13590.000,13590.000,20.00,42227
13595.000,13595.000,20.00,47156
13600.000,13600.000,20.00,42675
13605.000,13605.000,20.00,44492
13610.000,13610.000,20.00,47252
13615.000,13615.000,20.00,45716
13620.000,13620.000,20.00,46498
13625.000,13625.000,20.00,42833
13630.000,13630.000,20.00,46375
13635.000,13635.000,20.00,47122
13640.000,13640.000,20.00,48329
13645.000,13645.000,20.00,46406
13650.000,13650.000,20.00,44621
13655.000,13655.000,20.00,43831
13660.000,13660.000,20.00,35081
13665.000,13665.000,20.00,40451
13670.000,13670.000,20.00,42233
13675.000,13675.000,20.00,41656
13680.000,13680.000,20.00,43823
13685.000,13685.000,20.00,43043
13690.000,13690.000,20.00,42071
13695.000,13695.000,20.00,44201
13700.000,13700.000,20.00,44146
13705.000,13705.000,20.00,44472
13710.000,13710.000,20.00,43393
13715.000,13715.000,20.00,44186
13720.000,13720.000,20.00,43732
13725.000,13725.000,20.00,44436
13730.000,13730.000,20.00,44144
13735.000,13735.000,20.00,44635
13740.000,13740.000,20.00,47804
13745.000,13745.000,20.00,48967
13750.000,13750.000,20.00,49035
13755.000,13755.000,20.00,48998
13760.000,13760.000,20.00,48842
13765.000,13765.000,20.00,49675
13770.000,13770.000,20.00,49805
13775.000,13775.000,20.00,49662
13780.000,13780.000,20.00,48604
13785.000,13785.000,20.00,49469
13790.000,13790.000,20.00,48180
13795.000,13795.000,20.00,49394
13800.000,13800.000,20.00,49785
13805.000,13805.000,20.00,48359
13810.000,13810.000,20.00,50061
13815.000,13815.000,20.00,48910
13820.000,13820.000,20.00,49920
13825.000,13825.000,20.00,49336
13830.000,13830.000,20.00,49517
13835.000,13835.000,20.00,49368
13840.000,13840.000,20.00,49587
13845.000,13845.000,20.00,48930
13850.000,13850.000,20.00,48086
13855.000,13855.000,20.00,49294
13860.000,13860.000,20.00,48911
13865.000,13865.000,20.00,49511
13870.000,13870.000,20.00,49996
13875.000,13875.000,20.00,49941
13880.000,13880.000,20.00,48354
13885.000,13885.000,20.00,48921
13890.000,13890.000,20.00,45995
13895.000,13895.000,20.00,43927
13900.000,13900.000,20.00,44927
13905.000,13905.000,20.00,46622
13910.000,13910.000,20.00,46371
13915.000,13915.000,20.00,47865
13920.000,13920.000,20.00,49036
13925.000,13925.000,20.00,47211
13930.000,13930.000,20.00,34938
13935.000,13935.000,20.00,43276
13940.000,13940.000,20.00,45293
13945.000,13945.000,20.00,48644
13950.000,13950.000,20.00,43344
13955.000,13955.000,20.00,46918
13960.000,13960.000,20.00,46700
13965.000,13965.000,20.00,44457
13970.000,13970.000,20.00,47036
13975.000,13975.000,20.00,44578
13980.000,13980.000,20.00,47391
13985.000,13985.000,20.00,47738
13990.000,13990.000,20.00,47564
13995.000,13995.000,20.00,45792
14000.000,14000.000,20.00,43658
14005.000,14005.000,20.00,43787
14010.000,14010.000,20.00,46140
14015.000,14015.000,20.00,47745
14020.000,14020.000,20.00,47107
14025.000,14025.000,20.00,45525
14030.000,14030.000,20.00,47677
14035.000,14035.000,20.00,46424
14040.000,14040.000,20.00,48877
14045.000,14045.000,20.00,49341
14050.000,14050.000,20.00,48590
14055.000,14055.000,20.00,49672
14060.000,14060.000,20.00,48454
14065.000,14065.000,20.00,50085
14070.000,14070.000,20.00,49199
14075.000,14075.000,20.00,46637
14080.000,14080.000,20.00,48951
14085.000,14085.000,20.00,47989
14090.000,14090.000,20.00,49618
14095.000,14095.000,20.00,49151
14100.000,14100.000,20.00,42672
14105.000,14105.000,20.00,46668
14110.000,14110.000,20.00,45675
14115.000,14115.000,20.00,45803
14120.000,14120.000,20.00,46462
14125.000,14125.000,20.00,44503
14130.000,14130.000,20.00,45102
14135.000,14135.000,20.00,47247
14140.000,14140.000,20.00,41881
14145.000,14145.000,20.00,45432
14150.000,14150.000,20.00,46038
14155.000,14155.000,20.00,47022
14160.000,14160.000,20.00,44366
14165.000,14165.000,20.00,45354
14170.000,14170.000,20.00,44461
14175.000,14175.000,20.00,49152
14180.000,14180.000,20.00,44196
14185.000,14185.000,20.00,44448
14190.000,14190.000,20.00,48378
14195.000,14195.000,20.00,44459
14200.000,14200.000,20.00,49336
14205.000,14205.000,20.00,44538
14210.000,14210.000,20.00,46772
14215.000,14215.000,20.00,47800
14220.000,14220.000,20.00,35086
14225.000,14225.000,20.00,38978
14230.000,14230.000,20.00,35693
14235.000,14235.000,20.00,37468
14240.000,14240.000,20.00,36152
14245.000,14245.000,20.00,37993
14250.000,14250.000,20.00,32467
14255.000,14255.000,20.00,14174
14260.000,14260.000,20.00,14397
14265.000,14265.000,20.00,32945
14270.000,14270.000,20.00,36439
14275.000,14275.000,20.00,28575
14280.000,14280.000,20.00,49381
14285.000,14285.000,20.00,25598
14290.000,14290.000,20.00,37359
14295.000,14295.000,20.00,45041
14300.000,14300.000,20.00,45152
14305.000,14305.000,20.00,45107
14310.000,14310.000,20.00,44588
14315.000,14315.000,20.00,46352
14320.000,14320.000,20.00,46716
14325.000,14325.000,20.00,46547
14330.000,14330.000,20.00,45745
14335.000,14335.000,20.00,46531
14340.000,14340.000,20.00,49966
14345.000,14345.000,20.00,48937
14350.000,14350.000,20.00,49552
14355.000,14355.000,20.00,49264
14360.000,14360.000,20.00,49502
14365.000,14365.000,20.00,49815
14370.000,14370.000,20.00,43656
14375.000,14375.000,20.00,43957
14380.000,14380.000,20.00,43923
14385.000,14385.000,20.00,45849
14390.000,14390.000,20.00,47420
14395.000,14395.000,20.00,44398
14400.000,14400.000,20.00,48879
14405.000,14405.000,20.00,49841
14410.000,14410.000,20.00,49028
14415.000,14415.000,20.00,48625
14420.000,14420.000,20.00,48980
14425.000,14425.000,20.00,50045
14430.000,14430.000,20.00,48944
14435.000,14435.000,20.00,49691
14440.000,14440.000,20.00,49526
14445.000,14445.000,20.00,49679
14450.000,14450.000,20.00,46000
14455.000,14455.000,20.00,48979
14460.000,14460.000,20.00,49249
14465.000,14465.000,20.00,49796
14470.000,14470.000,20.00,43557
14475.000,14475.000,20.00,46762
14480.000,14480.000,20.00,49322
14485.000,14485.000,20.00,44529
14490.000,14490.000,20.00,47136
14495.000,14495.000,20.00,49211
14500.000,14500.000,20.00,48812
14505.000,14505.000,20.00,49559
14510.000,14510.000,20.00,49334
14515.000,14515.000,20.00,49153
14520.000,14520.000,20.00,45224
14525.000,14525.000,20.00,45672
14530.000,14530.000,20.00,46140
14535.000,14535.000,20.00,44170
14540.000,14540.000,20.00,47484
14545.000,14545.000,20.00,49848
14550.000,14550.000,20.00,46769
14555.000,14555.000,20.00,49339
14560.000,14560.000,20.00,49827
14565.000,14565.000,20.00,49452
14570.000,14570.000,20.00,49978
14575.000,14575.000,20.00,48947
14580.000,14580.000,20.00,46581
14585.000,14585.000,20.00,47264
14590.000,14590.000,20.00,46618
14595.000,14595.000,20.00,46972
14600.000,14600.000,20.00,45415
14605.000,14605.000,20.00,44919
14610.000,14610.000,20.00,46588
14615.000,14615.000,20.00,47642
14620.000,14620.000,20.00,47075
14625.000,14625.000,20.00,47858
14630.000,14630.000,20.00,47997
14635.000,14635.000,20.00,47154
14640.000,14640.000,20.00,48932
14645.000,14645.000,20.00,48956
14650.000,14650.000,20.00,49827
14655.000,14655.000,20.00,49249
14660.000,14660.000,20.00,48926
14665.000,14665.000,20.00,49151
14670.000,14670.000,20.00,47056
14675.000,14675.000,20.00,46311
14680.000,14680.000,20.00,47362
14685.000,14685.000,20.00,48922
14690.000,14690.000,20.00,49750
14695.000,14695.000,20.00,48104
14700.000,14700.000,20.00,44340
14705.000,14705.000,20.00,43450
14710.000,14710.000,20.00,43040
14715.000,14715.000,20.00,44190
14720.000,14720.000,20.00,42931
14725.000,14725.000,20.00,43642
14730.000,14730.000,20.00,48483
14735.000,14735.000,20.00,49563
14740.000,14740.000,20.00,48842
14745.000,14745.000,20.00,47960
14750.000,14750.000,20.00,49943
14755.000,14755.000,20.00,48616
14760.000,14760.000,20.00,48541
14765.000,14765.000,20.00,49069
14770.000,14770.000,20.00,49626
14775.000,14775.000,20.00,49804
14780.000,14780.000,20.00,48928
14785.000,14785.000,20.00,49579
14790.000,14790.000,20.00,42390
14795.000,14795.000,20.00,43952
14800.000,14800.000,20.00,43977
14805.000,14805.000,20.00,44033
14810.000,14810.000,20.00,43452
14815.000,14815.000,20.00,44137
14820.000,14820.000,20.00,45112
14825.000,14825.000,20.00,46572
14830.000,14830.000,20.00,45354
14835.000,14835.000,20.00,45643
14840.000,14840.000,20.00,43947
14845.000,14845.000,20.00,48042
14850.000,14850.000,20.00,47698
14855.000,14855.000,20.00,49042
14860.000,14860.000,20.00,46584
14865.000,14865.000,20.00,49181
14870.000,14870.000,20.00,48384
14875.000,14875.000,20.00,49246
14880.000,14880.000,20.00,47686
14885.000,14885.000,20.00,49074
14890.000,14890.000,20.00,49649
14895.000,14895.000,20.00,49035
14900.000,14900.000,20.00,48713
14905.000,14905.000,20.00,50089
14910.000,14910.000,20.00,49674
14915.000,14915.000,20.00,48940
14920.000,14920.000,20.00,46606
14925.000,14925.000,20.00,42723
14930.000,14930.000,20.00,43697
14935.000,14935.000,20.00,46632
14940.000,14940.000,20.00,48858
14945.000,14945.000,20.00,48940
14950.000,14950.000,20.00,49283
14955.000,14955.000,20.00,48595
14960.000,14960.000,20.00,48859
14965.000,14965.000,20.00,49556
14970.000,14970.000,20.00,48847
14975.000,14975.000,20.00,48433
14980.000,14980.000,20.00,48963
14985.000,14985.000,20.00,48813
14990.000,14990.000,20.00,49604
14995.000,14995.000,20.00,49705
15000.000,15000.000,20.00,49424
15005.000,15005.000,20.00,48839
15010.000,15010.000,20.00,49469
15015.000,15015.000,20.00,48926
15020.000,15020.000,20.00,48498
15025.000,15025.000,20.00,49178
15030.000,15030.000,20.00,48481
15035.000,15035.000,20.00,49053
15040.000,15040.000,20.00,48742
15045.000,15045.000,20.00,48226
15050.000,15050.000,20.00,48595
15055.000,15055.000,20.00,49436
15060.000,15060.000,20.00,49369
15065.000,15065.000,20.00,49577
15070.000,15070.000,20.00,48460
15075.000,15075.000,20.00,46061
15080.000,15080.000,20.00,48436
15085.000,15085.000,20.00,48370
15090.000,15090.000,20.00,48990
15095.000,15095.000,20.00,49631
15100.000,15100.000,20.00,49251
15105.000,15105.000,20.00,47728
15110.000,15110.000,20.00,49971
15115.000,15115.000,20.00,49641
15120.000,15120.000,20.00,44294
15125.000,15125.000,20.00,44669
15130.000,15130.000,20.00,43454
15135.000,15135.000,20.00,46149
15140.000,15140.000,20.00,47816
15145.000,15145.000,20.00,46748
15150.000,15150.000,20.00,47053
15155.000,15155.000,20.00,47490
15160.000,15160.000,20.00,47905
15165.000,15165.000,20.00,47754
15170.000,15170.000,20.00,47163
15175.000,15175.000,20.00,47089
15180.000,15180.000,20.00,48902
15185.000,15185.000,20.00,48266
15190.000,15190.000,20.00,48882
15195.000,15195.000,20.00,47089
15200.000,15200.000,20.00,48472
15205.000,15205.000,20.00,49186
15210.000,15210.000,20.00,48626
15215.000,15215.000,20.00,46811
15220.000,15220.000,20.00,45540
15225.000,15225.000,20.00,45491
15230.000,15230.000,20.00,47586
15235.000,15235.000,20.00,49125
15240.000,15240.000,20.00,48751
15245.000,15245.000,20.00,47705
15250.000,15250.000,20.00,48912
15255.000,15255.000,20.00,48201
15260.000,15260.000,20.00,49642
15265.000,15265.000,20.00,48939
15270.000,15270.000,20.00,47991
15275.000,15275.000,20.00,49858
15280.000,15280.000,20.00,48892
15285.000,15285.000,20.00,49399
15290.000,15290.000,20.00,49519
15295.000,15295.000,20.00,48366
15300.000,15300.000,20.00,50026
15305.000,15305.000,20.00,49139
15310.000,15310.000,20.00,49811
15315.000,15315.000,20.00,48948
15320.000,15320.000,20.00,49797
15325.000,15325.000,20.00,48942
15330.000,15330.000,20.00,49008
15335.000,15335.000,20.00,48848
15340.000,15340.000,20.00,47757
15345.000,15345.000,20.00,49717
15350.000,15350.000,20.00,49125
15355.000,15355.000,20.00,48458
15360.000,15360.000,20.00,49574
15365.000,15365.000,20.00,49575
15370.000,15370.000,20.00,47411
15375.000,15375.000,20.00,49835
15380.000,15380.000,20.00,48720
15385.000,15385.000,20.00,49390
15390.000,15390.000,20.00,42829
15395.000,15395.000,20.00,43693
15400.000,15400.000,20.00,44387
15405.000,15405.000,20.00,43483
15410.000,15410.000,20.00,46209
15415.000,15415.000,20.00,43772
15420.000,15420.000,20.00,49843
15425.000,15425.000,20.00,49977
15430.000,15430.000,20.00,49657
15435.000,15435.000,20.00,49946
15440.000,15440.000,20.00,48949
15445.000,15445.000,20.00,49086
15450.000,15450.000,20.00,47069
15455.000,15455.000,20.00,45352
15460.000,15460.000,20.00,45273
15465.000,15465.000,20.00,47016
15470.000,15470.000,20.00,47731
15475.000,15475.000,20.00,48660
15480.000,15480.000,20.00,48515
15485.000,15485.000,20.00,48590
15490.000,15490.000,20.00,48743
15495.000,15495.000,20.00,49427
15500.000,15500.000,20.00,48778
15505.000,15505.000,20.00,49600
15510.000,15510.000,20.00,49845
15515.000,15515.000,20.00,49899
15520.000,15520.000,20.00,49049
15525.000,15525.000,20.00,49802
15530.000,15530.000,20.00,47546
15535.000,15535.000,20.00,49389
15540.000,15540.000,20.00,49718
15545.000,15545.000,20.00,47035
15550.000,15550.000,20.00,45687
15555.000,15555.000,20.00,43905
15560.000,15560.000,20.00,45943
15565.000,15565.000,20.00,45343
15570.000,15570.000,20.00,49561
15575.000,15575.000,20.00,48207
15580.000,15580.000,20.00,50054
15585.000,15585.000,20.00,48857
15590.000,15590.000,20.00,48794
15595.000,15595.000,20.00,49595
15600.000,15600.000,20.00,49834
15605.000,15605.000,20.00,48545
15610.000,15610.000,20.00,48659
15615.000,15615.000,20.00,49666
15620.000,15620.000,20.00,48452
15625.000,15625.000,20.00,49331
15630.000,15630.000,20.00,44706
15635.000,15635.000,20.00,43009
15640.000,15640.000,20.00,44595
15645.000,15645.000,20.00,44141
15650.000,15650.000,20.00,43567
15655.000,15655.000,20.00,44362
15660.000,15660.000,20.00,43869
15665.000,15665.000,20.00,43636
15670.000,15670.000,20.00,42366
15675.000,15675.000,20.00,44264
15680.000,15680.000,20.00,42993
15685.000,15685.000,20.00,44319
15690.000,15690.000,20.00,43942
15695.000,15695.000,20.00,42330
15700.000,15700.000,20.00,44522
15705.000,15705.000,20.00,44084
15710.000,15710.000,20.00,44646
15715.000,15715.000,20.00,44736
15720.000,15720.000,20.00,44653
15725.000,15725.000,20.00,45797
15730.000,15730.000,20.00,43669
15735.000,15735.000,20.00,43545
15740.000,15740.000,20.00,44652
15745.000,15745.000,20.00,43776
15750.000,15750.000,20.00,47182
15755.000,15755.000,20.00,48042
15760.000,15760.000,20.00,47506
15765.000,15765.000,20.00,47876
15770.000,15770.000,20.00,47514
15775.000,15775.000,20.00,47930
15780.000,15780.000,20.00,48017
15785.000,15785.000,20.00,48901
15790.000,15790.000,20.00,49665
15795.000,15795.000,20.00,49552
15800.000,15800.000,20.00,49512
15805.000,15805.000,20.00,44659
15810.000,15810.000,20.00,49205
15815.000,15815.000,20.00,49371
15820.000,15820.000,20.00,49090
15825.000,15825.000,20.00,49180
15830.000,15830.000,20.00,47830
15835.000,15835.000,20.00,48681
15840.000,15840.000,20.00,49864
15845.000,15845.000,20.00,49496
15850.000,15850.000,20.00,49913
15855.000,15855.000,20.00,50006
15860.000,15860.000,20.00,46401
15865.000,15865.000,20.00,48979
15870.000,15870.000,20.00,44016
15875.000,15875.000,20.00,43852
15880.000,15880.000,20.00,43557
15885.000,15885.000,20.00,43923
15890.000,15890.000,20.00,48290
15895.000,15895.000,20.00,49154
15900.000,15900.000,20.00,47503
15905.000,15905.000,20.00,48572
15910.000,15910.000,20.00,47997
15915.000,15915.000,20.00,48530
15920.000,15920.000,20.00,49552
15925.000,15925.000,20.00,49357
15930.000,15930.000,20.00,44276
15935.000,15935.000,20.00,42100
15940.000,15940.000,20.00,42924
15945.000,15945.000,20.00,43923
15950.000,15950.000,20.00,44091
15955.000,15955.000,20.00,43785
15960.000,15960.000,20.00,44356
15965.000,15965.000,20.00,44038
15970.000,15970.000,20.00,44256
15975.000,15975.000,20.00,43964
15980.000,15980.000,20.00,43829
15985.000,15985.000,20.00,44508
15990.000,15990.000,20.00,49585
15995.000,15995.000,20.00,49033
16000.000,16000.000,20.00,49463
16005.000,16005.000,20.00,49029
16010.000,16010.000,20.00,49950
16015.000,16015.000,20.00,48194
16020.000,16020.000,20.00,45172
16025.000,16025.000,20.00,46608
16030.000,16030.000,20.00,45667
16035.000,16035.000,20.00,45304
16040.000,16040.000,20.00,45661
16045.000,16045.000,20.00,46258
16050.000,16050.000,20.00,47464
16055.000,16055.000,20.00,46466
16060.000,16060.000,20.00,47230
16065.000,16065.000,20.00,46616
16070.000,16070.000,20.00,46589
16075.000,16075.000,20.00,46793
16080.000,16080.000,20.00,48370
16085.000,16085.000,20.00,49497
16090.000,16090.000,20.00,49524
16095.000,16095.000,20.00,49305
16100.000,16100.000,20.00,48589
16105.000,16105.000,20.00,48946
16110.000,16110.000,20.00,49213
16115.000,16115.000,20.00,49362
16120.000,16120.000,20.00,49475
16125.000,16125.000,20.00,48557
16130.000,16130.000,20.00,45470
16135.000,16135.000,20.00,48301
16140.000,16140.000,20.00,42928
16145.000,16145.000,20.00,43122
16150.000,16150.000,20.00,46878
16155.000,16155.000,20.00,45376
16160.000,16160.000,20.00,48294
16165.000,16165.000,20.00,48821
16170.000,16170.000,20.00,49582
16175.000,16175.000,20.00,49039
16180.000,16180.000,20.00,48910
16185.000,16185.000,20.00,49539
16190.000,16190.000,20.00,48645
16195.000,16195.000,20.00,48757
16200.000,16200.000,20.00,49238
16205.000,16205.000,20.00,49181
16210.000,16210.000,20.00,48766
16215.000,16215.000,20.00,49550
16220.000,16220.000,20.00,49780
16225.000,16225.000,20.00,49959
16230.000,16230.000,20.00,49733
16235.000,16235.000,20.00,48727
16240.000,16240.000,20.00,48130
16245.000,16245.000,20.00,49220
16250.000,16250.000,20.00,49244
16255.000,16255.000,20.00,49585
16260.000,16260.000,20.00,50002
16265.000,16265.000,20.00,48926
16270.000,16270.000,20.00,48004
16275.000,16275.000,20.00,48692
16280.000,16280.000,20.00,48518
16285.000,16285.000,20.00,48764
16290.000,16290.000,20.00,46634
16295.000,16295.000,20.00,47740
16300.000,16300.000,20.00,44660
16305.000,16305.000,20.00,43771
16310.000,16310.000,20.00,44902
16315.000,16315.000,20.00,49215
16320.000,16320.000,20.00,43690
16325.000,16325.000,20.00,42369
16330.000,16330.000,20.00,44068
16335.000,16335.000,20.00,42879
16340.000,16340.000,20.00,44385
16345.000,16345.000,20.00,44290
16350.000,16350.000,20.00,42072
16355.000,16355.000,20.00,41662
16360.000,16360.000,20.00,42691
16365.000,16365.000,20.00,41166
16370.000,16370.000,20.00,42474
16375.000,16375.000,20.00,42358
16380.000,16380.000,20.00,30046
16385.000,16385.000,20.00,41051
16390.000,16390.000,20.00,34326
16395.000,16395.000,20.00,38211
16400.000,16400.000,20.00,37004
16405.000,16405.000,20.00,37009
16410.000,16410.000,20.00,43822
16415.000,16415.000,20.00,44494
16420.000,16420.000,20.00,44828
16425.000,16425.000,20.00,44633
16430.000,16430.000,20.00,41566
16435.000,16435.000,20.00,44118
16440.000,16440.000,20.00,44438
16445.000,16445.000,20.00,44274
16450.000,16450.000,20.00,43187
16455.000,16455.000,20.00,44536
16460.000,16460.000,20.00,44430
16465.000,16465.000,20.00,44812
16470.000,16470.000,20.00,43664
16475.000,16475.000,20.00,43892
16480.000,16480.000,20.00,43686
16485.000,16485.000,20.00,42758
16490.000,16490.000,20.00,44310
16495.000,16495.000,20.00,44183
16500.000,16500.000,20.00,44521
16505.000,16505.000,20.00,44035
16510.000,16510.000,20.00,44068
16515.000,16515.000,20.00,44116
16520.000,16520.000,20.00,44323
16525.000,16525.000,20.00,43762
16530.000,16530.000,20.00,43675
16535.000,16535.000,20.00,43682
16540.000,16540.000,20.00,42892
16545.000,16545.000,20.00,44336
16550.000,16550.000,20.00,43283
16555.000,16555.000,20.00,43954
16560.000,16560.000,20.00,44079
16565.000,16565.000,20.00,43048
16570.000,16570.000,20.00,43855
16575.000,16575.000,20.00,42977
16580.000,16580.000,20.00,43924
16585.000,16585.000,20.00,42763
16590.000,16590.000,20.00,43597
16595.000,16595.000,20.00,42145
16600.000,16600.000,20.00,43933
16605.000,16605.000,20.00,38677
16610.000,16610.000,20.00,43952
16615.000,16615.000,20.00,44670
16620.000,16620.000,20.00,49136
16625.000,16625.000,20.00,48167
16630.000,16630.000,20.00,48898
16635.000,16635.000,20.00,49200
16640.000,16640.000,20.00,49469
16645.000,16645.000,20.00,48933
16650.000,16650.000,20.00,47468
16655.000,16655.000,20.00,48998
16660.000,16660.000,20.00,48173
16665.000,16665.000,20.00,48618
16670.000,16670.000,20.00,49642
16675.000,16675.000,20.00,49348
16680.000,16680.000,20.00,49488
16685.000,16685.000,20.00,49853
16690.000,16690.000,20.00,48822
16695.000,16695.000,20.00,49610
16700.000,16700.000,20.00,48349
16705.000,16705.000,20.00,49915
16710.000,16710.000,20.00,46783
16715.000,16715.000,20.00,45645
16720.000,16720.000,20.00,45085
16725.000,16725.000,20.00,44868
16730.000,16730.000,20.00,48550
16735.000,16735.000,20.00,48674
16740.000,16740.000,20.00,48837
16745.000,16745.000,20.00,49811
16750.000,16750.000,20.00,49190
16755.000,16755.000,20.00,48395
16760.000,16760.000,20.00,48382
16765.000,16765.000,20.00,49566
16770.000,16770.000,20.00,48698
16775.000,16775.000,20.00,49301
16780.000,16780.000,20.00,49419
16785.000,16785.000,20.00,49626
16790.000,16790.000,20.00,49306
16795.000,16795.000,20.00,49373
16800.000,16800.000,20.00,43863
16805.000,16805.000,20.00,45218
16810.000,16810.000,20.00,44247
16815.000,16815.000,20.00,43459
16820.000,16820.000,20.00,44192
16825.000,16825.000,20.00,44445
16830.000,16830.000,20.00,49499
16835.000,16835.000,20.00,48650
16840.000,16840.000,20.00,48398
16845.000,16845.000,20.00,49519
16850.000,16850.000,20.00,49522
16855.000,16855.000,20.00,49730
16860.000,16860.000,20.00,46122
16865.000,16865.000,20.00,46129
16870.000,16870.000,20.00,45744
16875.000,16875.000,20.00,45814
16880.000,16880.000,20.00,42791
16885.000,16885.000,20.00,41789
16890.000,16890.000,20.00,49363
16895.000,16895.000,20.00,47675
16900.000,16900.000,20.00,47851
16905.000,16905.000,20.00,49397
16910.000,16910.000,20.00,49510
16915.000,16915.000,20.00,49443
16920.000,16920.000,20.00,37084
16925.000,16925.000,20.00,37295
16930.000,16930.000,20.00,37411
16935.000,16935.000,20.00,37391
16940.000,16940.000,20.00,36371
16945.000,16945.000,20.00,36371
16950.000,16950.000,20.00,36751
16955.000,16955.000,20.00,37576
16960.000,16960.000,20.00,36265
16965.000,16965.000,20.00,36278
16970.000,16970.000,20.00,36680
16975.000,16975.000,20.00,37352
16980.000,16980.000,20.00,38975
16985.000,16985.000,20.00,39203
16990.000,16990.000,20.00,39054
16995.000,16995.000,20.00,39400
17000.000,17000.000,20.00,39432
17005.000,17005.000,20.00,38380
17010.000,17010.000,20.00,22628
17015.000,17015.000,20.00,23017
17020.000,17020.000,20.00,25253
17025.000,17025.000,20.00,28446
17030.000,17030.000,20.00,26154
17035.000,17035.000,20.00,29718
