since,relative_seconds,rtt,bandwidth_kbps
0.000,0.000,20.00,82104
5.000,5.000,20.00,82084
10.000,10.000,20.00,81888
15.000,15.000,20.00,82299
20.000,20.000,20.00,82077
25.000,25.000,20.00,82094
30.000,30.000,20.00,82048
35.000,35.000,20.00,82121
40.000,40.000,20.00,82094
45.000,45.000,20.00,82075
50.000,50.000,20.00,82069
55.000,55.000,20.00,82110
60.000,60.000,20.00,82106
65.000,65.000,20.00,82086
70.000,70.000,20.00,82080
75.000,75.000,20.00,82100
80.000,80.000,20.00,82074
85.000,85.000,20.00,82103
90.000,90.000,20.00,82094
95.000,95.000,20.00,82080
100.000,100.000,20.00,82094
105.000,105.000,20.00,82106
110.000,110.000,20.00,82078
115.000,115.000,20.00,82108
120.000,120.000,20.00,82091
125.000,125.000,20.00,82096
130.000,130.000,20.00,81751
135.000,135.000,20.00,82114
140.000,140.000,20.00,82104
145.000,145.000,20.00,82083
150.000,150.000,20.00,82074
155.000,155.000,20.00,81883
160.000,160.000,20.00,82018
165.000,165.000,20.00,82092
170.000,170.000,20.00,82066
175.000,175.000,20.00,82100
180.000,180.000,20.00,82088
185.000,185.000,20.00,82103
190.000,190.000,20.00,82077
195.000,195.000,20.00,82108
200.000,200.000,20.00,82072
205.000,205.000,20.00,82098
210.000,210.000,20.00,82087
215.000,215.000,20.00,82130
220.000,220.000,20.00,82086
225.000,225.000,20.00,82084
230.000,230.000,20.00,81739
235.000,235.000,20.00,82121
240.000,240.000,20.00,80930
245.000,245.000,20.00,82090
250.000,250.000,20.00,82096
255.000,255.000,20.00,81759
260.000,260.000,20.00,82091
265.000,265.000,20.00,82104
270.000,270.000,20.00,81630
275.000,275.000,20.00,82025
280.000,280.000,20.00,81903
285.000,285.000,20.00,82103
290.000,290.000,20.00,81579
295.000,295.000,20.00,82099
300.000,300.000,20.00,82078
305.000,305.000,20.00,82103
310.000,310.000,20.00,82103
315.000,315.000,20.00,82075
320.000,320.000,20.00,82088
325.000,325.000,20.00,82100
330.000,330.000,20.00,82094
335.000,335.000,20.00,82094
340.000,340.000,20.00,82068
345.000,345.000,20.00,82078
350.000,350.000,20.00,82078
355.000,355.000,20.00,82111
360.000,360.000,20.00,82095
365.000,365.000,20.00,82094
370.000,370.000,20.00,82074
375.000,375.000,20.00,82102
380.000,380.000,20.00,82108
385.000,385.000,20.00,82079
390.000,390.000,20.00,81958
395.000,395.000,20.00,81552
400.000,400.000,20.00,81833
405.000,405.000,20.00,82080
410.000,410.000,20.00,82106
415.000,415.000,20.00,82015
420.000,420.000,20.00,82088
425.000,425.000,20.00,80940
430.000,430.000,20.00,80740
435.000,435.000,20.00,82090
440.000,440.000,20.00,82103
445.000,445.000,20.00,82083
450.000,450.000,20.00,82087
455.000,455.000,20.00,82096
460.000,460.000,20.00,82071
465.000,465.000,20.00,82098
470.000,470.000,20.00,82095
475.000,475.000,20.00,82090
480.000,480.000,20.00,82126
485.000,485.000,20.00,82074
490.000,490.000,20.00,82092
495.000,495.000,20.00,82007
500.000,500.000,20.00,76886
505.000,505.000,20.00,77183
510.000,510.000,20.00,82083
515.000,515.000,20.00,82089
520.000,520.000,20.00,82092
525.000,525.000,20.00,82106
530.000,530.000,20.00,82093
535.000,535.000,20.00,82089
540.000,540.000,20.00,82086
545.000,545.000,20.00,81945
550.000,550.000,20.00,82097
555.000,555.000,20.00,82101
560.000,560.000,20.00,82075
565.000,565.000,20.00,82090
570.000,570.000,20.00,82088
575.000,575.000,20.00,82095
580.000,580.000,20.00,82079
585.000,585.000,20.00,82092
590.000,590.000,20.00,82082
595.000,595.000,20.00,82081
600.000,600.000,20.00,81791
605.000,605.000,20.00,78650
610.000,610.000,20.00,77854
615.000,615.000,20.00,77533
620.000,620.000,20.00,77931
625.000,625.000,20.00,77691
630.000,630.000,20.00,82100
635.000,635.000,20.00,82111
640.000,640.000,20.00,82105
645.000,645.000,20.00,82091
650.000,650.000,20.00,82075
655.000,655.000,20.00,82089
660.000,660.000,20.00,82106
665.000,665.000,20.00,82097
670.000,670.000,20.00,81787
675.000,675.000,20.00,82072
680.000,680.000,20.00,82121
685.000,685.000,20.00,82079
690.000,690.000,20.00,82090
695.000,695.000,20.00,81785
700.000,700.000,20.00,82097
705.000,705.000,20.00,82077
710.000,710.000,20.00,81404
715.000,715.000,20.00,82107
720.000,720.000,20.00,82095
725.000,725.000,20.00,82070
730.000,730.000,20.00,82118
735.000,735.000,20.00,82090
740.000,740.000,20.00,82094
745.000,745.000,20.00,82104
750.000,750.000,20.00,82111
755.000,755.000,20.00,82084
760.000,760.000,20.00,82082
765.000,765.000,20.00,82095
770.000,770.000,20.00,82089
775.000,775.000,20.00,82096
780.000,780.000,20.00,82095
785.000,785.000,20.00,82089
790.000,790.000,20.00,82095
795.000,795.000,20.00,82091
800.000,800.000,20.00,82084
805.000,805.000,20.00,82097
810.000,810.000,20.00,82104
815.000,815.000,20.00,82086
820.000,820.000,20.00,82087
825.000,825.000,20.00,82079
830.000,830.000,20.00,82087
835.000,835.000,20.00,82105
840.000,840.000,20.00,82097
845.000,845.000,20.00,81796
850.000,850.000,20.00,82077
855.000,855.000,20.00,82083
860.000,860.000,20.00,82096
865.000,865.000,20.00,82054
870.000,870.000,20.00,81811
875.000,875.000,20.00,82103
880.000,880.000,20.00,82063
885.000,885.000,20.00,82032
890.000,890.000,20.00,82172
895.000,895.000,20.00,82084
900.000,900.000,20.00,76023
905.000,905.000,20.00,79452
910.000,910.000,20.00,78171
915.000,915.000,20.00,75188
920.000,920.000,20.00,81579
925.000,925.000,20.00,76180
930.000,930.000,20.00,82089
935.000,935.000,20.00,82100
940.000,940.000,20.00,82089
945.000,945.000,20.00,82093
950.000,950.000,20.00,82095
955.000,955.000,20.00,82092
960.000,960.000,20.00,82094
965.000,965.000,20.00,82102
970.000,970.000,20.00,82080
975.000,975.000,20.00,82093
980.000,980.000,20.00,82084
985.000,985.000,20.00,82071
990.000,990.000,20.00,82080
995.000,995.000,20.00,82090
1000.000,1000.000,20.00,82086
1005.000,1005.000,20.00,82082
1010.000,1010.000,20.00,82101
1015.000,1015.000,20.00,82087
1020.000,1020.000,20.00,82083
1025.000,1025.000,20.00,82103
1030.000,1030.000,20.00,82092
1035.000,1035.000,20.00,82089
1040.000,1040.000,20.00,82097
1045.000,1045.000,20.00,82102
1050.000,1050.000,20.00,82094
1055.000,1055.000,20.00,82098
1060.000,1060.000,20.00,82092
1065.000,1065.000,20.00,82091
1070.000,1070.000,20.00,82091
1075.000,1075.000,20.00,82078
1080.000,1080.000,20.00,80634
1085.000,1085.000,20.00,78869
1090.000,1090.000,20.00,79446
1095.000,1095.000,20.00,79497
1100.000,1100.000,20.00,79986
1105.000,1105.000,20.00,79708
1110.000,1110.000,20.00,82074
1115.000,1115.000,20.00,82094
1120.000,1120.000,20.00,82082
1125.000,1125.000,20.00,80544
1130.000,1130.000,20.00,81824
1135.000,1135.000,20.00,81867
1140.000,1140.000,20.00,82097
1145.000,1145.000,20.00,82082
1150.000,1150.000,20.00,82108
1155.000,1155.000,20.00,82101
1160.000,1160.000,20.00,82079
1165.000,1165.000,20.00,82094
1170.000,1170.000,20.00,82098
1175.000,1175.000,20.00,81855
1180.000,1180.000,20.00,82003
1185.000,1185.000,20.00,82074
1190.000,1190.000,20.00,82089
1195.000,1195.000,20.00,82093
1200.000,1200.000,20.00,82087
1205.000,1205.000,20.00,81755
1210.000,1210.000,20.00,82120
1215.000,1215.000,20.00,82094
1220.000,1220.000,20.00,82047
1225.000,1225.000,20.00,82121
1230.000,1230.000,20.00,82084
1235.000,1235.000,20.00,82074
1240.000,1240.000,20.00,82093
1245.000,1245.000,20.00,82088
1250.000,1250.000,20.00,82091
1255.000,1255.000,20.00,81870
1260.000,1260.000,20.00,82088
1265.000,1265.000,20.00,82089
1270.000,1270.000,20.00,82092
1275.000,1275.000,20.00,82099
1280.000,1280.000,20.00,81787
1285.000,1285.000,20.00,82082
1290.000,1290.000,20.00,82093
1295.000,1295.000,20.00,82102
1300.000,1300.000,20.00,82084
1305.000,1305.000,20.00,82088
1310.000,1310.000,20.00,82093
1315.000,1315.000,20.00,81566
1320.000,1320.000,20.00,82085
1325.000,1325.000,20.00,82086
1330.000,1330.000,20.00,82118
1335.000,1335.000,20.00,82097
1340.000,1340.000,20.00,82083
1345.000,1345.000,20.00,82106
1350.000,1350.000,20.00,82093
1355.000,1355.000,20.00,82095
1360.000,1360.000,20.00,82088
1365.000,1365.000,20.00,82091
1370.000,1370.000,20.00,82085
1375.000,1375.000,20.00,82093
1380.000,1380.000,20.00,82104
1385.000,1385.000,20.00,82086
1390.000,1390.000,20.00,82095
1395.000,1395.000,20.00,82083
1400.000,1400.000,20.00,82097
1405.000,1405.000,20.00,82091
1410.000,1410.000,20.00,82092
1415.000,1415.000,20.00,81268
1420.000,1420.000,20.00,78798
1425.000,1425.000,20.00,79161
1430.000,1430.000,20.00,74389
1435.000,1435.000,20.00,82118
1440.000,1440.000,20.00,81873
1445.000,1445.000,20.00,71416
1450.000,1450.000,20.00,82031
1455.000,1455.000,20.00,82082
1460.000,1460.000,20.00,82111
1465.000,1465.000,20.00,82071
1470.000,1470.000,20.00,82092
1475.000,1475.000,20.00,82091
1480.000,1480.000,20.00,82088
1485.000,1485.000,20.00,82092
1490.000,1490.000,20.00,82073
1495.000,1495.000,20.00,82088
1500.000,1500.000,20.00,82083
1505.000,1505.000,20.00,82089
1510.000,1510.000,20.00,82090
1515.000,1515.000,20.00,82109
1520.000,1520.000,20.00,82094
1525.000,1525.000,20.00,82093
1530.000,1530.000,20.00,82099
1535.000,1535.000,20.00,82102
1540.000,1540.000,20.00,82105
1545.000,1545.000,20.00,82092
1550.000,1550.000,20.00,82103
1555.000,1555.000,20.00,82100
1560.000,1560.000,20.00,82062
1565.000,1565.000,20.00,82128
1570.000,1570.000,20.00,82077
1575.000,1575.000,20.00,82081
1580.000,1580.000,20.00,82119
1585.000,1585.000,20.00,82084
1590.000,1590.000,20.00,81571
1595.000,1595.000,20.00,81764
1600.000,1600.000,20.00,82056
1605.000,1605.000,20.00,81697
1610.000,1610.000,20.00,80291
1615.000,1615.000,20.00,82090
1620.000,1620.000,20.00,82067
1625.000,1625.000,20.00,81920
1630.000,1630.000,20.00,82024
1635.000,1635.000,20.00,82058
1640.000,1640.000,20.00,81583
1645.000,1645.000,20.00,82073
1650.000,1650.000,20.00,52233
1655.000,1655.000,20.00,53802
1660.000,1660.000,20.00,56818
1665.000,1665.000,20.00,60270
1670.000,1670.000,20.00,58771
1675.000,1675.000,20.00,62474
1680.000,1680.000,20.00,81890
1685.000,1685.000,20.00,82094
1690.000,1690.000,20.00,82073
1695.000,1695.000,20.00,82097
1700.000,1700.000,20.00,82081
1705.000,1705.000,20.00,82098
1710.000,1710.000,20.00,82087
1715.000,1715.000,20.00,82105
1720.000,1720.000,20.00,82061
1725.000,1725.000,20.00,82074
1730.000,1730.000,20.00,82104
1735.000,1735.000,20.00,82092
1740.000,1740.000,20.00,81464
1745.000,1745.000,20.00,81459
1750.000,1750.000,20.00,81479
1755.000,1755.000,20.00,81460
1760.000,1760.000,20.00,81156
1765.000,1765.000,20.00,81437
1770.000,1770.000,20.00,82076
1775.000,1775.000,20.00,82086
1780.000,1780.000,20.00,82065
1785.000,1785.000,20.00,82075
1790.000,1790.000,20.00,82082
1795.000,1795.000,20.00,82068
1800.000,1800.000,20.00,81643
1805.000,1805.000,20.00,81673
1810.000,1810.000,20.00,81705
1815.000,1815.000,20.00,75894
1820.000,1820.000,20.00,81173
1825.000,1825.000,20.00,81678
1830.000,1830.000,20.00,82066
1835.000,1835.000,20.00,82081
1840.000,1840.000,20.00,82088
1845.000,1845.000,20.00,82103
1850.000,1850.000,20.00,82089
1855.000,1855.000,20.00,82087
1860.000,1860.000,20.00,82103
1865.000,1865.000,20.00,82090
1870.000,1870.000,20.00,82075
1875.000,1875.000,20.00,82112
1880.000,1880.000,20.00,82046
1885.000,1885.000,20.00,82118
1890.000,1890.000,20.00,82099
1895.000,1895.000,20.00,82078
1900.000,1900.000,20.00,82083
1905.000,1905.000,20.00,82082
1910.000,1910.000,20.00,82103
1915.000,1915.000,20.00,82089
1920.000,1920.000,20.00,82092
1925.000,1925.000,20.00,82087
1930.000,1930.000,20.00,82090
1935.000,1935.000,20.00,82088
1940.000,1940.000,20.00,82098
1945.000,1945.000,20.00,82098
1950.000,1950.000,20.00,82097
1955.000,1955.000,20.00,82085
1960.000,1960.000,20.00,82085
1965.000,1965.000,20.00,82110
1970.000,1970.000,20.00,82082
1975.000,1975.000,20.00,82109
1980.000,1980.000,20.00,82093
1985.000,1985.000,20.00,82084
1990.000,1990.000,20.00,82090
1995.000,1995.000,20.00,82086
2000.000,2000.000,20.00,82065
2005.000,2005.000,20.00,82094
2010.000,2010.000,20.00,82085
2015.000,2015.000,20.00,82096
2020.000,2020.000,20.00,82082
2025.000,2025.000,20.00,82077
2030.000,2030.000,20.00,82098
2035.000,2035.000,20.00,82086
2040.000,2040.000,20.00,82089
2045.000,2045.000,20.00,82108
2050.000,2050.000,20.00,82089
2055.000,2055.000,20.00,82096
2060.000,2060.000,20.00,82098
2065.000,2065.000,20.00,81801
2070.000,2070.000,20.00,82116
2075.000,2075.000,20.00,82078
2080.000,2080.000,20.00,82096
2085.000,2085.000,20.00,82086
2090.000,2090.000,20.00,82070
2095.000,2095.000,20.00,82081
2100.000,2100.000,20.00,82077
2105.000,2105.000,20.00,82118
2110.000,2110.000,20.00,81797
2115.000,2115.000,20.00,82391
2120.000,2120.000,20.00,82096
2125.000,2125.000,20.00,82092
2130.000,2130.000,20.00,82082
2135.000,2135.000,20.00,82102
2140.000,2140.000,20.00,81892
2145.000,2145.000,20.00,81990
2150.000,2150.000,20.00,82099
2155.000,2155.000,20.00,82091
2160.000,2160.000,20.00,82081
2165.000,2165.000,20.00,82121
2170.000,2170.000,20.00,82079
2175.000,2175.000,20.00,82101
2180.000,2180.000,20.00,82101
2185.000,2185.000,20.00,82093
2190.000,2190.000,20.00,82094
2195.000,2195.000,20.00,82088
2200.000,2200.000,20.00,82096
2205.000,2205.000,20.00,82090
2210.000,2210.000,20.00,82093
2215.000,2215.000,20.00,82105
2220.000,2220.000,20.00,82091
2225.000,2225.000,20.00,82083
2230.000,2230.000,20.00,82067
2235.000,2235.000,20.00,82104
2240.000,2240.000,20.00,82092
2245.000,2245.000,20.00,82096
2250.000,2250.000,20.00,82090
2255.000,2255.000,20.00,82098
2260.000,2260.000,20.00,82082
2265.000,2265.000,20.00,82085
2270.000,2270.000,20.00,82095
2275.000,2275.000,20.00,82096
2280.000,2280.000,20.00,82057
2285.000,2285.000,20.00,82140
2290.000,2290.000,20.00,82069
2295.000,2295.000,20.00,82112
2300.000,2300.000,20.00,82090
2305.000,2305.000,20.00,82099
2310.000,2310.000,20.00,82089
2315.000,2315.000,20.00,82106
2320.000,2320.000,20.00,82085
2325.000,2325.000,20.00,82079
2330.000,2330.000,20.00,82084
2335.000,2335.000,20.00,82089
2340.000,2340.000,20.00,82083
2345.000,2345.000,20.00,82114
2350.000,2350.000,20.00,82087
2355.000,2355.000,20.00,82058
2360.000,2360.000,20.00,82119
2365.000,2365.000,20.00,82094
2370.000,2370.000,20.00,82068
2375.000,2375.000,20.00,82118
2380.000,2380.000,20.00,82065
2385.000,2385.000,20.00,82125
2390.000,2390.000,20.00,82094
2395.000,2395.000,20.00,82100
2400.000,2400.000,20.00,82105
2405.000,2405.000,20.00,82072
2410.000,2410.000,20.00,82097
2415.000,2415.000,20.00,82002
2420.000,2420.000,20.00,81913
2425.000,2425.000,20.00,82082
2430.000,2430.000,20.00,82102
2435.000,2435.000,20.00,82112
2440.000,2440.000,20.00,82066
2445.000,2445.000,20.00,82064
2450.000,2450.000,20.00,82115
2455.000,2455.000,20.00,82097
2460.000,2460.000,20.00,82100
2465.000,2465.000,20.00,82081
2470.000,2470.000,20.00,82102
2475.000,2475.000,20.00,80695
2480.000,2480.000,20.00,82082
2485.000,2485.000,20.00,82113
2490.000,2490.000,20.00,82038
2495.000,2495.000,20.00,82116
2500.000,2500.000,20.00,82076
2505.000,2505.000,20.00,82115
2510.000,2510.000,20.00,82072
2515.000,2515.000,20.00,82094
2520.000,2520.000,20.00,82074
2525.000,2525.000,20.00,82110
2530.000,2530.000,20.00,82089
2535.000,2535.000,20.00,82084
2540.000,2540.000,20.00,82088
2545.000,2545.000,20.00,82107
2550.000,2550.000,20.00,81942
2555.000,2555.000,20.00,82091
2560.000,2560.000,20.00,81845
2565.000,2565.000,20.00,82007
2570.000,2570.000,20.00,81873
2575.000,2575.000,20.00,81805
2580.000,2580.000,20.00,82097
2585.000,2585.000,20.00,82042
2590.000,2590.000,20.00,82110
2595.000,2595.000,20.00,82091
2600.000,2600.000,20.00,82087
2605.000,2605.000,20.00,82077
2610.000,2610.000,20.00,82097
2615.000,2615.000,20.00,82093
2620.000,2620.000,20.00,82060
2625.000,2625.000,20.00,82083
2630.000,2630.000,20.00,82097
2635.000,2635.000,20.00,82091
2640.000,2640.000,20.00,82067
2645.000,2645.000,20.00,82088
2650.000,2650.000,20.00,82142
2655.000,2655.000,20.00,82110
2660.000,2660.000,20.00,82090
2665.000,2665.000,20.00,82081
2670.000,2670.000,20.00,82096
2675.000,2675.000,20.00,82094
2680.000,2680.000,20.00,82098
2685.000,2685.000,20.00,82088
2690.000,2690.000,20.00,82092
2695.000,2695.000,20.00,82077
2700.000,2700.000,20.00,82088
2705.000,2705.000,20.00,82078
2710.000,2710.000,20.00,82105
2715.000,2715.000,20.00,82097
2720.000,2720.000,20.00,82112
2725.000,2725.000,20.00,82069
2730.000,2730.000,20.00,82081
2735.000,2735.000,20.00,82115
2740.000,2740.000,20.00,81794
2745.000,2745.000,20.00,82057
2750.000,2750.000,20.00,82033
2755.000,2755.000,20.00,81815
2760.000,2760.000,20.00,80426
2765.000,2765.000,20.00,81032
2770.000,2770.000,20.00,81043
2775.000,2775.000,20.00,81748
2780.000,2780.000,20.00,82099
2785.000,2785.000,20.00,82076
2790.000,2790.000,20.00,82102
2795.000,2795.000,20.00,82089
2800.000,2800.000,20.00,82101
2805.000,2805.000,20.00,82084
2810.000,2810.000,20.00,82112
2815.000,2815.000,20.00,82085
2820.000,2820.000,20.00,82069
2825.000,2825.000,20.00,82112
2830.000,2830.000,20.00,82082
2835.000,2835.000,20.00,82112
2840.000,2840.000,20.00,82082
2845.000,2845.000,20.00,82086
2850.000,2850.000,20.00,82114
2855.000,2855.000,20.00,82083
2860.000,2860.000,20.00,82083
2865.000,2865.000,20.00,82046
2870.000,2870.000,20.00,82096
2875.000,2875.000,20.00,82096
2880.000,2880.000,20.00,80045
2885.000,2885.000,20.00,82048
2890.000,2890.000,20.00,81134
2895.000,2895.000,20.00,81149
2900.000,2900.000,20.00,82105
2905.000,2905.000,20.00,81961
2910.000,2910.000,20.00,82085
2915.000,2915.000,20.00,82081
2920.000,2920.000,20.00,82089
2925.000,2925.000,20.00,82106
2930.000,2930.000,20.00,82072
2935.000,2935.000,20.00,82106
2940.000,2940.000,20.00,82094
2945.000,2945.000,20.00,82078
2950.000,2950.000,20.00,82087
2955.000,2955.000,20.00,82105
2960.000,2960.000,20.00,82093
2965.000,2965.000,20.00,81859
2970.000,2970.000,20.00,82080
2975.000,2975.000,20.00,82099
2980.000,2980.000,20.00,82092
2985.000,2985.000,20.00,81859
2990.000,2990.000,20.00,82014
2995.000,2995.000,20.00,82093
3000.000,3000.000,20.00,82103
3005.000,3005.000,20.00,82097
3010.000,3010.000,20.00,82077
3015.000,3015.000,20.00,82083
3020.000,3020.000,20.00,82090
3025.000,3025.000,20.00,82109
3030.000,3030.000,20.00,82100
3035.000,3035.000,20.00,82085
3040.000,3040.000,20.00,82077
3045.000,3045.000,20.00,82094
3050.000,3050.000,20.00,82107
3055.000,3055.000,20.00,82085
3060.000,3060.000,20.00,82083
3065.000,3065.000,20.00,81451
3070.000,3070.000,20.00,81874
3075.000,3075.000,20.00,81152
3080.000,3080.000,20.00,81887
3085.000,3085.000,20.00,81822
3090.000,3090.000,20.00,82097
3095.000,3095.000,20.00,82078
3100.000,3100.000,20.00,82084
3105.000,3105.000,20.00,82096
3110.000,3110.000,20.00,82090
3115.000,3115.000,20.00,82085
3120.000,3120.000,20.00,82089
3125.000,3125.000,20.00,82096
3130.000,3130.000,20.00,82106
3135.000,3135.000,20.00,82072
3140.000,3140.000,20.00,82085
3145.000,3145.000,20.00,82069
3150.000,3150.000,20.00,82093
3155.000,3155.000,20.00,82094
3160.000,3160.000,20.00,82089
3165.000,3165.000,20.00,82092
3170.000,3170.000,20.00,82100
3175.000,3175.000,20.00,82089
3180.000,3180.000,20.00,82101
3185.000,3185.000,20.00,82093
3190.000,3190.000,20.00,82114
3195.000,3195.000,20.00,82095
3200.000,3200.000,20.00,82069
3205.000,3205.000,20.00,82111
3210.000,3210.000,20.00,82101
3215.000,3215.000,20.00,82095
3220.000,3220.000,20.00,82090
3225.000,3225.000,20.00,82080
3230.000,3230.000,20.00,82092
3235.000,3235.000,20.00,82092
3240.000,3240.000,20.00,82092
3245.000,3245.000,20.00,82097
3250.000,3250.000,20.00,82087
3255.000,3255.000,20.00,82081
3260.000,3260.000,20.00,82090
3265.000,3265.000,20.00,82088
3270.000,3270.000,20.00,82100
3275.000,3275.000,20.00,82096
3280.000,3280.000,20.00,82084
3285.000,3285.000,20.00,82099
3290.000,3290.000,20.00,82087
3295.000,3295.000,20.00,82086
3300.000,3300.000,20.00,82080
3305.000,3305.000,20.00,82071
3310.000,3310.000,20.00,82094
3315.000,3315.000,20.00,82089
3320.000,3320.000,20.00,82076
3325.000,3325.000,20.00,82100
3330.000,3330.000,20.00,82088
3335.000,3335.000,20.00,82108
3340.000,3340.000,20.00,82086
3345.000,3345.000,20.00,82079
3350.000,3350.000,20.00,81905
3355.000,3355.000,20.00,81882
3360.000,3360.000,20.00,82078
3365.000,3365.000,20.00,82085
3370.000,3370.000,20.00,82089
3375.000,3375.000,20.00,82091
3380.000,3380.000,20.00,82093
3385.000,3385.000,20.00,82092
3390.000,3390.000,20.00,82084
3395.000,3395.000,20.00,82084
3400.000,3400.000,20.00,82093
3405.000,3405.000,20.00,82112
3410.000,3410.000,20.00,82071
3415.000,3415.000,20.00,82084
3420.000,3420.000,20.00,82084
3425.000,3425.000,20.00,82088
3430.000,3430.000,20.00,82110
3435.000,3435.000,20.00,81694
3440.000,3440.000,20.00,82482
3445.000,3445.000,20.00,82077
3450.000,3450.000,20.00,82088
3455.000,3455.000,20.00,81793
3460.000,3460.000,20.00,82086
3465.000,3465.000,20.00,82086
3470.000,3470.000,20.00,82084
3475.000,3475.000,20.00,82084
3480.000,3480.000,20.00,82088
3485.000,3485.000,20.00,82101
3490.000,3490.000,20.00,82089
3495.000,3495.000,20.00,82088
3500.000,3500.000,20.00,82090
3505.000,3505.000,20.00,82096
3510.000,3510.000,20.00,82067
3515.000,3515.000,20.00,82094
3520.000,3520.000,20.00,82097
3525.000,3525.000,20.00,82087
3530.000,3530.000,20.00,82105
3535.000,3535.000,20.00,82103
3540.000,3540.000,20.00,82077
3545.000,3545.000,20.00,82113
3550.000,3550.000,20.00,82084
3555.000,3555.000,20.00,81850
3560.000,3560.000,20.00,82106
3565.000,3565.000,20.00,82102
3570.000,3570.000,20.00,82080
3575.000,3575.000,20.00,82111
3580.000,3580.000,20.00,82095
3585.000,3585.000,20.00,82092
3590.000,3590.000,20.00,82112
3595.000,3595.000,20.00,82094
3600.000,3600.000,20.00,82100
3605.000,3605.000,20.00,82113
3610.000,3610.000,20.00,82084
3615.000,3615.000,20.00,82094
3620.000,3620.000,20.00,82098
3625.000,3625.000,20.00,82091
3630.000,3630.000,20.00,82110
3635.000,3635.000,20.00,82091
3640.000,3640.000,20.00,82089
3645.000,3645.000,20.00,82091
3650.000,3650.000,20.00,82083
3655.000,3655.000,20.00,82079
3660.000,3660.000,20.00,82086
3665.000,3665.000,20.00,82102
3670.000,3670.000,20.00,82095
3675.000,3675.000,20.00,82095
3680.000,3680.000,20.00,82082
3685.000,3685.000,20.00,82084
3690.000,3690.000,20.00,82079
3695.000,3695.000,20.00,82075
3700.000,3700.000,20.00,82076
3705.000,3705.000,20.00,82110
3710.000,3710.000,20.00,82097
3715.000,3715.000,20.00,82097
3720.000,3720.000,20.00,82093
3725.000,3725.000,20.00,82102
3730.000,3730.000,20.00,82092
3735.000,3735.000,20.00,82085
3740.000,3740.000,20.00,82086
3745.000,3745.000,20.00,82091
3750.000,3750.000,20.00,82113
3755.000,3755.000,20.00,82077
3760.000,3760.000,20.00,82100
3765.000,3765.000,20.00,82090
3770.000,3770.000,20.00,81910
3775.000,3775.000,20.00,82004
3780.000,3780.000,20.00,82084
3785.000,3785.000,20.00,82094
3790.000,3790.000,20.00,82080
3795.000,3795.000,20.00,82077
3800.000,3800.000,20.00,82064
3805.000,3805.000,20.00,82081
3810.000,3810.000,20.00,82075
3815.000,3815.000,20.00,81975
3820.000,3820.000,20.00,81910
3825.000,3825.000,20.00,82095
3830.000,3830.000,20.00,82093
3835.000,3835.000,20.00,82083
3840.000,3840.000,20.00,82104
3845.000,3845.000,20.00,81793
3850.000,3850.000,20.00,82093
3855.000,3855.000,20.00,82077
3860.000,3860.000,20.00,82083
3865.000,3865.000,20.00,82104
3870.000,3870.000,20.00,82089
3875.000,3875.000,20.00,82058
3880.000,3880.000,20.00,82068
3885.000,3885.000,20.00,82080
3890.000,3890.000,20.00,82065
3895.000,3895.000,20.00,82061
3900.000,3900.000,20.00,81882
3905.000,3905.000,20.00,81736
3910.000,3910.000,20.00,81869
3915.000,3915.000,20.00,81926
3920.000,3920.000,20.00,81997
3925.000,3925.000,20.00,82035
3930.000,3930.000,20.00,82100
3935.000,3935.000,20.00,78921
3940.000,3940.000,20.00,78953
3945.000,3945.000,20.00,82010
3950.000,3950.000,20.00,79323
3955.000,3955.000,20.00,80980
3960.000,3960.000,20.00,82073
3965.000,3965.000,20.00,82115
3970.000,3970.000,20.00,82105
3975.000,3975.000,20.00,82093
3980.000,3980.000,20.00,82089
3985.000,3985.000,20.00,82090
3990.000,3990.000,20.00,82100
3995.000,3995.000,20.00,82100
4000.000,4000.000,20.00,82094
4005.000,4005.000,20.00,82074
4010.000,4010.000,20.00,82098
4015.000,4015.000,20.00,82079
4020.000,4020.000,20.00,82093
4025.000,4025.000,20.00,82084
4030.000,4030.000,20.00,82089
4035.000,4035.000,20.00,82081
4040.000,4040.000,20.00,82097
4045.000,4045.000,20.00,82093
4050.000,4050.000,20.00,82101
4055.000,4055.000,20.00,81789
4060.000,4060.000,20.00,82097
4065.000,4065.000,20.00,82106
4070.000,4070.000,20.00,82091
4075.000,4075.000,20.00,82090
4080.000,4080.000,20.00,82090
4085.000,4085.000,20.00,82085
4090.000,4090.000,20.00,82085
4095.000,4095.000,20.00,82092
4100.000,4100.000,20.00,82070
4105.000,4105.000,20.00,82107
4110.000,4110.000,20.00,82087
4115.000,4115.000,20.00,82082
4120.000,4120.000,20.00,82084
4125.000,4125.000,20.00,82103
4130.000,4130.000,20.00,82096
4135.000,4135.000,20.00,82093
4140.000,4140.000,20.00,82089
4145.000,4145.000,20.00,82092
4150.000,4150.000,20.00,82096
4155.000,4155.000,20.00,82100
4160.000,4160.000,20.00,82079
4165.000,4165.000,20.00,82087
4170.000,4170.000,20.00,82092
4175.000,4175.000,20.00,82089
4180.000,4180.000,20.00,82064
4185.000,4185.000,20.00,82112
4190.000,4190.000,20.00,82085
4195.000,4195.000,20.00,82100
4200.000,4200.000,20.00,82080
4205.000,4205.000,20.00,82097
4210.000,4210.000,20.00,82099
4215.000,4215.000,20.00,82092
4220.000,4220.000,20.00,82059
4225.000,4225.000,20.00,82099
4230.000,4230.000,20.00,82084
4235.000,4235.000,20.00,82096
4240.000,4240.000,20.00,82079
4245.000,4245.000,20.00,82087
4250.000,4250.000,20.00,82104
4255.000,4255.000,20.00,82100
4260.000,4260.000,20.00,82114
4265.000,4265.000,20.00,82075
4270.000,4270.000,20.00,82112
4275.000,4275.000,20.00,82096
4280.000,4280.000,20.00,82103
4285.000,4285.000,20.00,82093
4290.000,4290.000,20.00,82067
4295.000,4295.000,20.00,82089
4300.000,4300.000,20.00,82085
4305.000,4305.000,20.00,82099
4310.000,4310.000,20.00,82049
4315.000,4315.000,20.00,82131
4320.000,4320.000,20.00,82102
4325.000,4325.000,20.00,82109
4330.000,4330.000,20.00,82082
4335.000,4335.000,20.00,82090
4340.000,4340.000,20.00,77378
4345.000,4345.000,20.00,81882
4350.000,4350.000,20.00,82135
4355.000,4355.000,20.00,82066
4360.000,4360.000,20.00,82109
4365.000,4365.000,20.00,82083
4370.000,4370.000,20.00,82095
4375.000,4375.000,20.00,82094
4380.000,4380.000,20.00,82102
4385.000,4385.000,20.00,82100
4390.000,4390.000,20.00,82080
4395.000,4395.000,20.00,82092
4400.000,4400.000,20.00,81803
4405.000,4405.000,20.00,82104
4410.000,4410.000,20.00,82105
4415.000,4415.000,20.00,82105
4420.000,4420.000,20.00,82089
4425.000,4425.000,20.00,82097
4430.000,4430.000,20.00,82088
4435.000,4435.000,20.00,82079
4440.000,4440.000,20.00,82096
4445.000,4445.000,20.00,82087
4450.000,4450.000,20.00,82101
4455.000,4455.000,20.00,82086
4460.000,4460.000,20.00,81780
4465.000,4465.000,20.00,82082
4470.000,4470.000,20.00,82096
4475.000,4475.000,20.00,82095
4480.000,4480.000,20.00,82085
4485.000,4485.000,20.00,81784
4490.000,4490.000,20.00,82090
4495.000,4495.000,20.00,82094
4500.000,4500.000,20.00,82112
4505.000,4505.000,20.00,82093
4510.000,4510.000,20.00,82087
4515.000,4515.000,20.00,82078
4520.000,4520.000,20.00,82102
4525.000,4525.000,20.00,82076
4530.000,4530.000,20.00,82099
4535.000,4535.000,20.00,82112
4540.000,4540.000,20.00,82070
4545.000,4545.000,20.00,82100
4550.000,4550.000,20.00,82103
4555.000,4555.000,20.00,82087
4560.000,4560.000,20.00,82088
4565.000,4565.000,20.00,82086
4570.000,4570.000,20.00,82113
4575.000,4575.000,20.00,82080
4580.000,4580.000,20.00,82096
4585.000,4585.000,20.00,82097
4590.000,4590.000,20.00,82098
4595.000,4595.000,20.00,82084
4600.000,4600.000,20.00,82104
4605.000,4605.000,20.00,81478
4610.000,4610.000,20.00,82698
4615.000,4615.000,20.00,82096
4620.000,4620.000,20.00,82091
4625.000,4625.000,20.00,82101
4630.000,4630.000,20.00,82066
4635.000,4635.000,20.00,82113
4640.000,4640.000,20.00,82091
4645.000,4645.000,20.00,82093
4650.000,4650.000,20.00,82085
4655.000,4655.000,20.00,82088
4660.000,4660.000,20.00,82095
4665.000,4665.000,20.00,82093
4670.000,4670.000,20.00,82096
4675.000,4675.000,20.00,82073
4680.000,4680.000,20.00,82103
4685.000,4685.000,20.00,82074
4690.000,4690.000,20.00,82111
4695.000,4695.000,20.00,82073
4700.000,4700.000,20.00,81557
4705.000,4705.000,20.00,82088
4710.000,4710.000,20.00,80229
4715.000,4715.000,20.00,79648
4720.000,4720.000,20.00,79195
4725.000,4725.000,20.00,79670
4730.000,4730.000,20.00,81051
4735.000,4735.000,20.00,75475
4740.000,4740.000,20.00,82091
4745.000,4745.000,20.00,78022
4750.000,4750.000,20.00,81405
4755.000,4755.000,20.00,82084
4760.000,4760.000,20.00,77816
4765.000,4765.000,20.00,82081
4770.000,4770.000,20.00,81747
4775.000,4775.000,20.00,81983
4780.000,4780.000,20.00,82048
4785.000,4785.000,20.00,82012
4790.000,4790.000,20.00,81963
4795.000,4795.000,20.00,82030
4800.000,4800.000,20.00,82092
4805.000,4805.000,20.00,82095
4810.000,4810.000,20.00,82098
4815.000,4815.000,20.00,82088
4820.000,4820.000,20.00,82090
4825.000,4825.000,20.00,82096
4830.000,4830.000,20.00,82095
4835.000,4835.000,20.00,82088
4840.000,4840.000,20.00,82086
4845.000,4845.000,20.00,82065
4850.000,4850.000,20.00,82100
4855.000,4855.000,20.00,82008
4860.000,4860.000,20.00,82088
4865.000,4865.000,20.00,82078
4870.000,4870.000,20.00,82112
4875.000,4875.000,20.00,82078
4880.000,4880.000,20.00,82094
4885.000,4885.000,20.00,82091
4890.000,4890.000,20.00,82110
4895.000,4895.000,20.00,82077
4900.000,4900.000,20.00,82097
4905.000,4905.000,20.00,82080
4910.000,4910.000,20.00,82108
4915.000,4915.000,20.00,82085
4920.000,4920.000,20.00,82101
4925.000,4925.000,20.00,82092
4930.000,4930.000,20.00,82089
4935.000,4935.000,20.00,82090
4940.000,4940.000,20.00,81833
4945.000,4945.000,20.00,82093
4950.000,4950.000,20.00,82084
4955.000,4955.000,20.00,82107
4960.000,4960.000,20.00,82079
4965.000,4965.000,20.00,82097
4970.000,4970.000,20.00,82074
4975.000,4975.000,20.00,82093
4980.000,4980.000,20.00,82075
4985.000,4985.000,20.00,82094
4990.000,4990.000,20.00,82078
4995.000,4995.000,20.00,82076
5000.000,5000.000,20.00,82095
5005.000,5005.000,20.00,82096
5010.000,5010.000,20.00,82095
5015.000,5015.000,20.00,82085
5020.000,5020.000,20.00,82092
5025.000,5025.000,20.00,82088
5030.000,5030.000,20.00,81708
5035.000,5035.000,20.00,82464
5040.000,5040.000,20.00,82083
5045.000,5045.000,20.00,82078
5050.000,5050.000,20.00,82071
5055.000,5055.000,20.00,82119
5060.000,5060.000,20.00,82088
5065.000,5065.000,20.00,82073
5070.000,5070.000,20.00,82091
5075.000,5075.000,20.00,82093
5080.000,5080.000,20.00,82080
5085.000,5085.000,20.00,82092
5090.000,5090.000,20.00,82075
5095.000,5095.000,20.00,82107
5100.000,5100.000,20.00,82093
5105.000,5105.000,20.00,82079
5110.000,5110.000,20.00,82113
5115.000,5115.000,20.00,82095
5120.000,5120.000,20.00,82079
5125.000,5125.000,20.00,82088
5130.000,5130.000,20.00,82118
5135.000,5135.000,20.00,82106
5140.000,5140.000,20.00,82087
5145.000,5145.000,20.00,82084
5150.000,5150.000,20.00,81965
5155.000,5155.000,20.00,81920
5160.000,5160.000,20.00,82081
5165.000,5165.000,20.00,82098
5170.000,5170.000,20.00,82087
5175.000,5175.000,20.00,81858
5180.000,5180.000,20.00,82054
5185.000,5185.000,20.00,82078
5190.000,5190.000,20.00,82103
5195.000,5195.000,20.00,82091
5200.000,5200.000,20.00,82079
5205.000,5205.000,20.00,82090
5210.000,5210.000,20.00,82117
5215.000,5215.000,20.00,82085
5220.000,5220.000,20.00,82101
5225.000,5225.000,20.00,82090
5230.000,5230.000,20.00,82097
5235.000,5235.000,20.00,82085
5240.000,5240.000,20.00,82099
5245.000,5245.000,20.00,82090
5250.000,5250.000,20.00,82091
5255.000,5255.000,20.00,82094
5260.000,5260.000,20.00,82114
5265.000,5265.000,20.00,82059
5270.000,5270.000,20.00,82101
5275.000,5275.000,20.00,82107
5280.000,5280.000,20.00,80935
5285.000,5285.000,20.00,78835
5290.000,5290.000,20.00,80080
5295.000,5295.000,20.00,82042
5300.000,5300.000,20.00,77258
5305.000,5305.000,20.00,82080
5310.000,5310.000,20.00,82076
5315.000,5315.000,20.00,82102
5320.000,5320.000,20.00,82091
5325.000,5325.000,20.00,82077
5330.000,5330.000,20.00,82115
5335.000,5335.000,20.00,82078
5340.000,5340.000,20.00,81940
5345.000,5345.000,20.00,82085
5350.000,5350.000,20.00,82070
5355.000,5355.000,20.00,82113
5360.000,5360.000,20.00,81957
5365.000,5365.000,20.00,82233
5370.000,5370.000,20.00,82107
5375.000,5375.000,20.00,82106
5380.000,5380.000,20.00,82100
5385.000,5385.000,20.00,82093
5390.000,5390.000,20.00,82102
5395.000,5395.000,20.00,82061
5400.000,5400.000,20.00,78802
5405.000,5405.000,20.00,80416
5410.000,5410.000,20.00,80941
5415.000,5415.000,20.00,82084
5420.000,5420.000,20.00,82067
5425.000,5425.000,20.00,82093
5430.000,5430.000,20.00,78611
5435.000,5435.000,20.00,78767
5440.000,5440.000,20.00,77158
5445.000,5445.000,20.00,77835
5450.000,5450.000,20.00,77264
5455.000,5455.000,20.00,76960
5460.000,5460.000,20.00,81951
5465.000,5465.000,20.00,81737
5470.000,5470.000,20.00,81874
5475.000,5475.000,20.00,81877
5480.000,5480.000,20.00,80577
5485.000,5485.000,20.00,79471
5490.000,5490.000,20.00,82087
5495.000,5495.000,20.00,82083
5500.000,5500.000,20.00,82081
5505.000,5505.000,20.00,81759
5510.000,5510.000,20.00,82089
5515.000,5515.000,20.00,82091
5520.000,5520.000,20.00,82015
5525.000,5525.000,20.00,82095
5530.000,5530.000,20.00,81791
5535.000,5535.000,20.00,82081
5540.000,5540.000,20.00,82093
5545.000,5545.000,20.00,82104
5550.000,5550.000,20.00,82093
5555.000,5555.000,20.00,82062
5560.000,5560.000,20.00,82103
5565.000,5565.000,20.00,82094
5570.000,5570.000,20.00,82077
5575.000,5575.000,20.00,82094
5580.000,5580.000,20.00,82086
5585.000,5585.000,20.00,82085
5590.000,5590.000,20.00,82063
5595.000,5595.000,20.00,82103
5600.000,5600.000,20.00,82081
5605.000,5605.000,20.00,82109
5610.000,5610.000,20.00,82098
5615.000,5615.000,20.00,82087
5620.000,5620.000,20.00,82073
5625.000,5625.000,20.00,82074
5630.000,5630.000,20.00,81716
5635.000,5635.000,20.00,82478
5640.000,5640.000,20.00,81798
5645.000,5645.000,20.00,82104
5650.000,5650.000,20.00,82097
5655.000,5655.000,20.00,82060
5660.000,5660.000,20.00,82091
5665.000,5665.000,20.00,82078
5670.000,5670.000,20.00,82075
5675.000,5675.000,20.00,82107
5680.000,5680.000,20.00,82084
5685.000,5685.000,20.00,82089
5690.000,5690.000,20.00,82083
5695.000,5695.000,20.00,82100
5700.000,5700.000,20.00,82033
5705.000,5705.000,20.00,81980
5710.000,5710.000,20.00,81984
5715.000,5715.000,20.00,82006
5720.000,5720.000,20.00,81200
5725.000,5725.000,20.00,81414
5730.000,5730.000,20.00,82060
5735.000,5735.000,20.00,82111
5740.000,5740.000,20.00,82081
5745.000,5745.000,20.00,80759
5750.000,5750.000,20.00,81254
5755.000,5755.000,20.00,82095
5760.000,5760.000,20.00,81543
5765.000,5765.000,20.00,81822
5770.000,5770.000,20.00,81799
5775.000,5775.000,20.00,82093
5780.000,5780.000,20.00,82089
5785.000,5785.000,20.00,82086
5790.000,5790.000,20.00,82034
5795.000,5795.000,20.00,81820
5800.000,5800.000,20.00,81970
5805.000,5805.000,20.00,81988
5810.000,5810.000,20.00,82079
5815.000,5815.000,20.00,82086
5820.000,5820.000,20.00,82092
5825.000,5825.000,20.00,82099
5830.000,5830.000,20.00,82098
5835.000,5835.000,20.00,82099
5840.000,5840.000,20.00,82089
5845.000,5845.000,20.00,82086
5850.000,5850.000,20.00,82101
5855.000,5855.000,20.00,82092
5860.000,5860.000,20.00,82089
5865.000,5865.000,20.00,82092
5870.000,5870.000,20.00,82081
5875.000,5875.000,20.00,82097
5880.000,5880.000,20.00,82121
5885.000,5885.000,20.00,82087
5890.000,5890.000,20.00,82098
5895.000,5895.000,20.00,82099
5900.000,5900.000,20.00,82078
5905.000,5905.000,20.00,82071
5910.000,5910.000,20.00,82082
5915.000,5915.000,20.00,82111
5920.000,5920.000,20.00,82067
5925.000,5925.000,20.00,82116
5930.000,5930.000,20.00,82097
5935.000,5935.000,20.00,82083
5940.000,5940.000,20.00,82102
5945.000,5945.000,20.00,82097
5950.000,5950.000,20.00,82102
5955.000,5955.000,20.00,82096
5960.000,5960.000,20.00,82092
5965.000,5965.000,20.00,82096
5970.000,5970.000,20.00,82083
5975.000,5975.000,20.00,82100
5980.000,5980.000,20.00,82091
5985.000,5985.000,20.00,82091
5990.000,5990.000,20.00,82086
5995.000,5995.000,20.00,82106
6000.000,6000.000,20.00,82089
6005.000,6005.000,20.00,81787
6010.000,6010.000,20.00,82077
6015.000,6015.000,20.00,81978
6020.000,6020.000,20.00,81589
6025.000,6025.000,20.00,82379
6030.000,6030.000,20.00,82088
6035.000,6035.000,20.00,82063
6040.000,6040.000,20.00,82070
6045.000,6045.000,20.00,82082
6050.000,6050.000,20.00,82054
6055.000,6055.000,20.00,82097
6060.000,6060.000,20.00,82208
6065.000,6065.000,20.00,82057
6070.000,6070.000,20.00,81728
6075.000,6075.000,20.00,81999
6080.000,6080.000,20.00,82078
6085.000,6085.000,20.00,82112
6090.000,6090.000,20.00,82084
6095.000,6095.000,20.00,82082
6100.000,6100.000,20.00,82088
6105.000,6105.000,20.00,82081
6110.000,6110.000,20.00,82001
6115.000,6115.000,20.00,81833
6120.000,6120.000,20.00,82085
6125.000,6125.000,20.00,82090
6130.000,6130.000,20.00,82094
6135.000,6135.000,20.00,82099
6140.000,6140.000,20.00,82098
6145.000,6145.000,20.00,82088
6150.000,6150.000,20.00,82102
6155.000,6155.000,20.00,82079
6160.000,6160.000,20.00,82095
6165.000,6165.000,20.00,82093
6170.000,6170.000,20.00,81882
6175.000,6175.000,20.00,82302
6180.000,6180.000,20.00,82089
6185.000,6185.000,20.00,82087
6190.000,6190.000,20.00,82085
6195.000,6195.000,20.00,82097
6200.000,6200.000,20.00,82092
6205.000,6205.000,20.00,82081
6210.000,6210.000,20.00,82102
6215.000,6215.000,20.00,82084
6220.000,6220.000,20.00,82096
6225.000,6225.000,20.00,82105
6230.000,6230.000,20.00,82098
6235.000,6235.000,20.00,82087
6240.000,6240.000,20.00,82090
6245.000,6245.000,20.00,81797
6250.000,6250.000,20.00,82088
6255.000,6255.000,20.00,82102
6260.000,6260.000,20.00,82094
6265.000,6265.000,20.00,82098
6270.000,6270.000,20.00,82096
6275.000,6275.000,20.00,82105
6280.000,6280.000,20.00,82086
6285.000,6285.000,20.00,82109
6290.000,6290.000,20.00,82094
6295.000,6295.000,20.00,82098
6300.000,6300.000,20.00,82084
6305.000,6305.000,20.00,82087
6310.000,6310.000,20.00,82098
6315.000,6315.000,20.00,82096
6320.000,6320.000,20.00,82086
6325.000,6325.000,20.00,82115
6330.000,6330.000,20.00,82090
6335.000,6335.000,20.00,82085
6340.000,6340.000,20.00,82093
6345.000,6345.000,20.00,82089
6350.000,6350.000,20.00,82115
6355.000,6355.000,20.00,82051
6360.000,6360.000,20.00,82094
6365.000,6365.000,20.00,82095
6370.000,6370.000,20.00,82099
6375.000,6375.000,20.00,82081
6380.000,6380.000,20.00,82116
6385.000,6385.000,20.00,82082
6390.000,6390.000,20.00,82088
6395.000,6395.000,20.00,82100
6400.000,6400.000,20.00,82087
6405.000,6405.000,20.00,82103
6410.000,6410.000,20.00,82093
6415.000,6415.000,20.00,82104
6420.000,6420.000,20.00,82005
6425.000,6425.000,20.00,79267
6430.000,6430.000,20.00,78040
6435.000,6435.000,20.00,77400
6440.000,6440.000,20.00,77494
6445.000,6445.000,20.00,77613
6450.000,6450.000,20.00,81945
6455.000,6455.000,20.00,81981
6460.000,6460.000,20.00,81912
6465.000,6465.000,20.00,81841
6470.000,6470.000,20.00,82097
6475.000,6475.000,20.00,82079
6480.000,6480.000,20.00,82100
6485.000,6485.000,20.00,82079
6490.000,6490.000,20.00,82095
6495.000,6495.000,20.00,82102
6500.000,6500.000,20.00,82086
6505.000,6505.000,20.00,82078
6510.000,6510.000,20.00,82077
6515.000,6515.000,20.00,82097
6520.000,6520.000,20.00,82085
6525.000,6525.000,20.00,82080
6530.000,6530.000,20.00,82099
6535.000,6535.000,20.00,82078
6540.000,6540.000,20.00,82094
6545.000,6545.000,20.00,81765
6550.000,6550.000,20.00,82101
6555.000,6555.000,20.00,82085
6560.000,6560.000,20.00,82085
6565.000,6565.000,20.00,82078
6570.000,6570.000,20.00,81487
6575.000,6575.000,20.00,82081
6580.000,6580.000,20.00,81701
6585.000,6585.000,20.00,81273
6590.000,6590.000,20.00,82106
6595.000,6595.000,20.00,81180
6600.000,6600.000,20.00,82087
6605.000,6605.000,20.00,81189
6610.000,6610.000,20.00,82089
6615.000,6615.000,20.00,81199
6620.000,6620.000,20.00,78032
6625.000,6625.000,20.00,81023
6630.000,6630.000,20.00,82035
6635.000,6635.000,20.00,82047
6640.000,6640.000,20.00,82091
6645.000,6645.000,20.00,82076
6650.000,6650.000,20.00,82054
6655.000,6655.000,20.00,81863
6660.000,6660.000,20.00,82092
6665.000,6665.000,20.00,82093
6670.000,6670.000,20.00,82081
6675.000,6675.000,20.00,82105
6680.000,6680.000,20.00,82094
6685.000,6685.000,20.00,82072
6690.000,6690.000,20.00,82091
6695.000,6695.000,20.00,82087
6700.000,6700.000,20.00,82096
6705.000,6705.000,20.00,82091
6710.000,6710.000,20.00,82091
6715.000,6715.000,20.00,82087
6720.000,6720.000,20.00,82092
6725.000,6725.000,20.00,82094
6730.000,6730.000,20.00,82072
6735.000,6735.000,20.00,82103
6740.000,6740.000,20.00,82086
6745.000,6745.000,20.00,82091
6750.000,6750.000,20.00,82104
6755.000,6755.000,20.00,81790
6760.000,6760.000,20.00,82086
6765.000,6765.000,20.00,82078
6770.000,6770.000,20.00,82092
6775.000,6775.000,20.00,82078
6780.000,6780.000,20.00,81805
6785.000,6785.000,20.00,82075
6790.000,6790.000,20.00,82092
6795.000,6795.000,20.00,82085
6800.000,6800.000,20.00,82095
6805.000,6805.000,20.00,82096
6810.000,6810.000,20.00,82097
6815.000,6815.000,20.00,82106
6820.000,6820.000,20.00,82086
6825.000,6825.000,20.00,82089
6830.000,6830.000,20.00,82105
6835.000,6835.000,20.00,82086
6840.000,6840.000,20.00,82079
6845.000,6845.000,20.00,82101
6850.000,6850.000,20.00,82079
6855.000,6855.000,20.00,82091
6860.000,6860.000,20.00,82087
6865.000,6865.000,20.00,82083
6870.000,6870.000,20.00,82085
6875.000,6875.000,20.00,82096
6880.000,6880.000,20.00,82098
6885.000,6885.000,20.00,82088
6890.000,6890.000,20.00,82104
6895.000,6895.000,20.00,82101
6900.000,6900.000,20.00,82082
6905.000,6905.000,20.00,82098
6910.000,6910.000,20.00,82086
6915.000,6915.000,20.00,82096
6920.000,6920.000,20.00,82087
6925.000,6925.000,20.00,82086
6930.000,6930.000,20.00,82102
6935.000,6935.000,20.00,77464
6940.000,6940.000,20.00,80249
6945.000,6945.000,20.00,82084
6950.000,6950.000,20.00,77710
6955.000,6955.000,20.00,82099
6960.000,6960.000,20.00,82083
6965.000,6965.000,20.00,72946
6970.000,6970.000,20.00,69824
6975.000,6975.000,20.00,72702
6980.000,6980.000,20.00,82093
6985.000,6985.000,20.00,73646
6990.000,6990.000,20.00,82084
6995.000,6995.000,20.00,82102
7000.000,7000.000,20.00,82084
7005.000,7005.000,20.00,82055
7010.000,7010.000,20.00,82111
7015.000,7015.000,20.00,82063
7020.000,7020.000,20.00,82091
7025.000,7025.000,20.00,82089
7030.000,7030.000,20.00,82092
7035.000,7035.000,20.00,82081
7040.000,7040.000,20.00,82101
7045.000,7045.000,20.00,82103
7050.000,7050.000,20.00,82104
7055.000,7055.000,20.00,82055
7060.000,7060.000,20.00,82095
7065.000,7065.000,20.00,82101
7070.000,7070.000,20.00,82099
7075.000,7075.000,20.00,82077
7080.000,7080.000,20.00,77188
7085.000,7085.000,20.00,77090
7090.000,7090.000,20.00,77054
7095.000,7095.000,20.00,77226
7100.000,7100.000,20.00,76999
7105.000,7105.000,20.00,77417
7110.000,7110.000,20.00,82115
7115.000,7115.000,20.00,82084
7120.000,7120.000,20.00,82098
7125.000,7125.000,20.00,82080
7130.000,7130.000,20.00,82099
7135.000,7135.000,20.00,82080
7140.000,7140.000,20.00,82082
7145.000,7145.000,20.00,82076
7150.000,7150.000,20.00,82104
7155.000,7155.000,20.00,82070
7160.000,7160.000,20.00,82093
7165.000,7165.000,20.00,82088
7170.000,7170.000,20.00,82099
7175.000,7175.000,20.00,82084
7180.000,7180.000,20.00,82086
7185.000,7185.000,20.00,82107
7190.000,7190.000,20.00,82083
7195.000,7195.000,20.00,81915
7200.000,7200.000,20.00,81630
7205.000,7205.000,20.00,81976
7210.000,7210.000,20.00,82088
7215.000,7215.000,20.00,81832
7220.000,7220.000,20.00,82097
7225.000,7225.000,20.00,82099
7230.000,7230.000,20.00,81931
7235.000,7235.000,20.00,81618
7240.000,7240.000,20.00,81871
7245.000,7245.000,20.00,81886
7250.000,7250.000,20.00,82098
7255.000,7255.000,20.00,81830
7260.000,7260.000,20.00,82086
7265.000,7265.000,20.00,82085
7270.000,7270.000,20.00,82104
7275.000,7275.000,20.00,81919
7280.000,7280.000,20.00,82128
7285.000,7285.000,20.00,81947
7290.000,7290.000,20.00,81813
7295.000,7295.000,20.00,82072
7300.000,7300.000,20.00,82105
7305.000,7305.000,20.00,81872
7310.000,7310.000,20.00,82290
7315.000,7315.000,20.00,82092
7320.000,7320.000,20.00,82096
7325.000,7325.000,20.00,82099
7330.000,7330.000,20.00,82097
7335.000,7335.000,20.00,82091
7340.000,7340.000,20.00,82077
7345.000,7345.000,20.00,82108
7350.000,7350.000,20.00,82093
7355.000,7355.000,20.00,82101
7360.000,7360.000,20.00,82080
7365.000,7365.000,20.00,82092
7370.000,7370.000,20.00,82094
7375.000,7375.000,20.00,82092
7380.000,7380.000,20.00,82086
7385.000,7385.000,20.00,82086
7390.000,7390.000,20.00,81908
7395.000,7395.000,20.00,81997
7400.000,7400.000,20.00,82089
7405.000,7405.000,20.00,82053
7410.000,7410.000,20.00,82110
7415.000,7415.000,20.00,81820
7420.000,7420.000,20.00,81799
7425.000,7425.000,20.00,82097
7430.000,7430.000,20.00,82091
7435.000,7435.000,20.00,82098
7440.000,7440.000,20.00,82087
7445.000,7445.000,20.00,82084
7450.000,7450.000,20.00,82086
7455.000,7455.000,20.00,82098
7460.000,7460.000,20.00,82072
7465.000,7465.000,20.00,82069
7470.000,7470.000,20.00,82109
7475.000,7475.000,20.00,82106
7480.000,7480.000,20.00,82077
7485.000,7485.000,20.00,82076
7490.000,7490.000,20.00,82093
7495.000,7495.000,20.00,82101
7500.000,7500.000,20.00,82114
7505.000,7505.000,20.00,82093
7510.000,7510.000,20.00,82078
7515.000,7515.000,20.00,82088
7520.000,7520.000,20.00,82096
7525.000,7525.000,20.00,82083
7530.000,7530.000,20.00,82080
7535.000,7535.000,20.00,82091
7540.000,7540.000,20.00,82081
7545.000,7545.000,20.00,82106
7550.000,7550.000,20.00,82078
7555.000,7555.000,20.00,82087
7560.000,7560.000,20.00,82080
7565.000,7565.000,20.00,82103
7570.000,7570.000,20.00,82095
7575.000,7575.000,20.00,82103
7580.000,7580.000,20.00,82080
7585.000,7585.000,20.00,82078
7590.000,7590.000,20.00,82080
7595.000,7595.000,20.00,82080
7600.000,7600.000,20.00,82074
7605.000,7605.000,20.00,82095
7610.000,7610.000,20.00,82099
7615.000,7615.000,20.00,82091
7620.000,7620.000,20.00,82095
7625.000,7625.000,20.00,82091
7630.000,7630.000,20.00,82094
7635.000,7635.000,20.00,82086
7640.000,7640.000,20.00,82105
7645.000,7645.000,20.00,82084
7650.000,7650.000,20.00,82088
7655.000,7655.000,20.00,82069
7660.000,7660.000,20.00,82084
7665.000,7665.000,20.00,82096
7670.000,7670.000,20.00,82085
7675.000,7675.000,20.00,82089
7680.000,7680.000,20.00,77627
7685.000,7685.000,20.00,78401
7690.000,7690.000,20.00,79010
7695.000,7695.000,20.00,79031
7700.000,7700.000,20.00,78258
7705.000,7705.000,20.00,77457
7710.000,7710.000,20.00,81979
7715.000,7715.000,20.00,81840
7720.000,7720.000,20.00,81591
7725.000,7725.000,20.00,81923
7730.000,7730.000,20.00,81850
7735.000,7735.000,20.00,81544
7740.000,7740.000,20.00,81888
7745.000,7745.000,20.00,82039
7750.000,7750.000,20.00,82066
7755.000,7755.000,20.00,82000
7760.000,7760.000,20.00,82023
7765.000,7765.000,20.00,81907
7770.000,7770.000,20.00,82070
7775.000,7775.000,20.00,82089
7780.000,7780.000,20.00,82071
7785.000,7785.000,20.00,82090
7790.000,7790.000,20.00,82071
7795.000,7795.000,20.00,82054
7800.000,7800.000,20.00,82106
7805.000,7805.000,20.00,82096
7810.000,7810.000,20.00,82084
7815.000,7815.000,20.00,82088
7820.000,7820.000,20.00,82095
7825.000,7825.000,20.00,82089
7830.000,7830.000,20.00,82097
7835.000,7835.000,20.00,81784
7840.000,7840.000,20.00,82087
7845.000,7845.000,20.00,82073
7850.000,7850.000,20.00,81830
7855.000,7855.000,20.00,82078
7860.000,7860.000,20.00,82098
7865.000,7865.000,20.00,82077
7870.000,7870.000,20.00,82103
7875.000,7875.000,20.00,82087
7880.000,7880.000,20.00,82100
7885.000,7885.000,20.00,82099
7890.000,7890.000,20.00,82117
7895.000,7895.000,20.00,82076
7900.000,7900.000,20.00,82106
7905.000,7905.000,20.00,82077
7910.000,7910.000,20.00,82084
7915.000,7915.000,20.00,82083
7920.000,7920.000,20.00,82104
7925.000,7925.000,20.00,82111
7930.000,7930.000,20.00,82073
7935.000,7935.000,20.00,82101
7940.000,7940.000,20.00,82076
7945.000,7945.000,20.00,82077
7950.000,7950.000,20.00,74764
7955.000,7955.000,20.00,75120
7960.000,7960.000,20.00,75007
7965.000,7965.000,20.00,75483
7970.000,7970.000,20.00,75469
7975.000,7975.000,20.00,75218
7980.000,7980.000,20.00,82106
7985.000,7985.000,20.00,82111
7990.000,7990.000,20.00,82083
7995.000,7995.000,20.00,82081
8000.000,8000.000,20.00,82091
8005.000,8005.000,20.00,82097
8010.000,8010.000,20.00,82093
8015.000,8015.000,20.00,82091
8020.000,8020.000,20.00,82112
8025.000,8025.000,20.00,82095
8030.000,8030.000,20.00,82094
8035.000,8035.000,20.00,82097
8040.000,8040.000,20.00,82100
8045.000,8045.000,20.00,82075
8050.000,8050.000,20.00,82091
8055.000,8055.000,20.00,82093
8060.000,8060.000,20.00,82079
8065.000,8065.000,20.00,82102
8070.000,8070.000,20.00,82084
8075.000,8075.000,20.00,82113
8080.000,8080.000,20.00,82067
8085.000,8085.000,20.00,82096
8090.000,8090.000,20.00,82105
8095.000,8095.000,20.00,82086
8100.000,8100.000,20.00,82105
8105.000,8105.000,20.00,78055
8110.000,8110.000,20.00,81467
8115.000,8115.000,20.00,82078
8120.000,8120.000,20.00,78494
8125.000,8125.000,20.00,82093
8130.000,8130.000,20.00,82089
8135.000,8135.000,20.00,81941
8140.000,8140.000,20.00,81998
8145.000,8145.000,20.00,82075
8150.000,8150.000,20.00,81756
8155.000,8155.000,20.00,82103
8160.000,8160.000,20.00,82113
8165.000,8165.000,20.00,82089
8170.000,8170.000,20.00,82048
8175.000,8175.000,20.00,82105
8180.000,8180.000,20.00,82078
8185.000,8185.000,20.00,82103
8190.000,8190.000,20.00,82075
8195.000,8195.000,20.00,82086
8200.000,8200.000,20.00,82101
8205.000,8205.000,20.00,81729
8210.000,8210.000,20.00,82478
8215.000,8215.000,20.00,82093
8220.000,8220.000,20.00,82113
8225.000,8225.000,20.00,82085
8230.000,8230.000,20.00,82099
8235.000,8235.000,20.00,82066
8240.000,8240.000,20.00,82131
8245.000,8245.000,20.00,82097
8250.000,8250.000,20.00,82118
8255.000,8255.000,20.00,76761
8260.000,8260.000,20.00,82095
8265.000,8265.000,20.00,75152
8270.000,8270.000,20.00,79255
8275.000,8275.000,20.00,82091
8280.000,8280.000,20.00,76041
8285.000,8285.000,20.00,82098
8290.000,8290.000,20.00,81561
8295.000,8295.000,20.00,77303
8300.000,8300.000,20.00,82090
8305.000,8305.000,20.00,71720
8310.000,8310.000,20.00,76587
8315.000,8315.000,20.00,82105
8320.000,8320.000,20.00,79055
8325.000,8325.000,20.00,74242
8330.000,8330.000,20.00,82082
8335.000,8335.000,20.00,76741
8340.000,8340.000,20.00,82086
8345.000,8345.000,20.00,82086
8350.000,8350.000,20.00,82101
8355.000,8355.000,20.00,82094
8360.000,8360.000,20.00,82094
8365.000,8365.000,20.00,82088
8370.000,8370.000,20.00,82102
8375.000,8375.000,20.00,82101
8380.000,8380.000,20.00,81791
8385.000,8385.000,20.00,82093
8390.000,8390.000,20.00,82090
8395.000,8395.000,20.00,82079
8400.000,8400.000,20.00,81987
8405.000,8405.000,20.00,81884
8410.000,8410.000,20.00,82092
8415.000,8415.000,20.00,82087
8420.000,8420.000,20.00,82098
8425.000,8425.000,20.00,82077
8430.000,8430.000,20.00,82129
8435.000,8435.000,20.00,82085
8440.000,8440.000,20.00,82073
8445.000,8445.000,20.00,82116
8450.000,8450.000,20.00,82095
8455.000,8455.000,20.00,82083
8460.000,8460.000,20.00,82070
8465.000,8465.000,20.00,82079
8470.000,8470.000,20.00,82099
8475.000,8475.000,20.00,82090
8480.000,8480.000,20.00,82089
8485.000,8485.000,20.00,82081
8490.000,8490.000,20.00,82090
8495.000,8495.000,20.00,82094
8500.000,8500.000,20.00,82081
8505.000,8505.000,20.00,82105
8510.000,8510.000,20.00,82091
8515.000,8515.000,20.00,82088
8520.000,8520.000,20.00,82076
8525.000,8525.000,20.00,82077
8530.000,8530.000,20.00,82093
8535.000,8535.000,20.00,82113
8540.000,8540.000,20.00,82080
8545.000,8545.000,20.00,82109
8550.000,8550.000,20.00,82079
8555.000,8555.000,20.00,82060
8560.000,8560.000,20.00,82104
8565.000,8565.000,20.00,82064
8570.000,8570.000,20.00,82076
8575.000,8575.000,20.00,77208
8580.000,8580.000,20.00,82072
8585.000,8585.000,20.00,76910
8590.000,8590.000,20.00,77494
8595.000,8595.000,20.00,79664
8600.000,8600.000,20.00,79224
8605.000,8605.000,20.00,76196
8610.000,8610.000,20.00,81969
8615.000,8615.000,20.00,82087
8620.000,8620.000,20.00,82089
8625.000,8625.000,20.00,82089
8630.000,8630.000,20.00,82088
8635.000,8635.000,20.00,82094
8640.000,8640.000,20.00,82093
8645.000,8645.000,20.00,82099
8650.000,8650.000,20.00,82087
8655.000,8655.000,20.00,82084
8660.000,8660.000,20.00,82073
8665.000,8665.000,20.00,82089
8670.000,8670.000,20.00,82091
8675.000,8675.000,20.00,82063
8680.000,8680.000,20.00,82116
8685.000,8685.000,20.00,82066
8690.000,8690.000,20.00,82096
8695.000,8695.000,20.00,82086
8700.000,8700.000,20.00,82112
8705.000,8705.000,20.00,82109
8710.000,8710.000,20.00,82090
8715.000,8715.000,20.00,82103
8720.000,8720.000,20.00,82088
8725.000,8725.000,20.00,82047
8730.000,8730.000,20.00,82102
8735.000,8735.000,20.00,82108
8740.000,8740.000,20.00,82094
8745.000,8745.000,20.00,82086
8750.000,8750.000,20.00,82098
8755.000,8755.000,20.00,82092
8760.000,8760.000,20.00,82092
8765.000,8765.000,20.00,82085
8770.000,8770.000,20.00,82082
8775.000,8775.000,20.00,82101
8780.000,8780.000,20.00,82035
8785.000,8785.000,20.00,82127
8790.000,8790.000,20.00,82083
8795.000,8795.000,20.00,82095
8800.000,8800.000,20.00,82093
8805.000,8805.000,20.00,82083
8810.000,8810.000,20.00,82099
8815.000,8815.000,20.00,82091
8820.000,8820.000,20.00,79750
8825.000,8825.000,20.00,80993
8830.000,8830.000,20.00,82098
8835.000,8835.000,20.00,81583
8840.000,8840.000,20.00,81301
8845.000,8845.000,20.00,82037
8850.000,8850.000,20.00,82097
8855.000,8855.000,20.00,75728
8860.000,8860.000,20.00,82097
8865.000,8865.000,20.00,79789
8870.000,8870.000,20.00,79053
8875.000,8875.000,20.00,82092
8880.000,8880.000,20.00,82113
8885.000,8885.000,20.00,82100
8890.000,8890.000,20.00,82088
8895.000,8895.000,20.00,82104
8900.000,8900.000,20.00,82099
8905.000,8905.000,20.00,82060
8910.000,8910.000,20.00,78210
8915.000,8915.000,20.00,82103
8920.000,8920.000,20.00,76905
8925.000,8925.000,20.00,81803
8930.000,8930.000,20.00,76583
8935.000,8935.000,20.00,82082
8940.000,8940.000,20.00,82100
8945.000,8945.000,20.00,82088
8950.000,8950.000,20.00,82112
8955.000,8955.000,20.00,82086
8960.000,8960.000,20.00,82100
8965.000,8965.000,20.00,82108
8970.000,8970.000,20.00,82080
8975.000,8975.000,20.00,82105
8980.000,8980.000,20.00,82103
8985.000,8985.000,20.00,82098
8990.000,8990.000,20.00,82086
8995.000,8995.000,20.00,82080
9000.000,9000.000,20.00,82095
9005.000,9005.000,20.00,82090
9010.000,9010.000,20.00,82085
9015.000,9015.000,20.00,82098
9020.000,9020.000,20.00,82085
9025.000,9025.000,20.00,82084
9030.000,9030.000,20.00,82092
9035.000,9035.000,20.00,82094
9040.000,9040.000,20.00,82073
9045.000,9045.000,20.00,82098
9050.000,9050.000,20.00,82089
9055.000,9055.000,20.00,82077
9060.000,9060.000,20.00,82080
9065.000,9065.000,20.00,82086
9070.000,9070.000,20.00,82100
9075.000,9075.000,20.00,82087
9080.000,9080.000,20.00,82088
9085.000,9085.000,20.00,82031
9090.000,9090.000,20.00,82092
9095.000,9095.000,20.00,82079
9100.000,9100.000,20.00,82090
9105.000,9105.000,20.00,81913
9110.000,9110.000,20.00,82010
9115.000,9115.000,20.00,82094
9120.000,9120.000,20.00,82096
9125.000,9125.000,20.00,82103
9130.000,9130.000,20.00,81837
9135.000,9135.000,20.00,82035
9140.000,9140.000,20.00,81837
9145.000,9145.000,20.00,82049
9150.000,9150.000,20.00,82047
9155.000,9155.000,20.00,82083
9160.000,9160.000,20.00,81778
9165.000,9165.000,20.00,75738
9170.000,9170.000,20.00,71266
9175.000,9175.000,20.00,76671
9180.000,9180.000,20.00,82079
9185.000,9185.000,20.00,78230
9190.000,9190.000,20.00,81982
9195.000,9195.000,20.00,77573
9200.000,9200.000,20.00,81409
9205.000,9205.000,20.00,81866
9210.000,9210.000,20.00,82108
9215.000,9215.000,20.00,82081
9220.000,9220.000,20.00,82103
9225.000,9225.000,20.00,82086
9230.000,9230.000,20.00,82092
9235.000,9235.000,20.00,82086
9240.000,9240.000,20.00,82106
9245.000,9245.000,20.00,82076
9250.000,9250.000,20.00,82027
9255.000,9255.000,20.00,82151
9260.000,9260.000,20.00,82073
9265.000,9265.000,20.00,82091
9270.000,9270.000,20.00,82093
9275.000,9275.000,20.00,82076
9280.000,9280.000,20.00,82095
9285.000,9285.000,20.00,82082
9290.000,9290.000,20.00,82075
9295.000,9295.000,20.00,82089
9300.000,9300.000,20.00,82116
9305.000,9305.000,20.00,82077
9310.000,9310.000,20.00,82108
9315.000,9315.000,20.00,82103
9320.000,9320.000,20.00,81921
9325.000,9325.000,20.00,81996
9330.000,9330.000,20.00,82082
9335.000,9335.000,20.00,82098
9340.000,9340.000,20.00,82097
9345.000,9345.000,20.00,82085
9350.000,9350.000,20.00,82097
9355.000,9355.000,20.00,82072
9360.000,9360.000,20.00,82100
9365.000,9365.000,20.00,82110
9370.000,9370.000,20.00,82080
9375.000,9375.000,20.00,82093
9380.000,9380.000,20.00,82085
9385.000,9385.000,20.00,82092
9390.000,9390.000,20.00,81854
9395.000,9395.000,20.00,81716
9400.000,9400.000,20.00,81908
9405.000,9405.000,20.00,82086
9410.000,9410.000,20.00,81858
9415.000,9415.000,20.00,81829
9420.000,9420.000,20.00,82094
9425.000,9425.000,20.00,70189
9430.000,9430.000,20.00,82116
9435.000,9435.000,20.00,76243
9440.000,9440.000,20.00,71206
9445.000,9445.000,20.00,82067
9450.000,9450.000,20.00,82139
9455.000,9455.000,20.00,81804
9460.000,9460.000,20.00,82090
9465.000,9465.000,20.00,82097
9470.000,9470.000,20.00,82094
9475.000,9475.000,20.00,82058
9480.000,9480.000,20.00,77969
9485.000,9485.000,20.00,75361
9490.000,9490.000,20.00,77980
9495.000,9495.000,20.00,77630
9500.000,9500.000,20.00,74752
9505.000,9505.000,20.00,77963
9510.000,9510.000,20.00,82080
9515.000,9515.000,20.00,82090
9520.000,9520.000,20.00,82044
9525.000,9525.000,20.00,82088
9530.000,9530.000,20.00,82054
9535.000,9535.000,20.00,81826
9540.000,9540.000,20.00,82104
9545.000,9545.000,20.00,82072
9550.000,9550.000,20.00,82117
9555.000,9555.000,20.00,82087
9560.000,9560.000,20.00,82073
9565.000,9565.000,20.00,82104
9570.000,9570.000,20.00,82093
9575.000,9575.000,20.00,82104
9580.000,9580.000,20.00,82089
9585.000,9585.000,20.00,82092
9590.000,9590.000,20.00,82100
9595.000,9595.000,20.00,82086
9600.000,9600.000,20.00,82088
9605.000,9605.000,20.00,82075
9610.000,9610.000,20.00,82081
9615.000,9615.000,20.00,82109
9620.000,9620.000,20.00,82065
9625.000,9625.000,20.00,82093
9630.000,9630.000,20.00,81183
9635.000,9635.000,20.00,81731
9640.000,9640.000,20.00,82088
9645.000,9645.000,20.00,82064
9650.000,9650.000,20.00,82097
9655.000,9655.000,20.00,82081
9660.000,9660.000,20.00,81796
9665.000,9665.000,20.00,81903
9670.000,9670.000,20.00,81906
9675.000,9675.000,20.00,81856
9680.000,9680.000,20.00,81917
9685.000,9685.000,20.00,81898
9690.000,9690.000,20.00,79521
9695.000,9695.000,20.00,82082
9700.000,9700.000,20.00,77467
9705.000,9705.000,20.00,75642
9710.000,9710.000,20.00,82067
9715.000,9715.000,20.00,78788
9720.000,9720.000,20.00,82079
9725.000,9725.000,20.00,71853
9730.000,9730.000,20.00,82079
9735.000,9735.000,20.00,82085
9740.000,9740.000,20.00,82085
9745.000,9745.000,20.00,82076
9750.000,9750.000,20.00,82077
9755.000,9755.000,20.00,82085
9760.000,9760.000,20.00,82091
9765.000,9765.000,20.00,82083
9770.000,9770.000,20.00,82078
9775.000,9775.000,20.00,82088
9780.000,9780.000,20.00,77589
9785.000,9785.000,20.00,75780
9790.000,9790.000,20.00,82071
9795.000,9795.000,20.00,81723
9800.000,9800.000,20.00,74961
9805.000,9805.000,20.00,82070
9810.000,9810.000,20.00,80136
9815.000,9815.000,20.00,82104
9820.000,9820.000,20.00,79713
9825.000,9825.000,20.00,75359
9830.000,9830.000,20.00,82090
9835.000,9835.000,20.00,81037
9840.000,9840.000,20.00,81980
9845.000,9845.000,20.00,81969
9850.000,9850.000,20.00,79087
9855.000,9855.000,20.00,82055
9860.000,9860.000,20.00,82061
9865.000,9865.000,20.00,81919
9870.000,9870.000,20.00,82085
9875.000,9875.000,20.00,82065
9880.000,9880.000,20.00,80400
9885.000,9885.000,20.00,81860
9890.000,9890.000,20.00,82178
9895.000,9895.000,20.00,82039
9900.000,9900.000,20.00,82099
9905.000,9905.000,20.00,82037
9910.000,9910.000,20.00,73308
9915.000,9915.000,20.00,82058
9920.000,9920.000,20.00,82094
9925.000,9925.000,20.00,82080
9930.000,9930.000,20.00,82070
9935.000,9935.000,20.00,82088
9940.000,9940.000,20.00,81937
9945.000,9945.000,20.00,81998
9950.000,9950.000,20.00,81825
9955.000,9955.000,20.00,82002
9960.000,9960.000,20.00,76725
9965.000,9965.000,20.00,82105
9970.000,9970.000,20.00,77385
9975.000,9975.000,20.00,81799
9980.000,9980.000,20.00,82062
9985.000,9985.000,20.00,76886
9990.000,9990.000,20.00,82090
9995.000,9995.000,20.00,76505
10000.000,10000.000,20.00,82030
10005.000,10005.000,20.00,75091
10010.000,10010.000,20.00,82083
10015.000,10015.000,20.00,78574
10020.000,10020.000,20.00,82075
10025.000,10025.000,20.00,82088
10030.000,10030.000,20.00,82032
10035.000,10035.000,20.00,82117
10040.000,10040.000,20.00,82088
10045.000,10045.000,20.00,82077
10050.000,10050.000,20.00,82116
10055.000,10055.000,20.00,82070
10060.000,10060.000,20.00,81894
10065.000,10065.000,20.00,82293
10070.000,10070.000,20.00,82097
10075.000,10075.000,20.00,82075
10080.000,10080.000,20.00,82100
10085.000,10085.000,20.00,82094
10090.000,10090.000,20.00,82082
10095.000,10095.000,20.00,82107
10100.000,10100.000,20.00,82085
10105.000,10105.000,20.00,82108
10110.000,10110.000,20.00,82092
10115.000,10115.000,20.00,82098
10120.000,10120.000,20.00,82092
10125.000,10125.000,20.00,82087
10130.000,10130.000,20.00,81835
10135.000,10135.000,20.00,82037
10140.000,10140.000,20.00,82091
10145.000,10145.000,20.00,82089
10150.000,10150.000,20.00,82086
10155.000,10155.000,20.00,82106
10160.000,10160.000,20.00,82090
10165.000,10165.000,20.00,82093
10170.000,10170.000,20.00,82079
10175.000,10175.000,20.00,82113
10180.000,10180.000,20.00,82095
10185.000,10185.000,20.00,82089
10190.000,10190.000,20.00,82088
10195.000,10195.000,20.00,82089
10200.000,10200.000,20.00,82081
10205.000,10205.000,20.00,82101
10210.000,10210.000,20.00,82088
10215.000,10215.000,20.00,82088
10220.000,10220.000,20.00,82099
10225.000,10225.000,20.00,82119
10230.000,10230.000,20.00,82083
10235.000,10235.000,20.00,81948
10240.000,10240.000,20.00,78195
10245.000,10245.000,20.00,81131
10250.000,10250.000,20.00,82089
10255.000,10255.000,20.00,77387
10260.000,10260.000,20.00,82075
10265.000,10265.000,20.00,82122
10270.000,10270.000,20.00,82092
10275.000,10275.000,20.00,82089
10280.000,10280.000,20.00,82084
10285.000,10285.000,20.00,82092
10290.000,10290.000,20.00,82090
10295.000,10295.000,20.00,82094
10300.000,10300.000,20.00,82110
10305.000,10305.000,20.00,82099
10310.000,10310.000,20.00,82091
10315.000,10315.000,20.00,82091
10320.000,10320.000,20.00,82098
10325.000,10325.000,20.00,82087
10330.000,10330.000,20.00,82097
10335.000,10335.000,20.00,82081
10340.000,10340.000,20.00,82100
10345.000,10345.000,20.00,82101
10350.000,10350.000,20.00,82076
10355.000,10355.000,20.00,82103
10360.000,10360.000,20.00,82073
10365.000,10365.000,20.00,82098
10370.000,10370.000,20.00,82069
10375.000,10375.000,20.00,82099
10380.000,10380.000,20.00,82044
10385.000,10385.000,20.00,82151
10390.000,10390.000,20.00,82103
10395.000,10395.000,20.00,82096
10400.000,10400.000,20.00,82096
10405.000,10405.000,20.00,82076
10410.000,10410.000,20.00,82082
10415.000,10415.000,20.00,82081
10420.000,10420.000,20.00,82103
10425.000,10425.000,20.00,82096
10430.000,10430.000,20.00,82083
10435.000,10435.000,20.00,82091
10440.000,10440.000,20.00,82092
10445.000,10445.000,20.00,82097
10450.000,10450.000,20.00,82064
10455.000,10455.000,20.00,81845
10460.000,10460.000,20.00,82081
10465.000,10465.000,20.00,81849
10470.000,10470.000,20.00,82005
10475.000,10475.000,20.00,82111
10480.000,10480.000,20.00,81910
10485.000,10485.000,20.00,82103
10490.000,10490.000,20.00,82086
10495.000,10495.000,20.00,81732
10500.000,10500.000,20.00,76271
10505.000,10505.000,20.00,75605
10510.000,10510.000,20.00,75820
10515.000,10515.000,20.00,76248
10520.000,10520.000,20.00,75895
10525.000,10525.000,20.00,77555
10530.000,10530.000,20.00,82061
10535.000,10535.000,20.00,80299
10540.000,10540.000,20.00,82025
10545.000,10545.000,20.00,81990
10550.000,10550.000,20.00,82049
10555.000,10555.000,20.00,82067
10560.000,10560.000,20.00,82084
10565.000,10565.000,20.00,76999
10570.000,10570.000,20.00,82063
10575.000,10575.000,20.00,80656
10580.000,10580.000,20.00,72767
10585.000,10585.000,20.00,82089
10590.000,10590.000,20.00,82102
10595.000,10595.000,20.00,82097
10600.000,10600.000,20.00,82103
10605.000,10605.000,20.00,76845
10610.000,10610.000,20.00,82095
10615.000,10615.000,20.00,71716
10620.000,10620.000,20.00,82089
10625.000,10625.000,20.00,77684
10630.000,10630.000,20.00,82109
10635.000,10635.000,20.00,82062
10640.000,10640.000,20.00,72968
10645.000,10645.000,20.00,82098
10650.000,10650.000,20.00,82095
10655.000,10655.000,20.00,82094
10660.000,10660.000,20.00,82097
10665.000,10665.000,20.00,82099
10670.000,10670.000,20.00,82079
10675.000,10675.000,20.00,82097
10680.000,10680.000,20.00,82079
10685.000,10685.000,20.00,82106
10690.000,10690.000,20.00,82101
10695.000,10695.000,20.00,82078
10700.000,10700.000,20.00,82087
10705.000,10705.000,20.00,81948
10710.000,10710.000,20.00,82095
10715.000,10715.000,20.00,82118
10720.000,10720.000,20.00,82080
10725.000,10725.000,20.00,82084
10730.000,10730.000,20.00,82075
10735.000,10735.000,20.00,82080
10740.000,10740.000,20.00,82088
10745.000,10745.000,20.00,82098
10750.000,10750.000,20.00,82098
10755.000,10755.000,20.00,81768
10760.000,10760.000,20.00,81948
10765.000,10765.000,20.00,81944
10770.000,10770.000,20.00,82056
10775.000,10775.000,20.00,82098
10780.000,10780.000,20.00,82099
10785.000,10785.000,20.00,82105
10790.000,10790.000,20.00,82086
10795.000,10795.000,20.00,81764
10800.000,10800.000,20.00,82116
10805.000,10805.000,20.00,82103
10810.000,10810.000,20.00,82083
10815.000,10815.000,20.00,82072
10820.000,10820.000,20.00,82094
10825.000,10825.000,20.00,82107
10830.000,10830.000,20.00,82083
10835.000,10835.000,20.00,82114
10840.000,10840.000,20.00,82033
10845.000,10845.000,20.00,81952
10850.000,10850.000,20.00,81970
10855.000,10855.000,20.00,82068
10860.000,10860.000,20.00,82069
10865.000,10865.000,20.00,82109
10870.000,10870.000,20.00,82092
10875.000,10875.000,20.00,82089
10880.000,10880.000,20.00,82094
10885.000,10885.000,20.00,82078
10890.000,10890.000,20.00,79138
10895.000,10895.000,20.00,82120
10900.000,10900.000,20.00,80658
10905.000,10905.000,20.00,79629
10910.000,10910.000,20.00,82083
10915.000,10915.000,20.00,80843
10920.000,10920.000,20.00,82100
10925.000,10925.000,20.00,82072
10930.000,10930.000,20.00,82131
10935.000,10935.000,20.00,82064
10940.000,10940.000,20.00,82086
10945.000,10945.000,20.00,82066
10950.000,10950.000,20.00,82081
10955.000,10955.000,20.00,82114
10960.000,10960.000,20.00,82091
10965.000,10965.000,20.00,82115
10970.000,10970.000,20.00,82082
10975.000,10975.000,20.00,82091
10980.000,10980.000,20.00,80543
10985.000,10985.000,20.00,82087
10990.000,10990.000,20.00,78211
10995.000,10995.000,20.00,82106
11000.000,11000.000,20.00,81979
11005.000,11005.000,20.00,79563
11010.000,11010.000,20.00,80754
11015.000,11015.000,20.00,80857
11020.000,11020.000,20.00,82084
11025.000,11025.000,20.00,78716
11030.000,11030.000,20.00,82067
11035.000,11035.000,20.00,80447
11040.000,11040.000,20.00,82094
11045.000,11045.000,20.00,76620
11050.000,11050.000,20.00,82106
11055.000,11055.000,20.00,76607
11060.000,11060.000,20.00,82084
11065.000,11065.000,20.00,75635
11070.000,11070.000,20.00,77398
11075.000,11075.000,20.00,82109
11080.000,11080.000,20.00,78237
11085.000,11085.000,20.00,80782
11090.000,11090.000,20.00,82113
11095.000,11095.000,20.00,76699
11100.000,11100.000,20.00,82094
11105.000,11105.000,20.00,76225
11110.000,11110.000,20.00,82093
11115.000,11115.000,20.00,77207
11120.000,11120.000,20.00,82102
11125.000,11125.000,20.00,80011
11130.000,11130.000,20.00,82069
11135.000,11135.000,20.00,81914
11140.000,11140.000,20.00,82004
11145.000,11145.000,20.00,82033
11150.000,11150.000,20.00,81889
11155.000,11155.000,20.00,82097
11160.000,11160.000,20.00,82106
11165.000,11165.000,20.00,82094
11170.000,11170.000,20.00,82087
11175.000,11175.000,20.00,82104
11180.000,11180.000,20.00,82076
11185.000,11185.000,20.00,82110
11190.000,11190.000,20.00,82108
11195.000,11195.000,20.00,82116
11200.000,11200.000,20.00,82101
11205.000,11205.000,20.00,82074
11210.000,11210.000,20.00,81878
11215.000,11215.000,20.00,82067
11220.000,11220.000,20.00,82112
11225.000,11225.000,20.00,82102
11230.000,11230.000,20.00,82104
11235.000,11235.000,20.00,82108
11240.000,11240.000,20.00,82082
11245.000,11245.000,20.00,82075
11250.000,11250.000,20.00,82097
11255.000,11255.000,20.00,82096
11260.000,11260.000,20.00,82082
11265.000,11265.000,20.00,82084
11270.000,11270.000,20.00,82082
11275.000,11275.000,20.00,82077
11280.000,11280.000,20.00,82096
11285.000,11285.000,20.00,82096
11290.000,11290.000,20.00,82104
11295.000,11295.000,20.00,82103
11300.000,11300.000,20.00,82103
11305.000,11305.000,20.00,82099
11310.000,11310.000,20.00,82073
11315.000,11315.000,20.00,82101
11320.000,11320.000,20.00,82054
11325.000,11325.000,20.00,81901
11330.000,11330.000,20.00,82294
11335.000,11335.000,20.00,82092
11340.000,11340.000,20.00,82060
11345.000,11345.000,20.00,82096
11350.000,11350.000,20.00,82099
11355.000,11355.000,20.00,82099
11360.000,11360.000,20.00,82111
11365.000,11365.000,20.00,82084
11370.000,11370.000,20.00,82096
11375.000,11375.000,20.00,82087
11380.000,11380.000,20.00,82097
11385.000,11385.000,20.00,82096
11390.000,11390.000,20.00,82094
11395.000,11395.000,20.00,82077
11400.000,11400.000,20.00,82101
11405.000,11405.000,20.00,82089
11410.000,11410.000,20.00,82108
11415.000,11415.000,20.00,82083
11420.000,11420.000,20.00,82085
11425.000,11425.000,20.00,82084
11430.000,11430.000,20.00,82089
11435.000,11435.000,20.00,82076
11440.000,11440.000,20.00,82120
11445.000,11445.000,20.00,82093
11450.000,11450.000,20.00,82085
11455.000,11455.000,20.00,82095
11460.000,11460.000,20.00,82090
11465.000,11465.000,20.00,82110
11470.000,11470.000,20.00,82075
11475.000,11475.000,20.00,82055
11480.000,11480.000,20.00,82123
11485.000,11485.000,20.00,82091
11490.000,11490.000,20.00,82096
11495.000,11495.000,20.00,82078
11500.000,11500.000,20.00,82092
11505.000,11505.000,20.00,82111
11510.000,11510.000,20.00,82088
11515.000,11515.000,20.00,82097
11520.000,11520.000,20.00,82104
11525.000,11525.000,20.00,82076
11530.000,11530.000,20.00,79502
11535.000,11535.000,20.00,82099
11540.000,11540.000,20.00,80206
11545.000,11545.000,20.00,80193
11550.000,11550.000,20.00,81887
11555.000,11555.000,20.00,82017
11560.000,11560.000,20.00,81975
11565.000,11565.000,20.00,80868
11570.000,11570.000,20.00,83090
11575.000,11575.000,20.00,82050
11580.000,11580.000,20.00,82089
11585.000,11585.000,20.00,82077
11590.000,11590.000,20.00,82101
11595.000,11595.000,20.00,82108
11600.000,11600.000,20.00,82091
11605.000,11605.000,20.00,82093
11610.000,11610.000,20.00,81999
11615.000,11615.000,20.00,82016
11620.000,11620.000,20.00,82084
11625.000,11625.000,20.00,82077
11630.000,11630.000,20.00,82086
11635.000,11635.000,20.00,82082
11640.000,11640.000,20.00,82086
11645.000,11645.000,20.00,82086
11650.000,11650.000,20.00,82117
11655.000,11655.000,20.00,82093
11660.000,11660.000,20.00,82089
11665.000,11665.000,20.00,81786
11670.000,11670.000,20.00,82118
11675.000,11675.000,20.00,82077
11680.000,11680.000,20.00,82077
11685.000,11685.000,20.00,82104
11690.000,11690.000,20.00,82091
11695.000,11695.000,20.00,82070
11700.000,11700.000,20.00,82063
11705.000,11705.000,20.00,82074
11710.000,11710.000,20.00,82094
11715.000,11715.000,20.00,82082
11720.000,11720.000,20.00,82097
11725.000,11725.000,20.00,82086
11730.000,11730.000,20.00,82096
11735.000,11735.000,20.00,82096
11740.000,11740.000,20.00,82094
11745.000,11745.000,20.00,82092
11750.000,11750.000,20.00,82079
11755.000,11755.000,20.00,82080
11760.000,11760.000,20.00,82083
11765.000,11765.000,20.00,82097
11770.000,11770.000,20.00,82099
11775.000,11775.000,20.00,82081
11780.000,11780.000,20.00,82095
11785.000,11785.000,20.00,82092
11790.000,11790.000,20.00,80345
11795.000,11795.000,20.00,81047
11800.000,11800.000,20.00,75435
11805.000,11805.000,20.00,80449
11810.000,11810.000,20.00,73859
11815.000,11815.000,20.00,80290
11820.000,11820.000,20.00,82088
11825.000,11825.000,20.00,79187
11830.000,11830.000,20.00,82080
11835.000,11835.000,20.00,82097
11840.000,11840.000,20.00,82076
11845.000,11845.000,20.00,82094
11850.000,11850.000,20.00,82098
11855.000,11855.000,20.00,82119
11860.000,11860.000,20.00,82087
11865.000,11865.000,20.00,82083
11870.000,11870.000,20.00,82090
11875.000,11875.000,20.00,82083
11880.000,11880.000,20.00,82087
11885.000,11885.000,20.00,82095
11890.000,11890.000,20.00,82083
11895.000,11895.000,20.00,82090
11900.000,11900.000,20.00,82078
11905.000,11905.000,20.00,82095
11910.000,11910.000,20.00,82081
11915.000,11915.000,20.00,82124
11920.000,11920.000,20.00,82100
11925.000,11925.000,20.00,82093
11930.000,11930.000,20.00,82097
11935.000,11935.000,20.00,82093
11940.000,11940.000,20.00,82117
11945.000,11945.000,20.00,82069
11950.000,11950.000,20.00,82093
11955.000,11955.000,20.00,82065
11960.000,11960.000,20.00,82104
11965.000,11965.000,20.00,82082
11970.000,11970.000,20.00,82039
11975.000,11975.000,20.00,81450
11980.000,11980.000,20.00,82096
11985.000,11985.000,20.00,82104
11990.000,11990.000,20.00,82082
11995.000,11995.000,20.00,82049
12000.000,12000.000,20.00,82088
12005.000,12005.000,20.00,82082
12010.000,12010.000,20.00,82103
12015.000,12015.000,20.00,82098
12020.000,12020.000,20.00,82089
12025.000,12025.000,20.00,82090
12030.000,12030.000,20.00,82098
12035.000,12035.000,20.00,82098
12040.000,12040.000,20.00,82094
12045.000,12045.000,20.00,82072
12050.000,12050.000,20.00,82118
12055.000,12055.000,20.00,82084
12060.000,12060.000,20.00,82046
12065.000,12065.000,20.00,82081
12070.000,12070.000,20.00,82097
12075.000,12075.000,20.00,82101
12080.000,12080.000,20.00,82084
12085.000,12085.000,20.00,82095
12090.000,12090.000,20.00,82101
12095.000,12095.000,20.00,82093
12100.000,12100.000,20.00,82106
12105.000,12105.000,20.00,82091
12110.000,12110.000,20.00,82082
12115.000,12115.000,20.00,82103
12120.000,12120.000,20.00,80972
12125.000,12125.000,20.00,82084
12130.000,12130.000,20.00,79550
12135.000,12135.000,20.00,81395
12140.000,12140.000,20.00,80249
12145.000,12145.000,20.00,82097
12150.000,12150.000,20.00,81780
12155.000,12155.000,20.00,82089
12160.000,12160.000,20.00,82076
12165.000,12165.000,20.00,82095
12170.000,12170.000,20.00,82080
12175.000,12175.000,20.00,82104
12180.000,12180.000,20.00,82076
12185.000,12185.000,20.00,82088
12190.000,12190.000,20.00,82096
12195.000,12195.000,20.00,82109
12200.000,12200.000,20.00,82088
12205.000,12205.000,20.00,81763
12210.000,12210.000,20.00,82089
12215.000,12215.000,20.00,82075
12220.000,12220.000,20.00,82093
12225.000,12225.000,20.00,81915
12230.000,12230.000,20.00,81915
12235.000,12235.000,20.00,82072
12240.000,12240.000,20.00,78057
12245.000,12245.000,20.00,77631
12250.000,12250.000,20.00,79743
12255.000,12255.000,20.00,77788
12260.000,12260.000,20.00,74812
12265.000,12265.000,20.00,76987
12270.000,12270.000,20.00,82070
12275.000,12275.000,20.00,81857
12280.000,12280.000,20.00,82105
12285.000,12285.000,20.00,82093
12290.000,12290.000,20.00,82068
12295.000,12295.000,20.00,82060
12300.000,12300.000,20.00,82096
12305.000,12305.000,20.00,82095
12310.000,12310.000,20.00,82088
12315.000,12315.000,20.00,82100
12320.000,12320.000,20.00,82079
12325.000,12325.000,20.00,82093
12330.000,12330.000,20.00,82088
12335.000,12335.000,20.00,82091
12340.000,12340.000,20.00,82083
12345.000,12345.000,20.00,82092
12350.000,12350.000,20.00,82095
12355.000,12355.000,20.00,82088
12360.000,12360.000,20.00,82097
12365.000,12365.000,20.00,82086
12370.000,12370.000,20.00,82102
12375.000,12375.000,20.00,82097
12380.000,12380.000,20.00,82076
12385.000,12385.000,20.00,82087
12390.000,12390.000,20.00,82089
12395.000,12395.000,20.00,82088
12400.000,12400.000,20.00,82089
12405.000,12405.000,20.00,82097
12410.000,12410.000,20.00,81775
12415.000,12415.000,20.00,82082
12420.000,12420.000,20.00,82073
12425.000,12425.000,20.00,82082
12430.000,12430.000,20.00,82100
12435.000,12435.000,20.00,82087
12440.000,12440.000,20.00,82091
12445.000,12445.000,20.00,82101
12450.000,12450.000,20.00,82099
12455.000,12455.000,20.00,82090
12460.000,12460.000,20.00,82094
12465.000,12465.000,20.00,82094
12470.000,12470.000,20.00,81845
12475.000,12475.000,20.00,82329
12480.000,12480.000,20.00,82094
12485.000,12485.000,20.00,81935
12490.000,12490.000,20.00,81933
12495.000,12495.000,20.00,82008
12500.000,12500.000,20.00,82081
12505.000,12505.000,20.00,82060
12510.000,12510.000,20.00,82087
12515.000,12515.000,20.00,82074
12520.000,12520.000,20.00,82095
12525.000,12525.000,20.00,82091
12530.000,12530.000,20.00,82082
12535.000,12535.000,20.00,82094
12540.000,12540.000,20.00,82077
12545.000,12545.000,20.00,82099
12550.000,12550.000,20.00,82097
12555.000,12555.000,20.00,82085
12560.000,12560.000,20.00,82092
12565.000,12565.000,20.00,82094
12570.000,12570.000,20.00,82111
12575.000,12575.000,20.00,82092
12580.000,12580.000,20.00,82089
12585.000,12585.000,20.00,82066
12590.000,12590.000,20.00,82121
12595.000,12595.000,20.00,82084
12600.000,12600.000,20.00,82107
12605.000,12605.000,20.00,82093
12610.000,12610.000,20.00,82068
12615.000,12615.000,20.00,82095
12620.000,12620.000,20.00,82079
12625.000,12625.000,20.00,82100
12630.000,12630.000,20.00,82101
12635.000,12635.000,20.00,82099
12640.000,12640.000,20.00,82095
12645.000,12645.000,20.00,82068
12650.000,12650.000,20.00,82123
12655.000,12655.000,20.00,82081
12660.000,12660.000,20.00,82098
12665.000,12665.000,20.00,82100
12670.000,12670.000,20.00,82093
12675.000,12675.000,20.00,82096
12680.000,12680.000,20.00,82086
12685.000,12685.000,20.00,82101
12690.000,12690.000,20.00,81949
12695.000,12695.000,20.00,76375
12700.000,12700.000,20.00,81883
12705.000,12705.000,20.00,81396
12710.000,12710.000,20.00,77554
12715.000,12715.000,20.00,81983
12720.000,12720.000,20.00,80667
12725.000,12725.000,20.00,77768
12730.000,12730.000,20.00,81912
12735.000,12735.000,20.00,76747
12740.000,12740.000,20.00,82025
12745.000,12745.000,20.00,76730
12750.000,12750.000,20.00,82073
12755.000,12755.000,20.00,81997
12760.000,12760.000,20.00,82025
12765.000,12765.000,20.00,81675
12770.000,12770.000,20.00,73769
12775.000,12775.000,20.00,81202
12780.000,12780.000,20.00,80047
12785.000,12785.000,20.00,80037
12790.000,12790.000,20.00,80028
12795.000,12795.000,20.00,80011
12800.000,12800.000,20.00,80082
12805.000,12805.000,20.00,80033
12810.000,12810.000,20.00,80054
12815.000,12815.000,20.00,80039
12820.000,12820.000,20.00,80044
12825.000,12825.000,20.00,80059
12830.000,12830.000,20.00,80022
12835.000,12835.000,20.00,80019
12840.000,12840.000,20.00,82094
12845.000,12845.000,20.00,82094
12850.000,12850.000,20.00,82071
12855.000,12855.000,20.00,82091
12860.000,12860.000,20.00,81963
12865.000,12865.000,20.00,81938
12870.000,12870.000,20.00,82018
12875.000,12875.000,20.00,82096
12880.000,12880.000,20.00,82067
12885.000,12885.000,20.00,82049
12890.000,12890.000,20.00,82166
12895.000,12895.000,20.00,82097
12900.000,12900.000,20.00,82107
12905.000,12905.000,20.00,82102
12910.000,12910.000,20.00,82100
12915.000,12915.000,20.00,82038
12920.000,12920.000,20.00,81887
12925.000,12925.000,20.00,82093
12930.000,12930.000,20.00,82113
12935.000,12935.000,20.00,82086
12940.000,12940.000,20.00,82085
12945.000,12945.000,20.00,82107
12950.000,12950.000,20.00,82091
12955.000,12955.000,20.00,82096
12960.000,12960.000,20.00,82099
12965.000,12965.000,20.00,82084
12970.000,12970.000,20.00,82100
12975.000,12975.000,20.00,81789
12980.000,12980.000,20.00,82074
12985.000,12985.000,20.00,82083
12990.000,12990.000,20.00,82097
12995.000,12995.000,20.00,77626
13000.000,13000.000,20.00,82077
13005.000,13005.000,20.00,79653
13010.000,13010.000,20.00,81569
13015.000,13015.000,20.00,82135
13020.000,13020.000,20.00,82086
13025.000,13025.000,20.00,82115
13030.000,13030.000,20.00,78356
13035.000,13035.000,20.00,78227
13040.000,13040.000,20.00,77700
13045.000,13045.000,20.00,72642
13050.000,13050.000,20.00,82093
13055.000,13055.000,20.00,82096
13060.000,13060.000,20.00,82074
13065.000,13065.000,20.00,82092
13070.000,13070.000,20.00,82084
13075.000,13075.000,20.00,82089
13080.000,13080.000,20.00,82108
13085.000,13085.000,20.00,82088
13090.000,13090.000,20.00,82085
13095.000,13095.000,20.00,82099
13100.000,13100.000,20.00,82073
13105.000,13105.000,20.00,82103
13110.000,13110.000,20.00,81960
13115.000,13115.000,20.00,78639
13120.000,13120.000,20.00,77340
13125.000,13125.000,20.00,76823
13130.000,13130.000,20.00,77643
13135.000,13135.000,20.00,77027
13140.000,13140.000,20.00,80775
13145.000,13145.000,20.00,81448
13150.000,13150.000,20.00,77723
13155.000,13155.000,20.00,81470
13160.000,13160.000,20.00,82078
13165.000,13165.000,20.00,82096
13170.000,13170.000,20.00,77293
13175.000,13175.000,20.00,81590
13180.000,13180.000,20.00,79207
13185.000,13185.000,20.00,79986
13190.000,13190.000,20.00,82031
13195.000,13195.000,20.00,77822
13200.000,13200.000,20.00,82097
13205.000,13205.000,20.00,82093
13210.000,13210.000,20.00,82079
13215.000,13215.000,20.00,82089
13220.000,13220.000,20.00,82094
13225.000,13225.000,20.00,82067
13230.000,13230.000,20.00,82073
13235.000,13235.000,20.00,82102
13240.000,13240.000,20.00,82113
13245.000,13245.000,20.00,82056
13250.000,13250.000,20.00,82104
13255.000,13255.000,20.00,82105
13260.000,13260.000,20.00,82103
13265.000,13265.000,20.00,82105
13270.000,13270.000,20.00,82068
13275.000,13275.000,20.00,82123
13280.000,13280.000,20.00,82077
13285.000,13285.000,20.00,81797
13290.000,13290.000,20.00,82087
13295.000,13295.000,20.00,82101
13300.000,13300.000,20.00,81763
13305.000,13305.000,20.00,82117
13310.000,13310.000,20.00,82073
13315.000,13315.000,20.00,82135
13320.000,13320.000,20.00,82076
13325.000,13325.000,20.00,82117
13330.000,13330.000,20.00,81803
13335.000,13335.000,20.00,82085
13340.000,13340.000,20.00,82090
13345.000,13345.000,20.00,82094
13350.000,13350.000,20.00,82098
13355.000,13355.000,20.00,82105
13360.000,13360.000,20.00,82063
13365.000,13365.000,20.00,82111
13370.000,13370.000,20.00,82094
13375.000,13375.000,20.00,82081
13380.000,13380.000,20.00,82032
13385.000,13385.000,20.00,81711
13390.000,13390.000,20.00,82094
13395.000,13395.000,20.00,82050
13400.000,13400.000,20.00,82089
13405.000,13405.000,20.00,79463
13410.000,13410.000,20.00,80773
13415.000,13415.000,20.00,82044
13420.000,13420.000,20.00,81986
13425.000,13425.000,20.00,79715
13430.000,13430.000,20.00,82090
13435.000,13435.000,20.00,82077
13440.000,13440.000,20.00,62606
13445.000,13445.000,20.00,68965
13450.000,13450.000,20.00,82093
13455.000,13455.000,20.00,80865
13460.000,13460.000,20.00,82078
13465.000,13465.000,20.00,81651
13470.000,13470.000,20.00,82107
13475.000,13475.000,20.00,82104
13480.000,13480.000,20.00,82094
13485.000,13485.000,20.00,82083
13490.000,13490.000,20.00,82097
13495.000,13495.000,20.00,82064
13500.000,13500.000,20.00,82090
13505.000,13505.000,20.00,82087
13510.000,13510.000,20.00,82102
13515.000,13515.000,20.00,82089
13520.000,13520.000,20.00,82091
13525.000,13525.000,20.00,82079
13530.000,13530.000,20.00,82112
13535.000,13535.000,20.00,82092
13540.000,13540.000,20.00,82091
13545.000,13545.000,20.00,82110
13550.000,13550.000,20.00,82095
13555.000,13555.000,20.00,82088
13560.000,13560.000,20.00,82097
13565.000,13565.000,20.00,82075
13570.000,13570.000,20.00,82105
13575.000,13575.000,20.00,82082
13580.000,13580.000,20.00,82081
13585.000,13585.000,20.00,82103
13590.000,13590.000,20.00,82081
13595.000,13595.000,20.00,82107
13600.000,13600.000,20.00,82089
13605.000,13605.000,20.00,82089
13610.000,13610.000,20.00,82093
13615.000,13615.000,20.00,81912
13620.000,13620.000,20.00,82093
13625.000,13625.000,20.00,82094
13630.000,13630.000,20.00,82083
13635.000,13635.000,20.00,82095
13640.000,13640.000,20.00,82090
13645.000,13645.000,20.00,82095
13650.000,13650.000,20.00,76843
13655.000,13655.000,20.00,82076
13660.000,13660.000,20.00,76643
13665.000,13665.000,20.00,82126
13670.000,13670.000,20.00,82111
13675.000,13675.000,20.00,76886
13680.000,13680.000,20.00,82101
13685.000,13685.000,20.00,78163
13690.000,13690.000,20.00,80504
13695.000,13695.000,20.00,82092
13700.000,13700.000,20.00,76636
13705.000,13705.000,20.00,82085
13710.000,13710.000,20.00,82098
13715.000,13715.000,20.00,76470
13720.000,13720.000,20.00,82062
13725.000,13725.000,20.00,80821
13730.000,13730.000,20.00,73022
13735.000,13735.000,20.00,82110
13740.000,13740.000,20.00,81785
13745.000,13745.000,20.00,76086
13750.000,13750.000,20.00,82094
13755.000,13755.000,20.00,76560
13760.000,13760.000,20.00,82091
13765.000,13765.000,20.00,78996
13770.000,13770.000,20.00,81771
13775.000,13775.000,20.00,81779
13780.000,13780.000,20.00,81830
13785.000,13785.000,20.00,80957
13790.000,13790.000,20.00,81449
13795.000,13795.000,20.00,81920
13800.000,13800.000,20.00,82106
13805.000,13805.000,20.00,82104
13810.000,13810.000,20.00,82082
13815.000,13815.000,20.00,82090
13820.000,13820.000,20.00,82087
13825.000,13825.000,20.00,82067
13830.000,13830.000,20.00,82080
13835.000,13835.000,20.00,82101
13840.000,13840.000,20.00,82085
13845.000,13845.000,20.00,82090
13850.000,13850.000,20.00,82081
13855.000,13855.000,20.00,82073
13860.000,13860.000,20.00,82114
13865.000,13865.000,20.00,82079
13870.000,13870.000,20.00,82086
13875.000,13875.000,20.00,82084
13880.000,13880.000,20.00,82121
13885.000,13885.000,20.00,82081
13890.000,13890.000,20.00,81787
13895.000,13895.000,20.00,82048
13900.000,13900.000,20.00,82062
13905.000,13905.000,20.00,82108
13910.000,13910.000,20.00,82083
13915.000,13915.000,20.00,82074
13920.000,13920.000,20.00,82075
13925.000,13925.000,20.00,82058
13930.000,13930.000,20.00,82122
13935.000,13935.000,20.00,82091
13940.000,13940.000,20.00,82082
13945.000,13945.000,20.00,81781
13950.000,13950.000,20.00,82087
13955.000,13955.000,20.00,82096
13960.000,13960.000,20.00,82089
13965.000,13965.000,20.00,82088
13970.000,13970.000,20.00,82104
13975.000,13975.000,20.00,82085
13980.000,13980.000,20.00,82044
13985.000,13985.000,20.00,82101
13990.000,13990.000,20.00,82098
13995.000,13995.000,20.00,81781
14000.000,14000.000,20.00,82104
14005.000,14005.000,20.00,82076
14010.000,14010.000,20.00,75090
14015.000,14015.000,20.00,81224
14020.000,14020.000,20.00,81774
14025.000,14025.000,20.00,77533
14030.000,14030.000,20.00,82103
14035.000,14035.000,20.00,80830
14040.000,14040.000,20.00,82099
14045.000,14045.000,20.00,82089
14050.000,14050.000,20.00,82104
14055.000,14055.000,20.00,82085
14060.000,14060.000,20.00,82081
14065.000,14065.000,20.00,82091
14070.000,14070.000,20.00,82108
14075.000,14075.000,20.00,82082
14080.000,14080.000,20.00,82079
14085.000,14085.000,20.00,82091
14090.000,14090.000,20.00,82079
14095.000,14095.000,20.00,82087
14100.000,14100.000,20.00,82086
14105.000,14105.000,20.00,82083
14110.000,14110.000,20.00,82097
14115.000,14115.000,20.00,82095
14120.000,14120.000,20.00,82088
14125.000,14125.000,20.00,82097
14130.000,14130.000,20.00,82097
14135.000,14135.000,20.00,82107
14140.000,14140.000,20.00,75466
14145.000,14145.000,20.00,76521
14150.000,14150.000,20.00,75132
14155.000,14155.000,20.00,82096
14160.000,14160.000,20.00,82137
14165.000,14165.000,20.00,82077
14170.000,14170.000,20.00,82111
14175.000,14175.000,20.00,82087
14180.000,14180.000,20.00,82095
14185.000,14185.000,20.00,82089
14190.000,14190.000,20.00,82096
14195.000,14195.000,20.00,82089
14200.000,14200.000,20.00,82090
14205.000,14205.000,20.00,82068
14210.000,14210.000,20.00,82107
14215.000,14215.000,20.00,82072
14220.000,14220.000,20.00,76386
14225.000,14225.000,20.00,82076
14230.000,14230.000,20.00,76908
14235.000,14235.000,20.00,82100
14240.000,14240.000,20.00,78997
14245.000,14245.000,20.00,79813
14250.000,14250.000,20.00,77533
14255.000,14255.000,20.00,82104
14260.000,14260.000,20.00,79010
14265.000,14265.000,20.00,79669
14270.000,14270.000,20.00,82088
14275.000,14275.000,20.00,76747
14280.000,14280.000,20.00,82098
14285.000,14285.000,20.00,76584
14290.000,14290.000,20.00,82094
14295.000,14295.000,20.00,76759
14300.000,14300.000,20.00,82090
14305.000,14305.000,20.00,78982
14310.000,14310.000,20.00,81019
14315.000,14315.000,20.00,80801
14320.000,14320.000,20.00,80254
14325.000,14325.000,20.00,82064
14330.000,14330.000,20.00,82132
14335.000,14335.000,20.00,82086
14340.000,14340.000,20.00,82106
14345.000,14345.000,20.00,82099
14350.000,14350.000,20.00,82082
14355.000,14355.000,20.00,81802
14360.000,14360.000,20.00,82086
14365.000,14365.000,20.00,81941
14370.000,14370.000,20.00,82087
14375.000,14375.000,20.00,82070
14380.000,14380.000,20.00,81804
14385.000,14385.000,20.00,82084
14390.000,14390.000,20.00,82095
14395.000,14395.000,20.00,82111
14400.000,14400.000,20.00,82088
14405.000,14405.000,20.00,82083
14410.000,14410.000,20.00,82108
14415.000,14415.000,20.00,82074
14420.000,14420.000,20.00,82109
14425.000,14425.000,20.00,82096
14430.000,14430.000,20.00,82080
14435.000,14435.000,20.00,82098
14440.000,14440.000,20.00,82085
14445.000,14445.000,20.00,82104
14450.000,14450.000,20.00,82095
14455.000,14455.000,20.00,82089
14460.000,14460.000,20.00,82062
14465.000,14465.000,20.00,82111
14470.000,14470.000,20.00,82076
14475.000,14475.000,20.00,82093
14480.000,14480.000,20.00,82083
14485.000,14485.000,20.00,82103
14490.000,14490.000,20.00,82081
14495.000,14495.000,20.00,82120
14500.000,14500.000,20.00,82074
14505.000,14505.000,20.00,82080
14510.000,14510.000,20.00,82095
14515.000,14515.000,20.00,82101
14520.000,14520.000,20.00,82074
14525.000,14525.000,20.00,82111
14530.000,14530.000,20.00,82101
14535.000,14535.000,20.00,82065
14540.000,14540.000,20.00,82076
14545.000,14545.000,20.00,82107
14550.000,14550.000,20.00,82090
14555.000,14555.000,20.00,82086
14560.000,14560.000,20.00,82092
14565.000,14565.000,20.00,82103
14570.000,14570.000,20.00,82082
14575.000,14575.000,20.00,82103
14580.000,14580.000,20.00,82087
14585.000,14585.000,20.00,82083
14590.000,14590.000,20.00,82096
14595.000,14595.000,20.00,82099
14600.000,14600.000,20.00,82095
14605.000,14605.000,20.00,82096
14610.000,14610.000,20.00,82087
14615.000,14615.000,20.00,81360
14620.000,14620.000,20.00,81518
14625.000,14625.000,20.00,81912
14630.000,14630.000,20.00,72325
14635.000,14635.000,20.00,53438
14640.000,14640.000,20.00,82090
14645.000,14645.000,20.00,82078
14650.000,14650.000,20.00,82100
14655.000,14655.000,20.00,82081
14660.000,14660.000,20.00,82088
14665.000,14665.000,20.00,82077
14670.000,14670.000,20.00,82078
14675.000,14675.000,20.00,82077
14680.000,14680.000,20.00,82108
14685.000,14685.000,20.00,82068
14690.000,14690.000,20.00,82098
14695.000,14695.000,20.00,82084
14700.000,14700.000,20.00,82077
14705.000,14705.000,20.00,82086
14710.000,14710.000,20.00,82071
14715.000,14715.000,20.00,82109
14720.000,14720.000,20.00,82101
14725.000,14725.000,20.00,82098
14730.000,14730.000,20.00,73033
14735.000,14735.000,20.00,73669
14740.000,14740.000,20.00,73784
14745.000,14745.000,20.00,78354
14750.000,14750.000,20.00,81039
14755.000,14755.000,20.00,74693
14760.000,14760.000,20.00,82087
14765.000,14765.000,20.00,81783
14770.000,14770.000,20.00,82094
14775.000,14775.000,20.00,82093
14780.000,14780.000,20.00,82086
14785.000,14785.000,20.00,81007
14790.000,14790.000,20.00,82084
14795.000,14795.000,20.00,75131
14800.000,14800.000,20.00,82093
14805.000,14805.000,20.00,81884
14810.000,14810.000,20.00,75522
14815.000,14815.000,20.00,82103
14820.000,14820.000,20.00,79073
14825.000,14825.000,20.00,82084
14830.000,14830.000,20.00,76888
14835.000,14835.000,20.00,82082
14840.000,14840.000,20.00,76612
14845.000,14845.000,20.00,82080
14850.000,14850.000,20.00,82075
14855.000,14855.000,20.00,82097
14860.000,14860.000,20.00,82093
14865.000,14865.000,20.00,76515
14870.000,14870.000,20.00,82083
14875.000,14875.000,20.00,78469
14880.000,14880.000,20.00,79526
14885.000,14885.000,20.00,82083
14890.000,14890.000,20.00,78442
14895.000,14895.000,20.00,82093
14900.000,14900.000,20.00,79802
14905.000,14905.000,20.00,82087
14910.000,14910.000,20.00,82084
14915.000,14915.000,20.00,82075
14920.000,14920.000,20.00,82091
14925.000,14925.000,20.00,82113
14930.000,14930.000,20.00,82094
14935.000,14935.000,20.00,82090
14940.000,14940.000,20.00,82064
14945.000,14945.000,20.00,82118
14950.000,14950.000,20.00,82090
14955.000,14955.000,20.00,82095
14960.000,14960.000,20.00,82092
14965.000,14965.000,20.00,82090
14970.000,14970.000,20.00,82087
14975.000,14975.000,20.00,82106
14980.000,14980.000,20.00,81790
14985.000,14985.000,20.00,82100
14990.000,14990.000,20.00,82097
14995.000,14995.000,20.00,82099
15000.000,15000.000,20.00,82085
15005.000,15005.000,20.00,82082
15010.000,15010.000,20.00,82095
15015.000,15015.000,20.00,82080
15020.000,15020.000,20.00,82115
15025.000,15025.000,20.00,82099
15030.000,15030.000,20.00,82077
15035.000,15035.000,20.00,82105
15040.000,15040.000,20.00,82083
15045.000,15045.000,20.00,82081
15050.000,15050.000,20.00,82100
15055.000,15055.000,20.00,82070
15060.000,15060.000,20.00,80517
15065.000,15065.000,20.00,80714
15070.000,15070.000,20.00,82090
15075.000,15075.000,20.00,79493
15080.000,15080.000,20.00,79536
15085.000,15085.000,20.00,70396
15090.000,15090.000,20.00,82081
15095.000,15095.000,20.00,82094
15100.000,15100.000,20.00,82097
15105.000,15105.000,20.00,82101
15110.000,15110.000,20.00,82095
15115.000,15115.000,20.00,82079
15120.000,15120.000,20.00,82104
15125.000,15125.000,20.00,82088
15130.000,15130.000,20.00,82089
15135.000,15135.000,20.00,82103
15140.000,15140.000,20.00,82096
15145.000,15145.000,20.00,82094
15150.000,15150.000,20.00,81472
15155.000,15155.000,20.00,81553
15160.000,15160.000,20.00,81411
15165.000,15165.000,20.00,82068
15170.000,15170.000,20.00,82066
15175.000,15175.000,20.00,82063
15180.000,15180.000,20.00,82067
15185.000,15185.000,20.00,82053
15190.000,15190.000,20.00,81662
15195.000,15195.000,20.00,81852
15200.000,15200.000,20.00,81815
15205.000,15205.000,20.00,81723
15210.000,15210.000,20.00,82021
15215.000,15215.000,20.00,81957
15220.000,15220.000,20.00,81804
15225.000,15225.000,20.00,81787
15230.000,15230.000,20.00,81425
15235.000,15235.000,20.00,81774
15240.000,15240.000,20.00,80959
15245.000,15245.000,20.00,81496
15250.000,15250.000,20.00,81947
15255.000,15255.000,20.00,81400
15260.000,15260.000,20.00,81977
15265.000,15265.000,20.00,82090
15270.000,15270.000,20.00,76617
15275.000,15275.000,20.00,82085
15280.000,15280.000,20.00,76413
15285.000,15285.000,20.00,82058
15290.000,15290.000,20.00,76653
15295.000,15295.000,20.00,82080
15300.000,15300.000,20.00,82085
15305.000,15305.000,20.00,81421
15310.000,15310.000,20.00,74018
15315.000,15315.000,20.00,82065
15320.000,15320.000,20.00,76414
15325.000,15325.000,20.00,82095
15330.000,15330.000,20.00,82106
15335.000,15335.000,20.00,82035
15340.000,15340.000,20.00,81813
15345.000,15345.000,20.00,82402
15350.000,15350.000,20.00,82092
15355.000,15355.000,20.00,82065
15360.000,15360.000,20.00,82065
15365.000,15365.000,20.00,82081
15370.000,15370.000,20.00,82116
15375.000,15375.000,20.00,82043
15380.000,15380.000,20.00,82111
15385.000,15385.000,20.00,82083
15390.000,15390.000,20.00,82087
15395.000,15395.000,20.00,82096
15400.000,15400.000,20.00,82088
15405.000,15405.000,20.00,82102
15410.000,15410.000,20.00,82091
15415.000,15415.000,20.00,82103
15420.000,15420.000,20.00,82070
15425.000,15425.000,20.00,82092
15430.000,15430.000,20.00,82084
15435.000,15435.000,20.00,82098
15440.000,15440.000,20.00,82086
15445.000,15445.000,20.00,82105
15450.000,15450.000,20.00,82096
15455.000,15455.000,20.00,82083
15460.000,15460.000,20.00,82075
15465.000,15465.000,20.00,82088
15470.000,15470.000,20.00,82098
15475.000,15475.000,20.00,82102
15480.000,15480.000,20.00,82092
15485.000,15485.000,20.00,82097
15490.000,15490.000,20.00,82080
15495.000,15495.000,20.00,82082
15500.000,15500.000,20.00,82085
15505.000,15505.000,20.00,82103
15510.000,15510.000,20.00,82105
15515.000,15515.000,20.00,82101
15520.000,15520.000,20.00,82093
15525.000,15525.000,20.00,82069
15530.000,15530.000,20.00,82081
15535.000,15535.000,20.00,82081
15540.000,15540.000,20.00,80064
15545.000,15545.000,20.00,78792
15550.000,15550.000,20.00,79369
15555.000,15555.000,20.00,82070
15560.000,15560.000,20.00,82016
15565.000,15565.000,20.00,82008
15570.000,15570.000,20.00,80935
15575.000,15575.000,20.00,81905
15580.000,15580.000,20.00,82035
15585.000,15585.000,20.00,82062
15590.000,15590.000,20.00,82065
15595.000,15595.000,20.00,81896
15600.000,15600.000,20.00,82094
15605.000,15605.000,20.00,82087
15610.000,15610.000,20.00,82108
15615.000,15615.000,20.00,82091
15620.000,15620.000,20.00,82075
15625.000,15625.000,20.00,82082
15630.000,15630.000,20.00,80702
15635.000,15635.000,20.00,79861
15640.000,15640.000,20.00,81476
15645.000,15645.000,20.00,80891
15650.000,15650.000,20.00,79882
15655.000,15655.000,20.00,82082
15660.000,15660.000,20.00,81994
15665.000,15665.000,20.00,82026
15670.000,15670.000,20.00,82066
15675.000,15675.000,20.00,81866
15680.000,15680.000,20.00,81726
15685.000,15685.000,20.00,81192
15690.000,15690.000,20.00,81677
15695.000,15695.000,20.00,82046
15700.000,15700.000,20.00,81921
15705.000,15705.000,20.00,81936
15710.000,15710.000,20.00,79583
15715.000,15715.000,20.00,81582
15720.000,15720.000,20.00,76728
15725.000,15725.000,20.00,76949
15730.000,15730.000,20.00,74481
15735.000,15735.000,20.00,75131
15740.000,15740.000,20.00,76508
15745.000,15745.000,20.00,77134
15750.000,15750.000,20.00,81785
15755.000,15755.000,20.00,82121
15760.000,15760.000,20.00,81991
15765.000,15765.000,20.00,82083
15770.000,15770.000,20.00,82016
15775.000,15775.000,20.00,81402
15780.000,15780.000,20.00,82106
15785.000,15785.000,20.00,82086
15790.000,15790.000,20.00,82086
15795.000,15795.000,20.00,82097
15800.000,15800.000,20.00,82105
15805.000,15805.000,20.00,82060
15810.000,15810.000,20.00,82095
15815.000,15815.000,20.00,82098
15820.000,15820.000,20.00,82095
15825.000,15825.000,20.00,82084
15830.000,15830.000,20.00,82078
15835.000,15835.000,20.00,82095
15840.000,15840.000,20.00,82073
15845.000,15845.000,20.00,82101
15850.000,15850.000,20.00,82087
15855.000,15855.000,20.00,82091
15860.000,15860.000,20.00,82084
15865.000,15865.000,20.00,82104
15870.000,15870.000,20.00,82109
15875.000,15875.000,20.00,82076
15880.000,15880.000,20.00,82104
15885.000,15885.000,20.00,82108
15890.000,15890.000,20.00,82080
15895.000,15895.000,20.00,82092
15900.000,15900.000,20.00,78915
15905.000,15905.000,20.00,82085
15910.000,15910.000,20.00,79585
15915.000,15915.000,20.00,81489
15920.000,15920.000,20.00,82093
15925.000,15925.000,20.00,82066
15930.000,15930.000,20.00,82077
15935.000,15935.000,20.00,82088
15940.000,15940.000,20.00,81851
15945.000,15945.000,20.00,82094
15950.000,15950.000,20.00,82091
15955.000,15955.000,20.00,82028
15960.000,15960.000,20.00,82099
15965.000,15965.000,20.00,82103
15970.000,15970.000,20.00,82075
15975.000,15975.000,20.00,82099
15980.000,15980.000,20.00,82112
15985.000,15985.000,20.00,82100
15990.000,15990.000,20.00,81778
15995.000,15995.000,20.00,82097
16000.000,16000.000,20.00,82091
16005.000,16005.000,20.00,82084
16010.000,16010.000,20.00,82097
16015.000,16015.000,20.00,82080
16020.000,16020.000,20.00,82111
16025.000,16025.000,20.00,82110
16030.000,16030.000,20.00,82083
16035.000,16035.000,20.00,82095
16040.000,16040.000,20.00,82103
16045.000,16045.000,20.00,82095
16050.000,16050.000,20.00,82102
16055.000,16055.000,20.00,82095
16060.000,16060.000,20.00,82076
16065.000,16065.000,20.00,82090
16070.000,16070.000,20.00,82103
16075.000,16075.000,20.00,81843
16080.000,16080.000,20.00,82115
16085.000,16085.000,20.00,82085
16090.000,16090.000,20.00,82082
16095.000,16095.000,20.00,82089
16100.000,16100.000,20.00,82082
16105.000,16105.000,20.00,82092
16110.000,16110.000,20.00,77262
16115.000,16115.000,20.00,74630
16120.000,16120.000,20.00,81625
16125.000,16125.000,20.00,78595
16130.000,16130.000,20.00,79965
16135.000,16135.000,20.00,81159
16140.000,16140.000,20.00,81708
16145.000,16145.000,20.00,78638
16150.000,16150.000,20.00,77794
16155.000,16155.000,20.00,77042
16160.000,16160.000,20.00,78762
16165.000,16165.000,20.00,75173
16170.000,16170.000,20.00,82081
16175.000,16175.000,20.00,82080
16180.000,16180.000,20.00,82099
16185.000,16185.000,20.00,82100
16190.000,16190.000,20.00,82088
16195.000,16195.000,20.00,82086
16200.000,16200.000,20.00,82083
16205.000,16205.000,20.00,82091
16210.000,16210.000,20.00,82096
16215.000,16215.000,20.00,82089
16220.000,16220.000,20.00,82084
16225.000,16225.000,20.00,82106
16230.000,16230.000,20.00,82104
16235.000,16235.000,20.00,82084
16240.000,16240.000,20.00,82092
16245.000,16245.000,20.00,82085
16250.000,16250.000,20.00,82089
16255.000,16255.000,20.00,82076
16260.000,16260.000,20.00,82096
16265.000,16265.000,20.00,82110
16270.000,16270.000,20.00,82050
16275.000,16275.000,20.00,82121
16280.000,16280.000,20.00,82090
16285.000,16285.000,20.00,82103
16290.000,16290.000,20.00,82092
16295.000,16295.000,20.00,82087
16300.000,16300.000,20.00,82090
16305.000,16305.000,20.00,82079
16310.000,16310.000,20.00,82114
16315.000,16315.000,20.00,82078
16320.000,16320.000,20.00,82074
16325.000,16325.000,20.00,82110
16330.000,16330.000,20.00,81482
16335.000,16335.000,20.00,81533
16340.000,16340.000,20.00,82098
16345.000,16345.000,20.00,82071
16350.000,16350.000,20.00,82096
16355.000,16355.000,20.00,82095
16360.000,16360.000,20.00,81720
16365.000,16365.000,20.00,82021
16370.000,16370.000,20.00,82079
16375.000,16375.000,20.00,82079
16380.000,16380.000,20.00,81799
16385.000,16385.000,20.00,82093
16390.000,16390.000,20.00,82044
16395.000,16395.000,20.00,81762
16400.000,16400.000,20.00,82088
16405.000,16405.000,20.00,82065
16410.000,16410.000,20.00,80127
16415.000,16415.000,20.00,79892
16420.000,16420.000,20.00,80160
16425.000,16425.000,20.00,79833
16430.000,16430.000,20.00,79603
16435.000,16435.000,20.00,79963
16440.000,16440.000,20.00,82118
16445.000,16445.000,20.00,82072
16450.000,16450.000,20.00,82110
16455.000,16455.000,20.00,82096
16460.000,16460.000,20.00,82075
16465.000,16465.000,20.00,82104
16470.000,16470.000,20.00,82094
16475.000,16475.000,20.00,82089
16480.000,16480.000,20.00,81890
16485.000,16485.000,20.00,80712
16490.000,16490.000,20.00,81772
16495.000,16495.000,20.00,82097
16500.000,16500.000,20.00,82088
16505.000,16505.000,20.00,82081
16510.000,16510.000,20.00,82082
16515.000,16515.000,20.00,82093
16520.000,16520.000,20.00,82096
16525.000,16525.000,20.00,82075
16530.000,16530.000,20.00,82060
16535.000,16535.000,20.00,82115
16540.000,16540.000,20.00,82084
16545.000,16545.000,20.00,82085
16550.000,16550.000,20.00,82086
16555.000,16555.000,20.00,82083
16560.000,16560.000,20.00,82084
16565.000,16565.000,20.00,82095
16570.000,16570.000,20.00,82078
16575.000,16575.000,20.00,82072
16580.000,16580.000,20.00,82091
16585.000,16585.000,20.00,82088
16590.000,16590.000,20.00,82084
16595.000,16595.000,20.00,82089
16600.000,16600.000,20.00,82098
16605.000,16605.000,20.00,82084
16610.000,16610.000,20.00,81773
16615.000,16615.000,20.00,81790
16620.000,16620.000,20.00,82069
16625.000,16625.000,20.00,82121
16630.000,16630.000,20.00,82100
16635.000,16635.000,20.00,81799
16640.000,16640.000,20.00,82083
16645.000,16645.000,20.00,82082
16650.000,16650.000,20.00,81954
16655.000,16655.000,20.00,79369
16660.000,16660.000,20.00,72941
16665.000,16665.000,20.00,73576
16670.000,16670.000,20.00,75493
16675.000,16675.000,20.00,81690
16680.000,16680.000,20.00,79638
16685.000,16685.000,20.00,79816
16690.000,16690.000,20.00,81773
16695.000,16695.000,20.00,76905
16700.000,16700.000,20.00,78479
16705.000,16705.000,20.00,82078
16710.000,16710.000,20.00,77794
16715.000,16715.000,20.00,81864
16720.000,16720.000,20.00,82066
16725.000,16725.000,20.00,77310
16730.000,16730.000,20.00,80067
16735.000,16735.000,20.00,82079
16740.000,16740.000,20.00,81350
16745.000,16745.000,20.00,79453
16750.000,16750.000,20.00,79982
16755.000,16755.000,20.00,76843
16760.000,16760.000,20.00,82075
16765.000,16765.000,20.00,80448
16770.000,16770.000,20.00,82110
16775.000,16775.000,20.00,81875
16780.000,16780.000,20.00,81824
16785.000,16785.000,20.00,82072
16790.000,16790.000,20.00,82075
16795.000,16795.000,20.00,81903
16800.000,16800.000,20.00,82055
16805.000,16805.000,20.00,81909
16810.000,16810.000,20.00,82029
16815.000,16815.000,20.00,82078
16820.000,16820.000,20.00,82091
16825.000,16825.000,20.00,82099
16830.000,16830.000,20.00,78990
16835.000,16835.000,20.00,81529
16840.000,16840.000,20.00,79044
16845.000,16845.000,20.00,82044
16850.000,16850.000,20.00,76569
16855.000,16855.000,20.00,81791
16860.000,16860.000,20.00,77436
16865.000,16865.000,20.00,77153
16870.000,16870.000,20.00,78388
16875.000,16875.000,20.00,79056
16880.000,16880.000,20.00,81962
16885.000,16885.000,20.00,76536
16890.000,16890.000,20.00,79874
16895.000,16895.000,20.00,81522
16900.000,16900.000,20.00,80730
16905.000,16905.000,20.00,79030
16910.000,16910.000,20.00,82080
16915.000,16915.000,20.00,78241
