
======================================================================
  BATCH RUN: 83 trace(s) from traces/5g-ireland
======================================================================


──────────────────────────────────────────────────────────────────────
  [1/83] amazon_prime_driving_animated-adventuretime_B_2019_11_28_07_27_57_tc.csv
──────────────────────────────────────────────────────────────────────
[TRACE] amazon_prime_driving_animated-adventuretime_B_2019_11_28_07_27_57_tc.csv
[HLS-SHAPER] Triggering tc-trace via /startShaping API...
[HLS-SHAPER] tc-trace.py starting in container

======================================================================
  HLS Streaming QoE Benchmark (hls.js)
======================================================================
  Server: http://localhost:8080/hls.html?manifest=http://localhost:8080/hls/master.m3u8
======================================================================

[TRACE] Loaded 1898 entries with bandwidth
[BROWSER] Launching headless Chromium...
[BROWSER] Waiting for playback to start...
   Startup delay: 3631ms

[PLAYBACK] Collecting metrics...
   t=10s | buffer: 15.1s | bitrate: 3300 kbps | tp: 2719 kbps | trace_bw: 2719 kbps
   t=20s | buffer: 24.9s | bitrate: 4950 kbps | tp: 0 kbps | trace_bw: 0 kbps
   t=30s | buffer: 30.8s | bitrate: 4950 kbps | tp: 948 kbps | trace_bw: 948 kbps
   t=41s | buffer: 32.6s | bitrate: 4950 kbps | tp: 279 kbps | trace_bw: 279 kbps
   t=51s | buffer: 26.5s | bitrate: 4950 kbps | tp: 1053 kbps | trace_bw: 1053 kbps
   t=61s | buffer: 24.3s | bitrate: 3300 kbps | tp: 759 kbps | trace_bw: 759 kbps
   t=71s | buffer: 14.2s | bitrate: 3300 kbps | tp: 275 kbps | trace_bw: 275 kbps
   t=81s | buffer: 4.0s | bitrate: 1650 kbps | tp: 276 kbps | trace_bw: 276 kbps
   t=91s | buffer: 30.1s | bitrate: 110 kbps | tp: 280 kbps | trace_bw: 280 kbps
   t=101s | buffer: 32.0s | bitrate: 110 kbps | tp: 279 kbps | trace_bw: 279 kbps
   t=112s | buffer: 29.9s | bitrate: 220 kbps | tp: 277 kbps | trace_bw: 277 kbps

======================================================================
  BENCHMARK RESULTS (HLS / hls.js)
======================================================================

  [TIMING]
      Startup delay:     3,631 ms
      Playback time:     118.8 s

  [BITRATE]
      Average (selected):  2,681 kbps
      Average (effective): 2,639 kbps
      Min / Max:           110 / 4,950 kbps
      Median:              3,300 kbps
      Std deviation:       2,063.1 kbps
      Variance:            4,256,578.1
      25th/75th %ile:      220 / 4,950 kbps

  [SWITCHES]
      Total count:       9
      Up / Down:         3 / 6
      Avg magnitude:     1,100 kbps

  [REBUFFERING]
      Events:            3
      Total time:        1,902 ms
      Ratio:             1.5752%
      Frequency:         1.515 per minute
      Avg duration:      634 ms
      Max duration:      1,155 ms

  [THROUGHPUT]
      Average:           1,388 kbps
      Median:            279 kbps
      Min / Max:         0 / 39,982 kbps
      Std deviation:     5,194.8 kbps

  [AVAILABLE BW (trace)]
      Average:           1,388 kbps
      Min / Max:         0 / 39,982 kbps
      Utilisation:       20.1%

  [BUFFER]
      Average level:     21.6 s
      Min / Max:         0.0 / 33.5 s

  [UTILIZATION]
      Bandwidth:         960.9%

======================================================================

[SAVED] results/results/run_all_20260525_151403/hls_5g-ireland/benchmark_hls_amazon_prime_driving_animated-adventuretime_B_2019_11_28_07_27_57_tc_20260525_212208.json

──────────────────────────────────────────────────────────────────────
  [2/83] amazon_prime_driving_animated-adventuretime_B_2019_11_28_10_14_25_tc.csv
──────────────────────────────────────────────────────────────────────
[TRACE] amazon_prime_driving_animated-adventuretime_B_2019_11_28_10_14_25_tc.csv
[HLS-SHAPER] Triggering tc-trace via /startShaping API...
[HLS-SHAPER] tc-trace.py starting in container

======================================================================
  HLS Streaming QoE Benchmark (hls.js)
======================================================================
  Server: http://localhost:8080/hls.html?manifest=http://localhost:8080/hls/master.m3u8
======================================================================

[TRACE] Loaded 1320 entries with bandwidth
[BROWSER] Launching headless Chromium...
[BROWSER] Waiting for playback to start...
   Startup delay: 5168ms

[PLAYBACK] Collecting metrics...
   t=10s | buffer: 0.0s | bitrate: 3300 kbps | tp: 12 kbps | trace_bw: 12 kbps
   t=20s | buffer: 21.8s | bitrate: 1650 kbps | tp: 0 kbps | trace_bw: 0 kbps
   t=30s | buffer: 31.6s | bitrate: 440 kbps | tp: 54316 kbps | trace_bw: 54316 kbps
   t=41s | buffer: 29.5s | bitrate: 660 kbps | tp: 0 kbps | trace_bw: 0 kbps
   t=51s | buffer: 31.3s | bitrate: 1320 kbps | tp: 1420 kbps | trace_bw: 1420 kbps
   t=61s | buffer: 25.2s | bitrate: 1650 kbps | tp: 281 kbps | trace_bw: 281 kbps
   t=71s | buffer: 31.0s | bitrate: 1650 kbps | tp: 283 kbps | trace_bw: 283 kbps
   t=81s | buffer: 28.9s | bitrate: 1320 kbps | tp: 274 kbps | trace_bw: 274 kbps
   t=91s | buffer: 30.7s | bitrate: 880 kbps | tp: 844 kbps | trace_bw: 844 kbps
   t=101s | buffer: 28.6s | bitrate: 880 kbps | tp: 281 kbps | trace_bw: 281 kbps
   t=112s | buffer: 30.4s | bitrate: 1650 kbps | tp: 0 kbps | trace_bw: 0 kbps

======================================================================
  BENCHMARK RESULTS (HLS / hls.js)
======================================================================

  [TIMING]
      Startup delay:     5,168 ms
      Playback time:     110.3 s

  [BITRATE]
      Average (selected):  1,406 kbps
      Average (effective): 1,283 kbps
      Min / Max:           220 / 3,300 kbps
      Median:              1,320 kbps
      Std deviation:       821.5 kbps
      Variance:            674,813.6
      25th/75th %ile:      880 / 1,650 kbps

  [SWITCHES]
      Total count:       13
      Up / Down:         9 / 4
      Avg magnitude:     736 kbps

  [REBUFFERING]
      Events:            3
      Total time:        10,626 ms
      Ratio:             8.7884%
      Frequency:         1.632 per minute
      Avg duration:      3,542 ms
      Max duration:      10,096 ms

  [THROUGHPUT]
      Average:           1,698 kbps
      Median:            273 kbps
      Min / Max:         0 / 54,316 kbps
      Std deviation:     7,603.7 kbps

  [AVAILABLE BW (trace)]
      Average:           1,698 kbps
      Min / Max:         0 / 54,316 kbps
      Utilisation:       16.1%

  [BUFFER]
      Average level:     25.0 s
      Min / Max:         0.0 / 33.0 s

  [UTILIZATION]
      Bandwidth:         515.1%

======================================================================

[SAVED] results/results/run_all_20260525_151403/hls_5g-ireland/benchmark_hls_amazon_prime_driving_animated-adventuretime_B_2019_11_28_10_14_25_tc_20260525_212416.json

──────────────────────────────────────────────────────────────────────
  [3/83] amazon_prime_driving_animated-adventuretime_B_2019_11_28_12_05_29_tc.csv
──────────────────────────────────────────────────────────────────────
[TRACE] amazon_prime_driving_animated-adventuretime_B_2019_11_28_12_05_29_tc.csv
[HLS-SHAPER] Triggering tc-trace via /startShaping API...
[HLS-SHAPER] tc-trace.py starting in container

======================================================================
  HLS Streaming QoE Benchmark (hls.js)
======================================================================
  Server: http://localhost:8080/hls.html?manifest=http://localhost:8080/hls/master.m3u8
======================================================================

[TRACE] Loaded 963 entries with bandwidth
[BROWSER] Launching headless Chromium...
[BROWSER] Waiting for playback to start...
   Startup delay: 2689ms

[PLAYBACK] Collecting metrics...
   t=10s | buffer: 0.0s | bitrate: 440 kbps | tp: 37315 kbps | trace_bw: 37315 kbps
   t=20s | buffer: 0.1s | bitrate: 220 kbps | tp: 0 kbps | trace_bw: 0 kbps
   t=30s | buffer: 0.0s | bitrate: 220 kbps | tp: 875 kbps | trace_bw: 875 kbps
   t=41s | buffer: 6.0s | bitrate: 4950 kbps | tp: 276 kbps | trace_bw: 276 kbps
   t=51s | buffer: 3.9s | bitrate: 2200 kbps | tp: 1802 kbps | trace_bw: 1802 kbps
   t=61s | buffer: 7.7s | bitrate: 3300 kbps | tp: 225 kbps | trace_bw: 225 kbps
   t=71s | buffer: 0.0s | bitrate: 4950 kbps | tp: 0 kbps | trace_bw: 0 kbps
   t=81s | buffer: 2.9s | bitrate: 440 kbps | tp: 0 kbps | trace_bw: 0 kbps
   t=91s | buffer: 0.0s | bitrate: 440 kbps | tp: 907 kbps | trace_bw: 907 kbps
   t=101s | buffer: 0.0s | bitrate: 440 kbps | tp: 276 kbps | trace_bw: 276 kbps
   t=112s | buffer: 13.7s | bitrate: 3300 kbps | tp: 0 kbps | trace_bw: 0 kbps

======================================================================
  BENCHMARK RESULTS (HLS / hls.js)
======================================================================

  [TIMING]
      Startup delay:     2,689 ms
      Playback time:     67.0 s

  [BITRATE]
      Average (selected):  1,872 kbps
      Average (effective): 1,035 kbps
      Min / Max:           110 / 4,950 kbps
      Median:              440 kbps
      Std deviation:       1,931.1 kbps
      Variance:            3,728,962.7
      25th/75th %ile:      440 / 3,300 kbps

  [SWITCHES]
      Total count:       14
      Up / Down:         6 / 8
      Avg magnitude:     1,752 kbps

  [REBUFFERING]
      Events:            9
      Total time:        54,250 ms
      Ratio:             44.7399%
      Frequency:         8.059 per minute
      Avg duration:      6,028 ms
      Max duration:      21,371 ms

  [THROUGHPUT]
      Average:           1,847 kbps
      Median:            276 kbps
      Min / Max:         0 / 43,922 kbps
      Std deviation:     6,553.2 kbps

  [AVAILABLE BW (trace)]
      Average:           1,847 kbps
      Min / Max:         0 / 43,922 kbps
      Utilisation:       14.9%

  [BUFFER]
      Average level:     3.3 s
      Min / Max:         0.0 / 16.7 s

  [UTILIZATION]
      Bandwidth:         678.4%

======================================================================

[SAVED] results/results/run_all_20260525_151403/hls_5g-ireland/benchmark_hls_amazon_prime_driving_animated-adventuretime_B_2019_11_28_12_05_29_tc_20260525_212625.json

──────────────────────────────────────────────────────────────────────
  [4/83] amazon_prime_driving_animated-adventuretime_B_2019_11_28_14_53_29_tc.csv
──────────────────────────────────────────────────────────────────────
[TRACE] amazon_prime_driving_animated-adventuretime_B_2019_11_28_14_53_29_tc.csv
[HLS-SHAPER] Triggering tc-trace via /startShaping API...
[HLS-SHAPER] Warning: could not reach /startShaping: HTTPConnectionPool(host='localhost', port=8080): Read timed out. (read timeout=5)

======================================================================
  HLS Streaming QoE Benchmark (hls.js)
======================================================================
  Server: http://localhost:8080/hls.html?manifest=http://localhost:8080/hls/master.m3u8
======================================================================

[TRACE] Loaded 4683 entries with bandwidth
[BROWSER] Launching headless Chromium...
[BROWSER] Waiting for playback to start...
   Startup delay: 16386ms

[PLAYBACK] Collecting metrics...
   t=10s | buffer: 0.1s | bitrate: 2200 kbps | tp: 2 kbps | trace_bw: 2 kbps
   t=20s | buffer: 2.1s | bitrate: 2200 kbps | tp: 881 kbps | trace_bw: 881 kbps
   t=30s | buffer: 3.7s | bitrate: 880 kbps | tp: 1 kbps | trace_bw: 1 kbps
   t=41s | buffer: 5.5s | bitrate: 2200 kbps | tp: 279 kbps | trace_bw: 279 kbps
   t=51s | buffer: 3.4s | bitrate: 1320 kbps | tp: 3130 kbps | trace_bw: 3130 kbps
   t=61s | buffer: 9.7s | bitrate: 440 kbps | tp: 3 kbps | trace_bw: 3 kbps
   t=71s | buffer: 3.6s | bitrate: 4950 kbps | tp: 497 kbps | trace_bw: 497 kbps
   t=81s | buffer: 0.0s | bitrate: 4950 kbps | tp: 275 kbps | trace_bw: 275 kbps
   t=91s | buffer: 0.0s | bitrate: 4950 kbps | tp: 1338 kbps | trace_bw: 1338 kbps
   t=101s | buffer: 32.0s | bitrate: 220 kbps | tp: 2301 kbps | trace_bw: 2301 kbps
   t=112s | buffer: 29.9s | bitrate: 440 kbps | tp: 282 kbps | trace_bw: 282 kbps

======================================================================
  BENCHMARK RESULTS (HLS / hls.js)
======================================================================

  [TIMING]
      Startup delay:     16,386 ms
      Playback time:     94.8 s

  [BITRATE]
      Average (selected):  2,054 kbps
      Average (effective): 1,605 kbps
      Min / Max:           110 / 4,950 kbps
      Median:              2,200 kbps
      Std deviation:       1,662.0 kbps
      Variance:            2,762,151.6
      25th/75th %ile:      440 / 3,300 kbps

  [SWITCHES]
      Total count:       15
      Up / Down:         7 / 8
      Avg magnitude:     1,467 kbps

  [REBUFFERING]
      Events:            7
      Total time:        26,544 ms
      Ratio:             21.8727%
      Frequency:         4.430 per minute
      Avg duration:      3,792 ms
      Max duration:      18,995 ms

  [THROUGHPUT]
      Average:           1,418 kbps
      Median:            278 kbps
      Min / Max:         0 / 34,121 kbps
      Std deviation:     4,181.2 kbps

  [AVAILABLE BW (trace)]
      Average:           1,418 kbps
      Min / Max:         0 / 34,121 kbps
      Utilisation:       19.6%

  [BUFFER]
      Average level:     9.1 s
      Min / Max:         0.0 / 32.5 s

  [UTILIZATION]
      Bandwidth:         739.0%

======================================================================

[SAVED] results/results/run_all_20260525_151403/hls_5g-ireland/benchmark_hls_amazon_prime_driving_animated-adventuretime_B_2019_11_28_14_53_29_tc_20260525_212837.json

──────────────────────────────────────────────────────────────────────
  [5/83] amazon_prime_driving_animated-adventuretime_B_2019_11_28_17_18_56_tc.csv
──────────────────────────────────────────────────────────────────────
[TRACE] amazon_prime_driving_animated-adventuretime_B_2019_11_28_17_18_56_tc.csv
[HLS-SHAPER] Triggering tc-trace via /startShaping API...
[HLS-SHAPER] tc-trace.py starting in container

======================================================================
  HLS Streaming QoE Benchmark (hls.js)
======================================================================
  Server: http://localhost:8080/hls.html?manifest=http://localhost:8080/hls/master.m3u8
======================================================================

[TRACE] Loaded 972 entries with bandwidth
[BROWSER] Launching headless Chromium...
[BROWSER] Waiting for playback to start...
   Startup delay: 2494ms

[PLAYBACK] Collecting metrics...
   t=10s | buffer: 0.0s | bitrate: 440 kbps | tp: 0 kbps | trace_bw: 0 kbps
   t=20s | buffer: 0.7s | bitrate: 2200 kbps | tp: 7708 kbps | trace_bw: 7708 kbps
   t=30s | buffer: 7.0s | bitrate: 660 kbps | tp: 5 kbps | trace_bw: 5 kbps
   t=41s | buffer: 4.9s | bitrate: 4950 kbps | tp: 2559 kbps | trace_bw: 2559 kbps
   t=51s | buffer: 0.0s | bitrate: 4950 kbps | tp: 0 kbps | trace_bw: 0 kbps
   t=61s | buffer: 0.0s | bitrate: 4950 kbps | tp: 2424 kbps | trace_bw: 2424 kbps
   t=71s | buffer: 5.9s | bitrate: 110 kbps | tp: 279 kbps | trace_bw: 279 kbps
   t=81s | buffer: 0.1s | bitrate: 110 kbps | tp: 0 kbps | trace_bw: 0 kbps
   t=91s | buffer: 0.0s | bitrate: 110 kbps | tp: 465 kbps | trace_bw: 465 kbps
   t=101s | buffer: 0.0s | bitrate: 110 kbps | tp: 101 kbps | trace_bw: 101 kbps
   t=112s | buffer: 15.5s | bitrate: 110 kbps | tp: 0 kbps | trace_bw: 0 kbps

======================================================================
  BENCHMARK RESULTS (HLS / hls.js)
======================================================================

  [TIMING]
      Startup delay:     2,494 ms
      Playback time:     57.2 s

  [BITRATE]
      Average (selected):  1,975 kbps
      Average (effective): 925 kbps
      Min / Max:           110 / 4,950 kbps
      Median:              440 kbps
      Std deviation:       2,184.9 kbps
      Variance:            4,773,796.6
      25th/75th %ile:      110 / 4,950 kbps

  [SWITCHES]
      Total count:       9
      Up / Down:         4 / 5
      Avg magnitude:     2,970 kbps

  [REBUFFERING]
      Events:            6
      Total time:        64,988 ms
      Ratio:             53.1697%
      Frequency:         6.289 per minute
      Avg duration:      10,831 ms
      Max duration:      30,231 ms

  [THROUGHPUT]
      Average:           1,488 kbps
      Median:            281 kbps
      Min / Max:         0 / 15,417 kbps
      Std deviation:     3,218.3 kbps

  [AVAILABLE BW (trace)]
      Average:           1,488 kbps
      Min / Max:         0 / 15,417 kbps
      Utilisation:       18.9%

  [BUFFER]
      Average level:     4.0 s
      Min / Max:         0.0 / 33.4 s

  [UTILIZATION]
      Bandwidth:         702.7%

======================================================================

[SAVED] results/results/run_all_20260525_151403/hls_5g-ireland/benchmark_hls_amazon_prime_driving_animated-adventuretime_B_2019_11_28_17_18_56_tc_20260525_213057.json

──────────────────────────────────────────────────────────────────────
  [6/83] amazon_prime_driving_animated-adventuretime_B_2019_11_29_09_37_23_tc.csv
──────────────────────────────────────────────────────────────────────
[TRACE] amazon_prime_driving_animated-adventuretime_B_2019_11_29_09_37_23_tc.csv
[HLS-SHAPER] Triggering tc-trace via /startShaping API...
[HLS-SHAPER] tc-trace.py starting in container

======================================================================
  HLS Streaming QoE Benchmark (hls.js)
======================================================================
  Server: http://localhost:8080/hls.html?manifest=http://localhost:8080/hls/master.m3u8
======================================================================

[TRACE] Loaded 2362 entries with bandwidth
[BROWSER] Launching headless Chromium...
[BROWSER] Waiting for playback to start...
   Startup delay: 32841ms

[PLAYBACK] Collecting metrics...
   t=10s | buffer: 29.9s | bitrate: 110 kbps | tp: 1 kbps | trace_bw: 1 kbps
   t=20s | buffer: 31.8s | bitrate: 110 kbps | tp: 8713 kbps | trace_bw: 8713 kbps
   t=30s | buffer: 29.6s | bitrate: 110 kbps | tp: 286 kbps | trace_bw: 286 kbps
   t=41s | buffer: 19.5s | bitrate: 110 kbps | tp: 0 kbps | trace_bw: 0 kbps
   t=51s | buffer: 9.3s | bitrate: 110 kbps | tp: 277 kbps | trace_bw: 277 kbps
   t=61s | buffer: 11.2s | bitrate: 220 kbps | tp: 1283 kbps | trace_bw: 1283 kbps
   t=71s | buffer: 33.0s | bitrate: 110 kbps | tp: 278 kbps | trace_bw: 278 kbps
   t=81s | buffer: 30.9s | bitrate: 110 kbps | tp: 282 kbps | trace_bw: 282 kbps
   t=91s | buffer: 32.7s | bitrate: 110 kbps | tp: 167 kbps | trace_bw: 167 kbps
   t=101s | buffer: 30.6s | bitrate: 110 kbps | tp: 0 kbps | trace_bw: 0 kbps
   t=112s | buffer: 32.5s | bitrate: 220 kbps | tp: 0 kbps | trace_bw: 0 kbps

======================================================================
  BENCHMARK RESULTS (HLS / hls.js)
======================================================================

  [TIMING]
      Startup delay:     32,841 ms
      Playback time:     120.2 s

  [BITRATE]
      Average (selected):  139 kbps
      Average (effective): 112 kbps
      Min / Max:           110 / 440 kbps
      Median:              110 kbps
      Std deviation:       69.2 kbps
      Variance:            4,786.2
      25th/75th %ile:      110 / 110 kbps

  [SWITCHES]
      Total count:       4
      Up / Down:         2 / 2
      Avg magnitude:     165 kbps

  [REBUFFERING]
      Events:            1
      Total time:        29,545 ms
      Ratio:             19.7251%
      Frequency:         0.499 per minute
      Avg duration:      29,545 ms
      Max duration:      29,545 ms

  [THROUGHPUT]
      Average:           1,645 kbps
      Median:            282 kbps
      Min / Max:         0 / 22,325 kbps
      Std deviation:     3,070.7 kbps

  [AVAILABLE BW (trace)]
      Average:           1,645 kbps
      Min / Max:         0 / 22,325 kbps
      Utilisation:       17.1%

  [BUFFER]
      Average level:     26.6 s
      Min / Max:         0.0 / 33.7 s

  [UTILIZATION]
      Bandwidth:         49.4%

======================================================================

[SAVED] results/results/run_all_20260525_151403/hls_5g-ireland/benchmark_hls_amazon_prime_driving_animated-adventuretime_B_2019_11_29_09_37_23_tc_20260525_213303.json

──────────────────────────────────────────────────────────────────────
  [7/83] amazon_prime_driving_animated-adventuretime_B_2019_11_29_13_05_25_tc.csv
──────────────────────────────────────────────────────────────────────
[TRACE] amazon_prime_driving_animated-adventuretime_B_2019_11_29_13_05_25_tc.csv
[HLS-SHAPER] Triggering tc-trace via /startShaping API...
[HLS-SHAPER] tc-trace.py starting in container

======================================================================
  HLS Streaming QoE Benchmark (hls.js)
======================================================================
  Server: http://localhost:8080/hls.html?manifest=http://localhost:8080/hls/master.m3u8
======================================================================

[TRACE] Loaded 1187 entries with bandwidth
[BROWSER] Launching headless Chromium...
[BROWSER] Waiting for playback to start...
   Startup delay: 5736ms

[PLAYBACK] Collecting metrics...
   t=10s | buffer: 0.1s | bitrate: 3300 kbps | tp: 0 kbps | trace_bw: 0 kbps
   t=20s | buffer: 0.0s | bitrate: 3300 kbps | tp: 7256 kbps | trace_bw: 7256 kbps
   t=30s | buffer: 0.0s | bitrate: 3300 kbps | tp: 7632 kbps | trace_bw: 7632 kbps
   t=41s | buffer: 21.4s | bitrate: 220 kbps | tp: 3 kbps | trace_bw: 3 kbps
   t=51s | buffer: 27.2s | bitrate: 220 kbps | tp: 1086 kbps | trace_bw: 1086 kbps
   t=61s | buffer: 29.1s | bitrate: 440 kbps | tp: 140 kbps | trace_bw: 140 kbps
   t=71s | buffer: 30.9s | bitrate: 440 kbps | tp: 0 kbps | trace_bw: 0 kbps
   t=81s | buffer: 28.8s | bitrate: 660 kbps | tp: 0 kbps | trace_bw: 0 kbps
   t=91s | buffer: 26.7s | bitrate: 660 kbps | tp: 2 kbps | trace_bw: 2 kbps
   t=101s | buffer: 28.5s | bitrate: 660 kbps | tp: 0 kbps | trace_bw: 0 kbps
   t=112s | buffer: 30.4s | bitrate: 880 kbps | tp: 3676 kbps | trace_bw: 3676 kbps

======================================================================
  BENCHMARK RESULTS (HLS / hls.js)
======================================================================

  [TIMING]
      Startup delay:     5,736 ms
      Playback time:     94.3 s

  [BITRATE]
      Average (selected):  1,379 kbps
      Average (effective): 1,076 kbps
      Min / Max:           220 / 4,950 kbps
      Median:              660 kbps
      Std deviation:       1,371.9 kbps
      Variance:            1,882,141.6
      25th/75th %ile:      440 / 3,300 kbps

  [SWITCHES]
      Total count:       6
      Up / Down:         5 / 1
      Avg magnitude:     1,650 kbps

  [REBUFFERING]
      Events:            2
      Total time:        26,530 ms
      Ratio:             21.9513%
      Frequency:         1.272 per minute
      Avg duration:      13,265 ms
      Max duration:      26,012 ms

  [THROUGHPUT]
      Average:           1,312 kbps
      Median:            283 kbps
      Min / Max:         0 / 10,502 kbps
      Std deviation:     2,385.3 kbps

  [AVAILABLE BW (trace)]
      Average:           1,312 kbps
      Min / Max:         0 / 10,502 kbps
      Utilisation:       21.6%

  [BUFFER]
      Average level:     20.3 s
      Min / Max:         0.0 / 33.2 s

  [UTILIZATION]
      Bandwidth:         487.2%

======================================================================

[SAVED] results/results/run_all_20260525_151403/hls_5g-ireland/benchmark_hls_amazon_prime_driving_animated-adventuretime_B_2019_11_29_13_05_25_tc_20260525_213540.json

──────────────────────────────────────────────────────────────────────
  [8/83] amazon_prime_driving_season3-theexpanse_B_2019_12_01_12_11_21_tc.csv
──────────────────────────────────────────────────────────────────────
[TRACE] amazon_prime_driving_season3-theexpanse_B_2019_12_01_12_11_21_tc.csv
[HLS-SHAPER] Triggering tc-trace via /startShaping API...
[HLS-SHAPER] tc-trace.py starting in container

======================================================================
  HLS Streaming QoE Benchmark (hls.js)
======================================================================
  Server: http://localhost:8080/hls.html?manifest=http://localhost:8080/hls/master.m3u8
======================================================================

[TRACE] Loaded 673 entries with bandwidth
[BROWSER] Launching headless Chromium...
[BROWSER] Waiting for playback to start...
   Startup delay: 2933ms

[PLAYBACK] Collecting metrics...
   t=10s | buffer: 7.5s | bitrate: 2200 kbps | tp: 3424 kbps | trace_bw: 3424 kbps
   t=20s | buffer: 0.0s | bitrate: 3300 kbps | tp: 2 kbps | trace_bw: 2 kbps
   t=30s | buffer: 0.0s | bitrate: 3300 kbps | tp: 0 kbps | trace_bw: 0 kbps
   t=41s | buffer: 13.0s | bitrate: 2200 kbps | tp: 0 kbps | trace_bw: 0 kbps
   t=51s | buffer: 18.8s | bitrate: 4950 kbps | tp: 35773 kbps | trace_bw: 35773 kbps
   t=61s | buffer: 20.7s | bitrate: 2200 kbps | tp: 276 kbps | trace_bw: 276 kbps
   t=71s | buffer: 30.5s | bitrate: 3300 kbps | tp: 279 kbps | trace_bw: 279 kbps
   t=81s | buffer: 28.4s | bitrate: 1650 kbps | tp: 280 kbps | trace_bw: 280 kbps
   t=91s | buffer: 30.3s | bitrate: 2200 kbps | tp: 0 kbps | trace_bw: 0 kbps
   t=101s | buffer: 28.1s | bitrate: 3300 kbps | tp: 285 kbps | trace_bw: 285 kbps
   t=112s | buffer: 18.0s | bitrate: 3300 kbps | tp: 278 kbps | trace_bw: 278 kbps

======================================================================
  BENCHMARK RESULTS (HLS / hls.js)
======================================================================

  [TIMING]
      Startup delay:     2,933 ms
      Playback time:     102.7 s

  [BITRATE]
      Average (selected):  2,687 kbps
      Average (effective): 2,280 kbps
      Min / Max:           110 / 4,950 kbps
      Median:              3,300 kbps
      Std deviation:       1,132.9 kbps
      Variance:            1,283,459.6
      25th/75th %ile:      2,200 / 3,300 kbps

  [SWITCHES]
      Total count:       12
      Up / Down:         8 / 4
      Avg magnitude:     1,540 kbps

  [REBUFFERING]
      Events:            4
      Total time:        18,336 ms
      Ratio:             15.1458%
      Frequency:         2.336 per minute
      Avg duration:      4,584 ms
      Max duration:      16,019 ms

  [THROUGHPUT]
      Average:           1,899 kbps
      Median:            34 kbps
      Min / Max:         0 / 42,741 kbps
      Std deviation:     6,716.0 kbps

  [AVAILABLE BW (trace)]
      Average:           1,899 kbps
      Min / Max:         0 / 42,741 kbps
      Utilisation:       1.8%

  [BUFFER]
      Average level:     17.6 s
      Min / Max:         0.0 / 33.0 s

  [UTILIZATION]
      Bandwidth:         7904.3%

======================================================================

[SAVED] results/results/run_all_20260525_151403/hls_5g-ireland/benchmark_hls_amazon_prime_driving_season3-theexpanse_B_2019_12_01_12_11_21_tc_20260525_213749.json

──────────────────────────────────────────────────────────────────────
  [9/83] amazon_prime_driving_season3-theexpanse_B_2019_12_01_13_05_00_tc.csv
──────────────────────────────────────────────────────────────────────
[TRACE] amazon_prime_driving_season3-theexpanse_B_2019_12_01_13_05_00_tc.csv
[HLS-SHAPER] Triggering tc-trace via /startShaping API...
[HLS-SHAPER] tc-trace.py starting in container

======================================================================
  HLS Streaming QoE Benchmark (hls.js)
======================================================================
  Server: http://localhost:8080/hls.html?manifest=http://localhost:8080/hls/master.m3u8
======================================================================

[TRACE] Loaded 919 entries with bandwidth
[BROWSER] Launching headless Chromium...
[BROWSER] Waiting for playback to start...
   Startup delay: 13604ms

[PLAYBACK] Collecting metrics...
   t=10s | buffer: 25.9s | bitrate: 4950 kbps | tp: 11 kbps | trace_bw: 11 kbps
   t=20s | buffer: 23.8s | bitrate: 4950 kbps | tp: 0 kbps | trace_bw: 0 kbps
   t=30s | buffer: 29.6s | bitrate: 4950 kbps | tp: 5 kbps | trace_bw: 5 kbps
   t=41s | buffer: 31.5s | bitrate: 4950 kbps | tp: 910 kbps | trace_bw: 910 kbps
   t=51s | buffer: 25.3s | bitrate: 4950 kbps | tp: 283 kbps | trace_bw: 283 kbps
   t=61s | buffer: 15.2s | bitrate: 4950 kbps | tp: 0 kbps | trace_bw: 0 kbps
   t=71s | buffer: 33.0s | bitrate: 4950 kbps | tp: 282 kbps | trace_bw: 282 kbps
   t=81s | buffer: 22.9s | bitrate: 1650 kbps | tp: 0 kbps | trace_bw: 0 kbps
   t=91s | buffer: 12.7s | bitrate: 1650 kbps | tp: 1 kbps | trace_bw: 1 kbps
   t=101s | buffer: 10.6s | bitrate: 2200 kbps | tp: 409 kbps | trace_bw: 409 kbps
   t=112s | buffer: 12.4s | bitrate: 3300 kbps | tp: 0 kbps | trace_bw: 0 kbps

======================================================================
  BENCHMARK RESULTS (HLS / hls.js)
======================================================================

  [TIMING]
      Startup delay:     13,604 ms
      Playback time:     120.3 s

  [BITRATE]
      Average (selected):  3,747 kbps
      Average (effective): 3,731 kbps
      Min / Max:           220 / 4,950 kbps
      Median:              4,950 kbps
      Std deviation:       1,667.0 kbps
      Variance:            2,778,912.9
      25th/75th %ile:      2,200 / 4,950 kbps

  [SWITCHES]
      Total count:       11
      Up / Down:         6 / 5
      Avg magnitude:     2,250 kbps

  [REBUFFERING]
      Events:            1
      Total time:        511 ms
      Ratio:             0.4231%
      Frequency:         0.499 per minute
      Avg duration:      511 ms
      Max duration:      511 ms

  [THROUGHPUT]
      Average:           1,526 kbps
      Median:            279 kbps
      Min / Max:         0 / 41,914 kbps
      Std deviation:     5,736.5 kbps

  [AVAILABLE BW (trace)]
      Average:           1,526 kbps
      Min / Max:         0 / 41,914 kbps
      Utilisation:       18.3%

  [BUFFER]
      Average level:     20.1 s
      Min / Max:         0.0 / 33.0 s

  [UTILIZATION]
      Bandwidth:         1343.1%

======================================================================

[SAVED] results/results/run_all_20260525_151403/hls_5g-ireland/benchmark_hls_amazon_prime_driving_season3-theexpanse_B_2019_12_01_13_05_00_tc_20260525_213958.json

──────────────────────────────────────────────────────────────────────
  [10/83] amazon_prime_driving_season3-theexpanse_B_2019_12_02_07_26_15_tc.csv
──────────────────────────────────────────────────────────────────────
[TRACE] amazon_prime_driving_season3-theexpanse_B_2019_12_02_07_26_15_tc.csv
[HLS-SHAPER] Triggering tc-trace via /startShaping API...
[HLS-SHAPER] tc-trace.py starting in container

======================================================================
  HLS Streaming QoE Benchmark (hls.js)
======================================================================
  Server: http://localhost:8080/hls.html?manifest=http://localhost:8080/hls/master.m3u8
======================================================================

[TRACE] Loaded 1904 entries with bandwidth
[BROWSER] Launching headless Chromium...
[BROWSER] Waiting for playback to start...
   Startup delay: 32406ms

[PLAYBACK] Collecting metrics...
   t=10s | buffer: 5.9s | bitrate: 1320 kbps | tp: 20374 kbps | trace_bw: 20374 kbps
   t=20s | buffer: 5.7s | bitrate: 220 kbps | tp: 1585 kbps | trace_bw: 1585 kbps
   t=30s | buffer: 15.6s | bitrate: 1320 kbps | tp: 893 kbps | trace_bw: 893 kbps
   t=41s | buffer: 5.4s | bitrate: 4950 kbps | tp: 2197 kbps | trace_bw: 2197 kbps
   t=51s | buffer: 0.0s | bitrate: 4950 kbps | tp: 286 kbps | trace_bw: 286 kbps
   t=61s | buffer: 3.6s | bitrate: 220 kbps | tp: 1822 kbps | trace_bw: 1822 kbps
   t=71s | buffer: 17.5s | bitrate: 3300 kbps | tp: 1978 kbps | trace_bw: 1978 kbps
   t=81s | buffer: 27.4s | bitrate: 4950 kbps | tp: 0 kbps | trace_bw: 0 kbps
   t=91s | buffer: 29.2s | bitrate: 3300 kbps | tp: 0 kbps | trace_bw: 0 kbps
   t=101s | buffer: 27.1s | bitrate: 3300 kbps | tp: 277 kbps | trace_bw: 277 kbps
   t=112s | buffer: 28.9s | bitrate: 3300 kbps | tp: 0 kbps | trace_bw: 0 kbps

======================================================================
  BENCHMARK RESULTS (HLS / hls.js)
======================================================================

  [TIMING]
      Startup delay:     32,406 ms
      Playback time:     107.8 s

  [BITRATE]
      Average (selected):  2,979 kbps
      Average (effective): 2,625 kbps
      Min / Max:           220 / 4,950 kbps
      Median:              3,300 kbps
      Std deviation:       1,503.2 kbps
      Variance:            2,259,750.4
      25th/75th %ile:      2,200 / 4,950 kbps

  [SWITCHES]
      Total count:       17
      Up / Down:         10 / 7
      Avg magnitude:     1,838 kbps

  [REBUFFERING]
      Events:            4
      Total time:        14,506 ms
      Ratio:             11.8624%
      Frequency:         2.227 per minute
      Avg duration:      3,626 ms
      Max duration:      10,594 ms

  [THROUGHPUT]
      Average:           1,265 kbps
      Median:            278 kbps
      Min / Max:         0 / 36,962 kbps
      Std deviation:     4,419.6 kbps

  [AVAILABLE BW (trace)]
      Average:           1,265 kbps
      Min / Max:         0 / 36,962 kbps
      Utilisation:       22.0%

  [BUFFER]
      Average level:     15.2 s
      Min / Max:         0.0 / 32.8 s

  [UTILIZATION]
      Bandwidth:         1071.5%

======================================================================

[SAVED] results/results/run_all_20260525_151403/hls_5g-ireland/benchmark_hls_amazon_prime_driving_season3-theexpanse_B_2019_12_02_07_26_15_tc_20260525_214215.json

──────────────────────────────────────────────────────────────────────
  [11/83] amazon_prime_driving_season3-theexpanse_B_2019_12_02_09_39_35_tc.csv
──────────────────────────────────────────────────────────────────────
[TRACE] amazon_prime_driving_season3-theexpanse_B_2019_12_02_09_39_35_tc.csv
[HLS-SHAPER] Triggering tc-trace via /startShaping API...
[HLS-SHAPER] tc-trace.py starting in container

======================================================================
  HLS Streaming QoE Benchmark (hls.js)
======================================================================
  Server: http://localhost:8080/hls.html?manifest=http://localhost:8080/hls/master.m3u8
======================================================================

[TRACE] Loaded 1019 entries with bandwidth
[BROWSER] Launching headless Chromium...
[BROWSER] Waiting for playback to start...
   Startup delay: 2153ms

[PLAYBACK] Collecting metrics...
   t=10s | buffer: 17.9s | bitrate: 1320 kbps | tp: 34727 kbps | trace_bw: 34727 kbps
   t=20s | buffer: 27.8s | bitrate: 2200 kbps | tp: 0 kbps | trace_bw: 0 kbps
   t=30s | buffer: 29.6s | bitrate: 3300 kbps | tp: 0 kbps | trace_bw: 0 kbps
   t=41s | buffer: 31.5s | bitrate: 4950 kbps | tp: 0 kbps | trace_bw: 0 kbps
   t=51s | buffer: 29.3s | bitrate: 4950 kbps | tp: 1579 kbps | trace_bw: 1579 kbps
   t=61s | buffer: 31.2s | bitrate: 3300 kbps | tp: 0 kbps | trace_bw: 0 kbps
   t=71s | buffer: 29.0s | bitrate: 3300 kbps | tp: 2155 kbps | trace_bw: 2155 kbps
   t=81s | buffer: 26.9s | bitrate: 4950 kbps | tp: 271 kbps | trace_bw: 271 kbps
   t=91s | buffer: 28.7s | bitrate: 2200 kbps | tp: 281 kbps | trace_bw: 281 kbps
   t=101s | buffer: 30.6s | bitrate: 2200 kbps | tp: 276 kbps | trace_bw: 276 kbps
   t=112s | buffer: 32.4s | bitrate: 2200 kbps | tp: 2538 kbps | trace_bw: 2538 kbps

======================================================================
  BENCHMARK RESULTS (HLS / hls.js)
======================================================================

  [TIMING]
      Startup delay:     2,153 ms
      Playback time:     120.3 s

  [BITRATE]
      Average (selected):  2,946 kbps
      Average (effective): 2,917 kbps
      Min / Max:           440 / 4,950 kbps
      Median:              3,300 kbps
      Std deviation:       1,216.9 kbps
      Variance:            1,480,786.2
      25th/75th %ile:      2,200 / 3,300 kbps

  [SWITCHES]
      Total count:       10
      Up / Down:         7 / 3
      Avg magnitude:     1,166 kbps

  [REBUFFERING]
      Events:            1
      Total time:        1,186 ms
      Ratio:             0.9766%
      Frequency:         0.499 per minute
      Avg duration:      1,186 ms
      Max duration:      1,186 ms

  [THROUGHPUT]
      Average:           2,257 kbps
      Median:            275 kbps
      Min / Max:         0 / 38,430 kbps
      Std deviation:     6,401.2 kbps

  [AVAILABLE BW (trace)]
      Average:           2,257 kbps
      Min / Max:         0 / 38,430 kbps
      Utilisation:       12.2%

  [BUFFER]
      Average level:     27.5 s
      Min / Max:         0.0 / 33.1 s

  [UTILIZATION]
      Bandwidth:         1071.2%

======================================================================

[SAVED] results/results/run_all_20260525_151403/hls_5g-ireland/benchmark_hls_amazon_prime_driving_season3-theexpanse_B_2019_12_02_09_39_35_tc_20260525_214451.json

──────────────────────────────────────────────────────────────────────
  [12/83] amazon_prime_driving_season3-theexpanse_B_2019_12_02_12_41_17_tc.csv
──────────────────────────────────────────────────────────────────────
[TRACE] amazon_prime_driving_season3-theexpanse_B_2019_12_02_12_41_17_tc.csv
[HLS-SHAPER] Triggering tc-trace via /startShaping API...
[HLS-SHAPER] tc-trace.py starting in container

======================================================================
  HLS Streaming QoE Benchmark (hls.js)
======================================================================
  Server: http://localhost:8080/hls.html?manifest=http://localhost:8080/hls/master.m3u8
======================================================================

[TRACE] Loaded 1169 entries with bandwidth
[BROWSER] Launching headless Chromium...
[BROWSER] Waiting for playback to start...
   Startup delay: 16132ms

[PLAYBACK] Collecting metrics...
   t=10s | buffer: 29.9s | bitrate: 3300 kbps | tp: 16686 kbps | trace_bw: 16686 kbps
   t=20s | buffer: 27.8s | bitrate: 4950 kbps | tp: 0 kbps | trace_bw: 0 kbps
   t=30s | buffer: 29.6s | bitrate: 4950 kbps | tp: 6008 kbps | trace_bw: 6008 kbps
   t=41s | buffer: 27.5s | bitrate: 4950 kbps | tp: 0 kbps | trace_bw: 0 kbps
   t=51s | buffer: 29.3s | bitrate: 4950 kbps | tp: 277 kbps | trace_bw: 277 kbps
   t=61s | buffer: 27.2s | bitrate: 3300 kbps | tp: 98 kbps | trace_bw: 98 kbps
   t=71s | buffer: 33.0s | bitrate: 1650 kbps | tp: 0 kbps | trace_bw: 0 kbps
   t=81s | buffer: 30.9s | bitrate: 1650 kbps | tp: 0 kbps | trace_bw: 0 kbps
   t=91s | buffer: 28.8s | bitrate: 1650 kbps | tp: 66 kbps | trace_bw: 66 kbps
   t=101s | buffer: 30.6s | bitrate: 880 kbps | tp: 5376 kbps | trace_bw: 5376 kbps
   t=112s | buffer: 28.5s | bitrate: 1650 kbps | tp: 313 kbps | trace_bw: 313 kbps

======================================================================
  BENCHMARK RESULTS (HLS / hls.js)
======================================================================

  [TIMING]
      Startup delay:     16,132 ms
      Playback time:     120.2 s

  [BITRATE]
      Average (selected):  2,897 kbps
      Average (effective): 2,875 kbps
      Min / Max:           440 / 4,950 kbps
      Median:              3,300 kbps
      Std deviation:       1,625.2 kbps
      Variance:            2,641,295.6
      25th/75th %ile:      1,650 / 4,950 kbps

  [SWITCHES]
      Total count:       8
      Up / Down:         5 / 3
      Avg magnitude:     1,169 kbps

  [REBUFFERING]
      Events:            1
      Total time:        922 ms
      Ratio:             0.7611%
      Frequency:         0.499 per minute
      Avg duration:      922 ms
      Max duration:      922 ms

  [THROUGHPUT]
      Average:           2,979 kbps
      Median:            278 kbps
      Min / Max:         0 / 35,149 kbps
      Std deviation:     6,614.3 kbps

  [AVAILABLE BW (trace)]
      Average:           2,979 kbps
      Min / Max:         0 / 35,149 kbps
      Utilisation:       9.3%

  [BUFFER]
      Average level:     28.3 s
      Min / Max:         0.0 / 33.2 s

  [UTILIZATION]
      Bandwidth:         1042.0%

======================================================================

[SAVED] results/results/run_all_20260525_151403/hls_5g-ireland/benchmark_hls_amazon_prime_driving_season3-theexpanse_B_2019_12_02_12_41_17_tc_20260525_214657.json

──────────────────────────────────────────────────────────────────────
  [13/83] amazon_prime_driving_season3-theexpanse_B_2019_12_03_07_29_22_tc.csv
──────────────────────────────────────────────────────────────────────
[TRACE] amazon_prime_driving_season3-theexpanse_B_2019_12_03_07_29_22_tc.csv
[HLS-SHAPER] Triggering tc-trace via /startShaping API...
[HLS-SHAPER] tc-trace.py starting in container

======================================================================
  HLS Streaming QoE Benchmark (hls.js)
======================================================================
  Server: http://localhost:8080/hls.html?manifest=http://localhost:8080/hls/master.m3u8
======================================================================

[TRACE] Loaded 1655 entries with bandwidth
[BROWSER] Launching headless Chromium...
[BROWSER] Waiting for playback to start...
   Startup delay: 9206ms

[PLAYBACK] Collecting metrics...
   t=10s | buffer: 29.9s | bitrate: 110 kbps | tp: 0 kbps | trace_bw: 0 kbps
   t=20s | buffer: 31.8s | bitrate: 220 kbps | tp: 1 kbps | trace_bw: 1 kbps
   t=30s | buffer: 21.6s | bitrate: 440 kbps | tp: 4857 kbps | trace_bw: 4857 kbps
   t=41s | buffer: 11.5s | bitrate: 660 kbps | tp: 0 kbps | trace_bw: 0 kbps
   t=51s | buffer: 33.3s | bitrate: 880 kbps | tp: 0 kbps | trace_bw: 0 kbps
   t=61s | buffer: 31.2s | bitrate: 110 kbps | tp: 0 kbps | trace_bw: 0 kbps
   t=71s | buffer: 33.0s | bitrate: 220 kbps | tp: 283 kbps | trace_bw: 283 kbps
   t=81s | buffer: 30.9s | bitrate: 220 kbps | tp: 0 kbps | trace_bw: 0 kbps
   t=91s | buffer: 32.7s | bitrate: 440 kbps | tp: 5774 kbps | trace_bw: 5774 kbps
   t=101s | buffer: 30.6s | bitrate: 440 kbps | tp: 284 kbps | trace_bw: 284 kbps
   t=112s | buffer: 32.4s | bitrate: 660 kbps | tp: 0 kbps | trace_bw: 0 kbps

======================================================================
  BENCHMARK RESULTS (HLS / hls.js)
======================================================================

  [TIMING]
      Startup delay:     9,206 ms
      Playback time:     120.3 s

  [BITRATE]
      Average (selected):  444 kbps
      Average (effective): 414 kbps
      Min / Max:           110 / 1,320 kbps
      Median:              440 kbps
      Std deviation:       298.5 kbps
      Variance:            89,123.2
      25th/75th %ile:      220 / 660 kbps

  [SWITCHES]
      Total count:       11
      Up / Down:         9 / 2
      Avg magnitude:     320 kbps

  [REBUFFERING]
      Events:            1
      Total time:        8,555 ms
      Ratio:             6.6416%
      Frequency:         0.499 per minute
      Avg duration:      8,555 ms
      Max duration:      8,555 ms

  [THROUGHPUT]
      Average:           1,790 kbps
      Median:            273 kbps
      Min / Max:         0 / 48,195 kbps
      Std deviation:     5,738.4 kbps

  [AVAILABLE BW (trace)]
      Average:           1,790 kbps
      Min / Max:         0 / 48,195 kbps
      Utilisation:       15.3%

  [BUFFER]
      Average level:     26.9 s
      Min / Max:         0.0 / 33.6 s

  [UTILIZATION]
      Bandwidth:         162.5%

======================================================================

[SAVED] results/results/run_all_20260525_151403/hls_5g-ireland/benchmark_hls_amazon_prime_driving_season3-theexpanse_B_2019_12_03_07_29_22_tc_20260525_214917.json

──────────────────────────────────────────────────────────────────────
  [14/83] amazon_prime_driving_season3-theexpanse_B_2019_12_03_10_42_14_tc.csv
──────────────────────────────────────────────────────────────────────
[TRACE] amazon_prime_driving_season3-theexpanse_B_2019_12_03_10_42_14_tc.csv
[HLS-SHAPER] Triggering tc-trace via /startShaping API...
[HLS-SHAPER] tc-trace.py starting in container

======================================================================
  HLS Streaming QoE Benchmark (hls.js)
======================================================================
  Server: http://localhost:8080/hls.html?manifest=http://localhost:8080/hls/master.m3u8
======================================================================

[TRACE] Loaded 863 entries with bandwidth
[BROWSER] Launching headless Chromium...
[BROWSER] Waiting for playback to start...
   Startup delay: 4271ms

[PLAYBACK] Collecting metrics...
   t=10s | buffer: 1.9s | bitrate: 660 kbps | tp: 3 kbps | trace_bw: 3 kbps
   t=20s | buffer: 7.8s | bitrate: 3300 kbps | tp: 11111 kbps | trace_bw: 11111 kbps
   t=30s | buffer: 5.6s | bitrate: 2200 kbps | tp: 1857 kbps | trace_bw: 1857 kbps
   t=41s | buffer: 19.5s | bitrate: 440 kbps | tp: 280 kbps | trace_bw: 280 kbps
   t=51s | buffer: 29.3s | bitrate: 880 kbps | tp: 284 kbps | trace_bw: 284 kbps
   t=61s | buffer: 31.2s | bitrate: 2200 kbps | tp: 279 kbps | trace_bw: 279 kbps
   t=71s | buffer: 29.1s | bitrate: 2200 kbps | tp: 0 kbps | trace_bw: 0 kbps
   t=81s | buffer: 30.9s | bitrate: 2200 kbps | tp: 0 kbps | trace_bw: 0 kbps
   t=91s | buffer: 28.8s | bitrate: 3300 kbps | tp: 0 kbps | trace_bw: 0 kbps
   t=101s | buffer: 30.6s | bitrate: 3300 kbps | tp: 0 kbps | trace_bw: 0 kbps
   t=112s | buffer: 28.5s | bitrate: 2200 kbps | tp: 0 kbps | trace_bw: 0 kbps

======================================================================
  BENCHMARK RESULTS (HLS / hls.js)
======================================================================

  [TIMING]
      Startup delay:     4,271 ms
      Playback time:     120.2 s

  [BITRATE]
      Average (selected):  2,182 kbps
      Average (effective): 2,124 kbps
      Min / Max:           220 / 4,950 kbps
      Median:              2,200 kbps
      Std deviation:       1,273.6 kbps
      Variance:            1,621,970.4
      25th/75th %ile:      880 / 3,300 kbps

  [SWITCHES]
      Total count:       14
      Up / Down:         9 / 5
      Avg magnitude:     1,414 kbps

  [REBUFFERING]
      Events:            1
      Total time:        3,295 ms
      Ratio:             2.6681%
      Frequency:         0.499 per minute
      Avg duration:      3,295 ms
      Max duration:      3,295 ms

  [THROUGHPUT]
      Average:           1,677 kbps
      Median:            279 kbps
      Min / Max:         0 / 45,774 kbps
      Std deviation:     5,575.5 kbps

  [AVAILABLE BW (trace)]
      Average:           1,677 kbps
      Min / Max:         0 / 45,774 kbps
      Utilisation:       16.6%

  [BUFFER]
      Average level:     22.0 s
      Min / Max:         0.0 / 33.3 s

  [UTILIZATION]
      Bandwidth:         782.0%

======================================================================

[SAVED] results/results/run_all_20260525_151403/hls_5g-ireland/benchmark_hls_amazon_prime_driving_season3-theexpanse_B_2019_12_03_10_42_14_tc_20260525_215131.json

──────────────────────────────────────────────────────────────────────
  [15/83] amazon_prime_driving_season3-theexpanse_B_2019_12_03_13_58_03_tc.csv
──────────────────────────────────────────────────────────────────────
[TRACE] amazon_prime_driving_season3-theexpanse_B_2019_12_03_13_58_03_tc.csv
[HLS-SHAPER] Triggering tc-trace via /startShaping API...
[HLS-SHAPER] tc-trace.py starting in container

======================================================================
  HLS Streaming QoE Benchmark (hls.js)
======================================================================
  Server: http://localhost:8080/hls.html?manifest=http://localhost:8080/hls/master.m3u8
======================================================================

[TRACE] Loaded 2886 entries with bandwidth
[BROWSER] Launching headless Chromium...
[BROWSER] Waiting for playback to start...
   Startup delay: 2633ms

[PLAYBACK] Collecting metrics...
   t=10s | buffer: 9.9s | bitrate: 3300 kbps | tp: 4384 kbps | trace_bw: 4384 kbps
   t=20s | buffer: 11.8s | bitrate: 2200 kbps | tp: 306 kbps | trace_bw: 306 kbps
   t=30s | buffer: 17.6s | bitrate: 880 kbps | tp: 285 kbps | trace_bw: 285 kbps
   t=41s | buffer: 15.5s | bitrate: 3300 kbps | tp: 280 kbps | trace_bw: 280 kbps
   t=51s | buffer: 21.3s | bitrate: 1650 kbps | tp: 277 kbps | trace_bw: 277 kbps
   t=61s | buffer: 31.2s | bitrate: 3300 kbps | tp: 0 kbps | trace_bw: 0 kbps
   t=71s | buffer: 29.0s | bitrate: 2200 kbps | tp: 1779 kbps | trace_bw: 1779 kbps
   t=81s | buffer: 30.9s | bitrate: 2200 kbps | tp: 283 kbps | trace_bw: 283 kbps
   t=91s | buffer: 28.8s | bitrate: 2200 kbps | tp: 278 kbps | trace_bw: 278 kbps
   t=101s | buffer: 30.6s | bitrate: 2200 kbps | tp: 283 kbps | trace_bw: 283 kbps
   t=112s | buffer: 28.5s | bitrate: 2200 kbps | tp: 0 kbps | trace_bw: 0 kbps

======================================================================
  BENCHMARK RESULTS (HLS / hls.js)
======================================================================

  [TIMING]
      Startup delay:     2,633 ms
      Playback time:     120.2 s

  [BITRATE]
      Average (selected):  2,486 kbps
      Average (effective): 2,469 kbps
      Min / Max:           220 / 4,950 kbps
      Median:              2,200 kbps
      Std deviation:       1,106.5 kbps
      Variance:            1,224,347.3
      25th/75th %ile:      2,200 / 3,300 kbps

  [SWITCHES]
      Total count:       14
      Up / Down:         4 / 10
      Avg magnitude:     1,564 kbps

  [REBUFFERING]
      Events:            1
      Total time:        816 ms
      Ratio:             0.6741%
      Frequency:         0.499 per minute
      Avg duration:      816 ms
      Max duration:      816 ms

  [THROUGHPUT]
      Average:           1,563 kbps
      Median:            283 kbps
      Min / Max:         0 / 21,442 kbps
      Std deviation:     3,368.0 kbps

  [AVAILABLE BW (trace)]
      Average:           1,563 kbps
      Min / Max:         0 / 21,442 kbps
      Utilisation:       18.1%

  [BUFFER]
      Average level:     21.4 s
      Min / Max:         0.0 / 32.6 s

  [UTILIZATION]
      Bandwidth:         878.5%

======================================================================

[SAVED] results/results/run_all_20260525_151403/hls_5g-ireland/benchmark_hls_amazon_prime_driving_season3-theexpanse_B_2019_12_03_13_58_03_tc_20260525_215339.json

──────────────────────────────────────────────────────────────────────
  [16/83] amazon_prime_driving_season3-theexpanse_B_2019_12_04_07_26_30_tc.csv
──────────────────────────────────────────────────────────────────────
[TRACE] amazon_prime_driving_season3-theexpanse_B_2019_12_04_07_26_30_tc.csv
[HLS-SHAPER] Triggering tc-trace via /startShaping API...
[HLS-SHAPER] tc-trace.py starting in container

======================================================================
  HLS Streaming QoE Benchmark (hls.js)
======================================================================
  Server: http://localhost:8080/hls.html?manifest=http://localhost:8080/hls/master.m3u8
======================================================================

[TRACE] Loaded 2934 entries with bandwidth
[BROWSER] Launching headless Chromium...
[BROWSER] Waiting for playback to start...
   Startup delay: 4348ms

[PLAYBACK] Collecting metrics...
   t=10s | buffer: 9.9s | bitrate: 880 kbps | tp: 36 kbps | trace_bw: 36 kbps
   t=20s | buffer: 27.8s | bitrate: 440 kbps | tp: 43700 kbps | trace_bw: 43700 kbps
   t=30s | buffer: 29.6s | bitrate: 440 kbps | tp: 2802 kbps | trace_bw: 2802 kbps
   t=41s | buffer: 31.5s | bitrate: 660 kbps | tp: 0 kbps | trace_bw: 0 kbps
   t=51s | buffer: 29.3s | bitrate: 880 kbps | tp: 274 kbps | trace_bw: 274 kbps
   t=61s | buffer: 31.2s | bitrate: 880 kbps | tp: 176 kbps | trace_bw: 176 kbps
   t=71s | buffer: 29.0s | bitrate: 880 kbps | tp: 0 kbps | trace_bw: 0 kbps
   t=81s | buffer: 30.9s | bitrate: 1320 kbps | tp: 326 kbps | trace_bw: 326 kbps
   t=91s | buffer: 32.7s | bitrate: 880 kbps | tp: 0 kbps | trace_bw: 0 kbps
   t=101s | buffer: 30.6s | bitrate: 880 kbps | tp: 271 kbps | trace_bw: 271 kbps
   t=112s | buffer: 28.5s | bitrate: 880 kbps | tp: 0 kbps | trace_bw: 0 kbps

======================================================================
  BENCHMARK RESULTS (HLS / hls.js)
======================================================================

  [TIMING]
      Startup delay:     4,348 ms
      Playback time:     120.3 s

  [BITRATE]
      Average (selected):  777 kbps
      Average (effective): 756 kbps
      Min / Max:           220 / 1,320 kbps
      Median:              880 kbps
      Std deviation:       218.0 kbps
      Variance:            47,539.6
      25th/75th %ile:      660 / 880 kbps

  [SWITCHES]
      Total count:       10
      Up / Down:         6 / 4
      Avg magnitude:     308 kbps

  [REBUFFERING]
      Events:            1
      Total time:        3,424 ms
      Ratio:             2.7685%
      Frequency:         0.499 per minute
      Avg duration:      3,424 ms
      Max duration:      3,424 ms

  [THROUGHPUT]
      Average:           1,508 kbps
      Median:            271 kbps
      Min / Max:         0 / 43,700 kbps
      Std deviation:     5,758.4 kbps

  [AVAILABLE BW (trace)]
      Average:           1,508 kbps
      Min / Max:         0 / 43,700 kbps
      Utilisation:       18.0%

  [BUFFER]
      Average level:     26.7 s
      Min / Max:         0.0 / 33.1 s

  [UTILIZATION]
      Bandwidth:         286.8%

======================================================================

[SAVED] results/results/run_all_20260525_151403/hls_5g-ireland/benchmark_hls_amazon_prime_driving_season3-theexpanse_B_2019_12_04_07_26_30_tc_20260525_215545.json

──────────────────────────────────────────────────────────────────────
  [17/83] amazon_prime_driving_season3-theexpanse_B_2019_12_04_11_58_01_tc.csv
──────────────────────────────────────────────────────────────────────
[TRACE] amazon_prime_driving_season3-theexpanse_B_2019_12_04_11_58_01_tc.csv
[HLS-SHAPER] Triggering tc-trace via /startShaping API...
[HLS-SHAPER] tc-trace.py starting in container

======================================================================
  HLS Streaming QoE Benchmark (hls.js)
======================================================================
  Server: http://localhost:8080/hls.html?manifest=http://localhost:8080/hls/master.m3u8
======================================================================

[TRACE] Loaded 1394 entries with bandwidth
[BROWSER] Launching headless Chromium...
[BROWSER] Waiting for playback to start...
   Startup delay: 9235ms

[PLAYBACK] Collecting metrics...
   t=10s | buffer: 29.9s | bitrate: 110 kbps | tp: 7242 kbps | trace_bw: 7242 kbps
   t=20s | buffer: 31.8s | bitrate: 220 kbps | tp: 12080 kbps | trace_bw: 12080 kbps
   t=30s | buffer: 25.6s | bitrate: 660 kbps | tp: 285 kbps | trace_bw: 285 kbps
   t=41s | buffer: 31.5s | bitrate: 1320 kbps | tp: 129 kbps | trace_bw: 129 kbps
   t=51s | buffer: 29.3s | bitrate: 1320 kbps | tp: 1018 kbps | trace_bw: 1018 kbps
   t=61s | buffer: 31.2s | bitrate: 1320 kbps | tp: 278 kbps | trace_bw: 278 kbps
   t=71s | buffer: 29.1s | bitrate: 1320 kbps | tp: 0 kbps | trace_bw: 0 kbps
   t=81s | buffer: 30.9s | bitrate: 2200 kbps | tp: 712 kbps | trace_bw: 712 kbps
   t=91s | buffer: 32.8s | bitrate: 1650 kbps | tp: 282 kbps | trace_bw: 282 kbps
   t=101s | buffer: 30.6s | bitrate: 2200 kbps | tp: 0 kbps | trace_bw: 0 kbps
   t=112s | buffer: 28.5s | bitrate: 1650 kbps | tp: 284 kbps | trace_bw: 284 kbps

======================================================================
  BENCHMARK RESULTS (HLS / hls.js)
======================================================================

  [TIMING]
      Startup delay:     9,235 ms
      Playback time:     120.2 s

  [BITRATE]
      Average (selected):  1,236 kbps
      Average (effective): 1,154 kbps
      Min / Max:           110 / 2,200 kbps
      Median:              1,320 kbps
      Std deviation:       653.0 kbps
      Variance:            426,471.2
      25th/75th %ile:      660 / 1,650 kbps

  [SWITCHES]
      Total count:       13
      Up / Down:         9 / 4
      Avg magnitude:     364 kbps

  [REBUFFERING]
      Events:            1
      Total time:        8,548 ms
      Ratio:             6.6396%
      Frequency:         0.499 per minute
      Avg duration:      8,548 ms
      Max duration:      8,548 ms

  [THROUGHPUT]
      Average:           1,504 kbps
      Median:            282 kbps
      Min / Max:         0 / 14,602 kbps
      Std deviation:     3,271.7 kbps

  [AVAILABLE BW (trace)]
      Average:           1,504 kbps
      Min / Max:         0 / 14,602 kbps
      Utilisation:       18.8%

  [BUFFER]
      Average level:     29.5 s
      Min / Max:         0.0 / 33.5 s

  [UTILIZATION]
      Bandwidth:         438.2%

======================================================================

[SAVED] results/results/run_all_20260525_151403/hls_5g-ireland/benchmark_hls_amazon_prime_driving_season3-theexpanse_B_2019_12_04_11_58_01_tc_20260525_215753.json

──────────────────────────────────────────────────────────────────────
  [18/83] amazon_prime_driving_season3-theexpanse_B_2019_12_04_14_24_21_tc.csv
──────────────────────────────────────────────────────────────────────
[TRACE] amazon_prime_driving_season3-theexpanse_B_2019_12_04_14_24_21_tc.csv
[HLS-SHAPER] Triggering tc-trace via /startShaping API...
[HLS-SHAPER] tc-trace.py starting in container

======================================================================
  HLS Streaming QoE Benchmark (hls.js)
======================================================================
  Server: http://localhost:8080/hls.html?manifest=http://localhost:8080/hls/master.m3u8
======================================================================

[TRACE] Loaded 1012 entries with bandwidth
[BROWSER] Launching headless Chromium...
[BROWSER] Waiting for playback to start...
   Startup delay: 3656ms

[PLAYBACK] Collecting metrics...
   t=10s | buffer: 21.9s | bitrate: 1320 kbps | tp: 2309 kbps | trace_bw: 2309 kbps
   t=20s | buffer: 31.8s | bitrate: 4950 kbps | tp: 0 kbps | trace_bw: 0 kbps
   t=30s | buffer: 25.6s | bitrate: 4950 kbps | tp: 272 kbps | trace_bw: 272 kbps
   t=41s | buffer: 31.5s | bitrate: 880 kbps | tp: 274 kbps | trace_bw: 274 kbps
   t=51s | buffer: 29.4s | bitrate: 4950 kbps | tp: 273 kbps | trace_bw: 273 kbps
   t=61s | buffer: 31.2s | bitrate: 3300 kbps | tp: 274 kbps | trace_bw: 274 kbps
   t=71s | buffer: 29.1s | bitrate: 1650 kbps | tp: 0 kbps | trace_bw: 0 kbps
   t=81s | buffer: 30.9s | bitrate: 3300 kbps | tp: 0 kbps | trace_bw: 0 kbps
   t=91s | buffer: 28.8s | bitrate: 3300 kbps | tp: 0 kbps | trace_bw: 0 kbps
   t=101s | buffer: 30.7s | bitrate: 3300 kbps | tp: 4059 kbps | trace_bw: 4059 kbps
   t=112s | buffer: 28.5s | bitrate: 3300 kbps | tp: 274 kbps | trace_bw: 274 kbps

======================================================================
  BENCHMARK RESULTS (HLS / hls.js)
======================================================================

  [TIMING]
      Startup delay:     3,656 ms
      Playback time:     120.2 s

  [BITRATE]
      Average (selected):  3,230 kbps
      Average (effective): 3,216 kbps
      Min / Max:           220 / 4,950 kbps
      Median:              3,300 kbps
      Std deviation:       1,486.8 kbps
      Variance:            2,210,656.6
      25th/75th %ile:      2,200 / 4,950 kbps

  [SWITCHES]
      Total count:       15
      Up / Down:         8 / 7
      Avg magnitude:     1,973 kbps

  [REBUFFERING]
      Events:            1
      Total time:        550 ms
      Ratio:             0.4556%
      Frequency:         0.499 per minute
      Avg duration:      550 ms
      Max duration:      550 ms

  [THROUGHPUT]
      Average:           2,626 kbps
      Median:            273 kbps
      Min / Max:         0 / 61,439 kbps
      Std deviation:     9,025.5 kbps

  [AVAILABLE BW (trace)]
      Average:           2,626 kbps
      Min / Max:         0 / 61,439 kbps
      Utilisation:       10.4%

  [BUFFER]
      Average level:     27.1 s
      Min / Max:         0.0 / 33.0 s

  [UTILIZATION]
      Bandwidth:         1183.3%

======================================================================

[SAVED] results/results/run_all_20260525_151403/hls_5g-ireland/benchmark_hls_amazon_prime_driving_season3-theexpanse_B_2019_12_04_14_24_21_tc_20260525_220007.json

──────────────────────────────────────────────────────────────────────
  [19/83] amazon_prime_driving_season3-theexpanse_B_2019_12_06_07_31_16_tc.csv
──────────────────────────────────────────────────────────────────────
[TRACE] amazon_prime_driving_season3-theexpanse_B_2019_12_06_07_31_16_tc.csv
[HLS-SHAPER] Triggering tc-trace via /startShaping API...
[HLS-SHAPER] tc-trace.py starting in container

======================================================================
  HLS Streaming QoE Benchmark (hls.js)
======================================================================
  Server: http://localhost:8080/hls.html?manifest=http://localhost:8080/hls/master.m3u8
======================================================================

[TRACE] Loaded 4455 entries with bandwidth
[BROWSER] Launching headless Chromium...
[BROWSER] Waiting for playback to start...
   Startup delay: 3835ms

[PLAYBACK] Collecting metrics...
   t=10s | buffer: 17.9s | bitrate: 2200 kbps | tp: 11073 kbps | trace_bw: 11073 kbps
   t=20s | buffer: 11.8s | bitrate: 4950 kbps | tp: 2 kbps | trace_bw: 2 kbps
   t=30s | buffer: 1.6s | bitrate: 4950 kbps | tp: 0 kbps | trace_bw: 0 kbps
   t=41s | buffer: 0.0s | bitrate: 4950 kbps | tp: 0 kbps | trace_bw: 0 kbps
   t=51s | buffer: 0.0s | bitrate: 4950 kbps | tp: 0 kbps | trace_bw: 0 kbps
   t=61s | buffer: 11.3s | bitrate: 3300 kbps | tp: 0 kbps | trace_bw: 0 kbps
   t=71s | buffer: 17.1s | bitrate: 4950 kbps | tp: 0 kbps | trace_bw: 0 kbps
   t=81s | buffer: 31.0s | bitrate: 4950 kbps | tp: 270 kbps | trace_bw: 270 kbps
   t=91s | buffer: 28.9s | bitrate: 3300 kbps | tp: 0 kbps | trace_bw: 0 kbps
   t=101s | buffer: 30.7s | bitrate: 3300 kbps | tp: 267 kbps | trace_bw: 267 kbps
   t=112s | buffer: 28.6s | bitrate: 3300 kbps | tp: 272 kbps | trace_bw: 272 kbps

======================================================================
  BENCHMARK RESULTS (HLS / hls.js)
======================================================================

  [TIMING]
      Startup delay:     3,835 ms
      Playback time:     100.1 s

  [BITRATE]
      Average (selected):  3,861 kbps
      Average (effective): 3,129 kbps
      Min / Max:           110 / 4,950 kbps
      Median:              4,950 kbps
      Std deviation:       1,365.9 kbps
      Variance:            1,865,629.5
      25th/75th %ile:      3,300 / 4,950 kbps

  [SWITCHES]
      Total count:       9
      Up / Down:         4 / 5
      Avg magnitude:     1,491 kbps

  [REBUFFERING]
      Events:            2
      Total time:        23,422 ms
      Ratio:             18.9578%
      Frequency:         1.198 per minute
      Avg duration:      11,711 ms
      Max duration:      20,234 ms

  [THROUGHPUT]
      Average:           1,846 kbps
      Median:            85 kbps
      Min / Max:         0 / 58,458 kbps
      Std deviation:     6,711.5 kbps

  [AVAILABLE BW (trace)]
      Average:           1,846 kbps
      Min / Max:         0 / 58,458 kbps
      Utilisation:       4.6%

  [BUFFER]
      Average level:     16.1 s
      Min / Max:         0.0 / 33.0 s

  [UTILIZATION]
      Bandwidth:         4542.8%

======================================================================

[SAVED] results/results/run_all_20260525_151403/hls_5g-ireland/benchmark_hls_amazon_prime_driving_season3-theexpanse_B_2019_12_06_07_31_16_tc_20260525_220216.json

──────────────────────────────────────────────────────────────────────
  [20/83] amazon_prime_driving_season3-theexpanse_B_2019_12_06_09_32_38_tc.csv
──────────────────────────────────────────────────────────────────────
[TRACE] amazon_prime_driving_season3-theexpanse_B_2019_12_06_09_32_38_tc.csv
[HLS-SHAPER] Triggering tc-trace via /startShaping API...
[HLS-SHAPER] tc-trace.py starting in container

======================================================================
  HLS Streaming QoE Benchmark (hls.js)
======================================================================
  Server: http://localhost:8080/hls.html?manifest=http://localhost:8080/hls/master.m3u8
======================================================================

[TRACE] Loaded 914 entries with bandwidth
[BROWSER] Launching headless Chromium...
[BROWSER] Waiting for playback to start...
   Startup delay: 3642ms

[PLAYBACK] Collecting metrics...
   t=10s | buffer: 0.0s | bitrate: 440 kbps | tp: 1 kbps | trace_bw: 1 kbps
   t=20s | buffer: 0.0s | bitrate: 440 kbps | tp: 0 kbps | trace_bw: 0 kbps
   t=30s | buffer: 2.2s | bitrate: 110 kbps | tp: 0 kbps | trace_bw: 0 kbps
   t=41s | buffer: 20.1s | bitrate: 110 kbps | tp: 566 kbps | trace_bw: 566 kbps
   t=51s | buffer: 30.0s | bitrate: 440 kbps | tp: 278 kbps | trace_bw: 278 kbps
   t=61s | buffer: 23.8s | bitrate: 1320 kbps | tp: 272 kbps | trace_bw: 272 kbps
   t=71s | buffer: 13.7s | bitrate: 1650 kbps | tp: 0 kbps | trace_bw: 0 kbps
   t=81s | buffer: 31.6s | bitrate: 2200 kbps | tp: 2657 kbps | trace_bw: 2657 kbps
   t=91s | buffer: 29.4s | bitrate: 220 kbps | tp: 0 kbps | trace_bw: 0 kbps
   t=101s | buffer: 31.3s | bitrate: 660 kbps | tp: 0 kbps | trace_bw: 0 kbps
   t=112s | buffer: 29.1s | bitrate: 880 kbps | tp: 0 kbps | trace_bw: 0 kbps

======================================================================
  BENCHMARK RESULTS (HLS / hls.js)
======================================================================

  [TIMING]
      Startup delay:     3,642 ms
      Playback time:     95.6 s

  [BITRATE]
      Average (selected):  827 kbps
      Average (effective): 654 kbps
      Min / Max:           110 / 3,300 kbps
      Median:              440 kbps
      Std deviation:       697.1 kbps
      Variance:            486,013.3
      25th/75th %ile:      440 / 880 kbps

  [SWITCHES]
      Total count:       14
      Up / Down:         10 / 4
      Avg magnitude:     817 kbps

  [REBUFFERING]
      Events:            3
      Total time:        25,259 ms
      Ratio:             20.9030%
      Frequency:         1.883 per minute
      Avg duration:      8,420 ms
      Max duration:      24,735 ms

  [THROUGHPUT]
      Average:           1,805 kbps
      Median:            273 kbps
      Min / Max:         0 / 64,616 kbps
      Std deviation:     7,320.4 kbps

  [AVAILABLE BW (trace)]
      Average:           1,805 kbps
      Min / Max:         0 / 64,616 kbps
      Utilisation:       15.1%

  [BUFFER]
      Average level:     19.3 s
      Min / Max:         0.0 / 33.6 s

  [UTILIZATION]
      Bandwidth:         302.9%

======================================================================

[SAVED] results/results/run_all_20260525_151403/hls_5g-ireland/benchmark_hls_amazon_prime_driving_season3-theexpanse_B_2019_12_06_09_32_38_tc_20260525_220424.json

──────────────────────────────────────────────────────────────────────
  [21/83] amazon_prime_driving_season3-theexpanse_B_2019_12_06_11_49_24_tc.csv
──────────────────────────────────────────────────────────────────────
[TRACE] amazon_prime_driving_season3-theexpanse_B_2019_12_06_11_49_24_tc.csv
[HLS-SHAPER] Triggering tc-trace via /startShaping API...
[HLS-SHAPER] Warning: could not reach /startShaping: HTTPConnectionPool(host='localhost', port=8080): Read timed out. (read timeout=5)

======================================================================
  HLS Streaming QoE Benchmark (hls.js)
======================================================================
  Server: http://localhost:8080/hls.html?manifest=http://localhost:8080/hls/master.m3u8
======================================================================

[TRACE] Loaded 2548 entries with bandwidth
[BROWSER] Launching headless Chromium...
[BROWSER] Waiting for playback to start...
   Startup delay: 24944ms

[PLAYBACK] Collecting metrics...
   t=10s | buffer: 21.9s | bitrate: 3300 kbps | tp: 16207 kbps | trace_bw: 16207 kbps
   t=20s | buffer: 31.8s | bitrate: 3300 kbps | tp: 0 kbps | trace_bw: 0 kbps
   t=30s | buffer: 29.6s | bitrate: 4950 kbps | tp: 0 kbps | trace_bw: 0 kbps
   t=41s | buffer: 31.5s | bitrate: 4950 kbps | tp: 0 kbps | trace_bw: 0 kbps
   t=51s | buffer: 29.4s | bitrate: 4950 kbps | tp: 0 kbps | trace_bw: 0 kbps
   t=61s | buffer: 31.2s | bitrate: 4950 kbps | tp: 0 kbps | trace_bw: 0 kbps
   t=71s | buffer: 29.1s | bitrate: 4950 kbps | tp: 274 kbps | trace_bw: 274 kbps
   t=81s | buffer: 26.9s | bitrate: 3300 kbps | tp: 0 kbps | trace_bw: 0 kbps
   t=91s | buffer: 20.8s | bitrate: 4950 kbps | tp: 0 kbps | trace_bw: 0 kbps
   t=101s | buffer: 10.6s | bitrate: 3300 kbps | tp: 1 kbps | trace_bw: 1 kbps
   t=112s | buffer: 0.5s | bitrate: 3300 kbps | tp: 276 kbps | trace_bw: 276 kbps

======================================================================
  BENCHMARK RESULTS (HLS / hls.js)
======================================================================

  [TIMING]
      Startup delay:     24,944 ms
      Playback time:     120.2 s

  [BITRATE]
      Average (selected):  3,846 kbps
      Average (effective): 3,826 kbps
      Min / Max:           220 / 4,950 kbps
      Median:              4,950 kbps
      Std deviation:       1,359.0 kbps
      Variance:            1,846,849.9
      25th/75th %ile:      3,300 / 4,950 kbps

  [SWITCHES]
      Total count:       8
      Up / Down:         4 / 4
      Avg magnitude:     2,585 kbps

  [REBUFFERING]
      Events:            1
      Total time:        638 ms
      Ratio:             0.5281%
      Frequency:         0.499 per minute
      Avg duration:      638 ms
      Max duration:      638 ms

  [THROUGHPUT]
      Average:           2,404 kbps
      Median:            5 kbps
      Min / Max:         0 / 58,553 kbps
      Std deviation:     9,668.7 kbps

  [AVAILABLE BW (trace)]
      Average:           2,404 kbps
      Min / Max:         0 / 58,553 kbps
      Utilisation:       0.2%

  [BUFFER]
      Average level:     23.4 s
      Min / Max:         0.0 / 33.2 s

  [UTILIZATION]
      Bandwidth:         76926.7%

======================================================================

[SAVED] results/results/run_all_20260525_151403/hls_5g-ireland/benchmark_hls_amazon_prime_driving_season3-theexpanse_B_2019_12_06_11_49_24_tc_20260525_220636.json

──────────────────────────────────────────────────────────────────────
  [22/83] amazon_prime_static_animated-ninjago_B_2020_01_06_09_55_13_tc.csv
──────────────────────────────────────────────────────────────────────
[TRACE] amazon_prime_static_animated-ninjago_B_2020_01_06_09_55_13_tc.csv
[HLS-SHAPER] Triggering tc-trace via /startShaping API...
[HLS-SHAPER] tc-trace.py starting in container

======================================================================
  HLS Streaming QoE Benchmark (hls.js)
======================================================================
  Server: http://localhost:8080/hls.html?manifest=http://localhost:8080/hls/master.m3u8
======================================================================

[TRACE] Loaded 3739 entries with bandwidth
[BROWSER] Launching headless Chromium...
[BROWSER] Waiting for playback to start...
   Startup delay: 4134ms

[PLAYBACK] Collecting metrics...
   t=10s | buffer: 13.9s | bitrate: 1320 kbps | tp: 0 kbps | trace_bw: 0 kbps
   t=20s | buffer: 31.8s | bitrate: 3300 kbps | tp: 1893 kbps | trace_bw: 1893 kbps
   t=30s | buffer: 29.6s | bitrate: 3300 kbps | tp: 0 kbps | trace_bw: 0 kbps
   t=41s | buffer: 31.5s | bitrate: 4950 kbps | tp: 52 kbps | trace_bw: 52 kbps
   t=51s | buffer: 29.3s | bitrate: 4950 kbps | tp: 0 kbps | trace_bw: 0 kbps
   t=61s | buffer: 31.2s | bitrate: 4950 kbps | tp: 25 kbps | trace_bw: 25 kbps
   t=71s | buffer: 29.0s | bitrate: 4950 kbps | tp: 0 kbps | trace_bw: 0 kbps
   t=81s | buffer: 18.9s | bitrate: 4950 kbps | tp: 1 kbps | trace_bw: 1 kbps
   t=91s | buffer: 8.7s | bitrate: 4950 kbps | tp: 279 kbps | trace_bw: 279 kbps
   t=101s | buffer: 10.6s | bitrate: 660 kbps | tp: 0 kbps | trace_bw: 0 kbps
   t=112s | buffer: 4.5s | bitrate: 880 kbps | tp: 0 kbps | trace_bw: 0 kbps

======================================================================
  BENCHMARK RESULTS (HLS / hls.js)
======================================================================

  [TIMING]
      Startup delay:     4,134 ms
      Playback time:     120.2 s

  [BITRATE]
      Average (selected):  3,564 kbps
      Average (effective): 3,531 kbps
      Min / Max:           440 / 4,950 kbps
      Median:              4,950 kbps
      Std deviation:       1,699.8 kbps
      Variance:            2,889,157.3
      25th/75th %ile:      2,200 / 4,950 kbps

  [SWITCHES]
      Total count:       8
      Up / Down:         6 / 2
      Avg magnitude:     1,540 kbps

  [REBUFFERING]
      Events:            1
      Total time:        1,108 ms
      Ratio:             0.9130%
      Frequency:         0.499 per minute
      Avg duration:      1,108 ms
      Max duration:      1,108 ms

  [THROUGHPUT]
      Average:           5,731 kbps
      Median:            2 kbps
      Min / Max:         0 / 194,256 kbps
      Std deviation:     22,968.0 kbps

  [AVAILABLE BW (trace)]
      Average:           5,731 kbps
      Min / Max:         0 / 194,256 kbps
      Utilisation:       0.0%

  [BUFFER]
      Average level:     20.9 s
      Min / Max:         0.0 / 33.2 s

  [UTILIZATION]
      Bandwidth:         178200.0%

======================================================================

[SAVED] results/results/run_all_20260525_151403/hls_5g-ireland/benchmark_hls_amazon_prime_static_animated-ninjago_B_2020_01_06_09_55_13_tc_20260525_220905.json

──────────────────────────────────────────────────────────────────────
  [23/83] amazon_prime_static_animated-ninjago_B_2020_01_06_11_08_12_tc.csv
──────────────────────────────────────────────────────────────────────
[TRACE] amazon_prime_static_animated-ninjago_B_2020_01_06_11_08_12_tc.csv
[HLS-SHAPER] Triggering tc-trace via /startShaping API...
[HLS-SHAPER] tc-trace.py starting in container

======================================================================
  HLS Streaming QoE Benchmark (hls.js)
======================================================================
  Server: http://localhost:8080/hls.html?manifest=http://localhost:8080/hls/master.m3u8
======================================================================

[TRACE] Loaded 1614 entries with bandwidth
[BROWSER] Launching headless Chromium...
[BROWSER] Waiting for playback to start...
   Startup delay: 1220ms

[PLAYBACK] Collecting metrics...
   t=10s | buffer: 10.9s | bitrate: 2200 kbps | tp: 88740 kbps | trace_bw: 88740 kbps
   t=20s | buffer: 28.8s | bitrate: 4950 kbps | tp: 0 kbps | trace_bw: 0 kbps
   t=30s | buffer: 30.7s | bitrate: 4950 kbps | tp: 0 kbps | trace_bw: 0 kbps
   t=41s | buffer: 28.5s | bitrate: 4950 kbps | tp: 0 kbps | trace_bw: 0 kbps
   t=51s | buffer: 30.4s | bitrate: 4950 kbps | tp: 273 kbps | trace_bw: 273 kbps
   t=61s | buffer: 32.2s | bitrate: 4950 kbps | tp: 0 kbps | trace_bw: 0 kbps
   t=71s | buffer: 30.1s | bitrate: 4950 kbps | tp: 18 kbps | trace_bw: 18 kbps
   t=81s | buffer: 27.9s | bitrate: 4950 kbps | tp: 3982 kbps | trace_bw: 3982 kbps
   t=91s | buffer: 25.8s | bitrate: 4950 kbps | tp: 276 kbps | trace_bw: 276 kbps
   t=101s | buffer: 31.7s | bitrate: 4950 kbps | tp: 3469 kbps | trace_bw: 3469 kbps
   t=112s | buffer: 29.5s | bitrate: 4950 kbps | tp: 8290 kbps | trace_bw: 8290 kbps

======================================================================
  BENCHMARK RESULTS (HLS / hls.js)
======================================================================

  [TIMING]
      Startup delay:     1,220 ms
      Playback time:     119.2 s

  [BITRATE]
      Average (selected):  4,535 kbps
      Average (effective): 4,472 kbps
      Min / Max:           440 / 4,950 kbps
      Median:              4,950 kbps
      Std deviation:       1,216.3 kbps
      Variance:            1,479,318.3
      25th/75th %ile:      4,950 / 4,950 kbps

  [SWITCHES]
      Total count:       3
      Up / Down:         3 / 0
      Avg magnitude:     1,503 kbps

  [REBUFFERING]
      Events:            2
      Total time:        1,670 ms
      Ratio:             1.3820%
      Frequency:         1.007 per minute
      Avg duration:      835 ms
      Max duration:      1,020 ms

  [THROUGHPUT]
      Average:           4,227 kbps
      Median:            276 kbps
      Min / Max:         0 / 153,802 kbps
      Std deviation:     17,204.0 kbps

  [AVAILABLE BW (trace)]
      Average:           4,227 kbps
      Min / Max:         0 / 153,802 kbps
      Utilisation:       6.5%

  [BUFFER]
      Average level:     26.6 s
      Min / Max:         0.0 / 33.3 s

  [UTILIZATION]
      Bandwidth:         1643.0%

======================================================================

[SAVED] results/results/run_all_20260525_151403/hls_5g-ireland/benchmark_hls_amazon_prime_static_animated-ninjago_B_2020_01_06_11_08_12_tc_20260525_221113.json

──────────────────────────────────────────────────────────────────────
  [24/83] amazon_prime_static_animated-ninjago_B_2020_01_06_11_40_29_tc.csv
──────────────────────────────────────────────────────────────────────
[TRACE] amazon_prime_static_animated-ninjago_B_2020_01_06_11_40_29_tc.csv
[HLS-SHAPER] Triggering tc-trace via /startShaping API...
[HLS-SHAPER] tc-trace.py starting in container

======================================================================
  HLS Streaming QoE Benchmark (hls.js)
======================================================================
  Server: http://localhost:8080/hls.html?manifest=http://localhost:8080/hls/master.m3u8
======================================================================

[TRACE] Loaded 6581 entries with bandwidth
[BROWSER] Launching headless Chromium...
[BROWSER] Waiting for playback to start...
   Startup delay: 9707ms

[PLAYBACK] Collecting metrics...
   t=10s | buffer: 13.9s | bitrate: 4950 kbps | tp: 57 kbps | trace_bw: 57 kbps
   t=20s | buffer: 3.8s | bitrate: 4950 kbps | tp: 5803 kbps | trace_bw: 5803 kbps
   t=30s | buffer: 0.0s | bitrate: 4950 kbps | tp: 2 kbps | trace_bw: 2 kbps
   t=41s | buffer: 0.0s | bitrate: 4950 kbps | tp: 3400 kbps | trace_bw: 3400 kbps
   t=51s | buffer: 0.0s | bitrate: 4950 kbps | tp: 3 kbps | trace_bw: 3 kbps
   t=61s | buffer: 0.0s | bitrate: 4950 kbps | tp: 5 kbps | trace_bw: 5 kbps
   t=71s | buffer: 0.0s | bitrate: 4950 kbps | tp: 2 kbps | trace_bw: 2 kbps
   t=81s | buffer: 0.0s | bitrate: 4950 kbps | tp: 4 kbps | trace_bw: 4 kbps
   t=91s | buffer: 0.0s | bitrate: 4950 kbps | tp: 31 kbps | trace_bw: 31 kbps
   t=101s | buffer: 0.0s | bitrate: 4950 kbps | tp: 2 kbps | trace_bw: 2 kbps
   t=112s | buffer: 0.0s | bitrate: 4950 kbps | tp: 2 kbps | trace_bw: 2 kbps

======================================================================
  BENCHMARK RESULTS (HLS / hls.js)
======================================================================

  [TIMING]
      Startup delay:     9,707 ms
      Playback time:     24.1 s

  [BITRATE]
      Average (selected):  4,745 kbps
      Average (effective): 945 kbps
      Min / Max:           440 / 4,950 kbps
      Median:              4,950 kbps
      Std deviation:       852.4 kbps
      Variance:            726,591.6
      25th/75th %ile:      4,950 / 4,950 kbps

  [SWITCHES]
      Total count:       2
      Up / Down:         2 / 0
      Avg magnitude:     2,255 kbps

  [REBUFFERING]
      Events:            2
      Total time:        96,810 ms
      Ratio:             80.0887%
      Frequency:         4.986 per minute
      Avg duration:      529 ms
      Max duration:      529 ms

  [THROUGHPUT]
      Average:           2,423 kbps
      Median:            3 kbps
      Min / Max:         0 / 88,132 kbps
      Std deviation:     11,330.6 kbps

  [AVAILABLE BW (trace)]
      Average:           2,423 kbps
      Min / Max:         0 / 88,132 kbps
      Utilisation:       0.1%

  [BUFFER]
      Average level:     1.8 s
      Min / Max:         0.0 / 17.0 s

  [UTILIZATION]
      Bandwidth:         158155.6%

======================================================================

[SAVED] results/results/run_all_20260525_151403/hls_5g-ireland/benchmark_hls_amazon_prime_static_animated-ninjago_B_2020_01_06_11_40_29_tc_20260525_221319.json

──────────────────────────────────────────────────────────────────────
  [25/83] amazon_prime_static_season3-theexpanse_B_2019_12_19_15_00_47_tc.csv
──────────────────────────────────────────────────────────────────────
[TRACE] amazon_prime_static_season3-theexpanse_B_2019_12_19_15_00_47_tc.csv
[HLS-SHAPER] Triggering tc-trace via /startShaping API...
[HLS-SHAPER] tc-trace.py starting in container

======================================================================
  HLS Streaming QoE Benchmark (hls.js)
======================================================================
  Server: http://localhost:8080/hls.html?manifest=http://localhost:8080/hls/master.m3u8
======================================================================

[TRACE] Loaded 2293 entries with bandwidth
[BROWSER] Launching headless Chromium...
[BROWSER] Waiting for playback to start...
   Startup delay: 2151ms

[PLAYBACK] Collecting metrics...
   t=10s | buffer: 5.9s | bitrate: 2200 kbps | tp: 2 kbps | trace_bw: 2 kbps
   t=20s | buffer: 9.2s | bitrate: 660 kbps | tp: 0 kbps | trace_bw: 0 kbps
   t=30s | buffer: 27.1s | bitrate: 4950 kbps | tp: 0 kbps | trace_bw: 0 kbps
   t=41s | buffer: 32.9s | bitrate: 4950 kbps | tp: 20346 kbps | trace_bw: 20346 kbps
   t=51s | buffer: 30.8s | bitrate: 4950 kbps | tp: 28018 kbps | trace_bw: 28018 kbps
   t=61s | buffer: 32.6s | bitrate: 4950 kbps | tp: 64898 kbps | trace_bw: 64898 kbps
   t=71s | buffer: 30.5s | bitrate: 4950 kbps | tp: 0 kbps | trace_bw: 0 kbps
   t=81s | buffer: 32.3s | bitrate: 4950 kbps | tp: 0 kbps | trace_bw: 0 kbps
   t=91s | buffer: 30.2s | bitrate: 4950 kbps | tp: 0 kbps | trace_bw: 0 kbps
   t=101s | buffer: 32.1s | bitrate: 4950 kbps | tp: 1311 kbps | trace_bw: 1311 kbps
   t=112s | buffer: 29.9s | bitrate: 4950 kbps | tp: 9652 kbps | trace_bw: 9652 kbps

======================================================================
  BENCHMARK RESULTS (HLS / hls.js)
======================================================================

  [TIMING]
      Startup delay:     2,151 ms
      Playback time:     118.8 s

  [BITRATE]
      Average (selected):  4,244 kbps
      Average (effective): 4,140 kbps
      Min / Max:           440 / 4,950 kbps
      Median:              4,950 kbps
      Std deviation:       1,379.5 kbps
      Variance:            1,903,153.3
      25th/75th %ile:      4,950 / 4,950 kbps

  [SWITCHES]
      Total count:       6
      Up / Down:         5 / 1
      Avg magnitude:     1,632 kbps

  [REBUFFERING]
      Events:            2
      Total time:        2,967 ms
      Ratio:             2.4370%
      Frequency:         1.010 per minute
      Avg duration:      1,484 ms
      Max duration:      1,538 ms

  [THROUGHPUT]
      Average:           10,907 kbps
      Median:            871 kbps
      Min / Max:         0 / 86,016 kbps
      Std deviation:     20,701.5 kbps

  [AVAILABLE BW (trace)]
      Average:           10,907 kbps
      Min / Max:         0 / 86,016 kbps
      Utilisation:       8.0%

  [BUFFER]
      Average level:     25.0 s
      Min / Max:         0.0 / 33.2 s

  [UTILIZATION]
      Bandwidth:         487.2%

======================================================================

[SAVED] results/results/run_all_20260525_151403/hls_5g-ireland/benchmark_hls_amazon_prime_static_season3-theexpanse_B_2019_12_19_15_00_47_tc_20260525_221532.json

──────────────────────────────────────────────────────────────────────
  [26/83] amazon_prime_static_season3-theexpanse_B_2019_12_23_10_30_35_tc.csv
──────────────────────────────────────────────────────────────────────
[TRACE] amazon_prime_static_season3-theexpanse_B_2019_12_23_10_30_35_tc.csv
[HLS-SHAPER] Triggering tc-trace via /startShaping API...
[HLS-SHAPER] Warning: could not reach /startShaping: HTTPConnectionPool(host='localhost', port=8080): Read timed out. (read timeout=5)

======================================================================
  HLS Streaming QoE Benchmark (hls.js)
======================================================================
  Server: http://localhost:8080/hls.html?manifest=http://localhost:8080/hls/master.m3u8
======================================================================

[TRACE] Loaded 6992 entries with bandwidth
[BROWSER] Launching headless Chromium...
[BROWSER] Waiting for playback to start...
   Startup delay: 25782ms

[PLAYBACK] Collecting metrics...
   t=10s | buffer: 1.9s | bitrate: 4950 kbps | tp: 345 kbps | trace_bw: 345 kbps
   t=20s | buffer: 6.5s | bitrate: 1650 kbps | tp: 0 kbps | trace_bw: 0 kbps
   t=30s | buffer: 24.3s | bitrate: 4950 kbps | tp: 16039 kbps | trace_bw: 16039 kbps
   t=41s | buffer: 30.2s | bitrate: 4950 kbps | tp: 10007 kbps | trace_bw: 10007 kbps
   t=51s | buffer: 28.1s | bitrate: 4950 kbps | tp: 0 kbps | trace_bw: 0 kbps
   t=61s | buffer: 29.9s | bitrate: 4950 kbps | tp: 11098 kbps | trace_bw: 11098 kbps
   t=71s | buffer: 31.8s | bitrate: 4950 kbps | tp: 9971 kbps | trace_bw: 9971 kbps
   t=81s | buffer: 29.6s | bitrate: 4950 kbps | tp: 0 kbps | trace_bw: 0 kbps
   t=91s | buffer: 27.5s | bitrate: 4950 kbps | tp: 11824 kbps | trace_bw: 11824 kbps
   t=101s | buffer: 29.4s | bitrate: 4950 kbps | tp: 0 kbps | trace_bw: 0 kbps
   t=112s | buffer: 31.2s | bitrate: 4950 kbps | tp: 0 kbps | trace_bw: 0 kbps

======================================================================
  BENCHMARK RESULTS (HLS / hls.js)
======================================================================

  [TIMING]
      Startup delay:     25,782 ms
      Playback time:     113.5 s

  [BITRATE]
      Average (selected):  4,635 kbps
      Average (effective): 4,353 kbps
      Min / Max:           440 / 4,950 kbps
      Median:              4,950 kbps
      Std deviation:       1,016.0 kbps
      Variance:            1,032,318.2
      25th/75th %ile:      4,950 / 4,950 kbps

  [SWITCHES]
      Total count:       4
      Up / Down:         3 / 1
      Avg magnitude:     2,778 kbps

  [REBUFFERING]
      Events:            3
      Total time:        7,333 ms
      Ratio:             6.0699%
      Frequency:         1.586 per minute
      Avg duration:      2,444 ms
      Max duration:      6,807 ms

  [THROUGHPUT]
      Average:           11,353 kbps
      Median:            1,563 kbps
      Min / Max:         0 / 163,467 kbps
      Std deviation:     27,794.9 kbps

  [AVAILABLE BW (trace)]
      Average:           11,353 kbps
      Min / Max:         0 / 163,467 kbps
      Utilisation:       13.8%

  [BUFFER]
      Average level:     24.5 s
      Min / Max:         0.0 / 33.4 s

  [UTILIZATION]
      Bandwidth:         296.5%

======================================================================

[SAVED] results/results/run_all_20260525_151403/hls_5g-ireland/benchmark_hls_amazon_prime_static_season3-theexpanse_B_2019_12_23_10_30_35_tc_20260525_221743.json

──────────────────────────────────────────────────────────────────────
  [27/83] amazon_prime_static_season3-theexpanse_B_2020_01_03_08_59_40_tc.csv
──────────────────────────────────────────────────────────────────────
[TRACE] amazon_prime_static_season3-theexpanse_B_2020_01_03_08_59_40_tc.csv
[HLS-SHAPER] Triggering tc-trace via /startShaping API...
[HLS-SHAPER] tc-trace.py starting in container

======================================================================
  HLS Streaming QoE Benchmark (hls.js)
======================================================================
  Server: http://localhost:8080/hls.html?manifest=http://localhost:8080/hls/master.m3u8
======================================================================

[TRACE] Loaded 6143 entries with bandwidth
[BROWSER] Launching headless Chromium...
[BROWSER] Waiting for playback to start...
   Startup delay: 2374ms

[PLAYBACK] Collecting metrics...
   t=10s | buffer: 13.9s | bitrate: 4950 kbps | tp: 2971 kbps | trace_bw: 2971 kbps
   t=20s | buffer: 27.8s | bitrate: 4950 kbps | tp: 1240 kbps | trace_bw: 1240 kbps
   t=30s | buffer: 29.6s | bitrate: 3300 kbps | tp: 61419 kbps | trace_bw: 61419 kbps
   t=41s | buffer: 31.5s | bitrate: 4950 kbps | tp: 0 kbps | trace_bw: 0 kbps
   t=51s | buffer: 29.3s | bitrate: 4950 kbps | tp: 5504 kbps | trace_bw: 5504 kbps
   t=61s | buffer: 31.2s | bitrate: 4950 kbps | tp: 13006 kbps | trace_bw: 13006 kbps
   t=71s | buffer: 29.0s | bitrate: 4950 kbps | tp: 0 kbps | trace_bw: 0 kbps
   t=81s | buffer: 26.9s | bitrate: 4950 kbps | tp: 0 kbps | trace_bw: 0 kbps
   t=91s | buffer: 28.7s | bitrate: 4950 kbps | tp: 11070 kbps | trace_bw: 11070 kbps
   t=101s | buffer: 30.6s | bitrate: 4950 kbps | tp: 10398 kbps | trace_bw: 10398 kbps
   t=112s | buffer: 24.5s | bitrate: 4950 kbps | tp: 8562 kbps | trace_bw: 8562 kbps

======================================================================
  BENCHMARK RESULTS (HLS / hls.js)
======================================================================

  [TIMING]
      Startup delay:     2,374 ms
      Playback time:     120.2 s

  [BITRATE]
      Average (selected):  4,635 kbps
      Average (effective): 4,617 kbps
      Min / Max:           440 / 4,950 kbps
      Median:              4,950 kbps
      Std deviation:       922.4 kbps
      Variance:            850,818.2
      25th/75th %ile:      4,950 / 4,950 kbps

  [SWITCHES]
      Total count:       3
      Up / Down:         2 / 1
      Avg magnitude:     2,603 kbps

  [REBUFFERING]
      Events:            1
      Total time:        470 ms
      Ratio:             0.3894%
      Frequency:         0.499 per minute
      Avg duration:      470 ms
      Max duration:      470 ms

  [THROUGHPUT]
      Average:           11,346 kbps
      Median:            3,676 kbps
      Min / Max:         0 / 73,084 kbps
      Std deviation:     18,915.6 kbps

  [AVAILABLE BW (trace)]
      Average:           11,346 kbps
      Min / Max:         0 / 73,084 kbps
      Utilisation:       32.4%

  [BUFFER]
      Average level:     26.8 s
      Min / Max:         0.0 / 33.3 s

  [UTILIZATION]
      Bandwidth:         126.1%

======================================================================

[SAVED] results/results/run_all_20260525_151403/hls_5g-ireland/benchmark_hls_amazon_prime_static_season3-theexpanse_B_2020_01_03_08_59_40_tc_20260525_222012.json

──────────────────────────────────────────────────────────────────────
  [28/83] amazon_prime_static_season3-theexpanse_B_2020_01_03_10_54_39_tc.csv
──────────────────────────────────────────────────────────────────────
[TRACE] amazon_prime_static_season3-theexpanse_B_2020_01_03_10_54_39_tc.csv
[HLS-SHAPER] Triggering tc-trace via /startShaping API...
[HLS-SHAPER] Warning: could not reach /startShaping: HTTPConnectionPool(host='localhost', port=8080): Read timed out. (read timeout=5)

======================================================================
  HLS Streaming QoE Benchmark (hls.js)
======================================================================
  Server: http://localhost:8080/hls.html?manifest=http://localhost:8080/hls/master.m3u8
======================================================================

[TRACE] Loaded 5295 entries with bandwidth
[BROWSER] Launching headless Chromium...
[BROWSER] Waiting for playback to start...
   Startup delay: 10443ms

[PLAYBACK] Collecting metrics...
   t=10s | buffer: 17.9s | bitrate: 4950 kbps | tp: 69666 kbps | trace_bw: 69666 kbps
   t=20s | buffer: 31.8s | bitrate: 4950 kbps | tp: 63223 kbps | trace_bw: 63223 kbps
   t=30s | buffer: 29.6s | bitrate: 4950 kbps | tp: 41272 kbps | trace_bw: 41272 kbps
   t=41s | buffer: 31.5s | bitrate: 4950 kbps | tp: 0 kbps | trace_bw: 0 kbps
   t=51s | buffer: 29.3s | bitrate: 4950 kbps | tp: 11109 kbps | trace_bw: 11109 kbps
   t=61s | buffer: 27.2s | bitrate: 4950 kbps | tp: 8178 kbps | trace_bw: 8178 kbps
   t=71s | buffer: 33.1s | bitrate: 4950 kbps | tp: 0 kbps | trace_bw: 0 kbps
   t=81s | buffer: 30.9s | bitrate: 4950 kbps | tp: 7216 kbps | trace_bw: 7216 kbps
   t=91s | buffer: 28.8s | bitrate: 4950 kbps | tp: 0 kbps | trace_bw: 0 kbps
   t=101s | buffer: 30.6s | bitrate: 4950 kbps | tp: 0 kbps | trace_bw: 0 kbps
   t=112s | buffer: 28.5s | bitrate: 4950 kbps | tp: 9425 kbps | trace_bw: 9425 kbps

======================================================================
  BENCHMARK RESULTS (HLS / hls.js)
======================================================================

  [TIMING]
      Startup delay:     10,443 ms
      Playback time:     120.2 s

  [BITRATE]
      Average (selected):  4,594 kbps
      Average (effective): 4,576 kbps
      Min / Max:           440 / 4,950 kbps
      Median:              4,950 kbps
      Std deviation:       1,149.0 kbps
      Variance:            1,320,257.9
      25th/75th %ile:      4,950 / 4,950 kbps

  [SWITCHES]
      Total count:       4
      Up / Down:         3 / 1
      Avg magnitude:     3,382 kbps

  [REBUFFERING]
      Events:            1
      Total time:        490 ms
      Ratio:             0.4059%
      Frequency:         0.499 per minute
      Avg duration:      490 ms
      Max duration:      490 ms

  [THROUGHPUT]
      Average:           12,803 kbps
      Median:            7,216 kbps
      Min / Max:         0 / 69,666 kbps
      Std deviation:     19,777.9 kbps

  [AVAILABLE BW (trace)]
      Average:           12,803 kbps
      Min / Max:         0 / 69,666 kbps
      Utilisation:       56.4%

  [BUFFER]
      Average level:     28.5 s
      Min / Max:         0.0 / 33.3 s

  [UTILIZATION]
      Bandwidth:         63.7%

======================================================================

[SAVED] results/results/run_all_20260525_151403/hls_5g-ireland/benchmark_hls_amazon_prime_static_season3-theexpanse_B_2020_01_03_10_54_39_tc_20260525_222223.json

──────────────────────────────────────────────────────────────────────
  [29/83] amazon_prime_static_season3-theexpanse_B_2020_01_05_14_55_57_tc.csv
──────────────────────────────────────────────────────────────────────
[TRACE] amazon_prime_static_season3-theexpanse_B_2020_01_05_14_55_57_tc.csv
[HLS-SHAPER] Triggering tc-trace via /startShaping API...
[HLS-SHAPER] tc-trace.py starting in container

======================================================================
  HLS Streaming QoE Benchmark (hls.js)
======================================================================
  Server: http://localhost:8080/hls.html?manifest=http://localhost:8080/hls/master.m3u8
======================================================================

[TRACE] Loaded 2284 entries with bandwidth
[BROWSER] Launching headless Chromium...
[BROWSER] Waiting for playback to start...
   Startup delay: 4749ms

[PLAYBACK] Collecting metrics...
   t=10s | buffer: 25.9s | bitrate: 4950 kbps | tp: 44881 kbps | trace_bw: 44881 kbps
   t=20s | buffer: 31.8s | bitrate: 4950 kbps | tp: 0 kbps | trace_bw: 0 kbps
   t=30s | buffer: 29.6s | bitrate: 4950 kbps | tp: 60885 kbps | trace_bw: 60885 kbps
   t=41s | buffer: 31.5s | bitrate: 4950 kbps | tp: 11 kbps | trace_bw: 11 kbps
   t=51s | buffer: 29.4s | bitrate: 4950 kbps | tp: 8352 kbps | trace_bw: 8352 kbps
   t=61s | buffer: 31.2s | bitrate: 4950 kbps | tp: 9962 kbps | trace_bw: 9962 kbps
   t=71s | buffer: 29.1s | bitrate: 4950 kbps | tp: 0 kbps | trace_bw: 0 kbps
   t=81s | buffer: 31.0s | bitrate: 4950 kbps | tp: 428 kbps | trace_bw: 428 kbps
   t=91s | buffer: 24.8s | bitrate: 4950 kbps | tp: 0 kbps | trace_bw: 0 kbps
   t=101s | buffer: 30.7s | bitrate: 4950 kbps | tp: 11714 kbps | trace_bw: 11714 kbps
   t=112s | buffer: 28.5s | bitrate: 4950 kbps | tp: 340 kbps | trace_bw: 340 kbps

======================================================================
  BENCHMARK RESULTS (HLS / hls.js)
======================================================================

  [TIMING]
      Startup delay:     4,749 ms
      Playback time:     120.2 s

  [BITRATE]
      Average (selected):  4,800 kbps
      Average (effective): 4,779 kbps
      Min / Max:           440 / 4,950 kbps
      Median:              4,950 kbps
      Std deviation:       809.6 kbps
      Variance:            655,403.2
      25th/75th %ile:      4,950 / 4,950 kbps

  [SWITCHES]
      Total count:       1
      Up / Down:         1 / 0
      Avg magnitude:     4,510 kbps

  [REBUFFERING]
      Events:            1
      Total time:        514 ms
      Ratio:             0.4258%
      Frequency:         0.499 per minute
      Avg duration:      514 ms
      Max duration:      514 ms

  [THROUGHPUT]
      Average:           15,174 kbps
      Median:            8,024 kbps
      Min / Max:         0 / 79,262 kbps
      Std deviation:     23,073.7 kbps

  [AVAILABLE BW (trace)]
      Average:           15,174 kbps
      Min / Max:         0 / 79,262 kbps
      Utilisation:       52.9%

  [BUFFER]
      Average level:     27.9 s
      Min / Max:         0.0 / 33.2 s

  [UTILIZATION]
      Bandwidth:         59.8%

======================================================================

[SAVED] results/results/run_all_20260525_151403/hls_5g-ireland/benchmark_hls_amazon_prime_static_season3-theexpanse_B_2020_01_05_14_55_57_tc_20260525_222438.json

──────────────────────────────────────────────────────────────────────
  [30/83] download_driving_B_2019_12_14_10_16_30_tc.csv
──────────────────────────────────────────────────────────────────────
[TRACE] download_driving_B_2019_12_14_10_16_30_tc.csv
[HLS-SHAPER] Triggering tc-trace via /startShaping API...
[HLS-SHAPER] tc-trace.py starting in container

======================================================================
  HLS Streaming QoE Benchmark (hls.js)
======================================================================
  Server: http://localhost:8080/hls.html?manifest=http://localhost:8080/hls/master.m3u8
======================================================================

[TRACE] Loaded 1155 entries with bandwidth
[BROWSER] Launching headless Chromium...
[BROWSER] Waiting for playback to start...
   Startup delay: 3029ms

[PLAYBACK] Collecting metrics...
   t=10s | buffer: 17.9s | bitrate: 4950 kbps | tp: 14316 kbps | trace_bw: 14316 kbps
   t=20s | buffer: 19.8s | bitrate: 4950 kbps | tp: 16067 kbps | trace_bw: 16067 kbps
   t=30s | buffer: 17.6s | bitrate: 4950 kbps | tp: 9593 kbps | trace_bw: 9593 kbps
   t=41s | buffer: 31.5s | bitrate: 4950 kbps | tp: 6516 kbps | trace_bw: 6516 kbps
   t=51s | buffer: 29.3s | bitrate: 1320 kbps | tp: 5 kbps | trace_bw: 5 kbps
   t=61s | buffer: 27.2s | bitrate: 2200 kbps | tp: 13382 kbps | trace_bw: 13382 kbps
   t=71s | buffer: 17.0s | bitrate: 2200 kbps | tp: 17060 kbps | trace_bw: 17060 kbps
   t=81s | buffer: 10.9s | bitrate: 3300 kbps | tp: 14216 kbps | trace_bw: 14216 kbps
   t=91s | buffer: 0.7s | bitrate: 220 kbps | tp: 1988 kbps | trace_bw: 1988 kbps
   t=101s | buffer: 15.4s | bitrate: 440 kbps | tp: 12477 kbps | trace_bw: 12477 kbps
   t=112s | buffer: 5.2s | bitrate: 660 kbps | tp: 14653 kbps | trace_bw: 14653 kbps

======================================================================
  BENCHMARK RESULTS (HLS / hls.js)
======================================================================

  [TIMING]
      Startup delay:     3,029 ms
      Playback time:     115.5 s

  [BITRATE]
      Average (selected):  2,657 kbps
      Average (effective): 2,538 kbps
      Min / Max:           220 / 4,950 kbps
      Median:              2,200 kbps
      Std deviation:       1,860.3 kbps
      Variance:            3,460,901.7
      25th/75th %ile:      660 / 4,950 kbps

  [SWITCHES]
      Total count:       14
      Up / Down:         10 / 4
      Avg magnitude:     1,351 kbps

  [REBUFFERING]
      Events:            3
      Total time:        5,434 ms
      Ratio:             4.4946%
      Frequency:         1.559 per minute
      Avg duration:      1,811 ms
      Max duration:      4,862 ms

  [THROUGHPUT]
      Average:           11,439 kbps
      Median:            11,470 kbps
      Min / Max:         0 / 39,077 kbps
      Std deviation:     7,436.4 kbps

  [AVAILABLE BW (trace)]
      Average:           11,439 kbps
      Min / Max:         0 / 39,077 kbps
      Utilisation:       100.3%

  [BUFFER]
      Average level:     17.1 s
      Min / Max:         0.0 / 33.0 s

  [UTILIZATION]
      Bandwidth:         23.2%

======================================================================

[SAVED] results/results/run_all_20260525_151403/hls_5g-ireland/benchmark_hls_download_driving_B_2019_12_14_10_16_30_tc_20260525_222646.json

──────────────────────────────────────────────────────────────────────
  [31/83] download_driving_B_2019_12_16_07_22_43_tc.csv
──────────────────────────────────────────────────────────────────────
[TRACE] download_driving_B_2019_12_16_07_22_43_tc.csv
[HLS-SHAPER] Triggering tc-trace via /startShaping API...
[HLS-SHAPER] tc-trace.py starting in container

======================================================================
  HLS Streaming QoE Benchmark (hls.js)
======================================================================
  Server: http://localhost:8080/hls.html?manifest=http://localhost:8080/hls/master.m3u8
======================================================================

[TRACE] Loaded 2617 entries with bandwidth
[BROWSER] Launching headless Chromium...
[BROWSER] Waiting for playback to start...
   Startup delay: 2406ms

[PLAYBACK] Collecting metrics...
   t=10s | buffer: 21.9s | bitrate: 1650 kbps | tp: 19121 kbps | trace_bw: 19121 kbps
   t=20s | buffer: 27.8s | bitrate: 3300 kbps | tp: 14326 kbps | trace_bw: 14326 kbps
   t=30s | buffer: 17.6s | bitrate: 4950 kbps | tp: 13659 kbps | trace_bw: 13659 kbps
   t=41s | buffer: 7.5s | bitrate: 4950 kbps | tp: 15375 kbps | trace_bw: 15375 kbps
   t=51s | buffer: 0.0s | bitrate: 4950 kbps | tp: 0 kbps | trace_bw: 0 kbps
   t=61s | buffer: 3.4s | bitrate: 3300 kbps | tp: 11254 kbps | trace_bw: 11254 kbps
   t=71s | buffer: 0.0s | bitrate: 3300 kbps | tp: 14429 kbps | trace_bw: 14429 kbps
   t=81s | buffer: 30.8s | bitrate: 110 kbps | tp: 17249 kbps | trace_bw: 17249 kbps
   t=91s | buffer: 32.7s | bitrate: 110 kbps | tp: 16075 kbps | trace_bw: 16075 kbps
   t=101s | buffer: 30.5s | bitrate: 110 kbps | tp: 10867 kbps | trace_bw: 10867 kbps
   t=112s | buffer: 32.4s | bitrate: 220 kbps | tp: 18683 kbps | trace_bw: 18683 kbps

======================================================================
  BENCHMARK RESULTS (HLS / hls.js)
======================================================================

  [TIMING]
      Startup delay:     2,406 ms
      Playback time:     104.3 s

  [BITRATE]
      Average (selected):  2,195 kbps
      Average (effective): 1,873 kbps
      Min / Max:           110 / 4,950 kbps
      Median:              660 kbps
      Std deviation:       2,119.0 kbps
      Variance:            4,490,179.4
      25th/75th %ile:      220 / 4,950 kbps

  [SWITCHES]
      Total count:       11
      Up / Down:         7 / 4
      Avg magnitude:     1,720 kbps

  [REBUFFERING]
      Events:            4
      Total time:        17,920 ms
      Ratio:             14.6617%
      Frequency:         2.301 per minute
      Avg duration:      4,480 ms
      Max duration:      8,241 ms

  [THROUGHPUT]
      Average:           10,762 kbps
      Median:            11,204 kbps
      Min / Max:         0 / 22,449 kbps
      Std deviation:     5,991.4 kbps

  [AVAILABLE BW (trace)]
      Average:           10,762 kbps
      Min / Max:         0 / 22,449 kbps
      Utilisation:       104.1%

  [BUFFER]
      Average level:     18.5 s
      Min / Max:         0.0 / 33.7 s

  [UTILIZATION]
      Bandwidth:         19.6%

======================================================================

[SAVED] results/results/run_all_20260525_151403/hls_5g-ireland/benchmark_hls_download_driving_B_2019_12_16_07_22_43_tc_20260525_222853.json

──────────────────────────────────────────────────────────────────────
  [32/83] download_driving_B_2019_12_16_11_49_59_tc.csv
──────────────────────────────────────────────────────────────────────
[TRACE] download_driving_B_2019_12_16_11_49_59_tc.csv
[HLS-SHAPER] Triggering tc-trace via /startShaping API...
[HLS-SHAPER] Warning: could not reach /startShaping: HTTPConnectionPool(host='localhost', port=8080): Read timed out. (read timeout=5)

======================================================================
  HLS Streaming QoE Benchmark (hls.js)
======================================================================
  Server: http://localhost:8080/hls.html?manifest=http://localhost:8080/hls/master.m3u8
======================================================================

[TRACE] Loaded 401 entries with bandwidth
[BROWSER] Launching headless Chromium...
[BROWSER] Waiting for playback to start...
   Startup delay: 19634ms

[PLAYBACK] Collecting metrics...
   t=10s | buffer: 5.9s | bitrate: 1650 kbps | tp: 2686 kbps | trace_bw: 2686 kbps
   t=20s | buffer: 0.0s | bitrate: 1650 kbps | tp: 1676 kbps | trace_bw: 1676 kbps
   t=30s | buffer: 0.0s | bitrate: 1650 kbps | tp: 3167 kbps | trace_bw: 3167 kbps
   t=41s | buffer: 4.8s | bitrate: 2200 kbps | tp: 255 kbps | trace_bw: 255 kbps
   t=51s | buffer: 22.7s | bitrate: 2200 kbps | tp: 6080 kbps | trace_bw: 6080 kbps
   t=61s | buffer: 32.5s | bitrate: 3300 kbps | tp: 13217 kbps | trace_bw: 13217 kbps
   t=71s | buffer: 22.4s | bitrate: 4950 kbps | tp: 15950 kbps | trace_bw: 15950 kbps
   t=81s | buffer: 32.3s | bitrate: 4950 kbps | tp: 16148 kbps | trace_bw: 16148 kbps
   t=91s | buffer: 30.1s | bitrate: 3300 kbps | tp: 8130 kbps | trace_bw: 8130 kbps
   t=101s | buffer: 32.0s | bitrate: 2200 kbps | tp: 18078 kbps | trace_bw: 18078 kbps
   t=112s | buffer: 25.8s | bitrate: 2200 kbps | tp: 16662 kbps | trace_bw: 16662 kbps

======================================================================
  BENCHMARK RESULTS (HLS / hls.js)
======================================================================

  [TIMING]
      Startup delay:     19,634 ms
      Playback time:     102.9 s

  [BITRATE]
      Average (selected):  2,648 kbps
      Average (effective): 2,246 kbps
      Min / Max:           220 / 4,950 kbps
      Median:              2,200 kbps
      Std deviation:       1,232.0 kbps
      Variance:            1,517,776.1
      25th/75th %ile:      1,650 / 3,300 kbps

  [SWITCHES]
      Total count:       12
      Up / Down:         8 / 4
      Avg magnitude:     1,485 kbps

  [REBUFFERING]
      Events:            2
      Total time:        18,426 ms
      Ratio:             15.1905%
      Frequency:         1.166 per minute
      Avg duration:      9,213 ms
      Max duration:      17,447 ms

  [THROUGHPUT]
      Average:           8,589 kbps
      Median:            7,767 kbps
      Min / Max:         0 / 19,532 kbps
      Std deviation:     7,296.7 kbps

  [AVAILABLE BW (trace)]
      Average:           8,589 kbps
      Min / Max:         0 / 19,532 kbps
      Utilisation:       90.4%

  [BUFFER]
      Average level:     18.0 s
      Min / Max:         0.0 / 33.3 s

  [UTILIZATION]
      Bandwidth:         34.1%

======================================================================

[SAVED] results/results/run_all_20260525_151403/hls_5g-ireland/benchmark_hls_download_driving_B_2019_12_16_11_49_59_tc_20260525_223104.json

──────────────────────────────────────────────────────────────────────
  [33/83] download_driving_B_2019_12_16_12_27_05_tc.csv
──────────────────────────────────────────────────────────────────────
[TRACE] download_driving_B_2019_12_16_12_27_05_tc.csv
[HLS-SHAPER] Triggering tc-trace via /startShaping API...
[HLS-SHAPER] tc-trace.py starting in container

======================================================================
  HLS Streaming QoE Benchmark (hls.js)
======================================================================
  Server: http://localhost:8080/hls.html?manifest=http://localhost:8080/hls/master.m3u8
======================================================================

[TRACE] Loaded 1338 entries with bandwidth
[BROWSER] Launching headless Chromium...
[BROWSER] Waiting for playback to start...
   Startup delay: 2885ms

[PLAYBACK] Collecting metrics...
   t=10s | buffer: 25.9s | bitrate: 4950 kbps | tp: 13700 kbps | trace_bw: 13700 kbps
   t=20s | buffer: 31.8s | bitrate: 4950 kbps | tp: 35138 kbps | trace_bw: 35138 kbps
   t=30s | buffer: 25.6s | bitrate: 4950 kbps | tp: 10348 kbps | trace_bw: 10348 kbps
   t=41s | buffer: 31.5s | bitrate: 4950 kbps | tp: 13009 kbps | trace_bw: 13009 kbps
   t=51s | buffer: 29.4s | bitrate: 4950 kbps | tp: 10886 kbps | trace_bw: 10886 kbps
   t=61s | buffer: 31.2s | bitrate: 1650 kbps | tp: 0 kbps | trace_bw: 0 kbps
   t=71s | buffer: 25.1s | bitrate: 2200 kbps | tp: 6363 kbps | trace_bw: 6363 kbps
   t=81s | buffer: 22.9s | bitrate: 4950 kbps | tp: 9593 kbps | trace_bw: 9593 kbps
   t=91s | buffer: 16.8s | bitrate: 4950 kbps | tp: 11857 kbps | trace_bw: 11857 kbps
   t=101s | buffer: 30.7s | bitrate: 880 kbps | tp: 0 kbps | trace_bw: 0 kbps
   t=112s | buffer: 28.5s | bitrate: 1320 kbps | tp: 14406 kbps | trace_bw: 14406 kbps

======================================================================
  BENCHMARK RESULTS (HLS / hls.js)
======================================================================

  [TIMING]
      Startup delay:     2,885 ms
      Playback time:     120.2 s

  [BITRATE]
      Average (selected):  3,696 kbps
      Average (effective): 3,680 kbps
      Min / Max:           220 / 4,950 kbps
      Median:              4,950 kbps
      Std deviation:       1,766.8 kbps
      Variance:            3,121,477.3
      25th/75th %ile:      2,200 / 4,950 kbps

  [SWITCHES]
      Total count:       10
      Up / Down:         7 / 3
      Avg magnitude:     1,694 kbps

  [REBUFFERING]
      Events:            1
      Total time:        527 ms
      Ratio:             0.4366%
      Frequency:         0.499 per minute
      Avg duration:      527 ms
      Max duration:      527 ms

  [THROUGHPUT]
      Average:           11,893 kbps
      Median:            11,075 kbps
      Min / Max:         0 / 35,138 kbps
      Std deviation:     7,514.9 kbps

  [AVAILABLE BW (trace)]
      Average:           11,893 kbps
      Min / Max:         0 / 35,138 kbps
      Utilisation:       93.1%

  [BUFFER]
      Average level:     25.9 s
      Min / Max:         0.0 / 33.2 s

  [UTILIZATION]
      Bandwidth:         33.4%

======================================================================

[SAVED] results/results/run_all_20260525_151403/hls_5g-ireland/benchmark_hls_download_driving_B_2019_12_16_12_27_05_tc_20260525_223327.json

──────────────────────────────────────────────────────────────────────
  [34/83] download_driving_B_2019_12_16_14_23_32_tc.csv
──────────────────────────────────────────────────────────────────────
[TRACE] download_driving_B_2019_12_16_14_23_32_tc.csv
[HLS-SHAPER] Triggering tc-trace via /startShaping API...
[HLS-SHAPER] tc-trace.py starting in container

======================================================================
  HLS Streaming QoE Benchmark (hls.js)
======================================================================
  Server: http://localhost:8080/hls.html?manifest=http://localhost:8080/hls/master.m3u8
======================================================================

[TRACE] Loaded 2887 entries with bandwidth
[BROWSER] Launching headless Chromium...
[BROWSER] Waiting for playback to start...
   Startup delay: 15737ms

[PLAYBACK] Collecting metrics...
   t=10s | buffer: 21.9s | bitrate: 4950 kbps | tp: 237666 kbps | trace_bw: 237666 kbps
   t=20s | buffer: 23.8s | bitrate: 4950 kbps | tp: 111854 kbps | trace_bw: 111854 kbps
   t=30s | buffer: 13.6s | bitrate: 4950 kbps | tp: 192803 kbps | trace_bw: 192803 kbps
   t=41s | buffer: 3.5s | bitrate: 4950 kbps | tp: 95256 kbps | trace_bw: 95256 kbps
   t=51s | buffer: 0.0s | bitrate: 4950 kbps | tp: 63702 kbps | trace_bw: 63702 kbps
   t=61s | buffer: 12.1s | bitrate: 440 kbps | tp: 905 kbps | trace_bw: 905 kbps
   t=71s | buffer: 29.9s | bitrate: 1650 kbps | tp: 1172 kbps | trace_bw: 1172 kbps
   t=81s | buffer: 31.8s | bitrate: 4950 kbps | tp: 71265 kbps | trace_bw: 71265 kbps
   t=91s | buffer: 21.6s | bitrate: 4950 kbps | tp: 17574 kbps | trace_bw: 17574 kbps
   t=101s | buffer: 11.5s | bitrate: 4950 kbps | tp: 158697 kbps | trace_bw: 158697 kbps
   t=112s | buffer: 13.4s | bitrate: 4950 kbps | tp: 21057 kbps | trace_bw: 21057 kbps

======================================================================
  BENCHMARK RESULTS (HLS / hls.js)
======================================================================

  [TIMING]
      Startup delay:     15,737 ms
      Playback time:     111.3 s

  [BITRATE]
      Average (selected):  3,741 kbps
      Average (effective): 3,437 kbps
      Min / Max:           220 / 4,950 kbps
      Median:              4,950 kbps
      Std deviation:       1,802.4 kbps
      Variance:            3,248,672.4
      25th/75th %ile:      2,200 / 4,950 kbps

  [SWITCHES]
      Total count:       11
      Up / Down:         9 / 2
      Avg magnitude:     2,010 kbps

  [REBUFFERING]
      Events:            3
      Total time:        9,865 ms
      Ratio:             8.1387%
      Frequency:         1.617 per minute
      Avg duration:      3,288 ms
      Max duration:      9,027 ms

  [THROUGHPUT]
      Average:           72,165 kbps
      Median:            57,460 kbps
      Min / Max:         0 / 286,411 kbps
      Std deviation:     71,937.6 kbps

  [AVAILABLE BW (trace)]
      Average:           72,165 kbps
      Min / Max:         0 / 286,411 kbps
      Utilisation:       79.6%

  [BUFFER]
      Average level:     17.0 s
      Min / Max:         0.0 / 32.9 s

  [UTILIZATION]
      Bandwidth:         6.5%

======================================================================

[SAVED] results/results/run_all_20260525_151403/hls_5g-ireland/benchmark_hls_download_driving_B_2019_12_16_14_23_32_tc_20260525_223535.json

──────────────────────────────────────────────────────────────────────
  [35/83] download_driving_B_2019_12_17_07_32_39_tc.csv
──────────────────────────────────────────────────────────────────────
[TRACE] download_driving_B_2019_12_17_07_32_39_tc.csv
[HLS-SHAPER] Triggering tc-trace via /startShaping API...
[HLS-SHAPER] tc-trace.py starting in container

======================================================================
  HLS Streaming QoE Benchmark (hls.js)
======================================================================
  Server: http://localhost:8080/hls.html?manifest=http://localhost:8080/hls/master.m3u8
======================================================================

[TRACE] Loaded 2576 entries with bandwidth
[BROWSER] Launching headless Chromium...
[BROWSER] Waiting for playback to start...
   Startup delay: 10156ms

[PLAYBACK] Collecting metrics...
   t=10s | buffer: 25.9s | bitrate: 110 kbps | tp: 18342 kbps | trace_bw: 18342 kbps
   t=20s | buffer: 31.8s | bitrate: 220 kbps | tp: 10364 kbps | trace_bw: 10364 kbps
   t=30s | buffer: 33.6s | bitrate: 660 kbps | tp: 12080 kbps | trace_bw: 12080 kbps
   t=41s | buffer: 31.5s | bitrate: 220 kbps | tp: 16841 kbps | trace_bw: 16841 kbps
   t=51s | buffer: 33.3s | bitrate: 440 kbps | tp: 28001 kbps | trace_bw: 28001 kbps
   t=61s | buffer: 31.2s | bitrate: 660 kbps | tp: 5599 kbps | trace_bw: 5599 kbps
   t=71s | buffer: 33.0s | bitrate: 880 kbps | tp: 16303 kbps | trace_bw: 16303 kbps
   t=81s | buffer: 30.9s | bitrate: 1650 kbps | tp: 10109 kbps | trace_bw: 10109 kbps
   t=91s | buffer: 28.7s | bitrate: 2200 kbps | tp: 16165 kbps | trace_bw: 16165 kbps
   t=101s | buffer: 30.6s | bitrate: 2200 kbps | tp: 7940 kbps | trace_bw: 7940 kbps
   t=112s | buffer: 20.4s | bitrate: 2200 kbps | tp: 5986 kbps | trace_bw: 5986 kbps

======================================================================
  BENCHMARK RESULTS (HLS / hls.js)
======================================================================

  [TIMING]
      Startup delay:     10,156 ms
      Playback time:     120.3 s

  [BITRATE]
      Average (selected):  1,071 kbps
      Average (effective): 1,000 kbps
      Min / Max:           110 / 3,300 kbps
      Median:              880 kbps
      Std deviation:       876.8 kbps
      Variance:            768,699.6
      25th/75th %ile:      220 / 2,200 kbps

  [SWITCHES]
      Total count:       13
      Up / Down:         11 / 2
      Avg magnitude:     372 kbps

  [REBUFFERING]
      Events:            1
      Total time:        8,539 ms
      Ratio:             6.6291%
      Frequency:         0.499 per minute
      Avg duration:      8,539 ms
      Max duration:      8,539 ms

  [THROUGHPUT]
      Average:           12,442 kbps
      Median:            12,360 kbps
      Min / Max:         0 / 33,219 kbps
      Std deviation:     7,217.7 kbps

  [AVAILABLE BW (trace)]
      Average:           12,442 kbps
      Min / Max:         0 / 33,219 kbps
      Utilisation:       99.3%

  [BUFFER]
      Average level:     28.6 s
      Min / Max:         0.0 / 33.7 s

  [UTILIZATION]
      Bandwidth:         8.7%

======================================================================

[SAVED] results/results/run_all_20260525_151403/hls_5g-ireland/benchmark_hls_download_driving_B_2019_12_17_07_32_39_tc_20260525_223755.json

──────────────────────────────────────────────────────────────────────
  [36/83] download_driving_B_2020_01_16_07_26_43_tc.csv
──────────────────────────────────────────────────────────────────────
[TRACE] download_driving_B_2020_01_16_07_26_43_tc.csv
[HLS-SHAPER] Triggering tc-trace via /startShaping API...
[HLS-SHAPER] Warning: could not reach /startShaping: HTTPConnectionPool(host='localhost', port=8080): Read timed out. (read timeout=5)

======================================================================
  HLS Streaming QoE Benchmark (hls.js)
======================================================================
  Server: http://localhost:8080/hls.html?manifest=http://localhost:8080/hls/master.m3u8
======================================================================

[TRACE] Loaded 1981 entries with bandwidth
[BROWSER] Launching headless Chromium...
[BROWSER] Waiting for playback to start...
   Startup delay: 4496ms

[PLAYBACK] Collecting metrics...
   t=10s | buffer: 0.0s | bitrate: 440 kbps | tp: 8254 kbps | trace_bw: 8254 kbps
   t=20s | buffer: 0.0s | bitrate: 440 kbps | tp: 1 kbps | trace_bw: 1 kbps
   t=30s | buffer: 3.4s | bitrate: 3300 kbps | tp: 9083 kbps | trace_bw: 9083 kbps
   t=41s | buffer: 9.2s | bitrate: 1650 kbps | tp: 9183 kbps | trace_bw: 9183 kbps
   t=51s | buffer: 11.1s | bitrate: 4950 kbps | tp: 14387 kbps | trace_bw: 14387 kbps
   t=61s | buffer: 28.9s | bitrate: 4950 kbps | tp: 15249 kbps | trace_bw: 15249 kbps
   t=71s | buffer: 26.8s | bitrate: 4950 kbps | tp: 17791 kbps | trace_bw: 17791 kbps
   t=81s | buffer: 16.7s | bitrate: 4950 kbps | tp: 11637 kbps | trace_bw: 11637 kbps
   t=91s | buffer: 6.5s | bitrate: 4950 kbps | tp: 8049 kbps | trace_bw: 8049 kbps
   t=101s | buffer: 4.4s | bitrate: 440 kbps | tp: 17833 kbps | trace_bw: 17833 kbps
   t=112s | buffer: 0.0s | bitrate: 4950 kbps | tp: 10160 kbps | trace_bw: 10160 kbps

======================================================================
  BENCHMARK RESULTS (HLS / hls.js)
======================================================================

  [TIMING]
      Startup delay:     4,496 ms
      Playback time:     80.1 s

  [BITRATE]
      Average (selected):  3,460 kbps
      Average (effective): 2,289 kbps
      Min / Max:           110 / 4,950 kbps
      Median:              4,950 kbps
      Std deviation:       2,026.2 kbps
      Variance:            4,105,403.7
      25th/75th %ile:      440 / 4,950 kbps

  [SWITCHES]
      Total count:       6
      Up / Down:         3 / 3
      Avg magnitude:     2,915 kbps

  [REBUFFERING]
      Events:            6
      Total time:        40,961 ms
      Ratio:             33.8459%
      Frequency:         4.497 per minute
      Avg duration:      5,289 ms
      Max duration:      21,839 ms

  [THROUGHPUT]
      Average:           10,135 kbps
      Median:            11,204 kbps
      Min / Max:         0 / 19,208 kbps
      Std deviation:     5,781.1 kbps

  [AVAILABLE BW (trace)]
      Average:           10,135 kbps
      Min / Max:         0 / 19,208 kbps
      Utilisation:       110.6%

  [BUFFER]
      Average level:     8.8 s
      Min / Max:         0.0 / 32.4 s

  [UTILIZATION]
      Bandwidth:         30.9%

======================================================================

[SAVED] results/results/run_all_20260525_151403/hls_5g-ireland/benchmark_hls_download_driving_B_2020_01_16_07_26_43_tc_20260525_224013.json

──────────────────────────────────────────────────────────────────────
  [37/83] download_driving_B_2020_01_16_09_56_56_tc.csv
──────────────────────────────────────────────────────────────────────
[TRACE] download_driving_B_2020_01_16_09_56_56_tc.csv
[HLS-SHAPER] Triggering tc-trace via /startShaping API...
[HLS-SHAPER] tc-trace.py starting in container

======================================================================
  HLS Streaming QoE Benchmark (hls.js)
======================================================================
  Server: http://localhost:8080/hls.html?manifest=http://localhost:8080/hls/master.m3u8
======================================================================

[TRACE] Loaded 1741 entries with bandwidth
[BROWSER] Launching headless Chromium...
[BROWSER] Waiting for playback to start...
   Startup delay: 5554ms

[PLAYBACK] Collecting metrics...
   t=10s | buffer: 17.9s | bitrate: 4950 kbps | tp: 17557 kbps | trace_bw: 17557 kbps
   t=20s | buffer: 7.8s | bitrate: 4950 kbps | tp: 17579 kbps | trace_bw: 17579 kbps
   t=30s | buffer: 1.6s | bitrate: 2200 kbps | tp: 19053 kbps | trace_bw: 19053 kbps
   t=41s | buffer: 23.2s | bitrate: 110 kbps | tp: 15470 kbps | trace_bw: 15470 kbps
   t=51s | buffer: 33.1s | bitrate: 110 kbps | tp: 19182 kbps | trace_bw: 19182 kbps
   t=61s | buffer: 30.9s | bitrate: 220 kbps | tp: 94 kbps | trace_bw: 94 kbps
   t=71s | buffer: 24.8s | bitrate: 110 kbps | tp: 7798 kbps | trace_bw: 7798 kbps
   t=81s | buffer: 30.6s | bitrate: 220 kbps | tp: 6914 kbps | trace_bw: 6914 kbps
   t=91s | buffer: 32.5s | bitrate: 220 kbps | tp: 8117 kbps | trace_bw: 8117 kbps
   t=101s | buffer: 30.4s | bitrate: 110 kbps | tp: 1 kbps | trace_bw: 1 kbps
   t=112s | buffer: 32.2s | bitrate: 220 kbps | tp: 15827 kbps | trace_bw: 15827 kbps

======================================================================
  BENCHMARK RESULTS (HLS / hls.js)
======================================================================

  [TIMING]
      Startup delay:     5,554 ms
      Playback time:     116.5 s

  [BITRATE]
      Average (selected):  1,293 kbps
      Average (effective): 1,247 kbps
      Min / Max:           110 / 4,950 kbps
      Median:              220 kbps
      Std deviation:       1,891.2 kbps
      Variance:            3,576,658.3
      25th/75th %ile:      220 / 2,200 kbps

  [SWITCHES]
      Total count:       11
      Up / Down:         6 / 5
      Avg magnitude:     980 kbps

  [REBUFFERING]
      Events:            3
      Total time:        4,314 ms
      Ratio:             3.5717%
      Frequency:         1.545 per minute
      Avg duration:      1,438 ms
      Max duration:      3,819 ms

  [THROUGHPUT]
      Average:           10,811 kbps
      Median:            11,302 kbps
      Min / Max:         0 / 24,557 kbps
      Std deviation:     6,612.0 kbps

  [AVAILABLE BW (trace)]
      Average:           10,811 kbps
      Min / Max:         0 / 24,557 kbps
      Utilisation:       104.5%

  [BUFFER]
      Average level:     22.6 s
      Min / Max:         0.0 / 33.7 s

  [UTILIZATION]
      Bandwidth:         11.4%

======================================================================

[SAVED] results/results/run_all_20260525_151403/hls_5g-ireland/benchmark_hls_download_driving_B_2020_01_16_09_56_56_tc_20260525_224224.json

──────────────────────────────────────────────────────────────────────
  [38/83] download_driving_B_2020_01_16_12_10_03_tc.csv
──────────────────────────────────────────────────────────────────────
[TRACE] download_driving_B_2020_01_16_12_10_03_tc.csv
[HLS-SHAPER] Triggering tc-trace via /startShaping API...
[HLS-SHAPER] tc-trace.py starting in container

======================================================================
  HLS Streaming QoE Benchmark (hls.js)
======================================================================
  Server: http://localhost:8080/hls.html?manifest=http://localhost:8080/hls/master.m3u8
======================================================================

[TRACE] Loaded 384 entries with bandwidth
[BROWSER] Launching headless Chromium...
[BROWSER] Waiting for playback to start...
   Startup delay: 1171ms

[PLAYBACK] Collecting metrics...
   t=10s | buffer: 25.0s | bitrate: 3300 kbps | tp: 241673 kbps | trace_bw: 241673 kbps
   t=20s | buffer: 31.8s | bitrate: 4950 kbps | tp: 19584 kbps | trace_bw: 19584 kbps
   t=30s | buffer: 29.6s | bitrate: 4950 kbps | tp: 189388 kbps | trace_bw: 189388 kbps
   t=41s | buffer: 31.5s | bitrate: 4950 kbps | tp: 185658 kbps | trace_bw: 185658 kbps
   t=51s | buffer: 21.3s | bitrate: 4950 kbps | tp: 20731 kbps | trace_bw: 20731 kbps
   t=61s | buffer: 31.2s | bitrate: 4950 kbps | tp: 8851 kbps | trace_bw: 8851 kbps
   t=71s | buffer: 29.0s | bitrate: 4950 kbps | tp: 213904 kbps | trace_bw: 213904 kbps
   t=81s | buffer: 30.9s | bitrate: 4950 kbps | tp: 107980 kbps | trace_bw: 107980 kbps
   t=91s | buffer: 32.7s | bitrate: 4950 kbps | tp: 144022 kbps | trace_bw: 144022 kbps
   t=101s | buffer: 30.6s | bitrate: 4950 kbps | tp: 1 kbps | trace_bw: 1 kbps
   t=112s | buffer: 28.4s | bitrate: 4950 kbps | tp: 326388 kbps | trace_bw: 326388 kbps

======================================================================
  BENCHMARK RESULTS (HLS / hls.js)
======================================================================

  [TIMING]
      Startup delay:     1,171 ms
      Playback time:     120.3 s

  [BITRATE]
      Average (selected):  4,473 kbps
      Average (effective): 4,454 kbps
      Min / Max:           110 / 4,950 kbps
      Median:              4,950 kbps
      Std deviation:       1,226.3 kbps
      Variance:            1,503,895.6
      25th/75th %ile:      4,950 / 4,950 kbps

  [SWITCHES]
      Total count:       5
      Up / Down:         4 / 1
      Avg magnitude:     2,838 kbps

  [REBUFFERING]
      Events:            1
      Total time:        519 ms
      Ratio:             0.4296%
      Frequency:         0.499 per minute
      Avg duration:      519 ms
      Max duration:      519 ms

  [THROUGHPUT]
      Average:           124,440 kbps
      Median:            105,567 kbps
      Min / Max:         0 / 334,705 kbps
      Std deviation:     104,067.4 kbps

  [AVAILABLE BW (trace)]
      Average:           124,440 kbps
      Min / Max:         0 / 334,705 kbps
      Utilisation:       84.8%

  [BUFFER]
      Average level:     27.5 s
      Min / Max:         0.0 / 33.2 s

  [UTILIZATION]
      Bandwidth:         4.2%

======================================================================

[SAVED] results/results/run_all_20260525_151403/hls_5g-ireland/benchmark_hls_download_driving_B_2020_01_16_12_10_03_tc_20260525_224433.json

──────────────────────────────────────────────────────────────────────
  [39/83] download_driving_B_2020_02_13_13_03_24_tc.csv
──────────────────────────────────────────────────────────────────────
[TRACE] download_driving_B_2020_02_13_13_03_24_tc.csv
[HLS-SHAPER] Triggering tc-trace via /startShaping API...
[HLS-SHAPER] tc-trace.py starting in container

======================================================================
  HLS Streaming QoE Benchmark (hls.js)
======================================================================
  Server: http://localhost:8080/hls.html?manifest=http://localhost:8080/hls/master.m3u8
======================================================================

[TRACE] Loaded 2468 entries with bandwidth
[BROWSER] Launching headless Chromium...
[BROWSER] Waiting for playback to start...
   Startup delay: 1001ms

[PLAYBACK] Collecting metrics...
   t=10s | buffer: 10.0s | bitrate: 3300 kbps | tp: 10414 kbps | trace_bw: 10414 kbps
   t=20s | buffer: 15.9s | bitrate: 4950 kbps | tp: 5206 kbps | trace_bw: 5206 kbps
   t=30s | buffer: 29.7s | bitrate: 3300 kbps | tp: 14651 kbps | trace_bw: 14651 kbps
   t=41s | buffer: 27.6s | bitrate: 4950 kbps | tp: 11188 kbps | trace_bw: 11188 kbps
   t=51s | buffer: 25.5s | bitrate: 4950 kbps | tp: 4205 kbps | trace_bw: 4205 kbps
   t=61s | buffer: 23.3s | bitrate: 4950 kbps | tp: 1 kbps | trace_bw: 1 kbps
   t=71s | buffer: 13.2s | bitrate: 4950 kbps | tp: 16074 kbps | trace_bw: 16074 kbps
   t=81s | buffer: 7.1s | bitrate: 4950 kbps | tp: 8815 kbps | trace_bw: 8815 kbps
   t=91s | buffer: 4.9s | bitrate: 2200 kbps | tp: 9771 kbps | trace_bw: 9771 kbps
   t=101s | buffer: 30.8s | bitrate: 440 kbps | tp: 13255 kbps | trace_bw: 13255 kbps
   t=112s | buffer: 28.6s | bitrate: 880 kbps | tp: 17330 kbps | trace_bw: 17330 kbps

======================================================================
  BENCHMARK RESULTS (HLS / hls.js)
======================================================================

  [TIMING]
      Startup delay:     1,001 ms
      Playback time:     120.1 s

  [BITRATE]
      Average (selected):  3,516 kbps
      Average (effective): 3,500 kbps
      Min / Max:           220 / 4,950 kbps
      Median:              4,950 kbps
      Std deviation:       1,797.7 kbps
      Variance:            3,231,896.6
      25th/75th %ile:      2,200 / 4,950 kbps

  [SWITCHES]
      Total count:       11
      Up / Down:         7 / 4
      Avg magnitude:     1,860 kbps

  [REBUFFERING]
      Events:            2
      Total time:        576 ms
      Ratio:             0.4774%
      Frequency:         0.999 per minute
      Avg duration:      288 ms
      Max duration:      475 ms

  [THROUGHPUT]
      Average:           8,543 kbps
      Median:            8,537 kbps
      Min / Max:         0 / 21,587 kbps
      Std deviation:     5,446.7 kbps

  [AVAILABLE BW (trace)]
      Average:           8,543 kbps
      Min / Max:         0 / 21,587 kbps
      Utilisation:       99.9%

  [BUFFER]
      Average level:     20.2 s
      Min / Max:         0.0 / 33.1 s

  [UTILIZATION]
      Bandwidth:         41.2%

======================================================================

[SAVED] results/results/run_all_20260525_151403/hls_5g-ireland/benchmark_hls_download_driving_B_2020_02_13_13_03_24_tc_20260525_224638.json

──────────────────────────────────────────────────────────────────────
  [40/83] download_driving_B_2020_02_13_15_02_01_tc.csv
──────────────────────────────────────────────────────────────────────
[TRACE] download_driving_B_2020_02_13_15_02_01_tc.csv
[HLS-SHAPER] Triggering tc-trace via /startShaping API...
[HLS-SHAPER] tc-trace.py starting in container

======================================================================
  HLS Streaming QoE Benchmark (hls.js)
======================================================================
  Server: http://localhost:8080/hls.html?manifest=http://localhost:8080/hls/master.m3u8
======================================================================

[TRACE] Loaded 3574 entries with bandwidth
[BROWSER] Launching headless Chromium...
[BROWSER] Waiting for playback to start...
   Startup delay: 2693ms

[PLAYBACK] Collecting metrics...
   t=10s | buffer: 29.9s | bitrate: 660 kbps | tp: 75617 kbps | trace_bw: 75617 kbps
   t=20s | buffer: 31.8s | bitrate: 2200 kbps | tp: 3 kbps | trace_bw: 3 kbps
   t=30s | buffer: 29.6s | bitrate: 4950 kbps | tp: 103654 kbps | trace_bw: 103654 kbps
   t=41s | buffer: 31.5s | bitrate: 4950 kbps | tp: 86135 kbps | trace_bw: 86135 kbps
   t=51s | buffer: 21.3s | bitrate: 4950 kbps | tp: 124658 kbps | trace_bw: 124658 kbps
   t=61s | buffer: 11.2s | bitrate: 4950 kbps | tp: 88433 kbps | trace_bw: 88433 kbps
   t=71s | buffer: 17.1s | bitrate: 4950 kbps | tp: 47896 kbps | trace_bw: 47896 kbps
   t=81s | buffer: 30.9s | bitrate: 4950 kbps | tp: 63866 kbps | trace_bw: 63866 kbps
   t=91s | buffer: 28.8s | bitrate: 4950 kbps | tp: 11714 kbps | trace_bw: 11714 kbps
   t=101s | buffer: 26.6s | bitrate: 4950 kbps | tp: 110704 kbps | trace_bw: 110704 kbps
   t=112s | buffer: 32.5s | bitrate: 4950 kbps | tp: 256540 kbps | trace_bw: 256540 kbps

======================================================================
  BENCHMARK RESULTS (HLS / hls.js)
======================================================================

  [TIMING]
      Startup delay:     2,693 ms
      Playback time:     120.2 s

  [BITRATE]
      Average (selected):  3,986 kbps
      Average (effective): 3,916 kbps
      Min / Max:           440 / 4,950 kbps
      Median:              4,950 kbps
      Std deviation:       1,672.7 kbps
      Variance:            2,798,071.2
      25th/75th %ile:      3,300 / 4,950 kbps

  [SWITCHES]
      Total count:       8
      Up / Down:         7 / 1
      Avg magnitude:     1,691 kbps

  [REBUFFERING]
      Events:            1
      Total time:        2,123 ms
      Ratio:             1.7354%
      Frequency:         0.499 per minute
      Avg duration:      2,123 ms
      Max duration:      2,123 ms

  [THROUGHPUT]
      Average:           80,018 kbps
      Median:            80,987 kbps
      Min / Max:         0 / 264,295 kbps
      Std deviation:     60,578.9 kbps

  [AVAILABLE BW (trace)]
      Average:           80,018 kbps
      Min / Max:         0 / 264,295 kbps
      Utilisation:       101.2%

  [BUFFER]
      Average level:     25.8 s
      Min / Max:         0.0 / 33.2 s

  [UTILIZATION]
      Bandwidth:         4.9%

======================================================================

[SAVED] results/results/run_all_20260525_151403/hls_5g-ireland/benchmark_hls_download_driving_B_2020_02_13_15_02_01_tc_20260525_224843.json

──────────────────────────────────────────────────────────────────────
  [41/83] download_driving_B_2020_02_14_07_29_00_tc.csv
──────────────────────────────────────────────────────────────────────
[TRACE] download_driving_B_2020_02_14_07_29_00_tc.csv
[HLS-SHAPER] Triggering tc-trace via /startShaping API...
[HLS-SHAPER] tc-trace.py starting in container

======================================================================
  HLS Streaming QoE Benchmark (hls.js)
======================================================================
  Server: http://localhost:8080/hls.html?manifest=http://localhost:8080/hls/master.m3u8
======================================================================

[TRACE] Loaded 2139 entries with bandwidth
[BROWSER] Launching headless Chromium...
[BROWSER] Waiting for playback to start...
   Startup delay: 1022ms

[PLAYBACK] Collecting metrics...
   t=10s | buffer: 0.0s | bitrate: 440 kbps | tp: 13071 kbps | trace_bw: 13071 kbps
   t=20s | buffer: 0.0s | bitrate: 440 kbps | tp: 9149 kbps | trace_bw: 9149 kbps
   t=30s | buffer: 0.0s | bitrate: 440 kbps | tp: 11306 kbps | trace_bw: 11306 kbps
   t=41s | buffer: 9.2s | bitrate: 660 kbps | tp: 24773 kbps | trace_bw: 24773 kbps
   t=51s | buffer: 23.1s | bitrate: 4950 kbps | tp: 17464 kbps | trace_bw: 17464 kbps
   t=61s | buffer: 32.9s | bitrate: 4950 kbps | tp: 0 kbps | trace_bw: 0 kbps
   t=71s | buffer: 30.8s | bitrate: 4950 kbps | tp: 12071 kbps | trace_bw: 12071 kbps
   t=81s | buffer: 28.6s | bitrate: 4950 kbps | tp: 19796 kbps | trace_bw: 19796 kbps
   t=91s | buffer: 22.5s | bitrate: 4950 kbps | tp: 15701 kbps | trace_bw: 15701 kbps
   t=101s | buffer: 16.3s | bitrate: 4950 kbps | tp: 12263 kbps | trace_bw: 12263 kbps
   t=112s | buffer: 26.2s | bitrate: 4950 kbps | tp: 161665 kbps | trace_bw: 161665 kbps

======================================================================
  BENCHMARK RESULTS (HLS / hls.js)
======================================================================

  [TIMING]
      Startup delay:     1,022 ms
      Playback time:     86.5 s

  [BITRATE]
      Average (selected):  3,202 kbps
      Average (effective): 2,293 kbps
      Min / Max:           110 / 4,950 kbps
      Median:              4,950 kbps
      Std deviation:       2,179.8 kbps
      Variance:            4,751,528.0
      25th/75th %ile:      440 / 4,950 kbps

  [SWITCHES]
      Total count:       4
      Up / Down:         3 / 1
      Avg magnitude:     3,135 kbps

  [REBUFFERING]
      Events:            3
      Total time:        34,302 ms
      Ratio:             28.3863%
      Frequency:         2.080 per minute
      Avg duration:      11,434 ms
      Max duration:      33,823 ms

  [THROUGHPUT]
      Average:           31,364 kbps
      Median:            15,682 kbps
      Min / Max:         0 / 161,665 kbps
      Std deviation:     44,742.7 kbps

  [AVAILABLE BW (trace)]
      Average:           31,364 kbps
      Min / Max:         0 / 161,665 kbps
      Utilisation:       50.0%

  [BUFFER]
      Average level:     16.1 s
      Min / Max:         0.0 / 33.0 s

  [UTILIZATION]
      Bandwidth:         20.4%

======================================================================

[SAVED] results/results/run_all_20260525_151403/hls_5g-ireland/benchmark_hls_download_driving_B_2020_02_14_07_29_00_tc_20260525_225049.json

──────────────────────────────────────────────────────────────────────
  [42/83] download_driving_B_2020_02_14_09_38_22_tc.csv
──────────────────────────────────────────────────────────────────────
[TRACE] download_driving_B_2020_02_14_09_38_22_tc.csv
[HLS-SHAPER] Triggering tc-trace via /startShaping API...
[HLS-SHAPER] tc-trace.py starting in container

======================================================================
  HLS Streaming QoE Benchmark (hls.js)
======================================================================
  Server: http://localhost:8080/hls.html?manifest=http://localhost:8080/hls/master.m3u8
======================================================================

[TRACE] Loaded 1646 entries with bandwidth
[BROWSER] Launching headless Chromium...
[BROWSER] Waiting for playback to start...
   Startup delay: 1764ms

[PLAYBACK] Collecting metrics...
   t=10s | buffer: 0.0s | bitrate: 440 kbps | tp: 9125 kbps | trace_bw: 9125 kbps
   t=20s | buffer: 13.5s | bitrate: 2200 kbps | tp: 4183 kbps | trace_bw: 4183 kbps
   t=30s | buffer: 11.3s | bitrate: 2200 kbps | tp: 1807 kbps | trace_bw: 1807 kbps
   t=41s | buffer: 1.2s | bitrate: 3300 kbps | tp: 4326 kbps | trace_bw: 4326 kbps
   t=51s | buffer: 17.8s | bitrate: 880 kbps | tp: 1894 kbps | trace_bw: 1894 kbps
   t=61s | buffer: 27.6s | bitrate: 1650 kbps | tp: 7125 kbps | trace_bw: 7125 kbps
   t=71s | buffer: 29.5s | bitrate: 3300 kbps | tp: 5370 kbps | trace_bw: 5370 kbps
   t=81s | buffer: 31.3s | bitrate: 4950 kbps | tp: 6307 kbps | trace_bw: 6307 kbps
   t=91s | buffer: 29.2s | bitrate: 4950 kbps | tp: 489 kbps | trace_bw: 489 kbps
   t=101s | buffer: 27.1s | bitrate: 4950 kbps | tp: 5777 kbps | trace_bw: 5777 kbps
   t=112s | buffer: 28.9s | bitrate: 4950 kbps | tp: 8941 kbps | trace_bw: 8941 kbps

======================================================================
  BENCHMARK RESULTS (HLS / hls.js)
======================================================================

  [TIMING]
      Startup delay:     1,764 ms
      Playback time:     107.8 s

  [BITRATE]
      Average (selected):  2,868 kbps
      Average (effective): 2,553 kbps
      Min / Max:           110 / 4,950 kbps
      Median:              3,300 kbps
      Std deviation:       1,748.7 kbps
      Variance:            3,057,803.6
      25th/75th %ile:      1,650 / 4,950 kbps

  [SWITCHES]
      Total count:       10
      Up / Down:         7 / 3
      Avg magnitude:     1,430 kbps

  [REBUFFERING]
      Events:            5
      Total time:        13,322 ms
      Ratio:             11.0011%
      Frequency:         2.784 per minute
      Avg duration:      2,664 ms
      Max duration:      9,806 ms

  [THROUGHPUT]
      Average:           6,179 kbps
      Median:            5,973 kbps
      Min / Max:         0 / 20,801 kbps
      Std deviation:     4,407.7 kbps

  [AVAILABLE BW (trace)]
      Average:           6,179 kbps
      Min / Max:         0 / 20,801 kbps
      Utilisation:       96.7%

  [BUFFER]
      Average level:     19.1 s
      Min / Max:         0.0 / 32.8 s

  [UTILIZATION]
      Bandwidth:         48.0%

======================================================================

[SAVED] results/results/run_all_20260525_151403/hls_5g-ireland/benchmark_hls_download_driving_B_2020_02_14_09_38_22_tc_20260525_225258.json

──────────────────────────────────────────────────────────────────────
  [43/83] download_driving_B_2020_02_14_12_58_17_tc.csv
──────────────────────────────────────────────────────────────────────
[TRACE] download_driving_B_2020_02_14_12_58_17_tc.csv
[HLS-SHAPER] Triggering tc-trace via /startShaping API...
[HLS-SHAPER] tc-trace.py starting in container

======================================================================
  HLS Streaming QoE Benchmark (hls.js)
======================================================================
  Server: http://localhost:8080/hls.html?manifest=http://localhost:8080/hls/master.m3u8
======================================================================

[TRACE] Loaded 960 entries with bandwidth
[BROWSER] Launching headless Chromium...
[BROWSER] Waiting for playback to start...
   Startup delay: 1395ms

[PLAYBACK] Collecting metrics...
   t=10s | buffer: 0.0s | bitrate: 440 kbps | tp: 11018 kbps | trace_bw: 11018 kbps
   t=20s | buffer: 0.0s | bitrate: 440 kbps | tp: 13201 kbps | trace_bw: 13201 kbps
   t=30s | buffer: 22.7s | bitrate: 2200 kbps | tp: 14805 kbps | trace_bw: 14805 kbps
   t=41s | buffer: 28.6s | bitrate: 4950 kbps | tp: 22540 kbps | trace_bw: 22540 kbps
   t=51s | buffer: 30.4s | bitrate: 4950 kbps | tp: 14510 kbps | trace_bw: 14510 kbps
   t=61s | buffer: 28.3s | bitrate: 4950 kbps | tp: 875 kbps | trace_bw: 875 kbps
   t=71s | buffer: 22.1s | bitrate: 4950 kbps | tp: 1182 kbps | trace_bw: 1182 kbps
   t=81s | buffer: 12.0s | bitrate: 4950 kbps | tp: 23 kbps | trace_bw: 23 kbps
   t=91s | buffer: 1.9s | bitrate: 4950 kbps | tp: 21100 kbps | trace_bw: 21100 kbps
   t=101s | buffer: 0.0s | bitrate: 4950 kbps | tp: 5145 kbps | trace_bw: 5145 kbps
   t=112s | buffer: 4.6s | bitrate: 3300 kbps | tp: 5821 kbps | trace_bw: 5821 kbps

======================================================================
  BENCHMARK RESULTS (HLS / hls.js)
======================================================================

  [TIMING]
      Startup delay:     1,395 ms
      Playback time:     88.1 s

  [BITRATE]
      Average (selected):  3,504 kbps
      Average (effective): 2,544 kbps
      Min / Max:           110 / 4,950 kbps
      Median:              4,950 kbps
      Std deviation:       1,832.0 kbps
      Variance:            3,356,099.3
      25th/75th %ile:      2,200 / 4,950 kbps

  [SWITCHES]
      Total count:       4
      Up / Down:         2 / 2
      Avg magnitude:     1,705 kbps

  [REBUFFERING]
      Events:            5
      Total time:        33,216 ms
      Ratio:             27.3889%
      Frequency:         3.407 per minute
      Avg duration:      7,255 ms
      Max duration:      17,222 ms

  [THROUGHPUT]
      Average:           8,142 kbps
      Median:            7,243 kbps
      Min / Max:         0 / 32,863 kbps
      Std deviation:     7,434.9 kbps

  [AVAILABLE BW (trace)]
      Average:           8,142 kbps
      Min / Max:         0 / 32,863 kbps
      Utilisation:       89.0%

  [BUFFER]
      Average level:     13.3 s
      Min / Max:         0.0 / 32.5 s

  [UTILIZATION]
      Bandwidth:         48.4%

======================================================================

[SAVED] results/results/run_all_20260525_151403/hls_5g-ireland/benchmark_hls_download_driving_B_2020_02_14_12_58_17_tc_20260525_225503.json

──────────────────────────────────────────────────────────────────────
  [44/83] download_driving_B_2020_02_27_17_30_15_tc.csv
──────────────────────────────────────────────────────────────────────
[TRACE] download_driving_B_2020_02_27_17_30_15_tc.csv
[HLS-SHAPER] Triggering tc-trace via /startShaping API...
[HLS-SHAPER] tc-trace.py starting in container

======================================================================
  HLS Streaming QoE Benchmark (hls.js)
======================================================================
  Server: http://localhost:8080/hls.html?manifest=http://localhost:8080/hls/master.m3u8
======================================================================

[TRACE] Loaded 866 entries with bandwidth
[BROWSER] Launching headless Chromium...
[BROWSER] Waiting for playback to start...
   Startup delay: 2320ms

[PLAYBACK] Collecting metrics...
   t=10s | buffer: 13.9s | bitrate: 4950 kbps | tp: 12607 kbps | trace_bw: 12607 kbps
   t=20s | buffer: 19.8s | bitrate: 4950 kbps | tp: 2075 kbps | trace_bw: 2075 kbps
   t=30s | buffer: 25.6s | bitrate: 4950 kbps | tp: 5150 kbps | trace_bw: 5150 kbps
   t=41s | buffer: 15.5s | bitrate: 3300 kbps | tp: 4481 kbps | trace_bw: 4481 kbps
   t=51s | buffer: 5.4s | bitrate: 3300 kbps | tp: 2 kbps | trace_bw: 2 kbps
   t=61s | buffer: 31.2s | bitrate: 220 kbps | tp: 6179 kbps | trace_bw: 6179 kbps
   t=71s | buffer: 33.1s | bitrate: 440 kbps | tp: 8110 kbps | trace_bw: 8110 kbps
   t=81s | buffer: 30.9s | bitrate: 880 kbps | tp: 5412 kbps | trace_bw: 5412 kbps
   t=91s | buffer: 28.8s | bitrate: 1320 kbps | tp: 1 kbps | trace_bw: 1 kbps
   t=101s | buffer: 26.6s | bitrate: 1320 kbps | tp: 3775 kbps | trace_bw: 3775 kbps
   t=112s | buffer: 16.5s | bitrate: 1650 kbps | tp: 1438 kbps | trace_bw: 1438 kbps

======================================================================
  BENCHMARK RESULTS (HLS / hls.js)
======================================================================

  [TIMING]
      Startup delay:     2,320 ms
      Playback time:     120.2 s

  [BITRATE]
      Average (selected):  2,398 kbps
      Average (effective): 2,389 kbps
      Min / Max:           220 / 4,950 kbps
      Median:              1,650 kbps
      Std deviation:       1,716.0 kbps
      Variance:            2,944,656.0
      25th/75th %ile:      880 / 3,300 kbps

  [SWITCHES]
      Total count:       8
      Up / Down:         6 / 2
      Avg magnitude:     1,402 kbps

  [REBUFFERING]
      Events:            1
      Total time:        476 ms
      Ratio:             0.3945%
      Frequency:         0.499 per minute
      Avg duration:      476 ms
      Max duration:      476 ms

  [THROUGHPUT]
      Average:           4,368 kbps
      Median:            3,880 kbps
      Min / Max:         0 / 14,294 kbps
      Std deviation:     3,402.4 kbps

  [AVAILABLE BW (trace)]
      Average:           4,368 kbps
      Min / Max:         0 / 14,294 kbps
      Utilisation:       88.8%

  [BUFFER]
      Average level:     22.1 s
      Min / Max:         0.0 / 33.2 s

  [UTILIZATION]
      Bandwidth:         61.8%

======================================================================

[SAVED] results/results/run_all_20260525_151403/hls_5g-ireland/benchmark_hls_download_driving_B_2020_02_27_17_30_15_tc_20260525_225709.json

──────────────────────────────────────────────────────────────────────
  [45/83] download_driving_B_2020_02_27_20_35_57_tc.csv
──────────────────────────────────────────────────────────────────────
[TRACE] download_driving_B_2020_02_27_20_35_57_tc.csv
[HLS-SHAPER] Triggering tc-trace via /startShaping API...
[HLS-SHAPER] tc-trace.py starting in container

======================================================================
  HLS Streaming QoE Benchmark (hls.js)
======================================================================
  Server: http://localhost:8080/hls.html?manifest=http://localhost:8080/hls/master.m3u8
======================================================================

[TRACE] Loaded 858 entries with bandwidth
[BROWSER] Launching headless Chromium...
[BROWSER] Waiting for playback to start...
   Startup delay: 1481ms

[PLAYBACK] Collecting metrics...
   t=10s | buffer: 13.9s | bitrate: 4950 kbps | tp: 8819 kbps | trace_bw: 8819 kbps
   t=20s | buffer: 31.8s | bitrate: 4950 kbps | tp: 11 kbps | trace_bw: 11 kbps
   t=30s | buffer: 29.6s | bitrate: 4950 kbps | tp: 104863 kbps | trace_bw: 104863 kbps
   t=41s | buffer: 31.5s | bitrate: 4950 kbps | tp: 104252 kbps | trace_bw: 104252 kbps
   t=51s | buffer: 29.3s | bitrate: 4950 kbps | tp: 20866 kbps | trace_bw: 20866 kbps
   t=61s | buffer: 27.2s | bitrate: 4950 kbps | tp: 18775 kbps | trace_bw: 18775 kbps
   t=71s | buffer: 25.0s | bitrate: 4950 kbps | tp: 20710 kbps | trace_bw: 20710 kbps
   t=81s | buffer: 30.9s | bitrate: 4950 kbps | tp: 31927 kbps | trace_bw: 31927 kbps
   t=91s | buffer: 28.7s | bitrate: 110 kbps | tp: 18470 kbps | trace_bw: 18470 kbps
   t=101s | buffer: 26.6s | bitrate: 4950 kbps | tp: 158001 kbps | trace_bw: 158001 kbps
   t=112s | buffer: 32.5s | bitrate: 4950 kbps | tp: 164238 kbps | trace_bw: 164238 kbps

======================================================================
  BENCHMARK RESULTS (HLS / hls.js)
======================================================================

  [TIMING]
      Startup delay:     1,481 ms
      Playback time:     120.2 s

  [BITRATE]
      Average (selected):  4,528 kbps
      Average (effective): 4,505 kbps
      Min / Max:           110 / 4,950 kbps
      Median:              4,950 kbps
      Std deviation:       1,209.4 kbps
      Variance:            1,462,553.9
      25th/75th %ile:      4,950 / 4,950 kbps

  [SWITCHES]
      Total count:       5
      Up / Down:         4 / 1
      Avg magnitude:     2,838 kbps

  [REBUFFERING]
      Events:            1
      Total time:        636 ms
      Ratio:             0.5261%
      Frequency:         0.499 per minute
      Avg duration:      636 ms
      Max duration:      636 ms

  [THROUGHPUT]
      Average:           62,614 kbps
      Median:            31,281 kbps
      Min / Max:         0 / 189,814 kbps
      Std deviation:     59,352.1 kbps

  [AVAILABLE BW (trace)]
      Average:           62,614 kbps
      Min / Max:         0 / 189,814 kbps
      Utilisation:       50.0%

  [BUFFER]
      Average level:     27.7 s
      Min / Max:         0.0 / 33.3 s

  [UTILIZATION]
      Bandwidth:         14.5%

======================================================================

[SAVED] results/results/run_all_20260525_151403/hls_5g-ireland/benchmark_hls_download_driving_B_2020_02_27_20_35_57_tc_20260525_225915.json

──────────────────────────────────────────────────────────────────────
  [46/83] download_static_B_2019_12_16_13_40_04_tc.csv
──────────────────────────────────────────────────────────────────────
[TRACE] download_static_B_2019_12_16_13_40_04_tc.csv
[HLS-SHAPER] Triggering tc-trace via /startShaping API...
[HLS-SHAPER] tc-trace.py starting in container

======================================================================
  HLS Streaming QoE Benchmark (hls.js)
======================================================================
  Server: http://localhost:8080/hls.html?manifest=http://localhost:8080/hls/master.m3u8
======================================================================

[TRACE] Loaded 2143 entries with bandwidth
[BROWSER] Launching headless Chromium...
[BROWSER] Waiting for playback to start...
   Startup delay: 999ms

[PLAYBACK] Collecting metrics...
   t=10s | buffer: 29.9s | bitrate: 4950 kbps | tp: 45685 kbps | trace_bw: 45685 kbps
   t=20s | buffer: 23.8s | bitrate: 4950 kbps | tp: 21940 kbps | trace_bw: 21940 kbps
   t=30s | buffer: 21.6s | bitrate: 4950 kbps | tp: 279678 kbps | trace_bw: 279678 kbps
   t=41s | buffer: 31.5s | bitrate: 4950 kbps | tp: 203437 kbps | trace_bw: 203437 kbps
   t=51s | buffer: 21.3s | bitrate: 3300 kbps | tp: 23720 kbps | trace_bw: 23720 kbps
   t=61s | buffer: 15.2s | bitrate: 4950 kbps | tp: 2 kbps | trace_bw: 2 kbps
   t=71s | buffer: 13.0s | bitrate: 4950 kbps | tp: 19764 kbps | trace_bw: 19764 kbps
   t=81s | buffer: 30.9s | bitrate: 2200 kbps | tp: 187045 kbps | trace_bw: 187045 kbps
   t=91s | buffer: 28.8s | bitrate: 2200 kbps | tp: 240129 kbps | trace_bw: 240129 kbps
   t=101s | buffer: 30.6s | bitrate: 3300 kbps | tp: 18710 kbps | trace_bw: 18710 kbps
   t=112s | buffer: 28.5s | bitrate: 4950 kbps | tp: 223592 kbps | trace_bw: 223592 kbps

======================================================================
  BENCHMARK RESULTS (HLS / hls.js)
======================================================================

  [TIMING]
      Startup delay:     999 ms
      Playback time:     120.2 s

  [BITRATE]
      Average (selected):  3,747 kbps
      Average (effective): 3,733 kbps
      Min / Max:           110 / 4,950 kbps
      Median:              4,950 kbps
      Std deviation:       1,572.4 kbps
      Variance:            2,472,379.6
      25th/75th %ile:      2,200 / 4,950 kbps

  [SWITCHES]
      Total count:       8
      Up / Down:         6 / 2
      Avg magnitude:     2,956 kbps

  [REBUFFERING]
      Events:            1
      Total time:        469 ms
      Ratio:             0.3885%
      Frequency:         0.499 per minute
      Avg duration:      469 ms
      Max duration:      469 ms

  [THROUGHPUT]
      Average:           98,144 kbps
      Median:            40,424 kbps
      Min / Max:         0 / 279,678 kbps
      Std deviation:     90,860.6 kbps

  [AVAILABLE BW (trace)]
      Average:           98,144 kbps
      Min / Max:         0 / 279,678 kbps
      Utilisation:       41.2%

  [BUFFER]
      Average level:     24.4 s
      Min / Max:         0.0 / 33.0 s

  [UTILIZATION]
      Bandwidth:         9.3%

======================================================================

[SAVED] results/results/run_all_20260525_151403/hls_5g-ireland/benchmark_hls_download_static_B_2019_12_16_13_40_04_tc_20260525_230120.json

──────────────────────────────────────────────────────────────────────
  [47/83] download_static_B_2020_01_16_10_43_34_tc.csv
──────────────────────────────────────────────────────────────────────
[TRACE] download_static_B_2020_01_16_10_43_34_tc.csv
[HLS-SHAPER] Triggering tc-trace via /startShaping API...
[HLS-SHAPER] Warning: could not reach /startShaping: HTTPConnectionPool(host='localhost', port=8080): Read timed out. (read timeout=5)

======================================================================
  HLS Streaming QoE Benchmark (hls.js)
======================================================================
  Server: http://localhost:8080/hls.html?manifest=http://localhost:8080/hls/master.m3u8
======================================================================

[TRACE] Loaded 3322 entries with bandwidth
[BROWSER] Launching headless Chromium...
[BROWSER] Waiting for playback to start...
   Startup delay: 7764ms

[PLAYBACK] Collecting metrics...
   t=10s | buffer: 9.9s | bitrate: 4950 kbps | tp: 133037 kbps | trace_bw: 133037 kbps
   t=20s | buffer: 3.8s | bitrate: 2200 kbps | tp: 8183 kbps | trace_bw: 8183 kbps
   t=30s | buffer: 29.6s | bitrate: 4950 kbps | tp: 68214 kbps | trace_bw: 68214 kbps
   t=41s | buffer: 31.5s | bitrate: 4950 kbps | tp: 20543 kbps | trace_bw: 20543 kbps
   t=51s | buffer: 29.4s | bitrate: 4950 kbps | tp: 21212 kbps | trace_bw: 21212 kbps
   t=61s | buffer: 31.2s | bitrate: 4950 kbps | tp: 21667 kbps | trace_bw: 21667 kbps
   t=71s | buffer: 29.1s | bitrate: 4950 kbps | tp: 11362 kbps | trace_bw: 11362 kbps
   t=81s | buffer: 30.9s | bitrate: 4950 kbps | tp: 100073 kbps | trace_bw: 100073 kbps
   t=91s | buffer: 32.8s | bitrate: 4950 kbps | tp: 22342 kbps | trace_bw: 22342 kbps
   t=101s | buffer: 30.7s | bitrate: 4950 kbps | tp: 11361 kbps | trace_bw: 11361 kbps
   t=112s | buffer: 20.5s | bitrate: 4950 kbps | tp: 18839 kbps | trace_bw: 18839 kbps

======================================================================
  BENCHMARK RESULTS (HLS / hls.js)
======================================================================

  [TIMING]
      Startup delay:     7,764 ms
      Playback time:     120.2 s

  [BITRATE]
      Average (selected):  4,616 kbps
      Average (effective): 4,598 kbps
      Min / Max:           440 / 4,950 kbps
      Median:              4,950 kbps
      Std deviation:       1,034.8 kbps
      Variance:            1,070,836.6
      25th/75th %ile:      4,950 / 4,950 kbps

  [SWITCHES]
      Total count:       5
      Up / Down:         3 / 2
      Avg magnitude:     3,102 kbps

  [REBUFFERING]
      Events:            1
      Total time:        479 ms
      Ratio:             0.3970%
      Frequency:         0.499 per minute
      Avg duration:      479 ms
      Max duration:      479 ms

  [THROUGHPUT]
      Average:           38,700 kbps
      Median:            20,543 kbps
      Min / Max:         0 / 168,763 kbps
      Std deviation:     47,375.6 kbps

  [AVAILABLE BW (trace)]
      Average:           38,700 kbps
      Min / Max:         0 / 168,763 kbps
      Utilisation:       53.1%

  [BUFFER]
      Average level:     24.7 s
      Min / Max:         0.0 / 33.1 s

  [UTILIZATION]
      Bandwidth:         22.5%

======================================================================

[SAVED] results/results/run_all_20260525_151403/hls_5g-ireland/benchmark_hls_download_static_B_2020_01_16_10_43_34_tc_20260525_230330.json

──────────────────────────────────────────────────────────────────────
  [48/83] download_static_B_2020_02_13_13_57_29_tc.csv
──────────────────────────────────────────────────────────────────────
[TRACE] download_static_B_2020_02_13_13_57_29_tc.csv
[HLS-SHAPER] Triggering tc-trace via /startShaping API...
[HLS-SHAPER] Warning: could not reach /startShaping: HTTPConnectionPool(host='localhost', port=8080): Read timed out. (read timeout=5)

======================================================================
  HLS Streaming QoE Benchmark (hls.js)
======================================================================
  Server: http://localhost:8080/hls.html?manifest=http://localhost:8080/hls/master.m3u8
======================================================================

[TRACE] Loaded 3148 entries with bandwidth
[BROWSER] Launching headless Chromium...
[BROWSER] Waiting for playback to start...
   Startup delay: 14143ms

[PLAYBACK] Collecting metrics...
   t=10s | buffer: 5.9s | bitrate: 4950 kbps | tp: 19750 kbps | trace_bw: 19750 kbps
   t=20s | buffer: 27.8s | bitrate: 4950 kbps | tp: 19546 kbps | trace_bw: 19546 kbps
   t=30s | buffer: 29.6s | bitrate: 4950 kbps | tp: 216188 kbps | trace_bw: 216188 kbps
   t=41s | buffer: 31.5s | bitrate: 4950 kbps | tp: 100156 kbps | trace_bw: 100156 kbps
   t=51s | buffer: 25.4s | bitrate: 4950 kbps | tp: 20423 kbps | trace_bw: 20423 kbps
   t=61s | buffer: 31.2s | bitrate: 4950 kbps | tp: 3 kbps | trace_bw: 3 kbps
   t=71s | buffer: 29.1s | bitrate: 4950 kbps | tp: 19478 kbps | trace_bw: 19478 kbps
   t=81s | buffer: 30.9s | bitrate: 4950 kbps | tp: 19008 kbps | trace_bw: 19008 kbps
   t=91s | buffer: 24.8s | bitrate: 4950 kbps | tp: 15982 kbps | trace_bw: 15982 kbps
   t=101s | buffer: 14.6s | bitrate: 4950 kbps | tp: 1 kbps | trace_bw: 1 kbps
   t=112s | buffer: 4.5s | bitrate: 4950 kbps | tp: 19625 kbps | trace_bw: 19625 kbps

======================================================================
  BENCHMARK RESULTS (HLS / hls.js)
======================================================================

  [TIMING]
      Startup delay:     14,143 ms
      Playback time:     120.2 s

  [BITRATE]
      Average (selected):  4,466 kbps
      Average (effective): 4,448 kbps
      Min / Max:           220 / 4,950 kbps
      Median:              4,950 kbps
      Std deviation:       1,311.3 kbps
      Variance:            1,719,490.7
      25th/75th %ile:      4,950 / 4,950 kbps

  [SWITCHES]
      Total count:       6
      Up / Down:         3 / 3
      Avg magnitude:     3,813 kbps

  [REBUFFERING]
      Events:            1
      Total time:        487 ms
      Ratio:             0.4035%
      Frequency:         0.499 per minute
      Avg duration:      487 ms
      Max duration:      487 ms

  [THROUGHPUT]
      Average:           33,803 kbps
      Median:            19,008 kbps
      Min / Max:         0 / 216,188 kbps
      Std deviation:     46,943.3 kbps

  [AVAILABLE BW (trace)]
      Average:           33,803 kbps
      Min / Max:         0 / 216,188 kbps
      Utilisation:       56.2%

  [BUFFER]
      Average level:     23.1 s
      Min / Max:         0.0 / 33.2 s

  [UTILIZATION]
      Bandwidth:         23.5%

======================================================================

[SAVED] results/results/run_all_20260525_151403/hls_5g-ireland/benchmark_hls_download_static_B_2020_02_13_13_57_29_tc_20260525_230546.json

──────────────────────────────────────────────────────────────────────
  [49/83] download_static_B_2020_02_14_13_21_26_tc.csv
──────────────────────────────────────────────────────────────────────
[TRACE] download_static_B_2020_02_14_13_21_26_tc.csv
[HLS-SHAPER] Triggering tc-trace via /startShaping API...
[HLS-SHAPER] tc-trace.py starting in container

======================================================================
  HLS Streaming QoE Benchmark (hls.js)
======================================================================
  Server: http://localhost:8080/hls.html?manifest=http://localhost:8080/hls/master.m3u8
======================================================================

[TRACE] Loaded 1013 entries with bandwidth
[BROWSER] Launching headless Chromium...
[BROWSER] Waiting for playback to start...
   Startup delay: 12292ms

[PLAYBACK] Collecting metrics...
   t=10s | buffer: 21.9s | bitrate: 4950 kbps | tp: 21208 kbps | trace_bw: 21208 kbps
   t=20s | buffer: 31.8s | bitrate: 4950 kbps | tp: 20791 kbps | trace_bw: 20791 kbps
   t=30s | buffer: 29.6s | bitrate: 4950 kbps | tp: 21119 kbps | trace_bw: 21119 kbps
   t=41s | buffer: 19.5s | bitrate: 4950 kbps | tp: 19880 kbps | trace_bw: 19880 kbps
   t=51s | buffer: 9.4s | bitrate: 4950 kbps | tp: 158790 kbps | trace_bw: 158790 kbps
   t=61s | buffer: 23.2s | bitrate: 1650 kbps | tp: 15361 kbps | trace_bw: 15361 kbps
   t=71s | buffer: 29.1s | bitrate: 2200 kbps | tp: 223919 kbps | trace_bw: 223919 kbps
   t=81s | buffer: 31.0s | bitrate: 4950 kbps | tp: 225894 kbps | trace_bw: 225894 kbps
   t=91s | buffer: 28.8s | bitrate: 4950 kbps | tp: 196772 kbps | trace_bw: 196772 kbps
   t=101s | buffer: 26.7s | bitrate: 4950 kbps | tp: 332 kbps | trace_bw: 332 kbps
   t=112s | buffer: 16.5s | bitrate: 4950 kbps | tp: 204961 kbps | trace_bw: 204961 kbps

======================================================================
  BENCHMARK RESULTS (HLS / hls.js)
======================================================================

  [TIMING]
      Startup delay:     12,292 ms
      Playback time:     120.2 s

  [BITRATE]
      Average (selected):  4,433 kbps
      Average (effective): 4,415 kbps
      Min / Max:           440 / 4,950 kbps
      Median:              4,950 kbps
      Std deviation:       1,216.4 kbps
      Variance:            1,479,547.7
      25th/75th %ile:      4,950 / 4,950 kbps

  [SWITCHES]
      Total count:       5
      Up / Down:         4 / 1
      Avg magnitude:     2,222 kbps

  [REBUFFERING]
      Events:            1
      Total time:        485 ms
      Ratio:             0.4020%
      Frequency:         0.499 per minute
      Avg duration:      485 ms
      Max duration:      485 ms

  [THROUGHPUT]
      Average:           110,447 kbps
      Median:            71,736 kbps
      Min / Max:         0 / 253,265 kbps
      Std deviation:     96,044.7 kbps

  [AVAILABLE BW (trace)]
      Average:           110,447 kbps
      Min / Max:         0 / 253,265 kbps
      Utilisation:       65.0%

  [BUFFER]
      Average level:     23.6 s
      Min / Max:         0.0 / 33.2 s

  [UTILIZATION]
      Bandwidth:         6.2%

======================================================================

[SAVED] results/results/run_all_20260525_151403/hls_5g-ireland/benchmark_hls_download_static_B_2020_02_14_13_21_26_tc_20260525_230804.json

──────────────────────────────────────────────────────────────────────
  [50/83] download_static_B_2020_02_27_18_39_27_tc.csv
──────────────────────────────────────────────────────────────────────
[TRACE] download_static_B_2020_02_27_18_39_27_tc.csv
[HLS-SHAPER] Triggering tc-trace via /startShaping API...
[HLS-SHAPER] Warning: could not reach /startShaping: HTTPConnectionPool(host='localhost', port=8080): Read timed out. (read timeout=5)

======================================================================
  HLS Streaming QoE Benchmark (hls.js)
======================================================================
  Server: http://localhost:8080/hls.html?manifest=http://localhost:8080/hls/master.m3u8
======================================================================

[TRACE] Loaded 5991 entries with bandwidth
[BROWSER] Launching headless Chromium...
[BROWSER] Waiting for playback to start...
   Startup delay: 11445ms

[PLAYBACK] Collecting metrics...
   t=10s | buffer: 17.9s | bitrate: 2200 kbps | tp: 0 kbps | trace_bw: 0 kbps
   t=20s | buffer: 31.8s | bitrate: 4950 kbps | tp: 206893 kbps | trace_bw: 206893 kbps
   t=30s | buffer: 29.6s | bitrate: 4950 kbps | tp: 20543 kbps | trace_bw: 20543 kbps
   t=41s | buffer: 31.5s | bitrate: 4950 kbps | tp: 8385 kbps | trace_bw: 8385 kbps
   t=51s | buffer: 29.3s | bitrate: 4950 kbps | tp: 183859 kbps | trace_bw: 183859 kbps
   t=61s | buffer: 31.2s | bitrate: 4950 kbps | tp: 187550 kbps | trace_bw: 187550 kbps
   t=71s | buffer: 33.0s | bitrate: 4950 kbps | tp: 221179 kbps | trace_bw: 221179 kbps
   t=81s | buffer: 30.9s | bitrate: 4950 kbps | tp: 37459 kbps | trace_bw: 37459 kbps
   t=91s | buffer: 32.7s | bitrate: 4950 kbps | tp: 162844 kbps | trace_bw: 162844 kbps
   t=101s | buffer: 30.6s | bitrate: 4950 kbps | tp: 164519 kbps | trace_bw: 164519 kbps
   t=112s | buffer: 32.4s | bitrate: 4950 kbps | tp: 271341 kbps | trace_bw: 271341 kbps

======================================================================
  BENCHMARK RESULTS (HLS / hls.js)
======================================================================

  [TIMING]
      Startup delay:     11,445 ms
      Playback time:     120.3 s

  [BITRATE]
      Average (selected):  4,508 kbps
      Average (effective): 4,478 kbps
      Min / Max:           440 / 4,950 kbps
      Median:              4,950 kbps
      Std deviation:       1,078.3 kbps
      Variance:            1,162,801.6
      25th/75th %ile:      4,950 / 4,950 kbps

  [SWITCHES]
      Total count:       3
      Up / Down:         3 / 0
      Avg magnitude:     1,503 kbps

  [REBUFFERING]
      Events:            1
      Total time:        797 ms
      Ratio:             0.6583%
      Frequency:         0.499 per minute
      Avg duration:      797 ms
      Max duration:      797 ms

  [THROUGHPUT]
      Average:           125,236 kbps
      Median:            164,666 kbps
      Min / Max:         0 / 323,677 kbps
      Std deviation:     91,270.1 kbps

  [AVAILABLE BW (trace)]
      Average:           125,236 kbps
      Min / Max:         0 / 323,677 kbps
      Utilisation:       131.5%

  [BUFFER]
      Average level:     28.5 s
      Min / Max:         0.0 / 33.2 s

  [UTILIZATION]
      Bandwidth:         2.7%

======================================================================

[SAVED] results/results/run_all_20260525_151403/hls_5g-ireland/benchmark_hls_download_static_B_2020_02_27_18_39_27_tc_20260525_231025.json

──────────────────────────────────────────────────────────────────────
  [51/83] netflix_driving_animated-rickandmorty_B_2019_11_20_16_55_16_tc.csv
──────────────────────────────────────────────────────────────────────
[TRACE] netflix_driving_animated-rickandmorty_B_2019_11_20_16_55_16_tc.csv
[HLS-SHAPER] Triggering tc-trace via /startShaping API...
[HLS-SHAPER] Warning: could not reach /startShaping: HTTPConnectionPool(host='localhost', port=8080): Read timed out. (read timeout=5)

======================================================================
  HLS Streaming QoE Benchmark (hls.js)
======================================================================
  Server: http://localhost:8080/hls.html?manifest=http://localhost:8080/hls/master.m3u8
======================================================================

[TRACE] Loaded 2541 entries with bandwidth
[BROWSER] Launching headless Chromium...
[BROWSER] Waiting for playback to start...
   Startup delay: 4087ms

[PLAYBACK] Collecting metrics...
   t=10s | buffer: 0.0s | bitrate: 440 kbps | tp: 8593 kbps | trace_bw: 8593 kbps
   t=20s | buffer: 9.7s | bitrate: 3300 kbps | tp: 7609 kbps | trace_bw: 7609 kbps
   t=30s | buffer: 7.6s | bitrate: 4950 kbps | tp: 4034 kbps | trace_bw: 4034 kbps
   t=41s | buffer: 21.5s | bitrate: 2200 kbps | tp: 0 kbps | trace_bw: 0 kbps
   t=51s | buffer: 27.3s | bitrate: 4950 kbps | tp: 2 kbps | trace_bw: 2 kbps
   t=61s | buffer: 17.2s | bitrate: 4950 kbps | tp: 0 kbps | trace_bw: 0 kbps
   t=71s | buffer: 31.1s | bitrate: 4950 kbps | tp: 0 kbps | trace_bw: 0 kbps
   t=81s | buffer: 24.9s | bitrate: 4950 kbps | tp: 0 kbps | trace_bw: 0 kbps
   t=91s | buffer: 30.8s | bitrate: 2200 kbps | tp: 0 kbps | trace_bw: 0 kbps
   t=101s | buffer: 32.6s | bitrate: 3300 kbps | tp: 0 kbps | trace_bw: 0 kbps
   t=112s | buffer: 30.5s | bitrate: 4950 kbps | tp: 2 kbps | trace_bw: 2 kbps

======================================================================
  BENCHMARK RESULTS (HLS / hls.js)
======================================================================

  [TIMING]
      Startup delay:     4,087 ms
      Playback time:     110.2 s

  [BITRATE]
      Average (selected):  3,478 kbps
      Average (effective): 3,171 kbps
      Min / Max:           440 / 4,950 kbps
      Median:              4,950 kbps
      Std deviation:       1,814.2 kbps
      Variance:            3,291,237.0
      25th/75th %ile:      2,200 / 4,950 kbps

  [SWITCHES]
      Total count:       11
      Up / Down:         8 / 3
      Avg magnitude:     2,130 kbps

  [REBUFFERING]
      Events:            2
      Total time:        10,660 ms
      Ratio:             8.8193%
      Frequency:         1.089 per minute
      Avg duration:      5,330 ms
      Max duration:      10,106 ms

  [THROUGHPUT]
      Average:           2,150 kbps
      Median:            0 kbps
      Min / Max:         0 / 20,170 kbps
      Std deviation:     4,052.6 kbps

  [AVAILABLE BW (trace)]
      Average:           2,150 kbps
      Min / Max:         0 / 20,170 kbps

  [BUFFER]
      Average level:     20.8 s
      Min / Max:         0.0 / 33.1 s

  [UTILIZATION]
      Bandwidth:         0.0%

======================================================================

[SAVED] results/results/run_all_20260525_151403/hls_5g-ireland/benchmark_hls_netflix_driving_animated-rickandmorty_B_2019_11_20_16_55_16_tc_20260525_231245.json

──────────────────────────────────────────────────────────────────────
  [52/83] netflix_driving_animated-rickandmorty_B_2019_11_21_07_59_06_tc.csv
──────────────────────────────────────────────────────────────────────
[TRACE] netflix_driving_animated-rickandmorty_B_2019_11_21_07_59_06_tc.csv
[HLS-SHAPER] Triggering tc-trace via /startShaping API...
[HLS-SHAPER] Warning: could not reach /startShaping: HTTPConnectionPool(host='localhost', port=8080): Read timed out. (read timeout=5)

======================================================================
  HLS Streaming QoE Benchmark (hls.js)
======================================================================
  Server: http://localhost:8080/hls.html?manifest=http://localhost:8080/hls/master.m3u8
======================================================================

[TRACE] Loaded 2545 entries with bandwidth
[BROWSER] Launching headless Chromium...

[ERROR] Benchmark failed: Page.goto: net::ERR_CONNECTION_RESET at http://localhost:8080/hls.html?manifest=http://localhost:8080/hls/master.m3u8
Call log:
navigating to "http://localhost:8080/hls.html?manifest=http://localhost:8080/hls/master.m3u8", waiting until "domcontentloaded"

Traceback (most recent call last):
  File "benchmark.py", line 2767, in <module>
    main()
  File "benchmark.py", line 2722, in main
    ok = run_single_benchmark(args.protocol, url, args.duration, output_path,
  File "benchmark.py", line 2584, in run_single_benchmark
    benchmark.run()
  File "benchmark.py", line 934, in run
    page.goto(self.player_url, timeout=120000, wait_until='domcontentloaded')
  File "/home/ajhunjh1/.local/lib/python3.8/site-packages/playwright/sync_api/_generated.py", line 9002, in goto
    self._sync(
  File "/home/ajhunjh1/.local/lib/python3.8/site-packages/playwright/_impl/_sync_base.py", line 115, in _sync
    return task.result()
  File "/home/ajhunjh1/.local/lib/python3.8/site-packages/playwright/_impl/_page.py", line 553, in goto
    return await self._main_frame.goto(**locals_to_params(locals()))
  File "/home/ajhunjh1/.local/lib/python3.8/site-packages/playwright/_impl/_frame.py", line 145, in goto
    await self._channel.send("goto", locals_to_params(locals()))
  File "/home/ajhunjh1/.local/lib/python3.8/site-packages/playwright/_impl/_connection.py", line 59, in send
    return await self._connection.wrap_api_call(
  File "/home/ajhunjh1/.local/lib/python3.8/site-packages/playwright/_impl/_connection.py", line 520, in wrap_api_call
    raise rewrite_error(error, f"{parsed_st['apiName']}: {error}") from None
playwright._impl._errors.Error: Page.goto: net::ERR_CONNECTION_RESET at http://localhost:8080/hls.html?manifest=http://localhost:8080/hls/master.m3u8
Call log:
navigating to "http://localhost:8080/hls.html?manifest=http://localhost:8080/hls/master.m3u8", waiting until "domcontentloaded"

