
======================================================================
  BATCH RUN: 83 trace(s) from traces/5g-ireland
======================================================================


──────────────────────────────────────────────────────────────────────
  [1/83] amazon_prime_driving_animated-adventuretime_B_2019_11_28_07_27_57_tc.csv
──────────────────────────────────────────────────────────────────────
[TRACE] amazon_prime_driving_animated-adventuretime_B_2019_11_28_07_27_57_tc.csv
[LLDASH-GPAC] Trace file ready; gpac_server uses in-process bandwidth pacing.

======================================================================
  LLDASH-GPAC Streaming QoE Benchmark (dash.js / BOLA)
======================================================================
  Server: http://localhost:8082/player.html?mpd=http://localhost:8082/manifest.mpd
======================================================================

[TRACE] Loaded 1898 entries with bandwidth
[BROWSER] Launching headless Chromium...
[BROWSER] Waiting for playback to start...
   Startup delay: 1670ms

[PLAYBACK] Collecting metrics...
   t=10s | buffer: 0.1s | bitrate: 100 kbps | tp: 2719 kbps | trace_bw: 2719 kbps
   t=20s | buffer: 0.8s | bitrate: 100 kbps | tp: 0 kbps | trace_bw: 0 kbps
   t=31s | buffer: 5.1s | bitrate: 100 kbps | tp: 948 kbps | trace_bw: 948 kbps
   t=41s | buffer: 6.9s | bitrate: 100 kbps | tp: 279 kbps | trace_bw: 279 kbps
   t=51s | buffer: 6.6s | bitrate: 100 kbps | tp: 280 kbps | trace_bw: 280 kbps
   t=61s | buffer: 6.5s | bitrate: 100 kbps | tp: 311 kbps | trace_bw: 311 kbps
   t=71s | buffer: 0.1s | bitrate: 100 kbps | tp: 275 kbps | trace_bw: 275 kbps
   t=82s | buffer: 0.1s | bitrate: 100 kbps | tp: 276 kbps | trace_bw: 276 kbps
   t=92s | buffer: 6.3s | bitrate: 100 kbps | tp: 280 kbps | trace_bw: 280 kbps
   t=102s | buffer: 5.9s | bitrate: 100 kbps | tp: 596 kbps | trace_bw: 596 kbps
   t=112s | buffer: 3.8s | bitrate: 100 kbps | tp: 0 kbps | trace_bw: 0 kbps

======================================================================
  BENCHMARK RESULTS (LLDASH-GPAC / dash.js / BOLA)
======================================================================

  [TIMING]
      Startup delay:     1,670 ms
      Playback time:     88.5 s

  [BITRATE]
      Average (selected):  100 kbps
      Average (effective): 73 kbps
      Min / Max:           100 / 100 kbps
      Median:              100 kbps
      Std deviation:       0.0 kbps
      Variance:            0.0
      25th/75th %ile:      100 / 100 kbps

  [SWITCHES]
      Total count:       0
      Up / Down:         0 / 0
      Avg magnitude:     0 kbps

  [REBUFFERING]
      Events:            5
      Total time:        33,446 ms
      Ratio:             27.4301%
      Frequency:         3.390 per minute
      Avg duration:      6,689 ms
      Max duration:      16,337 ms

  [THROUGHPUT]
      Average:           1,403 kbps
      Median:            279 kbps
      Min / Max:         0 / 39,982 kbps
      Std deviation:     5,204.0 kbps

  [AVAILABLE BW (trace)]
      Average:           1,403 kbps
      Min / Max:         0 / 39,982 kbps
      Utilisation:       19.9%

  [BUFFER]
      Average level:     3.5 s
      Min / Max:         0.1 / 7.9 s

  [UTILIZATION]
      Bandwidth:         35.8%

======================================================================

[SAVED] results/results/run_all_20260525_151403/lldash-gpac_5g-ireland/benchmark_lldash-gpac_amazon_prime_driving_animated-adventuretime_B_2019_11_28_07_27_57_tc_20260525_181827.json

──────────────────────────────────────────────────────────────────────
  [2/83] amazon_prime_driving_animated-adventuretime_B_2019_11_28_10_14_25_tc.csv
──────────────────────────────────────────────────────────────────────
[TRACE] amazon_prime_driving_animated-adventuretime_B_2019_11_28_10_14_25_tc.csv
[LLDASH-GPAC] Trace file ready; gpac_server uses in-process bandwidth pacing.

======================================================================
  LLDASH-GPAC Streaming QoE Benchmark (dash.js / BOLA)
======================================================================
  Server: http://localhost:8082/player.html?mpd=http://localhost:8082/manifest.mpd
======================================================================

[TRACE] Loaded 1320 entries with bandwidth
[BROWSER] Launching headless Chromium...
[BROWSER] Waiting for playback to start...
   Startup delay: 1669ms

[PLAYBACK] Collecting metrics...
   t=10s | buffer: 0.1s | bitrate: 100 kbps | tp: 12 kbps | trace_bw: 12 kbps
   t=20s | buffer: 0.1s | bitrate: 100 kbps | tp: 0 kbps | trace_bw: 0 kbps
   t=31s | buffer: 0.1s | bitrate: 100 kbps | tp: 54316 kbps | trace_bw: 54316 kbps
   t=41s | buffer: 3.0s | bitrate: 100 kbps | tp: 0 kbps | trace_bw: 0 kbps
   t=51s | buffer: 6.8s | bitrate: 100 kbps | tp: 0 kbps | trace_bw: 0 kbps
   t=61s | buffer: 4.6s | bitrate: 100 kbps | tp: 0 kbps | trace_bw: 0 kbps
   t=72s | buffer: 2.5s | bitrate: 100 kbps | tp: 283 kbps | trace_bw: 283 kbps
   t=82s | buffer: 4.1s | bitrate: 100 kbps | tp: 274 kbps | trace_bw: 274 kbps
   t=92s | buffer: 0.1s | bitrate: 100 kbps | tp: 844 kbps | trace_bw: 844 kbps
   t=102s | buffer: 0.1s | bitrate: 100 kbps | tp: 1673 kbps | trace_bw: 1673 kbps
   t=112s | buffer: 1.1s | bitrate: 100 kbps | tp: 1093 kbps | trace_bw: 1093 kbps

======================================================================
  BENCHMARK RESULTS (LLDASH-GPAC / dash.js / BOLA)
======================================================================

  [TIMING]
      Startup delay:     1,669 ms
      Playback time:     69.1 s

  [BITRATE]
      Average (selected):  100 kbps
      Average (effective): 57 kbps
      Min / Max:           100 / 100 kbps
      Median:              100 kbps
      Std deviation:       0.0 kbps
      Variance:            0.0
      25th/75th %ile:      100 / 100 kbps

  [SWITCHES]
      Total count:       0
      Up / Down:         0 / 0
      Avg magnitude:     0 kbps

  [REBUFFERING]
      Events:            5
      Total time:        52,896 ms
      Ratio:             43.3470%
      Frequency:         4.339 per minute
      Avg duration:      10,579 ms
      Max duration:      19,760 ms

  [THROUGHPUT]
      Average:           1,699 kbps
      Median:            273 kbps
      Min / Max:         0 / 54,316 kbps
      Std deviation:     7,619.5 kbps

  [AVAILABLE BW (trace)]
      Average:           1,699 kbps
      Min / Max:         0 / 54,316 kbps
      Utilisation:       16.1%

  [BUFFER]
      Average level:     2.3 s
      Min / Max:         0.1 / 7.6 s

  [UTILIZATION]
      Bandwidth:         36.6%

======================================================================

[SAVED] results/results/run_all_20260525_151403/lldash-gpac_5g-ireland/benchmark_lldash-gpac_amazon_prime_driving_animated-adventuretime_B_2019_11_28_10_14_25_tc_20260525_182033.json

──────────────────────────────────────────────────────────────────────
  [3/83] amazon_prime_driving_animated-adventuretime_B_2019_11_28_12_05_29_tc.csv
──────────────────────────────────────────────────────────────────────
[TRACE] amazon_prime_driving_animated-adventuretime_B_2019_11_28_12_05_29_tc.csv
[LLDASH-GPAC] Trace file ready; gpac_server uses in-process bandwidth pacing.

======================================================================
  LLDASH-GPAC Streaming QoE Benchmark (dash.js / BOLA)
======================================================================
  Server: http://localhost:8082/player.html?mpd=http://localhost:8082/manifest.mpd
======================================================================

[TRACE] Loaded 963 entries with bandwidth
[BROWSER] Launching headless Chromium...
[BROWSER] Waiting for playback to start...
   Startup delay: 1680ms

[PLAYBACK] Collecting metrics...
   t=10s | buffer: 2.0s | bitrate: 100 kbps | tp: 37315 kbps | trace_bw: 37315 kbps
   t=20s | buffer: 2.2s | bitrate: 200 kbps | tp: 0 kbps | trace_bw: 0 kbps
   t=31s | buffer: 0.1s | bitrate: 100 kbps | tp: 875 kbps | trace_bw: 875 kbps
   t=41s | buffer: 0.1s | bitrate: 100 kbps | tp: 276 kbps | trace_bw: 276 kbps
   t=51s | buffer: 4.6s | bitrate: 100 kbps | tp: 6 kbps | trace_bw: 6 kbps
   t=61s | buffer: 2.0s | bitrate: 100 kbps | tp: 2369 kbps | trace_bw: 2369 kbps
   t=71s | buffer: 0.1s | bitrate: 100 kbps | tp: 0 kbps | trace_bw: 0 kbps
   t=82s | buffer: 0.1s | bitrate: 100 kbps | tp: 0 kbps | trace_bw: 0 kbps
   t=92s | buffer: 5.8s | bitrate: 100 kbps | tp: 907 kbps | trace_bw: 907 kbps
   t=102s | buffer: 7.6s | bitrate: 100 kbps | tp: 0 kbps | trace_bw: 0 kbps
   t=112s | buffer: 5.4s | bitrate: 100 kbps | tp: 278 kbps | trace_bw: 278 kbps

======================================================================
  BENCHMARK RESULTS (LLDASH-GPAC / dash.js / BOLA)
======================================================================

  [TIMING]
      Startup delay:     1,680 ms
      Playback time:     84.9 s

  [BITRATE]
      Average (selected):  200 kbps
      Average (effective): 139 kbps
      Min / Max:           100 / 400 kbps
      Median:              200 kbps
      Std deviation:       109.5 kbps
      Variance:            12,000.0
      25th/75th %ile:      100 / 200 kbps

  [SWITCHES]
      Total count:       4
      Up / Down:         2 / 2
      Avg magnitude:     150 kbps

  [REBUFFERING]
      Events:            6
      Total time:        37,086 ms
      Ratio:             30.3944%
      Frequency:         4.239 per minute
      Avg duration:      6,181 ms
      Max duration:      18,269 ms

  [THROUGHPUT]
      Average:           1,850 kbps
      Median:            276 kbps
      Min / Max:         0 / 43,922 kbps
      Std deviation:     6,567.0 kbps

  [AVAILABLE BW (trace)]
      Average:           1,850 kbps
      Min / Max:         0 / 43,922 kbps
      Utilisation:       14.9%

  [BUFFER]
      Average level:     3.0 s
      Min / Max:         0.1 / 7.7 s

  [UTILIZATION]
      Bandwidth:         72.5%

======================================================================

[SAVED] results/results/run_all_20260525_151403/lldash-gpac_5g-ireland/benchmark_lldash-gpac_amazon_prime_driving_animated-adventuretime_B_2019_11_28_12_05_29_tc_20260525_182238.json

──────────────────────────────────────────────────────────────────────
  [4/83] amazon_prime_driving_animated-adventuretime_B_2019_11_28_14_53_29_tc.csv
──────────────────────────────────────────────────────────────────────
[TRACE] amazon_prime_driving_animated-adventuretime_B_2019_11_28_14_53_29_tc.csv
[LLDASH-GPAC] Trace file ready; gpac_server uses in-process bandwidth pacing.

======================================================================
  LLDASH-GPAC Streaming QoE Benchmark (dash.js / BOLA)
======================================================================
  Server: http://localhost:8082/player.html?mpd=http://localhost:8082/manifest.mpd
======================================================================

[TRACE] Loaded 4683 entries with bandwidth
[BROWSER] Launching headless Chromium...
[BROWSER] Waiting for playback to start...
   Startup delay: 5369ms

[PLAYBACK] Collecting metrics...
   t=10s | buffer: 0.1s | bitrate: 100 kbps | tp: 2 kbps | trace_bw: 2 kbps
   t=20s | buffer: 0.1s | bitrate: 100 kbps | tp: 881 kbps | trace_bw: 881 kbps
   t=31s | buffer: 0.1s | bitrate: 100 kbps | tp: 1 kbps | trace_bw: 1 kbps
   t=41s | buffer: 6.9s | bitrate: 100 kbps | tp: 279 kbps | trace_bw: 279 kbps
   t=51s | buffer: 6.8s | bitrate: 100 kbps | tp: 280 kbps | trace_bw: 280 kbps
   t=61s | buffer: 6.4s | bitrate: 100 kbps | tp: 2710 kbps | trace_bw: 2710 kbps
   t=72s | buffer: 6.3s | bitrate: 100 kbps | tp: 497 kbps | trace_bw: 497 kbps
   t=82s | buffer: 2.0s | bitrate: 100 kbps | tp: 275 kbps | trace_bw: 275 kbps
   t=92s | buffer: 0.1s | bitrate: 100 kbps | tp: 1338 kbps | trace_bw: 1338 kbps
   t=102s | buffer: 2.4s | bitrate: 100 kbps | tp: 0 kbps | trace_bw: 0 kbps
   t=112s | buffer: 6.1s | bitrate: 100 kbps | tp: 0 kbps | trace_bw: 0 kbps

======================================================================
  BENCHMARK RESULTS (LLDASH-GPAC / dash.js / BOLA)
======================================================================

  [TIMING]
      Startup delay:     5,369 ms
      Playback time:     73.7 s

  [BITRATE]
      Average (selected):  100 kbps
      Average (effective): 59 kbps
      Min / Max:           100 / 100 kbps
      Median:              100 kbps
      Std deviation:       0.0 kbps
      Variance:            0.0
      25th/75th %ile:      100 / 100 kbps

  [SWITCHES]
      Total count:       0
      Up / Down:         0 / 0
      Avg magnitude:     0 kbps

  [REBUFFERING]
      Events:            3
      Total time:        51,606 ms
      Ratio:             41.1993%
      Frequency:         2.444 per minute
      Avg duration:      17,202 ms
      Max duration:      29,711 ms

  [THROUGHPUT]
      Average:           1,389 kbps
      Median:            278 kbps
      Min / Max:         0 / 34,121 kbps
      Std deviation:     4,187.1 kbps

  [AVAILABLE BW (trace)]
      Average:           1,389 kbps
      Min / Max:         0 / 34,121 kbps
      Utilisation:       20.0%

  [BUFFER]
      Average level:     3.0 s
      Min / Max:         0.1 / 7.6 s

  [UTILIZATION]
      Bandwidth:         36.0%

======================================================================

[SAVED] results/results/run_all_20260525_151403/lldash-gpac_5g-ireland/benchmark_lldash-gpac_amazon_prime_driving_animated-adventuretime_B_2019_11_28_14_53_29_tc_20260525_182444.json

──────────────────────────────────────────────────────────────────────
  [5/83] amazon_prime_driving_animated-adventuretime_B_2019_11_28_17_18_56_tc.csv
──────────────────────────────────────────────────────────────────────
[TRACE] amazon_prime_driving_animated-adventuretime_B_2019_11_28_17_18_56_tc.csv
[LLDASH-GPAC] Trace file ready; gpac_server uses in-process bandwidth pacing.

======================================================================
  LLDASH-GPAC Streaming QoE Benchmark (dash.js / BOLA)
======================================================================
  Server: http://localhost:8082/player.html?mpd=http://localhost:8082/manifest.mpd
======================================================================

[TRACE] Loaded 972 entries with bandwidth
[BROWSER] Launching headless Chromium...
[BROWSER] Waiting for playback to start...
   Startup delay: 1131ms

[PLAYBACK] Collecting metrics...
   t=10s | buffer: 1.0s | bitrate: 100 kbps | tp: 0 kbps | trace_bw: 0 kbps
   t=20s | buffer: 0.1s | bitrate: 100 kbps | tp: 7708 kbps | trace_bw: 7708 kbps
   t=31s | buffer: 5.8s | bitrate: 100 kbps | tp: 5 kbps | trace_bw: 5 kbps
   t=41s | buffer: 7.0s | bitrate: 100 kbps | tp: 2559 kbps | trace_bw: 2559 kbps
   t=51s | buffer: 4.8s | bitrate: 100 kbps | tp: 283 kbps | trace_bw: 283 kbps
   t=61s | buffer: 6.6s | bitrate: 100 kbps | tp: 279 kbps | trace_bw: 279 kbps
   t=71s | buffer: 0.1s | bitrate: 100 kbps | tp: 0 kbps | trace_bw: 0 kbps
   t=82s | buffer: 0.1s | bitrate: 100 kbps | tp: 0 kbps | trace_bw: 0 kbps
   t=92s | buffer: 3.7s | bitrate: 100 kbps | tp: 465 kbps | trace_bw: 465 kbps
   t=102s | buffer: 6.1s | bitrate: 100 kbps | tp: 1474 kbps | trace_bw: 1474 kbps
   t=112s | buffer: 4.0s | bitrate: 100 kbps | tp: 1022 kbps | trace_bw: 1022 kbps

======================================================================
  BENCHMARK RESULTS (LLDASH-GPAC / dash.js / BOLA)
======================================================================

  [TIMING]
      Startup delay:     1,131 ms
      Playback time:     80.3 s

  [BITRATE]
      Average (selected):  100 kbps
      Average (effective): 66 kbps
      Min / Max:           100 / 100 kbps
      Median:              100 kbps
      Std deviation:       0.0 kbps
      Variance:            0.0
      25th/75th %ile:      100 / 100 kbps

  [SWITCHES]
      Total count:       0
      Up / Down:         0 / 0
      Avg magnitude:     0 kbps

  [REBUFFERING]
      Events:            6
      Total time:        41,146 ms
      Ratio:             33.8746%
      Frequency:         4.482 per minute
      Avg duration:      6,858 ms
      Max duration:      19,805 ms

  [THROUGHPUT]
      Average:           1,494 kbps
      Median:            281 kbps
      Min / Max:         0 / 15,417 kbps
      Std deviation:     3,223.7 kbps

  [AVAILABLE BW (trace)]
      Average:           1,494 kbps
      Min / Max:         0 / 15,417 kbps
      Utilisation:       18.8%

  [BUFFER]
      Average level:     3.1 s
      Min / Max:         0.1 / 7.8 s

  [UTILIZATION]
      Bandwidth:         35.6%

======================================================================

[SAVED] results/results/run_all_20260525_151403/lldash-gpac_5g-ireland/benchmark_lldash-gpac_amazon_prime_driving_animated-adventuretime_B_2019_11_28_17_18_56_tc_20260525_182653.json

──────────────────────────────────────────────────────────────────────
  [6/83] amazon_prime_driving_animated-adventuretime_B_2019_11_29_09_37_23_tc.csv
──────────────────────────────────────────────────────────────────────
[TRACE] amazon_prime_driving_animated-adventuretime_B_2019_11_29_09_37_23_tc.csv
[LLDASH-GPAC] Trace file ready; gpac_server uses in-process bandwidth pacing.

======================================================================
  LLDASH-GPAC Streaming QoE Benchmark (dash.js / BOLA)
======================================================================
  Server: http://localhost:8082/player.html?mpd=http://localhost:8082/manifest.mpd
======================================================================

[TRACE] Loaded 2362 entries with bandwidth
[BROWSER] Launching headless Chromium...
[BROWSER] Waiting for playback to start...
   Startup delay: 3441ms

[PLAYBACK] Collecting metrics...
   t=10s | buffer: 5.7s | bitrate: 100 kbps | tp: 1 kbps | trace_bw: 1 kbps
   t=20s | buffer: 3.5s | bitrate: 600 kbps | tp: 8713 kbps | trace_bw: 8713 kbps
   t=31s | buffer: 0.3s | bitrate: 800 kbps | tp: 286 kbps | trace_bw: 286 kbps
   t=41s | buffer: 0.1s | bitrate: 800 kbps | tp: 0 kbps | trace_bw: 0 kbps
   t=51s | buffer: 0.1s | bitrate: 100 kbps | tp: 714 kbps | trace_bw: 714 kbps
   t=61s | buffer: 1.9s | bitrate: 100 kbps | tp: 1283 kbps | trace_bw: 1283 kbps
   t=71s | buffer: 0.1s | bitrate: 100 kbps | tp: 278 kbps | trace_bw: 278 kbps
   t=82s | buffer: 0.1s | bitrate: 100 kbps | tp: 282 kbps | trace_bw: 282 kbps
   t=92s | buffer: 2.9s | bitrate: 100 kbps | tp: 167 kbps | trace_bw: 167 kbps
   t=102s | buffer: 6.5s | bitrate: 100 kbps | tp: 2811 kbps | trace_bw: 2811 kbps
   t=112s | buffer: 4.4s | bitrate: 100 kbps | tp: 286 kbps | trace_bw: 286 kbps

======================================================================
  BENCHMARK RESULTS (LLDASH-GPAC / dash.js / BOLA)
======================================================================

  [TIMING]
      Startup delay:     3,441 ms
      Playback time:     79.4 s

  [BITRATE]
      Average (selected):  510 kbps
      Average (effective): 327 kbps
      Min / Max:           100 / 1,200 kbps
      Median:              600 kbps
      Std deviation:       367.3 kbps
      Variance:            134,900.0
      25th/75th %ile:      100 / 800 kbps

  [SWITCHES]
      Total count:       9
      Up / Down:         6 / 3
      Avg magnitude:     400 kbps

  [REBUFFERING]
      Events:            7
      Total time:        44,330 ms
      Ratio:             35.8313%
      Frequency:         5.290 per minute
      Avg duration:      6,333 ms
      Max duration:      19,589 ms

  [THROUGHPUT]
      Average:           1,617 kbps
      Median:            282 kbps
      Min / Max:         0 / 22,325 kbps
      Std deviation:     3,062.3 kbps

  [AVAILABLE BW (trace)]
      Average:           1,617 kbps
      Min / Max:         0 / 22,325 kbps
      Utilisation:       17.4%

  [BUFFER]
      Average level:     2.4 s
      Min / Max:         0.1 / 7.7 s

  [UTILIZATION]
      Bandwidth:         180.9%

======================================================================

[SAVED] results/results/run_all_20260525_151403/lldash-gpac_5g-ireland/benchmark_lldash-gpac_amazon_prime_driving_animated-adventuretime_B_2019_11_29_09_37_23_tc_20260525_182858.json

──────────────────────────────────────────────────────────────────────
  [7/83] amazon_prime_driving_animated-adventuretime_B_2019_11_29_13_05_25_tc.csv
──────────────────────────────────────────────────────────────────────
[TRACE] amazon_prime_driving_animated-adventuretime_B_2019_11_29_13_05_25_tc.csv
[LLDASH-GPAC] Trace file ready; gpac_server uses in-process bandwidth pacing.

======================================================================
  LLDASH-GPAC Streaming QoE Benchmark (dash.js / BOLA)
======================================================================
  Server: http://localhost:8082/player.html?mpd=http://localhost:8082/manifest.mpd
======================================================================

[TRACE] Loaded 1187 entries with bandwidth
[BROWSER] Launching headless Chromium...
[BROWSER] Waiting for playback to start...
   Startup delay: 1667ms

[PLAYBACK] Collecting metrics...
   t=10s | buffer: 3.8s | bitrate: 100 kbps | tp: 0 kbps | trace_bw: 0 kbps
   t=20s | buffer: 0.1s | bitrate: 100 kbps | tp: 7256 kbps | trace_bw: 7256 kbps
   t=31s | buffer: 0.1s | bitrate: 100 kbps | tp: 7632 kbps | trace_bw: 7632 kbps
   t=41s | buffer: 0.9s | bitrate: 100 kbps | tp: 3 kbps | trace_bw: 3 kbps
   t=51s | buffer: 2.1s | bitrate: 100 kbps | tp: 279 kbps | trace_bw: 279 kbps
   t=61s | buffer: 4.1s | bitrate: 100 kbps | tp: 273 kbps | trace_bw: 273 kbps
   t=71s | buffer: 5.7s | bitrate: 100 kbps | tp: 0 kbps | trace_bw: 0 kbps
   t=82s | buffer: 5.6s | bitrate: 100 kbps | tp: 0 kbps | trace_bw: 0 kbps
   t=92s | buffer: 5.2s | bitrate: 100 kbps | tp: 2 kbps | trace_bw: 2 kbps
   t=102s | buffer: 7.1s | bitrate: 100 kbps | tp: 916 kbps | trace_bw: 916 kbps
   t=112s | buffer: 6.8s | bitrate: 100 kbps | tp: 3676 kbps | trace_bw: 3676 kbps

======================================================================
  BENCHMARK RESULTS (LLDASH-GPAC / dash.js / BOLA)
======================================================================

  [TIMING]
      Startup delay:     1,667 ms
      Playback time:     99.5 s

  [BITRATE]
      Average (selected):  100 kbps
      Average (effective): 82 kbps
      Min / Max:           100 / 100 kbps
      Median:              100 kbps
      Std deviation:       0.0 kbps
      Variance:            0.0
      25th/75th %ile:      100 / 100 kbps

  [SWITCHES]
      Total count:       0
      Up / Down:         0 / 0
      Avg magnitude:     0 kbps

  [REBUFFERING]
      Events:            4
      Total time:        22,574 ms
      Ratio:             18.4986%
      Frequency:         2.413 per minute
      Avg duration:      5,644 ms
      Max duration:      16,013 ms

  [THROUGHPUT]
      Average:           1,334 kbps
      Median:            282 kbps
      Min / Max:         0 / 10,502 kbps
      Std deviation:     2,428.9 kbps

  [AVAILABLE BW (trace)]
      Average:           1,334 kbps
      Min / Max:         0 / 10,502 kbps
      Utilisation:       21.1%

  [BUFFER]
      Average level:     3.8 s
      Min / Max:         0.1 / 7.5 s

  [UTILIZATION]
      Bandwidth:         35.5%

======================================================================

[SAVED] results/results/run_all_20260525_151403/lldash-gpac_5g-ireland/benchmark_lldash-gpac_amazon_prime_driving_animated-adventuretime_B_2019_11_29_13_05_25_tc_20260525_183105.json

──────────────────────────────────────────────────────────────────────
  [8/83] amazon_prime_driving_season3-theexpanse_B_2019_12_01_12_11_21_tc.csv
──────────────────────────────────────────────────────────────────────
[TRACE] amazon_prime_driving_season3-theexpanse_B_2019_12_01_12_11_21_tc.csv
[LLDASH-GPAC] Trace file ready; gpac_server uses in-process bandwidth pacing.

======================================================================
  LLDASH-GPAC Streaming QoE Benchmark (dash.js / BOLA)
======================================================================
  Server: http://localhost:8082/player.html?mpd=http://localhost:8082/manifest.mpd
======================================================================

[TRACE] Loaded 673 entries with bandwidth
[BROWSER] Launching headless Chromium...
[BROWSER] Waiting for playback to start...
   Startup delay: 22666ms

[PLAYBACK] Collecting metrics...
   t=10s | buffer: 0.8s | bitrate: 100 kbps | tp: 3424 kbps | trace_bw: 3424 kbps
   t=20s | buffer: 0.1s | bitrate: 100 kbps | tp: 2 kbps | trace_bw: 2 kbps
   t=31s | buffer: 7.2s | bitrate: 100 kbps | tp: 0 kbps | trace_bw: 0 kbps
   t=41s | buffer: 5.1s | bitrate: 100 kbps | tp: 0 kbps | trace_bw: 0 kbps
   t=51s | buffer: 4.8s | bitrate: 100 kbps | tp: 35773 kbps | trace_bw: 35773 kbps
   t=61s | buffer: 2.5s | bitrate: 100 kbps | tp: 641 kbps | trace_bw: 641 kbps
   t=72s | buffer: 6.3s | bitrate: 100 kbps | tp: 279 kbps | trace_bw: 279 kbps
   t=82s | buffer: 6.6s | bitrate: 100 kbps | tp: 280 kbps | trace_bw: 280 kbps
   t=92s | buffer: 0.2s | bitrate: 100 kbps | tp: 0 kbps | trace_bw: 0 kbps
   t=102s | buffer: 6.7s | bitrate: 100 kbps | tp: 0 kbps | trace_bw: 0 kbps
   t=112s | buffer: 4.6s | bitrate: 100 kbps | tp: 1208 kbps | trace_bw: 1208 kbps

======================================================================
  BENCHMARK RESULTS (LLDASH-GPAC / dash.js / BOLA)
======================================================================

  [TIMING]
      Startup delay:     22,666 ms
      Playback time:     99.7 s

  [BITRATE]
      Average (selected):  100 kbps
      Average (effective): 70 kbps
      Min / Max:           100 / 100 kbps
      Median:              100 kbps
      Std deviation:       0.0 kbps
      Variance:            0.0
      25th/75th %ile:      100 / 100 kbps

  [SWITCHES]
      Total count:       0
      Up / Down:         0 / 0
      Avg magnitude:     0 kbps

  [REBUFFERING]
      Events:            8
      Total time:        43,301 ms
      Ratio:             30.2731%
      Frequency:         4.813 per minute
      Avg duration:      5,413 ms
      Max duration:      22,517 ms

  [THROUGHPUT]
      Average:           1,860 kbps
      Median:            34 kbps
      Min / Max:         0 / 42,741 kbps
      Std deviation:     6,695.7 kbps

  [AVAILABLE BW (trace)]
      Average:           1,860 kbps
      Min / Max:         0 / 42,741 kbps
      Utilisation:       1.8%

  [BUFFER]
      Average level:     3.7 s
      Min / Max:         0.1 / 7.6 s

  [UTILIZATION]
      Bandwidth:         294.1%

======================================================================

[SAVED] results/results/run_all_20260525_151403/lldash-gpac_5g-ireland/benchmark_lldash-gpac_amazon_prime_driving_season3-theexpanse_B_2019_12_01_12_11_21_tc_20260525_183311.json

──────────────────────────────────────────────────────────────────────
  [9/83] amazon_prime_driving_season3-theexpanse_B_2019_12_01_13_05_00_tc.csv
──────────────────────────────────────────────────────────────────────
[TRACE] amazon_prime_driving_season3-theexpanse_B_2019_12_01_13_05_00_tc.csv
[LLDASH-GPAC] Trace file ready; gpac_server uses in-process bandwidth pacing.

======================================================================
  LLDASH-GPAC Streaming QoE Benchmark (dash.js / BOLA)
======================================================================
  Server: http://localhost:8082/player.html?mpd=http://localhost:8082/manifest.mpd
======================================================================

[TRACE] Loaded 919 entries with bandwidth
[BROWSER] Launching headless Chromium...
[BROWSER] Waiting for playback to start...
   Startup delay: 21165ms

[PLAYBACK] Collecting metrics...
   t=10s | buffer: 2.0s | bitrate: 100 kbps | tp: 11 kbps | trace_bw: 11 kbps
   t=20s | buffer: 0.1s | bitrate: 100 kbps | tp: 0 kbps | trace_bw: 0 kbps
   t=31s | buffer: 0.8s | bitrate: 100 kbps | tp: 5 kbps | trace_bw: 5 kbps
   t=41s | buffer: 0.1s | bitrate: 100 kbps | tp: 910 kbps | trace_bw: 910 kbps
   t=51s | buffer: 7.3s | bitrate: 100 kbps | tp: 0 kbps | trace_bw: 0 kbps
   t=61s | buffer: 7.0s | bitrate: 100 kbps | tp: 282 kbps | trace_bw: 282 kbps
   t=72s | buffer: 5.0s | bitrate: 100 kbps | tp: 282 kbps | trace_bw: 282 kbps
   t=82s | buffer: 4.6s | bitrate: 100 kbps | tp: 0 kbps | trace_bw: 0 kbps
   t=92s | buffer: 4.5s | bitrate: 100 kbps | tp: 1 kbps | trace_bw: 1 kbps
   t=102s | buffer: 6.1s | bitrate: 100 kbps | tp: 44 kbps | trace_bw: 44 kbps
   t=112s | buffer: 6.0s | bitrate: 100 kbps | tp: 66 kbps | trace_bw: 66 kbps

======================================================================
  BENCHMARK RESULTS (LLDASH-GPAC / dash.js / BOLA)
======================================================================

  [TIMING]
      Startup delay:     21,165 ms
      Playback time:     99.8 s

  [BITRATE]
      Average (selected):  100 kbps
      Average (effective): 71 kbps
      Min / Max:           100 / 100 kbps
      Median:              100 kbps
      Std deviation:       0.0 kbps
      Variance:            0.0
      25th/75th %ile:      100 / 100 kbps

  [SWITCHES]
      Total count:       0
      Up / Down:         0 / 0
      Avg magnitude:     0 kbps

  [REBUFFERING]
      Events:            3
      Total time:        41,292 ms
      Ratio:             29.2730%
      Frequency:         1.804 per minute
      Avg duration:      13,764 ms
      Max duration:      21,019 ms

  [THROUGHPUT]
      Average:           1,348 kbps
      Median:            279 kbps
      Min / Max:         0 / 41,914 kbps
      Std deviation:     5,121.2 kbps

  [AVAILABLE BW (trace)]
      Average:           1,348 kbps
      Min / Max:         0 / 41,914 kbps
      Utilisation:       20.7%

  [BUFFER]
      Average level:     3.8 s
      Min / Max:         0.1 / 7.4 s

  [UTILIZATION]
      Bandwidth:         35.8%

======================================================================

[SAVED] results/results/run_all_20260525_151403/lldash-gpac_5g-ireland/benchmark_lldash-gpac_amazon_prime_driving_season3-theexpanse_B_2019_12_01_13_05_00_tc_20260525_183537.json

──────────────────────────────────────────────────────────────────────
  [10/83] amazon_prime_driving_season3-theexpanse_B_2019_12_02_07_26_15_tc.csv
──────────────────────────────────────────────────────────────────────
[TRACE] amazon_prime_driving_season3-theexpanse_B_2019_12_02_07_26_15_tc.csv
[LLDASH-GPAC] Trace file ready; gpac_server uses in-process bandwidth pacing.

======================================================================
  LLDASH-GPAC Streaming QoE Benchmark (dash.js / BOLA)
======================================================================
  Server: http://localhost:8082/player.html?mpd=http://localhost:8082/manifest.mpd
======================================================================

[TRACE] Loaded 1904 entries with bandwidth
[BROWSER] Launching headless Chromium...
[BROWSER] Waiting for playback to start...
   Startup delay: 3658ms

[PLAYBACK] Collecting metrics...
   t=10s | buffer: 0.1s | bitrate: 100 kbps | tp: 20374 kbps | trace_bw: 20374 kbps
   t=20s | buffer: 0.1s | bitrate: 100 kbps | tp: 1585 kbps | trace_bw: 1585 kbps
   t=31s | buffer: 6.7s | bitrate: 100 kbps | tp: 893 kbps | trace_bw: 893 kbps
   t=41s | buffer: 4.4s | bitrate: 100 kbps | tp: 2197 kbps | trace_bw: 2197 kbps
   t=51s | buffer: 4.3s | bitrate: 100 kbps | tp: 286 kbps | trace_bw: 286 kbps
   t=61s | buffer: 4.2s | bitrate: 100 kbps | tp: 0 kbps | trace_bw: 0 kbps
   t=71s | buffer: 0.1s | bitrate: 100 kbps | tp: 138 kbps | trace_bw: 138 kbps
   t=82s | buffer: 0.1s | bitrate: 100 kbps | tp: 0 kbps | trace_bw: 0 kbps
   t=92s | buffer: 3.5s | bitrate: 100 kbps | tp: 0 kbps | trace_bw: 0 kbps
   t=102s | buffer: 5.1s | bitrate: 100 kbps | tp: 277 kbps | trace_bw: 277 kbps
   t=112s | buffer: 5.0s | bitrate: 100 kbps | tp: 280 kbps | trace_bw: 280 kbps

======================================================================
  BENCHMARK RESULTS (LLDASH-GPAC / dash.js / BOLA)
======================================================================

  [TIMING]
      Startup delay:     3,658 ms
      Playback time:     87.3 s

  [BITRATE]
      Average (selected):  100 kbps
      Average (effective): 70 kbps
      Min / Max:           100 / 100 kbps
      Median:              100 kbps
      Std deviation:       0.0 kbps
      Variance:            0.0
      25th/75th %ile:      100 / 100 kbps

  [SWITCHES]
      Total count:       0
      Up / Down:         0 / 0
      Avg magnitude:     0 kbps

  [REBUFFERING]
      Events:            3
      Total time:        36,598 ms
      Ratio:             29.5492%
      Frequency:         2.063 per minute
      Avg duration:      12,199 ms
      Max duration:      17,165 ms

  [THROUGHPUT]
      Average:           1,261 kbps
      Median:            278 kbps
      Min / Max:         0 / 36,962 kbps
      Std deviation:     4,430.0 kbps

  [AVAILABLE BW (trace)]
      Average:           1,261 kbps
      Min / Max:         0 / 36,962 kbps
      Utilisation:       22.1%

  [BUFFER]
      Average level:     3.5 s
      Min / Max:         0.1 / 7.6 s

  [UTILIZATION]
      Bandwidth:         36.0%

======================================================================

[SAVED] results/results/run_all_20260525_151403/lldash-gpac_5g-ireland/benchmark_lldash-gpac_amazon_prime_driving_season3-theexpanse_B_2019_12_02_07_26_15_tc_20260525_183802.json

──────────────────────────────────────────────────────────────────────
  [11/83] amazon_prime_driving_season3-theexpanse_B_2019_12_02_09_39_35_tc.csv
──────────────────────────────────────────────────────────────────────
[TRACE] amazon_prime_driving_season3-theexpanse_B_2019_12_02_09_39_35_tc.csv
[LLDASH-GPAC] Trace file ready; gpac_server uses in-process bandwidth pacing.

======================================================================
  LLDASH-GPAC Streaming QoE Benchmark (dash.js / BOLA)
======================================================================
  Server: http://localhost:8082/player.html?mpd=http://localhost:8082/manifest.mpd
======================================================================

[TRACE] Loaded 1019 entries with bandwidth
[BROWSER] Launching headless Chromium...
[BROWSER] Waiting for playback to start...
   Startup delay: 1547ms

[PLAYBACK] Collecting metrics...
   t=10s | buffer: 2.0s | bitrate: 200 kbps | tp: 34727 kbps | trace_bw: 34727 kbps
   t=20s | buffer: 2.0s | bitrate: 100 kbps | tp: 0 kbps | trace_bw: 0 kbps
   t=31s | buffer: 6.4s | bitrate: 200 kbps | tp: 0 kbps | trace_bw: 0 kbps
   t=41s | buffer: 6.3s | bitrate: 100 kbps | tp: 0 kbps | trace_bw: 0 kbps
   t=51s | buffer: 6.2s | bitrate: 100 kbps | tp: 3331 kbps | trace_bw: 3331 kbps
   t=61s | buffer: 4.1s | bitrate: 100 kbps | tp: 379 kbps | trace_bw: 379 kbps
   t=72s | buffer: 1.8s | bitrate: 100 kbps | tp: 2155 kbps | trace_bw: 2155 kbps
   t=82s | buffer: 1.6s | bitrate: 200 kbps | tp: 271 kbps | trace_bw: 271 kbps
   t=92s | buffer: 4.5s | bitrate: 100 kbps | tp: 281 kbps | trace_bw: 281 kbps
   t=102s | buffer: 4.4s | bitrate: 100 kbps | tp: 0 kbps | trace_bw: 0 kbps
   t=112s | buffer: 6.3s | bitrate: 100 kbps | tp: 0 kbps | trace_bw: 0 kbps

======================================================================
  BENCHMARK RESULTS (LLDASH-GPAC / dash.js / BOLA)
======================================================================

  [TIMING]
      Startup delay:     1,547 ms
      Playback time:     113.6 s

  [BITRATE]
      Average (selected):  420 kbps
      Average (effective): 393 kbps
      Min / Max:           100 / 2,000 kbps
      Median:              200 kbps
      Std deviation:       565.3 kbps
      Variance:            319,600.0
      25th/75th %ile:      100 / 400 kbps

  [SWITCHES]
      Total count:       9
      Up / Down:         5 / 4
      Avg magnitude:     511 kbps

  [REBUFFERING]
      Events:            6
      Total time:        7,887 ms
      Ratio:             6.4924%
      Frequency:         3.169 per minute
      Avg duration:      1,314 ms
      Max duration:      4,160 ms

  [THROUGHPUT]
      Average:           2,247 kbps
      Median:            275 kbps
      Min / Max:         0 / 38,430 kbps
      Std deviation:     6,425.4 kbps

  [AVAILABLE BW (trace)]
      Average:           2,247 kbps
      Min / Max:         0 / 38,430 kbps
      Utilisation:       12.2%

  [BUFFER]
      Average level:     4.3 s
      Min / Max:         0.1 / 7.6 s

  [UTILIZATION]
      Bandwidth:         152.7%

======================================================================

[SAVED] results/results/run_all_20260525_151403/lldash-gpac_5g-ireland/benchmark_lldash-gpac_amazon_prime_driving_season3-theexpanse_B_2019_12_02_09_39_35_tc_20260525_184009.json

──────────────────────────────────────────────────────────────────────
  [12/83] amazon_prime_driving_season3-theexpanse_B_2019_12_02_12_41_17_tc.csv
──────────────────────────────────────────────────────────────────────
[TRACE] amazon_prime_driving_season3-theexpanse_B_2019_12_02_12_41_17_tc.csv
[LLDASH-GPAC] Trace file ready; gpac_server uses in-process bandwidth pacing.

======================================================================
  LLDASH-GPAC Streaming QoE Benchmark (dash.js / BOLA)
======================================================================
  Server: http://localhost:8082/player.html?mpd=http://localhost:8082/manifest.mpd
======================================================================

[TRACE] Loaded 1169 entries with bandwidth
[BROWSER] Launching headless Chromium...
[BROWSER] Waiting for playback to start...
   Startup delay: 22674ms

[PLAYBACK] Collecting metrics...
   t=10s | buffer: 5.9s | bitrate: 100 kbps | tp: 16686 kbps | trace_bw: 16686 kbps
   t=20s | buffer: 3.7s | bitrate: 100 kbps | tp: 0 kbps | trace_bw: 0 kbps
   t=31s | buffer: 0.1s | bitrate: 200 kbps | tp: 6008 kbps | trace_bw: 6008 kbps
   t=41s | buffer: 0.1s | bitrate: 200 kbps | tp: 0 kbps | trace_bw: 0 kbps
   t=51s | buffer: 1.1s | bitrate: 100 kbps | tp: 0 kbps | trace_bw: 0 kbps
   t=61s | buffer: 5.1s | bitrate: 100 kbps | tp: 0 kbps | trace_bw: 0 kbps
   t=71s | buffer: 0.1s | bitrate: 100 kbps | tp: 0 kbps | trace_bw: 0 kbps
   t=82s | buffer: 5.3s | bitrate: 100 kbps | tp: 0 kbps | trace_bw: 0 kbps
   t=92s | buffer: 3.2s | bitrate: 100 kbps | tp: 66 kbps | trace_bw: 66 kbps
   t=102s | buffer: 2.8s | bitrate: 100 kbps | tp: 0 kbps | trace_bw: 0 kbps
   t=112s | buffer: 4.7s | bitrate: 100 kbps | tp: 2973 kbps | trace_bw: 2973 kbps

======================================================================
  BENCHMARK RESULTS (LLDASH-GPAC / dash.js / BOLA)
======================================================================

  [TIMING]
      Startup delay:     22,674 ms
      Playback time:     89.6 s

  [BITRATE]
      Average (selected):  133 kbps
      Average (effective): 84 kbps
      Min / Max:           100 / 200 kbps
      Median:              100 kbps
      Std deviation:       47.1 kbps
      Variance:            2,222.2
      25th/75th %ile:      100 / 200 kbps

  [SWITCHES]
      Total count:       2
      Up / Down:         1 / 1
      Avg magnitude:     100 kbps

  [REBUFFERING]
      Events:            4
      Total time:        53,428 ms
      Ratio:             37.3611%
      Frequency:         2.679 per minute
      Avg duration:      13,357 ms
      Max duration:      22,518 ms

  [THROUGHPUT]
      Average:           3,009 kbps
      Median:            279 kbps
      Min / Max:         0 / 35,149 kbps
      Std deviation:     6,623.6 kbps

  [AVAILABLE BW (trace)]
      Average:           3,009 kbps
      Min / Max:         0 / 35,149 kbps
      Utilisation:       9.3%

  [BUFFER]
      Average level:     3.2 s
      Min / Max:         0.1 / 7.7 s

  [UTILIZATION]
      Bandwidth:         47.8%

======================================================================

[SAVED] results/results/run_all_20260525_151403/lldash-gpac_5g-ireland/benchmark_lldash-gpac_amazon_prime_driving_season3-theexpanse_B_2019_12_02_12_41_17_tc_20260525_184214.json

──────────────────────────────────────────────────────────────────────
  [13/83] amazon_prime_driving_season3-theexpanse_B_2019_12_03_07_29_22_tc.csv
──────────────────────────────────────────────────────────────────────
[TRACE] amazon_prime_driving_season3-theexpanse_B_2019_12_03_07_29_22_tc.csv
[LLDASH-GPAC] Trace file ready; gpac_server uses in-process bandwidth pacing.

======================================================================
  LLDASH-GPAC Streaming QoE Benchmark (dash.js / BOLA)
======================================================================
  Server: http://localhost:8082/player.html?mpd=http://localhost:8082/manifest.mpd
======================================================================

[TRACE] Loaded 1655 entries with bandwidth
[BROWSER] Launching headless Chromium...
[BROWSER] Waiting for playback to start...
   Startup delay: 22673ms

[PLAYBACK] Collecting metrics...
   t=10s | buffer: 5.9s | bitrate: 100 kbps | tp: 0 kbps | trace_bw: 0 kbps
   t=20s | buffer: 0.1s | bitrate: 100 kbps | tp: 1 kbps | trace_bw: 1 kbps
   t=31s | buffer: 0.1s | bitrate: 100 kbps | tp: 4857 kbps | trace_bw: 4857 kbps
   t=41s | buffer: 5.8s | bitrate: 100 kbps | tp: 0 kbps | trace_bw: 0 kbps
   t=51s | buffer: 5.7s | bitrate: 100 kbps | tp: 2127 kbps | trace_bw: 2127 kbps
   t=61s | buffer: 7.5s | bitrate: 100 kbps | tp: 273 kbps | trace_bw: 273 kbps
   t=72s | buffer: 5.2s | bitrate: 100 kbps | tp: 283 kbps | trace_bw: 283 kbps
   t=82s | buffer: 7.0s | bitrate: 100 kbps | tp: 0 kbps | trace_bw: 0 kbps
   t=92s | buffer: 2.8s | bitrate: 100 kbps | tp: 5774 kbps | trace_bw: 5774 kbps
   t=102s | buffer: 4.5s | bitrate: 100 kbps | tp: 0 kbps | trace_bw: 0 kbps
   t=112s | buffer: 4.3s | bitrate: 100 kbps | tp: 277 kbps | trace_bw: 277 kbps

======================================================================
  BENCHMARK RESULTS (LLDASH-GPAC / dash.js / BOLA)
======================================================================

  [TIMING]
      Startup delay:     22,673 ms
      Playback time:     103.4 s

  [BITRATE]
      Average (selected):  100 kbps
      Average (effective): 72 kbps
      Min / Max:           100 / 100 kbps
      Median:              100 kbps
      Std deviation:       0.0 kbps
      Variance:            0.0
      25th/75th %ile:      100 / 100 kbps

  [SWITCHES]
      Total count:       0
      Up / Down:         0 / 0
      Avg magnitude:     0 kbps

  [REBUFFERING]
      Events:            3
      Total time:        39,206 ms
      Ratio:             27.5004%
      Frequency:         1.742 per minute
      Avg duration:      13,069 ms
      Max duration:      22,517 ms

  [THROUGHPUT]
      Average:           1,789 kbps
      Median:            273 kbps
      Min / Max:         0 / 48,195 kbps
      Std deviation:     5,723.6 kbps

  [AVAILABLE BW (trace)]
      Average:           1,789 kbps
      Min / Max:         0 / 48,195 kbps
      Utilisation:       15.3%

  [BUFFER]
      Average level:     4.2 s
      Min / Max:         0.1 / 7.9 s

  [UTILIZATION]
      Bandwidth:         36.6%

======================================================================

[SAVED] results/results/run_all_20260525_151403/lldash-gpac_5g-ireland/benchmark_lldash-gpac_amazon_prime_driving_season3-theexpanse_B_2019_12_03_07_29_22_tc_20260525_184441.json

──────────────────────────────────────────────────────────────────────
  [14/83] amazon_prime_driving_season3-theexpanse_B_2019_12_03_10_42_14_tc.csv
──────────────────────────────────────────────────────────────────────
[TRACE] amazon_prime_driving_season3-theexpanse_B_2019_12_03_10_42_14_tc.csv
[LLDASH-GPAC] Trace file ready; gpac_server uses in-process bandwidth pacing.

======================================================================
  LLDASH-GPAC Streaming QoE Benchmark (dash.js / BOLA)
======================================================================
  Server: http://localhost:8082/player.html?mpd=http://localhost:8082/manifest.mpd
======================================================================

[TRACE] Loaded 863 entries with bandwidth
[BROWSER] Launching headless Chromium...
[BROWSER] Waiting for playback to start...
   Startup delay: 21183ms

[PLAYBACK] Collecting metrics...
   t=10s | buffer: 6.0s | bitrate: 100 kbps | tp: 3 kbps | trace_bw: 3 kbps
   t=20s | buffer: 0.1s | bitrate: 100 kbps | tp: 11111 kbps | trace_bw: 11111 kbps
   t=31s | buffer: 2.4s | bitrate: 100 kbps | tp: 1857 kbps | trace_bw: 1857 kbps
   t=41s | buffer: 6.0s | bitrate: 100 kbps | tp: 280 kbps | trace_bw: 280 kbps
   t=51s | buffer: 5.9s | bitrate: 100 kbps | tp: 0 kbps | trace_bw: 0 kbps
   t=61s | buffer: 1.6s | bitrate: 200 kbps | tp: 0 kbps | trace_bw: 0 kbps
   t=71s | buffer: 5.5s | bitrate: 100 kbps | tp: 282 kbps | trace_bw: 282 kbps
   t=82s | buffer: 5.4s | bitrate: 100 kbps | tp: 0 kbps | trace_bw: 0 kbps
   t=92s | buffer: 5.0s | bitrate: 100 kbps | tp: 0 kbps | trace_bw: 0 kbps
   t=102s | buffer: 3.1s | bitrate: 100 kbps | tp: 281 kbps | trace_bw: 281 kbps
   t=112s | buffer: 4.7s | bitrate: 100 kbps | tp: 0 kbps | trace_bw: 0 kbps

======================================================================
  BENCHMARK RESULTS (LLDASH-GPAC / dash.js / BOLA)
======================================================================

  [TIMING]
      Startup delay:     21,183 ms
      Playback time:     115.5 s

  [BITRATE]
      Average (selected):  100 kbps
      Average (effective): 82 kbps
      Min / Max:           100 / 100 kbps
      Median:              100 kbps
      Std deviation:       0.0 kbps
      Variance:            0.0
      25th/75th %ile:      100 / 100 kbps

  [SWITCHES]
      Total count:       0
      Up / Down:         0 / 0
      Avg magnitude:     0 kbps

  [REBUFFERING]
      Events:            3
      Total time:        25,975 ms
      Ratio:             18.3582%
      Frequency:         1.558 per minute
      Avg duration:      8,658 ms
      Max duration:      21,030 ms

  [THROUGHPUT]
      Average:           1,657 kbps
      Median:            278 kbps
      Min / Max:         0 / 45,774 kbps
      Std deviation:     5,589.0 kbps

  [AVAILABLE BW (trace)]
      Average:           1,657 kbps
      Min / Max:         0 / 45,774 kbps
      Utilisation:       16.8%

  [BUFFER]
      Average level:     4.8 s
      Min / Max:         0.1 / 7.8 s

  [UTILIZATION]
      Bandwidth:         36.0%

======================================================================

[SAVED] results/results/run_all_20260525_151403/lldash-gpac_5g-ireland/benchmark_lldash-gpac_amazon_prime_driving_season3-theexpanse_B_2019_12_03_10_42_14_tc_20260525_184707.json

──────────────────────────────────────────────────────────────────────
  [15/83] amazon_prime_driving_season3-theexpanse_B_2019_12_03_13_58_03_tc.csv
──────────────────────────────────────────────────────────────────────
[TRACE] amazon_prime_driving_season3-theexpanse_B_2019_12_03_13_58_03_tc.csv
[LLDASH-GPAC] Trace file ready; gpac_server uses in-process bandwidth pacing.

======================================================================
  LLDASH-GPAC Streaming QoE Benchmark (dash.js / BOLA)
======================================================================
  Server: http://localhost:8082/player.html?mpd=http://localhost:8082/manifest.mpd
======================================================================

[TRACE] Loaded 2886 entries with bandwidth
[BROWSER] Launching headless Chromium...
[BROWSER] Waiting for playback to start...
   Startup delay: 21189ms

[PLAYBACK] Collecting metrics...
   t=10s | buffer: 2.0s | bitrate: 100 kbps | tp: 4384 kbps | trace_bw: 4384 kbps
   t=20s | buffer: 0.1s | bitrate: 100 kbps | tp: 306 kbps | trace_bw: 306 kbps
   t=31s | buffer: 1.9s | bitrate: 100 kbps | tp: 285 kbps | trace_bw: 285 kbps
   t=41s | buffer: 5.5s | bitrate: 100 kbps | tp: 280 kbps | trace_bw: 280 kbps
   t=51s | buffer: 5.4s | bitrate: 100 kbps | tp: 1669 kbps | trace_bw: 1669 kbps
   t=61s | buffer: 5.8s | bitrate: 100 kbps | tp: 282 kbps | trace_bw: 282 kbps
   t=71s | buffer: 5.8s | bitrate: 100 kbps | tp: 1779 kbps | trace_bw: 1779 kbps
   t=82s | buffer: 5.5s | bitrate: 100 kbps | tp: 283 kbps | trace_bw: 283 kbps
   t=92s | buffer: 7.4s | bitrate: 100 kbps | tp: 278 kbps | trace_bw: 278 kbps
   t=102s | buffer: 5.0s | bitrate: 100 kbps | tp: 100 kbps | trace_bw: 100 kbps
   t=112s | buffer: 2.9s | bitrate: 100 kbps | tp: 1958 kbps | trace_bw: 1958 kbps

======================================================================
  BENCHMARK RESULTS (LLDASH-GPAC / dash.js / BOLA)
======================================================================

  [TIMING]
      Startup delay:     21,189 ms
      Playback time:     111.4 s

  [BITRATE]
      Average (selected):  100 kbps
      Average (effective): 79 kbps
      Min / Max:           100 / 100 kbps
      Median:              100 kbps
      Std deviation:       0.0 kbps
      Variance:            0.0
      25th/75th %ile:      100 / 100 kbps

  [SWITCHES]
      Total count:       0
      Up / Down:         0 / 0
      Avg magnitude:     0 kbps

  [REBUFFERING]
      Events:            3
      Total time:        30,110 ms
      Ratio:             21.2836%
      Frequency:         1.616 per minute
      Avg duration:      10,037 ms
      Max duration:      21,031 ms

  [THROUGHPUT]
      Average:           1,563 kbps
      Median:            283 kbps
      Min / Max:         0 / 21,442 kbps
      Std deviation:     3,370.9 kbps

  [AVAILABLE BW (trace)]
      Average:           1,563 kbps
      Min / Max:         0 / 21,442 kbps
      Utilisation:       18.1%

  [BUFFER]
      Average level:     4.3 s
      Min / Max:         0.1 / 7.7 s

  [UTILIZATION]
      Bandwidth:         35.3%

======================================================================

[SAVED] results/results/run_all_20260525_151403/lldash-gpac_5g-ireland/benchmark_lldash-gpac_amazon_prime_driving_season3-theexpanse_B_2019_12_03_13_58_03_tc_20260525_184932.json

──────────────────────────────────────────────────────────────────────
  [16/83] amazon_prime_driving_season3-theexpanse_B_2019_12_04_07_26_30_tc.csv
──────────────────────────────────────────────────────────────────────
[TRACE] amazon_prime_driving_season3-theexpanse_B_2019_12_04_07_26_30_tc.csv
[LLDASH-GPAC] Trace file ready; gpac_server uses in-process bandwidth pacing.

======================================================================
  LLDASH-GPAC Streaming QoE Benchmark (dash.js / BOLA)
======================================================================
  Server: http://localhost:8082/player.html?mpd=http://localhost:8082/manifest.mpd
======================================================================

[TRACE] Loaded 2934 entries with bandwidth
[BROWSER] Launching headless Chromium...
[BROWSER] Waiting for playback to start...
   Startup delay: 6999ms

[PLAYBACK] Collecting metrics...
   t=10s | buffer: 0.1s | bitrate: 100 kbps | tp: 36 kbps | trace_bw: 36 kbps
   t=20s | buffer: 0.1s | bitrate: 100 kbps | tp: 43700 kbps | trace_bw: 43700 kbps
   t=31s | buffer: 4.0s | bitrate: 100 kbps | tp: 2802 kbps | trace_bw: 2802 kbps
   t=41s | buffer: 5.9s | bitrate: 100 kbps | tp: 0 kbps | trace_bw: 0 kbps
   t=51s | buffer: 5.8s | bitrate: 100 kbps | tp: 0 kbps | trace_bw: 0 kbps
   t=61s | buffer: 3.4s | bitrate: 100 kbps | tp: 2507 kbps | trace_bw: 2507 kbps
   t=71s | buffer: 5.3s | bitrate: 100 kbps | tp: 0 kbps | trace_bw: 0 kbps
   t=82s | buffer: 5.0s | bitrate: 100 kbps | tp: 326 kbps | trace_bw: 326 kbps
   t=92s | buffer: 6.9s | bitrate: 100 kbps | tp: 0 kbps | trace_bw: 0 kbps
   t=102s | buffer: 6.8s | bitrate: 100 kbps | tp: 271 kbps | trace_bw: 271 kbps
   t=112s | buffer: 6.4s | bitrate: 100 kbps | tp: 273 kbps | trace_bw: 273 kbps

======================================================================
  BENCHMARK RESULTS (LLDASH-GPAC / dash.js / BOLA)
======================================================================

  [TIMING]
      Startup delay:     6,999 ms
      Playback time:     103.8 s

  [BITRATE]
      Average (selected):  133 kbps
      Average (effective): 109 kbps
      Min / Max:           100 / 200 kbps
      Median:              100 kbps
      Std deviation:       47.1 kbps
      Variance:            2,222.2
      25th/75th %ile:      100 / 200 kbps

  [SWITCHES]
      Total count:       2
      Up / Down:         1 / 1
      Avg magnitude:     100 kbps

  [REBUFFERING]
      Events:            2
      Total time:        23,410 ms
      Ratio:             18.4016%
      Frequency:         1.156 per minute
      Avg duration:      11,705 ms
      Max duration:      16,561 ms

  [THROUGHPUT]
      Average:           1,530 kbps
      Median:            271 kbps
      Min / Max:         0 / 43,700 kbps
      Std deviation:     5,771.5 kbps

  [AVAILABLE BW (trace)]
      Average:           1,530 kbps
      Min / Max:         0 / 43,700 kbps
      Utilisation:       17.7%

  [BUFFER]
      Average level:     4.1 s
      Min / Max:         0.1 / 7.8 s

  [UTILIZATION]
      Bandwidth:         49.2%

======================================================================

[SAVED] results/results/run_all_20260525_151403/lldash-gpac_5g-ireland/benchmark_lldash-gpac_amazon_prime_driving_season3-theexpanse_B_2019_12_04_07_26_30_tc_20260525_185157.json

──────────────────────────────────────────────────────────────────────
  [17/83] amazon_prime_driving_season3-theexpanse_B_2019_12_04_11_58_01_tc.csv
──────────────────────────────────────────────────────────────────────
[TRACE] amazon_prime_driving_season3-theexpanse_B_2019_12_04_11_58_01_tc.csv
[LLDASH-GPAC] Trace file ready; gpac_server uses in-process bandwidth pacing.

======================================================================
  LLDASH-GPAC Streaming QoE Benchmark (dash.js / BOLA)
======================================================================
  Server: http://localhost:8082/player.html?mpd=http://localhost:8082/manifest.mpd
======================================================================

[TRACE] Loaded 1394 entries with bandwidth
[BROWSER] Launching headless Chromium...
[BROWSER] Waiting for playback to start...
   Startup delay: 2661ms

[PLAYBACK] Collecting metrics...
   t=10s | buffer: 0.1s | bitrate: 100 kbps | tp: 7242 kbps | trace_bw: 7242 kbps
   t=20s | buffer: 3.3s | bitrate: 100 kbps | tp: 12080 kbps | trace_bw: 12080 kbps
   t=31s | buffer: 7.2s | bitrate: 100 kbps | tp: 285 kbps | trace_bw: 285 kbps
   t=41s | buffer: 1.1s | bitrate: 100 kbps | tp: 129 kbps | trace_bw: 129 kbps
   t=51s | buffer: 4.7s | bitrate: 100 kbps | tp: 1018 kbps | trace_bw: 1018 kbps
   t=61s | buffer: 6.6s | bitrate: 100 kbps | tp: 102 kbps | trace_bw: 102 kbps
   t=71s | buffer: 6.5s | bitrate: 100 kbps | tp: 0 kbps | trace_bw: 0 kbps
   t=82s | buffer: 6.2s | bitrate: 100 kbps | tp: 712 kbps | trace_bw: 712 kbps
   t=92s | buffer: 4.1s | bitrate: 100 kbps | tp: 282 kbps | trace_bw: 282 kbps
   t=102s | buffer: 5.7s | bitrate: 100 kbps | tp: 839 kbps | trace_bw: 839 kbps
   t=112s | buffer: 5.6s | bitrate: 100 kbps | tp: 0 kbps | trace_bw: 0 kbps

======================================================================
  BENCHMARK RESULTS (LLDASH-GPAC / dash.js / BOLA)
======================================================================

  [TIMING]
      Startup delay:     2,661 ms
      Playback time:     104.7 s

  [BITRATE]
      Average (selected):  100 kbps
      Average (effective): 85 kbps
      Min / Max:           100 / 100 kbps
      Median:              100 kbps
      Std deviation:       0.0 kbps
      Variance:            0.0
      25th/75th %ile:      100 / 100 kbps

  [SWITCHES]
      Total count:       0
      Up / Down:         0 / 0
      Avg magnitude:     0 kbps

  [REBUFFERING]
      Events:            3
      Total time:        18,287 ms
      Ratio:             14.8697%
      Frequency:         1.719 per minute
      Avg duration:      6,096 ms
      Max duration:      15,543 ms

  [THROUGHPUT]
      Average:           1,506 kbps
      Median:            282 kbps
      Min / Max:         0 / 14,602 kbps
      Std deviation:     3,278.3 kbps

  [AVAILABLE BW (trace)]
      Average:           1,506 kbps
      Min / Max:         0 / 14,602 kbps
      Utilisation:       18.7%

  [BUFFER]
      Average level:     4.2 s
      Min / Max:         0.1 / 7.7 s

  [UTILIZATION]
      Bandwidth:         35.5%

======================================================================

[SAVED] results/results/run_all_20260525_151403/lldash-gpac_5g-ireland/benchmark_lldash-gpac_amazon_prime_driving_season3-theexpanse_B_2019_12_04_11_58_01_tc_20260525_185408.json

──────────────────────────────────────────────────────────────────────
  [18/83] amazon_prime_driving_season3-theexpanse_B_2019_12_04_14_24_21_tc.csv
──────────────────────────────────────────────────────────────────────
[TRACE] amazon_prime_driving_season3-theexpanse_B_2019_12_04_14_24_21_tc.csv
[LLDASH-GPAC] Trace file ready; gpac_server uses in-process bandwidth pacing.

======================================================================
  LLDASH-GPAC Streaming QoE Benchmark (dash.js / BOLA)
======================================================================
  Server: http://localhost:8082/player.html?mpd=http://localhost:8082/manifest.mpd
======================================================================

[TRACE] Loaded 1012 entries with bandwidth
[BROWSER] Launching headless Chromium...
[BROWSER] Waiting for playback to start...
   Startup delay: 21783ms

[PLAYBACK] Collecting metrics...
   t=10s | buffer: 2.0s | bitrate: 100 kbps | tp: 2309 kbps | trace_bw: 2309 kbps
   t=20s | buffer: 1.9s | bitrate: 100 kbps | tp: 0 kbps | trace_bw: 0 kbps
   t=31s | buffer: 5.6s | bitrate: 100 kbps | tp: 272 kbps | trace_bw: 272 kbps
   t=41s | buffer: 5.5s | bitrate: 100 kbps | tp: 274 kbps | trace_bw: 274 kbps
   t=51s | buffer: 3.1s | bitrate: 100 kbps | tp: 405 kbps | trace_bw: 405 kbps
   t=61s | buffer: 5.0s | bitrate: 100 kbps | tp: 2260 kbps | trace_bw: 2260 kbps
   t=71s | buffer: 6.7s | bitrate: 100 kbps | tp: 275 kbps | trace_bw: 275 kbps
   t=82s | buffer: 2.6s | bitrate: 100 kbps | tp: 0 kbps | trace_bw: 0 kbps
   t=92s | buffer: 4.5s | bitrate: 100 kbps | tp: 0 kbps | trace_bw: 0 kbps
   t=102s | buffer: 4.1s | bitrate: 100 kbps | tp: 4059 kbps | trace_bw: 4059 kbps
   t=112s | buffer: 2.0s | bitrate: 100 kbps | tp: 4034 kbps | trace_bw: 4034 kbps

======================================================================
  BENCHMARK RESULTS (LLDASH-GPAC / dash.js / BOLA)
======================================================================

  [TIMING]
      Startup delay:     21,783 ms
      Playback time:     119.5 s

  [BITRATE]
      Average (selected):  100 kbps
      Average (effective): 84 kbps
      Min / Max:           100 / 100 kbps
      Median:              100 kbps
      Std deviation:       0.0 kbps
      Variance:            0.0
      25th/75th %ile:      100 / 100 kbps

  [SWITCHES]
      Total count:       0
      Up / Down:         0 / 0
      Avg magnitude:     0 kbps

  [REBUFFERING]
      Events:            3
      Total time:        22,443 ms
      Ratio:             15.8068%
      Frequency:         1.506 per minute
      Avg duration:      7,481 ms
      Max duration:      21,638 ms

  [THROUGHPUT]
      Average:           2,637 kbps
      Median:            273 kbps
      Min / Max:         0 / 61,439 kbps
      Std deviation:     9,042.9 kbps

  [AVAILABLE BW (trace)]
      Average:           2,637 kbps
      Min / Max:         0 / 61,439 kbps
      Utilisation:       10.4%

  [BUFFER]
      Average level:     4.4 s
      Min / Max:         0.1 / 7.6 s

  [UTILIZATION]
      Bandwidth:         36.6%

======================================================================

[SAVED] results/results/run_all_20260525_151403/lldash-gpac_5g-ireland/benchmark_lldash-gpac_amazon_prime_driving_season3-theexpanse_B_2019_12_04_14_24_21_tc_20260525_185615.json

──────────────────────────────────────────────────────────────────────
  [19/83] amazon_prime_driving_season3-theexpanse_B_2019_12_06_07_31_16_tc.csv
──────────────────────────────────────────────────────────────────────
[TRACE] amazon_prime_driving_season3-theexpanse_B_2019_12_06_07_31_16_tc.csv
[LLDASH-GPAC] Trace file ready; gpac_server uses in-process bandwidth pacing.

======================================================================
  LLDASH-GPAC Streaming QoE Benchmark (dash.js / BOLA)
======================================================================
  Server: http://localhost:8082/player.html?mpd=http://localhost:8082/manifest.mpd
======================================================================

[TRACE] Loaded 4455 entries with bandwidth
[BROWSER] Launching headless Chromium...
[BROWSER] Waiting for playback to start...
   Startup delay: 2128ms

[PLAYBACK] Collecting metrics...
   t=10s | buffer: 2.1s | bitrate: 100 kbps | tp: 11073 kbps | trace_bw: 11073 kbps
   t=20s | buffer: 0.1s | bitrate: 200 kbps | tp: 2 kbps | trace_bw: 2 kbps
   t=31s | buffer: 0.1s | bitrate: 200 kbps | tp: 0 kbps | trace_bw: 0 kbps
   t=41s | buffer: 0.1s | bitrate: 200 kbps | tp: 0 kbps | trace_bw: 0 kbps
   t=51s | buffer: 6.7s | bitrate: 100 kbps | tp: 275 kbps | trace_bw: 275 kbps
   t=61s | buffer: 2.3s | bitrate: 100 kbps | tp: 2644 kbps | trace_bw: 2644 kbps
   t=72s | buffer: 6.2s | bitrate: 100 kbps | tp: 0 kbps | trace_bw: 0 kbps
   t=82s | buffer: 4.1s | bitrate: 100 kbps | tp: 270 kbps | trace_bw: 270 kbps
   t=92s | buffer: 5.8s | bitrate: 100 kbps | tp: 0 kbps | trace_bw: 0 kbps
   t=102s | buffer: 5.7s | bitrate: 100 kbps | tp: 0 kbps | trace_bw: 0 kbps
   t=112s | buffer: 5.6s | bitrate: 100 kbps | tp: 272 kbps | trace_bw: 272 kbps

======================================================================
  BENCHMARK RESULTS (LLDASH-GPAC / dash.js / BOLA)
======================================================================

  [TIMING]
      Startup delay:     2,128 ms
      Playback time:     98.9 s

  [BITRATE]
      Average (selected):  140 kbps
      Average (effective): 113 kbps
      Min / Max:           100 / 200 kbps
      Median:              100 kbps
      Std deviation:       49.0 kbps
      Variance:            2,400.0
      25th/75th %ile:      100 / 200 kbps

  [SWITCHES]
      Total count:       4
      Up / Down:         2 / 2
      Avg magnitude:     100 kbps

  [REBUFFERING]
      Events:            4
      Total time:        23,564 ms
      Ratio:             19.2471%
      Frequency:         2.428 per minute
      Avg duration:      5,891 ms
      Max duration:      21,349 ms

  [THROUGHPUT]
      Average:           1,853 kbps
      Median:            85 kbps
      Min / Max:         0 / 58,458 kbps
      Std deviation:     6,724.9 kbps

  [AVAILABLE BW (trace)]
      Average:           1,853 kbps
      Min / Max:         0 / 58,458 kbps
      Utilisation:       4.6%

  [BUFFER]
      Average level:     3.5 s
      Min / Max:         0.1 / 7.7 s

  [UTILIZATION]
      Bandwidth:         164.7%

======================================================================

[SAVED] results/results/run_all_20260525_151403/lldash-gpac_5g-ireland/benchmark_lldash-gpac_amazon_prime_driving_season3-theexpanse_B_2019_12_06_07_31_16_tc_20260525_185840.json

──────────────────────────────────────────────────────────────────────
  [20/83] amazon_prime_driving_season3-theexpanse_B_2019_12_06_09_32_38_tc.csv
──────────────────────────────────────────────────────────────────────
[TRACE] amazon_prime_driving_season3-theexpanse_B_2019_12_06_09_32_38_tc.csv
[LLDASH-GPAC] Trace file ready; gpac_server uses in-process bandwidth pacing.

======================================================================
  LLDASH-GPAC Streaming QoE Benchmark (dash.js / BOLA)
======================================================================
  Server: http://localhost:8082/player.html?mpd=http://localhost:8082/manifest.mpd
======================================================================

[TRACE] Loaded 914 entries with bandwidth
[BROWSER] Launching headless Chromium...
[BROWSER] Waiting for playback to start...
   Startup delay: 21342ms

[PLAYBACK] Collecting metrics...
   t=10s | buffer: 1.9s | bitrate: 100 kbps | tp: 1 kbps | trace_bw: 1 kbps
   t=20s | buffer: 1.8s | bitrate: 100 kbps | tp: 0 kbps | trace_bw: 0 kbps
   t=31s | buffer: 5.4s | bitrate: 100 kbps | tp: 0 kbps | trace_bw: 0 kbps
   t=41s | buffer: 5.3s | bitrate: 100 kbps | tp: 566 kbps | trace_bw: 566 kbps
   t=51s | buffer: 5.2s | bitrate: 100 kbps | tp: 270 kbps | trace_bw: 270 kbps
   t=61s | buffer: 6.9s | bitrate: 100 kbps | tp: 289 kbps | trace_bw: 289 kbps
   t=71s | buffer: 4.8s | bitrate: 100 kbps | tp: 0 kbps | trace_bw: 0 kbps
   t=82s | buffer: 6.4s | bitrate: 100 kbps | tp: 2657 kbps | trace_bw: 2657 kbps
   t=92s | buffer: 6.3s | bitrate: 100 kbps | tp: 0 kbps | trace_bw: 0 kbps
   t=102s | buffer: 4.2s | bitrate: 100 kbps | tp: 278 kbps | trace_bw: 278 kbps
   t=112s | buffer: 0.1s | bitrate: 100 kbps | tp: 276 kbps | trace_bw: 276 kbps

======================================================================
  BENCHMARK RESULTS (LLDASH-GPAC / dash.js / BOLA)
======================================================================

  [TIMING]
      Startup delay:     21,342 ms
      Playback time:     105.9 s

  [BITRATE]
      Average (selected):  100 kbps
      Average (effective): 75 kbps
      Min / Max:           100 / 100 kbps
      Median:              100 kbps
      Std deviation:       0.0 kbps
      Variance:            0.0
      25th/75th %ile:      100 / 100 kbps

  [SWITCHES]
      Total count:       0
      Up / Down:         0 / 0
      Avg magnitude:     0 kbps

  [REBUFFERING]
      Events:            2
      Total time:        35,692 ms
      Ratio:             25.2104%
      Frequency:         1.133 per minute
      Avg duration:      21,193 ms
      Max duration:      21,193 ms

  [THROUGHPUT]
      Average:           1,823 kbps
      Median:            274 kbps
      Min / Max:         0 / 64,616 kbps
      Std deviation:     7,333.7 kbps

  [AVAILABLE BW (trace)]
      Average:           1,823 kbps
      Min / Max:         0 / 64,616 kbps
      Utilisation:       15.0%

  [BUFFER]
      Average level:     4.4 s
      Min / Max:         0.1 / 7.6 s

  [UTILIZATION]
      Bandwidth:         36.5%

======================================================================

[SAVED] results/results/run_all_20260525_151403/lldash-gpac_5g-ireland/benchmark_lldash-gpac_amazon_prime_driving_season3-theexpanse_B_2019_12_06_09_32_38_tc_20260525_190046.json

──────────────────────────────────────────────────────────────────────
  [21/83] amazon_prime_driving_season3-theexpanse_B_2019_12_06_11_49_24_tc.csv
──────────────────────────────────────────────────────────────────────
[TRACE] amazon_prime_driving_season3-theexpanse_B_2019_12_06_11_49_24_tc.csv
[LLDASH-GPAC] Trace file ready; gpac_server uses in-process bandwidth pacing.

======================================================================
  LLDASH-GPAC Streaming QoE Benchmark (dash.js / BOLA)
======================================================================
  Server: http://localhost:8082/player.html?mpd=http://localhost:8082/manifest.mpd
======================================================================

[TRACE] Loaded 2548 entries with bandwidth
[BROWSER] Launching headless Chromium...
[BROWSER] Waiting for playback to start...
   Startup delay: 22685ms

[PLAYBACK] Collecting metrics...
   t=10s | buffer: 0.1s | bitrate: 100 kbps | tp: 16207 kbps | trace_bw: 16207 kbps
   t=20s | buffer: 0.1s | bitrate: 100 kbps | tp: 0 kbps | trace_bw: 0 kbps
   t=31s | buffer: 0.1s | bitrate: 100 kbps | tp: 0 kbps | trace_bw: 0 kbps
   t=41s | buffer: 6.1s | bitrate: 100 kbps | tp: 0 kbps | trace_bw: 0 kbps
   t=51s | buffer: 5.8s | bitrate: 100 kbps | tp: 0 kbps | trace_bw: 0 kbps
   t=61s | buffer: 1.7s | bitrate: 100 kbps | tp: 1556 kbps | trace_bw: 1556 kbps
   t=71s | buffer: 5.3s | bitrate: 100 kbps | tp: 901 kbps | trace_bw: 901 kbps
   t=82s | buffer: 3.2s | bitrate: 100 kbps | tp: 0 kbps | trace_bw: 0 kbps
   t=92s | buffer: 0.1s | bitrate: 100 kbps | tp: 0 kbps | trace_bw: 0 kbps
   t=102s | buffer: 1.8s | bitrate: 100 kbps | tp: 1 kbps | trace_bw: 1 kbps
   t=112s | buffer: 5.4s | bitrate: 100 kbps | tp: 0 kbps | trace_bw: 0 kbps

======================================================================
  BENCHMARK RESULTS (LLDASH-GPAC / dash.js / BOLA)
======================================================================

  [TIMING]
      Startup delay:     22,685 ms
      Playback time:     80.4 s

  [BITRATE]
      Average (selected):  100 kbps
      Average (effective): 56 kbps
      Min / Max:           100 / 100 kbps
      Median:              100 kbps
      Std deviation:       0.0 kbps
      Variance:            0.0
      25th/75th %ile:      100 / 100 kbps

  [SWITCHES]
      Total count:       0
      Up / Down:         0 / 0
      Avg magnitude:     0 kbps

  [REBUFFERING]
      Events:            9
      Total time:        62,195 ms
      Ratio:             43.6295%
      Frequency:         6.720 per minute
      Avg duration:      6,911 ms
      Max duration:      22,521 ms

  [THROUGHPUT]
      Average:           2,416 kbps
      Median:            2 kbps
      Min / Max:         0 / 58,553 kbps
      Std deviation:     9,708.6 kbps

  [AVAILABLE BW (trace)]
      Average:           2,416 kbps
      Min / Max:         0 / 58,553 kbps
      Utilisation:       0.1%

  [BUFFER]
      Average level:     2.9 s
      Min / Max:         0.1 / 7.5 s

  [UTILIZATION]
      Bandwidth:         5000.0%

======================================================================

[SAVED] results/results/run_all_20260525_151403/lldash-gpac_5g-ireland/benchmark_lldash-gpac_amazon_prime_driving_season3-theexpanse_B_2019_12_06_11_49_24_tc_20260525_190311.json

──────────────────────────────────────────────────────────────────────
  [22/83] amazon_prime_static_animated-ninjago_B_2020_01_06_09_55_13_tc.csv
──────────────────────────────────────────────────────────────────────
[TRACE] amazon_prime_static_animated-ninjago_B_2020_01_06_09_55_13_tc.csv
[LLDASH-GPAC] Trace file ready; gpac_server uses in-process bandwidth pacing.

======================================================================
  LLDASH-GPAC Streaming QoE Benchmark (dash.js / BOLA)
======================================================================
  Server: http://localhost:8082/player.html?mpd=http://localhost:8082/manifest.mpd
======================================================================

[TRACE] Loaded 3739 entries with bandwidth
[BROWSER] Launching headless Chromium...
[BROWSER] Waiting for playback to start...
   Startup delay: 1672ms

[PLAYBACK] Collecting metrics...
   t=10s | buffer: 3.9s | bitrate: 100 kbps | tp: 0 kbps | trace_bw: 0 kbps
   t=20s | buffer: 5.8s | bitrate: 100 kbps | tp: 1893 kbps | trace_bw: 1893 kbps
   t=31s | buffer: 1.6s | bitrate: 100 kbps | tp: 0 kbps | trace_bw: 0 kbps
   t=41s | buffer: 1.6s | bitrate: 100 kbps | tp: 52 kbps | trace_bw: 52 kbps
   t=51s | buffer: 1.3s | bitrate: 100 kbps | tp: 4 kbps | trace_bw: 4 kbps
   t=61s | buffer: 0.1s | bitrate: 100 kbps | tp: 279 kbps | trace_bw: 279 kbps
   t=71s | buffer: 1.8s | bitrate: 100 kbps | tp: 0 kbps | trace_bw: 0 kbps
   t=82s | buffer: 0.1s | bitrate: 100 kbps | tp: 1 kbps | trace_bw: 1 kbps
   t=92s | buffer: 0.1s | bitrate: 100 kbps | tp: 279 kbps | trace_bw: 279 kbps
   t=102s | buffer: 5.6s | bitrate: 100 kbps | tp: 281 kbps | trace_bw: 281 kbps
   t=112s | buffer: 0.1s | bitrate: 100 kbps | tp: 2 kbps | trace_bw: 2 kbps

======================================================================
  BENCHMARK RESULTS (LLDASH-GPAC / dash.js / BOLA)
======================================================================

  [TIMING]
      Startup delay:     1,672 ms
      Playback time:     71.9 s

  [BITRATE]
      Average (selected):  100 kbps
      Average (effective): 59 kbps
      Min / Max:           100 / 100 kbps
      Median:              100 kbps
      Std deviation:       0.0 kbps
      Variance:            0.0
      25th/75th %ile:      100 / 100 kbps

  [SWITCHES]
      Total count:       0
      Up / Down:         0 / 0
      Avg magnitude:     0 kbps

  [REBUFFERING]
      Events:            10
      Total time:        50,171 ms
      Ratio:             41.1052%
      Frequency:         8.347 per minute
      Avg duration:      4,574 ms
      Max duration:      19,908 ms

  [THROUGHPUT]
      Average:           5,672 kbps
      Median:            2 kbps
      Min / Max:         0 / 194,256 kbps
      Std deviation:     23,011.7 kbps

  [AVAILABLE BW (trace)]
      Average:           5,672 kbps
      Min / Max:         0 / 194,256 kbps
      Utilisation:       0.0%

  [BUFFER]
      Average level:     1.8 s
      Min / Max:         0.1 / 7.5 s

  [UTILIZATION]
      Bandwidth:         5000.0%

======================================================================

[SAVED] results/results/run_all_20260525_151403/lldash-gpac_5g-ireland/benchmark_lldash-gpac_amazon_prime_static_animated-ninjago_B_2020_01_06_09_55_13_tc_20260525_190537.json

──────────────────────────────────────────────────────────────────────
  [23/83] amazon_prime_static_animated-ninjago_B_2020_01_06_11_08_12_tc.csv
──────────────────────────────────────────────────────────────────────
[TRACE] amazon_prime_static_animated-ninjago_B_2020_01_06_11_08_12_tc.csv
[LLDASH-GPAC] Trace file ready; gpac_server uses in-process bandwidth pacing.

======================================================================
  LLDASH-GPAC Streaming QoE Benchmark (dash.js / BOLA)
======================================================================
  Server: http://localhost:8082/player.html?mpd=http://localhost:8082/manifest.mpd
======================================================================

[TRACE] Loaded 1614 entries with bandwidth
[BROWSER] Launching headless Chromium...
[BROWSER] Waiting for playback to start...
   Startup delay: 1673ms

[PLAYBACK] Collecting metrics...
   t=10s | buffer: 2.0s | bitrate: 100 kbps | tp: 88740 kbps | trace_bw: 88740 kbps
   t=20s | buffer: 2.3s | bitrate: 200 kbps | tp: 0 kbps | trace_bw: 0 kbps
   t=31s | buffer: 6.2s | bitrate: 100 kbps | tp: 0 kbps | trace_bw: 0 kbps
   t=41s | buffer: 1.8s | bitrate: 100 kbps | tp: 0 kbps | trace_bw: 0 kbps
   t=51s | buffer: 0.1s | bitrate: 100 kbps | tp: 0 kbps | trace_bw: 0 kbps
   t=61s | buffer: 2.6s | bitrate: 100 kbps | tp: 2723 kbps | trace_bw: 2723 kbps
   t=72s | buffer: 0.1s | bitrate: 100 kbps | tp: 280 kbps | trace_bw: 280 kbps
   t=82s | buffer: 0.1s | bitrate: 100 kbps | tp: 3982 kbps | trace_bw: 3982 kbps
   t=92s | buffer: 6.4s | bitrate: 100 kbps | tp: 276 kbps | trace_bw: 276 kbps
   t=102s | buffer: 2.3s | bitrate: 100 kbps | tp: 284 kbps | trace_bw: 284 kbps
   t=112s | buffer: 4.2s | bitrate: 100 kbps | tp: 8290 kbps | trace_bw: 8290 kbps

======================================================================
  BENCHMARK RESULTS (LLDASH-GPAC / dash.js / BOLA)
======================================================================

  [TIMING]
      Startup delay:     1,673 ms
      Playback time:     96.2 s

  [BITRATE]
      Average (selected):  140 kbps
      Average (effective): 110 kbps
      Min / Max:           100 / 200 kbps
      Median:              100 kbps
      Std deviation:       49.0 kbps
      Variance:            2,400.0
      25th/75th %ile:      100 / 200 kbps

  [SWITCHES]
      Total count:       4
      Up / Down:         2 / 2
      Avg magnitude:     100 kbps

  [REBUFFERING]
      Events:            6
      Total time:        25,835 ms
      Ratio:             21.1716%
      Frequency:         3.743 per minute
      Avg duration:      4,306 ms
      Max duration:      20,388 ms

  [THROUGHPUT]
      Average:           4,262 kbps
      Median:            276 kbps
      Min / Max:         0 / 153,802 kbps
      Std deviation:     17,236.0 kbps

  [AVAILABLE BW (trace)]
      Average:           4,262 kbps
      Min / Max:         0 / 153,802 kbps
      Utilisation:       6.5%

  [BUFFER]
      Average level:     2.8 s
      Min / Max:         0.1 / 7.9 s

  [UTILIZATION]
      Bandwidth:         50.7%

======================================================================

[SAVED] results/results/run_all_20260525_151403/lldash-gpac_5g-ireland/benchmark_lldash-gpac_amazon_prime_static_animated-ninjago_B_2020_01_06_11_08_12_tc_20260525_190743.json

──────────────────────────────────────────────────────────────────────
  [24/83] amazon_prime_static_animated-ninjago_B_2020_01_06_11_40_29_tc.csv
──────────────────────────────────────────────────────────────────────
[TRACE] amazon_prime_static_animated-ninjago_B_2020_01_06_11_40_29_tc.csv
[LLDASH-GPAC] Trace file ready; gpac_server uses in-process bandwidth pacing.

======================================================================
  LLDASH-GPAC Streaming QoE Benchmark (dash.js / BOLA)
======================================================================
  Server: http://localhost:8082/player.html?mpd=http://localhost:8082/manifest.mpd
======================================================================

[TRACE] Loaded 6581 entries with bandwidth
[BROWSER] Launching headless Chromium...
[BROWSER] Waiting for playback to start...
   Startup delay: 2480ms

[PLAYBACK] Collecting metrics...
   t=10s | buffer: 6.8s | bitrate: 100 kbps | tp: 57 kbps | trace_bw: 57 kbps
   t=20s | buffer: 2.7s | bitrate: 100 kbps | tp: 5803 kbps | trace_bw: 5803 kbps
   t=31s | buffer: 0.1s | bitrate: 100 kbps | tp: 2 kbps | trace_bw: 2 kbps
   t=41s | buffer: 0.1s | bitrate: 100 kbps | tp: 3400 kbps | trace_bw: 3400 kbps
   t=51s | buffer: 0.1s | bitrate: 100 kbps | tp: 3 kbps | trace_bw: 3 kbps
   t=61s | buffer: 0.1s | bitrate: 100 kbps | tp: 10 kbps | trace_bw: 10 kbps
   t=71s | buffer: 0.1s | bitrate: 100 kbps | tp: 2 kbps | trace_bw: 2 kbps
   t=82s | buffer: 0.1s | bitrate: 100 kbps | tp: 4 kbps | trace_bw: 4 kbps
   t=92s | buffer: 0.1s | bitrate: 100 kbps | tp: 31 kbps | trace_bw: 31 kbps
   t=102s | buffer: 0.1s | bitrate: 100 kbps | tp: 2 kbps | trace_bw: 2 kbps
[BROWSER-ERROR] dash.js error {"code":27,"message":"http://localhost:8082/ll2s-chunk-stream0-00012.m4s is not available","data":{"request":{"action":"download","availabilityEndTime":null,"availabilityStartTime":"2026-05-26T02:09:51.611Z","bandwidth":100000,"bytesLoaded":null,"bytesTotal":null,"delayLoadingTime":1779761415226,"duration":2,"endDate":"2026-05-26T02:11:38.260Z","firstByteDate":"2026-05-26T02:11:18.264Z","index":11,"isPartialSegmentRequest":false,"mediaStartTime":22,"mediaType":"video","presentationStartTime":22,"representation":{"absoluteIndex":0,"adaptation":{"period":{"id":"0","index":0,"duration":596.4,"start":0,"mpd":{"availabilityEndTime":null,"availabilityStartTime":"2026-05-26T02:09:51.611Z","manifest":{"nodeName":"MPD","nodeValue":null,"attributes":{"xmlns:xsi":"http://www.w3.org/2001/XMLSchema-instance","xmlns":"urn:mpeg:dash:schema:mpd:2011","xmlns:xlink":"http://www.w3.org/1999/xlink","xsi:schemaLocation":"urn:mpeg:DASH:schema:MPD:2011 http://standards.iso.org/ittf/PubliclyAvailableStandards/MPEG-DASH_schema_files/DASH-MPD.xsd","profiles":"urn:mpeg:dash:profile:isoff-live:2011","type":"static","mediaPresentationDuration":"PT9M56.4S","minBufferTime":"PT4.0S"},"childNodes":[{"nodeName":"ProgramInformation","nodeValue":null,"attributes":{},"childNodes":[{"nodeName":"Title","nodeValue":null,"attributes":{},"childNodes":[{"nodeName":"#text","nodeValue":"Big Buck Bunny","attributes":{},"childNodes":[]}],"prefix":null,"localName":"Title","tagName":"Title","__text":"Big Buck Bunny","__children":[{"nodeName":"#text","nodeValue":"Big Buck Bunny","attributes":{},"childNodes":[]}]}],"prefix":null,"localName":"ProgramInformation","tagName":"ProgramInformation","Title":{"nodeName":"Title","nodeValue":null,"attributes":{},"childNodes":[{"nodeName":"#text","nodeValue":"Big Buck Bunny","attributes":{},"childNodes":[]}],"prefix":null,"localName":"Title","tagName":"Title","__text":"Big Buck Bunny","__children":[{"nodeName":"#text","nodeValue":"Big Buck Bunny","attributes":{},"childNodes":[]}]},"__children":[{"nodeName":"Title","nodeValue":null,"attributes":{},"childNodes":[{"nodeName":"#text","nodeValue":"Big Buck Bunny","attributes":{},"childNodes":[]}],"prefix":null,"localName":"Title","tagName":"Title","__text":"Big Buck Bunny","__children":[{"nodeName":"#text","nodeValue":"Big Buck Bunny","attributes":{},"childNodes":[]}]}]},{"nodeName":"Period","nodeValue":null,"attributes":{"id":"0","start":"PT0.0S"},"childNodes":[{"nodeName":"AdaptationSet","nodeValue":null,"attributes":{"id":"0","contentType":"video","segmentAlignment":"true","bitstreamSwitching":"false"},"childNodes":[{"nodeName":"Representation","nodeValue":null,"attributes":{"id":"0","mimeType":"video/mp4","codecs":"avc1.64001f","bandwidth":"100000","width":"256","height":"144","frameRate":"24/1"},"childNodes":[{"nodeName":"SegmentTemplate","nodeValue":null,"attributes":{"timescale":"12288","initialization":"ll2s-init-stream$RepresentationID$.m4s","media":"ll2s-chunk-stream$RepresentationID$-$Number%05d$.m4s","startNumber":"1"},"childNodes":[{"nodeName":"SegmentTimeline","nodeValue":null,"attributes":{},"childNodes":[{"nodeName":"S","nodeValue":null,"attributes":{"t":"0","d":"24576","r":"297"},"childNodes":[],"prefix":null,"localName":"S","tagName":"S","t":0,"d":24576,"r":297,"__children":[]},{"nodeName":"S","nodeValue":null,"attributes":{"d":"5632"},"childNodes":[],"prefix":null,"localName":"S","tagName":"S","d":5632,"__children":[]}],"prefix":null,"localName":"SegmentTimeline","tagName":"SegmentTimeline","S":[{"nodeName":"S","nodeValue":null,"attributes":{"t":"0","d":"24576","r":"297"},"childNodes":[],"prefix":null,"localName":"S","tagName":"S","t":0,"d":24576,"r":297,"__children":[]},{"nodeName":"S","nodeValue":null,"attributes":{"d":"5632"},"childNodes":[],"prefix":null,"localName":"S","tagName":"S","d":5632,"__children":[]}],"__children":[{"nodeName":"S","nodeValue":null,"attributes":{"t":"0","d":"24576","r":"297"},"childNodes":[],"prefix":null,"localName":"S","tagName":"S","t":0,"d":24576,"r":297,"__children":[]},{"nodeName":"S","nodeValue":null,"attributes":{"d":"5632"},"childNodes":[],"prefix":null,"localName":"S","tagName":"S","d":5632,"__children":[]}]}],"prefix":null,"localName":"SegmentTemplate","tagName":"SegmentTemplate","timescale":12288,"initialization":"ll2s-init-stream$RepresentationID$.m4s","media":"ll2s-chunk-stream$RepresentationID$-$Number%05d$.m4s","startNumber":1,"SegmentTimeline":{"nodeName":"SegmentTimeline","nodeValue":null,"attributes":{},"childNodes":[{"nodeName":"S","nodeValue":null,"attributes":{"t":"0","d":"24576","r":"297"},"childNodes":[],"prefix":null,"localName":"S","tagName":"S","t":0,"d":24576,"r":297,"__children":[]},{"nodeName":"S","nodeValue":null,"attributes":{"d":"5632"},"childNodes":[],"prefix":null,"localName":"S","tagName":"S","d":5632,"__children":[]}],"prefix":null,"localName":"SegmentTimeline","tagName":"SegmentTimeline","S":[{"nodeName":"S","nodeValue":null,"attributes":{"t":"0","d":"24576","r":"297"},"childNodes":[],"prefix":null,"localName":"S","tagName":"S","t":0,"d":24576,"r":297,"__children":[]},{"nodeName":"S","nodeValue":null,"attributes":{"d":"5632"},"childNodes":[],"prefix":null,"localName":"S","tagName":"S","d":5632,"__children":[]}],"__children":[{"nodeName":"S","nodeValue":null,"attributes":{"t":"0","d":"24576","r":"297"},"childNodes":[],"prefix":null,"localName":"S","tagName":"S","t":0,"d":24576,"r":297,"__children":[]},{"nodeName":"S","nodeValue":null,"attributes":{"d":"5632"},"childNodes":[],"prefix":null,"localName":"S","tagName":"S","d":5632,"__children":[]}]},"__children":[{"nodeName":"SegmentTimeline","nodeValue":null,"attributes":{},"childNodes":[{"nodeName":"S","nodeValue":null,"attributes":{"t":"0","d":"24576","r":"297"},"childNodes":[],"prefix":null,"localName":"S","tagName":"S","t":0,"d":24576,"r":297,"__children":[]},{"nodeName":"S","nodeValue":null,"attributes":{"d":"5632"},"childNodes":[],"prefix":null,"localName":"S","tagName":"S","d":5632,"__children":[]}],"prefix":null,"localName":"SegmentTimeline","tagName":"SegmentTimeline","S":[{"nodeName":"S","nodeValue":null,"attributes":{"t":"0","d":"24576","r":"297"},"childNodes":[],"prefix":null,"localName":"S","tagName":"S","t":0,"d":24576,"r":297,"__children":[]},{"nodeName":"S","nodeValue":null,"attributes":{"d":"5632"},"childNodes":[],"prefix":null,"localName":"S","tagName":"S","d":5632,"__children":[]}],"__children":[{"nodeName":"S","nodeValue":null,"attributes":{"t":"0","d":"24576","r":"297"},"childNodes":[],"prefix":null,"localName":"S","tagName":"S","t":0,"d":24576,"r":297,"__children":[]},{"nodeName":"S","nodeValue":null,"attributes":{"d":"5632"},"childNodes":[],"prefix":null,"localName":"S","tagName":"S","d":5632,"__children":[]}]}]}],"prefix":null,"localName":"Representation","tagName":"Representation","id":"0","mimeType":"video/mp4","codecs":"avc1.64001f","bandwidth":100000,"width":256,"height":144,"frameRate":"24/1","SegmentTemplate":{"nodeName":"SegmentTemplate","nodeValue":null,"attributes":{"timescale":"12288","initialization":"ll2s-init-stream$RepresentationID$.m4s","media":"ll2s-chunk-stream$RepresentationID$-$Number%05d$.m4s","startNumber":"1"},"childNodes":[{"nodeName":"SegmentTimeline","nodeValue":null,"attributes":{},"childNodes":[{"nodeName":"S","nodeValue":null,"attributes":{"t":"0","d":"24576","r":"297"},"childNodes":[],"prefix":null,"localName":"S","tagName":"S","t":0,"d":24576,"r":297,"__children":[]},{"nodeName":"S","nodeValue":null,"attributes":{"d":"5632"},"childNodes":[],"prefix":null,"localName":"S","tagName":"S","d":5632,"__children":[]}],"prefix":null,"localName":"SegmentTimeline","tagName":"SegmentTimeline","S":[{"nodeName":"S","nodeValue":null,"attributes":{"t":"0","d":"24576","r":"297"},"childNodes":[],"prefix":null,"localName":"S","tagName":"S","t":0,"d":24576,"r":297,"__children":[]},{"nodeName":"S","nodeValue":null,"attributes":{"d":"5632"},"childNodes":[],"prefix":null,"localName":"S","tagName":"S","d":5632,"__children":[]}],"__children":[{"nodeName":"S","nodeValue":null,"attributes":{"t":"0","d":"24576","r":"297"},"childNodes":[],"prefix":null,"localName":"S","tagName":"S","t":0,"d":24576,"r":297,"__children":[]},{"nodeName":"S","nodeValue":null,"attributes":{"d":"5632"},"childNodes":[],"prefix":null,"localName":"S","tagName":"S","d":5632,"__children":[]}]}],"prefix":null,"localName":"SegmentTemplate","tagName":"SegmentTemplate","timescale":12288,"initialization":"ll2s-init-stream$RepresentationID$.m4s","media":"ll2s-chunk-stream$RepresentationID$-$Number%05d$.m4s","startNumber":1,"SegmentTimeline":{"nodeName":"SegmentTimeline","nodeValue":null,"attributes":{},"childNodes":[{"nodeName":"S","nodeValue":null,"attributes":{"t":"0","d":"24576","r":"297"},"childNodes":[],"prefix":null,"localName":"S","tagName":"S","t":0,"d":24576,"r":297,"__children":[]},{"nodeName":"S","nodeValue":null,"attributes":{"d":"5632"},"childNodes":[],"prefix":null,"localName":"S","tagName":"S","d":5632,"__children":[]}],"prefix":null,"localName":"SegmentTimeline","tagName":"SegmentTimeline","S":[{"nodeName":"S","nodeValue":null,"attributes":{"t":"0","d":"24576","r":"297"},"childNodes":[],"prefix":null,"localName":"S","tagName":"S","t":0,"d":24576,"r":297,"__children":[]},{"nodeName":"S","nodeValue":null,"attributes":{"d":"5632"},"childNodes":[],"prefix":null,"localName":"S","tagName":"S","d":5632,"__children":[]}],"__children":[{"nodeName":"S","nodeValue":null,"attributes":{"t":"0","d":"24576","r":"297"},"childNodes":[],"prefix":null,"localName":"S","tagName":"S","t":0,"d":24576,"r":297,"__children":[]},{"nodeName":"S","nodeValue":null,"attributes":{"d":"5632"},"childNodes":[],"prefix":null,"localName":"S","tagName":"S","d":5632,"__children":[]}]},"__children":[{"nodeName":"SegmentTimeline","nodeValue":null,"attributes":{},"childNodes":[{"nodeName":"S","nodeValue":null,"attributes":{"t":"0","d":"24576","r":"297"},"childNodes":[],"prefix":null,"localName":"S","tagName":"S","t":0,"d":24576,"r":297,"__children":[]},{"nodeName":"S","nodeValue":null,"attributes":{"d":"5632"},"childNodes":[],"prefix":null,"localName":"S","tagName":"S","d":5632,"__children":[]}],"prefix":null,"localName":"SegmentTimeline","tagName":"SegmentTimeline","S":[{"nodeName":"S","nodeValue":null,"attributes":{"t":"0","d":"24576","r":"297"},"childNodes":[],"prefix":null,"localName":"S","tagName":"S","t":0,"d":24576,"r":297,"__children":[]},{"nodeName":"S","nodeValue":null,"attributes":{"d":"5632"},"childNodes":[],"prefix":null,"localName":"S","tagName":"S","d":5632,"__children":[]}],"__children":[{"nodeName":"S","nodeValue":null,"attributes":{"t":"0","d":"24576","r":"297"},"childNodes":[],"prefix":null,"localName":"S","tagName":"S","t":0,"d":24576,"r":297,"__children":[]},{"nodeName":"S","nodeValue":null,"attributes":{"d":"5632"},"childNodes":[],"prefix":null,"localName":"S","tagName":"S","d":5632,"__children":[]}]}]},"__children":[{"nodeName":"SegmentTemplate","nodeValue":null,"attributes":{"timescale":"12288","initialization":"ll2s-init-stream$RepresentationID$.m4s","media":"ll2s-chunk-stream$RepresentationID$-$Number%05d$.m4s","startNumber":"1"},"childNodes":[{"nodeName":"SegmentTimeline","nodeValue":null,"attributes":{},"childNodes":[{"nodeName":"S","nodeValue":null,"attributes":{"t":"0","d":"24576","r":"297"},"childNodes":[],"prefix":null,"localName":"S","tagName":"S","t":0,"d":24576,"r":297,"__children":[]},{"nodeName":"S","nodeValue":null,"attributes":{"d":"5632"},"childNodes":[],"prefix":null,"localName":"S","tagName":"S","d":5632,"__children":[]}],"prefix":null,"localName":"SegmentTimeline","tagName":"SegmentTimeline","S":[{"nodeName":"S","nodeValue":null,"attributes":{"t":"0","d":"24576","r":"297"},"childNodes":[],"prefix":null,"localName":"S","tagName":"S","t":0,"d":24576,"r":297,"__children":[]},{"nodeName":"S","nodeValue":null,"attributes":{"d":"5632"},"childNodes":[],"prefix":null,"localName":"S","tagName":"S","d":5632,"__children":[]}],"__children":[{"nodeName":"S","nodeValue":null,"attributes":{"t":"0","d":"24576","r":"297"},"childNodes":[],"prefix":null,"localName":"S","tagName":"S","t":0,"d":24576,"r":297,"__children":[]},{"nodeName":"S","nodeValue":null,"attributes":{"d":"5632"},"childNodes":[],"prefix":null,"localName":"S","tagName":"S","d":5632,"__children":[]}]}],"prefix":null,"localName":"SegmentTemplate","tagName":"SegmentTemplate","timescale":12288,"initialization":"ll2s-init-stream$RepresentationID$.m4s","media":"ll2s-chunk-stream$RepresentationID$-$Number%05d$.m4s","startNumber":1,"SegmentTimeline":{"nodeName":"SegmentTimeline","nodeValue":null,"attributes":{},"childNodes":[{"nodeName":"S","nodeValue":null,"attributes":{"t":"0","d":"24576","r":"297"},"childNodes":[],"prefix":null,"localName":"S","tagName":"S","t":0,"d":24576,"r":297,"__children":[]},{"nodeName":"S","nodeValue":null,"attributes":{"d":"5632"},"childNodes":[],"prefix":null,"localName":"S","tagName":"S","d":5632,"__children":[]}],"prefix":null,"localName":"SegmentTimeline","tagName":"SegmentTimeline","S":[{"nodeName":"S","nodeValue":null,"attributes":{"t":"0","d":"24576","r":"297"},"childNodes":[],"prefix":null,"localName":"S","tagName":"S","t":0,"d":24576,"r":297,"__children":[]},{"nodeName":"S","nodeValue":null,"attributes":{"d":"5632"},"childNodes":[],"prefix":null,"localName":"S","tagName":"S","d":5632,"__children":[]}],"__children":[{"nodeName":"S","nodeValue":null,"attributes":{"t":"0","d":"24576","r":"297"},"childNodes":[],"prefix":null,"localName":"S","tagName":"S","t":0,"d":24576,"r":297,"__children":[]},{"nodeName":"S","nodeValue":null,"attributes":{"d":"5632"},"childNodes":[],"prefix":null,"localName":"S","tagName":"S","d":5632,"__children":[]}]},"__children":[{"nodeName":"SegmentTimeline","nodeValue":null,"attributes":{},"childNodes":[{"nodeName":"S","nodeValue":null,"attributes":{"t":"0","d":"24576","r":"297"},"childNodes":[],"prefix":null,"localName":"S","tagName":"S","t":0,"d":24576,"r":297,"__children":[]},{"nodeName":"S","nodeValue":null,"attributes":{"d":"5632"},"childNodes":[],"prefix":null,"localName":"S","tagName":"S","d":5632,"__children":[]}],"prefix":null,"localName":"SegmentTimeline","tagName":"SegmentTimeline","S":[{"nodeName":"S","nodeValue":null,"attributes":{"t":"0","d":"24576","r":"297"},"childNodes":[],"prefix":null,"localName":"S","tagName":"S","t":0,"d":24576,"r":297,"__children":[]},{"nodeName":"S","nodeValue":null,"attributes":{"d":"5632"},"childNodes":[],"prefix":null,"localName":"S","tagName":"S","d":5632,"__children":[]}],"__children":[{"nodeName":"S","nodeValue":null,"attributes":{"t":"0","d":"24576","r":"297"},"childNodes":[],"prefix":null,"localName":"S","tagName":"S","t":0,"d":24576,"r":297,"__children":[]},{"nodeName":"S","nodeValue":null,"attributes":{"d":"5632"},"childNodes":[],"prefix":null,"localName":"S","tagName":"S","d":5632,"__children":[]}]}]}]},{"nodeName":"Representation","nodeValue":null,"attributes":{"id":"1","mimeType":"video/mp4","codecs":"avc1.64001f","bandwidth":"200000","width":"320","height":"180","frameRate":"24/1"},"childNodes":[{"nodeName":"SegmentTemplate","nodeValue":null,"attributes":{"timescale":"12288","initialization":"ll2s-init-stream$RepresentationID$.m4s","media":"ll2s-chunk-stream$RepresentationID$-$Number%05d$.m4s","startNumber":"1"},"childNodes":[{"nodeName":"SegmentTimeline","nodeValue":null,"attributes":{},"childNodes":[{"nodeName":"S","nodeValue":null,"attributes":{"t":"0","d":"24576","r":"297"},"childNodes":[],"prefix":null,"localName":"S","tagName":"S","t":0,"d":24576,"r":297,"__children":[]},{"nodeName":"S","nodeValue":null,"attributes":{"d":"5632"},"childNodes":[],"prefix":null,"localName":"S","tagName":"S","d":5632,"__children":[]}],"prefix":null,"localName":"SegmentTimeline","tagName":"SegmentTimeline","S":[{"nodeName":"S","nodeValue":null,"attributes":{"t":"0","d":"24576","r":"297"},"childNodes":[],"prefix":null,"localName":"S","tagName":"S","t":0,"d":24576,"r":297,"__children":[]},{"nodeName":"S","nodeValue":null,"attributes":{"d":"5632"},"childNodes":[],"prefix":null,"localName":"S","tagName":"S","d":5632,"__children":[]}],"__children":[{"nodeName":"S","nodeValue":null,"attributes":{"t":"0","d":"24576","r":"297"},"childNodes":[],"prefix":null,"localName":"S","tagName":"S","t":0,"d":24576,"r":297,"__children":[]},{"nodeName":"S","nodeValue":null,"attributes":{"d":"5632"},"childNodes":[],"prefix":null,"localName":"S","tagName":"S","d":5632,"__children":[]}]}],"prefix":null,"localName":"SegmentTemplate","tagName":"SegmentTemplate","timescale":12288,"initialization":"ll2s-init-stream$RepresentationID$.m4s","media":"ll2s-chunk-stream$RepresentationID$-$Number%05d$.m4s","startNumber":1,"SegmentTimeline":{"nodeName":"SegmentTimeline","nodeValue":null,"attributes":{},"childNodes":[{"nodeName":"S","nodeValue":null,"attributes":{"t":"0","d":"24576","r":"297"},"childNodes":[],"prefix":null,"localName":"S","tagName":"S","t":0,"d":24576,"r":297,"__children":[]},{"nodeName":"S","nodeValue":null,"attributes":{"d":"5632"},"childNodes":[],"prefix":null,"localName":"S","tagName":"S","d":5632,"__children":[]}],"prefix":null,"localName":"SegmentTimeline","tagName":"SegmentTimeline","S":[{"nodeName":"S","nodeValue":null,"attributes":{"t":"0","d":"24576","r":"297"},"childNodes":[],"prefix":null,"localName":"S","tagName":"S","t":0,"d":24576,"r":297,"__children":[]},{"nodeName":"S","nodeValue":null,"attributes":{"d":"5632"},"childNodes":[],"prefix":null,"localName":"S","tagName":"S","d":5632,"__children":[]}],"__children":[{"nodeName":"S","nodeValue":null,"attributes":{"t":"0","d":"24576","r":"297"},"childNodes":[],"prefix":null,"localName":"S","tagName":"S","t":0,"d":24576,"r":297,"__children":[]},{"nodeName":"S","nodeValue":null,"attributes":{"d":"5632"},"childNodes":[],"prefix":null,"localName":"S","tagName":"S","d":5632,"__children":[]}]},"__children":[{"nodeName":"SegmentTimeline","nodeValue":null,"attributes":{},"childNodes":[{"nodeName":"S","nodeValue":null,"attributes":{"t":"0","d":"24576","r":"297"},"childNodes":[],"prefix":null,"localName":"S","tagName":"S","t":0,"d":24576,"r":297,"__children":[]},{"nodeName":"S","nodeValue":null,"attributes":{"d":"5632"},"childNodes":[],"prefix":null,"localName":"S","tagName":"S","d":5632,"__children":[]}],"prefix":null,"localName":"SegmentTimeline","tagName":"SegmentTimeline","S":[{"nodeName":"S","nodeValue":null,"attributes":{"t":"0","d":"24576","r":"297"},"childNodes":[],"prefix":null,"localName":"S","tagName":"S","t":0,"d":24576,"r":297,"__children":[]},{"nodeName":"S","nodeValue":null,"attributes":{"d":"5632"},"childNodes":[],"prefix":null,"localName":"S","tagName":"S","d":5632,"__children":[]}],"__children":[{"nodeName":"S","nodeValue":null,"attributes":{"t":"0","d":"24576","r":"297"},"childNodes":[],"prefix":null,"localName":"S","tagName":"S","t":0,"d":24576,"r":297,"__children":[]},{"nodeName":"S","nodeValue":null,"attributes":{"d":"5632"},"childNodes":[],"prefix":null,"localName":"S","tagName":"S","d":5632,"__children":[]}]}]}],"prefix":null,"localName":"Representation","tagName":"Representation","id":"1","mimeType":"video/mp4","codecs":"avc1.64001f","bandwidth":200000,"width":320,"height":180,"frameRate":"24/1","SegmentTemplate":{"nodeName":"SegmentTemplate","nodeValue":null,"attributes":{"timescale":"12288","initialization":"ll2s-init-stream$RepresentationID$.m4s","media":"ll2s-chunk-stream$RepresentationID$-$Number%05d$.m4s","startNumber":"1"},"childNodes":[{"nodeName":"SegmentTimeline","nodeValue":null,"attributes":{},"childNodes":[{"nodeName":"S","nodeValue":null,"attributes":{"t":"0","d":"24576","r":"297"},"childNodes":[],"prefix":null,"localName":"S","tagName":"S","t":0,"d":24576,"r":297,"__children":[]},{"nodeName":"S","nodeValue":null,"attributes":{"d":"5632"},"childNodes":[],"prefix":null,"localName":"S","tagName":"S","d":5632,"__children":[]}],"prefix":null,"localName":"SegmentTimeline","tagName":"SegmentTimeline","S":[{"nodeName":"S","nodeValue":null,"attributes":{"t":"0","d":"24576","r":"297"},"childNodes":[],"prefix":null,"localName":"S","tagName":"S","t":0,"d":24576,"r":297,"__children":[]},{"nodeName":"S","nodeValue":null,"attributes":{"d":"5632"},"childNodes":[],"prefix":null,"localName":"S","tagName":"S","d":5632,"__children":[]}],"__children":[{"nodeName":"S","nodeValue":null,"attributes":{"t":"0","d":"24576","r":"297"},"childNodes":[],"prefix":null,"localName":"S","tagName":"S","t":0,"d":24576,"r":297,"__children":[]},{"nodeName":"S","nodeValue":null,"attributes":{"d":"5632"},"childNodes":[],"prefix":null,"localName":"S","tagName":"S","d":5632,"__children":[]}]}],"prefix":null,"localName":"SegmentTemplate","tagName":"SegmentTemplate","timescale":12288,"initialization":"ll2s-init-stream$RepresentationID$.m4s","media":"ll2s-chunk-stream$RepresentationID$-$Number%05d$.m4s","startNumber":1,"SegmentTimeline":{"nodeName":"SegmentTimeline","nodeValue":null,"attributes":{},"childNodes":[{"nodeName":"S","nodeValue":null,"attributes":{"t":"0","d":"24576","r":"297"},"childNodes":[],"prefix":null,"localName":"S","tagName":"S","t":0,"d":24576,"r":297,"__children":[]},{"nodeName":"S","nodeValue":null,"attributes":{"d":"5632"},"childNodes":[],"prefix":null,"localName":"S","tagName":"S","d":5632,"__children":[]}],"prefix":null,"localName":"SegmentTimeline","tagName":"SegmentTimeline","S":[{"nodeName":"S","nodeValue":null,"attributes":{"t":"0","d":"24576","r":"297"},"childNodes":[],"prefix":null,"localName":"S","tagName":"S","t":0,"d":24576,"r":297,"__children":[]},{"nodeName":"S","nodeValue":null,"attributes":{"d":"5632"},"childNodes":[],"prefix":null,"localName":"S","tagName":"S","d":5632,"__children":[]}],"__children":[{"nodeName":"S","nodeValue":null,"attributes":{"t":"0","d":"24576","r":"297"},"childNodes":[],"prefix":null,"localName":"S","tagName":"S","t":0,"d":24576,"r":297,"__children":[]},{"nodeName":"S","nodeValue":null,"attributes":{"d":"5632"},"childNodes":[],"prefix":null,"localName":"S","tagName":"S","d":5632,"__children":[]}]},"__children":[{"nodeName":"SegmentTimeline","nodeValue":null,"attributes":{},"childNodes":[{"nodeName":"S","nodeValue":null,"attributes":{"t":"0","d":"24576","r":"297"},"childNodes":[],"prefix":null,"localName":"S","tagName":"S","t":0,"d":24576,"r":297,"__children":[]},{"nodeName":"S","nodeValue":null,"attributes":{"d":"5632"},"childNodes":[],"prefix":null,"localName":"S","tagName":"S","d":5632,"__children":[]}],"prefix":null,"localName":"SegmentTimeline","tagName":"SegmentTimeline","S":[{"nodeName":"S","nodeValue":null,"attributes":{"t":"0","d":"24576","r":"297"},"childNodes":[],"prefix":null,"localName":"S","tagName":"S","t":0,"d":24576,"r":297,"__children":[]},{"nodeName":"S","nodeValue":null,"attributes":{"d":"5632"},"childNodes":[],"prefix":null,"localName":"S","tagName":"S","d":5632,"__children":[]}],"__children":[{"nodeName":"S","nodeValue":null,"attributes":{"t":"0","d":"24576","r":"297"},"childNodes":[],"prefix":null,"localName":"S","tagName":"S","t":0,"d":24576,"r":297,"__children":[]},{"nodeName":"S","nodeValue":null,"attributes":{"d":"5632"},"childNodes":[],"prefix":null,"localName":"S","tagName":"S","d":5632,"__children":[]}]}]},"__children":[{"nodeName":"SegmentTemplate","nodeValue":null,"attributes":{"timescale":"12288","initialization":"ll2s-init-stream$RepresentationID$.m4s","media":"ll2s-chunk-stream$RepresentationID$-$Number%05d$.m4s","startNumber":"1"},"childNodes":[{"nodeName":"SegmentTimeline","nodeValue":null,"attributes":{},"childNodes":[{"nodeName":"S","nodeValue":null,"attributes":{"t":"0","d":"24576","r":"297"},"childNodes":[],"prefix":null,"localName":"S","tagName":"S","t":0,"d":24576,"r":297,"__children":[]},{"nodeName":"S","nodeValue":null,"attributes":{"d":"5632"},"childNodes":[],"prefix":null,"localName":"S","tagName":"S","d":5632,"__children":[]}],"prefix":null,"localName":"SegmentTimeline","tagName":"SegmentTimeline","S":[{"nodeName":"S","nodeValue":null,"attributes":{"t":"0","d":"24576","r":"297"},"childNodes":[],"prefix":null,"localName":"S","tagName":"S","t":0,"d":24576,"r":297,"__children":[]},{"nodeName":"S","nodeValue":null,"attributes":{"d":"5632"},"childNodes":[],"prefix":null,"localName":"S","tagName":"S","d":5632,"__children":[]}],"__children":[{"nodeName":"S","nodeValue":null,"attributes":{"t":"0","d":"24576","r":"297"},"childNodes":[],"prefix":null,"localName":"S","tagName":"S","t":0,"d":24576,"r":297,"__children":[]},{"nodeName":"S","nodeValue":null,"attributes":{"d":"5632"},"childNodes":[],"prefix":null,"localName":"S","tagName":"S","d":5632,"__children":[]}]}],"prefix":null,"localName":"SegmentTemplate","tagName":"SegmentTemplate","timescale":12288,"initialization":"ll2s-init-stream$RepresentationID$.m4s","media":"ll2s-chunk-stream$RepresentationID$-$Number%05d$.m4s","startNumber":1,"SegmentTimeline":{"nodeName":"SegmentTimeline","nodeValue":null,"attributes":{},"childNodes":[{"nodeName":"S","nodeValue":null,"attributes":{"t":"0","d":"24576","r":"297"},"childNodes":[],"prefix":null,"localName":"S","tagName":"S","t":0,"d":24576,"r":297,"__children":[]},{"nodeName":"S","nodeValue":null,"attributes":{"d":"5632"},"childNodes":[],"prefix":null,"localName":"S","tagName":"S","d":5632,"__children":[]}],"prefix":null,"localName":"SegmentTimeline","tagName":"SegmentTimeline","S":[{"nodeName":"S","nodeValue":null,"attributes":{"t":"0","d":"24576","r":"297"},"childNodes":[],"prefix":null,"localName":"S","tagName":"S","t":0,"d":24576,"r":297,"__children":[]},{"nodeName":"S","nodeValue":null,"attributes":{"d":"5632"},"childNodes":[],"prefix":null,"localName":"S","tagName":"S","d":5632,"__children":[]}],"__children":[{"nodeName":"S","nodeValue":null,"attributes":{"t":"0","d":"24576","r":"297"},"childNodes":[],"prefix":null,"localName":"S","tagName":"S","t":0,"d":24576,"r":297,"__children":[]},{"nodeName":"S","nodeValue":null,"attributes":{"d":"5632"},"childNodes":[],"prefix":null,"localName":"S","tagName":"S","d":5632,"__children":[]}]},"__children":[{"nodeName":"SegmentTimeline","nodeValue":null,"attributes":{},"childNodes":[{"nodeName":"S","nodeValue":null,"attributes":{"t":"0","d":"24576","r":"297"},"childNodes":[],"prefix":null,"localName":"S","tagName":"S","t":0,"d":24576,"r":297,"__children":[]},{"nodeName":"S","nodeValue":null,"attributes":{"d":"5632"},"childNodes":[],"prefix":null,"localName":"S","tagName":"S","d":5632,"__children":[]}],"prefix":null,"localName":"SegmentTimeline","tagName":"SegmentTimeline","S":[{"nodeName":"S","nodeValue":null,"attributes":{"t":"0","d":"24576","r":"297"},"childNodes":[],"prefix":null,"localName":"S","tagName":"S","t":0,"d":24576,"r":297,"__children":[]},{"nodeName":"S","nodeValue":null,"attributes":{"d":"5632"},"childNodes":[],"prefix":null,"localName":"S","tagName":"S","d":5632,"__children":[]}],"__children":[{"nodeName":"S","nodeValue":null,"attributes":{"t":"0","d":"24576","r":"297"},"childNodes":[],"prefix":null,"localName":"S","tagName":"S","t":0,"d":24576,"r":297,"__children":[]},{"nodeName":"S","nodeValue":null,"attributes":{"d":"5632"},"childNodes":[],"prefix":null,"localName":"S","tagName":"S","d":5632,"__children":[]}]}]}]},{"nodeName":"Representation","nodeValue":null,"attributes":{"id":"2","mimeType":"video/mp4","codecs":"avc1.64001f","bandwidth":"400000","width":"426","height":"240","frameRate":"24/1"},"childNodes":[{"nodeName":"SegmentTemplate","nodeValue":null,"attributes":{"timescale":"12288","initialization":"ll2s-init-stream$RepresentationID$.m4s","media":"ll2s-chunk-stream$RepresentationID$-$Number%05d$.m4s","startNumber":"1"},"childNodes":[{"nodeName":"SegmentTimeline","nodeValue":null,"attributes":{},"childNodes":[{"nodeName":"S","nodeValue":null,"attributes":{"t":"0","d":"24576","r":"297"},"childNodes":[],"prefix":null,"localName":"S","tagName":"S","t":0,"d":24576,"r":297,"__children":[]},{"nodeName":"S","nodeValue":null,"attributes":{"d":"5632"},"childNodes":[],"prefix":null,"localName":"S","tagName":"S","d":5632,"__children":[]}],"prefix":null,"localName":"SegmentTimeline","tagName":"SegmentTimeline","S":[{"nodeName":"S","nodeValue":null,"attributes":{"t":"0","d":"24576","r":"297"},"childNodes":[],"prefix":null,"localName":"S","tagName":"S","t":0,"d":24576,"r":297,"__children":[]},{"nodeName":"S","nodeValue":null,"attributes":{"d":"5632"},"childNodes":[],"prefix":null,"localName":"S","tagName":"S","d":5632,"__children":[]}],"__children":[{"nodeName":"S","nodeValue":null,"attributes":{"t":"0","d":"24576","r":"297"},"childNodes":[],"prefix":null,"localName":"S","tagName":"S","t":0,"d":24576,"r":297,"__children":[]},{"nodeName":"S","nodeValue":null,"attributes":{"d":"5632"},"childNodes":[],"prefix":null,"localName":"S","tagName":"S","d":5632,"__children":[]}]}],"prefix":null,"localName":"SegmentTemplate","tagName":"SegmentTemplate","timescale":12288,"initialization":"ll2s-init-stream$RepresentationID$.m4s","media":"ll2s-chunk-stream$RepresentationID$-$Number%05d$.m4s","startNumber":1,"SegmentTimeline":{"nodeName":"SegmentTimeline","nodeValue":null,"attributes":{},"childNodes":[{"nodeName":"S","nodeValue":null,"attributes":{"t":"0","d":"24576","r":"297"},"childNodes":[],"prefix":null,"localName":"S","tagName":"S","t":0,"d":24576,"r":297,"__children":[]},{"nodeName":"S","nodeValue":null,"attributes":{"d":"5632"},"childNodes":[],"prefix":null,"localName":"S","tagName":"S","d":5632,"__children":[]}],"prefix":null,"localName":"SegmentTimeline","tagName":"SegmentTimeline","S":[{"nodeName":"S","nodeValue":null,"attributes":{"t":"0","d":"24576","r":"297"},"childNodes":[],"prefix":null,"localName":"S","tagName":"S","t":0,"d":24576,"r":297,"__children":[]},{"nodeName":"S","nodeValue":null,"attributes":{"d":"5632"},"childNodes":[],"prefix":null,"localName":"S","tagName":"S","d":5632,"__children":[]}],"__children":[{"nodeName":"S","nodeValue":null,"attributes":{"t":"0","d":"24576","r":"297"},"childNodes":[],"prefix":null,"localName":"S","tagName":"S","t":0,"d":24576,"r":297,"__children":[]},{"nodeName":"S","nodeValue":null,"attributes":{"d":"5632"},"childNodes":[],"prefix":null,"localName":"S","tagName":"S","d":5632,"__children":[]}]},"__children":[{"nodeName":"SegmentTimeline","nodeValue":null,"attributes":{},"childNodes":[{"nodeName":"S","nodeValue":null,"attributes":{"t":"0","d":"24576","r":"297"},"childNodes":[],"prefix":null,"localName":"S","tagName":"S","t":0,"d":24576,"r":297,"__children":[]},{"nodeName":"S","nodeValue":null,"attributes":{"d":"5632"},"childNodes":[],"prefix":null,"localName":"S","tagName":"S","d":5632,"__children":[]}],"prefix":null,"localName":"SegmentTimeline","tagName":"SegmentTimeline","S":[{"nodeName":"S","nodeValue":null,"attributes":{"t":"0","d":"24576","r":"297"},"childNodes":[],"prefix":null,"localName":"S","tagName":"S","t":0,"d":24576,"r":297,"__children":[]},{"nodeName":"S","nodeValue":null,"attributes":{"d":"5632"},"childNodes":[],"prefix":null,"localName":"S","tagName":"S","d":5632,"__children":[]}],"__children":[{"nodeName":"S","nodeValue":null,"attributes":{"t":"0","d":"24576","r":"297"},"childNodes":[],"prefix":null,"localName":"S","tagName":"S","t":0,"d":24576,"r":297,"__children":[]},{"nodeName":"S","nodeValue":null,"attributes":{"d":"5632"},"childNodes":[],"prefix":null,"localName":"S","tagName":"S","d":5632,"__children":[]}]}]}],"prefix":null,"localName":"Representation","tagName":"Representation","id":"2","mimeType":"video/mp4","codecs":"avc1.64001f","bandwidth":400000,"width":426,"height":240,"frameRate":"24/1","SegmentTemplate":{"nodeName":"SegmentTemplate","nodeValue":null,"attributes":{"timescale":"12288","initialization":"ll2s-init-stream$RepresentationID$.m4s","media":"ll2s-chunk-stream$RepresentationID$-$Number%05d$.m4s","startNumber":"1"},"childNodes":[{"nodeName":"SegmentTimeline","nodeValue":null,"attributes":{},"childNodes":[{"nodeName":"S","nodeValue":null,"attributes":{"t":"0","d":"24576","r":"297"},"childNodes":[],"prefix":null,"localName":"S","tagName":"S","t":0,"d":24576,"r":297,"__children":[]},{"nodeName":"S","nodeValue":null,"attributes":{"d":"5632"},"childNodes":[],"prefix":null,"localName":"S","tagName":"S","d":5632,"__children":[]}],"prefix":null,"localName":"SegmentTimeline","tagName":"SegmentTimeline","S":[{"nodeName":"S","nodeValue":null,"attributes":{"t":"0","d":"24576","r":"297"},"childNodes":[],"prefix":null,"localName":"S","tagName":"S","t":0,"d":24576,"r":297,"__children":[]},{"nodeName":"S","nodeValue":null,"attributes":{"d":"5632"},"childNodes":[],"prefix":null,"localName":"S","tagName":"S","d":5632,"__children":[]}],"__children":[{"nodeName":"S","nodeValue":null,"attributes":{"t":"0","d":"24576","r":"297"},"childNodes":[],"prefix":null,"localName":"S","tagName":"S","t":0,"d":24576,"r":297,"__children":[]},{"nodeName":"S","nodeValue":null,"attributes":{"d":"5632"},"childNodes":[],"prefix":null,"localName":"S","tagName":"S","d":5632,"__children":[]}]}],"prefix":null,"localName":"SegmentTemplate","tagName":"SegmentTemplate","timescale":12288,"initialization":"ll2s-init-stream$RepresentationID$.m4s","media":"ll2s-chunk-stream$RepresentationID$-$Number%05d$.m4s","startNumber":1,"SegmentTimeline":{"nodeName":"SegmentTimeline","nodeValue":null,"attributes":{},"childNodes":[{"nodeName":"S","nodeValue":null,"attributes":{"t":"0","d":"24576","r":"297"},"childNodes":[],"prefix":null,"localName":"S","tagName":"S","t":0,"d":24576,"r":297,"__children":[]},{"nodeName":"S","nodeValue":null,"attributes":{"d":"5632"},"childNodes":[],"prefix":null,"localName":"S","tagName":"S","d":5632,"__children":[]}],"prefix":null,"localName":"SegmentTimeline","tagName":"SegmentTimeline","S":[{"nodeName":"S","nodeValue":null,"attributes":{"t":"0","d":"24576","r":"297"},"childNodes":[],"prefix":null,"localName":"S","tagName":"S","t":0,"d":24576,"r":297,"__children":[]},{"nodeName":"S","nodeValue":null,"attributes":{"d":"5632"},"childNodes":[],"prefix":null,"localName":"S","tagName":"S","d":5632,"__children":[]}],"__children":[{"nodeName":"S","nodeValue":null,"attributes":{"t":"0","d":"24576","r":"297"},"childNodes":[],"prefix":null,"localName":"S","tagName":"S","t":0,"d":24576,"r":297,"__children":[]},{"nodeName":"S","nodeValue":null,"attributes":{"d":"5632"},"childNodes":[],"prefix":null,"localName":"S","tagName":"S","d":5632,"__children":[]}]},"__children":[{"nodeName":"SegmentTimeline","nodeValue":null,"attributes":{},"childNodes":[{"nodeName":"S","nodeValue":null,"attributes":{"t":"0","d":"24576","r":"297"},"childNodes":[],"prefix":null,"localName":"S","tagName":"S","t":0,"d":24576,"r":297,"__children":[]},{"nodeName":"S","nodeValue":null,"attributes":{"d":"5632"},"childNodes":[],"prefix":null,"localName":"S","tagName":"S","d":5632,"__children":[]}],"prefix":null,"localName":"SegmentTimeline","tagName":"SegmentTimeline","S":[{"nodeName":"S","nodeValue":null,"attributes":{"t":"0","d":"24576","r":"297"},"childNodes":[],"prefix":null,"localName":"S","tagName":"S","t":0,"d":24576,"r":297,"__children":[]},{"nodeName":"S","nodeValue":null,"attributes":{"d":"5632"},"childNodes":[],"prefix":null,"localName":"S","tagName":"S","d":5632,"__children":[]}],"__children":[{"nodeName":"S","nodeValue":null,"attributes":{"t":"0","d":"24576","r":"297"},"childNodes":[],"prefix":null,"localName":"S","tagName":"S","t":0,"d":24576,"r":297,"__children":[]},{"nodeName":"S","nodeValue":null,"attributes":{"d":"5632"},"childNodes":[],"prefix":null,"localName":"S","tagName":"S","d":5632,"__children":[]}]}]},"__children":[{"nodeName":"SegmentTemplate","nodeValue":null,"attributes":{"timescale":"12288","initialization":"ll2s-init-stream$RepresentationID$.m4s","media":"ll2s-chunk-stream$RepresentationID$-$Number%05d$.m4s","startNumber":"1"},"childNodes":[{"nodeName":"SegmentTimeline","nodeValue":null,"attributes":{},"childNodes":[{"nodeName":"S","nodeValue":null,"attributes":{"t":"0","d":"24576","r":"297"},"childNodes":[],"prefix":null,"localName":"S","tagName":"S","t":0,"d":24576,"r":297,"__children":[]},{"nodeName":"S","nodeValue":null,"attributes":{"d":"5632"},"childNodes":[],"prefix":null,"localName":"S","tagName":"S","d":5632,"__children":[]}],"prefix":null,"localName":"SegmentTimeline","tagName":"SegmentTimeline","S":[{"nodeName":"S","nodeValue":null,"attributes":{"t":"0","d":"24576","r":"297"},"childNodes":[],"prefix":null,"localName":"S","tagName":"S","t":0,"d":24576,"r":297,"__children":[]},{"nodeName":"S","nodeValue":null,"attributes":{"d":"5632"},"childNodes":[],"prefix":null,"localName":"S","tagName":"S","d":5632,"__children":[]}],"__children":[{"nodeName":"S","nodeValue":null,"attributes":{"t":"0","d":"24576","r":"297"},"childNodes":[],"prefix":null,"localName":"S","tagName":"S","t":0,"d":24576,"r":297,"__children":[]},{"nodeName":"S","nodeValue":null,"attributes":{"d":"5632"},"childNodes":[],"prefix":null,"localName":"S","tagName":"S","d":5632,"__children":[]}]}],"prefix":null,"localName":"SegmentTemplate","tagName":"SegmentTemplate","timescale":12288,"initialization":"ll2s-init-stream$RepresentationID$.m4s","media":"ll2s-chunk-stream$RepresentationID$-$Number%05d$.m4s","startNumber":1,"SegmentTimeline":{"nodeName":"SegmentTimeline","nodeValue":null,"attributes":{},"childNodes":[{"nodeName":"S","nodeValue":null,"attributes":{"t":"0","d":"24576","r":"297"},"childNodes":[],"prefix":null,"localName":"S","tagName":"S","t":0,"d":24576,"r":297,"__children":[]},{"nodeName":"S","nodeValue":null,"attributes":{"d":"5632"},"childNodes":[],"prefix":null,"localName":"S","tagName":"S","d":5632,"__children":[]}],"prefix":null,"localName":"SegmentTimeline","tagName":"SegmentTimeline","S":[{"nodeName":"S","nodeValue":null,"attributes":{"t":"0","d":"24576","r":"297"},"childNodes":[],"prefix":null,"localName":"S","tagName":"S","t":0,"d":24576,"r":297,"__children":[]},{"nodeName":"S","nodeValue":null,"attributes":{"d":"5632"},"childNodes":[],"prefix":null,"localName":"S","tagName":"S","d":5632,"__children":[]}],"__children":[{"nodeName":"S","nodeValue":null,"attributes":{"t":"0","d":"24576","r":"297"},"childNodes":[],"prefix":null,"localName":"S","tagName":"S","t":0,"d":24576,"r":297,"__children":[]},{"nodeName":"S","nodeValue":null,"attributes":{"d":"5632"},"childNodes":[],"prefix":null,"localName":"S","tagName":"S","d":5632,"__children":[]}]},"__children":[{"nodeName":"SegmentTimeline","nodeValue":null,"attributes":{},"childNodes":[{"nodeName":"S","nodeValue":null,"attributes":{"t":"0","d":"24576","r":"297"},"childNodes":[],"prefix":null,"localName":"S","tagName":"S","t":0,"d":24576,"r":297,"__children":[]},{"nodeName":"S","nodeValue":null,"attributes":{"d":"5632"},"childNodes":[],"prefix":null,"localName":"S","tagName":"S","d":5632,"__children":[]}],"prefix":null,"localName":"SegmentTimeline","tagName":"SegmentTimeline","S":[{"nodeName":"S","nodeValue":null,"attributes":{"t":"0","d":"24576","r":"297"},"childNodes":[],"prefix":null,"localName":"S","tagName":"S","t":0,"d":24576,"r":297,"__children":[]},{"nodeName":"S","nodeValue":null,"attributes":{"d":"5632"},"childNodes":[],"prefix":null,"localName":"S","tagName":"S","d":5632,"__children":[]}],"__children":[{"nodeName":"S","nodeValue":null,"attributes":{"t":"0","d":"24576","r":"297"},"childNodes":[],"prefix":null,"localName":"S","tagName":"S","t":0,"d":24576,"r":297,"__children":[]},{"nodeName":"S","nodeValue":null,"attributes":{"d":"5632"},"childNodes":[],"prefix":null,"localName":"S","tagName":"S","d":5632,"__children":[]}]}]}]},{"nodeName":"Representation","nodeValue":null,"attributes":{"id":"3","mimeType":"video/mp4","codecs":"avc1.64001f","bandwidth":"600000","width":"480","height":"270","frameRate":"24/1"},"childNodes":[{"nodeName":"SegmentTemplate","nodeValue":null,"attributes":{"timescale":"12288","initialization":"ll2s-init-stream$RepresentationID$.m4s","media":"ll2s-chunk-stream$RepresentationID$-$Number%05d$.m4s","startNumber":"1"},"childNodes":[{"nodeName":"SegmentTimeline","nodeValue":null,"attributes":{},"childNodes":[{"nodeName":"S","nodeValue":null,"attributes":{"t":"0","d":"24576","r":"297"},"childNodes":[],"prefix":null,"localName":"S","tagName":"S","t":0,"d":24576,"r":297,"__children":[]},{"nodeName":"S","nodeValue":null,"attributes":{"d":"5632"},"childNodes":[],"prefix":null,"localName":"S","tagName":"S","d":5632,"__children":[]}],"prefix":null,"localName":"SegmentTimeline","tagName":"SegmentTimeline","S":[{"nodeName":"S","nodeValue":null,"attributes":{"t":"0","d":"24576","r":"297"},"childNodes":[],"prefix":null,"localName":"S","tagName":"S","t":0,"d":24576,"r":297,"__children":[]},{"nodeName":"S","nodeValue":null,"attributes":{"d":"5632"},"childNodes":[],"prefix":null,"localName":"S","tagName":"S","d":5632,"__children":[]}],"__children":[{"nodeName":"S","nodeValue":null,"attributes":{"t":"0","d":"24576","r":"297"},"childNodes":[],"prefix":null,"localName":"S","tagName":"S","t":0,"d":24576,"r":297,"__children":[]},{"nodeName":"S","nodeValue":null,"attributes":{"d":"5632"},"childNodes":[],"prefix":null,"localName":"S","tagName":"S","d":5632,"__children":[]}]}],"prefix":null,"localName":"SegmentTemplate","tagName":"SegmentTemplate","timescale":12288,"initialization":"ll2s-init-stream$RepresentationID$.m4s","media":"ll2s-chunk-stream$RepresentationID$-$Number%05d$.m4s","startNumber":1,"SegmentTimeline":{"nodeName":"SegmentTimeline","nodeValue":null,"attributes":{},"childNodes":[{"nodeName":"S","nodeValue":null,"attributes":{"t":"0","d":"24576","r":"297"},"childNodes":[],"prefix":null,"localName":"S","tagName":"S","t":0,"d":24576,"r":297,"__children":[]},{"nodeName":"S","nodeValue":null,"attributes":{"d":"5632"},"childNodes":[],"prefix":null,"localName":"S","tagName":"S","d":5632,"__children":[]}],"prefix":null,"localName":"SegmentTimeline","tagName":"SegmentTimeline","S":[{"nodeName":"S","nodeValue":null,"attributes":{"t":"0","d":"24576","r":"297"},"childNodes":[],"prefix":null,"localName":"S","tagName":"S","t":0,"d":24576,"r":297,"__children":[]},{"nodeName":"S","nodeValue":null,"attributes":{"d":"5632"},"childNodes":[],"prefix":null,"localName":"S","tagName":"S","d":5632,"__children":[]}],"__children":[{"nodeName":"S","nodeValue":null,"attributes":{"t":"0","d":"24576","r":"297"},"childNodes":[],"prefix":null,"localName":"S","tagName":"S","t":0,"d":24576,"r":297,"__children":[]},{"nodeName":"S","nodeValue":null,"attributes":{"d":"5632"},"childNodes":[],"prefix":null,"localName":"S","tagName":"S","d":5632,"__children":[]}]},"__children":[{"nodeName":"SegmentTimeline","nodeValue":null,"attributes":{},"childNodes":[{"nodeName":"S","nodeValue":null,"attributes":{"t":"0","d":"24576","r":"297"},"childNodes":[],"prefix":null,"localName":"S","tagName":"S","t":0,"d":24576,"r":297,"__children":[]},{"nodeName":"S","nodeValue":null,"attributes":{"d":"5632"},"childNodes":[],"prefix":null,"localName":"S","tagName":"S","d":5632,"__children":[]}],"prefix":null,"localName":"SegmentTimeline","tagName":"SegmentTimeline","S":[{"nodeName":"S","nodeValue":null,"attributes":{"t":"0","d":"24576","r":"297"},"childNodes":[],"prefix":null,"localName":"S","tagName":"S","t":0,"d":24576,"r":297,"__children":[]},{"nodeName":"S","nodeValue":null,"attributes":{"d":"5632"},"childNodes":[],"prefix":null,"localName":"S","tagName":"S","d":5632,"__children":[]}],"__children":[{"nodeName":"S","nodeValue":null,"attributes":{"t":"0","d":"24576","r":"297"},"childNodes":[],"prefix":null,"localName":"S","tagName":"S","t":0,"d":24576,"r":297,"__children":[]},{"nodeName":"S","nodeValue":null,"attributes":{"d":"5632"},"childNodes":[],"prefix":null,"localName":"S","tagName":"S","d":5632,"__children":[]}]}]}],"prefix":null,"localName":"Representation","tagName":"Representation","id":"3","mimeType":"video/mp4","codecs":"avc1.64001f","bandwidth":600000,"width":480,"height":270,"frameRate":"24/1","SegmentTemplate":{"nodeName":"SegmentTemplate","nodeValue":null,"attributes":{"timescale":"12288","initialization":"ll2s-init-stream$RepresentationID$.m4s","media":"ll2s-chunk-stream$RepresentationID$-$Number%05d$.m4s","startNumber":"1"},"childNodes":[{"nodeName":"SegmentTimeline","nodeValue":null,"attributes":{},"childNodes":[{"nodeName":"S","nodeValue":null,"attributes":{"t":"0","d":"24576","r":"297"},"childNodes":[],"prefix":null,"localName":"S","tagName":"S","t":0,"d":24576,"r":297,"__children":[]},{"nodeName":"S","nodeValue":null,"attributes":{"d":"5632"},"childNodes":[],"prefix":null,"localName":"S","tagName":"S","d":5632,"__children":[]}],"prefix":null,"localName":"SegmentTimeline","tagName":"SegmentTimeline","S":[{"nodeName":"S","nodeValue":null,"attributes":{"t":"0","d":"24576","r":"297"},"childNodes":[],"prefix":null,"localName":"S","tagName":"S","t":0,"d":24576,"r":297,"__children":[]},{"nodeName":"S","nodeValue":null,"attributes":{"d":"5632"},"childNodes":[],"prefix":null,"localName":"S","tagName":"S","d":5632,"__children":[]}],"__children":[{"nodeName":"S","nodeValue":null,"attributes":{"t":"0","d":"24576","r":"297"},"childNodes":[],"prefix":null,"localName":"S","tagName":"S","t":0,"d":24576,"r":297,"__children":[]},{"nodeName":"S","nodeValue":null,"attributes":{"d":"5632"},"childNodes":[],"prefix":null,"localName":"S","tagName":"S","d":5632,"__children":[]}]}],"prefix":null,"localName":"SegmentTemplate","tagName":"SegmentTemplate","timescale":12288,"initialization":"ll2s-init-stream$RepresentationID$.m4s","media":"ll2s-chunk-stream$RepresentationID$-$Number%05d$.m4s","startNumber":1,"SegmentTimeline":{"nodeName":"SegmentTimeline","nodeValue":null,"attributes":{},"childNodes":[{"nodeName":"S","nodeValue":null,"attributes":{"t":"0","d":"24576","r":"297"},"childNodes":[],"prefix":null,"localName":"S","tagName":"S","t":0,"d":24576,"r":297,"__children":[]},{"nodeName":"S","nodeValue":null,"attributes":{"d":"5632"},"childNodes":[],"prefix":null,"localName":"S","tagName":"S","d":5632,"__children":[]}],"prefix":null,"localName":"SegmentTimeline","tagName":"SegmentTimeline","S":[{"nodeName":"S","nodeValue":null,"attributes":{"t":"0","d":"24576","r":"297"},"childNodes":[],"prefix":null,"localName":"S","tagName":"S","t":0,"d":24576,"r":297,"__children":[]},{"nodeName":"S","nodeValue":null,"attributes":{"d":"5632"},"childNodes":[],"prefix":null,"localName":"S","tagName":"S","d":5632,"__children":[]}],"__children":[{"nodeName":"S","nodeValue":null,"attributes":{"t":"0","d":"24576","r":"297"},"childNodes":[],"prefix":null,"localName":"S","tagName":"S","t":0,"d":24576,"r":297,"__children":[]},{"nodeName":"S","nodeValue":null,"attributes":{"d":"5632"},"childNodes":[],"prefix":null,"localName":"S","tagName":"S","d":5632,"__children":[]}]},"__children":[{"nodeName":"SegmentTimeline","nodeValue":null,"attributes":{},"childNodes":[{"nodeName":"S","nodeValue":null,"attributes":{"t":"0","d":"24576","r":"297"},"childNodes":[],"prefix":null,"localName":"S","tagName":"S","t":0,"d":24576,"r":297,"__children":[]},{"nodeName":"S","nodeValue":null,"attributes":{"d":"5632"},"childNodes":[],"prefix":null,"localName":"S","tagName":"S","d":5632,"__children":[]}],"prefix":null,"localName":"SegmentTimeline","tagName":"SegmentTimeline","S":[{"nodeName":"S","nodeValue":null,"attributes":{"t":"0","d":"24576","r":"297"},"childNodes":[],"prefix":null,"localName":"S","tagName":"S","t":0,"d":24576,"r":297,"__children":[]},{"nodeName":"S","nodeValue":null,"attributes":{"d":"5632"},"childNodes":[],"prefix":null,"localName":"S","tagName":"S","d":5632,"__children":[]}],"__children":[{"nodeName":"S","nodeValue":null,"attributes":{"t":"0","d":"24576","r":"297"},"childNodes":[],"prefix":null,"localName":"S","tagName":"S","t":0,"d":24576,"r":297,"__children":[]},{"nodeName":"S","nodeValue":null,"attributes":{"d":"5632"},"childNodes":[],"prefix":null,"localName":"S","tagName":"S","d":5632,"__children":[]}]}]},"__children":[{"nodeName":"SegmentTemplate","nodeValue":null,"attributes":{"timescale":"12288","initialization":"ll2s-init-stream$RepresentationID$.m4s","media":"ll2s-chunk-stream$RepresentationID$-$Number%05d$.m4s","startNumber":"1"},"childNodes":[{"nodeName":"SegmentTimeline","nodeValue":null,"attributes":{},"childNodes":[{"nodeName":"S","nodeValue":null,"attributes":{"t":"0","d":"24576","r":"297"},"childNodes":[],"prefix":null,"localName":"S","tagName":"S","t":0,"d":24576,"r":297,"__children":[]},{"nodeName":"S","nodeValue":null,"attributes":{"d":"5632"},"childNodes":[],"prefix":null,"localName":"S","tagName":"S","d":5632,"__children":[]}],"prefix":null,"localName":"SegmentTimeline","tagName":"SegmentTimeline","S":[{"nodeName":"S","nodeValue":null,"attributes":{"t":"0","d":"24576","r":"297"},"childNodes":[],"prefix":null,"localName":"S","tagName":"S","t":0,"d":24576,"r":297,"__children":[]},{"nodeName":"S","nodeValue":null,"attributes":{"d":"5632"},"childNodes":[],"prefix":null,"localName":"S","tagName":"S","d":5632,"__children":[]}],"__children":[{"nodeName":"S","nodeValue":null,"attributes":{"t":"0","d":"24576","r":"297"},"childNodes":[],"prefix":null,"localName":"S","tagName":"S","t":0,"d":24576,"r":297,"__children":[]},{"nodeName":"S","nodeValue":null,"attributes":{"d":"5632"},"childNodes":[],"prefix":null,"localName":"S","tagName":"S","d":5632,"__children":[]}]}],"prefix":null,"localName":"SegmentTemplate","tagName":"SegmentTemplate","timescale":12288,"initialization":"ll2s-init-stream$RepresentationID$.m4s","media":"ll2s-chunk-stream$RepresentationID$-$Number%05d$.m4s","startNumber":1,"SegmentTimeline":{"nodeName":"SegmentTimeline","nodeValue":null,"attributes":{},"childNodes":[{"nodeName":"S","nodeValue":null,"attributes":{"t":"0","d":"24576","r":"297"},"childNodes":[],"prefix":null,"localName":"S","tagName":"S","t":0,"d":24576,"r":297,"__children":[]},{"nodeName":"S","nodeValue":null,"attributes":{"d":"5632"},"childNodes":[],"prefix":null,"localName":"S","tagName":"S","d":5632,"__children":[]}],"prefix":null,"localName":"SegmentTimeline","tagName":"SegmentTimeline","S":[{"nodeName":"S","nodeValue":null,"attributes":{"t":"0","d":"24576","r":"297"},"childNodes":[],"prefix":null,"localName":"S","tagName":"S","t":0,"d":24576,"r":297,"__children":[]},{"nodeName":"S","nodeValue":null,"attributes":{"d":"5632"},"childNodes":[],"prefix":null,"localName":"S","tagName":"S","d":5632,"__children":[]}],"__children":[{"nodeName":"S","nodeValue":null,"attributes":{"t":"0","d":"24576","r":"297"},"childNodes":[],"prefix":null,"localName":"S","tagName":"S","t":0,"d":24576,"r":297,"__children":[]},{"nodeName":"S","nodeValue":null,"attributes":{"d":"5632"},"childNodes":[],"prefix":null,"localName":"S","tagName":"S","d":5632,"__children":[]}]},"__children":[{"nodeName":"SegmentTimeline","nodeValue":null,"attributes":{},"childNodes":[{"nodeName":"S","nodeValue":null,"attributes":{"t":"0","d":"24576","r":"297"},"childNodes":[],"prefix":null,"localName":"S","tagName":"S","t":0,"d":24576,"r":297,"__children":[]},{"nodeName":"S","nodeValue":null,"attributes":{"d":"5632"},"childNodes":[],"prefix":null,"localName":"S","tagName":"S","d":5632,"__children":[]}],"prefix":null,"localName":"SegmentTimeline","tagName":"SegmentTimeline","S":[{"nodeName":"S","nodeValue":null,"attributes":{"t":"0","d":"24576","r":"297"},"childNodes":[],"prefix":null,"localName":"S","tagName":"S","t":0,"d":24576,"r":297,"__children":[]},{"nodeName":"S","nodeValue":null,"attributes":{"d":"5632"},"childNodes":[],"prefix":null,"localName":"S","tagName":"S","d":5632,"__children":[]}],"__children":[{"nodeName":"S","nodeValue":null,"attributes":{"t":"0","d":"24576","r":"297"},"childNodes":[],"prefix":null,"localName":"S","tagName":"S","t":0,"d":24576,"r":297,"__children":[]},{"nodeName":"S","nodeValue":null,"attributes":{"d":"5632"},"childNodes":[],"prefix":null,"localName":"S","tagName":"S","d":5632,"__children":[]}]}]}]},{"nodeName":"Representation","nodeValue":null,"attributes":{"id":"4","mimeType":"video/mp4","codecs":"avc1.64001f","bandwidth":"800000","width":"640","height":"360","frameRate":"24/1"},"childNodes":[{"nodeName":"SegmentTemplate","nodeValue":null,"attributes":{"timescale":"12288","initialization":"ll2s-init-stream$RepresentationID$.m4s","media":"ll2s-chunk-stream$RepresentationID$-$Number%05d$.m4s","startNumber":"1"},"childNodes":[{"nodeName":"SegmentTimeline","nodeValue":null,"attributes":{},"childNodes":[{"nodeName":"S","nodeValue":null,"attributes":{"t":"0","d":"24576","r":"297"},"childNodes":[],"prefix":null,"localName":"S","tagName":"S","t":0,"d":24576,"r":297,"__children":[]},{"nodeName":"S","nodeValue":null,"attributes":{"d":"5632"},"childNodes":[],"prefix":null,"localName":"S","tagName":"S","d":5632,"__children":[]}],"prefix":null,"localName":"SegmentTimeline","tagName":"SegmentTimeline","S":[{"nodeName":"S","nodeValue":null,"attributes":{"t":"0","d":"24576","r":"297"},"childNodes":[],"prefix":null,"localName":"S","tagName":"S","t":0,"d":24576,"r":297,"__children":[]},{"nodeName":"S","nodeValue":null,"attributes":{"d":"5632"},"childNodes":[],"prefix":null,"localName":"S","tagName":"S","d":5632,"__children":[]}],"__children":[{"nodeName":"S","nodeValue":null,"attributes":{"t":"0","d":"24576","r":"297"},"childNodes":[],"prefix":null,"localName":"S","tagName":"S","t":0,"d":24576,"r":297,"__children":[]},{"nodeName":"S","nodeValue":null,"attributes":{"d":"5632"},"childNodes":[],"prefix":null,"localName":"S","tagName":"S","d":5632,"__children":[]}]}],"prefix":null,"localName":"SegmentTemplate","tagName":"SegmentTemplate","timescale":12288,"initialization":"ll2s-init-stream$RepresentationID$.m4s","media":"ll2s-chunk-stream$RepresentationID$-$Number%05d$.m4s","startNumber":1,"SegmentTimeline":{"nodeName":"SegmentTimeline","nodeValue":null,"attributes":{},"childNodes":[{"nodeName":"S","nodeValue":null,"attributes":{"t":"0","d":"24576","r":"297"},"childNodes":[],"prefix":null,"localName":"S","tagName":"S","t":0,"d":24576,"r":297,"__children":[]},{"nodeName":"S","nodeValue":null,"attributes":{"d":"5632"},"childNodes":[],"prefix":null,"localName":"S","tagName":"S","d":5632,"__children":[]}],"prefix":null,"localName":"SegmentTimeline","tagName":"SegmentTimeline","S":[{"nodeName":"S","nodeValue":null,"attributes":{"t":"0","d":"24576","r":"297"},"childNodes":[],"prefix":null,"localName":"S","tagName":"S","t":0,"d":24576,"r":297,"__children":[]},{"nodeName":"S","nodeValue":null,"attributes":{"d":"5632"},"childNodes":[],"prefix":null,"localName":"S","tagName":"S","d":5632,"__children":[]}],"__children":[{"nodeName":"S","nodeValue":null,"attributes":{"t":"0","d":"24576","r":"297"},"childNodes":[],"prefix":null,"localName":"S","tagName":"S","t":0,"d":24576,"r":297,"__children":[]},{"nodeName":"S","nodeValue":null,"attributes":{"d":"5632"},"childNodes":[],"prefix":null,"localName":"S","tagName":"S","d":5632,"__children":[]}]},"__children":[{"nodeName":"SegmentTimeline","nodeValue":null,"attributes":{},"childNodes":[{"nodeName":"S","nodeValue":null,"attributes":{"t":"0","d":"24576","r":"297"},"childNodes":[],"prefix":null,"localName":"S","tagName":"S","t":0,"d":24576,"r":297,"__children":[]},{"nodeName":"S","nodeValue":null,"attributes":{"d":"5632"},"childNodes":[],"prefix":null,"localName":"S","tagName":"S","d":5632,"__children":[]}],"prefix":null,"localName":"SegmentTimeline","tagName":"SegmentTimeline","S":[{"nodeName":"S","nodeValue":null,"attributes":{"t":"0","d":"24576","r":"297"},"childNodes":[],"prefix":null,"localName":"S","tagName":"S","t":0,"d":24576,"r":297,"__children":[]},{"nodeName":"S","nodeValue":null,"attributes":{"d":"5632"},"childNodes":[],"prefix":null,"localName":"S","tagName":"S","d":5632,"__children":[]}],"__children":[{"nodeName":"S","nodeValue":null,"attributes":{"t":"0","d":"24576","r":"297"},"childNodes":[],"prefix":null,"localName":"S","tagName":"S","t":0,"d":24576,"r":297,"__children":[]},{"nodeName":"S","nodeValue":null,"attributes":{"d":"5632"},"childNodes":[],"prefix":null,"localName":"S","tagName":"S","d":5632,"__children":[]}]}]}],"prefix":null,"localName":"Representation","tagName":"Representation","id":"4","mimeType":"video/mp4","codecs":"avc1.64001f","bandwidth":800000,"width":640,"height":360,"frameRate":"24/1","SegmentTemplate":{"nodeName":"SegmentTemplate","nodeValue":null,"attributes":{"timescale":"12288","initialization":"ll2s-init-stream$RepresentationID$.m4s","media":"ll2s-chunk-stream$RepresentationID$-$Number%05d$.m4s","startNumber":"1"},"childNodes":[{"nodeName":"SegmentTimeline","nodeValue":null,"attributes":{},"childNodes":[{"nodeName":"S","nodeValue":null,"attributes":{"t":"0","d":"24576","r":"297"},"childNodes":[],"prefix":null,"localName":"S","tagName":"S","t":0,"d":24576,"r":297,"__children":[]},{"nodeName":"S","nodeValue":null,"attributes":{"d":"5632"},"childNodes":[],"prefix":null,"localName":"S","tagName":"S","d":5632,"__children":[]}],"prefix":null,"localName":"SegmentTimeline","tagName":"SegmentTimeline","S":[{"nodeName":"S","nodeValue":null,"attributes":{"t":"0","d":"24576","r":"297"},"childNodes":[],"prefix":null,"localName":"S","tagName":"S","t":0,"d":24576,"r":297,"__children":[]},{"nodeName":"S","nodeValue":null,"attributes":{"d":"5632"},"childNodes":[],"prefix":null,"localName":"S","tagName":"S","d":5632,"__children":[]}],"__children":[{"nodeName":"S","nodeValue":null,"attributes":{"t":"0","d":"24576","r":"297"},"childNodes":[],"prefix":null,"localName":"S","tagName":"S","t":0,"d":24576,"r":297,"__children":[]},{"nodeName":"S","nodeValue":null,"attributes":{"d":"5632"},"childNodes":[],"prefix":null,"localName":"S","tagName":"S","d":5632,"__children":[]}]}],"prefix":null,"localName":"SegmentTemplate","tagName":"SegmentTemplate","timescale":12288,"initialization":"ll2s-init-stream$RepresentationID$.m4s","media":"ll2s-chunk-stream$RepresentationID$-$Number%05d$.m4s","startNumber":1,"SegmentTimeline":{"nodeName":"SegmentTimeline","nodeValue":null,"attributes":{},"childNodes":[{"nodeName":"S","nodeValue":null,"attributes":{"t":"0","d":"24576","r":"297"},"childNodes":[],"prefix":null,"localName":"S","tagName":"S","t":0,"d":24576,"r":297,"__children":[]},{"nodeName":"S","nodeValue":null,"attributes":{"d":"5632"},"childNodes":[],"prefix":null,"localName":"S","tagName":"S","d":5632,"__children":[]}],"prefix":null,"localName":"SegmentTimeline","tagName":"SegmentTimeline","S":[{"nodeName":"S","nodeValue":null,"attributes":{"t":"0","d":"24576","r":"297"},"childNodes":[],"prefix":null,"localName":"S","tagName":"S","t":0,"d":24576,"r":297,"__children":[]},{"nodeName":"S","nodeValue":null,"attributes":{"d":"5632"},"childNodes":[],"prefix":null,"localName":"S","tagName":"S","d":5632,"__children":[]}],"__children":[{"nodeName":"S","nodeValue":null,"attributes":{"t":"0","d":"24576","r":"297"},"childNodes":[],"prefix":null,"localName":"S","tagName":"S","t":0,"d":24576,"r":297,"__children":[]},{"nodeName":"S","nodeValue":null,"attributes":{"d":"5632"},"childNodes":[],"prefix":null,"localName":"S","tagName":"S","d":5632,"__children":[]}]},"__children":[{"nodeName":"SegmentTimeline","nodeValue":null,"attributes":{},"childNodes":[{"nodeName":"S","nodeValue":null,"attributes":{"t":"0","d":"24576","r":"297"},"childNodes":[],"prefix":null,"localName":"S","tagName":"S","t":0,"d":24576,"r":297,"__children":[]},{"nodeName":"S","nodeValue":null,"attributes":{"d":"5632"},"childNodes":[],"prefix":null,"localName":"S","tagName":"S","d":5632,"__children":[]}],"prefix":null,"localName":"SegmentTimeline","tagName":"SegmentTimeline","S":[{"nodeName":"S","nodeValue":null,"attributes":{"t":"0","d":"24576","r":"297"},"childNodes":[],"prefix":null,"localName":"S","tagName":"S","t":0,"d":24576,"r":297,"__children":[]},{"nodeName":"S","nodeValue":null,"attributes":{"d":"5632"},"childNodes":[],"prefix":null,"localName":"S","tagName":"S","d":5632,"__children":[]}],"__children":[{"nodeName":"S","nodeValue":null,"attributes":{"t":"0","d":"24576","r":"297"},"childNodes":[],"prefix":null,"localName":"S","tagName":"S","t":0,"d":24576,"r":297,"__children":[]},{"nodeName":"S","nodeValue":null,"attributes":{"d":"5632"},"childNodes":[],"prefix":null,"localName":"S","tagName":"S","d":5632,"__children":[]}]}]},"__children":[{"nodeName":"SegmentTemplate","nodeValue":null,"attributes":{"timescale":"12288","initialization":"ll2s-init-stream$RepresentationID$.m4s","media":"ll2s-chunk-stream$RepresentationID$-$Number%05d$.m4s","startNumber":"1"},"childNodes":[{"nodeName":"SegmentTimeline","nodeValue":null,"attributes":{},"childNodes":[{"nodeName":"S","nodeValue":null,"attributes":{"t":"0","d":"24576","r":"297"},"childNodes":[],"prefix":null,"localName":"S","tagName":"S","t":0,"d":24576,"r":297,"__children":[]},{"nodeName":"S","nodeValue":null,"attributes":{"d":"5632"},"childNodes":[],"prefix":null,"localName":"S","tagName":"S","d":5632,"__children":[]}],"prefix":null,"localName":"SegmentTimeline","tagName":"SegmentTimeline","S":[{"nodeName":"S","nodeValue":null,"attributes":{"t":"0","d":"24576","r":"297"},"childNodes":[],"prefix":null,"localName":"S","tagName":"S","t":0,"d":24576,"r":297,"__children":[]},{"nodeName":"S","nodeValue":null,"attributes":{"d":"5632"},"childNodes":[],"prefix":null,"localName":"S","tagName":"S","d":5632,"__children":[]}],"__children":[{"nodeName":"S","nodeValue":null,"attributes":{"t":"0","d":"24576","r":"297"},"childNodes":[],"prefix":null,"localName":"S","tagName":"S","t":0,"d":24576,"r":297,"__children":[]},{"nodeName":"S","nodeValue":null,"attributes":{"d":"5632"},"childNodes":[],"prefix":null,"localName":"S","tagName":"S","d":5632,"__children":[]}]}],"prefix":null,"localName":"SegmentTemplate","tagName":"SegmentTemplate","timescale":12288,"initialization":"ll2s-init-stream$RepresentationID$.m4s","media":"ll2s-chunk-stream$RepresentationID$-$Number%05d$.m4s","startNumber":1,"SegmentTimeline":{"nodeName":"SegmentTimeline","nodeValue":null,"attributes":{},"childNodes":[{"nodeName":"S","nodeValue":null,"attributes":{"t":"0","d":"24576","r":"297"},"childNodes":[],"prefix":null,"localName":"S","tagName":"S","t":0,"d":24576,"r":297,"__children":[]},{"nodeName":"S","nodeValue":null,"attributes":{"d":"5632"},"childNodes":[],"prefix":null,"localName":"S","tagName":"S","d":5632,"__children":[]}],"prefix":null,"localName":"SegmentTimeline","tagName":"SegmentTimeline","S":[{"nodeName":"S","nodeValue":null,"attributes":{"t":"0","d":"24576","r":"297"},"childNodes":[],"prefix":null,"localName":"S","tagName":"S","t":0,"d":24576,"r":297,"__children":[]},{"nodeName":"S","nodeValue":null,"attributes":{"d":"5632"},"childNodes":[],"prefix":null,"localName":"S","tagName":"S","d":5632,"__children":[]}],"__children":[{"nodeName":"S","nodeValue":null,"attributes":{"t":"0","d":"24576","r":"297"},"childNodes":[],"prefix":null,"localName":"S","tagName":"S","t":0,"d":24576,"r":297,"__children":[]},{"nodeName":"S","nodeValue":null,"attributes":{"d":"5632"},"childNodes":[],"prefix":null,"localName":"S","tagName":"S","d":5632,"__children":[]}]},"__children":[{"nodeName":"SegmentTimeline","nodeValue":null,"attributes":{},"childNodes":[{"nodeName":"S","nodeValue":null,"attributes":{"t":"0","d":"24576","r":"297"},"childNodes":[],"prefix":null,"localName":"S","tagName":"S","t":0,"d":24576,"r":297,"__children":[]},{"nodeName":"S","nodeValue":null,"attributes":{"d":"5632"},"childNodes":[],"prefix":null,"localName":"S","tagName":"S","d":5632,"__children":[]}],"prefix":null,"localName":"SegmentTimeline","tagName":"SegmentTimeline","S":[{"nodeName":"S","nodeValue":null,"attributes":{"t":"0","d":"24576","r":"297"},"childNodes":[],"prefix":null,"localName":"S","tagName":"S","t":0,"d":24576,"r":297,"__children":[]},{"nodeName":"S","nodeValue":null,"attributes":{"d":"5632"},"childNodes":[],"prefix":null,"localName":"S","tagName":"S","d":5632,"__children":[]}],"__children":[{"nodeName":"S","nodeValue":null,"attributes":{"t":"0","d":"24576","r":"297"},"childNodes":[],"prefix":null,"localName":"S","tagName":"S","t":0,"d":24576,"r":297,"__children":[]},{"nodeName":"S","nodeValue":null,"attributes":{"d":"5632"},"childNodes":[],"prefix":null,"localName":"S","tagName":"S","d":5632,"__children":[]}]}]}]},{"nodeName":"Representation","nodeValue":null,"attributes":{"id":"5","mimeType":"video/mp4","codecs":"avc1.64001f","bandwidth":"1200000","width":"640","height":"360","frameRate":"24/1"},"childNodes":[{"nodeName":"SegmentTemplate","nodeValue":null,"attributes":{"timescale":"12288","initialization":"ll2s-init-stream$RepresentationID$.m4s","media":"ll2s-chunk-stream$RepresentationID$-$Number%05d$.m4s","startNumber":"1"},"childNodes":[{"nodeName":"SegmentTimeline","nodeValue":null,"attributes":{},"childNodes":[{"nodeName":"S","nodeValue":null,"attributes":{"t":"0","d":"24576","r":"297"},"childNodes":[],"prefix":null,"localName":"S","tagName":"S","t":0,"d":24576,"r":297,"__children":[]},{"nodeName":"S","nodeValue":null,"attributes":{"d":"5632"},"childNodes":[],"prefix":null,"localName":"S","tagName":"S","d":5632,"__children":[]}],"prefix":null,"localName":"SegmentTimeline","tagName":"SegmentTimeline","S":[{"nodeName":"S","nodeValue":null,"attributes":{"t":"0","d":"24576","r":"297"},"childNodes":[],"prefix":null,"localName":"S","tagName":"S","t":0,"d":24576,"r":297,"__children":[]},{"nodeName":"S","nodeValue":null,"attributes":{"d":"5632"},"childNodes":[],"prefix":null,"localName":"S","tagName":"S","d":5632,"__children":[]}],"__children":[{"nodeName":"S","nodeValue":null,"attributes":{"t":"0","d":"24576","r":"297"},"childNodes":[],"prefix":null,"localName":"S","tagName":"S","t":0,"d":24576,"r":297,"__children":[]},{"nodeName":"S","nodeValue":null,"attributes":{"d":"5632"},"childNodes":[],"prefix":null,"localName":"S","tagName":"S","d":5632,"__children":[]}]}],"prefix":null,"localName":"SegmentTemplate","tagName":"SegmentTemplate","timescale":12288,"initialization":"ll2s-init-stream$RepresentationID$.m4s","media":"ll2s-chunk-stream$RepresentationID$-$Number%05d$.m4s","startNumber":1,"SegmentTimeline":{"nodeName":"SegmentTimeline","nodeVa
   t=113s | buffer: 0.1s | bitrate: 100 kbps | tp: 2 kbps | trace_bw: 2 kbps

======================================================================
  BENCHMARK RESULTS (LLDASH-GPAC / dash.js / BOLA)
======================================================================

  [TIMING]
      Startup delay:     2,480 ms
      Playback time:     21.9 s

  [BITRATE]
      Average (selected):  100 kbps
      Average (effective): 18 kbps
      Min / Max:           100 / 100 kbps
      Median:              100 kbps
      Std deviation:       0.0 kbps
      Variance:            0.0
      25th/75th %ile:      100 / 100 kbps

  [SWITCHES]
      Total count:       0
      Up / Down:         0 / 0
      Avg magnitude:     0 kbps

  [REBUFFERING]
      Events:            3
      Total time:        100,674 ms
      Ratio:             82.1418%
      Frequency:         8.224 per minute
      Avg duration:      1,639 ms
      Max duration:      2,325 ms

  [THROUGHPUT]
      Average:           2,454 kbps
      Median:            3 kbps
      Min / Max:         0 / 88,132 kbps
      Std deviation:     11,399.6 kbps

  [AVAILABLE BW (trace)]
      Average:           2,454 kbps
      Min / Max:         0 / 88,132 kbps
      Utilisation:       0.1%

  [BUFFER]
      Average level:     0.8 s
      Min / Max:         0.1 / 7.2 s

  [UTILIZATION]
      Bandwidth:         3333.3%

======================================================================

[SAVED] results/results/run_all_20260525_151403/lldash-gpac_5g-ireland/benchmark_lldash-gpac_amazon_prime_static_animated-ninjago_B_2020_01_06_11_40_29_tc_20260525_190949.json

──────────────────────────────────────────────────────────────────────
  [25/83] amazon_prime_static_season3-theexpanse_B_2019_12_19_15_00_47_tc.csv
──────────────────────────────────────────────────────────────────────
[TRACE] amazon_prime_static_season3-theexpanse_B_2019_12_19_15_00_47_tc.csv
[LLDASH-GPAC] Trace file ready; gpac_server uses in-process bandwidth pacing.

======================================================================
  LLDASH-GPAC Streaming QoE Benchmark (dash.js / BOLA)
======================================================================
  Server: http://localhost:8082/player.html?mpd=http://localhost:8082/manifest.mpd
======================================================================

[TRACE] Loaded 2293 entries with bandwidth
[BROWSER] Launching headless Chromium...
[BROWSER] Waiting for playback to start...
   Startup delay: 1673ms

[PLAYBACK] Collecting metrics...
   t=10s | buffer: 2.0s | bitrate: 100 kbps | tp: 2 kbps | trace_bw: 2 kbps
   t=20s | buffer: 0.3s | bitrate: 100 kbps | tp: 0 kbps | trace_bw: 0 kbps
   t=31s | buffer: 0.8s | bitrate: 100 kbps | tp: 0 kbps | trace_bw: 0 kbps
   t=41s | buffer: 5.5s | bitrate: 100 kbps | tp: 20346 kbps | trace_bw: 20346 kbps
   t=51s | buffer: 5.7s | bitrate: 100 kbps | tp: 0 kbps | trace_bw: 0 kbps
   t=61s | buffer: 3.3s | bitrate: 100 kbps | tp: 64494 kbps | trace_bw: 64494 kbps
   t=71s | buffer: 3.2s | bitrate: 200 kbps | tp: 0 kbps | trace_bw: 0 kbps
   t=82s | buffer: 3.1s | bitrate: 400 kbps | tp: 0 kbps | trace_bw: 0 kbps
   t=92s | buffer: 2.8s | bitrate: 400 kbps | tp: 0 kbps | trace_bw: 0 kbps
   t=102s | buffer: 2.7s | bitrate: 400 kbps | tp: 9641 kbps | trace_bw: 9641 kbps
   t=112s | buffer: 4.3s | bitrate: 800 kbps | tp: 1540 kbps | trace_bw: 1540 kbps

======================================================================
  BENCHMARK RESULTS (LLDASH-GPAC / dash.js / BOLA)
======================================================================

  [TIMING]
      Startup delay:     1,673 ms
      Playback time:     113.9 s

  [BITRATE]
      Average (selected):  420 kbps
      Average (effective): 392 kbps
      Min / Max:           100 / 800 kbps
      Median:              400 kbps
      Std deviation:       256.1 kbps
      Variance:            65,600.0
      25th/75th %ile:      200 / 600 kbps

  [SWITCHES]
      Total count:       4
      Up / Down:         4 / 0
      Avg magnitude:     175 kbps

  [REBUFFERING]
      Events:            11
      Total time:        8,089 ms
      Ratio:             6.6304%
      Frequency:         5.794 per minute
      Avg duration:      735 ms
      Max duration:      5,111 ms

  [THROUGHPUT]
      Average:           11,028 kbps
      Median:            1,074 kbps
      Min / Max:         0 / 86,016 kbps
      Std deviation:     20,713.1 kbps

  [AVAILABLE BW (trace)]
      Average:           11,028 kbps
      Min / Max:         0 / 86,016 kbps
      Utilisation:       9.7%

  [BUFFER]
      Average level:     2.8 s
      Min / Max:         0.1 / 7.7 s

  [UTILIZATION]
      Bandwidth:         39.1%

======================================================================

[SAVED] results/results/run_all_20260525_151403/lldash-gpac_5g-ireland/benchmark_lldash-gpac_amazon_prime_static_season3-theexpanse_B_2019_12_19_15_00_47_tc_20260525_191155.json

──────────────────────────────────────────────────────────────────────
  [26/83] amazon_prime_static_season3-theexpanse_B_2019_12_23_10_30_35_tc.csv
──────────────────────────────────────────────────────────────────────
[TRACE] amazon_prime_static_season3-theexpanse_B_2019_12_23_10_30_35_tc.csv
[LLDASH-GPAC] Trace file ready; gpac_server uses in-process bandwidth pacing.

======================================================================
  LLDASH-GPAC Streaming QoE Benchmark (dash.js / BOLA)
======================================================================
  Server: http://localhost:8082/player.html?mpd=http://localhost:8082/manifest.mpd
======================================================================

[TRACE] Loaded 6992 entries with bandwidth
[BROWSER] Launching headless Chromium...
[BROWSER] Waiting for playback to start...
   Startup delay: 1207ms

[PLAYBACK] Collecting metrics...
   t=10s | buffer: 0.1s | bitrate: 100 kbps | tp: 345 kbps | trace_bw: 345 kbps
   t=20s | buffer: 0.1s | bitrate: 100 kbps | tp: 0 kbps | trace_bw: 0 kbps
   t=31s | buffer: 5.9s | bitrate: 100 kbps | tp: 16039 kbps | trace_bw: 16039 kbps
   t=41s | buffer: 1.8s | bitrate: 100 kbps | tp: 10007 kbps | trace_bw: 10007 kbps
   t=51s | buffer: 3.5s | bitrate: 200 kbps | tp: 10010 kbps | trace_bw: 10010 kbps
   t=61s | buffer: 1.4s | bitrate: 200 kbps | tp: 0 kbps | trace_bw: 0 kbps
   t=72s | buffer: 3.0s | bitrate: 200 kbps | tp: 0 kbps | trace_bw: 0 kbps
   t=82s | buffer: 4.9s | bitrate: 100 kbps | tp: 0 kbps | trace_bw: 0 kbps
   t=92s | buffer: 4.5s | bitrate: 200 kbps | tp: 11824 kbps | trace_bw: 11824 kbps
   t=102s | buffer: 2.5s | bitrate: 400 kbps | tp: 10812 kbps | trace_bw: 10812 kbps
   t=112s | buffer: 2.4s | bitrate: 400 kbps | tp: 10306 kbps | trace_bw: 10306 kbps

======================================================================
  BENCHMARK RESULTS (LLDASH-GPAC / dash.js / BOLA)
======================================================================

  [TIMING]
      Startup delay:     1,207 ms
      Playback time:     93.5 s

  [BITRATE]
      Average (selected):  343 kbps
      Average (effective): 265 kbps
      Min / Max:           100 / 800 kbps
      Median:              200 kbps
      Std deviation:       249.9 kbps
      Variance:            62,449.0
      25th/75th %ile:      100 / 600 kbps

  [SWITCHES]
      Total count:       6
      Up / Down:         4 / 2
      Avg magnitude:     217 kbps

  [REBUFFERING]
      Events:            3
      Total time:        27,542 ms
      Ratio:             22.7466%
      Frequency:         1.924 per minute
      Avg duration:      9,181 ms
      Max duration:      21,911 ms

  [THROUGHPUT]
      Average:           11,781 kbps
      Median:            1,594 kbps
      Min / Max:         0 / 163,467 kbps
      Std deviation:     28,398.8 kbps

  [AVAILABLE BW (trace)]
      Average:           11,781 kbps
      Min / Max:         0 / 163,467 kbps
      Utilisation:       13.5%

  [BUFFER]
      Average level:     2.4 s
      Min / Max:         0.1 / 7.7 s

  [UTILIZATION]
      Bandwidth:         21.5%

======================================================================

[SAVED] results/results/run_all_20260525_151403/lldash-gpac_5g-ireland/benchmark_lldash-gpac_amazon_prime_static_season3-theexpanse_B_2019_12_23_10_30_35_tc_20260525_191400.json

──────────────────────────────────────────────────────────────────────
  [27/83] amazon_prime_static_season3-theexpanse_B_2020_01_03_08_59_40_tc.csv
──────────────────────────────────────────────────────────────────────
[TRACE] amazon_prime_static_season3-theexpanse_B_2020_01_03_08_59_40_tc.csv
[LLDASH-GPAC] Trace file ready; gpac_server uses in-process bandwidth pacing.

======================================================================
  LLDASH-GPAC Streaming QoE Benchmark (dash.js / BOLA)
======================================================================
  Server: http://localhost:8082/player.html?mpd=http://localhost:8082/manifest.mpd
======================================================================

[TRACE] Loaded 6143 entries with bandwidth
[BROWSER] Launching headless Chromium...
[BROWSER] Waiting for playback to start...
   Startup delay: 1675ms

[PLAYBACK] Collecting metrics...
   t=10s | buffer: 6.0s | bitrate: 100 kbps | tp: 2971 kbps | trace_bw: 2971 kbps
   t=20s | buffer: 6.5s | bitrate: 100 kbps | tp: 1240 kbps | trace_bw: 1240 kbps
   t=31s | buffer: 2.4s | bitrate: 100 kbps | tp: 61419 kbps | trace_bw: 61419 kbps
   t=41s | buffer: 2.0s | bitrate: 200 kbps | tp: 0 kbps | trace_bw: 0 kbps
   t=51s | buffer: 1.9s | bitrate: 200 kbps | tp: 7565 kbps | trace_bw: 7565 kbps
   t=61s | buffer: 1.6s | bitrate: 600 kbps | tp: 3676 kbps | trace_bw: 3676 kbps
   t=72s | buffer: 1.5s | bitrate: 600 kbps | tp: 0 kbps | trace_bw: 0 kbps
   t=82s | buffer: 5.5s | bitrate: 600 kbps | tp: 0 kbps | trace_bw: 0 kbps
   t=92s | buffer: 3.2s | bitrate: 400 kbps | tp: 11070 kbps | trace_bw: 11070 kbps
   t=102s | buffer: 3.1s | bitrate: 400 kbps | tp: 0 kbps | trace_bw: 0 kbps
   t=112s | buffer: 2.7s | bitrate: 400 kbps | tp: 4 kbps | trace_bw: 4 kbps

======================================================================
  BENCHMARK RESULTS (LLDASH-GPAC / dash.js / BOLA)
======================================================================

  [TIMING]
      Startup delay:     1,675 ms
      Playback time:     114.9 s

  [BITRATE]
      Average (selected):  478 kbps
      Average (effective): 452 kbps
      Min / Max:           100 / 800 kbps
      Median:              400 kbps
      Std deviation:       229.9 kbps
      Variance:            52,839.5
      25th/75th %ile:      400 / 600 kbps

  [SWITCHES]
      Total count:       8
      Up / Down:         5 / 3
      Avg magnitude:     288 kbps

  [REBUFFERING]
      Events:            7
      Total time:        6,611 ms
      Ratio:             5.4385%
      Frequency:         3.654 per minute
      Avg duration:      944 ms
      Max duration:      3,976 ms

  [THROUGHPUT]
      Average:           11,338 kbps
      Median:            3,856 kbps
      Min / Max:         0 / 73,084 kbps
      Std deviation:     18,704.4 kbps

  [AVAILABLE BW (trace)]
      Average:           11,338 kbps
      Min / Max:         0 / 73,084 kbps
      Utilisation:       34.0%

  [BUFFER]
      Average level:     2.9 s
      Min / Max:         0.1 / 7.6 s

  [UTILIZATION]
      Bandwidth:         12.4%

======================================================================

[SAVED] results/results/run_all_20260525_151403/lldash-gpac_5g-ireland/benchmark_lldash-gpac_amazon_prime_static_season3-theexpanse_B_2020_01_03_08_59_40_tc_20260525_191605.json

──────────────────────────────────────────────────────────────────────
  [28/83] amazon_prime_static_season3-theexpanse_B_2020_01_03_10_54_39_tc.csv
──────────────────────────────────────────────────────────────────────
[TRACE] amazon_prime_static_season3-theexpanse_B_2020_01_03_10_54_39_tc.csv
[LLDASH-GPAC] Trace file ready; gpac_server uses in-process bandwidth pacing.

======================================================================
  LLDASH-GPAC Streaming QoE Benchmark (dash.js / BOLA)
======================================================================
  Server: http://localhost:8082/player.html?mpd=http://localhost:8082/manifest.mpd
======================================================================

[TRACE] Loaded 5295 entries with bandwidth
[BROWSER] Launching headless Chromium...
[BROWSER] Waiting for playback to start...
   Startup delay: 15381ms

[PLAYBACK] Collecting metrics...
   t=10s | buffer: 2.1s | bitrate: 100 kbps | tp: 69666 kbps | trace_bw: 69666 kbps
   t=20s | buffer: 1.9s | bitrate: 100 kbps | tp: 63223 kbps | trace_bw: 63223 kbps
   t=31s | buffer: 1.7s | bitrate: 100 kbps | tp: 41272 kbps | trace_bw: 41272 kbps
   t=41s | buffer: 3.5s | bitrate: 100 kbps | tp: 0 kbps | trace_bw: 0 kbps
   t=51s | buffer: 2.0s | bitrate: 100 kbps | tp: 0 kbps | trace_bw: 0 kbps
   t=61s | buffer: 1.7s | bitrate: 100 kbps | tp: 22 kbps | trace_bw: 22 kbps
   t=71s | buffer: 3.5s | bitrate: 100 kbps | tp: 0 kbps | trace_bw: 0 kbps
   t=82s | buffer: 2.1s | bitrate: 100 kbps | tp: 7216 kbps | trace_bw: 7216 kbps
   t=92s | buffer: 2.4s | bitrate: 200 kbps | tp: 0 kbps | trace_bw: 0 kbps
   t=102s | buffer: 0.3s | bitrate: 100 kbps | tp: 10473 kbps | trace_bw: 10473 kbps
   t=112s | buffer: 2.0s | bitrate: 200 kbps | tp: 8322 kbps | trace_bw: 8322 kbps

======================================================================
  BENCHMARK RESULTS (LLDASH-GPAC / dash.js / BOLA)
======================================================================

  [TIMING]
      Startup delay:     15,381 ms
      Playback time:     116.2 s

  [BITRATE]
      Average (selected):  173 kbps
      Average (effective): 148 kbps
      Min / Max:           100 / 400 kbps
      Median:              200 kbps
      Std deviation:       86.2 kbps
      Variance:            7,438.0
      25th/75th %ile:      100 / 200 kbps

  [SWITCHES]
      Total count:       10
      Up / Down:         5 / 5
      Avg magnitude:     120 kbps

  [REBUFFERING]
      Events:            6
      Total time:        19,531 ms
      Ratio:             14.3889%
      Frequency:         3.098 per minute
      Avg duration:      3,255 ms
      Max duration:      15,226 ms

  [THROUGHPUT]
      Average:           12,625 kbps
      Median:            7,216 kbps
      Min / Max:         0 / 69,666 kbps
      Std deviation:     19,564.2 kbps

  [AVAILABLE BW (trace)]
      Average:           12,625 kbps
      Min / Max:         0 / 69,666 kbps
      Utilisation:       57.2%

  [BUFFER]
      Average level:     2.3 s
      Min / Max:         0.1 / 7.3 s

  [UTILIZATION]
      Bandwidth:         2.4%

======================================================================

[SAVED] results/results/run_all_20260525_151403/lldash-gpac_5g-ireland/benchmark_lldash-gpac_amazon_prime_static_season3-theexpanse_B_2020_01_03_10_54_39_tc_20260525_191810.json

──────────────────────────────────────────────────────────────────────
  [29/83] amazon_prime_static_season3-theexpanse_B_2020_01_05_14_55_57_tc.csv
──────────────────────────────────────────────────────────────────────
[TRACE] amazon_prime_static_season3-theexpanse_B_2020_01_05_14_55_57_tc.csv
[LLDASH-GPAC] Trace file ready; gpac_server uses in-process bandwidth pacing.

======================================================================
  LLDASH-GPAC Streaming QoE Benchmark (dash.js / BOLA)
======================================================================
  Server: http://localhost:8082/player.html?mpd=http://localhost:8082/manifest.mpd
======================================================================

[TRACE] Loaded 2284 entries with bandwidth
[BROWSER] Launching headless Chromium...
[BROWSER] Waiting for playback to start...
   Startup delay: 1794ms

[PLAYBACK] Collecting metrics...
   t=10s | buffer: 1.9s | bitrate: 100 kbps | tp: 44881 kbps | trace_bw: 44881 kbps
   t=20s | buffer: 0.1s | bitrate: 100 kbps | tp: 0 kbps | trace_bw: 0 kbps
   t=31s | buffer: 2.2s | bitrate: 200 kbps | tp: 60885 kbps | trace_bw: 60885 kbps
   t=41s | buffer: 0.1s | bitrate: 600 kbps | tp: 11 kbps | trace_bw: 11 kbps
   t=51s | buffer: 0.1s | bitrate: 600 kbps | tp: 5913 kbps | trace_bw: 5913 kbps
   t=61s | buffer: 3.3s | bitrate: 100 kbps | tp: 0 kbps | trace_bw: 0 kbps
   t=72s | buffer: 3.2s | bitrate: 100 kbps | tp: 0 kbps | trace_bw: 0 kbps
   t=82s | buffer: 3.1s | bitrate: 100 kbps | tp: 428 kbps | trace_bw: 428 kbps
   t=92s | buffer: 3.0s | bitrate: 100 kbps | tp: 0 kbps | trace_bw: 0 kbps
   t=102s | buffer: 2.6s | bitrate: 100 kbps | tp: 11714 kbps | trace_bw: 11714 kbps
   t=112s | buffer: 2.5s | bitrate: 400 kbps | tp: 9376 kbps | trace_bw: 9376 kbps

======================================================================
  BENCHMARK RESULTS (LLDASH-GPAC / dash.js / BOLA)
======================================================================

  [TIMING]
      Startup delay:     1,794 ms
      Playback time:     95.7 s

  [BITRATE]
      Average (selected):  256 kbps
      Average (effective): 200 kbps
      Min / Max:           100 / 600 kbps
      Median:              200 kbps
      Std deviation:       164.1 kbps
      Variance:            26,913.6
      25th/75th %ile:      100 / 400 kbps

  [SWITCHES]
      Total count:       8
      Up / Down:         6 / 2
      Avg magnitude:     188 kbps

  [REBUFFERING]
      Events:            6
      Total time:        26,469 ms
      Ratio:             21.6646%
      Frequency:         3.761 per minute
      Avg duration:      4,412 ms
      Max duration:      19,912 ms

  [THROUGHPUT]
      Average:           15,310 kbps
      Median:            8,034 kbps
      Min / Max:         0 / 79,262 kbps
      Std deviation:     23,208.1 kbps

  [AVAILABLE BW (trace)]
      Average:           15,310 kbps
      Min / Max:         0 / 79,262 kbps
      Utilisation:       52.5%

  [BUFFER]
      Average level:     2.0 s
      Min / Max:         0.1 / 7.7 s

  [UTILIZATION]
      Bandwidth:         3.2%

======================================================================

[SAVED] results/results/run_all_20260525_151403/lldash-gpac_5g-ireland/benchmark_lldash-gpac_amazon_prime_static_season3-theexpanse_B_2020_01_05_14_55_57_tc_20260525_192029.json

──────────────────────────────────────────────────────────────────────
  [30/83] download_driving_B_2019_12_14_10_16_30_tc.csv
──────────────────────────────────────────────────────────────────────
[TRACE] download_driving_B_2019_12_14_10_16_30_tc.csv
[LLDASH-GPAC] Trace file ready; gpac_server uses in-process bandwidth pacing.

======================================================================
  LLDASH-GPAC Streaming QoE Benchmark (dash.js / BOLA)
======================================================================
  Server: http://localhost:8082/player.html?mpd=http://localhost:8082/manifest.mpd
======================================================================

[TRACE] Loaded 1155 entries with bandwidth
[BROWSER] Launching headless Chromium...
[BROWSER] Waiting for playback to start...
   Startup delay: 9280ms

[PLAYBACK] Collecting metrics...
   t=10s | buffer: 6.0s | bitrate: 100 kbps | tp: 14316 kbps | trace_bw: 14316 kbps
   t=20s | buffer: 3.7s | bitrate: 200 kbps | tp: 16067 kbps | trace_bw: 16067 kbps
   t=31s | buffer: 1.6s | bitrate: 800 kbps | tp: 9593 kbps | trace_bw: 9593 kbps
   t=41s | buffer: 3.2s | bitrate: 800 kbps | tp: 6516 kbps | trace_bw: 6516 kbps
   t=51s | buffer: 3.1s | bitrate: 2000 kbps | tp: 4064 kbps | trace_bw: 4064 kbps
   t=61s | buffer: 2.8s | bitrate: 2000 kbps | tp: 10055 kbps | trace_bw: 10055 kbps
   t=71s | buffer: 2.7s | bitrate: 2000 kbps | tp: 17060 kbps | trace_bw: 17060 kbps
   t=82s | buffer: 0.6s | bitrate: 3000 kbps | tp: 14216 kbps | trace_bw: 14216 kbps
   t=92s | buffer: 2.5s | bitrate: 2000 kbps | tp: 1988 kbps | trace_bw: 1988 kbps
   t=102s | buffer: 2.1s | bitrate: 2000 kbps | tp: 12477 kbps | trace_bw: 12477 kbps
   t=112s | buffer: 4.0s | bitrate: 2000 kbps | tp: 18414 kbps | trace_bw: 18414 kbps

======================================================================
  BENCHMARK RESULTS (LLDASH-GPAC / dash.js / BOLA)
======================================================================

  [TIMING]
      Startup delay:     9,280 ms
      Playback time:     120.3 s

  [BITRATE]
      Average (selected):  2,073 kbps
      Average (effective): 1,925 kbps
      Min / Max:           100 / 4,500 kbps
      Median:              2,000 kbps
      Std deviation:       1,395.9 kbps
      Variance:            1,948,622.2
      25th/75th %ile:      600 / 3,000 kbps

  [SWITCHES]
      Total count:       14
      Up / Down:         9 / 5
      Avg magnitude:     993 kbps

  [REBUFFERING]
      Events:            2
      Total time:        9,285 ms
      Ratio:             7.1652%
      Frequency:         0.998 per minute
      Avg duration:      4,642 ms
      Max duration:      9,128 ms

  [THROUGHPUT]
      Average:           11,308 kbps
      Median:            11,470 kbps
      Min / Max:         0 / 39,077 kbps
      Std deviation:     7,222.7 kbps

  [AVAILABLE BW (trace)]
      Average:           11,308 kbps
      Min / Max:         0 / 39,077 kbps
      Utilisation:       101.4%

  [BUFFER]
      Average level:     3.2 s
      Min / Max:         0.4 / 7.5 s

  [UTILIZATION]
      Bandwidth:         18.1%

======================================================================

[SAVED] results/results/run_all_20260525_151403/lldash-gpac_5g-ireland/benchmark_lldash-gpac_download_driving_B_2019_12_14_10_16_30_tc_20260525_192235.json

──────────────────────────────────────────────────────────────────────
  [31/83] download_driving_B_2019_12_16_07_22_43_tc.csv
──────────────────────────────────────────────────────────────────────
[TRACE] download_driving_B_2019_12_16_07_22_43_tc.csv
[LLDASH-GPAC] Trace file ready; gpac_server uses in-process bandwidth pacing.

======================================================================
  LLDASH-GPAC Streaming QoE Benchmark (dash.js / BOLA)
======================================================================
  Server: http://localhost:8082/player.html?mpd=http://localhost:8082/manifest.mpd
======================================================================

[TRACE] Loaded 2617 entries with bandwidth
[BROWSER] Launching headless Chromium...
[BROWSER] Waiting for playback to start...
   Startup delay: 8269ms

[PLAYBACK] Collecting metrics...
   t=10s | buffer: 5.8s | bitrate: 100 kbps | tp: 19121 kbps | trace_bw: 19121 kbps
   t=20s | buffer: 3.7s | bitrate: 200 kbps | tp: 14326 kbps | trace_bw: 14326 kbps
   t=31s | buffer: 0.1s | bitrate: 600 kbps | tp: 13659 kbps | trace_bw: 13659 kbps
   t=41s | buffer: 0.1s | bitrate: 600 kbps | tp: 15375 kbps | trace_bw: 15375 kbps
   t=51s | buffer: 2.9s | bitrate: 100 kbps | tp: 0 kbps | trace_bw: 0 kbps
   t=61s | buffer: 2.6s | bitrate: 100 kbps | tp: 11230 kbps | trace_bw: 11230 kbps
   t=71s | buffer: 0.5s | bitrate: 200 kbps | tp: 17839 kbps | trace_bw: 17839 kbps
   t=82s | buffer: 0.1s | bitrate: 200 kbps | tp: 17249 kbps | trace_bw: 17249 kbps
   t=92s | buffer: 3.4s | bitrate: 100 kbps | tp: 16075 kbps | trace_bw: 16075 kbps
   t=102s | buffer: 3.3s | bitrate: 100 kbps | tp: 9698 kbps | trace_bw: 9698 kbps
   t=112s | buffer: 0.9s | bitrate: 100 kbps | tp: 9529 kbps | trace_bw: 9529 kbps

======================================================================
  BENCHMARK RESULTS (LLDASH-GPAC / dash.js / BOLA)
======================================================================

  [TIMING]
      Startup delay:     8,269 ms
      Playback time:     73.9 s

  [BITRATE]
      Average (selected):  243 kbps
      Average (effective): 140 kbps
      Min / Max:           100 / 600 kbps
      Median:              200 kbps
      Std deviation:       176.1 kbps
      Variance:            31,020.4
      25th/75th %ile:      100 / 400 kbps

  [SWITCHES]
      Total count:       6
      Up / Down:         4 / 2
      Avg magnitude:     200 kbps

  [REBUFFERING]
      Events:            4
      Total time:        54,268 ms
      Ratio:             42.3445%
      Frequency:         3.248 per minute
      Avg duration:      15,798 ms
      Max duration:      19,818 ms

  [THROUGHPUT]
      Average:           10,803 kbps
      Median:            11,223 kbps
      Min / Max:         0 / 22,449 kbps
      Std deviation:     5,984.8 kbps

  [AVAILABLE BW (trace)]
      Average:           10,803 kbps
      Min / Max:         0 / 22,449 kbps
      Utilisation:       103.9%

  [BUFFER]
      Average level:     1.9 s
      Min / Max:         0.1 / 7.6 s

  [UTILIZATION]
      Bandwidth:         2.2%

======================================================================

[SAVED] results/results/run_all_20260525_151403/lldash-gpac_5g-ireland/benchmark_lldash-gpac_download_driving_B_2019_12_16_07_22_43_tc_20260525_192448.json

──────────────────────────────────────────────────────────────────────
  [32/83] download_driving_B_2019_12_16_11_49_59_tc.csv
──────────────────────────────────────────────────────────────────────
[TRACE] download_driving_B_2019_12_16_11_49_59_tc.csv
[LLDASH-GPAC] Trace file ready; gpac_server uses in-process bandwidth pacing.

======================================================================
  LLDASH-GPAC Streaming QoE Benchmark (dash.js / BOLA)
======================================================================
  Server: http://localhost:8082/player.html?mpd=http://localhost:8082/manifest.mpd
======================================================================

[TRACE] Loaded 401 entries with bandwidth
[BROWSER] Launching headless Chromium...
[BROWSER] Waiting for playback to start...
   Startup delay: 2490ms

[PLAYBACK] Collecting metrics...
   t=10s | buffer: 6.4s | bitrate: 100 kbps | tp: 2686 kbps | trace_bw: 2686 kbps
   t=20s | buffer: 2.3s | bitrate: 200 kbps | tp: 1676 kbps | trace_bw: 1676 kbps
   t=31s | buffer: 0.1s | bitrate: 200 kbps | tp: 3167 kbps | trace_bw: 3167 kbps
   t=41s | buffer: 0.1s | bitrate: 200 kbps | tp: 255 kbps | trace_bw: 255 kbps
   t=51s | buffer: 2.8s | bitrate: 100 kbps | tp: 9904 kbps | trace_bw: 9904 kbps
   t=61s | buffer: 2.7s | bitrate: 100 kbps | tp: 6 kbps | trace_bw: 6 kbps
   t=72s | buffer: 2.4s | bitrate: 200 kbps | tp: 15950 kbps | trace_bw: 15950 kbps
   t=82s | buffer: 0.1s | bitrate: 400 kbps | tp: 16148 kbps | trace_bw: 16148 kbps
   t=92s | buffer: 0.1s | bitrate: 400 kbps | tp: 8130 kbps | trace_bw: 8130 kbps
   t=102s | buffer: 3.5s | bitrate: 100 kbps | tp: 14500 kbps | trace_bw: 14500 kbps
   t=112s | buffer: 3.1s | bitrate: 100 kbps | tp: 17037 kbps | trace_bw: 17037 kbps

======================================================================
  BENCHMARK RESULTS (LLDASH-GPAC / dash.js / BOLA)
======================================================================

  [TIMING]
      Startup delay:     2,490 ms
      Playback time:     79.9 s

  [BITRATE]
      Average (selected):  186 kbps
      Average (effective): 121 kbps
      Min / Max:           100 / 400 kbps
      Median:              200 kbps
      Std deviation:       99.0 kbps
      Variance:            9,795.9
      25th/75th %ile:      100 / 200 kbps

  [SWITCHES]
      Total count:       6
      Up / Down:         4 / 2
      Avg magnitude:     150 kbps

  [REBUFFERING]
      Events:            5
      Total time:        42,507 ms
      Ratio:             34.7271%
      Frequency:         3.755 per minute
      Avg duration:      9,946 ms
      Max duration:      19,642 ms

  [THROUGHPUT]
      Average:           8,582 kbps
      Median:            7,767 kbps
      Min / Max:         0 / 19,532 kbps
      Std deviation:     7,336.0 kbps

  [AVAILABLE BW (trace)]
      Average:           8,582 kbps
      Min / Max:         0 / 19,532 kbps
      Utilisation:       90.5%

  [BUFFER]
      Average level:     2.1 s
      Min / Max:         0.1 / 7.9 s

  [UTILIZATION]
      Bandwidth:         2.4%

======================================================================

[SAVED] results/results/run_all_20260525_151403/lldash-gpac_5g-ireland/benchmark_lldash-gpac_download_driving_B_2019_12_16_11_49_59_tc_20260525_192700.json

──────────────────────────────────────────────────────────────────────
  [33/83] download_driving_B_2019_12_16_12_27_05_tc.csv
──────────────────────────────────────────────────────────────────────
[TRACE] download_driving_B_2019_12_16_12_27_05_tc.csv
[LLDASH-GPAC] Trace file ready; gpac_server uses in-process bandwidth pacing.

======================================================================
  LLDASH-GPAC Streaming QoE Benchmark (dash.js / BOLA)
======================================================================
  Server: http://localhost:8082/player.html?mpd=http://localhost:8082/manifest.mpd
======================================================================

[TRACE] Loaded 1338 entries with bandwidth
[BROWSER] Launching headless Chromium...
[BROWSER] Waiting for playback to start...
   Startup delay: 21168ms

[PLAYBACK] Collecting metrics...
   t=10s | buffer: 4.0s | bitrate: 100 kbps | tp: 13700 kbps | trace_bw: 13700 kbps
   t=20s | buffer: 0.1s | bitrate: 100 kbps | tp: 35138 kbps | trace_bw: 35138 kbps
   t=31s | buffer: 0.1s | bitrate: 100 kbps | tp: 10348 kbps | trace_bw: 10348 kbps
   t=41s | buffer: 2.6s | bitrate: 100 kbps | tp: 13009 kbps | trace_bw: 13009 kbps
   t=51s | buffer: 2.3s | bitrate: 100 kbps | tp: 10954 kbps | trace_bw: 10954 kbps
   t=61s | buffer: 0.1s | bitrate: 100 kbps | tp: 2837 kbps | trace_bw: 2837 kbps
   t=71s | buffer: 0.1s | bitrate: 100 kbps | tp: 8694 kbps | trace_bw: 8694 kbps
   t=82s | buffer: 2.0s | bitrate: 100 kbps | tp: 9593 kbps | trace_bw: 9593 kbps
   t=92s | buffer: 3.6s | bitrate: 100 kbps | tp: 11857 kbps | trace_bw: 11857 kbps
   t=102s | buffer: 0.1s | bitrate: 100 kbps | tp: 5574 kbps | trace_bw: 5574 kbps
   t=112s | buffer: 0.1s | bitrate: 100 kbps | tp: 14406 kbps | trace_bw: 14406 kbps

======================================================================
  BENCHMARK RESULTS (LLDASH-GPAC / dash.js / BOLA)
======================================================================

  [TIMING]
      Startup delay:     21,168 ms
      Playback time:     59.9 s

  [BITRATE]
      Average (selected):  100 kbps
      Average (effective): 42 kbps
      Min / Max:           100 / 100 kbps
      Median:              100 kbps
      Std deviation:       0.0 kbps
      Variance:            0.0
      25th/75th %ile:      100 / 100 kbps

  [SWITCHES]
      Total count:       0
      Up / Down:         0 / 0
      Avg magnitude:     0 kbps

  [REBUFFERING]
      Events:            4
      Total time:        81,633 ms
      Ratio:             57.6814%
      Frequency:         4.007 per minute
      Avg duration:      19,506 ms
      Max duration:      21,021 ms

  [THROUGHPUT]
      Average:           11,851 kbps
      Median:            11,075 kbps
      Min / Max:         0 / 35,138 kbps
      Std deviation:     7,512.0 kbps

  [AVAILABLE BW (trace)]
      Average:           11,851 kbps
      Min / Max:         0 / 35,138 kbps
      Utilisation:       93.5%

  [BUFFER]
      Average level:     1.6 s
      Min / Max:         0.1 / 7.4 s

  [UTILIZATION]
      Bandwidth:         0.9%

======================================================================

[SAVED] results/results/run_all_20260525_151403/lldash-gpac_5g-ireland/benchmark_lldash-gpac_download_driving_B_2019_12_16_12_27_05_tc_20260525_192906.json

──────────────────────────────────────────────────────────────────────
  [34/83] download_driving_B_2019_12_16_14_23_32_tc.csv
──────────────────────────────────────────────────────────────────────
[TRACE] download_driving_B_2019_12_16_14_23_32_tc.csv
[LLDASH-GPAC] Trace file ready; gpac_server uses in-process bandwidth pacing.

======================================================================
  LLDASH-GPAC Streaming QoE Benchmark (dash.js / BOLA)
======================================================================
  Server: http://localhost:8082/player.html?mpd=http://localhost:8082/manifest.mpd
======================================================================

[TRACE] Loaded 2887 entries with bandwidth
[BROWSER] Launching headless Chromium...
[BROWSER] Waiting for playback to start...
   Startup delay: 2335ms

[PLAYBACK] Collecting metrics...
   t=10s | buffer: 0.1s | bitrate: 100 kbps | tp: 237666 kbps | trace_bw: 237666 kbps
   t=20s | buffer: 0.1s | bitrate: 100 kbps | tp: 111854 kbps | trace_bw: 111854 kbps
   t=31s | buffer: 2.2s | bitrate: 100 kbps | tp: 192803 kbps | trace_bw: 192803 kbps
   t=41s | buffer: 0.1s | bitrate: 100 kbps | tp: 95256 kbps | trace_bw: 95256 kbps
   t=51s | buffer: 0.1s | bitrate: 100 kbps | tp: 63702 kbps | trace_bw: 63702 kbps
   t=61s | buffer: 3.3s | bitrate: 100 kbps | tp: 905 kbps | trace_bw: 905 kbps
   t=72s | buffer: 2.9s | bitrate: 100 kbps | tp: 1172 kbps | trace_bw: 1172 kbps
   t=82s | buffer: 0.1s | bitrate: 100 kbps | tp: 71265 kbps | trace_bw: 71265 kbps
   t=92s | buffer: 0.1s | bitrate: 100 kbps | tp: 17574 kbps | trace_bw: 17574 kbps
   t=102s | buffer: 0.1s | bitrate: 100 kbps | tp: 1 kbps | trace_bw: 1 kbps
   t=112s | buffer: 0.1s | bitrate: 100 kbps | tp: 20439 kbps | trace_bw: 20439 kbps

======================================================================
  BENCHMARK RESULTS (LLDASH-GPAC / dash.js / BOLA)
======================================================================

  [TIMING]
      Startup delay:     2,335 ms
      Playback time:     41.9 s

  [BITRATE]
      Average (selected):  100 kbps
      Average (effective): 34 kbps
      Min / Max:           100 / 100 kbps
      Median:              100 kbps
      Std deviation:       0.0 kbps
      Variance:            0.0
      25th/75th %ile:      100 / 100 kbps

  [SWITCHES]
      Total count:       0
      Up / Down:         0 / 0
      Avg magnitude:     0 kbps

  [REBUFFERING]
      Events:            6
      Total time:        80,340 ms
      Ratio:             65.7315%
      Frequency:         8.595 per minute
      Avg duration:      12,409 ms
      Max duration:      19,576 ms

  [THROUGHPUT]
      Average:           72,100 kbps
      Median:            57,460 kbps
      Min / Max:         0 / 286,411 kbps
      Std deviation:     72,117.7 kbps

  [AVAILABLE BW (trace)]
      Average:           72,100 kbps
      Min / Max:         0 / 286,411 kbps
      Utilisation:       79.7%

  [BUFFER]
      Average level:     0.9 s
      Min / Max:         0.1 / 3.7 s

  [UTILIZATION]
      Bandwidth:         0.2%

======================================================================

[SAVED] results/results/run_all_20260525_151403/lldash-gpac_5g-ireland/benchmark_lldash-gpac_download_driving_B_2019_12_16_14_23_32_tc_20260525_193131.json

──────────────────────────────────────────────────────────────────────
  [35/83] download_driving_B_2019_12_17_07_32_39_tc.csv
──────────────────────────────────────────────────────────────────────
[TRACE] download_driving_B_2019_12_17_07_32_39_tc.csv
[LLDASH-GPAC] Trace file ready; gpac_server uses in-process bandwidth pacing.

======================================================================
  LLDASH-GPAC Streaming QoE Benchmark (dash.js / BOLA)
======================================================================
  Server: http://localhost:8082/player.html?mpd=http://localhost:8082/manifest.mpd
======================================================================

[TRACE] Loaded 2576 entries with bandwidth
[BROWSER] Launching headless Chromium...
[BROWSER] Waiting for playback to start...
   Startup delay: 21171ms

[PLAYBACK] Collecting metrics...
   t=10s | buffer: 6.0s | bitrate: 100 kbps | tp: 18342 kbps | trace_bw: 18342 kbps
   t=20s | buffer: 3.6s | bitrate: 200 kbps | tp: 10364 kbps | trace_bw: 10364 kbps
   t=31s | buffer: 3.5s | bitrate: 400 kbps | tp: 12080 kbps | trace_bw: 12080 kbps
   t=41s | buffer: 1.1s | bitrate: 600 kbps | tp: 16841 kbps | trace_bw: 16841 kbps
   t=51s | buffer: 0.1s | bitrate: 600 kbps | tp: 30943 kbps | trace_bw: 30943 kbps
   t=61s | buffer: 0.1s | bitrate: 600 kbps | tp: 2 kbps | trace_bw: 2 kbps
   t=72s | buffer: 2.1s | bitrate: 100 kbps | tp: 16303 kbps | trace_bw: 16303 kbps
   t=82s | buffer: 1.8s | bitrate: 200 kbps | tp: 10109 kbps | trace_bw: 10109 kbps
   t=92s | buffer: 3.7s | bitrate: 400 kbps | tp: 16165 kbps | trace_bw: 16165 kbps
   t=102s | buffer: 3.5s | bitrate: 600 kbps | tp: 3950 kbps | trace_bw: 3950 kbps
   t=112s | buffer: 3.2s | bitrate: 600 kbps | tp: 13187 kbps | trace_bw: 13187 kbps

======================================================================
  BENCHMARK RESULTS (LLDASH-GPAC / dash.js / BOLA)
======================================================================

  [TIMING]
      Startup delay:     21,171 ms
      Playback time:     100.6 s

  [BITRATE]
      Average (selected):  527 kbps
      Average (effective): 376 kbps
      Min / Max:           100 / 1,200 kbps
      Median:              400 kbps
      Std deviation:       381.6 kbps
      Variance:            145,619.8
      25th/75th %ile:      200 / 800 kbps

  [SWITCHES]
      Total count:       10
      Up / Down:         8 / 2
      Avg magnitude:     290 kbps

  [REBUFFERING]
      Events:            2
      Total time:        40,491 ms
      Ratio:             28.7064%
      Frequency:         1.193 per minute
      Avg duration:      20,246 ms
      Max duration:      21,028 ms

  [THROUGHPUT]
      Average:           12,335 kbps
      Median:            12,182 kbps
      Min / Max:         0 / 33,219 kbps
      Std deviation:     7,250.0 kbps

  [AVAILABLE BW (trace)]
      Average:           12,335 kbps
      Min / Max:         0 / 33,219 kbps
      Utilisation:       98.8%

  [BUFFER]
      Average level:     2.5 s
      Min / Max:         0.1 / 7.7 s

  [UTILIZATION]
      Bandwidth:         4.3%

======================================================================

[SAVED] results/results/run_all_20260525_151403/lldash-gpac_5g-ireland/benchmark_lldash-gpac_download_driving_B_2019_12_17_07_32_39_tc_20260525_193337.json

──────────────────────────────────────────────────────────────────────
  [36/83] download_driving_B_2020_01_16_07_26_43_tc.csv
──────────────────────────────────────────────────────────────────────
[TRACE] download_driving_B_2020_01_16_07_26_43_tc.csv
[LLDASH-GPAC] Trace file ready; gpac_server uses in-process bandwidth pacing.

======================================================================
  LLDASH-GPAC Streaming QoE Benchmark (dash.js / BOLA)
======================================================================
  Server: http://localhost:8082/player.html?mpd=http://localhost:8082/manifest.mpd
======================================================================

[TRACE] Loaded 1981 entries with bandwidth
[BROWSER] Launching headless Chromium...
[BROWSER] Waiting for playback to start...
   Startup delay: 30123ms

[PLAYBACK] Collecting metrics...
   t=10s | buffer: 0.0s | bitrate: 100 kbps | tp: 8254 kbps | trace_bw: 8254 kbps
   t=20s | buffer: 3.6s | bitrate: 100 kbps | tp: 1 kbps | trace_bw: 1 kbps
   t=31s | buffer: 3.5s | bitrate: 100 kbps | tp: 9083 kbps | trace_bw: 9083 kbps
   t=41s | buffer: 3.4s | bitrate: 200 kbps | tp: 9183 kbps | trace_bw: 9183 kbps
   t=51s | buffer: 0.1s | bitrate: 400 kbps | tp: 10294 kbps | trace_bw: 10294 kbps
   t=61s | buffer: 0.1s | bitrate: 400 kbps | tp: 15249 kbps | trace_bw: 15249 kbps
   t=72s | buffer: 2.3s | bitrate: 100 kbps | tp: 18363 kbps | trace_bw: 18363 kbps
   t=82s | buffer: 0.1s | bitrate: 100 kbps | tp: 11637 kbps | trace_bw: 11637 kbps
   t=92s | buffer: 0.1s | bitrate: 100 kbps | tp: 8049 kbps | trace_bw: 8049 kbps
   t=102s | buffer: 3.1s | bitrate: 100 kbps | tp: 17833 kbps | trace_bw: 17833 kbps
   t=112s | buffer: 3.1s | bitrate: 100 kbps | tp: 11887 kbps | trace_bw: 11887 kbps

======================================================================
  BENCHMARK RESULTS (LLDASH-GPAC / dash.js / BOLA)
======================================================================

  [TIMING]
      Startup delay:     30,123 ms
      Playback time:     68.8 s

  [BITRATE]
      Average (selected):  200 kbps
      Average (effective): 92 kbps
      Min / Max:           100 / 400 kbps
      Median:              200 kbps
      Std deviation:       109.5 kbps
      Variance:            12,000.0
      25th/75th %ile:      100 / 200 kbps

  [SWITCHES]
      Total count:       4
      Up / Down:         3 / 1
      Avg magnitude:     175 kbps

  [REBUFFERING]
      Events:            3
      Total time:        81,226 ms
      Ratio:             54.1388%
      Frequency:         2.616 per minute
      Avg duration:      27,075 ms
      Max duration:      42,039 ms

  [THROUGHPUT]
      Average:           10,064 kbps
      Median:            11,204 kbps
      Min / Max:         0 / 19,208 kbps
      Std deviation:     5,834.8 kbps

  [AVAILABLE BW (trace)]
      Average:           10,064 kbps
      Min / Max:         0 / 19,208 kbps
      Utilisation:       111.3%

  [BUFFER]
      Average level:     1.6 s
      Min / Max:         0.0 / 7.8 s

  [UTILIZATION]
      Bandwidth:         1.8%

======================================================================

[SAVED] results/results/run_all_20260525_151403/lldash-gpac_5g-ireland/benchmark_lldash-gpac_download_driving_B_2020_01_16_07_26_43_tc_20260525_193601.json

──────────────────────────────────────────────────────────────────────
  [37/83] download_driving_B_2020_01_16_09_56_56_tc.csv
──────────────────────────────────────────────────────────────────────
[TRACE] download_driving_B_2020_01_16_09_56_56_tc.csv
[LLDASH-GPAC] Trace file ready; gpac_server uses in-process bandwidth pacing.

======================================================================
  LLDASH-GPAC Streaming QoE Benchmark (dash.js / BOLA)
======================================================================
  Server: http://localhost:8082/player.html?mpd=http://localhost:8082/manifest.mpd
======================================================================

[TRACE] Loaded 1741 entries with bandwidth
[BROWSER] Launching headless Chromium...
[BROWSER] Waiting for playback to start...
   Startup delay: 1491ms

[PLAYBACK] Collecting metrics...
   t=10s | buffer: 0.1s | bitrate: 100 kbps | tp: 17557 kbps | trace_bw: 17557 kbps
   t=20s | buffer: 0.1s | bitrate: 100 kbps | tp: 17579 kbps | trace_bw: 17579 kbps
   t=31s | buffer: 3.1s | bitrate: 100 kbps | tp: 19053 kbps | trace_bw: 19053 kbps
   t=41s | buffer: 3.0s | bitrate: 100 kbps | tp: 15470 kbps | trace_bw: 15470 kbps
   t=51s | buffer: 2.6s | bitrate: 200 kbps | tp: 19182 kbps | trace_bw: 19182 kbps
   t=61s | buffer: 2.5s | bitrate: 600 kbps | tp: 9783 kbps | trace_bw: 9783 kbps
   t=71s | buffer: 2.2s | bitrate: 600 kbps | tp: 14101 kbps | trace_bw: 14101 kbps
   t=82s | buffer: 0.1s | bitrate: 600 kbps | tp: 6914 kbps | trace_bw: 6914 kbps
   t=92s | buffer: 0.1s | bitrate: 600 kbps | tp: 8117 kbps | trace_bw: 8117 kbps
   t=102s | buffer: 0.1s | bitrate: 100 kbps | tp: 8690 kbps | trace_bw: 8690 kbps
   t=112s | buffer: 0.1s | bitrate: 100 kbps | tp: 11931 kbps | trace_bw: 11931 kbps

======================================================================
  BENCHMARK RESULTS (LLDASH-GPAC / dash.js / BOLA)
======================================================================

  [TIMING]
      Startup delay:     1,491 ms
      Playback time:     61.9 s

  [BITRATE]
      Average (selected):  280 kbps
      Average (effective): 143 kbps
      Min / Max:           100 / 600 kbps
      Median:              200 kbps
      Std deviation:       193.9 kbps
      Variance:            37,600.0
      25th/75th %ile:      100 / 400 kbps

  [SWITCHES]
      Total count:       4
      Up / Down:         3 / 1
      Avg magnitude:     250 kbps

  [REBUFFERING]
      Events:            4
      Total time:        59,489 ms
      Ratio:             49.0169%
      Frequency:         3.879 per minute
      Avg duration:      13,566 ms
      Max duration:      19,717 ms

  [THROUGHPUT]
      Average:           10,878 kbps
      Median:            11,628 kbps
      Min / Max:         0 / 24,557 kbps
      Std deviation:     6,642.8 kbps

  [AVAILABLE BW (trace)]
      Average:           10,878 kbps
      Min / Max:         0 / 24,557 kbps
      Utilisation:       106.9%

  [BUFFER]
      Average level:     1.3 s
      Min / Max:         0.1 / 3.8 s

  [UTILIZATION]
      Bandwidth:         2.4%

======================================================================

[SAVED] results/results/run_all_20260525_151403/lldash-gpac_5g-ireland/benchmark_lldash-gpac_download_driving_B_2020_01_16_09_56_56_tc_20260525_193835.json

──────────────────────────────────────────────────────────────────────
  [38/83] download_driving_B_2020_01_16_12_10_03_tc.csv
──────────────────────────────────────────────────────────────────────
[TRACE] download_driving_B_2020_01_16_12_10_03_tc.csv
[LLDASH-GPAC] Trace file ready; gpac_server uses in-process bandwidth pacing.

======================================================================
  LLDASH-GPAC Streaming QoE Benchmark (dash.js / BOLA)
======================================================================
  Server: http://localhost:8082/player.html?mpd=http://localhost:8082/manifest.mpd
======================================================================

[TRACE] Loaded 384 entries with bandwidth
[BROWSER] Launching headless Chromium...
[BROWSER] Waiting for playback to start...
   Startup delay: 21180ms

[PLAYBACK] Collecting metrics...
   t=10s | buffer: 3.9s | bitrate: 100 kbps | tp: 241673 kbps | trace_bw: 241673 kbps
   t=20s | buffer: 3.6s | bitrate: 200 kbps | tp: 19584 kbps | trace_bw: 19584 kbps
   t=31s | buffer: 3.5s | bitrate: 400 kbps | tp: 189388 kbps | trace_bw: 189388 kbps
   t=41s | buffer: 0.1s | bitrate: 600 kbps | tp: 185658 kbps | trace_bw: 185658 kbps
   t=51s | buffer: 0.1s | bitrate: 600 kbps | tp: 13401 kbps | trace_bw: 13401 kbps
   t=61s | buffer: 2.6s | bitrate: 100 kbps | tp: 15676 kbps | trace_bw: 15676 kbps
   t=71s | buffer: 2.3s | bitrate: 100 kbps | tp: 213904 kbps | trace_bw: 213904 kbps
   t=82s | buffer: 0.1s | bitrate: 100 kbps | tp: 107980 kbps | trace_bw: 107980 kbps
   t=92s | buffer: 0.1s | bitrate: 100 kbps | tp: 144022 kbps | trace_bw: 144022 kbps
   t=102s | buffer: 3.4s | bitrate: 100 kbps | tp: 22209 kbps | trace_bw: 22209 kbps
   t=112s | buffer: 0.1s | bitrate: 100 kbps | tp: 199638 kbps | trace_bw: 199638 kbps

======================================================================
  BENCHMARK RESULTS (LLDASH-GPAC / dash.js / BOLA)
======================================================================

  [TIMING]
      Startup delay:     21,180 ms
      Playback time:     69.9 s

  [BITRATE]
      Average (selected):  280 kbps
      Average (effective): 138 kbps
      Min / Max:           100 / 600 kbps
      Median:              200 kbps
      Std deviation:       193.9 kbps
      Variance:            37,600.0
      25th/75th %ile:      100 / 400 kbps

  [SWITCHES]
      Total count:       4
      Up / Down:         3 / 1
      Avg magnitude:     250 kbps

  [REBUFFERING]
      Events:            4
      Total time:        71,650 ms
      Ratio:             50.6237%
      Frequency:         3.434 per minute
      Avg duration:      20,164 ms
      Max duration:      21,020 ms

  [THROUGHPUT]
      Average:           123,735 kbps
      Median:            105,567 kbps
      Min / Max:         0 / 334,705 kbps
      Std deviation:     103,877.0 kbps

  [AVAILABLE BW (trace)]
      Average:           123,735 kbps
      Min / Max:         0 / 334,705 kbps
      Utilisation:       85.3%

  [BUFFER]
      Average level:     1.8 s
      Min / Max:         0.1 / 7.9 s

  [UTILIZATION]
      Bandwidth:         0.3%

======================================================================

[SAVED] results/results/run_all_20260525_151403/lldash-gpac_5g-ireland/benchmark_lldash-gpac_download_driving_B_2020_01_16_12_10_03_tc_20260525_194040.json

──────────────────────────────────────────────────────────────────────
  [39/83] download_driving_B_2020_02_13_13_03_24_tc.csv
──────────────────────────────────────────────────────────────────────
[TRACE] download_driving_B_2020_02_13_13_03_24_tc.csv
[LLDASH-GPAC] Trace file ready; gpac_server uses in-process bandwidth pacing.

======================================================================
  LLDASH-GPAC Streaming QoE Benchmark (dash.js / BOLA)
======================================================================
  Server: http://localhost:8082/player.html?mpd=http://localhost:8082/manifest.mpd
======================================================================

[TRACE] Loaded 2468 entries with bandwidth
[BROWSER] Launching headless Chromium...
[BROWSER] Waiting for playback to start...
   Startup delay: 3537ms

[PLAYBACK] Collecting metrics...
   t=10s | buffer: 5.4s | bitrate: 100 kbps | tp: 10414 kbps | trace_bw: 10414 kbps
   t=20s | buffer: 3.3s | bitrate: 200 kbps | tp: 5206 kbps | trace_bw: 5206 kbps
   t=31s | buffer: 1.0s | bitrate: 800 kbps | tp: 14651 kbps | trace_bw: 14651 kbps
   t=41s | buffer: 2.9s | bitrate: 600 kbps | tp: 11188 kbps | trace_bw: 11188 kbps
   t=51s | buffer: 2.5s | bitrate: 1200 kbps | tp: 2020 kbps | trace_bw: 2020 kbps
   t=61s | buffer: 0.1s | bitrate: 1200 kbps | tp: 1 kbps | trace_bw: 1 kbps
   t=72s | buffer: 0.1s | bitrate: 1200 kbps | tp: 15494 kbps | trace_bw: 15494 kbps
   t=82s | buffer: 3.4s | bitrate: 100 kbps | tp: 8815 kbps | trace_bw: 8815 kbps
   t=92s | buffer: 3.3s | bitrate: 200 kbps | tp: 9771 kbps | trace_bw: 9771 kbps
   t=102s | buffer: 3.2s | bitrate: 400 kbps | tp: 1995 kbps | trace_bw: 1995 kbps
   t=112s | buffer: 2.9s | bitrate: 400 kbps | tp: 15476 kbps | trace_bw: 15476 kbps

======================================================================
  BENCHMARK RESULTS (LLDASH-GPAC / dash.js / BOLA)
======================================================================

  [TIMING]
      Startup delay:     3,537 ms
      Playback time:     99.4 s

  [BITRATE]
      Average (selected):  491 kbps
      Average (effective): 394 kbps
      Min / Max:           100 / 1,200 kbps
      Median:              400 kbps
      Std deviation:       331.5 kbps
      Variance:            109,917.4
      25th/75th %ile:      200 / 800 kbps

  [SWITCHES]
      Total count:       10
      Up / Down:         8 / 2
      Avg magnitude:     330 kbps

  [REBUFFERING]
      Events:            4
      Total time:        24,531 ms
      Ratio:             19.7997%
      Frequency:         2.415 per minute
      Avg duration:      6,133 ms
      Max duration:      19,624 ms

  [THROUGHPUT]
      Average:           8,575 kbps
      Median:            8,537 kbps
      Min / Max:         0 / 21,587 kbps
      Std deviation:     5,449.9 kbps

  [AVAILABLE BW (trace)]
      Average:           8,575 kbps
      Min / Max:         0 / 21,587 kbps
      Utilisation:       99.6%

  [BUFFER]
      Average level:     2.3 s
      Min / Max:         0.1 / 7.4 s

  [UTILIZATION]
      Bandwidth:         5.8%

======================================================================

[SAVED] results/results/run_all_20260525_151403/lldash-gpac_5g-ireland/benchmark_lldash-gpac_download_driving_B_2020_02_13_13_03_24_tc_20260525_194305.json

──────────────────────────────────────────────────────────────────────
  [40/83] download_driving_B_2020_02_13_15_02_01_tc.csv
──────────────────────────────────────────────────────────────────────
[TRACE] download_driving_B_2020_02_13_15_02_01_tc.csv
[LLDASH-GPAC] Trace file ready; gpac_server uses in-process bandwidth pacing.

======================================================================
  LLDASH-GPAC Streaming QoE Benchmark (dash.js / BOLA)
======================================================================
  Server: http://localhost:8082/player.html?mpd=http://localhost:8082/manifest.mpd
======================================================================

[TRACE] Loaded 3574 entries with bandwidth
[BROWSER] Launching headless Chromium...
[BROWSER] Waiting for playback to start...
   Startup delay: 1670ms

[PLAYBACK] Collecting metrics...
   t=10s | buffer: 6.4s | bitrate: 100 kbps | tp: 75617 kbps | trace_bw: 75617 kbps
   t=20s | buffer: 0.1s | bitrate: 100 kbps | tp: 3 kbps | trace_bw: 3 kbps
   t=31s | buffer: 0.1s | bitrate: 100 kbps | tp: 103654 kbps | trace_bw: 103654 kbps
   t=41s | buffer: 2.2s | bitrate: 100 kbps | tp: 86135 kbps | trace_bw: 86135 kbps
   t=51s | buffer: 2.1s | bitrate: 100 kbps | tp: 132155 kbps | trace_bw: 132155 kbps
   t=61s | buffer: 1.8s | bitrate: 200 kbps | tp: 124583 kbps | trace_bw: 124583 kbps
   t=72s | buffer: 3.7s | bitrate: 800 kbps | tp: 47896 kbps | trace_bw: 47896 kbps
   t=82s | buffer: 3.6s | bitrate: 800 kbps | tp: 63866 kbps | trace_bw: 63866 kbps
   t=92s | buffer: 3.2s | bitrate: 800 kbps | tp: 11714 kbps | trace_bw: 11714 kbps
   t=102s | buffer: 7.1s | bitrate: 4500 kbps | tp: 110704 kbps | trace_bw: 110704 kbps
   t=112s | buffer: 6.8s | bitrate: 4500 kbps | tp: 264295 kbps | trace_bw: 264295 kbps

======================================================================
  BENCHMARK RESULTS (LLDASH-GPAC / dash.js / BOLA)
======================================================================

  [TIMING]
      Startup delay:     1,670 ms
      Playback time:     104.9 s

  [BITRATE]
      Average (selected):  1,450 kbps
      Average (effective): 1,252 kbps
      Min / Max:           100 / 4,500 kbps
      Median:              800 kbps
      Std deviation:       1,484.9 kbps
      Variance:            2,205,000.0
      25th/75th %ile:      400 / 3,000 kbps

  [SWITCHES]
      Total count:       7
      Up / Down:         7 / 0
      Avg magnitude:     629 kbps

  [REBUFFERING]
      Events:            4
      Total time:        16,618 ms
      Ratio:             13.6729%
      Frequency:         2.287 per minute
      Avg duration:      4,154 ms
      Max duration:      10,578 ms

  [THROUGHPUT]
      Average:           79,898 kbps
      Median:            80,913 kbps
      Min / Max:         0 / 264,295 kbps
      Std deviation:     60,704.3 kbps

  [AVAILABLE BW (trace)]
      Average:           79,898 kbps
      Min / Max:         0 / 264,295 kbps
      Utilisation:       101.3%

  [BUFFER]
      Average level:     2.9 s
      Min / Max:         0.1 / 7.7 s

  [UTILIZATION]
      Bandwidth:         1.8%

======================================================================

[SAVED] results/results/run_all_20260525_151403/lldash-gpac_5g-ireland/benchmark_lldash-gpac_download_driving_B_2020_02_13_15_02_01_tc_20260525_194513.json

──────────────────────────────────────────────────────────────────────
  [41/83] download_driving_B_2020_02_14_07_29_00_tc.csv
──────────────────────────────────────────────────────────────────────
[TRACE] download_driving_B_2020_02_14_07_29_00_tc.csv
[LLDASH-GPAC] Trace file ready; gpac_server uses in-process bandwidth pacing.

======================================================================
  LLDASH-GPAC Streaming QoE Benchmark (dash.js / BOLA)
======================================================================
  Server: http://localhost:8082/player.html?mpd=http://localhost:8082/manifest.mpd
======================================================================

[TRACE] Loaded 2139 entries with bandwidth
[BROWSER] Launching headless Chromium...
[BROWSER] Waiting for playback to start...
   Startup delay: 21193ms

[PLAYBACK] Collecting metrics...
   t=10s | buffer: 4.0s | bitrate: 100 kbps | tp: 13071 kbps | trace_bw: 13071 kbps
   t=20s | buffer: 2.7s | bitrate: 100 kbps | tp: 9149 kbps | trace_bw: 9149 kbps
   t=31s | buffer: 2.4s | bitrate: 100 kbps | tp: 11306 kbps | trace_bw: 11306 kbps
   t=41s | buffer: 2.3s | bitrate: 200 kbps | tp: 24773 kbps | trace_bw: 24773 kbps
   t=51s | buffer: 1.9s | bitrate: 400 kbps | tp: 15368 kbps | trace_bw: 15368 kbps
   t=61s | buffer: 3.7s | bitrate: 600 kbps | tp: 4724 kbps | trace_bw: 4724 kbps
   t=72s | buffer: 0.1s | bitrate: 600 kbps | tp: 12071 kbps | trace_bw: 12071 kbps
   t=82s | buffer: 0.1s | bitrate: 600 kbps | tp: 19796 kbps | trace_bw: 19796 kbps
   t=92s | buffer: 2.7s | bitrate: 100 kbps | tp: 15701 kbps | trace_bw: 15701 kbps
   t=102s | buffer: 2.4s | bitrate: 200 kbps | tp: 2 kbps | trace_bw: 2 kbps
   t=112s | buffer: 2.3s | bitrate: 200 kbps | tp: 160379 kbps | trace_bw: 160379 kbps

======================================================================
  BENCHMARK RESULTS (LLDASH-GPAC / dash.js / BOLA)
======================================================================

  [TIMING]
      Startup delay:     21,193 ms
      Playback time:     95.6 s

  [BITRATE]
      Average (selected):  275 kbps
      Average (effective): 186 kbps
      Min / Max:           100 / 600 kbps
      Median:              200 kbps
      Std deviation:       163.9 kbps
      Variance:            26,875.0
      25th/75th %ile:      200 / 400 kbps

  [SWITCHES]
      Total count:       7
      Up / Down:         5 / 2
      Avg magnitude:     214 kbps

  [REBUFFERING]
      Events:            3
      Total time:        45,477 ms
      Ratio:             32.2362%
      Frequency:         1.883 per minute
      Avg duration:      15,159 ms
      Max duration:      21,034 ms

  [THROUGHPUT]
      Average:           31,256 kbps
      Median:            15,686 kbps
      Min / Max:         0 / 161,665 kbps
      Std deviation:     44,326.8 kbps

  [AVAILABLE BW (trace)]
      Average:           31,256 kbps
      Min / Max:         0 / 161,665 kbps
      Utilisation:       50.2%

  [BUFFER]
      Average level:     2.4 s
      Min / Max:         0.1 / 7.7 s

  [UTILIZATION]
      Bandwidth:         1.8%

======================================================================

[SAVED] results/results/run_all_20260525_151403/lldash-gpac_5g-ireland/benchmark_lldash-gpac_download_driving_B_2020_02_14_07_29_00_tc_20260525_194718.json

──────────────────────────────────────────────────────────────────────
  [42/83] download_driving_B_2020_02_14_09_38_22_tc.csv
──────────────────────────────────────────────────────────────────────
[TRACE] download_driving_B_2020_02_14_09_38_22_tc.csv
[LLDASH-GPAC] Trace file ready; gpac_server uses in-process bandwidth pacing.

======================================================================
  LLDASH-GPAC Streaming QoE Benchmark (dash.js / BOLA)
======================================================================
  Server: http://localhost:8082/player.html?mpd=http://localhost:8082/manifest.mpd
======================================================================

[TRACE] Loaded 1646 entries with bandwidth
[BROWSER] Launching headless Chromium...
[BROWSER] Waiting for playback to start...
   Startup delay: 1655ms

[PLAYBACK] Collecting metrics...
   t=10s | buffer: 0.1s | bitrate: 100 kbps | tp: 9125 kbps | trace_bw: 9125 kbps
   t=20s | buffer: 0.1s | bitrate: 100 kbps | tp: 4183 kbps | trace_bw: 4183 kbps
   t=31s | buffer: 2.7s | bitrate: 100 kbps | tp: 1807 kbps | trace_bw: 1807 kbps
   t=41s | buffer: 0.1s | bitrate: 100 kbps | tp: 4326 kbps | trace_bw: 4326 kbps
   t=51s | buffer: 0.1s | bitrate: 100 kbps | tp: 5404 kbps | trace_bw: 5404 kbps
   t=61s | buffer: 2.4s | bitrate: 100 kbps | tp: 6436 kbps | trace_bw: 6436 kbps
   t=71s | buffer: 2.0s | bitrate: 100 kbps | tp: 5014 kbps | trace_bw: 5014 kbps
   t=82s | buffer: 3.8s | bitrate: 200 kbps | tp: 6307 kbps | trace_bw: 6307 kbps
   t=92s | buffer: 3.5s | bitrate: 400 kbps | tp: 489 kbps | trace_bw: 489 kbps
   t=102s | buffer: 3.5s | bitrate: 600 kbps | tp: 5777 kbps | trace_bw: 5777 kbps
   t=112s | buffer: 0.1s | bitrate: 800 kbps | tp: 11422 kbps | trace_bw: 11422 kbps

======================================================================
  BENCHMARK RESULTS (LLDASH-GPAC / dash.js / BOLA)
======================================================================

  [TIMING]
      Startup delay:     1,655 ms
      Playback time:     69.9 s

  [BITRATE]
      Average (selected):  420 kbps
      Average (effective): 241 kbps
      Min / Max:           100 / 800 kbps
      Median:              400 kbps
      Std deviation:       256.1 kbps
      Variance:            65,600.0
      25th/75th %ile:      200 / 600 kbps

  [SWITCHES]
      Total count:       4
      Up / Down:         4 / 0
      Avg magnitude:     175 kbps

  [REBUFFERING]
      Events:            6
      Total time:        52,153 ms
      Ratio:             42.7319%
      Frequency:         5.151 per minute
      Avg duration:      7,394 ms
      Max duration:      19,042 ms

  [THROUGHPUT]
      Average:           6,177 kbps
      Median:            5,973 kbps
      Min / Max:         0 / 20,801 kbps
      Std deviation:     4,416.2 kbps

  [AVAILABLE BW (trace)]
      Average:           6,177 kbps
      Min / Max:         0 / 20,801 kbps
      Utilisation:       96.7%

  [BUFFER]
      Average level:     1.4 s
      Min / Max:         0.1 / 3.8 s

  [UTILIZATION]
      Bandwidth:         7.0%

======================================================================

[SAVED] results/results/run_all_20260525_151403/lldash-gpac_5g-ireland/benchmark_lldash-gpac_download_driving_B_2020_02_14_09_38_22_tc_20260525_194942.json

──────────────────────────────────────────────────────────────────────
  [43/83] download_driving_B_2020_02_14_12_58_17_tc.csv
──────────────────────────────────────────────────────────────────────
[TRACE] download_driving_B_2020_02_14_12_58_17_tc.csv
[LLDASH-GPAC] Trace file ready; gpac_server uses in-process bandwidth pacing.

======================================================================
  LLDASH-GPAC Streaming QoE Benchmark (dash.js / BOLA)
======================================================================
  Server: http://localhost:8082/player.html?mpd=http://localhost:8082/manifest.mpd
======================================================================

[TRACE] Loaded 960 entries with bandwidth
[BROWSER] Launching headless Chromium...
[BROWSER] Waiting for playback to start...
   Startup delay: 1667ms

[PLAYBACK] Collecting metrics...
   t=10s | buffer: 0.1s | bitrate: 100 kbps | tp: 11018 kbps | trace_bw: 11018 kbps
   t=20s | buffer: 0.1s | bitrate: 100 kbps | tp: 13201 kbps | trace_bw: 13201 kbps
   t=31s | buffer: 3.1s | bitrate: 100 kbps | tp: 14805 kbps | trace_bw: 14805 kbps
   t=41s | buffer: 3.0s | bitrate: 100 kbps | tp: 22540 kbps | trace_bw: 22540 kbps
   t=51s | buffer: 2.6s | bitrate: 200 kbps | tp: 14510 kbps | trace_bw: 14510 kbps
   t=61s | buffer: 2.5s | bitrate: 600 kbps | tp: 8490 kbps | trace_bw: 8490 kbps
   t=71s | buffer: 2.3s | bitrate: 600 kbps | tp: 1182 kbps | trace_bw: 1182 kbps
   t=82s | buffer: 0.1s | bitrate: 600 kbps | tp: 23 kbps | trace_bw: 23 kbps
   t=92s | buffer: 0.1s | bitrate: 100 kbps | tp: 21100 kbps | trace_bw: 21100 kbps
   t=102s | buffer: 0.1s | bitrate: 100 kbps | tp: 1430 kbps | trace_bw: 1430 kbps
   t=112s | buffer: 2.3s | bitrate: 100 kbps | tp: 983 kbps | trace_bw: 983 kbps

======================================================================
  BENCHMARK RESULTS (LLDASH-GPAC / dash.js / BOLA)
======================================================================

  [TIMING]
      Startup delay:     1,667 ms
      Playback time:     65.9 s

  [BITRATE]
      Average (selected):  280 kbps
      Average (effective): 152 kbps
      Min / Max:           100 / 600 kbps
      Median:              200 kbps
      Std deviation:       193.9 kbps
      Variance:            37,600.0
      25th/75th %ile:      100 / 400 kbps

  [SWITCHES]
      Total count:       4
      Up / Down:         3 / 1
      Avg magnitude:     250 kbps

  [REBUFFERING]
      Events:            6
      Total time:        55,658 ms
      Ratio:             45.7894%
      Frequency:         5.463 per minute
      Avg duration:      10,399 ms
      Max duration:      19,645 ms

  [THROUGHPUT]
      Average:           8,136 kbps
      Median:            7,243 kbps
      Min / Max:         0 / 32,863 kbps
      Std deviation:     7,455.5 kbps

  [AVAILABLE BW (trace)]
      Average:           8,136 kbps
      Min / Max:         0 / 32,863 kbps
      Utilisation:       89.0%

  [BUFFER]
      Average level:     1.3 s
      Min / Max:         0.1 / 3.9 s

  [UTILIZATION]
      Bandwidth:         3.9%

======================================================================

[SAVED] results/results/run_all_20260525_151403/lldash-gpac_5g-ireland/benchmark_lldash-gpac_download_driving_B_2020_02_14_12_58_17_tc_20260525_195148.json

──────────────────────────────────────────────────────────────────────
  [44/83] download_driving_B_2020_02_27_17_30_15_tc.csv
──────────────────────────────────────────────────────────────────────
[TRACE] download_driving_B_2020_02_27_17_30_15_tc.csv
[LLDASH-GPAC] Trace file ready; gpac_server uses in-process bandwidth pacing.

======================================================================
  LLDASH-GPAC Streaming QoE Benchmark (dash.js / BOLA)
======================================================================
  Server: http://localhost:8082/player.html?mpd=http://localhost:8082/manifest.mpd
======================================================================

[TRACE] Loaded 866 entries with bandwidth
[BROWSER] Launching headless Chromium...
[BROWSER] Waiting for playback to start...
   Startup delay: 3013ms

[PLAYBACK] Collecting metrics...
   t=10s | buffer: 5.1s | bitrate: 100 kbps | tp: 12607 kbps | trace_bw: 12607 kbps
   t=20s | buffer: 3.0s | bitrate: 200 kbps | tp: 2075 kbps | trace_bw: 2075 kbps
   t=31s | buffer: 2.7s | bitrate: 200 kbps | tp: 5150 kbps | trace_bw: 5150 kbps
   t=41s | buffer: 0.1s | bitrate: 200 kbps | tp: 4481 kbps | trace_bw: 4481 kbps
   t=51s | buffer: 0.1s | bitrate: 200 kbps | tp: 5627 kbps | trace_bw: 5627 kbps
   t=61s | buffer: 3.4s | bitrate: 100 kbps | tp: 6179 kbps | trace_bw: 6179 kbps
   t=72s | buffer: 3.1s | bitrate: 100 kbps | tp: 8013 kbps | trace_bw: 8013 kbps
   t=82s | buffer: 3.0s | bitrate: 100 kbps | tp: 5412 kbps | trace_bw: 5412 kbps
   t=92s | buffer: 2.6s | bitrate: 100 kbps | tp: 1 kbps | trace_bw: 1 kbps
   t=102s | buffer: 2.5s | bitrate: 200 kbps | tp: 3225 kbps | trace_bw: 3225 kbps
   t=112s | buffer: 0.1s | bitrate: 200 kbps | tp: 458 kbps | trace_bw: 458 kbps

======================================================================
  BENCHMARK RESULTS (LLDASH-GPAC / dash.js / BOLA)
======================================================================

  [TIMING]
      Startup delay:     3,013 ms
      Playback time:     83.9 s

  [BITRATE]
      Average (selected):  188 kbps
      Average (effective): 128 kbps
      Min / Max:           100 / 400 kbps
      Median:              200 kbps
      Std deviation:       92.7 kbps
      Variance:            8,593.8
      25th/75th %ile:      100 / 200 kbps

  [SWITCHES]
      Total count:       7
      Up / Down:         4 / 3
      Avg magnitude:     129 kbps

  [REBUFFERING]
      Events:            4
      Total time:        39,052 ms
      Ratio:             31.7678%
      Frequency:         2.861 per minute
      Avg duration:      7,812 ms
      Max duration:      19,350 ms

  [THROUGHPUT]
      Average:           4,314 kbps
      Median:            3,819 kbps
      Min / Max:         0 / 14,294 kbps
      Std deviation:     3,419.1 kbps

  [AVAILABLE BW (trace)]
      Average:           4,314 kbps
      Min / Max:         0 / 14,294 kbps
      Utilisation:       88.5%

  [BUFFER]
      Average level:     2.0 s
      Min / Max:         0.1 / 7.6 s

  [UTILIZATION]
      Bandwidth:         4.9%

======================================================================

[SAVED] results/results/run_all_20260525_151403/lldash-gpac_5g-ireland/benchmark_lldash-gpac_download_driving_B_2020_02_27_17_30_15_tc_20260525_195353.json

──────────────────────────────────────────────────────────────────────
  [45/83] download_driving_B_2020_02_27_20_35_57_tc.csv
──────────────────────────────────────────────────────────────────────
[TRACE] download_driving_B_2020_02_27_20_35_57_tc.csv
[LLDASH-GPAC] Trace file ready; gpac_server uses in-process bandwidth pacing.

======================================================================
  LLDASH-GPAC Streaming QoE Benchmark (dash.js / BOLA)
======================================================================
  Server: http://localhost:8082/player.html?mpd=http://localhost:8082/manifest.mpd
======================================================================

[TRACE] Loaded 858 entries with bandwidth
[BROWSER] Launching headless Chromium...
[BROWSER] Waiting for playback to start...
   Startup delay: 982ms

[PLAYBACK] Collecting metrics...
   t=10s | buffer: 6.3s | bitrate: 100 kbps | tp: 8819 kbps | trace_bw: 8819 kbps
   t=20s | buffer: 2.2s | bitrate: 200 kbps | tp: 11 kbps | trace_bw: 11 kbps
   t=31s | buffer: 1.8s | bitrate: 3000 kbps | tp: 104863 kbps | trace_bw: 104863 kbps
   t=41s | buffer: 3.3s | bitrate: 3000 kbps | tp: 104252 kbps | trace_bw: 104252 kbps
   t=51s | buffer: 3.1s | bitrate: 2000 kbps | tp: 20866 kbps | trace_bw: 20866 kbps
   t=61s | buffer: 3.0s | bitrate: 2000 kbps | tp: 10020 kbps | trace_bw: 10020 kbps
   t=71s | buffer: 6.7s | bitrate: 4500 kbps | tp: 20710 kbps | trace_bw: 20710 kbps
   t=82s | buffer: 6.6s | bitrate: 4500 kbps | tp: 31927 kbps | trace_bw: 31927 kbps
   t=92s | buffer: 6.5s | bitrate: 4500 kbps | tp: 18470 kbps | trace_bw: 18470 kbps
   t=102s | buffer: 6.1s | bitrate: 4500 kbps | tp: 97928 kbps | trace_bw: 97928 kbps
   t=112s | buffer: 0.1s | bitrate: 4500 kbps | tp: 172273 kbps | trace_bw: 172273 kbps

======================================================================
  BENCHMARK RESULTS (LLDASH-GPAC / dash.js / BOLA)
======================================================================

  [TIMING]
      Startup delay:     982 ms
      Playback time:     101.9 s

  [BITRATE]
      Average (selected):  1,982 kbps
      Average (effective): 1,664 kbps
      Min / Max:           100 / 4,500 kbps
      Median:              2,000 kbps
      Std deviation:       1,540.8 kbps
      Variance:            2,374,214.9
      25th/75th %ile:      400 / 3,000 kbps

  [SWITCHES]
      Total count:       10
      Up / Down:         8 / 2
      Avg magnitude:     1,140 kbps

  [REBUFFERING]
      Events:            4
      Total time:        19,464 ms
      Ratio:             16.0405%
      Frequency:         2.356 per minute
      Avg duration:      2,324 ms
      Max duration:      4,407 ms

  [THROUGHPUT]
      Average:           62,201 kbps
      Median:            31,281 kbps
      Min / Max:         0 / 189,814 kbps
      Std deviation:     59,309.1 kbps

  [AVAILABLE BW (trace)]
      Average:           62,201 kbps
      Min / Max:         0 / 189,814 kbps
      Utilisation:       50.3%

  [BUFFER]
      Average level:     3.5 s
      Min / Max:         0.1 / 7.8 s

  [UTILIZATION]
      Bandwidth:         6.3%

======================================================================

[SAVED] results/results/run_all_20260525_151403/lldash-gpac_5g-ireland/benchmark_lldash-gpac_download_driving_B_2020_02_27_20_35_57_tc_20260525_195600.json

──────────────────────────────────────────────────────────────────────
  [46/83] download_static_B_2019_12_16_13_40_04_tc.csv
──────────────────────────────────────────────────────────────────────
[TRACE] download_static_B_2019_12_16_13_40_04_tc.csv
[LLDASH-GPAC] Trace file ready; gpac_server uses in-process bandwidth pacing.

======================================================================
  LLDASH-GPAC Streaming QoE Benchmark (dash.js / BOLA)
======================================================================
  Server: http://localhost:8082/player.html?mpd=http://localhost:8082/manifest.mpd
======================================================================

[TRACE] Loaded 2143 entries with bandwidth
[BROWSER] Launching headless Chromium...
[BROWSER] Waiting for playback to start...
   Startup delay: 2260ms

[PLAYBACK] Collecting metrics...
   t=10s | buffer: 2.0s | bitrate: 100 kbps | tp: 45685 kbps | trace_bw: 45685 kbps
   t=20s | buffer: 0.1s | bitrate: 4500 kbps | tp: 21940 kbps | trace_bw: 21940 kbps
   t=31s | buffer: 0.1s | bitrate: 4500 kbps | tp: 279678 kbps | trace_bw: 279678 kbps
   t=41s | buffer: 2.5s | bitrate: 100 kbps | tp: 203437 kbps | trace_bw: 203437 kbps
   t=51s | buffer: 2.4s | bitrate: 200 kbps | tp: 23809 kbps | trace_bw: 23809 kbps
   t=61s | buffer: 2.3s | bitrate: 600 kbps | tp: 13003 kbps | trace_bw: 13003 kbps
   t=71s | buffer: 2.0s | bitrate: 600 kbps | tp: 19764 kbps | trace_bw: 19764 kbps
   t=82s | buffer: 1.7s | bitrate: 2000 kbps | tp: 187045 kbps | trace_bw: 187045 kbps
   t=92s | buffer: 1.5s | bitrate: 3000 kbps | tp: 240129 kbps | trace_bw: 240129 kbps
   t=102s | buffer: 7.3s | bitrate: 4500 kbps | tp: 1659 kbps | trace_bw: 1659 kbps
   t=112s | buffer: 7.1s | bitrate: 4500 kbps | tp: 205168 kbps | trace_bw: 205168 kbps

======================================================================
  BENCHMARK RESULTS (LLDASH-GPAC / dash.js / BOLA)
======================================================================

  [TIMING]
      Startup delay:     2,260 ms
      Playback time:     101.1 s

  [BITRATE]
      Average (selected):  1,664 kbps
      Average (effective): 1,373 kbps
      Min / Max:           100 / 4,500 kbps
      Median:              1,500 kbps
      Std deviation:       1,501.2 kbps
      Variance:            2,253,724.5
      25th/75th %ile:      400 / 3,000 kbps

  [SWITCHES]
      Total count:       13
      Up / Down:         11 / 2
      Avg magnitude:     1,046 kbps

  [REBUFFERING]
      Events:            3
      Total time:        21,493 ms
      Ratio:             17.5300%
      Frequency:         1.780 per minute
      Avg duration:      7,164 ms
      Max duration:      19,264 ms

  [THROUGHPUT]
      Average:           97,874 kbps
      Median:            40,424 kbps
      Min / Max:         0 / 279,678 kbps
      Std deviation:     90,525.3 kbps

  [AVAILABLE BW (trace)]
      Average:           97,874 kbps
      Min / Max:         0 / 279,678 kbps
      Utilisation:       41.3%

  [BUFFER]
      Average level:     3.2 s
      Min / Max:         0.1 / 7.9 s

  [UTILIZATION]
      Bandwidth:         4.1%

======================================================================

[SAVED] results/results/run_all_20260525_151403/lldash-gpac_5g-ireland/benchmark_lldash-gpac_download_static_B_2019_12_16_13_40_04_tc_20260525_195805.json

──────────────────────────────────────────────────────────────────────
  [47/83] download_static_B_2020_01_16_10_43_34_tc.csv
──────────────────────────────────────────────────────────────────────
[TRACE] download_static_B_2020_01_16_10_43_34_tc.csv
[LLDASH-GPAC] Trace file ready; gpac_server uses in-process bandwidth pacing.

======================================================================
  LLDASH-GPAC Streaming QoE Benchmark (dash.js / BOLA)
======================================================================
  Server: http://localhost:8082/player.html?mpd=http://localhost:8082/manifest.mpd
======================================================================

[TRACE] Loaded 3322 entries with bandwidth
[BROWSER] Launching headless Chromium...
[BROWSER] Waiting for playback to start...
   Startup delay: 1671ms

[PLAYBACK] Collecting metrics...
   t=10s | buffer: 0.1s | bitrate: 100 kbps | tp: 133037 kbps | trace_bw: 133037 kbps
   t=20s | buffer: 0.1s | bitrate: 100 kbps | tp: 8183 kbps | trace_bw: 8183 kbps
   t=31s | buffer: 2.6s | bitrate: 100 kbps | tp: 68214 kbps | trace_bw: 68214 kbps
   t=41s | buffer: 0.1s | bitrate: 100 kbps | tp: 20543 kbps | trace_bw: 20543 kbps
   t=51s | buffer: 0.1s | bitrate: 100 kbps | tp: 21762 kbps | trace_bw: 21762 kbps
   t=61s | buffer: 3.5s | bitrate: 100 kbps | tp: 0 kbps | trace_bw: 0 kbps
   t=71s | buffer: 3.5s | bitrate: 100 kbps | tp: 16010 kbps | trace_bw: 16010 kbps
   t=82s | buffer: 3.1s | bitrate: 200 kbps | tp: 100073 kbps | trace_bw: 100073 kbps
   t=92s | buffer: 3.0s | bitrate: 400 kbps | tp: 22342 kbps | trace_bw: 22342 kbps
   t=102s | buffer: 2.6s | bitrate: 800 kbps | tp: 11361 kbps | trace_bw: 11361 kbps
   t=112s | buffer: 2.5s | bitrate: 800 kbps | tp: 20115 kbps | trace_bw: 20115 kbps

======================================================================
  BENCHMARK RESULTS (LLDASH-GPAC / dash.js / BOLA)
======================================================================

  [TIMING]
      Startup delay:     1,671 ms
      Playback time:     81.7 s

  [BITRATE]
      Average (selected):  420 kbps
      Average (effective): 281 kbps
      Min / Max:           100 / 800 kbps
      Median:              400 kbps
      Std deviation:       256.1 kbps
      Variance:            65,600.0
      25th/75th %ile:      200 / 600 kbps

  [SWITCHES]
      Total count:       4
      Up / Down:         4 / 0
      Avg magnitude:     175 kbps

  [REBUFFERING]
      Events:            4
      Total time:        40,258 ms
      Ratio:             33.0024%
      Frequency:         2.937 per minute
      Avg duration:      10,064 ms
      Max duration:      19,597 ms

  [THROUGHPUT]
      Average:           38,697 kbps
      Median:            20,543 kbps
      Min / Max:         0 / 168,763 kbps
      Std deviation:     47,417.0 kbps

  [AVAILABLE BW (trace)]
      Average:           38,697 kbps
      Min / Max:         0 / 168,763 kbps
      Utilisation:       53.1%

  [BUFFER]
      Average level:     1.8 s
      Min / Max:         0.1 / 3.9 s

  [UTILIZATION]
      Bandwidth:         2.0%

======================================================================

[SAVED] results/results/run_all_20260525_151403/lldash-gpac_5g-ireland/benchmark_lldash-gpac_download_static_B_2020_01_16_10_43_34_tc_20260525_200011.json

──────────────────────────────────────────────────────────────────────
  [48/83] download_static_B_2020_02_13_13_57_29_tc.csv
──────────────────────────────────────────────────────────────────────
[TRACE] download_static_B_2020_02_13_13_57_29_tc.csv
[LLDASH-GPAC] Trace file ready; gpac_server uses in-process bandwidth pacing.

======================================================================
  LLDASH-GPAC Streaming QoE Benchmark (dash.js / BOLA)
======================================================================
  Server: http://localhost:8082/player.html?mpd=http://localhost:8082/manifest.mpd
======================================================================

[TRACE] Loaded 3148 entries with bandwidth
[BROWSER] Launching headless Chromium...
[BROWSER] Waiting for playback to start...
   Startup delay: 1165ms

[PLAYBACK] Collecting metrics...
   t=10s | buffer: 3.5s | bitrate: 100 kbps | tp: 19750 kbps | trace_bw: 19750 kbps
   t=20s | buffer: 3.2s | bitrate: 100 kbps | tp: 19546 kbps | trace_bw: 19546 kbps
   t=31s | buffer: 3.1s | bitrate: 400 kbps | tp: 216188 kbps | trace_bw: 216188 kbps
   t=41s | buffer: 2.8s | bitrate: 400 kbps | tp: 100156 kbps | trace_bw: 100156 kbps
   t=51s | buffer: 2.7s | bitrate: 1500 kbps | tp: 20423 kbps | trace_bw: 20423 kbps
   t=61s | buffer: 0.3s | bitrate: 4500 kbps | tp: 18455 kbps | trace_bw: 18455 kbps
   t=71s | buffer: 0.1s | bitrate: 4500 kbps | tp: 19617 kbps | trace_bw: 19617 kbps
   t=82s | buffer: 3.4s | bitrate: 100 kbps | tp: 19008 kbps | trace_bw: 19008 kbps
   t=92s | buffer: 3.3s | bitrate: 200 kbps | tp: 15982 kbps | trace_bw: 15982 kbps
   t=102s | buffer: 3.0s | bitrate: 800 kbps | tp: 13675 kbps | trace_bw: 13675 kbps
   t=112s | buffer: 2.9s | bitrate: 2000 kbps | tp: 18513 kbps | trace_bw: 18513 kbps

======================================================================
  BENCHMARK RESULTS (LLDASH-GPAC / dash.js / BOLA)
======================================================================

  [TIMING]
      Startup delay:     1,165 ms
      Playback time:     93.9 s

  [BITRATE]
      Average (selected):  1,236 kbps
      Average (effective): 955 kbps
      Min / Max:           100 / 4,500 kbps
      Median:              800 kbps
      Std deviation:       1,247.6 kbps
      Variance:            1,556,581.6
      25th/75th %ile:      200 / 2,000 kbps

  [SWITCHES]
      Total count:       13
      Up / Down:         12 / 1
      Avg magnitude:     823 kbps

  [REBUFFERING]
      Events:            4
      Total time:        27,658 ms
      Ratio:             22.7571%
      Frequency:         2.557 per minute
      Avg duration:      8,028 ms
      Max duration:      19,498 ms

  [THROUGHPUT]
      Average:           33,892 kbps
      Median:            19,002 kbps
      Min / Max:         0 / 216,188 kbps
      Std deviation:     47,021.6 kbps

  [AVAILABLE BW (trace)]
      Average:           33,892 kbps
      Min / Max:         0 / 216,188 kbps
      Utilisation:       56.1%

  [BUFFER]
      Average level:     2.0 s
      Min / Max:         0.1 / 3.7 s

  [UTILIZATION]
      Bandwidth:         6.5%

======================================================================

[SAVED] results/results/run_all_20260525_151403/lldash-gpac_5g-ireland/benchmark_lldash-gpac_download_static_B_2020_02_13_13_57_29_tc_20260525_200216.json

──────────────────────────────────────────────────────────────────────
  [49/83] download_static_B_2020_02_14_13_21_26_tc.csv
──────────────────────────────────────────────────────────────────────
[TRACE] download_static_B_2020_02_14_13_21_26_tc.csv
[LLDASH-GPAC] Trace file ready; gpac_server uses in-process bandwidth pacing.

======================================================================
  LLDASH-GPAC Streaming QoE Benchmark (dash.js / BOLA)
======================================================================
  Server: http://localhost:8082/player.html?mpd=http://localhost:8082/manifest.mpd
======================================================================

[TRACE] Loaded 1013 entries with bandwidth
[BROWSER] Launching headless Chromium...
[BROWSER] Waiting for playback to start...
   Startup delay: 21177ms

[PLAYBACK] Collecting metrics...
   t=10s | buffer: 4.0s | bitrate: 100 kbps | tp: 21208 kbps | trace_bw: 21208 kbps
   t=20s | buffer: 3.6s | bitrate: 100 kbps | tp: 20791 kbps | trace_bw: 20791 kbps
   t=31s | buffer: 3.5s | bitrate: 100 kbps | tp: 21119 kbps | trace_bw: 21119 kbps
   t=41s | buffer: 3.1s | bitrate: 200 kbps | tp: 19880 kbps | trace_bw: 19880 kbps
   t=51s | buffer: 3.0s | bitrate: 200 kbps | tp: 227954 kbps | trace_bw: 227954 kbps
   t=61s | buffer: 3.0s | bitrate: 800 kbps | tp: 126947 kbps | trace_bw: 126947 kbps
   t=71s | buffer: 2.6s | bitrate: 2000 kbps | tp: 223919 kbps | trace_bw: 223919 kbps
   t=82s | buffer: 4.5s | bitrate: 4500 kbps | tp: 225894 kbps | trace_bw: 225894 kbps
   t=92s | buffer: 6.1s | bitrate: 4500 kbps | tp: 196772 kbps | trace_bw: 196772 kbps
   t=102s | buffer: 0.1s | bitrate: 4500 kbps | tp: 197668 kbps | trace_bw: 197668 kbps
   t=112s | buffer: 0.1s | bitrate: 4500 kbps | tp: 204961 kbps | trace_bw: 204961 kbps

======================================================================
  BENCHMARK RESULTS (LLDASH-GPAC / dash.js / BOLA)
======================================================================

  [TIMING]
      Startup delay:     21,177 ms
      Playback time:     104.9 s

  [BITRATE]
      Average (selected):  1,309 kbps
      Average (effective): 971 kbps
      Min / Max:           100 / 4,500 kbps
      Median:              800 kbps
      Std deviation:       1,324.9 kbps
      Variance:            1,755,371.9
      25th/75th %ile:      200 / 2,000 kbps

  [SWITCHES]
      Total count:       10
      Up / Down:         9 / 1
      Avg magnitude:     880 kbps

  [REBUFFERING]
      Events:            2
      Total time:        36,569 ms
      Ratio:             25.8433%
      Frequency:         1.144 per minute
      Avg duration:      18,284 ms
      Max duration:      21,020 ms

  [THROUGHPUT]
      Average:           110,760 kbps
      Median:            96,732 kbps
      Min / Max:         0 / 253,265 kbps
      Std deviation:     96,200.4 kbps

  [AVAILABLE BW (trace)]
      Average:           110,760 kbps
      Min / Max:         0 / 253,265 kbps
      Utilisation:       87.3%

  [BUFFER]
      Average level:     3.1 s
      Min / Max:         0.1 / 7.9 s

  [UTILIZATION]
      Bandwidth:         1.4%

======================================================================

[SAVED] results/results/run_all_20260525_151403/lldash-gpac_5g-ireland/benchmark_lldash-gpac_download_static_B_2020_02_14_13_21_26_tc_20260525_200421.json

──────────────────────────────────────────────────────────────────────
  [50/83] download_static_B_2020_02_27_18_39_27_tc.csv
──────────────────────────────────────────────────────────────────────
[TRACE] download_static_B_2020_02_27_18_39_27_tc.csv
[LLDASH-GPAC] Trace file ready; gpac_server uses in-process bandwidth pacing.

======================================================================
  LLDASH-GPAC Streaming QoE Benchmark (dash.js / BOLA)
======================================================================
  Server: http://localhost:8082/player.html?mpd=http://localhost:8082/manifest.mpd
======================================================================

[TRACE] Loaded 5991 entries with bandwidth
[BROWSER] Launching headless Chromium...
[BROWSER] Waiting for playback to start...
   Startup delay: 5907ms

[PLAYBACK] Collecting metrics...
   t=10s | buffer: 6.2s | bitrate: 100 kbps | tp: 0 kbps | trace_bw: 0 kbps
   t=20s | buffer: 1.8s | bitrate: 100 kbps | tp: 206893 kbps | trace_bw: 206893 kbps
   t=31s | buffer: 3.7s | bitrate: 100 kbps | tp: 20543 kbps | trace_bw: 20543 kbps
   t=41s | buffer: 3.4s | bitrate: 200 kbps | tp: 8385 kbps | trace_bw: 8385 kbps
   t=51s | buffer: 3.2s | bitrate: 800 kbps | tp: 177876 kbps | trace_bw: 177876 kbps
   t=61s | buffer: 0.9s | bitrate: 2000 kbps | tp: 187550 kbps | trace_bw: 187550 kbps
   t=71s | buffer: 2.8s | bitrate: 3000 kbps | tp: 221179 kbps | trace_bw: 221179 kbps
   t=82s | buffer: 6.5s | bitrate: 4500 kbps | tp: 37459 kbps | trace_bw: 37459 kbps
   t=92s | buffer: 6.4s | bitrate: 4500 kbps | tp: 162844 kbps | trace_bw: 162844 kbps
   t=102s | buffer: 6.0s | bitrate: 4500 kbps | tp: 170852 kbps | trace_bw: 170852 kbps
   t=112s | buffer: 0.1s | bitrate: 4500 kbps | tp: 259660 kbps | trace_bw: 259660 kbps

======================================================================
  BENCHMARK RESULTS (LLDASH-GPAC / dash.js / BOLA)
======================================================================

  [TIMING]
      Startup delay:     5,907 ms
      Playback time:     107.9 s

  [BITRATE]
      Average (selected):  1,430 kbps
      Average (effective): 1,226 kbps
      Min / Max:           100 / 4,500 kbps
      Median:              1,200 kbps
      Std deviation:       1,330.5 kbps
      Variance:            1,770,100.0
      25th/75th %ile:      400 / 2,000 kbps

  [SWITCHES]
      Total count:       9
      Up / Down:         9 / 0
      Avg magnitude:     489 kbps

  [REBUFFERING]
      Events:            5
      Total time:        17,942 ms
      Ratio:             14.2594%
      Frequency:         2.781 per minute
      Avg duration:      1,486 ms
      Max duration:      5,757 ms

  [THROUGHPUT]
      Average:           123,831 kbps
      Median:            164,519 kbps
      Min / Max:         0 / 323,677 kbps
      Std deviation:     91,735.4 kbps

  [AVAILABLE BW (trace)]
      Average:           123,831 kbps
      Min / Max:         0 / 323,677 kbps
      Utilisation:       132.9%

  [BUFFER]
      Average level:     3.6 s
      Min / Max:         0.1 / 7.7 s

  [UTILIZATION]
      Bandwidth:         0.9%

======================================================================

[SAVED] results/results/run_all_20260525_151403/lldash-gpac_5g-ireland/benchmark_lldash-gpac_download_static_B_2020_02_27_18_39_27_tc_20260525_200646.json

──────────────────────────────────────────────────────────────────────
  [51/83] netflix_driving_animated-rickandmorty_B_2019_11_20_16_55_16_tc.csv
──────────────────────────────────────────────────────────────────────
[TRACE] netflix_driving_animated-rickandmorty_B_2019_11_20_16_55_16_tc.csv
[LLDASH-GPAC] Trace file ready; gpac_server uses in-process bandwidth pacing.

======================================================================
  LLDASH-GPAC Streaming QoE Benchmark (dash.js / BOLA)
======================================================================
  Server: http://localhost:8082/player.html?mpd=http://localhost:8082/manifest.mpd
======================================================================

[TRACE] Loaded 2541 entries with bandwidth
[BROWSER] Launching headless Chromium...
[BROWSER] Waiting for playback to start...
   Startup delay: 1674ms

[PLAYBACK] Collecting metrics...
   t=10s | buffer: 0.1s | bitrate: 100 kbps | tp: 8593 kbps | trace_bw: 8593 kbps
   t=20s | buffer: 0.1s | bitrate: 100 kbps | tp: 7609 kbps | trace_bw: 7609 kbps
   t=31s | buffer: 3.1s | bitrate: 100 kbps | tp: 4034 kbps | trace_bw: 4034 kbps
   t=41s | buffer: 1.4s | bitrate: 100 kbps | tp: 0 kbps | trace_bw: 0 kbps
   t=51s | buffer: 0.1s | bitrate: 100 kbps | tp: 2 kbps | trace_bw: 2 kbps
   t=61s | buffer: 0.1s | bitrate: 100 kbps | tp: 0 kbps | trace_bw: 0 kbps
   t=72s | buffer: 0.1s | bitrate: 100 kbps | tp: 0 kbps | trace_bw: 0 kbps
   t=82s | buffer: 0.1s | bitrate: 100 kbps | tp: 0 kbps | trace_bw: 0 kbps
   t=92s | buffer: 0.1s | bitrate: 100 kbps | tp: 0 kbps | trace_bw: 0 kbps
   t=102s | buffer: 0.1s | bitrate: 100 kbps | tp: 0 kbps | trace_bw: 0 kbps
   t=112s | buffer: 0.1s | bitrate: 100 kbps | tp: 2 kbps | trace_bw: 2 kbps

======================================================================
  BENCHMARK RESULTS (LLDASH-GPAC / dash.js / BOLA)
======================================================================

  [TIMING]
      Startup delay:     1,674 ms
      Playback time:     27.9 s

  [BITRATE]
      Average (selected):  100 kbps
      Average (effective): 23 kbps
      Min / Max:           100 / 100 kbps
      Median:              100 kbps
      Std deviation:       0.0 kbps
      Variance:            0.0
      25th/75th %ile:      100 / 100 kbps

  [SWITCHES]
      Total count:       0
      Up / Down:         0 / 0
      Avg magnitude:     0 kbps

  [REBUFFERING]
      Events:            5
      Total time:        93,688 ms
      Ratio:             77.0624%
      Frequency:         10.758 per minute
      Avg duration:      15,847 ms
      Max duration:      41,587 ms

  [THROUGHPUT]
      Average:           2,171 kbps
      Median:            0 kbps
      Min / Max:         0 / 20,170 kbps
      Std deviation:     4,066.5 kbps

  [AVAILABLE BW (trace)]
      Average:           2,171 kbps
      Min / Max:         0 / 20,170 kbps

  [BUFFER]
      Average level:     0.6 s
      Min / Max:         0.1 / 3.6 s

  [UTILIZATION]
      Bandwidth:         0.0%

======================================================================

[SAVED] results/results/run_all_20260525_151403/lldash-gpac_5g-ireland/benchmark_lldash-gpac_netflix_driving_animated-rickandmorty_B_2019_11_20_16_55_16_tc_20260525_200856.json

──────────────────────────────────────────────────────────────────────
  [52/83] netflix_driving_animated-rickandmorty_B_2019_11_21_07_59_06_tc.csv
──────────────────────────────────────────────────────────────────────
[TRACE] netflix_driving_animated-rickandmorty_B_2019_11_21_07_59_06_tc.csv
[LLDASH-GPAC] Trace file ready; gpac_server uses in-process bandwidth pacing.

======================================================================
  LLDASH-GPAC Streaming QoE Benchmark (dash.js / BOLA)
======================================================================
  Server: http://localhost:8082/player.html?mpd=http://localhost:8082/manifest.mpd
======================================================================

[TRACE] Loaded 2545 entries with bandwidth
[BROWSER] Launching headless Chromium...
[BROWSER] Waiting for playback to start...
   Startup delay: 2700ms

[PLAYBACK] Collecting metrics...
   t=10s | buffer: 2.6s | bitrate: 100 kbps | tp: 0 kbps | trace_bw: 0 kbps
   t=20s | buffer: 0.1s | bitrate: 100 kbps | tp: 29339 kbps | trace_bw: 29339 kbps
   t=31s | buffer: 0.1s | bitrate: 100 kbps | tp: 2 kbps | trace_bw: 2 kbps
   t=41s | buffer: 0.1s | bitrate: 100 kbps | tp: 0 kbps | trace_bw: 0 kbps
   t=51s | buffer: 0.1s | bitrate: 100 kbps | tp: 2 kbps | trace_bw: 2 kbps
   t=61s | buffer: 0.1s | bitrate: 100 kbps | tp: 0 kbps | trace_bw: 0 kbps
   t=71s | buffer: 0.1s | bitrate: 100 kbps | tp: 0 kbps | trace_bw: 0 kbps
   t=82s | buffer: 0.1s | bitrate: 100 kbps | tp: 1 kbps | trace_bw: 1 kbps
[BROWSER-ERROR] dash.js error {"code":27,"message":"http://localhost:8082/ll2s-chunk-stream0-00007.m4s is not available","data":{"request":{"action":"download","availabilityEndTime":null,"availabilityStartTime":"2026-05-26T03:11:04.005Z","bandwidth":100000,"bytesLoaded":null,"bytesTotal":null,"delayLoadingTime":1779765073974,"duration":2,"endDate":"2026-05-26T03:12:36.998Z","firstByteDate":"2026-05-26T03:12:16.998Z","index":6,"isPartialSegmentRequest":false,"mediaStartTime":12,"mediaType":"video","presentationStartTime":12,"representation":{"absoluteIndex":0,"adaptation":{"period":{"id":"0","index":0,"duration":596.4,"start":0,"mpd":{"availabilityEndTime":null,"availabilityStartTime":"2026-05-26T03:11:04.005Z","manifest":{"nodeName":"MPD","nodeValue":null,"attributes":{"xmlns:xsi":"http://www.w3.org/2001/XMLSchema-instance","xmlns":"urn:mpeg:dash:schema:mpd:2011","xmlns:xlink":"http://www.w3.org/1999/xlink","xsi:schemaLocation":"urn:mpeg:DASH:schema:MPD:2011 http://standards.iso.org/ittf/PubliclyAvailableStandards/MPEG-DASH_schema_files/DASH-MPD.xsd","profiles":"urn:mpeg:dash:profile:isoff-live:2011","type":"static","mediaPresentationDuration":"PT9M56.4S","minBufferTime":"PT4.0S"},"childNodes":[{"nodeName":"ProgramInformation","nodeValue":null,"attributes":{},"childNodes":[{"nodeName":"Title","nodeValue":null,"attributes":{},"childNodes":[{"nodeName":"#text","nodeValue":"Big Buck Bunny","attributes":{},"childNodes":[]}],"prefix":null,"localName":"Title","tagName":"Title","__text":"Big Buck Bunny","__children":[{"nodeName":"#text","nodeValue":"Big Buck Bunny","attributes":{},"childNodes":[]}]}],"prefix":null,"localName":"ProgramInformation","tagName":"ProgramInformation","Title":{"nodeName":"Title","nodeValue":null,"attributes":{},"childNodes":[{"nodeName":"#text","nodeValue":"Big Buck Bunny","attributes":{},"childNodes":[]}],"prefix":null,"localName":"Title","tagName":"Title","__text":"Big Buck Bunny","__children":[{"nodeName":"#text","nodeValue":"Big Buck Bunny","attributes":{},"childNodes":[]}]},"__children":[{"nodeName":"Title","nodeValue":null,"attributes":{},"childNodes":[{"nodeName":"#text","nodeValue":"Big Buck Bunny","attributes":{},"childNodes":[]}],"prefix":null,"localName":"Title","tagName":"Title","__text":"Big Buck Bunny","__children":[{"nodeName":"#text","nodeValue":"Big Buck Bunny","attributes":{},"childNodes":[]}]}]},{"nodeName":"Period","nodeValue":null,"attributes":{"id":"0","start":"PT0.0S"},"childNodes":[{"nodeName":"AdaptationSet","nodeValue":null,"attributes":{"id":"0","contentType":"video","segmentAlignment":"true","bitstreamSwitching":"false"},"childNodes":[{"nodeName":"Representation","nodeValue":null,"attributes":{"id":"0","mimeType":"video/mp4","codecs":"avc1.64001f","bandwidth":"100000","width":"256","height":"144","frameRate":"24/1"},"childNodes":[{"nodeName":"SegmentTemplate","nodeValue":null,"attributes":{"timescale":"12288","initialization":"ll2s-init-stream$RepresentationID$.m4s","media":"ll2s-chunk-stream$RepresentationID$-$Number%05d$.m4s","startNumber":"1"},"childNodes":[{"nodeName":"SegmentTimeline","nodeValue":null,"attributes":{},"childNodes":[{"nodeName":"S","nodeValue":null,"attributes":{"t":"0","d":"24576","r":"297"},"childNodes":[],"prefix":null,"localName":"S","tagName":"S","t":0,"d":24576,"r":297,"__children":[]},{"nodeName":"S","nodeValue":null,"attributes":{"d":"5632"},"childNodes":[],"prefix":null,"localName":"S","tagName":"S","d":5632,"__children":[]}],"prefix":null,"localName":"SegmentTimeline","tagName":"SegmentTimeline","S":[{"nodeName":"S","nodeValue":null,"attributes":{"t":"0","d":"24576","r":"297"},"childNodes":[],"prefix":null,"localName":"S","tagName":"S","t":0,"d":24576,"r":297,"__children":[]},{"nodeName":"S","nodeValue":null,"attributes":{"d":"5632"},"childNodes":[],"prefix":null,"localName":"S","tagName":"S","d":5632,"__children":[]}],"__children":[{"nodeName":"S","nodeValue":null,"attributes":{"t":"0","d":"24576","r":"297"},"childNodes":[],"prefix":null,"localName":"S","tagName":"S","t":0,"d":24576,"r":297,"__children":[]},{"nodeName":"S","nodeValue":null,"attributes":{"d":"5632"},"childNodes":[],"prefix":null,"localName":"S","tagName":"S","d":5632,"__children":[]}]}],"prefix":null,"localName":"SegmentTemplate","tagName":"SegmentTemplate","timescale":12288,"initialization":"ll2s-init-stream$RepresentationID$.m4s","media":"ll2s-chunk-stream$RepresentationID$-$Number%05d$.m4s","startNumber":1,"SegmentTimeline":{"nodeName":"SegmentTimeline","nodeValue":null,"attributes":{},"childNodes":[{"nodeName":"S","nodeValue":null,"attributes":{"t":"0","d":"24576","r":"297"},"childNodes":[],"prefix":null,"localName":"S","tagName":"S","t":0,"d":24576,"r":297,"__children":[]},{"nodeName":"S","nodeValue":null,"attributes":{"d":"5632"},"childNodes":[],"prefix":null,"localName":"S","tagName":"S","d":5632,"__children":[]}],"prefix":null,"localName":"SegmentTimeline","tagName":"SegmentTimeline","S":[{"nodeName":"S","nodeValue":null,"attributes":{"t":"0","d":"24576","r":"297"},"childNodes":[],"prefix":null,"localName":"S","tagName":"S","t":0,"d":24576,"r":297,"__children":[]},{"nodeName":"S","nodeValue":null,"attributes":{"d":"5632"},"childNodes":[],"prefix":null,"localName":"S","tagName":"S","d":5632,"__children":[]}],"__children":[{"nodeName":"S","nodeValue":null,"attributes":{"t":"0","d":"24576","r":"297"},"childNodes":[],"prefix":null,"localName":"S","tagName":"S","t":0,"d":24576,"r":297,"__children":[]},{"nodeName":"S","nodeValue":null,"attributes":{"d":"5632"},"childNodes":[],"prefix":null,"localName":"S","tagName":"S","d":5632,"__children":[]}]},"__children":[{"nodeName":"SegmentTimeline","nodeValue":null,"attributes":{},"childNodes":[{"nodeName":"S","nodeValue":null,"attributes":{"t":"0","d":"24576","r":"297"},"childNodes":[],"prefix":null,"localName":"S","tagName":"S","t":0,"d":24576,"r":297,"__children":[]},{"nodeName":"S","nodeValue":null,"attributes":{"d":"5632"},"childNodes":[],"prefix":null,"localName":"S","tagName":"S","d":5632,"__children":[]}],"prefix":null,"localName":"SegmentTimeline","tagName":"SegmentTimeline","S":[{"nodeName":"S","nodeValue":null,"attributes":{"t":"0","d":"24576","r":"297"},"childNodes":[],"prefix":null,"localName":"S","tagName":"S","t":0,"d":24576,"r":297,"__children":[]},{"nodeName":"S","nodeValue":null,"attributes":{"d":"5632"},"childNodes":[],"prefix":null,"localName":"S","tagName":"S","d":5632,"__children":[]}],"__children":[{"nodeName":"S","nodeValue":null,"attributes":{"t":"0","d":"24576","r":"297"},"childNodes":[],"prefix":null,"localName":"S","tagName":"S","t":0,"d":24576,"r":297,"__children":[]},{"nodeName":"S","nodeValue":null,"attributes":{"d":"5632"},"childNodes":[],"prefix":null,"localName":"S","tagName":"S","d":5632,"__children":[]}]}]}],"prefix":null,"localName":"Representation","tagName":"Representation","id":"0","mimeType":"video/mp4","codecs":"avc1.64001f","bandwidth":100000,"width":256,"height":144,"frameRate":"24/1","SegmentTemplate":{"nodeName":"SegmentTemplate","nodeValue":null,"attributes":{"timescale":"12288","initialization":"ll2s-init-stream$RepresentationID$.m4s","media":"ll2s-chunk-stream$RepresentationID$-$Number%05d$.m4s","startNumber":"1"},"childNodes":[{"nodeName":"SegmentTimeline","nodeValue":null,"attributes":{},"childNodes":[{"nodeName":"S","nodeValue":null,"attributes":{"t":"0","d":"24576","r":"297"},"childNodes":[],"prefix":null,"localName":"S","tagName":"S","t":0,"d":24576,"r":297,"__children":[]},{"nodeName":"S","nodeValue":null,"attributes":{"d":"5632"},"childNodes":[],"prefix":null,"localName":"S","tagName":"S","d":5632,"__children":[]}],"prefix":null,"localName":"SegmentTimeline","tagName":"SegmentTimeline","S":[{"nodeName":"S","nodeValue":null,"attributes":{"t":"0","d":"24576","r":"297"},"childNodes":[],"prefix":null,"localName":"S","tagName":"S","t":0,"d":24576,"r":297,"__children":[]},{"nodeName":"S","nodeValue":null,"attributes":{"d":"5632"},"childNodes":[],"prefix":null,"localName":"S","tagName":"S","d":5632,"__children":[]}],"__children":[{"nodeName":"S","nodeValue":null,"attributes":{"t":"0","d":"24576","r":"297"},"childNodes":[],"prefix":null,"localName":"S","tagName":"S","t":0,"d":24576,"r":297,"__children":[]},{"nodeName":"S","nodeValue":null,"attributes":{"d":"5632"},"childNodes":[],"prefix":null,"localName":"S","tagName":"S","d":5632,"__children":[]}]}],"prefix":null,"localName":"SegmentTemplate","tagName":"SegmentTemplate","timescale":12288,"initialization":"ll2s-init-stream$RepresentationID$.m4s","media":"ll2s-chunk-stream$RepresentationID$-$Number%05d$.m4s","startNumber":1,"SegmentTimeline":{"nodeName":"SegmentTimeline","nodeValue":null,"attributes":{},"childNodes":[{"nodeName":"S","nodeValue":null,"attributes":{"t":"0","d":"24576","r":"297"},"childNodes":[],"prefix":null,"localName":"S","tagName":"S","t":0,"d":24576,"r":297,"__children":[]},{"nodeName":"S","nodeValue":null,"attributes":{"d":"5632"},"childNodes":[],"prefix":null,"localName":"S","tagName":"S","d":5632,"__children":[]}],"prefix":null,"localName":"SegmentTimeline","tagName":"SegmentTimeline","S":[{"nodeName":"S","nodeValue":null,"attributes":{"t":"0","d":"24576","r":"297"},"childNodes":[],"prefix":null,"localName":"S","tagName":"S","t":0,"d":24576,"r":297,"__children":[]},{"nodeName":"S","nodeValue":null,"attributes":{"d":"5632"},"childNodes":[],"prefix":null,"localName":"S","tagName":"S","d":5632,"__children":[]}],"__children":[{"nodeName":"S","nodeValue":null,"attributes":{"t":"0","d":"24576","r":"297"},"childNodes":[],"prefix":null,"localName":"S","tagName":"S","t":0,"d":24576,"r":297,"__children":[]},{"nodeName":"S","nodeValue":null,"attributes":{"d":"5632"},"childNodes":[],"prefix":null,"localName":"S","tagName":"S","d":5632,"__children":[]}]},"__children":[{"nodeName":"SegmentTimeline","nodeValue":null,"attributes":{},"childNodes":[{"nodeName":"S","nodeValue":null,"attributes":{"t":"0","d":"24576","r":"297"},"childNodes":[],"prefix":null,"localName":"S","tagName":"S","t":0,"d":24576,"r":297,"__children":[]},{"nodeName":"S","nodeValue":null,"attributes":{"d":"5632"},"childNodes":[],"prefix":null,"localName":"S","tagName":"S","d":5632,"__children":[]}],"prefix":null,"localName":"SegmentTimeline","tagName":"SegmentTimeline","S":[{"nodeName":"S","nodeValue":null,"attributes":{"t":"0","d":"24576","r":"297"},"childNodes":[],"prefix":null,"localName":"S","tagName":"S","t":0,"d":24576,"r":297,"__children":[]},{"nodeName":"S","nodeValue":null,"attributes":{"d":"5632"},"childNodes":[],"prefix":null,"localName":"S","tagName":"S","d":5632,"__children":[]}],"__children":[{"nodeName":"S","nodeValue":null,"attributes":{"t":"0","d":"24576","r":"297"},"childNodes":[],"prefix":null,"localName":"S","tagName":"S","t":0,"d":24576,"r":297,"__children":[]},{"nodeName":"S","nodeValue":null,"attributes":{"d":"5632"},"childNodes":[],"prefix":null,"localName":"S","tagName":"S","d":5632,"__children":[]}]}]},"__children":[{"nodeName":"SegmentTemplate","nodeValue":null,"attributes":{"timescale":"12288","initialization":"ll2s-init-stream$RepresentationID$.m4s","media":"ll2s-chunk-stream$RepresentationID$-$Number%05d$.m4s","startNumber":"1"},"childNodes":[{"nodeName":"SegmentTimeline","nodeValue":null,"attributes":{},"childNodes":[{"nodeName":"S","nodeValue":null,"attributes":{"t":"0","d":"24576","r":"297"},"childNodes":[],"prefix":null,"localName":"S","tagName":"S","t":0,"d":24576,"r":297,"__children":[]},{"nodeName":"S","nodeValue":null,"attributes":{"d":"5632"},"childNodes":[],"prefix":null,"localName":"S","tagName":"S","d":5632,"__children":[]}],"prefix":null,"localName":"SegmentTimeline","tagName":"SegmentTimeline","S":[{"nodeName":"S","nodeValue":null,"attributes":{"t":"0","d":"24576","r":"297"},"childNodes":[],"prefix":null,"localName":"S","tagName":"S","t":0,"d":24576,"r":297,"__children":[]},{"nodeName":"S","nodeValue":null,"attributes":{"d":"5632"},"childNodes":[],"prefix":null,"localName":"S","tagName":"S","d":5632,"__children":[]}],"__children":[{"nodeName":"S","nodeValue":null,"attributes":{"t":"0","d":"24576","r":"297"},"childNodes":[],"prefix":null,"localName":"S","tagName":"S","t":0,"d":24576,"r":297,"__children":[]},{"nodeName":"S","nodeValue":null,"attributes":{"d":"5632"},"childNodes":[],"prefix":null,"localName":"S","tagName":"S","d":5632,"__children":[]}]}],"prefix":null,"localName":"SegmentTemplate","tagName":"SegmentTemplate","timescale":12288,"initialization":"ll2s-init-stream$RepresentationID$.m4s","media":"ll2s-chunk-stream$RepresentationID$-$Number%05d$.m4s","startNumber":1,"SegmentTimeline":{"nodeName":"SegmentTimeline","nodeValue":null,"attributes":{},"childNodes":[{"nodeName":"S","nodeValue":null,"attributes":{"t":"0","d":"24576","r":"297"},"childNodes":[],"prefix":null,"localName":"S","tagName":"S","t":0,"d":24576,"r":297,"__children":[]},{"nodeName":"S","nodeValue":null,"attributes":{"d":"5632"},"childNodes":[],"prefix":null,"localName":"S","tagName":"S","d":5632,"__children":[]}],"prefix":null,"localName":"SegmentTimeline","tagName":"SegmentTimeline","S":[{"nodeName":"S","nodeValue":null,"attributes":{"t":"0","d":"24576","r":"297"},"childNodes":[],"prefix":null,"localName":"S","tagName":"S","t":0,"d":24576,"r":297,"__children":[]},{"nodeName":"S","nodeValue":null,"attributes":{"d":"5632"},"childNodes":[],"prefix":null,"localName":"S","tagName":"S","d":5632,"__children":[]}],"__children":[{"nodeName":"S","nodeValue":null,"attributes":{"t":"0","d":"24576","r":"297"},"childNodes":[],"prefix":null,"localName":"S","tagName":"S","t":0,"d":24576,"r":297,"__children":[]},{"nodeName":"S","nodeValue":null,"attributes":{"d":"5632"},"childNodes":[],"prefix":null,"localName":"S","tagName":"S","d":5632,"__children":[]}]},"__children":[{"nodeName":"SegmentTimeline","nodeValue":null,"attributes":{},"childNodes":[{"nodeName":"S","nodeValue":null,"attributes":{"t":"0","d":"24576","r":"297"},"childNodes":[],"prefix":null,"localName":"S","tagName":"S","t":0,"d":24576,"r":297,"__children":[]},{"nodeName":"S","nodeValue":null,"attributes":{"d":"5632"},"childNodes":[],"prefix":null,"localName":"S","tagName":"S","d":5632,"__children":[]}],"prefix":null,"localName":"SegmentTimeline","tagName":"SegmentTimeline","S":[{"nodeName":"S","nodeValue":null,"attributes":{"t":"0","d":"24576","r":"297"},"childNodes":[],"prefix":null,"localName":"S","tagName":"S","t":0,"d":24576,"r":297,"__children":[]},{"nodeName":"S","nodeValue":null,"attributes":{"d":"5632"},"childNodes":[],"prefix":null,"localName":"S","tagName":"S","d":5632,"__children":[]}],"__children":[{"nodeName":"S","nodeValue":null,"attributes":{"t":"0","d":"24576","r":"297"},"childNodes":[],"prefix":null,"localName":"S","tagName":"S","t":0,"d":24576,"r":297,"__children":[]},{"nodeName":"S","nodeValue":null,"attributes":{"d":"5632"},"childNodes":[],"prefix":null,"localName":"S","tagName":"S","d":5632,"__children":[]}]}]}]},{"nodeName":"Representation","nodeValue":null,"attributes":{"id":"1","mimeType":"video/mp4","codecs":"avc1.64001f","bandwidth":"200000","width":"320","height":"180","frameRate":"24/1"},"childNodes":[{"nodeName":"SegmentTemplate","nodeValue":null,"attributes":{"timescale":"12288","initialization":"ll2s-init-stream$RepresentationID$.m4s","media":"ll2s-chunk-stream$RepresentationID$-$Number%05d$.m4s","startNumber":"1"},"childNodes":[{"nodeName":"SegmentTimeline","nodeValue":null,"attributes":{},"childNodes":[{"nodeName":"S","nodeValue":null,"attributes":{"t":"0","d":"24576","r":"297"},"childNodes":[],"prefix":null,"localName":"S","tagName":"S","t":0,"d":24576,"r":297,"__children":[]},{"nodeName":"S","nodeValue":null,"attributes":{"d":"5632"},"childNodes":[],"prefix":null,"localName":"S","tagName":"S","d":5632,"__children":[]}],"prefix":null,"localName":"SegmentTimeline","tagName":"SegmentTimeline","S":[{"nodeName":"S","nodeValue":null,"attributes":{"t":"0","d":"24576","r":"297"},"childNodes":[],"prefix":null,"localName":"S","tagName":"S","t":0,"d":24576,"r":297,"__children":[]},{"nodeName":"S","nodeValue":null,"attributes":{"d":"5632"},"childNodes":[],"prefix":null,"localName":"S","tagName":"S","d":5632,"__children":[]}],"__children":[{"nodeName":"S","nodeValue":null,"attributes":{"t":"0","d":"24576","r":"297"},"childNodes":[],"prefix":null,"localName":"S","tagName":"S","t":0,"d":24576,"r":297,"__children":[]},{"nodeName":"S","nodeValue":null,"attributes":{"d":"5632"},"childNodes":[],"prefix":null,"localName":"S","tagName":"S","d":5632,"__children":[]}]}],"prefix":null,"localName":"SegmentTemplate","tagName":"SegmentTemplate","timescale":12288,"initialization":"ll2s-init-stream$RepresentationID$.m4s","media":"ll2s-chunk-stream$RepresentationID$-$Number%05d$.m4s","startNumber":1,"SegmentTimeline":{"nodeName":"SegmentTimeline","nodeValue":null,"attributes":{},"childNodes":[{"nodeName":"S","nodeValue":null,"attributes":{"t":"0","d":"24576","r":"297"},"childNodes":[],"prefix":null,"localName":"S","tagName":"S","t":0,"d":24576,"r":297,"__children":[]},{"nodeName":"S","nodeValue":null,"attributes":{"d":"5632"},"childNodes":[],"prefix":null,"localName":"S","tagName":"S","d":5632,"__children":[]}],"prefix":null,"localName":"SegmentTimeline","tagName":"SegmentTimeline","S":[{"nodeName":"S","nodeValue":null,"attributes":{"t":"0","d":"24576","r":"297"},"childNodes":[],"prefix":null,"localName":"S","tagName":"S","t":0,"d":24576,"r":297,"__children":[]},{"nodeName":"S","nodeValue":null,"attributes":{"d":"5632"},"childNodes":[],"prefix":null,"localName":"S","tagName":"S","d":5632,"__children":[]}],"__children":[{"nodeName":"S","nodeValue":null,"attributes":{"t":"0","d":"24576","r":"297"},"childNodes":[],"prefix":null,"localName":"S","tagName":"S","t":0,"d":24576,"r":297,"__children":[]},{"nodeName":"S","nodeValue":null,"attributes":{"d":"5632"},"childNodes":[],"prefix":null,"localName":"S","tagName":"S","d":5632,"__children":[]}]},"__children":[{"nodeName":"SegmentTimeline","nodeValue":null,"attributes":{},"childNodes":[{"nodeName":"S","nodeValue":null,"attributes":{"t":"0","d":"24576","r":"297"},"childNodes":[],"prefix":null,"localName":"S","tagName":"S","t":0,"d":24576,"r":297,"__children":[]},{"nodeName":"S","nodeValue":null,"attributes":{"d":"5632"},"childNodes":[],"prefix":null,"localName":"S","tagName":"S","d":5632,"__children":[]}],"prefix":null,"localName":"SegmentTimeline","tagName":"SegmentTimeline","S":[{"nodeName":"S","nodeValue":null,"attributes":{"t":"0","d":"24576","r":"297"},"childNodes":[],"prefix":null,"localName":"S","tagName":"S","t":0,"d":24576,"r":297,"__children":[]},{"nodeName":"S","nodeValue":null,"attributes":{"d":"5632"},"childNodes":[],"prefix":null,"localName":"S","tagName":"S","d":5632,"__children":[]}],"__children":[{"nodeName":"S","nodeValue":null,"attributes":{"t":"0","d":"24576","r":"297"},"childNodes":[],"prefix":null,"localName":"S","tagName":"S","t":0,"d":24576,"r":297,"__children":[]},{"nodeName":"S","nodeValue":null,"attributes":{"d":"5632"},"childNodes":[],"prefix":null,"localName":"S","tagName":"S","d":5632,"__children":[]}]}]}],"prefix":null,"localName":"Representation","tagName":"Representation","id":"1","mimeType":"video/mp4","codecs":"avc1.64001f","bandwidth":200000,"width":320,"height":180,"frameRate":"24/1","SegmentTemplate":{"nodeName":"SegmentTemplate","nodeValue":null,"attributes":{"timescale":"12288","initialization":"ll2s-init-stream$RepresentationID$.m4s","media":"ll2s-chunk-stream$RepresentationID$-$Number%05d$.m4s","startNumber":"1"},"childNodes":[{"nodeName":"SegmentTimeline","nodeValue":null,"attributes":{},"childNodes":[{"nodeName":"S","nodeValue":null,"attributes":{"t":"0","d":"24576","r":"297"},"childNodes":[],"prefix":null,"localName":"S","tagName":"S","t":0,"d":24576,"r":297,"__children":[]},{"nodeName":"S","nodeValue":null,"attributes":{"d":"5632"},"childNodes":[],"prefix":null,"localName":"S","tagName":"S","d":5632,"__children":[]}],"prefix":null,"localName":"SegmentTimeline","tagName":"SegmentTimeline","S":[{"nodeName":"S","nodeValue":null,"attributes":{"t":"0","d":"24576","r":"297"},"childNodes":[],"prefix":null,"localName":"S","tagName":"S","t":0,"d":24576,"r":297,"__children":[]},{"nodeName":"S","nodeValue":null,"attributes":{"d":"5632"},"childNodes":[],"prefix":null,"localName":"S","tagName":"S","d":5632,"__children":[]}],"__children":[{"nodeName":"S","nodeValue":null,"attributes":{"t":"0","d":"24576","r":"297"},"childNodes":[],"prefix":null,"localName":"S","tagName":"S","t":0,"d":24576,"r":297,"__children":[]},{"nodeName":"S","nodeValue":null,"attributes":{"d":"5632"},"childNodes":[],"prefix":null,"localName":"S","tagName":"S","d":5632,"__children":[]}]}],"prefix":null,"localName":"SegmentTemplate","tagName":"SegmentTemplate","timescale":12288,"initialization":"ll2s-init-stream$RepresentationID$.m4s","media":"ll2s-chunk-stream$RepresentationID$-$Number%05d$.m4s","startNumber":1,"SegmentTimeline":{"nodeName":"SegmentTimeline","nodeValue":null,"attributes":{},"childNodes":[{"nodeName":"S","nodeValue":null,"attributes":{"t":"0","d":"24576","r":"297"},"childNodes":[],"prefix":null,"localName":"S","tagName":"S","t":0,"d":24576,"r":297,"__children":[]},{"nodeName":"S","nodeValue":null,"attributes":{"d":"5632"},"childNodes":[],"prefix":null,"localName":"S","tagName":"S","d":5632,"__children":[]}],"prefix":null,"localName":"SegmentTimeline","tagName":"SegmentTimeline","S":[{"nodeName":"S","nodeValue":null,"attributes":{"t":"0","d":"24576","r":"297"},"childNodes":[],"prefix":null,"localName":"S","tagName":"S","t":0,"d":24576,"r":297,"__children":[]},{"nodeName":"S","nodeValue":null,"attributes":{"d":"5632"},"childNodes":[],"prefix":null,"localName":"S","tagName":"S","d":5632,"__children":[]}],"__children":[{"nodeName":"S","nodeValue":null,"attributes":{"t":"0","d":"24576","r":"297"},"childNodes":[],"prefix":null,"localName":"S","tagName":"S","t":0,"d":24576,"r":297,"__children":[]},{"nodeName":"S","nodeValue":null,"attributes":{"d":"5632"},"childNodes":[],"prefix":null,"localName":"S","tagName":"S","d":5632,"__children":[]}]},"__children":[{"nodeName":"SegmentTimeline","nodeValue":null,"attributes":{},"childNodes":[{"nodeName":"S","nodeValue":null,"attributes":{"t":"0","d":"24576","r":"297"},"childNodes":[],"prefix":null,"localName":"S","tagName":"S","t":0,"d":24576,"r":297,"__children":[]},{"nodeName":"S","nodeValue":null,"attributes":{"d":"5632"},"childNodes":[],"prefix":null,"localName":"S","tagName":"S","d":5632,"__children":[]}],"prefix":null,"localName":"SegmentTimeline","tagName":"SegmentTimeline","S":[{"nodeName":"S","nodeValue":null,"attributes":{"t":"0","d":"24576","r":"297"},"childNodes":[],"prefix":null,"localName":"S","tagName":"S","t":0,"d":24576,"r":297,"__children":[]},{"nodeName":"S","nodeValue":null,"attributes":{"d":"5632"},"childNodes":[],"prefix":null,"localName":"S","tagName":"S","d":5632,"__children":[]}],"__children":[{"nodeName":"S","nodeValue":null,"attributes":{"t":"0","d":"24576","r":"297"},"childNodes":[],"prefix":null,"localName":"S","tagName":"S","t":0,"d":24576,"r":297,"__children":[]},{"nodeName":"S","nodeValue":null,"attributes":{"d":"5632"},"childNodes":[],"prefix":null,"localName":"S","tagName":"S","d":5632,"__children":[]}]}]},"__children":[{"nodeName":"SegmentTemplate","nodeValue":null,"attributes":{"timescale":"12288","initialization":"ll2s-init-stream$RepresentationID$.m4s","media":"ll2s-chunk-stream$RepresentationID$-$Number%05d$.m4s","startNumber":"1"},"childNodes":[{"nodeName":"SegmentTimeline","nodeValue":null,"attributes":{},"childNodes":[{"nodeName":"S","nodeValue":null,"attributes":{"t":"0","d":"24576","r":"297"},"childNodes":[],"prefix":null,"localName":"S","tagName":"S","t":0,"d":24576,"r":297,"__children":[]},{"nodeName":"S","nodeValue":null,"attributes":{"d":"5632"},"childNodes":[],"prefix":null,"localName":"S","tagName":"S","d":5632,"__children":[]}],"prefix":null,"localName":"SegmentTimeline","tagName":"SegmentTimeline","S":[{"nodeName":"S","nodeValue":null,"attributes":{"t":"0","d":"24576","r":"297"},"childNodes":[],"prefix":null,"localName":"S","tagName":"S","t":0,"d":24576,"r":297,"__children":[]},{"nodeName":"S","nodeValue":null,"attributes":{"d":"5632"},"childNodes":[],"prefix":null,"localName":"S","tagName":"S","d":5632,"__children":[]}],"__children":[{"nodeName":"S","nodeValue":null,"attributes":{"t":"0","d":"24576","r":"297"},"childNodes":[],"prefix":null,"localName":"S","tagName":"S","t":0,"d":24576,"r":297,"__children":[]},{"nodeName":"S","nodeValue":null,"attributes":{"d":"5632"},"childNodes":[],"prefix":null,"localName":"S","tagName":"S","d":5632,"__children":[]}]}],"prefix":null,"localName":"SegmentTemplate","tagName":"SegmentTemplate","timescale":12288,"initialization":"ll2s-init-stream$RepresentationID$.m4s","media":"ll2s-chunk-stream$RepresentationID$-$Number%05d$.m4s","startNumber":1,"SegmentTimeline":{"nodeName":"SegmentTimeline","nodeValue":null,"attributes":{},"childNodes":[{"nodeName":"S","nodeValue":null,"attributes":{"t":"0","d":"24576","r":"297"},"childNodes":[],"prefix":null,"localName":"S","tagName":"S","t":0,"d":24576,"r":297,"__children":[]},{"nodeName":"S","nodeValue":null,"attributes":{"d":"5632"},"childNodes":[],"prefix":null,"localName":"S","tagName":"S","d":5632,"__children":[]}],"prefix":null,"localName":"SegmentTimeline","tagName":"SegmentTimeline","S":[{"nodeName":"S","nodeValue":null,"attributes":{"t":"0","d":"24576","r":"297"},"childNodes":[],"prefix":null,"localName":"S","tagName":"S","t":0,"d":24576,"r":297,"__children":[]},{"nodeName":"S","nodeValue":null,"attributes":{"d":"5632"},"childNodes":[],"prefix":null,"localName":"S","tagName":"S","d":5632,"__children":[]}],"__children":[{"nodeName":"S","nodeValue":null,"attributes":{"t":"0","d":"24576","r":"297"},"childNodes":[],"prefix":null,"localName":"S","tagName":"S","t":0,"d":24576,"r":297,"__children":[]},{"nodeName":"S","nodeValue":null,"attributes":{"d":"5632"},"childNodes":[],"prefix":null,"localName":"S","tagName":"S","d":5632,"__children":[]}]},"__children":[{"nodeName":"SegmentTimeline","nodeValue":null,"attributes":{},"childNodes":[{"nodeName":"S","nodeValue":null,"attributes":{"t":"0","d":"24576","r":"297"},"childNodes":[],"prefix":null,"localName":"S","tagName":"S","t":0,"d":24576,"r":297,"__children":[]},{"nodeName":"S","nodeValue":null,"attributes":{"d":"5632"},"childNodes":[],"prefix":null,"localName":"S","tagName":"S","d":5632,"__children":[]}],"prefix":null,"localName":"SegmentTimeline","tagName":"SegmentTimeline","S":[{"nodeName":"S","nodeValue":null,"attributes":{"t":"0","d":"24576","r":"297"},"childNodes":[],"prefix":null,"localName":"S","tagName":"S","t":0,"d":24576,"r":297,"__children":[]},{"nodeName":"S","nodeValue":null,"attributes":{"d":"5632"},"childNodes":[],"prefix":null,"localName":"S","tagName":"S","d":5632,"__children":[]}],"__children":[{"nodeName":"S","nodeValue":null,"attributes":{"t":"0","d":"24576","r":"297"},"childNodes":[],"prefix":null,"localName":"S","tagName":"S","t":0,"d":24576,"r":297,"__children":[]},{"nodeName":"S","nodeValue":null,"attributes":{"d":"5632"},"childNodes":[],"prefix":null,"localName":"S","tagName":"S","d":5632,"__children":[]}]}]}]},{"nodeName":"Representation","nodeValue":null,"attributes":{"id":"2","mimeType":"video/mp4","codecs":"avc1.64001f","bandwidth":"400000","width":"426","height":"240","frameRate":"24/1"},"childNodes":[{"nodeName":"SegmentTemplate","nodeValue":null,"attributes":{"timescale":"12288","initialization":"ll2s-init-stream$RepresentationID$.m4s","media":"ll2s-chunk-stream$RepresentationID$-$Number%05d$.m4s","startNumber":"1"},"childNodes":[{"nodeName":"SegmentTimeline","nodeValue":null,"attributes":{},"childNodes":[{"nodeName":"S","nodeValue":null,"attributes":{"t":"0","d":"24576","r":"297"},"childNodes":[],"prefix":null,"localName":"S","tagName":"S","t":0,"d":24576,"r":297,"__children":[]},{"nodeName":"S","nodeValue":null,"attributes":{"d":"5632"},"childNodes":[],"prefix":null,"localName":"S","tagName":"S","d":5632,"__children":[]}],"prefix":null,"localName":"SegmentTimeline","tagName":"SegmentTimeline","S":[{"nodeName":"S","nodeValue":null,"attributes":{"t":"0","d":"24576","r":"297"},"childNodes":[],"prefix":null,"localName":"S","tagName":"S","t":0,"d":24576,"r":297,"__children":[]},{"nodeName":"S","nodeValue":null,"attributes":{"d":"5632"},"childNodes":[],"prefix":null,"localName":"S","tagName":"S","d":5632,"__children":[]}],"__children":[{"nodeName":"S","nodeValue":null,"attributes":{"t":"0","d":"24576","r":"297"},"childNodes":[],"prefix":null,"localName":"S","tagName":"S","t":0,"d":24576,"r":297,"__children":[]},{"nodeName":"S","nodeValue":null,"attributes":{"d":"5632"},"childNodes":[],"prefix":null,"localName":"S","tagName":"S","d":5632,"__children":[]}]}],"prefix":null,"localName":"SegmentTemplate","tagName":"SegmentTemplate","timescale":12288,"initialization":"ll2s-init-stream$RepresentationID$.m4s","media":"ll2s-chunk-stream$RepresentationID$-$Number%05d$.m4s","startNumber":1,"SegmentTimeline":{"nodeName":"SegmentTimeline","nodeValue":null,"attributes":{},"childNodes":[{"nodeName":"S","nodeValue":null,"attributes":{"t":"0","d":"24576","r":"297"},"childNodes":[],"prefix":null,"localName":"S","tagName":"S","t":0,"d":24576,"r":297,"__children":[]},{"nodeName":"S","nodeValue":null,"attributes":{"d":"5632"},"childNodes":[],"prefix":null,"localName":"S","tagName":"S","d":5632,"__children":[]}],"prefix":null,"localName":"SegmentTimeline","tagName":"SegmentTimeline","S":[{"nodeName":"S","nodeValue":null,"attributes":{"t":"0","d":"24576","r":"297"},"childNodes":[],"prefix":null,"localName":"S","tagName":"S","t":0,"d":24576,"r":297,"__children":[]},{"nodeName":"S","nodeValue":null,"attributes":{"d":"5632"},"childNodes":[],"prefix":null,"localName":"S","tagName":"S","d":5632,"__children":[]}],"__children":[{"nodeName":"S","nodeValue":null,"attributes":{"t":"0","d":"24576","r":"297"},"childNodes":[],"prefix":null,"localName":"S","tagName":"S","t":0,"d":24576,"r":297,"__children":[]},{"nodeName":"S","nodeValue":null,"attributes":{"d":"5632"},"childNodes":[],"prefix":null,"localName":"S","tagName":"S","d":5632,"__children":[]}]},"__children":[{"nodeName":"SegmentTimeline","nodeValue":null,"attributes":{},"childNodes":[{"nodeName":"S","nodeValue":null,"attributes":{"t":"0","d":"24576","r":"297"},"childNodes":[],"prefix":null,"localName":"S","tagName":"S","t":0,"d":24576,"r":297,"__children":[]},{"nodeName":"S","nodeValue":null,"attributes":{"d":"5632"},"childNodes":[],"prefix":null,"localName":"S","tagName":"S","d":5632,"__children":[]}],"prefix":null,"localName":"SegmentTimeline","tagName":"SegmentTimeline","S":[{"nodeName":"S","nodeValue":null,"attributes":{"t":"0","d":"24576","r":"297"},"childNodes":[],"prefix":null,"localName":"S","tagName":"S","t":0,"d":24576,"r":297,"__children":[]},{"nodeName":"S","nodeValue":null,"attributes":{"d":"5632"},"childNodes":[],"prefix":null,"localName":"S","tagName":"S","d":5632,"__children":[]}],"__children":[{"nodeName":"S","nodeValue":null,"attributes":{"t":"0","d":"24576","r":"297"},"childNodes":[],"prefix":null,"localName":"S","tagName":"S","t":0,"d":24576,"r":297,"__children":[]},{"nodeName":"S","nodeValue":null,"attributes":{"d":"5632"},"childNodes":[],"prefix":null,"localName":"S","tagName":"S","d":5632,"__children":[]}]}]}],"prefix":null,"localName":"Representation","tagName":"Representation","id":"2","mimeType":"video/mp4","codecs":"avc1.64001f","bandwidth":400000,"width":426,"height":240,"frameRate":"24/1","SegmentTemplate":{"nodeName":"SegmentTemplate","nodeValue":null,"attributes":{"timescale":"12288","initialization":"ll2s-init-stream$RepresentationID$.m4s","media":"ll2s-chunk-stream$RepresentationID$-$Number%05d$.m4s","startNumber":"1"},"childNodes":[{"nodeName":"SegmentTimeline","nodeValue":null,"attributes":{},"childNodes":[{"nodeName":"S","nodeValue":null,"attributes":{"t":"0","d":"24576","r":"297"},"childNodes":[],"prefix":null,"localName":"S","tagName":"S","t":0,"d":24576,"r":297,"__children":[]},{"nodeName":"S","nodeValue":null,"attributes":{"d":"5632"},"childNodes":[],"prefix":null,"localName":"S","tagName":"S","d":5632,"__children":[]}],"prefix":null,"localName":"SegmentTimeline","tagName":"SegmentTimeline","S":[{"nodeName":"S","nodeValue":null,"attributes":{"t":"0","d":"24576","r":"297"},"childNodes":[],"prefix":null,"localName":"S","tagName":"S","t":0,"d":24576,"r":297,"__children":[]},{"nodeName":"S","nodeValue":null,"attributes":{"d":"5632"},"childNodes":[],"prefix":null,"localName":"S","tagName":"S","d":5632,"__children":[]}],"__children":[{"nodeName":"S","nodeValue":null,"attributes":{"t":"0","d":"24576","r":"297"},"childNodes":[],"prefix":null,"localName":"S","tagName":"S","t":0,"d":24576,"r":297,"__children":[]},{"nodeName":"S","nodeValue":null,"attributes":{"d":"5632"},"childNodes":[],"prefix":null,"localName":"S","tagName":"S","d":5632,"__children":[]}]}],"prefix":null,"localName":"SegmentTemplate","tagName":"SegmentTemplate","timescale":12288,"initialization":"ll2s-init-stream$RepresentationID$.m4s","media":"ll2s-chunk-stream$RepresentationID$-$Number%05d$.m4s","startNumber":1,"SegmentTimeline":{"nodeName":"SegmentTimeline","nodeValue":null,"attributes":{},"childNodes":[{"nodeName":"S","nodeValue":null,"attributes":{"t":"0","d":"24576","r":"297"},"childNodes":[],"prefix":null,"localName":"S","tagName":"S","t":0,"d":24576,"r":297,"__children":[]},{"nodeName":"S","nodeValue":null,"attributes":{"d":"5632"},"childNodes":[],"prefix":null,"localName":"S","tagName":"S","d":5632,"__children":[]}],"prefix":null,"localName":"SegmentTimeline","tagName":"SegmentTimeline","S":[{"nodeName":"S","nodeValue":null,"attributes":{"t":"0","d":"24576","r":"297"},"childNodes":[],"prefix":null,"localName":"S","tagName":"S","t":0,"d":24576,"r":297,"__children":[]},{"nodeName":"S","nodeValue":null,"attributes":{"d":"5632"},"childNodes":[],"prefix":null,"localName":"S","tagName":"S","d":5632,"__children":[]}],"__children":[{"nodeName":"S","nodeValue":null,"attributes":{"t":"0","d":"24576","r":"297"},"childNodes":[],"prefix":null,"localName":"S","tagName":"S","t":0,"d":24576,"r":297,"__children":[]},{"nodeName":"S","nodeValue":null,"attributes":{"d":"5632"},"childNodes":[],"prefix":null,"localName":"S","tagName":"S","d":5632,"__children":[]}]},"__children":[{"nodeName":"SegmentTimeline","nodeValue":null,"attributes":{},"childNodes":[{"nodeName":"S","nodeValue":null,"attributes":{"t":"0","d":"24576","r":"297"},"childNodes":[],"prefix":null,"localName":"S","tagName":"S","t":0,"d":24576,"r":297,"__children":[]},{"nodeName":"S","nodeValue":null,"attributes":{"d":"5632"},"childNodes":[],"prefix":null,"localName":"S","tagName":"S","d":5632,"__children":[]}],"prefix":null,"localName":"SegmentTimeline","tagName":"SegmentTimeline","S":[{"nodeName":"S","nodeValue":null,"attributes":{"t":"0","d":"24576","r":"297"},"childNodes":[],"prefix":null,"localName":"S","tagName":"S","t":0,"d":24576,"r":297,"__children":[]},{"nodeName":"S","nodeValue":null,"attributes":{"d":"5632"},"childNodes":[],"prefix":null,"localName":"S","tagName":"S","d":5632,"__children":[]}],"__children":[{"nodeName":"S","nodeValue":null,"attributes":{"t":"0","d":"24576","r":"297"},"childNodes":[],"prefix":null,"localName":"S","tagName":"S","t":0,"d":24576,"r":297,"__children":[]},{"nodeName":"S","nodeValue":null,"attributes":{"d":"5632"},"childNodes":[],"prefix":null,"localName":"S","tagName":"S","d":5632,"__children":[]}]}]},"__children":[{"nodeName":"SegmentTemplate","nodeValue":null,"attributes":{"timescale":"12288","initialization":"ll2s-init-stream$RepresentationID$.m4s","media":"ll2s-chunk-stream$RepresentationID$-$Number%05d$.m4s","startNumber":"1"},"childNodes":[{"nodeName":"SegmentTimeline","nodeValue":null,"attributes":{},"childNodes":[{"nodeName":"S","nodeValue":null,"attributes":{"t":"0","d":"24576","r":"297"},"childNodes":[],"prefix":null,"localName":"S","tagName":"S","t":0,"d":24576,"r":297,"__children":[]},{"nodeName":"S","nodeValue":null,"attributes":{"d":"5632"},"childNodes":[],"prefix":null,"localName":"S","tagName":"S","d":5632,"__children":[]}],"prefix":null,"localName":"SegmentTimeline","tagName":"SegmentTimeline","S":[{"nodeName":"S","nodeValue":null,"attributes":{"t":"0","d":"24576","r":"297"},"childNodes":[],"prefix":null,"localName":"S","tagName":"S","t":0,"d":24576,"r":297,"__children":[]},{"nodeName":"S","nodeValue":null,"attributes":{"d":"5632"},"childNodes":[],"prefix":null,"localName":"S","tagName":"S","d":5632,"__children":[]}],"__children":[{"nodeName":"S","nodeValue":null,"attributes":{"t":"0","d":"24576","r":"297"},"childNodes":[],"prefix":null,"localName":"S","tagName":"S","t":0,"d":24576,"r":297,"__children":[]},{"nodeName":"S","nodeValue":null,"attributes":{"d":"5632"},"childNodes":[],"prefix":null,"localName":"S","tagName":"S","d":5632,"__children":[]}]}],"prefix":null,"localName":"SegmentTemplate","tagName":"SegmentTemplate","timescale":12288,"initialization":"ll2s-init-stream$RepresentationID$.m4s","media":"ll2s-chunk-stream$RepresentationID$-$Number%05d$.m4s","startNumber":1,"SegmentTimeline":{"nodeName":"SegmentTimeline","nodeValue":null,"attributes":{},"childNodes":[{"nodeName":"S","nodeValue":null,"attributes":{"t":"0","d":"24576","r":"297"},"childNodes":[],"prefix":null,"localName":"S","tagName":"S","t":0,"d":24576,"r":297,"__children":[]},{"nodeName":"S","nodeValue":null,"attributes":{"d":"5632"},"childNodes":[],"prefix":null,"localName":"S","tagName":"S","d":5632,"__children":[]}],"prefix":null,"localName":"SegmentTimeline","tagName":"SegmentTimeline","S":[{"nodeName":"S","nodeValue":null,"attributes":{"t":"0","d":"24576","r":"297"},"childNodes":[],"prefix":null,"localName":"S","tagName":"S","t":0,"d":24576,"r":297,"__children":[]},{"nodeName":"S","nodeValue":null,"attributes":{"d":"5632"},"childNodes":[],"prefix":null,"localName":"S","tagName":"S","d":5632,"__children":[]}],"__children":[{"nodeName":"S","nodeValue":null,"attributes":{"t":"0","d":"24576","r":"297"},"childNodes":[],"prefix":null,"localName":"S","tagName":"S","t":0,"d":24576,"r":297,"__children":[]},{"nodeName":"S","nodeValue":null,"attributes":{"d":"5632"},"childNodes":[],"prefix":null,"localName":"S","tagName":"S","d":5632,"__children":[]}]},"__children":[{"nodeName":"SegmentTimeline","nodeValue":null,"attributes":{},"childNodes":[{"nodeName":"S","nodeValue":null,"attributes":{"t":"0","d":"24576","r":"297"},"childNodes":[],"prefix":null,"localName":"S","tagName":"S","t":0,"d":24576,"r":297,"__children":[]},{"nodeName":"S","nodeValue":null,"attributes":{"d":"5632"},"childNodes":[],"prefix":null,"localName":"S","tagName":"S","d":5632,"__children":[]}],"prefix":null,"localName":"SegmentTimeline","tagName":"SegmentTimeline","S":[{"nodeName":"S","nodeValue":null,"attributes":{"t":"0","d":"24576","r":"297"},"childNodes":[],"prefix":null,"localName":"S","tagName":"S","t":0,"d":24576,"r":297,"__children":[]},{"nodeName":"S","nodeValue":null,"attributes":{"d":"5632"},"childNodes":[],"prefix":null,"localName":"S","tagName":"S","d":5632,"__children":[]}],"__children":[{"nodeName":"S","nodeValue":null,"attributes":{"t":"0","d":"24576","r":"297"},"childNodes":[],"prefix":null,"localName":"S","tagName":"S","t":0,"d":24576,"r":297,"__children":[]},{"nodeName":"S","nodeValue":null,"attributes":{"d":"5632"},"childNodes":[],"prefix":null,"localName":"S","tagName":"S","d":5632,"__children":[]}]}]}]},{"nodeName":"Representation","nodeValue":null,"attributes":{"id":"3","mimeType":"video/mp4","codecs":"avc1.64001f","bandwidth":"600000","width":"480","height":"270","frameRate":"24/1"},"childNodes":[{"nodeName":"SegmentTemplate","nodeValue":null,"attributes":{"timescale":"12288","initialization":"ll2s-init-stream$RepresentationID$.m4s","media":"ll2s-chunk-stream$RepresentationID$-$Number%05d$.m4s","startNumber":"1"},"childNodes":[{"nodeName":"SegmentTimeline","nodeValue":null,"attributes":{},"childNodes":[{"nodeName":"S","nodeValue":null,"attributes":{"t":"0","d":"24576","r":"297"},"childNodes":[],"prefix":null,"localName":"S","tagName":"S","t":0,"d":24576,"r":297,"__children":[]},{"nodeName":"S","nodeValue":null,"attributes":{"d":"5632"},"childNodes":[],"prefix":null,"localName":"S","tagName":"S","d":5632,"__children":[]}],"prefix":null,"localName":"SegmentTimeline","tagName":"SegmentTimeline","S":[{"nodeName":"S","nodeValue":null,"attributes":{"t":"0","d":"24576","r":"297"},"childNodes":[],"prefix":null,"localName":"S","tagName":"S","t":0,"d":24576,"r":297,"__children":[]},{"nodeName":"S","nodeValue":null,"attributes":{"d":"5632"},"childNodes":[],"prefix":null,"localName":"S","tagName":"S","d":5632,"__children":[]}],"__children":[{"nodeName":"S","nodeValue":null,"attributes":{"t":"0","d":"24576","r":"297"},"childNodes":[],"prefix":null,"localName":"S","tagName":"S","t":0,"d":24576,"r":297,"__children":[]},{"nodeName":"S","nodeValue":null,"attributes":{"d":"5632"},"childNodes":[],"prefix":null,"localName":"S","tagName":"S","d":5632,"__children":[]}]}],"prefix":null,"localName":"SegmentTemplate","tagName":"SegmentTemplate","timescale":12288,"initialization":"ll2s-init-stream$RepresentationID$.m4s","media":"ll2s-chunk-stream$RepresentationID$-$Number%05d$.m4s","startNumber":1,"SegmentTimeline":{"nodeName":"SegmentTimeline","nodeValue":null,"attributes":{},"childNodes":[{"nodeName":"S","nodeValue":null,"attributes":{"t":"0","d":"24576","r":"297"},"childNodes":[],"prefix":null,"localName":"S","tagName":"S","t":0,"d":24576,"r":297,"__children":[]},{"nodeName":"S","nodeValue":null,"attributes":{"d":"5632"},"childNodes":[],"prefix":null,"localName":"S","tagName":"S","d":5632,"__children":[]}],"prefix":null,"localName":"SegmentTimeline","tagName":"SegmentTimeline","S":[{"nodeName":"S","nodeValue":null,"attributes":{"t":"0","d":"24576","r":"297"},"childNodes":[],"prefix":null,"localName":"S","tagName":"S","t":0,"d":24576,"r":297,"__children":[]},{"nodeName":"S","nodeValue":null,"attributes":{"d":"5632"},"childNodes":[],"prefix":null,"localName":"S","tagName":"S","d":5632,"__children":[]}],"__children":[{"nodeName":"S","nodeValue":null,"attributes":{"t":"0","d":"24576","r":"297"},"childNodes":[],"prefix":null,"localName":"S","tagName":"S","t":0,"d":24576,"r":297,"__children":[]},{"nodeName":"S","nodeValue":null,"attributes":{"d":"5632"},"childNodes":[],"prefix":null,"localName":"S","tagName":"S","d":5632,"__children":[]}]},"__children":[{"nodeName":"SegmentTimeline","nodeValue":null,"attributes":{},"childNodes":[{"nodeName":"S","nodeValue":null,"attributes":{"t":"0","d":"24576","r":"297"},"childNodes":[],"prefix":null,"localName":"S","tagName":"S","t":0,"d":24576,"r":297,"__children":[]},{"nodeName":"S","nodeValue":null,"attributes":{"d":"5632"},"childNodes":[],"prefix":null,"localName":"S","tagName":"S","d":5632,"__children":[]}],"prefix":null,"localName":"SegmentTimeline","tagName":"SegmentTimeline","S":[{"nodeName":"S","nodeValue":null,"attributes":{"t":"0","d":"24576","r":"297"},"childNodes":[],"prefix":null,"localName":"S","tagName":"S","t":0,"d":24576,"r":297,"__children":[]},{"nodeName":"S","nodeValue":null,"attributes":{"d":"5632"},"childNodes":[],"prefix":null,"localName":"S","tagName":"S","d":5632,"__children":[]}],"__children":[{"nodeName":"S","nodeValue":null,"attributes":{"t":"0","d":"24576","r":"297"},"childNodes":[],"prefix":null,"localName":"S","tagName":"S","t":0,"d":24576,"r":297,"__children":[]},{"nodeName":"S","nodeValue":null,"attributes":{"d":"5632"},"childNodes":[],"prefix":null,"localName":"S","tagName":"S","d":5632,"__children":[]}]}]}],"prefix":null,"localName":"Representation","tagName":"Representation","id":"3","mimeType":"video/mp4","codecs":"avc1.64001f","bandwidth":600000,"width":480,"height":270,"frameRate":"24/1","SegmentTemplate":{"nodeName":"SegmentTemplate","nodeValue":null,"attributes":{"timescale":"12288","initialization":"ll2s-init-stream$RepresentationID$.m4s","media":"ll2s-chunk-stream$RepresentationID$-$Number%05d$.m4s","startNumber":"1"},"childNodes":[{"nodeName":"SegmentTimeline","nodeValue":null,"attributes":{},"childNodes":[{"nodeName":"S","nodeValue":null,"attributes":{"t":"0","d":"24576","r":"297"},"childNodes":[],"prefix":null,"localName":"S","tagName":"S","t":0,"d":24576,"r":297,"__children":[]},{"nodeName":"S","nodeValue":null,"attributes":{"d":"5632"},"childNodes":[],"prefix":null,"localName":"S","tagName":"S","d":5632,"__children":[]}],"prefix":null,"localName":"SegmentTimeline","tagName":"SegmentTimeline","S":[{"nodeName":"S","nodeValue":null,"attributes":{"t":"0","d":"24576","r":"297"},"childNodes":[],"prefix":null,"localName":"S","tagName":"S","t":0,"d":24576,"r":297,"__children":[]},{"nodeName":"S","nodeValue":null,"attributes":{"d":"5632"},"childNodes":[],"prefix":null,"localName":"S","tagName":"S","d":5632,"__children":[]}],"__children":[{"nodeName":"S","nodeValue":null,"attributes":{"t":"0","d":"24576","r":"297"},"childNodes":[],"prefix":null,"localName":"S","tagName":"S","t":0,"d":24576,"r":297,"__children":[]},{"nodeName":"S","nodeValue":null,"attributes":{"d":"5632"},"childNodes":[],"prefix":null,"localName":"S","tagName":"S","d":5632,"__children":[]}]}],"prefix":null,"localName":"SegmentTemplate","tagName":"SegmentTemplate","timescale":12288,"initialization":"ll2s-init-stream$RepresentationID$.m4s","media":"ll2s-chunk-stream$RepresentationID$-$Number%05d$.m4s","startNumber":1,"SegmentTimeline":{"nodeName":"SegmentTimeline","nodeValue":null,"attributes":{},"childNodes":[{"nodeName":"S","nodeValue":null,"attributes":{"t":"0","d":"24576","r":"297"},"childNodes":[],"prefix":null,"localName":"S","tagName":"S","t":0,"d":24576,"r":297,"__children":[]},{"nodeName":"S","nodeValue":null,"attributes":{"d":"5632"},"childNodes":[],"prefix":null,"localName":"S","tagName":"S","d":5632,"__children":[]}],"prefix":null,"localName":"SegmentTimeline","tagName":"SegmentTimeline","S":[{"nodeName":"S","nodeValue":null,"attributes":{"t":"0","d":"24576","r":"297"},"childNodes":[],"prefix":null,"localName":"S","tagName":"S","t":0,"d":24576,"r":297,"__children":[]},{"nodeName":"S","nodeValue":null,"attributes":{"d":"5632"},"childNodes":[],"prefix":null,"localName":"S","tagName":"S","d":5632,"__children":[]}],"__children":[{"nodeName":"S","nodeValue":null,"attributes":{"t":"0","d":"24576","r":"297"},"childNodes":[],"prefix":null,"localName":"S","tagName":"S","t":0,"d":24576,"r":297,"__children":[]},{"nodeName":"S","nodeValue":null,"attributes":{"d":"5632"},"childNodes":[],"prefix":null,"localName":"S","tagName":"S","d":5632,"__children":[]}]},"__children":[{"nodeName":"SegmentTimeline","nodeValue":null,"attributes":{},"childNodes":[{"nodeName":"S","nodeValue":null,"attributes":{"t":"0","d":"24576","r":"297"},"childNodes":[],"prefix":null,"localName":"S","tagName":"S","t":0,"d":24576,"r":297,"__children":[]},{"nodeName":"S","nodeValue":null,"attributes":{"d":"5632"},"childNodes":[],"prefix":null,"localName":"S","tagName":"S","d":5632,"__children":[]}],"prefix":null,"localName":"SegmentTimeline","tagName":"SegmentTimeline","S":[{"nodeName":"S","nodeValue":null,"attributes":{"t":"0","d":"24576","r":"297"},"childNodes":[],"prefix":null,"localName":"S","tagName":"S","t":0,"d":24576,"r":297,"__children":[]},{"nodeName":"S","nodeValue":null,"attributes":{"d":"5632"},"childNodes":[],"prefix":null,"localName":"S","tagName":"S","d":5632,"__children":[]}],"__children":[{"nodeName":"S","nodeValue":null,"attributes":{"t":"0","d":"24576","r":"297"},"childNodes":[],"prefix":null,"localName":"S","tagName":"S","t":0,"d":24576,"r":297,"__children":[]},{"nodeName":"S","nodeValue":null,"attributes":{"d":"5632"},"childNodes":[],"prefix":null,"localName":"S","tagName":"S","d":5632,"__children":[]}]}]},"__children":[{"nodeName":"SegmentTemplate","nodeValue":null,"attributes":{"timescale":"12288","initialization":"ll2s-init-stream$RepresentationID$.m4s","media":"ll2s-chunk-stream$RepresentationID$-$Number%05d$.m4s","startNumber":"1"},"childNodes":[{"nodeName":"SegmentTimeline","nodeValue":null,"attributes":{},"childNodes":[{"nodeName":"S","nodeValue":null,"attributes":{"t":"0","d":"24576","r":"297"},"childNodes":[],"prefix":null,"localName":"S","tagName":"S","t":0,"d":24576,"r":297,"__children":[]},{"nodeName":"S","nodeValue":null,"attributes":{"d":"5632"},"childNodes":[],"prefix":null,"localName":"S","tagName":"S","d":5632,"__children":[]}],"prefix":null,"localName":"SegmentTimeline","tagName":"SegmentTimeline","S":[{"nodeName":"S","nodeValue":null,"attributes":{"t":"0","d":"24576","r":"297"},"childNodes":[],"prefix":null,"localName":"S","tagName":"S","t":0,"d":24576,"r":297,"__children":[]},{"nodeName":"S","nodeValue":null,"attributes":{"d":"5632"},"childNodes":[],"prefix":null,"localName":"S","tagName":"S","d":5632,"__children":[]}],"__children":[{"nodeName":"S","nodeValue":null,"attributes":{"t":"0","d":"24576","r":"297"},"childNodes":[],"prefix":null,"localName":"S","tagName":"S","t":0,"d":24576,"r":297,"__children":[]},{"nodeName":"S","nodeValue":null,"attributes":{"d":"5632"},"childNodes":[],"prefix":null,"localName":"S","tagName":"S","d":5632,"__children":[]}]}],"prefix":null,"localName":"SegmentTemplate","tagName":"SegmentTemplate","timescale":12288,"initialization":"ll2s-init-stream$RepresentationID$.m4s","media":"ll2s-chunk-stream$RepresentationID$-$Number%05d$.m4s","startNumber":1,"SegmentTimeline":{"nodeName":"SegmentTimeline","nodeValue":null,"attributes":{},"childNodes":[{"nodeName":"S","nodeValue":null,"attributes":{"t":"0","d":"24576","r":"297"},"childNodes":[],"prefix":null,"localName":"S","tagName":"S","t":0,"d":24576,"r":297,"__children":[]},{"nodeName":"S","nodeValue":null,"attributes":{"d":"5632"},"childNodes":[],"prefix":null,"localName":"S","tagName":"S","d":5632,"__children":[]}],"prefix":null,"localName":"SegmentTimeline","tagName":"SegmentTimeline","S":[{"nodeName":"S","nodeValue":null,"attributes":{"t":"0","d":"24576","r":"297"},"childNodes":[],"prefix":null,"localName":"S","tagName":"S","t":0,"d":24576,"r":297,"__children":[]},{"nodeName":"S","nodeValue":null,"attributes":{"d":"5632"},"childNodes":[],"prefix":null,"localName":"S","tagName":"S","d":5632,"__children":[]}],"__children":[{"nodeName":"S","nodeValue":null,"attributes":{"t":"0","d":"24576","r":"297"},"childNodes":[],"prefix":null,"localName":"S","tagName":"S","t":0,"d":24576,"r":297,"__children":[]},{"nodeName":"S","nodeValue":null,"attributes":{"d":"5632"},"childNodes":[],"prefix":null,"localName":"S","tagName":"S","d":5632,"__children":[]}]},"__children":[{"nodeName":"SegmentTimeline","nodeValue":null,"attributes":{},"childNodes":[{"nodeName":"S","nodeValue":null,"attributes":{"t":"0","d":"24576","r":"297"},"childNodes":[],"prefix":null,"localName":"S","tagName":"S","t":0,"d":24576,"r":297,"__children":[]},{"nodeName":"S","nodeValue":null,"attributes":{"d":"5632"},"childNodes":[],"prefix":null,"localName":"S","tagName":"S","d":5632,"__children":[]}],"prefix":null,"localName":"SegmentTimeline","tagName":"SegmentTimeline","S":[{"nodeName":"S","nodeValue":null,"attributes":{"t":"0","d":"24576","r":"297"},"childNodes":[],"prefix":null,"localName":"S","tagName":"S","t":0,"d":24576,"r":297,"__children":[]},{"nodeName":"S","nodeValue":null,"attributes":{"d":"5632"},"childNodes":[],"prefix":null,"localName":"S","tagName":"S","d":5632,"__children":[]}],"__children":[{"nodeName":"S","nodeValue":null,"attributes":{"t":"0","d":"24576","r":"297"},"childNodes":[],"prefix":null,"localName":"S","tagName":"S","t":0,"d":24576,"r":297,"__children":[]},{"nodeName":"S","nodeValue":null,"attributes":{"d":"5632"},"childNodes":[],"prefix":null,"localName":"S","tagName":"S","d":5632,"__children":[]}]}]}]},{"nodeName":"Representation","nodeValue":null,"attributes":{"id":"4","mimeType":"video/mp4","codecs":"avc1.64001f","bandwidth":"800000","width":"640","height":"360","frameRate":"24/1"},"childNodes":[{"nodeName":"SegmentTemplate","nodeValue":null,"attributes":{"timescale":"12288","initialization":"ll2s-init-stream$RepresentationID$.m4s","media":"ll2s-chunk-stream$RepresentationID$-$Number%05d$.m4s","startNumber":"1"},"childNodes":[{"nodeName":"SegmentTimeline","nodeValue":null,"attributes":{},"childNodes":[{"nodeName":"S","nodeValue":null,"attributes":{"t":"0","d":"24576","r":"297"},"childNodes":[],"prefix":null,"localName":"S","tagName":"S","t":0,"d":24576,"r":297,"__children":[]},{"nodeName":"S","nodeValue":null,"attributes":{"d":"5632"},"childNodes":[],"prefix":null,"localName":"S","tagName":"S","d":5632,"__children":[]}],"prefix":null,"localName":"SegmentTimeline","tagName":"SegmentTimeline","S":[{"nodeName":"S","nodeValue":null,"attributes":{"t":"0","d":"24576","r":"297"},"childNodes":[],"prefix":null,"localName":"S","tagName":"S","t":0,"d":24576,"r":297,"__children":[]},{"nodeName":"S","nodeValue":null,"attributes":{"d":"5632"},"childNodes":[],"prefix":null,"localName":"S","tagName":"S","d":5632,"__children":[]}],"__children":[{"nodeName":"S","nodeValue":null,"attributes":{"t":"0","d":"24576","r":"297"},"childNodes":[],"prefix":null,"localName":"S","tagName":"S","t":0,"d":24576,"r":297,"__children":[]},{"nodeName":"S","nodeValue":null,"attributes":{"d":"5632"},"childNodes":[],"prefix":null,"localName":"S","tagName":"S","d":5632,"__children":[]}]}],"prefix":null,"localName":"SegmentTemplate","tagName":"SegmentTemplate","timescale":12288,"initialization":"ll2s-init-stream$RepresentationID$.m4s","media":"ll2s-chunk-stream$RepresentationID$-$Number%05d$.m4s","startNumber":1,"SegmentTimeline":{"nodeName":"SegmentTimeline","nodeValue":null,"attributes":{},"childNodes":[{"nodeName":"S","nodeValue":null,"attributes":{"t":"0","d":"24576","r":"297"},"childNodes":[],"prefix":null,"localName":"S","tagName":"S","t":0,"d":24576,"r":297,"__children":[]},{"nodeName":"S","nodeValue":null,"attributes":{"d":"5632"},"childNodes":[],"prefix":null,"localName":"S","tagName":"S","d":5632,"__children":[]}],"prefix":null,"localName":"SegmentTimeline","tagName":"SegmentTimeline","S":[{"nodeName":"S","nodeValue":null,"attributes":{"t":"0","d":"24576","r":"297"},"childNodes":[],"prefix":null,"localName":"S","tagName":"S","t":0,"d":24576,"r":297,"__children":[]},{"nodeName":"S","nodeValue":null,"attributes":{"d":"5632"},"childNodes":[],"prefix":null,"localName":"S","tagName":"S","d":5632,"__children":[]}],"__children":[{"nodeName":"S","nodeValue":null,"attributes":{"t":"0","d":"24576","r":"297"},"childNodes":[],"prefix":null,"localName":"S","tagName":"S","t":0,"d":24576,"r":297,"__children":[]},{"nodeName":"S","nodeValue":null,"attributes":{"d":"5632"},"childNodes":[],"prefix":null,"localName":"S","tagName":"S","d":5632,"__children":[]}]},"__children":[{"nodeName":"SegmentTimeline","nodeValue":null,"attributes":{},"childNodes":[{"nodeName":"S","nodeValue":null,"attributes":{"t":"0","d":"24576","r":"297"},"childNodes":[],"prefix":null,"localName":"S","tagName":"S","t":0,"d":24576,"r":297,"__children":[]},{"nodeName":"S","nodeValue":null,"attributes":{"d":"5632"},"childNodes":[],"prefix":null,"localName":"S","tagName":"S","d":5632,"__children":[]}],"prefix":null,"localName":"SegmentTimeline","tagName":"SegmentTimeline","S":[{"nodeName":"S","nodeValue":null,"attributes":{"t":"0","d":"24576","r":"297"},"childNodes":[],"prefix":null,"localName":"S","tagName":"S","t":0,"d":24576,"r":297,"__children":[]},{"nodeName":"S","nodeValue":null,"attributes":{"d":"5632"},"childNodes":[],"prefix":null,"localName":"S","tagName":"S","d":5632,"__children":[]}],"__children":[{"nodeName":"S","nodeValue":null,"attributes":{"t":"0","d":"24576","r":"297"},"childNodes":[],"prefix":null,"localName":"S","tagName":"S","t":0,"d":24576,"r":297,"__children":[]},{"nodeName":"S","nodeValue":null,"attributes":{"d":"5632"},"childNodes":[],"prefix":null,"localName":"S","tagName":"S","d":5632,"__children":[]}]}]}],"prefix":null,"localName":"Representation","tagName":"Representation","id":"4","mimeType":"video/mp4","codecs":"avc1.64001f","bandwidth":800000,"width":640,"height":360,"frameRate":"24/1","SegmentTemplate":{"nodeName":"SegmentTemplate","nodeValue":null,"attributes":{"timescale":"12288","initialization":"ll2s-init-stream$RepresentationID$.m4s","media":"ll2s-chunk-stream$RepresentationID$-$Number%05d$.m4s","startNumber":"1"},"childNodes":[{"nodeName":"SegmentTimeline","nodeValue":null,"attributes":{},"childNodes":[{"nodeName":"S","nodeValue":null,"attributes":{"t":"0","d":"24576","r":"297"},"childNodes":[],"prefix":null,"localName":"S","tagName":"S","t":0,"d":24576,"r":297,"__children":[]},{"nodeName":"S","nodeValue":null,"attributes":{"d":"5632"},"childNodes":[],"prefix":null,"localName":"S","tagName":"S","d":5632,"__children":[]}],"prefix":null,"localName":"SegmentTimeline","tagName":"SegmentTimeline","S":[{"nodeName":"S","nodeValue":null,"attributes":{"t":"0","d":"24576","r":"297"},"childNodes":[],"prefix":null,"localName":"S","tagName":"S","t":0,"d":24576,"r":297,"__children":[]},{"nodeName":"S","nodeValue":null,"attributes":{"d":"5632"},"childNodes":[],"prefix":null,"localName":"S","tagName":"S","d":5632,"__children":[]}],"__children":[{"nodeName":"S","nodeValue":null,"attributes":{"t":"0","d":"24576","r":"297"},"childNodes":[],"prefix":null,"localName":"S","tagName":"S","t":0,"d":24576,"r":297,"__children":[]},{"nodeName":"S","nodeValue":null,"attributes":{"d":"5632"},"childNodes":[],"prefix":null,"localName":"S","tagName":"S","d":5632,"__children":[]}]}],"prefix":null,"localName":"SegmentTemplate","tagName":"SegmentTemplate","timescale":12288,"initialization":"ll2s-init-stream$RepresentationID$.m4s","media":"ll2s-chunk-stream$RepresentationID$-$Number%05d$.m4s","startNumber":1,"SegmentTimeline":{"nodeName":"SegmentTimeline","nodeValue":null,"attributes":{},"childNodes":[{"nodeName":"S","nodeValue":null,"attributes":{"t":"0","d":"24576","r":"297"},"childNodes":[],"prefix":null,"localName":"S","tagName":"S","t":0,"d":24576,"r":297,"__children":[]},{"nodeName":"S","nodeValue":null,"attributes":{"d":"5632"},"childNodes":[],"prefix":null,"localName":"S","tagName":"S","d":5632,"__children":[]}],"prefix":null,"localName":"SegmentTimeline","tagName":"SegmentTimeline","S":[{"nodeName":"S","nodeValue":null,"attributes":{"t":"0","d":"24576","r":"297"},"childNodes":[],"prefix":null,"localName":"S","tagName":"S","t":0,"d":24576,"r":297,"__children":[]},{"nodeName":"S","nodeValue":null,"attributes":{"d":"5632"},"childNodes":[],"prefix":null,"localName":"S","tagName":"S","d":5632,"__children":[]}],"__children":[{"nodeName":"S","nodeValue":null,"attributes":{"t":"0","d":"24576","r":"297"},"childNodes":[],"prefix":null,"localName":"S","tagName":"S","t":0,"d":24576,"r":297,"__children":[]},{"nodeName":"S","nodeValue":null,"attributes":{"d":"5632"},"childNodes":[],"prefix":null,"localName":"S","tagName":"S","d":5632,"__children":[]}]},"__children":[{"nodeName":"SegmentTimeline","nodeValue":null,"attributes":{},"childNodes":[{"nodeName":"S","nodeValue":null,"attributes":{"t":"0","d":"24576","r":"297"},"childNodes":[],"prefix":null,"localName":"S","tagName":"S","t":0,"d":24576,"r":297,"__children":[]},{"nodeName":"S","nodeValue":null,"attributes":{"d":"5632"},"childNodes":[],"prefix":null,"localName":"S","tagName":"S","d":5632,"__children":[]}],"prefix":null,"localName":"SegmentTimeline","tagName":"SegmentTimeline","S":[{"nodeName":"S","nodeValue":null,"attributes":{"t":"0","d":"24576","r":"297"},"childNodes":[],"prefix":null,"localName":"S","tagName":"S","t":0,"d":24576,"r":297,"__children":[]},{"nodeName":"S","nodeValue":null,"attributes":{"d":"5632"},"childNodes":[],"prefix":null,"localName":"S","tagName":"S","d":5632,"__children":[]}],"__children":[{"nodeName":"S","nodeValue":null,"attributes":{"t":"0","d":"24576","r":"297"},"childNodes":[],"prefix":null,"localName":"S","tagName":"S","t":0,"d":24576,"r":297,"__children":[]},{"nodeName":"S","nodeValue":null,"attributes":{"d":"5632"},"childNodes":[],"prefix":null,"localName":"S","tagName":"S","d":5632,"__children":[]}]}]},"__children":[{"nodeName":"SegmentTemplate","nodeValue":null,"attributes":{"timescale":"12288","initialization":"ll2s-init-stream$RepresentationID$.m4s","media":"ll2s-chunk-stream$RepresentationID$-$Number%05d$.m4s","startNumber":"1"},"childNodes":[{"nodeName":"SegmentTimeline","nodeValue":null,"attributes":{},"childNodes":[{"nodeName":"S","nodeValue":null,"attributes":{"t":"0","d":"24576","r":"297"},"childNodes":[],"prefix":null,"localName":"S","tagName":"S","t":0,"d":24576,"r":297,"__children":[]},{"nodeName":"S","nodeValue":null,"attributes":{"d":"5632"},"childNodes":[],"prefix":null,"localName":"S","tagName":"S","d":5632,"__children":[]}],"prefix":null,"localName":"SegmentTimeline","tagName":"SegmentTimeline","S":[{"nodeName":"S","nodeValue":null,"attributes":{"t":"0","d":"24576","r":"297"},"childNodes":[],"prefix":null,"localName":"S","tagName":"S","t":0,"d":24576,"r":297,"__children":[]},{"nodeName":"S","nodeValue":null,"attributes":{"d":"5632"},"childNodes":[],"prefix":null,"localName":"S","tagName":"S","d":5632,"__children":[]}],"__children":[{"nodeName":"S","nodeValue":null,"attributes":{"t":"0","d":"24576","r":"297"},"childNodes":[],"prefix":null,"localName":"S","tagName":"S","t":0,"d":24576,"r":297,"__children":[]},{"nodeName":"S","nodeValue":null,"attributes":{"d":"5632"},"childNodes":[],"prefix":null,"localName":"S","tagName":"S","d":5632,"__children":[]}]}],"prefix":null,"localName":"SegmentTemplate","tagName":"SegmentTemplate","timescale":12288,"initialization":"ll2s-init-stream$RepresentationID$.m4s","media":"ll2s-chunk-stream$RepresentationID$-$Number%05d$.m4s","startNumber":1,"SegmentTimeline":{"nodeName":"SegmentTimeline","nodeValue":null,"attributes":{},"childNodes":[{"nodeName":"S","nodeValue":null,"attributes":{"t":"0","d":"24576","r":"297"},"childNodes":[],"prefix":null,"localName":"S","tagName":"S","t":0,"d":24576,"r":297,"__children":[]},{"nodeName":"S","nodeValue":null,"attributes":{"d":"5632"},"childNodes":[],"prefix":null,"localName":"S","tagName":"S","d":5632,"__children":[]}],"prefix":null,"localName":"SegmentTimeline","tagName":"SegmentTimeline","S":[{"nodeName":"S","nodeValue":null,"attributes":{"t":"0","d":"24576","r":"297"},"childNodes":[],"prefix":null,"localName":"S","tagName":"S","t":0,"d":24576,"r":297,"__children":[]},{"nodeName":"S","nodeValue":null,"attributes":{"d":"5632"},"childNodes":[],"prefix":null,"localName":"S","tagName":"S","d":5632,"__children":[]}],"__children":[{"nodeName":"S","nodeValue":null,"attributes":{"t":"0","d":"24576","r":"297"},"childNodes":[],"prefix":null,"localName":"S","tagName":"S","t":0,"d":24576,"r":297,"__children":[]},{"nodeName":"S","nodeValue":null,"attributes":{"d":"5632"},"childNodes":[],"prefix":null,"localName":"S","tagName":"S","d":5632,"__children":[]}]},"__children":[{"nodeName":"SegmentTimeline","nodeValue":null,"attributes":{},"childNodes":[{"nodeName":"S","nodeValue":null,"attributes":{"t":"0","d":"24576","r":"297"},"childNodes":[],"prefix":null,"localName":"S","tagName":"S","t":0,"d":24576,"r":297,"__children":[]},{"nodeName":"S","nodeValue":null,"attributes":{"d":"5632"},"childNodes":[],"prefix":null,"localName":"S","tagName":"S","d":5632,"__children":[]}],"prefix":null,"localName":"SegmentTimeline","tagName":"SegmentTimeline","S":[{"nodeName":"S","nodeValue":null,"attributes":{"t":"0","d":"24576","r":"297"},"childNodes":[],"prefix":null,"localName":"S","tagName":"S","t":0,"d":24576,"r":297,"__children":[]},{"nodeName":"S","nodeValue":null,"attributes":{"d":"5632"},"childNodes":[],"prefix":null,"localName":"S","tagName":"S","d":5632,"__children":[]}],"__children":[{"nodeName":"S","nodeValue":null,"attributes":{"t":"0","d":"24576","r":"297"},"childNodes":[],"prefix":null,"localName":"S","tagName":"S","t":0,"d":24576,"r":297,"__children":[]},{"nodeName":"S","nodeValue":null,"attributes":{"d":"5632"},"childNodes":[],"prefix":null,"localName":"S","tagName":"S","d":5632,"__children":[]}]}]}]},{"nodeName":"Representation","nodeValue":null,"attributes":{"id":"5","mimeType":"video/mp4","codecs":"avc1.64001f","bandwidth":"1200000","width":"640","height":"360","frameRate":"24/1"},"childNodes":[{"nodeName":"SegmentTemplate","nodeValue":null,"attributes":{"timescale":"12288","initialization":"ll2s-init-stream$RepresentationID$.m4s","media":"ll2s-chunk-stream$RepresentationID$-$Number%05d$.m4s","startNumber":"1"},"childNodes":[{"nodeName":"SegmentTimeline","nodeValue":null,"attributes":{},"childNodes":[{"nodeName":"S","nodeValue":null,"attributes":{"t":"0","d":"24576","r":"297"},"childNodes":[],"prefix":null,"localName":"S","tagName":"S","t":0,"d":24576,"r":297,"__children":[]},{"nodeName":"S","nodeValue":null,"attributes":{"d":"5632"},"childNodes":[],"prefix":null,"localName":"S","tagName":"S","d":5632,"__children":[]}],"prefix":null,"localName":"SegmentTimeline","tagName":"SegmentTimeline","S":[{"nodeName":"S","nodeValue":null,"attributes":{"t":"0","d":"24576","r":"297"},"childNodes":[],"prefix":null,"localName":"S","tagName":"S","t":0,"d":24576,"r":297,"__children":[]},{"nodeName":"S","nodeValue":null,"attributes":{"d":"5632"},"childNodes":[],"prefix":null,"localName":"S","tagName":"S","d":5632,"__children":[]}],"__children":[{"nodeName":"S","nodeValue":null,"attributes":{"t":"0","d":"24576","r":"297"},"childNodes":[],"prefix":null,"localName":"S","tagName":"S","t":0,"d":24576,"r":297,"__children":[]},{"nodeName":"S","nodeValue":null,"attributes":{"d":"5632"},"childNodes":[],"prefix":null,"localName":"S","tagName":"S","d":5632,"__children":[]}]}],"prefix":null,"localName":"SegmentTemplate","tagName":"SegmentTemplate","timescale":12288,"initialization":"ll2s-init-stream$RepresentationID$.m4s","media":"ll2s-chunk-stream$RepresentationID$-$Number%05d$.m4s","startNumber":1,"SegmentTimeline":{"nodeName":"SegmentTimeline","nodeVal   t=92s | buffer: 0.1s | bitrate: 100 kbps | tp: 2 kbps | trace_bw: 2 kbps
   t=102s | buffer: 0.1s | bitrate: 100 kbps | tp: 0 kbps | trace_bw: 0 kbps
   t=112s | buffer: 0.1s | bitrate: 100 kbps | tp: 2 kbps | trace_bw: 2 kbps

======================================================================
  BENCHMARK RESULTS (LLDASH-GPAC / dash.js / BOLA)
======================================================================

  [TIMING]
      Startup delay:     2,700 ms
      Playback time:     11.9 s

  [BITRATE]
      Average (selected):  100 kbps
      Average (effective): 10 kbps
      Min / Max:           100 / 100 kbps
      Median:              100 kbps
      Std deviation:       0.0 kbps
      Variance:            0.0
      25th/75th %ile:      100 / 100 kbps

  [SWITCHES]
      Total count:       0
      Up / Down:         0 / 0
      Avg magnitude:     0 kbps

  [REBUFFERING]
      Events:            3
      Total time:        111,188 ms
      Ratio:             90.3357%
      Frequency:         15.132 per minute
      Avg duration:      1,616 ms
      Max duration:      2,549 ms

  [THROUGHPUT]
      Average:           1,653 kbps
      Median:            0 kbps
      Min / Max:         0 / 29,339 kbps
      Std deviation:     5,155.0 kbps

  [AVAILABLE BW (trace)]
      Average:           1,653 kbps
      Min / Max:         0 / 29,339 kbps

  [BUFFER]
      Average level:     0.5 s
      Min / Max:         0.1 / 7.6 s

  [UTILIZATION]
      Bandwidth:         0.0%

======================================================================

[SAVED] results/results/run_all_20260525_151403/lldash-gpac_5g-ireland/benchmark_lldash-gpac_netflix_driving_animated-rickandmorty_B_2019_11_21_07_59_06_tc_20260525_201101.json

──────────────────────────────────────────────────────────────────────
  [53/83] netflix_driving_animated-rickandmorty_B_2019_11_21_09_03_55_tc.csv
──────────────────────────────────────────────────────────────────────
[TRACE] netflix_driving_animated-rickandmorty_B_2019_11_21_09_03_55_tc.csv
[LLDASH-GPAC] Trace file ready; gpac_server uses in-process bandwidth pacing.

======================================================================
  LLDASH-GPAC Streaming QoE Benchmark (dash.js / BOLA)
======================================================================
  Server: http://localhost:8082/player.html?mpd=http://localhost:8082/manifest.mpd
======================================================================

[TRACE] Loaded 444 entries with bandwidth
[BROWSER] Launching headless Chromium...
[BROWSER] Waiting for playback to start...
   Startup delay: 1669ms

[PLAYBACK] Collecting metrics...
   t=10s | buffer: 2.6s | bitrate: 100 kbps | tp: 257 kbps | trace_bw: 257 kbps
   t=20s | buffer: 0.5s | bitrate: 800 kbps | tp: 0 kbps | trace_bw: 0 kbps
   t=31s | buffer: 0.1s | bitrate: 200 kbps | tp: 0 kbps | trace_bw: 0 kbps
   t=41s | buffer: 0.1s | bitrate: 200 kbps | tp: 0 kbps | trace_bw: 0 kbps
   t=51s | buffer: 0.1s | bitrate: 200 kbps | tp: 0 kbps | trace_bw: 0 kbps
   t=61s | buffer: 0.1s | bitrate: 200 kbps | tp: 0 kbps | trace_bw: 0 kbps
   t=72s | buffer: 0.1s | bitrate: 200 kbps | tp: 2 kbps | trace_bw: 2 kbps
   t=82s | buffer: 0.1s | bitrate: 200 kbps | tp: 0 kbps | trace_bw: 0 kbps
   t=92s | buffer: 0.1s | bitrate: 200 kbps | tp: 4 kbps | trace_bw: 4 kbps
   t=102s | buffer: 0.1s | bitrate: 200 kbps | tp: 5237 kbps | trace_bw: 5237 kbps
[BROWSER-ERROR] dash.js error {"code":27,"message":"http://localhost:8082/ll2s-chunk-stream1-00011.m4s is not available","data":{"request":{"action":"download","availabilityEndTime":null,"availabilityStartTime":"2026-05-26T03:13:10.649Z","bandwidth":200000,"bytesLoaded":null,"bytesTotal":null,"delayLoadingTime":1779765215702,"duration":2,"endDate":"2026-05-26T03:14:58.730Z","firstByteDate":"2026-05-26T03:14:38.725Z","index":10,"isPartialSegmentRequest":false,"mediaStartTime":20,"mediaType":"video","presentationStartTime":20,"representation":{"absoluteIndex":1,"adaptation":{"period":{"id":"0","index":0,"duration":596.4,"start":0,"mpd":{"availabilityEndTime":null,"availabilityStartTime":"2026-05-26T03:13:10.649Z","manifest":{"nodeName":"MPD","nodeValue":null,"attributes":{"xmlns:xsi":"http://www.w3.org/2001/XMLSchema-instance","xmlns":"urn:mpeg:dash:schema:mpd:2011","xmlns:xlink":"http://www.w3.org/1999/xlink","xsi:schemaLocation":"urn:mpeg:DASH:schema:MPD:2011 http://standards.iso.org/ittf/PubliclyAvailableStandards/MPEG-DASH_schema_files/DASH-MPD.xsd","profiles":"urn:mpeg:dash:profile:isoff-live:2011","type":"static","mediaPresentationDuration":"PT9M56.4S","minBufferTime":"PT4.0S"},"childNodes":[{"nodeName":"ProgramInformation","nodeValue":null,"attributes":{},"childNodes":[{"nodeName":"Title","nodeValue":null,"attributes":{},"childNodes":[{"nodeName":"#text","nodeValue":"Big Buck Bunny","attributes":{},"childNodes":[]}],"prefix":null,"localName":"Title","tagName":"Title","__text":"Big Buck Bunny","__children":[{"nodeName":"#text","nodeValue":"Big Buck Bunny","attributes":{},"childNodes":[]}]}],"prefix":null,"localName":"ProgramInformation","tagName":"ProgramInformation","Title":{"nodeName":"Title","nodeValue":null,"attributes":{},"childNodes":[{"nodeName":"#text","nodeValue":"Big Buck Bunny","attributes":{},"childNodes":[]}],"prefix":null,"localName":"Title","tagName":"Title","__text":"Big Buck Bunny","__children":[{"nodeName":"#text","nodeValue":"Big Buck Bunny","attributes":{},"childNodes":[]}]},"__children":[{"nodeName":"Title","nodeValue":null,"attributes":{},"childNodes":[{"nodeName":"#text","nodeValue":"Big Buck Bunny","attributes":{},"childNodes":[]}],"prefix":null,"localName":"Title","tagName":"Title","__text":"Big Buck Bunny","__children":[{"nodeName":"#text","nodeValue":"Big Buck Bunny","attributes":{},"childNodes":[]}]}]},{"nodeName":"Period","nodeValue":null,"attributes":{"id":"0","start":"PT0.0S"},"childNodes":[{"nodeName":"AdaptationSet","nodeValue":null,"attributes":{"id":"0","contentType":"video","segmentAlignment":"true","bitstreamSwitching":"false"},"childNodes":[{"nodeName":"Representation","nodeValue":null,"attributes":{"id":"0","mimeType":"video/mp4","codecs":"avc1.64001f","bandwidth":"100000","width":"256","height":"144","frameRate":"24/1"},"childNodes":[{"nodeName":"SegmentTemplate","nodeValue":null,"attributes":{"timescale":"12288","initialization":"ll2s-init-stream$RepresentationID$.m4s","media":"ll2s-chunk-stream$RepresentationID$-$Number%05d$.m4s","startNumber":"1"},"childNodes":[{"nodeName":"SegmentTimeline","nodeValue":null,"attributes":{},"childNodes":[{"nodeName":"S","nodeValue":null,"attributes":{"t":"0","d":"24576","r":"297"},"childNodes":[],"prefix":null,"localName":"S","tagName":"S","t":0,"d":24576,"r":297,"__children":[]},{"nodeName":"S","nodeValue":null,"attributes":{"d":"5632"},"childNodes":[],"prefix":null,"localName":"S","tagName":"S","d":5632,"__children":[]}],"prefix":null,"localName":"SegmentTimeline","tagName":"SegmentTimeline","S":[{"nodeName":"S","nodeValue":null,"attributes":{"t":"0","d":"24576","r":"297"},"childNodes":[],"prefix":null,"localName":"S","tagName":"S","t":0,"d":24576,"r":297,"__children":[]},{"nodeName":"S","nodeValue":null,"attributes":{"d":"5632"},"childNodes":[],"prefix":null,"localName":"S","tagName":"S","d":5632,"__children":[]}],"__children":[{"nodeName":"S","nodeValue":null,"attributes":{"t":"0","d":"24576","r":"297"},"childNodes":[],"prefix":null,"localName":"S","tagName":"S","t":0,"d":24576,"r":297,"__children":[]},{"nodeName":"S","nodeValue":null,"attributes":{"d":"5632"},"childNodes":[],"prefix":null,"localName":"S","tagName":"S","d":5632,"__children":[]}]}],"prefix":null,"localName":"SegmentTemplate","tagName":"SegmentTemplate","timescale":12288,"initialization":"ll2s-init-stream$RepresentationID$.m4s","media":"ll2s-chunk-stream$RepresentationID$-$Number%05d$.m4s","startNumber":1,"SegmentTimeline":{"nodeName":"SegmentTimeline","nodeValue":null,"attributes":{},"childNodes":[{"nodeName":"S","nodeValue":null,"attributes":{"t":"0","d":"24576","r":"297"},"childNodes":[],"prefix":null,"localName":"S","tagName":"S","t":0,"d":24576,"r":297,"__children":[]},{"nodeName":"S","nodeValue":null,"attributes":{"d":"5632"},"childNodes":[],"prefix":null,"localName":"S","tagName":"S","d":5632,"__children":[]}],"prefix":null,"localName":"SegmentTimeline","tagName":"SegmentTimeline","S":[{"nodeName":"S","nodeValue":null,"attributes":{"t":"0","d":"24576","r":"297"},"childNodes":[],"prefix":null,"localName":"S","tagName":"S","t":0,"d":24576,"r":297,"__children":[]},{"nodeName":"S","nodeValue":null,"attributes":{"d":"5632"},"childNodes":[],"prefix":null,"localName":"S","tagName":"S","d":5632,"__children":[]}],"__children":[{"nodeName":"S","nodeValue":null,"attributes":{"t":"0","d":"24576","r":"297"},"childNodes":[],"prefix":null,"localName":"S","tagName":"S","t":0,"d":24576,"r":297,"__children":[]},{"nodeName":"S","nodeValue":null,"attributes":{"d":"5632"},"childNodes":[],"prefix":null,"localName":"S","tagName":"S","d":5632,"__children":[]}]},"__children":[{"nodeName":"SegmentTimeline","nodeValue":null,"attributes":{},"childNodes":[{"nodeName":"S","nodeValue":null,"attributes":{"t":"0","d":"24576","r":"297"},"childNodes":[],"prefix":null,"localName":"S","tagName":"S","t":0,"d":24576,"r":297,"__children":[]},{"nodeName":"S","nodeValue":null,"attributes":{"d":"5632"},"childNodes":[],"prefix":null,"localName":"S","tagName":"S","d":5632,"__children":[]}],"prefix":null,"localName":"SegmentTimeline","tagName":"SegmentTimeline","S":[{"nodeName":"S","nodeValue":null,"attributes":{"t":"0","d":"24576","r":"297"},"childNodes":[],"prefix":null,"localName":"S","tagName":"S","t":0,"d":24576,"r":297,"__children":[]},{"nodeName":"S","nodeValue":null,"attributes":{"d":"5632"},"childNodes":[],"prefix":null,"localName":"S","tagName":"S","d":5632,"__children":[]}],"__children":[{"nodeName":"S","nodeValue":null,"attributes":{"t":"0","d":"24576","r":"297"},"childNodes":[],"prefix":null,"localName":"S","tagName":"S","t":0,"d":24576,"r":297,"__children":[]},{"nodeName":"S","nodeValue":null,"attributes":{"d":"5632"},"childNodes":[],"prefix":null,"localName":"S","tagName":"S","d":5632,"__children":[]}]}]}],"prefix":null,"localName":"Representation","tagName":"Representation","id":"0","mimeType":"video/mp4","codecs":"avc1.64001f","bandwidth":100000,"width":256,"height":144,"frameRate":"24/1","SegmentTemplate":{"nodeName":"SegmentTemplate","nodeValue":null,"attributes":{"timescale":"12288","initialization":"ll2s-init-stream$RepresentationID$.m4s","media":"ll2s-chunk-stream$RepresentationID$-$Number%05d$.m4s","startNumber":"1"},"childNodes":[{"nodeName":"SegmentTimeline","nodeValue":null,"attributes":{},"childNodes":[{"nodeName":"S","nodeValue":null,"attributes":{"t":"0","d":"24576","r":"297"},"childNodes":[],"prefix":null,"localName":"S","tagName":"S","t":0,"d":24576,"r":297,"__children":[]},{"nodeName":"S","nodeValue":null,"attributes":{"d":"5632"},"childNodes":[],"prefix":null,"localName":"S","tagName":"S","d":5632,"__children":[]}],"prefix":null,"localName":"SegmentTimeline","tagName":"SegmentTimeline","S":[{"nodeName":"S","nodeValue":null,"attributes":{"t":"0","d":"24576","r":"297"},"childNodes":[],"prefix":null,"localName":"S","tagName":"S","t":0,"d":24576,"r":297,"__children":[]},{"nodeName":"S","nodeValue":null,"attributes":{"d":"5632"},"childNodes":[],"prefix":null,"localName":"S","tagName":"S","d":5632,"__children":[]}],"__children":[{"nodeName":"S","nodeValue":null,"attributes":{"t":"0","d":"24576","r":"297"},"childNodes":[],"prefix":null,"localName":"S","tagName":"S","t":0,"d":24576,"r":297,"__children":[]},{"nodeName":"S","nodeValue":null,"attributes":{"d":"5632"},"childNodes":[],"prefix":null,"localName":"S","tagName":"S","d":5632,"__children":[]}]}],"prefix":null,"localName":"SegmentTemplate","tagName":"SegmentTemplate","timescale":12288,"initialization":"ll2s-init-stream$RepresentationID$.m4s","media":"ll2s-chunk-stream$RepresentationID$-$Number%05d$.m4s","startNumber":1,"SegmentTimeline":{"nodeName":"SegmentTimeline","nodeValue":null,"attributes":{},"childNodes":[{"nodeName":"S","nodeValue":null,"attributes":{"t":"0","d":"24576","r":"297"},"childNodes":[],"prefix":null,"localName":"S","tagName":"S","t":0,"d":24576,"r":297,"__children":[]},{"nodeName":"S","nodeValue":null,"attributes":{"d":"5632"},"childNodes":[],"prefix":null,"localName":"S","tagName":"S","d":5632,"__children":[]}],"prefix":null,"localName":"SegmentTimeline","tagName":"SegmentTimeline","S":[{"nodeName":"S","nodeValue":null,"attributes":{"t":"0","d":"24576","r":"297"},"childNodes":[],"prefix":null,"localName":"S","tagName":"S","t":0,"d":24576,"r":297,"__children":[]},{"nodeName":"S","nodeValue":null,"attributes":{"d":"5632"},"childNodes":[],"prefix":null,"localName":"S","tagName":"S","d":5632,"__children":[]}],"__children":[{"nodeName":"S","nodeValue":null,"attributes":{"t":"0","d":"24576","r":"297"},"childNodes":[],"prefix":null,"localName":"S","tagName":"S","t":0,"d":24576,"r":297,"__children":[]},{"nodeName":"S","nodeValue":null,"attributes":{"d":"5632"},"childNodes":[],"prefix":null,"localName":"S","tagName":"S","d":5632,"__children":[]}]},"__children":[{"nodeName":"SegmentTimeline","nodeValue":null,"attributes":{},"childNodes":[{"nodeName":"S","nodeValue":null,"attributes":{"t":"0","d":"24576","r":"297"},"childNodes":[],"prefix":null,"localName":"S","tagName":"S","t":0,"d":24576,"r":297,"__children":[]},{"nodeName":"S","nodeValue":null,"attributes":{"d":"5632"},"childNodes":[],"prefix":null,"localName":"S","tagName":"S","d":5632,"__children":[]}],"prefix":null,"localName":"SegmentTimeline","tagName":"SegmentTimeline","S":[{"nodeName":"S","nodeValue":null,"attributes":{"t":"0","d":"24576","r":"297"},"childNodes":[],"prefix":null,"localName":"S","tagName":"S","t":0,"d":24576,"r":297,"__children":[]},{"nodeName":"S","nodeValue":null,"attributes":{"d":"5632"},"childNodes":[],"prefix":null,"localName":"S","tagName":"S","d":5632,"__children":[]}],"__children":[{"nodeName":"S","nodeValue":null,"attributes":{"t":"0","d":"24576","r":"297"},"childNodes":[],"prefix":null,"localName":"S","tagName":"S","t":0,"d":24576,"r":297,"__children":[]},{"nodeName":"S","nodeValue":null,"attributes":{"d":"5632"},"childNodes":[],"prefix":null,"localName":"S","tagName":"S","d":5632,"__children":[]}]}]},"__children":[{"nodeName":"SegmentTemplate","nodeValue":null,"attributes":{"timescale":"12288","initialization":"ll2s-init-stream$RepresentationID$.m4s","media":"ll2s-chunk-stream$RepresentationID$-$Number%05d$.m4s","startNumber":"1"},"childNodes":[{"nodeName":"SegmentTimeline","nodeValue":null,"attributes":{},"childNodes":[{"nodeName":"S","nodeValue":null,"attributes":{"t":"0","d":"24576","r":"297"},"childNodes":[],"prefix":null,"localName":"S","tagName":"S","t":0,"d":24576,"r":297,"__children":[]},{"nodeName":"S","nodeValue":null,"attributes":{"d":"5632"},"childNodes":[],"prefix":null,"localName":"S","tagName":"S","d":5632,"__children":[]}],"prefix":null,"localName":"SegmentTimeline","tagName":"SegmentTimeline","S":[{"nodeName":"S","nodeValue":null,"attributes":{"t":"0","d":"24576","r":"297"},"childNodes":[],"prefix":null,"localName":"S","tagName":"S","t":0,"d":24576,"r":297,"__children":[]},{"nodeName":"S","nodeValue":null,"attributes":{"d":"5632"},"childNodes":[],"prefix":null,"localName":"S","tagName":"S","d":5632,"__children":[]}],"__children":[{"nodeName":"S","nodeValue":null,"attributes":{"t":"0","d":"24576","r":"297"},"childNodes":[],"prefix":null,"localName":"S","tagName":"S","t":0,"d":24576,"r":297,"__children":[]},{"nodeName":"S","nodeValue":null,"attributes":{"d":"5632"},"childNodes":[],"prefix":null,"localName":"S","tagName":"S","d":5632,"__children":[]}]}],"prefix":null,"localName":"SegmentTemplate","tagName":"SegmentTemplate","timescale":12288,"initialization":"ll2s-init-stream$RepresentationID$.m4s","media":"ll2s-chunk-stream$RepresentationID$-$Number%05d$.m4s","startNumber":1,"SegmentTimeline":{"nodeName":"SegmentTimeline","nodeValue":null,"attributes":{},"childNodes":[{"nodeName":"S","nodeValue":null,"attributes":{"t":"0","d":"24576","r":"297"},"childNodes":[],"prefix":null,"localName":"S","tagName":"S","t":0,"d":24576,"r":297,"__children":[]},{"nodeName":"S","nodeValue":null,"attributes":{"d":"5632"},"childNodes":[],"prefix":null,"localName":"S","tagName":"S","d":5632,"__children":[]}],"prefix":null,"localName":"SegmentTimeline","tagName":"SegmentTimeline","S":[{"nodeName":"S","nodeValue":null,"attributes":{"t":"0","d":"24576","r":"297"},"childNodes":[],"prefix":null,"localName":"S","tagName":"S","t":0,"d":24576,"r":297,"__children":[]},{"nodeName":"S","nodeValue":null,"attributes":{"d":"5632"},"childNodes":[],"prefix":null,"localName":"S","tagName":"S","d":5632,"__children":[]}],"__children":[{"nodeName":"S","nodeValue":null,"attributes":{"t":"0","d":"24576","r":"297"},"childNodes":[],"prefix":null,"localName":"S","tagName":"S","t":0,"d":24576,"r":297,"__children":[]},{"nodeName":"S","nodeValue":null,"attributes":{"d":"5632"},"childNodes":[],"prefix":null,"localName":"S","tagName":"S","d":5632,"__children":[]}]},"__children":[{"nodeName":"SegmentTimeline","nodeValue":null,"attributes":{},"childNodes":[{"nodeName":"S","nodeValue":null,"attributes":{"t":"0","d":"24576","r":"297"},"childNodes":[],"prefix":null,"localName":"S","tagName":"S","t":0,"d":24576,"r":297,"__children":[]},{"nodeName":"S","nodeValue":null,"attributes":{"d":"5632"},"childNodes":[],"prefix":null,"localName":"S","tagName":"S","d":5632,"__children":[]}],"prefix":null,"localName":"SegmentTimeline","tagName":"SegmentTimeline","S":[{"nodeName":"S","nodeValue":null,"attributes":{"t":"0","d":"24576","r":"297"},"childNodes":[],"prefix":null,"localName":"S","tagName":"S","t":0,"d":24576,"r":297,"__children":[]},{"nodeName":"S","nodeValue":null,"attributes":{"d":"5632"},"childNodes":[],"prefix":null,"localName":"S","tagName":"S","d":5632,"__children":[]}],"__children":[{"nodeName":"S","nodeValue":null,"attributes":{"t":"0","d":"24576","r":"297"},"childNodes":[],"prefix":null,"localName":"S","tagName":"S","t":0,"d":24576,"r":297,"__children":[]},{"nodeName":"S","nodeValue":null,"attributes":{"d":"5632"},"childNodes":[],"prefix":null,"localName":"S","tagName":"S","d":5632,"__children":[]}]}]}]},{"nodeName":"Representation","nodeValue":null,"attributes":{"id":"1","mimeType":"video/mp4","codecs":"avc1.64001f","bandwidth":"200000","width":"320","height":"180","frameRate":"24/1"},"childNodes":[{"nodeName":"SegmentTemplate","nodeValue":null,"attributes":{"timescale":"12288","initialization":"ll2s-init-stream$RepresentationID$.m4s","media":"ll2s-chunk-stream$RepresentationID$-$Number%05d$.m4s","startNumber":"1"},"childNodes":[{"nodeName":"SegmentTimeline","nodeValue":null,"attributes":{},"childNodes":[{"nodeName":"S","nodeValue":null,"attributes":{"t":"0","d":"24576","r":"297"},"childNodes":[],"prefix":null,"localName":"S","tagName":"S","t":0,"d":24576,"r":297,"__children":[]},{"nodeName":"S","nodeValue":null,"attributes":{"d":"5632"},"childNodes":[],"prefix":null,"localName":"S","tagName":"S","d":5632,"__children":[]}],"prefix":null,"localName":"SegmentTimeline","tagName":"SegmentTimeline","S":[{"nodeName":"S","nodeValue":null,"attributes":{"t":"0","d":"24576","r":"297"},"childNodes":[],"prefix":null,"localName":"S","tagName":"S","t":0,"d":24576,"r":297,"__children":[]},{"nodeName":"S","nodeValue":null,"attributes":{"d":"5632"},"childNodes":[],"prefix":null,"localName":"S","tagName":"S","d":5632,"__children":[]}],"__children":[{"nodeName":"S","nodeValue":null,"attributes":{"t":"0","d":"24576","r":"297"},"childNodes":[],"prefix":null,"localName":"S","tagName":"S","t":0,"d":24576,"r":297,"__children":[]},{"nodeName":"S","nodeValue":null,"attributes":{"d":"5632"},"childNodes":[],"prefix":null,"localName":"S","tagName":"S","d":5632,"__children":[]}]}],"prefix":null,"localName":"SegmentTemplate","tagName":"SegmentTemplate","timescale":12288,"initialization":"ll2s-init-stream$RepresentationID$.m4s","media":"ll2s-chunk-stream$RepresentationID$-$Number%05d$.m4s","startNumber":1,"SegmentTimeline":{"nodeName":"SegmentTimeline","nodeValue":null,"attributes":{},"childNodes":[{"nodeName":"S","nodeValue":null,"attributes":{"t":"0","d":"24576","r":"297"},"childNodes":[],"prefix":null,"localName":"S","tagName":"S","t":0,"d":24576,"r":297,"__children":[]},{"nodeName":"S","nodeValue":null,"attributes":{"d":"5632"},"childNodes":[],"prefix":null,"localName":"S","tagName":"S","d":5632,"__children":[]}],"prefix":null,"localName":"SegmentTimeline","tagName":"SegmentTimeline","S":[{"nodeName":"S","nodeValue":null,"attributes":{"t":"0","d":"24576","r":"297"},"childNodes":[],"prefix":null,"localName":"S","tagName":"S","t":0,"d":24576,"r":297,"__children":[]},{"nodeName":"S","nodeValue":null,"attributes":{"d":"5632"},"childNodes":[],"prefix":null,"localName":"S","tagName":"S","d":5632,"__children":[]}],"__children":[{"nodeName":"S","nodeValue":null,"attributes":{"t":"0","d":"24576","r":"297"},"childNodes":[],"prefix":null,"localName":"S","tagName":"S","t":0,"d":24576,"r":297,"__children":[]},{"nodeName":"S","nodeValue":null,"attributes":{"d":"5632"},"childNodes":[],"prefix":null,"localName":"S","tagName":"S","d":5632,"__children":[]}]},"__children":[{"nodeName":"SegmentTimeline","nodeValue":null,"attributes":{},"childNodes":[{"nodeName":"S","nodeValue":null,"attributes":{"t":"0","d":"24576","r":"297"},"childNodes":[],"prefix":null,"localName":"S","tagName":"S","t":0,"d":24576,"r":297,"__children":[]},{"nodeName":"S","nodeValue":null,"attributes":{"d":"5632"},"childNodes":[],"prefix":null,"localName":"S","tagName":"S","d":5632,"__children":[]}],"prefix":null,"localName":"SegmentTimeline","tagName":"SegmentTimeline","S":[{"nodeName":"S","nodeValue":null,"attributes":{"t":"0","d":"24576","r":"297"},"childNodes":[],"prefix":null,"localName":"S","tagName":"S","t":0,"d":24576,"r":297,"__children":[]},{"nodeName":"S","nodeValue":null,"attributes":{"d":"5632"},"childNodes":[],"prefix":null,"localName":"S","tagName":"S","d":5632,"__children":[]}],"__children":[{"nodeName":"S","nodeValue":null,"attributes":{"t":"0","d":"24576","r":"297"},"childNodes":[],"prefix":null,"localName":"S","tagName":"S","t":0,"d":24576,"r":297,"__children":[]},{"nodeName":"S","nodeValue":null,"attributes":{"d":"5632"},"childNodes":[],"prefix":null,"localName":"S","tagName":"S","d":5632,"__children":[]}]}]}],"prefix":null,"localName":"Representation","tagName":"Representation","id":"1","mimeType":"video/mp4","codecs":"avc1.64001f","bandwidth":200000,"width":320,"height":180,"frameRate":"24/1","SegmentTemplate":{"nodeName":"SegmentTemplate","nodeValue":null,"attributes":{"timescale":"12288","initialization":"ll2s-init-stream$RepresentationID$.m4s","media":"ll2s-chunk-stream$RepresentationID$-$Number%05d$.m4s","startNumber":"1"},"childNodes":[{"nodeName":"SegmentTimeline","nodeValue":null,"attributes":{},"childNodes":[{"nodeName":"S","nodeValue":null,"attributes":{"t":"0","d":"24576","r":"297"},"childNodes":[],"prefix":null,"localName":"S","tagName":"S","t":0,"d":24576,"r":297,"__children":[]},{"nodeName":"S","nodeValue":null,"attributes":{"d":"5632"},"childNodes":[],"prefix":null,"localName":"S","tagName":"S","d":5632,"__children":[]}],"prefix":null,"localName":"SegmentTimeline","tagName":"SegmentTimeline","S":[{"nodeName":"S","nodeValue":null,"attributes":{"t":"0","d":"24576","r":"297"},"childNodes":[],"prefix":null,"localName":"S","tagName":"S","t":0,"d":24576,"r":297,"__children":[]},{"nodeName":"S","nodeValue":null,"attributes":{"d":"5632"},"childNodes":[],"prefix":null,"localName":"S","tagName":"S","d":5632,"__children":[]}],"__children":[{"nodeName":"S","nodeValue":null,"attributes":{"t":"0","d":"24576","r":"297"},"childNodes":[],"prefix":null,"localName":"S","tagName":"S","t":0,"d":24576,"r":297,"__children":[]},{"nodeName":"S","nodeValue":null,"attributes":{"d":"5632"},"childNodes":[],"prefix":null,"localName":"S","tagName":"S","d":5632,"__children":[]}]}],"prefix":null,"localName":"SegmentTemplate","tagName":"SegmentTemplate","timescale":12288,"initialization":"ll2s-init-stream$RepresentationID$.m4s","media":"ll2s-chunk-stream$RepresentationID$-$Number%05d$.m4s","startNumber":1,"SegmentTimeline":{"nodeName":"SegmentTimeline","nodeValue":null,"attributes":{},"childNodes":[{"nodeName":"S","nodeValue":null,"attributes":{"t":"0","d":"24576","r":"297"},"childNodes":[],"prefix":null,"localName":"S","tagName":"S","t":0,"d":24576,"r":297,"__children":[]},{"nodeName":"S","nodeValue":null,"attributes":{"d":"5632"},"childNodes":[],"prefix":null,"localName":"S","tagName":"S","d":5632,"__children":[]}],"prefix":null,"localName":"SegmentTimeline","tagName":"SegmentTimeline","S":[{"nodeName":"S","nodeValue":null,"attributes":{"t":"0","d":"24576","r":"297"},"childNodes":[],"prefix":null,"localName":"S","tagName":"S","t":0,"d":24576,"r":297,"__children":[]},{"nodeName":"S","nodeValue":null,"attributes":{"d":"5632"},"childNodes":[],"prefix":null,"localName":"S","tagName":"S","d":5632,"__children":[]}],"__children":[{"nodeName":"S","nodeValue":null,"attributes":{"t":"0","d":"24576","r":"297"},"childNodes":[],"prefix":null,"localName":"S","tagName":"S","t":0,"d":24576,"r":297,"__children":[]},{"nodeName":"S","nodeValue":null,"attributes":{"d":"5632"},"childNodes":[],"prefix":null,"localName":"S","tagName":"S","d":5632,"__children":[]}]},"__children":[{"nodeName":"SegmentTimeline","nodeValue":null,"attributes":{},"childNodes":[{"nodeName":"S","nodeValue":null,"attributes":{"t":"0","d":"24576","r":"297"},"childNodes":[],"prefix":null,"localName":"S","tagName":"S","t":0,"d":24576,"r":297,"__children":[]},{"nodeName":"S","nodeValue":null,"attributes":{"d":"5632"},"childNodes":[],"prefix":null,"localName":"S","tagName":"S","d":5632,"__children":[]}],"prefix":null,"localName":"SegmentTimeline","tagName":"SegmentTimeline","S":[{"nodeName":"S","nodeValue":null,"attributes":{"t":"0","d":"24576","r":"297"},"childNodes":[],"prefix":null,"localName":"S","tagName":"S","t":0,"d":24576,"r":297,"__children":[]},{"nodeName":"S","nodeValue":null,"attributes":{"d":"5632"},"childNodes":[],"prefix":null,"localName":"S","tagName":"S","d":5632,"__children":[]}],"__children":[{"nodeName":"S","nodeValue":null,"attributes":{"t":"0","d":"24576","r":"297"},"childNodes":[],"prefix":null,"localName":"S","tagName":"S","t":0,"d":24576,"r":297,"__children":[]},{"nodeName":"S","nodeValue":null,"attributes":{"d":"5632"},"childNodes":[],"prefix":null,"localName":"S","tagName":"S","d":5632,"__children":[]}]}]},"__children":[{"nodeName":"SegmentTemplate","nodeValue":null,"attributes":{"timescale":"12288","initialization":"ll2s-init-stream$RepresentationID$.m4s","media":"ll2s-chunk-stream$RepresentationID$-$Number%05d$.m4s","startNumber":"1"},"childNodes":[{"nodeName":"SegmentTimeline","nodeValue":null,"attributes":{},"childNodes":[{"nodeName":"S","nodeValue":null,"attributes":{"t":"0","d":"24576","r":"297"},"childNodes":[],"prefix":null,"localName":"S","tagName":"S","t":0,"d":24576,"r":297,"__children":[]},{"nodeName":"S","nodeValue":null,"attributes":{"d":"5632"},"childNodes":[],"prefix":null,"localName":"S","tagName":"S","d":5632,"__children":[]}],"prefix":null,"localName":"SegmentTimeline","tagName":"SegmentTimeline","S":[{"nodeName":"S","nodeValue":null,"attributes":{"t":"0","d":"24576","r":"297"},"childNodes":[],"prefix":null,"localName":"S","tagName":"S","t":0,"d":24576,"r":297,"__children":[]},{"nodeName":"S","nodeValue":null,"attributes":{"d":"5632"},"childNodes":[],"prefix":null,"localName":"S","tagName":"S","d":5632,"__children":[]}],"__children":[{"nodeName":"S","nodeValue":null,"attributes":{"t":"0","d":"24576","r":"297"},"childNodes":[],"prefix":null,"localName":"S","tagName":"S","t":0,"d":24576,"r":297,"__children":[]},{"nodeName":"S","nodeValue":null,"attributes":{"d":"5632"},"childNodes":[],"prefix":null,"localName":"S","tagName":"S","d":5632,"__children":[]}]}],"prefix":null,"localName":"SegmentTemplate","tagName":"SegmentTemplate","timescale":12288,"initialization":"ll2s-init-stream$RepresentationID$.m4s","media":"ll2s-chunk-stream$RepresentationID$-$Number%05d$.m4s","startNumber":1,"SegmentTimeline":{"nodeName":"SegmentTimeline","nodeValue":null,"attributes":{},"childNodes":[{"nodeName":"S","nodeValue":null,"attributes":{"t":"0","d":"24576","r":"297"},"childNodes":[],"prefix":null,"localName":"S","tagName":"S","t":0,"d":24576,"r":297,"__children":[]},{"nodeName":"S","nodeValue":null,"attributes":{"d":"5632"},"childNodes":[],"prefix":null,"localName":"S","tagName":"S","d":5632,"__children":[]}],"prefix":null,"localName":"SegmentTimeline","tagName":"SegmentTimeline","S":[{"nodeName":"S","nodeValue":null,"attributes":{"t":"0","d":"24576","r":"297"},"childNodes":[],"prefix":null,"localName":"S","tagName":"S","t":0,"d":24576,"r":297,"__children":[]},{"nodeName":"S","nodeValue":null,"attributes":{"d":"5632"},"childNodes":[],"prefix":null,"localName":"S","tagName":"S","d":5632,"__children":[]}],"__children":[{"nodeName":"S","nodeValue":null,"attributes":{"t":"0","d":"24576","r":"297"},"childNodes":[],"prefix":null,"localName":"S","tagName":"S","t":0,"d":24576,"r":297,"__children":[]},{"nodeName":"S","nodeValue":null,"attributes":{"d":"5632"},"childNodes":[],"prefix":null,"localName":"S","tagName":"S","d":5632,"__children":[]}]},"__children":[{"nodeName":"SegmentTimeline","nodeValue":null,"attributes":{},"childNodes":[{"nodeName":"S","nodeValue":null,"attributes":{"t":"0","d":"24576","r":"297"},"childNodes":[],"prefix":null,"localName":"S","tagName":"S","t":0,"d":24576,"r":297,"__children":[]},{"nodeName":"S","nodeValue":null,"attributes":{"d":"5632"},"childNodes":[],"prefix":null,"localName":"S","tagName":"S","d":5632,"__children":[]}],"prefix":null,"localName":"SegmentTimeline","tagName":"SegmentTimeline","S":[{"nodeName":"S","nodeValue":null,"attributes":{"t":"0","d":"24576","r":"297"},"childNodes":[],"prefix":null,"localName":"S","tagName":"S","t":0,"d":24576,"r":297,"__children":[]},{"nodeName":"S","nodeValue":null,"attributes":{"d":"5632"},"childNodes":[],"prefix":null,"localName":"S","tagName":"S","d":5632,"__children":[]}],"__children":[{"nodeName":"S","nodeValue":null,"attributes":{"t":"0","d":"24576","r":"297"},"childNodes":[],"prefix":null,"localName":"S","tagName":"S","t":0,"d":24576,"r":297,"__children":[]},{"nodeName":"S","nodeValue":null,"attributes":{"d":"5632"},"childNodes":[],"prefix":null,"localName":"S","tagName":"S","d":5632,"__children":[]}]}]}]},{"nodeName":"Representation","nodeValue":null,"attributes":{"id":"2","mimeType":"video/mp4","codecs":"avc1.64001f","bandwidth":"400000","width":"426","height":"240","frameRate":"24/1"},"childNodes":[{"nodeName":"SegmentTemplate","nodeValue":null,"attributes":{"timescale":"12288","initialization":"ll2s-init-stream$RepresentationID$.m4s","media":"ll2s-chunk-stream$RepresentationID$-$Number%05d$.m4s","startNumber":"1"},"childNodes":[{"nodeName":"SegmentTimeline","nodeValue":null,"attributes":{},"childNodes":[{"nodeName":"S","nodeValue":null,"attributes":{"t":"0","d":"24576","r":"297"},"childNodes":[],"prefix":null,"localName":"S","tagName":"S","t":0,"d":24576,"r":297,"__children":[]},{"nodeName":"S","nodeValue":null,"attributes":{"d":"5632"},"childNodes":[],"prefix":null,"localName":"S","tagName":"S","d":5632,"__children":[]}],"prefix":null,"localName":"SegmentTimeline","tagName":"SegmentTimeline","S":[{"nodeName":"S","nodeValue":null,"attributes":{"t":"0","d":"24576","r":"297"},"childNodes":[],"prefix":null,"localName":"S","tagName":"S","t":0,"d":24576,"r":297,"__children":[]},{"nodeName":"S","nodeValue":null,"attributes":{"d":"5632"},"childNodes":[],"prefix":null,"localName":"S","tagName":"S","d":5632,"__children":[]}],"__children":[{"nodeName":"S","nodeValue":null,"attributes":{"t":"0","d":"24576","r":"297"},"childNodes":[],"prefix":null,"localName":"S","tagName":"S","t":0,"d":24576,"r":297,"__children":[]},{"nodeName":"S","nodeValue":null,"attributes":{"d":"5632"},"childNodes":[],"prefix":null,"localName":"S","tagName":"S","d":5632,"__children":[]}]}],"prefix":null,"localName":"SegmentTemplate","tagName":"SegmentTemplate","timescale":12288,"initialization":"ll2s-init-stream$RepresentationID$.m4s","media":"ll2s-chunk-stream$RepresentationID$-$Number%05d$.m4s","startNumber":1,"SegmentTimeline":{"nodeName":"SegmentTimeline","nodeValue":null,"attributes":{},"childNodes":[{"nodeName":"S","nodeValue":null,"attributes":{"t":"0","d":"24576","r":"297"},"childNodes":[],"prefix":null,"localName":"S","tagName":"S","t":0,"d":24576,"r":297,"__children":[]},{"nodeName":"S","nodeValue":null,"attributes":{"d":"5632"},"childNodes":[],"prefix":null,"localName":"S","tagName":"S","d":5632,"__children":[]}],"prefix":null,"localName":"SegmentTimeline","tagName":"SegmentTimeline","S":[{"nodeName":"S","nodeValue":null,"attributes":{"t":"0","d":"24576","r":"297"},"childNodes":[],"prefix":null,"localName":"S","tagName":"S","t":0,"d":24576,"r":297,"__children":[]},{"nodeName":"S","nodeValue":null,"attributes":{"d":"5632"},"childNodes":[],"prefix":null,"localName":"S","tagName":"S","d":5632,"__children":[]}],"__children":[{"nodeName":"S","nodeValue":null,"attributes":{"t":"0","d":"24576","r":"297"},"childNodes":[],"prefix":null,"localName":"S","tagName":"S","t":0,"d":24576,"r":297,"__children":[]},{"nodeName":"S","nodeValue":null,"attributes":{"d":"5632"},"childNodes":[],"prefix":null,"localName":"S","tagName":"S","d":5632,"__children":[]}]},"__children":[{"nodeName":"SegmentTimeline","nodeValue":null,"attributes":{},"childNodes":[{"nodeName":"S","nodeValue":null,"attributes":{"t":"0","d":"24576","r":"297"},"childNodes":[],"prefix":null,"localName":"S","tagName":"S","t":0,"d":24576,"r":297,"__children":[]},{"nodeName":"S","nodeValue":null,"attributes":{"d":"5632"},"childNodes":[],"prefix":null,"localName":"S","tagName":"S","d":5632,"__children":[]}],"prefix":null,"localName":"SegmentTimeline","tagName":"SegmentTimeline","S":[{"nodeName":"S","nodeValue":null,"attributes":{"t":"0","d":"24576","r":"297"},"childNodes":[],"prefix":null,"localName":"S","tagName":"S","t":0,"d":24576,"r":297,"__children":[]},{"nodeName":"S","nodeValue":null,"attributes":{"d":"5632"},"childNodes":[],"prefix":null,"localName":"S","tagName":"S","d":5632,"__children":[]}],"__children":[{"nodeName":"S","nodeValue":null,"attributes":{"t":"0","d":"24576","r":"297"},"childNodes":[],"prefix":null,"localName":"S","tagName":"S","t":0,"d":24576,"r":297,"__children":[]},{"nodeName":"S","nodeValue":null,"attributes":{"d":"5632"},"childNodes":[],"prefix":null,"localName":"S","tagName":"S","d":5632,"__children":[]}]}]}],"prefix":null,"localName":"Representation","tagName":"Representation","id":"2","mimeType":"video/mp4","codecs":"avc1.64001f","bandwidth":400000,"width":426,"height":240,"frameRate":"24/1","SegmentTemplate":{"nodeName":"SegmentTemplate","nodeValue":null,"attributes":{"timescale":"12288","initialization":"ll2s-init-stream$RepresentationID$.m4s","media":"ll2s-chunk-stream$RepresentationID$-$Number%05d$.m4s","startNumber":"1"},"childNodes":[{"nodeName":"SegmentTimeline","nodeValue":null,"attributes":{},"childNodes":[{"nodeName":"S","nodeValue":null,"attributes":{"t":"0","d":"24576","r":"297"},"childNodes":[],"prefix":null,"localName":"S","tagName":"S","t":0,"d":24576,"r":297,"__children":[]},{"nodeName":"S","nodeValue":null,"attributes":{"d":"5632"},"childNodes":[],"prefix":null,"localName":"S","tagName":"S","d":5632,"__children":[]}],"prefix":null,"localName":"SegmentTimeline","tagName":"SegmentTimeline","S":[{"nodeName":"S","nodeValue":null,"attributes":{"t":"0","d":"24576","r":"297"},"childNodes":[],"prefix":null,"localName":"S","tagName":"S","t":0,"d":24576,"r":297,"__children":[]},{"nodeName":"S","nodeValue":null,"attributes":{"d":"5632"},"childNodes":[],"prefix":null,"localName":"S","tagName":"S","d":5632,"__children":[]}],"__children":[{"nodeName":"S","nodeValue":null,"attributes":{"t":"0","d":"24576","r":"297"},"childNodes":[],"prefix":null,"localName":"S","tagName":"S","t":0,"d":24576,"r":297,"__children":[]},{"nodeName":"S","nodeValue":null,"attributes":{"d":"5632"},"childNodes":[],"prefix":null,"localName":"S","tagName":"S","d":5632,"__children":[]}]}],"prefix":null,"localName":"SegmentTemplate","tagName":"SegmentTemplate","timescale":12288,"initialization":"ll2s-init-stream$RepresentationID$.m4s","media":"ll2s-chunk-stream$RepresentationID$-$Number%05d$.m4s","startNumber":1,"SegmentTimeline":{"nodeName":"SegmentTimeline","nodeValue":null,"attributes":{},"childNodes":[{"nodeName":"S","nodeValue":null,"attributes":{"t":"0","d":"24576","r":"297"},"childNodes":[],"prefix":null,"localName":"S","tagName":"S","t":0,"d":24576,"r":297,"__children":[]},{"nodeName":"S","nodeValue":null,"attributes":{"d":"5632"},"childNodes":[],"prefix":null,"localName":"S","tagName":"S","d":5632,"__children":[]}],"prefix":null,"localName":"SegmentTimeline","tagName":"SegmentTimeline","S":[{"nodeName":"S","nodeValue":null,"attributes":{"t":"0","d":"24576","r":"297"},"childNodes":[],"prefix":null,"localName":"S","tagName":"S","t":0,"d":24576,"r":297,"__children":[]},{"nodeName":"S","nodeValue":null,"attributes":{"d":"5632"},"childNodes":[],"prefix":null,"localName":"S","tagName":"S","d":5632,"__children":[]}],"__children":[{"nodeName":"S","nodeValue":null,"attributes":{"t":"0","d":"24576","r":"297"},"childNodes":[],"prefix":null,"localName":"S","tagName":"S","t":0,"d":24576,"r":297,"__children":[]},{"nodeName":"S","nodeValue":null,"attributes":{"d":"5632"},"childNodes":[],"prefix":null,"localName":"S","tagName":"S","d":5632,"__children":[]}]},"__children":[{"nodeName":"SegmentTimeline","nodeValue":null,"attributes":{},"childNodes":[{"nodeName":"S","nodeValue":null,"attributes":{"t":"0","d":"24576","r":"297"},"childNodes":[],"prefix":null,"localName":"S","tagName":"S","t":0,"d":24576,"r":297,"__children":[]},{"nodeName":"S","nodeValue":null,"attributes":{"d":"5632"},"childNodes":[],"prefix":null,"localName":"S","tagName":"S","d":5632,"__children":[]}],"prefix":null,"localName":"SegmentTimeline","tagName":"SegmentTimeline","S":[{"nodeName":"S","nodeValue":null,"attributes":{"t":"0","d":"24576","r":"297"},"childNodes":[],"prefix":null,"localName":"S","tagName":"S","t":0,"d":24576,"r":297,"__children":[]},{"nodeName":"S","nodeValue":null,"attributes":{"d":"5632"},"childNodes":[],"prefix":null,"localName":"S","tagName":"S","d":5632,"__children":[]}],"__children":[{"nodeName":"S","nodeValue":null,"attributes":{"t":"0","d":"24576","r":"297"},"childNodes":[],"prefix":null,"localName":"S","tagName":"S","t":0,"d":24576,"r":297,"__children":[]},{"nodeName":"S","nodeValue":null,"attributes":{"d":"5632"},"childNodes":[],"prefix":null,"localName":"S","tagName":"S","d":5632,"__children":[]}]}]},"__children":[{"nodeName":"SegmentTemplate","nodeValue":null,"attributes":{"timescale":"12288","initialization":"ll2s-init-stream$RepresentationID$.m4s","media":"ll2s-chunk-stream$RepresentationID$-$Number%05d$.m4s","startNumber":"1"},"childNodes":[{"nodeName":"SegmentTimeline","nodeValue":null,"attributes":{},"childNodes":[{"nodeName":"S","nodeValue":null,"attributes":{"t":"0","d":"24576","r":"297"},"childNodes":[],"prefix":null,"localName":"S","tagName":"S","t":0,"d":24576,"r":297,"__children":[]},{"nodeName":"S","nodeValue":null,"attributes":{"d":"5632"},"childNodes":[],"prefix":null,"localName":"S","tagName":"S","d":5632,"__children":[]}],"prefix":null,"localName":"SegmentTimeline","tagName":"SegmentTimeline","S":[{"nodeName":"S","nodeValue":null,"attributes":{"t":"0","d":"24576","r":"297"},"childNodes":[],"prefix":null,"localName":"S","tagName":"S","t":0,"d":24576,"r":297,"__children":[]},{"nodeName":"S","nodeValue":null,"attributes":{"d":"5632"},"childNodes":[],"prefix":null,"localName":"S","tagName":"S","d":5632,"__children":[]}],"__children":[{"nodeName":"S","nodeValue":null,"attributes":{"t":"0","d":"24576","r":"297"},"childNodes":[],"prefix":null,"localName":"S","tagName":"S","t":0,"d":24576,"r":297,"__children":[]},{"nodeName":"S","nodeValue":null,"attributes":{"d":"5632"},"childNodes":[],"prefix":null,"localName":"S","tagName":"S","d":5632,"__children":[]}]}],"prefix":null,"localName":"SegmentTemplate","tagName":"SegmentTemplate","timescale":12288,"initialization":"ll2s-init-stream$RepresentationID$.m4s","media":"ll2s-chunk-stream$RepresentationID$-$Number%05d$.m4s","startNumber":1,"SegmentTimeline":{"nodeName":"SegmentTimeline","nodeValue":null,"attributes":{},"childNodes":[{"nodeName":"S","nodeValue":null,"attributes":{"t":"0","d":"24576","r":"297"},"childNodes":[],"prefix":null,"localName":"S","tagName":"S","t":0,"d":24576,"r":297,"__children":[]},{"nodeName":"S","nodeValue":null,"attributes":{"d":"5632"},"childNodes":[],"prefix":null,"localName":"S","tagName":"S","d":5632,"__children":[]}],"prefix":null,"localName":"SegmentTimeline","tagName":"SegmentTimeline","S":[{"nodeName":"S","nodeValue":null,"attributes":{"t":"0","d":"24576","r":"297"},"childNodes":[],"prefix":null,"localName":"S","tagName":"S","t":0,"d":24576,"r":297,"__children":[]},{"nodeName":"S","nodeValue":null,"attributes":{"d":"5632"},"childNodes":[],"prefix":null,"localName":"S","tagName":"S","d":5632,"__children":[]}],"__children":[{"nodeName":"S","nodeValue":null,"attributes":{"t":"0","d":"24576","r":"297"},"childNodes":[],"prefix":null,"localName":"S","tagName":"S","t":0,"d":24576,"r":297,"__children":[]},{"nodeName":"S","nodeValue":null,"attributes":{"d":"5632"},"childNodes":[],"prefix":null,"localName":"S","tagName":"S","d":5632,"__children":[]}]},"__children":[{"nodeName":"SegmentTimeline","nodeValue":null,"attributes":{},"childNodes":[{"nodeName":"S","nodeValue":null,"attributes":{"t":"0","d":"24576","r":"297"},"childNodes":[],"prefix":null,"localName":"S","tagName":"S","t":0,"d":24576,"r":297,"__children":[]},{"nodeName":"S","nodeValue":null,"attributes":{"d":"5632"},"childNodes":[],"prefix":null,"localName":"S","tagName":"S","d":5632,"__children":[]}],"prefix":null,"localName":"SegmentTimeline","tagName":"SegmentTimeline","S":[{"nodeName":"S","nodeValue":null,"attributes":{"t":"0","d":"24576","r":"297"},"childNodes":[],"prefix":null,"localName":"S","tagName":"S","t":0,"d":24576,"r":297,"__children":[]},{"nodeName":"S","nodeValue":null,"attributes":{"d":"5632"},"childNodes":[],"prefix":null,"localName":"S","tagName":"S","d":5632,"__children":[]}],"__children":[{"nodeName":"S","nodeValue":null,"attributes":{"t":"0","d":"24576","r":"297"},"childNodes":[],"prefix":null,"localName":"S","tagName":"S","t":0,"d":24576,"r":297,"__children":[]},{"nodeName":"S","nodeValue":null,"attributes":{"d":"5632"},"childNodes":[],"prefix":null,"localName":"S","tagName":"S","d":5632,"__children":[]}]}]}]},{"nodeName":"Representation","nodeValue":null,"attributes":{"id":"3","mimeType":"video/mp4","codecs":"avc1.64001f","bandwidth":"600000","width":"480","height":"270","frameRate":"24/1"},"childNodes":[{"nodeName":"SegmentTemplate","nodeValue":null,"attributes":{"timescale":"12288","initialization":"ll2s-init-stream$RepresentationID$.m4s","media":"ll2s-chunk-stream$RepresentationID$-$Number%05d$.m4s","startNumber":"1"},"childNodes":[{"nodeName":"SegmentTimeline","nodeValue":null,"attributes":{},"childNodes":[{"nodeName":"S","nodeValue":null,"attributes":{"t":"0","d":"24576","r":"297"},"childNodes":[],"prefix":null,"localName":"S","tagName":"S","t":0,"d":24576,"r":297,"__children":[]},{"nodeName":"S","nodeValue":null,"attributes":{"d":"5632"},"childNodes":[],"prefix":null,"localName":"S","tagName":"S","d":5632,"__children":[]}],"prefix":null,"localName":"SegmentTimeline","tagName":"SegmentTimeline","S":[{"nodeName":"S","nodeValue":null,"attributes":{"t":"0","d":"24576","r":"297"},"childNodes":[],"prefix":null,"localName":"S","tagName":"S","t":0,"d":24576,"r":297,"__children":[]},{"nodeName":"S","nodeValue":null,"attributes":{"d":"5632"},"childNodes":[],"prefix":null,"localName":"S","tagName":"S","d":5632,"__children":[]}],"__children":[{"nodeName":"S","nodeValue":null,"attributes":{"t":"0","d":"24576","r":"297"},"childNodes":[],"prefix":null,"localName":"S","tagName":"S","t":0,"d":24576,"r":297,"__children":[]},{"nodeName":"S","nodeValue":null,"attributes":{"d":"5632"},"childNodes":[],"prefix":null,"localName":"S","tagName":"S","d":5632,"__children":[]}]}],"prefix":null,"localName":"SegmentTemplate","tagName":"SegmentTemplate","timescale":12288,"initialization":"ll2s-init-stream$RepresentationID$.m4s","media":"ll2s-chunk-stream$RepresentationID$-$Number%05d$.m4s","startNumber":1,"SegmentTimeline":{"nodeName":"SegmentTimeline","nodeValue":null,"attributes":{},"childNodes":[{"nodeName":"S","nodeValue":null,"attributes":{"t":"0","d":"24576","r":"297"},"childNodes":[],"prefix":null,"localName":"S","tagName":"S","t":0,"d":24576,"r":297,"__children":[]},{"nodeName":"S","nodeValue":null,"attributes":{"d":"5632"},"childNodes":[],"prefix":null,"localName":"S","tagName":"S","d":5632,"__children":[]}],"prefix":null,"localName":"SegmentTimeline","tagName":"SegmentTimeline","S":[{"nodeName":"S","nodeValue":null,"attributes":{"t":"0","d":"24576","r":"297"},"childNodes":[],"prefix":null,"localName":"S","tagName":"S","t":0,"d":24576,"r":297,"__children":[]},{"nodeName":"S","nodeValue":null,"attributes":{"d":"5632"},"childNodes":[],"prefix":null,"localName":"S","tagName":"S","d":5632,"__children":[]}],"__children":[{"nodeName":"S","nodeValue":null,"attributes":{"t":"0","d":"24576","r":"297"},"childNodes":[],"prefix":null,"localName":"S","tagName":"S","t":0,"d":24576,"r":297,"__children":[]},{"nodeName":"S","nodeValue":null,"attributes":{"d":"5632"},"childNodes":[],"prefix":null,"localName":"S","tagName":"S","d":5632,"__children":[]}]},"__children":[{"nodeName":"SegmentTimeline","nodeValue":null,"attributes":{},"childNodes":[{"nodeName":"S","nodeValue":null,"attributes":{"t":"0","d":"24576","r":"297"},"childNodes":[],"prefix":null,"localName":"S","tagName":"S","t":0,"d":24576,"r":297,"__children":[]},{"nodeName":"S","nodeValue":null,"attributes":{"d":"5632"},"childNodes":[],"prefix":null,"localName":"S","tagName":"S","d":5632,"__children":[]}],"prefix":null,"localName":"SegmentTimeline","tagName":"SegmentTimeline","S":[{"nodeName":"S","nodeValue":null,"attributes":{"t":"0","d":"24576","r":"297"},"childNodes":[],"prefix":null,"localName":"S","tagName":"S","t":0,"d":24576,"r":297,"__children":[]},{"nodeName":"S","nodeValue":null,"attributes":{"d":"5632"},"childNodes":[],"prefix":null,"localName":"S","tagName":"S","d":5632,"__children":[]}],"__children":[{"nodeName":"S","nodeValue":null,"attributes":{"t":"0","d":"24576","r":"297"},"childNodes":[],"prefix":null,"localName":"S","tagName":"S","t":0,"d":24576,"r":297,"__children":[]},{"nodeName":"S","nodeValue":null,"attributes":{"d":"5632"},"childNodes":[],"prefix":null,"localName":"S","tagName":"S","d":5632,"__children":[]}]}]}],"prefix":null,"localName":"Representation","tagName":"Representation","id":"3","mimeType":"video/mp4","codecs":"avc1.64001f","bandwidth":600000,"width":480,"height":270,"frameRate":"24/1","SegmentTemplate":{"nodeName":"SegmentTemplate","nodeValue":null,"attributes":{"timescale":"12288","initialization":"ll2s-init-stream$RepresentationID$.m4s","media":"ll2s-chunk-stream$RepresentationID$-$Number%05d$.m4s","startNumber":"1"},"childNodes":[{"nodeName":"SegmentTimeline","nodeValue":null,"attributes":{},"childNodes":[{"nodeName":"S","nodeValue":null,"attributes":{"t":"0","d":"24576","r":"297"},"childNodes":[],"prefix":null,"localName":"S","tagName":"S","t":0,"d":24576,"r":297,"__children":[]},{"nodeName":"S","nodeValue":null,"attributes":{"d":"5632"},"childNodes":[],"prefix":null,"localName":"S","tagName":"S","d":5632,"__children":[]}],"prefix":null,"localName":"SegmentTimeline","tagName":"SegmentTimeline","S":[{"nodeName":"S","nodeValue":null,"attributes":{"t":"0","d":"24576","r":"297"},"childNodes":[],"prefix":null,"localName":"S","tagName":"S","t":0,"d":24576,"r":297,"__children":[]},{"nodeName":"S","nodeValue":null,"attributes":{"d":"5632"},"childNodes":[],"prefix":null,"localName":"S","tagName":"S","d":5632,"__children":[]}],"__children":[{"nodeName":"S","nodeValue":null,"attributes":{"t":"0","d":"24576","r":"297"},"childNodes":[],"prefix":null,"localName":"S","tagName":"S","t":0,"d":24576,"r":297,"__children":[]},{"nodeName":"S","nodeValue":null,"attributes":{"d":"5632"},"childNodes":[],"prefix":null,"localName":"S","tagName":"S","d":5632,"__children":[]}]}],"prefix":null,"localName":"SegmentTemplate","tagName":"SegmentTemplate","timescale":12288,"initialization":"ll2s-init-stream$RepresentationID$.m4s","media":"ll2s-chunk-stream$RepresentationID$-$Number%05d$.m4s","startNumber":1,"SegmentTimeline":{"nodeName":"SegmentTimeline","nodeValue":null,"attributes":{},"childNodes":[{"nodeName":"S","nodeValue":null,"attributes":{"t":"0","d":"24576","r":"297"},"childNodes":[],"prefix":null,"localName":"S","tagName":"S","t":0,"d":24576,"r":297,"__children":[]},{"nodeName":"S","nodeValue":null,"attributes":{"d":"5632"},"childNodes":[],"prefix":null,"localName":"S","tagName":"S","d":5632,"__children":[]}],"prefix":null,"localName":"SegmentTimeline","tagName":"SegmentTimeline","S":[{"nodeName":"S","nodeValue":null,"attributes":{"t":"0","d":"24576","r":"297"},"childNodes":[],"prefix":null,"localName":"S","tagName":"S","t":0,"d":24576,"r":297,"__children":[]},{"nodeName":"S","nodeValue":null,"attributes":{"d":"5632"},"childNodes":[],"prefix":null,"localName":"S","tagName":"S","d":5632,"__children":[]}],"__children":[{"nodeName":"S","nodeValue":null,"attributes":{"t":"0","d":"24576","r":"297"},"childNodes":[],"prefix":null,"localName":"S","tagName":"S","t":0,"d":24576,"r":297,"__children":[]},{"nodeName":"S","nodeValue":null,"attributes":{"d":"5632"},"childNodes":[],"prefix":null,"localName":"S","tagName":"S","d":5632,"__children":[]}]},"__children":[{"nodeName":"SegmentTimeline","nodeValue":null,"attributes":{},"childNodes":[{"nodeName":"S","nodeValue":null,"attributes":{"t":"0","d":"24576","r":"297"},"childNodes":[],"prefix":null,"localName":"S","tagName":"S","t":0,"d":24576,"r":297,"__children":[]},{"nodeName":"S","nodeValue":null,"attributes":{"d":"5632"},"childNodes":[],"prefix":null,"localName":"S","tagName":"S","d":5632,"__children":[]}],"prefix":null,"localName":"SegmentTimeline","tagName":"SegmentTimeline","S":[{"nodeName":"S","nodeValue":null,"attributes":{"t":"0","d":"24576","r":"297"},"childNodes":[],"prefix":null,"localName":"S","tagName":"S","t":0,"d":24576,"r":297,"__children":[]},{"nodeName":"S","nodeValue":null,"attributes":{"d":"5632"},"childNodes":[],"prefix":null,"localName":"S","tagName":"S","d":5632,"__children":[]}],"__children":[{"nodeName":"S","nodeValue":null,"attributes":{"t":"0","d":"24576","r":"297"},"childNodes":[],"prefix":null,"localName":"S","tagName":"S","t":0,"d":24576,"r":297,"__children":[]},{"nodeName":"S","nodeValue":null,"attributes":{"d":"5632"},"childNodes":[],"prefix":null,"localName":"S","tagName":"S","d":5632,"__children":[]}]}]},"__children":[{"nodeName":"SegmentTemplate","nodeValue":null,"attributes":{"timescale":"12288","initialization":"ll2s-init-stream$RepresentationID$.m4s","media":"ll2s-chunk-stream$RepresentationID$-$Number%05d$.m4s","startNumber":"1"},"childNodes":[{"nodeName":"SegmentTimeline","nodeValue":null,"attributes":{},"childNodes":[{"nodeName":"S","nodeValue":null,"attributes":{"t":"0","d":"24576","r":"297"},"childNodes":[],"prefix":null,"localName":"S","tagName":"S","t":0,"d":24576,"r":297,"__children":[]},{"nodeName":"S","nodeValue":null,"attributes":{"d":"5632"},"childNodes":[],"prefix":null,"localName":"S","tagName":"S","d":5632,"__children":[]}],"prefix":null,"localName":"SegmentTimeline","tagName":"SegmentTimeline","S":[{"nodeName":"S","nodeValue":null,"attributes":{"t":"0","d":"24576","r":"297"},"childNodes":[],"prefix":null,"localName":"S","tagName":"S","t":0,"d":24576,"r":297,"__children":[]},{"nodeName":"S","nodeValue":null,"attributes":{"d":"5632"},"childNodes":[],"prefix":null,"localName":"S","tagName":"S","d":5632,"__children":[]}],"__children":[{"nodeName":"S","nodeValue":null,"attributes":{"t":"0","d":"24576","r":"297"},"childNodes":[],"prefix":null,"localName":"S","tagName":"S","t":0,"d":24576,"r":297,"__children":[]},{"nodeName":"S","nodeValue":null,"attributes":{"d":"5632"},"childNodes":[],"prefix":null,"localName":"S","tagName":"S","d":5632,"__children":[]}]}],"prefix":null,"localName":"SegmentTemplate","tagName":"SegmentTemplate","timescale":12288,"initialization":"ll2s-init-stream$RepresentationID$.m4s","media":"ll2s-chunk-stream$RepresentationID$-$Number%05d$.m4s","startNumber":1,"SegmentTimeline":{"nodeName":"SegmentTimeline","nodeValue":null,"attributes":{},"childNodes":[{"nodeName":"S","nodeValue":null,"attributes":{"t":"0","d":"24576","r":"297"},"childNodes":[],"prefix":null,"localName":"S","tagName":"S","t":0,"d":24576,"r":297,"__children":[]},{"nodeName":"S","nodeValue":null,"attributes":{"d":"5632"},"childNodes":[],"prefix":null,"localName":"S","tagName":"S","d":5632,"__children":[]}],"prefix":null,"localName":"SegmentTimeline","tagName":"SegmentTimeline","S":[{"nodeName":"S","nodeValue":null,"attributes":{"t":"0","d":"24576","r":"297"},"childNodes":[],"prefix":null,"localName":"S","tagName":"S","t":0,"d":24576,"r":297,"__children":[]},{"nodeName":"S","nodeValue":null,"attributes":{"d":"5632"},"childNodes":[],"prefix":null,"localName":"S","tagName":"S","d":5632,"__children":[]}],"__children":[{"nodeName":"S","nodeValue":null,"attributes":{"t":"0","d":"24576","r":"297"},"childNodes":[],"prefix":null,"localName":"S","tagName":"S","t":0,"d":24576,"r":297,"__children":[]},{"nodeName":"S","nodeValue":null,"attributes":{"d":"5632"},"childNodes":[],"prefix":null,"localName":"S","tagName":"S","d":5632,"__children":[]}]},"__children":[{"nodeName":"SegmentTimeline","nodeValue":null,"attributes":{},"childNodes":[{"nodeName":"S","nodeValue":null,"attributes":{"t":"0","d":"24576","r":"297"},"childNodes":[],"prefix":null,"localName":"S","tagName":"S","t":0,"d":24576,"r":297,"__children":[]},{"nodeName":"S","nodeValue":null,"attributes":{"d":"5632"},"childNodes":[],"prefix":null,"localName":"S","tagName":"S","d":5632,"__children":[]}],"prefix":null,"localName":"SegmentTimeline","tagName":"SegmentTimeline","S":[{"nodeName":"S","nodeValue":null,"attributes":{"t":"0","d":"24576","r":"297"},"childNodes":[],"prefix":null,"localName":"S","tagName":"S","t":0,"d":24576,"r":297,"__children":[]},{"nodeName":"S","nodeValue":null,"attributes":{"d":"5632"},"childNodes":[],"prefix":null,"localName":"S","tagName":"S","d":5632,"__children":[]}],"__children":[{"nodeName":"S","nodeValue":null,"attributes":{"t":"0","d":"24576","r":"297"},"childNodes":[],"prefix":null,"localName":"S","tagName":"S","t":0,"d":24576,"r":297,"__children":[]},{"nodeName":"S","nodeValue":null,"attributes":{"d":"5632"},"childNodes":[],"prefix":null,"localName":"S","tagName":"S","d":5632,"__children":[]}]}]}]},{"nodeName":"Representation","nodeValue":null,"attributes":{"id":"4","mimeType":"video/mp4","codecs":"avc1.64001f","bandwidth":"800000","width":"640","height":"360","frameRate":"24/1"},"childNodes":[{"nodeName":"SegmentTemplate","nodeValue":null,"attributes":{"timescale":"12288","initialization":"ll2s-init-stream$RepresentationID$.m4s","media":"ll2s-chunk-stream$RepresentationID$-$Number%05d$.m4s","startNumber":"1"},"childNodes":[{"nodeName":"SegmentTimeline","nodeValue":null,"attributes":{},"childNodes":[{"nodeName":"S","nodeValue":null,"attributes":{"t":"0","d":"24576","r":"297"},"childNodes":[],"prefix":null,"localName":"S","tagName":"S","t":0,"d":24576,"r":297,"__children":[]},{"nodeName":"S","nodeValue":null,"attributes":{"d":"5632"},"childNodes":[],"prefix":null,"localName":"S","tagName":"S","d":5632,"__children":[]}],"prefix":null,"localName":"SegmentTimeline","tagName":"SegmentTimeline","S":[{"nodeName":"S","nodeValue":null,"attributes":{"t":"0","d":"24576","r":"297"},"childNodes":[],"prefix":null,"localName":"S","tagName":"S","t":0,"d":24576,"r":297,"__children":[]},{"nodeName":"S","nodeValue":null,"attributes":{"d":"5632"},"childNodes":[],"prefix":null,"localName":"S","tagName":"S","d":5632,"__children":[]}],"__children":[{"nodeName":"S","nodeValue":null,"attributes":{"t":"0","d":"24576","r":"297"},"childNodes":[],"prefix":null,"localName":"S","tagName":"S","t":0,"d":24576,"r":297,"__children":[]},{"nodeName":"S","nodeValue":null,"attributes":{"d":"5632"},"childNodes":[],"prefix":null,"localName":"S","tagName":"S","d":5632,"__children":[]}]}],"prefix":null,"localName":"SegmentTemplate","tagName":"SegmentTemplate","timescale":12288,"initialization":"ll2s-init-stream$RepresentationID$.m4s","media":"ll2s-chunk-stream$RepresentationID$-$Number%05d$.m4s","startNumber":1,"SegmentTimeline":{"nodeName":"SegmentTimeline","nodeValue":null,"attributes":{},"childNodes":[{"nodeName":"S","nodeValue":null,"attributes":{"t":"0","d":"24576","r":"297"},"childNodes":[],"prefix":null,"localName":"S","tagName":"S","t":0,"d":24576,"r":297,"__children":[]},{"nodeName":"S","nodeValue":null,"attributes":{"d":"5632"},"childNodes":[],"prefix":null,"localName":"S","tagName":"S","d":5632,"__children":[]}],"prefix":null,"localName":"SegmentTimeline","tagName":"SegmentTimeline","S":[{"nodeName":"S","nodeValue":null,"attributes":{"t":"0","d":"24576","r":"297"},"childNodes":[],"prefix":null,"localName":"S","tagName":"S","t":0,"d":24576,"r":297,"__children":[]},{"nodeName":"S","nodeValue":null,"attributes":{"d":"5632"},"childNodes":[],"prefix":null,"localName":"S","tagName":"S","d":5632,"__children":[]}],"__children":[{"nodeName":"S","nodeValue":null,"attributes":{"t":"0","d":"24576","r":"297"},"childNodes":[],"prefix":null,"localName":"S","tagName":"S","t":0,"d":24576,"r":297,"__children":[]},{"nodeName":"S","nodeValue":null,"attributes":{"d":"5632"},"childNodes":[],"prefix":null,"localName":"S","tagName":"S","d":5632,"__children":[]}]},"__children":[{"nodeName":"SegmentTimeline","nodeValue":null,"attributes":{},"childNodes":[{"nodeName":"S","nodeValue":null,"attributes":{"t":"0","d":"24576","r":"297"},"childNodes":[],"prefix":null,"localName":"S","tagName":"S","t":0,"d":24576,"r":297,"__children":[]},{"nodeName":"S","nodeValue":null,"attributes":{"d":"5632"},"childNodes":[],"prefix":null,"localName":"S","tagName":"S","d":5632,"__children":[]}],"prefix":null,"localName":"SegmentTimeline","tagName":"SegmentTimeline","S":[{"nodeName":"S","nodeValue":null,"attributes":{"t":"0","d":"24576","r":"297"},"childNodes":[],"prefix":null,"localName":"S","tagName":"S","t":0,"d":24576,"r":297,"__children":[]},{"nodeName":"S","nodeValue":null,"attributes":{"d":"5632"},"childNodes":[],"prefix":null,"localName":"S","tagName":"S","d":5632,"__children":[]}],"__children":[{"nodeName":"S","nodeValue":null,"attributes":{"t":"0","d":"24576","r":"297"},"childNodes":[],"prefix":null,"localName":"S","tagName":"S","t":0,"d":24576,"r":297,"__children":[]},{"nodeName":"S","nodeValue":null,"attributes":{"d":"5632"},"childNodes":[],"prefix":null,"localName":"S","tagName":"S","d":5632,"__children":[]}]}]}],"prefix":null,"localName":"Representation","tagName":"Representation","id":"4","mimeType":"video/mp4","codecs":"avc1.64001f","bandwidth":800000,"width":640,"height":360,"frameRate":"24/1","SegmentTemplate":{"nodeName":"SegmentTemplate","nodeValue":null,"attributes":{"timescale":"12288","initialization":"ll2s-init-stream$RepresentationID$.m4s","media":"ll2s-chunk-stream$RepresentationID$-$Number%05d$.m4s","startNumber":"1"},"childNodes":[{"nodeName":"SegmentTimeline","nodeValue":null,"attributes":{},"childNodes":[{"nodeName":"S","nodeValue":null,"attributes":{"t":"0","d":"24576","r":"297"},"childNodes":[],"prefix":null,"localName":"S","tagName":"S","t":0,"d":24576,"r":297,"__children":[]},{"nodeName":"S","nodeValue":null,"attributes":{"d":"5632"},"childNodes":[],"prefix":null,"localName":"S","tagName":"S","d":5632,"__children":[]}],"prefix":null,"localName":"SegmentTimeline","tagName":"SegmentTimeline","S":[{"nodeName":"S","nodeValue":null,"attributes":{"t":"0","d":"24576","r":"297"},"childNodes":[],"prefix":null,"localName":"S","tagName":"S","t":0,"d":24576,"r":297,"__children":[]},{"nodeName":"S","nodeValue":null,"attributes":{"d":"5632"},"childNodes":[],"prefix":null,"localName":"S","tagName":"S","d":5632,"__children":[]}],"__children":[{"nodeName":"S","nodeValue":null,"attributes":{"t":"0","d":"24576","r":"297"},"childNodes":[],"prefix":null,"localName":"S","tagName":"S","t":0,"d":24576,"r":297,"__children":[]},{"nodeName":"S","nodeValue":null,"attributes":{"d":"5632"},"childNodes":[],"prefix":null,"localName":"S","tagName":"S","d":5632,"__children":[]}]}],"prefix":null,"localName":"SegmentTemplate","tagName":"SegmentTemplate","timescale":12288,"initialization":"ll2s-init-stream$RepresentationID$.m4s","media":"ll2s-chunk-stream$RepresentationID$-$Number%05d$.m4s","startNumber":1,"SegmentTimeline":{"nodeName":"SegmentTimeline","nodeValue":null,"attributes":{},"childNodes":[{"nodeName":"S","nodeValue":null,"attributes":{"t":"0","d":"24576","r":"297"},"childNodes":[],"prefix":null,"localName":"S","tagName":"S","t":0,"d":24576,"r":297,"__children":[]},{"nodeName":"S","nodeValue":null,"attributes":{"d":"5632"},"childNodes":[],"prefix":null,"localName":"S","tagName":"S","d":5632,"__children":[]}],"prefix":null,"localName":"SegmentTimeline","tagName":"SegmentTimeline","S":[{"nodeName":"S","nodeValue":null,"attributes":{"t":"0","d":"24576","r":"297"},"childNodes":[],"prefix":null,"localName":"S","tagName":"S","t":0,"d":24576,"r":297,"__children":[]},{"nodeName":"S","nodeValue":null,"attributes":{"d":"5632"},"childNodes":[],"prefix":null,"localName":"S","tagName":"S","d":5632,"__children":[]}],"__children":[{"nodeName":"S","nodeValue":null,"attributes":{"t":"0","d":"24576","r":"297"},"childNodes":[],"prefix":null,"localName":"S","tagName":"S","t":0,"d":24576,"r":297,"__children":[]},{"nodeName":"S","nodeValue":null,"attributes":{"d":"5632"},"childNodes":[],"prefix":null,"localName":"S","tagName":"S","d":5632,"__children":[]}]},"__children":[{"nodeName":"SegmentTimeline","nodeValue":null,"attributes":{},"childNodes":[{"nodeName":"S","nodeValue":null,"attributes":{"t":"0","d":"24576","r":"297"},"childNodes":[],"prefix":null,"localName":"S","tagName":"S","t":0,"d":24576,"r":297,"__children":[]},{"nodeName":"S","nodeValue":null,"attributes":{"d":"5632"},"childNodes":[],"prefix":null,"localName":"S","tagName":"S","d":5632,"__children":[]}],"prefix":null,"localName":"SegmentTimeline","tagName":"SegmentTimeline","S":[{"nodeName":"S","nodeValue":null,"attributes":{"t":"0","d":"24576","r":"297"},"childNodes":[],"prefix":null,"localName":"S","tagName":"S","t":0,"d":24576,"r":297,"__children":[]},{"nodeName":"S","nodeValue":null,"attributes":{"d":"5632"},"childNodes":[],"prefix":null,"localName":"S","tagName":"S","d":5632,"__children":[]}],"__children":[{"nodeName":"S","nodeValue":null,"attributes":{"t":"0","d":"24576","r":"297"},"childNodes":[],"prefix":null,"localName":"S","tagName":"S","t":0,"d":24576,"r":297,"__children":[]},{"nodeName":"S","nodeValue":null,"attributes":{"d":"5632"},"childNodes":[],"prefix":null,"localName":"S","tagName":"S","d":5632,"__children":[]}]}]},"__children":[{"nodeName":"SegmentTemplate","nodeValue":null,"attributes":{"timescale":"12288","initialization":"ll2s-init-stream$RepresentationID$.m4s","media":"ll2s-chunk-stream$RepresentationID$-$Number%05d$.m4s","startNumber":"1"},"childNodes":[{"nodeName":"SegmentTimeline","nodeValue":null,"attributes":{},"childNodes":[{"nodeName":"S","nodeValue":null,"attributes":{"t":"0","d":"24576","r":"297"},"childNodes":[],"prefix":null,"localName":"S","tagName":"S","t":0,"d":24576,"r":297,"__children":[]},{"nodeName":"S","nodeValue":null,"attributes":{"d":"5632"},"childNodes":[],"prefix":null,"localName":"S","tagName":"S","d":5632,"__children":[]}],"prefix":null,"localName":"SegmentTimeline","tagName":"SegmentTimeline","S":[{"nodeName":"S","nodeValue":null,"attributes":{"t":"0","d":"24576","r":"297"},"childNodes":[],"prefix":null,"localName":"S","tagName":"S","t":0,"d":24576,"r":297,"__children":[]},{"nodeName":"S","nodeValue":null,"attributes":{"d":"5632"},"childNodes":[],"prefix":null,"localName":"S","tagName":"S","d":5632,"__children":[]}],"__children":[{"nodeName":"S","nodeValue":null,"attributes":{"t":"0","d":"24576","r":"297"},"childNodes":[],"prefix":null,"localName":"S","tagName":"S","t":0,"d":24576,"r":297,"__children":[]},{"nodeName":"S","nodeValue":null,"attributes":{"d":"5632"},"childNodes":[],"prefix":null,"localName":"S","tagName":"S","d":5632,"__children":[]}]}],"prefix":null,"localName":"SegmentTemplate","tagName":"SegmentTemplate","timescale":12288,"initialization":"ll2s-init-stream$RepresentationID$.m4s","media":"ll2s-chunk-stream$RepresentationID$-$Number%05d$.m4s","startNumber":1,"SegmentTimeline":{"nodeName":"SegmentTimeline","nodeValue":null,"attributes":{},"childNodes":[{"nodeName":"S","nodeValue":null,"attributes":{"t":"0","d":"24576","r":"297"},"childNodes":[],"prefix":null,"localName":"S","tagName":"S","t":0,"d":24576,"r":297,"__children":[]},{"nodeName":"S","nodeValue":null,"attributes":{"d":"5632"},"childNodes":[],"prefix":null,"localName":"S","tagName":"S","d":5632,"__children":[]}],"prefix":null,"localName":"SegmentTimeline","tagName":"SegmentTimeline","S":[{"nodeName":"S","nodeValue":null,"attributes":{"t":"0","d":"24576","r":"297"},"childNodes":[],"prefix":null,"localName":"S","tagName":"S","t":0,"d":24576,"r":297,"__children":[]},{"nodeName":"S","nodeValue":null,"attributes":{"d":"5632"},"childNodes":[],"prefix":null,"localName":"S","tagName":"S","d":5632,"__children":[]}],"__children":[{"nodeName":"S","nodeValue":null,"attributes":{"t":"0","d":"24576","r":"297"},"childNodes":[],"prefix":null,"localName":"S","tagName":"S","t":0,"d":24576,"r":297,"__children":[]},{"nodeName":"S","nodeValue":null,"attributes":{"d":"5632"},"childNodes":[],"prefix":null,"localName":"S","tagName":"S","d":5632,"__children":[]}]},"__children":[{"nodeName":"SegmentTimeline","nodeValue":null,"attributes":{},"childNodes":[{"nodeName":"S","nodeValue":null,"attributes":{"t":"0","d":"24576","r":"297"},"childNodes":[],"prefix":null,"localName":"S","tagName":"S","t":0,"d":24576,"r":297,"__children":[]},{"nodeName":"S","nodeValue":null,"attributes":{"d":"5632"},"childNodes":[],"prefix":null,"localName":"S","tagName":"S","d":5632,"__children":[]}],"prefix":null,"localName":"SegmentTimeline","tagName":"SegmentTimeline","S":[{"nodeName":"S","nodeValue":null,"attributes":{"t":"0","d":"24576","r":"297"},"childNodes":[],"prefix":null,"localName":"S","tagName":"S","t":0,"d":24576,"r":297,"__children":[]},{"nodeName":"S","nodeValue":null,"attributes":{"d":"5632"},"childNodes":[],"prefix":null,"localName":"S","tagName":"S","d":5632,"__children":[]}],"__children":[{"nodeName":"S","nodeValue":null,"attributes":{"t":"0","d":"24576","r":"297"},"childNodes":[],"prefix":null,"localName":"S","tagName":"S","t":0,"d":24576,"r":297,"__children":[]},{"nodeName":"S","nodeValue":null,"attributes":{"d":"5632"},"childNodes":[],"prefix":null,"localName":"S","tagName":"S","d":5632,"__children":[]}]}]}]},{"nodeName":"Representation","nodeValue":null,"attributes":{"id":"5","mimeType":"video/mp4","codecs":"avc1.64001f","bandwidth":"1200000","width":"640","height":"360","frameRate":"24/1"},"childNodes":[{"nodeName":"SegmentTemplate","nodeValue":null,"attributes":{"timescale":"12288","initialization":"ll2s-init-stream$RepresentationID$.m4s","media":"ll2s-chunk-stream$RepresentationID$-$Number%05d$.m4s","startNumber":"1"},"childNodes":[{"nodeName":"SegmentTimeline","nodeValue":null,"attributes":{},"childNodes":[{"nodeName":"S","nodeValue":null,"attributes":{"t":"0","d":"24576","r":"297"},"childNodes":[],"prefix":null,"localName":"S","tagName":"S","t":0,"d":24576,"r":297,"__children":[]},{"nodeName":"S","nodeValue":null,"attributes":{"d":"5632"},"childNodes":[],"prefix":null,"localName":"S","tagName":"S","d":5632,"__children":[]}],"prefix":null,"localName":"SegmentTimeline","tagName":"SegmentTimeline","S":[{"nodeName":"S","nodeValue":null,"attributes":{"t":"0","d":"24576","r":"297"},"childNodes":[],"prefix":null,"localName":"S","tagName":"S","t":0,"d":24576,"r":297,"__children":[]},{"nodeName":"S","nodeValue":null,"attributes":{"d":"5632"},"childNodes":[],"prefix":null,"localName":"S","tagName":"S","d":5632,"__children":[]}],"__children":[{"nodeName":"S","nodeValue":null,"attributes":{"t":"0","d":"24576","r":"297"},"childNodes":[],"prefix":null,"localName":"S","tagName":"S","t":0,"d":24576,"r":297,"__children":[]},{"nodeName":"S","nodeValue":null,"attributes":{"d":"5632"},"childNodes":[],"prefix":null,"localName":"S","tagName":"S","d":5632,"__children":[]}]}],"prefix":null,"localName":"SegmentTemplate","tagName":"SegmentTemplate","timescale":12288,"initialization":"ll2s-init-stream$RepresentationID$.m4s","media":"ll2s-chunk-stream$RepresentationID$-$Number%05d$.m4s","startNumber":1,"SegmentTimeline":{"nodeName":"SegmentTimeline","nodeVa   t=112s | buffer: 0.1s | bitrate: 200 kbps | tp: 2 kbps | trace_bw: 2 kbps

======================================================================
  BENCHMARK RESULTS (LLDASH-GPAC / dash.js / BOLA)
======================================================================

  [TIMING]
      Startup delay:     1,669 ms
      Playback time:     21.9 s

  [BITRATE]
      Average (selected):  333 kbps
      Average (effective): 60 kbps
      Min / Max:           100 / 800 kbps
      Median:              200 kbps
      Std deviation:       268.7 kbps
      Variance:            72,222.2
      25th/75th %ile:      100 / 600 kbps

  [SWITCHES]
      Total count:       5
      Up / Down:         4 / 1
      Avg magnitude:     300 kbps

  [REBUFFERING]
      Events:            4
      Total time:        99,771 ms
      Ratio:             82.0035%
      Frequency:         10.961 per minute
      Avg duration:      1,544 ms
      Max duration:      2,454 ms

  [THROUGHPUT]
      Average:           3,036 kbps
      Median:            0 kbps
      Min / Max:         0 / 60,855 kbps
      Std deviation:     10,833.8 kbps

  [AVAILABLE BW (trace)]
      Average:           3,036 kbps
      Min / Max:         0 / 60,855 kbps

  [BUFFER]
      Average level:     0.8 s
      Min / Max:         0.1 / 7.6 s

  [UTILIZATION]
      Bandwidth:         0.0%

======================================================================

[SAVED] results/results/run_all_20260525_151403/lldash-gpac_5g-ireland/benchmark_lldash-gpac_netflix_driving_animated-rickandmorty_B_2019_11_21_09_03_55_tc_20260525_201308.json

──────────────────────────────────────────────────────────────────────
  [54/83] netflix_driving_animated-rickandmorty_B_2019_11_21_09_44_52_tc.csv
──────────────────────────────────────────────────────────────────────
[TRACE] netflix_driving_animated-rickandmorty_B_2019_11_21_09_44_52_tc.csv
[LLDASH-GPAC] Trace file ready; gpac_server uses in-process bandwidth pacing.

======================================================================
  LLDASH-GPAC Streaming QoE Benchmark (dash.js / BOLA)
======================================================================
  Server: http://localhost:8082/player.html?mpd=http://localhost:8082/manifest.mpd
======================================================================

[TRACE] Loaded 1084 entries with bandwidth
[BROWSER] Launching headless Chromium...
[BROWSER] Waiting for playback to start...
   Startup delay: 6479ms

[PLAYBACK] Collecting metrics...
   t=10s | buffer: 3.8s | bitrate: 100 kbps | tp: 0 kbps | trace_bw: 0 kbps
   t=20s | buffer: 1.6s | bitrate: 100 kbps | tp: 10923 kbps | trace_bw: 10923 kbps
   t=31s | buffer: 0.1s | bitrate: 100 kbps | tp: 2 kbps | trace_bw: 2 kbps
   t=41s | buffer: 0.1s | bitrate: 100 kbps | tp: 0 kbps | trace_bw: 0 kbps
   t=51s | buffer: 0.1s | bitrate: 100 kbps | tp: 0 kbps | trace_bw: 0 kbps
   t=61s | buffer: 0.1s | bitrate: 100 kbps | tp: 0 kbps | trace_bw: 0 kbps
   t=71s | buffer: 0.5s | bitrate: 100 kbps | tp: 280 kbps | trace_bw: 280 kbps
   t=82s | buffer: 4.3s | bitrate: 100 kbps | tp: 10392 kbps | trace_bw: 10392 kbps
   t=92s | buffer: 0.1s | bitrate: 100 kbps | tp: 2 kbps | trace_bw: 2 kbps
   t=102s | buffer: 0.1s | bitrate: 100 kbps | tp: 0 kbps | trace_bw: 0 kbps
   t=112s | buffer: 0.1s | bitrate: 100 kbps | tp: 0 kbps | trace_bw: 0 kbps

======================================================================
  BENCHMARK RESULTS (LLDASH-GPAC / dash.js / BOLA)
======================================================================

  [TIMING]
      Startup delay:     6,479 ms
      Playback time:     43.9 s

  [BITRATE]
      Average (selected):  100 kbps
      Average (effective): 35 kbps
      Min / Max:           100 / 100 kbps
      Median:              100 kbps
      Std deviation:       0.0 kbps
      Variance:            0.0
      25th/75th %ile:      100 / 100 kbps

  [SWITCHES]
      Total count:       0
      Up / Down:         0 / 0
      Avg magnitude:     0 kbps

  [REBUFFERING]
      Events:            6
      Total time:        82,921 ms
      Ratio:             65.3886%
      Frequency:         8.202 per minute
      Avg duration:      9,635 ms
      Max duration:      41,823 ms

  [THROUGHPUT]
      Average:           1,757 kbps
      Median:            0 kbps
      Min / Max:         0 / 31,587 kbps
      Std deviation:     6,095.8 kbps

  [AVAILABLE BW (trace)]
      Average:           1,757 kbps
      Min / Max:         0 / 31,587 kbps

  [BUFFER]
      Average level:     1.4 s
      Min / Max:         0.1 / 7.9 s

  [UTILIZATION]
      Bandwidth:         0.0%

======================================================================

[SAVED] results/results/run_all_20260525_151403/lldash-gpac_5g-ireland/benchmark_lldash-gpac_netflix_driving_animated-rickandmorty_B_2019_11_21_09_44_52_tc_20260525_201513.json

──────────────────────────────────────────────────────────────────────
  [55/83] netflix_driving_animated-rickandmorty_B_2019_11_21_10_20_17_tc.csv
──────────────────────────────────────────────────────────────────────
[TRACE] netflix_driving_animated-rickandmorty_B_2019_11_21_10_20_17_tc.csv
[LLDASH-GPAC] Trace file ready; gpac_server uses in-process bandwidth pacing.

======================================================================
  LLDASH-GPAC Streaming QoE Benchmark (dash.js / BOLA)
======================================================================
  Server: http://localhost:8082/player.html?mpd=http://localhost:8082/manifest.mpd
======================================================================

[TRACE] Loaded 268 entries with bandwidth
[BROWSER] Launching headless Chromium...
[BROWSER] Waiting for playback to start...
   Startup delay: 21177ms

[PLAYBACK] Collecting metrics...
   t=10s | buffer: 2.0s | bitrate: 100 kbps | tp: 15808 kbps | trace_bw: 15808 kbps
   t=20s | buffer: 0.1s | bitrate: 100 kbps | tp: 7628 kbps | trace_bw: 7628 kbps
   t=31s | buffer: 0.1s | bitrate: 100 kbps | tp: 7082 kbps | trace_bw: 7082 kbps
   t=41s | buffer: 0.1s | bitrate: 100 kbps | tp: 0 kbps | trace_bw: 0 kbps
   t=51s | buffer: 0.1s | bitrate: 100 kbps | tp: 0 kbps | trace_bw: 0 kbps
   t=61s | buffer: 0.1s | bitrate: 100 kbps | tp: 0 kbps | trace_bw: 0 kbps
   t=72s | buffer: 0.1s | bitrate: 100 kbps | tp: 18 kbps | trace_bw: 18 kbps
   t=82s | buffer: 0.1s | bitrate: 100 kbps | tp: 11148 kbps | trace_bw: 11148 kbps
   t=92s | buffer: 0.1s | bitrate: 100 kbps | tp: 0 kbps | trace_bw: 0 kbps
   t=102s | buffer: 0.1s | bitrate: 100 kbps | tp: 0 kbps | trace_bw: 0 kbps
[BROWSER-ERROR] dash.js error {"code":27,"message":"http://localhost:8082/ll2s-chunk-stream0-00014.m4s is not available","data":{"request":{"action":"download","availabilityEndTime":null,"availabilityStartTime":"2026-05-26T03:17:26.244Z","bandwidth":100000,"bytesLoaded":null,"bytesTotal":null,"delayLoadingTime":1779765493077,"duration":2,"endDate":"2026-05-26T03:19:36.119Z","firstByteDate":"2026-05-26T03:19:16.112Z","index":13,"isPartialSegmentRequest":false,"mediaStartTime":26,"mediaType":"video","presentationStartTime":26,"representation":{"absoluteIndex":0,"adaptation":{"period":{"id":"0","index":0,"duration":596.4,"start":0,"mpd":{"availabilityEndTime":null,"availabilityStartTime":"2026-05-26T03:17:26.244Z","manifest":{"nodeName":"MPD","nodeValue":null,"attributes":{"xmlns:xsi":"http://www.w3.org/2001/XMLSchema-instance","xmlns":"urn:mpeg:dash:schema:mpd:2011","xmlns:xlink":"http://www.w3.org/1999/xlink","xsi:schemaLocation":"urn:mpeg:DASH:schema:MPD:2011 http://standards.iso.org/ittf/PubliclyAvailableStandards/MPEG-DASH_schema_files/DASH-MPD.xsd","profiles":"urn:mpeg:dash:profile:isoff-live:2011","type":"static","mediaPresentationDuration":"PT9M56.4S","minBufferTime":"PT4.0S"},"childNodes":[{"nodeName":"ProgramInformation","nodeValue":null,"attributes":{},"childNodes":[{"nodeName":"Title","nodeValue":null,"attributes":{},"childNodes":[{"nodeName":"#text","nodeValue":"Big Buck Bunny","attributes":{},"childNodes":[]}],"prefix":null,"localName":"Title","tagName":"Title","__text":"Big Buck Bunny","__children":[{"nodeName":"#text","nodeValue":"Big Buck Bunny","attributes":{},"childNodes":[]}]}],"prefix":null,"localName":"ProgramInformation","tagName":"ProgramInformation","Title":{"nodeName":"Title","nodeValue":null,"attributes":{},"childNodes":[{"nodeName":"#text","nodeValue":"Big Buck Bunny","attributes":{},"childNodes":[]}],"prefix":null,"localName":"Title","tagName":"Title","__text":"Big Buck Bunny","__children":[{"nodeName":"#text","nodeValue":"Big Buck Bunny","attributes":{},"childNodes":[]}]},"__children":[{"nodeName":"Title","nodeValue":null,"attributes":{},"childNodes":[{"nodeName":"#text","nodeValue":"Big Buck Bunny","attributes":{},"childNodes":[]}],"prefix":null,"localName":"Title","tagName":"Title","__text":"Big Buck Bunny","__children":[{"nodeName":"#text","nodeValue":"Big Buck Bunny","attributes":{},"childNodes":[]}]}]},{"nodeName":"Period","nodeValue":null,"attributes":{"id":"0","start":"PT0.0S"},"childNodes":[{"nodeName":"AdaptationSet","nodeValue":null,"attributes":{"id":"0","contentType":"video","segmentAlignment":"true","bitstreamSwitching":"false"},"childNodes":[{"nodeName":"Representation","nodeValue":null,"attributes":{"id":"0","mimeType":"video/mp4","codecs":"avc1.64001f","bandwidth":"100000","width":"256","height":"144","frameRate":"24/1"},"childNodes":[{"nodeName":"SegmentTemplate","nodeValue":null,"attributes":{"timescale":"12288","initialization":"ll2s-init-stream$RepresentationID$.m4s","media":"ll2s-chunk-stream$RepresentationID$-$Number%05d$.m4s","startNumber":"1"},"childNodes":[{"nodeName":"SegmentTimeline","nodeValue":null,"attributes":{},"childNodes":[{"nodeName":"S","nodeValue":null,"attributes":{"t":"0","d":"24576","r":"297"},"childNodes":[],"prefix":null,"localName":"S","tagName":"S","t":0,"d":24576,"r":297,"__children":[]},{"nodeName":"S","nodeValue":null,"attributes":{"d":"5632"},"childNodes":[],"prefix":null,"localName":"S","tagName":"S","d":5632,"__children":[]}],"prefix":null,"localName":"SegmentTimeline","tagName":"SegmentTimeline","S":[{"nodeName":"S","nodeValue":null,"attributes":{"t":"0","d":"24576","r":"297"},"childNodes":[],"prefix":null,"localName":"S","tagName":"S","t":0,"d":24576,"r":297,"__children":[]},{"nodeName":"S","nodeValue":null,"attributes":{"d":"5632"},"childNodes":[],"prefix":null,"localName":"S","tagName":"S","d":5632,"__children":[]}],"__children":[{"nodeName":"S","nodeValue":null,"attributes":{"t":"0","d":"24576","r":"297"},"childNodes":[],"prefix":null,"localName":"S","tagName":"S","t":0,"d":24576,"r":297,"__children":[]},{"nodeName":"S","nodeValue":null,"attributes":{"d":"5632"},"childNodes":[],"prefix":null,"localName":"S","tagName":"S","d":5632,"__children":[]}]}],"prefix":null,"localName":"SegmentTemplate","tagName":"SegmentTemplate","timescale":12288,"initialization":"ll2s-init-stream$RepresentationID$.m4s","media":"ll2s-chunk-stream$RepresentationID$-$Number%05d$.m4s","startNumber":1,"SegmentTimeline":{"nodeName":"SegmentTimeline","nodeValue":null,"attributes":{},"childNodes":[{"nodeName":"S","nodeValue":null,"attributes":{"t":"0","d":"24576","r":"297"},"childNodes":[],"prefix":null,"localName":"S","tagName":"S","t":0,"d":24576,"r":297,"__children":[]},{"nodeName":"S","nodeValue":null,"attributes":{"d":"5632"},"childNodes":[],"prefix":null,"localName":"S","tagName":"S","d":5632,"__children":[]}],"prefix":null,"localName":"SegmentTimeline","tagName":"SegmentTimeline","S":[{"nodeName":"S","nodeValue":null,"attributes":{"t":"0","d":"24576","r":"297"},"childNodes":[],"prefix":null,"localName":"S","tagName":"S","t":0,"d":24576,"r":297,"__children":[]},{"nodeName":"S","nodeValue":null,"attributes":{"d":"5632"},"childNodes":[],"prefix":null,"localName":"S","tagName":"S","d":5632,"__children":[]}],"__children":[{"nodeName":"S","nodeValue":null,"attributes":{"t":"0","d":"24576","r":"297"},"childNodes":[],"prefix":null,"localName":"S","tagName":"S","t":0,"d":24576,"r":297,"__children":[]},{"nodeName":"S","nodeValue":null,"attributes":{"d":"5632"},"childNodes":[],"prefix":null,"localName":"S","tagName":"S","d":5632,"__children":[]}]},"__children":[{"nodeName":"SegmentTimeline","nodeValue":null,"attributes":{},"childNodes":[{"nodeName":"S","nodeValue":null,"attributes":{"t":"0","d":"24576","r":"297"},"childNodes":[],"prefix":null,"localName":"S","tagName":"S","t":0,"d":24576,"r":297,"__children":[]},{"nodeName":"S","nodeValue":null,"attributes":{"d":"5632"},"childNodes":[],"prefix":null,"localName":"S","tagName":"S","d":5632,"__children":[]}],"prefix":null,"localName":"SegmentTimeline","tagName":"SegmentTimeline","S":[{"nodeName":"S","nodeValue":null,"attributes":{"t":"0","d":"24576","r":"297"},"childNodes":[],"prefix":null,"localName":"S","tagName":"S","t":0,"d":24576,"r":297,"__children":[]},{"nodeName":"S","nodeValue":null,"attributes":{"d":"5632"},"childNodes":[],"prefix":null,"localName":"S","tagName":"S","d":5632,"__children":[]}],"__children":[{"nodeName":"S","nodeValue":null,"attributes":{"t":"0","d":"24576","r":"297"},"childNodes":[],"prefix":null,"localName":"S","tagName":"S","t":0,"d":24576,"r":297,"__children":[]},{"nodeName":"S","nodeValue":null,"attributes":{"d":"5632"},"childNodes":[],"prefix":null,"localName":"S","tagName":"S","d":5632,"__children":[]}]}]}],"prefix":null,"localName":"Representation","tagName":"Representation","id":"0","mimeType":"video/mp4","codecs":"avc1.64001f","bandwidth":100000,"width":256,"height":144,"frameRate":"24/1","SegmentTemplate":{"nodeName":"SegmentTemplate","nodeValue":null,"attributes":{"timescale":"12288","initialization":"ll2s-init-stream$RepresentationID$.m4s","media":"ll2s-chunk-stream$RepresentationID$-$Number%05d$.m4s","startNumber":"1"},"childNodes":[{"nodeName":"SegmentTimeline","nodeValue":null,"attributes":{},"childNodes":[{"nodeName":"S","nodeValue":null,"attributes":{"t":"0","d":"24576","r":"297"},"childNodes":[],"prefix":null,"localName":"S","tagName":"S","t":0,"d":24576,"r":297,"__children":[]},{"nodeName":"S","nodeValue":null,"attributes":{"d":"5632"},"childNodes":[],"prefix":null,"localName":"S","tagName":"S","d":5632,"__children":[]}],"prefix":null,"localName":"SegmentTimeline","tagName":"SegmentTimeline","S":[{"nodeName":"S","nodeValue":null,"attributes":{"t":"0","d":"24576","r":"297"},"childNodes":[],"prefix":null,"localName":"S","tagName":"S","t":0,"d":24576,"r":297,"__children":[]},{"nodeName":"S","nodeValue":null,"attributes":{"d":"5632"},"childNodes":[],"prefix":null,"localName":"S","tagName":"S","d":5632,"__children":[]}],"__children":[{"nodeName":"S","nodeValue":null,"attributes":{"t":"0","d":"24576","r":"297"},"childNodes":[],"prefix":null,"localName":"S","tagName":"S","t":0,"d":24576,"r":297,"__children":[]},{"nodeName":"S","nodeValue":null,"attributes":{"d":"5632"},"childNodes":[],"prefix":null,"localName":"S","tagName":"S","d":5632,"__children":[]}]}],"prefix":null,"localName":"SegmentTemplate","tagName":"SegmentTemplate","timescale":12288,"initialization":"ll2s-init-stream$RepresentationID$.m4s","media":"ll2s-chunk-stream$RepresentationID$-$Number%05d$.m4s","startNumber":1,"SegmentTimeline":{"nodeName":"SegmentTimeline","nodeValue":null,"attributes":{},"childNodes":[{"nodeName":"S","nodeValue":null,"attributes":{"t":"0","d":"24576","r":"297"},"childNodes":[],"prefix":null,"localName":"S","tagName":"S","t":0,"d":24576,"r":297,"__children":[]},{"nodeName":"S","nodeValue":null,"attributes":{"d":"5632"},"childNodes":[],"prefix":null,"localName":"S","tagName":"S","d":5632,"__children":[]}],"prefix":null,"localName":"SegmentTimeline","tagName":"SegmentTimeline","S":[{"nodeName":"S","nodeValue":null,"attributes":{"t":"0","d":"24576","r":"297"},"childNodes":[],"prefix":null,"localName":"S","tagName":"S","t":0,"d":24576,"r":297,"__children":[]},{"nodeName":"S","nodeValue":null,"attributes":{"d":"5632"},"childNodes":[],"prefix":null,"localName":"S","tagName":"S","d":5632,"__children":[]}],"__children":[{"nodeName":"S","nodeValue":null,"attributes":{"t":"0","d":"24576","r":"297"},"childNodes":[],"prefix":null,"localName":"S","tagName":"S","t":0,"d":24576,"r":297,"__children":[]},{"nodeName":"S","nodeValue":null,"attributes":{"d":"5632"},"childNodes":[],"prefix":null,"localName":"S","tagName":"S","d":5632,"__children":[]}]},"__children":[{"nodeName":"SegmentTimeline","nodeValue":null,"attributes":{},"childNodes":[{"nodeName":"S","nodeValue":null,"attributes":{"t":"0","d":"24576","r":"297"},"childNodes":[],"prefix":null,"localName":"S","tagName":"S","t":0,"d":24576,"r":297,"__children":[]},{"nodeName":"S","nodeValue":null,"attributes":{"d":"5632"},"childNodes":[],"prefix":null,"localName":"S","tagName":"S","d":5632,"__children":[]}],"prefix":null,"localName":"SegmentTimeline","tagName":"SegmentTimeline","S":[{"nodeName":"S","nodeValue":null,"attributes":{"t":"0","d":"24576","r":"297"},"childNodes":[],"prefix":null,"localName":"S","tagName":"S","t":0,"d":24576,"r":297,"__children":[]},{"nodeName":"S","nodeValue":null,"attributes":{"d":"5632"},"childNodes":[],"prefix":null,"localName":"S","tagName":"S","d":5632,"__children":[]}],"__children":[{"nodeName":"S","nodeValue":null,"attributes":{"t":"0","d":"24576","r":"297"},"childNodes":[],"prefix":null,"localName":"S","tagName":"S","t":0,"d":24576,"r":297,"__children":[]},{"nodeName":"S","nodeValue":null,"attributes":{"d":"5632"},"childNodes":[],"prefix":null,"localName":"S","tagName":"S","d":5632,"__children":[]}]}]},"__children":[{"nodeName":"SegmentTemplate","nodeValue":null,"attributes":{"timescale":"12288","initialization":"ll2s-init-stream$RepresentationID$.m4s","media":"ll2s-chunk-stream$RepresentationID$-$Number%05d$.m4s","startNumber":"1"},"childNodes":[{"nodeName":"SegmentTimeline","nodeValue":null,"attributes":{},"childNodes":[{"nodeName":"S","nodeValue":null,"attributes":{"t":"0","d":"24576","r":"297"},"childNodes":[],"prefix":null,"localName":"S","tagName":"S","t":0,"d":24576,"r":297,"__children":[]},{"nodeName":"S","nodeValue":null,"attributes":{"d":"5632"},"childNodes":[],"prefix":null,"localName":"S","tagName":"S","d":5632,"__children":[]}],"prefix":null,"localName":"SegmentTimeline","tagName":"SegmentTimeline","S":[{"nodeName":"S","nodeValue":null,"attributes":{"t":"0","d":"24576","r":"297"},"childNodes":[],"prefix":null,"localName":"S","tagName":"S","t":0,"d":24576,"r":297,"__children":[]},{"nodeName":"S","nodeValue":null,"attributes":{"d":"5632"},"childNodes":[],"prefix":null,"localName":"S","tagName":"S","d":5632,"__children":[]}],"__children":[{"nodeName":"S","nodeValue":null,"attributes":{"t":"0","d":"24576","r":"297"},"childNodes":[],"prefix":null,"localName":"S","tagName":"S","t":0,"d":24576,"r":297,"__children":[]},{"nodeName":"S","nodeValue":null,"attributes":{"d":"5632"},"childNodes":[],"prefix":null,"localName":"S","tagName":"S","d":5632,"__children":[]}]}],"prefix":null,"localName":"SegmentTemplate","tagName":"SegmentTemplate","timescale":12288,"initialization":"ll2s-init-stream$RepresentationID$.m4s","media":"ll2s-chunk-stream$RepresentationID$-$Number%05d$.m4s","startNumber":1,"SegmentTimeline":{"nodeName":"SegmentTimeline","nodeValue":null,"attributes":{},"childNodes":[{"nodeName":"S","nodeValue":null,"attributes":{"t":"0","d":"24576","r":"297"},"childNodes":[],"prefix":null,"localName":"S","tagName":"S","t":0,"d":24576,"r":297,"__children":[]},{"nodeName":"S","nodeValue":null,"attributes":{"d":"5632"},"childNodes":[],"prefix":null,"localName":"S","tagName":"S","d":5632,"__children":[]}],"prefix":null,"localName":"SegmentTimeline","tagName":"SegmentTimeline","S":[{"nodeName":"S","nodeValue":null,"attributes":{"t":"0","d":"24576","r":"297"},"childNodes":[],"prefix":null,"localName":"S","tagName":"S","t":0,"d":24576,"r":297,"__children":[]},{"nodeName":"S","nodeValue":null,"attributes":{"d":"5632"},"childNodes":[],"prefix":null,"localName":"S","tagName":"S","d":5632,"__children":[]}],"__children":[{"nodeName":"S","nodeValue":null,"attributes":{"t":"0","d":"24576","r":"297"},"childNodes":[],"prefix":null,"localName":"S","tagName":"S","t":0,"d":24576,"r":297,"__children":[]},{"nodeName":"S","nodeValue":null,"attributes":{"d":"5632"},"childNodes":[],"prefix":null,"localName":"S","tagName":"S","d":5632,"__children":[]}]},"__children":[{"nodeName":"SegmentTimeline","nodeValue":null,"attributes":{},"childNodes":[{"nodeName":"S","nodeValue":null,"attributes":{"t":"0","d":"24576","r":"297"},"childNodes":[],"prefix":null,"localName":"S","tagName":"S","t":0,"d":24576,"r":297,"__children":[]},{"nodeName":"S","nodeValue":null,"attributes":{"d":"5632"},"childNodes":[],"prefix":null,"localName":"S","tagName":"S","d":5632,"__children":[]}],"prefix":null,"localName":"SegmentTimeline","tagName":"SegmentTimeline","S":[{"nodeName":"S","nodeValue":null,"attributes":{"t":"0","d":"24576","r":"297"},"childNodes":[],"prefix":null,"localName":"S","tagName":"S","t":0,"d":24576,"r":297,"__children":[]},{"nodeName":"S","nodeValue":null,"attributes":{"d":"5632"},"childNodes":[],"prefix":null,"localName":"S","tagName":"S","d":5632,"__children":[]}],"__children":[{"nodeName":"S","nodeValue":null,"attributes":{"t":"0","d":"24576","r":"297"},"childNodes":[],"prefix":null,"localName":"S","tagName":"S","t":0,"d":24576,"r":297,"__children":[]},{"nodeName":"S","nodeValue":null,"attributes":{"d":"5632"},"childNodes":[],"prefix":null,"localName":"S","tagName":"S","d":5632,"__children":[]}]}]}]},{"nodeName":"Representation","nodeValue":null,"attributes":{"id":"1","mimeType":"video/mp4","codecs":"avc1.64001f","bandwidth":"200000","width":"320","height":"180","frameRate":"24/1"},"childNodes":[{"nodeName":"SegmentTemplate","nodeValue":null,"attributes":{"timescale":"12288","initialization":"ll2s-init-stream$RepresentationID$.m4s","media":"ll2s-chunk-stream$RepresentationID$-$Number%05d$.m4s","startNumber":"1"},"childNodes":[{"nodeName":"SegmentTimeline","nodeValue":null,"attributes":{},"childNodes":[{"nodeName":"S","nodeValue":null,"attributes":{"t":"0","d":"24576","r":"297"},"childNodes":[],"prefix":null,"localName":"S","tagName":"S","t":0,"d":24576,"r":297,"__children":[]},{"nodeName":"S","nodeValue":null,"attributes":{"d":"5632"},"childNodes":[],"prefix":null,"localName":"S","tagName":"S","d":5632,"__children":[]}],"prefix":null,"localName":"SegmentTimeline","tagName":"SegmentTimeline","S":[{"nodeName":"S","nodeValue":null,"attributes":{"t":"0","d":"24576","r":"297"},"childNodes":[],"prefix":null,"localName":"S","tagName":"S","t":0,"d":24576,"r":297,"__children":[]},{"nodeName":"S","nodeValue":null,"attributes":{"d":"5632"},"childNodes":[],"prefix":null,"localName":"S","tagName":"S","d":5632,"__children":[]}],"__children":[{"nodeName":"S","nodeValue":null,"attributes":{"t":"0","d":"24576","r":"297"},"childNodes":[],"prefix":null,"localName":"S","tagName":"S","t":0,"d":24576,"r":297,"__children":[]},{"nodeName":"S","nodeValue":null,"attributes":{"d":"5632"},"childNodes":[],"prefix":null,"localName":"S","tagName":"S","d":5632,"__children":[]}]}],"prefix":null,"localName":"SegmentTemplate","tagName":"SegmentTemplate","timescale":12288,"initialization":"ll2s-init-stream$RepresentationID$.m4s","media":"ll2s-chunk-stream$RepresentationID$-$Number%05d$.m4s","startNumber":1,"SegmentTimeline":{"nodeName":"SegmentTimeline","nodeValue":null,"attributes":{},"childNodes":[{"nodeName":"S","nodeValue":null,"attributes":{"t":"0","d":"24576","r":"297"},"childNodes":[],"prefix":null,"localName":"S","tagName":"S","t":0,"d":24576,"r":297,"__children":[]},{"nodeName":"S","nodeValue":null,"attributes":{"d":"5632"},"childNodes":[],"prefix":null,"localName":"S","tagName":"S","d":5632,"__children":[]}],"prefix":null,"localName":"SegmentTimeline","tagName":"SegmentTimeline","S":[{"nodeName":"S","nodeValue":null,"attributes":{"t":"0","d":"24576","r":"297"},"childNodes":[],"prefix":null,"localName":"S","tagName":"S","t":0,"d":24576,"r":297,"__children":[]},{"nodeName":"S","nodeValue":null,"attributes":{"d":"5632"},"childNodes":[],"prefix":null,"localName":"S","tagName":"S","d":5632,"__children":[]}],"__children":[{"nodeName":"S","nodeValue":null,"attributes":{"t":"0","d":"24576","r":"297"},"childNodes":[],"prefix":null,"localName":"S","tagName":"S","t":0,"d":24576,"r":297,"__children":[]},{"nodeName":"S","nodeValue":null,"attributes":{"d":"5632"},"childNodes":[],"prefix":null,"localName":"S","tagName":"S","d":5632,"__children":[]}]},"__children":[{"nodeName":"SegmentTimeline","nodeValue":null,"attributes":{},"childNodes":[{"nodeName":"S","nodeValue":null,"attributes":{"t":"0","d":"24576","r":"297"},"childNodes":[],"prefix":null,"localName":"S","tagName":"S","t":0,"d":24576,"r":297,"__children":[]},{"nodeName":"S","nodeValue":null,"attributes":{"d":"5632"},"childNodes":[],"prefix":null,"localName":"S","tagName":"S","d":5632,"__children":[]}],"prefix":null,"localName":"SegmentTimeline","tagName":"SegmentTimeline","S":[{"nodeName":"S","nodeValue":null,"attributes":{"t":"0","d":"24576","r":"297"},"childNodes":[],"prefix":null,"localName":"S","tagName":"S","t":0,"d":24576,"r":297,"__children":[]},{"nodeName":"S","nodeValue":null,"attributes":{"d":"5632"},"childNodes":[],"prefix":null,"localName":"S","tagName":"S","d":5632,"__children":[]}],"__children":[{"nodeName":"S","nodeValue":null,"attributes":{"t":"0","d":"24576","r":"297"},"childNodes":[],"prefix":null,"localName":"S","tagName":"S","t":0,"d":24576,"r":297,"__children":[]},{"nodeName":"S","nodeValue":null,"attributes":{"d":"5632"},"childNodes":[],"prefix":null,"localName":"S","tagName":"S","d":5632,"__children":[]}]}]}],"prefix":null,"localName":"Representation","tagName":"Representation","id":"1","mimeType":"video/mp4","codecs":"avc1.64001f","bandwidth":200000,"width":320,"height":180,"frameRate":"24/1","SegmentTemplate":{"nodeName":"SegmentTemplate","nodeValue":null,"attributes":{"timescale":"12288","initialization":"ll2s-init-stream$RepresentationID$.m4s","media":"ll2s-chunk-stream$RepresentationID$-$Number%05d$.m4s","startNumber":"1"},"childNodes":[{"nodeName":"SegmentTimeline","nodeValue":null,"attributes":{},"childNodes":[{"nodeName":"S","nodeValue":null,"attributes":{"t":"0","d":"24576","r":"297"},"childNodes":[],"prefix":null,"localName":"S","tagName":"S","t":0,"d":24576,"r":297,"__children":[]},{"nodeName":"S","nodeValue":null,"attributes":{"d":"5632"},"childNodes":[],"prefix":null,"localName":"S","tagName":"S","d":5632,"__children":[]}],"prefix":null,"localName":"SegmentTimeline","tagName":"SegmentTimeline","S":[{"nodeName":"S","nodeValue":null,"attributes":{"t":"0","d":"24576","r":"297"},"childNodes":[],"prefix":null,"localName":"S","tagName":"S","t":0,"d":24576,"r":297,"__children":[]},{"nodeName":"S","nodeValue":null,"attributes":{"d":"5632"},"childNodes":[],"prefix":null,"localName":"S","tagName":"S","d":5632,"__children":[]}],"__children":[{"nodeName":"S","nodeValue":null,"attributes":{"t":"0","d":"24576","r":"297"},"childNodes":[],"prefix":null,"localName":"S","tagName":"S","t":0,"d":24576,"r":297,"__children":[]},{"nodeName":"S","nodeValue":null,"attributes":{"d":"5632"},"childNodes":[],"prefix":null,"localName":"S","tagName":"S","d":5632,"__children":[]}]}],"prefix":null,"localName":"SegmentTemplate","tagName":"SegmentTemplate","timescale":12288,"initialization":"ll2s-init-stream$RepresentationID$.m4s","media":"ll2s-chunk-stream$RepresentationID$-$Number%05d$.m4s","startNumber":1,"SegmentTimeline":{"nodeName":"SegmentTimeline","nodeValue":null,"attributes":{},"childNodes":[{"nodeName":"S","nodeValue":null,"attributes":{"t":"0","d":"24576","r":"297"},"childNodes":[],"prefix":null,"localName":"S","tagName":"S","t":0,"d":24576,"r":297,"__children":[]},{"nodeName":"S","nodeValue":null,"attributes":{"d":"5632"},"childNodes":[],"prefix":null,"localName":"S","tagName":"S","d":5632,"__children":[]}],"prefix":null,"localName":"SegmentTimeline","tagName":"SegmentTimeline","S":[{"nodeName":"S","nodeValue":null,"attributes":{"t":"0","d":"24576","r":"297"},"childNodes":[],"prefix":null,"localName":"S","tagName":"S","t":0,"d":24576,"r":297,"__children":[]},{"nodeName":"S","nodeValue":null,"attributes":{"d":"5632"},"childNodes":[],"prefix":null,"localName":"S","tagName":"S","d":5632,"__children":[]}],"__children":[{"nodeName":"S","nodeValue":null,"attributes":{"t":"0","d":"24576","r":"297"},"childNodes":[],"prefix":null,"localName":"S","tagName":"S","t":0,"d":24576,"r":297,"__children":[]},{"nodeName":"S","nodeValue":null,"attributes":{"d":"5632"},"childNodes":[],"prefix":null,"localName":"S","tagName":"S","d":5632,"__children":[]}]},"__children":[{"nodeName":"SegmentTimeline","nodeValue":null,"attributes":{},"childNodes":[{"nodeName":"S","nodeValue":null,"attributes":{"t":"0","d":"24576","r":"297"},"childNodes":[],"prefix":null,"localName":"S","tagName":"S","t":0,"d":24576,"r":297,"__children":[]},{"nodeName":"S","nodeValue":null,"attributes":{"d":"5632"},"childNodes":[],"prefix":null,"localName":"S","tagName":"S","d":5632,"__children":[]}],"prefix":null,"localName":"SegmentTimeline","tagName":"SegmentTimeline","S":[{"nodeName":"S","nodeValue":null,"attributes":{"t":"0","d":"24576","r":"297"},"childNodes":[],"prefix":null,"localName":"S","tagName":"S","t":0,"d":24576,"r":297,"__children":[]},{"nodeName":"S","nodeValue":null,"attributes":{"d":"5632"},"childNodes":[],"prefix":null,"localName":"S","tagName":"S","d":5632,"__children":[]}],"__children":[{"nodeName":"S","nodeValue":null,"attributes":{"t":"0","d":"24576","r":"297"},"childNodes":[],"prefix":null,"localName":"S","tagName":"S","t":0,"d":24576,"r":297,"__children":[]},{"nodeName":"S","nodeValue":null,"attributes":{"d":"5632"},"childNodes":[],"prefix":null,"localName":"S","tagName":"S","d":5632,"__children":[]}]}]},"__children":[{"nodeName":"SegmentTemplate","nodeValue":null,"attributes":{"timescale":"12288","initialization":"ll2s-init-stream$RepresentationID$.m4s","media":"ll2s-chunk-stream$RepresentationID$-$Number%05d$.m4s","startNumber":"1"},"childNodes":[{"nodeName":"SegmentTimeline","nodeValue":null,"attributes":{},"childNodes":[{"nodeName":"S","nodeValue":null,"attributes":{"t":"0","d":"24576","r":"297"},"childNodes":[],"prefix":null,"localName":"S","tagName":"S","t":0,"d":24576,"r":297,"__children":[]},{"nodeName":"S","nodeValue":null,"attributes":{"d":"5632"},"childNodes":[],"prefix":null,"localName":"S","tagName":"S","d":5632,"__children":[]}],"prefix":null,"localName":"SegmentTimeline","tagName":"SegmentTimeline","S":[{"nodeName":"S","nodeValue":null,"attributes":{"t":"0","d":"24576","r":"297"},"childNodes":[],"prefix":null,"localName":"S","tagName":"S","t":0,"d":24576,"r":297,"__children":[]},{"nodeName":"S","nodeValue":null,"attributes":{"d":"5632"},"childNodes":[],"prefix":null,"localName":"S","tagName":"S","d":5632,"__children":[]}],"__children":[{"nodeName":"S","nodeValue":null,"attributes":{"t":"0","d":"24576","r":"297"},"childNodes":[],"prefix":null,"localName":"S","tagName":"S","t":0,"d":24576,"r":297,"__children":[]},{"nodeName":"S","nodeValue":null,"attributes":{"d":"5632"},"childNodes":[],"prefix":null,"localName":"S","tagName":"S","d":5632,"__children":[]}]}],"prefix":null,"localName":"SegmentTemplate","tagName":"SegmentTemplate","timescale":12288,"initialization":"ll2s-init-stream$RepresentationID$.m4s","media":"ll2s-chunk-stream$RepresentationID$-$Number%05d$.m4s","startNumber":1,"SegmentTimeline":{"nodeName":"SegmentTimeline","nodeValue":null,"attributes":{},"childNodes":[{"nodeName":"S","nodeValue":null,"attributes":{"t":"0","d":"24576","r":"297"},"childNodes":[],"prefix":null,"localName":"S","tagName":"S","t":0,"d":24576,"r":297,"__children":[]},{"nodeName":"S","nodeValue":null,"attributes":{"d":"5632"},"childNodes":[],"prefix":null,"localName":"S","tagName":"S","d":5632,"__children":[]}],"prefix":null,"localName":"SegmentTimeline","tagName":"SegmentTimeline","S":[{"nodeName":"S","nodeValue":null,"attributes":{"t":"0","d":"24576","r":"297"},"childNodes":[],"prefix":null,"localName":"S","tagName":"S","t":0,"d":24576,"r":297,"__children":[]},{"nodeName":"S","nodeValue":null,"attributes":{"d":"5632"},"childNodes":[],"prefix":null,"localName":"S","tagName":"S","d":5632,"__children":[]}],"__children":[{"nodeName":"S","nodeValue":null,"attributes":{"t":"0","d":"24576","r":"297"},"childNodes":[],"prefix":null,"localName":"S","tagName":"S","t":0,"d":24576,"r":297,"__children":[]},{"nodeName":"S","nodeValue":null,"attributes":{"d":"5632"},"childNodes":[],"prefix":null,"localName":"S","tagName":"S","d":5632,"__children":[]}]},"__children":[{"nodeName":"SegmentTimeline","nodeValue":null,"attributes":{},"childNodes":[{"nodeName":"S","nodeValue":null,"attributes":{"t":"0","d":"24576","r":"297"},"childNodes":[],"prefix":null,"localName":"S","tagName":"S","t":0,"d":24576,"r":297,"__children":[]},{"nodeName":"S","nodeValue":null,"attributes":{"d":"5632"},"childNodes":[],"prefix":null,"localName":"S","tagName":"S","d":5632,"__children":[]}],"prefix":null,"localName":"SegmentTimeline","tagName":"SegmentTimeline","S":[{"nodeName":"S","nodeValue":null,"attributes":{"t":"0","d":"24576","r":"297"},"childNodes":[],"prefix":null,"localName":"S","tagName":"S","t":0,"d":24576,"r":297,"__children":[]},{"nodeName":"S","nodeValue":null,"attributes":{"d":"5632"},"childNodes":[],"prefix":null,"localName":"S","tagName":"S","d":5632,"__children":[]}],"__children":[{"nodeName":"S","nodeValue":null,"attributes":{"t":"0","d":"24576","r":"297"},"childNodes":[],"prefix":null,"localName":"S","tagName":"S","t":0,"d":24576,"r":297,"__children":[]},{"nodeName":"S","nodeValue":null,"attributes":{"d":"5632"},"childNodes":[],"prefix":null,"localName":"S","tagName":"S","d":5632,"__children":[]}]}]}]},{"nodeName":"Representation","nodeValue":null,"attributes":{"id":"2","mimeType":"video/mp4","codecs":"avc1.64001f","bandwidth":"400000","width":"426","height":"240","frameRate":"24/1"},"childNodes":[{"nodeName":"SegmentTemplate","nodeValue":null,"attributes":{"timescale":"12288","initialization":"ll2s-init-stream$RepresentationID$.m4s","media":"ll2s-chunk-stream$RepresentationID$-$Number%05d$.m4s","startNumber":"1"},"childNodes":[{"nodeName":"SegmentTimeline","nodeValue":null,"attributes":{},"childNodes":[{"nodeName":"S","nodeValue":null,"attributes":{"t":"0","d":"24576","r":"297"},"childNodes":[],"prefix":null,"localName":"S","tagName":"S","t":0,"d":24576,"r":297,"__children":[]},{"nodeName":"S","nodeValue":null,"attributes":{"d":"5632"},"childNodes":[],"prefix":null,"localName":"S","tagName":"S","d":5632,"__children":[]}],"prefix":null,"localName":"SegmentTimeline","tagName":"SegmentTimeline","S":[{"nodeName":"S","nodeValue":null,"attributes":{"t":"0","d":"24576","r":"297"},"childNodes":[],"prefix":null,"localName":"S","tagName":"S","t":0,"d":24576,"r":297,"__children":[]},{"nodeName":"S","nodeValue":null,"attributes":{"d":"5632"},"childNodes":[],"prefix":null,"localName":"S","tagName":"S","d":5632,"__children":[]}],"__children":[{"nodeName":"S","nodeValue":null,"attributes":{"t":"0","d":"24576","r":"297"},"childNodes":[],"prefix":null,"localName":"S","tagName":"S","t":0,"d":24576,"r":297,"__children":[]},{"nodeName":"S","nodeValue":null,"attributes":{"d":"5632"},"childNodes":[],"prefix":null,"localName":"S","tagName":"S","d":5632,"__children":[]}]}],"prefix":null,"localName":"SegmentTemplate","tagName":"SegmentTemplate","timescale":12288,"initialization":"ll2s-init-stream$RepresentationID$.m4s","media":"ll2s-chunk-stream$RepresentationID$-$Number%05d$.m4s","startNumber":1,"SegmentTimeline":{"nodeName":"SegmentTimeline","nodeValue":null,"attributes":{},"childNodes":[{"nodeName":"S","nodeValue":null,"attributes":{"t":"0","d":"24576","r":"297"},"childNodes":[],"prefix":null,"localName":"S","tagName":"S","t":0,"d":24576,"r":297,"__children":[]},{"nodeName":"S","nodeValue":null,"attributes":{"d":"5632"},"childNodes":[],"prefix":null,"localName":"S","tagName":"S","d":5632,"__children":[]}],"prefix":null,"localName":"SegmentTimeline","tagName":"SegmentTimeline","S":[{"nodeName":"S","nodeValue":null,"attributes":{"t":"0","d":"24576","r":"297"},"childNodes":[],"prefix":null,"localName":"S","tagName":"S","t":0,"d":24576,"r":297,"__children":[]},{"nodeName":"S","nodeValue":null,"attributes":{"d":"5632"},"childNodes":[],"prefix":null,"localName":"S","tagName":"S","d":5632,"__children":[]}],"__children":[{"nodeName":"S","nodeValue":null,"attributes":{"t":"0","d":"24576","r":"297"},"childNodes":[],"prefix":null,"localName":"S","tagName":"S","t":0,"d":24576,"r":297,"__children":[]},{"nodeName":"S","nodeValue":null,"attributes":{"d":"5632"},"childNodes":[],"prefix":null,"localName":"S","tagName":"S","d":5632,"__children":[]}]},"__children":[{"nodeName":"SegmentTimeline","nodeValue":null,"attributes":{},"childNodes":[{"nodeName":"S","nodeValue":null,"attributes":{"t":"0","d":"24576","r":"297"},"childNodes":[],"prefix":null,"localName":"S","tagName":"S","t":0,"d":24576,"r":297,"__children":[]},{"nodeName":"S","nodeValue":null,"attributes":{"d":"5632"},"childNodes":[],"prefix":null,"localName":"S","tagName":"S","d":5632,"__children":[]}],"prefix":null,"localName":"SegmentTimeline","tagName":"SegmentTimeline","S":[{"nodeName":"S","nodeValue":null,"attributes":{"t":"0","d":"24576","r":"297"},"childNodes":[],"prefix":null,"localName":"S","tagName":"S","t":0,"d":24576,"r":297,"__children":[]},{"nodeName":"S","nodeValue":null,"attributes":{"d":"5632"},"childNodes":[],"prefix":null,"localName":"S","tagName":"S","d":5632,"__children":[]}],"__children":[{"nodeName":"S","nodeValue":null,"attributes":{"t":"0","d":"24576","r":"297"},"childNodes":[],"prefix":null,"localName":"S","tagName":"S","t":0,"d":24576,"r":297,"__children":[]},{"nodeName":"S","nodeValue":null,"attributes":{"d":"5632"},"childNodes":[],"prefix":null,"localName":"S","tagName":"S","d":5632,"__children":[]}]}]}],"prefix":null,"localName":"Representation","tagName":"Representation","id":"2","mimeType":"video/mp4","codecs":"avc1.64001f","bandwidth":400000,"width":426,"height":240,"frameRate":"24/1","SegmentTemplate":{"nodeName":"SegmentTemplate","nodeValue":null,"attributes":{"timescale":"12288","initialization":"ll2s-init-stream$RepresentationID$.m4s","media":"ll2s-chunk-stream$RepresentationID$-$Number%05d$.m4s","startNumber":"1"},"childNodes":[{"nodeName":"SegmentTimeline","nodeValue":null,"attributes":{},"childNodes":[{"nodeName":"S","nodeValue":null,"attributes":{"t":"0","d":"24576","r":"297"},"childNodes":[],"prefix":null,"localName":"S","tagName":"S","t":0,"d":24576,"r":297,"__children":[]},{"nodeName":"S","nodeValue":null,"attributes":{"d":"5632"},"childNodes":[],"prefix":null,"localName":"S","tagName":"S","d":5632,"__children":[]}],"prefix":null,"localName":"SegmentTimeline","tagName":"SegmentTimeline","S":[{"nodeName":"S","nodeValue":null,"attributes":{"t":"0","d":"24576","r":"297"},"childNodes":[],"prefix":null,"localName":"S","tagName":"S","t":0,"d":24576,"r":297,"__children":[]},{"nodeName":"S","nodeValue":null,"attributes":{"d":"5632"},"childNodes":[],"prefix":null,"localName":"S","tagName":"S","d":5632,"__children":[]}],"__children":[{"nodeName":"S","nodeValue":null,"attributes":{"t":"0","d":"24576","r":"297"},"childNodes":[],"prefix":null,"localName":"S","tagName":"S","t":0,"d":24576,"r":297,"__children":[]},{"nodeName":"S","nodeValue":null,"attributes":{"d":"5632"},"childNodes":[],"prefix":null,"localName":"S","tagName":"S","d":5632,"__children":[]}]}],"prefix":null,"localName":"SegmentTemplate","tagName":"SegmentTemplate","timescale":12288,"initialization":"ll2s-init-stream$RepresentationID$.m4s","media":"ll2s-chunk-stream$RepresentationID$-$Number%05d$.m4s","startNumber":1,"SegmentTimeline":{"nodeName":"SegmentTimeline","nodeValue":null,"attributes":{},"childNodes":[{"nodeName":"S","nodeValue":null,"attributes":{"t":"0","d":"24576","r":"297"},"childNodes":[],"prefix":null,"localName":"S","tagName":"S","t":0,"d":24576,"r":297,"__children":[]},{"nodeName":"S","nodeValue":null,"attributes":{"d":"5632"},"childNodes":[],"prefix":null,"localName":"S","tagName":"S","d":5632,"__children":[]}],"prefix":null,"localName":"SegmentTimeline","tagName":"SegmentTimeline","S":[{"nodeName":"S","nodeValue":null,"attributes":{"t":"0","d":"24576","r":"297"},"childNodes":[],"prefix":null,"localName":"S","tagName":"S","t":0,"d":24576,"r":297,"__children":[]},{"nodeName":"S","nodeValue":null,"attributes":{"d":"5632"},"childNodes":[],"prefix":null,"localName":"S","tagName":"S","d":5632,"__children":[]}],"__children":[{"nodeName":"S","nodeValue":null,"attributes":{"t":"0","d":"24576","r":"297"},"childNodes":[],"prefix":null,"localName":"S","tagName":"S","t":0,"d":24576,"r":297,"__children":[]},{"nodeName":"S","nodeValue":null,"attributes":{"d":"5632"},"childNodes":[],"prefix":null,"localName":"S","tagName":"S","d":5632,"__children":[]}]},"__children":[{"nodeName":"SegmentTimeline","nodeValue":null,"attributes":{},"childNodes":[{"nodeName":"S","nodeValue":null,"attributes":{"t":"0","d":"24576","r":"297"},"childNodes":[],"prefix":null,"localName":"S","tagName":"S","t":0,"d":24576,"r":297,"__children":[]},{"nodeName":"S","nodeValue":null,"attributes":{"d":"5632"},"childNodes":[],"prefix":null,"localName":"S","tagName":"S","d":5632,"__children":[]}],"prefix":null,"localName":"SegmentTimeline","tagName":"SegmentTimeline","S":[{"nodeName":"S","nodeValue":null,"attributes":{"t":"0","d":"24576","r":"297"},"childNodes":[],"prefix":null,"localName":"S","tagName":"S","t":0,"d":24576,"r":297,"__children":[]},{"nodeName":"S","nodeValue":null,"attributes":{"d":"5632"},"childNodes":[],"prefix":null,"localName":"S","tagName":"S","d":5632,"__children":[]}],"__children":[{"nodeName":"S","nodeValue":null,"attributes":{"t":"0","d":"24576","r":"297"},"childNodes":[],"prefix":null,"localName":"S","tagName":"S","t":0,"d":24576,"r":297,"__children":[]},{"nodeName":"S","nodeValue":null,"attributes":{"d":"5632"},"childNodes":[],"prefix":null,"localName":"S","tagName":"S","d":5632,"__children":[]}]}]},"__children":[{"nodeName":"SegmentTemplate","nodeValue":null,"attributes":{"timescale":"12288","initialization":"ll2s-init-stream$RepresentationID$.m4s","media":"ll2s-chunk-stream$RepresentationID$-$Number%05d$.m4s","startNumber":"1"},"childNodes":[{"nodeName":"SegmentTimeline","nodeValue":null,"attributes":{},"childNodes":[{"nodeName":"S","nodeValue":null,"attributes":{"t":"0","d":"24576","r":"297"},"childNodes":[],"prefix":null,"localName":"S","tagName":"S","t":0,"d":24576,"r":297,"__children":[]},{"nodeName":"S","nodeValue":null,"attributes":{"d":"5632"},"childNodes":[],"prefix":null,"localName":"S","tagName":"S","d":5632,"__children":[]}],"prefix":null,"localName":"SegmentTimeline","tagName":"SegmentTimeline","S":[{"nodeName":"S","nodeValue":null,"attributes":{"t":"0","d":"24576","r":"297"},"childNodes":[],"prefix":null,"localName":"S","tagName":"S","t":0,"d":24576,"r":297,"__children":[]},{"nodeName":"S","nodeValue":null,"attributes":{"d":"5632"},"childNodes":[],"prefix":null,"localName":"S","tagName":"S","d":5632,"__children":[]}],"__children":[{"nodeName":"S","nodeValue":null,"attributes":{"t":"0","d":"24576","r":"297"},"childNodes":[],"prefix":null,"localName":"S","tagName":"S","t":0,"d":24576,"r":297,"__children":[]},{"nodeName":"S","nodeValue":null,"attributes":{"d":"5632"},"childNodes":[],"prefix":null,"localName":"S","tagName":"S","d":5632,"__children":[]}]}],"prefix":null,"localName":"SegmentTemplate","tagName":"SegmentTemplate","timescale":12288,"initialization":"ll2s-init-stream$RepresentationID$.m4s","media":"ll2s-chunk-stream$RepresentationID$-$Number%05d$.m4s","startNumber":1,"SegmentTimeline":{"nodeName":"SegmentTimeline","nodeValue":null,"attributes":{},"childNodes":[{"nodeName":"S","nodeValue":null,"attributes":{"t":"0","d":"24576","r":"297"},"childNodes":[],"prefix":null,"localName":"S","tagName":"S","t":0,"d":24576,"r":297,"__children":[]},{"nodeName":"S","nodeValue":null,"attributes":{"d":"5632"},"childNodes":[],"prefix":null,"localName":"S","tagName":"S","d":5632,"__children":[]}],"prefix":null,"localName":"SegmentTimeline","tagName":"SegmentTimeline","S":[{"nodeName":"S","nodeValue":null,"attributes":{"t":"0","d":"24576","r":"297"},"childNodes":[],"prefix":null,"localName":"S","tagName":"S","t":0,"d":24576,"r":297,"__children":[]},{"nodeName":"S","nodeValue":null,"attributes":{"d":"5632"},"childNodes":[],"prefix":null,"localName":"S","tagName":"S","d":5632,"__children":[]}],"__children":[{"nodeName":"S","nodeValue":null,"attributes":{"t":"0","d":"24576","r":"297"},"childNodes":[],"prefix":null,"localName":"S","tagName":"S","t":0,"d":24576,"r":297,"__children":[]},{"nodeName":"S","nodeValue":null,"attributes":{"d":"5632"},"childNodes":[],"prefix":null,"localName":"S","tagName":"S","d":5632,"__children":[]}]},"__children":[{"nodeName":"SegmentTimeline","nodeValue":null,"attributes":{},"childNodes":[{"nodeName":"S","nodeValue":null,"attributes":{"t":"0","d":"24576","r":"297"},"childNodes":[],"prefix":null,"localName":"S","tagName":"S","t":0,"d":24576,"r":297,"__children":[]},{"nodeName":"S","nodeValue":null,"attributes":{"d":"5632"},"childNodes":[],"prefix":null,"localName":"S","tagName":"S","d":5632,"__children":[]}],"prefix":null,"localName":"SegmentTimeline","tagName":"SegmentTimeline","S":[{"nodeName":"S","nodeValue":null,"attributes":{"t":"0","d":"24576","r":"297"},"childNodes":[],"prefix":null,"localName":"S","tagName":"S","t":0,"d":24576,"r":297,"__children":[]},{"nodeName":"S","nodeValue":null,"attributes":{"d":"5632"},"childNodes":[],"prefix":null,"localName":"S","tagName":"S","d":5632,"__children":[]}],"__children":[{"nodeName":"S","nodeValue":null,"attributes":{"t":"0","d":"24576","r":"297"},"childNodes":[],"prefix":null,"localName":"S","tagName":"S","t":0,"d":24576,"r":297,"__children":[]},{"nodeName":"S","nodeValue":null,"attributes":{"d":"5632"},"childNodes":[],"prefix":null,"localName":"S","tagName":"S","d":5632,"__children":[]}]}]}]},{"nodeName":"Representation","nodeValue":null,"attributes":{"id":"3","mimeType":"video/mp4","codecs":"avc1.64001f","bandwidth":"600000","width":"480","height":"270","frameRate":"24/1"},"childNodes":[{"nodeName":"SegmentTemplate","nodeValue":null,"attributes":{"timescale":"12288","initialization":"ll2s-init-stream$RepresentationID$.m4s","media":"ll2s-chunk-stream$RepresentationID$-$Number%05d$.m4s","startNumber":"1"},"childNodes":[{"nodeName":"SegmentTimeline","nodeValue":null,"attributes":{},"childNodes":[{"nodeName":"S","nodeValue":null,"attributes":{"t":"0","d":"24576","r":"297"},"childNodes":[],"prefix":null,"localName":"S","tagName":"S","t":0,"d":24576,"r":297,"__children":[]},{"nodeName":"S","nodeValue":null,"attributes":{"d":"5632"},"childNodes":[],"prefix":null,"localName":"S","tagName":"S","d":5632,"__children":[]}],"prefix":null,"localName":"SegmentTimeline","tagName":"SegmentTimeline","S":[{"nodeName":"S","nodeValue":null,"attributes":{"t":"0","d":"24576","r":"297"},"childNodes":[],"prefix":null,"localName":"S","tagName":"S","t":0,"d":24576,"r":297,"__children":[]},{"nodeName":"S","nodeValue":null,"attributes":{"d":"5632"},"childNodes":[],"prefix":null,"localName":"S","tagName":"S","d":5632,"__children":[]}],"__children":[{"nodeName":"S","nodeValue":null,"attributes":{"t":"0","d":"24576","r":"297"},"childNodes":[],"prefix":null,"localName":"S","tagName":"S","t":0,"d":24576,"r":297,"__children":[]},{"nodeName":"S","nodeValue":null,"attributes":{"d":"5632"},"childNodes":[],"prefix":null,"localName":"S","tagName":"S","d":5632,"__children":[]}]}],"prefix":null,"localName":"SegmentTemplate","tagName":"SegmentTemplate","timescale":12288,"initialization":"ll2s-init-stream$RepresentationID$.m4s","media":"ll2s-chunk-stream$RepresentationID$-$Number%05d$.m4s","startNumber":1,"SegmentTimeline":{"nodeName":"SegmentTimeline","nodeValue":null,"attributes":{},"childNodes":[{"nodeName":"S","nodeValue":null,"attributes":{"t":"0","d":"24576","r":"297"},"childNodes":[],"prefix":null,"localName":"S","tagName":"S","t":0,"d":24576,"r":297,"__children":[]},{"nodeName":"S","nodeValue":null,"attributes":{"d":"5632"},"childNodes":[],"prefix":null,"localName":"S","tagName":"S","d":5632,"__children":[]}],"prefix":null,"localName":"SegmentTimeline","tagName":"SegmentTimeline","S":[{"nodeName":"S","nodeValue":null,"attributes":{"t":"0","d":"24576","r":"297"},"childNodes":[],"prefix":null,"localName":"S","tagName":"S","t":0,"d":24576,"r":297,"__children":[]},{"nodeName":"S","nodeValue":null,"attributes":{"d":"5632"},"childNodes":[],"prefix":null,"localName":"S","tagName":"S","d":5632,"__children":[]}],"__children":[{"nodeName":"S","nodeValue":null,"attributes":{"t":"0","d":"24576","r":"297"},"childNodes":[],"prefix":null,"localName":"S","tagName":"S","t":0,"d":24576,"r":297,"__children":[]},{"nodeName":"S","nodeValue":null,"attributes":{"d":"5632"},"childNodes":[],"prefix":null,"localName":"S","tagName":"S","d":5632,"__children":[]}]},"__children":[{"nodeName":"SegmentTimeline","nodeValue":null,"attributes":{},"childNodes":[{"nodeName":"S","nodeValue":null,"attributes":{"t":"0","d":"24576","r":"297"},"childNodes":[],"prefix":null,"localName":"S","tagName":"S","t":0,"d":24576,"r":297,"__children":[]},{"nodeName":"S","nodeValue":null,"attributes":{"d":"5632"},"childNodes":[],"prefix":null,"localName":"S","tagName":"S","d":5632,"__children":[]}],"prefix":null,"localName":"SegmentTimeline","tagName":"SegmentTimeline","S":[{"nodeName":"S","nodeValue":null,"attributes":{"t":"0","d":"24576","r":"297"},"childNodes":[],"prefix":null,"localName":"S","tagName":"S","t":0,"d":24576,"r":297,"__children":[]},{"nodeName":"S","nodeValue":null,"attributes":{"d":"5632"},"childNodes":[],"prefix":null,"localName":"S","tagName":"S","d":5632,"__children":[]}],"__children":[{"nodeName":"S","nodeValue":null,"attributes":{"t":"0","d":"24576","r":"297"},"childNodes":[],"prefix":null,"localName":"S","tagName":"S","t":0,"d":24576,"r":297,"__children":[]},{"nodeName":"S","nodeValue":null,"attributes":{"d":"5632"},"childNodes":[],"prefix":null,"localName":"S","tagName":"S","d":5632,"__children":[]}]}]}],"prefix":null,"localName":"Representation","tagName":"Representation","id":"3","mimeType":"video/mp4","codecs":"avc1.64001f","bandwidth":600000,"width":480,"height":270,"frameRate":"24/1","SegmentTemplate":{"nodeName":"SegmentTemplate","nodeValue":null,"attributes":{"timescale":"12288","initialization":"ll2s-init-stream$RepresentationID$.m4s","media":"ll2s-chunk-stream$RepresentationID$-$Number%05d$.m4s","startNumber":"1"},"childNodes":[{"nodeName":"SegmentTimeline","nodeValue":null,"attributes":{},"childNodes":[{"nodeName":"S","nodeValue":null,"attributes":{"t":"0","d":"24576","r":"297"},"childNodes":[],"prefix":null,"localName":"S","tagName":"S","t":0,"d":24576,"r":297,"__children":[]},{"nodeName":"S","nodeValue":null,"attributes":{"d":"5632"},"childNodes":[],"prefix":null,"localName":"S","tagName":"S","d":5632,"__children":[]}],"prefix":null,"localName":"SegmentTimeline","tagName":"SegmentTimeline","S":[{"nodeName":"S","nodeValue":null,"attributes":{"t":"0","d":"24576","r":"297"},"childNodes":[],"prefix":null,"localName":"S","tagName":"S","t":0,"d":24576,"r":297,"__children":[]},{"nodeName":"S","nodeValue":null,"attributes":{"d":"5632"},"childNodes":[],"prefix":null,"localName":"S","tagName":"S","d":5632,"__children":[]}],"__children":[{"nodeName":"S","nodeValue":null,"attributes":{"t":"0","d":"24576","r":"297"},"childNodes":[],"prefix":null,"localName":"S","tagName":"S","t":0,"d":24576,"r":297,"__children":[]},{"nodeName":"S","nodeValue":null,"attributes":{"d":"5632"},"childNodes":[],"prefix":null,"localName":"S","tagName":"S","d":5632,"__children":[]}]}],"prefix":null,"localName":"SegmentTemplate","tagName":"SegmentTemplate","timescale":12288,"initialization":"ll2s-init-stream$RepresentationID$.m4s","media":"ll2s-chunk-stream$RepresentationID$-$Number%05d$.m4s","startNumber":1,"SegmentTimeline":{"nodeName":"SegmentTimeline","nodeValue":null,"attributes":{},"childNodes":[{"nodeName":"S","nodeValue":null,"attributes":{"t":"0","d":"24576","r":"297"},"childNodes":[],"prefix":null,"localName":"S","tagName":"S","t":0,"d":24576,"r":297,"__children":[]},{"nodeName":"S","nodeValue":null,"attributes":{"d":"5632"},"childNodes":[],"prefix":null,"localName":"S","tagName":"S","d":5632,"__children":[]}],"prefix":null,"localName":"SegmentTimeline","tagName":"SegmentTimeline","S":[{"nodeName":"S","nodeValue":null,"attributes":{"t":"0","d":"24576","r":"297"},"childNodes":[],"prefix":null,"localName":"S","tagName":"S","t":0,"d":24576,"r":297,"__children":[]},{"nodeName":"S","nodeValue":null,"attributes":{"d":"5632"},"childNodes":[],"prefix":null,"localName":"S","tagName":"S","d":5632,"__children":[]}],"__children":[{"nodeName":"S","nodeValue":null,"attributes":{"t":"0","d":"24576","r":"297"},"childNodes":[],"prefix":null,"localName":"S","tagName":"S","t":0,"d":24576,"r":297,"__children":[]},{"nodeName":"S","nodeValue":null,"attributes":{"d":"5632"},"childNodes":[],"prefix":null,"localName":"S","tagName":"S","d":5632,"__children":[]}]},"__children":[{"nodeName":"SegmentTimeline","nodeValue":null,"attributes":{},"childNodes":[{"nodeName":"S","nodeValue":null,"attributes":{"t":"0","d":"24576","r":"297"},"childNodes":[],"prefix":null,"localName":"S","tagName":"S","t":0,"d":24576,"r":297,"__children":[]},{"nodeName":"S","nodeValue":null,"attributes":{"d":"5632"},"childNodes":[],"prefix":null,"localName":"S","tagName":"S","d":5632,"__children":[]}],"prefix":null,"localName":"SegmentTimeline","tagName":"SegmentTimeline","S":[{"nodeName":"S","nodeValue":null,"attributes":{"t":"0","d":"24576","r":"297"},"childNodes":[],"prefix":null,"localName":"S","tagName":"S","t":0,"d":24576,"r":297,"__children":[]},{"nodeName":"S","nodeValue":null,"attributes":{"d":"5632"},"childNodes":[],"prefix":null,"localName":"S","tagName":"S","d":5632,"__children":[]}],"__children":[{"nodeName":"S","nodeValue":null,"attributes":{"t":"0","d":"24576","r":"297"},"childNodes":[],"prefix":null,"localName":"S","tagName":"S","t":0,"d":24576,"r":297,"__children":[]},{"nodeName":"S","nodeValue":null,"attributes":{"d":"5632"},"childNodes":[],"prefix":null,"localName":"S","tagName":"S","d":5632,"__children":[]}]}]},"__children":[{"nodeName":"SegmentTemplate","nodeValue":null,"attributes":{"timescale":"12288","initialization":"ll2s-init-stream$RepresentationID$.m4s","media":"ll2s-chunk-stream$RepresentationID$-$Number%05d$.m4s","startNumber":"1"},"childNodes":[{"nodeName":"SegmentTimeline","nodeValue":null,"attributes":{},"childNodes":[{"nodeName":"S","nodeValue":null,"attributes":{"t":"0","d":"24576","r":"297"},"childNodes":[],"prefix":null,"localName":"S","tagName":"S","t":0,"d":24576,"r":297,"__children":[]},{"nodeName":"S","nodeValue":null,"attributes":{"d":"5632"},"childNodes":[],"prefix":null,"localName":"S","tagName":"S","d":5632,"__children":[]}],"prefix":null,"localName":"SegmentTimeline","tagName":"SegmentTimeline","S":[{"nodeName":"S","nodeValue":null,"attributes":{"t":"0","d":"24576","r":"297"},"childNodes":[],"prefix":null,"localName":"S","tagName":"S","t":0,"d":24576,"r":297,"__children":[]},{"nodeName":"S","nodeValue":null,"attributes":{"d":"5632"},"childNodes":[],"prefix":null,"localName":"S","tagName":"S","d":5632,"__children":[]}],"__children":[{"nodeName":"S","nodeValue":null,"attributes":{"t":"0","d":"24576","r":"297"},"childNodes":[],"prefix":null,"localName":"S","tagName":"S","t":0,"d":24576,"r":297,"__children":[]},{"nodeName":"S","nodeValue":null,"attributes":{"d":"5632"},"childNodes":[],"prefix":null,"localName":"S","tagName":"S","d":5632,"__children":[]}]}],"prefix":null,"localName":"SegmentTemplate","tagName":"SegmentTemplate","timescale":12288,"initialization":"ll2s-init-stream$RepresentationID$.m4s","media":"ll2s-chunk-stream$RepresentationID$-$Number%05d$.m4s","startNumber":1,"SegmentTimeline":{"nodeName":"SegmentTimeline","nodeValue":null,"attributes":{},"childNodes":[{"nodeName":"S","nodeValue":null,"attributes":{"t":"0","d":"24576","r":"297"},"childNodes":[],"prefix":null,"localName":"S","tagName":"S","t":0,"d":24576,"r":297,"__children":[]},{"nodeName":"S","nodeValue":null,"attributes":{"d":"5632"},"childNodes":[],"prefix":null,"localName":"S","tagName":"S","d":5632,"__children":[]}],"prefix":null,"localName":"SegmentTimeline","tagName":"SegmentTimeline","S":[{"nodeName":"S","nodeValue":null,"attributes":{"t":"0","d":"24576","r":"297"},"childNodes":[],"prefix":null,"localName":"S","tagName":"S","t":0,"d":24576,"r":297,"__children":[]},{"nodeName":"S","nodeValue":null,"attributes":{"d":"5632"},"childNodes":[],"prefix":null,"localName":"S","tagName":"S","d":5632,"__children":[]}],"__children":[{"nodeName":"S","nodeValue":null,"attributes":{"t":"0","d":"24576","r":"297"},"childNodes":[],"prefix":null,"localName":"S","tagName":"S","t":0,"d":24576,"r":297,"__children":[]},{"nodeName":"S","nodeValue":null,"attributes":{"d":"5632"},"childNodes":[],"prefix":null,"localName":"S","tagName":"S","d":5632,"__children":[]}]},"__children":[{"nodeName":"SegmentTimeline","nodeValue":null,"attributes":{},"childNodes":[{"nodeName":"S","nodeValue":null,"attributes":{"t":"0","d":"24576","r":"297"},"childNodes":[],"prefix":null,"localName":"S","tagName":"S","t":0,"d":24576,"r":297,"__children":[]},{"nodeName":"S","nodeValue":null,"attributes":{"d":"5632"},"childNodes":[],"prefix":null,"localName":"S","tagName":"S","d":5632,"__children":[]}],"prefix":null,"localName":"SegmentTimeline","tagName":"SegmentTimeline","S":[{"nodeName":"S","nodeValue":null,"attributes":{"t":"0","d":"24576","r":"297"},"childNodes":[],"prefix":null,"localName":"S","tagName":"S","t":0,"d":24576,"r":297,"__children":[]},{"nodeName":"S","nodeValue":null,"attributes":{"d":"5632"},"childNodes":[],"prefix":null,"localName":"S","tagName":"S","d":5632,"__children":[]}],"__children":[{"nodeName":"S","nodeValue":null,"attributes":{"t":"0","d":"24576","r":"297"},"childNodes":[],"prefix":null,"localName":"S","tagName":"S","t":0,"d":24576,"r":297,"__children":[]},{"nodeName":"S","nodeValue":null,"attributes":{"d":"5632"},"childNodes":[],"prefix":null,"localName":"S","tagName":"S","d":5632,"__children":[]}]}]}]},{"nodeName":"Representation","nodeValue":null,"attributes":{"id":"4","mimeType":"video/mp4","codecs":"avc1.64001f","bandwidth":"800000","width":"640","height":"360","frameRate":"24/1"},"childNodes":[{"nodeName":"SegmentTemplate","nodeValue":null,"attributes":{"timescale":"12288","initialization":"ll2s-init-stream$RepresentationID$.m4s","media":"ll2s-chunk-stream$RepresentationID$-$Number%05d$.m4s","startNumber":"1"},"childNodes":[{"nodeName":"SegmentTimeline","nodeValue":null,"attributes":{},"childNodes":[{"nodeName":"S","nodeValue":null,"attributes":{"t":"0","d":"24576","r":"297"},"childNodes":[],"prefix":null,"localName":"S","tagName":"S","t":0,"d":24576,"r":297,"__children":[]},{"nodeName":"S","nodeValue":null,"attributes":{"d":"5632"},"childNodes":[],"prefix":null,"localName":"S","tagName":"S","d":5632,"__children":[]}],"prefix":null,"localName":"SegmentTimeline","tagName":"SegmentTimeline","S":[{"nodeName":"S","nodeValue":null,"attributes":{"t":"0","d":"24576","r":"297"},"childNodes":[],"prefix":null,"localName":"S","tagName":"S","t":0,"d":24576,"r":297,"__children":[]},{"nodeName":"S","nodeValue":null,"attributes":{"d":"5632"},"childNodes":[],"prefix":null,"localName":"S","tagName":"S","d":5632,"__children":[]}],"__children":[{"nodeName":"S","nodeValue":null,"attributes":{"t":"0","d":"24576","r":"297"},"childNodes":[],"prefix":null,"localName":"S","tagName":"S","t":0,"d":24576,"r":297,"__children":[]},{"nodeName":"S","nodeValue":null,"attributes":{"d":"5632"},"childNodes":[],"prefix":null,"localName":"S","tagName":"S","d":5632,"__children":[]}]}],"prefix":null,"localName":"SegmentTemplate","tagName":"SegmentTemplate","timescale":12288,"initialization":"ll2s-init-stream$RepresentationID$.m4s","media":"ll2s-chunk-stream$RepresentationID$-$Number%05d$.m4s","startNumber":1,"SegmentTimeline":{"nodeName":"SegmentTimeline","nodeValue":null,"attributes":{},"childNodes":[{"nodeName":"S","nodeValue":null,"attributes":{"t":"0","d":"24576","r":"297"},"childNodes":[],"prefix":null,"localName":"S","tagName":"S","t":0,"d":24576,"r":297,"__children":[]},{"nodeName":"S","nodeValue":null,"attributes":{"d":"5632"},"childNodes":[],"prefix":null,"localName":"S","tagName":"S","d":5632,"__children":[]}],"prefix":null,"localName":"SegmentTimeline","tagName":"SegmentTimeline","S":[{"nodeName":"S","nodeValue":null,"attributes":{"t":"0","d":"24576","r":"297"},"childNodes":[],"prefix":null,"localName":"S","tagName":"S","t":0,"d":24576,"r":297,"__children":[]},{"nodeName":"S","nodeValue":null,"attributes":{"d":"5632"},"childNodes":[],"prefix":null,"localName":"S","tagName":"S","d":5632,"__children":[]}],"__children":[{"nodeName":"S","nodeValue":null,"attributes":{"t":"0","d":"24576","r":"297"},"childNodes":[],"prefix":null,"localName":"S","tagName":"S","t":0,"d":24576,"r":297,"__children":[]},{"nodeName":"S","nodeValue":null,"attributes":{"d":"5632"},"childNodes":[],"prefix":null,"localName":"S","tagName":"S","d":5632,"__children":[]}]},"__children":[{"nodeName":"SegmentTimeline","nodeValue":null,"attributes":{},"childNodes":[{"nodeName":"S","nodeValue":null,"attributes":{"t":"0","d":"24576","r":"297"},"childNodes":[],"prefix":null,"localName":"S","tagName":"S","t":0,"d":24576,"r":297,"__children":[]},{"nodeName":"S","nodeValue":null,"attributes":{"d":"5632"},"childNodes":[],"prefix":null,"localName":"S","tagName":"S","d":5632,"__children":[]}],"prefix":null,"localName":"SegmentTimeline","tagName":"SegmentTimeline","S":[{"nodeName":"S","nodeValue":null,"attributes":{"t":"0","d":"24576","r":"297"},"childNodes":[],"prefix":null,"localName":"S","tagName":"S","t":0,"d":24576,"r":297,"__children":[]},{"nodeName":"S","nodeValue":null,"attributes":{"d":"5632"},"childNodes":[],"prefix":null,"localName":"S","tagName":"S","d":5632,"__children":[]}],"__children":[{"nodeName":"S","nodeValue":null,"attributes":{"t":"0","d":"24576","r":"297"},"childNodes":[],"prefix":null,"localName":"S","tagName":"S","t":0,"d":24576,"r":297,"__children":[]},{"nodeName":"S","nodeValue":null,"attributes":{"d":"5632"},"childNodes":[],"prefix":null,"localName":"S","tagName":"S","d":5632,"__children":[]}]}]}],"prefix":null,"localName":"Representation","tagName":"Representation","id":"4","mimeType":"video/mp4","codecs":"avc1.64001f","bandwidth":800000,"width":640,"height":360,"frameRate":"24/1","SegmentTemplate":{"nodeName":"SegmentTemplate","nodeValue":null,"attributes":{"timescale":"12288","initialization":"ll2s-init-stream$RepresentationID$.m4s","media":"ll2s-chunk-stream$RepresentationID$-$Number%05d$.m4s","startNumber":"1"},"childNodes":[{"nodeName":"SegmentTimeline","nodeValue":null,"attributes":{},"childNodes":[{"nodeName":"S","nodeValue":null,"attributes":{"t":"0","d":"24576","r":"297"},"childNodes":[],"prefix":null,"localName":"S","tagName":"S","t":0,"d":24576,"r":297,"__children":[]},{"nodeName":"S","nodeValue":null,"attributes":{"d":"5632"},"childNodes":[],"prefix":null,"localName":"S","tagName":"S","d":5632,"__children":[]}],"prefix":null,"localName":"SegmentTimeline","tagName":"SegmentTimeline","S":[{"nodeName":"S","nodeValue":null,"attributes":{"t":"0","d":"24576","r":"297"},"childNodes":[],"prefix":null,"localName":"S","tagName":"S","t":0,"d":24576,"r":297,"__children":[]},{"nodeName":"S","nodeValue":null,"attributes":{"d":"5632"},"childNodes":[],"prefix":null,"localName":"S","tagName":"S","d":5632,"__children":[]}],"__children":[{"nodeName":"S","nodeValue":null,"attributes":{"t":"0","d":"24576","r":"297"},"childNodes":[],"prefix":null,"localName":"S","tagName":"S","t":0,"d":24576,"r":297,"__children":[]},{"nodeName":"S","nodeValue":null,"attributes":{"d":"5632"},"childNodes":[],"prefix":null,"localName":"S","tagName":"S","d":5632,"__children":[]}]}],"prefix":null,"localName":"SegmentTemplate","tagName":"SegmentTemplate","timescale":12288,"initialization":"ll2s-init-stream$RepresentationID$.m4s","media":"ll2s-chunk-stream$RepresentationID$-$Number%05d$.m4s","startNumber":1,"SegmentTimeline":{"nodeName":"SegmentTimeline","nodeValue":null,"attributes":{},"childNodes":[{"nodeName":"S","nodeValue":null,"attributes":{"t":"0","d":"24576","r":"297"},"childNodes":[],"prefix":null,"localName":"S","tagName":"S","t":0,"d":24576,"r":297,"__children":[]},{"nodeName":"S","nodeValue":null,"attributes":{"d":"5632"},"childNodes":[],"prefix":null,"localName":"S","tagName":"S","d":5632,"__children":[]}],"prefix":null,"localName":"SegmentTimeline","tagName":"SegmentTimeline","S":[{"nodeName":"S","nodeValue":null,"attributes":{"t":"0","d":"24576","r":"297"},"childNodes":[],"prefix":null,"localName":"S","tagName":"S","t":0,"d":24576,"r":297,"__children":[]},{"nodeName":"S","nodeValue":null,"attributes":{"d":"5632"},"childNodes":[],"prefix":null,"localName":"S","tagName":"S","d":5632,"__children":[]}],"__children":[{"nodeName":"S","nodeValue":null,"attributes":{"t":"0","d":"24576","r":"297"},"childNodes":[],"prefix":null,"localName":"S","tagName":"S","t":0,"d":24576,"r":297,"__children":[]},{"nodeName":"S","nodeValue":null,"attributes":{"d":"5632"},"childNodes":[],"prefix":null,"localName":"S","tagName":"S","d":5632,"__children":[]}]},"__children":[{"nodeName":"SegmentTimeline","nodeValue":null,"attributes":{},"childNodes":[{"nodeName":"S","nodeValue":null,"attributes":{"t":"0","d":"24576","r":"297"},"childNodes":[],"prefix":null,"localName":"S","tagName":"S","t":0,"d":24576,"r":297,"__children":[]},{"nodeName":"S","nodeValue":null,"attributes":{"d":"5632"},"childNodes":[],"prefix":null,"localName":"S","tagName":"S","d":5632,"__children":[]}],"prefix":null,"localName":"SegmentTimeline","tagName":"SegmentTimeline","S":[{"nodeName":"S","nodeValue":null,"attributes":{"t":"0","d":"24576","r":"297"},"childNodes":[],"prefix":null,"localName":"S","tagName":"S","t":0,"d":24576,"r":297,"__children":[]},{"nodeName":"S","nodeValue":null,"attributes":{"d":"5632"},"childNodes":[],"prefix":null,"localName":"S","tagName":"S","d":5632,"__children":[]}],"__children":[{"nodeName":"S","nodeValue":null,"attributes":{"t":"0","d":"24576","r":"297"},"childNodes":[],"prefix":null,"localName":"S","tagName":"S","t":0,"d":24576,"r":297,"__children":[]},{"nodeName":"S","nodeValue":null,"attributes":{"d":"5632"},"childNodes":[],"prefix":null,"localName":"S","tagName":"S","d":5632,"__children":[]}]}]},"__children":[{"nodeName":"SegmentTemplate","nodeValue":null,"attributes":{"timescale":"12288","initialization":"ll2s-init-stream$RepresentationID$.m4s","media":"ll2s-chunk-stream$RepresentationID$-$Number%05d$.m4s","startNumber":"1"},"childNodes":[{"nodeName":"SegmentTimeline","nodeValue":null,"attributes":{},"childNodes":[{"nodeName":"S","nodeValue":null,"attributes":{"t":"0","d":"24576","r":"297"},"childNodes":[],"prefix":null,"localName":"S","tagName":"S","t":0,"d":24576,"r":297,"__children":[]},{"nodeName":"S","nodeValue":null,"attributes":{"d":"5632"},"childNodes":[],"prefix":null,"localName":"S","tagName":"S","d":5632,"__children":[]}],"prefix":null,"localName":"SegmentTimeline","tagName":"SegmentTimeline","S":[{"nodeName":"S","nodeValue":null,"attributes":{"t":"0","d":"24576","r":"297"},"childNodes":[],"prefix":null,"localName":"S","tagName":"S","t":0,"d":24576,"r":297,"__children":[]},{"nodeName":"S","nodeValue":null,"attributes":{"d":"5632"},"childNodes":[],"prefix":null,"localName":"S","tagName":"S","d":5632,"__children":[]}],"__children":[{"nodeName":"S","nodeValue":null,"attributes":{"t":"0","d":"24576","r":"297"},"childNodes":[],"prefix":null,"localName":"S","tagName":"S","t":0,"d":24576,"r":297,"__children":[]},{"nodeName":"S","nodeValue":null,"attributes":{"d":"5632"},"childNodes":[],"prefix":null,"localName":"S","tagName":"S","d":5632,"__children":[]}]}],"prefix":null,"localName":"SegmentTemplate","tagName":"SegmentTemplate","timescale":12288,"initialization":"ll2s-init-stream$RepresentationID$.m4s","media":"ll2s-chunk-stream$RepresentationID$-$Number%05d$.m4s","startNumber":1,"SegmentTimeline":{"nodeName":"SegmentTimeline","nodeValue":null,"attributes":{},"childNodes":[{"nodeName":"S","nodeValue":null,"attributes":{"t":"0","d":"24576","r":"297"},"childNodes":[],"prefix":null,"localName":"S","tagName":"S","t":0,"d":24576,"r":297,"__children":[]},{"nodeName":"S","nodeValue":null,"attributes":{"d":"5632"},"childNodes":[],"prefix":null,"localName":"S","tagName":"S","d":5632,"__children":[]}],"prefix":null,"localName":"SegmentTimeline","tagName":"SegmentTimeline","S":[{"nodeName":"S","nodeValue":null,"attributes":{"t":"0","d":"24576","r":"297"},"childNodes":[],"prefix":null,"localName":"S","tagName":"S","t":0,"d":24576,"r":297,"__children":[]},{"nodeName":"S","nodeValue":null,"attributes":{"d":"5632"},"childNodes":[],"prefix":null,"localName":"S","tagName":"S","d":5632,"__children":[]}],"__children":[{"nodeName":"S","nodeValue":null,"attributes":{"t":"0","d":"24576","r":"297"},"childNodes":[],"prefix":null,"localName":"S","tagName":"S","t":0,"d":24576,"r":297,"__children":[]},{"nodeName":"S","nodeValue":null,"attributes":{"d":"5632"},"childNodes":[],"prefix":null,"localName":"S","tagName":"S","d":5632,"__children":[]}]},"__children":[{"nodeName":"SegmentTimeline","nodeValue":null,"attributes":{},"childNodes":[{"nodeName":"S","nodeValue":null,"attributes":{"t":"0","d":"24576","r":"297"},"childNodes":[],"prefix":null,"localName":"S","tagName":"S","t":0,"d":24576,"r":297,"__children":[]},{"nodeName":"S","nodeValue":null,"attributes":{"d":"5632"},"childNodes":[],"prefix":null,"localName":"S","tagName":"S","d":5632,"__children":[]}],"prefix":null,"localName":"SegmentTimeline","tagName":"SegmentTimeline","S":[{"nodeName":"S","nodeValue":null,"attributes":{"t":"0","d":"24576","r":"297"},"childNodes":[],"prefix":null,"localName":"S","tagName":"S","t":0,"d":24576,"r":297,"__children":[]},{"nodeName":"S","nodeValue":null,"attributes":{"d":"5632"},"childNodes":[],"prefix":null,"localName":"S","tagName":"S","d":5632,"__children":[]}],"__children":[{"nodeName":"S","nodeValue":null,"attributes":{"t":"0","d":"24576","r":"297"},"childNodes":[],"prefix":null,"localName":"S","tagName":"S","t":0,"d":24576,"r":297,"__children":[]},{"nodeName":"S","nodeValue":null,"attributes":{"d":"5632"},"childNodes":[],"prefix":null,"localName":"S","tagName":"S","d":5632,"__children":[]}]}]}]},{"nodeName":"Representation","nodeValue":null,"attributes":{"id":"5","mimeType":"video/mp4","codecs":"avc1.64001f","bandwidth":"1200000","width":"640","height":"360","frameRate":"24/1"},"childNodes":[{"nodeName":"SegmentTemplate","nodeValue":null,"attributes":{"timescale":"12288","initialization":"ll2s-init-stream$RepresentationID$.m4s","media":"ll2s-chunk-stream$RepresentationID$-$Number%05d$.m4s","startNumber":"1"},"childNodes":[{"nodeName":"SegmentTimeline","nodeValue":null,"attributes":{},"childNodes":[{"nodeName":"S","nodeValue":null,"attributes":{"t":"0","d":"24576","r":"297"},"childNodes":[],"prefix":null,"localName":"S","tagName":"S","t":0,"d":24576,"r":297,"__children":[]},{"nodeName":"S","nodeValue":null,"attributes":{"d":"5632"},"childNodes":[],"prefix":null,"localName":"S","tagName":"S","d":5632,"__children":[]}],"prefix":null,"localName":"SegmentTimeline","tagName":"SegmentTimeline","S":[{"nodeName":"S","nodeValue":null,"attributes":{"t":"0","d":"24576","r":"297"},"childNodes":[],"prefix":null,"localName":"S","tagName":"S","t":0,"d":24576,"r":297,"__children":[]},{"nodeName":"S","nodeValue":null,"attributes":{"d":"5632"},"childNodes":[],"prefix":null,"localName":"S","tagName":"S","d":5632,"__children":[]}],"__children":[{"nodeName":"S","nodeValue":null,"attributes":{"t":"0","d":"24576","r":"297"},"childNodes":[],"prefix":null,"localName":"S","tagName":"S","t":0,"d":24576,"r":297,"__children":[]},{"nodeName":"S","nodeValue":null,"attributes":{"d":"5632"},"childNodes":[],"prefix":null,"localName":"S","tagName":"S","d":5632,"__children":[]}]}],"prefix":null,"localName":"SegmentTemplate","tagName":"SegmentTemplate","timescale":12288,"initialization":"ll2s-init-stream$RepresentationID$.m4s","media":"ll2s-chunk-stream$RepresentationID$-$Number%05d$.m4s","startNumber":1,"SegmentTimeline":{"nodeName":"SegmentTimeline","nodeVa   t=112s | buffer: 0.1s | bitrate: 100 kbps | tp: 2 kbps | trace_bw: 2 kbps

======================================================================
  BENCHMARK RESULTS (LLDASH-GPAC / dash.js / BOLA)
======================================================================

  [TIMING]
      Startup delay:     21,177 ms
      Playback time:     25.9 s

  [BITRATE]
      Average (selected):  100 kbps
      Average (effective): 18 kbps
      Min / Max:           100 / 100 kbps
      Median:              100 kbps
      Std deviation:       0.0 kbps
      Variance:            0.0
      25th/75th %ile:      100 / 100 kbps

  [SWITCHES]
      Total count:       0
      Up / Down:         0 / 0
      Avg magnitude:     0 kbps

  [REBUFFERING]
      Events:            6
      Total time:        115,164 ms
      Ratio:             81.6440%
      Frequency:         13.904 per minute
      Avg duration:      4,482 ms
      Max duration:      21,032 ms

  [THROUGHPUT]
      Average:           2,453 kbps
      Median:            0 kbps
      Min / Max:         0 / 20,302 kbps
      Std deviation:     4,635.0 kbps

  [AVAILABLE BW (trace)]
      Average:           2,453 kbps
      Min / Max:         0 / 20,302 kbps

  [BUFFER]
      Average level:     0.8 s
      Min / Max:         0.1 / 7.7 s

  [UTILIZATION]
      Bandwidth:         0.0%

======================================================================

[SAVED] results/results/run_all_20260525_151403/lldash-gpac_5g-ireland/benchmark_lldash-gpac_netflix_driving_animated-rickandmorty_B_2019_11_21_10_20_17_tc_20260525_201723.json

──────────────────────────────────────────────────────────────────────
  [56/83] netflix_driving_animated-rickandmorty_B_2019_11_21_14_33_25_tc.csv
──────────────────────────────────────────────────────────────────────
[TRACE] netflix_driving_animated-rickandmorty_B_2019_11_21_14_33_25_tc.csv
[LLDASH-GPAC] Trace file ready; gpac_server uses in-process bandwidth pacing.

======================================================================
  LLDASH-GPAC Streaming QoE Benchmark (dash.js / BOLA)
======================================================================
  Server: http://localhost:8082/player.html?mpd=http://localhost:8082/manifest.mpd
======================================================================

[TRACE] Loaded 1592 entries with bandwidth
[BROWSER] Launching headless Chromium...
[BROWSER] Waiting for playback to start...
   Startup delay: 30125ms

[PLAYBACK] Collecting metrics...
   t=10s | buffer: 0.0s | bitrate: 100 kbps | tp: 10334 kbps | trace_bw: 10334 kbps
   t=20s | buffer: 0.1s | bitrate: 100 kbps | tp: 9912 kbps | trace_bw: 9912 kbps
   t=31s | buffer: 0.1s | bitrate: 100 kbps | tp: 2 kbps | trace_bw: 2 kbps
   t=41s | buffer: 0.1s | bitrate: 100 kbps | tp: 2 kbps | trace_bw: 2 kbps
   t=51s | buffer: 0.1s | bitrate: 100 kbps | tp: 0 kbps | trace_bw: 0 kbps
   t=61s | buffer: 0.1s | bitrate: 100 kbps | tp: 0 kbps | trace_bw: 0 kbps
   t=71s | buffer: 0.1s | bitrate: 100 kbps | tp: 6 kbps | trace_bw: 6 kbps
   t=82s | buffer: 0.1s | bitrate: 100 kbps | tp: 7747 kbps | trace_bw: 7747 kbps
   t=92s | buffer: 0.1s | bitrate: 100 kbps | tp: 0 kbps | trace_bw: 0 kbps
   t=102s | buffer: 5.7s | bitrate: 100 kbps | tp: 0 kbps | trace_bw: 0 kbps
   t=112s | buffer: 0.1s | bitrate: 100 kbps | tp: 0 kbps | trace_bw: 0 kbps

======================================================================
  BENCHMARK RESULTS (LLDASH-GPAC / dash.js / BOLA)
======================================================================

  [TIMING]
      Startup delay:     30,125 ms
      Playback time:     13.9 s

  [BITRATE]
      Average (selected):  100 kbps
      Average (effective): 9 kbps
      Min / Max:           100 / 100 kbps
      Median:              100 kbps
      Std deviation:       0.0 kbps
      Variance:            0.0
      25th/75th %ile:      100 / 100 kbps

  [SWITCHES]
      Total count:       0
      Up / Down:         0 / 0
      Avg magnitude:     0 kbps

  [REBUFFERING]
      Events:            4
      Total time:        136,559 ms
      Ratio:             90.7626%
      Frequency:         17.268 per minute
      Avg duration:      41,919 ms
      Max duration:      61,096 ms

  [THROUGHPUT]
      Average:           2,188 kbps
      Median:            0 kbps
      Min / Max:         0 / 29,755 kbps
      Std deviation:     5,968.2 kbps

  [AVAILABLE BW (trace)]
      Average:           2,188 kbps
      Min / Max:         0 / 29,755 kbps

  [BUFFER]
      Average level:     0.4 s
      Min / Max:         0.0 / 7.8 s

  [UTILIZATION]
      Bandwidth:         0.0%

======================================================================

[SAVED] results/results/run_all_20260525_151403/lldash-gpac_5g-ireland/benchmark_lldash-gpac_netflix_driving_animated-rickandmorty_B_2019_11_21_14_33_25_tc_20260525_201948.json

──────────────────────────────────────────────────────────────────────
  [57/83] netflix_driving_animated-rickandmorty_B_2019_11_21_15_38_35_tc.csv
──────────────────────────────────────────────────────────────────────
[TRACE] netflix_driving_animated-rickandmorty_B_2019_11_21_15_38_35_tc.csv
[LLDASH-GPAC] Trace file ready; gpac_server uses in-process bandwidth pacing.

======================================================================
  LLDASH-GPAC Streaming QoE Benchmark (dash.js / BOLA)
======================================================================
  Server: http://localhost:8082/player.html?mpd=http://localhost:8082/manifest.mpd
======================================================================

[TRACE] Loaded 1807 entries with bandwidth
[BROWSER] Launching headless Chromium...
[BROWSER] Waiting for playback to start...
   Startup delay: 1039ms

[PLAYBACK] Collecting metrics...
   t=10s | buffer: 2.6s | bitrate: 100 kbps | tp: 17088 kbps | trace_bw: 17088 kbps
   t=20s | buffer: 1.2s | bitrate: 100 kbps | tp: 0 kbps | trace_bw: 0 kbps
   t=31s | buffer: 0.1s | bitrate: 100 kbps | tp: 2 kbps | trace_bw: 2 kbps
   t=41s | buffer: 0.1s | bitrate: 100 kbps | tp: 0 kbps | trace_bw: 0 kbps
   t=51s | buffer: 0.1s | bitrate: 100 kbps | tp: 0 kbps | trace_bw: 0 kbps
   t=61s | buffer: 0.1s | bitrate: 100 kbps | tp: 0 kbps | trace_bw: 0 kbps
   t=71s | buffer: 2.5s | bitrate: 100 kbps | tp: 64 kbps | trace_bw: 64 kbps
   t=82s | buffer: 2.6s | bitrate: 100 kbps | tp: 0 kbps | trace_bw: 0 kbps
   t=92s | buffer: 0.1s | bitrate: 100 kbps | tp: 0 kbps | trace_bw: 0 kbps
   t=102s | buffer: 0.1s | bitrate: 100 kbps | tp: 0 kbps | trace_bw: 0 kbps
   t=112s | buffer: 0.1s | bitrate: 100 kbps | tp: 0 kbps | trace_bw: 0 kbps

======================================================================
  BENCHMARK RESULTS (LLDASH-GPAC / dash.js / BOLA)
======================================================================

  [TIMING]
      Startup delay:     1,039 ms
      Playback time:     41.9 s

  [BITRATE]
      Average (selected):  100 kbps
      Average (effective): 35 kbps
      Min / Max:           100 / 100 kbps
      Median:              100 kbps
      Std deviation:       0.0 kbps
      Variance:            0.0
      25th/75th %ile:      100 / 100 kbps

  [SWITCHES]
      Total count:       0
      Up / Down:         0 / 0
      Avg magnitude:     0 kbps

  [REBUFFERING]
      Events:            12
      Total time:        79,489 ms
      Ratio:             65.4953%
      Frequency:         17.193 per minute
      Avg duration:      6,109 ms
      Max duration:      40,074 ms

  [THROUGHPUT]
      Average:           2,146 kbps
      Median:            0 kbps
      Min / Max:         0 / 30,305 kbps
      Std deviation:     6,059.3 kbps

  [AVAILABLE BW (trace)]
      Average:           2,146 kbps
      Min / Max:         0 / 30,305 kbps

  [BUFFER]
      Average level:     0.8 s
      Min / Max:         0.1 / 7.6 s

  [UTILIZATION]
      Bandwidth:         0.0%

======================================================================

[SAVED] results/results/run_all_20260525_151403/lldash-gpac_5g-ireland/benchmark_lldash-gpac_netflix_driving_animated-rickandmorty_B_2019_11_21_15_38_35_tc_20260525_202222.json

──────────────────────────────────────────────────────────────────────
  [58/83] netflix_driving_animated-rickandmorty_B_2019_11_21_16_15_17_tc.csv
──────────────────────────────────────────────────────────────────────
[TRACE] netflix_driving_animated-rickandmorty_B_2019_11_21_16_15_17_tc.csv
[LLDASH-GPAC] Trace file ready; gpac_server uses in-process bandwidth pacing.

======================================================================
  LLDASH-GPAC Streaming QoE Benchmark (dash.js / BOLA)
======================================================================
  Server: http://localhost:8082/player.html?mpd=http://localhost:8082/manifest.mpd
======================================================================

[TRACE] Loaded 1358 entries with bandwidth
[BROWSER] Launching headless Chromium...
[BROWSER] Waiting for playback to start...
   Startup delay: 7760ms

[PLAYBACK] Collecting metrics...
   t=10s | buffer: 0.1s | bitrate: 100 kbps | tp: 14161 kbps | trace_bw: 14161 kbps
   t=20s | buffer: 0.1s | bitrate: 100 kbps | tp: 4998 kbps | trace_bw: 4998 kbps
   t=31s | buffer: 3.1s | bitrate: 100 kbps | tp: 3533 kbps | trace_bw: 3533 kbps
   t=41s | buffer: 0.1s | bitrate: 100 kbps | tp: 4005 kbps | trace_bw: 4005 kbps
   t=51s | buffer: 0.1s | bitrate: 100 kbps | tp: 0 kbps | trace_bw: 0 kbps
   t=61s | buffer: 0.1s | bitrate: 100 kbps | tp: 0 kbps | trace_bw: 0 kbps
   t=71s | buffer: 0.1s | bitrate: 100 kbps | tp: 4 kbps | trace_bw: 4 kbps
   t=82s | buffer: 6.8s | bitrate: 100 kbps | tp: 0 kbps | trace_bw: 0 kbps
   t=92s | buffer: 0.5s | bitrate: 100 kbps | tp: 474 kbps | trace_bw: 474 kbps
   t=102s | buffer: 0.1s | bitrate: 100 kbps | tp: 0 kbps | trace_bw: 0 kbps
   t=112s | buffer: 0.1s | bitrate: 100 kbps | tp: 0 kbps | trace_bw: 0 kbps

======================================================================
  BENCHMARK RESULTS (LLDASH-GPAC / dash.js / BOLA)
======================================================================

  [TIMING]
      Startup delay:     7,760 ms
      Playback time:     35.9 s

  [BITRATE]
      Average (selected):  100 kbps
      Average (effective): 28 kbps
      Min / Max:           100 / 100 kbps
      Median:              100 kbps
      Std deviation:       0.0 kbps
      Variance:            0.0
      25th/75th %ile:      100 / 100 kbps

  [SWITCHES]
      Total count:       0
      Up / Down:         0 / 0
      Avg magnitude:     0 kbps

  [REBUFFERING]
      Events:            6
      Total time:        92,179 ms
      Ratio:             71.9779%
      Frequency:         10.032 per minute
      Avg duration:      17,887 ms
      Max duration:      40,699 ms

  [THROUGHPUT]
      Average:           2,020 kbps
      Median:            1 kbps
      Min / Max:         0 / 15,649 kbps
      Std deviation:     3,349.6 kbps

  [AVAILABLE BW (trace)]
      Average:           2,020 kbps
      Min / Max:         0 / 15,649 kbps
      Utilisation:       0.0%

  [BUFFER]
      Average level:     1.0 s
      Min / Max:         0.1 / 7.8 s

  [UTILIZATION]
      Bandwidth:         10000.0%

======================================================================

[SAVED] results/results/run_all_20260525_151403/lldash-gpac_5g-ireland/benchmark_lldash-gpac_netflix_driving_animated-rickandmorty_B_2019_11_21_16_15_17_tc_20260525_202427.json

──────────────────────────────────────────────────────────────────────
  [59/83] netflix_driving_animated-rickandmorty_B_2019_11_22_07_30_04_tc.csv
──────────────────────────────────────────────────────────────────────
[TRACE] netflix_driving_animated-rickandmorty_B_2019_11_22_07_30_04_tc.csv
[LLDASH-GPAC] Trace file ready; gpac_server uses in-process bandwidth pacing.

======================================================================
  LLDASH-GPAC Streaming QoE Benchmark (dash.js / BOLA)
======================================================================
  Server: http://localhost:8082/player.html?mpd=http://localhost:8082/manifest.mpd
======================================================================

[TRACE] Loaded 1373 entries with bandwidth
[BROWSER] Launching headless Chromium...
[BROWSER] Waiting for playback to start...
   Startup delay: 1670ms

[PLAYBACK] Collecting metrics...
   t=10s | buffer: 0.1s | bitrate: 100 kbps | tp: 0 kbps | trace_bw: 0 kbps
   t=20s | buffer: 0.1s | bitrate: 100 kbps | tp: 24549 kbps | trace_bw: 24549 kbps
   t=31s | buffer: 0.1s | bitrate: 100 kbps | tp: 0 kbps | trace_bw: 0 kbps
   t=41s | buffer: 0.1s | bitrate: 100 kbps | tp: 0 kbps | trace_bw: 0 kbps
   t=51s | buffer: 0.1s | bitrate: 100 kbps | tp: 0 kbps | trace_bw: 0 kbps
   t=61s | buffer: 0.1s | bitrate: 100 kbps | tp: 0 kbps | trace_bw: 0 kbps
   t=71s | buffer: 0.1s | bitrate: 100 kbps | tp: 0 kbps | trace_bw: 0 kbps
   t=82s | buffer: 0.1s | bitrate: 100 kbps | tp: 1 kbps | trace_bw: 1 kbps
   t=92s | buffer: 0.1s | bitrate: 100 kbps | tp: 0 kbps | trace_bw: 0 kbps
[BROWSER-ERROR] dash.js error {"code":27,"message":"http://localhost:8082/ll2s-chunk-stream0-00005.m4s is not available","data":{"request":{"action":"download","availabilityEndTime":null,"availabilityStartTime":"2026-05-26T03:26:41.518Z","bandwidth":100000,"bytesLoaded":null,"bytesTotal":null,"delayLoadingTime":1779766014092,"duration":2,"endDate":"2026-05-26T03:28:17.116Z","firstByteDate":"2026-05-26T03:27:57.113Z","index":4,"isPartialSegmentRequest":false,"mediaStartTime":8,"mediaType":"video","presentationStartTime":8,"representation":{"absoluteIndex":0,"adaptation":{"period":{"id":"0","index":0,"duration":596.4,"start":0,"mpd":{"availabilityEndTime":null,"availabilityStartTime":"2026-05-26T03:26:41.518Z","manifest":{"nodeName":"MPD","nodeValue":null,"attributes":{"xmlns:xsi":"http://www.w3.org/2001/XMLSchema-instance","xmlns":"urn:mpeg:dash:schema:mpd:2011","xmlns:xlink":"http://www.w3.org/1999/xlink","xsi:schemaLocation":"urn:mpeg:DASH:schema:MPD:2011 http://standards.iso.org/ittf/PubliclyAvailableStandards/MPEG-DASH_schema_files/DASH-MPD.xsd","profiles":"urn:mpeg:dash:profile:isoff-live:2011","type":"static","mediaPresentationDuration":"PT9M56.4S","minBufferTime":"PT4.0S"},"childNodes":[{"nodeName":"ProgramInformation","nodeValue":null,"attributes":{},"childNodes":[{"nodeName":"Title","nodeValue":null,"attributes":{},"childNodes":[{"nodeName":"#text","nodeValue":"Big Buck Bunny","attributes":{},"childNodes":[]}],"prefix":null,"localName":"Title","tagName":"Title","__text":"Big Buck Bunny","__children":[{"nodeName":"#text","nodeValue":"Big Buck Bunny","attributes":{},"childNodes":[]}]}],"prefix":null,"localName":"ProgramInformation","tagName":"ProgramInformation","Title":{"nodeName":"Title","nodeValue":null,"attributes":{},"childNodes":[{"nodeName":"#text","nodeValue":"Big Buck Bunny","attributes":{},"childNodes":[]}],"prefix":null,"localName":"Title","tagName":"Title","__text":"Big Buck Bunny","__children":[{"nodeName":"#text","nodeValue":"Big Buck Bunny","attributes":{},"childNodes":[]}]},"__children":[{"nodeName":"Title","nodeValue":null,"attributes":{},"childNodes":[{"nodeName":"#text","nodeValue":"Big Buck Bunny","attributes":{},"childNodes":[]}],"prefix":null,"localName":"Title","tagName":"Title","__text":"Big Buck Bunny","__children":[{"nodeName":"#text","nodeValue":"Big Buck Bunny","attributes":{},"childNodes":[]}]}]},{"nodeName":"Period","nodeValue":null,"attributes":{"id":"0","start":"PT0.0S"},"childNodes":[{"nodeName":"AdaptationSet","nodeValue":null,"attributes":{"id":"0","contentType":"video","segmentAlignment":"true","bitstreamSwitching":"false"},"childNodes":[{"nodeName":"Representation","nodeValue":null,"attributes":{"id":"0","mimeType":"video/mp4","codecs":"avc1.64001f","bandwidth":"100000","width":"256","height":"144","frameRate":"24/1"},"childNodes":[{"nodeName":"SegmentTemplate","nodeValue":null,"attributes":{"timescale":"12288","initialization":"ll2s-init-stream$RepresentationID$.m4s","media":"ll2s-chunk-stream$RepresentationID$-$Number%05d$.m4s","startNumber":"1"},"childNodes":[{"nodeName":"SegmentTimeline","nodeValue":null,"attributes":{},"childNodes":[{"nodeName":"S","nodeValue":null,"attributes":{"t":"0","d":"24576","r":"297"},"childNodes":[],"prefix":null,"localName":"S","tagName":"S","t":0,"d":24576,"r":297,"__children":[]},{"nodeName":"S","nodeValue":null,"attributes":{"d":"5632"},"childNodes":[],"prefix":null,"localName":"S","tagName":"S","d":5632,"__children":[]}],"prefix":null,"localName":"SegmentTimeline","tagName":"SegmentTimeline","S":[{"nodeName":"S","nodeValue":null,"attributes":{"t":"0","d":"24576","r":"297"},"childNodes":[],"prefix":null,"localName":"S","tagName":"S","t":0,"d":24576,"r":297,"__children":[]},{"nodeName":"S","nodeValue":null,"attributes":{"d":"5632"},"childNodes":[],"prefix":null,"localName":"S","tagName":"S","d":5632,"__children":[]}],"__children":[{"nodeName":"S","nodeValue":null,"attributes":{"t":"0","d":"24576","r":"297"},"childNodes":[],"prefix":null,"localName":"S","tagName":"S","t":0,"d":24576,"r":297,"__children":[]},{"nodeName":"S","nodeValue":null,"attributes":{"d":"5632"},"childNodes":[],"prefix":null,"localName":"S","tagName":"S","d":5632,"__children":[]}]}],"prefix":null,"localName":"SegmentTemplate","tagName":"SegmentTemplate","timescale":12288,"initialization":"ll2s-init-stream$RepresentationID$.m4s","media":"ll2s-chunk-stream$RepresentationID$-$Number%05d$.m4s","startNumber":1,"SegmentTimeline":{"nodeName":"SegmentTimeline","nodeValue":null,"attributes":{},"childNodes":[{"nodeName":"S","nodeValue":null,"attributes":{"t":"0","d":"24576","r":"297"},"childNodes":[],"prefix":null,"localName":"S","tagName":"S","t":0,"d":24576,"r":297,"__children":[]},{"nodeName":"S","nodeValue":null,"attributes":{"d":"5632"},"childNodes":[],"prefix":null,"localName":"S","tagName":"S","d":5632,"__children":[]}],"prefix":null,"localName":"SegmentTimeline","tagName":"SegmentTimeline","S":[{"nodeName":"S","nodeValue":null,"attributes":{"t":"0","d":"24576","r":"297"},"childNodes":[],"prefix":null,"localName":"S","tagName":"S","t":0,"d":24576,"r":297,"__children":[]},{"nodeName":"S","nodeValue":null,"attributes":{"d":"5632"},"childNodes":[],"prefix":null,"localName":"S","tagName":"S","d":5632,"__children":[]}],"__children":[{"nodeName":"S","nodeValue":null,"attributes":{"t":"0","d":"24576","r":"297"},"childNodes":[],"prefix":null,"localName":"S","tagName":"S","t":0,"d":24576,"r":297,"__children":[]},{"nodeName":"S","nodeValue":null,"attributes":{"d":"5632"},"childNodes":[],"prefix":null,"localName":"S","tagName":"S","d":5632,"__children":[]}]},"__children":[{"nodeName":"SegmentTimeline","nodeValue":null,"attributes":{},"childNodes":[{"nodeName":"S","nodeValue":null,"attributes":{"t":"0","d":"24576","r":"297"},"childNodes":[],"prefix":null,"localName":"S","tagName":"S","t":0,"d":24576,"r":297,"__children":[]},{"nodeName":"S","nodeValue":null,"attributes":{"d":"5632"},"childNodes":[],"prefix":null,"localName":"S","tagName":"S","d":5632,"__children":[]}],"prefix":null,"localName":"SegmentTimeline","tagName":"SegmentTimeline","S":[{"nodeName":"S","nodeValue":null,"attributes":{"t":"0","d":"24576","r":"297"},"childNodes":[],"prefix":null,"localName":"S","tagName":"S","t":0,"d":24576,"r":297,"__children":[]},{"nodeName":"S","nodeValue":null,"attributes":{"d":"5632"},"childNodes":[],"prefix":null,"localName":"S","tagName":"S","d":5632,"__children":[]}],"__children":[{"nodeName":"S","nodeValue":null,"attributes":{"t":"0","d":"24576","r":"297"},"childNodes":[],"prefix":null,"localName":"S","tagName":"S","t":0,"d":24576,"r":297,"__children":[]},{"nodeName":"S","nodeValue":null,"attributes":{"d":"5632"},"childNodes":[],"prefix":null,"localName":"S","tagName":"S","d":5632,"__children":[]}]}]}],"prefix":null,"localName":"Representation","tagName":"Representation","id":"0","mimeType":"video/mp4","codecs":"avc1.64001f","bandwidth":100000,"width":256,"height":144,"frameRate":"24/1","SegmentTemplate":{"nodeName":"SegmentTemplate","nodeValue":null,"attributes":{"timescale":"12288","initialization":"ll2s-init-stream$RepresentationID$.m4s","media":"ll2s-chunk-stream$RepresentationID$-$Number%05d$.m4s","startNumber":"1"},"childNodes":[{"nodeName":"SegmentTimeline","nodeValue":null,"attributes":{},"childNodes":[{"nodeName":"S","nodeValue":null,"attributes":{"t":"0","d":"24576","r":"297"},"childNodes":[],"prefix":null,"localName":"S","tagName":"S","t":0,"d":24576,"r":297,"__children":[]},{"nodeName":"S","nodeValue":null,"attributes":{"d":"5632"},"childNodes":[],"prefix":null,"localName":"S","tagName":"S","d":5632,"__children":[]}],"prefix":null,"localName":"SegmentTimeline","tagName":"SegmentTimeline","S":[{"nodeName":"S","nodeValue":null,"attributes":{"t":"0","d":"24576","r":"297"},"childNodes":[],"prefix":null,"localName":"S","tagName":"S","t":0,"d":24576,"r":297,"__children":[]},{"nodeName":"S","nodeValue":null,"attributes":{"d":"5632"},"childNodes":[],"prefix":null,"localName":"S","tagName":"S","d":5632,"__children":[]}],"__children":[{"nodeName":"S","nodeValue":null,"attributes":{"t":"0","d":"24576","r":"297"},"childNodes":[],"prefix":null,"localName":"S","tagName":"S","t":0,"d":24576,"r":297,"__children":[]},{"nodeName":"S","nodeValue":null,"attributes":{"d":"5632"},"childNodes":[],"prefix":null,"localName":"S","tagName":"S","d":5632,"__children":[]}]}],"prefix":null,"localName":"SegmentTemplate","tagName":"SegmentTemplate","timescale":12288,"initialization":"ll2s-init-stream$RepresentationID$.m4s","media":"ll2s-chunk-stream$RepresentationID$-$Number%05d$.m4s","startNumber":1,"SegmentTimeline":{"nodeName":"SegmentTimeline","nodeValue":null,"attributes":{},"childNodes":[{"nodeName":"S","nodeValue":null,"attributes":{"t":"0","d":"24576","r":"297"},"childNodes":[],"prefix":null,"localName":"S","tagName":"S","t":0,"d":24576,"r":297,"__children":[]},{"nodeName":"S","nodeValue":null,"attributes":{"d":"5632"},"childNodes":[],"prefix":null,"localName":"S","tagName":"S","d":5632,"__children":[]}],"prefix":null,"localName":"SegmentTimeline","tagName":"SegmentTimeline","S":[{"nodeName":"S","nodeValue":null,"attributes":{"t":"0","d":"24576","r":"297"},"childNodes":[],"prefix":null,"localName":"S","tagName":"S","t":0,"d":24576,"r":297,"__children":[]},{"nodeName":"S","nodeValue":null,"attributes":{"d":"5632"},"childNodes":[],"prefix":null,"localName":"S","tagName":"S","d":5632,"__children":[]}],"__children":[{"nodeName":"S","nodeValue":null,"attributes":{"t":"0","d":"24576","r":"297"},"childNodes":[],"prefix":null,"localName":"S","tagName":"S","t":0,"d":24576,"r":297,"__children":[]},{"nodeName":"S","nodeValue":null,"attributes":{"d":"5632"},"childNodes":[],"prefix":null,"localName":"S","tagName":"S","d":5632,"__children":[]}]},"__children":[{"nodeName":"SegmentTimeline","nodeValue":null,"attributes":{},"childNodes":[{"nodeName":"S","nodeValue":null,"attributes":{"t":"0","d":"24576","r":"297"},"childNodes":[],"prefix":null,"localName":"S","tagName":"S","t":0,"d":24576,"r":297,"__children":[]},{"nodeName":"S","nodeValue":null,"attributes":{"d":"5632"},"childNodes":[],"prefix":null,"localName":"S","tagName":"S","d":5632,"__children":[]}],"prefix":null,"localName":"SegmentTimeline","tagName":"SegmentTimeline","S":[{"nodeName":"S","nodeValue":null,"attributes":{"t":"0","d":"24576","r":"297"},"childNodes":[],"prefix":null,"localName":"S","tagName":"S","t":0,"d":24576,"r":297,"__children":[]},{"nodeName":"S","nodeValue":null,"attributes":{"d":"5632"},"childNodes":[],"prefix":null,"localName":"S","tagName":"S","d":5632,"__children":[]}],"__children":[{"nodeName":"S","nodeValue":null,"attributes":{"t":"0","d":"24576","r":"297"},"childNodes":[],"prefix":null,"localName":"S","tagName":"S","t":0,"d":24576,"r":297,"__children":[]},{"nodeName":"S","nodeValue":null,"attributes":{"d":"5632"},"childNodes":[],"prefix":null,"localName":"S","tagName":"S","d":5632,"__children":[]}]}]},"__children":[{"nodeName":"SegmentTemplate","nodeValue":null,"attributes":{"timescale":"12288","initialization":"ll2s-init-stream$RepresentationID$.m4s","media":"ll2s-chunk-stream$RepresentationID$-$Number%05d$.m4s","startNumber":"1"},"childNodes":[{"nodeName":"SegmentTimeline","nodeValue":null,"attributes":{},"childNodes":[{"nodeName":"S","nodeValue":null,"attributes":{"t":"0","d":"24576","r":"297"},"childNodes":[],"prefix":null,"localName":"S","tagName":"S","t":0,"d":24576,"r":297,"__children":[]},{"nodeName":"S","nodeValue":null,"attributes":{"d":"5632"},"childNodes":[],"prefix":null,"localName":"S","tagName":"S","d":5632,"__children":[]}],"prefix":null,"localName":"SegmentTimeline","tagName":"SegmentTimeline","S":[{"nodeName":"S","nodeValue":null,"attributes":{"t":"0","d":"24576","r":"297"},"childNodes":[],"prefix":null,"localName":"S","tagName":"S","t":0,"d":24576,"r":297,"__children":[]},{"nodeName":"S","nodeValue":null,"attributes":{"d":"5632"},"childNodes":[],"prefix":null,"localName":"S","tagName":"S","d":5632,"__children":[]}],"__children":[{"nodeName":"S","nodeValue":null,"attributes":{"t":"0","d":"24576","r":"297"},"childNodes":[],"prefix":null,"localName":"S","tagName":"S","t":0,"d":24576,"r":297,"__children":[]},{"nodeName":"S","nodeValue":null,"attributes":{"d":"5632"},"childNodes":[],"prefix":null,"localName":"S","tagName":"S","d":5632,"__children":[]}]}],"prefix":null,"localName":"SegmentTemplate","tagName":"SegmentTemplate","timescale":12288,"initialization":"ll2s-init-stream$RepresentationID$.m4s","media":"ll2s-chunk-stream$RepresentationID$-$Number%05d$.m4s","startNumber":1,"SegmentTimeline":{"nodeName":"SegmentTimeline","nodeValue":null,"attributes":{},"childNodes":[{"nodeName":"S","nodeValue":null,"attributes":{"t":"0","d":"24576","r":"297"},"childNodes":[],"prefix":null,"localName":"S","tagName":"S","t":0,"d":24576,"r":297,"__children":[]},{"nodeName":"S","nodeValue":null,"attributes":{"d":"5632"},"childNodes":[],"prefix":null,"localName":"S","tagName":"S","d":5632,"__children":[]}],"prefix":null,"localName":"SegmentTimeline","tagName":"SegmentTimeline","S":[{"nodeName":"S","nodeValue":null,"attributes":{"t":"0","d":"24576","r":"297"},"childNodes":[],"prefix":null,"localName":"S","tagName":"S","t":0,"d":24576,"r":297,"__children":[]},{"nodeName":"S","nodeValue":null,"attributes":{"d":"5632"},"childNodes":[],"prefix":null,"localName":"S","tagName":"S","d":5632,"__children":[]}],"__children":[{"nodeName":"S","nodeValue":null,"attributes":{"t":"0","d":"24576","r":"297"},"childNodes":[],"prefix":null,"localName":"S","tagName":"S","t":0,"d":24576,"r":297,"__children":[]},{"nodeName":"S","nodeValue":null,"attributes":{"d":"5632"},"childNodes":[],"prefix":null,"localName":"S","tagName":"S","d":5632,"__children":[]}]},"__children":[{"nodeName":"SegmentTimeline","nodeValue":null,"attributes":{},"childNodes":[{"nodeName":"S","nodeValue":null,"attributes":{"t":"0","d":"24576","r":"297"},"childNodes":[],"prefix":null,"localName":"S","tagName":"S","t":0,"d":24576,"r":297,"__children":[]},{"nodeName":"S","nodeValue":null,"attributes":{"d":"5632"},"childNodes":[],"prefix":null,"localName":"S","tagName":"S","d":5632,"__children":[]}],"prefix":null,"localName":"SegmentTimeline","tagName":"SegmentTimeline","S":[{"nodeName":"S","nodeValue":null,"attributes":{"t":"0","d":"24576","r":"297"},"childNodes":[],"prefix":null,"localName":"S","tagName":"S","t":0,"d":24576,"r":297,"__children":[]},{"nodeName":"S","nodeValue":null,"attributes":{"d":"5632"},"childNodes":[],"prefix":null,"localName":"S","tagName":"S","d":5632,"__children":[]}],"__children":[{"nodeName":"S","nodeValue":null,"attributes":{"t":"0","d":"24576","r":"297"},"childNodes":[],"prefix":null,"localName":"S","tagName":"S","t":0,"d":24576,"r":297,"__children":[]},{"nodeName":"S","nodeValue":null,"attributes":{"d":"5632"},"childNodes":[],"prefix":null,"localName":"S","tagName":"S","d":5632,"__children":[]}]}]}]},{"nodeName":"Representation","nodeValue":null,"attributes":{"id":"1","mimeType":"video/mp4","codecs":"avc1.64001f","bandwidth":"200000","width":"320","height":"180","frameRate":"24/1"},"childNodes":[{"nodeName":"SegmentTemplate","nodeValue":null,"attributes":{"timescale":"12288","initialization":"ll2s-init-stream$RepresentationID$.m4s","media":"ll2s-chunk-stream$RepresentationID$-$Number%05d$.m4s","startNumber":"1"},"childNodes":[{"nodeName":"SegmentTimeline","nodeValue":null,"attributes":{},"childNodes":[{"nodeName":"S","nodeValue":null,"attributes":{"t":"0","d":"24576","r":"297"},"childNodes":[],"prefix":null,"localName":"S","tagName":"S","t":0,"d":24576,"r":297,"__children":[]},{"nodeName":"S","nodeValue":null,"attributes":{"d":"5632"},"childNodes":[],"prefix":null,"localName":"S","tagName":"S","d":5632,"__children":[]}],"prefix":null,"localName":"SegmentTimeline","tagName":"SegmentTimeline","S":[{"nodeName":"S","nodeValue":null,"attributes":{"t":"0","d":"24576","r":"297"},"childNodes":[],"prefix":null,"localName":"S","tagName":"S","t":0,"d":24576,"r":297,"__children":[]},{"nodeName":"S","nodeValue":null,"attributes":{"d":"5632"},"childNodes":[],"prefix":null,"localName":"S","tagName":"S","d":5632,"__children":[]}],"__children":[{"nodeName":"S","nodeValue":null,"attributes":{"t":"0","d":"24576","r":"297"},"childNodes":[],"prefix":null,"localName":"S","tagName":"S","t":0,"d":24576,"r":297,"__children":[]},{"nodeName":"S","nodeValue":null,"attributes":{"d":"5632"},"childNodes":[],"prefix":null,"localName":"S","tagName":"S","d":5632,"__children":[]}]}],"prefix":null,"localName":"SegmentTemplate","tagName":"SegmentTemplate","timescale":12288,"initialization":"ll2s-init-stream$RepresentationID$.m4s","media":"ll2s-chunk-stream$RepresentationID$-$Number%05d$.m4s","startNumber":1,"SegmentTimeline":{"nodeName":"SegmentTimeline","nodeValue":null,"attributes":{},"childNodes":[{"nodeName":"S","nodeValue":null,"attributes":{"t":"0","d":"24576","r":"297"},"childNodes":[],"prefix":null,"localName":"S","tagName":"S","t":0,"d":24576,"r":297,"__children":[]},{"nodeName":"S","nodeValue":null,"attributes":{"d":"5632"},"childNodes":[],"prefix":null,"localName":"S","tagName":"S","d":5632,"__children":[]}],"prefix":null,"localName":"SegmentTimeline","tagName":"SegmentTimeline","S":[{"nodeName":"S","nodeValue":null,"attributes":{"t":"0","d":"24576","r":"297"},"childNodes":[],"prefix":null,"localName":"S","tagName":"S","t":0,"d":24576,"r":297,"__children":[]},{"nodeName":"S","nodeValue":null,"attributes":{"d":"5632"},"childNodes":[],"prefix":null,"localName":"S","tagName":"S","d":5632,"__children":[]}],"__children":[{"nodeName":"S","nodeValue":null,"attributes":{"t":"0","d":"24576","r":"297"},"childNodes":[],"prefix":null,"localName":"S","tagName":"S","t":0,"d":24576,"r":297,"__children":[]},{"nodeName":"S","nodeValue":null,"attributes":{"d":"5632"},"childNodes":[],"prefix":null,"localName":"S","tagName":"S","d":5632,"__children":[]}]},"__children":[{"nodeName":"SegmentTimeline","nodeValue":null,"attributes":{},"childNodes":[{"nodeName":"S","nodeValue":null,"attributes":{"t":"0","d":"24576","r":"297"},"childNodes":[],"prefix":null,"localName":"S","tagName":"S","t":0,"d":24576,"r":297,"__children":[]},{"nodeName":"S","nodeValue":null,"attributes":{"d":"5632"},"childNodes":[],"prefix":null,"localName":"S","tagName":"S","d":5632,"__children":[]}],"prefix":null,"localName":"SegmentTimeline","tagName":"SegmentTimeline","S":[{"nodeName":"S","nodeValue":null,"attributes":{"t":"0","d":"24576","r":"297"},"childNodes":[],"prefix":null,"localName":"S","tagName":"S","t":0,"d":24576,"r":297,"__children":[]},{"nodeName":"S","nodeValue":null,"attributes":{"d":"5632"},"childNodes":[],"prefix":null,"localName":"S","tagName":"S","d":5632,"__children":[]}],"__children":[{"nodeName":"S","nodeValue":null,"attributes":{"t":"0","d":"24576","r":"297"},"childNodes":[],"prefix":null,"localName":"S","tagName":"S","t":0,"d":24576,"r":297,"__children":[]},{"nodeName":"S","nodeValue":null,"attributes":{"d":"5632"},"childNodes":[],"prefix":null,"localName":"S","tagName":"S","d":5632,"__children":[]}]}]}],"prefix":null,"localName":"Representation","tagName":"Representation","id":"1","mimeType":"video/mp4","codecs":"avc1.64001f","bandwidth":200000,"width":320,"height":180,"frameRate":"24/1","SegmentTemplate":{"nodeName":"SegmentTemplate","nodeValue":null,"attributes":{"timescale":"12288","initialization":"ll2s-init-stream$RepresentationID$.m4s","media":"ll2s-chunk-stream$RepresentationID$-$Number%05d$.m4s","startNumber":"1"},"childNodes":[{"nodeName":"SegmentTimeline","nodeValue":null,"attributes":{},"childNodes":[{"nodeName":"S","nodeValue":null,"attributes":{"t":"0","d":"24576","r":"297"},"childNodes":[],"prefix":null,"localName":"S","tagName":"S","t":0,"d":24576,"r":297,"__children":[]},{"nodeName":"S","nodeValue":null,"attributes":{"d":"5632"},"childNodes":[],"prefix":null,"localName":"S","tagName":"S","d":5632,"__children":[]}],"prefix":null,"localName":"SegmentTimeline","tagName":"SegmentTimeline","S":[{"nodeName":"S","nodeValue":null,"attributes":{"t":"0","d":"24576","r":"297"},"childNodes":[],"prefix":null,"localName":"S","tagName":"S","t":0,"d":24576,"r":297,"__children":[]},{"nodeName":"S","nodeValue":null,"attributes":{"d":"5632"},"childNodes":[],"prefix":null,"localName":"S","tagName":"S","d":5632,"__children":[]}],"__children":[{"nodeName":"S","nodeValue":null,"attributes":{"t":"0","d":"24576","r":"297"},"childNodes":[],"prefix":null,"localName":"S","tagName":"S","t":0,"d":24576,"r":297,"__children":[]},{"nodeName":"S","nodeValue":null,"attributes":{"d":"5632"},"childNodes":[],"prefix":null,"localName":"S","tagName":"S","d":5632,"__children":[]}]}],"prefix":null,"localName":"SegmentTemplate","tagName":"SegmentTemplate","timescale":12288,"initialization":"ll2s-init-stream$RepresentationID$.m4s","media":"ll2s-chunk-stream$RepresentationID$-$Number%05d$.m4s","startNumber":1,"SegmentTimeline":{"nodeName":"SegmentTimeline","nodeValue":null,"attributes":{},"childNodes":[{"nodeName":"S","nodeValue":null,"attributes":{"t":"0","d":"24576","r":"297"},"childNodes":[],"prefix":null,"localName":"S","tagName":"S","t":0,"d":24576,"r":297,"__children":[]},{"nodeName":"S","nodeValue":null,"attributes":{"d":"5632"},"childNodes":[],"prefix":null,"localName":"S","tagName":"S","d":5632,"__children":[]}],"prefix":null,"localName":"SegmentTimeline","tagName":"SegmentTimeline","S":[{"nodeName":"S","nodeValue":null,"attributes":{"t":"0","d":"24576","r":"297"},"childNodes":[],"prefix":null,"localName":"S","tagName":"S","t":0,"d":24576,"r":297,"__children":[]},{"nodeName":"S","nodeValue":null,"attributes":{"d":"5632"},"childNodes":[],"prefix":null,"localName":"S","tagName":"S","d":5632,"__children":[]}],"__children":[{"nodeName":"S","nodeValue":null,"attributes":{"t":"0","d":"24576","r":"297"},"childNodes":[],"prefix":null,"localName":"S","tagName":"S","t":0,"d":24576,"r":297,"__children":[]},{"nodeName":"S","nodeValue":null,"attributes":{"d":"5632"},"childNodes":[],"prefix":null,"localName":"S","tagName":"S","d":5632,"__children":[]}]},"__children":[{"nodeName":"SegmentTimeline","nodeValue":null,"attributes":{},"childNodes":[{"nodeName":"S","nodeValue":null,"attributes":{"t":"0","d":"24576","r":"297"},"childNodes":[],"prefix":null,"localName":"S","tagName":"S","t":0,"d":24576,"r":297,"__children":[]},{"nodeName":"S","nodeValue":null,"attributes":{"d":"5632"},"childNodes":[],"prefix":null,"localName":"S","tagName":"S","d":5632,"__children":[]}],"prefix":null,"localName":"SegmentTimeline","tagName":"SegmentTimeline","S":[{"nodeName":"S","nodeValue":null,"attributes":{"t":"0","d":"24576","r":"297"},"childNodes":[],"prefix":null,"localName":"S","tagName":"S","t":0,"d":24576,"r":297,"__children":[]},{"nodeName":"S","nodeValue":null,"attributes":{"d":"5632"},"childNodes":[],"prefix":null,"localName":"S","tagName":"S","d":5632,"__children":[]}],"__children":[{"nodeName":"S","nodeValue":null,"attributes":{"t":"0","d":"24576","r":"297"},"childNodes":[],"prefix":null,"localName":"S","tagName":"S","t":0,"d":24576,"r":297,"__children":[]},{"nodeName":"S","nodeValue":null,"attributes":{"d":"5632"},"childNodes":[],"prefix":null,"localName":"S","tagName":"S","d":5632,"__children":[]}]}]},"__children":[{"nodeName":"SegmentTemplate","nodeValue":null,"attributes":{"timescale":"12288","initialization":"ll2s-init-stream$RepresentationID$.m4s","media":"ll2s-chunk-stream$RepresentationID$-$Number%05d$.m4s","startNumber":"1"},"childNodes":[{"nodeName":"SegmentTimeline","nodeValue":null,"attributes":{},"childNodes":[{"nodeName":"S","nodeValue":null,"attributes":{"t":"0","d":"24576","r":"297"},"childNodes":[],"prefix":null,"localName":"S","tagName":"S","t":0,"d":24576,"r":297,"__children":[]},{"nodeName":"S","nodeValue":null,"attributes":{"d":"5632"},"childNodes":[],"prefix":null,"localName":"S","tagName":"S","d":5632,"__children":[]}],"prefix":null,"localName":"SegmentTimeline","tagName":"SegmentTimeline","S":[{"nodeName":"S","nodeValue":null,"attributes":{"t":"0","d":"24576","r":"297"},"childNodes":[],"prefix":null,"localName":"S","tagName":"S","t":0,"d":24576,"r":297,"__children":[]},{"nodeName":"S","nodeValue":null,"attributes":{"d":"5632"},"childNodes":[],"prefix":null,"localName":"S","tagName":"S","d":5632,"__children":[]}],"__children":[{"nodeName":"S","nodeValue":null,"attributes":{"t":"0","d":"24576","r":"297"},"childNodes":[],"prefix":null,"localName":"S","tagName":"S","t":0,"d":24576,"r":297,"__children":[]},{"nodeName":"S","nodeValue":null,"attributes":{"d":"5632"},"childNodes":[],"prefix":null,"localName":"S","tagName":"S","d":5632,"__children":[]}]}],"prefix":null,"localName":"SegmentTemplate","tagName":"SegmentTemplate","timescale":12288,"initialization":"ll2s-init-stream$RepresentationID$.m4s","media":"ll2s-chunk-stream$RepresentationID$-$Number%05d$.m4s","startNumber":1,"SegmentTimeline":{"nodeName":"SegmentTimeline","nodeValue":null,"attributes":{},"childNodes":[{"nodeName":"S","nodeValue":null,"attributes":{"t":"0","d":"24576","r":"297"},"childNodes":[],"prefix":null,"localName":"S","tagName":"S","t":0,"d":24576,"r":297,"__children":[]},{"nodeName":"S","nodeValue":null,"attributes":{"d":"5632"},"childNodes":[],"prefix":null,"localName":"S","tagName":"S","d":5632,"__children":[]}],"prefix":null,"localName":"SegmentTimeline","tagName":"SegmentTimeline","S":[{"nodeName":"S","nodeValue":null,"attributes":{"t":"0","d":"24576","r":"297"},"childNodes":[],"prefix":null,"localName":"S","tagName":"S","t":0,"d":24576,"r":297,"__children":[]},{"nodeName":"S","nodeValue":null,"attributes":{"d":"5632"},"childNodes":[],"prefix":null,"localName":"S","tagName":"S","d":5632,"__children":[]}],"__children":[{"nodeName":"S","nodeValue":null,"attributes":{"t":"0","d":"24576","r":"297"},"childNodes":[],"prefix":null,"localName":"S","tagName":"S","t":0,"d":24576,"r":297,"__children":[]},{"nodeName":"S","nodeValue":null,"attributes":{"d":"5632"},"childNodes":[],"prefix":null,"localName":"S","tagName":"S","d":5632,"__children":[]}]},"__children":[{"nodeName":"SegmentTimeline","nodeValue":null,"attributes":{},"childNodes":[{"nodeName":"S","nodeValue":null,"attributes":{"t":"0","d":"24576","r":"297"},"childNodes":[],"prefix":null,"localName":"S","tagName":"S","t":0,"d":24576,"r":297,"__children":[]},{"nodeName":"S","nodeValue":null,"attributes":{"d":"5632"},"childNodes":[],"prefix":null,"localName":"S","tagName":"S","d":5632,"__children":[]}],"prefix":null,"localName":"SegmentTimeline","tagName":"SegmentTimeline","S":[{"nodeName":"S","nodeValue":null,"attributes":{"t":"0","d":"24576","r":"297"},"childNodes":[],"prefix":null,"localName":"S","tagName":"S","t":0,"d":24576,"r":297,"__children":[]},{"nodeName":"S","nodeValue":null,"attributes":{"d":"5632"},"childNodes":[],"prefix":null,"localName":"S","tagName":"S","d":5632,"__children":[]}],"__children":[{"nodeName":"S","nodeValue":null,"attributes":{"t":"0","d":"24576","r":"297"},"childNodes":[],"prefix":null,"localName":"S","tagName":"S","t":0,"d":24576,"r":297,"__children":[]},{"nodeName":"S","nodeValue":null,"attributes":{"d":"5632"},"childNodes":[],"prefix":null,"localName":"S","tagName":"S","d":5632,"__children":[]}]}]}]},{"nodeName":"Representation","nodeValue":null,"attributes":{"id":"2","mimeType":"video/mp4","codecs":"avc1.64001f","bandwidth":"400000","width":"426","height":"240","frameRate":"24/1"},"childNodes":[{"nodeName":"SegmentTemplate","nodeValue":null,"attributes":{"timescale":"12288","initialization":"ll2s-init-stream$RepresentationID$.m4s","media":"ll2s-chunk-stream$RepresentationID$-$Number%05d$.m4s","startNumber":"1"},"childNodes":[{"nodeName":"SegmentTimeline","nodeValue":null,"attributes":{},"childNodes":[{"nodeName":"S","nodeValue":null,"attributes":{"t":"0","d":"24576","r":"297"},"childNodes":[],"prefix":null,"localName":"S","tagName":"S","t":0,"d":24576,"r":297,"__children":[]},{"nodeName":"S","nodeValue":null,"attributes":{"d":"5632"},"childNodes":[],"prefix":null,"localName":"S","tagName":"S","d":5632,"__children":[]}],"prefix":null,"localName":"SegmentTimeline","tagName":"SegmentTimeline","S":[{"nodeName":"S","nodeValue":null,"attributes":{"t":"0","d":"24576","r":"297"},"childNodes":[],"prefix":null,"localName":"S","tagName":"S","t":0,"d":24576,"r":297,"__children":[]},{"nodeName":"S","nodeValue":null,"attributes":{"d":"5632"},"childNodes":[],"prefix":null,"localName":"S","tagName":"S","d":5632,"__children":[]}],"__children":[{"nodeName":"S","nodeValue":null,"attributes":{"t":"0","d":"24576","r":"297"},"childNodes":[],"prefix":null,"localName":"S","tagName":"S","t":0,"d":24576,"r":297,"__children":[]},{"nodeName":"S","nodeValue":null,"attributes":{"d":"5632"},"childNodes":[],"prefix":null,"localName":"S","tagName":"S","d":5632,"__children":[]}]}],"prefix":null,"localName":"SegmentTemplate","tagName":"SegmentTemplate","timescale":12288,"initialization":"ll2s-init-stream$RepresentationID$.m4s","media":"ll2s-chunk-stream$RepresentationID$-$Number%05d$.m4s","startNumber":1,"SegmentTimeline":{"nodeName":"SegmentTimeline","nodeValue":null,"attributes":{},"childNodes":[{"nodeName":"S","nodeValue":null,"attributes":{"t":"0","d":"24576","r":"297"},"childNodes":[],"prefix":null,"localName":"S","tagName":"S","t":0,"d":24576,"r":297,"__children":[]},{"nodeName":"S","nodeValue":null,"attributes":{"d":"5632"},"childNodes":[],"prefix":null,"localName":"S","tagName":"S","d":5632,"__children":[]}],"prefix":null,"localName":"SegmentTimeline","tagName":"SegmentTimeline","S":[{"nodeName":"S","nodeValue":null,"attributes":{"t":"0","d":"24576","r":"297"},"childNodes":[],"prefix":null,"localName":"S","tagName":"S","t":0,"d":24576,"r":297,"__children":[]},{"nodeName":"S","nodeValue":null,"attributes":{"d":"5632"},"childNodes":[],"prefix":null,"localName":"S","tagName":"S","d":5632,"__children":[]}],"__children":[{"nodeName":"S","nodeValue":null,"attributes":{"t":"0","d":"24576","r":"297"},"childNodes":[],"prefix":null,"localName":"S","tagName":"S","t":0,"d":24576,"r":297,"__children":[]},{"nodeName":"S","nodeValue":null,"attributes":{"d":"5632"},"childNodes":[],"prefix":null,"localName":"S","tagName":"S","d":5632,"__children":[]}]},"__children":[{"nodeName":"SegmentTimeline","nodeValue":null,"attributes":{},"childNodes":[{"nodeName":"S","nodeValue":null,"attributes":{"t":"0","d":"24576","r":"297"},"childNodes":[],"prefix":null,"localName":"S","tagName":"S","t":0,"d":24576,"r":297,"__children":[]},{"nodeName":"S","nodeValue":null,"attributes":{"d":"5632"},"childNodes":[],"prefix":null,"localName":"S","tagName":"S","d":5632,"__children":[]}],"prefix":null,"localName":"SegmentTimeline","tagName":"SegmentTimeline","S":[{"nodeName":"S","nodeValue":null,"attributes":{"t":"0","d":"24576","r":"297"},"childNodes":[],"prefix":null,"localName":"S","tagName":"S","t":0,"d":24576,"r":297,"__children":[]},{"nodeName":"S","nodeValue":null,"attributes":{"d":"5632"},"childNodes":[],"prefix":null,"localName":"S","tagName":"S","d":5632,"__children":[]}],"__children":[{"nodeName":"S","nodeValue":null,"attributes":{"t":"0","d":"24576","r":"297"},"childNodes":[],"prefix":null,"localName":"S","tagName":"S","t":0,"d":24576,"r":297,"__children":[]},{"nodeName":"S","nodeValue":null,"attributes":{"d":"5632"},"childNodes":[],"prefix":null,"localName":"S","tagName":"S","d":5632,"__children":[]}]}]}],"prefix":null,"localName":"Representation","tagName":"Representation","id":"2","mimeType":"video/mp4","codecs":"avc1.64001f","bandwidth":400000,"width":426,"height":240,"frameRate":"24/1","SegmentTemplate":{"nodeName":"SegmentTemplate","nodeValue":null,"attributes":{"timescale":"12288","initialization":"ll2s-init-stream$RepresentationID$.m4s","media":"ll2s-chunk-stream$RepresentationID$-$Number%05d$.m4s","startNumber":"1"},"childNodes":[{"nodeName":"SegmentTimeline","nodeValue":null,"attributes":{},"childNodes":[{"nodeName":"S","nodeValue":null,"attributes":{"t":"0","d":"24576","r":"297"},"childNodes":[],"prefix":null,"localName":"S","tagName":"S","t":0,"d":24576,"r":297,"__children":[]},{"nodeName":"S","nodeValue":null,"attributes":{"d":"5632"},"childNodes":[],"prefix":null,"localName":"S","tagName":"S","d":5632,"__children":[]}],"prefix":null,"localName":"SegmentTimeline","tagName":"SegmentTimeline","S":[{"nodeName":"S","nodeValue":null,"attributes":{"t":"0","d":"24576","r":"297"},"childNodes":[],"prefix":null,"localName":"S","tagName":"S","t":0,"d":24576,"r":297,"__children":[]},{"nodeName":"S","nodeValue":null,"attributes":{"d":"5632"},"childNodes":[],"prefix":null,"localName":"S","tagName":"S","d":5632,"__children":[]}],"__children":[{"nodeName":"S","nodeValue":null,"attributes":{"t":"0","d":"24576","r":"297"},"childNodes":[],"prefix":null,"localName":"S","tagName":"S","t":0,"d":24576,"r":297,"__children":[]},{"nodeName":"S","nodeValue":null,"attributes":{"d":"5632"},"childNodes":[],"prefix":null,"localName":"S","tagName":"S","d":5632,"__children":[]}]}],"prefix":null,"localName":"SegmentTemplate","tagName":"SegmentTemplate","timescale":12288,"initialization":"ll2s-init-stream$RepresentationID$.m4s","media":"ll2s-chunk-stream$RepresentationID$-$Number%05d$.m4s","startNumber":1,"SegmentTimeline":{"nodeName":"SegmentTimeline","nodeValue":null,"attributes":{},"childNodes":[{"nodeName":"S","nodeValue":null,"attributes":{"t":"0","d":"24576","r":"297"},"childNodes":[],"prefix":null,"localName":"S","tagName":"S","t":0,"d":24576,"r":297,"__children":[]},{"nodeName":"S","nodeValue":null,"attributes":{"d":"5632"},"childNodes":[],"prefix":null,"localName":"S","tagName":"S","d":5632,"__children":[]}],"prefix":null,"localName":"SegmentTimeline","tagName":"SegmentTimeline","S":[{"nodeName":"S","nodeValue":null,"attributes":{"t":"0","d":"24576","r":"297"},"childNodes":[],"prefix":null,"localName":"S","tagName":"S","t":0,"d":24576,"r":297,"__children":[]},{"nodeName":"S","nodeValue":null,"attributes":{"d":"5632"},"childNodes":[],"prefix":null,"localName":"S","tagName":"S","d":5632,"__children":[]}],"__children":[{"nodeName":"S","nodeValue":null,"attributes":{"t":"0","d":"24576","r":"297"},"childNodes":[],"prefix":null,"localName":"S","tagName":"S","t":0,"d":24576,"r":297,"__children":[]},{"nodeName":"S","nodeValue":null,"attributes":{"d":"5632"},"childNodes":[],"prefix":null,"localName":"S","tagName":"S","d":5632,"__children":[]}]},"__children":[{"nodeName":"SegmentTimeline","nodeValue":null,"attributes":{},"childNodes":[{"nodeName":"S","nodeValue":null,"attributes":{"t":"0","d":"24576","r":"297"},"childNodes":[],"prefix":null,"localName":"S","tagName":"S","t":0,"d":24576,"r":297,"__children":[]},{"nodeName":"S","nodeValue":null,"attributes":{"d":"5632"},"childNodes":[],"prefix":null,"localName":"S","tagName":"S","d":5632,"__children":[]}],"prefix":null,"localName":"SegmentTimeline","tagName":"SegmentTimeline","S":[{"nodeName":"S","nodeValue":null,"attributes":{"t":"0","d":"24576","r":"297"},"childNodes":[],"prefix":null,"localName":"S","tagName":"S","t":0,"d":24576,"r":297,"__children":[]},{"nodeName":"S","nodeValue":null,"attributes":{"d":"5632"},"childNodes":[],"prefix":null,"localName":"S","tagName":"S","d":5632,"__children":[]}],"__children":[{"nodeName":"S","nodeValue":null,"attributes":{"t":"0","d":"24576","r":"297"},"childNodes":[],"prefix":null,"localName":"S","tagName":"S","t":0,"d":24576,"r":297,"__children":[]},{"nodeName":"S","nodeValue":null,"attributes":{"d":"5632"},"childNodes":[],"prefix":null,"localName":"S","tagName":"S","d":5632,"__children":[]}]}]},"__children":[{"nodeName":"SegmentTemplate","nodeValue":null,"attributes":{"timescale":"12288","initialization":"ll2s-init-stream$RepresentationID$.m4s","media":"ll2s-chunk-stream$RepresentationID$-$Number%05d$.m4s","startNumber":"1"},"childNodes":[{"nodeName":"SegmentTimeline","nodeValue":null,"attributes":{},"childNodes":[{"nodeName":"S","nodeValue":null,"attributes":{"t":"0","d":"24576","r":"297"},"childNodes":[],"prefix":null,"localName":"S","tagName":"S","t":0,"d":24576,"r":297,"__children":[]},{"nodeName":"S","nodeValue":null,"attributes":{"d":"5632"},"childNodes":[],"prefix":null,"localName":"S","tagName":"S","d":5632,"__children":[]}],"prefix":null,"localName":"SegmentTimeline","tagName":"SegmentTimeline","S":[{"nodeName":"S","nodeValue":null,"attributes":{"t":"0","d":"24576","r":"297"},"childNodes":[],"prefix":null,"localName":"S","tagName":"S","t":0,"d":24576,"r":297,"__children":[]},{"nodeName":"S","nodeValue":null,"attributes":{"d":"5632"},"childNodes":[],"prefix":null,"localName":"S","tagName":"S","d":5632,"__children":[]}],"__children":[{"nodeName":"S","nodeValue":null,"attributes":{"t":"0","d":"24576","r":"297"},"childNodes":[],"prefix":null,"localName":"S","tagName":"S","t":0,"d":24576,"r":297,"__children":[]},{"nodeName":"S","nodeValue":null,"attributes":{"d":"5632"},"childNodes":[],"prefix":null,"localName":"S","tagName":"S","d":5632,"__children":[]}]}],"prefix":null,"localName":"SegmentTemplate","tagName":"SegmentTemplate","timescale":12288,"initialization":"ll2s-init-stream$RepresentationID$.m4s","media":"ll2s-chunk-stream$RepresentationID$-$Number%05d$.m4s","startNumber":1,"SegmentTimeline":{"nodeName":"SegmentTimeline","nodeValue":null,"attributes":{},"childNodes":[{"nodeName":"S","nodeValue":null,"attributes":{"t":"0","d":"24576","r":"297"},"childNodes":[],"prefix":null,"localName":"S","tagName":"S","t":0,"d":24576,"r":297,"__children":[]},{"nodeName":"S","nodeValue":null,"attributes":{"d":"5632"},"childNodes":[],"prefix":null,"localName":"S","tagName":"S","d":5632,"__children":[]}],"prefix":null,"localName":"SegmentTimeline","tagName":"SegmentTimeline","S":[{"nodeName":"S","nodeValue":null,"attributes":{"t":"0","d":"24576","r":"297"},"childNodes":[],"prefix":null,"localName":"S","tagName":"S","t":0,"d":24576,"r":297,"__children":[]},{"nodeName":"S","nodeValue":null,"attributes":{"d":"5632"},"childNodes":[],"prefix":null,"localName":"S","tagName":"S","d":5632,"__children":[]}],"__children":[{"nodeName":"S","nodeValue":null,"attributes":{"t":"0","d":"24576","r":"297"},"childNodes":[],"prefix":null,"localName":"S","tagName":"S","t":0,"d":24576,"r":297,"__children":[]},{"nodeName":"S","nodeValue":null,"attributes":{"d":"5632"},"childNodes":[],"prefix":null,"localName":"S","tagName":"S","d":5632,"__children":[]}]},"__children":[{"nodeName":"SegmentTimeline","nodeValue":null,"attributes":{},"childNodes":[{"nodeName":"S","nodeValue":null,"attributes":{"t":"0","d":"24576","r":"297"},"childNodes":[],"prefix":null,"localName":"S","tagName":"S","t":0,"d":24576,"r":297,"__children":[]},{"nodeName":"S","nodeValue":null,"attributes":{"d":"5632"},"childNodes":[],"prefix":null,"localName":"S","tagName":"S","d":5632,"__children":[]}],"prefix":null,"localName":"SegmentTimeline","tagName":"SegmentTimeline","S":[{"nodeName":"S","nodeValue":null,"attributes":{"t":"0","d":"24576","r":"297"},"childNodes":[],"prefix":null,"localName":"S","tagName":"S","t":0,"d":24576,"r":297,"__children":[]},{"nodeName":"S","nodeValue":null,"attributes":{"d":"5632"},"childNodes":[],"prefix":null,"localName":"S","tagName":"S","d":5632,"__children":[]}],"__children":[{"nodeName":"S","nodeValue":null,"attributes":{"t":"0","d":"24576","r":"297"},"childNodes":[],"prefix":null,"localName":"S","tagName":"S","t":0,"d":24576,"r":297,"__children":[]},{"nodeName":"S","nodeValue":null,"attributes":{"d":"5632"},"childNodes":[],"prefix":null,"localName":"S","tagName":"S","d":5632,"__children":[]}]}]}]},{"nodeName":"Representation","nodeValue":null,"attributes":{"id":"3","mimeType":"video/mp4","codecs":"avc1.64001f","bandwidth":"600000","width":"480","height":"270","frameRate":"24/1"},"childNodes":[{"nodeName":"SegmentTemplate","nodeValue":null,"attributes":{"timescale":"12288","initialization":"ll2s-init-stream$RepresentationID$.m4s","media":"ll2s-chunk-stream$RepresentationID$-$Number%05d$.m4s","startNumber":"1"},"childNodes":[{"nodeName":"SegmentTimeline","nodeValue":null,"attributes":{},"childNodes":[{"nodeName":"S","nodeValue":null,"attributes":{"t":"0","d":"24576","r":"297"},"childNodes":[],"prefix":null,"localName":"S","tagName":"S","t":0,"d":24576,"r":297,"__children":[]},{"nodeName":"S","nodeValue":null,"attributes":{"d":"5632"},"childNodes":[],"prefix":null,"localName":"S","tagName":"S","d":5632,"__children":[]}],"prefix":null,"localName":"SegmentTimeline","tagName":"SegmentTimeline","S":[{"nodeName":"S","nodeValue":null,"attributes":{"t":"0","d":"24576","r":"297"},"childNodes":[],"prefix":null,"localName":"S","tagName":"S","t":0,"d":24576,"r":297,"__children":[]},{"nodeName":"S","nodeValue":null,"attributes":{"d":"5632"},"childNodes":[],"prefix":null,"localName":"S","tagName":"S","d":5632,"__children":[]}],"__children":[{"nodeName":"S","nodeValue":null,"attributes":{"t":"0","d":"24576","r":"297"},"childNodes":[],"prefix":null,"localName":"S","tagName":"S","t":0,"d":24576,"r":297,"__children":[]},{"nodeName":"S","nodeValue":null,"attributes":{"d":"5632"},"childNodes":[],"prefix":null,"localName":"S","tagName":"S","d":5632,"__children":[]}]}],"prefix":null,"localName":"SegmentTemplate","tagName":"SegmentTemplate","timescale":12288,"initialization":"ll2s-init-stream$RepresentationID$.m4s","media":"ll2s-chunk-stream$RepresentationID$-$Number%05d$.m4s","startNumber":1,"SegmentTimeline":{"nodeName":"SegmentTimeline","nodeValue":null,"attributes":{},"childNodes":[{"nodeName":"S","nodeValue":null,"attributes":{"t":"0","d":"24576","r":"297"},"childNodes":[],"prefix":null,"localName":"S","tagName":"S","t":0,"d":24576,"r":297,"__children":[]},{"nodeName":"S","nodeValue":null,"attributes":{"d":"5632"},"childNodes":[],"prefix":null,"localName":"S","tagName":"S","d":5632,"__children":[]}],"prefix":null,"localName":"SegmentTimeline","tagName":"SegmentTimeline","S":[{"nodeName":"S","nodeValue":null,"attributes":{"t":"0","d":"24576","r":"297"},"childNodes":[],"prefix":null,"localName":"S","tagName":"S","t":0,"d":24576,"r":297,"__children":[]},{"nodeName":"S","nodeValue":null,"attributes":{"d":"5632"},"childNodes":[],"prefix":null,"localName":"S","tagName":"S","d":5632,"__children":[]}],"__children":[{"nodeName":"S","nodeValue":null,"attributes":{"t":"0","d":"24576","r":"297"},"childNodes":[],"prefix":null,"localName":"S","tagName":"S","t":0,"d":24576,"r":297,"__children":[]},{"nodeName":"S","nodeValue":null,"attributes":{"d":"5632"},"childNodes":[],"prefix":null,"localName":"S","tagName":"S","d":5632,"__children":[]}]},"__children":[{"nodeName":"SegmentTimeline","nodeValue":null,"attributes":{},"childNodes":[{"nodeName":"S","nodeValue":null,"attributes":{"t":"0","d":"24576","r":"297"},"childNodes":[],"prefix":null,"localName":"S","tagName":"S","t":0,"d":24576,"r":297,"__children":[]},{"nodeName":"S","nodeValue":null,"attributes":{"d":"5632"},"childNodes":[],"prefix":null,"localName":"S","tagName":"S","d":5632,"__children":[]}],"prefix":null,"localName":"SegmentTimeline","tagName":"SegmentTimeline","S":[{"nodeName":"S","nodeValue":null,"attributes":{"t":"0","d":"24576","r":"297"},"childNodes":[],"prefix":null,"localName":"S","tagName":"S","t":0,"d":24576,"r":297,"__children":[]},{"nodeName":"S","nodeValue":null,"attributes":{"d":"5632"},"childNodes":[],"prefix":null,"localName":"S","tagName":"S","d":5632,"__children":[]}],"__children":[{"nodeName":"S","nodeValue":null,"attributes":{"t":"0","d":"24576","r":"297"},"childNodes":[],"prefix":null,"localName":"S","tagName":"S","t":0,"d":24576,"r":297,"__children":[]},{"nodeName":"S","nodeValue":null,"attributes":{"d":"5632"},"childNodes":[],"prefix":null,"localName":"S","tagName":"S","d":5632,"__children":[]}]}]}],"prefix":null,"localName":"Representation","tagName":"Representation","id":"3","mimeType":"video/mp4","codecs":"avc1.64001f","bandwidth":600000,"width":480,"height":270,"frameRate":"24/1","SegmentTemplate":{"nodeName":"SegmentTemplate","nodeValue":null,"attributes":{"timescale":"12288","initialization":"ll2s-init-stream$RepresentationID$.m4s","media":"ll2s-chunk-stream$RepresentationID$-$Number%05d$.m4s","startNumber":"1"},"childNodes":[{"nodeName":"SegmentTimeline","nodeValue":null,"attributes":{},"childNodes":[{"nodeName":"S","nodeValue":null,"attributes":{"t":"0","d":"24576","r":"297"},"childNodes":[],"prefix":null,"localName":"S","tagName":"S","t":0,"d":24576,"r":297,"__children":[]},{"nodeName":"S","nodeValue":null,"attributes":{"d":"5632"},"childNodes":[],"prefix":null,"localName":"S","tagName":"S","d":5632,"__children":[]}],"prefix":null,"localName":"SegmentTimeline","tagName":"SegmentTimeline","S":[{"nodeName":"S","nodeValue":null,"attributes":{"t":"0","d":"24576","r":"297"},"childNodes":[],"prefix":null,"localName":"S","tagName":"S","t":0,"d":24576,"r":297,"__children":[]},{"nodeName":"S","nodeValue":null,"attributes":{"d":"5632"},"childNodes":[],"prefix":null,"localName":"S","tagName":"S","d":5632,"__children":[]}],"__children":[{"nodeName":"S","nodeValue":null,"attributes":{"t":"0","d":"24576","r":"297"},"childNodes":[],"prefix":null,"localName":"S","tagName":"S","t":0,"d":24576,"r":297,"__children":[]},{"nodeName":"S","nodeValue":null,"attributes":{"d":"5632"},"childNodes":[],"prefix":null,"localName":"S","tagName":"S","d":5632,"__children":[]}]}],"prefix":null,"localName":"SegmentTemplate","tagName":"SegmentTemplate","timescale":12288,"initialization":"ll2s-init-stream$RepresentationID$.m4s","media":"ll2s-chunk-stream$RepresentationID$-$Number%05d$.m4s","startNumber":1,"SegmentTimeline":{"nodeName":"SegmentTimeline","nodeValue":null,"attributes":{},"childNodes":[{"nodeName":"S","nodeValue":null,"attributes":{"t":"0","d":"24576","r":"297"},"childNodes":[],"prefix":null,"localName":"S","tagName":"S","t":0,"d":24576,"r":297,"__children":[]},{"nodeName":"S","nodeValue":null,"attributes":{"d":"5632"},"childNodes":[],"prefix":null,"localName":"S","tagName":"S","d":5632,"__children":[]}],"prefix":null,"localName":"SegmentTimeline","tagName":"SegmentTimeline","S":[{"nodeName":"S","nodeValue":null,"attributes":{"t":"0","d":"24576","r":"297"},"childNodes":[],"prefix":null,"localName":"S","tagName":"S","t":0,"d":24576,"r":297,"__children":[]},{"nodeName":"S","nodeValue":null,"attributes":{"d":"5632"},"childNodes":[],"prefix":null,"localName":"S","tagName":"S","d":5632,"__children":[]}],"__children":[{"nodeName":"S","nodeValue":null,"attributes":{"t":"0","d":"24576","r":"297"},"childNodes":[],"prefix":null,"localName":"S","tagName":"S","t":0,"d":24576,"r":297,"__children":[]},{"nodeName":"S","nodeValue":null,"attributes":{"d":"5632"},"childNodes":[],"prefix":null,"localName":"S","tagName":"S","d":5632,"__children":[]}]},"__children":[{"nodeName":"SegmentTimeline","nodeValue":null,"attributes":{},"childNodes":[{"nodeName":"S","nodeValue":null,"attributes":{"t":"0","d":"24576","r":"297"},"childNodes":[],"prefix":null,"localName":"S","tagName":"S","t":0,"d":24576,"r":297,"__children":[]},{"nodeName":"S","nodeValue":null,"attributes":{"d":"5632"},"childNodes":[],"prefix":null,"localName":"S","tagName":"S","d":5632,"__children":[]}],"prefix":null,"localName":"SegmentTimeline","tagName":"SegmentTimeline","S":[{"nodeName":"S","nodeValue":null,"attributes":{"t":"0","d":"24576","r":"297"},"childNodes":[],"prefix":null,"localName":"S","tagName":"S","t":0,"d":24576,"r":297,"__children":[]},{"nodeName":"S","nodeValue":null,"attributes":{"d":"5632"},"childNodes":[],"prefix":null,"localName":"S","tagName":"S","d":5632,"__children":[]}],"__children":[{"nodeName":"S","nodeValue":null,"attributes":{"t":"0","d":"24576","r":"297"},"childNodes":[],"prefix":null,"localName":"S","tagName":"S","t":0,"d":24576,"r":297,"__children":[]},{"nodeName":"S","nodeValue":null,"attributes":{"d":"5632"},"childNodes":[],"prefix":null,"localName":"S","tagName":"S","d":5632,"__children":[]}]}]},"__children":[{"nodeName":"SegmentTemplate","nodeValue":null,"attributes":{"timescale":"12288","initialization":"ll2s-init-stream$RepresentationID$.m4s","media":"ll2s-chunk-stream$RepresentationID$-$Number%05d$.m4s","startNumber":"1"},"childNodes":[{"nodeName":"SegmentTimeline","nodeValue":null,"attributes":{},"childNodes":[{"nodeName":"S","nodeValue":null,"attributes":{"t":"0","d":"24576","r":"297"},"childNodes":[],"prefix":null,"localName":"S","tagName":"S","t":0,"d":24576,"r":297,"__children":[]},{"nodeName":"S","nodeValue":null,"attributes":{"d":"5632"},"childNodes":[],"prefix":null,"localName":"S","tagName":"S","d":5632,"__children":[]}],"prefix":null,"localName":"SegmentTimeline","tagName":"SegmentTimeline","S":[{"nodeName":"S","nodeValue":null,"attributes":{"t":"0","d":"24576","r":"297"},"childNodes":[],"prefix":null,"localName":"S","tagName":"S","t":0,"d":24576,"r":297,"__children":[]},{"nodeName":"S","nodeValue":null,"attributes":{"d":"5632"},"childNodes":[],"prefix":null,"localName":"S","tagName":"S","d":5632,"__children":[]}],"__children":[{"nodeName":"S","nodeValue":null,"attributes":{"t":"0","d":"24576","r":"297"},"childNodes":[],"prefix":null,"localName":"S","tagName":"S","t":0,"d":24576,"r":297,"__children":[]},{"nodeName":"S","nodeValue":null,"attributes":{"d":"5632"},"childNodes":[],"prefix":null,"localName":"S","tagName":"S","d":5632,"__children":[]}]}],"prefix":null,"localName":"SegmentTemplate","tagName":"SegmentTemplate","timescale":12288,"initialization":"ll2s-init-stream$RepresentationID$.m4s","media":"ll2s-chunk-stream$RepresentationID$-$Number%05d$.m4s","startNumber":1,"SegmentTimeline":{"nodeName":"SegmentTimeline","nodeValue":null,"attributes":{},"childNodes":[{"nodeName":"S","nodeValue":null,"attributes":{"t":"0","d":"24576","r":"297"},"childNodes":[],"prefix":null,"localName":"S","tagName":"S","t":0,"d":24576,"r":297,"__children":[]},{"nodeName":"S","nodeValue":null,"attributes":{"d":"5632"},"childNodes":[],"prefix":null,"localName":"S","tagName":"S","d":5632,"__children":[]}],"prefix":null,"localName":"SegmentTimeline","tagName":"SegmentTimeline","S":[{"nodeName":"S","nodeValue":null,"attributes":{"t":"0","d":"24576","r":"297"},"childNodes":[],"prefix":null,"localName":"S","tagName":"S","t":0,"d":24576,"r":297,"__children":[]},{"nodeName":"S","nodeValue":null,"attributes":{"d":"5632"},"childNodes":[],"prefix":null,"localName":"S","tagName":"S","d":5632,"__children":[]}],"__children":[{"nodeName":"S","nodeValue":null,"attributes":{"t":"0","d":"24576","r":"297"},"childNodes":[],"prefix":null,"localName":"S","tagName":"S","t":0,"d":24576,"r":297,"__children":[]},{"nodeName":"S","nodeValue":null,"attributes":{"d":"5632"},"childNodes":[],"prefix":null,"localName":"S","tagName":"S","d":5632,"__children":[]}]},"__children":[{"nodeName":"SegmentTimeline","nodeValue":null,"attributes":{},"childNodes":[{"nodeName":"S","nodeValue":null,"attributes":{"t":"0","d":"24576","r":"297"},"childNodes":[],"prefix":null,"localName":"S","tagName":"S","t":0,"d":24576,"r":297,"__children":[]},{"nodeName":"S","nodeValue":null,"attributes":{"d":"5632"},"childNodes":[],"prefix":null,"localName":"S","tagName":"S","d":5632,"__children":[]}],"prefix":null,"localName":"SegmentTimeline","tagName":"SegmentTimeline","S":[{"nodeName":"S","nodeValue":null,"attributes":{"t":"0","d":"24576","r":"297"},"childNodes":[],"prefix":null,"localName":"S","tagName":"S","t":0,"d":24576,"r":297,"__children":[]},{"nodeName":"S","nodeValue":null,"attributes":{"d":"5632"},"childNodes":[],"prefix":null,"localName":"S","tagName":"S","d":5632,"__children":[]}],"__children":[{"nodeName":"S","nodeValue":null,"attributes":{"t":"0","d":"24576","r":"297"},"childNodes":[],"prefix":null,"localName":"S","tagName":"S","t":0,"d":24576,"r":297,"__children":[]},{"nodeName":"S","nodeValue":null,"attributes":{"d":"5632"},"childNodes":[],"prefix":null,"localName":"S","tagName":"S","d":5632,"__children":[]}]}]}]},{"nodeName":"Representation","nodeValue":null,"attributes":{"id":"4","mimeType":"video/mp4","codecs":"avc1.64001f","bandwidth":"800000","width":"640","height":"360","frameRate":"24/1"},"childNodes":[{"nodeName":"SegmentTemplate","nodeValue":null,"attributes":{"timescale":"12288","initialization":"ll2s-init-stream$RepresentationID$.m4s","media":"ll2s-chunk-stream$RepresentationID$-$Number%05d$.m4s","startNumber":"1"},"childNodes":[{"nodeName":"SegmentTimeline","nodeValue":null,"attributes":{},"childNodes":[{"nodeName":"S","nodeValue":null,"attributes":{"t":"0","d":"24576","r":"297"},"childNodes":[],"prefix":null,"localName":"S","tagName":"S","t":0,"d":24576,"r":297,"__children":[]},{"nodeName":"S","nodeValue":null,"attributes":{"d":"5632"},"childNodes":[],"prefix":null,"localName":"S","tagName":"S","d":5632,"__children":[]}],"prefix":null,"localName":"SegmentTimeline","tagName":"SegmentTimeline","S":[{"nodeName":"S","nodeValue":null,"attributes":{"t":"0","d":"24576","r":"297"},"childNodes":[],"prefix":null,"localName":"S","tagName":"S","t":0,"d":24576,"r":297,"__children":[]},{"nodeName":"S","nodeValue":null,"attributes":{"d":"5632"},"childNodes":[],"prefix":null,"localName":"S","tagName":"S","d":5632,"__children":[]}],"__children":[{"nodeName":"S","nodeValue":null,"attributes":{"t":"0","d":"24576","r":"297"},"childNodes":[],"prefix":null,"localName":"S","tagName":"S","t":0,"d":24576,"r":297,"__children":[]},{"nodeName":"S","nodeValue":null,"attributes":{"d":"5632"},"childNodes":[],"prefix":null,"localName":"S","tagName":"S","d":5632,"__children":[]}]}],"prefix":null,"localName":"SegmentTemplate","tagName":"SegmentTemplate","timescale":12288,"initialization":"ll2s-init-stream$RepresentationID$.m4s","media":"ll2s-chunk-stream$RepresentationID$-$Number%05d$.m4s","startNumber":1,"SegmentTimeline":{"nodeName":"SegmentTimeline","nodeValue":null,"attributes":{},"childNodes":[{"nodeName":"S","nodeValue":null,"attributes":{"t":"0","d":"24576","r":"297"},"childNodes":[],"prefix":null,"localName":"S","tagName":"S","t":0,"d":24576,"r":297,"__children":[]},{"nodeName":"S","nodeValue":null,"attributes":{"d":"5632"},"childNodes":[],"prefix":null,"localName":"S","tagName":"S","d":5632,"__children":[]}],"prefix":null,"localName":"SegmentTimeline","tagName":"SegmentTimeline","S":[{"nodeName":"S","nodeValue":null,"attributes":{"t":"0","d":"24576","r":"297"},"childNodes":[],"prefix":null,"localName":"S","tagName":"S","t":0,"d":24576,"r":297,"__children":[]},{"nodeName":"S","nodeValue":null,"attributes":{"d":"5632"},"childNodes":[],"prefix":null,"localName":"S","tagName":"S","d":5632,"__children":[]}],"__children":[{"nodeName":"S","nodeValue":null,"attributes":{"t":"0","d":"24576","r":"297"},"childNodes":[],"prefix":null,"localName":"S","tagName":"S","t":0,"d":24576,"r":297,"__children":[]},{"nodeName":"S","nodeValue":null,"attributes":{"d":"5632"},"childNodes":[],"prefix":null,"localName":"S","tagName":"S","d":5632,"__children":[]}]},"__children":[{"nodeName":"SegmentTimeline","nodeValue":null,"attributes":{},"childNodes":[{"nodeName":"S","nodeValue":null,"attributes":{"t":"0","d":"24576","r":"297"},"childNodes":[],"prefix":null,"localName":"S","tagName":"S","t":0,"d":24576,"r":297,"__children":[]},{"nodeName":"S","nodeValue":null,"attributes":{"d":"5632"},"childNodes":[],"prefix":null,"localName":"S","tagName":"S","d":5632,"__children":[]}],"prefix":null,"localName":"SegmentTimeline","tagName":"SegmentTimeline","S":[{"nodeName":"S","nodeValue":null,"attributes":{"t":"0","d":"24576","r":"297"},"childNodes":[],"prefix":null,"localName":"S","tagName":"S","t":0,"d":24576,"r":297,"__children":[]},{"nodeName":"S","nodeValue":null,"attributes":{"d":"5632"},"childNodes":[],"prefix":null,"localName":"S","tagName":"S","d":5632,"__children":[]}],"__children":[{"nodeName":"S","nodeValue":null,"attributes":{"t":"0","d":"24576","r":"297"},"childNodes":[],"prefix":null,"localName":"S","tagName":"S","t":0,"d":24576,"r":297,"__children":[]},{"nodeName":"S","nodeValue":null,"attributes":{"d":"5632"},"childNodes":[],"prefix":null,"localName":"S","tagName":"S","d":5632,"__children":[]}]}]}],"prefix":null,"localName":"Representation","tagName":"Representation","id":"4","mimeType":"video/mp4","codecs":"avc1.64001f","bandwidth":800000,"width":640,"height":360,"frameRate":"24/1","SegmentTemplate":{"nodeName":"SegmentTemplate","nodeValue":null,"attributes":{"timescale":"12288","initialization":"ll2s-init-stream$RepresentationID$.m4s","media":"ll2s-chunk-stream$RepresentationID$-$Number%05d$.m4s","startNumber":"1"},"childNodes":[{"nodeName":"SegmentTimeline","nodeValue":null,"attributes":{},"childNodes":[{"nodeName":"S","nodeValue":null,"attributes":{"t":"0","d":"24576","r":"297"},"childNodes":[],"prefix":null,"localName":"S","tagName":"S","t":0,"d":24576,"r":297,"__children":[]},{"nodeName":"S","nodeValue":null,"attributes":{"d":"5632"},"childNodes":[],"prefix":null,"localName":"S","tagName":"S","d":5632,"__children":[]}],"prefix":null,"localName":"SegmentTimeline","tagName":"SegmentTimeline","S":[{"nodeName":"S","nodeValue":null,"attributes":{"t":"0","d":"24576","r":"297"},"childNodes":[],"prefix":null,"localName":"S","tagName":"S","t":0,"d":24576,"r":297,"__children":[]},{"nodeName":"S","nodeValue":null,"attributes":{"d":"5632"},"childNodes":[],"prefix":null,"localName":"S","tagName":"S","d":5632,"__children":[]}],"__children":[{"nodeName":"S","nodeValue":null,"attributes":{"t":"0","d":"24576","r":"297"},"childNodes":[],"prefix":null,"localName":"S","tagName":"S","t":0,"d":24576,"r":297,"__children":[]},{"nodeName":"S","nodeValue":null,"attributes":{"d":"5632"},"childNodes":[],"prefix":null,"localName":"S","tagName":"S","d":5632,"__children":[]}]}],"prefix":null,"localName":"SegmentTemplate","tagName":"SegmentTemplate","timescale":12288,"initialization":"ll2s-init-stream$RepresentationID$.m4s","media":"ll2s-chunk-stream$RepresentationID$-$Number%05d$.m4s","startNumber":1,"SegmentTimeline":{"nodeName":"SegmentTimeline","nodeValue":null,"attributes":{},"childNodes":[{"nodeName":"S","nodeValue":null,"attributes":{"t":"0","d":"24576","r":"297"},"childNodes":[],"prefix":null,"localName":"S","tagName":"S","t":0,"d":24576,"r":297,"__children":[]},{"nodeName":"S","nodeValue":null,"attributes":{"d":"5632"},"childNodes":[],"prefix":null,"localName":"S","tagName":"S","d":5632,"__children":[]}],"prefix":null,"localName":"SegmentTimeline","tagName":"SegmentTimeline","S":[{"nodeName":"S","nodeValue":null,"attributes":{"t":"0","d":"24576","r":"297"},"childNodes":[],"prefix":null,"localName":"S","tagName":"S","t":0,"d":24576,"r":297,"__children":[]},{"nodeName":"S","nodeValue":null,"attributes":{"d":"5632"},"childNodes":[],"prefix":null,"localName":"S","tagName":"S","d":5632,"__children":[]}],"__children":[{"nodeName":"S","nodeValue":null,"attributes":{"t":"0","d":"24576","r":"297"},"childNodes":[],"prefix":null,"localName":"S","tagName":"S","t":0,"d":24576,"r":297,"__children":[]},{"nodeName":"S","nodeValue":null,"attributes":{"d":"5632"},"childNodes":[],"prefix":null,"localName":"S","tagName":"S","d":5632,"__children":[]}]},"__children":[{"nodeName":"SegmentTimeline","nodeValue":null,"attributes":{},"childNodes":[{"nodeName":"S","nodeValue":null,"attributes":{"t":"0","d":"24576","r":"297"},"childNodes":[],"prefix":null,"localName":"S","tagName":"S","t":0,"d":24576,"r":297,"__children":[]},{"nodeName":"S","nodeValue":null,"attributes":{"d":"5632"},"childNodes":[],"prefix":null,"localName":"S","tagName":"S","d":5632,"__children":[]}],"prefix":null,"localName":"SegmentTimeline","tagName":"SegmentTimeline","S":[{"nodeName":"S","nodeValue":null,"attributes":{"t":"0","d":"24576","r":"297"},"childNodes":[],"prefix":null,"localName":"S","tagName":"S","t":0,"d":24576,"r":297,"__children":[]},{"nodeName":"S","nodeValue":null,"attributes":{"d":"5632"},"childNodes":[],"prefix":null,"localName":"S","tagName":"S","d":5632,"__children":[]}],"__children":[{"nodeName":"S","nodeValue":null,"attributes":{"t":"0","d":"24576","r":"297"},"childNodes":[],"prefix":null,"localName":"S","tagName":"S","t":0,"d":24576,"r":297,"__children":[]},{"nodeName":"S","nodeValue":null,"attributes":{"d":"5632"},"childNodes":[],"prefix":null,"localName":"S","tagName":"S","d":5632,"__children":[]}]}]},"__children":[{"nodeName":"SegmentTemplate","nodeValue":null,"attributes":{"timescale":"12288","initialization":"ll2s-init-stream$RepresentationID$.m4s","media":"ll2s-chunk-stream$RepresentationID$-$Number%05d$.m4s","startNumber":"1"},"childNodes":[{"nodeName":"SegmentTimeline","nodeValue":null,"attributes":{},"childNodes":[{"nodeName":"S","nodeValue":null,"attributes":{"t":"0","d":"24576","r":"297"},"childNodes":[],"prefix":null,"localName":"S","tagName":"S","t":0,"d":24576,"r":297,"__children":[]},{"nodeName":"S","nodeValue":null,"attributes":{"d":"5632"},"childNodes":[],"prefix":null,"localName":"S","tagName":"S","d":5632,"__children":[]}],"prefix":null,"localName":"SegmentTimeline","tagName":"SegmentTimeline","S":[{"nodeName":"S","nodeValue":null,"attributes":{"t":"0","d":"24576","r":"297"},"childNodes":[],"prefix":null,"localName":"S","tagName":"S","t":0,"d":24576,"r":297,"__children":[]},{"nodeName":"S","nodeValue":null,"attributes":{"d":"5632"},"childNodes":[],"prefix":null,"localName":"S","tagName":"S","d":5632,"__children":[]}],"__children":[{"nodeName":"S","nodeValue":null,"attributes":{"t":"0","d":"24576","r":"297"},"childNodes":[],"prefix":null,"localName":"S","tagName":"S","t":0,"d":24576,"r":297,"__children":[]},{"nodeName":"S","nodeValue":null,"attributes":{"d":"5632"},"childNodes":[],"prefix":null,"localName":"S","tagName":"S","d":5632,"__children":[]}]}],"prefix":null,"localName":"SegmentTemplate","tagName":"SegmentTemplate","timescale":12288,"initialization":"ll2s-init-stream$RepresentationID$.m4s","media":"ll2s-chunk-stream$RepresentationID$-$Number%05d$.m4s","startNumber":1,"SegmentTimeline":{"nodeName":"SegmentTimeline","nodeValue":null,"attributes":{},"childNodes":[{"nodeName":"S","nodeValue":null,"attributes":{"t":"0","d":"24576","r":"297"},"childNodes":[],"prefix":null,"localName":"S","tagName":"S","t":0,"d":24576,"r":297,"__children":[]},{"nodeName":"S","nodeValue":null,"attributes":{"d":"5632"},"childNodes":[],"prefix":null,"localName":"S","tagName":"S","d":5632,"__children":[]}],"prefix":null,"localName":"SegmentTimeline","tagName":"SegmentTimeline","S":[{"nodeName":"S","nodeValue":null,"attributes":{"t":"0","d":"24576","r":"297"},"childNodes":[],"prefix":null,"localName":"S","tagName":"S","t":0,"d":24576,"r":297,"__children":[]},{"nodeName":"S","nodeValue":null,"attributes":{"d":"5632"},"childNodes":[],"prefix":null,"localName":"S","tagName":"S","d":5632,"__children":[]}],"__children":[{"nodeName":"S","nodeValue":null,"attributes":{"t":"0","d":"24576","r":"297"},"childNodes":[],"prefix":null,"localName":"S","tagName":"S","t":0,"d":24576,"r":297,"__children":[]},{"nodeName":"S","nodeValue":null,"attributes":{"d":"5632"},"childNodes":[],"prefix":null,"localName":"S","tagName":"S","d":5632,"__children":[]}]},"__children":[{"nodeName":"SegmentTimeline","nodeValue":null,"attributes":{},"childNodes":[{"nodeName":"S","nodeValue":null,"attributes":{"t":"0","d":"24576","r":"297"},"childNodes":[],"prefix":null,"localName":"S","tagName":"S","t":0,"d":24576,"r":297,"__children":[]},{"nodeName":"S","nodeValue":null,"attributes":{"d":"5632"},"childNodes":[],"prefix":null,"localName":"S","tagName":"S","d":5632,"__children":[]}],"prefix":null,"localName":"SegmentTimeline","tagName":"SegmentTimeline","S":[{"nodeName":"S","nodeValue":null,"attributes":{"t":"0","d":"24576","r":"297"},"childNodes":[],"prefix":null,"localName":"S","tagName":"S","t":0,"d":24576,"r":297,"__children":[]},{"nodeName":"S","nodeValue":null,"attributes":{"d":"5632"},"childNodes":[],"prefix":null,"localName":"S","tagName":"S","d":5632,"__children":[]}],"__children":[{"nodeName":"S","nodeValue":null,"attributes":{"t":"0","d":"24576","r":"297"},"childNodes":[],"prefix":null,"localName":"S","tagName":"S","t":0,"d":24576,"r":297,"__children":[]},{"nodeName":"S","nodeValue":null,"attributes":{"d":"5632"},"childNodes":[],"prefix":null,"localName":"S","tagName":"S","d":5632,"__children":[]}]}]}]},{"nodeName":"Representation","nodeValue":null,"attributes":{"id":"5","mimeType":"video/mp4","codecs":"avc1.64001f","bandwidth":"1200000","width":"640","height":"360","frameRate":"24/1"},"childNodes":[{"nodeName":"SegmentTemplate","nodeValue":null,"attributes":{"timescale":"12288","initialization":"ll2s-init-stream$RepresentationID$.m4s","media":"ll2s-chunk-stream$RepresentationID$-$Number%05d$.m4s","startNumber":"1"},"childNodes":[{"nodeName":"SegmentTimeline","nodeValue":null,"attributes":{},"childNodes":[{"nodeName":"S","nodeValue":null,"attributes":{"t":"0","d":"24576","r":"297"},"childNodes":[],"prefix":null,"localName":"S","tagName":"S","t":0,"d":24576,"r":297,"__children":[]},{"nodeName":"S","nodeValue":null,"attributes":{"d":"5632"},"childNodes":[],"prefix":null,"localName":"S","tagName":"S","d":5632,"__children":[]}],"prefix":null,"localName":"SegmentTimeline","tagName":"SegmentTimeline","S":[{"nodeName":"S","nodeValue":null,"attributes":{"t":"0","d":"24576","r":"297"},"childNodes":[],"prefix":null,"localName":"S","tagName":"S","t":0,"d":24576,"r":297,"__children":[]},{"nodeName":"S","nodeValue":null,"attributes":{"d":"5632"},"childNodes":[],"prefix":null,"localName":"S","tagName":"S","d":5632,"__children":[]}],"__children":[{"nodeName":"S","nodeValue":null,"attributes":{"t":"0","d":"24576","r":"297"},"childNodes":[],"prefix":null,"localName":"S","tagName":"S","t":0,"d":24576,"r":297,"__children":[]},{"nodeName":"S","nodeValue":null,"attributes":{"d":"5632"},"childNodes":[],"prefix":null,"localName":"S","tagName":"S","d":5632,"__children":[]}]}],"prefix":null,"localName":"SegmentTemplate","tagName":"SegmentTemplate","timescale":12288,"initialization":"ll2s-init-stream$RepresentationID$.m4s","media":"ll2s-chunk-stream$RepresentationID$-$Number%05d$.m4s","startNumber":1,"SegmentTimeline":{"nodeName":"SegmentTimeline","nodeValue   t=102s | buffer: 0.1s | bitrate: 100 kbps | tp: 0 kbps | trace_bw: 0 kbps
   t=112s | buffer: 0.1s | bitrate: 100 kbps | tp: 0 kbps | trace_bw: 0 kbps

======================================================================
  BENCHMARK RESULTS (LLDASH-GPAC / dash.js / BOLA)
======================================================================

  [TIMING]
      Startup delay:     1,670 ms
      Playback time:     7.9 s

  [BITRATE]
      Average (selected):  100 kbps
      Average (effective): 6 kbps
      Min / Max:           100 / 100 kbps
      Median:              100 kbps
      Std deviation:       0.0 kbps
      Variance:            0.0
      25th/75th %ile:      100 / 100 kbps

  [SWITCHES]
      Total count:       0
      Up / Down:         0 / 0
      Avg magnitude:     0 kbps

  [REBUFFERING]
      Events:            4
      Total time:        113,672 ms
      Ratio:             93.5081%
      Frequency:         30.411 per minute
      Avg duration:      2,218 ms
      Max duration:      5,003 ms

  [THROUGHPUT]
      Average:           1,481 kbps
      Median:            0 kbps
      Min / Max:         0 / 24,607 kbps
      Std deviation:     5,297.0 kbps

  [AVAILABLE BW (trace)]
      Average:           1,481 kbps
      Min / Max:         0 / 24,607 kbps

  [BUFFER]
      Average level:     0.2 s
      Min / Max:         0.1 / 2.1 s

  [UTILIZATION]
      Bandwidth:         0.0%

======================================================================

[SAVED] results/results/run_all_20260525_151403/lldash-gpac_5g-ireland/benchmark_lldash-gpac_netflix_driving_animated-rickandmorty_B_2019_11_22_07_30_04_tc_20260525_202639.json

──────────────────────────────────────────────────────────────────────
  [60/83] netflix_driving_season3-strangerthings_B_2019_11_23_12_27_34_tc.csv
──────────────────────────────────────────────────────────────────────
[TRACE] netflix_driving_season3-strangerthings_B_2019_11_23_12_27_34_tc.csv
[LLDASH-GPAC] Trace file ready; gpac_server uses in-process bandwidth pacing.

======================================================================
  LLDASH-GPAC Streaming QoE Benchmark (dash.js / BOLA)
======================================================================
  Server: http://localhost:8082/player.html?mpd=http://localhost:8082/manifest.mpd
======================================================================

[TRACE] Loaded 1267 entries with bandwidth
[BROWSER] Launching headless Chromium...
[BROWSER] Waiting for playback to start...
   Startup delay: 30121ms

[PLAYBACK] Collecting metrics...
   t=10s | buffer: 0.0s | bitrate: 100 kbps | tp: 34951 kbps | trace_bw: 34951 kbps
   t=20s | buffer: 0.1s | bitrate: 100 kbps | tp: 1 kbps | trace_bw: 1 kbps
   t=31s | buffer: 0.1s | bitrate: 100 kbps | tp: 2 kbps | trace_bw: 2 kbps
   t=41s | buffer: 0.1s | bitrate: 100 kbps | tp: 0 kbps | trace_bw: 0 kbps
   t=51s | buffer: 0.1s | bitrate: 100 kbps | tp: 0 kbps | trace_bw: 0 kbps
   t=61s | buffer: 0.1s | bitrate: 100 kbps | tp: 0 kbps | trace_bw: 0 kbps
   t=72s | buffer: 0.1s | bitrate: 100 kbps | tp: 0 kbps | trace_bw: 0 kbps
   t=82s | buffer: 0.1s | bitrate: 100 kbps | tp: 0 kbps | trace_bw: 0 kbps
   t=92s | buffer: 0.1s | bitrate: 100 kbps | tp: 0 kbps | trace_bw: 0 kbps
   t=102s | buffer: 0.1s | bitrate: 100 kbps | tp: 0 kbps | trace_bw: 0 kbps
   t=112s | buffer: 0.1s | bitrate: 100 kbps | tp: 3 kbps | trace_bw: 3 kbps

======================================================================
  BENCHMARK RESULTS (LLDASH-GPAC / dash.js / BOLA)
======================================================================

  [TIMING]
      Startup delay:     30,121 ms
      Playback time:     11.9 s

  [BITRATE]
      Average (selected):  100 kbps
      Average (effective): 8 kbps
      Min / Max:           100 / 100 kbps
      Median:              100 kbps
      Std deviation:       0.0 kbps
      Variance:            0.0
      25th/75th %ile:      100 / 100 kbps

  [SWITCHES]
      Total count:       0
      Up / Down:         0 / 0
      Avg magnitude:     0 kbps

  [REBUFFERING]
      Events:            7
      Total time:        138,630 ms
      Ratio:             92.1010%
      Frequency:         35.325 per minute
      Avg duration:      16,613 ms
      Max duration:      40,960 ms

  [THROUGHPUT]
      Average:           2,992 kbps
      Median:            0 kbps
      Min / Max:         0 / 52,522 kbps
      Std deviation:     9,843.7 kbps

  [AVAILABLE BW (trace)]
      Average:           2,992 kbps
      Min / Max:         0 / 52,522 kbps

  [BUFFER]
      Average level:     0.2 s
      Min / Max:         0.0 / 2.1 s

  [UTILIZATION]
      Bandwidth:         0.0%

======================================================================

[SAVED] results/results/run_all_20260525_151403/lldash-gpac_5g-ireland/benchmark_lldash-gpac_netflix_driving_season3-strangerthings_B_2019_11_23_12_27_34_tc_20260525_202844.json

──────────────────────────────────────────────────────────────────────
  [61/83] netflix_driving_season3-strangerthings_B_2019_11_23_13_28_26_tc.csv
──────────────────────────────────────────────────────────────────────
[TRACE] netflix_driving_season3-strangerthings_B_2019_11_23_13_28_26_tc.csv
[LLDASH-GPAC] Trace file ready; gpac_server uses in-process bandwidth pacing.

======================================================================
  LLDASH-GPAC Streaming QoE Benchmark (dash.js / BOLA)
======================================================================
  Server: http://localhost:8082/player.html?mpd=http://localhost:8082/manifest.mpd
======================================================================

[TRACE] Loaded 2425 entries with bandwidth
[BROWSER] Launching headless Chromium...
[BROWSER] Waiting for playback to start...
   Startup delay: 1665ms

[PLAYBACK] Collecting metrics...
   t=10s | buffer: 3.1s | bitrate: 100 kbps | tp: 14548 kbps | trace_bw: 14548 kbps
   t=20s | buffer: 2.8s | bitrate: 200 kbps | tp: 313 kbps | trace_bw: 313 kbps
   t=31s | buffer: 2.6s | bitrate: 1500 kbps | tp: 23477 kbps | trace_bw: 23477 kbps
   t=41s | buffer: 0.9s | bitrate: 100 kbps | tp: 0 kbps | trace_bw: 0 kbps
   t=51s | buffer: 0.1s | bitrate: 100 kbps | tp: 0 kbps | trace_bw: 0 kbps
   t=61s | buffer: 0.1s | bitrate: 100 kbps | tp: 0 kbps | trace_bw: 0 kbps
   t=71s | buffer: 0.1s | bitrate: 100 kbps | tp: 2 kbps | trace_bw: 2 kbps
   t=82s | buffer: 0.1s | bitrate: 100 kbps | tp: 0 kbps | trace_bw: 0 kbps
   t=92s | buffer: 0.1s | bitrate: 100 kbps | tp: 2 kbps | trace_bw: 2 kbps
   t=102s | buffer: 0.1s | bitrate: 100 kbps | tp: 2 kbps | trace_bw: 2 kbps
   t=112s | buffer: 0.1s | bitrate: 100 kbps | tp: 0 kbps | trace_bw: 0 kbps

======================================================================
  BENCHMARK RESULTS (LLDASH-GPAC / dash.js / BOLA)
======================================================================

  [TIMING]
      Startup delay:     1,665 ms
      Playback time:     41.9 s

  [BITRATE]
      Average (selected):  640 kbps
      Average (effective): 220 kbps
      Min / Max:           100 / 2,000 kbps
      Median:              600 kbps
      Std deviation:       611.9 kbps
      Variance:            374,400.0
      25th/75th %ile:      100 / 800 kbps

  [SWITCHES]
      Total count:       9
      Up / Down:         7 / 2
      Avg magnitude:     533 kbps

  [REBUFFERING]
      Events:            9
      Total time:        80,127 ms
      Ratio:             65.6677%
      Frequency:         12.890 per minute
      Avg duration:      6,114 ms
      Max duration:      41,522 ms

  [THROUGHPUT]
      Average:           2,298 kbps
      Median:            0 kbps
      Min / Max:         0 / 26,623 kbps
      Std deviation:     5,543.7 kbps

  [AVAILABLE BW (trace)]
      Average:           2,298 kbps
      Min / Max:         0 / 26,623 kbps

  [BUFFER]
      Average level:     0.9 s
      Min / Max:         0.1 / 7.2 s

  [UTILIZATION]
      Bandwidth:         0.0%

======================================================================

[SAVED] results/results/run_all_20260525_151403/lldash-gpac_5g-ireland/benchmark_lldash-gpac_netflix_driving_season3-strangerthings_B_2019_11_23_13_28_26_tc_20260525_203118.json

──────────────────────────────────────────────────────────────────────
  [62/83] netflix_driving_season3-strangerthings_B_2019_11_23_16_08_19_tc.csv
──────────────────────────────────────────────────────────────────────
[TRACE] netflix_driving_season3-strangerthings_B_2019_11_23_16_08_19_tc.csv
[LLDASH-GPAC] Trace file ready; gpac_server uses in-process bandwidth pacing.

======================================================================
  LLDASH-GPAC Streaming QoE Benchmark (dash.js / BOLA)
======================================================================
  Server: http://localhost:8082/player.html?mpd=http://localhost:8082/manifest.mpd
======================================================================

[TRACE] Loaded 1325 entries with bandwidth
[BROWSER] Launching headless Chromium...
[BROWSER] Waiting for playback to start...
   Startup delay: 21175ms

[PLAYBACK] Collecting metrics...
   t=10s | buffer: 0.1s | bitrate: 100 kbps | tp: 20833 kbps | trace_bw: 20833 kbps
   t=20s | buffer: 0.1s | bitrate: 100 kbps | tp: 23086 kbps | trace_bw: 23086 kbps
   t=31s | buffer: 0.1s | bitrate: 100 kbps | tp: 0 kbps | trace_bw: 0 kbps
   t=41s | buffer: 0.1s | bitrate: 100 kbps | tp: 0 kbps | trace_bw: 0 kbps
   t=51s | buffer: 6.4s | bitrate: 100 kbps | tp: 2 kbps | trace_bw: 2 kbps
   t=61s | buffer: 0.1s | bitrate: 100 kbps | tp: 0 kbps | trace_bw: 0 kbps
   t=72s | buffer: 0.1s | bitrate: 100 kbps | tp: 7013 kbps | trace_bw: 7013 kbps
   t=82s | buffer: 0.1s | bitrate: 100 kbps | tp: 0 kbps | trace_bw: 0 kbps
   t=92s | buffer: 0.1s | bitrate: 100 kbps | tp: 2 kbps | trace_bw: 2 kbps
   t=102s | buffer: 0.1s | bitrate: 100 kbps | tp: 0 kbps | trace_bw: 0 kbps
   t=112s | buffer: 0.1s | bitrate: 100 kbps | tp: 0 kbps | trace_bw: 0 kbps

======================================================================
  BENCHMARK RESULTS (LLDASH-GPAC / dash.js / BOLA)
======================================================================

  [TIMING]
      Startup delay:     21,175 ms
      Playback time:     19.9 s

  [BITRATE]
      Average (selected):  100 kbps
      Average (effective): 14 kbps
      Min / Max:           100 / 100 kbps
      Median:              100 kbps
      Std deviation:       0.0 kbps
      Variance:            0.0
      25th/75th %ile:      100 / 100 kbps

  [SWITCHES]
      Total count:       0
      Up / Down:         0 / 0
      Avg magnitude:     0 kbps

  [REBUFFERING]
      Events:            4
      Total time:        121,656 ms
      Ratio:             85.9435%
      Frequency:         12.062 per minute
      Avg duration:      19,423 ms
      Max duration:      21,023 ms

  [THROUGHPUT]
      Average:           3,588 kbps
      Median:            0 kbps
      Min / Max:         0 / 26,841 kbps
      Std deviation:     7,710.2 kbps

  [AVAILABLE BW (trace)]
      Average:           3,588 kbps
      Min / Max:         0 / 26,841 kbps

  [BUFFER]
      Average level:     0.7 s
      Min / Max:         0.1 / 7.4 s

  [UTILIZATION]
      Bandwidth:         0.0%

======================================================================

[SAVED] results/results/run_all_20260525_151403/lldash-gpac_5g-ireland/benchmark_lldash-gpac_netflix_driving_season3-strangerthings_B_2019_11_23_16_08_19_tc_20260525_203323.json

──────────────────────────────────────────────────────────────────────
  [63/83] netflix_driving_season3-strangerthings_B_2019_11_24_12_19_13_tc.csv
──────────────────────────────────────────────────────────────────────
[TRACE] netflix_driving_season3-strangerthings_B_2019_11_24_12_19_13_tc.csv
[LLDASH-GPAC] Trace file ready; gpac_server uses in-process bandwidth pacing.

======================================================================
  LLDASH-GPAC Streaming QoE Benchmark (dash.js / BOLA)
======================================================================
  Server: http://localhost:8082/player.html?mpd=http://localhost:8082/manifest.mpd
======================================================================

[TRACE] Loaded 761 entries with bandwidth
[BROWSER] Launching headless Chromium...
[BROWSER] Waiting for playback to start...
   Startup delay: 2557ms

[PLAYBACK] Collecting metrics...
   t=10s | buffer: 5.9s | bitrate: 100 kbps | tp: 20619 kbps | trace_bw: 20619 kbps
   t=20s | buffer: 1.6s | bitrate: 200 kbps | tp: 10764 kbps | trace_bw: 10764 kbps
   t=31s | buffer: 0.1s | bitrate: 200 kbps | tp: 0 kbps | trace_bw: 0 kbps
   t=41s | buffer: 0.1s | bitrate: 200 kbps | tp: 0 kbps | trace_bw: 0 kbps
   t=51s | buffer: 0.1s | bitrate: 200 kbps | tp: 2 kbps | trace_bw: 2 kbps
   t=61s | buffer: 0.1s | bitrate: 200 kbps | tp: 0 kbps | trace_bw: 0 kbps
   t=72s | buffer: 6.5s | bitrate: 100 kbps | tp: 6998 kbps | trace_bw: 6998 kbps
   t=82s | buffer: 0.8s | bitrate: 100 kbps | tp: 0 kbps | trace_bw: 0 kbps
   t=92s | buffer: 0.1s | bitrate: 100 kbps | tp: 0 kbps | trace_bw: 0 kbps
   t=102s | buffer: 0.1s | bitrate: 100 kbps | tp: 0 kbps | trace_bw: 0 kbps
   t=112s | buffer: 0.1s | bitrate: 100 kbps | tp: 2 kbps | trace_bw: 2 kbps

======================================================================
  BENCHMARK RESULTS (LLDASH-GPAC / dash.js / BOLA)
======================================================================

  [TIMING]
      Startup delay:     2,557 ms
      Playback time:     45.9 s

  [BITRATE]
      Average (selected):  133 kbps
      Average (effective): 50 kbps
      Min / Max:           100 / 200 kbps
      Median:              100 kbps
      Std deviation:       47.1 kbps
      Variance:            2,222.2
      25th/75th %ile:      100 / 200 kbps

  [SWITCHES]
      Total count:       2
      Up / Down:         1 / 1
      Avg magnitude:     100 kbps

  [REBUFFERING]
      Events:            4
      Total time:        76,557 ms
      Ratio:             62.5190%
      Frequency:         5.229 per minute
      Avg duration:      14,969 ms
      Max duration:      41,834 ms

  [THROUGHPUT]
      Average:           2,335 kbps
      Median:            0 kbps
      Min / Max:         0 / 30,994 kbps
      Std deviation:     5,732.4 kbps

  [AVAILABLE BW (trace)]
      Average:           2,335 kbps
      Min / Max:         0 / 30,994 kbps

  [BUFFER]
      Average level:     1.4 s
      Min / Max:         0.1 / 7.6 s

  [UTILIZATION]
      Bandwidth:         0.0%

======================================================================

[SAVED] results/results/run_all_20260525_151403/lldash-gpac_5g-ireland/benchmark_lldash-gpac_netflix_driving_season3-strangerthings_B_2019_11_24_12_19_13_tc_20260525_203548.json

──────────────────────────────────────────────────────────────────────
  [64/83] netflix_driving_season3-strangerthings_B_2019_11_24_13_06_36_tc.csv
──────────────────────────────────────────────────────────────────────
[TRACE] netflix_driving_season3-strangerthings_B_2019_11_24_13_06_36_tc.csv
[LLDASH-GPAC] Trace file ready; gpac_server uses in-process bandwidth pacing.

======================================================================
  LLDASH-GPAC Streaming QoE Benchmark (dash.js / BOLA)
======================================================================
  Server: http://localhost:8082/player.html?mpd=http://localhost:8082/manifest.mpd
======================================================================

[TRACE] Loaded 701 entries with bandwidth
[BROWSER] Launching headless Chromium...
[BROWSER] Waiting for playback to start...
   Startup delay: 15373ms

[PLAYBACK] Collecting metrics...
   t=10s | buffer: 6.0s | bitrate: 100 kbps | tp: 9228 kbps | trace_bw: 9228 kbps
   t=20s | buffer: 1.6s | bitrate: 100 kbps | tp: 5930 kbps | trace_bw: 5930 kbps
   t=31s | buffer: 3.5s | bitrate: 100 kbps | tp: 2473 kbps | trace_bw: 2473 kbps
   t=41s | buffer: 1.6s | bitrate: 200 kbps | tp: 3726 kbps | trace_bw: 3726 kbps
   t=51s | buffer: 0.1s | bitrate: 200 kbps | tp: 11317 kbps | trace_bw: 11317 kbps
   t=61s | buffer: 0.1s | bitrate: 200 kbps | tp: 0 kbps | trace_bw: 0 kbps
   t=72s | buffer: 0.1s | bitrate: 200 kbps | tp: 2 kbps | trace_bw: 2 kbps
   t=82s | buffer: 0.1s | bitrate: 200 kbps | tp: 0 kbps | trace_bw: 0 kbps
   t=92s | buffer: 5.0s | bitrate: 100 kbps | tp: 0 kbps | trace_bw: 0 kbps
   t=102s | buffer: 0.1s | bitrate: 100 kbps | tp: 0 kbps | trace_bw: 0 kbps
   t=112s | buffer: 0.1s | bitrate: 100 kbps | tp: 0 kbps | trace_bw: 0 kbps

======================================================================
  BENCHMARK RESULTS (LLDASH-GPAC / dash.js / BOLA)
======================================================================

  [TIMING]
      Startup delay:     15,373 ms
      Playback time:     61.9 s

  [BITRATE]
      Average (selected):  133 kbps
      Average (effective): 61 kbps
      Min / Max:           100 / 200 kbps
      Median:              100 kbps
      Std deviation:       47.1 kbps
      Variance:            2,222.2
      25th/75th %ile:      100 / 200 kbps

  [SWITCHES]
      Total count:       2
      Up / Down:         1 / 1
      Avg magnitude:     100 kbps

  [REBUFFERING]
      Events:            5
      Total time:        73,845 ms
      Ratio:             54.4077%
      Frequency:         4.848 per minute
      Avg duration:      18,323 ms
      Max duration:      40,545 ms

  [THROUGHPUT]
      Average:           2,887 kbps
      Median:            2 kbps
      Min / Max:         0 / 16,389 kbps
      Std deviation:     3,927.3 kbps

  [AVAILABLE BW (trace)]
      Average:           2,887 kbps
      Min / Max:         0 / 16,389 kbps
      Utilisation:       0.1%

  [BUFFER]
      Average level:     2.0 s
      Min / Max:         0.1 / 7.4 s

  [UTILIZATION]
      Bandwidth:         6666.7%

======================================================================

[SAVED] results/results/run_all_20260525_151403/lldash-gpac_5g-ireland/benchmark_lldash-gpac_netflix_driving_season3-strangerthings_B_2019_11_24_13_06_36_tc_20260525_203754.json

──────────────────────────────────────────────────────────────────────
  [65/83] netflix_driving_season3-strangerthings_B_2019_11_25_07_25_43_tc.csv
──────────────────────────────────────────────────────────────────────
[TRACE] netflix_driving_season3-strangerthings_B_2019_11_25_07_25_43_tc.csv
[LLDASH-GPAC] Trace file ready; gpac_server uses in-process bandwidth pacing.

======================================================================
  LLDASH-GPAC Streaming QoE Benchmark (dash.js / BOLA)
======================================================================
  Server: http://localhost:8082/player.html?mpd=http://localhost:8082/manifest.mpd
======================================================================

[TRACE] Loaded 2134 entries with bandwidth
[BROWSER] Launching headless Chromium...
[BROWSER] Waiting for playback to start...
   Startup delay: 21175ms

[PLAYBACK] Collecting metrics...
   t=10s | buffer: 0.1s | bitrate: 100 kbps | tp: 11 kbps | trace_bw: 11 kbps
   t=20s | buffer: 0.1s | bitrate: 100 kbps | tp: 21855 kbps | trace_bw: 21855 kbps
   t=31s | buffer: 0.1s | bitrate: 100 kbps | tp: 0 kbps | trace_bw: 0 kbps
   t=41s | buffer: 0.1s | bitrate: 100 kbps | tp: 0 kbps | trace_bw: 0 kbps
   t=51s | buffer: 0.1s | bitrate: 100 kbps | tp: 1 kbps | trace_bw: 1 kbps
   t=61s | buffer: 0.1s | bitrate: 100 kbps | tp: 0 kbps | trace_bw: 0 kbps
   t=71s | buffer: 0.1s | bitrate: 100 kbps | tp: 0 kbps | trace_bw: 0 kbps
   t=82s | buffer: 0.1s | bitrate: 100 kbps | tp: 1638 kbps | trace_bw: 1638 kbps
[BROWSER-ERROR] dash.js error {"code":27,"message":"http://localhost:8082/ll2s-chunk-stream0-00006.m4s is not available","data":{"request":{"action":"download","availabilityEndTime":null,"availabilityStartTime":"2026-05-26T03:40:16.713Z","bandwidth":100000,"bytesLoaded":null,"bytesTotal":null,"delayLoadingTime":1779766842357,"duration":2,"endDate":"2026-05-26T03:42:05.390Z","firstByteDate":"2026-05-26T03:41:45.388Z","index":5,"isPartialSegmentRequest":false,"mediaStartTime":10,"mediaType":"video","presentationStartTime":10,"representation":{"absoluteIndex":0,"adaptation":{"period":{"id":"0","index":0,"duration":596.4,"start":0,"mpd":{"availabilityEndTime":null,"availabilityStartTime":"2026-05-26T03:40:16.713Z","manifest":{"nodeName":"MPD","nodeValue":null,"attributes":{"xmlns:xsi":"http://www.w3.org/2001/XMLSchema-instance","xmlns":"urn:mpeg:dash:schema:mpd:2011","xmlns:xlink":"http://www.w3.org/1999/xlink","xsi:schemaLocation":"urn:mpeg:DASH:schema:MPD:2011 http://standards.iso.org/ittf/PubliclyAvailableStandards/MPEG-DASH_schema_files/DASH-MPD.xsd","profiles":"urn:mpeg:dash:profile:isoff-live:2011","type":"static","mediaPresentationDuration":"PT9M56.4S","minBufferTime":"PT4.0S"},"childNodes":[{"nodeName":"ProgramInformation","nodeValue":null,"attributes":{},"childNodes":[{"nodeName":"Title","nodeValue":null,"attributes":{},"childNodes":[{"nodeName":"#text","nodeValue":"Big Buck Bunny","attributes":{},"childNodes":[]}],"prefix":null,"localName":"Title","tagName":"Title","__text":"Big Buck Bunny","__children":[{"nodeName":"#text","nodeValue":"Big Buck Bunny","attributes":{},"childNodes":[]}]}],"prefix":null,"localName":"ProgramInformation","tagName":"ProgramInformation","Title":{"nodeName":"Title","nodeValue":null,"attributes":{},"childNodes":[{"nodeName":"#text","nodeValue":"Big Buck Bunny","attributes":{},"childNodes":[]}],"prefix":null,"localName":"Title","tagName":"Title","__text":"Big Buck Bunny","__children":[{"nodeName":"#text","nodeValue":"Big Buck Bunny","attributes":{},"childNodes":[]}]},"__children":[{"nodeName":"Title","nodeValue":null,"attributes":{},"childNodes":[{"nodeName":"#text","nodeValue":"Big Buck Bunny","attributes":{},"childNodes":[]}],"prefix":null,"localName":"Title","tagName":"Title","__text":"Big Buck Bunny","__children":[{"nodeName":"#text","nodeValue":"Big Buck Bunny","attributes":{},"childNodes":[]}]}]},{"nodeName":"Period","nodeValue":null,"attributes":{"id":"0","start":"PT0.0S"},"childNodes":[{"nodeName":"AdaptationSet","nodeValue":null,"attributes":{"id":"0","contentType":"video","segmentAlignment":"true","bitstreamSwitching":"false"},"childNodes":[{"nodeName":"Representation","nodeValue":null,"attributes":{"id":"0","mimeType":"video/mp4","codecs":"avc1.64001f","bandwidth":"100000","width":"256","height":"144","frameRate":"24/1"},"childNodes":[{"nodeName":"SegmentTemplate","nodeValue":null,"attributes":{"timescale":"12288","initialization":"ll2s-init-stream$RepresentationID$.m4s","media":"ll2s-chunk-stream$RepresentationID$-$Number%05d$.m4s","startNumber":"1"},"childNodes":[{"nodeName":"SegmentTimeline","nodeValue":null,"attributes":{},"childNodes":[{"nodeName":"S","nodeValue":null,"attributes":{"t":"0","d":"24576","r":"297"},"childNodes":[],"prefix":null,"localName":"S","tagName":"S","t":0,"d":24576,"r":297,"__children":[]},{"nodeName":"S","nodeValue":null,"attributes":{"d":"5632"},"childNodes":[],"prefix":null,"localName":"S","tagName":"S","d":5632,"__children":[]}],"prefix":null,"localName":"SegmentTimeline","tagName":"SegmentTimeline","S":[{"nodeName":"S","nodeValue":null,"attributes":{"t":"0","d":"24576","r":"297"},"childNodes":[],"prefix":null,"localName":"S","tagName":"S","t":0,"d":24576,"r":297,"__children":[]},{"nodeName":"S","nodeValue":null,"attributes":{"d":"5632"},"childNodes":[],"prefix":null,"localName":"S","tagName":"S","d":5632,"__children":[]}],"__children":[{"nodeName":"S","nodeValue":null,"attributes":{"t":"0","d":"24576","r":"297"},"childNodes":[],"prefix":null,"localName":"S","tagName":"S","t":0,"d":24576,"r":297,"__children":[]},{"nodeName":"S","nodeValue":null,"attributes":{"d":"5632"},"childNodes":[],"prefix":null,"localName":"S","tagName":"S","d":5632,"__children":[]}]}],"prefix":null,"localName":"SegmentTemplate","tagName":"SegmentTemplate","timescale":12288,"initialization":"ll2s-init-stream$RepresentationID$.m4s","media":"ll2s-chunk-stream$RepresentationID$-$Number%05d$.m4s","startNumber":1,"SegmentTimeline":{"nodeName":"SegmentTimeline","nodeValue":null,"attributes":{},"childNodes":[{"nodeName":"S","nodeValue":null,"attributes":{"t":"0","d":"24576","r":"297"},"childNodes":[],"prefix":null,"localName":"S","tagName":"S","t":0,"d":24576,"r":297,"__children":[]},{"nodeName":"S","nodeValue":null,"attributes":{"d":"5632"},"childNodes":[],"prefix":null,"localName":"S","tagName":"S","d":5632,"__children":[]}],"prefix":null,"localName":"SegmentTimeline","tagName":"SegmentTimeline","S":[{"nodeName":"S","nodeValue":null,"attributes":{"t":"0","d":"24576","r":"297"},"childNodes":[],"prefix":null,"localName":"S","tagName":"S","t":0,"d":24576,"r":297,"__children":[]},{"nodeName":"S","nodeValue":null,"attributes":{"d":"5632"},"childNodes":[],"prefix":null,"localName":"S","tagName":"S","d":5632,"__children":[]}],"__children":[{"nodeName":"S","nodeValue":null,"attributes":{"t":"0","d":"24576","r":"297"},"childNodes":[],"prefix":null,"localName":"S","tagName":"S","t":0,"d":24576,"r":297,"__children":[]},{"nodeName":"S","nodeValue":null,"attributes":{"d":"5632"},"childNodes":[],"prefix":null,"localName":"S","tagName":"S","d":5632,"__children":[]}]},"__children":[{"nodeName":"SegmentTimeline","nodeValue":null,"attributes":{},"childNodes":[{"nodeName":"S","nodeValue":null,"attributes":{"t":"0","d":"24576","r":"297"},"childNodes":[],"prefix":null,"localName":"S","tagName":"S","t":0,"d":24576,"r":297,"__children":[]},{"nodeName":"S","nodeValue":null,"attributes":{"d":"5632"},"childNodes":[],"prefix":null,"localName":"S","tagName":"S","d":5632,"__children":[]}],"prefix":null,"localName":"SegmentTimeline","tagName":"SegmentTimeline","S":[{"nodeName":"S","nodeValue":null,"attributes":{"t":"0","d":"24576","r":"297"},"childNodes":[],"prefix":null,"localName":"S","tagName":"S","t":0,"d":24576,"r":297,"__children":[]},{"nodeName":"S","nodeValue":null,"attributes":{"d":"5632"},"childNodes":[],"prefix":null,"localName":"S","tagName":"S","d":5632,"__children":[]}],"__children":[{"nodeName":"S","nodeValue":null,"attributes":{"t":"0","d":"24576","r":"297"},"childNodes":[],"prefix":null,"localName":"S","tagName":"S","t":0,"d":24576,"r":297,"__children":[]},{"nodeName":"S","nodeValue":null,"attributes":{"d":"5632"},"childNodes":[],"prefix":null,"localName":"S","tagName":"S","d":5632,"__children":[]}]}]}],"prefix":null,"localName":"Representation","tagName":"Representation","id":"0","mimeType":"video/mp4","codecs":"avc1.64001f","bandwidth":100000,"width":256,"height":144,"frameRate":"24/1","SegmentTemplate":{"nodeName":"SegmentTemplate","nodeValue":null,"attributes":{"timescale":"12288","initialization":"ll2s-init-stream$RepresentationID$.m4s","media":"ll2s-chunk-stream$RepresentationID$-$Number%05d$.m4s","startNumber":"1"},"childNodes":[{"nodeName":"SegmentTimeline","nodeValue":null,"attributes":{},"childNodes":[{"nodeName":"S","nodeValue":null,"attributes":{"t":"0","d":"24576","r":"297"},"childNodes":[],"prefix":null,"localName":"S","tagName":"S","t":0,"d":24576,"r":297,"__children":[]},{"nodeName":"S","nodeValue":null,"attributes":{"d":"5632"},"childNodes":[],"prefix":null,"localName":"S","tagName":"S","d":5632,"__children":[]}],"prefix":null,"localName":"SegmentTimeline","tagName":"SegmentTimeline","S":[{"nodeName":"S","nodeValue":null,"attributes":{"t":"0","d":"24576","r":"297"},"childNodes":[],"prefix":null,"localName":"S","tagName":"S","t":0,"d":24576,"r":297,"__children":[]},{"nodeName":"S","nodeValue":null,"attributes":{"d":"5632"},"childNodes":[],"prefix":null,"localName":"S","tagName":"S","d":5632,"__children":[]}],"__children":[{"nodeName":"S","nodeValue":null,"attributes":{"t":"0","d":"24576","r":"297"},"childNodes":[],"prefix":null,"localName":"S","tagName":"S","t":0,"d":24576,"r":297,"__children":[]},{"nodeName":"S","nodeValue":null,"attributes":{"d":"5632"},"childNodes":[],"prefix":null,"localName":"S","tagName":"S","d":5632,"__children":[]}]}],"prefix":null,"localName":"SegmentTemplate","tagName":"SegmentTemplate","timescale":12288,"initialization":"ll2s-init-stream$RepresentationID$.m4s","media":"ll2s-chunk-stream$RepresentationID$-$Number%05d$.m4s","startNumber":1,"SegmentTimeline":{"nodeName":"SegmentTimeline","nodeValue":null,"attributes":{},"childNodes":[{"nodeName":"S","nodeValue":null,"attributes":{"t":"0","d":"24576","r":"297"},"childNodes":[],"prefix":null,"localName":"S","tagName":"S","t":0,"d":24576,"r":297,"__children":[]},{"nodeName":"S","nodeValue":null,"attributes":{"d":"5632"},"childNodes":[],"prefix":null,"localName":"S","tagName":"S","d":5632,"__children":[]}],"prefix":null,"localName":"SegmentTimeline","tagName":"SegmentTimeline","S":[{"nodeName":"S","nodeValue":null,"attributes":{"t":"0","d":"24576","r":"297"},"childNodes":[],"prefix":null,"localName":"S","tagName":"S","t":0,"d":24576,"r":297,"__children":[]},{"nodeName":"S","nodeValue":null,"attributes":{"d":"5632"},"childNodes":[],"prefix":null,"localName":"S","tagName":"S","d":5632,"__children":[]}],"__children":[{"nodeName":"S","nodeValue":null,"attributes":{"t":"0","d":"24576","r":"297"},"childNodes":[],"prefix":null,"localName":"S","tagName":"S","t":0,"d":24576,"r":297,"__children":[]},{"nodeName":"S","nodeValue":null,"attributes":{"d":"5632"},"childNodes":[],"prefix":null,"localName":"S","tagName":"S","d":5632,"__children":[]}]},"__children":[{"nodeName":"SegmentTimeline","nodeValue":null,"attributes":{},"childNodes":[{"nodeName":"S","nodeValue":null,"attributes":{"t":"0","d":"24576","r":"297"},"childNodes":[],"prefix":null,"localName":"S","tagName":"S","t":0,"d":24576,"r":297,"__children":[]},{"nodeName":"S","nodeValue":null,"attributes":{"d":"5632"},"childNodes":[],"prefix":null,"localName":"S","tagName":"S","d":5632,"__children":[]}],"prefix":null,"localName":"SegmentTimeline","tagName":"SegmentTimeline","S":[{"nodeName":"S","nodeValue":null,"attributes":{"t":"0","d":"24576","r":"297"},"childNodes":[],"prefix":null,"localName":"S","tagName":"S","t":0,"d":24576,"r":297,"__children":[]},{"nodeName":"S","nodeValue":null,"attributes":{"d":"5632"},"childNodes":[],"prefix":null,"localName":"S","tagName":"S","d":5632,"__children":[]}],"__children":[{"nodeName":"S","nodeValue":null,"attributes":{"t":"0","d":"24576","r":"297"},"childNodes":[],"prefix":null,"localName":"S","tagName":"S","t":0,"d":24576,"r":297,"__children":[]},{"nodeName":"S","nodeValue":null,"attributes":{"d":"5632"},"childNodes":[],"prefix":null,"localName":"S","tagName":"S","d":5632,"__children":[]}]}]},"__children":[{"nodeName":"SegmentTemplate","nodeValue":null,"attributes":{"timescale":"12288","initialization":"ll2s-init-stream$RepresentationID$.m4s","media":"ll2s-chunk-stream$RepresentationID$-$Number%05d$.m4s","startNumber":"1"},"childNodes":[{"nodeName":"SegmentTimeline","nodeValue":null,"attributes":{},"childNodes":[{"nodeName":"S","nodeValue":null,"attributes":{"t":"0","d":"24576","r":"297"},"childNodes":[],"prefix":null,"localName":"S","tagName":"S","t":0,"d":24576,"r":297,"__children":[]},{"nodeName":"S","nodeValue":null,"attributes":{"d":"5632"},"childNodes":[],"prefix":null,"localName":"S","tagName":"S","d":5632,"__children":[]}],"prefix":null,"localName":"SegmentTimeline","tagName":"SegmentTimeline","S":[{"nodeName":"S","nodeValue":null,"attributes":{"t":"0","d":"24576","r":"297"},"childNodes":[],"prefix":null,"localName":"S","tagName":"S","t":0,"d":24576,"r":297,"__children":[]},{"nodeName":"S","nodeValue":null,"attributes":{"d":"5632"},"childNodes":[],"prefix":null,"localName":"S","tagName":"S","d":5632,"__children":[]}],"__children":[{"nodeName":"S","nodeValue":null,"attributes":{"t":"0","d":"24576","r":"297"},"childNodes":[],"prefix":null,"localName":"S","tagName":"S","t":0,"d":24576,"r":297,"__children":[]},{"nodeName":"S","nodeValue":null,"attributes":{"d":"5632"},"childNodes":[],"prefix":null,"localName":"S","tagName":"S","d":5632,"__children":[]}]}],"prefix":null,"localName":"SegmentTemplate","tagName":"SegmentTemplate","timescale":12288,"initialization":"ll2s-init-stream$RepresentationID$.m4s","media":"ll2s-chunk-stream$RepresentationID$-$Number%05d$.m4s","startNumber":1,"SegmentTimeline":{"nodeName":"SegmentTimeline","nodeValue":null,"attributes":{},"childNodes":[{"nodeName":"S","nodeValue":null,"attributes":{"t":"0","d":"24576","r":"297"},"childNodes":[],"prefix":null,"localName":"S","tagName":"S","t":0,"d":24576,"r":297,"__children":[]},{"nodeName":"S","nodeValue":null,"attributes":{"d":"5632"},"childNodes":[],"prefix":null,"localName":"S","tagName":"S","d":5632,"__children":[]}],"prefix":null,"localName":"SegmentTimeline","tagName":"SegmentTimeline","S":[{"nodeName":"S","nodeValue":null,"attributes":{"t":"0","d":"24576","r":"297"},"childNodes":[],"prefix":null,"localName":"S","tagName":"S","t":0,"d":24576,"r":297,"__children":[]},{"nodeName":"S","nodeValue":null,"attributes":{"d":"5632"},"childNodes":[],"prefix":null,"localName":"S","tagName":"S","d":5632,"__children":[]}],"__children":[{"nodeName":"S","nodeValue":null,"attributes":{"t":"0","d":"24576","r":"297"},"childNodes":[],"prefix":null,"localName":"S","tagName":"S","t":0,"d":24576,"r":297,"__children":[]},{"nodeName":"S","nodeValue":null,"attributes":{"d":"5632"},"childNodes":[],"prefix":null,"localName":"S","tagName":"S","d":5632,"__children":[]}]},"__children":[{"nodeName":"SegmentTimeline","nodeValue":null,"attributes":{},"childNodes":[{"nodeName":"S","nodeValue":null,"attributes":{"t":"0","d":"24576","r":"297"},"childNodes":[],"prefix":null,"localName":"S","tagName":"S","t":0,"d":24576,"r":297,"__children":[]},{"nodeName":"S","nodeValue":null,"attributes":{"d":"5632"},"childNodes":[],"prefix":null,"localName":"S","tagName":"S","d":5632,"__children":[]}],"prefix":null,"localName":"SegmentTimeline","tagName":"SegmentTimeline","S":[{"nodeName":"S","nodeValue":null,"attributes":{"t":"0","d":"24576","r":"297"},"childNodes":[],"prefix":null,"localName":"S","tagName":"S","t":0,"d":24576,"r":297,"__children":[]},{"nodeName":"S","nodeValue":null,"attributes":{"d":"5632"},"childNodes":[],"prefix":null,"localName":"S","tagName":"S","d":5632,"__children":[]}],"__children":[{"nodeName":"S","nodeValue":null,"attributes":{"t":"0","d":"24576","r":"297"},"childNodes":[],"prefix":null,"localName":"S","tagName":"S","t":0,"d":24576,"r":297,"__children":[]},{"nodeName":"S","nodeValue":null,"attributes":{"d":"5632"},"childNodes":[],"prefix":null,"localName":"S","tagName":"S","d":5632,"__children":[]}]}]}]},{"nodeName":"Representation","nodeValue":null,"attributes":{"id":"1","mimeType":"video/mp4","codecs":"avc1.64001f","bandwidth":"200000","width":"320","height":"180","frameRate":"24/1"},"childNodes":[{"nodeName":"SegmentTemplate","nodeValue":null,"attributes":{"timescale":"12288","initialization":"ll2s-init-stream$RepresentationID$.m4s","media":"ll2s-chunk-stream$RepresentationID$-$Number%05d$.m4s","startNumber":"1"},"childNodes":[{"nodeName":"SegmentTimeline","nodeValue":null,"attributes":{},"childNodes":[{"nodeName":"S","nodeValue":null,"attributes":{"t":"0","d":"24576","r":"297"},"childNodes":[],"prefix":null,"localName":"S","tagName":"S","t":0,"d":24576,"r":297,"__children":[]},{"nodeName":"S","nodeValue":null,"attributes":{"d":"5632"},"childNodes":[],"prefix":null,"localName":"S","tagName":"S","d":5632,"__children":[]}],"prefix":null,"localName":"SegmentTimeline","tagName":"SegmentTimeline","S":[{"nodeName":"S","nodeValue":null,"attributes":{"t":"0","d":"24576","r":"297"},"childNodes":[],"prefix":null,"localName":"S","tagName":"S","t":0,"d":24576,"r":297,"__children":[]},{"nodeName":"S","nodeValue":null,"attributes":{"d":"5632"},"childNodes":[],"prefix":null,"localName":"S","tagName":"S","d":5632,"__children":[]}],"__children":[{"nodeName":"S","nodeValue":null,"attributes":{"t":"0","d":"24576","r":"297"},"childNodes":[],"prefix":null,"localName":"S","tagName":"S","t":0,"d":24576,"r":297,"__children":[]},{"nodeName":"S","nodeValue":null,"attributes":{"d":"5632"},"childNodes":[],"prefix":null,"localName":"S","tagName":"S","d":5632,"__children":[]}]}],"prefix":null,"localName":"SegmentTemplate","tagName":"SegmentTemplate","timescale":12288,"initialization":"ll2s-init-stream$RepresentationID$.m4s","media":"ll2s-chunk-stream$RepresentationID$-$Number%05d$.m4s","startNumber":1,"SegmentTimeline":{"nodeName":"SegmentTimeline","nodeValue":null,"attributes":{},"childNodes":[{"nodeName":"S","nodeValue":null,"attributes":{"t":"0","d":"24576","r":"297"},"childNodes":[],"prefix":null,"localName":"S","tagName":"S","t":0,"d":24576,"r":297,"__children":[]},{"nodeName":"S","nodeValue":null,"attributes":{"d":"5632"},"childNodes":[],"prefix":null,"localName":"S","tagName":"S","d":5632,"__children":[]}],"prefix":null,"localName":"SegmentTimeline","tagName":"SegmentTimeline","S":[{"nodeName":"S","nodeValue":null,"attributes":{"t":"0","d":"24576","r":"297"},"childNodes":[],"prefix":null,"localName":"S","tagName":"S","t":0,"d":24576,"r":297,"__children":[]},{"nodeName":"S","nodeValue":null,"attributes":{"d":"5632"},"childNodes":[],"prefix":null,"localName":"S","tagName":"S","d":5632,"__children":[]}],"__children":[{"nodeName":"S","nodeValue":null,"attributes":{"t":"0","d":"24576","r":"297"},"childNodes":[],"prefix":null,"localName":"S","tagName":"S","t":0,"d":24576,"r":297,"__children":[]},{"nodeName":"S","nodeValue":null,"attributes":{"d":"5632"},"childNodes":[],"prefix":null,"localName":"S","tagName":"S","d":5632,"__children":[]}]},"__children":[{"nodeName":"SegmentTimeline","nodeValue":null,"attributes":{},"childNodes":[{"nodeName":"S","nodeValue":null,"attributes":{"t":"0","d":"24576","r":"297"},"childNodes":[],"prefix":null,"localName":"S","tagName":"S","t":0,"d":24576,"r":297,"__children":[]},{"nodeName":"S","nodeValue":null,"attributes":{"d":"5632"},"childNodes":[],"prefix":null,"localName":"S","tagName":"S","d":5632,"__children":[]}],"prefix":null,"localName":"SegmentTimeline","tagName":"SegmentTimeline","S":[{"nodeName":"S","nodeValue":null,"attributes":{"t":"0","d":"24576","r":"297"},"childNodes":[],"prefix":null,"localName":"S","tagName":"S","t":0,"d":24576,"r":297,"__children":[]},{"nodeName":"S","nodeValue":null,"attributes":{"d":"5632"},"childNodes":[],"prefix":null,"localName":"S","tagName":"S","d":5632,"__children":[]}],"__children":[{"nodeName":"S","nodeValue":null,"attributes":{"t":"0","d":"24576","r":"297"},"childNodes":[],"prefix":null,"localName":"S","tagName":"S","t":0,"d":24576,"r":297,"__children":[]},{"nodeName":"S","nodeValue":null,"attributes":{"d":"5632"},"childNodes":[],"prefix":null,"localName":"S","tagName":"S","d":5632,"__children":[]}]}]}],"prefix":null,"localName":"Representation","tagName":"Representation","id":"1","mimeType":"video/mp4","codecs":"avc1.64001f","bandwidth":200000,"width":320,"height":180,"frameRate":"24/1","SegmentTemplate":{"nodeName":"SegmentTemplate","nodeValue":null,"attributes":{"timescale":"12288","initialization":"ll2s-init-stream$RepresentationID$.m4s","media":"ll2s-chunk-stream$RepresentationID$-$Number%05d$.m4s","startNumber":"1"},"childNodes":[{"nodeName":"SegmentTimeline","nodeValue":null,"attributes":{},"childNodes":[{"nodeName":"S","nodeValue":null,"attributes":{"t":"0","d":"24576","r":"297"},"childNodes":[],"prefix":null,"localName":"S","tagName":"S","t":0,"d":24576,"r":297,"__children":[]},{"nodeName":"S","nodeValue":null,"attributes":{"d":"5632"},"childNodes":[],"prefix":null,"localName":"S","tagName":"S","d":5632,"__children":[]}],"prefix":null,"localName":"SegmentTimeline","tagName":"SegmentTimeline","S":[{"nodeName":"S","nodeValue":null,"attributes":{"t":"0","d":"24576","r":"297"},"childNodes":[],"prefix":null,"localName":"S","tagName":"S","t":0,"d":24576,"r":297,"__children":[]},{"nodeName":"S","nodeValue":null,"attributes":{"d":"5632"},"childNodes":[],"prefix":null,"localName":"S","tagName":"S","d":5632,"__children":[]}],"__children":[{"nodeName":"S","nodeValue":null,"attributes":{"t":"0","d":"24576","r":"297"},"childNodes":[],"prefix":null,"localName":"S","tagName":"S","t":0,"d":24576,"r":297,"__children":[]},{"nodeName":"S","nodeValue":null,"attributes":{"d":"5632"},"childNodes":[],"prefix":null,"localName":"S","tagName":"S","d":5632,"__children":[]}]}],"prefix":null,"localName":"SegmentTemplate","tagName":"SegmentTemplate","timescale":12288,"initialization":"ll2s-init-stream$RepresentationID$.m4s","media":"ll2s-chunk-stream$RepresentationID$-$Number%05d$.m4s","startNumber":1,"SegmentTimeline":{"nodeName":"SegmentTimeline","nodeValue":null,"attributes":{},"childNodes":[{"nodeName":"S","nodeValue":null,"attributes":{"t":"0","d":"24576","r":"297"},"childNodes":[],"prefix":null,"localName":"S","tagName":"S","t":0,"d":24576,"r":297,"__children":[]},{"nodeName":"S","nodeValue":null,"attributes":{"d":"5632"},"childNodes":[],"prefix":null,"localName":"S","tagName":"S","d":5632,"__children":[]}],"prefix":null,"localName":"SegmentTimeline","tagName":"SegmentTimeline","S":[{"nodeName":"S","nodeValue":null,"attributes":{"t":"0","d":"24576","r":"297"},"childNodes":[],"prefix":null,"localName":"S","tagName":"S","t":0,"d":24576,"r":297,"__children":[]},{"nodeName":"S","nodeValue":null,"attributes":{"d":"5632"},"childNodes":[],"prefix":null,"localName":"S","tagName":"S","d":5632,"__children":[]}],"__children":[{"nodeName":"S","nodeValue":null,"attributes":{"t":"0","d":"24576","r":"297"},"childNodes":[],"prefix":null,"localName":"S","tagName":"S","t":0,"d":24576,"r":297,"__children":[]},{"nodeName":"S","nodeValue":null,"attributes":{"d":"5632"},"childNodes":[],"prefix":null,"localName":"S","tagName":"S","d":5632,"__children":[]}]},"__children":[{"nodeName":"SegmentTimeline","nodeValue":null,"attributes":{},"childNodes":[{"nodeName":"S","nodeValue":null,"attributes":{"t":"0","d":"24576","r":"297"},"childNodes":[],"prefix":null,"localName":"S","tagName":"S","t":0,"d":24576,"r":297,"__children":[]},{"nodeName":"S","nodeValue":null,"attributes":{"d":"5632"},"childNodes":[],"prefix":null,"localName":"S","tagName":"S","d":5632,"__children":[]}],"prefix":null,"localName":"SegmentTimeline","tagName":"SegmentTimeline","S":[{"nodeName":"S","nodeValue":null,"attributes":{"t":"0","d":"24576","r":"297"},"childNodes":[],"prefix":null,"localName":"S","tagName":"S","t":0,"d":24576,"r":297,"__children":[]},{"nodeName":"S","nodeValue":null,"attributes":{"d":"5632"},"childNodes":[],"prefix":null,"localName":"S","tagName":"S","d":5632,"__children":[]}],"__children":[{"nodeName":"S","nodeValue":null,"attributes":{"t":"0","d":"24576","r":"297"},"childNodes":[],"prefix":null,"localName":"S","tagName":"S","t":0,"d":24576,"r":297,"__children":[]},{"nodeName":"S","nodeValue":null,"attributes":{"d":"5632"},"childNodes":[],"prefix":null,"localName":"S","tagName":"S","d":5632,"__children":[]}]}]},"__children":[{"nodeName":"SegmentTemplate","nodeValue":null,"attributes":{"timescale":"12288","initialization":"ll2s-init-stream$RepresentationID$.m4s","media":"ll2s-chunk-stream$RepresentationID$-$Number%05d$.m4s","startNumber":"1"},"childNodes":[{"nodeName":"SegmentTimeline","nodeValue":null,"attributes":{},"childNodes":[{"nodeName":"S","nodeValue":null,"attributes":{"t":"0","d":"24576","r":"297"},"childNodes":[],"prefix":null,"localName":"S","tagName":"S","t":0,"d":24576,"r":297,"__children":[]},{"nodeName":"S","nodeValue":null,"attributes":{"d":"5632"},"childNodes":[],"prefix":null,"localName":"S","tagName":"S","d":5632,"__children":[]}],"prefix":null,"localName":"SegmentTimeline","tagName":"SegmentTimeline","S":[{"nodeName":"S","nodeValue":null,"attributes":{"t":"0","d":"24576","r":"297"},"childNodes":[],"prefix":null,"localName":"S","tagName":"S","t":0,"d":24576,"r":297,"__children":[]},{"nodeName":"S","nodeValue":null,"attributes":{"d":"5632"},"childNodes":[],"prefix":null,"localName":"S","tagName":"S","d":5632,"__children":[]}],"__children":[{"nodeName":"S","nodeValue":null,"attributes":{"t":"0","d":"24576","r":"297"},"childNodes":[],"prefix":null,"localName":"S","tagName":"S","t":0,"d":24576,"r":297,"__children":[]},{"nodeName":"S","nodeValue":null,"attributes":{"d":"5632"},"childNodes":[],"prefix":null,"localName":"S","tagName":"S","d":5632,"__children":[]}]}],"prefix":null,"localName":"SegmentTemplate","tagName":"SegmentTemplate","timescale":12288,"initialization":"ll2s-init-stream$RepresentationID$.m4s","media":"ll2s-chunk-stream$RepresentationID$-$Number%05d$.m4s","startNumber":1,"SegmentTimeline":{"nodeName":"SegmentTimeline","nodeValue":null,"attributes":{},"childNodes":[{"nodeName":"S","nodeValue":null,"attributes":{"t":"0","d":"24576","r":"297"},"childNodes":[],"prefix":null,"localName":"S","tagName":"S","t":0,"d":24576,"r":297,"__children":[]},{"nodeName":"S","nodeValue":null,"attributes":{"d":"5632"},"childNodes":[],"prefix":null,"localName":"S","tagName":"S","d":5632,"__children":[]}],"prefix":null,"localName":"SegmentTimeline","tagName":"SegmentTimeline","S":[{"nodeName":"S","nodeValue":null,"attributes":{"t":"0","d":"24576","r":"297"},"childNodes":[],"prefix":null,"localName":"S","tagName":"S","t":0,"d":24576,"r":297,"__children":[]},{"nodeName":"S","nodeValue":null,"attributes":{"d":"5632"},"childNodes":[],"prefix":null,"localName":"S","tagName":"S","d":5632,"__children":[]}],"__children":[{"nodeName":"S","nodeValue":null,"attributes":{"t":"0","d":"24576","r":"297"},"childNodes":[],"prefix":null,"localName":"S","tagName":"S","t":0,"d":24576,"r":297,"__children":[]},{"nodeName":"S","nodeValue":null,"attributes":{"d":"5632"},"childNodes":[],"prefix":null,"localName":"S","tagName":"S","d":5632,"__children":[]}]},"__children":[{"nodeName":"SegmentTimeline","nodeValue":null,"attributes":{},"childNodes":[{"nodeName":"S","nodeValue":null,"attributes":{"t":"0","d":"24576","r":"297"},"childNodes":[],"prefix":null,"localName":"S","tagName":"S","t":0,"d":24576,"r":297,"__children":[]},{"nodeName":"S","nodeValue":null,"attributes":{"d":"5632"},"childNodes":[],"prefix":null,"localName":"S","tagName":"S","d":5632,"__children":[]}],"prefix":null,"localName":"SegmentTimeline","tagName":"SegmentTimeline","S":[{"nodeName":"S","nodeValue":null,"attributes":{"t":"0","d":"24576","r":"297"},"childNodes":[],"prefix":null,"localName":"S","tagName":"S","t":0,"d":24576,"r":297,"__children":[]},{"nodeName":"S","nodeValue":null,"attributes":{"d":"5632"},"childNodes":[],"prefix":null,"localName":"S","tagName":"S","d":5632,"__children":[]}],"__children":[{"nodeName":"S","nodeValue":null,"attributes":{"t":"0","d":"24576","r":"297"},"childNodes":[],"prefix":null,"localName":"S","tagName":"S","t":0,"d":24576,"r":297,"__children":[]},{"nodeName":"S","nodeValue":null,"attributes":{"d":"5632"},"childNodes":[],"prefix":null,"localName":"S","tagName":"S","d":5632,"__children":[]}]}]}]},{"nodeName":"Representation","nodeValue":null,"attributes":{"id":"2","mimeType":"video/mp4","codecs":"avc1.64001f","bandwidth":"400000","width":"426","height":"240","frameRate":"24/1"},"childNodes":[{"nodeName":"SegmentTemplate","nodeValue":null,"attributes":{"timescale":"12288","initialization":"ll2s-init-stream$RepresentationID$.m4s","media":"ll2s-chunk-stream$RepresentationID$-$Number%05d$.m4s","startNumber":"1"},"childNodes":[{"nodeName":"SegmentTimeline","nodeValue":null,"attributes":{},"childNodes":[{"nodeName":"S","nodeValue":null,"attributes":{"t":"0","d":"24576","r":"297"},"childNodes":[],"prefix":null,"localName":"S","tagName":"S","t":0,"d":24576,"r":297,"__children":[]},{"nodeName":"S","nodeValue":null,"attributes":{"d":"5632"},"childNodes":[],"prefix":null,"localName":"S","tagName":"S","d":5632,"__children":[]}],"prefix":null,"localName":"SegmentTimeline","tagName":"SegmentTimeline","S":[{"nodeName":"S","nodeValue":null,"attributes":{"t":"0","d":"24576","r":"297"},"childNodes":[],"prefix":null,"localName":"S","tagName":"S","t":0,"d":24576,"r":297,"__children":[]},{"nodeName":"S","nodeValue":null,"attributes":{"d":"5632"},"childNodes":[],"prefix":null,"localName":"S","tagName":"S","d":5632,"__children":[]}],"__children":[{"nodeName":"S","nodeValue":null,"attributes":{"t":"0","d":"24576","r":"297"},"childNodes":[],"prefix":null,"localName":"S","tagName":"S","t":0,"d":24576,"r":297,"__children":[]},{"nodeName":"S","nodeValue":null,"attributes":{"d":"5632"},"childNodes":[],"prefix":null,"localName":"S","tagName":"S","d":5632,"__children":[]}]}],"prefix":null,"localName":"SegmentTemplate","tagName":"SegmentTemplate","timescale":12288,"initialization":"ll2s-init-stream$RepresentationID$.m4s","media":"ll2s-chunk-stream$RepresentationID$-$Number%05d$.m4s","startNumber":1,"SegmentTimeline":{"nodeName":"SegmentTimeline","nodeValue":null,"attributes":{},"childNodes":[{"nodeName":"S","nodeValue":null,"attributes":{"t":"0","d":"24576","r":"297"},"childNodes":[],"prefix":null,"localName":"S","tagName":"S","t":0,"d":24576,"r":297,"__children":[]},{"nodeName":"S","nodeValue":null,"attributes":{"d":"5632"},"childNodes":[],"prefix":null,"localName":"S","tagName":"S","d":5632,"__children":[]}],"prefix":null,"localName":"SegmentTimeline","tagName":"SegmentTimeline","S":[{"nodeName":"S","nodeValue":null,"attributes":{"t":"0","d":"24576","r":"297"},"childNodes":[],"prefix":null,"localName":"S","tagName":"S","t":0,"d":24576,"r":297,"__children":[]},{"nodeName":"S","nodeValue":null,"attributes":{"d":"5632"},"childNodes":[],"prefix":null,"localName":"S","tagName":"S","d":5632,"__children":[]}],"__children":[{"nodeName":"S","nodeValue":null,"attributes":{"t":"0","d":"24576","r":"297"},"childNodes":[],"prefix":null,"localName":"S","tagName":"S","t":0,"d":24576,"r":297,"__children":[]},{"nodeName":"S","nodeValue":null,"attributes":{"d":"5632"},"childNodes":[],"prefix":null,"localName":"S","tagName":"S","d":5632,"__children":[]}]},"__children":[{"nodeName":"SegmentTimeline","nodeValue":null,"attributes":{},"childNodes":[{"nodeName":"S","nodeValue":null,"attributes":{"t":"0","d":"24576","r":"297"},"childNodes":[],"prefix":null,"localName":"S","tagName":"S","t":0,"d":24576,"r":297,"__children":[]},{"nodeName":"S","nodeValue":null,"attributes":{"d":"5632"},"childNodes":[],"prefix":null,"localName":"S","tagName":"S","d":5632,"__children":[]}],"prefix":null,"localName":"SegmentTimeline","tagName":"SegmentTimeline","S":[{"nodeName":"S","nodeValue":null,"attributes":{"t":"0","d":"24576","r":"297"},"childNodes":[],"prefix":null,"localName":"S","tagName":"S","t":0,"d":24576,"r":297,"__children":[]},{"nodeName":"S","nodeValue":null,"attributes":{"d":"5632"},"childNodes":[],"prefix":null,"localName":"S","tagName":"S","d":5632,"__children":[]}],"__children":[{"nodeName":"S","nodeValue":null,"attributes":{"t":"0","d":"24576","r":"297"},"childNodes":[],"prefix":null,"localName":"S","tagName":"S","t":0,"d":24576,"r":297,"__children":[]},{"nodeName":"S","nodeValue":null,"attributes":{"d":"5632"},"childNodes":[],"prefix":null,"localName":"S","tagName":"S","d":5632,"__children":[]}]}]}],"prefix":null,"localName":"Representation","tagName":"Representation","id":"2","mimeType":"video/mp4","codecs":"avc1.64001f","bandwidth":400000,"width":426,"height":240,"frameRate":"24/1","SegmentTemplate":{"nodeName":"SegmentTemplate","nodeValue":null,"attributes":{"timescale":"12288","initialization":"ll2s-init-stream$RepresentationID$.m4s","media":"ll2s-chunk-stream$RepresentationID$-$Number%05d$.m4s","startNumber":"1"},"childNodes":[{"nodeName":"SegmentTimeline","nodeValue":null,"attributes":{},"childNodes":[{"nodeName":"S","nodeValue":null,"attributes":{"t":"0","d":"24576","r":"297"},"childNodes":[],"prefix":null,"localName":"S","tagName":"S","t":0,"d":24576,"r":297,"__children":[]},{"nodeName":"S","nodeValue":null,"attributes":{"d":"5632"},"childNodes":[],"prefix":null,"localName":"S","tagName":"S","d":5632,"__children":[]}],"prefix":null,"localName":"SegmentTimeline","tagName":"SegmentTimeline","S":[{"nodeName":"S","nodeValue":null,"attributes":{"t":"0","d":"24576","r":"297"},"childNodes":[],"prefix":null,"localName":"S","tagName":"S","t":0,"d":24576,"r":297,"__children":[]},{"nodeName":"S","nodeValue":null,"attributes":{"d":"5632"},"childNodes":[],"prefix":null,"localName":"S","tagName":"S","d":5632,"__children":[]}],"__children":[{"nodeName":"S","nodeValue":null,"attributes":{"t":"0","d":"24576","r":"297"},"childNodes":[],"prefix":null,"localName":"S","tagName":"S","t":0,"d":24576,"r":297,"__children":[]},{"nodeName":"S","nodeValue":null,"attributes":{"d":"5632"},"childNodes":[],"prefix":null,"localName":"S","tagName":"S","d":5632,"__children":[]}]}],"prefix":null,"localName":"SegmentTemplate","tagName":"SegmentTemplate","timescale":12288,"initialization":"ll2s-init-stream$RepresentationID$.m4s","media":"ll2s-chunk-stream$RepresentationID$-$Number%05d$.m4s","startNumber":1,"SegmentTimeline":{"nodeName":"SegmentTimeline","nodeValue":null,"attributes":{},"childNodes":[{"nodeName":"S","nodeValue":null,"attributes":{"t":"0","d":"24576","r":"297"},"childNodes":[],"prefix":null,"localName":"S","tagName":"S","t":0,"d":24576,"r":297,"__children":[]},{"nodeName":"S","nodeValue":null,"attributes":{"d":"5632"},"childNodes":[],"prefix":null,"localName":"S","tagName":"S","d":5632,"__children":[]}],"prefix":null,"localName":"SegmentTimeline","tagName":"SegmentTimeline","S":[{"nodeName":"S","nodeValue":null,"attributes":{"t":"0","d":"24576","r":"297"},"childNodes":[],"prefix":null,"localName":"S","tagName":"S","t":0,"d":24576,"r":297,"__children":[]},{"nodeName":"S","nodeValue":null,"attributes":{"d":"5632"},"childNodes":[],"prefix":null,"localName":"S","tagName":"S","d":5632,"__children":[]}],"__children":[{"nodeName":"S","nodeValue":null,"attributes":{"t":"0","d":"24576","r":"297"},"childNodes":[],"prefix":null,"localName":"S","tagName":"S","t":0,"d":24576,"r":297,"__children":[]},{"nodeName":"S","nodeValue":null,"attributes":{"d":"5632"},"childNodes":[],"prefix":null,"localName":"S","tagName":"S","d":5632,"__children":[]}]},"__children":[{"nodeName":"SegmentTimeline","nodeValue":null,"attributes":{},"childNodes":[{"nodeName":"S","nodeValue":null,"attributes":{"t":"0","d":"24576","r":"297"},"childNodes":[],"prefix":null,"localName":"S","tagName":"S","t":0,"d":24576,"r":297,"__children":[]},{"nodeName":"S","nodeValue":null,"attributes":{"d":"5632"},"childNodes":[],"prefix":null,"localName":"S","tagName":"S","d":5632,"__children":[]}],"prefix":null,"localName":"SegmentTimeline","tagName":"SegmentTimeline","S":[{"nodeName":"S","nodeValue":null,"attributes":{"t":"0","d":"24576","r":"297"},"childNodes":[],"prefix":null,"localName":"S","tagName":"S","t":0,"d":24576,"r":297,"__children":[]},{"nodeName":"S","nodeValue":null,"attributes":{"d":"5632"},"childNodes":[],"prefix":null,"localName":"S","tagName":"S","d":5632,"__children":[]}],"__children":[{"nodeName":"S","nodeValue":null,"attributes":{"t":"0","d":"24576","r":"297"},"childNodes":[],"prefix":null,"localName":"S","tagName":"S","t":0,"d":24576,"r":297,"__children":[]},{"nodeName":"S","nodeValue":null,"attributes":{"d":"5632"},"childNodes":[],"prefix":null,"localName":"S","tagName":"S","d":5632,"__children":[]}]}]},"__children":[{"nodeName":"SegmentTemplate","nodeValue":null,"attributes":{"timescale":"12288","initialization":"ll2s-init-stream$RepresentationID$.m4s","media":"ll2s-chunk-stream$RepresentationID$-$Number%05d$.m4s","startNumber":"1"},"childNodes":[{"nodeName":"SegmentTimeline","nodeValue":null,"attributes":{},"childNodes":[{"nodeName":"S","nodeValue":null,"attributes":{"t":"0","d":"24576","r":"297"},"childNodes":[],"prefix":null,"localName":"S","tagName":"S","t":0,"d":24576,"r":297,"__children":[]},{"nodeName":"S","nodeValue":null,"attributes":{"d":"5632"},"childNodes":[],"prefix":null,"localName":"S","tagName":"S","d":5632,"__children":[]}],"prefix":null,"localName":"SegmentTimeline","tagName":"SegmentTimeline","S":[{"nodeName":"S","nodeValue":null,"attributes":{"t":"0","d":"24576","r":"297"},"childNodes":[],"prefix":null,"localName":"S","tagName":"S","t":0,"d":24576,"r":297,"__children":[]},{"nodeName":"S","nodeValue":null,"attributes":{"d":"5632"},"childNodes":[],"prefix":null,"localName":"S","tagName":"S","d":5632,"__children":[]}],"__children":[{"nodeName":"S","nodeValue":null,"attributes":{"t":"0","d":"24576","r":"297"},"childNodes":[],"prefix":null,"localName":"S","tagName":"S","t":0,"d":24576,"r":297,"__children":[]},{"nodeName":"S","nodeValue":null,"attributes":{"d":"5632"},"childNodes":[],"prefix":null,"localName":"S","tagName":"S","d":5632,"__children":[]}]}],"prefix":null,"localName":"SegmentTemplate","tagName":"SegmentTemplate","timescale":12288,"initialization":"ll2s-init-stream$RepresentationID$.m4s","media":"ll2s-chunk-stream$RepresentationID$-$Number%05d$.m4s","startNumber":1,"SegmentTimeline":{"nodeName":"SegmentTimeline","nodeValue":null,"attributes":{},"childNodes":[{"nodeName":"S","nodeValue":null,"attributes":{"t":"0","d":"24576","r":"297"},"childNodes":[],"prefix":null,"localName":"S","tagName":"S","t":0,"d":24576,"r":297,"__children":[]},{"nodeName":"S","nodeValue":null,"attributes":{"d":"5632"},"childNodes":[],"prefix":null,"localName":"S","tagName":"S","d":5632,"__children":[]}],"prefix":null,"localName":"SegmentTimeline","tagName":"SegmentTimeline","S":[{"nodeName":"S","nodeValue":null,"attributes":{"t":"0","d":"24576","r":"297"},"childNodes":[],"prefix":null,"localName":"S","tagName":"S","t":0,"d":24576,"r":297,"__children":[]},{"nodeName":"S","nodeValue":null,"attributes":{"d":"5632"},"childNodes":[],"prefix":null,"localName":"S","tagName":"S","d":5632,"__children":[]}],"__children":[{"nodeName":"S","nodeValue":null,"attributes":{"t":"0","d":"24576","r":"297"},"childNodes":[],"prefix":null,"localName":"S","tagName":"S","t":0,"d":24576,"r":297,"__children":[]},{"nodeName":"S","nodeValue":null,"attributes":{"d":"5632"},"childNodes":[],"prefix":null,"localName":"S","tagName":"S","d":5632,"__children":[]}]},"__children":[{"nodeName":"SegmentTimeline","nodeValue":null,"attributes":{},"childNodes":[{"nodeName":"S","nodeValue":null,"attributes":{"t":"0","d":"24576","r":"297"},"childNodes":[],"prefix":null,"localName":"S","tagName":"S","t":0,"d":24576,"r":297,"__children":[]},{"nodeName":"S","nodeValue":null,"attributes":{"d":"5632"},"childNodes":[],"prefix":null,"localName":"S","tagName":"S","d":5632,"__children":[]}],"prefix":null,"localName":"SegmentTimeline","tagName":"SegmentTimeline","S":[{"nodeName":"S","nodeValue":null,"attributes":{"t":"0","d":"24576","r":"297"},"childNodes":[],"prefix":null,"localName":"S","tagName":"S","t":0,"d":24576,"r":297,"__children":[]},{"nodeName":"S","nodeValue":null,"attributes":{"d":"5632"},"childNodes":[],"prefix":null,"localName":"S","tagName":"S","d":5632,"__children":[]}],"__children":[{"nodeName":"S","nodeValue":null,"attributes":{"t":"0","d":"24576","r":"297"},"childNodes":[],"prefix":null,"localName":"S","tagName":"S","t":0,"d":24576,"r":297,"__children":[]},{"nodeName":"S","nodeValue":null,"attributes":{"d":"5632"},"childNodes":[],"prefix":null,"localName":"S","tagName":"S","d":5632,"__children":[]}]}]}]},{"nodeName":"Representation","nodeValue":null,"attributes":{"id":"3","mimeType":"video/mp4","codecs":"avc1.64001f","bandwidth":"600000","width":"480","height":"270","frameRate":"24/1"},"childNodes":[{"nodeName":"SegmentTemplate","nodeValue":null,"attributes":{"timescale":"12288","initialization":"ll2s-init-stream$RepresentationID$.m4s","media":"ll2s-chunk-stream$RepresentationID$-$Number%05d$.m4s","startNumber":"1"},"childNodes":[{"nodeName":"SegmentTimeline","nodeValue":null,"attributes":{},"childNodes":[{"nodeName":"S","nodeValue":null,"attributes":{"t":"0","d":"24576","r":"297"},"childNodes":[],"prefix":null,"localName":"S","tagName":"S","t":0,"d":24576,"r":297,"__children":[]},{"nodeName":"S","nodeValue":null,"attributes":{"d":"5632"},"childNodes":[],"prefix":null,"localName":"S","tagName":"S","d":5632,"__children":[]}],"prefix":null,"localName":"SegmentTimeline","tagName":"SegmentTimeline","S":[{"nodeName":"S","nodeValue":null,"attributes":{"t":"0","d":"24576","r":"297"},"childNodes":[],"prefix":null,"localName":"S","tagName":"S","t":0,"d":24576,"r":297,"__children":[]},{"nodeName":"S","nodeValue":null,"attributes":{"d":"5632"},"childNodes":[],"prefix":null,"localName":"S","tagName":"S","d":5632,"__children":[]}],"__children":[{"nodeName":"S","nodeValue":null,"attributes":{"t":"0","d":"24576","r":"297"},"childNodes":[],"prefix":null,"localName":"S","tagName":"S","t":0,"d":24576,"r":297,"__children":[]},{"nodeName":"S","nodeValue":null,"attributes":{"d":"5632"},"childNodes":[],"prefix":null,"localName":"S","tagName":"S","d":5632,"__children":[]}]}],"prefix":null,"localName":"SegmentTemplate","tagName":"SegmentTemplate","timescale":12288,"initialization":"ll2s-init-stream$RepresentationID$.m4s","media":"ll2s-chunk-stream$RepresentationID$-$Number%05d$.m4s","startNumber":1,"SegmentTimeline":{"nodeName":"SegmentTimeline","nodeValue":null,"attributes":{},"childNodes":[{"nodeName":"S","nodeValue":null,"attributes":{"t":"0","d":"24576","r":"297"},"childNodes":[],"prefix":null,"localName":"S","tagName":"S","t":0,"d":24576,"r":297,"__children":[]},{"nodeName":"S","nodeValue":null,"attributes":{"d":"5632"},"childNodes":[],"prefix":null,"localName":"S","tagName":"S","d":5632,"__children":[]}],"prefix":null,"localName":"SegmentTimeline","tagName":"SegmentTimeline","S":[{"nodeName":"S","nodeValue":null,"attributes":{"t":"0","d":"24576","r":"297"},"childNodes":[],"prefix":null,"localName":"S","tagName":"S","t":0,"d":24576,"r":297,"__children":[]},{"nodeName":"S","nodeValue":null,"attributes":{"d":"5632"},"childNodes":[],"prefix":null,"localName":"S","tagName":"S","d":5632,"__children":[]}],"__children":[{"nodeName":"S","nodeValue":null,"attributes":{"t":"0","d":"24576","r":"297"},"childNodes":[],"prefix":null,"localName":"S","tagName":"S","t":0,"d":24576,"r":297,"__children":[]},{"nodeName":"S","nodeValue":null,"attributes":{"d":"5632"},"childNodes":[],"prefix":null,"localName":"S","tagName":"S","d":5632,"__children":[]}]},"__children":[{"nodeName":"SegmentTimeline","nodeValue":null,"attributes":{},"childNodes":[{"nodeName":"S","nodeValue":null,"attributes":{"t":"0","d":"24576","r":"297"},"childNodes":[],"prefix":null,"localName":"S","tagName":"S","t":0,"d":24576,"r":297,"__children":[]},{"nodeName":"S","nodeValue":null,"attributes":{"d":"5632"},"childNodes":[],"prefix":null,"localName":"S","tagName":"S","d":5632,"__children":[]}],"prefix":null,"localName":"SegmentTimeline","tagName":"SegmentTimeline","S":[{"nodeName":"S","nodeValue":null,"attributes":{"t":"0","d":"24576","r":"297"},"childNodes":[],"prefix":null,"localName":"S","tagName":"S","t":0,"d":24576,"r":297,"__children":[]},{"nodeName":"S","nodeValue":null,"attributes":{"d":"5632"},"childNodes":[],"prefix":null,"localName":"S","tagName":"S","d":5632,"__children":[]}],"__children":[{"nodeName":"S","nodeValue":null,"attributes":{"t":"0","d":"24576","r":"297"},"childNodes":[],"prefix":null,"localName":"S","tagName":"S","t":0,"d":24576,"r":297,"__children":[]},{"nodeName":"S","nodeValue":null,"attributes":{"d":"5632"},"childNodes":[],"prefix":null,"localName":"S","tagName":"S","d":5632,"__children":[]}]}]}],"prefix":null,"localName":"Representation","tagName":"Representation","id":"3","mimeType":"video/mp4","codecs":"avc1.64001f","bandwidth":600000,"width":480,"height":270,"frameRate":"24/1","SegmentTemplate":{"nodeName":"SegmentTemplate","nodeValue":null,"attributes":{"timescale":"12288","initialization":"ll2s-init-stream$RepresentationID$.m4s","media":"ll2s-chunk-stream$RepresentationID$-$Number%05d$.m4s","startNumber":"1"},"childNodes":[{"nodeName":"SegmentTimeline","nodeValue":null,"attributes":{},"childNodes":[{"nodeName":"S","nodeValue":null,"attributes":{"t":"0","d":"24576","r":"297"},"childNodes":[],"prefix":null,"localName":"S","tagName":"S","t":0,"d":24576,"r":297,"__children":[]},{"nodeName":"S","nodeValue":null,"attributes":{"d":"5632"},"childNodes":[],"prefix":null,"localName":"S","tagName":"S","d":5632,"__children":[]}],"prefix":null,"localName":"SegmentTimeline","tagName":"SegmentTimeline","S":[{"nodeName":"S","nodeValue":null,"attributes":{"t":"0","d":"24576","r":"297"},"childNodes":[],"prefix":null,"localName":"S","tagName":"S","t":0,"d":24576,"r":297,"__children":[]},{"nodeName":"S","nodeValue":null,"attributes":{"d":"5632"},"childNodes":[],"prefix":null,"localName":"S","tagName":"S","d":5632,"__children":[]}],"__children":[{"nodeName":"S","nodeValue":null,"attributes":{"t":"0","d":"24576","r":"297"},"childNodes":[],"prefix":null,"localName":"S","tagName":"S","t":0,"d":24576,"r":297,"__children":[]},{"nodeName":"S","nodeValue":null,"attributes":{"d":"5632"},"childNodes":[],"prefix":null,"localName":"S","tagName":"S","d":5632,"__children":[]}]}],"prefix":null,"localName":"SegmentTemplate","tagName":"SegmentTemplate","timescale":12288,"initialization":"ll2s-init-stream$RepresentationID$.m4s","media":"ll2s-chunk-stream$RepresentationID$-$Number%05d$.m4s","startNumber":1,"SegmentTimeline":{"nodeName":"SegmentTimeline","nodeValue":null,"attributes":{},"childNodes":[{"nodeName":"S","nodeValue":null,"attributes":{"t":"0","d":"24576","r":"297"},"childNodes":[],"prefix":null,"localName":"S","tagName":"S","t":0,"d":24576,"r":297,"__children":[]},{"nodeName":"S","nodeValue":null,"attributes":{"d":"5632"},"childNodes":[],"prefix":null,"localName":"S","tagName":"S","d":5632,"__children":[]}],"prefix":null,"localName":"SegmentTimeline","tagName":"SegmentTimeline","S":[{"nodeName":"S","nodeValue":null,"attributes":{"t":"0","d":"24576","r":"297"},"childNodes":[],"prefix":null,"localName":"S","tagName":"S","t":0,"d":24576,"r":297,"__children":[]},{"nodeName":"S","nodeValue":null,"attributes":{"d":"5632"},"childNodes":[],"prefix":null,"localName":"S","tagName":"S","d":5632,"__children":[]}],"__children":[{"nodeName":"S","nodeValue":null,"attributes":{"t":"0","d":"24576","r":"297"},"childNodes":[],"prefix":null,"localName":"S","tagName":"S","t":0,"d":24576,"r":297,"__children":[]},{"nodeName":"S","nodeValue":null,"attributes":{"d":"5632"},"childNodes":[],"prefix":null,"localName":"S","tagName":"S","d":5632,"__children":[]}]},"__children":[{"nodeName":"SegmentTimeline","nodeValue":null,"attributes":{},"childNodes":[{"nodeName":"S","nodeValue":null,"attributes":{"t":"0","d":"24576","r":"297"},"childNodes":[],"prefix":null,"localName":"S","tagName":"S","t":0,"d":24576,"r":297,"__children":[]},{"nodeName":"S","nodeValue":null,"attributes":{"d":"5632"},"childNodes":[],"prefix":null,"localName":"S","tagName":"S","d":5632,"__children":[]}],"prefix":null,"localName":"SegmentTimeline","tagName":"SegmentTimeline","S":[{"nodeName":"S","nodeValue":null,"attributes":{"t":"0","d":"24576","r":"297"},"childNodes":[],"prefix":null,"localName":"S","tagName":"S","t":0,"d":24576,"r":297,"__children":[]},{"nodeName":"S","nodeValue":null,"attributes":{"d":"5632"},"childNodes":[],"prefix":null,"localName":"S","tagName":"S","d":5632,"__children":[]}],"__children":[{"nodeName":"S","nodeValue":null,"attributes":{"t":"0","d":"24576","r":"297"},"childNodes":[],"prefix":null,"localName":"S","tagName":"S","t":0,"d":24576,"r":297,"__children":[]},{"nodeName":"S","nodeValue":null,"attributes":{"d":"5632"},"childNodes":[],"prefix":null,"localName":"S","tagName":"S","d":5632,"__children":[]}]}]},"__children":[{"nodeName":"SegmentTemplate","nodeValue":null,"attributes":{"timescale":"12288","initialization":"ll2s-init-stream$RepresentationID$.m4s","media":"ll2s-chunk-stream$RepresentationID$-$Number%05d$.m4s","startNumber":"1"},"childNodes":[{"nodeName":"SegmentTimeline","nodeValue":null,"attributes":{},"childNodes":[{"nodeName":"S","nodeValue":null,"attributes":{"t":"0","d":"24576","r":"297"},"childNodes":[],"prefix":null,"localName":"S","tagName":"S","t":0,"d":24576,"r":297,"__children":[]},{"nodeName":"S","nodeValue":null,"attributes":{"d":"5632"},"childNodes":[],"prefix":null,"localName":"S","tagName":"S","d":5632,"__children":[]}],"prefix":null,"localName":"SegmentTimeline","tagName":"SegmentTimeline","S":[{"nodeName":"S","nodeValue":null,"attributes":{"t":"0","d":"24576","r":"297"},"childNodes":[],"prefix":null,"localName":"S","tagName":"S","t":0,"d":24576,"r":297,"__children":[]},{"nodeName":"S","nodeValue":null,"attributes":{"d":"5632"},"childNodes":[],"prefix":null,"localName":"S","tagName":"S","d":5632,"__children":[]}],"__children":[{"nodeName":"S","nodeValue":null,"attributes":{"t":"0","d":"24576","r":"297"},"childNodes":[],"prefix":null,"localName":"S","tagName":"S","t":0,"d":24576,"r":297,"__children":[]},{"nodeName":"S","nodeValue":null,"attributes":{"d":"5632"},"childNodes":[],"prefix":null,"localName":"S","tagName":"S","d":5632,"__children":[]}]}],"prefix":null,"localName":"SegmentTemplate","tagName":"SegmentTemplate","timescale":12288,"initialization":"ll2s-init-stream$RepresentationID$.m4s","media":"ll2s-chunk-stream$RepresentationID$-$Number%05d$.m4s","startNumber":1,"SegmentTimeline":{"nodeName":"SegmentTimeline","nodeValue":null,"attributes":{},"childNodes":[{"nodeName":"S","nodeValue":null,"attributes":{"t":"0","d":"24576","r":"297"},"childNodes":[],"prefix":null,"localName":"S","tagName":"S","t":0,"d":24576,"r":297,"__children":[]},{"nodeName":"S","nodeValue":null,"attributes":{"d":"5632"},"childNodes":[],"prefix":null,"localName":"S","tagName":"S","d":5632,"__children":[]}],"prefix":null,"localName":"SegmentTimeline","tagName":"SegmentTimeline","S":[{"nodeName":"S","nodeValue":null,"attributes":{"t":"0","d":"24576","r":"297"},"childNodes":[],"prefix":null,"localName":"S","tagName":"S","t":0,"d":24576,"r":297,"__children":[]},{"nodeName":"S","nodeValue":null,"attributes":{"d":"5632"},"childNodes":[],"prefix":null,"localName":"S","tagName":"S","d":5632,"__children":[]}],"__children":[{"nodeName":"S","nodeValue":null,"attributes":{"t":"0","d":"24576","r":"297"},"childNodes":[],"prefix":null,"localName":"S","tagName":"S","t":0,"d":24576,"r":297,"__children":[]},{"nodeName":"S","nodeValue":null,"attributes":{"d":"5632"},"childNodes":[],"prefix":null,"localName":"S","tagName":"S","d":5632,"__children":[]}]},"__children":[{"nodeName":"SegmentTimeline","nodeValue":null,"attributes":{},"childNodes":[{"nodeName":"S","nodeValue":null,"attributes":{"t":"0","d":"24576","r":"297"},"childNodes":[],"prefix":null,"localName":"S","tagName":"S","t":0,"d":24576,"r":297,"__children":[]},{"nodeName":"S","nodeValue":null,"attributes":{"d":"5632"},"childNodes":[],"prefix":null,"localName":"S","tagName":"S","d":5632,"__children":[]}],"prefix":null,"localName":"SegmentTimeline","tagName":"SegmentTimeline","S":[{"nodeName":"S","nodeValue":null,"attributes":{"t":"0","d":"24576","r":"297"},"childNodes":[],"prefix":null,"localName":"S","tagName":"S","t":0,"d":24576,"r":297,"__children":[]},{"nodeName":"S","nodeValue":null,"attributes":{"d":"5632"},"childNodes":[],"prefix":null,"localName":"S","tagName":"S","d":5632,"__children":[]}],"__children":[{"nodeName":"S","nodeValue":null,"attributes":{"t":"0","d":"24576","r":"297"},"childNodes":[],"prefix":null,"localName":"S","tagName":"S","t":0,"d":24576,"r":297,"__children":[]},{"nodeName":"S","nodeValue":null,"attributes":{"d":"5632"},"childNodes":[],"prefix":null,"localName":"S","tagName":"S","d":5632,"__children":[]}]}]}]},{"nodeName":"Representation","nodeValue":null,"attributes":{"id":"4","mimeType":"video/mp4","codecs":"avc1.64001f","bandwidth":"800000","width":"640","height":"360","frameRate":"24/1"},"childNodes":[{"nodeName":"SegmentTemplate","nodeValue":null,"attributes":{"timescale":"12288","initialization":"ll2s-init-stream$RepresentationID$.m4s","media":"ll2s-chunk-stream$RepresentationID$-$Number%05d$.m4s","startNumber":"1"},"childNodes":[{"nodeName":"SegmentTimeline","nodeValue":null,"attributes":{},"childNodes":[{"nodeName":"S","nodeValue":null,"attributes":{"t":"0","d":"24576","r":"297"},"childNodes":[],"prefix":null,"localName":"S","tagName":"S","t":0,"d":24576,"r":297,"__children":[]},{"nodeName":"S","nodeValue":null,"attributes":{"d":"5632"},"childNodes":[],"prefix":null,"localName":"S","tagName":"S","d":5632,"__children":[]}],"prefix":null,"localName":"SegmentTimeline","tagName":"SegmentTimeline","S":[{"nodeName":"S","nodeValue":null,"attributes":{"t":"0","d":"24576","r":"297"},"childNodes":[],"prefix":null,"localName":"S","tagName":"S","t":0,"d":24576,"r":297,"__children":[]},{"nodeName":"S","nodeValue":null,"attributes":{"d":"5632"},"childNodes":[],"prefix":null,"localName":"S","tagName":"S","d":5632,"__children":[]}],"__children":[{"nodeName":"S","nodeValue":null,"attributes":{"t":"0","d":"24576","r":"297"},"childNodes":[],"prefix":null,"localName":"S","tagName":"S","t":0,"d":24576,"r":297,"__children":[]},{"nodeName":"S","nodeValue":null,"attributes":{"d":"5632"},"childNodes":[],"prefix":null,"localName":"S","tagName":"S","d":5632,"__children":[]}]}],"prefix":null,"localName":"SegmentTemplate","tagName":"SegmentTemplate","timescale":12288,"initialization":"ll2s-init-stream$RepresentationID$.m4s","media":"ll2s-chunk-stream$RepresentationID$-$Number%05d$.m4s","startNumber":1,"SegmentTimeline":{"nodeName":"SegmentTimeline","nodeValue":null,"attributes":{},"childNodes":[{"nodeName":"S","nodeValue":null,"attributes":{"t":"0","d":"24576","r":"297"},"childNodes":[],"prefix":null,"localName":"S","tagName":"S","t":0,"d":24576,"r":297,"__children":[]},{"nodeName":"S","nodeValue":null,"attributes":{"d":"5632"},"childNodes":[],"prefix":null,"localName":"S","tagName":"S","d":5632,"__children":[]}],"prefix":null,"localName":"SegmentTimeline","tagName":"SegmentTimeline","S":[{"nodeName":"S","nodeValue":null,"attributes":{"t":"0","d":"24576","r":"297"},"childNodes":[],"prefix":null,"localName":"S","tagName":"S","t":0,"d":24576,"r":297,"__children":[]},{"nodeName":"S","nodeValue":null,"attributes":{"d":"5632"},"childNodes":[],"prefix":null,"localName":"S","tagName":"S","d":5632,"__children":[]}],"__children":[{"nodeName":"S","nodeValue":null,"attributes":{"t":"0","d":"24576","r":"297"},"childNodes":[],"prefix":null,"localName":"S","tagName":"S","t":0,"d":24576,"r":297,"__children":[]},{"nodeName":"S","nodeValue":null,"attributes":{"d":"5632"},"childNodes":[],"prefix":null,"localName":"S","tagName":"S","d":5632,"__children":[]}]},"__children":[{"nodeName":"SegmentTimeline","nodeValue":null,"attributes":{},"childNodes":[{"nodeName":"S","nodeValue":null,"attributes":{"t":"0","d":"24576","r":"297"},"childNodes":[],"prefix":null,"localName":"S","tagName":"S","t":0,"d":24576,"r":297,"__children":[]},{"nodeName":"S","nodeValue":null,"attributes":{"d":"5632"},"childNodes":[],"prefix":null,"localName":"S","tagName":"S","d":5632,"__children":[]}],"prefix":null,"localName":"SegmentTimeline","tagName":"SegmentTimeline","S":[{"nodeName":"S","nodeValue":null,"attributes":{"t":"0","d":"24576","r":"297"},"childNodes":[],"prefix":null,"localName":"S","tagName":"S","t":0,"d":24576,"r":297,"__children":[]},{"nodeName":"S","nodeValue":null,"attributes":{"d":"5632"},"childNodes":[],"prefix":null,"localName":"S","tagName":"S","d":5632,"__children":[]}],"__children":[{"nodeName":"S","nodeValue":null,"attributes":{"t":"0","d":"24576","r":"297"},"childNodes":[],"prefix":null,"localName":"S","tagName":"S","t":0,"d":24576,"r":297,"__children":[]},{"nodeName":"S","nodeValue":null,"attributes":{"d":"5632"},"childNodes":[],"prefix":null,"localName":"S","tagName":"S","d":5632,"__children":[]}]}]}],"prefix":null,"localName":"Representation","tagName":"Representation","id":"4","mimeType":"video/mp4","codecs":"avc1.64001f","bandwidth":800000,"width":640,"height":360,"frameRate":"24/1","SegmentTemplate":{"nodeName":"SegmentTemplate","nodeValue":null,"attributes":{"timescale":"12288","initialization":"ll2s-init-stream$RepresentationID$.m4s","media":"ll2s-chunk-stream$RepresentationID$-$Number%05d$.m4s","startNumber":"1"},"childNodes":[{"nodeName":"SegmentTimeline","nodeValue":null,"attributes":{},"childNodes":[{"nodeName":"S","nodeValue":null,"attributes":{"t":"0","d":"24576","r":"297"},"childNodes":[],"prefix":null,"localName":"S","tagName":"S","t":0,"d":24576,"r":297,"__children":[]},{"nodeName":"S","nodeValue":null,"attributes":{"d":"5632"},"childNodes":[],"prefix":null,"localName":"S","tagName":"S","d":5632,"__children":[]}],"prefix":null,"localName":"SegmentTimeline","tagName":"SegmentTimeline","S":[{"nodeName":"S","nodeValue":null,"attributes":{"t":"0","d":"24576","r":"297"},"childNodes":[],"prefix":null,"localName":"S","tagName":"S","t":0,"d":24576,"r":297,"__children":[]},{"nodeName":"S","nodeValue":null,"attributes":{"d":"5632"},"childNodes":[],"prefix":null,"localName":"S","tagName":"S","d":5632,"__children":[]}],"__children":[{"nodeName":"S","nodeValue":null,"attributes":{"t":"0","d":"24576","r":"297"},"childNodes":[],"prefix":null,"localName":"S","tagName":"S","t":0,"d":24576,"r":297,"__children":[]},{"nodeName":"S","nodeValue":null,"attributes":{"d":"5632"},"childNodes":[],"prefix":null,"localName":"S","tagName":"S","d":5632,"__children":[]}]}],"prefix":null,"localName":"SegmentTemplate","tagName":"SegmentTemplate","timescale":12288,"initialization":"ll2s-init-stream$RepresentationID$.m4s","media":"ll2s-chunk-stream$RepresentationID$-$Number%05d$.m4s","startNumber":1,"SegmentTimeline":{"nodeName":"SegmentTimeline","nodeValue":null,"attributes":{},"childNodes":[{"nodeName":"S","nodeValue":null,"attributes":{"t":"0","d":"24576","r":"297"},"childNodes":[],"prefix":null,"localName":"S","tagName":"S","t":0,"d":24576,"r":297,"__children":[]},{"nodeName":"S","nodeValue":null,"attributes":{"d":"5632"},"childNodes":[],"prefix":null,"localName":"S","tagName":"S","d":5632,"__children":[]}],"prefix":null,"localName":"SegmentTimeline","tagName":"SegmentTimeline","S":[{"nodeName":"S","nodeValue":null,"attributes":{"t":"0","d":"24576","r":"297"},"childNodes":[],"prefix":null,"localName":"S","tagName":"S","t":0,"d":24576,"r":297,"__children":[]},{"nodeName":"S","nodeValue":null,"attributes":{"d":"5632"},"childNodes":[],"prefix":null,"localName":"S","tagName":"S","d":5632,"__children":[]}],"__children":[{"nodeName":"S","nodeValue":null,"attributes":{"t":"0","d":"24576","r":"297"},"childNodes":[],"prefix":null,"localName":"S","tagName":"S","t":0,"d":24576,"r":297,"__children":[]},{"nodeName":"S","nodeValue":null,"attributes":{"d":"5632"},"childNodes":[],"prefix":null,"localName":"S","tagName":"S","d":5632,"__children":[]}]},"__children":[{"nodeName":"SegmentTimeline","nodeValue":null,"attributes":{},"childNodes":[{"nodeName":"S","nodeValue":null,"attributes":{"t":"0","d":"24576","r":"297"},"childNodes":[],"prefix":null,"localName":"S","tagName":"S","t":0,"d":24576,"r":297,"__children":[]},{"nodeName":"S","nodeValue":null,"attributes":{"d":"5632"},"childNodes":[],"prefix":null,"localName":"S","tagName":"S","d":5632,"__children":[]}],"prefix":null,"localName":"SegmentTimeline","tagName":"SegmentTimeline","S":[{"nodeName":"S","nodeValue":null,"attributes":{"t":"0","d":"24576","r":"297"},"childNodes":[],"prefix":null,"localName":"S","tagName":"S","t":0,"d":24576,"r":297,"__children":[]},{"nodeName":"S","nodeValue":null,"attributes":{"d":"5632"},"childNodes":[],"prefix":null,"localName":"S","tagName":"S","d":5632,"__children":[]}],"__children":[{"nodeName":"S","nodeValue":null,"attributes":{"t":"0","d":"24576","r":"297"},"childNodes":[],"prefix":null,"localName":"S","tagName":"S","t":0,"d":24576,"r":297,"__children":[]},{"nodeName":"S","nodeValue":null,"attributes":{"d":"5632"},"childNodes":[],"prefix":null,"localName":"S","tagName":"S","d":5632,"__children":[]}]}]},"__children":[{"nodeName":"SegmentTemplate","nodeValue":null,"attributes":{"timescale":"12288","initialization":"ll2s-init-stream$RepresentationID$.m4s","media":"ll2s-chunk-stream$RepresentationID$-$Number%05d$.m4s","startNumber":"1"},"childNodes":[{"nodeName":"SegmentTimeline","nodeValue":null,"attributes":{},"childNodes":[{"nodeName":"S","nodeValue":null,"attributes":{"t":"0","d":"24576","r":"297"},"childNodes":[],"prefix":null,"localName":"S","tagName":"S","t":0,"d":24576,"r":297,"__children":[]},{"nodeName":"S","nodeValue":null,"attributes":{"d":"5632"},"childNodes":[],"prefix":null,"localName":"S","tagName":"S","d":5632,"__children":[]}],"prefix":null,"localName":"SegmentTimeline","tagName":"SegmentTimeline","S":[{"nodeName":"S","nodeValue":null,"attributes":{"t":"0","d":"24576","r":"297"},"childNodes":[],"prefix":null,"localName":"S","tagName":"S","t":0,"d":24576,"r":297,"__children":[]},{"nodeName":"S","nodeValue":null,"attributes":{"d":"5632"},"childNodes":[],"prefix":null,"localName":"S","tagName":"S","d":5632,"__children":[]}],"__children":[{"nodeName":"S","nodeValue":null,"attributes":{"t":"0","d":"24576","r":"297"},"childNodes":[],"prefix":null,"localName":"S","tagName":"S","t":0,"d":24576,"r":297,"__children":[]},{"nodeName":"S","nodeValue":null,"attributes":{"d":"5632"},"childNodes":[],"prefix":null,"localName":"S","tagName":"S","d":5632,"__children":[]}]}],"prefix":null,"localName":"SegmentTemplate","tagName":"SegmentTemplate","timescale":12288,"initialization":"ll2s-init-stream$RepresentationID$.m4s","media":"ll2s-chunk-stream$RepresentationID$-$Number%05d$.m4s","startNumber":1,"SegmentTimeline":{"nodeName":"SegmentTimeline","nodeValue":null,"attributes":{},"childNodes":[{"nodeName":"S","nodeValue":null,"attributes":{"t":"0","d":"24576","r":"297"},"childNodes":[],"prefix":null,"localName":"S","tagName":"S","t":0,"d":24576,"r":297,"__children":[]},{"nodeName":"S","nodeValue":null,"attributes":{"d":"5632"},"childNodes":[],"prefix":null,"localName":"S","tagName":"S","d":5632,"__children":[]}],"prefix":null,"localName":"SegmentTimeline","tagName":"SegmentTimeline","S":[{"nodeName":"S","nodeValue":null,"attributes":{"t":"0","d":"24576","r":"297"},"childNodes":[],"prefix":null,"localName":"S","tagName":"S","t":0,"d":24576,"r":297,"__children":[]},{"nodeName":"S","nodeValue":null,"attributes":{"d":"5632"},"childNodes":[],"prefix":null,"localName":"S","tagName":"S","d":5632,"__children":[]}],"__children":[{"nodeName":"S","nodeValue":null,"attributes":{"t":"0","d":"24576","r":"297"},"childNodes":[],"prefix":null,"localName":"S","tagName":"S","t":0,"d":24576,"r":297,"__children":[]},{"nodeName":"S","nodeValue":null,"attributes":{"d":"5632"},"childNodes":[],"prefix":null,"localName":"S","tagName":"S","d":5632,"__children":[]}]},"__children":[{"nodeName":"SegmentTimeline","nodeValue":null,"attributes":{},"childNodes":[{"nodeName":"S","nodeValue":null,"attributes":{"t":"0","d":"24576","r":"297"},"childNodes":[],"prefix":null,"localName":"S","tagName":"S","t":0,"d":24576,"r":297,"__children":[]},{"nodeName":"S","nodeValue":null,"attributes":{"d":"5632"},"childNodes":[],"prefix":null,"localName":"S","tagName":"S","d":5632,"__children":[]}],"prefix":null,"localName":"SegmentTimeline","tagName":"SegmentTimeline","S":[{"nodeName":"S","nodeValue":null,"attributes":{"t":"0","d":"24576","r":"297"},"childNodes":[],"prefix":null,"localName":"S","tagName":"S","t":0,"d":24576,"r":297,"__children":[]},{"nodeName":"S","nodeValue":null,"attributes":{"d":"5632"},"childNodes":[],"prefix":null,"localName":"S","tagName":"S","d":5632,"__children":[]}],"__children":[{"nodeName":"S","nodeValue":null,"attributes":{"t":"0","d":"24576","r":"297"},"childNodes":[],"prefix":null,"localName":"S","tagName":"S","t":0,"d":24576,"r":297,"__children":[]},{"nodeName":"S","nodeValue":null,"attributes":{"d":"5632"},"childNodes":[],"prefix":null,"localName":"S","tagName":"S","d":5632,"__children":[]}]}]}]},{"nodeName":"Representation","nodeValue":null,"attributes":{"id":"5","mimeType":"video/mp4","codecs":"avc1.64001f","bandwidth":"1200000","width":"640","height":"360","frameRate":"24/1"},"childNodes":[{"nodeName":"SegmentTemplate","nodeValue":null,"attributes":{"timescale":"12288","initialization":"ll2s-init-stream$RepresentationID$.m4s","media":"ll2s-chunk-stream$RepresentationID$-$Number%05d$.m4s","startNumber":"1"},"childNodes":[{"nodeName":"SegmentTimeline","nodeValue":null,"attributes":{},"childNodes":[{"nodeName":"S","nodeValue":null,"attributes":{"t":"0","d":"24576","r":"297"},"childNodes":[],"prefix":null,"localName":"S","tagName":"S","t":0,"d":24576,"r":297,"__children":[]},{"nodeName":"S","nodeValue":null,"attributes":{"d":"5632"},"childNodes":[],"prefix":null,"localName":"S","tagName":"S","d":5632,"__children":[]}],"prefix":null,"localName":"SegmentTimeline","tagName":"SegmentTimeline","S":[{"nodeName":"S","nodeValue":null,"attributes":{"t":"0","d":"24576","r":"297"},"childNodes":[],"prefix":null,"localName":"S","tagName":"S","t":0,"d":24576,"r":297,"__children":[]},{"nodeName":"S","nodeValue":null,"attributes":{"d":"5632"},"childNodes":[],"prefix":null,"localName":"S","tagName":"S","d":5632,"__children":[]}],"__children":[{"nodeName":"S","nodeValue":null,"attributes":{"t":"0","d":"24576","r":"297"},"childNodes":[],"prefix":null,"localName":"S","tagName":"S","t":0,"d":24576,"r":297,"__children":[]},{"nodeName":"S","nodeValue":null,"attributes":{"d":"5632"},"childNodes":[],"prefix":null,"localName":"S","tagName":"S","d":5632,"__children":[]}]}],"prefix":null,"localName":"SegmentTemplate","tagName":"SegmentTemplate","timescale":12288,"initialization":"ll2s-init-stream$RepresentationID$.m4s","media":"ll2s-chunk-stream$RepresentationID$-$Number%05d$.m4s","startNumber":1,"SegmentTimeline":{"nodeName":"SegmentTimeline","nodeVal   t=92s | buffer: 0.1s | bitrate: 100 kbps | tp: 2 kbps | trace_bw: 2 kbps
   t=102s | buffer: 0.1s | bitrate: 100 kbps | tp: 0 kbps | trace_bw: 0 kbps
   t=112s | buffer: 0.1s | bitrate: 100 kbps | tp: 2 kbps | trace_bw: 2 kbps

======================================================================
  BENCHMARK RESULTS (LLDASH-GPAC / dash.js / BOLA)
======================================================================

  [TIMING]
      Startup delay:     21,175 ms
      Playback time:     9.9 s

  [BITRATE]
      Average (selected):  100 kbps
      Average (effective): 7 kbps
      Min / Max:           100 / 100 kbps
      Median:              100 kbps
      Std deviation:       0.0 kbps
      Variance:            0.0
      25th/75th %ile:      100 / 100 kbps

  [SWITCHES]
      Total count:       0
      Up / Down:         0 / 0
      Avg magnitude:     0 kbps

  [REBUFFERING]
      Events:            2
      Total time:        131,256 ms
      Ratio:             92.9937%
      Frequency:         12.135 per minute
      Avg duration:      21,025 ms
      Max duration:      21,025 ms

  [THROUGHPUT]
      Average:           2,396 kbps
      Median:            0 kbps
      Min / Max:         0 / 27,898 kbps
      Std deviation:     6,171.6 kbps

  [AVAILABLE BW (trace)]
      Average:           2,396 kbps
      Min / Max:         0 / 27,898 kbps

  [BUFFER]
      Average level:     0.5 s
      Min / Max:         0.1 / 7.1 s

  [UTILIZATION]
      Bandwidth:         0.0%

======================================================================

[SAVED] results/results/run_all_20260525_151403/lldash-gpac_5g-ireland/benchmark_lldash-gpac_netflix_driving_season3-strangerthings_B_2019_11_25_07_25_43_tc_20260525_204014.json

──────────────────────────────────────────────────────────────────────
  [66/83] netflix_driving_season3-strangerthings_B_2019_11_25_15_34_34_tc.csv
──────────────────────────────────────────────────────────────────────
[TRACE] netflix_driving_season3-strangerthings_B_2019_11_25_15_34_34_tc.csv
[LLDASH-GPAC] Trace file ready; gpac_server uses in-process bandwidth pacing.

======================================================================
  LLDASH-GPAC Streaming QoE Benchmark (dash.js / BOLA)
======================================================================
  Server: http://localhost:8082/player.html?mpd=http://localhost:8082/manifest.mpd
======================================================================

[TRACE] Loaded 1761 entries with bandwidth
[BROWSER] Launching headless Chromium...
[BROWSER] Waiting for playback to start...
   Startup delay: 1668ms

[PLAYBACK] Collecting metrics...
   t=10s | buffer: 4.8s | bitrate: 100 kbps | tp: 4171 kbps | trace_bw: 4171 kbps
   t=20s | buffer: 2.7s | bitrate: 200 kbps | tp: 5057 kbps | trace_bw: 5057 kbps
   t=31s | buffer: 2.4s | bitrate: 200 kbps | tp: 5662 kbps | trace_bw: 5662 kbps
   t=41s | buffer: 2.3s | bitrate: 200 kbps | tp: 3147 kbps | trace_bw: 3147 kbps
   t=51s | buffer: 2.2s | bitrate: 400 kbps | tp: 4020 kbps | trace_bw: 4020 kbps
   t=61s | buffer: 1.8s | bitrate: 400 kbps | tp: 2328 kbps | trace_bw: 2328 kbps
   t=71s | buffer: 0.9s | bitrate: 400 kbps | tp: 1593 kbps | trace_bw: 1593 kbps
   t=82s | buffer: 5.6s | bitrate: 400 kbps | tp: 832 kbps | trace_bw: 832 kbps
   t=92s | buffer: 1.3s | bitrate: 400 kbps | tp: 1397 kbps | trace_bw: 1397 kbps
   t=102s | buffer: 1.2s | bitrate: 400 kbps | tp: 881 kbps | trace_bw: 881 kbps
   t=112s | buffer: 1.2s | bitrate: 600 kbps | tp: 763 kbps | trace_bw: 763 kbps

======================================================================
  BENCHMARK RESULTS (LLDASH-GPAC / dash.js / BOLA)
======================================================================

  [TIMING]
      Startup delay:     1,668 ms
      Playback time:     116.4 s

  [BITRATE]
      Average (selected):  392 kbps
      Average (effective): 374 kbps
      Min / Max:           100 / 800 kbps
      Median:              400 kbps
      Std deviation:       249.9 kbps
      Variance:            62,430.6
      25th/75th %ile:      200 / 600 kbps

  [SWITCHES]
      Total count:       11
      Up / Down:         7 / 4
      Avg magnitude:     318 kbps

  [REBUFFERING]
      Events:            8
      Total time:        5,623 ms
      Ratio:             4.6091%
      Frequency:         4.125 per minute
      Avg duration:      703 ms
      Max duration:      1,514 ms

  [THROUGHPUT]
      Average:           2,304 kbps
      Median:            1,933 kbps
      Min / Max:         0 / 10,037 kbps
      Std deviation:     1,734.2 kbps

  [AVAILABLE BW (trace)]
      Average:           2,304 kbps
      Min / Max:         0 / 10,037 kbps
      Utilisation:       83.9%

  [BUFFER]
      Average level:     2.4 s
      Min / Max:         0.1 / 7.5 s

  [UTILIZATION]
      Bandwidth:         20.3%

======================================================================

[SAVED] results/results/run_all_20260525_151403/lldash-gpac_5g-ireland/benchmark_lldash-gpac_netflix_driving_season3-strangerthings_B_2019_11_25_15_34_34_tc_20260525_204238.json

──────────────────────────────────────────────────────────────────────
  [67/83] netflix_driving_season3-strangerthings_B_2019_11_26_07_29_24_tc.csv
──────────────────────────────────────────────────────────────────────
[TRACE] netflix_driving_season3-strangerthings_B_2019_11_26_07_29_24_tc.csv
[LLDASH-GPAC] Trace file ready; gpac_server uses in-process bandwidth pacing.

======================================================================
  LLDASH-GPAC Streaming QoE Benchmark (dash.js / BOLA)
======================================================================
  Server: http://localhost:8082/player.html?mpd=http://localhost:8082/manifest.mpd
======================================================================

[TRACE] Loaded 1900 entries with bandwidth
[BROWSER] Launching headless Chromium...
[BROWSER] Waiting for playback to start...
   Startup delay: 23559ms

[PLAYBACK] Collecting metrics...
   t=10s | buffer: 0.1s | bitrate: 100 kbps | tp: 30139 kbps | trace_bw: 30139 kbps
   t=20s | buffer: 0.1s | bitrate: 100 kbps | tp: 18268 kbps | trace_bw: 18268 kbps
   t=31s | buffer: 0.1s | bitrate: 100 kbps | tp: 5 kbps | trace_bw: 5 kbps
   t=41s | buffer: 0.1s | bitrate: 100 kbps | tp: 1 kbps | trace_bw: 1 kbps
   t=51s | buffer: 0.1s | bitrate: 100 kbps | tp: 0 kbps | trace_bw: 0 kbps
   t=61s | buffer: 0.1s | bitrate: 100 kbps | tp: 0 kbps | trace_bw: 0 kbps
   t=71s | buffer: 0.1s | bitrate: 100 kbps | tp: 7 kbps | trace_bw: 7 kbps
   t=82s | buffer: 1.1s | bitrate: 100 kbps | tp: 7 kbps | trace_bw: 7 kbps
   t=92s | buffer: 0.1s | bitrate: 100 kbps | tp: 53 kbps | trace_bw: 53 kbps
   t=102s | buffer: 0.1s | bitrate: 100 kbps | tp: 0 kbps | trace_bw: 0 kbps
   t=112s | buffer: 2.1s | bitrate: 100 kbps | tp: 2 kbps | trace_bw: 2 kbps

======================================================================
  BENCHMARK RESULTS (LLDASH-GPAC / dash.js / BOLA)
======================================================================

  [TIMING]
      Startup delay:     23,559 ms
      Playback time:     36.0 s

  [BITRATE]
      Average (selected):  100 kbps
      Average (effective): 25 kbps
      Min / Max:           100 / 100 kbps
      Median:              100 kbps
      Std deviation:       0.0 kbps
      Variance:            0.0
      25th/75th %ile:      100 / 100 kbps

  [SWITCHES]
      Total count:       0
      Up / Down:         0 / 0
      Avg magnitude:     0 kbps

  [REBUFFERING]
      Events:            8
      Total time:        107,949 ms
      Ratio:             74.9932%
      Frequency:         13.335 per minute
      Avg duration:      13,494 ms
      Max duration:      40,686 ms

  [THROUGHPUT]
      Average:           3,534 kbps
      Median:            1 kbps
      Min / Max:         0 / 49,124 kbps
      Std deviation:     9,403.6 kbps

  [AVAILABLE BW (trace)]
      Average:           3,534 kbps
      Min / Max:         0 / 49,124 kbps
      Utilisation:       0.0%

  [BUFFER]
      Average level:     1.1 s
      Min / Max:         0.1 / 7.5 s

  [UTILIZATION]
      Bandwidth:         10000.0%

======================================================================

[SAVED] results/results/run_all_20260525_151403/lldash-gpac_5g-ireland/benchmark_lldash-gpac_netflix_driving_season3-strangerthings_B_2019_11_26_07_29_24_tc_20260525_204444.json

──────────────────────────────────────────────────────────────────────
  [68/83] netflix_driving_season3-strangerthings_B_2019_11_26_09_53_40_tc.csv
──────────────────────────────────────────────────────────────────────
[TRACE] netflix_driving_season3-strangerthings_B_2019_11_26_09_53_40_tc.csv
[LLDASH-GPAC] Trace file ready; gpac_server uses in-process bandwidth pacing.

======================================================================
  LLDASH-GPAC Streaming QoE Benchmark (dash.js / BOLA)
======================================================================
  Server: http://localhost:8082/player.html?mpd=http://localhost:8082/manifest.mpd
======================================================================

[TRACE] Loaded 3173 entries with bandwidth
[BROWSER] Launching headless Chromium...
[BROWSER] Waiting for playback to start...
   Startup delay: 22682ms

[PLAYBACK] Collecting metrics...
   t=10s | buffer: 0.1s | bitrate: 100 kbps | tp: 5863 kbps | trace_bw: 5863 kbps
   t=20s | buffer: 2.0s | bitrate: 100 kbps | tp: 2 kbps | trace_bw: 2 kbps
   t=31s | buffer: 0.1s | bitrate: 100 kbps | tp: 0 kbps | trace_bw: 0 kbps
   t=41s | buffer: 0.1s | bitrate: 100 kbps | tp: 0 kbps | trace_bw: 0 kbps
   t=51s | buffer: 0.1s | bitrate: 100 kbps | tp: 0 kbps | trace_bw: 0 kbps
   t=61s | buffer: 6.3s | bitrate: 100 kbps | tp: 0 kbps | trace_bw: 0 kbps
   t=71s | buffer: 0.1s | bitrate: 100 kbps | tp: 94 kbps | trace_bw: 94 kbps
   t=82s | buffer: 0.1s | bitrate: 100 kbps | tp: 1521 kbps | trace_bw: 1521 kbps
   t=92s | buffer: 0.1s | bitrate: 100 kbps | tp: 0 kbps | trace_bw: 0 kbps
   t=102s | buffer: 0.1s | bitrate: 100 kbps | tp: 0 kbps | trace_bw: 0 kbps
   t=112s | buffer: 0.1s | bitrate: 100 kbps | tp: 0 kbps | trace_bw: 0 kbps

======================================================================
  BENCHMARK RESULTS (LLDASH-GPAC / dash.js / BOLA)
======================================================================

  [TIMING]
      Startup delay:     22,682 ms
      Playback time:     31.9 s

  [BITRATE]
      Average (selected):  100 kbps
      Average (effective): 22 kbps
      Min / Max:           100 / 100 kbps
      Median:              100 kbps
      Std deviation:       0.0 kbps
      Variance:            0.0
      25th/75th %ile:      100 / 100 kbps

  [SWITCHES]
      Total count:       0
      Up / Down:         0 / 0
      Avg magnitude:     0 kbps

  [REBUFFERING]
      Events:            10
      Total time:        111,141 ms
      Ratio:             77.7039%
      Frequency:         18.814 per minute
      Avg duration:      9,477 ms
      Max duration:      25,354 ms

  [THROUGHPUT]
      Average:           2,354 kbps
      Median:            2 kbps
      Min / Max:         0 / 111,617 kbps
      Std deviation:     12,177.7 kbps

  [AVAILABLE BW (trace)]
      Average:           2,354 kbps
      Min / Max:         0 / 111,617 kbps
      Utilisation:       0.1%

  [BUFFER]
      Average level:     0.8 s
      Min / Max:         0.1 / 7.4 s

  [UTILIZATION]
      Bandwidth:         5000.0%

======================================================================

[SAVED] results/results/run_all_20260525_151403/lldash-gpac_5g-ireland/benchmark_lldash-gpac_netflix_driving_season3-strangerthings_B_2019_11_26_09_53_40_tc_20260525_204712.json

──────────────────────────────────────────────────────────────────────
  [69/83] netflix_driving_season3-strangerthings_B_2019_11_26_13_00_56_tc.csv
──────────────────────────────────────────────────────────────────────
[TRACE] netflix_driving_season3-strangerthings_B_2019_11_26_13_00_56_tc.csv
[LLDASH-GPAC] Trace file ready; gpac_server uses in-process bandwidth pacing.

======================================================================
  LLDASH-GPAC Streaming QoE Benchmark (dash.js / BOLA)
======================================================================
  Server: http://localhost:8082/player.html?mpd=http://localhost:8082/manifest.mpd
======================================================================

[TRACE] Loaded 1163 entries with bandwidth
[BROWSER] Launching headless Chromium...
[BROWSER] Waiting for playback to start...
   Startup delay: 22672ms

[PLAYBACK] Collecting metrics...
   t=10s | buffer: 0.1s | bitrate: 100 kbps | tp: 24554 kbps | trace_bw: 24554 kbps
   t=20s | buffer: 0.1s | bitrate: 100 kbps | tp: 0 kbps | trace_bw: 0 kbps
   t=31s | buffer: 0.1s | bitrate: 100 kbps | tp: 0 kbps | trace_bw: 0 kbps
   t=41s | buffer: 0.1s | bitrate: 100 kbps | tp: 1 kbps | trace_bw: 1 kbps
   t=51s | buffer: 5.4s | bitrate: 100 kbps | tp: 2 kbps | trace_bw: 2 kbps
   t=61s | buffer: 0.1s | bitrate: 100 kbps | tp: 0 kbps | trace_bw: 0 kbps
   t=71s | buffer: 0.1s | bitrate: 100 kbps | tp: 0 kbps | trace_bw: 0 kbps
   t=82s | buffer: 2.4s | bitrate: 100 kbps | tp: 0 kbps | trace_bw: 0 kbps
   t=92s | buffer: 0.1s | bitrate: 100 kbps | tp: 2 kbps | trace_bw: 2 kbps
   t=102s | buffer: 0.1s | bitrate: 100 kbps | tp: 0 kbps | trace_bw: 0 kbps
   t=112s | buffer: 0.4s | bitrate: 100 kbps | tp: 2 kbps | trace_bw: 2 kbps

======================================================================
  BENCHMARK RESULTS (LLDASH-GPAC / dash.js / BOLA)
======================================================================

  [TIMING]
      Startup delay:     22,672 ms
      Playback time:     33.9 s

  [BITRATE]
      Average (selected):  100 kbps
      Average (effective): 24 kbps
      Min / Max:           100 / 100 kbps
      Median:              100 kbps
      Std deviation:       0.0 kbps
      Variance:            0.0
      25th/75th %ile:      100 / 100 kbps

  [SWITCHES]
      Total count:       0
      Up / Down:         0 / 0
      Avg magnitude:     0 kbps

  [REBUFFERING]
      Events:            9
      Total time:        109,099 ms
      Ratio:             76.3028%
      Frequency:         15.937 per minute
      Avg duration:      12,642 ms
      Max duration:      22,518 ms

  [THROUGHPUT]
      Average:           3,560 kbps
      Median:            0 kbps
      Min / Max:         0 / 35,735 kbps
      Std deviation:     8,509.0 kbps

  [AVAILABLE BW (trace)]
      Average:           3,560 kbps
      Min / Max:         0 / 35,735 kbps

  [BUFFER]
      Average level:     0.7 s
      Min / Max:         0.1 / 7.8 s

  [UTILIZATION]
      Bandwidth:         0.0%

======================================================================

[SAVED] results/results/run_all_20260525_151403/lldash-gpac_5g-ireland/benchmark_lldash-gpac_netflix_driving_season3-strangerthings_B_2019_11_26_13_00_56_tc_20260525_204938.json

──────────────────────────────────────────────────────────────────────
  [70/83] netflix_driving_season3-strangerthings_B_2019_11_26_13_20_42_tc.csv
──────────────────────────────────────────────────────────────────────
[TRACE] netflix_driving_season3-strangerthings_B_2019_11_26_13_20_42_tc.csv
[LLDASH-GPAC] Trace file ready; gpac_server uses in-process bandwidth pacing.

======================================================================
  LLDASH-GPAC Streaming QoE Benchmark (dash.js / BOLA)
======================================================================
  Server: http://localhost:8082/player.html?mpd=http://localhost:8082/manifest.mpd
======================================================================

[TRACE] Loaded 615 entries with bandwidth
[BROWSER] Launching headless Chromium...
[BROWSER] Waiting for playback to start...
   Startup delay: 2194ms

[PLAYBACK] Collecting metrics...
   t=10s | buffer: 1.8s | bitrate: 100 kbps | tp: 19703 kbps | trace_bw: 19703 kbps
   t=20s | buffer: 1.7s | bitrate: 800 kbps | tp: 10351 kbps | trace_bw: 10351 kbps
   t=31s | buffer: 0.1s | bitrate: 800 kbps | tp: 0 kbps | trace_bw: 0 kbps
   t=41s | buffer: 0.1s | bitrate: 800 kbps | tp: 0 kbps | trace_bw: 0 kbps
   t=51s | buffer: 0.1s | bitrate: 100 kbps | tp: 0 kbps | trace_bw: 0 kbps
   t=61s | buffer: 0.1s | bitrate: 100 kbps | tp: 0 kbps | trace_bw: 0 kbps
   t=72s | buffer: 4.8s | bitrate: 100 kbps | tp: 8438 kbps | trace_bw: 8438 kbps
   t=82s | buffer: 1.3s | bitrate: 100 kbps | tp: 0 kbps | trace_bw: 0 kbps
   t=92s | buffer: 0.1s | bitrate: 100 kbps | tp: 2 kbps | trace_bw: 2 kbps
   t=102s | buffer: 0.1s | bitrate: 100 kbps | tp: 0 kbps | trace_bw: 0 kbps
   t=112s | buffer: 0.1s | bitrate: 100 kbps | tp: 35 kbps | trace_bw: 35 kbps

======================================================================
  BENCHMARK RESULTS (LLDASH-GPAC / dash.js / BOLA)
======================================================================

  [TIMING]
      Startup delay:     2,194 ms
      Playback time:     52.7 s

  [BITRATE]
      Average (selected):  320 kbps
      Average (effective): 138 kbps
      Min / Max:           100 / 800 kbps
      Median:              200 kbps
      Std deviation:       263.8 kbps
      Variance:            69,600.0
      25th/75th %ile:      100 / 400 kbps

  [SWITCHES]
      Total count:       4
      Up / Down:         3 / 1
      Avg magnitude:     350 kbps

  [REBUFFERING]
      Events:            7
      Total time:        69,839 ms
      Ratio:             56.9867%
      Frequency:         7.968 per minute
      Avg duration:      9,977 ms
      Max duration:      24,895 ms

  [THROUGHPUT]
      Average:           3,420 kbps
      Median:            0 kbps
      Min / Max:         0 / 38,209 kbps
      Std deviation:     7,784.7 kbps

  [AVAILABLE BW (trace)]
      Average:           3,420 kbps
      Min / Max:         0 / 38,209 kbps

  [BUFFER]
      Average level:     1.5 s
      Min / Max:         0.1 / 7.5 s

  [UTILIZATION]
      Bandwidth:         0.0%

======================================================================

[SAVED] results/results/run_all_20260525_151403/lldash-gpac_5g-ireland/benchmark_lldash-gpac_netflix_driving_season3-strangerthings_B_2019_11_26_13_20_42_tc_20260525_205205.json

──────────────────────────────────────────────────────────────────────
  [71/83] netflix_driving_season3-strangerthings_B_2019_11_26_15_02_50_tc.csv
──────────────────────────────────────────────────────────────────────
[TRACE] netflix_driving_season3-strangerthings_B_2019_11_26_15_02_50_tc.csv
[LLDASH-GPAC] Trace file ready; gpac_server uses in-process bandwidth pacing.

======================================================================
  LLDASH-GPAC Streaming QoE Benchmark (dash.js / BOLA)
======================================================================
  Server: http://localhost:8082/player.html?mpd=http://localhost:8082/manifest.mpd
======================================================================

[TRACE] Loaded 3702 entries with bandwidth
[BROWSER] Launching headless Chromium...
[BROWSER] Waiting for playback to start...
   Startup delay: 2783ms

[PLAYBACK] Collecting metrics...
   t=10s | buffer: 2.5s | bitrate: 100 kbps | tp: 11297 kbps | trace_bw: 11297 kbps
   t=20s | buffer: 0.1s | bitrate: 200 kbps | tp: 0 kbps | trace_bw: 0 kbps
   t=31s | buffer: 0.1s | bitrate: 200 kbps | tp: 18178 kbps | trace_bw: 18178 kbps
   t=41s | buffer: 0.1s | bitrate: 100 kbps | tp: 0 kbps | trace_bw: 0 kbps
   t=51s | buffer: 0.1s | bitrate: 100 kbps | tp: 0 kbps | trace_bw: 0 kbps
   t=61s | buffer: 0.1s | bitrate: 100 kbps | tp: 1 kbps | trace_bw: 1 kbps
   t=72s | buffer: 0.1s | bitrate: 100 kbps | tp: 0 kbps | trace_bw: 0 kbps
   t=82s | buffer: 0.1s | bitrate: 100 kbps | tp: 15 kbps | trace_bw: 15 kbps
   t=92s | buffer: 0.1s | bitrate: 100 kbps | tp: 2 kbps | trace_bw: 2 kbps
   t=102s | buffer: 0.1s | bitrate: 100 kbps | tp: 0 kbps | trace_bw: 0 kbps
   t=112s | buffer: 0.1s | bitrate: 100 kbps | tp: 2 kbps | trace_bw: 2 kbps

======================================================================
  BENCHMARK RESULTS (LLDASH-GPAC / dash.js / BOLA)
======================================================================

  [TIMING]
      Startup delay:     2,783 ms
      Playback time:     23.9 s

  [BITRATE]
      Average (selected):  133 kbps
      Average (effective): 26 kbps
      Min / Max:           100 / 200 kbps
      Median:              100 kbps
      Std deviation:       47.1 kbps
      Variance:            2,222.2
      25th/75th %ile:      100 / 200 kbps

  [SWITCHES]
      Total count:       2
      Up / Down:         1 / 1
      Avg magnitude:     100 kbps

  [REBUFFERING]
      Events:            5
      Total time:        99,275 ms
      Ratio:             80.5985%
      Frequency:         12.554 per minute
      Avg duration:      6,441 ms
      Max duration:      19,560 ms

  [THROUGHPUT]
      Average:           2,567 kbps
      Median:            1 kbps
      Min / Max:         0 / 18,178 kbps
      Std deviation:     5,091.6 kbps

  [AVAILABLE BW (trace)]
      Average:           2,567 kbps
      Min / Max:         0 / 18,178 kbps
      Utilisation:       0.0%

  [BUFFER]
      Average level:     0.7 s
      Min / Max:         0.1 / 7.5 s

  [UTILIZATION]
      Bandwidth:         13333.3%

======================================================================

[SAVED] results/results/run_all_20260525_151403/lldash-gpac_5g-ireland/benchmark_lldash-gpac_netflix_driving_season3-strangerthings_B_2019_11_26_15_02_50_tc_20260525_205411.json

──────────────────────────────────────────────────────────────────────
  [72/83] netflix_driving_season3-strangerthings_B_2019_11_27_07_29_47_tc.csv
──────────────────────────────────────────────────────────────────────
[TRACE] netflix_driving_season3-strangerthings_B_2019_11_27_07_29_47_tc.csv
[LLDASH-GPAC] Trace file ready; gpac_server uses in-process bandwidth pacing.

======================================================================
  LLDASH-GPAC Streaming QoE Benchmark (dash.js / BOLA)
======================================================================
  Server: http://localhost:8082/player.html?mpd=http://localhost:8082/manifest.mpd
======================================================================

[TRACE] Loaded 2294 entries with bandwidth
[BROWSER] Launching headless Chromium...
[BROWSER] Waiting for playback to start...
   Startup delay: 21186ms

[PLAYBACK] Collecting metrics...
   t=10s | buffer: 0.1s | bitrate: 100 kbps | tp: 2 kbps | trace_bw: 2 kbps
   t=20s | buffer: 0.1s | bitrate: 100 kbps | tp: 18373 kbps | trace_bw: 18373 kbps
   t=31s | buffer: 0.1s | bitrate: 100 kbps | tp: 1 kbps | trace_bw: 1 kbps
   t=41s | buffer: 0.1s | bitrate: 100 kbps | tp: 16 kbps | trace_bw: 16 kbps
   t=51s | buffer: 0.1s | bitrate: 100 kbps | tp: 0 kbps | trace_bw: 0 kbps
   t=61s | buffer: 0.1s | bitrate: 100 kbps | tp: 0 kbps | trace_bw: 0 kbps
   t=71s | buffer: 0.1s | bitrate: 100 kbps | tp: 3 kbps | trace_bw: 3 kbps
   t=82s | buffer: 0.1s | bitrate: 100 kbps | tp: 2 kbps | trace_bw: 2 kbps
[BROWSER-ERROR] dash.js error {"code":27,"message":"http://localhost:8082/ll2s-chunk-stream0-00006.m4s is not available","data":{"request":{"action":"download","availabilityEndTime":null,"availabilityStartTime":"2026-05-26T03:56:20.526Z","bandwidth":100000,"bytesLoaded":null,"bytesTotal":null,"delayLoadingTime":1779767806165,"duration":2,"endDate":"2026-05-26T03:58:09.193Z","firstByteDate":"2026-05-26T03:57:49.191Z","index":5,"isPartialSegmentRequest":false,"mediaStartTime":10,"mediaType":"video","presentationStartTime":10,"representation":{"absoluteIndex":0,"adaptation":{"period":{"id":"0","index":0,"duration":596.4,"start":0,"mpd":{"availabilityEndTime":null,"availabilityStartTime":"2026-05-26T03:56:20.526Z","manifest":{"nodeName":"MPD","nodeValue":null,"attributes":{"xmlns:xsi":"http://www.w3.org/2001/XMLSchema-instance","xmlns":"urn:mpeg:dash:schema:mpd:2011","xmlns:xlink":"http://www.w3.org/1999/xlink","xsi:schemaLocation":"urn:mpeg:DASH:schema:MPD:2011 http://standards.iso.org/ittf/PubliclyAvailableStandards/MPEG-DASH_schema_files/DASH-MPD.xsd","profiles":"urn:mpeg:dash:profile:isoff-live:2011","type":"static","mediaPresentationDuration":"PT9M56.4S","minBufferTime":"PT4.0S"},"childNodes":[{"nodeName":"ProgramInformation","nodeValue":null,"attributes":{},"childNodes":[{"nodeName":"Title","nodeValue":null,"attributes":{},"childNodes":[{"nodeName":"#text","nodeValue":"Big Buck Bunny","attributes":{},"childNodes":[]}],"prefix":null,"localName":"Title","tagName":"Title","__text":"Big Buck Bunny","__children":[{"nodeName":"#text","nodeValue":"Big Buck Bunny","attributes":{},"childNodes":[]}]}],"prefix":null,"localName":"ProgramInformation","tagName":"ProgramInformation","Title":{"nodeName":"Title","nodeValue":null,"attributes":{},"childNodes":[{"nodeName":"#text","nodeValue":"Big Buck Bunny","attributes":{},"childNodes":[]}],"prefix":null,"localName":"Title","tagName":"Title","__text":"Big Buck Bunny","__children":[{"nodeName":"#text","nodeValue":"Big Buck Bunny","attributes":{},"childNodes":[]}]},"__children":[{"nodeName":"Title","nodeValue":null,"attributes":{},"childNodes":[{"nodeName":"#text","nodeValue":"Big Buck Bunny","attributes":{},"childNodes":[]}],"prefix":null,"localName":"Title","tagName":"Title","__text":"Big Buck Bunny","__children":[{"nodeName":"#text","nodeValue":"Big Buck Bunny","attributes":{},"childNodes":[]}]}]},{"nodeName":"Period","nodeValue":null,"attributes":{"id":"0","start":"PT0.0S"},"childNodes":[{"nodeName":"AdaptationSet","nodeValue":null,"attributes":{"id":"0","contentType":"video","segmentAlignment":"true","bitstreamSwitching":"false"},"childNodes":[{"nodeName":"Representation","nodeValue":null,"attributes":{"id":"0","mimeType":"video/mp4","codecs":"avc1.64001f","bandwidth":"100000","width":"256","height":"144","frameRate":"24/1"},"childNodes":[{"nodeName":"SegmentTemplate","nodeValue":null,"attributes":{"timescale":"12288","initialization":"ll2s-init-stream$RepresentationID$.m4s","media":"ll2s-chunk-stream$RepresentationID$-$Number%05d$.m4s","startNumber":"1"},"childNodes":[{"nodeName":"SegmentTimeline","nodeValue":null,"attributes":{},"childNodes":[{"nodeName":"S","nodeValue":null,"attributes":{"t":"0","d":"24576","r":"297"},"childNodes":[],"prefix":null,"localName":"S","tagName":"S","t":0,"d":24576,"r":297,"__children":[]},{"nodeName":"S","nodeValue":null,"attributes":{"d":"5632"},"childNodes":[],"prefix":null,"localName":"S","tagName":"S","d":5632,"__children":[]}],"prefix":null,"localName":"SegmentTimeline","tagName":"SegmentTimeline","S":[{"nodeName":"S","nodeValue":null,"attributes":{"t":"0","d":"24576","r":"297"},"childNodes":[],"prefix":null,"localName":"S","tagName":"S","t":0,"d":24576,"r":297,"__children":[]},{"nodeName":"S","nodeValue":null,"attributes":{"d":"5632"},"childNodes":[],"prefix":null,"localName":"S","tagName":"S","d":5632,"__children":[]}],"__children":[{"nodeName":"S","nodeValue":null,"attributes":{"t":"0","d":"24576","r":"297"},"childNodes":[],"prefix":null,"localName":"S","tagName":"S","t":0,"d":24576,"r":297,"__children":[]},{"nodeName":"S","nodeValue":null,"attributes":{"d":"5632"},"childNodes":[],"prefix":null,"localName":"S","tagName":"S","d":5632,"__children":[]}]}],"prefix":null,"localName":"SegmentTemplate","tagName":"SegmentTemplate","timescale":12288,"initialization":"ll2s-init-stream$RepresentationID$.m4s","media":"ll2s-chunk-stream$RepresentationID$-$Number%05d$.m4s","startNumber":1,"SegmentTimeline":{"nodeName":"SegmentTimeline","nodeValue":null,"attributes":{},"childNodes":[{"nodeName":"S","nodeValue":null,"attributes":{"t":"0","d":"24576","r":"297"},"childNodes":[],"prefix":null,"localName":"S","tagName":"S","t":0,"d":24576,"r":297,"__children":[]},{"nodeName":"S","nodeValue":null,"attributes":{"d":"5632"},"childNodes":[],"prefix":null,"localName":"S","tagName":"S","d":5632,"__children":[]}],"prefix":null,"localName":"SegmentTimeline","tagName":"SegmentTimeline","S":[{"nodeName":"S","nodeValue":null,"attributes":{"t":"0","d":"24576","r":"297"},"childNodes":[],"prefix":null,"localName":"S","tagName":"S","t":0,"d":24576,"r":297,"__children":[]},{"nodeName":"S","nodeValue":null,"attributes":{"d":"5632"},"childNodes":[],"prefix":null,"localName":"S","tagName":"S","d":5632,"__children":[]}],"__children":[{"nodeName":"S","nodeValue":null,"attributes":{"t":"0","d":"24576","r":"297"},"childNodes":[],"prefix":null,"localName":"S","tagName":"S","t":0,"d":24576,"r":297,"__children":[]},{"nodeName":"S","nodeValue":null,"attributes":{"d":"5632"},"childNodes":[],"prefix":null,"localName":"S","tagName":"S","d":5632,"__children":[]}]},"__children":[{"nodeName":"SegmentTimeline","nodeValue":null,"attributes":{},"childNodes":[{"nodeName":"S","nodeValue":null,"attributes":{"t":"0","d":"24576","r":"297"},"childNodes":[],"prefix":null,"localName":"S","tagName":"S","t":0,"d":24576,"r":297,"__children":[]},{"nodeName":"S","nodeValue":null,"attributes":{"d":"5632"},"childNodes":[],"prefix":null,"localName":"S","tagName":"S","d":5632,"__children":[]}],"prefix":null,"localName":"SegmentTimeline","tagName":"SegmentTimeline","S":[{"nodeName":"S","nodeValue":null,"attributes":{"t":"0","d":"24576","r":"297"},"childNodes":[],"prefix":null,"localName":"S","tagName":"S","t":0,"d":24576,"r":297,"__children":[]},{"nodeName":"S","nodeValue":null,"attributes":{"d":"5632"},"childNodes":[],"prefix":null,"localName":"S","tagName":"S","d":5632,"__children":[]}],"__children":[{"nodeName":"S","nodeValue":null,"attributes":{"t":"0","d":"24576","r":"297"},"childNodes":[],"prefix":null,"localName":"S","tagName":"S","t":0,"d":24576,"r":297,"__children":[]},{"nodeName":"S","nodeValue":null,"attributes":{"d":"5632"},"childNodes":[],"prefix":null,"localName":"S","tagName":"S","d":5632,"__children":[]}]}]}],"prefix":null,"localName":"Representation","tagName":"Representation","id":"0","mimeType":"video/mp4","codecs":"avc1.64001f","bandwidth":100000,"width":256,"height":144,"frameRate":"24/1","SegmentTemplate":{"nodeName":"SegmentTemplate","nodeValue":null,"attributes":{"timescale":"12288","initialization":"ll2s-init-stream$RepresentationID$.m4s","media":"ll2s-chunk-stream$RepresentationID$-$Number%05d$.m4s","startNumber":"1"},"childNodes":[{"nodeName":"SegmentTimeline","nodeValue":null,"attributes":{},"childNodes":[{"nodeName":"S","nodeValue":null,"attributes":{"t":"0","d":"24576","r":"297"},"childNodes":[],"prefix":null,"localName":"S","tagName":"S","t":0,"d":24576,"r":297,"__children":[]},{"nodeName":"S","nodeValue":null,"attributes":{"d":"5632"},"childNodes":[],"prefix":null,"localName":"S","tagName":"S","d":5632,"__children":[]}],"prefix":null,"localName":"SegmentTimeline","tagName":"SegmentTimeline","S":[{"nodeName":"S","nodeValue":null,"attributes":{"t":"0","d":"24576","r":"297"},"childNodes":[],"prefix":null,"localName":"S","tagName":"S","t":0,"d":24576,"r":297,"__children":[]},{"nodeName":"S","nodeValue":null,"attributes":{"d":"5632"},"childNodes":[],"prefix":null,"localName":"S","tagName":"S","d":5632,"__children":[]}],"__children":[{"nodeName":"S","nodeValue":null,"attributes":{"t":"0","d":"24576","r":"297"},"childNodes":[],"prefix":null,"localName":"S","tagName":"S","t":0,"d":24576,"r":297,"__children":[]},{"nodeName":"S","nodeValue":null,"attributes":{"d":"5632"},"childNodes":[],"prefix":null,"localName":"S","tagName":"S","d":5632,"__children":[]}]}],"prefix":null,"localName":"SegmentTemplate","tagName":"SegmentTemplate","timescale":12288,"initialization":"ll2s-init-stream$RepresentationID$.m4s","media":"ll2s-chunk-stream$RepresentationID$-$Number%05d$.m4s","startNumber":1,"SegmentTimeline":{"nodeName":"SegmentTimeline","nodeValue":null,"attributes":{},"childNodes":[{"nodeName":"S","nodeValue":null,"attributes":{"t":"0","d":"24576","r":"297"},"childNodes":[],"prefix":null,"localName":"S","tagName":"S","t":0,"d":24576,"r":297,"__children":[]},{"nodeName":"S","nodeValue":null,"attributes":{"d":"5632"},"childNodes":[],"prefix":null,"localName":"S","tagName":"S","d":5632,"__children":[]}],"prefix":null,"localName":"SegmentTimeline","tagName":"SegmentTimeline","S":[{"nodeName":"S","nodeValue":null,"attributes":{"t":"0","d":"24576","r":"297"},"childNodes":[],"prefix":null,"localName":"S","tagName":"S","t":0,"d":24576,"r":297,"__children":[]},{"nodeName":"S","nodeValue":null,"attributes":{"d":"5632"},"childNodes":[],"prefix":null,"localName":"S","tagName":"S","d":5632,"__children":[]}],"__children":[{"nodeName":"S","nodeValue":null,"attributes":{"t":"0","d":"24576","r":"297"},"childNodes":[],"prefix":null,"localName":"S","tagName":"S","t":0,"d":24576,"r":297,"__children":[]},{"nodeName":"S","nodeValue":null,"attributes":{"d":"5632"},"childNodes":[],"prefix":null,"localName":"S","tagName":"S","d":5632,"__children":[]}]},"__children":[{"nodeName":"SegmentTimeline","nodeValue":null,"attributes":{},"childNodes":[{"nodeName":"S","nodeValue":null,"attributes":{"t":"0","d":"24576","r":"297"},"childNodes":[],"prefix":null,"localName":"S","tagName":"S","t":0,"d":24576,"r":297,"__children":[]},{"nodeName":"S","nodeValue":null,"attributes":{"d":"5632"},"childNodes":[],"prefix":null,"localName":"S","tagName":"S","d":5632,"__children":[]}],"prefix":null,"localName":"SegmentTimeline","tagName":"SegmentTimeline","S":[{"nodeName":"S","nodeValue":null,"attributes":{"t":"0","d":"24576","r":"297"},"childNodes":[],"prefix":null,"localName":"S","tagName":"S","t":0,"d":24576,"r":297,"__children":[]},{"nodeName":"S","nodeValue":null,"attributes":{"d":"5632"},"childNodes":[],"prefix":null,"localName":"S","tagName":"S","d":5632,"__children":[]}],"__children":[{"nodeName":"S","nodeValue":null,"attributes":{"t":"0","d":"24576","r":"297"},"childNodes":[],"prefix":null,"localName":"S","tagName":"S","t":0,"d":24576,"r":297,"__children":[]},{"nodeName":"S","nodeValue":null,"attributes":{"d":"5632"},"childNodes":[],"prefix":null,"localName":"S","tagName":"S","d":5632,"__children":[]}]}]},"__children":[{"nodeName":"SegmentTemplate","nodeValue":null,"attributes":{"timescale":"12288","initialization":"ll2s-init-stream$RepresentationID$.m4s","media":"ll2s-chunk-stream$RepresentationID$-$Number%05d$.m4s","startNumber":"1"},"childNodes":[{"nodeName":"SegmentTimeline","nodeValue":null,"attributes":{},"childNodes":[{"nodeName":"S","nodeValue":null,"attributes":{"t":"0","d":"24576","r":"297"},"childNodes":[],"prefix":null,"localName":"S","tagName":"S","t":0,"d":24576,"r":297,"__children":[]},{"nodeName":"S","nodeValue":null,"attributes":{"d":"5632"},"childNodes":[],"prefix":null,"localName":"S","tagName":"S","d":5632,"__children":[]}],"prefix":null,"localName":"SegmentTimeline","tagName":"SegmentTimeline","S":[{"nodeName":"S","nodeValue":null,"attributes":{"t":"0","d":"24576","r":"297"},"childNodes":[],"prefix":null,"localName":"S","tagName":"S","t":0,"d":24576,"r":297,"__children":[]},{"nodeName":"S","nodeValue":null,"attributes":{"d":"5632"},"childNodes":[],"prefix":null,"localName":"S","tagName":"S","d":5632,"__children":[]}],"__children":[{"nodeName":"S","nodeValue":null,"attributes":{"t":"0","d":"24576","r":"297"},"childNodes":[],"prefix":null,"localName":"S","tagName":"S","t":0,"d":24576,"r":297,"__children":[]},{"nodeName":"S","nodeValue":null,"attributes":{"d":"5632"},"childNodes":[],"prefix":null,"localName":"S","tagName":"S","d":5632,"__children":[]}]}],"prefix":null,"localName":"SegmentTemplate","tagName":"SegmentTemplate","timescale":12288,"initialization":"ll2s-init-stream$RepresentationID$.m4s","media":"ll2s-chunk-stream$RepresentationID$-$Number%05d$.m4s","startNumber":1,"SegmentTimeline":{"nodeName":"SegmentTimeline","nodeValue":null,"attributes":{},"childNodes":[{"nodeName":"S","nodeValue":null,"attributes":{"t":"0","d":"24576","r":"297"},"childNodes":[],"prefix":null,"localName":"S","tagName":"S","t":0,"d":24576,"r":297,"__children":[]},{"nodeName":"S","nodeValue":null,"attributes":{"d":"5632"},"childNodes":[],"prefix":null,"localName":"S","tagName":"S","d":5632,"__children":[]}],"prefix":null,"localName":"SegmentTimeline","tagName":"SegmentTimeline","S":[{"nodeName":"S","nodeValue":null,"attributes":{"t":"0","d":"24576","r":"297"},"childNodes":[],"prefix":null,"localName":"S","tagName":"S","t":0,"d":24576,"r":297,"__children":[]},{"nodeName":"S","nodeValue":null,"attributes":{"d":"5632"},"childNodes":[],"prefix":null,"localName":"S","tagName":"S","d":5632,"__children":[]}],"__children":[{"nodeName":"S","nodeValue":null,"attributes":{"t":"0","d":"24576","r":"297"},"childNodes":[],"prefix":null,"localName":"S","tagName":"S","t":0,"d":24576,"r":297,"__children":[]},{"nodeName":"S","nodeValue":null,"attributes":{"d":"5632"},"childNodes":[],"prefix":null,"localName":"S","tagName":"S","d":5632,"__children":[]}]},"__children":[{"nodeName":"SegmentTimeline","nodeValue":null,"attributes":{},"childNodes":[{"nodeName":"S","nodeValue":null,"attributes":{"t":"0","d":"24576","r":"297"},"childNodes":[],"prefix":null,"localName":"S","tagName":"S","t":0,"d":24576,"r":297,"__children":[]},{"nodeName":"S","nodeValue":null,"attributes":{"d":"5632"},"childNodes":[],"prefix":null,"localName":"S","tagName":"S","d":5632,"__children":[]}],"prefix":null,"localName":"SegmentTimeline","tagName":"SegmentTimeline","S":[{"nodeName":"S","nodeValue":null,"attributes":{"t":"0","d":"24576","r":"297"},"childNodes":[],"prefix":null,"localName":"S","tagName":"S","t":0,"d":24576,"r":297,"__children":[]},{"nodeName":"S","nodeValue":null,"attributes":{"d":"5632"},"childNodes":[],"prefix":null,"localName":"S","tagName":"S","d":5632,"__children":[]}],"__children":[{"nodeName":"S","nodeValue":null,"attributes":{"t":"0","d":"24576","r":"297"},"childNodes":[],"prefix":null,"localName":"S","tagName":"S","t":0,"d":24576,"r":297,"__children":[]},{"nodeName":"S","nodeValue":null,"attributes":{"d":"5632"},"childNodes":[],"prefix":null,"localName":"S","tagName":"S","d":5632,"__children":[]}]}]}]},{"nodeName":"Representation","nodeValue":null,"attributes":{"id":"1","mimeType":"video/mp4","codecs":"avc1.64001f","bandwidth":"200000","width":"320","height":"180","frameRate":"24/1"},"childNodes":[{"nodeName":"SegmentTemplate","nodeValue":null,"attributes":{"timescale":"12288","initialization":"ll2s-init-stream$RepresentationID$.m4s","media":"ll2s-chunk-stream$RepresentationID$-$Number%05d$.m4s","startNumber":"1"},"childNodes":[{"nodeName":"SegmentTimeline","nodeValue":null,"attributes":{},"childNodes":[{"nodeName":"S","nodeValue":null,"attributes":{"t":"0","d":"24576","r":"297"},"childNodes":[],"prefix":null,"localName":"S","tagName":"S","t":0,"d":24576,"r":297,"__children":[]},{"nodeName":"S","nodeValue":null,"attributes":{"d":"5632"},"childNodes":[],"prefix":null,"localName":"S","tagName":"S","d":5632,"__children":[]}],"prefix":null,"localName":"SegmentTimeline","tagName":"SegmentTimeline","S":[{"nodeName":"S","nodeValue":null,"attributes":{"t":"0","d":"24576","r":"297"},"childNodes":[],"prefix":null,"localName":"S","tagName":"S","t":0,"d":24576,"r":297,"__children":[]},{"nodeName":"S","nodeValue":null,"attributes":{"d":"5632"},"childNodes":[],"prefix":null,"localName":"S","tagName":"S","d":5632,"__children":[]}],"__children":[{"nodeName":"S","nodeValue":null,"attributes":{"t":"0","d":"24576","r":"297"},"childNodes":[],"prefix":null,"localName":"S","tagName":"S","t":0,"d":24576,"r":297,"__children":[]},{"nodeName":"S","nodeValue":null,"attributes":{"d":"5632"},"childNodes":[],"prefix":null,"localName":"S","tagName":"S","d":5632,"__children":[]}]}],"prefix":null,"localName":"SegmentTemplate","tagName":"SegmentTemplate","timescale":12288,"initialization":"ll2s-init-stream$RepresentationID$.m4s","media":"ll2s-chunk-stream$RepresentationID$-$Number%05d$.m4s","startNumber":1,"SegmentTimeline":{"nodeName":"SegmentTimeline","nodeValue":null,"attributes":{},"childNodes":[{"nodeName":"S","nodeValue":null,"attributes":{"t":"0","d":"24576","r":"297"},"childNodes":[],"prefix":null,"localName":"S","tagName":"S","t":0,"d":24576,"r":297,"__children":[]},{"nodeName":"S","nodeValue":null,"attributes":{"d":"5632"},"childNodes":[],"prefix":null,"localName":"S","tagName":"S","d":5632,"__children":[]}],"prefix":null,"localName":"SegmentTimeline","tagName":"SegmentTimeline","S":[{"nodeName":"S","nodeValue":null,"attributes":{"t":"0","d":"24576","r":"297"},"childNodes":[],"prefix":null,"localName":"S","tagName":"S","t":0,"d":24576,"r":297,"__children":[]},{"nodeName":"S","nodeValue":null,"attributes":{"d":"5632"},"childNodes":[],"prefix":null,"localName":"S","tagName":"S","d":5632,"__children":[]}],"__children":[{"nodeName":"S","nodeValue":null,"attributes":{"t":"0","d":"24576","r":"297"},"childNodes":[],"prefix":null,"localName":"S","tagName":"S","t":0,"d":24576,"r":297,"__children":[]},{"nodeName":"S","nodeValue":null,"attributes":{"d":"5632"},"childNodes":[],"prefix":null,"localName":"S","tagName":"S","d":5632,"__children":[]}]},"__children":[{"nodeName":"SegmentTimeline","nodeValue":null,"attributes":{},"childNodes":[{"nodeName":"S","nodeValue":null,"attributes":{"t":"0","d":"24576","r":"297"},"childNodes":[],"prefix":null,"localName":"S","tagName":"S","t":0,"d":24576,"r":297,"__children":[]},{"nodeName":"S","nodeValue":null,"attributes":{"d":"5632"},"childNodes":[],"prefix":null,"localName":"S","tagName":"S","d":5632,"__children":[]}],"prefix":null,"localName":"SegmentTimeline","tagName":"SegmentTimeline","S":[{"nodeName":"S","nodeValue":null,"attributes":{"t":"0","d":"24576","r":"297"},"childNodes":[],"prefix":null,"localName":"S","tagName":"S","t":0,"d":24576,"r":297,"__children":[]},{"nodeName":"S","nodeValue":null,"attributes":{"d":"5632"},"childNodes":[],"prefix":null,"localName":"S","tagName":"S","d":5632,"__children":[]}],"__children":[{"nodeName":"S","nodeValue":null,"attributes":{"t":"0","d":"24576","r":"297"},"childNodes":[],"prefix":null,"localName":"S","tagName":"S","t":0,"d":24576,"r":297,"__children":[]},{"nodeName":"S","nodeValue":null,"attributes":{"d":"5632"},"childNodes":[],"prefix":null,"localName":"S","tagName":"S","d":5632,"__children":[]}]}]}],"prefix":null,"localName":"Representation","tagName":"Representation","id":"1","mimeType":"video/mp4","codecs":"avc1.64001f","bandwidth":200000,"width":320,"height":180,"frameRate":"24/1","SegmentTemplate":{"nodeName":"SegmentTemplate","nodeValue":null,"attributes":{"timescale":"12288","initialization":"ll2s-init-stream$RepresentationID$.m4s","media":"ll2s-chunk-stream$RepresentationID$-$Number%05d$.m4s","startNumber":"1"},"childNodes":[{"nodeName":"SegmentTimeline","nodeValue":null,"attributes":{},"childNodes":[{"nodeName":"S","nodeValue":null,"attributes":{"t":"0","d":"24576","r":"297"},"childNodes":[],"prefix":null,"localName":"S","tagName":"S","t":0,"d":24576,"r":297,"__children":[]},{"nodeName":"S","nodeValue":null,"attributes":{"d":"5632"},"childNodes":[],"prefix":null,"localName":"S","tagName":"S","d":5632,"__children":[]}],"prefix":null,"localName":"SegmentTimeline","tagName":"SegmentTimeline","S":[{"nodeName":"S","nodeValue":null,"attributes":{"t":"0","d":"24576","r":"297"},"childNodes":[],"prefix":null,"localName":"S","tagName":"S","t":0,"d":24576,"r":297,"__children":[]},{"nodeName":"S","nodeValue":null,"attributes":{"d":"5632"},"childNodes":[],"prefix":null,"localName":"S","tagName":"S","d":5632,"__children":[]}],"__children":[{"nodeName":"S","nodeValue":null,"attributes":{"t":"0","d":"24576","r":"297"},"childNodes":[],"prefix":null,"localName":"S","tagName":"S","t":0,"d":24576,"r":297,"__children":[]},{"nodeName":"S","nodeValue":null,"attributes":{"d":"5632"},"childNodes":[],"prefix":null,"localName":"S","tagName":"S","d":5632,"__children":[]}]}],"prefix":null,"localName":"SegmentTemplate","tagName":"SegmentTemplate","timescale":12288,"initialization":"ll2s-init-stream$RepresentationID$.m4s","media":"ll2s-chunk-stream$RepresentationID$-$Number%05d$.m4s","startNumber":1,"SegmentTimeline":{"nodeName":"SegmentTimeline","nodeValue":null,"attributes":{},"childNodes":[{"nodeName":"S","nodeValue":null,"attributes":{"t":"0","d":"24576","r":"297"},"childNodes":[],"prefix":null,"localName":"S","tagName":"S","t":0,"d":24576,"r":297,"__children":[]},{"nodeName":"S","nodeValue":null,"attributes":{"d":"5632"},"childNodes":[],"prefix":null,"localName":"S","tagName":"S","d":5632,"__children":[]}],"prefix":null,"localName":"SegmentTimeline","tagName":"SegmentTimeline","S":[{"nodeName":"S","nodeValue":null,"attributes":{"t":"0","d":"24576","r":"297"},"childNodes":[],"prefix":null,"localName":"S","tagName":"S","t":0,"d":24576,"r":297,"__children":[]},{"nodeName":"S","nodeValue":null,"attributes":{"d":"5632"},"childNodes":[],"prefix":null,"localName":"S","tagName":"S","d":5632,"__children":[]}],"__children":[{"nodeName":"S","nodeValue":null,"attributes":{"t":"0","d":"24576","r":"297"},"childNodes":[],"prefix":null,"localName":"S","tagName":"S","t":0,"d":24576,"r":297,"__children":[]},{"nodeName":"S","nodeValue":null,"attributes":{"d":"5632"},"childNodes":[],"prefix":null,"localName":"S","tagName":"S","d":5632,"__children":[]}]},"__children":[{"nodeName":"SegmentTimeline","nodeValue":null,"attributes":{},"childNodes":[{"nodeName":"S","nodeValue":null,"attributes":{"t":"0","d":"24576","r":"297"},"childNodes":[],"prefix":null,"localName":"S","tagName":"S","t":0,"d":24576,"r":297,"__children":[]},{"nodeName":"S","nodeValue":null,"attributes":{"d":"5632"},"childNodes":[],"prefix":null,"localName":"S","tagName":"S","d":5632,"__children":[]}],"prefix":null,"localName":"SegmentTimeline","tagName":"SegmentTimeline","S":[{"nodeName":"S","nodeValue":null,"attributes":{"t":"0","d":"24576","r":"297"},"childNodes":[],"prefix":null,"localName":"S","tagName":"S","t":0,"d":24576,"r":297,"__children":[]},{"nodeName":"S","nodeValue":null,"attributes":{"d":"5632"},"childNodes":[],"prefix":null,"localName":"S","tagName":"S","d":5632,"__children":[]}],"__children":[{"nodeName":"S","nodeValue":null,"attributes":{"t":"0","d":"24576","r":"297"},"childNodes":[],"prefix":null,"localName":"S","tagName":"S","t":0,"d":24576,"r":297,"__children":[]},{"nodeName":"S","nodeValue":null,"attributes":{"d":"5632"},"childNodes":[],"prefix":null,"localName":"S","tagName":"S","d":5632,"__children":[]}]}]},"__children":[{"nodeName":"SegmentTemplate","nodeValue":null,"attributes":{"timescale":"12288","initialization":"ll2s-init-stream$RepresentationID$.m4s","media":"ll2s-chunk-stream$RepresentationID$-$Number%05d$.m4s","startNumber":"1"},"childNodes":[{"nodeName":"SegmentTimeline","nodeValue":null,"attributes":{},"childNodes":[{"nodeName":"S","nodeValue":null,"attributes":{"t":"0","d":"24576","r":"297"},"childNodes":[],"prefix":null,"localName":"S","tagName":"S","t":0,"d":24576,"r":297,"__children":[]},{"nodeName":"S","nodeValue":null,"attributes":{"d":"5632"},"childNodes":[],"prefix":null,"localName":"S","tagName":"S","d":5632,"__children":[]}],"prefix":null,"localName":"SegmentTimeline","tagName":"SegmentTimeline","S":[{"nodeName":"S","nodeValue":null,"attributes":{"t":"0","d":"24576","r":"297"},"childNodes":[],"prefix":null,"localName":"S","tagName":"S","t":0,"d":24576,"r":297,"__children":[]},{"nodeName":"S","nodeValue":null,"attributes":{"d":"5632"},"childNodes":[],"prefix":null,"localName":"S","tagName":"S","d":5632,"__children":[]}],"__children":[{"nodeName":"S","nodeValue":null,"attributes":{"t":"0","d":"24576","r":"297"},"childNodes":[],"prefix":null,"localName":"S","tagName":"S","t":0,"d":24576,"r":297,"__children":[]},{"nodeName":"S","nodeValue":null,"attributes":{"d":"5632"},"childNodes":[],"prefix":null,"localName":"S","tagName":"S","d":5632,"__children":[]}]}],"prefix":null,"localName":"SegmentTemplate","tagName":"SegmentTemplate","timescale":12288,"initialization":"ll2s-init-stream$RepresentationID$.m4s","media":"ll2s-chunk-stream$RepresentationID$-$Number%05d$.m4s","startNumber":1,"SegmentTimeline":{"nodeName":"SegmentTimeline","nodeValue":null,"attributes":{},"childNodes":[{"nodeName":"S","nodeValue":null,"attributes":{"t":"0","d":"24576","r":"297"},"childNodes":[],"prefix":null,"localName":"S","tagName":"S","t":0,"d":24576,"r":297,"__children":[]},{"nodeName":"S","nodeValue":null,"attributes":{"d":"5632"},"childNodes":[],"prefix":null,"localName":"S","tagName":"S","d":5632,"__children":[]}],"prefix":null,"localName":"SegmentTimeline","tagName":"SegmentTimeline","S":[{"nodeName":"S","nodeValue":null,"attributes":{"t":"0","d":"24576","r":"297"},"childNodes":[],"prefix":null,"localName":"S","tagName":"S","t":0,"d":24576,"r":297,"__children":[]},{"nodeName":"S","nodeValue":null,"attributes":{"d":"5632"},"childNodes":[],"prefix":null,"localName":"S","tagName":"S","d":5632,"__children":[]}],"__children":[{"nodeName":"S","nodeValue":null,"attributes":{"t":"0","d":"24576","r":"297"},"childNodes":[],"prefix":null,"localName":"S","tagName":"S","t":0,"d":24576,"r":297,"__children":[]},{"nodeName":"S","nodeValue":null,"attributes":{"d":"5632"},"childNodes":[],"prefix":null,"localName":"S","tagName":"S","d":5632,"__children":[]}]},"__children":[{"nodeName":"SegmentTimeline","nodeValue":null,"attributes":{},"childNodes":[{"nodeName":"S","nodeValue":null,"attributes":{"t":"0","d":"24576","r":"297"},"childNodes":[],"prefix":null,"localName":"S","tagName":"S","t":0,"d":24576,"r":297,"__children":[]},{"nodeName":"S","nodeValue":null,"attributes":{"d":"5632"},"childNodes":[],"prefix":null,"localName":"S","tagName":"S","d":5632,"__children":[]}],"prefix":null,"localName":"SegmentTimeline","tagName":"SegmentTimeline","S":[{"nodeName":"S","nodeValue":null,"attributes":{"t":"0","d":"24576","r":"297"},"childNodes":[],"prefix":null,"localName":"S","tagName":"S","t":0,"d":24576,"r":297,"__children":[]},{"nodeName":"S","nodeValue":null,"attributes":{"d":"5632"},"childNodes":[],"prefix":null,"localName":"S","tagName":"S","d":5632,"__children":[]}],"__children":[{"nodeName":"S","nodeValue":null,"attributes":{"t":"0","d":"24576","r":"297"},"childNodes":[],"prefix":null,"localName":"S","tagName":"S","t":0,"d":24576,"r":297,"__children":[]},{"nodeName":"S","nodeValue":null,"attributes":{"d":"5632"},"childNodes":[],"prefix":null,"localName":"S","tagName":"S","d":5632,"__children":[]}]}]}]},{"nodeName":"Representation","nodeValue":null,"attributes":{"id":"2","mimeType":"video/mp4","codecs":"avc1.64001f","bandwidth":"400000","width":"426","height":"240","frameRate":"24/1"},"childNodes":[{"nodeName":"SegmentTemplate","nodeValue":null,"attributes":{"timescale":"12288","initialization":"ll2s-init-stream$RepresentationID$.m4s","media":"ll2s-chunk-stream$RepresentationID$-$Number%05d$.m4s","startNumber":"1"},"childNodes":[{"nodeName":"SegmentTimeline","nodeValue":null,"attributes":{},"childNodes":[{"nodeName":"S","nodeValue":null,"attributes":{"t":"0","d":"24576","r":"297"},"childNodes":[],"prefix":null,"localName":"S","tagName":"S","t":0,"d":24576,"r":297,"__children":[]},{"nodeName":"S","nodeValue":null,"attributes":{"d":"5632"},"childNodes":[],"prefix":null,"localName":"S","tagName":"S","d":5632,"__children":[]}],"prefix":null,"localName":"SegmentTimeline","tagName":"SegmentTimeline","S":[{"nodeName":"S","nodeValue":null,"attributes":{"t":"0","d":"24576","r":"297"},"childNodes":[],"prefix":null,"localName":"S","tagName":"S","t":0,"d":24576,"r":297,"__children":[]},{"nodeName":"S","nodeValue":null,"attributes":{"d":"5632"},"childNodes":[],"prefix":null,"localName":"S","tagName":"S","d":5632,"__children":[]}],"__children":[{"nodeName":"S","nodeValue":null,"attributes":{"t":"0","d":"24576","r":"297"},"childNodes":[],"prefix":null,"localName":"S","tagName":"S","t":0,"d":24576,"r":297,"__children":[]},{"nodeName":"S","nodeValue":null,"attributes":{"d":"5632"},"childNodes":[],"prefix":null,"localName":"S","tagName":"S","d":5632,"__children":[]}]}],"prefix":null,"localName":"SegmentTemplate","tagName":"SegmentTemplate","timescale":12288,"initialization":"ll2s-init-stream$RepresentationID$.m4s","media":"ll2s-chunk-stream$RepresentationID$-$Number%05d$.m4s","startNumber":1,"SegmentTimeline":{"nodeName":"SegmentTimeline","nodeValue":null,"attributes":{},"childNodes":[{"nodeName":"S","nodeValue":null,"attributes":{"t":"0","d":"24576","r":"297"},"childNodes":[],"prefix":null,"localName":"S","tagName":"S","t":0,"d":24576,"r":297,"__children":[]},{"nodeName":"S","nodeValue":null,"attributes":{"d":"5632"},"childNodes":[],"prefix":null,"localName":"S","tagName":"S","d":5632,"__children":[]}],"prefix":null,"localName":"SegmentTimeline","tagName":"SegmentTimeline","S":[{"nodeName":"S","nodeValue":null,"attributes":{"t":"0","d":"24576","r":"297"},"childNodes":[],"prefix":null,"localName":"S","tagName":"S","t":0,"d":24576,"r":297,"__children":[]},{"nodeName":"S","nodeValue":null,"attributes":{"d":"5632"},"childNodes":[],"prefix":null,"localName":"S","tagName":"S","d":5632,"__children":[]}],"__children":[{"nodeName":"S","nodeValue":null,"attributes":{"t":"0","d":"24576","r":"297"},"childNodes":[],"prefix":null,"localName":"S","tagName":"S","t":0,"d":24576,"r":297,"__children":[]},{"nodeName":"S","nodeValue":null,"attributes":{"d":"5632"},"childNodes":[],"prefix":null,"localName":"S","tagName":"S","d":5632,"__children":[]}]},"__children":[{"nodeName":"SegmentTimeline","nodeValue":null,"attributes":{},"childNodes":[{"nodeName":"S","nodeValue":null,"attributes":{"t":"0","d":"24576","r":"297"},"childNodes":[],"prefix":null,"localName":"S","tagName":"S","t":0,"d":24576,"r":297,"__children":[]},{"nodeName":"S","nodeValue":null,"attributes":{"d":"5632"},"childNodes":[],"prefix":null,"localName":"S","tagName":"S","d":5632,"__children":[]}],"prefix":null,"localName":"SegmentTimeline","tagName":"SegmentTimeline","S":[{"nodeName":"S","nodeValue":null,"attributes":{"t":"0","d":"24576","r":"297"},"childNodes":[],"prefix":null,"localName":"S","tagName":"S","t":0,"d":24576,"r":297,"__children":[]},{"nodeName":"S","nodeValue":null,"attributes":{"d":"5632"},"childNodes":[],"prefix":null,"localName":"S","tagName":"S","d":5632,"__children":[]}],"__children":[{"nodeName":"S","nodeValue":null,"attributes":{"t":"0","d":"24576","r":"297"},"childNodes":[],"prefix":null,"localName":"S","tagName":"S","t":0,"d":24576,"r":297,"__children":[]},{"nodeName":"S","nodeValue":null,"attributes":{"d":"5632"},"childNodes":[],"prefix":null,"localName":"S","tagName":"S","d":5632,"__children":[]}]}]}],"prefix":null,"localName":"Representation","tagName":"Representation","id":"2","mimeType":"video/mp4","codecs":"avc1.64001f","bandwidth":400000,"width":426,"height":240,"frameRate":"24/1","SegmentTemplate":{"nodeName":"SegmentTemplate","nodeValue":null,"attributes":{"timescale":"12288","initialization":"ll2s-init-stream$RepresentationID$.m4s","media":"ll2s-chunk-stream$RepresentationID$-$Number%05d$.m4s","startNumber":"1"},"childNodes":[{"nodeName":"SegmentTimeline","nodeValue":null,"attributes":{},"childNodes":[{"nodeName":"S","nodeValue":null,"attributes":{"t":"0","d":"24576","r":"297"},"childNodes":[],"prefix":null,"localName":"S","tagName":"S","t":0,"d":24576,"r":297,"__children":[]},{"nodeName":"S","nodeValue":null,"attributes":{"d":"5632"},"childNodes":[],"prefix":null,"localName":"S","tagName":"S","d":5632,"__children":[]}],"prefix":null,"localName":"SegmentTimeline","tagName":"SegmentTimeline","S":[{"nodeName":"S","nodeValue":null,"attributes":{"t":"0","d":"24576","r":"297"},"childNodes":[],"prefix":null,"localName":"S","tagName":"S","t":0,"d":24576,"r":297,"__children":[]},{"nodeName":"S","nodeValue":null,"attributes":{"d":"5632"},"childNodes":[],"prefix":null,"localName":"S","tagName":"S","d":5632,"__children":[]}],"__children":[{"nodeName":"S","nodeValue":null,"attributes":{"t":"0","d":"24576","r":"297"},"childNodes":[],"prefix":null,"localName":"S","tagName":"S","t":0,"d":24576,"r":297,"__children":[]},{"nodeName":"S","nodeValue":null,"attributes":{"d":"5632"},"childNodes":[],"prefix":null,"localName":"S","tagName":"S","d":5632,"__children":[]}]}],"prefix":null,"localName":"SegmentTemplate","tagName":"SegmentTemplate","timescale":12288,"initialization":"ll2s-init-stream$RepresentationID$.m4s","media":"ll2s-chunk-stream$RepresentationID$-$Number%05d$.m4s","startNumber":1,"SegmentTimeline":{"nodeName":"SegmentTimeline","nodeValue":null,"attributes":{},"childNodes":[{"nodeName":"S","nodeValue":null,"attributes":{"t":"0","d":"24576","r":"297"},"childNodes":[],"prefix":null,"localName":"S","tagName":"S","t":0,"d":24576,"r":297,"__children":[]},{"nodeName":"S","nodeValue":null,"attributes":{"d":"5632"},"childNodes":[],"prefix":null,"localName":"S","tagName":"S","d":5632,"__children":[]}],"prefix":null,"localName":"SegmentTimeline","tagName":"SegmentTimeline","S":[{"nodeName":"S","nodeValue":null,"attributes":{"t":"0","d":"24576","r":"297"},"childNodes":[],"prefix":null,"localName":"S","tagName":"S","t":0,"d":24576,"r":297,"__children":[]},{"nodeName":"S","nodeValue":null,"attributes":{"d":"5632"},"childNodes":[],"prefix":null,"localName":"S","tagName":"S","d":5632,"__children":[]}],"__children":[{"nodeName":"S","nodeValue":null,"attributes":{"t":"0","d":"24576","r":"297"},"childNodes":[],"prefix":null,"localName":"S","tagName":"S","t":0,"d":24576,"r":297,"__children":[]},{"nodeName":"S","nodeValue":null,"attributes":{"d":"5632"},"childNodes":[],"prefix":null,"localName":"S","tagName":"S","d":5632,"__children":[]}]},"__children":[{"nodeName":"SegmentTimeline","nodeValue":null,"attributes":{},"childNodes":[{"nodeName":"S","nodeValue":null,"attributes":{"t":"0","d":"24576","r":"297"},"childNodes":[],"prefix":null,"localName":"S","tagName":"S","t":0,"d":24576,"r":297,"__children":[]},{"nodeName":"S","nodeValue":null,"attributes":{"d":"5632"},"childNodes":[],"prefix":null,"localName":"S","tagName":"S","d":5632,"__children":[]}],"prefix":null,"localName":"SegmentTimeline","tagName":"SegmentTimeline","S":[{"nodeName":"S","nodeValue":null,"attributes":{"t":"0","d":"24576","r":"297"},"childNodes":[],"prefix":null,"localName":"S","tagName":"S","t":0,"d":24576,"r":297,"__children":[]},{"nodeName":"S","nodeValue":null,"attributes":{"d":"5632"},"childNodes":[],"prefix":null,"localName":"S","tagName":"S","d":5632,"__children":[]}],"__children":[{"nodeName":"S","nodeValue":null,"attributes":{"t":"0","d":"24576","r":"297"},"childNodes":[],"prefix":null,"localName":"S","tagName":"S","t":0,"d":24576,"r":297,"__children":[]},{"nodeName":"S","nodeValue":null,"attributes":{"d":"5632"},"childNodes":[],"prefix":null,"localName":"S","tagName":"S","d":5632,"__children":[]}]}]},"__children":[{"nodeName":"SegmentTemplate","nodeValue":null,"attributes":{"timescale":"12288","initialization":"ll2s-init-stream$RepresentationID$.m4s","media":"ll2s-chunk-stream$RepresentationID$-$Number%05d$.m4s","startNumber":"1"},"childNodes":[{"nodeName":"SegmentTimeline","nodeValue":null,"attributes":{},"childNodes":[{"nodeName":"S","nodeValue":null,"attributes":{"t":"0","d":"24576","r":"297"},"childNodes":[],"prefix":null,"localName":"S","tagName":"S","t":0,"d":24576,"r":297,"__children":[]},{"nodeName":"S","nodeValue":null,"attributes":{"d":"5632"},"childNodes":[],"prefix":null,"localName":"S","tagName":"S","d":5632,"__children":[]}],"prefix":null,"localName":"SegmentTimeline","tagName":"SegmentTimeline","S":[{"nodeName":"S","nodeValue":null,"attributes":{"t":"0","d":"24576","r":"297"},"childNodes":[],"prefix":null,"localName":"S","tagName":"S","t":0,"d":24576,"r":297,"__children":[]},{"nodeName":"S","nodeValue":null,"attributes":{"d":"5632"},"childNodes":[],"prefix":null,"localName":"S","tagName":"S","d":5632,"__children":[]}],"__children":[{"nodeName":"S","nodeValue":null,"attributes":{"t":"0","d":"24576","r":"297"},"childNodes":[],"prefix":null,"localName":"S","tagName":"S","t":0,"d":24576,"r":297,"__children":[]},{"nodeName":"S","nodeValue":null,"attributes":{"d":"5632"},"childNodes":[],"prefix":null,"localName":"S","tagName":"S","d":5632,"__children":[]}]}],"prefix":null,"localName":"SegmentTemplate","tagName":"SegmentTemplate","timescale":12288,"initialization":"ll2s-init-stream$RepresentationID$.m4s","media":"ll2s-chunk-stream$RepresentationID$-$Number%05d$.m4s","startNumber":1,"SegmentTimeline":{"nodeName":"SegmentTimeline","nodeValue":null,"attributes":{},"childNodes":[{"nodeName":"S","nodeValue":null,"attributes":{"t":"0","d":"24576","r":"297"},"childNodes":[],"prefix":null,"localName":"S","tagName":"S","t":0,"d":24576,"r":297,"__children":[]},{"nodeName":"S","nodeValue":null,"attributes":{"d":"5632"},"childNodes":[],"prefix":null,"localName":"S","tagName":"S","d":5632,"__children":[]}],"prefix":null,"localName":"SegmentTimeline","tagName":"SegmentTimeline","S":[{"nodeName":"S","nodeValue":null,"attributes":{"t":"0","d":"24576","r":"297"},"childNodes":[],"prefix":null,"localName":"S","tagName":"S","t":0,"d":24576,"r":297,"__children":[]},{"nodeName":"S","nodeValue":null,"attributes":{"d":"5632"},"childNodes":[],"prefix":null,"localName":"S","tagName":"S","d":5632,"__children":[]}],"__children":[{"nodeName":"S","nodeValue":null,"attributes":{"t":"0","d":"24576","r":"297"},"childNodes":[],"prefix":null,"localName":"S","tagName":"S","t":0,"d":24576,"r":297,"__children":[]},{"nodeName":"S","nodeValue":null,"attributes":{"d":"5632"},"childNodes":[],"prefix":null,"localName":"S","tagName":"S","d":5632,"__children":[]}]},"__children":[{"nodeName":"SegmentTimeline","nodeValue":null,"attributes":{},"childNodes":[{"nodeName":"S","nodeValue":null,"attributes":{"t":"0","d":"24576","r":"297"},"childNodes":[],"prefix":null,"localName":"S","tagName":"S","t":0,"d":24576,"r":297,"__children":[]},{"nodeName":"S","nodeValue":null,"attributes":{"d":"5632"},"childNodes":[],"prefix":null,"localName":"S","tagName":"S","d":5632,"__children":[]}],"prefix":null,"localName":"SegmentTimeline","tagName":"SegmentTimeline","S":[{"nodeName":"S","nodeValue":null,"attributes":{"t":"0","d":"24576","r":"297"},"childNodes":[],"prefix":null,"localName":"S","tagName":"S","t":0,"d":24576,"r":297,"__children":[]},{"nodeName":"S","nodeValue":null,"attributes":{"d":"5632"},"childNodes":[],"prefix":null,"localName":"S","tagName":"S","d":5632,"__children":[]}],"__children":[{"nodeName":"S","nodeValue":null,"attributes":{"t":"0","d":"24576","r":"297"},"childNodes":[],"prefix":null,"localName":"S","tagName":"S","t":0,"d":24576,"r":297,"__children":[]},{"nodeName":"S","nodeValue":null,"attributes":{"d":"5632"},"childNodes":[],"prefix":null,"localName":"S","tagName":"S","d":5632,"__children":[]}]}]}]},{"nodeName":"Representation","nodeValue":null,"attributes":{"id":"3","mimeType":"video/mp4","codecs":"avc1.64001f","bandwidth":"600000","width":"480","height":"270","frameRate":"24/1"},"childNodes":[{"nodeName":"SegmentTemplate","nodeValue":null,"attributes":{"timescale":"12288","initialization":"ll2s-init-stream$RepresentationID$.m4s","media":"ll2s-chunk-stream$RepresentationID$-$Number%05d$.m4s","startNumber":"1"},"childNodes":[{"nodeName":"SegmentTimeline","nodeValue":null,"attributes":{},"childNodes":[{"nodeName":"S","nodeValue":null,"attributes":{"t":"0","d":"24576","r":"297"},"childNodes":[],"prefix":null,"localName":"S","tagName":"S","t":0,"d":24576,"r":297,"__children":[]},{"nodeName":"S","nodeValue":null,"attributes":{"d":"5632"},"childNodes":[],"prefix":null,"localName":"S","tagName":"S","d":5632,"__children":[]}],"prefix":null,"localName":"SegmentTimeline","tagName":"SegmentTimeline","S":[{"nodeName":"S","nodeValue":null,"attributes":{"t":"0","d":"24576","r":"297"},"childNodes":[],"prefix":null,"localName":"S","tagName":"S","t":0,"d":24576,"r":297,"__children":[]},{"nodeName":"S","nodeValue":null,"attributes":{"d":"5632"},"childNodes":[],"prefix":null,"localName":"S","tagName":"S","d":5632,"__children":[]}],"__children":[{"nodeName":"S","nodeValue":null,"attributes":{"t":"0","d":"24576","r":"297"},"childNodes":[],"prefix":null,"localName":"S","tagName":"S","t":0,"d":24576,"r":297,"__children":[]},{"nodeName":"S","nodeValue":null,"attributes":{"d":"5632"},"childNodes":[],"prefix":null,"localName":"S","tagName":"S","d":5632,"__children":[]}]}],"prefix":null,"localName":"SegmentTemplate","tagName":"SegmentTemplate","timescale":12288,"initialization":"ll2s-init-stream$RepresentationID$.m4s","media":"ll2s-chunk-stream$RepresentationID$-$Number%05d$.m4s","startNumber":1,"SegmentTimeline":{"nodeName":"SegmentTimeline","nodeValue":null,"attributes":{},"childNodes":[{"nodeName":"S","nodeValue":null,"attributes":{"t":"0","d":"24576","r":"297"},"childNodes":[],"prefix":null,"localName":"S","tagName":"S","t":0,"d":24576,"r":297,"__children":[]},{"nodeName":"S","nodeValue":null,"attributes":{"d":"5632"},"childNodes":[],"prefix":null,"localName":"S","tagName":"S","d":5632,"__children":[]}],"prefix":null,"localName":"SegmentTimeline","tagName":"SegmentTimeline","S":[{"nodeName":"S","nodeValue":null,"attributes":{"t":"0","d":"24576","r":"297"},"childNodes":[],"prefix":null,"localName":"S","tagName":"S","t":0,"d":24576,"r":297,"__children":[]},{"nodeName":"S","nodeValue":null,"attributes":{"d":"5632"},"childNodes":[],"prefix":null,"localName":"S","tagName":"S","d":5632,"__children":[]}],"__children":[{"nodeName":"S","nodeValue":null,"attributes":{"t":"0","d":"24576","r":"297"},"childNodes":[],"prefix":null,"localName":"S","tagName":"S","t":0,"d":24576,"r":297,"__children":[]},{"nodeName":"S","nodeValue":null,"attributes":{"d":"5632"},"childNodes":[],"prefix":null,"localName":"S","tagName":"S","d":5632,"__children":[]}]},"__children":[{"nodeName":"SegmentTimeline","nodeValue":null,"attributes":{},"childNodes":[{"nodeName":"S","nodeValue":null,"attributes":{"t":"0","d":"24576","r":"297"},"childNodes":[],"prefix":null,"localName":"S","tagName":"S","t":0,"d":24576,"r":297,"__children":[]},{"nodeName":"S","nodeValue":null,"attributes":{"d":"5632"},"childNodes":[],"prefix":null,"localName":"S","tagName":"S","d":5632,"__children":[]}],"prefix":null,"localName":"SegmentTimeline","tagName":"SegmentTimeline","S":[{"nodeName":"S","nodeValue":null,"attributes":{"t":"0","d":"24576","r":"297"},"childNodes":[],"prefix":null,"localName":"S","tagName":"S","t":0,"d":24576,"r":297,"__children":[]},{"nodeName":"S","nodeValue":null,"attributes":{"d":"5632"},"childNodes":[],"prefix":null,"localName":"S","tagName":"S","d":5632,"__children":[]}],"__children":[{"nodeName":"S","nodeValue":null,"attributes":{"t":"0","d":"24576","r":"297"},"childNodes":[],"prefix":null,"localName":"S","tagName":"S","t":0,"d":24576,"r":297,"__children":[]},{"nodeName":"S","nodeValue":null,"attributes":{"d":"5632"},"childNodes":[],"prefix":null,"localName":"S","tagName":"S","d":5632,"__children":[]}]}]}],"prefix":null,"localName":"Representation","tagName":"Representation","id":"3","mimeType":"video/mp4","codecs":"avc1.64001f","bandwidth":600000,"width":480,"height":270,"frameRate":"24/1","SegmentTemplate":{"nodeName":"SegmentTemplate","nodeValue":null,"attributes":{"timescale":"12288","initialization":"ll2s-init-stream$RepresentationID$.m4s","media":"ll2s-chunk-stream$RepresentationID$-$Number%05d$.m4s","startNumber":"1"},"childNodes":[{"nodeName":"SegmentTimeline","nodeValue":null,"attributes":{},"childNodes":[{"nodeName":"S","nodeValue":null,"attributes":{"t":"0","d":"24576","r":"297"},"childNodes":[],"prefix":null,"localName":"S","tagName":"S","t":0,"d":24576,"r":297,"__children":[]},{"nodeName":"S","nodeValue":null,"attributes":{"d":"5632"},"childNodes":[],"prefix":null,"localName":"S","tagName":"S","d":5632,"__children":[]}],"prefix":null,"localName":"SegmentTimeline","tagName":"SegmentTimeline","S":[{"nodeName":"S","nodeValue":null,"attributes":{"t":"0","d":"24576","r":"297"},"childNodes":[],"prefix":null,"localName":"S","tagName":"S","t":0,"d":24576,"r":297,"__children":[]},{"nodeName":"S","nodeValue":null,"attributes":{"d":"5632"},"childNodes":[],"prefix":null,"localName":"S","tagName":"S","d":5632,"__children":[]}],"__children":[{"nodeName":"S","nodeValue":null,"attributes":{"t":"0","d":"24576","r":"297"},"childNodes":[],"prefix":null,"localName":"S","tagName":"S","t":0,"d":24576,"r":297,"__children":[]},{"nodeName":"S","nodeValue":null,"attributes":{"d":"5632"},"childNodes":[],"prefix":null,"localName":"S","tagName":"S","d":5632,"__children":[]}]}],"prefix":null,"localName":"SegmentTemplate","tagName":"SegmentTemplate","timescale":12288,"initialization":"ll2s-init-stream$RepresentationID$.m4s","media":"ll2s-chunk-stream$RepresentationID$-$Number%05d$.m4s","startNumber":1,"SegmentTimeline":{"nodeName":"SegmentTimeline","nodeValue":null,"attributes":{},"childNodes":[{"nodeName":"S","nodeValue":null,"attributes":{"t":"0","d":"24576","r":"297"},"childNodes":[],"prefix":null,"localName":"S","tagName":"S","t":0,"d":24576,"r":297,"__children":[]},{"nodeName":"S","nodeValue":null,"attributes":{"d":"5632"},"childNodes":[],"prefix":null,"localName":"S","tagName":"S","d":5632,"__children":[]}],"prefix":null,"localName":"SegmentTimeline","tagName":"SegmentTimeline","S":[{"nodeName":"S","nodeValue":null,"attributes":{"t":"0","d":"24576","r":"297"},"childNodes":[],"prefix":null,"localName":"S","tagName":"S","t":0,"d":24576,"r":297,"__children":[]},{"nodeName":"S","nodeValue":null,"attributes":{"d":"5632"},"childNodes":[],"prefix":null,"localName":"S","tagName":"S","d":5632,"__children":[]}],"__children":[{"nodeName":"S","nodeValue":null,"attributes":{"t":"0","d":"24576","r":"297"},"childNodes":[],"prefix":null,"localName":"S","tagName":"S","t":0,"d":24576,"r":297,"__children":[]},{"nodeName":"S","nodeValue":null,"attributes":{"d":"5632"},"childNodes":[],"prefix":null,"localName":"S","tagName":"S","d":5632,"__children":[]}]},"__children":[{"nodeName":"SegmentTimeline","nodeValue":null,"attributes":{},"childNodes":[{"nodeName":"S","nodeValue":null,"attributes":{"t":"0","d":"24576","r":"297"},"childNodes":[],"prefix":null,"localName":"S","tagName":"S","t":0,"d":24576,"r":297,"__children":[]},{"nodeName":"S","nodeValue":null,"attributes":{"d":"5632"},"childNodes":[],"prefix":null,"localName":"S","tagName":"S","d":5632,"__children":[]}],"prefix":null,"localName":"SegmentTimeline","tagName":"SegmentTimeline","S":[{"nodeName":"S","nodeValue":null,"attributes":{"t":"0","d":"24576","r":"297"},"childNodes":[],"prefix":null,"localName":"S","tagName":"S","t":0,"d":24576,"r":297,"__children":[]},{"nodeName":"S","nodeValue":null,"attributes":{"d":"5632"},"childNodes":[],"prefix":null,"localName":"S","tagName":"S","d":5632,"__children":[]}],"__children":[{"nodeName":"S","nodeValue":null,"attributes":{"t":"0","d":"24576","r":"297"},"childNodes":[],"prefix":null,"localName":"S","tagName":"S","t":0,"d":24576,"r":297,"__children":[]},{"nodeName":"S","nodeValue":null,"attributes":{"d":"5632"},"childNodes":[],"prefix":null,"localName":"S","tagName":"S","d":5632,"__children":[]}]}]},"__children":[{"nodeName":"SegmentTemplate","nodeValue":null,"attributes":{"timescale":"12288","initialization":"ll2s-init-stream$RepresentationID$.m4s","media":"ll2s-chunk-stream$RepresentationID$-$Number%05d$.m4s","startNumber":"1"},"childNodes":[{"nodeName":"SegmentTimeline","nodeValue":null,"attributes":{},"childNodes":[{"nodeName":"S","nodeValue":null,"attributes":{"t":"0","d":"24576","r":"297"},"childNodes":[],"prefix":null,"localName":"S","tagName":"S","t":0,"d":24576,"r":297,"__children":[]},{"nodeName":"S","nodeValue":null,"attributes":{"d":"5632"},"childNodes":[],"prefix":null,"localName":"S","tagName":"S","d":5632,"__children":[]}],"prefix":null,"localName":"SegmentTimeline","tagName":"SegmentTimeline","S":[{"nodeName":"S","nodeValue":null,"attributes":{"t":"0","d":"24576","r":"297"},"childNodes":[],"prefix":null,"localName":"S","tagName":"S","t":0,"d":24576,"r":297,"__children":[]},{"nodeName":"S","nodeValue":null,"attributes":{"d":"5632"},"childNodes":[],"prefix":null,"localName":"S","tagName":"S","d":5632,"__children":[]}],"__children":[{"nodeName":"S","nodeValue":null,"attributes":{"t":"0","d":"24576","r":"297"},"childNodes":[],"prefix":null,"localName":"S","tagName":"S","t":0,"d":24576,"r":297,"__children":[]},{"nodeName":"S","nodeValue":null,"attributes":{"d":"5632"},"childNodes":[],"prefix":null,"localName":"S","tagName":"S","d":5632,"__children":[]}]}],"prefix":null,"localName":"SegmentTemplate","tagName":"SegmentTemplate","timescale":12288,"initialization":"ll2s-init-stream$RepresentationID$.m4s","media":"ll2s-chunk-stream$RepresentationID$-$Number%05d$.m4s","startNumber":1,"SegmentTimeline":{"nodeName":"SegmentTimeline","nodeValue":null,"attributes":{},"childNodes":[{"nodeName":"S","nodeValue":null,"attributes":{"t":"0","d":"24576","r":"297"},"childNodes":[],"prefix":null,"localName":"S","tagName":"S","t":0,"d":24576,"r":297,"__children":[]},{"nodeName":"S","nodeValue":null,"attributes":{"d":"5632"},"childNodes":[],"prefix":null,"localName":"S","tagName":"S","d":5632,"__children":[]}],"prefix":null,"localName":"SegmentTimeline","tagName":"SegmentTimeline","S":[{"nodeName":"S","nodeValue":null,"attributes":{"t":"0","d":"24576","r":"297"},"childNodes":[],"prefix":null,"localName":"S","tagName":"S","t":0,"d":24576,"r":297,"__children":[]},{"nodeName":"S","nodeValue":null,"attributes":{"d":"5632"},"childNodes":[],"prefix":null,"localName":"S","tagName":"S","d":5632,"__children":[]}],"__children":[{"nodeName":"S","nodeValue":null,"attributes":{"t":"0","d":"24576","r":"297"},"childNodes":[],"prefix":null,"localName":"S","tagName":"S","t":0,"d":24576,"r":297,"__children":[]},{"nodeName":"S","nodeValue":null,"attributes":{"d":"5632"},"childNodes":[],"prefix":null,"localName":"S","tagName":"S","d":5632,"__children":[]}]},"__children":[{"nodeName":"SegmentTimeline","nodeValue":null,"attributes":{},"childNodes":[{"nodeName":"S","nodeValue":null,"attributes":{"t":"0","d":"24576","r":"297"},"childNodes":[],"prefix":null,"localName":"S","tagName":"S","t":0,"d":24576,"r":297,"__children":[]},{"nodeName":"S","nodeValue":null,"attributes":{"d":"5632"},"childNodes":[],"prefix":null,"localName":"S","tagName":"S","d":5632,"__children":[]}],"prefix":null,"localName":"SegmentTimeline","tagName":"SegmentTimeline","S":[{"nodeName":"S","nodeValue":null,"attributes":{"t":"0","d":"24576","r":"297"},"childNodes":[],"prefix":null,"localName":"S","tagName":"S","t":0,"d":24576,"r":297,"__children":[]},{"nodeName":"S","nodeValue":null,"attributes":{"d":"5632"},"childNodes":[],"prefix":null,"localName":"S","tagName":"S","d":5632,"__children":[]}],"__children":[{"nodeName":"S","nodeValue":null,"attributes":{"t":"0","d":"24576","r":"297"},"childNodes":[],"prefix":null,"localName":"S","tagName":"S","t":0,"d":24576,"r":297,"__children":[]},{"nodeName":"S","nodeValue":null,"attributes":{"d":"5632"},"childNodes":[],"prefix":null,"localName":"S","tagName":"S","d":5632,"__children":[]}]}]}]},{"nodeName":"Representation","nodeValue":null,"attributes":{"id":"4","mimeType":"video/mp4","codecs":"avc1.64001f","bandwidth":"800000","width":"640","height":"360","frameRate":"24/1"},"childNodes":[{"nodeName":"SegmentTemplate","nodeValue":null,"attributes":{"timescale":"12288","initialization":"ll2s-init-stream$RepresentationID$.m4s","media":"ll2s-chunk-stream$RepresentationID$-$Number%05d$.m4s","startNumber":"1"},"childNodes":[{"nodeName":"SegmentTimeline","nodeValue":null,"attributes":{},"childNodes":[{"nodeName":"S","nodeValue":null,"attributes":{"t":"0","d":"24576","r":"297"},"childNodes":[],"prefix":null,"localName":"S","tagName":"S","t":0,"d":24576,"r":297,"__children":[]},{"nodeName":"S","nodeValue":null,"attributes":{"d":"5632"},"childNodes":[],"prefix":null,"localName":"S","tagName":"S","d":5632,"__children":[]}],"prefix":null,"localName":"SegmentTimeline","tagName":"SegmentTimeline","S":[{"nodeName":"S","nodeValue":null,"attributes":{"t":"0","d":"24576","r":"297"},"childNodes":[],"prefix":null,"localName":"S","tagName":"S","t":0,"d":24576,"r":297,"__children":[]},{"nodeName":"S","nodeValue":null,"attributes":{"d":"5632"},"childNodes":[],"prefix":null,"localName":"S","tagName":"S","d":5632,"__children":[]}],"__children":[{"nodeName":"S","nodeValue":null,"attributes":{"t":"0","d":"24576","r":"297"},"childNodes":[],"prefix":null,"localName":"S","tagName":"S","t":0,"d":24576,"r":297,"__children":[]},{"nodeName":"S","nodeValue":null,"attributes":{"d":"5632"},"childNodes":[],"prefix":null,"localName":"S","tagName":"S","d":5632,"__children":[]}]}],"prefix":null,"localName":"SegmentTemplate","tagName":"SegmentTemplate","timescale":12288,"initialization":"ll2s-init-stream$RepresentationID$.m4s","media":"ll2s-chunk-stream$RepresentationID$-$Number%05d$.m4s","startNumber":1,"SegmentTimeline":{"nodeName":"SegmentTimeline","nodeValue":null,"attributes":{},"childNodes":[{"nodeName":"S","nodeValue":null,"attributes":{"t":"0","d":"24576","r":"297"},"childNodes":[],"prefix":null,"localName":"S","tagName":"S","t":0,"d":24576,"r":297,"__children":[]},{"nodeName":"S","nodeValue":null,"attributes":{"d":"5632"},"childNodes":[],"prefix":null,"localName":"S","tagName":"S","d":5632,"__children":[]}],"prefix":null,"localName":"SegmentTimeline","tagName":"SegmentTimeline","S":[{"nodeName":"S","nodeValue":null,"attributes":{"t":"0","d":"24576","r":"297"},"childNodes":[],"prefix":null,"localName":"S","tagName":"S","t":0,"d":24576,"r":297,"__children":[]},{"nodeName":"S","nodeValue":null,"attributes":{"d":"5632"},"childNodes":[],"prefix":null,"localName":"S","tagName":"S","d":5632,"__children":[]}],"__children":[{"nodeName":"S","nodeValue":null,"attributes":{"t":"0","d":"24576","r":"297"},"childNodes":[],"prefix":null,"localName":"S","tagName":"S","t":0,"d":24576,"r":297,"__children":[]},{"nodeName":"S","nodeValue":null,"attributes":{"d":"5632"},"childNodes":[],"prefix":null,"localName":"S","tagName":"S","d":5632,"__children":[]}]},"__children":[{"nodeName":"SegmentTimeline","nodeValue":null,"attributes":{},"childNodes":[{"nodeName":"S","nodeValue":null,"attributes":{"t":"0","d":"24576","r":"297"},"childNodes":[],"prefix":null,"localName":"S","tagName":"S","t":0,"d":24576,"r":297,"__children":[]},{"nodeName":"S","nodeValue":null,"attributes":{"d":"5632"},"childNodes":[],"prefix":null,"localName":"S","tagName":"S","d":5632,"__children":[]}],"prefix":null,"localName":"SegmentTimeline","tagName":"SegmentTimeline","S":[{"nodeName":"S","nodeValue":null,"attributes":{"t":"0","d":"24576","r":"297"},"childNodes":[],"prefix":null,"localName":"S","tagName":"S","t":0,"d":24576,"r":297,"__children":[]},{"nodeName":"S","nodeValue":null,"attributes":{"d":"5632"},"childNodes":[],"prefix":null,"localName":"S","tagName":"S","d":5632,"__children":[]}],"__children":[{"nodeName":"S","nodeValue":null,"attributes":{"t":"0","d":"24576","r":"297"},"childNodes":[],"prefix":null,"localName":"S","tagName":"S","t":0,"d":24576,"r":297,"__children":[]},{"nodeName":"S","nodeValue":null,"attributes":{"d":"5632"},"childNodes":[],"prefix":null,"localName":"S","tagName":"S","d":5632,"__children":[]}]}]}],"prefix":null,"localName":"Representation","tagName":"Representation","id":"4","mimeType":"video/mp4","codecs":"avc1.64001f","bandwidth":800000,"width":640,"height":360,"frameRate":"24/1","SegmentTemplate":{"nodeName":"SegmentTemplate","nodeValue":null,"attributes":{"timescale":"12288","initialization":"ll2s-init-stream$RepresentationID$.m4s","media":"ll2s-chunk-stream$RepresentationID$-$Number%05d$.m4s","startNumber":"1"},"childNodes":[{"nodeName":"SegmentTimeline","nodeValue":null,"attributes":{},"childNodes":[{"nodeName":"S","nodeValue":null,"attributes":{"t":"0","d":"24576","r":"297"},"childNodes":[],"prefix":null,"localName":"S","tagName":"S","t":0,"d":24576,"r":297,"__children":[]},{"nodeName":"S","nodeValue":null,"attributes":{"d":"5632"},"childNodes":[],"prefix":null,"localName":"S","tagName":"S","d":5632,"__children":[]}],"prefix":null,"localName":"SegmentTimeline","tagName":"SegmentTimeline","S":[{"nodeName":"S","nodeValue":null,"attributes":{"t":"0","d":"24576","r":"297"},"childNodes":[],"prefix":null,"localName":"S","tagName":"S","t":0,"d":24576,"r":297,"__children":[]},{"nodeName":"S","nodeValue":null,"attributes":{"d":"5632"},"childNodes":[],"prefix":null,"localName":"S","tagName":"S","d":5632,"__children":[]}],"__children":[{"nodeName":"S","nodeValue":null,"attributes":{"t":"0","d":"24576","r":"297"},"childNodes":[],"prefix":null,"localName":"S","tagName":"S","t":0,"d":24576,"r":297,"__children":[]},{"nodeName":"S","nodeValue":null,"attributes":{"d":"5632"},"childNodes":[],"prefix":null,"localName":"S","tagName":"S","d":5632,"__children":[]}]}],"prefix":null,"localName":"SegmentTemplate","tagName":"SegmentTemplate","timescale":12288,"initialization":"ll2s-init-stream$RepresentationID$.m4s","media":"ll2s-chunk-stream$RepresentationID$-$Number%05d$.m4s","startNumber":1,"SegmentTimeline":{"nodeName":"SegmentTimeline","nodeValue":null,"attributes":{},"childNodes":[{"nodeName":"S","nodeValue":null,"attributes":{"t":"0","d":"24576","r":"297"},"childNodes":[],"prefix":null,"localName":"S","tagName":"S","t":0,"d":24576,"r":297,"__children":[]},{"nodeName":"S","nodeValue":null,"attributes":{"d":"5632"},"childNodes":[],"prefix":null,"localName":"S","tagName":"S","d":5632,"__children":[]}],"prefix":null,"localName":"SegmentTimeline","tagName":"SegmentTimeline","S":[{"nodeName":"S","nodeValue":null,"attributes":{"t":"0","d":"24576","r":"297"},"childNodes":[],"prefix":null,"localName":"S","tagName":"S","t":0,"d":24576,"r":297,"__children":[]},{"nodeName":"S","nodeValue":null,"attributes":{"d":"5632"},"childNodes":[],"prefix":null,"localName":"S","tagName":"S","d":5632,"__children":[]}],"__children":[{"nodeName":"S","nodeValue":null,"attributes":{"t":"0","d":"24576","r":"297"},"childNodes":[],"prefix":null,"localName":"S","tagName":"S","t":0,"d":24576,"r":297,"__children":[]},{"nodeName":"S","nodeValue":null,"attributes":{"d":"5632"},"childNodes":[],"prefix":null,"localName":"S","tagName":"S","d":5632,"__children":[]}]},"__children":[{"nodeName":"SegmentTimeline","nodeValue":null,"attributes":{},"childNodes":[{"nodeName":"S","nodeValue":null,"attributes":{"t":"0","d":"24576","r":"297"},"childNodes":[],"prefix":null,"localName":"S","tagName":"S","t":0,"d":24576,"r":297,"__children":[]},{"nodeName":"S","nodeValue":null,"attributes":{"d":"5632"},"childNodes":[],"prefix":null,"localName":"S","tagName":"S","d":5632,"__children":[]}],"prefix":null,"localName":"SegmentTimeline","tagName":"SegmentTimeline","S":[{"nodeName":"S","nodeValue":null,"attributes":{"t":"0","d":"24576","r":"297"},"childNodes":[],"prefix":null,"localName":"S","tagName":"S","t":0,"d":24576,"r":297,"__children":[]},{"nodeName":"S","nodeValue":null,"attributes":{"d":"5632"},"childNodes":[],"prefix":null,"localName":"S","tagName":"S","d":5632,"__children":[]}],"__children":[{"nodeName":"S","nodeValue":null,"attributes":{"t":"0","d":"24576","r":"297"},"childNodes":[],"prefix":null,"localName":"S","tagName":"S","t":0,"d":24576,"r":297,"__children":[]},{"nodeName":"S","nodeValue":null,"attributes":{"d":"5632"},"childNodes":[],"prefix":null,"localName":"S","tagName":"S","d":5632,"__children":[]}]}]},"__children":[{"nodeName":"SegmentTemplate","nodeValue":null,"attributes":{"timescale":"12288","initialization":"ll2s-init-stream$RepresentationID$.m4s","media":"ll2s-chunk-stream$RepresentationID$-$Number%05d$.m4s","startNumber":"1"},"childNodes":[{"nodeName":"SegmentTimeline","nodeValue":null,"attributes":{},"childNodes":[{"nodeName":"S","nodeValue":null,"attributes":{"t":"0","d":"24576","r":"297"},"childNodes":[],"prefix":null,"localName":"S","tagName":"S","t":0,"d":24576,"r":297,"__children":[]},{"nodeName":"S","nodeValue":null,"attributes":{"d":"5632"},"childNodes":[],"prefix":null,"localName":"S","tagName":"S","d":5632,"__children":[]}],"prefix":null,"localName":"SegmentTimeline","tagName":"SegmentTimeline","S":[{"nodeName":"S","nodeValue":null,"attributes":{"t":"0","d":"24576","r":"297"},"childNodes":[],"prefix":null,"localName":"S","tagName":"S","t":0,"d":24576,"r":297,"__children":[]},{"nodeName":"S","nodeValue":null,"attributes":{"d":"5632"},"childNodes":[],"prefix":null,"localName":"S","tagName":"S","d":5632,"__children":[]}],"__children":[{"nodeName":"S","nodeValue":null,"attributes":{"t":"0","d":"24576","r":"297"},"childNodes":[],"prefix":null,"localName":"S","tagName":"S","t":0,"d":24576,"r":297,"__children":[]},{"nodeName":"S","nodeValue":null,"attributes":{"d":"5632"},"childNodes":[],"prefix":null,"localName":"S","tagName":"S","d":5632,"__children":[]}]}],"prefix":null,"localName":"SegmentTemplate","tagName":"SegmentTemplate","timescale":12288,"initialization":"ll2s-init-stream$RepresentationID$.m4s","media":"ll2s-chunk-stream$RepresentationID$-$Number%05d$.m4s","startNumber":1,"SegmentTimeline":{"nodeName":"SegmentTimeline","nodeValue":null,"attributes":{},"childNodes":[{"nodeName":"S","nodeValue":null,"attributes":{"t":"0","d":"24576","r":"297"},"childNodes":[],"prefix":null,"localName":"S","tagName":"S","t":0,"d":24576,"r":297,"__children":[]},{"nodeName":"S","nodeValue":null,"attributes":{"d":"5632"},"childNodes":[],"prefix":null,"localName":"S","tagName":"S","d":5632,"__children":[]}],"prefix":null,"localName":"SegmentTimeline","tagName":"SegmentTimeline","S":[{"nodeName":"S","nodeValue":null,"attributes":{"t":"0","d":"24576","r":"297"},"childNodes":[],"prefix":null,"localName":"S","tagName":"S","t":0,"d":24576,"r":297,"__children":[]},{"nodeName":"S","nodeValue":null,"attributes":{"d":"5632"},"childNodes":[],"prefix":null,"localName":"S","tagName":"S","d":5632,"__children":[]}],"__children":[{"nodeName":"S","nodeValue":null,"attributes":{"t":"0","d":"24576","r":"297"},"childNodes":[],"prefix":null,"localName":"S","tagName":"S","t":0,"d":24576,"r":297,"__children":[]},{"nodeName":"S","nodeValue":null,"attributes":{"d":"5632"},"childNodes":[],"prefix":null,"localName":"S","tagName":"S","d":5632,"__children":[]}]},"__children":[{"nodeName":"SegmentTimeline","nodeValue":null,"attributes":{},"childNodes":[{"nodeName":"S","nodeValue":null,"attributes":{"t":"0","d":"24576","r":"297"},"childNodes":[],"prefix":null,"localName":"S","tagName":"S","t":0,"d":24576,"r":297,"__children":[]},{"nodeName":"S","nodeValue":null,"attributes":{"d":"5632"},"childNodes":[],"prefix":null,"localName":"S","tagName":"S","d":5632,"__children":[]}],"prefix":null,"localName":"SegmentTimeline","tagName":"SegmentTimeline","S":[{"nodeName":"S","nodeValue":null,"attributes":{"t":"0","d":"24576","r":"297"},"childNodes":[],"prefix":null,"localName":"S","tagName":"S","t":0,"d":24576,"r":297,"__children":[]},{"nodeName":"S","nodeValue":null,"attributes":{"d":"5632"},"childNodes":[],"prefix":null,"localName":"S","tagName":"S","d":5632,"__children":[]}],"__children":[{"nodeName":"S","nodeValue":null,"attributes":{"t":"0","d":"24576","r":"297"},"childNodes":[],"prefix":null,"localName":"S","tagName":"S","t":0,"d":24576,"r":297,"__children":[]},{"nodeName":"S","nodeValue":null,"attributes":{"d":"5632"},"childNodes":[],"prefix":null,"localName":"S","tagName":"S","d":5632,"__children":[]}]}]}]},{"nodeName":"Representation","nodeValue":null,"attributes":{"id":"5","mimeType":"video/mp4","codecs":"avc1.64001f","bandwidth":"1200000","width":"640","height":"360","frameRate":"24/1"},"childNodes":[{"nodeName":"SegmentTemplate","nodeValue":null,"attributes":{"timescale":"12288","initialization":"ll2s-init-stream$RepresentationID$.m4s","media":"ll2s-chunk-stream$RepresentationID$-$Number%05d$.m4s","startNumber":"1"},"childNodes":[{"nodeName":"SegmentTimeline","nodeValue":null,"attributes":{},"childNodes":[{"nodeName":"S","nodeValue":null,"attributes":{"t":"0","d":"24576","r":"297"},"childNodes":[],"prefix":null,"localName":"S","tagName":"S","t":0,"d":24576,"r":297,"__children":[]},{"nodeName":"S","nodeValue":null,"attributes":{"d":"5632"},"childNodes":[],"prefix":null,"localName":"S","tagName":"S","d":5632,"__children":[]}],"prefix":null,"localName":"SegmentTimeline","tagName":"SegmentTimeline","S":[{"nodeName":"S","nodeValue":null,"attributes":{"t":"0","d":"24576","r":"297"},"childNodes":[],"prefix":null,"localName":"S","tagName":"S","t":0,"d":24576,"r":297,"__children":[]},{"nodeName":"S","nodeValue":null,"attributes":{"d":"5632"},"childNodes":[],"prefix":null,"localName":"S","tagName":"S","d":5632,"__children":[]}],"__children":[{"nodeName":"S","nodeValue":null,"attributes":{"t":"0","d":"24576","r":"297"},"childNodes":[],"prefix":null,"localName":"S","tagName":"S","t":0,"d":24576,"r":297,"__children":[]},{"nodeName":"S","nodeValue":null,"attributes":{"d":"5632"},"childNodes":[],"prefix":null,"localName":"S","tagName":"S","d":5632,"__children":[]}]}],"prefix":null,"localName":"SegmentTemplate","tagName":"SegmentTemplate","timescale":12288,"initialization":"ll2s-init-stream$RepresentationID$.m4s","media":"ll2s-chunk-stream$RepresentationID$-$Number%05d$.m4s","startNumber":1,"SegmentTimeline":{"nodeName":"SegmentTimeline","nodeVal   t=92s | buffer: 0.1s | bitrate: 100 kbps | tp: 0 kbps | trace_bw: 0 kbps
   t=102s | buffer: 0.1s | bitrate: 100 kbps | tp: 0 kbps | trace_bw: 0 kbps
   t=112s | buffer: 0.1s | bitrate: 100 kbps | tp: 0 kbps | trace_bw: 0 kbps

======================================================================
  BENCHMARK RESULTS (LLDASH-GPAC / dash.js / BOLA)
======================================================================

  [TIMING]
      Startup delay:     21,186 ms
      Playback time:     9.9 s

  [BITRATE]
      Average (selected):  100 kbps
      Average (effective): 7 kbps
      Min / Max:           100 / 100 kbps
      Median:              100 kbps
      Std deviation:       0.0 kbps
      Variance:            0.0
      25th/75th %ile:      100 / 100 kbps

  [SWITCHES]
      Total count:       0
      Up / Down:         0 / 0
      Avg magnitude:     0 kbps

  [REBUFFERING]
      Events:            2
      Total time:        131,206 ms
      Ratio:             92.9950%
      Frequency:         12.142 per minute
      Avg duration:      21,029 ms
      Max duration:      21,029 ms

  [THROUGHPUT]
      Average:           2,545 kbps
      Median:            0 kbps
      Min / Max:         0 / 36,713 kbps
      Std deviation:     7,415.8 kbps

  [AVAILABLE BW (trace)]
      Average:           2,545 kbps
      Min / Max:         0 / 36,713 kbps

  [BUFFER]
      Average level:     0.4 s
      Min / Max:         0.1 / 7.0 s

  [UTILIZATION]
      Bandwidth:         0.0%

======================================================================

[SAVED] results/results/run_all_20260525_151403/lldash-gpac_5g-ireland/benchmark_lldash-gpac_netflix_driving_season3-strangerthings_B_2019_11_27_07_29_47_tc_20260525_205618.json

──────────────────────────────────────────────────────────────────────
  [73/83] netflix_driving_season3-strangerthings_B_2019_11_27_16_33_16_tc.csv
──────────────────────────────────────────────────────────────────────
[TRACE] netflix_driving_season3-strangerthings_B_2019_11_27_16_33_16_tc.csv
[LLDASH-GPAC] Trace file ready; gpac_server uses in-process bandwidth pacing.

======================================================================
  LLDASH-GPAC Streaming QoE Benchmark (dash.js / BOLA)
======================================================================
  Server: http://localhost:8082/player.html?mpd=http://localhost:8082/manifest.mpd
======================================================================

[TRACE] Loaded 1991 entries with bandwidth
[BROWSER] Launching headless Chromium...
[BROWSER] Waiting for playback to start...
   Startup delay: 2749ms

[PLAYBACK] Collecting metrics...
   t=10s | buffer: 0.1s | bitrate: 100 kbps | tp: 1 kbps | trace_bw: 1 kbps
   t=20s | buffer: 0.1s | bitrate: 100 kbps | tp: 246 kbps | trace_bw: 246 kbps
   t=31s | buffer: 3.4s | bitrate: 100 kbps | tp: 4426 kbps | trace_bw: 4426 kbps
   t=41s | buffer: 3.0s | bitrate: 100 kbps | tp: 2321 kbps | trace_bw: 2321 kbps
   t=51s | buffer: 2.9s | bitrate: 200 kbps | tp: 571 kbps | trace_bw: 571 kbps
   t=61s | buffer: 2.5s | bitrate: 400 kbps | tp: 1357 kbps | trace_bw: 1357 kbps
   t=72s | buffer: 2.5s | bitrate: 400 kbps | tp: 2294 kbps | trace_bw: 2294 kbps
   t=82s | buffer: 2.1s | bitrate: 600 kbps | tp: 5246 kbps | trace_bw: 5246 kbps
   t=92s | buffer: 1.9s | bitrate: 600 kbps | tp: 2624 kbps | trace_bw: 2624 kbps
   t=102s | buffer: 5.9s | bitrate: 400 kbps | tp: 3377 kbps | trace_bw: 3377 kbps
   t=112s | buffer: 1.5s | bitrate: 400 kbps | tp: 7225 kbps | trace_bw: 7225 kbps

======================================================================
  BENCHMARK RESULTS (LLDASH-GPAC / dash.js / BOLA)
======================================================================

  [TIMING]
      Startup delay:     2,749 ms
      Playback time:     101.9 s

  [BITRATE]
      Average (selected):  460 kbps
      Average (effective): 382 kbps
      Min / Max:           100 / 800 kbps
      Median:              600 kbps
      Std deviation:       249.8 kbps
      Variance:            62,400.0
      25th/75th %ile:      200 / 600 kbps

  [SWITCHES]
      Total count:       9
      Up / Down:         5 / 4
      Avg magnitude:     244 kbps

  [REBUFFERING]
      Events:            6
      Total time:        20,740 ms
      Ratio:             16.9135%
      Frequency:         3.533 per minute
      Avg duration:      3,794 ms
      Max duration:      15,675 ms

  [THROUGHPUT]
      Average:           3,476 kbps
      Median:            2,746 kbps
      Min / Max:         0 / 17,851 kbps
      Std deviation:     3,530.4 kbps

  [AVAILABLE BW (trace)]
      Average:           3,476 kbps
      Min / Max:         0 / 17,851 kbps
      Utilisation:       79.0%

  [BUFFER]
      Average level:     2.1 s
      Min / Max:         0.1 / 7.5 s

  [UTILIZATION]
      Bandwidth:         16.8%

======================================================================

[SAVED] results/results/run_all_20260525_151403/lldash-gpac_5g-ireland/benchmark_lldash-gpac_netflix_driving_season3-strangerthings_B_2019_11_27_16_33_16_tc_20260525_205842.json

──────────────────────────────────────────────────────────────────────
  [74/83] netflix_static_animated-rickandmorty_B_2019_11_23_14_30_10_tc.csv
──────────────────────────────────────────────────────────────────────
[TRACE] netflix_static_animated-rickandmorty_B_2019_11_23_14_30_10_tc.csv
[LLDASH-GPAC] Trace file ready; gpac_server uses in-process bandwidth pacing.

======================================================================
  LLDASH-GPAC Streaming QoE Benchmark (dash.js / BOLA)
======================================================================
  Server: http://localhost:8082/player.html?mpd=http://localhost:8082/manifest.mpd
======================================================================

[TRACE] Loaded 1098 entries with bandwidth
[BROWSER] Launching headless Chromium...
[BROWSER] Waiting for playback to start...
   Startup delay: 1372ms

[PLAYBACK] Collecting metrics...
   t=10s | buffer: 6.2s | bitrate: 100 kbps | tp: 0 kbps | trace_bw: 0 kbps
   t=20s | buffer: 1.9s | bitrate: 200 kbps | tp: 3121 kbps | trace_bw: 3121 kbps
   t=31s | buffer: 0.1s | bitrate: 200 kbps | tp: 4 kbps | trace_bw: 4 kbps
   t=41s | buffer: 0.1s | bitrate: 200 kbps | tp: 0 kbps | trace_bw: 0 kbps
   t=51s | buffer: 0.1s | bitrate: 200 kbps | tp: 31 kbps | trace_bw: 31 kbps
   t=61s | buffer: 0.1s | bitrate: 200 kbps | tp: 1 kbps | trace_bw: 1 kbps
   t=72s | buffer: 0.1s | bitrate: 200 kbps | tp: 0 kbps | trace_bw: 0 kbps
   t=82s | buffer: 0.1s | bitrate: 200 kbps | tp: 0 kbps | trace_bw: 0 kbps
   t=92s | buffer: 0.1s | bitrate: 100 kbps | tp: 2 kbps | trace_bw: 2 kbps
   t=102s | buffer: 0.1s | bitrate: 100 kbps | tp: 0 kbps | trace_bw: 0 kbps
   t=112s | buffer: 0.1s | bitrate: 100 kbps | tp: 2 kbps | trace_bw: 2 kbps

======================================================================
  BENCHMARK RESULTS (LLDASH-GPAC / dash.js / BOLA)
======================================================================

  [TIMING]
      Startup delay:     1,372 ms
      Playback time:     23.9 s

  [BITRATE]
      Average (selected):  133 kbps
      Average (effective): 26 kbps
      Min / Max:           100 / 200 kbps
      Median:              100 kbps
      Std deviation:       47.1 kbps
      Variance:            2,222.2
      25th/75th %ile:      100 / 200 kbps

  [SWITCHES]
      Total count:       2
      Up / Down:         1 / 1
      Avg magnitude:     100 kbps

  [REBUFFERING]
      Events:            6
      Total time:        97,843 ms
      Ratio:             80.3713%
      Frequency:         15.065 per minute
      Avg duration:      13,435 ms
      Max duration:      63,048 ms

  [THROUGHPUT]
      Average:           2,789 kbps
      Median:            0 kbps
      Min / Max:         0 / 72,426 kbps
      Std deviation:     11,675.4 kbps

  [AVAILABLE BW (trace)]
      Average:           2,789 kbps
      Min / Max:         0 / 72,426 kbps

  [BUFFER]
      Average level:     0.7 s
      Min / Max:         0.1 / 7.7 s

  [UTILIZATION]
      Bandwidth:         0.0%

======================================================================

[SAVED] results/results/run_all_20260525_151403/lldash-gpac_5g-ireland/benchmark_lldash-gpac_netflix_static_animated-rickandmorty_B_2019_11_23_14_30_10_tc_20260525_210048.json

──────────────────────────────────────────────────────────────────────
  [75/83] netflix_static_animated-rickandmorty_B_2019_11_26_08_02_38_tc.csv
──────────────────────────────────────────────────────────────────────
[TRACE] netflix_static_animated-rickandmorty_B_2019_11_26_08_02_38_tc.csv
[LLDASH-GPAC] Trace file ready; gpac_server uses in-process bandwidth pacing.

======================================================================
  LLDASH-GPAC Streaming QoE Benchmark (dash.js / BOLA)
======================================================================
  Server: http://localhost:8082/player.html?mpd=http://localhost:8082/manifest.mpd
======================================================================

[TRACE] Loaded 4701 entries with bandwidth
[BROWSER] Launching headless Chromium...
[BROWSER] Waiting for playback to start...
   Startup delay: 1682ms

[PLAYBACK] Collecting metrics...
   t=10s | buffer: 6.3s | bitrate: 100 kbps | tp: 273 kbps | trace_bw: 273 kbps
   t=20s | buffer: 0.1s | bitrate: 100 kbps | tp: 2 kbps | trace_bw: 2 kbps
   t=31s | buffer: 0.1s | bitrate: 100 kbps | tp: 0 kbps | trace_bw: 0 kbps
   t=41s | buffer: 1.4s | bitrate: 100 kbps | tp: 0 kbps | trace_bw: 0 kbps
   t=51s | buffer: 0.1s | bitrate: 100 kbps | tp: 2 kbps | trace_bw: 2 kbps
   t=61s | buffer: 4.1s | bitrate: 100 kbps | tp: 1 kbps | trace_bw: 1 kbps
   t=71s | buffer: 0.1s | bitrate: 100 kbps | tp: 0 kbps | trace_bw: 0 kbps
   t=82s | buffer: 0.1s | bitrate: 100 kbps | tp: 0 kbps | trace_bw: 0 kbps
   t=92s | buffer: 0.1s | bitrate: 100 kbps | tp: 2 kbps | trace_bw: 2 kbps
   t=102s | buffer: 0.1s | bitrate: 100 kbps | tp: 0 kbps | trace_bw: 0 kbps
   t=112s | buffer: 0.1s | bitrate: 100 kbps | tp: 2 kbps | trace_bw: 2 kbps

======================================================================
  BENCHMARK RESULTS (LLDASH-GPAC / dash.js / BOLA)
======================================================================

  [TIMING]
      Startup delay:     1,682 ms
      Playback time:     37.9 s

  [BITRATE]
      Average (selected):  100 kbps
      Average (effective): 31 kbps
      Min / Max:           100 / 100 kbps
      Median:              100 kbps
      Std deviation:       0.0 kbps
      Variance:            0.0
      25th/75th %ile:      100 / 100 kbps

  [SWITCHES]
      Total count:       0
      Up / Down:         0 / 0
      Avg magnitude:     0 kbps

  [REBUFFERING]
      Events:            8
      Total time:        84,137 ms
      Ratio:             68.9515%
      Frequency:         12.669 per minute
      Avg duration:      7,771 ms
      Max duration:      17,716 ms

  [THROUGHPUT]
      Average:           1,195 kbps
      Median:            0 kbps
      Min / Max:         0 / 68,172 kbps
      Std deviation:     6,987.1 kbps

  [AVAILABLE BW (trace)]
      Average:           1,195 kbps
      Min / Max:         0 / 68,172 kbps

  [BUFFER]
      Average level:     1.0 s
      Min / Max:         0.1 / 7.2 s

  [UTILIZATION]
      Bandwidth:         0.0%

======================================================================

[SAVED] results/results/run_all_20260525_151403/lldash-gpac_5g-ireland/benchmark_lldash-gpac_netflix_static_animated-rickandmorty_B_2019_11_26_08_02_38_tc_20260525_210254.json

──────────────────────────────────────────────────────────────────────
  [76/83] netflix_static_animated-rickandmorty_B_2019_11_26_09_27_10_tc.csv
──────────────────────────────────────────────────────────────────────
[TRACE] netflix_static_animated-rickandmorty_B_2019_11_26_09_27_10_tc.csv
[LLDASH-GPAC] Trace file ready; gpac_server uses in-process bandwidth pacing.

======================================================================
  LLDASH-GPAC Streaming QoE Benchmark (dash.js / BOLA)
======================================================================
  Server: http://localhost:8082/player.html?mpd=http://localhost:8082/manifest.mpd
======================================================================

[TRACE] Loaded 1247 entries with bandwidth
[BROWSER] Launching headless Chromium...
[BROWSER] Waiting for playback to start...
   Startup delay: 1673ms

[PLAYBACK] Collecting metrics...
   t=10s | buffer: 6.8s | bitrate: 100 kbps | tp: 30172 kbps | trace_bw: 30172 kbps
   t=20s | buffer: 0.1s | bitrate: 100 kbps | tp: 0 kbps | trace_bw: 0 kbps
   t=31s | buffer: 0.3s | bitrate: 100 kbps | tp: 2 kbps | trace_bw: 2 kbps
   t=41s | buffer: 0.1s | bitrate: 100 kbps | tp: 0 kbps | trace_bw: 0 kbps
   t=51s | buffer: 0.1s | bitrate: 100 kbps | tp: 0 kbps | trace_bw: 0 kbps
   t=61s | buffer: 0.1s | bitrate: 100 kbps | tp: 0 kbps | trace_bw: 0 kbps
   t=71s | buffer: 0.1s | bitrate: 100 kbps | tp: 4 kbps | trace_bw: 4 kbps
   t=82s | buffer: 0.1s | bitrate: 100 kbps | tp: 0 kbps | trace_bw: 0 kbps
   t=92s | buffer: 0.1s | bitrate: 100 kbps | tp: 2 kbps | trace_bw: 2 kbps
   t=102s | buffer: 0.1s | bitrate: 100 kbps | tp: 0 kbps | trace_bw: 0 kbps
[BROWSER-ERROR] dash.js error {"code":27,"message":"http://localhost:8082/ll2s-chunk-stream0-00013.m4s is not available","data":{"request":{"action":"download","availabilityEndTime":null,"availabilityStartTime":"2026-05-26T04:05:02.254Z","bandwidth":100000,"bytesLoaded":null,"bytesTotal":null,"delayLoadingTime":1779768332064,"duration":2,"endDate":"2026-05-26T04:06:55.093Z","firstByteDate":"2026-05-26T04:06:35.091Z","index":12,"isPartialSegmentRequest":false,"mediaStartTime":24,"mediaType":"video","presentationStartTime":24,"representation":{"absoluteIndex":0,"adaptation":{"period":{"id":"0","index":0,"duration":596.4,"start":0,"mpd":{"availabilityEndTime":null,"availabilityStartTime":"2026-05-26T04:05:02.254Z","manifest":{"nodeName":"MPD","nodeValue":null,"attributes":{"xmlns:xsi":"http://www.w3.org/2001/XMLSchema-instance","xmlns":"urn:mpeg:dash:schema:mpd:2011","xmlns:xlink":"http://www.w3.org/1999/xlink","xsi:schemaLocation":"urn:mpeg:DASH:schema:MPD:2011 http://standards.iso.org/ittf/PubliclyAvailableStandards/MPEG-DASH_schema_files/DASH-MPD.xsd","profiles":"urn:mpeg:dash:profile:isoff-live:2011","type":"static","mediaPresentationDuration":"PT9M56.4S","minBufferTime":"PT4.0S"},"childNodes":[{"nodeName":"ProgramInformation","nodeValue":null,"attributes":{},"childNodes":[{"nodeName":"Title","nodeValue":null,"attributes":{},"childNodes":[{"nodeName":"#text","nodeValue":"Big Buck Bunny","attributes":{},"childNodes":[]}],"prefix":null,"localName":"Title","tagName":"Title","__text":"Big Buck Bunny","__children":[{"nodeName":"#text","nodeValue":"Big Buck Bunny","attributes":{},"childNodes":[]}]}],"prefix":null,"localName":"ProgramInformation","tagName":"ProgramInformation","Title":{"nodeName":"Title","nodeValue":null,"attributes":{},"childNodes":[{"nodeName":"#text","nodeValue":"Big Buck Bunny","attributes":{},"childNodes":[]}],"prefix":null,"localName":"Title","tagName":"Title","__text":"Big Buck Bunny","__children":[{"nodeName":"#text","nodeValue":"Big Buck Bunny","attributes":{},"childNodes":[]}]},"__children":[{"nodeName":"Title","nodeValue":null,"attributes":{},"childNodes":[{"nodeName":"#text","nodeValue":"Big Buck Bunny","attributes":{},"childNodes":[]}],"prefix":null,"localName":"Title","tagName":"Title","__text":"Big Buck Bunny","__children":[{"nodeName":"#text","nodeValue":"Big Buck Bunny","attributes":{},"childNodes":[]}]}]},{"nodeName":"Period","nodeValue":null,"attributes":{"id":"0","start":"PT0.0S"},"childNodes":[{"nodeName":"AdaptationSet","nodeValue":null,"attributes":{"id":"0","contentType":"video","segmentAlignment":"true","bitstreamSwitching":"false"},"childNodes":[{"nodeName":"Representation","nodeValue":null,"attributes":{"id":"0","mimeType":"video/mp4","codecs":"avc1.64001f","bandwidth":"100000","width":"256","height":"144","frameRate":"24/1"},"childNodes":[{"nodeName":"SegmentTemplate","nodeValue":null,"attributes":{"timescale":"12288","initialization":"ll2s-init-stream$RepresentationID$.m4s","media":"ll2s-chunk-stream$RepresentationID$-$Number%05d$.m4s","startNumber":"1"},"childNodes":[{"nodeName":"SegmentTimeline","nodeValue":null,"attributes":{},"childNodes":[{"nodeName":"S","nodeValue":null,"attributes":{"t":"0","d":"24576","r":"297"},"childNodes":[],"prefix":null,"localName":"S","tagName":"S","t":0,"d":24576,"r":297,"__children":[]},{"nodeName":"S","nodeValue":null,"attributes":{"d":"5632"},"childNodes":[],"prefix":null,"localName":"S","tagName":"S","d":5632,"__children":[]}],"prefix":null,"localName":"SegmentTimeline","tagName":"SegmentTimeline","S":[{"nodeName":"S","nodeValue":null,"attributes":{"t":"0","d":"24576","r":"297"},"childNodes":[],"prefix":null,"localName":"S","tagName":"S","t":0,"d":24576,"r":297,"__children":[]},{"nodeName":"S","nodeValue":null,"attributes":{"d":"5632"},"childNodes":[],"prefix":null,"localName":"S","tagName":"S","d":5632,"__children":[]}],"__children":[{"nodeName":"S","nodeValue":null,"attributes":{"t":"0","d":"24576","r":"297"},"childNodes":[],"prefix":null,"localName":"S","tagName":"S","t":0,"d":24576,"r":297,"__children":[]},{"nodeName":"S","nodeValue":null,"attributes":{"d":"5632"},"childNodes":[],"prefix":null,"localName":"S","tagName":"S","d":5632,"__children":[]}]}],"prefix":null,"localName":"SegmentTemplate","tagName":"SegmentTemplate","timescale":12288,"initialization":"ll2s-init-stream$RepresentationID$.m4s","media":"ll2s-chunk-stream$RepresentationID$-$Number%05d$.m4s","startNumber":1,"SegmentTimeline":{"nodeName":"SegmentTimeline","nodeValue":null,"attributes":{},"childNodes":[{"nodeName":"S","nodeValue":null,"attributes":{"t":"0","d":"24576","r":"297"},"childNodes":[],"prefix":null,"localName":"S","tagName":"S","t":0,"d":24576,"r":297,"__children":[]},{"nodeName":"S","nodeValue":null,"attributes":{"d":"5632"},"childNodes":[],"prefix":null,"localName":"S","tagName":"S","d":5632,"__children":[]}],"prefix":null,"localName":"SegmentTimeline","tagName":"SegmentTimeline","S":[{"nodeName":"S","nodeValue":null,"attributes":{"t":"0","d":"24576","r":"297"},"childNodes":[],"prefix":null,"localName":"S","tagName":"S","t":0,"d":24576,"r":297,"__children":[]},{"nodeName":"S","nodeValue":null,"attributes":{"d":"5632"},"childNodes":[],"prefix":null,"localName":"S","tagName":"S","d":5632,"__children":[]}],"__children":[{"nodeName":"S","nodeValue":null,"attributes":{"t":"0","d":"24576","r":"297"},"childNodes":[],"prefix":null,"localName":"S","tagName":"S","t":0,"d":24576,"r":297,"__children":[]},{"nodeName":"S","nodeValue":null,"attributes":{"d":"5632"},"childNodes":[],"prefix":null,"localName":"S","tagName":"S","d":5632,"__children":[]}]},"__children":[{"nodeName":"SegmentTimeline","nodeValue":null,"attributes":{},"childNodes":[{"nodeName":"S","nodeValue":null,"attributes":{"t":"0","d":"24576","r":"297"},"childNodes":[],"prefix":null,"localName":"S","tagName":"S","t":0,"d":24576,"r":297,"__children":[]},{"nodeName":"S","nodeValue":null,"attributes":{"d":"5632"},"childNodes":[],"prefix":null,"localName":"S","tagName":"S","d":5632,"__children":[]}],"prefix":null,"localName":"SegmentTimeline","tagName":"SegmentTimeline","S":[{"nodeName":"S","nodeValue":null,"attributes":{"t":"0","d":"24576","r":"297"},"childNodes":[],"prefix":null,"localName":"S","tagName":"S","t":0,"d":24576,"r":297,"__children":[]},{"nodeName":"S","nodeValue":null,"attributes":{"d":"5632"},"childNodes":[],"prefix":null,"localName":"S","tagName":"S","d":5632,"__children":[]}],"__children":[{"nodeName":"S","nodeValue":null,"attributes":{"t":"0","d":"24576","r":"297"},"childNodes":[],"prefix":null,"localName":"S","tagName":"S","t":0,"d":24576,"r":297,"__children":[]},{"nodeName":"S","nodeValue":null,"attributes":{"d":"5632"},"childNodes":[],"prefix":null,"localName":"S","tagName":"S","d":5632,"__children":[]}]}]}],"prefix":null,"localName":"Representation","tagName":"Representation","id":"0","mimeType":"video/mp4","codecs":"avc1.64001f","bandwidth":100000,"width":256,"height":144,"frameRate":"24/1","SegmentTemplate":{"nodeName":"SegmentTemplate","nodeValue":null,"attributes":{"timescale":"12288","initialization":"ll2s-init-stream$RepresentationID$.m4s","media":"ll2s-chunk-stream$RepresentationID$-$Number%05d$.m4s","startNumber":"1"},"childNodes":[{"nodeName":"SegmentTimeline","nodeValue":null,"attributes":{},"childNodes":[{"nodeName":"S","nodeValue":null,"attributes":{"t":"0","d":"24576","r":"297"},"childNodes":[],"prefix":null,"localName":"S","tagName":"S","t":0,"d":24576,"r":297,"__children":[]},{"nodeName":"S","nodeValue":null,"attributes":{"d":"5632"},"childNodes":[],"prefix":null,"localName":"S","tagName":"S","d":5632,"__children":[]}],"prefix":null,"localName":"SegmentTimeline","tagName":"SegmentTimeline","S":[{"nodeName":"S","nodeValue":null,"attributes":{"t":"0","d":"24576","r":"297"},"childNodes":[],"prefix":null,"localName":"S","tagName":"S","t":0,"d":24576,"r":297,"__children":[]},{"nodeName":"S","nodeValue":null,"attributes":{"d":"5632"},"childNodes":[],"prefix":null,"localName":"S","tagName":"S","d":5632,"__children":[]}],"__children":[{"nodeName":"S","nodeValue":null,"attributes":{"t":"0","d":"24576","r":"297"},"childNodes":[],"prefix":null,"localName":"S","tagName":"S","t":0,"d":24576,"r":297,"__children":[]},{"nodeName":"S","nodeValue":null,"attributes":{"d":"5632"},"childNodes":[],"prefix":null,"localName":"S","tagName":"S","d":5632,"__children":[]}]}],"prefix":null,"localName":"SegmentTemplate","tagName":"SegmentTemplate","timescale":12288,"initialization":"ll2s-init-stream$RepresentationID$.m4s","media":"ll2s-chunk-stream$RepresentationID$-$Number%05d$.m4s","startNumber":1,"SegmentTimeline":{"nodeName":"SegmentTimeline","nodeValue":null,"attributes":{},"childNodes":[{"nodeName":"S","nodeValue":null,"attributes":{"t":"0","d":"24576","r":"297"},"childNodes":[],"prefix":null,"localName":"S","tagName":"S","t":0,"d":24576,"r":297,"__children":[]},{"nodeName":"S","nodeValue":null,"attributes":{"d":"5632"},"childNodes":[],"prefix":null,"localName":"S","tagName":"S","d":5632,"__children":[]}],"prefix":null,"localName":"SegmentTimeline","tagName":"SegmentTimeline","S":[{"nodeName":"S","nodeValue":null,"attributes":{"t":"0","d":"24576","r":"297"},"childNodes":[],"prefix":null,"localName":"S","tagName":"S","t":0,"d":24576,"r":297,"__children":[]},{"nodeName":"S","nodeValue":null,"attributes":{"d":"5632"},"childNodes":[],"prefix":null,"localName":"S","tagName":"S","d":5632,"__children":[]}],"__children":[{"nodeName":"S","nodeValue":null,"attributes":{"t":"0","d":"24576","r":"297"},"childNodes":[],"prefix":null,"localName":"S","tagName":"S","t":0,"d":24576,"r":297,"__children":[]},{"nodeName":"S","nodeValue":null,"attributes":{"d":"5632"},"childNodes":[],"prefix":null,"localName":"S","tagName":"S","d":5632,"__children":[]}]},"__children":[{"nodeName":"SegmentTimeline","nodeValue":null,"attributes":{},"childNodes":[{"nodeName":"S","nodeValue":null,"attributes":{"t":"0","d":"24576","r":"297"},"childNodes":[],"prefix":null,"localName":"S","tagName":"S","t":0,"d":24576,"r":297,"__children":[]},{"nodeName":"S","nodeValue":null,"attributes":{"d":"5632"},"childNodes":[],"prefix":null,"localName":"S","tagName":"S","d":5632,"__children":[]}],"prefix":null,"localName":"SegmentTimeline","tagName":"SegmentTimeline","S":[{"nodeName":"S","nodeValue":null,"attributes":{"t":"0","d":"24576","r":"297"},"childNodes":[],"prefix":null,"localName":"S","tagName":"S","t":0,"d":24576,"r":297,"__children":[]},{"nodeName":"S","nodeValue":null,"attributes":{"d":"5632"},"childNodes":[],"prefix":null,"localName":"S","tagName":"S","d":5632,"__children":[]}],"__children":[{"nodeName":"S","nodeValue":null,"attributes":{"t":"0","d":"24576","r":"297"},"childNodes":[],"prefix":null,"localName":"S","tagName":"S","t":0,"d":24576,"r":297,"__children":[]},{"nodeName":"S","nodeValue":null,"attributes":{"d":"5632"},"childNodes":[],"prefix":null,"localName":"S","tagName":"S","d":5632,"__children":[]}]}]},"__children":[{"nodeName":"SegmentTemplate","nodeValue":null,"attributes":{"timescale":"12288","initialization":"ll2s-init-stream$RepresentationID$.m4s","media":"ll2s-chunk-stream$RepresentationID$-$Number%05d$.m4s","startNumber":"1"},"childNodes":[{"nodeName":"SegmentTimeline","nodeValue":null,"attributes":{},"childNodes":[{"nodeName":"S","nodeValue":null,"attributes":{"t":"0","d":"24576","r":"297"},"childNodes":[],"prefix":null,"localName":"S","tagName":"S","t":0,"d":24576,"r":297,"__children":[]},{"nodeName":"S","nodeValue":null,"attributes":{"d":"5632"},"childNodes":[],"prefix":null,"localName":"S","tagName":"S","d":5632,"__children":[]}],"prefix":null,"localName":"SegmentTimeline","tagName":"SegmentTimeline","S":[{"nodeName":"S","nodeValue":null,"attributes":{"t":"0","d":"24576","r":"297"},"childNodes":[],"prefix":null,"localName":"S","tagName":"S","t":0,"d":24576,"r":297,"__children":[]},{"nodeName":"S","nodeValue":null,"attributes":{"d":"5632"},"childNodes":[],"prefix":null,"localName":"S","tagName":"S","d":5632,"__children":[]}],"__children":[{"nodeName":"S","nodeValue":null,"attributes":{"t":"0","d":"24576","r":"297"},"childNodes":[],"prefix":null,"localName":"S","tagName":"S","t":0,"d":24576,"r":297,"__children":[]},{"nodeName":"S","nodeValue":null,"attributes":{"d":"5632"},"childNodes":[],"prefix":null,"localName":"S","tagName":"S","d":5632,"__children":[]}]}],"prefix":null,"localName":"SegmentTemplate","tagName":"SegmentTemplate","timescale":12288,"initialization":"ll2s-init-stream$RepresentationID$.m4s","media":"ll2s-chunk-stream$RepresentationID$-$Number%05d$.m4s","startNumber":1,"SegmentTimeline":{"nodeName":"SegmentTimeline","nodeValue":null,"attributes":{},"childNodes":[{"nodeName":"S","nodeValue":null,"attributes":{"t":"0","d":"24576","r":"297"},"childNodes":[],"prefix":null,"localName":"S","tagName":"S","t":0,"d":24576,"r":297,"__children":[]},{"nodeName":"S","nodeValue":null,"attributes":{"d":"5632"},"childNodes":[],"prefix":null,"localName":"S","tagName":"S","d":5632,"__children":[]}],"prefix":null,"localName":"SegmentTimeline","tagName":"SegmentTimeline","S":[{"nodeName":"S","nodeValue":null,"attributes":{"t":"0","d":"24576","r":"297"},"childNodes":[],"prefix":null,"localName":"S","tagName":"S","t":0,"d":24576,"r":297,"__children":[]},{"nodeName":"S","nodeValue":null,"attributes":{"d":"5632"},"childNodes":[],"prefix":null,"localName":"S","tagName":"S","d":5632,"__children":[]}],"__children":[{"nodeName":"S","nodeValue":null,"attributes":{"t":"0","d":"24576","r":"297"},"childNodes":[],"prefix":null,"localName":"S","tagName":"S","t":0,"d":24576,"r":297,"__children":[]},{"nodeName":"S","nodeValue":null,"attributes":{"d":"5632"},"childNodes":[],"prefix":null,"localName":"S","tagName":"S","d":5632,"__children":[]}]},"__children":[{"nodeName":"SegmentTimeline","nodeValue":null,"attributes":{},"childNodes":[{"nodeName":"S","nodeValue":null,"attributes":{"t":"0","d":"24576","r":"297"},"childNodes":[],"prefix":null,"localName":"S","tagName":"S","t":0,"d":24576,"r":297,"__children":[]},{"nodeName":"S","nodeValue":null,"attributes":{"d":"5632"},"childNodes":[],"prefix":null,"localName":"S","tagName":"S","d":5632,"__children":[]}],"prefix":null,"localName":"SegmentTimeline","tagName":"SegmentTimeline","S":[{"nodeName":"S","nodeValue":null,"attributes":{"t":"0","d":"24576","r":"297"},"childNodes":[],"prefix":null,"localName":"S","tagName":"S","t":0,"d":24576,"r":297,"__children":[]},{"nodeName":"S","nodeValue":null,"attributes":{"d":"5632"},"childNodes":[],"prefix":null,"localName":"S","tagName":"S","d":5632,"__children":[]}],"__children":[{"nodeName":"S","nodeValue":null,"attributes":{"t":"0","d":"24576","r":"297"},"childNodes":[],"prefix":null,"localName":"S","tagName":"S","t":0,"d":24576,"r":297,"__children":[]},{"nodeName":"S","nodeValue":null,"attributes":{"d":"5632"},"childNodes":[],"prefix":null,"localName":"S","tagName":"S","d":5632,"__children":[]}]}]}]},{"nodeName":"Representation","nodeValue":null,"attributes":{"id":"1","mimeType":"video/mp4","codecs":"avc1.64001f","bandwidth":"200000","width":"320","height":"180","frameRate":"24/1"},"childNodes":[{"nodeName":"SegmentTemplate","nodeValue":null,"attributes":{"timescale":"12288","initialization":"ll2s-init-stream$RepresentationID$.m4s","media":"ll2s-chunk-stream$RepresentationID$-$Number%05d$.m4s","startNumber":"1"},"childNodes":[{"nodeName":"SegmentTimeline","nodeValue":null,"attributes":{},"childNodes":[{"nodeName":"S","nodeValue":null,"attributes":{"t":"0","d":"24576","r":"297"},"childNodes":[],"prefix":null,"localName":"S","tagName":"S","t":0,"d":24576,"r":297,"__children":[]},{"nodeName":"S","nodeValue":null,"attributes":{"d":"5632"},"childNodes":[],"prefix":null,"localName":"S","tagName":"S","d":5632,"__children":[]}],"prefix":null,"localName":"SegmentTimeline","tagName":"SegmentTimeline","S":[{"nodeName":"S","nodeValue":null,"attributes":{"t":"0","d":"24576","r":"297"},"childNodes":[],"prefix":null,"localName":"S","tagName":"S","t":0,"d":24576,"r":297,"__children":[]},{"nodeName":"S","nodeValue":null,"attributes":{"d":"5632"},"childNodes":[],"prefix":null,"localName":"S","tagName":"S","d":5632,"__children":[]}],"__children":[{"nodeName":"S","nodeValue":null,"attributes":{"t":"0","d":"24576","r":"297"},"childNodes":[],"prefix":null,"localName":"S","tagName":"S","t":0,"d":24576,"r":297,"__children":[]},{"nodeName":"S","nodeValue":null,"attributes":{"d":"5632"},"childNodes":[],"prefix":null,"localName":"S","tagName":"S","d":5632,"__children":[]}]}],"prefix":null,"localName":"SegmentTemplate","tagName":"SegmentTemplate","timescale":12288,"initialization":"ll2s-init-stream$RepresentationID$.m4s","media":"ll2s-chunk-stream$RepresentationID$-$Number%05d$.m4s","startNumber":1,"SegmentTimeline":{"nodeName":"SegmentTimeline","nodeValue":null,"attributes":{},"childNodes":[{"nodeName":"S","nodeValue":null,"attributes":{"t":"0","d":"24576","r":"297"},"childNodes":[],"prefix":null,"localName":"S","tagName":"S","t":0,"d":24576,"r":297,"__children":[]},{"nodeName":"S","nodeValue":null,"attributes":{"d":"5632"},"childNodes":[],"prefix":null,"localName":"S","tagName":"S","d":5632,"__children":[]}],"prefix":null,"localName":"SegmentTimeline","tagName":"SegmentTimeline","S":[{"nodeName":"S","nodeValue":null,"attributes":{"t":"0","d":"24576","r":"297"},"childNodes":[],"prefix":null,"localName":"S","tagName":"S","t":0,"d":24576,"r":297,"__children":[]},{"nodeName":"S","nodeValue":null,"attributes":{"d":"5632"},"childNodes":[],"prefix":null,"localName":"S","tagName":"S","d":5632,"__children":[]}],"__children":[{"nodeName":"S","nodeValue":null,"attributes":{"t":"0","d":"24576","r":"297"},"childNodes":[],"prefix":null,"localName":"S","tagName":"S","t":0,"d":24576,"r":297,"__children":[]},{"nodeName":"S","nodeValue":null,"attributes":{"d":"5632"},"childNodes":[],"prefix":null,"localName":"S","tagName":"S","d":5632,"__children":[]}]},"__children":[{"nodeName":"SegmentTimeline","nodeValue":null,"attributes":{},"childNodes":[{"nodeName":"S","nodeValue":null,"attributes":{"t":"0","d":"24576","r":"297"},"childNodes":[],"prefix":null,"localName":"S","tagName":"S","t":0,"d":24576,"r":297,"__children":[]},{"nodeName":"S","nodeValue":null,"attributes":{"d":"5632"},"childNodes":[],"prefix":null,"localName":"S","tagName":"S","d":5632,"__children":[]}],"prefix":null,"localName":"SegmentTimeline","tagName":"SegmentTimeline","S":[{"nodeName":"S","nodeValue":null,"attributes":{"t":"0","d":"24576","r":"297"},"childNodes":[],"prefix":null,"localName":"S","tagName":"S","t":0,"d":24576,"r":297,"__children":[]},{"nodeName":"S","nodeValue":null,"attributes":{"d":"5632"},"childNodes":[],"prefix":null,"localName":"S","tagName":"S","d":5632,"__children":[]}],"__children":[{"nodeName":"S","nodeValue":null,"attributes":{"t":"0","d":"24576","r":"297"},"childNodes":[],"prefix":null,"localName":"S","tagName":"S","t":0,"d":24576,"r":297,"__children":[]},{"nodeName":"S","nodeValue":null,"attributes":{"d":"5632"},"childNodes":[],"prefix":null,"localName":"S","tagName":"S","d":5632,"__children":[]}]}]}],"prefix":null,"localName":"Representation","tagName":"Representation","id":"1","mimeType":"video/mp4","codecs":"avc1.64001f","bandwidth":200000,"width":320,"height":180,"frameRate":"24/1","SegmentTemplate":{"nodeName":"SegmentTemplate","nodeValue":null,"attributes":{"timescale":"12288","initialization":"ll2s-init-stream$RepresentationID$.m4s","media":"ll2s-chunk-stream$RepresentationID$-$Number%05d$.m4s","startNumber":"1"},"childNodes":[{"nodeName":"SegmentTimeline","nodeValue":null,"attributes":{},"childNodes":[{"nodeName":"S","nodeValue":null,"attributes":{"t":"0","d":"24576","r":"297"},"childNodes":[],"prefix":null,"localName":"S","tagName":"S","t":0,"d":24576,"r":297,"__children":[]},{"nodeName":"S","nodeValue":null,"attributes":{"d":"5632"},"childNodes":[],"prefix":null,"localName":"S","tagName":"S","d":5632,"__children":[]}],"prefix":null,"localName":"SegmentTimeline","tagName":"SegmentTimeline","S":[{"nodeName":"S","nodeValue":null,"attributes":{"t":"0","d":"24576","r":"297"},"childNodes":[],"prefix":null,"localName":"S","tagName":"S","t":0,"d":24576,"r":297,"__children":[]},{"nodeName":"S","nodeValue":null,"attributes":{"d":"5632"},"childNodes":[],"prefix":null,"localName":"S","tagName":"S","d":5632,"__children":[]}],"__children":[{"nodeName":"S","nodeValue":null,"attributes":{"t":"0","d":"24576","r":"297"},"childNodes":[],"prefix":null,"localName":"S","tagName":"S","t":0,"d":24576,"r":297,"__children":[]},{"nodeName":"S","nodeValue":null,"attributes":{"d":"5632"},"childNodes":[],"prefix":null,"localName":"S","tagName":"S","d":5632,"__children":[]}]}],"prefix":null,"localName":"SegmentTemplate","tagName":"SegmentTemplate","timescale":12288,"initialization":"ll2s-init-stream$RepresentationID$.m4s","media":"ll2s-chunk-stream$RepresentationID$-$Number%05d$.m4s","startNumber":1,"SegmentTimeline":{"nodeName":"SegmentTimeline","nodeValue":null,"attributes":{},"childNodes":[{"nodeName":"S","nodeValue":null,"attributes":{"t":"0","d":"24576","r":"297"},"childNodes":[],"prefix":null,"localName":"S","tagName":"S","t":0,"d":24576,"r":297,"__children":[]},{"nodeName":"S","nodeValue":null,"attributes":{"d":"5632"},"childNodes":[],"prefix":null,"localName":"S","tagName":"S","d":5632,"__children":[]}],"prefix":null,"localName":"SegmentTimeline","tagName":"SegmentTimeline","S":[{"nodeName":"S","nodeValue":null,"attributes":{"t":"0","d":"24576","r":"297"},"childNodes":[],"prefix":null,"localName":"S","tagName":"S","t":0,"d":24576,"r":297,"__children":[]},{"nodeName":"S","nodeValue":null,"attributes":{"d":"5632"},"childNodes":[],"prefix":null,"localName":"S","tagName":"S","d":5632,"__children":[]}],"__children":[{"nodeName":"S","nodeValue":null,"attributes":{"t":"0","d":"24576","r":"297"},"childNodes":[],"prefix":null,"localName":"S","tagName":"S","t":0,"d":24576,"r":297,"__children":[]},{"nodeName":"S","nodeValue":null,"attributes":{"d":"5632"},"childNodes":[],"prefix":null,"localName":"S","tagName":"S","d":5632,"__children":[]}]},"__children":[{"nodeName":"SegmentTimeline","nodeValue":null,"attributes":{},"childNodes":[{"nodeName":"S","nodeValue":null,"attributes":{"t":"0","d":"24576","r":"297"},"childNodes":[],"prefix":null,"localName":"S","tagName":"S","t":0,"d":24576,"r":297,"__children":[]},{"nodeName":"S","nodeValue":null,"attributes":{"d":"5632"},"childNodes":[],"prefix":null,"localName":"S","tagName":"S","d":5632,"__children":[]}],"prefix":null,"localName":"SegmentTimeline","tagName":"SegmentTimeline","S":[{"nodeName":"S","nodeValue":null,"attributes":{"t":"0","d":"24576","r":"297"},"childNodes":[],"prefix":null,"localName":"S","tagName":"S","t":0,"d":24576,"r":297,"__children":[]},{"nodeName":"S","nodeValue":null,"attributes":{"d":"5632"},"childNodes":[],"prefix":null,"localName":"S","tagName":"S","d":5632,"__children":[]}],"__children":[{"nodeName":"S","nodeValue":null,"attributes":{"t":"0","d":"24576","r":"297"},"childNodes":[],"prefix":null,"localName":"S","tagName":"S","t":0,"d":24576,"r":297,"__children":[]},{"nodeName":"S","nodeValue":null,"attributes":{"d":"5632"},"childNodes":[],"prefix":null,"localName":"S","tagName":"S","d":5632,"__children":[]}]}]},"__children":[{"nodeName":"SegmentTemplate","nodeValue":null,"attributes":{"timescale":"12288","initialization":"ll2s-init-stream$RepresentationID$.m4s","media":"ll2s-chunk-stream$RepresentationID$-$Number%05d$.m4s","startNumber":"1"},"childNodes":[{"nodeName":"SegmentTimeline","nodeValue":null,"attributes":{},"childNodes":[{"nodeName":"S","nodeValue":null,"attributes":{"t":"0","d":"24576","r":"297"},"childNodes":[],"prefix":null,"localName":"S","tagName":"S","t":0,"d":24576,"r":297,"__children":[]},{"nodeName":"S","nodeValue":null,"attributes":{"d":"5632"},"childNodes":[],"prefix":null,"localName":"S","tagName":"S","d":5632,"__children":[]}],"prefix":null,"localName":"SegmentTimeline","tagName":"SegmentTimeline","S":[{"nodeName":"S","nodeValue":null,"attributes":{"t":"0","d":"24576","r":"297"},"childNodes":[],"prefix":null,"localName":"S","tagName":"S","t":0,"d":24576,"r":297,"__children":[]},{"nodeName":"S","nodeValue":null,"attributes":{"d":"5632"},"childNodes":[],"prefix":null,"localName":"S","tagName":"S","d":5632,"__children":[]}],"__children":[{"nodeName":"S","nodeValue":null,"attributes":{"t":"0","d":"24576","r":"297"},"childNodes":[],"prefix":null,"localName":"S","tagName":"S","t":0,"d":24576,"r":297,"__children":[]},{"nodeName":"S","nodeValue":null,"attributes":{"d":"5632"},"childNodes":[],"prefix":null,"localName":"S","tagName":"S","d":5632,"__children":[]}]}],"prefix":null,"localName":"SegmentTemplate","tagName":"SegmentTemplate","timescale":12288,"initialization":"ll2s-init-stream$RepresentationID$.m4s","media":"ll2s-chunk-stream$RepresentationID$-$Number%05d$.m4s","startNumber":1,"SegmentTimeline":{"nodeName":"SegmentTimeline","nodeValue":null,"attributes":{},"childNodes":[{"nodeName":"S","nodeValue":null,"attributes":{"t":"0","d":"24576","r":"297"},"childNodes":[],"prefix":null,"localName":"S","tagName":"S","t":0,"d":24576,"r":297,"__children":[]},{"nodeName":"S","nodeValue":null,"attributes":{"d":"5632"},"childNodes":[],"prefix":null,"localName":"S","tagName":"S","d":5632,"__children":[]}],"prefix":null,"localName":"SegmentTimeline","tagName":"SegmentTimeline","S":[{"nodeName":"S","nodeValue":null,"attributes":{"t":"0","d":"24576","r":"297"},"childNodes":[],"prefix":null,"localName":"S","tagName":"S","t":0,"d":24576,"r":297,"__children":[]},{"nodeName":"S","nodeValue":null,"attributes":{"d":"5632"},"childNodes":[],"prefix":null,"localName":"S","tagName":"S","d":5632,"__children":[]}],"__children":[{"nodeName":"S","nodeValue":null,"attributes":{"t":"0","d":"24576","r":"297"},"childNodes":[],"prefix":null,"localName":"S","tagName":"S","t":0,"d":24576,"r":297,"__children":[]},{"nodeName":"S","nodeValue":null,"attributes":{"d":"5632"},"childNodes":[],"prefix":null,"localName":"S","tagName":"S","d":5632,"__children":[]}]},"__children":[{"nodeName":"SegmentTimeline","nodeValue":null,"attributes":{},"childNodes":[{"nodeName":"S","nodeValue":null,"attributes":{"t":"0","d":"24576","r":"297"},"childNodes":[],"prefix":null,"localName":"S","tagName":"S","t":0,"d":24576,"r":297,"__children":[]},{"nodeName":"S","nodeValue":null,"attributes":{"d":"5632"},"childNodes":[],"prefix":null,"localName":"S","tagName":"S","d":5632,"__children":[]}],"prefix":null,"localName":"SegmentTimeline","tagName":"SegmentTimeline","S":[{"nodeName":"S","nodeValue":null,"attributes":{"t":"0","d":"24576","r":"297"},"childNodes":[],"prefix":null,"localName":"S","tagName":"S","t":0,"d":24576,"r":297,"__children":[]},{"nodeName":"S","nodeValue":null,"attributes":{"d":"5632"},"childNodes":[],"prefix":null,"localName":"S","tagName":"S","d":5632,"__children":[]}],"__children":[{"nodeName":"S","nodeValue":null,"attributes":{"t":"0","d":"24576","r":"297"},"childNodes":[],"prefix":null,"localName":"S","tagName":"S","t":0,"d":24576,"r":297,"__children":[]},{"nodeName":"S","nodeValue":null,"attributes":{"d":"5632"},"childNodes":[],"prefix":null,"localName":"S","tagName":"S","d":5632,"__children":[]}]}]}]},{"nodeName":"Representation","nodeValue":null,"attributes":{"id":"2","mimeType":"video/mp4","codecs":"avc1.64001f","bandwidth":"400000","width":"426","height":"240","frameRate":"24/1"},"childNodes":[{"nodeName":"SegmentTemplate","nodeValue":null,"attributes":{"timescale":"12288","initialization":"ll2s-init-stream$RepresentationID$.m4s","media":"ll2s-chunk-stream$RepresentationID$-$Number%05d$.m4s","startNumber":"1"},"childNodes":[{"nodeName":"SegmentTimeline","nodeValue":null,"attributes":{},"childNodes":[{"nodeName":"S","nodeValue":null,"attributes":{"t":"0","d":"24576","r":"297"},"childNodes":[],"prefix":null,"localName":"S","tagName":"S","t":0,"d":24576,"r":297,"__children":[]},{"nodeName":"S","nodeValue":null,"attributes":{"d":"5632"},"childNodes":[],"prefix":null,"localName":"S","tagName":"S","d":5632,"__children":[]}],"prefix":null,"localName":"SegmentTimeline","tagName":"SegmentTimeline","S":[{"nodeName":"S","nodeValue":null,"attributes":{"t":"0","d":"24576","r":"297"},"childNodes":[],"prefix":null,"localName":"S","tagName":"S","t":0,"d":24576,"r":297,"__children":[]},{"nodeName":"S","nodeValue":null,"attributes":{"d":"5632"},"childNodes":[],"prefix":null,"localName":"S","tagName":"S","d":5632,"__children":[]}],"__children":[{"nodeName":"S","nodeValue":null,"attributes":{"t":"0","d":"24576","r":"297"},"childNodes":[],"prefix":null,"localName":"S","tagName":"S","t":0,"d":24576,"r":297,"__children":[]},{"nodeName":"S","nodeValue":null,"attributes":{"d":"5632"},"childNodes":[],"prefix":null,"localName":"S","tagName":"S","d":5632,"__children":[]}]}],"prefix":null,"localName":"SegmentTemplate","tagName":"SegmentTemplate","timescale":12288,"initialization":"ll2s-init-stream$RepresentationID$.m4s","media":"ll2s-chunk-stream$RepresentationID$-$Number%05d$.m4s","startNumber":1,"SegmentTimeline":{"nodeName":"SegmentTimeline","nodeValue":null,"attributes":{},"childNodes":[{"nodeName":"S","nodeValue":null,"attributes":{"t":"0","d":"24576","r":"297"},"childNodes":[],"prefix":null,"localName":"S","tagName":"S","t":0,"d":24576,"r":297,"__children":[]},{"nodeName":"S","nodeValue":null,"attributes":{"d":"5632"},"childNodes":[],"prefix":null,"localName":"S","tagName":"S","d":5632,"__children":[]}],"prefix":null,"localName":"SegmentTimeline","tagName":"SegmentTimeline","S":[{"nodeName":"S","nodeValue":null,"attributes":{"t":"0","d":"24576","r":"297"},"childNodes":[],"prefix":null,"localName":"S","tagName":"S","t":0,"d":24576,"r":297,"__children":[]},{"nodeName":"S","nodeValue":null,"attributes":{"d":"5632"},"childNodes":[],"prefix":null,"localName":"S","tagName":"S","d":5632,"__children":[]}],"__children":[{"nodeName":"S","nodeValue":null,"attributes":{"t":"0","d":"24576","r":"297"},"childNodes":[],"prefix":null,"localName":"S","tagName":"S","t":0,"d":24576,"r":297,"__children":[]},{"nodeName":"S","nodeValue":null,"attributes":{"d":"5632"},"childNodes":[],"prefix":null,"localName":"S","tagName":"S","d":5632,"__children":[]}]},"__children":[{"nodeName":"SegmentTimeline","nodeValue":null,"attributes":{},"childNodes":[{"nodeName":"S","nodeValue":null,"attributes":{"t":"0","d":"24576","r":"297"},"childNodes":[],"prefix":null,"localName":"S","tagName":"S","t":0,"d":24576,"r":297,"__children":[]},{"nodeName":"S","nodeValue":null,"attributes":{"d":"5632"},"childNodes":[],"prefix":null,"localName":"S","tagName":"S","d":5632,"__children":[]}],"prefix":null,"localName":"SegmentTimeline","tagName":"SegmentTimeline","S":[{"nodeName":"S","nodeValue":null,"attributes":{"t":"0","d":"24576","r":"297"},"childNodes":[],"prefix":null,"localName":"S","tagName":"S","t":0,"d":24576,"r":297,"__children":[]},{"nodeName":"S","nodeValue":null,"attributes":{"d":"5632"},"childNodes":[],"prefix":null,"localName":"S","tagName":"S","d":5632,"__children":[]}],"__children":[{"nodeName":"S","nodeValue":null,"attributes":{"t":"0","d":"24576","r":"297"},"childNodes":[],"prefix":null,"localName":"S","tagName":"S","t":0,"d":24576,"r":297,"__children":[]},{"nodeName":"S","nodeValue":null,"attributes":{"d":"5632"},"childNodes":[],"prefix":null,"localName":"S","tagName":"S","d":5632,"__children":[]}]}]}],"prefix":null,"localName":"Representation","tagName":"Representation","id":"2","mimeType":"video/mp4","codecs":"avc1.64001f","bandwidth":400000,"width":426,"height":240,"frameRate":"24/1","SegmentTemplate":{"nodeName":"SegmentTemplate","nodeValue":null,"attributes":{"timescale":"12288","initialization":"ll2s-init-stream$RepresentationID$.m4s","media":"ll2s-chunk-stream$RepresentationID$-$Number%05d$.m4s","startNumber":"1"},"childNodes":[{"nodeName":"SegmentTimeline","nodeValue":null,"attributes":{},"childNodes":[{"nodeName":"S","nodeValue":null,"attributes":{"t":"0","d":"24576","r":"297"},"childNodes":[],"prefix":null,"localName":"S","tagName":"S","t":0,"d":24576,"r":297,"__children":[]},{"nodeName":"S","nodeValue":null,"attributes":{"d":"5632"},"childNodes":[],"prefix":null,"localName":"S","tagName":"S","d":5632,"__children":[]}],"prefix":null,"localName":"SegmentTimeline","tagName":"SegmentTimeline","S":[{"nodeName":"S","nodeValue":null,"attributes":{"t":"0","d":"24576","r":"297"},"childNodes":[],"prefix":null,"localName":"S","tagName":"S","t":0,"d":24576,"r":297,"__children":[]},{"nodeName":"S","nodeValue":null,"attributes":{"d":"5632"},"childNodes":[],"prefix":null,"localName":"S","tagName":"S","d":5632,"__children":[]}],"__children":[{"nodeName":"S","nodeValue":null,"attributes":{"t":"0","d":"24576","r":"297"},"childNodes":[],"prefix":null,"localName":"S","tagName":"S","t":0,"d":24576,"r":297,"__children":[]},{"nodeName":"S","nodeValue":null,"attributes":{"d":"5632"},"childNodes":[],"prefix":null,"localName":"S","tagName":"S","d":5632,"__children":[]}]}],"prefix":null,"localName":"SegmentTemplate","tagName":"SegmentTemplate","timescale":12288,"initialization":"ll2s-init-stream$RepresentationID$.m4s","media":"ll2s-chunk-stream$RepresentationID$-$Number%05d$.m4s","startNumber":1,"SegmentTimeline":{"nodeName":"SegmentTimeline","nodeValue":null,"attributes":{},"childNodes":[{"nodeName":"S","nodeValue":null,"attributes":{"t":"0","d":"24576","r":"297"},"childNodes":[],"prefix":null,"localName":"S","tagName":"S","t":0,"d":24576,"r":297,"__children":[]},{"nodeName":"S","nodeValue":null,"attributes":{"d":"5632"},"childNodes":[],"prefix":null,"localName":"S","tagName":"S","d":5632,"__children":[]}],"prefix":null,"localName":"SegmentTimeline","tagName":"SegmentTimeline","S":[{"nodeName":"S","nodeValue":null,"attributes":{"t":"0","d":"24576","r":"297"},"childNodes":[],"prefix":null,"localName":"S","tagName":"S","t":0,"d":24576,"r":297,"__children":[]},{"nodeName":"S","nodeValue":null,"attributes":{"d":"5632"},"childNodes":[],"prefix":null,"localName":"S","tagName":"S","d":5632,"__children":[]}],"__children":[{"nodeName":"S","nodeValue":null,"attributes":{"t":"0","d":"24576","r":"297"},"childNodes":[],"prefix":null,"localName":"S","tagName":"S","t":0,"d":24576,"r":297,"__children":[]},{"nodeName":"S","nodeValue":null,"attributes":{"d":"5632"},"childNodes":[],"prefix":null,"localName":"S","tagName":"S","d":5632,"__children":[]}]},"__children":[{"nodeName":"SegmentTimeline","nodeValue":null,"attributes":{},"childNodes":[{"nodeName":"S","nodeValue":null,"attributes":{"t":"0","d":"24576","r":"297"},"childNodes":[],"prefix":null,"localName":"S","tagName":"S","t":0,"d":24576,"r":297,"__children":[]},{"nodeName":"S","nodeValue":null,"attributes":{"d":"5632"},"childNodes":[],"prefix":null,"localName":"S","tagName":"S","d":5632,"__children":[]}],"prefix":null,"localName":"SegmentTimeline","tagName":"SegmentTimeline","S":[{"nodeName":"S","nodeValue":null,"attributes":{"t":"0","d":"24576","r":"297"},"childNodes":[],"prefix":null,"localName":"S","tagName":"S","t":0,"d":24576,"r":297,"__children":[]},{"nodeName":"S","nodeValue":null,"attributes":{"d":"5632"},"childNodes":[],"prefix":null,"localName":"S","tagName":"S","d":5632,"__children":[]}],"__children":[{"nodeName":"S","nodeValue":null,"attributes":{"t":"0","d":"24576","r":"297"},"childNodes":[],"prefix":null,"localName":"S","tagName":"S","t":0,"d":24576,"r":297,"__children":[]},{"nodeName":"S","nodeValue":null,"attributes":{"d":"5632"},"childNodes":[],"prefix":null,"localName":"S","tagName":"S","d":5632,"__children":[]}]}]},"__children":[{"nodeName":"SegmentTemplate","nodeValue":null,"attributes":{"timescale":"12288","initialization":"ll2s-init-stream$RepresentationID$.m4s","media":"ll2s-chunk-stream$RepresentationID$-$Number%05d$.m4s","startNumber":"1"},"childNodes":[{"nodeName":"SegmentTimeline","nodeValue":null,"attributes":{},"childNodes":[{"nodeName":"S","nodeValue":null,"attributes":{"t":"0","d":"24576","r":"297"},"childNodes":[],"prefix":null,"localName":"S","tagName":"S","t":0,"d":24576,"r":297,"__children":[]},{"nodeName":"S","nodeValue":null,"attributes":{"d":"5632"},"childNodes":[],"prefix":null,"localName":"S","tagName":"S","d":5632,"__children":[]}],"prefix":null,"localName":"SegmentTimeline","tagName":"SegmentTimeline","S":[{"nodeName":"S","nodeValue":null,"attributes":{"t":"0","d":"24576","r":"297"},"childNodes":[],"prefix":null,"localName":"S","tagName":"S","t":0,"d":24576,"r":297,"__children":[]},{"nodeName":"S","nodeValue":null,"attributes":{"d":"5632"},"childNodes":[],"prefix":null,"localName":"S","tagName":"S","d":5632,"__children":[]}],"__children":[{"nodeName":"S","nodeValue":null,"attributes":{"t":"0","d":"24576","r":"297"},"childNodes":[],"prefix":null,"localName":"S","tagName":"S","t":0,"d":24576,"r":297,"__children":[]},{"nodeName":"S","nodeValue":null,"attributes":{"d":"5632"},"childNodes":[],"prefix":null,"localName":"S","tagName":"S","d":5632,"__children":[]}]}],"prefix":null,"localName":"SegmentTemplate","tagName":"SegmentTemplate","timescale":12288,"initialization":"ll2s-init-stream$RepresentationID$.m4s","media":"ll2s-chunk-stream$RepresentationID$-$Number%05d$.m4s","startNumber":1,"SegmentTimeline":{"nodeName":"SegmentTimeline","nodeValue":null,"attributes":{},"childNodes":[{"nodeName":"S","nodeValue":null,"attributes":{"t":"0","d":"24576","r":"297"},"childNodes":[],"prefix":null,"localName":"S","tagName":"S","t":0,"d":24576,"r":297,"__children":[]},{"nodeName":"S","nodeValue":null,"attributes":{"d":"5632"},"childNodes":[],"prefix":null,"localName":"S","tagName":"S","d":5632,"__children":[]}],"prefix":null,"localName":"SegmentTimeline","tagName":"SegmentTimeline","S":[{"nodeName":"S","nodeValue":null,"attributes":{"t":"0","d":"24576","r":"297"},"childNodes":[],"prefix":null,"localName":"S","tagName":"S","t":0,"d":24576,"r":297,"__children":[]},{"nodeName":"S","nodeValue":null,"attributes":{"d":"5632"},"childNodes":[],"prefix":null,"localName":"S","tagName":"S","d":5632,"__children":[]}],"__children":[{"nodeName":"S","nodeValue":null,"attributes":{"t":"0","d":"24576","r":"297"},"childNodes":[],"prefix":null,"localName":"S","tagName":"S","t":0,"d":24576,"r":297,"__children":[]},{"nodeName":"S","nodeValue":null,"attributes":{"d":"5632"},"childNodes":[],"prefix":null,"localName":"S","tagName":"S","d":5632,"__children":[]}]},"__children":[{"nodeName":"SegmentTimeline","nodeValue":null,"attributes":{},"childNodes":[{"nodeName":"S","nodeValue":null,"attributes":{"t":"0","d":"24576","r":"297"},"childNodes":[],"prefix":null,"localName":"S","tagName":"S","t":0,"d":24576,"r":297,"__children":[]},{"nodeName":"S","nodeValue":null,"attributes":{"d":"5632"},"childNodes":[],"prefix":null,"localName":"S","tagName":"S","d":5632,"__children":[]}],"prefix":null,"localName":"SegmentTimeline","tagName":"SegmentTimeline","S":[{"nodeName":"S","nodeValue":null,"attributes":{"t":"0","d":"24576","r":"297"},"childNodes":[],"prefix":null,"localName":"S","tagName":"S","t":0,"d":24576,"r":297,"__children":[]},{"nodeName":"S","nodeValue":null,"attributes":{"d":"5632"},"childNodes":[],"prefix":null,"localName":"S","tagName":"S","d":5632,"__children":[]}],"__children":[{"nodeName":"S","nodeValue":null,"attributes":{"t":"0","d":"24576","r":"297"},"childNodes":[],"prefix":null,"localName":"S","tagName":"S","t":0,"d":24576,"r":297,"__children":[]},{"nodeName":"S","nodeValue":null,"attributes":{"d":"5632"},"childNodes":[],"prefix":null,"localName":"S","tagName":"S","d":5632,"__children":[]}]}]}]},{"nodeName":"Representation","nodeValue":null,"attributes":{"id":"3","mimeType":"video/mp4","codecs":"avc1.64001f","bandwidth":"600000","width":"480","height":"270","frameRate":"24/1"},"childNodes":[{"nodeName":"SegmentTemplate","nodeValue":null,"attributes":{"timescale":"12288","initialization":"ll2s-init-stream$RepresentationID$.m4s","media":"ll2s-chunk-stream$RepresentationID$-$Number%05d$.m4s","startNumber":"1"},"childNodes":[{"nodeName":"SegmentTimeline","nodeValue":null,"attributes":{},"childNodes":[{"nodeName":"S","nodeValue":null,"attributes":{"t":"0","d":"24576","r":"297"},"childNodes":[],"prefix":null,"localName":"S","tagName":"S","t":0,"d":24576,"r":297,"__children":[]},{"nodeName":"S","nodeValue":null,"attributes":{"d":"5632"},"childNodes":[],"prefix":null,"localName":"S","tagName":"S","d":5632,"__children":[]}],"prefix":null,"localName":"SegmentTimeline","tagName":"SegmentTimeline","S":[{"nodeName":"S","nodeValue":null,"attributes":{"t":"0","d":"24576","r":"297"},"childNodes":[],"prefix":null,"localName":"S","tagName":"S","t":0,"d":24576,"r":297,"__children":[]},{"nodeName":"S","nodeValue":null,"attributes":{"d":"5632"},"childNodes":[],"prefix":null,"localName":"S","tagName":"S","d":5632,"__children":[]}],"__children":[{"nodeName":"S","nodeValue":null,"attributes":{"t":"0","d":"24576","r":"297"},"childNodes":[],"prefix":null,"localName":"S","tagName":"S","t":0,"d":24576,"r":297,"__children":[]},{"nodeName":"S","nodeValue":null,"attributes":{"d":"5632"},"childNodes":[],"prefix":null,"localName":"S","tagName":"S","d":5632,"__children":[]}]}],"prefix":null,"localName":"SegmentTemplate","tagName":"SegmentTemplate","timescale":12288,"initialization":"ll2s-init-stream$RepresentationID$.m4s","media":"ll2s-chunk-stream$RepresentationID$-$Number%05d$.m4s","startNumber":1,"SegmentTimeline":{"nodeName":"SegmentTimeline","nodeValue":null,"attributes":{},"childNodes":[{"nodeName":"S","nodeValue":null,"attributes":{"t":"0","d":"24576","r":"297"},"childNodes":[],"prefix":null,"localName":"S","tagName":"S","t":0,"d":24576,"r":297,"__children":[]},{"nodeName":"S","nodeValue":null,"attributes":{"d":"5632"},"childNodes":[],"prefix":null,"localName":"S","tagName":"S","d":5632,"__children":[]}],"prefix":null,"localName":"SegmentTimeline","tagName":"SegmentTimeline","S":[{"nodeName":"S","nodeValue":null,"attributes":{"t":"0","d":"24576","r":"297"},"childNodes":[],"prefix":null,"localName":"S","tagName":"S","t":0,"d":24576,"r":297,"__children":[]},{"nodeName":"S","nodeValue":null,"attributes":{"d":"5632"},"childNodes":[],"prefix":null,"localName":"S","tagName":"S","d":5632,"__children":[]}],"__children":[{"nodeName":"S","nodeValue":null,"attributes":{"t":"0","d":"24576","r":"297"},"childNodes":[],"prefix":null,"localName":"S","tagName":"S","t":0,"d":24576,"r":297,"__children":[]},{"nodeName":"S","nodeValue":null,"attributes":{"d":"5632"},"childNodes":[],"prefix":null,"localName":"S","tagName":"S","d":5632,"__children":[]}]},"__children":[{"nodeName":"SegmentTimeline","nodeValue":null,"attributes":{},"childNodes":[{"nodeName":"S","nodeValue":null,"attributes":{"t":"0","d":"24576","r":"297"},"childNodes":[],"prefix":null,"localName":"S","tagName":"S","t":0,"d":24576,"r":297,"__children":[]},{"nodeName":"S","nodeValue":null,"attributes":{"d":"5632"},"childNodes":[],"prefix":null,"localName":"S","tagName":"S","d":5632,"__children":[]}],"prefix":null,"localName":"SegmentTimeline","tagName":"SegmentTimeline","S":[{"nodeName":"S","nodeValue":null,"attributes":{"t":"0","d":"24576","r":"297"},"childNodes":[],"prefix":null,"localName":"S","tagName":"S","t":0,"d":24576,"r":297,"__children":[]},{"nodeName":"S","nodeValue":null,"attributes":{"d":"5632"},"childNodes":[],"prefix":null,"localName":"S","tagName":"S","d":5632,"__children":[]}],"__children":[{"nodeName":"S","nodeValue":null,"attributes":{"t":"0","d":"24576","r":"297"},"childNodes":[],"prefix":null,"localName":"S","tagName":"S","t":0,"d":24576,"r":297,"__children":[]},{"nodeName":"S","nodeValue":null,"attributes":{"d":"5632"},"childNodes":[],"prefix":null,"localName":"S","tagName":"S","d":5632,"__children":[]}]}]}],"prefix":null,"localName":"Representation","tagName":"Representation","id":"3","mimeType":"video/mp4","codecs":"avc1.64001f","bandwidth":600000,"width":480,"height":270,"frameRate":"24/1","SegmentTemplate":{"nodeName":"SegmentTemplate","nodeValue":null,"attributes":{"timescale":"12288","initialization":"ll2s-init-stream$RepresentationID$.m4s","media":"ll2s-chunk-stream$RepresentationID$-$Number%05d$.m4s","startNumber":"1"},"childNodes":[{"nodeName":"SegmentTimeline","nodeValue":null,"attributes":{},"childNodes":[{"nodeName":"S","nodeValue":null,"attributes":{"t":"0","d":"24576","r":"297"},"childNodes":[],"prefix":null,"localName":"S","tagName":"S","t":0,"d":24576,"r":297,"__children":[]},{"nodeName":"S","nodeValue":null,"attributes":{"d":"5632"},"childNodes":[],"prefix":null,"localName":"S","tagName":"S","d":5632,"__children":[]}],"prefix":null,"localName":"SegmentTimeline","tagName":"SegmentTimeline","S":[{"nodeName":"S","nodeValue":null,"attributes":{"t":"0","d":"24576","r":"297"},"childNodes":[],"prefix":null,"localName":"S","tagName":"S","t":0,"d":24576,"r":297,"__children":[]},{"nodeName":"S","nodeValue":null,"attributes":{"d":"5632"},"childNodes":[],"prefix":null,"localName":"S","tagName":"S","d":5632,"__children":[]}],"__children":[{"nodeName":"S","nodeValue":null,"attributes":{"t":"0","d":"24576","r":"297"},"childNodes":[],"prefix":null,"localName":"S","tagName":"S","t":0,"d":24576,"r":297,"__children":[]},{"nodeName":"S","nodeValue":null,"attributes":{"d":"5632"},"childNodes":[],"prefix":null,"localName":"S","tagName":"S","d":5632,"__children":[]}]}],"prefix":null,"localName":"SegmentTemplate","tagName":"SegmentTemplate","timescale":12288,"initialization":"ll2s-init-stream$RepresentationID$.m4s","media":"ll2s-chunk-stream$RepresentationID$-$Number%05d$.m4s","startNumber":1,"SegmentTimeline":{"nodeName":"SegmentTimeline","nodeValue":null,"attributes":{},"childNodes":[{"nodeName":"S","nodeValue":null,"attributes":{"t":"0","d":"24576","r":"297"},"childNodes":[],"prefix":null,"localName":"S","tagName":"S","t":0,"d":24576,"r":297,"__children":[]},{"nodeName":"S","nodeValue":null,"attributes":{"d":"5632"},"childNodes":[],"prefix":null,"localName":"S","tagName":"S","d":5632,"__children":[]}],"prefix":null,"localName":"SegmentTimeline","tagName":"SegmentTimeline","S":[{"nodeName":"S","nodeValue":null,"attributes":{"t":"0","d":"24576","r":"297"},"childNodes":[],"prefix":null,"localName":"S","tagName":"S","t":0,"d":24576,"r":297,"__children":[]},{"nodeName":"S","nodeValue":null,"attributes":{"d":"5632"},"childNodes":[],"prefix":null,"localName":"S","tagName":"S","d":5632,"__children":[]}],"__children":[{"nodeName":"S","nodeValue":null,"attributes":{"t":"0","d":"24576","r":"297"},"childNodes":[],"prefix":null,"localName":"S","tagName":"S","t":0,"d":24576,"r":297,"__children":[]},{"nodeName":"S","nodeValue":null,"attributes":{"d":"5632"},"childNodes":[],"prefix":null,"localName":"S","tagName":"S","d":5632,"__children":[]}]},"__children":[{"nodeName":"SegmentTimeline","nodeValue":null,"attributes":{},"childNodes":[{"nodeName":"S","nodeValue":null,"attributes":{"t":"0","d":"24576","r":"297"},"childNodes":[],"prefix":null,"localName":"S","tagName":"S","t":0,"d":24576,"r":297,"__children":[]},{"nodeName":"S","nodeValue":null,"attributes":{"d":"5632"},"childNodes":[],"prefix":null,"localName":"S","tagName":"S","d":5632,"__children":[]}],"prefix":null,"localName":"SegmentTimeline","tagName":"SegmentTimeline","S":[{"nodeName":"S","nodeValue":null,"attributes":{"t":"0","d":"24576","r":"297"},"childNodes":[],"prefix":null,"localName":"S","tagName":"S","t":0,"d":24576,"r":297,"__children":[]},{"nodeName":"S","nodeValue":null,"attributes":{"d":"5632"},"childNodes":[],"prefix":null,"localName":"S","tagName":"S","d":5632,"__children":[]}],"__children":[{"nodeName":"S","nodeValue":null,"attributes":{"t":"0","d":"24576","r":"297"},"childNodes":[],"prefix":null,"localName":"S","tagName":"S","t":0,"d":24576,"r":297,"__children":[]},{"nodeName":"S","nodeValue":null,"attributes":{"d":"5632"},"childNodes":[],"prefix":null,"localName":"S","tagName":"S","d":5632,"__children":[]}]}]},"__children":[{"nodeName":"SegmentTemplate","nodeValue":null,"attributes":{"timescale":"12288","initialization":"ll2s-init-stream$RepresentationID$.m4s","media":"ll2s-chunk-stream$RepresentationID$-$Number%05d$.m4s","startNumber":"1"},"childNodes":[{"nodeName":"SegmentTimeline","nodeValue":null,"attributes":{},"childNodes":[{"nodeName":"S","nodeValue":null,"attributes":{"t":"0","d":"24576","r":"297"},"childNodes":[],"prefix":null,"localName":"S","tagName":"S","t":0,"d":24576,"r":297,"__children":[]},{"nodeName":"S","nodeValue":null,"attributes":{"d":"5632"},"childNodes":[],"prefix":null,"localName":"S","tagName":"S","d":5632,"__children":[]}],"prefix":null,"localName":"SegmentTimeline","tagName":"SegmentTimeline","S":[{"nodeName":"S","nodeValue":null,"attributes":{"t":"0","d":"24576","r":"297"},"childNodes":[],"prefix":null,"localName":"S","tagName":"S","t":0,"d":24576,"r":297,"__children":[]},{"nodeName":"S","nodeValue":null,"attributes":{"d":"5632"},"childNodes":[],"prefix":null,"localName":"S","tagName":"S","d":5632,"__children":[]}],"__children":[{"nodeName":"S","nodeValue":null,"attributes":{"t":"0","d":"24576","r":"297"},"childNodes":[],"prefix":null,"localName":"S","tagName":"S","t":0,"d":24576,"r":297,"__children":[]},{"nodeName":"S","nodeValue":null,"attributes":{"d":"5632"},"childNodes":[],"prefix":null,"localName":"S","tagName":"S","d":5632,"__children":[]}]}],"prefix":null,"localName":"SegmentTemplate","tagName":"SegmentTemplate","timescale":12288,"initialization":"ll2s-init-stream$RepresentationID$.m4s","media":"ll2s-chunk-stream$RepresentationID$-$Number%05d$.m4s","startNumber":1,"SegmentTimeline":{"nodeName":"SegmentTimeline","nodeValue":null,"attributes":{},"childNodes":[{"nodeName":"S","nodeValue":null,"attributes":{"t":"0","d":"24576","r":"297"},"childNodes":[],"prefix":null,"localName":"S","tagName":"S","t":0,"d":24576,"r":297,"__children":[]},{"nodeName":"S","nodeValue":null,"attributes":{"d":"5632"},"childNodes":[],"prefix":null,"localName":"S","tagName":"S","d":5632,"__children":[]}],"prefix":null,"localName":"SegmentTimeline","tagName":"SegmentTimeline","S":[{"nodeName":"S","nodeValue":null,"attributes":{"t":"0","d":"24576","r":"297"},"childNodes":[],"prefix":null,"localName":"S","tagName":"S","t":0,"d":24576,"r":297,"__children":[]},{"nodeName":"S","nodeValue":null,"attributes":{"d":"5632"},"childNodes":[],"prefix":null,"localName":"S","tagName":"S","d":5632,"__children":[]}],"__children":[{"nodeName":"S","nodeValue":null,"attributes":{"t":"0","d":"24576","r":"297"},"childNodes":[],"prefix":null,"localName":"S","tagName":"S","t":0,"d":24576,"r":297,"__children":[]},{"nodeName":"S","nodeValue":null,"attributes":{"d":"5632"},"childNodes":[],"prefix":null,"localName":"S","tagName":"S","d":5632,"__children":[]}]},"__children":[{"nodeName":"SegmentTimeline","nodeValue":null,"attributes":{},"childNodes":[{"nodeName":"S","nodeValue":null,"attributes":{"t":"0","d":"24576","r":"297"},"childNodes":[],"prefix":null,"localName":"S","tagName":"S","t":0,"d":24576,"r":297,"__children":[]},{"nodeName":"S","nodeValue":null,"attributes":{"d":"5632"},"childNodes":[],"prefix":null,"localName":"S","tagName":"S","d":5632,"__children":[]}],"prefix":null,"localName":"SegmentTimeline","tagName":"SegmentTimeline","S":[{"nodeName":"S","nodeValue":null,"attributes":{"t":"0","d":"24576","r":"297"},"childNodes":[],"prefix":null,"localName":"S","tagName":"S","t":0,"d":24576,"r":297,"__children":[]},{"nodeName":"S","nodeValue":null,"attributes":{"d":"5632"},"childNodes":[],"prefix":null,"localName":"S","tagName":"S","d":5632,"__children":[]}],"__children":[{"nodeName":"S","nodeValue":null,"attributes":{"t":"0","d":"24576","r":"297"},"childNodes":[],"prefix":null,"localName":"S","tagName":"S","t":0,"d":24576,"r":297,"__children":[]},{"nodeName":"S","nodeValue":null,"attributes":{"d":"5632"},"childNodes":[],"prefix":null,"localName":"S","tagName":"S","d":5632,"__children":[]}]}]}]},{"nodeName":"Representation","nodeValue":null,"attributes":{"id":"4","mimeType":"video/mp4","codecs":"avc1.64001f","bandwidth":"800000","width":"640","height":"360","frameRate":"24/1"},"childNodes":[{"nodeName":"SegmentTemplate","nodeValue":null,"attributes":{"timescale":"12288","initialization":"ll2s-init-stream$RepresentationID$.m4s","media":"ll2s-chunk-stream$RepresentationID$-$Number%05d$.m4s","startNumber":"1"},"childNodes":[{"nodeName":"SegmentTimeline","nodeValue":null,"attributes":{},"childNodes":[{"nodeName":"S","nodeValue":null,"attributes":{"t":"0","d":"24576","r":"297"},"childNodes":[],"prefix":null,"localName":"S","tagName":"S","t":0,"d":24576,"r":297,"__children":[]},{"nodeName":"S","nodeValue":null,"attributes":{"d":"5632"},"childNodes":[],"prefix":null,"localName":"S","tagName":"S","d":5632,"__children":[]}],"prefix":null,"localName":"SegmentTimeline","tagName":"SegmentTimeline","S":[{"nodeName":"S","nodeValue":null,"attributes":{"t":"0","d":"24576","r":"297"},"childNodes":[],"prefix":null,"localName":"S","tagName":"S","t":0,"d":24576,"r":297,"__children":[]},{"nodeName":"S","nodeValue":null,"attributes":{"d":"5632"},"childNodes":[],"prefix":null,"localName":"S","tagName":"S","d":5632,"__children":[]}],"__children":[{"nodeName":"S","nodeValue":null,"attributes":{"t":"0","d":"24576","r":"297"},"childNodes":[],"prefix":null,"localName":"S","tagName":"S","t":0,"d":24576,"r":297,"__children":[]},{"nodeName":"S","nodeValue":null,"attributes":{"d":"5632"},"childNodes":[],"prefix":null,"localName":"S","tagName":"S","d":5632,"__children":[]}]}],"prefix":null,"localName":"SegmentTemplate","tagName":"SegmentTemplate","timescale":12288,"initialization":"ll2s-init-stream$RepresentationID$.m4s","media":"ll2s-chunk-stream$RepresentationID$-$Number%05d$.m4s","startNumber":1,"SegmentTimeline":{"nodeName":"SegmentTimeline","nodeValue":null,"attributes":{},"childNodes":[{"nodeName":"S","nodeValue":null,"attributes":{"t":"0","d":"24576","r":"297"},"childNodes":[],"prefix":null,"localName":"S","tagName":"S","t":0,"d":24576,"r":297,"__children":[]},{"nodeName":"S","nodeValue":null,"attributes":{"d":"5632"},"childNodes":[],"prefix":null,"localName":"S","tagName":"S","d":5632,"__children":[]}],"prefix":null,"localName":"SegmentTimeline","tagName":"SegmentTimeline","S":[{"nodeName":"S","nodeValue":null,"attributes":{"t":"0","d":"24576","r":"297"},"childNodes":[],"prefix":null,"localName":"S","tagName":"S","t":0,"d":24576,"r":297,"__children":[]},{"nodeName":"S","nodeValue":null,"attributes":{"d":"5632"},"childNodes":[],"prefix":null,"localName":"S","tagName":"S","d":5632,"__children":[]}],"__children":[{"nodeName":"S","nodeValue":null,"attributes":{"t":"0","d":"24576","r":"297"},"childNodes":[],"prefix":null,"localName":"S","tagName":"S","t":0,"d":24576,"r":297,"__children":[]},{"nodeName":"S","nodeValue":null,"attributes":{"d":"5632"},"childNodes":[],"prefix":null,"localName":"S","tagName":"S","d":5632,"__children":[]}]},"__children":[{"nodeName":"SegmentTimeline","nodeValue":null,"attributes":{},"childNodes":[{"nodeName":"S","nodeValue":null,"attributes":{"t":"0","d":"24576","r":"297"},"childNodes":[],"prefix":null,"localName":"S","tagName":"S","t":0,"d":24576,"r":297,"__children":[]},{"nodeName":"S","nodeValue":null,"attributes":{"d":"5632"},"childNodes":[],"prefix":null,"localName":"S","tagName":"S","d":5632,"__children":[]}],"prefix":null,"localName":"SegmentTimeline","tagName":"SegmentTimeline","S":[{"nodeName":"S","nodeValue":null,"attributes":{"t":"0","d":"24576","r":"297"},"childNodes":[],"prefix":null,"localName":"S","tagName":"S","t":0,"d":24576,"r":297,"__children":[]},{"nodeName":"S","nodeValue":null,"attributes":{"d":"5632"},"childNodes":[],"prefix":null,"localName":"S","tagName":"S","d":5632,"__children":[]}],"__children":[{"nodeName":"S","nodeValue":null,"attributes":{"t":"0","d":"24576","r":"297"},"childNodes":[],"prefix":null,"localName":"S","tagName":"S","t":0,"d":24576,"r":297,"__children":[]},{"nodeName":"S","nodeValue":null,"attributes":{"d":"5632"},"childNodes":[],"prefix":null,"localName":"S","tagName":"S","d":5632,"__children":[]}]}]}],"prefix":null,"localName":"Representation","tagName":"Representation","id":"4","mimeType":"video/mp4","codecs":"avc1.64001f","bandwidth":800000,"width":640,"height":360,"frameRate":"24/1","SegmentTemplate":{"nodeName":"SegmentTemplate","nodeValue":null,"attributes":{"timescale":"12288","initialization":"ll2s-init-stream$RepresentationID$.m4s","media":"ll2s-chunk-stream$RepresentationID$-$Number%05d$.m4s","startNumber":"1"},"childNodes":[{"nodeName":"SegmentTimeline","nodeValue":null,"attributes":{},"childNodes":[{"nodeName":"S","nodeValue":null,"attributes":{"t":"0","d":"24576","r":"297"},"childNodes":[],"prefix":null,"localName":"S","tagName":"S","t":0,"d":24576,"r":297,"__children":[]},{"nodeName":"S","nodeValue":null,"attributes":{"d":"5632"},"childNodes":[],"prefix":null,"localName":"S","tagName":"S","d":5632,"__children":[]}],"prefix":null,"localName":"SegmentTimeline","tagName":"SegmentTimeline","S":[{"nodeName":"S","nodeValue":null,"attributes":{"t":"0","d":"24576","r":"297"},"childNodes":[],"prefix":null,"localName":"S","tagName":"S","t":0,"d":24576,"r":297,"__children":[]},{"nodeName":"S","nodeValue":null,"attributes":{"d":"5632"},"childNodes":[],"prefix":null,"localName":"S","tagName":"S","d":5632,"__children":[]}],"__children":[{"nodeName":"S","nodeValue":null,"attributes":{"t":"0","d":"24576","r":"297"},"childNodes":[],"prefix":null,"localName":"S","tagName":"S","t":0,"d":24576,"r":297,"__children":[]},{"nodeName":"S","nodeValue":null,"attributes":{"d":"5632"},"childNodes":[],"prefix":null,"localName":"S","tagName":"S","d":5632,"__children":[]}]}],"prefix":null,"localName":"SegmentTemplate","tagName":"SegmentTemplate","timescale":12288,"initialization":"ll2s-init-stream$RepresentationID$.m4s","media":"ll2s-chunk-stream$RepresentationID$-$Number%05d$.m4s","startNumber":1,"SegmentTimeline":{"nodeName":"SegmentTimeline","nodeValue":null,"attributes":{},"childNodes":[{"nodeName":"S","nodeValue":null,"attributes":{"t":"0","d":"24576","r":"297"},"childNodes":[],"prefix":null,"localName":"S","tagName":"S","t":0,"d":24576,"r":297,"__children":[]},{"nodeName":"S","nodeValue":null,"attributes":{"d":"5632"},"childNodes":[],"prefix":null,"localName":"S","tagName":"S","d":5632,"__children":[]}],"prefix":null,"localName":"SegmentTimeline","tagName":"SegmentTimeline","S":[{"nodeName":"S","nodeValue":null,"attributes":{"t":"0","d":"24576","r":"297"},"childNodes":[],"prefix":null,"localName":"S","tagName":"S","t":0,"d":24576,"r":297,"__children":[]},{"nodeName":"S","nodeValue":null,"attributes":{"d":"5632"},"childNodes":[],"prefix":null,"localName":"S","tagName":"S","d":5632,"__children":[]}],"__children":[{"nodeName":"S","nodeValue":null,"attributes":{"t":"0","d":"24576","r":"297"},"childNodes":[],"prefix":null,"localName":"S","tagName":"S","t":0,"d":24576,"r":297,"__children":[]},{"nodeName":"S","nodeValue":null,"attributes":{"d":"5632"},"childNodes":[],"prefix":null,"localName":"S","tagName":"S","d":5632,"__children":[]}]},"__children":[{"nodeName":"SegmentTimeline","nodeValue":null,"attributes":{},"childNodes":[{"nodeName":"S","nodeValue":null,"attributes":{"t":"0","d":"24576","r":"297"},"childNodes":[],"prefix":null,"localName":"S","tagName":"S","t":0,"d":24576,"r":297,"__children":[]},{"nodeName":"S","nodeValue":null,"attributes":{"d":"5632"},"childNodes":[],"prefix":null,"localName":"S","tagName":"S","d":5632,"__children":[]}],"prefix":null,"localName":"SegmentTimeline","tagName":"SegmentTimeline","S":[{"nodeName":"S","nodeValue":null,"attributes":{"t":"0","d":"24576","r":"297"},"childNodes":[],"prefix":null,"localName":"S","tagName":"S","t":0,"d":24576,"r":297,"__children":[]},{"nodeName":"S","nodeValue":null,"attributes":{"d":"5632"},"childNodes":[],"prefix":null,"localName":"S","tagName":"S","d":5632,"__children":[]}],"__children":[{"nodeName":"S","nodeValue":null,"attributes":{"t":"0","d":"24576","r":"297"},"childNodes":[],"prefix":null,"localName":"S","tagName":"S","t":0,"d":24576,"r":297,"__children":[]},{"nodeName":"S","nodeValue":null,"attributes":{"d":"5632"},"childNodes":[],"prefix":null,"localName":"S","tagName":"S","d":5632,"__children":[]}]}]},"__children":[{"nodeName":"SegmentTemplate","nodeValue":null,"attributes":{"timescale":"12288","initialization":"ll2s-init-stream$RepresentationID$.m4s","media":"ll2s-chunk-stream$RepresentationID$-$Number%05d$.m4s","startNumber":"1"},"childNodes":[{"nodeName":"SegmentTimeline","nodeValue":null,"attributes":{},"childNodes":[{"nodeName":"S","nodeValue":null,"attributes":{"t":"0","d":"24576","r":"297"},"childNodes":[],"prefix":null,"localName":"S","tagName":"S","t":0,"d":24576,"r":297,"__children":[]},{"nodeName":"S","nodeValue":null,"attributes":{"d":"5632"},"childNodes":[],"prefix":null,"localName":"S","tagName":"S","d":5632,"__children":[]}],"prefix":null,"localName":"SegmentTimeline","tagName":"SegmentTimeline","S":[{"nodeName":"S","nodeValue":null,"attributes":{"t":"0","d":"24576","r":"297"},"childNodes":[],"prefix":null,"localName":"S","tagName":"S","t":0,"d":24576,"r":297,"__children":[]},{"nodeName":"S","nodeValue":null,"attributes":{"d":"5632"},"childNodes":[],"prefix":null,"localName":"S","tagName":"S","d":5632,"__children":[]}],"__children":[{"nodeName":"S","nodeValue":null,"attributes":{"t":"0","d":"24576","r":"297"},"childNodes":[],"prefix":null,"localName":"S","tagName":"S","t":0,"d":24576,"r":297,"__children":[]},{"nodeName":"S","nodeValue":null,"attributes":{"d":"5632"},"childNodes":[],"prefix":null,"localName":"S","tagName":"S","d":5632,"__children":[]}]}],"prefix":null,"localName":"SegmentTemplate","tagName":"SegmentTemplate","timescale":12288,"initialization":"ll2s-init-stream$RepresentationID$.m4s","media":"ll2s-chunk-stream$RepresentationID$-$Number%05d$.m4s","startNumber":1,"SegmentTimeline":{"nodeName":"SegmentTimeline","nodeValue":null,"attributes":{},"childNodes":[{"nodeName":"S","nodeValue":null,"attributes":{"t":"0","d":"24576","r":"297"},"childNodes":[],"prefix":null,"localName":"S","tagName":"S","t":0,"d":24576,"r":297,"__children":[]},{"nodeName":"S","nodeValue":null,"attributes":{"d":"5632"},"childNodes":[],"prefix":null,"localName":"S","tagName":"S","d":5632,"__children":[]}],"prefix":null,"localName":"SegmentTimeline","tagName":"SegmentTimeline","S":[{"nodeName":"S","nodeValue":null,"attributes":{"t":"0","d":"24576","r":"297"},"childNodes":[],"prefix":null,"localName":"S","tagName":"S","t":0,"d":24576,"r":297,"__children":[]},{"nodeName":"S","nodeValue":null,"attributes":{"d":"5632"},"childNodes":[],"prefix":null,"localName":"S","tagName":"S","d":5632,"__children":[]}],"__children":[{"nodeName":"S","nodeValue":null,"attributes":{"t":"0","d":"24576","r":"297"},"childNodes":[],"prefix":null,"localName":"S","tagName":"S","t":0,"d":24576,"r":297,"__children":[]},{"nodeName":"S","nodeValue":null,"attributes":{"d":"5632"},"childNodes":[],"prefix":null,"localName":"S","tagName":"S","d":5632,"__children":[]}]},"__children":[{"nodeName":"SegmentTimeline","nodeValue":null,"attributes":{},"childNodes":[{"nodeName":"S","nodeValue":null,"attributes":{"t":"0","d":"24576","r":"297"},"childNodes":[],"prefix":null,"localName":"S","tagName":"S","t":0,"d":24576,"r":297,"__children":[]},{"nodeName":"S","nodeValue":null,"attributes":{"d":"5632"},"childNodes":[],"prefix":null,"localName":"S","tagName":"S","d":5632,"__children":[]}],"prefix":null,"localName":"SegmentTimeline","tagName":"SegmentTimeline","S":[{"nodeName":"S","nodeValue":null,"attributes":{"t":"0","d":"24576","r":"297"},"childNodes":[],"prefix":null,"localName":"S","tagName":"S","t":0,"d":24576,"r":297,"__children":[]},{"nodeName":"S","nodeValue":null,"attributes":{"d":"5632"},"childNodes":[],"prefix":null,"localName":"S","tagName":"S","d":5632,"__children":[]}],"__children":[{"nodeName":"S","nodeValue":null,"attributes":{"t":"0","d":"24576","r":"297"},"childNodes":[],"prefix":null,"localName":"S","tagName":"S","t":0,"d":24576,"r":297,"__children":[]},{"nodeName":"S","nodeValue":null,"attributes":{"d":"5632"},"childNodes":[],"prefix":null,"localName":"S","tagName":"S","d":5632,"__children":[]}]}]}]},{"nodeName":"Representation","nodeValue":null,"attributes":{"id":"5","mimeType":"video/mp4","codecs":"avc1.64001f","bandwidth":"1200000","width":"640","height":"360","frameRate":"24/1"},"childNodes":[{"nodeName":"SegmentTemplate","nodeValue":null,"attributes":{"timescale":"12288","initialization":"ll2s-init-stream$RepresentationID$.m4s","media":"ll2s-chunk-stream$RepresentationID$-$Number%05d$.m4s","startNumber":"1"},"childNodes":[{"nodeName":"SegmentTimeline","nodeValue":null,"attributes":{},"childNodes":[{"nodeName":"S","nodeValue":null,"attributes":{"t":"0","d":"24576","r":"297"},"childNodes":[],"prefix":null,"localName":"S","tagName":"S","t":0,"d":24576,"r":297,"__children":[]},{"nodeName":"S","nodeValue":null,"attributes":{"d":"5632"},"childNodes":[],"prefix":null,"localName":"S","tagName":"S","d":5632,"__children":[]}],"prefix":null,"localName":"SegmentTimeline","tagName":"SegmentTimeline","S":[{"nodeName":"S","nodeValue":null,"attributes":{"t":"0","d":"24576","r":"297"},"childNodes":[],"prefix":null,"localName":"S","tagName":"S","t":0,"d":24576,"r":297,"__children":[]},{"nodeName":"S","nodeValue":null,"attributes":{"d":"5632"},"childNodes":[],"prefix":null,"localName":"S","tagName":"S","d":5632,"__children":[]}],"__children":[{"nodeName":"S","nodeValue":null,"attributes":{"t":"0","d":"24576","r":"297"},"childNodes":[],"prefix":null,"localName":"S","tagName":"S","t":0,"d":24576,"r":297,"__children":[]},{"nodeName":"S","nodeValue":null,"attributes":{"d":"5632"},"childNodes":[],"prefix":null,"localName":"S","tagName":"S","d":5632,"__children":[]}]}],"prefix":null,"localName":"SegmentTemplate","tagName":"SegmentTemplate","timescale":12288,"initialization":"ll2s-init-stream$RepresentationID$.m4s","media":"ll2s-chunk-stream$RepresentationID$-$Number%05d$.m4s","startNumber":1,"SegmentTimeline":{"nodeName":"SegmentTimeline","nodeVa   t=113s | buffer: 0.1s | bitrate: 100 kbps | tp: 4 kbps | trace_bw: 4 kbps

======================================================================
  BENCHMARK RESULTS (LLDASH-GPAC / dash.js / BOLA)
======================================================================

  [TIMING]
      Startup delay:     1,673 ms
      Playback time:     23.9 s

  [BITRATE]
      Average (selected):  133 kbps
      Average (effective): 26 kbps
      Min / Max:           100 / 200 kbps
      Median:              100 kbps
      Std deviation:       47.1 kbps
      Variance:            2,222.2
      25th/75th %ile:      100 / 200 kbps

  [SWITCHES]
      Total count:       2
      Up / Down:         1 / 1
      Avg magnitude:     100 kbps

  [REBUFFERING]
      Events:            6
      Total time:        97,884 ms
      Ratio:             80.3784%
      Frequency:         15.066 per minute
      Avg duration:      1,677 ms
      Max duration:      4,156 ms

  [THROUGHPUT]
      Average:           1,762 kbps
      Median:            0 kbps
      Min / Max:         0 / 103,545 kbps
      Std deviation:     10,228.3 kbps

  [AVAILABLE BW (trace)]
      Average:           1,762 kbps
      Min / Max:         0 / 103,545 kbps

  [BUFFER]
      Average level:     0.6 s
      Min / Max:         0.1 / 7.6 s

  [UTILIZATION]
      Bandwidth:         0.0%

======================================================================

[SAVED] results/results/run_all_20260525_151403/lldash-gpac_5g-ireland/benchmark_lldash-gpac_netflix_static_animated-rickandmorty_B_2019_11_26_09_27_10_tc_20260525_210459.json

──────────────────────────────────────────────────────────────────────
  [77/83] netflix_static_animated-rickandmorty_B_2019_11_28_08_02_19_tc.csv
──────────────────────────────────────────────────────────────────────
[TRACE] netflix_static_animated-rickandmorty_B_2019_11_28_08_02_19_tc.csv
[LLDASH-GPAC] Trace file ready; gpac_server uses in-process bandwidth pacing.

======================================================================
  LLDASH-GPAC Streaming QoE Benchmark (dash.js / BOLA)
======================================================================
  Server: http://localhost:8082/player.html?mpd=http://localhost:8082/manifest.mpd
======================================================================

[TRACE] Loaded 3827 entries with bandwidth
[BROWSER] Launching headless Chromium...
[BROWSER] Waiting for playback to start...
   Startup delay: 1651ms

[PLAYBACK] Collecting metrics...
   t=10s | buffer: 6.5s | bitrate: 100 kbps | tp: 35126 kbps | trace_bw: 35126 kbps
   t=20s | buffer: 1.1s | bitrate: 100 kbps | tp: 100 kbps | trace_bw: 100 kbps
   t=31s | buffer: 1.0s | bitrate: 100 kbps | tp: 0 kbps | trace_bw: 0 kbps
   t=41s | buffer: 0.1s | bitrate: 100 kbps | tp: 0 kbps | trace_bw: 0 kbps
   t=51s | buffer: 0.1s | bitrate: 100 kbps | tp: 0 kbps | trace_bw: 0 kbps
   t=61s | buffer: 0.1s | bitrate: 100 kbps | tp: 0 kbps | trace_bw: 0 kbps
   t=71s | buffer: 0.1s | bitrate: 100 kbps | tp: 3 kbps | trace_bw: 3 kbps
   t=82s | buffer: 0.1s | bitrate: 100 kbps | tp: 0 kbps | trace_bw: 0 kbps
   t=92s | buffer: 0.1s | bitrate: 100 kbps | tp: 9 kbps | trace_bw: 9 kbps
   t=102s | buffer: 1.0s | bitrate: 100 kbps | tp: 0 kbps | trace_bw: 0 kbps
   t=112s | buffer: 0.1s | bitrate: 100 kbps | tp: 0 kbps | trace_bw: 0 kbps

======================================================================
  BENCHMARK RESULTS (LLDASH-GPAC / dash.js / BOLA)
======================================================================

  [TIMING]
      Startup delay:     1,651 ms
      Playback time:     31.9 s

  [BITRATE]
      Average (selected):  100 kbps
      Average (effective): 26 kbps
      Min / Max:           100 / 100 kbps
      Median:              100 kbps
      Std deviation:       0.0 kbps
      Variance:            0.0
      25th/75th %ile:      100 / 100 kbps

  [SWITCHES]
      Total count:       0
      Up / Down:         0 / 0
      Avg magnitude:     0 kbps

  [REBUFFERING]
      Events:            9
      Total time:        90,130 ms
      Ratio:             73.8608%
      Frequency:         16.930 per minute
      Avg duration:      9,686 ms
      Max duration:      66,880 ms

  [THROUGHPUT]
      Average:           2,036 kbps
      Median:            0 kbps
      Min / Max:         0 / 101,320 kbps
      Std deviation:     10,914.3 kbps

  [AVAILABLE BW (trace)]
      Average:           2,036 kbps
      Min / Max:         0 / 101,320 kbps

  [BUFFER]
      Average level:     0.8 s
      Min / Max:         0.1 / 7.5 s

  [UTILIZATION]
      Bandwidth:         0.0%

======================================================================

[SAVED] results/results/run_all_20260525_151403/lldash-gpac_5g-ireland/benchmark_lldash-gpac_netflix_static_animated-rickandmorty_B_2019_11_28_08_02_19_tc_20260525_210705.json

──────────────────────────────────────────────────────────────────────
  [78/83] netflix_static_season3-strangerthings_B_2019_11_26_13_50_48_tc.csv
──────────────────────────────────────────────────────────────────────
[TRACE] netflix_static_season3-strangerthings_B_2019_11_26_13_50_48_tc.csv
[LLDASH-GPAC] Trace file ready; gpac_server uses in-process bandwidth pacing.

======================================================================
  LLDASH-GPAC Streaming QoE Benchmark (dash.js / BOLA)
======================================================================
  Server: http://localhost:8082/player.html?mpd=http://localhost:8082/manifest.mpd
======================================================================

[TRACE] Loaded 2658 entries with bandwidth
[BROWSER] Launching headless Chromium...
[BROWSER] Waiting for playback to start...
   Startup delay: 1668ms

[PLAYBACK] Collecting metrics...
   t=10s | buffer: 0.1s | bitrate: 100 kbps | tp: 13 kbps | trace_bw: 13 kbps
   t=20s | buffer: 0.1s | bitrate: 100 kbps | tp: 41124 kbps | trace_bw: 41124 kbps
   t=31s | buffer: 0.1s | bitrate: 100 kbps | tp: 0 kbps | trace_bw: 0 kbps
   t=41s | buffer: 2.1s | bitrate: 100 kbps | tp: 0 kbps | trace_bw: 0 kbps
   t=51s | buffer: 0.1s | bitrate: 100 kbps | tp: 0 kbps | trace_bw: 0 kbps
   t=61s | buffer: 0.1s | bitrate: 100 kbps | tp: 0 kbps | trace_bw: 0 kbps
   t=72s | buffer: 0.1s | bitrate: 100 kbps | tp: 589 kbps | trace_bw: 589 kbps
   t=82s | buffer: 0.1s | bitrate: 100 kbps | tp: 19 kbps | trace_bw: 19 kbps
   t=92s | buffer: 0.1s | bitrate: 100 kbps | tp: 1 kbps | trace_bw: 1 kbps
   t=102s | buffer: 0.1s | bitrate: 100 kbps | tp: 24424 kbps | trace_bw: 24424 kbps
   t=112s | buffer: 0.1s | bitrate: 100 kbps | tp: 2 kbps | trace_bw: 2 kbps

======================================================================
  BENCHMARK RESULTS (LLDASH-GPAC / dash.js / BOLA)
======================================================================

  [TIMING]
      Startup delay:     1,668 ms
      Playback time:     9.9 s

  [BITRATE]
      Average (selected):  100 kbps
      Average (effective): 8 kbps
      Min / Max:           100 / 100 kbps
      Median:              100 kbps
      Std deviation:       0.0 kbps
      Variance:            0.0
      25th/75th %ile:      100 / 100 kbps

  [SWITCHES]
      Total count:       0
      Up / Down:         0 / 0
      Avg magnitude:     0 kbps

  [REBUFFERING]
      Events:            6
      Total time:        112,145 ms
      Ratio:             91.9001%
      Frequency:         36.421 per minute
      Avg duration:      20,299 ms
      Max duration:      63,032 ms

  [THROUGHPUT]
      Average:           3,169 kbps
      Median:            0 kbps
      Min / Max:         0 / 62,772 kbps
      Std deviation:     9,664.0 kbps

  [AVAILABLE BW (trace)]
      Average:           3,169 kbps
      Min / Max:         0 / 62,772 kbps

  [BUFFER]
      Average level:     0.2 s
      Min / Max:         0.1 / 2.1 s

  [UTILIZATION]
      Bandwidth:         0.0%

======================================================================

[SAVED] results/results/run_all_20260525_151403/lldash-gpac_5g-ireland/benchmark_lldash-gpac_netflix_static_season3-strangerthings_B_2019_11_26_13_50_48_tc_20260525_210910.json

──────────────────────────────────────────────────────────────────────
  [79/83] netflix_static_season3-strangerthings_B_2019_11_28_09_21_45_tc.csv
──────────────────────────────────────────────────────────────────────
[TRACE] netflix_static_season3-strangerthings_B_2019_11_28_09_21_45_tc.csv
[LLDASH-GPAC] Trace file ready; gpac_server uses in-process bandwidth pacing.

======================================================================
  LLDASH-GPAC Streaming QoE Benchmark (dash.js / BOLA)
======================================================================
  Server: http://localhost:8082/player.html?mpd=http://localhost:8082/manifest.mpd
======================================================================

[TRACE] Loaded 2724 entries with bandwidth
[BROWSER] Launching headless Chromium...
[BROWSER] Waiting for playback to start...
   Startup delay: 23790ms

[PLAYBACK] Collecting metrics...
   t=10s | buffer: 0.1s | bitrate: 100 kbps | tp: 14 kbps | trace_bw: 14 kbps
   t=20s | buffer: 0.1s | bitrate: 100 kbps | tp: 0 kbps | trace_bw: 0 kbps
   t=31s | buffer: 0.1s | bitrate: 100 kbps | tp: 2 kbps | trace_bw: 2 kbps
   t=41s | buffer: 7.1s | bitrate: 100 kbps | tp: 108 kbps | trace_bw: 108 kbps
   t=51s | buffer: 3.0s | bitrate: 100 kbps | tp: 2712 kbps | trace_bw: 2712 kbps
   t=61s | buffer: 2.6s | bitrate: 100 kbps | tp: 2063 kbps | trace_bw: 2063 kbps
   t=71s | buffer: 2.5s | bitrate: 100 kbps | tp: 4115 kbps | trace_bw: 4115 kbps
   t=82s | buffer: 2.2s | bitrate: 400 kbps | tp: 5329 kbps | trace_bw: 5329 kbps
   t=92s | buffer: 0.1s | bitrate: 200 kbps | tp: 2445 kbps | trace_bw: 2445 kbps
   t=102s | buffer: 0.1s | bitrate: 200 kbps | tp: 4783 kbps | trace_bw: 4783 kbps
   t=112s | buffer: 0.1s | bitrate: 200 kbps | tp: 0 kbps | trace_bw: 0 kbps

======================================================================
  BENCHMARK RESULTS (LLDASH-GPAC / dash.js / BOLA)
======================================================================

  [TIMING]
      Startup delay:     23,790 ms
      Playback time:     63.9 s

  [BITRATE]
      Average (selected):  262 kbps
      Average (effective): 116 kbps
      Min / Max:           100 / 600 kbps
      Median:              200 kbps
      Std deviation:       172.8 kbps
      Variance:            29,843.8
      25th/75th %ile:      100 / 400 kbps

  [SWITCHES]
      Total count:       7
      Up / Down:         5 / 2
      Avg magnitude:     243 kbps

  [REBUFFERING]
      Events:            8
      Total time:        80,279 ms
      Ratio:             55.6895%
      Frequency:         7.515 per minute
      Avg duration:      7,271 ms
      Max duration:      23,642 ms

  [THROUGHPUT]
      Average:           1,747 kbps
      Median:            1,159 kbps
      Min / Max:         0 / 5,546 kbps
      Std deviation:     1,797.6 kbps

  [AVAILABLE BW (trace)]
      Average:           1,747 kbps
      Min / Max:         0 / 5,546 kbps
      Utilisation:       66.3%

  [BUFFER]
      Average level:     1.8 s
      Min / Max:         0.1 / 7.8 s

  [UTILIZATION]
      Bandwidth:         22.6%

======================================================================

[SAVED] results/results/run_all_20260525_151403/lldash-gpac_5g-ireland/benchmark_lldash-gpac_netflix_static_season3-strangerthings_B_2019_11_28_09_21_45_tc_20260525_211116.json

──────────────────────────────────────────────────────────────────────
  [80/83] netflix_static_season3-strangerthings_B_2019_12_03_08_02_05_tc.csv
──────────────────────────────────────────────────────────────────────
[TRACE] netflix_static_season3-strangerthings_B_2019_12_03_08_02_05_tc.csv
[LLDASH-GPAC] Trace file ready; gpac_server uses in-process bandwidth pacing.

======================================================================
  LLDASH-GPAC Streaming QoE Benchmark (dash.js / BOLA)
======================================================================
  Server: http://localhost:8082/player.html?mpd=http://localhost:8082/manifest.mpd
======================================================================

[TRACE] Loaded 7190 entries with bandwidth
[BROWSER] Launching headless Chromium...
[BROWSER] Waiting for playback to start...
   Startup delay: 1665ms

[PLAYBACK] Collecting metrics...
   t=10s | buffer: 0.6s | bitrate: 100 kbps | tp: 21302 kbps | trace_bw: 21302 kbps
   t=20s | buffer: 1.3s | bitrate: 100 kbps | tp: 0 kbps | trace_bw: 0 kbps
   t=31s | buffer: 0.1s | bitrate: 100 kbps | tp: 0 kbps | trace_bw: 0 kbps
   t=41s | buffer: 0.1s | bitrate: 100 kbps | tp: 0 kbps | trace_bw: 0 kbps
   t=51s | buffer: 0.1s | bitrate: 100 kbps | tp: 0 kbps | trace_bw: 0 kbps
   t=61s | buffer: 0.1s | bitrate: 100 kbps | tp: 0 kbps | trace_bw: 0 kbps
   t=72s | buffer: 0.1s | bitrate: 100 kbps | tp: 2 kbps | trace_bw: 2 kbps
   t=82s | buffer: 0.1s | bitrate: 100 kbps | tp: 0 kbps | trace_bw: 0 kbps
   t=92s | buffer: 0.1s | bitrate: 100 kbps | tp: 0 kbps | trace_bw: 0 kbps
   t=102s | buffer: 0.1s | bitrate: 100 kbps | tp: 0 kbps | trace_bw: 0 kbps
[BROWSER-ERROR] dash.js error {"code":27,"message":"http://localhost:8082/ll2s-chunk-stream0-00012.m4s is not available","data":{"request":{"action":"download","availabilityEndTime":null,"availabilityStartTime":"2026-05-26T04:13:46.484Z","bandwidth":100000,"bytesLoaded":null,"bytesTotal":null,"delayLoadingTime":1779768852153,"duration":2,"endDate":"2026-05-26T04:15:35.181Z","firstByteDate":"2026-05-26T04:15:15.187Z","index":11,"isPartialSegmentRequest":false,"mediaStartTime":22,"mediaType":"video","presentationStartTime":22,"representation":{"absoluteIndex":0,"adaptation":{"period":{"id":"0","index":0,"duration":596.4,"start":0,"mpd":{"availabilityEndTime":null,"availabilityStartTime":"2026-05-26T04:13:46.484Z","manifest":{"nodeName":"MPD","nodeValue":null,"attributes":{"xmlns:xsi":"http://www.w3.org/2001/XMLSchema-instance","xmlns":"urn:mpeg:dash:schema:mpd:2011","xmlns:xlink":"http://www.w3.org/1999/xlink","xsi:schemaLocation":"urn:mpeg:DASH:schema:MPD:2011 http://standards.iso.org/ittf/PubliclyAvailableStandards/MPEG-DASH_schema_files/DASH-MPD.xsd","profiles":"urn:mpeg:dash:profile:isoff-live:2011","type":"static","mediaPresentationDuration":"PT9M56.4S","minBufferTime":"PT4.0S"},"childNodes":[{"nodeName":"ProgramInformation","nodeValue":null,"attributes":{},"childNodes":[{"nodeName":"Title","nodeValue":null,"attributes":{},"childNodes":[{"nodeName":"#text","nodeValue":"Big Buck Bunny","attributes":{},"childNodes":[]}],"prefix":null,"localName":"Title","tagName":"Title","__text":"Big Buck Bunny","__children":[{"nodeName":"#text","nodeValue":"Big Buck Bunny","attributes":{},"childNodes":[]}]}],"prefix":null,"localName":"ProgramInformation","tagName":"ProgramInformation","Title":{"nodeName":"Title","nodeValue":null,"attributes":{},"childNodes":[{"nodeName":"#text","nodeValue":"Big Buck Bunny","attributes":{},"childNodes":[]}],"prefix":null,"localName":"Title","tagName":"Title","__text":"Big Buck Bunny","__children":[{"nodeName":"#text","nodeValue":"Big Buck Bunny","attributes":{},"childNodes":[]}]},"__children":[{"nodeName":"Title","nodeValue":null,"attributes":{},"childNodes":[{"nodeName":"#text","nodeValue":"Big Buck Bunny","attributes":{},"childNodes":[]}],"prefix":null,"localName":"Title","tagName":"Title","__text":"Big Buck Bunny","__children":[{"nodeName":"#text","nodeValue":"Big Buck Bunny","attributes":{},"childNodes":[]}]}]},{"nodeName":"Period","nodeValue":null,"attributes":{"id":"0","start":"PT0.0S"},"childNodes":[{"nodeName":"AdaptationSet","nodeValue":null,"attributes":{"id":"0","contentType":"video","segmentAlignment":"true","bitstreamSwitching":"false"},"childNodes":[{"nodeName":"Representation","nodeValue":null,"attributes":{"id":"0","mimeType":"video/mp4","codecs":"avc1.64001f","bandwidth":"100000","width":"256","height":"144","frameRate":"24/1"},"childNodes":[{"nodeName":"SegmentTemplate","nodeValue":null,"attributes":{"timescale":"12288","initialization":"ll2s-init-stream$RepresentationID$.m4s","media":"ll2s-chunk-stream$RepresentationID$-$Number%05d$.m4s","startNumber":"1"},"childNodes":[{"nodeName":"SegmentTimeline","nodeValue":null,"attributes":{},"childNodes":[{"nodeName":"S","nodeValue":null,"attributes":{"t":"0","d":"24576","r":"297"},"childNodes":[],"prefix":null,"localName":"S","tagName":"S","t":0,"d":24576,"r":297,"__children":[]},{"nodeName":"S","nodeValue":null,"attributes":{"d":"5632"},"childNodes":[],"prefix":null,"localName":"S","tagName":"S","d":5632,"__children":[]}],"prefix":null,"localName":"SegmentTimeline","tagName":"SegmentTimeline","S":[{"nodeName":"S","nodeValue":null,"attributes":{"t":"0","d":"24576","r":"297"},"childNodes":[],"prefix":null,"localName":"S","tagName":"S","t":0,"d":24576,"r":297,"__children":[]},{"nodeName":"S","nodeValue":null,"attributes":{"d":"5632"},"childNodes":[],"prefix":null,"localName":"S","tagName":"S","d":5632,"__children":[]}],"__children":[{"nodeName":"S","nodeValue":null,"attributes":{"t":"0","d":"24576","r":"297"},"childNodes":[],"prefix":null,"localName":"S","tagName":"S","t":0,"d":24576,"r":297,"__children":[]},{"nodeName":"S","nodeValue":null,"attributes":{"d":"5632"},"childNodes":[],"prefix":null,"localName":"S","tagName":"S","d":5632,"__children":[]}]}],"prefix":null,"localName":"SegmentTemplate","tagName":"SegmentTemplate","timescale":12288,"initialization":"ll2s-init-stream$RepresentationID$.m4s","media":"ll2s-chunk-stream$RepresentationID$-$Number%05d$.m4s","startNumber":1,"SegmentTimeline":{"nodeName":"SegmentTimeline","nodeValue":null,"attributes":{},"childNodes":[{"nodeName":"S","nodeValue":null,"attributes":{"t":"0","d":"24576","r":"297"},"childNodes":[],"prefix":null,"localName":"S","tagName":"S","t":0,"d":24576,"r":297,"__children":[]},{"nodeName":"S","nodeValue":null,"attributes":{"d":"5632"},"childNodes":[],"prefix":null,"localName":"S","tagName":"S","d":5632,"__children":[]}],"prefix":null,"localName":"SegmentTimeline","tagName":"SegmentTimeline","S":[{"nodeName":"S","nodeValue":null,"attributes":{"t":"0","d":"24576","r":"297"},"childNodes":[],"prefix":null,"localName":"S","tagName":"S","t":0,"d":24576,"r":297,"__children":[]},{"nodeName":"S","nodeValue":null,"attributes":{"d":"5632"},"childNodes":[],"prefix":null,"localName":"S","tagName":"S","d":5632,"__children":[]}],"__children":[{"nodeName":"S","nodeValue":null,"attributes":{"t":"0","d":"24576","r":"297"},"childNodes":[],"prefix":null,"localName":"S","tagName":"S","t":0,"d":24576,"r":297,"__children":[]},{"nodeName":"S","nodeValue":null,"attributes":{"d":"5632"},"childNodes":[],"prefix":null,"localName":"S","tagName":"S","d":5632,"__children":[]}]},"__children":[{"nodeName":"SegmentTimeline","nodeValue":null,"attributes":{},"childNodes":[{"nodeName":"S","nodeValue":null,"attributes":{"t":"0","d":"24576","r":"297"},"childNodes":[],"prefix":null,"localName":"S","tagName":"S","t":0,"d":24576,"r":297,"__children":[]},{"nodeName":"S","nodeValue":null,"attributes":{"d":"5632"},"childNodes":[],"prefix":null,"localName":"S","tagName":"S","d":5632,"__children":[]}],"prefix":null,"localName":"SegmentTimeline","tagName":"SegmentTimeline","S":[{"nodeName":"S","nodeValue":null,"attributes":{"t":"0","d":"24576","r":"297"},"childNodes":[],"prefix":null,"localName":"S","tagName":"S","t":0,"d":24576,"r":297,"__children":[]},{"nodeName":"S","nodeValue":null,"attributes":{"d":"5632"},"childNodes":[],"prefix":null,"localName":"S","tagName":"S","d":5632,"__children":[]}],"__children":[{"nodeName":"S","nodeValue":null,"attributes":{"t":"0","d":"24576","r":"297"},"childNodes":[],"prefix":null,"localName":"S","tagName":"S","t":0,"d":24576,"r":297,"__children":[]},{"nodeName":"S","nodeValue":null,"attributes":{"d":"5632"},"childNodes":[],"prefix":null,"localName":"S","tagName":"S","d":5632,"__children":[]}]}]}],"prefix":null,"localName":"Representation","tagName":"Representation","id":"0","mimeType":"video/mp4","codecs":"avc1.64001f","bandwidth":100000,"width":256,"height":144,"frameRate":"24/1","SegmentTemplate":{"nodeName":"SegmentTemplate","nodeValue":null,"attributes":{"timescale":"12288","initialization":"ll2s-init-stream$RepresentationID$.m4s","media":"ll2s-chunk-stream$RepresentationID$-$Number%05d$.m4s","startNumber":"1"},"childNodes":[{"nodeName":"SegmentTimeline","nodeValue":null,"attributes":{},"childNodes":[{"nodeName":"S","nodeValue":null,"attributes":{"t":"0","d":"24576","r":"297"},"childNodes":[],"prefix":null,"localName":"S","tagName":"S","t":0,"d":24576,"r":297,"__children":[]},{"nodeName":"S","nodeValue":null,"attributes":{"d":"5632"},"childNodes":[],"prefix":null,"localName":"S","tagName":"S","d":5632,"__children":[]}],"prefix":null,"localName":"SegmentTimeline","tagName":"SegmentTimeline","S":[{"nodeName":"S","nodeValue":null,"attributes":{"t":"0","d":"24576","r":"297"},"childNodes":[],"prefix":null,"localName":"S","tagName":"S","t":0,"d":24576,"r":297,"__children":[]},{"nodeName":"S","nodeValue":null,"attributes":{"d":"5632"},"childNodes":[],"prefix":null,"localName":"S","tagName":"S","d":5632,"__children":[]}],"__children":[{"nodeName":"S","nodeValue":null,"attributes":{"t":"0","d":"24576","r":"297"},"childNodes":[],"prefix":null,"localName":"S","tagName":"S","t":0,"d":24576,"r":297,"__children":[]},{"nodeName":"S","nodeValue":null,"attributes":{"d":"5632"},"childNodes":[],"prefix":null,"localName":"S","tagName":"S","d":5632,"__children":[]}]}],"prefix":null,"localName":"SegmentTemplate","tagName":"SegmentTemplate","timescale":12288,"initialization":"ll2s-init-stream$RepresentationID$.m4s","media":"ll2s-chunk-stream$RepresentationID$-$Number%05d$.m4s","startNumber":1,"SegmentTimeline":{"nodeName":"SegmentTimeline","nodeValue":null,"attributes":{},"childNodes":[{"nodeName":"S","nodeValue":null,"attributes":{"t":"0","d":"24576","r":"297"},"childNodes":[],"prefix":null,"localName":"S","tagName":"S","t":0,"d":24576,"r":297,"__children":[]},{"nodeName":"S","nodeValue":null,"attributes":{"d":"5632"},"childNodes":[],"prefix":null,"localName":"S","tagName":"S","d":5632,"__children":[]}],"prefix":null,"localName":"SegmentTimeline","tagName":"SegmentTimeline","S":[{"nodeName":"S","nodeValue":null,"attributes":{"t":"0","d":"24576","r":"297"},"childNodes":[],"prefix":null,"localName":"S","tagName":"S","t":0,"d":24576,"r":297,"__children":[]},{"nodeName":"S","nodeValue":null,"attributes":{"d":"5632"},"childNodes":[],"prefix":null,"localName":"S","tagName":"S","d":5632,"__children":[]}],"__children":[{"nodeName":"S","nodeValue":null,"attributes":{"t":"0","d":"24576","r":"297"},"childNodes":[],"prefix":null,"localName":"S","tagName":"S","t":0,"d":24576,"r":297,"__children":[]},{"nodeName":"S","nodeValue":null,"attributes":{"d":"5632"},"childNodes":[],"prefix":null,"localName":"S","tagName":"S","d":5632,"__children":[]}]},"__children":[{"nodeName":"SegmentTimeline","nodeValue":null,"attributes":{},"childNodes":[{"nodeName":"S","nodeValue":null,"attributes":{"t":"0","d":"24576","r":"297"},"childNodes":[],"prefix":null,"localName":"S","tagName":"S","t":0,"d":24576,"r":297,"__children":[]},{"nodeName":"S","nodeValue":null,"attributes":{"d":"5632"},"childNodes":[],"prefix":null,"localName":"S","tagName":"S","d":5632,"__children":[]}],"prefix":null,"localName":"SegmentTimeline","tagName":"SegmentTimeline","S":[{"nodeName":"S","nodeValue":null,"attributes":{"t":"0","d":"24576","r":"297"},"childNodes":[],"prefix":null,"localName":"S","tagName":"S","t":0,"d":24576,"r":297,"__children":[]},{"nodeName":"S","nodeValue":null,"attributes":{"d":"5632"},"childNodes":[],"prefix":null,"localName":"S","tagName":"S","d":5632,"__children":[]}],"__children":[{"nodeName":"S","nodeValue":null,"attributes":{"t":"0","d":"24576","r":"297"},"childNodes":[],"prefix":null,"localName":"S","tagName":"S","t":0,"d":24576,"r":297,"__children":[]},{"nodeName":"S","nodeValue":null,"attributes":{"d":"5632"},"childNodes":[],"prefix":null,"localName":"S","tagName":"S","d":5632,"__children":[]}]}]},"__children":[{"nodeName":"SegmentTemplate","nodeValue":null,"attributes":{"timescale":"12288","initialization":"ll2s-init-stream$RepresentationID$.m4s","media":"ll2s-chunk-stream$RepresentationID$-$Number%05d$.m4s","startNumber":"1"},"childNodes":[{"nodeName":"SegmentTimeline","nodeValue":null,"attributes":{},"childNodes":[{"nodeName":"S","nodeValue":null,"attributes":{"t":"0","d":"24576","r":"297"},"childNodes":[],"prefix":null,"localName":"S","tagName":"S","t":0,"d":24576,"r":297,"__children":[]},{"nodeName":"S","nodeValue":null,"attributes":{"d":"5632"},"childNodes":[],"prefix":null,"localName":"S","tagName":"S","d":5632,"__children":[]}],"prefix":null,"localName":"SegmentTimeline","tagName":"SegmentTimeline","S":[{"nodeName":"S","nodeValue":null,"attributes":{"t":"0","d":"24576","r":"297"},"childNodes":[],"prefix":null,"localName":"S","tagName":"S","t":0,"d":24576,"r":297,"__children":[]},{"nodeName":"S","nodeValue":null,"attributes":{"d":"5632"},"childNodes":[],"prefix":null,"localName":"S","tagName":"S","d":5632,"__children":[]}],"__children":[{"nodeName":"S","nodeValue":null,"attributes":{"t":"0","d":"24576","r":"297"},"childNodes":[],"prefix":null,"localName":"S","tagName":"S","t":0,"d":24576,"r":297,"__children":[]},{"nodeName":"S","nodeValue":null,"attributes":{"d":"5632"},"childNodes":[],"prefix":null,"localName":"S","tagName":"S","d":5632,"__children":[]}]}],"prefix":null,"localName":"SegmentTemplate","tagName":"SegmentTemplate","timescale":12288,"initialization":"ll2s-init-stream$RepresentationID$.m4s","media":"ll2s-chunk-stream$RepresentationID$-$Number%05d$.m4s","startNumber":1,"SegmentTimeline":{"nodeName":"SegmentTimeline","nodeValue":null,"attributes":{},"childNodes":[{"nodeName":"S","nodeValue":null,"attributes":{"t":"0","d":"24576","r":"297"},"childNodes":[],"prefix":null,"localName":"S","tagName":"S","t":0,"d":24576,"r":297,"__children":[]},{"nodeName":"S","nodeValue":null,"attributes":{"d":"5632"},"childNodes":[],"prefix":null,"localName":"S","tagName":"S","d":5632,"__children":[]}],"prefix":null,"localName":"SegmentTimeline","tagName":"SegmentTimeline","S":[{"nodeName":"S","nodeValue":null,"attributes":{"t":"0","d":"24576","r":"297"},"childNodes":[],"prefix":null,"localName":"S","tagName":"S","t":0,"d":24576,"r":297,"__children":[]},{"nodeName":"S","nodeValue":null,"attributes":{"d":"5632"},"childNodes":[],"prefix":null,"localName":"S","tagName":"S","d":5632,"__children":[]}],"__children":[{"nodeName":"S","nodeValue":null,"attributes":{"t":"0","d":"24576","r":"297"},"childNodes":[],"prefix":null,"localName":"S","tagName":"S","t":0,"d":24576,"r":297,"__children":[]},{"nodeName":"S","nodeValue":null,"attributes":{"d":"5632"},"childNodes":[],"prefix":null,"localName":"S","tagName":"S","d":5632,"__children":[]}]},"__children":[{"nodeName":"SegmentTimeline","nodeValue":null,"attributes":{},"childNodes":[{"nodeName":"S","nodeValue":null,"attributes":{"t":"0","d":"24576","r":"297"},"childNodes":[],"prefix":null,"localName":"S","tagName":"S","t":0,"d":24576,"r":297,"__children":[]},{"nodeName":"S","nodeValue":null,"attributes":{"d":"5632"},"childNodes":[],"prefix":null,"localName":"S","tagName":"S","d":5632,"__children":[]}],"prefix":null,"localName":"SegmentTimeline","tagName":"SegmentTimeline","S":[{"nodeName":"S","nodeValue":null,"attributes":{"t":"0","d":"24576","r":"297"},"childNodes":[],"prefix":null,"localName":"S","tagName":"S","t":0,"d":24576,"r":297,"__children":[]},{"nodeName":"S","nodeValue":null,"attributes":{"d":"5632"},"childNodes":[],"prefix":null,"localName":"S","tagName":"S","d":5632,"__children":[]}],"__children":[{"nodeName":"S","nodeValue":null,"attributes":{"t":"0","d":"24576","r":"297"},"childNodes":[],"prefix":null,"localName":"S","tagName":"S","t":0,"d":24576,"r":297,"__children":[]},{"nodeName":"S","nodeValue":null,"attributes":{"d":"5632"},"childNodes":[],"prefix":null,"localName":"S","tagName":"S","d":5632,"__children":[]}]}]}]},{"nodeName":"Representation","nodeValue":null,"attributes":{"id":"1","mimeType":"video/mp4","codecs":"avc1.64001f","bandwidth":"200000","width":"320","height":"180","frameRate":"24/1"},"childNodes":[{"nodeName":"SegmentTemplate","nodeValue":null,"attributes":{"timescale":"12288","initialization":"ll2s-init-stream$RepresentationID$.m4s","media":"ll2s-chunk-stream$RepresentationID$-$Number%05d$.m4s","startNumber":"1"},"childNodes":[{"nodeName":"SegmentTimeline","nodeValue":null,"attributes":{},"childNodes":[{"nodeName":"S","nodeValue":null,"attributes":{"t":"0","d":"24576","r":"297"},"childNodes":[],"prefix":null,"localName":"S","tagName":"S","t":0,"d":24576,"r":297,"__children":[]},{"nodeName":"S","nodeValue":null,"attributes":{"d":"5632"},"childNodes":[],"prefix":null,"localName":"S","tagName":"S","d":5632,"__children":[]}],"prefix":null,"localName":"SegmentTimeline","tagName":"SegmentTimeline","S":[{"nodeName":"S","nodeValue":null,"attributes":{"t":"0","d":"24576","r":"297"},"childNodes":[],"prefix":null,"localName":"S","tagName":"S","t":0,"d":24576,"r":297,"__children":[]},{"nodeName":"S","nodeValue":null,"attributes":{"d":"5632"},"childNodes":[],"prefix":null,"localName":"S","tagName":"S","d":5632,"__children":[]}],"__children":[{"nodeName":"S","nodeValue":null,"attributes":{"t":"0","d":"24576","r":"297"},"childNodes":[],"prefix":null,"localName":"S","tagName":"S","t":0,"d":24576,"r":297,"__children":[]},{"nodeName":"S","nodeValue":null,"attributes":{"d":"5632"},"childNodes":[],"prefix":null,"localName":"S","tagName":"S","d":5632,"__children":[]}]}],"prefix":null,"localName":"SegmentTemplate","tagName":"SegmentTemplate","timescale":12288,"initialization":"ll2s-init-stream$RepresentationID$.m4s","media":"ll2s-chunk-stream$RepresentationID$-$Number%05d$.m4s","startNumber":1,"SegmentTimeline":{"nodeName":"SegmentTimeline","nodeValue":null,"attributes":{},"childNodes":[{"nodeName":"S","nodeValue":null,"attributes":{"t":"0","d":"24576","r":"297"},"childNodes":[],"prefix":null,"localName":"S","tagName":"S","t":0,"d":24576,"r":297,"__children":[]},{"nodeName":"S","nodeValue":null,"attributes":{"d":"5632"},"childNodes":[],"prefix":null,"localName":"S","tagName":"S","d":5632,"__children":[]}],"prefix":null,"localName":"SegmentTimeline","tagName":"SegmentTimeline","S":[{"nodeName":"S","nodeValue":null,"attributes":{"t":"0","d":"24576","r":"297"},"childNodes":[],"prefix":null,"localName":"S","tagName":"S","t":0,"d":24576,"r":297,"__children":[]},{"nodeName":"S","nodeValue":null,"attributes":{"d":"5632"},"childNodes":[],"prefix":null,"localName":"S","tagName":"S","d":5632,"__children":[]}],"__children":[{"nodeName":"S","nodeValue":null,"attributes":{"t":"0","d":"24576","r":"297"},"childNodes":[],"prefix":null,"localName":"S","tagName":"S","t":0,"d":24576,"r":297,"__children":[]},{"nodeName":"S","nodeValue":null,"attributes":{"d":"5632"},"childNodes":[],"prefix":null,"localName":"S","tagName":"S","d":5632,"__children":[]}]},"__children":[{"nodeName":"SegmentTimeline","nodeValue":null,"attributes":{},"childNodes":[{"nodeName":"S","nodeValue":null,"attributes":{"t":"0","d":"24576","r":"297"},"childNodes":[],"prefix":null,"localName":"S","tagName":"S","t":0,"d":24576,"r":297,"__children":[]},{"nodeName":"S","nodeValue":null,"attributes":{"d":"5632"},"childNodes":[],"prefix":null,"localName":"S","tagName":"S","d":5632,"__children":[]}],"prefix":null,"localName":"SegmentTimeline","tagName":"SegmentTimeline","S":[{"nodeName":"S","nodeValue":null,"attributes":{"t":"0","d":"24576","r":"297"},"childNodes":[],"prefix":null,"localName":"S","tagName":"S","t":0,"d":24576,"r":297,"__children":[]},{"nodeName":"S","nodeValue":null,"attributes":{"d":"5632"},"childNodes":[],"prefix":null,"localName":"S","tagName":"S","d":5632,"__children":[]}],"__children":[{"nodeName":"S","nodeValue":null,"attributes":{"t":"0","d":"24576","r":"297"},"childNodes":[],"prefix":null,"localName":"S","tagName":"S","t":0,"d":24576,"r":297,"__children":[]},{"nodeName":"S","nodeValue":null,"attributes":{"d":"5632"},"childNodes":[],"prefix":null,"localName":"S","tagName":"S","d":5632,"__children":[]}]}]}],"prefix":null,"localName":"Representation","tagName":"Representation","id":"1","mimeType":"video/mp4","codecs":"avc1.64001f","bandwidth":200000,"width":320,"height":180,"frameRate":"24/1","SegmentTemplate":{"nodeName":"SegmentTemplate","nodeValue":null,"attributes":{"timescale":"12288","initialization":"ll2s-init-stream$RepresentationID$.m4s","media":"ll2s-chunk-stream$RepresentationID$-$Number%05d$.m4s","startNumber":"1"},"childNodes":[{"nodeName":"SegmentTimeline","nodeValue":null,"attributes":{},"childNodes":[{"nodeName":"S","nodeValue":null,"attributes":{"t":"0","d":"24576","r":"297"},"childNodes":[],"prefix":null,"localName":"S","tagName":"S","t":0,"d":24576,"r":297,"__children":[]},{"nodeName":"S","nodeValue":null,"attributes":{"d":"5632"},"childNodes":[],"prefix":null,"localName":"S","tagName":"S","d":5632,"__children":[]}],"prefix":null,"localName":"SegmentTimeline","tagName":"SegmentTimeline","S":[{"nodeName":"S","nodeValue":null,"attributes":{"t":"0","d":"24576","r":"297"},"childNodes":[],"prefix":null,"localName":"S","tagName":"S","t":0,"d":24576,"r":297,"__children":[]},{"nodeName":"S","nodeValue":null,"attributes":{"d":"5632"},"childNodes":[],"prefix":null,"localName":"S","tagName":"S","d":5632,"__children":[]}],"__children":[{"nodeName":"S","nodeValue":null,"attributes":{"t":"0","d":"24576","r":"297"},"childNodes":[],"prefix":null,"localName":"S","tagName":"S","t":0,"d":24576,"r":297,"__children":[]},{"nodeName":"S","nodeValue":null,"attributes":{"d":"5632"},"childNodes":[],"prefix":null,"localName":"S","tagName":"S","d":5632,"__children":[]}]}],"prefix":null,"localName":"SegmentTemplate","tagName":"SegmentTemplate","timescale":12288,"initialization":"ll2s-init-stream$RepresentationID$.m4s","media":"ll2s-chunk-stream$RepresentationID$-$Number%05d$.m4s","startNumber":1,"SegmentTimeline":{"nodeName":"SegmentTimeline","nodeValue":null,"attributes":{},"childNodes":[{"nodeName":"S","nodeValue":null,"attributes":{"t":"0","d":"24576","r":"297"},"childNodes":[],"prefix":null,"localName":"S","tagName":"S","t":0,"d":24576,"r":297,"__children":[]},{"nodeName":"S","nodeValue":null,"attributes":{"d":"5632"},"childNodes":[],"prefix":null,"localName":"S","tagName":"S","d":5632,"__children":[]}],"prefix":null,"localName":"SegmentTimeline","tagName":"SegmentTimeline","S":[{"nodeName":"S","nodeValue":null,"attributes":{"t":"0","d":"24576","r":"297"},"childNodes":[],"prefix":null,"localName":"S","tagName":"S","t":0,"d":24576,"r":297,"__children":[]},{"nodeName":"S","nodeValue":null,"attributes":{"d":"5632"},"childNodes":[],"prefix":null,"localName":"S","tagName":"S","d":5632,"__children":[]}],"__children":[{"nodeName":"S","nodeValue":null,"attributes":{"t":"0","d":"24576","r":"297"},"childNodes":[],"prefix":null,"localName":"S","tagName":"S","t":0,"d":24576,"r":297,"__children":[]},{"nodeName":"S","nodeValue":null,"attributes":{"d":"5632"},"childNodes":[],"prefix":null,"localName":"S","tagName":"S","d":5632,"__children":[]}]},"__children":[{"nodeName":"SegmentTimeline","nodeValue":null,"attributes":{},"childNodes":[{"nodeName":"S","nodeValue":null,"attributes":{"t":"0","d":"24576","r":"297"},"childNodes":[],"prefix":null,"localName":"S","tagName":"S","t":0,"d":24576,"r":297,"__children":[]},{"nodeName":"S","nodeValue":null,"attributes":{"d":"5632"},"childNodes":[],"prefix":null,"localName":"S","tagName":"S","d":5632,"__children":[]}],"prefix":null,"localName":"SegmentTimeline","tagName":"SegmentTimeline","S":[{"nodeName":"S","nodeValue":null,"attributes":{"t":"0","d":"24576","r":"297"},"childNodes":[],"prefix":null,"localName":"S","tagName":"S","t":0,"d":24576,"r":297,"__children":[]},{"nodeName":"S","nodeValue":null,"attributes":{"d":"5632"},"childNodes":[],"prefix":null,"localName":"S","tagName":"S","d":5632,"__children":[]}],"__children":[{"nodeName":"S","nodeValue":null,"attributes":{"t":"0","d":"24576","r":"297"},"childNodes":[],"prefix":null,"localName":"S","tagName":"S","t":0,"d":24576,"r":297,"__children":[]},{"nodeName":"S","nodeValue":null,"attributes":{"d":"5632"},"childNodes":[],"prefix":null,"localName":"S","tagName":"S","d":5632,"__children":[]}]}]},"__children":[{"nodeName":"SegmentTemplate","nodeValue":null,"attributes":{"timescale":"12288","initialization":"ll2s-init-stream$RepresentationID$.m4s","media":"ll2s-chunk-stream$RepresentationID$-$Number%05d$.m4s","startNumber":"1"},"childNodes":[{"nodeName":"SegmentTimeline","nodeValue":null,"attributes":{},"childNodes":[{"nodeName":"S","nodeValue":null,"attributes":{"t":"0","d":"24576","r":"297"},"childNodes":[],"prefix":null,"localName":"S","tagName":"S","t":0,"d":24576,"r":297,"__children":[]},{"nodeName":"S","nodeValue":null,"attributes":{"d":"5632"},"childNodes":[],"prefix":null,"localName":"S","tagName":"S","d":5632,"__children":[]}],"prefix":null,"localName":"SegmentTimeline","tagName":"SegmentTimeline","S":[{"nodeName":"S","nodeValue":null,"attributes":{"t":"0","d":"24576","r":"297"},"childNodes":[],"prefix":null,"localName":"S","tagName":"S","t":0,"d":24576,"r":297,"__children":[]},{"nodeName":"S","nodeValue":null,"attributes":{"d":"5632"},"childNodes":[],"prefix":null,"localName":"S","tagName":"S","d":5632,"__children":[]}],"__children":[{"nodeName":"S","nodeValue":null,"attributes":{"t":"0","d":"24576","r":"297"},"childNodes":[],"prefix":null,"localName":"S","tagName":"S","t":0,"d":24576,"r":297,"__children":[]},{"nodeName":"S","nodeValue":null,"attributes":{"d":"5632"},"childNodes":[],"prefix":null,"localName":"S","tagName":"S","d":5632,"__children":[]}]}],"prefix":null,"localName":"SegmentTemplate","tagName":"SegmentTemplate","timescale":12288,"initialization":"ll2s-init-stream$RepresentationID$.m4s","media":"ll2s-chunk-stream$RepresentationID$-$Number%05d$.m4s","startNumber":1,"SegmentTimeline":{"nodeName":"SegmentTimeline","nodeValue":null,"attributes":{},"childNodes":[{"nodeName":"S","nodeValue":null,"attributes":{"t":"0","d":"24576","r":"297"},"childNodes":[],"prefix":null,"localName":"S","tagName":"S","t":0,"d":24576,"r":297,"__children":[]},{"nodeName":"S","nodeValue":null,"attributes":{"d":"5632"},"childNodes":[],"prefix":null,"localName":"S","tagName":"S","d":5632,"__children":[]}],"prefix":null,"localName":"SegmentTimeline","tagName":"SegmentTimeline","S":[{"nodeName":"S","nodeValue":null,"attributes":{"t":"0","d":"24576","r":"297"},"childNodes":[],"prefix":null,"localName":"S","tagName":"S","t":0,"d":24576,"r":297,"__children":[]},{"nodeName":"S","nodeValue":null,"attributes":{"d":"5632"},"childNodes":[],"prefix":null,"localName":"S","tagName":"S","d":5632,"__children":[]}],"__children":[{"nodeName":"S","nodeValue":null,"attributes":{"t":"0","d":"24576","r":"297"},"childNodes":[],"prefix":null,"localName":"S","tagName":"S","t":0,"d":24576,"r":297,"__children":[]},{"nodeName":"S","nodeValue":null,"attributes":{"d":"5632"},"childNodes":[],"prefix":null,"localName":"S","tagName":"S","d":5632,"__children":[]}]},"__children":[{"nodeName":"SegmentTimeline","nodeValue":null,"attributes":{},"childNodes":[{"nodeName":"S","nodeValue":null,"attributes":{"t":"0","d":"24576","r":"297"},"childNodes":[],"prefix":null,"localName":"S","tagName":"S","t":0,"d":24576,"r":297,"__children":[]},{"nodeName":"S","nodeValue":null,"attributes":{"d":"5632"},"childNodes":[],"prefix":null,"localName":"S","tagName":"S","d":5632,"__children":[]}],"prefix":null,"localName":"SegmentTimeline","tagName":"SegmentTimeline","S":[{"nodeName":"S","nodeValue":null,"attributes":{"t":"0","d":"24576","r":"297"},"childNodes":[],"prefix":null,"localName":"S","tagName":"S","t":0,"d":24576,"r":297,"__children":[]},{"nodeName":"S","nodeValue":null,"attributes":{"d":"5632"},"childNodes":[],"prefix":null,"localName":"S","tagName":"S","d":5632,"__children":[]}],"__children":[{"nodeName":"S","nodeValue":null,"attributes":{"t":"0","d":"24576","r":"297"},"childNodes":[],"prefix":null,"localName":"S","tagName":"S","t":0,"d":24576,"r":297,"__children":[]},{"nodeName":"S","nodeValue":null,"attributes":{"d":"5632"},"childNodes":[],"prefix":null,"localName":"S","tagName":"S","d":5632,"__children":[]}]}]}]},{"nodeName":"Representation","nodeValue":null,"attributes":{"id":"2","mimeType":"video/mp4","codecs":"avc1.64001f","bandwidth":"400000","width":"426","height":"240","frameRate":"24/1"},"childNodes":[{"nodeName":"SegmentTemplate","nodeValue":null,"attributes":{"timescale":"12288","initialization":"ll2s-init-stream$RepresentationID$.m4s","media":"ll2s-chunk-stream$RepresentationID$-$Number%05d$.m4s","startNumber":"1"},"childNodes":[{"nodeName":"SegmentTimeline","nodeValue":null,"attributes":{},"childNodes":[{"nodeName":"S","nodeValue":null,"attributes":{"t":"0","d":"24576","r":"297"},"childNodes":[],"prefix":null,"localName":"S","tagName":"S","t":0,"d":24576,"r":297,"__children":[]},{"nodeName":"S","nodeValue":null,"attributes":{"d":"5632"},"childNodes":[],"prefix":null,"localName":"S","tagName":"S","d":5632,"__children":[]}],"prefix":null,"localName":"SegmentTimeline","tagName":"SegmentTimeline","S":[{"nodeName":"S","nodeValue":null,"attributes":{"t":"0","d":"24576","r":"297"},"childNodes":[],"prefix":null,"localName":"S","tagName":"S","t":0,"d":24576,"r":297,"__children":[]},{"nodeName":"S","nodeValue":null,"attributes":{"d":"5632"},"childNodes":[],"prefix":null,"localName":"S","tagName":"S","d":5632,"__children":[]}],"__children":[{"nodeName":"S","nodeValue":null,"attributes":{"t":"0","d":"24576","r":"297"},"childNodes":[],"prefix":null,"localName":"S","tagName":"S","t":0,"d":24576,"r":297,"__children":[]},{"nodeName":"S","nodeValue":null,"attributes":{"d":"5632"},"childNodes":[],"prefix":null,"localName":"S","tagName":"S","d":5632,"__children":[]}]}],"prefix":null,"localName":"SegmentTemplate","tagName":"SegmentTemplate","timescale":12288,"initialization":"ll2s-init-stream$RepresentationID$.m4s","media":"ll2s-chunk-stream$RepresentationID$-$Number%05d$.m4s","startNumber":1,"SegmentTimeline":{"nodeName":"SegmentTimeline","nodeValue":null,"attributes":{},"childNodes":[{"nodeName":"S","nodeValue":null,"attributes":{"t":"0","d":"24576","r":"297"},"childNodes":[],"prefix":null,"localName":"S","tagName":"S","t":0,"d":24576,"r":297,"__children":[]},{"nodeName":"S","nodeValue":null,"attributes":{"d":"5632"},"childNodes":[],"prefix":null,"localName":"S","tagName":"S","d":5632,"__children":[]}],"prefix":null,"localName":"SegmentTimeline","tagName":"SegmentTimeline","S":[{"nodeName":"S","nodeValue":null,"attributes":{"t":"0","d":"24576","r":"297"},"childNodes":[],"prefix":null,"localName":"S","tagName":"S","t":0,"d":24576,"r":297,"__children":[]},{"nodeName":"S","nodeValue":null,"attributes":{"d":"5632"},"childNodes":[],"prefix":null,"localName":"S","tagName":"S","d":5632,"__children":[]}],"__children":[{"nodeName":"S","nodeValue":null,"attributes":{"t":"0","d":"24576","r":"297"},"childNodes":[],"prefix":null,"localName":"S","tagName":"S","t":0,"d":24576,"r":297,"__children":[]},{"nodeName":"S","nodeValue":null,"attributes":{"d":"5632"},"childNodes":[],"prefix":null,"localName":"S","tagName":"S","d":5632,"__children":[]}]},"__children":[{"nodeName":"SegmentTimeline","nodeValue":null,"attributes":{},"childNodes":[{"nodeName":"S","nodeValue":null,"attributes":{"t":"0","d":"24576","r":"297"},"childNodes":[],"prefix":null,"localName":"S","tagName":"S","t":0,"d":24576,"r":297,"__children":[]},{"nodeName":"S","nodeValue":null,"attributes":{"d":"5632"},"childNodes":[],"prefix":null,"localName":"S","tagName":"S","d":5632,"__children":[]}],"prefix":null,"localName":"SegmentTimeline","tagName":"SegmentTimeline","S":[{"nodeName":"S","nodeValue":null,"attributes":{"t":"0","d":"24576","r":"297"},"childNodes":[],"prefix":null,"localName":"S","tagName":"S","t":0,"d":24576,"r":297,"__children":[]},{"nodeName":"S","nodeValue":null,"attributes":{"d":"5632"},"childNodes":[],"prefix":null,"localName":"S","tagName":"S","d":5632,"__children":[]}],"__children":[{"nodeName":"S","nodeValue":null,"attributes":{"t":"0","d":"24576","r":"297"},"childNodes":[],"prefix":null,"localName":"S","tagName":"S","t":0,"d":24576,"r":297,"__children":[]},{"nodeName":"S","nodeValue":null,"attributes":{"d":"5632"},"childNodes":[],"prefix":null,"localName":"S","tagName":"S","d":5632,"__children":[]}]}]}],"prefix":null,"localName":"Representation","tagName":"Representation","id":"2","mimeType":"video/mp4","codecs":"avc1.64001f","bandwidth":400000,"width":426,"height":240,"frameRate":"24/1","SegmentTemplate":{"nodeName":"SegmentTemplate","nodeValue":null,"attributes":{"timescale":"12288","initialization":"ll2s-init-stream$RepresentationID$.m4s","media":"ll2s-chunk-stream$RepresentationID$-$Number%05d$.m4s","startNumber":"1"},"childNodes":[{"nodeName":"SegmentTimeline","nodeValue":null,"attributes":{},"childNodes":[{"nodeName":"S","nodeValue":null,"attributes":{"t":"0","d":"24576","r":"297"},"childNodes":[],"prefix":null,"localName":"S","tagName":"S","t":0,"d":24576,"r":297,"__children":[]},{"nodeName":"S","nodeValue":null,"attributes":{"d":"5632"},"childNodes":[],"prefix":null,"localName":"S","tagName":"S","d":5632,"__children":[]}],"prefix":null,"localName":"SegmentTimeline","tagName":"SegmentTimeline","S":[{"nodeName":"S","nodeValue":null,"attributes":{"t":"0","d":"24576","r":"297"},"childNodes":[],"prefix":null,"localName":"S","tagName":"S","t":0,"d":24576,"r":297,"__children":[]},{"nodeName":"S","nodeValue":null,"attributes":{"d":"5632"},"childNodes":[],"prefix":null,"localName":"S","tagName":"S","d":5632,"__children":[]}],"__children":[{"nodeName":"S","nodeValue":null,"attributes":{"t":"0","d":"24576","r":"297"},"childNodes":[],"prefix":null,"localName":"S","tagName":"S","t":0,"d":24576,"r":297,"__children":[]},{"nodeName":"S","nodeValue":null,"attributes":{"d":"5632"},"childNodes":[],"prefix":null,"localName":"S","tagName":"S","d":5632,"__children":[]}]}],"prefix":null,"localName":"SegmentTemplate","tagName":"SegmentTemplate","timescale":12288,"initialization":"ll2s-init-stream$RepresentationID$.m4s","media":"ll2s-chunk-stream$RepresentationID$-$Number%05d$.m4s","startNumber":1,"SegmentTimeline":{"nodeName":"SegmentTimeline","nodeValue":null,"attributes":{},"childNodes":[{"nodeName":"S","nodeValue":null,"attributes":{"t":"0","d":"24576","r":"297"},"childNodes":[],"prefix":null,"localName":"S","tagName":"S","t":0,"d":24576,"r":297,"__children":[]},{"nodeName":"S","nodeValue":null,"attributes":{"d":"5632"},"childNodes":[],"prefix":null,"localName":"S","tagName":"S","d":5632,"__children":[]}],"prefix":null,"localName":"SegmentTimeline","tagName":"SegmentTimeline","S":[{"nodeName":"S","nodeValue":null,"attributes":{"t":"0","d":"24576","r":"297"},"childNodes":[],"prefix":null,"localName":"S","tagName":"S","t":0,"d":24576,"r":297,"__children":[]},{"nodeName":"S","nodeValue":null,"attributes":{"d":"5632"},"childNodes":[],"prefix":null,"localName":"S","tagName":"S","d":5632,"__children":[]}],"__children":[{"nodeName":"S","nodeValue":null,"attributes":{"t":"0","d":"24576","r":"297"},"childNodes":[],"prefix":null,"localName":"S","tagName":"S","t":0,"d":24576,"r":297,"__children":[]},{"nodeName":"S","nodeValue":null,"attributes":{"d":"5632"},"childNodes":[],"prefix":null,"localName":"S","tagName":"S","d":5632,"__children":[]}]},"__children":[{"nodeName":"SegmentTimeline","nodeValue":null,"attributes":{},"childNodes":[{"nodeName":"S","nodeValue":null,"attributes":{"t":"0","d":"24576","r":"297"},"childNodes":[],"prefix":null,"localName":"S","tagName":"S","t":0,"d":24576,"r":297,"__children":[]},{"nodeName":"S","nodeValue":null,"attributes":{"d":"5632"},"childNodes":[],"prefix":null,"localName":"S","tagName":"S","d":5632,"__children":[]}],"prefix":null,"localName":"SegmentTimeline","tagName":"SegmentTimeline","S":[{"nodeName":"S","nodeValue":null,"attributes":{"t":"0","d":"24576","r":"297"},"childNodes":[],"prefix":null,"localName":"S","tagName":"S","t":0,"d":24576,"r":297,"__children":[]},{"nodeName":"S","nodeValue":null,"attributes":{"d":"5632"},"childNodes":[],"prefix":null,"localName":"S","tagName":"S","d":5632,"__children":[]}],"__children":[{"nodeName":"S","nodeValue":null,"attributes":{"t":"0","d":"24576","r":"297"},"childNodes":[],"prefix":null,"localName":"S","tagName":"S","t":0,"d":24576,"r":297,"__children":[]},{"nodeName":"S","nodeValue":null,"attributes":{"d":"5632"},"childNodes":[],"prefix":null,"localName":"S","tagName":"S","d":5632,"__children":[]}]}]},"__children":[{"nodeName":"SegmentTemplate","nodeValue":null,"attributes":{"timescale":"12288","initialization":"ll2s-init-stream$RepresentationID$.m4s","media":"ll2s-chunk-stream$RepresentationID$-$Number%05d$.m4s","startNumber":"1"},"childNodes":[{"nodeName":"SegmentTimeline","nodeValue":null,"attributes":{},"childNodes":[{"nodeName":"S","nodeValue":null,"attributes":{"t":"0","d":"24576","r":"297"},"childNodes":[],"prefix":null,"localName":"S","tagName":"S","t":0,"d":24576,"r":297,"__children":[]},{"nodeName":"S","nodeValue":null,"attributes":{"d":"5632"},"childNodes":[],"prefix":null,"localName":"S","tagName":"S","d":5632,"__children":[]}],"prefix":null,"localName":"SegmentTimeline","tagName":"SegmentTimeline","S":[{"nodeName":"S","nodeValue":null,"attributes":{"t":"0","d":"24576","r":"297"},"childNodes":[],"prefix":null,"localName":"S","tagName":"S","t":0,"d":24576,"r":297,"__children":[]},{"nodeName":"S","nodeValue":null,"attributes":{"d":"5632"},"childNodes":[],"prefix":null,"localName":"S","tagName":"S","d":5632,"__children":[]}],"__children":[{"nodeName":"S","nodeValue":null,"attributes":{"t":"0","d":"24576","r":"297"},"childNodes":[],"prefix":null,"localName":"S","tagName":"S","t":0,"d":24576,"r":297,"__children":[]},{"nodeName":"S","nodeValue":null,"attributes":{"d":"5632"},"childNodes":[],"prefix":null,"localName":"S","tagName":"S","d":5632,"__children":[]}]}],"prefix":null,"localName":"SegmentTemplate","tagName":"SegmentTemplate","timescale":12288,"initialization":"ll2s-init-stream$RepresentationID$.m4s","media":"ll2s-chunk-stream$RepresentationID$-$Number%05d$.m4s","startNumber":1,"SegmentTimeline":{"nodeName":"SegmentTimeline","nodeValue":null,"attributes":{},"childNodes":[{"nodeName":"S","nodeValue":null,"attributes":{"t":"0","d":"24576","r":"297"},"childNodes":[],"prefix":null,"localName":"S","tagName":"S","t":0,"d":24576,"r":297,"__children":[]},{"nodeName":"S","nodeValue":null,"attributes":{"d":"5632"},"childNodes":[],"prefix":null,"localName":"S","tagName":"S","d":5632,"__children":[]}],"prefix":null,"localName":"SegmentTimeline","tagName":"SegmentTimeline","S":[{"nodeName":"S","nodeValue":null,"attributes":{"t":"0","d":"24576","r":"297"},"childNodes":[],"prefix":null,"localName":"S","tagName":"S","t":0,"d":24576,"r":297,"__children":[]},{"nodeName":"S","nodeValue":null,"attributes":{"d":"5632"},"childNodes":[],"prefix":null,"localName":"S","tagName":"S","d":5632,"__children":[]}],"__children":[{"nodeName":"S","nodeValue":null,"attributes":{"t":"0","d":"24576","r":"297"},"childNodes":[],"prefix":null,"localName":"S","tagName":"S","t":0,"d":24576,"r":297,"__children":[]},{"nodeName":"S","nodeValue":null,"attributes":{"d":"5632"},"childNodes":[],"prefix":null,"localName":"S","tagName":"S","d":5632,"__children":[]}]},"__children":[{"nodeName":"SegmentTimeline","nodeValue":null,"attributes":{},"childNodes":[{"nodeName":"S","nodeValue":null,"attributes":{"t":"0","d":"24576","r":"297"},"childNodes":[],"prefix":null,"localName":"S","tagName":"S","t":0,"d":24576,"r":297,"__children":[]},{"nodeName":"S","nodeValue":null,"attributes":{"d":"5632"},"childNodes":[],"prefix":null,"localName":"S","tagName":"S","d":5632,"__children":[]}],"prefix":null,"localName":"SegmentTimeline","tagName":"SegmentTimeline","S":[{"nodeName":"S","nodeValue":null,"attributes":{"t":"0","d":"24576","r":"297"},"childNodes":[],"prefix":null,"localName":"S","tagName":"S","t":0,"d":24576,"r":297,"__children":[]},{"nodeName":"S","nodeValue":null,"attributes":{"d":"5632"},"childNodes":[],"prefix":null,"localName":"S","tagName":"S","d":5632,"__children":[]}],"__children":[{"nodeName":"S","nodeValue":null,"attributes":{"t":"0","d":"24576","r":"297"},"childNodes":[],"prefix":null,"localName":"S","tagName":"S","t":0,"d":24576,"r":297,"__children":[]},{"nodeName":"S","nodeValue":null,"attributes":{"d":"5632"},"childNodes":[],"prefix":null,"localName":"S","tagName":"S","d":5632,"__children":[]}]}]}]},{"nodeName":"Representation","nodeValue":null,"attributes":{"id":"3","mimeType":"video/mp4","codecs":"avc1.64001f","bandwidth":"600000","width":"480","height":"270","frameRate":"24/1"},"childNodes":[{"nodeName":"SegmentTemplate","nodeValue":null,"attributes":{"timescale":"12288","initialization":"ll2s-init-stream$RepresentationID$.m4s","media":"ll2s-chunk-stream$RepresentationID$-$Number%05d$.m4s","startNumber":"1"},"childNodes":[{"nodeName":"SegmentTimeline","nodeValue":null,"attributes":{},"childNodes":[{"nodeName":"S","nodeValue":null,"attributes":{"t":"0","d":"24576","r":"297"},"childNodes":[],"prefix":null,"localName":"S","tagName":"S","t":0,"d":24576,"r":297,"__children":[]},{"nodeName":"S","nodeValue":null,"attributes":{"d":"5632"},"childNodes":[],"prefix":null,"localName":"S","tagName":"S","d":5632,"__children":[]}],"prefix":null,"localName":"SegmentTimeline","tagName":"SegmentTimeline","S":[{"nodeName":"S","nodeValue":null,"attributes":{"t":"0","d":"24576","r":"297"},"childNodes":[],"prefix":null,"localName":"S","tagName":"S","t":0,"d":24576,"r":297,"__children":[]},{"nodeName":"S","nodeValue":null,"attributes":{"d":"5632"},"childNodes":[],"prefix":null,"localName":"S","tagName":"S","d":5632,"__children":[]}],"__children":[{"nodeName":"S","nodeValue":null,"attributes":{"t":"0","d":"24576","r":"297"},"childNodes":[],"prefix":null,"localName":"S","tagName":"S","t":0,"d":24576,"r":297,"__children":[]},{"nodeName":"S","nodeValue":null,"attributes":{"d":"5632"},"childNodes":[],"prefix":null,"localName":"S","tagName":"S","d":5632,"__children":[]}]}],"prefix":null,"localName":"SegmentTemplate","tagName":"SegmentTemplate","timescale":12288,"initialization":"ll2s-init-stream$RepresentationID$.m4s","media":"ll2s-chunk-stream$RepresentationID$-$Number%05d$.m4s","startNumber":1,"SegmentTimeline":{"nodeName":"SegmentTimeline","nodeValue":null,"attributes":{},"childNodes":[{"nodeName":"S","nodeValue":null,"attributes":{"t":"0","d":"24576","r":"297"},"childNodes":[],"prefix":null,"localName":"S","tagName":"S","t":0,"d":24576,"r":297,"__children":[]},{"nodeName":"S","nodeValue":null,"attributes":{"d":"5632"},"childNodes":[],"prefix":null,"localName":"S","tagName":"S","d":5632,"__children":[]}],"prefix":null,"localName":"SegmentTimeline","tagName":"SegmentTimeline","S":[{"nodeName":"S","nodeValue":null,"attributes":{"t":"0","d":"24576","r":"297"},"childNodes":[],"prefix":null,"localName":"S","tagName":"S","t":0,"d":24576,"r":297,"__children":[]},{"nodeName":"S","nodeValue":null,"attributes":{"d":"5632"},"childNodes":[],"prefix":null,"localName":"S","tagName":"S","d":5632,"__children":[]}],"__children":[{"nodeName":"S","nodeValue":null,"attributes":{"t":"0","d":"24576","r":"297"},"childNodes":[],"prefix":null,"localName":"S","tagName":"S","t":0,"d":24576,"r":297,"__children":[]},{"nodeName":"S","nodeValue":null,"attributes":{"d":"5632"},"childNodes":[],"prefix":null,"localName":"S","tagName":"S","d":5632,"__children":[]}]},"__children":[{"nodeName":"SegmentTimeline","nodeValue":null,"attributes":{},"childNodes":[{"nodeName":"S","nodeValue":null,"attributes":{"t":"0","d":"24576","r":"297"},"childNodes":[],"prefix":null,"localName":"S","tagName":"S","t":0,"d":24576,"r":297,"__children":[]},{"nodeName":"S","nodeValue":null,"attributes":{"d":"5632"},"childNodes":[],"prefix":null,"localName":"S","tagName":"S","d":5632,"__children":[]}],"prefix":null,"localName":"SegmentTimeline","tagName":"SegmentTimeline","S":[{"nodeName":"S","nodeValue":null,"attributes":{"t":"0","d":"24576","r":"297"},"childNodes":[],"prefix":null,"localName":"S","tagName":"S","t":0,"d":24576,"r":297,"__children":[]},{"nodeName":"S","nodeValue":null,"attributes":{"d":"5632"},"childNodes":[],"prefix":null,"localName":"S","tagName":"S","d":5632,"__children":[]}],"__children":[{"nodeName":"S","nodeValue":null,"attributes":{"t":"0","d":"24576","r":"297"},"childNodes":[],"prefix":null,"localName":"S","tagName":"S","t":0,"d":24576,"r":297,"__children":[]},{"nodeName":"S","nodeValue":null,"attributes":{"d":"5632"},"childNodes":[],"prefix":null,"localName":"S","tagName":"S","d":5632,"__children":[]}]}]}],"prefix":null,"localName":"Representation","tagName":"Representation","id":"3","mimeType":"video/mp4","codecs":"avc1.64001f","bandwidth":600000,"width":480,"height":270,"frameRate":"24/1","SegmentTemplate":{"nodeName":"SegmentTemplate","nodeValue":null,"attributes":{"timescale":"12288","initialization":"ll2s-init-stream$RepresentationID$.m4s","media":"ll2s-chunk-stream$RepresentationID$-$Number%05d$.m4s","startNumber":"1"},"childNodes":[{"nodeName":"SegmentTimeline","nodeValue":null,"attributes":{},"childNodes":[{"nodeName":"S","nodeValue":null,"attributes":{"t":"0","d":"24576","r":"297"},"childNodes":[],"prefix":null,"localName":"S","tagName":"S","t":0,"d":24576,"r":297,"__children":[]},{"nodeName":"S","nodeValue":null,"attributes":{"d":"5632"},"childNodes":[],"prefix":null,"localName":"S","tagName":"S","d":5632,"__children":[]}],"prefix":null,"localName":"SegmentTimeline","tagName":"SegmentTimeline","S":[{"nodeName":"S","nodeValue":null,"attributes":{"t":"0","d":"24576","r":"297"},"childNodes":[],"prefix":null,"localName":"S","tagName":"S","t":0,"d":24576,"r":297,"__children":[]},{"nodeName":"S","nodeValue":null,"attributes":{"d":"5632"},"childNodes":[],"prefix":null,"localName":"S","tagName":"S","d":5632,"__children":[]}],"__children":[{"nodeName":"S","nodeValue":null,"attributes":{"t":"0","d":"24576","r":"297"},"childNodes":[],"prefix":null,"localName":"S","tagName":"S","t":0,"d":24576,"r":297,"__children":[]},{"nodeName":"S","nodeValue":null,"attributes":{"d":"5632"},"childNodes":[],"prefix":null,"localName":"S","tagName":"S","d":5632,"__children":[]}]}],"prefix":null,"localName":"SegmentTemplate","tagName":"SegmentTemplate","timescale":12288,"initialization":"ll2s-init-stream$RepresentationID$.m4s","media":"ll2s-chunk-stream$RepresentationID$-$Number%05d$.m4s","startNumber":1,"SegmentTimeline":{"nodeName":"SegmentTimeline","nodeValue":null,"attributes":{},"childNodes":[{"nodeName":"S","nodeValue":null,"attributes":{"t":"0","d":"24576","r":"297"},"childNodes":[],"prefix":null,"localName":"S","tagName":"S","t":0,"d":24576,"r":297,"__children":[]},{"nodeName":"S","nodeValue":null,"attributes":{"d":"5632"},"childNodes":[],"prefix":null,"localName":"S","tagName":"S","d":5632,"__children":[]}],"prefix":null,"localName":"SegmentTimeline","tagName":"SegmentTimeline","S":[{"nodeName":"S","nodeValue":null,"attributes":{"t":"0","d":"24576","r":"297"},"childNodes":[],"prefix":null,"localName":"S","tagName":"S","t":0,"d":24576,"r":297,"__children":[]},{"nodeName":"S","nodeValue":null,"attributes":{"d":"5632"},"childNodes":[],"prefix":null,"localName":"S","tagName":"S","d":5632,"__children":[]}],"__children":[{"nodeName":"S","nodeValue":null,"attributes":{"t":"0","d":"24576","r":"297"},"childNodes":[],"prefix":null,"localName":"S","tagName":"S","t":0,"d":24576,"r":297,"__children":[]},{"nodeName":"S","nodeValue":null,"attributes":{"d":"5632"},"childNodes":[],"prefix":null,"localName":"S","tagName":"S","d":5632,"__children":[]}]},"__children":[{"nodeName":"SegmentTimeline","nodeValue":null,"attributes":{},"childNodes":[{"nodeName":"S","nodeValue":null,"attributes":{"t":"0","d":"24576","r":"297"},"childNodes":[],"prefix":null,"localName":"S","tagName":"S","t":0,"d":24576,"r":297,"__children":[]},{"nodeName":"S","nodeValue":null,"attributes":{"d":"5632"},"childNodes":[],"prefix":null,"localName":"S","tagName":"S","d":5632,"__children":[]}],"prefix":null,"localName":"SegmentTimeline","tagName":"SegmentTimeline","S":[{"nodeName":"S","nodeValue":null,"attributes":{"t":"0","d":"24576","r":"297"},"childNodes":[],"prefix":null,"localName":"S","tagName":"S","t":0,"d":24576,"r":297,"__children":[]},{"nodeName":"S","nodeValue":null,"attributes":{"d":"5632"},"childNodes":[],"prefix":null,"localName":"S","tagName":"S","d":5632,"__children":[]}],"__children":[{"nodeName":"S","nodeValue":null,"attributes":{"t":"0","d":"24576","r":"297"},"childNodes":[],"prefix":null,"localName":"S","tagName":"S","t":0,"d":24576,"r":297,"__children":[]},{"nodeName":"S","nodeValue":null,"attributes":{"d":"5632"},"childNodes":[],"prefix":null,"localName":"S","tagName":"S","d":5632,"__children":[]}]}]},"__children":[{"nodeName":"SegmentTemplate","nodeValue":null,"attributes":{"timescale":"12288","initialization":"ll2s-init-stream$RepresentationID$.m4s","media":"ll2s-chunk-stream$RepresentationID$-$Number%05d$.m4s","startNumber":"1"},"childNodes":[{"nodeName":"SegmentTimeline","nodeValue":null,"attributes":{},"childNodes":[{"nodeName":"S","nodeValue":null,"attributes":{"t":"0","d":"24576","r":"297"},"childNodes":[],"prefix":null,"localName":"S","tagName":"S","t":0,"d":24576,"r":297,"__children":[]},{"nodeName":"S","nodeValue":null,"attributes":{"d":"5632"},"childNodes":[],"prefix":null,"localName":"S","tagName":"S","d":5632,"__children":[]}],"prefix":null,"localName":"SegmentTimeline","tagName":"SegmentTimeline","S":[{"nodeName":"S","nodeValue":null,"attributes":{"t":"0","d":"24576","r":"297"},"childNodes":[],"prefix":null,"localName":"S","tagName":"S","t":0,"d":24576,"r":297,"__children":[]},{"nodeName":"S","nodeValue":null,"attributes":{"d":"5632"},"childNodes":[],"prefix":null,"localName":"S","tagName":"S","d":5632,"__children":[]}],"__children":[{"nodeName":"S","nodeValue":null,"attributes":{"t":"0","d":"24576","r":"297"},"childNodes":[],"prefix":null,"localName":"S","tagName":"S","t":0,"d":24576,"r":297,"__children":[]},{"nodeName":"S","nodeValue":null,"attributes":{"d":"5632"},"childNodes":[],"prefix":null,"localName":"S","tagName":"S","d":5632,"__children":[]}]}],"prefix":null,"localName":"SegmentTemplate","tagName":"SegmentTemplate","timescale":12288,"initialization":"ll2s-init-stream$RepresentationID$.m4s","media":"ll2s-chunk-stream$RepresentationID$-$Number%05d$.m4s","startNumber":1,"SegmentTimeline":{"nodeName":"SegmentTimeline","nodeValue":null,"attributes":{},"childNodes":[{"nodeName":"S","nodeValue":null,"attributes":{"t":"0","d":"24576","r":"297"},"childNodes":[],"prefix":null,"localName":"S","tagName":"S","t":0,"d":24576,"r":297,"__children":[]},{"nodeName":"S","nodeValue":null,"attributes":{"d":"5632"},"childNodes":[],"prefix":null,"localName":"S","tagName":"S","d":5632,"__children":[]}],"prefix":null,"localName":"SegmentTimeline","tagName":"SegmentTimeline","S":[{"nodeName":"S","nodeValue":null,"attributes":{"t":"0","d":"24576","r":"297"},"childNodes":[],"prefix":null,"localName":"S","tagName":"S","t":0,"d":24576,"r":297,"__children":[]},{"nodeName":"S","nodeValue":null,"attributes":{"d":"5632"},"childNodes":[],"prefix":null,"localName":"S","tagName":"S","d":5632,"__children":[]}],"__children":[{"nodeName":"S","nodeValue":null,"attributes":{"t":"0","d":"24576","r":"297"},"childNodes":[],"prefix":null,"localName":"S","tagName":"S","t":0,"d":24576,"r":297,"__children":[]},{"nodeName":"S","nodeValue":null,"attributes":{"d":"5632"},"childNodes":[],"prefix":null,"localName":"S","tagName":"S","d":5632,"__children":[]}]},"__children":[{"nodeName":"SegmentTimeline","nodeValue":null,"attributes":{},"childNodes":[{"nodeName":"S","nodeValue":null,"attributes":{"t":"0","d":"24576","r":"297"},"childNodes":[],"prefix":null,"localName":"S","tagName":"S","t":0,"d":24576,"r":297,"__children":[]},{"nodeName":"S","nodeValue":null,"attributes":{"d":"5632"},"childNodes":[],"prefix":null,"localName":"S","tagName":"S","d":5632,"__children":[]}],"prefix":null,"localName":"SegmentTimeline","tagName":"SegmentTimeline","S":[{"nodeName":"S","nodeValue":null,"attributes":{"t":"0","d":"24576","r":"297"},"childNodes":[],"prefix":null,"localName":"S","tagName":"S","t":0,"d":24576,"r":297,"__children":[]},{"nodeName":"S","nodeValue":null,"attributes":{"d":"5632"},"childNodes":[],"prefix":null,"localName":"S","tagName":"S","d":5632,"__children":[]}],"__children":[{"nodeName":"S","nodeValue":null,"attributes":{"t":"0","d":"24576","r":"297"},"childNodes":[],"prefix":null,"localName":"S","tagName":"S","t":0,"d":24576,"r":297,"__children":[]},{"nodeName":"S","nodeValue":null,"attributes":{"d":"5632"},"childNodes":[],"prefix":null,"localName":"S","tagName":"S","d":5632,"__children":[]}]}]}]},{"nodeName":"Representation","nodeValue":null,"attributes":{"id":"4","mimeType":"video/mp4","codecs":"avc1.64001f","bandwidth":"800000","width":"640","height":"360","frameRate":"24/1"},"childNodes":[{"nodeName":"SegmentTemplate","nodeValue":null,"attributes":{"timescale":"12288","initialization":"ll2s-init-stream$RepresentationID$.m4s","media":"ll2s-chunk-stream$RepresentationID$-$Number%05d$.m4s","startNumber":"1"},"childNodes":[{"nodeName":"SegmentTimeline","nodeValue":null,"attributes":{},"childNodes":[{"nodeName":"S","nodeValue":null,"attributes":{"t":"0","d":"24576","r":"297"},"childNodes":[],"prefix":null,"localName":"S","tagName":"S","t":0,"d":24576,"r":297,"__children":[]},{"nodeName":"S","nodeValue":null,"attributes":{"d":"5632"},"childNodes":[],"prefix":null,"localName":"S","tagName":"S","d":5632,"__children":[]}],"prefix":null,"localName":"SegmentTimeline","tagName":"SegmentTimeline","S":[{"nodeName":"S","nodeValue":null,"attributes":{"t":"0","d":"24576","r":"297"},"childNodes":[],"prefix":null,"localName":"S","tagName":"S","t":0,"d":24576,"r":297,"__children":[]},{"nodeName":"S","nodeValue":null,"attributes":{"d":"5632"},"childNodes":[],"prefix":null,"localName":"S","tagName":"S","d":5632,"__children":[]}],"__children":[{"nodeName":"S","nodeValue":null,"attributes":{"t":"0","d":"24576","r":"297"},"childNodes":[],"prefix":null,"localName":"S","tagName":"S","t":0,"d":24576,"r":297,"__children":[]},{"nodeName":"S","nodeValue":null,"attributes":{"d":"5632"},"childNodes":[],"prefix":null,"localName":"S","tagName":"S","d":5632,"__children":[]}]}],"prefix":null,"localName":"SegmentTemplate","tagName":"SegmentTemplate","timescale":12288,"initialization":"ll2s-init-stream$RepresentationID$.m4s","media":"ll2s-chunk-stream$RepresentationID$-$Number%05d$.m4s","startNumber":1,"SegmentTimeline":{"nodeName":"SegmentTimeline","nodeValue":null,"attributes":{},"childNodes":[{"nodeName":"S","nodeValue":null,"attributes":{"t":"0","d":"24576","r":"297"},"childNodes":[],"prefix":null,"localName":"S","tagName":"S","t":0,"d":24576,"r":297,"__children":[]},{"nodeName":"S","nodeValue":null,"attributes":{"d":"5632"},"childNodes":[],"prefix":null,"localName":"S","tagName":"S","d":5632,"__children":[]}],"prefix":null,"localName":"SegmentTimeline","tagName":"SegmentTimeline","S":[{"nodeName":"S","nodeValue":null,"attributes":{"t":"0","d":"24576","r":"297"},"childNodes":[],"prefix":null,"localName":"S","tagName":"S","t":0,"d":24576,"r":297,"__children":[]},{"nodeName":"S","nodeValue":null,"attributes":{"d":"5632"},"childNodes":[],"prefix":null,"localName":"S","tagName":"S","d":5632,"__children":[]}],"__children":[{"nodeName":"S","nodeValue":null,"attributes":{"t":"0","d":"24576","r":"297"},"childNodes":[],"prefix":null,"localName":"S","tagName":"S","t":0,"d":24576,"r":297,"__children":[]},{"nodeName":"S","nodeValue":null,"attributes":{"d":"5632"},"childNodes":[],"prefix":null,"localName":"S","tagName":"S","d":5632,"__children":[]}]},"__children":[{"nodeName":"SegmentTimeline","nodeValue":null,"attributes":{},"childNodes":[{"nodeName":"S","nodeValue":null,"attributes":{"t":"0","d":"24576","r":"297"},"childNodes":[],"prefix":null,"localName":"S","tagName":"S","t":0,"d":24576,"r":297,"__children":[]},{"nodeName":"S","nodeValue":null,"attributes":{"d":"5632"},"childNodes":[],"prefix":null,"localName":"S","tagName":"S","d":5632,"__children":[]}],"prefix":null,"localName":"SegmentTimeline","tagName":"SegmentTimeline","S":[{"nodeName":"S","nodeValue":null,"attributes":{"t":"0","d":"24576","r":"297"},"childNodes":[],"prefix":null,"localName":"S","tagName":"S","t":0,"d":24576,"r":297,"__children":[]},{"nodeName":"S","nodeValue":null,"attributes":{"d":"5632"},"childNodes":[],"prefix":null,"localName":"S","tagName":"S","d":5632,"__children":[]}],"__children":[{"nodeName":"S","nodeValue":null,"attributes":{"t":"0","d":"24576","r":"297"},"childNodes":[],"prefix":null,"localName":"S","tagName":"S","t":0,"d":24576,"r":297,"__children":[]},{"nodeName":"S","nodeValue":null,"attributes":{"d":"5632"},"childNodes":[],"prefix":null,"localName":"S","tagName":"S","d":5632,"__children":[]}]}]}],"prefix":null,"localName":"Representation","tagName":"Representation","id":"4","mimeType":"video/mp4","codecs":"avc1.64001f","bandwidth":800000,"width":640,"height":360,"frameRate":"24/1","SegmentTemplate":{"nodeName":"SegmentTemplate","nodeValue":null,"attributes":{"timescale":"12288","initialization":"ll2s-init-stream$RepresentationID$.m4s","media":"ll2s-chunk-stream$RepresentationID$-$Number%05d$.m4s","startNumber":"1"},"childNodes":[{"nodeName":"SegmentTimeline","nodeValue":null,"attributes":{},"childNodes":[{"nodeName":"S","nodeValue":null,"attributes":{"t":"0","d":"24576","r":"297"},"childNodes":[],"prefix":null,"localName":"S","tagName":"S","t":0,"d":24576,"r":297,"__children":[]},{"nodeName":"S","nodeValue":null,"attributes":{"d":"5632"},"childNodes":[],"prefix":null,"localName":"S","tagName":"S","d":5632,"__children":[]}],"prefix":null,"localName":"SegmentTimeline","tagName":"SegmentTimeline","S":[{"nodeName":"S","nodeValue":null,"attributes":{"t":"0","d":"24576","r":"297"},"childNodes":[],"prefix":null,"localName":"S","tagName":"S","t":0,"d":24576,"r":297,"__children":[]},{"nodeName":"S","nodeValue":null,"attributes":{"d":"5632"},"childNodes":[],"prefix":null,"localName":"S","tagName":"S","d":5632,"__children":[]}],"__children":[{"nodeName":"S","nodeValue":null,"attributes":{"t":"0","d":"24576","r":"297"},"childNodes":[],"prefix":null,"localName":"S","tagName":"S","t":0,"d":24576,"r":297,"__children":[]},{"nodeName":"S","nodeValue":null,"attributes":{"d":"5632"},"childNodes":[],"prefix":null,"localName":"S","tagName":"S","d":5632,"__children":[]}]}],"prefix":null,"localName":"SegmentTemplate","tagName":"SegmentTemplate","timescale":12288,"initialization":"ll2s-init-stream$RepresentationID$.m4s","media":"ll2s-chunk-stream$RepresentationID$-$Number%05d$.m4s","startNumber":1,"SegmentTimeline":{"nodeName":"SegmentTimeline","nodeValue":null,"attributes":{},"childNodes":[{"nodeName":"S","nodeValue":null,"attributes":{"t":"0","d":"24576","r":"297"},"childNodes":[],"prefix":null,"localName":"S","tagName":"S","t":0,"d":24576,"r":297,"__children":[]},{"nodeName":"S","nodeValue":null,"attributes":{"d":"5632"},"childNodes":[],"prefix":null,"localName":"S","tagName":"S","d":5632,"__children":[]}],"prefix":null,"localName":"SegmentTimeline","tagName":"SegmentTimeline","S":[{"nodeName":"S","nodeValue":null,"attributes":{"t":"0","d":"24576","r":"297"},"childNodes":[],"prefix":null,"localName":"S","tagName":"S","t":0,"d":24576,"r":297,"__children":[]},{"nodeName":"S","nodeValue":null,"attributes":{"d":"5632"},"childNodes":[],"prefix":null,"localName":"S","tagName":"S","d":5632,"__children":[]}],"__children":[{"nodeName":"S","nodeValue":null,"attributes":{"t":"0","d":"24576","r":"297"},"childNodes":[],"prefix":null,"localName":"S","tagName":"S","t":0,"d":24576,"r":297,"__children":[]},{"nodeName":"S","nodeValue":null,"attributes":{"d":"5632"},"childNodes":[],"prefix":null,"localName":"S","tagName":"S","d":5632,"__children":[]}]},"__children":[{"nodeName":"SegmentTimeline","nodeValue":null,"attributes":{},"childNodes":[{"nodeName":"S","nodeValue":null,"attributes":{"t":"0","d":"24576","r":"297"},"childNodes":[],"prefix":null,"localName":"S","tagName":"S","t":0,"d":24576,"r":297,"__children":[]},{"nodeName":"S","nodeValue":null,"attributes":{"d":"5632"},"childNodes":[],"prefix":null,"localName":"S","tagName":"S","d":5632,"__children":[]}],"prefix":null,"localName":"SegmentTimeline","tagName":"SegmentTimeline","S":[{"nodeName":"S","nodeValue":null,"attributes":{"t":"0","d":"24576","r":"297"},"childNodes":[],"prefix":null,"localName":"S","tagName":"S","t":0,"d":24576,"r":297,"__children":[]},{"nodeName":"S","nodeValue":null,"attributes":{"d":"5632"},"childNodes":[],"prefix":null,"localName":"S","tagName":"S","d":5632,"__children":[]}],"__children":[{"nodeName":"S","nodeValue":null,"attributes":{"t":"0","d":"24576","r":"297"},"childNodes":[],"prefix":null,"localName":"S","tagName":"S","t":0,"d":24576,"r":297,"__children":[]},{"nodeName":"S","nodeValue":null,"attributes":{"d":"5632"},"childNodes":[],"prefix":null,"localName":"S","tagName":"S","d":5632,"__children":[]}]}]},"__children":[{"nodeName":"SegmentTemplate","nodeValue":null,"attributes":{"timescale":"12288","initialization":"ll2s-init-stream$RepresentationID$.m4s","media":"ll2s-chunk-stream$RepresentationID$-$Number%05d$.m4s","startNumber":"1"},"childNodes":[{"nodeName":"SegmentTimeline","nodeValue":null,"attributes":{},"childNodes":[{"nodeName":"S","nodeValue":null,"attributes":{"t":"0","d":"24576","r":"297"},"childNodes":[],"prefix":null,"localName":"S","tagName":"S","t":0,"d":24576,"r":297,"__children":[]},{"nodeName":"S","nodeValue":null,"attributes":{"d":"5632"},"childNodes":[],"prefix":null,"localName":"S","tagName":"S","d":5632,"__children":[]}],"prefix":null,"localName":"SegmentTimeline","tagName":"SegmentTimeline","S":[{"nodeName":"S","nodeValue":null,"attributes":{"t":"0","d":"24576","r":"297"},"childNodes":[],"prefix":null,"localName":"S","tagName":"S","t":0,"d":24576,"r":297,"__children":[]},{"nodeName":"S","nodeValue":null,"attributes":{"d":"5632"},"childNodes":[],"prefix":null,"localName":"S","tagName":"S","d":5632,"__children":[]}],"__children":[{"nodeName":"S","nodeValue":null,"attributes":{"t":"0","d":"24576","r":"297"},"childNodes":[],"prefix":null,"localName":"S","tagName":"S","t":0,"d":24576,"r":297,"__children":[]},{"nodeName":"S","nodeValue":null,"attributes":{"d":"5632"},"childNodes":[],"prefix":null,"localName":"S","tagName":"S","d":5632,"__children":[]}]}],"prefix":null,"localName":"SegmentTemplate","tagName":"SegmentTemplate","timescale":12288,"initialization":"ll2s-init-stream$RepresentationID$.m4s","media":"ll2s-chunk-stream$RepresentationID$-$Number%05d$.m4s","startNumber":1,"SegmentTimeline":{"nodeName":"SegmentTimeline","nodeValue":null,"attributes":{},"childNodes":[{"nodeName":"S","nodeValue":null,"attributes":{"t":"0","d":"24576","r":"297"},"childNodes":[],"prefix":null,"localName":"S","tagName":"S","t":0,"d":24576,"r":297,"__children":[]},{"nodeName":"S","nodeValue":null,"attributes":{"d":"5632"},"childNodes":[],"prefix":null,"localName":"S","tagName":"S","d":5632,"__children":[]}],"prefix":null,"localName":"SegmentTimeline","tagName":"SegmentTimeline","S":[{"nodeName":"S","nodeValue":null,"attributes":{"t":"0","d":"24576","r":"297"},"childNodes":[],"prefix":null,"localName":"S","tagName":"S","t":0,"d":24576,"r":297,"__children":[]},{"nodeName":"S","nodeValue":null,"attributes":{"d":"5632"},"childNodes":[],"prefix":null,"localName":"S","tagName":"S","d":5632,"__children":[]}],"__children":[{"nodeName":"S","nodeValue":null,"attributes":{"t":"0","d":"24576","r":"297"},"childNodes":[],"prefix":null,"localName":"S","tagName":"S","t":0,"d":24576,"r":297,"__children":[]},{"nodeName":"S","nodeValue":null,"attributes":{"d":"5632"},"childNodes":[],"prefix":null,"localName":"S","tagName":"S","d":5632,"__children":[]}]},"__children":[{"nodeName":"SegmentTimeline","nodeValue":null,"attributes":{},"childNodes":[{"nodeName":"S","nodeValue":null,"attributes":{"t":"0","d":"24576","r":"297"},"childNodes":[],"prefix":null,"localName":"S","tagName":"S","t":0,"d":24576,"r":297,"__children":[]},{"nodeName":"S","nodeValue":null,"attributes":{"d":"5632"},"childNodes":[],"prefix":null,"localName":"S","tagName":"S","d":5632,"__children":[]}],"prefix":null,"localName":"SegmentTimeline","tagName":"SegmentTimeline","S":[{"nodeName":"S","nodeValue":null,"attributes":{"t":"0","d":"24576","r":"297"},"childNodes":[],"prefix":null,"localName":"S","tagName":"S","t":0,"d":24576,"r":297,"__children":[]},{"nodeName":"S","nodeValue":null,"attributes":{"d":"5632"},"childNodes":[],"prefix":null,"localName":"S","tagName":"S","d":5632,"__children":[]}],"__children":[{"nodeName":"S","nodeValue":null,"attributes":{"t":"0","d":"24576","r":"297"},"childNodes":[],"prefix":null,"localName":"S","tagName":"S","t":0,"d":24576,"r":297,"__children":[]},{"nodeName":"S","nodeValue":null,"attributes":{"d":"5632"},"childNodes":[],"prefix":null,"localName":"S","tagName":"S","d":5632,"__children":[]}]}]}]},{"nodeName":"Representation","nodeValue":null,"attributes":{"id":"5","mimeType":"video/mp4","codecs":"avc1.64001f","bandwidth":"1200000","width":"640","height":"360","frameRate":"24/1"},"childNodes":[{"nodeName":"SegmentTemplate","nodeValue":null,"attributes":{"timescale":"12288","initialization":"ll2s-init-stream$RepresentationID$.m4s","media":"ll2s-chunk-stream$RepresentationID$-$Number%05d$.m4s","startNumber":"1"},"childNodes":[{"nodeName":"SegmentTimeline","nodeValue":null,"attributes":{},"childNodes":[{"nodeName":"S","nodeValue":null,"attributes":{"t":"0","d":"24576","r":"297"},"childNodes":[],"prefix":null,"localName":"S","tagName":"S","t":0,"d":24576,"r":297,"__children":[]},{"nodeName":"S","nodeValue":null,"attributes":{"d":"5632"},"childNodes":[],"prefix":null,"localName":"S","tagName":"S","d":5632,"__children":[]}],"prefix":null,"localName":"SegmentTimeline","tagName":"SegmentTimeline","S":[{"nodeName":"S","nodeValue":null,"attributes":{"t":"0","d":"24576","r":"297"},"childNodes":[],"prefix":null,"localName":"S","tagName":"S","t":0,"d":24576,"r":297,"__children":[]},{"nodeName":"S","nodeValue":null,"attributes":{"d":"5632"},"childNodes":[],"prefix":null,"localName":"S","tagName":"S","d":5632,"__children":[]}],"__children":[{"nodeName":"S","nodeValue":null,"attributes":{"t":"0","d":"24576","r":"297"},"childNodes":[],"prefix":null,"localName":"S","tagName":"S","t":0,"d":24576,"r":297,"__children":[]},{"nodeName":"S","nodeValue":null,"attributes":{"d":"5632"},"childNodes":[],"prefix":null,"localName":"S","tagName":"S","d":5632,"__children":[]}]}],"prefix":null,"localName":"SegmentTemplate","tagName":"SegmentTemplate","timescale":12288,"initialization":"ll2s-init-stream$RepresentationID$.m4s","media":"ll2s-chunk-stream$RepresentationID$-$Number%05d$.m4s","startNumber":1,"SegmentTimeline":{"nodeName":"SegmentTimeline","nodeVa   t=113s | buffer: 0.1s | bitrate: 100 kbps | tp: 0 kbps | trace_bw: 0 kbps

======================================================================
  BENCHMARK RESULTS (LLDASH-GPAC / dash.js / BOLA)
======================================================================

  [TIMING]
      Startup delay:     1,665 ms
      Playback time:     21.9 s

  [BITRATE]
      Average (selected):  100 kbps
      Average (effective): 18 kbps
      Min / Max:           100 / 100 kbps
      Median:              100 kbps
      Std deviation:       0.0 kbps
      Variance:            0.0
      25th/75th %ile:      100 / 100 kbps

  [SWITCHES]
      Total count:       0
      Up / Down:         0 / 0
      Avg magnitude:     0 kbps

  [REBUFFERING]
      Events:            9
      Total time:        99,878 ms
      Ratio:             82.0245%
      Frequency:         24.671 per minute
      Avg duration:      720 ms
      Max duration:      1,855 ms

  [THROUGHPUT]
      Average:           1,833 kbps
      Median:            0 kbps
      Min / Max:         0 / 52,673 kbps
      Std deviation:     7,974.8 kbps

  [AVAILABLE BW (trace)]
      Average:           1,833 kbps
      Min / Max:         0 / 52,673 kbps

  [BUFFER]
      Average level:     0.4 s
      Min / Max:         0.1 / 5.1 s

  [UTILIZATION]
      Bandwidth:         0.0%

======================================================================

[SAVED] results/results/run_all_20260525_151403/lldash-gpac_5g-ireland/benchmark_lldash-gpac_netflix_static_season3-strangerthings_B_2019_12_03_08_02_05_tc_20260525_211343.json

──────────────────────────────────────────────────────────────────────
  [81/83] netflix_static_season3-strangerthings_B_2019_12_04_12_46_14_tc.csv
──────────────────────────────────────────────────────────────────────
[TRACE] netflix_static_season3-strangerthings_B_2019_12_04_12_46_14_tc.csv
[LLDASH-GPAC] Trace file ready; gpac_server uses in-process bandwidth pacing.

======================================================================
  LLDASH-GPAC Streaming QoE Benchmark (dash.js / BOLA)
======================================================================
  Server: http://localhost:8082/player.html?mpd=http://localhost:8082/manifest.mpd
======================================================================

[TRACE] Loaded 3328 entries with bandwidth
[BROWSER] Launching headless Chromium...
[BROWSER] Waiting for playback to start...
   Startup delay: 1687ms

[PLAYBACK] Collecting metrics...
   t=10s | buffer: 0.8s | bitrate: 100 kbps | tp: 3448 kbps | trace_bw: 3448 kbps
   t=20s | buffer: 0.1s | bitrate: 100 kbps | tp: 15002 kbps | trace_bw: 15002 kbps
   t=31s | buffer: 3.3s | bitrate: 100 kbps | tp: 19134 kbps | trace_bw: 19134 kbps
   t=41s | buffer: 0.1s | bitrate: 100 kbps | tp: 0 kbps | trace_bw: 0 kbps
   t=51s | buffer: 0.1s | bitrate: 100 kbps | tp: 0 kbps | trace_bw: 0 kbps
   t=61s | buffer: 0.1s | bitrate: 100 kbps | tp: 0 kbps | trace_bw: 0 kbps
   t=72s | buffer: 0.1s | bitrate: 100 kbps | tp: 0 kbps | trace_bw: 0 kbps
   t=82s | buffer: 0.1s | bitrate: 100 kbps | tp: 0 kbps | trace_bw: 0 kbps
   t=92s | buffer: 0.3s | bitrate: 100 kbps | tp: 0 kbps | trace_bw: 0 kbps
   t=102s | buffer: 0.1s | bitrate: 100 kbps | tp: 0 kbps | trace_bw: 0 kbps
   t=112s | buffer: 0.1s | bitrate: 100 kbps | tp: 0 kbps | trace_bw: 0 kbps

======================================================================
  BENCHMARK RESULTS (LLDASH-GPAC / dash.js / BOLA)
======================================================================

  [TIMING]
      Startup delay:     1,687 ms
      Playback time:     23.9 s

  [BITRATE]
      Average (selected):  100 kbps
      Average (effective): 20 kbps
      Min / Max:           100 / 100 kbps
      Median:              100 kbps
      Std deviation:       0.0 kbps
      Variance:            0.0
      25th/75th %ile:      100 / 100 kbps

  [SWITCHES]
      Total count:       0
      Up / Down:         0 / 0
      Avg magnitude:     0 kbps

  [REBUFFERING]
      Events:            9
      Total time:        98,179 ms
      Ratio:             80.4363%
      Frequency:         22.614 per minute
      Avg duration:      11,788 ms
      Max duration:      38,977 ms

  [THROUGHPUT]
      Average:           2,215 kbps
      Median:            0 kbps
      Min / Max:         0 / 27,042 kbps
      Std deviation:     5,234.9 kbps

  [AVAILABLE BW (trace)]
      Average:           2,215 kbps
      Min / Max:         0 / 27,042 kbps

  [BUFFER]
      Average level:     0.4 s
      Min / Max:         0.1 / 4.3 s

  [UTILIZATION]
      Bandwidth:         0.0%

======================================================================

[SAVED] results/results/run_all_20260525_151403/lldash-gpac_5g-ireland/benchmark_lldash-gpac_netflix_static_season3-strangerthings_B_2019_12_04_12_46_14_tc_20260525_211549.json

──────────────────────────────────────────────────────────────────────
  [82/83] netflix_static_season3-strangerthings_B_2019_12_06_09_55_13_tc.csv
──────────────────────────────────────────────────────────────────────
[TRACE] netflix_static_season3-strangerthings_B_2019_12_06_09_55_13_tc.csv
[LLDASH-GPAC] Trace file ready; gpac_server uses in-process bandwidth pacing.

======================================================================
  LLDASH-GPAC Streaming QoE Benchmark (dash.js / BOLA)
======================================================================
  Server: http://localhost:8082/player.html?mpd=http://localhost:8082/manifest.mpd
======================================================================

[TRACE] Loaded 6020 entries with bandwidth
[BROWSER] Launching headless Chromium...
[BROWSER] Waiting for playback to start...
   Startup delay: 1683ms

[PLAYBACK] Collecting metrics...
   t=10s | buffer: 2.2s | bitrate: 100 kbps | tp: 113826 kbps | trace_bw: 113826 kbps
   t=20s | buffer: 0.1s | bitrate: 100 kbps | tp: 0 kbps | trace_bw: 0 kbps
   t=31s | buffer: 0.1s | bitrate: 100 kbps | tp: 0 kbps | trace_bw: 0 kbps
   t=41s | buffer: 0.1s | bitrate: 100 kbps | tp: 0 kbps | trace_bw: 0 kbps
   t=51s | buffer: 0.1s | bitrate: 100 kbps | tp: 0 kbps | trace_bw: 0 kbps
   t=61s | buffer: 0.3s | bitrate: 100 kbps | tp: 0 kbps | trace_bw: 0 kbps
   t=71s | buffer: 0.1s | bitrate: 100 kbps | tp: 2 kbps | trace_bw: 2 kbps
   t=82s | buffer: 0.1s | bitrate: 100 kbps | tp: 0 kbps | trace_bw: 0 kbps
   t=92s | buffer: 0.1s | bitrate: 100 kbps | tp: 2 kbps | trace_bw: 2 kbps
   t=102s | buffer: 0.1s | bitrate: 100 kbps | tp: 11095 kbps | trace_bw: 11095 kbps
   t=112s | buffer: 0.1s | bitrate: 100 kbps | tp: 2 kbps | trace_bw: 2 kbps

======================================================================
  BENCHMARK RESULTS (LLDASH-GPAC / dash.js / BOLA)
======================================================================

  [TIMING]
      Startup delay:     1,683 ms
      Playback time:     23.9 s

  [BITRATE]
      Average (selected):  133 kbps
      Average (effective): 26 kbps
      Min / Max:           100 / 200 kbps
      Median:              100 kbps
      Std deviation:       47.1 kbps
      Variance:            2,222.2
      25th/75th %ile:      100 / 200 kbps

  [SWITCHES]
      Total count:       2
      Up / Down:         1 / 1
      Avg magnitude:     100 kbps

  [REBUFFERING]
      Events:            8
      Total time:        98,163 ms
      Ratio:             80.4205%
      Frequency:         20.084 per minute
      Avg duration:      6,583 ms
      Max duration:      36,473 ms

  [THROUGHPUT]
      Average:           2,886 kbps
      Median:            0 kbps
      Min / Max:         0 / 113,826 kbps
      Std deviation:     14,813.3 kbps

  [AVAILABLE BW (trace)]
      Average:           2,886 kbps
      Min / Max:         0 / 113,826 kbps

  [BUFFER]
      Average level:     0.6 s
      Min / Max:         0.1 / 6.7 s

  [UTILIZATION]
      Bandwidth:         0.0%

======================================================================

[SAVED] results/results/run_all_20260525_151403/lldash-gpac_5g-ireland/benchmark_lldash-gpac_netflix_static_season3-strangerthings_B_2019_12_06_09_55_13_tc_20260525_211754.json

──────────────────────────────────────────────────────────────────────
  [83/83] netflix_static_season3-strangerthings_B_2019_12_16_13_03_47_tc.csv
──────────────────────────────────────────────────────────────────────
[TRACE] netflix_static_season3-strangerthings_B_2019_12_16_13_03_47_tc.csv
[LLDASH-GPAC] Trace file ready; gpac_server uses in-process bandwidth pacing.

======================================================================
  LLDASH-GPAC Streaming QoE Benchmark (dash.js / BOLA)
======================================================================
  Server: http://localhost:8082/player.html?mpd=http://localhost:8082/manifest.mpd
======================================================================

[TRACE] Loaded 1815 entries with bandwidth
[BROWSER] Launching headless Chromium...
[BROWSER] Waiting for playback to start...
   Startup delay: 1692ms

[PLAYBACK] Collecting metrics...
   t=10s | buffer: 5.7s | bitrate: 100 kbps | tp: 366 kbps | trace_bw: 366 kbps
   t=20s | buffer: 0.1s | bitrate: 100 kbps | tp: 0 kbps | trace_bw: 0 kbps
   t=31s | buffer: 0.1s | bitrate: 100 kbps | tp: 0 kbps | trace_bw: 0 kbps
   t=41s | buffer: 0.1s | bitrate: 100 kbps | tp: 0 kbps | trace_bw: 0 kbps
   t=51s | buffer: 0.1s | bitrate: 100 kbps | tp: 0 kbps | trace_bw: 0 kbps
   t=61s | buffer: 0.1s | bitrate: 100 kbps | tp: 0 kbps | trace_bw: 0 kbps
   t=72s | buffer: 0.1s | bitrate: 100 kbps | tp: 0 kbps | trace_bw: 0 kbps
   t=82s | buffer: 0.1s | bitrate: 100 kbps | tp: 0 kbps | trace_bw: 0 kbps
   t=92s | buffer: 0.1s | bitrate: 100 kbps | tp: 0 kbps | trace_bw: 0 kbps
   t=102s | buffer: 0.1s | bitrate: 100 kbps | tp: 0 kbps | trace_bw: 0 kbps
[BROWSER-ERROR] dash.js error {"code":27,"message":"http://localhost:8082/ll2s-chunk-stream0-00012.m4s is not available","data":{"request":{"action":"download","availabilityEndTime":null,"availabilityStartTime":"2026-05-26T04:20:03.107Z","bandwidth":100000,"bytesLoaded":null,"bytesTotal":null,"delayLoadingTime":1779769230134,"duration":2,"endDate":"2026-05-26T04:21:53.164Z","firstByteDate":"2026-05-26T04:21:33.159Z","index":11,"isPartialSegmentRequest":false,"mediaStartTime":22,"mediaType":"video","presentationStartTime":22,"representation":{"absoluteIndex":0,"adaptation":{"period":{"id":"0","index":0,"duration":596.4,"start":0,"mpd":{"availabilityEndTime":null,"availabilityStartTime":"2026-05-26T04:20:03.107Z","manifest":{"nodeName":"MPD","nodeValue":null,"attributes":{"xmlns:xsi":"http://www.w3.org/2001/XMLSchema-instance","xmlns":"urn:mpeg:dash:schema:mpd:2011","xmlns:xlink":"http://www.w3.org/1999/xlink","xsi:schemaLocation":"urn:mpeg:DASH:schema:MPD:2011 http://standards.iso.org/ittf/PubliclyAvailableStandards/MPEG-DASH_schema_files/DASH-MPD.xsd","profiles":"urn:mpeg:dash:profile:isoff-live:2011","type":"static","mediaPresentationDuration":"PT9M56.4S","minBufferTime":"PT4.0S"},"childNodes":[{"nodeName":"ProgramInformation","nodeValue":null,"attributes":{},"childNodes":[{"nodeName":"Title","nodeValue":null,"attributes":{},"childNodes":[{"nodeName":"#text","nodeValue":"Big Buck Bunny","attributes":{},"childNodes":[]}],"prefix":null,"localName":"Title","tagName":"Title","__text":"Big Buck Bunny","__children":[{"nodeName":"#text","nodeValue":"Big Buck Bunny","attributes":{},"childNodes":[]}]}],"prefix":null,"localName":"ProgramInformation","tagName":"ProgramInformation","Title":{"nodeName":"Title","nodeValue":null,"attributes":{},"childNodes":[{"nodeName":"#text","nodeValue":"Big Buck Bunny","attributes":{},"childNodes":[]}],"prefix":null,"localName":"Title","tagName":"Title","__text":"Big Buck Bunny","__children":[{"nodeName":"#text","nodeValue":"Big Buck Bunny","attributes":{},"childNodes":[]}]},"__children":[{"nodeName":"Title","nodeValue":null,"attributes":{},"childNodes":[{"nodeName":"#text","nodeValue":"Big Buck Bunny","attributes":{},"childNodes":[]}],"prefix":null,"localName":"Title","tagName":"Title","__text":"Big Buck Bunny","__children":[{"nodeName":"#text","nodeValue":"Big Buck Bunny","attributes":{},"childNodes":[]}]}]},{"nodeName":"Period","nodeValue":null,"attributes":{"id":"0","start":"PT0.0S"},"childNodes":[{"nodeName":"AdaptationSet","nodeValue":null,"attributes":{"id":"0","contentType":"video","segmentAlignment":"true","bitstreamSwitching":"false"},"childNodes":[{"nodeName":"Representation","nodeValue":null,"attributes":{"id":"0","mimeType":"video/mp4","codecs":"avc1.64001f","bandwidth":"100000","width":"256","height":"144","frameRate":"24/1"},"childNodes":[{"nodeName":"SegmentTemplate","nodeValue":null,"attributes":{"timescale":"12288","initialization":"ll2s-init-stream$RepresentationID$.m4s","media":"ll2s-chunk-stream$RepresentationID$-$Number%05d$.m4s","startNumber":"1"},"childNodes":[{"nodeName":"SegmentTimeline","nodeValue":null,"attributes":{},"childNodes":[{"nodeName":"S","nodeValue":null,"attributes":{"t":"0","d":"24576","r":"297"},"childNodes":[],"prefix":null,"localName":"S","tagName":"S","t":0,"d":24576,"r":297,"__children":[]},{"nodeName":"S","nodeValue":null,"attributes":{"d":"5632"},"childNodes":[],"prefix":null,"localName":"S","tagName":"S","d":5632,"__children":[]}],"prefix":null,"localName":"SegmentTimeline","tagName":"SegmentTimeline","S":[{"nodeName":"S","nodeValue":null,"attributes":{"t":"0","d":"24576","r":"297"},"childNodes":[],"prefix":null,"localName":"S","tagName":"S","t":0,"d":24576,"r":297,"__children":[]},{"nodeName":"S","nodeValue":null,"attributes":{"d":"5632"},"childNodes":[],"prefix":null,"localName":"S","tagName":"S","d":5632,"__children":[]}],"__children":[{"nodeName":"S","nodeValue":null,"attributes":{"t":"0","d":"24576","r":"297"},"childNodes":[],"prefix":null,"localName":"S","tagName":"S","t":0,"d":24576,"r":297,"__children":[]},{"nodeName":"S","nodeValue":null,"attributes":{"d":"5632"},"childNodes":[],"prefix":null,"localName":"S","tagName":"S","d":5632,"__children":[]}]}],"prefix":null,"localName":"SegmentTemplate","tagName":"SegmentTemplate","timescale":12288,"initialization":"ll2s-init-stream$RepresentationID$.m4s","media":"ll2s-chunk-stream$RepresentationID$-$Number%05d$.m4s","startNumber":1,"SegmentTimeline":{"nodeName":"SegmentTimeline","nodeValue":null,"attributes":{},"childNodes":[{"nodeName":"S","nodeValue":null,"attributes":{"t":"0","d":"24576","r":"297"},"childNodes":[],"prefix":null,"localName":"S","tagName":"S","t":0,"d":24576,"r":297,"__children":[]},{"nodeName":"S","nodeValue":null,"attributes":{"d":"5632"},"childNodes":[],"prefix":null,"localName":"S","tagName":"S","d":5632,"__children":[]}],"prefix":null,"localName":"SegmentTimeline","tagName":"SegmentTimeline","S":[{"nodeName":"S","nodeValue":null,"attributes":{"t":"0","d":"24576","r":"297"},"childNodes":[],"prefix":null,"localName":"S","tagName":"S","t":0,"d":24576,"r":297,"__children":[]},{"nodeName":"S","nodeValue":null,"attributes":{"d":"5632"},"childNodes":[],"prefix":null,"localName":"S","tagName":"S","d":5632,"__children":[]}],"__children":[{"nodeName":"S","nodeValue":null,"attributes":{"t":"0","d":"24576","r":"297"},"childNodes":[],"prefix":null,"localName":"S","tagName":"S","t":0,"d":24576,"r":297,"__children":[]},{"nodeName":"S","nodeValue":null,"attributes":{"d":"5632"},"childNodes":[],"prefix":null,"localName":"S","tagName":"S","d":5632,"__children":[]}]},"__children":[{"nodeName":"SegmentTimeline","nodeValue":null,"attributes":{},"childNodes":[{"nodeName":"S","nodeValue":null,"attributes":{"t":"0","d":"24576","r":"297"},"childNodes":[],"prefix":null,"localName":"S","tagName":"S","t":0,"d":24576,"r":297,"__children":[]},{"nodeName":"S","nodeValue":null,"attributes":{"d":"5632"},"childNodes":[],"prefix":null,"localName":"S","tagName":"S","d":5632,"__children":[]}],"prefix":null,"localName":"SegmentTimeline","tagName":"SegmentTimeline","S":[{"nodeName":"S","nodeValue":null,"attributes":{"t":"0","d":"24576","r":"297"},"childNodes":[],"prefix":null,"localName":"S","tagName":"S","t":0,"d":24576,"r":297,"__children":[]},{"nodeName":"S","nodeValue":null,"attributes":{"d":"5632"},"childNodes":[],"prefix":null,"localName":"S","tagName":"S","d":5632,"__children":[]}],"__children":[{"nodeName":"S","nodeValue":null,"attributes":{"t":"0","d":"24576","r":"297"},"childNodes":[],"prefix":null,"localName":"S","tagName":"S","t":0,"d":24576,"r":297,"__children":[]},{"nodeName":"S","nodeValue":null,"attributes":{"d":"5632"},"childNodes":[],"prefix":null,"localName":"S","tagName":"S","d":5632,"__children":[]}]}]}],"prefix":null,"localName":"Representation","tagName":"Representation","id":"0","mimeType":"video/mp4","codecs":"avc1.64001f","bandwidth":100000,"width":256,"height":144,"frameRate":"24/1","SegmentTemplate":{"nodeName":"SegmentTemplate","nodeValue":null,"attributes":{"timescale":"12288","initialization":"ll2s-init-stream$RepresentationID$.m4s","media":"ll2s-chunk-stream$RepresentationID$-$Number%05d$.m4s","startNumber":"1"},"childNodes":[{"nodeName":"SegmentTimeline","nodeValue":null,"attributes":{},"childNodes":[{"nodeName":"S","nodeValue":null,"attributes":{"t":"0","d":"24576","r":"297"},"childNodes":[],"prefix":null,"localName":"S","tagName":"S","t":0,"d":24576,"r":297,"__children":[]},{"nodeName":"S","nodeValue":null,"attributes":{"d":"5632"},"childNodes":[],"prefix":null,"localName":"S","tagName":"S","d":5632,"__children":[]}],"prefix":null,"localName":"SegmentTimeline","tagName":"SegmentTimeline","S":[{"nodeName":"S","nodeValue":null,"attributes":{"t":"0","d":"24576","r":"297"},"childNodes":[],"prefix":null,"localName":"S","tagName":"S","t":0,"d":24576,"r":297,"__children":[]},{"nodeName":"S","nodeValue":null,"attributes":{"d":"5632"},"childNodes":[],"prefix":null,"localName":"S","tagName":"S","d":5632,"__children":[]}],"__children":[{"nodeName":"S","nodeValue":null,"attributes":{"t":"0","d":"24576","r":"297"},"childNodes":[],"prefix":null,"localName":"S","tagName":"S","t":0,"d":24576,"r":297,"__children":[]},{"nodeName":"S","nodeValue":null,"attributes":{"d":"5632"},"childNodes":[],"prefix":null,"localName":"S","tagName":"S","d":5632,"__children":[]}]}],"prefix":null,"localName":"SegmentTemplate","tagName":"SegmentTemplate","timescale":12288,"initialization":"ll2s-init-stream$RepresentationID$.m4s","media":"ll2s-chunk-stream$RepresentationID$-$Number%05d$.m4s","startNumber":1,"SegmentTimeline":{"nodeName":"SegmentTimeline","nodeValue":null,"attributes":{},"childNodes":[{"nodeName":"S","nodeValue":null,"attributes":{"t":"0","d":"24576","r":"297"},"childNodes":[],"prefix":null,"localName":"S","tagName":"S","t":0,"d":24576,"r":297,"__children":[]},{"nodeName":"S","nodeValue":null,"attributes":{"d":"5632"},"childNodes":[],"prefix":null,"localName":"S","tagName":"S","d":5632,"__children":[]}],"prefix":null,"localName":"SegmentTimeline","tagName":"SegmentTimeline","S":[{"nodeName":"S","nodeValue":null,"attributes":{"t":"0","d":"24576","r":"297"},"childNodes":[],"prefix":null,"localName":"S","tagName":"S","t":0,"d":24576,"r":297,"__children":[]},{"nodeName":"S","nodeValue":null,"attributes":{"d":"5632"},"childNodes":[],"prefix":null,"localName":"S","tagName":"S","d":5632,"__children":[]}],"__children":[{"nodeName":"S","nodeValue":null,"attributes":{"t":"0","d":"24576","r":"297"},"childNodes":[],"prefix":null,"localName":"S","tagName":"S","t":0,"d":24576,"r":297,"__children":[]},{"nodeName":"S","nodeValue":null,"attributes":{"d":"5632"},"childNodes":[],"prefix":null,"localName":"S","tagName":"S","d":5632,"__children":[]}]},"__children":[{"nodeName":"SegmentTimeline","nodeValue":null,"attributes":{},"childNodes":[{"nodeName":"S","nodeValue":null,"attributes":{"t":"0","d":"24576","r":"297"},"childNodes":[],"prefix":null,"localName":"S","tagName":"S","t":0,"d":24576,"r":297,"__children":[]},{"nodeName":"S","nodeValue":null,"attributes":{"d":"5632"},"childNodes":[],"prefix":null,"localName":"S","tagName":"S","d":5632,"__children":[]}],"prefix":null,"localName":"SegmentTimeline","tagName":"SegmentTimeline","S":[{"nodeName":"S","nodeValue":null,"attributes":{"t":"0","d":"24576","r":"297"},"childNodes":[],"prefix":null,"localName":"S","tagName":"S","t":0,"d":24576,"r":297,"__children":[]},{"nodeName":"S","nodeValue":null,"attributes":{"d":"5632"},"childNodes":[],"prefix":null,"localName":"S","tagName":"S","d":5632,"__children":[]}],"__children":[{"nodeName":"S","nodeValue":null,"attributes":{"t":"0","d":"24576","r":"297"},"childNodes":[],"prefix":null,"localName":"S","tagName":"S","t":0,"d":24576,"r":297,"__children":[]},{"nodeName":"S","nodeValue":null,"attributes":{"d":"5632"},"childNodes":[],"prefix":null,"localName":"S","tagName":"S","d":5632,"__children":[]}]}]},"__children":[{"nodeName":"SegmentTemplate","nodeValue":null,"attributes":{"timescale":"12288","initialization":"ll2s-init-stream$RepresentationID$.m4s","media":"ll2s-chunk-stream$RepresentationID$-$Number%05d$.m4s","startNumber":"1"},"childNodes":[{"nodeName":"SegmentTimeline","nodeValue":null,"attributes":{},"childNodes":[{"nodeName":"S","nodeValue":null,"attributes":{"t":"0","d":"24576","r":"297"},"childNodes":[],"prefix":null,"localName":"S","tagName":"S","t":0,"d":24576,"r":297,"__children":[]},{"nodeName":"S","nodeValue":null,"attributes":{"d":"5632"},"childNodes":[],"prefix":null,"localName":"S","tagName":"S","d":5632,"__children":[]}],"prefix":null,"localName":"SegmentTimeline","tagName":"SegmentTimeline","S":[{"nodeName":"S","nodeValue":null,"attributes":{"t":"0","d":"24576","r":"297"},"childNodes":[],"prefix":null,"localName":"S","tagName":"S","t":0,"d":24576,"r":297,"__children":[]},{"nodeName":"S","nodeValue":null,"attributes":{"d":"5632"},"childNodes":[],"prefix":null,"localName":"S","tagName":"S","d":5632,"__children":[]}],"__children":[{"nodeName":"S","nodeValue":null,"attributes":{"t":"0","d":"24576","r":"297"},"childNodes":[],"prefix":null,"localName":"S","tagName":"S","t":0,"d":24576,"r":297,"__children":[]},{"nodeName":"S","nodeValue":null,"attributes":{"d":"5632"},"childNodes":[],"prefix":null,"localName":"S","tagName":"S","d":5632,"__children":[]}]}],"prefix":null,"localName":"SegmentTemplate","tagName":"SegmentTemplate","timescale":12288,"initialization":"ll2s-init-stream$RepresentationID$.m4s","media":"ll2s-chunk-stream$RepresentationID$-$Number%05d$.m4s","startNumber":1,"SegmentTimeline":{"nodeName":"SegmentTimeline","nodeValue":null,"attributes":{},"childNodes":[{"nodeName":"S","nodeValue":null,"attributes":{"t":"0","d":"24576","r":"297"},"childNodes":[],"prefix":null,"localName":"S","tagName":"S","t":0,"d":24576,"r":297,"__children":[]},{"nodeName":"S","nodeValue":null,"attributes":{"d":"5632"},"childNodes":[],"prefix":null,"localName":"S","tagName":"S","d":5632,"__children":[]}],"prefix":null,"localName":"SegmentTimeline","tagName":"SegmentTimeline","S":[{"nodeName":"S","nodeValue":null,"attributes":{"t":"0","d":"24576","r":"297"},"childNodes":[],"prefix":null,"localName":"S","tagName":"S","t":0,"d":24576,"r":297,"__children":[]},{"nodeName":"S","nodeValue":null,"attributes":{"d":"5632"},"childNodes":[],"prefix":null,"localName":"S","tagName":"S","d":5632,"__children":[]}],"__children":[{"nodeName":"S","nodeValue":null,"attributes":{"t":"0","d":"24576","r":"297"},"childNodes":[],"prefix":null,"localName":"S","tagName":"S","t":0,"d":24576,"r":297,"__children":[]},{"nodeName":"S","nodeValue":null,"attributes":{"d":"5632"},"childNodes":[],"prefix":null,"localName":"S","tagName":"S","d":5632,"__children":[]}]},"__children":[{"nodeName":"SegmentTimeline","nodeValue":null,"attributes":{},"childNodes":[{"nodeName":"S","nodeValue":null,"attributes":{"t":"0","d":"24576","r":"297"},"childNodes":[],"prefix":null,"localName":"S","tagName":"S","t":0,"d":24576,"r":297,"__children":[]},{"nodeName":"S","nodeValue":null,"attributes":{"d":"5632"},"childNodes":[],"prefix":null,"localName":"S","tagName":"S","d":5632,"__children":[]}],"prefix":null,"localName":"SegmentTimeline","tagName":"SegmentTimeline","S":[{"nodeName":"S","nodeValue":null,"attributes":{"t":"0","d":"24576","r":"297"},"childNodes":[],"prefix":null,"localName":"S","tagName":"S","t":0,"d":24576,"r":297,"__children":[]},{"nodeName":"S","nodeValue":null,"attributes":{"d":"5632"},"childNodes":[],"prefix":null,"localName":"S","tagName":"S","d":5632,"__children":[]}],"__children":[{"nodeName":"S","nodeValue":null,"attributes":{"t":"0","d":"24576","r":"297"},"childNodes":[],"prefix":null,"localName":"S","tagName":"S","t":0,"d":24576,"r":297,"__children":[]},{"nodeName":"S","nodeValue":null,"attributes":{"d":"5632"},"childNodes":[],"prefix":null,"localName":"S","tagName":"S","d":5632,"__children":[]}]}]}]},{"nodeName":"Representation","nodeValue":null,"attributes":{"id":"1","mimeType":"video/mp4","codecs":"avc1.64001f","bandwidth":"200000","width":"320","height":"180","frameRate":"24/1"},"childNodes":[{"nodeName":"SegmentTemplate","nodeValue":null,"attributes":{"timescale":"12288","initialization":"ll2s-init-stream$RepresentationID$.m4s","media":"ll2s-chunk-stream$RepresentationID$-$Number%05d$.m4s","startNumber":"1"},"childNodes":[{"nodeName":"SegmentTimeline","nodeValue":null,"attributes":{},"childNodes":[{"nodeName":"S","nodeValue":null,"attributes":{"t":"0","d":"24576","r":"297"},"childNodes":[],"prefix":null,"localName":"S","tagName":"S","t":0,"d":24576,"r":297,"__children":[]},{"nodeName":"S","nodeValue":null,"attributes":{"d":"5632"},"childNodes":[],"prefix":null,"localName":"S","tagName":"S","d":5632,"__children":[]}],"prefix":null,"localName":"SegmentTimeline","tagName":"SegmentTimeline","S":[{"nodeName":"S","nodeValue":null,"attributes":{"t":"0","d":"24576","r":"297"},"childNodes":[],"prefix":null,"localName":"S","tagName":"S","t":0,"d":24576,"r":297,"__children":[]},{"nodeName":"S","nodeValue":null,"attributes":{"d":"5632"},"childNodes":[],"prefix":null,"localName":"S","tagName":"S","d":5632,"__children":[]}],"__children":[{"nodeName":"S","nodeValue":null,"attributes":{"t":"0","d":"24576","r":"297"},"childNodes":[],"prefix":null,"localName":"S","tagName":"S","t":0,"d":24576,"r":297,"__children":[]},{"nodeName":"S","nodeValue":null,"attributes":{"d":"5632"},"childNodes":[],"prefix":null,"localName":"S","tagName":"S","d":5632,"__children":[]}]}],"prefix":null,"localName":"SegmentTemplate","tagName":"SegmentTemplate","timescale":12288,"initialization":"ll2s-init-stream$RepresentationID$.m4s","media":"ll2s-chunk-stream$RepresentationID$-$Number%05d$.m4s","startNumber":1,"SegmentTimeline":{"nodeName":"SegmentTimeline","nodeValue":null,"attributes":{},"childNodes":[{"nodeName":"S","nodeValue":null,"attributes":{"t":"0","d":"24576","r":"297"},"childNodes":[],"prefix":null,"localName":"S","tagName":"S","t":0,"d":24576,"r":297,"__children":[]},{"nodeName":"S","nodeValue":null,"attributes":{"d":"5632"},"childNodes":[],"prefix":null,"localName":"S","tagName":"S","d":5632,"__children":[]}],"prefix":null,"localName":"SegmentTimeline","tagName":"SegmentTimeline","S":[{"nodeName":"S","nodeValue":null,"attributes":{"t":"0","d":"24576","r":"297"},"childNodes":[],"prefix":null,"localName":"S","tagName":"S","t":0,"d":24576,"r":297,"__children":[]},{"nodeName":"S","nodeValue":null,"attributes":{"d":"5632"},"childNodes":[],"prefix":null,"localName":"S","tagName":"S","d":5632,"__children":[]}],"__children":[{"nodeName":"S","nodeValue":null,"attributes":{"t":"0","d":"24576","r":"297"},"childNodes":[],"prefix":null,"localName":"S","tagName":"S","t":0,"d":24576,"r":297,"__children":[]},{"nodeName":"S","nodeValue":null,"attributes":{"d":"5632"},"childNodes":[],"prefix":null,"localName":"S","tagName":"S","d":5632,"__children":[]}]},"__children":[{"nodeName":"SegmentTimeline","nodeValue":null,"attributes":{},"childNodes":[{"nodeName":"S","nodeValue":null,"attributes":{"t":"0","d":"24576","r":"297"},"childNodes":[],"prefix":null,"localName":"S","tagName":"S","t":0,"d":24576,"r":297,"__children":[]},{"nodeName":"S","nodeValue":null,"attributes":{"d":"5632"},"childNodes":[],"prefix":null,"localName":"S","tagName":"S","d":5632,"__children":[]}],"prefix":null,"localName":"SegmentTimeline","tagName":"SegmentTimeline","S":[{"nodeName":"S","nodeValue":null,"attributes":{"t":"0","d":"24576","r":"297"},"childNodes":[],"prefix":null,"localName":"S","tagName":"S","t":0,"d":24576,"r":297,"__children":[]},{"nodeName":"S","nodeValue":null,"attributes":{"d":"5632"},"childNodes":[],"prefix":null,"localName":"S","tagName":"S","d":5632,"__children":[]}],"__children":[{"nodeName":"S","nodeValue":null,"attributes":{"t":"0","d":"24576","r":"297"},"childNodes":[],"prefix":null,"localName":"S","tagName":"S","t":0,"d":24576,"r":297,"__children":[]},{"nodeName":"S","nodeValue":null,"attributes":{"d":"5632"},"childNodes":[],"prefix":null,"localName":"S","tagName":"S","d":5632,"__children":[]}]}]}],"prefix":null,"localName":"Representation","tagName":"Representation","id":"1","mimeType":"video/mp4","codecs":"avc1.64001f","bandwidth":200000,"width":320,"height":180,"frameRate":"24/1","SegmentTemplate":{"nodeName":"SegmentTemplate","nodeValue":null,"attributes":{"timescale":"12288","initialization":"ll2s-init-stream$RepresentationID$.m4s","media":"ll2s-chunk-stream$RepresentationID$-$Number%05d$.m4s","startNumber":"1"},"childNodes":[{"nodeName":"SegmentTimeline","nodeValue":null,"attributes":{},"childNodes":[{"nodeName":"S","nodeValue":null,"attributes":{"t":"0","d":"24576","r":"297"},"childNodes":[],"prefix":null,"localName":"S","tagName":"S","t":0,"d":24576,"r":297,"__children":[]},{"nodeName":"S","nodeValue":null,"attributes":{"d":"5632"},"childNodes":[],"prefix":null,"localName":"S","tagName":"S","d":5632,"__children":[]}],"prefix":null,"localName":"SegmentTimeline","tagName":"SegmentTimeline","S":[{"nodeName":"S","nodeValue":null,"attributes":{"t":"0","d":"24576","r":"297"},"childNodes":[],"prefix":null,"localName":"S","tagName":"S","t":0,"d":24576,"r":297,"__children":[]},{"nodeName":"S","nodeValue":null,"attributes":{"d":"5632"},"childNodes":[],"prefix":null,"localName":"S","tagName":"S","d":5632,"__children":[]}],"__children":[{"nodeName":"S","nodeValue":null,"attributes":{"t":"0","d":"24576","r":"297"},"childNodes":[],"prefix":null,"localName":"S","tagName":"S","t":0,"d":24576,"r":297,"__children":[]},{"nodeName":"S","nodeValue":null,"attributes":{"d":"5632"},"childNodes":[],"prefix":null,"localName":"S","tagName":"S","d":5632,"__children":[]}]}],"prefix":null,"localName":"SegmentTemplate","tagName":"SegmentTemplate","timescale":12288,"initialization":"ll2s-init-stream$RepresentationID$.m4s","media":"ll2s-chunk-stream$RepresentationID$-$Number%05d$.m4s","startNumber":1,"SegmentTimeline":{"nodeName":"SegmentTimeline","nodeValue":null,"attributes":{},"childNodes":[{"nodeName":"S","nodeValue":null,"attributes":{"t":"0","d":"24576","r":"297"},"childNodes":[],"prefix":null,"localName":"S","tagName":"S","t":0,"d":24576,"r":297,"__children":[]},{"nodeName":"S","nodeValue":null,"attributes":{"d":"5632"},"childNodes":[],"prefix":null,"localName":"S","tagName":"S","d":5632,"__children":[]}],"prefix":null,"localName":"SegmentTimeline","tagName":"SegmentTimeline","S":[{"nodeName":"S","nodeValue":null,"attributes":{"t":"0","d":"24576","r":"297"},"childNodes":[],"prefix":null,"localName":"S","tagName":"S","t":0,"d":24576,"r":297,"__children":[]},{"nodeName":"S","nodeValue":null,"attributes":{"d":"5632"},"childNodes":[],"prefix":null,"localName":"S","tagName":"S","d":5632,"__children":[]}],"__children":[{"nodeName":"S","nodeValue":null,"attributes":{"t":"0","d":"24576","r":"297"},"childNodes":[],"prefix":null,"localName":"S","tagName":"S","t":0,"d":24576,"r":297,"__children":[]},{"nodeName":"S","nodeValue":null,"attributes":{"d":"5632"},"childNodes":[],"prefix":null,"localName":"S","tagName":"S","d":5632,"__children":[]}]},"__children":[{"nodeName":"SegmentTimeline","nodeValue":null,"attributes":{},"childNodes":[{"nodeName":"S","nodeValue":null,"attributes":{"t":"0","d":"24576","r":"297"},"childNodes":[],"prefix":null,"localName":"S","tagName":"S","t":0,"d":24576,"r":297,"__children":[]},{"nodeName":"S","nodeValue":null,"attributes":{"d":"5632"},"childNodes":[],"prefix":null,"localName":"S","tagName":"S","d":5632,"__children":[]}],"prefix":null,"localName":"SegmentTimeline","tagName":"SegmentTimeline","S":[{"nodeName":"S","nodeValue":null,"attributes":{"t":"0","d":"24576","r":"297"},"childNodes":[],"prefix":null,"localName":"S","tagName":"S","t":0,"d":24576,"r":297,"__children":[]},{"nodeName":"S","nodeValue":null,"attributes":{"d":"5632"},"childNodes":[],"prefix":null,"localName":"S","tagName":"S","d":5632,"__children":[]}],"__children":[{"nodeName":"S","nodeValue":null,"attributes":{"t":"0","d":"24576","r":"297"},"childNodes":[],"prefix":null,"localName":"S","tagName":"S","t":0,"d":24576,"r":297,"__children":[]},{"nodeName":"S","nodeValue":null,"attributes":{"d":"5632"},"childNodes":[],"prefix":null,"localName":"S","tagName":"S","d":5632,"__children":[]}]}]},"__children":[{"nodeName":"SegmentTemplate","nodeValue":null,"attributes":{"timescale":"12288","initialization":"ll2s-init-stream$RepresentationID$.m4s","media":"ll2s-chunk-stream$RepresentationID$-$Number%05d$.m4s","startNumber":"1"},"childNodes":[{"nodeName":"SegmentTimeline","nodeValue":null,"attributes":{},"childNodes":[{"nodeName":"S","nodeValue":null,"attributes":{"t":"0","d":"24576","r":"297"},"childNodes":[],"prefix":null,"localName":"S","tagName":"S","t":0,"d":24576,"r":297,"__children":[]},{"nodeName":"S","nodeValue":null,"attributes":{"d":"5632"},"childNodes":[],"prefix":null,"localName":"S","tagName":"S","d":5632,"__children":[]}],"prefix":null,"localName":"SegmentTimeline","tagName":"SegmentTimeline","S":[{"nodeName":"S","nodeValue":null,"attributes":{"t":"0","d":"24576","r":"297"},"childNodes":[],"prefix":null,"localName":"S","tagName":"S","t":0,"d":24576,"r":297,"__children":[]},{"nodeName":"S","nodeValue":null,"attributes":{"d":"5632"},"childNodes":[],"prefix":null,"localName":"S","tagName":"S","d":5632,"__children":[]}],"__children":[{"nodeName":"S","nodeValue":null,"attributes":{"t":"0","d":"24576","r":"297"},"childNodes":[],"prefix":null,"localName":"S","tagName":"S","t":0,"d":24576,"r":297,"__children":[]},{"nodeName":"S","nodeValue":null,"attributes":{"d":"5632"},"childNodes":[],"prefix":null,"localName":"S","tagName":"S","d":5632,"__children":[]}]}],"prefix":null,"localName":"SegmentTemplate","tagName":"SegmentTemplate","timescale":12288,"initialization":"ll2s-init-stream$RepresentationID$.m4s","media":"ll2s-chunk-stream$RepresentationID$-$Number%05d$.m4s","startNumber":1,"SegmentTimeline":{"nodeName":"SegmentTimeline","nodeValue":null,"attributes":{},"childNodes":[{"nodeName":"S","nodeValue":null,"attributes":{"t":"0","d":"24576","r":"297"},"childNodes":[],"prefix":null,"localName":"S","tagName":"S","t":0,"d":24576,"r":297,"__children":[]},{"nodeName":"S","nodeValue":null,"attributes":{"d":"5632"},"childNodes":[],"prefix":null,"localName":"S","tagName":"S","d":5632,"__children":[]}],"prefix":null,"localName":"SegmentTimeline","tagName":"SegmentTimeline","S":[{"nodeName":"S","nodeValue":null,"attributes":{"t":"0","d":"24576","r":"297"},"childNodes":[],"prefix":null,"localName":"S","tagName":"S","t":0,"d":24576,"r":297,"__children":[]},{"nodeName":"S","nodeValue":null,"attributes":{"d":"5632"},"childNodes":[],"prefix":null,"localName":"S","tagName":"S","d":5632,"__children":[]}],"__children":[{"nodeName":"S","nodeValue":null,"attributes":{"t":"0","d":"24576","r":"297"},"childNodes":[],"prefix":null,"localName":"S","tagName":"S","t":0,"d":24576,"r":297,"__children":[]},{"nodeName":"S","nodeValue":null,"attributes":{"d":"5632"},"childNodes":[],"prefix":null,"localName":"S","tagName":"S","d":5632,"__children":[]}]},"__children":[{"nodeName":"SegmentTimeline","nodeValue":null,"attributes":{},"childNodes":[{"nodeName":"S","nodeValue":null,"attributes":{"t":"0","d":"24576","r":"297"},"childNodes":[],"prefix":null,"localName":"S","tagName":"S","t":0,"d":24576,"r":297,"__children":[]},{"nodeName":"S","nodeValue":null,"attributes":{"d":"5632"},"childNodes":[],"prefix":null,"localName":"S","tagName":"S","d":5632,"__children":[]}],"prefix":null,"localName":"SegmentTimeline","tagName":"SegmentTimeline","S":[{"nodeName":"S","nodeValue":null,"attributes":{"t":"0","d":"24576","r":"297"},"childNodes":[],"prefix":null,"localName":"S","tagName":"S","t":0,"d":24576,"r":297,"__children":[]},{"nodeName":"S","nodeValue":null,"attributes":{"d":"5632"},"childNodes":[],"prefix":null,"localName":"S","tagName":"S","d":5632,"__children":[]}],"__children":[{"nodeName":"S","nodeValue":null,"attributes":{"t":"0","d":"24576","r":"297"},"childNodes":[],"prefix":null,"localName":"S","tagName":"S","t":0,"d":24576,"r":297,"__children":[]},{"nodeName":"S","nodeValue":null,"attributes":{"d":"5632"},"childNodes":[],"prefix":null,"localName":"S","tagName":"S","d":5632,"__children":[]}]}]}]},{"nodeName":"Representation","nodeValue":null,"attributes":{"id":"2","mimeType":"video/mp4","codecs":"avc1.64001f","bandwidth":"400000","width":"426","height":"240","frameRate":"24/1"},"childNodes":[{"nodeName":"SegmentTemplate","nodeValue":null,"attributes":{"timescale":"12288","initialization":"ll2s-init-stream$RepresentationID$.m4s","media":"ll2s-chunk-stream$RepresentationID$-$Number%05d$.m4s","startNumber":"1"},"childNodes":[{"nodeName":"SegmentTimeline","nodeValue":null,"attributes":{},"childNodes":[{"nodeName":"S","nodeValue":null,"attributes":{"t":"0","d":"24576","r":"297"},"childNodes":[],"prefix":null,"localName":"S","tagName":"S","t":0,"d":24576,"r":297,"__children":[]},{"nodeName":"S","nodeValue":null,"attributes":{"d":"5632"},"childNodes":[],"prefix":null,"localName":"S","tagName":"S","d":5632,"__children":[]}],"prefix":null,"localName":"SegmentTimeline","tagName":"SegmentTimeline","S":[{"nodeName":"S","nodeValue":null,"attributes":{"t":"0","d":"24576","r":"297"},"childNodes":[],"prefix":null,"localName":"S","tagName":"S","t":0,"d":24576,"r":297,"__children":[]},{"nodeName":"S","nodeValue":null,"attributes":{"d":"5632"},"childNodes":[],"prefix":null,"localName":"S","tagName":"S","d":5632,"__children":[]}],"__children":[{"nodeName":"S","nodeValue":null,"attributes":{"t":"0","d":"24576","r":"297"},"childNodes":[],"prefix":null,"localName":"S","tagName":"S","t":0,"d":24576,"r":297,"__children":[]},{"nodeName":"S","nodeValue":null,"attributes":{"d":"5632"},"childNodes":[],"prefix":null,"localName":"S","tagName":"S","d":5632,"__children":[]}]}],"prefix":null,"localName":"SegmentTemplate","tagName":"SegmentTemplate","timescale":12288,"initialization":"ll2s-init-stream$RepresentationID$.m4s","media":"ll2s-chunk-stream$RepresentationID$-$Number%05d$.m4s","startNumber":1,"SegmentTimeline":{"nodeName":"SegmentTimeline","nodeValue":null,"attributes":{},"childNodes":[{"nodeName":"S","nodeValue":null,"attributes":{"t":"0","d":"24576","r":"297"},"childNodes":[],"prefix":null,"localName":"S","tagName":"S","t":0,"d":24576,"r":297,"__children":[]},{"nodeName":"S","nodeValue":null,"attributes":{"d":"5632"},"childNodes":[],"prefix":null,"localName":"S","tagName":"S","d":5632,"__children":[]}],"prefix":null,"localName":"SegmentTimeline","tagName":"SegmentTimeline","S":[{"nodeName":"S","nodeValue":null,"attributes":{"t":"0","d":"24576","r":"297"},"childNodes":[],"prefix":null,"localName":"S","tagName":"S","t":0,"d":24576,"r":297,"__children":[]},{"nodeName":"S","nodeValue":null,"attributes":{"d":"5632"},"childNodes":[],"prefix":null,"localName":"S","tagName":"S","d":5632,"__children":[]}],"__children":[{"nodeName":"S","nodeValue":null,"attributes":{"t":"0","d":"24576","r":"297"},"childNodes":[],"prefix":null,"localName":"S","tagName":"S","t":0,"d":24576,"r":297,"__children":[]},{"nodeName":"S","nodeValue":null,"attributes":{"d":"5632"},"childNodes":[],"prefix":null,"localName":"S","tagName":"S","d":5632,"__children":[]}]},"__children":[{"nodeName":"SegmentTimeline","nodeValue":null,"attributes":{},"childNodes":[{"nodeName":"S","nodeValue":null,"attributes":{"t":"0","d":"24576","r":"297"},"childNodes":[],"prefix":null,"localName":"S","tagName":"S","t":0,"d":24576,"r":297,"__children":[]},{"nodeName":"S","nodeValue":null,"attributes":{"d":"5632"},"childNodes":[],"prefix":null,"localName":"S","tagName":"S","d":5632,"__children":[]}],"prefix":null,"localName":"SegmentTimeline","tagName":"SegmentTimeline","S":[{"nodeName":"S","nodeValue":null,"attributes":{"t":"0","d":"24576","r":"297"},"childNodes":[],"prefix":null,"localName":"S","tagName":"S","t":0,"d":24576,"r":297,"__children":[]},{"nodeName":"S","nodeValue":null,"attributes":{"d":"5632"},"childNodes":[],"prefix":null,"localName":"S","tagName":"S","d":5632,"__children":[]}],"__children":[{"nodeName":"S","nodeValue":null,"attributes":{"t":"0","d":"24576","r":"297"},"childNodes":[],"prefix":null,"localName":"S","tagName":"S","t":0,"d":24576,"r":297,"__children":[]},{"nodeName":"S","nodeValue":null,"attributes":{"d":"5632"},"childNodes":[],"prefix":null,"localName":"S","tagName":"S","d":5632,"__children":[]}]}]}],"prefix":null,"localName":"Representation","tagName":"Representation","id":"2","mimeType":"video/mp4","codecs":"avc1.64001f","bandwidth":400000,"width":426,"height":240,"frameRate":"24/1","SegmentTemplate":{"nodeName":"SegmentTemplate","nodeValue":null,"attributes":{"timescale":"12288","initialization":"ll2s-init-stream$RepresentationID$.m4s","media":"ll2s-chunk-stream$RepresentationID$-$Number%05d$.m4s","startNumber":"1"},"childNodes":[{"nodeName":"SegmentTimeline","nodeValue":null,"attributes":{},"childNodes":[{"nodeName":"S","nodeValue":null,"attributes":{"t":"0","d":"24576","r":"297"},"childNodes":[],"prefix":null,"localName":"S","tagName":"S","t":0,"d":24576,"r":297,"__children":[]},{"nodeName":"S","nodeValue":null,"attributes":{"d":"5632"},"childNodes":[],"prefix":null,"localName":"S","tagName":"S","d":5632,"__children":[]}],"prefix":null,"localName":"SegmentTimeline","tagName":"SegmentTimeline","S":[{"nodeName":"S","nodeValue":null,"attributes":{"t":"0","d":"24576","r":"297"},"childNodes":[],"prefix":null,"localName":"S","tagName":"S","t":0,"d":24576,"r":297,"__children":[]},{"nodeName":"S","nodeValue":null,"attributes":{"d":"5632"},"childNodes":[],"prefix":null,"localName":"S","tagName":"S","d":5632,"__children":[]}],"__children":[{"nodeName":"S","nodeValue":null,"attributes":{"t":"0","d":"24576","r":"297"},"childNodes":[],"prefix":null,"localName":"S","tagName":"S","t":0,"d":24576,"r":297,"__children":[]},{"nodeName":"S","nodeValue":null,"attributes":{"d":"5632"},"childNodes":[],"prefix":null,"localName":"S","tagName":"S","d":5632,"__children":[]}]}],"prefix":null,"localName":"SegmentTemplate","tagName":"SegmentTemplate","timescale":12288,"initialization":"ll2s-init-stream$RepresentationID$.m4s","media":"ll2s-chunk-stream$RepresentationID$-$Number%05d$.m4s","startNumber":1,"SegmentTimeline":{"nodeName":"SegmentTimeline","nodeValue":null,"attributes":{},"childNodes":[{"nodeName":"S","nodeValue":null,"attributes":{"t":"0","d":"24576","r":"297"},"childNodes":[],"prefix":null,"localName":"S","tagName":"S","t":0,"d":24576,"r":297,"__children":[]},{"nodeName":"S","nodeValue":null,"attributes":{"d":"5632"},"childNodes":[],"prefix":null,"localName":"S","tagName":"S","d":5632,"__children":[]}],"prefix":null,"localName":"SegmentTimeline","tagName":"SegmentTimeline","S":[{"nodeName":"S","nodeValue":null,"attributes":{"t":"0","d":"24576","r":"297"},"childNodes":[],"prefix":null,"localName":"S","tagName":"S","t":0,"d":24576,"r":297,"__children":[]},{"nodeName":"S","nodeValue":null,"attributes":{"d":"5632"},"childNodes":[],"prefix":null,"localName":"S","tagName":"S","d":5632,"__children":[]}],"__children":[{"nodeName":"S","nodeValue":null,"attributes":{"t":"0","d":"24576","r":"297"},"childNodes":[],"prefix":null,"localName":"S","tagName":"S","t":0,"d":24576,"r":297,"__children":[]},{"nodeName":"S","nodeValue":null,"attributes":{"d":"5632"},"childNodes":[],"prefix":null,"localName":"S","tagName":"S","d":5632,"__children":[]}]},"__children":[{"nodeName":"SegmentTimeline","nodeValue":null,"attributes":{},"childNodes":[{"nodeName":"S","nodeValue":null,"attributes":{"t":"0","d":"24576","r":"297"},"childNodes":[],"prefix":null,"localName":"S","tagName":"S","t":0,"d":24576,"r":297,"__children":[]},{"nodeName":"S","nodeValue":null,"attributes":{"d":"5632"},"childNodes":[],"prefix":null,"localName":"S","tagName":"S","d":5632,"__children":[]}],"prefix":null,"localName":"SegmentTimeline","tagName":"SegmentTimeline","S":[{"nodeName":"S","nodeValue":null,"attributes":{"t":"0","d":"24576","r":"297"},"childNodes":[],"prefix":null,"localName":"S","tagName":"S","t":0,"d":24576,"r":297,"__children":[]},{"nodeName":"S","nodeValue":null,"attributes":{"d":"5632"},"childNodes":[],"prefix":null,"localName":"S","tagName":"S","d":5632,"__children":[]}],"__children":[{"nodeName":"S","nodeValue":null,"attributes":{"t":"0","d":"24576","r":"297"},"childNodes":[],"prefix":null,"localName":"S","tagName":"S","t":0,"d":24576,"r":297,"__children":[]},{"nodeName":"S","nodeValue":null,"attributes":{"d":"5632"},"childNodes":[],"prefix":null,"localName":"S","tagName":"S","d":5632,"__children":[]}]}]},"__children":[{"nodeName":"SegmentTemplate","nodeValue":null,"attributes":{"timescale":"12288","initialization":"ll2s-init-stream$RepresentationID$.m4s","media":"ll2s-chunk-stream$RepresentationID$-$Number%05d$.m4s","startNumber":"1"},"childNodes":[{"nodeName":"SegmentTimeline","nodeValue":null,"attributes":{},"childNodes":[{"nodeName":"S","nodeValue":null,"attributes":{"t":"0","d":"24576","r":"297"},"childNodes":[],"prefix":null,"localName":"S","tagName":"S","t":0,"d":24576,"r":297,"__children":[]},{"nodeName":"S","nodeValue":null,"attributes":{"d":"5632"},"childNodes":[],"prefix":null,"localName":"S","tagName":"S","d":5632,"__children":[]}],"prefix":null,"localName":"SegmentTimeline","tagName":"SegmentTimeline","S":[{"nodeName":"S","nodeValue":null,"attributes":{"t":"0","d":"24576","r":"297"},"childNodes":[],"prefix":null,"localName":"S","tagName":"S","t":0,"d":24576,"r":297,"__children":[]},{"nodeName":"S","nodeValue":null,"attributes":{"d":"5632"},"childNodes":[],"prefix":null,"localName":"S","tagName":"S","d":5632,"__children":[]}],"__children":[{"nodeName":"S","nodeValue":null,"attributes":{"t":"0","d":"24576","r":"297"},"childNodes":[],"prefix":null,"localName":"S","tagName":"S","t":0,"d":24576,"r":297,"__children":[]},{"nodeName":"S","nodeValue":null,"attributes":{"d":"5632"},"childNodes":[],"prefix":null,"localName":"S","tagName":"S","d":5632,"__children":[]}]}],"prefix":null,"localName":"SegmentTemplate","tagName":"SegmentTemplate","timescale":12288,"initialization":"ll2s-init-stream$RepresentationID$.m4s","media":"ll2s-chunk-stream$RepresentationID$-$Number%05d$.m4s","startNumber":1,"SegmentTimeline":{"nodeName":"SegmentTimeline","nodeValue":null,"attributes":{},"childNodes":[{"nodeName":"S","nodeValue":null,"attributes":{"t":"0","d":"24576","r":"297"},"childNodes":[],"prefix":null,"localName":"S","tagName":"S","t":0,"d":24576,"r":297,"__children":[]},{"nodeName":"S","nodeValue":null,"attributes":{"d":"5632"},"childNodes":[],"prefix":null,"localName":"S","tagName":"S","d":5632,"__children":[]}],"prefix":null,"localName":"SegmentTimeline","tagName":"SegmentTimeline","S":[{"nodeName":"S","nodeValue":null,"attributes":{"t":"0","d":"24576","r":"297"},"childNodes":[],"prefix":null,"localName":"S","tagName":"S","t":0,"d":24576,"r":297,"__children":[]},{"nodeName":"S","nodeValue":null,"attributes":{"d":"5632"},"childNodes":[],"prefix":null,"localName":"S","tagName":"S","d":5632,"__children":[]}],"__children":[{"nodeName":"S","nodeValue":null,"attributes":{"t":"0","d":"24576","r":"297"},"childNodes":[],"prefix":null,"localName":"S","tagName":"S","t":0,"d":24576,"r":297,"__children":[]},{"nodeName":"S","nodeValue":null,"attributes":{"d":"5632"},"childNodes":[],"prefix":null,"localName":"S","tagName":"S","d":5632,"__children":[]}]},"__children":[{"nodeName":"SegmentTimeline","nodeValue":null,"attributes":{},"childNodes":[{"nodeName":"S","nodeValue":null,"attributes":{"t":"0","d":"24576","r":"297"},"childNodes":[],"prefix":null,"localName":"S","tagName":"S","t":0,"d":24576,"r":297,"__children":[]},{"nodeName":"S","nodeValue":null,"attributes":{"d":"5632"},"childNodes":[],"prefix":null,"localName":"S","tagName":"S","d":5632,"__children":[]}],"prefix":null,"localName":"SegmentTimeline","tagName":"SegmentTimeline","S":[{"nodeName":"S","nodeValue":null,"attributes":{"t":"0","d":"24576","r":"297"},"childNodes":[],"prefix":null,"localName":"S","tagName":"S","t":0,"d":24576,"r":297,"__children":[]},{"nodeName":"S","nodeValue":null,"attributes":{"d":"5632"},"childNodes":[],"prefix":null,"localName":"S","tagName":"S","d":5632,"__children":[]}],"__children":[{"nodeName":"S","nodeValue":null,"attributes":{"t":"0","d":"24576","r":"297"},"childNodes":[],"prefix":null,"localName":"S","tagName":"S","t":0,"d":24576,"r":297,"__children":[]},{"nodeName":"S","nodeValue":null,"attributes":{"d":"5632"},"childNodes":[],"prefix":null,"localName":"S","tagName":"S","d":5632,"__children":[]}]}]}]},{"nodeName":"Representation","nodeValue":null,"attributes":{"id":"3","mimeType":"video/mp4","codecs":"avc1.64001f","bandwidth":"600000","width":"480","height":"270","frameRate":"24/1"},"childNodes":[{"nodeName":"SegmentTemplate","nodeValue":null,"attributes":{"timescale":"12288","initialization":"ll2s-init-stream$RepresentationID$.m4s","media":"ll2s-chunk-stream$RepresentationID$-$Number%05d$.m4s","startNumber":"1"},"childNodes":[{"nodeName":"SegmentTimeline","nodeValue":null,"attributes":{},"childNodes":[{"nodeName":"S","nodeValue":null,"attributes":{"t":"0","d":"24576","r":"297"},"childNodes":[],"prefix":null,"localName":"S","tagName":"S","t":0,"d":24576,"r":297,"__children":[]},{"nodeName":"S","nodeValue":null,"attributes":{"d":"5632"},"childNodes":[],"prefix":null,"localName":"S","tagName":"S","d":5632,"__children":[]}],"prefix":null,"localName":"SegmentTimeline","tagName":"SegmentTimeline","S":[{"nodeName":"S","nodeValue":null,"attributes":{"t":"0","d":"24576","r":"297"},"childNodes":[],"prefix":null,"localName":"S","tagName":"S","t":0,"d":24576,"r":297,"__children":[]},{"nodeName":"S","nodeValue":null,"attributes":{"d":"5632"},"childNodes":[],"prefix":null,"localName":"S","tagName":"S","d":5632,"__children":[]}],"__children":[{"nodeName":"S","nodeValue":null,"attributes":{"t":"0","d":"24576","r":"297"},"childNodes":[],"prefix":null,"localName":"S","tagName":"S","t":0,"d":24576,"r":297,"__children":[]},{"nodeName":"S","nodeValue":null,"attributes":{"d":"5632"},"childNodes":[],"prefix":null,"localName":"S","tagName":"S","d":5632,"__children":[]}]}],"prefix":null,"localName":"SegmentTemplate","tagName":"SegmentTemplate","timescale":12288,"initialization":"ll2s-init-stream$RepresentationID$.m4s","media":"ll2s-chunk-stream$RepresentationID$-$Number%05d$.m4s","startNumber":1,"SegmentTimeline":{"nodeName":"SegmentTimeline","nodeValue":null,"attributes":{},"childNodes":[{"nodeName":"S","nodeValue":null,"attributes":{"t":"0","d":"24576","r":"297"},"childNodes":[],"prefix":null,"localName":"S","tagName":"S","t":0,"d":24576,"r":297,"__children":[]},{"nodeName":"S","nodeValue":null,"attributes":{"d":"5632"},"childNodes":[],"prefix":null,"localName":"S","tagName":"S","d":5632,"__children":[]}],"prefix":null,"localName":"SegmentTimeline","tagName":"SegmentTimeline","S":[{"nodeName":"S","nodeValue":null,"attributes":{"t":"0","d":"24576","r":"297"},"childNodes":[],"prefix":null,"localName":"S","tagName":"S","t":0,"d":24576,"r":297,"__children":[]},{"nodeName":"S","nodeValue":null,"attributes":{"d":"5632"},"childNodes":[],"prefix":null,"localName":"S","tagName":"S","d":5632,"__children":[]}],"__children":[{"nodeName":"S","nodeValue":null,"attributes":{"t":"0","d":"24576","r":"297"},"childNodes":[],"prefix":null,"localName":"S","tagName":"S","t":0,"d":24576,"r":297,"__children":[]},{"nodeName":"S","nodeValue":null,"attributes":{"d":"5632"},"childNodes":[],"prefix":null,"localName":"S","tagName":"S","d":5632,"__children":[]}]},"__children":[{"nodeName":"SegmentTimeline","nodeValue":null,"attributes":{},"childNodes":[{"nodeName":"S","nodeValue":null,"attributes":{"t":"0","d":"24576","r":"297"},"childNodes":[],"prefix":null,"localName":"S","tagName":"S","t":0,"d":24576,"r":297,"__children":[]},{"nodeName":"S","nodeValue":null,"attributes":{"d":"5632"},"childNodes":[],"prefix":null,"localName":"S","tagName":"S","d":5632,"__children":[]}],"prefix":null,"localName":"SegmentTimeline","tagName":"SegmentTimeline","S":[{"nodeName":"S","nodeValue":null,"attributes":{"t":"0","d":"24576","r":"297"},"childNodes":[],"prefix":null,"localName":"S","tagName":"S","t":0,"d":24576,"r":297,"__children":[]},{"nodeName":"S","nodeValue":null,"attributes":{"d":"5632"},"childNodes":[],"prefix":null,"localName":"S","tagName":"S","d":5632,"__children":[]}],"__children":[{"nodeName":"S","nodeValue":null,"attributes":{"t":"0","d":"24576","r":"297"},"childNodes":[],"prefix":null,"localName":"S","tagName":"S","t":0,"d":24576,"r":297,"__children":[]},{"nodeName":"S","nodeValue":null,"attributes":{"d":"5632"},"childNodes":[],"prefix":null,"localName":"S","tagName":"S","d":5632,"__children":[]}]}]}],"prefix":null,"localName":"Representation","tagName":"Representation","id":"3","mimeType":"video/mp4","codecs":"avc1.64001f","bandwidth":600000,"width":480,"height":270,"frameRate":"24/1","SegmentTemplate":{"nodeName":"SegmentTemplate","nodeValue":null,"attributes":{"timescale":"12288","initialization":"ll2s-init-stream$RepresentationID$.m4s","media":"ll2s-chunk-stream$RepresentationID$-$Number%05d$.m4s","startNumber":"1"},"childNodes":[{"nodeName":"SegmentTimeline","nodeValue":null,"attributes":{},"childNodes":[{"nodeName":"S","nodeValue":null,"attributes":{"t":"0","d":"24576","r":"297"},"childNodes":[],"prefix":null,"localName":"S","tagName":"S","t":0,"d":24576,"r":297,"__children":[]},{"nodeName":"S","nodeValue":null,"attributes":{"d":"5632"},"childNodes":[],"prefix":null,"localName":"S","tagName":"S","d":5632,"__children":[]}],"prefix":null,"localName":"SegmentTimeline","tagName":"SegmentTimeline","S":[{"nodeName":"S","nodeValue":null,"attributes":{"t":"0","d":"24576","r":"297"},"childNodes":[],"prefix":null,"localName":"S","tagName":"S","t":0,"d":24576,"r":297,"__children":[]},{"nodeName":"S","nodeValue":null,"attributes":{"d":"5632"},"childNodes":[],"prefix":null,"localName":"S","tagName":"S","d":5632,"__children":[]}],"__children":[{"nodeName":"S","nodeValue":null,"attributes":{"t":"0","d":"24576","r":"297"},"childNodes":[],"prefix":null,"localName":"S","tagName":"S","t":0,"d":24576,"r":297,"__children":[]},{"nodeName":"S","nodeValue":null,"attributes":{"d":"5632"},"childNodes":[],"prefix":null,"localName":"S","tagName":"S","d":5632,"__children":[]}]}],"prefix":null,"localName":"SegmentTemplate","tagName":"SegmentTemplate","timescale":12288,"initialization":"ll2s-init-stream$RepresentationID$.m4s","media":"ll2s-chunk-stream$RepresentationID$-$Number%05d$.m4s","startNumber":1,"SegmentTimeline":{"nodeName":"SegmentTimeline","nodeValue":null,"attributes":{},"childNodes":[{"nodeName":"S","nodeValue":null,"attributes":{"t":"0","d":"24576","r":"297"},"childNodes":[],"prefix":null,"localName":"S","tagName":"S","t":0,"d":24576,"r":297,"__children":[]},{"nodeName":"S","nodeValue":null,"attributes":{"d":"5632"},"childNodes":[],"prefix":null,"localName":"S","tagName":"S","d":5632,"__children":[]}],"prefix":null,"localName":"SegmentTimeline","tagName":"SegmentTimeline","S":[{"nodeName":"S","nodeValue":null,"attributes":{"t":"0","d":"24576","r":"297"},"childNodes":[],"prefix":null,"localName":"S","tagName":"S","t":0,"d":24576,"r":297,"__children":[]},{"nodeName":"S","nodeValue":null,"attributes":{"d":"5632"},"childNodes":[],"prefix":null,"localName":"S","tagName":"S","d":5632,"__children":[]}],"__children":[{"nodeName":"S","nodeValue":null,"attributes":{"t":"0","d":"24576","r":"297"},"childNodes":[],"prefix":null,"localName":"S","tagName":"S","t":0,"d":24576,"r":297,"__children":[]},{"nodeName":"S","nodeValue":null,"attributes":{"d":"5632"},"childNodes":[],"prefix":null,"localName":"S","tagName":"S","d":5632,"__children":[]}]},"__children":[{"nodeName":"SegmentTimeline","nodeValue":null,"attributes":{},"childNodes":[{"nodeName":"S","nodeValue":null,"attributes":{"t":"0","d":"24576","r":"297"},"childNodes":[],"prefix":null,"localName":"S","tagName":"S","t":0,"d":24576,"r":297,"__children":[]},{"nodeName":"S","nodeValue":null,"attributes":{"d":"5632"},"childNodes":[],"prefix":null,"localName":"S","tagName":"S","d":5632,"__children":[]}],"prefix":null,"localName":"SegmentTimeline","tagName":"SegmentTimeline","S":[{"nodeName":"S","nodeValue":null,"attributes":{"t":"0","d":"24576","r":"297"},"childNodes":[],"prefix":null,"localName":"S","tagName":"S","t":0,"d":24576,"r":297,"__children":[]},{"nodeName":"S","nodeValue":null,"attributes":{"d":"5632"},"childNodes":[],"prefix":null,"localName":"S","tagName":"S","d":5632,"__children":[]}],"__children":[{"nodeName":"S","nodeValue":null,"attributes":{"t":"0","d":"24576","r":"297"},"childNodes":[],"prefix":null,"localName":"S","tagName":"S","t":0,"d":24576,"r":297,"__children":[]},{"nodeName":"S","nodeValue":null,"attributes":{"d":"5632"},"childNodes":[],"prefix":null,"localName":"S","tagName":"S","d":5632,"__children":[]}]}]},"__children":[{"nodeName":"SegmentTemplate","nodeValue":null,"attributes":{"timescale":"12288","initialization":"ll2s-init-stream$RepresentationID$.m4s","media":"ll2s-chunk-stream$RepresentationID$-$Number%05d$.m4s","startNumber":"1"},"childNodes":[{"nodeName":"SegmentTimeline","nodeValue":null,"attributes":{},"childNodes":[{"nodeName":"S","nodeValue":null,"attributes":{"t":"0","d":"24576","r":"297"},"childNodes":[],"prefix":null,"localName":"S","tagName":"S","t":0,"d":24576,"r":297,"__children":[]},{"nodeName":"S","nodeValue":null,"attributes":{"d":"5632"},"childNodes":[],"prefix":null,"localName":"S","tagName":"S","d":5632,"__children":[]}],"prefix":null,"localName":"SegmentTimeline","tagName":"SegmentTimeline","S":[{"nodeName":"S","nodeValue":null,"attributes":{"t":"0","d":"24576","r":"297"},"childNodes":[],"prefix":null,"localName":"S","tagName":"S","t":0,"d":24576,"r":297,"__children":[]},{"nodeName":"S","nodeValue":null,"attributes":{"d":"5632"},"childNodes":[],"prefix":null,"localName":"S","tagName":"S","d":5632,"__children":[]}],"__children":[{"nodeName":"S","nodeValue":null,"attributes":{"t":"0","d":"24576","r":"297"},"childNodes":[],"prefix":null,"localName":"S","tagName":"S","t":0,"d":24576,"r":297,"__children":[]},{"nodeName":"S","nodeValue":null,"attributes":{"d":"5632"},"childNodes":[],"prefix":null,"localName":"S","tagName":"S","d":5632,"__children":[]}]}],"prefix":null,"localName":"SegmentTemplate","tagName":"SegmentTemplate","timescale":12288,"initialization":"ll2s-init-stream$RepresentationID$.m4s","media":"ll2s-chunk-stream$RepresentationID$-$Number%05d$.m4s","startNumber":1,"SegmentTimeline":{"nodeName":"SegmentTimeline","nodeValue":null,"attributes":{},"childNodes":[{"nodeName":"S","nodeValue":null,"attributes":{"t":"0","d":"24576","r":"297"},"childNodes":[],"prefix":null,"localName":"S","tagName":"S","t":0,"d":24576,"r":297,"__children":[]},{"nodeName":"S","nodeValue":null,"attributes":{"d":"5632"},"childNodes":[],"prefix":null,"localName":"S","tagName":"S","d":5632,"__children":[]}],"prefix":null,"localName":"SegmentTimeline","tagName":"SegmentTimeline","S":[{"nodeName":"S","nodeValue":null,"attributes":{"t":"0","d":"24576","r":"297"},"childNodes":[],"prefix":null,"localName":"S","tagName":"S","t":0,"d":24576,"r":297,"__children":[]},{"nodeName":"S","nodeValue":null,"attributes":{"d":"5632"},"childNodes":[],"prefix":null,"localName":"S","tagName":"S","d":5632,"__children":[]}],"__children":[{"nodeName":"S","nodeValue":null,"attributes":{"t":"0","d":"24576","r":"297"},"childNodes":[],"prefix":null,"localName":"S","tagName":"S","t":0,"d":24576,"r":297,"__children":[]},{"nodeName":"S","nodeValue":null,"attributes":{"d":"5632"},"childNodes":[],"prefix":null,"localName":"S","tagName":"S","d":5632,"__children":[]}]},"__children":[{"nodeName":"SegmentTimeline","nodeValue":null,"attributes":{},"childNodes":[{"nodeName":"S","nodeValue":null,"attributes":{"t":"0","d":"24576","r":"297"},"childNodes":[],"prefix":null,"localName":"S","tagName":"S","t":0,"d":24576,"r":297,"__children":[]},{"nodeName":"S","nodeValue":null,"attributes":{"d":"5632"},"childNodes":[],"prefix":null,"localName":"S","tagName":"S","d":5632,"__children":[]}],"prefix":null,"localName":"SegmentTimeline","tagName":"SegmentTimeline","S":[{"nodeName":"S","nodeValue":null,"attributes":{"t":"0","d":"24576","r":"297"},"childNodes":[],"prefix":null,"localName":"S","tagName":"S","t":0,"d":24576,"r":297,"__children":[]},{"nodeName":"S","nodeValue":null,"attributes":{"d":"5632"},"childNodes":[],"prefix":null,"localName":"S","tagName":"S","d":5632,"__children":[]}],"__children":[{"nodeName":"S","nodeValue":null,"attributes":{"t":"0","d":"24576","r":"297"},"childNodes":[],"prefix":null,"localName":"S","tagName":"S","t":0,"d":24576,"r":297,"__children":[]},{"nodeName":"S","nodeValue":null,"attributes":{"d":"5632"},"childNodes":[],"prefix":null,"localName":"S","tagName":"S","d":5632,"__children":[]}]}]}]},{"nodeName":"Representation","nodeValue":null,"attributes":{"id":"4","mimeType":"video/mp4","codecs":"avc1.64001f","bandwidth":"800000","width":"640","height":"360","frameRate":"24/1"},"childNodes":[{"nodeName":"SegmentTemplate","nodeValue":null,"attributes":{"timescale":"12288","initialization":"ll2s-init-stream$RepresentationID$.m4s","media":"ll2s-chunk-stream$RepresentationID$-$Number%05d$.m4s","startNumber":"1"},"childNodes":[{"nodeName":"SegmentTimeline","nodeValue":null,"attributes":{},"childNodes":[{"nodeName":"S","nodeValue":null,"attributes":{"t":"0","d":"24576","r":"297"},"childNodes":[],"prefix":null,"localName":"S","tagName":"S","t":0,"d":24576,"r":297,"__children":[]},{"nodeName":"S","nodeValue":null,"attributes":{"d":"5632"},"childNodes":[],"prefix":null,"localName":"S","tagName":"S","d":5632,"__children":[]}],"prefix":null,"localName":"SegmentTimeline","tagName":"SegmentTimeline","S":[{"nodeName":"S","nodeValue":null,"attributes":{"t":"0","d":"24576","r":"297"},"childNodes":[],"prefix":null,"localName":"S","tagName":"S","t":0,"d":24576,"r":297,"__children":[]},{"nodeName":"S","nodeValue":null,"attributes":{"d":"5632"},"childNodes":[],"prefix":null,"localName":"S","tagName":"S","d":5632,"__children":[]}],"__children":[{"nodeName":"S","nodeValue":null,"attributes":{"t":"0","d":"24576","r":"297"},"childNodes":[],"prefix":null,"localName":"S","tagName":"S","t":0,"d":24576,"r":297,"__children":[]},{"nodeName":"S","nodeValue":null,"attributes":{"d":"5632"},"childNodes":[],"prefix":null,"localName":"S","tagName":"S","d":5632,"__children":[]}]}],"prefix":null,"localName":"SegmentTemplate","tagName":"SegmentTemplate","timescale":12288,"initialization":"ll2s-init-stream$RepresentationID$.m4s","media":"ll2s-chunk-stream$RepresentationID$-$Number%05d$.m4s","startNumber":1,"SegmentTimeline":{"nodeName":"SegmentTimeline","nodeValue":null,"attributes":{},"childNodes":[{"nodeName":"S","nodeValue":null,"attributes":{"t":"0","d":"24576","r":"297"},"childNodes":[],"prefix":null,"localName":"S","tagName":"S","t":0,"d":24576,"r":297,"__children":[]},{"nodeName":"S","nodeValue":null,"attributes":{"d":"5632"},"childNodes":[],"prefix":null,"localName":"S","tagName":"S","d":5632,"__children":[]}],"prefix":null,"localName":"SegmentTimeline","tagName":"SegmentTimeline","S":[{"nodeName":"S","nodeValue":null,"attributes":{"t":"0","d":"24576","r":"297"},"childNodes":[],"prefix":null,"localName":"S","tagName":"S","t":0,"d":24576,"r":297,"__children":[]},{"nodeName":"S","nodeValue":null,"attributes":{"d":"5632"},"childNodes":[],"prefix":null,"localName":"S","tagName":"S","d":5632,"__children":[]}],"__children":[{"nodeName":"S","nodeValue":null,"attributes":{"t":"0","d":"24576","r":"297"},"childNodes":[],"prefix":null,"localName":"S","tagName":"S","t":0,"d":24576,"r":297,"__children":[]},{"nodeName":"S","nodeValue":null,"attributes":{"d":"5632"},"childNodes":[],"prefix":null,"localName":"S","tagName":"S","d":5632,"__children":[]}]},"__children":[{"nodeName":"SegmentTimeline","nodeValue":null,"attributes":{},"childNodes":[{"nodeName":"S","nodeValue":null,"attributes":{"t":"0","d":"24576","r":"297"},"childNodes":[],"prefix":null,"localName":"S","tagName":"S","t":0,"d":24576,"r":297,"__children":[]},{"nodeName":"S","nodeValue":null,"attributes":{"d":"5632"},"childNodes":[],"prefix":null,"localName":"S","tagName":"S","d":5632,"__children":[]}],"prefix":null,"localName":"SegmentTimeline","tagName":"SegmentTimeline","S":[{"nodeName":"S","nodeValue":null,"attributes":{"t":"0","d":"24576","r":"297"},"childNodes":[],"prefix":null,"localName":"S","tagName":"S","t":0,"d":24576,"r":297,"__children":[]},{"nodeName":"S","nodeValue":null,"attributes":{"d":"5632"},"childNodes":[],"prefix":null,"localName":"S","tagName":"S","d":5632,"__children":[]}],"__children":[{"nodeName":"S","nodeValue":null,"attributes":{"t":"0","d":"24576","r":"297"},"childNodes":[],"prefix":null,"localName":"S","tagName":"S","t":0,"d":24576,"r":297,"__children":[]},{"nodeName":"S","nodeValue":null,"attributes":{"d":"5632"},"childNodes":[],"prefix":null,"localName":"S","tagName":"S","d":5632,"__children":[]}]}]}],"prefix":null,"localName":"Representation","tagName":"Representation","id":"4","mimeType":"video/mp4","codecs":"avc1.64001f","bandwidth":800000,"width":640,"height":360,"frameRate":"24/1","SegmentTemplate":{"nodeName":"SegmentTemplate","nodeValue":null,"attributes":{"timescale":"12288","initialization":"ll2s-init-stream$RepresentationID$.m4s","media":"ll2s-chunk-stream$RepresentationID$-$Number%05d$.m4s","startNumber":"1"},"childNodes":[{"nodeName":"SegmentTimeline","nodeValue":null,"attributes":{},"childNodes":[{"nodeName":"S","nodeValue":null,"attributes":{"t":"0","d":"24576","r":"297"},"childNodes":[],"prefix":null,"localName":"S","tagName":"S","t":0,"d":24576,"r":297,"__children":[]},{"nodeName":"S","nodeValue":null,"attributes":{"d":"5632"},"childNodes":[],"prefix":null,"localName":"S","tagName":"S","d":5632,"__children":[]}],"prefix":null,"localName":"SegmentTimeline","tagName":"SegmentTimeline","S":[{"nodeName":"S","nodeValue":null,"attributes":{"t":"0","d":"24576","r":"297"},"childNodes":[],"prefix":null,"localName":"S","tagName":"S","t":0,"d":24576,"r":297,"__children":[]},{"nodeName":"S","nodeValue":null,"attributes":{"d":"5632"},"childNodes":[],"prefix":null,"localName":"S","tagName":"S","d":5632,"__children":[]}],"__children":[{"nodeName":"S","nodeValue":null,"attributes":{"t":"0","d":"24576","r":"297"},"childNodes":[],"prefix":null,"localName":"S","tagName":"S","t":0,"d":24576,"r":297,"__children":[]},{"nodeName":"S","nodeValue":null,"attributes":{"d":"5632"},"childNodes":[],"prefix":null,"localName":"S","tagName":"S","d":5632,"__children":[]}]}],"prefix":null,"localName":"SegmentTemplate","tagName":"SegmentTemplate","timescale":12288,"initialization":"ll2s-init-stream$RepresentationID$.m4s","media":"ll2s-chunk-stream$RepresentationID$-$Number%05d$.m4s","startNumber":1,"SegmentTimeline":{"nodeName":"SegmentTimeline","nodeValue":null,"attributes":{},"childNodes":[{"nodeName":"S","nodeValue":null,"attributes":{"t":"0","d":"24576","r":"297"},"childNodes":[],"prefix":null,"localName":"S","tagName":"S","t":0,"d":24576,"r":297,"__children":[]},{"nodeName":"S","nodeValue":null,"attributes":{"d":"5632"},"childNodes":[],"prefix":null,"localName":"S","tagName":"S","d":5632,"__children":[]}],"prefix":null,"localName":"SegmentTimeline","tagName":"SegmentTimeline","S":[{"nodeName":"S","nodeValue":null,"attributes":{"t":"0","d":"24576","r":"297"},"childNodes":[],"prefix":null,"localName":"S","tagName":"S","t":0,"d":24576,"r":297,"__children":[]},{"nodeName":"S","nodeValue":null,"attributes":{"d":"5632"},"childNodes":[],"prefix":null,"localName":"S","tagName":"S","d":5632,"__children":[]}],"__children":[{"nodeName":"S","nodeValue":null,"attributes":{"t":"0","d":"24576","r":"297"},"childNodes":[],"prefix":null,"localName":"S","tagName":"S","t":0,"d":24576,"r":297,"__children":[]},{"nodeName":"S","nodeValue":null,"attributes":{"d":"5632"},"childNodes":[],"prefix":null,"localName":"S","tagName":"S","d":5632,"__children":[]}]},"__children":[{"nodeName":"SegmentTimeline","nodeValue":null,"attributes":{},"childNodes":[{"nodeName":"S","nodeValue":null,"attributes":{"t":"0","d":"24576","r":"297"},"childNodes":[],"prefix":null,"localName":"S","tagName":"S","t":0,"d":24576,"r":297,"__children":[]},{"nodeName":"S","nodeValue":null,"attributes":{"d":"5632"},"childNodes":[],"prefix":null,"localName":"S","tagName":"S","d":5632,"__children":[]}],"prefix":null,"localName":"SegmentTimeline","tagName":"SegmentTimeline","S":[{"nodeName":"S","nodeValue":null,"attributes":{"t":"0","d":"24576","r":"297"},"childNodes":[],"prefix":null,"localName":"S","tagName":"S","t":0,"d":24576,"r":297,"__children":[]},{"nodeName":"S","nodeValue":null,"attributes":{"d":"5632"},"childNodes":[],"prefix":null,"localName":"S","tagName":"S","d":5632,"__children":[]}],"__children":[{"nodeName":"S","nodeValue":null,"attributes":{"t":"0","d":"24576","r":"297"},"childNodes":[],"prefix":null,"localName":"S","tagName":"S","t":0,"d":24576,"r":297,"__children":[]},{"nodeName":"S","nodeValue":null,"attributes":{"d":"5632"},"childNodes":[],"prefix":null,"localName":"S","tagName":"S","d":5632,"__children":[]}]}]},"__children":[{"nodeName":"SegmentTemplate","nodeValue":null,"attributes":{"timescale":"12288","initialization":"ll2s-init-stream$RepresentationID$.m4s","media":"ll2s-chunk-stream$RepresentationID$-$Number%05d$.m4s","startNumber":"1"},"childNodes":[{"nodeName":"SegmentTimeline","nodeValue":null,"attributes":{},"childNodes":[{"nodeName":"S","nodeValue":null,"attributes":{"t":"0","d":"24576","r":"297"},"childNodes":[],"prefix":null,"localName":"S","tagName":"S","t":0,"d":24576,"r":297,"__children":[]},{"nodeName":"S","nodeValue":null,"attributes":{"d":"5632"},"childNodes":[],"prefix":null,"localName":"S","tagName":"S","d":5632,"__children":[]}],"prefix":null,"localName":"SegmentTimeline","tagName":"SegmentTimeline","S":[{"nodeName":"S","nodeValue":null,"attributes":{"t":"0","d":"24576","r":"297"},"childNodes":[],"prefix":null,"localName":"S","tagName":"S","t":0,"d":24576,"r":297,"__children":[]},{"nodeName":"S","nodeValue":null,"attributes":{"d":"5632"},"childNodes":[],"prefix":null,"localName":"S","tagName":"S","d":5632,"__children":[]}],"__children":[{"nodeName":"S","nodeValue":null,"attributes":{"t":"0","d":"24576","r":"297"},"childNodes":[],"prefix":null,"localName":"S","tagName":"S","t":0,"d":24576,"r":297,"__children":[]},{"nodeName":"S","nodeValue":null,"attributes":{"d":"5632"},"childNodes":[],"prefix":null,"localName":"S","tagName":"S","d":5632,"__children":[]}]}],"prefix":null,"localName":"SegmentTemplate","tagName":"SegmentTemplate","timescale":12288,"initialization":"ll2s-init-stream$RepresentationID$.m4s","media":"ll2s-chunk-stream$RepresentationID$-$Number%05d$.m4s","startNumber":1,"SegmentTimeline":{"nodeName":"SegmentTimeline","nodeValue":null,"attributes":{},"childNodes":[{"nodeName":"S","nodeValue":null,"attributes":{"t":"0","d":"24576","r":"297"},"childNodes":[],"prefix":null,"localName":"S","tagName":"S","t":0,"d":24576,"r":297,"__children":[]},{"nodeName":"S","nodeValue":null,"attributes":{"d":"5632"},"childNodes":[],"prefix":null,"localName":"S","tagName":"S","d":5632,"__children":[]}],"prefix":null,"localName":"SegmentTimeline","tagName":"SegmentTimeline","S":[{"nodeName":"S","nodeValue":null,"attributes":{"t":"0","d":"24576","r":"297"},"childNodes":[],"prefix":null,"localName":"S","tagName":"S","t":0,"d":24576,"r":297,"__children":[]},{"nodeName":"S","nodeValue":null,"attributes":{"d":"5632"},"childNodes":[],"prefix":null,"localName":"S","tagName":"S","d":5632,"__children":[]}],"__children":[{"nodeName":"S","nodeValue":null,"attributes":{"t":"0","d":"24576","r":"297"},"childNodes":[],"prefix":null,"localName":"S","tagName":"S","t":0,"d":24576,"r":297,"__children":[]},{"nodeName":"S","nodeValue":null,"attributes":{"d":"5632"},"childNodes":[],"prefix":null,"localName":"S","tagName":"S","d":5632,"__children":[]}]},"__children":[{"nodeName":"SegmentTimeline","nodeValue":null,"attributes":{},"childNodes":[{"nodeName":"S","nodeValue":null,"attributes":{"t":"0","d":"24576","r":"297"},"childNodes":[],"prefix":null,"localName":"S","tagName":"S","t":0,"d":24576,"r":297,"__children":[]},{"nodeName":"S","nodeValue":null,"attributes":{"d":"5632"},"childNodes":[],"prefix":null,"localName":"S","tagName":"S","d":5632,"__children":[]}],"prefix":null,"localName":"SegmentTimeline","tagName":"SegmentTimeline","S":[{"nodeName":"S","nodeValue":null,"attributes":{"t":"0","d":"24576","r":"297"},"childNodes":[],"prefix":null,"localName":"S","tagName":"S","t":0,"d":24576,"r":297,"__children":[]},{"nodeName":"S","nodeValue":null,"attributes":{"d":"5632"},"childNodes":[],"prefix":null,"localName":"S","tagName":"S","d":5632,"__children":[]}],"__children":[{"nodeName":"S","nodeValue":null,"attributes":{"t":"0","d":"24576","r":"297"},"childNodes":[],"prefix":null,"localName":"S","tagName":"S","t":0,"d":24576,"r":297,"__children":[]},{"nodeName":"S","nodeValue":null,"attributes":{"d":"5632"},"childNodes":[],"prefix":null,"localName":"S","tagName":"S","d":5632,"__children":[]}]}]}]},{"nodeName":"Representation","nodeValue":null,"attributes":{"id":"5","mimeType":"video/mp4","codecs":"avc1.64001f","bandwidth":"1200000","width":"640","height":"360","frameRate":"24/1"},"childNodes":[{"nodeName":"SegmentTemplate","nodeValue":null,"attributes":{"timescale":"12288","initialization":"ll2s-init-stream$RepresentationID$.m4s","media":"ll2s-chunk-stream$RepresentationID$-$Number%05d$.m4s","startNumber":"1"},"childNodes":[{"nodeName":"SegmentTimeline","nodeValue":null,"attributes":{},"childNodes":[{"nodeName":"S","nodeValue":null,"attributes":{"t":"0","d":"24576","r":"297"},"childNodes":[],"prefix":null,"localName":"S","tagName":"S","t":0,"d":24576,"r":297,"__children":[]},{"nodeName":"S","nodeValue":null,"attributes":{"d":"5632"},"childNodes":[],"prefix":null,"localName":"S","tagName":"S","d":5632,"__children":[]}],"prefix":null,"localName":"SegmentTimeline","tagName":"SegmentTimeline","S":[{"nodeName":"S","nodeValue":null,"attributes":{"t":"0","d":"24576","r":"297"},"childNodes":[],"prefix":null,"localName":"S","tagName":"S","t":0,"d":24576,"r":297,"__children":[]},{"nodeName":"S","nodeValue":null,"attributes":{"d":"5632"},"childNodes":[],"prefix":null,"localName":"S","tagName":"S","d":5632,"__children":[]}],"__children":[{"nodeName":"S","nodeValue":null,"attributes":{"t":"0","d":"24576","r":"297"},"childNodes":[],"prefix":null,"localName":"S","tagName":"S","t":0,"d":24576,"r":297,"__children":[]},{"nodeName":"S","nodeValue":null,"attributes":{"d":"5632"},"childNodes":[],"prefix":null,"localName":"S","tagName":"S","d":5632,"__children":[]}]}],"prefix":null,"localName":"SegmentTemplate","tagName":"SegmentTemplate","timescale":12288,"initialization":"ll2s-init-stream$RepresentationID$.m4s","media":"ll2s-chunk-stream$RepresentationID$-$Number%05d$.m4s","startNumber":1,"SegmentTimeline":{"nodeName":"SegmentTimeline","nodeVa   t=112s | buffer: 0.1s | bitrate: 100 kbps | tp: 2 kbps | trace_bw: 2 kbps

======================================================================
  BENCHMARK RESULTS (LLDASH-GPAC / dash.js / BOLA)
======================================================================

  [TIMING]
      Startup delay:     1,692 ms
      Playback time:     21.9 s

  [BITRATE]
      Average (selected):  100 kbps
      Average (effective): 18 kbps
      Min / Max:           100 / 100 kbps
      Median:              100 kbps
      Std deviation:       0.0 kbps
      Variance:            0.0
      25th/75th %ile:      100 / 100 kbps

  [SWITCHES]
      Total count:       0
      Up / Down:         0 / 0
      Avg magnitude:     0 kbps

  [REBUFFERING]
      Events:            7
      Total time:        99,698 ms
      Ratio:             82.0006%
      Frequency:         19.192 per minute
      Avg duration:      1,185 ms
      Max duration:      3,835 ms

  [THROUGHPUT]
      Average:           2,723 kbps
      Median:            0 kbps
      Min / Max:         0 / 107,356 kbps
      Std deviation:     13,157.0 kbps

  [AVAILABLE BW (trace)]
      Average:           2,723 kbps
      Min / Max:         0 / 107,356 kbps

  [BUFFER]
      Average level:     0.6 s
      Min / Max:         0.1 / 7.3 s

  [UTILIZATION]
      Bandwidth:         0.0%

======================================================================

[SAVED] results/results/run_all_20260525_151403/lldash-gpac_5g-ireland/benchmark_lldash-gpac_netflix_static_season3-strangerthings_B_2019_12_16_13_03_47_tc_20260525_212000.json

======================================================================
  BATCH COMPLETE: 83/83 succeeded
  Results saved to: results/results/run_all_20260525_151403/lldash-gpac_5g-ireland/
======================================================================

