[CONTENT] hls: present (content/hls/master.m3u8)
[SERVER] hls: hls-dash-server already up (http://localhost:8080/health)

======================================================================
  BATCH RUN: 150 trace(s) from traces/fcc_2023
======================================================================


──────────────────────────────────────────────────────────────────────
  [1/150] fcc2023_000_unit55893185_tc.csv
──────────────────────────────────────────────────────────────────────
[TRACE] fcc2023_000_unit55893185_tc.csv
[HLS-SHAPER] Triggering tc-trace via /startShaping API...
[HLS-SHAPER] tc-trace.py starting in container

======================================================================
  HLS Streaming QoE Benchmark (hls.js)
======================================================================
  Server: http://localhost:8080/hls.html?manifest=http://localhost:8080/hls/master.m3u8
======================================================================

[TRACE] Loaded 165 entries with bandwidth
[BROWSER] Launching headless Chromium...
[BROWSER] Waiting for playback to start...
   Startup delay: 12112ms

[PLAYBACK] Collecting metrics...
   t=10s | buffer: 9.8s | bitrate: 660 kbps | tp: 819 kbps | trace_bw: 325 kbps
   t=20s | buffer: 3.6s | bitrate: 660 kbps | tp: 514 kbps | trace_bw: 1210 kbps
   t=31s | buffer: 17.3s | bitrate: 220 kbps | tp: 505 kbps | trace_bw: 293 kbps
   t=41s | buffer: 23.1s | bitrate: 220 kbps | tp: 435 kbps | trace_bw: 539 kbps
   t=51s | buffer: 32.9s | bitrate: 220 kbps | tp: 441 kbps | trace_bw: 150 kbps
   t=61s | buffer: 30.6s | bitrate: 110 kbps | tp: 383 kbps | trace_bw: 1103 kbps
   t=72s | buffer: 28.4s | bitrate: 220 kbps | tp: 343 kbps | trace_bw: 699 kbps
   t=82s | buffer: 30.2s | bitrate: 220 kbps | tp: 330 kbps | trace_bw: 533 kbps
   t=92s | buffer: 28.0s | bitrate: 220 kbps | tp: 318 kbps | trace_bw: 578 kbps
   t=102s | buffer: 29.7s | bitrate: 220 kbps | tp: 333 kbps | trace_bw: 963 kbps
   t=113s | buffer: 31.5s | bitrate: 220 kbps | tp: 333 kbps | trace_bw: 969 kbps

======================================================================
  BENCHMARK RESULTS (HLS / hls.js)
======================================================================

  [TIMING]
      Startup delay:     12,112 ms
      Playback time:     120.2 s

  [BITRATE]
      Average (selected):  287 kbps
      Average (effective): 281 kbps
      Min / Max:           110 / 660 kbps
      Median:              220 kbps
      Std deviation:       159.6 kbps
      Variance:            25,482.9
      25th/75th %ile:      220 / 220 kbps

  [SWITCHES]
      Total count:       5
      Up / Down:         3 / 2
      Avg magnitude:     220 kbps

  [REBUFFERING]
      Events:            1
      Total time:        2,541 ms
      Ratio:             2.0694%
      Frequency:         0.499 per minute
      Avg duration:      2,541 ms
      Max duration:      2,541 ms

  [THROUGHPUT]
      Average:           423 kbps
      Median:            380 kbps
      Min / Max:         0 / 893 kbps
      Std deviation:     127.8 kbps

  [AVAILABLE BW (trace)]
      Average:           650 kbps
      Min / Max:         150 / 1,210 kbps
      Utilisation:       58.5%

  [BUFFER]
      Average level:     23.0 s
      Min / Max:         0.0 / 32.9 s

  [UTILIZATION]
      Bandwidth:         53.2%

======================================================================

[SAVED] results/run_all_20260607_000000/hls_fcc_2023/benchmark_hls_fcc2023_000_unit55893185_tc_20260607_164042.json

──────────────────────────────────────────────────────────────────────
  [2/150] fcc2023_001_unit40468013_tc.csv
──────────────────────────────────────────────────────────────────────
[TRACE] fcc2023_001_unit40468013_tc.csv
[HLS-SHAPER] Triggering tc-trace via /startShaping API...
[HLS-SHAPER] tc-trace.py starting in container

======================================================================
  HLS Streaming QoE Benchmark (hls.js)
======================================================================
  Server: http://localhost:8080/hls.html?manifest=http://localhost:8080/hls/master.m3u8
======================================================================

[TRACE] Loaded 258 entries with bandwidth
[BROWSER] Launching headless Chromium...
[BROWSER] Waiting for playback to start...
   Startup delay: 5462ms

[PLAYBACK] Collecting metrics...
   t=10s | buffer: 9.8s | bitrate: 880 kbps | tp: 1067 kbps | trace_bw: 1578 kbps
   t=20s | buffer: 11.6s | bitrate: 880 kbps | tp: 1112 kbps | trace_bw: 1509 kbps
   t=31s | buffer: 17.3s | bitrate: 880 kbps | tp: 1092 kbps | trace_bw: 1108 kbps
   t=41s | buffer: 27.1s | bitrate: 880 kbps | tp: 1158 kbps | trace_bw: 1455 kbps
   t=51s | buffer: 24.9s | bitrate: 880 kbps | tp: 1053 kbps | trace_bw: 1150 kbps
   t=61s | buffer: 30.6s | bitrate: 880 kbps | tp: 1083 kbps | trace_bw: 1246 kbps
   t=72s | buffer: 28.4s | bitrate: 880 kbps | tp: 986 kbps | trace_bw: 1574 kbps
   t=82s | buffer: 30.2s | bitrate: 880 kbps | tp: 980 kbps | trace_bw: 1273 kbps
   t=92s | buffer: 27.9s | bitrate: 880 kbps | tp: 971 kbps | trace_bw: 1076 kbps
   t=102s | buffer: 29.7s | bitrate: 880 kbps | tp: 965 kbps | trace_bw: 1404 kbps
   t=113s | buffer: 27.5s | bitrate: 880 kbps | tp: 934 kbps | trace_bw: 1353 kbps

======================================================================
  BENCHMARK RESULTS (HLS / hls.js)
======================================================================

  [TIMING]
      Startup delay:     5,462 ms
      Playback time:     120.2 s

  [BITRATE]
      Average (selected):  858 kbps
      Average (effective): 843 kbps
      Min / Max:           440 / 880 kbps
      Median:              880 kbps
      Std deviation:       86.9 kbps
      Variance:            7,553.2
      25th/75th %ile:      880 / 880 kbps

  [SWITCHES]
      Total count:       2
      Up / Down:         2 / 0
      Avg magnitude:     220 kbps

  [REBUFFERING]
      Events:            1
      Total time:        2,136 ms
      Ratio:             1.7453%
      Frequency:         0.499 per minute
      Avg duration:      2,136 ms
      Max duration:      2,136 ms

  [THROUGHPUT]
      Average:           1,020 kbps
      Median:            1,011 kbps
      Min / Max:         5 / 1,236 kbps
      Std deviation:     156.2 kbps

  [AVAILABLE BW (trace)]
      Average:           1,295 kbps
      Min / Max:         1,076 / 1,578 kbps
      Utilisation:       78.1%

  [BUFFER]
      Average level:     23.6 s
      Min / Max:         0.0 / 32.1 s

  [UTILIZATION]
      Bandwidth:         67.4%

======================================================================

[SAVED] results/run_all_20260607_000000/hls_fcc_2023/benchmark_hls_fcc2023_001_unit40468013_tc_20260607_164258.json

──────────────────────────────────────────────────────────────────────
  [3/150] fcc2023_002_unit3952689_tc.csv
──────────────────────────────────────────────────────────────────────
[TRACE] fcc2023_002_unit3952689_tc.csv
[HLS-SHAPER] Triggering tc-trace via /startShaping API...
[HLS-SHAPER] tc-trace.py starting in container

======================================================================
  HLS Streaming QoE Benchmark (hls.js)
======================================================================
  Server: http://localhost:8080/hls.html?manifest=http://localhost:8080/hls/master.m3u8
======================================================================

[TRACE] Loaded 215 entries with bandwidth
[BROWSER] Launching headless Chromium...
[BROWSER] Waiting for playback to start...
   Startup delay: 16732ms

[PLAYBACK] Collecting metrics...
   t=10s | buffer: 5.0s | bitrate: 110 kbps | tp: 96 kbps | trace_bw: 1873 kbps
   t=20s | buffer: 6.7s | bitrate: 110 kbps | tp: 123 kbps | trace_bw: 18343 kbps
   t=31s | buffer: 8.5s | bitrate: 220 kbps | tp: 174 kbps | trace_bw: 1346 kbps
   t=41s | buffer: 14.3s | bitrate: 220 kbps | tp: 205 kbps | trace_bw: 2147 kbps
   t=51s | buffer: 16.1s | bitrate: 220 kbps | tp: 200 kbps | trace_bw: 28653 kbps
   t=61s | buffer: 17.8s | bitrate: 220 kbps | tp: 209 kbps | trace_bw: 13879 kbps
   t=72s | buffer: 23.6s | bitrate: 220 kbps | tp: 223 kbps | trace_bw: 2998 kbps
   t=82s | buffer: 25.3s | bitrate: 220 kbps | tp: 218 kbps | trace_bw: 11249 kbps
   t=92s | buffer: 27.1s | bitrate: 220 kbps | tp: 223 kbps | trace_bw: 32516 kbps
   t=102s | buffer: 28.9s | bitrate: 220 kbps | tp: 230 kbps | trace_bw: 9646 kbps
   t=113s | buffer: 26.7s | bitrate: 220 kbps | tp: 223 kbps | trace_bw: 10375 kbps

======================================================================
  BENCHMARK RESULTS (HLS / hls.js)
======================================================================

  [TIMING]
      Startup delay:     16,732 ms
      Playback time:     117.1 s

  [BITRATE]
      Average (selected):  218 kbps
      Average (effective): 201 kbps
      Min / Max:           110 / 440 kbps
      Median:              220 kbps
      Std deviation:       66.6 kbps
      Variance:            4,433.3
      25th/75th %ile:      220 / 220 kbps

  [SWITCHES]
      Total count:       2
      Up / Down:         1 / 1
      Avg magnitude:     220 kbps

  [REBUFFERING]
      Events:            3
      Total time:        9,928 ms
      Ratio:             7.8173%
      Frequency:         1.538 per minute
      Avg duration:      3,309 ms
      Max duration:      6,713 ms

  [THROUGHPUT]
      Average:           184 kbps
      Median:            215 kbps
      Min / Max:         0 / 231 kbps
      Std deviation:     63.2 kbps

  [AVAILABLE BW (trace)]
      Average:           11,644 kbps
      Min / Max:         1,191 / 35,401 kbps
      Utilisation:       1.8%

  [BUFFER]
      Average level:     17.7 s
      Min / Max:         0.0 / 30.3 s

  [UTILIZATION]
      Bandwidth:         2.6%

======================================================================

[SAVED] results/run_all_20260607_000000/hls_fcc_2023/benchmark_hls_fcc2023_002_unit3952689_tc_20260607_164507.json

──────────────────────────────────────────────────────────────────────
  [4/150] fcc2023_003_unit999847_tc.csv
──────────────────────────────────────────────────────────────────────
[TRACE] fcc2023_003_unit999847_tc.csv
[HLS-SHAPER] Triggering tc-trace via /startShaping API...
[HLS-SHAPER] tc-trace.py starting in container

======================================================================
  HLS Streaming QoE Benchmark (hls.js)
======================================================================
  Server: http://localhost:8080/hls.html?manifest=http://localhost:8080/hls/master.m3u8
======================================================================

[TRACE] Loaded 190 entries with bandwidth
[BROWSER] Launching headless Chromium...
[BROWSER] Waiting for playback to start...
   Startup delay: 2638ms

[PLAYBACK] Collecting metrics...
   t=10s | buffer: 5.8s | bitrate: 1650 kbps | tp: 1833 kbps | trace_bw: 2042 kbps
   t=20s | buffer: 11.6s | bitrate: 1650 kbps | tp: 2122 kbps | trace_bw: 2373 kbps
   t=31s | buffer: 17.4s | bitrate: 1650 kbps | tp: 2117 kbps | trace_bw: 2892 kbps
   t=41s | buffer: 31.2s | bitrate: 1650 kbps | tp: 2349 kbps | trace_bw: 2894 kbps
   t=51s | buffer: 25.0s | bitrate: 1650 kbps | tp: 2019 kbps | trace_bw: 2935 kbps
   t=61s | buffer: 30.8s | bitrate: 1650 kbps | tp: 2071 kbps | trace_bw: 2749 kbps
   t=72s | buffer: 28.5s | bitrate: 1650 kbps | tp: 1883 kbps | trace_bw: 2975 kbps
   t=82s | buffer: 30.3s | bitrate: 1650 kbps | tp: 1865 kbps | trace_bw: 2814 kbps
   t=92s | buffer: 28.1s | bitrate: 1650 kbps | tp: 1842 kbps | trace_bw: 2946 kbps
   t=102s | buffer: 29.9s | bitrate: 1650 kbps | tp: 1825 kbps | trace_bw: 2954 kbps
   t=112s | buffer: 27.7s | bitrate: 1650 kbps | tp: 1762 kbps | trace_bw: 2256 kbps

======================================================================
  BENCHMARK RESULTS (HLS / hls.js)
======================================================================

  [TIMING]
      Startup delay:     2,638 ms
      Playback time:     120.1 s

  [BITRATE]
      Average (selected):  1,610 kbps
      Average (effective): 1,596 kbps
      Min / Max:           440 / 1,650 kbps
      Median:              1,650 kbps
      Std deviation:       217.2 kbps
      Variance:            47,176.6
      25th/75th %ile:      1,650 / 1,650 kbps

  [SWITCHES]
      Total count:       1
      Up / Down:         1 / 0
      Avg magnitude:     1,210 kbps

  [REBUFFERING]
      Events:            1
      Total time:        1,042 ms
      Ratio:             0.8603%
      Frequency:         0.500 per minute
      Avg duration:      1,042 ms
      Max duration:      1,042 ms

  [THROUGHPUT]
      Average:           1,927 kbps
      Median:            1,899 kbps
      Min / Max:         3 / 2,379 kbps
      Std deviation:     356.7 kbps

  [AVAILABLE BW (trace)]
      Average:           2,701 kbps
      Min / Max:         1,928 / 2,975 kbps
      Utilisation:       70.3%

  [BUFFER]
      Average level:     24.0 s
      Min / Max:         0.0 / 32.4 s

  [UTILIZATION]
      Bandwidth:         57.3%

======================================================================

[SAVED] results/run_all_20260607_000000/hls_fcc_2023/benchmark_hls_fcc2023_003_unit999847_tc_20260607_164731.json

──────────────────────────────────────────────────────────────────────
  [5/150] fcc2023_004_unit1000281_tc.csv
──────────────────────────────────────────────────────────────────────
[TRACE] fcc2023_004_unit1000281_tc.csv
[HLS-SHAPER] Triggering tc-trace via /startShaping API...
[HLS-SHAPER] tc-trace.py starting in container

======================================================================
  HLS Streaming QoE Benchmark (hls.js)
======================================================================
  Server: http://localhost:8080/hls.html?manifest=http://localhost:8080/hls/master.m3u8
======================================================================

[TRACE] Loaded 264 entries with bandwidth
[BROWSER] Launching headless Chromium...
[BROWSER] Waiting for playback to start...
   Startup delay: 2011ms

[PLAYBACK] Collecting metrics...
   t=10s | buffer: 9.8s | bitrate: 2200 kbps | tp: 2583 kbps | trace_bw: 3494 kbps
   t=20s | buffer: 15.6s | bitrate: 2200 kbps | tp: 3129 kbps | trace_bw: 3551 kbps
   t=31s | buffer: 21.4s | bitrate: 2200 kbps | tp: 3043 kbps | trace_bw: 3502 kbps
   t=41s | buffer: 31.2s | bitrate: 2200 kbps | tp: 3052 kbps | trace_bw: 3657 kbps
   t=51s | buffer: 29.0s | bitrate: 2200 kbps | tp: 2938 kbps | trace_bw: 3507 kbps
   t=61s | buffer: 30.8s | bitrate: 2200 kbps | tp: 2709 kbps | trace_bw: 3612 kbps
   t=72s | buffer: 28.6s | bitrate: 2200 kbps | tp: 2467 kbps | trace_bw: 3552 kbps
   t=82s | buffer: 30.3s | bitrate: 2200 kbps | tp: 2448 kbps | trace_bw: 3531 kbps
   t=92s | buffer: 28.1s | bitrate: 2200 kbps | tp: 2420 kbps | trace_bw: 3607 kbps
   t=102s | buffer: 29.9s | bitrate: 2200 kbps | tp: 2400 kbps | trace_bw: 3489 kbps
   t=112s | buffer: 27.7s | bitrate: 2200 kbps | tp: 2320 kbps | trace_bw: 3546 kbps

======================================================================
  BENCHMARK RESULTS (HLS / hls.js)
======================================================================

  [TIMING]
      Startup delay:     2,011 ms
      Playback time:     120.5 s

  [BITRATE]
      Average (selected):  2,123 kbps
      Average (effective): 2,110 kbps
      Min / Max:           440 / 2,200 kbps
      Median:              2,200 kbps
      Std deviation:       327.1 kbps
      Variance:            106,986.5
      25th/75th %ile:      2,200 / 2,200 kbps

  [SWITCHES]
      Total count:       2
      Up / Down:         2 / 0
      Avg magnitude:     880 kbps

  [REBUFFERING]
      Events:            1
      Total time:        776 ms
      Ratio:             0.6397%
      Frequency:         0.498 per minute
      Avg duration:      776 ms
      Max duration:      776 ms

  [THROUGHPUT]
      Average:           2,627 kbps
      Median:            2,570 kbps
      Min / Max:         5 / 3,261 kbps
      Std deviation:     438.5 kbps

  [AVAILABLE BW (trace)]
      Average:           3,530 kbps
      Min / Max:         3,449 / 3,657 kbps
      Utilisation:       72.8%

  [BUFFER]
      Average level:     25.1 s
      Min / Max:         0.0 / 32.4 s

  [UTILIZATION]
      Bandwidth:         60.4%

======================================================================

[SAVED] results/run_all_20260607_000000/hls_fcc_2023/benchmark_hls_fcc2023_004_unit1000281_tc_20260607_164938.json

──────────────────────────────────────────────────────────────────────
  [6/150] fcc2023_005_unit40730021_tc.csv
──────────────────────────────────────────────────────────────────────
[TRACE] fcc2023_005_unit40730021_tc.csv
[HLS-SHAPER] Triggering tc-trace via /startShaping API...
[HLS-SHAPER] tc-trace.py starting in container

======================================================================
  HLS Streaming QoE Benchmark (hls.js)
======================================================================
  Server: http://localhost:8080/hls.html?manifest=http://localhost:8080/hls/master.m3u8
======================================================================

[TRACE] Loaded 132 entries with bandwidth
[BROWSER] Launching headless Chromium...
[BROWSER] Waiting for playback to start...
   Startup delay: 1650ms

[PLAYBACK] Collecting metrics...
   t=10s | buffer: 13.8s | bitrate: 2200 kbps | tp: 3525 kbps | trace_bw: 4401 kbps
   t=20s | buffer: 23.6s | bitrate: 2200 kbps | tp: 3868 kbps | trace_bw: 4402 kbps
   t=31s | buffer: 29.4s | bitrate: 2200 kbps | tp: 3469 kbps | trace_bw: 4404 kbps
   t=41s | buffer: 31.2s | bitrate: 2200 kbps | tp: 3111 kbps | trace_bw: 4401 kbps
   t=51s | buffer: 25.0s | bitrate: 2200 kbps | tp: 2674 kbps | trace_bw: 3218 kbps
   t=61s | buffer: 30.8s | bitrate: 2200 kbps | tp: 2713 kbps | trace_bw: 4403 kbps
   t=72s | buffer: 28.6s | bitrate: 2200 kbps | tp: 2453 kbps | trace_bw: 4401 kbps
   t=82s | buffer: 30.3s | bitrate: 2200 kbps | tp: 2436 kbps | trace_bw: 4406 kbps
   t=92s | buffer: 28.1s | bitrate: 1650 kbps | tp: 2409 kbps | trace_bw: 4402 kbps
   t=102s | buffer: 29.9s | bitrate: 2200 kbps | tp: 2390 kbps | trace_bw: 4421 kbps
   t=112s | buffer: 31.7s | bitrate: 2200 kbps | tp: 2391 kbps | trace_bw: 4409 kbps

======================================================================
  BENCHMARK RESULTS (HLS / hls.js)
======================================================================

  [TIMING]
      Startup delay:     1,650 ms
      Playback time:     120.0 s

  [BITRATE]
      Average (selected):  2,086 kbps
      Average (effective): 2,075 kbps
      Min / Max:           440 / 2,200 kbps
      Median:              2,200 kbps
      Std deviation:       347.3 kbps
      Variance:            120,583.2
      25th/75th %ile:      2,200 / 2,200 kbps

  [SWITCHES]
      Total count:       3
      Up / Down:         2 / 1
      Avg magnitude:     953 kbps

  [REBUFFERING]
      Events:            1
      Total time:        639 ms
      Ratio:             0.5295%
      Frequency:         0.500 per minute
      Avg duration:      639 ms
      Max duration:      639 ms

  [THROUGHPUT]
      Average:           2,844 kbps
      Median:            2,668 kbps
      Min / Max:         5 / 4,071 kbps
      Std deviation:     637.5 kbps

  [AVAILABLE BW (trace)]
      Average:           4,271 kbps
      Min / Max:         2,628 / 4,421 kbps
      Utilisation:       62.5%

  [BUFFER]
      Average level:     26.7 s
      Min / Max:         0.0 / 33.0 s

  [UTILIZATION]
      Bandwidth:         47.4%

======================================================================

[SAVED] results/run_all_20260607_000000/hls_fcc_2023/benchmark_hls_fcc2023_005_unit40730021_tc_20260607_165144.json

──────────────────────────────────────────────────────────────────────
  [7/150] fcc2023_006_unit56721773_tc.csv
──────────────────────────────────────────────────────────────────────
[TRACE] fcc2023_006_unit56721773_tc.csv
[HLS-SHAPER] Triggering tc-trace via /startShaping API...
[HLS-SHAPER] tc-trace.py starting in container

======================================================================
  HLS Streaming QoE Benchmark (hls.js)
======================================================================
  Server: http://localhost:8080/hls.html?manifest=http://localhost:8080/hls/master.m3u8
======================================================================

[TRACE] Loaded 291 entries with bandwidth
[BROWSER] Launching headless Chromium...
[BROWSER] Waiting for playback to start...
   Startup delay: 1468ms

[PLAYBACK] Collecting metrics...
   t=10s | buffer: 13.9s | bitrate: 3300 kbps | tp: 4672 kbps | trace_bw: 5743 kbps
   t=20s | buffer: 19.7s | bitrate: 3300 kbps | tp: 5060 kbps | trace_bw: 5799 kbps
   t=31s | buffer: 29.4s | bitrate: 3300 kbps | tp: 5006 kbps | trace_bw: 6076 kbps
   t=41s | buffer: 31.2s | bitrate: 3300 kbps | tp: 4520 kbps | trace_bw: 6034 kbps
   t=51s | buffer: 29.0s | bitrate: 3300 kbps | tp: 4360 kbps | trace_bw: 5575 kbps
   t=61s | buffer: 30.8s | bitrate: 3300 kbps | tp: 4017 kbps | trace_bw: 5410 kbps
   t=71s | buffer: 28.6s | bitrate: 3300 kbps | tp: 3654 kbps | trace_bw: 6054 kbps
   t=82s | buffer: 30.4s | bitrate: 3300 kbps | tp: 3627 kbps | trace_bw: 6090 kbps
   t=92s | buffer: 28.2s | bitrate: 3300 kbps | tp: 3591 kbps | trace_bw: 5750 kbps
   t=102s | buffer: 30.0s | bitrate: 3300 kbps | tp: 3564 kbps | trace_bw: 6088 kbps
   t=112s | buffer: 27.7s | bitrate: 3300 kbps | tp: 3446 kbps | trace_bw: 6040 kbps

======================================================================
  BENCHMARK RESULTS (HLS / hls.js)
======================================================================

  [TIMING]
      Startup delay:     1,468 ms
      Playback time:     120.0 s

  [BITRATE]
      Average (selected):  3,168 kbps
      Average (effective): 3,152 kbps
      Min / Max:           440 / 3,300 kbps
      Median:              3,300 kbps
      Std deviation:       543.7 kbps
      Variance:            295,562.7
      25th/75th %ile:      3,300 / 3,300 kbps

  [SWITCHES]
      Total count:       2
      Up / Down:         2 / 0
      Avg magnitude:     1,430 kbps

  [REBUFFERING]
      Events:            1
      Total time:        596 ms
      Ratio:             0.4941%
      Frequency:         0.500 per minute
      Avg duration:      596 ms
      Max duration:      596 ms

  [THROUGHPUT]
      Average:           4,016 kbps
      Median:            3,900 kbps
      Min / Max:         7 / 5,190 kbps
      Std deviation:     672.2 kbps

  [AVAILABLE BW (trace)]
      Average:           5,850 kbps
      Min / Max:         5,371 / 6,090 kbps
      Utilisation:       66.7%

  [BUFFER]
      Average level:     26.0 s
      Min / Max:         0.0 / 32.7 s

  [UTILIZATION]
      Bandwidth:         54.5%

======================================================================

[SAVED] results/run_all_20260607_000000/hls_fcc_2023/benchmark_hls_fcc2023_006_unit56721773_tc_20260607_165349.json

──────────────────────────────────────────────────────────────────────
  [8/150] fcc2023_007_unit79803253_tc.csv
──────────────────────────────────────────────────────────────────────
[TRACE] fcc2023_007_unit79803253_tc.csv
[HLS-SHAPER] Triggering tc-trace via /startShaping API...
[HLS-SHAPER] tc-trace.py starting in container

======================================================================
  HLS Streaming QoE Benchmark (hls.js)
======================================================================
  Server: http://localhost:8080/hls.html?manifest=http://localhost:8080/hls/master.m3u8
======================================================================

[TRACE] Loaded 207 entries with bandwidth
[BROWSER] Launching headless Chromium...
[BROWSER] Waiting for playback to start...
   Startup delay: 1180ms

[PLAYBACK] Collecting metrics...
   t=10s | buffer: 13.8s | bitrate: 3300 kbps | tp: 5085 kbps | trace_bw: 6506 kbps
   t=20s | buffer: 23.6s | bitrate: 3300 kbps | tp: 5726 kbps | trace_bw: 6737 kbps
   t=31s | buffer: 29.4s | bitrate: 3300 kbps | tp: 5142 kbps | trace_bw: 6504 kbps
   t=41s | buffer: 31.2s | bitrate: 3300 kbps | tp: 4627 kbps | trace_bw: 6696 kbps
   t=51s | buffer: 29.0s | bitrate: 3300 kbps | tp: 4444 kbps | trace_bw: 6498 kbps
   t=61s | buffer: 30.8s | bitrate: 3300 kbps | tp: 4087 kbps | trace_bw: 6452 kbps
   t=71s | buffer: 28.6s | bitrate: 3300 kbps | tp: 3714 kbps | trace_bw: 6712 kbps
   t=82s | buffer: 30.4s | bitrate: 3300 kbps | tp: 3679 kbps | trace_bw: 6494 kbps
   t=92s | buffer: 28.2s | bitrate: 3300 kbps | tp: 3638 kbps | trace_bw: 4293 kbps
   t=102s | buffer: 29.9s | bitrate: 3300 kbps | tp: 3605 kbps | trace_bw: 6647 kbps
   t=112s | buffer: 27.7s | bitrate: 3300 kbps | tp: 3484 kbps | trace_bw: 6390 kbps

======================================================================
  BENCHMARK RESULTS (HLS / hls.js)
======================================================================

  [TIMING]
      Startup delay:     1,180 ms
      Playback time:     120.5 s

  [BITRATE]
      Average (selected):  3,205 kbps
      Average (effective): 3,193 kbps
      Min / Max:           440 / 3,300 kbps
      Median:              3,300 kbps
      Std deviation:       512.4 kbps
      Variance:            262,508.8
      25th/75th %ile:      3,300 / 3,300 kbps

  [SWITCHES]
      Total count:       1
      Up / Down:         1 / 0
      Avg magnitude:     2,860 kbps

  [REBUFFERING]
      Events:            1
      Total time:        450 ms
      Ratio:             0.3720%
      Frequency:         0.498 per minute
      Avg duration:      450 ms
      Max duration:      450 ms

  [THROUGHPUT]
      Average:           4,279 kbps
      Median:            4,053 kbps
      Min / Max:         5 / 6,116 kbps
      Std deviation:     941.9 kbps

  [AVAILABLE BW (trace)]
      Average:           6,447 kbps
      Min / Max:         4,293 / 6,737 kbps
      Utilisation:       62.9%

  [BUFFER]
      Average level:     26.9 s
      Min / Max:         0.0 / 33.0 s

  [UTILIZATION]
      Bandwidth:         49.2%

======================================================================

[SAVED] results/run_all_20260607_000000/hls_fcc_2023/benchmark_hls_fcc2023_007_unit79803253_tc_20260607_165554.json

──────────────────────────────────────────────────────────────────────
  [9/150] fcc2023_008_unit80307545_tc.csv
──────────────────────────────────────────────────────────────────────
[TRACE] fcc2023_008_unit80307545_tc.csv
[HLS-SHAPER] Triggering tc-trace via /startShaping API...
[HLS-SHAPER] tc-trace.py starting in container

======================================================================
  HLS Streaming QoE Benchmark (hls.js)
======================================================================
  Server: http://localhost:8080/hls.html?manifest=http://localhost:8080/hls/master.m3u8
======================================================================

[TRACE] Loaded 307 entries with bandwidth
[BROWSER] Launching headless Chromium...
[BROWSER] Waiting for playback to start...
   Startup delay: 1851ms

[PLAYBACK] Collecting metrics...
   t=10s | buffer: 13.8s | bitrate: 3300 kbps | tp: 4665 kbps | trace_bw: 6747 kbps
   t=20s | buffer: 23.6s | bitrate: 3300 kbps | tp: 6005 kbps | trace_bw: 10070 kbps
   t=31s | buffer: 29.4s | bitrate: 3300 kbps | tp: 5962 kbps | trace_bw: 9796 kbps
   t=41s | buffer: 31.2s | bitrate: 4950 kbps | tp: 5623 kbps | trace_bw: 9589 kbps
   t=51s | buffer: 24.9s | bitrate: 4950 kbps | tp: 4917 kbps | trace_bw: 7819 kbps
   t=61s | buffer: 30.7s | bitrate: 4950 kbps | tp: 5147 kbps | trace_bw: 6815 kbps
   t=72s | buffer: 28.5s | bitrate: 4950 kbps | tp: 4623 kbps | trace_bw: 10188 kbps
   t=82s | buffer: 30.3s | bitrate: 4950 kbps | tp: 4474 kbps | trace_bw: 8489 kbps
   t=92s | buffer: 28.1s | bitrate: 3300 kbps | tp: 4344 kbps | trace_bw: 6614 kbps
   t=102s | buffer: 29.9s | bitrate: 3300 kbps | tp: 4240 kbps | trace_bw: 9767 kbps
   t=112s | buffer: 31.7s | bitrate: 3300 kbps | tp: 4184 kbps | trace_bw: 9545 kbps

======================================================================
  BENCHMARK RESULTS (HLS / hls.js)
======================================================================

  [TIMING]
      Startup delay:     1,851 ms
      Playback time:     120.1 s

  [BITRATE]
      Average (selected):  3,814 kbps
      Average (effective): 3,788 kbps
      Min / Max:           440 / 4,950 kbps
      Median:              3,300 kbps
      Std deviation:       1,079.8 kbps
      Variance:            1,165,973.3
      25th/75th %ile:      3,300 / 4,950 kbps

  [SWITCHES]
      Total count:       4
      Up / Down:         3 / 1
      Avg magnitude:     1,540 kbps

  [REBUFFERING]
      Events:            1
      Total time:        824 ms
      Ratio:             0.6814%
      Frequency:         0.500 per minute
      Avg duration:      824 ms
      Max duration:      824 ms

  [THROUGHPUT]
      Average:           4,869 kbps
      Median:            4,745 kbps
      Min / Max:         7 / 6,711 kbps
      Std deviation:     889.9 kbps

  [AVAILABLE BW (trace)]
      Average:           8,348 kbps
      Min / Max:         4,999 / 10,188 kbps
      Utilisation:       56.8%

  [BUFFER]
      Average level:     26.6 s
      Min / Max:         0.0 / 32.7 s

  [UTILIZATION]
      Bandwidth:         44.9%

======================================================================

[SAVED] results/run_all_20260607_000000/hls_fcc_2023/benchmark_hls_fcc2023_008_unit80307545_tc_20260607_165759.json

──────────────────────────────────────────────────────────────────────
  [10/150] fcc2023_009_unit80307697_tc.csv
──────────────────────────────────────────────────────────────────────
[TRACE] fcc2023_009_unit80307697_tc.csv
[HLS-SHAPER] Triggering tc-trace via /startShaping API...
[HLS-SHAPER] tc-trace.py starting in container

======================================================================
  HLS Streaming QoE Benchmark (hls.js)
======================================================================
  Server: http://localhost:8080/hls.html?manifest=http://localhost:8080/hls/master.m3u8
======================================================================

[TRACE] Loaded 293 entries with bandwidth
[BROWSER] Launching headless Chromium...
[BROWSER] Waiting for playback to start...
   Startup delay: 1233ms

[PLAYBACK] Collecting metrics...
   t=10s | buffer: 13.8s | bitrate: 4950 kbps | tp: 6894 kbps | trace_bw: 9414 kbps
   t=20s | buffer: 19.6s | bitrate: 4950 kbps | tp: 7561 kbps | trace_bw: 9537 kbps
   t=31s | buffer: 29.4s | bitrate: 4950 kbps | tp: 7457 kbps | trace_bw: 8802 kbps
   t=41s | buffer: 31.2s | bitrate: 4950 kbps | tp: 6743 kbps | trace_bw: 9697 kbps
   t=51s | buffer: 29.0s | bitrate: 4950 kbps | tp: 6505 kbps | trace_bw: 9575 kbps
   t=61s | buffer: 30.8s | bitrate: 4950 kbps | tp: 6003 kbps | trace_bw: 9490 kbps
   t=71s | buffer: 28.6s | bitrate: 4950 kbps | tp: 5477 kbps | trace_bw: 9888 kbps
   t=82s | buffer: 30.4s | bitrate: 4950 kbps | tp: 5441 kbps | trace_bw: 7665 kbps
   t=92s | buffer: 28.2s | bitrate: 4950 kbps | tp: 5378 kbps | trace_bw: 9008 kbps
   t=102s | buffer: 29.9s | bitrate: 4950 kbps | tp: 5335 kbps | trace_bw: 8805 kbps
   t=112s | buffer: 27.7s | bitrate: 4950 kbps | tp: 5162 kbps | trace_bw: 8904 kbps

======================================================================
  BENCHMARK RESULTS (HLS / hls.js)
======================================================================

  [TIMING]
      Startup delay:     1,233 ms
      Playback time:     120.0 s

  [BITRATE]
      Average (selected):  4,745 kbps
      Average (effective): 4,724 kbps
      Min / Max:           440 / 4,950 kbps
      Median:              4,950 kbps
      Std deviation:       852.4 kbps
      Variance:            726,591.6
      25th/75th %ile:      4,950 / 4,950 kbps

  [SWITCHES]
      Total count:       2
      Up / Down:         2 / 0
      Avg magnitude:     2,255 kbps

  [REBUFFERING]
      Events:            1
      Total time:        521 ms
      Ratio:             0.4322%
      Frequency:         0.500 per minute
      Avg duration:      521 ms
      Max duration:      521 ms

  [THROUGHPUT]
      Average:           6,053 kbps
      Median:            5,809 kbps
      Min / Max:         7 / 8,222 kbps
      Std deviation:     1,077.2 kbps

  [AVAILABLE BW (trace)]
      Average:           9,136 kbps
      Min / Max:         7,274 / 9,967 kbps
      Utilisation:       63.6%

  [BUFFER]
      Average level:     26.3 s
      Min / Max:         0.0 / 32.4 s

  [UTILIZATION]
      Bandwidth:         50.4%

======================================================================

[SAVED] results/run_all_20260607_000000/hls_fcc_2023/benchmark_hls_fcc2023_009_unit80307697_tc_20260607_170005.json

──────────────────────────────────────────────────────────────────────
  [11/150] fcc2023_010_unit13339_tc.csv
──────────────────────────────────────────────────────────────────────
[TRACE] fcc2023_010_unit13339_tc.csv
[HLS-SHAPER] Triggering tc-trace via /startShaping API...
[HLS-SHAPER] tc-trace.py starting in container

======================================================================
  HLS Streaming QoE Benchmark (hls.js)
======================================================================
  Server: http://localhost:8080/hls.html?manifest=http://localhost:8080/hls/master.m3u8
======================================================================

[TRACE] Loaded 288 entries with bandwidth
[BROWSER] Launching headless Chromium...
[BROWSER] Waiting for playback to start...
   Startup delay: 1457ms

[PLAYBACK] Collecting metrics...
   t=10s | buffer: 9.8s | bitrate: 4950 kbps | tp: 5389 kbps | trace_bw: 5574 kbps
   t=20s | buffer: 19.6s | bitrate: 3300 kbps | tp: 6507 kbps | trace_bw: 9315 kbps
   t=31s | buffer: 29.4s | bitrate: 3300 kbps | tp: 6755 kbps | trace_bw: 9134 kbps
   t=41s | buffer: 31.2s | bitrate: 4950 kbps | tp: 6216 kbps | trace_bw: 9068 kbps
   t=51s | buffer: 29.0s | bitrate: 4950 kbps | tp: 6083 kbps | trace_bw: 9060 kbps
   t=61s | buffer: 30.8s | bitrate: 4950 kbps | tp: 5651 kbps | trace_bw: 9295 kbps
   t=72s | buffer: 28.6s | bitrate: 4950 kbps | tp: 5174 kbps | trace_bw: 9315 kbps
   t=82s | buffer: 30.3s | bitrate: 4950 kbps | tp: 5175 kbps | trace_bw: 9120 kbps
   t=92s | buffer: 28.1s | bitrate: 4950 kbps | tp: 5143 kbps | trace_bw: 9287 kbps
   t=102s | buffer: 29.9s | bitrate: 4950 kbps | tp: 5122 kbps | trace_bw: 9130 kbps
   t=112s | buffer: 27.7s | bitrate: 4950 kbps | tp: 4969 kbps | trace_bw: 9335 kbps

======================================================================
  BENCHMARK RESULTS (HLS / hls.js)
======================================================================

  [TIMING]
      Startup delay:     1,457 ms
      Playback time:     120.1 s

  [BITRATE]
      Average (selected):  4,580 kbps
      Average (effective): 4,555 kbps
      Min / Max:           440 / 4,950 kbps
      Median:              4,950 kbps
      Std deviation:       950.7 kbps
      Variance:            903,856.6
      25th/75th %ile:      4,950 / 4,950 kbps

  [SWITCHES]
      Total count:       4
      Up / Down:         3 / 1
      Avg magnitude:     1,952 kbps

  [REBUFFERING]
      Events:            1
      Total time:        644 ms
      Ratio:             0.5335%
      Frequency:         0.500 per minute
      Avg duration:      644 ms
      Max duration:      644 ms

  [THROUGHPUT]
      Average:           5,550 kbps
      Median:            5,383 kbps
      Min / Max:         7 / 6,989 kbps
      Std deviation:     797.3 kbps

  [AVAILABLE BW (trace)]
      Average:           9,056 kbps
      Min / Max:         5,574 / 9,381 kbps
      Utilisation:       59.4%

  [BUFFER]
      Average level:     25.9 s
      Min / Max:         0.0 / 32.4 s

  [UTILIZATION]
      Bandwidth:         49.3%

======================================================================

[SAVED] results/run_all_20260607_000000/hls_fcc_2023/benchmark_hls_fcc2023_010_unit13339_tc_20260607_170209.json

──────────────────────────────────────────────────────────────────────
  [12/150] fcc2023_011_unit26226765_tc.csv
──────────────────────────────────────────────────────────────────────
[TRACE] fcc2023_011_unit26226765_tc.csv
[HLS-SHAPER] Triggering tc-trace via /startShaping API...
[HLS-SHAPER] tc-trace.py starting in container

======================================================================
  HLS Streaming QoE Benchmark (hls.js)
======================================================================
  Server: http://localhost:8080/hls.html?manifest=http://localhost:8080/hls/master.m3u8
======================================================================

[TRACE] Loaded 202 entries with bandwidth
[BROWSER] Launching headless Chromium...
[BROWSER] Waiting for playback to start...
   Startup delay: 990ms

[PLAYBACK] Collecting metrics...
   t=10s | buffer: 13.8s | bitrate: 4950 kbps | tp: 6899 kbps | trace_bw: 9466 kbps
   t=20s | buffer: 23.6s | bitrate: 4950 kbps | tp: 8248 kbps | trace_bw: 9527 kbps
   t=31s | buffer: 29.4s | bitrate: 4950 kbps | tp: 7459 kbps | trace_bw: 8583 kbps
   t=41s | buffer: 31.2s | bitrate: 4950 kbps | tp: 6746 kbps | trace_bw: 8810 kbps
   t=51s | buffer: 29.0s | bitrate: 4950 kbps | tp: 6506 kbps | trace_bw: 8764 kbps
   t=61s | buffer: 30.8s | bitrate: 4950 kbps | tp: 6005 kbps | trace_bw: 8767 kbps
   t=71s | buffer: 28.6s | bitrate: 4950 kbps | tp: 5478 kbps | trace_bw: 9376 kbps
   t=82s | buffer: 30.4s | bitrate: 4950 kbps | tp: 5440 kbps | trace_bw: 9368 kbps
   t=92s | buffer: 28.1s | bitrate: 4950 kbps | tp: 5378 kbps | trace_bw: 9370 kbps
   t=102s | buffer: 29.9s | bitrate: 4950 kbps | tp: 5335 kbps | trace_bw: 9341 kbps
   t=112s | buffer: 27.7s | bitrate: 4950 kbps | tp: 5163 kbps | trace_bw: 8232 kbps

======================================================================
  BENCHMARK RESULTS (HLS / hls.js)
======================================================================

  [TIMING]
      Startup delay:     990 ms
      Playback time:     120.0 s

  [BITRATE]
      Average (selected):  4,726 kbps
      Average (effective): 4,710 kbps
      Min / Max:           440 / 4,950 kbps
      Median:              4,950 kbps
      Std deviation:       896.3 kbps
      Variance:            803,271.7
      25th/75th %ile:      4,950 / 4,950 kbps

  [SWITCHES]
      Total count:       2
      Up / Down:         2 / 0
      Avg magnitude:     2,255 kbps

  [REBUFFERING]
      Events:            1
      Total time:        397 ms
      Ratio:             0.3296%
      Frequency:         0.500 per minute
      Avg duration:      397 ms
      Max duration:      397 ms

  [THROUGHPUT]
      Average:           6,231 kbps
      Median:            5,906 kbps
      Min / Max:         14 / 8,682 kbps
      Std deviation:     1,231.1 kbps

  [AVAILABLE BW (trace)]
      Average:           9,128 kbps
      Min / Max:         8,232 / 9,538 kbps
      Utilisation:       64.7%

  [BUFFER]
      Average level:     26.9 s
      Min / Max:         0.0 / 32.5 s

  [UTILIZATION]
      Bandwidth:         50.6%

======================================================================

[SAVED] results/run_all_20260607_000000/hls_fcc_2023/benchmark_hls_fcc2023_011_unit26226765_tc_20260607_170415.json

──────────────────────────────────────────────────────────────────────
  [13/150] fcc2023_012_unit599812_tc.csv
──────────────────────────────────────────────────────────────────────
[TRACE] fcc2023_012_unit599812_tc.csv
[HLS-SHAPER] Triggering tc-trace via /startShaping API...
[HLS-SHAPER] tc-trace.py starting in container

======================================================================
  HLS Streaming QoE Benchmark (hls.js)
======================================================================
  Server: http://localhost:8080/hls.html?manifest=http://localhost:8080/hls/master.m3u8
======================================================================

[TRACE] Loaded 208 entries with bandwidth
[BROWSER] Launching headless Chromium...
[BROWSER] Waiting for playback to start...
   Startup delay: 1496ms

[PLAYBACK] Collecting metrics...
   t=10s | buffer: 13.7s | bitrate: 2200 kbps | tp: 3525 kbps | trace_bw: 5504 kbps
   t=20s | buffer: 23.5s | bitrate: 2200 kbps | tp: 4656 kbps | trace_bw: 5495 kbps
   t=31s | buffer: 29.2s | bitrate: 3300 kbps | tp: 4427 kbps | trace_bw: 5499 kbps
   t=41s | buffer: 31.0s | bitrate: 3300 kbps | tp: 4089 kbps | trace_bw: 5485 kbps
   t=51s | buffer: 28.8s | bitrate: 3300 kbps | tp: 4014 kbps | trace_bw: 5505 kbps
   t=61s | buffer: 30.5s | bitrate: 3300 kbps | tp: 3728 kbps | trace_bw: 3133 kbps
   t=72s | buffer: 32.3s | bitrate: 3300 kbps | tp: 3474 kbps | trace_bw: 4651 kbps
   t=82s | buffer: 30.1s | bitrate: 3300 kbps | tp: 3238 kbps | trace_bw: 5495 kbps
   t=92s | buffer: 27.9s | bitrate: 3300 kbps | tp: 3122 kbps | trace_bw: 5496 kbps
   t=102s | buffer: 29.6s | bitrate: 2200 kbps | tp: 3140 kbps | trace_bw: 3568 kbps
   t=113s | buffer: 31.4s | bitrate: 2200 kbps | tp: 3073 kbps | trace_bw: 5503 kbps

======================================================================
  BENCHMARK RESULTS (HLS / hls.js)
======================================================================

  [TIMING]
      Startup delay:     1,496 ms
      Playback time:     120.4 s

  [BITRATE]
      Average (selected):  2,765 kbps
      Average (effective): 2,751 kbps
      Min / Max:           440 / 3,300 kbps
      Median:              3,300 kbps
      Std deviation:       685.6 kbps
      Variance:            470,071.6
      25th/75th %ile:      2,200 / 3,300 kbps

  [SWITCHES]
      Total count:       3
      Up / Down:         2 / 1
      Avg magnitude:     1,320 kbps

  [REBUFFERING]
      Events:            1
      Total time:        600 ms
      Ratio:             0.4960%
      Frequency:         0.499 per minute
      Avg duration:      600 ms
      Max duration:      600 ms

  [THROUGHPUT]
      Average:           3,603 kbps
      Median:            3,570 kbps
      Min / Max:         5 / 4,829 kbps
      Std deviation:     672.0 kbps

  [AVAILABLE BW (trace)]
      Average:           5,022 kbps
      Min / Max:         2,817 / 5,514 kbps
      Utilisation:       71.1%

  [BUFFER]
      Average level:     26.6 s
      Min / Max:         1.9 / 32.7 s

  [UTILIZATION]
      Bandwidth:         50.3%

======================================================================

[SAVED] results/run_all_20260607_000000/hls_fcc_2023/benchmark_hls_fcc2023_012_unit599812_tc_20260607_170619.json

──────────────────────────────────────────────────────────────────────
  [14/150] fcc2023_013_unit942034_tc.csv
──────────────────────────────────────────────────────────────────────
[TRACE] fcc2023_013_unit942034_tc.csv
[HLS-SHAPER] Triggering tc-trace via /startShaping API...
[HLS-SHAPER] tc-trace.py starting in container

======================================================================
  HLS Streaming QoE Benchmark (hls.js)
======================================================================
  Server: http://localhost:8080/hls.html?manifest=http://localhost:8080/hls/master.m3u8
======================================================================

[TRACE] Loaded 309 entries with bandwidth
[BROWSER] Launching headless Chromium...
[BROWSER] Waiting for playback to start...
   Startup delay: 947ms

[PLAYBACK] Collecting metrics...
   t=10s | buffer: 17.8s | bitrate: 4950 kbps | tp: 10183 kbps | trace_bw: 11103 kbps
   t=20s | buffer: 27.6s | bitrate: 4950 kbps | tp: 9412 kbps | trace_bw: 11250 kbps
   t=31s | buffer: 29.4s | bitrate: 4950 kbps | tp: 7698 kbps | trace_bw: 11213 kbps
   t=41s | buffer: 31.2s | bitrate: 4950 kbps | tp: 6927 kbps | trace_bw: 9849 kbps
   t=51s | buffer: 29.0s | bitrate: 4950 kbps | tp: 6652 kbps | trace_bw: 11484 kbps
   t=61s | buffer: 30.8s | bitrate: 4950 kbps | tp: 6127 kbps | trace_bw: 11362 kbps
   t=71s | buffer: 28.6s | bitrate: 4950 kbps | tp: 5582 kbps | trace_bw: 11370 kbps
   t=82s | buffer: 30.4s | bitrate: 4950 kbps | tp: 5533 kbps | trace_bw: 11371 kbps
   t=92s | buffer: 28.2s | bitrate: 4950 kbps | tp: 5461 kbps | trace_bw: 11369 kbps
   t=102s | buffer: 30.0s | bitrate: 4950 kbps | tp: 5409 kbps | trace_bw: 11484 kbps
   t=112s | buffer: 31.7s | bitrate: 4950 kbps | tp: 5411 kbps | trace_bw: 11370 kbps

======================================================================
  BENCHMARK RESULTS (HLS / hls.js)
======================================================================

  [TIMING]
      Startup delay:     947 ms
      Playback time:     120.5 s

  [BITRATE]
      Average (selected):  4,800 kbps
      Average (effective): 4,785 kbps
      Min / Max:           440 / 4,950 kbps
      Median:              4,950 kbps
      Std deviation:       807.9 kbps
      Variance:            652,777.1
      25th/75th %ile:      4,950 / 4,950 kbps

  [SWITCHES]
      Total count:       1
      Up / Down:         1 / 0
      Avg magnitude:     4,510 kbps

  [REBUFFERING]
      Events:            1
      Total time:        385 ms
      Ratio:             0.3184%
      Frequency:         0.498 per minute
      Avg duration:      385 ms
      Max duration:      385 ms

  [THROUGHPUT]
      Average:           6,677 kbps
      Median:            6,100 kbps
      Min / Max:         7 / 10,232 kbps
      Std deviation:     1,658.3 kbps

  [AVAILABLE BW (trace)]
      Average:           11,288 kbps
      Min / Max:         9,849 / 11,484 kbps
      Utilisation:       54.0%

  [BUFFER]
      Average level:     27.8 s
      Min / Max:         0.0 / 33.0 s

  [UTILIZATION]
      Bandwidth:         42.2%

======================================================================

[SAVED] results/run_all_20260607_000000/hls_fcc_2023/benchmark_hls_fcc2023_013_unit942034_tc_20260607_170824.json

──────────────────────────────────────────────────────────────────────
  [15/150] fcc2023_014_unit7674_tc.csv
──────────────────────────────────────────────────────────────────────
[TRACE] fcc2023_014_unit7674_tc.csv
[HLS-SHAPER] Triggering tc-trace via /startShaping API...
[HLS-SHAPER] tc-trace.py starting in container

======================================================================
  HLS Streaming QoE Benchmark (hls.js)
======================================================================
  Server: http://localhost:8080/hls.html?manifest=http://localhost:8080/hls/master.m3u8
======================================================================

[TRACE] Loaded 287 entries with bandwidth
[BROWSER] Launching headless Chromium...
[BROWSER] Waiting for playback to start...
   Startup delay: 1049ms

[PLAYBACK] Collecting metrics...
   t=10s | buffer: 17.9s | bitrate: 4950 kbps | tp: 10195 kbps | trace_bw: 12711 kbps
   t=20s | buffer: 27.7s | bitrate: 4950 kbps | tp: 9423 kbps | trace_bw: 12295 kbps
   t=31s | buffer: 29.4s | bitrate: 4950 kbps | tp: 7705 kbps | trace_bw: 12319 kbps
   t=41s | buffer: 31.2s | bitrate: 4950 kbps | tp: 6931 kbps | trace_bw: 12700 kbps
   t=51s | buffer: 29.0s | bitrate: 4950 kbps | tp: 6653 kbps | trace_bw: 12303 kbps
   t=61s | buffer: 30.8s | bitrate: 4950 kbps | tp: 6125 kbps | trace_bw: 12712 kbps
   t=71s | buffer: 28.6s | bitrate: 4950 kbps | tp: 5582 kbps | trace_bw: 12302 kbps
   t=82s | buffer: 30.4s | bitrate: 4950 kbps | tp: 5533 kbps | trace_bw: 12326 kbps
   t=92s | buffer: 28.2s | bitrate: 4950 kbps | tp: 5461 kbps | trace_bw: 12717 kbps
   t=102s | buffer: 30.0s | bitrate: 4950 kbps | tp: 5409 kbps | trace_bw: 12327 kbps
   t=112s | buffer: 31.8s | bitrate: 4950 kbps | tp: 5412 kbps | trace_bw: 12689 kbps

======================================================================
  BENCHMARK RESULTS (HLS / hls.js)
======================================================================

  [TIMING]
      Startup delay:     1,049 ms
      Playback time:     120.5 s

  [BITRATE]
      Average (selected):  4,800 kbps
      Average (effective): 4,783 kbps
      Min / Max:           440 / 4,950 kbps
      Median:              4,950 kbps
      Std deviation:       807.9 kbps
      Variance:            652,777.1
      25th/75th %ile:      4,950 / 4,950 kbps

  [SWITCHES]
      Total count:       1
      Up / Down:         1 / 0
      Avg magnitude:     4,510 kbps

  [REBUFFERING]
      Events:            1
      Total time:        448 ms
      Ratio:             0.3704%
      Frequency:         0.498 per minute
      Avg duration:      448 ms
      Max duration:      448 ms

  [THROUGHPUT]
      Average:           6,775 kbps
      Median:            6,125 kbps
      Min / Max:         7 / 11,006 kbps
      Std deviation:     1,807.2 kbps

  [AVAILABLE BW (trace)]
      Average:           12,335 kbps
      Min / Max:         10,904 / 12,717 kbps
      Utilisation:       49.7%

  [BUFFER]
      Average level:     28.0 s
      Min / Max:         0.0 / 32.9 s

  [UTILIZATION]
      Bandwidth:         38.9%

======================================================================

[SAVED] results/run_all_20260607_000000/hls_fcc_2023/benchmark_hls_fcc2023_014_unit7674_tc_20260607_171029.json

──────────────────────────────────────────────────────────────────────
  [16/150] fcc2023_015_unit26226357_tc.csv
──────────────────────────────────────────────────────────────────────
[TRACE] fcc2023_015_unit26226357_tc.csv
[HLS-SHAPER] Triggering tc-trace via /startShaping API...
[HLS-SHAPER] tc-trace.py starting in container

======================================================================
  HLS Streaming QoE Benchmark (hls.js)
======================================================================
  Server: http://localhost:8080/hls.html?manifest=http://localhost:8080/hls/master.m3u8
======================================================================

[TRACE] Loaded 240 entries with bandwidth
[BROWSER] Launching headless Chromium...
[BROWSER] Waiting for playback to start...
   Startup delay: 833ms

[PLAYBACK] Collecting metrics...
   t=10s | buffer: 17.8s | bitrate: 4950 kbps | tp: 10191 kbps | trace_bw: 13700 kbps
   t=20s | buffer: 31.6s | bitrate: 4950 kbps | tp: 10445 kbps | trace_bw: 13714 kbps
   t=31s | buffer: 29.4s | bitrate: 4950 kbps | tp: 7702 kbps | trace_bw: 13598 kbps
   t=41s | buffer: 31.2s | bitrate: 4950 kbps | tp: 6927 kbps | trace_bw: 13720 kbps
   t=51s | buffer: 29.0s | bitrate: 4950 kbps | tp: 6652 kbps | trace_bw: 13590 kbps
   t=61s | buffer: 30.8s | bitrate: 4950 kbps | tp: 6126 kbps | trace_bw: 13746 kbps
   t=71s | buffer: 32.6s | bitrate: 4950 kbps | tp: 5816 kbps | trace_bw: 13735 kbps
   t=82s | buffer: 30.4s | bitrate: 4950 kbps | tp: 5532 kbps | trace_bw: 13718 kbps
   t=92s | buffer: 32.2s | bitrate: 4950 kbps | tp: 5682 kbps | trace_bw: 13725 kbps
   t=102s | buffer: 29.9s | bitrate: 4950 kbps | tp: 5409 kbps | trace_bw: 13720 kbps
   t=112s | buffer: 31.7s | bitrate: 4950 kbps | tp: 5411 kbps | trace_bw: 13715 kbps

======================================================================
  BENCHMARK RESULTS (HLS / hls.js)
======================================================================

  [TIMING]
      Startup delay:     833 ms
      Playback time:     120.5 s

  [BITRATE]
      Average (selected):  4,800 kbps
      Average (effective): 4,786 kbps
      Min / Max:           440 / 4,950 kbps
      Median:              4,950 kbps
      Std deviation:       807.9 kbps
      Variance:            652,777.1
      25th/75th %ile:      4,950 / 4,950 kbps

  [SWITCHES]
      Total count:       1
      Up / Down:         1 / 0
      Avg magnitude:     4,510 kbps

  [REBUFFERING]
      Events:            1
      Total time:        348 ms
      Ratio:             0.2879%
      Frequency:         0.498 per minute
      Avg duration:      348 ms
      Max duration:      348 ms

  [THROUGHPUT]
      Average:           6,945 kbps
      Median:            6,126 kbps
      Min / Max:         7 / 12,297 kbps
      Std deviation:     2,098.3 kbps

  [AVAILABLE BW (trace)]
      Average:           13,696 kbps
      Min / Max:         13,590 / 13,746 kbps
      Utilisation:       44.7%

  [BUFFER]
      Average level:     28.6 s
      Min / Max:         0.0 / 33.0 s

  [UTILIZATION]
      Bandwidth:         35.0%

======================================================================

[SAVED] results/run_all_20260607_000000/hls_fcc_2023/benchmark_hls_fcc2023_015_unit26226357_tc_20260607_171234.json

──────────────────────────────────────────────────────────────────────
  [17/150] fcc2023_016_unit3898197_tc.csv
──────────────────────────────────────────────────────────────────────
[TRACE] fcc2023_016_unit3898197_tc.csv
[HLS-SHAPER] Triggering tc-trace via /startShaping API...
[HLS-SHAPER] tc-trace.py starting in container

======================================================================
  HLS Streaming QoE Benchmark (hls.js)
======================================================================
  Server: http://localhost:8080/hls.html?manifest=http://localhost:8080/hls/master.m3u8
======================================================================

[TRACE] Loaded 210 entries with bandwidth
[BROWSER] Launching headless Chromium...
[BROWSER] Waiting for playback to start...
   Startup delay: 818ms

[PLAYBACK] Collecting metrics...
   t=10s | buffer: 17.8s | bitrate: 4950 kbps | tp: 10184 kbps | trace_bw: 14331 kbps
   t=20s | buffer: 31.6s | bitrate: 4950 kbps | tp: 10424 kbps | trace_bw: 14338 kbps
   t=31s | buffer: 29.4s | bitrate: 4950 kbps | tp: 7687 kbps | trace_bw: 14317 kbps
   t=41s | buffer: 31.1s | bitrate: 4950 kbps | tp: 6909 kbps | trace_bw: 14328 kbps
   t=51s | buffer: 28.9s | bitrate: 4950 kbps | tp: 6635 kbps | trace_bw: 14345 kbps
   t=61s | buffer: 30.6s | bitrate: 4950 kbps | tp: 6111 kbps | trace_bw: 14162 kbps
   t=72s | buffer: 32.4s | bitrate: 4950 kbps | tp: 5805 kbps | trace_bw: 14369 kbps
   t=82s | buffer: 30.2s | bitrate: 4950 kbps | tp: 5521 kbps | trace_bw: 14394 kbps
   t=92s | buffer: 32.0s | bitrate: 4950 kbps | tp: 5670 kbps | trace_bw: 14404 kbps
   t=102s | buffer: 29.8s | bitrate: 4950 kbps | tp: 5399 kbps | trace_bw: 13292 kbps
   t=113s | buffer: 31.6s | bitrate: 4950 kbps | tp: 5403 kbps | trace_bw: 14349 kbps

======================================================================
  BENCHMARK RESULTS (HLS / hls.js)
======================================================================

  [TIMING]
      Startup delay:     818 ms
      Playback time:     120.2 s

  [BITRATE]
      Average (selected):  4,800 kbps
      Average (effective): 4,788 kbps
      Min / Max:           440 / 4,950 kbps
      Median:              4,950 kbps
      Std deviation:       807.9 kbps
      Variance:            652,777.1
      25th/75th %ile:      4,950 / 4,950 kbps

  [SWITCHES]
      Total count:       1
      Up / Down:         1 / 0
      Avg magnitude:     4,510 kbps

  [REBUFFERING]
      Events:            1
      Total time:        320 ms
      Ratio:             0.2655%
      Frequency:         0.499 per minute
      Avg duration:      320 ms
      Max duration:      320 ms

  [THROUGHPUT]
      Average:           6,812 kbps
      Median:            6,085 kbps
      Min / Max:         7 / 11,751 kbps
      Std deviation:     1,885.3 kbps

  [AVAILABLE BW (trace)]
      Average:           13,911 kbps
      Min / Max:         10,842 / 14,404 kbps
      Utilisation:       43.7%

  [BUFFER]
      Average level:     28.4 s
      Min / Max:         0.0 / 32.9 s

  [UTILIZATION]
      Bandwidth:         33.5%

======================================================================

[SAVED] results/run_all_20260607_000000/hls_fcc_2023/benchmark_hls_fcc2023_016_unit3898197_tc_20260607_171439.json

──────────────────────────────────────────────────────────────────────
  [18/150] fcc2023_017_unit215230_tc.csv
──────────────────────────────────────────────────────────────────────
[TRACE] fcc2023_017_unit215230_tc.csv
[HLS-SHAPER] Triggering tc-trace via /startShaping API...
[HLS-SHAPER] tc-trace.py starting in container

======================================================================
  HLS Streaming QoE Benchmark (hls.js)
======================================================================
  Server: http://localhost:8080/hls.html?manifest=http://localhost:8080/hls/master.m3u8
======================================================================

[TRACE] Loaded 303 entries with bandwidth
[BROWSER] Launching headless Chromium...
[BROWSER] Waiting for playback to start...
   Startup delay: 713ms

[PLAYBACK] Collecting metrics...
   t=10s | buffer: 21.9s | bitrate: 4950 kbps | tp: 12428 kbps | trace_bw: 15561 kbps
   t=20s | buffer: 31.6s | bitrate: 4950 kbps | tp: 10441 kbps | trace_bw: 15115 kbps
   t=31s | buffer: 29.4s | bitrate: 4950 kbps | tp: 7697 kbps | trace_bw: 15608 kbps
   t=41s | buffer: 31.2s | bitrate: 4950 kbps | tp: 6926 kbps | trace_bw: 15719 kbps
   t=51s | buffer: 29.0s | bitrate: 4950 kbps | tp: 6651 kbps | trace_bw: 15913 kbps
   t=61s | buffer: 30.8s | bitrate: 4950 kbps | tp: 6126 kbps | trace_bw: 15617 kbps
   t=71s | buffer: 32.6s | bitrate: 4950 kbps | tp: 5818 kbps | trace_bw: 15609 kbps
   t=82s | buffer: 30.4s | bitrate: 4950 kbps | tp: 5532 kbps | trace_bw: 15828 kbps
   t=92s | buffer: 32.2s | bitrate: 4950 kbps | tp: 5681 kbps | trace_bw: 15687 kbps
   t=102s | buffer: 29.9s | bitrate: 4950 kbps | tp: 5408 kbps | trace_bw: 15589 kbps
   t=112s | buffer: 31.7s | bitrate: 4950 kbps | tp: 5411 kbps | trace_bw: 11442 kbps

======================================================================
  BENCHMARK RESULTS (HLS / hls.js)
======================================================================

  [TIMING]
      Startup delay:     713 ms
      Playback time:     120.5 s

  [BITRATE]
      Average (selected):  4,800 kbps
      Average (effective): 4,789 kbps
      Min / Max:           440 / 4,950 kbps
      Median:              4,950 kbps
      Std deviation:       807.9 kbps
      Variance:            652,777.1
      25th/75th %ile:      4,950 / 4,950 kbps

  [SWITCHES]
      Total count:       1
      Up / Down:         1 / 0
      Avg magnitude:     4,510 kbps

  [REBUFFERING]
      Events:            1
      Total time:        284 ms
      Ratio:             0.2351%
      Frequency:         0.498 per minute
      Avg duration:      284 ms
      Max duration:      284 ms

  [THROUGHPUT]
      Average:           7,204 kbps
      Median:            6,178 kbps
      Min / Max:         10 / 13,856 kbps
      Std deviation:     2,474.7 kbps

  [AVAILABLE BW (trace)]
      Average:           15,399 kbps
      Min / Max:         11,442 / 15,913 kbps
      Utilisation:       40.1%

  [BUFFER]
      Average level:     29.1 s
      Min / Max:         0.0 / 33.0 s

  [UTILIZATION]
      Bandwidth:         30.7%

======================================================================

[SAVED] results/run_all_20260607_000000/hls_fcc_2023/benchmark_hls_fcc2023_017_unit215230_tc_20260607_171644.json

──────────────────────────────────────────────────────────────────────
  [19/150] fcc2023_018_unit40730261_tc.csv
──────────────────────────────────────────────────────────────────────
[TRACE] fcc2023_018_unit40730261_tc.csv
[HLS-SHAPER] Triggering tc-trace via /startShaping API...
[HLS-SHAPER] tc-trace.py starting in container

======================================================================
  HLS Streaming QoE Benchmark (hls.js)
======================================================================
  Server: http://localhost:8080/hls.html?manifest=http://localhost:8080/hls/master.m3u8
======================================================================

[TRACE] Loaded 231 entries with bandwidth
[BROWSER] Launching headless Chromium...
[BROWSER] Waiting for playback to start...
   Startup delay: 1320ms

[PLAYBACK] Collecting metrics...
   t=10s | buffer: 21.9s | bitrate: 4950 kbps | tp: 11685 kbps | trace_bw: 14877 kbps
   t=20s | buffer: 31.6s | bitrate: 4950 kbps | tp: 10072 kbps | trace_bw: 18811 kbps
   t=31s | buffer: 29.4s | bitrate: 4950 kbps | tp: 7451 kbps | trace_bw: 18845 kbps
   t=41s | buffer: 31.2s | bitrate: 4950 kbps | tp: 6738 kbps | trace_bw: 17356 kbps
   t=51s | buffer: 29.0s | bitrate: 4950 kbps | tp: 6501 kbps | trace_bw: 22636 kbps
   t=61s | buffer: 30.8s | bitrate: 4950 kbps | tp: 6000 kbps | trace_bw: 14121 kbps
   t=72s | buffer: 28.5s | bitrate: 4950 kbps | tp: 5472 kbps | trace_bw: 15577 kbps
   t=82s | buffer: 30.3s | bitrate: 4950 kbps | tp: 5437 kbps | trace_bw: 11262 kbps
   t=92s | buffer: 32.1s | bitrate: 4950 kbps | tp: 5597 kbps | trace_bw: 9795 kbps
   t=102s | buffer: 29.9s | bitrate: 4950 kbps | tp: 5332 kbps | trace_bw: 16651 kbps
   t=112s | buffer: 31.7s | bitrate: 4950 kbps | tp: 5342 kbps | trace_bw: 6936 kbps

======================================================================
  BENCHMARK RESULTS (HLS / hls.js)
======================================================================

  [TIMING]
      Startup delay:     1,320 ms
      Playback time:     120.1 s

  [BITRATE]
      Average (selected):  4,745 kbps
      Average (effective): 4,721 kbps
      Min / Max:           440 / 4,950 kbps
      Median:              4,950 kbps
      Std deviation:       852.4 kbps
      Variance:            726,591.6
      25th/75th %ile:      4,950 / 4,950 kbps

  [SWITCHES]
      Total count:       2
      Up / Down:         2 / 0
      Avg magnitude:     2,255 kbps

  [REBUFFERING]
      Events:            1
      Total time:        598 ms
      Ratio:             0.4956%
      Frequency:         0.500 per minute
      Avg duration:      598 ms
      Max duration:      598 ms

  [THROUGHPUT]
      Average:           6,738 kbps
      Median:            6,000 kbps
      Min / Max:         10 / 11,685 kbps
      Std deviation:     1,841.3 kbps

  [AVAILABLE BW (trace)]
      Average:           14,996 kbps
      Min / Max:         6,936 / 22,636 kbps
      Utilisation:       40.0%

  [BUFFER]
      Average level:     28.4 s
      Min / Max:         0.0 / 33.0 s

  [UTILIZATION]
      Bandwidth:         29.3%

======================================================================

[SAVED] results/run_all_20260607_000000/hls_fcc_2023/benchmark_hls_fcc2023_018_unit40730261_tc_20260607_171848.json

──────────────────────────────────────────────────────────────────────
  [20/150] fcc2023_019_unit1006162_tc.csv
──────────────────────────────────────────────────────────────────────
[TRACE] fcc2023_019_unit1006162_tc.csv
[HLS-SHAPER] Triggering tc-trace via /startShaping API...
[HLS-SHAPER] tc-trace.py starting in container

======================================================================
  HLS Streaming QoE Benchmark (hls.js)
======================================================================
  Server: http://localhost:8080/hls.html?manifest=http://localhost:8080/hls/master.m3u8
======================================================================

[TRACE] Loaded 190 entries with bandwidth
[BROWSER] Launching headless Chromium...
[BROWSER] Waiting for playback to start...
   Startup delay: 803ms

[PLAYBACK] Collecting metrics...
   t=10s | buffer: 29.9s | bitrate: 4950 kbps | tp: 15896 kbps | trace_bw: 19340 kbps
   t=20s | buffer: 31.7s | bitrate: 4950 kbps | tp: 10454 kbps | trace_bw: 18757 kbps
   t=31s | buffer: 29.5s | bitrate: 4950 kbps | tp: 7707 kbps | trace_bw: 19220 kbps
   t=41s | buffer: 31.2s | bitrate: 4950 kbps | tp: 6931 kbps | trace_bw: 17528 kbps
   t=51s | buffer: 29.0s | bitrate: 4950 kbps | tp: 6655 kbps | trace_bw: 16820 kbps
   t=61s | buffer: 30.8s | bitrate: 4950 kbps | tp: 6128 kbps | trace_bw: 16403 kbps
   t=71s | buffer: 28.6s | bitrate: 4950 kbps | tp: 5583 kbps | trace_bw: 13016 kbps
   t=82s | buffer: 30.4s | bitrate: 4950 kbps | tp: 5534 kbps | trace_bw: 18239 kbps
   t=92s | buffer: 32.2s | bitrate: 4950 kbps | tp: 5683 kbps | trace_bw: 19211 kbps
   t=102s | buffer: 30.0s | bitrate: 4950 kbps | tp: 5410 kbps | trace_bw: 18804 kbps
   t=112s | buffer: 31.8s | bitrate: 4950 kbps | tp: 5412 kbps | trace_bw: 19162 kbps

======================================================================
  BENCHMARK RESULTS (HLS / hls.js)
======================================================================

  [TIMING]
      Startup delay:     803 ms
      Playback time:     120.5 s

  [BITRATE]
      Average (selected):  4,800 kbps
      Average (effective): 4,786 kbps
      Min / Max:           440 / 4,950 kbps
      Median:              4,950 kbps
      Std deviation:       807.9 kbps
      Variance:            652,777.1
      25th/75th %ile:      4,950 / 4,950 kbps

  [SWITCHES]
      Total count:       1
      Up / Down:         1 / 0
      Avg magnitude:     4,510 kbps

  [REBUFFERING]
      Events:            1
      Total time:        353 ms
      Ratio:             0.2921%
      Frequency:         0.498 per minute
      Avg duration:      353 ms
      Max duration:      353 ms

  [THROUGHPUT]
      Average:           7,396 kbps
      Median:            6,180 kbps
      Min / Max:         10 / 15,925 kbps
      Std deviation:     2,905.1 kbps

  [AVAILABLE BW (trace)]
      Average:           18,086 kbps
      Min / Max:         11,511 / 19,455 kbps
      Utilisation:       34.2%

  [BUFFER]
      Average level:     29.4 s
      Min / Max:         0.0 / 33.0 s

  [UTILIZATION]
      Bandwidth:         25.5%

======================================================================

[SAVED] results/run_all_20260607_000000/hls_fcc_2023/benchmark_hls_fcc2023_019_unit1006162_tc_20260607_172053.json

──────────────────────────────────────────────────────────────────────
  [21/150] fcc2023_020_unit26113993_tc.csv
──────────────────────────────────────────────────────────────────────
[TRACE] fcc2023_020_unit26113993_tc.csv
[HLS-SHAPER] Triggering tc-trace via /startShaping API...
[HLS-SHAPER] tc-trace.py starting in container

======================================================================
  HLS Streaming QoE Benchmark (hls.js)
======================================================================
  Server: http://localhost:8080/hls.html?manifest=http://localhost:8080/hls/master.m3u8
======================================================================

[TRACE] Loaded 274 entries with bandwidth
[BROWSER] Launching headless Chromium...
[BROWSER] Waiting for playback to start...
   Startup delay: 818ms

[PLAYBACK] Collecting metrics...
   t=10s | buffer: 29.8s | bitrate: 4950 kbps | tp: 15845 kbps | trace_bw: 20432 kbps
   t=20s | buffer: 31.6s | bitrate: 4950 kbps | tp: 10430 kbps | trace_bw: 20596 kbps
   t=31s | buffer: 29.4s | bitrate: 4950 kbps | tp: 7691 kbps | trace_bw: 17379 kbps
   t=41s | buffer: 31.2s | bitrate: 4950 kbps | tp: 6918 kbps | trace_bw: 20603 kbps
   t=51s | buffer: 29.0s | bitrate: 4950 kbps | tp: 6644 kbps | trace_bw: 16265 kbps
   t=61s | buffer: 30.7s | bitrate: 4950 kbps | tp: 6120 kbps | trace_bw: 20571 kbps
   t=72s | buffer: 32.5s | bitrate: 4950 kbps | tp: 5811 kbps | trace_bw: 17219 kbps
   t=82s | buffer: 30.3s | bitrate: 4950 kbps | tp: 5527 kbps | trace_bw: 20382 kbps
   t=92s | buffer: 32.1s | bitrate: 4950 kbps | tp: 5677 kbps | trace_bw: 20560 kbps
   t=102s | buffer: 29.9s | bitrate: 4950 kbps | tp: 5404 kbps | trace_bw: 20553 kbps
   t=112s | buffer: 31.7s | bitrate: 4950 kbps | tp: 5407 kbps | trace_bw: 17679 kbps

======================================================================
  BENCHMARK RESULTS (HLS / hls.js)
======================================================================

  [TIMING]
      Startup delay:     818 ms
      Playback time:     120.1 s

  [BITRATE]
      Average (selected):  4,800 kbps
      Average (effective): 4,786 kbps
      Min / Max:           440 / 4,950 kbps
      Median:              4,950 kbps
      Std deviation:       807.9 kbps
      Variance:            652,777.1
      25th/75th %ile:      4,950 / 4,950 kbps

  [SWITCHES]
      Total count:       1
      Up / Down:         1 / 0
      Avg magnitude:     4,510 kbps

  [REBUFFERING]
      Events:            1
      Total time:        358 ms
      Ratio:             0.2972%
      Frequency:         0.500 per minute
      Avg duration:      358 ms
      Max duration:      358 ms

  [THROUGHPUT]
      Average:           7,429 kbps
      Median:            6,171 kbps
      Min / Max:         10 / 16,808 kbps
      Std deviation:     2,974.9 kbps

  [AVAILABLE BW (trace)]
      Average:           19,050 kbps
      Min / Max:         10,359 / 20,603 kbps
      Utilisation:       32.4%

  [BUFFER]
      Average level:     29.5 s
      Min / Max:         0.0 / 33.1 s

  [UTILIZATION]
      Bandwidth:         23.6%

======================================================================

[SAVED] results/run_all_20260607_000000/hls_fcc_2023/benchmark_hls_fcc2023_020_unit26113993_tc_20260607_172258.json

──────────────────────────────────────────────────────────────────────
  [22/150] fcc2023_021_unit39827597_tc.csv
──────────────────────────────────────────────────────────────────────
[TRACE] fcc2023_021_unit39827597_tc.csv
[HLS-SHAPER] Triggering tc-trace via /startShaping API...
[HLS-SHAPER] tc-trace.py starting in container

======================================================================
  HLS Streaming QoE Benchmark (hls.js)
======================================================================
  Server: http://localhost:8080/hls.html?manifest=http://localhost:8080/hls/master.m3u8
======================================================================

[TRACE] Loaded 177 entries with bandwidth
[BROWSER] Launching headless Chromium...
[BROWSER] Waiting for playback to start...
   Startup delay: 808ms

[PLAYBACK] Collecting metrics...
   t=10s | buffer: 25.9s | bitrate: 4950 kbps | tp: 14315 kbps | trace_bw: 21431 kbps
   t=20s | buffer: 31.6s | bitrate: 4950 kbps | tp: 10443 kbps | trace_bw: 21431 kbps
   t=31s | buffer: 29.4s | bitrate: 4950 kbps | tp: 7700 kbps | trace_bw: 21446 kbps
   t=41s | buffer: 31.2s | bitrate: 4950 kbps | tp: 6927 kbps | trace_bw: 21261 kbps
   t=51s | buffer: 33.0s | bitrate: 4950 kbps | tp: 6976 kbps | trace_bw: 21720 kbps
   t=61s | buffer: 30.8s | bitrate: 4950 kbps | tp: 6128 kbps | trace_bw: 15546 kbps
   t=71s | buffer: 32.6s | bitrate: 4950 kbps | tp: 5819 kbps | trace_bw: 21546 kbps
   t=82s | buffer: 30.4s | bitrate: 4950 kbps | tp: 5533 kbps | trace_bw: 21617 kbps
   t=92s | buffer: 32.2s | bitrate: 4950 kbps | tp: 5683 kbps | trace_bw: 21500 kbps
   t=102s | buffer: 30.0s | bitrate: 4950 kbps | tp: 5409 kbps | trace_bw: 21699 kbps
   t=112s | buffer: 31.7s | bitrate: 4950 kbps | tp: 5411 kbps | trace_bw: 21709 kbps

======================================================================
  BENCHMARK RESULTS (HLS / hls.js)
======================================================================

  [TIMING]
      Startup delay:     808 ms
      Playback time:     120.5 s

  [BITRATE]
      Average (selected):  4,800 kbps
      Average (effective): 4,787 kbps
      Min / Max:           440 / 4,950 kbps
      Median:              4,950 kbps
      Std deviation:       807.9 kbps
      Variance:            652,777.1
      25th/75th %ile:      4,950 / 4,950 kbps

  [SWITCHES]
      Total count:       1
      Up / Down:         1 / 0
      Avg magnitude:     4,510 kbps

  [REBUFFERING]
      Events:            1
      Total time:        344 ms
      Ratio:             0.2847%
      Frequency:         0.498 per minute
      Avg duration:      344 ms
      Max duration:      344 ms

  [THROUGHPUT]
      Average:           7,316 kbps
      Median:            6,180 kbps
      Min / Max:         10 / 15,366 kbps
      Std deviation:     2,661.7 kbps

  [AVAILABLE BW (trace)]
      Average:           20,477 kbps
      Min / Max:         15,026 / 21,720 kbps
      Utilisation:       30.2%

  [BUFFER]
      Average level:     29.4 s
      Min / Max:         0.0 / 33.1 s

  [UTILIZATION]
      Bandwidth:         22.4%

======================================================================

[SAVED] results/run_all_20260607_000000/hls_fcc_2023/benchmark_hls_fcc2023_021_unit39827597_tc_20260607_172502.json

──────────────────────────────────────────────────────────────────────
  [23/150] fcc2023_022_unit999197_tc.csv
──────────────────────────────────────────────────────────────────────
[TRACE] fcc2023_022_unit999197_tc.csv
[HLS-SHAPER] Triggering tc-trace via /startShaping API...
[HLS-SHAPER] tc-trace.py starting in container

======================================================================
  HLS Streaming QoE Benchmark (hls.js)
======================================================================
  Server: http://localhost:8080/hls.html?manifest=http://localhost:8080/hls/master.m3u8
======================================================================

[TRACE] Loaded 228 entries with bandwidth
[BROWSER] Launching headless Chromium...
[BROWSER] Waiting for playback to start...
   Startup delay: 884ms

[PLAYBACK] Collecting metrics...
   t=10s | buffer: 29.8s | bitrate: 4950 kbps | tp: 15862 kbps | trace_bw: 22843 kbps
   t=20s | buffer: 31.6s | bitrate: 4950 kbps | tp: 10439 kbps | trace_bw: 22382 kbps
   t=31s | buffer: 29.4s | bitrate: 4950 kbps | tp: 7699 kbps | trace_bw: 22759 kbps
   t=41s | buffer: 31.2s | bitrate: 4950 kbps | tp: 6926 kbps | trace_bw: 22756 kbps
   t=51s | buffer: 33.0s | bitrate: 4950 kbps | tp: 6972 kbps | trace_bw: 22777 kbps
   t=61s | buffer: 30.8s | bitrate: 4950 kbps | tp: 6124 kbps | trace_bw: 22769 kbps
   t=72s | buffer: 32.5s | bitrate: 4950 kbps | tp: 5815 kbps | trace_bw: 22769 kbps
   t=82s | buffer: 30.3s | bitrate: 4950 kbps | tp: 5531 kbps | trace_bw: 22780 kbps
   t=92s | buffer: 32.1s | bitrate: 4950 kbps | tp: 5681 kbps | trace_bw: 22791 kbps
   t=102s | buffer: 29.9s | bitrate: 4950 kbps | tp: 5408 kbps | trace_bw: 22771 kbps
   t=112s | buffer: 31.7s | bitrate: 4950 kbps | tp: 5411 kbps | trace_bw: 20093 kbps

======================================================================
  BENCHMARK RESULTS (HLS / hls.js)
======================================================================

  [TIMING]
      Startup delay:     884 ms
      Playback time:     120.5 s

  [BITRATE]
      Average (selected):  4,800 kbps
      Average (effective): 4,785 kbps
      Min / Max:           440 / 4,950 kbps
      Median:              4,950 kbps
      Std deviation:       807.9 kbps
      Variance:            652,777.1
      25th/75th %ile:      4,950 / 4,950 kbps

  [SWITCHES]
      Total count:       1
      Up / Down:         1 / 0
      Avg magnitude:     4,510 kbps

  [REBUFFERING]
      Events:            1
      Total time:        390 ms
      Ratio:             0.3226%
      Frequency:         0.498 per minute
      Avg duration:      390 ms
      Max duration:      390 ms

  [THROUGHPUT]
      Average:           7,531 kbps
      Median:            6,175 kbps
      Min / Max:         10 / 17,751 kbps
      Std deviation:     3,201.0 kbps

  [AVAILABLE BW (trace)]
      Average:           22,266 kbps
      Min / Max:         15,760 / 22,843 kbps
      Utilisation:       27.7%

  [BUFFER]
      Average level:     29.8 s
      Min / Max:         0.0 / 33.4 s

  [UTILIZATION]
      Bandwidth:         21.1%

======================================================================

[SAVED] results/run_all_20260607_000000/hls_fcc_2023/benchmark_hls_fcc2023_022_unit999197_tc_20260607_172707.json

──────────────────────────────────────────────────────────────────────
  [24/150] fcc2023_023_unit40730185_tc.csv
──────────────────────────────────────────────────────────────────────
[TRACE] fcc2023_023_unit40730185_tc.csv
[HLS-SHAPER] Triggering tc-trace via /startShaping API...
[HLS-SHAPER] tc-trace.py starting in container

======================================================================
  HLS Streaming QoE Benchmark (hls.js)
======================================================================
  Server: http://localhost:8080/hls.html?manifest=http://localhost:8080/hls/master.m3u8
======================================================================

[TRACE] Loaded 204 entries with bandwidth
[BROWSER] Launching headless Chromium...
[BROWSER] Waiting for playback to start...
   Startup delay: 888ms

[PLAYBACK] Collecting metrics...
   t=10s | buffer: 29.8s | bitrate: 4950 kbps | tp: 15828 kbps | trace_bw: 24345 kbps
   t=20s | buffer: 31.6s | bitrate: 4950 kbps | tp: 10433 kbps | trace_bw: 24946 kbps
   t=31s | buffer: 29.4s | bitrate: 4950 kbps | tp: 7696 kbps | trace_bw: 10670 kbps
   t=41s | buffer: 31.2s | bitrate: 4950 kbps | tp: 6923 kbps | trace_bw: 20703 kbps
   t=51s | buffer: 29.0s | bitrate: 4950 kbps | tp: 6648 kbps | trace_bw: 15227 kbps
   t=61s | buffer: 30.8s | bitrate: 4950 kbps | tp: 6123 kbps | trace_bw: 11354 kbps
   t=71s | buffer: 28.6s | bitrate: 4950 kbps | tp: 5580 kbps | trace_bw: 10914 kbps
   t=82s | buffer: 30.4s | bitrate: 4950 kbps | tp: 5531 kbps | trace_bw: 24847 kbps
   t=92s | buffer: 32.2s | bitrate: 4950 kbps | tp: 5682 kbps | trace_bw: 20358 kbps
   t=102s | buffer: 29.9s | bitrate: 4950 kbps | tp: 5408 kbps | trace_bw: 24596 kbps
   t=112s | buffer: 31.7s | bitrate: 4950 kbps | tp: 5410 kbps | trace_bw: 24447 kbps

======================================================================
  BENCHMARK RESULTS (HLS / hls.js)
======================================================================

  [TIMING]
      Startup delay:     888 ms
      Playback time:     120.5 s

  [BITRATE]
      Average (selected):  4,782 kbps
      Average (effective): 4,766 kbps
      Min / Max:           440 / 4,950 kbps
      Median:              4,950 kbps
      Std deviation:       853.4 kbps
      Variance:            728,317.6
      25th/75th %ile:      4,950 / 4,950 kbps

  [SWITCHES]
      Total count:       1
      Up / Down:         1 / 0
      Avg magnitude:     4,510 kbps

  [REBUFFERING]
      Events:            1
      Total time:        405 ms
      Ratio:             0.3349%
      Frequency:         0.498 per minute
      Avg duration:      405 ms
      Max duration:      405 ms

  [THROUGHPUT]
      Average:           7,514 kbps
      Median:            6,175 kbps
      Min / Max:         10 / 17,831 kbps
      Std deviation:     3,193.3 kbps

  [AVAILABLE BW (trace)]
      Average:           20,603 kbps
      Min / Max:         10,670 / 24,946 kbps
      Utilisation:       30.0%

  [BUFFER]
      Average level:     29.7 s
      Min / Max:         0.0 / 33.4 s

  [UTILIZATION]
      Bandwidth:         20.2%

======================================================================

[SAVED] results/run_all_20260607_000000/hls_fcc_2023/benchmark_hls_fcc2023_023_unit40730185_tc_20260607_172912.json

──────────────────────────────────────────────────────────────────────
  [25/150] fcc2023_024_unit38658753_tc.csv
──────────────────────────────────────────────────────────────────────
[TRACE] fcc2023_024_unit38658753_tc.csv
[HLS-SHAPER] Triggering tc-trace via /startShaping API...
[HLS-SHAPER] tc-trace.py starting in container

======================================================================
  HLS Streaming QoE Benchmark (hls.js)
======================================================================
  Server: http://localhost:8080/hls.html?manifest=http://localhost:8080/hls/master.m3u8
======================================================================

[TRACE] Loaded 171 entries with bandwidth
[BROWSER] Launching headless Chromium...
[BROWSER] Waiting for playback to start...
   Startup delay: 871ms

[PLAYBACK] Collecting metrics...
   t=10s | buffer: 29.8s | bitrate: 4950 kbps | tp: 15816 kbps | trace_bw: 25561 kbps
   t=20s | buffer: 31.6s | bitrate: 4950 kbps | tp: 10415 kbps | trace_bw: 24781 kbps
   t=31s | buffer: 29.4s | bitrate: 4950 kbps | tp: 7681 kbps | trace_bw: 23386 kbps
   t=41s | buffer: 31.1s | bitrate: 4950 kbps | tp: 6908 kbps | trace_bw: 24818 kbps
   t=51s | buffer: 32.9s | bitrate: 4950 kbps | tp: 6954 kbps | trace_bw: 24843 kbps
   t=61s | buffer: 30.6s | bitrate: 4950 kbps | tp: 6109 kbps | trace_bw: 25287 kbps
   t=72s | buffer: 32.4s | bitrate: 4950 kbps | tp: 5803 kbps | trace_bw: 23685 kbps
   t=82s | buffer: 30.2s | bitrate: 4950 kbps | tp: 5519 kbps | trace_bw: 24649 kbps
   t=92s | buffer: 31.9s | bitrate: 4950 kbps | tp: 5668 kbps | trace_bw: 24666 kbps
   t=102s | buffer: 29.7s | bitrate: 4950 kbps | tp: 5397 kbps | trace_bw: 25119 kbps
   t=113s | buffer: 31.5s | bitrate: 4950 kbps | tp: 5400 kbps | trace_bw: 25041 kbps

======================================================================
  BENCHMARK RESULTS (HLS / hls.js)
======================================================================

  [TIMING]
      Startup delay:     871 ms
      Playback time:     120.2 s

  [BITRATE]
      Average (selected):  4,782 kbps
      Average (effective): 4,766 kbps
      Min / Max:           440 / 4,950 kbps
      Median:              4,950 kbps
      Std deviation:       855.1 kbps
      Variance:            731,222.4
      25th/75th %ile:      4,950 / 4,950 kbps

  [SWITCHES]
      Total count:       1
      Up / Down:         1 / 0
      Avg magnitude:     4,510 kbps

  [REBUFFERING]
      Events:            1
      Total time:        394 ms
      Ratio:             0.3266%
      Frequency:         0.499 per minute
      Avg duration:      394 ms
      Max duration:      394 ms

  [THROUGHPUT]
      Average:           7,521 kbps
      Median:            6,161 kbps
      Min / Max:         10 / 19,028 kbps
      Std deviation:     3,163.6 kbps

  [AVAILABLE BW (trace)]
      Average:           24,750 kbps
      Min / Max:         23,386 / 25,561 kbps
      Utilisation:       24.9%

  [BUFFER]
      Average level:     29.8 s
      Min / Max:         0.0 / 33.5 s

  [UTILIZATION]
      Bandwidth:         19.3%

======================================================================

[SAVED] results/run_all_20260607_000000/hls_fcc_2023/benchmark_hls_fcc2023_024_unit38658753_tc_20260607_173117.json

──────────────────────────────────────────────────────────────────────
  [26/150] fcc2023_025_unit79301373_tc.csv
──────────────────────────────────────────────────────────────────────
[TRACE] fcc2023_025_unit79301373_tc.csv
[HLS-SHAPER] Triggering tc-trace via /startShaping API...
[HLS-SHAPER] tc-trace.py starting in container

======================================================================
  HLS Streaming QoE Benchmark (hls.js)
======================================================================
  Server: http://localhost:8080/hls.html?manifest=http://localhost:8080/hls/master.m3u8
======================================================================

[TRACE] Loaded 78 entries with bandwidth
[BROWSER] Launching headless Chromium...
[BROWSER] Waiting for playback to start...
   Startup delay: 841ms

[PLAYBACK] Collecting metrics...
   t=10s | buffer: 29.9s | bitrate: 4950 kbps | tp: 15865 kbps | trace_bw: 25506 kbps
   t=20s | buffer: 31.6s | bitrate: 4950 kbps | tp: 10434 kbps | trace_bw: 28014 kbps
   t=31s | buffer: 29.4s | bitrate: 4950 kbps | tp: 7698 kbps | trace_bw: 23870 kbps
   t=41s | buffer: 31.2s | bitrate: 4950 kbps | tp: 6925 kbps | trace_bw: 20648 kbps
   t=51s | buffer: 33.0s | bitrate: 4950 kbps | tp: 6970 kbps | trace_bw: 26562 kbps
   t=61s | buffer: 30.8s | bitrate: 4950 kbps | tp: 6124 kbps | trace_bw: 25904 kbps
   t=71s | buffer: 32.6s | bitrate: 4950 kbps | tp: 5816 kbps | trace_bw: 27936 kbps
   t=82s | buffer: 30.3s | bitrate: 4950 kbps | tp: 5531 kbps | trace_bw: 27990 kbps
   t=92s | buffer: 32.1s | bitrate: 4950 kbps | tp: 5681 kbps | trace_bw: 26906 kbps
   t=102s | buffer: 29.9s | bitrate: 4950 kbps | tp: 5408 kbps | trace_bw: 27944 kbps
   t=112s | buffer: 31.7s | bitrate: 4950 kbps | tp: 5410 kbps | trace_bw: 26789 kbps

======================================================================
  BENCHMARK RESULTS (HLS / hls.js)
======================================================================

  [TIMING]
      Startup delay:     841 ms
      Playback time:     120.0 s

  [BITRATE]
      Average (selected):  4,800 kbps
      Average (effective): 4,785 kbps
      Min / Max:           440 / 4,950 kbps
      Median:              4,950 kbps
      Std deviation:       809.6 kbps
      Variance:            655,403.2
      25th/75th %ile:      4,950 / 4,950 kbps

  [SWITCHES]
      Total count:       1
      Up / Down:         1 / 0
      Avg magnitude:     4,510 kbps

  [REBUFFERING]
      Events:            1
      Total time:        376 ms
      Ratio:             0.3123%
      Frequency:         0.500 per minute
      Avg duration:      376 ms
      Max duration:      376 ms

  [THROUGHPUT]
      Average:           7,324 kbps
      Median:            6,176 kbps
      Min / Max:         10 / 15,894 kbps
      Std deviation:     2,693.0 kbps

  [AVAILABLE BW (trace)]
      Average:           25,286 kbps
      Min / Max:         14,399 / 28,018 kbps
      Utilisation:       24.4%

  [BUFFER]
      Average level:     29.5 s
      Min / Max:         0.0 / 33.5 s

  [UTILIZATION]
      Bandwidth:         18.2%

======================================================================

[SAVED] results/run_all_20260607_000000/hls_fcc_2023/benchmark_hls_fcc2023_025_unit79301373_tc_20260607_173322.json

──────────────────────────────────────────────────────────────────────
  [27/150] fcc2023_026_unit213512_tc.csv
──────────────────────────────────────────────────────────────────────
[TRACE] fcc2023_026_unit213512_tc.csv
[HLS-SHAPER] Triggering tc-trace via /startShaping API...
[HLS-SHAPER] tc-trace.py starting in container

======================================================================
  HLS Streaming QoE Benchmark (hls.js)
======================================================================
  Server: http://localhost:8080/hls.html?manifest=http://localhost:8080/hls/master.m3u8
======================================================================

[TRACE] Loaded 246 entries with bandwidth
[BROWSER] Launching headless Chromium...
[BROWSER] Waiting for playback to start...
   Startup delay: 1538ms

[PLAYBACK] Collecting metrics...
   t=10s | buffer: 13.9s | bitrate: 4950 kbps | tp: 6903 kbps | trace_bw: 34830 kbps
   t=20s | buffer: 27.7s | bitrate: 4950 kbps | tp: 9049 kbps | trace_bw: 41445 kbps
   t=31s | buffer: 29.5s | bitrate: 4950 kbps | tp: 7459 kbps | trace_bw: 37269 kbps
   t=41s | buffer: 31.2s | bitrate: 4950 kbps | tp: 6737 kbps | trace_bw: 29117 kbps
   t=51s | buffer: 33.0s | bitrate: 4950 kbps | tp: 6822 kbps | trace_bw: 30672 kbps
   t=61s | buffer: 30.8s | bitrate: 4950 kbps | tp: 5999 kbps | trace_bw: 24427 kbps
   t=72s | buffer: 32.5s | bitrate: 4950 kbps | tp: 5708 kbps | trace_bw: 39356 kbps
   t=82s | buffer: 30.3s | bitrate: 4950 kbps | tp: 5435 kbps | trace_bw: 34005 kbps
   t=92s | buffer: 32.1s | bitrate: 4950 kbps | tp: 5596 kbps | trace_bw: 21417 kbps
   t=102s | buffer: 29.9s | bitrate: 4950 kbps | tp: 5332 kbps | trace_bw: 26512 kbps
   t=112s | buffer: 31.7s | bitrate: 4950 kbps | tp: 5341 kbps | trace_bw: 31974 kbps

======================================================================
  BENCHMARK RESULTS (HLS / hls.js)
======================================================================

  [TIMING]
      Startup delay:     1,538 ms
      Playback time:     120.1 s

  [BITRATE]
      Average (selected):  4,745 kbps
      Average (effective): 4,718 kbps
      Min / Max:           440 / 4,950 kbps
      Median:              4,950 kbps
      Std deviation:       852.4 kbps
      Variance:            726,591.6
      25th/75th %ile:      4,950 / 4,950 kbps

  [SWITCHES]
      Total count:       2
      Up / Down:         2 / 0
      Avg magnitude:     2,255 kbps

  [REBUFFERING]
      Events:            1
      Total time:        683 ms
      Ratio:             0.5657%
      Frequency:         0.500 per minute
      Avg duration:      683 ms
      Max duration:      683 ms

  [THROUGHPUT]
      Average:           6,389 kbps
      Median:            5,849 kbps
      Min / Max:         10 / 10,808 kbps
      Std deviation:     1,495.2 kbps

  [AVAILABLE BW (trace)]
      Average:           32,524 kbps
      Min / Max:         17,573 / 42,103 kbps
      Utilisation:       18.0%

  [BUFFER]
      Average level:     28.0 s
      Min / Max:         0.0 / 33.1 s

  [UTILIZATION]
      Bandwidth:         14.8%

======================================================================

[SAVED] results/run_all_20260607_000000/hls_fcc_2023/benchmark_hls_fcc2023_026_unit213512_tc_20260607_173526.json

──────────────────────────────────────────────────────────────────────
  [28/150] fcc2023_027_unit999559_tc.csv
──────────────────────────────────────────────────────────────────────
[TRACE] fcc2023_027_unit999559_tc.csv
[HLS-SHAPER] Triggering tc-trace via /startShaping API...
[HLS-SHAPER] tc-trace.py starting in container

======================================================================
  HLS Streaming QoE Benchmark (hls.js)
======================================================================
  Server: http://localhost:8080/hls.html?manifest=http://localhost:8080/hls/master.m3u8
======================================================================

[TRACE] Loaded 95 entries with bandwidth
[BROWSER] Launching headless Chromium...
[BROWSER] Waiting for playback to start...
   Startup delay: 747ms

[PLAYBACK] Collecting metrics...
   t=10s | buffer: 29.8s | bitrate: 4950 kbps | tp: 15853 kbps | trace_bw: 27777 kbps
   t=20s | buffer: 31.6s | bitrate: 4950 kbps | tp: 10422 kbps | trace_bw: 13952 kbps
   t=31s | buffer: 29.4s | bitrate: 4950 kbps | tp: 7684 kbps | trace_bw: 20985 kbps
   t=41s | buffer: 31.1s | bitrate: 4950 kbps | tp: 6913 kbps | trace_bw: 27847 kbps
   t=51s | buffer: 32.9s | bitrate: 4950 kbps | tp: 6961 kbps | trace_bw: 26156 kbps
   t=61s | buffer: 30.7s | bitrate: 4950 kbps | tp: 6114 kbps | trace_bw: 27784 kbps
   t=72s | buffer: 32.5s | bitrate: 4950 kbps | tp: 5808 kbps | trace_bw: 27852 kbps
   t=82s | buffer: 30.2s | bitrate: 4950 kbps | tp: 5524 kbps | trace_bw: 27577 kbps
   t=92s | buffer: 32.0s | bitrate: 4950 kbps | tp: 5673 kbps | trace_bw: 27852 kbps
   t=102s | buffer: 29.8s | bitrate: 4950 kbps | tp: 5401 kbps | trace_bw: 27335 kbps
   t=112s | buffer: 31.6s | bitrate: 4950 kbps | tp: 5404 kbps | trace_bw: 27819 kbps

======================================================================
  BENCHMARK RESULTS (HLS / hls.js)
======================================================================

  [TIMING]
      Startup delay:     747 ms
      Playback time:     120.2 s

  [BITRATE]
      Average (selected):  4,800 kbps
      Average (effective): 4,787 kbps
      Min / Max:           440 / 4,950 kbps
      Median:              4,950 kbps
      Std deviation:       807.9 kbps
      Variance:            652,777.1
      25th/75th %ile:      4,950 / 4,950 kbps

  [SWITCHES]
      Total count:       1
      Up / Down:         1 / 0
      Avg magnitude:     4,510 kbps

  [REBUFFERING]
      Events:            1
      Total time:        325 ms
      Ratio:             0.2697%
      Frequency:         0.499 per minute
      Avg duration:      325 ms
      Max duration:      325 ms

  [THROUGHPUT]
      Average:           7,872 kbps
      Median:            6,218 kbps
      Min / Max:         5,242 / 22,040 kbps
      Std deviation:     3,958.2 kbps

  [AVAILABLE BW (trace)]
      Average:           25,398 kbps
      Min / Max:         12,960 / 27,948 kbps
      Utilisation:       24.5%

  [BUFFER]
      Average level:     30.1 s
      Min / Max:         0.0 / 33.5 s

  [UTILIZATION]
      Bandwidth:         17.3%

======================================================================

[SAVED] results/run_all_20260607_000000/hls_fcc_2023/benchmark_hls_fcc2023_027_unit999559_tc_20260607_173731.json

──────────────────────────────────────────────────────────────────────
  [29/150] fcc2023_028_unit25017921_tc.csv
──────────────────────────────────────────────────────────────────────
[TRACE] fcc2023_028_unit25017921_tc.csv
[HLS-SHAPER] Triggering tc-trace via /startShaping API...
[HLS-SHAPER] tc-trace.py starting in container

======================================================================
  HLS Streaming QoE Benchmark (hls.js)
======================================================================
  Server: http://localhost:8080/hls.html?manifest=http://localhost:8080/hls/master.m3u8
======================================================================

[TRACE] Loaded 281 entries with bandwidth
[BROWSER] Launching headless Chromium...
[BROWSER] Waiting for playback to start...
   Startup delay: 1107ms

[PLAYBACK] Collecting metrics...
   t=10s | buffer: 29.9s | bitrate: 4950 kbps | tp: 15872 kbps | trace_bw: 29086 kbps
   t=20s | buffer: 31.6s | bitrate: 4950 kbps | tp: 10433 kbps | trace_bw: 28072 kbps
   t=31s | buffer: 29.4s | bitrate: 4950 kbps | tp: 7696 kbps | trace_bw: 29831 kbps
   t=41s | buffer: 31.2s | bitrate: 4950 kbps | tp: 6923 kbps | trace_bw: 29803 kbps
   t=51s | buffer: 29.0s | bitrate: 4950 kbps | tp: 6648 kbps | trace_bw: 28230 kbps
   t=61s | buffer: 30.8s | bitrate: 4950 kbps | tp: 6123 kbps | trace_bw: 27740 kbps
   t=71s | buffer: 32.6s | bitrate: 4950 kbps | tp: 5817 kbps | trace_bw: 29787 kbps
   t=82s | buffer: 30.4s | bitrate: 4950 kbps | tp: 5532 kbps | trace_bw: 27389 kbps
   t=92s | buffer: 32.2s | bitrate: 4950 kbps | tp: 5682 kbps | trace_bw: 28128 kbps
   t=102s | buffer: 29.9s | bitrate: 4950 kbps | tp: 5409 kbps | trace_bw: 29580 kbps
   t=112s | buffer: 31.7s | bitrate: 4950 kbps | tp: 5411 kbps | trace_bw: 29787 kbps

======================================================================
  BENCHMARK RESULTS (HLS / hls.js)
======================================================================

  [TIMING]
      Startup delay:     1,107 ms
      Playback time:     120.0 s

  [BITRATE]
      Average (selected):  4,800 kbps
      Average (effective): 4,780 kbps
      Min / Max:           440 / 4,950 kbps
      Median:              4,950 kbps
      Std deviation:       809.6 kbps
      Variance:            655,403.2
      25th/75th %ile:      4,950 / 4,950 kbps

  [SWITCHES]
      Total count:       1
      Up / Down:         1 / 0
      Avg magnitude:     4,510 kbps

  [REBUFFERING]
      Events:            1
      Total time:        506 ms
      Ratio:             0.4198%
      Frequency:         0.500 per minute
      Avg duration:      506 ms
      Max duration:      506 ms

  [THROUGHPUT]
      Average:           7,520 kbps
      Median:            6,157 kbps
      Min / Max:         10 / 18,565 kbps
      Std deviation:     3,236.9 kbps

  [AVAILABLE BW (trace)]
      Average:           28,971 kbps
      Min / Max:         27,389 / 30,475 kbps
      Utilisation:       21.3%

  [BUFFER]
      Average level:     29.4 s
      Min / Max:         0.0 / 33.2 s

  [UTILIZATION]
      Bandwidth:         16.5%

======================================================================

[SAVED] results/run_all_20260607_000000/hls_fcc_2023/benchmark_hls_fcc2023_028_unit25017921_tc_20260607_173936.json

──────────────────────────────────────────────────────────────────────
  [30/150] fcc2023_029_unit55789553_tc.csv
──────────────────────────────────────────────────────────────────────
[TRACE] fcc2023_029_unit55789553_tc.csv
[HLS-SHAPER] Triggering tc-trace via /startShaping API...
[HLS-SHAPER] tc-trace.py starting in container

======================================================================
  HLS Streaming QoE Benchmark (hls.js)
======================================================================
  Server: http://localhost:8080/hls.html?manifest=http://localhost:8080/hls/master.m3u8
======================================================================

[TRACE] Loaded 309 entries with bandwidth
[BROWSER] Launching headless Chromium...
[BROWSER] Waiting for playback to start...
   Startup delay: 1059ms

[PLAYBACK] Collecting metrics...
   t=10s | buffer: 29.9s | bitrate: 4950 kbps | tp: 15862 kbps | trace_bw: 30406 kbps
   t=20s | buffer: 31.7s | bitrate: 4950 kbps | tp: 10444 kbps | trace_bw: 21813 kbps
   t=31s | buffer: 29.4s | bitrate: 4950 kbps | tp: 7704 kbps | trace_bw: 27580 kbps
   t=41s | buffer: 31.2s | bitrate: 4950 kbps | tp: 6930 kbps | trace_bw: 26946 kbps
   t=51s | buffer: 33.0s | bitrate: 4950 kbps | tp: 6976 kbps | trace_bw: 30405 kbps
   t=61s | buffer: 30.8s | bitrate: 4950 kbps | tp: 6127 kbps | trace_bw: 23025 kbps
   t=71s | buffer: 28.6s | bitrate: 4950 kbps | tp: 5582 kbps | trace_bw: 28798 kbps
   t=82s | buffer: 30.4s | bitrate: 4950 kbps | tp: 5533 kbps | trace_bw: 30378 kbps
   t=92s | buffer: 32.2s | bitrate: 4950 kbps | tp: 5682 kbps | trace_bw: 25335 kbps
   t=102s | buffer: 29.9s | bitrate: 4950 kbps | tp: 5408 kbps | trace_bw: 30300 kbps
   t=112s | buffer: 31.7s | bitrate: 4950 kbps | tp: 5411 kbps | trace_bw: 30012 kbps

======================================================================
  BENCHMARK RESULTS (HLS / hls.js)
======================================================================

  [TIMING]
      Startup delay:     1,059 ms
      Playback time:     120.5 s

  [BITRATE]
      Average (selected):  4,800 kbps
      Average (effective): 4,781 kbps
      Min / Max:           440 / 4,950 kbps
      Median:              4,950 kbps
      Std deviation:       807.9 kbps
      Variance:            652,777.1
      25th/75th %ile:      4,950 / 4,950 kbps

  [SWITCHES]
      Total count:       1
      Up / Down:         1 / 0
      Avg magnitude:     4,510 kbps

  [REBUFFERING]
      Events:            1
      Total time:        478 ms
      Ratio:             0.3950%
      Frequency:         0.498 per minute
      Avg duration:      478 ms
      Max duration:      478 ms

  [THROUGHPUT]
      Average:           7,624 kbps
      Median:            6,127 kbps
      Min / Max:         10 / 19,814 kbps
      Std deviation:     3,482.2 kbps

  [AVAILABLE BW (trace)]
      Average:           27,141 kbps
      Min / Max:         18,286 / 30,860 kbps
      Utilisation:       22.6%

  [BUFFER]
      Average level:     29.8 s
      Min / Max:         0.0 / 33.1 s

  [UTILIZATION]
      Bandwidth:         16.1%

======================================================================

[SAVED] results/run_all_20260607_000000/hls_fcc_2023/benchmark_hls_fcc2023_029_unit55789553_tc_20260607_174140.json

──────────────────────────────────────────────────────────────────────
  [31/150] fcc2023_030_unit999339_tc.csv
──────────────────────────────────────────────────────────────────────
[TRACE] fcc2023_030_unit999339_tc.csv
[HLS-SHAPER] Triggering tc-trace via /startShaping API...
[HLS-SHAPER] tc-trace.py starting in container

======================================================================
  HLS Streaming QoE Benchmark (hls.js)
======================================================================
  Server: http://localhost:8080/hls.html?manifest=http://localhost:8080/hls/master.m3u8
======================================================================

[TRACE] Loaded 216 entries with bandwidth
[BROWSER] Launching headless Chromium...
[BROWSER] Waiting for playback to start...
   Startup delay: 696ms

[PLAYBACK] Collecting metrics...
   t=10s | buffer: 29.8s | bitrate: 4950 kbps | tp: 15841 kbps | trace_bw: 30421 kbps
   t=20s | buffer: 31.6s | bitrate: 4950 kbps | tp: 10427 kbps | trace_bw: 30795 kbps
   t=31s | buffer: 33.4s | bitrate: 4950 kbps | tp: 8138 kbps | trace_bw: 30792 kbps
   t=41s | buffer: 31.2s | bitrate: 4950 kbps | tp: 6920 kbps | trace_bw: 29536 kbps
   t=51s | buffer: 33.0s | bitrate: 4950 kbps | tp: 6967 kbps | trace_bw: 30795 kbps
   t=61s | buffer: 30.7s | bitrate: 4950 kbps | tp: 6119 kbps | trace_bw: 30762 kbps
   t=72s | buffer: 32.5s | bitrate: 4950 kbps | tp: 5811 kbps | trace_bw: 30790 kbps
   t=82s | buffer: 30.3s | bitrate: 4950 kbps | tp: 5527 kbps | trace_bw: 30793 kbps
   t=92s | buffer: 32.1s | bitrate: 4950 kbps | tp: 5676 kbps | trace_bw: 30742 kbps
   t=102s | buffer: 29.8s | bitrate: 4950 kbps | tp: 5403 kbps | trace_bw: 30788 kbps
   t=112s | buffer: 31.6s | bitrate: 4950 kbps | tp: 5404 kbps | trace_bw: 30941 kbps

======================================================================
  BENCHMARK RESULTS (HLS / hls.js)
======================================================================

  [TIMING]
      Startup delay:     696 ms
      Playback time:     120.1 s

  [BITRATE]
      Average (selected):  4,800 kbps
      Average (effective): 4,788 kbps
      Min / Max:           440 / 4,950 kbps
      Median:              4,950 kbps
      Std deviation:       807.9 kbps
      Variance:            652,777.1
      25th/75th %ile:      4,950 / 4,950 kbps

  [SWITCHES]
      Total count:       1
      Up / Down:         1 / 0
      Avg magnitude:     4,510 kbps

  [REBUFFERING]
      Events:            1
      Total time:        310 ms
      Ratio:             0.2574%
      Frequency:         0.499 per minute
      Avg duration:      310 ms
      Max duration:      310 ms

  [THROUGHPUT]
      Average:           7,894 kbps
      Median:            6,223 kbps
      Min / Max:         5,243 / 21,982 kbps
      Std deviation:     3,974.9 kbps

  [AVAILABLE BW (trace)]
      Average:           30,716 kbps
      Min / Max:         29,536 / 30,941 kbps
      Utilisation:       20.3%

  [BUFFER]
      Average level:     30.2 s
      Min / Max:         0.0 / 33.5 s

  [UTILIZATION]
      Bandwidth:         15.6%

======================================================================

[SAVED] results/run_all_20260607_000000/hls_fcc_2023/benchmark_hls_fcc2023_030_unit999339_tc_20260607_174345.json

──────────────────────────────────────────────────────────────────────
  [32/150] fcc2023_031_unit79378749_tc.csv
──────────────────────────────────────────────────────────────────────
[TRACE] fcc2023_031_unit79378749_tc.csv
[HLS-SHAPER] Triggering tc-trace via /startShaping API...
[HLS-SHAPER] tc-trace.py starting in container

======================================================================
  HLS Streaming QoE Benchmark (hls.js)
======================================================================
  Server: http://localhost:8080/hls.html?manifest=http://localhost:8080/hls/master.m3u8
======================================================================

[TRACE] Loaded 247 entries with bandwidth
[BROWSER] Launching headless Chromium...
[BROWSER] Waiting for playback to start...
   Startup delay: 713ms

[PLAYBACK] Collecting metrics...
   t=10s | buffer: 29.8s | bitrate: 4950 kbps | tp: 15851 kbps | trace_bw: 33901 kbps
   t=20s | buffer: 31.6s | bitrate: 4950 kbps | tp: 10439 kbps | trace_bw: 33870 kbps
   t=31s | buffer: 29.4s | bitrate: 4950 kbps | tp: 7700 kbps | trace_bw: 33891 kbps
   t=41s | buffer: 31.2s | bitrate: 4950 kbps | tp: 6926 kbps | trace_bw: 33864 kbps
   t=51s | buffer: 33.0s | bitrate: 4950 kbps | tp: 6969 kbps | trace_bw: 33523 kbps
   t=61s | buffer: 30.8s | bitrate: 4950 kbps | tp: 6124 kbps | trace_bw: 33858 kbps
   t=71s | buffer: 32.6s | bitrate: 4950 kbps | tp: 5816 kbps | trace_bw: 33936 kbps
   t=82s | buffer: 30.4s | bitrate: 4950 kbps | tp: 5532 kbps | trace_bw: 33845 kbps
   t=92s | buffer: 32.1s | bitrate: 4950 kbps | tp: 5681 kbps | trace_bw: 33903 kbps
   t=102s | buffer: 29.9s | bitrate: 4950 kbps | tp: 5408 kbps | trace_bw: 33833 kbps
   t=112s | buffer: 31.7s | bitrate: 4950 kbps | tp: 5411 kbps | trace_bw: 33845 kbps

======================================================================
  BENCHMARK RESULTS (HLS / hls.js)
======================================================================

  [TIMING]
      Startup delay:     713 ms
      Playback time:     120.5 s

  [BITRATE]
      Average (selected):  4,800 kbps
      Average (effective): 4,788 kbps
      Min / Max:           440 / 4,950 kbps
      Median:              4,950 kbps
      Std deviation:       807.9 kbps
      Variance:            652,777.1
      25th/75th %ile:      4,950 / 4,950 kbps

  [SWITCHES]
      Total count:       1
      Up / Down:         1 / 0
      Avg magnitude:     4,510 kbps

  [REBUFFERING]
      Events:            1
      Total time:        318 ms
      Ratio:             0.2631%
      Frequency:         0.498 per minute
      Avg duration:      318 ms
      Max duration:      318 ms

  [THROUGHPUT]
      Average:           8,067 kbps
      Median:            6,228 kbps
      Min / Max:         5,248 / 25,994 kbps
      Std deviation:     4,539.4 kbps

  [AVAILABLE BW (trace)]
      Average:           33,856 kbps
      Min / Max:         33,523 / 33,936 kbps
      Utilisation:       18.4%

  [BUFFER]
      Average level:     30.4 s
      Min / Max:         0.0 / 33.5 s

  [UTILIZATION]
      Bandwidth:         14.2%

======================================================================

[SAVED] results/run_all_20260607_000000/hls_fcc_2023/benchmark_hls_fcc2023_031_unit79378749_tc_20260607_174550.json

──────────────────────────────────────────────────────────────────────
  [33/150] fcc2023_032_unit947068_tc.csv
──────────────────────────────────────────────────────────────────────
[TRACE] fcc2023_032_unit947068_tc.csv
[HLS-SHAPER] Triggering tc-trace via /startShaping API...
[HLS-SHAPER] tc-trace.py starting in container

======================================================================
  HLS Streaming QoE Benchmark (hls.js)
======================================================================
  Server: http://localhost:8080/hls.html?manifest=http://localhost:8080/hls/master.m3u8
======================================================================

[TRACE] Loaded 110 entries with bandwidth
[BROWSER] Launching headless Chromium...
[BROWSER] Waiting for playback to start...
   Startup delay: 3311ms

[PLAYBACK] Collecting metrics...
   t=10s | buffer: 9.8s | bitrate: 2200 kbps | tp: 2481 kbps | trace_bw: 32590 kbps
   t=20s | buffer: 7.6s | bitrate: 2200 kbps | tp: 2161 kbps | trace_bw: 39832 kbps
   t=31s | buffer: 13.4s | bitrate: 1320 kbps | tp: 2026 kbps | trace_bw: 22324 kbps
   t=41s | buffer: 23.2s | bitrate: 1320 kbps | tp: 2003 kbps | trace_bw: 27953 kbps
   t=51s | buffer: 29.0s | bitrate: 1320 kbps | tp: 2167 kbps | trace_bw: 14913 kbps
   t=61s | buffer: 30.7s | bitrate: 1320 kbps | tp: 1999 kbps | trace_bw: 38881 kbps
   t=72s | buffer: 28.5s | bitrate: 1650 kbps | tp: 1822 kbps | trace_bw: 51975 kbps
   t=82s | buffer: 30.3s | bitrate: 1650 kbps | tp: 1811 kbps | trace_bw: 29862 kbps
   t=92s | buffer: 28.1s | bitrate: 1650 kbps | tp: 1795 kbps | trace_bw: 63930 kbps
   t=102s | buffer: 29.8s | bitrate: 1650 kbps | tp: 1837 kbps | trace_bw: 35592 kbps
   t=112s | buffer: 27.6s | bitrate: 1650 kbps | tp: 1807 kbps | trace_bw: 71135 kbps

======================================================================
  BENCHMARK RESULTS (HLS / hls.js)
======================================================================

  [TIMING]
      Startup delay:     3,311 ms
      Playback time:     120.1 s

  [BITRATE]
      Average (selected):  1,580 kbps
      Average (effective): 1,561 kbps
      Min / Max:           440 / 2,200 kbps
      Median:              1,650 kbps
      Std deviation:       366.5 kbps
      Variance:            134,296.6
      25th/75th %ile:      1,320 / 1,650 kbps

  [SWITCHES]
      Total count:       4
      Up / Down:         3 / 1
      Avg magnitude:     742 kbps

  [REBUFFERING]
      Events:            1
      Total time:        1,509 ms
      Ratio:             1.2405%
      Frequency:         0.499 per minute
      Avg duration:      1,509 ms
      Max duration:      1,509 ms

  [THROUGHPUT]
      Average:           1,896 kbps
      Median:            1,878 kbps
      Min / Max:         4 / 2,481 kbps
      Std deviation:     309.3 kbps

  [AVAILABLE BW (trace)]
      Average:           37,783 kbps
      Min / Max:         14,111 / 71,135 kbps
      Utilisation:       5.0%

  [BUFFER]
      Average level:     22.6 s
      Min / Max:         0.0 / 32.4 s

  [UTILIZATION]
      Bandwidth:         4.5%

======================================================================

[SAVED] results/run_all_20260607_000000/hls_fcc_2023/benchmark_hls_fcc2023_032_unit947068_tc_20260607_174754.json

──────────────────────────────────────────────────────────────────────
  [34/150] fcc2023_033_unit27784_tc.csv
──────────────────────────────────────────────────────────────────────
[TRACE] fcc2023_033_unit27784_tc.csv
[HLS-SHAPER] Triggering tc-trace via /startShaping API...
[HLS-SHAPER] tc-trace.py starting in container

======================================================================
  HLS Streaming QoE Benchmark (hls.js)
======================================================================
  Server: http://localhost:8080/hls.html?manifest=http://localhost:8080/hls/master.m3u8
======================================================================

[TRACE] Loaded 174 entries with bandwidth
[BROWSER] Launching headless Chromium...
[BROWSER] Waiting for playback to start...
   Startup delay: 783ms

[PLAYBACK] Collecting metrics...
   t=10s | buffer: 29.9s | bitrate: 4950 kbps | tp: 15861 kbps | trace_bw: 37889 kbps
   t=20s | buffer: 31.6s | bitrate: 4950 kbps | tp: 10439 kbps | trace_bw: 36010 kbps
   t=31s | buffer: 33.4s | bitrate: 4950 kbps | tp: 8139 kbps | trace_bw: 40900 kbps
   t=41s | buffer: 31.2s | bitrate: 4950 kbps | tp: 6918 kbps | trace_bw: 39554 kbps
   t=51s | buffer: 32.9s | bitrate: 4950 kbps | tp: 6965 kbps | trace_bw: 36515 kbps
   t=61s | buffer: 30.7s | bitrate: 4950 kbps | tp: 6120 kbps | trace_bw: 36811 kbps
   t=72s | buffer: 32.5s | bitrate: 4950 kbps | tp: 5811 kbps | trace_bw: 27063 kbps
   t=82s | buffer: 30.3s | bitrate: 4950 kbps | tp: 5526 kbps | trace_bw: 25163 kbps
   t=92s | buffer: 32.1s | bitrate: 4950 kbps | tp: 5675 kbps | trace_bw: 26905 kbps
   t=102s | buffer: 29.8s | bitrate: 4950 kbps | tp: 5403 kbps | trace_bw: 25441 kbps
   t=112s | buffer: 31.6s | bitrate: 4950 kbps | tp: 5405 kbps | trace_bw: 36537 kbps

======================================================================
  BENCHMARK RESULTS (HLS / hls.js)
======================================================================

  [TIMING]
      Startup delay:     783 ms
      Playback time:     120.1 s

  [BITRATE]
      Average (selected):  4,800 kbps
      Average (effective): 4,787 kbps
      Min / Max:           440 / 4,950 kbps
      Median:              4,950 kbps
      Std deviation:       807.9 kbps
      Variance:            652,777.1
      25th/75th %ile:      4,950 / 4,950 kbps

  [SWITCHES]
      Total count:       1
      Up / Down:         1 / 0
      Avg magnitude:     4,510 kbps

  [REBUFFERING]
      Events:            1
      Total time:        345 ms
      Ratio:             0.2863%
      Frequency:         0.499 per minute
      Avg duration:      345 ms
      Max duration:      345 ms

  [THROUGHPUT]
      Average:           8,108 kbps
      Median:            6,223 kbps
      Min / Max:         5,243 / 26,377 kbps
      Std deviation:     4,582.5 kbps

  [AVAILABLE BW (trace)]
      Average:           33,825 kbps
      Min / Max:         23,092 / 40,900 kbps
      Utilisation:       18.4%

  [BUFFER]
      Average level:     30.5 s
      Min / Max:         0.0 / 33.5 s

  [UTILIZATION]
      Bandwidth:         13.0%

======================================================================

[SAVED] results/run_all_20260607_000000/hls_fcc_2023/benchmark_hls_fcc2023_033_unit27784_tc_20260607_175002.json

──────────────────────────────────────────────────────────────────────
  [35/150] fcc2023_034_unit82066761_tc.csv
──────────────────────────────────────────────────────────────────────
[TRACE] fcc2023_034_unit82066761_tc.csv
[HLS-SHAPER] Triggering tc-trace via /startShaping API...
[HLS-SHAPER] tc-trace.py starting in container

======================================================================
  HLS Streaming QoE Benchmark (hls.js)
======================================================================
  Server: http://localhost:8080/hls.html?manifest=http://localhost:8080/hls/master.m3u8
======================================================================

[TRACE] Loaded 310 entries with bandwidth
[BROWSER] Launching headless Chromium...
[BROWSER] Waiting for playback to start...
   Startup delay: 485ms

[PLAYBACK] Collecting metrics...
   t=10s | buffer: 29.8s | bitrate: 4950 kbps | tp: 15847 kbps | trace_bw: 40606 kbps
   t=20s | buffer: 31.6s | bitrate: 4950 kbps | tp: 10429 kbps | trace_bw: 40572 kbps
   t=31s | buffer: 33.4s | bitrate: 4950 kbps | tp: 8132 kbps | trace_bw: 40527 kbps
   t=41s | buffer: 31.1s | bitrate: 4950 kbps | tp: 6915 kbps | trace_bw: 40591 kbps
   t=51s | buffer: 32.9s | bitrate: 4950 kbps | tp: 6963 kbps | trace_bw: 40566 kbps
   t=61s | buffer: 30.7s | bitrate: 4950 kbps | tp: 6115 kbps | trace_bw: 40599 kbps
   t=72s | buffer: 32.4s | bitrate: 4950 kbps | tp: 5806 kbps | trace_bw: 40601 kbps
   t=82s | buffer: 30.2s | bitrate: 4950 kbps | tp: 5522 kbps | trace_bw: 40546 kbps
   t=92s | buffer: 32.0s | bitrate: 4950 kbps | tp: 5670 kbps | trace_bw: 40575 kbps
   t=102s | buffer: 29.8s | bitrate: 4950 kbps | tp: 5399 kbps | trace_bw: 40561 kbps
   t=113s | buffer: 31.5s | bitrate: 4950 kbps | tp: 5402 kbps | trace_bw: 40566 kbps

======================================================================
  BENCHMARK RESULTS (HLS / hls.js)
======================================================================

  [TIMING]
      Startup delay:     485 ms
      Playback time:     120.2 s

  [BITRATE]
      Average (selected):  4,800 kbps
      Average (effective): 4,792 kbps
      Min / Max:           440 / 4,950 kbps
      Median:              4,950 kbps
      Std deviation:       809.6 kbps
      Variance:            655,403.2
      25th/75th %ile:      4,950 / 4,950 kbps

  [SWITCHES]
      Total count:       1
      Up / Down:         1 / 0
      Avg magnitude:     4,510 kbps

  [REBUFFERING]
      Events:            1
      Total time:        190 ms
      Ratio:             0.1578%
      Frequency:         0.499 per minute
      Avg duration:      190 ms
      Max duration:      190 ms

  [THROUGHPUT]
      Average:           8,367 kbps
      Median:            6,219 kbps
      Min / Max:         5,262 / 33,947 kbps
      Std deviation:     5,478.5 kbps

  [AVAILABLE BW (trace)]
      Average:           40,536 kbps
      Min / Max:         40,054 / 40,606 kbps
      Utilisation:       15.3%

  [BUFFER]
      Average level:     30.9 s
      Min / Max:         0.0 / 33.6 s

  [UTILIZATION]
      Bandwidth:         11.8%

======================================================================

[SAVED] results/run_all_20260607_000000/hls_fcc_2023/benchmark_hls_fcc2023_034_unit82066761_tc_20260607_175206.json

──────────────────────────────────────────────────────────────────────
  [36/150] fcc2023_035_unit9385_tc.csv
──────────────────────────────────────────────────────────────────────
[TRACE] fcc2023_035_unit9385_tc.csv
[HLS-SHAPER] Triggering tc-trace via /startShaping API...
[HLS-SHAPER] tc-trace.py starting in container

======================================================================
  HLS Streaming QoE Benchmark (hls.js)
======================================================================
  Server: http://localhost:8080/hls.html?manifest=http://localhost:8080/hls/master.m3u8
======================================================================

[TRACE] Loaded 299 entries with bandwidth
[BROWSER] Launching headless Chromium...
[BROWSER] Waiting for playback to start...
   Startup delay: 490ms

[PLAYBACK] Collecting metrics...
   t=10s | buffer: 29.8s | bitrate: 4950 kbps | tp: 15785 kbps | trace_bw: 43064 kbps
   t=20s | buffer: 31.6s | bitrate: 4950 kbps | tp: 10410 kbps | trace_bw: 43301 kbps
   t=31s | buffer: 33.3s | bitrate: 4950 kbps | tp: 8129 kbps | trace_bw: 38177 kbps
   t=41s | buffer: 31.1s | bitrate: 4950 kbps | tp: 6911 kbps | trace_bw: 37234 kbps
   t=51s | buffer: 32.9s | bitrate: 4950 kbps | tp: 6959 kbps | trace_bw: 37305 kbps
   t=61s | buffer: 30.7s | bitrate: 4950 kbps | tp: 6114 kbps | trace_bw: 34277 kbps
   t=72s | buffer: 32.4s | bitrate: 4950 kbps | tp: 5805 kbps | trace_bw: 36695 kbps
   t=82s | buffer: 30.2s | bitrate: 4950 kbps | tp: 5523 kbps | trace_bw: 35103 kbps
   t=92s | buffer: 32.0s | bitrate: 4950 kbps | tp: 5672 kbps | trace_bw: 35950 kbps
   t=102s | buffer: 29.7s | bitrate: 4950 kbps | tp: 5399 kbps | trace_bw: 34907 kbps
   t=113s | buffer: 31.5s | bitrate: 4950 kbps | tp: 5401 kbps | trace_bw: 36320 kbps

======================================================================
  BENCHMARK RESULTS (HLS / hls.js)
======================================================================

  [TIMING]
      Startup delay:     490 ms
      Playback time:     120.2 s

  [BITRATE]
      Average (selected):  4,800 kbps
      Average (effective): 4,792 kbps
      Min / Max:           440 / 4,950 kbps
      Median:              4,950 kbps
      Std deviation:       809.6 kbps
      Variance:            655,403.2
      25th/75th %ile:      4,950 / 4,950 kbps

  [SWITCHES]
      Total count:       1
      Up / Down:         1 / 0
      Avg magnitude:     4,510 kbps

  [REBUFFERING]
      Events:            1
      Total time:        194 ms
      Ratio:             0.1611%
      Frequency:         0.499 per minute
      Avg duration:      194 ms
      Max duration:      194 ms

  [THROUGHPUT]
      Average:           8,398 kbps
      Median:            6,218 kbps
      Min / Max:         5,262 / 35,500 kbps
      Std deviation:     5,659.8 kbps

  [AVAILABLE BW (trace)]
      Average:           37,727 kbps
      Min / Max:         34,277 / 43,301 kbps
      Utilisation:       16.5%

  [BUFFER]
      Average level:     30.9 s
      Min / Max:         0.0 / 33.5 s

  [UTILIZATION]
      Bandwidth:         13.0%

======================================================================

[SAVED] results/run_all_20260607_000000/hls_fcc_2023/benchmark_hls_fcc2023_035_unit9385_tc_20260607_175410.json

──────────────────────────────────────────────────────────────────────
  [37/150] fcc2023_036_unit9284_tc.csv
──────────────────────────────────────────────────────────────────────
[TRACE] fcc2023_036_unit9284_tc.csv
[HLS-SHAPER] Triggering tc-trace via /startShaping API...
[HLS-SHAPER] tc-trace.py starting in container

======================================================================
  HLS Streaming QoE Benchmark (hls.js)
======================================================================
  Server: http://localhost:8080/hls.html?manifest=http://localhost:8080/hls/master.m3u8
======================================================================

[TRACE] Loaded 248 entries with bandwidth
[BROWSER] Launching headless Chromium...
[BROWSER] Waiting for playback to start...
   Startup delay: 857ms

[PLAYBACK] Collecting metrics...
   t=10s | buffer: 29.8s | bitrate: 4950 kbps | tp: 15823 kbps | trace_bw: 45452 kbps
   t=20s | buffer: 31.6s | bitrate: 4950 kbps | tp: 10422 kbps | trace_bw: 44728 kbps
   t=31s | buffer: 29.4s | bitrate: 4950 kbps | tp: 7686 kbps | trace_bw: 10196 kbps
   t=41s | buffer: 31.1s | bitrate: 4950 kbps | tp: 6909 kbps | trace_bw: 40357 kbps
   t=51s | buffer: 32.9s | bitrate: 4950 kbps | tp: 6959 kbps | trace_bw: 50047 kbps
   t=61s | buffer: 30.7s | bitrate: 4950 kbps | tp: 6114 kbps | trace_bw: 44934 kbps
   t=72s | buffer: 32.5s | bitrate: 4950 kbps | tp: 5807 kbps | trace_bw: 34949 kbps
   t=82s | buffer: 30.2s | bitrate: 4950 kbps | tp: 5524 kbps | trace_bw: 45497 kbps
   t=92s | buffer: 32.0s | bitrate: 4950 kbps | tp: 5672 kbps | trace_bw: 50021 kbps
   t=102s | buffer: 29.8s | bitrate: 4950 kbps | tp: 5400 kbps | trace_bw: 45954 kbps
   t=113s | buffer: 31.6s | bitrate: 4950 kbps | tp: 5402 kbps | trace_bw: 50012 kbps

======================================================================
  BENCHMARK RESULTS (HLS / hls.js)
======================================================================

  [TIMING]
      Startup delay:     857 ms
      Playback time:     120.2 s

  [BITRATE]
      Average (selected):  4,800 kbps
      Average (effective): 4,786 kbps
      Min / Max:           440 / 4,950 kbps
      Median:              4,950 kbps
      Std deviation:       807.9 kbps
      Variance:            652,777.1
      25th/75th %ile:      4,950 / 4,950 kbps

  [SWITCHES]
      Total count:       1
      Up / Down:         1 / 0
      Avg magnitude:     4,510 kbps

  [REBUFFERING]
      Events:            1
      Total time:        364 ms
      Ratio:             0.3019%
      Frequency:         0.499 per minute
      Avg duration:      364 ms
      Max duration:      364 ms

  [THROUGHPUT]
      Average:           7,566 kbps
      Median:            6,138 kbps
      Min / Max:         7 / 21,089 kbps
      Std deviation:     3,493.0 kbps

  [AVAILABLE BW (trace)]
      Average:           42,996 kbps
      Min / Max:         10,196 / 50,115 kbps
      Utilisation:       14.3%

  [BUFFER]
      Average level:     30.2 s
      Min / Max:         0.0 / 33.4 s

  [UTILIZATION]
      Bandwidth:         10.7%

======================================================================

[SAVED] results/run_all_20260607_000000/hls_fcc_2023/benchmark_hls_fcc2023_036_unit9284_tc_20260607_175614.json

──────────────────────────────────────────────────────────────────────
  [38/150] fcc2023_037_unit949130_tc.csv
──────────────────────────────────────────────────────────────────────
[TRACE] fcc2023_037_unit949130_tc.csv
[HLS-SHAPER] Triggering tc-trace via /startShaping API...
[HLS-SHAPER] tc-trace.py starting in container

======================================================================
  HLS Streaming QoE Benchmark (hls.js)
======================================================================
  Server: http://localhost:8080/hls.html?manifest=http://localhost:8080/hls/master.m3u8
======================================================================

[TRACE] Loaded 58 entries with bandwidth
[BROWSER] Launching headless Chromium...
[BROWSER] Waiting for playback to start...
   Startup delay: 793ms

[PLAYBACK] Collecting metrics...
   t=10s | buffer: 29.8s | bitrate: 4950 kbps | tp: 15823 kbps | trace_bw: 46214 kbps
   t=20s | buffer: 31.6s | bitrate: 4950 kbps | tp: 10424 kbps | trace_bw: 46747 kbps
   t=31s | buffer: 29.4s | bitrate: 4950 kbps | tp: 7686 kbps | trace_bw: 35104 kbps
   t=41s | buffer: 31.1s | bitrate: 4950 kbps | tp: 6912 kbps | trace_bw: 44505 kbps
   t=51s | buffer: 32.9s | bitrate: 4950 kbps | tp: 6956 kbps | trace_bw: 46679 kbps
   t=61s | buffer: 30.7s | bitrate: 4950 kbps | tp: 6111 kbps | trace_bw: 28744 kbps
   t=72s | buffer: 32.4s | bitrate: 4950 kbps | tp: 5804 kbps | trace_bw: 42192 kbps
   t=82s | buffer: 30.2s | bitrate: 4950 kbps | tp: 5520 kbps | trace_bw: 46600 kbps
   t=92s | buffer: 31.9s | bitrate: 4950 kbps | tp: 5668 kbps | trace_bw: 44611 kbps
   t=102s | buffer: 29.7s | bitrate: 4950 kbps | tp: 5395 kbps | trace_bw: 46685 kbps
   t=113s | buffer: 31.5s | bitrate: 4950 kbps | tp: 5398 kbps | trace_bw: 42040 kbps

======================================================================
  BENCHMARK RESULTS (HLS / hls.js)
======================================================================

  [TIMING]
      Startup delay:     793 ms
      Playback time:     120.3 s

  [BITRATE]
      Average (selected):  4,800 kbps
      Average (effective): 4,786 kbps
      Min / Max:           440 / 4,950 kbps
      Median:              4,950 kbps
      Std deviation:       807.9 kbps
      Variance:            652,777.1
      25th/75th %ile:      4,950 / 4,950 kbps

  [SWITCHES]
      Total count:       1
      Up / Down:         1 / 0
      Avg magnitude:     4,510 kbps

  [REBUFFERING]
      Events:            1
      Total time:        366 ms
      Ratio:             0.3034%
      Frequency:         0.499 per minute
      Avg duration:      366 ms
      Max duration:      366 ms

  [THROUGHPUT]
      Average:           7,957 kbps
      Median:            6,198 kbps
      Min / Max:         5,237 / 24,591 kbps
      Std deviation:     4,128.7 kbps

  [AVAILABLE BW (trace)]
      Average:           43,647 kbps
      Min / Max:         28,744 / 46,748 kbps
      Utilisation:       14.2%

  [BUFFER]
      Average level:     30.4 s
      Min / Max:         0.0 / 33.5 s

  [UTILIZATION]
      Bandwidth:         10.3%

======================================================================

[SAVED] results/run_all_20260607_000000/hls_fcc_2023/benchmark_hls_fcc2023_037_unit949130_tc_20260607_175819.json

──────────────────────────────────────────────────────────────────────
  [39/150] fcc2023_038_unit9370_tc.csv
──────────────────────────────────────────────────────────────────────
[TRACE] fcc2023_038_unit9370_tc.csv
[HLS-SHAPER] Triggering tc-trace via /startShaping API...
[HLS-SHAPER] tc-trace.py starting in container

======================================================================
  HLS Streaming QoE Benchmark (hls.js)
======================================================================
  Server: http://localhost:8080/hls.html?manifest=http://localhost:8080/hls/master.m3u8
======================================================================

[TRACE] Loaded 293 entries with bandwidth
[BROWSER] Launching headless Chromium...
[BROWSER] Waiting for playback to start...
   Startup delay: 537ms

[PLAYBACK] Collecting metrics...
   t=10s | buffer: 29.8s | bitrate: 4950 kbps | tp: 15832 kbps | trace_bw: 49639 kbps
   t=20s | buffer: 31.6s | bitrate: 4950 kbps | tp: 10422 kbps | trace_bw: 49696 kbps
   t=31s | buffer: 33.4s | bitrate: 4950 kbps | tp: 8134 kbps | trace_bw: 49637 kbps
   t=41s | buffer: 31.2s | bitrate: 4950 kbps | tp: 6918 kbps | trace_bw: 49646 kbps
   t=51s | buffer: 32.9s | bitrate: 4950 kbps | tp: 6963 kbps | trace_bw: 49645 kbps
   t=61s | buffer: 30.7s | bitrate: 4950 kbps | tp: 6116 kbps | trace_bw: 49645 kbps
   t=72s | buffer: 32.4s | bitrate: 4950 kbps | tp: 5806 kbps | trace_bw: 49726 kbps
   t=82s | buffer: 30.2s | bitrate: 4950 kbps | tp: 5522 kbps | trace_bw: 49619 kbps
   t=92s | buffer: 32.0s | bitrate: 4950 kbps | tp: 5671 kbps | trace_bw: 44921 kbps
   t=102s | buffer: 29.8s | bitrate: 4950 kbps | tp: 5399 kbps | trace_bw: 49604 kbps
   t=113s | buffer: 31.5s | bitrate: 4950 kbps | tp: 5401 kbps | trace_bw: 49637 kbps

======================================================================
  BENCHMARK RESULTS (HLS / hls.js)
======================================================================

  [TIMING]
      Startup delay:     537 ms
      Playback time:     120.2 s

  [BITRATE]
      Average (selected):  4,800 kbps
      Average (effective): 4,791 kbps
      Min / Max:           440 / 4,950 kbps
      Median:              4,950 kbps
      Std deviation:       807.9 kbps
      Variance:            652,777.1
      25th/75th %ile:      4,950 / 4,950 kbps

  [SWITCHES]
      Total count:       1
      Up / Down:         1 / 0
      Avg magnitude:     4,510 kbps

  [REBUFFERING]
      Events:            1
      Total time:        222 ms
      Ratio:             0.1843%
      Frequency:         0.499 per minute
      Avg duration:      222 ms
      Max duration:      222 ms

  [THROUGHPUT]
      Average:           8,215 kbps
      Median:            6,220 kbps
      Min / Max:         5,261 / 30,620 kbps
      Std deviation:     4,929.1 kbps

  [AVAILABLE BW (trace)]
      Average:           48,923 kbps
      Min / Max:         42,887 / 49,727 kbps
      Utilisation:       12.7%

  [BUFFER]
      Average level:     30.8 s
      Min / Max:         0.0 / 33.6 s

  [UTILIZATION]
      Bandwidth:         9.7%

======================================================================

[SAVED] results/run_all_20260607_000000/hls_fcc_2023/benchmark_hls_fcc2023_038_unit9370_tc_20260607_180023.json

──────────────────────────────────────────────────────────────────────
  [40/150] fcc2023_039_unit948526_tc.csv
──────────────────────────────────────────────────────────────────────
[TRACE] fcc2023_039_unit948526_tc.csv
[HLS-SHAPER] Triggering tc-trace via /startShaping API...
[HLS-SHAPER] tc-trace.py starting in container

======================================================================
  HLS Streaming QoE Benchmark (hls.js)
======================================================================
  Server: http://localhost:8080/hls.html?manifest=http://localhost:8080/hls/master.m3u8
======================================================================

[TRACE] Loaded 293 entries with bandwidth
[BROWSER] Launching headless Chromium...
[BROWSER] Waiting for playback to start...
   Startup delay: 1518ms

[PLAYBACK] Collecting metrics...
   t=10s | buffer: 17.8s | bitrate: 4950 kbps | tp: 9444 kbps | trace_bw: 32853 kbps
   t=20s | buffer: 31.6s | bitrate: 4950 kbps | tp: 10065 kbps | trace_bw: 39383 kbps
   t=31s | buffer: 29.4s | bitrate: 4950 kbps | tp: 7448 kbps | trace_bw: 22198 kbps
   t=41s | buffer: 31.2s | bitrate: 4950 kbps | tp: 6736 kbps | trace_bw: 26280 kbps
   t=51s | buffer: 29.0s | bitrate: 4950 kbps | tp: 6500 kbps | trace_bw: 13307 kbps
   t=61s | buffer: 30.8s | bitrate: 4950 kbps | tp: 6000 kbps | trace_bw: 37316 kbps
   t=72s | buffer: 32.5s | bitrate: 4950 kbps | tp: 5709 kbps | trace_bw: 28984 kbps
   t=82s | buffer: 30.3s | bitrate: 4950 kbps | tp: 5438 kbps | trace_bw: 52687 kbps
   t=92s | buffer: 32.1s | bitrate: 4950 kbps | tp: 5597 kbps | trace_bw: 52241 kbps
   t=102s | buffer: 29.9s | bitrate: 4950 kbps | tp: 5331 kbps | trace_bw: 44837 kbps
   t=112s | buffer: 31.6s | bitrate: 4950 kbps | tp: 5340 kbps | trace_bw: 78857 kbps

======================================================================
  BENCHMARK RESULTS (HLS / hls.js)
======================================================================

  [TIMING]
      Startup delay:     1,518 ms
      Playback time:     120.1 s

  [BITRATE]
      Average (selected):  4,745 kbps
      Average (effective): 4,717 kbps
      Min / Max:           440 / 4,950 kbps
      Median:              4,950 kbps
      Std deviation:       852.4 kbps
      Variance:            726,591.6
      25th/75th %ile:      4,950 / 4,950 kbps

  [SWITCHES]
      Total count:       2
      Up / Down:         2 / 0
      Avg magnitude:     2,255 kbps

  [REBUFFERING]
      Events:            1
      Total time:        713 ms
      Ratio:             0.5901%
      Frequency:         0.500 per minute
      Avg duration:      713 ms
      Max duration:      713 ms

  [THROUGHPUT]
      Average:           6,651 kbps
      Median:            5,977 kbps
      Min / Max:         10 / 11,301 kbps
      Std deviation:     1,734.4 kbps

  [AVAILABLE BW (trace)]
      Average:           37,736 kbps
      Min / Max:         8,355 / 78,857 kbps
      Utilisation:       15.8%

  [BUFFER]
      Average level:     28.4 s
      Min / Max:         0.0 / 32.8 s

  [UTILIZATION]
      Bandwidth:         13.3%

======================================================================

[SAVED] results/run_all_20260607_000000/hls_fcc_2023/benchmark_hls_fcc2023_039_unit948526_tc_20260607_180228.json

──────────────────────────────────────────────────────────────────────
  [41/150] fcc2023_040_unit890886_tc.csv
──────────────────────────────────────────────────────────────────────
[TRACE] fcc2023_040_unit890886_tc.csv
[HLS-SHAPER] Triggering tc-trace via /startShaping API...
[HLS-SHAPER] tc-trace.py starting in container

======================================================================
  HLS Streaming QoE Benchmark (hls.js)
======================================================================
  Server: http://localhost:8080/hls.html?manifest=http://localhost:8080/hls/master.m3u8
======================================================================

[TRACE] Loaded 207 entries with bandwidth
[BROWSER] Launching headless Chromium...
[BROWSER] Waiting for playback to start...
   Startup delay: 528ms

[PLAYBACK] Collecting metrics...
   t=10s | buffer: 29.8s | bitrate: 4950 kbps | tp: 15831 kbps | trace_bw: 54403 kbps
   t=20s | buffer: 31.6s | bitrate: 4950 kbps | tp: 10422 kbps | trace_bw: 54385 kbps
   t=31s | buffer: 33.4s | bitrate: 4950 kbps | tp: 8132 kbps | trace_bw: 54536 kbps
   t=41s | buffer: 31.1s | bitrate: 4950 kbps | tp: 6915 kbps | trace_bw: 54540 kbps
   t=51s | buffer: 32.9s | bitrate: 4950 kbps | tp: 6962 kbps | trace_bw: 46648 kbps
   t=61s | buffer: 30.7s | bitrate: 4950 kbps | tp: 6117 kbps | trace_bw: 54502 kbps
   t=72s | buffer: 32.5s | bitrate: 4950 kbps | tp: 5809 kbps | trace_bw: 54259 kbps
   t=82s | buffer: 30.3s | bitrate: 4950 kbps | tp: 5525 kbps | trace_bw: 54441 kbps
   t=92s | buffer: 32.0s | bitrate: 4950 kbps | tp: 5673 kbps | trace_bw: 46259 kbps
   t=102s | buffer: 29.8s | bitrate: 4950 kbps | tp: 5400 kbps | trace_bw: 52501 kbps
   t=113s | buffer: 31.6s | bitrate: 4950 kbps | tp: 5402 kbps | trace_bw: 54499 kbps

======================================================================
  BENCHMARK RESULTS (HLS / hls.js)
======================================================================

  [TIMING]
      Startup delay:     528 ms
      Playback time:     120.2 s

  [BITRATE]
      Average (selected):  4,800 kbps
      Average (effective): 4,791 kbps
      Min / Max:           440 / 4,950 kbps
      Median:              4,950 kbps
      Std deviation:       809.6 kbps
      Variance:            655,403.2
      25th/75th %ile:      4,950 / 4,950 kbps

  [SWITCHES]
      Total count:       1
      Up / Down:         1 / 0
      Avg magnitude:     4,510 kbps

  [REBUFFERING]
      Events:            1
      Total time:        217 ms
      Ratio:             0.1802%
      Frequency:         0.499 per minute
      Avg duration:      217 ms
      Max duration:      217 ms

  [THROUGHPUT]
      Average:           8,454 kbps
      Median:            6,220 kbps
      Min / Max:         5,263 / 35,651 kbps
      Std deviation:     5,838.2 kbps

  [AVAILABLE BW (trace)]
      Average:           51,055 kbps
      Min / Max:         31,218 / 54,555 kbps
      Utilisation:       12.2%

  [BUFFER]
      Average level:     31.0 s
      Min / Max:         0.0 / 33.6 s

  [UTILIZATION]
      Bandwidth:         8.9%

======================================================================

[SAVED] results/run_all_20260607_000000/hls_fcc_2023/benchmark_hls_fcc2023_040_unit890886_tc_20260607_180433.json

──────────────────────────────────────────────────────────────────────
  [42/150] fcc2023_041_unit1001230_tc.csv
──────────────────────────────────────────────────────────────────────
[TRACE] fcc2023_041_unit1001230_tc.csv
[HLS-SHAPER] Triggering tc-trace via /startShaping API...
[HLS-SHAPER] tc-trace.py starting in container

======================================================================
  HLS Streaming QoE Benchmark (hls.js)
======================================================================
  Server: http://localhost:8080/hls.html?manifest=http://localhost:8080/hls/master.m3u8
======================================================================

[TRACE] Loaded 296 entries with bandwidth
[BROWSER] Launching headless Chromium...
[BROWSER] Waiting for playback to start...
   Startup delay: 385ms

[PLAYBACK] Collecting metrics...
   t=10s | buffer: 29.8s | bitrate: 4950 kbps | tp: 15827 kbps | trace_bw: 56829 kbps
   t=20s | buffer: 31.6s | bitrate: 4950 kbps | tp: 10420 kbps | trace_bw: 57046 kbps
   t=31s | buffer: 33.4s | bitrate: 4950 kbps | tp: 8130 kbps | trace_bw: 56918 kbps
   t=41s | buffer: 31.1s | bitrate: 4950 kbps | tp: 6914 kbps | trace_bw: 56835 kbps
   t=51s | buffer: 32.9s | bitrate: 4950 kbps | tp: 6960 kbps | trace_bw: 56917 kbps
   t=61s | buffer: 30.7s | bitrate: 4950 kbps | tp: 6113 kbps | trace_bw: 56838 kbps
   t=72s | buffer: 32.4s | bitrate: 4950 kbps | tp: 5803 kbps | trace_bw: 57047 kbps
   t=82s | buffer: 30.2s | bitrate: 4950 kbps | tp: 5518 kbps | trace_bw: 56922 kbps
   t=92s | buffer: 31.9s | bitrate: 4950 kbps | tp: 5666 kbps | trace_bw: 56828 kbps
   t=102s | buffer: 29.7s | bitrate: 4950 kbps | tp: 5394 kbps | trace_bw: 56080 kbps
   t=113s | buffer: 31.4s | bitrate: 4950 kbps | tp: 5397 kbps | trace_bw: 56838 kbps

======================================================================
  BENCHMARK RESULTS (HLS / hls.js)
======================================================================

  [TIMING]
      Startup delay:     385 ms
      Playback time:     120.3 s

  [BITRATE]
      Average (selected):  4,800 kbps
      Average (effective): 4,794 kbps
      Min / Max:           440 / 4,950 kbps
      Median:              4,950 kbps
      Std deviation:       807.9 kbps
      Variance:            652,777.1
      25th/75th %ile:      4,950 / 4,950 kbps

  [SWITCHES]
      Total count:       1
      Up / Down:         1 / 0
      Avg magnitude:     4,510 kbps

  [REBUFFERING]
      Events:            1
      Total time:        148 ms
      Ratio:             0.1229%
      Frequency:         0.499 per minute
      Avg duration:      148 ms
      Max duration:      148 ms

  [THROUGHPUT]
      Average:           8,711 kbps
      Median:            6,217 kbps
      Min / Max:         5,258 / 47,562 kbps
      Std deviation:     6,898.5 kbps

  [AVAILABLE BW (trace)]
      Average:           56,857 kbps
      Min / Max:         56,080 / 57,049 kbps
      Utilisation:       10.9%

  [BUFFER]
      Average level:     31.1 s
      Min / Max:         0.0 / 33.6 s

  [UTILIZATION]
      Bandwidth:         8.4%

======================================================================

[SAVED] results/run_all_20260607_000000/hls_fcc_2023/benchmark_hls_fcc2023_041_unit1001230_tc_20260607_180637.json

──────────────────────────────────────────────────────────────────────
  [43/150] fcc2023_042_unit3898377_tc.csv
──────────────────────────────────────────────────────────────────────
[TRACE] fcc2023_042_unit3898377_tc.csv
[HLS-SHAPER] Triggering tc-trace via /startShaping API...
[HLS-SHAPER] tc-trace.py starting in container

======================================================================
  HLS Streaming QoE Benchmark (hls.js)
======================================================================
  Server: http://localhost:8080/hls.html?manifest=http://localhost:8080/hls/master.m3u8
======================================================================

[TRACE] Loaded 215 entries with bandwidth
[BROWSER] Launching headless Chromium...
[BROWSER] Waiting for playback to start...
   Startup delay: 575ms

[PLAYBACK] Collecting metrics...
   t=10s | buffer: 29.8s | bitrate: 4950 kbps | tp: 15837 kbps | trace_bw: 59145 kbps
   t=20s | buffer: 31.6s | bitrate: 4950 kbps | tp: 10425 kbps | trace_bw: 59007 kbps
   t=31s | buffer: 33.4s | bitrate: 4950 kbps | tp: 8135 kbps | trace_bw: 59126 kbps
   t=41s | buffer: 31.2s | bitrate: 4950 kbps | tp: 6919 kbps | trace_bw: 59053 kbps
   t=51s | buffer: 32.9s | bitrate: 4950 kbps | tp: 6965 kbps | trace_bw: 59142 kbps
   t=61s | buffer: 30.7s | bitrate: 4950 kbps | tp: 6117 kbps | trace_bw: 59144 kbps
   t=72s | buffer: 32.5s | bitrate: 4950 kbps | tp: 5809 kbps | trace_bw: 59146 kbps
   t=82s | buffer: 30.3s | bitrate: 4950 kbps | tp: 5524 kbps | trace_bw: 59143 kbps
   t=92s | buffer: 32.0s | bitrate: 4950 kbps | tp: 5674 kbps | trace_bw: 59054 kbps
   t=102s | buffer: 29.8s | bitrate: 4950 kbps | tp: 5401 kbps | trace_bw: 55249 kbps
   t=112s | buffer: 31.6s | bitrate: 4950 kbps | tp: 5403 kbps | trace_bw: 59146 kbps

======================================================================
  BENCHMARK RESULTS (HLS / hls.js)
======================================================================

  [TIMING]
      Startup delay:     575 ms
      Playback time:     120.2 s

  [BITRATE]
      Average (selected):  4,800 kbps
      Average (effective): 4,790 kbps
      Min / Max:           440 / 4,950 kbps
      Median:              4,950 kbps
      Std deviation:       807.9 kbps
      Variance:            652,777.1
      25th/75th %ile:      4,950 / 4,950 kbps

  [SWITCHES]
      Total count:       1
      Up / Down:         1 / 0
      Avg magnitude:     4,510 kbps

  [REBUFFERING]
      Events:            1
      Total time:        258 ms
      Ratio:             0.2142%
      Frequency:         0.499 per minute
      Avg duration:      258 ms
      Max duration:      258 ms

  [THROUGHPUT]
      Average:           8,664 kbps
      Median:            6,221 kbps
      Min / Max:         5,263 / 41,387 kbps
      Std deviation:     6,660.0 kbps

  [AVAILABLE BW (trace)]
      Average:           58,870 kbps
      Min / Max:         55,249 / 59,158 kbps
      Utilisation:       10.6%

  [BUFFER]
      Average level:     31.1 s
      Min / Max:         0.0 / 33.6 s

  [UTILIZATION]
      Bandwidth:         8.1%

======================================================================

[SAVED] results/run_all_20260607_000000/hls_fcc_2023/benchmark_hls_fcc2023_042_unit3898377_tc_20260607_180841.json

──────────────────────────────────────────────────────────────────────
  [44/150] fcc2023_043_unit81885817_tc.csv
──────────────────────────────────────────────────────────────────────
[TRACE] fcc2023_043_unit81885817_tc.csv
[HLS-SHAPER] Triggering tc-trace via /startShaping API...
[HLS-SHAPER] tc-trace.py starting in container

======================================================================
  HLS Streaming QoE Benchmark (hls.js)
======================================================================
  Server: http://localhost:8080/hls.html?manifest=http://localhost:8080/hls/master.m3u8
======================================================================

[TRACE] Loaded 207 entries with bandwidth
[BROWSER] Launching headless Chromium...
[BROWSER] Waiting for playback to start...
   Startup delay: 675ms

[PLAYBACK] Collecting metrics...
   t=10s | buffer: 29.8s | bitrate: 4950 kbps | tp: 15807 kbps | trace_bw: 61771 kbps
   t=20s | buffer: 31.6s | bitrate: 4950 kbps | tp: 10413 kbps | trace_bw: 59934 kbps
   t=31s | buffer: 33.4s | bitrate: 4950 kbps | tp: 8126 kbps | trace_bw: 60961 kbps
   t=41s | buffer: 31.1s | bitrate: 4950 kbps | tp: 6911 kbps | trace_bw: 61648 kbps
   t=51s | buffer: 32.9s | bitrate: 4950 kbps | tp: 6959 kbps | trace_bw: 61704 kbps
   t=61s | buffer: 30.7s | bitrate: 4950 kbps | tp: 6114 kbps | trace_bw: 61537 kbps
   t=72s | buffer: 32.5s | bitrate: 4950 kbps | tp: 5807 kbps | trace_bw: 60582 kbps
   t=82s | buffer: 30.2s | bitrate: 4950 kbps | tp: 5524 kbps | trace_bw: 61752 kbps
   t=92s | buffer: 32.0s | bitrate: 4950 kbps | tp: 5674 kbps | trace_bw: 61774 kbps
   t=102s | buffer: 29.8s | bitrate: 4950 kbps | tp: 5401 kbps | trace_bw: 61654 kbps
   t=112s | buffer: 31.6s | bitrate: 4950 kbps | tp: 5404 kbps | trace_bw: 61532 kbps

======================================================================
  BENCHMARK RESULTS (HLS / hls.js)
======================================================================

  [TIMING]
      Startup delay:     675 ms
      Playback time:     120.2 s

  [BITRATE]
      Average (selected):  4,800 kbps
      Average (effective): 4,788 kbps
      Min / Max:           440 / 4,950 kbps
      Median:              4,950 kbps
      Std deviation:       807.9 kbps
      Variance:            652,777.1
      25th/75th %ile:      4,950 / 4,950 kbps

  [SWITCHES]
      Total count:       1
      Up / Down:         1 / 0
      Avg magnitude:     4,510 kbps

  [REBUFFERING]
      Events:            1
      Total time:        317 ms
      Ratio:             0.2631%
      Frequency:         0.499 per minute
      Avg duration:      317 ms
      Max duration:      317 ms

  [THROUGHPUT]
      Average:           8,229 kbps
      Median:            6,218 kbps
      Min / Max:         5,265 / 28,945 kbps
      Std deviation:     4,974.7 kbps

  [AVAILABLE BW (trace)]
      Average:           61,427 kbps
      Min / Max:         59,934 / 61,795 kbps
      Utilisation:       10.1%

  [BUFFER]
      Average level:     30.8 s
      Min / Max:         0.0 / 33.5 s

  [UTILIZATION]
      Bandwidth:         7.8%

======================================================================

[SAVED] results/run_all_20260607_000000/hls_fcc_2023/benchmark_hls_fcc2023_043_unit81885817_tc_20260607_181045.json

──────────────────────────────────────────────────────────────────────
  [45/150] fcc2023_044_unit210440_tc.csv
──────────────────────────────────────────────────────────────────────
[TRACE] fcc2023_044_unit210440_tc.csv
[HLS-SHAPER] Triggering tc-trace via /startShaping API...
[HLS-SHAPER] tc-trace.py starting in container

======================================================================
  HLS Streaming QoE Benchmark (hls.js)
======================================================================
  Server: http://localhost:8080/hls.html?manifest=http://localhost:8080/hls/master.m3u8
======================================================================

[TRACE] Loaded 307 entries with bandwidth
[BROWSER] Launching headless Chromium...
[BROWSER] Waiting for playback to start...
   Startup delay: 832ms

[PLAYBACK] Collecting metrics...
   t=10s | buffer: 29.8s | bitrate: 4950 kbps | tp: 15812 kbps | trace_bw: 54074 kbps
   t=20s | buffer: 31.6s | bitrate: 4950 kbps | tp: 10413 kbps | trace_bw: 67085 kbps
   t=31s | buffer: 29.3s | bitrate: 4950 kbps | tp: 7681 kbps | trace_bw: 67569 kbps
   t=41s | buffer: 31.1s | bitrate: 4950 kbps | tp: 6910 kbps | trace_bw: 66939 kbps
   t=51s | buffer: 32.9s | bitrate: 4950 kbps | tp: 6957 kbps | trace_bw: 67569 kbps
   t=61s | buffer: 30.7s | bitrate: 4950 kbps | tp: 6112 kbps | trace_bw: 61058 kbps
   t=72s | buffer: 28.4s | bitrate: 4950 kbps | tp: 5569 kbps | trace_bw: 66418 kbps
   t=82s | buffer: 30.2s | bitrate: 4950 kbps | tp: 5520 kbps | trace_bw: 60690 kbps
   t=92s | buffer: 32.0s | bitrate: 4950 kbps | tp: 5670 kbps | trace_bw: 63244 kbps
   t=102s | buffer: 29.7s | bitrate: 4950 kbps | tp: 5398 kbps | trace_bw: 66662 kbps
   t=113s | buffer: 31.5s | bitrate: 4950 kbps | tp: 5400 kbps | trace_bw: 66530 kbps

======================================================================
  BENCHMARK RESULTS (HLS / hls.js)
======================================================================

  [TIMING]
      Startup delay:     832 ms
      Playback time:     120.2 s

  [BITRATE]
      Average (selected):  4,800 kbps
      Average (effective): 4,785 kbps
      Min / Max:           440 / 4,950 kbps
      Median:              4,950 kbps
      Std deviation:       807.9 kbps
      Variance:            652,777.1
      25th/75th %ile:      4,950 / 4,950 kbps

  [SWITCHES]
      Total count:       1
      Up / Down:         1 / 0
      Avg magnitude:     4,510 kbps

  [REBUFFERING]
      Events:            1
      Total time:        391 ms
      Ratio:             0.3241%
      Frequency:         0.499 per minute
      Avg duration:      391 ms
      Max duration:      391 ms

  [THROUGHPUT]
      Average:           8,143 kbps
      Median:            6,216 kbps
      Min / Max:         5,238 / 26,387 kbps
      Std deviation:     4,751.9 kbps

  [AVAILABLE BW (trace)]
      Average:           64,547 kbps
      Min / Max:         48,840 / 67,593 kbps
      Utilisation:       9.6%

  [BUFFER]
      Average level:     30.4 s
      Min / Max:         0.0 / 33.4 s

  [UTILIZATION]
      Bandwidth:         7.2%

======================================================================

[SAVED] results/run_all_20260607_000000/hls_fcc_2023/benchmark_hls_fcc2023_044_unit210440_tc_20260607_181250.json

──────────────────────────────────────────────────────────────────────
  [46/150] fcc2023_045_unit82066565_tc.csv
──────────────────────────────────────────────────────────────────────
[TRACE] fcc2023_045_unit82066565_tc.csv
[HLS-SHAPER] Triggering tc-trace via /startShaping API...
[HLS-SHAPER] tc-trace.py starting in container

======================================================================
  HLS Streaming QoE Benchmark (hls.js)
======================================================================
  Server: http://localhost:8080/hls.html?manifest=http://localhost:8080/hls/master.m3u8
======================================================================

[TRACE] Loaded 262 entries with bandwidth
[BROWSER] Launching headless Chromium...
[BROWSER] Waiting for playback to start...
   Startup delay: 601ms

[PLAYBACK] Collecting metrics...
   t=10s | buffer: 29.8s | bitrate: 4950 kbps | tp: 15817 kbps | trace_bw: 69082 kbps
   t=20s | buffer: 31.6s | bitrate: 4950 kbps | tp: 10404 kbps | trace_bw: 69020 kbps
   t=31s | buffer: 33.3s | bitrate: 4950 kbps | tp: 8121 kbps | trace_bw: 69192 kbps
   t=41s | buffer: 31.1s | bitrate: 4950 kbps | tp: 6906 kbps | trace_bw: 69193 kbps
   t=51s | buffer: 32.9s | bitrate: 4950 kbps | tp: 6953 kbps | trace_bw: 64831 kbps
   t=61s | buffer: 30.6s | bitrate: 4950 kbps | tp: 6109 kbps | trace_bw: 69187 kbps
   t=72s | buffer: 32.4s | bitrate: 4950 kbps | tp: 5802 kbps | trace_bw: 68758 kbps
   t=82s | buffer: 30.2s | bitrate: 4950 kbps | tp: 5518 kbps | trace_bw: 69194 kbps
   t=92s | buffer: 31.9s | bitrate: 4950 kbps | tp: 5668 kbps | trace_bw: 68429 kbps
   t=102s | buffer: 29.7s | bitrate: 4950 kbps | tp: 5395 kbps | trace_bw: 69070 kbps
   t=113s | buffer: 31.5s | bitrate: 4950 kbps | tp: 5398 kbps | trace_bw: 69105 kbps

======================================================================
  BENCHMARK RESULTS (HLS / hls.js)
======================================================================

  [TIMING]
      Startup delay:     601 ms
      Playback time:     120.3 s

  [BITRATE]
      Average (selected):  4,800 kbps
      Average (effective): 4,790 kbps
      Min / Max:           440 / 4,950 kbps
      Median:              4,950 kbps
      Std deviation:       807.9 kbps
      Variance:            652,777.1
      25th/75th %ile:      4,950 / 4,950 kbps

  [SWITCHES]
      Total count:       1
      Up / Down:         1 / 0
      Avg magnitude:     4,510 kbps

  [REBUFFERING]
      Events:            1
      Total time:        263 ms
      Ratio:             0.2182%
      Frequency:         0.499 per minute
      Avg duration:      263 ms
      Max duration:      263 ms

  [THROUGHPUT]
      Average:           8,201 kbps
      Median:            6,213 kbps
      Min / Max:         5,259 / 28,541 kbps
      Std deviation:     4,885.3 kbps

  [AVAILABLE BW (trace)]
      Average:           68,174 kbps
      Min / Max:         58,267 / 69,197 kbps
      Utilisation:       9.1%

  [BUFFER]
      Average level:     30.7 s
      Min / Max:         0.0 / 33.5 s

  [UTILIZATION]
      Bandwidth:         6.9%

======================================================================

[SAVED] results/run_all_20260607_000000/hls_fcc_2023/benchmark_hls_fcc2023_045_unit82066565_tc_20260607_181454.json

──────────────────────────────────────────────────────────────────────
  [47/150] fcc2023_046_unit39774713_tc.csv
──────────────────────────────────────────────────────────────────────
[TRACE] fcc2023_046_unit39774713_tc.csv
[HLS-SHAPER] Triggering tc-trace via /startShaping API...
[HLS-SHAPER] tc-trace.py starting in container

======================================================================
  HLS Streaming QoE Benchmark (hls.js)
======================================================================
  Server: http://localhost:8080/hls.html?manifest=http://localhost:8080/hls/master.m3u8
======================================================================

[TRACE] Loaded 94 entries with bandwidth
[BROWSER] Launching headless Chromium...
[BROWSER] Waiting for playback to start...
   Startup delay: 980ms

[PLAYBACK] Collecting metrics...
   t=10s | buffer: 29.8s | bitrate: 4950 kbps | tp: 15785 kbps | trace_bw: 66505 kbps
   t=20s | buffer: 31.6s | bitrate: 4950 kbps | tp: 10408 kbps | trace_bw: 66854 kbps
   t=31s | buffer: 33.4s | bitrate: 4950 kbps | tp: 8125 kbps | trace_bw: 75643 kbps
   t=41s | buffer: 31.1s | bitrate: 4950 kbps | tp: 6910 kbps | trace_bw: 75398 kbps
   t=51s | buffer: 32.9s | bitrate: 4950 kbps | tp: 6956 kbps | trace_bw: 73774 kbps
   t=61s | buffer: 30.7s | bitrate: 4950 kbps | tp: 6111 kbps | trace_bw: 73774 kbps
   t=72s | buffer: 32.4s | bitrate: 4950 kbps | tp: 5804 kbps | trace_bw: 70812 kbps
   t=82s | buffer: 30.2s | bitrate: 4950 kbps | tp: 5521 kbps | trace_bw: 60615 kbps
   t=92s | buffer: 32.0s | bitrate: 4950 kbps | tp: 5671 kbps | trace_bw: 70847 kbps
   t=102s | buffer: 29.8s | bitrate: 4950 kbps | tp: 5399 kbps | trace_bw: 72444 kbps
   t=113s | buffer: 31.5s | bitrate: 4950 kbps | tp: 5402 kbps | trace_bw: 75256 kbps

======================================================================
  BENCHMARK RESULTS (HLS / hls.js)
======================================================================

  [TIMING]
      Startup delay:     980 ms
      Playback time:     120.2 s

  [BITRATE]
      Average (selected):  4,800 kbps
      Average (effective): 4,781 kbps
      Min / Max:           440 / 4,950 kbps
      Median:              4,950 kbps
      Std deviation:       809.6 kbps
      Variance:            655,403.2
      25th/75th %ile:      4,950 / 4,950 kbps

  [SWITCHES]
      Total count:       1
      Up / Down:         1 / 0
      Avg magnitude:     4,510 kbps

  [REBUFFERING]
      Events:            1
      Total time:        465 ms
      Ratio:             0.3853%
      Frequency:         0.499 per minute
      Avg duration:      465 ms
      Max duration:      465 ms

  [THROUGHPUT]
      Average:           7,883 kbps
      Median:            6,199 kbps
      Min / Max:         5,195 / 22,511 kbps
      Std deviation:     3,970.6 kbps

  [AVAILABLE BW (trace)]
      Average:           69,645 kbps
      Min / Max:         45,787 / 75,885 kbps
      Utilisation:       8.9%

  [BUFFER]
      Average level:     30.1 s
      Min / Max:         0.0 / 33.4 s

  [UTILIZATION]
      Bandwidth:         6.6%

======================================================================

[SAVED] results/run_all_20260607_000000/hls_fcc_2023/benchmark_hls_fcc2023_046_unit39774713_tc_20260607_181659.json

──────────────────────────────────────────────────────────────────────
  [48/150] fcc2023_047_unit35245309_tc.csv
──────────────────────────────────────────────────────────────────────
[TRACE] fcc2023_047_unit35245309_tc.csv
[HLS-SHAPER] Triggering tc-trace via /startShaping API...
[HLS-SHAPER] tc-trace.py starting in container

======================================================================
  HLS Streaming QoE Benchmark (hls.js)
======================================================================
  Server: http://localhost:8080/hls.html?manifest=http://localhost:8080/hls/master.m3u8
======================================================================

[TRACE] Loaded 245 entries with bandwidth
[BROWSER] Launching headless Chromium...
[BROWSER] Waiting for playback to start...
   Startup delay: 1170ms

[PLAYBACK] Collecting metrics...
   t=10s | buffer: 21.8s | bitrate: 4950 kbps | tp: 12397 kbps | trace_bw: 55800 kbps
   t=20s | buffer: 31.6s | bitrate: 4950 kbps | tp: 10426 kbps | trace_bw: 196942 kbps
   t=31s | buffer: 29.4s | bitrate: 4950 kbps | tp: 7690 kbps | trace_bw: 108599 kbps
   t=41s | buffer: 31.2s | bitrate: 4950 kbps | tp: 6917 kbps | trace_bw: 117962 kbps
   t=51s | buffer: 33.0s | bitrate: 4950 kbps | tp: 6965 kbps | trace_bw: 46797 kbps
   t=61s | buffer: 30.7s | bitrate: 4950 kbps | tp: 6117 kbps | trace_bw: 200092 kbps
   t=72s | buffer: 32.5s | bitrate: 4950 kbps | tp: 5809 kbps | trace_bw: 155039 kbps
   t=82s | buffer: 30.2s | bitrate: 4950 kbps | tp: 5523 kbps | trace_bw: 46794 kbps
   t=92s | buffer: 32.0s | bitrate: 4950 kbps | tp: 5673 kbps | trace_bw: 42633 kbps
   t=102s | buffer: 29.8s | bitrate: 4950 kbps | tp: 5401 kbps | trace_bw: 197182 kbps
   t=112s | buffer: 31.6s | bitrate: 4950 kbps | tp: 5403 kbps | trace_bw: 174020 kbps

======================================================================
  BENCHMARK RESULTS (HLS / hls.js)
======================================================================

  [TIMING]
      Startup delay:     1,170 ms
      Playback time:     120.2 s

  [BITRATE]
      Average (selected):  4,800 kbps
      Average (effective): 4,779 kbps
      Min / Max:           440 / 4,950 kbps
      Median:              4,950 kbps
      Std deviation:       809.6 kbps
      Variance:            655,403.2
      25th/75th %ile:      4,950 / 4,950 kbps

  [SWITCHES]
      Total count:       1
      Up / Down:         1 / 0
      Avg magnitude:     4,510 kbps

  [REBUFFERING]
      Events:            1
      Total time:        518 ms
      Ratio:             0.4292%
      Frequency:         0.499 per minute
      Avg duration:      518 ms
      Max duration:      518 ms

  [THROUGHPUT]
      Average:           7,052 kbps
      Median:            6,140 kbps
      Min / Max:         7 / 13,761 kbps
      Std deviation:     2,297.0 kbps

  [AVAILABLE BW (trace)]
      Average:           99,049 kbps
      Min / Max:         7,862 / 200,092 kbps
      Utilisation:       6.2%

  [BUFFER]
      Average level:     29.1 s
      Min / Max:         0.0 / 33.4 s

  [UTILIZATION]
      Bandwidth:         4.8%

======================================================================

[SAVED] results/run_all_20260607_000000/hls_fcc_2023/benchmark_hls_fcc2023_047_unit35245309_tc_20260607_181903.json

──────────────────────────────────────────────────────────────────────
  [49/150] fcc2023_048_unit915714_tc.csv
──────────────────────────────────────────────────────────────────────
[TRACE] fcc2023_048_unit915714_tc.csv
[HLS-SHAPER] Triggering tc-trace via /startShaping API...
[HLS-SHAPER] tc-trace.py starting in container

======================================================================
  HLS Streaming QoE Benchmark (hls.js)
======================================================================
  Server: http://localhost:8080/hls.html?manifest=http://localhost:8080/hls/master.m3u8
======================================================================

[TRACE] Loaded 211 entries with bandwidth
[BROWSER] Launching headless Chromium...
[BROWSER] Waiting for playback to start...
   Startup delay: 1439ms

[PLAYBACK] Collecting metrics...
   t=10s | buffer: 17.8s | bitrate: 4950 kbps | tp: 9443 kbps | trace_bw: 81832 kbps
   t=20s | buffer: 31.6s | bitrate: 4950 kbps | tp: 10060 kbps | trace_bw: 105144 kbps
   t=31s | buffer: 29.4s | bitrate: 4950 kbps | tp: 7448 kbps | trace_bw: 14072 kbps
   t=41s | buffer: 31.2s | bitrate: 4950 kbps | tp: 6737 kbps | trace_bw: 78725 kbps
   t=51s | buffer: 29.0s | bitrate: 4950 kbps | tp: 6497 kbps | trace_bw: 83764 kbps
   t=61s | buffer: 30.7s | bitrate: 4950 kbps | tp: 5998 kbps | trace_bw: 122115 kbps
   t=72s | buffer: 28.5s | bitrate: 4950 kbps | tp: 5471 kbps | trace_bw: 90833 kbps
   t=82s | buffer: 30.3s | bitrate: 4950 kbps | tp: 5434 kbps | trace_bw: 77255 kbps
   t=92s | buffer: 32.0s | bitrate: 4950 kbps | tp: 5593 kbps | trace_bw: 66794 kbps
   t=102s | buffer: 29.8s | bitrate: 4950 kbps | tp: 5328 kbps | trace_bw: 77812 kbps
   t=112s | buffer: 27.6s | bitrate: 4950 kbps | tp: 5155 kbps | trace_bw: 90885 kbps

======================================================================
  BENCHMARK RESULTS (HLS / hls.js)
======================================================================

  [TIMING]
      Startup delay:     1,439 ms
      Playback time:     120.2 s

  [BITRATE]
      Average (selected):  4,746 kbps
      Average (effective): 4,719 kbps
      Min / Max:           440 / 4,950 kbps
      Median:              4,950 kbps
      Std deviation:       850.7 kbps
      Variance:            723,750.9
      25th/75th %ile:      4,950 / 4,950 kbps

  [SWITCHES]
      Total count:       2
      Up / Down:         2 / 0
      Avg magnitude:     2,255 kbps

  [REBUFFERING]
      Events:            1
      Total time:        686 ms
      Ratio:             0.5675%
      Frequency:         0.499 per minute
      Avg duration:      686 ms
      Max duration:      686 ms

  [THROUGHPUT]
      Average:           6,691 kbps
      Median:            5,975 kbps
      Min / Max:         10 / 11,756 kbps
      Std deviation:     1,814.9 kbps

  [AVAILABLE BW (trace)]
      Average:           82,885 kbps
      Min / Max:         14,072 / 122,115 kbps
      Utilisation:       7.2%

  [BUFFER]
      Average level:     28.5 s
      Min / Max:         0.0 / 33.0 s

  [UTILIZATION]
      Bandwidth:         5.7%

======================================================================

[SAVED] results/run_all_20260607_000000/hls_fcc_2023/benchmark_hls_fcc2023_048_unit915714_tc_20260607_182108.json

──────────────────────────────────────────────────────────────────────
  [50/150] fcc2023_049_unit24807053_tc.csv
──────────────────────────────────────────────────────────────────────
[TRACE] fcc2023_049_unit24807053_tc.csv
[HLS-SHAPER] Triggering tc-trace via /startShaping API...
[HLS-SHAPER] tc-trace.py starting in container

======================================================================
  HLS Streaming QoE Benchmark (hls.js)
======================================================================
  Server: http://localhost:8080/hls.html?manifest=http://localhost:8080/hls/master.m3u8
======================================================================

[TRACE] Loaded 286 entries with bandwidth
[BROWSER] Launching headless Chromium...
[BROWSER] Waiting for playback to start...
   Startup delay: 477ms

[PLAYBACK] Collecting metrics...
   t=10s | buffer: 29.8s | bitrate: 4950 kbps | tp: 15818 kbps | trace_bw: 81847 kbps
   t=20s | buffer: 31.6s | bitrate: 4950 kbps | tp: 10417 kbps | trace_bw: 81958 kbps
   t=31s | buffer: 33.4s | bitrate: 4950 kbps | tp: 8132 kbps | trace_bw: 82147 kbps
   t=41s | buffer: 31.2s | bitrate: 4950 kbps | tp: 6915 kbps | trace_bw: 81868 kbps
   t=51s | buffer: 32.9s | bitrate: 4950 kbps | tp: 6962 kbps | trace_bw: 81956 kbps
   t=61s | buffer: 30.7s | bitrate: 4950 kbps | tp: 6115 kbps | trace_bw: 81844 kbps
   t=72s | buffer: 32.5s | bitrate: 4950 kbps | tp: 5809 kbps | trace_bw: 80572 kbps
   t=82s | buffer: 30.3s | bitrate: 4950 kbps | tp: 5525 kbps | trace_bw: 82145 kbps
   t=92s | buffer: 32.0s | bitrate: 4950 kbps | tp: 5674 kbps | trace_bw: 79754 kbps
   t=102s | buffer: 29.8s | bitrate: 4950 kbps | tp: 5402 kbps | trace_bw: 82020 kbps
   t=112s | buffer: 31.6s | bitrate: 4950 kbps | tp: 5404 kbps | trace_bw: 81816 kbps

======================================================================
  BENCHMARK RESULTS (HLS / hls.js)
======================================================================

  [TIMING]
      Startup delay:     477 ms
      Playback time:     120.2 s

  [BITRATE]
      Average (selected):  4,800 kbps
      Average (effective): 4,792 kbps
      Min / Max:           440 / 4,950 kbps
      Median:              4,950 kbps
      Std deviation:       809.6 kbps
      Variance:            655,403.2
      25th/75th %ile:      4,950 / 4,950 kbps

  [SWITCHES]
      Total count:       1
      Up / Down:         1 / 0
      Avg magnitude:     4,510 kbps

  [REBUFFERING]
      Events:            1
      Total time:        199 ms
      Ratio:             0.1653%
      Frequency:         0.499 per minute
      Avg duration:      199 ms
      Max duration:      199 ms

  [THROUGHPUT]
      Average:           8,713 kbps
      Median:            6,219 kbps
      Min / Max:         5,264 / 47,444 kbps
      Std deviation:     6,874.8 kbps

  [AVAILABLE BW (trace)]
      Average:           81,518 kbps
      Min / Max:         78,737 / 82,147 kbps
      Utilisation:       7.6%

  [BUFFER]
      Average level:     31.2 s
      Min / Max:         0.0 / 33.8 s

  [UTILIZATION]
      Bandwidth:         5.9%

======================================================================

[SAVED] results/run_all_20260607_000000/hls_fcc_2023/benchmark_hls_fcc2023_049_unit24807053_tc_20260607_182313.json

──────────────────────────────────────────────────────────────────────
  [51/150] fcc2023_050_unit217196_tc.csv
──────────────────────────────────────────────────────────────────────
[TRACE] fcc2023_050_unit217196_tc.csv
[HLS-SHAPER] Triggering tc-trace via /startShaping API...
[HLS-SHAPER] tc-trace.py starting in container

======================================================================
  HLS Streaming QoE Benchmark (hls.js)
======================================================================
  Server: http://localhost:8080/hls.html?manifest=http://localhost:8080/hls/master.m3u8
======================================================================

[TRACE] Loaded 234 entries with bandwidth
[BROWSER] Launching headless Chromium...
[BROWSER] Waiting for playback to start...
   Startup delay: 1816ms

[PLAYBACK] Collecting metrics...
   t=10s | buffer: 17.8s | bitrate: 4950 kbps | tp: 9019 kbps | trace_bw: 87953 kbps
   t=20s | buffer: 23.6s | bitrate: 4950 kbps | tp: 8019 kbps | trace_bw: 92369 kbps
   t=31s | buffer: 29.4s | bitrate: 4950 kbps | tp: 7073 kbps | trace_bw: 73426 kbps
   t=41s | buffer: 31.1s | bitrate: 4950 kbps | tp: 6073 kbps | trace_bw: 78943 kbps
   t=51s | buffer: 28.9s | bitrate: 4950 kbps | tp: 5601 kbps | trace_bw: 83100 kbps
   t=61s | buffer: 30.7s | bitrate: 3300 kbps | tp: 5157 kbps | trace_bw: 56608 kbps
   t=72s | buffer: 28.5s | bitrate: 3300 kbps | tp: 4750 kbps | trace_bw: 81494 kbps
   t=82s | buffer: 30.2s | bitrate: 3300 kbps | tp: 4586 kbps | trace_bw: 46125 kbps
   t=92s | buffer: 28.0s | bitrate: 4950 kbps | tp: 4442 kbps | trace_bw: 21838 kbps
   t=102s | buffer: 29.8s | bitrate: 3300 kbps | tp: 4379 kbps | trace_bw: 31205 kbps
   t=113s | buffer: 31.6s | bitrate: 3300 kbps | tp: 4475 kbps | trace_bw: 33583 kbps

======================================================================
  BENCHMARK RESULTS (HLS / hls.js)
======================================================================

  [TIMING]
      Startup delay:     1,816 ms
      Playback time:     120.2 s

  [BITRATE]
      Average (selected):  3,993 kbps
      Average (effective): 3,965 kbps
      Min / Max:           440 / 4,950 kbps
      Median:              4,950 kbps
      Std deviation:       1,092.7 kbps
      Variance:            1,193,987.7
      25th/75th %ile:      3,300 / 4,950 kbps

  [SWITCHES]
      Total count:       5
      Up / Down:         3 / 2
      Avg magnitude:     1,892 kbps

  [REBUFFERING]
      Events:            1
      Total time:        846 ms
      Ratio:             0.6989%
      Frequency:         0.499 per minute
      Avg duration:      846 ms
      Max duration:      846 ms

  [THROUGHPUT]
      Average:           5,662 kbps
      Median:            5,079 kbps
      Min / Max:         10 / 9,374 kbps
      Std deviation:     1,494.3 kbps

  [AVAILABLE BW (trace)]
      Average:           61,590 kbps
      Min / Max:         20,909 / 92,369 kbps
      Utilisation:       8.2%

  [BUFFER]
      Average level:     27.0 s
      Min / Max:         0.0 / 32.5 s

  [UTILIZATION]
      Bandwidth:         7.1%

======================================================================

[SAVED] results/run_all_20260607_000000/hls_fcc_2023/benchmark_hls_fcc2023_050_unit217196_tc_20260607_182518.json

──────────────────────────────────────────────────────────────────────
  [52/150] fcc2023_051_unit214394_tc.csv
──────────────────────────────────────────────────────────────────────
[TRACE] fcc2023_051_unit214394_tc.csv
[HLS-SHAPER] Triggering tc-trace via /startShaping API...
[HLS-SHAPER] tc-trace.py starting in container

======================================================================
  HLS Streaming QoE Benchmark (hls.js)
======================================================================
  Server: http://localhost:8080/hls.html?manifest=http://localhost:8080/hls/master.m3u8
======================================================================

[TRACE] Loaded 269 entries with bandwidth
[BROWSER] Launching headless Chromium...
[BROWSER] Waiting for playback to start...
   Startup delay: 783ms

[PLAYBACK] Collecting metrics...
   t=10s | buffer: 29.8s | bitrate: 4950 kbps | tp: 15831 kbps | trace_bw: 88319 kbps
   t=20s | buffer: 31.6s | bitrate: 4950 kbps | tp: 10420 kbps | trace_bw: 80613 kbps
   t=31s | buffer: 33.3s | bitrate: 4950 kbps | tp: 8126 kbps | trace_bw: 86773 kbps
   t=41s | buffer: 31.1s | bitrate: 4950 kbps | tp: 6909 kbps | trace_bw: 85512 kbps
   t=51s | buffer: 28.9s | bitrate: 4950 kbps | tp: 6633 kbps | trace_bw: 84738 kbps
   t=61s | buffer: 30.6s | bitrate: 4950 kbps | tp: 6109 kbps | trace_bw: 78058 kbps
   t=72s | buffer: 32.4s | bitrate: 4950 kbps | tp: 5802 kbps | trace_bw: 85637 kbps
   t=82s | buffer: 30.2s | bitrate: 4950 kbps | tp: 5519 kbps | trace_bw: 79197 kbps
   t=92s | buffer: 31.9s | bitrate: 4950 kbps | tp: 5669 kbps | trace_bw: 69870 kbps
   t=102s | buffer: 29.7s | bitrate: 4950 kbps | tp: 5397 kbps | trace_bw: 76357 kbps
   t=113s | buffer: 31.5s | bitrate: 4950 kbps | tp: 5400 kbps | trace_bw: 86205 kbps

======================================================================
  BENCHMARK RESULTS (HLS / hls.js)
======================================================================

  [TIMING]
      Startup delay:     783 ms
      Playback time:     120.3 s

  [BITRATE]
      Average (selected):  4,800 kbps
      Average (effective): 4,786 kbps
      Min / Max:           440 / 4,950 kbps
      Median:              4,950 kbps
      Std deviation:       807.9 kbps
      Variance:            652,777.1
      25th/75th %ile:      4,950 / 4,950 kbps

  [SWITCHES]
      Total count:       1
      Up / Down:         1 / 0
      Avg magnitude:     4,510 kbps

  [REBUFFERING]
      Events:            1
      Total time:        352 ms
      Ratio:             0.2919%
      Frequency:         0.499 per minute
      Avg duration:      352 ms
      Max duration:      352 ms

  [THROUGHPUT]
      Average:           7,869 kbps
      Median:            6,160 kbps
      Min / Max:         10 / 25,953 kbps
      Std deviation:     4,165.6 kbps

  [AVAILABLE BW (trace)]
      Average:           81,857 kbps
      Min / Max:         69,870 / 88,319 kbps
      Utilisation:       7.5%

  [BUFFER]
      Average level:     30.4 s
      Min / Max:         0.0 / 33.4 s

  [UTILIZATION]
      Bandwidth:         5.7%

======================================================================

[SAVED] results/run_all_20260607_000000/hls_fcc_2023/benchmark_hls_fcc2023_051_unit214394_tc_20260607_182723.json

──────────────────────────────────────────────────────────────────────
  [53/150] fcc2023_052_unit24806729_tc.csv
──────────────────────────────────────────────────────────────────────
[TRACE] fcc2023_052_unit24806729_tc.csv
[HLS-SHAPER] Triggering tc-trace via /startShaping API...
[HLS-SHAPER] tc-trace.py starting in container

======================================================================
  HLS Streaming QoE Benchmark (hls.js)
======================================================================
  Server: http://localhost:8080/hls.html?manifest=http://localhost:8080/hls/master.m3u8
======================================================================

[TRACE] Loaded 158 entries with bandwidth
[BROWSER] Launching headless Chromium...
[BROWSER] Waiting for playback to start...
   Startup delay: 1166ms

[PLAYBACK] Collecting metrics...
   t=10s | buffer: 29.8s | bitrate: 4950 kbps | tp: 15817 kbps | trace_bw: 87387 kbps
   t=20s | buffer: 31.6s | bitrate: 4950 kbps | tp: 10420 kbps | trace_bw: 118191 kbps
   t=31s | buffer: 29.4s | bitrate: 4950 kbps | tp: 7689 kbps | trace_bw: 100671 kbps
   t=41s | buffer: 31.1s | bitrate: 4950 kbps | tp: 6915 kbps | trace_bw: 177364 kbps
   t=51s | buffer: 28.9s | bitrate: 4950 kbps | tp: 6639 kbps | trace_bw: 59166 kbps
   t=61s | buffer: 30.7s | bitrate: 4950 kbps | tp: 6115 kbps | trace_bw: 90002 kbps
   t=72s | buffer: 32.5s | bitrate: 4950 kbps | tp: 5807 kbps | trace_bw: 35351 kbps
   t=82s | buffer: 30.2s | bitrate: 4950 kbps | tp: 5523 kbps | trace_bw: 88093 kbps
   t=92s | buffer: 32.0s | bitrate: 4950 kbps | tp: 5671 kbps | trace_bw: 82296 kbps
   t=102s | buffer: 29.8s | bitrate: 4950 kbps | tp: 5399 kbps | trace_bw: 51430 kbps
   t=113s | buffer: 31.5s | bitrate: 4950 kbps | tp: 5401 kbps | trace_bw: 110809 kbps

======================================================================
  BENCHMARK RESULTS (HLS / hls.js)
======================================================================

  [TIMING]
      Startup delay:     1,166 ms
      Playback time:     120.2 s

  [BITRATE]
      Average (selected):  4,800 kbps
      Average (effective): 4,778 kbps
      Min / Max:           440 / 4,950 kbps
      Median:              4,950 kbps
      Std deviation:       809.6 kbps
      Variance:            655,403.2
      25th/75th %ile:      4,950 / 4,950 kbps

  [SWITCHES]
      Total count:       1
      Up / Down:         1 / 0
      Avg magnitude:     4,510 kbps

  [REBUFFERING]
      Events:            1
      Total time:        543 ms
      Ratio:             0.4496%
      Frequency:         0.499 per minute
      Avg duration:      543 ms
      Max duration:      543 ms

  [THROUGHPUT]
      Average:           7,580 kbps
      Median:            6,166 kbps
      Min / Max:         10 / 18,614 kbps
      Std deviation:     3,318.0 kbps

  [AVAILABLE BW (trace)]
      Average:           94,948 kbps
      Min / Max:         27,569 / 197,619 kbps
      Utilisation:       6.5%

  [BUFFER]
      Average level:     29.8 s
      Min / Max:         0.0 / 33.3 s

  [UTILIZATION]
      Bandwidth:         5.4%

======================================================================

[SAVED] results/run_all_20260607_000000/hls_fcc_2023/benchmark_hls_fcc2023_052_unit24806729_tc_20260607_182928.json

──────────────────────────────────────────────────────────────────────
  [54/150] fcc2023_053_unit10922_tc.csv
──────────────────────────────────────────────────────────────────────
[TRACE] fcc2023_053_unit10922_tc.csv
[HLS-SHAPER] Triggering tc-trace via /startShaping API...
[HLS-SHAPER] tc-trace.py starting in container

======================================================================
  HLS Streaming QoE Benchmark (hls.js)
======================================================================
  Server: http://localhost:8080/hls.html?manifest=http://localhost:8080/hls/master.m3u8
======================================================================

[TRACE] Loaded 290 entries with bandwidth
[BROWSER] Launching headless Chromium...
[BROWSER] Waiting for playback to start...
   Startup delay: 470ms

[PLAYBACK] Collecting metrics...
   t=10s | buffer: 29.8s | bitrate: 4950 kbps | tp: 15831 kbps | trace_bw: 88895 kbps
   t=20s | buffer: 31.6s | bitrate: 4950 kbps | tp: 10424 kbps | trace_bw: 88880 kbps
   t=31s | buffer: 33.4s | bitrate: 4950 kbps | tp: 8128 kbps | trace_bw: 88858 kbps
   t=41s | buffer: 31.1s | bitrate: 4950 kbps | tp: 6913 kbps | trace_bw: 88975 kbps
   t=51s | buffer: 32.9s | bitrate: 4950 kbps | tp: 6956 kbps | trace_bw: 88116 kbps
   t=61s | buffer: 30.6s | bitrate: 4950 kbps | tp: 6110 kbps | trace_bw: 89010 kbps
   t=72s | buffer: 32.4s | bitrate: 4950 kbps | tp: 5802 kbps | trace_bw: 88951 kbps
   t=82s | buffer: 30.2s | bitrate: 4950 kbps | tp: 5518 kbps | trace_bw: 88863 kbps
   t=92s | buffer: 31.9s | bitrate: 4950 kbps | tp: 5667 kbps | trace_bw: 88950 kbps
   t=102s | buffer: 33.7s | bitrate: 4950 kbps | tp: 5566 kbps | trace_bw: 88961 kbps
   t=113s | buffer: 31.5s | bitrate: 4950 kbps | tp: 5400 kbps | trace_bw: 89075 kbps

======================================================================
  BENCHMARK RESULTS (HLS / hls.js)
======================================================================

  [TIMING]
      Startup delay:     470 ms
      Playback time:     120.2 s

  [BITRATE]
      Average (selected):  4,800 kbps
      Average (effective): 4,792 kbps
      Min / Max:           440 / 4,950 kbps
      Median:              4,950 kbps
      Std deviation:       809.6 kbps
      Variance:            655,403.2
      25th/75th %ile:      4,950 / 4,950 kbps

  [SWITCHES]
      Total count:       1
      Up / Down:         1 / 0
      Avg magnitude:     4,510 kbps

  [REBUFFERING]
      Events:            1
      Total time:        191 ms
      Ratio:             0.1586%
      Frequency:         0.499 per minute
      Avg duration:      191 ms
      Max duration:      191 ms

  [THROUGHPUT]
      Average:           8,961 kbps
      Median:            6,213 kbps
      Min / Max:         5,261 / 56,994 kbps
      Std deviation:     8,058.9 kbps

  [AVAILABLE BW (trace)]
      Average:           88,783 kbps
      Min / Max:         86,806 / 89,095 kbps
      Utilisation:       7.0%

  [BUFFER]
      Average level:     31.4 s
      Min / Max:         0.0 / 33.8 s

  [UTILIZATION]
      Bandwidth:         5.4%

======================================================================

[SAVED] results/run_all_20260607_000000/hls_fcc_2023/benchmark_hls_fcc2023_053_unit10922_tc_20260607_183133.json

──────────────────────────────────────────────────────────────────────
  [55/150] fcc2023_054_unit5642_tc.csv
──────────────────────────────────────────────────────────────────────
[TRACE] fcc2023_054_unit5642_tc.csv
[HLS-SHAPER] Triggering tc-trace via /startShaping API...
[HLS-SHAPER] tc-trace.py starting in container

======================================================================
  HLS Streaming QoE Benchmark (hls.js)
======================================================================
  Server: http://localhost:8080/hls.html?manifest=http://localhost:8080/hls/master.m3u8
======================================================================

[TRACE] Loaded 270 entries with bandwidth
[BROWSER] Launching headless Chromium...
[BROWSER] Waiting for playback to start...
   Startup delay: 401ms

[PLAYBACK] Collecting metrics...
   t=10s | buffer: 29.8s | bitrate: 4950 kbps | tp: 15842 kbps | trace_bw: 89169 kbps
   t=20s | buffer: 31.6s | bitrate: 4950 kbps | tp: 10426 kbps | trace_bw: 89264 kbps
   t=31s | buffer: 33.4s | bitrate: 4950 kbps | tp: 8139 kbps | trace_bw: 89722 kbps
   t=41s | buffer: 31.2s | bitrate: 4950 kbps | tp: 6921 kbps | trace_bw: 89150 kbps
   t=51s | buffer: 33.0s | bitrate: 4950 kbps | tp: 6968 kbps | trace_bw: 89503 kbps
   t=61s | buffer: 30.7s | bitrate: 4950 kbps | tp: 6121 kbps | trace_bw: 89719 kbps
   t=72s | buffer: 32.5s | bitrate: 4950 kbps | tp: 5813 kbps | trace_bw: 89190 kbps
   t=82s | buffer: 30.3s | bitrate: 4950 kbps | tp: 5528 kbps | trace_bw: 89291 kbps
   t=92s | buffer: 32.1s | bitrate: 4950 kbps | tp: 5676 kbps | trace_bw: 89196 kbps
   t=102s | buffer: 29.8s | bitrate: 4950 kbps | tp: 5404 kbps | trace_bw: 89655 kbps
   t=112s | buffer: 31.6s | bitrate: 4950 kbps | tp: 5407 kbps | trace_bw: 89318 kbps

======================================================================
  BENCHMARK RESULTS (HLS / hls.js)
======================================================================

  [TIMING]
      Startup delay:     401 ms
      Playback time:     120.1 s

  [BITRATE]
      Average (selected):  4,800 kbps
      Average (effective): 4,793 kbps
      Min / Max:           440 / 4,950 kbps
      Median:              4,950 kbps
      Std deviation:       809.6 kbps
      Variance:            655,403.2
      25th/75th %ile:      4,950 / 4,950 kbps

  [SWITCHES]
      Total count:       1
      Up / Down:         1 / 0
      Avg magnitude:     4,510 kbps

  [REBUFFERING]
      Events:            1
      Total time:        172 ms
      Ratio:             0.1430%
      Frequency:         0.500 per minute
      Avg duration:      172 ms
      Max duration:      172 ms

  [THROUGHPUT]
      Average:           9,050 kbps
      Median:            6,224 kbps
      Min / Max:         5,267 / 62,085 kbps
      Std deviation:     8,566.9 kbps

  [AVAILABLE BW (trace)]
      Average:           89,278 kbps
      Min / Max:         88,974 / 89,722 kbps
      Utilisation:       7.0%

  [BUFFER]
      Average level:     31.4 s
      Min / Max:         0.0 / 33.7 s

  [UTILIZATION]
      Bandwidth:         5.4%

======================================================================

[SAVED] results/run_all_20260607_000000/hls_fcc_2023/benchmark_hls_fcc2023_054_unit5642_tc_20260607_183337.json

──────────────────────────────────────────────────────────────────────
  [56/150] fcc2023_055_unit222095_tc.csv
──────────────────────────────────────────────────────────────────────
[TRACE] fcc2023_055_unit222095_tc.csv
[HLS-SHAPER] Triggering tc-trace via /startShaping API...
[HLS-SHAPER] tc-trace.py starting in container

======================================================================
  HLS Streaming QoE Benchmark (hls.js)
======================================================================
  Server: http://localhost:8080/hls.html?manifest=http://localhost:8080/hls/master.m3u8
======================================================================

[TRACE] Loaded 279 entries with bandwidth
[BROWSER] Launching headless Chromium...
[BROWSER] Waiting for playback to start...
   Startup delay: 556ms

[PLAYBACK] Collecting metrics...
   t=10s | buffer: 29.8s | bitrate: 4950 kbps | tp: 15831 kbps | trace_bw: 87480 kbps
   t=20s | buffer: 31.6s | bitrate: 4950 kbps | tp: 10423 kbps | trace_bw: 90303 kbps
   t=31s | buffer: 33.4s | bitrate: 4950 kbps | tp: 8135 kbps | trace_bw: 94107 kbps
   t=41s | buffer: 31.2s | bitrate: 4950 kbps | tp: 6918 kbps | trace_bw: 89930 kbps
   t=51s | buffer: 32.9s | bitrate: 4950 kbps | tp: 6965 kbps | trace_bw: 87044 kbps
   t=61s | buffer: 30.7s | bitrate: 4950 kbps | tp: 6120 kbps | trace_bw: 87388 kbps
   t=72s | buffer: 32.5s | bitrate: 4950 kbps | tp: 5813 kbps | trace_bw: 93619 kbps
   t=82s | buffer: 30.3s | bitrate: 4950 kbps | tp: 5528 kbps | trace_bw: 86458 kbps
   t=92s | buffer: 32.1s | bitrate: 4950 kbps | tp: 5677 kbps | trace_bw: 93487 kbps
   t=102s | buffer: 29.9s | bitrate: 4950 kbps | tp: 5404 kbps | trace_bw: 85777 kbps
   t=112s | buffer: 31.7s | bitrate: 4950 kbps | tp: 5407 kbps | trace_bw: 90320 kbps

======================================================================
  BENCHMARK RESULTS (HLS / hls.js)
======================================================================

  [TIMING]
      Startup delay:     556 ms
      Playback time:     120.1 s

  [BITRATE]
      Average (selected):  4,800 kbps
      Average (effective): 4,790 kbps
      Min / Max:           440 / 4,950 kbps
      Median:              4,950 kbps
      Std deviation:       809.6 kbps
      Variance:            655,403.2
      25th/75th %ile:      4,950 / 4,950 kbps

  [SWITCHES]
      Total count:       1
      Up / Down:         1 / 0
      Avg magnitude:     4,510 kbps

  [REBUFFERING]
      Events:            1
      Total time:        250 ms
      Ratio:             0.2077%
      Frequency:         0.500 per minute
      Avg duration:      250 ms
      Max duration:      250 ms

  [THROUGHPUT]
      Average:           8,067 kbps
      Median:            6,171 kbps
      Min / Max:         10 / 31,672 kbps
      Std deviation:     4,770.3 kbps

  [AVAILABLE BW (trace)]
      Average:           90,324 kbps
      Min / Max:         79,063 / 94,587 kbps
      Utilisation:       6.8%

  [BUFFER]
      Average level:     30.7 s
      Min / Max:         0.0 / 33.6 s

  [UTILIZATION]
      Bandwidth:         5.3%

======================================================================

[SAVED] results/run_all_20260607_000000/hls_fcc_2023/benchmark_hls_fcc2023_055_unit222095_tc_20260607_183541.json

──────────────────────────────────────────────────────────────────────
  [57/150] fcc2023_056_unit615364_tc.csv
──────────────────────────────────────────────────────────────────────
[TRACE] fcc2023_056_unit615364_tc.csv
[HLS-SHAPER] Triggering tc-trace via /startShaping API...
[HLS-SHAPER] tc-trace.py starting in container

======================================================================
  HLS Streaming QoE Benchmark (hls.js)
======================================================================
  Server: http://localhost:8080/hls.html?manifest=http://localhost:8080/hls/master.m3u8
======================================================================

[TRACE] Loaded 175 entries with bandwidth
[BROWSER] Launching headless Chromium...
[BROWSER] Waiting for playback to start...
   Startup delay: 710ms

[PLAYBACK] Collecting metrics...
   t=10s | buffer: 29.8s | bitrate: 4950 kbps | tp: 15761 kbps | trace_bw: 93614 kbps
   t=20s | buffer: 31.6s | bitrate: 4950 kbps | tp: 10410 kbps | trace_bw: 92555 kbps
   t=31s | buffer: 29.4s | bitrate: 4950 kbps | tp: 7684 kbps | trace_bw: 91829 kbps
   t=41s | buffer: 31.1s | bitrate: 4950 kbps | tp: 6917 kbps | trace_bw: 90830 kbps
   t=51s | buffer: 32.9s | bitrate: 4950 kbps | tp: 6966 kbps | trace_bw: 92241 kbps
   t=61s | buffer: 30.7s | bitrate: 4950 kbps | tp: 6119 kbps | trace_bw: 92622 kbps
   t=72s | buffer: 32.5s | bitrate: 4950 kbps | tp: 5811 kbps | trace_bw: 92352 kbps
   t=82s | buffer: 30.3s | bitrate: 4950 kbps | tp: 5527 kbps | trace_bw: 91673 kbps
   t=92s | buffer: 32.1s | bitrate: 4950 kbps | tp: 5676 kbps | trace_bw: 92055 kbps
   t=102s | buffer: 29.8s | bitrate: 4950 kbps | tp: 5403 kbps | trace_bw: 92628 kbps
   t=112s | buffer: 31.6s | bitrate: 4950 kbps | tp: 5405 kbps | trace_bw: 93520 kbps

======================================================================
  BENCHMARK RESULTS (HLS / hls.js)
======================================================================

  [TIMING]
      Startup delay:     710 ms
      Playback time:     120.1 s

  [BITRATE]
      Average (selected):  4,800 kbps
      Average (effective): 4,787 kbps
      Min / Max:           440 / 4,950 kbps
      Median:              4,950 kbps
      Std deviation:       807.9 kbps
      Variance:            652,777.1
      25th/75th %ile:      4,950 / 4,950 kbps

  [SWITCHES]
      Total count:       1
      Up / Down:         1 / 0
      Avg magnitude:     4,510 kbps

  [REBUFFERING]
      Events:            1
      Total time:        325 ms
      Ratio:             0.2698%
      Frequency:         0.499 per minute
      Avg duration:      325 ms
      Max duration:      325 ms

  [THROUGHPUT]
      Average:           8,099 kbps
      Median:            6,223 kbps
      Min / Max:         5,198 / 26,420 kbps
      Std deviation:     4,578.9 kbps

  [AVAILABLE BW (trace)]
      Average:           92,204 kbps
      Min / Max:         89,035 / 93,614 kbps
      Utilisation:       6.7%

  [BUFFER]
      Average level:     30.5 s
      Min / Max:         0.0 / 33.4 s

  [UTILIZATION]
      Bandwidth:         5.2%

======================================================================

[SAVED] results/run_all_20260607_000000/hls_fcc_2023/benchmark_hls_fcc2023_056_unit615364_tc_20260607_183745.json

──────────────────────────────────────────────────────────────────────
  [58/150] fcc2023_057_unit55518557_tc.csv
──────────────────────────────────────────────────────────────────────
[TRACE] fcc2023_057_unit55518557_tc.csv
[HLS-SHAPER] Triggering tc-trace via /startShaping API...
[HLS-SHAPER] tc-trace.py starting in container

======================================================================
  HLS Streaming QoE Benchmark (hls.js)
======================================================================
  Server: http://localhost:8080/hls.html?manifest=http://localhost:8080/hls/master.m3u8
======================================================================

[TRACE] Loaded 240 entries with bandwidth
[BROWSER] Launching headless Chromium...
[BROWSER] Waiting for playback to start...
   Startup delay: 516ms

[PLAYBACK] Collecting metrics...
   t=10s | buffer: 29.8s | bitrate: 4950 kbps | tp: 15826 kbps | trace_bw: 93902 kbps
   t=20s | buffer: 31.6s | bitrate: 4950 kbps | tp: 10419 kbps | trace_bw: 92515 kbps
   t=31s | buffer: 33.4s | bitrate: 4950 kbps | tp: 8127 kbps | trace_bw: 93359 kbps
   t=41s | buffer: 31.1s | bitrate: 4950 kbps | tp: 6908 kbps | trace_bw: 93906 kbps
   t=51s | buffer: 32.9s | bitrate: 4950 kbps | tp: 6954 kbps | trace_bw: 92468 kbps
   t=61s | buffer: 30.6s | bitrate: 4950 kbps | tp: 6108 kbps | trace_bw: 92257 kbps
   t=72s | buffer: 32.4s | bitrate: 4950 kbps | tp: 5800 kbps | trace_bw: 92271 kbps
   t=82s | buffer: 30.1s | bitrate: 4950 kbps | tp: 5515 kbps | trace_bw: 93773 kbps
   t=92s | buffer: 31.9s | bitrate: 4950 kbps | tp: 5664 kbps | trace_bw: 93905 kbps
   t=102s | buffer: 29.6s | bitrate: 4950 kbps | tp: 5392 kbps | trace_bw: 93905 kbps
   t=113s | buffer: 31.4s | bitrate: 4950 kbps | tp: 5395 kbps | trace_bw: 92806 kbps

======================================================================
  BENCHMARK RESULTS (HLS / hls.js)
======================================================================

  [TIMING]
      Startup delay:     516 ms
      Playback time:     120.3 s

  [BITRATE]
      Average (selected):  4,800 kbps
      Average (effective): 4,791 kbps
      Min / Max:           440 / 4,950 kbps
      Median:              4,950 kbps
      Std deviation:       807.9 kbps
      Variance:            652,777.1
      25th/75th %ile:      4,950 / 4,950 kbps

  [SWITCHES]
      Total count:       1
      Up / Down:         1 / 0
      Avg magnitude:     4,510 kbps

  [REBUFFERING]
      Events:            1
      Total time:        223 ms
      Ratio:             0.1850%
      Frequency:         0.499 per minute
      Avg duration:      223 ms
      Max duration:      223 ms

  [THROUGHPUT]
      Average:           8,610 kbps
      Median:            6,212 kbps
      Min / Max:         5,256 / 41,291 kbps
      Std deviation:     6,473.3 kbps

  [AVAILABLE BW (trace)]
      Average:           93,278 kbps
      Min / Max:         92,257 / 93,911 kbps
      Utilisation:       6.7%

  [BUFFER]
      Average level:     31.0 s
      Min / Max:         0.0 / 33.6 s

  [UTILIZATION]
      Bandwidth:         5.1%

======================================================================

[SAVED] results/run_all_20260607_000000/hls_fcc_2023/benchmark_hls_fcc2023_057_unit55518557_tc_20260607_183949.json

──────────────────────────────────────────────────────────────────────
  [59/150] fcc2023_058_unit28773_tc.csv
──────────────────────────────────────────────────────────────────────
[TRACE] fcc2023_058_unit28773_tc.csv
[HLS-SHAPER] Triggering tc-trace via /startShaping API...
[HLS-SHAPER] tc-trace.py starting in container

======================================================================
  HLS Streaming QoE Benchmark (hls.js)
======================================================================
  Server: http://localhost:8080/hls.html?manifest=http://localhost:8080/hls/master.m3u8
======================================================================

[TRACE] Loaded 231 entries with bandwidth
[BROWSER] Launching headless Chromium...
[BROWSER] Waiting for playback to start...
   Startup delay: 579ms

[PLAYBACK] Collecting metrics...
   t=10s | buffer: 29.9s | bitrate: 4950 kbps | tp: 15844 kbps | trace_bw: 93192 kbps
   t=20s | buffer: 31.6s | bitrate: 4950 kbps | tp: 10428 kbps | trace_bw: 93942 kbps
   t=31s | buffer: 33.4s | bitrate: 4950 kbps | tp: 8137 kbps | trace_bw: 93949 kbps
   t=41s | buffer: 31.2s | bitrate: 4950 kbps | tp: 6920 kbps | trace_bw: 92969 kbps
   t=51s | buffer: 33.0s | bitrate: 4950 kbps | tp: 6965 kbps | trace_bw: 93947 kbps
   t=61s | buffer: 30.8s | bitrate: 4950 kbps | tp: 6120 kbps | trace_bw: 91985 kbps
   t=72s | buffer: 32.5s | bitrate: 4950 kbps | tp: 5813 kbps | trace_bw: 93943 kbps
   t=82s | buffer: 30.3s | bitrate: 4950 kbps | tp: 5529 kbps | trace_bw: 89599 kbps
   t=92s | buffer: 32.1s | bitrate: 4950 kbps | tp: 5679 kbps | trace_bw: 87630 kbps
   t=102s | buffer: 29.9s | bitrate: 4950 kbps | tp: 5406 kbps | trace_bw: 93951 kbps
   t=112s | buffer: 31.7s | bitrate: 4950 kbps | tp: 5409 kbps | trace_bw: 93948 kbps

======================================================================
  BENCHMARK RESULTS (HLS / hls.js)
======================================================================

  [TIMING]
      Startup delay:     579 ms
      Playback time:     120.0 s

  [BITRATE]
      Average (selected):  4,800 kbps
      Average (effective): 4,789 kbps
      Min / Max:           440 / 4,950 kbps
      Median:              4,950 kbps
      Std deviation:       809.6 kbps
      Variance:            655,403.2
      25th/75th %ile:      4,950 / 4,950 kbps

  [SWITCHES]
      Total count:       1
      Up / Down:         1 / 0
      Avg magnitude:     4,510 kbps

  [REBUFFERING]
      Events:            1
      Total time:        269 ms
      Ratio:             0.2236%
      Frequency:         0.500 per minute
      Avg duration:      269 ms
      Max duration:      269 ms

  [THROUGHPUT]
      Average:           8,684 kbps
      Median:            6,224 kbps
      Min / Max:         5,270 / 41,403 kbps
      Std deviation:     6,766.2 kbps

  [AVAILABLE BW (trace)]
      Average:           90,888 kbps
      Min / Max:         66,880 / 93,951 kbps
      Utilisation:       6.8%

  [BUFFER]
      Average level:     31.1 s
      Min / Max:         0.0 / 33.6 s

  [UTILIZATION]
      Bandwidth:         5.2%

======================================================================

[SAVED] results/run_all_20260607_000000/hls_fcc_2023/benchmark_hls_fcc2023_058_unit28773_tc_20260607_184154.json

──────────────────────────────────────────────────────────────────────
  [60/150] fcc2023_059_unit54730257_tc.csv
──────────────────────────────────────────────────────────────────────
[TRACE] fcc2023_059_unit54730257_tc.csv
[HLS-SHAPER] Triggering tc-trace via /startShaping API...
[HLS-SHAPER] tc-trace.py starting in container

======================================================================
  HLS Streaming QoE Benchmark (hls.js)
======================================================================
  Server: http://localhost:8080/hls.html?manifest=http://localhost:8080/hls/master.m3u8
======================================================================

[TRACE] Loaded 231 entries with bandwidth
[BROWSER] Launching headless Chromium...
[BROWSER] Waiting for playback to start...
   Startup delay: 442ms

[PLAYBACK] Collecting metrics...
   t=10s | buffer: 29.7s | bitrate: 4950 kbps | tp: 15835 kbps | trace_bw: 93868 kbps
   t=20s | buffer: 31.5s | bitrate: 4950 kbps | tp: 10434 kbps | trace_bw: 91366 kbps
   t=31s | buffer: 33.3s | bitrate: 4950 kbps | tp: 8144 kbps | trace_bw: 90918 kbps
   t=41s | buffer: 31.1s | bitrate: 4950 kbps | tp: 6926 kbps | trace_bw: 93789 kbps
   t=51s | buffer: 32.9s | bitrate: 4950 kbps | tp: 6972 kbps | trace_bw: 93712 kbps
   t=61s | buffer: 30.7s | bitrate: 4950 kbps | tp: 6125 kbps | trace_bw: 93922 kbps
   t=71s | buffer: 32.4s | bitrate: 4950 kbps | tp: 5817 kbps | trace_bw: 93705 kbps
   t=82s | buffer: 30.2s | bitrate: 4950 kbps | tp: 5532 kbps | trace_bw: 93889 kbps
   t=92s | buffer: 32.0s | bitrate: 4950 kbps | tp: 5681 kbps | trace_bw: 93795 kbps
   t=102s | buffer: 29.8s | bitrate: 4950 kbps | tp: 5408 kbps | trace_bw: 86169 kbps
   t=112s | buffer: 31.6s | bitrate: 4950 kbps | tp: 5410 kbps | trace_bw: 93805 kbps

======================================================================
  BENCHMARK RESULTS (HLS / hls.js)
======================================================================

  [TIMING]
      Startup delay:     442 ms
      Playback time:     120.2 s

  [BITRATE]
      Average (selected):  4,800 kbps
      Average (effective): 4,792 kbps
      Min / Max:           440 / 4,950 kbps
      Median:              4,950 kbps
      Std deviation:       809.6 kbps
      Variance:            655,403.2
      25th/75th %ile:      4,950 / 4,950 kbps

  [SWITCHES]
      Total count:       1
      Up / Down:         1 / 0
      Avg magnitude:     4,510 kbps

  [REBUFFERING]
      Events:            1
      Total time:        188 ms
      Ratio:             0.1562%
      Frequency:         0.499 per minute
      Avg duration:      188 ms
      Max duration:      188 ms

  [THROUGHPUT]
      Average:           8,975 kbps
      Median:            6,229 kbps
      Min / Max:         5,270 / 57,105 kbps
      Std deviation:     8,084.0 kbps

  [AVAILABLE BW (trace)]
      Average:           93,039 kbps
      Min / Max:         86,169 / 93,938 kbps
      Utilisation:       6.7%

  [BUFFER]
      Average level:     31.3 s
      Min / Max:         3.9 / 33.7 s

  [UTILIZATION]
      Bandwidth:         5.1%

======================================================================

[SAVED] results/run_all_20260607_000000/hls_fcc_2023/benchmark_hls_fcc2023_059_unit54730257_tc_20260607_184358.json

──────────────────────────────────────────────────────────────────────
  [61/150] fcc2023_060_unit3898469_tc.csv
──────────────────────────────────────────────────────────────────────
[TRACE] fcc2023_060_unit3898469_tc.csv
[HLS-SHAPER] Triggering tc-trace via /startShaping API...
[HLS-SHAPER] tc-trace.py starting in container

======================================================================
  HLS Streaming QoE Benchmark (hls.js)
======================================================================
  Server: http://localhost:8080/hls.html?manifest=http://localhost:8080/hls/master.m3u8
======================================================================

[TRACE] Loaded 308 entries with bandwidth
[BROWSER] Launching headless Chromium...
[BROWSER] Waiting for playback to start...
   Startup delay: 289ms

[PLAYBACK] Collecting metrics...
   t=10s | buffer: 29.8s | bitrate: 4950 kbps | tp: 15838 kbps | trace_bw: 93879 kbps
   t=20s | buffer: 31.6s | bitrate: 4950 kbps | tp: 10427 kbps | trace_bw: 94065 kbps
   t=31s | buffer: 33.4s | bitrate: 4950 kbps | tp: 8132 kbps | trace_bw: 93764 kbps
   t=41s | buffer: 31.2s | bitrate: 4950 kbps | tp: 6915 kbps | trace_bw: 93792 kbps
   t=51s | buffer: 32.9s | bitrate: 4950 kbps | tp: 6964 kbps | trace_bw: 93886 kbps
   t=61s | buffer: 26.7s | bitrate: 4950 kbps | tp: 5948 kbps | trace_bw: 3454 kbps
   t=72s | buffer: 32.5s | bitrate: 4950 kbps | tp: 5812 kbps | trace_bw: 94100 kbps
   t=82s | buffer: 30.3s | bitrate: 4950 kbps | tp: 5528 kbps | trace_bw: 93732 kbps
   t=92s | buffer: 32.1s | bitrate: 4950 kbps | tp: 5677 kbps | trace_bw: 94096 kbps
   t=102s | buffer: 29.9s | bitrate: 4950 kbps | tp: 5403 kbps | trace_bw: 93882 kbps
   t=112s | buffer: 31.6s | bitrate: 4950 kbps | tp: 5406 kbps | trace_bw: 93867 kbps

======================================================================
  BENCHMARK RESULTS (HLS / hls.js)
======================================================================

  [TIMING]
      Startup delay:     289 ms
      Playback time:     120.1 s

  [BITRATE]
      Average (selected):  4,800 kbps
      Average (effective): 4,795 kbps
      Min / Max:           440 / 4,950 kbps
      Median:              4,950 kbps
      Std deviation:       809.6 kbps
      Variance:            655,403.2
      25th/75th %ile:      4,950 / 4,950 kbps

  [SWITCHES]
      Total count:       1
      Up / Down:         1 / 0
      Avg magnitude:     4,510 kbps

  [REBUFFERING]
      Events:            1
      Total time:        111 ms
      Ratio:             0.0923%
      Frequency:         0.500 per minute
      Avg duration:      111 ms
      Max duration:      111 ms

  [THROUGHPUT]
      Average:           9,170 kbps
      Median:            6,141 kbps
      Min / Max:         5,266 / 76,016 kbps
      Std deviation:     9,375.8 kbps

  [AVAILABLE BW (trace)]
      Average:           90,047 kbps
      Min / Max:         3,454 / 94,482 kbps
      Utilisation:       6.8%

  [BUFFER]
      Average level:     31.3 s
      Min / Max:         0.0 / 33.7 s

  [UTILIZATION]
      Bandwidth:         5.1%

======================================================================

[SAVED] results/run_all_20260607_000000/hls_fcc_2023/benchmark_hls_fcc2023_060_unit3898469_tc_20260607_184602.json

──────────────────────────────────────────────────────────────────────
  [62/150] fcc2023_061_unit31273113_tc.csv
──────────────────────────────────────────────────────────────────────
[TRACE] fcc2023_061_unit31273113_tc.csv
[HLS-SHAPER] Triggering tc-trace via /startShaping API...
[HLS-SHAPER] tc-trace.py starting in container

======================================================================
  HLS Streaming QoE Benchmark (hls.js)
======================================================================
  Server: http://localhost:8080/hls.html?manifest=http://localhost:8080/hls/master.m3u8
======================================================================

[TRACE] Loaded 230 entries with bandwidth
[BROWSER] Launching headless Chromium...
[BROWSER] Waiting for playback to start...
   Startup delay: 387ms

[PLAYBACK] Collecting metrics...
   t=10s | buffer: 29.8s | bitrate: 4950 kbps | tp: 15809 kbps | trace_bw: 93781 kbps
   t=20s | buffer: 31.6s | bitrate: 4950 kbps | tp: 10410 kbps | trace_bw: 93926 kbps
   t=31s | buffer: 33.3s | bitrate: 4950 kbps | tp: 8124 kbps | trace_bw: 92996 kbps
   t=41s | buffer: 31.1s | bitrate: 4950 kbps | tp: 6910 kbps | trace_bw: 93792 kbps
   t=51s | buffer: 32.9s | bitrate: 4950 kbps | tp: 6957 kbps | trace_bw: 93802 kbps
   t=61s | buffer: 30.7s | bitrate: 4950 kbps | tp: 6114 kbps | trace_bw: 93926 kbps
   t=72s | buffer: 32.4s | bitrate: 4950 kbps | tp: 5806 kbps | trace_bw: 92194 kbps
   t=82s | buffer: 30.2s | bitrate: 4950 kbps | tp: 5522 kbps | trace_bw: 93932 kbps
   t=92s | buffer: 32.0s | bitrate: 4950 kbps | tp: 5671 kbps | trace_bw: 94473 kbps
   t=102s | buffer: 29.8s | bitrate: 4950 kbps | tp: 5399 kbps | trace_bw: 93924 kbps
   t=113s | buffer: 31.5s | bitrate: 4950 kbps | tp: 5402 kbps | trace_bw: 93898 kbps

======================================================================
  BENCHMARK RESULTS (HLS / hls.js)
======================================================================

  [TIMING]
      Startup delay:     387 ms
      Playback time:     120.2 s

  [BITRATE]
      Average (selected):  4,800 kbps
      Average (effective): 4,794 kbps
      Min / Max:           440 / 4,950 kbps
      Median:              4,950 kbps
      Std deviation:       809.6 kbps
      Variance:            655,403.2
      25th/75th %ile:      4,950 / 4,950 kbps

  [SWITCHES]
      Total count:       1
      Up / Down:         1 / 0
      Avg magnitude:     4,510 kbps

  [REBUFFERING]
      Events:            1
      Total time:        152 ms
      Ratio:             0.1263%
      Frequency:         0.499 per minute
      Avg duration:      152 ms
      Max duration:      152 ms

  [THROUGHPUT]
      Average:           9,120 kbps
      Median:            6,218 kbps
      Min / Max:         5,263 / 67,852 kbps
      Std deviation:     8,976.5 kbps

  [AVAILABLE BW (trace)]
      Average:           93,784 kbps
      Min / Max:         92,194 / 94,473 kbps
      Utilisation:       6.6%

  [BUFFER]
      Average level:     31.4 s
      Min / Max:         0.0 / 33.7 s

  [UTILIZATION]
      Bandwidth:         5.1%

======================================================================

[SAVED] results/run_all_20260607_000000/hls_fcc_2023/benchmark_hls_fcc2023_061_unit31273113_tc_20260607_184805.json

──────────────────────────────────────────────────────────────────────
  [63/150] fcc2023_062_unit599850_tc.csv
──────────────────────────────────────────────────────────────────────
[TRACE] fcc2023_062_unit599850_tc.csv
[HLS-SHAPER] Triggering tc-trace via /startShaping API...
[HLS-SHAPER] tc-trace.py starting in container

======================================================================
  HLS Streaming QoE Benchmark (hls.js)
======================================================================
  Server: http://localhost:8080/hls.html?manifest=http://localhost:8080/hls/master.m3u8
======================================================================

[TRACE] Loaded 253 entries with bandwidth
[BROWSER] Launching headless Chromium...
[BROWSER] Waiting for playback to start...
   Startup delay: 506ms

[PLAYBACK] Collecting metrics...
   t=10s | buffer: 29.8s | bitrate: 4950 kbps | tp: 15851 kbps | trace_bw: 93918 kbps
   t=20s | buffer: 31.6s | bitrate: 4950 kbps | tp: 10433 kbps | trace_bw: 93863 kbps
   t=31s | buffer: 33.4s | bitrate: 4950 kbps | tp: 8139 kbps | trace_bw: 93919 kbps
   t=41s | buffer: 31.2s | bitrate: 4950 kbps | tp: 6921 kbps | trace_bw: 94081 kbps
   t=51s | buffer: 33.0s | bitrate: 4950 kbps | tp: 6967 kbps | trace_bw: 93793 kbps
   t=61s | buffer: 30.7s | bitrate: 4950 kbps | tp: 6122 kbps | trace_bw: 93915 kbps
   t=72s | buffer: 32.5s | bitrate: 4950 kbps | tp: 5813 kbps | trace_bw: 94084 kbps
   t=82s | buffer: 30.3s | bitrate: 4950 kbps | tp: 5528 kbps | trace_bw: 93918 kbps
   t=92s | buffer: 32.1s | bitrate: 4950 kbps | tp: 5678 kbps | trace_bw: 94083 kbps
   t=102s | buffer: 29.9s | bitrate: 4950 kbps | tp: 5404 kbps | trace_bw: 93793 kbps
   t=112s | buffer: 31.6s | bitrate: 4950 kbps | tp: 5407 kbps | trace_bw: 93899 kbps

======================================================================
  BENCHMARK RESULTS (HLS / hls.js)
======================================================================

  [TIMING]
      Startup delay:     506 ms
      Playback time:     120.1 s

  [BITRATE]
      Average (selected):  4,800 kbps
      Average (effective): 4,791 kbps
      Min / Max:           440 / 4,950 kbps
      Median:              4,950 kbps
      Std deviation:       809.6 kbps
      Variance:            655,403.2
      25th/75th %ile:      4,950 / 4,950 kbps

  [SWITCHES]
      Total count:       1
      Up / Down:         1 / 0
      Avg magnitude:     4,510 kbps

  [REBUFFERING]
      Events:            1
      Total time:        220 ms
      Ratio:             0.1829%
      Frequency:         0.500 per minute
      Avg duration:      220 ms
      Max duration:      220 ms

  [THROUGHPUT]
      Average:           8,862 kbps
      Median:            6,225 kbps
      Min / Max:         5,268 / 52,718 kbps
      Std deviation:     7,688.7 kbps

  [AVAILABLE BW (trace)]
      Average:           93,885 kbps
      Min / Max:         93,355 / 94,084 kbps
      Utilisation:       6.6%

  [BUFFER]
      Average level:     31.1 s
      Min / Max:         0.0 / 33.6 s

  [UTILIZATION]
      Bandwidth:         5.1%

======================================================================

[SAVED] results/run_all_20260607_000000/hls_fcc_2023/benchmark_hls_fcc2023_062_unit599850_tc_20260607_185010.json

──────────────────────────────────────────────────────────────────────
  [64/150] fcc2023_063_unit806266_tc.csv
──────────────────────────────────────────────────────────────────────
[TRACE] fcc2023_063_unit806266_tc.csv
[HLS-SHAPER] Triggering tc-trace via /startShaping API...
[HLS-SHAPER] tc-trace.py starting in container

======================================================================
  HLS Streaming QoE Benchmark (hls.js)
======================================================================
  Server: http://localhost:8080/hls.html?manifest=http://localhost:8080/hls/master.m3u8
======================================================================

[TRACE] Loaded 246 entries with bandwidth
[BROWSER] Launching headless Chromium...
[BROWSER] Waiting for playback to start...
   Startup delay: 388ms

[PLAYBACK] Collecting metrics...
   t=10s | buffer: 29.8s | bitrate: 4950 kbps | tp: 15828 kbps | trace_bw: 93809 kbps
   t=20s | buffer: 31.6s | bitrate: 4950 kbps | tp: 10426 kbps | trace_bw: 93931 kbps
   t=31s | buffer: 33.4s | bitrate: 4950 kbps | tp: 8135 kbps | trace_bw: 93768 kbps
   t=41s | buffer: 31.2s | bitrate: 4950 kbps | tp: 6916 kbps | trace_bw: 93802 kbps
   t=51s | buffer: 32.9s | bitrate: 4950 kbps | tp: 6963 kbps | trace_bw: 93916 kbps
   t=61s | buffer: 30.7s | bitrate: 4950 kbps | tp: 6118 kbps | trace_bw: 93893 kbps
   t=72s | buffer: 32.5s | bitrate: 4950 kbps | tp: 5810 kbps | trace_bw: 93894 kbps
   t=82s | buffer: 30.3s | bitrate: 4950 kbps | tp: 5526 kbps | trace_bw: 93797 kbps
   t=92s | buffer: 32.1s | bitrate: 4950 kbps | tp: 5675 kbps | trace_bw: 93916 kbps
   t=102s | buffer: 29.8s | bitrate: 4950 kbps | tp: 5402 kbps | trace_bw: 93923 kbps
   t=112s | buffer: 31.6s | bitrate: 4950 kbps | tp: 5405 kbps | trace_bw: 93915 kbps

======================================================================
  BENCHMARK RESULTS (HLS / hls.js)
======================================================================

  [TIMING]
      Startup delay:     388 ms
      Playback time:     120.1 s

  [BITRATE]
      Average (selected):  4,800 kbps
      Average (effective): 4,792 kbps
      Min / Max:           440 / 4,950 kbps
      Median:              4,950 kbps
      Std deviation:       809.6 kbps
      Variance:            655,403.2
      25th/75th %ile:      4,950 / 4,950 kbps

  [SWITCHES]
      Total count:       1
      Up / Down:         1 / 0
      Avg magnitude:     4,510 kbps

  [REBUFFERING]
      Events:            1
      Total time:        189 ms
      Ratio:             0.1571%
      Frequency:         0.499 per minute
      Avg duration:      189 ms
      Max duration:      189 ms

  [THROUGHPUT]
      Average:           9,194 kbps
      Median:            6,221 kbps
      Min / Max:         5,266 / 76,273 kbps
      Std deviation:     9,400.1 kbps

  [AVAILABLE BW (trace)]
      Average:           93,753 kbps
      Min / Max:         90,804 / 93,931 kbps
      Utilisation:       6.6%

  [BUFFER]
      Average level:     31.5 s
      Min / Max:         0.0 / 33.9 s

  [UTILIZATION]
      Bandwidth:         5.1%

======================================================================

[SAVED] results/run_all_20260607_000000/hls_fcc_2023/benchmark_hls_fcc2023_063_unit806266_tc_20260607_185214.json

──────────────────────────────────────────────────────────────────────
  [65/150] fcc2023_064_unit55518841_tc.csv
──────────────────────────────────────────────────────────────────────
[TRACE] fcc2023_064_unit55518841_tc.csv
[HLS-SHAPER] Triggering tc-trace via /startShaping API...
[HLS-SHAPER] tc-trace.py starting in container

======================================================================
  HLS Streaming QoE Benchmark (hls.js)
======================================================================
  Server: http://localhost:8080/hls.html?manifest=http://localhost:8080/hls/master.m3u8
======================================================================

[TRACE] Loaded 192 entries with bandwidth
[BROWSER] Launching headless Chromium...
[BROWSER] Waiting for playback to start...
   Startup delay: 696ms

[PLAYBACK] Collecting metrics...
   t=10s | buffer: 29.8s | bitrate: 4950 kbps | tp: 15831 kbps | trace_bw: 939319 kbps
   t=20s | buffer: 31.6s | bitrate: 4950 kbps | tp: 10425 kbps | trace_bw: 936983 kbps
   t=31s | buffer: 33.4s | bitrate: 4950 kbps | tp: 8136 kbps | trace_bw: 938251 kbps
   t=41s | buffer: 31.2s | bitrate: 4950 kbps | tp: 6917 kbps | trace_bw: 939474 kbps
   t=51s | buffer: 28.9s | bitrate: 4950 kbps | tp: 6644 kbps | trace_bw: 939117 kbps
   t=61s | buffer: 30.7s | bitrate: 4950 kbps | tp: 6119 kbps | trace_bw: 749002 kbps
   t=72s | buffer: 32.5s | bitrate: 4950 kbps | tp: 5811 kbps | trace_bw: 938233 kbps
   t=82s | buffer: 30.3s | bitrate: 4950 kbps | tp: 5527 kbps | trace_bw: 742791 kbps
   t=92s | buffer: 32.1s | bitrate: 4950 kbps | tp: 5675 kbps | trace_bw: 939432 kbps
   t=102s | buffer: 29.8s | bitrate: 4950 kbps | tp: 5402 kbps | trace_bw: 939458 kbps
   t=112s | buffer: 31.6s | bitrate: 4950 kbps | tp: 5404 kbps | trace_bw: 738543 kbps

======================================================================
  BENCHMARK RESULTS (HLS / hls.js)
======================================================================

  [TIMING]
      Startup delay:     696 ms
      Playback time:     120.1 s

  [BITRATE]
      Average (selected):  4,800 kbps
      Average (effective): 4,788 kbps
      Min / Max:           440 / 4,950 kbps
      Median:              4,950 kbps
      Std deviation:       807.9 kbps
      Variance:            652,777.1
      25th/75th %ile:      4,950 / 4,950 kbps

  [SWITCHES]
      Total count:       1
      Up / Down:         1 / 0
      Avg magnitude:     4,510 kbps

  [REBUFFERING]
      Events:            1
      Total time:        302 ms
      Ratio:             0.2508%
      Frequency:         0.499 per minute
      Avg duration:      302 ms
      Max duration:      302 ms

  [THROUGHPUT]
      Average:           7,875 kbps
      Median:            6,170 kbps
      Min / Max:         10 / 24,385 kbps
      Std deviation:     4,084.3 kbps

  [AVAILABLE BW (trace)]
      Average:           906,241 kbps
      Min / Max:         738,543 / 939,474 kbps
      Utilisation:       0.7%

  [BUFFER]
      Average level:     30.6 s
      Min / Max:         0.0 / 33.6 s

  [UTILIZATION]
      Bandwidth:         0.5%

======================================================================

[SAVED] results/run_all_20260607_000000/hls_fcc_2023/benchmark_hls_fcc2023_064_unit55518841_tc_20260607_185418.json

──────────────────────────────────────────────────────────────────────
  [66/150] fcc2023_065_unit39827621_tc.csv
──────────────────────────────────────────────────────────────────────
[TRACE] fcc2023_065_unit39827621_tc.csv
[HLS-SHAPER] Triggering tc-trace via /startShaping API...
[HLS-SHAPER] tc-trace.py starting in container

======================================================================
  HLS Streaming QoE Benchmark (hls.js)
======================================================================
  Server: http://localhost:8080/hls.html?manifest=http://localhost:8080/hls/master.m3u8
======================================================================

[TRACE] Loaded 162 entries with bandwidth
[BROWSER] Launching headless Chromium...
[BROWSER] Waiting for playback to start...
   Startup delay: 598ms

[PLAYBACK] Collecting metrics...
   t=10s | buffer: 29.8s | bitrate: 4950 kbps | tp: 15844 kbps | trace_bw: 99601 kbps
   t=20s | buffer: 31.6s | bitrate: 4950 kbps | tp: 10421 kbps | trace_bw: 99537 kbps
   t=31s | buffer: 33.3s | bitrate: 4950 kbps | tp: 8123 kbps | trace_bw: 99611 kbps
   t=41s | buffer: 31.1s | bitrate: 4950 kbps | tp: 6912 kbps | trace_bw: 94997 kbps
   t=51s | buffer: 28.9s | bitrate: 4950 kbps | tp: 6642 kbps | trace_bw: 96819 kbps
   t=61s | buffer: 30.7s | bitrate: 4950 kbps | tp: 6117 kbps | trace_bw: 99319 kbps
   t=72s | buffer: 32.5s | bitrate: 4950 kbps | tp: 5810 kbps | trace_bw: 98922 kbps
   t=82s | buffer: 30.3s | bitrate: 4950 kbps | tp: 5526 kbps | trace_bw: 98423 kbps
   t=92s | buffer: 32.1s | bitrate: 4950 kbps | tp: 5676 kbps | trace_bw: 99099 kbps
   t=102s | buffer: 29.9s | bitrate: 4950 kbps | tp: 5404 kbps | trace_bw: 98267 kbps
   t=112s | buffer: 31.6s | bitrate: 4950 kbps | tp: 5407 kbps | trace_bw: 98471 kbps

======================================================================
  BENCHMARK RESULTS (HLS / hls.js)
======================================================================

  [TIMING]
      Startup delay:     598 ms
      Playback time:     120.1 s

  [BITRATE]
      Average (selected):  4,800 kbps
      Average (effective): 4,789 kbps
      Min / Max:           440 / 4,950 kbps
      Median:              4,950 kbps
      Std deviation:       809.6 kbps
      Variance:            655,403.2
      25th/75th %ile:      4,950 / 4,950 kbps

  [SWITCHES]
      Total count:       1
      Up / Down:         1 / 0
      Avg magnitude:     4,510 kbps

  [REBUFFERING]
      Events:            1
      Total time:        264 ms
      Ratio:             0.2193%
      Frequency:         0.500 per minute
      Avg duration:      264 ms
      Max duration:      264 ms

  [THROUGHPUT]
      Average:           8,706 kbps
      Median:            6,221 kbps
      Min / Max:         5,267 / 47,637 kbps
      Std deviation:     6,915.9 kbps

  [AVAILABLE BW (trace)]
      Average:           97,589 kbps
      Min / Max:         86,606 / 99,611 kbps
      Utilisation:       6.4%

  [BUFFER]
      Average level:     31.0 s
      Min / Max:         0.0 / 33.6 s

  [UTILIZATION]
      Bandwidth:         4.9%

======================================================================

[SAVED] results/run_all_20260607_000000/hls_fcc_2023/benchmark_hls_fcc2023_065_unit39827621_tc_20260607_185622.json

──────────────────────────────────────────────────────────────────────
  [67/150] fcc2023_066_unit25754625_tc.csv
──────────────────────────────────────────────────────────────────────
[TRACE] fcc2023_066_unit25754625_tc.csv
[HLS-SHAPER] Triggering tc-trace via /startShaping API...
[HLS-SHAPER] tc-trace.py starting in container

======================================================================
  HLS Streaming QoE Benchmark (hls.js)
======================================================================
  Server: http://localhost:8080/hls.html?manifest=http://localhost:8080/hls/master.m3u8
======================================================================

[TRACE] Loaded 308 entries with bandwidth
[BROWSER] Launching headless Chromium...
[BROWSER] Waiting for playback to start...
   Startup delay: 456ms

[PLAYBACK] Collecting metrics...
   t=10s | buffer: 29.8s | bitrate: 4950 kbps | tp: 15803 kbps | trace_bw: 99947 kbps
   t=20s | buffer: 31.6s | bitrate: 4950 kbps | tp: 10407 kbps | trace_bw: 100217 kbps
   t=31s | buffer: 33.4s | bitrate: 4950 kbps | tp: 8129 kbps | trace_bw: 100001 kbps
   t=41s | buffer: 31.1s | bitrate: 4950 kbps | tp: 6916 kbps | trace_bw: 99909 kbps
   t=51s | buffer: 32.9s | bitrate: 4950 kbps | tp: 6958 kbps | trace_bw: 99870 kbps
   t=61s | buffer: 30.7s | bitrate: 4950 kbps | tp: 6114 kbps | trace_bw: 99552 kbps
   t=72s | buffer: 32.5s | bitrate: 4950 kbps | tp: 5807 kbps | trace_bw: 99720 kbps
   t=82s | buffer: 30.2s | bitrate: 4950 kbps | tp: 5523 kbps | trace_bw: 100008 kbps
   t=92s | buffer: 32.0s | bitrate: 4950 kbps | tp: 5673 kbps | trace_bw: 99908 kbps
   t=102s | buffer: 29.8s | bitrate: 4950 kbps | tp: 5402 kbps | trace_bw: 99951 kbps
   t=112s | buffer: 31.6s | bitrate: 4950 kbps | tp: 5405 kbps | trace_bw: 100008 kbps

======================================================================
  BENCHMARK RESULTS (HLS / hls.js)
======================================================================

  [TIMING]
      Startup delay:     456 ms
      Playback time:     120.1 s

  [BITRATE]
      Average (selected):  4,800 kbps
      Average (effective): 4,792 kbps
      Min / Max:           440 / 4,950 kbps
      Median:              4,950 kbps
      Std deviation:       809.6 kbps
      Variance:            655,403.2
      25th/75th %ile:      4,950 / 4,950 kbps

  [SWITCHES]
      Total count:       1
      Up / Down:         1 / 0
      Avg magnitude:     4,510 kbps

  [REBUFFERING]
      Events:            1
      Total time:        193 ms
      Ratio:             0.1604%
      Frequency:         0.499 per minute
      Avg duration:      193 ms
      Max duration:      193 ms

  [THROUGHPUT]
      Average:           8,962 kbps
      Median:            6,217 kbps
      Min / Max:         5,266 / 57,199 kbps
      Std deviation:     8,088.4 kbps

  [AVAILABLE BW (trace)]
      Average:           99,749 kbps
      Min / Max:         96,120 / 100,217 kbps
      Utilisation:       6.2%

  [BUFFER]
      Average level:     31.3 s
      Min / Max:         0.0 / 33.7 s

  [UTILIZATION]
      Bandwidth:         4.8%

======================================================================

[SAVED] results/run_all_20260607_000000/hls_fcc_2023/benchmark_hls_fcc2023_066_unit25754625_tc_20260607_185826.json

──────────────────────────────────────────────────────────────────────
  [68/150] fcc2023_067_unit870_tc.csv
──────────────────────────────────────────────────────────────────────
[TRACE] fcc2023_067_unit870_tc.csv
[HLS-SHAPER] Triggering tc-trace via /startShaping API...
[HLS-SHAPER] tc-trace.py starting in container

======================================================================
  HLS Streaming QoE Benchmark (hls.js)
======================================================================
  Server: http://localhost:8080/hls.html?manifest=http://localhost:8080/hls/master.m3u8
======================================================================

[TRACE] Loaded 298 entries with bandwidth
[BROWSER] Launching headless Chromium...
[BROWSER] Waiting for playback to start...
   Startup delay: 325ms

[PLAYBACK] Collecting metrics...
   t=10s | buffer: 29.8s | bitrate: 4950 kbps | tp: 15819 kbps | trace_bw: 104027 kbps
   t=20s | buffer: 31.6s | bitrate: 4950 kbps | tp: 10416 kbps | trace_bw: 110668 kbps
   t=31s | buffer: 33.4s | bitrate: 4950 kbps | tp: 8131 kbps | trace_bw: 126423 kbps
   t=41s | buffer: 31.2s | bitrate: 4950 kbps | tp: 6915 kbps | trace_bw: 99574 kbps
   t=51s | buffer: 32.9s | bitrate: 4950 kbps | tp: 6963 kbps | trace_bw: 116898 kbps
   t=61s | buffer: 30.7s | bitrate: 4950 kbps | tp: 6118 kbps | trace_bw: 100770 kbps
   t=72s | buffer: 32.5s | bitrate: 4950 kbps | tp: 5812 kbps | trace_bw: 101485 kbps
   t=82s | buffer: 30.3s | bitrate: 4950 kbps | tp: 5528 kbps | trace_bw: 103408 kbps
   t=92s | buffer: 32.1s | bitrate: 4950 kbps | tp: 5678 kbps | trace_bw: 110092 kbps
   t=102s | buffer: 29.9s | bitrate: 4950 kbps | tp: 5405 kbps | trace_bw: 101817 kbps
   t=112s | buffer: 31.7s | bitrate: 4950 kbps | tp: 5407 kbps | trace_bw: 114160 kbps

======================================================================
  BENCHMARK RESULTS (HLS / hls.js)
======================================================================

  [TIMING]
      Startup delay:     325 ms
      Playback time:     120.1 s

  [BITRATE]
      Average (selected):  4,800 kbps
      Average (effective): 4,795 kbps
      Min / Max:           440 / 4,950 kbps
      Median:              4,950 kbps
      Std deviation:       809.6 kbps
      Variance:            655,403.2
      25th/75th %ile:      4,950 / 4,950 kbps

  [SWITCHES]
      Total count:       1
      Up / Down:         1 / 0
      Avg magnitude:     4,510 kbps

  [REBUFFERING]
      Events:            1
      Total time:        128 ms
      Ratio:             0.1065%
      Frequency:         0.500 per minute
      Avg duration:      128 ms
      Max duration:      128 ms

  [THROUGHPUT]
      Average:           9,249 kbps
      Median:            6,222 kbps
      Min / Max:         5,267 / 82,584 kbps
      Std deviation:     9,819.8 kbps

  [AVAILABLE BW (trace)]
      Average:           106,392 kbps
      Min / Max:         92,968 / 126,423 kbps
      Utilisation:       5.8%

  [BUFFER]
      Average level:     31.5 s
      Min / Max:         0.0 / 33.7 s

  [UTILIZATION]
      Bandwidth:         4.6%

======================================================================

[SAVED] results/run_all_20260607_000000/hls_fcc_2023/benchmark_hls_fcc2023_067_unit870_tc_20260607_190030.json

──────────────────────────────────────────────────────────────────────
  [69/150] fcc2023_068_unit799342_tc.csv
──────────────────────────────────────────────────────────────────────
[TRACE] fcc2023_068_unit799342_tc.csv
[HLS-SHAPER] Triggering tc-trace via /startShaping API...
[HLS-SHAPER] tc-trace.py starting in container

======================================================================
  HLS Streaming QoE Benchmark (hls.js)
======================================================================
  Server: http://localhost:8080/hls.html?manifest=http://localhost:8080/hls/master.m3u8
======================================================================

[TRACE] Loaded 171 entries with bandwidth
[BROWSER] Launching headless Chromium...
[BROWSER] Waiting for playback to start...
   Startup delay: 1493ms

[PLAYBACK] Collecting metrics...
   t=10s | buffer: 21.8s | bitrate: 4950 kbps | tp: 11654 kbps | trace_bw: 74113 kbps
   t=20s | buffer: 31.6s | bitrate: 4950 kbps | tp: 10067 kbps | trace_bw: 79151 kbps
   t=31s | buffer: 29.4s | bitrate: 4950 kbps | tp: 7450 kbps | trace_bw: 86344 kbps
   t=41s | buffer: 31.2s | bitrate: 4950 kbps | tp: 6737 kbps | trace_bw: 82300 kbps
   t=51s | buffer: 33.0s | bitrate: 4950 kbps | tp: 6821 kbps | trace_bw: 86371 kbps
   t=61s | buffer: 30.8s | bitrate: 4950 kbps | tp: 5999 kbps | trace_bw: 97460 kbps
   t=72s | buffer: 28.5s | bitrate: 4950 kbps | tp: 5474 kbps | trace_bw: 22138 kbps
   t=82s | buffer: 30.3s | bitrate: 4950 kbps | tp: 5438 kbps | trace_bw: 8081 kbps
   t=92s | buffer: 28.1s | bitrate: 4950 kbps | tp: 5376 kbps | trace_bw: 8299 kbps
   t=102s | buffer: 29.9s | bitrate: 4950 kbps | tp: 5333 kbps | trace_bw: 20867 kbps
   t=112s | buffer: 31.7s | bitrate: 4950 kbps | tp: 5342 kbps | trace_bw: 17698 kbps

======================================================================
  BENCHMARK RESULTS (HLS / hls.js)
======================================================================

  [TIMING]
      Startup delay:     1,493 ms
      Playback time:     120.1 s

  [BITRATE]
      Average (selected):  4,745 kbps
      Average (effective): 4,717 kbps
      Min / Max:           440 / 4,950 kbps
      Median:              4,950 kbps
      Std deviation:       852.4 kbps
      Variance:            726,591.6
      25th/75th %ile:      4,950 / 4,950 kbps

  [SWITCHES]
      Total count:       2
      Up / Down:         2 / 0
      Avg magnitude:     2,255 kbps

  [REBUFFERING]
      Events:            1
      Total time:        709 ms
      Ratio:             0.5871%
      Frequency:         0.500 per minute
      Avg duration:      709 ms
      Max duration:      709 ms

  [THROUGHPUT]
      Average:           6,839 kbps
      Median:            5,999 kbps
      Min / Max:         10 / 13,152 kbps
      Std deviation:     2,067.0 kbps

  [AVAILABLE BW (trace)]
      Average:           59,329 kbps
      Min / Max:         8,081 / 155,746 kbps
      Utilisation:       10.1%

  [BUFFER]
      Average level:     28.8 s
      Min / Max:         0.0 / 33.0 s

  [UTILIZATION]
      Bandwidth:         6.5%

======================================================================

[SAVED] results/run_all_20260607_000000/hls_fcc_2023/benchmark_hls_fcc2023_068_unit799342_tc_20260607_190234.json

──────────────────────────────────────────────────────────────────────
  [70/150] fcc2023_069_unit7376_tc.csv
──────────────────────────────────────────────────────────────────────
[TRACE] fcc2023_069_unit7376_tc.csv
[HLS-SHAPER] Triggering tc-trace via /startShaping API...
[HLS-SHAPER] tc-trace.py starting in container

======================================================================
  HLS Streaming QoE Benchmark (hls.js)
======================================================================
  Server: http://localhost:8080/hls.html?manifest=http://localhost:8080/hls/master.m3u8
======================================================================

[TRACE] Loaded 297 entries with bandwidth
[BROWSER] Launching headless Chromium...
[BROWSER] Waiting for playback to start...
   Startup delay: 346ms

[PLAYBACK] Collecting metrics...
   t=10s | buffer: 29.8s | bitrate: 4950 kbps | tp: 15828 kbps | trace_bw: 99334 kbps
   t=20s | buffer: 31.6s | bitrate: 4950 kbps | tp: 10425 kbps | trace_bw: 101605 kbps
   t=31s | buffer: 33.4s | bitrate: 4950 kbps | tp: 8136 kbps | trace_bw: 91545 kbps
   t=41s | buffer: 31.2s | bitrate: 4950 kbps | tp: 6920 kbps | trace_bw: 98696 kbps
   t=51s | buffer: 33.0s | bitrate: 4950 kbps | tp: 6967 kbps | trace_bw: 94744 kbps
   t=61s | buffer: 30.7s | bitrate: 4950 kbps | tp: 6121 kbps | trace_bw: 105664 kbps
   t=72s | buffer: 32.5s | bitrate: 4950 kbps | tp: 5812 kbps | trace_bw: 101347 kbps
   t=82s | buffer: 30.3s | bitrate: 4950 kbps | tp: 5527 kbps | trace_bw: 233316 kbps
   t=92s | buffer: 32.1s | bitrate: 4950 kbps | tp: 5677 kbps | trace_bw: 96724 kbps
   t=102s | buffer: 29.9s | bitrate: 4950 kbps | tp: 5404 kbps | trace_bw: 94416 kbps
   t=112s | buffer: 31.7s | bitrate: 4950 kbps | tp: 5407 kbps | trace_bw: 91804 kbps

======================================================================
  BENCHMARK RESULTS (HLS / hls.js)
======================================================================

  [TIMING]
      Startup delay:     346 ms
      Playback time:     120.1 s

  [BITRATE]
      Average (selected):  4,800 kbps
      Average (effective): 4,793 kbps
      Min / Max:           440 / 4,950 kbps
      Median:              4,950 kbps
      Std deviation:       809.6 kbps
      Variance:            655,403.2
      25th/75th %ile:      4,950 / 4,950 kbps

  [SWITCHES]
      Total count:       1
      Up / Down:         1 / 0
      Avg magnitude:     4,510 kbps

  [REBUFFERING]
      Events:            1
      Total time:        178 ms
      Ratio:             0.1480%
      Frequency:         0.500 per minute
      Avg duration:      178 ms
      Max duration:      178 ms

  [THROUGHPUT]
      Average:           9,257 kbps
      Median:            6,224 kbps
      Min / Max:         5,268 / 82,588 kbps
      Std deviation:     9,811.5 kbps

  [AVAILABLE BW (trace)]
      Average:           135,977 kbps
      Min / Max:         83,731 / 254,049 kbps
      Utilisation:       4.6%

  [BUFFER]
      Average level:     31.6 s
      Min / Max:         0.0 / 33.8 s

  [UTILIZATION]
      Bandwidth:         4.7%

======================================================================

[SAVED] results/run_all_20260607_000000/hls_fcc_2023/benchmark_hls_fcc2023_069_unit7376_tc_20260607_190439.json

──────────────────────────────────────────────────────────────────────
  [71/150] fcc2023_070_unit10638_tc.csv
──────────────────────────────────────────────────────────────────────
[TRACE] fcc2023_070_unit10638_tc.csv
[HLS-SHAPER] Triggering tc-trace via /startShaping API...
[HLS-SHAPER] tc-trace.py starting in container

======================================================================
  HLS Streaming QoE Benchmark (hls.js)
======================================================================
  Server: http://localhost:8080/hls.html?manifest=http://localhost:8080/hls/master.m3u8
======================================================================

[TRACE] Loaded 226 entries with bandwidth
[BROWSER] Launching headless Chromium...
[BROWSER] Waiting for playback to start...
   Startup delay: 596ms

[PLAYBACK] Collecting metrics...
   t=10s | buffer: 29.8s | bitrate: 4950 kbps | tp: 15822 kbps | trace_bw: 110763 kbps
   t=20s | buffer: 31.6s | bitrate: 4950 kbps | tp: 10427 kbps | trace_bw: 105687 kbps
   t=31s | buffer: 33.4s | bitrate: 4950 kbps | tp: 8136 kbps | trace_bw: 122811 kbps
   t=41s | buffer: 31.2s | bitrate: 4950 kbps | tp: 6918 kbps | trace_bw: 97353 kbps
   t=51s | buffer: 32.9s | bitrate: 4950 kbps | tp: 6965 kbps | trace_bw: 104462 kbps
   t=61s | buffer: 30.7s | bitrate: 4950 kbps | tp: 6119 kbps | trace_bw: 143716 kbps
   t=72s | buffer: 32.5s | bitrate: 4950 kbps | tp: 5811 kbps | trace_bw: 104361 kbps
   t=82s | buffer: 30.3s | bitrate: 4950 kbps | tp: 5527 kbps | trace_bw: 96432 kbps
   t=92s | buffer: 32.1s | bitrate: 4950 kbps | tp: 5678 kbps | trace_bw: 181344 kbps
   t=102s | buffer: 29.9s | bitrate: 4950 kbps | tp: 5405 kbps | trace_bw: 109826 kbps
   t=112s | buffer: 31.7s | bitrate: 4950 kbps | tp: 5408 kbps | trace_bw: 120168 kbps

======================================================================
  BENCHMARK RESULTS (HLS / hls.js)
======================================================================

  [TIMING]
      Startup delay:     596 ms
      Playback time:     120.1 s

  [BITRATE]
      Average (selected):  4,800 kbps
      Average (effective): 4,789 kbps
      Min / Max:           440 / 4,950 kbps
      Median:              4,950 kbps
      Std deviation:       809.6 kbps
      Variance:            655,403.2
      25th/75th %ile:      4,950 / 4,950 kbps

  [SWITCHES]
      Total count:       1
      Up / Down:         1 / 0
      Avg magnitude:     4,510 kbps

  [REBUFFERING]
      Events:            1
      Total time:        269 ms
      Ratio:             0.2235%
      Frequency:         0.500 per minute
      Avg duration:      269 ms
      Max duration:      269 ms

  [THROUGHPUT]
      Average:           8,625 kbps
      Median:            6,223 kbps
      Min / Max:         5,268 / 40,689 kbps
      Std deviation:     6,512.1 kbps

  [AVAILABLE BW (trace)]
      Average:           117,786 kbps
      Min / Max:         96,393 / 181,344 kbps
      Utilisation:       5.3%

  [BUFFER]
      Average level:     31.0 s
      Min / Max:         0.0 / 33.6 s

  [UTILIZATION]
      Bandwidth:         4.3%

======================================================================

[SAVED] results/run_all_20260607_000000/hls_fcc_2023/benchmark_hls_fcc2023_070_unit10638_tc_20260607_190643.json

──────────────────────────────────────────────────────────────────────
  [72/150] fcc2023_071_unit6525_tc.csv
──────────────────────────────────────────────────────────────────────
[TRACE] fcc2023_071_unit6525_tc.csv
[HLS-SHAPER] Triggering tc-trace via /startShaping API...
[HLS-SHAPER] tc-trace.py starting in container

======================================================================
  HLS Streaming QoE Benchmark (hls.js)
======================================================================
  Server: http://localhost:8080/hls.html?manifest=http://localhost:8080/hls/master.m3u8
======================================================================

[TRACE] Loaded 295 entries with bandwidth
[BROWSER] Launching headless Chromium...
[BROWSER] Waiting for playback to start...
   Startup delay: 482ms

[PLAYBACK] Collecting metrics...
   t=10s | buffer: 29.8s | bitrate: 4950 kbps | tp: 15853 kbps | trace_bw: 114688 kbps
   t=20s | buffer: 31.6s | bitrate: 4950 kbps | tp: 10434 kbps | trace_bw: 115872 kbps
   t=31s | buffer: 33.4s | bitrate: 4950 kbps | tp: 8139 kbps | trace_bw: 109179 kbps
   t=41s | buffer: 31.2s | bitrate: 4950 kbps | tp: 6920 kbps | trace_bw: 115869 kbps
   t=51s | buffer: 33.0s | bitrate: 4950 kbps | tp: 6967 kbps | trace_bw: 114962 kbps
   t=61s | buffer: 30.7s | bitrate: 4950 kbps | tp: 6121 kbps | trace_bw: 114804 kbps
   t=72s | buffer: 32.5s | bitrate: 4950 kbps | tp: 5812 kbps | trace_bw: 117138 kbps
   t=82s | buffer: 30.3s | bitrate: 4950 kbps | tp: 5528 kbps | trace_bw: 106898 kbps
   t=92s | buffer: 32.1s | bitrate: 4950 kbps | tp: 5678 kbps | trace_bw: 113991 kbps
   t=102s | buffer: 29.9s | bitrate: 4950 kbps | tp: 5407 kbps | trace_bw: 114366 kbps
   t=112s | buffer: 31.7s | bitrate: 4950 kbps | tp: 5409 kbps | trace_bw: 117637 kbps

======================================================================
  BENCHMARK RESULTS (HLS / hls.js)
======================================================================

  [TIMING]
      Startup delay:     482 ms
      Playback time:     120.1 s

  [BITRATE]
      Average (selected):  4,800 kbps
      Average (effective): 4,792 kbps
      Min / Max:           440 / 4,950 kbps
      Median:              4,950 kbps
      Std deviation:       809.6 kbps
      Variance:            655,403.2
      25th/75th %ile:      4,950 / 4,950 kbps

  [SWITCHES]
      Total count:       1
      Up / Down:         1 / 0
      Avg magnitude:     4,510 kbps

  [REBUFFERING]
      Events:            1
      Total time:        198 ms
      Ratio:             0.1646%
      Frequency:         0.500 per minute
      Avg duration:      198 ms
      Max duration:      198 ms

  [THROUGHPUT]
      Average:           8,830 kbps
      Median:            6,224 kbps
      Min / Max:         5,269 / 52,640 kbps
      Std deviation:     7,470.0 kbps

  [AVAILABLE BW (trace)]
      Average:           112,610 kbps
      Min / Max:         87,613 / 119,035 kbps
      Utilisation:       5.5%

  [BUFFER]
      Average level:     31.2 s
      Min / Max:         0.0 / 33.7 s

  [UTILIZATION]
      Bandwidth:         4.2%

======================================================================

[SAVED] results/run_all_20260607_000000/hls_fcc_2023/benchmark_hls_fcc2023_071_unit6525_tc_20260607_190847.json

──────────────────────────────────────────────────────────────────────
  [73/150] fcc2023_072_unit24525633_tc.csv
──────────────────────────────────────────────────────────────────────
[TRACE] fcc2023_072_unit24525633_tc.csv
[HLS-SHAPER] Triggering tc-trace via /startShaping API...
[HLS-SHAPER] tc-trace.py starting in container

======================================================================
  HLS Streaming QoE Benchmark (hls.js)
======================================================================
  Server: http://localhost:8080/hls.html?manifest=http://localhost:8080/hls/master.m3u8
======================================================================

[TRACE] Loaded 289 entries with bandwidth
[BROWSER] Launching headless Chromium...
[BROWSER] Waiting for playback to start...
   Startup delay: 408ms

[PLAYBACK] Collecting metrics...
   t=10s | buffer: 29.8s | bitrate: 4950 kbps | tp: 15804 kbps | trace_bw: 111921 kbps
   t=20s | buffer: 31.6s | bitrate: 4950 kbps | tp: 10412 kbps | trace_bw: 113983 kbps
   t=31s | buffer: 33.4s | bitrate: 4950 kbps | tp: 8131 kbps | trace_bw: 115094 kbps
   t=41s | buffer: 31.2s | bitrate: 4950 kbps | tp: 6916 kbps | trace_bw: 114940 kbps
   t=51s | buffer: 32.9s | bitrate: 4950 kbps | tp: 6963 kbps | trace_bw: 115073 kbps
   t=61s | buffer: 30.7s | bitrate: 4950 kbps | tp: 6120 kbps | trace_bw: 114288 kbps
   t=72s | buffer: 32.5s | bitrate: 4950 kbps | tp: 5810 kbps | trace_bw: 115417 kbps
   t=82s | buffer: 30.3s | bitrate: 4950 kbps | tp: 5525 kbps | trace_bw: 109134 kbps
   t=92s | buffer: 32.0s | bitrate: 4950 kbps | tp: 5675 kbps | trace_bw: 97711 kbps
   t=102s | buffer: 29.8s | bitrate: 4950 kbps | tp: 5402 kbps | trace_bw: 111027 kbps
   t=112s | buffer: 31.6s | bitrate: 4950 kbps | tp: 5404 kbps | trace_bw: 115455 kbps

======================================================================
  BENCHMARK RESULTS (HLS / hls.js)
======================================================================

  [TIMING]
      Startup delay:     408 ms
      Playback time:     120.1 s

  [BITRATE]
      Average (selected):  4,800 kbps
      Average (effective): 4,793 kbps
      Min / Max:           440 / 4,950 kbps
      Median:              4,950 kbps
      Std deviation:       809.6 kbps
      Variance:            655,403.2
      25th/75th %ile:      4,950 / 4,950 kbps

  [SWITCHES]
      Total count:       1
      Up / Down:         1 / 0
      Avg magnitude:     4,510 kbps

  [REBUFFERING]
      Events:            1
      Total time:        169 ms
      Ratio:             0.1405%
      Frequency:         0.499 per minute
      Avg duration:      169 ms
      Max duration:      169 ms

  [THROUGHPUT]
      Average:           9,107 kbps
      Median:            6,224 kbps
      Min / Max:         5,265 / 67,131 kbps
      Std deviation:     8,903.2 kbps

  [AVAILABLE BW (trace)]
      Average:           111,105 kbps
      Min / Max:         95,348 / 115,728 kbps
      Utilisation:       5.6%

  [BUFFER]
      Average level:     31.4 s
      Min / Max:         0.0 / 33.8 s

  [UTILIZATION]
      Bandwidth:         4.2%

======================================================================

[SAVED] results/run_all_20260607_000000/hls_fcc_2023/benchmark_hls_fcc2023_072_unit24525633_tc_20260607_191051.json

──────────────────────────────────────────────────────────────────────
  [74/150] fcc2023_073_unit5871_tc.csv
──────────────────────────────────────────────────────────────────────
[TRACE] fcc2023_073_unit5871_tc.csv
[HLS-SHAPER] Triggering tc-trace via /startShaping API...
[HLS-SHAPER] tc-trace.py starting in container

======================================================================
  HLS Streaming QoE Benchmark (hls.js)
======================================================================
  Server: http://localhost:8080/hls.html?manifest=http://localhost:8080/hls/master.m3u8
======================================================================

[TRACE] Loaded 190 entries with bandwidth
[BROWSER] Launching headless Chromium...
[BROWSER] Waiting for playback to start...
   Startup delay: 740ms

[PLAYBACK] Collecting metrics...
   t=10s | buffer: 29.8s | bitrate: 4950 kbps | tp: 15823 kbps | trace_bw: 116932 kbps
   t=20s | buffer: 31.6s | bitrate: 4950 kbps | tp: 10424 kbps | trace_bw: 154687 kbps
   t=31s | buffer: 33.4s | bitrate: 4950 kbps | tp: 8137 kbps | trace_bw: 99678 kbps
   t=41s | buffer: 31.2s | bitrate: 4950 kbps | tp: 6919 kbps | trace_bw: 107605 kbps
   t=51s | buffer: 32.9s | bitrate: 4950 kbps | tp: 6965 kbps | trace_bw: 102763 kbps
   t=61s | buffer: 30.7s | bitrate: 4950 kbps | tp: 6118 kbps | trace_bw: 115618 kbps
   t=72s | buffer: 32.5s | bitrate: 4950 kbps | tp: 5812 kbps | trace_bw: 162569 kbps
   t=82s | buffer: 30.3s | bitrate: 4950 kbps | tp: 5527 kbps | trace_bw: 114496 kbps
   t=92s | buffer: 32.1s | bitrate: 4950 kbps | tp: 5677 kbps | trace_bw: 115041 kbps
   t=102s | buffer: 29.9s | bitrate: 4950 kbps | tp: 5404 kbps | trace_bw: 119744 kbps
   t=112s | buffer: 31.6s | bitrate: 4950 kbps | tp: 5406 kbps | trace_bw: 110272 kbps

======================================================================
  BENCHMARK RESULTS (HLS / hls.js)
======================================================================

  [TIMING]
      Startup delay:     740 ms
      Playback time:     120.1 s

  [BITRATE]
      Average (selected):  4,800 kbps
      Average (effective): 4,786 kbps
      Min / Max:           440 / 4,950 kbps
      Median:              4,950 kbps
      Std deviation:       807.9 kbps
      Variance:            652,777.1
      25th/75th %ile:      4,950 / 4,950 kbps

  [SWITCHES]
      Total count:       1
      Up / Down:         1 / 0
      Avg magnitude:     4,510 kbps

  [REBUFFERING]
      Events:            1
      Total time:        352 ms
      Ratio:             0.2922%
      Frequency:         0.499 per minute
      Avg duration:      352 ms
      Max duration:      352 ms

  [THROUGHPUT]
      Average:           8,442 kbps
      Median:            6,222 kbps
      Min / Max:         5,243 / 35,701 kbps
      Std deviation:     5,851.5 kbps

  [AVAILABLE BW (trace)]
      Average:           121,633 kbps
      Min / Max:         87,244 / 191,726 kbps
      Utilisation:       5.1%

  [BUFFER]
      Average level:     30.7 s
      Min / Max:         0.0 / 33.5 s

  [UTILIZATION]
      Bandwidth:         4.2%

======================================================================

[SAVED] results/run_all_20260607_000000/hls_fcc_2023/benchmark_hls_fcc2023_073_unit5871_tc_20260607_191255.json

──────────────────────────────────────────────────────────────────────
  [75/150] fcc2023_074_unit79301425_tc.csv
──────────────────────────────────────────────────────────────────────
[TRACE] fcc2023_074_unit79301425_tc.csv
[HLS-SHAPER] Triggering tc-trace via /startShaping API...
[HLS-SHAPER] tc-trace.py starting in container

======================================================================
  HLS Streaming QoE Benchmark (hls.js)
======================================================================
  Server: http://localhost:8080/hls.html?manifest=http://localhost:8080/hls/master.m3u8
======================================================================

[TRACE] Loaded 156 entries with bandwidth
[BROWSER] Launching headless Chromium...
[BROWSER] Waiting for playback to start...
   Startup delay: 490ms

[PLAYBACK] Collecting metrics...
   t=10s | buffer: 29.9s | bitrate: 4950 kbps | tp: 15846 kbps | trace_bw: 119010 kbps
   t=20s | buffer: 31.6s | bitrate: 4950 kbps | tp: 10432 kbps | trace_bw: 118882 kbps
   t=31s | buffer: 33.4s | bitrate: 4950 kbps | tp: 8135 kbps | trace_bw: 119049 kbps
   t=41s | buffer: 31.2s | bitrate: 4950 kbps | tp: 6919 kbps | trace_bw: 118872 kbps
   t=51s | buffer: 33.0s | bitrate: 4950 kbps | tp: 6964 kbps | trace_bw: 118858 kbps
   t=61s | buffer: 30.7s | bitrate: 4950 kbps | tp: 6118 kbps | trace_bw: 119050 kbps
   t=72s | buffer: 32.5s | bitrate: 4950 kbps | tp: 5811 kbps | trace_bw: 118860 kbps
   t=82s | buffer: 30.3s | bitrate: 4950 kbps | tp: 5527 kbps | trace_bw: 119192 kbps
   t=92s | buffer: 32.1s | bitrate: 4950 kbps | tp: 5677 kbps | trace_bw: 118928 kbps
   t=102s | buffer: 29.9s | bitrate: 4950 kbps | tp: 5404 kbps | trace_bw: 118903 kbps
   t=112s | buffer: 31.7s | bitrate: 4950 kbps | tp: 5407 kbps | trace_bw: 118908 kbps

======================================================================
  BENCHMARK RESULTS (HLS / hls.js)
======================================================================

  [TIMING]
      Startup delay:     490 ms
      Playback time:     120.1 s

  [BITRATE]
      Average (selected):  4,800 kbps
      Average (effective): 4,791 kbps
      Min / Max:           440 / 4,950 kbps
      Median:              4,950 kbps
      Std deviation:       809.6 kbps
      Variance:            655,403.2
      25th/75th %ile:      4,950 / 4,950 kbps

  [SWITCHES]
      Total count:       1
      Up / Down:         1 / 0
      Avg magnitude:     4,510 kbps

  [REBUFFERING]
      Events:            1
      Total time:        212 ms
      Ratio:             0.1762%
      Frequency:         0.500 per minute
      Avg duration:      212 ms
      Max duration:      212 ms

  [THROUGHPUT]
      Average:           8,809 kbps
      Median:            6,221 kbps
      Min / Max:         5,267 / 50,899 kbps
      Std deviation:     7,375.6 kbps

  [AVAILABLE BW (trace)]
      Average:           118,445 kbps
      Min / Max:         107,630 / 119,260 kbps
      Utilisation:       5.3%

  [BUFFER]
      Average level:     31.2 s
      Min / Max:         0.0 / 33.6 s

  [UTILIZATION]
      Bandwidth:         4.0%

======================================================================

[SAVED] results/run_all_20260607_000000/hls_fcc_2023/benchmark_hls_fcc2023_074_unit79301425_tc_20260607_191459.json

──────────────────────────────────────────────────────────────────────
  [76/150] fcc2023_075_unit7482_tc.csv
──────────────────────────────────────────────────────────────────────
[TRACE] fcc2023_075_unit7482_tc.csv
[HLS-SHAPER] Triggering tc-trace via /startShaping API...
[HLS-SHAPER] tc-trace.py starting in container

======================================================================
  HLS Streaming QoE Benchmark (hls.js)
======================================================================
  Server: http://localhost:8080/hls.html?manifest=http://localhost:8080/hls/master.m3u8
======================================================================

[TRACE] Loaded 269 entries with bandwidth
[BROWSER] Launching headless Chromium...
[BROWSER] Waiting for playback to start...
   Startup delay: 674ms

[PLAYBACK] Collecting metrics...
   t=10s | buffer: 29.8s | bitrate: 4950 kbps | tp: 15839 kbps | trace_bw: 116393 kbps
   t=20s | buffer: 31.6s | bitrate: 4950 kbps | tp: 10427 kbps | trace_bw: 119433 kbps
   t=31s | buffer: 33.4s | bitrate: 4950 kbps | tp: 8135 kbps | trace_bw: 117661 kbps
   t=41s | buffer: 31.2s | bitrate: 4950 kbps | tp: 6918 kbps | trace_bw: 189451 kbps
   t=51s | buffer: 33.0s | bitrate: 4950 kbps | tp: 6967 kbps | trace_bw: 117124 kbps
   t=61s | buffer: 30.7s | bitrate: 4950 kbps | tp: 6121 kbps | trace_bw: 115205 kbps
   t=72s | buffer: 32.5s | bitrate: 4950 kbps | tp: 5813 kbps | trace_bw: 119857 kbps
   t=82s | buffer: 30.3s | bitrate: 4950 kbps | tp: 5530 kbps | trace_bw: 190596 kbps
   t=92s | buffer: 32.1s | bitrate: 4950 kbps | tp: 5679 kbps | trace_bw: 114335 kbps
   t=102s | buffer: 29.9s | bitrate: 4950 kbps | tp: 5405 kbps | trace_bw: 118253 kbps
   t=112s | buffer: 31.7s | bitrate: 4950 kbps | tp: 5408 kbps | trace_bw: 120945 kbps

======================================================================
  BENCHMARK RESULTS (HLS / hls.js)
======================================================================

  [TIMING]
      Startup delay:     674 ms
      Playback time:     120.1 s

  [BITRATE]
      Average (selected):  4,800 kbps
      Average (effective): 4,787 kbps
      Min / Max:           440 / 4,950 kbps
      Median:              4,950 kbps
      Std deviation:       809.6 kbps
      Variance:            655,403.2
      25th/75th %ile:      4,950 / 4,950 kbps

  [SWITCHES]
      Total count:       1
      Up / Down:         1 / 0
      Avg magnitude:     4,510 kbps

  [REBUFFERING]
      Events:            1
      Total time:        308 ms
      Ratio:             0.2558%
      Frequency:         0.500 per minute
      Avg duration:      308 ms
      Max duration:      308 ms

  [THROUGHPUT]
      Average:           8,530 kbps
      Median:            6,224 kbps
      Min / Max:         5,268 / 36,780 kbps
      Std deviation:     6,086.6 kbps

  [AVAILABLE BW (trace)]
      Average:           138,295 kbps
      Min / Max:         113,912 / 190,596 kbps
      Utilisation:       4.5%

  [BUFFER]
      Average level:     31.0 s
      Min / Max:         0.0 / 33.6 s

  [UTILIZATION]
      Bandwidth:         4.0%

======================================================================

[SAVED] results/run_all_20260607_000000/hls_fcc_2023/benchmark_hls_fcc2023_075_unit7482_tc_20260607_191703.json

──────────────────────────────────────────────────────────────────────
  [77/150] fcc2023_076_unit26437529_tc.csv
──────────────────────────────────────────────────────────────────────
[TRACE] fcc2023_076_unit26437529_tc.csv
[HLS-SHAPER] Triggering tc-trace via /startShaping API...
[HLS-SHAPER] tc-trace.py starting in container

======================================================================
  HLS Streaming QoE Benchmark (hls.js)
======================================================================
  Server: http://localhost:8080/hls.html?manifest=http://localhost:8080/hls/master.m3u8
======================================================================

[TRACE] Loaded 200 entries with bandwidth
[BROWSER] Launching headless Chromium...
[BROWSER] Waiting for playback to start...
   Startup delay: 749ms

[PLAYBACK] Collecting metrics...
   t=10s | buffer: 29.8s | bitrate: 4950 kbps | tp: 15847 kbps | trace_bw: 133299 kbps
   t=20s | buffer: 31.6s | bitrate: 4950 kbps | tp: 10415 kbps | trace_bw: 133306 kbps
   t=31s | buffer: 33.4s | bitrate: 4950 kbps | tp: 8131 kbps | trace_bw: 132511 kbps
   t=41s | buffer: 31.1s | bitrate: 4950 kbps | tp: 6916 kbps | trace_bw: 132913 kbps
   t=51s | buffer: 32.9s | bitrate: 4950 kbps | tp: 6965 kbps | trace_bw: 133264 kbps
   t=61s | buffer: 30.7s | bitrate: 4950 kbps | tp: 6120 kbps | trace_bw: 133189 kbps
   t=72s | buffer: 32.5s | bitrate: 4950 kbps | tp: 5813 kbps | trace_bw: 133023 kbps
   t=82s | buffer: 30.3s | bitrate: 4950 kbps | tp: 5529 kbps | trace_bw: 133278 kbps
   t=92s | buffer: 32.1s | bitrate: 4950 kbps | tp: 5680 kbps | trace_bw: 133292 kbps
   t=102s | buffer: 29.9s | bitrate: 4950 kbps | tp: 5407 kbps | trace_bw: 133256 kbps
   t=112s | buffer: 31.7s | bitrate: 4950 kbps | tp: 5409 kbps | trace_bw: 133123 kbps

======================================================================
  BENCHMARK RESULTS (HLS / hls.js)
======================================================================

  [TIMING]
      Startup delay:     749 ms
      Playback time:     120.1 s

  [BITRATE]
      Average (selected):  4,800 kbps
      Average (effective): 4,786 kbps
      Min / Max:           440 / 4,950 kbps
      Median:              4,950 kbps
      Std deviation:       809.6 kbps
      Variance:            655,403.2
      25th/75th %ile:      4,950 / 4,950 kbps

  [SWITCHES]
      Total count:       1
      Up / Down:         1 / 0
      Avg magnitude:     4,510 kbps

  [REBUFFERING]
      Events:            1
      Total time:        346 ms
      Ratio:             0.2874%
      Frequency:         0.500 per minute
      Avg duration:      346 ms
      Max duration:      346 ms

  [THROUGHPUT]
      Average:           8,074 kbps
      Median:            6,224 kbps
      Min / Max:         5,247 / 30,689 kbps
      Std deviation:     4,567.4 kbps

  [AVAILABLE BW (trace)]
      Average:           132,761 kbps
      Min / Max:         128,920 / 133,309 kbps
      Utilisation:       4.7%

  [BUFFER]
      Average level:     30.5 s
      Min / Max:         0.0 / 33.5 s

  [UTILIZATION]
      Bandwidth:         3.6%

======================================================================

[SAVED] results/run_all_20260607_000000/hls_fcc_2023/benchmark_hls_fcc2023_076_unit26437529_tc_20260607_191908.json

──────────────────────────────────────────────────────────────────────
  [78/150] fcc2023_077_unit7778_tc.csv
──────────────────────────────────────────────────────────────────────
[TRACE] fcc2023_077_unit7778_tc.csv
[HLS-SHAPER] Triggering tc-trace via /startShaping API...
[HLS-SHAPER] tc-trace.py starting in container

======================================================================
  HLS Streaming QoE Benchmark (hls.js)
======================================================================
  Server: http://localhost:8080/hls.html?manifest=http://localhost:8080/hls/master.m3u8
======================================================================

[TRACE] Loaded 287 entries with bandwidth
[BROWSER] Launching headless Chromium...
[BROWSER] Waiting for playback to start...
   Startup delay: 392ms

[PLAYBACK] Collecting metrics...
   t=10s | buffer: 29.8s | bitrate: 4950 kbps | tp: 15841 kbps | trace_bw: 184083 kbps
   t=20s | buffer: 31.6s | bitrate: 4950 kbps | tp: 10434 kbps | trace_bw: 107355 kbps
   t=31s | buffer: 33.4s | bitrate: 4950 kbps | tp: 8139 kbps | trace_bw: 89530 kbps
   t=41s | buffer: 31.2s | bitrate: 4950 kbps | tp: 6924 kbps | trace_bw: 182197 kbps
   t=51s | buffer: 33.0s | bitrate: 4950 kbps | tp: 6969 kbps | trace_bw: 120008 kbps
   t=61s | buffer: 30.8s | bitrate: 4950 kbps | tp: 6122 kbps | trace_bw: 174737 kbps
   t=72s | buffer: 32.6s | bitrate: 4950 kbps | tp: 5814 kbps | trace_bw: 153975 kbps
   t=82s | buffer: 30.3s | bitrate: 4950 kbps | tp: 5529 kbps | trace_bw: 179633 kbps
   t=92s | buffer: 32.1s | bitrate: 4950 kbps | tp: 5678 kbps | trace_bw: 185763 kbps
   t=102s | buffer: 29.9s | bitrate: 4950 kbps | tp: 5405 kbps | trace_bw: 156923 kbps
   t=112s | buffer: 31.7s | bitrate: 4950 kbps | tp: 5407 kbps | trace_bw: 180600 kbps

======================================================================
  BENCHMARK RESULTS (HLS / hls.js)
======================================================================

  [TIMING]
      Startup delay:     392 ms
      Playback time:     120.1 s

  [BITRATE]
      Average (selected):  4,800 kbps
      Average (effective): 4,793 kbps
      Min / Max:           440 / 4,950 kbps
      Median:              4,950 kbps
      Std deviation:       809.6 kbps
      Variance:            655,403.2
      25th/75th %ile:      4,950 / 4,950 kbps

  [SWITCHES]
      Total count:       1
      Up / Down:         1 / 0
      Avg magnitude:     4,510 kbps

  [REBUFFERING]
      Events:            1
      Total time:        167 ms
      Ratio:             0.1389%
      Frequency:         0.500 per minute
      Avg duration:      167 ms
      Max duration:      167 ms

  [THROUGHPUT]
      Average:           9,253 kbps
      Median:            6,225 kbps
      Min / Max:         5,268 / 82,495 kbps
      Std deviation:     9,813.7 kbps

  [AVAILABLE BW (trace)]
      Average:           144,284 kbps
      Min / Max:         85,502 / 207,098 kbps
      Utilisation:       4.3%

  [BUFFER]
      Average level:     31.5 s
      Min / Max:         0.0 / 33.8 s

  [UTILIZATION]
      Bandwidth:         3.1%

======================================================================

[SAVED] results/run_all_20260607_000000/hls_fcc_2023/benchmark_hls_fcc2023_077_unit7778_tc_20260607_192112.json

──────────────────────────────────────────────────────────────────────
  [79/150] fcc2023_078_unit9316_tc.csv
──────────────────────────────────────────────────────────────────────
[TRACE] fcc2023_078_unit9316_tc.csv
[HLS-SHAPER] Triggering tc-trace via /startShaping API...
[HLS-SHAPER] tc-trace.py starting in container

======================================================================
  HLS Streaming QoE Benchmark (hls.js)
======================================================================
  Server: http://localhost:8080/hls.html?manifest=http://localhost:8080/hls/master.m3u8
======================================================================

[TRACE] Loaded 303 entries with bandwidth
[BROWSER] Launching headless Chromium...
[BROWSER] Waiting for playback to start...
   Startup delay: 566ms

[PLAYBACK] Collecting metrics...
   t=10s | buffer: 29.8s | bitrate: 4950 kbps | tp: 15835 kbps | trace_bw: 153483 kbps
   t=20s | buffer: 31.6s | bitrate: 4950 kbps | tp: 10433 kbps | trace_bw: 140305 kbps
   t=31s | buffer: 33.4s | bitrate: 4950 kbps | tp: 8138 kbps | trace_bw: 162270 kbps
   t=41s | buffer: 31.2s | bitrate: 4950 kbps | tp: 6921 kbps | trace_bw: 151091 kbps
   t=51s | buffer: 33.0s | bitrate: 4950 kbps | tp: 6968 kbps | trace_bw: 150648 kbps
   t=61s | buffer: 30.8s | bitrate: 4950 kbps | tp: 6121 kbps | trace_bw: 149441 kbps
   t=72s | buffer: 32.5s | bitrate: 4950 kbps | tp: 5813 kbps | trace_bw: 135388 kbps
   t=82s | buffer: 30.3s | bitrate: 4950 kbps | tp: 5529 kbps | trace_bw: 175143 kbps
   t=92s | buffer: 32.1s | bitrate: 4950 kbps | tp: 5678 kbps | trace_bw: 153796 kbps
   t=102s | buffer: 29.9s | bitrate: 4950 kbps | tp: 5405 kbps | trace_bw: 146692 kbps
   t=112s | buffer: 31.7s | bitrate: 4950 kbps | tp: 5408 kbps | trace_bw: 150929 kbps

======================================================================
  BENCHMARK RESULTS (HLS / hls.js)
======================================================================

  [TIMING]
      Startup delay:     566 ms
      Playback time:     120.1 s

  [BITRATE]
      Average (selected):  4,800 kbps
      Average (effective): 4,789 kbps
      Min / Max:           440 / 4,950 kbps
      Median:              4,950 kbps
      Std deviation:       809.6 kbps
      Variance:            655,403.2
      25th/75th %ile:      4,950 / 4,950 kbps

  [SWITCHES]
      Total count:       1
      Up / Down:         1 / 0
      Avg magnitude:     4,510 kbps

  [REBUFFERING]
      Events:            1
      Total time:        264 ms
      Ratio:             0.2194%
      Frequency:         0.500 per minute
      Avg duration:      264 ms
      Max duration:      264 ms

  [THROUGHPUT]
      Average:           8,035 kbps
      Median:            6,225 kbps
      Min / Max:         5,246 / 36,835 kbps
      Std deviation:     4,441.2 kbps

  [AVAILABLE BW (trace)]
      Average:           151,706 kbps
      Min / Max:         135,388 / 175,143 kbps
      Utilisation:       4.1%

  [BUFFER]
      Average level:     30.7 s
      Min / Max:         0.0 / 33.6 s

  [UTILIZATION]
      Bandwidth:         3.2%

======================================================================

[SAVED] results/run_all_20260607_000000/hls_fcc_2023/benchmark_hls_fcc2023_078_unit9316_tc_20260607_192316.json

──────────────────────────────────────────────────────────────────────
  [80/150] fcc2023_079_unit863_tc.csv
──────────────────────────────────────────────────────────────────────
[TRACE] fcc2023_079_unit863_tc.csv
[HLS-SHAPER] Triggering tc-trace via /startShaping API...
[HLS-SHAPER] tc-trace.py starting in container

======================================================================
  HLS Streaming QoE Benchmark (hls.js)
======================================================================
  Server: http://localhost:8080/hls.html?manifest=http://localhost:8080/hls/master.m3u8
======================================================================

[TRACE] Loaded 224 entries with bandwidth
[BROWSER] Launching headless Chromium...
[BROWSER] Waiting for playback to start...
   Startup delay: 565ms

[PLAYBACK] Collecting metrics...
   t=10s | buffer: 29.8s | bitrate: 4950 kbps | tp: 15827 kbps | trace_bw: 177025 kbps
   t=20s | buffer: 31.6s | bitrate: 4950 kbps | tp: 10415 kbps | trace_bw: 163802 kbps
   t=31s | buffer: 33.3s | bitrate: 4950 kbps | tp: 8123 kbps | trace_bw: 162653 kbps
   t=41s | buffer: 31.1s | bitrate: 4950 kbps | tp: 6906 kbps | trace_bw: 163521 kbps
   t=51s | buffer: 32.8s | bitrate: 4950 kbps | tp: 6951 kbps | trace_bw: 176520 kbps
   t=61s | buffer: 30.6s | bitrate: 4950 kbps | tp: 6106 kbps | trace_bw: 163042 kbps
   t=72s | buffer: 32.4s | bitrate: 4950 kbps | tp: 5799 kbps | trace_bw: 173498 kbps
   t=82s | buffer: 30.1s | bitrate: 4950 kbps | tp: 5517 kbps | trace_bw: 113255 kbps
   t=92s | buffer: 31.9s | bitrate: 4950 kbps | tp: 5667 kbps | trace_bw: 175353 kbps
   t=102s | buffer: 29.7s | bitrate: 4950 kbps | tp: 5396 kbps | trace_bw: 135130 kbps
   t=113s | buffer: 31.5s | bitrate: 4950 kbps | tp: 5399 kbps | trace_bw: 171855 kbps

======================================================================
  BENCHMARK RESULTS (HLS / hls.js)
======================================================================

  [TIMING]
      Startup delay:     565 ms
      Playback time:     120.3 s

  [BITRATE]
      Average (selected):  4,800 kbps
      Average (effective): 4,790 kbps
      Min / Max:           440 / 4,950 kbps
      Median:              4,950 kbps
      Std deviation:       807.9 kbps
      Variance:            652,777.1
      25th/75th %ile:      4,950 / 4,950 kbps

  [SWITCHES]
      Total count:       1
      Up / Down:         1 / 0
      Avg magnitude:     4,510 kbps

  [REBUFFERING]
      Events:            1
      Total time:        255 ms
      Ratio:             0.2116%
      Frequency:         0.499 per minute
      Avg duration:      255 ms
      Max duration:      255 ms

  [THROUGHPUT]
      Average:           8,657 kbps
      Median:            6,209 kbps
      Min / Max:         5,260 / 41,323 kbps
      Std deviation:     6,652.5 kbps

  [AVAILABLE BW (trace)]
      Average:           158,313 kbps
      Min / Max:         113,255 / 191,044 kbps
      Utilisation:       3.9%

  [BUFFER]
      Average level:     31.1 s
      Min / Max:         0.0 / 33.7 s

  [UTILIZATION]
      Bandwidth:         3.0%

======================================================================

[SAVED] results/run_all_20260607_000000/hls_fcc_2023/benchmark_hls_fcc2023_079_unit863_tc_20260607_192520.json

──────────────────────────────────────────────────────────────────────
  [81/150] fcc2023_080_unit925818_tc.csv
──────────────────────────────────────────────────────────────────────
[TRACE] fcc2023_080_unit925818_tc.csv
[HLS-SHAPER] Triggering tc-trace via /startShaping API...
[HLS-SHAPER] tc-trace.py starting in container

======================================================================
  HLS Streaming QoE Benchmark (hls.js)
======================================================================
  Server: http://localhost:8080/hls.html?manifest=http://localhost:8080/hls/master.m3u8
======================================================================

[TRACE] Loaded 230 entries with bandwidth
[BROWSER] Launching headless Chromium...
[BROWSER] Waiting for playback to start...
   Startup delay: 548ms

[PLAYBACK] Collecting metrics...
   t=10s | buffer: 29.8s | bitrate: 4950 kbps | tp: 15818 kbps | trace_bw: 172152 kbps
   t=20s | buffer: 31.6s | bitrate: 4950 kbps | tp: 10418 kbps | trace_bw: 171594 kbps
   t=31s | buffer: 33.4s | bitrate: 4950 kbps | tp: 8130 kbps | trace_bw: 161303 kbps
   t=41s | buffer: 31.1s | bitrate: 4950 kbps | tp: 6915 kbps | trace_bw: 160116 kbps
   t=51s | buffer: 32.9s | bitrate: 4950 kbps | tp: 6963 kbps | trace_bw: 193688 kbps
   t=61s | buffer: 30.7s | bitrate: 4950 kbps | tp: 6117 kbps | trace_bw: 173299 kbps
   t=72s | buffer: 32.5s | bitrate: 4950 kbps | tp: 5809 kbps | trace_bw: 164314 kbps
   t=82s | buffer: 30.3s | bitrate: 4950 kbps | tp: 5524 kbps | trace_bw: 166784 kbps
   t=92s | buffer: 32.0s | bitrate: 4950 kbps | tp: 5674 kbps | trace_bw: 156801 kbps
   t=102s | buffer: 29.8s | bitrate: 4950 kbps | tp: 5401 kbps | trace_bw: 166959 kbps
   t=112s | buffer: 31.6s | bitrate: 4950 kbps | tp: 5404 kbps | trace_bw: 182376 kbps

======================================================================
  BENCHMARK RESULTS (HLS / hls.js)
======================================================================

  [TIMING]
      Startup delay:     548 ms
      Playback time:     120.2 s

  [BITRATE]
      Average (selected):  4,800 kbps
      Average (effective): 4,790 kbps
      Min / Max:           440 / 4,950 kbps
      Median:              4,950 kbps
      Std deviation:       809.6 kbps
      Variance:            655,403.2
      25th/75th %ile:      4,950 / 4,950 kbps

  [SWITCHES]
      Total count:       1
      Up / Down:         1 / 0
      Avg magnitude:     4,510 kbps

  [REBUFFERING]
      Events:            1
      Total time:        239 ms
      Ratio:             0.1985%
      Frequency:         0.499 per minute
      Avg duration:      239 ms
      Max duration:      239 ms

  [THROUGHPUT]
      Average:           8,743 kbps
      Median:            6,221 kbps
      Min / Max:         5,241 / 49,451 kbps
      Std deviation:     7,077.1 kbps

  [AVAILABLE BW (trace)]
      Average:           168,580 kbps
      Min / Max:         62,312 / 220,859 kbps
      Utilisation:       3.7%

  [BUFFER]
      Average level:     31.1 s
      Min / Max:         0.0 / 33.7 s

  [UTILIZATION]
      Bandwidth:         2.8%

======================================================================

[SAVED] results/run_all_20260607_000000/hls_fcc_2023/benchmark_hls_fcc2023_080_unit925818_tc_20260607_192724.json

──────────────────────────────────────────────────────────────────────
  [82/150] fcc2023_081_unit26524_tc.csv
──────────────────────────────────────────────────────────────────────
[TRACE] fcc2023_081_unit26524_tc.csv
[HLS-SHAPER] Triggering tc-trace via /startShaping API...
[HLS-SHAPER] tc-trace.py starting in container

======================================================================
  HLS Streaming QoE Benchmark (hls.js)
======================================================================
  Server: http://localhost:8080/hls.html?manifest=http://localhost:8080/hls/master.m3u8
======================================================================

[TRACE] Loaded 247 entries with bandwidth
[BROWSER] Launching headless Chromium...
[BROWSER] Waiting for playback to start...
   Startup delay: 922ms

[PLAYBACK] Collecting metrics...
   t=10s | buffer: 29.8s | bitrate: 4950 kbps | tp: 15835 kbps | trace_bw: 65520 kbps
   t=20s | buffer: 31.6s | bitrate: 4950 kbps | tp: 10437 kbps | trace_bw: 70584 kbps
   t=31s | buffer: 33.4s | bitrate: 4950 kbps | tp: 8145 kbps | trace_bw: 172754 kbps
   t=41s | buffer: 31.2s | bitrate: 4950 kbps | tp: 6925 kbps | trace_bw: 165878 kbps
   t=51s | buffer: 33.0s | bitrate: 4950 kbps | tp: 6972 kbps | trace_bw: 177869 kbps
   t=61s | buffer: 30.8s | bitrate: 4950 kbps | tp: 6124 kbps | trace_bw: 173116 kbps
   t=72s | buffer: 32.6s | bitrate: 4950 kbps | tp: 5815 kbps | trace_bw: 176733 kbps
   t=82s | buffer: 30.3s | bitrate: 4950 kbps | tp: 5531 kbps | trace_bw: 178148 kbps
   t=92s | buffer: 32.1s | bitrate: 4950 kbps | tp: 5680 kbps | trace_bw: 181384 kbps
   t=102s | buffer: 29.9s | bitrate: 4950 kbps | tp: 5405 kbps | trace_bw: 176971 kbps
   t=112s | buffer: 31.7s | bitrate: 4950 kbps | tp: 5408 kbps | trace_bw: 174548 kbps

======================================================================
  BENCHMARK RESULTS (HLS / hls.js)
======================================================================

  [TIMING]
      Startup delay:     922 ms
      Playback time:     120.1 s

  [BITRATE]
      Average (selected):  4,782 kbps
      Average (effective): 4,766 kbps
      Min / Max:           440 / 4,950 kbps
      Median:              4,950 kbps
      Std deviation:       855.1 kbps
      Variance:            731,222.4
      25th/75th %ile:      4,950 / 4,950 kbps

  [SWITCHES]
      Total count:       1
      Up / Down:         1 / 0
      Avg magnitude:     4,510 kbps

  [REBUFFERING]
      Events:            1
      Total time:        396 ms
      Ratio:             0.3287%
      Frequency:         0.500 per minute
      Avg duration:      396 ms
      Max duration:      396 ms

  [THROUGHPUT]
      Average:           7,588 kbps
      Median:            6,176 kbps
      Min / Max:         10 / 19,791 kbps
      Std deviation:     3,269.7 kbps

  [AVAILABLE BW (trace)]
      Average:           148,835 kbps
      Min / Max:         61,894 / 181,384 kbps
      Utilisation:       4.1%

  [BUFFER]
      Average level:     30.2 s
      Min / Max:         0.0 / 33.5 s

  [UTILIZATION]
      Bandwidth:         2.7%

======================================================================

[SAVED] results/run_all_20260607_000000/hls_fcc_2023/benchmark_hls_fcc2023_081_unit26524_tc_20260607_192928.json

──────────────────────────────────────────────────────────────────────
  [83/150] fcc2023_082_unit40417261_tc.csv
──────────────────────────────────────────────────────────────────────
[TRACE] fcc2023_082_unit40417261_tc.csv
[HLS-SHAPER] Triggering tc-trace via /startShaping API...
[HLS-SHAPER] tc-trace.py starting in container

======================================================================
  HLS Streaming QoE Benchmark (hls.js)
======================================================================
  Server: http://localhost:8080/hls.html?manifest=http://localhost:8080/hls/master.m3u8
======================================================================

[TRACE] Loaded 302 entries with bandwidth
[BROWSER] Launching headless Chromium...
[BROWSER] Waiting for playback to start...
   Startup delay: 510ms

[PLAYBACK] Collecting metrics...
   t=10s | buffer: 29.8s | bitrate: 4950 kbps | tp: 15807 kbps | trace_bw: 236093 kbps
   t=20s | buffer: 31.6s | bitrate: 4950 kbps | tp: 10412 kbps | trace_bw: 235466 kbps
   t=31s | buffer: 33.3s | bitrate: 4950 kbps | tp: 8126 kbps | trace_bw: 235968 kbps
   t=41s | buffer: 31.1s | bitrate: 4950 kbps | tp: 6908 kbps | trace_bw: 235832 kbps
   t=51s | buffer: 32.9s | bitrate: 4950 kbps | tp: 6954 kbps | trace_bw: 231041 kbps
   t=61s | buffer: 30.6s | bitrate: 4950 kbps | tp: 6109 kbps | trace_bw: 233946 kbps
   t=72s | buffer: 32.4s | bitrate: 4950 kbps | tp: 5801 kbps | trace_bw: 235459 kbps
   t=82s | buffer: 30.1s | bitrate: 4950 kbps | tp: 5516 kbps | trace_bw: 236717 kbps
   t=92s | buffer: 31.9s | bitrate: 4950 kbps | tp: 5666 kbps | trace_bw: 236799 kbps
   t=102s | buffer: 29.6s | bitrate: 4950 kbps | tp: 5563 kbps | trace_bw: 235459 kbps
   t=113s | buffer: 31.4s | bitrate: 4950 kbps | tp: 5395 kbps | trace_bw: 236845 kbps

======================================================================
  BENCHMARK RESULTS (HLS / hls.js)
======================================================================

  [TIMING]
      Startup delay:     510 ms
      Playback time:     120.4 s

  [BITRATE]
      Average (selected):  4,800 kbps
      Average (effective): 4,792 kbps
      Min / Max:           440 / 4,950 kbps
      Median:              4,950 kbps
      Std deviation:       807.9 kbps
      Variance:            652,777.1
      25th/75th %ile:      4,950 / 4,950 kbps

  [SWITCHES]
      Total count:       1
      Up / Down:         1 / 0
      Avg magnitude:     4,510 kbps

  [REBUFFERING]
      Events:            1
      Total time:        215 ms
      Ratio:             0.1783%
      Frequency:         0.498 per minute
      Avg duration:      215 ms
      Max duration:      215 ms

  [THROUGHPUT]
      Average:           8,793 kbps
      Median:            6,212 kbps
      Min / Max:         5,256 / 52,594 kbps
      Std deviation:     7,317.8 kbps

  [AVAILABLE BW (trace)]
      Average:           235,896 kbps
      Min / Max:         227,769 / 239,050 kbps
      Utilisation:       2.6%

  [BUFFER]
      Average level:     31.1 s
      Min / Max:         0.0 / 33.5 s

  [UTILIZATION]
      Bandwidth:         2.0%

======================================================================

[SAVED] results/run_all_20260607_000000/hls_fcc_2023/benchmark_hls_fcc2023_082_unit40417261_tc_20260607_193133.json

──────────────────────────────────────────────────────────────────────
  [84/150] fcc2023_083_unit901870_tc.csv
──────────────────────────────────────────────────────────────────────
[TRACE] fcc2023_083_unit901870_tc.csv
[HLS-SHAPER] Triggering tc-trace via /startShaping API...
[HLS-SHAPER] tc-trace.py starting in container

======================================================================
  HLS Streaming QoE Benchmark (hls.js)
======================================================================
  Server: http://localhost:8080/hls.html?manifest=http://localhost:8080/hls/master.m3u8
======================================================================

[TRACE] Loaded 267 entries with bandwidth
[BROWSER] Launching headless Chromium...
[BROWSER] Waiting for playback to start...
   Startup delay: 860ms

[PLAYBACK] Collecting metrics...
   t=10s | buffer: 29.8s | bitrate: 4950 kbps | tp: 15812 kbps | trace_bw: 191447 kbps
   t=20s | buffer: 31.6s | bitrate: 4950 kbps | tp: 10421 kbps | trace_bw: 181859 kbps
   t=31s | buffer: 33.4s | bitrate: 4950 kbps | tp: 8135 kbps | trace_bw: 97775 kbps
   t=41s | buffer: 31.2s | bitrate: 4950 kbps | tp: 6917 kbps | trace_bw: 80268 kbps
   t=51s | buffer: 32.9s | bitrate: 4950 kbps | tp: 6964 kbps | trace_bw: 183886 kbps
   t=61s | buffer: 30.7s | bitrate: 4950 kbps | tp: 6117 kbps | trace_bw: 99518 kbps
   t=72s | buffer: 32.5s | bitrate: 4950 kbps | tp: 5810 kbps | trace_bw: 68026 kbps
   t=82s | buffer: 30.3s | bitrate: 4950 kbps | tp: 5526 kbps | trace_bw: 181152 kbps
   t=92s | buffer: 32.1s | bitrate: 4950 kbps | tp: 5676 kbps | trace_bw: 182789 kbps
   t=102s | buffer: 29.9s | bitrate: 4950 kbps | tp: 5404 kbps | trace_bw: 107697 kbps
   t=112s | buffer: 31.6s | bitrate: 4950 kbps | tp: 5406 kbps | trace_bw: 186503 kbps

======================================================================
  BENCHMARK RESULTS (HLS / hls.js)
======================================================================

  [TIMING]
      Startup delay:     860 ms
      Playback time:     120.1 s

  [BITRATE]
      Average (selected):  4,800 kbps
      Average (effective): 4,785 kbps
      Min / Max:           440 / 4,950 kbps
      Median:              4,950 kbps
      Std deviation:       807.9 kbps
      Variance:            652,777.1
      25th/75th %ile:      4,950 / 4,950 kbps

  [SWITCHES]
      Total count:       1
      Up / Down:         1 / 0
      Avg magnitude:     4,510 kbps

  [REBUFFERING]
      Events:            1
      Total time:        395 ms
      Ratio:             0.3278%
      Frequency:         0.500 per minute
      Avg duration:      395 ms
      Max duration:      395 ms

  [THROUGHPUT]
      Average:           7,979 kbps
      Median:            6,221 kbps
      Min / Max:         5,222 / 24,481 kbps
      Std deviation:     4,209.4 kbps

  [AVAILABLE BW (trace)]
      Average:           144,188 kbps
      Min / Max:         68,026 / 195,171 kbps
      Utilisation:       4.3%

  [BUFFER]
      Average level:     30.3 s
      Min / Max:         0.0 / 33.5 s

  [UTILIZATION]
      Bandwidth:         2.7%

======================================================================

[SAVED] results/run_all_20260607_000000/hls_fcc_2023/benchmark_hls_fcc2023_083_unit901870_tc_20260607_193337.json

──────────────────────────────────────────────────────────────────────
  [85/150] fcc2023_084_unit27608173_tc.csv
──────────────────────────────────────────────────────────────────────
[TRACE] fcc2023_084_unit27608173_tc.csv
[HLS-SHAPER] Triggering tc-trace via /startShaping API...
[HLS-SHAPER] tc-trace.py starting in container

======================================================================
  HLS Streaming QoE Benchmark (hls.js)
======================================================================
  Server: http://localhost:8080/hls.html?manifest=http://localhost:8080/hls/master.m3u8
======================================================================

[TRACE] Loaded 246 entries with bandwidth
[BROWSER] Launching headless Chromium...
[BROWSER] Waiting for playback to start...
   Startup delay: 580ms

[PLAYBACK] Collecting metrics...
   t=10s | buffer: 29.8s | bitrate: 4950 kbps | tp: 15827 kbps | trace_bw: 195204 kbps
   t=20s | buffer: 31.6s | bitrate: 4950 kbps | tp: 10425 kbps | trace_bw: 194738 kbps
   t=31s | buffer: 33.4s | bitrate: 4950 kbps | tp: 8134 kbps | trace_bw: 194905 kbps
   t=41s | buffer: 31.2s | bitrate: 4950 kbps | tp: 6918 kbps | trace_bw: 195319 kbps
   t=51s | buffer: 33.0s | bitrate: 4950 kbps | tp: 6965 kbps | trace_bw: 195056 kbps
   t=61s | buffer: 30.7s | bitrate: 4950 kbps | tp: 6120 kbps | trace_bw: 195067 kbps
   t=72s | buffer: 32.5s | bitrate: 4950 kbps | tp: 5812 kbps | trace_bw: 194381 kbps
   t=82s | buffer: 30.3s | bitrate: 4950 kbps | tp: 5528 kbps | trace_bw: 195126 kbps
   t=92s | buffer: 32.1s | bitrate: 4950 kbps | tp: 5678 kbps | trace_bw: 195046 kbps
   t=102s | buffer: 29.9s | bitrate: 4950 kbps | tp: 5405 kbps | trace_bw: 193732 kbps
   t=112s | buffer: 31.7s | bitrate: 4950 kbps | tp: 5407 kbps | trace_bw: 195196 kbps

======================================================================
  BENCHMARK RESULTS (HLS / hls.js)
======================================================================

  [TIMING]
      Startup delay:     580 ms
      Playback time:     120.1 s

  [BITRATE]
      Average (selected):  4,800 kbps
      Average (effective): 4,791 kbps
      Min / Max:           440 / 4,950 kbps
      Median:              4,950 kbps
      Std deviation:       809.6 kbps
      Variance:            655,403.2
      25th/75th %ile:      4,950 / 4,950 kbps

  [SWITCHES]
      Total count:       1
      Up / Down:         1 / 0
      Avg magnitude:     4,510 kbps

  [REBUFFERING]
      Events:            1
      Total time:        227 ms
      Ratio:             0.1887%
      Frequency:         0.500 per minute
      Avg duration:      227 ms
      Max duration:      227 ms

  [THROUGHPUT]
      Average:           8,715 kbps
      Median:            6,223 kbps
      Min / Max:         5,268 / 49,565 kbps
      Std deviation:     6,934.9 kbps

  [AVAILABLE BW (trace)]
      Average:           194,809 kbps
      Min / Max:         193,260 / 195,319 kbps
      Utilisation:       3.2%

  [BUFFER]
      Average level:     31.2 s
      Min / Max:         0.0 / 33.7 s

  [UTILIZATION]
      Bandwidth:         2.5%

======================================================================

[SAVED] results/run_all_20260607_000000/hls_fcc_2023/benchmark_hls_fcc2023_084_unit27608173_tc_20260607_193542.json

──────────────────────────────────────────────────────────────────────
  [86/150] fcc2023_085_unit26539_tc.csv
──────────────────────────────────────────────────────────────────────
[TRACE] fcc2023_085_unit26539_tc.csv
[HLS-SHAPER] Triggering tc-trace via /startShaping API...
[HLS-SHAPER] tc-trace.py starting in container

======================================================================
  HLS Streaming QoE Benchmark (hls.js)
======================================================================
  Server: http://localhost:8080/hls.html?manifest=http://localhost:8080/hls/master.m3u8
======================================================================

[TRACE] Loaded 307 entries with bandwidth
[BROWSER] Launching headless Chromium...
[BROWSER] Waiting for playback to start...
   Startup delay: 436ms

[PLAYBACK] Collecting metrics...
   t=10s | buffer: 29.8s | bitrate: 4950 kbps | tp: 15777 kbps | trace_bw: 206658 kbps
   t=20s | buffer: 31.6s | bitrate: 4950 kbps | tp: 10405 kbps | trace_bw: 214251 kbps
   t=31s | buffer: 33.3s | bitrate: 4950 kbps | tp: 8119 kbps | trace_bw: 164111 kbps
   t=41s | buffer: 31.1s | bitrate: 4950 kbps | tp: 6902 kbps | trace_bw: 221738 kbps
   t=51s | buffer: 32.8s | bitrate: 4950 kbps | tp: 6948 kbps | trace_bw: 206897 kbps
   t=61s | buffer: 30.6s | bitrate: 4950 kbps | tp: 6104 kbps | trace_bw: 199543 kbps
   t=72s | buffer: 32.3s | bitrate: 4950 kbps | tp: 5797 kbps | trace_bw: 220846 kbps
   t=82s | buffer: 30.1s | bitrate: 4950 kbps | tp: 5513 kbps | trace_bw: 201738 kbps
   t=92s | buffer: 31.9s | bitrate: 4950 kbps | tp: 5663 kbps | trace_bw: 196622 kbps
   t=102s | buffer: 33.6s | bitrate: 4950 kbps | tp: 5561 kbps | trace_bw: 197540 kbps
   t=113s | buffer: 31.4s | bitrate: 4950 kbps | tp: 5395 kbps | trace_bw: 205888 kbps

======================================================================
  BENCHMARK RESULTS (HLS / hls.js)
======================================================================

  [TIMING]
      Startup delay:     436 ms
      Playback time:     120.4 s

  [BITRATE]
      Average (selected):  4,800 kbps
      Average (effective): 4,793 kbps
      Min / Max:           440 / 4,950 kbps
      Median:              4,950 kbps
      Std deviation:       807.9 kbps
      Variance:            652,777.1
      25th/75th %ile:      4,950 / 4,950 kbps

  [SWITCHES]
      Total count:       1
      Up / Down:         1 / 0
      Avg magnitude:     4,510 kbps

  [REBUFFERING]
      Events:            1
      Total time:        185 ms
      Ratio:             0.1535%
      Frequency:         0.499 per minute
      Avg duration:      185 ms
      Max duration:      185 ms

  [THROUGHPUT]
      Average:           9,105 kbps
      Median:            6,208 kbps
      Min / Max:         5,256 / 67,327 kbps
      Std deviation:     8,911.6 kbps

  [AVAILABLE BW (trace)]
      Average:           203,600 kbps
      Min / Max:         164,111 / 221,738 kbps
      Utilisation:       3.0%

  [BUFFER]
      Average level:     31.4 s
      Min / Max:         0.0 / 33.7 s

  [UTILIZATION]
      Bandwidth:         2.3%

======================================================================

[SAVED] results/run_all_20260607_000000/hls_fcc_2023/benchmark_hls_fcc2023_085_unit26539_tc_20260607_193746.json

──────────────────────────────────────────────────────────────────────
  [87/150] fcc2023_086_unit26522_tc.csv
──────────────────────────────────────────────────────────────────────
[TRACE] fcc2023_086_unit26522_tc.csv
[HLS-SHAPER] Triggering tc-trace via /startShaping API...
[HLS-SHAPER] tc-trace.py starting in container

======================================================================
  HLS Streaming QoE Benchmark (hls.js)
======================================================================
  Server: http://localhost:8080/hls.html?manifest=http://localhost:8080/hls/master.m3u8
======================================================================

[TRACE] Loaded 221 entries with bandwidth
[BROWSER] Launching headless Chromium...
[BROWSER] Waiting for playback to start...
   Startup delay: 388ms

[PLAYBACK] Collecting metrics...
   t=10s | buffer: 29.8s | bitrate: 4950 kbps | tp: 15803 kbps | trace_bw: 204667 kbps
   t=21s | buffer: 31.5s | bitrate: 4950 kbps | tp: 10395 kbps | trace_bw: 184659 kbps
   t=31s | buffer: 33.3s | bitrate: 4950 kbps | tp: 8114 kbps | trace_bw: 194396 kbps
   t=41s | buffer: 31.1s | bitrate: 4950 kbps | tp: 6904 kbps | trace_bw: 185005 kbps
   t=51s | buffer: 32.9s | bitrate: 4950 kbps | tp: 6952 kbps | trace_bw: 185644 kbps
   t=61s | buffer: 30.6s | bitrate: 4950 kbps | tp: 6110 kbps | trace_bw: 204038 kbps
   t=72s | buffer: 32.4s | bitrate: 4950 kbps | tp: 5803 kbps | trace_bw: 193992 kbps
   t=82s | buffer: 30.2s | bitrate: 4950 kbps | tp: 5520 kbps | trace_bw: 183545 kbps
   t=92s | buffer: 32.0s | bitrate: 4950 kbps | tp: 5671 kbps | trace_bw: 208885 kbps
   t=102s | buffer: 33.8s | bitrate: 4950 kbps | tp: 5569 kbps | trace_bw: 183667 kbps
   t=113s | buffer: 31.6s | bitrate: 4950 kbps | tp: 5402 kbps | trace_bw: 186086 kbps

======================================================================
  BENCHMARK RESULTS (HLS / hls.js)
======================================================================

  [TIMING]
      Startup delay:     388 ms
      Playback time:     120.2 s

  [BITRATE]
      Average (selected):  4,800 kbps
      Average (effective): 4,793 kbps
      Min / Max:           440 / 4,950 kbps
      Median:              4,950 kbps
      Std deviation:       809.6 kbps
      Variance:            655,403.2
      25th/75th %ile:      4,950 / 4,950 kbps

  [SWITCHES]
      Total count:       1
      Up / Down:         1 / 0
      Avg magnitude:     4,510 kbps

  [REBUFFERING]
      Events:            1
      Total time:        163 ms
      Ratio:             0.1354%
      Frequency:         0.499 per minute
      Avg duration:      163 ms
      Max duration:      163 ms

  [THROUGHPUT]
      Average:           9,250 kbps
      Median:            6,213 kbps
      Min / Max:         5,263 / 82,672 kbps
      Std deviation:     9,826.6 kbps

  [AVAILABLE BW (trace)]
      Average:           190,758 kbps
      Min / Max:         181,468 / 208,885 kbps
      Utilisation:       3.3%

  [BUFFER]
      Average level:     31.5 s
      Min / Max:         0.0 / 33.8 s

  [UTILIZATION]
      Bandwidth:         2.6%

======================================================================

[SAVED] results/run_all_20260607_000000/hls_fcc_2023/benchmark_hls_fcc2023_086_unit26522_tc_20260607_193950.json

──────────────────────────────────────────────────────────────────────
  [88/150] fcc2023_087_unit26113977_tc.csv
──────────────────────────────────────────────────────────────────────
[TRACE] fcc2023_087_unit26113977_tc.csv
[HLS-SHAPER] Triggering tc-trace via /startShaping API...
[HLS-SHAPER] tc-trace.py starting in container

======================================================================
  HLS Streaming QoE Benchmark (hls.js)
======================================================================
  Server: http://localhost:8080/hls.html?manifest=http://localhost:8080/hls/master.m3u8
======================================================================

[TRACE] Loaded 310 entries with bandwidth
[BROWSER] Launching headless Chromium...
[BROWSER] Waiting for playback to start...
   Startup delay: 655ms

[PLAYBACK] Collecting metrics...
   t=10s | buffer: 29.8s | bitrate: 4950 kbps | tp: 15819 kbps | trace_bw: 222233 kbps
   t=20s | buffer: 31.6s | bitrate: 4950 kbps | tp: 10426 kbps | trace_bw: 222955 kbps
   t=31s | buffer: 29.4s | bitrate: 4950 kbps | tp: 7685 kbps | trace_bw: 223158 kbps
   t=41s | buffer: 31.1s | bitrate: 4950 kbps | tp: 6912 kbps | trace_bw: 221249 kbps
   t=51s | buffer: 32.9s | bitrate: 4950 kbps | tp: 6962 kbps | trace_bw: 223541 kbps
   t=61s | buffer: 30.7s | bitrate: 4950 kbps | tp: 6117 kbps | trace_bw: 223740 kbps
   t=72s | buffer: 32.5s | bitrate: 4950 kbps | tp: 5810 kbps | trace_bw: 223752 kbps
   t=82s | buffer: 30.3s | bitrate: 4950 kbps | tp: 5527 kbps | trace_bw: 223810 kbps
   t=92s | buffer: 32.1s | bitrate: 4950 kbps | tp: 5676 kbps | trace_bw: 219622 kbps
   t=102s | buffer: 29.9s | bitrate: 4950 kbps | tp: 5404 kbps | trace_bw: 223549 kbps
   t=112s | buffer: 31.6s | bitrate: 4950 kbps | tp: 5407 kbps | trace_bw: 221186 kbps

======================================================================
  BENCHMARK RESULTS (HLS / hls.js)
======================================================================

  [TIMING]
      Startup delay:     655 ms
      Playback time:     120.1 s

  [BITRATE]
      Average (selected):  4,800 kbps
      Average (effective): 4,788 kbps
      Min / Max:           440 / 4,950 kbps
      Median:              4,950 kbps
      Std deviation:       809.6 kbps
      Variance:            655,403.2
      25th/75th %ile:      4,950 / 4,950 kbps

  [SWITCHES]
      Total count:       1
      Up / Down:         1 / 0
      Avg magnitude:     4,510 kbps

  [REBUFFERING]
      Events:            1
      Total time:        301 ms
      Ratio:             0.2500%
      Frequency:         0.500 per minute
      Avg duration:      301 ms
      Max duration:      301 ms

  [THROUGHPUT]
      Average:           8,234 kbps
      Median:            6,220 kbps
      Min / Max:         5,267 / 36,884 kbps
      Std deviation:     5,114.8 kbps

  [AVAILABLE BW (trace)]
      Average:           222,237 kbps
      Min / Max:         213,415 / 224,181 kbps
      Utilisation:       2.8%

  [BUFFER]
      Average level:     30.8 s
      Min / Max:         0.0 / 33.7 s

  [UTILIZATION]
      Bandwidth:         2.2%

======================================================================

[SAVED] results/run_all_20260607_000000/hls_fcc_2023/benchmark_hls_fcc2023_087_unit26113977_tc_20260607_194154.json

──────────────────────────────────────────────────────────────────────
  [89/150] fcc2023_088_unit1001124_tc.csv
──────────────────────────────────────────────────────────────────────
[TRACE] fcc2023_088_unit1001124_tc.csv
[HLS-SHAPER] Triggering tc-trace via /startShaping API...
[HLS-SHAPER] tc-trace.py starting in container

======================================================================
  HLS Streaming QoE Benchmark (hls.js)
======================================================================
  Server: http://localhost:8080/hls.html?manifest=http://localhost:8080/hls/master.m3u8
======================================================================

[TRACE] Loaded 306 entries with bandwidth
[BROWSER] Launching headless Chromium...
[BROWSER] Waiting for playback to start...
   Startup delay: 505ms

[PLAYBACK] Collecting metrics...
   t=10s | buffer: 29.9s | bitrate: 4950 kbps | tp: 15868 kbps | trace_bw: 234708 kbps
   t=20s | buffer: 31.6s | bitrate: 4950 kbps | tp: 10437 kbps | trace_bw: 240043 kbps
   t=31s | buffer: 33.4s | bitrate: 4950 kbps | tp: 8142 kbps | trace_bw: 229497 kbps
   t=41s | buffer: 31.2s | bitrate: 4950 kbps | tp: 6922 kbps | trace_bw: 234257 kbps
   t=51s | buffer: 33.0s | bitrate: 4950 kbps | tp: 6968 kbps | trace_bw: 234213 kbps
   t=61s | buffer: 30.8s | bitrate: 4950 kbps | tp: 6123 kbps | trace_bw: 235533 kbps
   t=72s | buffer: 32.6s | bitrate: 4950 kbps | tp: 5815 kbps | trace_bw: 224624 kbps
   t=82s | buffer: 30.3s | bitrate: 4950 kbps | tp: 5531 kbps | trace_bw: 223491 kbps
   t=92s | buffer: 32.1s | bitrate: 4950 kbps | tp: 5680 kbps | trace_bw: 233963 kbps
   t=102s | buffer: 29.9s | bitrate: 4950 kbps | tp: 5406 kbps | trace_bw: 228775 kbps
   t=112s | buffer: 31.7s | bitrate: 4950 kbps | tp: 5409 kbps | trace_bw: 226569 kbps

======================================================================
  BENCHMARK RESULTS (HLS / hls.js)
======================================================================

  [TIMING]
      Startup delay:     505 ms
      Playback time:     120.1 s

  [BITRATE]
      Average (selected):  4,800 kbps
      Average (effective): 4,791 kbps
      Min / Max:           440 / 4,950 kbps
      Median:              4,950 kbps
      Std deviation:       809.6 kbps
      Variance:            655,403.2
      25th/75th %ile:      4,950 / 4,950 kbps

  [SWITCHES]
      Total count:       1
      Up / Down:         1 / 0
      Avg magnitude:     4,510 kbps

  [REBUFFERING]
      Events:            1
      Total time:        221 ms
      Ratio:             0.1837%
      Frequency:         0.500 per minute
      Avg duration:      221 ms
      Max duration:      221 ms

  [THROUGHPUT]
      Average:           8,949 kbps
      Median:            6,227 kbps
      Min / Max:         5,269 / 57,061 kbps
      Std deviation:     8,080.1 kbps

  [AVAILABLE BW (trace)]
      Average:           231,496 kbps
      Min / Max:         208,454 / 240,043 kbps
      Utilisation:       2.7%

  [BUFFER]
      Average level:     31.2 s
      Min / Max:         0.0 / 33.6 s

  [UTILIZATION]
      Bandwidth:         2.1%

======================================================================

[SAVED] results/run_all_20260607_000000/hls_fcc_2023/benchmark_hls_fcc2023_088_unit1001124_tc_20260607_194358.json

──────────────────────────────────────────────────────────────────────
  [90/150] fcc2023_089_unit36509125_tc.csv
──────────────────────────────────────────────────────────────────────
[TRACE] fcc2023_089_unit36509125_tc.csv
[HLS-SHAPER] Triggering tc-trace via /startShaping API...
[HLS-SHAPER] tc-trace.py starting in container

======================================================================
  HLS Streaming QoE Benchmark (hls.js)
======================================================================
  Server: http://localhost:8080/hls.html?manifest=http://localhost:8080/hls/master.m3u8
======================================================================

[TRACE] Loaded 308 entries with bandwidth
[BROWSER] Launching headless Chromium...
[BROWSER] Waiting for playback to start...
   Startup delay: 495ms

[PLAYBACK] Collecting metrics...
   t=10s | buffer: 29.8s | bitrate: 4950 kbps | tp: 15808 kbps | trace_bw: 237191 kbps
   t=20s | buffer: 31.6s | bitrate: 4950 kbps | tp: 10416 kbps | trace_bw: 238321 kbps
   t=31s | buffer: 33.4s | bitrate: 4950 kbps | tp: 8129 kbps | trace_bw: 235798 kbps
   t=41s | buffer: 31.1s | bitrate: 4950 kbps | tp: 6914 kbps | trace_bw: 232533 kbps
   t=51s | buffer: 32.9s | bitrate: 4950 kbps | tp: 6959 kbps | trace_bw: 237465 kbps
   t=61s | buffer: 30.7s | bitrate: 4950 kbps | tp: 6113 kbps | trace_bw: 209441 kbps
   t=72s | buffer: 32.4s | bitrate: 4950 kbps | tp: 5804 kbps | trace_bw: 237811 kbps
   t=82s | buffer: 30.2s | bitrate: 4950 kbps | tp: 5519 kbps | trace_bw: 237442 kbps
   t=92s | buffer: 31.9s | bitrate: 4950 kbps | tp: 5669 kbps | trace_bw: 238043 kbps
   t=102s | buffer: 29.7s | bitrate: 4950 kbps | tp: 5396 kbps | trace_bw: 237346 kbps
   t=113s | buffer: 31.5s | bitrate: 4950 kbps | tp: 5398 kbps | trace_bw: 236592 kbps

======================================================================
  BENCHMARK RESULTS (HLS / hls.js)
======================================================================

  [TIMING]
      Startup delay:     495 ms
      Playback time:     120.3 s

  [BITRATE]
      Average (selected):  4,800 kbps
      Average (effective): 4,792 kbps
      Min / Max:           440 / 4,950 kbps
      Median:              4,950 kbps
      Std deviation:       807.9 kbps
      Variance:            652,777.1
      25th/75th %ile:      4,950 / 4,950 kbps

  [SWITCHES]
      Total count:       1
      Up / Down:         1 / 0
      Avg magnitude:     4,510 kbps

  [REBUFFERING]
      Events:            1
      Total time:        212 ms
      Ratio:             0.1759%
      Frequency:         0.499 per minute
      Avg duration:      212 ms
      Max duration:      212 ms

  [THROUGHPUT]
      Average:           8,907 kbps
      Median:            6,217 kbps
      Min / Max:         5,259 / 52,876 kbps
      Std deviation:     7,886.7 kbps

  [AVAILABLE BW (trace)]
      Average:           235,552 kbps
      Min / Max:         209,441 / 238,321 kbps
      Utilisation:       2.6%

  [BUFFER]
      Average level:     31.2 s
      Min / Max:         0.0 / 33.5 s

  [UTILIZATION]
      Bandwidth:         2.0%

======================================================================

[SAVED] results/run_all_20260607_000000/hls_fcc_2023/benchmark_hls_fcc2023_089_unit36509125_tc_20260607_194602.json

──────────────────────────────────────────────────────────────────────
  [91/150] fcc2023_090_unit1000331_tc.csv
──────────────────────────────────────────────────────────────────────
[TRACE] fcc2023_090_unit1000331_tc.csv
[HLS-SHAPER] Triggering tc-trace via /startShaping API...
[HLS-SHAPER] tc-trace.py starting in container

======================================================================
  HLS Streaming QoE Benchmark (hls.js)
======================================================================
  Server: http://localhost:8080/hls.html?manifest=http://localhost:8080/hls/master.m3u8
======================================================================

[TRACE] Loaded 242 entries with bandwidth
[BROWSER] Launching headless Chromium...
[BROWSER] Waiting for playback to start...
   Startup delay: 488ms

[PLAYBACK] Collecting metrics...
   t=10s | buffer: 29.8s | bitrate: 4950 kbps | tp: 15839 kbps | trace_bw: 238012 kbps
   t=20s | buffer: 31.6s | bitrate: 4950 kbps | tp: 10421 kbps | trace_bw: 237805 kbps
   t=31s | buffer: 33.4s | bitrate: 4950 kbps | tp: 8135 kbps | trace_bw: 238291 kbps
   t=41s | buffer: 31.1s | bitrate: 4950 kbps | tp: 6917 kbps | trace_bw: 237751 kbps
   t=51s | buffer: 32.9s | bitrate: 4950 kbps | tp: 6961 kbps | trace_bw: 238046 kbps
   t=61s | buffer: 30.7s | bitrate: 4950 kbps | tp: 6115 kbps | trace_bw: 237832 kbps
   t=72s | buffer: 32.4s | bitrate: 4950 kbps | tp: 5807 kbps | trace_bw: 237881 kbps
   t=82s | buffer: 30.2s | bitrate: 4950 kbps | tp: 5524 kbps | trace_bw: 238010 kbps
   t=92s | buffer: 32.0s | bitrate: 4950 kbps | tp: 5673 kbps | trace_bw: 238105 kbps
   t=102s | buffer: 29.8s | bitrate: 4950 kbps | tp: 5401 kbps | trace_bw: 238004 kbps
   t=112s | buffer: 31.6s | bitrate: 4950 kbps | tp: 5404 kbps | trace_bw: 238331 kbps

======================================================================
  BENCHMARK RESULTS (HLS / hls.js)
======================================================================

  [TIMING]
      Startup delay:     488 ms
      Playback time:     120.2 s

  [BITRATE]
      Average (selected):  4,800 kbps
      Average (effective): 4,791 kbps
      Min / Max:           440 / 4,950 kbps
      Median:              4,950 kbps
      Std deviation:       809.6 kbps
      Variance:            655,403.2
      25th/75th %ile:      4,950 / 4,950 kbps

  [SWITCHES]
      Total count:       1
      Up / Down:         1 / 0
      Avg magnitude:     4,510 kbps

  [REBUFFERING]
      Events:            1
      Total time:        215 ms
      Ratio:             0.1786%
      Frequency:         0.499 per minute
      Avg duration:      215 ms
      Max duration:      215 ms

  [THROUGHPUT]
      Average:           8,760 kbps
      Median:            6,218 kbps
      Min / Max:         5,265 / 49,689 kbps
      Std deviation:     7,107.3 kbps

  [AVAILABLE BW (trace)]
      Average:           238,035 kbps
      Min / Max:         237,631 / 238,529 kbps
      Utilisation:       2.6%

  [BUFFER]
      Average level:     31.2 s
      Min / Max:         0.0 / 33.6 s

  [UTILIZATION]
      Bandwidth:         2.0%

======================================================================

[SAVED] results/run_all_20260607_000000/hls_fcc_2023/benchmark_hls_fcc2023_090_unit1000331_tc_20260607_194807.json

──────────────────────────────────────────────────────────────────────
  [92/150] fcc2023_091_unit4050753_tc.csv
──────────────────────────────────────────────────────────────────────
[TRACE] fcc2023_091_unit4050753_tc.csv
[HLS-SHAPER] Triggering tc-trace via /startShaping API...
[HLS-SHAPER] tc-trace.py starting in container

======================================================================
  HLS Streaming QoE Benchmark (hls.js)
======================================================================
  Server: http://localhost:8080/hls.html?manifest=http://localhost:8080/hls/master.m3u8
======================================================================

[TRACE] Loaded 245 entries with bandwidth
[BROWSER] Launching headless Chromium...
[BROWSER] Waiting for playback to start...
   Startup delay: 736ms

[PLAYBACK] Collecting metrics...
   t=10s | buffer: 29.8s | bitrate: 4950 kbps | tp: 15793 kbps | trace_bw: 260947 kbps
   t=21s | buffer: 31.6s | bitrate: 4950 kbps | tp: 10398 kbps | trace_bw: 260358 kbps
   t=31s | buffer: 33.3s | bitrate: 4950 kbps | tp: 8120 kbps | trace_bw: 261457 kbps
   t=41s | buffer: 31.1s | bitrate: 4950 kbps | tp: 6907 kbps | trace_bw: 259909 kbps
   t=51s | buffer: 32.9s | bitrate: 4950 kbps | tp: 6954 kbps | trace_bw: 236705 kbps
   t=61s | buffer: 30.6s | bitrate: 4950 kbps | tp: 6110 kbps | trace_bw: 260717 kbps
   t=72s | buffer: 32.4s | bitrate: 4950 kbps | tp: 5805 kbps | trace_bw: 261221 kbps
   t=82s | buffer: 30.2s | bitrate: 4950 kbps | tp: 5522 kbps | trace_bw: 263856 kbps
   t=92s | buffer: 32.0s | bitrate: 4950 kbps | tp: 5673 kbps | trace_bw: 257492 kbps
   t=102s | buffer: 29.8s | bitrate: 4950 kbps | tp: 5400 kbps | trace_bw: 261608 kbps
   t=113s | buffer: 31.6s | bitrate: 4950 kbps | tp: 5402 kbps | trace_bw: 260501 kbps

======================================================================
  BENCHMARK RESULTS (HLS / hls.js)
======================================================================

  [TIMING]
      Startup delay:     736 ms
      Playback time:     120.2 s

  [BITRATE]
      Average (selected):  4,800 kbps
      Average (effective): 4,786 kbps
      Min / Max:           440 / 4,950 kbps
      Median:              4,950 kbps
      Std deviation:       807.9 kbps
      Variance:            652,777.1
      25th/75th %ile:      4,950 / 4,950 kbps

  [SWITCHES]
      Total count:       1
      Up / Down:         1 / 0
      Avg magnitude:     4,510 kbps

  [REBUFFERING]
      Events:            1
      Total time:        348 ms
      Ratio:             0.2887%
      Frequency:         0.499 per minute
      Avg duration:      348 ms
      Max duration:      348 ms

  [THROUGHPUT]
      Average:           8,084 kbps
      Median:            6,214 kbps
      Min / Max:         5,263 / 28,552 kbps
      Std deviation:     4,556.0 kbps

  [AVAILABLE BW (trace)]
      Average:           259,826 kbps
      Min / Max:         236,705 / 263,856 kbps
      Utilisation:       2.4%

  [BUFFER]
      Average level:     30.7 s
      Min / Max:         0.0 / 33.5 s

  [UTILIZATION]
      Bandwidth:         1.8%

======================================================================

[SAVED] results/run_all_20260607_000000/hls_fcc_2023/benchmark_hls_fcc2023_091_unit4050753_tc_20260607_195011.json

──────────────────────────────────────────────────────────────────────
  [93/150] fcc2023_092_unit3815177_tc.csv
──────────────────────────────────────────────────────────────────────
[TRACE] fcc2023_092_unit3815177_tc.csv
[HLS-SHAPER] Triggering tc-trace via /startShaping API...
[HLS-SHAPER] tc-trace.py starting in container

======================================================================
  HLS Streaming QoE Benchmark (hls.js)
======================================================================
  Server: http://localhost:8080/hls.html?manifest=http://localhost:8080/hls/master.m3u8
======================================================================

[TRACE] Loaded 75 entries with bandwidth
[BROWSER] Launching headless Chromium...
[BROWSER] Waiting for playback to start...
   Startup delay: 624ms

[PLAYBACK] Collecting metrics...
   t=10s | buffer: 29.8s | bitrate: 4950 kbps | tp: 15831 kbps | trace_bw: 272918 kbps
   t=20s | buffer: 31.6s | bitrate: 4950 kbps | tp: 10428 kbps | trace_bw: 275998 kbps
   t=31s | buffer: 33.4s | bitrate: 4950 kbps | tp: 8140 kbps | trace_bw: 279265 kbps
   t=41s | buffer: 31.2s | bitrate: 4950 kbps | tp: 6924 kbps | trace_bw: 275038 kbps
   t=51s | buffer: 33.0s | bitrate: 4950 kbps | tp: 6966 kbps | trace_bw: 268571 kbps
   t=61s | buffer: 30.7s | bitrate: 4950 kbps | tp: 6120 kbps | trace_bw: 276509 kbps
   t=72s | buffer: 32.5s | bitrate: 4950 kbps | tp: 5812 kbps | trace_bw: 281618 kbps
   t=82s | buffer: 30.3s | bitrate: 4950 kbps | tp: 5528 kbps | trace_bw: 275542 kbps
   t=92s | buffer: 32.1s | bitrate: 4950 kbps | tp: 5678 kbps | trace_bw: 267988 kbps
   t=102s | buffer: 29.9s | bitrate: 4950 kbps | tp: 5405 kbps | trace_bw: 281419 kbps
   t=112s | buffer: 31.6s | bitrate: 4950 kbps | tp: 5406 kbps | trace_bw: 281545 kbps

======================================================================
  BENCHMARK RESULTS (HLS / hls.js)
======================================================================

  [TIMING]
      Startup delay:     624 ms
      Playback time:     120.1 s

  [BITRATE]
      Average (selected):  4,800 kbps
      Average (effective): 4,788 kbps
      Min / Max:           440 / 4,950 kbps
      Median:              4,950 kbps
      Std deviation:       809.6 kbps
      Variance:            655,403.2
      25th/75th %ile:      4,950 / 4,950 kbps

  [SWITCHES]
      Total count:       1
      Up / Down:         1 / 0
      Avg magnitude:     4,510 kbps

  [REBUFFERING]
      Events:            1
      Total time:        301 ms
      Ratio:             0.2500%
      Frequency:         0.500 per minute
      Avg duration:      301 ms
      Max duration:      301 ms

  [THROUGHPUT]
      Average:           8,665 kbps
      Median:            6,223 kbps
      Min / Max:         5,267 / 41,348 kbps
      Std deviation:     6,650.3 kbps

  [AVAILABLE BW (trace)]
      Average:           276,912 kbps
      Min / Max:         265,745 / 283,726 kbps
      Utilisation:       2.2%

  [BUFFER]
      Average level:     31.1 s
      Min / Max:         0.0 / 33.7 s

  [UTILIZATION]
      Bandwidth:         1.7%

======================================================================

[SAVED] results/run_all_20260607_000000/hls_fcc_2023/benchmark_hls_fcc2023_092_unit3815177_tc_20260607_195215.json

──────────────────────────────────────────────────────────────────────
  [94/150] fcc2023_093_unit1007014_tc.csv
──────────────────────────────────────────────────────────────────────
[TRACE] fcc2023_093_unit1007014_tc.csv
[HLS-SHAPER] Triggering tc-trace via /startShaping API...
[HLS-SHAPER] tc-trace.py starting in container

======================================================================
  HLS Streaming QoE Benchmark (hls.js)
======================================================================
  Server: http://localhost:8080/hls.html?manifest=http://localhost:8080/hls/master.m3u8
======================================================================

[TRACE] Loaded 290 entries with bandwidth
[BROWSER] Launching headless Chromium...
[BROWSER] Waiting for playback to start...
   Startup delay: 682ms

[PLAYBACK] Collecting metrics...
   t=10s | buffer: 29.8s | bitrate: 4950 kbps | tp: 15846 kbps | trace_bw: 278051 kbps
   t=20s | buffer: 31.6s | bitrate: 4950 kbps | tp: 10425 kbps | trace_bw: 275661 kbps
   t=31s | buffer: 29.4s | bitrate: 4950 kbps | tp: 7689 kbps | trace_bw: 284611 kbps
   t=41s | buffer: 31.2s | bitrate: 4950 kbps | tp: 6917 kbps | trace_bw: 295863 kbps
   t=51s | buffer: 28.9s | bitrate: 4950 kbps | tp: 6642 kbps | trace_bw: 297707 kbps
   t=61s | buffer: 30.7s | bitrate: 4950 kbps | tp: 6117 kbps | trace_bw: 298289 kbps
   t=72s | buffer: 32.5s | bitrate: 4950 kbps | tp: 5810 kbps | trace_bw: 302850 kbps
   t=82s | buffer: 30.3s | bitrate: 4950 kbps | tp: 5526 kbps | trace_bw: 288626 kbps
   t=92s | buffer: 32.1s | bitrate: 4950 kbps | tp: 5676 kbps | trace_bw: 294104 kbps
   t=102s | buffer: 29.9s | bitrate: 4950 kbps | tp: 5403 kbps | trace_bw: 294336 kbps
   t=112s | buffer: 31.6s | bitrate: 4950 kbps | tp: 5406 kbps | trace_bw: 309077 kbps

======================================================================
  BENCHMARK RESULTS (HLS / hls.js)
======================================================================

  [TIMING]
      Startup delay:     682 ms
      Playback time:     120.1 s

  [BITRATE]
      Average (selected):  4,800 kbps
      Average (effective): 4,787 kbps
      Min / Max:           440 / 4,950 kbps
      Median:              4,950 kbps
      Std deviation:       809.6 kbps
      Variance:            655,403.2
      25th/75th %ile:      4,950 / 4,950 kbps

  [SWITCHES]
      Total count:       1
      Up / Down:         1 / 0
      Avg magnitude:     4,510 kbps

  [REBUFFERING]
      Events:            1
      Total time:        320 ms
      Ratio:             0.2657%
      Frequency:         0.500 per minute
      Avg duration:      320 ms
      Max duration:      320 ms

  [THROUGHPUT]
      Average:           8,518 kbps
      Median:            6,204 kbps
      Min / Max:         5,244 / 36,986 kbps
      Std deviation:     6,106.9 kbps

  [AVAILABLE BW (trace)]
      Average:           296,734 kbps
      Min / Max:         275,661 / 317,132 kbps
      Utilisation:       2.1%

  [BUFFER]
      Average level:     30.8 s
      Min / Max:         0.0 / 33.5 s

  [UTILIZATION]
      Bandwidth:         1.6%

======================================================================

[SAVED] results/run_all_20260607_000000/hls_fcc_2023/benchmark_hls_fcc2023_093_unit1007014_tc_20260607_195419.json

──────────────────────────────────────────────────────────────────────
  [95/150] fcc2023_094_unit6432485_tc.csv
──────────────────────────────────────────────────────────────────────
[TRACE] fcc2023_094_unit6432485_tc.csv
[HLS-SHAPER] Triggering tc-trace via /startShaping API...
[HLS-SHAPER] tc-trace.py starting in container

======================================================================
  HLS Streaming QoE Benchmark (hls.js)
======================================================================
  Server: http://localhost:8080/hls.html?manifest=http://localhost:8080/hls/master.m3u8
======================================================================

[TRACE] Loaded 201 entries with bandwidth
[BROWSER] Launching headless Chromium...
[BROWSER] Waiting for playback to start...
   Startup delay: 322ms

[PLAYBACK] Collecting metrics...
   t=10s | buffer: 29.8s | bitrate: 4950 kbps | tp: 15828 kbps | trace_bw: 301844 kbps
   t=20s | buffer: 31.6s | bitrate: 4950 kbps | tp: 10423 kbps | trace_bw: 302639 kbps
   t=31s | buffer: 33.4s | bitrate: 4950 kbps | tp: 8133 kbps | trace_bw: 302219 kbps
   t=41s | buffer: 31.1s | bitrate: 4950 kbps | tp: 6913 kbps | trace_bw: 302647 kbps
   t=51s | buffer: 32.9s | bitrate: 4950 kbps | tp: 6958 kbps | trace_bw: 302225 kbps
   t=61s | buffer: 30.6s | bitrate: 4950 kbps | tp: 6111 kbps | trace_bw: 302659 kbps
   t=72s | buffer: 32.4s | bitrate: 4950 kbps | tp: 5803 kbps | trace_bw: 302220 kbps
   t=82s | buffer: 30.2s | bitrate: 4950 kbps | tp: 5518 kbps | trace_bw: 302637 kbps
   t=92s | buffer: 32.0s | bitrate: 4950 kbps | tp: 5669 kbps | trace_bw: 302239 kbps
   t=102s | buffer: 33.7s | bitrate: 4950 kbps | tp: 5567 kbps | trace_bw: 302646 kbps
   t=113s | buffer: 31.5s | bitrate: 4950 kbps | tp: 5399 kbps | trace_bw: 302102 kbps

======================================================================
  BENCHMARK RESULTS (HLS / hls.js)
======================================================================

  [TIMING]
      Startup delay:     322 ms
      Playback time:     120.3 s

  [BITRATE]
      Average (selected):  4,800 kbps
      Average (effective): 4,795 kbps
      Min / Max:           440 / 4,950 kbps
      Median:              4,950 kbps
      Std deviation:       809.6 kbps
      Variance:            655,403.2
      25th/75th %ile:      4,950 / 4,950 kbps

  [SWITCHES]
      Total count:       1
      Up / Down:         1 / 0
      Avg magnitude:     4,510 kbps

  [REBUFFERING]
      Events:            1
      Total time:        122 ms
      Ratio:             0.1013%
      Frequency:         0.499 per minute
      Avg duration:      122 ms
      Max duration:      122 ms

  [THROUGHPUT]
      Average:           9,462 kbps
      Median:            6,215 kbps
      Min / Max:         5,260 / 123,730 kbps
      Std deviation:     11,552.2 kbps

  [AVAILABLE BW (trace)]
      Average:           302,496 kbps
      Min / Max:         301,844 / 302,670 kbps
      Utilisation:       2.1%

  [BUFFER]
      Average level:     31.6 s
      Min / Max:         0.0 / 33.8 s

  [UTILIZATION]
      Bandwidth:         1.6%

======================================================================

[SAVED] results/run_all_20260607_000000/hls_fcc_2023/benchmark_hls_fcc2023_094_unit6432485_tc_20260607_195624.json

──────────────────────────────────────────────────────────────────────
  [96/150] fcc2023_095_unit1001298_tc.csv
──────────────────────────────────────────────────────────────────────
[TRACE] fcc2023_095_unit1001298_tc.csv
[HLS-SHAPER] Triggering tc-trace via /startShaping API...
[HLS-SHAPER] tc-trace.py starting in container

======================================================================
  HLS Streaming QoE Benchmark (hls.js)
======================================================================
  Server: http://localhost:8080/hls.html?manifest=http://localhost:8080/hls/master.m3u8
======================================================================

[TRACE] Loaded 292 entries with bandwidth
[BROWSER] Launching headless Chromium...
[BROWSER] Waiting for playback to start...
   Startup delay: 352ms

[PLAYBACK] Collecting metrics...
   t=10s | buffer: 33.8s | bitrate: 4950 kbps | tp: 17192 kbps | trace_bw: 305916 kbps
   t=20s | buffer: 31.6s | bitrate: 4950 kbps | tp: 10423 kbps | trace_bw: 303998 kbps
   t=31s | buffer: 33.4s | bitrate: 4950 kbps | tp: 8136 kbps | trace_bw: 305929 kbps
   t=41s | buffer: 31.1s | bitrate: 4950 kbps | tp: 6915 kbps | trace_bw: 305904 kbps
   t=51s | buffer: 32.9s | bitrate: 4950 kbps | tp: 6961 kbps | trace_bw: 305986 kbps
   t=61s | buffer: 30.7s | bitrate: 4950 kbps | tp: 6115 kbps | trace_bw: 305552 kbps
   t=72s | buffer: 32.5s | bitrate: 4950 kbps | tp: 5808 kbps | trace_bw: 305975 kbps
   t=82s | buffer: 30.3s | bitrate: 4950 kbps | tp: 5525 kbps | trace_bw: 305694 kbps
   t=92s | buffer: 32.0s | bitrate: 4950 kbps | tp: 5674 kbps | trace_bw: 305986 kbps
   t=102s | buffer: 33.8s | bitrate: 4950 kbps | tp: 5572 kbps | trace_bw: 305989 kbps
   t=112s | buffer: 31.6s | bitrate: 4950 kbps | tp: 5405 kbps | trace_bw: 305549 kbps

======================================================================
  BENCHMARK RESULTS (HLS / hls.js)
======================================================================

  [TIMING]
      Startup delay:     352 ms
      Playback time:     120.2 s

  [BITRATE]
      Average (selected):  4,800 kbps
      Average (effective): 4,792 kbps
      Min / Max:           440 / 4,950 kbps
      Median:              4,950 kbps
      Std deviation:       809.6 kbps
      Variance:            655,403.2
      25th/75th %ile:      4,950 / 4,950 kbps

  [SWITCHES]
      Total count:       1
      Up / Down:         1 / 0
      Avg magnitude:     4,510 kbps

  [REBUFFERING]
      Events:            1
      Total time:        186 ms
      Ratio:             0.1546%
      Frequency:         0.499 per minute
      Avg duration:      186 ms
      Max duration:      186 ms

  [THROUGHPUT]
      Average:           9,467 kbps
      Median:            6,219 kbps
      Min / Max:         5,265 / 123,565 kbps
      Std deviation:     11,540.0 kbps

  [AVAILABLE BW (trace)]
      Average:           305,321 kbps
      Min / Max:         298,360 / 306,656 kbps
      Utilisation:       2.0%

  [BUFFER]
      Average level:     31.7 s
      Min / Max:         0.0 / 33.8 s

  [UTILIZATION]
      Bandwidth:         1.6%

======================================================================

[SAVED] results/run_all_20260607_000000/hls_fcc_2023/benchmark_hls_fcc2023_095_unit1001298_tc_20260607_195828.json

──────────────────────────────────────────────────────────────────────
  [97/150] fcc2023_096_unit55492185_tc.csv
──────────────────────────────────────────────────────────────────────
[TRACE] fcc2023_096_unit55492185_tc.csv
[HLS-SHAPER] Triggering tc-trace via /startShaping API...
[HLS-SHAPER] tc-trace.py starting in container

======================================================================
  HLS Streaming QoE Benchmark (hls.js)
======================================================================
  Server: http://localhost:8080/hls.html?manifest=http://localhost:8080/hls/master.m3u8
======================================================================

[TRACE] Loaded 256 entries with bandwidth
[BROWSER] Launching headless Chromium...
[BROWSER] Waiting for playback to start...
   Startup delay: 1385ms

[PLAYBACK] Collecting metrics...
   t=10s | buffer: 33.8s | bitrate: 4950 kbps | tp: 17192 kbps | trace_bw: 307332 kbps
   t=20s | buffer: 31.6s | bitrate: 4950 kbps | tp: 10417 kbps | trace_bw: 306445 kbps
   t=31s | buffer: 33.3s | bitrate: 4950 kbps | tp: 8123 kbps | trace_bw: 307256 kbps
   t=41s | buffer: 31.1s | bitrate: 4950 kbps | tp: 6910 kbps | trace_bw: 306230 kbps
   t=51s | buffer: 32.9s | bitrate: 4950 kbps | tp: 6959 kbps | trace_bw: 306568 kbps
   t=61s | buffer: 30.7s | bitrate: 4950 kbps | tp: 6113 kbps | trace_bw: 306586 kbps
   t=72s | buffer: 32.4s | bitrate: 4950 kbps | tp: 5806 kbps | trace_bw: 306619 kbps
   t=82s | buffer: 30.2s | bitrate: 4950 kbps | tp: 5524 kbps | trace_bw: 306980 kbps
   t=92s | buffer: 32.0s | bitrate: 4950 kbps | tp: 5674 kbps | trace_bw: 306587 kbps
   t=102s | buffer: 33.8s | bitrate: 4950 kbps | tp: 5571 kbps | trace_bw: 306445 kbps
   t=112s | buffer: 31.6s | bitrate: 4950 kbps | tp: 5404 kbps | trace_bw: 306160 kbps

======================================================================
  BENCHMARK RESULTS (HLS / hls.js)
======================================================================

  [TIMING]
      Startup delay:     1,385 ms
      Playback time:     120.2 s

  [BITRATE]
      Average (selected):  4,800 kbps
      Average (effective): 4,753 kbps
      Min / Max:           440 / 4,950 kbps
      Median:              4,950 kbps
      Std deviation:       809.6 kbps
      Variance:            655,403.2
      25th/75th %ile:      4,950 / 4,950 kbps

  [SWITCHES]
      Total count:       1
      Up / Down:         1 / 0
      Avg magnitude:     4,510 kbps

  [REBUFFERING]
      Events:            1
      Total time:        1,182 ms
      Ratio:             0.9740%
      Frequency:         0.499 per minute
      Avg duration:      1,182 ms
      Max duration:      1,182 ms

  [THROUGHPUT]
      Average:           9,373 kbps
      Median:            6,217 kbps
      Min / Max:         5,264 / 101,577 kbps
      Std deviation:     10,669.9 kbps

  [AVAILABLE BW (trace)]
      Average:           306,373 kbps
      Min / Max:         305,505 / 307,332 kbps
      Utilisation:       2.0%

  [BUFFER]
      Average level:     31.6 s
      Min / Max:         0.0 / 33.8 s

  [UTILIZATION]
      Bandwidth:         1.6%

======================================================================

[SAVED] results/run_all_20260607_000000/hls_fcc_2023/benchmark_hls_fcc2023_096_unit55492185_tc_20260607_200032.json

──────────────────────────────────────────────────────────────────────
  [98/150] fcc2023_097_unit38658833_tc.csv
──────────────────────────────────────────────────────────────────────
[TRACE] fcc2023_097_unit38658833_tc.csv
[HLS-SHAPER] Triggering tc-trace via /startShaping API...
[HLS-SHAPER] tc-trace.py starting in container

======================================================================
  HLS Streaming QoE Benchmark (hls.js)
======================================================================
  Server: http://localhost:8080/hls.html?manifest=http://localhost:8080/hls/master.m3u8
======================================================================

[TRACE] Loaded 140 entries with bandwidth
[BROWSER] Launching headless Chromium...
[BROWSER] Waiting for playback to start...
   Startup delay: 341ms

[PLAYBACK] Collecting metrics...
   t=10s | buffer: 33.8s | bitrate: 4950 kbps | tp: 17124 kbps | trace_bw: 314591 kbps
   t=20s | buffer: 31.6s | bitrate: 4950 kbps | tp: 10404 kbps | trace_bw: 320911 kbps
   t=31s | buffer: 33.3s | bitrate: 4950 kbps | tp: 8121 kbps | trace_bw: 320922 kbps
   t=41s | buffer: 31.1s | bitrate: 4950 kbps | tp: 6906 kbps | trace_bw: 319644 kbps
   t=51s | buffer: 32.9s | bitrate: 4950 kbps | tp: 6954 kbps | trace_bw: 316696 kbps
   t=61s | buffer: 30.6s | bitrate: 4950 kbps | tp: 6110 kbps | trace_bw: 321495 kbps
   t=72s | buffer: 32.4s | bitrate: 4950 kbps | tp: 5804 kbps | trace_bw: 320420 kbps
   t=82s | buffer: 30.2s | bitrate: 4950 kbps | tp: 5521 kbps | trace_bw: 320669 kbps
   t=92s | buffer: 32.0s | bitrate: 4950 kbps | tp: 5671 kbps | trace_bw: 319578 kbps
   t=102s | buffer: 33.8s | bitrate: 4950 kbps | tp: 5570 kbps | trace_bw: 318233 kbps
   t=113s | buffer: 31.6s | bitrate: 4950 kbps | tp: 5402 kbps | trace_bw: 314874 kbps

======================================================================
  BENCHMARK RESULTS (HLS / hls.js)
======================================================================

  [TIMING]
      Startup delay:     341 ms
      Playback time:     120.2 s

  [BITRATE]
      Average (selected):  4,800 kbps
      Average (effective): 4,793 kbps
      Min / Max:           440 / 4,950 kbps
      Median:              4,950 kbps
      Std deviation:       809.6 kbps
      Variance:            655,403.2
      25th/75th %ile:      4,950 / 4,950 kbps

  [SWITCHES]
      Total count:       1
      Up / Down:         1 / 0
      Avg magnitude:     4,510 kbps

  [REBUFFERING]
      Events:            1
      Total time:        178 ms
      Ratio:             0.1479%
      Frequency:         0.499 per minute
      Avg duration:      178 ms
      Max duration:      178 ms

  [THROUGHPUT]
      Average:           9,462 kbps
      Median:            6,213 kbps
      Min / Max:         5,263 / 122,892 kbps
      Std deviation:     11,492.5 kbps

  [AVAILABLE BW (trace)]
      Average:           319,227 kbps
      Min / Max:         314,591 / 321,495 kbps
      Utilisation:       1.9%

  [BUFFER]
      Average level:     31.7 s
      Min / Max:         0.0 / 33.9 s

  [UTILIZATION]
      Bandwidth:         1.5%

======================================================================

[SAVED] results/run_all_20260607_000000/hls_fcc_2023/benchmark_hls_fcc2023_097_unit38658833_tc_20260607_200237.json

──────────────────────────────────────────────────────────────────────
  [99/150] fcc2023_098_unit82066905_tc.csv
──────────────────────────────────────────────────────────────────────
[TRACE] fcc2023_098_unit82066905_tc.csv
[HLS-SHAPER] Triggering tc-trace via /startShaping API...
[HLS-SHAPER] tc-trace.py starting in container

======================================================================
  HLS Streaming QoE Benchmark (hls.js)
======================================================================
  Server: http://localhost:8080/hls.html?manifest=http://localhost:8080/hls/master.m3u8
======================================================================

[TRACE] Loaded 301 entries with bandwidth
[BROWSER] Launching headless Chromium...
[BROWSER] Waiting for playback to start...
   Startup delay: 384ms

[PLAYBACK] Collecting metrics...
   t=10s | buffer: 29.8s | bitrate: 4950 kbps | tp: 15832 kbps | trace_bw: 333216 kbps
   t=20s | buffer: 31.6s | bitrate: 4950 kbps | tp: 10427 kbps | trace_bw: 334123 kbps
   t=31s | buffer: 33.4s | bitrate: 4950 kbps | tp: 8135 kbps | trace_bw: 328568 kbps
   t=41s | buffer: 31.1s | bitrate: 4950 kbps | tp: 6916 kbps | trace_bw: 327187 kbps
   t=51s | buffer: 32.9s | bitrate: 4950 kbps | tp: 6964 kbps | trace_bw: 328847 kbps
   t=61s | buffer: 30.7s | bitrate: 4950 kbps | tp: 6117 kbps | trace_bw: 333915 kbps
   t=72s | buffer: 32.5s | bitrate: 4950 kbps | tp: 5810 kbps | trace_bw: 344030 kbps
   t=82s | buffer: 30.3s | bitrate: 4950 kbps | tp: 5526 kbps | trace_bw: 325150 kbps
   t=92s | buffer: 32.1s | bitrate: 4950 kbps | tp: 5677 kbps | trace_bw: 328788 kbps
   t=102s | buffer: 29.9s | bitrate: 4950 kbps | tp: 5404 kbps | trace_bw: 317615 kbps
   t=112s | buffer: 31.6s | bitrate: 4950 kbps | tp: 5407 kbps | trace_bw: 334704 kbps

======================================================================
  BENCHMARK RESULTS (HLS / hls.js)
======================================================================

  [TIMING]
      Startup delay:     384 ms
      Playback time:     120.1 s

  [BITRATE]
      Average (selected):  4,800 kbps
      Average (effective): 4,794 kbps
      Min / Max:           440 / 4,950 kbps
      Median:              4,950 kbps
      Std deviation:       809.6 kbps
      Variance:            655,403.2
      25th/75th %ile:      4,950 / 4,950 kbps

  [SWITCHES]
      Total count:       1
      Up / Down:         1 / 0
      Avg magnitude:     4,510 kbps

  [REBUFFERING]
      Events:            1
      Total time:        152 ms
      Ratio:             0.1264%
      Frequency:         0.500 per minute
      Avg duration:      152 ms
      Max duration:      152 ms

  [THROUGHPUT]
      Average:           8,947 kbps
      Median:            6,221 kbps
      Min / Max:         5,267 / 61,643 kbps
      Std deviation:     8,020.6 kbps

  [AVAILABLE BW (trace)]
      Average:           331,254 kbps
      Min / Max:         312,138 / 344,882 kbps
      Utilisation:       1.9%

  [BUFFER]
      Average level:     31.4 s
      Min / Max:         0.0 / 33.8 s

  [UTILIZATION]
      Bandwidth:         1.5%

======================================================================

[SAVED] results/run_all_20260607_000000/hls_fcc_2023/benchmark_hls_fcc2023_098_unit82066905_tc_20260607_200441.json

──────────────────────────────────────────────────────────────────────
  [100/150] fcc2023_099_unit38713465_tc.csv
──────────────────────────────────────────────────────────────────────
[TRACE] fcc2023_099_unit38713465_tc.csv
[HLS-SHAPER] Triggering tc-trace via /startShaping API...
[HLS-SHAPER] tc-trace.py starting in container

======================================================================
  HLS Streaming QoE Benchmark (hls.js)
======================================================================
  Server: http://localhost:8080/hls.html?manifest=http://localhost:8080/hls/master.m3u8
======================================================================

[TRACE] Loaded 249 entries with bandwidth
[BROWSER] Launching headless Chromium...
[BROWSER] Waiting for playback to start...
   Startup delay: 764ms

[PLAYBACK] Collecting metrics...
   t=10s | buffer: 29.8s | bitrate: 4950 kbps | tp: 15829 kbps | trace_bw: 243437 kbps
   t=20s | buffer: 31.6s | bitrate: 4950 kbps | tp: 10420 kbps | trace_bw: 272092 kbps
   t=31s | buffer: 29.4s | bitrate: 4950 kbps | tp: 7687 kbps | trace_bw: 280247 kbps
   t=41s | buffer: 31.1s | bitrate: 4950 kbps | tp: 6914 kbps | trace_bw: 281895 kbps
   t=51s | buffer: 32.9s | bitrate: 4950 kbps | tp: 6962 kbps | trace_bw: 276362 kbps
   t=61s | buffer: 30.7s | bitrate: 4950 kbps | tp: 6117 kbps | trace_bw: 351966 kbps
   t=72s | buffer: 32.5s | bitrate: 4950 kbps | tp: 5811 kbps | trace_bw: 243115 kbps
   t=82s | buffer: 30.3s | bitrate: 4950 kbps | tp: 5525 kbps | trace_bw: 299166 kbps
   t=92s | buffer: 32.0s | bitrate: 4950 kbps | tp: 5675 kbps | trace_bw: 287788 kbps
   t=102s | buffer: 29.8s | bitrate: 4950 kbps | tp: 5403 kbps | trace_bw: 261980 kbps
   t=112s | buffer: 31.6s | bitrate: 4950 kbps | tp: 5406 kbps | trace_bw: 248320 kbps

======================================================================
  BENCHMARK RESULTS (HLS / hls.js)
======================================================================

  [TIMING]
      Startup delay:     764 ms
      Playback time:     120.1 s

  [BITRATE]
      Average (selected):  4,800 kbps
      Average (effective): 4,786 kbps
      Min / Max:           440 / 4,950 kbps
      Median:              4,950 kbps
      Std deviation:       807.9 kbps
      Variance:            652,777.1
      25th/75th %ile:      4,950 / 4,950 kbps

  [SWITCHES]
      Total count:       1
      Up / Down:         1 / 0
      Avg magnitude:     4,510 kbps

  [REBUFFERING]
      Events:            1
      Total time:        356 ms
      Ratio:             0.2955%
      Frequency:         0.499 per minute
      Avg duration:      356 ms
      Max duration:      356 ms

  [THROUGHPUT]
      Average:           8,509 kbps
      Median:            6,220 kbps
      Min / Max:         5,244 / 36,915 kbps
      Std deviation:     6,088.4 kbps

  [AVAILABLE BW (trace)]
      Average:           273,837 kbps
      Min / Max:         198,050 / 351,966 kbps
      Utilisation:       2.3%

  [BUFFER]
      Average level:     30.8 s
      Min / Max:         0.0 / 33.5 s

  [UTILIZATION]
      Bandwidth:         1.7%

======================================================================

[SAVED] results/run_all_20260607_000000/hls_fcc_2023/benchmark_hls_fcc2023_099_unit38713465_tc_20260607_200645.json

──────────────────────────────────────────────────────────────────────
  [101/150] fcc2023_100_unit4636305_tc.csv
──────────────────────────────────────────────────────────────────────
[TRACE] fcc2023_100_unit4636305_tc.csv
[HLS-SHAPER] Triggering tc-trace via /startShaping API...
[HLS-SHAPER] tc-trace.py starting in container

======================================================================
  HLS Streaming QoE Benchmark (hls.js)
======================================================================
  Server: http://localhost:8080/hls.html?manifest=http://localhost:8080/hls/master.m3u8
======================================================================

[TRACE] Loaded 284 entries with bandwidth
[BROWSER] Launching headless Chromium...
[BROWSER] Waiting for playback to start...
   Startup delay: 534ms

[PLAYBACK] Collecting metrics...
   t=10s | buffer: 29.8s | bitrate: 4950 kbps | tp: 15811 kbps | trace_bw: 365987 kbps
   t=20s | buffer: 31.6s | bitrate: 4950 kbps | tp: 10411 kbps | trace_bw: 369334 kbps
   t=31s | buffer: 33.4s | bitrate: 4950 kbps | tp: 8124 kbps | trace_bw: 199340 kbps
   t=41s | buffer: 31.1s | bitrate: 4950 kbps | tp: 6909 kbps | trace_bw: 364046 kbps
   t=51s | buffer: 32.9s | bitrate: 4950 kbps | tp: 6957 kbps | trace_bw: 187406 kbps
   t=61s | buffer: 30.7s | bitrate: 4950 kbps | tp: 6112 kbps | trace_bw: 369649 kbps
   t=72s | buffer: 32.4s | bitrate: 4950 kbps | tp: 5806 kbps | trace_bw: 192595 kbps
   t=82s | buffer: 30.3s | bitrate: 4950 kbps | tp: 5524 kbps | trace_bw: 366231 kbps
   t=92s | buffer: 32.0s | bitrate: 4950 kbps | tp: 5674 kbps | trace_bw: 362276 kbps
   t=102s | buffer: 29.8s | bitrate: 4950 kbps | tp: 5401 kbps | trace_bw: 364751 kbps
   t=112s | buffer: 31.6s | bitrate: 4950 kbps | tp: 5405 kbps | trace_bw: 369042 kbps

======================================================================
  BENCHMARK RESULTS (HLS / hls.js)
======================================================================

  [TIMING]
      Startup delay:     534 ms
      Playback time:     120.1 s

  [BITRATE]
      Average (selected):  4,800 kbps
      Average (effective): 4,790 kbps
      Min / Max:           440 / 4,950 kbps
      Median:              4,950 kbps
      Std deviation:       809.6 kbps
      Variance:            655,403.2
      25th/75th %ile:      4,950 / 4,950 kbps

  [SWITCHES]
      Total count:       1
      Up / Down:         1 / 0
      Avg magnitude:     4,510 kbps

  [REBUFFERING]
      Events:            1
      Total time:        239 ms
      Ratio:             0.1985%
      Frequency:         0.499 per minute
      Avg duration:      239 ms
      Max duration:      239 ms

  [THROUGHPUT]
      Average:           8,419 kbps
      Median:            6,215 kbps
      Min / Max:         5,265 / 40,768 kbps
      Std deviation:     5,794.6 kbps

  [AVAILABLE BW (trace)]
      Average:           321,699 kbps
      Min / Max:         187,406 / 369,649 kbps
      Utilisation:       1.9%

  [BUFFER]
      Average level:     30.8 s
      Min / Max:         0.0 / 33.5 s

  [UTILIZATION]
      Bandwidth:         1.3%

======================================================================

[SAVED] results/run_all_20260607_000000/hls_fcc_2023/benchmark_hls_fcc2023_100_unit4636305_tc_20260607_200849.json

──────────────────────────────────────────────────────────────────────
  [102/150] fcc2023_101_unit997205_tc.csv
──────────────────────────────────────────────────────────────────────
[TRACE] fcc2023_101_unit997205_tc.csv
[HLS-SHAPER] Triggering tc-trace via /startShaping API...
[HLS-SHAPER] tc-trace.py starting in container

======================================================================
  HLS Streaming QoE Benchmark (hls.js)
======================================================================
  Server: http://localhost:8080/hls.html?manifest=http://localhost:8080/hls/master.m3u8
======================================================================

[TRACE] Loaded 259 entries with bandwidth
[BROWSER] Launching headless Chromium...
[BROWSER] Waiting for playback to start...
   Startup delay: 586ms

[PLAYBACK] Collecting metrics...
   t=10s | buffer: 29.8s | bitrate: 4950 kbps | tp: 15822 kbps | trace_bw: 343279 kbps
   t=20s | buffer: 31.6s | bitrate: 4950 kbps | tp: 10430 kbps | trace_bw: 367118 kbps
   t=31s | buffer: 33.4s | bitrate: 4950 kbps | tp: 8136 kbps | trace_bw: 369922 kbps
   t=41s | buffer: 31.2s | bitrate: 4950 kbps | tp: 6919 kbps | trace_bw: 369288 kbps
   t=51s | buffer: 32.9s | bitrate: 4950 kbps | tp: 6966 kbps | trace_bw: 369035 kbps
   t=61s | buffer: 30.7s | bitrate: 4950 kbps | tp: 6121 kbps | trace_bw: 363929 kbps
   t=72s | buffer: 32.5s | bitrate: 4950 kbps | tp: 5814 kbps | trace_bw: 367158 kbps
   t=82s | buffer: 30.3s | bitrate: 4950 kbps | tp: 5529 kbps | trace_bw: 361064 kbps
   t=92s | buffer: 32.1s | bitrate: 4950 kbps | tp: 5677 kbps | trace_bw: 366272 kbps
   t=102s | buffer: 29.9s | bitrate: 4950 kbps | tp: 5404 kbps | trace_bw: 358528 kbps
   t=112s | buffer: 31.7s | bitrate: 4950 kbps | tp: 5407 kbps | trace_bw: 358909 kbps

======================================================================
  BENCHMARK RESULTS (HLS / hls.js)
======================================================================

  [TIMING]
      Startup delay:     586 ms
      Playback time:     120.1 s

  [BITRATE]
      Average (selected):  4,800 kbps
      Average (effective): 4,790 kbps
      Min / Max:           440 / 4,950 kbps
      Median:              4,950 kbps
      Std deviation:       809.6 kbps
      Variance:            655,403.2
      25th/75th %ile:      4,950 / 4,950 kbps

  [SWITCHES]
      Total count:       1
      Up / Down:         1 / 0
      Avg magnitude:     4,510 kbps

  [REBUFFERING]
      Events:            1
      Total time:        243 ms
      Ratio:             0.2019%
      Frequency:         0.500 per minute
      Avg duration:      243 ms
      Max duration:      243 ms

  [THROUGHPUT]
      Average:           8,683 kbps
      Median:            6,225 kbps
      Min / Max:         5,268 / 41,340 kbps
      Std deviation:     6,753.7 kbps

  [AVAILABLE BW (trace)]
      Average:           362,977 kbps
      Min / Max:         343,279 / 370,833 kbps
      Utilisation:       1.7%

  [BUFFER]
      Average level:     31.1 s
      Min / Max:         0.0 / 33.6 s

  [UTILIZATION]
      Bandwidth:         1.3%

======================================================================

[SAVED] results/run_all_20260607_000000/hls_fcc_2023/benchmark_hls_fcc2023_101_unit997205_tc_20260607_201053.json

──────────────────────────────────────────────────────────────────────
  [103/150] fcc2023_102_unit3814649_tc.csv
──────────────────────────────────────────────────────────────────────
[TRACE] fcc2023_102_unit3814649_tc.csv
[HLS-SHAPER] Triggering tc-trace via /startShaping API...
[HLS-SHAPER] tc-trace.py starting in container

======================================================================
  HLS Streaming QoE Benchmark (hls.js)
======================================================================
  Server: http://localhost:8080/hls.html?manifest=http://localhost:8080/hls/master.m3u8
======================================================================

[TRACE] Loaded 138 entries with bandwidth
[BROWSER] Launching headless Chromium...
[BROWSER] Waiting for playback to start...
   Startup delay: 827ms

[PLAYBACK] Collecting metrics...
   t=10s | buffer: 29.9s | bitrate: 4950 kbps | tp: 15855 kbps | trace_bw: 370144 kbps
   t=20s | buffer: 31.6s | bitrate: 4950 kbps | tp: 10432 kbps | trace_bw: 370225 kbps
   t=31s | buffer: 33.4s | bitrate: 4950 kbps | tp: 8139 kbps | trace_bw: 58223 kbps
   t=41s | buffer: 31.2s | bitrate: 4950 kbps | tp: 6917 kbps | trace_bw: 369612 kbps
   t=51s | buffer: 32.9s | bitrate: 4950 kbps | tp: 6964 kbps | trace_bw: 370259 kbps
   t=61s | buffer: 30.7s | bitrate: 4950 kbps | tp: 6118 kbps | trace_bw: 370145 kbps
   t=72s | buffer: 32.5s | bitrate: 4950 kbps | tp: 5811 kbps | trace_bw: 58082 kbps
   t=82s | buffer: 30.3s | bitrate: 4950 kbps | tp: 5527 kbps | trace_bw: 370163 kbps
   t=92s | buffer: 32.1s | bitrate: 4950 kbps | tp: 5676 kbps | trace_bw: 367775 kbps
   t=102s | buffer: 29.8s | bitrate: 4950 kbps | tp: 5402 kbps | trace_bw: 370144 kbps
   t=112s | buffer: 31.6s | bitrate: 4950 kbps | tp: 5406 kbps | trace_bw: 367198 kbps

======================================================================
  BENCHMARK RESULTS (HLS / hls.js)
======================================================================

  [TIMING]
      Startup delay:     827 ms
      Playback time:     120.1 s

  [BITRATE]
      Average (selected):  4,800 kbps
      Average (effective): 4,785 kbps
      Min / Max:           440 / 4,950 kbps
      Median:              4,950 kbps
      Std deviation:       807.9 kbps
      Variance:            652,777.1
      25th/75th %ile:      4,950 / 4,950 kbps

  [SWITCHES]
      Total count:       1
      Up / Down:         1 / 0
      Avg magnitude:     4,510 kbps

  [REBUFFERING]
      Events:            1
      Total time:        384 ms
      Ratio:             0.3186%
      Frequency:         0.499 per minute
      Avg duration:      384 ms
      Max duration:      384 ms

  [THROUGHPUT]
      Average:           8,079 kbps
      Median:            6,222 kbps
      Min / Max:         5,221 / 25,992 kbps
      Std deviation:     4,550.4 kbps

  [AVAILABLE BW (trace)]
      Average:           303,617 kbps
      Min / Max:         57,270 / 370,366 kbps
      Utilisation:       2.0%

  [BUFFER]
      Average level:     30.3 s
      Min / Max:         0.0 / 33.5 s

  [UTILIZATION]
      Bandwidth:         1.3%

======================================================================

[SAVED] results/run_all_20260607_000000/hls_fcc_2023/benchmark_hls_fcc2023_102_unit3814649_tc_20260607_201257.json

──────────────────────────────────────────────────────────────────────
  [104/150] fcc2023_103_unit798298_tc.csv
──────────────────────────────────────────────────────────────────────
[TRACE] fcc2023_103_unit798298_tc.csv
[HLS-SHAPER] Triggering tc-trace via /startShaping API...
[HLS-SHAPER] tc-trace.py starting in container

======================================================================
  HLS Streaming QoE Benchmark (hls.js)
======================================================================
  Server: http://localhost:8080/hls.html?manifest=http://localhost:8080/hls/master.m3u8
======================================================================

[TRACE] Loaded 296 entries with bandwidth
[BROWSER] Launching headless Chromium...
[BROWSER] Waiting for playback to start...
   Startup delay: 559ms

[PLAYBACK] Collecting metrics...
   t=10s | buffer: 29.8s | bitrate: 4950 kbps | tp: 15844 kbps | trace_bw: 385650 kbps
   t=20s | buffer: 31.6s | bitrate: 4950 kbps | tp: 10431 kbps | trace_bw: 302133 kbps
   t=31s | buffer: 33.4s | bitrate: 4950 kbps | tp: 8137 kbps | trace_bw: 388605 kbps
   t=41s | buffer: 31.2s | bitrate: 4950 kbps | tp: 6918 kbps | trace_bw: 313260 kbps
   t=51s | buffer: 32.9s | bitrate: 4950 kbps | tp: 6964 kbps | trace_bw: 360595 kbps
   t=61s | buffer: 30.7s | bitrate: 4950 kbps | tp: 6119 kbps | trace_bw: 410185 kbps
   t=72s | buffer: 32.5s | bitrate: 4950 kbps | tp: 5811 kbps | trace_bw: 371280 kbps
   t=82s | buffer: 30.3s | bitrate: 4950 kbps | tp: 5526 kbps | trace_bw: 349851 kbps
   t=92s | buffer: 32.1s | bitrate: 4950 kbps | tp: 5676 kbps | trace_bw: 374603 kbps
   t=102s | buffer: 29.9s | bitrate: 4950 kbps | tp: 5404 kbps | trace_bw: 352804 kbps
   t=112s | buffer: 31.7s | bitrate: 4950 kbps | tp: 5407 kbps | trace_bw: 403926 kbps

======================================================================
  BENCHMARK RESULTS (HLS / hls.js)
======================================================================

  [TIMING]
      Startup delay:     559 ms
      Playback time:     120.1 s

  [BITRATE]
      Average (selected):  4,800 kbps
      Average (effective): 4,790 kbps
      Min / Max:           440 / 4,950 kbps
      Median:              4,950 kbps
      Std deviation:       809.6 kbps
      Variance:            655,403.2
      25th/75th %ile:      4,950 / 4,950 kbps

  [SWITCHES]
      Total count:       1
      Up / Down:         1 / 0
      Avg magnitude:     4,510 kbps

  [REBUFFERING]
      Events:            1
      Total time:        232 ms
      Ratio:             0.1928%
      Frequency:         0.500 per minute
      Avg duration:      232 ms
      Max duration:      232 ms

  [THROUGHPUT]
      Average:           8,723 kbps
      Median:            6,222 kbps
      Min / Max:         5,267 / 47,673 kbps
      Std deviation:     6,915.7 kbps

  [AVAILABLE BW (trace)]
      Average:           363,298 kbps
      Min / Max:         298,818 / 410,185 kbps
      Utilisation:       1.7%

  [BUFFER]
      Average level:     31.2 s
      Min / Max:         0.0 / 33.6 s

  [UTILIZATION]
      Bandwidth:         1.3%

======================================================================

[SAVED] results/run_all_20260607_000000/hls_fcc_2023/benchmark_hls_fcc2023_103_unit798298_tc_20260607_201502.json

──────────────────────────────────────────────────────────────────────
  [105/150] fcc2023_104_unit943306_tc.csv
──────────────────────────────────────────────────────────────────────
[TRACE] fcc2023_104_unit943306_tc.csv
[HLS-SHAPER] Triggering tc-trace via /startShaping API...
[HLS-SHAPER] tc-trace.py starting in container

======================================================================
  HLS Streaming QoE Benchmark (hls.js)
======================================================================
  Server: http://localhost:8080/hls.html?manifest=http://localhost:8080/hls/master.m3u8
======================================================================

[TRACE] Loaded 199 entries with bandwidth
[BROWSER] Launching headless Chromium...
[BROWSER] Waiting for playback to start...
   Startup delay: 469ms

[PLAYBACK] Collecting metrics...
   t=10s | buffer: 29.8s | bitrate: 4950 kbps | tp: 15834 kbps | trace_bw: 429750 kbps
   t=20s | buffer: 31.6s | bitrate: 4950 kbps | tp: 10424 kbps | trace_bw: 431303 kbps
   t=31s | buffer: 33.4s | bitrate: 4950 kbps | tp: 8134 kbps | trace_bw: 435444 kbps
   t=41s | buffer: 31.2s | bitrate: 4950 kbps | tp: 6920 kbps | trace_bw: 430442 kbps
   t=51s | buffer: 33.0s | bitrate: 4950 kbps | tp: 6967 kbps | trace_bw: 429246 kbps
   t=61s | buffer: 30.8s | bitrate: 4950 kbps | tp: 6121 kbps | trace_bw: 432942 kbps
   t=72s | buffer: 32.5s | bitrate: 4950 kbps | tp: 5812 kbps | trace_bw: 433458 kbps
   t=82s | buffer: 30.3s | bitrate: 4950 kbps | tp: 5528 kbps | trace_bw: 434445 kbps
   t=92s | buffer: 32.1s | bitrate: 4950 kbps | tp: 5678 kbps | trace_bw: 335239 kbps
   t=102s | buffer: 29.9s | bitrate: 4950 kbps | tp: 5404 kbps | trace_bw: 400681 kbps
   t=112s | buffer: 31.6s | bitrate: 4950 kbps | tp: 5406 kbps | trace_bw: 385610 kbps

======================================================================
  BENCHMARK RESULTS (HLS / hls.js)
======================================================================

  [TIMING]
      Startup delay:     469 ms
      Playback time:     120.1 s

  [BITRATE]
      Average (selected):  4,800 kbps
      Average (effective): 4,792 kbps
      Min / Max:           440 / 4,950 kbps
      Median:              4,950 kbps
      Std deviation:       809.6 kbps
      Variance:            655,403.2
      25th/75th %ile:      4,950 / 4,950 kbps

  [SWITCHES]
      Total count:       1
      Up / Down:         1 / 0
      Avg magnitude:     4,510 kbps

  [REBUFFERING]
      Events:            1
      Total time:        202 ms
      Ratio:             0.1679%
      Frequency:         0.500 per minute
      Avg duration:      202 ms
      Max duration:      202 ms

  [THROUGHPUT]
      Average:           9,015 kbps
      Median:            6,224 kbps
      Min / Max:         5,267 / 61,958 kbps
      Std deviation:     8,347.7 kbps

  [AVAILABLE BW (trace)]
      Average:           416,863 kbps
      Min / Max:         335,239 / 436,082 kbps
      Utilisation:       1.5%

  [BUFFER]
      Average level:     31.4 s
      Min / Max:         0.0 / 33.8 s

  [UTILIZATION]
      Bandwidth:         1.1%

======================================================================

[SAVED] results/run_all_20260607_000000/hls_fcc_2023/benchmark_hls_fcc2023_104_unit943306_tc_20260607_201706.json

──────────────────────────────────────────────────────────────────────
  [106/150] fcc2023_105_unit23487169_tc.csv
──────────────────────────────────────────────────────────────────────
[TRACE] fcc2023_105_unit23487169_tc.csv
[HLS-SHAPER] Triggering tc-trace via /startShaping API...
[HLS-SHAPER] tc-trace.py starting in container

======================================================================
  HLS Streaming QoE Benchmark (hls.js)
======================================================================
  Server: http://localhost:8080/hls.html?manifest=http://localhost:8080/hls/master.m3u8
======================================================================

[TRACE] Loaded 200 entries with bandwidth
[BROWSER] Launching headless Chromium...
[BROWSER] Waiting for playback to start...
   Startup delay: 930ms

[PLAYBACK] Collecting metrics...
   t=10s | buffer: 29.8s | bitrate: 4950 kbps | tp: 15802 kbps | trace_bw: 399921 kbps
   t=20s | buffer: 31.6s | bitrate: 4950 kbps | tp: 10410 kbps | trace_bw: 399863 kbps
   t=31s | buffer: 29.3s | bitrate: 4950 kbps | tp: 7680 kbps | trace_bw: 399330 kbps
   t=41s | buffer: 31.1s | bitrate: 4950 kbps | tp: 6911 kbps | trace_bw: 399931 kbps
   t=51s | buffer: 32.9s | bitrate: 4950 kbps | tp: 6960 kbps | trace_bw: 399455 kbps
   t=61s | buffer: 30.7s | bitrate: 4950 kbps | tp: 6114 kbps | trace_bw: 399918 kbps
   t=72s | buffer: 32.4s | bitrate: 4950 kbps | tp: 5806 kbps | trace_bw: 398356 kbps
   t=82s | buffer: 30.2s | bitrate: 4950 kbps | tp: 5521 kbps | trace_bw: 399852 kbps
   t=92s | buffer: 32.0s | bitrate: 4950 kbps | tp: 5670 kbps | trace_bw: 399947 kbps
   t=102s | buffer: 29.8s | bitrate: 4950 kbps | tp: 5399 kbps | trace_bw: 392170 kbps
   t=113s | buffer: 31.5s | bitrate: 4950 kbps | tp: 5402 kbps | trace_bw: 399767 kbps

======================================================================
  BENCHMARK RESULTS (HLS / hls.js)
======================================================================

  [TIMING]
      Startup delay:     930 ms
      Playback time:     120.2 s

  [BITRATE]
      Average (selected):  4,800 kbps
      Average (effective): 4,781 kbps
      Min / Max:           440 / 4,950 kbps
      Median:              4,950 kbps
      Std deviation:       809.6 kbps
      Variance:            655,403.2
      25th/75th %ile:      4,950 / 4,950 kbps

  [SWITCHES]
      Total count:       1
      Up / Down:         1 / 0
      Avg magnitude:     4,510 kbps

  [REBUFFERING]
      Events:            1
      Total time:        460 ms
      Ratio:             0.3812%
      Frequency:         0.499 per minute
      Avg duration:      460 ms
      Max duration:      460 ms

  [THROUGHPUT]
      Average:           7,574 kbps
      Median:            6,165 kbps
      Min / Max:         10 / 19,736 kbps
      Std deviation:     3,322.2 kbps

  [AVAILABLE BW (trace)]
      Average:           399,262 kbps
      Min / Max:         392,170 / 399,947 kbps
      Utilisation:       1.5%

  [BUFFER]
      Average level:     29.9 s
      Min / Max:         0.0 / 33.3 s

  [UTILIZATION]
      Bandwidth:         1.2%

======================================================================

[SAVED] results/run_all_20260607_000000/hls_fcc_2023/benchmark_hls_fcc2023_105_unit23487169_tc_20260607_201910.json

──────────────────────────────────────────────────────────────────────
  [107/150] fcc2023_106_unit25619233_tc.csv
──────────────────────────────────────────────────────────────────────
[TRACE] fcc2023_106_unit25619233_tc.csv
[HLS-SHAPER] Triggering tc-trace via /startShaping API...
[HLS-SHAPER] tc-trace.py starting in container

======================================================================
  HLS Streaming QoE Benchmark (hls.js)
======================================================================
  Server: http://localhost:8080/hls.html?manifest=http://localhost:8080/hls/master.m3u8
======================================================================

[TRACE] Loaded 115 entries with bandwidth
[BROWSER] Launching headless Chromium...
[BROWSER] Waiting for playback to start...
   Startup delay: 2731ms

[PLAYBACK] Collecting metrics...
   t=10s | buffer: 13.9s | bitrate: 3300 kbps | tp: 5424 kbps | trace_bw: 306813 kbps
   t=20s | buffer: 23.6s | bitrate: 4950 kbps | tp: 7503 kbps | trace_bw: 425707 kbps
   t=31s | buffer: 29.4s | bitrate: 4950 kbps | tp: 6957 kbps | trace_bw: 405563 kbps
   t=41s | buffer: 31.2s | bitrate: 4950 kbps | tp: 6371 kbps | trace_bw: 424886 kbps
   t=51s | buffer: 25.0s | bitrate: 4950 kbps | tp: 5516 kbps | trace_bw: 286629 kbps
   t=61s | buffer: 30.7s | bitrate: 4950 kbps | tp: 5752 kbps | trace_bw: 276884 kbps
   t=72s | buffer: 28.5s | bitrate: 4950 kbps | tp: 5262 kbps | trace_bw: 426031 kbps
   t=82s | buffer: 30.3s | bitrate: 4950 kbps | tp: 5253 kbps | trace_bw: 165862 kbps
   t=92s | buffer: 28.1s | bitrate: 4950 kbps | tp: 5212 kbps | trace_bw: 420824 kbps
   t=102s | buffer: 29.9s | bitrate: 4950 kbps | tp: 5185 kbps | trace_bw: 425407 kbps
   t=112s | buffer: 27.7s | bitrate: 4950 kbps | tp: 5026 kbps | trace_bw: 221595 kbps

======================================================================
  BENCHMARK RESULTS (HLS / hls.js)
======================================================================

  [TIMING]
      Startup delay:     2,731 ms
      Playback time:     120.1 s

  [BITRATE]
      Average (selected):  4,598 kbps
      Average (effective): 4,559 kbps
      Min / Max:           440 / 4,950 kbps
      Median:              4,950 kbps
      Std deviation:       993.8 kbps
      Variance:            987,682.7
      25th/75th %ile:      4,950 / 4,950 kbps

  [SWITCHES]
      Total count:       3
      Up / Down:         3 / 0
      Avg magnitude:     1,503 kbps

  [REBUFFERING]
      Events:            1
      Total time:        1,024 ms
      Ratio:             0.8457%
      Frequency:         0.500 per minute
      Avg duration:      1,024 ms
      Max duration:      1,024 ms

  [THROUGHPUT]
      Average:           5,665 kbps
      Median:            5,367 kbps
      Min / Max:         7 / 8,035 kbps
      Std deviation:     1,041.5 kbps

  [AVAILABLE BW (trace)]
      Average:           363,016 kbps
      Min / Max:         165,862 / 428,009 kbps
      Utilisation:       1.5%

  [BUFFER]
      Average level:     26.4 s
      Min / Max:         0.0 / 32.5 s

  [UTILIZATION]
      Bandwidth:         1.1%

======================================================================

[SAVED] results/run_all_20260607_000000/hls_fcc_2023/benchmark_hls_fcc2023_106_unit25619233_tc_20260607_202114.json

──────────────────────────────────────────────────────────────────────
  [108/150] fcc2023_107_unit999421_tc.csv
──────────────────────────────────────────────────────────────────────
[TRACE] fcc2023_107_unit999421_tc.csv
[HLS-SHAPER] Triggering tc-trace via /startShaping API...
[HLS-SHAPER] tc-trace.py starting in container

======================================================================
  HLS Streaming QoE Benchmark (hls.js)
======================================================================
  Server: http://localhost:8080/hls.html?manifest=http://localhost:8080/hls/master.m3u8
======================================================================

[TRACE] Loaded 134 entries with bandwidth
[BROWSER] Launching headless Chromium...
[BROWSER] Waiting for playback to start...
   Startup delay: 323ms

[PLAYBACK] Collecting metrics...
   t=10s | buffer: 33.8s | bitrate: 4950 kbps | tp: 17158 kbps | trace_bw: 441859 kbps
   t=20s | buffer: 31.6s | bitrate: 4950 kbps | tp: 10417 kbps | trace_bw: 447845 kbps
   t=31s | buffer: 33.4s | bitrate: 4950 kbps | tp: 8129 kbps | trace_bw: 434659 kbps
   t=41s | buffer: 31.1s | bitrate: 4950 kbps | tp: 6913 kbps | trace_bw: 446938 kbps
   t=51s | buffer: 32.9s | bitrate: 4950 kbps | tp: 6963 kbps | trace_bw: 437664 kbps
   t=61s | buffer: 30.7s | bitrate: 4950 kbps | tp: 6116 kbps | trace_bw: 451973 kbps
   t=72s | buffer: 32.5s | bitrate: 4950 kbps | tp: 5808 kbps | trace_bw: 443407 kbps
   t=82s | buffer: 30.3s | bitrate: 4950 kbps | tp: 5526 kbps | trace_bw: 384490 kbps
   t=92s | buffer: 32.0s | bitrate: 4950 kbps | tp: 5674 kbps | trace_bw: 201606 kbps
   t=102s | buffer: 33.8s | bitrate: 4950 kbps | tp: 5571 kbps | trace_bw: 28844 kbps
   t=112s | buffer: 31.6s | bitrate: 4950 kbps | tp: 5403 kbps | trace_bw: 426020 kbps

======================================================================
  BENCHMARK RESULTS (HLS / hls.js)
======================================================================

  [TIMING]
      Startup delay:     323 ms
      Playback time:     120.2 s

  [BITRATE]
      Average (selected):  4,800 kbps
      Average (effective): 4,793 kbps
      Min / Max:           440 / 4,950 kbps
      Median:              4,950 kbps
      Std deviation:       809.6 kbps
      Variance:            655,403.2
      25th/75th %ile:      4,950 / 4,950 kbps

  [SWITCHES]
      Total count:       1
      Up / Down:         1 / 0
      Avg magnitude:     4,510 kbps

  [REBUFFERING]
      Events:            1
      Total time:        163 ms
      Ratio:             0.1354%
      Frequency:         0.499 per minute
      Avg duration:      163 ms
      Max duration:      163 ms

  [THROUGHPUT]
      Average:           9,457 kbps
      Median:            6,220 kbps
      Min / Max:         5,263 / 122,473 kbps
      Std deviation:     11,473.8 kbps

  [AVAILABLE BW (trace)]
      Average:           380,502 kbps
      Min / Max:         28,844 / 451,973 kbps
      Utilisation:       1.6%

  [BUFFER]
      Average level:     31.7 s
      Min / Max:         0.0 / 33.9 s

  [UTILIZATION]
      Bandwidth:         1.1%

======================================================================

[SAVED] results/run_all_20260607_000000/hls_fcc_2023/benchmark_hls_fcc2023_107_unit999421_tc_20260607_202321.json

──────────────────────────────────────────────────────────────────────
  [109/150] fcc2023_108_unit24195149_tc.csv
──────────────────────────────────────────────────────────────────────
[TRACE] fcc2023_108_unit24195149_tc.csv
[HLS-SHAPER] Triggering tc-trace via /startShaping API...
[HLS-SHAPER] tc-trace.py starting in container

======================================================================
  HLS Streaming QoE Benchmark (hls.js)
======================================================================
  Server: http://localhost:8080/hls.html?manifest=http://localhost:8080/hls/master.m3u8
======================================================================

[TRACE] Loaded 192 entries with bandwidth
[BROWSER] Launching headless Chromium...
[BROWSER] Waiting for playback to start...
   Startup delay: 489ms

[PLAYBACK] Collecting metrics...
   t=10s | buffer: 29.8s | bitrate: 4950 kbps | tp: 15836 kbps | trace_bw: 433583 kbps
   t=20s | buffer: 31.6s | bitrate: 4950 kbps | tp: 10423 kbps | trace_bw: 435531 kbps
   t=31s | buffer: 33.4s | bitrate: 4950 kbps | tp: 8133 kbps | trace_bw: 435547 kbps
   t=41s | buffer: 31.2s | bitrate: 4950 kbps | tp: 6918 kbps | trace_bw: 435530 kbps
   t=51s | buffer: 32.9s | bitrate: 4950 kbps | tp: 6963 kbps | trace_bw: 435515 kbps
   t=61s | buffer: 30.7s | bitrate: 4950 kbps | tp: 6119 kbps | trace_bw: 432150 kbps
   t=72s | buffer: 32.5s | bitrate: 4950 kbps | tp: 5811 kbps | trace_bw: 435023 kbps
   t=82s | buffer: 30.3s | bitrate: 4950 kbps | tp: 5526 kbps | trace_bw: 433032 kbps
   t=92s | buffer: 32.0s | bitrate: 4950 kbps | tp: 5675 kbps | trace_bw: 435351 kbps
   t=102s | buffer: 29.8s | bitrate: 4950 kbps | tp: 5403 kbps | trace_bw: 435455 kbps
   t=112s | buffer: 31.6s | bitrate: 4950 kbps | tp: 5406 kbps | trace_bw: 432970 kbps

======================================================================
  BENCHMARK RESULTS (HLS / hls.js)
======================================================================

  [TIMING]
      Startup delay:     489 ms
      Playback time:     120.1 s

  [BITRATE]
      Average (selected):  4,800 kbps
      Average (effective): 4,792 kbps
      Min / Max:           440 / 4,950 kbps
      Median:              4,950 kbps
      Std deviation:       809.6 kbps
      Variance:            655,403.2
      25th/75th %ile:      4,950 / 4,950 kbps

  [SWITCHES]
      Total count:       1
      Up / Down:         1 / 0
      Avg magnitude:     4,510 kbps

  [REBUFFERING]
      Events:            1
      Total time:        191 ms
      Ratio:             0.1588%
      Frequency:         0.500 per minute
      Avg duration:      191 ms
      Max duration:      191 ms

  [THROUGHPUT]
      Average:           8,526 kbps
      Median:            6,222 kbps
      Min / Max:         5,267 / 40,769 kbps
      Std deviation:     6,040.3 kbps

  [AVAILABLE BW (trace)]
      Average:           433,670 kbps
      Min / Max:         416,235 / 435,578 kbps
      Utilisation:       1.4%

  [BUFFER]
      Average level:     31.2 s
      Min / Max:         0.0 / 33.8 s

  [UTILIZATION]
      Bandwidth:         1.1%

======================================================================

[SAVED] results/run_all_20260607_000000/hls_fcc_2023/benchmark_hls_fcc2023_108_unit24195149_tc_20260607_202525.json

──────────────────────────────────────────────────────────────────────
  [110/150] fcc2023_109_unit25619269_tc.csv
──────────────────────────────────────────────────────────────────────
[TRACE] fcc2023_109_unit25619269_tc.csv
[HLS-SHAPER] Triggering tc-trace via /startShaping API...
[HLS-SHAPER] tc-trace.py starting in container

======================================================================
  HLS Streaming QoE Benchmark (hls.js)
======================================================================
  Server: http://localhost:8080/hls.html?manifest=http://localhost:8080/hls/master.m3u8
======================================================================

[TRACE] Loaded 137 entries with bandwidth
[BROWSER] Launching headless Chromium...
[BROWSER] Waiting for playback to start...
   Startup delay: 1525ms

[PLAYBACK] Collecting metrics...
   t=10s | buffer: 13.8s | bitrate: 4950 kbps | tp: 6875 kbps | trace_bw: 476744 kbps
   t=20s | buffer: 19.6s | bitrate: 4950 kbps | tp: 7546 kbps | trace_bw: 442919 kbps
   t=31s | buffer: 29.4s | bitrate: 4950 kbps | tp: 7446 kbps | trace_bw: 451913 kbps
   t=41s | buffer: 31.1s | bitrate: 4950 kbps | tp: 6733 kbps | trace_bw: 450154 kbps
   t=51s | buffer: 28.9s | bitrate: 4950 kbps | tp: 6494 kbps | trace_bw: 451191 kbps
   t=61s | buffer: 30.7s | bitrate: 4950 kbps | tp: 5993 kbps | trace_bw: 450073 kbps
   t=72s | buffer: 32.4s | bitrate: 4950 kbps | tp: 5702 kbps | trace_bw: 440139 kbps
   t=82s | buffer: 30.2s | bitrate: 4950 kbps | tp: 5429 kbps | trace_bw: 350872 kbps
   t=92s | buffer: 32.0s | bitrate: 4950 kbps | tp: 5588 kbps | trace_bw: 502109 kbps
   t=102s | buffer: 29.7s | bitrate: 4950 kbps | tp: 5324 kbps | trace_bw: 421613 kbps
   t=113s | buffer: 31.5s | bitrate: 4950 kbps | tp: 5334 kbps | trace_bw: 444621 kbps

======================================================================
  BENCHMARK RESULTS (HLS / hls.js)
======================================================================

  [TIMING]
      Startup delay:     1,525 ms
      Playback time:     120.2 s

  [BITRATE]
      Average (selected):  4,746 kbps
      Average (effective): 4,719 kbps
      Min / Max:           440 / 4,950 kbps
      Median:              4,950 kbps
      Std deviation:       850.7 kbps
      Variance:            723,750.9
      25th/75th %ile:      4,950 / 4,950 kbps

  [SWITCHES]
      Total count:       2
      Up / Down:         2 / 0
      Avg magnitude:     2,255 kbps

  [REBUFFERING]
      Events:            1
      Total time:        683 ms
      Ratio:             0.5648%
      Frequency:         0.499 per minute
      Avg duration:      683 ms
      Max duration:      683 ms

  [THROUGHPUT]
      Average:           6,080 kbps
      Median:            5,754 kbps
      Min / Max:         7 / 8,798 kbps
      Std deviation:     1,138.0 kbps

  [AVAILABLE BW (trace)]
      Average:           430,568 kbps
      Min / Max:         59,973 / 596,001 kbps
      Utilisation:       1.3%

  [BUFFER]
      Average level:     26.9 s
      Min / Max:         0.0 / 33.0 s

  [UTILIZATION]
      Bandwidth:         1.1%

======================================================================

[SAVED] results/run_all_20260607_000000/hls_fcc_2023/benchmark_hls_fcc2023_109_unit25619269_tc_20260607_202729.json

──────────────────────────────────────────────────────────────────────
  [111/150] fcc2023_110_unit36509077_tc.csv
──────────────────────────────────────────────────────────────────────
[TRACE] fcc2023_110_unit36509077_tc.csv
[HLS-SHAPER] Triggering tc-trace via /startShaping API...
[HLS-SHAPER] tc-trace.py starting in container

======================================================================
  HLS Streaming QoE Benchmark (hls.js)
======================================================================
  Server: http://localhost:8080/hls.html?manifest=http://localhost:8080/hls/master.m3u8
======================================================================

[TRACE] Loaded 299 entries with bandwidth
[BROWSER] Launching headless Chromium...
[BROWSER] Waiting for playback to start...
   Startup delay: 459ms

[PLAYBACK] Collecting metrics...
   t=10s | buffer: 29.8s | bitrate: 4950 kbps | tp: 15827 kbps | trace_bw: 456033 kbps
   t=20s | buffer: 31.6s | bitrate: 4950 kbps | tp: 10427 kbps | trace_bw: 473682 kbps
   t=31s | buffer: 33.4s | bitrate: 4950 kbps | tp: 8137 kbps | trace_bw: 470233 kbps
   t=41s | buffer: 31.2s | bitrate: 4950 kbps | tp: 6921 kbps | trace_bw: 455057 kbps
   t=51s | buffer: 33.0s | bitrate: 4950 kbps | tp: 6967 kbps | trace_bw: 466365 kbps
   t=61s | buffer: 30.7s | bitrate: 4950 kbps | tp: 6119 kbps | trace_bw: 458121 kbps
   t=72s | buffer: 32.5s | bitrate: 4950 kbps | tp: 5811 kbps | trace_bw: 473030 kbps
   t=82s | buffer: 30.3s | bitrate: 4950 kbps | tp: 5526 kbps | trace_bw: 472172 kbps
   t=92s | buffer: 32.1s | bitrate: 4950 kbps | tp: 5675 kbps | trace_bw: 469049 kbps
   t=102s | buffer: 29.8s | bitrate: 4950 kbps | tp: 5403 kbps | trace_bw: 459147 kbps
   t=112s | buffer: 31.6s | bitrate: 4950 kbps | tp: 5406 kbps | trace_bw: 465139 kbps

======================================================================
  BENCHMARK RESULTS (HLS / hls.js)
======================================================================

  [TIMING]
      Startup delay:     459 ms
      Playback time:     120.1 s

  [BITRATE]
      Average (selected):  4,800 kbps
      Average (effective): 4,792 kbps
      Min / Max:           440 / 4,950 kbps
      Median:              4,950 kbps
      Std deviation:       809.6 kbps
      Variance:            655,403.2
      25th/75th %ile:      4,950 / 4,950 kbps

  [SWITCHES]
      Total count:       1
      Up / Down:         1 / 0
      Avg magnitude:     4,510 kbps

  [REBUFFERING]
      Events:            1
      Total time:        187 ms
      Ratio:             0.1554%
      Frequency:         0.500 per minute
      Avg duration:      187 ms
      Max duration:      187 ms

  [THROUGHPUT]
      Average:           9,017 kbps
      Median:            6,223 kbps
      Min / Max:         5,267 / 62,023 kbps
      Std deviation:     8,350.4 kbps

  [AVAILABLE BW (trace)]
      Average:           464,873 kbps
      Min / Max:         455,057 / 473,682 kbps
      Utilisation:       1.3%

  [BUFFER]
      Average level:     31.4 s
      Min / Max:         0.0 / 33.8 s

  [UTILIZATION]
      Bandwidth:         1.0%

======================================================================

[SAVED] results/run_all_20260607_000000/hls_fcc_2023/benchmark_hls_fcc2023_110_unit36509077_tc_20260607_202934.json

──────────────────────────────────────────────────────────────────────
  [112/150] fcc2023_111_unit25657857_tc.csv
──────────────────────────────────────────────────────────────────────
[TRACE] fcc2023_111_unit25657857_tc.csv
[HLS-SHAPER] Triggering tc-trace via /startShaping API...
[HLS-SHAPER] tc-trace.py starting in container

======================================================================
  HLS Streaming QoE Benchmark (hls.js)
======================================================================
  Server: http://localhost:8080/hls.html?manifest=http://localhost:8080/hls/master.m3u8
======================================================================

[TRACE] Loaded 306 entries with bandwidth
[BROWSER] Launching headless Chromium...
[BROWSER] Waiting for playback to start...
   Startup delay: 449ms

[PLAYBACK] Collecting metrics...
   t=10s | buffer: 29.8s | bitrate: 4950 kbps | tp: 15813 kbps | trace_bw: 475797 kbps
   t=20s | buffer: 31.6s | bitrate: 4950 kbps | tp: 10417 kbps | trace_bw: 474907 kbps
   t=31s | buffer: 33.3s | bitrate: 4950 kbps | tp: 8124 kbps | trace_bw: 475784 kbps
   t=41s | buffer: 31.1s | bitrate: 4950 kbps | tp: 6909 kbps | trace_bw: 474500 kbps
   t=51s | buffer: 32.9s | bitrate: 4950 kbps | tp: 6958 kbps | trace_bw: 452731 kbps
   t=61s | buffer: 30.7s | bitrate: 4950 kbps | tp: 6112 kbps | trace_bw: 475501 kbps
   t=72s | buffer: 32.4s | bitrate: 4950 kbps | tp: 5804 kbps | trace_bw: 474925 kbps
   t=82s | buffer: 30.2s | bitrate: 4950 kbps | tp: 5521 kbps | trace_bw: 475796 kbps
   t=92s | buffer: 32.0s | bitrate: 4950 kbps | tp: 5670 kbps | trace_bw: 474480 kbps
   t=102s | buffer: 29.7s | bitrate: 4950 kbps | tp: 5398 kbps | trace_bw: 474699 kbps
   t=113s | buffer: 31.5s | bitrate: 4950 kbps | tp: 5401 kbps | trace_bw: 475741 kbps

======================================================================
  BENCHMARK RESULTS (HLS / hls.js)
======================================================================

  [TIMING]
      Startup delay:     449 ms
      Playback time:     120.2 s

  [BITRATE]
      Average (selected):  4,800 kbps
      Average (effective): 4,792 kbps
      Min / Max:           440 / 4,950 kbps
      Median:              4,950 kbps
      Std deviation:       809.6 kbps
      Variance:            655,403.2
      25th/75th %ile:      4,950 / 4,950 kbps

  [SWITCHES]
      Total count:       1
      Up / Down:         1 / 0
      Avg magnitude:     4,510 kbps

  [REBUFFERING]
      Events:            1
      Total time:        196 ms
      Ratio:             0.1628%
      Frequency:         0.499 per minute
      Avg duration:      196 ms
      Max duration:      196 ms

  [THROUGHPUT]
      Average:           9,093 kbps
      Median:            6,216 kbps
      Min / Max:         5,262 / 67,222 kbps
      Std deviation:     8,926.4 kbps

  [AVAILABLE BW (trace)]
      Average:           474,004 kbps
      Min / Max:         452,731 / 475,797 kbps
      Utilisation:       1.3%

  [BUFFER]
      Average level:     31.2 s
      Min / Max:         0.0 / 33.7 s

  [UTILIZATION]
      Bandwidth:         1.0%

======================================================================

[SAVED] results/run_all_20260607_000000/hls_fcc_2023/benchmark_hls_fcc2023_111_unit25657857_tc_20260607_203138.json

──────────────────────────────────────────────────────────────────────
  [113/150] fcc2023_112_unit38714081_tc.csv
──────────────────────────────────────────────────────────────────────
[TRACE] fcc2023_112_unit38714081_tc.csv
[HLS-SHAPER] Triggering tc-trace via /startShaping API...
[HLS-SHAPER] tc-trace.py starting in container

======================================================================
  HLS Streaming QoE Benchmark (hls.js)
======================================================================
  Server: http://localhost:8080/hls.html?manifest=http://localhost:8080/hls/master.m3u8
======================================================================

[TRACE] Loaded 223 entries with bandwidth
[BROWSER] Launching headless Chromium...
[BROWSER] Waiting for playback to start...
   Startup delay: 406ms

[PLAYBACK] Collecting metrics...
   t=10s | buffer: 29.8s | bitrate: 4950 kbps | tp: 15823 kbps | trace_bw: 451516 kbps
   t=20s | buffer: 31.6s | bitrate: 4950 kbps | tp: 10421 kbps | trace_bw: 489154 kbps
   t=31s | buffer: 33.4s | bitrate: 4950 kbps | tp: 8132 kbps | trace_bw: 486778 kbps
   t=41s | buffer: 31.1s | bitrate: 4950 kbps | tp: 6915 kbps | trace_bw: 486892 kbps
   t=51s | buffer: 32.9s | bitrate: 4950 kbps | tp: 6962 kbps | trace_bw: 458847 kbps
   t=61s | buffer: 30.7s | bitrate: 4950 kbps | tp: 6119 kbps | trace_bw: 487322 kbps
   t=72s | buffer: 32.5s | bitrate: 4950 kbps | tp: 5811 kbps | trace_bw: 490982 kbps
   t=82s | buffer: 30.3s | bitrate: 4950 kbps | tp: 5527 kbps | trace_bw: 489852 kbps
   t=92s | buffer: 32.1s | bitrate: 4950 kbps | tp: 5676 kbps | trace_bw: 485968 kbps
   t=102s | buffer: 29.8s | bitrate: 4950 kbps | tp: 5403 kbps | trace_bw: 486909 kbps
   t=112s | buffer: 31.6s | bitrate: 4950 kbps | tp: 5406 kbps | trace_bw: 486801 kbps

======================================================================
  BENCHMARK RESULTS (HLS / hls.js)
======================================================================

  [TIMING]
      Startup delay:     406 ms
      Playback time:     120.1 s

  [BITRATE]
      Average (selected):  4,800 kbps
      Average (effective): 4,793 kbps
      Min / Max:           440 / 4,950 kbps
      Median:              4,950 kbps
      Std deviation:       809.6 kbps
      Variance:            655,403.2
      25th/75th %ile:      4,950 / 4,950 kbps

  [SWITCHES]
      Total count:       1
      Up / Down:         1 / 0
      Avg magnitude:     4,510 kbps

  [REBUFFERING]
      Events:            1
      Total time:        155 ms
      Ratio:             0.1289%
      Frequency:         0.500 per minute
      Avg duration:      155 ms
      Max duration:      155 ms

  [THROUGHPUT]
      Average:           9,262 kbps
      Median:            6,222 kbps
      Min / Max:         5,267 / 82,819 kbps
      Std deviation:     9,839.4 kbps

  [AVAILABLE BW (trace)]
      Average:           482,746 kbps
      Min / Max:         451,516 / 490,982 kbps
      Utilisation:       1.3%

  [BUFFER]
      Average level:     31.6 s
      Min / Max:         0.0 / 33.8 s

  [UTILIZATION]
      Bandwidth:         1.0%

======================================================================

[SAVED] results/run_all_20260607_000000/hls_fcc_2023/benchmark_hls_fcc2023_112_unit38714081_tc_20260607_203342.json

──────────────────────────────────────────────────────────────────────
  [114/150] fcc2023_113_unit1006988_tc.csv
──────────────────────────────────────────────────────────────────────
[TRACE] fcc2023_113_unit1006988_tc.csv
[HLS-SHAPER] Triggering tc-trace via /startShaping API...
[HLS-SHAPER] tc-trace.py starting in container

======================================================================
  HLS Streaming QoE Benchmark (hls.js)
======================================================================
  Server: http://localhost:8080/hls.html?manifest=http://localhost:8080/hls/master.m3u8
======================================================================

[TRACE] Loaded 124 entries with bandwidth
[BROWSER] Launching headless Chromium...
[BROWSER] Waiting for playback to start...
   Startup delay: 387ms

[PLAYBACK] Collecting metrics...
   t=10s | buffer: 29.8s | bitrate: 4950 kbps | tp: 15834 kbps | trace_bw: 499411 kbps
   t=20s | buffer: 31.6s | bitrate: 4950 kbps | tp: 10424 kbps | trace_bw: 500463 kbps
   t=31s | buffer: 33.4s | bitrate: 4950 kbps | tp: 8134 kbps | trace_bw: 499627 kbps
   t=41s | buffer: 31.2s | bitrate: 4950 kbps | tp: 6917 kbps | trace_bw: 500300 kbps
   t=51s | buffer: 32.9s | bitrate: 4950 kbps | tp: 6963 kbps | trace_bw: 500464 kbps
   t=61s | buffer: 30.7s | bitrate: 4950 kbps | tp: 6119 kbps | trace_bw: 500461 kbps
   t=72s | buffer: 32.5s | bitrate: 4950 kbps | tp: 5810 kbps | trace_bw: 500464 kbps
   t=82s | buffer: 30.3s | bitrate: 4950 kbps | tp: 5526 kbps | trace_bw: 500467 kbps
   t=92s | buffer: 32.1s | bitrate: 4950 kbps | tp: 5676 kbps | trace_bw: 500293 kbps
   t=102s | buffer: 29.8s | bitrate: 4950 kbps | tp: 5403 kbps | trace_bw: 497891 kbps
   t=112s | buffer: 31.6s | bitrate: 4950 kbps | tp: 5406 kbps | trace_bw: 500436 kbps

======================================================================
  BENCHMARK RESULTS (HLS / hls.js)
======================================================================

  [TIMING]
      Startup delay:     387 ms
      Playback time:     120.1 s

  [BITRATE]
      Average (selected):  4,800 kbps
      Average (effective): 4,793 kbps
      Min / Max:           440 / 4,950 kbps
      Median:              4,950 kbps
      Std deviation:       809.6 kbps
      Variance:            655,403.2
      25th/75th %ile:      4,950 / 4,950 kbps

  [SWITCHES]
      Total count:       1
      Up / Down:         1 / 0
      Avg magnitude:     4,510 kbps

  [REBUFFERING]
      Events:            1
      Total time:        158 ms
      Ratio:             0.1314%
      Frequency:         0.500 per minute
      Avg duration:      158 ms
      Max duration:      158 ms

  [THROUGHPUT]
      Average:           9,191 kbps
      Median:            6,222 kbps
      Min / Max:         5,267 / 82,580 kbps
      Std deviation:     9,419.3 kbps

  [AVAILABLE BW (trace)]
      Average:           499,996 kbps
      Min / Max:         497,891 / 500,471 kbps
      Utilisation:       1.2%

  [BUFFER]
      Average level:     31.5 s
      Min / Max:         0.0 / 33.8 s

  [UTILIZATION]
      Bandwidth:         1.0%

======================================================================

[SAVED] results/run_all_20260607_000000/hls_fcc_2023/benchmark_hls_fcc2023_113_unit1006988_tc_20260607_203546.json

──────────────────────────────────────────────────────────────────────
  [115/150] fcc2023_114_unit38616777_tc.csv
──────────────────────────────────────────────────────────────────────
[TRACE] fcc2023_114_unit38616777_tc.csv
[HLS-SHAPER] Triggering tc-trace via /startShaping API...
[HLS-SHAPER] tc-trace.py starting in container

======================================================================
  HLS Streaming QoE Benchmark (hls.js)
======================================================================
  Server: http://localhost:8080/hls.html?manifest=http://localhost:8080/hls/master.m3u8
======================================================================

[TRACE] Loaded 210 entries with bandwidth
[BROWSER] Launching headless Chromium...
[BROWSER] Waiting for playback to start...
   Startup delay: 406ms

[PLAYBACK] Collecting metrics...
   t=10s | buffer: 29.8s | bitrate: 4950 kbps | tp: 15802 kbps | trace_bw: 507569 kbps
   t=20s | buffer: 31.6s | bitrate: 4950 kbps | tp: 10402 kbps | trace_bw: 504421 kbps
   t=31s | buffer: 33.3s | bitrate: 4950 kbps | tp: 8121 kbps | trace_bw: 506679 kbps
   t=41s | buffer: 31.1s | bitrate: 4950 kbps | tp: 6907 kbps | trace_bw: 492737 kbps
   t=51s | buffer: 32.9s | bitrate: 4950 kbps | tp: 6952 kbps | trace_bw: 504209 kbps
   t=61s | buffer: 30.6s | bitrate: 4950 kbps | tp: 6106 kbps | trace_bw: 507418 kbps
   t=72s | buffer: 32.4s | bitrate: 4950 kbps | tp: 5799 kbps | trace_bw: 507439 kbps
   t=82s | buffer: 30.1s | bitrate: 4950 kbps | tp: 5515 kbps | trace_bw: 500700 kbps
   t=92s | buffer: 31.9s | bitrate: 4950 kbps | tp: 5665 kbps | trace_bw: 507788 kbps
   t=102s | buffer: 33.7s | bitrate: 4950 kbps | tp: 5563 kbps | trace_bw: 502034 kbps
   t=113s | buffer: 31.4s | bitrate: 4950 kbps | tp: 5395 kbps | trace_bw: 405830 kbps

======================================================================
  BENCHMARK RESULTS (HLS / hls.js)
======================================================================

  [TIMING]
      Startup delay:     406 ms
      Playback time:     120.4 s

  [BITRATE]
      Average (selected):  4,800 kbps
      Average (effective): 4,794 kbps
      Min / Max:           440 / 4,950 kbps
      Median:              4,950 kbps
      Std deviation:       807.9 kbps
      Variance:            652,777.1
      25th/75th %ile:      4,950 / 4,950 kbps

  [SWITCHES]
      Total count:       1
      Up / Down:         1 / 0
      Avg magnitude:     4,510 kbps

  [REBUFFERING]
      Events:            1
      Total time:        169 ms
      Ratio:             0.1402%
      Frequency:         0.499 per minute
      Avg duration:      169 ms
      Max duration:      169 ms

  [THROUGHPUT]
      Average:           9,246 kbps
      Median:            6,209 kbps
      Min / Max:         5,279 / 82,563 kbps
      Std deviation:     9,815.5 kbps

  [AVAILABLE BW (trace)]
      Average:           496,955 kbps
      Min / Max:         405,830 / 507,788 kbps
      Utilisation:       1.2%

  [BUFFER]
      Average level:     31.5 s
      Min / Max:         0.0 / 33.8 s

  [UTILIZATION]
      Bandwidth:         1.0%

======================================================================

[SAVED] results/run_all_20260607_000000/hls_fcc_2023/benchmark_hls_fcc2023_114_unit38616777_tc_20260607_203750.json

──────────────────────────────────────────────────────────────────────
  [116/150] fcc2023_115_unit24807141_tc.csv
──────────────────────────────────────────────────────────────────────
[TRACE] fcc2023_115_unit24807141_tc.csv
[HLS-SHAPER] Triggering tc-trace via /startShaping API...
[HLS-SHAPER] tc-trace.py starting in container

======================================================================
  HLS Streaming QoE Benchmark (hls.js)
======================================================================
  Server: http://localhost:8080/hls.html?manifest=http://localhost:8080/hls/master.m3u8
======================================================================

[TRACE] Loaded 178 entries with bandwidth
[BROWSER] Launching headless Chromium...
[BROWSER] Waiting for playback to start...
   Startup delay: 394ms

[PLAYBACK] Collecting metrics...
   t=10s | buffer: 29.8s | bitrate: 4950 kbps | tp: 15813 kbps | trace_bw: 507988 kbps
   t=20s | buffer: 31.6s | bitrate: 4950 kbps | tp: 10417 kbps | trace_bw: 507401 kbps
   t=31s | buffer: 33.4s | bitrate: 4950 kbps | tp: 8131 kbps | trace_bw: 506491 kbps
   t=41s | buffer: 31.1s | bitrate: 4950 kbps | tp: 6916 kbps | trace_bw: 507738 kbps
   t=51s | buffer: 32.9s | bitrate: 4950 kbps | tp: 6963 kbps | trace_bw: 508299 kbps
   t=61s | buffer: 30.7s | bitrate: 4950 kbps | tp: 6118 kbps | trace_bw: 507973 kbps
   t=72s | buffer: 32.5s | bitrate: 4950 kbps | tp: 5811 kbps | trace_bw: 508109 kbps
   t=82s | buffer: 30.3s | bitrate: 4950 kbps | tp: 5527 kbps | trace_bw: 506381 kbps
   t=92s | buffer: 32.0s | bitrate: 4950 kbps | tp: 5675 kbps | trace_bw: 508144 kbps
   t=102s | buffer: 29.8s | bitrate: 4950 kbps | tp: 5403 kbps | trace_bw: 508363 kbps
   t=112s | buffer: 31.6s | bitrate: 4950 kbps | tp: 5405 kbps | trace_bw: 508032 kbps

======================================================================
  BENCHMARK RESULTS (HLS / hls.js)
======================================================================

  [TIMING]
      Startup delay:     394 ms
      Playback time:     120.1 s

  [BITRATE]
      Average (selected):  4,800 kbps
      Average (effective): 4,793 kbps
      Min / Max:           440 / 4,950 kbps
      Median:              4,950 kbps
      Std deviation:       809.6 kbps
      Variance:            655,403.2
      25th/75th %ile:      4,950 / 4,950 kbps

  [SWITCHES]
      Total count:       1
      Up / Down:         1 / 0
      Avg magnitude:     4,510 kbps

  [REBUFFERING]
      Events:            1
      Total time:        158 ms
      Ratio:             0.1313%
      Frequency:         0.499 per minute
      Avg duration:      158 ms
      Max duration:      158 ms

  [THROUGHPUT]
      Average:           9,256 kbps
      Median:            6,222 kbps
      Min / Max:         5,265 / 82,601 kbps
      Std deviation:     9,817.1 kbps

  [AVAILABLE BW (trace)]
      Average:           507,870 kbps
      Min / Max:         506,381 / 509,133 kbps
      Utilisation:       1.2%

  [BUFFER]
      Average level:     31.5 s
      Min / Max:         0.0 / 33.8 s

  [UTILIZATION]
      Bandwidth:         0.9%

======================================================================

[SAVED] results/run_all_20260607_000000/hls_fcc_2023/benchmark_hls_fcc2023_115_unit24807141_tc_20260607_203954.json

──────────────────────────────────────────────────────────────────────
  [117/150] fcc2023_116_unit799876_tc.csv
──────────────────────────────────────────────────────────────────────
[TRACE] fcc2023_116_unit799876_tc.csv
[HLS-SHAPER] Triggering tc-trace via /startShaping API...
[HLS-SHAPER] tc-trace.py starting in container

======================================================================
  HLS Streaming QoE Benchmark (hls.js)
======================================================================
  Server: http://localhost:8080/hls.html?manifest=http://localhost:8080/hls/master.m3u8
======================================================================

[TRACE] Loaded 224 entries with bandwidth
[BROWSER] Launching headless Chromium...
[BROWSER] Waiting for playback to start...
   Startup delay: 581ms

[PLAYBACK] Collecting metrics...
   t=10s | buffer: 29.8s | bitrate: 4950 kbps | tp: 15837 kbps | trace_bw: 480143 kbps
   t=20s | buffer: 31.6s | bitrate: 4950 kbps | tp: 10427 kbps | trace_bw: 499313 kbps
   t=31s | buffer: 33.4s | bitrate: 4950 kbps | tp: 8129 kbps | trace_bw: 515622 kbps
   t=41s | buffer: 31.1s | bitrate: 4950 kbps | tp: 6914 kbps | trace_bw: 352790 kbps
   t=51s | buffer: 32.9s | bitrate: 4950 kbps | tp: 6962 kbps | trace_bw: 213809 kbps
   t=61s | buffer: 30.7s | bitrate: 4950 kbps | tp: 6116 kbps | trace_bw: 402940 kbps
   t=72s | buffer: 32.5s | bitrate: 4950 kbps | tp: 5808 kbps | trace_bw: 528624 kbps
   t=82s | buffer: 30.3s | bitrate: 4950 kbps | tp: 5525 kbps | trace_bw: 515507 kbps
   t=92s | buffer: 32.0s | bitrate: 4950 kbps | tp: 5675 kbps | trace_bw: 476386 kbps
   t=102s | buffer: 29.8s | bitrate: 4950 kbps | tp: 5403 kbps | trace_bw: 527390 kbps
   t=112s | buffer: 31.6s | bitrate: 4950 kbps | tp: 5406 kbps | trace_bw: 514698 kbps

======================================================================
  BENCHMARK RESULTS (HLS / hls.js)
======================================================================

  [TIMING]
      Startup delay:     581 ms
      Playback time:     120.1 s

  [BITRATE]
      Average (selected):  4,800 kbps
      Average (effective): 4,789 kbps
      Min / Max:           440 / 4,950 kbps
      Median:              4,950 kbps
      Std deviation:       809.6 kbps
      Variance:            655,403.2
      25th/75th %ile:      4,950 / 4,950 kbps

  [SWITCHES]
      Total count:       1
      Up / Down:         1 / 0
      Avg magnitude:     4,510 kbps

  [REBUFFERING]
      Events:            1
      Total time:        274 ms
      Ratio:             0.2276%
      Frequency:         0.499 per minute
      Avg duration:      274 ms
      Max duration:      274 ms

  [THROUGHPUT]
      Average:           8,801 kbps
      Median:            6,220 kbps
      Min / Max:         5,244 / 50,854 kbps
      Std deviation:     7,375.1 kbps

  [AVAILABLE BW (trace)]
      Average:           480,049 kbps
      Min / Max:         213,809 / 535,241 kbps
      Utilisation:       1.3%

  [BUFFER]
      Average level:     31.1 s
      Min / Max:         0.0 / 33.6 s

  [UTILIZATION]
      Bandwidth:         0.9%

======================================================================

[SAVED] results/run_all_20260607_000000/hls_fcc_2023/benchmark_hls_fcc2023_116_unit799876_tc_20260607_204158.json

──────────────────────────────────────────────────────────────────────
  [118/150] fcc2023_117_unit40206345_tc.csv
──────────────────────────────────────────────────────────────────────
[TRACE] fcc2023_117_unit40206345_tc.csv
[HLS-SHAPER] Triggering tc-trace via /startShaping API...
[HLS-SHAPER] tc-trace.py starting in container

======================================================================
  HLS Streaming QoE Benchmark (hls.js)
======================================================================
  Server: http://localhost:8080/hls.html?manifest=http://localhost:8080/hls/master.m3u8
======================================================================

[TRACE] Loaded 194 entries with bandwidth
[BROWSER] Launching headless Chromium...
[BROWSER] Waiting for playback to start...
   Startup delay: 551ms

[PLAYBACK] Collecting metrics...
   t=10s | buffer: 29.8s | bitrate: 4950 kbps | tp: 15837 kbps | trace_bw: 544587 kbps
   t=20s | buffer: 31.6s | bitrate: 4950 kbps | tp: 10429 kbps | trace_bw: 546507 kbps
   t=31s | buffer: 29.4s | bitrate: 4950 kbps | tp: 7691 kbps | trace_bw: 546976 kbps
   t=41s | buffer: 31.2s | bitrate: 4950 kbps | tp: 6922 kbps | trace_bw: 546802 kbps
   t=51s | buffer: 33.0s | bitrate: 4950 kbps | tp: 6968 kbps | trace_bw: 544276 kbps
   t=61s | buffer: 30.7s | bitrate: 4950 kbps | tp: 6119 kbps | trace_bw: 546049 kbps
   t=72s | buffer: 32.5s | bitrate: 4950 kbps | tp: 5811 kbps | trace_bw: 547233 kbps
   t=82s | buffer: 30.3s | bitrate: 4950 kbps | tp: 5525 kbps | trace_bw: 545050 kbps
   t=92s | buffer: 32.0s | bitrate: 4950 kbps | tp: 5674 kbps | trace_bw: 541769 kbps
   t=102s | buffer: 29.8s | bitrate: 4950 kbps | tp: 5402 kbps | trace_bw: 546738 kbps
   t=112s | buffer: 31.6s | bitrate: 4950 kbps | tp: 5405 kbps | trace_bw: 545606 kbps

======================================================================
  BENCHMARK RESULTS (HLS / hls.js)
======================================================================

  [TIMING]
      Startup delay:     551 ms
      Playback time:     120.1 s

  [BITRATE]
      Average (selected):  4,800 kbps
      Average (effective): 4,790 kbps
      Min / Max:           440 / 4,950 kbps
      Median:              4,950 kbps
      Std deviation:       809.6 kbps
      Variance:            655,403.2
      25th/75th %ile:      4,950 / 4,950 kbps

  [SWITCHES]
      Total count:       1
      Up / Down:         1 / 0
      Avg magnitude:     4,510 kbps

  [REBUFFERING]
      Events:            1
      Total time:        245 ms
      Ratio:             0.2035%
      Frequency:         0.499 per minute
      Avg duration:      245 ms
      Max duration:      245 ms

  [THROUGHPUT]
      Average:           8,798 kbps
      Median:            6,224 kbps
      Min / Max:         5,244 / 50,658 kbps
      Std deviation:     7,352.8 kbps

  [AVAILABLE BW (trace)]
      Average:           543,308 kbps
      Min / Max:         518,959 / 547,394 kbps
      Utilisation:       1.1%

  [BUFFER]
      Average level:     31.1 s
      Min / Max:         0.0 / 33.5 s

  [UTILIZATION]
      Bandwidth:         0.9%

======================================================================

[SAVED] results/run_all_20260607_000000/hls_fcc_2023/benchmark_hls_fcc2023_117_unit40206345_tc_20260607_204403.json

──────────────────────────────────────────────────────────────────────
  [119/150] fcc2023_118_unit4050737_tc.csv
──────────────────────────────────────────────────────────────────────
[TRACE] fcc2023_118_unit4050737_tc.csv
[HLS-SHAPER] Triggering tc-trace via /startShaping API...
[HLS-SHAPER] tc-trace.py starting in container

======================================================================
  HLS Streaming QoE Benchmark (hls.js)
======================================================================
  Server: http://localhost:8080/hls.html?manifest=http://localhost:8080/hls/master.m3u8
======================================================================

[TRACE] Loaded 295 entries with bandwidth
[BROWSER] Launching headless Chromium...
[BROWSER] Waiting for playback to start...
   Startup delay: 421ms

[PLAYBACK] Collecting metrics...
   t=10s | buffer: 29.8s | bitrate: 4950 kbps | tp: 15822 kbps | trace_bw: 570500 kbps
   t=20s | buffer: 31.6s | bitrate: 4950 kbps | tp: 10427 kbps | trace_bw: 575150 kbps
   t=31s | buffer: 33.4s | bitrate: 4950 kbps | tp: 8142 kbps | trace_bw: 578067 kbps
   t=41s | buffer: 31.2s | bitrate: 4950 kbps | tp: 6922 kbps | trace_bw: 565878 kbps
   t=51s | buffer: 33.0s | bitrate: 4950 kbps | tp: 6969 kbps | trace_bw: 567608 kbps
   t=61s | buffer: 30.8s | bitrate: 4950 kbps | tp: 6123 kbps | trace_bw: 582431 kbps
   t=72s | buffer: 32.6s | bitrate: 4950 kbps | tp: 5815 kbps | trace_bw: 573837 kbps
   t=82s | buffer: 30.3s | bitrate: 4950 kbps | tp: 5530 kbps | trace_bw: 302030 kbps
   t=92s | buffer: 32.1s | bitrate: 4950 kbps | tp: 5679 kbps | trace_bw: 250781 kbps
   t=102s | buffer: 29.9s | bitrate: 4950 kbps | tp: 5407 kbps | trace_bw: 573969 kbps
   t=112s | buffer: 31.7s | bitrate: 4950 kbps | tp: 5409 kbps | trace_bw: 581993 kbps

======================================================================
  BENCHMARK RESULTS (HLS / hls.js)
======================================================================

  [TIMING]
      Startup delay:     421 ms
      Playback time:     120.0 s

  [BITRATE]
      Average (selected):  4,800 kbps
      Average (effective): 4,793 kbps
      Min / Max:           440 / 4,950 kbps
      Median:              4,950 kbps
      Std deviation:       809.6 kbps
      Variance:            655,403.2
      25th/75th %ile:      4,950 / 4,950 kbps

  [SWITCHES]
      Total count:       1
      Up / Down:         1 / 0
      Avg magnitude:     4,510 kbps

  [REBUFFERING]
      Events:            1
      Total time:        179 ms
      Ratio:             0.1489%
      Frequency:         0.500 per minute
      Avg duration:      179 ms
      Max duration:      179 ms

  [THROUGHPUT]
      Average:           9,110 kbps
      Median:            6,226 kbps
      Min / Max:         5,269 / 67,344 kbps
      Std deviation:     8,927.1 kbps

  [AVAILABLE BW (trace)]
      Average:           523,676 kbps
      Min / Max:         250,781 / 582,431 kbps
      Utilisation:       1.2%

  [BUFFER]
      Average level:     31.4 s
      Min / Max:         0.0 / 33.8 s

  [UTILIZATION]
      Bandwidth:         0.8%

======================================================================

[SAVED] results/run_all_20260607_000000/hls_fcc_2023/benchmark_hls_fcc2023_118_unit4050737_tc_20260607_204607.json

──────────────────────────────────────────────────────────────────────
  [120/150] fcc2023_119_unit1004400_tc.csv
──────────────────────────────────────────────────────────────────────
[TRACE] fcc2023_119_unit1004400_tc.csv
[HLS-SHAPER] Triggering tc-trace via /startShaping API...
[HLS-SHAPER] tc-trace.py starting in container

======================================================================
  HLS Streaming QoE Benchmark (hls.js)
======================================================================
  Server: http://localhost:8080/hls.html?manifest=http://localhost:8080/hls/master.m3u8
======================================================================

[TRACE] Loaded 195 entries with bandwidth
[BROWSER] Launching headless Chromium...
[BROWSER] Waiting for playback to start...
   Startup delay: 785ms

[PLAYBACK] Collecting metrics...
   t=10s | buffer: 29.8s | bitrate: 4950 kbps | tp: 15806 kbps | trace_bw: 585046 kbps
   t=20s | buffer: 31.6s | bitrate: 4950 kbps | tp: 10417 kbps | trace_bw: 583863 kbps
   t=31s | buffer: 33.4s | bitrate: 4950 kbps | tp: 8129 kbps | trace_bw: 586713 kbps
   t=41s | buffer: 31.1s | bitrate: 4950 kbps | tp: 6914 kbps | trace_bw: 585089 kbps
   t=51s | buffer: 32.9s | bitrate: 4950 kbps | tp: 6961 kbps | trace_bw: 584324 kbps
   t=61s | buffer: 30.7s | bitrate: 4950 kbps | tp: 6117 kbps | trace_bw: 574950 kbps
   t=72s | buffer: 32.5s | bitrate: 4950 kbps | tp: 5808 kbps | trace_bw: 584972 kbps
   t=82s | buffer: 30.3s | bitrate: 4950 kbps | tp: 5525 kbps | trace_bw: 585084 kbps
   t=92s | buffer: 32.1s | bitrate: 4950 kbps | tp: 5675 kbps | trace_bw: 514649 kbps
   t=102s | buffer: 29.8s | bitrate: 4950 kbps | tp: 5403 kbps | trace_bw: 584192 kbps
   t=112s | buffer: 31.6s | bitrate: 4950 kbps | tp: 5406 kbps | trace_bw: 579411 kbps

======================================================================
  BENCHMARK RESULTS (HLS / hls.js)
======================================================================

  [TIMING]
      Startup delay:     785 ms
      Playback time:     120.1 s

  [BITRATE]
      Average (selected):  4,800 kbps
      Average (effective): 4,787 kbps
      Min / Max:           440 / 4,950 kbps
      Median:              4,950 kbps
      Std deviation:       807.9 kbps
      Variance:            652,777.1
      25th/75th %ile:      4,950 / 4,950 kbps

  [SWITCHES]
      Total count:       1
      Up / Down:         1 / 0
      Avg magnitude:     4,510 kbps

  [REBUFFERING]
      Events:            1
      Total time:        340 ms
      Ratio:             0.2823%
      Frequency:         0.500 per minute
      Avg duration:      340 ms
      Max duration:      340 ms

  [THROUGHPUT]
      Average:           7,573 kbps
      Median:            6,139 kbps
      Min / Max:         7 / 21,069 kbps
      Std deviation:     3,453.1 kbps

  [AVAILABLE BW (trace)]
      Average:           580,968 kbps
      Min / Max:         514,649 / 587,172 kbps
      Utilisation:       1.1%

  [BUFFER]
      Average level:     30.2 s
      Min / Max:         0.0 / 33.5 s

  [UTILIZATION]
      Bandwidth:         0.8%

======================================================================

[SAVED] results/run_all_20260607_000000/hls_fcc_2023/benchmark_hls_fcc2023_119_unit1004400_tc_20260607_204811.json

──────────────────────────────────────────────────────────────────────
  [121/150] fcc2023_120_unit1001126_tc.csv
──────────────────────────────────────────────────────────────────────
[TRACE] fcc2023_120_unit1001126_tc.csv
[HLS-SHAPER] Triggering tc-trace via /startShaping API...
[HLS-SHAPER] tc-trace.py starting in container

======================================================================
  HLS Streaming QoE Benchmark (hls.js)
======================================================================
  Server: http://localhost:8080/hls.html?manifest=http://localhost:8080/hls/master.m3u8
======================================================================

[TRACE] Loaded 99 entries with bandwidth
[BROWSER] Launching headless Chromium...
[BROWSER] Waiting for playback to start...
   Startup delay: 408ms

[PLAYBACK] Collecting metrics...
   t=10s | buffer: 29.8s | bitrate: 4950 kbps | tp: 15843 kbps | trace_bw: 589755 kbps
   t=20s | buffer: 31.6s | bitrate: 4950 kbps | tp: 10425 kbps | trace_bw: 591371 kbps
   t=31s | buffer: 33.4s | bitrate: 4950 kbps | tp: 8137 kbps | trace_bw: 538339 kbps
   t=41s | buffer: 31.2s | bitrate: 4950 kbps | tp: 6920 kbps | trace_bw: 522307 kbps
   t=51s | buffer: 33.0s | bitrate: 4950 kbps | tp: 6967 kbps | trace_bw: 593508 kbps
   t=61s | buffer: 30.7s | bitrate: 4950 kbps | tp: 6121 kbps | trace_bw: 594296 kbps
   t=72s | buffer: 32.5s | bitrate: 4950 kbps | tp: 5814 kbps | trace_bw: 593234 kbps
   t=82s | buffer: 30.3s | bitrate: 4950 kbps | tp: 5527 kbps | trace_bw: 593847 kbps
   t=92s | buffer: 32.1s | bitrate: 4950 kbps | tp: 5676 kbps | trace_bw: 590872 kbps
   t=102s | buffer: 29.8s | bitrate: 4950 kbps | tp: 5404 kbps | trace_bw: 592729 kbps
   t=112s | buffer: 31.6s | bitrate: 4950 kbps | tp: 5406 kbps | trace_bw: 593873 kbps

======================================================================
  BENCHMARK RESULTS (HLS / hls.js)
======================================================================

  [TIMING]
      Startup delay:     408 ms
      Playback time:     120.1 s

  [BITRATE]
      Average (selected):  4,800 kbps
      Average (effective): 4,793 kbps
      Min / Max:           440 / 4,950 kbps
      Median:              4,950 kbps
      Std deviation:       809.6 kbps
      Variance:            655,403.2
      25th/75th %ile:      4,950 / 4,950 kbps

  [SWITCHES]
      Total count:       1
      Up / Down:         1 / 0
      Avg magnitude:     4,510 kbps

  [REBUFFERING]
      Events:            1
      Total time:        173 ms
      Ratio:             0.1438%
      Frequency:         0.500 per minute
      Avg duration:      173 ms
      Max duration:      173 ms

  [THROUGHPUT]
      Average:           9,135 kbps
      Median:            6,224 kbps
      Min / Max:         5,266 / 67,923 kbps
      Std deviation:     8,992.1 kbps

  [AVAILABLE BW (trace)]
      Average:           580,409 kbps
      Min / Max:         521,649 / 594,296 kbps
      Utilisation:       1.1%

  [BUFFER]
      Average level:     31.5 s
      Min / Max:         0.0 / 33.8 s

  [UTILIZATION]
      Bandwidth:         0.8%

======================================================================

[SAVED] results/run_all_20260607_000000/hls_fcc_2023/benchmark_hls_fcc2023_120_unit1001126_tc_20260607_205015.json

──────────────────────────────────────────────────────────────────────
  [122/150] fcc2023_121_unit55492253_tc.csv
──────────────────────────────────────────────────────────────────────
[TRACE] fcc2023_121_unit55492253_tc.csv
[HLS-SHAPER] Triggering tc-trace via /startShaping API...
[HLS-SHAPER] tc-trace.py starting in container

======================================================================
  HLS Streaming QoE Benchmark (hls.js)
======================================================================
  Server: http://localhost:8080/hls.html?manifest=http://localhost:8080/hls/master.m3u8
======================================================================

[TRACE] Loaded 93 entries with bandwidth
[BROWSER] Launching headless Chromium...
[BROWSER] Waiting for playback to start...
   Startup delay: 751ms

[PLAYBACK] Collecting metrics...
   t=10s | buffer: 29.8s | bitrate: 4950 kbps | tp: 15826 kbps | trace_bw: 594749 kbps
   t=20s | buffer: 31.6s | bitrate: 4950 kbps | tp: 10431 kbps | trace_bw: 595412 kbps
   t=31s | buffer: 33.4s | bitrate: 4950 kbps | tp: 8138 kbps | trace_bw: 591625 kbps
   t=41s | buffer: 31.2s | bitrate: 4950 kbps | tp: 6918 kbps | trace_bw: 586738 kbps
   t=51s | buffer: 33.0s | bitrate: 4950 kbps | tp: 6965 kbps | trace_bw: 594549 kbps
   t=61s | buffer: 30.7s | bitrate: 4950 kbps | tp: 6118 kbps | trace_bw: 592514 kbps
   t=72s | buffer: 32.5s | bitrate: 4950 kbps | tp: 5811 kbps | trace_bw: 592926 kbps
   t=82s | buffer: 30.3s | bitrate: 4950 kbps | tp: 5526 kbps | trace_bw: 595187 kbps
   t=92s | buffer: 32.1s | bitrate: 4950 kbps | tp: 5675 kbps | trace_bw: 592884 kbps
   t=102s | buffer: 29.8s | bitrate: 4950 kbps | tp: 5403 kbps | trace_bw: 587780 kbps
   t=112s | buffer: 31.6s | bitrate: 4950 kbps | tp: 5406 kbps | trace_bw: 591303 kbps

======================================================================
  BENCHMARK RESULTS (HLS / hls.js)
======================================================================

  [TIMING]
      Startup delay:     751 ms
      Playback time:     120.1 s

  [BITRATE]
      Average (selected):  4,800 kbps
      Average (effective): 4,788 kbps
      Min / Max:           440 / 4,950 kbps
      Median:              4,950 kbps
      Std deviation:       809.6 kbps
      Variance:            655,403.2
      25th/75th %ile:      4,950 / 4,950 kbps

  [SWITCHES]
      Total count:       1
      Up / Down:         1 / 0
      Avg magnitude:     4,510 kbps

  [REBUFFERING]
      Events:            1
      Total time:        296 ms
      Ratio:             0.2458%
      Frequency:         0.499 per minute
      Avg duration:      296 ms
      Max duration:      296 ms

  [THROUGHPUT]
      Average:           8,176 kbps
      Median:            6,169 kbps
      Min / Max:         10 / 35,686 kbps
      Std deviation:     5,159.4 kbps

  [AVAILABLE BW (trace)]
      Average:           592,527 kbps
      Min / Max:         583,008 / 595,412 kbps
      Utilisation:       1.0%

  [BUFFER]
      Average level:     31.0 s
      Min / Max:         0.0 / 33.7 s

  [UTILIZATION]
      Bandwidth:         0.8%

======================================================================

[SAVED] results/run_all_20260607_000000/hls_fcc_2023/benchmark_hls_fcc2023_121_unit55492253_tc_20260607_205219.json

──────────────────────────────────────────────────────────────────────
  [123/150] fcc2023_122_unit38659085_tc.csv
──────────────────────────────────────────────────────────────────────
[TRACE] fcc2023_122_unit38659085_tc.csv
[HLS-SHAPER] Triggering tc-trace via /startShaping API...
[HLS-SHAPER] tc-trace.py starting in container

======================================================================
  HLS Streaming QoE Benchmark (hls.js)
======================================================================
  Server: http://localhost:8080/hls.html?manifest=http://localhost:8080/hls/master.m3u8
======================================================================

[TRACE] Loaded 273 entries with bandwidth
[BROWSER] Launching headless Chromium...
[BROWSER] Waiting for playback to start...
   Startup delay: 351ms

[PLAYBACK] Collecting metrics...
   t=10s | buffer: 33.8s | bitrate: 4950 kbps | tp: 17189 kbps | trace_bw: 915980 kbps
   t=20s | buffer: 31.6s | bitrate: 4950 kbps | tp: 10426 kbps | trace_bw: 587314 kbps
   t=31s | buffer: 33.4s | bitrate: 4950 kbps | tp: 8137 kbps | trace_bw: 616591 kbps
   t=41s | buffer: 31.2s | bitrate: 4950 kbps | tp: 6918 kbps | trace_bw: 611182 kbps
   t=51s | buffer: 32.9s | bitrate: 4950 kbps | tp: 6964 kbps | trace_bw: 588147 kbps
   t=61s | buffer: 30.7s | bitrate: 4950 kbps | tp: 6119 kbps | trace_bw: 616749 kbps
   t=72s | buffer: 32.5s | bitrate: 4950 kbps | tp: 5811 kbps | trace_bw: 611769 kbps
   t=82s | buffer: 30.3s | bitrate: 4950 kbps | tp: 5528 kbps | trace_bw: 613197 kbps
   t=92s | buffer: 32.1s | bitrate: 4950 kbps | tp: 5678 kbps | trace_bw: 613996 kbps
   t=102s | buffer: 33.9s | bitrate: 4950 kbps | tp: 5575 kbps | trace_bw: 616195 kbps
   t=112s | buffer: 31.7s | bitrate: 4950 kbps | tp: 5408 kbps | trace_bw: 616748 kbps

======================================================================
  BENCHMARK RESULTS (HLS / hls.js)
======================================================================

  [TIMING]
      Startup delay:     351 ms
      Playback time:     120.1 s

  [BITRATE]
      Average (selected):  4,800 kbps
      Average (effective): 4,792 kbps
      Min / Max:           440 / 4,950 kbps
      Median:              4,950 kbps
      Std deviation:       809.6 kbps
      Variance:            655,403.2
      25th/75th %ile:      4,950 / 4,950 kbps

  [SWITCHES]
      Total count:       1
      Up / Down:         1 / 0
      Avg magnitude:     4,510 kbps

  [REBUFFERING]
      Events:            1
      Total time:        188 ms
      Ratio:             0.1564%
      Frequency:         0.500 per minute
      Avg duration:      188 ms
      Max duration:      188 ms

  [THROUGHPUT]
      Average:           9,474 kbps
      Median:            6,222 kbps
      Min / Max:         5,269 / 123,711 kbps
      Std deviation:     11,553.5 kbps

  [AVAILABLE BW (trace)]
      Average:           668,128 kbps
      Min / Max:         587,314 / 915,980 kbps
      Utilisation:       0.9%

  [BUFFER]
      Average level:     31.7 s
      Min / Max:         0.0 / 33.9 s

  [UTILIZATION]
      Bandwidth:         0.8%

======================================================================

[SAVED] results/run_all_20260607_000000/hls_fcc_2023/benchmark_hls_fcc2023_122_unit38659085_tc_20260607_205423.json

──────────────────────────────────────────────────────────────────────
  [124/150] fcc2023_123_unit3551793_tc.csv
──────────────────────────────────────────────────────────────────────
[TRACE] fcc2023_123_unit3551793_tc.csv
[HLS-SHAPER] Triggering tc-trace via /startShaping API...
[HLS-SHAPER] tc-trace.py starting in container

======================================================================
  HLS Streaming QoE Benchmark (hls.js)
======================================================================
  Server: http://localhost:8080/hls.html?manifest=http://localhost:8080/hls/master.m3u8
======================================================================

[TRACE] Loaded 297 entries with bandwidth
[BROWSER] Launching headless Chromium...
[BROWSER] Waiting for playback to start...
   Startup delay: 373ms

[PLAYBACK] Collecting metrics...
   t=10s | buffer: 29.8s | bitrate: 4950 kbps | tp: 15831 kbps | trace_bw: 642866 kbps
   t=20s | buffer: 31.6s | bitrate: 4950 kbps | tp: 10416 kbps | trace_bw: 650426 kbps
   t=31s | buffer: 33.4s | bitrate: 4950 kbps | tp: 8130 kbps | trace_bw: 689851 kbps
   t=41s | buffer: 31.1s | bitrate: 4950 kbps | tp: 6914 kbps | trace_bw: 601041 kbps
   t=51s | buffer: 32.9s | bitrate: 4950 kbps | tp: 6960 kbps | trace_bw: 612855 kbps
   t=61s | buffer: 30.7s | bitrate: 4950 kbps | tp: 6114 kbps | trace_bw: 376761 kbps
   t=72s | buffer: 32.5s | bitrate: 4950 kbps | tp: 5808 kbps | trace_bw: 641441 kbps
   t=82s | buffer: 30.2s | bitrate: 4950 kbps | tp: 5523 kbps | trace_bw: 651070 kbps
   t=92s | buffer: 32.0s | bitrate: 4950 kbps | tp: 5673 kbps | trace_bw: 192072 kbps
   t=102s | buffer: 33.8s | bitrate: 4950 kbps | tp: 5570 kbps | trace_bw: 649793 kbps
   t=112s | buffer: 31.6s | bitrate: 4950 kbps | tp: 5404 kbps | trace_bw: 682937 kbps

======================================================================
  BENCHMARK RESULTS (HLS / hls.js)
======================================================================

  [TIMING]
      Startup delay:     373 ms
      Playback time:     120.2 s

  [BITRATE]
      Average (selected):  4,800 kbps
      Average (effective): 4,794 kbps
      Min / Max:           440 / 4,950 kbps
      Median:              4,950 kbps
      Std deviation:       809.6 kbps
      Variance:            655,403.2
      25th/75th %ile:      4,950 / 4,950 kbps

  [SWITCHES]
      Total count:       1
      Up / Down:         1 / 0
      Avg magnitude:     4,510 kbps

  [REBUFFERING]
      Events:            1
      Total time:        144 ms
      Ratio:             0.1197%
      Frequency:         0.499 per minute
      Avg duration:      144 ms
      Max duration:      144 ms

  [THROUGHPUT]
      Average:           9,264 kbps
      Median:            6,218 kbps
      Min / Max:         5,264 / 82,829 kbps
      Std deviation:     9,849.3 kbps

  [AVAILABLE BW (trace)]
      Average:           574,181 kbps
      Min / Max:         184,552 / 696,155 kbps
      Utilisation:       1.1%

  [BUFFER]
      Average level:     31.6 s
      Min / Max:         0.0 / 33.8 s

  [UTILIZATION]
      Bandwidth:         0.7%

======================================================================

[SAVED] results/run_all_20260607_000000/hls_fcc_2023/benchmark_hls_fcc2023_123_unit3551793_tc_20260607_205627.json

──────────────────────────────────────────────────────────────────────
  [125/150] fcc2023_124_unit1000852_tc.csv
──────────────────────────────────────────────────────────────────────
[TRACE] fcc2023_124_unit1000852_tc.csv
[HLS-SHAPER] Triggering tc-trace via /startShaping API...
[HLS-SHAPER] tc-trace.py starting in container

======================================================================
  HLS Streaming QoE Benchmark (hls.js)
======================================================================
  Server: http://localhost:8080/hls.html?manifest=http://localhost:8080/hls/master.m3u8
======================================================================

[TRACE] Loaded 197 entries with bandwidth
[BROWSER] Launching headless Chromium...
[BROWSER] Waiting for playback to start...
   Startup delay: 382ms

[PLAYBACK] Collecting metrics...
   t=10s | buffer: 29.8s | bitrate: 4950 kbps | tp: 15827 kbps | trace_bw: 652679 kbps
   t=20s | buffer: 31.6s | bitrate: 4950 kbps | tp: 10421 kbps | trace_bw: 652761 kbps
   t=31s | buffer: 33.4s | bitrate: 4950 kbps | tp: 8132 kbps | trace_bw: 653086 kbps
   t=41s | buffer: 31.1s | bitrate: 4950 kbps | tp: 6913 kbps | trace_bw: 653893 kbps
   t=51s | buffer: 32.9s | bitrate: 4950 kbps | tp: 6961 kbps | trace_bw: 653593 kbps
   t=61s | buffer: 30.7s | bitrate: 4950 kbps | tp: 6116 kbps | trace_bw: 650796 kbps
   t=72s | buffer: 32.5s | bitrate: 4950 kbps | tp: 5808 kbps | trace_bw: 652871 kbps
   t=82s | buffer: 30.3s | bitrate: 4950 kbps | tp: 5525 kbps | trace_bw: 653901 kbps
   t=92s | buffer: 32.0s | bitrate: 4950 kbps | tp: 5674 kbps | trace_bw: 651294 kbps
   t=102s | buffer: 29.8s | bitrate: 4950 kbps | tp: 5402 kbps | trace_bw: 653873 kbps
   t=112s | buffer: 31.6s | bitrate: 4950 kbps | tp: 5405 kbps | trace_bw: 653896 kbps

======================================================================
  BENCHMARK RESULTS (HLS / hls.js)
======================================================================

  [TIMING]
      Startup delay:     382 ms
      Playback time:     120.2 s

  [BITRATE]
      Average (selected):  4,800 kbps
      Average (effective): 4,794 kbps
      Min / Max:           440 / 4,950 kbps
      Median:              4,950 kbps
      Std deviation:       809.6 kbps
      Variance:            655,403.2
      25th/75th %ile:      4,950 / 4,950 kbps

  [SWITCHES]
      Total count:       1
      Up / Down:         1 / 0
      Avg magnitude:     4,510 kbps

  [REBUFFERING]
      Events:            1
      Total time:        151 ms
      Ratio:             0.1255%
      Frequency:         0.499 per minute
      Avg duration:      151 ms
      Max duration:      151 ms

  [THROUGHPUT]
      Average:           8,675 kbps
      Median:            6,219 kbps
      Min / Max:         5,265 / 49,593 kbps
      Std deviation:     6,791.1 kbps

  [AVAILABLE BW (trace)]
      Average:           651,625 kbps
      Min / Max:         632,498 / 653,910 kbps
      Utilisation:       1.0%

  [BUFFER]
      Average level:     31.3 s
      Min / Max:         0.0 / 33.8 s

  [UTILIZATION]
      Bandwidth:         0.7%

======================================================================

[SAVED] results/run_all_20260607_000000/hls_fcc_2023/benchmark_hls_fcc2023_124_unit1000852_tc_20260607_205831.json

──────────────────────────────────────────────────────────────────────
  [126/150] fcc2023_125_unit55703393_tc.csv
──────────────────────────────────────────────────────────────────────
[TRACE] fcc2023_125_unit55703393_tc.csv
[HLS-SHAPER] Triggering tc-trace via /startShaping API...
[HLS-SHAPER] tc-trace.py starting in container

======================================================================
  HLS Streaming QoE Benchmark (hls.js)
======================================================================
  Server: http://localhost:8080/hls.html?manifest=http://localhost:8080/hls/master.m3u8
======================================================================

[TRACE] Loaded 217 entries with bandwidth
[BROWSER] Launching headless Chromium...
[BROWSER] Waiting for playback to start...
   Startup delay: 407ms

[PLAYBACK] Collecting metrics...
   t=10s | buffer: 29.8s | bitrate: 4950 kbps | tp: 15845 kbps | trace_bw: 679540 kbps
   t=20s | buffer: 31.6s | bitrate: 4950 kbps | tp: 10429 kbps | trace_bw: 666837 kbps
   t=31s | buffer: 33.4s | bitrate: 4950 kbps | tp: 8142 kbps | trace_bw: 687281 kbps
   t=41s | buffer: 31.2s | bitrate: 4950 kbps | tp: 6921 kbps | trace_bw: 682839 kbps
   t=51s | buffer: 32.9s | bitrate: 4950 kbps | tp: 6964 kbps | trace_bw: 669224 kbps
   t=61s | buffer: 30.7s | bitrate: 4950 kbps | tp: 6118 kbps | trace_bw: 661105 kbps
   t=72s | buffer: 32.5s | bitrate: 4950 kbps | tp: 5811 kbps | trace_bw: 644306 kbps
   t=82s | buffer: 30.3s | bitrate: 4950 kbps | tp: 5526 kbps | trace_bw: 679575 kbps
   t=92s | buffer: 32.1s | bitrate: 4950 kbps | tp: 5676 kbps | trace_bw: 692919 kbps
   t=102s | buffer: 29.8s | bitrate: 4950 kbps | tp: 5403 kbps | trace_bw: 672597 kbps
   t=112s | buffer: 31.6s | bitrate: 4950 kbps | tp: 5406 kbps | trace_bw: 735027 kbps

======================================================================
  BENCHMARK RESULTS (HLS / hls.js)
======================================================================

  [TIMING]
      Startup delay:     407 ms
      Playback time:     120.1 s

  [BITRATE]
      Average (selected):  4,800 kbps
      Average (effective): 4,793 kbps
      Min / Max:           440 / 4,950 kbps
      Median:              4,950 kbps
      Std deviation:       809.6 kbps
      Variance:            655,403.2
      25th/75th %ile:      4,950 / 4,950 kbps

  [SWITCHES]
      Total count:       1
      Up / Down:         1 / 0
      Avg magnitude:     4,510 kbps

  [REBUFFERING]
      Events:            1
      Total time:        170 ms
      Ratio:             0.1413%
      Frequency:         0.500 per minute
      Avg duration:      170 ms
      Max duration:      170 ms

  [THROUGHPUT]
      Average:           9,252 kbps
      Median:            6,222 kbps
      Min / Max:         5,267 / 83,026 kbps
      Std deviation:     9,866.7 kbps

  [AVAILABLE BW (trace)]
      Average:           682,181 kbps
      Min / Max:         644,306 / 735,027 kbps
      Utilisation:       0.9%

  [BUFFER]
      Average level:     31.4 s
      Min / Max:         0.0 / 33.8 s

  [UTILIZATION]
      Bandwidth:         0.7%

======================================================================

[SAVED] results/run_all_20260607_000000/hls_fcc_2023/benchmark_hls_fcc2023_125_unit55703393_tc_20260607_210035.json

──────────────────────────────────────────────────────────────────────
  [127/150] fcc2023_126_unit25314293_tc.csv
──────────────────────────────────────────────────────────────────────
[TRACE] fcc2023_126_unit25314293_tc.csv
[HLS-SHAPER] Triggering tc-trace via /startShaping API...
[HLS-SHAPER] tc-trace.py starting in container

======================================================================
  HLS Streaming QoE Benchmark (hls.js)
======================================================================
  Server: http://localhost:8080/hls.html?manifest=http://localhost:8080/hls/master.m3u8
======================================================================

[TRACE] Loaded 240 entries with bandwidth
[BROWSER] Launching headless Chromium...
[BROWSER] Waiting for playback to start...
   Startup delay: 332ms

[PLAYBACK] Collecting metrics...
   t=10s | buffer: 29.8s | bitrate: 4950 kbps | tp: 15851 kbps | trace_bw: 767218 kbps
   t=20s | buffer: 31.6s | bitrate: 4950 kbps | tp: 10428 kbps | trace_bw: 639808 kbps
   t=31s | buffer: 33.4s | bitrate: 4950 kbps | tp: 8134 kbps | trace_bw: 757143 kbps
   t=41s | buffer: 31.1s | bitrate: 4950 kbps | tp: 6912 kbps | trace_bw: 646680 kbps
   t=51s | buffer: 32.9s | bitrate: 4950 kbps | tp: 6958 kbps | trace_bw: 741255 kbps
   t=61s | buffer: 30.7s | bitrate: 4950 kbps | tp: 6113 kbps | trace_bw: 762976 kbps
   t=72s | buffer: 32.4s | bitrate: 4950 kbps | tp: 5806 kbps | trace_bw: 637180 kbps
   t=82s | buffer: 30.2s | bitrate: 4950 kbps | tp: 5523 kbps | trace_bw: 761948 kbps
   t=92s | buffer: 32.0s | bitrate: 4950 kbps | tp: 5671 kbps | trace_bw: 745496 kbps
   t=102s | buffer: 33.8s | bitrate: 4950 kbps | tp: 5568 kbps | trace_bw: 743437 kbps
   t=113s | buffer: 31.5s | bitrate: 4950 kbps | tp: 5401 kbps | trace_bw: 639553 kbps

======================================================================
  BENCHMARK RESULTS (HLS / hls.js)
======================================================================

  [TIMING]
      Startup delay:     332 ms
      Playback time:     120.2 s

  [BITRATE]
      Average (selected):  4,800 kbps
      Average (effective): 4,794 kbps
      Min / Max:           440 / 4,950 kbps
      Median:              4,950 kbps
      Std deviation:       809.6 kbps
      Variance:            655,403.2
      25th/75th %ile:      4,950 / 4,950 kbps

  [SWITCHES]
      Total count:       1
      Up / Down:         1 / 0
      Avg magnitude:     4,510 kbps

  [REBUFFERING]
      Events:            1
      Total time:        133 ms
      Ratio:             0.1105%
      Frequency:         0.499 per minute
      Avg duration:      133 ms
      Max duration:      133 ms

  [THROUGHPUT]
      Average:           9,473 kbps
      Median:            6,217 kbps
      Min / Max:         5,262 / 124,497 kbps
      Std deviation:     11,606.2 kbps

  [AVAILABLE BW (trace)]
      Average:           720,525 kbps
      Min / Max:         637,180 / 785,730 kbps
      Utilisation:       0.9%

  [BUFFER]
      Average level:     31.6 s
      Min / Max:         0.0 / 33.8 s

  [UTILIZATION]
      Bandwidth:         0.6%

======================================================================

[SAVED] results/run_all_20260607_000000/hls_fcc_2023/benchmark_hls_fcc2023_126_unit25314293_tc_20260607_210239.json

──────────────────────────────────────────────────────────────────────
  [128/150] fcc2023_127_unit79301405_tc.csv
──────────────────────────────────────────────────────────────────────
[TRACE] fcc2023_127_unit79301405_tc.csv
[HLS-SHAPER] Triggering tc-trace via /startShaping API...
[HLS-SHAPER] tc-trace.py starting in container

======================================================================
  HLS Streaming QoE Benchmark (hls.js)
======================================================================
  Server: http://localhost:8080/hls.html?manifest=http://localhost:8080/hls/master.m3u8
======================================================================

[TRACE] Loaded 224 entries with bandwidth
[BROWSER] Launching headless Chromium...
[BROWSER] Waiting for playback to start...
   Startup delay: 363ms

[PLAYBACK] Collecting metrics...
   t=10s | buffer: 29.8s | bitrate: 4950 kbps | tp: 15798 kbps | trace_bw: 757430 kbps
   t=20s | buffer: 31.6s | bitrate: 4950 kbps | tp: 10413 kbps | trace_bw: 757880 kbps
   t=31s | buffer: 33.4s | bitrate: 4950 kbps | tp: 8126 kbps | trace_bw: 753713 kbps
   t=41s | buffer: 31.1s | bitrate: 4950 kbps | tp: 6909 kbps | trace_bw: 756805 kbps
   t=51s | buffer: 32.9s | bitrate: 4950 kbps | tp: 6955 kbps | trace_bw: 757693 kbps
   t=61s | buffer: 30.7s | bitrate: 4950 kbps | tp: 6110 kbps | trace_bw: 753170 kbps
   t=72s | buffer: 32.4s | bitrate: 4950 kbps | tp: 5803 kbps | trace_bw: 755123 kbps
   t=82s | buffer: 30.2s | bitrate: 4950 kbps | tp: 5519 kbps | trace_bw: 745603 kbps
   t=92s | buffer: 31.9s | bitrate: 4950 kbps | tp: 5667 kbps | trace_bw: 756307 kbps
   t=102s | buffer: 33.7s | bitrate: 4950 kbps | tp: 5564 kbps | trace_bw: 755918 kbps
   t=113s | buffer: 31.5s | bitrate: 4950 kbps | tp: 5397 kbps | trace_bw: 740367 kbps

======================================================================
  BENCHMARK RESULTS (HLS / hls.js)
======================================================================

  [TIMING]
      Startup delay:     363 ms
      Playback time:     120.3 s

  [BITRATE]
      Average (selected):  4,800 kbps
      Average (effective): 4,794 kbps
      Min / Max:           440 / 4,950 kbps
      Median:              4,950 kbps
      Std deviation:       807.9 kbps
      Variance:            652,777.1
      25th/75th %ile:      4,950 / 4,950 kbps

  [SWITCHES]
      Total count:       1
      Up / Down:         1 / 0
      Avg magnitude:     4,510 kbps

  [REBUFFERING]
      Events:            1
      Total time:        155 ms
      Ratio:             0.1287%
      Frequency:         0.499 per minute
      Avg duration:      155 ms
      Max duration:      155 ms

  [THROUGHPUT]
      Average:           9,361 kbps
      Median:            6,214 kbps
      Min / Max:         5,258 / 101,523 kbps
      Std deviation:     10,662.1 kbps

  [AVAILABLE BW (trace)]
      Average:           755,104 kbps
      Min / Max:         740,367 / 757,880 kbps
      Utilisation:       0.8%

  [BUFFER]
      Average level:     31.6 s
      Min / Max:         0.0 / 33.8 s

  [UTILIZATION]
      Bandwidth:         0.6%

======================================================================

[SAVED] results/run_all_20260607_000000/hls_fcc_2023/benchmark_hls_fcc2023_127_unit79301405_tc_20260607_210443.json

──────────────────────────────────────────────────────────────────────
  [129/150] fcc2023_128_unit24734333_tc.csv
──────────────────────────────────────────────────────────────────────
[TRACE] fcc2023_128_unit24734333_tc.csv
[HLS-SHAPER] Triggering tc-trace via /startShaping API...
[HLS-SHAPER] tc-trace.py starting in container

======================================================================
  HLS Streaming QoE Benchmark (hls.js)
======================================================================
  Server: http://localhost:8080/hls.html?manifest=http://localhost:8080/hls/master.m3u8
======================================================================

[TRACE] Loaded 294 entries with bandwidth
[BROWSER] Launching headless Chromium...
[BROWSER] Waiting for playback to start...
   Startup delay: 631ms

[PLAYBACK] Collecting metrics...
   t=10s | buffer: 29.8s | bitrate: 4950 kbps | tp: 15796 kbps | trace_bw: 773461 kbps
   t=20s | buffer: 31.6s | bitrate: 4950 kbps | tp: 10404 kbps | trace_bw: 775516 kbps
   t=31s | buffer: 33.3s | bitrate: 4950 kbps | tp: 8116 kbps | trace_bw: 787290 kbps
   t=41s | buffer: 31.1s | bitrate: 4950 kbps | tp: 6906 kbps | trace_bw: 781768 kbps
   t=51s | buffer: 32.9s | bitrate: 4950 kbps | tp: 6953 kbps | trace_bw: 758804 kbps
   t=61s | buffer: 30.6s | bitrate: 4950 kbps | tp: 6107 kbps | trace_bw: 780716 kbps
   t=72s | buffer: 32.4s | bitrate: 4950 kbps | tp: 5800 kbps | trace_bw: 786333 kbps
   t=82s | buffer: 30.1s | bitrate: 4950 kbps | tp: 5517 kbps | trace_bw: 787422 kbps
   t=92s | buffer: 31.9s | bitrate: 4950 kbps | tp: 5666 kbps | trace_bw: 767173 kbps
   t=102s | buffer: 29.7s | bitrate: 4950 kbps | tp: 5394 kbps | trace_bw: 780874 kbps
   t=113s | buffer: 31.4s | bitrate: 4950 kbps | tp: 5397 kbps | trace_bw: 784042 kbps

======================================================================
  BENCHMARK RESULTS (HLS / hls.js)
======================================================================

  [TIMING]
      Startup delay:     631 ms
      Playback time:     120.3 s

  [BITRATE]
      Average (selected):  4,800 kbps
      Average (effective): 4,789 kbps
      Min / Max:           440 / 4,950 kbps
      Median:              4,950 kbps
      Std deviation:       807.9 kbps
      Variance:            652,777.1
      25th/75th %ile:      4,950 / 4,950 kbps

  [SWITCHES]
      Total count:       1
      Up / Down:         1 / 0
      Avg magnitude:     4,510 kbps

  [REBUFFERING]
      Events:            1
      Total time:        284 ms
      Ratio:             0.2355%
      Frequency:         0.499 per minute
      Avg duration:      284 ms
      Max duration:      284 ms

  [THROUGHPUT]
      Average:           8,667 kbps
      Median:            6,210 kbps
      Min / Max:         5,258 / 41,255 kbps
      Std deviation:     6,741.6 kbps

  [AVAILABLE BW (trace)]
      Average:           769,830 kbps
      Min / Max:         632,982 / 787,422 kbps
      Utilisation:       0.8%

  [BUFFER]
      Average level:     31.0 s
      Min / Max:         0.0 / 33.7 s

  [UTILIZATION]
      Bandwidth:         0.6%

======================================================================

[SAVED] results/run_all_20260607_000000/hls_fcc_2023/benchmark_hls_fcc2023_128_unit24734333_tc_20260607_210647.json

──────────────────────────────────────────────────────────────────────
  [130/150] fcc2023_129_unit38713589_tc.csv
──────────────────────────────────────────────────────────────────────
[TRACE] fcc2023_129_unit38713589_tc.csv
[HLS-SHAPER] Triggering tc-trace via /startShaping API...
[HLS-SHAPER] tc-trace.py starting in container

======================================================================
  HLS Streaming QoE Benchmark (hls.js)
======================================================================
  Server: http://localhost:8080/hls.html?manifest=http://localhost:8080/hls/master.m3u8
======================================================================

[TRACE] Loaded 241 entries with bandwidth
[BROWSER] Launching headless Chromium...
[BROWSER] Waiting for playback to start...
   Startup delay: 385ms

[PLAYBACK] Collecting metrics...
   t=10s | buffer: 29.8s | bitrate: 4950 kbps | tp: 15833 kbps | trace_bw: 564869 kbps
   t=20s | buffer: 31.6s | bitrate: 4950 kbps | tp: 10416 kbps | trace_bw: 620414 kbps
   t=31s | buffer: 33.4s | bitrate: 4950 kbps | tp: 8132 kbps | trace_bw: 561753 kbps
   t=41s | buffer: 31.2s | bitrate: 4950 kbps | tp: 6918 kbps | trace_bw: 904882 kbps
   t=51s | buffer: 33.0s | bitrate: 4950 kbps | tp: 6968 kbps | trace_bw: 670026 kbps
   t=61s | buffer: 30.8s | bitrate: 4950 kbps | tp: 6122 kbps | trace_bw: 934479 kbps
   t=72s | buffer: 32.5s | bitrate: 4950 kbps | tp: 5813 kbps | trace_bw: 568741 kbps
   t=82s | buffer: 30.3s | bitrate: 4950 kbps | tp: 5528 kbps | trace_bw: 606226 kbps
   t=92s | buffer: 32.1s | bitrate: 4950 kbps | tp: 5677 kbps | trace_bw: 493035 kbps
   t=102s | buffer: 29.9s | bitrate: 4950 kbps | tp: 5404 kbps | trace_bw: 731127 kbps
   t=112s | buffer: 31.7s | bitrate: 4950 kbps | tp: 5408 kbps | trace_bw: 935418 kbps

======================================================================
  BENCHMARK RESULTS (HLS / hls.js)
======================================================================

  [TIMING]
      Startup delay:     385 ms
      Playback time:     120.1 s

  [BITRATE]
      Average (selected):  4,800 kbps
      Average (effective): 4,793 kbps
      Min / Max:           440 / 4,950 kbps
      Median:              4,950 kbps
      Std deviation:       809.6 kbps
      Variance:            655,403.2
      25th/75th %ile:      4,950 / 4,950 kbps

  [SWITCHES]
      Total count:       1
      Up / Down:         1 / 0
      Avg magnitude:     4,510 kbps

  [REBUFFERING]
      Events:            1
      Total time:        166 ms
      Ratio:             0.1381%
      Frequency:         0.500 per minute
      Avg duration:      166 ms
      Max duration:      166 ms

  [THROUGHPUT]
      Average:           8,972 kbps
      Median:            6,226 kbps
      Min / Max:         5,269 / 61,204 kbps
      Std deviation:     8,108.0 kbps

  [AVAILABLE BW (trace)]
      Average:           711,359 kbps
      Min / Max:         475,389 / 939,324 kbps
      Utilisation:       0.9%

  [BUFFER]
      Average level:     31.4 s
      Min / Max:         0.0 / 33.8 s

  [UTILIZATION]
      Bandwidth:         0.7%

======================================================================

[SAVED] results/run_all_20260607_000000/hls_fcc_2023/benchmark_hls_fcc2023_129_unit38713589_tc_20260607_210852.json

──────────────────────────────────────────────────────────────────────
  [131/150] fcc2023_130_unit3981813_tc.csv
──────────────────────────────────────────────────────────────────────
[TRACE] fcc2023_130_unit3981813_tc.csv
[HLS-SHAPER] Triggering tc-trace via /startShaping API...
[HLS-SHAPER] tc-trace.py starting in container

======================================================================
  HLS Streaming QoE Benchmark (hls.js)
======================================================================
  Server: http://localhost:8080/hls.html?manifest=http://localhost:8080/hls/master.m3u8
======================================================================

[TRACE] Loaded 225 entries with bandwidth
[BROWSER] Launching headless Chromium...
[BROWSER] Waiting for playback to start...
   Startup delay: 509ms

[PLAYBACK] Collecting metrics...
   t=10s | buffer: 29.8s | bitrate: 4950 kbps | tp: 15844 kbps | trace_bw: 810590 kbps
   t=20s | buffer: 31.6s | bitrate: 4950 kbps | tp: 10431 kbps | trace_bw: 829826 kbps
   t=31s | buffer: 33.4s | bitrate: 4950 kbps | tp: 8137 kbps | trace_bw: 847018 kbps
   t=41s | buffer: 31.2s | bitrate: 4950 kbps | tp: 6919 kbps | trace_bw: 802608 kbps
   t=51s | buffer: 32.9s | bitrate: 4950 kbps | tp: 6964 kbps | trace_bw: 821549 kbps
   t=61s | buffer: 30.7s | bitrate: 4950 kbps | tp: 6117 kbps | trace_bw: 833074 kbps
   t=72s | buffer: 32.5s | bitrate: 4950 kbps | tp: 5809 kbps | trace_bw: 863443 kbps
   t=82s | buffer: 30.3s | bitrate: 4950 kbps | tp: 5526 kbps | trace_bw: 823781 kbps
   t=92s | buffer: 32.1s | bitrate: 4950 kbps | tp: 5676 kbps | trace_bw: 837998 kbps
   t=102s | buffer: 29.8s | bitrate: 4950 kbps | tp: 5403 kbps | trace_bw: 841135 kbps
   t=112s | buffer: 31.6s | bitrate: 4950 kbps | tp: 5405 kbps | trace_bw: 821596 kbps

======================================================================
  BENCHMARK RESULTS (HLS / hls.js)
======================================================================

  [TIMING]
      Startup delay:     509 ms
      Playback time:     120.1 s

  [BITRATE]
      Average (selected):  4,800 kbps
      Average (effective): 4,791 kbps
      Min / Max:           440 / 4,950 kbps
      Median:              4,950 kbps
      Std deviation:       809.6 kbps
      Variance:            655,403.2
      25th/75th %ile:      4,950 / 4,950 kbps

  [SWITCHES]
      Total count:       1
      Up / Down:         1 / 0
      Avg magnitude:     4,510 kbps

  [REBUFFERING]
      Events:            1
      Total time:        213 ms
      Ratio:             0.1770%
      Frequency:         0.499 per minute
      Avg duration:      213 ms
      Max duration:      213 ms

  [THROUGHPUT]
      Average:           8,690 kbps
      Median:            6,220 kbps
      Min / Max:         5,266 / 47,544 kbps
      Std deviation:     6,798.5 kbps

  [AVAILABLE BW (trace)]
      Average:           836,525 kbps
      Min / Max:         802,608 / 890,494 kbps
      Utilisation:       0.7%

  [BUFFER]
      Average level:     31.1 s
      Min / Max:         0.0 / 33.7 s

  [UTILIZATION]
      Bandwidth:         0.6%

======================================================================

[SAVED] results/run_all_20260607_000000/hls_fcc_2023/benchmark_hls_fcc2023_130_unit3981813_tc_20260607_211056.json

──────────────────────────────────────────────────────────────────────
  [132/150] fcc2023_131_unit1004394_tc.csv
──────────────────────────────────────────────────────────────────────
[TRACE] fcc2023_131_unit1004394_tc.csv
[HLS-SHAPER] Triggering tc-trace via /startShaping API...
[HLS-SHAPER] tc-trace.py starting in container

======================================================================
  HLS Streaming QoE Benchmark (hls.js)
======================================================================
  Server: http://localhost:8080/hls.html?manifest=http://localhost:8080/hls/master.m3u8
======================================================================

[TRACE] Loaded 300 entries with bandwidth
[BROWSER] Launching headless Chromium...
[BROWSER] Waiting for playback to start...
   Startup delay: 350ms

[PLAYBACK] Collecting metrics...
   t=10s | buffer: 33.8s | bitrate: 4950 kbps | tp: 17187 kbps | trace_bw: 912915 kbps
   t=20s | buffer: 31.6s | bitrate: 4950 kbps | tp: 10427 kbps | trace_bw: 900584 kbps
   t=31s | buffer: 33.4s | bitrate: 4950 kbps | tp: 8143 kbps | trace_bw: 851549 kbps
   t=41s | buffer: 31.2s | bitrate: 4950 kbps | tp: 6925 kbps | trace_bw: 912590 kbps
   t=51s | buffer: 33.0s | bitrate: 4950 kbps | tp: 6969 kbps | trace_bw: 896382 kbps
   t=61s | buffer: 30.8s | bitrate: 4950 kbps | tp: 6122 kbps | trace_bw: 848323 kbps
   t=72s | buffer: 32.5s | bitrate: 4950 kbps | tp: 5812 kbps | trace_bw: 838850 kbps
   t=82s | buffer: 30.3s | bitrate: 4950 kbps | tp: 5528 kbps | trace_bw: 903945 kbps
   t=92s | buffer: 32.1s | bitrate: 4950 kbps | tp: 5678 kbps | trace_bw: 901269 kbps
   t=102s | buffer: 33.9s | bitrate: 4950 kbps | tp: 5575 kbps | trace_bw: 898912 kbps
   t=112s | buffer: 31.7s | bitrate: 4950 kbps | tp: 5407 kbps | trace_bw: 827760 kbps

======================================================================
  BENCHMARK RESULTS (HLS / hls.js)
======================================================================

  [TIMING]
      Startup delay:     350 ms
      Playback time:     120.1 s

  [BITRATE]
      Average (selected):  4,800 kbps
      Average (effective): 4,793 kbps
      Min / Max:           440 / 4,950 kbps
      Median:              4,950 kbps
      Std deviation:       809.6 kbps
      Variance:            655,403.2
      25th/75th %ile:      4,950 / 4,950 kbps

  [SWITCHES]
      Total count:       1
      Up / Down:         1 / 0
      Avg magnitude:     4,510 kbps

  [REBUFFERING]
      Events:            1
      Total time:        172 ms
      Ratio:             0.1430%
      Frequency:         0.500 per minute
      Avg duration:      172 ms
      Max duration:      172 ms

  [THROUGHPUT]
      Average:           9,473 kbps
      Median:            6,226 kbps
      Min / Max:         5,267 / 124,084 kbps
      Std deviation:     11,566.0 kbps

  [AVAILABLE BW (trace)]
      Average:           887,889 kbps
      Min / Max:         824,172 / 920,372 kbps
      Utilisation:       0.7%

  [BUFFER]
      Average level:     31.7 s
      Min / Max:         0.0 / 33.9 s

  [UTILIZATION]
      Bandwidth:         0.5%

======================================================================

[SAVED] results/run_all_20260607_000000/hls_fcc_2023/benchmark_hls_fcc2023_131_unit1004394_tc_20260607_211300.json

──────────────────────────────────────────────────────────────────────
  [133/150] fcc2023_132_unit55105525_tc.csv
──────────────────────────────────────────────────────────────────────
[TRACE] fcc2023_132_unit55105525_tc.csv
[HLS-SHAPER] Triggering tc-trace via /startShaping API...
[HLS-SHAPER] tc-trace.py starting in container

======================================================================
  HLS Streaming QoE Benchmark (hls.js)
======================================================================
  Server: http://localhost:8080/hls.html?manifest=http://localhost:8080/hls/master.m3u8
======================================================================

[TRACE] Loaded 342 entries with bandwidth
[BROWSER] Launching headless Chromium...
[BROWSER] Waiting for playback to start...
   Startup delay: 520ms

[PLAYBACK] Collecting metrics...
   t=10s | buffer: 29.8s | bitrate: 4950 kbps | tp: 15820 kbps | trace_bw: 928429 kbps
   t=20s | buffer: 31.6s | bitrate: 4950 kbps | tp: 10416 kbps | trace_bw: 841791 kbps
   t=31s | buffer: 33.4s | bitrate: 4950 kbps | tp: 8131 kbps | trace_bw: 578302 kbps
   t=41s | buffer: 31.2s | bitrate: 4950 kbps | tp: 6915 kbps | trace_bw: 814149 kbps
   t=51s | buffer: 32.9s | bitrate: 4950 kbps | tp: 6962 kbps | trace_bw: 930178 kbps
   t=61s | buffer: 30.7s | bitrate: 4950 kbps | tp: 6115 kbps | trace_bw: 380224 kbps
   t=72s | buffer: 32.5s | bitrate: 4950 kbps | tp: 5809 kbps | trace_bw: 586249 kbps
   t=82s | buffer: 30.3s | bitrate: 4950 kbps | tp: 5525 kbps | trace_bw: 923220 kbps
   t=92s | buffer: 32.1s | bitrate: 4950 kbps | tp: 5675 kbps | trace_bw: 834431 kbps
   t=102s | buffer: 29.8s | bitrate: 4950 kbps | tp: 5403 kbps | trace_bw: 939122 kbps
   t=112s | buffer: 31.6s | bitrate: 4950 kbps | tp: 5405 kbps | trace_bw: 753717 kbps

======================================================================
  BENCHMARK RESULTS (HLS / hls.js)
======================================================================

  [TIMING]
      Startup delay:     520 ms
      Playback time:     120.1 s

  [BITRATE]
      Average (selected):  4,800 kbps
      Average (effective): 4,791 kbps
      Min / Max:           440 / 4,950 kbps
      Median:              4,950 kbps
      Std deviation:       809.6 kbps
      Variance:            655,403.2
      25th/75th %ile:      4,950 / 4,950 kbps

  [SWITCHES]
      Total count:       1
      Up / Down:         1 / 0
      Avg magnitude:     4,510 kbps

  [REBUFFERING]
      Events:            1
      Total time:        229 ms
      Ratio:             0.1903%
      Frequency:         0.500 per minute
      Avg duration:      229 ms
      Max duration:      229 ms

  [THROUGHPUT]
      Average:           8,421 kbps
      Median:            6,218 kbps
      Min / Max:         5,266 / 35,672 kbps
      Std deviation:     5,707.6 kbps

  [AVAILABLE BW (trace)]
      Average:           761,574 kbps
      Min / Max:         365,269 / 939,122 kbps
      Utilisation:       0.8%

  [BUFFER]
      Average level:     31.0 s
      Min / Max:         0.0 / 33.7 s

  [UTILIZATION]
      Bandwidth:         0.6%

======================================================================

[SAVED] results/run_all_20260607_000000/hls_fcc_2023/benchmark_hls_fcc2023_132_unit55105525_tc_20260607_211504.json

──────────────────────────────────────────────────────────────────────
  [134/150] fcc2023_133_unit25170181_tc.csv
──────────────────────────────────────────────────────────────────────
[TRACE] fcc2023_133_unit25170181_tc.csv
[HLS-SHAPER] Triggering tc-trace via /startShaping API...
[HLS-SHAPER] tc-trace.py starting in container

======================================================================
  HLS Streaming QoE Benchmark (hls.js)
======================================================================
  Server: http://localhost:8080/hls.html?manifest=http://localhost:8080/hls/master.m3u8
======================================================================

[TRACE] Loaded 231 entries with bandwidth
[BROWSER] Launching headless Chromium...
[BROWSER] Waiting for playback to start...
   Startup delay: 495ms

[PLAYBACK] Collecting metrics...
   t=10s | buffer: 29.8s | bitrate: 4950 kbps | tp: 15785 kbps | trace_bw: 859962 kbps
   t=20s | buffer: 31.6s | bitrate: 4950 kbps | tp: 10402 kbps | trace_bw: 871711 kbps
   t=31s | buffer: 33.3s | bitrate: 4950 kbps | tp: 8120 kbps | trace_bw: 870405 kbps
   t=41s | buffer: 31.1s | bitrate: 4950 kbps | tp: 6908 kbps | trace_bw: 870227 kbps
   t=51s | buffer: 32.9s | bitrate: 4950 kbps | tp: 6955 kbps | trace_bw: 871701 kbps
   t=61s | buffer: 30.6s | bitrate: 4950 kbps | tp: 6111 kbps | trace_bw: 121666 kbps
   t=72s | buffer: 32.4s | bitrate: 4950 kbps | tp: 5804 kbps | trace_bw: 871691 kbps
   t=82s | buffer: 30.2s | bitrate: 4950 kbps | tp: 5521 kbps | trace_bw: 870685 kbps
   t=92s | buffer: 32.0s | bitrate: 4950 kbps | tp: 5671 kbps | trace_bw: 866901 kbps
   t=102s | buffer: 29.8s | bitrate: 4950 kbps | tp: 5399 kbps | trace_bw: 868715 kbps
   t=113s | buffer: 31.5s | bitrate: 4950 kbps | tp: 5401 kbps | trace_bw: 871609 kbps

======================================================================
  BENCHMARK RESULTS (HLS / hls.js)
======================================================================

  [TIMING]
      Startup delay:     495 ms
      Playback time:     120.2 s

  [BITRATE]
      Average (selected):  4,800 kbps
      Average (effective): 4,792 kbps
      Min / Max:           440 / 4,950 kbps
      Median:              4,950 kbps
      Std deviation:       807.9 kbps
      Variance:            652,777.1
      25th/75th %ile:      4,950 / 4,950 kbps

  [SWITCHES]
      Total count:       1
      Up / Down:         1 / 0
      Avg magnitude:     4,510 kbps

  [REBUFFERING]
      Events:            1
      Total time:        206 ms
      Ratio:             0.1710%
      Frequency:         0.499 per minute
      Avg duration:      206 ms
      Max duration:      206 ms

  [THROUGHPUT]
      Average:           8,797 kbps
      Median:            6,214 kbps
      Min / Max:         5,262 / 52,767 kbps
      Std deviation:     7,397.4 kbps

  [AVAILABLE BW (trace)]
      Average:           837,395 kbps
      Min / Max:         121,666 / 872,885 kbps
      Utilisation:       0.7%

  [BUFFER]
      Average level:     31.1 s
      Min / Max:         0.0 / 33.6 s

  [UTILIZATION]
      Bandwidth:         0.6%

======================================================================

[SAVED] results/run_all_20260607_000000/hls_fcc_2023/benchmark_hls_fcc2023_133_unit25170181_tc_20260607_211708.json

──────────────────────────────────────────────────────────────────────
  [135/150] fcc2023_134_unit37991969_tc.csv
──────────────────────────────────────────────────────────────────────
[TRACE] fcc2023_134_unit37991969_tc.csv
[HLS-SHAPER] Triggering tc-trace via /startShaping API...
[HLS-SHAPER] tc-trace.py starting in container

======================================================================
  HLS Streaming QoE Benchmark (hls.js)
======================================================================
  Server: http://localhost:8080/hls.html?manifest=http://localhost:8080/hls/master.m3u8
======================================================================

[TRACE] Loaded 207 entries with bandwidth
[BROWSER] Launching headless Chromium...
[BROWSER] Waiting for playback to start...
   Startup delay: 478ms

[PLAYBACK] Collecting metrics...
   t=10s | buffer: 29.8s | bitrate: 4950 kbps | tp: 15821 kbps | trace_bw: 931748 kbps
   t=20s | buffer: 31.6s | bitrate: 4950 kbps | tp: 10426 kbps | trace_bw: 915004 kbps
   t=31s | buffer: 29.4s | bitrate: 4950 kbps | tp: 7694 kbps | trace_bw: 910304 kbps
   t=41s | buffer: 31.2s | bitrate: 4950 kbps | tp: 6921 kbps | trace_bw: 740348 kbps
   t=51s | buffer: 33.0s | bitrate: 4950 kbps | tp: 6967 kbps | trace_bw: 908424 kbps
   t=61s | buffer: 30.8s | bitrate: 4950 kbps | tp: 6121 kbps | trace_bw: 909809 kbps
   t=72s | buffer: 32.5s | bitrate: 4950 kbps | tp: 5812 kbps | trace_bw: 871104 kbps
   t=82s | buffer: 30.3s | bitrate: 4950 kbps | tp: 5528 kbps | trace_bw: 558161 kbps
   t=92s | buffer: 32.1s | bitrate: 4950 kbps | tp: 5677 kbps | trace_bw: 883414 kbps
   t=102s | buffer: 29.9s | bitrate: 4950 kbps | tp: 5404 kbps | trace_bw: 911286 kbps
   t=112s | buffer: 31.6s | bitrate: 4950 kbps | tp: 5407 kbps | trace_bw: 911140 kbps

======================================================================
  BENCHMARK RESULTS (HLS / hls.js)
======================================================================

  [TIMING]
      Startup delay:     478 ms
      Playback time:     120.1 s

  [BITRATE]
      Average (selected):  4,800 kbps
      Average (effective): 4,791 kbps
      Min / Max:           440 / 4,950 kbps
      Median:              4,950 kbps
      Std deviation:       809.6 kbps
      Variance:            655,403.2
      25th/75th %ile:      4,950 / 4,950 kbps

  [SWITCHES]
      Total count:       1
      Up / Down:         1 / 0
      Avg magnitude:     4,510 kbps

  [REBUFFERING]
      Events:            1
      Total time:        205 ms
      Ratio:             0.1704%
      Frequency:         0.500 per minute
      Avg duration:      205 ms
      Max duration:      205 ms

  [THROUGHPUT]
      Average:           8,510 kbps
      Median:            6,224 kbps
      Min / Max:         5,267 / 41,390 kbps
      Std deviation:     6,115.0 kbps

  [AVAILABLE BW (trace)]
      Average:           857,013 kbps
      Min / Max:         402,192 / 931,748 kbps
      Utilisation:       0.7%

  [BUFFER]
      Average level:     31.0 s
      Min / Max:         0.0 / 33.6 s

  [UTILIZATION]
      Bandwidth:         0.5%

======================================================================

[SAVED] results/run_all_20260607_000000/hls_fcc_2023/benchmark_hls_fcc2023_134_unit37991969_tc_20260607_211912.json

──────────────────────────────────────────────────────────────────────
  [136/150] fcc2023_135_unit39486173_tc.csv
──────────────────────────────────────────────────────────────────────
[TRACE] fcc2023_135_unit39486173_tc.csv
[HLS-SHAPER] Triggering tc-trace via /startShaping API...
[HLS-SHAPER] tc-trace.py starting in container

======================================================================
  HLS Streaming QoE Benchmark (hls.js)
======================================================================
  Server: http://localhost:8080/hls.html?manifest=http://localhost:8080/hls/master.m3u8
======================================================================

[TRACE] Loaded 163 entries with bandwidth
[BROWSER] Launching headless Chromium...
[BROWSER] Waiting for playback to start...
   Startup delay: 294ms

[PLAYBACK] Collecting metrics...
   t=10s | buffer: 29.8s | bitrate: 4950 kbps | tp: 17169 kbps | trace_bw: 915845 kbps
   t=20s | buffer: 31.6s | bitrate: 4950 kbps | tp: 10426 kbps | trace_bw: 914862 kbps
   t=31s | buffer: 33.4s | bitrate: 4950 kbps | tp: 8134 kbps | trace_bw: 182663 kbps
   t=41s | buffer: 31.2s | bitrate: 4950 kbps | tp: 6916 kbps | trace_bw: 894518 kbps
   t=51s | buffer: 32.9s | bitrate: 4950 kbps | tp: 6962 kbps | trace_bw: 236552 kbps
   t=61s | buffer: 30.7s | bitrate: 4950 kbps | tp: 6117 kbps | trace_bw: 916281 kbps
   t=72s | buffer: 32.5s | bitrate: 4950 kbps | tp: 5811 kbps | trace_bw: 859589 kbps
   t=82s | buffer: 30.3s | bitrate: 4950 kbps | tp: 5528 kbps | trace_bw: 875772 kbps
   t=92s | buffer: 32.1s | bitrate: 4950 kbps | tp: 5677 kbps | trace_bw: 900004 kbps
   t=102s | buffer: 29.9s | bitrate: 4950 kbps | tp: 5404 kbps | trace_bw: 906374 kbps
   t=112s | buffer: 31.6s | bitrate: 4950 kbps | tp: 5406 kbps | trace_bw: 911835 kbps

======================================================================
  BENCHMARK RESULTS (HLS / hls.js)
======================================================================

  [TIMING]
      Startup delay:     294 ms
      Playback time:     120.1 s

  [BITRATE]
      Average (selected):  4,800 kbps
      Average (effective): 4,795 kbps
      Min / Max:           440 / 4,950 kbps
      Median:              4,950 kbps
      Std deviation:       809.6 kbps
      Variance:            655,403.2
      25th/75th %ile:      4,950 / 4,950 kbps

  [SWITCHES]
      Total count:       1
      Up / Down:         1 / 0
      Avg magnitude:     4,510 kbps

  [REBUFFERING]
      Events:            1
      Total time:        124 ms
      Ratio:             0.1031%
      Frequency:         0.500 per minute
      Avg duration:      124 ms
      Max duration:      124 ms

  [THROUGHPUT]
      Average:           9,463 kbps
      Median:            6,221 kbps
      Min / Max:         5,267 / 123,426 kbps
      Std deviation:     11,528.6 kbps

  [AVAILABLE BW (trace)]
      Average:           764,287 kbps
      Min / Max:         182,663 / 917,039 kbps
      Utilisation:       0.8%

  [BUFFER]
      Average level:     31.6 s
      Min / Max:         0.0 / 33.8 s

  [UTILIZATION]
      Bandwidth:         0.5%

======================================================================

[SAVED] results/run_all_20260607_000000/hls_fcc_2023/benchmark_hls_fcc2023_135_unit39486173_tc_20260607_212116.json

──────────────────────────────────────────────────────────────────────
  [137/150] fcc2023_136_unit997189_tc.csv
──────────────────────────────────────────────────────────────────────
[TRACE] fcc2023_136_unit997189_tc.csv
[HLS-SHAPER] Triggering tc-trace via /startShaping API...
[HLS-SHAPER] tc-trace.py starting in container

======================================================================
  HLS Streaming QoE Benchmark (hls.js)
======================================================================
  Server: http://localhost:8080/hls.html?manifest=http://localhost:8080/hls/master.m3u8
======================================================================

[TRACE] Loaded 240 entries with bandwidth
[BROWSER] Launching headless Chromium...
[BROWSER] Waiting for playback to start...
   Startup delay: 482ms

[PLAYBACK] Collecting metrics...
   t=10s | buffer: 29.8s | bitrate: 4950 kbps | tp: 15829 kbps | trace_bw: 895493 kbps
   t=20s | buffer: 31.6s | bitrate: 4950 kbps | tp: 10425 kbps | trace_bw: 906787 kbps
   t=31s | buffer: 33.4s | bitrate: 4950 kbps | tp: 8136 kbps | trace_bw: 902440 kbps
   t=41s | buffer: 31.1s | bitrate: 4950 kbps | tp: 6912 kbps | trace_bw: 898267 kbps
   t=51s | buffer: 32.9s | bitrate: 4950 kbps | tp: 6957 kbps | trace_bw: 901972 kbps
   t=61s | buffer: 30.7s | bitrate: 4950 kbps | tp: 6115 kbps | trace_bw: 907996 kbps
   t=72s | buffer: 32.5s | bitrate: 4950 kbps | tp: 5809 kbps | trace_bw: 898587 kbps
   t=82s | buffer: 30.3s | bitrate: 4950 kbps | tp: 5525 kbps | trace_bw: 901554 kbps
   t=92s | buffer: 32.1s | bitrate: 4950 kbps | tp: 5675 kbps | trace_bw: 902666 kbps
   t=102s | buffer: 29.9s | bitrate: 4950 kbps | tp: 5403 kbps | trace_bw: 902463 kbps
   t=112s | buffer: 31.6s | bitrate: 4950 kbps | tp: 5405 kbps | trace_bw: 879767 kbps

======================================================================
  BENCHMARK RESULTS (HLS / hls.js)
======================================================================

  [TIMING]
      Startup delay:     482 ms
      Playback time:     120.1 s

  [BITRATE]
      Average (selected):  4,800 kbps
      Average (effective): 4,791 kbps
      Min / Max:           440 / 4,950 kbps
      Median:              4,950 kbps
      Std deviation:       809.6 kbps
      Variance:            655,403.2
      25th/75th %ile:      4,950 / 4,950 kbps

  [SWITCHES]
      Total count:       1
      Up / Down:         1 / 0
      Avg magnitude:     4,510 kbps

  [REBUFFERING]
      Events:            1
      Total time:        207 ms
      Ratio:             0.1720%
      Frequency:         0.500 per minute
      Avg duration:      207 ms
      Max duration:      207 ms

  [THROUGHPUT]
      Average:           8,809 kbps
      Median:            6,218 kbps
      Min / Max:         5,266 / 50,786 kbps
      Std deviation:     7,363.7 kbps

  [AVAILABLE BW (trace)]
      Average:           898,990 kbps
      Min / Max:         879,767 / 907,996 kbps
      Utilisation:       0.7%

  [BUFFER]
      Average level:     31.2 s
      Min / Max:         0.0 / 33.7 s

  [UTILIZATION]
      Bandwidth:         0.5%

======================================================================

[SAVED] results/run_all_20260607_000000/hls_fcc_2023/benchmark_hls_fcc2023_136_unit997189_tc_20260607_212320.json

──────────────────────────────────────────────────────────────────────
  [138/150] fcc2023_137_unit39486385_tc.csv
──────────────────────────────────────────────────────────────────────
[TRACE] fcc2023_137_unit39486385_tc.csv
[HLS-SHAPER] Triggering tc-trace via /startShaping API...
[HLS-SHAPER] tc-trace.py starting in container

======================================================================
  HLS Streaming QoE Benchmark (hls.js)
======================================================================
  Server: http://localhost:8080/hls.html?manifest=http://localhost:8080/hls/master.m3u8
======================================================================

[TRACE] Loaded 268 entries with bandwidth
[BROWSER] Launching headless Chromium...
[BROWSER] Waiting for playback to start...
   Startup delay: 374ms

[PLAYBACK] Collecting metrics...
   t=10s | buffer: 29.8s | bitrate: 4950 kbps | tp: 15839 kbps | trace_bw: 914321 kbps
   t=20s | buffer: 31.6s | bitrate: 4950 kbps | tp: 10433 kbps | trace_bw: 910168 kbps
   t=31s | buffer: 33.4s | bitrate: 4950 kbps | tp: 8142 kbps | trace_bw: 914722 kbps
   t=41s | buffer: 31.2s | bitrate: 4950 kbps | tp: 6922 kbps | trace_bw: 916819 kbps
   t=51s | buffer: 33.0s | bitrate: 4950 kbps | tp: 6969 kbps | trace_bw: 914469 kbps
   t=61s | buffer: 30.8s | bitrate: 4950 kbps | tp: 6123 kbps | trace_bw: 635019 kbps
   t=72s | buffer: 32.6s | bitrate: 4950 kbps | tp: 5814 kbps | trace_bw: 911441 kbps
   t=82s | buffer: 30.3s | bitrate: 4950 kbps | tp: 5528 kbps | trace_bw: 915147 kbps
   t=92s | buffer: 32.1s | bitrate: 4950 kbps | tp: 5678 kbps | trace_bw: 735399 kbps
   t=102s | buffer: 29.9s | bitrate: 4950 kbps | tp: 5405 kbps | trace_bw: 911214 kbps
   t=112s | buffer: 31.7s | bitrate: 4950 kbps | tp: 5407 kbps | trace_bw: 94745 kbps

======================================================================
  BENCHMARK RESULTS (HLS / hls.js)
======================================================================

  [TIMING]
      Startup delay:     374 ms
      Playback time:     120.1 s

  [BITRATE]
      Average (selected):  4,800 kbps
      Average (effective): 4,793 kbps
      Min / Max:           440 / 4,950 kbps
      Median:              4,950 kbps
      Std deviation:       809.6 kbps
      Variance:            655,403.2
      25th/75th %ile:      4,950 / 4,950 kbps

  [SWITCHES]
      Total count:       1
      Up / Down:         1 / 0
      Avg magnitude:     4,510 kbps

  [REBUFFERING]
      Events:            1
      Total time:        161 ms
      Ratio:             0.1339%
      Frequency:         0.500 per minute
      Avg duration:      161 ms
      Max duration:      161 ms

  [THROUGHPUT]
      Average:           9,261 kbps
      Median:            6,226 kbps
      Min / Max:         5,268 / 82,757 kbps
      Std deviation:     9,833.9 kbps

  [AVAILABLE BW (trace)]
      Average:           844,592 kbps
      Min / Max:         94,745 / 916,819 kbps
      Utilisation:       0.7%

  [BUFFER]
      Average level:     31.5 s
      Min / Max:         0.0 / 33.8 s

  [UTILIZATION]
      Bandwidth:         0.5%

======================================================================

[SAVED] results/run_all_20260607_000000/hls_fcc_2023/benchmark_hls_fcc2023_137_unit39486385_tc_20260607_212524.json

──────────────────────────────────────────────────────────────────────
  [139/150] fcc2023_138_unit54730401_tc.csv
──────────────────────────────────────────────────────────────────────
[TRACE] fcc2023_138_unit54730401_tc.csv
[HLS-SHAPER] Triggering tc-trace via /startShaping API...
[HLS-SHAPER] tc-trace.py starting in container

======================================================================
  HLS Streaming QoE Benchmark (hls.js)
======================================================================
  Server: http://localhost:8080/hls.html?manifest=http://localhost:8080/hls/master.m3u8
======================================================================

[TRACE] Loaded 241 entries with bandwidth
[BROWSER] Launching headless Chromium...
[BROWSER] Waiting for playback to start...
   Startup delay: 461ms

[PLAYBACK] Collecting metrics...
   t=10s | buffer: 29.8s | bitrate: 4950 kbps | tp: 15836 kbps | trace_bw: 899072 kbps
   t=20s | buffer: 31.6s | bitrate: 4950 kbps | tp: 10425 kbps | trace_bw: 910118 kbps
   t=31s | buffer: 33.4s | bitrate: 4950 kbps | tp: 8136 kbps | trace_bw: 916941 kbps
   t=41s | buffer: 31.2s | bitrate: 4950 kbps | tp: 6920 kbps | trace_bw: 919610 kbps
   t=51s | buffer: 33.0s | bitrate: 4950 kbps | tp: 6965 kbps | trace_bw: 917367 kbps
   t=61s | buffer: 30.7s | bitrate: 4950 kbps | tp: 6118 kbps | trace_bw: 892583 kbps
   t=72s | buffer: 32.5s | bitrate: 4950 kbps | tp: 5809 kbps | trace_bw: 896238 kbps
   t=82s | buffer: 30.3s | bitrate: 4950 kbps | tp: 5525 kbps | trace_bw: 913035 kbps
   t=92s | buffer: 32.1s | bitrate: 4950 kbps | tp: 5676 kbps | trace_bw: 921083 kbps
   t=102s | buffer: 29.9s | bitrate: 4950 kbps | tp: 5403 kbps | trace_bw: 909367 kbps
   t=112s | buffer: 31.6s | bitrate: 4950 kbps | tp: 5405 kbps | trace_bw: 928058 kbps

======================================================================
  BENCHMARK RESULTS (HLS / hls.js)
======================================================================

  [TIMING]
      Startup delay:     461 ms
      Playback time:     120.1 s

  [BITRATE]
      Average (selected):  4,800 kbps
      Average (effective): 4,792 kbps
      Min / Max:           440 / 4,950 kbps
      Median:              4,950 kbps
      Std deviation:       809.6 kbps
      Variance:            655,403.2
      25th/75th %ile:      4,950 / 4,950 kbps

  [SWITCHES]
      Total count:       1
      Up / Down:         1 / 0
      Avg magnitude:     4,510 kbps

  [REBUFFERING]
      Events:            1
      Total time:        203 ms
      Ratio:             0.1687%
      Frequency:         0.499 per minute
      Avg duration:      203 ms
      Max duration:      203 ms

  [THROUGHPUT]
      Average:           8,961 kbps
      Median:            6,222 kbps
      Min / Max:         5,266 / 57,131 kbps
      Std deviation:     8,090.1 kbps

  [AVAILABLE BW (trace)]
      Average:           911,827 kbps
      Min / Max:         892,583 / 930,405 kbps
      Utilisation:       0.7%

  [BUFFER]
      Average level:     31.3 s
      Min / Max:         0.0 / 33.7 s

  [UTILIZATION]
      Bandwidth:         0.5%

======================================================================

[SAVED] results/run_all_20260607_000000/hls_fcc_2023/benchmark_hls_fcc2023_138_unit54730401_tc_20260607_212728.json

──────────────────────────────────────────────────────────────────────
  [140/150] fcc2023_139_unit40206181_tc.csv
──────────────────────────────────────────────────────────────────────
[TRACE] fcc2023_139_unit40206181_tc.csv
[HLS-SHAPER] Triggering tc-trace via /startShaping API...
[HLS-SHAPER] tc-trace.py starting in container

======================================================================
  HLS Streaming QoE Benchmark (hls.js)
======================================================================
  Server: http://localhost:8080/hls.html?manifest=http://localhost:8080/hls/master.m3u8
======================================================================

[TRACE] Loaded 277 entries with bandwidth
[BROWSER] Launching headless Chromium...
[BROWSER] Waiting for playback to start...
   Startup delay: 314ms

[PLAYBACK] Collecting metrics...
   t=10s | buffer: 33.8s | bitrate: 4950 kbps | tp: 17195 kbps | trace_bw: 929712 kbps
   t=20s | buffer: 31.6s | bitrate: 4950 kbps | tp: 10424 kbps | trace_bw: 929540 kbps
   t=31s | buffer: 33.4s | bitrate: 4950 kbps | tp: 8133 kbps | trace_bw: 929141 kbps
   t=41s | buffer: 31.2s | bitrate: 4950 kbps | tp: 6915 kbps | trace_bw: 930191 kbps
   t=51s | buffer: 32.9s | bitrate: 4950 kbps | tp: 6960 kbps | trace_bw: 930227 kbps
   t=61s | buffer: 30.7s | bitrate: 4950 kbps | tp: 6115 kbps | trace_bw: 900794 kbps
   t=72s | buffer: 32.5s | bitrate: 4950 kbps | tp: 5806 kbps | trace_bw: 928857 kbps
   t=82s | buffer: 30.2s | bitrate: 4950 kbps | tp: 5521 kbps | trace_bw: 888924 kbps
   t=92s | buffer: 32.0s | bitrate: 4950 kbps | tp: 5671 kbps | trace_bw: 207657 kbps
   t=102s | buffer: 33.8s | bitrate: 4950 kbps | tp: 5570 kbps | trace_bw: 931314 kbps
   t=113s | buffer: 31.6s | bitrate: 4950 kbps | tp: 5402 kbps | trace_bw: 442698 kbps

======================================================================
  BENCHMARK RESULTS (HLS / hls.js)
======================================================================

  [TIMING]
      Startup delay:     314 ms
      Playback time:     120.2 s

  [BITRATE]
      Average (selected):  4,800 kbps
      Average (effective): 4,793 kbps
      Min / Max:           440 / 4,950 kbps
      Median:              4,950 kbps
      Std deviation:       809.6 kbps
      Variance:            655,403.2
      25th/75th %ile:      4,950 / 4,950 kbps

  [SWITCHES]
      Total count:       1
      Up / Down:         1 / 0
      Avg magnitude:     4,510 kbps

  [REBUFFERING]
      Events:            1
      Total time:        169 ms
      Ratio:             0.1404%
      Frequency:         0.499 per minute
      Avg duration:      169 ms
      Max duration:      169 ms

  [THROUGHPUT]
      Average:           9,478 kbps
      Median:            6,218 kbps
      Min / Max:         5,263 / 124,173 kbps
      Std deviation:     11,592.4 kbps

  [AVAILABLE BW (trace)]
      Average:           856,529 kbps
      Min / Max:         207,657 / 931,314 kbps
      Utilisation:       0.7%

  [BUFFER]
      Average level:     31.7 s
      Min / Max:         0.0 / 33.9 s

  [UTILIZATION]
      Bandwidth:         0.5%

======================================================================

[SAVED] results/run_all_20260607_000000/hls_fcc_2023/benchmark_hls_fcc2023_139_unit40206181_tc_20260607_212932.json

──────────────────────────────────────────────────────────────────────
  [141/150] fcc2023_140_unit55703069_tc.csv
──────────────────────────────────────────────────────────────────────
[TRACE] fcc2023_140_unit55703069_tc.csv
[HLS-SHAPER] Triggering tc-trace via /startShaping API...
[HLS-SHAPER] tc-trace.py starting in container

======================================================================
  HLS Streaming QoE Benchmark (hls.js)
======================================================================
  Server: http://localhost:8080/hls.html?manifest=http://localhost:8080/hls/master.m3u8
======================================================================

[TRACE] Loaded 281 entries with bandwidth
[BROWSER] Launching headless Chromium...
[BROWSER] Waiting for playback to start...
   Startup delay: 366ms

[PLAYBACK] Collecting metrics...
   t=10s | buffer: 29.8s | bitrate: 4950 kbps | tp: 15822 kbps | trace_bw: 939145 kbps
   t=20s | buffer: 31.6s | bitrate: 4950 kbps | tp: 10420 kbps | trace_bw: 934142 kbps
   t=31s | buffer: 33.4s | bitrate: 4950 kbps | tp: 8131 kbps | trace_bw: 926472 kbps
   t=41s | buffer: 31.2s | bitrate: 4950 kbps | tp: 6915 kbps | trace_bw: 923782 kbps
   t=51s | buffer: 32.9s | bitrate: 4950 kbps | tp: 6961 kbps | trace_bw: 922519 kbps
   t=61s | buffer: 30.7s | bitrate: 4950 kbps | tp: 6115 kbps | trace_bw: 933171 kbps
   t=72s | buffer: 32.5s | bitrate: 4950 kbps | tp: 5807 kbps | trace_bw: 938133 kbps
   t=82s | buffer: 30.3s | bitrate: 4950 kbps | tp: 5524 kbps | trace_bw: 938050 kbps
   t=92s | buffer: 32.0s | bitrate: 4950 kbps | tp: 5673 kbps | trace_bw: 936367 kbps
   t=102s | buffer: 29.8s | bitrate: 4950 kbps | tp: 5401 kbps | trace_bw: 930662 kbps
   t=112s | buffer: 31.6s | bitrate: 4950 kbps | tp: 5403 kbps | trace_bw: 936886 kbps

======================================================================
  BENCHMARK RESULTS (HLS / hls.js)
======================================================================

  [TIMING]
      Startup delay:     366 ms
      Playback time:     120.2 s

  [BITRATE]
      Average (selected):  4,800 kbps
      Average (effective): 4,794 kbps
      Min / Max:           440 / 4,950 kbps
      Median:              4,950 kbps
      Std deviation:       809.6 kbps
      Variance:            655,403.2
      25th/75th %ile:      4,950 / 4,950 kbps

  [SWITCHES]
      Total count:       1
      Up / Down:         1 / 0
      Avg magnitude:     4,510 kbps

  [REBUFFERING]
      Events:            1
      Total time:        153 ms
      Ratio:             0.1271%
      Frequency:         0.499 per minute
      Avg duration:      153 ms
      Max duration:      153 ms

  [THROUGHPUT]
      Average:           9,245 kbps
      Median:            6,219 kbps
      Min / Max:         5,263 / 82,373 kbps
      Std deviation:     9,800.3 kbps

  [AVAILABLE BW (trace)]
      Average:           883,727 kbps
      Min / Max:         102,855 / 939,932 kbps
      Utilisation:       0.7%

  [BUFFER]
      Average level:     31.5 s
      Min / Max:         0.0 / 33.8 s

  [UTILIZATION]
      Bandwidth:         0.5%

======================================================================

[SAVED] results/run_all_20260607_000000/hls_fcc_2023/benchmark_hls_fcc2023_140_unit55703069_tc_20260607_213136.json

──────────────────────────────────────────────────────────────────────
  [142/150] fcc2023_141_unit1004404_tc.csv
──────────────────────────────────────────────────────────────────────
[TRACE] fcc2023_141_unit1004404_tc.csv
[HLS-SHAPER] Triggering tc-trace via /startShaping API...
[HLS-SHAPER] tc-trace.py starting in container

======================================================================
  HLS Streaming QoE Benchmark (hls.js)
======================================================================
  Server: http://localhost:8080/hls.html?manifest=http://localhost:8080/hls/master.m3u8
======================================================================

[TRACE] Loaded 245 entries with bandwidth
[BROWSER] Launching headless Chromium...
[BROWSER] Waiting for playback to start...
   Startup delay: 348ms

[PLAYBACK] Collecting metrics...
   t=10s | buffer: 29.8s | bitrate: 4950 kbps | tp: 15793 kbps | trace_bw: 930761 kbps
   t=20s | buffer: 31.6s | bitrate: 4950 kbps | tp: 10408 kbps | trace_bw: 927215 kbps
   t=31s | buffer: 33.3s | bitrate: 4950 kbps | tp: 8121 kbps | trace_bw: 935027 kbps
   t=41s | buffer: 31.1s | bitrate: 4950 kbps | tp: 6904 kbps | trace_bw: 933489 kbps
   t=51s | buffer: 32.8s | bitrate: 4950 kbps | tp: 6952 kbps | trace_bw: 923709 kbps
   t=61s | buffer: 30.6s | bitrate: 4950 kbps | tp: 6107 kbps | trace_bw: 929496 kbps
   t=72s | buffer: 32.3s | bitrate: 4950 kbps | tp: 5799 kbps | trace_bw: 904884 kbps
   t=82s | buffer: 30.1s | bitrate: 4950 kbps | tp: 5513 kbps | trace_bw: 922400 kbps
   t=92s | buffer: 31.8s | bitrate: 4950 kbps | tp: 5663 kbps | trace_bw: 925248 kbps
   t=102s | buffer: 33.6s | bitrate: 4950 kbps | tp: 5560 kbps | trace_bw: 924243 kbps
   t=113s | buffer: 31.4s | bitrate: 4950 kbps | tp: 5394 kbps | trace_bw: 934171 kbps

======================================================================
  BENCHMARK RESULTS (HLS / hls.js)
======================================================================

  [TIMING]
      Startup delay:     348 ms
      Playback time:     120.4 s

  [BITRATE]
      Average (selected):  4,800 kbps
      Average (effective): 4,795 kbps
      Min / Max:           440 / 4,950 kbps
      Median:              4,950 kbps
      Std deviation:       807.9 kbps
      Variance:            652,777.1
      25th/75th %ile:      4,950 / 4,950 kbps

  [SWITCHES]
      Total count:       1
      Up / Down:         1 / 0
      Avg magnitude:     4,510 kbps

  [REBUFFERING]
      Events:            1
      Total time:        138 ms
      Ratio:             0.1145%
      Frequency:         0.498 per minute
      Avg duration:      138 ms
      Max duration:      138 ms

  [THROUGHPUT]
      Average:           9,360 kbps
      Median:            6,211 kbps
      Min / Max:         5,278 / 101,689 kbps
      Std deviation:     10,674.7 kbps

  [AVAILABLE BW (trace)]
      Average:           927,549 kbps
      Min / Max:         904,884 / 935,027 kbps
      Utilisation:       0.7%

  [BUFFER]
      Average level:     31.6 s
      Min / Max:         0.0 / 33.8 s

  [UTILIZATION]
      Bandwidth:         0.5%

======================================================================

[SAVED] results/run_all_20260607_000000/hls_fcc_2023/benchmark_hls_fcc2023_141_unit1004404_tc_20260607_213340.json

──────────────────────────────────────────────────────────────────────
  [143/150] fcc2023_142_unit24839533_tc.csv
──────────────────────────────────────────────────────────────────────
[TRACE] fcc2023_142_unit24839533_tc.csv
[HLS-SHAPER] Triggering tc-trace via /startShaping API...
[HLS-SHAPER] tc-trace.py starting in container

======================================================================
  HLS Streaming QoE Benchmark (hls.js)
======================================================================
  Server: http://localhost:8080/hls.html?manifest=http://localhost:8080/hls/master.m3u8
======================================================================

[TRACE] Loaded 58 entries with bandwidth
[BROWSER] Launching headless Chromium...
[BROWSER] Waiting for playback to start...
   Startup delay: 362ms

[PLAYBACK] Collecting metrics...
   t=10s | buffer: 33.8s | bitrate: 4950 kbps | tp: 17173 kbps | trace_bw: 928974 kbps
   t=20s | buffer: 31.6s | bitrate: 4950 kbps | tp: 10418 kbps | trace_bw: 854372 kbps
   t=31s | buffer: 33.4s | bitrate: 4950 kbps | tp: 8135 kbps | trace_bw: 930780 kbps
   t=41s | buffer: 31.1s | bitrate: 4950 kbps | tp: 6916 kbps | trace_bw: 901712 kbps
   t=51s | buffer: 32.9s | bitrate: 4950 kbps | tp: 6961 kbps | trace_bw: 932682 kbps
   t=61s | buffer: 30.7s | bitrate: 4950 kbps | tp: 6114 kbps | trace_bw: 934925 kbps
   t=72s | buffer: 32.4s | bitrate: 4950 kbps | tp: 5806 kbps | trace_bw: 868789 kbps
   t=82s | buffer: 30.2s | bitrate: 4950 kbps | tp: 5522 kbps | trace_bw: 930777 kbps
   t=92s | buffer: 32.0s | bitrate: 4950 kbps | tp: 5672 kbps | trace_bw: 912813 kbps
   t=102s | buffer: 33.8s | bitrate: 4950 kbps | tp: 5570 kbps | trace_bw: 935961 kbps
   t=112s | buffer: 31.6s | bitrate: 4950 kbps | tp: 5404 kbps | trace_bw: 923339 kbps

======================================================================
  BENCHMARK RESULTS (HLS / hls.js)
======================================================================

  [TIMING]
      Startup delay:     362 ms
      Playback time:     120.2 s

  [BITRATE]
      Average (selected):  4,800 kbps
      Average (effective): 4,792 kbps
      Min / Max:           440 / 4,950 kbps
      Median:              4,950 kbps
      Std deviation:       809.6 kbps
      Variance:            655,403.2
      25th/75th %ile:      4,950 / 4,950 kbps

  [SWITCHES]
      Total count:       1
      Up / Down:         1 / 0
      Avg magnitude:     4,510 kbps

  [REBUFFERING]
      Events:            1
      Total time:        182 ms
      Ratio:             0.1512%
      Frequency:         0.499 per minute
      Avg duration:      182 ms
      Max duration:      182 ms

  [THROUGHPUT]
      Average:           9,477 kbps
      Median:            6,217 kbps
      Min / Max:         5,264 / 124,120 kbps
      Std deviation:     11,585.0 kbps

  [AVAILABLE BW (trace)]
      Average:           923,531 kbps
      Min / Max:         854,372 / 935,961 kbps
      Utilisation:       0.7%

  [BUFFER]
      Average level:     31.7 s
      Min / Max:         0.0 / 33.9 s

  [UTILIZATION]
      Bandwidth:         0.5%

======================================================================

[SAVED] results/run_all_20260607_000000/hls_fcc_2023/benchmark_hls_fcc2023_142_unit24839533_tc_20260607_213544.json

──────────────────────────────────────────────────────────────────────
  [144/150] fcc2023_143_unit79506465_tc.csv
──────────────────────────────────────────────────────────────────────
[TRACE] fcc2023_143_unit79506465_tc.csv
[HLS-SHAPER] Triggering tc-trace via /startShaping API...
[HLS-SHAPER] tc-trace.py starting in container

======================================================================
  HLS Streaming QoE Benchmark (hls.js)
======================================================================
  Server: http://localhost:8080/hls.html?manifest=http://localhost:8080/hls/master.m3u8
======================================================================

[TRACE] Loaded 204 entries with bandwidth
[BROWSER] Launching headless Chromium...
[BROWSER] Waiting for playback to start...
   Startup delay: 936ms

[PLAYBACK] Collecting metrics...
   t=10s | buffer: 29.8s | bitrate: 4950 kbps | tp: 15833 kbps | trace_bw: 931521 kbps
   t=20s | buffer: 31.6s | bitrate: 4950 kbps | tp: 10436 kbps | trace_bw: 920766 kbps
   t=31s | buffer: 33.4s | bitrate: 4950 kbps | tp: 8138 kbps | trace_bw: 930147 kbps
   t=41s | buffer: 31.2s | bitrate: 4950 kbps | tp: 6918 kbps | trace_bw: 932419 kbps
   t=51s | buffer: 33.0s | bitrate: 4950 kbps | tp: 6966 kbps | trace_bw: 927804 kbps
   t=61s | buffer: 30.7s | bitrate: 4950 kbps | tp: 6119 kbps | trace_bw: 932202 kbps
   t=72s | buffer: 32.5s | bitrate: 4950 kbps | tp: 5812 kbps | trace_bw: 893230 kbps
   t=82s | buffer: 30.3s | bitrate: 4950 kbps | tp: 5527 kbps | trace_bw: 933609 kbps
   t=92s | buffer: 32.1s | bitrate: 4950 kbps | tp: 5677 kbps | trace_bw: 922728 kbps
   t=102s | buffer: 29.9s | bitrate: 4950 kbps | tp: 5404 kbps | trace_bw: 931214 kbps
   t=112s | buffer: 31.7s | bitrate: 4950 kbps | tp: 5407 kbps | trace_bw: 930795 kbps

======================================================================
  BENCHMARK RESULTS (HLS / hls.js)
======================================================================

  [TIMING]
      Startup delay:     936 ms
      Playback time:     120.1 s

  [BITRATE]
      Average (selected):  4,782 kbps
      Average (effective): 4,765 kbps
      Min / Max:           440 / 4,950 kbps
      Median:              4,950 kbps
      Std deviation:       855.1 kbps
      Variance:            731,222.4
      25th/75th %ile:      4,950 / 4,950 kbps

  [SWITCHES]
      Total count:       1
      Up / Down:         1 / 0
      Avg magnitude:     4,510 kbps

  [REBUFFERING]
      Events:            1
      Total time:        413 ms
      Ratio:             0.3428%
      Frequency:         0.500 per minute
      Avg duration:      413 ms
      Max duration:      413 ms

  [THROUGHPUT]
      Average:           7,732 kbps
      Median:            6,223 kbps
      Min / Max:         5,245 / 20,443 kbps
      Std deviation:     3,453.6 kbps

  [AVAILABLE BW (trace)]
      Average:           927,761 kbps
      Min / Max:         893,230 / 933,694 kbps
      Utilisation:       0.7%

  [BUFFER]
      Average level:     30.3 s
      Min / Max:         0.0 / 33.5 s

  [UTILIZATION]
      Bandwidth:         0.5%

======================================================================

[SAVED] results/run_all_20260607_000000/hls_fcc_2023/benchmark_hls_fcc2023_143_unit79506465_tc_20260607_213748.json

──────────────────────────────────────────────────────────────────────
  [145/150] fcc2023_144_unit3643837_tc.csv
──────────────────────────────────────────────────────────────────────
[TRACE] fcc2023_144_unit3643837_tc.csv
[HLS-SHAPER] Triggering tc-trace via /startShaping API...
[HLS-SHAPER] tc-trace.py starting in container

======================================================================
  HLS Streaming QoE Benchmark (hls.js)
======================================================================
  Server: http://localhost:8080/hls.html?manifest=http://localhost:8080/hls/master.m3u8
======================================================================

[TRACE] Loaded 270 entries with bandwidth
[BROWSER] Launching headless Chromium...
[BROWSER] Waiting for playback to start...
   Startup delay: 423ms

[PLAYBACK] Collecting metrics...
   t=10s | buffer: 29.8s | bitrate: 4950 kbps | tp: 15813 kbps | trace_bw: 936445 kbps
   t=20s | buffer: 31.6s | bitrate: 4950 kbps | tp: 10420 kbps | trace_bw: 890303 kbps
   t=31s | buffer: 33.4s | bitrate: 4950 kbps | tp: 8129 kbps | trace_bw: 931816 kbps
   t=41s | buffer: 31.1s | bitrate: 4950 kbps | tp: 6913 kbps | trace_bw: 938311 kbps
   t=51s | buffer: 32.9s | bitrate: 4950 kbps | tp: 6959 kbps | trace_bw: 938579 kbps
   t=61s | buffer: 30.7s | bitrate: 4950 kbps | tp: 6114 kbps | trace_bw: 939047 kbps
   t=72s | buffer: 32.5s | bitrate: 4950 kbps | tp: 5807 kbps | trace_bw: 936671 kbps
   t=82s | buffer: 30.2s | bitrate: 4950 kbps | tp: 5524 kbps | trace_bw: 937400 kbps
   t=92s | buffer: 32.0s | bitrate: 4950 kbps | tp: 5674 kbps | trace_bw: 637987 kbps
   t=102s | buffer: 29.8s | bitrate: 4950 kbps | tp: 5403 kbps | trace_bw: 940873 kbps
   t=112s | buffer: 31.6s | bitrate: 4950 kbps | tp: 5405 kbps | trace_bw: 603096 kbps

======================================================================
  BENCHMARK RESULTS (HLS / hls.js)
======================================================================

  [TIMING]
      Startup delay:     423 ms
      Playback time:     120.1 s

  [BITRATE]
      Average (selected):  4,800 kbps
      Average (effective): 4,793 kbps
      Min / Max:           440 / 4,950 kbps
      Median:              4,950 kbps
      Std deviation:       809.6 kbps
      Variance:            655,403.2
      25th/75th %ile:      4,950 / 4,950 kbps

  [SWITCHES]
      Total count:       1
      Up / Down:         1 / 0
      Avg magnitude:     4,510 kbps

  [REBUFFERING]
      Events:            1
      Total time:        173 ms
      Ratio:             0.1438%
      Frequency:         0.499 per minute
      Avg duration:      173 ms
      Max duration:      173 ms

  [THROUGHPUT]
      Average:           9,122 kbps
      Median:            6,218 kbps
      Min / Max:         5,265 / 67,720 kbps
      Std deviation:     8,966.0 kbps

  [AVAILABLE BW (trace)]
      Average:           900,607 kbps
      Min / Max:         603,096 / 941,415 kbps
      Utilisation:       0.7%

  [BUFFER]
      Average level:     31.4 s
      Min / Max:         0.0 / 33.8 s

  [UTILIZATION]
      Bandwidth:         0.5%

======================================================================

[SAVED] results/run_all_20260607_000000/hls_fcc_2023/benchmark_hls_fcc2023_144_unit3643837_tc_20260607_213952.json

──────────────────────────────────────────────────────────────────────
  [146/150] fcc2023_145_unit55518597_tc.csv
──────────────────────────────────────────────────────────────────────
[TRACE] fcc2023_145_unit55518597_tc.csv
[HLS-SHAPER] Triggering tc-trace via /startShaping API...
[HLS-SHAPER] tc-trace.py starting in container

======================================================================
  HLS Streaming QoE Benchmark (hls.js)
======================================================================
  Server: http://localhost:8080/hls.html?manifest=http://localhost:8080/hls/master.m3u8
======================================================================

[TRACE] Loaded 118 entries with bandwidth
[BROWSER] Launching headless Chromium...
[BROWSER] Waiting for playback to start...
   Startup delay: 546ms

[PLAYBACK] Collecting metrics...
   t=10s | buffer: 29.8s | bitrate: 4950 kbps | tp: 15816 kbps | trace_bw: 938178 kbps
   t=20s | buffer: 31.6s | bitrate: 4950 kbps | tp: 10424 kbps | trace_bw: 935849 kbps
   t=31s | buffer: 33.4s | bitrate: 4950 kbps | tp: 8136 kbps | trace_bw: 938557 kbps
   t=41s | buffer: 31.2s | bitrate: 4950 kbps | tp: 6918 kbps | trace_bw: 935501 kbps
   t=51s | buffer: 32.9s | bitrate: 4950 kbps | tp: 6964 kbps | trace_bw: 938885 kbps
   t=61s | buffer: 30.7s | bitrate: 4950 kbps | tp: 6120 kbps | trace_bw: 939462 kbps
   t=72s | buffer: 32.5s | bitrate: 4950 kbps | tp: 5811 kbps | trace_bw: 933188 kbps
   t=82s | buffer: 30.3s | bitrate: 4950 kbps | tp: 5527 kbps | trace_bw: 919467 kbps
   t=92s | buffer: 32.1s | bitrate: 4950 kbps | tp: 5676 kbps | trace_bw: 939470 kbps
   t=102s | buffer: 29.9s | bitrate: 4950 kbps | tp: 5404 kbps | trace_bw: 912683 kbps
   t=112s | buffer: 31.6s | bitrate: 4950 kbps | tp: 5407 kbps | trace_bw: 937900 kbps

======================================================================
  BENCHMARK RESULTS (HLS / hls.js)
======================================================================

  [TIMING]
      Startup delay:     546 ms
      Playback time:     120.1 s

  [BITRATE]
      Average (selected):  4,800 kbps
      Average (effective): 4,791 kbps
      Min / Max:           440 / 4,950 kbps
      Median:              4,950 kbps
      Std deviation:       809.6 kbps
      Variance:            655,403.2
      25th/75th %ile:      4,950 / 4,950 kbps

  [SWITCHES]
      Total count:       1
      Up / Down:         1 / 0
      Avg magnitude:     4,510 kbps

  [REBUFFERING]
      Events:            1
      Total time:        229 ms
      Ratio:             0.1903%
      Frequency:         0.500 per minute
      Avg duration:      229 ms
      Max duration:      229 ms

  [THROUGHPUT]
      Average:           8,746 kbps
      Median:            6,224 kbps
      Min / Max:         5,267 / 49,418 kbps
      Std deviation:     7,081.6 kbps

  [AVAILABLE BW (trace)]
      Average:           846,633 kbps
      Min / Max:         256,272 / 939,492 kbps
      Utilisation:       0.7%

  [BUFFER]
      Average level:     31.2 s
      Min / Max:         0.0 / 33.7 s

  [UTILIZATION]
      Bandwidth:         0.5%

======================================================================

[SAVED] results/run_all_20260607_000000/hls_fcc_2023/benchmark_hls_fcc2023_145_unit55518597_tc_20260607_214156.json

──────────────────────────────────────────────────────────────────────
  [147/150] fcc2023_146_unit55518665_tc.csv
──────────────────────────────────────────────────────────────────────
[TRACE] fcc2023_146_unit55518665_tc.csv
[HLS-SHAPER] Triggering tc-trace via /startShaping API...
[HLS-SHAPER] tc-trace.py starting in container

======================================================================
  HLS Streaming QoE Benchmark (hls.js)
======================================================================
  Server: http://localhost:8080/hls.html?manifest=http://localhost:8080/hls/master.m3u8
======================================================================

[TRACE] Loaded 181 entries with bandwidth
[BROWSER] Launching headless Chromium...
[BROWSER] Waiting for playback to start...
   Startup delay: 473ms

[PLAYBACK] Collecting metrics...
   t=10s | buffer: 29.8s | bitrate: 4950 kbps | tp: 15781 kbps | trace_bw: 939290 kbps
   t=20s | buffer: 31.6s | bitrate: 4950 kbps | tp: 10418 kbps | trace_bw: 939079 kbps
   t=31s | buffer: 33.4s | bitrate: 4950 kbps | tp: 8130 kbps | trace_bw: 462275 kbps
   t=41s | buffer: 31.1s | bitrate: 4950 kbps | tp: 6914 kbps | trace_bw: 933350 kbps
   t=51s | buffer: 32.9s | bitrate: 4950 kbps | tp: 6958 kbps | trace_bw: 937816 kbps
   t=61s | buffer: 30.7s | bitrate: 4950 kbps | tp: 6113 kbps | trace_bw: 938199 kbps
   t=72s | buffer: 32.5s | bitrate: 4950 kbps | tp: 5806 kbps | trace_bw: 938172 kbps
   t=82s | buffer: 30.2s | bitrate: 4950 kbps | tp: 5523 kbps | trace_bw: 935922 kbps
   t=92s | buffer: 32.0s | bitrate: 4950 kbps | tp: 5673 kbps | trace_bw: 936711 kbps
   t=102s | buffer: 29.8s | bitrate: 4950 kbps | tp: 5400 kbps | trace_bw: 363611 kbps
   t=113s | buffer: 31.6s | bitrate: 4950 kbps | tp: 5402 kbps | trace_bw: 939143 kbps

======================================================================
  BENCHMARK RESULTS (HLS / hls.js)
======================================================================

  [TIMING]
      Startup delay:     473 ms
      Playback time:     120.2 s

  [BITRATE]
      Average (selected):  4,800 kbps
      Average (effective): 4,791 kbps
      Min / Max:           440 / 4,950 kbps
      Median:              4,950 kbps
      Std deviation:       809.6 kbps
      Variance:            655,403.2
      25th/75th %ile:      4,950 / 4,950 kbps

  [SWITCHES]
      Total count:       1
      Up / Down:         1 / 0
      Avg magnitude:     4,510 kbps

  [REBUFFERING]
      Events:            1
      Total time:        210 ms
      Ratio:             0.1744%
      Frequency:         0.499 per minute
      Avg duration:      210 ms
      Max duration:      210 ms

  [THROUGHPUT]
      Average:           8,709 kbps
      Median:            6,217 kbps
      Min / Max:         5,241 / 47,623 kbps
      Std deviation:     6,887.5 kbps

  [AVAILABLE BW (trace)]
      Average:           864,850 kbps
      Min / Max:         363,611 / 939,438 kbps
      Utilisation:       0.7%

  [BUFFER]
      Average level:     31.1 s
      Min / Max:         0.0 / 33.6 s

  [UTILIZATION]
      Bandwidth:         0.5%

======================================================================

[SAVED] results/run_all_20260607_000000/hls_fcc_2023/benchmark_hls_fcc2023_146_unit55518665_tc_20260607_214400.json

──────────────────────────────────────────────────────────────────────
  [148/150] fcc2023_147_unit55002165_tc.csv
──────────────────────────────────────────────────────────────────────
[TRACE] fcc2023_147_unit55002165_tc.csv
[HLS-SHAPER] Triggering tc-trace via /startShaping API...
[HLS-SHAPER] tc-trace.py starting in container

======================================================================
  HLS Streaming QoE Benchmark (hls.js)
======================================================================
  Server: http://localhost:8080/hls.html?manifest=http://localhost:8080/hls/master.m3u8
======================================================================

[TRACE] Loaded 303 entries with bandwidth
[BROWSER] Launching headless Chromium...
[BROWSER] Waiting for playback to start...
   Startup delay: 434ms

[PLAYBACK] Collecting metrics...
   t=10s | buffer: 29.8s | bitrate: 4950 kbps | tp: 15846 kbps | trace_bw: 937800 kbps
   t=20s | buffer: 31.6s | bitrate: 4950 kbps | tp: 10426 kbps | trace_bw: 937142 kbps
   t=31s | buffer: 33.4s | bitrate: 4950 kbps | tp: 8134 kbps | trace_bw: 937722 kbps
   t=41s | buffer: 31.1s | bitrate: 4950 kbps | tp: 6916 kbps | trace_bw: 937795 kbps
   t=51s | buffer: 32.9s | bitrate: 4950 kbps | tp: 6963 kbps | trace_bw: 937676 kbps
   t=61s | buffer: 30.7s | bitrate: 4950 kbps | tp: 6117 kbps | trace_bw: 935076 kbps
   t=72s | buffer: 32.5s | bitrate: 4950 kbps | tp: 5810 kbps | trace_bw: 937794 kbps
   t=82s | buffer: 30.3s | bitrate: 4950 kbps | tp: 5526 kbps | trace_bw: 936677 kbps
   t=92s | buffer: 32.1s | bitrate: 4950 kbps | tp: 5675 kbps | trace_bw: 937143 kbps
   t=102s | buffer: 29.8s | bitrate: 4950 kbps | tp: 5403 kbps | trace_bw: 937786 kbps
   t=112s | buffer: 31.6s | bitrate: 4950 kbps | tp: 5405 kbps | trace_bw: 936728 kbps

======================================================================
  BENCHMARK RESULTS (HLS / hls.js)
======================================================================

  [TIMING]
      Startup delay:     434 ms
      Playback time:     120.1 s

  [BITRATE]
      Average (selected):  4,800 kbps
      Average (effective): 4,793 kbps
      Min / Max:           440 / 4,950 kbps
      Median:              4,950 kbps
      Std deviation:       809.6 kbps
      Variance:            655,403.2
      25th/75th %ile:      4,950 / 4,950 kbps

  [SWITCHES]
      Total count:       1
      Up / Down:         1 / 0
      Avg magnitude:     4,510 kbps

  [REBUFFERING]
      Events:            1
      Total time:        167 ms
      Ratio:             0.1388%
      Frequency:         0.499 per minute
      Avg duration:      167 ms
      Max duration:      167 ms

  [THROUGHPUT]
      Average:           9,131 kbps
      Median:            6,220 kbps
      Min / Max:         5,266 / 67,867 kbps
      Std deviation:     8,977.6 kbps

  [AVAILABLE BW (trace)]
      Average:           933,357 kbps
      Min / Max:         855,790 / 939,326 kbps
      Utilisation:       0.7%

  [BUFFER]
      Average level:     31.5 s
      Min / Max:         0.0 / 33.8 s

  [UTILIZATION]
      Bandwidth:         0.5%

======================================================================

[SAVED] results/run_all_20260607_000000/hls_fcc_2023/benchmark_hls_fcc2023_147_unit55002165_tc_20260607_214604.json

──────────────────────────────────────────────────────────────────────
  [149/150] fcc2023_148_unit40730097_tc.csv
──────────────────────────────────────────────────────────────────────
[TRACE] fcc2023_148_unit40730097_tc.csv
[HLS-SHAPER] Triggering tc-trace via /startShaping API...
[HLS-SHAPER] tc-trace.py starting in container

======================================================================
  HLS Streaming QoE Benchmark (hls.js)
======================================================================
  Server: http://localhost:8080/hls.html?manifest=http://localhost:8080/hls/master.m3u8
======================================================================

[TRACE] Loaded 81 entries with bandwidth
[BROWSER] Launching headless Chromium...
[BROWSER] Waiting for playback to start...
   Startup delay: 671ms

[PLAYBACK] Collecting metrics...
   t=10s | buffer: 29.8s | bitrate: 4950 kbps | tp: 15824 kbps | trace_bw: 937598 kbps
   t=20s | buffer: 31.6s | bitrate: 4950 kbps | tp: 10415 kbps | trace_bw: 938154 kbps
   t=31s | buffer: 33.4s | bitrate: 4950 kbps | tp: 8130 kbps | trace_bw: 937893 kbps
   t=41s | buffer: 31.1s | bitrate: 4950 kbps | tp: 6914 kbps | trace_bw: 934958 kbps
   t=51s | buffer: 32.9s | bitrate: 4950 kbps | tp: 6962 kbps | trace_bw: 938977 kbps
   t=61s | buffer: 30.7s | bitrate: 4950 kbps | tp: 6115 kbps | trace_bw: 938003 kbps
   t=72s | buffer: 32.5s | bitrate: 4950 kbps | tp: 5808 kbps | trace_bw: 934733 kbps
   t=82s | buffer: 30.2s | bitrate: 4950 kbps | tp: 5525 kbps | trace_bw: 939397 kbps
   t=92s | buffer: 32.0s | bitrate: 4950 kbps | tp: 5674 kbps | trace_bw: 938060 kbps
   t=102s | buffer: 29.8s | bitrate: 4950 kbps | tp: 5400 kbps | trace_bw: 891568 kbps
   t=112s | buffer: 31.6s | bitrate: 4950 kbps | tp: 5403 kbps | trace_bw: 937923 kbps

======================================================================
  BENCHMARK RESULTS (HLS / hls.js)
======================================================================

  [TIMING]
      Startup delay:     671 ms
      Playback time:     120.2 s

  [BITRATE]
      Average (selected):  4,800 kbps
      Average (effective): 4,788 kbps
      Min / Max:           440 / 4,950 kbps
      Median:              4,950 kbps
      Std deviation:       807.9 kbps
      Variance:            652,777.1
      25th/75th %ile:      4,950 / 4,950 kbps

  [SWITCHES]
      Total count:       1
      Up / Down:         1 / 0
      Avg magnitude:     4,510 kbps

  [REBUFFERING]
      Events:            1
      Total time:        311 ms
      Ratio:             0.2581%
      Frequency:         0.499 per minute
      Avg duration:      311 ms
      Max duration:      311 ms

  [THROUGHPUT]
      Average:           8,518 kbps
      Median:            6,219 kbps
      Min / Max:         5,241 / 36,872 kbps
      Std deviation:     6,079.6 kbps

  [AVAILABLE BW (trace)]
      Average:           936,546 kbps
      Min / Max:         891,568 / 941,364 kbps
      Utilisation:       0.7%

  [BUFFER]
      Average level:     30.9 s
      Min / Max:         0.0 / 33.6 s

  [UTILIZATION]
      Bandwidth:         0.5%

======================================================================

[SAVED] results/run_all_20260607_000000/hls_fcc_2023/benchmark_hls_fcc2023_148_unit40730097_tc_20260607_214808.json

──────────────────────────────────────────────────────────────────────
  [150/150] fcc2023_149_unit3880329_tc.csv
──────────────────────────────────────────────────────────────────────
[TRACE] fcc2023_149_unit3880329_tc.csv
[HLS-SHAPER] Triggering tc-trace via /startShaping API...
[HLS-SHAPER] tc-trace.py starting in container

======================================================================
  HLS Streaming QoE Benchmark (hls.js)
======================================================================
  Server: http://localhost:8080/hls.html?manifest=http://localhost:8080/hls/master.m3u8
======================================================================

[TRACE] Loaded 301 entries with bandwidth
[BROWSER] Launching headless Chromium...
[BROWSER] Waiting for playback to start...
   Startup delay: 515ms

[PLAYBACK] Collecting metrics...
   t=10s | buffer: 29.8s | bitrate: 4950 kbps | tp: 15828 kbps | trace_bw: 939193 kbps
   t=20s | buffer: 31.6s | bitrate: 4950 kbps | tp: 10429 kbps | trace_bw: 939109 kbps
   t=31s | buffer: 33.4s | bitrate: 4950 kbps | tp: 8136 kbps | trace_bw: 939025 kbps
   t=41s | buffer: 31.2s | bitrate: 4950 kbps | tp: 6919 kbps | trace_bw: 939199 kbps
   t=51s | buffer: 33.0s | bitrate: 4950 kbps | tp: 6965 kbps | trace_bw: 938731 kbps
   t=61s | buffer: 30.7s | bitrate: 4950 kbps | tp: 6119 kbps | trace_bw: 937453 kbps
   t=72s | buffer: 32.5s | bitrate: 4950 kbps | tp: 5811 kbps | trace_bw: 940803 kbps
   t=82s | buffer: 30.3s | bitrate: 4950 kbps | tp: 5526 kbps | trace_bw: 939216 kbps
   t=92s | buffer: 32.1s | bitrate: 4950 kbps | tp: 5675 kbps | trace_bw: 937593 kbps
   t=102s | buffer: 29.8s | bitrate: 4950 kbps | tp: 5402 kbps | trace_bw: 938798 kbps
   t=112s | buffer: 31.6s | bitrate: 4950 kbps | tp: 5405 kbps | trace_bw: 939031 kbps

======================================================================
  BENCHMARK RESULTS (HLS / hls.js)
======================================================================

  [TIMING]
      Startup delay:     515 ms
      Playback time:     120.1 s

  [BITRATE]
      Average (selected):  4,800 kbps
      Average (effective): 4,792 kbps
      Min / Max:           440 / 4,950 kbps
      Median:              4,950 kbps
      Std deviation:       809.6 kbps
      Variance:            655,403.2
      25th/75th %ile:      4,950 / 4,950 kbps

  [SWITCHES]
      Total count:       1
      Up / Down:         1 / 0
      Avg magnitude:     4,510 kbps

  [REBUFFERING]
      Events:            1
      Total time:        201 ms
      Ratio:             0.1670%
      Frequency:         0.499 per minute
      Avg duration:      201 ms
      Max duration:      201 ms

  [THROUGHPUT]
      Average:           8,971 kbps
      Median:            6,223 kbps
      Min / Max:         5,265 / 57,079 kbps
      Std deviation:     8,071.9 kbps

  [AVAILABLE BW (trace)]
      Average:           938,496 kbps
      Min / Max:         932,703 / 940,803 kbps
      Utilisation:       0.7%

  [BUFFER]
      Average level:     31.4 s
      Min / Max:         0.0 / 33.8 s

  [UTILIZATION]
      Bandwidth:         0.5%

======================================================================

[SAVED] results/run_all_20260607_000000/hls_fcc_2023/benchmark_hls_fcc2023_149_unit3880329_tc_20260607_215013.json

======================================================================
  BATCH COMPLETE: 150/150 succeeded
  Results saved to: results/run_all_20260607_000000/hls_fcc_2023/
======================================================================

