[CONTENT] lldash-gpac: present (content/ll2s-manifest.mpd)
[SERVER] lldash-gpac: started in-process by the benchmark (no docker service).

======================================================================
  BATCH RUN: 150 trace(s) from traces/puffer
======================================================================


──────────────────────────────────────────────────────────────────────
  [1/150] puffer_000_cbs_tc.csv
──────────────────────────────────────────────────────────────────────
[TRACE] puffer_000_cbs_tc.csv
[LLDASH-GPAC] Trace file ready; gpac_server uses in-process bandwidth pacing.

======================================================================
  LLDASH-GPAC Streaming QoE Benchmark (dash.js / BOLA)
======================================================================
  Server: http://localhost:8082/player.html?mpd=http://localhost:8082/manifest.mpd
======================================================================

[TRACE] Loaded 53 entries with bandwidth
[BROWSER] Launching headless Chromium...
[BROWSER] Waiting for playback to start...
   Startup delay: 7280ms

[PLAYBACK] Collecting metrics...
   t=10s | buffer: 0.1s | bitrate: 100 kbps | tp: 0 kbps | trace_bw: 24 kbps
   t=20s | buffer: 0.4s | bitrate: 100 kbps | tp: 0 kbps | trace_bw: 59 kbps
   t=31s | buffer: 0.9s | bitrate: 100 kbps | tp: 0 kbps | trace_bw: 93 kbps
   t=41s | buffer: 0.3s | bitrate: 100 kbps | tp: 0 kbps | trace_bw: 93 kbps
   t=51s | buffer: 2.1s | bitrate: 100 kbps | tp: 0 kbps | trace_bw: 93 kbps
   t=61s | buffer: 1.5s | bitrate: 100 kbps | tp: 0 kbps | trace_bw: 69 kbps
   t=72s | buffer: 0.1s | bitrate: 100 kbps | tp: 0 kbps | trace_bw: 69 kbps
   t=82s | buffer: 0.1s | bitrate: 100 kbps | tp: 0 kbps | trace_bw: 69 kbps
   t=92s | buffer: 0.1s | bitrate: 100 kbps | tp: 0 kbps | trace_bw: 94 kbps
   t=102s | buffer: 0.1s | bitrate: 100 kbps | tp: 0 kbps | trace_bw: 92 kbps
   t=113s | buffer: 1.3s | bitrate: 100 kbps | tp: 0 kbps | trace_bw: 81 kbps

======================================================================
  BENCHMARK RESULTS (LLDASH-GPAC / dash.js / BOLA)
======================================================================

  [TIMING]
      Startup delay:     7,280 ms
      Playback time:     69.9 s

  [BITRATE]
      Average (selected):  100 kbps
      Average (effective): 55 kbps
      Min / Max:           100 / 100 kbps
      Median:              100 kbps
      Std deviation:       0.0 kbps
      Variance:            0.0
      25th/75th %ile:      100 / 100 kbps

  [SWITCHES]
      Total count:       0
      Up / Down:         0 / 0
      Avg magnitude:     0 kbps

  [REBUFFERING]
      Events:            33
      Total time:        57,507 ms
      Ratio:             45.1415%
      Frequency:         28.332 per minute
      Avg duration:      1,739 ms
      Max duration:      7,131 ms

  [THROUGHPUT]
      Average:           0 kbps
      Median:            0 kbps
      Min / Max:         0 / 0 kbps
      Std deviation:     0.0 kbps

  [AVAILABLE BW (trace)]
      Average:           70 kbps
      Min / Max:         24 / 94 kbps

  [BUFFER]
      Average level:     0.8 s
      Min / Max:         0.1 / 2.7 s

  [UTILIZATION]
      Bandwidth:         144.9%

======================================================================

[SAVED] results/run_all_20260607_000000/lldash-gpac_puffer/benchmark_lldash-gpac_puffer_000_cbs_tc_20260607_215215.json

──────────────────────────────────────────────────────────────────────
  [2/150] puffer_001_fox_tc.csv
──────────────────────────────────────────────────────────────────────
[TRACE] puffer_001_fox_tc.csv
[LLDASH-GPAC] Trace file ready; gpac_server uses in-process bandwidth pacing.

======================================================================
  LLDASH-GPAC Streaming QoE Benchmark (dash.js / BOLA)
======================================================================
  Server: http://localhost:8082/player.html?mpd=http://localhost:8082/manifest.mpd
======================================================================

[TRACE] Loaded 55 entries with bandwidth
[BROWSER] Launching headless Chromium...
[BROWSER] Waiting for playback to start...
   Startup delay: 2756ms

[PLAYBACK] Collecting metrics...
   t=10s | buffer: 0.1s | bitrate: 100 kbps | tp: 0 kbps | trace_bw: 66 kbps
   t=20s | buffer: 0.1s | bitrate: 100 kbps | tp: 0 kbps | trace_bw: 98 kbps
   t=31s | buffer: 0.1s | bitrate: 100 kbps | tp: 0 kbps | trace_bw: 73 kbps
   t=41s | buffer: 0.1s | bitrate: 100 kbps | tp: 0 kbps | trace_bw: 72 kbps
   t=51s | buffer: 0.7s | bitrate: 100 kbps | tp: 0 kbps | trace_bw: 72 kbps
   t=61s | buffer: 1.9s | bitrate: 100 kbps | tp: 0 kbps | trace_bw: 72 kbps
   t=72s | buffer: 0.9s | bitrate: 100 kbps | tp: 0 kbps | trace_bw: 70 kbps
   t=82s | buffer: 0.1s | bitrate: 100 kbps | tp: 0 kbps | trace_bw: 70 kbps
   t=92s | buffer: 0.9s | bitrate: 100 kbps | tp: 0 kbps | trace_bw: 22 kbps
   t=102s | buffer: 0.1s | bitrate: 100 kbps | tp: 0 kbps | trace_bw: 59 kbps
   t=113s | buffer: 0.1s | bitrate: 100 kbps | tp: 0 kbps | trace_bw: 60 kbps

======================================================================
  BENCHMARK RESULTS (LLDASH-GPAC / dash.js / BOLA)
======================================================================

  [TIMING]
      Startup delay:     2,756 ms
      Playback time:     63.9 s

  [BITRATE]
      Average (selected):  100 kbps
      Average (effective): 52 kbps
      Min / Max:           100 / 100 kbps
      Median:              100 kbps
      Std deviation:       0.0 kbps
      Variance:            0.0
      25th/75th %ile:      100 / 100 kbps

  [SWITCHES]
      Total count:       0
      Up / Down:         0 / 0
      Avg magnitude:     0 kbps

  [REBUFFERING]
      Events:            31
      Total time:        59,006 ms
      Ratio:             48.0114%
      Frequency:         29.111 per minute
      Avg duration:      1,892 ms
      Max duration:      8,322 ms

  [THROUGHPUT]
      Average:           0 kbps
      Median:            0 kbps
      Min / Max:         0 / 0 kbps
      Std deviation:     0.0 kbps

  [AVAILABLE BW (trace)]
      Average:           63 kbps
      Min / Max:         11 / 112 kbps

  [BUFFER]
      Average level:     0.7 s
      Min / Max:         0.1 / 2.1 s

  [UTILIZATION]
      Bandwidth:         142.9%

======================================================================

[SAVED] results/run_all_20260607_000000/lldash-gpac_puffer/benchmark_lldash-gpac_puffer_001_fox_tc_20260607_215426.json

──────────────────────────────────────────────────────────────────────
  [3/150] puffer_002_fox_tc.csv
──────────────────────────────────────────────────────────────────────
[TRACE] puffer_002_fox_tc.csv
[LLDASH-GPAC] Trace file ready; gpac_server uses in-process bandwidth pacing.

======================================================================
  LLDASH-GPAC Streaming QoE Benchmark (dash.js / BOLA)
======================================================================
  Server: http://localhost:8082/player.html?mpd=http://localhost:8082/manifest.mpd
======================================================================

[TRACE] Loaded 83 entries with bandwidth
[BROWSER] Launching headless Chromium...
[BROWSER] Waiting for playback to start...
   Startup delay: 2571ms

[PLAYBACK] Collecting metrics...
   t=10s | buffer: 0.5s | bitrate: 100 kbps | tp: 0 kbps | trace_bw: 184 kbps
   t=20s | buffer: 0.6s | bitrate: 100 kbps | tp: 0 kbps | trace_bw: 82 kbps
   t=31s | buffer: 1.1s | bitrate: 100 kbps | tp: 0 kbps | trace_bw: 87 kbps
   t=41s | buffer: 1.0s | bitrate: 100 kbps | tp: 0 kbps | trace_bw: 99 kbps
   t=51s | buffer: 0.3s | bitrate: 100 kbps | tp: 0 kbps | trace_bw: 100 kbps
   t=61s | buffer: 0.9s | bitrate: 100 kbps | tp: 0 kbps | trace_bw: 96 kbps
   t=72s | buffer: 0.1s | bitrate: 100 kbps | tp: 0 kbps | trace_bw: 159 kbps
   t=82s | buffer: 2.0s | bitrate: 100 kbps | tp: 0 kbps | trace_bw: 126 kbps
   t=92s | buffer: 0.1s | bitrate: 100 kbps | tp: 0 kbps | trace_bw: 87 kbps
   t=102s | buffer: 2.1s | bitrate: 100 kbps | tp: 0 kbps | trace_bw: 47 kbps
   t=113s | buffer: 0.1s | bitrate: 100 kbps | tp: 0 kbps | trace_bw: 64 kbps

======================================================================
  BENCHMARK RESULTS (LLDASH-GPAC / dash.js / BOLA)
======================================================================

  [TIMING]
      Startup delay:     2,571 ms
      Playback time:     76.6 s

  [BITRATE]
      Average (selected):  100 kbps
      Average (effective): 62 kbps
      Min / Max:           100 / 100 kbps
      Median:              100 kbps
      Std deviation:       0.0 kbps
      Variance:            0.0
      25th/75th %ile:      100 / 100 kbps

  [SWITCHES]
      Total count:       0
      Up / Down:         0 / 0
      Avg magnitude:     0 kbps

  [REBUFFERING]
      Events:            27
      Total time:        46,121 ms
      Ratio:             37.5876%
      Frequency:         21.154 per minute
      Avg duration:      1,708 ms
      Max duration:      8,160 ms

  [THROUGHPUT]
      Average:           0 kbps
      Median:            0 kbps
      Min / Max:         0 / 0 kbps
      Std deviation:     0.0 kbps

  [AVAILABLE BW (trace)]
      Average:           99 kbps
      Min / Max:         12 / 384 kbps

  [BUFFER]
      Average level:     0.9 s
      Min / Max:         0.1 / 3.0 s

  [UTILIZATION]
      Bandwidth:         126.6%

======================================================================

[SAVED] results/run_all_20260607_000000/lldash-gpac_puffer/benchmark_lldash-gpac_puffer_002_fox_tc_20260607_215633.json

──────────────────────────────────────────────────────────────────────
  [4/150] puffer_003_fox_tc.csv
──────────────────────────────────────────────────────────────────────
[TRACE] puffer_003_fox_tc.csv
[LLDASH-GPAC] Trace file ready; gpac_server uses in-process bandwidth pacing.

======================================================================
  LLDASH-GPAC Streaming QoE Benchmark (dash.js / BOLA)
======================================================================
  Server: http://localhost:8082/player.html?mpd=http://localhost:8082/manifest.mpd
======================================================================

[TRACE] Loaded 144 entries with bandwidth
[BROWSER] Launching headless Chromium...
[BROWSER] Waiting for playback to start...
   Startup delay: 1474ms

[PLAYBACK] Collecting metrics...
   t=10s | buffer: 0.1s | bitrate: 100 kbps | tp: 0 kbps | trace_bw: 62 kbps
   t=20s | buffer: 0.1s | bitrate: 100 kbps | tp: 0 kbps | trace_bw: 32 kbps
   t=31s | buffer: 0.1s | bitrate: 100 kbps | tp: 0 kbps | trace_bw: 150 kbps
   t=41s | buffer: 0.1s | bitrate: 100 kbps | tp: 0 kbps | trace_bw: 34 kbps
   t=51s | buffer: 1.7s | bitrate: 100 kbps | tp: 0 kbps | trace_bw: 133 kbps
   t=61s | buffer: 1.6s | bitrate: 100 kbps | tp: 0 kbps | trace_bw: 188 kbps
   t=72s | buffer: 1.8s | bitrate: 100 kbps | tp: 0 kbps | trace_bw: 135 kbps
   t=82s | buffer: 1.3s | bitrate: 100 kbps | tp: 0 kbps | trace_bw: 186 kbps
   t=92s | buffer: 0.1s | bitrate: 100 kbps | tp: 0 kbps | trace_bw: 18 kbps
   t=102s | buffer: 0.1s | bitrate: 100 kbps | tp: 0 kbps | trace_bw: 94 kbps
   t=113s | buffer: 0.6s | bitrate: 100 kbps | tp: 0 kbps | trace_bw: 88 kbps

======================================================================
  BENCHMARK RESULTS (LLDASH-GPAC / dash.js / BOLA)
======================================================================

  [TIMING]
      Startup delay:     1,474 ms
      Playback time:     78.0 s

  [BITRATE]
      Average (selected):  100 kbps
      Average (effective): 64 kbps
      Min / Max:           100 / 100 kbps
      Median:              100 kbps
      Std deviation:       0.0 kbps
      Variance:            0.0
      25th/75th %ile:      100 / 100 kbps

  [SWITCHES]
      Total count:       0
      Up / Down:         0 / 0
      Avg magnitude:     0 kbps

  [REBUFFERING]
      Events:            24
      Total time:        43,474 ms
      Ratio:             35.7785%
      Frequency:         18.453 per minute
      Avg duration:      1,811 ms
      Max duration:      8,839 ms

  [THROUGHPUT]
      Average:           0 kbps
      Median:            0 kbps
      Min / Max:         0 / 0 kbps
      Std deviation:     0.0 kbps

  [AVAILABLE BW (trace)]
      Average:           108 kbps
      Min / Max:         11 / 365 kbps

  [BUFFER]
      Average level:     1.0 s
      Min / Max:         0.1 / 3.1 s

  [UTILIZATION]
      Bandwidth:         100.0%

======================================================================

[SAVED] results/run_all_20260607_000000/lldash-gpac_puffer/benchmark_lldash-gpac_puffer_003_fox_tc_20260607_215839.json

──────────────────────────────────────────────────────────────────────
  [5/150] puffer_004_fox_tc.csv
──────────────────────────────────────────────────────────────────────
[TRACE] puffer_004_fox_tc.csv
[LLDASH-GPAC] Trace file ready; gpac_server uses in-process bandwidth pacing.

======================================================================
  LLDASH-GPAC Streaming QoE Benchmark (dash.js / BOLA)
======================================================================
  Server: http://localhost:8082/player.html?mpd=http://localhost:8082/manifest.mpd
======================================================================

[TRACE] Loaded 106 entries with bandwidth
[BROWSER] Launching headless Chromium...
[BROWSER] Waiting for playback to start...
   Startup delay: 731ms

[PLAYBACK] Collecting metrics...
   t=10s | buffer: 1.5s | bitrate: 100 kbps | tp: 0 kbps | trace_bw: 293 kbps
   t=20s | buffer: 0.1s | bitrate: 100 kbps | tp: 0 kbps | trace_bw: 41 kbps
   t=31s | buffer: 0.9s | bitrate: 100 kbps | tp: 0 kbps | trace_bw: 164 kbps
   t=41s | buffer: 0.4s | bitrate: 100 kbps | tp: 0 kbps | trace_bw: 48 kbps
   t=51s | buffer: 0.1s | bitrate: 100 kbps | tp: 0 kbps | trace_bw: 37 kbps
   t=61s | buffer: 0.1s | bitrate: 100 kbps | tp: 0 kbps | trace_bw: 51 kbps
   t=72s | buffer: 0.1s | bitrate: 100 kbps | tp: 0 kbps | trace_bw: 51 kbps
   t=82s | buffer: 0.1s | bitrate: 100 kbps | tp: 0 kbps | trace_bw: 51 kbps
   t=92s | buffer: 0.1s | bitrate: 100 kbps | tp: 0 kbps | trace_bw: 51 kbps
   t=102s | buffer: 0.1s | bitrate: 100 kbps | tp: 0 kbps | trace_bw: 136 kbps
   t=113s | buffer: 1.2s | bitrate: 100 kbps | tp: 0 kbps | trace_bw: 139 kbps

======================================================================
  BENCHMARK RESULTS (LLDASH-GPAC / dash.js / BOLA)
======================================================================

  [TIMING]
      Startup delay:     731 ms
      Playback time:     66.1 s

  [BITRATE]
      Average (selected):  150 kbps
      Average (effective): 82 kbps
      Min / Max:           100 / 200 kbps
      Median:              200 kbps
      Std deviation:       50.0 kbps
      Variance:            2,500.0
      25th/75th %ile:      100 / 200 kbps

  [SWITCHES]
      Total count:       1
      Up / Down:         0 / 1
      Avg magnitude:     100 kbps

  [REBUFFERING]
      Events:            27
      Total time:        54,745 ms
      Ratio:             45.3154%
      Frequency:         24.522 per minute
      Avg duration:      2,028 ms
      Max duration:      4,570 ms

  [THROUGHPUT]
      Average:           0 kbps
      Median:            0 kbps
      Min / Max:         0 / 0 kbps
      Std deviation:     0.0 kbps

  [AVAILABLE BW (trace)]
      Average:           82 kbps
      Min / Max:         17 / 305 kbps

  [BUFFER]
      Average level:     0.8 s
      Min / Max:         0.1 / 2.8 s

  [UTILIZATION]
      Bandwidth:         294.1%

======================================================================

[SAVED] results/run_all_20260607_000000/lldash-gpac_puffer/benchmark_lldash-gpac_puffer_004_fox_tc_20260607_220044.json

──────────────────────────────────────────────────────────────────────
  [6/150] puffer_005_fox_tc.csv
──────────────────────────────────────────────────────────────────────
[TRACE] puffer_005_fox_tc.csv
[LLDASH-GPAC] Trace file ready; gpac_server uses in-process bandwidth pacing.

======================================================================
  LLDASH-GPAC Streaming QoE Benchmark (dash.js / BOLA)
======================================================================
  Server: http://localhost:8082/player.html?mpd=http://localhost:8082/manifest.mpd
======================================================================

[TRACE] Loaded 102 entries with bandwidth
[BROWSER] Launching headless Chromium...
[BROWSER] Waiting for playback to start...
   Startup delay: 477ms

[PLAYBACK] Collecting metrics...
   t=10s | buffer: 0.4s | bitrate: 200 kbps | tp: 0 kbps | trace_bw: 1535 kbps
   t=20s | buffer: 2.3s | bitrate: 600 kbps | tp: 0 kbps | trace_bw: 1535 kbps
   t=31s | buffer: 0.1s | bitrate: 600 kbps | tp: 0 kbps | trace_bw: 171 kbps
   t=41s | buffer: 2.1s | bitrate: 600 kbps | tp: 0 kbps | trace_bw: 129 kbps
   t=51s | buffer: 0.1s | bitrate: 100 kbps | tp: 0 kbps | trace_bw: 72 kbps
   t=61s | buffer: 2.8s | bitrate: 100 kbps | tp: 0 kbps | trace_bw: 170 kbps
   t=72s | buffer: 1.0s | bitrate: 100 kbps | tp: 0 kbps | trace_bw: 150 kbps
   t=82s | buffer: 1.8s | bitrate: 100 kbps | tp: 0 kbps | trace_bw: 127 kbps
   t=92s | buffer: 1.8s | bitrate: 100 kbps | tp: 0 kbps | trace_bw: 137 kbps
   t=102s | buffer: 0.4s | bitrate: 100 kbps | tp: 0 kbps | trace_bw: 58 kbps
   t=112s | buffer: 2.1s | bitrate: 100 kbps | tp: 0 kbps | trace_bw: 57 kbps

======================================================================
  BENCHMARK RESULTS (LLDASH-GPAC / dash.js / BOLA)
======================================================================

  [TIMING]
      Startup delay:     477 ms
      Playback time:     93.9 s

  [BITRATE]
      Average (selected):  800 kbps
      Average (effective): 623 kbps
      Min / Max:           100 / 1,500 kbps
      Median:              800 kbps
      Std deviation:       417.5 kbps
      Variance:            174,285.7
      25th/75th %ile:      600 / 1,200 kbps

  [SWITCHES]
      Total count:       6
      Up / Down:         2 / 4
      Avg magnitude:     517 kbps

  [REBUFFERING]
      Events:            22
      Total time:        26,598 ms
      Ratio:             22.0743%
      Frequency:         14.058 per minute
      Avg duration:      1,261 ms
      Max duration:      12,171 ms

  [THROUGHPUT]
      Average:           0 kbps
      Median:            0 kbps
      Min / Max:         0 / 0 kbps
      Std deviation:     0.0 kbps

  [AVAILABLE BW (trace)]
      Average:           479 kbps
      Min / Max:         46 / 2,768 kbps

  [BUFFER]
      Average level:     1.2 s
      Min / Max:         0.1 / 2.9 s

  [UTILIZATION]
      Bandwidth:         519.5%

======================================================================

[SAVED] results/run_all_20260607_000000/lldash-gpac_puffer/benchmark_lldash-gpac_puffer_005_fox_tc_20260607_220249.json

──────────────────────────────────────────────────────────────────────
  [7/150] puffer_006_abc_tc.csv
──────────────────────────────────────────────────────────────────────
[TRACE] puffer_006_abc_tc.csv
[LLDASH-GPAC] Trace file ready; gpac_server uses in-process bandwidth pacing.

======================================================================
  LLDASH-GPAC Streaming QoE Benchmark (dash.js / BOLA)
======================================================================
  Server: http://localhost:8082/player.html?mpd=http://localhost:8082/manifest.mpd
======================================================================

[TRACE] Loaded 110 entries with bandwidth
[BROWSER] Launching headless Chromium...
[BROWSER] Waiting for playback to start...
   Startup delay: 578ms

[PLAYBACK] Collecting metrics...
   t=10s | buffer: 0.1s | bitrate: 100 kbps | tp: 0 kbps | trace_bw: 147 kbps
   t=20s | buffer: 1.9s | bitrate: 100 kbps | tp: 0 kbps | trace_bw: 199 kbps
   t=31s | buffer: 1.8s | bitrate: 100 kbps | tp: 0 kbps | trace_bw: 202 kbps
   t=41s | buffer: 2.1s | bitrate: 100 kbps | tp: 0 kbps | trace_bw: 91 kbps
   t=51s | buffer: 2.9s | bitrate: 100 kbps | tp: 0 kbps | trace_bw: 176 kbps
   t=61s | buffer: 0.1s | bitrate: 100 kbps | tp: 0 kbps | trace_bw: 103 kbps
   t=72s | buffer: 2.4s | bitrate: 100 kbps | tp: 0 kbps | trace_bw: 249 kbps
   t=82s | buffer: 1.6s | bitrate: 100 kbps | tp: 0 kbps | trace_bw: 65 kbps
   t=92s | buffer: 1.3s | bitrate: 100 kbps | tp: 0 kbps | trace_bw: 81 kbps
   t=102s | buffer: 1.8s | bitrate: 100 kbps | tp: 0 kbps | trace_bw: 22 kbps
   t=112s | buffer: 1.3s | bitrate: 100 kbps | tp: 0 kbps | trace_bw: 124 kbps

======================================================================
  BENCHMARK RESULTS (LLDASH-GPAC / dash.js / BOLA)
======================================================================

  [TIMING]
      Startup delay:     578 ms
      Playback time:     90.5 s

  [BITRATE]
      Average (selected):  200 kbps
      Average (effective): 150 kbps
      Min / Max:           100 / 400 kbps
      Median:              200 kbps
      Std deviation:       122.5 kbps
      Variance:            15,000.0
      25th/75th %ile:      100 / 400 kbps

  [SWITCHES]
      Total count:       3
      Up / Down:         1 / 2
      Avg magnitude:     167 kbps

  [REBUFFERING]
      Events:            24
      Total time:        30,082 ms
      Ratio:             24.9388%
      Frequency:         15.904 per minute
      Avg duration:      1,253 ms
      Max duration:      4,496 ms

  [THROUGHPUT]
      Average:           0 kbps
      Median:            0 kbps
      Min / Max:         0 / 0 kbps
      Std deviation:     0.0 kbps

  [AVAILABLE BW (trace)]
      Average:           151 kbps
      Min / Max:         19 / 413 kbps

  [BUFFER]
      Average level:     1.2 s
      Min / Max:         0.1 / 3.3 s

  [UTILIZATION]
      Bandwidth:         147.1%

======================================================================

[SAVED] results/run_all_20260607_000000/lldash-gpac_puffer/benchmark_lldash-gpac_puffer_006_abc_tc_20260607_220453.json

──────────────────────────────────────────────────────────────────────
  [8/150] puffer_007_fox_tc.csv
──────────────────────────────────────────────────────────────────────
[TRACE] puffer_007_fox_tc.csv
[LLDASH-GPAC] Trace file ready; gpac_server uses in-process bandwidth pacing.

======================================================================
  LLDASH-GPAC Streaming QoE Benchmark (dash.js / BOLA)
======================================================================
  Server: http://localhost:8082/player.html?mpd=http://localhost:8082/manifest.mpd
======================================================================

[TRACE] Loaded 142 entries with bandwidth
[BROWSER] Launching headless Chromium...
[BROWSER] Waiting for playback to start...
   Startup delay: 1153ms

[PLAYBACK] Collecting metrics...
   t=10s | buffer: 0.1s | bitrate: 100 kbps | tp: 0 kbps | trace_bw: 95 kbps
   t=20s | buffer: 1.0s | bitrate: 100 kbps | tp: 0 kbps | trace_bw: 153 kbps
   t=31s | buffer: 0.9s | bitrate: 100 kbps | tp: 0 kbps | trace_bw: 57 kbps
   t=41s | buffer: 2.5s | bitrate: 100 kbps | tp: 0 kbps | trace_bw: 228 kbps
   t=51s | buffer: 2.1s | bitrate: 100 kbps | tp: 0 kbps | trace_bw: 238 kbps
   t=61s | buffer: 1.6s | bitrate: 100 kbps | tp: 0 kbps | trace_bw: 518 kbps
   t=72s | buffer: 1.2s | bitrate: 100 kbps | tp: 0 kbps | trace_bw: 280 kbps
   t=82s | buffer: 1.1s | bitrate: 100 kbps | tp: 0 kbps | trace_bw: 210 kbps
   t=92s | buffer: 2.8s | bitrate: 100 kbps | tp: 0 kbps | trace_bw: 233 kbps
   t=102s | buffer: 0.7s | bitrate: 100 kbps | tp: 0 kbps | trace_bw: 85 kbps
   t=113s | buffer: 1.6s | bitrate: 100 kbps | tp: 0 kbps | trace_bw: 242 kbps

======================================================================
  BENCHMARK RESULTS (LLDASH-GPAC / dash.js / BOLA)
======================================================================

  [TIMING]
      Startup delay:     1,153 ms
      Playback time:     110.1 s

  [BITRATE]
      Average (selected):  150 kbps
      Average (effective): 136 kbps
      Min / Max:           100 / 200 kbps
      Median:              200 kbps
      Std deviation:       50.0 kbps
      Variance:            2,500.0
      25th/75th %ile:      100 / 200 kbps

  [SWITCHES]
      Total count:       1
      Up / Down:         0 / 1
      Avg magnitude:     100 kbps

  [REBUFFERING]
      Events:            14
      Total time:        11,097 ms
      Ratio:             9.1556%
      Frequency:         7.629 per minute
      Avg duration:      793 ms
      Max duration:      3,942 ms

  [THROUGHPUT]
      Average:           0 kbps
      Median:            0 kbps
      Min / Max:         0 / 0 kbps
      Std deviation:     0.0 kbps

  [AVAILABLE BW (trace)]
      Average:           221 kbps
      Min / Max:         21 / 757 kbps

  [BUFFER]
      Average level:     1.6 s
      Min / Max:         0.1 / 3.4 s

  [UTILIZATION]
      Bandwidth:         76.5%

======================================================================

[SAVED] results/run_all_20260607_000000/lldash-gpac_puffer/benchmark_lldash-gpac_puffer_007_fox_tc_20260607_220657.json

──────────────────────────────────────────────────────────────────────
  [9/150] puffer_008_nbc_tc.csv
──────────────────────────────────────────────────────────────────────
[TRACE] puffer_008_nbc_tc.csv
[LLDASH-GPAC] Trace file ready; gpac_server uses in-process bandwidth pacing.

======================================================================
  LLDASH-GPAC Streaming QoE Benchmark (dash.js / BOLA)
======================================================================
  Server: http://localhost:8082/player.html?mpd=http://localhost:8082/manifest.mpd
======================================================================

[TRACE] Loaded 143 entries with bandwidth
[BROWSER] Launching headless Chromium...
[BROWSER] Waiting for playback to start...
   Startup delay: 918ms

[PLAYBACK] Collecting metrics...
   t=10s | buffer: 1.5s | bitrate: 200 kbps | tp: 0 kbps | trace_bw: 807 kbps
   t=20s | buffer: 2.2s | bitrate: 100 kbps | tp: 0 kbps | trace_bw: 131 kbps
   t=31s | buffer: 2.1s | bitrate: 100 kbps | tp: 0 kbps | trace_bw: 431 kbps
   t=41s | buffer: 0.1s | bitrate: 100 kbps | tp: 0 kbps | trace_bw: 51 kbps
   t=51s | buffer: 2.1s | bitrate: 100 kbps | tp: 0 kbps | trace_bw: 186 kbps
   t=61s | buffer: 1.7s | bitrate: 100 kbps | tp: 0 kbps | trace_bw: 245 kbps
   t=72s | buffer: 3.0s | bitrate: 100 kbps | tp: 0 kbps | trace_bw: 394 kbps
   t=82s | buffer: 1.2s | bitrate: 100 kbps | tp: 0 kbps | trace_bw: 355 kbps
   t=92s | buffer: 0.9s | bitrate: 100 kbps | tp: 0 kbps | trace_bw: 314 kbps
   t=102s | buffer: 2.8s | bitrate: 100 kbps | tp: 0 kbps | trace_bw: 192 kbps
   t=112s | buffer: 2.4s | bitrate: 100 kbps | tp: 0 kbps | trace_bw: 365 kbps

======================================================================
  BENCHMARK RESULTS (LLDASH-GPAC / dash.js / BOLA)
======================================================================

  [TIMING]
      Startup delay:     918 ms
      Playback time:     105.3 s

  [BITRATE]
      Average (selected):  150 kbps
      Average (effective): 131 kbps
      Min / Max:           100 / 200 kbps
      Median:              200 kbps
      Std deviation:       50.0 kbps
      Variance:            2,500.0
      25th/75th %ile:      100 / 200 kbps

  [SWITCHES]
      Total count:       3
      Up / Down:         1 / 2
      Avg magnitude:     100 kbps

  [REBUFFERING]
      Events:            8
      Total time:        15,595 ms
      Ratio:             12.8968%
      Frequency:         4.557 per minute
      Avg duration:      1,949 ms
      Max duration:      10,561 ms

  [THROUGHPUT]
      Average:           0 kbps
      Median:            0 kbps
      Min / Max:         0 / 0 kbps
      Std deviation:     0.0 kbps

  [AVAILABLE BW (trace)]
      Average:           278 kbps
      Min / Max:         6 / 942 kbps

  [BUFFER]
      Average level:     1.7 s
      Min / Max:         0.1 / 3.2 s

  [UTILIZATION]
      Bandwidth:         61.2%

======================================================================

[SAVED] results/run_all_20260607_000000/lldash-gpac_puffer/benchmark_lldash-gpac_puffer_008_nbc_tc_20260607_220902.json

──────────────────────────────────────────────────────────────────────
  [10/150] puffer_009_univision_tc.csv
──────────────────────────────────────────────────────────────────────
[TRACE] puffer_009_univision_tc.csv
[LLDASH-GPAC] Trace file ready; gpac_server uses in-process bandwidth pacing.

======================================================================
  LLDASH-GPAC Streaming QoE Benchmark (dash.js / BOLA)
======================================================================
  Server: http://localhost:8082/player.html?mpd=http://localhost:8082/manifest.mpd
======================================================================

[TRACE] Loaded 157 entries with bandwidth
[BROWSER] Launching headless Chromium...
[BROWSER] Waiting for playback to start...
   Startup delay: 586ms

[PLAYBACK] Collecting metrics...
   t=10s | buffer: 0.9s | bitrate: 200 kbps | tp: 0 kbps | trace_bw: 416 kbps
   t=20s | buffer: 2.8s | bitrate: 200 kbps | tp: 0 kbps | trace_bw: 416 kbps
   t=31s | buffer: 0.7s | bitrate: 200 kbps | tp: 0 kbps | trace_bw: 416 kbps
   t=41s | buffer: 2.3s | bitrate: 200 kbps | tp: 0 kbps | trace_bw: 396 kbps
   t=51s | buffer: 0.1s | bitrate: 200 kbps | tp: 0 kbps | trace_bw: 106 kbps
   t=61s | buffer: 2.6s | bitrate: 100 kbps | tp: 0 kbps | trace_bw: 150 kbps
   t=72s | buffer: 0.8s | bitrate: 100 kbps | tp: 0 kbps | trace_bw: 157 kbps
   t=82s | buffer: 1.4s | bitrate: 100 kbps | tp: 0 kbps | trace_bw: 164 kbps
   t=92s | buffer: 1.4s | bitrate: 100 kbps | tp: 0 kbps | trace_bw: 177 kbps
   t=102s | buffer: 1.0s | bitrate: 100 kbps | tp: 0 kbps | trace_bw: 188 kbps
   t=113s | buffer: 2.9s | bitrate: 100 kbps | tp: 0 kbps | trace_bw: 218 kbps

======================================================================
  BENCHMARK RESULTS (LLDASH-GPAC / dash.js / BOLA)
======================================================================

  [TIMING]
      Startup delay:     586 ms
      Playback time:     115.0 s

  [BITRATE]
      Average (selected):  233 kbps
      Average (effective): 222 kbps
      Min / Max:           100 / 400 kbps
      Median:              200 kbps
      Std deviation:       124.7 kbps
      Variance:            15,555.6
      25th/75th %ile:      100 / 400 kbps

  [SWITCHES]
      Total count:       2
      Up / Down:         0 / 2
      Avg magnitude:     150 kbps

  [REBUFFERING]
      Events:            13
      Total time:        5,871 ms
      Ratio:             4.8575%
      Frequency:         6.783 per minute
      Avg duration:      452 ms
      Max duration:      1,573 ms

  [THROUGHPUT]
      Average:           0 kbps
      Median:            0 kbps
      Min / Max:         0 / 0 kbps
      Std deviation:     0.0 kbps

  [AVAILABLE BW (trace)]
      Average:           279 kbps
      Min / Max:         106 / 547 kbps

  [BUFFER]
      Average level:     1.7 s
      Min / Max:         0.1 / 3.2 s

  [UTILIZATION]
      Bandwidth:         107.0%

======================================================================

[SAVED] results/run_all_20260607_000000/lldash-gpac_puffer/benchmark_lldash-gpac_puffer_009_univision_tc_20260607_221106.json

──────────────────────────────────────────────────────────────────────
  [11/150] puffer_010_fox_tc.csv
──────────────────────────────────────────────────────────────────────
[TRACE] puffer_010_fox_tc.csv
[LLDASH-GPAC] Trace file ready; gpac_server uses in-process bandwidth pacing.

======================================================================
  LLDASH-GPAC Streaming QoE Benchmark (dash.js / BOLA)
======================================================================
  Server: http://localhost:8082/player.html?mpd=http://localhost:8082/manifest.mpd
======================================================================

[TRACE] Loaded 146 entries with bandwidth
[BROWSER] Launching headless Chromium...
[BROWSER] Waiting for playback to start...
   Startup delay: 3318ms

[PLAYBACK] Collecting metrics...
   t=10s | buffer: 2.5s | bitrate: 100 kbps | tp: 0 kbps | trace_bw: 314 kbps
   t=20s | buffer: 0.4s | bitrate: 100 kbps | tp: 0 kbps | trace_bw: 450 kbps
   t=31s | buffer: 2.1s | bitrate: 100 kbps | tp: 0 kbps | trace_bw: 1237 kbps
   t=41s | buffer: 2.0s | bitrate: 100 kbps | tp: 0 kbps | trace_bw: 274 kbps
   t=51s | buffer: 2.1s | bitrate: 100 kbps | tp: 0 kbps | trace_bw: 388 kbps
   t=61s | buffer: 2.0s | bitrate: 100 kbps | tp: 0 kbps | trace_bw: 343 kbps
   t=72s | buffer: 1.6s | bitrate: 100 kbps | tp: 0 kbps | trace_bw: 87 kbps
   t=82s | buffer: 1.2s | bitrate: 100 kbps | tp: 0 kbps | trace_bw: 283 kbps
   t=92s | buffer: 1.6s | bitrate: 100 kbps | tp: 0 kbps | trace_bw: 180 kbps
   t=102s | buffer: 3.2s | bitrate: 100 kbps | tp: 0 kbps | trace_bw: 414 kbps
   t=113s | buffer: 1.2s | bitrate: 200 kbps | tp: 0 kbps | trace_bw: 441 kbps

======================================================================
  BENCHMARK RESULTS (LLDASH-GPAC / dash.js / BOLA)
======================================================================

  [TIMING]
      Startup delay:     3,318 ms
      Playback time:     111.0 s

  [BITRATE]
      Average (selected):  133 kbps
      Average (effective): 120 kbps
      Min / Max:           100 / 200 kbps
      Median:              100 kbps
      Std deviation:       47.1 kbps
      Variance:            2,222.2
      25th/75th %ile:      100 / 200 kbps

  [SWITCHES]
      Total count:       2
      Up / Down:         1 / 1
      Avg magnitude:     100 kbps

  [REBUFFERING]
      Events:            12
      Total time:        12,352 ms
      Ratio:             10.0128%
      Frequency:         6.486 per minute
      Avg duration:      1,029 ms
      Max duration:      3,175 ms

  [THROUGHPUT]
      Average:           0 kbps
      Median:            0 kbps
      Min / Max:         0 / 0 kbps
      Std deviation:     0.0 kbps

  [AVAILABLE BW (trace)]
      Average:           301 kbps
      Min / Max:         21 / 1,237 kbps

  [BUFFER]
      Average level:     1.8 s
      Min / Max:         0.1 / 3.7 s

  [UTILIZATION]
      Bandwidth:         47.3%

======================================================================

[SAVED] results/run_all_20260607_000000/lldash-gpac_puffer/benchmark_lldash-gpac_puffer_010_fox_tc_20260607_221311.json

──────────────────────────────────────────────────────────────────────
  [12/150] puffer_011_fox_tc.csv
──────────────────────────────────────────────────────────────────────
[TRACE] puffer_011_fox_tc.csv
[LLDASH-GPAC] Trace file ready; gpac_server uses in-process bandwidth pacing.

======================================================================
  LLDASH-GPAC Streaming QoE Benchmark (dash.js / BOLA)
======================================================================
  Server: http://localhost:8082/player.html?mpd=http://localhost:8082/manifest.mpd
======================================================================

[TRACE] Loaded 135 entries with bandwidth
[BROWSER] Launching headless Chromium...
[BROWSER] Waiting for playback to start...
   Startup delay: 1311ms

[PLAYBACK] Collecting metrics...
   t=10s | buffer: 2.2s | bitrate: 100 kbps | tp: 0 kbps | trace_bw: 436 kbps
   t=20s | buffer: 1.9s | bitrate: 100 kbps | tp: 0 kbps | trace_bw: 1379 kbps
   t=31s | buffer: 1.5s | bitrate: 200 kbps | tp: 0 kbps | trace_bw: 1106 kbps
   t=41s | buffer: 2.1s | bitrate: 100 kbps | tp: 0 kbps | trace_bw: 1204 kbps
   t=51s | buffer: 0.1s | bitrate: 200 kbps | tp: 0 kbps | trace_bw: 234 kbps
   t=61s | buffer: 3.1s | bitrate: 100 kbps | tp: 0 kbps | trace_bw: 620 kbps
   t=72s | buffer: 0.7s | bitrate: 100 kbps | tp: 0 kbps | trace_bw: 370 kbps
   t=82s | buffer: 0.1s | bitrate: 100 kbps | tp: 0 kbps | trace_bw: 197 kbps
   t=92s | buffer: 2.9s | bitrate: 100 kbps | tp: 0 kbps | trace_bw: 289 kbps
   t=102s | buffer: 2.6s | bitrate: 100 kbps | tp: 0 kbps | trace_bw: 325 kbps
   t=113s | buffer: 0.5s | bitrate: 100 kbps | tp: 0 kbps | trace_bw: 325 kbps

======================================================================
  BENCHMARK RESULTS (LLDASH-GPAC / dash.js / BOLA)
======================================================================

  [TIMING]
      Startup delay:     1,311 ms
      Playback time:     107.9 s

  [BITRATE]
      Average (selected):  144 kbps
      Average (effective): 128 kbps
      Min / Max:           100 / 200 kbps
      Median:              100 kbps
      Std deviation:       49.7 kbps
      Variance:            2,469.1
      25th/75th %ile:      100 / 200 kbps

  [SWITCHES]
      Total count:       8
      Up / Down:         4 / 4
      Avg magnitude:     100 kbps

  [REBUFFERING]
      Events:            10
      Total time:        13,575 ms
      Ratio:             11.1753%
      Frequency:         5.561 per minute
      Avg duration:      1,127 ms
      Max duration:      3,294 ms

  [THROUGHPUT]
      Average:           0 kbps
      Median:            0 kbps
      Min / Max:         0 / 0 kbps
      Std deviation:     0.0 kbps

  [AVAILABLE BW (trace)]
      Average:           480 kbps
      Min / Max:         16 / 1,649 kbps

  [BUFFER]
      Average level:     1.9 s
      Min / Max:         0.1 / 3.8 s

  [UTILIZATION]
      Bandwidth:         44.4%

======================================================================

[SAVED] results/run_all_20260607_000000/lldash-gpac_puffer/benchmark_lldash-gpac_puffer_011_fox_tc_20260607_221518.json

──────────────────────────────────────────────────────────────────────
  [13/150] puffer_012_cbs_tc.csv
──────────────────────────────────────────────────────────────────────
[TRACE] puffer_012_cbs_tc.csv
[LLDASH-GPAC] Trace file ready; gpac_server uses in-process bandwidth pacing.

======================================================================
  LLDASH-GPAC Streaming QoE Benchmark (dash.js / BOLA)
======================================================================
  Server: http://localhost:8082/player.html?mpd=http://localhost:8082/manifest.mpd
======================================================================

[TRACE] Loaded 138 entries with bandwidth
[BROWSER] Launching headless Chromium...
[BROWSER] Waiting for playback to start...
   Startup delay: 2885ms

[PLAYBACK] Collecting metrics...
   t=10s | buffer: 1.3s | bitrate: 100 kbps | tp: 0 kbps | trace_bw: 236 kbps
   t=20s | buffer: 3.1s | bitrate: 100 kbps | tp: 0 kbps | trace_bw: 235 kbps
   t=31s | buffer: 2.9s | bitrate: 100 kbps | tp: 0 kbps | trace_bw: 172 kbps
   t=41s | buffer: 2.7s | bitrate: 100 kbps | tp: 0 kbps | trace_bw: 349 kbps
   t=51s | buffer: 2.6s | bitrate: 100 kbps | tp: 0 kbps | trace_bw: 509 kbps
   t=61s | buffer: 1.8s | bitrate: 100 kbps | tp: 0 kbps | trace_bw: 210 kbps
   t=72s | buffer: 0.1s | bitrate: 100 kbps | tp: 0 kbps | trace_bw: 147 kbps
   t=82s | buffer: 0.1s | bitrate: 100 kbps | tp: 0 kbps | trace_bw: 81 kbps
   t=92s | buffer: 1.1s | bitrate: 100 kbps | tp: 0 kbps | trace_bw: 376 kbps
   t=102s | buffer: 1.0s | bitrate: 100 kbps | tp: 0 kbps | trace_bw: 194 kbps
   t=113s | buffer: 2.6s | bitrate: 100 kbps | tp: 0 kbps | trace_bw: 261 kbps

======================================================================
  BENCHMARK RESULTS (LLDASH-GPAC / dash.js / BOLA)
======================================================================

  [TIMING]
      Startup delay:     2,885 ms
      Playback time:     113.1 s

  [BITRATE]
      Average (selected):  100 kbps
      Average (effective): 92 kbps
      Min / Max:           100 / 100 kbps
      Median:              100 kbps
      Std deviation:       0.0 kbps
      Variance:            0.0
      25th/75th %ile:      100 / 100 kbps

  [SWITCHES]
      Total count:       0
      Up / Down:         0 / 0
      Avg magnitude:     0 kbps

  [REBUFFERING]
      Events:            11
      Total time:        9,816 ms
      Ratio:             7.9844%
      Frequency:         5.834 per minute
      Avg duration:      892 ms
      Max duration:      2,728 ms

  [THROUGHPUT]
      Average:           0 kbps
      Median:            0 kbps
      Min / Max:         0 / 0 kbps
      Std deviation:     0.0 kbps

  [AVAILABLE BW (trace)]
      Average:           258 kbps
      Min / Max:         63 / 670 kbps

  [BUFFER]
      Average level:     1.8 s
      Min / Max:         0.1 / 3.4 s

  [UTILIZATION]
      Bandwidth:         45.5%

======================================================================

[SAVED] results/run_all_20260607_000000/lldash-gpac_puffer/benchmark_lldash-gpac_puffer_012_cbs_tc_20260607_221723.json

──────────────────────────────────────────────────────────────────────
  [14/150] puffer_013_cbs_tc.csv
──────────────────────────────────────────────────────────────────────
[TRACE] puffer_013_cbs_tc.csv
[LLDASH-GPAC] Trace file ready; gpac_server uses in-process bandwidth pacing.

======================================================================
  LLDASH-GPAC Streaming QoE Benchmark (dash.js / BOLA)
======================================================================
  Server: http://localhost:8082/player.html?mpd=http://localhost:8082/manifest.mpd
======================================================================

[TRACE] Loaded 144 entries with bandwidth
[BROWSER] Launching headless Chromium...
[BROWSER] Waiting for playback to start...
   Startup delay: 536ms

[PLAYBACK] Collecting metrics...
   t=10s | buffer: 0.1s | bitrate: 200 kbps | tp: 0 kbps | trace_bw: 13 kbps
   t=20s | buffer: 2.8s | bitrate: 100 kbps | tp: 0 kbps | trace_bw: 977 kbps
   t=31s | buffer: 2.7s | bitrate: 200 kbps | tp: 0 kbps | trace_bw: 1316 kbps
   t=41s | buffer: 0.1s | bitrate: 200 kbps | tp: 0 kbps | trace_bw: 1861 kbps
   t=51s | buffer: 0.3s | bitrate: 100 kbps | tp: 0 kbps | trace_bw: 54 kbps
   t=61s | buffer: 0.1s | bitrate: 100 kbps | tp: 0 kbps | trace_bw: 851 kbps
   t=72s | buffer: 1.6s | bitrate: 100 kbps | tp: 0 kbps | trace_bw: 295 kbps
   t=82s | buffer: 1.5s | bitrate: 100 kbps | tp: 0 kbps | trace_bw: 120 kbps
   t=92s | buffer: 1.4s | bitrate: 100 kbps | tp: 0 kbps | trace_bw: 719 kbps
   t=102s | buffer: 0.1s | bitrate: 100 kbps | tp: 0 kbps | trace_bw: 1440 kbps
   t=113s | buffer: 2.1s | bitrate: 100 kbps | tp: 0 kbps | trace_bw: 1003 kbps

======================================================================
  BENCHMARK RESULTS (LLDASH-GPAC / dash.js / BOLA)
======================================================================

  [TIMING]
      Startup delay:     536 ms
      Playback time:     89.6 s

  [BITRATE]
      Average (selected):  183 kbps
      Average (effective): 136 kbps
      Min / Max:           100 / 400 kbps
      Median:              200 kbps
      Std deviation:       106.7 kbps
      Variance:            11,388.9
      25th/75th %ile:      100 / 200 kbps

  [SWITCHES]
      Total count:       5
      Up / Down:         2 / 3
      Avg magnitude:     140 kbps

  [REBUFFERING]
      Events:            9
      Total time:        30,984 ms
      Ratio:             25.6925%
      Frequency:         6.026 per minute
      Avg duration:      3,443 ms
      Max duration:      11,337 ms

  [THROUGHPUT]
      Average:           0 kbps
      Median:            0 kbps
      Min / Max:         0 / 0 kbps
      Std deviation:     0.0 kbps

  [AVAILABLE BW (trace)]
      Average:           676 kbps
      Min / Max:         4 / 2,150 kbps

  [BUFFER]
      Average level:     1.6 s
      Min / Max:         0.1 / 3.8 s

  [UTILIZATION]
      Bandwidth:         36.2%

======================================================================

[SAVED] results/run_all_20260607_000000/lldash-gpac_puffer/benchmark_lldash-gpac_puffer_013_cbs_tc_20260607_221929.json

──────────────────────────────────────────────────────────────────────
  [15/150] puffer_014_fox_tc.csv
──────────────────────────────────────────────────────────────────────
[TRACE] puffer_014_fox_tc.csv
[LLDASH-GPAC] Trace file ready; gpac_server uses in-process bandwidth pacing.

======================================================================
  LLDASH-GPAC Streaming QoE Benchmark (dash.js / BOLA)
======================================================================
  Server: http://localhost:8082/player.html?mpd=http://localhost:8082/manifest.mpd
======================================================================

[TRACE] Loaded 148 entries with bandwidth
[BROWSER] Launching headless Chromium...
[BROWSER] Waiting for playback to start...
   Startup delay: 986ms

[PLAYBACK] Collecting metrics...
   t=10s | buffer: 1.0s | bitrate: 200 kbps | tp: 0 kbps | trace_bw: 169 kbps
   t=20s | buffer: 1.1s | bitrate: 100 kbps | tp: 0 kbps | trace_bw: 579 kbps
   t=31s | buffer: 0.1s | bitrate: 100 kbps | tp: 0 kbps | trace_bw: 124 kbps
   t=41s | buffer: 2.8s | bitrate: 100 kbps | tp: 0 kbps | trace_bw: 417 kbps
   t=51s | buffer: 1.4s | bitrate: 100 kbps | tp: 0 kbps | trace_bw: 492 kbps
   t=61s | buffer: 1.3s | bitrate: 100 kbps | tp: 0 kbps | trace_bw: 16 kbps
   t=72s | buffer: 1.8s | bitrate: 100 kbps | tp: 0 kbps | trace_bw: 321 kbps
   t=82s | buffer: 1.4s | bitrate: 100 kbps | tp: 0 kbps | trace_bw: 366 kbps
   t=92s | buffer: 3.2s | bitrate: 100 kbps | tp: 0 kbps | trace_bw: 481 kbps
   t=102s | buffer: 1.0s | bitrate: 100 kbps | tp: 0 kbps | trace_bw: 324 kbps
   t=112s | buffer: 1.4s | bitrate: 100 kbps | tp: 0 kbps | trace_bw: 253 kbps

======================================================================
  BENCHMARK RESULTS (LLDASH-GPAC / dash.js / BOLA)
======================================================================

  [TIMING]
      Startup delay:     986 ms
      Playback time:     114.5 s

  [BITRATE]
      Average (selected):  150 kbps
      Average (effective): 142 kbps
      Min / Max:           100 / 200 kbps
      Median:              200 kbps
      Std deviation:       50.0 kbps
      Variance:            2,500.0
      25th/75th %ile:      100 / 200 kbps

  [SWITCHES]
      Total count:       1
      Up / Down:         0 / 1
      Avg magnitude:     100 kbps

  [REBUFFERING]
      Events:            10
      Total time:        6,548 ms
      Ratio:             5.4113%
      Frequency:         5.242 per minute
      Avg duration:      655 ms
      Max duration:      1,142 ms

  [THROUGHPUT]
      Average:           0 kbps
      Median:            0 kbps
      Min / Max:         0 / 0 kbps
      Std deviation:     0.0 kbps

  [AVAILABLE BW (trace)]
      Average:           355 kbps
      Min / Max:         16 / 981 kbps

  [BUFFER]
      Average level:     1.9 s
      Min / Max:         0.1 / 3.5 s

  [UTILIZATION]
      Bandwidth:         46.3%

======================================================================

[SAVED] results/run_all_20260607_000000/lldash-gpac_puffer/benchmark_lldash-gpac_puffer_014_fox_tc_20260607_222133.json

──────────────────────────────────────────────────────────────────────
  [16/150] puffer_015_fox_tc.csv
──────────────────────────────────────────────────────────────────────
[TRACE] puffer_015_fox_tc.csv
[LLDASH-GPAC] Trace file ready; gpac_server uses in-process bandwidth pacing.

======================================================================
  LLDASH-GPAC Streaming QoE Benchmark (dash.js / BOLA)
======================================================================
  Server: http://localhost:8082/player.html?mpd=http://localhost:8082/manifest.mpd
======================================================================

[TRACE] Loaded 110 entries with bandwidth
[BROWSER] Launching headless Chromium...
[BROWSER] Waiting for playback to start...
   Startup delay: 489ms

[PLAYBACK] Collecting metrics...
   t=10s | buffer: 0.1s | bitrate: 800 kbps | tp: 0 kbps | trace_bw: 1122 kbps
   t=20s | buffer: 0.1s | bitrate: 200 kbps | tp: 0 kbps | trace_bw: 223 kbps
   t=31s | buffer: 0.1s | bitrate: 100 kbps | tp: 0 kbps | trace_bw: 71 kbps
   t=41s | buffer: 0.1s | bitrate: 100 kbps | tp: 0 kbps | trace_bw: 105 kbps
   t=51s | buffer: 0.1s | bitrate: 100 kbps | tp: 0 kbps | trace_bw: 148 kbps
   t=61s | buffer: 2.1s | bitrate: 100 kbps | tp: 0 kbps | trace_bw: 207 kbps
   t=72s | buffer: 2.0s | bitrate: 100 kbps | tp: 0 kbps | trace_bw: 146 kbps
   t=82s | buffer: 0.1s | bitrate: 100 kbps | tp: 0 kbps | trace_bw: 39 kbps
   t=92s | buffer: 2.3s | bitrate: 100 kbps | tp: 0 kbps | trace_bw: 106 kbps
   t=102s | buffer: 2.2s | bitrate: 100 kbps | tp: 0 kbps | trace_bw: 2425 kbps
   t=113s | buffer: 1.8s | bitrate: 100 kbps | tp: 0 kbps | trace_bw: 1303 kbps

======================================================================
  BENCHMARK RESULTS (LLDASH-GPAC / dash.js / BOLA)
======================================================================

  [TIMING]
      Startup delay:     489 ms
      Playback time:     83.9 s

  [BITRATE]
      Average (selected):  400 kbps
      Average (effective): 278 kbps
      Min / Max:           100 / 800 kbps
      Median:              400 kbps
      Std deviation:       239.8 kbps
      Variance:            57,500.0
      25th/75th %ile:      200 / 600 kbps

  [SWITCHES]
      Total count:       7
      Up / Down:         3 / 4
      Avg magnitude:     214 kbps

  [REBUFFERING]
      Events:            16
      Total time:        36,662 ms
      Ratio:             30.3972%
      Frequency:         11.436 per minute
      Avg duration:      2,291 ms
      Max duration:      15,700 ms

  [THROUGHPUT]
      Average:           0 kbps
      Median:            0 kbps
      Min / Max:         0 / 0 kbps
      Std deviation:     0.0 kbps

  [AVAILABLE BW (trace)]
      Average:           652 kbps
      Min / Max:         3 / 3,044 kbps

  [BUFFER]
      Average level:     1.3 s
      Min / Max:         0.1 / 3.7 s

  [UTILIZATION]
      Bandwidth:         193.2%

======================================================================

[SAVED] results/run_all_20260607_000000/lldash-gpac_puffer/benchmark_lldash-gpac_puffer_015_fox_tc_20260607_222338.json

──────────────────────────────────────────────────────────────────────
  [17/150] puffer_016_fox_tc.csv
──────────────────────────────────────────────────────────────────────
[TRACE] puffer_016_fox_tc.csv
[LLDASH-GPAC] Trace file ready; gpac_server uses in-process bandwidth pacing.

======================================================================
  LLDASH-GPAC Streaming QoE Benchmark (dash.js / BOLA)
======================================================================
  Server: http://localhost:8082/player.html?mpd=http://localhost:8082/manifest.mpd
======================================================================

[TRACE] Loaded 153 entries with bandwidth
[BROWSER] Launching headless Chromium...
[BROWSER] Waiting for playback to start...
   Startup delay: 1083ms

[PLAYBACK] Collecting metrics...
   t=10s | buffer: 1.7s | bitrate: 100 kbps | tp: 0 kbps | trace_bw: 253 kbps
   t=20s | buffer: 3.4s | bitrate: 100 kbps | tp: 0 kbps | trace_bw: 649 kbps
   t=31s | buffer: 1.3s | bitrate: 200 kbps | tp: 0 kbps | trace_bw: 481 kbps
   t=41s | buffer: 1.5s | bitrate: 100 kbps | tp: 0 kbps | trace_bw: 332 kbps
   t=51s | buffer: 1.2s | bitrate: 100 kbps | tp: 0 kbps | trace_bw: 495 kbps
   t=61s | buffer: 3.1s | bitrate: 100 kbps | tp: 0 kbps | trace_bw: 355 kbps
   t=72s | buffer: 2.6s | bitrate: 100 kbps | tp: 0 kbps | trace_bw: 374 kbps
   t=82s | buffer: 2.6s | bitrate: 100 kbps | tp: 0 kbps | trace_bw: 479 kbps
   t=92s | buffer: 2.2s | bitrate: 100 kbps | tp: 0 kbps | trace_bw: 432 kbps
   t=102s | buffer: 2.2s | bitrate: 100 kbps | tp: 0 kbps | trace_bw: 435 kbps
   t=113s | buffer: 1.8s | bitrate: 100 kbps | tp: 0 kbps | trace_bw: 428 kbps

======================================================================
  BENCHMARK RESULTS (LLDASH-GPAC / dash.js / BOLA)
======================================================================

  [TIMING]
      Startup delay:     1,083 ms
      Playback time:     114.0 s

  [BITRATE]
      Average (selected):  150 kbps
      Average (effective): 141 kbps
      Min / Max:           100 / 200 kbps
      Median:              200 kbps
      Std deviation:       50.0 kbps
      Variance:            2,500.0
      25th/75th %ile:      100 / 200 kbps

  [SWITCHES]
      Total count:       11
      Up / Down:         5 / 6
      Avg magnitude:     100 kbps

  [REBUFFERING]
      Events:            3
      Total time:        7,205 ms
      Ratio:             5.9452%
      Frequency:         1.579 per minute
      Avg duration:      2,402 ms
      Max duration:      5,839 ms

  [THROUGHPUT]
      Average:           0 kbps
      Median:            0 kbps
      Min / Max:         0 / 0 kbps
      Std deviation:     0.0 kbps

  [AVAILABLE BW (trace)]
      Average:           480 kbps
      Min / Max:         29 / 1,547 kbps

  [BUFFER]
      Average level:     2.0 s
      Min / Max:         0.1 / 3.5 s

  [UTILIZATION]
      Bandwidth:         34.6%

======================================================================

[SAVED] results/run_all_20260607_000000/lldash-gpac_puffer/benchmark_lldash-gpac_puffer_016_fox_tc_20260607_222542.json

──────────────────────────────────────────────────────────────────────
  [18/150] puffer_017_nbc_tc.csv
──────────────────────────────────────────────────────────────────────
[TRACE] puffer_017_nbc_tc.csv
[LLDASH-GPAC] Trace file ready; gpac_server uses in-process bandwidth pacing.

======================================================================
  LLDASH-GPAC Streaming QoE Benchmark (dash.js / BOLA)
======================================================================
  Server: http://localhost:8082/player.html?mpd=http://localhost:8082/manifest.mpd
======================================================================

[TRACE] Loaded 113 entries with bandwidth
[BROWSER] Launching headless Chromium...
[BROWSER] Waiting for playback to start...
   Startup delay: 200ms

[PLAYBACK] Collecting metrics...
   t=10s | buffer: 2.0s | bitrate: 800 kbps | tp: 0 kbps | trace_bw: 5283 kbps
   t=20s | buffer: 0.1s | bitrate: 800 kbps | tp: 0 kbps | trace_bw: 5624 kbps
   t=31s | buffer: 2.9s | bitrate: 200 kbps | tp: 0 kbps | trace_bw: 3804 kbps
   t=41s | buffer: 0.1s | bitrate: 400 kbps | tp: 0 kbps | trace_bw: 859 kbps
   t=51s | buffer: 3.4s | bitrate: 100 kbps | tp: 0 kbps | trace_bw: 1945 kbps
   t=61s | buffer: 1.0s | bitrate: 200 kbps | tp: 0 kbps | trace_bw: 3816 kbps
   t=72s | buffer: 3.6s | bitrate: 200 kbps | tp: 0 kbps | trace_bw: 4916 kbps
   t=82s | buffer: 0.1s | bitrate: 200 kbps | tp: 0 kbps | trace_bw: 36 kbps
   t=92s | buffer: 2.1s | bitrate: 100 kbps | tp: 0 kbps | trace_bw: 80 kbps
   t=102s | buffer: 2.0s | bitrate: 100 kbps | tp: 0 kbps | trace_bw: 713 kbps
   t=113s | buffer: 0.1s | bitrate: 100 kbps | tp: 0 kbps | trace_bw: 34 kbps

======================================================================
  BENCHMARK RESULTS (LLDASH-GPAC / dash.js / BOLA)
======================================================================

  [TIMING]
      Startup delay:     200 ms
      Playback time:     77.2 s

  [BITRATE]
      Average (selected):  891 kbps
      Average (effective): 572 kbps
      Min / Max:           100 / 4,500 kbps
      Median:              400 kbps
      Std deviation:       1,210.1 kbps
      Variance:            1,464,462.8
      25th/75th %ile:      200 / 800 kbps

  [SWITCHES]
      Total count:       10
      Up / Down:         4 / 6
      Avg magnitude:     720 kbps

  [REBUFFERING]
      Events:            13
      Total time:        43,098 ms
      Ratio:             35.8233%
      Frequency:         10.102 per minute
      Avg duration:      3,315 ms
      Max duration:      14,941 ms

  [THROUGHPUT]
      Average:           0 kbps
      Median:            0 kbps
      Min / Max:         0 / 0 kbps
      Std deviation:     0.0 kbps

  [AVAILABLE BW (trace)]
      Average:           2,125 kbps
      Min / Max:         9 / 6,714 kbps

  [BUFFER]
      Average level:     1.3 s
      Min / Max:         0.1 / 3.6 s

  [UTILIZATION]
      Bandwidth:         103.7%

======================================================================

[SAVED] results/run_all_20260607_000000/lldash-gpac_puffer/benchmark_lldash-gpac_puffer_017_nbc_tc_20260607_222747.json

──────────────────────────────────────────────────────────────────────
  [19/150] puffer_018_univision_tc.csv
──────────────────────────────────────────────────────────────────────
[TRACE] puffer_018_univision_tc.csv
[LLDASH-GPAC] Trace file ready; gpac_server uses in-process bandwidth pacing.

======================================================================
  LLDASH-GPAC Streaming QoE Benchmark (dash.js / BOLA)
======================================================================
  Server: http://localhost:8082/player.html?mpd=http://localhost:8082/manifest.mpd
======================================================================

[TRACE] Loaded 119 entries with bandwidth
[BROWSER] Launching headless Chromium...
[BROWSER] Waiting for playback to start...
   Startup delay: 588ms

[PLAYBACK] Collecting metrics...
   t=10s | buffer: 0.7s | bitrate: 200 kbps | tp: 0 kbps | trace_bw: 736 kbps
   t=20s | buffer: 2.6s | bitrate: 200 kbps | tp: 0 kbps | trace_bw: 724 kbps
   t=31s | buffer: 1.0s | bitrate: 200 kbps | tp: 0 kbps | trace_bw: 663 kbps
   t=41s | buffer: 2.6s | bitrate: 100 kbps | tp: 0 kbps | trace_bw: 411 kbps
   t=51s | buffer: 2.5s | bitrate: 100 kbps | tp: 0 kbps | trace_bw: 411 kbps
   t=61s | buffer: 2.2s | bitrate: 100 kbps | tp: 0 kbps | trace_bw: 413 kbps
   t=72s | buffer: 2.0s | bitrate: 100 kbps | tp: 0 kbps | trace_bw: 418 kbps
   t=82s | buffer: 1.7s | bitrate: 100 kbps | tp: 0 kbps | trace_bw: 418 kbps
   t=92s | buffer: 3.5s | bitrate: 100 kbps | tp: 0 kbps | trace_bw: 451 kbps
   t=102s | buffer: 3.3s | bitrate: 100 kbps | tp: 0 kbps | trace_bw: 451 kbps
   t=113s | buffer: 3.2s | bitrate: 100 kbps | tp: 0 kbps | trace_bw: 451 kbps

======================================================================
  BENCHMARK RESULTS (LLDASH-GPAC / dash.js / BOLA)
======================================================================

  [TIMING]
      Startup delay:     588 ms
      Playback time:     118.6 s

  [BITRATE]
      Average (selected):  229 kbps
      Average (effective): 225 kbps
      Min / Max:           100 / 400 kbps
      Median:              200 kbps
      Std deviation:       116.1 kbps
      Variance:            13,469.4
      25th/75th %ile:      100 / 400 kbps

  [SWITCHES]
      Total count:       6
      Up / Down:         2 / 4
      Avg magnitude:     150 kbps

  [REBUFFERING]
      Events:            5
      Total time:        2,020 ms
      Ratio:             1.6749%
      Frequency:         2.530 per minute
      Avg duration:      404 ms
      Max duration:      566 ms

  [THROUGHPUT]
      Average:           0 kbps
      Median:            0 kbps
      Min / Max:         0 / 0 kbps
      Std deviation:     0.0 kbps

  [AVAILABLE BW (trace)]
      Average:           502 kbps
      Min / Max:         269 / 736 kbps

  [BUFFER]
      Average level:     2.0 s
      Min / Max:         0.1 / 3.5 s

  [UTILIZATION]
      Bandwidth:         50.7%

======================================================================

[SAVED] results/run_all_20260607_000000/lldash-gpac_puffer/benchmark_lldash-gpac_puffer_018_univision_tc_20260607_222951.json

──────────────────────────────────────────────────────────────────────
  [20/150] puffer_019_abc_tc.csv
──────────────────────────────────────────────────────────────────────
[TRACE] puffer_019_abc_tc.csv
[LLDASH-GPAC] Trace file ready; gpac_server uses in-process bandwidth pacing.

======================================================================
  LLDASH-GPAC Streaming QoE Benchmark (dash.js / BOLA)
======================================================================
  Server: http://localhost:8082/player.html?mpd=http://localhost:8082/manifest.mpd
======================================================================

[TRACE] Loaded 50 entries with bandwidth
[BROWSER] Launching headless Chromium...
[BROWSER] Waiting for playback to start...
   Startup delay: 1072ms

[PLAYBACK] Collecting metrics...
   t=10s | buffer: 3.1s | bitrate: 100 kbps | tp: 0 kbps | trace_bw: 540 kbps
   t=20s | buffer: 2.8s | bitrate: 100 kbps | tp: 0 kbps | trace_bw: 499 kbps
   t=31s | buffer: 2.6s | bitrate: 100 kbps | tp: 0 kbps | trace_bw: 419 kbps
   t=41s | buffer: 2.6s | bitrate: 100 kbps | tp: 0 kbps | trace_bw: 489 kbps
   t=51s | buffer: 2.3s | bitrate: 100 kbps | tp: 0 kbps | trace_bw: 406 kbps
   t=61s | buffer: 2.2s | bitrate: 100 kbps | tp: 0 kbps | trace_bw: 451 kbps
   t=72s | buffer: 1.8s | bitrate: 100 kbps | tp: 0 kbps | trace_bw: 497 kbps
   t=82s | buffer: 1.7s | bitrate: 100 kbps | tp: 0 kbps | trace_bw: 448 kbps
   t=92s | buffer: 1.8s | bitrate: 100 kbps | tp: 0 kbps | trace_bw: 467 kbps
   t=102s | buffer: 1.7s | bitrate: 100 kbps | tp: 0 kbps | trace_bw: 513 kbps
   t=113s | buffer: 1.8s | bitrate: 100 kbps | tp: 0 kbps | trace_bw: 513 kbps

======================================================================
  BENCHMARK RESULTS (LLDASH-GPAC / dash.js / BOLA)
======================================================================

  [TIMING]
      Startup delay:     1,072 ms
      Playback time:     115.9 s

  [BITRATE]
      Average (selected):  150 kbps
      Average (effective): 143 kbps
      Min / Max:           100 / 200 kbps
      Median:              200 kbps
      Std deviation:       50.0 kbps
      Variance:            2,500.0
      25th/75th %ile:      100 / 200 kbps

  [SWITCHES]
      Total count:       3
      Up / Down:         1 / 2
      Avg magnitude:     100 kbps

  [REBUFFERING]
      Events:            6
      Total time:        5,255 ms
      Ratio:             4.3389%
      Frequency:         3.107 per minute
      Avg duration:      876 ms
      Max duration:      2,773 ms

  [THROUGHPUT]
      Average:           0 kbps
      Median:            0 kbps
      Min / Max:         0 / 0 kbps
      Std deviation:     0.0 kbps

  [AVAILABLE BW (trace)]
      Average:           457 kbps
      Min / Max:         97 / 661 kbps

  [BUFFER]
      Average level:     2.0 s
      Min / Max:         0.1 / 3.4 s

  [UTILIZATION]
      Bandwidth:         30.6%

======================================================================

[SAVED] results/run_all_20260607_000000/lldash-gpac_puffer/benchmark_lldash-gpac_puffer_019_abc_tc_20260607_223155.json

──────────────────────────────────────────────────────────────────────
  [21/150] puffer_020_fox_tc.csv
──────────────────────────────────────────────────────────────────────
[TRACE] puffer_020_fox_tc.csv
[LLDASH-GPAC] Trace file ready; gpac_server uses in-process bandwidth pacing.

======================================================================
  LLDASH-GPAC Streaming QoE Benchmark (dash.js / BOLA)
======================================================================
  Server: http://localhost:8082/player.html?mpd=http://localhost:8082/manifest.mpd
======================================================================

[TRACE] Loaded 131 entries with bandwidth
[BROWSER] Launching headless Chromium...
[BROWSER] Waiting for playback to start...
   Startup delay: 484ms

[PLAYBACK] Collecting metrics...
   t=10s | buffer: 0.1s | bitrate: 600 kbps | tp: 0 kbps | trace_bw: 235 kbps
   t=20s | buffer: 2.7s | bitrate: 100 kbps | tp: 0 kbps | trace_bw: 313 kbps
   t=31s | buffer: 1.3s | bitrate: 100 kbps | tp: 0 kbps | trace_bw: 189 kbps
   t=41s | buffer: 0.1s | bitrate: 200 kbps | tp: 0 kbps | trace_bw: 71 kbps
   t=51s | buffer: 2.7s | bitrate: 100 kbps | tp: 0 kbps | trace_bw: 864 kbps
   t=61s | buffer: 2.7s | bitrate: 200 kbps | tp: 0 kbps | trace_bw: 1383 kbps
   t=72s | buffer: 2.3s | bitrate: 200 kbps | tp: 0 kbps | trace_bw: 316 kbps
   t=82s | buffer: 2.2s | bitrate: 200 kbps | tp: 0 kbps | trace_bw: 914 kbps
   t=92s | buffer: 1.8s | bitrate: 200 kbps | tp: 0 kbps | trace_bw: 1006 kbps
   t=102s | buffer: 1.7s | bitrate: 200 kbps | tp: 0 kbps | trace_bw: 1128 kbps
   t=112s | buffer: 2.6s | bitrate: 200 kbps | tp: 0 kbps | trace_bw: 440 kbps

======================================================================
  BENCHMARK RESULTS (LLDASH-GPAC / dash.js / BOLA)
======================================================================

  [TIMING]
      Startup delay:     484 ms
      Playback time:     105.1 s

  [BITRATE]
      Average (selected):  200 kbps
      Average (effective): 174 kbps
      Min / Max:           100 / 600 kbps
      Median:              200 kbps
      Std deviation:       158.1 kbps
      Variance:            25,000.0
      25th/75th %ile:      100 / 200 kbps

  [SWITCHES]
      Total count:       7
      Up / Down:         3 / 4
      Avg magnitude:     157 kbps

  [REBUFFERING]
      Events:            5
      Total time:        15,425 ms
      Ratio:             12.7977%
      Frequency:         2.854 per minute
      Avg duration:      3,085 ms
      Max duration:      9,191 ms

  [THROUGHPUT]
      Average:           0 kbps
      Median:            0 kbps
      Min / Max:         0 / 0 kbps
      Std deviation:     0.0 kbps

  [AVAILABLE BW (trace)]
      Average:           671 kbps
      Min / Max:         50 / 1,539 kbps

  [BUFFER]
      Average level:     1.9 s
      Min / Max:         0.1 / 3.5 s

  [UTILIZATION]
      Bandwidth:         33.5%

======================================================================

[SAVED] results/run_all_20260607_000000/lldash-gpac_puffer/benchmark_lldash-gpac_puffer_020_fox_tc_20260607_223400.json

──────────────────────────────────────────────────────────────────────
  [22/150] puffer_021_univision_tc.csv
──────────────────────────────────────────────────────────────────────
[TRACE] puffer_021_univision_tc.csv
[LLDASH-GPAC] Trace file ready; gpac_server uses in-process bandwidth pacing.

======================================================================
  LLDASH-GPAC Streaming QoE Benchmark (dash.js / BOLA)
======================================================================
  Server: http://localhost:8082/player.html?mpd=http://localhost:8082/manifest.mpd
======================================================================

[TRACE] Loaded 78 entries with bandwidth
[BROWSER] Launching headless Chromium...
[BROWSER] Waiting for playback to start...
   Startup delay: 185ms

[PLAYBACK] Collecting metrics...
   t=10s | buffer: 0.1s | bitrate: 4500 kbps | tp: 0 kbps | trace_bw: 546 kbps
   t=20s | buffer: 0.8s | bitrate: 200 kbps | tp: 0 kbps | trace_bw: 558 kbps
   t=31s | buffer: 2.7s | bitrate: 200 kbps | tp: 0 kbps | trace_bw: 558 kbps
   t=41s | buffer: 2.3s | bitrate: 100 kbps | tp: 0 kbps | trace_bw: 558 kbps
   t=51s | buffer: 2.3s | bitrate: 200 kbps | tp: 0 kbps | trace_bw: 558 kbps
   t=61s | buffer: 1.9s | bitrate: 200 kbps | tp: 0 kbps | trace_bw: 558 kbps
   t=72s | buffer: 1.8s | bitrate: 200 kbps | tp: 0 kbps | trace_bw: 558 kbps
   t=82s | buffer: 1.4s | bitrate: 400 kbps | tp: 0 kbps | trace_bw: 558 kbps
   t=92s | buffer: 1.3s | bitrate: 200 kbps | tp: 0 kbps | trace_bw: 558 kbps
   t=102s | buffer: 3.0s | bitrate: 100 kbps | tp: 0 kbps | trace_bw: 558 kbps
   t=112s | buffer: 2.9s | bitrate: 100 kbps | tp: 0 kbps | trace_bw: 558 kbps

======================================================================
  BENCHMARK RESULTS (LLDASH-GPAC / dash.js / BOLA)
======================================================================

  [TIMING]
      Startup delay:     185 ms
      Playback time:     105.0 s

  [BITRATE]
      Average (selected):  640 kbps
      Average (effective): 559 kbps
      Min / Max:           100 / 4,500 kbps
      Median:              200 kbps
      Std deviation:       1,290.9 kbps
      Variance:            1,666,400.0
      25th/75th %ile:      100 / 400 kbps

  [SWITCHES]
      Total count:       9
      Up / Down:         3 / 6
      Avg magnitude:     578 kbps

  [REBUFFERING]
      Events:            3
      Total time:        15,208 ms
      Ratio:             12.6534%
      Frequency:         1.715 per minute
      Avg duration:      5,069 ms
      Max duration:      14,887 ms

  [THROUGHPUT]
      Average:           0 kbps
      Median:            0 kbps
      Min / Max:         0 / 0 kbps
      Std deviation:     0.0 kbps

  [AVAILABLE BW (trace)]
      Average:           589 kbps
      Min / Max:         370 / 5,338 kbps

  [BUFFER]
      Average level:     1.8 s
      Min / Max:         0.1 / 3.7 s

  [UTILIZATION]
      Bandwidth:         114.7%

======================================================================

[SAVED] results/run_all_20260607_000000/lldash-gpac_puffer/benchmark_lldash-gpac_puffer_021_univision_tc_20260607_223604.json

──────────────────────────────────────────────────────────────────────
  [23/150] puffer_022_fox_tc.csv
──────────────────────────────────────────────────────────────────────
[TRACE] puffer_022_fox_tc.csv
[LLDASH-GPAC] Trace file ready; gpac_server uses in-process bandwidth pacing.

======================================================================
  LLDASH-GPAC Streaming QoE Benchmark (dash.js / BOLA)
======================================================================
  Server: http://localhost:8082/player.html?mpd=http://localhost:8082/manifest.mpd
======================================================================

[TRACE] Loaded 88 entries with bandwidth
[BROWSER] Launching headless Chromium...
[BROWSER] Waiting for playback to start...
   Startup delay: 503ms

[PLAYBACK] Collecting metrics...
   t=10s | buffer: 3.0s | bitrate: 800 kbps | tp: 0 kbps | trace_bw: 3813 kbps
   t=20s | buffer: 2.8s | bitrate: 800 kbps | tp: 0 kbps | trace_bw: 1684 kbps
   t=31s | buffer: 0.1s | bitrate: 800 kbps | tp: 0 kbps | trace_bw: 870 kbps
   t=41s | buffer: 0.1s | bitrate: 800 kbps | tp: 0 kbps | trace_bw: 179 kbps
   t=51s | buffer: 0.1s | bitrate: 800 kbps | tp: 0 kbps | trace_bw: 93 kbps
   t=61s | buffer: 2.0s | bitrate: 100 kbps | tp: 0 kbps | trace_bw: 622 kbps
   t=72s | buffer: 1.9s | bitrate: 100 kbps | tp: 0 kbps | trace_bw: 798 kbps
   t=82s | buffer: 1.5s | bitrate: 100 kbps | tp: 0 kbps | trace_bw: 924 kbps
   t=92s | buffer: 1.4s | bitrate: 200 kbps | tp: 0 kbps | trace_bw: 140 kbps
   t=102s | buffer: 0.8s | bitrate: 100 kbps | tp: 0 kbps | trace_bw: 131 kbps
   t=113s | buffer: 1.8s | bitrate: 100 kbps | tp: 0 kbps | trace_bw: 250 kbps

======================================================================
  BENCHMARK RESULTS (LLDASH-GPAC / dash.js / BOLA)
======================================================================

  [TIMING]
      Startup delay:     503 ms
      Playback time:     87.1 s

  [BITRATE]
      Average (selected):  367 kbps
      Average (effective): 265 kbps
      Min / Max:           100 / 800 kbps
      Median:              200 kbps
      Std deviation:       278.9 kbps
      Variance:            77,777.8
      25th/75th %ile:      100 / 600 kbps

  [SWITCHES]
      Total count:       8
      Up / Down:         5 / 3
      Avg magnitude:     362 kbps

  [REBUFFERING]
      Events:            11
      Total time:        33,506 ms
      Ratio:             27.7923%
      Frequency:         7.582 per minute
      Avg duration:      3,046 ms
      Max duration:      26,308 ms

  [THROUGHPUT]
      Average:           0 kbps
      Median:            0 kbps
      Min / Max:         0 / 0 kbps
      Std deviation:     0.0 kbps

  [AVAILABLE BW (trace)]
      Average:           963 kbps
      Min / Max:         30 / 4,629 kbps

  [BUFFER]
      Average level:     1.5 s
      Min / Max:         0.1 / 3.5 s

  [UTILIZATION]
      Bandwidth:         72.5%

======================================================================

[SAVED] results/run_all_20260607_000000/lldash-gpac_puffer/benchmark_lldash-gpac_puffer_022_fox_tc_20260607_223808.json

──────────────────────────────────────────────────────────────────────
  [24/150] puffer_023_abc_tc.csv
──────────────────────────────────────────────────────────────────────
[TRACE] puffer_023_abc_tc.csv
[LLDASH-GPAC] Trace file ready; gpac_server uses in-process bandwidth pacing.

======================================================================
  LLDASH-GPAC Streaming QoE Benchmark (dash.js / BOLA)
======================================================================
  Server: http://localhost:8082/player.html?mpd=http://localhost:8082/manifest.mpd
======================================================================

[TRACE] Loaded 158 entries with bandwidth
[BROWSER] Launching headless Chromium...
[BROWSER] Waiting for playback to start...
   Startup delay: 903ms

[PLAYBACK] Collecting metrics...
   t=10s | buffer: 0.1s | bitrate: 600 kbps | tp: 0 kbps | trace_bw: 244 kbps
   t=20s | buffer: 0.1s | bitrate: 600 kbps | tp: 0 kbps | trace_bw: 1716 kbps
   t=31s | buffer: 2.1s | bitrate: 600 kbps | tp: 0 kbps | trace_bw: 737 kbps
   t=41s | buffer: 0.1s | bitrate: 100 kbps | tp: 0 kbps | trace_bw: 30 kbps
   t=51s | buffer: 2.8s | bitrate: 100 kbps | tp: 0 kbps | trace_bw: 1784 kbps
   t=61s | buffer: 0.7s | bitrate: 100 kbps | tp: 0 kbps | trace_bw: 195 kbps
   t=72s | buffer: 2.3s | bitrate: 100 kbps | tp: 0 kbps | trace_bw: 216 kbps
   t=82s | buffer: 2.5s | bitrate: 100 kbps | tp: 0 kbps | trace_bw: 31 kbps
   t=92s | buffer: 2.9s | bitrate: 100 kbps | tp: 0 kbps | trace_bw: 583 kbps
   t=102s | buffer: 0.6s | bitrate: 100 kbps | tp: 0 kbps | trace_bw: 24 kbps
   t=113s | buffer: 3.0s | bitrate: 100 kbps | tp: 0 kbps | trace_bw: 203 kbps

======================================================================
  BENCHMARK RESULTS (LLDASH-GPAC / dash.js / BOLA)
======================================================================

  [TIMING]
      Startup delay:     903 ms
      Playback time:     92.7 s

  [BITRATE]
      Average (selected):  314 kbps
      Average (effective): 241 kbps
      Min / Max:           100 / 800 kbps
      Median:              200 kbps
      Std deviation:       253.1 kbps
      Variance:            64,081.6
      25th/75th %ile:      100 / 600 kbps

  [SWITCHES]
      Total count:       6
      Up / Down:         3 / 3
      Avg magnitude:     267 kbps

  [REBUFFERING]
      Events:            7
      Total time:        28,230 ms
      Ratio:             23.3370%
      Frequency:         4.529 per minute
      Avg duration:      4,033 ms
      Max duration:      20,944 ms

  [THROUGHPUT]
      Average:           0 kbps
      Median:            0 kbps
      Min / Max:         0 / 0 kbps
      Std deviation:     0.0 kbps

  [AVAILABLE BW (trace)]
      Average:           2,138 kbps
      Min / Max:         11 / 20,562 kbps

  [BUFFER]
      Average level:     1.6 s
      Min / Max:         0.1 / 3.5 s

  [UTILIZATION]
      Bandwidth:         67.9%

======================================================================

[SAVED] results/run_all_20260607_000000/lldash-gpac_puffer/benchmark_lldash-gpac_puffer_023_abc_tc_20260607_224012.json

──────────────────────────────────────────────────────────────────────
  [25/150] puffer_024_univision_tc.csv
──────────────────────────────────────────────────────────────────────
[TRACE] puffer_024_univision_tc.csv
[LLDASH-GPAC] Trace file ready; gpac_server uses in-process bandwidth pacing.

======================================================================
  LLDASH-GPAC Streaming QoE Benchmark (dash.js / BOLA)
======================================================================
  Server: http://localhost:8082/player.html?mpd=http://localhost:8082/manifest.mpd
======================================================================

[TRACE] Loaded 147 entries with bandwidth
[BROWSER] Launching headless Chromium...
[BROWSER] Waiting for playback to start...
   Startup delay: 376ms

[PLAYBACK] Collecting metrics...
   t=10s | buffer: 1.7s | bitrate: 400 kbps | tp: 0 kbps | trace_bw: 794 kbps
   t=20s | buffer: 2.8s | bitrate: 200 kbps | tp: 0 kbps | trace_bw: 845 kbps
   t=31s | buffer: 2.4s | bitrate: 200 kbps | tp: 0 kbps | trace_bw: 362 kbps
   t=41s | buffer: 2.8s | bitrate: 200 kbps | tp: 0 kbps | trace_bw: 771 kbps
   t=51s | buffer: 0.4s | bitrate: 200 kbps | tp: 0 kbps | trace_bw: 476 kbps
   t=61s | buffer: 2.4s | bitrate: 200 kbps | tp: 0 kbps | trace_bw: 331 kbps
   t=72s | buffer: 2.0s | bitrate: 200 kbps | tp: 0 kbps | trace_bw: 411 kbps
   t=82s | buffer: 0.1s | bitrate: 200 kbps | tp: 0 kbps | trace_bw: 347 kbps
   t=92s | buffer: 2.2s | bitrate: 200 kbps | tp: 0 kbps | trace_bw: 715 kbps
   t=102s | buffer: 2.1s | bitrate: 200 kbps | tp: 0 kbps | trace_bw: 755 kbps
   t=112s | buffer: 1.7s | bitrate: 400 kbps | tp: 0 kbps | trace_bw: 807 kbps

======================================================================
  BENCHMARK RESULTS (LLDASH-GPAC / dash.js / BOLA)
======================================================================

  [TIMING]
      Startup delay:     376 ms
      Playback time:     116.0 s

  [BITRATE]
      Average (selected):  342 kbps
      Average (effective): 329 kbps
      Min / Max:           100 / 800 kbps
      Median:              200 kbps
      Std deviation:       249.9 kbps
      Variance:            62,430.6
      25th/75th %ile:      200 / 600 kbps

  [SWITCHES]
      Total count:       11
      Up / Down:         6 / 5
      Avg magnitude:     218 kbps

  [REBUFFERING]
      Events:            9
      Total time:        4,335 ms
      Ratio:             3.6012%
      Frequency:         4.653 per minute
      Avg duration:      482 ms
      Max duration:      1,166 ms

  [THROUGHPUT]
      Average:           0 kbps
      Median:            0 kbps
      Min / Max:         0 / 0 kbps
      Std deviation:     0.0 kbps

  [AVAILABLE BW (trace)]
      Average:           700 kbps
      Min / Max:         261 / 1,881 kbps

  [BUFFER]
      Average level:     1.8 s
      Min / Max:         0.1 / 3.4 s

  [UTILIZATION]
      Bandwidth:         49.7%

======================================================================

[SAVED] results/run_all_20260607_000000/lldash-gpac_puffer/benchmark_lldash-gpac_puffer_024_univision_tc_20260607_224216.json

──────────────────────────────────────────────────────────────────────
  [26/150] puffer_025_pbs_tc.csv
──────────────────────────────────────────────────────────────────────
[TRACE] puffer_025_pbs_tc.csv
[LLDASH-GPAC] Trace file ready; gpac_server uses in-process bandwidth pacing.

======================================================================
  LLDASH-GPAC Streaming QoE Benchmark (dash.js / BOLA)
======================================================================
  Server: http://localhost:8082/player.html?mpd=http://localhost:8082/manifest.mpd
======================================================================

[TRACE] Loaded 150 entries with bandwidth
[BROWSER] Launching headless Chromium...
[BROWSER] Waiting for playback to start...
   Startup delay: 328ms

[PLAYBACK] Collecting metrics...
   t=10s | buffer: 0.1s | bitrate: 400 kbps | tp: 0 kbps | trace_bw: 817 kbps
   t=20s | buffer: 0.1s | bitrate: 200 kbps | tp: 0 kbps | trace_bw: 112 kbps
   t=31s | buffer: 1.3s | bitrate: 100 kbps | tp: 0 kbps | trace_bw: 894 kbps
   t=41s | buffer: 2.9s | bitrate: 100 kbps | tp: 0 kbps | trace_bw: 627 kbps
   t=51s | buffer: 3.1s | bitrate: 100 kbps | tp: 0 kbps | trace_bw: 986 kbps
   t=61s | buffer: 2.3s | bitrate: 100 kbps | tp: 0 kbps | trace_bw: 700 kbps
   t=72s | buffer: 2.0s | bitrate: 100 kbps | tp: 0 kbps | trace_bw: 1261 kbps
   t=82s | buffer: 1.9s | bitrate: 200 kbps | tp: 0 kbps | trace_bw: 1163 kbps
   t=92s | buffer: 1.5s | bitrate: 200 kbps | tp: 0 kbps | trace_bw: 523 kbps
   t=102s | buffer: 0.1s | bitrate: 200 kbps | tp: 0 kbps | trace_bw: 690 kbps
   t=113s | buffer: 2.7s | bitrate: 100 kbps | tp: 0 kbps | trace_bw: 498 kbps

======================================================================
  BENCHMARK RESULTS (LLDASH-GPAC / dash.js / BOLA)
======================================================================

  [TIMING]
      Startup delay:     328 ms
      Playback time:     101.2 s

  [BITRATE]
      Average (selected):  291 kbps
      Average (effective): 244 kbps
      Min / Max:           100 / 800 kbps
      Median:              200 kbps
      Std deviation:       223.4 kbps
      Variance:            49,917.4
      25th/75th %ile:      100 / 400 kbps

  [SWITCHES]
      Total count:       10
      Up / Down:         4 / 6
      Avg magnitude:     210 kbps

  [REBUFFERING]
      Events:            9
      Total time:        19,286 ms
      Ratio:             16.0081%
      Frequency:         5.336 per minute
      Avg duration:      2,143 ms
      Max duration:      9,485 ms

  [THROUGHPUT]
      Average:           0 kbps
      Median:            0 kbps
      Min / Max:         0 / 0 kbps
      Std deviation:     0.0 kbps

  [AVAILABLE BW (trace)]
      Average:           684 kbps
      Min / Max:         6 / 1,722 kbps

  [BUFFER]
      Average level:     1.8 s
      Min / Max:         0.1 / 3.6 s

  [UTILIZATION]
      Bandwidth:         41.6%

======================================================================

[SAVED] results/run_all_20260607_000000/lldash-gpac_puffer/benchmark_lldash-gpac_puffer_025_pbs_tc_20260607_224420.json

──────────────────────────────────────────────────────────────────────
  [27/150] puffer_026_univision_tc.csv
──────────────────────────────────────────────────────────────────────
[TRACE] puffer_026_univision_tc.csv
[LLDASH-GPAC] Trace file ready; gpac_server uses in-process bandwidth pacing.

======================================================================
  LLDASH-GPAC Streaming QoE Benchmark (dash.js / BOLA)
======================================================================
  Server: http://localhost:8082/player.html?mpd=http://localhost:8082/manifest.mpd
======================================================================

[TRACE] Loaded 103 entries with bandwidth
[BROWSER] Launching headless Chromium...
[BROWSER] Waiting for playback to start...
   Startup delay: 183ms

[PLAYBACK] Collecting metrics...
   t=10s | buffer: 0.1s | bitrate: 4500 kbps | tp: 0 kbps | trace_bw: 552 kbps
   t=20s | buffer: 1.5s | bitrate: 200 kbps | tp: 0 kbps | trace_bw: 631 kbps
   t=31s | buffer: 3.4s | bitrate: 100 kbps | tp: 0 kbps | trace_bw: 631 kbps
   t=41s | buffer: 1.1s | bitrate: 100 kbps | tp: 0 kbps | trace_bw: 631 kbps
   t=51s | buffer: 3.0s | bitrate: 100 kbps | tp: 0 kbps | trace_bw: 631 kbps
   t=61s | buffer: 2.6s | bitrate: 100 kbps | tp: 0 kbps | trace_bw: 631 kbps
   t=72s | buffer: 0.8s | bitrate: 200 kbps | tp: 0 kbps | trace_bw: 631 kbps
   t=82s | buffer: 2.5s | bitrate: 100 kbps | tp: 0 kbps | trace_bw: 631 kbps
   t=92s | buffer: 2.4s | bitrate: 100 kbps | tp: 0 kbps | trace_bw: 631 kbps
   t=102s | buffer: 2.2s | bitrate: 100 kbps | tp: 0 kbps | trace_bw: 631 kbps
   t=113s | buffer: 2.1s | bitrate: 100 kbps | tp: 0 kbps | trace_bw: 631 kbps

======================================================================
  BENCHMARK RESULTS (LLDASH-GPAC / dash.js / BOLA)
======================================================================

  [TIMING]
      Startup delay:     183 ms
      Playback time:     101.7 s

  [BITRATE]
      Average (selected):  771 kbps
      Average (effective): 653 kbps
      Min / Max:           100 / 4,500 kbps
      Median:              200 kbps
      Std deviation:       1,522.9 kbps
      Variance:            2,319,183.7
      25th/75th %ile:      100 / 200 kbps

  [SWITCHES]
      Total count:       6
      Up / Down:         3 / 3
      Avg magnitude:     817 kbps

  [REBUFFERING]
      Events:            4
      Total time:        18,498 ms
      Ratio:             15.3870%
      Frequency:         2.359 per minute
      Avg duration:      4,624 ms
      Max duration:      18,011 ms

  [THROUGHPUT]
      Average:           0 kbps
      Median:            0 kbps
      Min / Max:         0 / 0 kbps
      Std deviation:     0.0 kbps

  [AVAILABLE BW (trace)]
      Average:           642 kbps
      Min / Max:         355 / 6,394 kbps

  [BUFFER]
      Average level:     1.8 s
      Min / Max:         0.1 / 3.7 s

  [UTILIZATION]
      Bandwidth:         122.3%

======================================================================

[SAVED] results/run_all_20260607_000000/lldash-gpac_puffer/benchmark_lldash-gpac_puffer_026_univision_tc_20260607_224624.json

──────────────────────────────────────────────────────────────────────
  [28/150] puffer_027_fox_tc.csv
──────────────────────────────────────────────────────────────────────
[TRACE] puffer_027_fox_tc.csv
[LLDASH-GPAC] Trace file ready; gpac_server uses in-process bandwidth pacing.

======================================================================
  LLDASH-GPAC Streaming QoE Benchmark (dash.js / BOLA)
======================================================================
  Server: http://localhost:8082/player.html?mpd=http://localhost:8082/manifest.mpd
======================================================================

[TRACE] Loaded 149 entries with bandwidth
[BROWSER] Launching headless Chromium...
[BROWSER] Waiting for playback to start...
   Startup delay: 229ms

[PLAYBACK] Collecting metrics...
   t=10s | buffer: 0.1s | bitrate: 100 kbps | tp: 0 kbps | trace_bw: 57 kbps
   t=20s | buffer: 1.5s | bitrate: 400 kbps | tp: 0 kbps | trace_bw: 346 kbps
   t=31s | buffer: 2.6s | bitrate: 100 kbps | tp: 0 kbps | trace_bw: 2662 kbps
   t=41s | buffer: 2.5s | bitrate: 200 kbps | tp: 0 kbps | trace_bw: 1961 kbps
   t=51s | buffer: 0.1s | bitrate: 400 kbps | tp: 0 kbps | trace_bw: 397 kbps
   t=61s | buffer: 0.1s | bitrate: 200 kbps | tp: 0 kbps | trace_bw: 2256 kbps
   t=72s | buffer: 1.4s | bitrate: 100 kbps | tp: 0 kbps | trace_bw: 1683 kbps
   t=82s | buffer: 3.4s | bitrate: 100 kbps | tp: 0 kbps | trace_bw: 954 kbps
   t=92s | buffer: 1.0s | bitrate: 200 kbps | tp: 0 kbps | trace_bw: 396 kbps
   t=102s | buffer: 1.9s | bitrate: 200 kbps | tp: 0 kbps | trace_bw: 957 kbps
   t=113s | buffer: 3.2s | bitrate: 100 kbps | tp: 0 kbps | trace_bw: 574 kbps

======================================================================
  BENCHMARK RESULTS (LLDASH-GPAC / dash.js / BOLA)
======================================================================

  [TIMING]
      Startup delay:     229 ms
      Playback time:     100.6 s

  [BITRATE]
      Average (selected):  588 kbps
      Average (effective): 492 kbps
      Min / Max:           100 / 4,500 kbps
      Median:              200 kbps
      Std deviation:       1,103.9 kbps
      Variance:            1,218,593.8
      25th/75th %ile:      100 / 400 kbps

  [SWITCHES]
      Total count:       15
      Up / Down:         7 / 8
      Avg magnitude:     427 kbps

  [REBUFFERING]
      Events:            11
      Total time:        19,622 ms
      Ratio:             16.3173%
      Frequency:         6.559 per minute
      Avg duration:      1,784 ms
      Max duration:      7,159 ms

  [THROUGHPUT]
      Average:           0 kbps
      Median:            0 kbps
      Min / Max:         0 / 0 kbps
      Std deviation:     0.0 kbps

  [AVAILABLE BW (trace)]
      Average:           1,302 kbps
      Min / Max:         15 / 4,486 kbps

  [BUFFER]
      Average level:     1.8 s
      Min / Max:         0.1 / 3.6 s

  [UTILIZATION]
      Bandwidth:         56.0%

======================================================================

[SAVED] results/run_all_20260607_000000/lldash-gpac_puffer/benchmark_lldash-gpac_puffer_027_fox_tc_20260607_224828.json

──────────────────────────────────────────────────────────────────────
  [29/150] puffer_028_univision_tc.csv
──────────────────────────────────────────────────────────────────────
[TRACE] puffer_028_univision_tc.csv
[LLDASH-GPAC] Trace file ready; gpac_server uses in-process bandwidth pacing.

======================================================================
  LLDASH-GPAC Streaming QoE Benchmark (dash.js / BOLA)
======================================================================
  Server: http://localhost:8082/player.html?mpd=http://localhost:8082/manifest.mpd
======================================================================

[TRACE] Loaded 91 entries with bandwidth
[BROWSER] Launching headless Chromium...
[BROWSER] Waiting for playback to start...
   Startup delay: 612ms

[PLAYBACK] Collecting metrics...
   t=10s | buffer: 2.2s | bitrate: 200 kbps | tp: 0 kbps | trace_bw: 823 kbps
   t=20s | buffer: 2.1s | bitrate: 200 kbps | tp: 0 kbps | trace_bw: 823 kbps
   t=31s | buffer: 2.2s | bitrate: 100 kbps | tp: 0 kbps | trace_bw: 823 kbps
   t=41s | buffer: 2.1s | bitrate: 200 kbps | tp: 0 kbps | trace_bw: 823 kbps
   t=51s | buffer: 1.9s | bitrate: 200 kbps | tp: 0 kbps | trace_bw: 751 kbps
   t=61s | buffer: 1.5s | bitrate: 200 kbps | tp: 0 kbps | trace_bw: 751 kbps
   t=72s | buffer: 3.4s | bitrate: 200 kbps | tp: 0 kbps | trace_bw: 751 kbps
   t=82s | buffer: 1.1s | bitrate: 400 kbps | tp: 0 kbps | trace_bw: 751 kbps
   t=92s | buffer: 3.0s | bitrate: 200 kbps | tp: 0 kbps | trace_bw: 751 kbps
   t=102s | buffer: 0.6s | bitrate: 200 kbps | tp: 0 kbps | trace_bw: 417 kbps
   t=113s | buffer: 2.5s | bitrate: 200 kbps | tp: 0 kbps | trace_bw: 536 kbps

======================================================================
  BENCHMARK RESULTS (LLDASH-GPAC / dash.js / BOLA)
======================================================================

  [TIMING]
      Startup delay:     612 ms
      Playback time:     119.2 s

  [BITRATE]
      Average (selected):  323 kbps
      Average (effective): 319 kbps
      Min / Max:           200 / 600 kbps
      Median:              400 kbps
      Std deviation:       125.0 kbps
      Variance:            15,621.3
      25th/75th %ile:      200 / 400 kbps

  [SWITCHES]
      Total count:       12
      Up / Down:         5 / 7
      Avg magnitude:     217 kbps

  [REBUFFERING]
      Events:            8
      Total time:        1,506 ms
      Ratio:             1.2481%
      Frequency:         4.028 per minute
      Avg duration:      188 ms
      Max duration:      458 ms

  [THROUGHPUT]
      Average:           0 kbps
      Median:            0 kbps
      Min / Max:         0 / 0 kbps
      Std deviation:     0.0 kbps

  [AVAILABLE BW (trace)]
      Average:           718 kbps
      Min / Max:         282 / 823 kbps

  [BUFFER]
      Average level:     1.9 s
      Min / Max:         0.1 / 3.6 s

  [UTILIZATION]
      Bandwidth:         43.0%

======================================================================

[SAVED] results/run_all_20260607_000000/lldash-gpac_puffer/benchmark_lldash-gpac_puffer_028_univision_tc_20260607_225032.json

──────────────────────────────────────────────────────────────────────
  [30/150] puffer_029_cbs_tc.csv
──────────────────────────────────────────────────────────────────────
[TRACE] puffer_029_cbs_tc.csv
[LLDASH-GPAC] Trace file ready; gpac_server uses in-process bandwidth pacing.

======================================================================
  LLDASH-GPAC Streaming QoE Benchmark (dash.js / BOLA)
======================================================================
  Server: http://localhost:8082/player.html?mpd=http://localhost:8082/manifest.mpd
======================================================================

[TRACE] Loaded 153 entries with bandwidth
[BROWSER] Launching headless Chromium...
[BROWSER] Waiting for playback to start...
   Startup delay: 942ms

[PLAYBACK] Collecting metrics...
   t=10s | buffer: 2.1s | bitrate: 100 kbps | tp: 0 kbps | trace_bw: 703 kbps
   t=20s | buffer: 2.0s | bitrate: 200 kbps | tp: 0 kbps | trace_bw: 728 kbps
   t=31s | buffer: 1.9s | bitrate: 200 kbps | tp: 0 kbps | trace_bw: 757 kbps
   t=41s | buffer: 1.6s | bitrate: 400 kbps | tp: 0 kbps | trace_bw: 755 kbps
   t=51s | buffer: 1.5s | bitrate: 200 kbps | tp: 0 kbps | trace_bw: 725 kbps
   t=61s | buffer: 3.2s | bitrate: 200 kbps | tp: 0 kbps | trace_bw: 729 kbps
   t=72s | buffer: 3.0s | bitrate: 200 kbps | tp: 0 kbps | trace_bw: 718 kbps
   t=82s | buffer: 1.0s | bitrate: 200 kbps | tp: 0 kbps | trace_bw: 732 kbps
   t=92s | buffer: 2.6s | bitrate: 100 kbps | tp: 0 kbps | trace_bw: 746 kbps
   t=102s | buffer: 2.5s | bitrate: 100 kbps | tp: 0 kbps | trace_bw: 757 kbps
   t=112s | buffer: 2.2s | bitrate: 200 kbps | tp: 0 kbps | trace_bw: 738 kbps

======================================================================
  BENCHMARK RESULTS (LLDASH-GPAC / dash.js / BOLA)
======================================================================

  [TIMING]
      Startup delay:     942 ms
      Playback time:     119.6 s

  [BITRATE]
      Average (selected):  253 kbps
      Average (effective): 250 kbps
      Min / Max:           100 / 400 kbps
      Median:              200 kbps
      Std deviation:       114.4 kbps
      Variance:            13,079.6
      25th/75th %ile:      200 / 400 kbps

  [SWITCHES]
      Total count:       16
      Up / Down:         8 / 8
      Avg magnitude:     188 kbps

  [REBUFFERING]
      Events:            5
      Total time:        1,401 ms
      Ratio:             1.1582%
      Frequency:         2.509 per minute
      Avg duration:      280 ms
      Max duration:      783 ms

  [THROUGHPUT]
      Average:           0 kbps
      Median:            0 kbps
      Min / Max:         0 / 0 kbps
      Std deviation:     0.0 kbps

  [AVAILABLE BW (trace)]
      Average:           740 kbps
      Min / Max:         91 / 793 kbps

  [BUFFER]
      Average level:     2.1 s
      Min / Max:         0.1 / 3.6 s

  [UTILIZATION]
      Bandwidth:         33.6%

======================================================================

[SAVED] results/run_all_20260607_000000/lldash-gpac_puffer/benchmark_lldash-gpac_puffer_029_cbs_tc_20260607_225236.json

──────────────────────────────────────────────────────────────────────
  [31/150] puffer_030_fox_tc.csv
──────────────────────────────────────────────────────────────────────
[TRACE] puffer_030_fox_tc.csv
[LLDASH-GPAC] Trace file ready; gpac_server uses in-process bandwidth pacing.

======================================================================
  LLDASH-GPAC Streaming QoE Benchmark (dash.js / BOLA)
======================================================================
  Server: http://localhost:8082/player.html?mpd=http://localhost:8082/manifest.mpd
======================================================================

[TRACE] Loaded 140 entries with bandwidth
[BROWSER] Launching headless Chromium...
[BROWSER] Waiting for playback to start...
   Startup delay: 237ms

[PLAYBACK] Collecting metrics...
   t=10s | buffer: 0.1s | bitrate: 200 kbps | tp: 0 kbps | trace_bw: 84 kbps
   t=20s | buffer: 3.1s | bitrate: 100 kbps | tp: 0 kbps | trace_bw: 2252 kbps
   t=31s | buffer: 2.9s | bitrate: 100 kbps | tp: 0 kbps | trace_bw: 8786 kbps
   t=41s | buffer: 2.8s | bitrate: 100 kbps | tp: 0 kbps | trace_bw: 8582 kbps
   t=51s | buffer: 2.4s | bitrate: 400 kbps | tp: 0 kbps | trace_bw: 3994 kbps
   t=61s | buffer: 2.3s | bitrate: 400 kbps | tp: 0 kbps | trace_bw: 2891 kbps
   t=72s | buffer: 0.1s | bitrate: 800 kbps | tp: 0 kbps | trace_bw: 740 kbps
   t=82s | buffer: 2.1s | bitrate: 800 kbps | tp: 0 kbps | trace_bw: 2306 kbps
   t=92s | buffer: 2.1s | bitrate: 800 kbps | tp: 0 kbps | trace_bw: 2206 kbps
   t=102s | buffer: 2.0s | bitrate: 200 kbps | tp: 0 kbps | trace_bw: 1854 kbps
   t=113s | buffer: 1.6s | bitrate: 400 kbps | tp: 0 kbps | trace_bw: 1810 kbps

======================================================================
  BENCHMARK RESULTS (LLDASH-GPAC / dash.js / BOLA)
======================================================================

  [TIMING]
      Startup delay:     237 ms
      Playback time:     104.1 s

  [BITRATE]
      Average (selected):  513 kbps
      Average (effective): 444 kbps
      Min / Max:           100 / 2,000 kbps
      Median:              400 kbps
      Std deviation:       503.1 kbps
      Variance:            253,155.6
      25th/75th %ile:      200 / 800 kbps

  [SWITCHES]
      Total count:       14
      Up / Down:         8 / 6
      Avg magnitude:     371 kbps

  [REBUFFERING]
      Events:            7
      Total time:        16,262 ms
      Ratio:             13.5165%
      Frequency:         4.036 per minute
      Avg duration:      2,323 ms
      Max duration:      6,351 ms

  [THROUGHPUT]
      Average:           0 kbps
      Median:            0 kbps
      Min / Max:         0 / 0 kbps
      Std deviation:     0.0 kbps

  [AVAILABLE BW (trace)]
      Average:           2,831 kbps
      Min / Max:         73 / 9,673 kbps

  [BUFFER]
      Average level:     1.9 s
      Min / Max:         0.1 / 3.9 s

  [UTILIZATION]
      Bandwidth:         22.7%

======================================================================

[SAVED] results/run_all_20260607_000000/lldash-gpac_puffer/benchmark_lldash-gpac_puffer_030_fox_tc_20260607_225441.json

──────────────────────────────────────────────────────────────────────
  [32/150] puffer_031_univision_tc.csv
──────────────────────────────────────────────────────────────────────
[TRACE] puffer_031_univision_tc.csv
[LLDASH-GPAC] Trace file ready; gpac_server uses in-process bandwidth pacing.

======================================================================
  LLDASH-GPAC Streaming QoE Benchmark (dash.js / BOLA)
======================================================================
  Server: http://localhost:8082/player.html?mpd=http://localhost:8082/manifest.mpd
======================================================================

[TRACE] Loaded 157 entries with bandwidth
[BROWSER] Launching headless Chromium...
[BROWSER] Waiting for playback to start...
   Startup delay: 167ms

[PLAYBACK] Collecting metrics...
   t=10s | buffer: 5.9s | bitrate: 4500 kbps | tp: 0 kbps | trace_bw: 47683 kbps
   t=20s | buffer: 5.6s | bitrate: 4500 kbps | tp: 0 kbps | trace_bw: 47683 kbps
   t=31s | buffer: 1.5s | bitrate: 4500 kbps | tp: 0 kbps | trace_bw: 839 kbps
   t=41s | buffer: 0.6s | bitrate: 800 kbps | tp: 0 kbps | trace_bw: 839 kbps
   t=51s | buffer: 2.4s | bitrate: 200 kbps | tp: 0 kbps | trace_bw: 839 kbps
   t=61s | buffer: 0.5s | bitrate: 200 kbps | tp: 0 kbps | trace_bw: 839 kbps
   t=72s | buffer: 2.3s | bitrate: 200 kbps | tp: 0 kbps | trace_bw: 839 kbps
   t=82s | buffer: 2.0s | bitrate: 200 kbps | tp: 0 kbps | trace_bw: 839 kbps
   t=92s | buffer: 1.9s | bitrate: 200 kbps | tp: 0 kbps | trace_bw: 839 kbps
   t=102s | buffer: 1.5s | bitrate: 200 kbps | tp: 0 kbps | trace_bw: 839 kbps
   t=113s | buffer: 1.4s | bitrate: 200 kbps | tp: 0 kbps | trace_bw: 839 kbps

======================================================================
  BENCHMARK RESULTS (LLDASH-GPAC / dash.js / BOLA)
======================================================================

  [TIMING]
      Startup delay:     167 ms
      Playback time:     112.5 s

  [BITRATE]
      Average (selected):  950 kbps
      Average (effective): 889 kbps
      Min / Max:           100 / 4,500 kbps
      Median:              600 kbps
      Std deviation:       1,358.3 kbps
      Variance:            1,845,000.0
      25th/75th %ile:      400 / 800 kbps

  [SWITCHES]
      Total count:       7
      Up / Down:         2 / 5
      Avg magnitude:     700 kbps

  [REBUFFERING]
      Events:            4
      Total time:        7,730 ms
      Ratio:             6.4308%
      Frequency:         2.134 per minute
      Avg duration:      1,932 ms
      Max duration:      7,521 ms

  [THROUGHPUT]
      Average:           0 kbps
      Median:            0 kbps
      Min / Max:         0 / 0 kbps
      Std deviation:     0.0 kbps

  [AVAILABLE BW (trace)]
      Average:           11,012 kbps
      Min / Max:         839 / 49,208 kbps

  [BUFFER]
      Average level:     2.9 s
      Min / Max:         0.1 / 7.7 s

  [UTILIZATION]
      Bandwidth:         113.2%

======================================================================

[SAVED] results/run_all_20260607_000000/lldash-gpac_puffer/benchmark_lldash-gpac_puffer_031_univision_tc_20260607_225645.json

──────────────────────────────────────────────────────────────────────
  [33/150] puffer_032_fox_tc.csv
──────────────────────────────────────────────────────────────────────
[TRACE] puffer_032_fox_tc.csv
[LLDASH-GPAC] Trace file ready; gpac_server uses in-process bandwidth pacing.

======================================================================
  LLDASH-GPAC Streaming QoE Benchmark (dash.js / BOLA)
======================================================================
  Server: http://localhost:8082/player.html?mpd=http://localhost:8082/manifest.mpd
======================================================================

[TRACE] Loaded 153 entries with bandwidth
[BROWSER] Launching headless Chromium...
[BROWSER] Waiting for playback to start...
   Startup delay: 536ms

[PLAYBACK] Collecting metrics...
   t=10s | buffer: 1.0s | bitrate: 1200 kbps | tp: 0 kbps | trace_bw: 1052 kbps
   t=20s | buffer: 1.3s | bitrate: 800 kbps | tp: 0 kbps | trace_bw: 571 kbps
   t=31s | buffer: 2.4s | bitrate: 400 kbps | tp: 0 kbps | trace_bw: 3139 kbps
   t=41s | buffer: 2.3s | bitrate: 600 kbps | tp: 0 kbps | trace_bw: 3461 kbps
   t=51s | buffer: 2.0s | bitrate: 600 kbps | tp: 0 kbps | trace_bw: 3546 kbps
   t=61s | buffer: 0.9s | bitrate: 400 kbps | tp: 0 kbps | trace_bw: 1488 kbps
   t=72s | buffer: 2.8s | bitrate: 600 kbps | tp: 0 kbps | trace_bw: 3515 kbps
   t=82s | buffer: 0.7s | bitrate: 600 kbps | tp: 0 kbps | trace_bw: 379 kbps
   t=92s | buffer: 0.7s | bitrate: 200 kbps | tp: 0 kbps | trace_bw: 546 kbps
   t=102s | buffer: 2.6s | bitrate: 200 kbps | tp: 0 kbps | trace_bw: 553 kbps
   t=112s | buffer: 0.1s | bitrate: 200 kbps | tp: 0 kbps | trace_bw: 246 kbps

======================================================================
  BENCHMARK RESULTS (LLDASH-GPAC / dash.js / BOLA)
======================================================================

  [TIMING]
      Startup delay:     536 ms
      Playback time:     111.5 s

  [BITRATE]
      Average (selected):  708 kbps
      Average (effective): 655 kbps
      Min / Max:           100 / 1,500 kbps
      Median:              800 kbps
      Std deviation:       385.1 kbps
      Variance:            148,263.9
      25th/75th %ile:      400 / 800 kbps

  [SWITCHES]
      Total count:       23
      Up / Down:         8 / 15
      Avg magnitude:     404 kbps

  [REBUFFERING]
      Events:            14
      Total time:        9,018 ms
      Ratio:             7.4807%
      Frequency:         7.531 per minute
      Avg duration:      644 ms
      Max duration:      1,553 ms

  [THROUGHPUT]
      Average:           0 kbps
      Median:            0 kbps
      Min / Max:         0 / 0 kbps
      Std deviation:     0.0 kbps

  [AVAILABLE BW (trace)]
      Average:           2,129 kbps
      Min / Max:         167 / 5,770 kbps

  [BUFFER]
      Average level:     1.6 s
      Min / Max:         0.1 / 3.5 s

  [UTILIZATION]
      Bandwidth:         47.6%

======================================================================

[SAVED] results/run_all_20260607_000000/lldash-gpac_puffer/benchmark_lldash-gpac_puffer_032_fox_tc_20260607_225848.json

──────────────────────────────────────────────────────────────────────
  [34/150] puffer_033_univision_tc.csv
──────────────────────────────────────────────────────────────────────
[TRACE] puffer_033_univision_tc.csv
[LLDASH-GPAC] Trace file ready; gpac_server uses in-process bandwidth pacing.

======================================================================
  LLDASH-GPAC Streaming QoE Benchmark (dash.js / BOLA)
======================================================================
  Server: http://localhost:8082/player.html?mpd=http://localhost:8082/manifest.mpd
======================================================================

[TRACE] Loaded 51 entries with bandwidth
[BROWSER] Launching headless Chromium...
[BROWSER] Waiting for playback to start...
   Startup delay: 188ms

[PLAYBACK] Collecting metrics...
   t=10s | buffer: 0.1s | bitrate: 3000 kbps | tp: 0 kbps | trace_bw: 1284 kbps
   t=20s | buffer: 2.4s | bitrate: 800 kbps | tp: 0 kbps | trace_bw: 1284 kbps
   t=31s | buffer: 1.2s | bitrate: 800 kbps | tp: 0 kbps | trace_bw: 940 kbps
   t=41s | buffer: 1.7s | bitrate: 400 kbps | tp: 0 kbps | trace_bw: 881 kbps
   t=51s | buffer: 1.3s | bitrate: 400 kbps | tp: 0 kbps | trace_bw: 881 kbps
   t=61s | buffer: 3.1s | bitrate: 200 kbps | tp: 0 kbps | trace_bw: 881 kbps
   t=72s | buffer: 1.0s | bitrate: 400 kbps | tp: 0 kbps | trace_bw: 881 kbps
   t=82s | buffer: 0.9s | bitrate: 200 kbps | tp: 0 kbps | trace_bw: 37 kbps
   t=92s | buffer: 2.4s | bitrate: 100 kbps | tp: 0 kbps | trace_bw: 37 kbps
   t=102s | buffer: 2.3s | bitrate: 100 kbps | tp: 0 kbps | trace_bw: 37 kbps
   t=113s | buffer: 2.0s | bitrate: 100 kbps | tp: 0 kbps | trace_bw: 37 kbps

======================================================================
  BENCHMARK RESULTS (LLDASH-GPAC / dash.js / BOLA)
======================================================================

  [TIMING]
      Startup delay:     188 ms
      Playback time:     109.8 s

  [BITRATE]
      Average (selected):  889 kbps
      Average (effective): 812 kbps
      Min / Max:           100 / 4,500 kbps
      Median:              400 kbps
      Std deviation:       1,129.9 kbps
      Variance:            1,276,731.3
      25th/75th %ile:      200 / 1,200 kbps

  [SWITCHES]
      Total count:       18
      Up / Down:         7 / 11
      Avg magnitude:     689 kbps

  [REBUFFERING]
      Events:            12
      Total time:        10,442 ms
      Ratio:             8.6842%
      Frequency:         6.557 per minute
      Avg duration:      870 ms
      Max duration:      3,343 ms

  [THROUGHPUT]
      Average:           0 kbps
      Median:            0 kbps
      Min / Max:         0 / 0 kbps
      Std deviation:     0.0 kbps

  [AVAILABLE BW (trace)]
      Average:           1,326 kbps
      Min / Max:         37 / 10,920 kbps

  [BUFFER]
      Average level:     1.7 s
      Min / Max:         0.1 / 3.6 s

  [UTILIZATION]
      Bandwidth:         101.0%

======================================================================

[SAVED] results/run_all_20260607_000000/lldash-gpac_puffer/benchmark_lldash-gpac_puffer_033_univision_tc_20260607_230053.json

──────────────────────────────────────────────────────────────────────
  [35/150] puffer_034_abc_tc.csv
──────────────────────────────────────────────────────────────────────
[TRACE] puffer_034_abc_tc.csv
[LLDASH-GPAC] Trace file ready; gpac_server uses in-process bandwidth pacing.

======================================================================
  LLDASH-GPAC Streaming QoE Benchmark (dash.js / BOLA)
======================================================================
  Server: http://localhost:8082/player.html?mpd=http://localhost:8082/manifest.mpd
======================================================================

[TRACE] Loaded 148 entries with bandwidth
[BROWSER] Launching headless Chromium...
[BROWSER] Waiting for playback to start...
   Startup delay: 292ms

[PLAYBACK] Collecting metrics...
   t=10s | buffer: 1.4s | bitrate: 200 kbps | tp: 0 kbps | trace_bw: 922 kbps
   t=20s | buffer: 1.4s | bitrate: 200 kbps | tp: 0 kbps | trace_bw: 457 kbps
   t=31s | buffer: 2.0s | bitrate: 100 kbps | tp: 0 kbps | trace_bw: 752 kbps
   t=41s | buffer: 1.6s | bitrate: 100 kbps | tp: 0 kbps | trace_bw: 151 kbps
   t=51s | buffer: 3.4s | bitrate: 200 kbps | tp: 0 kbps | trace_bw: 705 kbps
   t=61s | buffer: 0.1s | bitrate: 200 kbps | tp: 0 kbps | trace_bw: 124 kbps
   t=72s | buffer: 2.6s | bitrate: 200 kbps | tp: 0 kbps | trace_bw: 1316 kbps
   t=82s | buffer: 2.2s | bitrate: 200 kbps | tp: 0 kbps | trace_bw: 1467 kbps
   t=92s | buffer: 2.1s | bitrate: 200 kbps | tp: 0 kbps | trace_bw: 1015 kbps
   t=102s | buffer: 2.0s | bitrate: 200 kbps | tp: 0 kbps | trace_bw: 1395 kbps
   t=113s | buffer: 1.6s | bitrate: 200 kbps | tp: 0 kbps | trace_bw: 1008 kbps

======================================================================
  BENCHMARK RESULTS (LLDASH-GPAC / dash.js / BOLA)
======================================================================

  [TIMING]
      Startup delay:     292 ms
      Playback time:     110.1 s

  [BITRATE]
      Average (selected):  291 kbps
      Average (effective): 266 kbps
      Min / Max:           100 / 1,500 kbps
      Median:              200 kbps
      Std deviation:       391.9 kbps
      Variance:            153,553.7
      25th/75th %ile:      100 / 200 kbps

  [SWITCHES]
      Total count:       10
      Up / Down:         5 / 5
      Avg magnitude:     270 kbps

  [REBUFFERING]
      Events:            7
      Total time:        10,208 ms
      Ratio:             8.4837%
      Frequency:         3.814 per minute
      Avg duration:      1,458 ms
      Max duration:      3,835 ms

  [THROUGHPUT]
      Average:           0 kbps
      Median:            0 kbps
      Min / Max:         0 / 0 kbps
      Std deviation:     0.0 kbps

  [AVAILABLE BW (trace)]
      Average:           943 kbps
      Min / Max:         45 / 2,188 kbps

  [BUFFER]
      Average level:     2.0 s
      Min / Max:         0.1 / 3.6 s

  [UTILIZATION]
      Bandwidth:         36.0%

======================================================================

[SAVED] results/run_all_20260607_000000/lldash-gpac_puffer/benchmark_lldash-gpac_puffer_034_abc_tc_20260607_230256.json

──────────────────────────────────────────────────────────────────────
  [36/150] puffer_035_cbs_tc.csv
──────────────────────────────────────────────────────────────────────
[TRACE] puffer_035_cbs_tc.csv
[LLDASH-GPAC] Trace file ready; gpac_server uses in-process bandwidth pacing.

======================================================================
  LLDASH-GPAC Streaming QoE Benchmark (dash.js / BOLA)
======================================================================
  Server: http://localhost:8082/player.html?mpd=http://localhost:8082/manifest.mpd
======================================================================

[TRACE] Loaded 56 entries with bandwidth
[BROWSER] Launching headless Chromium...
[BROWSER] Waiting for playback to start...
   Startup delay: 165ms

[PLAYBACK] Collecting metrics...
   t=10s | buffer: 0.1s | bitrate: 4500 kbps | tp: 0 kbps | trace_bw: 780 kbps
   t=21s | buffer: 2.0s | bitrate: 100 kbps | tp: 0 kbps | trace_bw: 2353 kbps
   t=31s | buffer: 0.1s | bitrate: 400 kbps | tp: 0 kbps | trace_bw: 465 kbps
   t=41s | buffer: 2.0s | bitrate: 200 kbps | tp: 0 kbps | trace_bw: 467 kbps
   t=51s | buffer: 1.7s | bitrate: 100 kbps | tp: 0 kbps | trace_bw: 1346 kbps
   t=61s | buffer: 3.4s | bitrate: 100 kbps | tp: 0 kbps | trace_bw: 2737 kbps
   t=72s | buffer: 3.7s | bitrate: 100 kbps | tp: 0 kbps | trace_bw: 331 kbps
   t=82s | buffer: 1.4s | bitrate: 200 kbps | tp: 0 kbps | trace_bw: 1401 kbps
   t=92s | buffer: 2.4s | bitrate: 200 kbps | tp: 0 kbps | trace_bw: 1857 kbps
   t=102s | buffer: 2.8s | bitrate: 200 kbps | tp: 0 kbps | trace_bw: 779 kbps
   t=113s | buffer: 2.7s | bitrate: 200 kbps | tp: 0 kbps | trace_bw: 779 kbps

======================================================================
  BENCHMARK RESULTS (LLDASH-GPAC / dash.js / BOLA)
======================================================================

  [TIMING]
      Startup delay:     165 ms
      Playback time:     95.1 s

  [BITRATE]
      Average (selected):  600 kbps
      Average (effective): 474 kbps
      Min / Max:           100 / 4,500 kbps
      Median:              200 kbps
      Std deviation:       1,237.3 kbps
      Variance:            1,530,909.1
      25th/75th %ile:      100 / 400 kbps

  [SWITCHES]
      Total count:       10
      Up / Down:         5 / 5
      Avg magnitude:     570 kbps

  [REBUFFERING]
      Events:            7
      Total time:        25,163 ms
      Ratio:             20.9174%
      Frequency:         4.415 per minute
      Avg duration:      3,595 ms
      Max duration:      18,464 ms

  [THROUGHPUT]
      Average:           0 kbps
      Median:            0 kbps
      Min / Max:         0 / 0 kbps
      Std deviation:     0.0 kbps

  [AVAILABLE BW (trace)]
      Average:           1,457 kbps
      Min / Max:         114 / 23,798 kbps

  [BUFFER]
      Average level:     1.8 s
      Min / Max:         0.1 / 3.7 s

  [UTILIZATION]
      Bandwidth:         77.0%

======================================================================

[SAVED] results/run_all_20260607_000000/lldash-gpac_puffer/benchmark_lldash-gpac_puffer_035_cbs_tc_20260607_230500.json

──────────────────────────────────────────────────────────────────────
  [37/150] puffer_036_fox_tc.csv
──────────────────────────────────────────────────────────────────────
[TRACE] puffer_036_fox_tc.csv
[LLDASH-GPAC] Trace file ready; gpac_server uses in-process bandwidth pacing.

======================================================================
  LLDASH-GPAC Streaming QoE Benchmark (dash.js / BOLA)
======================================================================
  Server: http://localhost:8082/player.html?mpd=http://localhost:8082/manifest.mpd
======================================================================

[TRACE] Loaded 151 entries with bandwidth
[BROWSER] Launching headless Chromium...
[BROWSER] Waiting for playback to start...
   Startup delay: 7837ms

[PLAYBACK] Collecting metrics...
   t=10s | buffer: 1.9s | bitrate: 100 kbps | tp: 0 kbps | trace_bw: 216 kbps
   t=21s | buffer: 1.5s | bitrate: 100 kbps | tp: 0 kbps | trace_bw: 356 kbps
   t=31s | buffer: 1.4s | bitrate: 200 kbps | tp: 0 kbps | trace_bw: 356 kbps
   t=41s | buffer: 1.4s | bitrate: 100 kbps | tp: 0 kbps | trace_bw: 356 kbps
   t=51s | buffer: 1.3s | bitrate: 200 kbps | tp: 0 kbps | trace_bw: 3612 kbps
   t=61s | buffer: 2.9s | bitrate: 200 kbps | tp: 0 kbps | trace_bw: 3463 kbps
   t=72s | buffer: 1.8s | bitrate: 100 kbps | tp: 0 kbps | trace_bw: 3611 kbps
   t=82s | buffer: 1.8s | bitrate: 200 kbps | tp: 0 kbps | trace_bw: 608 kbps
   t=92s | buffer: 1.5s | bitrate: 600 kbps | tp: 0 kbps | trace_bw: 3572 kbps
   t=102s | buffer: 3.4s | bitrate: 400 kbps | tp: 0 kbps | trace_bw: 3532 kbps
   t=113s | buffer: 1.0s | bitrate: 800 kbps | tp: 0 kbps | trace_bw: 3655 kbps

======================================================================
  BENCHMARK RESULTS (LLDASH-GPAC / dash.js / BOLA)
======================================================================

  [TIMING]
      Startup delay:     7,837 ms
      Playback time:     117.8 s

  [BITRATE]
      Average (selected):  364 kbps
      Average (effective): 334 kbps
      Min / Max:           100 / 800 kbps
      Median:              400 kbps
      Std deviation:       218.6 kbps
      Variance:            47,768.6
      25th/75th %ile:      200 / 600 kbps

  [SWITCHES]
      Total count:       10
      Up / Down:         6 / 4
      Avg magnitude:     210 kbps

  [REBUFFERING]
      Events:            6
      Total time:        10,285 ms
      Ratio:             8.0306%
      Frequency:         3.056 per minute
      Avg duration:      1,714 ms
      Max duration:      7,677 ms

  [THROUGHPUT]
      Average:           0 kbps
      Median:            0 kbps
      Min / Max:         0 / 0 kbps
      Std deviation:     0.0 kbps

  [AVAILABLE BW (trace)]
      Average:           1,766 kbps
      Min / Max:         8 / 6,426 kbps

  [BUFFER]
      Average level:     2.2 s
      Min / Max:         0.1 / 3.7 s

  [UTILIZATION]
      Bandwidth:         56.1%

======================================================================

[SAVED] results/run_all_20260607_000000/lldash-gpac_puffer/benchmark_lldash-gpac_puffer_036_fox_tc_20260607_230704.json

──────────────────────────────────────────────────────────────────────
  [38/150] puffer_037_abc_tc.csv
──────────────────────────────────────────────────────────────────────
[TRACE] puffer_037_abc_tc.csv
[LLDASH-GPAC] Trace file ready; gpac_server uses in-process bandwidth pacing.

======================================================================
  LLDASH-GPAC Streaming QoE Benchmark (dash.js / BOLA)
======================================================================
  Server: http://localhost:8082/player.html?mpd=http://localhost:8082/manifest.mpd
======================================================================

[TRACE] Loaded 68 entries with bandwidth
[BROWSER] Launching headless Chromium...
[BROWSER] Waiting for playback to start...
   Startup delay: 326ms

[PLAYBACK] Collecting metrics...
   t=10s | buffer: 0.1s | bitrate: 600 kbps | tp: 0 kbps | trace_bw: 118 kbps
   t=20s | buffer: 0.5s | bitrate: 200 kbps | tp: 0 kbps | trace_bw: 416 kbps
   t=31s | buffer: 2.8s | bitrate: 100 kbps | tp: 0 kbps | trace_bw: 1026 kbps
   t=41s | buffer: 2.4s | bitrate: 100 kbps | tp: 0 kbps | trace_bw: 998 kbps
   t=51s | buffer: 2.4s | bitrate: 200 kbps | tp: 0 kbps | trace_bw: 633 kbps
   t=61s | buffer: 2.0s | bitrate: 200 kbps | tp: 0 kbps | trace_bw: 851 kbps
   t=72s | buffer: 1.9s | bitrate: 200 kbps | tp: 0 kbps | trace_bw: 925 kbps
   t=82s | buffer: 1.5s | bitrate: 400 kbps | tp: 0 kbps | trace_bw: 825 kbps
   t=92s | buffer: 3.4s | bitrate: 200 kbps | tp: 0 kbps | trace_bw: 966 kbps
   t=102s | buffer: 3.1s | bitrate: 200 kbps | tp: 0 kbps | trace_bw: 1027 kbps
   t=112s | buffer: 2.9s | bitrate: 200 kbps | tp: 0 kbps | trace_bw: 987 kbps

======================================================================
  BENCHMARK RESULTS (LLDASH-GPAC / dash.js / BOLA)
======================================================================

  [TIMING]
      Startup delay:     326 ms
      Playback time:     112.8 s

  [BITRATE]
      Average (selected):  327 kbps
      Average (effective): 306 kbps
      Min / Max:           100 / 1,200 kbps
      Median:              200 kbps
      Std deviation:       271.9 kbps
      Variance:            73,955.6
      25th/75th %ile:      200 / 400 kbps

  [SWITCHES]
      Total count:       14
      Up / Down:         7 / 7
      Avg magnitude:     257 kbps

  [REBUFFERING]
      Events:            6
      Total time:        7,478 ms
      Ratio:             6.2150%
      Frequency:         3.190 per minute
      Avg duration:      1,246 ms
      Max duration:      2,611 ms

  [THROUGHPUT]
      Average:           0 kbps
      Median:            0 kbps
      Min / Max:         0 / 0 kbps
      Std deviation:     0.0 kbps

  [AVAILABLE BW (trace)]
      Average:           923 kbps
      Min / Max:         59 / 1,307 kbps

  [BUFFER]
      Average level:     2.0 s
      Min / Max:         0.1 / 3.5 s

  [UTILIZATION]
      Bandwidth:         33.0%

======================================================================

[SAVED] results/run_all_20260607_000000/lldash-gpac_puffer/benchmark_lldash-gpac_puffer_037_abc_tc_20260607_230916.json

──────────────────────────────────────────────────────────────────────
  [39/150] puffer_038_pbs_tc.csv
──────────────────────────────────────────────────────────────────────
[TRACE] puffer_038_pbs_tc.csv
[LLDASH-GPAC] Trace file ready; gpac_server uses in-process bandwidth pacing.

======================================================================
  LLDASH-GPAC Streaming QoE Benchmark (dash.js / BOLA)
======================================================================
  Server: http://localhost:8082/player.html?mpd=http://localhost:8082/manifest.mpd
======================================================================

[TRACE] Loaded 155 entries with bandwidth
[BROWSER] Launching headless Chromium...
[BROWSER] Waiting for playback to start...
   Startup delay: 550ms

[PLAYBACK] Collecting metrics...
   t=10s | buffer: 3.1s | bitrate: 100 kbps | tp: 0 kbps | trace_bw: 2626 kbps
   t=20s | buffer: 2.9s | bitrate: 200 kbps | tp: 0 kbps | trace_bw: 1487 kbps
   t=31s | buffer: 2.6s | bitrate: 100 kbps | tp: 0 kbps | trace_bw: 2455 kbps
   t=41s | buffer: 3.1s | bitrate: 200 kbps | tp: 0 kbps | trace_bw: 2567 kbps
   t=51s | buffer: 2.7s | bitrate: 100 kbps | tp: 0 kbps | trace_bw: 1084 kbps
   t=61s | buffer: 2.6s | bitrate: 100 kbps | tp: 0 kbps | trace_bw: 314 kbps
   t=72s | buffer: 2.2s | bitrate: 200 kbps | tp: 0 kbps | trace_bw: 697 kbps
   t=82s | buffer: 2.1s | bitrate: 200 kbps | tp: 0 kbps | trace_bw: 2462 kbps
   t=92s | buffer: 0.1s | bitrate: 200 kbps | tp: 0 kbps | trace_bw: 774 kbps
   t=102s | buffer: 3.4s | bitrate: 100 kbps | tp: 0 kbps | trace_bw: 1225 kbps
   t=113s | buffer: 3.2s | bitrate: 100 kbps | tp: 0 kbps | trace_bw: 439 kbps

======================================================================
  BENCHMARK RESULTS (LLDASH-GPAC / dash.js / BOLA)
======================================================================

  [TIMING]
      Startup delay:     550 ms
      Playback time:     102.5 s

  [BITRATE]
      Average (selected):  167 kbps
      Average (effective): 142 kbps
      Min / Max:           100 / 400 kbps
      Median:              100 kbps
      Std deviation:       94.3 kbps
      Variance:            8,888.9
      25th/75th %ile:      100 / 200 kbps

  [SWITCHES]
      Total count:       8
      Up / Down:         4 / 4
      Avg magnitude:     150 kbps

  [REBUFFERING]
      Events:            5
      Total time:        18,132 ms
      Ratio:             15.0275%
      Frequency:         2.926 per minute
      Avg duration:      3,626 ms
      Max duration:      9,963 ms

  [THROUGHPUT]
      Average:           0 kbps
      Median:            0 kbps
      Min / Max:         0 / 0 kbps
      Std deviation:     0.0 kbps

  [AVAILABLE BW (trace)]
      Average:           1,273 kbps
      Min / Max:         19 / 2,630 kbps

  [BUFFER]
      Average level:     2.0 s
      Min / Max:         0.1 / 3.8 s

  [UTILIZATION]
      Bandwidth:         15.0%

======================================================================

[SAVED] results/run_all_20260607_000000/lldash-gpac_puffer/benchmark_lldash-gpac_puffer_038_pbs_tc_20260607_231120.json

──────────────────────────────────────────────────────────────────────
  [40/150] puffer_039_pbs_tc.csv
──────────────────────────────────────────────────────────────────────
[TRACE] puffer_039_pbs_tc.csv
[LLDASH-GPAC] Trace file ready; gpac_server uses in-process bandwidth pacing.

======================================================================
  LLDASH-GPAC Streaming QoE Benchmark (dash.js / BOLA)
======================================================================
  Server: http://localhost:8082/player.html?mpd=http://localhost:8082/manifest.mpd
======================================================================

[TRACE] Loaded 151 entries with bandwidth
[BROWSER] Launching headless Chromium...
[BROWSER] Waiting for playback to start...
   Startup delay: 1025ms

[PLAYBACK] Collecting metrics...
   t=10s | buffer: 2.5s | bitrate: 400 kbps | tp: 0 kbps | trace_bw: 1255 kbps
   t=20s | buffer: 2.2s | bitrate: 400 kbps | tp: 0 kbps | trace_bw: 945 kbps
   t=31s | buffer: 1.0s | bitrate: 200 kbps | tp: 0 kbps | trace_bw: 441 kbps
   t=41s | buffer: 2.8s | bitrate: 400 kbps | tp: 0 kbps | trace_bw: 3269 kbps
   t=51s | buffer: 2.1s | bitrate: 200 kbps | tp: 0 kbps | trace_bw: 974 kbps
   t=61s | buffer: 1.8s | bitrate: 200 kbps | tp: 0 kbps | trace_bw: 2324 kbps
   t=72s | buffer: 1.7s | bitrate: 600 kbps | tp: 0 kbps | trace_bw: 476 kbps
   t=82s | buffer: 0.1s | bitrate: 400 kbps | tp: 0 kbps | trace_bw: 365 kbps
   t=92s | buffer: 3.1s | bitrate: 200 kbps | tp: 0 kbps | trace_bw: 521 kbps
   t=102s | buffer: 1.0s | bitrate: 400 kbps | tp: 0 kbps | trace_bw: 141 kbps
   t=113s | buffer: 3.4s | bitrate: 100 kbps | tp: 0 kbps | trace_bw: 3116 kbps

======================================================================
  BENCHMARK RESULTS (LLDASH-GPAC / dash.js / BOLA)
======================================================================

  [TIMING]
      Startup delay:     1,025 ms
      Playback time:     108.5 s

  [BITRATE]
      Average (selected):  300 kbps
      Average (effective): 269 kbps
      Min / Max:           100 / 800 kbps
      Median:              200 kbps
      Std deviation:       190.2 kbps
      Variance:            36,190.5
      25th/75th %ile:      200 / 400 kbps

  [SWITCHES]
      Total count:       20
      Up / Down:         10 / 10
      Avg magnitude:     225 kbps

  [REBUFFERING]
      Events:            10
      Total time:        12,672 ms
      Ratio:             10.4603%
      Frequency:         5.531 per minute
      Avg duration:      1,267 ms
      Max duration:      3,441 ms

  [THROUGHPUT]
      Average:           0 kbps
      Median:            0 kbps
      Min / Max:         0 / 0 kbps
      Std deviation:     0.0 kbps

  [AVAILABLE BW (trace)]
      Average:           1,493 kbps
      Min / Max:         32 / 8,845 kbps

  [BUFFER]
      Average level:     1.8 s
      Min / Max:         0.1 / 3.5 s

  [UTILIZATION]
      Bandwidth:         23.9%

======================================================================

[SAVED] results/run_all_20260607_000000/lldash-gpac_puffer/benchmark_lldash-gpac_puffer_039_pbs_tc_20260607_231324.json

──────────────────────────────────────────────────────────────────────
  [41/150] puffer_040_cbs_tc.csv
──────────────────────────────────────────────────────────────────────
[TRACE] puffer_040_cbs_tc.csv
[LLDASH-GPAC] Trace file ready; gpac_server uses in-process bandwidth pacing.

======================================================================
  LLDASH-GPAC Streaming QoE Benchmark (dash.js / BOLA)
======================================================================
  Server: http://localhost:8082/player.html?mpd=http://localhost:8082/manifest.mpd
======================================================================

[TRACE] Loaded 155 entries with bandwidth
[BROWSER] Launching headless Chromium...
[BROWSER] Waiting for playback to start...
   Startup delay: 387ms

[PLAYBACK] Collecting metrics...
   t=10s | buffer: 1.2s | bitrate: 600 kbps | tp: 0 kbps | trace_bw: 175 kbps
   t=20s | buffer: 2.7s | bitrate: 400 kbps | tp: 0 kbps | trace_bw: 1269 kbps
   t=31s | buffer: 2.3s | bitrate: 200 kbps | tp: 0 kbps | trace_bw: 1128 kbps
   t=41s | buffer: 2.2s | bitrate: 200 kbps | tp: 0 kbps | trace_bw: 1314 kbps
   t=51s | buffer: 1.9s | bitrate: 400 kbps | tp: 0 kbps | trace_bw: 1116 kbps
   t=61s | buffer: 1.7s | bitrate: 400 kbps | tp: 0 kbps | trace_bw: 1284 kbps
   t=72s | buffer: 1.5s | bitrate: 600 kbps | tp: 0 kbps | trace_bw: 1071 kbps
   t=82s | buffer: 1.2s | bitrate: 400 kbps | tp: 0 kbps | trace_bw: 1139 kbps
   t=92s | buffer: 1.1s | bitrate: 400 kbps | tp: 0 kbps | trace_bw: 1160 kbps
   t=102s | buffer: 1.0s | bitrate: 400 kbps | tp: 0 kbps | trace_bw: 697 kbps
   t=113s | buffer: 2.7s | bitrate: 200 kbps | tp: 0 kbps | trace_bw: 1233 kbps

======================================================================
  BENCHMARK RESULTS (LLDASH-GPAC / dash.js / BOLA)
======================================================================

  [TIMING]
      Startup delay:     387 ms
      Playback time:     117.1 s

  [BITRATE]
      Average (selected):  500 kbps
      Average (effective): 486 kbps
      Min / Max:           200 / 800 kbps
      Median:              600 kbps
      Std deviation:       146.4 kbps
      Variance:            21,428.6
      25th/75th %ile:      400 / 600 kbps

  [SWITCHES]
      Total count:       13
      Up / Down:         5 / 8
      Avg magnitude:     215 kbps

  [REBUFFERING]
      Events:            6
      Total time:        3,408 ms
      Ratio:             2.8283%
      Frequency:         3.075 per minute
      Avg duration:      568 ms
      Max duration:      1,428 ms

  [THROUGHPUT]
      Average:           0 kbps
      Median:            0 kbps
      Min / Max:         0 / 0 kbps
      Std deviation:     0.0 kbps

  [AVAILABLE BW (trace)]
      Average:           1,153 kbps
      Min / Max:         21 / 1,441 kbps

  [BUFFER]
      Average level:     1.9 s
      Min / Max:         0.1 / 3.4 s

  [UTILIZATION]
      Bandwidth:         41.5%

======================================================================

[SAVED] results/run_all_20260607_000000/lldash-gpac_puffer/benchmark_lldash-gpac_puffer_040_cbs_tc_20260607_231529.json

──────────────────────────────────────────────────────────────────────
  [42/150] puffer_041_abc_tc.csv
──────────────────────────────────────────────────────────────────────
[TRACE] puffer_041_abc_tc.csv
[LLDASH-GPAC] Trace file ready; gpac_server uses in-process bandwidth pacing.

======================================================================
  LLDASH-GPAC Streaming QoE Benchmark (dash.js / BOLA)
======================================================================
  Server: http://localhost:8082/player.html?mpd=http://localhost:8082/manifest.mpd
======================================================================

[TRACE] Loaded 149 entries with bandwidth
[BROWSER] Launching headless Chromium...
[BROWSER] Waiting for playback to start...
   Startup delay: 3276ms

[PLAYBACK] Collecting metrics...
   t=10s | buffer: 1.8s | bitrate: 200 kbps | tp: 0 kbps | trace_bw: 564 kbps
   t=20s | buffer: 1.6s | bitrate: 100 kbps | tp: 0 kbps | trace_bw: 529 kbps
   t=31s | buffer: 1.2s | bitrate: 100 kbps | tp: 0 kbps | trace_bw: 368 kbps
   t=41s | buffer: 3.2s | bitrate: 100 kbps | tp: 0 kbps | trace_bw: 393 kbps
   t=51s | buffer: 2.8s | bitrate: 100 kbps | tp: 0 kbps | trace_bw: 345 kbps
   t=61s | buffer: 2.7s | bitrate: 200 kbps | tp: 0 kbps | trace_bw: 1032 kbps
   t=72s | buffer: 2.3s | bitrate: 200 kbps | tp: 0 kbps | trace_bw: 1082 kbps
   t=82s | buffer: 2.2s | bitrate: 200 kbps | tp: 0 kbps | trace_bw: 1162 kbps
   t=92s | buffer: 1.9s | bitrate: 200 kbps | tp: 0 kbps | trace_bw: 1219 kbps
   t=102s | buffer: 1.8s | bitrate: 200 kbps | tp: 0 kbps | trace_bw: 1313 kbps
   t=113s | buffer: 1.4s | bitrate: 200 kbps | tp: 0 kbps | trace_bw: 1294 kbps

======================================================================
  BENCHMARK RESULTS (LLDASH-GPAC / dash.js / BOLA)
======================================================================

  [TIMING]
      Startup delay:     3,276 ms
      Playback time:     118.4 s

  [BITRATE]
      Average (selected):  188 kbps
      Average (effective): 180 kbps
      Min / Max:           100 / 400 kbps
      Median:              200 kbps
      Std deviation:       92.7 kbps
      Variance:            8,593.8
      25th/75th %ile:      100 / 200 kbps

  [SWITCHES]
      Total count:       7
      Up / Down:         4 / 3
      Avg magnitude:     129 kbps

  [REBUFFERING]
      Events:            2
      Total time:        4,995 ms
      Ratio:             4.0487%
      Frequency:         1.014 per minute
      Avg duration:      2,498 ms
      Max duration:      3,119 ms

  [THROUGHPUT]
      Average:           0 kbps
      Median:            0 kbps
      Min / Max:         0 / 0 kbps
      Std deviation:     0.0 kbps

  [AVAILABLE BW (trace)]
      Average:           818 kbps
      Min / Max:         10 / 1,334 kbps

  [BUFFER]
      Average level:     2.2 s
      Min / Max:         0.1 / 3.5 s

  [UTILIZATION]
      Bandwidth:         25.6%

======================================================================

[SAVED] results/run_all_20260607_000000/lldash-gpac_puffer/benchmark_lldash-gpac_puffer_041_abc_tc_20260607_231733.json

──────────────────────────────────────────────────────────────────────
  [43/150] puffer_042_abc_tc.csv
──────────────────────────────────────────────────────────────────────
[TRACE] puffer_042_abc_tc.csv
[LLDASH-GPAC] Trace file ready; gpac_server uses in-process bandwidth pacing.

======================================================================
  LLDASH-GPAC Streaming QoE Benchmark (dash.js / BOLA)
======================================================================
  Server: http://localhost:8082/player.html?mpd=http://localhost:8082/manifest.mpd
======================================================================

[TRACE] Loaded 143 entries with bandwidth
[BROWSER] Launching headless Chromium...
[BROWSER] Waiting for playback to start...
   Startup delay: 1459ms

[PLAYBACK] Collecting metrics...
   t=10s | buffer: 1.9s | bitrate: 200 kbps | tp: 0 kbps | trace_bw: 1316 kbps
   t=20s | buffer: 1.5s | bitrate: 200 kbps | tp: 0 kbps | trace_bw: 1316 kbps
   t=31s | buffer: 1.4s | bitrate: 400 kbps | tp: 0 kbps | trace_bw: 1115 kbps
   t=41s | buffer: 3.1s | bitrate: 200 kbps | tp: 0 kbps | trace_bw: 1257 kbps
   t=51s | buffer: 3.0s | bitrate: 200 kbps | tp: 0 kbps | trace_bw: 1142 kbps
   t=61s | buffer: 2.9s | bitrate: 400 kbps | tp: 0 kbps | trace_bw: 1301 kbps
   t=72s | buffer: 2.9s | bitrate: 400 kbps | tp: 0 kbps | trace_bw: 1201 kbps
   t=82s | buffer: 1.3s | bitrate: 400 kbps | tp: 0 kbps | trace_bw: 1271 kbps
   t=92s | buffer: 3.1s | bitrate: 200 kbps | tp: 0 kbps | trace_bw: 1295 kbps
   t=102s | buffer: 2.8s | bitrate: 200 kbps | tp: 0 kbps | trace_bw: 1157 kbps
   t=113s | buffer: 1.3s | bitrate: 200 kbps | tp: 0 kbps | trace_bw: 1271 kbps

======================================================================
  BENCHMARK RESULTS (LLDASH-GPAC / dash.js / BOLA)
======================================================================

  [TIMING]
      Startup delay:     1,459 ms
      Playback time:     118.4 s

  [BITRATE]
      Average (selected):  340 kbps
      Average (effective): 331 kbps
      Min / Max:           100 / 600 kbps
      Median:              400 kbps
      Std deviation:       162.5 kbps
      Variance:            26,400.0
      25th/75th %ile:      200 / 400 kbps

  [SWITCHES]
      Total count:       14
      Up / Down:         7 / 7
      Avg magnitude:     236 kbps

  [REBUFFERING]
      Events:            6
      Total time:        3,173 ms
      Ratio:             2.6095%
      Frequency:         3.040 per minute
      Avg duration:      529 ms
      Max duration:      1,316 ms

  [THROUGHPUT]
      Average:           0 kbps
      Median:            0 kbps
      Min / Max:         0 / 0 kbps
      Std deviation:     0.0 kbps

  [AVAILABLE BW (trace)]
      Average:           1,136 kbps
      Min / Max:         117 / 1,316 kbps

  [BUFFER]
      Average level:     2.1 s
      Min / Max:         0.1 / 3.5 s

  [UTILIZATION]
      Bandwidth:         27.3%

======================================================================

[SAVED] results/run_all_20260607_000000/lldash-gpac_puffer/benchmark_lldash-gpac_puffer_042_abc_tc_20260607_231940.json

──────────────────────────────────────────────────────────────────────
  [44/150] puffer_043_fox_tc.csv
──────────────────────────────────────────────────────────────────────
[TRACE] puffer_043_fox_tc.csv
[LLDASH-GPAC] Trace file ready; gpac_server uses in-process bandwidth pacing.

======================================================================
  LLDASH-GPAC Streaming QoE Benchmark (dash.js / BOLA)
======================================================================
  Server: http://localhost:8082/player.html?mpd=http://localhost:8082/manifest.mpd
======================================================================

[TRACE] Loaded 151 entries with bandwidth
[BROWSER] Launching headless Chromium...
[BROWSER] Waiting for playback to start...
   Startup delay: 327ms

[PLAYBACK] Collecting metrics...
   t=10s | buffer: 0.1s | bitrate: 1200 kbps | tp: 0 kbps | trace_bw: 704 kbps
   t=20s | buffer: 0.1s | bitrate: 1200 kbps | tp: 0 kbps | trace_bw: 1737 kbps
   t=31s | buffer: 2.3s | bitrate: 100 kbps | tp: 0 kbps | trace_bw: 1301 kbps
   t=41s | buffer: 1.9s | bitrate: 100 kbps | tp: 0 kbps | trace_bw: 2779 kbps
   t=51s | buffer: 1.8s | bitrate: 200 kbps | tp: 0 kbps | trace_bw: 2873 kbps
   t=61s | buffer: 1.5s | bitrate: 200 kbps | tp: 0 kbps | trace_bw: 1301 kbps
   t=72s | buffer: 3.4s | bitrate: 200 kbps | tp: 0 kbps | trace_bw: 654 kbps
   t=82s | buffer: 3.0s | bitrate: 400 kbps | tp: 0 kbps | trace_bw: 1569 kbps
   t=92s | buffer: 0.1s | bitrate: 400 kbps | tp: 0 kbps | trace_bw: 114 kbps
   t=102s | buffer: 3.3s | bitrate: 100 kbps | tp: 0 kbps | trace_bw: 828 kbps
   t=113s | buffer: 2.0s | bitrate: 100 kbps | tp: 0 kbps | trace_bw: 2861 kbps

======================================================================
  BENCHMARK RESULTS (LLDASH-GPAC / dash.js / BOLA)
======================================================================

  [TIMING]
      Startup delay:     327 ms
      Playback time:     89.8 s

  [BITRATE]
      Average (selected):  329 kbps
      Average (effective): 245 kbps
      Min / Max:           100 / 1,200 kbps
      Median:              200 kbps
      Std deviation:       369.2 kbps
      Variance:            136,326.5
      25th/75th %ile:      100 / 400 kbps

  [SWITCHES]
      Total count:       6
      Up / Down:         3 / 3
      Avg magnitude:     317 kbps

  [REBUFFERING]
      Events:            6
      Total time:        30,609 ms
      Ratio:             25.4108%
      Frequency:         4.007 per minute
      Avg duration:      5,102 ms
      Max duration:      22,837 ms

  [THROUGHPUT]
      Average:           0 kbps
      Median:            0 kbps
      Min / Max:         0 / 0 kbps
      Std deviation:     0.0 kbps

  [AVAILABLE BW (trace)]
      Average:           1,272 kbps
      Min / Max:         49 / 2,873 kbps

  [BUFFER]
      Average level:     1.7 s
      Min / Max:         0.1 / 3.7 s

  [UTILIZATION]
      Bandwidth:         30.5%

======================================================================

[SAVED] results/run_all_20260607_000000/lldash-gpac_puffer/benchmark_lldash-gpac_puffer_043_fox_tc_20260607_232145.json

──────────────────────────────────────────────────────────────────────
  [45/150] puffer_044_abc_tc.csv
──────────────────────────────────────────────────────────────────────
[TRACE] puffer_044_abc_tc.csv
[LLDASH-GPAC] Trace file ready; gpac_server uses in-process bandwidth pacing.

======================================================================
  LLDASH-GPAC Streaming QoE Benchmark (dash.js / BOLA)
======================================================================
  Server: http://localhost:8082/player.html?mpd=http://localhost:8082/manifest.mpd
======================================================================

[TRACE] Loaded 72 entries with bandwidth
[BROWSER] Launching headless Chromium...
[BROWSER] Waiting for playback to start...
   Startup delay: 1607ms

[PLAYBACK] Collecting metrics...
   t=10s | buffer: 0.1s | bitrate: 400 kbps | tp: 0 kbps | trace_bw: 37 kbps
   t=20s | buffer: 2.9s | bitrate: 100 kbps | tp: 0 kbps | trace_bw: 870 kbps
   t=31s | buffer: 1.6s | bitrate: 100 kbps | tp: 0 kbps | trace_bw: 2241 kbps
   t=41s | buffer: 1.6s | bitrate: 100 kbps | tp: 0 kbps | trace_bw: 3003 kbps
   t=51s | buffer: 3.4s | bitrate: 100 kbps | tp: 0 kbps | trace_bw: 1016 kbps
   t=61s | buffer: 0.1s | bitrate: 100 kbps | tp: 0 kbps | trace_bw: 7 kbps
   t=72s | buffer: 2.8s | bitrate: 100 kbps | tp: 0 kbps | trace_bw: 650 kbps
   t=82s | buffer: 2.7s | bitrate: 100 kbps | tp: 0 kbps | trace_bw: 304 kbps
   t=92s | buffer: 2.4s | bitrate: 100 kbps | tp: 0 kbps | trace_bw: 1126 kbps
   t=102s | buffer: 2.3s | bitrate: 100 kbps | tp: 0 kbps | trace_bw: 1464 kbps
   t=112s | buffer: 1.9s | bitrate: 100 kbps | tp: 0 kbps | trace_bw: 4338 kbps

======================================================================
  BENCHMARK RESULTS (LLDASH-GPAC / dash.js / BOLA)
======================================================================

  [TIMING]
      Startup delay:     1,607 ms
      Playback time:     95.8 s

  [BITRATE]
      Average (selected):  178 kbps
      Average (effective): 140 kbps
      Min / Max:           100 / 400 kbps
      Median:              200 kbps
      Std deviation:       91.6 kbps
      Variance:            8,395.1
      25th/75th %ile:      100 / 200 kbps

  [SWITCHES]
      Total count:       8
      Up / Down:         5 / 3
      Avg magnitude:     138 kbps

  [REBUFFERING]
      Events:            6
      Total time:        25,795 ms
      Ratio:             21.2104%
      Frequency:         3.757 per minute
      Avg duration:      4,299 ms
      Max duration:      11,867 ms

  [THROUGHPUT]
      Average:           0 kbps
      Median:            0 kbps
      Min / Max:         0 / 0 kbps
      Std deviation:     0.0 kbps

  [AVAILABLE BW (trace)]
      Average:           1,368 kbps
      Min / Max:         7 / 6,361 kbps

  [BUFFER]
      Average level:     1.8 s
      Min / Max:         0.1 / 3.5 s

  [UTILIZATION]
      Bandwidth:         20.4%

======================================================================

[SAVED] results/run_all_20260607_000000/lldash-gpac_puffer/benchmark_lldash-gpac_puffer_044_abc_tc_20260607_232349.json

──────────────────────────────────────────────────────────────────────
  [46/150] puffer_045_fox_tc.csv
──────────────────────────────────────────────────────────────────────
[TRACE] puffer_045_fox_tc.csv
[LLDASH-GPAC] Trace file ready; gpac_server uses in-process bandwidth pacing.

======================================================================
  LLDASH-GPAC Streaming QoE Benchmark (dash.js / BOLA)
======================================================================
  Server: http://localhost:8082/player.html?mpd=http://localhost:8082/manifest.mpd
======================================================================

[TRACE] Loaded 153 entries with bandwidth
[BROWSER] Launching headless Chromium...
[BROWSER] Waiting for playback to start...
   Startup delay: 451ms

[PLAYBACK] Collecting metrics...
   t=10s | buffer: 1.0s | bitrate: 1500 kbps | tp: 0 kbps | trace_bw: 1525 kbps
   t=21s | buffer: 1.1s | bitrate: 800 kbps | tp: 0 kbps | trace_bw: 1744 kbps
   t=31s | buffer: 0.1s | bitrate: 600 kbps | tp: 0 kbps | trace_bw: 1678 kbps
   t=41s | buffer: 2.0s | bitrate: 600 kbps | tp: 0 kbps | trace_bw: 10702 kbps
   t=51s | buffer: 1.9s | bitrate: 400 kbps | tp: 0 kbps | trace_bw: 2133 kbps
   t=61s | buffer: 1.5s | bitrate: 1200 kbps | tp: 0 kbps | trace_bw: 6243 kbps
   t=72s | buffer: 3.4s | bitrate: 800 kbps | tp: 0 kbps | trace_bw: 4379 kbps
   t=82s | buffer: 3.1s | bitrate: 1500 kbps | tp: 0 kbps | trace_bw: 8728 kbps
   t=92s | buffer: 2.8s | bitrate: 1500 kbps | tp: 0 kbps | trace_bw: 1603 kbps
   t=102s | buffer: 2.7s | bitrate: 1500 kbps | tp: 0 kbps | trace_bw: 2768 kbps
   t=113s | buffer: 0.1s | bitrate: 1500 kbps | tp: 0 kbps | trace_bw: 692 kbps

======================================================================
  BENCHMARK RESULTS (LLDASH-GPAC / dash.js / BOLA)
======================================================================

  [TIMING]
      Startup delay:     451 ms
      Playback time:     95.9 s

  [BITRATE]
      Average (selected):  947 kbps
      Average (effective): 753 kbps
      Min / Max:           100 / 3,000 kbps
      Median:              800 kbps
      Std deviation:       728.6 kbps
      Variance:            530,914.1
      25th/75th %ile:      400 / 1,500 kbps

  [SWITCHES]
      Total count:       18
      Up / Down:         9 / 9
      Avg magnitude:     689 kbps

  [REBUFFERING]
      Events:            11
      Total time:        24,688 ms
      Ratio:             20.4750%
      Frequency:         6.883 per minute
      Avg duration:      1,115 ms
      Max duration:      3,510 ms

  [THROUGHPUT]
      Average:           0 kbps
      Median:            0 kbps
      Min / Max:         0 / 0 kbps
      Std deviation:     0.0 kbps

  [AVAILABLE BW (trace)]
      Average:           4,178 kbps
      Min / Max:         13 / 11,749 kbps

  [BUFFER]
      Average level:     1.7 s
      Min / Max:         0.1 / 3.5 s

  [UTILIZATION]
      Bandwidth:         34.2%

======================================================================

[SAVED] results/run_all_20260607_000000/lldash-gpac_puffer/benchmark_lldash-gpac_puffer_045_fox_tc_20260607_232554.json

──────────────────────────────────────────────────────────────────────
  [47/150] puffer_046_abc_tc.csv
──────────────────────────────────────────────────────────────────────
[TRACE] puffer_046_abc_tc.csv
[LLDASH-GPAC] Trace file ready; gpac_server uses in-process bandwidth pacing.

======================================================================
  LLDASH-GPAC Streaming QoE Benchmark (dash.js / BOLA)
======================================================================
  Server: http://localhost:8082/player.html?mpd=http://localhost:8082/manifest.mpd
======================================================================

[TRACE] Loaded 58 entries with bandwidth
[BROWSER] Launching headless Chromium...
[BROWSER] Waiting for playback to start...
   Startup delay: 1667ms

[PLAYBACK] Collecting metrics...
   t=10s | buffer: 0.1s | bitrate: 100 kbps | tp: 0 kbps | trace_bw: 6 kbps
   t=21s | buffer: 3.6s | bitrate: 100 kbps | tp: 0 kbps | trace_bw: 342 kbps
   t=31s | buffer: 3.3s | bitrate: 100 kbps | tp: 0 kbps | trace_bw: 2710 kbps
   t=41s | buffer: 3.2s | bitrate: 200 kbps | tp: 0 kbps | trace_bw: 2524 kbps
   t=51s | buffer: 2.8s | bitrate: 200 kbps | tp: 0 kbps | trace_bw: 1201 kbps
   t=61s | buffer: 2.7s | bitrate: 200 kbps | tp: 0 kbps | trace_bw: 2247 kbps
   t=72s | buffer: 2.4s | bitrate: 200 kbps | tp: 0 kbps | trace_bw: 1603 kbps
   t=82s | buffer: 2.3s | bitrate: 400 kbps | tp: 0 kbps | trace_bw: 1331 kbps
   t=92s | buffer: 1.9s | bitrate: 400 kbps | tp: 0 kbps | trace_bw: 2717 kbps
   t=102s | buffer: 1.8s | bitrate: 400 kbps | tp: 0 kbps | trace_bw: 1516 kbps
   t=113s | buffer: 1.4s | bitrate: 400 kbps | tp: 0 kbps | trace_bw: 1516 kbps

======================================================================
  BENCHMARK RESULTS (LLDASH-GPAC / dash.js / BOLA)
======================================================================

  [TIMING]
      Startup delay:     1,667 ms
      Playback time:     114.3 s

  [BITRATE]
      Average (selected):  436 kbps
      Average (effective): 409 kbps
      Min / Max:           100 / 800 kbps
      Median:              400 kbps
      Std deviation:       212.5 kbps
      Variance:            45,153.1
      25th/75th %ile:      200 / 600 kbps

  [SWITCHES]
      Total count:       13
      Up / Down:         8 / 5
      Avg magnitude:     285 kbps

  [REBUFFERING]
      Events:            3
      Total time:        7,494 ms
      Ratio:             6.1543%
      Frequency:         1.575 per minute
      Avg duration:      2,498 ms
      Max duration:      4,001 ms

  [THROUGHPUT]
      Average:           0 kbps
      Median:            0 kbps
      Min / Max:         0 / 0 kbps
      Std deviation:     0.0 kbps

  [AVAILABLE BW (trace)]
      Average:           1,448 kbps
      Min / Max:         6 / 2,763 kbps

  [BUFFER]
      Average level:     2.1 s
      Min / Max:         0.1 / 3.6 s

  [UTILIZATION]
      Bandwidth:         28.7%

======================================================================

[SAVED] results/run_all_20260607_000000/lldash-gpac_puffer/benchmark_lldash-gpac_puffer_046_abc_tc_20260607_232758.json

──────────────────────────────────────────────────────────────────────
  [48/150] puffer_047_abc_tc.csv
──────────────────────────────────────────────────────────────────────
[TRACE] puffer_047_abc_tc.csv
[LLDASH-GPAC] Trace file ready; gpac_server uses in-process bandwidth pacing.

======================================================================
  LLDASH-GPAC Streaming QoE Benchmark (dash.js / BOLA)
======================================================================
  Server: http://localhost:8082/player.html?mpd=http://localhost:8082/manifest.mpd
======================================================================

[TRACE] Loaded 73 entries with bandwidth
[BROWSER] Launching headless Chromium...
[BROWSER] Waiting for playback to start...
   Startup delay: 263ms

[PLAYBACK] Collecting metrics...
   t=10s | buffer: 0.7s | bitrate: 600 kbps | tp: 0 kbps | trace_bw: 612 kbps
   t=20s | buffer: 3.5s | bitrate: 200 kbps | tp: 0 kbps | trace_bw: 1898 kbps
   t=31s | buffer: 3.1s | bitrate: 200 kbps | tp: 0 kbps | trace_bw: 2319 kbps
   t=41s | buffer: 1.0s | bitrate: 400 kbps | tp: 0 kbps | trace_bw: 992 kbps
   t=51s | buffer: 2.7s | bitrate: 400 kbps | tp: 0 kbps | trace_bw: 908 kbps
   t=61s | buffer: 2.6s | bitrate: 400 kbps | tp: 0 kbps | trace_bw: 1725 kbps
   t=72s | buffer: 2.5s | bitrate: 400 kbps | tp: 0 kbps | trace_bw: 1209 kbps
   t=82s | buffer: 0.8s | bitrate: 600 kbps | tp: 0 kbps | trace_bw: 1575 kbps
   t=92s | buffer: 2.7s | bitrate: 400 kbps | tp: 0 kbps | trace_bw: 1415 kbps
   t=102s | buffer: 2.4s | bitrate: 200 kbps | tp: 0 kbps | trace_bw: 1388 kbps
   t=113s | buffer: 2.3s | bitrate: 200 kbps | tp: 0 kbps | trace_bw: 1789 kbps

======================================================================
  BENCHMARK RESULTS (LLDASH-GPAC / dash.js / BOLA)
======================================================================

  [TIMING]
      Startup delay:     263 ms
      Playback time:     115.6 s

  [BITRATE]
      Average (selected):  411 kbps
      Average (effective): 394 kbps
      Min / Max:           100 / 1,500 kbps
      Median:              400 kbps
      Std deviation:       321.0 kbps
      Variance:            103,047.1
      25th/75th %ile:      200 / 600 kbps

  [SWITCHES]
      Total count:       18
      Up / Down:         8 / 10
      Avg magnitude:     339 kbps

  [REBUFFERING]
      Events:            7
      Total time:        4,877 ms
      Ratio:             4.0484%
      Frequency:         3.634 per minute
      Avg duration:      697 ms
      Max duration:      1,544 ms

  [THROUGHPUT]
      Average:           0 kbps
      Median:            0 kbps
      Min / Max:         0 / 0 kbps
      Std deviation:     0.0 kbps

  [AVAILABLE BW (trace)]
      Average:           1,336 kbps
      Min / Max:         612 / 2,623 kbps

  [BUFFER]
      Average level:     1.9 s
      Min / Max:         0.1 / 3.5 s

  [UTILIZATION]
      Bandwidth:         31.1%

======================================================================

[SAVED] results/run_all_20260607_000000/lldash-gpac_puffer/benchmark_lldash-gpac_puffer_047_abc_tc_20260607_233004.json

──────────────────────────────────────────────────────────────────────
  [49/150] puffer_048_abc_tc.csv
──────────────────────────────────────────────────────────────────────
[TRACE] puffer_048_abc_tc.csv
[LLDASH-GPAC] Trace file ready; gpac_server uses in-process bandwidth pacing.

======================================================================
  LLDASH-GPAC Streaming QoE Benchmark (dash.js / BOLA)
======================================================================
  Server: http://localhost:8082/player.html?mpd=http://localhost:8082/manifest.mpd
======================================================================

[TRACE] Loaded 123 entries with bandwidth
[BROWSER] Launching headless Chromium...
[BROWSER] Waiting for playback to start...
   Startup delay: 321ms

[PLAYBACK] Collecting metrics...
   t=10s | buffer: 0.1s | bitrate: 600 kbps | tp: 0 kbps | trace_bw: 419 kbps
   t=21s | buffer: 3.1s | bitrate: 100 kbps | tp: 0 kbps | trace_bw: 678 kbps
   t=31s | buffer: 2.8s | bitrate: 100 kbps | tp: 0 kbps | trace_bw: 678 kbps
   t=41s | buffer: 2.7s | bitrate: 100 kbps | tp: 0 kbps | trace_bw: 2288 kbps
   t=51s | buffer: 2.3s | bitrate: 200 kbps | tp: 0 kbps | trace_bw: 1433 kbps
   t=61s | buffer: 2.2s | bitrate: 200 kbps | tp: 0 kbps | trace_bw: 1785 kbps
   t=72s | buffer: 1.8s | bitrate: 200 kbps | tp: 0 kbps | trace_bw: 3253 kbps
   t=82s | buffer: 1.8s | bitrate: 400 kbps | tp: 0 kbps | trace_bw: 1736 kbps
   t=92s | buffer: 0.8s | bitrate: 400 kbps | tp: 0 kbps | trace_bw: 480 kbps
   t=102s | buffer: 1.8s | bitrate: 200 kbps | tp: 0 kbps | trace_bw: 331 kbps
   t=113s | buffer: 1.4s | bitrate: 200 kbps | tp: 0 kbps | trace_bw: 2366 kbps

======================================================================
  BENCHMARK RESULTS (LLDASH-GPAC / dash.js / BOLA)
======================================================================

  [TIMING]
      Startup delay:     321 ms
      Playback time:     100.2 s

  [BITRATE]
      Average (selected):  307 kbps
      Average (effective): 256 kbps
      Min / Max:           100 / 1,200 kbps
      Median:              200 kbps
      Std deviation:       298.7 kbps
      Variance:            89,234.7
      25th/75th %ile:      100 / 400 kbps

  [SWITCHES]
      Total count:       13
      Up / Down:         5 / 8
      Avg magnitude:     208 kbps

  [REBUFFERING]
      Events:            9
      Total time:        20,179 ms
      Ratio:             16.7579%
      Frequency:         5.387 per minute
      Avg duration:      2,242 ms
      Max duration:      11,229 ms

  [THROUGHPUT]
      Average:           0 kbps
      Median:            0 kbps
      Min / Max:         0 / 0 kbps
      Std deviation:     0.0 kbps

  [AVAILABLE BW (trace)]
      Average:           1,271 kbps
      Min / Max:         29 / 3,294 kbps

  [BUFFER]
      Average level:     1.9 s
      Min / Max:         0.1 / 3.6 s

  [UTILIZATION]
      Bandwidth:         27.0%

======================================================================

[SAVED] results/run_all_20260607_000000/lldash-gpac_puffer/benchmark_lldash-gpac_puffer_048_abc_tc_20260607_233208.json

──────────────────────────────────────────────────────────────────────
  [50/150] puffer_049_univision_tc.csv
──────────────────────────────────────────────────────────────────────
[TRACE] puffer_049_univision_tc.csv
[LLDASH-GPAC] Trace file ready; gpac_server uses in-process bandwidth pacing.

======================================================================
  LLDASH-GPAC Streaming QoE Benchmark (dash.js / BOLA)
======================================================================
  Server: http://localhost:8082/player.html?mpd=http://localhost:8082/manifest.mpd
======================================================================

[TRACE] Loaded 157 entries with bandwidth
[BROWSER] Launching headless Chromium...
[BROWSER] Waiting for playback to start...
   Startup delay: 270ms

[PLAYBACK] Collecting metrics...
   t=10s | buffer: 0.5s | bitrate: 1500 kbps | tp: 0 kbps | trace_bw: 985 kbps
   t=20s | buffer: 2.7s | bitrate: 200 kbps | tp: 0 kbps | trace_bw: 1083 kbps
   t=31s | buffer: 1.1s | bitrate: 400 kbps | tp: 0 kbps | trace_bw: 804 kbps
   t=41s | buffer: 2.9s | bitrate: 200 kbps | tp: 0 kbps | trace_bw: 1160 kbps
   t=51s | buffer: 2.6s | bitrate: 200 kbps | tp: 0 kbps | trace_bw: 1266 kbps
   t=61s | buffer: 2.5s | bitrate: 400 kbps | tp: 0 kbps | trace_bw: 1458 kbps
   t=72s | buffer: 0.2s | bitrate: 100 kbps | tp: 0 kbps | trace_bw: 1059 kbps
   t=82s | buffer: 2.1s | bitrate: 400 kbps | tp: 0 kbps | trace_bw: 1720 kbps
   t=92s | buffer: 2.0s | bitrate: 200 kbps | tp: 0 kbps | trace_bw: 1211 kbps
   t=102s | buffer: 1.7s | bitrate: 200 kbps | tp: 0 kbps | trace_bw: 1755 kbps
   t=113s | buffer: 1.6s | bitrate: 600 kbps | tp: 0 kbps | trace_bw: 1428 kbps

======================================================================
  BENCHMARK RESULTS (LLDASH-GPAC / dash.js / BOLA)
======================================================================

  [TIMING]
      Startup delay:     270 ms
      Playback time:     116.3 s

  [BITRATE]
      Average (selected):  682 kbps
      Average (effective): 659 kbps
      Min / Max:           100 / 2,000 kbps
      Median:              400 kbps
      Std deviation:       630.8 kbps
      Variance:            397,923.9
      25th/75th %ile:      200 / 800 kbps

  [SWITCHES]
      Total count:       16
      Up / Down:         8 / 8
      Avg magnitude:     300 kbps

  [REBUFFERING]
      Events:            12
      Total time:        4,094 ms
      Ratio:             3.4002%
      Frequency:         6.190 per minute
      Avg duration:      341 ms
      Max duration:      1,755 ms

  [THROUGHPUT]
      Average:           0 kbps
      Median:            0 kbps
      Min / Max:         0 / 0 kbps
      Std deviation:     0.0 kbps

  [AVAILABLE BW (trace)]
      Average:           1,541 kbps
      Min / Max:         462 / 19,667 kbps

  [BUFFER]
      Average level:     1.8 s
      Min / Max:         0.1 / 3.7 s

  [UTILIZATION]
      Bandwidth:         53.9%

======================================================================

[SAVED] results/run_all_20260607_000000/lldash-gpac_puffer/benchmark_lldash-gpac_puffer_049_univision_tc_20260607_233412.json

──────────────────────────────────────────────────────────────────────
  [51/150] puffer_050_abc_tc.csv
──────────────────────────────────────────────────────────────────────
[TRACE] puffer_050_abc_tc.csv
[LLDASH-GPAC] Trace file ready; gpac_server uses in-process bandwidth pacing.

======================================================================
  LLDASH-GPAC Streaming QoE Benchmark (dash.js / BOLA)
======================================================================
  Server: http://localhost:8082/player.html?mpd=http://localhost:8082/manifest.mpd
======================================================================

[TRACE] Loaded 157 entries with bandwidth
[BROWSER] Launching headless Chromium...
[BROWSER] Waiting for playback to start...
   Startup delay: 316ms

[PLAYBACK] Collecting metrics...
   t=10s | buffer: 0.1s | bitrate: 1200 kbps | tp: 0 kbps | trace_bw: 1190 kbps
   t=20s | buffer: 2.6s | bitrate: 200 kbps | tp: 0 kbps | trace_bw: 3622 kbps
   t=31s | buffer: 2.2s | bitrate: 200 kbps | tp: 0 kbps | trace_bw: 1228 kbps
   t=41s | buffer: 2.1s | bitrate: 200 kbps | tp: 0 kbps | trace_bw: 152 kbps
   t=51s | buffer: 2.4s | bitrate: 200 kbps | tp: 0 kbps | trace_bw: 1843 kbps
   t=61s | buffer: 2.0s | bitrate: 400 kbps | tp: 0 kbps | trace_bw: 133 kbps
   t=72s | buffer: 2.1s | bitrate: 100 kbps | tp: 0 kbps | trace_bw: 403 kbps
   t=82s | buffer: 1.8s | bitrate: 100 kbps | tp: 0 kbps | trace_bw: 1205 kbps
   t=92s | buffer: 3.4s | bitrate: 100 kbps | tp: 0 kbps | trace_bw: 2614 kbps
   t=102s | buffer: 3.3s | bitrate: 200 kbps | tp: 0 kbps | trace_bw: 79 kbps
   t=113s | buffer: 3.0s | bitrate: 200 kbps | tp: 0 kbps | trace_bw: 2416 kbps

======================================================================
  BENCHMARK RESULTS (LLDASH-GPAC / dash.js / BOLA)
======================================================================

  [TIMING]
      Startup delay:     316 ms
      Playback time:     108.7 s

  [BITRATE]
      Average (selected):  406 kbps
      Average (effective): 366 kbps
      Min / Max:           100 / 1,200 kbps
      Median:              200 kbps
      Std deviation:       342.1 kbps
      Variance:            117,024.2
      25th/75th %ile:      200 / 400 kbps

  [SWITCHES]
      Total count:       16
      Up / Down:         8 / 8
      Avg magnitude:     262 kbps

  [REBUFFERING]
      Events:            8
      Total time:        11,701 ms
      Ratio:             9.7158%
      Frequency:         4.415 per minute
      Avg duration:      1,463 ms
      Max duration:      4,860 ms

  [THROUGHPUT]
      Average:           0 kbps
      Median:            0 kbps
      Min / Max:         0 / 0 kbps
      Std deviation:     0.0 kbps

  [AVAILABLE BW (trace)]
      Average:           1,323 kbps
      Min / Max:         54 / 3,622 kbps

  [BUFFER]
      Average level:     1.9 s
      Min / Max:         0.1 / 3.7 s

  [UTILIZATION]
      Bandwidth:         31.2%

======================================================================

[SAVED] results/run_all_20260607_000000/lldash-gpac_puffer/benchmark_lldash-gpac_puffer_050_abc_tc_20260607_233616.json

──────────────────────────────────────────────────────────────────────
  [52/150] puffer_051_fox_tc.csv
──────────────────────────────────────────────────────────────────────
[TRACE] puffer_051_fox_tc.csv
[LLDASH-GPAC] Trace file ready; gpac_server uses in-process bandwidth pacing.

======================================================================
  LLDASH-GPAC Streaming QoE Benchmark (dash.js / BOLA)
======================================================================
  Server: http://localhost:8082/player.html?mpd=http://localhost:8082/manifest.mpd
======================================================================

[TRACE] Loaded 157 entries with bandwidth
[BROWSER] Launching headless Chromium...
[BROWSER] Waiting for playback to start...
   Startup delay: 185ms

[PLAYBACK] Collecting metrics...
   t=10s | buffer: 1.5s | bitrate: 800 kbps | tp: 0 kbps | trace_bw: 9554 kbps
   t=21s | buffer: 0.1s | bitrate: 1200 kbps | tp: 0 kbps | trace_bw: 814 kbps
   t=31s | buffer: 0.1s | bitrate: 1200 kbps | tp: 0 kbps | trace_bw: 1803 kbps
   t=41s | buffer: 2.6s | bitrate: 100 kbps | tp: 0 kbps | trace_bw: 1857 kbps
   t=51s | buffer: 2.2s | bitrate: 100 kbps | tp: 0 kbps | trace_bw: 1887 kbps
   t=62s | buffer: 2.4s | bitrate: 100 kbps | tp: 0 kbps | trace_bw: 2165 kbps
   t=72s | buffer: 2.0s | bitrate: 200 kbps | tp: 0 kbps | trace_bw: 916 kbps
   t=82s | buffer: 1.8s | bitrate: 400 kbps | tp: 0 kbps | trace_bw: 3139 kbps
   t=92s | buffer: 1.6s | bitrate: 100 kbps | tp: 0 kbps | trace_bw: 200 kbps
   t=102s | buffer: 3.3s | bitrate: 100 kbps | tp: 0 kbps | trace_bw: 2765 kbps
   t=113s | buffer: 3.2s | bitrate: 100 kbps | tp: 0 kbps | trace_bw: 2359 kbps

======================================================================
  BENCHMARK RESULTS (LLDASH-GPAC / dash.js / BOLA)
======================================================================

  [TIMING]
      Startup delay:     185 ms
      Playback time:     89.9 s

  [BITRATE]
      Average (selected):  662 kbps
      Average (effective): 494 kbps
      Min / Max:           100 / 4,500 kbps
      Median:              200 kbps
      Std deviation:       1,154.6 kbps
      Variance:            1,333,136.1
      25th/75th %ile:      100 / 600 kbps

  [SWITCHES]
      Total count:       12
      Up / Down:         7 / 5
      Avg magnitude:     633 kbps

  [REBUFFERING]
      Events:            6
      Total time:        30,510 ms
      Ratio:             25.3395%
      Frequency:         4.005 per minute
      Avg duration:      5,929 ms
      Max duration:      19,841 ms

  [THROUGHPUT]
      Average:           0 kbps
      Median:            0 kbps
      Min / Max:         0 / 0 kbps
      Std deviation:     0.0 kbps

  [AVAILABLE BW (trace)]
      Average:           2,433 kbps
      Min / Max:         13 / 13,304 kbps

  [BUFFER]
      Average level:     1.7 s
      Min / Max:         0.1 / 3.7 s

  [UTILIZATION]
      Bandwidth:         60.9%

======================================================================

[SAVED] results/run_all_20260607_000000/lldash-gpac_puffer/benchmark_lldash-gpac_puffer_051_fox_tc_20260607_233820.json

──────────────────────────────────────────────────────────────────────
  [53/150] puffer_052_fox_tc.csv
──────────────────────────────────────────────────────────────────────
[TRACE] puffer_052_fox_tc.csv
[LLDASH-GPAC] Trace file ready; gpac_server uses in-process bandwidth pacing.

======================================================================
  LLDASH-GPAC Streaming QoE Benchmark (dash.js / BOLA)
======================================================================
  Server: http://localhost:8082/player.html?mpd=http://localhost:8082/manifest.mpd
======================================================================

[TRACE] Loaded 64 entries with bandwidth
[BROWSER] Launching headless Chromium...
[BROWSER] Waiting for playback to start...
   Startup delay: 499ms

[PLAYBACK] Collecting metrics...
   t=10s | buffer: 0.9s | bitrate: 1200 kbps | tp: 0 kbps | trace_bw: 2055 kbps
   t=20s | buffer: 0.7s | bitrate: 600 kbps | tp: 0 kbps | trace_bw: 506 kbps
   t=31s | buffer: 2.8s | bitrate: 400 kbps | tp: 0 kbps | trace_bw: 1822 kbps
   t=41s | buffer: 0.5s | bitrate: 400 kbps | tp: 0 kbps | trace_bw: 454 kbps
   t=51s | buffer: 3.0s | bitrate: 200 kbps | tp: 0 kbps | trace_bw: 762 kbps
   t=61s | buffer: 2.7s | bitrate: 200 kbps | tp: 0 kbps | trace_bw: 1216 kbps
   t=72s | buffer: 2.3s | bitrate: 400 kbps | tp: 0 kbps | trace_bw: 1719 kbps
   t=82s | buffer: 2.5s | bitrate: 400 kbps | tp: 0 kbps | trace_bw: 2434 kbps
   t=92s | buffer: 2.3s | bitrate: 400 kbps | tp: 0 kbps | trace_bw: 1728 kbps
   t=102s | buffer: 2.0s | bitrate: 600 kbps | tp: 0 kbps | trace_bw: 819 kbps
   t=113s | buffer: 2.1s | bitrate: 200 kbps | tp: 0 kbps | trace_bw: 819 kbps

======================================================================
  BENCHMARK RESULTS (LLDASH-GPAC / dash.js / BOLA)
======================================================================

  [TIMING]
      Startup delay:     499 ms
      Playback time:     117.6 s

  [BITRATE]
      Average (selected):  540 kbps
      Average (effective): 526 kbps
      Min / Max:           100 / 1,500 kbps
      Median:              400 kbps
      Std deviation:       365.2 kbps
      Variance:            133,400.0
      25th/75th %ile:      400 / 600 kbps

  [SWITCHES]
      Total count:       19
      Up / Down:         8 / 11
      Avg magnitude:     263 kbps

  [REBUFFERING]
      Events:            15
      Total time:        3,021 ms
      Ratio:             2.5035%
      Frequency:         7.650 per minute
      Avg duration:      201 ms
      Max duration:      451 ms

  [THROUGHPUT]
      Average:           0 kbps
      Median:            0 kbps
      Min / Max:         0 / 0 kbps
      Std deviation:     0.0 kbps

  [AVAILABLE BW (trace)]
      Average:           1,374 kbps
      Min / Max:         381 / 5,180 kbps

  [BUFFER]
      Average level:     1.7 s
      Min / Max:         0.1 / 3.7 s

  [UTILIZATION]
      Bandwidth:         44.4%

======================================================================

[SAVED] results/run_all_20260607_000000/lldash-gpac_puffer/benchmark_lldash-gpac_puffer_052_fox_tc_20260607_234024.json

──────────────────────────────────────────────────────────────────────
  [54/150] puffer_053_abc_tc.csv
──────────────────────────────────────────────────────────────────────
[TRACE] puffer_053_abc_tc.csv
[LLDASH-GPAC] Trace file ready; gpac_server uses in-process bandwidth pacing.

======================================================================
  LLDASH-GPAC Streaming QoE Benchmark (dash.js / BOLA)
======================================================================
  Server: http://localhost:8082/player.html?mpd=http://localhost:8082/manifest.mpd
======================================================================

[TRACE] Loaded 61 entries with bandwidth
[BROWSER] Launching headless Chromium...
[BROWSER] Waiting for playback to start...
   Startup delay: 1287ms

[PLAYBACK] Collecting metrics...
   t=10s | buffer: 2.0s | bitrate: 100 kbps | tp: 0 kbps | trace_bw: 403 kbps
   t=21s | buffer: 0.4s | bitrate: 100 kbps | tp: 0 kbps | trace_bw: 33 kbps
   t=31s | buffer: 0.1s | bitrate: 100 kbps | tp: 0 kbps | trace_bw: 27 kbps
   t=41s | buffer: 0.5s | bitrate: 100 kbps | tp: 0 kbps | trace_bw: 8 kbps
   t=51s | buffer: 1.7s | bitrate: 100 kbps | tp: 0 kbps | trace_bw: 378 kbps
   t=61s | buffer: 1.6s | bitrate: 100 kbps | tp: 0 kbps | trace_bw: 500 kbps
   t=72s | buffer: 2.2s | bitrate: 100 kbps | tp: 0 kbps | trace_bw: 3963 kbps
   t=82s | buffer: 0.1s | bitrate: 100 kbps | tp: 0 kbps | trace_bw: 38 kbps
   t=92s | buffer: 3.0s | bitrate: 200 kbps | tp: 0 kbps | trace_bw: 49 kbps
   t=102s | buffer: 1.8s | bitrate: 100 kbps | tp: 0 kbps | trace_bw: 3492 kbps
   t=113s | buffer: 2.1s | bitrate: 100 kbps | tp: 0 kbps | trace_bw: 99 kbps

======================================================================
  BENCHMARK RESULTS (LLDASH-GPAC / dash.js / BOLA)
======================================================================

  [TIMING]
      Startup delay:     1,287 ms
      Playback time:     101.8 s

  [BITRATE]
      Average (selected):  143 kbps
      Average (effective): 120 kbps
      Min / Max:           100 / 200 kbps
      Median:              100 kbps
      Std deviation:       49.5 kbps
      Variance:            2,449.0
      25th/75th %ile:      100 / 200 kbps

  [SWITCHES]
      Total count:       6
      Up / Down:         3 / 3
      Avg magnitude:     100 kbps

  [REBUFFERING]
      Events:            11
      Total time:        19,729 ms
      Ratio:             16.2371%
      Frequency:         6.485 per minute
      Avg duration:      1,794 ms
      Max duration:      3,422 ms

  [THROUGHPUT]
      Average:           0 kbps
      Median:            0 kbps
      Min / Max:         0 / 0 kbps
      Std deviation:     0.0 kbps

  [AVAILABLE BW (trace)]
      Average:           2,086 kbps
      Min / Max:         8 / 6,412 kbps

  [BUFFER]
      Average level:     1.8 s
      Min / Max:         0.1 / 3.7 s

  [UTILIZATION]
      Bandwidth:         11.9%

======================================================================

[SAVED] results/run_all_20260607_000000/lldash-gpac_puffer/benchmark_lldash-gpac_puffer_053_abc_tc_20260607_234228.json

──────────────────────────────────────────────────────────────────────
  [55/150] puffer_054_pbs_tc.csv
──────────────────────────────────────────────────────────────────────
[TRACE] puffer_054_pbs_tc.csv
[LLDASH-GPAC] Trace file ready; gpac_server uses in-process bandwidth pacing.

======================================================================
  LLDASH-GPAC Streaming QoE Benchmark (dash.js / BOLA)
======================================================================
  Server: http://localhost:8082/player.html?mpd=http://localhost:8082/manifest.mpd
======================================================================

[TRACE] Loaded 50 entries with bandwidth
[BROWSER] Launching headless Chromium...
[BROWSER] Waiting for playback to start...
   Startup delay: 222ms

[PLAYBACK] Collecting metrics...
   t=10s | buffer: 1.4s | bitrate: 800 kbps | tp: 0 kbps | trace_bw: 1477 kbps
   t=20s | buffer: 1.2s | bitrate: 600 kbps | tp: 0 kbps | trace_bw: 1343 kbps
   t=31s | buffer: 1.0s | bitrate: 400 kbps | tp: 0 kbps | trace_bw: 1522 kbps
   t=41s | buffer: 2.9s | bitrate: 400 kbps | tp: 0 kbps | trace_bw: 1737 kbps
   t=51s | buffer: 0.5s | bitrate: 800 kbps | tp: 0 kbps | trace_bw: 1759 kbps
   t=61s | buffer: 3.0s | bitrate: 600 kbps | tp: 0 kbps | trace_bw: 1123 kbps
   t=72s | buffer: 2.6s | bitrate: 600 kbps | tp: 0 kbps | trace_bw: 1851 kbps
   t=82s | buffer: 0.3s | bitrate: 200 kbps | tp: 0 kbps | trace_bw: 2668 kbps
   t=92s | buffer: 2.2s | bitrate: 400 kbps | tp: 0 kbps | trace_bw: 1608 kbps
   t=102s | buffer: 2.1s | bitrate: 400 kbps | tp: 0 kbps | trace_bw: 1608 kbps
   t=113s | buffer: 2.0s | bitrate: 600 kbps | tp: 0 kbps | trace_bw: 1608 kbps

======================================================================
  BENCHMARK RESULTS (LLDASH-GPAC / dash.js / BOLA)
======================================================================

  [TIMING]
      Startup delay:     222 ms
      Playback time:     115.4 s

  [BITRATE]
      Average (selected):  731 kbps
      Average (effective): 702 kbps
      Min / Max:           100 / 3,000 kbps
      Median:              600 kbps
      Std deviation:       718.3 kbps
      Variance:            515,898.4
      25th/75th %ile:      400 / 800 kbps

  [SWITCHES]
      Total count:       15
      Up / Down:         7 / 8
      Avg magnitude:     413 kbps

  [REBUFFERING]
      Events:            7
      Total time:        4,875 ms
      Ratio:             4.0529%
      Frequency:         3.639 per minute
      Avg duration:      696 ms
      Max duration:      2,181 ms

  [THROUGHPUT]
      Average:           0 kbps
      Median:            0 kbps
      Min / Max:         0 / 0 kbps
      Std deviation:     0.0 kbps

  [AVAILABLE BW (trace)]
      Average:           1,630 kbps
      Min / Max:         214 / 3,027 kbps

  [BUFFER]
      Average level:     1.8 s
      Min / Max:         0.1 / 3.5 s

  [UTILIZATION]
      Bandwidth:         45.5%

======================================================================

[SAVED] results/run_all_20260607_000000/lldash-gpac_puffer/benchmark_lldash-gpac_puffer_054_pbs_tc_20260607_234433.json

──────────────────────────────────────────────────────────────────────
  [56/150] puffer_055_abc_tc.csv
──────────────────────────────────────────────────────────────────────
[TRACE] puffer_055_abc_tc.csv
[LLDASH-GPAC] Trace file ready; gpac_server uses in-process bandwidth pacing.

======================================================================
  LLDASH-GPAC Streaming QoE Benchmark (dash.js / BOLA)
======================================================================
  Server: http://localhost:8082/player.html?mpd=http://localhost:8082/manifest.mpd
======================================================================

[TRACE] Loaded 84 entries with bandwidth
[BROWSER] Launching headless Chromium...
[BROWSER] Waiting for playback to start...
   Startup delay: 288ms

[PLAYBACK] Collecting metrics...
   t=10s | buffer: 1.9s | bitrate: 200 kbps | tp: 0 kbps | trace_bw: 1902 kbps
   t=20s | buffer: 0.8s | bitrate: 600 kbps | tp: 0 kbps | trace_bw: 287 kbps
   t=31s | buffer: 3.1s | bitrate: 400 kbps | tp: 0 kbps | trace_bw: 5344 kbps
   t=41s | buffer: 0.1s | bitrate: 400 kbps | tp: 0 kbps | trace_bw: 1000 kbps
   t=51s | buffer: 0.1s | bitrate: 400 kbps | tp: 0 kbps | trace_bw: 2294 kbps
   t=61s | buffer: 2.0s | bitrate: 100 kbps | tp: 0 kbps | trace_bw: 2824 kbps
   t=72s | buffer: 0.1s | bitrate: 100 kbps | tp: 0 kbps | trace_bw: 134 kbps
   t=82s | buffer: 2.6s | bitrate: 100 kbps | tp: 0 kbps | trace_bw: 24 kbps
   t=92s | buffer: 2.2s | bitrate: 100 kbps | tp: 0 kbps | trace_bw: 78 kbps
   t=102s | buffer: 0.3s | bitrate: 100 kbps | tp: 0 kbps | trace_bw: 4511 kbps
   t=112s | buffer: 0.1s | bitrate: 100 kbps | tp: 0 kbps | trace_bw: 81 kbps

======================================================================
  BENCHMARK RESULTS (LLDASH-GPAC / dash.js / BOLA)
======================================================================

  [TIMING]
      Startup delay:     288 ms
      Playback time:     70.7 s

  [BITRATE]
      Average (selected):  529 kbps
      Average (effective): 310 kbps
      Min / Max:           100 / 1,500 kbps
      Median:              400 kbps
      Std deviation:       465.1 kbps
      Variance:            216,326.5
      25th/75th %ile:      100 / 800 kbps

  [SWITCHES]
      Total count:       6
      Up / Down:         2 / 4
      Avg magnitude:     400 kbps

  [REBUFFERING]
      Events:            11
      Total time:        49,641 ms
      Ratio:             41.2648%
      Frequency:         9.341 per minute
      Avg duration:      4,513 ms
      Max duration:      19,665 ms

  [THROUGHPUT]
      Average:           0 kbps
      Median:            0 kbps
      Min / Max:         0 / 0 kbps
      Std deviation:     0.0 kbps

  [AVAILABLE BW (trace)]
      Average:           2,097 kbps
      Min / Max:         4 / 5,940 kbps

  [BUFFER]
      Average level:     1.3 s
      Min / Max:         0.1 / 3.8 s

  [UTILIZATION]
      Bandwidth:         27.8%

======================================================================

[SAVED] results/run_all_20260607_000000/lldash-gpac_puffer/benchmark_lldash-gpac_puffer_055_abc_tc_20260607_234637.json

──────────────────────────────────────────────────────────────────────
  [57/150] puffer_056_cbs_tc.csv
──────────────────────────────────────────────────────────────────────
[TRACE] puffer_056_cbs_tc.csv
[LLDASH-GPAC] Trace file ready; gpac_server uses in-process bandwidth pacing.

======================================================================
  LLDASH-GPAC Streaming QoE Benchmark (dash.js / BOLA)
======================================================================
  Server: http://localhost:8082/player.html?mpd=http://localhost:8082/manifest.mpd
======================================================================

[TRACE] Loaded 79 entries with bandwidth
[BROWSER] Launching headless Chromium...
[BROWSER] Waiting for playback to start...
   Startup delay: 202ms

[PLAYBACK] Collecting metrics...
   t=10s | buffer: 0.1s | bitrate: 2000 kbps | tp: 0 kbps | trace_bw: 1712 kbps
   t=20s | buffer: 0.7s | bitrate: 600 kbps | tp: 0 kbps | trace_bw: 2533 kbps
   t=31s | buffer: 2.7s | bitrate: 800 kbps | tp: 0 kbps | trace_bw: 3798 kbps
   t=41s | buffer: 0.1s | bitrate: 400 kbps | tp: 0 kbps | trace_bw: 226 kbps
   t=51s | buffer: 0.3s | bitrate: 600 kbps | tp: 0 kbps | trace_bw: 455 kbps
   t=61s | buffer: 1.3s | bitrate: 400 kbps | tp: 0 kbps | trace_bw: 821 kbps
   t=72s | buffer: 3.2s | bitrate: 200 kbps | tp: 0 kbps | trace_bw: 1378 kbps
   t=82s | buffer: 1.6s | bitrate: 400 kbps | tp: 0 kbps | trace_bw: 2742 kbps
   t=92s | buffer: 0.1s | bitrate: 400 kbps | tp: 0 kbps | trace_bw: 2745 kbps
   t=102s | buffer: 2.9s | bitrate: 200 kbps | tp: 0 kbps | trace_bw: 2264 kbps
   t=112s | buffer: 0.8s | bitrate: 200 kbps | tp: 0 kbps | trace_bw: 206 kbps

======================================================================
  BENCHMARK RESULTS (LLDASH-GPAC / dash.js / BOLA)
======================================================================

  [TIMING]
      Startup delay:     202 ms
      Playback time:     101.1 s

  [BITRATE]
      Average (selected):  642 kbps
      Average (effective): 540 kbps
      Min / Max:           100 / 3,000 kbps
      Median:              400 kbps
      Std deviation:       641.6 kbps
      Variance:            411,671.6
      25th/75th %ile:      200 / 800 kbps

  [SWITCHES]
      Total count:       25
      Up / Down:         13 / 12
      Avg magnitude:     600 kbps

  [REBUFFERING]
      Events:            12
      Total time:        19,128 ms
      Ratio:             15.9143%
      Frequency:         7.124 per minute
      Avg duration:      1,594 ms
      Max duration:      5,203 ms

  [THROUGHPUT]
      Average:           0 kbps
      Median:            0 kbps
      Min / Max:         0 / 0 kbps
      Std deviation:     0.0 kbps

  [AVAILABLE BW (trace)]
      Average:           1,830 kbps
      Min / Max:         83 / 8,281 kbps

  [BUFFER]
      Average level:     1.6 s
      Min / Max:         0.1 / 3.6 s

  [UTILIZATION]
      Bandwidth:         35.1%

======================================================================

[SAVED] results/run_all_20260607_000000/lldash-gpac_puffer/benchmark_lldash-gpac_puffer_056_cbs_tc_20260607_234841.json

──────────────────────────────────────────────────────────────────────
  [58/150] puffer_057_cbs_tc.csv
──────────────────────────────────────────────────────────────────────
[TRACE] puffer_057_cbs_tc.csv
[LLDASH-GPAC] Trace file ready; gpac_server uses in-process bandwidth pacing.

======================================================================
  LLDASH-GPAC Streaming QoE Benchmark (dash.js / BOLA)
======================================================================
  Server: http://localhost:8082/player.html?mpd=http://localhost:8082/manifest.mpd
======================================================================

[TRACE] Loaded 147 entries with bandwidth
[BROWSER] Launching headless Chromium...
[BROWSER] Waiting for playback to start...
   Startup delay: 246ms

[PLAYBACK] Collecting metrics...
   t=10s | buffer: 0.1s | bitrate: 1200 kbps | tp: 0 kbps | trace_bw: 643 kbps
   t=20s | buffer: 3.1s | bitrate: 400 kbps | tp: 0 kbps | trace_bw: 3148 kbps
   t=31s | buffer: 1.1s | bitrate: 400 kbps | tp: 0 kbps | trace_bw: 959 kbps
   t=41s | buffer: 2.7s | bitrate: 400 kbps | tp: 0 kbps | trace_bw: 949 kbps
   t=51s | buffer: 2.4s | bitrate: 400 kbps | tp: 0 kbps | trace_bw: 2320 kbps
   t=61s | buffer: 2.3s | bitrate: 600 kbps | tp: 0 kbps | trace_bw: 1680 kbps
   t=72s | buffer: 2.0s | bitrate: 800 kbps | tp: 0 kbps | trace_bw: 2215 kbps
   t=82s | buffer: 1.9s | bitrate: 800 kbps | tp: 0 kbps | trace_bw: 2251 kbps
   t=92s | buffer: 2.1s | bitrate: 1200 kbps | tp: 0 kbps | trace_bw: 2605 kbps
   t=102s | buffer: 2.1s | bitrate: 800 kbps | tp: 0 kbps | trace_bw: 1094 kbps
   t=113s | buffer: 2.4s | bitrate: 800 kbps | tp: 0 kbps | trace_bw: 2415 kbps

======================================================================
  BENCHMARK RESULTS (LLDASH-GPAC / dash.js / BOLA)
======================================================================

  [TIMING]
      Startup delay:     246 ms
      Playback time:     113.4 s

  [BITRATE]
      Average (selected):  860 kbps
      Average (effective): 810 kbps
      Min / Max:           100 / 2,000 kbps
      Median:              800 kbps
      Std deviation:       509.6 kbps
      Variance:            259,733.3
      25th/75th %ile:      400 / 1,200 kbps

  [SWITCHES]
      Total count:       14
      Up / Down:         7 / 7
      Avg magnitude:     614 kbps

  [REBUFFERING]
      Events:            8
      Total time:        7,000 ms
      Ratio:             5.8129%
      Frequency:         4.232 per minute
      Avg duration:      875 ms
      Max duration:      3,557 ms

  [THROUGHPUT]
      Average:           0 kbps
      Median:            0 kbps
      Min / Max:         0 / 0 kbps
      Std deviation:     0.0 kbps

  [AVAILABLE BW (trace)]
      Average:           2,337 kbps
      Min / Max:         242 / 5,911 kbps

  [BUFFER]
      Average level:     1.8 s
      Min / Max:         0.1 / 3.6 s

  [UTILIZATION]
      Bandwidth:         38.8%

======================================================================

[SAVED] results/run_all_20260607_000000/lldash-gpac_puffer/benchmark_lldash-gpac_puffer_057_cbs_tc_20260607_235045.json

──────────────────────────────────────────────────────────────────────
  [59/150] puffer_058_abc_tc.csv
──────────────────────────────────────────────────────────────────────
[TRACE] puffer_058_abc_tc.csv
[LLDASH-GPAC] Trace file ready; gpac_server uses in-process bandwidth pacing.

======================================================================
  LLDASH-GPAC Streaming QoE Benchmark (dash.js / BOLA)
======================================================================
  Server: http://localhost:8082/player.html?mpd=http://localhost:8082/manifest.mpd
======================================================================

[TRACE] Loaded 144 entries with bandwidth
[BROWSER] Launching headless Chromium...
[BROWSER] Waiting for playback to start...
   Startup delay: 215ms

[PLAYBACK] Collecting metrics...
   t=10s | buffer: 0.1s | bitrate: 3000 kbps | tp: 0 kbps | trace_bw: 674 kbps
   t=20s | buffer: 0.1s | bitrate: 3000 kbps | tp: 0 kbps | trace_bw: 3447 kbps
   t=31s | buffer: 1.6s | bitrate: 100 kbps | tp: 0 kbps | trace_bw: 4020 kbps
   t=41s | buffer: 1.6s | bitrate: 100 kbps | tp: 0 kbps | trace_bw: 133 kbps
   t=51s | buffer: 3.2s | bitrate: 100 kbps | tp: 0 kbps | trace_bw: 3525 kbps
   t=61s | buffer: 3.1s | bitrate: 200 kbps | tp: 0 kbps | trace_bw: 4897 kbps
   t=72s | buffer: 2.7s | bitrate: 200 kbps | tp: 0 kbps | trace_bw: 2670 kbps
   t=82s | buffer: 2.6s | bitrate: 200 kbps | tp: 0 kbps | trace_bw: 5569 kbps
   t=92s | buffer: 2.3s | bitrate: 400 kbps | tp: 0 kbps | trace_bw: 150 kbps
   t=102s | buffer: 0.4s | bitrate: 400 kbps | tp: 0 kbps | trace_bw: 197 kbps
   t=113s | buffer: 2.9s | bitrate: 100 kbps | tp: 0 kbps | trace_bw: 3718 kbps

======================================================================
  BENCHMARK RESULTS (LLDASH-GPAC / dash.js / BOLA)
======================================================================

  [TIMING]
      Startup delay:     215 ms
      Playback time:     91.0 s

  [BITRATE]
      Average (selected):  538 kbps
      Average (effective): 407 kbps
      Min / Max:           100 / 3,000 kbps
      Median:              200 kbps
      Std deviation:       935.3 kbps
      Variance:            874,843.8
      25th/75th %ile:      100 / 400 kbps

  [SWITCHES]
      Total count:       7
      Up / Down:         4 / 3
      Avg magnitude:     543 kbps

  [REBUFFERING]
      Events:            6
      Total time:        29,267 ms
      Ratio:             24.3367%
      Frequency:         3.956 per minute
      Avg duration:      4,878 ms
      Max duration:      23,413 ms

  [THROUGHPUT]
      Average:           0 kbps
      Median:            0 kbps
      Min / Max:         0 / 0 kbps
      Std deviation:     0.0 kbps

  [AVAILABLE BW (trace)]
      Average:           2,448 kbps
      Min / Max:         26 / 5,569 kbps

  [BUFFER]
      Average level:     1.7 s
      Min / Max:         0.1 / 3.7 s

  [UTILIZATION]
      Bandwidth:         20.1%

======================================================================

[SAVED] results/run_all_20260607_000000/lldash-gpac_puffer/benchmark_lldash-gpac_puffer_058_abc_tc_20260607_235249.json

──────────────────────────────────────────────────────────────────────
  [60/150] puffer_059_abc_tc.csv
──────────────────────────────────────────────────────────────────────
[TRACE] puffer_059_abc_tc.csv
[LLDASH-GPAC] Trace file ready; gpac_server uses in-process bandwidth pacing.

======================================================================
  LLDASH-GPAC Streaming QoE Benchmark (dash.js / BOLA)
======================================================================
  Server: http://localhost:8082/player.html?mpd=http://localhost:8082/manifest.mpd
======================================================================

[TRACE] Loaded 84 entries with bandwidth
[BROWSER] Launching headless Chromium...
[BROWSER] Waiting for playback to start...
   Startup delay: 700ms

[PLAYBACK] Collecting metrics...
   t=10s | buffer: 1.0s | bitrate: 600 kbps | tp: 0 kbps | trace_bw: 1121 kbps
   t=20s | buffer: 3.1s | bitrate: 400 kbps | tp: 0 kbps | trace_bw: 1511 kbps
   t=31s | buffer: 2.6s | bitrate: 400 kbps | tp: 0 kbps | trace_bw: 1377 kbps
   t=41s | buffer: 1.0s | bitrate: 600 kbps | tp: 0 kbps | trace_bw: 1133 kbps
   t=51s | buffer: 2.9s | bitrate: 400 kbps | tp: 0 kbps | trace_bw: 1628 kbps
   t=61s | buffer: 2.5s | bitrate: 600 kbps | tp: 0 kbps | trace_bw: 2223 kbps
   t=72s | buffer: 2.4s | bitrate: 600 kbps | tp: 0 kbps | trace_bw: 1681 kbps
   t=82s | buffer: 2.1s | bitrate: 600 kbps | tp: 0 kbps | trace_bw: 1639 kbps
   t=92s | buffer: 2.0s | bitrate: 600 kbps | tp: 0 kbps | trace_bw: 3670 kbps
   t=102s | buffer: 1.6s | bitrate: 600 kbps | tp: 0 kbps | trace_bw: 2081 kbps
   t=113s | buffer: 1.5s | bitrate: 800 kbps | tp: 0 kbps | trace_bw: 3395 kbps

======================================================================
  BENCHMARK RESULTS (LLDASH-GPAC / dash.js / BOLA)
======================================================================

  [TIMING]
      Startup delay:     700 ms
      Playback time:     118.3 s

  [BITRATE]
      Average (selected):  424 kbps
      Average (effective): 415 kbps
      Min / Max:           100 / 800 kbps
      Median:              400 kbps
      Std deviation:       243.8 kbps
      Variance:            59,446.4
      25th/75th %ile:      200 / 600 kbps

  [SWITCHES]
      Total count:       16
      Up / Down:         10 / 6
      Avg magnitude:     300 kbps

  [REBUFFERING]
      Events:            6
      Total time:        2,467 ms
      Ratio:             2.0432%
      Frequency:         3.044 per minute
      Avg duration:      411 ms
      Max duration:      576 ms

  [THROUGHPUT]
      Average:           0 kbps
      Median:            0 kbps
      Min / Max:         0 / 0 kbps
      Std deviation:     0.0 kbps

  [AVAILABLE BW (trace)]
      Average:           1,973 kbps
      Min / Max:         228 / 4,000 kbps

  [BUFFER]
      Average level:     1.9 s
      Min / Max:         0.1 / 3.5 s

  [UTILIZATION]
      Bandwidth:         23.5%

======================================================================

[SAVED] results/run_all_20260607_000000/lldash-gpac_puffer/benchmark_lldash-gpac_puffer_059_abc_tc_20260607_235453.json

──────────────────────────────────────────────────────────────────────
  [61/150] puffer_060_pbs_tc.csv
──────────────────────────────────────────────────────────────────────
[TRACE] puffer_060_pbs_tc.csv
[LLDASH-GPAC] Trace file ready; gpac_server uses in-process bandwidth pacing.

======================================================================
  LLDASH-GPAC Streaming QoE Benchmark (dash.js / BOLA)
======================================================================
  Server: http://localhost:8082/player.html?mpd=http://localhost:8082/manifest.mpd
======================================================================

[TRACE] Loaded 120 entries with bandwidth
[BROWSER] Launching headless Chromium...
[BROWSER] Waiting for playback to start...
   Startup delay: 1165ms

[PLAYBACK] Collecting metrics...
   t=10s | buffer: 0.1s | bitrate: 800 kbps | tp: 0 kbps | trace_bw: 656 kbps
   t=20s | buffer: 2.5s | bitrate: 100 kbps | tp: 0 kbps | trace_bw: 1050 kbps
   t=31s | buffer: 1.6s | bitrate: 200 kbps | tp: 0 kbps | trace_bw: 2511 kbps
   t=41s | buffer: 2.3s | bitrate: 200 kbps | tp: 0 kbps | trace_bw: 2623 kbps
   t=51s | buffer: 1.9s | bitrate: 200 kbps | tp: 0 kbps | trace_bw: 458 kbps
   t=61s | buffer: 1.8s | bitrate: 200 kbps | tp: 0 kbps | trace_bw: 642 kbps
   t=72s | buffer: 1.4s | bitrate: 400 kbps | tp: 0 kbps | trace_bw: 585 kbps
   t=82s | buffer: 1.9s | bitrate: 400 kbps | tp: 0 kbps | trace_bw: 2361 kbps
   t=92s | buffer: 1.8s | bitrate: 400 kbps | tp: 0 kbps | trace_bw: 1924 kbps
   t=102s | buffer: 1.7s | bitrate: 400 kbps | tp: 0 kbps | trace_bw: 1414 kbps
   t=113s | buffer: 3.0s | bitrate: 200 kbps | tp: 0 kbps | trace_bw: 874 kbps

======================================================================
  BENCHMARK RESULTS (LLDASH-GPAC / dash.js / BOLA)
======================================================================

  [TIMING]
      Startup delay:     1,165 ms
      Playback time:     106.7 s

  [BITRATE]
      Average (selected):  355 kbps
      Average (effective): 312 kbps
      Min / Max:           100 / 800 kbps
      Median:              400 kbps
      Std deviation:       197.1 kbps
      Variance:            38,843.0
      25th/75th %ile:      200 / 400 kbps

  [SWITCHES]
      Total count:       10
      Up / Down:         6 / 4
      Avg magnitude:     260 kbps

  [REBUFFERING]
      Events:            8
      Total time:        14,485 ms
      Ratio:             11.9499%
      Frequency:         4.497 per minute
      Avg duration:      1,811 ms
      Max duration:      8,721 ms

  [THROUGHPUT]
      Average:           0 kbps
      Median:            0 kbps
      Min / Max:         0 / 0 kbps
      Std deviation:     0.0 kbps

  [AVAILABLE BW (trace)]
      Average:           1,627 kbps
      Min / Max:         58 / 2,626 kbps

  [BUFFER]
      Average level:     1.9 s
      Min / Max:         0.1 / 3.6 s

  [UTILIZATION]
      Bandwidth:         18.2%

======================================================================

[SAVED] results/run_all_20260607_000000/lldash-gpac_puffer/benchmark_lldash-gpac_puffer_060_pbs_tc_20260607_235657.json

──────────────────────────────────────────────────────────────────────
  [62/150] puffer_061_nbc_tc.csv
──────────────────────────────────────────────────────────────────────
[TRACE] puffer_061_nbc_tc.csv
[LLDASH-GPAC] Trace file ready; gpac_server uses in-process bandwidth pacing.

======================================================================
  LLDASH-GPAC Streaming QoE Benchmark (dash.js / BOLA)
======================================================================
  Server: http://localhost:8082/player.html?mpd=http://localhost:8082/manifest.mpd
======================================================================

[TRACE] Loaded 154 entries with bandwidth
[BROWSER] Launching headless Chromium...
[BROWSER] Waiting for playback to start...
   Startup delay: 233ms

[PLAYBACK] Collecting metrics...
   t=10s | buffer: 0.1s | bitrate: 600 kbps | tp: 0 kbps | trace_bw: 49 kbps
   t=20s | buffer: 0.1s | bitrate: 600 kbps | tp: 0 kbps | trace_bw: 1025 kbps
   t=31s | buffer: 3.3s | bitrate: 100 kbps | tp: 0 kbps | trace_bw: 2089 kbps
   t=41s | buffer: 1.0s | bitrate: 100 kbps | tp: 0 kbps | trace_bw: 857 kbps
   t=51s | buffer: 2.9s | bitrate: 100 kbps | tp: 0 kbps | trace_bw: 2089 kbps
   t=61s | buffer: 2.5s | bitrate: 200 kbps | tp: 0 kbps | trace_bw: 472 kbps
   t=72s | buffer: 0.1s | bitrate: 200 kbps | tp: 0 kbps | trace_bw: 2187 kbps
   t=82s | buffer: 1.5s | bitrate: 100 kbps | tp: 0 kbps | trace_bw: 2100 kbps
   t=92s | buffer: 3.1s | bitrate: 100 kbps | tp: 0 kbps | trace_bw: 2220 kbps
   t=102s | buffer: 1.0s | bitrate: 400 kbps | tp: 0 kbps | trace_bw: 426 kbps
   t=113s | buffer: 2.7s | bitrate: 200 kbps | tp: 0 kbps | trace_bw: 2175 kbps

======================================================================
  BENCHMARK RESULTS (LLDASH-GPAC / dash.js / BOLA)
======================================================================

  [TIMING]
      Startup delay:     233 ms
      Playback time:     97.1 s

  [BITRATE]
      Average (selected):  409 kbps
      Average (effective): 330 kbps
      Min / Max:           100 / 2,000 kbps
      Median:              200 kbps
      Std deviation:       524.8 kbps
      Variance:            275,371.9
      25th/75th %ile:      100 / 400 kbps

  [SWITCHES]
      Total count:       10
      Up / Down:         5 / 5
      Avg magnitude:     400 kbps

  [REBUFFERING]
      Events:            5
      Total time:        23,290 ms
      Ratio:             19.3439%
      Frequency:         3.089 per minute
      Avg duration:      4,658 ms
      Max duration:      14,252 ms

  [THROUGHPUT]
      Average:           0 kbps
      Median:            0 kbps
      Min / Max:         0 / 0 kbps
      Std deviation:     0.0 kbps

  [AVAILABLE BW (trace)]
      Average:           1,400 kbps
      Min / Max:         15 / 2,222 kbps

  [BUFFER]
      Average level:     1.9 s
      Min / Max:         0.1 / 3.8 s

  [UTILIZATION]
      Bandwidth:         21.8%

======================================================================

[SAVED] results/run_all_20260607_000000/lldash-gpac_puffer/benchmark_lldash-gpac_puffer_061_nbc_tc_20260607_235902.json

──────────────────────────────────────────────────────────────────────
  [63/150] puffer_062_fox_tc.csv
──────────────────────────────────────────────────────────────────────
[TRACE] puffer_062_fox_tc.csv
[LLDASH-GPAC] Trace file ready; gpac_server uses in-process bandwidth pacing.

======================================================================
  LLDASH-GPAC Streaming QoE Benchmark (dash.js / BOLA)
======================================================================
  Server: http://localhost:8082/player.html?mpd=http://localhost:8082/manifest.mpd
======================================================================

[TRACE] Loaded 154 entries with bandwidth
[BROWSER] Launching headless Chromium...
[BROWSER] Waiting for playback to start...
   Startup delay: 1481ms

[PLAYBACK] Collecting metrics...
   t=10s | buffer: 1.9s | bitrate: 800 kbps | tp: 0 kbps | trace_bw: 5633 kbps
   t=20s | buffer: 1.7s | bitrate: 1200 kbps | tp: 0 kbps | trace_bw: 1963 kbps
   t=31s | buffer: 0.1s | bitrate: 1200 kbps | tp: 0 kbps | trace_bw: 3495 kbps
   t=41s | buffer: 0.1s | bitrate: 1200 kbps | tp: 0 kbps | trace_bw: 553 kbps
   t=51s | buffer: 2.8s | bitrate: 100 kbps | tp: 0 kbps | trace_bw: 5628 kbps
   t=61s | buffer: 2.7s | bitrate: 100 kbps | tp: 0 kbps | trace_bw: 2232 kbps
   t=72s | buffer: 0.4s | bitrate: 200 kbps | tp: 0 kbps | trace_bw: 75 kbps
   t=82s | buffer: 3.0s | bitrate: 200 kbps | tp: 0 kbps | trace_bw: 72 kbps
   t=92s | buffer: 2.7s | bitrate: 200 kbps | tp: 0 kbps | trace_bw: 4469 kbps
   t=102s | buffer: 0.6s | bitrate: 200 kbps | tp: 0 kbps | trace_bw: 136 kbps
   t=113s | buffer: 0.3s | bitrate: 200 kbps | tp: 0 kbps | trace_bw: 39 kbps

======================================================================
  BENCHMARK RESULTS (LLDASH-GPAC / dash.js / BOLA)
======================================================================

  [TIMING]
      Startup delay:     1,481 ms
      Playback time:     93.9 s

  [BITRATE]
      Average (selected):  500 kbps
      Average (effective): 386 kbps
      Min / Max:           100 / 1,500 kbps
      Median:              400 kbps
      Std deviation:       475.4 kbps
      Variance:            226,000.0
      25th/75th %ile:      100 / 800 kbps

  [SWITCHES]
      Total count:       9
      Up / Down:         6 / 3
      Avg magnitude:     367 kbps

  [REBUFFERING]
      Events:            6
      Total time:        27,670 ms
      Ratio:             22.7643%
      Frequency:         3.835 per minute
      Avg duration:      5,333 ms
      Max duration:      23,806 ms

  [THROUGHPUT]
      Average:           0 kbps
      Median:            0 kbps
      Min / Max:         0 / 0 kbps
      Std deviation:     0.0 kbps

  [AVAILABLE BW (trace)]
      Average:           2,780 kbps
      Min / Max:         39 / 5,700 kbps

  [BUFFER]
      Average level:     1.8 s
      Min / Max:         0.1 / 3.8 s

  [UTILIZATION]
      Bandwidth:         22.4%

======================================================================

[SAVED] results/run_all_20260607_000000/lldash-gpac_puffer/benchmark_lldash-gpac_puffer_062_fox_tc_20260608_000106.json

──────────────────────────────────────────────────────────────────────
  [64/150] puffer_063_cbs_tc.csv
──────────────────────────────────────────────────────────────────────
[TRACE] puffer_063_cbs_tc.csv
[LLDASH-GPAC] Trace file ready; gpac_server uses in-process bandwidth pacing.

======================================================================
  LLDASH-GPAC Streaming QoE Benchmark (dash.js / BOLA)
======================================================================
  Server: http://localhost:8082/player.html?mpd=http://localhost:8082/manifest.mpd
======================================================================

[TRACE] Loaded 152 entries with bandwidth
[BROWSER] Launching headless Chromium...
[BROWSER] Waiting for playback to start...
   Startup delay: 1209ms

[PLAYBACK] Collecting metrics...
   t=10s | buffer: 0.1s | bitrate: 100 kbps | tp: 0 kbps | trace_bw: 2562 kbps
   t=20s | buffer: 3.2s | bitrate: 400 kbps | tp: 0 kbps | trace_bw: 1634 kbps
   t=31s | buffer: 0.1s | bitrate: 400 kbps | tp: 0 kbps | trace_bw: 2568 kbps
   t=41s | buffer: 2.2s | bitrate: 400 kbps | tp: 0 kbps | trace_bw: 2611 kbps
   t=51s | buffer: 1.9s | bitrate: 400 kbps | tp: 0 kbps | trace_bw: 2541 kbps
   t=61s | buffer: 1.8s | bitrate: 400 kbps | tp: 0 kbps | trace_bw: 2605 kbps
   t=72s | buffer: 1.4s | bitrate: 1200 kbps | tp: 0 kbps | trace_bw: 107 kbps
   t=82s | buffer: 0.1s | bitrate: 1200 kbps | tp: 0 kbps | trace_bw: 2468 kbps
   t=92s | buffer: 1.2s | bitrate: 200 kbps | tp: 0 kbps | trace_bw: 117 kbps
   t=102s | buffer: 1.8s | bitrate: 200 kbps | tp: 0 kbps | trace_bw: 1838 kbps
   t=113s | buffer: 3.4s | bitrate: 200 kbps | tp: 0 kbps | trace_bw: 2566 kbps

======================================================================
  BENCHMARK RESULTS (LLDASH-GPAC / dash.js / BOLA)
======================================================================

  [TIMING]
      Startup delay:     1,209 ms
      Playback time:     104.4 s

  [BITRATE]
      Average (selected):  415 kbps
      Average (effective): 357 kbps
      Min / Max:           100 / 1,200 kbps
      Median:              400 kbps
      Std deviation:       323.1 kbps
      Variance:            104,378.7
      25th/75th %ile:      100 / 600 kbps

  [SWITCHES]
      Total count:       12
      Up / Down:         8 / 4
      Avg magnitude:     425 kbps

  [REBUFFERING]
      Events:            7
      Total time:        16,971 ms
      Ratio:             13.9839%
      Frequency:         4.023 per minute
      Avg duration:      2,424 ms
      Max duration:      12,213 ms

  [THROUGHPUT]
      Average:           0 kbps
      Median:            0 kbps
      Min / Max:         0 / 0 kbps
      Std deviation:     0.0 kbps

  [AVAILABLE BW (trace)]
      Average:           1,861 kbps
      Min / Max:         88 / 2,624 kbps

  [BUFFER]
      Average level:     1.9 s
      Min / Max:         0.1 / 3.7 s

  [UTILIZATION]
      Bandwidth:         18.1%

======================================================================

[SAVED] results/run_all_20260607_000000/lldash-gpac_puffer/benchmark_lldash-gpac_puffer_063_cbs_tc_20260608_000311.json

──────────────────────────────────────────────────────────────────────
  [65/150] puffer_064_fox_tc.csv
──────────────────────────────────────────────────────────────────────
[TRACE] puffer_064_fox_tc.csv
[LLDASH-GPAC] Trace file ready; gpac_server uses in-process bandwidth pacing.

======================================================================
  LLDASH-GPAC Streaming QoE Benchmark (dash.js / BOLA)
======================================================================
  Server: http://localhost:8082/player.html?mpd=http://localhost:8082/manifest.mpd
======================================================================

[TRACE] Loaded 79 entries with bandwidth
[BROWSER] Launching headless Chromium...
[BROWSER] Waiting for playback to start...
   Startup delay: 764ms

[PLAYBACK] Collecting metrics...
   t=10s | buffer: 2.0s | bitrate: 200 kbps | tp: 0 kbps | trace_bw: 573 kbps
   t=20s | buffer: 1.7s | bitrate: 100 kbps | tp: 0 kbps | trace_bw: 2406 kbps
   t=31s | buffer: 1.4s | bitrate: 400 kbps | tp: 0 kbps | trace_bw: 2379 kbps
   t=41s | buffer: 1.2s | bitrate: 200 kbps | tp: 0 kbps | trace_bw: 1898 kbps
   t=51s | buffer: 1.0s | bitrate: 400 kbps | tp: 0 kbps | trace_bw: 1763 kbps
   t=61s | buffer: 2.8s | bitrate: 400 kbps | tp: 0 kbps | trace_bw: 1647 kbps
   t=72s | buffer: 2.7s | bitrate: 600 kbps | tp: 0 kbps | trace_bw: 2385 kbps
   t=82s | buffer: 2.4s | bitrate: 400 kbps | tp: 0 kbps | trace_bw: 1920 kbps
   t=92s | buffer: 2.3s | bitrate: 600 kbps | tp: 0 kbps | trace_bw: 2002 kbps
   t=102s | buffer: 1.9s | bitrate: 800 kbps | tp: 0 kbps | trace_bw: 1400 kbps
   t=113s | buffer: 1.6s | bitrate: 1200 kbps | tp: 0 kbps | trace_bw: 2383 kbps

======================================================================
  BENCHMARK RESULTS (LLDASH-GPAC / dash.js / BOLA)
======================================================================

  [TIMING]
      Startup delay:     764 ms
      Playback time:     120.0 s

  [BITRATE]
      Average (selected):  638 kbps
      Average (effective): 634 kbps
      Min / Max:           100 / 1,200 kbps
      Median:              600 kbps
      Std deviation:       336.4 kbps
      Variance:            113,136.1
      25th/75th %ile:      400 / 800 kbps

  [SWITCHES]
      Total count:       12
      Up / Down:         6 / 6
      Avg magnitude:     300 kbps

  [REBUFFERING]
      Events:            5
      Total time:        936 ms
      Ratio:             0.7737%
      Frequency:         2.499 per minute
      Avg duration:      187 ms
      Max duration:      623 ms

  [THROUGHPUT]
      Average:           0 kbps
      Median:            0 kbps
      Min / Max:         0 / 0 kbps
      Std deviation:     0.0 kbps

  [AVAILABLE BW (trace)]
      Average:           1,848 kbps
      Min / Max:         279 / 2,738 kbps

  [BUFFER]
      Average level:     2.1 s
      Min / Max:         0.4 / 3.6 s

  [UTILIZATION]
      Bandwidth:         31.9%

======================================================================

[SAVED] results/run_all_20260607_000000/lldash-gpac_puffer/benchmark_lldash-gpac_puffer_064_fox_tc_20260608_000516.json

──────────────────────────────────────────────────────────────────────
  [66/150] puffer_065_cbs_tc.csv
──────────────────────────────────────────────────────────────────────
[TRACE] puffer_065_cbs_tc.csv
[LLDASH-GPAC] Trace file ready; gpac_server uses in-process bandwidth pacing.

======================================================================
  LLDASH-GPAC Streaming QoE Benchmark (dash.js / BOLA)
======================================================================
  Server: http://localhost:8082/player.html?mpd=http://localhost:8082/manifest.mpd
======================================================================

[TRACE] Loaded 96 entries with bandwidth
[BROWSER] Launching headless Chromium...
[BROWSER] Waiting for playback to start...
   Startup delay: 451ms

[PLAYBACK] Collecting metrics...
   t=10s | buffer: 0.7s | bitrate: 800 kbps | tp: 0 kbps | trace_bw: 2036 kbps
   t=20s | buffer: 2.8s | bitrate: 600 kbps | tp: 0 kbps | trace_bw: 2618 kbps
   t=31s | buffer: 2.7s | bitrate: 600 kbps | tp: 0 kbps | trace_bw: 4074 kbps
   t=41s | buffer: 2.4s | bitrate: 800 kbps | tp: 0 kbps | trace_bw: 5077 kbps
   t=51s | buffer: 2.3s | bitrate: 800 kbps | tp: 0 kbps | trace_bw: 3326 kbps
   t=61s | buffer: 1.9s | bitrate: 1200 kbps | tp: 0 kbps | trace_bw: 3466 kbps
   t=72s | buffer: 1.8s | bitrate: 1200 kbps | tp: 0 kbps | trace_bw: 2799 kbps
   t=82s | buffer: 1.1s | bitrate: 1200 kbps | tp: 0 kbps | trace_bw: 2131 kbps
   t=92s | buffer: 1.7s | bitrate: 800 kbps | tp: 0 kbps | trace_bw: 1446 kbps
   t=102s | buffer: 3.3s | bitrate: 800 kbps | tp: 0 kbps | trace_bw: 3326 kbps
   t=113s | buffer: 3.0s | bitrate: 800 kbps | tp: 0 kbps | trace_bw: 4336 kbps

======================================================================
  BENCHMARK RESULTS (LLDASH-GPAC / dash.js / BOLA)
======================================================================

  [TIMING]
      Startup delay:     451 ms
      Playback time:     115.9 s

  [BITRATE]
      Average (selected):  880 kbps
      Average (effective): 846 kbps
      Min / Max:           100 / 2,000 kbps
      Median:              800 kbps
      Std deviation:       460.0 kbps
      Variance:            211,600.0
      25th/75th %ile:      600 / 1,200 kbps

  [SWITCHES]
      Total count:       19
      Up / Down:         11 / 8
      Avg magnitude:     553 kbps

  [REBUFFERING]
      Events:            9
      Total time:        4,612 ms
      Ratio:             3.8274%
      Frequency:         4.660 per minute
      Avg duration:      479 ms
      Max duration:      939 ms

  [THROUGHPUT]
      Average:           0 kbps
      Median:            0 kbps
      Min / Max:         0 / 0 kbps
      Std deviation:     0.0 kbps

  [AVAILABLE BW (trace)]
      Average:           2,905 kbps
      Min / Max:         599 / 5,077 kbps

  [BUFFER]
      Average level:     1.9 s
      Min / Max:         0.1 / 3.4 s

  [UTILIZATION]
      Bandwidth:         31.1%

======================================================================

[SAVED] results/run_all_20260607_000000/lldash-gpac_puffer/benchmark_lldash-gpac_puffer_065_cbs_tc_20260608_000720.json

──────────────────────────────────────────────────────────────────────
  [67/150] puffer_066_nbc_tc.csv
──────────────────────────────────────────────────────────────────────
[TRACE] puffer_066_nbc_tc.csv
[LLDASH-GPAC] Trace file ready; gpac_server uses in-process bandwidth pacing.

======================================================================
  LLDASH-GPAC Streaming QoE Benchmark (dash.js / BOLA)
======================================================================
  Server: http://localhost:8082/player.html?mpd=http://localhost:8082/manifest.mpd
======================================================================

[TRACE] Loaded 64 entries with bandwidth
[BROWSER] Launching headless Chromium...
[BROWSER] Waiting for playback to start...
   Startup delay: 196ms

[PLAYBACK] Collecting metrics...
   t=10s | buffer: 1.3s | bitrate: 800 kbps | tp: 0 kbps | trace_bw: 5267 kbps
   t=20s | buffer: 1.6s | bitrate: 400 kbps | tp: 0 kbps | trace_bw: 9254 kbps
   t=31s | buffer: 2.1s | bitrate: 100 kbps | tp: 0 kbps | trace_bw: 7496 kbps
   t=41s | buffer: 3.2s | bitrate: 200 kbps | tp: 0 kbps | trace_bw: 17658 kbps
   t=51s | buffer: 2.8s | bitrate: 200 kbps | tp: 0 kbps | trace_bw: 7046 kbps
   t=61s | buffer: 1.6s | bitrate: 200 kbps | tp: 0 kbps | trace_bw: 1001 kbps
   t=72s | buffer: 1.3s | bitrate: 100 kbps | tp: 0 kbps | trace_bw: 235 kbps
   t=82s | buffer: 3.2s | bitrate: 100 kbps | tp: 0 kbps | trace_bw: 40068 kbps
   t=92s | buffer: 0.9s | bitrate: 100 kbps | tp: 0 kbps | trace_bw: 140 kbps
   t=102s | buffer: 2.8s | bitrate: 100 kbps | tp: 0 kbps | trace_bw: 4946 kbps
   t=113s | buffer: 2.4s | bitrate: 100 kbps | tp: 0 kbps | trace_bw: 1275 kbps

======================================================================
  BENCHMARK RESULTS (LLDASH-GPAC / dash.js / BOLA)
======================================================================

  [TIMING]
      Startup delay:     196 ms
      Playback time:     101.3 s

  [BITRATE]
      Average (selected):  545 kbps
      Average (effective): 459 kbps
      Min / Max:           100 / 3,000 kbps
      Median:              400 kbps
      Std deviation:       628.1 kbps
      Variance:            394,475.0
      25th/75th %ile:      200 / 600 kbps

  [SWITCHES]
      Total count:       19
      Up / Down:         10 / 9
      Avg magnitude:     347 kbps

  [REBUFFERING]
      Events:            9
      Total time:        18,892 ms
      Ratio:             15.7126%
      Frequency:         5.328 per minute
      Avg duration:      2,099 ms
      Max duration:      5,414 ms

  [THROUGHPUT]
      Average:           0 kbps
      Median:            0 kbps
      Min / Max:         0 / 0 kbps
      Std deviation:     0.0 kbps

  [AVAILABLE BW (trace)]
      Average:           5,590 kbps
      Min / Max:         113 / 40,068 kbps

  [BUFFER]
      Average level:     1.9 s
      Min / Max:         0.1 / 3.8 s

  [UTILIZATION]
      Bandwidth:         24.7%

======================================================================

[SAVED] results/run_all_20260607_000000/lldash-gpac_puffer/benchmark_lldash-gpac_puffer_066_nbc_tc_20260608_000924.json

──────────────────────────────────────────────────────────────────────
  [68/150] puffer_067_cbs_tc.csv
──────────────────────────────────────────────────────────────────────
[TRACE] puffer_067_cbs_tc.csv
[LLDASH-GPAC] Trace file ready; gpac_server uses in-process bandwidth pacing.

======================================================================
  LLDASH-GPAC Streaming QoE Benchmark (dash.js / BOLA)
======================================================================
  Server: http://localhost:8082/player.html?mpd=http://localhost:8082/manifest.mpd
======================================================================

[TRACE] Loaded 157 entries with bandwidth
[BROWSER] Launching headless Chromium...
[BROWSER] Waiting for playback to start...
   Startup delay: 759ms

[PLAYBACK] Collecting metrics...
   t=10s | buffer: 0.1s | bitrate: 1500 kbps | tp: 0 kbps | trace_bw: 729 kbps
   t=21s | buffer: 3.0s | bitrate: 400 kbps | tp: 0 kbps | trace_bw: 3345 kbps
   t=31s | buffer: 2.9s | bitrate: 400 kbps | tp: 0 kbps | trace_bw: 3070 kbps
   t=41s | buffer: 1.9s | bitrate: 400 kbps | tp: 0 kbps | trace_bw: 4315 kbps
   t=51s | buffer: 1.6s | bitrate: 200 kbps | tp: 0 kbps | trace_bw: 2360 kbps
   t=61s | buffer: 3.5s | bitrate: 100 kbps | tp: 0 kbps | trace_bw: 3842 kbps
   t=72s | buffer: 1.6s | bitrate: 100 kbps | tp: 0 kbps | trace_bw: 3573 kbps
   t=82s | buffer: 3.2s | bitrate: 400 kbps | tp: 0 kbps | trace_bw: 1640 kbps
   t=92s | buffer: 3.0s | bitrate: 400 kbps | tp: 0 kbps | trace_bw: 920 kbps
   t=102s | buffer: 0.3s | bitrate: 100 kbps | tp: 0 kbps | trace_bw: 47 kbps
   t=113s | buffer: 0.1s | bitrate: 100 kbps | tp: 0 kbps | trace_bw: 19 kbps

======================================================================
  BENCHMARK RESULTS (LLDASH-GPAC / dash.js / BOLA)
======================================================================

  [TIMING]
      Startup delay:     759 ms
      Playback time:     96.1 s

  [BITRATE]
      Average (selected):  387 kbps
      Average (effective): 308 kbps
      Min / Max:           100 / 1,500 kbps
      Median:              200 kbps
      Std deviation:       366.7 kbps
      Variance:            134,488.9
      25th/75th %ile:      100 / 600 kbps

  [SWITCHES]
      Total count:       14
      Up / Down:         7 / 7
      Avg magnitude:     393 kbps

  [REBUFFERING]
      Events:            9
      Total time:        24,724 ms
      Ratio:             20.4586%
      Frequency:         5.618 per minute
      Avg duration:      2,747 ms
      Max duration:      7,319 ms

  [THROUGHPUT]
      Average:           0 kbps
      Median:            0 kbps
      Min / Max:         0 / 0 kbps
      Std deviation:     0.0 kbps

  [AVAILABLE BW (trace)]
      Average:           2,490 kbps
      Min / Max:         17 / 5,663 kbps

  [BUFFER]
      Average level:     1.8 s
      Min / Max:         0.1 / 3.9 s

  [UTILIZATION]
      Bandwidth:         16.4%

======================================================================

[SAVED] results/run_all_20260607_000000/lldash-gpac_puffer/benchmark_lldash-gpac_puffer_067_cbs_tc_20260608_001128.json

──────────────────────────────────────────────────────────────────────
  [69/150] puffer_068_nbc_tc.csv
──────────────────────────────────────────────────────────────────────
[TRACE] puffer_068_nbc_tc.csv
[LLDASH-GPAC] Trace file ready; gpac_server uses in-process bandwidth pacing.

======================================================================
  LLDASH-GPAC Streaming QoE Benchmark (dash.js / BOLA)
======================================================================
  Server: http://localhost:8082/player.html?mpd=http://localhost:8082/manifest.mpd
======================================================================

[TRACE] Loaded 157 entries with bandwidth
[BROWSER] Launching headless Chromium...
[BROWSER] Waiting for playback to start...
   Startup delay: 163ms

[PLAYBACK] Collecting metrics...
   t=10s | buffer: 1.9s | bitrate: 200 kbps | tp: 0 kbps | trace_bw: 3847 kbps
   t=20s | buffer: 1.6s | bitrate: 1200 kbps | tp: 0 kbps | trace_bw: 6671 kbps
   t=31s | buffer: 3.3s | bitrate: 800 kbps | tp: 0 kbps | trace_bw: 6807 kbps
   t=41s | buffer: 1.1s | bitrate: 1500 kbps | tp: 0 kbps | trace_bw: 2011 kbps
   t=51s | buffer: 1.8s | bitrate: 600 kbps | tp: 0 kbps | trace_bw: 1073 kbps
   t=61s | buffer: 2.7s | bitrate: 400 kbps | tp: 0 kbps | trace_bw: 1078 kbps
   t=72s | buffer: 3.4s | bitrate: 400 kbps | tp: 0 kbps | trace_bw: 4400 kbps
   t=82s | buffer: 3.2s | bitrate: 400 kbps | tp: 0 kbps | trace_bw: 2177 kbps
   t=92s | buffer: 1.8s | bitrate: 200 kbps | tp: 0 kbps | trace_bw: 477 kbps
   t=102s | buffer: 1.7s | bitrate: 200 kbps | tp: 0 kbps | trace_bw: 623 kbps
   t=112s | buffer: 1.4s | bitrate: 200 kbps | tp: 0 kbps | trace_bw: 2822 kbps

======================================================================
  BENCHMARK RESULTS (LLDASH-GPAC / dash.js / BOLA)
======================================================================

  [TIMING]
      Startup delay:     163 ms
      Playback time:     106.4 s

  [BITRATE]
      Average (selected):  735 kbps
      Average (effective): 651 kbps
      Min / Max:           100 / 4,500 kbps
      Median:              600 kbps
      Std deviation:       925.9 kbps
      Variance:            857,275.0
      25th/75th %ile:      200 / 800 kbps

  [SWITCHES]
      Total count:       19
      Up / Down:         10 / 9
      Avg magnitude:     605 kbps

  [REBUFFERING]
      Events:            10
      Total time:        13,802 ms
      Ratio:             11.4826%
      Frequency:         5.639 per minute
      Avg duration:      1,380 ms
      Max duration:      4,864 ms

  [THROUGHPUT]
      Average:           0 kbps
      Median:            0 kbps
      Min / Max:         0 / 0 kbps
      Std deviation:     0.0 kbps

  [AVAILABLE BW (trace)]
      Average:           2,831 kbps
      Min / Max:         97 / 7,060 kbps

  [BUFFER]
      Average level:     1.8 s
      Min / Max:         0.1 / 3.8 s

  [UTILIZATION]
      Bandwidth:         33.8%

======================================================================

[SAVED] results/run_all_20260607_000000/lldash-gpac_puffer/benchmark_lldash-gpac_puffer_068_nbc_tc_20260608_001333.json

──────────────────────────────────────────────────────────────────────
  [70/150] puffer_069_pbs_tc.csv
──────────────────────────────────────────────────────────────────────
[TRACE] puffer_069_pbs_tc.csv
[LLDASH-GPAC] Trace file ready; gpac_server uses in-process bandwidth pacing.

======================================================================
  LLDASH-GPAC Streaming QoE Benchmark (dash.js / BOLA)
======================================================================
  Server: http://localhost:8082/player.html?mpd=http://localhost:8082/manifest.mpd
======================================================================

[TRACE] Loaded 155 entries with bandwidth
[BROWSER] Launching headless Chromium...
[BROWSER] Waiting for playback to start...
   Startup delay: 233ms

[PLAYBACK] Collecting metrics...
   t=10s | buffer: 1.1s | bitrate: 1200 kbps | tp: 0 kbps | trace_bw: 2404 kbps
   t=20s | buffer: 3.1s | bitrate: 800 kbps | tp: 0 kbps | trace_bw: 2400 kbps
   t=31s | buffer: 2.8s | bitrate: 800 kbps | tp: 0 kbps | trace_bw: 2200 kbps
   t=41s | buffer: 2.6s | bitrate: 800 kbps | tp: 0 kbps | trace_bw: 2236 kbps
   t=51s | buffer: 2.3s | bitrate: 800 kbps | tp: 0 kbps | trace_bw: 2423 kbps
   t=61s | buffer: 2.2s | bitrate: 600 kbps | tp: 0 kbps | trace_bw: 2270 kbps
   t=72s | buffer: 1.8s | bitrate: 800 kbps | tp: 0 kbps | trace_bw: 2352 kbps
   t=82s | buffer: 1.8s | bitrate: 800 kbps | tp: 0 kbps | trace_bw: 2388 kbps
   t=92s | buffer: 3.4s | bitrate: 800 kbps | tp: 0 kbps | trace_bw: 2411 kbps
   t=102s | buffer: 1.3s | bitrate: 800 kbps | tp: 0 kbps | trace_bw: 2409 kbps
   t=113s | buffer: 1.2s | bitrate: 800 kbps | tp: 0 kbps | trace_bw: 2149 kbps

======================================================================
  BENCHMARK RESULTS (LLDASH-GPAC / dash.js / BOLA)
======================================================================

  [TIMING]
      Startup delay:     233 ms
      Playback time:     118.6 s

  [BITRATE]
      Average (selected):  943 kbps
      Average (effective): 929 kbps
      Min / Max:           100 / 2,000 kbps
      Median:              800 kbps
      Std deviation:       458.3 kbps
      Variance:            210,068.0
      25th/75th %ile:      600 / 1,200 kbps

  [SWITCHES]
      Total count:       20
      Up / Down:         9 / 11
      Avg magnitude:     500 kbps

  [REBUFFERING]
      Events:            8
      Total time:        1,729 ms
      Ratio:             1.4370%
      Frequency:         4.048 per minute
      Avg duration:      216 ms
      Max duration:      1,264 ms

  [THROUGHPUT]
      Average:           0 kbps
      Median:            0 kbps
      Min / Max:         0 / 0 kbps
      Std deviation:     0.0 kbps

  [AVAILABLE BW (trace)]
      Average:           2,345 kbps
      Min / Max:         2,093 / 2,727 kbps

  [BUFFER]
      Average level:     1.8 s
      Min / Max:         0.1 / 3.4 s

  [UTILIZATION]
      Bandwidth:         40.1%

======================================================================

[SAVED] results/run_all_20260607_000000/lldash-gpac_puffer/benchmark_lldash-gpac_puffer_069_pbs_tc_20260608_001536.json

──────────────────────────────────────────────────────────────────────
  [71/150] puffer_070_abc_tc.csv
──────────────────────────────────────────────────────────────────────
[TRACE] puffer_070_abc_tc.csv
[LLDASH-GPAC] Trace file ready; gpac_server uses in-process bandwidth pacing.

======================================================================
  LLDASH-GPAC Streaming QoE Benchmark (dash.js / BOLA)
======================================================================
  Server: http://localhost:8082/player.html?mpd=http://localhost:8082/manifest.mpd
======================================================================

[TRACE] Loaded 154 entries with bandwidth
[BROWSER] Launching headless Chromium...
[BROWSER] Waiting for playback to start...
   Startup delay: 216ms

[PLAYBACK] Collecting metrics...
   t=10s | buffer: 1.5s | bitrate: 1500 kbps | tp: 0 kbps | trace_bw: 2446 kbps
   t=20s | buffer: 2.1s | bitrate: 800 kbps | tp: 0 kbps | trace_bw: 2090 kbps
   t=31s | buffer: 2.0s | bitrate: 800 kbps | tp: 0 kbps | trace_bw: 2390 kbps
   t=41s | buffer: 1.6s | bitrate: 1200 kbps | tp: 0 kbps | trace_bw: 2336 kbps
   t=51s | buffer: 1.3s | bitrate: 800 kbps | tp: 0 kbps | trace_bw: 2354 kbps
   t=61s | buffer: 3.1s | bitrate: 800 kbps | tp: 0 kbps | trace_bw: 2366 kbps
   t=72s | buffer: 0.8s | bitrate: 1200 kbps | tp: 0 kbps | trace_bw: 2196 kbps
   t=82s | buffer: 0.6s | bitrate: 400 kbps | tp: 0 kbps | trace_bw: 2234 kbps
   t=92s | buffer: 2.5s | bitrate: 600 kbps | tp: 0 kbps | trace_bw: 2286 kbps
   t=102s | buffer: 2.4s | bitrate: 400 kbps | tp: 0 kbps | trace_bw: 2405 kbps
   t=113s | buffer: 2.1s | bitrate: 600 kbps | tp: 0 kbps | trace_bw: 2374 kbps

======================================================================
  BENCHMARK RESULTS (LLDASH-GPAC / dash.js / BOLA)
======================================================================

  [TIMING]
      Startup delay:     216 ms
      Playback time:     117.6 s

  [BITRATE]
      Average (selected):  838 kbps
      Average (effective): 819 kbps
      Min / Max:           100 / 2,000 kbps
      Median:              800 kbps
      Std deviation:       436.8 kbps
      Variance:            190,828.4
      25th/75th %ile:      600 / 1,200 kbps

  [SWITCHES]
      Total count:       25
      Up / Down:         9 / 16
      Avg magnitude:     440 kbps

  [REBUFFERING]
      Events:            9
      Total time:        2,773 ms
      Ratio:             2.3032%
      Frequency:         4.591 per minute
      Avg duration:      308 ms
      Max duration:      1,298 ms

  [THROUGHPUT]
      Average:           0 kbps
      Median:            0 kbps
      Min / Max:         0 / 0 kbps
      Std deviation:     0.0 kbps

  [AVAILABLE BW (trace)]
      Average:           2,287 kbps
      Min / Max:         808 / 2,446 kbps

  [BUFFER]
      Average level:     1.8 s
      Min / Max:         0.1 / 3.6 s

  [UTILIZATION]
      Bandwidth:         35.9%

======================================================================

[SAVED] results/run_all_20260607_000000/lldash-gpac_puffer/benchmark_lldash-gpac_puffer_070_abc_tc_20260608_001740.json

──────────────────────────────────────────────────────────────────────
  [72/150] puffer_071_abc_tc.csv
──────────────────────────────────────────────────────────────────────
[TRACE] puffer_071_abc_tc.csv
[LLDASH-GPAC] Trace file ready; gpac_server uses in-process bandwidth pacing.

======================================================================
  LLDASH-GPAC Streaming QoE Benchmark (dash.js / BOLA)
======================================================================
  Server: http://localhost:8082/player.html?mpd=http://localhost:8082/manifest.mpd
======================================================================

[TRACE] Loaded 153 entries with bandwidth
[BROWSER] Launching headless Chromium...
[BROWSER] Waiting for playback to start...
   Startup delay: 251ms

[PLAYBACK] Collecting metrics...
   t=10s | buffer: 1.5s | bitrate: 1200 kbps | tp: 0 kbps | trace_bw: 2339 kbps
   t=20s | buffer: 1.4s | bitrate: 800 kbps | tp: 0 kbps | trace_bw: 2303 kbps
   t=31s | buffer: 1.3s | bitrate: 800 kbps | tp: 0 kbps | trace_bw: 2372 kbps
   t=41s | buffer: 0.9s | bitrate: 800 kbps | tp: 0 kbps | trace_bw: 2387 kbps
   t=51s | buffer: 2.8s | bitrate: 800 kbps | tp: 0 kbps | trace_bw: 2184 kbps
   t=61s | buffer: 2.5s | bitrate: 800 kbps | tp: 0 kbps | trace_bw: 2441 kbps
   t=72s | buffer: 2.4s | bitrate: 800 kbps | tp: 0 kbps | trace_bw: 2462 kbps
   t=82s | buffer: 0.3s | bitrate: 200 kbps | tp: 0 kbps | trace_bw: 2384 kbps
   t=92s | buffer: 2.2s | bitrate: 600 kbps | tp: 0 kbps | trace_bw: 1651 kbps
   t=102s | buffer: 2.1s | bitrate: 600 kbps | tp: 0 kbps | trace_bw: 2435 kbps
   t=112s | buffer: 1.9s | bitrate: 600 kbps | tp: 0 kbps | trace_bw: 2057 kbps

======================================================================
  BENCHMARK RESULTS (LLDASH-GPAC / dash.js / BOLA)
======================================================================

  [TIMING]
      Startup delay:     251 ms
      Playback time:     117.9 s

  [BITRATE]
      Average (selected):  688 kbps
      Average (effective): 675 kbps
      Min / Max:           100 / 2,000 kbps
      Median:              600 kbps
      Std deviation:       488.5 kbps
      Variance:            238,656.0
      25th/75th %ile:      400 / 800 kbps

  [SWITCHES]
      Total count:       24
      Up / Down:         13 / 11
      Avg magnitude:     500 kbps

  [REBUFFERING]
      Events:            9
      Total time:        2,332 ms
      Ratio:             1.9390%
      Frequency:         4.579 per minute
      Avg duration:      259 ms
      Max duration:      1,454 ms

  [THROUGHPUT]
      Average:           0 kbps
      Median:            0 kbps
      Min / Max:         0 / 0 kbps
      Std deviation:     0.0 kbps

  [AVAILABLE BW (trace)]
      Average:           2,313 kbps
      Min / Max:         1,651 / 2,488 kbps

  [BUFFER]
      Average level:     1.8 s
      Min / Max:         0.1 / 3.4 s

  [UTILIZATION]
      Bandwidth:         29.1%

======================================================================

[SAVED] results/run_all_20260607_000000/lldash-gpac_puffer/benchmark_lldash-gpac_puffer_071_abc_tc_20260608_001944.json

──────────────────────────────────────────────────────────────────────
  [73/150] puffer_072_cbs_tc.csv
──────────────────────────────────────────────────────────────────────
[TRACE] puffer_072_cbs_tc.csv
[LLDASH-GPAC] Trace file ready; gpac_server uses in-process bandwidth pacing.

======================================================================
  LLDASH-GPAC Streaming QoE Benchmark (dash.js / BOLA)
======================================================================
  Server: http://localhost:8082/player.html?mpd=http://localhost:8082/manifest.mpd
======================================================================

[TRACE] Loaded 157 entries with bandwidth
[BROWSER] Launching headless Chromium...
[BROWSER] Waiting for playback to start...
   Startup delay: 190ms

[PLAYBACK] Collecting metrics...
   t=10s | buffer: 2.5s | bitrate: 400 kbps | tp: 0 kbps | trace_bw: 7482 kbps
   t=20s | buffer: 1.9s | bitrate: 800 kbps | tp: 0 kbps | trace_bw: 3937 kbps
   t=31s | buffer: 1.7s | bitrate: 800 kbps | tp: 0 kbps | trace_bw: 948 kbps
   t=41s | buffer: 1.8s | bitrate: 600 kbps | tp: 0 kbps | trace_bw: 969 kbps
   t=51s | buffer: 1.4s | bitrate: 1500 kbps | tp: 0 kbps | trace_bw: 1394 kbps
   t=61s | buffer: 1.3s | bitrate: 800 kbps | tp: 0 kbps | trace_bw: 2620 kbps
   t=72s | buffer: 3.0s | bitrate: 800 kbps | tp: 0 kbps | trace_bw: 2442 kbps
   t=82s | buffer: 0.9s | bitrate: 800 kbps | tp: 0 kbps | trace_bw: 2470 kbps
   t=92s | buffer: 2.6s | bitrate: 800 kbps | tp: 0 kbps | trace_bw: 944 kbps
   t=102s | buffer: 2.8s | bitrate: 800 kbps | tp: 0 kbps | trace_bw: 953 kbps
   t=113s | buffer: 3.0s | bitrate: 600 kbps | tp: 0 kbps | trace_bw: 1795 kbps

======================================================================
  BENCHMARK RESULTS (LLDASH-GPAC / dash.js / BOLA)
======================================================================

  [TIMING]
      Startup delay:     190 ms
      Playback time:     110.8 s

  [BITRATE]
      Average (selected):  1,033 kbps
      Average (effective): 952 kbps
      Min / Max:           400 / 4,500 kbps
      Median:              800 kbps
      Std deviation:       883.2 kbps
      Variance:            780,000.0
      25th/75th %ile:      600 / 1,200 kbps

  [SWITCHES]
      Total count:       17
      Up / Down:         8 / 9
      Avg magnitude:     594 kbps

  [REBUFFERING]
      Events:            8
      Total time:        9,471 ms
      Ratio:             7.8718%
      Frequency:         4.330 per minute
      Avg duration:      1,184 ms
      Max duration:      6,617 ms

  [THROUGHPUT]
      Average:           0 kbps
      Median:            0 kbps
      Min / Max:         0 / 0 kbps
      Std deviation:     0.0 kbps

  [AVAILABLE BW (trace)]
      Average:           3,014 kbps
      Min / Max:         175 / 7,533 kbps

  [BUFFER]
      Average level:     1.8 s
      Min / Max:         0.1 / 3.7 s

  [UTILIZATION]
      Bandwidth:         41.8%

======================================================================

[SAVED] results/run_all_20260607_000000/lldash-gpac_puffer/benchmark_lldash-gpac_puffer_072_cbs_tc_20260608_002148.json

──────────────────────────────────────────────────────────────────────
  [74/150] puffer_073_pbs_tc.csv
──────────────────────────────────────────────────────────────────────
[TRACE] puffer_073_pbs_tc.csv
[LLDASH-GPAC] Trace file ready; gpac_server uses in-process bandwidth pacing.

======================================================================
  LLDASH-GPAC Streaming QoE Benchmark (dash.js / BOLA)
======================================================================
  Server: http://localhost:8082/player.html?mpd=http://localhost:8082/manifest.mpd
======================================================================

[TRACE] Loaded 157 entries with bandwidth
[BROWSER] Launching headless Chromium...
[BROWSER] Waiting for playback to start...
   Startup delay: 179ms

[PLAYBACK] Collecting metrics...
   t=10s | buffer: 1.6s | bitrate: 2000 kbps | tp: 0 kbps | trace_bw: 8534 kbps
   t=20s | buffer: 1.5s | bitrate: 1500 kbps | tp: 0 kbps | trace_bw: 2578 kbps
   t=31s | buffer: 2.1s | bitrate: 1500 kbps | tp: 0 kbps | trace_bw: 1750 kbps
   t=41s | buffer: 0.7s | bitrate: 600 kbps | tp: 0 kbps | trace_bw: 2361 kbps
   t=51s | buffer: 2.7s | bitrate: 600 kbps | tp: 0 kbps | trace_bw: 3980 kbps
   t=61s | buffer: 2.9s | bitrate: 800 kbps | tp: 0 kbps | trace_bw: 2186 kbps
   t=72s | buffer: 0.9s | bitrate: 800 kbps | tp: 0 kbps | trace_bw: 364 kbps
   t=82s | buffer: 2.4s | bitrate: 600 kbps | tp: 0 kbps | trace_bw: 3661 kbps
   t=92s | buffer: 0.1s | bitrate: 1200 kbps | tp: 0 kbps | trace_bw: 6628 kbps
   t=102s | buffer: 2.5s | bitrate: 800 kbps | tp: 0 kbps | trace_bw: 1913 kbps
   t=113s | buffer: 2.3s | bitrate: 800 kbps | tp: 0 kbps | trace_bw: 3103 kbps

======================================================================
  BENCHMARK RESULTS (LLDASH-GPAC / dash.js / BOLA)
======================================================================

  [TIMING]
      Startup delay:     179 ms
      Playback time:     109.9 s

  [BITRATE]
      Average (selected):  1,221 kbps
      Average (effective): 1,115 kbps
      Min / Max:           100 / 4,500 kbps
      Median:              800 kbps
      Std deviation:       1,077.8 kbps
      Variance:            1,161,662.0
      25th/75th %ile:      400 / 1,500 kbps

  [SWITCHES]
      Total count:       18
      Up / Down:         9 / 9
      Avg magnitude:     894 kbps

  [REBUFFERING]
      Events:            14
      Total time:        10,426 ms
      Ratio:             8.6658%
      Frequency:         7.644 per minute
      Avg duration:      678 ms
      Max duration:      2,135 ms

  [THROUGHPUT]
      Average:           0 kbps
      Median:            0 kbps
      Min / Max:         0 / 0 kbps
      Std deviation:     0.0 kbps

  [AVAILABLE BW (trace)]
      Average:           4,067 kbps
      Min / Max:         65 / 14,495 kbps

  [BUFFER]
      Average level:     1.7 s
      Min / Max:         0.1 / 3.5 s

  [UTILIZATION]
      Bandwidth:         44.6%

======================================================================

[SAVED] results/run_all_20260607_000000/lldash-gpac_puffer/benchmark_lldash-gpac_puffer_073_pbs_tc_20260608_002352.json

──────────────────────────────────────────────────────────────────────
  [75/150] puffer_074_nbc_tc.csv
──────────────────────────────────────────────────────────────────────
[TRACE] puffer_074_nbc_tc.csv
[LLDASH-GPAC] Trace file ready; gpac_server uses in-process bandwidth pacing.

======================================================================
  LLDASH-GPAC Streaming QoE Benchmark (dash.js / BOLA)
======================================================================
  Server: http://localhost:8082/player.html?mpd=http://localhost:8082/manifest.mpd
======================================================================

[TRACE] Loaded 112 entries with bandwidth
[BROWSER] Launching headless Chromium...
[BROWSER] Waiting for playback to start...
   Startup delay: 240ms

[PLAYBACK] Collecting metrics...
   t=10s | buffer: 0.8s | bitrate: 800 kbps | tp: 0 kbps | trace_bw: 2700 kbps
   t=21s | buffer: 1.5s | bitrate: 1200 kbps | tp: 0 kbps | trace_bw: 1456 kbps
   t=31s | buffer: 1.1s | bitrate: 600 kbps | tp: 0 kbps | trace_bw: 2025 kbps
   t=41s | buffer: 3.0s | bitrate: 600 kbps | tp: 0 kbps | trace_bw: 3018 kbps
   t=51s | buffer: 1.3s | bitrate: 800 kbps | tp: 0 kbps | trace_bw: 3514 kbps
   t=61s | buffer: 3.1s | bitrate: 800 kbps | tp: 0 kbps | trace_bw: 2869 kbps
   t=72s | buffer: 0.8s | bitrate: 1200 kbps | tp: 0 kbps | trace_bw: 2057 kbps
   t=82s | buffer: 2.1s | bitrate: 800 kbps | tp: 0 kbps | trace_bw: 1361 kbps
   t=92s | buffer: 1.9s | bitrate: 800 kbps | tp: 0 kbps | trace_bw: 2395 kbps
   t=102s | buffer: 1.9s | bitrate: 800 kbps | tp: 0 kbps | trace_bw: 1174 kbps
   t=113s | buffer: 1.7s | bitrate: 800 kbps | tp: 0 kbps | trace_bw: 2472 kbps

======================================================================
  BENCHMARK RESULTS (LLDASH-GPAC / dash.js / BOLA)
======================================================================

  [TIMING]
      Startup delay:     240 ms
      Playback time:     116.2 s

  [BITRATE]
      Average (selected):  768 kbps
      Average (effective): 741 kbps
      Min / Max:           100 / 2,000 kbps
      Median:              800 kbps
      Std deviation:       447.3 kbps
      Variance:            200,055.4
      25th/75th %ile:      600 / 800 kbps

  [SWITCHES]
      Total count:       18
      Up / Down:         10 / 8
      Avg magnitude:     433 kbps

  [REBUFFERING]
      Events:            12
      Total time:        4,222 ms
      Ratio:             3.5067%
      Frequency:         6.197 per minute
      Avg duration:      352 ms
      Max duration:      855 ms

  [THROUGHPUT]
      Average:           0 kbps
      Median:            0 kbps
      Min / Max:         0 / 0 kbps
      Std deviation:     0.0 kbps

  [AVAILABLE BW (trace)]
      Average:           2,385 kbps
      Min / Max:         841 / 5,111 kbps

  [BUFFER]
      Average level:     1.7 s
      Min / Max:         0.1 / 3.5 s

  [UTILIZATION]
      Bandwidth:         32.9%

======================================================================

[SAVED] results/run_all_20260607_000000/lldash-gpac_puffer/benchmark_lldash-gpac_puffer_074_nbc_tc_20260608_002556.json

──────────────────────────────────────────────────────────────────────
  [76/150] puffer_075_cbs_tc.csv
──────────────────────────────────────────────────────────────────────
[TRACE] puffer_075_cbs_tc.csv
[LLDASH-GPAC] Trace file ready; gpac_server uses in-process bandwidth pacing.

======================================================================
  LLDASH-GPAC Streaming QoE Benchmark (dash.js / BOLA)
======================================================================
  Server: http://localhost:8082/player.html?mpd=http://localhost:8082/manifest.mpd
======================================================================

[TRACE] Loaded 70 entries with bandwidth
[BROWSER] Launching headless Chromium...
[BROWSER] Waiting for playback to start...
   Startup delay: 934ms

[PLAYBACK] Collecting metrics...
   t=10s | buffer: 1.9s | bitrate: 600 kbps | tp: 0 kbps | trace_bw: 2494 kbps
   t=20s | buffer: 1.5s | bitrate: 600 kbps | tp: 0 kbps | trace_bw: 2377 kbps
   t=31s | buffer: 0.7s | bitrate: 600 kbps | tp: 0 kbps | trace_bw: 1494 kbps
   t=41s | buffer: 2.3s | bitrate: 600 kbps | tp: 0 kbps | trace_bw: 2024 kbps
   t=51s | buffer: 2.2s | bitrate: 600 kbps | tp: 0 kbps | trace_bw: 2465 kbps
   t=61s | buffer: 2.5s | bitrate: 400 kbps | tp: 0 kbps | trace_bw: 2560 kbps
   t=72s | buffer: 2.4s | bitrate: 400 kbps | tp: 0 kbps | trace_bw: 2460 kbps
   t=82s | buffer: 2.0s | bitrate: 400 kbps | tp: 0 kbps | trace_bw: 2553 kbps
   t=92s | buffer: 2.1s | bitrate: 400 kbps | tp: 0 kbps | trace_bw: 2579 kbps
   t=102s | buffer: 2.7s | bitrate: 400 kbps | tp: 0 kbps | trace_bw: 2425 kbps
   t=113s | buffer: 2.6s | bitrate: 600 kbps | tp: 0 kbps | trace_bw: 2506 kbps

======================================================================
  BENCHMARK RESULTS (LLDASH-GPAC / dash.js / BOLA)
======================================================================

  [TIMING]
      Startup delay:     934 ms
      Playback time:     114.3 s

  [BITRATE]
      Average (selected):  482 kbps
      Average (effective): 455 kbps
      Min / Max:           100 / 800 kbps
      Median:              400 kbps
      Std deviation:       174.9 kbps
      Variance:            30,578.5
      25th/75th %ile:      400 / 600 kbps

  [SWITCHES]
      Total count:       10
      Up / Down:         6 / 4
      Avg magnitude:     250 kbps

  [REBUFFERING]
      Events:            6
      Total time:        6,738 ms
      Ratio:             5.5679%
      Frequency:         3.150 per minute
      Avg duration:      1,123 ms
      Max duration:      2,648 ms

  [THROUGHPUT]
      Average:           0 kbps
      Median:            0 kbps
      Min / Max:         0 / 0 kbps
      Std deviation:     0.0 kbps

  [AVAILABLE BW (trace)]
      Average:           2,031 kbps
      Min / Max:         89 / 2,636 kbps

  [BUFFER]
      Average level:     1.9 s
      Min / Max:         0.1 / 3.6 s

  [UTILIZATION]
      Bandwidth:         20.0%

======================================================================

[SAVED] results/run_all_20260607_000000/lldash-gpac_puffer/benchmark_lldash-gpac_puffer_075_cbs_tc_20260608_002800.json

──────────────────────────────────────────────────────────────────────
  [77/150] puffer_076_fox_tc.csv
──────────────────────────────────────────────────────────────────────
[TRACE] puffer_076_fox_tc.csv
[LLDASH-GPAC] Trace file ready; gpac_server uses in-process bandwidth pacing.

======================================================================
  LLDASH-GPAC Streaming QoE Benchmark (dash.js / BOLA)
======================================================================
  Server: http://localhost:8082/player.html?mpd=http://localhost:8082/manifest.mpd
======================================================================

[TRACE] Loaded 153 entries with bandwidth
[BROWSER] Launching headless Chromium...
[BROWSER] Waiting for playback to start...
   Startup delay: 285ms

[PLAYBACK] Collecting metrics...
   t=10s | buffer: 3.0s | bitrate: 200 kbps | tp: 0 kbps | trace_bw: 1430 kbps
   t=20s | buffer: 2.9s | bitrate: 400 kbps | tp: 0 kbps | trace_bw: 2653 kbps
   t=31s | buffer: 2.5s | bitrate: 400 kbps | tp: 0 kbps | trace_bw: 3563 kbps
   t=41s | buffer: 2.6s | bitrate: 400 kbps | tp: 0 kbps | trace_bw: 3502 kbps
   t=51s | buffer: 0.1s | bitrate: 600 kbps | tp: 0 kbps | trace_bw: 3050 kbps
   t=61s | buffer: 3.4s | bitrate: 100 kbps | tp: 0 kbps | trace_bw: 4073 kbps
   t=72s | buffer: 3.1s | bitrate: 200 kbps | tp: 0 kbps | trace_bw: 5019 kbps
   t=82s | buffer: 2.9s | bitrate: 200 kbps | tp: 0 kbps | trace_bw: 3744 kbps
   t=92s | buffer: 2.6s | bitrate: 200 kbps | tp: 0 kbps | trace_bw: 839 kbps
   t=102s | buffer: 2.5s | bitrate: 400 kbps | tp: 0 kbps | trace_bw: 3081 kbps
   t=113s | buffer: 2.2s | bitrate: 400 kbps | tp: 0 kbps | trace_bw: 2815 kbps

======================================================================
  BENCHMARK RESULTS (LLDASH-GPAC / dash.js / BOLA)
======================================================================

  [TIMING]
      Startup delay:     285 ms
      Playback time:     101.5 s

  [BITRATE]
      Average (selected):  557 kbps
      Average (effective): 470 kbps
      Min / Max:           100 / 1,500 kbps
      Median:              600 kbps
      Std deviation:       341.7 kbps
      Variance:            116,734.7
      25th/75th %ile:      400 / 800 kbps

  [SWITCHES]
      Total count:       13
      Up / Down:         7 / 6
      Avg magnitude:     315 kbps

  [REBUFFERING]
      Events:            5
      Total time:        18,826 ms
      Ratio:             15.6472%
      Frequency:         2.956 per minute
      Avg duration:      3,765 ms
      Max duration:      11,398 ms

  [THROUGHPUT]
      Average:           0 kbps
      Median:            0 kbps
      Min / Max:         0 / 0 kbps
      Std deviation:     0.0 kbps

  [AVAILABLE BW (trace)]
      Average:           2,876 kbps
      Min / Max:         19 / 6,050 kbps

  [BUFFER]
      Average level:     1.9 s
      Min / Max:         0.1 / 3.7 s

  [UTILIZATION]
      Bandwidth:         18.2%

======================================================================

[SAVED] results/run_all_20260607_000000/lldash-gpac_puffer/benchmark_lldash-gpac_puffer_076_fox_tc_20260608_003004.json

──────────────────────────────────────────────────────────────────────
  [78/150] puffer_077_fox_tc.csv
──────────────────────────────────────────────────────────────────────
[TRACE] puffer_077_fox_tc.csv
[LLDASH-GPAC] Trace file ready; gpac_server uses in-process bandwidth pacing.

======================================================================
  LLDASH-GPAC Streaming QoE Benchmark (dash.js / BOLA)
======================================================================
  Server: http://localhost:8082/player.html?mpd=http://localhost:8082/manifest.mpd
======================================================================

[TRACE] Loaded 157 entries with bandwidth
[BROWSER] Launching headless Chromium...
[BROWSER] Waiting for playback to start...
   Startup delay: 220ms

[PLAYBACK] Collecting metrics...
   t=10s | buffer: 1.5s | bitrate: 2000 kbps | tp: 0 kbps | trace_bw: 3326 kbps
   t=20s | buffer: 1.4s | bitrate: 1200 kbps | tp: 0 kbps | trace_bw: 1792 kbps
   t=31s | buffer: 1.8s | bitrate: 800 kbps | tp: 0 kbps | trace_bw: 2414 kbps
   t=41s | buffer: 1.7s | bitrate: 800 kbps | tp: 0 kbps | trace_bw: 2286 kbps
   t=51s | buffer: 1.4s | bitrate: 1200 kbps | tp: 0 kbps | trace_bw: 3689 kbps
   t=61s | buffer: 1.3s | bitrate: 800 kbps | tp: 0 kbps | trace_bw: 3493 kbps
   t=72s | buffer: 1.5s | bitrate: 1500 kbps | tp: 0 kbps | trace_bw: 2332 kbps
   t=82s | buffer: 1.6s | bitrate: 800 kbps | tp: 0 kbps | trace_bw: 2367 kbps
   t=92s | buffer: 2.2s | bitrate: 600 kbps | tp: 0 kbps | trace_bw: 1602 kbps
   t=102s | buffer: 1.8s | bitrate: 600 kbps | tp: 0 kbps | trace_bw: 3036 kbps
   t=112s | buffer: 1.4s | bitrate: 800 kbps | tp: 0 kbps | trace_bw: 3740 kbps

======================================================================
  BENCHMARK RESULTS (LLDASH-GPAC / dash.js / BOLA)
======================================================================

  [TIMING]
      Startup delay:     220 ms
      Playback time:     114.2 s

  [BITRATE]
      Average (selected):  940 kbps
      Average (effective): 893 kbps
      Min / Max:           100 / 3,000 kbps
      Median:              800 kbps
      Std deviation:       704.6 kbps
      Variance:            496,400.0
      25th/75th %ile:      600 / 1,200 kbps

  [SWITCHES]
      Total count:       19
      Up / Down:         8 / 11
      Avg magnitude:     568 kbps

  [REBUFFERING]
      Events:            14
      Total time:        6,013 ms
      Ratio:             5.0005%
      Frequency:         7.353 per minute
      Avg duration:      430 ms
      Max duration:      1,912 ms

  [THROUGHPUT]
      Average:           0 kbps
      Median:            0 kbps
      Min / Max:         0 / 0 kbps
      Std deviation:     0.0 kbps

  [AVAILABLE BW (trace)]
      Average:           2,607 kbps
      Min / Max:         494 / 4,958 kbps

  [BUFFER]
      Average level:     1.7 s
      Min / Max:         0.1 / 3.4 s

  [UTILIZATION]
      Bandwidth:         37.8%

======================================================================

[SAVED] results/run_all_20260607_000000/lldash-gpac_puffer/benchmark_lldash-gpac_puffer_077_fox_tc_20260608_003208.json

──────────────────────────────────────────────────────────────────────
  [79/150] puffer_078_nbc_tc.csv
──────────────────────────────────────────────────────────────────────
[TRACE] puffer_078_nbc_tc.csv
[LLDASH-GPAC] Trace file ready; gpac_server uses in-process bandwidth pacing.

======================================================================
  LLDASH-GPAC Streaming QoE Benchmark (dash.js / BOLA)
======================================================================
  Server: http://localhost:8082/player.html?mpd=http://localhost:8082/manifest.mpd
======================================================================

[TRACE] Loaded 157 entries with bandwidth
[BROWSER] Launching headless Chromium...
[BROWSER] Waiting for playback to start...
   Startup delay: 179ms

[PLAYBACK] Collecting metrics...
   t=10s | buffer: 0.1s | bitrate: 4500 kbps | tp: 0 kbps | trace_bw: 4502 kbps
   t=20s | buffer: 0.1s | bitrate: 800 kbps | tp: 0 kbps | trace_bw: 6830 kbps
   t=31s | buffer: 2.4s | bitrate: 600 kbps | tp: 0 kbps | trace_bw: 5603 kbps
   t=41s | buffer: 2.4s | bitrate: 600 kbps | tp: 0 kbps | trace_bw: 2174 kbps
   t=51s | buffer: 2.3s | bitrate: 400 kbps | tp: 0 kbps | trace_bw: 6684 kbps
   t=61s | buffer: 2.2s | bitrate: 400 kbps | tp: 0 kbps | trace_bw: 4038 kbps
   t=72s | buffer: 1.8s | bitrate: 800 kbps | tp: 0 kbps | trace_bw: 4177 kbps
   t=82s | buffer: 1.7s | bitrate: 800 kbps | tp: 0 kbps | trace_bw: 1399 kbps
   t=92s | buffer: 3.3s | bitrate: 800 kbps | tp: 0 kbps | trace_bw: 6764 kbps
   t=102s | buffer: 1.1s | bitrate: 600 kbps | tp: 0 kbps | trace_bw: 1134 kbps
   t=113s | buffer: 0.7s | bitrate: 600 kbps | tp: 0 kbps | trace_bw: 480 kbps

======================================================================
  BENCHMARK RESULTS (LLDASH-GPAC / dash.js / BOLA)
======================================================================

  [TIMING]
      Startup delay:     179 ms
      Playback time:     106.7 s

  [BITRATE]
      Average (selected):  919 kbps
      Average (effective): 815 kbps
      Min / Max:           400 / 4,500 kbps
      Median:              600 kbps
      Std deviation:       956.0 kbps
      Variance:            914,023.4
      25th/75th %ile:      600 / 800 kbps

  [SWITCHES]
      Total count:       15
      Up / Down:         6 / 9
      Avg magnitude:     540 kbps

  [REBUFFERING]
      Events:            7
      Total time:        13,560 ms
      Ratio:             11.2799%
      Frequency:         3.938 per minute
      Avg duration:      1,937 ms
      Max duration:      8,852 ms

  [THROUGHPUT]
      Average:           0 kbps
      Median:            0 kbps
      Min / Max:         0 / 0 kbps
      Std deviation:     0.0 kbps

  [AVAILABLE BW (trace)]
      Average:           3,397 kbps
      Min / Max:         98 / 6,905 kbps

  [BUFFER]
      Average level:     1.8 s
      Min / Max:         0.1 / 3.7 s

  [UTILIZATION]
      Bandwidth:         35.0%

======================================================================

[SAVED] results/run_all_20260607_000000/lldash-gpac_puffer/benchmark_lldash-gpac_puffer_078_nbc_tc_20260608_003412.json

──────────────────────────────────────────────────────────────────────
  [80/150] puffer_079_cbs_tc.csv
──────────────────────────────────────────────────────────────────────
[TRACE] puffer_079_cbs_tc.csv
[LLDASH-GPAC] Trace file ready; gpac_server uses in-process bandwidth pacing.

======================================================================
  LLDASH-GPAC Streaming QoE Benchmark (dash.js / BOLA)
======================================================================
  Server: http://localhost:8082/player.html?mpd=http://localhost:8082/manifest.mpd
======================================================================

[TRACE] Loaded 154 entries with bandwidth
[BROWSER] Launching headless Chromium...
[BROWSER] Waiting for playback to start...
   Startup delay: 166ms

[PLAYBACK] Collecting metrics...
   t=10s | buffer: 0.1s | bitrate: 3000 kbps | tp: 0 kbps | trace_bw: 2216 kbps
   t=20s | buffer: 0.9s | bitrate: 800 kbps | tp: 0 kbps | trace_bw: 1603 kbps
   t=31s | buffer: 3.4s | bitrate: 600 kbps | tp: 0 kbps | trace_bw: 5369 kbps
   t=41s | buffer: 3.1s | bitrate: 400 kbps | tp: 0 kbps | trace_bw: 4744 kbps
   t=51s | buffer: 1.0s | bitrate: 400 kbps | tp: 0 kbps | trace_bw: 563 kbps
   t=61s | buffer: 1.8s | bitrate: 800 kbps | tp: 0 kbps | trace_bw: 4916 kbps
   t=72s | buffer: 1.4s | bitrate: 800 kbps | tp: 0 kbps | trace_bw: 4653 kbps
   t=82s | buffer: 1.4s | bitrate: 1200 kbps | tp: 0 kbps | trace_bw: 5096 kbps
   t=92s | buffer: 1.9s | bitrate: 800 kbps | tp: 0 kbps | trace_bw: 5032 kbps
   t=102s | buffer: 2.0s | bitrate: 800 kbps | tp: 0 kbps | trace_bw: 1438 kbps
   t=112s | buffer: 0.1s | bitrate: 600 kbps | tp: 0 kbps | trace_bw: 288 kbps

======================================================================
  BENCHMARK RESULTS (LLDASH-GPAC / dash.js / BOLA)
======================================================================

  [TIMING]
      Startup delay:     166 ms
      Playback time:     99.9 s

  [BITRATE]
      Average (selected):  917 kbps
      Average (effective): 762 kbps
      Min / Max:           100 / 4,500 kbps
      Median:              600 kbps
      Std deviation:       972.5 kbps
      Variance:            945,784.5
      25th/75th %ile:      400 / 1,200 kbps

  [SWITCHES]
      Total count:       22
      Up / Down:         9 / 13
      Avg magnitude:     505 kbps

  [REBUFFERING]
      Events:            13
      Total time:        20,317 ms
      Ratio:             16.9005%
      Frequency:         7.808 per minute
      Avg duration:      1,684 ms
      Max duration:      11,022 ms

  [THROUGHPUT]
      Average:           0 kbps
      Median:            0 kbps
      Min / Max:         0 / 0 kbps
      Std deviation:     0.0 kbps

  [AVAILABLE BW (trace)]
      Average:           3,218 kbps
      Min / Max:         168 / 7,093 kbps

  [BUFFER]
      Average level:     1.6 s
      Min / Max:         0.1 / 3.6 s

  [UTILIZATION]
      Bandwidth:         36.4%

======================================================================

[SAVED] results/run_all_20260607_000000/lldash-gpac_puffer/benchmark_lldash-gpac_puffer_079_cbs_tc_20260608_003616.json

──────────────────────────────────────────────────────────────────────
  [81/150] puffer_080_fox_tc.csv
──────────────────────────────────────────────────────────────────────
[TRACE] puffer_080_fox_tc.csv
[LLDASH-GPAC] Trace file ready; gpac_server uses in-process bandwidth pacing.

======================================================================
  LLDASH-GPAC Streaming QoE Benchmark (dash.js / BOLA)
======================================================================
  Server: http://localhost:8082/player.html?mpd=http://localhost:8082/manifest.mpd
======================================================================

[TRACE] Loaded 156 entries with bandwidth
[BROWSER] Launching headless Chromium...
[BROWSER] Waiting for playback to start...
   Startup delay: 1601ms

[PLAYBACK] Collecting metrics...
   t=10s | buffer: 2.1s | bitrate: 600 kbps | tp: 0 kbps | trace_bw: 4650 kbps
   t=20s | buffer: 1.8s | bitrate: 600 kbps | tp: 0 kbps | trace_bw: 2878 kbps
   t=31s | buffer: 0.1s | bitrate: 1200 kbps | tp: 0 kbps | trace_bw: 5522 kbps
   t=41s | buffer: 3.1s | bitrate: 800 kbps | tp: 0 kbps | trace_bw: 3782 kbps
   t=51s | buffer: 3.0s | bitrate: 800 kbps | tp: 0 kbps | trace_bw: 5516 kbps
   t=61s | buffer: 2.9s | bitrate: 1200 kbps | tp: 0 kbps | trace_bw: 5571 kbps
   t=72s | buffer: 2.5s | bitrate: 800 kbps | tp: 0 kbps | trace_bw: 5528 kbps
   t=82s | buffer: 0.1s | bitrate: 800 kbps | tp: 0 kbps | trace_bw: 2357 kbps
   t=92s | buffer: 0.1s | bitrate: 800 kbps | tp: 0 kbps | trace_bw: 4832 kbps
   t=102s | buffer: 0.1s | bitrate: 800 kbps | tp: 0 kbps | trace_bw: 921 kbps
   t=112s | buffer: 1.9s | bitrate: 100 kbps | tp: 0 kbps | trace_bw: 1418 kbps

======================================================================
  BENCHMARK RESULTS (LLDASH-GPAC / dash.js / BOLA)
======================================================================

  [TIMING]
      Startup delay:     1,601 ms
      Playback time:     87.9 s

  [BITRATE]
      Average (selected):  669 kbps
      Average (effective): 484 kbps
      Min / Max:           100 / 1,200 kbps
      Median:              800 kbps
      Std deviation:       389.1 kbps
      Variance:            151,360.9
      25th/75th %ile:      400 / 800 kbps

  [SWITCHES]
      Total count:       12
      Up / Down:         7 / 5
      Avg magnitude:     400 kbps

  [REBUFFERING]
      Events:            5
      Total time:        33,675 ms
      Ratio:             27.6953%
      Frequency:         3.412 per minute
      Avg duration:      6,735 ms
      Max duration:      30,148 ms

  [THROUGHPUT]
      Average:           0 kbps
      Median:            0 kbps
      Min / Max:         0 / 0 kbps
      Std deviation:     0.0 kbps

  [AVAILABLE BW (trace)]
      Average:           3,096 kbps
      Min / Max:         34 / 5,677 kbps

  [BUFFER]
      Average level:     1.6 s
      Min / Max:         0.1 / 3.6 s

  [UTILIZATION]
      Bandwidth:         23.3%

======================================================================

[SAVED] results/run_all_20260607_000000/lldash-gpac_puffer/benchmark_lldash-gpac_puffer_080_fox_tc_20260608_003820.json

──────────────────────────────────────────────────────────────────────
  [82/150] puffer_081_fox_tc.csv
──────────────────────────────────────────────────────────────────────
[TRACE] puffer_081_fox_tc.csv
[LLDASH-GPAC] Trace file ready; gpac_server uses in-process bandwidth pacing.

======================================================================
  LLDASH-GPAC Streaming QoE Benchmark (dash.js / BOLA)
======================================================================
  Server: http://localhost:8082/player.html?mpd=http://localhost:8082/manifest.mpd
======================================================================

[TRACE] Loaded 98 entries with bandwidth
[BROWSER] Launching headless Chromium...
[BROWSER] Waiting for playback to start...
   Startup delay: 409ms

[PLAYBACK] Collecting metrics...
   t=10s | buffer: 2.2s | bitrate: 600 kbps | tp: 0 kbps | trace_bw: 2604 kbps
   t=20s | buffer: 2.1s | bitrate: 800 kbps | tp: 0 kbps | trace_bw: 2262 kbps
   t=31s | buffer: 1.7s | bitrate: 1200 kbps | tp: 0 kbps | trace_bw: 2075 kbps
   t=41s | buffer: 1.4s | bitrate: 800 kbps | tp: 0 kbps | trace_bw: 2132 kbps
   t=51s | buffer: 1.3s | bitrate: 1200 kbps | tp: 0 kbps | trace_bw: 2441 kbps
   t=61s | buffer: 1.0s | bitrate: 800 kbps | tp: 0 kbps | trace_bw: 442 kbps
   t=72s | buffer: 0.8s | bitrate: 800 kbps | tp: 0 kbps | trace_bw: 2064 kbps
   t=82s | buffer: 1.9s | bitrate: 100 kbps | tp: 0 kbps | trace_bw: 2773 kbps
   t=92s | buffer: 1.5s | bitrate: 800 kbps | tp: 0 kbps | trace_bw: 2083 kbps
   t=102s | buffer: 3.4s | bitrate: 600 kbps | tp: 0 kbps | trace_bw: 2314 kbps
   t=113s | buffer: 1.1s | bitrate: 1500 kbps | tp: 0 kbps | trace_bw: 2211 kbps

======================================================================
  BENCHMARK RESULTS (LLDASH-GPAC / dash.js / BOLA)
======================================================================

  [TIMING]
      Startup delay:     409 ms
      Playback time:     118.2 s

  [BITRATE]
      Average (selected):  805 kbps
      Average (effective): 789 kbps
      Min / Max:           100 / 1,500 kbps
      Median:              800 kbps
      Std deviation:       385.5 kbps
      Variance:            148,615.7
      25th/75th %ile:      600 / 1,200 kbps

  [SWITCHES]
      Total count:       21
      Up / Down:         11 / 10
      Avg magnitude:     505 kbps

  [REBUFFERING]
      Events:            10
      Total time:        2,368 ms
      Ratio:             1.9635%
      Frequency:         5.075 per minute
      Avg duration:      237 ms
      Max duration:      646 ms

  [THROUGHPUT]
      Average:           0 kbps
      Median:            0 kbps
      Min / Max:         0 / 0 kbps
      Std deviation:     0.0 kbps

  [AVAILABLE BW (trace)]
      Average:           2,391 kbps
      Min / Max:         282 / 2,928 kbps

  [BUFFER]
      Average level:     1.8 s
      Min / Max:         0.1 / 3.4 s

  [UTILIZATION]
      Bandwidth:         32.3%

======================================================================

[SAVED] results/run_all_20260607_000000/lldash-gpac_puffer/benchmark_lldash-gpac_puffer_081_fox_tc_20260608_004025.json

──────────────────────────────────────────────────────────────────────
  [83/150] puffer_082_nbc_tc.csv
──────────────────────────────────────────────────────────────────────
[TRACE] puffer_082_nbc_tc.csv
[LLDASH-GPAC] Trace file ready; gpac_server uses in-process bandwidth pacing.

======================================================================
  LLDASH-GPAC Streaming QoE Benchmark (dash.js / BOLA)
======================================================================
  Server: http://localhost:8082/player.html?mpd=http://localhost:8082/manifest.mpd
======================================================================

[TRACE] Loaded 149 entries with bandwidth
[BROWSER] Launching headless Chromium...
[BROWSER] Waiting for playback to start...
   Startup delay: 2225ms

[PLAYBACK] Collecting metrics...
   t=10s | buffer: 1.6s | bitrate: 100 kbps | tp: 0 kbps | trace_bw: 37 kbps
   t=20s | buffer: 3.2s | bitrate: 100 kbps | tp: 0 kbps | trace_bw: 285 kbps
   t=31s | buffer: 3.1s | bitrate: 100 kbps | tp: 0 kbps | trace_bw: 899 kbps
   t=41s | buffer: 1.8s | bitrate: 100 kbps | tp: 0 kbps | trace_bw: 46 kbps
   t=51s | buffer: 3.4s | bitrate: 100 kbps | tp: 0 kbps | trace_bw: 1686 kbps
   t=61s | buffer: 3.4s | bitrate: 200 kbps | tp: 0 kbps | trace_bw: 2218 kbps
   t=72s | buffer: 3.0s | bitrate: 200 kbps | tp: 0 kbps | trace_bw: 1696 kbps
   t=82s | buffer: 2.9s | bitrate: 200 kbps | tp: 0 kbps | trace_bw: 1094 kbps
   t=92s | buffer: 2.6s | bitrate: 200 kbps | tp: 0 kbps | trace_bw: 6514 kbps
   t=102s | buffer: 2.2s | bitrate: 600 kbps | tp: 0 kbps | trace_bw: 6305 kbps
   t=113s | buffer: 2.1s | bitrate: 600 kbps | tp: 0 kbps | trace_bw: 5814 kbps

======================================================================
  BENCHMARK RESULTS (LLDASH-GPAC / dash.js / BOLA)
======================================================================

  [TIMING]
      Startup delay:     2,225 ms
      Playback time:     111.7 s

  [BITRATE]
      Average (selected):  333 kbps
      Average (effective): 304 kbps
      Min / Max:           100 / 800 kbps
      Median:              200 kbps
      Std deviation:       268.7 kbps
      Variance:            72,222.2
      25th/75th %ile:      100 / 600 kbps

  [SWITCHES]
      Total count:       5
      Up / Down:         4 / 1
      Avg magnitude:     180 kbps

  [REBUFFERING]
      Events:            6
      Total time:        10,662 ms
      Ratio:             8.7123%
      Frequency:         3.222 per minute
      Avg duration:      1,777 ms
      Max duration:      3,931 ms

  [THROUGHPUT]
      Average:           0 kbps
      Median:            0 kbps
      Min / Max:         0 / 0 kbps
      Std deviation:     0.0 kbps

  [AVAILABLE BW (trace)]
      Average:           2,107 kbps
      Min / Max:         37 / 6,514 kbps

  [BUFFER]
      Average level:     2.2 s
      Min / Max:         0.1 / 3.7 s

  [UTILIZATION]
      Bandwidth:         19.7%

======================================================================

[SAVED] results/run_all_20260607_000000/lldash-gpac_puffer/benchmark_lldash-gpac_puffer_082_nbc_tc_20260608_004229.json

──────────────────────────────────────────────────────────────────────
  [84/150] puffer_083_fox_tc.csv
──────────────────────────────────────────────────────────────────────
[TRACE] puffer_083_fox_tc.csv
[LLDASH-GPAC] Trace file ready; gpac_server uses in-process bandwidth pacing.

======================================================================
  LLDASH-GPAC Streaming QoE Benchmark (dash.js / BOLA)
======================================================================
  Server: http://localhost:8082/player.html?mpd=http://localhost:8082/manifest.mpd
======================================================================

[TRACE] Loaded 151 entries with bandwidth
[BROWSER] Launching headless Chromium...
[BROWSER] Waiting for playback to start...
   Startup delay: 1545ms

[PLAYBACK] Collecting metrics...
   t=10s | buffer: 2.0s | bitrate: 100 kbps | tp: 0 kbps | trace_bw: 2205 kbps
   t=20s | buffer: 1.6s | bitrate: 600 kbps | tp: 0 kbps | trace_bw: 2553 kbps
   t=31s | buffer: 1.4s | bitrate: 1200 kbps | tp: 0 kbps | trace_bw: 5499 kbps
   t=41s | buffer: 3.2s | bitrate: 800 kbps | tp: 0 kbps | trace_bw: 4188 kbps
   t=51s | buffer: 0.1s | bitrate: 800 kbps | tp: 0 kbps | trace_bw: 3553 kbps
   t=61s | buffer: 2.0s | bitrate: 600 kbps | tp: 0 kbps | trace_bw: 5600 kbps
   t=72s | buffer: 1.9s | bitrate: 600 kbps | tp: 0 kbps | trace_bw: 2032 kbps
   t=82s | buffer: 2.3s | bitrate: 600 kbps | tp: 0 kbps | trace_bw: 5395 kbps
   t=92s | buffer: 2.8s | bitrate: 600 kbps | tp: 0 kbps | trace_bw: 5546 kbps
   t=102s | buffer: 2.7s | bitrate: 600 kbps | tp: 0 kbps | trace_bw: 1899 kbps
   t=113s | buffer: 0.1s | bitrate: 1500 kbps | tp: 0 kbps | trace_bw: 3351 kbps

======================================================================
  BENCHMARK RESULTS (LLDASH-GPAC / dash.js / BOLA)
======================================================================

  [TIMING]
      Startup delay:     1,545 ms
      Playback time:     101.9 s

  [BITRATE]
      Average (selected):  711 kbps
      Average (effective): 595 kbps
      Min / Max:           100 / 1,500 kbps
      Median:              600 kbps
      Std deviation:       369.8 kbps
      Variance:            136,731.3
      25th/75th %ile:      600 / 800 kbps

  [SWITCHES]
      Total count:       18
      Up / Down:         9 / 9
      Avg magnitude:     333 kbps

  [REBUFFERING]
      Events:            10
      Total time:        19,850 ms
      Ratio:             16.3058%
      Frequency:         5.889 per minute
      Avg duration:      930 ms
      Max duration:      2,659 ms

  [THROUGHPUT]
      Average:           0 kbps
      Median:            0 kbps
      Min / Max:         0 / 0 kbps
      Std deviation:     0.0 kbps

  [AVAILABLE BW (trace)]
      Average:           3,145 kbps
      Min / Max:         44 / 5,658 kbps

  [BUFFER]
      Average level:     1.7 s
      Min / Max:         0.1 / 3.5 s

  [UTILIZATION]
      Bandwidth:         21.7%

======================================================================

[SAVED] results/run_all_20260607_000000/lldash-gpac_puffer/benchmark_lldash-gpac_puffer_083_fox_tc_20260608_004435.json

──────────────────────────────────────────────────────────────────────
  [85/150] puffer_084_cbs_tc.csv
──────────────────────────────────────────────────────────────────────
[TRACE] puffer_084_cbs_tc.csv
[LLDASH-GPAC] Trace file ready; gpac_server uses in-process bandwidth pacing.

======================================================================
  LLDASH-GPAC Streaming QoE Benchmark (dash.js / BOLA)
======================================================================
  Server: http://localhost:8082/player.html?mpd=http://localhost:8082/manifest.mpd
======================================================================

[TRACE] Loaded 58 entries with bandwidth
[BROWSER] Launching headless Chromium...
[BROWSER] Waiting for playback to start...
   Startup delay: 764ms

[PLAYBACK] Collecting metrics...
   t=10s | buffer: 0.9s | bitrate: 800 kbps | tp: 0 kbps | trace_bw: 2939 kbps
   t=20s | buffer: 2.1s | bitrate: 200 kbps | tp: 0 kbps | trace_bw: 2937 kbps
   t=31s | buffer: 2.0s | bitrate: 200 kbps | tp: 0 kbps | trace_bw: 2812 kbps
   t=41s | buffer: 3.7s | bitrate: 200 kbps | tp: 0 kbps | trace_bw: 1999 kbps
   t=51s | buffer: 2.4s | bitrate: 400 kbps | tp: 0 kbps | trace_bw: 2874 kbps
   t=61s | buffer: 2.3s | bitrate: 400 kbps | tp: 0 kbps | trace_bw: 2806 kbps
   t=72s | buffer: 2.0s | bitrate: 600 kbps | tp: 0 kbps | trace_bw: 2715 kbps
   t=82s | buffer: 1.9s | bitrate: 800 kbps | tp: 0 kbps | trace_bw: 2861 kbps
   t=92s | buffer: 2.6s | bitrate: 800 kbps | tp: 0 kbps | trace_bw: 1773 kbps
   t=102s | buffer: 1.7s | bitrate: 600 kbps | tp: 0 kbps | trace_bw: 2393 kbps
   t=113s | buffer: 1.6s | bitrate: 600 kbps | tp: 0 kbps | trace_bw: 2726 kbps

======================================================================
  BENCHMARK RESULTS (LLDASH-GPAC / dash.js / BOLA)
======================================================================

  [TIMING]
      Startup delay:     764 ms
      Playback time:     106.5 s

  [BITRATE]
      Average (selected):  594 kbps
      Average (effective): 524 kbps
      Min / Max:           100 / 1,200 kbps
      Median:              600 kbps
      Std deviation:       307.7 kbps
      Variance:            94,671.3
      25th/75th %ile:      400 / 800 kbps

  [SWITCHES]
      Total count:       16
      Up / Down:         9 / 7
      Avg magnitude:     375 kbps

  [REBUFFERING]
      Events:            8
      Total time:        14,367 ms
      Ratio:             11.8839%
      Frequency:         4.506 per minute
      Avg duration:      1,796 ms
      Max duration:      7,561 ms

  [THROUGHPUT]
      Average:           0 kbps
      Median:            0 kbps
      Min / Max:         0 / 0 kbps
      Std deviation:     0.0 kbps

  [AVAILABLE BW (trace)]
      Average:           2,174 kbps
      Min / Max:         54 / 2,971 kbps

  [BUFFER]
      Average level:     1.8 s
      Min / Max:         0.1 / 3.7 s

  [UTILIZATION]
      Bandwidth:         23.2%

======================================================================

[SAVED] results/run_all_20260607_000000/lldash-gpac_puffer/benchmark_lldash-gpac_puffer_084_cbs_tc_20260608_004640.json

──────────────────────────────────────────────────────────────────────
  [86/150] puffer_085_fox_tc.csv
──────────────────────────────────────────────────────────────────────
[TRACE] puffer_085_fox_tc.csv
[LLDASH-GPAC] Trace file ready; gpac_server uses in-process bandwidth pacing.

======================================================================
  LLDASH-GPAC Streaming QoE Benchmark (dash.js / BOLA)
======================================================================
  Server: http://localhost:8082/player.html?mpd=http://localhost:8082/manifest.mpd
======================================================================

[TRACE] Loaded 157 entries with bandwidth
[BROWSER] Launching headless Chromium...
[BROWSER] Waiting for playback to start...
   Startup delay: 1557ms

[PLAYBACK] Collecting metrics...
   t=10s | buffer: 1.9s | bitrate: 1200 kbps | tp: 0 kbps | trace_bw: 5046 kbps
   t=20s | buffer: 1.6s | bitrate: 800 kbps | tp: 0 kbps | trace_bw: 1048 kbps
   t=31s | buffer: 1.3s | bitrate: 1200 kbps | tp: 0 kbps | trace_bw: 3515 kbps
   t=41s | buffer: 0.1s | bitrate: 1200 kbps | tp: 0 kbps | trace_bw: 5619 kbps
   t=51s | buffer: 1.2s | bitrate: 200 kbps | tp: 0 kbps | trace_bw: 1787 kbps
   t=61s | buffer: 2.8s | bitrate: 400 kbps | tp: 0 kbps | trace_bw: 5252 kbps
   t=72s | buffer: 2.7s | bitrate: 400 kbps | tp: 0 kbps | trace_bw: 5631 kbps
   t=82s | buffer: 2.3s | bitrate: 600 kbps | tp: 0 kbps | trace_bw: 5647 kbps
   t=92s | buffer: 2.3s | bitrate: 600 kbps | tp: 0 kbps | trace_bw: 3648 kbps
   t=102s | buffer: 0.1s | bitrate: 1200 kbps | tp: 0 kbps | trace_bw: 41 kbps
   t=113s | buffer: 2.7s | bitrate: 200 kbps | tp: 0 kbps | trace_bw: 2541 kbps

======================================================================
  BENCHMARK RESULTS (LLDASH-GPAC / dash.js / BOLA)
======================================================================

  [TIMING]
      Startup delay:     1,557 ms
      Playback time:     103.1 s

  [BITRATE]
      Average (selected):  640 kbps
      Average (effective): 542 kbps
      Min / Max:           100 / 1,500 kbps
      Median:              600 kbps
      Std deviation:       431.7 kbps
      Variance:            186,400.0
      25th/75th %ile:      200 / 1,200 kbps

  [SWITCHES]
      Total count:       19
      Up / Down:         13 / 6
      Avg magnitude:     405 kbps

  [REBUFFERING]
      Events:            4
      Total time:        18,636 ms
      Ratio:             15.3085%
      Frequency:         2.328 per minute
      Avg duration:      4,659 ms
      Max duration:      9,924 ms

  [THROUGHPUT]
      Average:           0 kbps
      Median:            0 kbps
      Min / Max:         0 / 0 kbps
      Std deviation:     0.0 kbps

  [AVAILABLE BW (trace)]
      Average:           3,187 kbps
      Min / Max:         41 / 5,706 kbps

  [BUFFER]
      Average level:     1.9 s
      Min / Max:         0.1 / 3.7 s

  [UTILIZATION]
      Bandwidth:         22.4%

======================================================================

[SAVED] results/run_all_20260607_000000/lldash-gpac_puffer/benchmark_lldash-gpac_puffer_085_fox_tc_20260608_004845.json

──────────────────────────────────────────────────────────────────────
  [87/150] puffer_086_nbc_tc.csv
──────────────────────────────────────────────────────────────────────
[TRACE] puffer_086_nbc_tc.csv
[LLDASH-GPAC] Trace file ready; gpac_server uses in-process bandwidth pacing.

======================================================================
  LLDASH-GPAC Streaming QoE Benchmark (dash.js / BOLA)
======================================================================
  Server: http://localhost:8082/player.html?mpd=http://localhost:8082/manifest.mpd
======================================================================

[TRACE] Loaded 158 entries with bandwidth
[BROWSER] Launching headless Chromium...
[BROWSER] Waiting for playback to start...
   Startup delay: 549ms

[PLAYBACK] Collecting metrics...
   t=10s | buffer: 2.0s | bitrate: 100 kbps | tp: 0 kbps | trace_bw: 6477 kbps
   t=20s | buffer: 2.4s | bitrate: 1200 kbps | tp: 0 kbps | trace_bw: 6448 kbps
   t=31s | buffer: 2.0s | bitrate: 800 kbps | tp: 0 kbps | trace_bw: 4028 kbps
   t=41s | buffer: 1.9s | bitrate: 800 kbps | tp: 0 kbps | trace_bw: 6887 kbps
   t=51s | buffer: 1.6s | bitrate: 1200 kbps | tp: 0 kbps | trace_bw: 4197 kbps
   t=61s | buffer: 3.3s | bitrate: 1200 kbps | tp: 0 kbps | trace_bw: 6219 kbps
   t=72s | buffer: 2.8s | bitrate: 400 kbps | tp: 0 kbps | trace_bw: 846 kbps
   t=82s | buffer: 0.7s | bitrate: 600 kbps | tp: 0 kbps | trace_bw: 883 kbps
   t=92s | buffer: 2.7s | bitrate: 400 kbps | tp: 0 kbps | trace_bw: 1070 kbps
   t=102s | buffer: 2.6s | bitrate: 800 kbps | tp: 0 kbps | trace_bw: 1942 kbps
   t=113s | buffer: 2.1s | bitrate: 800 kbps | tp: 0 kbps | trace_bw: 1861 kbps

======================================================================
  BENCHMARK RESULTS (LLDASH-GPAC / dash.js / BOLA)
======================================================================

  [TIMING]
      Startup delay:     549 ms
      Playback time:     109.7 s

  [BITRATE]
      Average (selected):  900 kbps
      Average (effective): 818 kbps
      Min / Max:           100 / 2,000 kbps
      Median:              800 kbps
      Std deviation:       483.9 kbps
      Variance:            234,117.6
      25th/75th %ile:      600 / 1,200 kbps

  [SWITCHES]
      Total count:       16
      Up / Down:         9 / 7
      Avg magnitude:     538 kbps

  [REBUFFERING]
      Events:            11
      Total time:        10,948 ms
      Ratio:             9.0733%
      Frequency:         6.016 per minute
      Avg duration:      995 ms
      Max duration:      3,748 ms

  [THROUGHPUT]
      Average:           0 kbps
      Median:            0 kbps
      Min / Max:         0 / 0 kbps
      Std deviation:     0.0 kbps

  [AVAILABLE BW (trace)]
      Average:           3,424 kbps
      Min / Max:         99 / 6,989 kbps

  [BUFFER]
      Average level:     1.8 s
      Min / Max:         0.1 / 3.4 s

  [UTILIZATION]
      Bandwidth:         29.4%

======================================================================

[SAVED] results/run_all_20260607_000000/lldash-gpac_puffer/benchmark_lldash-gpac_puffer_086_nbc_tc_20260608_005050.json

──────────────────────────────────────────────────────────────────────
  [88/150] puffer_087_fox_tc.csv
──────────────────────────────────────────────────────────────────────
[TRACE] puffer_087_fox_tc.csv
[LLDASH-GPAC] Trace file ready; gpac_server uses in-process bandwidth pacing.

======================================================================
  LLDASH-GPAC Streaming QoE Benchmark (dash.js / BOLA)
======================================================================
  Server: http://localhost:8082/player.html?mpd=http://localhost:8082/manifest.mpd
======================================================================

[TRACE] Loaded 151 entries with bandwidth
[BROWSER] Launching headless Chromium...
[BROWSER] Waiting for playback to start...
   Startup delay: 235ms

[PLAYBACK] Collecting metrics...
   t=10s | buffer: 1.0s | bitrate: 2000 kbps | tp: 0 kbps | trace_bw: 3466 kbps
   t=20s | buffer: 0.1s | bitrate: 1500 kbps | tp: 0 kbps | trace_bw: 1982 kbps
   t=31s | buffer: 0.1s | bitrate: 1500 kbps | tp: 0 kbps | trace_bw: 1428 kbps
   t=41s | buffer: 2.3s | bitrate: 200 kbps | tp: 0 kbps | trace_bw: 3153 kbps
   t=51s | buffer: 1.9s | bitrate: 200 kbps | tp: 0 kbps | trace_bw: 1420 kbps
   t=61s | buffer: 1.6s | bitrate: 600 kbps | tp: 0 kbps | trace_bw: 14 kbps
   t=72s | buffer: 0.1s | bitrate: 600 kbps | tp: 0 kbps | trace_bw: 5111 kbps
   t=82s | buffer: 0.1s | bitrate: 600 kbps | tp: 0 kbps | trace_bw: 5055 kbps
   t=92s | buffer: 2.7s | bitrate: 100 kbps | tp: 0 kbps | trace_bw: 5130 kbps
   t=102s | buffer: 2.7s | bitrate: 100 kbps | tp: 0 kbps | trace_bw: 4585 kbps
   t=113s | buffer: 2.6s | bitrate: 100 kbps | tp: 0 kbps | trace_bw: 2950 kbps

======================================================================
  BENCHMARK RESULTS (LLDASH-GPAC / dash.js / BOLA)
======================================================================

  [TIMING]
      Startup delay:     235 ms
      Playback time:     85.4 s

  [BITRATE]
      Average (selected):  669 kbps
      Average (effective): 474 kbps
      Min / Max:           100 / 3,000 kbps
      Median:              200 kbps
      Std deviation:       883.5 kbps
      Variance:            780,591.7
      25th/75th %ile:      100 / 600 kbps

  [SWITCHES]
      Total count:       12
      Up / Down:         5 / 7
      Avg magnitude:     392 kbps

  [REBUFFERING]
      Events:            10
      Total time:        35,118 ms
      Ratio:             29.1479%
      Frequency:         7.029 per minute
      Avg duration:      3,512 ms
      Max duration:      19,830 ms

  [THROUGHPUT]
      Average:           0 kbps
      Median:            0 kbps
      Min / Max:         0 / 0 kbps
      Std deviation:     0.0 kbps

  [AVAILABLE BW (trace)]
      Average:           2,985 kbps
      Min / Max:         4 / 6,113 kbps

  [BUFFER]
      Average level:     1.6 s
      Min / Max:         0.1 / 3.9 s

  [UTILIZATION]
      Bandwidth:         21.1%

======================================================================

[SAVED] results/run_all_20260607_000000/lldash-gpac_puffer/benchmark_lldash-gpac_puffer_087_fox_tc_20260608_005254.json

──────────────────────────────────────────────────────────────────────
  [89/150] puffer_088_fox_tc.csv
──────────────────────────────────────────────────────────────────────
[TRACE] puffer_088_fox_tc.csv
[LLDASH-GPAC] Trace file ready; gpac_server uses in-process bandwidth pacing.

======================================================================
  LLDASH-GPAC Streaming QoE Benchmark (dash.js / BOLA)
======================================================================
  Server: http://localhost:8082/player.html?mpd=http://localhost:8082/manifest.mpd
======================================================================

[TRACE] Loaded 145 entries with bandwidth
[BROWSER] Launching headless Chromium...
[BROWSER] Waiting for playback to start...
   Startup delay: 218ms

[PLAYBACK] Collecting metrics...
   t=10s | buffer: 1.7s | bitrate: 1500 kbps | tp: 0 kbps | trace_bw: 2648 kbps
   t=21s | buffer: 1.7s | bitrate: 1200 kbps | tp: 0 kbps | trace_bw: 2710 kbps
   t=31s | buffer: 1.6s | bitrate: 800 kbps | tp: 0 kbps | trace_bw: 2722 kbps
   t=41s | buffer: 1.2s | bitrate: 1200 kbps | tp: 0 kbps | trace_bw: 2679 kbps
   t=51s | buffer: 2.9s | bitrate: 800 kbps | tp: 0 kbps | trace_bw: 2874 kbps
   t=61s | buffer: 2.8s | bitrate: 800 kbps | tp: 0 kbps | trace_bw: 2609 kbps
   t=72s | buffer: 2.4s | bitrate: 800 kbps | tp: 0 kbps | trace_bw: 2803 kbps
   t=82s | buffer: 0.4s | bitrate: 1200 kbps | tp: 0 kbps | trace_bw: 2738 kbps
   t=92s | buffer: 2.7s | bitrate: 800 kbps | tp: 0 kbps | trace_bw: 2445 kbps
   t=102s | buffer: 0.3s | bitrate: 600 kbps | tp: 0 kbps | trace_bw: 1885 kbps
   t=113s | buffer: 2.4s | bitrate: 600 kbps | tp: 0 kbps | trace_bw: 2368 kbps

======================================================================
  BENCHMARK RESULTS (LLDASH-GPAC / dash.js / BOLA)
======================================================================

  [TIMING]
      Startup delay:     218 ms
      Playback time:     117.4 s

  [BITRATE]
      Average (selected):  856 kbps
      Average (effective): 834 kbps
      Min / Max:           100 / 3,000 kbps
      Median:              800 kbps
      Std deviation:       694.6 kbps
      Variance:            482,460.9
      25th/75th %ile:      600 / 800 kbps

  [SWITCHES]
      Total count:       15
      Up / Down:         7 / 8
      Avg magnitude:     440 kbps

  [REBUFFERING]
      Events:            10
      Total time:        3,084 ms
      Ratio:             2.5601%
      Frequency:         5.112 per minute
      Avg duration:      308 ms
      Max duration:      1,241 ms

  [THROUGHPUT]
      Average:           0 kbps
      Median:            0 kbps
      Min / Max:         0 / 0 kbps
      Std deviation:     0.0 kbps

  [AVAILABLE BW (trace)]
      Average:           2,550 kbps
      Min / Max:         777 / 2,968 kbps

  [BUFFER]
      Average level:     1.8 s
      Min / Max:         0.1 / 3.3 s

  [UTILIZATION]
      Bandwidth:         32.4%

======================================================================

[SAVED] results/run_all_20260607_000000/lldash-gpac_puffer/benchmark_lldash-gpac_puffer_088_fox_tc_20260608_005459.json

──────────────────────────────────────────────────────────────────────
  [90/150] puffer_089_univision_tc.csv
──────────────────────────────────────────────────────────────────────
[TRACE] puffer_089_univision_tc.csv
[LLDASH-GPAC] Trace file ready; gpac_server uses in-process bandwidth pacing.

======================================================================
  LLDASH-GPAC Streaming QoE Benchmark (dash.js / BOLA)
======================================================================
  Server: http://localhost:8082/player.html?mpd=http://localhost:8082/manifest.mpd
======================================================================

[TRACE] Loaded 63 entries with bandwidth
[BROWSER] Launching headless Chromium...
[BROWSER] Waiting for playback to start...
   Startup delay: 231ms

[PLAYBACK] Collecting metrics...
   t=10s | buffer: 2.3s | bitrate: 800 kbps | tp: 0 kbps | trace_bw: 2798 kbps
   t=20s | buffer: 2.2s | bitrate: 800 kbps | tp: 0 kbps | trace_bw: 2250 kbps
   t=31s | buffer: 0.1s | bitrate: 100 kbps | tp: 0 kbps | trace_bw: 3081 kbps
   t=41s | buffer: 2.1s | bitrate: 800 kbps | tp: 0 kbps | trace_bw: 927 kbps
   t=51s | buffer: 3.0s | bitrate: 600 kbps | tp: 0 kbps | trace_bw: 2889 kbps
   t=61s | buffer: 2.9s | bitrate: 600 kbps | tp: 0 kbps | trace_bw: 3200 kbps
   t=72s | buffer: 0.1s | bitrate: 800 kbps | tp: 0 kbps | trace_bw: 662 kbps
   t=82s | buffer: 3.1s | bitrate: 100 kbps | tp: 0 kbps | trace_bw: 13078 kbps
   t=92s | buffer: 3.0s | bitrate: 200 kbps | tp: 0 kbps | trace_bw: 1522 kbps
   t=102s | buffer: 2.6s | bitrate: 200 kbps | tp: 0 kbps | trace_bw: 2928 kbps
   t=113s | buffer: 2.5s | bitrate: 600 kbps | tp: 0 kbps | trace_bw: 1993 kbps

======================================================================
  BENCHMARK RESULTS (LLDASH-GPAC / dash.js / BOLA)
======================================================================

  [TIMING]
      Startup delay:     231 ms
      Playback time:     105.4 s

  [BITRATE]
      Average (selected):  808 kbps
      Average (effective): 708 kbps
      Min / Max:           100 / 2,000 kbps
      Median:              800 kbps
      Std deviation:       476.9 kbps
      Variance:            227,430.6
      25th/75th %ile:      600 / 1,200 kbps

  [SWITCHES]
      Total count:       11
      Up / Down:         6 / 5
      Avg magnitude:     436 kbps

  [REBUFFERING]
      Events:            7
      Total time:        15,001 ms
      Ratio:             12.4615%
      Frequency:         3.986 per minute
      Avg duration:      2,143 ms
      Max duration:      10,792 ms

  [THROUGHPUT]
      Average:           0 kbps
      Median:            0 kbps
      Min / Max:         0 / 0 kbps
      Std deviation:     0.0 kbps

  [AVAILABLE BW (trace)]
      Average:           3,191 kbps
      Min / Max:         28 / 13,078 kbps

  [BUFFER]
      Average level:     1.9 s
      Min / Max:         0.1 / 3.7 s

  [UTILIZATION]
      Bandwidth:         29.8%

======================================================================

[SAVED] results/run_all_20260607_000000/lldash-gpac_puffer/benchmark_lldash-gpac_puffer_089_univision_tc_20260608_005703.json

──────────────────────────────────────────────────────────────────────
  [91/150] puffer_090_pbs_tc.csv
──────────────────────────────────────────────────────────────────────
[TRACE] puffer_090_pbs_tc.csv
[LLDASH-GPAC] Trace file ready; gpac_server uses in-process bandwidth pacing.

======================================================================
  LLDASH-GPAC Streaming QoE Benchmark (dash.js / BOLA)
======================================================================
  Server: http://localhost:8082/player.html?mpd=http://localhost:8082/manifest.mpd
======================================================================

[TRACE] Loaded 148 entries with bandwidth
[BROWSER] Launching headless Chromium...
[BROWSER] Waiting for playback to start...
   Startup delay: 21438ms

[PLAYBACK] Collecting metrics...
   t=10s | buffer: 3.8s | bitrate: 100 kbps | tp: 0 kbps | trace_bw: 843 kbps
   t=20s | buffer: 1.6s | bitrate: 100 kbps | tp: 0 kbps | trace_bw: 2883 kbps
   t=31s | buffer: 3.4s | bitrate: 100 kbps | tp: 0 kbps | trace_bw: 3937 kbps
   t=41s | buffer: 3.1s | bitrate: 100 kbps | tp: 0 kbps | trace_bw: 2714 kbps
   t=51s | buffer: 2.8s | bitrate: 200 kbps | tp: 0 kbps | trace_bw: 2729 kbps
   t=61s | buffer: 2.7s | bitrate: 200 kbps | tp: 0 kbps | trace_bw: 607 kbps
   t=72s | buffer: 0.1s | bitrate: 400 kbps | tp: 0 kbps | trace_bw: 4905 kbps
   t=82s | buffer: 2.3s | bitrate: 200 kbps | tp: 0 kbps | trace_bw: 1533 kbps
   t=92s | buffer: 2.0s | bitrate: 600 kbps | tp: 0 kbps | trace_bw: 1441 kbps
   t=102s | buffer: 0.1s | bitrate: 600 kbps | tp: 0 kbps | trace_bw: 513 kbps
   t=113s | buffer: 1.7s | bitrate: 200 kbps | tp: 0 kbps | trace_bw: 2680 kbps

======================================================================
  BENCHMARK RESULTS (LLDASH-GPAC / dash.js / BOLA)
======================================================================

  [TIMING]
      Startup delay:     21,438 ms
      Playback time:     114.1 s

  [BITRATE]
      Average (selected):  340 kbps
      Average (effective): 274 kbps
      Min / Max:           100 / 800 kbps
      Median:              200 kbps
      Std deviation:       233.2 kbps
      Variance:            54,400.0
      25th/75th %ile:      200 / 600 kbps

  [SWITCHES]
      Total count:       9
      Up / Down:         4 / 5
      Avg magnitude:     256 kbps

  [REBUFFERING]
      Events:            3
      Total time:        27,543 ms
      Ratio:             19.4458%
      Frequency:         1.578 per minute
      Avg duration:      9,181 ms
      Max duration:      21,279 ms

  [THROUGHPUT]
      Average:           0 kbps
      Median:            0 kbps
      Min / Max:         0 / 0 kbps
      Std deviation:     0.0 kbps

  [AVAILABLE BW (trace)]
      Average:           2,740 kbps
      Min / Max:         2 / 5,423 kbps

  [BUFFER]
      Average level:     2.3 s
      Min / Max:         0.1 / 3.8 s

  [UTILIZATION]
      Bandwidth:         11.2%

======================================================================

[SAVED] results/run_all_20260607_000000/lldash-gpac_puffer/benchmark_lldash-gpac_puffer_090_pbs_tc_20260608_005907.json

──────────────────────────────────────────────────────────────────────
  [92/150] puffer_091_fox_tc.csv
──────────────────────────────────────────────────────────────────────
[TRACE] puffer_091_fox_tc.csv
[LLDASH-GPAC] Trace file ready; gpac_server uses in-process bandwidth pacing.

======================================================================
  LLDASH-GPAC Streaming QoE Benchmark (dash.js / BOLA)
======================================================================
  Server: http://localhost:8082/player.html?mpd=http://localhost:8082/manifest.mpd
======================================================================

[TRACE] Loaded 154 entries with bandwidth
[BROWSER] Launching headless Chromium...
[BROWSER] Waiting for playback to start...
   Startup delay: 207ms

[PLAYBACK] Collecting metrics...
   t=10s | buffer: 1.4s | bitrate: 1200 kbps | tp: 0 kbps | trace_bw: 4161 kbps
   t=20s | buffer: 1.7s | bitrate: 400 kbps | tp: 0 kbps | trace_bw: 2677 kbps
   t=31s | buffer: 1.4s | bitrate: 600 kbps | tp: 0 kbps | trace_bw: 739 kbps
   t=41s | buffer: 1.7s | bitrate: 600 kbps | tp: 0 kbps | trace_bw: 1886 kbps
   t=51s | buffer: 1.3s | bitrate: 800 kbps | tp: 0 kbps | trace_bw: 1563 kbps
   t=61s | buffer: 3.3s | bitrate: 600 kbps | tp: 0 kbps | trace_bw: 2628 kbps
   t=72s | buffer: 1.2s | bitrate: 600 kbps | tp: 0 kbps | trace_bw: 2634 kbps
   t=82s | buffer: 0.8s | bitrate: 800 kbps | tp: 0 kbps | trace_bw: 1723 kbps
   t=92s | buffer: 2.7s | bitrate: 800 kbps | tp: 0 kbps | trace_bw: 2873 kbps
   t=102s | buffer: 2.6s | bitrate: 800 kbps | tp: 0 kbps | trace_bw: 2688 kbps
   t=112s | buffer: 2.2s | bitrate: 800 kbps | tp: 0 kbps | trace_bw: 762 kbps

======================================================================
  BENCHMARK RESULTS (LLDASH-GPAC / dash.js / BOLA)
======================================================================

  [TIMING]
      Startup delay:     207 ms
      Playback time:     115.5 s

  [BITRATE]
      Average (selected):  845 kbps
      Average (effective): 812 kbps
      Min / Max:           100 / 3,000 kbps
      Median:              800 kbps
      Std deviation:       560.8 kbps
      Variance:            314,475.0
      25th/75th %ile:      600 / 800 kbps

  [SWITCHES]
      Total count:       19
      Up / Down:         8 / 11
      Avg magnitude:     442 kbps

  [REBUFFERING]
      Events:            10
      Total time:        4,695 ms
      Ratio:             3.9052%
      Frequency:         5.193 per minute
      Avg duration:      470 ms
      Max duration:      3,081 ms

  [THROUGHPUT]
      Average:           0 kbps
      Median:            0 kbps
      Min / Max:         0 / 0 kbps
      Std deviation:     0.0 kbps

  [AVAILABLE BW (trace)]
      Average:           2,389 kbps
      Min / Max:         398 / 5,665 kbps

  [BUFFER]
      Average level:     1.8 s
      Min / Max:         0.1 / 3.5 s

  [UTILIZATION]
      Bandwidth:         32.7%

======================================================================

[SAVED] results/run_all_20260607_000000/lldash-gpac_puffer/benchmark_lldash-gpac_puffer_091_fox_tc_20260608_010132.json

──────────────────────────────────────────────────────────────────────
  [93/150] puffer_092_nbc_tc.csv
──────────────────────────────────────────────────────────────────────
[TRACE] puffer_092_nbc_tc.csv
[LLDASH-GPAC] Trace file ready; gpac_server uses in-process bandwidth pacing.

======================================================================
  LLDASH-GPAC Streaming QoE Benchmark (dash.js / BOLA)
======================================================================
  Server: http://localhost:8082/player.html?mpd=http://localhost:8082/manifest.mpd
======================================================================

[TRACE] Loaded 151 entries with bandwidth
[BROWSER] Launching headless Chromium...
[BROWSER] Waiting for playback to start...
   Startup delay: 231ms

[PLAYBACK] Collecting metrics...
   t=10s | buffer: 0.7s | bitrate: 400 kbps | tp: 0 kbps | trace_bw: 2090 kbps
   t=20s | buffer: 0.1s | bitrate: 100 kbps | tp: 0 kbps | trace_bw: 731 kbps
   t=31s | buffer: 0.1s | bitrate: 400 kbps | tp: 0 kbps | trace_bw: 374 kbps
   t=41s | buffer: 1.7s | bitrate: 400 kbps | tp: 0 kbps | trace_bw: 2417 kbps
   t=51s | buffer: 0.1s | bitrate: 400 kbps | tp: 0 kbps | trace_bw: 16 kbps
   t=61s | buffer: 3.5s | bitrate: 100 kbps | tp: 0 kbps | trace_bw: 5347 kbps
   t=72s | buffer: 3.4s | bitrate: 200 kbps | tp: 0 kbps | trace_bw: 2619 kbps
   t=82s | buffer: 3.1s | bitrate: 200 kbps | tp: 0 kbps | trace_bw: 3521 kbps
   t=92s | buffer: 3.0s | bitrate: 200 kbps | tp: 0 kbps | trace_bw: 4004 kbps
   t=102s | buffer: 2.6s | bitrate: 400 kbps | tp: 0 kbps | trace_bw: 1582 kbps
   t=113s | buffer: 2.5s | bitrate: 400 kbps | tp: 0 kbps | trace_bw: 1875 kbps

======================================================================
  BENCHMARK RESULTS (LLDASH-GPAC / dash.js / BOLA)
======================================================================

  [TIMING]
      Startup delay:     231 ms
      Playback time:     103.4 s

  [BITRATE]
      Average (selected):  815 kbps
      Average (effective): 700 kbps
      Min / Max:           100 / 3,000 kbps
      Median:              600 kbps
      Std deviation:       718.5 kbps
      Variance:            516,275.0
      25th/75th %ile:      400 / 1,200 kbps

  [SWITCHES]
      Total count:       19
      Up / Down:         9 / 10
      Avg magnitude:     537 kbps

  [REBUFFERING]
      Events:            9
      Total time:        17,031 ms
      Ratio:             14.1436%
      Frequency:         5.223 per minute
      Avg duration:      1,892 ms
      Max duration:      10,294 ms

  [THROUGHPUT]
      Average:           0 kbps
      Median:            0 kbps
      Min / Max:         0 / 0 kbps
      Std deviation:     0.0 kbps

  [AVAILABLE BW (trace)]
      Average:           2,578 kbps
      Min / Max:         16 / 5,347 kbps

  [BUFFER]
      Average level:     1.9 s
      Min / Max:         0.1 / 3.7 s

  [UTILIZATION]
      Bandwidth:         32.3%

======================================================================

[SAVED] results/run_all_20260607_000000/lldash-gpac_puffer/benchmark_lldash-gpac_puffer_092_nbc_tc_20260608_010336.json

──────────────────────────────────────────────────────────────────────
  [94/150] puffer_093_fox_tc.csv
──────────────────────────────────────────────────────────────────────
[TRACE] puffer_093_fox_tc.csv
[LLDASH-GPAC] Trace file ready; gpac_server uses in-process bandwidth pacing.

======================================================================
  LLDASH-GPAC Streaming QoE Benchmark (dash.js / BOLA)
======================================================================
  Server: http://localhost:8082/player.html?mpd=http://localhost:8082/manifest.mpd
======================================================================

[TRACE] Loaded 61 entries with bandwidth
[BROWSER] Launching headless Chromium...
[BROWSER] Waiting for playback to start...
   Startup delay: 196ms

[PLAYBACK] Collecting metrics...
   t=10s | buffer: 0.1s | bitrate: 2000 kbps | tp: 0 kbps | trace_bw: 4994 kbps
   t=20s | buffer: 0.1s | bitrate: 2000 kbps | tp: 0 kbps | trace_bw: 5851 kbps
   t=31s | buffer: 2.1s | bitrate: 100 kbps | tp: 0 kbps | trace_bw: 3090 kbps
   t=41s | buffer: 1.8s | bitrate: 100 kbps | tp: 0 kbps | trace_bw: 4684 kbps
   t=51s | buffer: 1.8s | bitrate: 200 kbps | tp: 0 kbps | trace_bw: 4109 kbps
   t=61s | buffer: 0.1s | bitrate: 200 kbps | tp: 0 kbps | trace_bw: 5180 kbps
   t=72s | buffer: 2.6s | bitrate: 100 kbps | tp: 0 kbps | trace_bw: 35 kbps
   t=82s | buffer: 0.5s | bitrate: 200 kbps | tp: 0 kbps | trace_bw: 12 kbps
   t=92s | buffer: 1.6s | bitrate: 100 kbps | tp: 0 kbps | trace_bw: 3949 kbps
   t=102s | buffer: 1.3s | bitrate: 100 kbps | tp: 0 kbps | trace_bw: 189 kbps
   t=113s | buffer: 1.2s | bitrate: 200 kbps | tp: 0 kbps | trace_bw: 308 kbps

======================================================================
  BENCHMARK RESULTS (LLDASH-GPAC / dash.js / BOLA)
======================================================================

  [TIMING]
      Startup delay:     196 ms
      Playback time:     82.7 s

  [BITRATE]
      Average (selected):  867 kbps
      Average (effective): 596 kbps
      Min / Max:           100 / 4,500 kbps
      Median:              200 kbps
      Std deviation:       1,406.3 kbps
      Variance:            1,977,777.8
      25th/75th %ile:      100 / 400 kbps

  [SWITCHES]
      Total count:       8
      Up / Down:         4 / 4
      Avg magnitude:     638 kbps

  [REBUFFERING]
      Events:            5
      Total time:        37,603 ms
      Ratio:             31.2682%
      Frequency:         3.629 per minute
      Avg duration:      7,521 ms
      Max duration:      26,137 ms

  [THROUGHPUT]
      Average:           0 kbps
      Median:            0 kbps
      Min / Max:         0 / 0 kbps
      Std deviation:     0.0 kbps

  [AVAILABLE BW (trace)]
      Average:           2,570 kbps
      Min / Max:         12 / 6,025 kbps

  [BUFFER]
      Average level:     1.7 s
      Min / Max:         0.1 / 3.9 s

  [UTILIZATION]
      Bandwidth:         38.3%

======================================================================

[SAVED] results/run_all_20260607_000000/lldash-gpac_puffer/benchmark_lldash-gpac_puffer_093_fox_tc_20260608_010540.json

──────────────────────────────────────────────────────────────────────
  [95/150] puffer_094_fox_tc.csv
──────────────────────────────────────────────────────────────────────
[TRACE] puffer_094_fox_tc.csv
[LLDASH-GPAC] Trace file ready; gpac_server uses in-process bandwidth pacing.

======================================================================
  LLDASH-GPAC Streaming QoE Benchmark (dash.js / BOLA)
======================================================================
  Server: http://localhost:8082/player.html?mpd=http://localhost:8082/manifest.mpd
======================================================================

[TRACE] Loaded 75 entries with bandwidth
[BROWSER] Launching headless Chromium...
[BROWSER] Waiting for playback to start...
   Startup delay: 275ms

[PLAYBACK] Collecting metrics...
   t=10s | buffer: 0.8s | bitrate: 800 kbps | tp: 0 kbps | trace_bw: 2616 kbps
   t=20s | buffer: 0.1s | bitrate: 800 kbps | tp: 0 kbps | trace_bw: 1902 kbps
   t=31s | buffer: 2.6s | bitrate: 100 kbps | tp: 0 kbps | trace_bw: 2572 kbps
   t=41s | buffer: 2.5s | bitrate: 200 kbps | tp: 0 kbps | trace_bw: 3275 kbps
   t=51s | buffer: 2.2s | bitrate: 200 kbps | tp: 0 kbps | trace_bw: 4363 kbps
   t=61s | buffer: 2.1s | bitrate: 400 kbps | tp: 0 kbps | trace_bw: 3278 kbps
   t=72s | buffer: 1.7s | bitrate: 400 kbps | tp: 0 kbps | trace_bw: 4266 kbps
   t=82s | buffer: 1.5s | bitrate: 1200 kbps | tp: 0 kbps | trace_bw: 3409 kbps
   t=92s | buffer: 1.4s | bitrate: 800 kbps | tp: 0 kbps | trace_bw: 1209 kbps
   t=102s | buffer: 2.3s | bitrate: 600 kbps | tp: 0 kbps | trace_bw: 2986 kbps
   t=113s | buffer: 0.1s | bitrate: 600 kbps | tp: 0 kbps | trace_bw: 10 kbps

======================================================================
  BENCHMARK RESULTS (LLDASH-GPAC / dash.js / BOLA)
======================================================================

  [TIMING]
      Startup delay:     275 ms
      Playback time:     95.9 s

  [BITRATE]
      Average (selected):  740 kbps
      Average (effective): 590 kbps
      Min / Max:           100 / 1,500 kbps
      Median:              800 kbps
      Std deviation:       436.3 kbps
      Variance:            190,400.0
      25th/75th %ile:      400 / 1,200 kbps

  [SWITCHES]
      Total count:       14
      Up / Down:         6 / 8
      Avg magnitude:     379 kbps

  [REBUFFERING]
      Events:            9
      Total time:        24,447 ms
      Ratio:             20.3152%
      Frequency:         5.631 per minute
      Avg duration:      2,059 ms
      Max duration:      10,490 ms

  [THROUGHPUT]
      Average:           0 kbps
      Median:            0 kbps
      Min / Max:         0 / 0 kbps
      Std deviation:     0.0 kbps

  [AVAILABLE BW (trace)]
      Average:           2,818 kbps
      Min / Max:         10 / 4,908 kbps

  [BUFFER]
      Average level:     1.7 s
      Min / Max:         0.1 / 3.7 s

  [UTILIZATION]
      Bandwidth:         24.8%

======================================================================

[SAVED] results/run_all_20260607_000000/lldash-gpac_puffer/benchmark_lldash-gpac_puffer_094_fox_tc_20260608_010744.json

──────────────────────────────────────────────────────────────────────
  [96/150] puffer_095_fox_tc.csv
──────────────────────────────────────────────────────────────────────
[TRACE] puffer_095_fox_tc.csv
[LLDASH-GPAC] Trace file ready; gpac_server uses in-process bandwidth pacing.

======================================================================
  LLDASH-GPAC Streaming QoE Benchmark (dash.js / BOLA)
======================================================================
  Server: http://localhost:8082/player.html?mpd=http://localhost:8082/manifest.mpd
======================================================================

[TRACE] Loaded 135 entries with bandwidth
[BROWSER] Launching headless Chromium...
[BROWSER] Waiting for playback to start...
   Startup delay: 158ms

[PLAYBACK] Collecting metrics...
   t=10s | buffer: 6.2s | bitrate: 4500 kbps | tp: 0 kbps | trace_bw: 12260 kbps
   t=20s | buffer: 5.8s | bitrate: 4500 kbps | tp: 0 kbps | trace_bw: 37154 kbps
   t=31s | buffer: 0.1s | bitrate: 4500 kbps | tp: 0 kbps | trace_bw: 2678 kbps
   t=41s | buffer: 2.1s | bitrate: 600 kbps | tp: 0 kbps | trace_bw: 1598 kbps
   t=51s | buffer: 2.2s | bitrate: 400 kbps | tp: 0 kbps | trace_bw: 4810 kbps
   t=61s | buffer: 2.1s | bitrate: 400 kbps | tp: 0 kbps | trace_bw: 720 kbps
   t=72s | buffer: 0.1s | bitrate: 400 kbps | tp: 0 kbps | trace_bw: 640 kbps
   t=82s | buffer: 2.0s | bitrate: 100 kbps | tp: 0 kbps | trace_bw: 875 kbps
   t=92s | buffer: 0.1s | bitrate: 400 kbps | tp: 0 kbps | trace_bw: 270 kbps
   t=102s | buffer: 2.0s | bitrate: 200 kbps | tp: 0 kbps | trace_bw: 2107 kbps
   t=113s | buffer: 1.6s | bitrate: 600 kbps | tp: 0 kbps | trace_bw: 2108 kbps

======================================================================
  BENCHMARK RESULTS (LLDASH-GPAC / dash.js / BOLA)
======================================================================

  [TIMING]
      Startup delay:     158 ms
      Playback time:     106.7 s

  [BITRATE]
      Average (selected):  676 kbps
      Average (effective): 600 kbps
      Min / Max:           100 / 4,500 kbps
      Median:              400 kbps
      Std deviation:       977.7 kbps
      Variance:            955,917.0
      25th/75th %ile:      400 / 600 kbps

  [SWITCHES]
      Total count:       16
      Up / Down:         8 / 8
      Avg magnitude:     456 kbps

  [REBUFFERING]
      Events:            11
      Total time:        13,537 ms
      Ratio:             11.2600%
      Frequency:         6.186 per minute
      Avg duration:      1,231 ms
      Max duration:      4,464 ms

  [THROUGHPUT]
      Average:           0 kbps
      Median:            0 kbps
      Min / Max:         0 / 0 kbps
      Std deviation:     0.0 kbps

  [AVAILABLE BW (trace)]
      Average:           7,322 kbps
      Min / Max:         89 / 44,283 kbps

  [BUFFER]
      Average level:     2.5 s
      Min / Max:         0.1 / 7.3 s

  [UTILIZATION]
      Bandwidth:         27.3%

======================================================================

[SAVED] results/run_all_20260607_000000/lldash-gpac_puffer/benchmark_lldash-gpac_puffer_095_fox_tc_20260608_010947.json

──────────────────────────────────────────────────────────────────────
  [97/150] puffer_096_abc_tc.csv
──────────────────────────────────────────────────────────────────────
[TRACE] puffer_096_abc_tc.csv
[LLDASH-GPAC] Trace file ready; gpac_server uses in-process bandwidth pacing.

======================================================================
  LLDASH-GPAC Streaming QoE Benchmark (dash.js / BOLA)
======================================================================
  Server: http://localhost:8082/player.html?mpd=http://localhost:8082/manifest.mpd
======================================================================

[TRACE] Loaded 155 entries with bandwidth
[BROWSER] Launching headless Chromium...
[BROWSER] Waiting for playback to start...
   Startup delay: 226ms

[PLAYBACK] Collecting metrics...
   t=10s | buffer: 1.4s | bitrate: 1500 kbps | tp: 0 kbps | trace_bw: 4089 kbps
   t=20s | buffer: 3.3s | bitrate: 1200 kbps | tp: 0 kbps | trace_bw: 4593 kbps
   t=31s | buffer: 1.2s | bitrate: 1200 kbps | tp: 0 kbps | trace_bw: 2850 kbps
   t=41s | buffer: 2.7s | bitrate: 800 kbps | tp: 0 kbps | trace_bw: 4140 kbps
   t=51s | buffer: 2.4s | bitrate: 600 kbps | tp: 0 kbps | trace_bw: 3540 kbps
   t=61s | buffer: 2.7s | bitrate: 200 kbps | tp: 0 kbps | trace_bw: 2960 kbps
   t=72s | buffer: 2.3s | bitrate: 400 kbps | tp: 0 kbps | trace_bw: 2695 kbps
   t=82s | buffer: 2.2s | bitrate: 200 kbps | tp: 0 kbps | trace_bw: 3023 kbps
   t=92s | buffer: 1.9s | bitrate: 800 kbps | tp: 0 kbps | trace_bw: 3348 kbps
   t=102s | buffer: 1.8s | bitrate: 800 kbps | tp: 0 kbps | trace_bw: 1251 kbps
   t=112s | buffer: 3.4s | bitrate: 800 kbps | tp: 0 kbps | trace_bw: 2838 kbps

======================================================================
  BENCHMARK RESULTS (LLDASH-GPAC / dash.js / BOLA)
======================================================================

  [TIMING]
      Startup delay:     226 ms
      Playback time:     112.3 s

  [BITRATE]
      Average (selected):  800 kbps
      Average (effective): 747 kbps
      Min / Max:           100 / 2,000 kbps
      Median:              800 kbps
      Std deviation:       558.6 kbps
      Variance:            312,000.0
      25th/75th %ile:      200 / 1,200 kbps

  [SWITCHES]
      Total count:       14
      Up / Down:         5 / 9
      Avg magnitude:     671 kbps

  [REBUFFERING]
      Events:            7
      Total time:        7,896 ms
      Ratio:             6.5666%
      Frequency:         3.738 per minute
      Avg duration:      1,128 ms
      Max duration:      4,417 ms

  [THROUGHPUT]
      Average:           0 kbps
      Median:            0 kbps
      Min / Max:         0 / 0 kbps
      Std deviation:     0.0 kbps

  [AVAILABLE BW (trace)]
      Average:           2,598 kbps
      Min / Max:         56 / 5,325 kbps

  [BUFFER]
      Average level:     1.9 s
      Min / Max:         0.1 / 3.6 s

  [UTILIZATION]
      Bandwidth:         28.2%

======================================================================

[SAVED] results/run_all_20260607_000000/lldash-gpac_puffer/benchmark_lldash-gpac_puffer_096_abc_tc_20260608_011151.json

──────────────────────────────────────────────────────────────────────
  [98/150] puffer_097_fox_tc.csv
──────────────────────────────────────────────────────────────────────
[TRACE] puffer_097_fox_tc.csv
[LLDASH-GPAC] Trace file ready; gpac_server uses in-process bandwidth pacing.

======================================================================
  LLDASH-GPAC Streaming QoE Benchmark (dash.js / BOLA)
======================================================================
  Server: http://localhost:8082/player.html?mpd=http://localhost:8082/manifest.mpd
======================================================================

[TRACE] Loaded 57 entries with bandwidth
[BROWSER] Launching headless Chromium...
[BROWSER] Waiting for playback to start...
   Startup delay: 431ms

[PLAYBACK] Collecting metrics...
   t=10s | buffer: 1.9s | bitrate: 600 kbps | tp: 0 kbps | trace_bw: 2926 kbps
   t=20s | buffer: 1.6s | bitrate: 800 kbps | tp: 0 kbps | trace_bw: 2877 kbps
   t=31s | buffer: 1.5s | bitrate: 600 kbps | tp: 0 kbps | trace_bw: 2878 kbps
   t=41s | buffer: 1.1s | bitrate: 1500 kbps | tp: 0 kbps | trace_bw: 1855 kbps
   t=51s | buffer: 3.0s | bitrate: 1200 kbps | tp: 0 kbps | trace_bw: 3185 kbps
   t=61s | buffer: 2.9s | bitrate: 800 kbps | tp: 0 kbps | trace_bw: 3115 kbps
   t=72s | buffer: 2.5s | bitrate: 800 kbps | tp: 0 kbps | trace_bw: 3139 kbps
   t=82s | buffer: 1.4s | bitrate: 1200 kbps | tp: 0 kbps | trace_bw: 2691 kbps
   t=92s | buffer: 3.3s | bitrate: 800 kbps | tp: 0 kbps | trace_bw: 2527 kbps
   t=102s | buffer: 1.6s | bitrate: 800 kbps | tp: 0 kbps | trace_bw: 2659 kbps
   t=113s | buffer: 1.3s | bitrate: 800 kbps | tp: 0 kbps | trace_bw: 2659 kbps

======================================================================
  BENCHMARK RESULTS (LLDASH-GPAC / dash.js / BOLA)
======================================================================

  [TIMING]
      Startup delay:     431 ms
      Playback time:     116.4 s

  [BITRATE]
      Average (selected):  806 kbps
      Average (effective): 778 kbps
      Min / Max:           100 / 1,500 kbps
      Median:              800 kbps
      Std deviation:       373.3 kbps
      Variance:            139,335.9
      25th/75th %ile:      600 / 1,200 kbps

  [SWITCHES]
      Total count:       15
      Up / Down:         8 / 7
      Avg magnitude:     467 kbps

  [REBUFFERING]
      Events:            7
      Total time:        4,201 ms
      Ratio:             3.4829%
      Frequency:         3.608 per minute
      Avg duration:      600 ms
      Max duration:      2,034 ms

  [THROUGHPUT]
      Average:           0 kbps
      Median:            0 kbps
      Min / Max:         0 / 0 kbps
      Std deviation:     0.0 kbps

  [AVAILABLE BW (trace)]
      Average:           2,659 kbps
      Min / Max:         462 / 3,212 kbps

  [BUFFER]
      Average level:     1.9 s
      Min / Max:         0.1 / 3.4 s

  [UTILIZATION]
      Bandwidth:         28.6%

======================================================================

[SAVED] results/run_all_20260607_000000/lldash-gpac_puffer/benchmark_lldash-gpac_puffer_097_fox_tc_20260608_011355.json

──────────────────────────────────────────────────────────────────────
  [99/150] puffer_098_cbs_tc.csv
──────────────────────────────────────────────────────────────────────
[TRACE] puffer_098_cbs_tc.csv
[LLDASH-GPAC] Trace file ready; gpac_server uses in-process bandwidth pacing.

======================================================================
  LLDASH-GPAC Streaming QoE Benchmark (dash.js / BOLA)
======================================================================
  Server: http://localhost:8082/player.html?mpd=http://localhost:8082/manifest.mpd
======================================================================

[TRACE] Loaded 158 entries with bandwidth
[BROWSER] Launching headless Chromium...
[BROWSER] Waiting for playback to start...
   Startup delay: 166ms

[PLAYBACK] Collecting metrics...
   t=10s | buffer: 0.8s | bitrate: 3000 kbps | tp: 0 kbps | trace_bw: 397 kbps
   t=20s | buffer: 1.9s | bitrate: 2000 kbps | tp: 0 kbps | trace_bw: 120 kbps
   t=31s | buffer: 0.1s | bitrate: 1200 kbps | tp: 0 kbps | trace_bw: 3661 kbps
   t=41s | buffer: 1.1s | bitrate: 200 kbps | tp: 0 kbps | trace_bw: 573 kbps
   t=51s | buffer: 2.5s | bitrate: 100 kbps | tp: 0 kbps | trace_bw: 5782 kbps
   t=61s | buffer: 2.1s | bitrate: 100 kbps | tp: 0 kbps | trace_bw: 129 kbps
   t=72s | buffer: 0.1s | bitrate: 400 kbps | tp: 0 kbps | trace_bw: 136 kbps
   t=82s | buffer: 2.8s | bitrate: 100 kbps | tp: 0 kbps | trace_bw: 5974 kbps
   t=92s | buffer: 2.4s | bitrate: 200 kbps | tp: 0 kbps | trace_bw: 26739 kbps
   t=102s | buffer: 2.3s | bitrate: 200 kbps | tp: 0 kbps | trace_bw: 113 kbps
   t=113s | buffer: 2.0s | bitrate: 400 kbps | tp: 0 kbps | trace_bw: 16271 kbps

======================================================================
  BENCHMARK RESULTS (LLDASH-GPAC / dash.js / BOLA)
======================================================================

  [TIMING]
      Startup delay:     166 ms
      Playback time:     95.8 s

  [BITRATE]
      Average (selected):  1,180 kbps
      Average (effective): 939 kbps
      Min / Max:           100 / 4,500 kbps
      Median:              400 kbps
      Std deviation:       1,415.1 kbps
      Variance:            2,002,600.0
      25th/75th %ile:      200 / 2,000 kbps

  [SWITCHES]
      Total count:       19
      Up / Down:         10 / 9
      Avg magnitude:     542 kbps

  [REBUFFERING]
      Events:            11
      Total time:        24,539 ms
      Ratio:             20.3976%
      Frequency:         6.892 per minute
      Avg duration:      2,231 ms
      Max duration:      6,449 ms

  [THROUGHPUT]
      Average:           0 kbps
      Median:            0 kbps
      Min / Max:         0 / 0 kbps
      Std deviation:     0.0 kbps

  [AVAILABLE BW (trace)]
      Average:           8,035 kbps
      Min / Max:         26 / 34,875 kbps

  [BUFFER]
      Average level:     1.7 s
      Min / Max:         0.1 / 3.7 s

  [UTILIZATION]
      Bandwidth:         51.1%

======================================================================

[SAVED] results/run_all_20260607_000000/lldash-gpac_puffer/benchmark_lldash-gpac_puffer_098_cbs_tc_20260608_011559.json

──────────────────────────────────────────────────────────────────────
  [100/150] puffer_099_pbs_tc.csv
──────────────────────────────────────────────────────────────────────
[TRACE] puffer_099_pbs_tc.csv
[LLDASH-GPAC] Trace file ready; gpac_server uses in-process bandwidth pacing.

======================================================================
  LLDASH-GPAC Streaming QoE Benchmark (dash.js / BOLA)
======================================================================
  Server: http://localhost:8082/player.html?mpd=http://localhost:8082/manifest.mpd
======================================================================

[TRACE] Loaded 157 entries with bandwidth
[BROWSER] Launching headless Chromium...
[BROWSER] Waiting for playback to start...
   Startup delay: 178ms

[PLAYBACK] Collecting metrics...
   t=10s | buffer: 0.8s | bitrate: 1200 kbps | tp: 0 kbps | trace_bw: 5491 kbps
   t=20s | buffer: 1.7s | bitrate: 800 kbps | tp: 0 kbps | trace_bw: 5663 kbps
   t=31s | buffer: 0.1s | bitrate: 800 kbps | tp: 0 kbps | trace_bw: 2248 kbps
   t=41s | buffer: 0.1s | bitrate: 400 kbps | tp: 0 kbps | trace_bw: 60 kbps
   t=51s | buffer: 3.6s | bitrate: 100 kbps | tp: 0 kbps | trace_bw: 5450 kbps
   t=61s | buffer: 3.2s | bitrate: 100 kbps | tp: 0 kbps | trace_bw: 505 kbps
   t=72s | buffer: 3.1s | bitrate: 100 kbps | tp: 0 kbps | trace_bw: 1496 kbps
   t=82s | buffer: 0.8s | bitrate: 200 kbps | tp: 0 kbps | trace_bw: 51 kbps
   t=92s | buffer: 3.2s | bitrate: 100 kbps | tp: 0 kbps | trace_bw: 4097 kbps
   t=102s | buffer: 2.9s | bitrate: 100 kbps | tp: 0 kbps | trace_bw: 1532 kbps
   t=113s | buffer: 3.0s | bitrate: 100 kbps | tp: 0 kbps | trace_bw: 1084 kbps

======================================================================
  BENCHMARK RESULTS (LLDASH-GPAC / dash.js / BOLA)
======================================================================

  [TIMING]
      Startup delay:     178 ms
      Playback time:     90.3 s

  [BITRATE]
      Average (selected):  753 kbps
      Average (effective): 566 kbps
      Min / Max:           100 / 4,500 kbps
      Median:              200 kbps
      Std deviation:       1,101.4 kbps
      Variance:            1,213,155.6
      25th/75th %ile:      100 / 1,200 kbps

  [SWITCHES]
      Total count:       14
      Up / Down:         6 / 8
      Avg magnitude:     500 kbps

  [REBUFFERING]
      Events:            11
      Total time:        29,990 ms
      Ratio:             24.9238%
      Frequency:         7.306 per minute
      Avg duration:      2,726 ms
      Max duration:      9,170 ms

  [THROUGHPUT]
      Average:           0 kbps
      Median:            0 kbps
      Min / Max:         0 / 0 kbps
      Std deviation:     0.0 kbps

  [AVAILABLE BW (trace)]
      Average:           2,090 kbps
      Min / Max:         8 / 5,862 kbps

  [BUFFER]
      Average level:     1.5 s
      Min / Max:         0.1 / 3.6 s

  [UTILIZATION]
      Bandwidth:         55.8%

======================================================================

[SAVED] results/run_all_20260607_000000/lldash-gpac_puffer/benchmark_lldash-gpac_puffer_099_pbs_tc_20260608_011803.json

──────────────────────────────────────────────────────────────────────
  [101/150] puffer_100_abc_tc.csv
──────────────────────────────────────────────────────────────────────
[TRACE] puffer_100_abc_tc.csv
[LLDASH-GPAC] Trace file ready; gpac_server uses in-process bandwidth pacing.

======================================================================
  LLDASH-GPAC Streaming QoE Benchmark (dash.js / BOLA)
======================================================================
  Server: http://localhost:8082/player.html?mpd=http://localhost:8082/manifest.mpd
======================================================================

[TRACE] Loaded 96 entries with bandwidth
[BROWSER] Launching headless Chromium...
[BROWSER] Waiting for playback to start...
   Startup delay: 359ms

[PLAYBACK] Collecting metrics...
   t=10s | buffer: 0.4s | bitrate: 1200 kbps | tp: 0 kbps | trace_bw: 2111 kbps
   t=20s | buffer: 1.0s | bitrate: 400 kbps | tp: 0 kbps | trace_bw: 2042 kbps
   t=31s | buffer: 1.8s | bitrate: 400 kbps | tp: 0 kbps | trace_bw: 1412 kbps
   t=41s | buffer: 3.4s | bitrate: 400 kbps | tp: 0 kbps | trace_bw: 6110 kbps
   t=51s | buffer: 1.3s | bitrate: 800 kbps | tp: 0 kbps | trace_bw: 6794 kbps
   t=61s | buffer: 2.3s | bitrate: 400 kbps | tp: 0 kbps | trace_bw: 2324 kbps
   t=72s | buffer: 2.0s | bitrate: 600 kbps | tp: 0 kbps | trace_bw: 5883 kbps
   t=82s | buffer: 1.6s | bitrate: 600 kbps | tp: 0 kbps | trace_bw: 2800 kbps
   t=92s | buffer: 0.1s | bitrate: 1200 kbps | tp: 0 kbps | trace_bw: 5550 kbps
   t=102s | buffer: 0.1s | bitrate: 1200 kbps | tp: 0 kbps | trace_bw: 6052 kbps
   t=113s | buffer: 2.4s | bitrate: 100 kbps | tp: 0 kbps | trace_bw: 1531 kbps

======================================================================
  BENCHMARK RESULTS (LLDASH-GPAC / dash.js / BOLA)
======================================================================

  [TIMING]
      Startup delay:     359 ms
      Playback time:     87.8 s

  [BITRATE]
      Average (selected):  633 kbps
      Average (effective): 461 kbps
      Min / Max:           100 / 1,500 kbps
      Median:              600 kbps
      Std deviation:       390.2 kbps
      Variance:            152,222.2
      25th/75th %ile:      400 / 800 kbps

  [SWITCHES]
      Total count:       17
      Up / Down:         10 / 7
      Avg magnitude:     476 kbps

  [REBUFFERING]
      Events:            9
      Total time:        32,834 ms
      Ratio:             27.2258%
      Frequency:         6.153 per minute
      Avg duration:      3,648 ms
      Max duration:      21,229 ms

  [THROUGHPUT]
      Average:           0 kbps
      Median:            0 kbps
      Min / Max:         0 / 0 kbps
      Std deviation:     0.0 kbps

  [AVAILABLE BW (trace)]
      Average:           3,581 kbps
      Min / Max:         49 / 6,969 kbps

  [BUFFER]
      Average level:     1.5 s
      Min / Max:         0.1 / 3.7 s

  [UTILIZATION]
      Bandwidth:         16.8%

======================================================================

[SAVED] results/run_all_20260607_000000/lldash-gpac_puffer/benchmark_lldash-gpac_puffer_100_abc_tc_20260608_012007.json

──────────────────────────────────────────────────────────────────────
  [102/150] puffer_101_fox_tc.csv
──────────────────────────────────────────────────────────────────────
[TRACE] puffer_101_fox_tc.csv
[LLDASH-GPAC] Trace file ready; gpac_server uses in-process bandwidth pacing.

======================================================================
  LLDASH-GPAC Streaming QoE Benchmark (dash.js / BOLA)
======================================================================
  Server: http://localhost:8082/player.html?mpd=http://localhost:8082/manifest.mpd
======================================================================

[TRACE] Loaded 153 entries with bandwidth
[BROWSER] Launching headless Chromium...
[BROWSER] Waiting for playback to start...
   Startup delay: 1226ms

[PLAYBACK] Collecting metrics...
   t=10s | buffer: 1.9s | bitrate: 600 kbps | tp: 0 kbps | trace_bw: 5385 kbps
   t=20s | buffer: 1.6s | bitrate: 600 kbps | tp: 0 kbps | trace_bw: 2896 kbps
   t=31s | buffer: 1.5s | bitrate: 1200 kbps | tp: 0 kbps | trace_bw: 2693 kbps
   t=41s | buffer: 1.1s | bitrate: 800 kbps | tp: 0 kbps | trace_bw: 1038 kbps
   t=51s | buffer: 1.0s | bitrate: 1200 kbps | tp: 0 kbps | trace_bw: 3292 kbps
   t=61s | buffer: 3.0s | bitrate: 800 kbps | tp: 0 kbps | trace_bw: 5504 kbps
   t=72s | buffer: 2.6s | bitrate: 600 kbps | tp: 0 kbps | trace_bw: 958 kbps
   t=82s | buffer: 2.8s | bitrate: 600 kbps | tp: 0 kbps | trace_bw: 8964 kbps
   t=92s | buffer: 0.7s | bitrate: 1200 kbps | tp: 0 kbps | trace_bw: 873 kbps
   t=102s | buffer: 2.8s | bitrate: 800 kbps | tp: 0 kbps | trace_bw: 3311 kbps
   t=113s | buffer: 1.5s | bitrate: 800 kbps | tp: 0 kbps | trace_bw: 2644 kbps

======================================================================
  BENCHMARK RESULTS (LLDASH-GPAC / dash.js / BOLA)
======================================================================

  [TIMING]
      Startup delay:     1,226 ms
      Playback time:     117.4 s

  [BITRATE]
      Average (selected):  770 kbps
      Average (effective): 745 kbps
      Min / Max:           100 / 1,500 kbps
      Median:              800 kbps
      Std deviation:       388.7 kbps
      Variance:            151,100.0
      25th/75th %ile:      600 / 1,200 kbps

  [SWITCHES]
      Total count:       19
      Up / Down:         9 / 10
      Avg magnitude:     395 kbps

  [REBUFFERING]
      Events:            8
      Total time:        3,977 ms
      Ratio:             3.2765%
      Frequency:         4.089 per minute
      Avg duration:      497 ms
      Max duration:      1,064 ms

  [THROUGHPUT]
      Average:           0 kbps
      Median:            0 kbps
      Min / Max:         0 / 0 kbps
      Std deviation:     0.0 kbps

  [AVAILABLE BW (trace)]
      Average:           3,065 kbps
      Min / Max:         111 / 8,964 kbps

  [BUFFER]
      Average level:     1.9 s
      Min / Max:         0.1 / 3.5 s

  [UTILIZATION]
      Bandwidth:         26.8%

======================================================================

[SAVED] results/run_all_20260607_000000/lldash-gpac_puffer/benchmark_lldash-gpac_puffer_101_fox_tc_20260608_012211.json

──────────────────────────────────────────────────────────────────────
  [103/150] puffer_102_fox_tc.csv
──────────────────────────────────────────────────────────────────────
[TRACE] puffer_102_fox_tc.csv
[LLDASH-GPAC] Trace file ready; gpac_server uses in-process bandwidth pacing.

======================================================================
  LLDASH-GPAC Streaming QoE Benchmark (dash.js / BOLA)
======================================================================
  Server: http://localhost:8082/player.html?mpd=http://localhost:8082/manifest.mpd
======================================================================

[TRACE] Loaded 158 entries with bandwidth
[BROWSER] Launching headless Chromium...
[BROWSER] Waiting for playback to start...
   Startup delay: 1488ms

[PLAYBACK] Collecting metrics...
   t=10s | buffer: 1.9s | bitrate: 600 kbps | tp: 0 kbps | trace_bw: 5535 kbps
   t=21s | buffer: 2.8s | bitrate: 600 kbps | tp: 0 kbps | trace_bw: 5592 kbps
   t=31s | buffer: 2.9s | bitrate: 600 kbps | tp: 0 kbps | trace_bw: 2083 kbps
   t=41s | buffer: 0.1s | bitrate: 600 kbps | tp: 0 kbps | trace_bw: 371 kbps
   t=51s | buffer: 2.2s | bitrate: 100 kbps | tp: 0 kbps | trace_bw: 4585 kbps
   t=62s | buffer: 2.2s | bitrate: 200 kbps | tp: 0 kbps | trace_bw: 1598 kbps
   t=72s | buffer: 2.1s | bitrate: 200 kbps | tp: 0 kbps | trace_bw: 5612 kbps
   t=82s | buffer: 3.0s | bitrate: 200 kbps | tp: 0 kbps | trace_bw: 4789 kbps
   t=92s | buffer: 2.6s | bitrate: 200 kbps | tp: 0 kbps | trace_bw: 5630 kbps
   t=102s | buffer: 0.9s | bitrate: 200 kbps | tp: 0 kbps | trace_bw: 42 kbps
   t=113s | buffer: 3.1s | bitrate: 200 kbps | tp: 0 kbps | trace_bw: 1704 kbps

======================================================================
  BENCHMARK RESULTS (LLDASH-GPAC / dash.js / BOLA)
======================================================================

  [TIMING]
      Startup delay:     1,488 ms
      Playback time:     104.6 s

  [BITRATE]
      Average (selected):  400 kbps
      Average (effective): 344 kbps
      Min / Max:           100 / 800 kbps
      Median:              400 kbps
      Std deviation:       239.8 kbps
      Variance:            57,500.0
      25th/75th %ile:      200 / 600 kbps

  [SWITCHES]
      Total count:       7
      Up / Down:         5 / 2
      Avg magnitude:     243 kbps

  [REBUFFERING]
      Events:            8
      Total time:        17,054 ms
      Ratio:             14.0135%
      Frequency:         4.587 per minute
      Avg duration:      2,132 ms
      Max duration:      9,909 ms

  [THROUGHPUT]
      Average:           0 kbps
      Median:            0 kbps
      Min / Max:         0 / 0 kbps
      Std deviation:     0.0 kbps

  [AVAILABLE BW (trace)]
      Average:           3,171 kbps
      Min / Max:         33 / 5,718 kbps

  [BUFFER]
      Average level:     2.1 s
      Min / Max:         0.1 / 3.7 s

  [UTILIZATION]
      Bandwidth:         12.0%

======================================================================

[SAVED] results/run_all_20260607_000000/lldash-gpac_puffer/benchmark_lldash-gpac_puffer_102_fox_tc_20260608_012416.json

──────────────────────────────────────────────────────────────────────
  [104/150] puffer_103_cbs_tc.csv
──────────────────────────────────────────────────────────────────────
[TRACE] puffer_103_cbs_tc.csv
[LLDASH-GPAC] Trace file ready; gpac_server uses in-process bandwidth pacing.

======================================================================
  LLDASH-GPAC Streaming QoE Benchmark (dash.js / BOLA)
======================================================================
  Server: http://localhost:8082/player.html?mpd=http://localhost:8082/manifest.mpd
======================================================================

[TRACE] Loaded 154 entries with bandwidth
[BROWSER] Launching headless Chromium...
[BROWSER] Waiting for playback to start...
   Startup delay: 567ms

[PLAYBACK] Collecting metrics...
   t=10s | buffer: 0.1s | bitrate: 800 kbps | tp: 0 kbps | trace_bw: 3890 kbps
   t=20s | buffer: 2.4s | bitrate: 600 kbps | tp: 0 kbps | trace_bw: 3126 kbps
   t=31s | buffer: 0.1s | bitrate: 600 kbps | tp: 0 kbps | trace_bw: 445 kbps
   t=41s | buffer: 1.8s | bitrate: 400 kbps | tp: 0 kbps | trace_bw: 4611 kbps
   t=51s | buffer: 0.1s | bitrate: 400 kbps | tp: 0 kbps | trace_bw: 310 kbps
   t=61s | buffer: 2.1s | bitrate: 400 kbps | tp: 0 kbps | trace_bw: 3346 kbps
   t=72s | buffer: 1.8s | bitrate: 400 kbps | tp: 0 kbps | trace_bw: 953 kbps
   t=82s | buffer: 1.5s | bitrate: 600 kbps | tp: 0 kbps | trace_bw: 2464 kbps
   t=92s | buffer: 3.0s | bitrate: 400 kbps | tp: 0 kbps | trace_bw: 3382 kbps
   t=102s | buffer: 0.9s | bitrate: 400 kbps | tp: 0 kbps | trace_bw: 250 kbps
   t=113s | buffer: 3.2s | bitrate: 400 kbps | tp: 0 kbps | trace_bw: 7113 kbps

======================================================================
  BENCHMARK RESULTS (LLDASH-GPAC / dash.js / BOLA)
======================================================================

  [TIMING]
      Startup delay:     567 ms
      Playback time:     106.6 s

  [BITRATE]
      Average (selected):  433 kbps
      Average (effective): 383 kbps
      Min / Max:           100 / 800 kbps
      Median:              400 kbps
      Std deviation:       177.6 kbps
      Variance:            31,555.6
      25th/75th %ile:      400 / 600 kbps

  [SWITCHES]
      Total count:       14
      Up / Down:         7 / 7
      Avg magnitude:     271 kbps

  [REBUFFERING]
      Events:            9
      Total time:        14,145 ms
      Ratio:             11.7189%
      Frequency:         5.068 per minute
      Avg duration:      1,572 ms
      Max duration:      6,504 ms

  [THROUGHPUT]
      Average:           0 kbps
      Median:            0 kbps
      Min / Max:         0 / 0 kbps
      Std deviation:     0.0 kbps

  [AVAILABLE BW (trace)]
      Average:           2,731 kbps
      Min / Max:         72 / 7,622 kbps

  [BUFFER]
      Average level:     1.8 s
      Min / Max:         0.1 / 3.7 s

  [UTILIZATION]
      Bandwidth:         19.7%

======================================================================

[SAVED] results/run_all_20260607_000000/lldash-gpac_puffer/benchmark_lldash-gpac_puffer_103_cbs_tc_20260608_012622.json

──────────────────────────────────────────────────────────────────────
  [105/150] puffer_104_abc_tc.csv
──────────────────────────────────────────────────────────────────────
[TRACE] puffer_104_abc_tc.csv
[LLDASH-GPAC] Trace file ready; gpac_server uses in-process bandwidth pacing.

======================================================================
  LLDASH-GPAC Streaming QoE Benchmark (dash.js / BOLA)
======================================================================
  Server: http://localhost:8082/player.html?mpd=http://localhost:8082/manifest.mpd
======================================================================

[TRACE] Loaded 155 entries with bandwidth
[BROWSER] Launching headless Chromium...
[BROWSER] Waiting for playback to start...
   Startup delay: 193ms

[PLAYBACK] Collecting metrics...
   t=10s | buffer: 1.2s | bitrate: 1500 kbps | tp: 0 kbps | trace_bw: 2979 kbps
   t=21s | buffer: 1.0s | bitrate: 800 kbps | tp: 0 kbps | trace_bw: 2541 kbps
   t=31s | buffer: 3.2s | bitrate: 800 kbps | tp: 0 kbps | trace_bw: 3607 kbps
   t=41s | buffer: 2.8s | bitrate: 800 kbps | tp: 0 kbps | trace_bw: 2678 kbps
   t=51s | buffer: 1.0s | bitrate: 1200 kbps | tp: 0 kbps | trace_bw: 2637 kbps
   t=61s | buffer: 2.6s | bitrate: 800 kbps | tp: 0 kbps | trace_bw: 2348 kbps
   t=72s | buffer: 2.5s | bitrate: 800 kbps | tp: 0 kbps | trace_bw: 3032 kbps
   t=82s | buffer: 0.6s | bitrate: 1500 kbps | tp: 0 kbps | trace_bw: 2511 kbps
   t=92s | buffer: 3.1s | bitrate: 1200 kbps | tp: 0 kbps | trace_bw: 3223 kbps
   t=102s | buffer: 2.7s | bitrate: 800 kbps | tp: 0 kbps | trace_bw: 3089 kbps
   t=113s | buffer: 2.7s | bitrate: 800 kbps | tp: 0 kbps | trace_bw: 2957 kbps

======================================================================
  BENCHMARK RESULTS (LLDASH-GPAC / dash.js / BOLA)
======================================================================

  [TIMING]
      Startup delay:     193 ms
      Playback time:     117.2 s

  [BITRATE]
      Average (selected):  1,132 kbps
      Average (effective): 1,102 kbps
      Min / Max:           100 / 3,000 kbps
      Median:              800 kbps
      Std deviation:       680.6 kbps
      Variance:            463,213.3
      25th/75th %ile:      600 / 1,500 kbps

  [SWITCHES]
      Total count:       18
      Up / Down:         6 / 12
      Avg magnitude:     606 kbps

  [REBUFFERING]
      Events:            11
      Total time:        3,122 ms
      Ratio:             2.5942%
      Frequency:         5.630 per minute
      Avg duration:      284 ms
      Max duration:      651 ms

  [THROUGHPUT]
      Average:           0 kbps
      Median:            0 kbps
      Min / Max:         0 / 0 kbps
      Std deviation:     0.0 kbps

  [AVAILABLE BW (trace)]
      Average:           2,950 kbps
      Min / Max:         2,193 / 3,607 kbps

  [BUFFER]
      Average level:     1.8 s
      Min / Max:         0.1 / 3.4 s

  [UTILIZATION]
      Bandwidth:         38.0%

======================================================================

[SAVED] results/run_all_20260607_000000/lldash-gpac_puffer/benchmark_lldash-gpac_puffer_104_abc_tc_20260608_012826.json

──────────────────────────────────────────────────────────────────────
  [106/150] puffer_105_nbc_tc.csv
──────────────────────────────────────────────────────────────────────
[TRACE] puffer_105_nbc_tc.csv
[LLDASH-GPAC] Trace file ready; gpac_server uses in-process bandwidth pacing.

======================================================================
  LLDASH-GPAC Streaming QoE Benchmark (dash.js / BOLA)
======================================================================
  Server: http://localhost:8082/player.html?mpd=http://localhost:8082/manifest.mpd
======================================================================

[TRACE] Loaded 100 entries with bandwidth
[BROWSER] Launching headless Chromium...
[BROWSER] Waiting for playback to start...
   Startup delay: 355ms

[PLAYBACK] Collecting metrics...
   t=10s | buffer: 0.9s | bitrate: 800 kbps | tp: 0 kbps | trace_bw: 2237 kbps
   t=20s | buffer: 2.8s | bitrate: 600 kbps | tp: 0 kbps | trace_bw: 3645 kbps
   t=31s | buffer: 2.4s | bitrate: 600 kbps | tp: 0 kbps | trace_bw: 3864 kbps
   t=41s | buffer: 2.3s | bitrate: 400 kbps | tp: 0 kbps | trace_bw: 1854 kbps
   t=51s | buffer: 2.0s | bitrate: 800 kbps | tp: 0 kbps | trace_bw: 1854 kbps
   t=61s | buffer: 1.9s | bitrate: 800 kbps | tp: 0 kbps | trace_bw: 3733 kbps
   t=72s | buffer: 1.5s | bitrate: 800 kbps | tp: 0 kbps | trace_bw: 4723 kbps
   t=82s | buffer: 3.2s | bitrate: 800 kbps | tp: 0 kbps | trace_bw: 2635 kbps
   t=92s | buffer: 3.0s | bitrate: 800 kbps | tp: 0 kbps | trace_bw: 4415 kbps
   t=102s | buffer: 1.0s | bitrate: 1500 kbps | tp: 0 kbps | trace_bw: 3294 kbps
   t=113s | buffer: 2.6s | bitrate: 1200 kbps | tp: 0 kbps | trace_bw: 5458 kbps

======================================================================
  BENCHMARK RESULTS (LLDASH-GPAC / dash.js / BOLA)
======================================================================

  [TIMING]
      Startup delay:     355 ms
      Playback time:     117.9 s

  [BITRATE]
      Average (selected):  1,083 kbps
      Average (effective): 1,060 kbps
      Min / Max:           200 / 2,000 kbps
      Median:              1,200 kbps
      Std deviation:       456.1 kbps
      Variance:            208,055.6
      25th/75th %ile:      800 / 1,500 kbps

  [SWITCHES]
      Total count:       11
      Up / Down:         4 / 7
      Avg magnitude:     545 kbps

  [REBUFFERING]
      Events:            4
      Total time:        2,621 ms
      Ratio:             2.1748%
      Frequency:         2.036 per minute
      Avg duration:      449 ms
      Max duration:      1,108 ms

  [THROUGHPUT]
      Average:           0 kbps
      Median:            0 kbps
      Min / Max:         0 / 0 kbps
      Std deviation:     0.0 kbps

  [AVAILABLE BW (trace)]
      Average:           3,165 kbps
      Min / Max:         309 / 7,755 kbps

  [BUFFER]
      Average level:     2.0 s
      Min / Max:         0.1 / 3.7 s

  [UTILIZATION]
      Bandwidth:         36.5%

======================================================================

[SAVED] results/run_all_20260607_000000/lldash-gpac_puffer/benchmark_lldash-gpac_puffer_105_nbc_tc_20260608_013030.json

──────────────────────────────────────────────────────────────────────
  [107/150] puffer_106_abc_tc.csv
──────────────────────────────────────────────────────────────────────
[TRACE] puffer_106_abc_tc.csv
[LLDASH-GPAC] Trace file ready; gpac_server uses in-process bandwidth pacing.

======================================================================
  LLDASH-GPAC Streaming QoE Benchmark (dash.js / BOLA)
======================================================================
  Server: http://localhost:8082/player.html?mpd=http://localhost:8082/manifest.mpd
======================================================================

[TRACE] Loaded 152 entries with bandwidth
[BROWSER] Launching headless Chromium...
[BROWSER] Waiting for playback to start...
   Startup delay: 228ms

[PLAYBACK] Collecting metrics...
   t=10s | buffer: 0.7s | bitrate: 800 kbps | tp: 0 kbps | trace_bw: 3144 kbps
   t=20s | buffer: 2.3s | bitrate: 1200 kbps | tp: 0 kbps | trace_bw: 3218 kbps
   t=31s | buffer: 2.2s | bitrate: 800 kbps | tp: 0 kbps | trace_bw: 3435 kbps
   t=41s | buffer: 1.8s | bitrate: 800 kbps | tp: 0 kbps | trace_bw: 2601 kbps
   t=51s | buffer: 1.6s | bitrate: 1500 kbps | tp: 0 kbps | trace_bw: 2095 kbps
   t=61s | buffer: 1.5s | bitrate: 1200 kbps | tp: 0 kbps | trace_bw: 2451 kbps
   t=72s | buffer: 1.2s | bitrate: 800 kbps | tp: 0 kbps | trace_bw: 2336 kbps
   t=82s | buffer: 3.1s | bitrate: 800 kbps | tp: 0 kbps | trace_bw: 3093 kbps
   t=92s | buffer: 2.7s | bitrate: 1200 kbps | tp: 0 kbps | trace_bw: 2549 kbps
   t=102s | buffer: 2.6s | bitrate: 1200 kbps | tp: 0 kbps | trace_bw: 2536 kbps
   t=113s | buffer: 0.3s | bitrate: 1200 kbps | tp: 0 kbps | trace_bw: 2424 kbps

======================================================================
  BENCHMARK RESULTS (LLDASH-GPAC / dash.js / BOLA)
======================================================================

  [TIMING]
      Startup delay:     228 ms
      Playback time:     119.4 s

  [BITRATE]
      Average (selected):  1,279 kbps
      Average (effective): 1,269 kbps
      Min / Max:           800 / 2,000 kbps
      Median:              1,200 kbps
      Std deviation:       411.1 kbps
      Variance:            169,030.5
      25th/75th %ile:      800 / 1,500 kbps

  [SWITCHES]
      Total count:       18
      Up / Down:         7 / 11
      Avg magnitude:     500 kbps

  [REBUFFERING]
      Events:            7
      Total time:        951 ms
      Ratio:             0.7900%
      Frequency:         3.517 per minute
      Avg duration:      136 ms
      Max duration:      712 ms

  [THROUGHPUT]
      Average:           0 kbps
      Median:            0 kbps
      Min / Max:         0 / 0 kbps
      Std deviation:     0.0 kbps

  [AVAILABLE BW (trace)]
      Average:           2,993 kbps
      Min / Max:         2,095 / 3,481 kbps

  [BUFFER]
      Average level:     1.9 s
      Min / Max:         0.1 / 3.5 s

  [UTILIZATION]
      Bandwidth:         40.7%

======================================================================

[SAVED] results/run_all_20260607_000000/lldash-gpac_puffer/benchmark_lldash-gpac_puffer_106_abc_tc_20260608_013234.json

──────────────────────────────────────────────────────────────────────
  [108/150] puffer_107_fox_tc.csv
──────────────────────────────────────────────────────────────────────
[TRACE] puffer_107_fox_tc.csv
[LLDASH-GPAC] Trace file ready; gpac_server uses in-process bandwidth pacing.

======================================================================
  LLDASH-GPAC Streaming QoE Benchmark (dash.js / BOLA)
======================================================================
  Server: http://localhost:8082/player.html?mpd=http://localhost:8082/manifest.mpd
======================================================================

[TRACE] Loaded 135 entries with bandwidth
[BROWSER] Launching headless Chromium...
[BROWSER] Waiting for playback to start...
   Startup delay: 208ms

[PLAYBACK] Collecting metrics...
   t=10s | buffer: 0.2s | bitrate: 1500 kbps | tp: 0 kbps | trace_bw: 1667 kbps
   t=20s | buffer: 1.3s | bitrate: 1200 kbps | tp: 0 kbps | trace_bw: 1128 kbps
   t=31s | buffer: 0.1s | bitrate: 800 kbps | tp: 0 kbps | trace_bw: 1841 kbps
   t=41s | buffer: 2.4s | bitrate: 600 kbps | tp: 0 kbps | trace_bw: 2029 kbps
   t=51s | buffer: 2.0s | bitrate: 800 kbps | tp: 0 kbps | trace_bw: 2937 kbps
   t=61s | buffer: 1.9s | bitrate: 800 kbps | tp: 0 kbps | trace_bw: 1869 kbps
   t=72s | buffer: 2.0s | bitrate: 800 kbps | tp: 0 kbps | trace_bw: 1367 kbps
   t=82s | buffer: 1.6s | bitrate: 800 kbps | tp: 0 kbps | trace_bw: 3851 kbps
   t=92s | buffer: 1.5s | bitrate: 1200 kbps | tp: 0 kbps | trace_bw: 5496 kbps
   t=102s | buffer: 1.3s | bitrate: 800 kbps | tp: 0 kbps | trace_bw: 2257 kbps
   t=113s | buffer: 3.0s | bitrate: 800 kbps | tp: 0 kbps | trace_bw: 3284 kbps

======================================================================
  BENCHMARK RESULTS (LLDASH-GPAC / dash.js / BOLA)
======================================================================

  [TIMING]
      Startup delay:     208 ms
      Playback time:     114.7 s

  [BITRATE]
      Average (selected):  1,004 kbps
      Average (effective): 958 kbps
      Min / Max:           100 / 3,000 kbps
      Median:              800 kbps
      Std deviation:       587.9 kbps
      Variance:            345,633.3
      25th/75th %ile:      600 / 1,200 kbps

  [SWITCHES]
      Total count:       22
      Up / Down:         10 / 12
      Avg magnitude:     527 kbps

  [REBUFFERING]
      Events:            10
      Total time:        5,573 ms
      Ratio:             4.6331%
      Frequency:         5.230 per minute
      Avg duration:      557 ms
      Max duration:      1,432 ms

  [THROUGHPUT]
      Average:           0 kbps
      Median:            0 kbps
      Min / Max:         0 / 0 kbps
      Std deviation:     0.0 kbps

  [AVAILABLE BW (trace)]
      Average:           3,063 kbps
      Min / Max:         391 / 7,297 kbps

  [BUFFER]
      Average level:     1.8 s
      Min / Max:         0.1 / 3.3 s

  [UTILIZATION]
      Bandwidth:         34.2%

======================================================================

[SAVED] results/run_all_20260607_000000/lldash-gpac_puffer/benchmark_lldash-gpac_puffer_107_fox_tc_20260608_013438.json

──────────────────────────────────────────────────────────────────────
  [109/150] puffer_108_fox_tc.csv
──────────────────────────────────────────────────────────────────────
[TRACE] puffer_108_fox_tc.csv
[LLDASH-GPAC] Trace file ready; gpac_server uses in-process bandwidth pacing.

======================================================================
  LLDASH-GPAC Streaming QoE Benchmark (dash.js / BOLA)
======================================================================
  Server: http://localhost:8082/player.html?mpd=http://localhost:8082/manifest.mpd
======================================================================

[TRACE] Loaded 157 entries with bandwidth
[BROWSER] Launching headless Chromium...
[BROWSER] Waiting for playback to start...
   Startup delay: 177ms

[PLAYBACK] Collecting metrics...
   t=10s | buffer: 0.1s | bitrate: 3000 kbps | tp: 0 kbps | trace_bw: 3413 kbps
   t=21s | buffer: 0.1s | bitrate: 3000 kbps | tp: 0 kbps | trace_bw: 820 kbps
   t=31s | buffer: 1.8s | bitrate: 400 kbps | tp: 0 kbps | trace_bw: 5647 kbps
   t=41s | buffer: 1.7s | bitrate: 400 kbps | tp: 0 kbps | trace_bw: 873 kbps
   t=51s | buffer: 3.3s | bitrate: 1200 kbps | tp: 0 kbps | trace_bw: 5881 kbps
   t=62s | buffer: 1.3s | bitrate: 1200 kbps | tp: 0 kbps | trace_bw: 2007 kbps
   t=72s | buffer: 0.1s | bitrate: 800 kbps | tp: 0 kbps | trace_bw: 63 kbps
   t=82s | buffer: 0.4s | bitrate: 200 kbps | tp: 0 kbps | trace_bw: 126 kbps
   t=92s | buffer: 2.7s | bitrate: 200 kbps | tp: 0 kbps | trace_bw: 5889 kbps
   t=102s | buffer: 2.5s | bitrate: 200 kbps | tp: 0 kbps | trace_bw: 7675 kbps
   t=113s | buffer: 2.2s | bitrate: 600 kbps | tp: 0 kbps | trace_bw: 2372 kbps

======================================================================
  BENCHMARK RESULTS (LLDASH-GPAC / dash.js / BOLA)
======================================================================

  [TIMING]
      Startup delay:     177 ms
      Playback time:     95.5 s

  [BITRATE]
      Average (selected):  938 kbps
      Average (effective): 744 kbps
      Min / Max:           100 / 4,500 kbps
      Median:              600 kbps
      Std deviation:       1,145.6 kbps
      Variance:            1,312,343.8
      25th/75th %ile:      200 / 1,200 kbps

  [SWITCHES]
      Total count:       15
      Up / Down:         8 / 7
      Avg magnitude:     540 kbps

  [REBUFFERING]
      Events:            8
      Total time:        24,909 ms
      Ratio:             20.6786%
      Frequency:         5.024 per minute
      Avg duration:      3,114 ms
      Max duration:      15,361 ms

  [THROUGHPUT]
      Average:           0 kbps
      Median:            0 kbps
      Min / Max:         0 / 0 kbps
      Std deviation:     0.0 kbps

  [AVAILABLE BW (trace)]
      Average:           3,658 kbps
      Min / Max:         63 / 11,978 kbps

  [BUFFER]
      Average level:     1.7 s
      Min / Max:         0.1 / 3.7 s

  [UTILIZATION]
      Bandwidth:         28.8%

======================================================================

[SAVED] results/run_all_20260607_000000/lldash-gpac_puffer/benchmark_lldash-gpac_puffer_108_fox_tc_20260608_013642.json

──────────────────────────────────────────────────────────────────────
  [110/150] puffer_109_abc_tc.csv
──────────────────────────────────────────────────────────────────────
[TRACE] puffer_109_abc_tc.csv
[LLDASH-GPAC] Trace file ready; gpac_server uses in-process bandwidth pacing.

======================================================================
  LLDASH-GPAC Streaming QoE Benchmark (dash.js / BOLA)
======================================================================
  Server: http://localhost:8082/player.html?mpd=http://localhost:8082/manifest.mpd
======================================================================

[TRACE] Loaded 60 entries with bandwidth
[BROWSER] Launching headless Chromium...
[BROWSER] Waiting for playback to start...
   Startup delay: 209ms

[PLAYBACK] Collecting metrics...
   t=10s | buffer: 2.4s | bitrate: 800 kbps | tp: 0 kbps | trace_bw: 3927 kbps
   t=20s | buffer: 2.3s | bitrate: 1200 kbps | tp: 0 kbps | trace_bw: 3868 kbps
   t=31s | buffer: 0.1s | bitrate: 1200 kbps | tp: 0 kbps | trace_bw: 2978 kbps
   t=41s | buffer: 1.8s | bitrate: 800 kbps | tp: 0 kbps | trace_bw: 3988 kbps
   t=51s | buffer: 1.6s | bitrate: 600 kbps | tp: 0 kbps | trace_bw: 3108 kbps
   t=61s | buffer: 1.5s | bitrate: 600 kbps | tp: 0 kbps | trace_bw: 1345 kbps
   t=72s | buffer: 2.4s | bitrate: 600 kbps | tp: 0 kbps | trace_bw: 3655 kbps
   t=82s | buffer: 2.0s | bitrate: 600 kbps | tp: 0 kbps | trace_bw: 3422 kbps
   t=92s | buffer: 2.8s | bitrate: 600 kbps | tp: 0 kbps | trace_bw: 3783 kbps
   t=102s | buffer: 2.7s | bitrate: 800 kbps | tp: 0 kbps | trace_bw: 4068 kbps
   t=113s | buffer: 2.4s | bitrate: 800 kbps | tp: 0 kbps | trace_bw: 4785 kbps

======================================================================
  BENCHMARK RESULTS (LLDASH-GPAC / dash.js / BOLA)
======================================================================

  [TIMING]
      Startup delay:     209 ms
      Playback time:     109.3 s

  [BITRATE]
      Average (selected):  978 kbps
      Average (effective): 889 kbps
      Min / Max:           100 / 3,000 kbps
      Median:              800 kbps
      Std deviation:       637.3 kbps
      Variance:            406,172.8
      25th/75th %ile:      600 / 1,200 kbps

  [SWITCHES]
      Total count:       17
      Up / Down:         9 / 8
      Avg magnitude:     529 kbps

  [REBUFFERING]
      Events:            9
      Total time:        10,950 ms
      Ratio:             9.1052%
      Frequency:         4.940 per minute
      Avg duration:      1,217 ms
      Max duration:      4,373 ms

  [THROUGHPUT]
      Average:           0 kbps
      Median:            0 kbps
      Min / Max:         0 / 0 kbps
      Std deviation:     0.0 kbps

  [AVAILABLE BW (trace)]
      Average:           3,224 kbps
      Min / Max:         431 / 5,221 kbps

  [BUFFER]
      Average level:     1.8 s
      Min / Max:         0.1 / 3.6 s

  [UTILIZATION]
      Bandwidth:         26.8%

======================================================================

[SAVED] results/run_all_20260607_000000/lldash-gpac_puffer/benchmark_lldash-gpac_puffer_109_abc_tc_20260608_013846.json

──────────────────────────────────────────────────────────────────────
  [111/150] puffer_110_cbs_tc.csv
──────────────────────────────────────────────────────────────────────
[TRACE] puffer_110_cbs_tc.csv
[LLDASH-GPAC] Trace file ready; gpac_server uses in-process bandwidth pacing.

======================================================================
  LLDASH-GPAC Streaming QoE Benchmark (dash.js / BOLA)
======================================================================
  Server: http://localhost:8082/player.html?mpd=http://localhost:8082/manifest.mpd
======================================================================

[TRACE] Loaded 157 entries with bandwidth
[BROWSER] Launching headless Chromium...
[BROWSER] Waiting for playback to start...
   Startup delay: 261ms

[PLAYBACK] Collecting metrics...
   t=10s | buffer: 0.9s | bitrate: 3000 kbps | tp: 0 kbps | trace_bw: 9296 kbps
   t=20s | buffer: 2.8s | bitrate: 3000 kbps | tp: 0 kbps | trace_bw: 9806 kbps
   t=31s | buffer: 0.4s | bitrate: 2000 kbps | tp: 0 kbps | trace_bw: 7311 kbps
   t=41s | buffer: 2.3s | bitrate: 2000 kbps | tp: 0 kbps | trace_bw: 3859 kbps
   t=51s | buffer: 1.3s | bitrate: 1200 kbps | tp: 0 kbps | trace_bw: 282 kbps
   t=61s | buffer: 0.1s | bitrate: 800 kbps | tp: 0 kbps | trace_bw: 250 kbps
   t=72s | buffer: 1.6s | bitrate: 600 kbps | tp: 0 kbps | trace_bw: 2644 kbps
   t=82s | buffer: 1.2s | bitrate: 400 kbps | tp: 0 kbps | trace_bw: 1432 kbps
   t=92s | buffer: 3.1s | bitrate: 400 kbps | tp: 0 kbps | trace_bw: 2679 kbps
   t=102s | buffer: 2.7s | bitrate: 400 kbps | tp: 0 kbps | trace_bw: 5949 kbps
   t=112s | buffer: 2.6s | bitrate: 800 kbps | tp: 0 kbps | trace_bw: 2667 kbps

======================================================================
  BENCHMARK RESULTS (LLDASH-GPAC / dash.js / BOLA)
======================================================================

  [TIMING]
      Startup delay:     261 ms
      Playback time:     111.2 s

  [BITRATE]
      Average (selected):  1,500 kbps
      Average (effective): 1,386 kbps
      Min / Max:           100 / 4,500 kbps
      Median:              800 kbps
      Std deviation:       1,365.5 kbps
      Variance:            1,864,705.9
      25th/75th %ile:      600 / 2,000 kbps

  [SWITCHES]
      Total count:       16
      Up / Down:         8 / 8
      Avg magnitude:     888 kbps

  [REBUFFERING]
      Events:            9
      Total time:        9,143 ms
      Ratio:             7.6003%
      Frequency:         4.858 per minute
      Avg duration:      1,016 ms
      Max duration:      3,326 ms

  [THROUGHPUT]
      Average:           0 kbps
      Median:            0 kbps
      Min / Max:         0 / 0 kbps
      Std deviation:     0.0 kbps

  [AVAILABLE BW (trace)]
      Average:           4,422 kbps
      Min / Max:         247 / 10,546 kbps

  [BUFFER]
      Average level:     1.8 s
      Min / Max:         0.1 / 3.4 s

  [UTILIZATION]
      Bandwidth:         56.0%

======================================================================

[SAVED] results/run_all_20260607_000000/lldash-gpac_puffer/benchmark_lldash-gpac_puffer_110_cbs_tc_20260608_014050.json

──────────────────────────────────────────────────────────────────────
  [112/150] puffer_111_nbc_tc.csv
──────────────────────────────────────────────────────────────────────
[TRACE] puffer_111_nbc_tc.csv
[LLDASH-GPAC] Trace file ready; gpac_server uses in-process bandwidth pacing.

======================================================================
  LLDASH-GPAC Streaming QoE Benchmark (dash.js / BOLA)
======================================================================
  Server: http://localhost:8082/player.html?mpd=http://localhost:8082/manifest.mpd
======================================================================

[TRACE] Loaded 157 entries with bandwidth
[BROWSER] Launching headless Chromium...
[BROWSER] Waiting for playback to start...
   Startup delay: 197ms

[PLAYBACK] Collecting metrics...
   t=10s | buffer: 1.6s | bitrate: 1200 kbps | tp: 0 kbps | trace_bw: 5759 kbps
   t=20s | buffer: 0.3s | bitrate: 1500 kbps | tp: 0 kbps | trace_bw: 551 kbps
   t=31s | buffer: 0.1s | bitrate: 800 kbps | tp: 0 kbps | trace_bw: 1250 kbps
   t=41s | buffer: 1.2s | bitrate: 800 kbps | tp: 0 kbps | trace_bw: 1654 kbps
   t=51s | buffer: 1.1s | bitrate: 1200 kbps | tp: 0 kbps | trace_bw: 131 kbps
   t=61s | buffer: 1.4s | bitrate: 800 kbps | tp: 0 kbps | trace_bw: 4455 kbps
   t=72s | buffer: 1.6s | bitrate: 600 kbps | tp: 0 kbps | trace_bw: 5289 kbps
   t=82s | buffer: 1.5s | bitrate: 400 kbps | tp: 0 kbps | trace_bw: 933 kbps
   t=92s | buffer: 0.5s | bitrate: 400 kbps | tp: 0 kbps | trace_bw: 1115 kbps
   t=102s | buffer: 2.1s | bitrate: 200 kbps | tp: 0 kbps | trace_bw: 1093 kbps
   t=113s | buffer: 2.0s | bitrate: 200 kbps | tp: 0 kbps | trace_bw: 5640 kbps

======================================================================
  BENCHMARK RESULTS (LLDASH-GPAC / dash.js / BOLA)
======================================================================

  [TIMING]
      Startup delay:     197 ms
      Playback time:     101.9 s

  [BITRATE]
      Average (selected):  890 kbps
      Average (effective): 754 kbps
      Min / Max:           100 / 3,000 kbps
      Median:              800 kbps
      Std deviation:       659.7 kbps
      Variance:            435,147.4
      25th/75th %ile:      400 / 1,200 kbps

  [SWITCHES]
      Total count:       20
      Up / Down:         10 / 10
      Avg magnitude:     665 kbps

  [REBUFFERING]
      Events:            15
      Total time:        18,432 ms
      Ratio:             15.3225%
      Frequency:         8.836 per minute
      Avg duration:      1,229 ms
      Max duration:      3,046 ms

  [THROUGHPUT]
      Average:           0 kbps
      Median:            0 kbps
      Min / Max:         0 / 0 kbps
      Std deviation:     0.0 kbps

  [AVAILABLE BW (trace)]
      Average:           2,795 kbps
      Min / Max:         117 / 6,181 kbps

  [BUFFER]
      Average level:     1.6 s
      Min / Max:         0.1 / 3.7 s

  [UTILIZATION]
      Bandwidth:         37.0%

======================================================================

[SAVED] results/run_all_20260607_000000/lldash-gpac_puffer/benchmark_lldash-gpac_puffer_111_nbc_tc_20260608_014253.json

──────────────────────────────────────────────────────────────────────
  [113/150] puffer_112_fox_tc.csv
──────────────────────────────────────────────────────────────────────
[TRACE] puffer_112_fox_tc.csv
[LLDASH-GPAC] Trace file ready; gpac_server uses in-process bandwidth pacing.

======================================================================
  LLDASH-GPAC Streaming QoE Benchmark (dash.js / BOLA)
======================================================================
  Server: http://localhost:8082/player.html?mpd=http://localhost:8082/manifest.mpd
======================================================================

[TRACE] Loaded 155 entries with bandwidth
[BROWSER] Launching headless Chromium...
[BROWSER] Waiting for playback to start...
   Startup delay: 262ms

[PLAYBACK] Collecting metrics...
   t=10s | buffer: 0.1s | bitrate: 2000 kbps | tp: 0 kbps | trace_bw: 3771 kbps
   t=21s | buffer: 0.1s | bitrate: 2000 kbps | tp: 0 kbps | trace_bw: 5385 kbps
   t=31s | buffer: 2.2s | bitrate: 100 kbps | tp: 0 kbps | trace_bw: 4827 kbps
   t=41s | buffer: 1.8s | bitrate: 200 kbps | tp: 0 kbps | trace_bw: 5534 kbps
   t=51s | buffer: 1.8s | bitrate: 200 kbps | tp: 0 kbps | trace_bw: 2867 kbps
   t=61s | buffer: 3.4s | bitrate: 400 kbps | tp: 0 kbps | trace_bw: 3550 kbps
   t=72s | buffer: 1.9s | bitrate: 400 kbps | tp: 0 kbps | trace_bw: 5510 kbps
   t=82s | buffer: 2.2s | bitrate: 200 kbps | tp: 0 kbps | trace_bw: 5228 kbps
   t=92s | buffer: 3.5s | bitrate: 200 kbps | tp: 0 kbps | trace_bw: 4717 kbps
   t=102s | buffer: 2.6s | bitrate: 100 kbps | tp: 0 kbps | trace_bw: 3992 kbps
   t=113s | buffer: 2.5s | bitrate: 100 kbps | tp: 0 kbps | trace_bw: 4494 kbps

======================================================================
  BENCHMARK RESULTS (LLDASH-GPAC / dash.js / BOLA)
======================================================================

  [TIMING]
      Startup delay:     262 ms
      Playback time:     91.4 s

  [BITRATE]
      Average (selected):  486 kbps
      Average (effective): 368 kbps
      Min / Max:           100 / 2,000 kbps
      Median:              200 kbps
      Std deviation:       628.9 kbps
      Variance:            395,510.2
      25th/75th %ile:      100 / 400 kbps

  [SWITCHES]
      Total count:       6
      Up / Down:         3 / 3
      Avg magnitude:     467 kbps

  [REBUFFERING]
      Events:            6
      Total time:        29,092 ms
      Ratio:             24.1404%
      Frequency:         3.938 per minute
      Avg duration:      4,849 ms
      Max duration:      20,792 ms

  [THROUGHPUT]
      Average:           0 kbps
      Median:            0 kbps
      Min / Max:         0 / 0 kbps
      Std deviation:     0.0 kbps

  [AVAILABLE BW (trace)]
      Average:           3,920 kbps
      Min / Max:         12 / 6,438 kbps

  [BUFFER]
      Average level:     1.8 s
      Min / Max:         0.1 / 3.6 s

  [UTILIZATION]
      Bandwidth:         10.4%

======================================================================

[SAVED] results/run_all_20260607_000000/lldash-gpac_puffer/benchmark_lldash-gpac_puffer_112_fox_tc_20260608_014457.json

──────────────────────────────────────────────────────────────────────
  [114/150] puffer_113_nbc_tc.csv
──────────────────────────────────────────────────────────────────────
[TRACE] puffer_113_nbc_tc.csv
[LLDASH-GPAC] Trace file ready; gpac_server uses in-process bandwidth pacing.

======================================================================
  LLDASH-GPAC Streaming QoE Benchmark (dash.js / BOLA)
======================================================================
  Server: http://localhost:8082/player.html?mpd=http://localhost:8082/manifest.mpd
======================================================================

[TRACE] Loaded 157 entries with bandwidth
[BROWSER] Launching headless Chromium...
[BROWSER] Waiting for playback to start...
   Startup delay: 200ms

[PLAYBACK] Collecting metrics...
   t=10s | buffer: 0.6s | bitrate: 1500 kbps | tp: 0 kbps | trace_bw: 3239 kbps
   t=20s | buffer: 1.1s | bitrate: 2000 kbps | tp: 0 kbps | trace_bw: 3768 kbps
   t=31s | buffer: 1.6s | bitrate: 2000 kbps | tp: 0 kbps | trace_bw: 2819 kbps
   t=41s | buffer: 1.4s | bitrate: 2000 kbps | tp: 0 kbps | trace_bw: 1926 kbps
   t=51s | buffer: 1.8s | bitrate: 1500 kbps | tp: 0 kbps | trace_bw: 751 kbps
   t=61s | buffer: 2.5s | bitrate: 800 kbps | tp: 0 kbps | trace_bw: 2571 kbps
   t=72s | buffer: 2.4s | bitrate: 800 kbps | tp: 0 kbps | trace_bw: 4724 kbps
   t=82s | buffer: 2.0s | bitrate: 800 kbps | tp: 0 kbps | trace_bw: 1457 kbps
   t=92s | buffer: 2.3s | bitrate: 800 kbps | tp: 0 kbps | trace_bw: 3030 kbps
   t=102s | buffer: 2.0s | bitrate: 200 kbps | tp: 0 kbps | trace_bw: 8811 kbps
   t=113s | buffer: 0.1s | bitrate: 1200 kbps | tp: 0 kbps | trace_bw: 10401 kbps

======================================================================
  BENCHMARK RESULTS (LLDASH-GPAC / dash.js / BOLA)
======================================================================

  [TIMING]
      Startup delay:     200 ms
      Playback time:     105.9 s

  [BITRATE]
      Average (selected):  1,706 kbps
      Average (effective): 1,502 kbps
      Min / Max:           100 / 4,500 kbps
      Median:              1,500 kbps
      Std deviation:       1,267.6 kbps
      Variance:            1,606,835.9
      25th/75th %ile:      800 / 2,000 kbps

  [SWITCHES]
      Total count:       15
      Up / Down:         6 / 9
      Avg magnitude:     1,153 kbps

  [REBUFFERING]
      Events:            14
      Total time:        14,364 ms
      Ratio:             11.9448%
      Frequency:         7.933 per minute
      Avg duration:      483 ms
      Max duration:      2,625 ms

  [THROUGHPUT]
      Average:           0 kbps
      Median:            0 kbps
      Min / Max:         0 / 0 kbps
      Std deviation:     0.0 kbps

  [AVAILABLE BW (trace)]
      Average:           5,031 kbps
      Min / Max:         55 / 12,547 kbps

  [BUFFER]
      Average level:     1.7 s
      Min / Max:         0.1 / 3.7 s

  [UTILIZATION]
      Bandwidth:         45.3%

======================================================================

[SAVED] results/run_all_20260607_000000/lldash-gpac_puffer/benchmark_lldash-gpac_puffer_113_nbc_tc_20260608_014701.json

──────────────────────────────────────────────────────────────────────
  [115/150] puffer_114_abc_tc.csv
──────────────────────────────────────────────────────────────────────
[TRACE] puffer_114_abc_tc.csv
[LLDASH-GPAC] Trace file ready; gpac_server uses in-process bandwidth pacing.

======================================================================
  LLDASH-GPAC Streaming QoE Benchmark (dash.js / BOLA)
======================================================================
  Server: http://localhost:8082/player.html?mpd=http://localhost:8082/manifest.mpd
======================================================================

[TRACE] Loaded 123 entries with bandwidth
[BROWSER] Launching headless Chromium...
[BROWSER] Waiting for playback to start...
   Startup delay: 266ms

[PLAYBACK] Collecting metrics...
   t=10s | buffer: 0.5s | bitrate: 800 kbps | tp: 0 kbps | trace_bw: 1816 kbps
   t=20s | buffer: 2.9s | bitrate: 800 kbps | tp: 0 kbps | trace_bw: 2664 kbps
   t=31s | buffer: 0.8s | bitrate: 800 kbps | tp: 0 kbps | trace_bw: 2024 kbps
   t=41s | buffer: 2.6s | bitrate: 600 kbps | tp: 0 kbps | trace_bw: 3503 kbps
   t=51s | buffer: 2.5s | bitrate: 600 kbps | tp: 0 kbps | trace_bw: 3832 kbps
   t=61s | buffer: 2.1s | bitrate: 1200 kbps | tp: 0 kbps | trace_bw: 297 kbps
   t=72s | buffer: 1.5s | bitrate: 800 kbps | tp: 0 kbps | trace_bw: 5427 kbps
   t=82s | buffer: 1.4s | bitrate: 600 kbps | tp: 0 kbps | trace_bw: 4716 kbps
   t=92s | buffer: 3.3s | bitrate: 600 kbps | tp: 0 kbps | trace_bw: 5620 kbps
   t=102s | buffer: 2.9s | bitrate: 1200 kbps | tp: 0 kbps | trace_bw: 1114 kbps
   t=113s | buffer: 1.7s | bitrate: 1200 kbps | tp: 0 kbps | trace_bw: 4281 kbps

======================================================================
  BENCHMARK RESULTS (LLDASH-GPAC / dash.js / BOLA)
======================================================================

  [TIMING]
      Startup delay:     266 ms
      Playback time:     114.1 s

  [BITRATE]
      Average (selected):  900 kbps
      Average (effective): 853 kbps
      Min / Max:           100 / 2,000 kbps
      Median:              800 kbps
      Std deviation:       499.6 kbps
      Variance:            249,629.6
      25th/75th %ile:      600 / 1,200 kbps

  [SWITCHES]
      Total count:       26
      Up / Down:         14 / 12
      Avg magnitude:     454 kbps

  [REBUFFERING]
      Events:            10
      Total time:        6,217 ms
      Ratio:             5.1673%
      Frequency:         5.259 per minute
      Avg duration:      622 ms
      Max duration:      3,600 ms

  [THROUGHPUT]
      Average:           0 kbps
      Median:            0 kbps
      Min / Max:         0 / 0 kbps
      Std deviation:     0.0 kbps

  [AVAILABLE BW (trace)]
      Average:           3,339 kbps
      Min / Max:         167 / 7,584 kbps

  [BUFFER]
      Average level:     1.8 s
      Min / Max:         0.1 / 3.7 s

  [UTILIZATION]
      Bandwidth:         27.7%

======================================================================

[SAVED] results/run_all_20260607_000000/lldash-gpac_puffer/benchmark_lldash-gpac_puffer_114_abc_tc_20260608_014905.json

──────────────────────────────────────────────────────────────────────
  [116/150] puffer_115_fox_tc.csv
──────────────────────────────────────────────────────────────────────
[TRACE] puffer_115_fox_tc.csv
[LLDASH-GPAC] Trace file ready; gpac_server uses in-process bandwidth pacing.

======================================================================
  LLDASH-GPAC Streaming QoE Benchmark (dash.js / BOLA)
======================================================================
  Server: http://localhost:8082/player.html?mpd=http://localhost:8082/manifest.mpd
======================================================================

[TRACE] Loaded 77 entries with bandwidth
[BROWSER] Launching headless Chromium...
[BROWSER] Waiting for playback to start...
   Startup delay: 208ms

[PLAYBACK] Collecting metrics...
   t=10s | buffer: 0.6s | bitrate: 800 kbps | tp: 0 kbps | trace_bw: 3618 kbps
   t=20s | buffer: 2.9s | bitrate: 1200 kbps | tp: 0 kbps | trace_bw: 3305 kbps
   t=31s | buffer: 2.8s | bitrate: 1200 kbps | tp: 0 kbps | trace_bw: 3372 kbps
   t=41s | buffer: 0.5s | bitrate: 600 kbps | tp: 0 kbps | trace_bw: 3146 kbps
   t=51s | buffer: 2.3s | bitrate: 800 kbps | tp: 0 kbps | trace_bw: 3008 kbps
   t=61s | buffer: 2.2s | bitrate: 800 kbps | tp: 0 kbps | trace_bw: 3214 kbps
   t=72s | buffer: 2.0s | bitrate: 600 kbps | tp: 0 kbps | trace_bw: 3275 kbps
   t=82s | buffer: 1.9s | bitrate: 800 kbps | tp: 0 kbps | trace_bw: 3167 kbps
   t=92s | buffer: 1.9s | bitrate: 800 kbps | tp: 0 kbps | trace_bw: 3044 kbps
   t=102s | buffer: 1.5s | bitrate: 800 kbps | tp: 0 kbps | trace_bw: 3234 kbps
   t=113s | buffer: 1.4s | bitrate: 800 kbps | tp: 0 kbps | trace_bw: 3329 kbps

======================================================================
  BENCHMARK RESULTS (LLDASH-GPAC / dash.js / BOLA)
======================================================================

  [TIMING]
      Startup delay:     208 ms
      Playback time:     118.5 s

  [BITRATE]
      Average (selected):  1,253 kbps
      Average (effective): 1,234 kbps
      Min / Max:           400 / 3,000 kbps
      Median:              1,200 kbps
      Std deviation:       575.3 kbps
      Variance:            330,914.1
      25th/75th %ile:      800 / 1,500 kbps

  [SWITCHES]
      Total count:       18
      Up / Down:         7 / 11
      Avg magnitude:     533 kbps

  [REBUFFERING]
      Events:            9
      Total time:        1,757 ms
      Ratio:             1.4613%
      Frequency:         4.558 per minute
      Avg duration:      195 ms
      Max duration:      527 ms

  [THROUGHPUT]
      Average:           0 kbps
      Median:            0 kbps
      Min / Max:         0 / 0 kbps
      Std deviation:     0.0 kbps

  [AVAILABLE BW (trace)]
      Average:           3,159 kbps
      Min / Max:         1,437 / 3,979 kbps

  [BUFFER]
      Average level:     1.8 s
      Min / Max:         0.1 / 3.4 s

  [UTILIZATION]
      Bandwidth:         38.2%

======================================================================

[SAVED] results/run_all_20260607_000000/lldash-gpac_puffer/benchmark_lldash-gpac_puffer_115_fox_tc_20260608_015109.json

──────────────────────────────────────────────────────────────────────
  [117/150] puffer_116_fox_tc.csv
──────────────────────────────────────────────────────────────────────
[TRACE] puffer_116_fox_tc.csv
[LLDASH-GPAC] Trace file ready; gpac_server uses in-process bandwidth pacing.

======================================================================
  LLDASH-GPAC Streaming QoE Benchmark (dash.js / BOLA)
======================================================================
  Server: http://localhost:8082/player.html?mpd=http://localhost:8082/manifest.mpd
======================================================================

[TRACE] Loaded 111 entries with bandwidth
[BROWSER] Launching headless Chromium...
[BROWSER] Waiting for playback to start...
   Startup delay: 1123ms

[PLAYBACK] Collecting metrics...
   t=10s | buffer: 2.3s | bitrate: 1200 kbps | tp: 0 kbps | trace_bw: 3679 kbps
   t=20s | buffer: 2.1s | bitrate: 1200 kbps | tp: 0 kbps | trace_bw: 4723 kbps
   t=31s | buffer: 1.4s | bitrate: 1200 kbps | tp: 0 kbps | trace_bw: 4674 kbps
   t=41s | buffer: 2.8s | bitrate: 400 kbps | tp: 0 kbps | trace_bw: 3693 kbps
   t=51s | buffer: 2.9s | bitrate: 600 kbps | tp: 0 kbps | trace_bw: 3230 kbps
   t=61s | buffer: 2.8s | bitrate: 400 kbps | tp: 0 kbps | trace_bw: 4954 kbps
   t=72s | buffer: 2.5s | bitrate: 400 kbps | tp: 0 kbps | trace_bw: 817 kbps
   t=82s | buffer: 2.4s | bitrate: 600 kbps | tp: 0 kbps | trace_bw: 1796 kbps
   t=92s | buffer: 1.9s | bitrate: 200 kbps | tp: 0 kbps | trace_bw: 3349 kbps
   t=102s | buffer: 1.7s | bitrate: 400 kbps | tp: 0 kbps | trace_bw: 1743 kbps
   t=112s | buffer: 1.6s | bitrate: 600 kbps | tp: 0 kbps | trace_bw: 3824 kbps

======================================================================
  BENCHMARK RESULTS (LLDASH-GPAC / dash.js / BOLA)
======================================================================

  [TIMING]
      Startup delay:     1,123 ms
      Playback time:     110.1 s

  [BITRATE]
      Average (selected):  773 kbps
      Average (effective): 703 kbps
      Min / Max:           100 / 2,000 kbps
      Median:              600 kbps
      Std deviation:       489.6 kbps
      Variance:            239,659.8
      25th/75th %ile:      400 / 1,200 kbps

  [SWITCHES]
      Total count:       25
      Up / Down:         13 / 12
      Avg magnitude:     464 kbps

  [REBUFFERING]
      Events:            12
      Total time:        11,047 ms
      Ratio:             9.1185%
      Frequency:         6.539 per minute
      Avg duration:      921 ms
      Max duration:      3,610 ms

  [THROUGHPUT]
      Average:           0 kbps
      Median:            0 kbps
      Min / Max:         0 / 0 kbps
      Std deviation:     0.0 kbps

  [AVAILABLE BW (trace)]
      Average:           2,873 kbps
      Min / Max:         51 / 5,729 kbps

  [BUFFER]
      Average level:     1.8 s
      Min / Max:         0.1 / 3.5 s

  [UTILIZATION]
      Bandwidth:         24.9%

======================================================================

[SAVED] results/run_all_20260607_000000/lldash-gpac_puffer/benchmark_lldash-gpac_puffer_116_fox_tc_20260608_015313.json

──────────────────────────────────────────────────────────────────────
  [118/150] puffer_117_abc_tc.csv
──────────────────────────────────────────────────────────────────────
[TRACE] puffer_117_abc_tc.csv
[LLDASH-GPAC] Trace file ready; gpac_server uses in-process bandwidth pacing.

======================================================================
  LLDASH-GPAC Streaming QoE Benchmark (dash.js / BOLA)
======================================================================
  Server: http://localhost:8082/player.html?mpd=http://localhost:8082/manifest.mpd
======================================================================

[TRACE] Loaded 154 entries with bandwidth
[BROWSER] Launching headless Chromium...
[BROWSER] Waiting for playback to start...
   Startup delay: 227ms

[PLAYBACK] Collecting metrics...
   t=10s | buffer: 0.7s | bitrate: 800 kbps | tp: 0 kbps | trace_bw: 3648 kbps
   t=20s | buffer: 1.4s | bitrate: 800 kbps | tp: 0 kbps | trace_bw: 3507 kbps
   t=31s | buffer: 3.1s | bitrate: 800 kbps | tp: 0 kbps | trace_bw: 3467 kbps
   t=41s | buffer: 3.0s | bitrate: 800 kbps | tp: 0 kbps | trace_bw: 3379 kbps
   t=51s | buffer: 0.6s | bitrate: 1500 kbps | tp: 0 kbps | trace_bw: 3246 kbps
   t=61s | buffer: 2.3s | bitrate: 1200 kbps | tp: 0 kbps | trace_bw: 3521 kbps
   t=72s | buffer: 2.2s | bitrate: 1200 kbps | tp: 0 kbps | trace_bw: 3326 kbps
   t=82s | buffer: 1.0s | bitrate: 1500 kbps | tp: 0 kbps | trace_bw: 3739 kbps
   t=92s | buffer: 0.9s | bitrate: 1200 kbps | tp: 0 kbps | trace_bw: 454 kbps
   t=102s | buffer: 1.6s | bitrate: 800 kbps | tp: 0 kbps | trace_bw: 3302 kbps
   t=113s | buffer: 1.5s | bitrate: 800 kbps | tp: 0 kbps | trace_bw: 3587 kbps

======================================================================
  BENCHMARK RESULTS (LLDASH-GPAC / dash.js / BOLA)
======================================================================

  [TIMING]
      Startup delay:     227 ms
      Playback time:     116.4 s

  [BITRATE]
      Average (selected):  1,105 kbps
      Average (effective): 1,067 kbps
      Min / Max:           100 / 3,000 kbps
      Median:              1,200 kbps
      Std deviation:       667.7 kbps
      Variance:            445,888.4
      25th/75th %ile:      600 / 1,500 kbps

  [SWITCHES]
      Total count:       21
      Up / Down:         8 / 13
      Avg magnitude:     619 kbps

  [REBUFFERING]
      Events:            9
      Total time:        4,062 ms
      Ratio:             3.3718%
      Frequency:         4.639 per minute
      Avg duration:      451 ms
      Max duration:      1,182 ms

  [THROUGHPUT]
      Average:           0 kbps
      Median:            0 kbps
      Min / Max:         0 / 0 kbps
      Std deviation:     0.0 kbps

  [AVAILABLE BW (trace)]
      Average:           3,181 kbps
      Min / Max:         454 / 3,739 kbps

  [BUFFER]
      Average level:     1.8 s
      Min / Max:         0.1 / 3.4 s

  [UTILIZATION]
      Bandwidth:         32.3%

======================================================================

[SAVED] results/run_all_20260607_000000/lldash-gpac_puffer/benchmark_lldash-gpac_puffer_117_abc_tc_20260608_015518.json

──────────────────────────────────────────────────────────────────────
  [119/150] puffer_118_nbc_tc.csv
──────────────────────────────────────────────────────────────────────
[TRACE] puffer_118_nbc_tc.csv
[LLDASH-GPAC] Trace file ready; gpac_server uses in-process bandwidth pacing.

======================================================================
  LLDASH-GPAC Streaming QoE Benchmark (dash.js / BOLA)
======================================================================
  Server: http://localhost:8082/player.html?mpd=http://localhost:8082/manifest.mpd
======================================================================

[TRACE] Loaded 109 entries with bandwidth
[BROWSER] Launching headless Chromium...
[BROWSER] Waiting for playback to start...
   Startup delay: 1149ms

[PLAYBACK] Collecting metrics...
   t=10s | buffer: 0.1s | bitrate: 2000 kbps | tp: 0 kbps | trace_bw: 63 kbps
   t=20s | buffer: 0.1s | bitrate: 2000 kbps | tp: 0 kbps | trace_bw: 4984 kbps
   t=31s | buffer: 2.8s | bitrate: 200 kbps | tp: 0 kbps | trace_bw: 5187 kbps
   t=41s | buffer: 2.7s | bitrate: 200 kbps | tp: 0 kbps | trace_bw: 5710 kbps
   t=51s | buffer: 2.4s | bitrate: 200 kbps | tp: 0 kbps | trace_bw: 471 kbps
   t=61s | buffer: 2.4s | bitrate: 400 kbps | tp: 0 kbps | trace_bw: 4576 kbps
   t=72s | buffer: 2.1s | bitrate: 200 kbps | tp: 0 kbps | trace_bw: 59 kbps
   t=82s | buffer: 3.2s | bitrate: 200 kbps | tp: 0 kbps | trace_bw: 5481 kbps
   t=92s | buffer: 3.0s | bitrate: 100 kbps | tp: 0 kbps | trace_bw: 4073 kbps
   t=102s | buffer: 2.8s | bitrate: 100 kbps | tp: 0 kbps | trace_bw: 4762 kbps
   t=112s | buffer: 2.7s | bitrate: 400 kbps | tp: 0 kbps | trace_bw: 523 kbps

======================================================================
  BENCHMARK RESULTS (LLDASH-GPAC / dash.js / BOLA)
======================================================================

  [TIMING]
      Startup delay:     1,149 ms
      Playback time:     94.1 s

  [BITRATE]
      Average (selected):  558 kbps
      Average (effective): 433 kbps
      Min / Max:           100 / 2,000 kbps
      Median:              400 kbps
      Std deviation:       578.0 kbps
      Variance:            334,097.2
      25th/75th %ile:      200 / 800 kbps

  [SWITCHES]
      Total count:       11
      Up / Down:         6 / 5
      Avg magnitude:     455 kbps

  [REBUFFERING]
      Events:            6
      Total time:        27,108 ms
      Ratio:             22.3679%
      Frequency:         3.826 per minute
      Avg duration:      4,518 ms
      Max duration:      17,552 ms

  [THROUGHPUT]
      Average:           0 kbps
      Median:            0 kbps
      Min / Max:         0 / 0 kbps
      Std deviation:     0.0 kbps

  [AVAILABLE BW (trace)]
      Average:           3,179 kbps
      Min / Max:         20 / 7,444 kbps

  [BUFFER]
      Average level:     1.8 s
      Min / Max:         0.1 / 3.8 s

  [UTILIZATION]
      Bandwidth:         14.8%

======================================================================

[SAVED] results/run_all_20260607_000000/lldash-gpac_puffer/benchmark_lldash-gpac_puffer_118_nbc_tc_20260608_015722.json

──────────────────────────────────────────────────────────────────────
  [120/150] puffer_119_fox_tc.csv
──────────────────────────────────────────────────────────────────────
[TRACE] puffer_119_fox_tc.csv
[LLDASH-GPAC] Trace file ready; gpac_server uses in-process bandwidth pacing.

======================================================================
  LLDASH-GPAC Streaming QoE Benchmark (dash.js / BOLA)
======================================================================
  Server: http://localhost:8082/player.html?mpd=http://localhost:8082/manifest.mpd
======================================================================

[TRACE] Loaded 62 entries with bandwidth
[BROWSER] Launching headless Chromium...
[BROWSER] Waiting for playback to start...
   Startup delay: 229ms

[PLAYBACK] Collecting metrics...
   t=10s | buffer: 0.1s | bitrate: 3000 kbps | tp: 0 kbps | trace_bw: 2664 kbps
   t=21s | buffer: 0.1s | bitrate: 3000 kbps | tp: 0 kbps | trace_bw: 2672 kbps
   t=31s | buffer: 3.0s | bitrate: 100 kbps | tp: 0 kbps | trace_bw: 1724 kbps
   t=41s | buffer: 3.4s | bitrate: 100 kbps | tp: 0 kbps | trace_bw: 1365 kbps
   t=51s | buffer: 3.1s | bitrate: 100 kbps | tp: 0 kbps | trace_bw: 3515 kbps
   t=61s | buffer: 3.0s | bitrate: 100 kbps | tp: 0 kbps | trace_bw: 1135 kbps
   t=72s | buffer: 2.6s | bitrate: 400 kbps | tp: 0 kbps | trace_bw: 2563 kbps
   t=82s | buffer: 2.6s | bitrate: 400 kbps | tp: 0 kbps | trace_bw: 1899 kbps
   t=92s | buffer: 2.2s | bitrate: 600 kbps | tp: 0 kbps | trace_bw: 5179 kbps
   t=102s | buffer: 2.8s | bitrate: 600 kbps | tp: 0 kbps | trace_bw: 5300 kbps
   t=113s | buffer: 2.5s | bitrate: 600 kbps | tp: 0 kbps | trace_bw: 10452 kbps

======================================================================
  BENCHMARK RESULTS (LLDASH-GPAC / dash.js / BOLA)
======================================================================

  [TIMING]
      Startup delay:     229 ms
      Playback time:     95.5 s

  [BITRATE]
      Average (selected):  814 kbps
      Average (effective): 645 kbps
      Min / Max:           100 / 3,000 kbps
      Median:              600 kbps
      Std deviation:       920.3 kbps
      Variance:            846,938.8
      25th/75th %ile:      200 / 800 kbps

  [SWITCHES]
      Total count:       6
      Up / Down:         4 / 2
      Avg magnitude:     633 kbps

  [REBUFFERING]
      Events:            6
      Total time:        24,970 ms
      Ratio:             20.7357%
      Frequency:         3.772 per minute
      Avg duration:      4,162 ms
      Max duration:      21,514 ms

  [THROUGHPUT]
      Average:           0 kbps
      Median:            0 kbps
      Min / Max:         0 / 0 kbps
      Std deviation:     0.0 kbps

  [AVAILABLE BW (trace)]
      Average:           4,566 kbps
      Min / Max:         76 / 11,665 kbps

  [BUFFER]
      Average level:     1.9 s
      Min / Max:         0.1 / 3.8 s

  [UTILIZATION]
      Bandwidth:         22.8%

======================================================================

[SAVED] results/run_all_20260607_000000/lldash-gpac_puffer/benchmark_lldash-gpac_puffer_119_fox_tc_20260608_015927.json

──────────────────────────────────────────────────────────────────────
  [121/150] puffer_120_fox_tc.csv
──────────────────────────────────────────────────────────────────────
[TRACE] puffer_120_fox_tc.csv
[LLDASH-GPAC] Trace file ready; gpac_server uses in-process bandwidth pacing.

======================================================================
  LLDASH-GPAC Streaming QoE Benchmark (dash.js / BOLA)
======================================================================
  Server: http://localhost:8082/player.html?mpd=http://localhost:8082/manifest.mpd
======================================================================

[TRACE] Loaded 157 entries with bandwidth
[BROWSER] Launching headless Chromium...
[BROWSER] Waiting for playback to start...
   Startup delay: 194ms

[PLAYBACK] Collecting metrics...
   t=10s | buffer: 0.5s | bitrate: 800 kbps | tp: 0 kbps | trace_bw: 3443 kbps
   t=20s | buffer: 2.4s | bitrate: 1200 kbps | tp: 0 kbps | trace_bw: 3781 kbps
   t=31s | buffer: 2.0s | bitrate: 1200 kbps | tp: 0 kbps | trace_bw: 3574 kbps
   t=41s | buffer: 1.9s | bitrate: 1500 kbps | tp: 0 kbps | trace_bw: 3510 kbps
   t=51s | buffer: 1.6s | bitrate: 1500 kbps | tp: 0 kbps | trace_bw: 3572 kbps
   t=61s | buffer: 2.7s | bitrate: 800 kbps | tp: 0 kbps | trace_bw: 3580 kbps
   t=72s | buffer: 2.4s | bitrate: 1200 kbps | tp: 0 kbps | trace_bw: 3464 kbps
   t=82s | buffer: 2.3s | bitrate: 1200 kbps | tp: 0 kbps | trace_bw: 3511 kbps
   t=92s | buffer: 1.9s | bitrate: 1500 kbps | tp: 0 kbps | trace_bw: 3564 kbps
   t=102s | buffer: 1.8s | bitrate: 1500 kbps | tp: 0 kbps | trace_bw: 3319 kbps
   t=113s | buffer: 1.5s | bitrate: 1500 kbps | tp: 0 kbps | trace_bw: 3566 kbps

======================================================================
  BENCHMARK RESULTS (LLDASH-GPAC / dash.js / BOLA)
======================================================================

  [TIMING]
      Startup delay:     194 ms
      Playback time:     116.2 s

  [BITRATE]
      Average (selected):  1,194 kbps
      Average (effective): 1,154 kbps
      Min / Max:           400 / 3,000 kbps
      Median:              1,200 kbps
      Std deviation:       619.9 kbps
      Variance:            384,335.9
      25th/75th %ile:      800 / 1,500 kbps

  [SWITCHES]
      Total count:       15
      Up / Down:         6 / 9
      Avg magnitude:     560 kbps

  [REBUFFERING]
      Events:            7
      Total time:        4,041 ms
      Ratio:             3.3607%
      Frequency:         3.614 per minute
      Avg duration:      577 ms
      Max duration:      3,258 ms

  [THROUGHPUT]
      Average:           0 kbps
      Median:            0 kbps
      Min / Max:         0 / 0 kbps
      Std deviation:     0.0 kbps

  [AVAILABLE BW (trace)]
      Average:           3,602 kbps
      Min / Max:         124 / 5,273 kbps

  [BUFFER]
      Average level:     1.9 s
      Min / Max:         0.1 / 3.7 s

  [UTILIZATION]
      Bandwidth:         33.5%

======================================================================

[SAVED] results/run_all_20260607_000000/lldash-gpac_puffer/benchmark_lldash-gpac_puffer_120_fox_tc_20260608_020131.json

──────────────────────────────────────────────────────────────────────
  [122/150] puffer_121_abc_tc.csv
──────────────────────────────────────────────────────────────────────
[TRACE] puffer_121_abc_tc.csv
[LLDASH-GPAC] Trace file ready; gpac_server uses in-process bandwidth pacing.

======================================================================
  LLDASH-GPAC Streaming QoE Benchmark (dash.js / BOLA)
======================================================================
  Server: http://localhost:8082/player.html?mpd=http://localhost:8082/manifest.mpd
======================================================================

[TRACE] Loaded 155 entries with bandwidth
[BROWSER] Launching headless Chromium...
[BROWSER] Waiting for playback to start...
   Startup delay: 385ms

[PLAYBACK] Collecting metrics...
   t=10s | buffer: 1.5s | bitrate: 2000 kbps | tp: 0 kbps | trace_bw: 3556 kbps
   t=20s | buffer: 1.4s | bitrate: 1500 kbps | tp: 0 kbps | trace_bw: 3592 kbps
   t=31s | buffer: 1.3s | bitrate: 1200 kbps | tp: 0 kbps | trace_bw: 3519 kbps
   t=41s | buffer: 2.9s | bitrate: 1200 kbps | tp: 0 kbps | trace_bw: 3591 kbps
   t=51s | buffer: 0.9s | bitrate: 1500 kbps | tp: 0 kbps | trace_bw: 2476 kbps
   t=61s | buffer: 2.7s | bitrate: 1200 kbps | tp: 0 kbps | trace_bw: 3594 kbps
   t=72s | buffer: 2.6s | bitrate: 800 kbps | tp: 0 kbps | trace_bw: 3529 kbps
   t=82s | buffer: 2.2s | bitrate: 800 kbps | tp: 0 kbps | trace_bw: 3581 kbps
   t=92s | buffer: 2.1s | bitrate: 1500 kbps | tp: 0 kbps | trace_bw: 3568 kbps
   t=102s | buffer: 1.8s | bitrate: 1200 kbps | tp: 0 kbps | trace_bw: 3591 kbps
   t=113s | buffer: 0.1s | bitrate: 1200 kbps | tp: 0 kbps | trace_bw: 3453 kbps

======================================================================
  BENCHMARK RESULTS (LLDASH-GPAC / dash.js / BOLA)
======================================================================

  [TIMING]
      Startup delay:     385 ms
      Playback time:     114.1 s

  [BITRATE]
      Average (selected):  990 kbps
      Average (effective): 937 kbps
      Min / Max:           100 / 3,000 kbps
      Median:              800 kbps
      Std deviation:       631.6 kbps
      Variance:            398,956.9
      25th/75th %ile:      600 / 1,200 kbps

  [SWITCHES]
      Total count:       20
      Up / Down:         10 / 10
      Avg magnitude:     675 kbps

  [REBUFFERING]
      Events:            9
      Total time:        6,455 ms
      Ratio:             5.3563%
      Frequency:         4.734 per minute
      Avg duration:      717 ms
      Max duration:      4,200 ms

  [THROUGHPUT]
      Average:           0 kbps
      Median:            0 kbps
      Min / Max:         0 / 0 kbps
      Std deviation:     0.0 kbps

  [AVAILABLE BW (trace)]
      Average:           3,587 kbps
      Min / Max:         113 / 7,462 kbps

  [BUFFER]
      Average level:     1.8 s
      Min / Max:         0.1 / 3.4 s

  [UTILIZATION]
      Bandwidth:         27.9%

======================================================================

[SAVED] results/run_all_20260607_000000/lldash-gpac_puffer/benchmark_lldash-gpac_puffer_121_abc_tc_20260608_020334.json

──────────────────────────────────────────────────────────────────────
  [123/150] puffer_122_pbs_tc.csv
──────────────────────────────────────────────────────────────────────
[TRACE] puffer_122_pbs_tc.csv
[LLDASH-GPAC] Trace file ready; gpac_server uses in-process bandwidth pacing.

======================================================================
  LLDASH-GPAC Streaming QoE Benchmark (dash.js / BOLA)
======================================================================
  Server: http://localhost:8082/player.html?mpd=http://localhost:8082/manifest.mpd
======================================================================

[TRACE] Loaded 156 entries with bandwidth
[BROWSER] Launching headless Chromium...
[BROWSER] Waiting for playback to start...
   Startup delay: 386ms

[PLAYBACK] Collecting metrics...
   t=10s | buffer: 0.1s | bitrate: 100 kbps | tp: 0 kbps | trace_bw: 2270 kbps
   t=20s | buffer: 3.2s | bitrate: 200 kbps | tp: 0 kbps | trace_bw: 6649 kbps
   t=31s | buffer: 3.0s | bitrate: 400 kbps | tp: 0 kbps | trace_bw: 2226 kbps
   t=41s | buffer: 2.8s | bitrate: 600 kbps | tp: 0 kbps | trace_bw: 4435 kbps
   t=51s | buffer: 2.7s | bitrate: 600 kbps | tp: 0 kbps | trace_bw: 4667 kbps
   t=61s | buffer: 0.1s | bitrate: 600 kbps | tp: 0 kbps | trace_bw: 350 kbps
   t=72s | buffer: 3.5s | bitrate: 200 kbps | tp: 0 kbps | trace_bw: 3433 kbps
   t=82s | buffer: 3.3s | bitrate: 200 kbps | tp: 0 kbps | trace_bw: 2261 kbps
   t=92s | buffer: 3.0s | bitrate: 200 kbps | tp: 0 kbps | trace_bw: 1524 kbps
   t=102s | buffer: 0.8s | bitrate: 800 kbps | tp: 0 kbps | trace_bw: 19 kbps
   t=113s | buffer: 0.1s | bitrate: 800 kbps | tp: 0 kbps | trace_bw: 5921 kbps

======================================================================
  BENCHMARK RESULTS (LLDASH-GPAC / dash.js / BOLA)
======================================================================

  [TIMING]
      Startup delay:     386 ms
      Playback time:     87.9 s

  [BITRATE]
      Average (selected):  456 kbps
      Average (effective): 332 kbps
      Min / Max:           100 / 800 kbps
      Median:              400 kbps
      Std deviation:       245.5 kbps
      Variance:            60,246.9
      25th/75th %ile:      200 / 600 kbps

  [SWITCHES]
      Total count:       8
      Up / Down:         5 / 3
      Avg magnitude:     275 kbps

  [REBUFFERING]
      Events:            6
      Total time:        32,592 ms
      Ratio:             27.0506%
      Frequency:         4.096 per minute
      Avg duration:      3,067 ms
      Max duration:      9,680 ms

  [THROUGHPUT]
      Average:           0 kbps
      Median:            0 kbps
      Min / Max:         0 / 0 kbps
      Std deviation:     0.0 kbps

  [AVAILABLE BW (trace)]
      Average:           3,030 kbps
      Min / Max:         11 / 7,090 kbps

  [BUFFER]
      Average level:     1.7 s
      Min / Max:         0.1 / 3.9 s

  [UTILIZATION]
      Bandwidth:         13.7%

======================================================================

[SAVED] results/run_all_20260607_000000/lldash-gpac_puffer/benchmark_lldash-gpac_puffer_122_pbs_tc_20260608_020539.json

──────────────────────────────────────────────────────────────────────
  [124/150] puffer_123_cbs_tc.csv
──────────────────────────────────────────────────────────────────────
[TRACE] puffer_123_cbs_tc.csv
[LLDASH-GPAC] Trace file ready; gpac_server uses in-process bandwidth pacing.

======================================================================
  LLDASH-GPAC Streaming QoE Benchmark (dash.js / BOLA)
======================================================================
  Server: http://localhost:8082/player.html?mpd=http://localhost:8082/manifest.mpd
======================================================================

[TRACE] Loaded 134 entries with bandwidth
[BROWSER] Launching headless Chromium...
[BROWSER] Waiting for playback to start...
   Startup delay: 169ms

[PLAYBACK] Collecting metrics...
   t=10s | buffer: 0.1s | bitrate: 4500 kbps | tp: 0 kbps | trace_bw: 8820 kbps
   t=20s | buffer: 0.1s | bitrate: 4500 kbps | tp: 0 kbps | trace_bw: 283 kbps
   t=31s | buffer: 2.6s | bitrate: 100 kbps | tp: 0 kbps | trace_bw: 221 kbps
   t=41s | buffer: 2.2s | bitrate: 100 kbps | tp: 0 kbps | trace_bw: 8898 kbps
   t=51s | buffer: 2.1s | bitrate: 200 kbps | tp: 0 kbps | trace_bw: 2516 kbps
   t=61s | buffer: 1.7s | bitrate: 200 kbps | tp: 0 kbps | trace_bw: 646 kbps
   t=72s | buffer: 1.6s | bitrate: 200 kbps | tp: 0 kbps | trace_bw: 2017 kbps
   t=82s | buffer: 1.3s | bitrate: 800 kbps | tp: 0 kbps | trace_bw: 3125 kbps
   t=92s | buffer: 1.1s | bitrate: 600 kbps | tp: 0 kbps | trace_bw: 1941 kbps
   t=102s | buffer: 2.0s | bitrate: 800 kbps | tp: 0 kbps | trace_bw: 9164 kbps
   t=113s | buffer: 1.9s | bitrate: 800 kbps | tp: 0 kbps | trace_bw: 3592 kbps

======================================================================
  BENCHMARK RESULTS (LLDASH-GPAC / dash.js / BOLA)
======================================================================

  [TIMING]
      Startup delay:     169 ms
      Playback time:     98.0 s

  [BITRATE]
      Average (selected):  1,075 kbps
      Average (effective): 876 kbps
      Min / Max:           100 / 4,500 kbps
      Median:              800 kbps
      Std deviation:       1,336.7 kbps
      Variance:            1,786,875.0
      25th/75th %ile:      400 / 1,200 kbps

  [SWITCHES]
      Total count:       7
      Up / Down:         5 / 2
      Avg magnitude:     843 kbps

  [REBUFFERING]
      Events:            4
      Total time:        22,204 ms
      Ratio:             18.4710%
      Frequency:         2.449 per minute
      Avg duration:      5,551 ms
      Max duration:      21,116 ms

  [THROUGHPUT]
      Average:           0 kbps
      Median:            0 kbps
      Min / Max:         0 / 0 kbps
      Std deviation:     0.0 kbps

  [AVAILABLE BW (trace)]
      Average:           3,970 kbps
      Min / Max:         88 / 12,375 kbps

  [BUFFER]
      Average level:     1.9 s
      Min / Max:         0.1 / 3.7 s

  [UTILIZATION]
      Bandwidth:         35.5%

======================================================================

[SAVED] results/run_all_20260607_000000/lldash-gpac_puffer/benchmark_lldash-gpac_puffer_123_cbs_tc_20260608_020743.json

──────────────────────────────────────────────────────────────────────
  [125/150] puffer_124_pbs_tc.csv
──────────────────────────────────────────────────────────────────────
[TRACE] puffer_124_pbs_tc.csv
[LLDASH-GPAC] Trace file ready; gpac_server uses in-process bandwidth pacing.

======================================================================
  LLDASH-GPAC Streaming QoE Benchmark (dash.js / BOLA)
======================================================================
  Server: http://localhost:8082/player.html?mpd=http://localhost:8082/manifest.mpd
======================================================================

[TRACE] Loaded 151 entries with bandwidth
[BROWSER] Launching headless Chromium...
[BROWSER] Waiting for playback to start...
   Startup delay: 706ms

[PLAYBACK] Collecting metrics...
   t=10s | buffer: 1.9s | bitrate: 800 kbps | tp: 0 kbps | trace_bw: 6280 kbps
   t=20s | buffer: 1.6s | bitrate: 800 kbps | tp: 0 kbps | trace_bw: 2659 kbps
   t=31s | buffer: 0.1s | bitrate: 1500 kbps | tp: 0 kbps | trace_bw: 796 kbps
   t=41s | buffer: 0.1s | bitrate: 1200 kbps | tp: 0 kbps | trace_bw: 2231 kbps
   t=51s | buffer: 2.5s | bitrate: 100 kbps | tp: 0 kbps | trace_bw: 547 kbps
   t=61s | buffer: 0.8s | bitrate: 100 kbps | tp: 0 kbps | trace_bw: 186 kbps
   t=72s | buffer: 2.5s | bitrate: 100 kbps | tp: 0 kbps | trace_bw: 1527 kbps
   t=82s | buffer: 2.4s | bitrate: 200 kbps | tp: 0 kbps | trace_bw: 1836 kbps
   t=92s | buffer: 2.0s | bitrate: 200 kbps | tp: 0 kbps | trace_bw: 743 kbps
   t=102s | buffer: 1.7s | bitrate: 200 kbps | tp: 0 kbps | trace_bw: 1263 kbps
   t=113s | buffer: 3.6s | bitrate: 200 kbps | tp: 0 kbps | trace_bw: 5691 kbps

======================================================================
  BENCHMARK RESULTS (LLDASH-GPAC / dash.js / BOLA)
======================================================================

  [TIMING]
      Startup delay:     706 ms
      Playback time:     106.3 s

  [BITRATE]
      Average (selected):  490 kbps
      Average (effective): 431 kbps
      Min / Max:           100 / 1,500 kbps
      Median:              200 kbps
      Std deviation:       490.8 kbps
      Variance:            240,900.0
      25th/75th %ile:      100 / 800 kbps

  [SWITCHES]
      Total count:       9
      Up / Down:         6 / 3
      Avg magnitude:     589 kbps

  [REBUFFERING]
      Events:            6
      Total time:        14,572 ms
      Ratio:             12.0593%
      Frequency:         3.388 per minute
      Avg duration:      2,429 ms
      Max duration:      12,097 ms

  [THROUGHPUT]
      Average:           0 kbps
      Median:            0 kbps
      Min / Max:         0 / 0 kbps
      Std deviation:     0.0 kbps

  [AVAILABLE BW (trace)]
      Average:           2,110 kbps
      Min / Max:         60 / 7,190 kbps

  [BUFFER]
      Average level:     1.9 s
      Min / Max:         0.1 / 3.6 s

  [UTILIZATION]
      Bandwidth:         31.5%

======================================================================

[SAVED] results/run_all_20260607_000000/lldash-gpac_puffer/benchmark_lldash-gpac_puffer_124_pbs_tc_20260608_020946.json

──────────────────────────────────────────────────────────────────────
  [126/150] puffer_125_cbs_tc.csv
──────────────────────────────────────────────────────────────────────
[TRACE] puffer_125_cbs_tc.csv
[LLDASH-GPAC] Trace file ready; gpac_server uses in-process bandwidth pacing.

======================================================================
  LLDASH-GPAC Streaming QoE Benchmark (dash.js / BOLA)
======================================================================
  Server: http://localhost:8082/player.html?mpd=http://localhost:8082/manifest.mpd
======================================================================

[TRACE] Loaded 154 entries with bandwidth
[BROWSER] Launching headless Chromium...
[BROWSER] Waiting for playback to start...
   Startup delay: 241ms

[PLAYBACK] Collecting metrics...
   t=10s | buffer: 2.8s | bitrate: 800 kbps | tp: 0 kbps | trace_bw: 6323 kbps
   t=20s | buffer: 2.7s | bitrate: 1500 kbps | tp: 0 kbps | trace_bw: 3805 kbps
   t=31s | buffer: 1.0s | bitrate: 1500 kbps | tp: 0 kbps | trace_bw: 4173 kbps
   t=41s | buffer: 2.6s | bitrate: 1200 kbps | tp: 0 kbps | trace_bw: 4315 kbps
   t=51s | buffer: 2.5s | bitrate: 1200 kbps | tp: 0 kbps | trace_bw: 3073 kbps
   t=61s | buffer: 1.0s | bitrate: 600 kbps | tp: 0 kbps | trace_bw: 2657 kbps
   t=72s | buffer: 1.4s | bitrate: 800 kbps | tp: 0 kbps | trace_bw: 1845 kbps
   t=82s | buffer: 0.1s | bitrate: 600 kbps | tp: 0 kbps | trace_bw: 408 kbps
   t=92s | buffer: 2.2s | bitrate: 600 kbps | tp: 0 kbps | trace_bw: 4164 kbps
   t=102s | buffer: 2.1s | bitrate: 400 kbps | tp: 0 kbps | trace_bw: 4269 kbps
   t=113s | buffer: 1.8s | bitrate: 400 kbps | tp: 0 kbps | trace_bw: 3938 kbps

======================================================================
  BENCHMARK RESULTS (LLDASH-GPAC / dash.js / BOLA)
======================================================================

  [TIMING]
      Startup delay:     241 ms
      Playback time:     110.0 s

  [BITRATE]
      Average (selected):  1,021 kbps
      Average (effective): 934 kbps
      Min / Max:           100 / 2,000 kbps
      Median:              800 kbps
      Std deviation:       569.0 kbps
      Variance:            323,767.3
      25th/75th %ile:      600 / 1,500 kbps

  [SWITCHES]
      Total count:       18
      Up / Down:         9 / 9
      Avg magnitude:     578 kbps

  [REBUFFERING]
      Events:            10
      Total time:        10,312 ms
      Ratio:             8.5727%
      Frequency:         5.456 per minute
      Avg duration:      1,031 ms
      Max duration:      4,894 ms

  [THROUGHPUT]
      Average:           0 kbps
      Median:            0 kbps
      Min / Max:         0 / 0 kbps
      Std deviation:     0.0 kbps

  [AVAILABLE BW (trace)]
      Average:           3,525 kbps
      Min / Max:         408 / 7,835 kbps

  [BUFFER]
      Average level:     1.8 s
      Min / Max:         0.1 / 3.6 s

  [UTILIZATION]
      Bandwidth:         25.9%

======================================================================

[SAVED] results/run_all_20260607_000000/lldash-gpac_puffer/benchmark_lldash-gpac_puffer_125_cbs_tc_20260608_021151.json

──────────────────────────────────────────────────────────────────────
  [127/150] puffer_126_fox_tc.csv
──────────────────────────────────────────────────────────────────────
[TRACE] puffer_126_fox_tc.csv
[LLDASH-GPAC] Trace file ready; gpac_server uses in-process bandwidth pacing.

======================================================================
  LLDASH-GPAC Streaming QoE Benchmark (dash.js / BOLA)
======================================================================
  Server: http://localhost:8082/player.html?mpd=http://localhost:8082/manifest.mpd
======================================================================

[TRACE] Loaded 155 entries with bandwidth
[BROWSER] Launching headless Chromium...
[BROWSER] Waiting for playback to start...
   Startup delay: 275ms

[PLAYBACK] Collecting metrics...
   t=10s | buffer: 2.6s | bitrate: 800 kbps | tp: 0 kbps | trace_bw: 4483 kbps
   t=20s | buffer: 2.5s | bitrate: 800 kbps | tp: 0 kbps | trace_bw: 4408 kbps
   t=31s | buffer: 2.1s | bitrate: 400 kbps | tp: 0 kbps | trace_bw: 3658 kbps
   t=41s | buffer: 2.0s | bitrate: 1200 kbps | tp: 0 kbps | trace_bw: 3766 kbps
   t=51s | buffer: 1.8s | bitrate: 800 kbps | tp: 0 kbps | trace_bw: 4068 kbps
   t=61s | buffer: 0.1s | bitrate: 800 kbps | tp: 0 kbps | trace_bw: 2171 kbps
   t=72s | buffer: 2.8s | bitrate: 100 kbps | tp: 0 kbps | trace_bw: 5624 kbps
   t=82s | buffer: 2.7s | bitrate: 600 kbps | tp: 0 kbps | trace_bw: 4349 kbps
   t=92s | buffer: 2.4s | bitrate: 600 kbps | tp: 0 kbps | trace_bw: 3456 kbps
   t=102s | buffer: 2.3s | bitrate: 1200 kbps | tp: 0 kbps | trace_bw: 1608 kbps
   t=113s | buffer: 2.7s | bitrate: 1200 kbps | tp: 0 kbps | trace_bw: 227 kbps

======================================================================
  BENCHMARK RESULTS (LLDASH-GPAC / dash.js / BOLA)
======================================================================

  [TIMING]
      Startup delay:     275 ms
      Playback time:     109.1 s

  [BITRATE]
      Average (selected):  829 kbps
      Average (effective): 752 kbps
      Min / Max:           100 / 1,500 kbps
      Median:              800 kbps
      Std deviation:       475.0 kbps
      Variance:            225,605.5
      25th/75th %ile:      400 / 1,200 kbps

  [SWITCHES]
      Total count:       16
      Up / Down:         9 / 7
      Avg magnitude:     444 kbps

  [REBUFFERING]
      Events:            6
      Total time:        11,257 ms
      Ratio:             9.3513%
      Frequency:         3.299 per minute
      Avg duration:      1,876 ms
      Max duration:      7,433 ms

  [THROUGHPUT]
      Average:           0 kbps
      Median:            0 kbps
      Min / Max:         0 / 0 kbps
      Std deviation:     0.0 kbps

  [AVAILABLE BW (trace)]
      Average:           3,907 kbps
      Min / Max:         22 / 6,151 kbps

  [BUFFER]
      Average level:     1.9 s
      Min / Max:         0.1 / 3.6 s

  [UTILIZATION]
      Bandwidth:         19.8%

======================================================================

[SAVED] results/run_all_20260607_000000/lldash-gpac_puffer/benchmark_lldash-gpac_puffer_126_fox_tc_20260608_021355.json

──────────────────────────────────────────────────────────────────────
  [128/150] puffer_127_pbs_tc.csv
──────────────────────────────────────────────────────────────────────
[TRACE] puffer_127_pbs_tc.csv
[LLDASH-GPAC] Trace file ready; gpac_server uses in-process bandwidth pacing.

======================================================================
  LLDASH-GPAC Streaming QoE Benchmark (dash.js / BOLA)
======================================================================
  Server: http://localhost:8082/player.html?mpd=http://localhost:8082/manifest.mpd
======================================================================

[TRACE] Loaded 155 entries with bandwidth
[BROWSER] Launching headless Chromium...
[BROWSER] Waiting for playback to start...
   Startup delay: 194ms

[PLAYBACK] Collecting metrics...
   t=10s | buffer: 3.0s | bitrate: 400 kbps | tp: 0 kbps | trace_bw: 3478 kbps
   t=20s | buffer: 0.6s | bitrate: 400 kbps | tp: 0 kbps | trace_bw: 3808 kbps
   t=31s | buffer: 2.5s | bitrate: 600 kbps | tp: 0 kbps | trace_bw: 4437 kbps
   t=41s | buffer: 2.1s | bitrate: 800 kbps | tp: 0 kbps | trace_bw: 3625 kbps
   t=51s | buffer: 2.6s | bitrate: 800 kbps | tp: 0 kbps | trace_bw: 3887 kbps
   t=61s | buffer: 2.3s | bitrate: 1200 kbps | tp: 0 kbps | trace_bw: 4357 kbps
   t=72s | buffer: 1.9s | bitrate: 800 kbps | tp: 0 kbps | trace_bw: 639 kbps
   t=82s | buffer: 2.5s | bitrate: 1200 kbps | tp: 0 kbps | trace_bw: 4104 kbps
   t=92s | buffer: 0.1s | bitrate: 1200 kbps | tp: 0 kbps | trace_bw: 3822 kbps
   t=102s | buffer: 1.1s | bitrate: 800 kbps | tp: 0 kbps | trace_bw: 647 kbps
   t=112s | buffer: 3.0s | bitrate: 600 kbps | tp: 0 kbps | trace_bw: 3669 kbps

======================================================================
  BENCHMARK RESULTS (LLDASH-GPAC / dash.js / BOLA)
======================================================================

  [TIMING]
      Startup delay:     194 ms
      Playback time:     100.7 s

  [BITRATE]
      Average (selected):  971 kbps
      Average (effective): 813 kbps
      Min / Max:           100 / 4,500 kbps
      Median:              800 kbps
      Std deviation:       953.5 kbps
      Variance:            909,134.9
      25th/75th %ile:      600 / 1,200 kbps

  [SWITCHES]
      Total count:       16
      Up / Down:         9 / 7
      Avg magnitude:     694 kbps

  [REBUFFERING]
      Events:            7
      Total time:        19,506 ms
      Ratio:             16.2247%
      Frequency:         4.170 per minute
      Avg duration:      2,787 ms
      Max duration:      9,212 ms

  [THROUGHPUT]
      Average:           0 kbps
      Median:            0 kbps
      Min / Max:         0 / 0 kbps
      Std deviation:     0.0 kbps

  [AVAILABLE BW (trace)]
      Average:           3,139 kbps
      Min / Max:         100 / 6,154 kbps

  [BUFFER]
      Average level:     1.7 s
      Min / Max:         0.1 / 3.6 s

  [UTILIZATION]
      Bandwidth:         25.8%

======================================================================

[SAVED] results/run_all_20260607_000000/lldash-gpac_puffer/benchmark_lldash-gpac_puffer_127_pbs_tc_20260608_021559.json

──────────────────────────────────────────────────────────────────────
  [129/150] puffer_128_pbs_tc.csv
──────────────────────────────────────────────────────────────────────
[TRACE] puffer_128_pbs_tc.csv
[LLDASH-GPAC] Trace file ready; gpac_server uses in-process bandwidth pacing.

======================================================================
  LLDASH-GPAC Streaming QoE Benchmark (dash.js / BOLA)
======================================================================
  Server: http://localhost:8082/player.html?mpd=http://localhost:8082/manifest.mpd
======================================================================

[TRACE] Loaded 156 entries with bandwidth
[BROWSER] Launching headless Chromium...
[BROWSER] Waiting for playback to start...
   Startup delay: 196ms

[PLAYBACK] Collecting metrics...
   t=10s | buffer: 0.1s | bitrate: 1500 kbps | tp: 0 kbps | trace_bw: 1243 kbps
   t=20s | buffer: 2.6s | bitrate: 800 kbps | tp: 0 kbps | trace_bw: 4062 kbps
   t=31s | buffer: 2.2s | bitrate: 800 kbps | tp: 0 kbps | trace_bw: 4823 kbps
   t=41s | buffer: 3.0s | bitrate: 1200 kbps | tp: 0 kbps | trace_bw: 4285 kbps
   t=51s | buffer: 0.7s | bitrate: 800 kbps | tp: 0 kbps | trace_bw: 4173 kbps
   t=61s | buffer: 2.6s | bitrate: 800 kbps | tp: 0 kbps | trace_bw: 3815 kbps
   t=72s | buffer: 2.5s | bitrate: 600 kbps | tp: 0 kbps | trace_bw: 4396 kbps
   t=82s | buffer: 2.4s | bitrate: 600 kbps | tp: 0 kbps | trace_bw: 4040 kbps
   t=92s | buffer: 2.6s | bitrate: 1200 kbps | tp: 0 kbps | trace_bw: 4406 kbps
   t=102s | buffer: 2.2s | bitrate: 800 kbps | tp: 0 kbps | trace_bw: 4323 kbps
   t=113s | buffer: 2.1s | bitrate: 800 kbps | tp: 0 kbps | trace_bw: 4245 kbps

======================================================================
  BENCHMARK RESULTS (LLDASH-GPAC / dash.js / BOLA)
======================================================================

  [TIMING]
      Startup delay:     196 ms
      Playback time:     111.9 s

  [BITRATE]
      Average (selected):  1,120 kbps
      Average (effective): 1,042 kbps
      Min / Max:           100 / 4,500 kbps
      Median:              800 kbps
      Std deviation:       905.9 kbps
      Variance:            820,600.0
      25th/75th %ile:      800 / 1,500 kbps

  [SWITCHES]
      Total count:       19
      Up / Down:         8 / 11
      Avg magnitude:     716 kbps

  [REBUFFERING]
      Events:            12
      Total time:        8,427 ms
      Ratio:             7.0039%
      Frequency:         6.435 per minute
      Avg duration:      592 ms
      Max duration:      2,049 ms

  [THROUGHPUT]
      Average:           0 kbps
      Median:            0 kbps
      Min / Max:         0 / 0 kbps
      Std deviation:     0.0 kbps

  [AVAILABLE BW (trace)]
      Average:           3,572 kbps
      Min / Max:         67 / 11,866 kbps

  [BUFFER]
      Average level:     1.9 s
      Min / Max:         0.1 / 3.7 s

  [UTILIZATION]
      Bandwidth:         26.9%

======================================================================

[SAVED] results/run_all_20260607_000000/lldash-gpac_puffer/benchmark_lldash-gpac_puffer_128_pbs_tc_20260608_021802.json

──────────────────────────────────────────────────────────────────────
  [130/150] puffer_129_fox_tc.csv
──────────────────────────────────────────────────────────────────────
[TRACE] puffer_129_fox_tc.csv
[LLDASH-GPAC] Trace file ready; gpac_server uses in-process bandwidth pacing.

======================================================================
  LLDASH-GPAC Streaming QoE Benchmark (dash.js / BOLA)
======================================================================
  Server: http://localhost:8082/player.html?mpd=http://localhost:8082/manifest.mpd
======================================================================

[TRACE] Loaded 66 entries with bandwidth
[BROWSER] Launching headless Chromium...
[BROWSER] Waiting for playback to start...
   Startup delay: 467ms

[PLAYBACK] Collecting metrics...
   t=10s | buffer: 2.0s | bitrate: 1500 kbps | tp: 0 kbps | trace_bw: 3694 kbps
   t=20s | buffer: 1.6s | bitrate: 1500 kbps | tp: 0 kbps | trace_bw: 3802 kbps
   t=31s | buffer: 1.6s | bitrate: 1500 kbps | tp: 0 kbps | trace_bw: 5267 kbps
   t=41s | buffer: 1.2s | bitrate: 1200 kbps | tp: 0 kbps | trace_bw: 5060 kbps
   t=51s | buffer: 3.0s | bitrate: 1200 kbps | tp: 0 kbps | trace_bw: 3851 kbps
   t=61s | buffer: 1.1s | bitrate: 2000 kbps | tp: 0 kbps | trace_bw: 3721 kbps
   t=72s | buffer: 2.7s | bitrate: 1500 kbps | tp: 0 kbps | trace_bw: 3514 kbps
   t=82s | buffer: 2.0s | bitrate: 400 kbps | tp: 0 kbps | trace_bw: 4551 kbps
   t=92s | buffer: 1.6s | bitrate: 1500 kbps | tp: 0 kbps | trace_bw: 4296 kbps
   t=102s | buffer: 1.5s | bitrate: 1500 kbps | tp: 0 kbps | trace_bw: 3794 kbps
   t=113s | buffer: 1.1s | bitrate: 2000 kbps | tp: 0 kbps | trace_bw: 3730 kbps

======================================================================
  BENCHMARK RESULTS (LLDASH-GPAC / dash.js / BOLA)
======================================================================

  [TIMING]
      Startup delay:     467 ms
      Playback time:     118.6 s

  [BITRATE]
      Average (selected):  1,141 kbps
      Average (effective): 1,123 kbps
      Min / Max:           400 / 2,000 kbps
      Median:              1,200 kbps
      Std deviation:       456.9 kbps
      Variance:            208,781.0
      25th/75th %ile:      800 / 1,500 kbps

  [SWITCHES]
      Total count:       21
      Up / Down:         11 / 10
      Avg magnitude:     605 kbps

  [REBUFFERING]
      Events:            5
      Total time:        1,941 ms
      Ratio:             1.6106%
      Frequency:         2.530 per minute
      Avg duration:      388 ms
      Max duration:      1,425 ms

  [THROUGHPUT]
      Average:           0 kbps
      Median:            0 kbps
      Min / Max:         0 / 0 kbps
      Std deviation:     0.0 kbps

  [AVAILABLE BW (trace)]
      Average:           4,017 kbps
      Min / Max:         558 / 5,267 kbps

  [BUFFER]
      Average level:     1.8 s
      Min / Max:         0.1 / 3.4 s

  [UTILIZATION]
      Bandwidth:         28.1%

======================================================================

[SAVED] results/run_all_20260607_000000/lldash-gpac_puffer/benchmark_lldash-gpac_puffer_129_fox_tc_20260608_022006.json

──────────────────────────────────────────────────────────────────────
  [131/150] puffer_130_cbs_tc.csv
──────────────────────────────────────────────────────────────────────
[TRACE] puffer_130_cbs_tc.csv
[LLDASH-GPAC] Trace file ready; gpac_server uses in-process bandwidth pacing.

======================================================================
  LLDASH-GPAC Streaming QoE Benchmark (dash.js / BOLA)
======================================================================
  Server: http://localhost:8082/player.html?mpd=http://localhost:8082/manifest.mpd
======================================================================

[TRACE] Loaded 75 entries with bandwidth
[BROWSER] Launching headless Chromium...
[BROWSER] Waiting for playback to start...
   Startup delay: 902ms

[PLAYBACK] Collecting metrics...
   t=10s | buffer: 1.9s | bitrate: 1500 kbps | tp: 0 kbps | trace_bw: 4844 kbps
   t=21s | buffer: 1.5s | bitrate: 1500 kbps | tp: 0 kbps | trace_bw: 4554 kbps
   t=31s | buffer: 2.1s | bitrate: 1500 kbps | tp: 0 kbps | trace_bw: 4059 kbps
   t=41s | buffer: 2.0s | bitrate: 1500 kbps | tp: 0 kbps | trace_bw: 5243 kbps
   t=51s | buffer: 1.6s | bitrate: 1500 kbps | tp: 0 kbps | trace_bw: 5437 kbps
   t=61s | buffer: 1.5s | bitrate: 1500 kbps | tp: 0 kbps | trace_bw: 2581 kbps
   t=72s | buffer: 2.5s | bitrate: 800 kbps | tp: 0 kbps | trace_bw: 4880 kbps
   t=82s | buffer: 1.5s | bitrate: 800 kbps | tp: 0 kbps | trace_bw: 3304 kbps
   t=92s | buffer: 3.2s | bitrate: 800 kbps | tp: 0 kbps | trace_bw: 5747 kbps
   t=102s | buffer: 3.0s | bitrate: 600 kbps | tp: 0 kbps | trace_bw: 2285 kbps
   t=113s | buffer: 0.8s | bitrate: 2000 kbps | tp: 0 kbps | trace_bw: 1652 kbps

======================================================================
  BENCHMARK RESULTS (LLDASH-GPAC / dash.js / BOLA)
======================================================================

  [TIMING]
      Startup delay:     902 ms
      Playback time:     115.8 s

  [BITRATE]
      Average (selected):  1,258 kbps
      Average (effective): 1,202 kbps
      Min / Max:           100 / 2,000 kbps
      Median:              1,500 kbps
      Std deviation:       558.5 kbps
      Variance:            311,911.4
      25th/75th %ile:      800 / 1,500 kbps

  [SWITCHES]
      Total count:       18
      Up / Down:         9 / 9
      Avg magnitude:     528 kbps

  [REBUFFERING]
      Events:            8
      Total time:        5,349 ms
      Ratio:             4.4154%
      Frequency:         4.145 per minute
      Avg duration:      669 ms
      Max duration:      1,443 ms

  [THROUGHPUT]
      Average:           0 kbps
      Median:            0 kbps
      Min / Max:         0 / 0 kbps
      Std deviation:     0.0 kbps

  [AVAILABLE BW (trace)]
      Average:           3,937 kbps
      Min / Max:         163 / 6,585 kbps

  [BUFFER]
      Average level:     1.9 s
      Min / Max:         0.1 / 3.5 s

  [UTILIZATION]
      Bandwidth:         27.6%

======================================================================

[SAVED] results/run_all_20260607_000000/lldash-gpac_puffer/benchmark_lldash-gpac_puffer_130_cbs_tc_20260608_022210.json

──────────────────────────────────────────────────────────────────────
  [132/150] puffer_131_fox_tc.csv
──────────────────────────────────────────────────────────────────────
[TRACE] puffer_131_fox_tc.csv
[LLDASH-GPAC] Trace file ready; gpac_server uses in-process bandwidth pacing.

======================================================================
  LLDASH-GPAC Streaming QoE Benchmark (dash.js / BOLA)
======================================================================
  Server: http://localhost:8082/player.html?mpd=http://localhost:8082/manifest.mpd
======================================================================

[TRACE] Loaded 157 entries with bandwidth
[BROWSER] Launching headless Chromium...
[BROWSER] Waiting for playback to start...
   Startup delay: 197ms

[PLAYBACK] Collecting metrics...
   t=10s | buffer: 1.7s | bitrate: 800 kbps | tp: 0 kbps | trace_bw: 5636 kbps
   t=21s | buffer: 1.3s | bitrate: 1200 kbps | tp: 0 kbps | trace_bw: 313 kbps
   t=31s | buffer: 0.1s | bitrate: 1200 kbps | tp: 0 kbps | trace_bw: 5625 kbps
   t=41s | buffer: 3.0s | bitrate: 800 kbps | tp: 0 kbps | trace_bw: 5426 kbps
   t=51s | buffer: 0.9s | bitrate: 1200 kbps | tp: 0 kbps | trace_bw: 2168 kbps
   t=61s | buffer: 2.6s | bitrate: 800 kbps | tp: 0 kbps | trace_bw: 2934 kbps
   t=72s | buffer: 2.8s | bitrate: 600 kbps | tp: 0 kbps | trace_bw: 5513 kbps
   t=82s | buffer: 2.6s | bitrate: 800 kbps | tp: 0 kbps | trace_bw: 3234 kbps
   t=92s | buffer: 2.4s | bitrate: 800 kbps | tp: 0 kbps | trace_bw: 732 kbps
   t=102s | buffer: 2.4s | bitrate: 1200 kbps | tp: 0 kbps | trace_bw: 5608 kbps
   t=113s | buffer: 3.0s | bitrate: 1200 kbps | tp: 0 kbps | trace_bw: 5518 kbps

======================================================================
  BENCHMARK RESULTS (LLDASH-GPAC / dash.js / BOLA)
======================================================================

  [TIMING]
      Startup delay:     197 ms
      Playback time:     110.8 s

  [BITRATE]
      Average (selected):  1,246 kbps
      Average (effective): 1,147 kbps
      Min / Max:           100 / 4,500 kbps
      Median:              800 kbps
      Std deviation:       1,057.3 kbps
      Variance:            1,117,869.8
      25th/75th %ile:      800 / 1,500 kbps

  [SWITCHES]
      Total count:       12
      Up / Down:         7 / 5
      Avg magnitude:     850 kbps

  [REBUFFERING]
      Events:            7
      Total time:        9,530 ms
      Ratio:             7.9189%
      Frequency:         3.790 per minute
      Avg duration:      1,362 ms
      Max duration:      3,779 ms

  [THROUGHPUT]
      Average:           0 kbps
      Median:            0 kbps
      Min / Max:         0 / 0 kbps
      Std deviation:     0.0 kbps

  [AVAILABLE BW (trace)]
      Average:           4,119 kbps
      Min / Max:         313 / 5,731 kbps

  [BUFFER]
      Average level:     1.9 s
      Min / Max:         0.1 / 3.6 s

  [UTILIZATION]
      Bandwidth:         23.2%

======================================================================

[SAVED] results/run_all_20260607_000000/lldash-gpac_puffer/benchmark_lldash-gpac_puffer_131_fox_tc_20260608_022415.json

──────────────────────────────────────────────────────────────────────
  [133/150] puffer_132_fox_tc.csv
──────────────────────────────────────────────────────────────────────
[TRACE] puffer_132_fox_tc.csv
[LLDASH-GPAC] Trace file ready; gpac_server uses in-process bandwidth pacing.

======================================================================
  LLDASH-GPAC Streaming QoE Benchmark (dash.js / BOLA)
======================================================================
  Server: http://localhost:8082/player.html?mpd=http://localhost:8082/manifest.mpd
======================================================================

[TRACE] Loaded 156 entries with bandwidth
[BROWSER] Launching headless Chromium...
[BROWSER] Waiting for playback to start...
   Startup delay: 202ms

[PLAYBACK] Collecting metrics...
   t=10s | buffer: 1.6s | bitrate: 3000 kbps | tp: 0 kbps | trace_bw: 4716 kbps
   t=20s | buffer: 1.5s | bitrate: 1500 kbps | tp: 0 kbps | trace_bw: 4662 kbps
   t=31s | buffer: 1.4s | bitrate: 1500 kbps | tp: 0 kbps | trace_bw: 4606 kbps
   t=41s | buffer: 3.0s | bitrate: 1500 kbps | tp: 0 kbps | trace_bw: 4402 kbps
   t=51s | buffer: 3.0s | bitrate: 1500 kbps | tp: 0 kbps | trace_bw: 3807 kbps
   t=61s | buffer: 2.6s | bitrate: 2000 kbps | tp: 0 kbps | trace_bw: 3761 kbps
   t=72s | buffer: 2.5s | bitrate: 1500 kbps | tp: 0 kbps | trace_bw: 4096 kbps
   t=82s | buffer: 0.1s | bitrate: 3000 kbps | tp: 0 kbps | trace_bw: 4822 kbps
   t=92s | buffer: 2.7s | bitrate: 2000 kbps | tp: 0 kbps | trace_bw: 4667 kbps
   t=102s | buffer: 2.4s | bitrate: 1500 kbps | tp: 0 kbps | trace_bw: 3979 kbps
   t=113s | buffer: 2.1s | bitrate: 800 kbps | tp: 0 kbps | trace_bw: 3940 kbps

======================================================================
  BENCHMARK RESULTS (LLDASH-GPAC / dash.js / BOLA)
======================================================================

  [TIMING]
      Startup delay:     202 ms
      Playback time:     117.6 s

  [BITRATE]
      Average (selected):  1,458 kbps
      Average (effective): 1,425 kbps
      Min / Max:           100 / 4,500 kbps
      Median:              1,500 kbps
      Std deviation:       963.9 kbps
      Variance:            929,097.2
      25th/75th %ile:      800 / 2,000 kbps

  [SWITCHES]
      Total count:       23
      Up / Down:         11 / 12
      Avg magnitude:     817 kbps

  [REBUFFERING]
      Events:            6
      Total time:        2,734 ms
      Ratio:             2.2723%
      Frequency:         3.062 per minute
      Avg duration:      456 ms
      Max duration:      1,014 ms

  [THROUGHPUT]
      Average:           0 kbps
      Median:            0 kbps
      Min / Max:         0 / 0 kbps
      Std deviation:     0.0 kbps

  [AVAILABLE BW (trace)]
      Average:           4,347 kbps
      Min / Max:         2,865 / 5,095 kbps

  [BUFFER]
      Average level:     1.8 s
      Min / Max:         0.1 / 3.4 s

  [UTILIZATION]
      Bandwidth:         33.2%

======================================================================

[SAVED] results/run_all_20260607_000000/lldash-gpac_puffer/benchmark_lldash-gpac_puffer_132_fox_tc_20260608_022619.json

──────────────────────────────────────────────────────────────────────
  [134/150] puffer_133_fox_tc.csv
──────────────────────────────────────────────────────────────────────
[TRACE] puffer_133_fox_tc.csv
[LLDASH-GPAC] Trace file ready; gpac_server uses in-process bandwidth pacing.

======================================================================
  LLDASH-GPAC Streaming QoE Benchmark (dash.js / BOLA)
======================================================================
  Server: http://localhost:8082/player.html?mpd=http://localhost:8082/manifest.mpd
======================================================================

[TRACE] Loaded 86 entries with bandwidth
[BROWSER] Launching headless Chromium...
[BROWSER] Waiting for playback to start...
   Startup delay: 258ms

[PLAYBACK] Collecting metrics...
   t=10s | buffer: 0.1s | bitrate: 1200 kbps | tp: 0 kbps | trace_bw: 533 kbps
   t=20s | buffer: 3.0s | bitrate: 600 kbps | tp: 0 kbps | trace_bw: 3308 kbps
   t=31s | buffer: 0.9s | bitrate: 600 kbps | tp: 0 kbps | trace_bw: 215 kbps
   t=41s | buffer: 0.1s | bitrate: 600 kbps | tp: 0 kbps | trace_bw: 4250 kbps
   t=51s | buffer: 2.8s | bitrate: 200 kbps | tp: 0 kbps | trace_bw: 4040 kbps
   t=61s | buffer: 2.4s | bitrate: 200 kbps | tp: 0 kbps | trace_bw: 5140 kbps
   t=72s | buffer: 2.3s | bitrate: 200 kbps | tp: 0 kbps | trace_bw: 4630 kbps
   t=82s | buffer: 2.0s | bitrate: 600 kbps | tp: 0 kbps | trace_bw: 1201 kbps
   t=92s | buffer: 1.9s | bitrate: 600 kbps | tp: 0 kbps | trace_bw: 5700 kbps
   t=102s | buffer: 1.5s | bitrate: 800 kbps | tp: 0 kbps | trace_bw: 5566 kbps
   t=113s | buffer: 0.1s | bitrate: 800 kbps | tp: 0 kbps | trace_bw: 5919 kbps

======================================================================
  BENCHMARK RESULTS (LLDASH-GPAC / dash.js / BOLA)
======================================================================

  [TIMING]
      Startup delay:     258 ms
      Playback time:     93.9 s

  [BITRATE]
      Average (selected):  700 kbps
      Average (effective): 546 kbps
      Min / Max:           100 / 2,000 kbps
      Median:              600 kbps
      Std deviation:       544.1 kbps
      Variance:            296,000.0
      25th/75th %ile:      200 / 800 kbps

  [SWITCHES]
      Total count:       9
      Up / Down:         5 / 4
      Avg magnitude:     533 kbps

  [REBUFFERING]
      Events:            7
      Total time:        26,553 ms
      Ratio:             22.0447%
      Frequency:         4.473 per minute
      Avg duration:      2,657 ms
      Max duration:      12,348 ms

  [THROUGHPUT]
      Average:           0 kbps
      Median:            0 kbps
      Min / Max:         0 / 0 kbps
      Std deviation:     0.0 kbps

  [AVAILABLE BW (trace)]
      Average:           3,651 kbps
      Min / Max:         24 / 6,297 kbps

  [BUFFER]
      Average level:     1.7 s
      Min / Max:         0.1 / 3.7 s

  [UTILIZATION]
      Bandwidth:         17.3%

======================================================================

[SAVED] results/run_all_20260607_000000/lldash-gpac_puffer/benchmark_lldash-gpac_puffer_133_fox_tc_20260608_022823.json

──────────────────────────────────────────────────────────────────────
  [135/150] puffer_134_pbs_tc.csv
──────────────────────────────────────────────────────────────────────
[TRACE] puffer_134_pbs_tc.csv
[LLDASH-GPAC] Trace file ready; gpac_server uses in-process bandwidth pacing.

======================================================================
  LLDASH-GPAC Streaming QoE Benchmark (dash.js / BOLA)
======================================================================
  Server: http://localhost:8082/player.html?mpd=http://localhost:8082/manifest.mpd
======================================================================

[TRACE] Loaded 158 entries with bandwidth
[BROWSER] Launching headless Chromium...
[BROWSER] Waiting for playback to start...
   Startup delay: 193ms

[PLAYBACK] Collecting metrics...
   t=10s | buffer: 0.9s | bitrate: 1200 kbps | tp: 0 kbps | trace_bw: 4469 kbps
   t=20s | buffer: 2.5s | bitrate: 1500 kbps | tp: 0 kbps | trace_bw: 3584 kbps
   t=31s | buffer: 0.6s | bitrate: 1500 kbps | tp: 0 kbps | trace_bw: 3528 kbps
   t=41s | buffer: 2.2s | bitrate: 1200 kbps | tp: 0 kbps | trace_bw: 4707 kbps
   t=51s | buffer: 2.1s | bitrate: 1200 kbps | tp: 0 kbps | trace_bw: 3574 kbps
   t=61s | buffer: 1.8s | bitrate: 1500 kbps | tp: 0 kbps | trace_bw: 4398 kbps
   t=72s | buffer: 1.7s | bitrate: 1500 kbps | tp: 0 kbps | trace_bw: 4379 kbps
   t=82s | buffer: 1.6s | bitrate: 1500 kbps | tp: 0 kbps | trace_bw: 4454 kbps
   t=92s | buffer: 1.5s | bitrate: 1200 kbps | tp: 0 kbps | trace_bw: 4575 kbps
   t=102s | buffer: 1.2s | bitrate: 1500 kbps | tp: 0 kbps | trace_bw: 2739 kbps
   t=113s | buffer: 3.2s | bitrate: 1200 kbps | tp: 0 kbps | trace_bw: 4413 kbps

======================================================================
  BENCHMARK RESULTS (LLDASH-GPAC / dash.js / BOLA)
======================================================================

  [TIMING]
      Startup delay:     193 ms
      Playback time:     118.7 s

  [BITRATE]
      Average (selected):  1,676 kbps
      Average (effective): 1,654 kbps
      Min / Max:           600 / 4,500 kbps
      Median:              1,500 kbps
      Std deviation:       815.0 kbps
      Variance:            664,152.2
      25th/75th %ile:      1,200 / 2,000 kbps

  [SWITCHES]
      Total count:       16
      Up / Down:         6 / 10
      Avg magnitude:     644 kbps

  [REBUFFERING]
      Events:            6
      Total time:        1,620 ms
      Ratio:             1.3463%
      Frequency:         3.033 per minute
      Avg duration:      270 ms
      Max duration:      961 ms

  [THROUGHPUT]
      Average:           0 kbps
      Median:            0 kbps
      Min / Max:         0 / 0 kbps
      Std deviation:     0.0 kbps

  [AVAILABLE BW (trace)]
      Average:           3,995 kbps
      Min / Max:         2,685 / 4,707 kbps

  [BUFFER]
      Average level:     1.8 s
      Min / Max:         0.1 / 3.3 s

  [UTILIZATION]
      Bandwidth:         40.0%

======================================================================

[SAVED] results/run_all_20260607_000000/lldash-gpac_puffer/benchmark_lldash-gpac_puffer_134_pbs_tc_20260608_023027.json

──────────────────────────────────────────────────────────────────────
  [136/150] puffer_135_nbc_tc.csv
──────────────────────────────────────────────────────────────────────
[TRACE] puffer_135_nbc_tc.csv
[LLDASH-GPAC] Trace file ready; gpac_server uses in-process bandwidth pacing.

======================================================================
  LLDASH-GPAC Streaming QoE Benchmark (dash.js / BOLA)
======================================================================
  Server: http://localhost:8082/player.html?mpd=http://localhost:8082/manifest.mpd
======================================================================

[TRACE] Loaded 107 entries with bandwidth
[BROWSER] Launching headless Chromium...
[BROWSER] Waiting for playback to start...
   Startup delay: 194ms

[PLAYBACK] Collecting metrics...
   t=10s | buffer: 1.6s | bitrate: 2000 kbps | tp: 0 kbps | trace_bw: 2218 kbps
   t=21s | buffer: 1.4s | bitrate: 1500 kbps | tp: 0 kbps | trace_bw: 2075 kbps
   t=31s | buffer: 1.9s | bitrate: 600 kbps | tp: 0 kbps | trace_bw: 4859 kbps
   t=41s | buffer: 1.8s | bitrate: 1200 kbps | tp: 0 kbps | trace_bw: 4345 kbps
   t=51s | buffer: 1.4s | bitrate: 1500 kbps | tp: 0 kbps | trace_bw: 4532 kbps
   t=61s | buffer: 1.3s | bitrate: 800 kbps | tp: 0 kbps | trace_bw: 4194 kbps
   t=72s | buffer: 1.0s | bitrate: 800 kbps | tp: 0 kbps | trace_bw: 1677 kbps
   t=82s | buffer: 2.9s | bitrate: 800 kbps | tp: 0 kbps | trace_bw: 4526 kbps
   t=92s | buffer: 1.2s | bitrate: 1500 kbps | tp: 0 kbps | trace_bw: 4860 kbps
   t=102s | buffer: 2.9s | bitrate: 1200 kbps | tp: 0 kbps | trace_bw: 3609 kbps
   t=113s | buffer: 2.7s | bitrate: 1200 kbps | tp: 0 kbps | trace_bw: 3545 kbps

======================================================================
  BENCHMARK RESULTS (LLDASH-GPAC / dash.js / BOLA)
======================================================================

  [TIMING]
      Startup delay:     194 ms
      Playback time:     109.0 s

  [BITRATE]
      Average (selected):  1,386 kbps
      Average (effective): 1,256 kbps
      Min / Max:           100 / 4,500 kbps
      Median:              1,200 kbps
      Std deviation:       911.7 kbps
      Variance:            831,177.7
      25th/75th %ile:      800 / 1,500 kbps

  [SWITCHES]
      Total count:       21
      Up / Down:         11 / 10
      Avg magnitude:     700 kbps

  [REBUFFERING]
      Events:            11
      Total time:        11,314 ms
      Ratio:             9.4012%
      Frequency:         6.053 per minute
      Avg duration:      1,029 ms
      Max duration:      4,154 ms

  [THROUGHPUT]
      Average:           0 kbps
      Median:            0 kbps
      Min / Max:         0 / 0 kbps
      Std deviation:     0.0 kbps

  [AVAILABLE BW (trace)]
      Average:           3,913 kbps
      Min / Max:         231 / 6,895 kbps

  [BUFFER]
      Average level:     1.7 s
      Min / Max:         0.1 / 3.4 s

  [UTILIZATION]
      Bandwidth:         33.0%

======================================================================

[SAVED] results/run_all_20260607_000000/lldash-gpac_puffer/benchmark_lldash-gpac_puffer_135_nbc_tc_20260608_023231.json

──────────────────────────────────────────────────────────────────────
  [137/150] puffer_136_nbc_tc.csv
──────────────────────────────────────────────────────────────────────
[TRACE] puffer_136_nbc_tc.csv
[LLDASH-GPAC] Trace file ready; gpac_server uses in-process bandwidth pacing.

======================================================================
  LLDASH-GPAC Streaming QoE Benchmark (dash.js / BOLA)
======================================================================
  Server: http://localhost:8082/player.html?mpd=http://localhost:8082/manifest.mpd
======================================================================

[TRACE] Loaded 157 entries with bandwidth
[BROWSER] Launching headless Chromium...
[BROWSER] Waiting for playback to start...
   Startup delay: 206ms

[PLAYBACK] Collecting metrics...
   t=10s | buffer: 1.1s | bitrate: 2000 kbps | tp: 0 kbps | trace_bw: 4438 kbps
   t=20s | buffer: 2.7s | bitrate: 1500 kbps | tp: 0 kbps | trace_bw: 5180 kbps
   t=31s | buffer: 2.6s | bitrate: 1200 kbps | tp: 0 kbps | trace_bw: 4304 kbps
   t=41s | buffer: 2.3s | bitrate: 1200 kbps | tp: 0 kbps | trace_bw: 8061 kbps
   t=51s | buffer: 0.1s | bitrate: 2000 kbps | tp: 0 kbps | trace_bw: 89 kbps
   t=61s | buffer: 2.8s | bitrate: 200 kbps | tp: 0 kbps | trace_bw: 11046 kbps
   t=72s | buffer: 3.5s | bitrate: 400 kbps | tp: 0 kbps | trace_bw: 8299 kbps
   t=82s | buffer: 2.1s | bitrate: 200 kbps | tp: 0 kbps | trace_bw: 538 kbps
   t=92s | buffer: 2.0s | bitrate: 200 kbps | tp: 0 kbps | trace_bw: 1570 kbps
   t=102s | buffer: 1.6s | bitrate: 200 kbps | tp: 0 kbps | trace_bw: 9552 kbps
   t=113s | buffer: 1.5s | bitrate: 800 kbps | tp: 0 kbps | trace_bw: 1661 kbps

======================================================================
  BENCHMARK RESULTS (LLDASH-GPAC / dash.js / BOLA)
======================================================================

  [TIMING]
      Startup delay:     206 ms
      Playback time:     103.9 s

  [BITRATE]
      Average (selected):  965 kbps
      Average (effective): 833 kbps
      Min / Max:           100 / 3,000 kbps
      Median:              800 kbps
      Std deviation:       774.6 kbps
      Variance:            599,930.8
      25th/75th %ile:      400 / 1,200 kbps

  [SWITCHES]
      Total count:       16
      Up / Down:         9 / 7
      Avg magnitude:     525 kbps

  [REBUFFERING]
      Events:            9
      Total time:        16,484 ms
      Ratio:             13.6956%
      Frequency:         5.199 per minute
      Avg duration:      1,998 ms
      Max duration:      9,074 ms

  [THROUGHPUT]
      Average:           0 kbps
      Median:            0 kbps
      Min / Max:         0 / 0 kbps
      Std deviation:     0.0 kbps

  [AVAILABLE BW (trace)]
      Average:           4,410 kbps
      Min / Max:         78 / 11,046 kbps

  [BUFFER]
      Average level:     1.8 s
      Min / Max:         0.1 / 3.7 s

  [UTILIZATION]
      Bandwidth:         22.4%

======================================================================

[SAVED] results/run_all_20260607_000000/lldash-gpac_puffer/benchmark_lldash-gpac_puffer_136_nbc_tc_20260608_023435.json

──────────────────────────────────────────────────────────────────────
  [138/150] puffer_137_abc_tc.csv
──────────────────────────────────────────────────────────────────────
[TRACE] puffer_137_abc_tc.csv
[LLDASH-GPAC] Trace file ready; gpac_server uses in-process bandwidth pacing.

======================================================================
  LLDASH-GPAC Streaming QoE Benchmark (dash.js / BOLA)
======================================================================
  Server: http://localhost:8082/player.html?mpd=http://localhost:8082/manifest.mpd
======================================================================

[TRACE] Loaded 157 entries with bandwidth
[BROWSER] Launching headless Chromium...
[BROWSER] Waiting for playback to start...
   Startup delay: 224ms

[PLAYBACK] Collecting metrics...
   t=10s | buffer: 2.7s | bitrate: 2000 kbps | tp: 0 kbps | trace_bw: 7317 kbps
   t=20s | buffer: 2.5s | bitrate: 800 kbps | tp: 0 kbps | trace_bw: 3762 kbps
   t=31s | buffer: 0.7s | bitrate: 800 kbps | tp: 0 kbps | trace_bw: 4646 kbps
   t=41s | buffer: 2.8s | bitrate: 800 kbps | tp: 0 kbps | trace_bw: 2985 kbps
   t=51s | buffer: 2.6s | bitrate: 600 kbps | tp: 0 kbps | trace_bw: 3884 kbps
   t=61s | buffer: 2.5s | bitrate: 600 kbps | tp: 0 kbps | trace_bw: 4609 kbps
   t=72s | buffer: 0.1s | bitrate: 100 kbps | tp: 0 kbps | trace_bw: 1870 kbps
   t=82s | buffer: 0.1s | bitrate: 800 kbps | tp: 0 kbps | trace_bw: 4600 kbps
   t=92s | buffer: 2.1s | bitrate: 800 kbps | tp: 0 kbps | trace_bw: 7121 kbps
   t=102s | buffer: 2.0s | bitrate: 1500 kbps | tp: 0 kbps | trace_bw: 4540 kbps
   t=113s | buffer: 1.7s | bitrate: 1500 kbps | tp: 0 kbps | trace_bw: 1947 kbps

======================================================================
  BENCHMARK RESULTS (LLDASH-GPAC / dash.js / BOLA)
======================================================================

  [TIMING]
      Startup delay:     224 ms
      Playback time:     116.1 s

  [BITRATE]
      Average (selected):  953 kbps
      Average (effective): 919 kbps
      Min / Max:           100 / 3,000 kbps
      Median:              800 kbps
      Std deviation:       764.8 kbps
      Variance:            584,844.3
      25th/75th %ile:      200 / 1,500 kbps

  [SWITCHES]
      Total count:       16
      Up / Down:         7 / 9
      Avg magnitude:     738 kbps

  [REBUFFERING]
      Events:            11
      Total time:        4,255 ms
      Ratio:             3.5362%
      Frequency:         5.686 per minute
      Avg duration:      387 ms
      Max duration:      1,537 ms

  [THROUGHPUT]
      Average:           0 kbps
      Median:            0 kbps
      Min / Max:         0 / 0 kbps
      Std deviation:     0.0 kbps

  [AVAILABLE BW (trace)]
      Average:           3,840 kbps
      Min / Max:         587 / 8,067 kbps

  [BUFFER]
      Average level:     1.9 s
      Min / Max:         0.1 / 3.7 s

  [UTILIZATION]
      Bandwidth:         25.3%

======================================================================

[SAVED] results/run_all_20260607_000000/lldash-gpac_puffer/benchmark_lldash-gpac_puffer_137_abc_tc_20260608_023639.json

──────────────────────────────────────────────────────────────────────
  [139/150] puffer_138_cbs_tc.csv
──────────────────────────────────────────────────────────────────────
[TRACE] puffer_138_cbs_tc.csv
[LLDASH-GPAC] Trace file ready; gpac_server uses in-process bandwidth pacing.

======================================================================
  LLDASH-GPAC Streaming QoE Benchmark (dash.js / BOLA)
======================================================================
  Server: http://localhost:8082/player.html?mpd=http://localhost:8082/manifest.mpd
======================================================================

[TRACE] Loaded 64 entries with bandwidth
[BROWSER] Launching headless Chromium...
[BROWSER] Waiting for playback to start...
   Startup delay: 770ms

[PLAYBACK] Collecting metrics...
   t=10s | buffer: 2.5s | bitrate: 1200 kbps | tp: 0 kbps | trace_bw: 2474 kbps
   t=20s | buffer: 2.9s | bitrate: 1200 kbps | tp: 0 kbps | trace_bw: 2277 kbps
   t=31s | buffer: 1.1s | bitrate: 1200 kbps | tp: 0 kbps | trace_bw: 1998 kbps
   t=41s | buffer: 2.8s | bitrate: 800 kbps | tp: 0 kbps | trace_bw: 5347 kbps
   t=51s | buffer: 2.5s | bitrate: 800 kbps | tp: 0 kbps | trace_bw: 2394 kbps
   t=61s | buffer: 2.4s | bitrate: 1500 kbps | tp: 0 kbps | trace_bw: 8737 kbps
   t=72s | buffer: 2.0s | bitrate: 1500 kbps | tp: 0 kbps | trace_bw: 7802 kbps
   t=82s | buffer: 0.1s | bitrate: 1500 kbps | tp: 0 kbps | trace_bw: 1578 kbps
   t=92s | buffer: 1.7s | bitrate: 400 kbps | tp: 0 kbps | trace_bw: 11346 kbps
   t=102s | buffer: 1.3s | bitrate: 800 kbps | tp: 0 kbps | trace_bw: 2032 kbps
   t=113s | buffer: 3.2s | bitrate: 800 kbps | tp: 0 kbps | trace_bw: 6245 kbps

======================================================================
  BENCHMARK RESULTS (LLDASH-GPAC / dash.js / BOLA)
======================================================================

  [TIMING]
      Startup delay:     770 ms
      Playback time:     108.5 s

  [BITRATE]
      Average (selected):  927 kbps
      Average (effective): 832 kbps
      Min / Max:           400 / 1,500 kbps
      Median:              800 kbps
      Std deviation:       378.5 kbps
      Variance:            143,288.9
      25th/75th %ile:      600 / 1,200 kbps

  [SWITCHES]
      Total count:       14
      Up / Down:         8 / 6
      Avg magnitude:     514 kbps

  [REBUFFERING]
      Events:            8
      Total time:        12,335 ms
      Ratio:             10.2041%
      Frequency:         4.422 per minute
      Avg duration:      1,542 ms
      Max duration:      5,548 ms

  [THROUGHPUT]
      Average:           0 kbps
      Median:            0 kbps
      Min / Max:         0 / 0 kbps
      Std deviation:     0.0 kbps

  [AVAILABLE BW (trace)]
      Average:           5,525 kbps
      Min / Max:         105 / 12,026 kbps

  [BUFFER]
      Average level:     1.9 s
      Min / Max:         0.1 / 3.7 s

  [UTILIZATION]
      Bandwidth:         19.7%

======================================================================

[SAVED] results/run_all_20260607_000000/lldash-gpac_puffer/benchmark_lldash-gpac_puffer_138_cbs_tc_20260608_023843.json

──────────────────────────────────────────────────────────────────────
  [140/150] puffer_139_nbc_tc.csv
──────────────────────────────────────────────────────────────────────
[TRACE] puffer_139_nbc_tc.csv
[LLDASH-GPAC] Trace file ready; gpac_server uses in-process bandwidth pacing.

======================================================================
  LLDASH-GPAC Streaming QoE Benchmark (dash.js / BOLA)
======================================================================
  Server: http://localhost:8082/player.html?mpd=http://localhost:8082/manifest.mpd
======================================================================

[TRACE] Loaded 155 entries with bandwidth
[BROWSER] Launching headless Chromium...
[BROWSER] Waiting for playback to start...
   Startup delay: 195ms

[PLAYBACK] Collecting metrics...
   t=10s | buffer: 0.1s | bitrate: 4500 kbps | tp: 0 kbps | trace_bw: 3117 kbps
   t=20s | buffer: 0.1s | bitrate: 4500 kbps | tp: 0 kbps | trace_bw: 782 kbps
   t=31s | buffer: 3.2s | bitrate: 100 kbps | tp: 0 kbps | trace_bw: 8220 kbps
   t=41s | buffer: 2.9s | bitrate: 100 kbps | tp: 0 kbps | trace_bw: 10838 kbps
   t=51s | buffer: 2.8s | bitrate: 200 kbps | tp: 0 kbps | trace_bw: 9213 kbps
   t=61s | buffer: 2.4s | bitrate: 200 kbps | tp: 0 kbps | trace_bw: 2958 kbps
   t=72s | buffer: 2.3s | bitrate: 400 kbps | tp: 0 kbps | trace_bw: 10341 kbps
   t=82s | buffer: 2.0s | bitrate: 400 kbps | tp: 0 kbps | trace_bw: 7303 kbps
   t=92s | buffer: 0.1s | bitrate: 600 kbps | tp: 0 kbps | trace_bw: 11340 kbps
   t=102s | buffer: 1.9s | bitrate: 600 kbps | tp: 0 kbps | trace_bw: 4109 kbps
   t=113s | buffer: 1.9s | bitrate: 400 kbps | tp: 0 kbps | trace_bw: 11970 kbps

======================================================================
  BENCHMARK RESULTS (LLDASH-GPAC / dash.js / BOLA)
======================================================================

  [TIMING]
      Startup delay:     195 ms
      Playback time:     92.0 s

  [BITRATE]
      Average (selected):  875 kbps
      Average (effective): 669 kbps
      Min / Max:           100 / 4,500 kbps
      Median:              400 kbps
      Std deviation:       1,380.9 kbps
      Variance:            1,906,875.0
      25th/75th %ile:      200 / 600 kbps

  [SWITCHES]
      Total count:       7
      Up / Down:         5 / 2
      Avg magnitude:     814 kbps

  [REBUFFERING]
      Events:            4
      Total time:        28,312 ms
      Ratio:             23.5278%
      Frequency:         2.608 per minute
      Avg duration:      7,078 ms
      Max duration:      21,807 ms

  [THROUGHPUT]
      Average:           0 kbps
      Median:            0 kbps
      Min / Max:         0 / 0 kbps
      Std deviation:     0.0 kbps

  [AVAILABLE BW (trace)]
      Average:           6,062 kbps
      Min / Max:         70 / 12,954 kbps

  [BUFFER]
      Average level:     1.9 s
      Min / Max:         0.1 / 3.8 s

  [UTILIZATION]
      Bandwidth:         20.8%

======================================================================

[SAVED] results/run_all_20260607_000000/lldash-gpac_puffer/benchmark_lldash-gpac_puffer_139_nbc_tc_20260608_024047.json

──────────────────────────────────────────────────────────────────────
  [141/150] puffer_140_cbs_tc.csv
──────────────────────────────────────────────────────────────────────
[TRACE] puffer_140_cbs_tc.csv
[LLDASH-GPAC] Trace file ready; gpac_server uses in-process bandwidth pacing.

======================================================================
  LLDASH-GPAC Streaming QoE Benchmark (dash.js / BOLA)
======================================================================
  Server: http://localhost:8082/player.html?mpd=http://localhost:8082/manifest.mpd
======================================================================

[TRACE] Loaded 64 entries with bandwidth
[BROWSER] Launching headless Chromium...
[BROWSER] Waiting for playback to start...
   Startup delay: 225ms

[PLAYBACK] Collecting metrics...
   t=10s | buffer: 1.1s | bitrate: 2000 kbps | tp: 0 kbps | trace_bw: 4676 kbps
   t=20s | buffer: 0.1s | bitrate: 2000 kbps | tp: 0 kbps | trace_bw: 1775 kbps
   t=31s | buffer: 0.7s | bitrate: 600 kbps | tp: 0 kbps | trace_bw: 3105 kbps
   t=41s | buffer: 2.3s | bitrate: 600 kbps | tp: 0 kbps | trace_bw: 5039 kbps
   t=51s | buffer: 2.2s | bitrate: 1200 kbps | tp: 0 kbps | trace_bw: 6304 kbps
   t=61s | buffer: 1.9s | bitrate: 1200 kbps | tp: 0 kbps | trace_bw: 6939 kbps
   t=72s | buffer: 1.8s | bitrate: 1500 kbps | tp: 0 kbps | trace_bw: 7355 kbps
   t=82s | buffer: 1.4s | bitrate: 1500 kbps | tp: 0 kbps | trace_bw: 8785 kbps
   t=92s | buffer: 1.2s | bitrate: 2000 kbps | tp: 0 kbps | trace_bw: 6935 kbps
   t=102s | buffer: 1.5s | bitrate: 1500 kbps | tp: 0 kbps | trace_bw: 5890 kbps
   t=113s | buffer: 1.6s | bitrate: 200 kbps | tp: 0 kbps | trace_bw: 4498 kbps

======================================================================
  BENCHMARK RESULTS (LLDASH-GPAC / dash.js / BOLA)
======================================================================

  [TIMING]
      Startup delay:     225 ms
      Playback time:     106.1 s

  [BITRATE]
      Average (selected):  1,374 kbps
      Average (effective): 1,211 kbps
      Min / Max:           200 / 3,000 kbps
      Median:              1,500 kbps
      Std deviation:       878.3 kbps
      Variance:            771,493.4
      25th/75th %ile:      600 / 2,000 kbps

  [SWITCHES]
      Total count:       22
      Up / Down:         11 / 11
      Avg magnitude:     645 kbps

  [REBUFFERING]
      Events:            7
      Total time:        14,275 ms
      Ratio:             11.8544%
      Frequency:         3.957 per minute
      Avg duration:      2,039 ms
      Max duration:      6,445 ms

  [THROUGHPUT]
      Average:           0 kbps
      Median:            0 kbps
      Min / Max:         0 / 0 kbps
      Std deviation:     0.0 kbps

  [AVAILABLE BW (trace)]
      Average:           4,580 kbps
      Min / Max:         73 / 9,022 kbps

  [BUFFER]
      Average level:     1.8 s
      Min / Max:         0.1 / 3.5 s

  [UTILIZATION]
      Bandwidth:         30.5%

======================================================================

[SAVED] results/run_all_20260607_000000/lldash-gpac_puffer/benchmark_lldash-gpac_puffer_140_cbs_tc_20260608_024251.json

──────────────────────────────────────────────────────────────────────
  [142/150] puffer_141_cbs_tc.csv
──────────────────────────────────────────────────────────────────────
[TRACE] puffer_141_cbs_tc.csv
[LLDASH-GPAC] Trace file ready; gpac_server uses in-process bandwidth pacing.

======================================================================
  LLDASH-GPAC Streaming QoE Benchmark (dash.js / BOLA)
======================================================================
  Server: http://localhost:8082/player.html?mpd=http://localhost:8082/manifest.mpd
======================================================================

[TRACE] Loaded 55 entries with bandwidth
[BROWSER] Launching headless Chromium...
[BROWSER] Waiting for playback to start...
   Startup delay: 880ms

[PLAYBACK] Collecting metrics...
   t=10s | buffer: 0.1s | bitrate: 2000 kbps | tp: 0 kbps | trace_bw: 151 kbps
   t=21s | buffer: 3.2s | bitrate: 400 kbps | tp: 0 kbps | trace_bw: 9223 kbps
   t=31s | buffer: 3.0s | bitrate: 1200 kbps | tp: 0 kbps | trace_bw: 4573 kbps
   t=41s | buffer: 0.9s | bitrate: 1200 kbps | tp: 0 kbps | trace_bw: 2309 kbps
   t=51s | buffer: 1.0s | bitrate: 800 kbps | tp: 0 kbps | trace_bw: 109 kbps
   t=61s | buffer: 2.3s | bitrate: 600 kbps | tp: 0 kbps | trace_bw: 9917 kbps
   t=72s | buffer: 2.2s | bitrate: 600 kbps | tp: 0 kbps | trace_bw: 5554 kbps
   t=82s | buffer: 1.9s | bitrate: 1200 kbps | tp: 0 kbps | trace_bw: 11302 kbps
   t=92s | buffer: 1.5s | bitrate: 1200 kbps | tp: 0 kbps | trace_bw: 11934 kbps
   t=102s | buffer: 1.8s | bitrate: 600 kbps | tp: 0 kbps | trace_bw: 5580 kbps
   t=113s | buffer: 0.1s | bitrate: 1500 kbps | tp: 0 kbps | trace_bw: 5580 kbps

======================================================================
  BENCHMARK RESULTS (LLDASH-GPAC / dash.js / BOLA)
======================================================================

  [TIMING]
      Startup delay:     880 ms
      Playback time:     98.4 s

  [BITRATE]
      Average (selected):  804 kbps
      Average (effective): 654 kbps
      Min / Max:           100 / 2,000 kbps
      Median:              600 kbps
      Std deviation:       515.0 kbps
      Variance:            265,184.0
      25th/75th %ile:      400 / 1,200 kbps

  [SWITCHES]
      Total count:       24
      Up / Down:         17 / 7
      Avg magnitude:     508 kbps

  [REBUFFERING]
      Events:            7
      Total time:        22,661 ms
      Ratio:             18.7177%
      Frequency:         4.268 per minute
      Avg duration:      3,237 ms
      Max duration:      9,683 ms

  [THROUGHPUT]
      Average:           0 kbps
      Median:            0 kbps
      Min / Max:         0 / 0 kbps
      Std deviation:     0.0 kbps

  [AVAILABLE BW (trace)]
      Average:           5,679 kbps
      Min / Max:         109 / 15,111 kbps

  [BUFFER]
      Average level:     1.8 s
      Min / Max:         0.1 / 3.7 s

  [UTILIZATION]
      Bandwidth:         14.4%

======================================================================

[SAVED] results/run_all_20260607_000000/lldash-gpac_puffer/benchmark_lldash-gpac_puffer_141_cbs_tc_20260608_024455.json

──────────────────────────────────────────────────────────────────────
  [143/150] puffer_142_fox_tc.csv
──────────────────────────────────────────────────────────────────────
[TRACE] puffer_142_fox_tc.csv
[LLDASH-GPAC] Trace file ready; gpac_server uses in-process bandwidth pacing.

======================================================================
  LLDASH-GPAC Streaming QoE Benchmark (dash.js / BOLA)
======================================================================
  Server: http://localhost:8082/player.html?mpd=http://localhost:8082/manifest.mpd
======================================================================

[TRACE] Loaded 158 entries with bandwidth
[BROWSER] Launching headless Chromium...
[BROWSER] Waiting for playback to start...
   Startup delay: 186ms

[PLAYBACK] Collecting metrics...
   t=10s | buffer: 0.7s | bitrate: 3000 kbps | tp: 0 kbps | trace_bw: 4721 kbps
   t=20s | buffer: 0.6s | bitrate: 1500 kbps | tp: 0 kbps | trace_bw: 2891 kbps
   t=31s | buffer: 2.3s | bitrate: 1500 kbps | tp: 0 kbps | trace_bw: 4019 kbps
   t=41s | buffer: 2.2s | bitrate: 1500 kbps | tp: 0 kbps | trace_bw: 4613 kbps
   t=51s | buffer: 0.1s | bitrate: 100 kbps | tp: 0 kbps | trace_bw: 4665 kbps
   t=61s | buffer: 2.1s | bitrate: 1500 kbps | tp: 0 kbps | trace_bw: 4712 kbps
   t=72s | buffer: 1.8s | bitrate: 1500 kbps | tp: 0 kbps | trace_bw: 4554 kbps
   t=82s | buffer: 0.1s | bitrate: 100 kbps | tp: 0 kbps | trace_bw: 4510 kbps
   t=92s | buffer: 2.0s | bitrate: 1500 kbps | tp: 0 kbps | trace_bw: 4619 kbps
   t=102s | buffer: 0.1s | bitrate: 1500 kbps | tp: 0 kbps | trace_bw: 4347 kbps
   t=113s | buffer: 2.4s | bitrate: 400 kbps | tp: 0 kbps | trace_bw: 3933 kbps

======================================================================
  BENCHMARK RESULTS (LLDASH-GPAC / dash.js / BOLA)
======================================================================

  [TIMING]
      Startup delay:     186 ms
      Playback time:     111.3 s

  [BITRATE]
      Average (selected):  1,613 kbps
      Average (effective): 1,492 kbps
      Min / Max:           100 / 4,500 kbps
      Median:              1,500 kbps
      Std deviation:       1,022.1 kbps
      Variance:            1,044,612.5
      25th/75th %ile:      800 / 2,000 kbps

  [SWITCHES]
      Total count:       22
      Up / Down:         12 / 10
      Avg magnitude:     868 kbps

  [REBUFFERING]
      Events:            10
      Total time:        9,032 ms
      Ratio:             7.5054%
      Frequency:         5.390 per minute
      Avg duration:      903 ms
      Max duration:      6,935 ms

  [THROUGHPUT]
      Average:           0 kbps
      Median:            0 kbps
      Min / Max:         0 / 0 kbps
      Std deviation:     0.0 kbps

  [AVAILABLE BW (trace)]
      Average:           4,334 kbps
      Min / Max:         72 / 4,967 kbps

  [BUFFER]
      Average level:     1.7 s
      Min / Max:         0.1 / 3.4 s

  [UTILIZATION]
      Bandwidth:         35.8%

======================================================================

[SAVED] results/run_all_20260607_000000/lldash-gpac_puffer/benchmark_lldash-gpac_puffer_142_fox_tc_20260608_024700.json

──────────────────────────────────────────────────────────────────────
  [144/150] puffer_143_fox_tc.csv
──────────────────────────────────────────────────────────────────────
[TRACE] puffer_143_fox_tc.csv
[LLDASH-GPAC] Trace file ready; gpac_server uses in-process bandwidth pacing.

======================================================================
  LLDASH-GPAC Streaming QoE Benchmark (dash.js / BOLA)
======================================================================
  Server: http://localhost:8082/player.html?mpd=http://localhost:8082/manifest.mpd
======================================================================

[TRACE] Loaded 117 entries with bandwidth
[BROWSER] Launching headless Chromium...
[BROWSER] Waiting for playback to start...
   Startup delay: 181ms

[PLAYBACK] Collecting metrics...
   t=10s | buffer: 2.1s | bitrate: 100 kbps | tp: 0 kbps | trace_bw: 8725 kbps
   t=20s | buffer: 1.7s | bitrate: 2000 kbps | tp: 0 kbps | trace_bw: 6689 kbps
   t=31s | buffer: 3.1s | bitrate: 1500 kbps | tp: 0 kbps | trace_bw: 7757 kbps
   t=41s | buffer: 2.7s | bitrate: 1500 kbps | tp: 0 kbps | trace_bw: 4134 kbps
   t=51s | buffer: 1.8s | bitrate: 1500 kbps | tp: 0 kbps | trace_bw: 8502 kbps
   t=61s | buffer: 2.8s | bitrate: 800 kbps | tp: 0 kbps | trace_bw: 1223 kbps
   t=72s | buffer: 1.7s | bitrate: 400 kbps | tp: 0 kbps | trace_bw: 526 kbps
   t=82s | buffer: 1.7s | bitrate: 100 kbps | tp: 0 kbps | trace_bw: 526 kbps
   t=92s | buffer: 0.1s | bitrate: 200 kbps | tp: 0 kbps | trace_bw: 36 kbps
   t=102s | buffer: 0.1s | bitrate: 100 kbps | tp: 0 kbps | trace_bw: 23 kbps
   t=113s | buffer: 0.4s | bitrate: 100 kbps | tp: 0 kbps | trace_bw: 50 kbps

======================================================================
  BENCHMARK RESULTS (LLDASH-GPAC / dash.js / BOLA)
======================================================================

  [TIMING]
      Startup delay:     181 ms
      Playback time:     80.1 s

  [BITRATE]
      Average (selected):  1,480 kbps
      Average (effective): 986 kbps
      Min / Max:           100 / 4,500 kbps
      Median:              1,500 kbps
      Std deviation:       1,089.3 kbps
      Variance:            1,186,600.0
      25th/75th %ile:      600 / 2,000 kbps

  [SWITCHES]
      Total count:       19
      Up / Down:         6 / 13
      Avg magnitude:     705 kbps

  [REBUFFERING]
      Events:            17
      Total time:        40,172 ms
      Ratio:             33.3949%
      Frequency:         12.731 per minute
      Avg duration:      2,363 ms
      Max duration:      27,236 ms

  [THROUGHPUT]
      Average:           0 kbps
      Median:            0 kbps
      Min / Max:         0 / 0 kbps
      Std deviation:     0.0 kbps

  [AVAILABLE BW (trace)]
      Average:           2,908 kbps
      Min / Max:         23 / 9,383 kbps

  [BUFFER]
      Average level:     1.2 s
      Min / Max:         0.1 / 3.4 s

  [UTILIZATION]
      Bandwidth:         180.5%

======================================================================

[SAVED] results/run_all_20260607_000000/lldash-gpac_puffer/benchmark_lldash-gpac_puffer_143_fox_tc_20260608_024904.json

──────────────────────────────────────────────────────────────────────
  [145/150] puffer_144_fox_tc.csv
──────────────────────────────────────────────────────────────────────
[TRACE] puffer_144_fox_tc.csv
[LLDASH-GPAC] Trace file ready; gpac_server uses in-process bandwidth pacing.

======================================================================
  LLDASH-GPAC Streaming QoE Benchmark (dash.js / BOLA)
======================================================================
  Server: http://localhost:8082/player.html?mpd=http://localhost:8082/manifest.mpd
======================================================================

[TRACE] Loaded 157 entries with bandwidth
[BROWSER] Launching headless Chromium...
[BROWSER] Waiting for playback to start...
   Startup delay: 1455ms

[PLAYBACK] Collecting metrics...
   t=10s | buffer: 1.9s | bitrate: 100 kbps | tp: 0 kbps | trace_bw: 699 kbps
   t=20s | buffer: 1.8s | bitrate: 800 kbps | tp: 0 kbps | trace_bw: 5325 kbps
   t=31s | buffer: 1.3s | bitrate: 1500 kbps | tp: 0 kbps | trace_bw: 887 kbps
   t=41s | buffer: 2.7s | bitrate: 1200 kbps | tp: 0 kbps | trace_bw: 5594 kbps
   t=51s | buffer: 0.6s | bitrate: 1200 kbps | tp: 0 kbps | trace_bw: 45 kbps
   t=61s | buffer: 0.1s | bitrate: 1200 kbps | tp: 0 kbps | trace_bw: 5475 kbps
   t=72s | buffer: 2.0s | bitrate: 1200 kbps | tp: 0 kbps | trace_bw: 319 kbps
   t=82s | buffer: 1.8s | bitrate: 100 kbps | tp: 0 kbps | trace_bw: 5205 kbps
   t=92s | buffer: 3.6s | bitrate: 100 kbps | tp: 0 kbps | trace_bw: 825 kbps
   t=102s | buffer: 3.4s | bitrate: 200 kbps | tp: 0 kbps | trace_bw: 763 kbps
   t=113s | buffer: 3.3s | bitrate: 200 kbps | tp: 0 kbps | trace_bw: 5583 kbps

======================================================================
  BENCHMARK RESULTS (LLDASH-GPAC / dash.js / BOLA)
======================================================================

  [TIMING]
      Startup delay:     1,455 ms
      Playback time:     96.6 s

  [BITRATE]
      Average (selected):  811 kbps
      Average (effective): 645 kbps
      Min / Max:           100 / 2,000 kbps
      Median:              800 kbps
      Std deviation:       620.8 kbps
      Variance:            385,432.1
      25th/75th %ile:      200 / 1,200 kbps

  [SWITCHES]
      Total count:       8
      Up / Down:         5 / 3
      Avg magnitude:     588 kbps

  [REBUFFERING]
      Events:            5
      Total time:        24,914 ms
      Ratio:             20.4992%
      Frequency:         3.105 per minute
      Avg duration:      4,983 ms
      Max duration:      20,012 ms

  [THROUGHPUT]
      Average:           0 kbps
      Median:            0 kbps
      Min / Max:         0 / 0 kbps
      Std deviation:     0.0 kbps

  [AVAILABLE BW (trace)]
      Average:           3,618 kbps
      Min / Max:         45 / 5,697 kbps

  [BUFFER]
      Average level:     1.9 s
      Min / Max:         0.1 / 3.9 s

  [UTILIZATION]
      Bandwidth:         19.9%

======================================================================

[SAVED] results/run_all_20260607_000000/lldash-gpac_puffer/benchmark_lldash-gpac_puffer_144_fox_tc_20260608_025108.json

──────────────────────────────────────────────────────────────────────
  [146/150] puffer_145_cbs_tc.csv
──────────────────────────────────────────────────────────────────────
[TRACE] puffer_145_cbs_tc.csv
[LLDASH-GPAC] Trace file ready; gpac_server uses in-process bandwidth pacing.

======================================================================
  LLDASH-GPAC Streaming QoE Benchmark (dash.js / BOLA)
======================================================================
  Server: http://localhost:8082/player.html?mpd=http://localhost:8082/manifest.mpd
======================================================================

[TRACE] Loaded 79 entries with bandwidth
[BROWSER] Launching headless Chromium...
[BROWSER] Waiting for playback to start...
   Startup delay: 816ms

[PLAYBACK] Collecting metrics...
   t=10s | buffer: 2.0s | bitrate: 1500 kbps | tp: 0 kbps | trace_bw: 4407 kbps
   t=20s | buffer: 1.9s | bitrate: 1500 kbps | tp: 0 kbps | trace_bw: 2482 kbps
   t=31s | buffer: 1.9s | bitrate: 1500 kbps | tp: 0 kbps | trace_bw: 3664 kbps
   t=41s | buffer: 1.5s | bitrate: 1200 kbps | tp: 0 kbps | trace_bw: 3621 kbps
   t=51s | buffer: 3.2s | bitrate: 1200 kbps | tp: 0 kbps | trace_bw: 4947 kbps
   t=61s | buffer: 1.1s | bitrate: 2000 kbps | tp: 0 kbps | trace_bw: 4764 kbps
   t=72s | buffer: 2.9s | bitrate: 1500 kbps | tp: 0 kbps | trace_bw: 5435 kbps
   t=82s | buffer: 2.6s | bitrate: 1500 kbps | tp: 0 kbps | trace_bw: 4813 kbps
   t=92s | buffer: 2.5s | bitrate: 1500 kbps | tp: 0 kbps | trace_bw: 4752 kbps
   t=102s | buffer: 2.2s | bitrate: 1500 kbps | tp: 0 kbps | trace_bw: 10241 kbps
   t=112s | buffer: 2.1s | bitrate: 1500 kbps | tp: 0 kbps | trace_bw: 7011 kbps

======================================================================
  BENCHMARK RESULTS (LLDASH-GPAC / dash.js / BOLA)
======================================================================

  [TIMING]
      Startup delay:     816 ms
      Playback time:     119.8 s

  [BITRATE]
      Average (selected):  1,833 kbps
      Average (effective): 1,817 kbps
      Min / Max:           800 / 3,000 kbps
      Median:              2,000 kbps
      Std deviation:       628.9 kbps
      Variance:            395,555.6
      25th/75th %ile:      1,500 / 2,000 kbps

  [SWITCHES]
      Total count:       11
      Up / Down:         5 / 6
      Avg magnitude:     800 kbps

  [REBUFFERING]
      Events:            5
      Total time:        1,077 ms
      Ratio:             0.8913%
      Frequency:         2.505 per minute
      Avg duration:      215 ms
      Max duration:      653 ms

  [THROUGHPUT]
      Average:           0 kbps
      Median:            0 kbps
      Min / Max:         0 / 0 kbps
      Std deviation:     0.0 kbps

  [AVAILABLE BW (trace)]
      Average:           4,635 kbps
      Min / Max:         182 / 10,241 kbps

  [BUFFER]
      Average level:     2.0 s
      Min / Max:         0.1 / 3.3 s

  [UTILIZATION]
      Bandwidth:         38.5%

======================================================================

[SAVED] results/run_all_20260607_000000/lldash-gpac_puffer/benchmark_lldash-gpac_puffer_145_cbs_tc_20260608_025313.json

──────────────────────────────────────────────────────────────────────
  [147/150] puffer_146_cbs_tc.csv
──────────────────────────────────────────────────────────────────────
[TRACE] puffer_146_cbs_tc.csv
[LLDASH-GPAC] Trace file ready; gpac_server uses in-process bandwidth pacing.

======================================================================
  LLDASH-GPAC Streaming QoE Benchmark (dash.js / BOLA)
======================================================================
  Server: http://localhost:8082/player.html?mpd=http://localhost:8082/manifest.mpd
======================================================================

[TRACE] Loaded 154 entries with bandwidth
[BROWSER] Launching headless Chromium...
[BROWSER] Waiting for playback to start...
   Startup delay: 324ms

[PLAYBACK] Collecting metrics...
   t=10s | buffer: 1.3s | bitrate: 3000 kbps | tp: 0 kbps | trace_bw: 3956 kbps
   t=20s | buffer: 1.4s | bitrate: 2000 kbps | tp: 0 kbps | trace_bw: 4055 kbps
   t=31s | buffer: 1.0s | bitrate: 2000 kbps | tp: 0 kbps | trace_bw: 6701 kbps
   t=41s | buffer: 2.9s | bitrate: 2000 kbps | tp: 0 kbps | trace_bw: 8949 kbps
   t=51s | buffer: 0.6s | bitrate: 2000 kbps | tp: 0 kbps | trace_bw: 4578 kbps
   t=61s | buffer: 2.5s | bitrate: 2000 kbps | tp: 0 kbps | trace_bw: 7019 kbps
   t=72s | buffer: 2.0s | bitrate: 1200 kbps | tp: 0 kbps | trace_bw: 3297 kbps
   t=82s | buffer: 1.2s | bitrate: 1200 kbps | tp: 0 kbps | trace_bw: 5247 kbps
   t=92s | buffer: 3.0s | bitrate: 800 kbps | tp: 0 kbps | trace_bw: 4470 kbps
   t=102s | buffer: 0.6s | bitrate: 800 kbps | tp: 0 kbps | trace_bw: 918 kbps
   t=113s | buffer: 1.5s | bitrate: 600 kbps | tp: 0 kbps | trace_bw: 3330 kbps

======================================================================
  BENCHMARK RESULTS (LLDASH-GPAC / dash.js / BOLA)
======================================================================

  [TIMING]
      Startup delay:     324 ms
      Playback time:     112.2 s

  [BITRATE]
      Average (selected):  1,487 kbps
      Average (effective): 1,386 kbps
      Min / Max:           100 / 4,500 kbps
      Median:              1,200 kbps
      Std deviation:       1,260.9 kbps
      Variance:            1,589,829.9
      25th/75th %ile:      400 / 2,000 kbps

  [SWITCHES]
      Total count:       22
      Up / Down:         11 / 11
      Avg magnitude:     1,300 kbps

  [REBUFFERING]
      Events:            10
      Total time:        8,139 ms
      Ratio:             6.7614%
      Frequency:         5.346 per minute
      Avg duration:      814 ms
      Max duration:      1,888 ms

  [THROUGHPUT]
      Average:           0 kbps
      Median:            0 kbps
      Min / Max:         0 / 0 kbps
      Std deviation:     0.0 kbps

  [AVAILABLE BW (trace)]
      Average:           5,217 kbps
      Min / Max:         396 / 9,216 kbps

  [BUFFER]
      Average level:     1.8 s
      Min / Max:         0.1 / 3.4 s

  [UTILIZATION]
      Bandwidth:         28.3%

======================================================================

[SAVED] results/run_all_20260607_000000/lldash-gpac_puffer/benchmark_lldash-gpac_puffer_146_cbs_tc_20260608_025517.json

──────────────────────────────────────────────────────────────────────
  [148/150] puffer_147_cbs_tc.csv
──────────────────────────────────────────────────────────────────────
[TRACE] puffer_147_cbs_tc.csv
[LLDASH-GPAC] Trace file ready; gpac_server uses in-process bandwidth pacing.

======================================================================
  LLDASH-GPAC Streaming QoE Benchmark (dash.js / BOLA)
======================================================================
  Server: http://localhost:8082/player.html?mpd=http://localhost:8082/manifest.mpd
======================================================================

[TRACE] Loaded 158 entries with bandwidth
[BROWSER] Launching headless Chromium...
[BROWSER] Waiting for playback to start...
   Startup delay: 266ms

[PLAYBACK] Collecting metrics...
   t=10s | buffer: 2.3s | bitrate: 1500 kbps | tp: 0 kbps | trace_bw: 7979 kbps
   t=21s | buffer: 2.2s | bitrate: 1500 kbps | tp: 0 kbps | trace_bw: 4484 kbps
   t=31s | buffer: 2.2s | bitrate: 1200 kbps | tp: 0 kbps | trace_bw: 8193 kbps
   t=41s | buffer: 1.9s | bitrate: 1200 kbps | tp: 0 kbps | trace_bw: 3823 kbps
   t=51s | buffer: 1.8s | bitrate: 1200 kbps | tp: 0 kbps | trace_bw: 6579 kbps
   t=61s | buffer: 1.5s | bitrate: 1500 kbps | tp: 0 kbps | trace_bw: 5181 kbps
   t=72s | buffer: 1.1s | bitrate: 1500 kbps | tp: 0 kbps | trace_bw: 5073 kbps
   t=82s | buffer: 0.3s | bitrate: 2000 kbps | tp: 0 kbps | trace_bw: 5481 kbps
   t=92s | buffer: 2.5s | bitrate: 1500 kbps | tp: 0 kbps | trace_bw: 7784 kbps
   t=102s | buffer: 2.1s | bitrate: 1500 kbps | tp: 0 kbps | trace_bw: 3130 kbps
   t=113s | buffer: 2.0s | bitrate: 1500 kbps | tp: 0 kbps | trace_bw: 3239 kbps

======================================================================
  BENCHMARK RESULTS (LLDASH-GPAC / dash.js / BOLA)
======================================================================

  [TIMING]
      Startup delay:     266 ms
      Playback time:     117.9 s

  [BITRATE]
      Average (selected):  1,747 kbps
      Average (effective): 1,710 kbps
      Min / Max:           600 / 3,000 kbps
      Median:              1,500 kbps
      Std deviation:       596.2 kbps
      Variance:            355,432.5
      25th/75th %ile:      1,500 / 2,000 kbps

  [SWITCHES]
      Total count:       16
      Up / Down:         7 / 9
      Avg magnitude:     794 kbps

  [REBUFFERING]
      Events:            7
      Total time:        2,586 ms
      Ratio:             2.1466%
      Frequency:         3.563 per minute
      Avg duration:      370 ms
      Max duration:      1,398 ms

  [THROUGHPUT]
      Average:           0 kbps
      Median:            0 kbps
      Min / Max:         0 / 0 kbps
      Std deviation:     0.0 kbps

  [AVAILABLE BW (trace)]
      Average:           4,932 kbps
      Min / Max:         1,054 / 9,930 kbps

  [BUFFER]
      Average level:     1.9 s
      Min / Max:         0.1 / 3.4 s

  [UTILIZATION]
      Bandwidth:         39.0%

======================================================================

[SAVED] results/run_all_20260607_000000/lldash-gpac_puffer/benchmark_lldash-gpac_puffer_147_cbs_tc_20260608_025721.json

──────────────────────────────────────────────────────────────────────
  [149/150] puffer_148_fox_tc.csv
──────────────────────────────────────────────────────────────────────
[TRACE] puffer_148_fox_tc.csv
[LLDASH-GPAC] Trace file ready; gpac_server uses in-process bandwidth pacing.

======================================================================
  LLDASH-GPAC Streaming QoE Benchmark (dash.js / BOLA)
======================================================================
  Server: http://localhost:8082/player.html?mpd=http://localhost:8082/manifest.mpd
======================================================================

[TRACE] Loaded 157 entries with bandwidth
[BROWSER] Launching headless Chromium...
[BROWSER] Waiting for playback to start...
   Startup delay: 215ms

[PLAYBACK] Collecting metrics...
   t=10s | buffer: 0.1s | bitrate: 4500 kbps | tp: 0 kbps | trace_bw: 4598 kbps
   t=21s | buffer: 0.1s | bitrate: 4500 kbps | tp: 0 kbps | trace_bw: 5469 kbps
   t=31s | buffer: 3.0s | bitrate: 100 kbps | tp: 0 kbps | trace_bw: 4789 kbps
   t=41s | buffer: 2.6s | bitrate: 100 kbps | tp: 0 kbps | trace_bw: 6240 kbps
   t=51s | buffer: 2.5s | bitrate: 100 kbps | tp: 0 kbps | trace_bw: 2590 kbps
   t=61s | buffer: 2.1s | bitrate: 100 kbps | tp: 0 kbps | trace_bw: 2211 kbps
   t=72s | buffer: 1.8s | bitrate: 100 kbps | tp: 0 kbps | trace_bw: 2289 kbps
   t=82s | buffer: 1.7s | bitrate: 400 kbps | tp: 0 kbps | trace_bw: 4704 kbps
   t=92s | buffer: 1.3s | bitrate: 600 kbps | tp: 0 kbps | trace_bw: 4981 kbps
   t=102s | buffer: 3.2s | bitrate: 600 kbps | tp: 0 kbps | trace_bw: 7306 kbps
   t=113s | buffer: 2.9s | bitrate: 800 kbps | tp: 0 kbps | trace_bw: 3248 kbps

======================================================================
  BENCHMARK RESULTS (LLDASH-GPAC / dash.js / BOLA)
======================================================================

  [TIMING]
      Startup delay:     215 ms
      Playback time:     98.9 s

  [BITRATE]
      Average (selected):  1,114 kbps
      Average (effective): 915 kbps
      Min / Max:           100 / 4,500 kbps
      Median:              600 kbps
      Std deviation:       1,400.4 kbps
      Variance:            1,961,224.5
      25th/75th %ile:      400 / 800 kbps

  [SWITCHES]
      Total count:       6
      Up / Down:         4 / 2
      Avg magnitude:     917 kbps

  [REBUFFERING]
      Events:            2
      Total time:        21,570 ms
      Ratio:             17.9113%
      Frequency:         1.214 per minute
      Avg duration:      10,785 ms
      Max duration:      21,521 ms

  [THROUGHPUT]
      Average:           0 kbps
      Median:            0 kbps
      Min / Max:         0 / 0 kbps
      Std deviation:     0.0 kbps

  [AVAILABLE BW (trace)]
      Average:           3,966 kbps
      Min / Max:         100 / 7,306 kbps

  [BUFFER]
      Average level:     2.0 s
      Min / Max:         0.1 / 3.8 s

  [UTILIZATION]
      Bandwidth:         25.4%

======================================================================

[SAVED] results/run_all_20260607_000000/lldash-gpac_puffer/benchmark_lldash-gpac_puffer_148_fox_tc_20260608_025925.json

──────────────────────────────────────────────────────────────────────
  [150/150] puffer_149_cbs_tc.csv
──────────────────────────────────────────────────────────────────────
[TRACE] puffer_149_cbs_tc.csv
[LLDASH-GPAC] Trace file ready; gpac_server uses in-process bandwidth pacing.

======================================================================
  LLDASH-GPAC Streaming QoE Benchmark (dash.js / BOLA)
======================================================================
  Server: http://localhost:8082/player.html?mpd=http://localhost:8082/manifest.mpd
======================================================================

[TRACE] Loaded 128 entries with bandwidth
[BROWSER] Launching headless Chromium...
[BROWSER] Waiting for playback to start...
   Startup delay: 5200ms

[PLAYBACK] Collecting metrics...
   t=10s | buffer: 2.8s | bitrate: 100 kbps | tp: 0 kbps | trace_bw: 199 kbps
   t=20s | buffer: 2.4s | bitrate: 100 kbps | tp: 0 kbps | trace_bw: 7267 kbps
   t=31s | buffer: 2.3s | bitrate: 400 kbps | tp: 0 kbps | trace_bw: 8507 kbps
   t=41s | buffer: 1.9s | bitrate: 800 kbps | tp: 0 kbps | trace_bw: 2493 kbps
   t=51s | buffer: 0.1s | bitrate: 800 kbps | tp: 0 kbps | trace_bw: 6364 kbps
   t=61s | buffer: 2.1s | bitrate: 1500 kbps | tp: 0 kbps | trace_bw: 6076 kbps
   t=72s | buffer: 2.0s | bitrate: 1500 kbps | tp: 0 kbps | trace_bw: 7077 kbps
   t=82s | buffer: 0.1s | bitrate: 1500 kbps | tp: 0 kbps | trace_bw: 7077 kbps
   t=92s | buffer: 1.8s | bitrate: 1200 kbps | tp: 0 kbps | trace_bw: 7320 kbps
   t=102s | buffer: 1.7s | bitrate: 2000 kbps | tp: 0 kbps | trace_bw: 1631 kbps
   t=112s | buffer: 1.4s | bitrate: 1500 kbps | tp: 0 kbps | trace_bw: 6480 kbps

======================================================================
  BENCHMARK RESULTS (LLDASH-GPAC / dash.js / BOLA)
======================================================================

  [TIMING]
      Startup delay:     5,200 ms
      Playback time:     112.4 s

  [BITRATE]
      Average (selected):  789 kbps
      Average (effective): 708 kbps
      Min / Max:           100 / 1,500 kbps
      Median:              800 kbps
      Std deviation:       493.2 kbps
      Variance:            243,209.9
      25th/75th %ile:      400 / 1,200 kbps

  [SWITCHES]
      Total count:       8
      Up / Down:         7 / 1
      Avg magnitude:     350 kbps

  [REBUFFERING]
      Events:            4
      Total time:        12,816 ms
      Ratio:             10.2351%
      Frequency:         2.135 per minute
      Avg duration:      3,204 ms
      Max duration:      5,044 ms

  [THROUGHPUT]
      Average:           0 kbps
      Median:            0 kbps
      Min / Max:         0 / 0 kbps
      Std deviation:     0.0 kbps

  [AVAILABLE BW (trace)]
      Average:           5,672 kbps
      Min / Max:         34 / 9,104 kbps

  [BUFFER]
      Average level:     2.1 s
      Min / Max:         0.1 / 3.6 s

  [UTILIZATION]
      Bandwidth:         11.6%

======================================================================

[SAVED] results/run_all_20260607_000000/lldash-gpac_puffer/benchmark_lldash-gpac_puffer_149_cbs_tc_20260608_030129.json

======================================================================
  BATCH COMPLETE: 150/150 succeeded
  Results saved to: results/run_all_20260607_000000/lldash-gpac_puffer/
======================================================================

