[SERVER] moq2: started in-process by the benchmark (no docker service).

======================================================================
  BATCH RUN: 150 trace(s) from traces/fcc_2023
======================================================================


──────────────────────────────────────────────────────────────────────
  [1/150] fcc2023_000_unit55893185_tc.csv
──────────────────────────────────────────────────────────────────────

======================================================================
  MOQ2 Streaming QoE Benchmark (moq-dev/moq stack, WebRTC-style)
======================================================================
  Relay:   http://127.0.0.1:4446
  Trace:   traces/fcc_2023/fcc2023_000_unit55893185_tc.csv
  Mode:    sender-side measurement (no browser player)
======================================================================

   Delivered ladder: 100k, 600k, 1200k, 2000k, 3000k, 4500k
[PLAYBACK] Collecting metrics (sender-side)...
   t=4s | bitrate: 100 kbps | tp: 389 kbps | trace_bw: 389 kbps
   t=16s | bitrate: 100 kbps | tp: 325 kbps | trace_bw: 325 kbps
   t=28s | bitrate: 600 kbps | tp: 1210 kbps | trace_bw: 1210 kbps
   t=40s | bitrate: 100 kbps | tp: 359 kbps | trace_bw: 359 kbps
   t=52s | bitrate: 100 kbps | tp: 377 kbps | trace_bw: 377 kbps
   t=64s | bitrate: 600 kbps | tp: 1103 kbps | trace_bw: 1103 kbps
   t=76s | bitrate: 600 kbps | tp: 699 kbps | trace_bw: 699 kbps
   t=88s | bitrate: 100 kbps | tp: 533 kbps | trace_bw: 533 kbps
   t=100s | bitrate: 100 kbps | tp: 655 kbps | trace_bw: 655 kbps
   t=112s | bitrate: 600 kbps | tp: 1086 kbps | trace_bw: 1086 kbps

======================================================================
  BENCHMARK RESULTS (MOQ2 / moq-dev official stack)
======================================================================

  [TIMING]
      Startup delay:     1,045 ms
      Playback time:     120.0 s

  [BITRATE]
      Average (selected):  300 kbps
      Average (effective): 294 kbps

  [REBUFFERING]
      Events:            1
      Total time:        2,526 ms
      Ratio:             2.0615%

  [THROUGHPUT]
      Average:           681 kbps

  [ADAPTATION]
      Target latency:    3,000 ms
      Avg live latency:  0 ms
      Quality switches:  6 (↑3 / ↓3)
      Dropped fragments: 0

  [AVAILABLE BW (trace)]
      Average:           681 kbps

======================================================================

[SAVED] results/run_all_20260607_000000/moq2_fcc_2023/benchmark_moq2_fcc2023_000_unit55893185_tc_20260608_112857.json

──────────────────────────────────────────────────────────────────────
  [2/150] fcc2023_001_unit40468013_tc.csv
──────────────────────────────────────────────────────────────────────

======================================================================
  MOQ2 Streaming QoE Benchmark (moq-dev/moq stack, WebRTC-style)
======================================================================
  Relay:   http://127.0.0.1:4446
  Trace:   traces/fcc_2023/fcc2023_001_unit40468013_tc.csv
  Mode:    sender-side measurement (no browser player)
======================================================================

   Delivered ladder: 100k, 600k, 1200k, 2000k, 3000k, 4500k
[PLAYBACK] Collecting metrics (sender-side)...
   t=4s | bitrate: 600 kbps | tp: 1288 kbps | trace_bw: 1288 kbps
   t=16s | bitrate: 1200 kbps | tp: 1578 kbps | trace_bw: 1578 kbps
   t=28s | bitrate: 1200 kbps | tp: 1509 kbps | trace_bw: 1509 kbps
   t=40s | bitrate: 1200 kbps | tp: 1357 kbps | trace_bw: 1357 kbps
   t=52s | bitrate: 600 kbps | tp: 1105 kbps | trace_bw: 1105 kbps
   t=64s | bitrate: 600 kbps | tp: 1246 kbps | trace_bw: 1246 kbps
   t=76s | bitrate: 1200 kbps | tp: 1574 kbps | trace_bw: 1574 kbps
   t=88s | bitrate: 600 kbps | tp: 1273 kbps | trace_bw: 1273 kbps
   t=100s | bitrate: 1200 kbps | tp: 1376 kbps | trace_bw: 1376 kbps
   t=112s | bitrate: 600 kbps | tp: 1307 kbps | trace_bw: 1307 kbps

======================================================================
  BENCHMARK RESULTS (MOQ2 / moq-dev official stack)
======================================================================

  [TIMING]
      Startup delay:     2,282 ms
      Playback time:     120.0 s

  [BITRATE]
      Average (selected):  840 kbps
      Average (effective): 833 kbps

  [REBUFFERING]
      Events:            2
      Total time:        1,020 ms
      Ratio:             0.8424%

  [THROUGHPUT]
      Average:           1,309 kbps

  [ADAPTATION]
      Target latency:    3,000 ms
      Avg live latency:  0 ms
      Quality switches:  10 (↑5 / ↓5)
      Dropped fragments: 0

  [AVAILABLE BW (trace)]
      Average:           1,309 kbps

======================================================================

[SAVED] results/run_all_20260607_000000/moq2_fcc_2023/benchmark_moq2_fcc2023_001_unit40468013_tc_20260608_112946.json

──────────────────────────────────────────────────────────────────────
  [3/150] fcc2023_002_unit3952689_tc.csv
──────────────────────────────────────────────────────────────────────

======================================================================
  MOQ2 Streaming QoE Benchmark (moq-dev/moq stack, WebRTC-style)
======================================================================
  Relay:   http://127.0.0.1:4446
  Trace:   traces/fcc_2023/fcc2023_002_unit3952689_tc.csv
  Mode:    sender-side measurement (no browser player)
======================================================================

   Delivered ladder: 100k, 600k, 1200k, 2000k, 3000k, 4500k
[PLAYBACK] Collecting metrics (sender-side)...
   t=4s | bitrate: 2000 kbps | tp: 2239 kbps | trace_bw: 2239 kbps
   t=16s | bitrate: 1200 kbps | tp: 1873 kbps | trace_bw: 1873 kbps
   t=28s | bitrate: 4500 kbps | tp: 18343 kbps | trace_bw: 18343 kbps
   t=40s | bitrate: 600 kbps | tp: 1253 kbps | trace_bw: 1253 kbps
   t=52s | bitrate: 4500 kbps | tp: 8517 kbps | trace_bw: 8517 kbps
   t=64s | bitrate: 4500 kbps | tp: 13879 kbps | trace_bw: 13879 kbps
   t=76s | bitrate: 2000 kbps | tp: 2998 kbps | trace_bw: 2998 kbps
   t=88s | bitrate: 4500 kbps | tp: 11249 kbps | trace_bw: 11249 kbps
   t=100s | bitrate: 4500 kbps | tp: 11676 kbps | trace_bw: 11676 kbps
   t=112s | bitrate: 3000 kbps | tp: 4674 kbps | trace_bw: 4674 kbps

======================================================================
  BENCHMARK RESULTS (MOQ2 / moq-dev official stack)
======================================================================

  [TIMING]
      Startup delay:     5,072 ms
      Playback time:     120.0 s

  [BITRATE]
      Average (selected):  3,417 kbps
      Average (effective): 3,331 kbps

  [REBUFFERING]
      Events:            2
      Total time:        3,077 ms
      Ratio:             2.5004%

  [THROUGHPUT]
      Average:           11,285 kbps

  [ADAPTATION]
      Target latency:    3,000 ms
      Avg live latency:  0 ms
      Quality switches:  12 (↑7 / ↓5)
      Dropped fragments: 0

  [AVAILABLE BW (trace)]
      Average:           11,285 kbps

======================================================================

[SAVED] results/run_all_20260607_000000/moq2_fcc_2023/benchmark_moq2_fcc2023_002_unit3952689_tc_20260608_113101.json

──────────────────────────────────────────────────────────────────────
  [4/150] fcc2023_003_unit999847_tc.csv
──────────────────────────────────────────────────────────────────────

======================================================================
  MOQ2 Streaming QoE Benchmark (moq-dev/moq stack, WebRTC-style)
======================================================================
  Relay:   http://127.0.0.1:4446
  Trace:   traces/fcc_2023/fcc2023_003_unit999847_tc.csv
  Mode:    sender-side measurement (no browser player)
======================================================================

   Delivered ladder: 100k, 600k, 1200k, 2000k, 3000k, 4500k
[PLAYBACK] Collecting metrics (sender-side)...
   t=4s | bitrate: 2000 kbps | tp: 2448 kbps | trace_bw: 2448 kbps
   t=16s | bitrate: 1200 kbps | tp: 2042 kbps | trace_bw: 2042 kbps
   t=28s | bitrate: 2000 kbps | tp: 2373 kbps | trace_bw: 2373 kbps
   t=40s | bitrate: 2000 kbps | tp: 2616 kbps | trace_bw: 2616 kbps
   t=52s | bitrate: 2000 kbps | tp: 2924 kbps | trace_bw: 2924 kbps
   t=64s | bitrate: 2000 kbps | tp: 2749 kbps | trace_bw: 2749 kbps
   t=76s | bitrate: 2000 kbps | tp: 2975 kbps | trace_bw: 2975 kbps
   t=88s | bitrate: 2000 kbps | tp: 2814 kbps | trace_bw: 2814 kbps
   t=100s | bitrate: 2000 kbps | tp: 2975 kbps | trace_bw: 2975 kbps
   t=112s | bitrate: 2000 kbps | tp: 2919 kbps | trace_bw: 2919 kbps

======================================================================
  BENCHMARK RESULTS (MOQ2 / moq-dev official stack)
======================================================================

  [TIMING]
      Startup delay:     4,639 ms
      Playback time:     120.0 s

  [BITRATE]
      Average (selected):  1,947 kbps
      Average (effective): 1,885 kbps

  [REBUFFERING]
      Events:            5
      Total time:        3,923 ms
      Ratio:             3.1658%

  [THROUGHPUT]
      Average:           2,703 kbps

  [ADAPTATION]
      Target latency:    3,000 ms
      Avg live latency:  0 ms
      Quality switches:  4 (↑2 / ↓2)
      Dropped fragments: 0

  [AVAILABLE BW (trace)]
      Average:           2,703 kbps

======================================================================

[SAVED] results/run_all_20260607_000000/moq2_fcc_2023/benchmark_moq2_fcc2023_003_unit999847_tc_20260608_113159.json

──────────────────────────────────────────────────────────────────────
  [5/150] fcc2023_004_unit1000281_tc.csv
──────────────────────────────────────────────────────────────────────

======================================================================
  MOQ2 Streaming QoE Benchmark (moq-dev/moq stack, WebRTC-style)
======================================================================
  Relay:   http://127.0.0.1:4446
  Trace:   traces/fcc_2023/fcc2023_004_unit1000281_tc.csv
  Mode:    sender-side measurement (no browser player)
======================================================================

   Delivered ladder: 100k, 600k, 1200k, 2000k, 3000k, 4500k
[PLAYBACK] Collecting metrics (sender-side)...
   t=4s | bitrate: 3000 kbps | tp: 3538 kbps | trace_bw: 3538 kbps
   t=16s | bitrate: 3000 kbps | tp: 3494 kbps | trace_bw: 3494 kbps
   t=28s | bitrate: 3000 kbps | tp: 3551 kbps | trace_bw: 3551 kbps
   t=40s | bitrate: 3000 kbps | tp: 3518 kbps | trace_bw: 3518 kbps
   t=52s | bitrate: 3000 kbps | tp: 3525 kbps | trace_bw: 3525 kbps
   t=64s | bitrate: 3000 kbps | tp: 3612 kbps | trace_bw: 3612 kbps
   t=76s | bitrate: 3000 kbps | tp: 3552 kbps | trace_bw: 3552 kbps
   t=88s | bitrate: 3000 kbps | tp: 3531 kbps | trace_bw: 3531 kbps
   t=100s | bitrate: 3000 kbps | tp: 3449 kbps | trace_bw: 3449 kbps
   t=112s | bitrate: 3000 kbps | tp: 3511 kbps | trace_bw: 3511 kbps

======================================================================
  BENCHMARK RESULTS (MOQ2 / moq-dev official stack)
======================================================================

  [TIMING]
      Startup delay:     5,527 ms
      Playback time:     120.0 s

  [BITRATE]
      Average (selected):  3,000 kbps
      Average (effective): 2,843 kbps

  [REBUFFERING]
      Events:            5
      Total time:        6,623 ms
      Ratio:             5.2306%

  [THROUGHPUT]
      Average:           3,537 kbps

  [ADAPTATION]
      Target latency:    3,000 ms
      Avg live latency:  0 ms
      Quality switches:  0 (↑0 / ↓0)
      Dropped fragments: 0

  [AVAILABLE BW (trace)]
      Average:           3,537 kbps

======================================================================

[SAVED] results/run_all_20260607_000000/moq2_fcc_2023/benchmark_moq2_fcc2023_004_unit1000281_tc_20260608_113323.json

──────────────────────────────────────────────────────────────────────
  [6/150] fcc2023_005_unit40730021_tc.csv
──────────────────────────────────────────────────────────────────────

======================================================================
  MOQ2 Streaming QoE Benchmark (moq-dev/moq stack, WebRTC-style)
======================================================================
  Relay:   http://127.0.0.1:4446
  Trace:   traces/fcc_2023/fcc2023_005_unit40730021_tc.csv
  Mode:    sender-side measurement (no browser player)
======================================================================

   Delivered ladder: 100k, 600k, 1200k, 2000k, 3000k, 4500k
[PLAYBACK] Collecting metrics (sender-side)...
   t=4s | bitrate: 3000 kbps | tp: 4369 kbps | trace_bw: 4369 kbps
   t=16s | bitrate: 3000 kbps | tp: 4401 kbps | trace_bw: 4401 kbps
   t=28s | bitrate: 3000 kbps | tp: 4402 kbps | trace_bw: 4402 kbps
   t=40s | bitrate: 3000 kbps | tp: 4404 kbps | trace_bw: 4404 kbps
   t=52s | bitrate: 3000 kbps | tp: 4390 kbps | trace_bw: 4390 kbps
   t=64s | bitrate: 3000 kbps | tp: 4403 kbps | trace_bw: 4403 kbps
   t=76s | bitrate: 3000 kbps | tp: 4401 kbps | trace_bw: 4401 kbps
   t=88s | bitrate: 3000 kbps | tp: 4406 kbps | trace_bw: 4406 kbps
   t=100s | bitrate: 3000 kbps | tp: 4407 kbps | trace_bw: 4407 kbps
   t=112s | bitrate: 3000 kbps | tp: 4405 kbps | trace_bw: 4405 kbps

======================================================================
  BENCHMARK RESULTS (MOQ2 / moq-dev official stack)
======================================================================

  [TIMING]
      Startup delay:     4,476 ms
      Playback time:     120.0 s

  [BITRATE]
      Average (selected):  2,933 kbps
      Average (effective): 2,875 kbps

  [REBUFFERING]
      Events:            3
      Total time:        2,421 ms
      Ratio:             1.9775%

  [THROUGHPUT]
      Average:           4,299 kbps

  [ADAPTATION]
      Target latency:    3,000 ms
      Avg live latency:  0 ms
      Quality switches:  2 (↑1 / ↓1)
      Dropped fragments: 0

  [AVAILABLE BW (trace)]
      Average:           4,299 kbps

======================================================================

[SAVED] results/run_all_20260607_000000/moq2_fcc_2023/benchmark_moq2_fcc2023_005_unit40730021_tc_20260608_113459.json

──────────────────────────────────────────────────────────────────────
  [7/150] fcc2023_006_unit56721773_tc.csv
──────────────────────────────────────────────────────────────────────

======================================================================
  MOQ2 Streaming QoE Benchmark (moq-dev/moq stack, WebRTC-style)
======================================================================
  Relay:   http://127.0.0.1:4446
  Trace:   traces/fcc_2023/fcc2023_006_unit56721773_tc.csv
  Mode:    sender-side measurement (no browser player)
======================================================================

   Delivered ladder: 100k, 600k, 1200k, 2000k, 3000k, 4500k
[PLAYBACK] Collecting metrics (sender-side)...
   t=4s | bitrate: 4500 kbps | tp: 5830 kbps | trace_bw: 5830 kbps
   t=16s | bitrate: 4500 kbps | tp: 5743 kbps | trace_bw: 5743 kbps
   t=28s | bitrate: 4500 kbps | tp: 5799 kbps | trace_bw: 5799 kbps
   t=40s | bitrate: 4500 kbps | tp: 6072 kbps | trace_bw: 6072 kbps
   t=52s | bitrate: 4500 kbps | tp: 6080 kbps | trace_bw: 6080 kbps
   t=64s | bitrate: 4500 kbps | tp: 5410 kbps | trace_bw: 5410 kbps
   t=76s | bitrate: 4500 kbps | tp: 6054 kbps | trace_bw: 6054 kbps
   t=88s | bitrate: 4500 kbps | tp: 6090 kbps | trace_bw: 6090 kbps
   t=100s | bitrate: 4500 kbps | tp: 5704 kbps | trace_bw: 5704 kbps
   t=112s | bitrate: 4500 kbps | tp: 5708 kbps | trace_bw: 5708 kbps

======================================================================
  BENCHMARK RESULTS (MOQ2 / moq-dev official stack)
======================================================================

  [TIMING]
      Startup delay:     5,045 ms
      Playback time:     120.0 s

  [BITRATE]
      Average (selected):  4,500 kbps
      Average (effective): 4,350 kbps

  [REBUFFERING]
      Events:            4
      Total time:        4,124 ms
      Ratio:             3.3223%

  [THROUGHPUT]
      Average:           5,856 kbps

  [ADAPTATION]
      Target latency:    3,000 ms
      Avg live latency:  0 ms
      Quality switches:  0 (↑0 / ↓0)
      Dropped fragments: 0

  [AVAILABLE BW (trace)]
      Average:           5,856 kbps

======================================================================

[SAVED] results/run_all_20260607_000000/moq2_fcc_2023/benchmark_moq2_fcc2023_006_unit56721773_tc_20260608_113620.json

──────────────────────────────────────────────────────────────────────
  [8/150] fcc2023_007_unit79803253_tc.csv
──────────────────────────────────────────────────────────────────────

======================================================================
  MOQ2 Streaming QoE Benchmark (moq-dev/moq stack, WebRTC-style)
======================================================================
  Relay:   http://127.0.0.1:4446
  Trace:   traces/fcc_2023/fcc2023_007_unit79803253_tc.csv
  Mode:    sender-side measurement (no browser player)
======================================================================

   Delivered ladder: 100k, 600k, 1200k, 2000k, 3000k, 4500k
[PLAYBACK] Collecting metrics (sender-side)...
   t=4s | bitrate: 4500 kbps | tp: 6516 kbps | trace_bw: 6516 kbps
   t=16s | bitrate: 4500 kbps | tp: 6506 kbps | trace_bw: 6506 kbps
   t=28s | bitrate: 4500 kbps | tp: 6737 kbps | trace_bw: 6737 kbps
   t=40s | bitrate: 4500 kbps | tp: 6577 kbps | trace_bw: 6577 kbps
   t=52s | bitrate: 4500 kbps | tp: 6522 kbps | trace_bw: 6522 kbps
   t=64s | bitrate: 4500 kbps | tp: 6452 kbps | trace_bw: 6452 kbps
   t=76s | bitrate: 4500 kbps | tp: 6712 kbps | trace_bw: 6712 kbps
   t=88s | bitrate: 4500 kbps | tp: 6494 kbps | trace_bw: 6494 kbps
   t=100s | bitrate: 4500 kbps | tp: 6531 kbps | trace_bw: 6531 kbps
   t=112s | bitrate: 4500 kbps | tp: 6534 kbps | trace_bw: 6534 kbps

======================================================================
  BENCHMARK RESULTS (MOQ2 / moq-dev official stack)
======================================================================

  [TIMING]
      Startup delay:     4,514 ms
      Playback time:     120.0 s

  [BITRATE]
      Average (selected):  4,450 kbps
      Average (effective): 4,364 kbps

  [REBUFFERING]
      Events:            3
      Total time:        2,360 ms
      Ratio:             1.9289%

  [THROUGHPUT]
      Average:           6,478 kbps

  [ADAPTATION]
      Target latency:    3,000 ms
      Avg live latency:  0 ms
      Quality switches:  2 (↑1 / ↓1)
      Dropped fragments: 0

  [AVAILABLE BW (trace)]
      Average:           6,478 kbps

======================================================================

[SAVED] results/run_all_20260607_000000/moq2_fcc_2023/benchmark_moq2_fcc2023_007_unit79803253_tc_20260608_113748.json

──────────────────────────────────────────────────────────────────────
  [9/150] fcc2023_008_unit80307545_tc.csv
──────────────────────────────────────────────────────────────────────

======================================================================
  MOQ2 Streaming QoE Benchmark (moq-dev/moq stack, WebRTC-style)
======================================================================
  Relay:   http://127.0.0.1:4446
  Trace:   traces/fcc_2023/fcc2023_008_unit80307545_tc.csv
  Mode:    sender-side measurement (no browser player)
======================================================================

   Delivered ladder: 100k, 600k, 1200k, 2000k, 3000k, 4500k
[PLAYBACK] Collecting metrics (sender-side)...
   t=4s | bitrate: 4500 kbps | tp: 8668 kbps | trace_bw: 8668 kbps
   t=16s | bitrate: 4500 kbps | tp: 6747 kbps | trace_bw: 6747 kbps
   t=28s | bitrate: 4500 kbps | tp: 10070 kbps | trace_bw: 10070 kbps
   t=40s | bitrate: 4500 kbps | tp: 7399 kbps | trace_bw: 7399 kbps
   t=52s | bitrate: 4500 kbps | tp: 9898 kbps | trace_bw: 9898 kbps
   t=64s | bitrate: 4500 kbps | tp: 6815 kbps | trace_bw: 6815 kbps
   t=76s | bitrate: 4500 kbps | tp: 10188 kbps | trace_bw: 10188 kbps
   t=88s | bitrate: 4500 kbps | tp: 8489 kbps | trace_bw: 8489 kbps
   t=100s | bitrate: 4500 kbps | tp: 6925 kbps | trace_bw: 6925 kbps
   t=112s | bitrate: 4500 kbps | tp: 7978 kbps | trace_bw: 7978 kbps

======================================================================
  BENCHMARK RESULTS (MOQ2 / moq-dev official stack)
======================================================================

  [TIMING]
      Startup delay:     3,393 ms
      Playback time:     120.0 s

  [BITRATE]
      Average (selected):  4,450 kbps
      Average (effective): 4,450 kbps

  [REBUFFERING]
      Events:            0
      Total time:        0 ms
      Ratio:             0.0000%

  [THROUGHPUT]
      Average:           8,465 kbps

  [ADAPTATION]
      Target latency:    3,000 ms
      Avg live latency:  0 ms
      Quality switches:  2 (↑1 / ↓1)
      Dropped fragments: 0

  [AVAILABLE BW (trace)]
      Average:           8,465 kbps

======================================================================

[SAVED] results/run_all_20260607_000000/moq2_fcc_2023/benchmark_moq2_fcc2023_008_unit80307545_tc_20260608_113909.json

──────────────────────────────────────────────────────────────────────
  [10/150] fcc2023_009_unit80307697_tc.csv
──────────────────────────────────────────────────────────────────────

======================================================================
  MOQ2 Streaming QoE Benchmark (moq-dev/moq stack, WebRTC-style)
======================================================================
  Relay:   http://127.0.0.1:4446
  Trace:   traces/fcc_2023/fcc2023_009_unit80307697_tc.csv
  Mode:    sender-side measurement (no browser player)
======================================================================

   Delivered ladder: 100k, 600k, 1200k, 2000k, 3000k, 4500k
[PLAYBACK] Collecting metrics (sender-side)...
   t=4s | bitrate: 4500 kbps | tp: 9148 kbps | trace_bw: 9148 kbps
   t=16s | bitrate: 4500 kbps | tp: 9414 kbps | trace_bw: 9414 kbps
   t=28s | bitrate: 4500 kbps | tp: 9537 kbps | trace_bw: 9537 kbps
   t=40s | bitrate: 4500 kbps | tp: 9594 kbps | trace_bw: 9594 kbps
   t=52s | bitrate: 4500 kbps | tp: 9967 kbps | trace_bw: 9967 kbps
   t=64s | bitrate: 4500 kbps | tp: 9490 kbps | trace_bw: 9490 kbps
   t=76s | bitrate: 4500 kbps | tp: 9888 kbps | trace_bw: 9888 kbps
   t=88s | bitrate: 4500 kbps | tp: 7665 kbps | trace_bw: 7665 kbps
   t=100s | bitrate: 4500 kbps | tp: 7274 kbps | trace_bw: 7274 kbps
   t=112s | bitrate: 4500 kbps | tp: 8575 kbps | trace_bw: 8575 kbps

======================================================================
  BENCHMARK RESULTS (MOQ2 / moq-dev official stack)
======================================================================

  [TIMING]
      Startup delay:     3,215 ms
      Playback time:     120.0 s

  [BITRATE]
      Average (selected):  4,500 kbps
      Average (effective): 4,500 kbps

  [REBUFFERING]
      Events:            0
      Total time:        0 ms
      Ratio:             0.0000%

  [THROUGHPUT]
      Average:           9,120 kbps

  [ADAPTATION]
      Target latency:    3,000 ms
      Avg live latency:  0 ms
      Quality switches:  0 (↑0 / ↓0)
      Dropped fragments: 0

  [AVAILABLE BW (trace)]
      Average:           9,120 kbps

======================================================================

[SAVED] results/run_all_20260607_000000/moq2_fcc_2023/benchmark_moq2_fcc2023_009_unit80307697_tc_20260608_114014.json

──────────────────────────────────────────────────────────────────────
  [11/150] fcc2023_010_unit13339_tc.csv
──────────────────────────────────────────────────────────────────────

======================================================================
  MOQ2 Streaming QoE Benchmark (moq-dev/moq stack, WebRTC-style)
======================================================================
  Relay:   http://127.0.0.1:4446
  Trace:   traces/fcc_2023/fcc2023_010_unit13339_tc.csv
  Mode:    sender-side measurement (no browser player)
======================================================================

   Delivered ladder: 100k, 600k, 1200k, 2000k, 3000k, 4500k
[PLAYBACK] Collecting metrics (sender-side)...
   t=4s | bitrate: 4500 kbps | tp: 9381 kbps | trace_bw: 9381 kbps
   t=16s | bitrate: 4500 kbps | tp: 5574 kbps | trace_bw: 5574 kbps
   t=28s | bitrate: 4500 kbps | tp: 9315 kbps | trace_bw: 9315 kbps
   t=40s | bitrate: 4500 kbps | tp: 9338 kbps | trace_bw: 9338 kbps
   t=52s | bitrate: 4500 kbps | tp: 9315 kbps | trace_bw: 9315 kbps
   t=64s | bitrate: 4500 kbps | tp: 9295 kbps | trace_bw: 9295 kbps
   t=76s | bitrate: 4500 kbps | tp: 9315 kbps | trace_bw: 9315 kbps
   t=88s | bitrate: 4500 kbps | tp: 9120 kbps | trace_bw: 9120 kbps
   t=100s | bitrate: 4500 kbps | tp: 9324 kbps | trace_bw: 9324 kbps
   t=112s | bitrate: 4500 kbps | tp: 9274 kbps | trace_bw: 9274 kbps

======================================================================
  BENCHMARK RESULTS (MOQ2 / moq-dev official stack)
======================================================================

  [TIMING]
      Startup delay:     3,135 ms
      Playback time:     120.0 s

  [BITRATE]
      Average (selected):  4,500 kbps
      Average (effective): 4,500 kbps

  [REBUFFERING]
      Events:            0
      Total time:        0 ms
      Ratio:             0.0000%

  [THROUGHPUT]
      Average:           9,093 kbps

  [ADAPTATION]
      Target latency:    3,000 ms
      Avg live latency:  0 ms
      Quality switches:  0 (↑0 / ↓0)
      Dropped fragments: 0

  [AVAILABLE BW (trace)]
      Average:           9,093 kbps

======================================================================

[SAVED] results/run_all_20260607_000000/moq2_fcc_2023/benchmark_moq2_fcc2023_010_unit13339_tc_20260608_114115.json

──────────────────────────────────────────────────────────────────────
  [12/150] fcc2023_011_unit26226765_tc.csv
──────────────────────────────────────────────────────────────────────

======================================================================
  MOQ2 Streaming QoE Benchmark (moq-dev/moq stack, WebRTC-style)
======================================================================
  Relay:   http://127.0.0.1:4446
  Trace:   traces/fcc_2023/fcc2023_011_unit26226765_tc.csv
  Mode:    sender-side measurement (no browser player)
======================================================================

   Delivered ladder: 100k, 600k, 1200k, 2000k, 3000k, 4500k
[PLAYBACK] Collecting metrics (sender-side)...
   t=4s | bitrate: 4500 kbps | tp: 9538 kbps | trace_bw: 9538 kbps
   t=16s | bitrate: 4500 kbps | tp: 9466 kbps | trace_bw: 9466 kbps
   t=28s | bitrate: 4500 kbps | tp: 9527 kbps | trace_bw: 9527 kbps
   t=40s | bitrate: 4500 kbps | tp: 8709 kbps | trace_bw: 8709 kbps
   t=52s | bitrate: 4500 kbps | tp: 8804 kbps | trace_bw: 8804 kbps
   t=64s | bitrate: 4500 kbps | tp: 8767 kbps | trace_bw: 8767 kbps
   t=76s | bitrate: 4500 kbps | tp: 9376 kbps | trace_bw: 9376 kbps
   t=88s | bitrate: 4500 kbps | tp: 9368 kbps | trace_bw: 9368 kbps
   t=100s | bitrate: 4500 kbps | tp: 9371 kbps | trace_bw: 9371 kbps
   t=112s | bitrate: 4500 kbps | tp: 9019 kbps | trace_bw: 9019 kbps

======================================================================
  BENCHMARK RESULTS (MOQ2 / moq-dev official stack)
======================================================================

  [TIMING]
      Startup delay:     3,084 ms
      Playback time:     120.0 s

  [BITRATE]
      Average (selected):  4,500 kbps
      Average (effective): 4,500 kbps

  [REBUFFERING]
      Events:            0
      Total time:        0 ms
      Ratio:             0.0000%

  [THROUGHPUT]
      Average:           9,150 kbps

  [ADAPTATION]
      Target latency:    3,000 ms
      Avg live latency:  0 ms
      Quality switches:  0 (↑0 / ↓0)
      Dropped fragments: 0

  [AVAILABLE BW (trace)]
      Average:           9,150 kbps

======================================================================

[SAVED] results/run_all_20260607_000000/moq2_fcc_2023/benchmark_moq2_fcc2023_011_unit26226765_tc_20260608_114216.json

──────────────────────────────────────────────────────────────────────
  [13/150] fcc2023_012_unit599812_tc.csv
──────────────────────────────────────────────────────────────────────

======================================================================
  MOQ2 Streaming QoE Benchmark (moq-dev/moq stack, WebRTC-style)
======================================================================
  Relay:   http://127.0.0.1:4446
  Trace:   traces/fcc_2023/fcc2023_012_unit599812_tc.csv
  Mode:    sender-side measurement (no browser player)
======================================================================

   Delivered ladder: 100k, 600k, 1200k, 2000k, 3000k, 4500k
[PLAYBACK] Collecting metrics (sender-side)...
   t=4s | bitrate: 4500 kbps | tp: 5507 kbps | trace_bw: 5507 kbps
   t=16s | bitrate: 4500 kbps | tp: 5504 kbps | trace_bw: 5504 kbps
   t=28s | bitrate: 4500 kbps | tp: 5495 kbps | trace_bw: 5495 kbps
   t=40s | bitrate: 4500 kbps | tp: 5407 kbps | trace_bw: 5407 kbps
   t=52s | bitrate: 4500 kbps | tp: 5510 kbps | trace_bw: 5510 kbps
   t=64s | bitrate: 2000 kbps | tp: 3133 kbps | trace_bw: 3133 kbps
   t=76s | bitrate: 3000 kbps | tp: 4651 kbps | trace_bw: 4651 kbps
   t=88s | bitrate: 4500 kbps | tp: 5495 kbps | trace_bw: 5495 kbps
   t=100s | bitrate: 3000 kbps | tp: 4172 kbps | trace_bw: 4172 kbps
   t=112s | bitrate: 3000 kbps | tp: 4494 kbps | trace_bw: 4494 kbps

======================================================================
  BENCHMARK RESULTS (MOQ2 / moq-dev official stack)
======================================================================

  [TIMING]
      Startup delay:     5,341 ms
      Playback time:     120.0 s

  [BITRATE]
      Average (selected):  3,950 kbps
      Average (effective): 3,766 kbps

  [REBUFFERING]
      Events:            4
      Total time:        5,856 ms
      Ratio:             4.6526%

  [THROUGHPUT]
      Average:           4,973 kbps

  [ADAPTATION]
      Target latency:    3,000 ms
      Avg live latency:  0 ms
      Quality switches:  7 (↑4 / ↓3)
      Dropped fragments: 0

  [AVAILABLE BW (trace)]
      Average:           4,973 kbps

======================================================================

[SAVED] results/run_all_20260607_000000/moq2_fcc_2023/benchmark_moq2_fcc2023_012_unit599812_tc_20260608_114316.json

──────────────────────────────────────────────────────────────────────
  [14/150] fcc2023_013_unit942034_tc.csv
──────────────────────────────────────────────────────────────────────

======================================================================
  MOQ2 Streaming QoE Benchmark (moq-dev/moq stack, WebRTC-style)
======================================================================
  Relay:   http://127.0.0.1:4446
  Trace:   traces/fcc_2023/fcc2023_013_unit942034_tc.csv
  Mode:    sender-side measurement (no browser player)
======================================================================

   Delivered ladder: 100k, 600k, 1200k, 2000k, 3000k, 4500k
[PLAYBACK] Collecting metrics (sender-side)...
   t=4s | bitrate: 4500 kbps | tp: 11336 kbps | trace_bw: 11336 kbps
   t=16s | bitrate: 4500 kbps | tp: 11103 kbps | trace_bw: 11103 kbps
   t=28s | bitrate: 4500 kbps | tp: 11250 kbps | trace_bw: 11250 kbps
   t=40s | bitrate: 4500 kbps | tp: 11396 kbps | trace_bw: 11396 kbps
   t=52s | bitrate: 4500 kbps | tp: 11217 kbps | trace_bw: 11217 kbps
   t=64s | bitrate: 4500 kbps | tp: 11362 kbps | trace_bw: 11362 kbps
   t=76s | bitrate: 4500 kbps | tp: 11370 kbps | trace_bw: 11370 kbps
   t=88s | bitrate: 4500 kbps | tp: 11371 kbps | trace_bw: 11371 kbps
   t=100s | bitrate: 4500 kbps | tp: 11368 kbps | trace_bw: 11368 kbps
   t=112s | bitrate: 4500 kbps | tp: 11292 kbps | trace_bw: 11292 kbps

======================================================================
  BENCHMARK RESULTS (MOQ2 / moq-dev official stack)
======================================================================

  [TIMING]
      Startup delay:     2,594 ms
      Playback time:     120.0 s

  [BITRATE]
      Average (selected):  4,500 kbps
      Average (effective): 4,500 kbps

  [REBUFFERING]
      Events:            0
      Total time:        0 ms
      Ratio:             0.0000%

  [THROUGHPUT]
      Average:           11,252 kbps

  [ADAPTATION]
      Target latency:    3,000 ms
      Avg live latency:  0 ms
      Quality switches:  0 (↑0 / ↓0)
      Dropped fragments: 0

  [AVAILABLE BW (trace)]
      Average:           11,252 kbps

======================================================================

[SAVED] results/run_all_20260607_000000/moq2_fcc_2023/benchmark_moq2_fcc2023_013_unit942034_tc_20260608_114445.json

──────────────────────────────────────────────────────────────────────
  [15/150] fcc2023_014_unit7674_tc.csv
──────────────────────────────────────────────────────────────────────

======================================================================
  MOQ2 Streaming QoE Benchmark (moq-dev/moq stack, WebRTC-style)
======================================================================
  Relay:   http://127.0.0.1:4446
  Trace:   traces/fcc_2023/fcc2023_014_unit7674_tc.csv
  Mode:    sender-side measurement (no browser player)
======================================================================

   Delivered ladder: 100k, 600k, 1200k, 2000k, 3000k, 4500k
[PLAYBACK] Collecting metrics (sender-side)...
   t=4s | bitrate: 4500 kbps | tp: 12363 kbps | trace_bw: 12363 kbps
   t=16s | bitrate: 4500 kbps | tp: 12711 kbps | trace_bw: 12711 kbps
   t=28s | bitrate: 4500 kbps | tp: 12295 kbps | trace_bw: 12295 kbps
   t=40s | bitrate: 4500 kbps | tp: 11640 kbps | trace_bw: 11640 kbps
   t=52s | bitrate: 4500 kbps | tp: 10904 kbps | trace_bw: 10904 kbps
   t=64s | bitrate: 4500 kbps | tp: 12712 kbps | trace_bw: 12712 kbps
   t=76s | bitrate: 4500 kbps | tp: 12302 kbps | trace_bw: 12302 kbps
   t=88s | bitrate: 4500 kbps | tp: 12326 kbps | trace_bw: 12326 kbps
   t=100s | bitrate: 4500 kbps | tp: 12343 kbps | trace_bw: 12343 kbps
   t=112s | bitrate: 4500 kbps | tp: 12445 kbps | trace_bw: 12445 kbps

======================================================================
  BENCHMARK RESULTS (MOQ2 / moq-dev official stack)
======================================================================

  [TIMING]
      Startup delay:     2,379 ms
      Playback time:     120.0 s

  [BITRATE]
      Average (selected):  4,500 kbps
      Average (effective): 4,500 kbps

  [REBUFFERING]
      Events:            0
      Total time:        0 ms
      Ratio:             0.0000%

  [THROUGHPUT]
      Average:           12,354 kbps

  [ADAPTATION]
      Target latency:    3,000 ms
      Avg live latency:  0 ms
      Quality switches:  0 (↑0 / ↓0)
      Dropped fragments: 0

  [AVAILABLE BW (trace)]
      Average:           12,354 kbps

======================================================================

[SAVED] results/run_all_20260607_000000/moq2_fcc_2023/benchmark_moq2_fcc2023_014_unit7674_tc_20260608_114535.json

──────────────────────────────────────────────────────────────────────
  [16/150] fcc2023_015_unit26226357_tc.csv
──────────────────────────────────────────────────────────────────────

======================================================================
  MOQ2 Streaming QoE Benchmark (moq-dev/moq stack, WebRTC-style)
======================================================================
  Relay:   http://127.0.0.1:4446
  Trace:   traces/fcc_2023/fcc2023_015_unit26226357_tc.csv
  Mode:    sender-side measurement (no browser player)
======================================================================

   Delivered ladder: 100k, 600k, 1200k, 2000k, 3000k, 4500k
[PLAYBACK] Collecting metrics (sender-side)...
   t=4s | bitrate: 4500 kbps | tp: 13711 kbps | trace_bw: 13711 kbps
   t=16s | bitrate: 4500 kbps | tp: 13700 kbps | trace_bw: 13700 kbps
   t=28s | bitrate: 4500 kbps | tp: 13714 kbps | trace_bw: 13714 kbps
   t=40s | bitrate: 4500 kbps | tp: 13712 kbps | trace_bw: 13712 kbps
   t=52s | bitrate: 4500 kbps | tp: 13694 kbps | trace_bw: 13694 kbps
   t=64s | bitrate: 4500 kbps | tp: 13746 kbps | trace_bw: 13746 kbps
   t=76s | bitrate: 4500 kbps | tp: 13735 kbps | trace_bw: 13735 kbps
   t=88s | bitrate: 4500 kbps | tp: 13718 kbps | trace_bw: 13718 kbps
   t=100s | bitrate: 4500 kbps | tp: 13657 kbps | trace_bw: 13657 kbps
   t=112s | bitrate: 4500 kbps | tp: 13702 kbps | trace_bw: 13702 kbps

======================================================================
  BENCHMARK RESULTS (MOQ2 / moq-dev official stack)
======================================================================

  [TIMING]
      Startup delay:     2,145 ms
      Playback time:     120.0 s

  [BITRATE]
      Average (selected):  4,500 kbps
      Average (effective): 4,500 kbps

  [REBUFFERING]
      Events:            0
      Total time:        0 ms
      Ratio:             0.0000%

  [THROUGHPUT]
      Average:           13,701 kbps

  [ADAPTATION]
      Target latency:    3,000 ms
      Avg live latency:  0 ms
      Quality switches:  0 (↑0 / ↓0)
      Dropped fragments: 0

  [AVAILABLE BW (trace)]
      Average:           13,701 kbps

======================================================================

[SAVED] results/run_all_20260607_000000/moq2_fcc_2023/benchmark_moq2_fcc2023_015_unit26226357_tc_20260608_114620.json

──────────────────────────────────────────────────────────────────────
  [17/150] fcc2023_016_unit3898197_tc.csv
──────────────────────────────────────────────────────────────────────

======================================================================
  MOQ2 Streaming QoE Benchmark (moq-dev/moq stack, WebRTC-style)
======================================================================
  Relay:   http://127.0.0.1:4446
  Trace:   traces/fcc_2023/fcc2023_016_unit3898197_tc.csv
  Mode:    sender-side measurement (no browser player)
======================================================================

   Delivered ladder: 100k, 600k, 1200k, 2000k, 3000k, 4500k
[PLAYBACK] Collecting metrics (sender-side)...
   t=4s | bitrate: 4500 kbps | tp: 12911 kbps | trace_bw: 12911 kbps
   t=16s | bitrate: 4500 kbps | tp: 14331 kbps | trace_bw: 14331 kbps
   t=28s | bitrate: 4500 kbps | tp: 14338 kbps | trace_bw: 14338 kbps
   t=40s | bitrate: 4500 kbps | tp: 14235 kbps | trace_bw: 14235 kbps
   t=52s | bitrate: 4500 kbps | tp: 14102 kbps | trace_bw: 14102 kbps
   t=64s | bitrate: 4500 kbps | tp: 14162 kbps | trace_bw: 14162 kbps
   t=76s | bitrate: 4500 kbps | tp: 14369 kbps | trace_bw: 14369 kbps
   t=88s | bitrate: 4500 kbps | tp: 14394 kbps | trace_bw: 14394 kbps
   t=100s | bitrate: 4500 kbps | tp: 12939 kbps | trace_bw: 12939 kbps
   t=112s | bitrate: 4500 kbps | tp: 12291 kbps | trace_bw: 12291 kbps

======================================================================
  BENCHMARK RESULTS (MOQ2 / moq-dev official stack)
======================================================================

  [TIMING]
      Startup delay:     2,278 ms
      Playback time:     120.0 s

  [BITRATE]
      Average (selected):  4,500 kbps
      Average (effective): 4,500 kbps

  [REBUFFERING]
      Events:            0
      Total time:        0 ms
      Ratio:             0.0000%

  [THROUGHPUT]
      Average:           13,917 kbps

  [ADAPTATION]
      Target latency:    3,000 ms
      Avg live latency:  0 ms
      Quality switches:  0 (↑0 / ↓0)
      Dropped fragments: 0

  [AVAILABLE BW (trace)]
      Average:           13,917 kbps

======================================================================

[SAVED] results/run_all_20260607_000000/moq2_fcc_2023/benchmark_moq2_fcc2023_016_unit3898197_tc_20260608_114701.json

──────────────────────────────────────────────────────────────────────
  [18/150] fcc2023_017_unit215230_tc.csv
──────────────────────────────────────────────────────────────────────

======================================================================
  MOQ2 Streaming QoE Benchmark (moq-dev/moq stack, WebRTC-style)
======================================================================
  Relay:   http://127.0.0.1:4446
  Trace:   traces/fcc_2023/fcc2023_017_unit215230_tc.csv
  Mode:    sender-side measurement (no browser player)
======================================================================

   Delivered ladder: 100k, 600k, 1200k, 2000k, 3000k, 4500k
[PLAYBACK] Collecting metrics (sender-side)...
   t=4s | bitrate: 4500 kbps | tp: 15879 kbps | trace_bw: 15879 kbps
   t=16s | bitrate: 4500 kbps | tp: 15561 kbps | trace_bw: 15561 kbps
   t=28s | bitrate: 4500 kbps | tp: 15115 kbps | trace_bw: 15115 kbps
   t=40s | bitrate: 4500 kbps | tp: 15900 kbps | trace_bw: 15900 kbps
   t=52s | bitrate: 4500 kbps | tp: 15586 kbps | trace_bw: 15586 kbps
   t=64s | bitrate: 4500 kbps | tp: 15617 kbps | trace_bw: 15617 kbps
   t=76s | bitrate: 4500 kbps | tp: 15609 kbps | trace_bw: 15609 kbps
   t=88s | bitrate: 4500 kbps | tp: 15828 kbps | trace_bw: 15828 kbps
   t=100s | bitrate: 4500 kbps | tp: 13854 kbps | trace_bw: 13854 kbps
   t=112s | bitrate: 4500 kbps | tp: 15547 kbps | trace_bw: 15547 kbps

======================================================================
  BENCHMARK RESULTS (MOQ2 / moq-dev official stack)
======================================================================

  [TIMING]
      Startup delay:     1,852 ms
      Playback time:     120.0 s

  [BITRATE]
      Average (selected):  4,500 kbps
      Average (effective): 4,500 kbps

  [REBUFFERING]
      Events:            0
      Total time:        0 ms
      Ratio:             0.0000%

  [THROUGHPUT]
      Average:           15,439 kbps

  [ADAPTATION]
      Target latency:    3,000 ms
      Avg live latency:  0 ms
      Quality switches:  0 (↑0 / ↓0)
      Dropped fragments: 0

  [AVAILABLE BW (trace)]
      Average:           15,439 kbps

======================================================================

[SAVED] results/run_all_20260607_000000/moq2_fcc_2023/benchmark_moq2_fcc2023_017_unit215230_tc_20260608_114742.json

──────────────────────────────────────────────────────────────────────
  [19/150] fcc2023_018_unit40730261_tc.csv
──────────────────────────────────────────────────────────────────────

======================================================================
  MOQ2 Streaming QoE Benchmark (moq-dev/moq stack, WebRTC-style)
======================================================================
  Relay:   http://127.0.0.1:4446
  Trace:   traces/fcc_2023/fcc2023_018_unit40730261_tc.csv
  Mode:    sender-side measurement (no browser player)
======================================================================

   Delivered ladder: 100k, 600k, 1200k, 2000k, 3000k, 4500k
[PLAYBACK] Collecting metrics (sender-side)...
   t=4s | bitrate: 4500 kbps | tp: 16563 kbps | trace_bw: 16563 kbps
   t=16s | bitrate: 4500 kbps | tp: 14877 kbps | trace_bw: 14877 kbps
   t=28s | bitrate: 4500 kbps | tp: 18811 kbps | trace_bw: 18811 kbps
   t=40s | bitrate: 4500 kbps | tp: 18404 kbps | trace_bw: 18404 kbps
   t=52s | bitrate: 4500 kbps | tp: 10795 kbps | trace_bw: 10795 kbps
   t=64s | bitrate: 4500 kbps | tp: 14121 kbps | trace_bw: 14121 kbps
   t=76s | bitrate: 4500 kbps | tp: 15577 kbps | trace_bw: 15577 kbps
   t=88s | bitrate: 4500 kbps | tp: 11262 kbps | trace_bw: 11262 kbps
   t=100s | bitrate: 4500 kbps | tp: 22035 kbps | trace_bw: 22035 kbps
   t=112s | bitrate: 4500 kbps | tp: 10814 kbps | trace_bw: 10814 kbps

======================================================================
  BENCHMARK RESULTS (MOQ2 / moq-dev official stack)
======================================================================

  [TIMING]
      Startup delay:     1,776 ms
      Playback time:     120.0 s

  [BITRATE]
      Average (selected):  4,500 kbps
      Average (effective): 4,500 kbps

  [REBUFFERING]
      Events:            0
      Total time:        0 ms
      Ratio:             0.0000%

  [THROUGHPUT]
      Average:           15,150 kbps

  [ADAPTATION]
      Target latency:    3,000 ms
      Avg live latency:  0 ms
      Quality switches:  0 (↑0 / ↓0)
      Dropped fragments: 0

  [AVAILABLE BW (trace)]
      Average:           15,150 kbps

======================================================================

[SAVED] results/run_all_20260607_000000/moq2_fcc_2023/benchmark_moq2_fcc2023_018_unit40730261_tc_20260608_114818.json

──────────────────────────────────────────────────────────────────────
  [20/150] fcc2023_019_unit1006162_tc.csv
──────────────────────────────────────────────────────────────────────

======================================================================
  MOQ2 Streaming QoE Benchmark (moq-dev/moq stack, WebRTC-style)
======================================================================
  Relay:   http://127.0.0.1:4446
  Trace:   traces/fcc_2023/fcc2023_019_unit1006162_tc.csv
  Mode:    sender-side measurement (no browser player)
======================================================================

   Delivered ladder: 100k, 600k, 1200k, 2000k, 3000k, 4500k
[PLAYBACK] Collecting metrics (sender-side)...
   t=4s | bitrate: 4500 kbps | tp: 19455 kbps | trace_bw: 19455 kbps
   t=16s | bitrate: 4500 kbps | tp: 19340 kbps | trace_bw: 19340 kbps
   t=28s | bitrate: 4500 kbps | tp: 18757 kbps | trace_bw: 18757 kbps
   t=40s | bitrate: 4500 kbps | tp: 19344 kbps | trace_bw: 19344 kbps
   t=52s | bitrate: 4500 kbps | tp: 11511 kbps | trace_bw: 11511 kbps
   t=64s | bitrate: 4500 kbps | tp: 16403 kbps | trace_bw: 16403 kbps
   t=76s | bitrate: 4500 kbps | tp: 13016 kbps | trace_bw: 13016 kbps
   t=88s | bitrate: 4500 kbps | tp: 18239 kbps | trace_bw: 18239 kbps
   t=100s | bitrate: 4500 kbps | tp: 19240 kbps | trace_bw: 19240 kbps
   t=112s | bitrate: 4500 kbps | tp: 18375 kbps | trace_bw: 18375 kbps

======================================================================
  BENCHMARK RESULTS (MOQ2 / moq-dev official stack)
======================================================================

  [TIMING]
      Startup delay:     1,512 ms
      Playback time:     120.0 s

  [BITRATE]
      Average (selected):  4,500 kbps
      Average (effective): 4,500 kbps

  [REBUFFERING]
      Events:            0
      Total time:        0 ms
      Ratio:             0.0000%

  [THROUGHPUT]
      Average:           18,078 kbps

  [ADAPTATION]
      Target latency:    3,000 ms
      Avg live latency:  0 ms
      Quality switches:  0 (↑0 / ↓0)
      Dropped fragments: 0

  [AVAILABLE BW (trace)]
      Average:           18,078 kbps

======================================================================

[SAVED] results/run_all_20260607_000000/moq2_fcc_2023/benchmark_moq2_fcc2023_019_unit1006162_tc_20260608_114858.json

──────────────────────────────────────────────────────────────────────
  [21/150] fcc2023_020_unit26113993_tc.csv
──────────────────────────────────────────────────────────────────────

======================================================================
  MOQ2 Streaming QoE Benchmark (moq-dev/moq stack, WebRTC-style)
======================================================================
  Relay:   http://127.0.0.1:4446
  Trace:   traces/fcc_2023/fcc2023_020_unit26113993_tc.csv
  Mode:    sender-side measurement (no browser player)
======================================================================

   Delivered ladder: 100k, 600k, 1200k, 2000k, 3000k, 4500k
[PLAYBACK] Collecting metrics (sender-side)...
   t=4s | bitrate: 4500 kbps | tp: 20522 kbps | trace_bw: 20522 kbps
   t=16s | bitrate: 4500 kbps | tp: 20432 kbps | trace_bw: 20432 kbps
   t=28s | bitrate: 4500 kbps | tp: 20596 kbps | trace_bw: 20596 kbps
   t=40s | bitrate: 4500 kbps | tp: 17599 kbps | trace_bw: 17599 kbps
   t=52s | bitrate: 4500 kbps | tp: 18365 kbps | trace_bw: 18365 kbps
   t=64s | bitrate: 4500 kbps | tp: 20571 kbps | trace_bw: 20571 kbps
   t=76s | bitrate: 4500 kbps | tp: 17219 kbps | trace_bw: 17219 kbps
   t=88s | bitrate: 4500 kbps | tp: 20382 kbps | trace_bw: 20382 kbps
   t=100s | bitrate: 4500 kbps | tp: 20571 kbps | trace_bw: 20571 kbps
   t=112s | bitrate: 4500 kbps | tp: 20263 kbps | trace_bw: 20263 kbps

======================================================================
  BENCHMARK RESULTS (MOQ2 / moq-dev official stack)
======================================================================

  [TIMING]
      Startup delay:     1,433 ms
      Playback time:     120.0 s

  [BITRATE]
      Average (selected):  4,500 kbps
      Average (effective): 4,500 kbps

  [REBUFFERING]
      Events:            0
      Total time:        0 ms
      Ratio:             0.0000%

  [THROUGHPUT]
      Average:           19,360 kbps

  [ADAPTATION]
      Target latency:    3,000 ms
      Avg live latency:  0 ms
      Quality switches:  0 (↑0 / ↓0)
      Dropped fragments: 0

  [AVAILABLE BW (trace)]
      Average:           19,360 kbps

======================================================================

[SAVED] results/run_all_20260607_000000/moq2_fcc_2023/benchmark_moq2_fcc2023_020_unit26113993_tc_20260608_114930.json

──────────────────────────────────────────────────────────────────────
  [22/150] fcc2023_021_unit39827597_tc.csv
──────────────────────────────────────────────────────────────────────

======================================================================
  MOQ2 Streaming QoE Benchmark (moq-dev/moq stack, WebRTC-style)
======================================================================
  Relay:   http://127.0.0.1:4446
  Trace:   traces/fcc_2023/fcc2023_021_unit39827597_tc.csv
  Mode:    sender-side measurement (no browser player)
======================================================================

   Delivered ladder: 100k, 600k, 1200k, 2000k, 3000k, 4500k
[PLAYBACK] Collecting metrics (sender-side)...
   t=4s | bitrate: 4500 kbps | tp: 18379 kbps | trace_bw: 18379 kbps
   t=16s | bitrate: 4500 kbps | tp: 21431 kbps | trace_bw: 21431 kbps
   t=28s | bitrate: 4500 kbps | tp: 21431 kbps | trace_bw: 21431 kbps
   t=40s | bitrate: 4500 kbps | tp: 19541 kbps | trace_bw: 19541 kbps
   t=52s | bitrate: 4500 kbps | tp: 19595 kbps | trace_bw: 19595 kbps
   t=64s | bitrate: 4500 kbps | tp: 15546 kbps | trace_bw: 15546 kbps
   t=76s | bitrate: 4500 kbps | tp: 21546 kbps | trace_bw: 21546 kbps
   t=88s | bitrate: 4500 kbps | tp: 21617 kbps | trace_bw: 21617 kbps
   t=100s | bitrate: 4500 kbps | tp: 21700 kbps | trace_bw: 21700 kbps
   t=112s | bitrate: 4500 kbps | tp: 15026 kbps | trace_bw: 15026 kbps

======================================================================
  BENCHMARK RESULTS (MOQ2 / moq-dev official stack)
======================================================================

  [TIMING]
      Startup delay:     1,600 ms
      Playback time:     120.0 s

  [BITRATE]
      Average (selected):  4,500 kbps
      Average (effective): 4,500 kbps

  [REBUFFERING]
      Events:            0
      Total time:        0 ms
      Ratio:             0.0000%

  [THROUGHPUT]
      Average:           20,387 kbps

  [ADAPTATION]
      Target latency:    3,000 ms
      Avg live latency:  0 ms
      Quality switches:  0 (↑0 / ↓0)
      Dropped fragments: 0

  [AVAILABLE BW (trace)]
      Average:           20,387 kbps

======================================================================

[SAVED] results/run_all_20260607_000000/moq2_fcc_2023/benchmark_moq2_fcc2023_021_unit39827597_tc_20260608_115001.json

──────────────────────────────────────────────────────────────────────
  [23/150] fcc2023_022_unit999197_tc.csv
──────────────────────────────────────────────────────────────────────

======================================================================
  MOQ2 Streaming QoE Benchmark (moq-dev/moq stack, WebRTC-style)
======================================================================
  Relay:   http://127.0.0.1:4446
  Trace:   traces/fcc_2023/fcc2023_022_unit999197_tc.csv
  Mode:    sender-side measurement (no browser player)
======================================================================

   Delivered ladder: 100k, 600k, 1200k, 2000k, 3000k, 4500k
[PLAYBACK] Collecting metrics (sender-side)...
   t=4s | bitrate: 4500 kbps | tp: 22628 kbps | trace_bw: 22628 kbps
   t=16s | bitrate: 4500 kbps | tp: 22843 kbps | trace_bw: 22843 kbps
   t=28s | bitrate: 4500 kbps | tp: 22382 kbps | trace_bw: 22382 kbps
   t=40s | bitrate: 4500 kbps | tp: 22684 kbps | trace_bw: 22684 kbps
   t=52s | bitrate: 4500 kbps | tp: 22654 kbps | trace_bw: 22654 kbps
   t=64s | bitrate: 4500 kbps | tp: 22769 kbps | trace_bw: 22769 kbps
   t=76s | bitrate: 4500 kbps | tp: 22769 kbps | trace_bw: 22769 kbps
   t=88s | bitrate: 4500 kbps | tp: 22780 kbps | trace_bw: 22780 kbps
   t=100s | bitrate: 4500 kbps | tp: 22776 kbps | trace_bw: 22776 kbps
   t=112s | bitrate: 4500 kbps | tp: 15760 kbps | trace_bw: 15760 kbps

======================================================================
  BENCHMARK RESULTS (MOQ2 / moq-dev official stack)
======================================================================

  [TIMING]
      Startup delay:     1,300 ms
      Playback time:     120.0 s

  [BITRATE]
      Average (selected):  4,500 kbps
      Average (effective): 4,500 kbps

  [REBUFFERING]
      Events:            0
      Total time:        0 ms
      Ratio:             0.0000%

  [THROUGHPUT]
      Average:           22,354 kbps

  [ADAPTATION]
      Target latency:    3,000 ms
      Avg live latency:  0 ms
      Quality switches:  0 (↑0 / ↓0)
      Dropped fragments: 0

  [AVAILABLE BW (trace)]
      Average:           22,354 kbps

======================================================================

[SAVED] results/run_all_20260607_000000/moq2_fcc_2023/benchmark_moq2_fcc2023_022_unit999197_tc_20260608_115029.json

──────────────────────────────────────────────────────────────────────
  [24/150] fcc2023_023_unit40730185_tc.csv
──────────────────────────────────────────────────────────────────────

======================================================================
  MOQ2 Streaming QoE Benchmark (moq-dev/moq stack, WebRTC-style)
======================================================================
  Relay:   http://127.0.0.1:4446
  Trace:   traces/fcc_2023/fcc2023_023_unit40730185_tc.csv
  Mode:    sender-side measurement (no browser player)
======================================================================

   Delivered ladder: 100k, 600k, 1200k, 2000k, 3000k, 4500k
[PLAYBACK] Collecting metrics (sender-side)...
   t=4s | bitrate: 4500 kbps | tp: 23627 kbps | trace_bw: 23627 kbps
   t=16s | bitrate: 4500 kbps | tp: 24345 kbps | trace_bw: 24345 kbps
   t=28s | bitrate: 4500 kbps | tp: 24946 kbps | trace_bw: 24946 kbps
   t=40s | bitrate: 4500 kbps | tp: 24209 kbps | trace_bw: 24209 kbps
   t=52s | bitrate: 4500 kbps | tp: 23878 kbps | trace_bw: 23878 kbps
   t=64s | bitrate: 4500 kbps | tp: 11354 kbps | trace_bw: 11354 kbps
   t=76s | bitrate: 4500 kbps | tp: 10914 kbps | trace_bw: 10914 kbps
   t=88s | bitrate: 4500 kbps | tp: 24847 kbps | trace_bw: 24847 kbps
   t=100s | bitrate: 4500 kbps | tp: 18229 kbps | trace_bw: 18229 kbps
   t=112s | bitrate: 4500 kbps | tp: 24792 kbps | trace_bw: 24792 kbps

======================================================================
  BENCHMARK RESULTS (MOQ2 / moq-dev official stack)
======================================================================

  [TIMING]
      Startup delay:     1,245 ms
      Playback time:     120.0 s

  [BITRATE]
      Average (selected):  4,500 kbps
      Average (effective): 4,500 kbps

  [REBUFFERING]
      Events:            0
      Total time:        0 ms
      Ratio:             0.0000%

  [THROUGHPUT]
      Average:           20,804 kbps

  [ADAPTATION]
      Target latency:    3,000 ms
      Avg live latency:  0 ms
      Quality switches:  0 (↑0 / ↓0)
      Dropped fragments: 0

  [AVAILABLE BW (trace)]
      Average:           20,804 kbps

======================================================================

[SAVED] results/run_all_20260607_000000/moq2_fcc_2023/benchmark_moq2_fcc2023_023_unit40730185_tc_20260608_115055.json

──────────────────────────────────────────────────────────────────────
  [25/150] fcc2023_024_unit38658753_tc.csv
──────────────────────────────────────────────────────────────────────

======================================================================
  MOQ2 Streaming QoE Benchmark (moq-dev/moq stack, WebRTC-style)
======================================================================
  Relay:   http://127.0.0.1:4446
  Trace:   traces/fcc_2023/fcc2023_024_unit38658753_tc.csv
  Mode:    sender-side measurement (no browser player)
======================================================================

   Delivered ladder: 100k, 600k, 1200k, 2000k, 3000k, 4500k
[PLAYBACK] Collecting metrics (sender-side)...
   t=4s | bitrate: 4500 kbps | tp: 24156 kbps | trace_bw: 24156 kbps
   t=16s | bitrate: 4500 kbps | tp: 25561 kbps | trace_bw: 25561 kbps
   t=28s | bitrate: 4500 kbps | tp: 24781 kbps | trace_bw: 24781 kbps
   t=40s | bitrate: 4500 kbps | tp: 25289 kbps | trace_bw: 25289 kbps
   t=52s | bitrate: 4500 kbps | tp: 25184 kbps | trace_bw: 25184 kbps
   t=64s | bitrate: 4500 kbps | tp: 25287 kbps | trace_bw: 25287 kbps
   t=76s | bitrate: 4500 kbps | tp: 23685 kbps | trace_bw: 23685 kbps
   t=88s | bitrate: 4500 kbps | tp: 24649 kbps | trace_bw: 24649 kbps
   t=100s | bitrate: 4500 kbps | tp: 24670 kbps | trace_bw: 24670 kbps
   t=112s | bitrate: 4500 kbps | tp: 23986 kbps | trace_bw: 23986 kbps

======================================================================
  BENCHMARK RESULTS (MOQ2 / moq-dev official stack)
======================================================================

  [TIMING]
      Startup delay:     1,218 ms
      Playback time:     120.0 s

  [BITRATE]
      Average (selected):  4,500 kbps
      Average (effective): 4,500 kbps

  [REBUFFERING]
      Events:            0
      Total time:        0 ms
      Ratio:             0.0000%

  [THROUGHPUT]
      Average:           24,763 kbps

  [ADAPTATION]
      Target latency:    3,000 ms
      Avg live latency:  0 ms
      Quality switches:  0 (↑0 / ↓0)
      Dropped fragments: 0

  [AVAILABLE BW (trace)]
      Average:           24,763 kbps

======================================================================

[SAVED] results/run_all_20260607_000000/moq2_fcc_2023/benchmark_moq2_fcc2023_024_unit38658753_tc_20260608_115125.json

──────────────────────────────────────────────────────────────────────
  [26/150] fcc2023_025_unit79301373_tc.csv
──────────────────────────────────────────────────────────────────────

======================================================================
  MOQ2 Streaming QoE Benchmark (moq-dev/moq stack, WebRTC-style)
======================================================================
  Relay:   http://127.0.0.1:4446
  Trace:   traces/fcc_2023/fcc2023_025_unit79301373_tc.csv
  Mode:    sender-side measurement (no browser player)
======================================================================

   Delivered ladder: 100k, 600k, 1200k, 2000k, 3000k, 4500k
[PLAYBACK] Collecting metrics (sender-side)...
   t=4s | bitrate: 4500 kbps | tp: 24651 kbps | trace_bw: 24651 kbps
   t=16s | bitrate: 4500 kbps | tp: 25506 kbps | trace_bw: 25506 kbps
   t=28s | bitrate: 4500 kbps | tp: 28014 kbps | trace_bw: 28014 kbps
   t=40s | bitrate: 4500 kbps | tp: 23074 kbps | trace_bw: 23074 kbps
   t=52s | bitrate: 4500 kbps | tp: 24244 kbps | trace_bw: 24244 kbps
   t=64s | bitrate: 4500 kbps | tp: 25904 kbps | trace_bw: 25904 kbps
   t=76s | bitrate: 4500 kbps | tp: 27936 kbps | trace_bw: 27936 kbps
   t=88s | bitrate: 4500 kbps | tp: 27990 kbps | trace_bw: 27990 kbps
   t=100s | bitrate: 4500 kbps | tp: 25356 kbps | trace_bw: 25356 kbps
   t=112s | bitrate: 4500 kbps | tp: 25913 kbps | trace_bw: 25913 kbps

======================================================================
  BENCHMARK RESULTS (MOQ2 / moq-dev official stack)
======================================================================

  [TIMING]
      Startup delay:     1,193 ms
      Playback time:     120.0 s

  [BITRATE]
      Average (selected):  4,500 kbps
      Average (effective): 4,500 kbps

  [REBUFFERING]
      Events:            0
      Total time:        0 ms
      Ratio:             0.0000%

  [THROUGHPUT]
      Average:           25,424 kbps

  [ADAPTATION]
      Target latency:    3,000 ms
      Avg live latency:  0 ms
      Quality switches:  0 (↑0 / ↓0)
      Dropped fragments: 0

  [AVAILABLE BW (trace)]
      Average:           25,424 kbps

======================================================================

[SAVED] results/run_all_20260607_000000/moq2_fcc_2023/benchmark_moq2_fcc2023_025_unit79301373_tc_20260608_115149.json

──────────────────────────────────────────────────────────────────────
  [27/150] fcc2023_026_unit213512_tc.csv
──────────────────────────────────────────────────────────────────────

======================================================================
  MOQ2 Streaming QoE Benchmark (moq-dev/moq stack, WebRTC-style)
======================================================================
  Relay:   http://127.0.0.1:4446
  Trace:   traces/fcc_2023/fcc2023_026_unit213512_tc.csv
  Mode:    sender-side measurement (no browser player)
======================================================================

   Delivered ladder: 100k, 600k, 1200k, 2000k, 3000k, 4500k
[PLAYBACK] Collecting metrics (sender-side)...
   t=4s | bitrate: 4500 kbps | tp: 35665 kbps | trace_bw: 35665 kbps
   t=16s | bitrate: 4500 kbps | tp: 34830 kbps | trace_bw: 34830 kbps
   t=28s | bitrate: 4500 kbps | tp: 41445 kbps | trace_bw: 41445 kbps
   t=40s | bitrate: 4500 kbps | tp: 39243 kbps | trace_bw: 39243 kbps
   t=52s | bitrate: 4500 kbps | tp: 29404 kbps | trace_bw: 29404 kbps
   t=64s | bitrate: 4500 kbps | tp: 24427 kbps | trace_bw: 24427 kbps
   t=76s | bitrate: 4500 kbps | tp: 39356 kbps | trace_bw: 39356 kbps
   t=88s | bitrate: 4500 kbps | tp: 34005 kbps | trace_bw: 34005 kbps
   t=100s | bitrate: 4500 kbps | tp: 38440 kbps | trace_bw: 38440 kbps
   t=112s | bitrate: 4500 kbps | tp: 28206 kbps | trace_bw: 28206 kbps

======================================================================
  BENCHMARK RESULTS (MOQ2 / moq-dev official stack)
======================================================================

  [TIMING]
      Startup delay:     825 ms
      Playback time:     120.0 s

  [BITRATE]
      Average (selected):  4,500 kbps
      Average (effective): 4,500 kbps

  [REBUFFERING]
      Events:            0
      Total time:        0 ms
      Ratio:             0.0000%

  [THROUGHPUT]
      Average:           32,408 kbps

  [ADAPTATION]
      Target latency:    3,000 ms
      Avg live latency:  0 ms
      Quality switches:  0 (↑0 / ↓0)
      Dropped fragments: 0

  [AVAILABLE BW (trace)]
      Average:           32,408 kbps

======================================================================

[SAVED] results/run_all_20260607_000000/moq2_fcc_2023/benchmark_moq2_fcc2023_026_unit213512_tc_20260608_115212.json

──────────────────────────────────────────────────────────────────────
  [28/150] fcc2023_027_unit999559_tc.csv
──────────────────────────────────────────────────────────────────────

======================================================================
  MOQ2 Streaming QoE Benchmark (moq-dev/moq stack, WebRTC-style)
======================================================================
  Relay:   http://127.0.0.1:4446
  Trace:   traces/fcc_2023/fcc2023_027_unit999559_tc.csv
  Mode:    sender-side measurement (no browser player)
======================================================================

   Delivered ladder: 100k, 600k, 1200k, 2000k, 3000k, 4500k
[PLAYBACK] Collecting metrics (sender-side)...
   t=4s | bitrate: 4500 kbps | tp: 27896 kbps | trace_bw: 27896 kbps
   t=16s | bitrate: 4500 kbps | tp: 27777 kbps | trace_bw: 27777 kbps
   t=28s | bitrate: 4500 kbps | tp: 13952 kbps | trace_bw: 13952 kbps
   t=40s | bitrate: 4500 kbps | tp: 27927 kbps | trace_bw: 27927 kbps
   t=52s | bitrate: 4500 kbps | tp: 27682 kbps | trace_bw: 27682 kbps
   t=64s | bitrate: 4500 kbps | tp: 27784 kbps | trace_bw: 27784 kbps
   t=76s | bitrate: 4500 kbps | tp: 27852 kbps | trace_bw: 27852 kbps
   t=88s | bitrate: 4500 kbps | tp: 27577 kbps | trace_bw: 27577 kbps
   t=100s | bitrate: 4500 kbps | tp: 26127 kbps | trace_bw: 26127 kbps
   t=112s | bitrate: 4500 kbps | tp: 23720 kbps | trace_bw: 23720 kbps

======================================================================
  BENCHMARK RESULTS (MOQ2 / moq-dev official stack)
======================================================================

  [TIMING]
      Startup delay:     1,054 ms
      Playback time:     120.0 s

  [BITRATE]
      Average (selected):  4,500 kbps
      Average (effective): 4,500 kbps

  [REBUFFERING]
      Events:            0
      Total time:        0 ms
      Ratio:             0.0000%

  [THROUGHPUT]
      Average:           25,349 kbps

  [ADAPTATION]
      Target latency:    3,000 ms
      Avg live latency:  0 ms
      Quality switches:  0 (↑0 / ↓0)
      Dropped fragments: 0

  [AVAILABLE BW (trace)]
      Average:           25,349 kbps

======================================================================

[SAVED] results/run_all_20260607_000000/moq2_fcc_2023/benchmark_moq2_fcc2023_027_unit999559_tc_20260608_115231.json

──────────────────────────────────────────────────────────────────────
  [29/150] fcc2023_028_unit25017921_tc.csv
──────────────────────────────────────────────────────────────────────

======================================================================
  MOQ2 Streaming QoE Benchmark (moq-dev/moq stack, WebRTC-style)
======================================================================
  Relay:   http://127.0.0.1:4446
  Trace:   traces/fcc_2023/fcc2023_028_unit25017921_tc.csv
  Mode:    sender-side measurement (no browser player)
======================================================================

   Delivered ladder: 100k, 600k, 1200k, 2000k, 3000k, 4500k
[PLAYBACK] Collecting metrics (sender-side)...
   t=4s | bitrate: 4500 kbps | tp: 29356 kbps | trace_bw: 29356 kbps
   t=16s | bitrate: 4500 kbps | tp: 29086 kbps | trace_bw: 29086 kbps
   t=28s | bitrate: 4500 kbps | tp: 28072 kbps | trace_bw: 28072 kbps
   t=40s | bitrate: 4500 kbps | tp: 29386 kbps | trace_bw: 29386 kbps
   t=52s | bitrate: 4500 kbps | tp: 29307 kbps | trace_bw: 29307 kbps
   t=64s | bitrate: 4500 kbps | tp: 27740 kbps | trace_bw: 27740 kbps
   t=76s | bitrate: 4500 kbps | tp: 29787 kbps | trace_bw: 29787 kbps
   t=88s | bitrate: 4500 kbps | tp: 27389 kbps | trace_bw: 27389 kbps
   t=100s | bitrate: 4500 kbps | tp: 29121 kbps | trace_bw: 29121 kbps
   t=112s | bitrate: 4500 kbps | tp: 27915 kbps | trace_bw: 27915 kbps

======================================================================
  BENCHMARK RESULTS (MOQ2 / moq-dev official stack)
======================================================================

  [TIMING]
      Startup delay:     1,002 ms
      Playback time:     120.0 s

  [BITRATE]
      Average (selected):  4,500 kbps
      Average (effective): 4,500 kbps

  [REBUFFERING]
      Events:            0
      Total time:        0 ms
      Ratio:             0.0000%

  [THROUGHPUT]
      Average:           28,913 kbps

  [ADAPTATION]
      Target latency:    3,000 ms
      Avg live latency:  0 ms
      Quality switches:  0 (↑0 / ↓0)
      Dropped fragments: 0

  [AVAILABLE BW (trace)]
      Average:           28,913 kbps

======================================================================

[SAVED] results/run_all_20260607_000000/moq2_fcc_2023/benchmark_moq2_fcc2023_028_unit25017921_tc_20260608_115255.json

──────────────────────────────────────────────────────────────────────
  [30/150] fcc2023_029_unit55789553_tc.csv
──────────────────────────────────────────────────────────────────────

======================================================================
  MOQ2 Streaming QoE Benchmark (moq-dev/moq stack, WebRTC-style)
======================================================================
  Relay:   http://127.0.0.1:4446
  Trace:   traces/fcc_2023/fcc2023_029_unit55789553_tc.csv
  Mode:    sender-side measurement (no browser player)
======================================================================

   Delivered ladder: 100k, 600k, 1200k, 2000k, 3000k, 4500k
[PLAYBACK] Collecting metrics (sender-side)...
   t=4s | bitrate: 4500 kbps | tp: 30860 kbps | trace_bw: 30860 kbps
   t=16s | bitrate: 4500 kbps | tp: 30406 kbps | trace_bw: 30406 kbps
   t=28s | bitrate: 4500 kbps | tp: 21813 kbps | trace_bw: 21813 kbps
   t=40s | bitrate: 4500 kbps | tp: 18286 kbps | trace_bw: 18286 kbps
   t=52s | bitrate: 4500 kbps | tp: 25234 kbps | trace_bw: 25234 kbps
   t=64s | bitrate: 4500 kbps | tp: 23025 kbps | trace_bw: 23025 kbps
   t=76s | bitrate: 4500 kbps | tp: 28798 kbps | trace_bw: 28798 kbps
   t=88s | bitrate: 4500 kbps | tp: 30378 kbps | trace_bw: 30378 kbps
   t=100s | bitrate: 4500 kbps | tp: 30240 kbps | trace_bw: 30240 kbps
   t=112s | bitrate: 4500 kbps | tp: 30802 kbps | trace_bw: 30802 kbps

======================================================================
  BENCHMARK RESULTS (MOQ2 / moq-dev official stack)
======================================================================

  [TIMING]
      Startup delay:     953 ms
      Playback time:     120.0 s

  [BITRATE]
      Average (selected):  4,500 kbps
      Average (effective): 4,500 kbps

  [REBUFFERING]
      Events:            0
      Total time:        0 ms
      Ratio:             0.0000%

  [THROUGHPUT]
      Average:           27,149 kbps

  [ADAPTATION]
      Target latency:    3,000 ms
      Avg live latency:  0 ms
      Quality switches:  0 (↑0 / ↓0)
      Dropped fragments: 0

  [AVAILABLE BW (trace)]
      Average:           27,149 kbps

======================================================================

[SAVED] results/run_all_20260607_000000/moq2_fcc_2023/benchmark_moq2_fcc2023_029_unit55789553_tc_20260608_115315.json

──────────────────────────────────────────────────────────────────────
  [31/150] fcc2023_030_unit999339_tc.csv
──────────────────────────────────────────────────────────────────────

======================================================================
  MOQ2 Streaming QoE Benchmark (moq-dev/moq stack, WebRTC-style)
======================================================================
  Relay:   http://127.0.0.1:4446
  Trace:   traces/fcc_2023/fcc2023_030_unit999339_tc.csv
  Mode:    sender-side measurement (no browser player)
======================================================================

   Delivered ladder: 100k, 600k, 1200k, 2000k, 3000k, 4500k
[PLAYBACK] Collecting metrics (sender-side)...
   t=4s | bitrate: 4500 kbps | tp: 30782 kbps | trace_bw: 30782 kbps
   t=16s | bitrate: 4500 kbps | tp: 30421 kbps | trace_bw: 30421 kbps
   t=28s | bitrate: 4500 kbps | tp: 30795 kbps | trace_bw: 30795 kbps
   t=40s | bitrate: 4500 kbps | tp: 30794 kbps | trace_bw: 30794 kbps
   t=52s | bitrate: 4500 kbps | tp: 30733 kbps | trace_bw: 30733 kbps
   t=64s | bitrate: 4500 kbps | tp: 30762 kbps | trace_bw: 30762 kbps
   t=76s | bitrate: 4500 kbps | tp: 30790 kbps | trace_bw: 30790 kbps
   t=88s | bitrate: 4500 kbps | tp: 30793 kbps | trace_bw: 30793 kbps
   t=100s | bitrate: 4500 kbps | tp: 30792 kbps | trace_bw: 30792 kbps
   t=112s | bitrate: 4500 kbps | tp: 30913 kbps | trace_bw: 30913 kbps

======================================================================
  BENCHMARK RESULTS (MOQ2 / moq-dev official stack)
======================================================================

  [TIMING]
      Startup delay:     955 ms
      Playback time:     120.0 s

  [BITRATE]
      Average (selected):  4,500 kbps
      Average (effective): 4,500 kbps

  [REBUFFERING]
      Events:            0
      Total time:        0 ms
      Ratio:             0.0000%

  [THROUGHPUT]
      Average:           30,689 kbps

  [ADAPTATION]
      Target latency:    3,000 ms
      Avg live latency:  0 ms
      Quality switches:  0 (↑0 / ↓0)
      Dropped fragments: 0

  [AVAILABLE BW (trace)]
      Average:           30,689 kbps

======================================================================

[SAVED] results/run_all_20260607_000000/moq2_fcc_2023/benchmark_moq2_fcc2023_030_unit999339_tc_20260608_115337.json

──────────────────────────────────────────────────────────────────────
  [32/150] fcc2023_031_unit79378749_tc.csv
──────────────────────────────────────────────────────────────────────

======================================================================
  MOQ2 Streaming QoE Benchmark (moq-dev/moq stack, WebRTC-style)
======================================================================
  Relay:   http://127.0.0.1:4446
  Trace:   traces/fcc_2023/fcc2023_031_unit79378749_tc.csv
  Mode:    sender-side measurement (no browser player)
======================================================================

   Delivered ladder: 100k, 600k, 1200k, 2000k, 3000k, 4500k
[PLAYBACK] Collecting metrics (sender-side)...
   t=4s | bitrate: 4500 kbps | tp: 33875 kbps | trace_bw: 33875 kbps
   t=16s | bitrate: 4500 kbps | tp: 33901 kbps | trace_bw: 33901 kbps
   t=28s | bitrate: 4500 kbps | tp: 33870 kbps | trace_bw: 33870 kbps
   t=40s | bitrate: 4500 kbps | tp: 33907 kbps | trace_bw: 33907 kbps
   t=52s | bitrate: 4500 kbps | tp: 33855 kbps | trace_bw: 33855 kbps
   t=64s | bitrate: 4500 kbps | tp: 33858 kbps | trace_bw: 33858 kbps
   t=76s | bitrate: 4500 kbps | tp: 33936 kbps | trace_bw: 33936 kbps
   t=88s | bitrate: 4500 kbps | tp: 33845 kbps | trace_bw: 33845 kbps
   t=100s | bitrate: 4500 kbps | tp: 33885 kbps | trace_bw: 33885 kbps
   t=112s | bitrate: 4500 kbps | tp: 33902 kbps | trace_bw: 33902 kbps

======================================================================
  BENCHMARK RESULTS (MOQ2 / moq-dev official stack)
======================================================================

  [TIMING]
      Startup delay:     868 ms
      Playback time:     120.0 s

  [BITRATE]
      Average (selected):  4,500 kbps
      Average (effective): 4,500 kbps

  [REBUFFERING]
      Events:            0
      Total time:        0 ms
      Ratio:             0.0000%

  [THROUGHPUT]
      Average:           33,856 kbps

  [ADAPTATION]
      Target latency:    3,000 ms
      Avg live latency:  0 ms
      Quality switches:  0 (↑0 / ↓0)
      Dropped fragments: 0

  [AVAILABLE BW (trace)]
      Average:           33,856 kbps

======================================================================

[SAVED] results/run_all_20260607_000000/moq2_fcc_2023/benchmark_moq2_fcc2023_031_unit79378749_tc_20260608_115357.json

──────────────────────────────────────────────────────────────────────
  [33/150] fcc2023_032_unit947068_tc.csv
──────────────────────────────────────────────────────────────────────

======================================================================
  MOQ2 Streaming QoE Benchmark (moq-dev/moq stack, WebRTC-style)
======================================================================
  Relay:   http://127.0.0.1:4446
  Trace:   traces/fcc_2023/fcc2023_032_unit947068_tc.csv
  Mode:    sender-side measurement (no browser player)
======================================================================

   Delivered ladder: 100k, 600k, 1200k, 2000k, 3000k, 4500k
[PLAYBACK] Collecting metrics (sender-side)...
   t=4s | bitrate: 4500 kbps | tp: 40058 kbps | trace_bw: 40058 kbps
   t=16s | bitrate: 4500 kbps | tp: 32590 kbps | trace_bw: 32590 kbps
   t=28s | bitrate: 4500 kbps | tp: 39832 kbps | trace_bw: 39832 kbps
   t=40s | bitrate: 4500 kbps | tp: 14111 kbps | trace_bw: 14111 kbps
   t=52s | bitrate: 4500 kbps | tp: 53638 kbps | trace_bw: 53638 kbps
   t=64s | bitrate: 4500 kbps | tp: 38881 kbps | trace_bw: 38881 kbps
   t=76s | bitrate: 4500 kbps | tp: 51975 kbps | trace_bw: 51975 kbps
   t=88s | bitrate: 4500 kbps | tp: 29862 kbps | trace_bw: 29862 kbps
   t=100s | bitrate: 4500 kbps | tp: 42167 kbps | trace_bw: 42167 kbps
   t=112s | bitrate: 4500 kbps | tp: 47200 kbps | trace_bw: 47200 kbps

======================================================================
  BENCHMARK RESULTS (MOQ2 / moq-dev official stack)
======================================================================

  [TIMING]
      Startup delay:     734 ms
      Playback time:     120.0 s

  [BITRATE]
      Average (selected):  4,500 kbps
      Average (effective): 4,500 kbps

  [REBUFFERING]
      Events:            0
      Total time:        0 ms
      Ratio:             0.0000%

  [THROUGHPUT]
      Average:           37,604 kbps

  [ADAPTATION]
      Target latency:    3,000 ms
      Avg live latency:  0 ms
      Quality switches:  0 (↑0 / ↓0)
      Dropped fragments: 0

  [AVAILABLE BW (trace)]
      Average:           37,604 kbps

======================================================================

[SAVED] results/run_all_20260607_000000/moq2_fcc_2023/benchmark_moq2_fcc2023_032_unit947068_tc_20260608_115414.json

──────────────────────────────────────────────────────────────────────
  [34/150] fcc2023_033_unit27784_tc.csv
──────────────────────────────────────────────────────────────────────

======================================================================
  MOQ2 Streaming QoE Benchmark (moq-dev/moq stack, WebRTC-style)
======================================================================
  Relay:   http://127.0.0.1:4446
  Trace:   traces/fcc_2023/fcc2023_033_unit27784_tc.csv
  Mode:    sender-side measurement (no browser player)
======================================================================

   Delivered ladder: 100k, 600k, 1200k, 2000k, 3000k, 4500k
[PLAYBACK] Collecting metrics (sender-side)...
   t=4s | bitrate: 4500 kbps | tp: 38634 kbps | trace_bw: 38634 kbps
   t=16s | bitrate: 4500 kbps | tp: 37889 kbps | trace_bw: 37889 kbps
   t=28s | bitrate: 4500 kbps | tp: 36010 kbps | trace_bw: 36010 kbps
   t=40s | bitrate: 4500 kbps | tp: 37897 kbps | trace_bw: 37897 kbps
   t=52s | bitrate: 4500 kbps | tp: 37703 kbps | trace_bw: 37703 kbps
   t=64s | bitrate: 4500 kbps | tp: 36811 kbps | trace_bw: 36811 kbps
   t=76s | bitrate: 4500 kbps | tp: 27063 kbps | trace_bw: 27063 kbps
   t=88s | bitrate: 4500 kbps | tp: 25163 kbps | trace_bw: 25163 kbps
   t=100s | bitrate: 4500 kbps | tp: 23092 kbps | trace_bw: 23092 kbps
   t=112s | bitrate: 4500 kbps | tp: 24546 kbps | trace_bw: 24546 kbps

======================================================================
  BENCHMARK RESULTS (MOQ2 / moq-dev official stack)
======================================================================

  [TIMING]
      Startup delay:     761 ms
      Playback time:     120.0 s

  [BITRATE]
      Average (selected):  4,500 kbps
      Average (effective): 4,500 kbps

  [REBUFFERING]
      Events:            0
      Total time:        0 ms
      Ratio:             0.0000%

  [THROUGHPUT]
      Average:           33,796 kbps

  [ADAPTATION]
      Target latency:    3,000 ms
      Avg live latency:  0 ms
      Quality switches:  0 (↑0 / ↓0)
      Dropped fragments: 0

  [AVAILABLE BW (trace)]
      Average:           33,796 kbps

======================================================================

[SAVED] results/run_all_20260607_000000/moq2_fcc_2023/benchmark_moq2_fcc2023_033_unit27784_tc_20260608_115432.json

──────────────────────────────────────────────────────────────────────
  [35/150] fcc2023_034_unit82066761_tc.csv
──────────────────────────────────────────────────────────────────────

======================================================================
  MOQ2 Streaming QoE Benchmark (moq-dev/moq stack, WebRTC-style)
======================================================================
  Relay:   http://127.0.0.1:4446
  Trace:   traces/fcc_2023/fcc2023_034_unit82066761_tc.csv
  Mode:    sender-side measurement (no browser player)
======================================================================

   Delivered ladder: 100k, 600k, 1200k, 2000k, 3000k, 4500k
[PLAYBACK] Collecting metrics (sender-side)...
   t=4s | bitrate: 4500 kbps | tp: 40580 kbps | trace_bw: 40580 kbps
   t=16s | bitrate: 4500 kbps | tp: 40606 kbps | trace_bw: 40606 kbps
   t=28s | bitrate: 4500 kbps | tp: 40572 kbps | trace_bw: 40572 kbps
   t=40s | bitrate: 4500 kbps | tp: 40054 kbps | trace_bw: 40054 kbps
   t=52s | bitrate: 4500 kbps | tp: 40538 kbps | trace_bw: 40538 kbps
   t=64s | bitrate: 4500 kbps | tp: 40599 kbps | trace_bw: 40599 kbps
   t=76s | bitrate: 4500 kbps | tp: 40601 kbps | trace_bw: 40601 kbps
   t=88s | bitrate: 4500 kbps | tp: 40546 kbps | trace_bw: 40546 kbps
   t=100s | bitrate: 4500 kbps | tp: 40542 kbps | trace_bw: 40542 kbps
   t=112s | bitrate: 4500 kbps | tp: 40591 kbps | trace_bw: 40591 kbps

======================================================================
  BENCHMARK RESULTS (MOQ2 / moq-dev official stack)
======================================================================

  [TIMING]
      Startup delay:     725 ms
      Playback time:     120.0 s

  [BITRATE]
      Average (selected):  4,500 kbps
      Average (effective): 4,500 kbps

  [REBUFFERING]
      Events:            0
      Total time:        0 ms
      Ratio:             0.0000%

  [THROUGHPUT]
      Average:           40,545 kbps

  [ADAPTATION]
      Target latency:    3,000 ms
      Avg live latency:  0 ms
      Quality switches:  0 (↑0 / ↓0)
      Dropped fragments: 0

  [AVAILABLE BW (trace)]
      Average:           40,545 kbps

======================================================================

[SAVED] results/run_all_20260607_000000/moq2_fcc_2023/benchmark_moq2_fcc2023_034_unit82066761_tc_20260608_115450.json

──────────────────────────────────────────────────────────────────────
  [36/150] fcc2023_035_unit9385_tc.csv
──────────────────────────────────────────────────────────────────────

======================================================================
  MOQ2 Streaming QoE Benchmark (moq-dev/moq stack, WebRTC-style)
======================================================================
  Relay:   http://127.0.0.1:4446
  Trace:   traces/fcc_2023/fcc2023_035_unit9385_tc.csv
  Mode:    sender-side measurement (no browser player)
======================================================================

   Delivered ladder: 100k, 600k, 1200k, 2000k, 3000k, 4500k
[PLAYBACK] Collecting metrics (sender-side)...
   t=4s | bitrate: 4500 kbps | tp: 41799 kbps | trace_bw: 41799 kbps
   t=16s | bitrate: 4500 kbps | tp: 43064 kbps | trace_bw: 43064 kbps
   t=28s | bitrate: 4500 kbps | tp: 43301 kbps | trace_bw: 43301 kbps
   t=40s | bitrate: 4500 kbps | tp: 37308 kbps | trace_bw: 37308 kbps
   t=52s | bitrate: 4500 kbps | tp: 37480 kbps | trace_bw: 37480 kbps
   t=64s | bitrate: 4500 kbps | tp: 34277 kbps | trace_bw: 34277 kbps
   t=76s | bitrate: 4500 kbps | tp: 36695 kbps | trace_bw: 36695 kbps
   t=88s | bitrate: 4500 kbps | tp: 35103 kbps | trace_bw: 35103 kbps
   t=100s | bitrate: 4500 kbps | tp: 36865 kbps | trace_bw: 36865 kbps
   t=112s | bitrate: 4500 kbps | tp: 35596 kbps | trace_bw: 35596 kbps

======================================================================
  BENCHMARK RESULTS (MOQ2 / moq-dev official stack)
======================================================================

  [TIMING]
      Startup delay:     704 ms
      Playback time:     120.0 s

  [BITRATE]
      Average (selected):  4,500 kbps
      Average (effective): 4,500 kbps

  [REBUFFERING]
      Events:            0
      Total time:        0 ms
      Ratio:             0.0000%

  [THROUGHPUT]
      Average:           37,741 kbps

  [ADAPTATION]
      Target latency:    3,000 ms
      Avg live latency:  0 ms
      Quality switches:  0 (↑0 / ↓0)
      Dropped fragments: 0

  [AVAILABLE BW (trace)]
      Average:           37,741 kbps

======================================================================

[SAVED] results/run_all_20260607_000000/moq2_fcc_2023/benchmark_moq2_fcc2023_035_unit9385_tc_20260608_115505.json

──────────────────────────────────────────────────────────────────────
  [37/150] fcc2023_036_unit9284_tc.csv
──────────────────────────────────────────────────────────────────────

======================================================================
  MOQ2 Streaming QoE Benchmark (moq-dev/moq stack, WebRTC-style)
======================================================================
  Relay:   http://127.0.0.1:4446
  Trace:   traces/fcc_2023/fcc2023_036_unit9284_tc.csv
  Mode:    sender-side measurement (no browser player)
======================================================================

   Delivered ladder: 100k, 600k, 1200k, 2000k, 3000k, 4500k
[PLAYBACK] Collecting metrics (sender-side)...
   t=4s | bitrate: 4500 kbps | tp: 44972 kbps | trace_bw: 44972 kbps
   t=16s | bitrate: 4500 kbps | tp: 45452 kbps | trace_bw: 45452 kbps
   t=28s | bitrate: 4500 kbps | tp: 44728 kbps | trace_bw: 44728 kbps
   t=40s | bitrate: 4500 kbps | tp: 40510 kbps | trace_bw: 40510 kbps
   t=52s | bitrate: 4500 kbps | tp: 40010 kbps | trace_bw: 40010 kbps
   t=64s | bitrate: 4500 kbps | tp: 44934 kbps | trace_bw: 44934 kbps
   t=76s | bitrate: 4500 kbps | tp: 34949 kbps | trace_bw: 34949 kbps
   t=88s | bitrate: 4500 kbps | tp: 45497 kbps | trace_bw: 45497 kbps
   t=100s | bitrate: 4500 kbps | tp: 50102 kbps | trace_bw: 50102 kbps
   t=112s | bitrate: 4500 kbps | tp: 45013 kbps | trace_bw: 45013 kbps

======================================================================
  BENCHMARK RESULTS (MOQ2 / moq-dev official stack)
======================================================================

  [TIMING]
      Startup delay:     654 ms
      Playback time:     120.0 s

  [BITRATE]
      Average (selected):  4,500 kbps
      Average (effective): 4,500 kbps

  [REBUFFERING]
      Events:            0
      Total time:        0 ms
      Ratio:             0.0000%

  [THROUGHPUT]
      Average:           43,310 kbps

  [ADAPTATION]
      Target latency:    3,000 ms
      Avg live latency:  0 ms
      Quality switches:  0 (↑0 / ↓0)
      Dropped fragments: 0

  [AVAILABLE BW (trace)]
      Average:           43,310 kbps

======================================================================

[SAVED] results/run_all_20260607_000000/moq2_fcc_2023/benchmark_moq2_fcc2023_036_unit9284_tc_20260608_115522.json

──────────────────────────────────────────────────────────────────────
  [38/150] fcc2023_037_unit949130_tc.csv
──────────────────────────────────────────────────────────────────────

======================================================================
  MOQ2 Streaming QoE Benchmark (moq-dev/moq stack, WebRTC-style)
======================================================================
  Relay:   http://127.0.0.1:4446
  Trace:   traces/fcc_2023/fcc2023_037_unit949130_tc.csv
  Mode:    sender-side measurement (no browser player)
======================================================================

   Delivered ladder: 100k, 600k, 1200k, 2000k, 3000k, 4500k
[PLAYBACK] Collecting metrics (sender-side)...
   t=4s | bitrate: 4500 kbps | tp: 42475 kbps | trace_bw: 42475 kbps
   t=16s | bitrate: 4500 kbps | tp: 46214 kbps | trace_bw: 46214 kbps
   t=28s | bitrate: 4500 kbps | tp: 46747 kbps | trace_bw: 46747 kbps
   t=40s | bitrate: 4500 kbps | tp: 30555 kbps | trace_bw: 30555 kbps
   t=52s | bitrate: 4500 kbps | tp: 46658 kbps | trace_bw: 46658 kbps
   t=64s | bitrate: 4500 kbps | tp: 28744 kbps | trace_bw: 28744 kbps
   t=76s | bitrate: 4500 kbps | tp: 42192 kbps | trace_bw: 42192 kbps
   t=88s | bitrate: 4500 kbps | tp: 46600 kbps | trace_bw: 46600 kbps
   t=100s | bitrate: 4500 kbps | tp: 42352 kbps | trace_bw: 42352 kbps
   t=112s | bitrate: 4500 kbps | tp: 46740 kbps | trace_bw: 46740 kbps

======================================================================
  BENCHMARK RESULTS (MOQ2 / moq-dev official stack)
======================================================================

  [TIMING]
      Startup delay:     692 ms
      Playback time:     120.0 s

  [BITRATE]
      Average (selected):  4,500 kbps
      Average (effective): 4,500 kbps

  [REBUFFERING]
      Events:            0
      Total time:        0 ms
      Ratio:             0.0000%

  [THROUGHPUT]
      Average:           43,486 kbps

  [ADAPTATION]
      Target latency:    3,000 ms
      Avg live latency:  0 ms
      Quality switches:  0 (↑0 / ↓0)
      Dropped fragments: 0

  [AVAILABLE BW (trace)]
      Average:           43,486 kbps

======================================================================

[SAVED] results/run_all_20260607_000000/moq2_fcc_2023/benchmark_moq2_fcc2023_037_unit949130_tc_20260608_115537.json

──────────────────────────────────────────────────────────────────────
  [39/150] fcc2023_038_unit9370_tc.csv
──────────────────────────────────────────────────────────────────────

======================================================================
  MOQ2 Streaming QoE Benchmark (moq-dev/moq stack, WebRTC-style)
======================================================================
  Relay:   http://127.0.0.1:4446
  Trace:   traces/fcc_2023/fcc2023_038_unit9370_tc.csv
  Mode:    sender-side measurement (no browser player)
======================================================================

   Delivered ladder: 100k, 600k, 1200k, 2000k, 3000k, 4500k
[PLAYBACK] Collecting metrics (sender-side)...
   t=4s | bitrate: 4500 kbps | tp: 42887 kbps | trace_bw: 42887 kbps
   t=16s | bitrate: 4500 kbps | tp: 49639 kbps | trace_bw: 49639 kbps
   t=28s | bitrate: 4500 kbps | tp: 49696 kbps | trace_bw: 49696 kbps
   t=40s | bitrate: 4500 kbps | tp: 49710 kbps | trace_bw: 49710 kbps
   t=52s | bitrate: 4500 kbps | tp: 49585 kbps | trace_bw: 49585 kbps
   t=64s | bitrate: 4500 kbps | tp: 49645 kbps | trace_bw: 49645 kbps
   t=76s | bitrate: 4500 kbps | tp: 49726 kbps | trace_bw: 49726 kbps
   t=88s | bitrate: 4500 kbps | tp: 49619 kbps | trace_bw: 49619 kbps
   t=100s | bitrate: 4500 kbps | tp: 44280 kbps | trace_bw: 44280 kbps
   t=112s | bitrate: 4500 kbps | tp: 49637 kbps | trace_bw: 49637 kbps

======================================================================
  BENCHMARK RESULTS (MOQ2 / moq-dev official stack)
======================================================================

  [TIMING]
      Startup delay:     686 ms
      Playback time:     120.0 s

  [BITRATE]
      Average (selected):  4,500 kbps
      Average (effective): 4,500 kbps

  [REBUFFERING]
      Events:            0
      Total time:        0 ms
      Ratio:             0.0000%

  [THROUGHPUT]
      Average:           48,854 kbps

  [ADAPTATION]
      Target latency:    3,000 ms
      Avg live latency:  0 ms
      Quality switches:  0 (↑0 / ↓0)
      Dropped fragments: 0

  [AVAILABLE BW (trace)]
      Average:           48,854 kbps

======================================================================

[SAVED] results/run_all_20260607_000000/moq2_fcc_2023/benchmark_moq2_fcc2023_038_unit9370_tc_20260608_115552.json

──────────────────────────────────────────────────────────────────────
  [40/150] fcc2023_039_unit948526_tc.csv
──────────────────────────────────────────────────────────────────────

======================================================================
  MOQ2 Streaming QoE Benchmark (moq-dev/moq stack, WebRTC-style)
======================================================================
  Relay:   http://127.0.0.1:4446
  Trace:   traces/fcc_2023/fcc2023_039_unit948526_tc.csv
  Mode:    sender-side measurement (no browser player)
======================================================================

   Delivered ladder: 100k, 600k, 1200k, 2000k, 3000k, 4500k
[PLAYBACK] Collecting metrics (sender-side)...
   t=4s | bitrate: 4500 kbps | tp: 35692 kbps | trace_bw: 35692 kbps
   t=16s | bitrate: 4500 kbps | tp: 32853 kbps | trace_bw: 32853 kbps
   t=28s | bitrate: 4500 kbps | tp: 39383 kbps | trace_bw: 39383 kbps
   t=40s | bitrate: 4500 kbps | tp: 46373 kbps | trace_bw: 46373 kbps
   t=52s | bitrate: 4500 kbps | tp: 30405 kbps | trace_bw: 30405 kbps
   t=64s | bitrate: 4500 kbps | tp: 37316 kbps | trace_bw: 37316 kbps
   t=76s | bitrate: 4500 kbps | tp: 28984 kbps | trace_bw: 28984 kbps
   t=88s | bitrate: 4500 kbps | tp: 52687 kbps | trace_bw: 52687 kbps
   t=100s | bitrate: 4500 kbps | tp: 53753 kbps | trace_bw: 53753 kbps
   t=112s | bitrate: 4500 kbps | tp: 50070 kbps | trace_bw: 50070 kbps

======================================================================
  BENCHMARK RESULTS (MOQ2 / moq-dev official stack)
======================================================================

  [TIMING]
      Startup delay:     824 ms
      Playback time:     120.0 s

  [BITRATE]
      Average (selected):  4,500 kbps
      Average (effective): 4,500 kbps

  [REBUFFERING]
      Events:            0
      Total time:        0 ms
      Ratio:             0.0000%

  [THROUGHPUT]
      Average:           38,109 kbps

  [ADAPTATION]
      Target latency:    3,000 ms
      Avg live latency:  0 ms
      Quality switches:  0 (↑0 / ↓0)
      Dropped fragments: 0

  [AVAILABLE BW (trace)]
      Average:           38,109 kbps

======================================================================

[SAVED] results/run_all_20260607_000000/moq2_fcc_2023/benchmark_moq2_fcc2023_039_unit948526_tc_20260608_115605.json

──────────────────────────────────────────────────────────────────────
  [41/150] fcc2023_040_unit890886_tc.csv
──────────────────────────────────────────────────────────────────────

======================================================================
  MOQ2 Streaming QoE Benchmark (moq-dev/moq stack, WebRTC-style)
======================================================================
  Relay:   http://127.0.0.1:4446
  Trace:   traces/fcc_2023/fcc2023_040_unit890886_tc.csv
  Mode:    sender-side measurement (no browser player)
======================================================================

   Delivered ladder: 100k, 600k, 1200k, 2000k, 3000k, 4500k
[PLAYBACK] Collecting metrics (sender-side)...
   t=4s | bitrate: 4500 kbps | tp: 43112 kbps | trace_bw: 43112 kbps
   t=16s | bitrate: 4500 kbps | tp: 54403 kbps | trace_bw: 54403 kbps
   t=28s | bitrate: 4500 kbps | tp: 54385 kbps | trace_bw: 54385 kbps
   t=40s | bitrate: 4500 kbps | tp: 50091 kbps | trace_bw: 50091 kbps
   t=52s | bitrate: 4500 kbps | tp: 49879 kbps | trace_bw: 49879 kbps
   t=64s | bitrate: 4500 kbps | tp: 54502 kbps | trace_bw: 54502 kbps
   t=76s | bitrate: 4500 kbps | tp: 54259 kbps | trace_bw: 54259 kbps
   t=88s | bitrate: 4500 kbps | tp: 54441 kbps | trace_bw: 54441 kbps
   t=100s | bitrate: 4500 kbps | tp: 53089 kbps | trace_bw: 53089 kbps
   t=112s | bitrate: 4500 kbps | tp: 53495 kbps | trace_bw: 53495 kbps

======================================================================
  BENCHMARK RESULTS (MOQ2 / moq-dev official stack)
======================================================================

  [TIMING]
      Startup delay:     682 ms
      Playback time:     120.0 s

  [BITRATE]
      Average (selected):  4,500 kbps
      Average (effective): 4,500 kbps

  [REBUFFERING]
      Events:            0
      Total time:        0 ms
      Ratio:             0.0000%

  [THROUGHPUT]
      Average:           51,309 kbps

  [ADAPTATION]
      Target latency:    3,000 ms
      Avg live latency:  0 ms
      Quality switches:  0 (↑0 / ↓0)
      Dropped fragments: 0

  [AVAILABLE BW (trace)]
      Average:           51,309 kbps

======================================================================

[SAVED] results/run_all_20260607_000000/moq2_fcc_2023/benchmark_moq2_fcc2023_040_unit890886_tc_20260608_115623.json

──────────────────────────────────────────────────────────────────────
  [42/150] fcc2023_041_unit1001230_tc.csv
──────────────────────────────────────────────────────────────────────

======================================================================
  MOQ2 Streaming QoE Benchmark (moq-dev/moq stack, WebRTC-style)
======================================================================
  Relay:   http://127.0.0.1:4446
  Trace:   traces/fcc_2023/fcc2023_041_unit1001230_tc.csv
  Mode:    sender-side measurement (no browser player)
======================================================================

   Delivered ladder: 100k, 600k, 1200k, 2000k, 3000k, 4500k
[PLAYBACK] Collecting metrics (sender-side)...
   t=4s | bitrate: 4500 kbps | tp: 56923 kbps | trace_bw: 56923 kbps
   t=16s | bitrate: 4500 kbps | tp: 56829 kbps | trace_bw: 56829 kbps
   t=28s | bitrate: 4500 kbps | tp: 57046 kbps | trace_bw: 57046 kbps
   t=40s | bitrate: 4500 kbps | tp: 56921 kbps | trace_bw: 56921 kbps
   t=52s | bitrate: 4500 kbps | tp: 57049 kbps | trace_bw: 57049 kbps
   t=64s | bitrate: 4500 kbps | tp: 56838 kbps | trace_bw: 56838 kbps
   t=76s | bitrate: 4500 kbps | tp: 57047 kbps | trace_bw: 57047 kbps
   t=88s | bitrate: 4500 kbps | tp: 56922 kbps | trace_bw: 56922 kbps
   t=100s | bitrate: 4500 kbps | tp: 57033 kbps | trace_bw: 57033 kbps
   t=112s | bitrate: 4500 kbps | tp: 56918 kbps | trace_bw: 56918 kbps

======================================================================
  BENCHMARK RESULTS (MOQ2 / moq-dev official stack)
======================================================================

  [TIMING]
      Startup delay:     517 ms
      Playback time:     120.0 s

  [BITRATE]
      Average (selected):  4,500 kbps
      Average (effective): 4,500 kbps

  [REBUFFERING]
      Events:            0
      Total time:        0 ms
      Ratio:             0.0000%

  [THROUGHPUT]
      Average:           56,840 kbps

  [ADAPTATION]
      Target latency:    3,000 ms
      Avg live latency:  0 ms
      Quality switches:  0 (↑0 / ↓0)
      Dropped fragments: 0

  [AVAILABLE BW (trace)]
      Average:           56,840 kbps

======================================================================

[SAVED] results/run_all_20260607_000000/moq2_fcc_2023/benchmark_moq2_fcc2023_041_unit1001230_tc_20260608_115636.json

──────────────────────────────────────────────────────────────────────
  [43/150] fcc2023_042_unit3898377_tc.csv
──────────────────────────────────────────────────────────────────────

======================================================================
  MOQ2 Streaming QoE Benchmark (moq-dev/moq stack, WebRTC-style)
======================================================================
  Relay:   http://127.0.0.1:4446
  Trace:   traces/fcc_2023/fcc2023_042_unit3898377_tc.csv
  Mode:    sender-side measurement (no browser player)
======================================================================

   Delivered ladder: 100k, 600k, 1200k, 2000k, 3000k, 4500k
[PLAYBACK] Collecting metrics (sender-side)...
   t=4s | bitrate: 4500 kbps | tp: 59158 kbps | trace_bw: 59158 kbps
   t=16s | bitrate: 4500 kbps | tp: 59145 kbps | trace_bw: 59145 kbps
   t=28s | bitrate: 4500 kbps | tp: 59007 kbps | trace_bw: 59007 kbps
   t=40s | bitrate: 4500 kbps | tp: 59142 kbps | trace_bw: 59142 kbps
   t=52s | bitrate: 4500 kbps | tp: 59142 kbps | trace_bw: 59142 kbps
   t=64s | bitrate: 4500 kbps | tp: 59144 kbps | trace_bw: 59144 kbps
   t=76s | bitrate: 4500 kbps | tp: 59146 kbps | trace_bw: 59146 kbps
   t=88s | bitrate: 4500 kbps | tp: 59143 kbps | trace_bw: 59143 kbps
   t=100s | bitrate: 4500 kbps | tp: 59106 kbps | trace_bw: 59106 kbps
   t=112s | bitrate: 4500 kbps | tp: 59144 kbps | trace_bw: 59144 kbps

======================================================================
  BENCHMARK RESULTS (MOQ2 / moq-dev official stack)
======================================================================

  [TIMING]
      Startup delay:     497 ms
      Playback time:     120.0 s

  [BITRATE]
      Average (selected):  4,500 kbps
      Average (effective): 4,500 kbps

  [REBUFFERING]
      Events:            0
      Total time:        0 ms
      Ratio:             0.0000%

  [THROUGHPUT]
      Average:           58,785 kbps

  [ADAPTATION]
      Target latency:    3,000 ms
      Avg live latency:  0 ms
      Quality switches:  0 (↑0 / ↓0)
      Dropped fragments: 0

  [AVAILABLE BW (trace)]
      Average:           58,785 kbps

======================================================================

[SAVED] results/run_all_20260607_000000/moq2_fcc_2023/benchmark_moq2_fcc2023_042_unit3898377_tc_20260608_115647.json

──────────────────────────────────────────────────────────────────────
  [44/150] fcc2023_043_unit81885817_tc.csv
──────────────────────────────────────────────────────────────────────

======================================================================
  MOQ2 Streaming QoE Benchmark (moq-dev/moq stack, WebRTC-style)
======================================================================
  Relay:   http://127.0.0.1:4446
  Trace:   traces/fcc_2023/fcc2023_043_unit81885817_tc.csv
  Mode:    sender-side measurement (no browser player)
======================================================================

   Delivered ladder: 100k, 600k, 1200k, 2000k, 3000k, 4500k
[PLAYBACK] Collecting metrics (sender-side)...
   t=4s | bitrate: 4500 kbps | tp: 61715 kbps | trace_bw: 61715 kbps
   t=16s | bitrate: 4500 kbps | tp: 61771 kbps | trace_bw: 61771 kbps
   t=28s | bitrate: 4500 kbps | tp: 59934 kbps | trace_bw: 59934 kbps
   t=40s | bitrate: 4500 kbps | tp: 61362 kbps | trace_bw: 61362 kbps
   t=52s | bitrate: 4500 kbps | tp: 61486 kbps | trace_bw: 61486 kbps
   t=64s | bitrate: 4500 kbps | tp: 61537 kbps | trace_bw: 61537 kbps
   t=76s | bitrate: 4500 kbps | tp: 60582 kbps | trace_bw: 60582 kbps
   t=88s | bitrate: 4500 kbps | tp: 61752 kbps | trace_bw: 61752 kbps
   t=100s | bitrate: 4500 kbps | tp: 61778 kbps | trace_bw: 61778 kbps
   t=112s | bitrate: 4500 kbps | tp: 61764 kbps | trace_bw: 61764 kbps

======================================================================
  BENCHMARK RESULTS (MOQ2 / moq-dev official stack)
======================================================================

  [TIMING]
      Startup delay:     477 ms
      Playback time:     120.0 s

  [BITRATE]
      Average (selected):  4,500 kbps
      Average (effective): 4,500 kbps

  [REBUFFERING]
      Events:            0
      Total time:        0 ms
      Ratio:             0.0000%

  [THROUGHPUT]
      Average:           61,415 kbps

  [ADAPTATION]
      Target latency:    3,000 ms
      Avg live latency:  0 ms
      Quality switches:  0 (↑0 / ↓0)
      Dropped fragments: 0

  [AVAILABLE BW (trace)]
      Average:           61,415 kbps

======================================================================

[SAVED] results/run_all_20260607_000000/moq2_fcc_2023/benchmark_moq2_fcc2023_043_unit81885817_tc_20260608_115658.json

──────────────────────────────────────────────────────────────────────
  [45/150] fcc2023_044_unit210440_tc.csv
──────────────────────────────────────────────────────────────────────

======================================================================
  MOQ2 Streaming QoE Benchmark (moq-dev/moq stack, WebRTC-style)
======================================================================
  Relay:   http://127.0.0.1:4446
  Trace:   traces/fcc_2023/fcc2023_044_unit210440_tc.csv
  Mode:    sender-side measurement (no browser player)
======================================================================

   Delivered ladder: 100k, 600k, 1200k, 2000k, 3000k, 4500k
[PLAYBACK] Collecting metrics (sender-side)...
   t=4s | bitrate: 4500 kbps | tp: 66140 kbps | trace_bw: 66140 kbps
   t=16s | bitrate: 4500 kbps | tp: 54074 kbps | trace_bw: 54074 kbps
   t=28s | bitrate: 4500 kbps | tp: 67085 kbps | trace_bw: 67085 kbps
   t=40s | bitrate: 4500 kbps | tp: 66984 kbps | trace_bw: 66984 kbps
   t=52s | bitrate: 4500 kbps | tp: 66732 kbps | trace_bw: 66732 kbps
   t=64s | bitrate: 4500 kbps | tp: 61058 kbps | trace_bw: 61058 kbps
   t=76s | bitrate: 4500 kbps | tp: 66418 kbps | trace_bw: 66418 kbps
   t=88s | bitrate: 4500 kbps | tp: 60690 kbps | trace_bw: 60690 kbps
   t=100s | bitrate: 4500 kbps | tp: 48840 kbps | trace_bw: 48840 kbps
   t=112s | bitrate: 4500 kbps | tp: 67172 kbps | trace_bw: 67172 kbps

======================================================================
  BENCHMARK RESULTS (MOQ2 / moq-dev official stack)
======================================================================

  [TIMING]
      Startup delay:     445 ms
      Playback time:     120.0 s

  [BITRATE]
      Average (selected):  4,500 kbps
      Average (effective): 4,500 kbps

  [REBUFFERING]
      Events:            0
      Total time:        0 ms
      Ratio:             0.0000%

  [THROUGHPUT]
      Average:           64,619 kbps

  [ADAPTATION]
      Target latency:    3,000 ms
      Avg live latency:  0 ms
      Quality switches:  0 (↑0 / ↓0)
      Dropped fragments: 0

  [AVAILABLE BW (trace)]
      Average:           64,619 kbps

======================================================================

[SAVED] results/run_all_20260607_000000/moq2_fcc_2023/benchmark_moq2_fcc2023_044_unit210440_tc_20260608_115709.json

──────────────────────────────────────────────────────────────────────
  [46/150] fcc2023_045_unit82066565_tc.csv
──────────────────────────────────────────────────────────────────────

======================================================================
  MOQ2 Streaming QoE Benchmark (moq-dev/moq stack, WebRTC-style)
======================================================================
  Relay:   http://127.0.0.1:4446
  Trace:   traces/fcc_2023/fcc2023_045_unit82066565_tc.csv
  Mode:    sender-side measurement (no browser player)
======================================================================

   Delivered ladder: 100k, 600k, 1200k, 2000k, 3000k, 4500k
[PLAYBACK] Collecting metrics (sender-side)...
   t=4s | bitrate: 4500 kbps | tp: 68163 kbps | trace_bw: 68163 kbps
   t=16s | bitrate: 4500 kbps | tp: 69082 kbps | trace_bw: 69082 kbps
   t=28s | bitrate: 4500 kbps | tp: 69020 kbps | trace_bw: 69020 kbps
   t=40s | bitrate: 4500 kbps | tp: 64695 kbps | trace_bw: 64695 kbps
   t=52s | bitrate: 4500 kbps | tp: 69197 kbps | trace_bw: 69197 kbps
   t=64s | bitrate: 4500 kbps | tp: 69187 kbps | trace_bw: 69187 kbps
   t=76s | bitrate: 4500 kbps | tp: 68758 kbps | trace_bw: 68758 kbps
   t=88s | bitrate: 4500 kbps | tp: 69194 kbps | trace_bw: 69194 kbps
   t=100s | bitrate: 4500 kbps | tp: 69150 kbps | trace_bw: 69150 kbps
   t=112s | bitrate: 4500 kbps | tp: 69197 kbps | trace_bw: 69197 kbps

======================================================================
  BENCHMARK RESULTS (MOQ2 / moq-dev official stack)
======================================================================

  [TIMING]
      Startup delay:     431 ms
      Playback time:     120.0 s

  [BITRATE]
      Average (selected):  4,500 kbps
      Average (effective): 4,500 kbps

  [REBUFFERING]
      Events:            0
      Total time:        0 ms
      Ratio:             0.0000%

  [THROUGHPUT]
      Average:           68,350 kbps

  [ADAPTATION]
      Target latency:    3,000 ms
      Avg live latency:  0 ms
      Quality switches:  0 (↑0 / ↓0)
      Dropped fragments: 0

  [AVAILABLE BW (trace)]
      Average:           68,350 kbps

======================================================================

[SAVED] results/run_all_20260607_000000/moq2_fcc_2023/benchmark_moq2_fcc2023_045_unit82066565_tc_20260608_115719.json

──────────────────────────────────────────────────────────────────────
  [47/150] fcc2023_046_unit39774713_tc.csv
──────────────────────────────────────────────────────────────────────

======================================================================
  MOQ2 Streaming QoE Benchmark (moq-dev/moq stack, WebRTC-style)
======================================================================
  Relay:   http://127.0.0.1:4446
  Trace:   traces/fcc_2023/fcc2023_046_unit39774713_tc.csv
  Mode:    sender-side measurement (no browser player)
======================================================================

   Delivered ladder: 100k, 600k, 1200k, 2000k, 3000k, 4500k
[PLAYBACK] Collecting metrics (sender-side)...
   t=4s | bitrate: 4500 kbps | tp: 74333 kbps | trace_bw: 74333 kbps
   t=16s | bitrate: 4500 kbps | tp: 66505 kbps | trace_bw: 66505 kbps
   t=28s | bitrate: 4500 kbps | tp: 66854 kbps | trace_bw: 66854 kbps
   t=40s | bitrate: 4500 kbps | tp: 60985 kbps | trace_bw: 60985 kbps
   t=52s | bitrate: 4500 kbps | tp: 45787 kbps | trace_bw: 45787 kbps
   t=64s | bitrate: 4500 kbps | tp: 73774 kbps | trace_bw: 73774 kbps
   t=76s | bitrate: 4500 kbps | tp: 70812 kbps | trace_bw: 70812 kbps
   t=88s | bitrate: 4500 kbps | tp: 60615 kbps | trace_bw: 60615 kbps
   t=100s | bitrate: 4500 kbps | tp: 75013 kbps | trace_bw: 75013 kbps
   t=112s | bitrate: 4500 kbps | tp: 74905 kbps | trace_bw: 74905 kbps

======================================================================
  BENCHMARK RESULTS (MOQ2 / moq-dev official stack)
======================================================================

  [TIMING]
      Startup delay:     396 ms
      Playback time:     120.0 s

  [BITRATE]
      Average (selected):  4,500 kbps
      Average (effective): 4,500 kbps

  [REBUFFERING]
      Events:            0
      Total time:        0 ms
      Ratio:             0.0000%

  [THROUGHPUT]
      Average:           69,821 kbps

  [ADAPTATION]
      Target latency:    3,000 ms
      Avg live latency:  0 ms
      Quality switches:  0 (↑0 / ↓0)
      Dropped fragments: 0

  [AVAILABLE BW (trace)]
      Average:           69,821 kbps

======================================================================

[SAVED] results/run_all_20260607_000000/moq2_fcc_2023/benchmark_moq2_fcc2023_046_unit39774713_tc_20260608_115729.json

──────────────────────────────────────────────────────────────────────
  [48/150] fcc2023_047_unit35245309_tc.csv
──────────────────────────────────────────────────────────────────────

======================================================================
  MOQ2 Streaming QoE Benchmark (moq-dev/moq stack, WebRTC-style)
======================================================================
  Relay:   http://127.0.0.1:4446
  Trace:   traces/fcc_2023/fcc2023_047_unit35245309_tc.csv
  Mode:    sender-side measurement (no browser player)
======================================================================

   Delivered ladder: 100k, 600k, 1200k, 2000k, 3000k, 4500k
[PLAYBACK] Collecting metrics (sender-side)...
   t=4s | bitrate: 4500 kbps | tp: 112756 kbps | trace_bw: 112756 kbps
   t=16s | bitrate: 4500 kbps | tp: 55800 kbps | trace_bw: 55800 kbps
   t=28s | bitrate: 4500 kbps | tp: 196942 kbps | trace_bw: 196942 kbps
   t=40s | bitrate: 4500 kbps | tp: 135650 kbps | trace_bw: 135650 kbps
   t=52s | bitrate: 4500 kbps | tp: 7862 kbps | trace_bw: 7862 kbps
   t=64s | bitrate: 4500 kbps | tp: 200092 kbps | trace_bw: 200092 kbps
   t=76s | bitrate: 4500 kbps | tp: 155039 kbps | trace_bw: 155039 kbps
   t=88s | bitrate: 4500 kbps | tp: 46794 kbps | trace_bw: 46794 kbps
   t=100s | bitrate: 4500 kbps | tp: 34253 kbps | trace_bw: 34253 kbps
   t=112s | bitrate: 4500 kbps | tp: 123235 kbps | trace_bw: 123235 kbps

======================================================================
  BENCHMARK RESULTS (MOQ2 / moq-dev official stack)
======================================================================

  [TIMING]
      Startup delay:     261 ms
      Playback time:     120.0 s

  [BITRATE]
      Average (selected):  4,500 kbps
      Average (effective): 4,500 kbps

  [REBUFFERING]
      Events:            0
      Total time:        0 ms
      Ratio:             0.0000%

  [THROUGHPUT]
      Average:           108,661 kbps

  [ADAPTATION]
      Target latency:    3,000 ms
      Avg live latency:  0 ms
      Quality switches:  0 (↑0 / ↓0)
      Dropped fragments: 0

  [AVAILABLE BW (trace)]
      Average:           108,661 kbps

======================================================================

[SAVED] results/run_all_20260607_000000/moq2_fcc_2023/benchmark_moq2_fcc2023_047_unit35245309_tc_20260608_115739.json

──────────────────────────────────────────────────────────────────────
  [49/150] fcc2023_048_unit915714_tc.csv
──────────────────────────────────────────────────────────────────────

======================================================================
  MOQ2 Streaming QoE Benchmark (moq-dev/moq stack, WebRTC-style)
======================================================================
  Relay:   http://127.0.0.1:4446
  Trace:   traces/fcc_2023/fcc2023_048_unit915714_tc.csv
  Mode:    sender-side measurement (no browser player)
======================================================================

   Delivered ladder: 100k, 600k, 1200k, 2000k, 3000k, 4500k
[PLAYBACK] Collecting metrics (sender-side)...
   t=4s | bitrate: 4500 kbps | tp: 95642 kbps | trace_bw: 95642 kbps
   t=16s | bitrate: 4500 kbps | tp: 81832 kbps | trace_bw: 81832 kbps
   t=28s | bitrate: 4500 kbps | tp: 105144 kbps | trace_bw: 105144 kbps
   t=40s | bitrate: 4500 kbps | tp: 86432 kbps | trace_bw: 86432 kbps
   t=52s | bitrate: 4500 kbps | tp: 93049 kbps | trace_bw: 93049 kbps
   t=64s | bitrate: 4500 kbps | tp: 122115 kbps | trace_bw: 122115 kbps
   t=76s | bitrate: 4500 kbps | tp: 90833 kbps | trace_bw: 90833 kbps
   t=88s | bitrate: 4500 kbps | tp: 77255 kbps | trace_bw: 77255 kbps
   t=100s | bitrate: 4500 kbps | tp: 69693 kbps | trace_bw: 69693 kbps
   t=112s | bitrate: 4500 kbps | tp: 86590 kbps | trace_bw: 86590 kbps

======================================================================
  BENCHMARK RESULTS (MOQ2 / moq-dev official stack)
======================================================================

  [TIMING]
      Startup delay:     308 ms
      Playback time:     120.0 s

  [BITRATE]
      Average (selected):  4,500 kbps
      Average (effective): 4,500 kbps

  [REBUFFERING]
      Events:            0
      Total time:        0 ms
      Ratio:             0.0000%

  [THROUGHPUT]
      Average:           84,944 kbps

  [ADAPTATION]
      Target latency:    3,000 ms
      Avg live latency:  0 ms
      Quality switches:  0 (↑0 / ↓0)
      Dropped fragments: 0

  [AVAILABLE BW (trace)]
      Average:           84,944 kbps

======================================================================

[SAVED] results/run_all_20260607_000000/moq2_fcc_2023/benchmark_moq2_fcc2023_048_unit915714_tc_20260608_115751.json

──────────────────────────────────────────────────────────────────────
  [50/150] fcc2023_049_unit24807053_tc.csv
──────────────────────────────────────────────────────────────────────

======================================================================
  MOQ2 Streaming QoE Benchmark (moq-dev/moq stack, WebRTC-style)
======================================================================
  Relay:   http://127.0.0.1:4446
  Trace:   traces/fcc_2023/fcc2023_049_unit24807053_tc.csv
  Mode:    sender-side measurement (no browser player)
======================================================================

   Delivered ladder: 100k, 600k, 1200k, 2000k, 3000k, 4500k
[PLAYBACK] Collecting metrics (sender-side)...
   t=4s | bitrate: 4500 kbps | tp: 81967 kbps | trace_bw: 81967 kbps
   t=16s | bitrate: 4500 kbps | tp: 81847 kbps | trace_bw: 81847 kbps
   t=28s | bitrate: 4500 kbps | tp: 81958 kbps | trace_bw: 81958 kbps
   t=40s | bitrate: 4500 kbps | tp: 81965 kbps | trace_bw: 81965 kbps
   t=52s | bitrate: 4500 kbps | tp: 81970 kbps | trace_bw: 81970 kbps
   t=64s | bitrate: 4500 kbps | tp: 81844 kbps | trace_bw: 81844 kbps
   t=76s | bitrate: 4500 kbps | tp: 80572 kbps | trace_bw: 80572 kbps
   t=88s | bitrate: 4500 kbps | tp: 82145 kbps | trace_bw: 82145 kbps
   t=100s | bitrate: 4500 kbps | tp: 80655 kbps | trace_bw: 80655 kbps
   t=112s | bitrate: 4500 kbps | tp: 82027 kbps | trace_bw: 82027 kbps

======================================================================
  BENCHMARK RESULTS (MOQ2 / moq-dev official stack)
======================================================================

  [TIMING]
      Startup delay:     359 ms
      Playback time:     120.0 s

  [BITRATE]
      Average (selected):  4,500 kbps
      Average (effective): 4,500 kbps

  [REBUFFERING]
      Events:            0
      Total time:        0 ms
      Ratio:             0.0000%

  [THROUGHPUT]
      Average:           81,608 kbps

  [ADAPTATION]
      Target latency:    3,000 ms
      Avg live latency:  0 ms
      Quality switches:  0 (↑0 / ↓0)
      Dropped fragments: 0

  [AVAILABLE BW (trace)]
      Average:           81,608 kbps

======================================================================

[SAVED] results/run_all_20260607_000000/moq2_fcc_2023/benchmark_moq2_fcc2023_049_unit24807053_tc_20260608_115800.json

──────────────────────────────────────────────────────────────────────
  [51/150] fcc2023_050_unit217196_tc.csv
──────────────────────────────────────────────────────────────────────

======================================================================
  MOQ2 Streaming QoE Benchmark (moq-dev/moq stack, WebRTC-style)
======================================================================
  Relay:   http://127.0.0.1:4446
  Trace:   traces/fcc_2023/fcc2023_050_unit217196_tc.csv
  Mode:    sender-side measurement (no browser player)
======================================================================

   Delivered ladder: 100k, 600k, 1200k, 2000k, 3000k, 4500k
[PLAYBACK] Collecting metrics (sender-side)...
   t=4s | bitrate: 4500 kbps | tp: 91835 kbps | trace_bw: 91835 kbps
   t=16s | bitrate: 4500 kbps | tp: 87953 kbps | trace_bw: 87953 kbps
   t=28s | bitrate: 4500 kbps | tp: 92369 kbps | trace_bw: 92369 kbps
   t=40s | bitrate: 4500 kbps | tp: 85019 kbps | trace_bw: 85019 kbps
   t=52s | bitrate: 4500 kbps | tp: 89608 kbps | trace_bw: 89608 kbps
   t=64s | bitrate: 4500 kbps | tp: 56608 kbps | trace_bw: 56608 kbps
   t=76s | bitrate: 4500 kbps | tp: 81494 kbps | trace_bw: 81494 kbps
   t=88s | bitrate: 4500 kbps | tp: 46125 kbps | trace_bw: 46125 kbps
   t=100s | bitrate: 4500 kbps | tp: 21649 kbps | trace_bw: 21649 kbps
   t=112s | bitrate: 4500 kbps | tp: 34794 kbps | trace_bw: 34794 kbps

======================================================================
  BENCHMARK RESULTS (MOQ2 / moq-dev official stack)
======================================================================

  [TIMING]
      Startup delay:     320 ms
      Playback time:     120.0 s

  [BITRATE]
      Average (selected):  4,500 kbps
      Average (effective): 4,500 kbps

  [REBUFFERING]
      Events:            0
      Total time:        0 ms
      Ratio:             0.0000%

  [THROUGHPUT]
      Average:           62,490 kbps

  [ADAPTATION]
      Target latency:    3,000 ms
      Avg live latency:  0 ms
      Quality switches:  0 (↑0 / ↓0)
      Dropped fragments: 0

  [AVAILABLE BW (trace)]
      Average:           62,490 kbps

======================================================================

[SAVED] results/run_all_20260607_000000/moq2_fcc_2023/benchmark_moq2_fcc2023_050_unit217196_tc_20260608_115809.json

──────────────────────────────────────────────────────────────────────
  [52/150] fcc2023_051_unit214394_tc.csv
──────────────────────────────────────────────────────────────────────

======================================================================
  MOQ2 Streaming QoE Benchmark (moq-dev/moq stack, WebRTC-style)
======================================================================
  Relay:   http://127.0.0.1:4446
  Trace:   traces/fcc_2023/fcc2023_051_unit214394_tc.csv
  Mode:    sender-side measurement (no browser player)
======================================================================

   Delivered ladder: 100k, 600k, 1200k, 2000k, 3000k, 4500k
[PLAYBACK] Collecting metrics (sender-side)...
   t=4s | bitrate: 4500 kbps | tp: 72565 kbps | trace_bw: 72565 kbps
   t=16s | bitrate: 4500 kbps | tp: 88319 kbps | trace_bw: 88319 kbps
   t=28s | bitrate: 4500 kbps | tp: 80613 kbps | trace_bw: 80613 kbps
   t=40s | bitrate: 4500 kbps | tp: 75589 kbps | trace_bw: 75589 kbps
   t=52s | bitrate: 4500 kbps | tp: 73025 kbps | trace_bw: 73025 kbps
   t=64s | bitrate: 4500 kbps | tp: 78058 kbps | trace_bw: 78058 kbps
   t=76s | bitrate: 4500 kbps | tp: 85637 kbps | trace_bw: 85637 kbps
   t=88s | bitrate: 4500 kbps | tp: 79197 kbps | trace_bw: 79197 kbps
   t=100s | bitrate: 4500 kbps | tp: 84419 kbps | trace_bw: 84419 kbps
   t=112s | bitrate: 4500 kbps | tp: 81012 kbps | trace_bw: 81012 kbps

======================================================================
  BENCHMARK RESULTS (MOQ2 / moq-dev official stack)
======================================================================

  [TIMING]
      Startup delay:     405 ms
      Playback time:     120.0 s

  [BITRATE]
      Average (selected):  4,500 kbps
      Average (effective): 4,500 kbps

  [REBUFFERING]
      Events:            0
      Total time:        0 ms
      Ratio:             0.0000%

  [THROUGHPUT]
      Average:           81,253 kbps

  [ADAPTATION]
      Target latency:    3,000 ms
      Avg live latency:  0 ms
      Quality switches:  0 (↑0 / ↓0)
      Dropped fragments: 0

  [AVAILABLE BW (trace)]
      Average:           81,253 kbps

======================================================================

[SAVED] results/run_all_20260607_000000/moq2_fcc_2023/benchmark_moq2_fcc2023_051_unit214394_tc_20260608_115821.json

──────────────────────────────────────────────────────────────────────
  [53/150] fcc2023_052_unit24806729_tc.csv
──────────────────────────────────────────────────────────────────────

======================================================================
  MOQ2 Streaming QoE Benchmark (moq-dev/moq stack, WebRTC-style)
======================================================================
  Relay:   http://127.0.0.1:4446
  Trace:   traces/fcc_2023/fcc2023_052_unit24806729_tc.csv
  Mode:    sender-side measurement (no browser player)
======================================================================

   Delivered ladder: 100k, 600k, 1200k, 2000k, 3000k, 4500k
[PLAYBACK] Collecting metrics (sender-side)...
   t=4s | bitrate: 4500 kbps | tp: 31833 kbps | trace_bw: 31833 kbps
   t=16s | bitrate: 4500 kbps | tp: 87387 kbps | trace_bw: 87387 kbps
   t=28s | bitrate: 4500 kbps | tp: 118191 kbps | trace_bw: 118191 kbps
   t=40s | bitrate: 4500 kbps | tp: 27569 kbps | trace_bw: 27569 kbps
   t=52s | bitrate: 4500 kbps | tp: 91445 kbps | trace_bw: 91445 kbps
   t=64s | bitrate: 4500 kbps | tp: 90002 kbps | trace_bw: 90002 kbps
   t=76s | bitrate: 4500 kbps | tp: 35351 kbps | trace_bw: 35351 kbps
   t=88s | bitrate: 4500 kbps | tp: 88093 kbps | trace_bw: 88093 kbps
   t=100s | bitrate: 4500 kbps | tp: 197619 kbps | trace_bw: 197619 kbps
   t=112s | bitrate: 4500 kbps | tp: 141343 kbps | trace_bw: 141343 kbps

======================================================================
  BENCHMARK RESULTS (MOQ2 / moq-dev official stack)
======================================================================

  [TIMING]
      Startup delay:     924 ms
      Playback time:     120.0 s

  [BITRATE]
      Average (selected):  4,500 kbps
      Average (effective): 4,500 kbps

  [REBUFFERING]
      Events:            0
      Total time:        0 ms
      Ratio:             0.0000%

  [THROUGHPUT]
      Average:           95,364 kbps

  [ADAPTATION]
      Target latency:    3,000 ms
      Avg live latency:  0 ms
      Quality switches:  0 (↑0 / ↓0)
      Dropped fragments: 0

  [AVAILABLE BW (trace)]
      Average:           95,364 kbps

======================================================================

[SAVED] results/run_all_20260607_000000/moq2_fcc_2023/benchmark_moq2_fcc2023_052_unit24806729_tc_20260608_115830.json

──────────────────────────────────────────────────────────────────────
  [54/150] fcc2023_053_unit10922_tc.csv
──────────────────────────────────────────────────────────────────────

======================================================================
  MOQ2 Streaming QoE Benchmark (moq-dev/moq stack, WebRTC-style)
======================================================================
  Relay:   http://127.0.0.1:4446
  Trace:   traces/fcc_2023/fcc2023_053_unit10922_tc.csv
  Mode:    sender-side measurement (no browser player)
======================================================================

   Delivered ladder: 100k, 600k, 1200k, 2000k, 3000k, 4500k
[PLAYBACK] Collecting metrics (sender-side)...
   t=4s | bitrate: 4500 kbps | tp: 88956 kbps | trace_bw: 88956 kbps
   t=16s | bitrate: 4500 kbps | tp: 88895 kbps | trace_bw: 88895 kbps
   t=28s | bitrate: 4500 kbps | tp: 88880 kbps | trace_bw: 88880 kbps
   t=40s | bitrate: 4500 kbps | tp: 89011 kbps | trace_bw: 89011 kbps
   t=52s | bitrate: 4500 kbps | tp: 88636 kbps | trace_bw: 88636 kbps
   t=64s | bitrate: 4500 kbps | tp: 89010 kbps | trace_bw: 89010 kbps
   t=76s | bitrate: 4500 kbps | tp: 88951 kbps | trace_bw: 88951 kbps
   t=88s | bitrate: 4500 kbps | tp: 88863 kbps | trace_bw: 88863 kbps
   t=100s | bitrate: 4500 kbps | tp: 88970 kbps | trace_bw: 88970 kbps
   t=112s | bitrate: 4500 kbps | tp: 88955 kbps | trace_bw: 88955 kbps

======================================================================
  BENCHMARK RESULTS (MOQ2 / moq-dev official stack)
======================================================================

  [TIMING]
      Startup delay:     331 ms
      Playback time:     120.0 s

  [BITRATE]
      Average (selected):  4,500 kbps
      Average (effective): 4,500 kbps

  [REBUFFERING]
      Events:            0
      Total time:        0 ms
      Ratio:             0.0000%

  [THROUGHPUT]
      Average:           88,818 kbps

  [ADAPTATION]
      Target latency:    3,000 ms
      Avg live latency:  0 ms
      Quality switches:  0 (↑0 / ↓0)
      Dropped fragments: 0

  [AVAILABLE BW (trace)]
      Average:           88,818 kbps

======================================================================

[SAVED] results/run_all_20260607_000000/moq2_fcc_2023/benchmark_moq2_fcc2023_053_unit10922_tc_20260608_115839.json

──────────────────────────────────────────────────────────────────────
  [55/150] fcc2023_054_unit5642_tc.csv
──────────────────────────────────────────────────────────────────────

======================================================================
  MOQ2 Streaming QoE Benchmark (moq-dev/moq stack, WebRTC-style)
======================================================================
  Relay:   http://127.0.0.1:4446
  Trace:   traces/fcc_2023/fcc2023_054_unit5642_tc.csv
  Mode:    sender-side measurement (no browser player)
======================================================================

   Delivered ladder: 100k, 600k, 1200k, 2000k, 3000k, 4500k
[PLAYBACK] Collecting metrics (sender-side)...
   t=4s | bitrate: 4500 kbps | tp: 89132 kbps | trace_bw: 89132 kbps
   t=16s | bitrate: 4500 kbps | tp: 89169 kbps | trace_bw: 89169 kbps
   t=28s | bitrate: 4500 kbps | tp: 89264 kbps | trace_bw: 89264 kbps
   t=40s | bitrate: 4500 kbps | tp: 89141 kbps | trace_bw: 89141 kbps
   t=52s | bitrate: 4500 kbps | tp: 89126 kbps | trace_bw: 89126 kbps
   t=64s | bitrate: 4500 kbps | tp: 89719 kbps | trace_bw: 89719 kbps
   t=76s | bitrate: 4500 kbps | tp: 89190 kbps | trace_bw: 89190 kbps
   t=88s | bitrate: 4500 kbps | tp: 89291 kbps | trace_bw: 89291 kbps
   t=100s | bitrate: 4500 kbps | tp: 89399 kbps | trace_bw: 89399 kbps
   t=112s | bitrate: 4500 kbps | tp: 89078 kbps | trace_bw: 89078 kbps

======================================================================
  BENCHMARK RESULTS (MOQ2 / moq-dev official stack)
======================================================================

  [TIMING]
      Startup delay:     330 ms
      Playback time:     120.0 s

  [BITRATE]
      Average (selected):  4,500 kbps
      Average (effective): 4,500 kbps

  [REBUFFERING]
      Events:            0
      Total time:        0 ms
      Ratio:             0.0000%

  [THROUGHPUT]
      Average:           89,296 kbps

  [ADAPTATION]
      Target latency:    3,000 ms
      Avg live latency:  0 ms
      Quality switches:  0 (↑0 / ↓0)
      Dropped fragments: 0

  [AVAILABLE BW (trace)]
      Average:           89,296 kbps

======================================================================

[SAVED] results/run_all_20260607_000000/moq2_fcc_2023/benchmark_moq2_fcc2023_054_unit5642_tc_20260608_115847.json

──────────────────────────────────────────────────────────────────────
  [56/150] fcc2023_055_unit222095_tc.csv
──────────────────────────────────────────────────────────────────────

======================================================================
  MOQ2 Streaming QoE Benchmark (moq-dev/moq stack, WebRTC-style)
======================================================================
  Relay:   http://127.0.0.1:4446
  Trace:   traces/fcc_2023/fcc2023_055_unit222095_tc.csv
  Mode:    sender-side measurement (no browser player)
======================================================================

   Delivered ladder: 100k, 600k, 1200k, 2000k, 3000k, 4500k
[PLAYBACK] Collecting metrics (sender-side)...
   t=4s | bitrate: 4500 kbps | tp: 79063 kbps | trace_bw: 79063 kbps
   t=16s | bitrate: 4500 kbps | tp: 87480 kbps | trace_bw: 87480 kbps
   t=28s | bitrate: 4500 kbps | tp: 90303 kbps | trace_bw: 90303 kbps
   t=40s | bitrate: 4500 kbps | tp: 94587 kbps | trace_bw: 94587 kbps
   t=52s | bitrate: 4500 kbps | tp: 93785 kbps | trace_bw: 93785 kbps
   t=64s | bitrate: 4500 kbps | tp: 87388 kbps | trace_bw: 87388 kbps
   t=76s | bitrate: 4500 kbps | tp: 93619 kbps | trace_bw: 93619 kbps
   t=88s | bitrate: 4500 kbps | tp: 86458 kbps | trace_bw: 86458 kbps
   t=100s | bitrate: 4500 kbps | tp: 90047 kbps | trace_bw: 90047 kbps
   t=112s | bitrate: 4500 kbps | tp: 94089 kbps | trace_bw: 94089 kbps

======================================================================
  BENCHMARK RESULTS (MOQ2 / moq-dev official stack)
======================================================================

  [TIMING]
      Startup delay:     372 ms
      Playback time:     120.0 s

  [BITRATE]
      Average (selected):  4,500 kbps
      Average (effective): 4,500 kbps

  [REBUFFERING]
      Events:            0
      Total time:        0 ms
      Ratio:             0.0000%

  [THROUGHPUT]
      Average:           89,592 kbps

  [ADAPTATION]
      Target latency:    3,000 ms
      Avg live latency:  0 ms
      Quality switches:  0 (↑0 / ↓0)
      Dropped fragments: 0

  [AVAILABLE BW (trace)]
      Average:           89,592 kbps

======================================================================

[SAVED] results/run_all_20260607_000000/moq2_fcc_2023/benchmark_moq2_fcc2023_055_unit222095_tc_20260608_115855.json

──────────────────────────────────────────────────────────────────────
  [57/150] fcc2023_056_unit615364_tc.csv
──────────────────────────────────────────────────────────────────────

======================================================================
  MOQ2 Streaming QoE Benchmark (moq-dev/moq stack, WebRTC-style)
======================================================================
  Relay:   http://127.0.0.1:4446
  Trace:   traces/fcc_2023/fcc2023_056_unit615364_tc.csv
  Mode:    sender-side measurement (no browser player)
======================================================================

   Delivered ladder: 100k, 600k, 1200k, 2000k, 3000k, 4500k
[PLAYBACK] Collecting metrics (sender-side)...
   t=4s | bitrate: 4500 kbps | tp: 92238 kbps | trace_bw: 92238 kbps
   t=16s | bitrate: 4500 kbps | tp: 93614 kbps | trace_bw: 93614 kbps
   t=28s | bitrate: 4500 kbps | tp: 92555 kbps | trace_bw: 92555 kbps
   t=40s | bitrate: 4500 kbps | tp: 93611 kbps | trace_bw: 93611 kbps
   t=52s | bitrate: 4500 kbps | tp: 89339 kbps | trace_bw: 89339 kbps
   t=64s | bitrate: 4500 kbps | tp: 92622 kbps | trace_bw: 92622 kbps
   t=76s | bitrate: 4500 kbps | tp: 92352 kbps | trace_bw: 92352 kbps
   t=88s | bitrate: 4500 kbps | tp: 91673 kbps | trace_bw: 91673 kbps
   t=100s | bitrate: 4500 kbps | tp: 89035 kbps | trace_bw: 89035 kbps
   t=112s | bitrate: 4500 kbps | tp: 91839 kbps | trace_bw: 91839 kbps

======================================================================
  BENCHMARK RESULTS (MOQ2 / moq-dev official stack)
======================================================================

  [TIMING]
      Startup delay:     319 ms
      Playback time:     120.0 s

  [BITRATE]
      Average (selected):  4,500 kbps
      Average (effective): 4,500 kbps

  [REBUFFERING]
      Events:            0
      Total time:        0 ms
      Ratio:             0.0000%

  [THROUGHPUT]
      Average:           92,181 kbps

  [ADAPTATION]
      Target latency:    3,000 ms
      Avg live latency:  0 ms
      Quality switches:  0 (↑0 / ↓0)
      Dropped fragments: 0

  [AVAILABLE BW (trace)]
      Average:           92,181 kbps

======================================================================

[SAVED] results/run_all_20260607_000000/moq2_fcc_2023/benchmark_moq2_fcc2023_056_unit615364_tc_20260608_115903.json

──────────────────────────────────────────────────────────────────────
  [58/150] fcc2023_057_unit55518557_tc.csv
──────────────────────────────────────────────────────────────────────

======================================================================
  MOQ2 Streaming QoE Benchmark (moq-dev/moq stack, WebRTC-style)
======================================================================
  Relay:   http://127.0.0.1:4446
  Trace:   traces/fcc_2023/fcc2023_057_unit55518557_tc.csv
  Mode:    sender-side measurement (no browser player)
======================================================================

   Delivered ladder: 100k, 600k, 1200k, 2000k, 3000k, 4500k
[PLAYBACK] Collecting metrics (sender-side)...
   t=4s | bitrate: 4500 kbps | tp: 93088 kbps | trace_bw: 93088 kbps
   t=16s | bitrate: 4500 kbps | tp: 93902 kbps | trace_bw: 93902 kbps
   t=28s | bitrate: 4500 kbps | tp: 92515 kbps | trace_bw: 92515 kbps
   t=40s | bitrate: 4500 kbps | tp: 92691 kbps | trace_bw: 92691 kbps
   t=52s | bitrate: 4500 kbps | tp: 93911 kbps | trace_bw: 93911 kbps
   t=64s | bitrate: 4500 kbps | tp: 92257 kbps | trace_bw: 92257 kbps
   t=76s | bitrate: 4500 kbps | tp: 92271 kbps | trace_bw: 92271 kbps
   t=88s | bitrate: 4500 kbps | tp: 93773 kbps | trace_bw: 93773 kbps
   t=100s | bitrate: 4500 kbps | tp: 93405 kbps | trace_bw: 93405 kbps
   t=112s | bitrate: 4500 kbps | tp: 92861 kbps | trace_bw: 92861 kbps

======================================================================
  BENCHMARK RESULTS (MOQ2 / moq-dev official stack)
======================================================================

  [TIMING]
      Startup delay:     316 ms
      Playback time:     120.0 s

  [BITRATE]
      Average (selected):  4,500 kbps
      Average (effective): 4,500 kbps

  [REBUFFERING]
      Events:            0
      Total time:        0 ms
      Ratio:             0.0000%

  [THROUGHPUT]
      Average:           93,267 kbps

  [ADAPTATION]
      Target latency:    3,000 ms
      Avg live latency:  0 ms
      Quality switches:  0 (↑0 / ↓0)
      Dropped fragments: 0

  [AVAILABLE BW (trace)]
      Average:           93,267 kbps

======================================================================

[SAVED] results/run_all_20260607_000000/moq2_fcc_2023/benchmark_moq2_fcc2023_057_unit55518557_tc_20260608_115911.json

──────────────────────────────────────────────────────────────────────
  [59/150] fcc2023_058_unit28773_tc.csv
──────────────────────────────────────────────────────────────────────

======================================================================
  MOQ2 Streaming QoE Benchmark (moq-dev/moq stack, WebRTC-style)
======================================================================
  Relay:   http://127.0.0.1:4446
  Trace:   traces/fcc_2023/fcc2023_058_unit28773_tc.csv
  Mode:    sender-side measurement (no browser player)
======================================================================

   Delivered ladder: 100k, 600k, 1200k, 2000k, 3000k, 4500k
[PLAYBACK] Collecting metrics (sender-side)...
   t=4s | bitrate: 4500 kbps | tp: 93946 kbps | trace_bw: 93946 kbps
   t=16s | bitrate: 4500 kbps | tp: 93192 kbps | trace_bw: 93192 kbps
   t=28s | bitrate: 4500 kbps | tp: 93942 kbps | trace_bw: 93942 kbps
   t=40s | bitrate: 4500 kbps | tp: 93947 kbps | trace_bw: 93947 kbps
   t=52s | bitrate: 4500 kbps | tp: 87724 kbps | trace_bw: 87724 kbps
   t=64s | bitrate: 4500 kbps | tp: 91985 kbps | trace_bw: 91985 kbps
   t=76s | bitrate: 4500 kbps | tp: 93943 kbps | trace_bw: 93943 kbps
   t=88s | bitrate: 4500 kbps | tp: 89599 kbps | trace_bw: 89599 kbps
   t=100s | bitrate: 4500 kbps | tp: 66880 kbps | trace_bw: 66880 kbps
   t=112s | bitrate: 4500 kbps | tp: 93040 kbps | trace_bw: 93040 kbps

======================================================================
  BENCHMARK RESULTS (MOQ2 / moq-dev official stack)
======================================================================

  [TIMING]
      Startup delay:     313 ms
      Playback time:     120.0 s

  [BITRATE]
      Average (selected):  4,500 kbps
      Average (effective): 4,500 kbps

  [REBUFFERING]
      Events:            0
      Total time:        0 ms
      Ratio:             0.0000%

  [THROUGHPUT]
      Average:           91,266 kbps

  [ADAPTATION]
      Target latency:    3,000 ms
      Avg live latency:  0 ms
      Quality switches:  0 (↑0 / ↓0)
      Dropped fragments: 0

  [AVAILABLE BW (trace)]
      Average:           91,266 kbps

======================================================================

[SAVED] results/run_all_20260607_000000/moq2_fcc_2023/benchmark_moq2_fcc2023_058_unit28773_tc_20260608_115919.json

──────────────────────────────────────────────────────────────────────
  [60/150] fcc2023_059_unit54730257_tc.csv
──────────────────────────────────────────────────────────────────────

======================================================================
  MOQ2 Streaming QoE Benchmark (moq-dev/moq stack, WebRTC-style)
======================================================================
  Relay:   http://127.0.0.1:4446
  Trace:   traces/fcc_2023/fcc2023_059_unit54730257_tc.csv
  Mode:    sender-side measurement (no browser player)
======================================================================

   Delivered ladder: 100k, 600k, 1200k, 2000k, 3000k, 4500k
[PLAYBACK] Collecting metrics (sender-side)...
   t=4s | bitrate: 4500 kbps | tp: 88806 kbps | trace_bw: 88806 kbps
   t=16s | bitrate: 4500 kbps | tp: 93868 kbps | trace_bw: 93868 kbps
   t=28s | bitrate: 4500 kbps | tp: 91366 kbps | trace_bw: 91366 kbps
   t=40s | bitrate: 4500 kbps | tp: 93929 kbps | trace_bw: 93929 kbps
   t=52s | bitrate: 4500 kbps | tp: 93789 kbps | trace_bw: 93789 kbps
   t=64s | bitrate: 4500 kbps | tp: 93922 kbps | trace_bw: 93922 kbps
   t=76s | bitrate: 4500 kbps | tp: 93705 kbps | trace_bw: 93705 kbps
   t=88s | bitrate: 4500 kbps | tp: 93889 kbps | trace_bw: 93889 kbps
   t=100s | bitrate: 4500 kbps | tp: 93557 kbps | trace_bw: 93557 kbps
   t=112s | bitrate: 4500 kbps | tp: 93034 kbps | trace_bw: 93034 kbps

======================================================================
  BENCHMARK RESULTS (MOQ2 / moq-dev official stack)
======================================================================

  [TIMING]
      Startup delay:     331 ms
      Playback time:     120.0 s

  [BITRATE]
      Average (selected):  4,500 kbps
      Average (effective): 4,500 kbps

  [REBUFFERING]
      Events:            0
      Total time:        0 ms
      Ratio:             0.0000%

  [THROUGHPUT]
      Average:           92,700 kbps

  [ADAPTATION]
      Target latency:    3,000 ms
      Avg live latency:  0 ms
      Quality switches:  0 (↑0 / ↓0)
      Dropped fragments: 0

  [AVAILABLE BW (trace)]
      Average:           92,700 kbps

======================================================================

[SAVED] results/run_all_20260607_000000/moq2_fcc_2023/benchmark_moq2_fcc2023_059_unit54730257_tc_20260608_115927.json

──────────────────────────────────────────────────────────────────────
  [61/150] fcc2023_060_unit3898469_tc.csv
──────────────────────────────────────────────────────────────────────

======================================================================
  MOQ2 Streaming QoE Benchmark (moq-dev/moq stack, WebRTC-style)
======================================================================
  Relay:   http://127.0.0.1:4446
  Trace:   traces/fcc_2023/fcc2023_060_unit3898469_tc.csv
  Mode:    sender-side measurement (no browser player)
======================================================================

   Delivered ladder: 100k, 600k, 1200k, 2000k, 3000k, 4500k
[PLAYBACK] Collecting metrics (sender-side)...
   t=4s | bitrate: 4500 kbps | tp: 93870 kbps | trace_bw: 93870 kbps
   t=16s | bitrate: 4500 kbps | tp: 93879 kbps | trace_bw: 93879 kbps
   t=28s | bitrate: 4500 kbps | tp: 94065 kbps | trace_bw: 94065 kbps
   t=40s | bitrate: 4500 kbps | tp: 93889 kbps | trace_bw: 93889 kbps
   t=52s | bitrate: 4500 kbps | tp: 93896 kbps | trace_bw: 93896 kbps
   t=64s | bitrate: 3000 kbps | tp: 3454 kbps | trace_bw: 3454 kbps
   t=76s | bitrate: 4500 kbps | tp: 94100 kbps | trace_bw: 94100 kbps
   t=88s | bitrate: 4500 kbps | tp: 93732 kbps | trace_bw: 93732 kbps
   t=100s | bitrate: 4500 kbps | tp: 93868 kbps | trace_bw: 93868 kbps
   t=112s | bitrate: 4500 kbps | tp: 93507 kbps | trace_bw: 93507 kbps

======================================================================
  BENCHMARK RESULTS (MOQ2 / moq-dev official stack)
======================================================================

  [TIMING]
      Startup delay:     313 ms
      Playback time:     120.0 s

  [BITRATE]
      Average (selected):  4,400 kbps
      Average (effective): 4,400 kbps

  [REBUFFERING]
      Events:            0
      Total time:        0 ms
      Ratio:             0.0000%

  [THROUGHPUT]
      Average:           87,863 kbps

  [ADAPTATION]
      Target latency:    3,000 ms
      Avg live latency:  0 ms
      Quality switches:  2 (↑1 / ↓1)
      Dropped fragments: 0

  [AVAILABLE BW (trace)]
      Average:           87,863 kbps

======================================================================

[SAVED] results/run_all_20260607_000000/moq2_fcc_2023/benchmark_moq2_fcc2023_060_unit3898469_tc_20260608_115935.json

──────────────────────────────────────────────────────────────────────
  [62/150] fcc2023_061_unit31273113_tc.csv
──────────────────────────────────────────────────────────────────────

======================================================================
  MOQ2 Streaming QoE Benchmark (moq-dev/moq stack, WebRTC-style)
======================================================================
  Relay:   http://127.0.0.1:4446
  Trace:   traces/fcc_2023/fcc2023_061_unit31273113_tc.csv
  Mode:    sender-side measurement (no browser player)
======================================================================

   Delivered ladder: 100k, 600k, 1200k, 2000k, 3000k, 4500k
[PLAYBACK] Collecting metrics (sender-side)...
   t=4s | bitrate: 4500 kbps | tp: 94349 kbps | trace_bw: 94349 kbps
   t=16s | bitrate: 4500 kbps | tp: 93781 kbps | trace_bw: 93781 kbps
   t=28s | bitrate: 4500 kbps | tp: 93926 kbps | trace_bw: 93926 kbps
   t=40s | bitrate: 4500 kbps | tp: 93893 kbps | trace_bw: 93893 kbps
   t=52s | bitrate: 4500 kbps | tp: 93312 kbps | trace_bw: 93312 kbps
   t=64s | bitrate: 4500 kbps | tp: 93926 kbps | trace_bw: 93926 kbps
   t=76s | bitrate: 4500 kbps | tp: 92194 kbps | trace_bw: 92194 kbps
   t=88s | bitrate: 4500 kbps | tp: 93932 kbps | trace_bw: 93932 kbps
   t=100s | bitrate: 4500 kbps | tp: 93965 kbps | trace_bw: 93965 kbps
   t=112s | bitrate: 4500 kbps | tp: 93920 kbps | trace_bw: 93920 kbps

======================================================================
  BENCHMARK RESULTS (MOQ2 / moq-dev official stack)
======================================================================

  [TIMING]
      Startup delay:     312 ms
      Playback time:     120.0 s

  [BITRATE]
      Average (selected):  4,500 kbps
      Average (effective): 4,500 kbps

  [REBUFFERING]
      Events:            0
      Total time:        0 ms
      Ratio:             0.0000%

  [THROUGHPUT]
      Average:           93,823 kbps

  [ADAPTATION]
      Target latency:    3,000 ms
      Avg live latency:  0 ms
      Quality switches:  0 (↑0 / ↓0)
      Dropped fragments: 0

  [AVAILABLE BW (trace)]
      Average:           93,823 kbps

======================================================================

[SAVED] results/run_all_20260607_000000/moq2_fcc_2023/benchmark_moq2_fcc2023_061_unit31273113_tc_20260608_115948.json

──────────────────────────────────────────────────────────────────────
  [63/150] fcc2023_062_unit599850_tc.csv
──────────────────────────────────────────────────────────────────────

======================================================================
  MOQ2 Streaming QoE Benchmark (moq-dev/moq stack, WebRTC-style)
======================================================================
  Relay:   http://127.0.0.1:4446
  Trace:   traces/fcc_2023/fcc2023_062_unit599850_tc.csv
  Mode:    sender-side measurement (no browser player)
======================================================================

   Delivered ladder: 100k, 600k, 1200k, 2000k, 3000k, 4500k
[PLAYBACK] Collecting metrics (sender-side)...
   t=4s | bitrate: 4500 kbps | tp: 93355 kbps | trace_bw: 93355 kbps
   t=16s | bitrate: 4500 kbps | tp: 93918 kbps | trace_bw: 93918 kbps
   t=28s | bitrate: 4500 kbps | tp: 93863 kbps | trace_bw: 93863 kbps
   t=40s | bitrate: 4500 kbps | tp: 93792 kbps | trace_bw: 93792 kbps
   t=52s | bitrate: 4500 kbps | tp: 93919 kbps | trace_bw: 93919 kbps
   t=64s | bitrate: 4500 kbps | tp: 93915 kbps | trace_bw: 93915 kbps
   t=76s | bitrate: 4500 kbps | tp: 94084 kbps | trace_bw: 94084 kbps
   t=88s | bitrate: 4500 kbps | tp: 93918 kbps | trace_bw: 93918 kbps
   t=100s | bitrate: 4500 kbps | tp: 93918 kbps | trace_bw: 93918 kbps
   t=112s | bitrate: 4500 kbps | tp: 93822 kbps | trace_bw: 93822 kbps

======================================================================
  BENCHMARK RESULTS (MOQ2 / moq-dev official stack)
======================================================================

  [TIMING]
      Startup delay:     315 ms
      Playback time:     120.0 s

  [BITRATE]
      Average (selected):  4,500 kbps
      Average (effective): 4,500 kbps

  [REBUFFERING]
      Events:            0
      Total time:        0 ms
      Ratio:             0.0000%

  [THROUGHPUT]
      Average:           93,873 kbps

  [ADAPTATION]
      Target latency:    3,000 ms
      Avg live latency:  0 ms
      Quality switches:  0 (↑0 / ↓0)
      Dropped fragments: 0

  [AVAILABLE BW (trace)]
      Average:           93,873 kbps

======================================================================

[SAVED] results/run_all_20260607_000000/moq2_fcc_2023/benchmark_moq2_fcc2023_062_unit599850_tc_20260608_115956.json

──────────────────────────────────────────────────────────────────────
  [64/150] fcc2023_063_unit806266_tc.csv
──────────────────────────────────────────────────────────────────────

======================================================================
  MOQ2 Streaming QoE Benchmark (moq-dev/moq stack, WebRTC-style)
======================================================================
  Relay:   http://127.0.0.1:4446
  Trace:   traces/fcc_2023/fcc2023_063_unit806266_tc.csv
  Mode:    sender-side measurement (no browser player)
======================================================================

   Delivered ladder: 100k, 600k, 1200k, 2000k, 3000k, 4500k
[PLAYBACK] Collecting metrics (sender-side)...
   t=4s | bitrate: 4500 kbps | tp: 93930 kbps | trace_bw: 93930 kbps
   t=16s | bitrate: 4500 kbps | tp: 93809 kbps | trace_bw: 93809 kbps
   t=28s | bitrate: 4500 kbps | tp: 93931 kbps | trace_bw: 93931 kbps
   t=40s | bitrate: 4500 kbps | tp: 93911 kbps | trace_bw: 93911 kbps
   t=52s | bitrate: 4500 kbps | tp: 93911 kbps | trace_bw: 93911 kbps
   t=64s | bitrate: 4500 kbps | tp: 93893 kbps | trace_bw: 93893 kbps
   t=76s | bitrate: 4500 kbps | tp: 93894 kbps | trace_bw: 93894 kbps
   t=88s | bitrate: 4500 kbps | tp: 93797 kbps | trace_bw: 93797 kbps
   t=100s | bitrate: 4500 kbps | tp: 93784 kbps | trace_bw: 93784 kbps
   t=112s | bitrate: 4500 kbps | tp: 93885 kbps | trace_bw: 93885 kbps

======================================================================
  BENCHMARK RESULTS (MOQ2 / moq-dev official stack)
======================================================================

  [TIMING]
      Startup delay:     313 ms
      Playback time:     120.0 s

  [BITRATE]
      Average (selected):  4,500 kbps
      Average (effective): 4,500 kbps

  [REBUFFERING]
      Events:            0
      Total time:        0 ms
      Ratio:             0.0000%

  [THROUGHPUT]
      Average:           93,781 kbps

  [ADAPTATION]
      Target latency:    3,000 ms
      Avg live latency:  0 ms
      Quality switches:  0 (↑0 / ↓0)
      Dropped fragments: 0

  [AVAILABLE BW (trace)]
      Average:           93,781 kbps

======================================================================

[SAVED] results/run_all_20260607_000000/moq2_fcc_2023/benchmark_moq2_fcc2023_063_unit806266_tc_20260608_120004.json

──────────────────────────────────────────────────────────────────────
  [65/150] fcc2023_064_unit55518841_tc.csv
──────────────────────────────────────────────────────────────────────

======================================================================
  MOQ2 Streaming QoE Benchmark (moq-dev/moq stack, WebRTC-style)
======================================================================
  Relay:   http://127.0.0.1:4446
  Trace:   traces/fcc_2023/fcc2023_064_unit55518841_tc.csv
  Mode:    sender-side measurement (no browser player)
======================================================================

   Delivered ladder: 100k, 600k, 1200k, 2000k, 3000k, 4500k
[PLAYBACK] Collecting metrics (sender-side)...
   t=4s | bitrate: 4500 kbps | tp: 938926 kbps | trace_bw: 938926 kbps
   t=16s | bitrate: 4500 kbps | tp: 939319 kbps | trace_bw: 939319 kbps
   t=28s | bitrate: 4500 kbps | tp: 936983 kbps | trace_bw: 936983 kbps
   t=40s | bitrate: 4500 kbps | tp: 939125 kbps | trace_bw: 939125 kbps
   t=52s | bitrate: 4500 kbps | tp: 935251 kbps | trace_bw: 935251 kbps
   t=64s | bitrate: 4500 kbps | tp: 749002 kbps | trace_bw: 749002 kbps
   t=76s | bitrate: 4500 kbps | tp: 938233 kbps | trace_bw: 938233 kbps
   t=88s | bitrate: 4500 kbps | tp: 742791 kbps | trace_bw: 742791 kbps
   t=100s | bitrate: 4500 kbps | tp: 934108 kbps | trace_bw: 934108 kbps
   t=112s | bitrate: 4500 kbps | tp: 937378 kbps | trace_bw: 937378 kbps

======================================================================
  BENCHMARK RESULTS (MOQ2 / moq-dev official stack)
======================================================================

  [TIMING]
      Startup delay:     31 ms
      Playback time:     120.0 s

  [BITRATE]
      Average (selected):  4,500 kbps
      Average (effective): 4,500 kbps

  [REBUFFERING]
      Events:            0
      Total time:        0 ms
      Ratio:             0.0000%

  [THROUGHPUT]
      Average:           899,742 kbps

  [ADAPTATION]
      Target latency:    3,000 ms
      Avg live latency:  0 ms
      Quality switches:  0 (↑0 / ↓0)
      Dropped fragments: 0

  [AVAILABLE BW (trace)]
      Average:           899,742 kbps

======================================================================

[SAVED] results/run_all_20260607_000000/moq2_fcc_2023/benchmark_moq2_fcc2023_064_unit55518841_tc_20260608_120011.json

──────────────────────────────────────────────────────────────────────
  [66/150] fcc2023_065_unit39827621_tc.csv
──────────────────────────────────────────────────────────────────────

======================================================================
  MOQ2 Streaming QoE Benchmark (moq-dev/moq stack, WebRTC-style)
======================================================================
  Relay:   http://127.0.0.1:4446
  Trace:   traces/fcc_2023/fcc2023_065_unit39827621_tc.csv
  Mode:    sender-side measurement (no browser player)
======================================================================

   Delivered ladder: 100k, 600k, 1200k, 2000k, 3000k, 4500k
[PLAYBACK] Collecting metrics (sender-side)...
   t=4s | bitrate: 4500 kbps | tp: 96275 kbps | trace_bw: 96275 kbps
   t=16s | bitrate: 4500 kbps | tp: 99601 kbps | trace_bw: 99601 kbps
   t=28s | bitrate: 4500 kbps | tp: 99537 kbps | trace_bw: 99537 kbps
   t=40s | bitrate: 4500 kbps | tp: 99427 kbps | trace_bw: 99427 kbps
   t=52s | bitrate: 4500 kbps | tp: 96536 kbps | trace_bw: 96536 kbps
   t=64s | bitrate: 4500 kbps | tp: 99319 kbps | trace_bw: 99319 kbps
   t=76s | bitrate: 4500 kbps | tp: 98922 kbps | trace_bw: 98922 kbps
   t=88s | bitrate: 4500 kbps | tp: 98423 kbps | trace_bw: 98423 kbps
   t=100s | bitrate: 4500 kbps | tp: 99331 kbps | trace_bw: 99331 kbps
   t=112s | bitrate: 4500 kbps | tp: 99548 kbps | trace_bw: 99548 kbps

======================================================================
  BENCHMARK RESULTS (MOQ2 / moq-dev official stack)
======================================================================

  [TIMING]
      Startup delay:     305 ms
      Playback time:     120.0 s

  [BITRATE]
      Average (selected):  4,500 kbps
      Average (effective): 4,500 kbps

  [REBUFFERING]
      Events:            0
      Total time:        0 ms
      Ratio:             0.0000%

  [THROUGHPUT]
      Average:           97,622 kbps

  [ADAPTATION]
      Target latency:    3,000 ms
      Avg live latency:  0 ms
      Quality switches:  0 (↑0 / ↓0)
      Dropped fragments: 0

  [AVAILABLE BW (trace)]
      Average:           97,622 kbps

======================================================================

[SAVED] results/run_all_20260607_000000/moq2_fcc_2023/benchmark_moq2_fcc2023_065_unit39827621_tc_20260608_120014.json

──────────────────────────────────────────────────────────────────────
  [67/150] fcc2023_066_unit25754625_tc.csv
──────────────────────────────────────────────────────────────────────

======================================================================
  MOQ2 Streaming QoE Benchmark (moq-dev/moq stack, WebRTC-style)
======================================================================
  Relay:   http://127.0.0.1:4446
  Trace:   traces/fcc_2023/fcc2023_066_unit25754625_tc.csv
  Mode:    sender-side measurement (no browser player)
======================================================================

   Delivered ladder: 100k, 600k, 1200k, 2000k, 3000k, 4500k
[PLAYBACK] Collecting metrics (sender-side)...
   t=4s | bitrate: 4500 kbps | tp: 100008 kbps | trace_bw: 100008 kbps
   t=16s | bitrate: 4500 kbps | tp: 99947 kbps | trace_bw: 99947 kbps
   t=28s | bitrate: 4500 kbps | tp: 100217 kbps | trace_bw: 100217 kbps
   t=40s | bitrate: 4500 kbps | tp: 100135 kbps | trace_bw: 100135 kbps
   t=52s | bitrate: 4500 kbps | tp: 99828 kbps | trace_bw: 99828 kbps
   t=64s | bitrate: 4500 kbps | tp: 99552 kbps | trace_bw: 99552 kbps
   t=76s | bitrate: 4500 kbps | tp: 99720 kbps | trace_bw: 99720 kbps
   t=88s | bitrate: 4500 kbps | tp: 100008 kbps | trace_bw: 100008 kbps
   t=100s | bitrate: 4500 kbps | tp: 99800 kbps | trace_bw: 99800 kbps
   t=112s | bitrate: 4500 kbps | tp: 99975 kbps | trace_bw: 99975 kbps

======================================================================
  BENCHMARK RESULTS (MOQ2 / moq-dev official stack)
======================================================================

  [TIMING]
      Startup delay:     294 ms
      Playback time:     120.0 s

  [BITRATE]
      Average (selected):  4,500 kbps
      Average (effective): 4,500 kbps

  [REBUFFERING]
      Events:            0
      Total time:        0 ms
      Ratio:             0.0000%

  [THROUGHPUT]
      Average:           99,791 kbps

  [ADAPTATION]
      Target latency:    3,000 ms
      Avg live latency:  0 ms
      Quality switches:  0 (↑0 / ↓0)
      Dropped fragments: 0

  [AVAILABLE BW (trace)]
      Average:           99,791 kbps

======================================================================

[SAVED] results/run_all_20260607_000000/moq2_fcc_2023/benchmark_moq2_fcc2023_066_unit25754625_tc_20260608_120021.json

──────────────────────────────────────────────────────────────────────
  [68/150] fcc2023_067_unit870_tc.csv
──────────────────────────────────────────────────────────────────────

======================================================================
  MOQ2 Streaming QoE Benchmark (moq-dev/moq stack, WebRTC-style)
======================================================================
  Relay:   http://127.0.0.1:4446
  Trace:   traces/fcc_2023/fcc2023_067_unit870_tc.csv
  Mode:    sender-side measurement (no browser player)
======================================================================

   Delivered ladder: 100k, 600k, 1200k, 2000k, 3000k, 4500k
[PLAYBACK] Collecting metrics (sender-side)...
   t=4s | bitrate: 4500 kbps | tp: 105824 kbps | trace_bw: 105824 kbps
   t=16s | bitrate: 4500 kbps | tp: 104027 kbps | trace_bw: 104027 kbps
   t=28s | bitrate: 4500 kbps | tp: 110668 kbps | trace_bw: 110668 kbps
   t=40s | bitrate: 4500 kbps | tp: 92968 kbps | trace_bw: 92968 kbps
   t=52s | bitrate: 4500 kbps | tp: 103372 kbps | trace_bw: 103372 kbps
   t=64s | bitrate: 4500 kbps | tp: 100770 kbps | trace_bw: 100770 kbps
   t=76s | bitrate: 4500 kbps | tp: 101485 kbps | trace_bw: 101485 kbps
   t=88s | bitrate: 4500 kbps | tp: 103408 kbps | trace_bw: 103408 kbps
   t=100s | bitrate: 4500 kbps | tp: 100018 kbps | trace_bw: 100018 kbps
   t=112s | bitrate: 4500 kbps | tp: 109256 kbps | trace_bw: 109256 kbps

======================================================================
  BENCHMARK RESULTS (MOQ2 / moq-dev official stack)
======================================================================

  [TIMING]
      Startup delay:     278 ms
      Playback time:     120.0 s

  [BITRATE]
      Average (selected):  4,500 kbps
      Average (effective): 4,500 kbps

  [REBUFFERING]
      Events:            0
      Total time:        0 ms
      Ratio:             0.0000%

  [THROUGHPUT]
      Average:           105,864 kbps

  [ADAPTATION]
      Target latency:    3,000 ms
      Avg live latency:  0 ms
      Quality switches:  0 (↑0 / ↓0)
      Dropped fragments: 0

  [AVAILABLE BW (trace)]
      Average:           105,864 kbps

======================================================================

[SAVED] results/run_all_20260607_000000/moq2_fcc_2023/benchmark_moq2_fcc2023_067_unit870_tc_20260608_120029.json

──────────────────────────────────────────────────────────────────────
  [69/150] fcc2023_068_unit799342_tc.csv
──────────────────────────────────────────────────────────────────────

======================================================================
  MOQ2 Streaming QoE Benchmark (moq-dev/moq stack, WebRTC-style)
======================================================================
  Relay:   http://127.0.0.1:4446
  Trace:   traces/fcc_2023/fcc2023_068_unit799342_tc.csv
  Mode:    sender-side measurement (no browser player)
======================================================================

   Delivered ladder: 100k, 600k, 1200k, 2000k, 3000k, 4500k
[PLAYBACK] Collecting metrics (sender-side)...
   t=4s | bitrate: 4500 kbps | tp: 75631 kbps | trace_bw: 75631 kbps
   t=16s | bitrate: 4500 kbps | tp: 74113 kbps | trace_bw: 74113 kbps
   t=28s | bitrate: 4500 kbps | tp: 79151 kbps | trace_bw: 79151 kbps
   t=40s | bitrate: 4500 kbps | tp: 73552 kbps | trace_bw: 73552 kbps
   t=52s | bitrate: 4500 kbps | tp: 70258 kbps | trace_bw: 70258 kbps
   t=64s | bitrate: 4500 kbps | tp: 97460 kbps | trace_bw: 97460 kbps
   t=76s | bitrate: 4500 kbps | tp: 22138 kbps | trace_bw: 22138 kbps
   t=88s | bitrate: 4500 kbps | tp: 8081 kbps | trace_bw: 8081 kbps
   t=100s | bitrate: 4500 kbps | tp: 9714 kbps | trace_bw: 9714 kbps
   t=112s | bitrate: 4500 kbps | tp: 18718 kbps | trace_bw: 18718 kbps

======================================================================
  BENCHMARK RESULTS (MOQ2 / moq-dev official stack)
======================================================================

  [TIMING]
      Startup delay:     389 ms
      Playback time:     120.0 s

  [BITRATE]
      Average (selected):  4,500 kbps
      Average (effective): 4,500 kbps

  [REBUFFERING]
      Events:            0
      Total time:        0 ms
      Ratio:             0.0000%

  [THROUGHPUT]
      Average:           59,709 kbps

  [ADAPTATION]
      Target latency:    3,000 ms
      Avg live latency:  0 ms
      Quality switches:  0 (↑0 / ↓0)
      Dropped fragments: 0

  [AVAILABLE BW (trace)]
      Average:           59,709 kbps

======================================================================

[SAVED] results/run_all_20260607_000000/moq2_fcc_2023/benchmark_moq2_fcc2023_068_unit799342_tc_20260608_120036.json

──────────────────────────────────────────────────────────────────────
  [70/150] fcc2023_069_unit7376_tc.csv
──────────────────────────────────────────────────────────────────────

======================================================================
  MOQ2 Streaming QoE Benchmark (moq-dev/moq stack, WebRTC-style)
======================================================================
  Relay:   http://127.0.0.1:4446
  Trace:   traces/fcc_2023/fcc2023_069_unit7376_tc.csv
  Mode:    sender-side measurement (no browser player)
======================================================================

   Delivered ladder: 100k, 600k, 1200k, 2000k, 3000k, 4500k
[PLAYBACK] Collecting metrics (sender-side)...
   t=4s | bitrate: 4500 kbps | tp: 108510 kbps | trace_bw: 108510 kbps
   t=16s | bitrate: 4500 kbps | tp: 99334 kbps | trace_bw: 99334 kbps
   t=28s | bitrate: 4500 kbps | tp: 101605 kbps | trace_bw: 101605 kbps
   t=40s | bitrate: 4500 kbps | tp: 251055 kbps | trace_bw: 251055 kbps
   t=52s | bitrate: 4500 kbps | tp: 101751 kbps | trace_bw: 101751 kbps
   t=64s | bitrate: 4500 kbps | tp: 105664 kbps | trace_bw: 105664 kbps
   t=76s | bitrate: 4500 kbps | tp: 101347 kbps | trace_bw: 101347 kbps
   t=88s | bitrate: 4500 kbps | tp: 233316 kbps | trace_bw: 233316 kbps
   t=100s | bitrate: 4500 kbps | tp: 105247 kbps | trace_bw: 105247 kbps
   t=112s | bitrate: 4500 kbps | tp: 83731 kbps | trace_bw: 83731 kbps

======================================================================
  BENCHMARK RESULTS (MOQ2 / moq-dev official stack)
======================================================================

  [TIMING]
      Startup delay:     271 ms
      Playback time:     120.0 s

  [BITRATE]
      Average (selected):  4,500 kbps
      Average (effective): 4,500 kbps

  [REBUFFERING]
      Events:            0
      Total time:        0 ms
      Ratio:             0.0000%

  [THROUGHPUT]
      Average:           133,937 kbps

  [ADAPTATION]
      Target latency:    3,000 ms
      Avg live latency:  0 ms
      Quality switches:  0 (↑0 / ↓0)
      Dropped fragments: 0

  [AVAILABLE BW (trace)]
      Average:           133,937 kbps

======================================================================

[SAVED] results/run_all_20260607_000000/moq2_fcc_2023/benchmark_moq2_fcc2023_069_unit7376_tc_20260608_120057.json

──────────────────────────────────────────────────────────────────────
  [71/150] fcc2023_070_unit10638_tc.csv
──────────────────────────────────────────────────────────────────────

======================================================================
  MOQ2 Streaming QoE Benchmark (moq-dev/moq stack, WebRTC-style)
======================================================================
  Relay:   http://127.0.0.1:4446
  Trace:   traces/fcc_2023/fcc2023_070_unit10638_tc.csv
  Mode:    sender-side measurement (no browser player)
======================================================================

   Delivered ladder: 100k, 600k, 1200k, 2000k, 3000k, 4500k
[PLAYBACK] Collecting metrics (sender-side)...
   t=4s | bitrate: 4500 kbps | tp: 113108 kbps | trace_bw: 113108 kbps
   t=16s | bitrate: 4500 kbps | tp: 110763 kbps | trace_bw: 110763 kbps
   t=28s | bitrate: 4500 kbps | tp: 105687 kbps | trace_bw: 105687 kbps
   t=40s | bitrate: 4500 kbps | tp: 96393 kbps | trace_bw: 96393 kbps
   t=52s | bitrate: 4500 kbps | tp: 107756 kbps | trace_bw: 107756 kbps
   t=64s | bitrate: 4500 kbps | tp: 143716 kbps | trace_bw: 143716 kbps
   t=76s | bitrate: 4500 kbps | tp: 104361 kbps | trace_bw: 104361 kbps
   t=88s | bitrate: 4500 kbps | tp: 96432 kbps | trace_bw: 96432 kbps
   t=100s | bitrate: 4500 kbps | tp: 118250 kbps | trace_bw: 118250 kbps
   t=112s | bitrate: 4500 kbps | tp: 104195 kbps | trace_bw: 104195 kbps

======================================================================
  BENCHMARK RESULTS (MOQ2 / moq-dev official stack)
======================================================================

  [TIMING]
      Startup delay:     260 ms
      Playback time:     120.0 s

  [BITRATE]
      Average (selected):  4,500 kbps
      Average (effective): 4,500 kbps

  [REBUFFERING]
      Events:            0
      Total time:        0 ms
      Ratio:             0.0000%

  [THROUGHPUT]
      Average:           116,584 kbps

  [ADAPTATION]
      Target latency:    3,000 ms
      Avg live latency:  0 ms
      Quality switches:  0 (↑0 / ↓0)
      Dropped fragments: 0

  [AVAILABLE BW (trace)]
      Average:           116,584 kbps

======================================================================

[SAVED] results/run_all_20260607_000000/moq2_fcc_2023/benchmark_moq2_fcc2023_070_unit10638_tc_20260608_120104.json

──────────────────────────────────────────────────────────────────────
  [72/150] fcc2023_071_unit6525_tc.csv
──────────────────────────────────────────────────────────────────────

======================================================================
  MOQ2 Streaming QoE Benchmark (moq-dev/moq stack, WebRTC-style)
======================================================================
  Relay:   http://127.0.0.1:4446
  Trace:   traces/fcc_2023/fcc2023_071_unit6525_tc.csv
  Mode:    sender-side measurement (no browser player)
======================================================================

   Delivered ladder: 100k, 600k, 1200k, 2000k, 3000k, 4500k
[PLAYBACK] Collecting metrics (sender-side)...
   t=4s | bitrate: 4500 kbps | tp: 112753 kbps | trace_bw: 112753 kbps
   t=16s | bitrate: 4500 kbps | tp: 114688 kbps | trace_bw: 114688 kbps
   t=28s | bitrate: 4500 kbps | tp: 115872 kbps | trace_bw: 115872 kbps
   t=40s | bitrate: 4500 kbps | tp: 115894 kbps | trace_bw: 115894 kbps
   t=52s | bitrate: 4500 kbps | tp: 118156 kbps | trace_bw: 118156 kbps
   t=64s | bitrate: 4500 kbps | tp: 114804 kbps | trace_bw: 114804 kbps
   t=76s | bitrate: 4500 kbps | tp: 117138 kbps | trace_bw: 117138 kbps
   t=88s | bitrate: 4500 kbps | tp: 106898 kbps | trace_bw: 106898 kbps
   t=100s | bitrate: 4500 kbps | tp: 114525 kbps | trace_bw: 114525 kbps
   t=112s | bitrate: 4500 kbps | tp: 114492 kbps | trace_bw: 114492 kbps

======================================================================
  BENCHMARK RESULTS (MOQ2 / moq-dev official stack)
======================================================================

  [TIMING]
      Startup delay:     261 ms
      Playback time:     120.0 s

  [BITRATE]
      Average (selected):  4,500 kbps
      Average (effective): 4,500 kbps

  [REBUFFERING]
      Events:            0
      Total time:        0 ms
      Ratio:             0.0000%

  [THROUGHPUT]
      Average:           112,776 kbps

  [ADAPTATION]
      Target latency:    3,000 ms
      Avg live latency:  0 ms
      Quality switches:  0 (↑0 / ↓0)
      Dropped fragments: 0

  [AVAILABLE BW (trace)]
      Average:           112,776 kbps

======================================================================

[SAVED] results/run_all_20260607_000000/moq2_fcc_2023/benchmark_moq2_fcc2023_071_unit6525_tc_20260608_120111.json

──────────────────────────────────────────────────────────────────────
  [73/150] fcc2023_072_unit24525633_tc.csv
──────────────────────────────────────────────────────────────────────

======================================================================
  MOQ2 Streaming QoE Benchmark (moq-dev/moq stack, WebRTC-style)
======================================================================
  Relay:   http://127.0.0.1:4446
  Trace:   traces/fcc_2023/fcc2023_072_unit24525633_tc.csv
  Mode:    sender-side measurement (no browser player)
======================================================================

   Delivered ladder: 100k, 600k, 1200k, 2000k, 3000k, 4500k
[PLAYBACK] Collecting metrics (sender-side)...
   t=4s | bitrate: 4500 kbps | tp: 113870 kbps | trace_bw: 113870 kbps
   t=16s | bitrate: 4500 kbps | tp: 111921 kbps | trace_bw: 111921 kbps
   t=28s | bitrate: 4500 kbps | tp: 113983 kbps | trace_bw: 113983 kbps
   t=40s | bitrate: 4500 kbps | tp: 115410 kbps | trace_bw: 115410 kbps
   t=52s | bitrate: 4500 kbps | tp: 114783 kbps | trace_bw: 114783 kbps
   t=64s | bitrate: 4500 kbps | tp: 114288 kbps | trace_bw: 114288 kbps
   t=76s | bitrate: 4500 kbps | tp: 115417 kbps | trace_bw: 115417 kbps
   t=88s | bitrate: 4500 kbps | tp: 109134 kbps | trace_bw: 109134 kbps
   t=100s | bitrate: 4500 kbps | tp: 115458 kbps | trace_bw: 115458 kbps
   t=112s | bitrate: 4500 kbps | tp: 106298 kbps | trace_bw: 106298 kbps

======================================================================
  BENCHMARK RESULTS (MOQ2 / moq-dev official stack)
======================================================================

  [TIMING]
      Startup delay:     258 ms
      Playback time:     120.0 s

  [BITRATE]
      Average (selected):  4,500 kbps
      Average (effective): 4,500 kbps

  [REBUFFERING]
      Events:            0
      Total time:        0 ms
      Ratio:             0.0000%

  [THROUGHPUT]
      Average:           111,465 kbps

  [ADAPTATION]
      Target latency:    3,000 ms
      Avg live latency:  0 ms
      Quality switches:  0 (↑0 / ↓0)
      Dropped fragments: 0

  [AVAILABLE BW (trace)]
      Average:           111,465 kbps

======================================================================

[SAVED] results/run_all_20260607_000000/moq2_fcc_2023/benchmark_moq2_fcc2023_072_unit24525633_tc_20260608_120118.json

──────────────────────────────────────────────────────────────────────
  [74/150] fcc2023_073_unit5871_tc.csv
──────────────────────────────────────────────────────────────────────

======================================================================
  MOQ2 Streaming QoE Benchmark (moq-dev/moq stack, WebRTC-style)
======================================================================
  Relay:   http://127.0.0.1:4446
  Trace:   traces/fcc_2023/fcc2023_073_unit5871_tc.csv
  Mode:    sender-side measurement (no browser player)
======================================================================

   Delivered ladder: 100k, 600k, 1200k, 2000k, 3000k, 4500k
[PLAYBACK] Collecting metrics (sender-side)...
   t=4s | bitrate: 4500 kbps | tp: 136164 kbps | trace_bw: 136164 kbps
   t=16s | bitrate: 4500 kbps | tp: 116932 kbps | trace_bw: 116932 kbps
   t=28s | bitrate: 4500 kbps | tp: 154687 kbps | trace_bw: 154687 kbps
   t=40s | bitrate: 4500 kbps | tp: 131545 kbps | trace_bw: 131545 kbps
   t=52s | bitrate: 4500 kbps | tp: 159241 kbps | trace_bw: 159241 kbps
   t=64s | bitrate: 4500 kbps | tp: 115618 kbps | trace_bw: 115618 kbps
   t=76s | bitrate: 4500 kbps | tp: 162569 kbps | trace_bw: 162569 kbps
   t=88s | bitrate: 4500 kbps | tp: 114496 kbps | trace_bw: 114496 kbps
   t=100s | bitrate: 4500 kbps | tp: 94919 kbps | trace_bw: 94919 kbps
   t=112s | bitrate: 4500 kbps | tp: 128604 kbps | trace_bw: 128604 kbps

======================================================================
  BENCHMARK RESULTS (MOQ2 / moq-dev official stack)
======================================================================

  [TIMING]
      Startup delay:     216 ms
      Playback time:     120.0 s

  [BITRATE]
      Average (selected):  4,500 kbps
      Average (effective): 4,500 kbps

  [REBUFFERING]
      Events:            0
      Total time:        0 ms
      Ratio:             0.0000%

  [THROUGHPUT]
      Average:           122,623 kbps

  [ADAPTATION]
      Target latency:    3,000 ms
      Avg live latency:  0 ms
      Quality switches:  0 (↑0 / ↓0)
      Dropped fragments: 0

  [AVAILABLE BW (trace)]
      Average:           122,623 kbps

======================================================================

[SAVED] results/run_all_20260607_000000/moq2_fcc_2023/benchmark_moq2_fcc2023_073_unit5871_tc_20260608_120124.json

──────────────────────────────────────────────────────────────────────
  [75/150] fcc2023_074_unit79301425_tc.csv
──────────────────────────────────────────────────────────────────────

======================================================================
  MOQ2 Streaming QoE Benchmark (moq-dev/moq stack, WebRTC-style)
======================================================================
  Relay:   http://127.0.0.1:4446
  Trace:   traces/fcc_2023/fcc2023_074_unit79301425_tc.csv
  Mode:    sender-side measurement (no browser player)
======================================================================

   Delivered ladder: 100k, 600k, 1200k, 2000k, 3000k, 4500k
[PLAYBACK] Collecting metrics (sender-side)...
   t=4s | bitrate: 4500 kbps | tp: 118939 kbps | trace_bw: 118939 kbps
   t=16s | bitrate: 4500 kbps | tp: 119010 kbps | trace_bw: 119010 kbps
   t=28s | bitrate: 4500 kbps | tp: 118882 kbps | trace_bw: 118882 kbps
   t=40s | bitrate: 4500 kbps | tp: 118786 kbps | trace_bw: 118786 kbps
   t=52s | bitrate: 4500 kbps | tp: 119043 kbps | trace_bw: 119043 kbps
   t=64s | bitrate: 4500 kbps | tp: 119050 kbps | trace_bw: 119050 kbps
   t=76s | bitrate: 4500 kbps | tp: 118860 kbps | trace_bw: 118860 kbps
   t=88s | bitrate: 4500 kbps | tp: 119192 kbps | trace_bw: 119192 kbps
   t=100s | bitrate: 4500 kbps | tp: 119075 kbps | trace_bw: 119075 kbps
   t=112s | bitrate: 4500 kbps | tp: 118446 kbps | trace_bw: 118446 kbps

======================================================================
  BENCHMARK RESULTS (MOQ2 / moq-dev official stack)
======================================================================

  [TIMING]
      Startup delay:     247 ms
      Playback time:     120.0 s

  [BITRATE]
      Average (selected):  4,500 kbps
      Average (effective): 4,500 kbps

  [REBUFFERING]
      Events:            0
      Total time:        0 ms
      Ratio:             0.0000%

  [THROUGHPUT]
      Average:           118,560 kbps

  [ADAPTATION]
      Target latency:    3,000 ms
      Avg live latency:  0 ms
      Quality switches:  0 (↑0 / ↓0)
      Dropped fragments: 0

  [AVAILABLE BW (trace)]
      Average:           118,560 kbps

======================================================================

[SAVED] results/run_all_20260607_000000/moq2_fcc_2023/benchmark_moq2_fcc2023_074_unit79301425_tc_20260608_120131.json

──────────────────────────────────────────────────────────────────────
  [76/150] fcc2023_075_unit7482_tc.csv
──────────────────────────────────────────────────────────────────────

======================================================================
  MOQ2 Streaming QoE Benchmark (moq-dev/moq stack, WebRTC-style)
======================================================================
  Relay:   http://127.0.0.1:4446
  Trace:   traces/fcc_2023/fcc2023_075_unit7482_tc.csv
  Mode:    sender-side measurement (no browser player)
======================================================================

   Delivered ladder: 100k, 600k, 1200k, 2000k, 3000k, 4500k
[PLAYBACK] Collecting metrics (sender-side)...
   t=4s | bitrate: 4500 kbps | tp: 117596 kbps | trace_bw: 117596 kbps
   t=16s | bitrate: 4500 kbps | tp: 116393 kbps | trace_bw: 116393 kbps
   t=28s | bitrate: 4500 kbps | tp: 119433 kbps | trace_bw: 119433 kbps
   t=40s | bitrate: 4500 kbps | tp: 122470 kbps | trace_bw: 122470 kbps
   t=52s | bitrate: 4500 kbps | tp: 176372 kbps | trace_bw: 176372 kbps
   t=64s | bitrate: 4500 kbps | tp: 115205 kbps | trace_bw: 115205 kbps
   t=76s | bitrate: 4500 kbps | tp: 119857 kbps | trace_bw: 119857 kbps
   t=88s | bitrate: 4500 kbps | tp: 190596 kbps | trace_bw: 190596 kbps
   t=100s | bitrate: 4500 kbps | tp: 179572 kbps | trace_bw: 179572 kbps
   t=112s | bitrate: 4500 kbps | tp: 125330 kbps | trace_bw: 125330 kbps

======================================================================
  BENCHMARK RESULTS (MOQ2 / moq-dev official stack)
======================================================================

  [TIMING]
      Startup delay:     250 ms
      Playback time:     120.0 s

  [BITRATE]
      Average (selected):  4,500 kbps
      Average (effective): 4,500 kbps

  [REBUFFERING]
      Events:            0
      Total time:        0 ms
      Ratio:             0.0000%

  [THROUGHPUT]
      Average:           138,829 kbps

  [ADAPTATION]
      Target latency:    3,000 ms
      Avg live latency:  0 ms
      Quality switches:  0 (↑0 / ↓0)
      Dropped fragments: 0

  [AVAILABLE BW (trace)]
      Average:           138,829 kbps

======================================================================

[SAVED] results/run_all_20260607_000000/moq2_fcc_2023/benchmark_moq2_fcc2023_075_unit7482_tc_20260608_120137.json

──────────────────────────────────────────────────────────────────────
  [77/150] fcc2023_076_unit26437529_tc.csv
──────────────────────────────────────────────────────────────────────

======================================================================
  MOQ2 Streaming QoE Benchmark (moq-dev/moq stack, WebRTC-style)
======================================================================
  Relay:   http://127.0.0.1:4446
  Trace:   traces/fcc_2023/fcc2023_076_unit26437529_tc.csv
  Mode:    sender-side measurement (no browser player)
======================================================================

   Delivered ladder: 100k, 600k, 1200k, 2000k, 3000k, 4500k
[PLAYBACK] Collecting metrics (sender-side)...
   t=4s | bitrate: 4500 kbps | tp: 128920 kbps | trace_bw: 128920 kbps
   t=16s | bitrate: 4500 kbps | tp: 133299 kbps | trace_bw: 133299 kbps
   t=28s | bitrate: 4500 kbps | tp: 133306 kbps | trace_bw: 133306 kbps
   t=40s | bitrate: 4500 kbps | tp: 132290 kbps | trace_bw: 132290 kbps
   t=52s | bitrate: 4500 kbps | tp: 132654 kbps | trace_bw: 132654 kbps
   t=64s | bitrate: 4500 kbps | tp: 133189 kbps | trace_bw: 133189 kbps
   t=76s | bitrate: 4500 kbps | tp: 133023 kbps | trace_bw: 133023 kbps
   t=88s | bitrate: 4500 kbps | tp: 133278 kbps | trace_bw: 133278 kbps
   t=100s | bitrate: 4500 kbps | tp: 133093 kbps | trace_bw: 133093 kbps
   t=112s | bitrate: 4500 kbps | tp: 133065 kbps | trace_bw: 133065 kbps

======================================================================
  BENCHMARK RESULTS (MOQ2 / moq-dev official stack)
======================================================================

  [TIMING]
      Startup delay:     228 ms
      Playback time:     120.0 s

  [BITRATE]
      Average (selected):  4,500 kbps
      Average (effective): 4,500 kbps

  [REBUFFERING]
      Events:            0
      Total time:        0 ms
      Ratio:             0.0000%

  [THROUGHPUT]
      Average:           132,700 kbps

  [ADAPTATION]
      Target latency:    3,000 ms
      Avg live latency:  0 ms
      Quality switches:  0 (↑0 / ↓0)
      Dropped fragments: 0

  [AVAILABLE BW (trace)]
      Average:           132,700 kbps

======================================================================

[SAVED] results/run_all_20260607_000000/moq2_fcc_2023/benchmark_moq2_fcc2023_076_unit26437529_tc_20260608_120144.json

──────────────────────────────────────────────────────────────────────
  [78/150] fcc2023_077_unit7778_tc.csv
──────────────────────────────────────────────────────────────────────

======================================================================
  MOQ2 Streaming QoE Benchmark (moq-dev/moq stack, WebRTC-style)
======================================================================
  Relay:   http://127.0.0.1:4446
  Trace:   traces/fcc_2023/fcc2023_077_unit7778_tc.csv
  Mode:    sender-side measurement (no browser player)
======================================================================

   Delivered ladder: 100k, 600k, 1200k, 2000k, 3000k, 4500k
[PLAYBACK] Collecting metrics (sender-side)...
   t=4s | bitrate: 4500 kbps | tp: 179123 kbps | trace_bw: 179123 kbps
   t=16s | bitrate: 4500 kbps | tp: 184083 kbps | trace_bw: 184083 kbps
   t=28s | bitrate: 4500 kbps | tp: 107355 kbps | trace_bw: 107355 kbps
   t=40s | bitrate: 4500 kbps | tp: 93102 kbps | trace_bw: 93102 kbps
   t=52s | bitrate: 4500 kbps | tp: 122448 kbps | trace_bw: 122448 kbps
   t=64s | bitrate: 4500 kbps | tp: 174737 kbps | trace_bw: 174737 kbps
   t=76s | bitrate: 4500 kbps | tp: 153975 kbps | trace_bw: 153975 kbps
   t=88s | bitrate: 4500 kbps | tp: 179633 kbps | trace_bw: 179633 kbps
   t=100s | bitrate: 4500 kbps | tp: 207098 kbps | trace_bw: 207098 kbps
   t=112s | bitrate: 4500 kbps | tp: 96275 kbps | trace_bw: 96275 kbps

======================================================================
  BENCHMARK RESULTS (MOQ2 / moq-dev official stack)
======================================================================

  [TIMING]
      Startup delay:     164 ms
      Playback time:     120.0 s

  [BITRATE]
      Average (selected):  4,500 kbps
      Average (effective): 4,500 kbps

  [REBUFFERING]
      Events:            0
      Total time:        0 ms
      Ratio:             0.0000%

  [THROUGHPUT]
      Average:           147,946 kbps

  [ADAPTATION]
      Target latency:    3,000 ms
      Avg live latency:  0 ms
      Quality switches:  0 (↑0 / ↓0)
      Dropped fragments: 0

  [AVAILABLE BW (trace)]
      Average:           147,946 kbps

======================================================================

[SAVED] results/run_all_20260607_000000/moq2_fcc_2023/benchmark_moq2_fcc2023_077_unit7778_tc_20260608_120150.json

──────────────────────────────────────────────────────────────────────
  [79/150] fcc2023_078_unit9316_tc.csv
──────────────────────────────────────────────────────────────────────

======================================================================
  MOQ2 Streaming QoE Benchmark (moq-dev/moq stack, WebRTC-style)
======================================================================
  Relay:   http://127.0.0.1:4446
  Trace:   traces/fcc_2023/fcc2023_078_unit9316_tc.csv
  Mode:    sender-side measurement (no browser player)
======================================================================

   Delivered ladder: 100k, 600k, 1200k, 2000k, 3000k, 4500k
[PLAYBACK] Collecting metrics (sender-side)...
   t=4s | bitrate: 4500 kbps | tp: 149072 kbps | trace_bw: 149072 kbps
   t=16s | bitrate: 4500 kbps | tp: 153483 kbps | trace_bw: 153483 kbps
   t=28s | bitrate: 4500 kbps | tp: 140305 kbps | trace_bw: 140305 kbps
   t=40s | bitrate: 4500 kbps | tp: 148977 kbps | trace_bw: 148977 kbps
   t=52s | bitrate: 4500 kbps | tp: 146267 kbps | trace_bw: 146267 kbps
   t=64s | bitrate: 4500 kbps | tp: 149441 kbps | trace_bw: 149441 kbps
   t=76s | bitrate: 4500 kbps | tp: 135388 kbps | trace_bw: 135388 kbps
   t=88s | bitrate: 4500 kbps | tp: 175143 kbps | trace_bw: 175143 kbps
   t=100s | bitrate: 4500 kbps | tp: 145662 kbps | trace_bw: 145662 kbps
   t=112s | bitrate: 4500 kbps | tp: 145895 kbps | trace_bw: 145895 kbps

======================================================================
  BENCHMARK RESULTS (MOQ2 / moq-dev official stack)
======================================================================

  [TIMING]
      Startup delay:     197 ms
      Playback time:     120.0 s

  [BITRATE]
      Average (selected):  4,500 kbps
      Average (effective): 4,500 kbps

  [REBUFFERING]
      Events:            0
      Total time:        0 ms
      Ratio:             0.0000%

  [THROUGHPUT]
      Average:           151,690 kbps

  [ADAPTATION]
      Target latency:    3,000 ms
      Avg live latency:  0 ms
      Quality switches:  0 (↑0 / ↓0)
      Dropped fragments: 0

  [AVAILABLE BW (trace)]
      Average:           151,690 kbps

======================================================================

[SAVED] results/run_all_20260607_000000/moq2_fcc_2023/benchmark_moq2_fcc2023_078_unit9316_tc_20260608_120156.json

──────────────────────────────────────────────────────────────────────
  [80/150] fcc2023_079_unit863_tc.csv
──────────────────────────────────────────────────────────────────────

======================================================================
  MOQ2 Streaming QoE Benchmark (moq-dev/moq stack, WebRTC-style)
======================================================================
  Relay:   http://127.0.0.1:4446
  Trace:   traces/fcc_2023/fcc2023_079_unit863_tc.csv
  Mode:    sender-side measurement (no browser player)
======================================================================

   Delivered ladder: 100k, 600k, 1200k, 2000k, 3000k, 4500k
[PLAYBACK] Collecting metrics (sender-side)...
   t=4s | bitrate: 4500 kbps | tp: 127653 kbps | trace_bw: 127653 kbps
   t=16s | bitrate: 4500 kbps | tp: 177025 kbps | trace_bw: 177025 kbps
   t=28s | bitrate: 4500 kbps | tp: 163802 kbps | trace_bw: 163802 kbps
   t=40s | bitrate: 4500 kbps | tp: 158528 kbps | trace_bw: 158528 kbps
   t=52s | bitrate: 4500 kbps | tp: 159048 kbps | trace_bw: 159048 kbps
   t=64s | bitrate: 4500 kbps | tp: 163042 kbps | trace_bw: 163042 kbps
   t=76s | bitrate: 4500 kbps | tp: 173498 kbps | trace_bw: 173498 kbps
   t=88s | bitrate: 4500 kbps | tp: 113255 kbps | trace_bw: 113255 kbps
   t=100s | bitrate: 4500 kbps | tp: 184442 kbps | trace_bw: 184442 kbps
   t=112s | bitrate: 4500 kbps | tp: 149881 kbps | trace_bw: 149881 kbps

======================================================================
  BENCHMARK RESULTS (MOQ2 / moq-dev official stack)
======================================================================

  [TIMING]
      Startup delay:     230 ms
      Playback time:     120.0 s

  [BITRATE]
      Average (selected):  4,500 kbps
      Average (effective): 4,500 kbps

  [REBUFFERING]
      Events:            0
      Total time:        0 ms
      Ratio:             0.0000%

  [THROUGHPUT]
      Average:           155,576 kbps

  [ADAPTATION]
      Target latency:    3,000 ms
      Avg live latency:  0 ms
      Quality switches:  0 (↑0 / ↓0)
      Dropped fragments: 0

  [AVAILABLE BW (trace)]
      Average:           155,576 kbps

======================================================================

[SAVED] results/run_all_20260607_000000/moq2_fcc_2023/benchmark_moq2_fcc2023_079_unit863_tc_20260608_120201.json

──────────────────────────────────────────────────────────────────────
  [81/150] fcc2023_080_unit925818_tc.csv
──────────────────────────────────────────────────────────────────────

======================================================================
  MOQ2 Streaming QoE Benchmark (moq-dev/moq stack, WebRTC-style)
======================================================================
  Relay:   http://127.0.0.1:4446
  Trace:   traces/fcc_2023/fcc2023_080_unit925818_tc.csv
  Mode:    sender-side measurement (no browser player)
======================================================================

   Delivered ladder: 100k, 600k, 1200k, 2000k, 3000k, 4500k
[PLAYBACK] Collecting metrics (sender-side)...
   t=4s | bitrate: 4500 kbps | tp: 159794 kbps | trace_bw: 159794 kbps
   t=16s | bitrate: 4500 kbps | tp: 172152 kbps | trace_bw: 172152 kbps
   t=28s | bitrate: 4500 kbps | tp: 171594 kbps | trace_bw: 171594 kbps
   t=40s | bitrate: 4500 kbps | tp: 168544 kbps | trace_bw: 168544 kbps
   t=52s | bitrate: 4500 kbps | tp: 170621 kbps | trace_bw: 170621 kbps
   t=64s | bitrate: 4500 kbps | tp: 173299 kbps | trace_bw: 173299 kbps
   t=76s | bitrate: 4500 kbps | tp: 164314 kbps | trace_bw: 164314 kbps
   t=88s | bitrate: 4500 kbps | tp: 166784 kbps | trace_bw: 166784 kbps
   t=100s | bitrate: 4500 kbps | tp: 186466 kbps | trace_bw: 186466 kbps
   t=112s | bitrate: 4500 kbps | tp: 186640 kbps | trace_bw: 186640 kbps

======================================================================
  BENCHMARK RESULTS (MOQ2 / moq-dev official stack)
======================================================================

  [TIMING]
      Startup delay:     184 ms
      Playback time:     120.0 s

  [BITRATE]
      Average (selected):  4,500 kbps
      Average (effective): 4,500 kbps

  [REBUFFERING]
      Events:            0
      Total time:        0 ms
      Ratio:             0.0000%

  [THROUGHPUT]
      Average:           168,227 kbps

  [ADAPTATION]
      Target latency:    3,000 ms
      Avg live latency:  0 ms
      Quality switches:  0 (↑0 / ↓0)
      Dropped fragments: 0

  [AVAILABLE BW (trace)]
      Average:           168,227 kbps

======================================================================

[SAVED] results/run_all_20260607_000000/moq2_fcc_2023/benchmark_moq2_fcc2023_080_unit925818_tc_20260608_120207.json

──────────────────────────────────────────────────────────────────────
  [82/150] fcc2023_081_unit26524_tc.csv
──────────────────────────────────────────────────────────────────────

======================================================================
  MOQ2 Streaming QoE Benchmark (moq-dev/moq stack, WebRTC-style)
======================================================================
  Relay:   http://127.0.0.1:4446
  Trace:   traces/fcc_2023/fcc2023_081_unit26524_tc.csv
  Mode:    sender-side measurement (no browser player)
======================================================================

   Delivered ladder: 100k, 600k, 1200k, 2000k, 3000k, 4500k
[PLAYBACK] Collecting metrics (sender-side)...
   t=4s | bitrate: 4500 kbps | tp: 174715 kbps | trace_bw: 174715 kbps
   t=16s | bitrate: 4500 kbps | tp: 65520 kbps | trace_bw: 65520 kbps
   t=28s | bitrate: 4500 kbps | tp: 70584 kbps | trace_bw: 70584 kbps
   t=40s | bitrate: 4500 kbps | tp: 175586 kbps | trace_bw: 175586 kbps
   t=52s | bitrate: 4500 kbps | tp: 67560 kbps | trace_bw: 67560 kbps
   t=64s | bitrate: 4500 kbps | tp: 173116 kbps | trace_bw: 173116 kbps
   t=76s | bitrate: 4500 kbps | tp: 176733 kbps | trace_bw: 176733 kbps
   t=88s | bitrate: 4500 kbps | tp: 178148 kbps | trace_bw: 178148 kbps
   t=100s | bitrate: 4500 kbps | tp: 61894 kbps | trace_bw: 61894 kbps
   t=112s | bitrate: 4500 kbps | tp: 175134 kbps | trace_bw: 175134 kbps

======================================================================
  BENCHMARK RESULTS (MOQ2 / moq-dev official stack)
======================================================================

  [TIMING]
      Startup delay:     168 ms
      Playback time:     120.0 s

  [BITRATE]
      Average (selected):  4,500 kbps
      Average (effective): 4,500 kbps

  [REBUFFERING]
      Events:            0
      Total time:        0 ms
      Ratio:             0.0000%

  [THROUGHPUT]
      Average:           150,144 kbps

  [ADAPTATION]
      Target latency:    3,000 ms
      Avg live latency:  0 ms
      Quality switches:  0 (↑0 / ↓0)
      Dropped fragments: 0

  [AVAILABLE BW (trace)]
      Average:           150,144 kbps

======================================================================

[SAVED] results/run_all_20260607_000000/moq2_fcc_2023/benchmark_moq2_fcc2023_081_unit26524_tc_20260608_120212.json

──────────────────────────────────────────────────────────────────────
  [83/150] fcc2023_082_unit40417261_tc.csv
──────────────────────────────────────────────────────────────────────

======================================================================
  MOQ2 Streaming QoE Benchmark (moq-dev/moq stack, WebRTC-style)
======================================================================
  Relay:   http://127.0.0.1:4446
  Trace:   traces/fcc_2023/fcc2023_082_unit40417261_tc.csv
  Mode:    sender-side measurement (no browser player)
======================================================================

   Delivered ladder: 100k, 600k, 1200k, 2000k, 3000k, 4500k
[PLAYBACK] Collecting metrics (sender-side)...
   t=4s | bitrate: 4500 kbps | tp: 235791 kbps | trace_bw: 235791 kbps
   t=16s | bitrate: 4500 kbps | tp: 236093 kbps | trace_bw: 236093 kbps
   t=28s | bitrate: 4500 kbps | tp: 235466 kbps | trace_bw: 235466 kbps
   t=40s | bitrate: 4500 kbps | tp: 236855 kbps | trace_bw: 236855 kbps
   t=52s | bitrate: 4500 kbps | tp: 238419 kbps | trace_bw: 238419 kbps
   t=64s | bitrate: 4500 kbps | tp: 233946 kbps | trace_bw: 233946 kbps
   t=76s | bitrate: 4500 kbps | tp: 235459 kbps | trace_bw: 235459 kbps
   t=88s | bitrate: 4500 kbps | tp: 236717 kbps | trace_bw: 236717 kbps
   t=100s | bitrate: 4500 kbps | tp: 239050 kbps | trace_bw: 239050 kbps
   t=112s | bitrate: 4500 kbps | tp: 235408 kbps | trace_bw: 235408 kbps

======================================================================
  BENCHMARK RESULTS (MOQ2 / moq-dev official stack)
======================================================================

  [TIMING]
      Startup delay:     125 ms
      Playback time:     120.0 s

  [BITRATE]
      Average (selected):  4,500 kbps
      Average (effective): 4,500 kbps

  [REBUFFERING]
      Events:            0
      Total time:        0 ms
      Ratio:             0.0000%

  [THROUGHPUT]
      Average:           235,817 kbps

  [ADAPTATION]
      Target latency:    3,000 ms
      Avg live latency:  0 ms
      Quality switches:  0 (↑0 / ↓0)
      Dropped fragments: 0

  [AVAILABLE BW (trace)]
      Average:           235,817 kbps

======================================================================

[SAVED] results/run_all_20260607_000000/moq2_fcc_2023/benchmark_moq2_fcc2023_082_unit40417261_tc_20260608_120218.json

──────────────────────────────────────────────────────────────────────
  [84/150] fcc2023_083_unit901870_tc.csv
──────────────────────────────────────────────────────────────────────

======================================================================
  MOQ2 Streaming QoE Benchmark (moq-dev/moq stack, WebRTC-style)
======================================================================
  Relay:   http://127.0.0.1:4446
  Trace:   traces/fcc_2023/fcc2023_083_unit901870_tc.csv
  Mode:    sender-side measurement (no browser player)
======================================================================

   Delivered ladder: 100k, 600k, 1200k, 2000k, 3000k, 4500k
[PLAYBACK] Collecting metrics (sender-side)...
   t=4s | bitrate: 4500 kbps | tp: 182521 kbps | trace_bw: 182521 kbps
   t=16s | bitrate: 4500 kbps | tp: 191447 kbps | trace_bw: 191447 kbps
   t=28s | bitrate: 4500 kbps | tp: 181859 kbps | trace_bw: 181859 kbps
   t=40s | bitrate: 4500 kbps | tp: 190337 kbps | trace_bw: 190337 kbps
   t=52s | bitrate: 4500 kbps | tp: 195171 kbps | trace_bw: 195171 kbps
   t=64s | bitrate: 4500 kbps | tp: 99518 kbps | trace_bw: 99518 kbps
   t=76s | bitrate: 4500 kbps | tp: 68026 kbps | trace_bw: 68026 kbps
   t=88s | bitrate: 4500 kbps | tp: 181152 kbps | trace_bw: 181152 kbps
   t=100s | bitrate: 4500 kbps | tp: 90520 kbps | trace_bw: 90520 kbps
   t=112s | bitrate: 4500 kbps | tp: 184818 kbps | trace_bw: 184818 kbps

======================================================================
  BENCHMARK RESULTS (MOQ2 / moq-dev official stack)
======================================================================

  [TIMING]
      Startup delay:     161 ms
      Playback time:     120.0 s

  [BITRATE]
      Average (selected):  4,500 kbps
      Average (effective): 4,500 kbps

  [REBUFFERING]
      Events:            0
      Total time:        0 ms
      Ratio:             0.0000%

  [THROUGHPUT]
      Average:           143,811 kbps

  [ADAPTATION]
      Target latency:    3,000 ms
      Avg live latency:  0 ms
      Quality switches:  0 (↑0 / ↓0)
      Dropped fragments: 0

  [AVAILABLE BW (trace)]
      Average:           143,811 kbps

======================================================================

[SAVED] results/run_all_20260607_000000/moq2_fcc_2023/benchmark_moq2_fcc2023_083_unit901870_tc_20260608_120223.json

──────────────────────────────────────────────────────────────────────
  [85/150] fcc2023_084_unit27608173_tc.csv
──────────────────────────────────────────────────────────────────────

======================================================================
  MOQ2 Streaming QoE Benchmark (moq-dev/moq stack, WebRTC-style)
======================================================================
  Relay:   http://127.0.0.1:4446
  Trace:   traces/fcc_2023/fcc2023_084_unit27608173_tc.csv
  Mode:    sender-side measurement (no browser player)
======================================================================

   Delivered ladder: 100k, 600k, 1200k, 2000k, 3000k, 4500k
[PLAYBACK] Collecting metrics (sender-side)...
   t=4s | bitrate: 4500 kbps | tp: 194414 kbps | trace_bw: 194414 kbps
   t=16s | bitrate: 4500 kbps | tp: 195204 kbps | trace_bw: 195204 kbps
   t=28s | bitrate: 4500 kbps | tp: 194738 kbps | trace_bw: 194738 kbps
   t=40s | bitrate: 4500 kbps | tp: 194886 kbps | trace_bw: 194886 kbps
   t=52s | bitrate: 4500 kbps | tp: 194931 kbps | trace_bw: 194931 kbps
   t=64s | bitrate: 4500 kbps | tp: 195067 kbps | trace_bw: 195067 kbps
   t=76s | bitrate: 4500 kbps | tp: 194381 kbps | trace_bw: 194381 kbps
   t=88s | bitrate: 4500 kbps | tp: 195126 kbps | trace_bw: 195126 kbps
   t=100s | bitrate: 4500 kbps | tp: 193260 kbps | trace_bw: 193260 kbps
   t=112s | bitrate: 4500 kbps | tp: 193877 kbps | trace_bw: 193877 kbps

======================================================================
  BENCHMARK RESULTS (MOQ2 / moq-dev official stack)
======================================================================

  [TIMING]
      Startup delay:     151 ms
      Playback time:     120.0 s

  [BITRATE]
      Average (selected):  4,500 kbps
      Average (effective): 4,500 kbps

  [REBUFFERING]
      Events:            0
      Total time:        0 ms
      Ratio:             0.0000%

  [THROUGHPUT]
      Average:           194,797 kbps

  [ADAPTATION]
      Target latency:    3,000 ms
      Avg live latency:  0 ms
      Quality switches:  0 (↑0 / ↓0)
      Dropped fragments: 0

  [AVAILABLE BW (trace)]
      Average:           194,797 kbps

======================================================================

[SAVED] results/run_all_20260607_000000/moq2_fcc_2023/benchmark_moq2_fcc2023_084_unit27608173_tc_20260608_120229.json

──────────────────────────────────────────────────────────────────────
  [86/150] fcc2023_085_unit26539_tc.csv
──────────────────────────────────────────────────────────────────────

======================================================================
  MOQ2 Streaming QoE Benchmark (moq-dev/moq stack, WebRTC-style)
======================================================================
  Relay:   http://127.0.0.1:4446
  Trace:   traces/fcc_2023/fcc2023_085_unit26539_tc.csv
  Mode:    sender-side measurement (no browser player)
======================================================================

   Delivered ladder: 100k, 600k, 1200k, 2000k, 3000k, 4500k
[PLAYBACK] Collecting metrics (sender-side)...
   t=4s | bitrate: 4500 kbps | tp: 203948 kbps | trace_bw: 203948 kbps
   t=16s | bitrate: 4500 kbps | tp: 206658 kbps | trace_bw: 206658 kbps
   t=28s | bitrate: 4500 kbps | tp: 214251 kbps | trace_bw: 214251 kbps
   t=40s | bitrate: 4500 kbps | tp: 208646 kbps | trace_bw: 208646 kbps
   t=52s | bitrate: 4500 kbps | tp: 210053 kbps | trace_bw: 210053 kbps
   t=64s | bitrate: 4500 kbps | tp: 199543 kbps | trace_bw: 199543 kbps
   t=76s | bitrate: 4500 kbps | tp: 220846 kbps | trace_bw: 220846 kbps
   t=88s | bitrate: 4500 kbps | tp: 201738 kbps | trace_bw: 201738 kbps
   t=100s | bitrate: 4500 kbps | tp: 201065 kbps | trace_bw: 201065 kbps
   t=112s | bitrate: 4500 kbps | tp: 200967 kbps | trace_bw: 200967 kbps

======================================================================
  BENCHMARK RESULTS (MOQ2 / moq-dev official stack)
======================================================================

  [TIMING]
      Startup delay:     144 ms
      Playback time:     120.0 s

  [BITRATE]
      Average (selected):  4,500 kbps
      Average (effective): 4,500 kbps

  [REBUFFERING]
      Events:            0
      Total time:        0 ms
      Ratio:             0.0000%

  [THROUGHPUT]
      Average:           204,239 kbps

  [ADAPTATION]
      Target latency:    3,000 ms
      Avg live latency:  0 ms
      Quality switches:  0 (↑0 / ↓0)
      Dropped fragments: 0

  [AVAILABLE BW (trace)]
      Average:           204,239 kbps

======================================================================

[SAVED] results/run_all_20260607_000000/moq2_fcc_2023/benchmark_moq2_fcc2023_085_unit26539_tc_20260608_120234.json

──────────────────────────────────────────────────────────────────────
  [87/150] fcc2023_086_unit26522_tc.csv
──────────────────────────────────────────────────────────────────────

======================================================================
  MOQ2 Streaming QoE Benchmark (moq-dev/moq stack, WebRTC-style)
======================================================================
  Relay:   http://127.0.0.1:4446
  Trace:   traces/fcc_2023/fcc2023_086_unit26522_tc.csv
  Mode:    sender-side measurement (no browser player)
======================================================================

   Delivered ladder: 100k, 600k, 1200k, 2000k, 3000k, 4500k
[PLAYBACK] Collecting metrics (sender-side)...
   t=4s | bitrate: 4500 kbps | tp: 181468 kbps | trace_bw: 181468 kbps
   t=16s | bitrate: 4500 kbps | tp: 204667 kbps | trace_bw: 204667 kbps
   t=28s | bitrate: 4500 kbps | tp: 184659 kbps | trace_bw: 184659 kbps
   t=40s | bitrate: 4500 kbps | tp: 204822 kbps | trace_bw: 204822 kbps
   t=52s | bitrate: 4500 kbps | tp: 185129 kbps | trace_bw: 185129 kbps
   t=64s | bitrate: 4500 kbps | tp: 204038 kbps | trace_bw: 204038 kbps
   t=76s | bitrate: 4500 kbps | tp: 193992 kbps | trace_bw: 193992 kbps
   t=88s | bitrate: 4500 kbps | tp: 183545 kbps | trace_bw: 183545 kbps
   t=100s | bitrate: 4500 kbps | tp: 207209 kbps | trace_bw: 207209 kbps
   t=112s | bitrate: 4500 kbps | tp: 185812 kbps | trace_bw: 185812 kbps

======================================================================
  BENCHMARK RESULTS (MOQ2 / moq-dev official stack)
======================================================================

  [TIMING]
      Startup delay:     162 ms
      Playback time:     120.0 s

  [BITRATE]
      Average (selected):  4,500 kbps
      Average (effective): 4,500 kbps

  [REBUFFERING]
      Events:            0
      Total time:        0 ms
      Ratio:             0.0000%

  [THROUGHPUT]
      Average:           189,998 kbps

  [ADAPTATION]
      Target latency:    3,000 ms
      Avg live latency:  0 ms
      Quality switches:  0 (↑0 / ↓0)
      Dropped fragments: 0

  [AVAILABLE BW (trace)]
      Average:           189,998 kbps

======================================================================

[SAVED] results/run_all_20260607_000000/moq2_fcc_2023/benchmark_moq2_fcc2023_086_unit26522_tc_20260608_120238.json

──────────────────────────────────────────────────────────────────────
  [88/150] fcc2023_087_unit26113977_tc.csv
──────────────────────────────────────────────────────────────────────

======================================================================
  MOQ2 Streaming QoE Benchmark (moq-dev/moq stack, WebRTC-style)
======================================================================
  Relay:   http://127.0.0.1:4446
  Trace:   traces/fcc_2023/fcc2023_087_unit26113977_tc.csv
  Mode:    sender-side measurement (no browser player)
======================================================================

   Delivered ladder: 100k, 600k, 1200k, 2000k, 3000k, 4500k
[PLAYBACK] Collecting metrics (sender-side)...
   t=4s | bitrate: 4500 kbps | tp: 223166 kbps | trace_bw: 223166 kbps
   t=16s | bitrate: 4500 kbps | tp: 222233 kbps | trace_bw: 222233 kbps
   t=28s | bitrate: 4500 kbps | tp: 222955 kbps | trace_bw: 222955 kbps
   t=40s | bitrate: 4500 kbps | tp: 223983 kbps | trace_bw: 223983 kbps
   t=52s | bitrate: 4500 kbps | tp: 222315 kbps | trace_bw: 222315 kbps
   t=64s | bitrate: 4500 kbps | tp: 223740 kbps | trace_bw: 223740 kbps
   t=76s | bitrate: 4500 kbps | tp: 223752 kbps | trace_bw: 223752 kbps
   t=88s | bitrate: 4500 kbps | tp: 223810 kbps | trace_bw: 223810 kbps
   t=100s | bitrate: 4500 kbps | tp: 213415 kbps | trace_bw: 213415 kbps
   t=112s | bitrate: 4500 kbps | tp: 224178 kbps | trace_bw: 224178 kbps

======================================================================
  BENCHMARK RESULTS (MOQ2 / moq-dev official stack)
======================================================================

  [TIMING]
      Startup delay:     132 ms
      Playback time:     120.0 s

  [BITRATE]
      Average (selected):  4,500 kbps
      Average (effective): 4,500 kbps

  [REBUFFERING]
      Events:            0
      Total time:        0 ms
      Ratio:             0.0000%

  [THROUGHPUT]
      Average:           222,380 kbps

  [ADAPTATION]
      Target latency:    3,000 ms
      Avg live latency:  0 ms
      Quality switches:  0 (↑0 / ↓0)
      Dropped fragments: 0

  [AVAILABLE BW (trace)]
      Average:           222,380 kbps

======================================================================

[SAVED] results/run_all_20260607_000000/moq2_fcc_2023/benchmark_moq2_fcc2023_087_unit26113977_tc_20260608_120243.json

──────────────────────────────────────────────────────────────────────
  [89/150] fcc2023_088_unit1001124_tc.csv
──────────────────────────────────────────────────────────────────────

======================================================================
  MOQ2 Streaming QoE Benchmark (moq-dev/moq stack, WebRTC-style)
======================================================================
  Relay:   http://127.0.0.1:4446
  Trace:   traces/fcc_2023/fcc2023_088_unit1001124_tc.csv
  Mode:    sender-side measurement (no browser player)
======================================================================

   Delivered ladder: 100k, 600k, 1200k, 2000k, 3000k, 4500k
[PLAYBACK] Collecting metrics (sender-side)...
   t=4s | bitrate: 4500 kbps | tp: 235219 kbps | trace_bw: 235219 kbps
   t=16s | bitrate: 4500 kbps | tp: 234708 kbps | trace_bw: 234708 kbps
   t=28s | bitrate: 4500 kbps | tp: 240043 kbps | trace_bw: 240043 kbps
   t=40s | bitrate: 4500 kbps | tp: 237328 kbps | trace_bw: 237328 kbps
   t=52s | bitrate: 4500 kbps | tp: 231254 kbps | trace_bw: 231254 kbps
   t=64s | bitrate: 4500 kbps | tp: 235533 kbps | trace_bw: 235533 kbps
   t=76s | bitrate: 4500 kbps | tp: 224624 kbps | trace_bw: 224624 kbps
   t=88s | bitrate: 4500 kbps | tp: 223491 kbps | trace_bw: 223491 kbps
   t=100s | bitrate: 4500 kbps | tp: 230090 kbps | trace_bw: 230090 kbps
   t=112s | bitrate: 4500 kbps | tp: 238651 kbps | trace_bw: 238651 kbps

======================================================================
  BENCHMARK RESULTS (MOQ2 / moq-dev official stack)
======================================================================

  [TIMING]
      Startup delay:     125 ms
      Playback time:     120.0 s

  [BITRATE]
      Average (selected):  4,500 kbps
      Average (effective): 4,500 kbps

  [REBUFFERING]
      Events:            0
      Total time:        0 ms
      Ratio:             0.0000%

  [THROUGHPUT]
      Average:           231,765 kbps

  [ADAPTATION]
      Target latency:    3,000 ms
      Avg live latency:  0 ms
      Quality switches:  0 (↑0 / ↓0)
      Dropped fragments: 0

  [AVAILABLE BW (trace)]
      Average:           231,765 kbps

======================================================================

[SAVED] results/run_all_20260607_000000/moq2_fcc_2023/benchmark_moq2_fcc2023_088_unit1001124_tc_20260608_120248.json

──────────────────────────────────────────────────────────────────────
  [90/150] fcc2023_089_unit36509125_tc.csv
──────────────────────────────────────────────────────────────────────

======================================================================
  MOQ2 Streaming QoE Benchmark (moq-dev/moq stack, WebRTC-style)
======================================================================
  Relay:   http://127.0.0.1:4446
  Trace:   traces/fcc_2023/fcc2023_089_unit36509125_tc.csv
  Mode:    sender-side measurement (no browser player)
======================================================================

   Delivered ladder: 100k, 600k, 1200k, 2000k, 3000k, 4500k
[PLAYBACK] Collecting metrics (sender-side)...
   t=4s | bitrate: 4500 kbps | tp: 236868 kbps | trace_bw: 236868 kbps
   t=16s | bitrate: 4500 kbps | tp: 237191 kbps | trace_bw: 237191 kbps
   t=28s | bitrate: 4500 kbps | tp: 238321 kbps | trace_bw: 238321 kbps
   t=40s | bitrate: 4500 kbps | tp: 232319 kbps | trace_bw: 232319 kbps
   t=52s | bitrate: 4500 kbps | tp: 232938 kbps | trace_bw: 232938 kbps
   t=64s | bitrate: 4500 kbps | tp: 209441 kbps | trace_bw: 209441 kbps
   t=76s | bitrate: 4500 kbps | tp: 237811 kbps | trace_bw: 237811 kbps
   t=88s | bitrate: 4500 kbps | tp: 237442 kbps | trace_bw: 237442 kbps
   t=100s | bitrate: 4500 kbps | tp: 237402 kbps | trace_bw: 237402 kbps
   t=112s | bitrate: 4500 kbps | tp: 236854 kbps | trace_bw: 236854 kbps

======================================================================
  BENCHMARK RESULTS (MOQ2 / moq-dev official stack)
======================================================================

  [TIMING]
      Startup delay:     124 ms
      Playback time:     120.0 s

  [BITRATE]
      Average (selected):  4,500 kbps
      Average (effective): 4,500 kbps

  [REBUFFERING]
      Events:            0
      Total time:        0 ms
      Ratio:             0.0000%

  [THROUGHPUT]
      Average:           234,855 kbps

  [ADAPTATION]
      Target latency:    3,000 ms
      Avg live latency:  0 ms
      Quality switches:  0 (↑0 / ↓0)
      Dropped fragments: 0

  [AVAILABLE BW (trace)]
      Average:           234,855 kbps

======================================================================

[SAVED] results/run_all_20260607_000000/moq2_fcc_2023/benchmark_moq2_fcc2023_089_unit36509125_tc_20260608_120252.json

──────────────────────────────────────────────────────────────────────
  [91/150] fcc2023_090_unit1000331_tc.csv
──────────────────────────────────────────────────────────────────────

======================================================================
  MOQ2 Streaming QoE Benchmark (moq-dev/moq stack, WebRTC-style)
======================================================================
  Relay:   http://127.0.0.1:4446
  Trace:   traces/fcc_2023/fcc2023_090_unit1000331_tc.csv
  Mode:    sender-side measurement (no browser player)
======================================================================

   Delivered ladder: 100k, 600k, 1200k, 2000k, 3000k, 4500k
[PLAYBACK] Collecting metrics (sender-side)...
   t=4s | bitrate: 4500 kbps | tp: 237631 kbps | trace_bw: 237631 kbps
   t=16s | bitrate: 4500 kbps | tp: 238012 kbps | trace_bw: 238012 kbps
   t=28s | bitrate: 4500 kbps | tp: 237805 kbps | trace_bw: 237805 kbps
   t=40s | bitrate: 4500 kbps | tp: 237807 kbps | trace_bw: 237807 kbps
   t=52s | bitrate: 4500 kbps | tp: 238529 kbps | trace_bw: 238529 kbps
   t=64s | bitrate: 4500 kbps | tp: 237832 kbps | trace_bw: 237832 kbps
   t=76s | bitrate: 4500 kbps | tp: 237881 kbps | trace_bw: 237881 kbps
   t=88s | bitrate: 4500 kbps | tp: 238010 kbps | trace_bw: 238010 kbps
   t=100s | bitrate: 4500 kbps | tp: 238371 kbps | trace_bw: 238371 kbps
   t=112s | bitrate: 4500 kbps | tp: 237786 kbps | trace_bw: 237786 kbps

======================================================================
  BENCHMARK RESULTS (MOQ2 / moq-dev official stack)
======================================================================

  [TIMING]
      Startup delay:     124 ms
      Playback time:     120.0 s

  [BITRATE]
      Average (selected):  4,500 kbps
      Average (effective): 4,500 kbps

  [REBUFFERING]
      Events:            0
      Total time:        0 ms
      Ratio:             0.0000%

  [THROUGHPUT]
      Average:           237,993 kbps

  [ADAPTATION]
      Target latency:    3,000 ms
      Avg live latency:  0 ms
      Quality switches:  0 (↑0 / ↓0)
      Dropped fragments: 0

  [AVAILABLE BW (trace)]
      Average:           237,993 kbps

======================================================================

[SAVED] results/run_all_20260607_000000/moq2_fcc_2023/benchmark_moq2_fcc2023_090_unit1000331_tc_20260608_120256.json

──────────────────────────────────────────────────────────────────────
  [92/150] fcc2023_091_unit4050753_tc.csv
──────────────────────────────────────────────────────────────────────

======================================================================
  MOQ2 Streaming QoE Benchmark (moq-dev/moq stack, WebRTC-style)
======================================================================
  Relay:   http://127.0.0.1:4446
  Trace:   traces/fcc_2023/fcc2023_091_unit4050753_tc.csv
  Mode:    sender-side measurement (no browser player)
======================================================================

   Delivered ladder: 100k, 600k, 1200k, 2000k, 3000k, 4500k
[PLAYBACK] Collecting metrics (sender-side)...
   t=4s | bitrate: 4500 kbps | tp: 259814 kbps | trace_bw: 259814 kbps
   t=16s | bitrate: 4500 kbps | tp: 260947 kbps | trace_bw: 260947 kbps
   t=28s | bitrate: 4500 kbps | tp: 260358 kbps | trace_bw: 260358 kbps
   t=40s | bitrate: 4500 kbps | tp: 260593 kbps | trace_bw: 260593 kbps
   t=52s | bitrate: 4500 kbps | tp: 261495 kbps | trace_bw: 261495 kbps
   t=64s | bitrate: 4500 kbps | tp: 260717 kbps | trace_bw: 260717 kbps
   t=76s | bitrate: 4500 kbps | tp: 261221 kbps | trace_bw: 261221 kbps
   t=88s | bitrate: 4500 kbps | tp: 263856 kbps | trace_bw: 263856 kbps
   t=100s | bitrate: 4500 kbps | tp: 261877 kbps | trace_bw: 261877 kbps
   t=112s | bitrate: 4500 kbps | tp: 262216 kbps | trace_bw: 262216 kbps

======================================================================
  BENCHMARK RESULTS (MOQ2 / moq-dev official stack)
======================================================================

  [TIMING]
      Startup delay:     113 ms
      Playback time:     120.0 s

  [BITRATE]
      Average (selected):  4,500 kbps
      Average (effective): 4,500 kbps

  [REBUFFERING]
      Events:            0
      Total time:        0 ms
      Ratio:             0.0000%

  [THROUGHPUT]
      Average:           260,076 kbps

  [ADAPTATION]
      Target latency:    3,000 ms
      Avg live latency:  0 ms
      Quality switches:  0 (↑0 / ↓0)
      Dropped fragments: 0

  [AVAILABLE BW (trace)]
      Average:           260,076 kbps

======================================================================

[SAVED] results/run_all_20260607_000000/moq2_fcc_2023/benchmark_moq2_fcc2023_091_unit4050753_tc_20260608_120301.json

──────────────────────────────────────────────────────────────────────
  [93/150] fcc2023_092_unit3815177_tc.csv
──────────────────────────────────────────────────────────────────────

======================================================================
  MOQ2 Streaming QoE Benchmark (moq-dev/moq stack, WebRTC-style)
======================================================================
  Relay:   http://127.0.0.1:4446
  Trace:   traces/fcc_2023/fcc2023_092_unit3815177_tc.csv
  Mode:    sender-side measurement (no browser player)
======================================================================

   Delivered ladder: 100k, 600k, 1200k, 2000k, 3000k, 4500k
[PLAYBACK] Collecting metrics (sender-side)...
   t=4s | bitrate: 4500 kbps | tp: 276687 kbps | trace_bw: 276687 kbps
   t=16s | bitrate: 4500 kbps | tp: 272918 kbps | trace_bw: 272918 kbps
   t=28s | bitrate: 4500 kbps | tp: 275998 kbps | trace_bw: 275998 kbps
   t=40s | bitrate: 4500 kbps | tp: 283726 kbps | trace_bw: 283726 kbps
   t=52s | bitrate: 4500 kbps | tp: 265745 kbps | trace_bw: 265745 kbps
   t=64s | bitrate: 4500 kbps | tp: 276509 kbps | trace_bw: 276509 kbps
   t=76s | bitrate: 4500 kbps | tp: 281618 kbps | trace_bw: 281618 kbps
   t=88s | bitrate: 4500 kbps | tp: 275542 kbps | trace_bw: 275542 kbps
   t=100s | bitrate: 4500 kbps | tp: 280908 kbps | trace_bw: 280908 kbps
   t=112s | bitrate: 4500 kbps | tp: 278335 kbps | trace_bw: 278335 kbps

======================================================================
  BENCHMARK RESULTS (MOQ2 / moq-dev official stack)
======================================================================

  [TIMING]
      Startup delay:     106 ms
      Playback time:     120.0 s

  [BITRATE]
      Average (selected):  4,500 kbps
      Average (effective): 4,500 kbps

  [REBUFFERING]
      Events:            0
      Total time:        0 ms
      Ratio:             0.0000%

  [THROUGHPUT]
      Average:           276,834 kbps

  [ADAPTATION]
      Target latency:    3,000 ms
      Avg live latency:  0 ms
      Quality switches:  0 (↑0 / ↓0)
      Dropped fragments: 0

  [AVAILABLE BW (trace)]
      Average:           276,834 kbps

======================================================================

[SAVED] results/run_all_20260607_000000/moq2_fcc_2023/benchmark_moq2_fcc2023_092_unit3815177_tc_20260608_120305.json

──────────────────────────────────────────────────────────────────────
  [94/150] fcc2023_093_unit1007014_tc.csv
──────────────────────────────────────────────────────────────────────

======================================================================
  MOQ2 Streaming QoE Benchmark (moq-dev/moq stack, WebRTC-style)
======================================================================
  Relay:   http://127.0.0.1:4446
  Trace:   traces/fcc_2023/fcc2023_093_unit1007014_tc.csv
  Mode:    sender-side measurement (no browser player)
======================================================================

   Delivered ladder: 100k, 600k, 1200k, 2000k, 3000k, 4500k
[PLAYBACK] Collecting metrics (sender-side)...
   t=4s | bitrate: 4500 kbps | tp: 297870 kbps | trace_bw: 297870 kbps
   t=16s | bitrate: 4500 kbps | tp: 278051 kbps | trace_bw: 278051 kbps
   t=28s | bitrate: 4500 kbps | tp: 275661 kbps | trace_bw: 275661 kbps
   t=40s | bitrate: 4500 kbps | tp: 293412 kbps | trace_bw: 293412 kbps
   t=52s | bitrate: 4500 kbps | tp: 298233 kbps | trace_bw: 298233 kbps
   t=64s | bitrate: 4500 kbps | tp: 298289 kbps | trace_bw: 298289 kbps
   t=76s | bitrate: 4500 kbps | tp: 302850 kbps | trace_bw: 302850 kbps
   t=88s | bitrate: 4500 kbps | tp: 288626 kbps | trace_bw: 288626 kbps
   t=100s | bitrate: 4500 kbps | tp: 309603 kbps | trace_bw: 309603 kbps
   t=112s | bitrate: 4500 kbps | tp: 305477 kbps | trace_bw: 305477 kbps

======================================================================
  BENCHMARK RESULTS (MOQ2 / moq-dev official stack)
======================================================================

  [TIMING]
      Startup delay:     99 ms
      Playback time:     120.0 s

  [BITRATE]
      Average (selected):  4,500 kbps
      Average (effective): 4,500 kbps

  [REBUFFERING]
      Events:            0
      Total time:        0 ms
      Ratio:             0.0000%

  [THROUGHPUT]
      Average:           295,695 kbps

  [ADAPTATION]
      Target latency:    3,000 ms
      Avg live latency:  0 ms
      Quality switches:  0 (↑0 / ↓0)
      Dropped fragments: 0

  [AVAILABLE BW (trace)]
      Average:           295,695 kbps

======================================================================

[SAVED] results/run_all_20260607_000000/moq2_fcc_2023/benchmark_moq2_fcc2023_093_unit1007014_tc_20260608_120309.json

──────────────────────────────────────────────────────────────────────
  [95/150] fcc2023_094_unit6432485_tc.csv
──────────────────────────────────────────────────────────────────────

======================================================================
  MOQ2 Streaming QoE Benchmark (moq-dev/moq stack, WebRTC-style)
======================================================================
  Relay:   http://127.0.0.1:4446
  Trace:   traces/fcc_2023/fcc2023_094_unit6432485_tc.csv
  Mode:    sender-side measurement (no browser player)
======================================================================

   Delivered ladder: 100k, 600k, 1200k, 2000k, 3000k, 4500k
[PLAYBACK] Collecting metrics (sender-side)...
   t=4s | bitrate: 4500 kbps | tp: 302651 kbps | trace_bw: 302651 kbps
   t=16s | bitrate: 4500 kbps | tp: 301844 kbps | trace_bw: 301844 kbps
   t=28s | bitrate: 4500 kbps | tp: 302639 kbps | trace_bw: 302639 kbps
   t=40s | bitrate: 4500 kbps | tp: 302637 kbps | trace_bw: 302637 kbps
   t=52s | bitrate: 4500 kbps | tp: 302650 kbps | trace_bw: 302650 kbps
   t=64s | bitrate: 4500 kbps | tp: 302659 kbps | trace_bw: 302659 kbps
   t=76s | bitrate: 4500 kbps | tp: 302220 kbps | trace_bw: 302220 kbps
   t=88s | bitrate: 4500 kbps | tp: 302637 kbps | trace_bw: 302637 kbps
   t=100s | bitrate: 4500 kbps | tp: 302647 kbps | trace_bw: 302647 kbps
   t=112s | bitrate: 4500 kbps | tp: 302637 kbps | trace_bw: 302637 kbps

======================================================================
  BENCHMARK RESULTS (MOQ2 / moq-dev official stack)
======================================================================

  [TIMING]
      Startup delay:     97 ms
      Playback time:     120.0 s

  [BITRATE]
      Average (selected):  4,500 kbps
      Average (effective): 4,500 kbps

  [REBUFFERING]
      Events:            0
      Total time:        0 ms
      Ratio:             0.0000%

  [THROUGHPUT]
      Average:           302,529 kbps

  [ADAPTATION]
      Target latency:    3,000 ms
      Avg live latency:  0 ms
      Quality switches:  0 (↑0 / ↓0)
      Dropped fragments: 0

  [AVAILABLE BW (trace)]
      Average:           302,529 kbps

======================================================================

[SAVED] results/run_all_20260607_000000/moq2_fcc_2023/benchmark_moq2_fcc2023_094_unit6432485_tc_20260608_120312.json

──────────────────────────────────────────────────────────────────────
  [96/150] fcc2023_095_unit1001298_tc.csv
──────────────────────────────────────────────────────────────────────

======================================================================
  MOQ2 Streaming QoE Benchmark (moq-dev/moq stack, WebRTC-style)
======================================================================
  Relay:   http://127.0.0.1:4446
  Trace:   traces/fcc_2023/fcc2023_095_unit1001298_tc.csv
  Mode:    sender-side measurement (no browser player)
======================================================================

   Delivered ladder: 100k, 600k, 1200k, 2000k, 3000k, 4500k
[PLAYBACK] Collecting metrics (sender-side)...
   t=4s | bitrate: 4500 kbps | tp: 300894 kbps | trace_bw: 300894 kbps
   t=16s | bitrate: 4500 kbps | tp: 305916 kbps | trace_bw: 305916 kbps
   t=28s | bitrate: 4500 kbps | tp: 303998 kbps | trace_bw: 303998 kbps
   t=40s | bitrate: 4500 kbps | tp: 306656 kbps | trace_bw: 306656 kbps
   t=52s | bitrate: 4500 kbps | tp: 305477 kbps | trace_bw: 305477 kbps
   t=64s | bitrate: 4500 kbps | tp: 305552 kbps | trace_bw: 305552 kbps
   t=76s | bitrate: 4500 kbps | tp: 305975 kbps | trace_bw: 305975 kbps
   t=88s | bitrate: 4500 kbps | tp: 305694 kbps | trace_bw: 305694 kbps
   t=100s | bitrate: 4500 kbps | tp: 305457 kbps | trace_bw: 305457 kbps
   t=112s | bitrate: 4500 kbps | tp: 305971 kbps | trace_bw: 305971 kbps

======================================================================
  BENCHMARK RESULTS (MOQ2 / moq-dev official stack)
======================================================================

  [TIMING]
      Startup delay:     98 ms
      Playback time:     120.0 s

  [BITRATE]
      Average (selected):  4,500 kbps
      Average (effective): 4,500 kbps

  [REBUFFERING]
      Events:            0
      Total time:        0 ms
      Ratio:             0.0000%

  [THROUGHPUT]
      Average:           305,196 kbps

  [ADAPTATION]
      Target latency:    3,000 ms
      Avg live latency:  0 ms
      Quality switches:  0 (↑0 / ↓0)
      Dropped fragments: 0

  [AVAILABLE BW (trace)]
      Average:           305,196 kbps

======================================================================

[SAVED] results/run_all_20260607_000000/moq2_fcc_2023/benchmark_moq2_fcc2023_095_unit1001298_tc_20260608_120316.json

──────────────────────────────────────────────────────────────────────
  [97/150] fcc2023_096_unit55492185_tc.csv
──────────────────────────────────────────────────────────────────────

======================================================================
  MOQ2 Streaming QoE Benchmark (moq-dev/moq stack, WebRTC-style)
======================================================================
  Relay:   http://127.0.0.1:4446
  Trace:   traces/fcc_2023/fcc2023_096_unit55492185_tc.csv
  Mode:    sender-side measurement (no browser player)
======================================================================

   Delivered ladder: 100k, 600k, 1200k, 2000k, 3000k, 4500k
[PLAYBACK] Collecting metrics (sender-side)...
   t=4s | bitrate: 4500 kbps | tp: 306299 kbps | trace_bw: 306299 kbps
   t=16s | bitrate: 4500 kbps | tp: 307332 kbps | trace_bw: 307332 kbps
   t=28s | bitrate: 4500 kbps | tp: 306445 kbps | trace_bw: 306445 kbps
   t=40s | bitrate: 4500 kbps | tp: 306408 kbps | trace_bw: 306408 kbps
   t=52s | bitrate: 4500 kbps | tp: 305598 kbps | trace_bw: 305598 kbps
   t=64s | bitrate: 4500 kbps | tp: 306586 kbps | trace_bw: 306586 kbps
   t=76s | bitrate: 4500 kbps | tp: 306619 kbps | trace_bw: 306619 kbps
   t=88s | bitrate: 4500 kbps | tp: 306980 kbps | trace_bw: 306980 kbps
   t=100s | bitrate: 4500 kbps | tp: 305561 kbps | trace_bw: 305561 kbps
   t=112s | bitrate: 4500 kbps | tp: 306469 kbps | trace_bw: 306469 kbps

======================================================================
  BENCHMARK RESULTS (MOQ2 / moq-dev official stack)
======================================================================

  [TIMING]
      Startup delay:     96 ms
      Playback time:     120.0 s

  [BITRATE]
      Average (selected):  4,500 kbps
      Average (effective): 4,500 kbps

  [REBUFFERING]
      Events:            0
      Total time:        0 ms
      Ratio:             0.0000%

  [THROUGHPUT]
      Average:           306,397 kbps

  [ADAPTATION]
      Target latency:    3,000 ms
      Avg live latency:  0 ms
      Quality switches:  0 (↑0 / ↓0)
      Dropped fragments: 0

  [AVAILABLE BW (trace)]
      Average:           306,397 kbps

======================================================================

[SAVED] results/run_all_20260607_000000/moq2_fcc_2023/benchmark_moq2_fcc2023_096_unit55492185_tc_20260608_120320.json

──────────────────────────────────────────────────────────────────────
  [98/150] fcc2023_097_unit38658833_tc.csv
──────────────────────────────────────────────────────────────────────

======================================================================
  MOQ2 Streaming QoE Benchmark (moq-dev/moq stack, WebRTC-style)
======================================================================
  Relay:   http://127.0.0.1:4446
  Trace:   traces/fcc_2023/fcc2023_097_unit38658833_tc.csv
  Mode:    sender-side measurement (no browser player)
======================================================================

   Delivered ladder: 100k, 600k, 1200k, 2000k, 3000k, 4500k
[PLAYBACK] Collecting metrics (sender-side)...
   t=4s | bitrate: 4500 kbps | tp: 320739 kbps | trace_bw: 320739 kbps
   t=16s | bitrate: 4500 kbps | tp: 314591 kbps | trace_bw: 314591 kbps
   t=28s | bitrate: 4500 kbps | tp: 320911 kbps | trace_bw: 320911 kbps
   t=40s | bitrate: 4500 kbps | tp: 320244 kbps | trace_bw: 320244 kbps
   t=52s | bitrate: 4500 kbps | tp: 318934 kbps | trace_bw: 318934 kbps
   t=64s | bitrate: 4500 kbps | tp: 321495 kbps | trace_bw: 321495 kbps
   t=76s | bitrate: 4500 kbps | tp: 320420 kbps | trace_bw: 320420 kbps
   t=88s | bitrate: 4500 kbps | tp: 320669 kbps | trace_bw: 320669 kbps
   t=100s | bitrate: 4500 kbps | tp: 315736 kbps | trace_bw: 315736 kbps
   t=112s | bitrate: 4500 kbps | tp: 320869 kbps | trace_bw: 320869 kbps

======================================================================
  BENCHMARK RESULTS (MOQ2 / moq-dev official stack)
======================================================================

  [TIMING]
      Startup delay:     92 ms
      Playback time:     120.0 s

  [BITRATE]
      Average (selected):  4,500 kbps
      Average (effective): 4,500 kbps

  [REBUFFERING]
      Events:            0
      Total time:        0 ms
      Ratio:             0.0000%

  [THROUGHPUT]
      Average:           319,432 kbps

  [ADAPTATION]
      Target latency:    3,000 ms
      Avg live latency:  0 ms
      Quality switches:  0 (↑0 / ↓0)
      Dropped fragments: 0

  [AVAILABLE BW (trace)]
      Average:           319,432 kbps

======================================================================

[SAVED] results/run_all_20260607_000000/moq2_fcc_2023/benchmark_moq2_fcc2023_097_unit38658833_tc_20260608_120324.json

──────────────────────────────────────────────────────────────────────
  [99/150] fcc2023_098_unit82066905_tc.csv
──────────────────────────────────────────────────────────────────────

======================================================================
  MOQ2 Streaming QoE Benchmark (moq-dev/moq stack, WebRTC-style)
======================================================================
  Relay:   http://127.0.0.1:4446
  Trace:   traces/fcc_2023/fcc2023_098_unit82066905_tc.csv
  Mode:    sender-side measurement (no browser player)
======================================================================

   Delivered ladder: 100k, 600k, 1200k, 2000k, 3000k, 4500k
[PLAYBACK] Collecting metrics (sender-side)...
   t=4s | bitrate: 4500 kbps | tp: 321893 kbps | trace_bw: 321893 kbps
   t=16s | bitrate: 4500 kbps | tp: 333216 kbps | trace_bw: 333216 kbps
   t=28s | bitrate: 4500 kbps | tp: 334123 kbps | trace_bw: 334123 kbps
   t=40s | bitrate: 4500 kbps | tp: 341274 kbps | trace_bw: 341274 kbps
   t=52s | bitrate: 4500 kbps | tp: 312138 kbps | trace_bw: 312138 kbps
   t=64s | bitrate: 4500 kbps | tp: 333915 kbps | trace_bw: 333915 kbps
   t=76s | bitrate: 4500 kbps | tp: 344030 kbps | trace_bw: 344030 kbps
   t=88s | bitrate: 4500 kbps | tp: 325150 kbps | trace_bw: 325150 kbps
   t=100s | bitrate: 4500 kbps | tp: 319666 kbps | trace_bw: 319666 kbps
   t=112s | bitrate: 4500 kbps | tp: 335104 kbps | trace_bw: 335104 kbps

======================================================================
  BENCHMARK RESULTS (MOQ2 / moq-dev official stack)
======================================================================

  [TIMING]
      Startup delay:     91 ms
      Playback time:     120.0 s

  [BITRATE]
      Average (selected):  4,500 kbps
      Average (effective): 4,500 kbps

  [REBUFFERING]
      Events:            0
      Total time:        0 ms
      Ratio:             0.0000%

  [THROUGHPUT]
      Average:           330,358 kbps

  [ADAPTATION]
      Target latency:    3,000 ms
      Avg live latency:  0 ms
      Quality switches:  0 (↑0 / ↓0)
      Dropped fragments: 0

  [AVAILABLE BW (trace)]
      Average:           330,358 kbps

======================================================================

[SAVED] results/run_all_20260607_000000/moq2_fcc_2023/benchmark_moq2_fcc2023_098_unit82066905_tc_20260608_120327.json

──────────────────────────────────────────────────────────────────────
  [100/150] fcc2023_099_unit38713465_tc.csv
──────────────────────────────────────────────────────────────────────

======================================================================
  MOQ2 Streaming QoE Benchmark (moq-dev/moq stack, WebRTC-style)
======================================================================
  Relay:   http://127.0.0.1:4446
  Trace:   traces/fcc_2023/fcc2023_099_unit38713465_tc.csv
  Mode:    sender-side measurement (no browser player)
======================================================================

   Delivered ladder: 100k, 600k, 1200k, 2000k, 3000k, 4500k
[PLAYBACK] Collecting metrics (sender-side)...
   t=4s | bitrate: 4500 kbps | tp: 287805 kbps | trace_bw: 287805 kbps
   t=16s | bitrate: 4500 kbps | tp: 243437 kbps | trace_bw: 243437 kbps
   t=28s | bitrate: 4500 kbps | tp: 272092 kbps | trace_bw: 272092 kbps
   t=40s | bitrate: 4500 kbps | tp: 198050 kbps | trace_bw: 198050 kbps
   t=52s | bitrate: 4500 kbps | tp: 258285 kbps | trace_bw: 258285 kbps
   t=64s | bitrate: 4500 kbps | tp: 351966 kbps | trace_bw: 351966 kbps
   t=76s | bitrate: 4500 kbps | tp: 243115 kbps | trace_bw: 243115 kbps
   t=88s | bitrate: 4500 kbps | tp: 299166 kbps | trace_bw: 299166 kbps
   t=100s | bitrate: 4500 kbps | tp: 304381 kbps | trace_bw: 304381 kbps
   t=112s | bitrate: 4500 kbps | tp: 306750 kbps | trace_bw: 306750 kbps

======================================================================
  BENCHMARK RESULTS (MOQ2 / moq-dev official stack)
======================================================================

  [TIMING]
      Startup delay:     102 ms
      Playback time:     120.0 s

  [BITRATE]
      Average (selected):  4,500 kbps
      Average (effective): 4,500 kbps

  [REBUFFERING]
      Events:            0
      Total time:        0 ms
      Ratio:             0.0000%

  [THROUGHPUT]
      Average:           277,626 kbps

  [ADAPTATION]
      Target latency:    3,000 ms
      Avg live latency:  0 ms
      Quality switches:  0 (↑0 / ↓0)
      Dropped fragments: 0

  [AVAILABLE BW (trace)]
      Average:           277,626 kbps

======================================================================

[SAVED] results/run_all_20260607_000000/moq2_fcc_2023/benchmark_moq2_fcc2023_099_unit38713465_tc_20260608_120331.json

──────────────────────────────────────────────────────────────────────
  [101/150] fcc2023_100_unit4636305_tc.csv
──────────────────────────────────────────────────────────────────────

======================================================================
  MOQ2 Streaming QoE Benchmark (moq-dev/moq stack, WebRTC-style)
======================================================================
  Relay:   http://127.0.0.1:4446
  Trace:   traces/fcc_2023/fcc2023_100_unit4636305_tc.csv
  Mode:    sender-side measurement (no browser player)
======================================================================

   Delivered ladder: 100k, 600k, 1200k, 2000k, 3000k, 4500k
[PLAYBACK] Collecting metrics (sender-side)...
   t=4s | bitrate: 4500 kbps | tp: 363061 kbps | trace_bw: 363061 kbps
   t=16s | bitrate: 4500 kbps | tp: 365987 kbps | trace_bw: 365987 kbps
   t=28s | bitrate: 4500 kbps | tp: 369334 kbps | trace_bw: 369334 kbps
   t=40s | bitrate: 4500 kbps | tp: 365797 kbps | trace_bw: 365797 kbps
   t=52s | bitrate: 4500 kbps | tp: 359842 kbps | trace_bw: 359842 kbps
   t=64s | bitrate: 4500 kbps | tp: 369649 kbps | trace_bw: 369649 kbps
   t=76s | bitrate: 4500 kbps | tp: 192595 kbps | trace_bw: 192595 kbps
   t=88s | bitrate: 4500 kbps | tp: 366231 kbps | trace_bw: 366231 kbps
   t=100s | bitrate: 4500 kbps | tp: 198765 kbps | trace_bw: 198765 kbps
   t=112s | bitrate: 4500 kbps | tp: 362011 kbps | trace_bw: 362011 kbps

======================================================================
  BENCHMARK RESULTS (MOQ2 / moq-dev official stack)
======================================================================

  [TIMING]
      Startup delay:     81 ms
      Playback time:     120.0 s

  [BITRATE]
      Average (selected):  4,500 kbps
      Average (effective): 4,500 kbps

  [REBUFFERING]
      Events:            0
      Total time:        0 ms
      Ratio:             0.0000%

  [THROUGHPUT]
      Average:           331,347 kbps

  [ADAPTATION]
      Target latency:    3,000 ms
      Avg live latency:  0 ms
      Quality switches:  0 (↑0 / ↓0)
      Dropped fragments: 0

  [AVAILABLE BW (trace)]
      Average:           331,347 kbps

======================================================================

[SAVED] results/run_all_20260607_000000/moq2_fcc_2023/benchmark_moq2_fcc2023_100_unit4636305_tc_20260608_120335.json

──────────────────────────────────────────────────────────────────────
  [102/150] fcc2023_101_unit997205_tc.csv
──────────────────────────────────────────────────────────────────────

======================================================================
  MOQ2 Streaming QoE Benchmark (moq-dev/moq stack, WebRTC-style)
======================================================================
  Relay:   http://127.0.0.1:4446
  Trace:   traces/fcc_2023/fcc2023_101_unit997205_tc.csv
  Mode:    sender-side measurement (no browser player)
======================================================================

   Delivered ladder: 100k, 600k, 1200k, 2000k, 3000k, 4500k
[PLAYBACK] Collecting metrics (sender-side)...
   t=4s | bitrate: 4500 kbps | tp: 355444 kbps | trace_bw: 355444 kbps
   t=16s | bitrate: 4500 kbps | tp: 343279 kbps | trace_bw: 343279 kbps
   t=28s | bitrate: 4500 kbps | tp: 367118 kbps | trace_bw: 367118 kbps
   t=40s | bitrate: 4500 kbps | tp: 365907 kbps | trace_bw: 365907 kbps
   t=52s | bitrate: 4500 kbps | tp: 368456 kbps | trace_bw: 368456 kbps
   t=64s | bitrate: 4500 kbps | tp: 363929 kbps | trace_bw: 363929 kbps
   t=76s | bitrate: 4500 kbps | tp: 367158 kbps | trace_bw: 367158 kbps
   t=88s | bitrate: 4500 kbps | tp: 361064 kbps | trace_bw: 361064 kbps
   t=100s | bitrate: 4500 kbps | tp: 360662 kbps | trace_bw: 360662 kbps
   t=112s | bitrate: 4500 kbps | tp: 358153 kbps | trace_bw: 358153 kbps

======================================================================
  BENCHMARK RESULTS (MOQ2 / moq-dev official stack)
======================================================================

  [TIMING]
      Startup delay:     83 ms
      Playback time:     120.0 s

  [BITRATE]
      Average (selected):  4,500 kbps
      Average (effective): 4,500 kbps

  [REBUFFERING]
      Events:            0
      Total time:        0 ms
      Ratio:             0.0000%

  [THROUGHPUT]
      Average:           362,969 kbps

  [ADAPTATION]
      Target latency:    3,000 ms
      Avg live latency:  0 ms
      Quality switches:  0 (↑0 / ↓0)
      Dropped fragments: 0

  [AVAILABLE BW (trace)]
      Average:           362,969 kbps

======================================================================

[SAVED] results/run_all_20260607_000000/moq2_fcc_2023/benchmark_moq2_fcc2023_101_unit997205_tc_20260608_120339.json

──────────────────────────────────────────────────────────────────────
  [103/150] fcc2023_102_unit3814649_tc.csv
──────────────────────────────────────────────────────────────────────

======================================================================
  MOQ2 Streaming QoE Benchmark (moq-dev/moq stack, WebRTC-style)
======================================================================
  Relay:   http://127.0.0.1:4446
  Trace:   traces/fcc_2023/fcc2023_102_unit3814649_tc.csv
  Mode:    sender-side measurement (no browser player)
======================================================================

   Delivered ladder: 100k, 600k, 1200k, 2000k, 3000k, 4500k
[PLAYBACK] Collecting metrics (sender-side)...
   t=4s | bitrate: 4500 kbps | tp: 331887 kbps | trace_bw: 331887 kbps
   t=16s | bitrate: 4500 kbps | tp: 370144 kbps | trace_bw: 370144 kbps
   t=28s | bitrate: 4500 kbps | tp: 370225 kbps | trace_bw: 370225 kbps
   t=40s | bitrate: 4500 kbps | tp: 370202 kbps | trace_bw: 370202 kbps
   t=52s | bitrate: 4500 kbps | tp: 57270 kbps | trace_bw: 57270 kbps
   t=64s | bitrate: 4500 kbps | tp: 370145 kbps | trace_bw: 370145 kbps
   t=76s | bitrate: 4500 kbps | tp: 58082 kbps | trace_bw: 58082 kbps
   t=88s | bitrate: 4500 kbps | tp: 370163 kbps | trace_bw: 370163 kbps
   t=100s | bitrate: 4500 kbps | tp: 370366 kbps | trace_bw: 370366 kbps
   t=112s | bitrate: 4500 kbps | tp: 370255 kbps | trace_bw: 370255 kbps

======================================================================
  BENCHMARK RESULTS (MOQ2 / moq-dev official stack)
======================================================================

  [TIMING]
      Startup delay:     89 ms
      Playback time:     120.0 s

  [BITRATE]
      Average (selected):  4,500 kbps
      Average (effective): 4,500 kbps

  [REBUFFERING]
      Events:            0
      Total time:        0 ms
      Ratio:             0.0000%

  [THROUGHPUT]
      Average:           314,647 kbps

  [ADAPTATION]
      Target latency:    3,000 ms
      Avg live latency:  0 ms
      Quality switches:  0 (↑0 / ↓0)
      Dropped fragments: 0

  [AVAILABLE BW (trace)]
      Average:           314,647 kbps

======================================================================

[SAVED] results/run_all_20260607_000000/moq2_fcc_2023/benchmark_moq2_fcc2023_102_unit3814649_tc_20260608_120342.json

──────────────────────────────────────────────────────────────────────
  [104/150] fcc2023_103_unit798298_tc.csv
──────────────────────────────────────────────────────────────────────

======================================================================
  MOQ2 Streaming QoE Benchmark (moq-dev/moq stack, WebRTC-style)
======================================================================
  Relay:   http://127.0.0.1:4446
  Trace:   traces/fcc_2023/fcc2023_103_unit798298_tc.csv
  Mode:    sender-side measurement (no browser player)
======================================================================

   Delivered ladder: 100k, 600k, 1200k, 2000k, 3000k, 4500k
[PLAYBACK] Collecting metrics (sender-side)...
   t=4s | bitrate: 4500 kbps | tp: 390568 kbps | trace_bw: 390568 kbps
   t=16s | bitrate: 4500 kbps | tp: 385650 kbps | trace_bw: 385650 kbps
   t=28s | bitrate: 4500 kbps | tp: 302133 kbps | trace_bw: 302133 kbps
   t=40s | bitrate: 4500 kbps | tp: 383080 kbps | trace_bw: 383080 kbps
   t=52s | bitrate: 4500 kbps | tp: 355198 kbps | trace_bw: 355198 kbps
   t=64s | bitrate: 4500 kbps | tp: 410185 kbps | trace_bw: 410185 kbps
   t=76s | bitrate: 4500 kbps | tp: 371280 kbps | trace_bw: 371280 kbps
   t=88s | bitrate: 4500 kbps | tp: 349851 kbps | trace_bw: 349851 kbps
   t=100s | bitrate: 4500 kbps | tp: 339731 kbps | trace_bw: 339731 kbps
   t=112s | bitrate: 4500 kbps | tp: 375365 kbps | trace_bw: 375365 kbps

======================================================================
  BENCHMARK RESULTS (MOQ2 / moq-dev official stack)
======================================================================

  [TIMING]
      Startup delay:     75 ms
      Playback time:     120.0 s

  [BITRATE]
      Average (selected):  4,500 kbps
      Average (effective): 4,500 kbps

  [REBUFFERING]
      Events:            0
      Total time:        0 ms
      Ratio:             0.0000%

  [THROUGHPUT]
      Average:           360,692 kbps

  [ADAPTATION]
      Target latency:    3,000 ms
      Avg live latency:  0 ms
      Quality switches:  0 (↑0 / ↓0)
      Dropped fragments: 0

  [AVAILABLE BW (trace)]
      Average:           360,692 kbps

======================================================================

[SAVED] results/run_all_20260607_000000/moq2_fcc_2023/benchmark_moq2_fcc2023_103_unit798298_tc_20260608_120348.json

──────────────────────────────────────────────────────────────────────
  [105/150] fcc2023_104_unit943306_tc.csv
──────────────────────────────────────────────────────────────────────

======================================================================
  MOQ2 Streaming QoE Benchmark (moq-dev/moq stack, WebRTC-style)
======================================================================
  Relay:   http://127.0.0.1:4446
  Trace:   traces/fcc_2023/fcc2023_104_unit943306_tc.csv
  Mode:    sender-side measurement (no browser player)
======================================================================

   Delivered ladder: 100k, 600k, 1200k, 2000k, 3000k, 4500k
[PLAYBACK] Collecting metrics (sender-side)...
   t=4s | bitrate: 4500 kbps | tp: 431498 kbps | trace_bw: 431498 kbps
   t=16s | bitrate: 4500 kbps | tp: 429750 kbps | trace_bw: 429750 kbps
   t=28s | bitrate: 4500 kbps | tp: 431303 kbps | trace_bw: 431303 kbps
   t=40s | bitrate: 4500 kbps | tp: 430134 kbps | trace_bw: 430134 kbps
   t=52s | bitrate: 4500 kbps | tp: 431824 kbps | trace_bw: 431824 kbps
   t=64s | bitrate: 4500 kbps | tp: 432942 kbps | trace_bw: 432942 kbps
   t=76s | bitrate: 4500 kbps | tp: 433458 kbps | trace_bw: 433458 kbps
   t=88s | bitrate: 4500 kbps | tp: 434445 kbps | trace_bw: 434445 kbps
   t=100s | bitrate: 4500 kbps | tp: 372952 kbps | trace_bw: 372952 kbps
   t=112s | bitrate: 4500 kbps | tp: 383242 kbps | trace_bw: 383242 kbps

======================================================================
  BENCHMARK RESULTS (MOQ2 / moq-dev official stack)
======================================================================

  [TIMING]
      Startup delay:     68 ms
      Playback time:     120.0 s

  [BITRATE]
      Average (selected):  4,500 kbps
      Average (effective): 4,500 kbps

  [REBUFFERING]
      Events:            0
      Total time:        0 ms
      Ratio:             0.0000%

  [THROUGHPUT]
      Average:           418,463 kbps

  [ADAPTATION]
      Target latency:    3,000 ms
      Avg live latency:  0 ms
      Quality switches:  0 (↑0 / ↓0)
      Dropped fragments: 0

  [AVAILABLE BW (trace)]
      Average:           418,463 kbps

======================================================================

[SAVED] results/run_all_20260607_000000/moq2_fcc_2023/benchmark_moq2_fcc2023_104_unit943306_tc_20260608_120351.json

──────────────────────────────────────────────────────────────────────
  [106/150] fcc2023_105_unit23487169_tc.csv
──────────────────────────────────────────────────────────────────────

======================================================================
  MOQ2 Streaming QoE Benchmark (moq-dev/moq stack, WebRTC-style)
======================================================================
  Relay:   http://127.0.0.1:4446
  Trace:   traces/fcc_2023/fcc2023_105_unit23487169_tc.csv
  Mode:    sender-side measurement (no browser player)
======================================================================

   Delivered ladder: 100k, 600k, 1200k, 2000k, 3000k, 4500k
[PLAYBACK] Collecting metrics (sender-side)...
   t=4s | bitrate: 4500 kbps | tp: 399800 kbps | trace_bw: 399800 kbps
   t=16s | bitrate: 4500 kbps | tp: 399921 kbps | trace_bw: 399921 kbps
   t=28s | bitrate: 4500 kbps | tp: 399863 kbps | trace_bw: 399863 kbps
   t=40s | bitrate: 4500 kbps | tp: 399441 kbps | trace_bw: 399441 kbps
   t=52s | bitrate: 4500 kbps | tp: 399797 kbps | trace_bw: 399797 kbps
   t=64s | bitrate: 4500 kbps | tp: 399918 kbps | trace_bw: 399918 kbps
   t=76s | bitrate: 4500 kbps | tp: 398356 kbps | trace_bw: 398356 kbps
   t=88s | bitrate: 4500 kbps | tp: 399852 kbps | trace_bw: 399852 kbps
   t=100s | bitrate: 4500 kbps | tp: 399709 kbps | trace_bw: 399709 kbps
   t=112s | bitrate: 4500 kbps | tp: 399514 kbps | trace_bw: 399514 kbps

======================================================================
  BENCHMARK RESULTS (MOQ2 / moq-dev official stack)
======================================================================

  [TIMING]
      Startup delay:     74 ms
      Playback time:     120.0 s

  [BITRATE]
      Average (selected):  4,500 kbps
      Average (effective): 4,500 kbps

  [REBUFFERING]
      Events:            0
      Total time:        0 ms
      Ratio:             0.0000%

  [THROUGHPUT]
      Average:           399,133 kbps

  [ADAPTATION]
      Target latency:    3,000 ms
      Avg live latency:  0 ms
      Quality switches:  0 (↑0 / ↓0)
      Dropped fragments: 0

  [AVAILABLE BW (trace)]
      Average:           399,133 kbps

======================================================================

[SAVED] results/run_all_20260607_000000/moq2_fcc_2023/benchmark_moq2_fcc2023_105_unit23487169_tc_20260608_120354.json

──────────────────────────────────────────────────────────────────────
  [107/150] fcc2023_106_unit25619233_tc.csv
──────────────────────────────────────────────────────────────────────

======================================================================
  MOQ2 Streaming QoE Benchmark (moq-dev/moq stack, WebRTC-style)
======================================================================
  Relay:   http://127.0.0.1:4446
  Trace:   traces/fcc_2023/fcc2023_106_unit25619233_tc.csv
  Mode:    sender-side measurement (no browser player)
======================================================================

   Delivered ladder: 100k, 600k, 1200k, 2000k, 3000k, 4500k
[PLAYBACK] Collecting metrics (sender-side)...
   t=4s | bitrate: 4500 kbps | tp: 178786 kbps | trace_bw: 178786 kbps
   t=16s | bitrate: 4500 kbps | tp: 306813 kbps | trace_bw: 306813 kbps
   t=28s | bitrate: 4500 kbps | tp: 425707 kbps | trace_bw: 425707 kbps
   t=40s | bitrate: 4500 kbps | tp: 424574 kbps | trace_bw: 424574 kbps
   t=52s | bitrate: 4500 kbps | tp: 421791 kbps | trace_bw: 421791 kbps
   t=64s | bitrate: 4500 kbps | tp: 276884 kbps | trace_bw: 276884 kbps
   t=76s | bitrate: 4500 kbps | tp: 426031 kbps | trace_bw: 426031 kbps
   t=88s | bitrate: 4500 kbps | tp: 165862 kbps | trace_bw: 165862 kbps
   t=100s | bitrate: 4500 kbps | tp: 281363 kbps | trace_bw: 281363 kbps
   t=112s | bitrate: 4500 kbps | tp: 426665 kbps | trace_bw: 426665 kbps

======================================================================
  BENCHMARK RESULTS (MOQ2 / moq-dev official stack)
======================================================================

  [TIMING]
      Startup delay:     165 ms
      Playback time:     120.0 s

  [BITRATE]
      Average (selected):  4,500 kbps
      Average (effective): 4,500 kbps

  [REBUFFERING]
      Events:            0
      Total time:        0 ms
      Ratio:             0.0000%

  [THROUGHPUT]
      Average:           354,134 kbps

  [ADAPTATION]
      Target latency:    3,000 ms
      Avg live latency:  0 ms
      Quality switches:  0 (↑0 / ↓0)
      Dropped fragments: 0

  [AVAILABLE BW (trace)]
      Average:           354,134 kbps

======================================================================

[SAVED] results/run_all_20260607_000000/moq2_fcc_2023/benchmark_moq2_fcc2023_106_unit25619233_tc_20260608_120358.json

──────────────────────────────────────────────────────────────────────
  [108/150] fcc2023_107_unit999421_tc.csv
──────────────────────────────────────────────────────────────────────

======================================================================
  MOQ2 Streaming QoE Benchmark (moq-dev/moq stack, WebRTC-style)
======================================================================
  Relay:   http://127.0.0.1:4446
  Trace:   traces/fcc_2023/fcc2023_107_unit999421_tc.csv
  Mode:    sender-side measurement (no browser player)
======================================================================

   Delivered ladder: 100k, 600k, 1200k, 2000k, 3000k, 4500k
[PLAYBACK] Collecting metrics (sender-side)...
   t=4s | bitrate: 4500 kbps | tp: 432505 kbps | trace_bw: 432505 kbps
   t=16s | bitrate: 4500 kbps | tp: 441859 kbps | trace_bw: 441859 kbps
   t=28s | bitrate: 4500 kbps | tp: 447845 kbps | trace_bw: 447845 kbps
   t=40s | bitrate: 4500 kbps | tp: 451933 kbps | trace_bw: 451933 kbps
   t=52s | bitrate: 4500 kbps | tp: 226031 kbps | trace_bw: 226031 kbps
   t=64s | bitrate: 4500 kbps | tp: 451973 kbps | trace_bw: 451973 kbps
   t=76s | bitrate: 4500 kbps | tp: 443407 kbps | trace_bw: 443407 kbps
   t=88s | bitrate: 4500 kbps | tp: 384490 kbps | trace_bw: 384490 kbps
   t=100s | bitrate: 4500 kbps | tp: 398787 kbps | trace_bw: 398787 kbps
   t=112s | bitrate: 4500 kbps | tp: 433262 kbps | trace_bw: 433262 kbps

======================================================================
  BENCHMARK RESULTS (MOQ2 / moq-dev official stack)
======================================================================

  [TIMING]
      Startup delay:     68 ms
      Playback time:     120.0 s

  [BITRATE]
      Average (selected):  4,500 kbps
      Average (effective): 4,500 kbps

  [REBUFFERING]
      Events:            0
      Total time:        0 ms
      Ratio:             0.0000%

  [THROUGHPUT]
      Average:           377,500 kbps

  [ADAPTATION]
      Target latency:    3,000 ms
      Avg live latency:  0 ms
      Quality switches:  0 (↑0 / ↓0)
      Dropped fragments: 0

  [AVAILABLE BW (trace)]
      Average:           377,500 kbps

======================================================================

[SAVED] results/run_all_20260607_000000/moq2_fcc_2023/benchmark_moq2_fcc2023_107_unit999421_tc_20260608_120401.json

──────────────────────────────────────────────────────────────────────
  [109/150] fcc2023_108_unit24195149_tc.csv
──────────────────────────────────────────────────────────────────────

======================================================================
  MOQ2 Streaming QoE Benchmark (moq-dev/moq stack, WebRTC-style)
======================================================================
  Relay:   http://127.0.0.1:4446
  Trace:   traces/fcc_2023/fcc2023_108_unit24195149_tc.csv
  Mode:    sender-side measurement (no browser player)
======================================================================

   Delivered ladder: 100k, 600k, 1200k, 2000k, 3000k, 4500k
[PLAYBACK] Collecting metrics (sender-side)...
   t=4s | bitrate: 4500 kbps | tp: 434639 kbps | trace_bw: 434639 kbps
   t=16s | bitrate: 4500 kbps | tp: 433583 kbps | trace_bw: 433583 kbps
   t=28s | bitrate: 4500 kbps | tp: 435531 kbps | trace_bw: 435531 kbps
   t=40s | bitrate: 4500 kbps | tp: 435064 kbps | trace_bw: 435064 kbps
   t=52s | bitrate: 4500 kbps | tp: 435531 kbps | trace_bw: 435531 kbps
   t=64s | bitrate: 4500 kbps | tp: 432150 kbps | trace_bw: 432150 kbps
   t=76s | bitrate: 4500 kbps | tp: 435023 kbps | trace_bw: 435023 kbps
   t=88s | bitrate: 4500 kbps | tp: 433032 kbps | trace_bw: 433032 kbps
   t=100s | bitrate: 4500 kbps | tp: 432757 kbps | trace_bw: 432757 kbps
   t=112s | bitrate: 4500 kbps | tp: 432466 kbps | trace_bw: 432466 kbps

======================================================================
  BENCHMARK RESULTS (MOQ2 / moq-dev official stack)
======================================================================

  [TIMING]
      Startup delay:     68 ms
      Playback time:     120.0 s

  [BITRATE]
      Average (selected):  4,500 kbps
      Average (effective): 4,500 kbps

  [REBUFFERING]
      Events:            0
      Total time:        0 ms
      Ratio:             0.0000%

  [THROUGHPUT]
      Average:           433,777 kbps

  [ADAPTATION]
      Target latency:    3,000 ms
      Avg live latency:  0 ms
      Quality switches:  0 (↑0 / ↓0)
      Dropped fragments: 0

  [AVAILABLE BW (trace)]
      Average:           433,777 kbps

======================================================================

[SAVED] results/run_all_20260607_000000/moq2_fcc_2023/benchmark_moq2_fcc2023_108_unit24195149_tc_20260608_120406.json

──────────────────────────────────────────────────────────────────────
  [110/150] fcc2023_109_unit25619269_tc.csv
──────────────────────────────────────────────────────────────────────

======================================================================
  MOQ2 Streaming QoE Benchmark (moq-dev/moq stack, WebRTC-style)
======================================================================
  Relay:   http://127.0.0.1:4446
  Trace:   traces/fcc_2023/fcc2023_109_unit25619269_tc.csv
  Mode:    sender-side measurement (no browser player)
======================================================================

   Delivered ladder: 100k, 600k, 1200k, 2000k, 3000k, 4500k
[PLAYBACK] Collecting metrics (sender-side)...
   t=4s | bitrate: 4500 kbps | tp: 429384 kbps | trace_bw: 429384 kbps
   t=16s | bitrate: 4500 kbps | tp: 476744 kbps | trace_bw: 476744 kbps
   t=28s | bitrate: 4500 kbps | tp: 442919 kbps | trace_bw: 442919 kbps
   t=40s | bitrate: 4500 kbps | tp: 403275 kbps | trace_bw: 403275 kbps
   t=52s | bitrate: 4500 kbps | tp: 596001 kbps | trace_bw: 596001 kbps
   t=64s | bitrate: 4500 kbps | tp: 450073 kbps | trace_bw: 450073 kbps
   t=76s | bitrate: 4500 kbps | tp: 440139 kbps | trace_bw: 440139 kbps
   t=88s | bitrate: 4500 kbps | tp: 350872 kbps | trace_bw: 350872 kbps
   t=100s | bitrate: 4500 kbps | tp: 395971 kbps | trace_bw: 395971 kbps
   t=112s | bitrate: 4500 kbps | tp: 388815 kbps | trace_bw: 388815 kbps

======================================================================
  BENCHMARK RESULTS (MOQ2 / moq-dev official stack)
======================================================================

  [TIMING]
      Startup delay:     68 ms
      Playback time:     120.0 s

  [BITRATE]
      Average (selected):  4,500 kbps
      Average (effective): 4,500 kbps

  [REBUFFERING]
      Events:            0
      Total time:        0 ms
      Ratio:             0.0000%

  [THROUGHPUT]
      Average:           429,573 kbps

  [ADAPTATION]
      Target latency:    3,000 ms
      Avg live latency:  0 ms
      Quality switches:  0 (↑0 / ↓0)
      Dropped fragments: 0

  [AVAILABLE BW (trace)]
      Average:           429,573 kbps

======================================================================

[SAVED] results/run_all_20260607_000000/moq2_fcc_2023/benchmark_moq2_fcc2023_109_unit25619269_tc_20260608_120409.json

──────────────────────────────────────────────────────────────────────
  [111/150] fcc2023_110_unit36509077_tc.csv
──────────────────────────────────────────────────────────────────────

======================================================================
  MOQ2 Streaming QoE Benchmark (moq-dev/moq stack, WebRTC-style)
======================================================================
  Relay:   http://127.0.0.1:4446
  Trace:   traces/fcc_2023/fcc2023_110_unit36509077_tc.csv
  Mode:    sender-side measurement (no browser player)
======================================================================

   Delivered ladder: 100k, 600k, 1200k, 2000k, 3000k, 4500k
[PLAYBACK] Collecting metrics (sender-side)...
   t=4s | bitrate: 4500 kbps | tp: 457131 kbps | trace_bw: 457131 kbps
   t=16s | bitrate: 4500 kbps | tp: 456033 kbps | trace_bw: 456033 kbps
   t=28s | bitrate: 4500 kbps | tp: 473682 kbps | trace_bw: 473682 kbps
   t=40s | bitrate: 4500 kbps | tp: 463494 kbps | trace_bw: 463494 kbps
   t=52s | bitrate: 4500 kbps | tp: 458571 kbps | trace_bw: 458571 kbps
   t=64s | bitrate: 4500 kbps | tp: 458121 kbps | trace_bw: 458121 kbps
   t=76s | bitrate: 4500 kbps | tp: 473030 kbps | trace_bw: 473030 kbps
   t=88s | bitrate: 4500 kbps | tp: 472172 kbps | trace_bw: 472172 kbps
   t=100s | bitrate: 4500 kbps | tp: 462759 kbps | trace_bw: 462759 kbps
   t=112s | bitrate: 4500 kbps | tp: 456221 kbps | trace_bw: 456221 kbps

======================================================================
  BENCHMARK RESULTS (MOQ2 / moq-dev official stack)
======================================================================

  [TIMING]
      Startup delay:     64 ms
      Playback time:     120.0 s

  [BITRATE]
      Average (selected):  4,500 kbps
      Average (effective): 4,500 kbps

  [REBUFFERING]
      Events:            0
      Total time:        0 ms
      Ratio:             0.0000%

  [THROUGHPUT]
      Average:           464,419 kbps

  [ADAPTATION]
      Target latency:    3,000 ms
      Avg live latency:  0 ms
      Quality switches:  0 (↑0 / ↓0)
      Dropped fragments: 0

  [AVAILABLE BW (trace)]
      Average:           464,419 kbps

======================================================================

[SAVED] results/run_all_20260607_000000/moq2_fcc_2023/benchmark_moq2_fcc2023_110_unit36509077_tc_20260608_120413.json

──────────────────────────────────────────────────────────────────────
  [112/150] fcc2023_111_unit25657857_tc.csv
──────────────────────────────────────────────────────────────────────

======================================================================
  MOQ2 Streaming QoE Benchmark (moq-dev/moq stack, WebRTC-style)
======================================================================
  Relay:   http://127.0.0.1:4446
  Trace:   traces/fcc_2023/fcc2023_111_unit25657857_tc.csv
  Mode:    sender-side measurement (no browser player)
======================================================================

   Delivered ladder: 100k, 600k, 1200k, 2000k, 3000k, 4500k
[PLAYBACK] Collecting metrics (sender-side)...
   t=4s | bitrate: 4500 kbps | tp: 474999 kbps | trace_bw: 474999 kbps
   t=16s | bitrate: 4500 kbps | tp: 475797 kbps | trace_bw: 475797 kbps
   t=28s | bitrate: 4500 kbps | tp: 474907 kbps | trace_bw: 474907 kbps
   t=40s | bitrate: 4500 kbps | tp: 474572 kbps | trace_bw: 474572 kbps
   t=52s | bitrate: 4500 kbps | tp: 474993 kbps | trace_bw: 474993 kbps
   t=64s | bitrate: 4500 kbps | tp: 475501 kbps | trace_bw: 475501 kbps
   t=76s | bitrate: 4500 kbps | tp: 474925 kbps | trace_bw: 474925 kbps
   t=88s | bitrate: 4500 kbps | tp: 475796 kbps | trace_bw: 475796 kbps
   t=100s | bitrate: 4500 kbps | tp: 474270 kbps | trace_bw: 474270 kbps
   t=112s | bitrate: 4500 kbps | tp: 473932 kbps | trace_bw: 473932 kbps

======================================================================
  BENCHMARK RESULTS (MOQ2 / moq-dev official stack)
======================================================================

  [TIMING]
      Startup delay:     62 ms
      Playback time:     120.0 s

  [BITRATE]
      Average (selected):  4,500 kbps
      Average (effective): 4,500 kbps

  [REBUFFERING]
      Events:            0
      Total time:        0 ms
      Ratio:             0.0000%

  [THROUGHPUT]
      Average:           474,234 kbps

  [ADAPTATION]
      Target latency:    3,000 ms
      Avg live latency:  0 ms
      Quality switches:  0 (↑0 / ↓0)
      Dropped fragments: 0

  [AVAILABLE BW (trace)]
      Average:           474,234 kbps

======================================================================

[SAVED] results/run_all_20260607_000000/moq2_fcc_2023/benchmark_moq2_fcc2023_111_unit25657857_tc_20260608_120416.json

──────────────────────────────────────────────────────────────────────
  [113/150] fcc2023_112_unit38714081_tc.csv
──────────────────────────────────────────────────────────────────────

======================================================================
  MOQ2 Streaming QoE Benchmark (moq-dev/moq stack, WebRTC-style)
======================================================================
  Relay:   http://127.0.0.1:4446
  Trace:   traces/fcc_2023/fcc2023_112_unit38714081_tc.csv
  Mode:    sender-side measurement (no browser player)
======================================================================

   Delivered ladder: 100k, 600k, 1200k, 2000k, 3000k, 4500k
[PLAYBACK] Collecting metrics (sender-side)...
   t=4s | bitrate: 4500 kbps | tp: 478663 kbps | trace_bw: 478663 kbps
   t=16s | bitrate: 4500 kbps | tp: 451516 kbps | trace_bw: 451516 kbps
   t=28s | bitrate: 4500 kbps | tp: 489154 kbps | trace_bw: 489154 kbps
   t=40s | bitrate: 4500 kbps | tp: 485485 kbps | trace_bw: 485485 kbps
   t=52s | bitrate: 4500 kbps | tp: 470252 kbps | trace_bw: 470252 kbps
   t=64s | bitrate: 4500 kbps | tp: 487322 kbps | trace_bw: 487322 kbps
   t=76s | bitrate: 4500 kbps | tp: 490982 kbps | trace_bw: 490982 kbps
   t=88s | bitrate: 4500 kbps | tp: 489852 kbps | trace_bw: 489852 kbps
   t=100s | bitrate: 4500 kbps | tp: 486123 kbps | trace_bw: 486123 kbps
   t=112s | bitrate: 4500 kbps | tp: 487333 kbps | trace_bw: 487333 kbps

======================================================================
  BENCHMARK RESULTS (MOQ2 / moq-dev official stack)
======================================================================

  [TIMING]
      Startup delay:     61 ms
      Playback time:     120.0 s

  [BITRATE]
      Average (selected):  4,500 kbps
      Average (effective): 4,500 kbps

  [REBUFFERING]
      Events:            0
      Total time:        0 ms
      Ratio:             0.0000%

  [THROUGHPUT]
      Average:           483,554 kbps

  [ADAPTATION]
      Target latency:    3,000 ms
      Avg live latency:  0 ms
      Quality switches:  0 (↑0 / ↓0)
      Dropped fragments: 0

  [AVAILABLE BW (trace)]
      Average:           483,554 kbps

======================================================================

[SAVED] results/run_all_20260607_000000/moq2_fcc_2023/benchmark_moq2_fcc2023_112_unit38714081_tc_20260608_120419.json

──────────────────────────────────────────────────────────────────────
  [114/150] fcc2023_113_unit1006988_tc.csv
──────────────────────────────────────────────────────────────────────

======================================================================
  MOQ2 Streaming QoE Benchmark (moq-dev/moq stack, WebRTC-style)
======================================================================
  Relay:   http://127.0.0.1:4446
  Trace:   traces/fcc_2023/fcc2023_113_unit1006988_tc.csv
  Mode:    sender-side measurement (no browser player)
======================================================================

   Delivered ladder: 100k, 600k, 1200k, 2000k, 3000k, 4500k
[PLAYBACK] Collecting metrics (sender-side)...
   t=4s | bitrate: 4500 kbps | tp: 500461 kbps | trace_bw: 500461 kbps
   t=16s | bitrate: 4500 kbps | tp: 499411 kbps | trace_bw: 499411 kbps
   t=28s | bitrate: 4500 kbps | tp: 500463 kbps | trace_bw: 500463 kbps
   t=40s | bitrate: 4500 kbps | tp: 499887 kbps | trace_bw: 499887 kbps
   t=52s | bitrate: 4500 kbps | tp: 500045 kbps | trace_bw: 500045 kbps
   t=64s | bitrate: 4500 kbps | tp: 500461 kbps | trace_bw: 500461 kbps
   t=76s | bitrate: 4500 kbps | tp: 500464 kbps | trace_bw: 500464 kbps
   t=88s | bitrate: 4500 kbps | tp: 500467 kbps | trace_bw: 500467 kbps
   t=100s | bitrate: 4500 kbps | tp: 500337 kbps | trace_bw: 500337 kbps
   t=112s | bitrate: 4500 kbps | tp: 499503 kbps | trace_bw: 499503 kbps

======================================================================
  BENCHMARK RESULTS (MOQ2 / moq-dev official stack)
======================================================================

  [TIMING]
      Startup delay:     59 ms
      Playback time:     120.0 s

  [BITRATE]
      Average (selected):  4,500 kbps
      Average (effective): 4,500 kbps

  [REBUFFERING]
      Events:            0
      Total time:        0 ms
      Ratio:             0.0000%

  [THROUGHPUT]
      Average:           500,002 kbps

  [ADAPTATION]
      Target latency:    3,000 ms
      Avg live latency:  0 ms
      Quality switches:  0 (↑0 / ↓0)
      Dropped fragments: 0

  [AVAILABLE BW (trace)]
      Average:           500,002 kbps

======================================================================

[SAVED] results/run_all_20260607_000000/moq2_fcc_2023/benchmark_moq2_fcc2023_113_unit1006988_tc_20260608_120423.json

──────────────────────────────────────────────────────────────────────
  [115/150] fcc2023_114_unit38616777_tc.csv
──────────────────────────────────────────────────────────────────────

======================================================================
  MOQ2 Streaming QoE Benchmark (moq-dev/moq stack, WebRTC-style)
======================================================================
  Relay:   http://127.0.0.1:4446
  Trace:   traces/fcc_2023/fcc2023_114_unit38616777_tc.csv
  Mode:    sender-side measurement (no browser player)
======================================================================

   Delivered ladder: 100k, 600k, 1200k, 2000k, 3000k, 4500k
[PLAYBACK] Collecting metrics (sender-side)...
   t=4s | bitrate: 4500 kbps | tp: 505145 kbps | trace_bw: 505145 kbps
   t=16s | bitrate: 4500 kbps | tp: 507569 kbps | trace_bw: 507569 kbps
   t=28s | bitrate: 4500 kbps | tp: 504421 kbps | trace_bw: 504421 kbps
   t=40s | bitrate: 4500 kbps | tp: 463925 kbps | trace_bw: 463925 kbps
   t=52s | bitrate: 4500 kbps | tp: 504623 kbps | trace_bw: 504623 kbps
   t=64s | bitrate: 4500 kbps | tp: 507418 kbps | trace_bw: 507418 kbps
   t=76s | bitrate: 4500 kbps | tp: 507439 kbps | trace_bw: 507439 kbps
   t=88s | bitrate: 4500 kbps | tp: 500700 kbps | trace_bw: 500700 kbps
   t=100s | bitrate: 4500 kbps | tp: 506451 kbps | trace_bw: 506451 kbps
   t=112s | bitrate: 4500 kbps | tp: 498859 kbps | trace_bw: 498859 kbps

======================================================================
  BENCHMARK RESULTS (MOQ2 / moq-dev official stack)
======================================================================

  [TIMING]
      Startup delay:     58 ms
      Playback time:     120.0 s

  [BITRATE]
      Average (selected):  4,500 kbps
      Average (effective): 4,500 kbps

  [REBUFFERING]
      Events:            0
      Total time:        0 ms
      Ratio:             0.0000%

  [THROUGHPUT]
      Average:           498,043 kbps

  [ADAPTATION]
      Target latency:    3,000 ms
      Avg live latency:  0 ms
      Quality switches:  0 (↑0 / ↓0)
      Dropped fragments: 0

  [AVAILABLE BW (trace)]
      Average:           498,043 kbps

======================================================================

[SAVED] results/run_all_20260607_000000/moq2_fcc_2023/benchmark_moq2_fcc2023_114_unit38616777_tc_20260608_120426.json

──────────────────────────────────────────────────────────────────────
  [116/150] fcc2023_115_unit24807141_tc.csv
──────────────────────────────────────────────────────────────────────

======================================================================
  MOQ2 Streaming QoE Benchmark (moq-dev/moq stack, WebRTC-style)
======================================================================
  Relay:   http://127.0.0.1:4446
  Trace:   traces/fcc_2023/fcc2023_115_unit24807141_tc.csv
  Mode:    sender-side measurement (no browser player)
======================================================================

   Delivered ladder: 100k, 600k, 1200k, 2000k, 3000k, 4500k
[PLAYBACK] Collecting metrics (sender-side)...
   t=4s | bitrate: 4500 kbps | tp: 507586 kbps | trace_bw: 507586 kbps
   t=16s | bitrate: 4500 kbps | tp: 507988 kbps | trace_bw: 507988 kbps
   t=28s | bitrate: 4500 kbps | tp: 507401 kbps | trace_bw: 507401 kbps
   t=40s | bitrate: 4500 kbps | tp: 508587 kbps | trace_bw: 508587 kbps
   t=52s | bitrate: 4500 kbps | tp: 506517 kbps | trace_bw: 506517 kbps
   t=64s | bitrate: 4500 kbps | tp: 507973 kbps | trace_bw: 507973 kbps
   t=76s | bitrate: 4500 kbps | tp: 508109 kbps | trace_bw: 508109 kbps
   t=88s | bitrate: 4500 kbps | tp: 506381 kbps | trace_bw: 506381 kbps
   t=100s | bitrate: 4500 kbps | tp: 507004 kbps | trace_bw: 507004 kbps
   t=112s | bitrate: 4500 kbps | tp: 508114 kbps | trace_bw: 508114 kbps

======================================================================
  BENCHMARK RESULTS (MOQ2 / moq-dev official stack)
======================================================================

  [TIMING]
      Startup delay:     58 ms
      Playback time:     120.0 s

  [BITRATE]
      Average (selected):  4,500 kbps
      Average (effective): 4,500 kbps

  [REBUFFERING]
      Events:            0
      Total time:        0 ms
      Ratio:             0.0000%

  [THROUGHPUT]
      Average:           507,814 kbps

  [ADAPTATION]
      Target latency:    3,000 ms
      Avg live latency:  0 ms
      Quality switches:  0 (↑0 / ↓0)
      Dropped fragments: 0

  [AVAILABLE BW (trace)]
      Average:           507,814 kbps

======================================================================

[SAVED] results/run_all_20260607_000000/moq2_fcc_2023/benchmark_moq2_fcc2023_115_unit24807141_tc_20260608_120429.json

──────────────────────────────────────────────────────────────────────
  [117/150] fcc2023_116_unit799876_tc.csv
──────────────────────────────────────────────────────────────────────

======================================================================
  MOQ2 Streaming QoE Benchmark (moq-dev/moq stack, WebRTC-style)
======================================================================
  Relay:   http://127.0.0.1:4446
  Trace:   traces/fcc_2023/fcc2023_116_unit799876_tc.csv
  Mode:    sender-side measurement (no browser player)
======================================================================

   Delivered ladder: 100k, 600k, 1200k, 2000k, 3000k, 4500k
[PLAYBACK] Collecting metrics (sender-side)...
   t=4s | bitrate: 4500 kbps | tp: 444229 kbps | trace_bw: 444229 kbps
   t=16s | bitrate: 4500 kbps | tp: 480143 kbps | trace_bw: 480143 kbps
   t=28s | bitrate: 4500 kbps | tp: 499313 kbps | trace_bw: 499313 kbps
   t=40s | bitrate: 4500 kbps | tp: 535241 kbps | trace_bw: 535241 kbps
   t=52s | bitrate: 4500 kbps | tp: 360484 kbps | trace_bw: 360484 kbps
   t=64s | bitrate: 4500 kbps | tp: 402940 kbps | trace_bw: 402940 kbps
   t=76s | bitrate: 4500 kbps | tp: 528624 kbps | trace_bw: 528624 kbps
   t=88s | bitrate: 4500 kbps | tp: 515507 kbps | trace_bw: 515507 kbps
   t=100s | bitrate: 4500 kbps | tp: 523386 kbps | trace_bw: 523386 kbps
   t=112s | bitrate: 4500 kbps | tp: 524849 kbps | trace_bw: 524849 kbps

======================================================================
  BENCHMARK RESULTS (MOQ2 / moq-dev official stack)
======================================================================

  [TIMING]
      Startup delay:     66 ms
      Playback time:     120.0 s

  [BITRATE]
      Average (selected):  4,500 kbps
      Average (effective): 4,500 kbps

  [REBUFFERING]
      Events:            0
      Total time:        0 ms
      Ratio:             0.0000%

  [THROUGHPUT]
      Average:           475,164 kbps

  [ADAPTATION]
      Target latency:    3,000 ms
      Avg live latency:  0 ms
      Quality switches:  0 (↑0 / ↓0)
      Dropped fragments: 0

  [AVAILABLE BW (trace)]
      Average:           475,164 kbps

======================================================================

[SAVED] results/run_all_20260607_000000/moq2_fcc_2023/benchmark_moq2_fcc2023_116_unit799876_tc_20260608_120432.json

──────────────────────────────────────────────────────────────────────
  [118/150] fcc2023_117_unit40206345_tc.csv
──────────────────────────────────────────────────────────────────────

======================================================================
  MOQ2 Streaming QoE Benchmark (moq-dev/moq stack, WebRTC-style)
======================================================================
  Relay:   http://127.0.0.1:4446
  Trace:   traces/fcc_2023/fcc2023_117_unit40206345_tc.csv
  Mode:    sender-side measurement (no browser player)
======================================================================

   Delivered ladder: 100k, 600k, 1200k, 2000k, 3000k, 4500k
[PLAYBACK] Collecting metrics (sender-side)...
   t=4s | bitrate: 4500 kbps | tp: 533740 kbps | trace_bw: 533740 kbps
   t=16s | bitrate: 4500 kbps | tp: 544587 kbps | trace_bw: 544587 kbps
   t=28s | bitrate: 4500 kbps | tp: 546507 kbps | trace_bw: 546507 kbps
   t=40s | bitrate: 4500 kbps | tp: 546457 kbps | trace_bw: 546457 kbps
   t=52s | bitrate: 4500 kbps | tp: 540721 kbps | trace_bw: 540721 kbps
   t=64s | bitrate: 4500 kbps | tp: 546049 kbps | trace_bw: 546049 kbps
   t=76s | bitrate: 4500 kbps | tp: 547233 kbps | trace_bw: 547233 kbps
   t=88s | bitrate: 4500 kbps | tp: 545050 kbps | trace_bw: 545050 kbps
   t=100s | bitrate: 4500 kbps | tp: 547394 kbps | trace_bw: 547394 kbps
   t=112s | bitrate: 4500 kbps | tp: 546666 kbps | trace_bw: 546666 kbps

======================================================================
  BENCHMARK RESULTS (MOQ2 / moq-dev official stack)
======================================================================

  [TIMING]
      Startup delay:     55 ms
      Playback time:     120.0 s

  [BITRATE]
      Average (selected):  4,500 kbps
      Average (effective): 4,500 kbps

  [REBUFFERING]
      Events:            0
      Total time:        0 ms
      Ratio:             0.0000%

  [THROUGHPUT]
      Average:           543,475 kbps

  [ADAPTATION]
      Target latency:    3,000 ms
      Avg live latency:  0 ms
      Quality switches:  0 (↑0 / ↓0)
      Dropped fragments: 0

  [AVAILABLE BW (trace)]
      Average:           543,475 kbps

======================================================================

[SAVED] results/run_all_20260607_000000/moq2_fcc_2023/benchmark_moq2_fcc2023_117_unit40206345_tc_20260608_120435.json

──────────────────────────────────────────────────────────────────────
  [119/150] fcc2023_118_unit4050737_tc.csv
──────────────────────────────────────────────────────────────────────

======================================================================
  MOQ2 Streaming QoE Benchmark (moq-dev/moq stack, WebRTC-style)
======================================================================
  Relay:   http://127.0.0.1:4446
  Trace:   traces/fcc_2023/fcc2023_118_unit4050737_tc.csv
  Mode:    sender-side measurement (no browser player)
======================================================================

   Delivered ladder: 100k, 600k, 1200k, 2000k, 3000k, 4500k
[PLAYBACK] Collecting metrics (sender-side)...
   t=4s | bitrate: 4500 kbps | tp: 566082 kbps | trace_bw: 566082 kbps
   t=16s | bitrate: 4500 kbps | tp: 570500 kbps | trace_bw: 570500 kbps
   t=28s | bitrate: 4500 kbps | tp: 575150 kbps | trace_bw: 575150 kbps
   t=40s | bitrate: 4500 kbps | tp: 562701 kbps | trace_bw: 562701 kbps
   t=52s | bitrate: 4500 kbps | tp: 569907 kbps | trace_bw: 569907 kbps
   t=64s | bitrate: 4500 kbps | tp: 582431 kbps | trace_bw: 582431 kbps
   t=76s | bitrate: 4500 kbps | tp: 573837 kbps | trace_bw: 573837 kbps
   t=88s | bitrate: 4500 kbps | tp: 302030 kbps | trace_bw: 302030 kbps
   t=100s | bitrate: 4500 kbps | tp: 291321 kbps | trace_bw: 291321 kbps
   t=112s | bitrate: 4500 kbps | tp: 576238 kbps | trace_bw: 576238 kbps

======================================================================
  BENCHMARK RESULTS (MOQ2 / moq-dev official stack)
======================================================================

  [TIMING]
      Startup delay:     52 ms
      Playback time:     120.0 s

  [BITRATE]
      Average (selected):  4,500 kbps
      Average (effective): 4,500 kbps

  [REBUFFERING]
      Events:            0
      Total time:        0 ms
      Ratio:             0.0000%

  [THROUGHPUT]
      Average:           524,223 kbps

  [ADAPTATION]
      Target latency:    3,000 ms
      Avg live latency:  0 ms
      Quality switches:  0 (↑0 / ↓0)
      Dropped fragments: 0

  [AVAILABLE BW (trace)]
      Average:           524,223 kbps

======================================================================

[SAVED] results/run_all_20260607_000000/moq2_fcc_2023/benchmark_moq2_fcc2023_118_unit4050737_tc_20260608_120438.json

──────────────────────────────────────────────────────────────────────
  [120/150] fcc2023_119_unit1004400_tc.csv
──────────────────────────────────────────────────────────────────────

======================================================================
  MOQ2 Streaming QoE Benchmark (moq-dev/moq stack, WebRTC-style)
======================================================================
  Relay:   http://127.0.0.1:4446
  Trace:   traces/fcc_2023/fcc2023_119_unit1004400_tc.csv
  Mode:    sender-side measurement (no browser player)
======================================================================

   Delivered ladder: 100k, 600k, 1200k, 2000k, 3000k, 4500k
[PLAYBACK] Collecting metrics (sender-side)...
   t=4s | bitrate: 4500 kbps | tp: 583983 kbps | trace_bw: 583983 kbps
   t=16s | bitrate: 4500 kbps | tp: 585046 kbps | trace_bw: 585046 kbps
   t=28s | bitrate: 4500 kbps | tp: 583863 kbps | trace_bw: 583863 kbps
   t=40s | bitrate: 4500 kbps | tp: 587172 kbps | trace_bw: 587172 kbps
   t=52s | bitrate: 4500 kbps | tp: 584330 kbps | trace_bw: 584330 kbps
   t=64s | bitrate: 4500 kbps | tp: 574950 kbps | trace_bw: 574950 kbps
   t=76s | bitrate: 4500 kbps | tp: 584972 kbps | trace_bw: 584972 kbps
   t=88s | bitrate: 4500 kbps | tp: 585084 kbps | trace_bw: 585084 kbps
   t=100s | bitrate: 4500 kbps | tp: 584618 kbps | trace_bw: 584618 kbps
   t=112s | bitrate: 4500 kbps | tp: 584892 kbps | trace_bw: 584892 kbps

======================================================================
  BENCHMARK RESULTS (MOQ2 / moq-dev official stack)
======================================================================

  [TIMING]
      Startup delay:     50 ms
      Playback time:     120.0 s

  [BITRATE]
      Average (selected):  4,500 kbps
      Average (effective): 4,500 kbps

  [REBUFFERING]
      Events:            0
      Total time:        0 ms
      Ratio:             0.0000%

  [THROUGHPUT]
      Average:           581,166 kbps

  [ADAPTATION]
      Target latency:    3,000 ms
      Avg live latency:  0 ms
      Quality switches:  0 (↑0 / ↓0)
      Dropped fragments: 0

  [AVAILABLE BW (trace)]
      Average:           581,166 kbps

======================================================================

[SAVED] results/run_all_20260607_000000/moq2_fcc_2023/benchmark_moq2_fcc2023_119_unit1004400_tc_20260608_120441.json

──────────────────────────────────────────────────────────────────────
  [121/150] fcc2023_120_unit1001126_tc.csv
──────────────────────────────────────────────────────────────────────

======================================================================
  MOQ2 Streaming QoE Benchmark (moq-dev/moq stack, WebRTC-style)
======================================================================
  Relay:   http://127.0.0.1:4446
  Trace:   traces/fcc_2023/fcc2023_120_unit1001126_tc.csv
  Mode:    sender-side measurement (no browser player)
======================================================================

   Delivered ladder: 100k, 600k, 1200k, 2000k, 3000k, 4500k
[PLAYBACK] Collecting metrics (sender-side)...
   t=4s | bitrate: 4500 kbps | tp: 585253 kbps | trace_bw: 585253 kbps
   t=16s | bitrate: 4500 kbps | tp: 589755 kbps | trace_bw: 589755 kbps
   t=28s | bitrate: 4500 kbps | tp: 591371 kbps | trace_bw: 591371 kbps
   t=40s | bitrate: 4500 kbps | tp: 521649 kbps | trace_bw: 521649 kbps
   t=52s | bitrate: 4500 kbps | tp: 592887 kbps | trace_bw: 592887 kbps
   t=64s | bitrate: 4500 kbps | tp: 594296 kbps | trace_bw: 594296 kbps
   t=76s | bitrate: 4500 kbps | tp: 593234 kbps | trace_bw: 593234 kbps
   t=88s | bitrate: 4500 kbps | tp: 593847 kbps | trace_bw: 593847 kbps
   t=100s | bitrate: 4500 kbps | tp: 593869 kbps | trace_bw: 593869 kbps
   t=112s | bitrate: 4500 kbps | tp: 592334 kbps | trace_bw: 592334 kbps

======================================================================
  BENCHMARK RESULTS (MOQ2 / moq-dev official stack)
======================================================================

  [TIMING]
      Startup delay:     50 ms
      Playback time:     120.0 s

  [BITRATE]
      Average (selected):  4,500 kbps
      Average (effective): 4,500 kbps

  [REBUFFERING]
      Events:            0
      Total time:        0 ms
      Ratio:             0.0000%

  [THROUGHPUT]
      Average:           580,514 kbps

  [ADAPTATION]
      Target latency:    3,000 ms
      Avg live latency:  0 ms
      Quality switches:  0 (↑0 / ↓0)
      Dropped fragments: 0

  [AVAILABLE BW (trace)]
      Average:           580,514 kbps

======================================================================

[SAVED] results/run_all_20260607_000000/moq2_fcc_2023/benchmark_moq2_fcc2023_120_unit1001126_tc_20260608_120444.json

──────────────────────────────────────────────────────────────────────
  [122/150] fcc2023_121_unit55492253_tc.csv
──────────────────────────────────────────────────────────────────────

======================================================================
  MOQ2 Streaming QoE Benchmark (moq-dev/moq stack, WebRTC-style)
======================================================================
  Relay:   http://127.0.0.1:4446
  Trace:   traces/fcc_2023/fcc2023_121_unit55492253_tc.csv
  Mode:    sender-side measurement (no browser player)
======================================================================

   Delivered ladder: 100k, 600k, 1200k, 2000k, 3000k, 4500k
[PLAYBACK] Collecting metrics (sender-side)...
   t=4s | bitrate: 4500 kbps | tp: 593912 kbps | trace_bw: 593912 kbps
   t=16s | bitrate: 4500 kbps | tp: 594749 kbps | trace_bw: 594749 kbps
   t=28s | bitrate: 4500 kbps | tp: 595412 kbps | trace_bw: 595412 kbps
   t=40s | bitrate: 4500 kbps | tp: 595204 kbps | trace_bw: 595204 kbps
   t=52s | bitrate: 4500 kbps | tp: 595276 kbps | trace_bw: 595276 kbps
   t=64s | bitrate: 4500 kbps | tp: 592514 kbps | trace_bw: 592514 kbps
   t=76s | bitrate: 4500 kbps | tp: 592926 kbps | trace_bw: 592926 kbps
   t=88s | bitrate: 4500 kbps | tp: 595187 kbps | trace_bw: 595187 kbps
   t=100s | bitrate: 4500 kbps | tp: 588739 kbps | trace_bw: 588739 kbps
   t=112s | bitrate: 4500 kbps | tp: 591892 kbps | trace_bw: 591892 kbps

======================================================================
  BENCHMARK RESULTS (MOQ2 / moq-dev official stack)
======================================================================

  [TIMING]
      Startup delay:     50 ms
      Playback time:     120.0 s

  [BITRATE]
      Average (selected):  4,500 kbps
      Average (effective): 4,500 kbps

  [REBUFFERING]
      Events:            0
      Total time:        0 ms
      Ratio:             0.0000%

  [THROUGHPUT]
      Average:           592,398 kbps

  [ADAPTATION]
      Target latency:    3,000 ms
      Avg live latency:  0 ms
      Quality switches:  0 (↑0 / ↓0)
      Dropped fragments: 0

  [AVAILABLE BW (trace)]
      Average:           592,398 kbps

======================================================================

[SAVED] results/run_all_20260607_000000/moq2_fcc_2023/benchmark_moq2_fcc2023_121_unit55492253_tc_20260608_120447.json

──────────────────────────────────────────────────────────────────────
  [123/150] fcc2023_122_unit38659085_tc.csv
──────────────────────────────────────────────────────────────────────

======================================================================
  MOQ2 Streaming QoE Benchmark (moq-dev/moq stack, WebRTC-style)
======================================================================
  Relay:   http://127.0.0.1:4446
  Trace:   traces/fcc_2023/fcc2023_122_unit38659085_tc.csv
  Mode:    sender-side measurement (no browser player)
======================================================================

   Delivered ladder: 100k, 600k, 1200k, 2000k, 3000k, 4500k
[PLAYBACK] Collecting metrics (sender-side)...
   t=4s | bitrate: 4500 kbps | tp: 615375 kbps | trace_bw: 615375 kbps
   t=16s | bitrate: 4500 kbps | tp: 915980 kbps | trace_bw: 915980 kbps
   t=28s | bitrate: 4500 kbps | tp: 587314 kbps | trace_bw: 587314 kbps
   t=40s | bitrate: 4500 kbps | tp: 817702 kbps | trace_bw: 817702 kbps
   t=52s | bitrate: 4500 kbps | tp: 614883 kbps | trace_bw: 614883 kbps
   t=64s | bitrate: 4500 kbps | tp: 616749 kbps | trace_bw: 616749 kbps
   t=76s | bitrate: 4500 kbps | tp: 611769 kbps | trace_bw: 611769 kbps
   t=88s | bitrate: 4500 kbps | tp: 613197 kbps | trace_bw: 613197 kbps
   t=100s | bitrate: 4500 kbps | tp: 614821 kbps | trace_bw: 614821 kbps
   t=112s | bitrate: 4500 kbps | tp: 884267 kbps | trace_bw: 884267 kbps

======================================================================
  BENCHMARK RESULTS (MOQ2 / moq-dev official stack)
======================================================================

  [TIMING]
      Startup delay:     48 ms
      Playback time:     120.0 s

  [BITRATE]
      Average (selected):  4,500 kbps
      Average (effective): 4,500 kbps

  [REBUFFERING]
      Events:            0
      Total time:        0 ms
      Ratio:             0.0000%

  [THROUGHPUT]
      Average:           655,514 kbps

  [ADAPTATION]
      Target latency:    3,000 ms
      Avg live latency:  0 ms
      Quality switches:  0 (↑0 / ↓0)
      Dropped fragments: 0

  [AVAILABLE BW (trace)]
      Average:           655,514 kbps

======================================================================

[SAVED] results/run_all_20260607_000000/moq2_fcc_2023/benchmark_moq2_fcc2023_122_unit38659085_tc_20260608_120450.json

──────────────────────────────────────────────────────────────────────
  [124/150] fcc2023_123_unit3551793_tc.csv
──────────────────────────────────────────────────────────────────────

======================================================================
  MOQ2 Streaming QoE Benchmark (moq-dev/moq stack, WebRTC-style)
======================================================================
  Relay:   http://127.0.0.1:4446
  Trace:   traces/fcc_2023/fcc2023_123_unit3551793_tc.csv
  Mode:    sender-side measurement (no browser player)
======================================================================

   Delivered ladder: 100k, 600k, 1200k, 2000k, 3000k, 4500k
[PLAYBACK] Collecting metrics (sender-side)...
   t=4s | bitrate: 4500 kbps | tp: 691152 kbps | trace_bw: 691152 kbps
   t=16s | bitrate: 4500 kbps | tp: 642866 kbps | trace_bw: 642866 kbps
   t=28s | bitrate: 4500 kbps | tp: 650426 kbps | trace_bw: 650426 kbps
   t=40s | bitrate: 4500 kbps | tp: 661492 kbps | trace_bw: 661492 kbps
   t=52s | bitrate: 4500 kbps | tp: 632839 kbps | trace_bw: 632839 kbps
   t=64s | bitrate: 4500 kbps | tp: 376761 kbps | trace_bw: 376761 kbps
   t=76s | bitrate: 4500 kbps | tp: 641441 kbps | trace_bw: 641441 kbps
   t=88s | bitrate: 4500 kbps | tp: 651070 kbps | trace_bw: 651070 kbps
   t=100s | bitrate: 4500 kbps | tp: 696155 kbps | trace_bw: 696155 kbps
   t=112s | bitrate: 4500 kbps | tp: 192550 kbps | trace_bw: 192550 kbps

======================================================================
  BENCHMARK RESULTS (MOQ2 / moq-dev official stack)
======================================================================

  [TIMING]
      Startup delay:     43 ms
      Playback time:     120.0 s

  [BITRATE]
      Average (selected):  4,500 kbps
      Average (effective): 4,500 kbps

  [REBUFFERING]
      Events:            0
      Total time:        0 ms
      Ratio:             0.0000%

  [THROUGHPUT]
      Average:           580,916 kbps

  [ADAPTATION]
      Target latency:    3,000 ms
      Avg live latency:  0 ms
      Quality switches:  0 (↑0 / ↓0)
      Dropped fragments: 0

  [AVAILABLE BW (trace)]
      Average:           580,916 kbps

======================================================================

[SAVED] results/run_all_20260607_000000/moq2_fcc_2023/benchmark_moq2_fcc2023_123_unit3551793_tc_20260608_120453.json

──────────────────────────────────────────────────────────────────────
  [125/150] fcc2023_124_unit1000852_tc.csv
──────────────────────────────────────────────────────────────────────

======================================================================
  MOQ2 Streaming QoE Benchmark (moq-dev/moq stack, WebRTC-style)
======================================================================
  Relay:   http://127.0.0.1:4446
  Trace:   traces/fcc_2023/fcc2023_124_unit1000852_tc.csv
  Mode:    sender-side measurement (no browser player)
======================================================================

   Delivered ladder: 100k, 600k, 1200k, 2000k, 3000k, 4500k
[PLAYBACK] Collecting metrics (sender-side)...
   t=4s | bitrate: 4500 kbps | tp: 632498 kbps | trace_bw: 632498 kbps
   t=16s | bitrate: 4500 kbps | tp: 652679 kbps | trace_bw: 652679 kbps
   t=28s | bitrate: 4500 kbps | tp: 652761 kbps | trace_bw: 652761 kbps
   t=40s | bitrate: 4500 kbps | tp: 652197 kbps | trace_bw: 652197 kbps
   t=52s | bitrate: 4500 kbps | tp: 646385 kbps | trace_bw: 646385 kbps
   t=64s | bitrate: 4500 kbps | tp: 650796 kbps | trace_bw: 650796 kbps
   t=76s | bitrate: 4500 kbps | tp: 652871 kbps | trace_bw: 652871 kbps
   t=88s | bitrate: 4500 kbps | tp: 653901 kbps | trace_bw: 653901 kbps
   t=100s | bitrate: 4500 kbps | tp: 649364 kbps | trace_bw: 649364 kbps
   t=112s | bitrate: 4500 kbps | tp: 653165 kbps | trace_bw: 653165 kbps

======================================================================
  BENCHMARK RESULTS (MOQ2 / moq-dev official stack)
======================================================================

  [TIMING]
      Startup delay:     46 ms
      Playback time:     120.0 s

  [BITRATE]
      Average (selected):  4,500 kbps
      Average (effective): 4,500 kbps

  [REBUFFERING]
      Events:            0
      Total time:        0 ms
      Ratio:             0.0000%

  [THROUGHPUT]
      Average:           651,249 kbps

  [ADAPTATION]
      Target latency:    3,000 ms
      Avg live latency:  0 ms
      Quality switches:  0 (↑0 / ↓0)
      Dropped fragments: 0

  [AVAILABLE BW (trace)]
      Average:           651,249 kbps

======================================================================

[SAVED] results/run_all_20260607_000000/moq2_fcc_2023/benchmark_moq2_fcc2023_124_unit1000852_tc_20260608_120456.json

──────────────────────────────────────────────────────────────────────
  [126/150] fcc2023_125_unit55703393_tc.csv
──────────────────────────────────────────────────────────────────────

======================================================================
  MOQ2 Streaming QoE Benchmark (moq-dev/moq stack, WebRTC-style)
======================================================================
  Relay:   http://127.0.0.1:4446
  Trace:   traces/fcc_2023/fcc2023_125_unit55703393_tc.csv
  Mode:    sender-side measurement (no browser player)
======================================================================

   Delivered ladder: 100k, 600k, 1200k, 2000k, 3000k, 4500k
[PLAYBACK] Collecting metrics (sender-side)...
   t=4s | bitrate: 4500 kbps | tp: 670361 kbps | trace_bw: 670361 kbps
   t=16s | bitrate: 4500 kbps | tp: 679540 kbps | trace_bw: 679540 kbps
   t=28s | bitrate: 4500 kbps | tp: 666837 kbps | trace_bw: 666837 kbps
   t=40s | bitrate: 4500 kbps | tp: 671716 kbps | trace_bw: 671716 kbps
   t=52s | bitrate: 4500 kbps | tp: 674955 kbps | trace_bw: 674955 kbps
   t=64s | bitrate: 4500 kbps | tp: 661105 kbps | trace_bw: 661105 kbps
   t=76s | bitrate: 4500 kbps | tp: 644306 kbps | trace_bw: 644306 kbps
   t=88s | bitrate: 4500 kbps | tp: 679575 kbps | trace_bw: 679575 kbps
   t=100s | bitrate: 4500 kbps | tp: 733264 kbps | trace_bw: 733264 kbps
   t=112s | bitrate: 4500 kbps | tp: 667180 kbps | trace_bw: 667180 kbps

======================================================================
  BENCHMARK RESULTS (MOQ2 / moq-dev official stack)
======================================================================

  [TIMING]
      Startup delay:     44 ms
      Playback time:     120.0 s

  [BITRATE]
      Average (selected):  4,500 kbps
      Average (effective): 4,500 kbps

  [REBUFFERING]
      Events:            0
      Total time:        0 ms
      Ratio:             0.0000%

  [THROUGHPUT]
      Average:           680,121 kbps

  [ADAPTATION]
      Target latency:    3,000 ms
      Avg live latency:  0 ms
      Quality switches:  0 (↑0 / ↓0)
      Dropped fragments: 0

  [AVAILABLE BW (trace)]
      Average:           680,121 kbps

======================================================================

[SAVED] results/run_all_20260607_000000/moq2_fcc_2023/benchmark_moq2_fcc2023_125_unit55703393_tc_20260608_120459.json

──────────────────────────────────────────────────────────────────────
  [127/150] fcc2023_126_unit25314293_tc.csv
──────────────────────────────────────────────────────────────────────

======================================================================
  MOQ2 Streaming QoE Benchmark (moq-dev/moq stack, WebRTC-style)
======================================================================
  Relay:   http://127.0.0.1:4446
  Trace:   traces/fcc_2023/fcc2023_126_unit25314293_tc.csv
  Mode:    sender-side measurement (no browser player)
======================================================================

   Delivered ladder: 100k, 600k, 1200k, 2000k, 3000k, 4500k
[PLAYBACK] Collecting metrics (sender-side)...
   t=4s | bitrate: 4500 kbps | tp: 752457 kbps | trace_bw: 752457 kbps
   t=16s | bitrate: 4500 kbps | tp: 767218 kbps | trace_bw: 767218 kbps
   t=28s | bitrate: 4500 kbps | tp: 639808 kbps | trace_bw: 639808 kbps
   t=40s | bitrate: 4500 kbps | tp: 703903 kbps | trace_bw: 703903 kbps
   t=52s | bitrate: 4500 kbps | tp: 770301 kbps | trace_bw: 770301 kbps
   t=64s | bitrate: 4500 kbps | tp: 762976 kbps | trace_bw: 762976 kbps
   t=76s | bitrate: 4500 kbps | tp: 637180 kbps | trace_bw: 637180 kbps
   t=88s | bitrate: 4500 kbps | tp: 761948 kbps | trace_bw: 761948 kbps
   t=100s | bitrate: 4500 kbps | tp: 693627 kbps | trace_bw: 693627 kbps
   t=112s | bitrate: 4500 kbps | tp: 751196 kbps | trace_bw: 751196 kbps

======================================================================
  BENCHMARK RESULTS (MOQ2 / moq-dev official stack)
======================================================================

  [TIMING]
      Startup delay:     39 ms
      Playback time:     120.0 s

  [BITRATE]
      Average (selected):  4,500 kbps
      Average (effective): 4,500 kbps

  [REBUFFERING]
      Events:            0
      Total time:        0 ms
      Ratio:             0.0000%

  [THROUGHPUT]
      Average:           718,993 kbps

  [ADAPTATION]
      Target latency:    3,000 ms
      Avg live latency:  0 ms
      Quality switches:  0 (↑0 / ↓0)
      Dropped fragments: 0

  [AVAILABLE BW (trace)]
      Average:           718,993 kbps

======================================================================

[SAVED] results/run_all_20260607_000000/moq2_fcc_2023/benchmark_moq2_fcc2023_126_unit25314293_tc_20260608_120502.json

──────────────────────────────────────────────────────────────────────
  [128/150] fcc2023_127_unit79301405_tc.csv
──────────────────────────────────────────────────────────────────────

======================================================================
  MOQ2 Streaming QoE Benchmark (moq-dev/moq stack, WebRTC-style)
======================================================================
  Relay:   http://127.0.0.1:4446
  Trace:   traces/fcc_2023/fcc2023_127_unit79301405_tc.csv
  Mode:    sender-side measurement (no browser player)
======================================================================

   Delivered ladder: 100k, 600k, 1200k, 2000k, 3000k, 4500k
[PLAYBACK] Collecting metrics (sender-side)...
   t=4s | bitrate: 4500 kbps | tp: 756208 kbps | trace_bw: 756208 kbps
   t=16s | bitrate: 4500 kbps | tp: 757430 kbps | trace_bw: 757430 kbps
   t=28s | bitrate: 4500 kbps | tp: 757880 kbps | trace_bw: 757880 kbps
   t=40s | bitrate: 4500 kbps | tp: 754103 kbps | trace_bw: 754103 kbps
   t=52s | bitrate: 4500 kbps | tp: 757289 kbps | trace_bw: 757289 kbps
   t=64s | bitrate: 4500 kbps | tp: 753170 kbps | trace_bw: 753170 kbps
   t=76s | bitrate: 4500 kbps | tp: 755123 kbps | trace_bw: 755123 kbps
   t=88s | bitrate: 4500 kbps | tp: 745603 kbps | trace_bw: 745603 kbps
   t=100s | bitrate: 4500 kbps | tp: 751957 kbps | trace_bw: 751957 kbps
   t=112s | bitrate: 4500 kbps | tp: 756651 kbps | trace_bw: 756651 kbps

======================================================================
  BENCHMARK RESULTS (MOQ2 / moq-dev official stack)
======================================================================

  [TIMING]
      Startup delay:     39 ms
      Playback time:     120.0 s

  [BITRATE]
      Average (selected):  4,500 kbps
      Average (effective): 4,500 kbps

  [REBUFFERING]
      Events:            0
      Total time:        0 ms
      Ratio:             0.0000%

  [THROUGHPUT]
      Average:           754,955 kbps

  [ADAPTATION]
      Target latency:    3,000 ms
      Avg live latency:  0 ms
      Quality switches:  0 (↑0 / ↓0)
      Dropped fragments: 0

  [AVAILABLE BW (trace)]
      Average:           754,955 kbps

======================================================================

[SAVED] results/run_all_20260607_000000/moq2_fcc_2023/benchmark_moq2_fcc2023_127_unit79301405_tc_20260608_120504.json

──────────────────────────────────────────────────────────────────────
  [129/150] fcc2023_128_unit24734333_tc.csv
──────────────────────────────────────────────────────────────────────

======================================================================
  MOQ2 Streaming QoE Benchmark (moq-dev/moq stack, WebRTC-style)
======================================================================
  Relay:   http://127.0.0.1:4446
  Trace:   traces/fcc_2023/fcc2023_128_unit24734333_tc.csv
  Mode:    sender-side measurement (no browser player)
======================================================================

   Delivered ladder: 100k, 600k, 1200k, 2000k, 3000k, 4500k
[PLAYBACK] Collecting metrics (sender-side)...
   t=4s | bitrate: 4500 kbps | tp: 777036 kbps | trace_bw: 777036 kbps
   t=16s | bitrate: 4500 kbps | tp: 773461 kbps | trace_bw: 773461 kbps
   t=28s | bitrate: 4500 kbps | tp: 775516 kbps | trace_bw: 775516 kbps
   t=40s | bitrate: 4500 kbps | tp: 783293 kbps | trace_bw: 783293 kbps
   t=52s | bitrate: 4500 kbps | tp: 784171 kbps | trace_bw: 784171 kbps
   t=64s | bitrate: 4500 kbps | tp: 780716 kbps | trace_bw: 780716 kbps
   t=76s | bitrate: 4500 kbps | tp: 786333 kbps | trace_bw: 786333 kbps
   t=88s | bitrate: 4500 kbps | tp: 787422 kbps | trace_bw: 787422 kbps
   t=100s | bitrate: 4500 kbps | tp: 785475 kbps | trace_bw: 785475 kbps
   t=112s | bitrate: 4500 kbps | tp: 783160 kbps | trace_bw: 783160 kbps

======================================================================
  BENCHMARK RESULTS (MOQ2 / moq-dev official stack)
======================================================================

  [TIMING]
      Startup delay:     38 ms
      Playback time:     120.0 s

  [BITRATE]
      Average (selected):  4,500 kbps
      Average (effective): 4,500 kbps

  [REBUFFERING]
      Events:            0
      Total time:        0 ms
      Ratio:             0.0000%

  [THROUGHPUT]
      Average:           771,944 kbps

  [ADAPTATION]
      Target latency:    3,000 ms
      Avg live latency:  0 ms
      Quality switches:  0 (↑0 / ↓0)
      Dropped fragments: 0

  [AVAILABLE BW (trace)]
      Average:           771,944 kbps

======================================================================

[SAVED] results/run_all_20260607_000000/moq2_fcc_2023/benchmark_moq2_fcc2023_128_unit24734333_tc_20260608_120507.json

──────────────────────────────────────────────────────────────────────
  [130/150] fcc2023_129_unit38713589_tc.csv
──────────────────────────────────────────────────────────────────────

======================================================================
  MOQ2 Streaming QoE Benchmark (moq-dev/moq stack, WebRTC-style)
======================================================================
  Relay:   http://127.0.0.1:4446
  Trace:   traces/fcc_2023/fcc2023_129_unit38713589_tc.csv
  Mode:    sender-side measurement (no browser player)
======================================================================

   Delivered ladder: 100k, 600k, 1200k, 2000k, 3000k, 4500k
[PLAYBACK] Collecting metrics (sender-side)...
   t=4s | bitrate: 4500 kbps | tp: 475389 kbps | trace_bw: 475389 kbps
   t=16s | bitrate: 4500 kbps | tp: 564869 kbps | trace_bw: 564869 kbps
   t=28s | bitrate: 4500 kbps | tp: 620414 kbps | trace_bw: 620414 kbps
   t=40s | bitrate: 4500 kbps | tp: 588944 kbps | trace_bw: 588944 kbps
   t=52s | bitrate: 4500 kbps | tp: 592007 kbps | trace_bw: 592007 kbps
   t=64s | bitrate: 4500 kbps | tp: 934479 kbps | trace_bw: 934479 kbps
   t=76s | bitrate: 4500 kbps | tp: 568741 kbps | trace_bw: 568741 kbps
   t=88s | bitrate: 4500 kbps | tp: 606226 kbps | trace_bw: 606226 kbps
   t=100s | bitrate: 4500 kbps | tp: 939324 kbps | trace_bw: 939324 kbps
   t=112s | bitrate: 4500 kbps | tp: 564765 kbps | trace_bw: 564765 kbps

======================================================================
  BENCHMARK RESULTS (MOQ2 / moq-dev official stack)
======================================================================

  [TIMING]
      Startup delay:     62 ms
      Playback time:     120.0 s

  [BITRATE]
      Average (selected):  4,500 kbps
      Average (effective): 4,500 kbps

  [REBUFFERING]
      Events:            0
      Total time:        0 ms
      Ratio:             0.0000%

  [THROUGHPUT]
      Average:           710,346 kbps

  [ADAPTATION]
      Target latency:    3,000 ms
      Avg live latency:  0 ms
      Quality switches:  0 (↑0 / ↓0)
      Dropped fragments: 0

  [AVAILABLE BW (trace)]
      Average:           710,346 kbps

======================================================================

[SAVED] results/run_all_20260607_000000/moq2_fcc_2023/benchmark_moq2_fcc2023_129_unit38713589_tc_20260608_120510.json

──────────────────────────────────────────────────────────────────────
  [131/150] fcc2023_130_unit3981813_tc.csv
──────────────────────────────────────────────────────────────────────

======================================================================
  MOQ2 Streaming QoE Benchmark (moq-dev/moq stack, WebRTC-style)
======================================================================
  Relay:   http://127.0.0.1:4446
  Trace:   traces/fcc_2023/fcc2023_130_unit3981813_tc.csv
  Mode:    sender-side measurement (no browser player)
======================================================================

   Delivered ladder: 100k, 600k, 1200k, 2000k, 3000k, 4500k
[PLAYBACK] Collecting metrics (sender-side)...
   t=4s | bitrate: 4500 kbps | tp: 863494 kbps | trace_bw: 863494 kbps
   t=16s | bitrate: 4500 kbps | tp: 810590 kbps | trace_bw: 810590 kbps
   t=28s | bitrate: 4500 kbps | tp: 829826 kbps | trace_bw: 829826 kbps
   t=40s | bitrate: 4500 kbps | tp: 838324 kbps | trace_bw: 838324 kbps
   t=52s | bitrate: 4500 kbps | tp: 852588 kbps | trace_bw: 852588 kbps
   t=64s | bitrate: 4500 kbps | tp: 833074 kbps | trace_bw: 833074 kbps
   t=76s | bitrate: 4500 kbps | tp: 863443 kbps | trace_bw: 863443 kbps
   t=88s | bitrate: 4500 kbps | tp: 823781 kbps | trace_bw: 823781 kbps
   t=100s | bitrate: 4500 kbps | tp: 831057 kbps | trace_bw: 831057 kbps
   t=112s | bitrate: 4500 kbps | tp: 843445 kbps | trace_bw: 843445 kbps

======================================================================
  BENCHMARK RESULTS (MOQ2 / moq-dev official stack)
======================================================================

  [TIMING]
      Startup delay:     34 ms
      Playback time:     120.0 s

  [BITRATE]
      Average (selected):  4,500 kbps
      Average (effective): 4,500 kbps

  [REBUFFERING]
      Events:            0
      Total time:        0 ms
      Ratio:             0.0000%

  [THROUGHPUT]
      Average:           835,850 kbps

  [ADAPTATION]
      Target latency:    3,000 ms
      Avg live latency:  0 ms
      Quality switches:  0 (↑0 / ↓0)
      Dropped fragments: 0

  [AVAILABLE BW (trace)]
      Average:           835,850 kbps

======================================================================

[SAVED] results/run_all_20260607_000000/moq2_fcc_2023/benchmark_moq2_fcc2023_130_unit3981813_tc_20260608_120513.json

──────────────────────────────────────────────────────────────────────
  [132/150] fcc2023_131_unit1004394_tc.csv
──────────────────────────────────────────────────────────────────────

======================================================================
  MOQ2 Streaming QoE Benchmark (moq-dev/moq stack, WebRTC-style)
======================================================================
  Relay:   http://127.0.0.1:4446
  Trace:   traces/fcc_2023/fcc2023_131_unit1004394_tc.csv
  Mode:    sender-side measurement (no browser player)
======================================================================

   Delivered ladder: 100k, 600k, 1200k, 2000k, 3000k, 4500k
[PLAYBACK] Collecting metrics (sender-side)...
   t=4s | bitrate: 4500 kbps | tp: 824172 kbps | trace_bw: 824172 kbps
   t=16s | bitrate: 4500 kbps | tp: 912915 kbps | trace_bw: 912915 kbps
   t=28s | bitrate: 4500 kbps | tp: 900584 kbps | trace_bw: 900584 kbps
   t=40s | bitrate: 4500 kbps | tp: 913207 kbps | trace_bw: 913207 kbps
   t=52s | bitrate: 4500 kbps | tp: 914494 kbps | trace_bw: 914494 kbps
   t=64s | bitrate: 4500 kbps | tp: 848323 kbps | trace_bw: 848323 kbps
   t=76s | bitrate: 4500 kbps | tp: 838850 kbps | trace_bw: 838850 kbps
   t=88s | bitrate: 4500 kbps | tp: 903945 kbps | trace_bw: 903945 kbps
   t=100s | bitrate: 4500 kbps | tp: 893476 kbps | trace_bw: 893476 kbps
   t=112s | bitrate: 4500 kbps | tp: 901497 kbps | trace_bw: 901497 kbps

======================================================================
  BENCHMARK RESULTS (MOQ2 / moq-dev official stack)
======================================================================

  [TIMING]
      Startup delay:     36 ms
      Playback time:     120.0 s

  [BITRATE]
      Average (selected):  4,500 kbps
      Average (effective): 4,500 kbps

  [REBUFFERING]
      Events:            0
      Total time:        0 ms
      Ratio:             0.0000%

  [THROUGHPUT]
      Average:           886,650 kbps

  [ADAPTATION]
      Target latency:    3,000 ms
      Avg live latency:  0 ms
      Quality switches:  0 (↑0 / ↓0)
      Dropped fragments: 0

  [AVAILABLE BW (trace)]
      Average:           886,650 kbps

======================================================================

[SAVED] results/run_all_20260607_000000/moq2_fcc_2023/benchmark_moq2_fcc2023_131_unit1004394_tc_20260608_120515.json

──────────────────────────────────────────────────────────────────────
  [133/150] fcc2023_132_unit55105525_tc.csv
──────────────────────────────────────────────────────────────────────

======================================================================
  MOQ2 Streaming QoE Benchmark (moq-dev/moq stack, WebRTC-style)
======================================================================
  Relay:   http://127.0.0.1:4446
  Trace:   traces/fcc_2023/fcc2023_132_unit55105525_tc.csv
  Mode:    sender-side measurement (no browser player)
======================================================================

   Delivered ladder: 100k, 600k, 1200k, 2000k, 3000k, 4500k
[PLAYBACK] Collecting metrics (sender-side)...
   t=4s | bitrate: 4500 kbps | tp: 917601 kbps | trace_bw: 917601 kbps
   t=16s | bitrate: 4500 kbps | tp: 928429 kbps | trace_bw: 928429 kbps
   t=28s | bitrate: 4500 kbps | tp: 841791 kbps | trace_bw: 841791 kbps
   t=40s | bitrate: 4500 kbps | tp: 803453 kbps | trace_bw: 803453 kbps
   t=52s | bitrate: 4500 kbps | tp: 528643 kbps | trace_bw: 528643 kbps
   t=64s | bitrate: 4500 kbps | tp: 380224 kbps | trace_bw: 380224 kbps
   t=76s | bitrate: 4500 kbps | tp: 586249 kbps | trace_bw: 586249 kbps
   t=88s | bitrate: 4500 kbps | tp: 923220 kbps | trace_bw: 923220 kbps
   t=100s | bitrate: 4500 kbps | tp: 636194 kbps | trace_bw: 636194 kbps
   t=112s | bitrate: 4500 kbps | tp: 805384 kbps | trace_bw: 805384 kbps

======================================================================
  BENCHMARK RESULTS (MOQ2 / moq-dev official stack)
======================================================================

  [TIMING]
      Startup delay:     32 ms
      Playback time:     120.0 s

  [BITRATE]
      Average (selected):  4,500 kbps
      Average (effective): 4,500 kbps

  [REBUFFERING]
      Events:            0
      Total time:        0 ms
      Ratio:             0.0000%

  [THROUGHPUT]
      Average:           769,430 kbps

  [ADAPTATION]
      Target latency:    3,000 ms
      Avg live latency:  0 ms
      Quality switches:  0 (↑0 / ↓0)
      Dropped fragments: 0

  [AVAILABLE BW (trace)]
      Average:           769,430 kbps

======================================================================

[SAVED] results/run_all_20260607_000000/moq2_fcc_2023/benchmark_moq2_fcc2023_132_unit55105525_tc_20260608_120518.json

──────────────────────────────────────────────────────────────────────
  [134/150] fcc2023_133_unit25170181_tc.csv
──────────────────────────────────────────────────────────────────────

======================================================================
  MOQ2 Streaming QoE Benchmark (moq-dev/moq stack, WebRTC-style)
======================================================================
  Relay:   http://127.0.0.1:4446
  Trace:   traces/fcc_2023/fcc2023_133_unit25170181_tc.csv
  Mode:    sender-side measurement (no browser player)
======================================================================

   Delivered ladder: 100k, 600k, 1200k, 2000k, 3000k, 4500k
[PLAYBACK] Collecting metrics (sender-side)...
   t=4s | bitrate: 4500 kbps | tp: 871682 kbps | trace_bw: 871682 kbps
   t=16s | bitrate: 4500 kbps | tp: 859962 kbps | trace_bw: 859962 kbps
   t=28s | bitrate: 4500 kbps | tp: 871711 kbps | trace_bw: 871711 kbps
   t=40s | bitrate: 4500 kbps | tp: 868793 kbps | trace_bw: 868793 kbps
   t=52s | bitrate: 4500 kbps | tp: 870872 kbps | trace_bw: 870872 kbps
   t=64s | bitrate: 4500 kbps | tp: 121666 kbps | trace_bw: 121666 kbps
   t=76s | bitrate: 4500 kbps | tp: 871691 kbps | trace_bw: 871691 kbps
   t=88s | bitrate: 4500 kbps | tp: 870685 kbps | trace_bw: 870685 kbps
   t=100s | bitrate: 4500 kbps | tp: 871656 kbps | trace_bw: 871656 kbps
   t=112s | bitrate: 4500 kbps | tp: 871663 kbps | trace_bw: 871663 kbps

======================================================================
  BENCHMARK RESULTS (MOQ2 / moq-dev official stack)
======================================================================

  [TIMING]
      Startup delay:     34 ms
      Playback time:     120.0 s

  [BITRATE]
      Average (selected):  4,500 kbps
      Average (effective): 4,500 kbps

  [REBUFFERING]
      Events:            0
      Total time:        0 ms
      Ratio:             0.0000%

  [THROUGHPUT]
      Average:           819,638 kbps

  [ADAPTATION]
      Target latency:    3,000 ms
      Avg live latency:  0 ms
      Quality switches:  0 (↑0 / ↓0)
      Dropped fragments: 0

  [AVAILABLE BW (trace)]
      Average:           819,638 kbps

======================================================================

[SAVED] results/run_all_20260607_000000/moq2_fcc_2023/benchmark_moq2_fcc2023_133_unit25170181_tc_20260608_120521.json

──────────────────────────────────────────────────────────────────────
  [135/150] fcc2023_134_unit37991969_tc.csv
──────────────────────────────────────────────────────────────────────

======================================================================
  MOQ2 Streaming QoE Benchmark (moq-dev/moq stack, WebRTC-style)
======================================================================
  Relay:   http://127.0.0.1:4446
  Trace:   traces/fcc_2023/fcc2023_134_unit37991969_tc.csv
  Mode:    sender-side measurement (no browser player)
======================================================================

   Delivered ladder: 100k, 600k, 1200k, 2000k, 3000k, 4500k
[PLAYBACK] Collecting metrics (sender-side)...
   t=4s | bitrate: 4500 kbps | tp: 402192 kbps | trace_bw: 402192 kbps
   t=16s | bitrate: 4500 kbps | tp: 931748 kbps | trace_bw: 931748 kbps
   t=28s | bitrate: 4500 kbps | tp: 915004 kbps | trace_bw: 915004 kbps
   t=40s | bitrate: 4500 kbps | tp: 889105 kbps | trace_bw: 889105 kbps
   t=52s | bitrate: 4500 kbps | tp: 882475 kbps | trace_bw: 882475 kbps
   t=64s | bitrate: 4500 kbps | tp: 909809 kbps | trace_bw: 909809 kbps
   t=76s | bitrate: 4500 kbps | tp: 871104 kbps | trace_bw: 871104 kbps
   t=88s | bitrate: 4500 kbps | tp: 558161 kbps | trace_bw: 558161 kbps
   t=100s | bitrate: 4500 kbps | tp: 876669 kbps | trace_bw: 876669 kbps
   t=112s | bitrate: 4500 kbps | tp: 886707 kbps | trace_bw: 886707 kbps

======================================================================
  BENCHMARK RESULTS (MOQ2 / moq-dev official stack)
======================================================================

  [TIMING]
      Startup delay:     73 ms
      Playback time:     120.0 s

  [BITRATE]
      Average (selected):  4,500 kbps
      Average (effective): 4,500 kbps

  [REBUFFERING]
      Events:            0
      Total time:        0 ms
      Ratio:             0.0000%

  [THROUGHPUT]
      Average:           834,045 kbps

  [ADAPTATION]
      Target latency:    3,000 ms
      Avg live latency:  0 ms
      Quality switches:  0 (↑0 / ↓0)
      Dropped fragments: 0

  [AVAILABLE BW (trace)]
      Average:           834,045 kbps

======================================================================

[SAVED] results/run_all_20260607_000000/moq2_fcc_2023/benchmark_moq2_fcc2023_134_unit37991969_tc_20260608_120524.json

──────────────────────────────────────────────────────────────────────
  [136/150] fcc2023_135_unit39486173_tc.csv
──────────────────────────────────────────────────────────────────────

======================================================================
  MOQ2 Streaming QoE Benchmark (moq-dev/moq stack, WebRTC-style)
======================================================================
  Relay:   http://127.0.0.1:4446
  Trace:   traces/fcc_2023/fcc2023_135_unit39486173_tc.csv
  Mode:    sender-side measurement (no browser player)
======================================================================

   Delivered ladder: 100k, 600k, 1200k, 2000k, 3000k, 4500k
[PLAYBACK] Collecting metrics (sender-side)...
   t=4s | bitrate: 4500 kbps | tp: 908052 kbps | trace_bw: 908052 kbps
   t=16s | bitrate: 4500 kbps | tp: 915845 kbps | trace_bw: 915845 kbps
   t=28s | bitrate: 4500 kbps | tp: 914862 kbps | trace_bw: 914862 kbps
   t=40s | bitrate: 4500 kbps | tp: 830132 kbps | trace_bw: 830132 kbps
   t=52s | bitrate: 4500 kbps | tp: 910803 kbps | trace_bw: 910803 kbps
   t=64s | bitrate: 4500 kbps | tp: 916281 kbps | trace_bw: 916281 kbps
   t=76s | bitrate: 4500 kbps | tp: 859589 kbps | trace_bw: 859589 kbps
   t=88s | bitrate: 4500 kbps | tp: 875772 kbps | trace_bw: 875772 kbps
   t=100s | bitrate: 4500 kbps | tp: 893545 kbps | trace_bw: 893545 kbps
   t=112s | bitrate: 4500 kbps | tp: 894258 kbps | trace_bw: 894258 kbps

======================================================================
  BENCHMARK RESULTS (MOQ2 / moq-dev official stack)
======================================================================

  [TIMING]
      Startup delay:     32 ms
      Playback time:     120.0 s

  [BITRATE]
      Average (selected):  4,500 kbps
      Average (effective): 4,500 kbps

  [REBUFFERING]
      Events:            0
      Total time:        0 ms
      Ratio:             0.0000%

  [THROUGHPUT]
      Average:           794,209 kbps

  [ADAPTATION]
      Target latency:    3,000 ms
      Avg live latency:  0 ms
      Quality switches:  0 (↑0 / ↓0)
      Dropped fragments: 0

  [AVAILABLE BW (trace)]
      Average:           794,209 kbps

======================================================================

[SAVED] results/run_all_20260607_000000/moq2_fcc_2023/benchmark_moq2_fcc2023_135_unit39486173_tc_20260608_120526.json

──────────────────────────────────────────────────────────────────────
  [137/150] fcc2023_136_unit997189_tc.csv
──────────────────────────────────────────────────────────────────────

======================================================================
  MOQ2 Streaming QoE Benchmark (moq-dev/moq stack, WebRTC-style)
======================================================================
  Relay:   http://127.0.0.1:4446
  Trace:   traces/fcc_2023/fcc2023_136_unit997189_tc.csv
  Mode:    sender-side measurement (no browser player)
======================================================================

   Delivered ladder: 100k, 600k, 1200k, 2000k, 3000k, 4500k
[PLAYBACK] Collecting metrics (sender-side)...
   t=4s | bitrate: 4500 kbps | tp: 903845 kbps | trace_bw: 903845 kbps
   t=16s | bitrate: 4500 kbps | tp: 895493 kbps | trace_bw: 895493 kbps
   t=28s | bitrate: 4500 kbps | tp: 906787 kbps | trace_bw: 906787 kbps
   t=40s | bitrate: 4500 kbps | tp: 899616 kbps | trace_bw: 899616 kbps
   t=52s | bitrate: 4500 kbps | tp: 881163 kbps | trace_bw: 881163 kbps
   t=64s | bitrate: 4500 kbps | tp: 907996 kbps | trace_bw: 907996 kbps
   t=76s | bitrate: 4500 kbps | tp: 898587 kbps | trace_bw: 898587 kbps
   t=88s | bitrate: 4500 kbps | tp: 901554 kbps | trace_bw: 901554 kbps
   t=100s | bitrate: 4500 kbps | tp: 907806 kbps | trace_bw: 907806 kbps
   t=112s | bitrate: 4500 kbps | tp: 895771 kbps | trace_bw: 895771 kbps

======================================================================
  BENCHMARK RESULTS (MOQ2 / moq-dev official stack)
======================================================================

  [TIMING]
      Startup delay:     33 ms
      Playback time:     120.0 s

  [BITRATE]
      Average (selected):  4,500 kbps
      Average (effective): 4,500 kbps

  [REBUFFERING]
      Events:            0
      Total time:        0 ms
      Ratio:             0.0000%

  [THROUGHPUT]
      Average:           899,897 kbps

  [ADAPTATION]
      Target latency:    3,000 ms
      Avg live latency:  0 ms
      Quality switches:  0 (↑0 / ↓0)
      Dropped fragments: 0

  [AVAILABLE BW (trace)]
      Average:           899,897 kbps

======================================================================

[SAVED] results/run_all_20260607_000000/moq2_fcc_2023/benchmark_moq2_fcc2023_136_unit997189_tc_20260608_120529.json

──────────────────────────────────────────────────────────────────────
  [138/150] fcc2023_137_unit39486385_tc.csv
──────────────────────────────────────────────────────────────────────

======================================================================
  MOQ2 Streaming QoE Benchmark (moq-dev/moq stack, WebRTC-style)
======================================================================
  Relay:   http://127.0.0.1:4446
  Trace:   traces/fcc_2023/fcc2023_137_unit39486385_tc.csv
  Mode:    sender-side measurement (no browser player)
======================================================================

   Delivered ladder: 100k, 600k, 1200k, 2000k, 3000k, 4500k
[PLAYBACK] Collecting metrics (sender-side)...
   t=4s | bitrate: 4500 kbps | tp: 913469 kbps | trace_bw: 913469 kbps
   t=16s | bitrate: 4500 kbps | tp: 914321 kbps | trace_bw: 914321 kbps
   t=28s | bitrate: 4500 kbps | tp: 910168 kbps | trace_bw: 910168 kbps
   t=40s | bitrate: 4500 kbps | tp: 914201 kbps | trace_bw: 914201 kbps
   t=52s | bitrate: 4500 kbps | tp: 911220 kbps | trace_bw: 911220 kbps
   t=64s | bitrate: 4500 kbps | tp: 635019 kbps | trace_bw: 635019 kbps
   t=76s | bitrate: 4500 kbps | tp: 911441 kbps | trace_bw: 911441 kbps
   t=88s | bitrate: 4500 kbps | tp: 915147 kbps | trace_bw: 915147 kbps
   t=100s | bitrate: 4500 kbps | tp: 914712 kbps | trace_bw: 914712 kbps
   t=112s | bitrate: 4500 kbps | tp: 684572 kbps | trace_bw: 684572 kbps

======================================================================
  BENCHMARK RESULTS (MOQ2 / moq-dev official stack)
======================================================================

  [TIMING]
      Startup delay:     32 ms
      Playback time:     120.0 s

  [BITRATE]
      Average (selected):  4,500 kbps
      Average (effective): 4,500 kbps

  [REBUFFERING]
      Events:            0
      Total time:        0 ms
      Ratio:             0.0000%

  [THROUGHPUT]
      Average:           849,584 kbps

  [ADAPTATION]
      Target latency:    3,000 ms
      Avg live latency:  0 ms
      Quality switches:  0 (↑0 / ↓0)
      Dropped fragments: 0

  [AVAILABLE BW (trace)]
      Average:           849,584 kbps

======================================================================

[SAVED] results/run_all_20260607_000000/moq2_fcc_2023/benchmark_moq2_fcc2023_137_unit39486385_tc_20260608_120532.json

──────────────────────────────────────────────────────────────────────
  [139/150] fcc2023_138_unit54730401_tc.csv
──────────────────────────────────────────────────────────────────────

======================================================================
  MOQ2 Streaming QoE Benchmark (moq-dev/moq stack, WebRTC-style)
======================================================================
  Relay:   http://127.0.0.1:4446
  Trace:   traces/fcc_2023/fcc2023_138_unit54730401_tc.csv
  Mode:    sender-side measurement (no browser player)
======================================================================

   Delivered ladder: 100k, 600k, 1200k, 2000k, 3000k, 4500k
[PLAYBACK] Collecting metrics (sender-side)...
   t=4s | bitrate: 4500 kbps | tp: 930405 kbps | trace_bw: 930405 kbps
   t=16s | bitrate: 4500 kbps | tp: 899072 kbps | trace_bw: 899072 kbps
   t=28s | bitrate: 4500 kbps | tp: 910118 kbps | trace_bw: 910118 kbps
   t=40s | bitrate: 4500 kbps | tp: 903150 kbps | trace_bw: 903150 kbps
   t=52s | bitrate: 4500 kbps | tp: 911804 kbps | trace_bw: 911804 kbps
   t=64s | bitrate: 4500 kbps | tp: 892583 kbps | trace_bw: 892583 kbps
   t=76s | bitrate: 4500 kbps | tp: 896238 kbps | trace_bw: 896238 kbps
   t=88s | bitrate: 4500 kbps | tp: 913035 kbps | trace_bw: 913035 kbps
   t=100s | bitrate: 4500 kbps | tp: 906946 kbps | trace_bw: 906946 kbps
   t=112s | bitrate: 4500 kbps | tp: 919049 kbps | trace_bw: 919049 kbps

======================================================================
  BENCHMARK RESULTS (MOQ2 / moq-dev official stack)
======================================================================

  [TIMING]
      Startup delay:     32 ms
      Playback time:     120.0 s

  [BITRATE]
      Average (selected):  4,500 kbps
      Average (effective): 4,500 kbps

  [REBUFFERING]
      Events:            0
      Total time:        0 ms
      Ratio:             0.0000%

  [THROUGHPUT]
      Average:           912,072 kbps

  [ADAPTATION]
      Target latency:    3,000 ms
      Avg live latency:  0 ms
      Quality switches:  0 (↑0 / ↓0)
      Dropped fragments: 0

  [AVAILABLE BW (trace)]
      Average:           912,072 kbps

======================================================================

[SAVED] results/run_all_20260607_000000/moq2_fcc_2023/benchmark_moq2_fcc2023_138_unit54730401_tc_20260608_120535.json

──────────────────────────────────────────────────────────────────────
  [140/150] fcc2023_139_unit40206181_tc.csv
──────────────────────────────────────────────────────────────────────

======================================================================
  MOQ2 Streaming QoE Benchmark (moq-dev/moq stack, WebRTC-style)
======================================================================
  Relay:   http://127.0.0.1:4446
  Trace:   traces/fcc_2023/fcc2023_139_unit40206181_tc.csv
  Mode:    sender-side measurement (no browser player)
======================================================================

   Delivered ladder: 100k, 600k, 1200k, 2000k, 3000k, 4500k
[PLAYBACK] Collecting metrics (sender-side)...
   t=4s | bitrate: 4500 kbps | tp: 929836 kbps | trace_bw: 929836 kbps
   t=16s | bitrate: 4500 kbps | tp: 929712 kbps | trace_bw: 929712 kbps
   t=28s | bitrate: 4500 kbps | tp: 929540 kbps | trace_bw: 929540 kbps
   t=40s | bitrate: 4500 kbps | tp: 914178 kbps | trace_bw: 914178 kbps
   t=52s | bitrate: 4500 kbps | tp: 930206 kbps | trace_bw: 930206 kbps
   t=64s | bitrate: 4500 kbps | tp: 900794 kbps | trace_bw: 900794 kbps
   t=76s | bitrate: 4500 kbps | tp: 928857 kbps | trace_bw: 928857 kbps
   t=88s | bitrate: 4500 kbps | tp: 888924 kbps | trace_bw: 888924 kbps
   t=100s | bitrate: 4500 kbps | tp: 930739 kbps | trace_bw: 930739 kbps
   t=112s | bitrate: 4500 kbps | tp: 881526 kbps | trace_bw: 881526 kbps

======================================================================
  BENCHMARK RESULTS (MOQ2 / moq-dev official stack)
======================================================================

  [TIMING]
      Startup delay:     32 ms
      Playback time:     120.0 s

  [BITRATE]
      Average (selected):  4,500 kbps
      Average (effective): 4,500 kbps

  [REBUFFERING]
      Events:            0
      Total time:        0 ms
      Ratio:             0.0000%

  [THROUGHPUT]
      Average:           866,959 kbps

  [ADAPTATION]
      Target latency:    3,000 ms
      Avg live latency:  0 ms
      Quality switches:  0 (↑0 / ↓0)
      Dropped fragments: 0

  [AVAILABLE BW (trace)]
      Average:           866,959 kbps

======================================================================

[SAVED] results/run_all_20260607_000000/moq2_fcc_2023/benchmark_moq2_fcc2023_139_unit40206181_tc_20260608_120537.json

──────────────────────────────────────────────────────────────────────
  [141/150] fcc2023_140_unit55703069_tc.csv
──────────────────────────────────────────────────────────────────────

======================================================================
  MOQ2 Streaming QoE Benchmark (moq-dev/moq stack, WebRTC-style)
======================================================================
  Relay:   http://127.0.0.1:4446
  Trace:   traces/fcc_2023/fcc2023_140_unit55703069_tc.csv
  Mode:    sender-side measurement (no browser player)
======================================================================

   Delivered ladder: 100k, 600k, 1200k, 2000k, 3000k, 4500k
[PLAYBACK] Collecting metrics (sender-side)...
   t=4s | bitrate: 4500 kbps | tp: 933850 kbps | trace_bw: 933850 kbps
   t=16s | bitrate: 4500 kbps | tp: 939145 kbps | trace_bw: 939145 kbps
   t=28s | bitrate: 4500 kbps | tp: 934142 kbps | trace_bw: 934142 kbps
   t=40s | bitrate: 4500 kbps | tp: 102855 kbps | trace_bw: 102855 kbps
   t=52s | bitrate: 4500 kbps | tp: 935728 kbps | trace_bw: 935728 kbps
   t=64s | bitrate: 4500 kbps | tp: 933171 kbps | trace_bw: 933171 kbps
   t=76s | bitrate: 4500 kbps | tp: 938133 kbps | trace_bw: 938133 kbps
   t=88s | bitrate: 4500 kbps | tp: 938050 kbps | trace_bw: 938050 kbps
   t=100s | bitrate: 4500 kbps | tp: 908358 kbps | trace_bw: 908358 kbps
   t=112s | bitrate: 4500 kbps | tp: 932770 kbps | trace_bw: 932770 kbps

======================================================================
  BENCHMARK RESULTS (MOQ2 / moq-dev official stack)
======================================================================

  [TIMING]
      Startup delay:     31 ms
      Playback time:     120.0 s

  [BITRATE]
      Average (selected):  4,500 kbps
      Average (effective): 4,500 kbps

  [REBUFFERING]
      Events:            0
      Total time:        0 ms
      Ratio:             0.0000%

  [THROUGHPUT]
      Average:           894,259 kbps

  [ADAPTATION]
      Target latency:    3,000 ms
      Avg live latency:  0 ms
      Quality switches:  0 (↑0 / ↓0)
      Dropped fragments: 0

  [AVAILABLE BW (trace)]
      Average:           894,259 kbps

======================================================================

[SAVED] results/run_all_20260607_000000/moq2_fcc_2023/benchmark_moq2_fcc2023_140_unit55703069_tc_20260608_120540.json

──────────────────────────────────────────────────────────────────────
  [142/150] fcc2023_141_unit1004404_tc.csv
──────────────────────────────────────────────────────────────────────

======================================================================
  MOQ2 Streaming QoE Benchmark (moq-dev/moq stack, WebRTC-style)
======================================================================
  Relay:   http://127.0.0.1:4446
  Trace:   traces/fcc_2023/fcc2023_141_unit1004404_tc.csv
  Mode:    sender-side measurement (no browser player)
======================================================================

   Delivered ladder: 100k, 600k, 1200k, 2000k, 3000k, 4500k
[PLAYBACK] Collecting metrics (sender-side)...
   t=4s | bitrate: 4500 kbps | tp: 928740 kbps | trace_bw: 928740 kbps
   t=16s | bitrate: 4500 kbps | tp: 930761 kbps | trace_bw: 930761 kbps
   t=28s | bitrate: 4500 kbps | tp: 927215 kbps | trace_bw: 927215 kbps
   t=40s | bitrate: 4500 kbps | tp: 929871 kbps | trace_bw: 929871 kbps
   t=52s | bitrate: 4500 kbps | tp: 933467 kbps | trace_bw: 933467 kbps
   t=64s | bitrate: 4500 kbps | tp: 929496 kbps | trace_bw: 929496 kbps
   t=76s | bitrate: 4500 kbps | tp: 904884 kbps | trace_bw: 904884 kbps
   t=88s | bitrate: 4500 kbps | tp: 922400 kbps | trace_bw: 922400 kbps
   t=100s | bitrate: 4500 kbps | tp: 933877 kbps | trace_bw: 933877 kbps
   t=112s | bitrate: 4500 kbps | tp: 931256 kbps | trace_bw: 931256 kbps

======================================================================
  BENCHMARK RESULTS (MOQ2 / moq-dev official stack)
======================================================================

  [TIMING]
      Startup delay:     32 ms
      Playback time:     120.0 s

  [BITRATE]
      Average (selected):  4,500 kbps
      Average (effective): 4,500 kbps

  [REBUFFERING]
      Events:            0
      Total time:        0 ms
      Ratio:             0.0000%

  [THROUGHPUT]
      Average:           927,556 kbps

  [ADAPTATION]
      Target latency:    3,000 ms
      Avg live latency:  0 ms
      Quality switches:  0 (↑0 / ↓0)
      Dropped fragments: 0

  [AVAILABLE BW (trace)]
      Average:           927,556 kbps

======================================================================

[SAVED] results/run_all_20260607_000000/moq2_fcc_2023/benchmark_moq2_fcc2023_141_unit1004404_tc_20260608_120543.json

──────────────────────────────────────────────────────────────────────
  [143/150] fcc2023_142_unit24839533_tc.csv
──────────────────────────────────────────────────────────────────────

======================================================================
  MOQ2 Streaming QoE Benchmark (moq-dev/moq stack, WebRTC-style)
======================================================================
  Relay:   http://127.0.0.1:4446
  Trace:   traces/fcc_2023/fcc2023_142_unit24839533_tc.csv
  Mode:    sender-side measurement (no browser player)
======================================================================

   Delivered ladder: 100k, 600k, 1200k, 2000k, 3000k, 4500k
[PLAYBACK] Collecting metrics (sender-side)...
   t=4s | bitrate: 4500 kbps | tp: 932285 kbps | trace_bw: 932285 kbps
   t=16s | bitrate: 4500 kbps | tp: 928974 kbps | trace_bw: 928974 kbps
   t=28s | bitrate: 4500 kbps | tp: 854372 kbps | trace_bw: 854372 kbps
   t=40s | bitrate: 4500 kbps | tp: 932732 kbps | trace_bw: 932732 kbps
   t=52s | bitrate: 4500 kbps | tp: 930643 kbps | trace_bw: 930643 kbps
   t=64s | bitrate: 4500 kbps | tp: 934925 kbps | trace_bw: 934925 kbps
   t=76s | bitrate: 4500 kbps | tp: 868789 kbps | trace_bw: 868789 kbps
   t=88s | bitrate: 4500 kbps | tp: 930777 kbps | trace_bw: 930777 kbps
   t=100s | bitrate: 4500 kbps | tp: 933894 kbps | trace_bw: 933894 kbps
   t=112s | bitrate: 4500 kbps | tp: 932139 kbps | trace_bw: 932139 kbps

======================================================================
  BENCHMARK RESULTS (MOQ2 / moq-dev official stack)
======================================================================

  [TIMING]
      Startup delay:     32 ms
      Playback time:     120.0 s

  [BITRATE]
      Average (selected):  4,500 kbps
      Average (effective): 4,500 kbps

  [REBUFFERING]
      Events:            0
      Total time:        0 ms
      Ratio:             0.0000%

  [THROUGHPUT]
      Average:           921,562 kbps

  [ADAPTATION]
      Target latency:    3,000 ms
      Avg live latency:  0 ms
      Quality switches:  0 (↑0 / ↓0)
      Dropped fragments: 0

  [AVAILABLE BW (trace)]
      Average:           921,562 kbps

======================================================================

[SAVED] results/run_all_20260607_000000/moq2_fcc_2023/benchmark_moq2_fcc2023_142_unit24839533_tc_20260608_120546.json

──────────────────────────────────────────────────────────────────────
  [144/150] fcc2023_143_unit79506465_tc.csv
──────────────────────────────────────────────────────────────────────

======================================================================
  MOQ2 Streaming QoE Benchmark (moq-dev/moq stack, WebRTC-style)
======================================================================
  Relay:   http://127.0.0.1:4446
  Trace:   traces/fcc_2023/fcc2023_143_unit79506465_tc.csv
  Mode:    sender-side measurement (no browser player)
======================================================================

   Delivered ladder: 100k, 600k, 1200k, 2000k, 3000k, 4500k
[PLAYBACK] Collecting metrics (sender-side)...
   t=4s | bitrate: 4500 kbps | tp: 906871 kbps | trace_bw: 906871 kbps
   t=16s | bitrate: 4500 kbps | tp: 931521 kbps | trace_bw: 931521 kbps
   t=28s | bitrate: 4500 kbps | tp: 920766 kbps | trace_bw: 920766 kbps
   t=40s | bitrate: 4500 kbps | tp: 933694 kbps | trace_bw: 933694 kbps
   t=52s | bitrate: 4500 kbps | tp: 933222 kbps | trace_bw: 933222 kbps
   t=64s | bitrate: 4500 kbps | tp: 932202 kbps | trace_bw: 932202 kbps
   t=76s | bitrate: 4500 kbps | tp: 893230 kbps | trace_bw: 893230 kbps
   t=88s | bitrate: 4500 kbps | tp: 933609 kbps | trace_bw: 933609 kbps
   t=100s | bitrate: 4500 kbps | tp: 931356 kbps | trace_bw: 931356 kbps
   t=112s | bitrate: 4500 kbps | tp: 930037 kbps | trace_bw: 930037 kbps

======================================================================
  BENCHMARK RESULTS (MOQ2 / moq-dev official stack)
======================================================================

  [TIMING]
      Startup delay:     32 ms
      Playback time:     120.0 s

  [BITRATE]
      Average (selected):  4,500 kbps
      Average (effective): 4,500 kbps

  [REBUFFERING]
      Events:            0
      Total time:        0 ms
      Ratio:             0.0000%

  [THROUGHPUT]
      Average:           927,428 kbps

  [ADAPTATION]
      Target latency:    3,000 ms
      Avg live latency:  0 ms
      Quality switches:  0 (↑0 / ↓0)
      Dropped fragments: 0

  [AVAILABLE BW (trace)]
      Average:           927,428 kbps

======================================================================

[SAVED] results/run_all_20260607_000000/moq2_fcc_2023/benchmark_moq2_fcc2023_143_unit79506465_tc_20260608_120548.json

──────────────────────────────────────────────────────────────────────
  [145/150] fcc2023_144_unit3643837_tc.csv
──────────────────────────────────────────────────────────────────────

======================================================================
  MOQ2 Streaming QoE Benchmark (moq-dev/moq stack, WebRTC-style)
======================================================================
  Relay:   http://127.0.0.1:4446
  Trace:   traces/fcc_2023/fcc2023_144_unit3643837_tc.csv
  Mode:    sender-side measurement (no browser player)
======================================================================

   Delivered ladder: 100k, 600k, 1200k, 2000k, 3000k, 4500k
[PLAYBACK] Collecting metrics (sender-side)...
   t=4s | bitrate: 4500 kbps | tp: 846653 kbps | trace_bw: 846653 kbps
   t=16s | bitrate: 4500 kbps | tp: 936445 kbps | trace_bw: 936445 kbps
   t=28s | bitrate: 4500 kbps | tp: 890303 kbps | trace_bw: 890303 kbps
   t=40s | bitrate: 4500 kbps | tp: 929651 kbps | trace_bw: 929651 kbps
   t=52s | bitrate: 4500 kbps | tp: 934956 kbps | trace_bw: 934956 kbps
   t=64s | bitrate: 4500 kbps | tp: 939047 kbps | trace_bw: 939047 kbps
   t=76s | bitrate: 4500 kbps | tp: 936671 kbps | trace_bw: 936671 kbps
   t=88s | bitrate: 4500 kbps | tp: 937400 kbps | trace_bw: 937400 kbps
   t=100s | bitrate: 4500 kbps | tp: 936314 kbps | trace_bw: 936314 kbps
   t=112s | bitrate: 4500 kbps | tp: 933767 kbps | trace_bw: 933767 kbps

======================================================================
  BENCHMARK RESULTS (MOQ2 / moq-dev official stack)
======================================================================

  [TIMING]
      Startup delay:     35 ms
      Playback time:     120.0 s

  [BITRATE]
      Average (selected):  4,500 kbps
      Average (effective): 4,500 kbps

  [REBUFFERING]
      Events:            0
      Total time:        0 ms
      Ratio:             0.0000%

  [THROUGHPUT]
      Average:           901,885 kbps

  [ADAPTATION]
      Target latency:    3,000 ms
      Avg live latency:  0 ms
      Quality switches:  0 (↑0 / ↓0)
      Dropped fragments: 0

  [AVAILABLE BW (trace)]
      Average:           901,885 kbps

======================================================================

[SAVED] results/run_all_20260607_000000/moq2_fcc_2023/benchmark_moq2_fcc2023_144_unit3643837_tc_20260608_120551.json

──────────────────────────────────────────────────────────────────────
  [146/150] fcc2023_145_unit55518597_tc.csv
──────────────────────────────────────────────────────────────────────

======================================================================
  MOQ2 Streaming QoE Benchmark (moq-dev/moq stack, WebRTC-style)
======================================================================
  Relay:   http://127.0.0.1:4446
  Trace:   traces/fcc_2023/fcc2023_145_unit55518597_tc.csv
  Mode:    sender-side measurement (no browser player)
======================================================================

   Delivered ladder: 100k, 600k, 1200k, 2000k, 3000k, 4500k
[PLAYBACK] Collecting metrics (sender-side)...
   t=4s | bitrate: 4500 kbps | tp: 934182 kbps | trace_bw: 934182 kbps
   t=16s | bitrate: 4500 kbps | tp: 938178 kbps | trace_bw: 938178 kbps
   t=28s | bitrate: 4500 kbps | tp: 935849 kbps | trace_bw: 935849 kbps
   t=40s | bitrate: 4500 kbps | tp: 939390 kbps | trace_bw: 939390 kbps
   t=52s | bitrate: 4500 kbps | tp: 938859 kbps | trace_bw: 938859 kbps
   t=64s | bitrate: 4500 kbps | tp: 939462 kbps | trace_bw: 939462 kbps
   t=76s | bitrate: 4500 kbps | tp: 933188 kbps | trace_bw: 933188 kbps
   t=88s | bitrate: 4500 kbps | tp: 919467 kbps | trace_bw: 919467 kbps
   t=100s | bitrate: 4500 kbps | tp: 647658 kbps | trace_bw: 647658 kbps
   t=112s | bitrate: 4500 kbps | tp: 606008 kbps | trace_bw: 606008 kbps

======================================================================
  BENCHMARK RESULTS (MOQ2 / moq-dev official stack)
======================================================================

  [TIMING]
      Startup delay:     31 ms
      Playback time:     120.0 s

  [BITRATE]
      Average (selected):  4,500 kbps
      Average (effective): 4,500 kbps

  [REBUFFERING]
      Events:            0
      Total time:        0 ms
      Ratio:             0.0000%

  [THROUGHPUT]
      Average:           862,560 kbps

  [ADAPTATION]
      Target latency:    3,000 ms
      Avg live latency:  0 ms
      Quality switches:  0 (↑0 / ↓0)
      Dropped fragments: 0

  [AVAILABLE BW (trace)]
      Average:           862,560 kbps

======================================================================

[SAVED] results/run_all_20260607_000000/moq2_fcc_2023/benchmark_moq2_fcc2023_145_unit55518597_tc_20260608_120553.json

──────────────────────────────────────────────────────────────────────
  [147/150] fcc2023_146_unit55518665_tc.csv
──────────────────────────────────────────────────────────────────────

======================================================================
  MOQ2 Streaming QoE Benchmark (moq-dev/moq stack, WebRTC-style)
======================================================================
  Relay:   http://127.0.0.1:4446
  Trace:   traces/fcc_2023/fcc2023_146_unit55518665_tc.csv
  Mode:    sender-side measurement (no browser player)
======================================================================

   Delivered ladder: 100k, 600k, 1200k, 2000k, 3000k, 4500k
[PLAYBACK] Collecting metrics (sender-side)...
   t=4s | bitrate: 4500 kbps | tp: 887678 kbps | trace_bw: 887678 kbps
   t=16s | bitrate: 4500 kbps | tp: 939290 kbps | trace_bw: 939290 kbps
   t=28s | bitrate: 4500 kbps | tp: 939079 kbps | trace_bw: 939079 kbps
   t=40s | bitrate: 4500 kbps | tp: 936290 kbps | trace_bw: 936290 kbps
   t=52s | bitrate: 4500 kbps | tp: 580927 kbps | trace_bw: 580927 kbps
   t=64s | bitrate: 4500 kbps | tp: 938199 kbps | trace_bw: 938199 kbps
   t=76s | bitrate: 4500 kbps | tp: 938172 kbps | trace_bw: 938172 kbps
   t=88s | bitrate: 4500 kbps | tp: 935922 kbps | trace_bw: 935922 kbps
   t=100s | bitrate: 4500 kbps | tp: 933184 kbps | trace_bw: 933184 kbps
   t=112s | bitrate: 4500 kbps | tp: 939166 kbps | trace_bw: 939166 kbps

======================================================================
  BENCHMARK RESULTS (MOQ2 / moq-dev official stack)
======================================================================

  [TIMING]
      Startup delay:     33 ms
      Playback time:     120.0 s

  [BITRATE]
      Average (selected):  4,500 kbps
      Average (effective): 4,500 kbps

  [REBUFFERING]
      Events:            0
      Total time:        0 ms
      Ratio:             0.0000%

  [THROUGHPUT]
      Average:           859,671 kbps

  [ADAPTATION]
      Target latency:    3,000 ms
      Avg live latency:  0 ms
      Quality switches:  0 (↑0 / ↓0)
      Dropped fragments: 0

  [AVAILABLE BW (trace)]
      Average:           859,671 kbps

======================================================================

[SAVED] results/run_all_20260607_000000/moq2_fcc_2023/benchmark_moq2_fcc2023_146_unit55518665_tc_20260608_120556.json

──────────────────────────────────────────────────────────────────────
  [148/150] fcc2023_147_unit55002165_tc.csv
──────────────────────────────────────────────────────────────────────

======================================================================
  MOQ2 Streaming QoE Benchmark (moq-dev/moq stack, WebRTC-style)
======================================================================
  Relay:   http://127.0.0.1:4446
  Trace:   traces/fcc_2023/fcc2023_147_unit55002165_tc.csv
  Mode:    sender-side measurement (no browser player)
======================================================================

   Delivered ladder: 100k, 600k, 1200k, 2000k, 3000k, 4500k
[PLAYBACK] Collecting metrics (sender-side)...
   t=4s | bitrate: 4500 kbps | tp: 937799 kbps | trace_bw: 937799 kbps
   t=16s | bitrate: 4500 kbps | tp: 937800 kbps | trace_bw: 937800 kbps
   t=28s | bitrate: 4500 kbps | tp: 937142 kbps | trace_bw: 937142 kbps
   t=40s | bitrate: 4500 kbps | tp: 937799 kbps | trace_bw: 937799 kbps
   t=52s | bitrate: 4500 kbps | tp: 936609 kbps | trace_bw: 936609 kbps
   t=64s | bitrate: 4500 kbps | tp: 935076 kbps | trace_bw: 935076 kbps
   t=76s | bitrate: 4500 kbps | tp: 937794 kbps | trace_bw: 937794 kbps
   t=88s | bitrate: 4500 kbps | tp: 936677 kbps | trace_bw: 936677 kbps
   t=100s | bitrate: 4500 kbps | tp: 939326 kbps | trace_bw: 939326 kbps
   t=112s | bitrate: 4500 kbps | tp: 925541 kbps | trace_bw: 925541 kbps

======================================================================
  BENCHMARK RESULTS (MOQ2 / moq-dev official stack)
======================================================================

  [TIMING]
      Startup delay:     31 ms
      Playback time:     120.0 s

  [BITRATE]
      Average (selected):  4,500 kbps
      Average (effective): 4,500 kbps

  [REBUFFERING]
      Events:            0
      Total time:        0 ms
      Ratio:             0.0000%

  [THROUGHPUT]
      Average:           934,158 kbps

  [ADAPTATION]
      Target latency:    3,000 ms
      Avg live latency:  0 ms
      Quality switches:  0 (↑0 / ↓0)
      Dropped fragments: 0

  [AVAILABLE BW (trace)]
      Average:           934,158 kbps

======================================================================

[SAVED] results/run_all_20260607_000000/moq2_fcc_2023/benchmark_moq2_fcc2023_147_unit55002165_tc_20260608_120559.json

──────────────────────────────────────────────────────────────────────
  [149/150] fcc2023_148_unit40730097_tc.csv
──────────────────────────────────────────────────────────────────────

======================================================================
  MOQ2 Streaming QoE Benchmark (moq-dev/moq stack, WebRTC-style)
======================================================================
  Relay:   http://127.0.0.1:4446
  Trace:   traces/fcc_2023/fcc2023_148_unit40730097_tc.csv
  Mode:    sender-side measurement (no browser player)
======================================================================

   Delivered ladder: 100k, 600k, 1200k, 2000k, 3000k, 4500k
[PLAYBACK] Collecting metrics (sender-side)...
   t=4s | bitrate: 4500 kbps | tp: 937710 kbps | trace_bw: 937710 kbps
   t=16s | bitrate: 4500 kbps | tp: 937598 kbps | trace_bw: 937598 kbps
   t=28s | bitrate: 4500 kbps | tp: 938154 kbps | trace_bw: 938154 kbps
   t=40s | bitrate: 4500 kbps | tp: 938141 kbps | trace_bw: 938141 kbps
   t=52s | bitrate: 4500 kbps | tp: 941364 kbps | trace_bw: 941364 kbps
   t=64s | bitrate: 4500 kbps | tp: 938003 kbps | trace_bw: 938003 kbps
   t=76s | bitrate: 4500 kbps | tp: 934733 kbps | trace_bw: 934733 kbps
   t=88s | bitrate: 4500 kbps | tp: 939397 kbps | trace_bw: 939397 kbps
   t=100s | bitrate: 4500 kbps | tp: 941087 kbps | trace_bw: 941087 kbps
   t=112s | bitrate: 4500 kbps | tp: 939381 kbps | trace_bw: 939381 kbps

======================================================================
  BENCHMARK RESULTS (MOQ2 / moq-dev official stack)
======================================================================

  [TIMING]
      Startup delay:     31 ms
      Playback time:     120.0 s

  [BITRATE]
      Average (selected):  4,500 kbps
      Average (effective): 4,500 kbps

  [REBUFFERING]
      Events:            0
      Total time:        0 ms
      Ratio:             0.0000%

  [THROUGHPUT]
      Average:           935,255 kbps

  [ADAPTATION]
      Target latency:    3,000 ms
      Avg live latency:  0 ms
      Quality switches:  0 (↑0 / ↓0)
      Dropped fragments: 0

  [AVAILABLE BW (trace)]
      Average:           935,255 kbps

======================================================================

[SAVED] results/run_all_20260607_000000/moq2_fcc_2023/benchmark_moq2_fcc2023_148_unit40730097_tc_20260608_120601.json

──────────────────────────────────────────────────────────────────────
  [150/150] fcc2023_149_unit3880329_tc.csv
──────────────────────────────────────────────────────────────────────

======================================================================
  MOQ2 Streaming QoE Benchmark (moq-dev/moq stack, WebRTC-style)
======================================================================
  Relay:   http://127.0.0.1:4446
  Trace:   traces/fcc_2023/fcc2023_149_unit3880329_tc.csv
  Mode:    sender-side measurement (no browser player)
======================================================================

   Delivered ladder: 100k, 600k, 1200k, 2000k, 3000k, 4500k
[PLAYBACK] Collecting metrics (sender-side)...
   t=4s | bitrate: 4500 kbps | tp: 938200 kbps | trace_bw: 938200 kbps
   t=16s | bitrate: 4500 kbps | tp: 939193 kbps | trace_bw: 939193 kbps
   t=28s | bitrate: 4500 kbps | tp: 939109 kbps | trace_bw: 939109 kbps
   t=40s | bitrate: 4500 kbps | tp: 938967 kbps | trace_bw: 938967 kbps
   t=52s | bitrate: 4500 kbps | tp: 939126 kbps | trace_bw: 939126 kbps
   t=64s | bitrate: 4500 kbps | tp: 937453 kbps | trace_bw: 937453 kbps
   t=76s | bitrate: 4500 kbps | tp: 940803 kbps | trace_bw: 940803 kbps
   t=88s | bitrate: 4500 kbps | tp: 939216 kbps | trace_bw: 939216 kbps
   t=100s | bitrate: 4500 kbps | tp: 940597 kbps | trace_bw: 940597 kbps
   t=112s | bitrate: 4500 kbps | tp: 934686 kbps | trace_bw: 934686 kbps

======================================================================
  BENCHMARK RESULTS (MOQ2 / moq-dev official stack)
======================================================================

  [TIMING]
      Startup delay:     31 ms
      Playback time:     120.0 s

  [BITRATE]
      Average (selected):  4,500 kbps
      Average (effective): 4,500 kbps

  [REBUFFERING]
      Events:            0
      Total time:        0 ms
      Ratio:             0.0000%

  [THROUGHPUT]
      Average:           938,534 kbps

  [ADAPTATION]
      Target latency:    3,000 ms
      Avg live latency:  0 ms
      Quality switches:  0 (↑0 / ↓0)
      Dropped fragments: 0

  [AVAILABLE BW (trace)]
      Average:           938,534 kbps

======================================================================

[SAVED] results/run_all_20260607_000000/moq2_fcc_2023/benchmark_moq2_fcc2023_149_unit3880329_tc_20260608_120604.json

======================================================================
  BATCH COMPLETE: 150/150 succeeded
  Results saved to: results/run_all_20260607_000000/moq2_fcc_2023/
======================================================================

