since,relative_seconds,rtt,bandwidth_kbps
0.000,0.000,40.00,165
1.000,1.000,40.00,94
1.000,1.000,40.00,94
2.000,2.000,40.00,1
3.000,3.000,40.00,35
4.000,4.000,40.00,1
5.000,5.000,40.00,0
6.000,6.000,40.00,3798
7.000,7.000,40.00,4017
8.000,8.000,40.00,1
9.000,9.000,40.00,11
10.000,10.000,40.00,345
12.000,12.000,40.00,26708
13.000,13.000,40.00,3154
14.000,14.000,40.00,1740
15.000,15.000,40.00,736
16.000,16.000,40.00,270
17.000,17.000,40.00,0
18.000,18.000,40.00,0
19.000,19.000,40.00,1151
20.000,20.000,40.00,0
21.000,21.000,40.00,0
22.000,22.000,40.00,54
24.000,24.000,40.00,0
25.000,25.000,40.00,10
26.000,26.000,40.00,4
27.000,27.000,40.00,3
28.000,28.000,40.00,1
29.000,29.000,40.00,0
30.000,30.000,40.00,16039
31.000,31.000,40.00,72249
32.000,32.000,40.00,119131
33.000,33.000,40.00,126508
34.000,34.000,40.00,93036
36.000,36.000,40.00,40568
37.000,37.000,40.00,150953
38.000,38.000,40.00,163467
39.000,39.000,40.00,44113
40.000,40.000,40.00,10007
41.000,41.000,40.00,0
42.000,42.000,40.00,9223
43.000,43.000,40.00,0
44.000,44.000,40.00,10881
45.000,45.000,40.00,0
46.000,46.000,40.00,10973
47.000,47.000,40.00,0
48.000,48.000,40.00,10827
50.000,50.000,40.00,0
51.000,51.000,40.00,10010
52.000,52.000,40.00,0
53.000,53.000,40.00,9826
54.000,54.000,40.00,1594
55.000,55.000,40.00,8550
56.000,56.000,40.00,10579
57.000,57.000,40.00,0
58.000,58.000,40.00,10604
59.000,59.000,40.00,0
60.000,60.000,40.00,11098
61.000,61.000,40.00,0
62.000,62.000,40.00,10461
64.000,64.000,40.00,0
65.000,65.000,40.00,10383
66.000,66.000,40.00,826
67.000,67.000,40.00,6692
68.000,68.000,40.00,7347
69.000,69.000,40.00,0
70.000,70.000,40.00,9971
71.000,71.000,40.00,0
72.000,72.000,40.00,11993
73.000,73.000,40.00,0
74.000,74.000,40.00,13192
75.000,75.000,40.00,0
77.000,77.000,40.00,9907
78.000,78.000,40.00,0
79.000,79.000,40.00,10788
80.000,80.000,40.00,10284
81.000,81.000,40.00,0
82.000,82.000,40.00,7791
83.000,83.000,40.00,0
84.000,84.000,40.00,4984
85.000,85.000,40.00,0
86.000,86.000,40.00,9036
87.000,87.000,40.00,0
88.000,88.000,40.00,10442
90.000,90.000,40.00,0
91.000,91.000,40.00,11824
92.000,92.000,40.00,1241
93.000,93.000,40.00,4056
94.000,94.000,40.00,7373
95.000,95.000,40.00,0
96.000,96.000,40.00,10854
97.000,97.000,40.00,0
98.000,98.000,40.00,10308
99.000,99.000,40.00,29
100.000,100.000,40.00,10078
101.000,101.000,40.00,0
102.000,102.000,40.00,10812
104.000,104.000,40.00,0
105.000,105.000,40.00,9952
106.000,106.000,40.00,0
107.000,107.000,40.00,2710
108.000,108.000,40.00,1563
109.000,109.000,40.00,8002
110.000,110.000,40.00,10408
111.000,111.000,40.00,0
112.000,112.000,40.00,10306
113.000,113.000,40.00,0
114.000,114.000,40.00,9949
115.000,115.000,40.00,0
117.000,117.000,40.00,10667
118.000,118.000,40.00,0
119.000,119.000,40.00,10439
120.000,120.000,40.00,10120
121.000,121.000,40.00,0
122.000,122.000,40.00,9865
123.000,123.000,40.00,0
124.000,124.000,40.00,11524
125.000,125.000,40.00,0
126.000,126.000,40.00,10149
127.000,127.000,40.00,0
128.000,128.000,40.00,3002
130.000,130.000,40.00,15931
131.000,131.000,40.00,0
132.000,132.000,40.00,181
133.000,133.000,40.00,0
134.000,134.000,40.00,10160
135.000,135.000,40.00,0
136.000,136.000,40.00,10398
137.000,137.000,40.00,0
138.000,138.000,40.00,10061
139.000,139.000,40.00,0
140.000,140.000,40.00,10026
141.000,141.000,40.00,0
142.000,142.000,40.00,10984
144.000,144.000,40.00,0
145.000,145.000,40.00,9984
146.000,146.000,40.00,39342
147.000,147.000,40.00,8
148.000,148.000,40.00,0
149.000,149.000,40.00,0
150.000,150.000,40.00,0
151.000,151.000,40.00,0
151.000,151.000,40.00,0
152.000,152.000,40.00,0
154.000,154.000,40.00,0
156.000,156.000,40.00,0
157.000,157.000,40.00,0
158.000,158.000,40.00,0
159.000,159.000,40.00,0
160.000,160.000,40.00,0
161.000,161.000,40.00,0
162.000,162.000,40.00,0
163.000,163.000,40.00,0
165.000,165.000,40.00,0
166.000,166.000,40.00,0
167.000,167.000,40.00,0
168.000,168.000,40.00,0
169.000,169.000,40.00,0
170.000,170.000,40.00,0
171.000,171.000,40.00,0
172.000,172.000,40.00,0
173.000,173.000,40.00,0
175.000,175.000,40.00,0
176.000,176.000,40.00,0
176.000,176.000,40.00,0
177.000,177.000,40.00,0
178.000,178.000,40.00,0
179.000,179.000,40.00,58
180.000,180.000,40.00,6
181.000,181.000,40.00,7
182.000,182.000,40.00,239
183.000,183.000,40.00,0
184.000,184.000,40.00,31
185.000,185.000,40.00,930
187.000,187.000,40.00,6119
188.000,188.000,40.00,7080
189.000,189.000,40.00,7701
190.000,190.000,40.00,7717
191.000,191.000,40.00,4477
192.000,192.000,40.00,2370
193.000,193.000,40.00,2195
194.000,194.000,40.00,2740
195.000,195.000,40.00,3022
196.000,196.000,40.00,5541
197.000,197.000,40.00,8856
198.000,198.000,40.00,9434
200.000,200.000,40.00,8547
201.000,201.000,40.00,7342
202.000,202.000,40.00,5522
203.000,203.000,40.00,5192
204.000,204.000,40.00,6836
205.000,205.000,40.00,6180
206.000,206.000,40.00,9697
207.000,207.000,40.00,9546
208.000,208.000,40.00,9207
209.000,209.000,40.00,8222
210.000,210.000,40.00,10088
211.000,211.000,40.00,8827
212.000,212.000,40.00,4580
214.000,214.000,40.00,2965
215.000,215.000,40.00,3414
216.000,216.000,40.00,2930
217.000,217.000,40.00,3006
218.000,218.000,40.00,2632
219.000,219.000,40.00,3302
220.000,220.000,40.00,2527
221.000,221.000,40.00,3241
222.000,222.000,40.00,2534
223.000,223.000,40.00,3075
224.000,224.000,40.00,1964
225.000,225.000,40.00,4295
227.000,227.000,40.00,4480
228.000,228.000,40.00,5110
229.000,229.000,40.00,6014
230.000,230.000,40.00,5057
231.000,231.000,40.00,4701
232.000,232.000,40.00,5122
233.000,233.000,40.00,4058
234.000,234.000,40.00,4669
235.000,235.000,40.00,4600
236.000,236.000,40.00,4078
237.000,237.000,40.00,5270
238.000,238.000,40.00,5152
239.000,239.000,40.00,4891
241.000,241.000,40.00,4018
242.000,242.000,40.00,4947
243.000,243.000,40.00,3194
244.000,244.000,40.00,5569
245.000,245.000,40.00,5747
246.000,246.000,40.00,5559
247.000,247.000,40.00,7744
248.000,248.000,40.00,8093
249.000,249.000,40.00,7003
250.000,250.000,40.00,7400
251.000,251.000,40.00,8207
252.000,252.000,40.00,7755
254.000,254.000,40.00,7466
255.000,255.000,40.00,7651
256.000,256.000,40.00,6693
257.000,257.000,40.00,6519
258.000,258.000,40.00,5178
259.000,259.000,40.00,5912
260.000,260.000,40.00,5468
261.000,261.000,40.00,6367
262.000,262.000,40.00,6519
263.000,263.000,40.00,7902
264.000,264.000,40.00,7341
265.000,265.000,40.00,7989
266.000,266.000,40.00,7326
268.000,268.000,40.00,9094
269.000,269.000,40.00,5012
270.000,270.000,40.00,7273
271.000,271.000,40.00,8085
272.000,272.000,40.00,9419
273.000,273.000,40.00,10254
274.000,274.000,40.00,11088
275.000,275.000,40.00,11828
276.000,276.000,40.00,11517
277.000,277.000,40.00,7860
278.000,278.000,40.00,8090
279.000,279.000,40.00,5318
281.000,281.000,40.00,5791
282.000,282.000,40.00,7034
283.000,283.000,40.00,6509
284.000,284.000,40.00,6285
285.000,285.000,40.00,6745
286.000,286.000,40.00,8125
287.000,287.000,40.00,7692
288.000,288.000,40.00,8867
289.000,289.000,40.00,7712
290.000,290.000,40.00,9677
291.000,291.000,40.00,7917
292.000,292.000,40.00,7707
294.000,294.000,40.00,7025
295.000,295.000,40.00,7622
296.000,296.000,40.00,8599
297.000,297.000,40.00,7547
298.000,298.000,40.00,6620
299.000,299.000,40.00,7184
300.000,300.000,40.00,6681
301.000,301.000,40.00,6239
302.000,302.000,40.00,4929
303.000,303.000,40.00,5444
304.000,304.000,40.00,5159
305.000,305.000,40.00,6775
306.000,306.000,40.00,7729
308.000,308.000,40.00,6356
309.000,309.000,40.00,8008
310.000,310.000,40.00,9140
311.000,311.000,40.00,9606
312.000,312.000,40.00,8250
313.000,313.000,40.00,8917
314.000,314.000,40.00,8183
315.000,315.000,40.00,6500
316.000,316.000,40.00,6077
317.000,317.000,40.00,8975
318.000,318.000,40.00,11327
319.000,319.000,40.00,11522
321.000,321.000,40.00,10705
322.000,322.000,40.00,9272
323.000,323.000,40.00,10138
324.000,324.000,40.00,10758
325.000,325.000,40.00,7624
326.000,326.000,40.00,4114
327.000,327.000,40.00,6718
328.000,328.000,40.00,6328
329.000,329.000,40.00,6814
330.000,330.000,40.00,8049
331.000,331.000,40.00,5885
332.000,332.000,40.00,6086
333.000,333.000,40.00,5952
335.000,335.000,40.00,6484
336.000,336.000,40.00,6343
337.000,337.000,40.00,7164
338.000,338.000,40.00,6554
339.000,339.000,40.00,4863
340.000,340.000,40.00,4515
341.000,341.000,40.00,6607
342.000,342.000,40.00,6536
343.000,343.000,40.00,6756
344.000,344.000,40.00,7322
345.000,345.000,40.00,6794
346.000,346.000,40.00,6904
348.000,348.000,40.00,7473
349.000,349.000,40.00,7753
350.000,350.000,40.00,7034
351.000,351.000,40.00,6956
352.000,352.000,40.00,8002
353.000,353.000,40.00,8187
354.000,354.000,40.00,6021
355.000,355.000,40.00,6712
356.000,356.000,40.00,8035
357.000,357.000,40.00,6230
358.000,358.000,40.00,4266
359.000,359.000,40.00,7649
361.000,361.000,40.00,6468
362.000,362.000,40.00,6131
363.000,363.000,40.00,7239
364.000,364.000,40.00,5087
365.000,365.000,40.00,6424
366.000,366.000,40.00,5641
367.000,367.000,40.00,7209
368.000,368.000,40.00,6766
369.000,369.000,40.00,6571
370.000,370.000,40.00,6014
371.000,371.000,40.00,6502
372.000,372.000,40.00,2412
373.000,373.000,40.00,6918
375.000,375.000,40.00,7174
376.000,376.000,40.00,6972
377.000,377.000,40.00,7063
378.000,378.000,40.00,9256
379.000,379.000,40.00,9957
380.000,380.000,40.00,6473
381.000,381.000,40.00,6258
382.000,382.000,40.00,6908
383.000,383.000,40.00,7434
384.000,384.000,40.00,7407
385.000,385.000,40.00,8015
386.000,386.000,40.00,8281
387.000,387.000,40.00,6258
389.000,389.000,40.00,7050
390.000,390.000,40.00,6599
391.000,391.000,40.00,8989
392.000,392.000,40.00,6062
393.000,393.000,40.00,2845
394.000,394.000,40.00,7268
395.000,395.000,40.00,7008
396.000,396.000,40.00,7746
397.000,397.000,40.00,8368
398.000,398.000,40.00,6061
399.000,399.000,40.00,7569
400.000,400.000,40.00,5334
402.000,402.000,40.00,6172
403.000,403.000,40.00,7031
404.000,404.000,40.00,10545
405.000,405.000,40.00,9451
406.000,406.000,40.00,9039
407.000,407.000,40.00,9407
408.000,408.000,40.00,8211
409.000,409.000,40.00,9560
410.000,410.000,40.00,9484
411.000,411.000,40.00,7368
412.000,412.000,40.00,5375
413.000,413.000,40.00,7879
415.000,415.000,40.00,7409
416.000,416.000,40.00,6477
417.000,417.000,40.00,6328
418.000,418.000,40.00,6766
419.000,419.000,40.00,6979
420.000,420.000,40.00,7455
421.000,421.000,40.00,5541
422.000,422.000,40.00,9695
423.000,423.000,40.00,9096
424.000,424.000,40.00,6426
425.000,425.000,40.00,7819
426.000,426.000,40.00,7098
427.000,427.000,40.00,6917
429.000,429.000,40.00,6860
430.000,430.000,40.00,5906
431.000,431.000,40.00,7784
432.000,432.000,40.00,5986
433.000,433.000,40.00,8569
434.000,434.000,40.00,6761
435.000,435.000,40.00,9793
436.000,436.000,40.00,9212
437.000,437.000,40.00,6640
438.000,438.000,40.00,8195
439.000,439.000,40.00,8887
440.000,440.000,40.00,8268
441.000,441.000,40.00,6198
443.000,443.000,40.00,5764
444.000,444.000,40.00,7363
445.000,445.000,40.00,6908
446.000,446.000,40.00,7106
447.000,447.000,40.00,6379
448.000,448.000,40.00,5993
449.000,449.000,40.00,7394
450.000,450.000,40.00,4411
451.000,451.000,40.00,7512
452.000,452.000,40.00,8558
453.000,453.000,40.00,6496
454.000,454.000,40.00,6323
455.000,455.000,40.00,7514
457.000,457.000,40.00,8601
458.000,458.000,40.00,10239
459.000,459.000,40.00,9451
460.000,460.000,40.00,9826
461.000,461.000,40.00,7229
462.000,462.000,40.00,4732
463.000,463.000,40.00,3894
464.000,464.000,40.00,23
465.000,465.000,40.00,131
466.000,466.000,40.00,1307
467.000,467.000,40.00,337
468.000,468.000,40.00,2480
470.000,470.000,40.00,4708
471.000,471.000,40.00,5926
472.000,472.000,40.00,4781
473.000,473.000,40.00,5195
474.000,474.000,40.00,4388
475.000,475.000,40.00,4152
476.000,476.000,40.00,3617
477.000,477.000,40.00,4503
478.000,478.000,40.00,1771
479.000,479.000,40.00,4049
480.000,480.000,40.00,4600
481.000,481.000,40.00,4438
482.000,482.000,40.00,4182
484.000,484.000,40.00,4263
485.000,485.000,40.00,4619
486.000,486.000,40.00,4404
487.000,487.000,40.00,4752
488.000,488.000,40.00,4580
489.000,489.000,40.00,3905
490.000,490.000,40.00,5268
491.000,491.000,40.00,5222
492.000,492.000,40.00,3927
493.000,493.000,40.00,4499
494.000,494.000,40.00,5380
495.000,495.000,40.00,5369
496.000,496.000,40.00,3993
498.000,498.000,40.00,3739
499.000,499.000,40.00,4728
500.000,500.000,40.00,4442
501.000,501.000,40.00,4386
502.000,502.000,40.00,4672
503.000,503.000,40.00,4052
504.000,504.000,40.00,4327
505.000,505.000,40.00,4268
506.000,506.000,40.00,4061
507.000,507.000,40.00,5271
508.000,508.000,40.00,4994
509.000,509.000,40.00,4991
510.000,510.000,40.00,4372
512.000,512.000,40.00,5062
513.000,513.000,40.00,4127
514.000,514.000,40.00,4655
515.000,515.000,40.00,5211
516.000,516.000,40.00,5431
517.000,517.000,40.00,4191
518.000,518.000,40.00,4635
519.000,519.000,40.00,5388
520.000,520.000,40.00,5026
521.000,521.000,40.00,4086
522.000,522.000,40.00,3985
523.000,523.000,40.00,4279
525.000,525.000,40.00,3377
526.000,526.000,40.00,3627
527.000,527.000,40.00,4333
528.000,528.000,40.00,4523
529.000,529.000,40.00,3961
530.000,530.000,40.00,4317
531.000,531.000,40.00,4963
532.000,532.000,40.00,4541
533.000,533.000,40.00,5410
534.000,534.000,40.00,5134
535.000,535.000,40.00,3928
536.000,536.000,40.00,4929
537.000,537.000,40.00,5140
539.000,539.000,40.00,4618
540.000,540.000,40.00,4654
541.000,541.000,40.00,4609
542.000,542.000,40.00,4045
543.000,543.000,40.00,5076
544.000,544.000,40.00,5133
545.000,545.000,40.00,5227
546.000,546.000,40.00,4019
547.000,547.000,40.00,4610
548.000,548.000,40.00,4208
549.000,549.000,40.00,4783
550.000,550.000,40.00,4351
551.000,551.000,40.00,4865
553.000,553.000,40.00,4516
554.000,554.000,40.00,3847
555.000,555.000,40.00,4264
556.000,556.000,40.00,4041
557.000,557.000,40.00,4904
558.000,558.000,40.00,4442
559.000,559.000,40.00,3546
560.000,560.000,40.00,3962
561.000,561.000,40.00,2825
562.000,562.000,40.00,3792
563.000,563.000,40.00,3826
564.000,564.000,40.00,4386
565.000,565.000,40.00,3056
567.000,567.000,40.00,3591
568.000,568.000,40.00,3952
569.000,569.000,40.00,3165
570.000,570.000,40.00,3295
571.000,571.000,40.00,1362
572.000,572.000,40.00,712
573.000,573.000,40.00,5728
574.000,574.000,40.00,6418
575.000,575.000,40.00,5169
576.000,576.000,40.00,8023
577.000,577.000,40.00,5802
578.000,578.000,40.00,7834
580.000,580.000,40.00,9658
581.000,581.000,40.00,6438
582.000,582.000,40.00,9531
583.000,583.000,40.00,2160
584.000,584.000,40.00,2434
585.000,585.000,40.00,3974
586.000,586.000,40.00,3668
587.000,587.000,40.00,4357
588.000,588.000,40.00,7451
589.000,589.000,40.00,8510
590.000,590.000,40.00,8405
591.000,591.000,40.00,9836
592.000,592.000,40.00,9911
594.000,594.000,40.00,10291
595.000,595.000,40.00,10574
596.000,596.000,40.00,10037
597.000,597.000,40.00,11713
598.000,598.000,40.00,12357
599.000,599.000,40.00,11978
600.000,600.000,40.00,10266
601.000,601.000,40.00,9943
602.000,602.000,40.00,9759
603.000,603.000,40.00,10505
604.000,604.000,40.00,10353
605.000,605.000,40.00,10412
607.000,607.000,40.00,11516
608.000,608.000,40.00,10505
609.000,609.000,40.00,10944
610.000,610.000,40.00,9178
611.000,611.000,40.00,9700
612.000,612.000,40.00,9273
613.000,613.000,40.00,7419
614.000,614.000,40.00,10455
615.000,615.000,40.00,10173
616.000,616.000,40.00,11201
617.000,617.000,40.00,9418
619.000,619.000,40.00,10966
620.000,620.000,40.00,6147
621.000,621.000,40.00,10810
622.000,622.000,40.00,2041
623.000,623.000,40.00,7177
624.000,624.000,40.00,8598
625.000,625.000,40.00,1231
626.000,626.000,40.00,1581
627.000,627.000,40.00,7757
628.000,628.000,40.00,5932
629.000,629.000,40.00,4628
630.000,630.000,40.00,4213
631.000,631.000,40.00,5185
633.000,633.000,40.00,4405
634.000,634.000,40.00,4726
635.000,635.000,40.00,7697
636.000,636.000,40.00,2075
637.000,637.000,40.00,9099
638.000,638.000,40.00,915
639.000,639.000,40.00,9103
640.000,640.000,40.00,2157
641.000,641.000,40.00,10377
642.000,642.000,40.00,3560
643.000,643.000,40.00,6053
644.000,644.000,40.00,2228
645.000,645.000,40.00,4649
647.000,647.000,40.00,7262
648.000,648.000,40.00,6101
649.000,649.000,40.00,5897
650.000,650.000,40.00,3555
651.000,651.000,40.00,7938
652.000,652.000,40.00,9319
653.000,653.000,40.00,2496
654.000,654.000,40.00,2666
655.000,655.000,40.00,8472
656.000,656.000,40.00,2784
657.000,657.000,40.00,5863
658.000,658.000,40.00,1547
660.000,660.000,40.00,3631
661.000,661.000,40.00,4995
662.000,662.000,40.00,6271
663.000,663.000,40.00,4907
664.000,664.000,40.00,4016
665.000,665.000,40.00,6120
666.000,666.000,40.00,5826
667.000,667.000,40.00,8038
668.000,668.000,40.00,6591
669.000,669.000,40.00,7205
670.000,670.000,40.00,6445
671.000,671.000,40.00,4517
672.000,672.000,40.00,2504
674.000,674.000,40.00,8820
675.000,675.000,40.00,7261
676.000,676.000,40.00,0
677.000,677.000,40.00,8030
678.000,678.000,40.00,2683
679.000,679.000,40.00,8661
680.000,680.000,40.00,757
681.000,681.000,40.00,6747
682.000,682.000,40.00,5781
683.000,683.000,40.00,8566
684.000,684.000,40.00,6886
685.000,685.000,40.00,2261
686.000,686.000,40.00,4083
688.000,688.000,40.00,7841
689.000,689.000,40.00,6376
690.000,690.000,40.00,2135
691.000,691.000,40.00,9007
692.000,692.000,40.00,275
693.000,693.000,40.00,9226
694.000,694.000,40.00,8389
695.000,695.000,40.00,3165
696.000,696.000,40.00,2838
697.000,697.000,40.00,7055
698.000,698.000,40.00,4140
699.000,699.000,40.00,5963
701.000,701.000,40.00,3872
702.000,702.000,40.00,5665
703.000,703.000,40.00,0
704.000,704.000,40.00,6990
705.000,705.000,40.00,6306
706.000,706.000,40.00,3420
707.000,707.000,40.00,6074
708.000,708.000,40.00,7890
709.000,709.000,40.00,6911
710.000,710.000,40.00,6387
711.000,711.000,40.00,4914
712.000,712.000,40.00,4439
713.000,713.000,40.00,5494
715.000,715.000,40.00,8459
716.000,716.000,40.00,2060
717.000,717.000,40.00,8278
718.000,718.000,40.00,1809
719.000,719.000,40.00,10573
720.000,720.000,40.00,632
721.000,721.000,40.00,7816
722.000,722.000,40.00,980
723.000,723.000,40.00,4092
724.000,724.000,40.00,10382
725.000,725.000,40.00,3791
726.000,726.000,40.00,4406
727.000,727.000,40.00,7193
729.000,729.000,40.00,8453
730.000,730.000,40.00,200
731.000,731.000,40.00,7327
732.000,732.000,40.00,2194
733.000,733.000,40.00,9478
734.000,734.000,40.00,1315
735.000,735.000,40.00,10035
736.000,736.000,40.00,3394
737.000,737.000,40.00,8033
738.000,738.000,40.00,4864
739.000,739.000,40.00,5555
740.000,740.000,40.00,4896
742.000,742.000,40.00,3733
743.000,743.000,40.00,8005
744.000,744.000,40.00,1002
745.000,745.000,40.00,7265
746.000,746.000,40.00,1537
747.000,747.000,40.00,8703
748.000,748.000,40.00,11
749.000,749.000,40.00,8275
750.000,750.000,40.00,7924
751.000,751.000,40.00,4977
752.000,752.000,40.00,4195
753.000,753.000,40.00,5496
755.000,755.000,40.00,5832
756.000,756.000,40.00,3730
757.000,757.000,40.00,2720
758.000,758.000,40.00,10655
759.000,759.000,40.00,5639
760.000,760.000,40.00,459
761.000,761.000,40.00,10428
762.000,762.000,40.00,1826
763.000,763.000,40.00,7235
764.000,764.000,40.00,3688
765.000,765.000,40.00,6969
766.000,766.000,40.00,5237
767.000,767.000,40.00,4973
769.000,769.000,40.00,4975
770.000,770.000,40.00,4359
771.000,771.000,40.00,6058
772.000,772.000,40.00,7837
773.000,773.000,40.00,6816
774.000,774.000,40.00,957
775.000,775.000,40.00,9398
776.000,776.000,40.00,953
777.000,777.000,40.00,8158
778.000,778.000,40.00,3117
779.000,779.000,40.00,6451
780.000,780.000,40.00,5658
782.000,782.000,40.00,3320
783.000,783.000,40.00,7757
784.000,784.000,40.00,2360
785.000,785.000,40.00,9702
786.000,786.000,40.00,88
787.000,787.000,40.00,9543
788.000,788.000,40.00,22
789.000,789.000,40.00,10123
790.000,790.000,40.00,0
791.000,791.000,40.00,4552
792.000,792.000,40.00,9840
793.000,793.000,40.00,4921
795.000,795.000,40.00,6472
796.000,796.000,40.00,2339
797.000,797.000,40.00,7137
798.000,798.000,40.00,4040
799.000,799.000,40.00,8798
800.000,800.000,40.00,8581
801.000,801.000,40.00,6007
802.000,802.000,40.00,1567
803.000,803.000,40.00,8489
804.000,804.000,40.00,1470
805.000,805.000,40.00,8939
806.000,806.000,40.00,0
807.000,807.000,40.00,5250
809.000,809.000,40.00,6553
810.000,810.000,40.00,6157
811.000,811.000,40.00,7259
812.000,812.000,40.00,1002
813.000,813.000,40.00,6284
814.000,814.000,40.00,2266
815.000,815.000,40.00,1881
816.000,816.000,40.00,8520
817.000,817.000,40.00,8351
818.000,818.000,40.00,0
819.000,819.000,40.00,4957
820.000,820.000,40.00,10010
822.000,822.000,40.00,4016
823.000,823.000,40.00,8600
824.000,824.000,40.00,276
825.000,825.000,40.00,9010
826.000,826.000,40.00,956
827.000,827.000,40.00,10830
828.000,828.000,40.00,11
829.000,829.000,40.00,8694
830.000,830.000,40.00,9418
831.000,831.000,40.00,4911
832.000,832.000,40.00,4507
833.000,833.000,40.00,5132
834.000,834.000,40.00,8217
836.000,836.000,40.00,1650
837.000,837.000,40.00,8321
838.000,838.000,40.00,1285
839.000,839.000,40.00,7797
840.000,840.000,40.00,2060
841.000,841.000,40.00,8530
842.000,842.000,40.00,1496
843.000,843.000,40.00,2399
844.000,844.000,40.00,10068
845.000,845.000,40.00,7152
846.000,846.000,40.00,4939
847.000,847.000,40.00,4519
849.000,849.000,40.00,6319
850.000,850.000,40.00,4080
851.000,851.000,40.00,5021
852.000,852.000,40.00,4685
853.000,853.000,40.00,0
854.000,854.000,40.00,7583
855.000,855.000,40.00,10241
856.000,856.000,40.00,7915
857.000,857.000,40.00,3990
858.000,858.000,40.00,2951
859.000,859.000,40.00,5485
860.000,860.000,40.00,6020
861.000,861.000,40.00,4812
863.000,863.000,40.00,6308
864.000,864.000,40.00,4184
865.000,865.000,40.00,6459
866.000,866.000,40.00,3821
867.000,867.000,40.00,0
868.000,868.000,40.00,9069
869.000,869.000,40.00,8163
870.000,870.000,40.00,1743
871.000,871.000,40.00,1210
872.000,872.000,40.00,6465
873.000,873.000,40.00,4479
874.000,874.000,40.00,4535
876.000,876.000,40.00,5335
877.000,877.000,40.00,8837
878.000,878.000,40.00,5390
879.000,879.000,40.00,11215
880.000,880.000,40.00,1418
881.000,881.000,40.00,5267
882.000,882.000,40.00,1156
883.000,883.000,40.00,9068
884.000,884.000,40.00,2305
885.000,885.000,40.00,7870
886.000,886.000,40.00,92
887.000,887.000,40.00,2993
888.000,888.000,40.00,4546
890.000,890.000,40.00,9546
891.000,891.000,40.00,7472
892.000,892.000,40.00,4990
893.000,893.000,40.00,0
894.000,894.000,40.00,7119
895.000,895.000,40.00,9561
896.000,896.000,40.00,1847
897.000,897.000,40.00,1644
898.000,898.000,40.00,8700
899.000,899.000,40.00,6557
900.000,900.000,40.00,8260
901.000,901.000,40.00,0
903.000,903.000,40.00,4758
904.000,904.000,40.00,5842
905.000,905.000,40.00,0
906.000,906.000,40.00,7398
907.000,907.000,40.00,7787
908.000,908.000,40.00,3863
909.000,909.000,40.00,19
910.000,910.000,40.00,7627
911.000,911.000,40.00,6268
912.000,912.000,40.00,5281
913.000,913.000,40.00,8817
914.000,914.000,40.00,7922
915.000,915.000,40.00,4359
917.000,917.000,40.00,4186
918.000,918.000,40.00,5826
919.000,919.000,40.00,0
920.000,920.000,40.00,8474
921.000,921.000,40.00,10851
922.000,922.000,40.00,1805
923.000,923.000,40.00,663
924.000,924.000,40.00,8735
925.000,925.000,40.00,7608
926.000,926.000,40.00,7714
927.000,927.000,40.00,4512
928.000,928.000,40.00,4187
930.000,930.000,40.00,5457
931.000,931.000,40.00,0
932.000,932.000,40.00,5949
933.000,933.000,40.00,10488
934.000,934.000,40.00,3567
935.000,935.000,40.00,0
936.000,936.000,40.00,7945
937.000,937.000,40.00,8825
938.000,938.000,40.00,7615
939.000,939.000,40.00,5390
940.000,940.000,40.00,2749
941.000,941.000,40.00,6626
942.000,942.000,40.00,0
944.000,944.000,40.00,5719
945.000,945.000,40.00,8233
946.000,946.000,40.00,2918
947.000,947.000,40.00,6467
948.000,948.000,40.00,3072
949.000,949.000,40.00,22
950.000,950.000,40.00,10245
951.000,951.000,40.00,4980
952.000,952.000,40.00,7338
953.000,953.000,40.00,6863
954.000,954.000,40.00,2418
955.000,955.000,40.00,8073
956.000,956.000,40.00,0
958.000,958.000,40.00,5279
959.000,959.000,40.00,11620
960.000,960.000,40.00,2509
961.000,961.000,40.00,9734
962.000,962.000,40.00,323
963.000,963.000,40.00,9548
964.000,964.000,40.00,263
965.000,965.000,40.00,8545
966.000,966.000,40.00,629
967.000,967.000,40.00,2972
968.000,968.000,40.00,11541
969.000,969.000,40.00,6139
971.000,971.000,40.00,11042
972.000,972.000,40.00,97
973.000,973.000,40.00,6701
974.000,974.000,40.00,1636
975.000,975.000,40.00,10358
976.000,976.000,40.00,0
977.000,977.000,40.00,6777
978.000,978.000,40.00,8859
979.000,979.000,40.00,4322
980.000,980.000,40.00,3831
981.000,981.000,40.00,277
982.000,982.000,40.00,5496
984.000,984.000,40.00,6827
985.000,985.000,40.00,4236
986.000,986.000,40.00,6049
987.000,987.000,40.00,0
988.000,988.000,40.00,8197
989.000,989.000,40.00,10828
990.000,990.000,40.00,1145
991.000,991.000,40.00,7172
992.000,992.000,40.00,3150
993.000,993.000,40.00,5282
994.000,994.000,40.00,5372
995.000,995.000,40.00,3525
996.000,996.000,40.00,6969
998.000,998.000,40.00,5146
999.000,999.000,40.00,8953
1000.000,1000.000,40.00,275
1001.000,1001.000,40.00,9482
1002.000,1002.000,40.00,156
1003.000,1003.000,40.00,8784
1004.000,1004.000,40.00,1718
1005.000,1005.000,40.00,10707
1006.000,1006.000,40.00,2187
1007.000,1007.000,40.00,7430
1008.000,1008.000,40.00,2829
1009.000,1009.000,40.00,7301
1010.000,1010.000,40.00,4938
1012.000,1012.000,40.00,5319
1013.000,1013.000,40.00,0
1014.000,1014.000,40.00,6434
1015.000,1015.000,40.00,8638
1016.000,1016.000,40.00,4602
1017.000,1017.000,40.00,0
1018.000,1018.000,40.00,10681
1019.000,1019.000,40.00,7676
1020.000,1020.000,40.00,3571
1021.000,1021.000,40.00,6450
1022.000,1022.000,40.00,2155
1023.000,1023.000,40.00,7056
1025.000,1025.000,40.00,0
1026.000,1026.000,40.00,3633
1027.000,1027.000,40.00,7708
1028.000,1028.000,40.00,8993
1029.000,1029.000,40.00,8846
1030.000,1030.000,40.00,2154
1031.000,1031.000,40.00,7847
1032.000,1032.000,40.00,1307
1033.000,1033.000,40.00,1090
1034.000,1034.000,40.00,10464
1035.000,1035.000,40.00,8172
1036.000,1036.000,40.00,0
1037.000,1037.000,40.00,2995
1039.000,1039.000,40.00,8607
1040.000,1040.000,40.00,4418
1041.000,1041.000,40.00,7963
1042.000,1042.000,40.00,3582
1043.000,1043.000,40.00,0
1044.000,1044.000,40.00,8573
1045.000,1045.000,40.00,7762
1046.000,1046.000,40.00,6451
1047.000,1047.000,40.00,7779
1048.000,1048.000,40.00,3568
1049.000,1049.000,40.00,6964
1050.000,1050.000,40.00,3875
1052.000,1052.000,40.00,6317
1053.000,1053.000,40.00,0
1054.000,1054.000,40.00,4537
1055.000,1055.000,40.00,8363
1056.000,1056.000,40.00,6822
1057.000,1057.000,40.00,5555
1058.000,1058.000,40.00,3833
1059.000,1059.000,40.00,0
1060.000,1060.000,40.00,8147
1061.000,1061.000,40.00,10222
1062.000,1062.000,40.00,8236
1063.000,1063.000,40.00,2913
1064.000,1064.000,40.00,6332
1066.000,1066.000,40.00,4897
1067.000,1067.000,40.00,0
1068.000,1068.000,40.00,5045
1069.000,1069.000,40.00,8130
1070.000,1070.000,40.00,5441
1071.000,1071.000,40.00,0
1072.000,1072.000,40.00,6331
1073.000,1073.000,40.00,10801
1074.000,1074.000,40.00,7016
1075.000,1075.000,40.00,6839
1076.000,1076.000,40.00,6050
1077.000,1077.000,40.00,3815
1079.000,1079.000,40.00,5705
1080.000,1080.000,40.00,3359
1081.000,1081.000,40.00,6193
1082.000,1082.000,40.00,3338
1083.000,1083.000,40.00,9204
1084.000,1084.000,40.00,1594
1085.000,1085.000,40.00,6486
1086.000,1086.000,40.00,3241
1087.000,1087.000,40.00,0
1088.000,1088.000,40.00,8371
1089.000,1089.000,40.00,6477
1090.000,1090.000,40.00,7829
1091.000,1091.000,40.00,7426
1093.000,1093.000,40.00,7413
1094.000,1094.000,40.00,4070
1095.000,1095.000,40.00,0
1096.000,1096.000,40.00,6608
1097.000,1097.000,40.00,5661
1098.000,1098.000,40.00,7919
1099.000,1099.000,40.00,6026
1100.000,1100.000,40.00,2932
1101.000,1101.000,40.00,0
1102.000,1102.000,40.00,8155
1103.000,1103.000,40.00,7620
1104.000,1104.000,40.00,7052
1105.000,1105.000,40.00,7238
1107.000,1107.000,40.00,4832
1108.000,1108.000,40.00,5568
1109.000,1109.000,40.00,0
1110.000,1110.000,40.00,5499
1111.000,1111.000,40.00,9072
1112.000,1112.000,40.00,8832
1113.000,1113.000,40.00,7342
1114.000,1114.000,40.00,711
1115.000,1115.000,40.00,634
1116.000,1116.000,40.00,7342
1117.000,1117.000,40.00,7320
1118.000,1118.000,40.00,3860
1120.000,1120.000,40.00,8229
1121.000,1121.000,40.00,0
1122.000,1122.000,40.00,4064
1123.000,1123.000,40.00,8718
1124.000,1124.000,40.00,9367
1125.000,1125.000,40.00,8349
1126.000,1126.000,40.00,3192
1127.000,1127.000,40.00,0
1128.000,1128.000,40.00,8181
1129.000,1129.000,40.00,8095
1130.000,1130.000,40.00,1281
1131.000,1131.000,40.00,2130
1133.000,1133.000,40.00,8444
1134.000,1134.000,40.00,6467
1135.000,1135.000,40.00,0
1136.000,1136.000,40.00,2053
1137.000,1137.000,40.00,8797
1138.000,1138.000,40.00,5369
1139.000,1139.000,40.00,6112
1140.000,1140.000,40.00,2225
1141.000,1141.000,40.00,0
1142.000,1142.000,40.00,8013
1143.000,1143.000,40.00,9927
1144.000,1144.000,40.00,8651
1145.000,1145.000,40.00,7970
1147.000,1147.000,40.00,0
1148.000,1148.000,40.00,3752
1149.000,1149.000,40.00,8774
1150.000,1150.000,40.00,6936
1151.000,1151.000,40.00,0
1152.000,1152.000,40.00,6862
1153.000,1153.000,40.00,10371
1154.000,1154.000,40.00,3337
1155.000,1155.000,40.00,0
1156.000,1156.000,40.00,8420
1157.000,1157.000,40.00,8417
1158.000,1158.000,40.00,6668
1159.000,1159.000,40.00,4851
1161.000,1161.000,40.00,4156
1162.000,1162.000,40.00,5830
1163.000,1163.000,40.00,0
1164.000,1164.000,40.00,4882
1165.000,1165.000,40.00,8978
1166.000,1166.000,40.00,7294
1167.000,1167.000,40.00,9068
1168.000,1168.000,40.00,889
1169.000,1169.000,40.00,8226
1170.000,1170.000,40.00,3383
1171.000,1171.000,40.00,6746
1172.000,1172.000,40.00,3212
1174.000,1174.000,40.00,7245
1175.000,1175.000,40.00,0
1176.000,1176.000,40.00,4435
1177.000,1177.000,40.00,10060
1178.000,1178.000,40.00,1058
1179.000,1179.000,40.00,8121
1180.000,1180.000,40.00,5551
1181.000,1181.000,40.00,0
1182.000,1182.000,40.00,7956
1183.000,1183.000,40.00,9338
1184.000,1184.000,40.00,7759
1185.000,1185.000,40.00,5464
1186.000,1186.000,40.00,2565
1188.000,1188.000,40.00,6756
1189.000,1189.000,40.00,0
1190.000,1190.000,40.00,4092
1191.000,1191.000,40.00,10245
1192.000,1192.000,40.00,7003
1193.000,1193.000,40.00,9231
1194.000,1194.000,40.00,1581
1195.000,1195.000,40.00,8457
1196.000,1196.000,40.00,0
1197.000,1197.000,40.00,0
1198.000,1198.000,40.00,9679
1199.000,1199.000,40.00,8074
1200.000,1200.000,40.00,8288
1202.000,1202.000,40.00,6043
1203.000,1203.000,40.00,7005
1204.000,1204.000,40.00,3183
1205.000,1205.000,40.00,0
1206.000,1206.000,40.00,5918
1207.000,1207.000,40.00,9395
1208.000,1208.000,40.00,4095
1209.000,1209.000,40.00,0
1210.000,1210.000,40.00,9243
1211.000,1211.000,40.00,7911
1212.000,1212.000,40.00,0
1213.000,1213.000,40.00,0
1215.000,1215.000,40.00,0
1216.000,1216.000,40.00,0
1217.000,1217.000,40.00,0
1218.000,1218.000,40.00,0
1219.000,1219.000,40.00,0
1220.000,1220.000,40.00,596
1221.000,1221.000,40.00,8270
1222.000,1222.000,40.00,4520
1223.000,1223.000,40.00,3217
1224.000,1224.000,40.00,3107
1225.000,1225.000,40.00,2479
1227.000,1227.000,40.00,2350
1228.000,1228.000,40.00,502
1229.000,1229.000,40.00,1053
1230.000,1230.000,40.00,626
1231.000,1231.000,40.00,850
1232.000,1232.000,40.00,1779
1233.000,1233.000,40.00,1117
1234.000,1234.000,40.00,1122
1235.000,1235.000,40.00,2189
1236.000,1236.000,40.00,1364
1237.000,1237.000,40.00,2327
1238.000,1238.000,40.00,1594
1240.000,1240.000,40.00,782
1241.000,1241.000,40.00,1732
1242.000,1242.000,40.00,1464
1243.000,1243.000,40.00,651
1244.000,1244.000,40.00,2478
1245.000,1245.000,40.00,2716
1246.000,1246.000,40.00,2439
1247.000,1247.000,40.00,313
1248.000,1248.000,40.00,3733
1249.000,1249.000,40.00,7392
1250.000,1250.000,40.00,6746
1251.000,1251.000,40.00,5914
1253.000,1253.000,40.00,5839
1254.000,1254.000,40.00,2269
1255.000,1255.000,40.00,2491
1256.000,1256.000,40.00,1017
1257.000,1257.000,40.00,559
1258.000,1258.000,40.00,1799
1259.000,1259.000,40.00,1755
1260.000,1260.000,40.00,1466
1261.000,1261.000,40.00,7907
1262.000,1262.000,40.00,10415
1263.000,1263.000,40.00,9975
1264.000,1264.000,40.00,1474
1266.000,1266.000,40.00,1335
1267.000,1267.000,40.00,2504
1268.000,1268.000,40.00,1122
1269.000,1269.000,40.00,2068
1270.000,1270.000,40.00,1117
1271.000,1271.000,40.00,1173
1272.000,1272.000,40.00,1453
1273.000,1273.000,40.00,1847
1274.000,1274.000,40.00,592
1275.000,1275.000,40.00,3280
1276.000,1276.000,40.00,2169
1277.000,1277.000,40.00,1988
1278.000,1278.000,40.00,2399
1280.000,1280.000,40.00,1723
1281.000,1281.000,40.00,1923
1282.000,1282.000,40.00,807
1283.000,1283.000,40.00,1808
1284.000,1284.000,40.00,2396
1285.000,1285.000,40.00,1177
1286.000,1286.000,40.00,3876
1287.000,1287.000,40.00,0
1288.000,1288.000,40.00,8
1289.000,1289.000,40.00,0
1290.000,1290.000,40.00,0
1291.000,1291.000,40.00,2
1293.000,1293.000,40.00,2
1294.000,1294.000,40.00,326
1295.000,1295.000,40.00,2870
1296.000,1296.000,40.00,2367
1297.000,1297.000,40.00,3453
1298.000,1298.000,40.00,1129
1299.000,1299.000,40.00,872
1300.000,1300.000,40.00,3362
1301.000,1301.000,40.00,1494
1302.000,1302.000,40.00,625
1303.000,1303.000,40.00,346
1304.000,1304.000,40.00,1607
1306.000,1306.000,40.00,1729
1307.000,1307.000,40.00,1665
1308.000,1308.000,40.00,550
1309.000,1309.000,40.00,0
1310.000,1310.000,40.00,491
1311.000,1311.000,40.00,431
1312.000,1312.000,40.00,351
1313.000,1313.000,40.00,360
1314.000,1314.000,40.00,544
1315.000,1315.000,40.00,1688
1316.000,1316.000,40.00,755
1317.000,1317.000,40.00,2273
1319.000,1319.000,40.00,2308
1320.000,1320.000,40.00,1510
1321.000,1321.000,40.00,1800
1322.000,1322.000,40.00,1027
1323.000,1323.000,40.00,2483
1324.000,1324.000,40.00,1824
1325.000,1325.000,40.00,5158
1326.000,1326.000,40.00,4224
1327.000,1327.000,40.00,8479
1328.000,1328.000,40.00,8069
1329.000,1329.000,40.00,8106
1330.000,1330.000,40.00,6784
1332.000,1332.000,40.00,8551
1333.000,1333.000,40.00,9994
1334.000,1334.000,40.00,6372
1335.000,1335.000,40.00,5906
1336.000,1336.000,40.00,4177
1337.000,1337.000,40.00,5072
1338.000,1338.000,40.00,3701
1339.000,1339.000,40.00,5087
1340.000,1340.000,40.00,3211
1341.000,1341.000,40.00,5455
1342.000,1342.000,40.00,8172
1343.000,1343.000,40.00,6936
1345.000,1345.000,40.00,7832
1346.000,1346.000,40.00,7680
1347.000,1347.000,40.00,9157
1348.000,1348.000,40.00,4038
1349.000,1349.000,40.00,3617
1350.000,1350.000,40.00,8415
1351.000,1351.000,40.00,1630
1352.000,1352.000,40.00,5778
1353.000,1353.000,40.00,3633
1354.000,1354.000,40.00,7587
1355.000,1355.000,40.00,7444
1356.000,1356.000,40.00,8629
1357.000,1357.000,40.00,6272
1359.000,1359.000,40.00,1148
1360.000,1360.000,40.00,2599
1361.000,1361.000,40.00,7312
1362.000,1362.000,40.00,6739
1363.000,1363.000,40.00,9364
1364.000,1364.000,40.00,11244
1365.000,1365.000,40.00,5223
1366.000,1366.000,40.00,7304
1367.000,1367.000,40.00,9506
1368.000,1368.000,40.00,9546
1369.000,1369.000,40.00,1740
1370.000,1370.000,40.00,1470
1371.000,1371.000,40.00,3080
1373.000,1373.000,40.00,2753
1374.000,1374.000,40.00,3276
1375.000,1375.000,40.00,1929
1376.000,1376.000,40.00,3751
1377.000,1377.000,40.00,1914
1378.000,1378.000,40.00,1893
1379.000,1379.000,40.00,618
1380.000,1380.000,40.00,421
1381.000,1381.000,40.00,1899
1382.000,1382.000,40.00,1575
1383.000,1383.000,40.00,1663
1384.000,1384.000,40.00,1522
1386.000,1386.000,40.00,1107
1387.000,1387.000,40.00,1741
1388.000,1388.000,40.00,2380
1389.000,1389.000,40.00,1698
1390.000,1390.000,40.00,1856
1391.000,1391.000,40.00,1741
1392.000,1392.000,40.00,1542
1393.000,1393.000,40.00,2077
1394.000,1394.000,40.00,4056
1395.000,1395.000,40.00,3896
1396.000,1396.000,40.00,4925
1397.000,1397.000,40.00,6839
1398.000,1398.000,40.00,6562
1400.000,1400.000,40.00,7464
1401.000,1401.000,40.00,7259
1402.000,1402.000,40.00,7508
1403.000,1403.000,40.00,1419
1404.000,1404.000,40.00,872
1405.000,1405.000,40.00,581
1406.000,1406.000,40.00,1096
1407.000,1407.000,40.00,2781
1408.000,1408.000,40.00,2290
1409.000,1409.000,40.00,715
1410.000,1410.000,40.00,983
1411.000,1411.000,40.00,1788
1413.000,1413.000,40.00,1357
1414.000,1414.000,40.00,1617
1415.000,1415.000,40.00,2836
1416.000,1416.000,40.00,2579
1417.000,1417.000,40.00,2528
1418.000,1418.000,40.00,2645
1419.000,1419.000,40.00,1944
1420.000,1420.000,40.00,645
1421.000,1421.000,40.00,2086
1422.000,1422.000,40.00,1174
1423.000,1423.000,40.00,1807
1424.000,1424.000,40.00,2506
1425.000,1425.000,40.00,1256
1427.000,1427.000,40.00,1
1428.000,1428.000,40.00,0
1429.000,1429.000,40.00,30
1430.000,1430.000,40.00,1371
1431.000,1431.000,40.00,2256
1432.000,1432.000,40.00,1487
1433.000,1433.000,40.00,276
1434.000,1434.000,40.00,2126
1435.000,1435.000,40.00,2091
1436.000,1436.000,40.00,1374
1437.000,1437.000,40.00,2148
1438.000,1438.000,40.00,2126
1439.000,1439.000,40.00,578
1441.000,1441.000,40.00,2313
1442.000,1442.000,40.00,1329
1443.000,1443.000,40.00,1289
1444.000,1444.000,40.00,749
1445.000,1445.000,40.00,492
1446.000,1446.000,40.00,1028
1447.000,1447.000,40.00,1597
1448.000,1448.000,40.00,1637
1449.000,1449.000,40.00,2409
1450.000,1450.000,40.00,1948
1451.000,1451.000,40.00,1633
1452.000,1452.000,40.00,1713
1453.000,1453.000,40.00,1271
1455.000,1455.000,40.00,1187
1456.000,1456.000,40.00,1841
1457.000,1457.000,40.00,1691
1458.000,1458.000,40.00,2717
1459.000,1459.000,40.00,2468
1460.000,1460.000,40.00,2465
1461.000,1461.000,40.00,1628
1462.000,1462.000,40.00,2114
1463.000,1463.000,40.00,3406
1464.000,1464.000,40.00,1852
1465.000,1465.000,40.00,1545
1466.000,1466.000,40.00,2782
1467.000,1467.000,40.00,490
1469.000,1469.000,40.00,1733
1470.000,1470.000,40.00,1287
1471.000,1471.000,40.00,1252
1472.000,1472.000,40.00,1123
1473.000,1473.000,40.00,1185
1474.000,1474.000,40.00,1309
1475.000,1475.000,40.00,961
1476.000,1476.000,40.00,1954
1477.000,1477.000,40.00,2296
1478.000,1478.000,40.00,0
1479.000,1479.000,40.00,919
1480.000,1480.000,40.00,2733
1481.000,1481.000,40.00,1980
1483.000,1483.000,40.00,2440
1484.000,1484.000,40.00,2336
1485.000,1485.000,40.00,1718
1486.000,1486.000,40.00,1882
1487.000,1487.000,40.00,2191
1488.000,1488.000,40.00,2341
1489.000,1489.000,40.00,1982
1490.000,1490.000,40.00,2221
1491.000,1491.000,40.00,2364
1492.000,1492.000,40.00,2380
1493.000,1493.000,40.00,2323
1494.000,1494.000,40.00,3637
1496.000,1496.000,40.00,3383
1497.000,1497.000,40.00,2533
1498.000,1498.000,40.00,2316
1499.000,1499.000,40.00,234
1500.000,1500.000,40.00,268
1501.000,1501.000,40.00,1519
1502.000,1502.000,40.00,1053
1503.000,1503.000,40.00,1139
1504.000,1504.000,40.00,1070
1505.000,1505.000,40.00,362
1506.000,1506.000,40.00,1684
1507.000,1507.000,40.00,2058
1508.000,1508.000,40.00,2211
1509.000,1509.000,40.00,834
1511.000,1511.000,40.00,1720
1512.000,1512.000,40.00,1163
1513.000,1513.000,40.00,112
1514.000,1514.000,40.00,2101
1515.000,1515.000,40.00,2269
1516.000,1516.000,40.00,926
1517.000,1517.000,40.00,2400
1518.000,1518.000,40.00,782
1519.000,1519.000,40.00,1339
1520.000,1520.000,40.00,5282
1521.000,1521.000,40.00,6262
1522.000,1522.000,40.00,6179
1523.000,1523.000,40.00,1083
1525.000,1525.000,40.00,7026
1526.000,1526.000,40.00,7506
1527.000,1527.000,40.00,7861
1528.000,1528.000,40.00,7420
1529.000,1529.000,40.00,4241
1530.000,1530.000,40.00,2556
1531.000,1531.000,40.00,2786
1532.000,1532.000,40.00,2311
1533.000,1533.000,40.00,984
1534.000,1534.000,40.00,5839
1535.000,1535.000,40.00,2096
1536.000,1536.000,40.00,134
1537.000,1537.000,40.00,2215
1539.000,1539.000,40.00,3442
1540.000,1540.000,40.00,391
1541.000,1541.000,40.00,3438
1542.000,1542.000,40.00,2969
1543.000,1543.000,40.00,3417
1544.000,1544.000,40.00,1037
1545.000,1545.000,40.00,4959
1546.000,1546.000,40.00,5452
1547.000,1547.000,40.00,2101
1548.000,1548.000,40.00,4446
1549.000,1549.000,40.00,6597
1550.000,1550.000,40.00,7621
1552.000,1552.000,40.00,8414
1553.000,1553.000,40.00,5588
1554.000,1554.000,40.00,7507
1555.000,1555.000,40.00,7321
1556.000,1556.000,40.00,3937
1557.000,1557.000,40.00,6163
1558.000,1558.000,40.00,3044
1559.000,1559.000,40.00,5766
1560.000,1560.000,40.00,9403
1561.000,1561.000,40.00,3533
1562.000,1562.000,40.00,10127
1563.000,1563.000,40.00,6774
1564.000,1564.000,40.00,7272
1566.000,1566.000,40.00,6789
1567.000,1567.000,40.00,6704
1568.000,1568.000,40.00,6977
1569.000,1569.000,40.00,6733
1570.000,1570.000,40.00,7065
1571.000,1571.000,40.00,4279
1572.000,1572.000,40.00,7769
1573.000,1573.000,40.00,8504
1574.000,1574.000,40.00,7073
1575.000,1575.000,40.00,6407
1576.000,1576.000,40.00,8369
1577.000,1577.000,40.00,7962
1578.000,1578.000,40.00,6112
1580.000,1580.000,40.00,6550
1581.000,1581.000,40.00,6025
1582.000,1582.000,40.00,5294
1583.000,1583.000,40.00,5844
1584.000,1584.000,40.00,7956
1585.000,1585.000,40.00,10021
1586.000,1586.000,40.00,9093
1587.000,1587.000,40.00,9057
1588.000,1588.000,40.00,8168
1589.000,1589.000,40.00,8803
1590.000,1590.000,40.00,8767
1591.000,1591.000,40.00,8965
1593.000,1593.000,40.00,8566
1594.000,1594.000,40.00,8628
1595.000,1595.000,40.00,7283
1596.000,1596.000,40.00,8170
1597.000,1597.000,40.00,5975
1598.000,1598.000,40.00,2960
1599.000,1599.000,40.00,6661
1600.000,1600.000,40.00,2803
1601.000,1601.000,40.00,2106
1602.000,1602.000,40.00,1037
1603.000,1603.000,40.00,2828
1604.000,1604.000,40.00,2379
1605.000,1605.000,40.00,738
1607.000,1607.000,40.00,1587
1608.000,1608.000,40.00,1542
1609.000,1609.000,40.00,1854
1610.000,1610.000,40.00,1586
1611.000,1611.000,40.00,2123
1612.000,1612.000,40.00,1618
1613.000,1613.000,40.00,1717
1614.000,1614.000,40.00,2077
1615.000,1615.000,40.00,1718
1616.000,1616.000,40.00,1990
1617.000,1617.000,40.00,2632
1618.000,1618.000,40.00,1799
1619.000,1619.000,40.00,3178
1621.000,1621.000,40.00,3058
1622.000,1622.000,40.00,2402
1623.000,1623.000,40.00,1609
1624.000,1624.000,40.00,2742
1625.000,1625.000,40.00,2766
1626.000,1626.000,40.00,1288
1627.000,1627.000,40.00,1596
1628.000,1628.000,40.00,6383
1629.000,1629.000,40.00,7569
1630.000,1630.000,40.00,7514
1631.000,1631.000,40.00,6862
1632.000,1632.000,40.00,4807
1634.000,1634.000,40.00,7807
1635.000,1635.000,40.00,7421
1636.000,1636.000,40.00,8643
1637.000,1637.000,40.00,7639
1638.000,1638.000,40.00,8568
1639.000,1639.000,40.00,6944
1640.000,1640.000,40.00,3301
1641.000,1641.000,40.00,3589
1642.000,1642.000,40.00,1087
1643.000,1643.000,40.00,2724
1644.000,1644.000,40.00,2665
1645.000,1645.000,40.00,11
1646.000,1646.000,40.00,917
1648.000,1648.000,40.00,563
1649.000,1649.000,40.00,951
1650.000,1650.000,40.00,1759
1651.000,1651.000,40.00,2346
1652.000,1652.000,40.00,3578
1653.000,1653.000,40.00,4701
1654.000,1654.000,40.00,6172
1655.000,1655.000,40.00,8046
1656.000,1656.000,40.00,7058
1657.000,1657.000,40.00,3812
1658.000,1658.000,40.00,0
1659.000,1659.000,40.00,0
1660.000,1660.000,40.00,0
1662.000,1662.000,40.00,4780
1663.000,1663.000,40.00,5185
1664.000,1664.000,40.00,3556
1665.000,1665.000,40.00,3332
1666.000,1666.000,40.00,1589
1667.000,1667.000,40.00,1702
1668.000,1668.000,40.00,1457
1669.000,1669.000,40.00,884
1670.000,1670.000,40.00,894
1671.000,1671.000,40.00,435
1672.000,1672.000,40.00,2000
1673.000,1673.000,40.00,2786
1675.000,1675.000,40.00,2607
1676.000,1676.000,40.00,3175
1677.000,1677.000,40.00,1362
1678.000,1678.000,40.00,1049
1679.000,1679.000,40.00,225
1680.000,1680.000,40.00,1655
1681.000,1681.000,40.00,1207
1682.000,1682.000,40.00,693
1683.000,1683.000,40.00,1174
1684.000,1684.000,40.00,1665
1685.000,1685.000,40.00,2034
1686.000,1686.000,40.00,2825
1687.000,1687.000,40.00,3162
1688.000,1688.000,40.00,2852
1690.000,1690.000,40.00,3305
1691.000,1691.000,40.00,3396
1692.000,1692.000,40.00,1498
1693.000,1693.000,40.00,860
1694.000,1694.000,40.00,581
1695.000,1695.000,40.00,3265
1696.000,1696.000,40.00,2674
1697.000,1697.000,40.00,2214
1698.000,1698.000,40.00,23
1699.000,1699.000,40.00,403
1700.000,1700.000,40.00,327
1701.000,1701.000,40.00,1
1702.000,1702.000,40.00,0
1704.000,1704.000,40.00,459
1705.000,1705.000,40.00,1293
1706.000,1706.000,40.00,352
1707.000,1707.000,40.00,0
1708.000,1708.000,40.00,0
1709.000,1709.000,40.00,281
1710.000,1710.000,40.00,0
1711.000,1711.000,40.00,0
1712.000,1712.000,40.00,1
1713.000,1713.000,40.00,158
1714.000,1714.000,40.00,3
1715.000,1715.000,40.00,1
1716.000,1716.000,40.00,7
1718.000,1718.000,40.00,15
1719.000,1719.000,40.00,1852
1720.000,1720.000,40.00,65
1721.000,1721.000,40.00,507
1722.000,1722.000,40.00,551
1723.000,1723.000,40.00,1547
1724.000,1724.000,40.00,2547
1725.000,1725.000,40.00,68
1726.000,1726.000,40.00,1687
1727.000,1727.000,40.00,1836
1728.000,1728.000,40.00,1547
1729.000,1729.000,40.00,1772
1730.000,1730.000,40.00,2300
1732.000,1732.000,40.00,2894
1733.000,1733.000,40.00,1473
1734.000,1734.000,40.00,1376
1735.000,1735.000,40.00,2962
1736.000,1736.000,40.00,3441
1737.000,1737.000,40.00,1585
1738.000,1738.000,40.00,3489
1739.000,1739.000,40.00,3390
1740.000,1740.000,40.00,2594
1741.000,1741.000,40.00,2786
1742.000,1742.000,40.00,2187
1743.000,1743.000,40.00,7534
1744.000,1744.000,40.00,6252
1746.000,1746.000,40.00,5071
1747.000,1747.000,40.00,6795
1748.000,1748.000,40.00,4131
1749.000,1749.000,40.00,6001
1750.000,1750.000,40.00,8342
1751.000,1751.000,40.00,10807
1752.000,1752.000,40.00,5636
1753.000,1753.000,40.00,9443
1754.000,1754.000,40.00,8308
1755.000,1755.000,40.00,10068
1756.000,1756.000,40.00,9873
1757.000,1757.000,40.00,8758
1759.000,1759.000,40.00,8103
1760.000,1760.000,40.00,7832
1761.000,1761.000,40.00,8037
1762.000,1762.000,40.00,6899
1763.000,1763.000,40.00,6810
1764.000,1764.000,40.00,4486
1765.000,1765.000,40.00,8748
1766.000,1766.000,40.00,8254
1767.000,1767.000,40.00,8807
1768.000,1768.000,40.00,8415
1769.000,1769.000,40.00,8303
1770.000,1770.000,40.00,8918
1771.000,1771.000,40.00,8148
1773.000,1773.000,40.00,7369
1774.000,1774.000,40.00,9307
1775.000,1775.000,40.00,9901
1776.000,1776.000,40.00,5598
1777.000,1777.000,40.00,5855
1778.000,1778.000,40.00,2407
1779.000,1779.000,40.00,6040
1780.000,1780.000,40.00,7720
1781.000,1781.000,40.00,7928
1782.000,1782.000,40.00,4554
1783.000,1783.000,40.00,9100
1784.000,1784.000,40.00,8942
1786.000,1786.000,40.00,6840
1787.000,1787.000,40.00,4440
1788.000,1788.000,40.00,2970
1789.000,1789.000,40.00,2526
1790.000,1790.000,40.00,111
1791.000,1791.000,40.00,1697
1792.000,1792.000,40.00,2242
1793.000,1793.000,40.00,2938
1794.000,1794.000,40.00,2099
1795.000,1795.000,40.00,2728
1796.000,1796.000,40.00,715
1797.000,1797.000,40.00,1190
1799.000,1799.000,40.00,1196
1800.000,1800.000,40.00,574
1801.000,1801.000,40.00,1673
1802.000,1802.000,40.00,2781
1803.000,1803.000,40.00,2032
1804.000,1804.000,40.00,2187
1805.000,1805.000,40.00,4695
1806.000,1806.000,40.00,5826
1807.000,1807.000,40.00,4030
1808.000,1808.000,40.00,276
1809.000,1809.000,40.00,0
1810.000,1810.000,40.00,0
1811.000,1811.000,40.00,0
1812.000,1812.000,40.00,0
1814.000,1814.000,40.00,0
1815.000,1815.000,40.00,4506
1816.000,1816.000,40.00,6979
1817.000,1817.000,40.00,8262
1818.000,1818.000,40.00,4800
1819.000,1819.000,40.00,5471
1820.000,1820.000,40.00,8066
1821.000,1821.000,40.00,6827
1822.000,1822.000,40.00,3010
1823.000,1823.000,40.00,2419
1824.000,1824.000,40.00,2450
1825.000,1825.000,40.00,7590
1827.000,1827.000,40.00,4258
1828.000,1828.000,40.00,1560
1829.000,1829.000,40.00,3525
1830.000,1830.000,40.00,3073
1831.000,1831.000,40.00,2478
1832.000,1832.000,40.00,5538
1833.000,1833.000,40.00,7540
1834.000,1834.000,40.00,8112
1835.000,1835.000,40.00,7550
1836.000,1836.000,40.00,6443
1837.000,1837.000,40.00,6062
1838.000,1838.000,40.00,5311
1839.000,1839.000,40.00,6218
1841.000,1841.000,40.00,8312
1842.000,1842.000,40.00,2781
1843.000,1843.000,40.00,1014
1844.000,1844.000,40.00,3955
1845.000,1845.000,40.00,4768
1846.000,1846.000,40.00,5567
1847.000,1847.000,40.00,4376
1848.000,1848.000,40.00,3329
1849.000,1849.000,40.00,3152
1850.000,1850.000,40.00,6351
1851.000,1851.000,40.00,3912
1852.000,1852.000,40.00,3757
1854.000,1854.000,40.00,5416
1855.000,1855.000,40.00,6436
1856.000,1856.000,40.00,5421
1857.000,1857.000,40.00,5716
1858.000,1858.000,40.00,7461
1859.000,1859.000,40.00,8412
1860.000,1860.000,40.00,7407
1861.000,1861.000,40.00,8647
1862.000,1862.000,40.00,3439
1863.000,1863.000,40.00,8529
1864.000,1864.000,40.00,7449
1865.000,1865.000,40.00,7485
1866.000,1866.000,40.00,6357
1868.000,1868.000,40.00,7284
1869.000,1869.000,40.00,8656
1870.000,1870.000,40.00,8419
1871.000,1871.000,40.00,6090
1872.000,1872.000,40.00,5946
1873.000,1873.000,40.00,7434
1874.000,1874.000,40.00,8973
1875.000,1875.000,40.00,9409
1876.000,1876.000,40.00,9680
1877.000,1877.000,40.00,9006
1878.000,1878.000,40.00,8805
1879.000,1879.000,40.00,11312
1881.000,1881.000,40.00,8268
1882.000,1882.000,40.00,7695
1883.000,1883.000,40.00,6290
1884.000,1884.000,40.00,1352
1885.000,1885.000,40.00,1394
1886.000,1886.000,40.00,1037
1887.000,1887.000,40.00,0
1888.000,1888.000,40.00,0
1889.000,1889.000,40.00,0
1890.000,1890.000,40.00,0
1891.000,1891.000,40.00,0
1892.000,1892.000,40.00,0
1893.000,1893.000,40.00,0
1895.000,1895.000,40.00,0
1896.000,1896.000,40.00,500
1897.000,1897.000,40.00,1206
1898.000,1898.000,40.00,592
1899.000,1899.000,40.00,0
1900.000,1900.000,40.00,0
1901.000,1901.000,40.00,0
1902.000,1902.000,40.00,0
1903.000,1903.000,40.00,0
1904.000,1904.000,40.00,0
1905.000,1905.000,40.00,0
1906.000,1906.000,40.00,0
1908.000,1908.000,40.00,0
1909.000,1909.000,40.00,0
1910.000,1910.000,40.00,0
1911.000,1911.000,40.00,0
1912.000,1912.000,40.00,0
1913.000,1913.000,40.00,0
1914.000,1914.000,40.00,0
1915.000,1915.000,40.00,0
1916.000,1916.000,40.00,108
1917.000,1917.000,40.00,6891
1918.000,1918.000,40.00,6792
1919.000,1919.000,40.00,9924
1921.000,1921.000,40.00,11524
1922.000,1922.000,40.00,11247
1923.000,1923.000,40.00,6157
1924.000,1924.000,40.00,6395
1925.000,1925.000,40.00,10050
1926.000,1926.000,40.00,11513
1927.000,1927.000,40.00,10797
1928.000,1928.000,40.00,9232
1929.000,1929.000,40.00,8871
1930.000,1930.000,40.00,3219
1931.000,1931.000,40.00,5963
1932.000,1932.000,40.00,5939
1933.000,1933.000,40.00,7809
1935.000,1935.000,40.00,9636
1936.000,1936.000,40.00,10930
1937.000,1937.000,40.00,11427
1938.000,1938.000,40.00,9573
1939.000,1939.000,40.00,9109
1940.000,1940.000,40.00,9578
1941.000,1941.000,40.00,8018
1942.000,1942.000,40.00,12365
1943.000,1943.000,40.00,9215
1944.000,1944.000,40.00,9582
1945.000,1945.000,40.00,9693
1946.000,1946.000,40.00,9745
1947.000,1947.000,40.00,9397
1949.000,1949.000,40.00,7924
1950.000,1950.000,40.00,6002
1951.000,1951.000,40.00,8765
1952.000,1952.000,40.00,6375
1953.000,1953.000,40.00,7561
1954.000,1954.000,40.00,8372
1955.000,1955.000,40.00,9888
1956.000,1956.000,40.00,8316
1957.000,1957.000,40.00,9291
1958.000,1958.000,40.00,8063
1959.000,1959.000,40.00,8673
1960.000,1960.000,40.00,9444
1961.000,1961.000,40.00,7896
1963.000,1963.000,40.00,3719
1964.000,1964.000,40.00,5799
1965.000,1965.000,40.00,5954
1966.000,1966.000,40.00,7175
1967.000,1967.000,40.00,7571
1968.000,1968.000,40.00,7609
1969.000,1969.000,40.00,7520
1970.000,1970.000,40.00,8586
1971.000,1971.000,40.00,9221
1972.000,1972.000,40.00,5121
1973.000,1973.000,40.00,9287
1974.000,1974.000,40.00,9305
1976.000,1976.000,40.00,9574
1977.000,1977.000,40.00,5995
1978.000,1978.000,40.00,5637
1979.000,1979.000,40.00,9422
1980.000,1980.000,40.00,7300
1981.000,1981.000,40.00,7408
1982.000,1982.000,40.00,4682
1983.000,1983.000,40.00,9297
1984.000,1984.000,40.00,9744
1985.000,1985.000,40.00,8919
1986.000,1986.000,40.00,10110
1987.000,1987.000,40.00,8609
1989.000,1989.000,40.00,5638
1990.000,1990.000,40.00,7553
1991.000,1991.000,40.00,7823
1992.000,1992.000,40.00,6268
1993.000,1993.000,40.00,4363
1994.000,1994.000,40.00,4604
1995.000,1995.000,40.00,8638
1996.000,1996.000,40.00,9423
1997.000,1997.000,40.00,8711
1998.000,1998.000,40.00,7620
1999.000,1999.000,40.00,8100
2000.000,2000.000,40.00,9299
2001.000,2001.000,40.00,10564
2003.000,2003.000,40.00,7211
2004.000,2004.000,40.00,6690
2005.000,2005.000,40.00,11337
2006.000,2006.000,40.00,8703
2007.000,2007.000,40.00,11361
2008.000,2008.000,40.00,11256
2009.000,2009.000,40.00,9701
2010.000,2010.000,40.00,10367
2011.000,2011.000,40.00,8958
2012.000,2012.000,40.00,5182
2013.000,2013.000,40.00,8639
2014.000,2014.000,40.00,8745
2015.000,2015.000,40.00,8554
2017.000,2017.000,40.00,5960
2018.000,2018.000,40.00,9223
2019.000,2019.000,40.00,10211
2020.000,2020.000,40.00,10899
2021.000,2021.000,40.00,8282
2022.000,2022.000,40.00,8350
2023.000,2023.000,40.00,10440
2024.000,2024.000,40.00,10834
2025.000,2025.000,40.00,11271
2026.000,2026.000,40.00,10860
2027.000,2027.000,40.00,10670
2028.000,2028.000,40.00,11801
2030.000,2030.000,40.00,9823
2031.000,2031.000,40.00,11216
2032.000,2032.000,40.00,7100
2033.000,2033.000,40.00,9861
2034.000,2034.000,40.00,8753
2035.000,2035.000,40.00,9379
2036.000,2036.000,40.00,8349
2037.000,2037.000,40.00,10469
2038.000,2038.000,40.00,9525
2039.000,2039.000,40.00,9718
2040.000,2040.000,40.00,8751
2041.000,2041.000,40.00,9685
2042.000,2042.000,40.00,10639
2044.000,2044.000,40.00,10345
2045.000,2045.000,40.00,9512
2046.000,2046.000,40.00,9526
2047.000,2047.000,40.00,8256
2048.000,2048.000,40.00,10824
2049.000,2049.000,40.00,12105
2050.000,2050.000,40.00,8091
2051.000,2051.000,40.00,9982
2052.000,2052.000,40.00,8891
2053.000,2053.000,40.00,9186
2054.000,2054.000,40.00,9984
2055.000,2055.000,40.00,6483
2057.000,2057.000,40.00,9954
2058.000,2058.000,40.00,5996
2059.000,2059.000,40.00,9551
2060.000,2060.000,40.00,9584
2061.000,2061.000,40.00,7724
2062.000,2062.000,40.00,10005
2063.000,2063.000,40.00,10296
2064.000,2064.000,40.00,9991
2065.000,2065.000,40.00,10554
2066.000,2066.000,40.00,10394
2067.000,2067.000,40.00,10617
2068.000,2068.000,40.00,9005
2069.000,2069.000,40.00,10436
2071.000,2071.000,40.00,7253
2072.000,2072.000,40.00,9249
2073.000,2073.000,40.00,6966
2074.000,2074.000,40.00,9942
2075.000,2075.000,40.00,6077
2076.000,2076.000,40.00,7835
2077.000,2077.000,40.00,972
2078.000,2078.000,40.00,2534
2079.000,2079.000,40.00,10279
2080.000,2080.000,40.00,7565
2081.000,2081.000,40.00,0
2082.000,2082.000,40.00,5924
2084.000,2084.000,40.00,9402
2085.000,2085.000,40.00,3248
2086.000,2086.000,40.00,0
2087.000,2087.000,40.00,10665
2088.000,2088.000,40.00,11439
2089.000,2089.000,40.00,0
2090.000,2090.000,40.00,2067
2091.000,2091.000,40.00,8669
2092.000,2092.000,40.00,6682
2093.000,2093.000,40.00,0
2094.000,2094.000,40.00,4478
2095.000,2095.000,40.00,4598
2096.000,2096.000,40.00,4774
2098.000,2098.000,40.00,10982
2099.000,2099.000,40.00,6040
2100.000,2100.000,40.00,0
2101.000,2101.000,40.00,8744
2102.000,2102.000,40.00,8203
2103.000,2103.000,40.00,2793
2104.000,2104.000,40.00,921
2105.000,2105.000,40.00,8156
2106.000,2106.000,40.00,5746
2107.000,2107.000,40.00,5561
2108.000,2108.000,40.00,9373
2109.000,2109.000,40.00,0
2110.000,2110.000,40.00,6138
2112.000,2112.000,40.00,7617
2113.000,2113.000,40.00,4130
2114.000,2114.000,40.00,0
2115.000,2115.000,40.00,7203
2116.000,2116.000,40.00,7731
2117.000,2117.000,40.00,6573
2118.000,2118.000,40.00,315
2119.000,2119.000,40.00,2297
2120.000,2120.000,40.00,7119
2121.000,2121.000,40.00,7450
2122.000,2122.000,40.00,8393
2123.000,2123.000,40.00,7177
2125.000,2125.000,40.00,5214
2126.000,2126.000,40.00,0
2127.000,2127.000,40.00,8110
2128.000,2128.000,40.00,7984
2129.000,2129.000,40.00,1386
2130.000,2130.000,40.00,942
2131.000,2131.000,40.00,9211
2132.000,2132.000,40.00,7337
2133.000,2133.000,40.00,8844
2134.000,2134.000,40.00,6802
2135.000,2135.000,40.00,0
2136.000,2136.000,40.00,4424
2137.000,2137.000,40.00,7278
2139.000,2139.000,40.00,6867
2140.000,2140.000,40.00,7916
2141.000,2141.000,40.00,3397
2142.000,2142.000,40.00,0
2143.000,2143.000,40.00,7779
2144.000,2144.000,40.00,7056
2145.000,2145.000,40.00,7440
2146.000,2146.000,40.00,7312
2147.000,2147.000,40.00,0
2148.000,2148.000,40.00,2958
2149.000,2149.000,40.00,6337
2150.000,2150.000,40.00,4992
2152.000,2152.000,40.00,7801
2153.000,2153.000,40.00,4710
2154.000,2154.000,40.00,9208
2155.000,2155.000,40.00,3208
2156.000,2156.000,40.00,896
2157.000,2157.000,40.00,10599
2158.000,2158.000,40.00,7925
2159.000,2159.000,40.00,0
2160.000,2160.000,40.00,3542
2161.000,2161.000,40.00,7275
2162.000,2162.000,40.00,8787
2163.000,2163.000,40.00,0
2165.000,2165.000,40.00,7035
2166.000,2166.000,40.00,10325
2167.000,2167.000,40.00,862
2168.000,2168.000,40.00,0
2169.000,2169.000,40.00,9338
2170.000,2170.000,40.00,9209
2171.000,2171.000,40.00,2225
2172.000,2172.000,40.00,2418
2173.000,2173.000,40.00,7421
2174.000,2174.000,40.00,9294
2175.000,2175.000,40.00,938
2176.000,2176.000,40.00,4731
2177.000,2177.000,40.00,7107
2179.000,2179.000,40.00,5209
2180.000,2180.000,40.00,8476
2181.000,2181.000,40.00,4319
2182.000,2182.000,40.00,0
2183.000,2183.000,40.00,7430
2184.000,2184.000,40.00,6820
2185.000,2185.000,40.00,4850
2186.000,2186.000,40.00,8433
2187.000,2187.000,40.00,1792
2188.000,2188.000,40.00,3266
2189.000,2189.000,40.00,7948
2190.000,2190.000,40.00,7006
2191.000,2191.000,40.00,1141
2193.000,2193.000,40.00,4396
2194.000,2194.000,40.00,8694
2195.000,2195.000,40.00,6962
2196.000,2196.000,40.00,0
2197.000,2197.000,40.00,6688
2198.000,2198.000,40.00,6198
2199.000,2199.000,40.00,7660
2200.000,2200.000,40.00,9089
2201.000,2201.000,40.00,392
2202.000,2202.000,40.00,1321
2203.000,2203.000,40.00,10404
2204.000,2204.000,40.00,5843
2205.000,2205.000,40.00,0
2207.000,2207.000,40.00,8456
2208.000,2208.000,40.00,10456
2209.000,2209.000,40.00,2791
2210.000,2210.000,40.00,0
2211.000,2211.000,40.00,9914
2212.000,2212.000,40.00,10096
2213.000,2213.000,40.00,0
2214.000,2214.000,40.00,3086
2215.000,2215.000,40.00,10535
2216.000,2216.000,40.00,4968
2217.000,2217.000,40.00,0
2218.000,2218.000,40.00,7454
2220.000,2220.000,40.00,1650
2221.000,2221.000,40.00,8301
2222.000,2222.000,40.00,8814
2223.000,2223.000,40.00,4175
2224.000,2224.000,40.00,0
2225.000,2225.000,40.00,10566
2226.000,2226.000,40.00,10849
2227.000,2227.000,40.00,0
2228.000,2228.000,40.00,1503
2229.000,2229.000,40.00,0
2230.000,2230.000,40.00,5040
2231.000,2231.000,40.00,1345
2232.000,2232.000,40.00,5794
2233.000,2233.000,40.00,9837
2235.000,2235.000,40.00,3695
2236.000,2236.000,40.00,0
2237.000,2237.000,40.00,8856
2238.000,2238.000,40.00,9768
2239.000,2239.000,40.00,3110
2240.000,2240.000,40.00,1400
2241.000,2241.000,40.00,2999
2242.000,2242.000,40.00,2398
2243.000,2243.000,40.00,1992
2244.000,2244.000,40.00,5085
2245.000,2245.000,40.00,10453
2246.000,2246.000,40.00,4355
2248.000,2248.000,40.00,8289
2249.000,2249.000,40.00,6530
2250.000,2250.000,40.00,0
2251.000,2251.000,40.00,7406
2252.000,2252.000,40.00,9784
2253.000,2253.000,40.00,0
2254.000,2254.000,40.00,1889
2255.000,2255.000,40.00,9685
2256.000,2256.000,40.00,9523
2257.000,2257.000,40.00,0
2258.000,2258.000,40.00,3242
2259.000,2259.000,40.00,7812
2260.000,2260.000,40.00,8957
2262.000,2262.000,40.00,208
2263.000,2263.000,40.00,6967
2264.000,2264.000,40.00,10142
2265.000,2265.000,40.00,1971
2266.000,2266.000,40.00,444
2267.000,2267.000,40.00,9786
2268.000,2268.000,40.00,10110
2269.000,2269.000,40.00,0
2270.000,2270.000,40.00,2786
2271.000,2271.000,40.00,7326
2272.000,2272.000,40.00,8125
2273.000,2273.000,40.00,0
2274.000,2274.000,40.00,6020
2276.000,2276.000,40.00,9210
2277.000,2277.000,40.00,2069
2278.000,2278.000,40.00,0
2279.000,2279.000,40.00,7367
2280.000,2280.000,40.00,8358
2281.000,2281.000,40.00,6519
2282.000,2282.000,40.00,1652
2283.000,2283.000,40.00,8516
2284.000,2284.000,40.00,9036
2285.000,2285.000,40.00,0
2286.000,2286.000,40.00,4145
2287.000,2287.000,40.00,3806
2288.000,2288.000,40.00,9208
2290.000,2290.000,40.00,7359
2291.000,2291.000,40.00,7509
2292.000,2292.000,40.00,0
2293.000,2293.000,40.00,3156
2294.000,2294.000,40.00,188
2295.000,2295.000,40.00,633
2296.000,2296.000,40.00,1301
2297.000,2297.000,40.00,0
2298.000,2298.000,40.00,569
2299.000,2299.000,40.00,0
2300.000,2300.000,40.00,467
2301.000,2301.000,40.00,0
2303.000,2303.000,40.00,470
2304.000,2304.000,40.00,0
2305.000,2305.000,40.00,483
2306.000,2306.000,40.00,0
2307.000,2307.000,40.00,572
2308.000,2308.000,40.00,498
2309.000,2309.000,40.00,0
2310.000,2310.000,40.00,539
2311.000,2311.000,40.00,0
2312.000,2312.000,40.00,1103
2313.000,2313.000,40.00,0
2314.000,2314.000,40.00,1137
2315.000,2315.000,40.00,0
2317.000,2317.000,40.00,1294
2318.000,2318.000,40.00,0
2319.000,2319.000,40.00,1502
2320.000,2320.000,40.00,0
2321.000,2321.000,40.00,775
2322.000,2322.000,40.00,811
2323.000,2323.000,40.00,60
2324.000,2324.000,40.00,1426
2325.000,2325.000,40.00,0
2326.000,2326.000,40.00,1055
2327.000,2327.000,40.00,0
2328.000,2328.000,40.00,871
2330.000,2330.000,40.00,0
2331.000,2331.000,40.00,1065
2332.000,2332.000,40.00,0
2333.000,2333.000,40.00,2104
2334.000,2334.000,40.00,33
2335.000,2335.000,40.00,634
2336.000,2336.000,40.00,1331
2337.000,2337.000,40.00,0
2338.000,2338.000,40.00,1827
2339.000,2339.000,40.00,0
2340.000,2340.000,40.00,1195
2341.000,2341.000,40.00,0
2342.000,2342.000,40.00,1144
2344.000,2344.000,40.00,0
2345.000,2345.000,40.00,1740
2346.000,2346.000,40.00,0
2347.000,2347.000,40.00,2281
2348.000,2348.000,40.00,0
2349.000,2349.000,40.00,537
2350.000,2350.000,40.00,1342
2351.000,2351.000,40.00,820
2352.000,2352.000,40.00,849
2353.000,2353.000,40.00,0
2354.000,2354.000,40.00,113
2355.000,2355.000,40.00,0
2356.000,2356.000,40.00,0
2358.000,2358.000,40.00,0
2359.000,2359.000,40.00,0
2360.000,2360.000,40.00,0
2361.000,2361.000,40.00,0
2362.000,2362.000,40.00,21
2363.000,2363.000,40.00,9
2364.000,2364.000,40.00,0
2365.000,2365.000,40.00,0
2366.000,2366.000,40.00,0
2367.000,2367.000,40.00,0
2369.000,2369.000,40.00,0
2370.000,2370.000,40.00,0
2371.000,2371.000,40.00,0
2372.000,2372.000,40.00,0
2373.000,2373.000,40.00,0
2374.000,2374.000,40.00,0
2375.000,2375.000,40.00,45
2376.000,2376.000,40.00,0
2377.000,2377.000,40.00,0
2379.000,2379.000,40.00,0
2380.000,2380.000,40.00,0
2381.000,2381.000,40.00,0
2382.000,2382.000,40.00,0
2383.000,2383.000,40.00,0
2384.000,2384.000,40.00,0
2385.000,2385.000,40.00,0
2386.000,2386.000,40.00,0
2387.000,2387.000,40.00,0
2388.000,2388.000,40.00,0
2389.000,2389.000,40.00,0
2390.000,2390.000,40.00,0
2392.000,2392.000,40.00,0
2393.000,2393.000,40.00,0
2394.000,2394.000,40.00,0
2395.000,2395.000,40.00,0
2396.000,2396.000,40.00,0
2397.000,2397.000,40.00,0
2398.000,2398.000,40.00,0
2399.000,2399.000,40.00,0
2400.000,2400.000,40.00,58
2401.000,2401.000,40.00,17
2402.000,2402.000,40.00,0
2403.000,2403.000,40.00,0
2405.000,2405.000,40.00,0
2406.000,2406.000,40.00,0
2407.000,2407.000,40.00,0
2408.000,2408.000,40.00,0
2409.000,2409.000,40.00,0
2410.000,2410.000,40.00,0
2411.000,2411.000,40.00,0
2412.000,2412.000,40.00,60
2413.000,2413.000,40.00,0
2414.000,2414.000,40.00,0
2415.000,2415.000,40.00,0
2416.000,2416.000,40.00,0
2418.000,2418.000,40.00,4
2419.000,2419.000,40.00,0
2420.000,2420.000,40.00,0
2421.000,2421.000,40.00,0
2422.000,2422.000,40.00,0
2423.000,2423.000,40.00,0
2424.000,2424.000,40.00,0
2425.000,2425.000,40.00,0
2426.000,2426.000,40.00,1
2427.000,2427.000,40.00,0
2428.000,2428.000,40.00,0
2429.000,2429.000,40.00,0
2431.000,2431.000,40.00,0
2432.000,2432.000,40.00,0
2433.000,2433.000,40.00,0
2434.000,2434.000,40.00,0
2435.000,2435.000,40.00,0
2436.000,2436.000,40.00,0
2437.000,2437.000,40.00,0
2438.000,2438.000,40.00,0
2439.000,2439.000,40.00,0
2440.000,2440.000,40.00,0
2441.000,2441.000,40.00,0
2442.000,2442.000,40.00,0
2444.000,2444.000,40.00,0
2445.000,2445.000,40.00,0
2446.000,2446.000,40.00,0
2447.000,2447.000,40.00,0
2448.000,2448.000,40.00,0
2449.000,2449.000,40.00,0
2450.000,2450.000,40.00,0
2451.000,2451.000,40.00,0
2452.000,2452.000,40.00,10
2453.000,2453.000,40.00,0
2454.000,2454.000,40.00,0
2455.000,2455.000,40.00,0
2457.000,2457.000,40.00,0
2458.000,2458.000,40.00,0
2459.000,2459.000,40.00,0
2460.000,2460.000,40.00,0
2461.000,2461.000,40.00,0
2462.000,2462.000,40.00,0
2463.000,2463.000,40.00,0
2464.000,2464.000,40.00,0
2465.000,2465.000,40.00,0
2466.000,2466.000,40.00,0
2467.000,2467.000,40.00,0
2468.000,2468.000,40.00,0
2469.000,2469.000,40.00,0
2471.000,2471.000,40.00,0
2472.000,2472.000,40.00,0
2473.000,2473.000,40.00,0
2474.000,2474.000,40.00,0
2475.000,2475.000,40.00,0
2476.000,2476.000,40.00,43
2477.000,2477.000,40.00,499
2478.000,2478.000,40.00,0
2479.000,2479.000,40.00,974
2480.000,2480.000,40.00,5797
2481.000,2481.000,40.00,16020
2482.000,2482.000,40.00,23513
2484.000,2484.000,40.00,48661
2485.000,2485.000,40.00,45828
2486.000,2486.000,40.00,37010
2487.000,2487.000,40.00,29148
2488.000,2488.000,40.00,22976
2489.000,2489.000,40.00,24898
2490.000,2490.000,40.00,32874
2491.000,2491.000,40.00,32852
2492.000,2492.000,40.00,34943
2493.000,2493.000,40.00,25689
2494.000,2494.000,40.00,43913
2495.000,2495.000,40.00,30156
2496.000,2496.000,40.00,24610
2497.000,2497.000,40.00,21922
2499.000,2499.000,40.00,16360
2500.000,2500.000,40.00,21573
2501.000,2501.000,40.00,23759
2502.000,2502.000,40.00,26416
2503.000,2503.000,40.00,32880
2504.000,2504.000,40.00,30659
2505.000,2505.000,40.00,38715
2506.000,2506.000,40.00,30565
2507.000,2507.000,40.00,4495
2508.000,2508.000,40.00,11312
2509.000,2509.000,40.00,19906
2510.000,2510.000,40.00,25442
2511.000,2511.000,40.00,22647
2513.000,2513.000,40.00,15822
2514.000,2514.000,40.00,13223
2515.000,2515.000,40.00,15236
2516.000,2516.000,40.00,12203
2517.000,2517.000,40.00,11105
2518.000,2518.000,40.00,10560
2519.000,2519.000,40.00,11380
2520.000,2520.000,40.00,9397
2521.000,2521.000,40.00,14248
2522.000,2522.000,40.00,14641
2523.000,2523.000,40.00,11433
2524.000,2524.000,40.00,14642
2525.000,2525.000,40.00,14083
2527.000,2527.000,40.00,11801
2528.000,2528.000,40.00,10506
2529.000,2529.000,40.00,17942
2530.000,2530.000,40.00,16551
2531.000,2531.000,40.00,1975
2532.000,2532.000,40.00,0
2533.000,2533.000,40.00,10684
2534.000,2534.000,40.00,0
2535.000,2535.000,40.00,8820
2536.000,2536.000,40.00,1487
2537.000,2537.000,40.00,8131
2538.000,2538.000,40.00,4404
2539.000,2539.000,40.00,5242
2541.000,2541.000,40.00,8790
2542.000,2542.000,40.00,0
2543.000,2543.000,40.00,9251
2544.000,2544.000,40.00,1
2545.000,2545.000,40.00,10668
2546.000,2546.000,40.00,0
2547.000,2547.000,40.00,11701
2548.000,2548.000,40.00,0
2549.000,2549.000,40.00,9782
2550.000,2550.000,40.00,1307
2551.000,2551.000,40.00,11382
2552.000,2552.000,40.00,6867
2553.000,2553.000,40.00,0
2554.000,2554.000,40.00,4556
2556.000,2556.000,40.00,9174
2557.000,2557.000,40.00,5259
2558.000,2558.000,40.00,0
2559.000,2559.000,40.00,8630
2560.000,2560.000,40.00,6483
2561.000,2561.000,40.00,4209
2562.000,2562.000,40.00,0
2563.000,2563.000,40.00,7833
2564.000,2564.000,40.00,7749
2565.000,2565.000,40.00,4908
2566.000,2566.000,40.00,954
2567.000,2567.000,40.00,4750
2568.000,2568.000,40.00,4572
2570.000,2570.000,40.00,2711
2571.000,2571.000,40.00,2462
2572.000,2572.000,40.00,4600
2573.000,2573.000,40.00,4409
2574.000,2574.000,40.00,6178
2575.000,2575.000,40.00,3287
2576.000,2576.000,40.00,5567
2577.000,2577.000,40.00,8427
2578.000,2578.000,40.00,6624
2579.000,2579.000,40.00,5144
2580.000,2580.000,40.00,5801
2581.000,2581.000,40.00,3641
2582.000,2582.000,40.00,7839
2584.000,2584.000,40.00,4489
2585.000,2585.000,40.00,3476
2586.000,2586.000,40.00,1665
2587.000,2587.000,40.00,1905
2588.000,2588.000,40.00,1457
2589.000,2589.000,40.00,667
2590.000,2590.000,40.00,201
2591.000,2591.000,40.00,134
2592.000,2592.000,40.00,55
2593.000,2593.000,40.00,134
2594.000,2594.000,40.00,0
2595.000,2595.000,40.00,0
2596.000,2596.000,40.00,0
2598.000,2598.000,40.00,2410
2599.000,2599.000,40.00,10061
2600.000,2600.000,40.00,16617
2601.000,2601.000,40.00,19128
2602.000,2602.000,40.00,1936
2603.000,2603.000,40.00,5428
2604.000,2604.000,40.00,8323
2605.000,2605.000,40.00,3651
2606.000,2606.000,40.00,6823
2607.000,2607.000,40.00,3662
2608.000,2608.000,40.00,1066
2609.000,2609.000,40.00,7887
2610.000,2610.000,40.00,3096
2612.000,2612.000,40.00,3089
2613.000,2613.000,40.00,44839
2614.000,2614.000,40.00,18191
2615.000,2615.000,40.00,25
2616.000,2616.000,40.00,0
2617.000,2617.000,40.00,10370
2618.000,2618.000,40.00,0
2619.000,2619.000,40.00,9479
2620.000,2620.000,40.00,8550
2621.000,2621.000,40.00,0
2622.000,2622.000,40.00,9258
2623.000,2623.000,40.00,0
2624.000,2624.000,40.00,11632
2626.000,2626.000,40.00,0
2627.000,2627.000,40.00,9886
2628.000,2628.000,40.00,0
2629.000,2629.000,40.00,10150
2630.000,2630.000,40.00,0
2631.000,2631.000,40.00,10172
2632.000,2632.000,40.00,0
2633.000,2633.000,40.00,10425
2634.000,2634.000,40.00,8820
2635.000,2635.000,40.00,0
2636.000,2636.000,40.00,10486
2637.000,2637.000,40.00,0
2638.000,2638.000,40.00,10294
2640.000,2640.000,40.00,0
2641.000,2641.000,40.00,10617
2642.000,2642.000,40.00,0
2643.000,2643.000,40.00,8930
2644.000,2644.000,40.00,0
2645.000,2645.000,40.00,9306
2646.000,2646.000,40.00,0
2647.000,2647.000,40.00,4599
2648.000,2648.000,40.00,10845
2649.000,2649.000,40.00,0
2650.000,2650.000,40.00,9262
2651.000,2651.000,40.00,0
2653.000,2653.000,40.00,11414
2654.000,2654.000,40.00,0
2655.000,2655.000,40.00,10348
2656.000,2656.000,40.00,0
2657.000,2657.000,40.00,9897
2658.000,2658.000,40.00,0
2659.000,2659.000,40.00,10008
2660.000,2660.000,40.00,0
2661.000,2661.000,40.00,161
2662.000,2662.000,40.00,9560
2663.000,2663.000,40.00,0
2664.000,2664.000,40.00,10386
2665.000,2665.000,40.00,0
2667.000,2667.000,40.00,4724
2668.000,2668.000,40.00,4350
2669.000,2669.000,40.00,9356
2670.000,2670.000,40.00,294
2671.000,2671.000,40.00,10625
2672.000,2672.000,40.00,0
2673.000,2673.000,40.00,12810
2674.000,2674.000,40.00,4762
2675.000,2675.000,40.00,0
2676.000,2676.000,40.00,9560
2677.000,2677.000,40.00,0
2678.000,2678.000,40.00,9589
2680.000,2680.000,40.00,46
2681.000,2681.000,40.00,10767
2682.000,2682.000,40.00,0
2683.000,2683.000,40.00,10308
2684.000,2684.000,40.00,0
2685.000,2685.000,40.00,10769
2686.000,2686.000,40.00,0
2687.000,2687.000,40.00,10712
2688.000,2688.000,40.00,3012
2689.000,2689.000,40.00,52
2690.000,2690.000,40.00,10773
2691.000,2691.000,40.00,0
2692.000,2692.000,40.00,10498
2694.000,2694.000,40.00,0
2695.000,2695.000,40.00,5679
2696.000,2696.000,40.00,5564
2697.000,2697.000,40.00,9281
2698.000,2698.000,40.00,0
2699.000,2699.000,40.00,9636
2700.000,2700.000,40.00,0
2701.000,2701.000,40.00,10105
2702.000,2702.000,40.00,2346
2703.000,2703.000,40.00,6014
2704.000,2704.000,40.00,9083
2705.000,2705.000,40.00,0
2706.000,2706.000,40.00,12214
2708.000,2708.000,40.00,0
2709.000,2709.000,40.00,9229
2710.000,2710.000,40.00,0
2711.000,2711.000,40.00,10996
2712.000,2712.000,40.00,0
2713.000,2713.000,40.00,10611
2714.000,2714.000,40.00,0
2715.000,2715.000,40.00,11743
2716.000,2716.000,40.00,11913
2717.000,2717.000,40.00,0
2718.000,2718.000,40.00,10537
2719.000,2719.000,40.00,0
2720.000,2720.000,40.00,9157
2722.000,2722.000,40.00,0
2723.000,2723.000,40.00,8512
2724.000,2724.000,40.00,0
2725.000,2725.000,40.00,8823
2726.000,2726.000,40.00,0
2727.000,2727.000,40.00,10480
2728.000,2728.000,40.00,159
2729.000,2729.000,40.00,601
2730.000,2730.000,40.00,10294
2731.000,2731.000,40.00,1125
2732.000,2732.000,40.00,9915
2734.000,2734.000,40.00,5257
2735.000,2735.000,40.00,167
2736.000,2736.000,40.00,438
2737.000,2737.000,40.00,17407
2738.000,2738.000,40.00,0
2739.000,2739.000,40.00,8844
2740.000,2740.000,40.00,0
2741.000,2741.000,40.00,12360
2742.000,2742.000,40.00,11617
2743.000,2743.000,40.00,1
2744.000,2744.000,40.00,9961
2745.000,2745.000,40.00,0
2746.000,2746.000,40.00,8785
2748.000,2748.000,40.00,0
2749.000,2749.000,40.00,11176
2750.000,2750.000,40.00,0
2751.000,2751.000,40.00,11895
2752.000,2752.000,40.00,0
2753.000,2753.000,40.00,11084
2754.000,2754.000,40.00,1
2755.000,2755.000,40.00,7807
2756.000,2756.000,40.00,10387
2757.000,2757.000,40.00,0
2758.000,2758.000,40.00,10793
2759.000,2759.000,40.00,0
2760.000,2760.000,40.00,9589
2762.000,2762.000,40.00,0
2763.000,2763.000,40.00,8041
2764.000,2764.000,40.00,0
2765.000,2765.000,40.00,9312
2766.000,2766.000,40.00,0
2767.000,2767.000,40.00,10202
2768.000,2768.000,40.00,0
2769.000,2769.000,40.00,153
2770.000,2770.000,40.00,9952
2771.000,2771.000,40.00,0
2772.000,2772.000,40.00,11879
2773.000,2773.000,40.00,0
2775.000,2775.000,40.00,9767
2776.000,2776.000,40.00,0
2777.000,2777.000,40.00,8928
2778.000,2778.000,40.00,0
2779.000,2779.000,40.00,6558
2780.000,2780.000,40.00,1963
2781.000,2781.000,40.00,10963
2782.000,2782.000,40.00,4489
2783.000,2783.000,40.00,0
2784.000,2784.000,40.00,11192
2785.000,2785.000,40.00,0
2786.000,2786.000,40.00,10719
2788.000,2788.000,40.00,0
2789.000,2789.000,40.00,12052
2790.000,2790.000,40.00,0
2791.000,2791.000,40.00,10789
2792.000,2792.000,40.00,0
2793.000,2793.000,40.00,10842
2794.000,2794.000,40.00,0
2795.000,2795.000,40.00,10657
2796.000,2796.000,40.00,126
2797.000,2797.000,40.00,0
2798.000,2798.000,40.00,9021
2799.000,2799.000,40.00,116
2800.000,2800.000,40.00,8758
2801.000,2801.000,40.00,0
2803.000,2803.000,40.00,10581
2804.000,2804.000,40.00,0
2805.000,2805.000,40.00,4645
2806.000,2806.000,40.00,5223
2807.000,2807.000,40.00,10691
2808.000,2808.000,40.00,0
2809.000,2809.000,40.00,19214
2810.000,2810.000,40.00,730
2811.000,2811.000,40.00,6712
2812.000,2812.000,40.00,10779
2813.000,2813.000,40.00,0
2814.000,2814.000,40.00,9801
2816.000,2816.000,40.00,0
2817.000,2817.000,40.00,11427
2818.000,2818.000,40.00,0
2819.000,2819.000,40.00,11032
2820.000,2820.000,40.00,0
2821.000,2821.000,40.00,9720
2822.000,2822.000,40.00,0
2823.000,2823.000,40.00,10423
2824.000,2824.000,40.00,9599
2825.000,2825.000,40.00,0
2826.000,2826.000,40.00,182
2827.000,2827.000,40.00,18872
2828.000,2828.000,40.00,11904
2830.000,2830.000,40.00,0
2831.000,2831.000,40.00,11908
2832.000,2832.000,40.00,0
2833.000,2833.000,40.00,10258
2834.000,2834.000,40.00,0
2835.000,2835.000,40.00,11534
2836.000,2836.000,40.00,0
2837.000,2837.000,40.00,4653
2838.000,2838.000,40.00,10758
2839.000,2839.000,40.00,0
2840.000,2840.000,40.00,9759
2841.000,2841.000,40.00,0
2843.000,2843.000,40.00,8484
2844.000,2844.000,40.00,0
2845.000,2845.000,40.00,9179
2846.000,2846.000,40.00,0
2847.000,2847.000,40.00,9228
2848.000,2848.000,40.00,0
2849.000,2849.000,40.00,11250
2850.000,2850.000,40.00,0
2851.000,2851.000,40.00,5602
2852.000,2852.000,40.00,8580
2853.000,2853.000,40.00,61
2854.000,2854.000,40.00,9662
2856.000,2856.000,40.00,0
2857.000,2857.000,40.00,10448
2858.000,2858.000,40.00,0
2859.000,2859.000,40.00,11646
2860.000,2860.000,40.00,0
2861.000,2861.000,40.00,9608
2862.000,2862.000,40.00,0
2863.000,2863.000,40.00,9119
2864.000,2864.000,40.00,10005
2865.000,2865.000,40.00,0
2866.000,2866.000,40.00,1682
2867.000,2867.000,40.00,8797
2868.000,2868.000,40.00,10991
2870.000,2870.000,40.00,0
2871.000,2871.000,40.00,10837
2872.000,2872.000,40.00,0
2873.000,2873.000,40.00,9499
2874.000,2874.000,40.00,0
2875.000,2875.000,40.00,4911
2876.000,2876.000,40.00,4028
2877.000,2877.000,40.00,6398
2878.000,2878.000,40.00,8931
2879.000,2879.000,40.00,0
2880.000,2880.000,40.00,10549
2882.000,2882.000,40.00,0
2883.000,2883.000,40.00,9269
2884.000,2884.000,40.00,0
2885.000,2885.000,40.00,10246
2886.000,2886.000,40.00,0
2887.000,2887.000,40.00,11075
2888.000,2888.000,40.00,0
2889.000,2889.000,40.00,10550
2890.000,2890.000,40.00,437
2891.000,2891.000,40.00,9782
2892.000,2892.000,40.00,11660
2893.000,2893.000,40.00,0
2895.000,2895.000,40.00,11804
2896.000,2896.000,40.00,0
2897.000,2897.000,40.00,10486
2898.000,2898.000,40.00,272
2899.000,2899.000,40.00,10518
2900.000,2900.000,40.00,0
2901.000,2901.000,40.00,10675
2902.000,2902.000,40.00,0
2903.000,2903.000,40.00,6205
2904.000,2904.000,40.00,9935
2905.000,2905.000,40.00,3202
2906.000,2906.000,40.00,5263
2907.000,2907.000,40.00,244
2909.000,2909.000,40.00,9404
2910.000,2910.000,40.00,4
2911.000,2911.000,40.00,10962
2912.000,2912.000,40.00,271
2913.000,2913.000,40.00,9953
2914.000,2914.000,40.00,0
2915.000,2915.000,40.00,10233
2916.000,2916.000,40.00,0
2917.000,2917.000,40.00,1073
2918.000,2918.000,40.00,9010
2919.000,2919.000,40.00,269
2920.000,2920.000,40.00,10808
2922.000,2922.000,40.00,0
2923.000,2923.000,40.00,9553
2924.000,2924.000,40.00,0
2925.000,2925.000,40.00,11449
2926.000,2926.000,40.00,272
2927.000,2927.000,40.00,9777
2928.000,2928.000,40.00,0
2929.000,2929.000,40.00,10515
2930.000,2930.000,40.00,155
2931.000,2931.000,40.00,12015
2932.000,2932.000,40.00,7294
2933.000,2933.000,40.00,3061
2934.000,2934.000,40.00,11121
2936.000,2936.000,40.00,0
2937.000,2937.000,40.00,10021
2938.000,2938.000,40.00,0
2939.000,2939.000,40.00,8719
2940.000,2940.000,40.00,0
2941.000,2941.000,40.00,11002
2942.000,2942.000,40.00,0
2943.000,2943.000,40.00,3539
2944.000,2944.000,40.00,9888
2945.000,2945.000,40.00,273
2946.000,2946.000,40.00,7710
2947.000,2947.000,40.00,0
2949.000,2949.000,40.00,10825
2950.000,2950.000,40.00,283
2951.000,2951.000,40.00,10120
2952.000,2952.000,40.00,271
2953.000,2953.000,40.00,11033
2954.000,2954.000,40.00,0
2955.000,2955.000,40.00,10743
2956.000,2956.000,40.00,0
2957.000,2957.000,40.00,7184
2958.000,2958.000,40.00,11163
2959.000,2959.000,40.00,270
2960.000,2960.000,40.00,10902
2961.000,2961.000,40.00,270
2963.000,2963.000,40.00,10530
2964.000,2964.000,40.00,0
2965.000,2965.000,40.00,11011
2966.000,2966.000,40.00,0
2967.000,2967.000,40.00,8700
2968.000,2968.000,40.00,0
2969.000,2969.000,40.00,9334
2970.000,2970.000,40.00,3327
2971.000,2971.000,40.00,3047
2972.000,2972.000,40.00,11653
2973.000,2973.000,40.00,0
2974.000,2974.000,40.00,10573
2976.000,2976.000,40.00,268
2977.000,2977.000,40.00,10188
2978.000,2978.000,40.00,272
2979.000,2979.000,40.00,9647
2980.000,2980.000,40.00,0
2981.000,2981.000,40.00,10799
2982.000,2982.000,40.00,0
2983.000,2983.000,40.00,7382
2984.000,2984.000,40.00,10136
2985.000,2985.000,40.00,271
2986.000,2986.000,40.00,9127
2987.000,2987.000,40.00,270
2988.000,2988.000,40.00,11468
2990.000,2990.000,40.00,277
2991.000,2991.000,40.00,11219
2992.000,2992.000,40.00,266
2993.000,2993.000,40.00,10569
2994.000,2994.000,40.00,271
2995.000,2995.000,40.00,12268
2996.000,2996.000,40.00,11
2997.000,2997.000,40.00,10220
2998.000,2998.000,40.00,4337
2999.000,2999.000,40.00,2196
3000.000,3000.000,40.00,10211
3001.000,3001.000,40.00,273
3002.000,3002.000,40.00,10617
3003.000,3003.000,40.00,272
3005.000,3005.000,40.00,11471
3006.000,3006.000,40.00,274
3007.000,3007.000,40.00,9488
3008.000,3008.000,40.00,266
3009.000,3009.000,40.00,9877
3010.000,3010.000,40.00,0
3011.000,3011.000,40.00,10075
3012.000,3012.000,40.00,28
3013.000,3013.000,40.00,10126
3014.000,3014.000,40.00,11897
3015.000,3015.000,40.00,270
3016.000,3016.000,40.00,12230
3018.000,3018.000,40.00,314
3019.000,3019.000,40.00,10897
3020.000,3020.000,40.00,0
3021.000,3021.000,40.00,10817
3022.000,3022.000,40.00,273
3023.000,3023.000,40.00,10488
3024.000,3024.000,40.00,0
3025.000,3025.000,40.00,7833
3026.000,3026.000,40.00,7036
3027.000,3027.000,40.00,271
3028.000,3028.000,40.00,8473
3029.000,3029.000,40.00,325
3030.000,3030.000,40.00,10165
3031.000,3031.000,40.00,270
3033.000,3033.000,40.00,6786
3034.000,3034.000,40.00,266
3035.000,3035.000,40.00,10404
3036.000,3036.000,40.00,284
3037.000,3037.000,40.00,9860
3038.000,3038.000,40.00,0
3039.000,3039.000,40.00,13214
3040.000,3040.000,40.00,5385
3041.000,3041.000,40.00,273
3042.000,3042.000,40.00,9815
3043.000,3043.000,40.00,271
3044.000,3044.000,40.00,6101
3046.000,3046.000,40.00,276
3047.000,3047.000,40.00,9396
3048.000,3048.000,40.00,0
3049.000,3049.000,40.00,8276
3050.000,3050.000,40.00,284
3051.000,3051.000,40.00,12031
3052.000,3052.000,40.00,0
3053.000,3053.000,40.00,4330
3054.000,3054.000,40.00,8132
3055.000,3055.000,40.00,268
3056.000,3056.000,40.00,11561
3057.000,3057.000,40.00,271
3059.000,3059.000,40.00,11553
3060.000,3060.000,40.00,272
3061.000,3061.000,40.00,10024
3062.000,3062.000,40.00,271
3063.000,3063.000,40.00,11161
3064.000,3064.000,40.00,269
3065.000,3065.000,40.00,10931
3066.000,3066.000,40.00,0
3067.000,3067.000,40.00,6515
3068.000,3068.000,40.00,7567
3069.000,3069.000,40.00,270
3070.000,3070.000,40.00,10412
3071.000,3071.000,40.00,269
3072.000,3072.000,40.00,12057
3074.000,3074.000,40.00,270
3075.000,3075.000,40.00,10578
3076.000,3076.000,40.00,276
3077.000,3077.000,40.00,10705
3078.000,3078.000,40.00,269
3079.000,3079.000,40.00,9340
3080.000,3080.000,40.00,0
3081.000,3081.000,40.00,7198
3082.000,3082.000,40.00,10828
3083.000,3083.000,40.00,272
3084.000,3084.000,40.00,11750
3085.000,3085.000,40.00,274
3086.000,3086.000,40.00,9442
3088.000,3088.000,40.00,267
3089.000,3089.000,40.00,10440
3090.000,3090.000,40.00,273
3091.000,3091.000,40.00,10951
3092.000,3092.000,40.00,274
3093.000,3093.000,40.00,9714
3094.000,3094.000,40.00,0
3095.000,3095.000,40.00,5919
3096.000,3096.000,40.00,9133
3097.000,3097.000,40.00,267
3098.000,3098.000,40.00,3934
3099.000,3099.000,40.00,5514
3100.000,3100.000,40.00,10965
3102.000,3102.000,40.00,272
3103.000,3103.000,40.00,10060
3104.000,3104.000,40.00,272
3105.000,3105.000,40.00,9727
3106.000,3106.000,40.00,269
3107.000,3107.000,40.00,10973
3108.000,3108.000,40.00,0
3109.000,3109.000,40.00,5614
3110.000,3110.000,40.00,10976
3111.000,3111.000,40.00,279
3112.000,3112.000,40.00,9468
3113.000,3113.000,40.00,275
3114.000,3114.000,40.00,11662
3116.000,3116.000,40.00,282
3117.000,3117.000,40.00,9379
3118.000,3118.000,40.00,273
3119.000,3119.000,40.00,7515
3120.000,3120.000,40.00,0
3121.000,3121.000,40.00,9202
3122.000,3122.000,40.00,142
3123.000,3123.000,40.00,6281
3124.000,3124.000,40.00,9005
3125.000,3125.000,40.00,285
3126.000,3126.000,40.00,9048
3127.000,3127.000,40.00,267
3128.000,3128.000,40.00,12111
3130.000,3130.000,40.00,282
3131.000,3131.000,40.00,9510
3132.000,3132.000,40.00,267
3133.000,3133.000,40.00,10726
3134.000,3134.000,40.00,273
3135.000,3135.000,40.00,11023
3136.000,3136.000,40.00,247
3137.000,3137.000,40.00,4341
3138.000,3138.000,40.00,11470
3139.000,3139.000,40.00,270
3140.000,3140.000,40.00,10695
3141.000,3141.000,40.00,272
3142.000,3142.000,40.00,11466
3144.000,3144.000,40.00,269
3145.000,3145.000,40.00,10492
3146.000,3146.000,40.00,271
3147.000,3147.000,40.00,10149
3148.000,3148.000,40.00,272
3149.000,3149.000,40.00,9198
3150.000,3150.000,40.00,0
3151.000,3151.000,40.00,5149
3152.000,3152.000,40.00,12551
3153.000,3153.000,40.00,273
3154.000,3154.000,40.00,9602
3155.000,3155.000,40.00,273
3156.000,3156.000,40.00,9844
3158.000,3158.000,40.00,272
3159.000,3159.000,40.00,8146
3160.000,3160.000,40.00,271
3161.000,3161.000,40.00,10006
3162.000,3162.000,40.00,271
3163.000,3163.000,40.00,10197
3164.000,3164.000,40.00,270
3165.000,3165.000,40.00,11898
3166.000,3166.000,40.00,7201
3167.000,3167.000,40.00,267
3168.000,3168.000,40.00,8999
3169.000,3169.000,40.00,298
3170.000,3170.000,40.00,12623
3172.000,3172.000,40.00,273
3173.000,3173.000,40.00,10675
3174.000,3174.000,40.00,278
3175.000,3175.000,40.00,9515
3176.000,3176.000,40.00,270
3177.000,3177.000,40.00,11319
3178.000,3178.000,40.00,274
3179.000,3179.000,40.00,10129
3180.000,3180.000,40.00,2006
3181.000,3181.000,40.00,282
3182.000,3182.000,40.00,11312
3183.000,3183.000,40.00,267
3184.000,3184.000,40.00,10555
3186.000,3186.000,40.00,272
3187.000,3187.000,40.00,10005
3188.000,3188.000,40.00,272
3189.000,3189.000,40.00,9299
3190.000,3190.000,40.00,272
3191.000,3191.000,40.00,9781
3192.000,3192.000,40.00,271
3193.000,3193.000,40.00,8747
3194.000,3194.000,40.00,5014
3195.000,3195.000,40.00,272
3196.000,3196.000,40.00,10002
3197.000,3197.000,40.00,315
3198.000,3198.000,40.00,9813
3199.000,3199.000,40.00,276
3201.000,3201.000,40.00,9699
3202.000,3202.000,40.00,272
3203.000,3203.000,40.00,9385
3204.000,3204.000,40.00,268
3205.000,3205.000,40.00,10269
3206.000,3206.000,40.00,272
3207.000,3207.000,40.00,12833
3208.000,3208.000,40.00,6697
3209.000,3209.000,40.00,272
3210.000,3210.000,40.00,10825
3211.000,3211.000,40.00,313
3212.000,3212.000,40.00,9261
3214.000,3214.000,40.00,272
3215.000,3215.000,40.00,8267
3216.000,3216.000,40.00,267
3217.000,3217.000,40.00,10229
3218.000,3218.000,40.00,273
3219.000,3219.000,40.00,10969
3220.000,3220.000,40.00,272
3221.000,3221.000,40.00,9495
3222.000,3222.000,40.00,7076
3223.000,3223.000,40.00,268
3224.000,3224.000,40.00,12740
3225.000,3225.000,40.00,272
3226.000,3226.000,40.00,10913
3228.000,3228.000,40.00,272
3229.000,3229.000,40.00,10398
3230.000,3230.000,40.00,272
3231.000,3231.000,40.00,9588
3232.000,3232.000,40.00,268
3233.000,3233.000,40.00,9414
3234.000,3234.000,40.00,273
3235.000,3235.000,40.00,6162
3236.000,3236.000,40.00,73
3237.000,3237.000,40.00,2891
3238.000,3238.000,40.00,14947
3239.000,3239.000,40.00,267
3241.000,3241.000,40.00,13346
3242.000,3242.000,40.00,285
3243.000,3243.000,40.00,10112
3244.000,3244.000,40.00,272
3245.000,3245.000,40.00,10095
3246.000,3246.000,40.00,272
3247.000,3247.000,40.00,7953
3248.000,3248.000,40.00,1433
3249.000,3249.000,40.00,2416
3250.000,3250.000,40.00,9360
3251.000,3251.000,40.00,272
3252.000,3252.000,40.00,10782
3253.000,3253.000,40.00,272
3254.000,3254.000,40.00,10600
3256.000,3256.000,40.00,269
3257.000,3257.000,40.00,9686
3258.000,3258.000,40.00,271
3259.000,3259.000,40.00,12730
3260.000,3260.000,40.00,273
3261.000,3261.000,40.00,10552
3262.000,3262.000,40.00,269
3263.000,3263.000,40.00,6381
3264.000,3264.000,40.00,8275
3265.000,3265.000,40.00,269
3266.000,3266.000,40.00,7673
3267.000,3267.000,40.00,277
3268.000,3268.000,40.00,9397
3270.000,3270.000,40.00,286
3271.000,3271.000,40.00,11046
3272.000,3272.000,40.00,282
3273.000,3273.000,40.00,10926
3274.000,3274.000,40.00,271
3275.000,3275.000,40.00,12798
3276.000,3276.000,40.00,271
3277.000,3277.000,40.00,3008
3278.000,3278.000,40.00,9744
3279.000,3279.000,40.00,270
3280.000,3280.000,40.00,11293
3281.000,3281.000,40.00,272
3283.000,3283.000,40.00,9889
3284.000,3284.000,40.00,272
3285.000,3285.000,40.00,9485
3286.000,3286.000,40.00,273
3287.000,3287.000,40.00,8444
3288.000,3288.000,40.00,268
3289.000,3289.000,40.00,7231
3290.000,3290.000,40.00,318
3291.000,3291.000,40.00,3025
3292.000,3292.000,40.00,7990
3293.000,3293.000,40.00,12559
3294.000,3294.000,40.00,10594
3296.000,3296.000,40.00,270
3297.000,3297.000,40.00,9685
3298.000,3298.000,40.00,282
3299.000,3299.000,40.00,8789
3300.000,3300.000,40.00,273
3301.000,3301.000,40.00,10848
3302.000,3302.000,40.00,563
3303.000,3303.000,40.00,267
3304.000,3304.000,40.00,10886
3305.000,3305.000,40.00,272
3306.000,3306.000,40.00,8578
3307.000,3307.000,40.00,270
3309.000,3309.000,40.00,10322
3310.000,3310.000,40.00,273
3311.000,3311.000,40.00,8560
3312.000,3312.000,40.00,267
3313.000,3313.000,40.00,10960
3314.000,3314.000,40.00,273
3315.000,3315.000,40.00,10010
3316.000,3316.000,40.00,271
3317.000,3317.000,40.00,389
3318.000,3318.000,40.00,9487
3319.000,3319.000,40.00,268
3320.000,3320.000,40.00,9691
3321.000,3321.000,40.00,273
3322.000,3322.000,40.00,10570
3324.000,3324.000,40.00,270
3325.000,3325.000,40.00,10628
3326.000,3326.000,40.00,284
3327.000,3327.000,40.00,9409
3328.000,3328.000,40.00,269
3329.000,3329.000,40.00,9662
3330.000,3330.000,40.00,273
3331.000,3331.000,40.00,0
3332.000,3332.000,40.00,11752
3333.000,3333.000,40.00,272
3334.000,3334.000,40.00,10398
3335.000,3335.000,40.00,268
3337.000,3337.000,40.00,10928
3338.000,3338.000,40.00,272
3339.000,3339.000,40.00,10025
3340.000,3340.000,40.00,275
3341.000,3341.000,40.00,9708
3342.000,3342.000,40.00,267
3343.000,3343.000,40.00,6690
3344.000,3344.000,40.00,343
3345.000,3345.000,40.00,9166
3346.000,3346.000,40.00,3160
3347.000,3347.000,40.00,3875
3348.000,3348.000,40.00,9194
3349.000,3349.000,40.00,311
3351.000,3351.000,40.00,10928
3352.000,3352.000,40.00,280
3353.000,3353.000,40.00,9025
3354.000,3354.000,40.00,271
3355.000,3355.000,40.00,12290
3356.000,3356.000,40.00,284
3357.000,3357.000,40.00,9374
3358.000,3358.000,40.00,7706
3359.000,3359.000,40.00,0
3360.000,3360.000,40.00,10324
3361.000,3361.000,40.00,272
3362.000,3362.000,40.00,11144
3363.000,3363.000,40.00,272
3365.000,3365.000,40.00,10652
3366.000,3366.000,40.00,271
3367.000,3367.000,40.00,9335
3368.000,3368.000,40.00,269
3369.000,3369.000,40.00,9304
3370.000,3370.000,40.00,273
3371.000,3371.000,40.00,845
3372.000,3372.000,40.00,19597
3373.000,3373.000,40.00,0
3374.000,3374.000,40.00,10159
3375.000,3375.000,40.00,271
3376.000,3376.000,40.00,9550
3377.000,3377.000,40.00,316
3379.000,3379.000,40.00,9990
3380.000,3380.000,40.00,284
3381.000,3381.000,40.00,10397
3382.000,3382.000,40.00,284
3383.000,3383.000,40.00,10201
3384.000,3384.000,40.00,278
3385.000,3385.000,40.00,10285
3386.000,3386.000,40.00,275
3387.000,3387.000,40.00,0
3388.000,3388.000,40.00,6209
3389.000,3389.000,40.00,3582
3390.000,3390.000,40.00,9811
3391.000,3391.000,40.00,280
3393.000,3393.000,40.00,9878
3394.000,3394.000,40.00,272
3395.000,3395.000,40.00,10010
3396.000,3396.000,40.00,272
3397.000,3397.000,40.00,10612
3398.000,3398.000,40.00,284
3399.000,3399.000,40.00,10240
3400.000,3400.000,40.00,6486
3401.000,3401.000,40.00,0
3402.000,3402.000,40.00,11296
3403.000,3403.000,40.00,269
3404.000,3404.000,40.00,11233
3405.000,3405.000,40.00,272
3407.000,3407.000,40.00,10810
3408.000,3408.000,40.00,268
3409.000,3409.000,40.00,9600
3410.000,3410.000,40.00,271
3411.000,3411.000,40.00,9108
3412.000,3412.000,40.00,272
3413.000,3413.000,40.00,923
3414.000,3414.000,40.00,9090
3415.000,3415.000,40.00,0
3416.000,3416.000,40.00,10104
3417.000,3417.000,40.00,3360
3418.000,3418.000,40.00,10761
3419.000,3419.000,40.00,277
3421.000,3421.000,40.00,9696
3422.000,3422.000,40.00,271
3423.000,3423.000,40.00,9216
3424.000,3424.000,40.00,280
3425.000,3425.000,40.00,10732
3426.000,3426.000,40.00,272
3427.000,3427.000,40.00,11242
3428.000,3428.000,40.00,274
3429.000,3429.000,40.00,9911
3430.000,3430.000,40.00,9039
3431.000,3431.000,40.00,0
3432.000,3432.000,40.00,7145
3433.000,3433.000,40.00,284
3435.000,3435.000,40.00,10209
3436.000,3436.000,40.00,271
3437.000,3437.000,40.00,11293
3438.000,3438.000,40.00,270
3439.000,3439.000,40.00,7872
3440.000,3440.000,40.00,271
3441.000,3441.000,40.00,10575
3442.000,3442.000,40.00,1081
3443.000,3443.000,40.00,0
3444.000,3444.000,40.00,9414
3445.000,3445.000,40.00,272
3446.000,3446.000,40.00,9409
3447.000,3447.000,40.00,270
3449.000,3449.000,40.00,10269
3450.000,3450.000,40.00,272
3451.000,3451.000,40.00,10890
3452.000,3452.000,40.00,273
3453.000,3453.000,40.00,12775
3454.000,3454.000,40.00,282
3455.000,3455.000,40.00,11968
3456.000,3456.000,40.00,274
3457.000,3457.000,40.00,0
3458.000,3458.000,40.00,7172
3459.000,3459.000,40.00,1275
3460.000,3460.000,40.00,9825
3461.000,3461.000,40.00,281
3463.000,3463.000,40.00,9962
3464.000,3464.000,40.00,280
3465.000,3465.000,40.00,9019
3466.000,3466.000,40.00,273
3467.000,3467.000,40.00,10867
3468.000,3468.000,40.00,270
3469.000,3469.000,40.00,10416
3470.000,3470.000,40.00,9758
3471.000,3471.000,40.00,1
3472.000,3472.000,40.00,10822
3473.000,3473.000,40.00,181
3474.000,3474.000,40.00,11458
3476.000,3476.000,40.00,281
3477.000,3477.000,40.00,0
3478.000,3478.000,40.00,10489
3479.000,3479.000,40.00,0
3480.000,3480.000,40.00,9361
3481.000,3481.000,40.00,0
3482.000,3482.000,40.00,9162
3483.000,3483.000,40.00,129
3484.000,3484.000,40.00,11231
3485.000,3485.000,40.00,7
3486.000,3486.000,40.00,17177
3487.000,3487.000,40.00,0
3488.000,3488.000,40.00,10041
3489.000,3489.000,40.00,272
3491.000,3491.000,40.00,10245
3492.000,3492.000,40.00,271
3493.000,3493.000,40.00,9077
3494.000,3494.000,40.00,271
3495.000,3495.000,40.00,4559
3496.000,3496.000,40.00,5298
3497.000,3497.000,40.00,10857
3498.000,3498.000,40.00,5085
3499.000,3499.000,40.00,0
3500.000,3500.000,40.00,9445
3501.000,3501.000,40.00,272
3502.000,3502.000,40.00,9564
3504.000,3504.000,40.00,268
3505.000,3505.000,40.00,0
3506.000,3506.000,40.00,10485
3507.000,3507.000,40.00,0
3508.000,3508.000,40.00,11268
3509.000,3509.000,40.00,0
3510.000,3510.000,40.00,9591
3511.000,3511.000,40.00,0
3512.000,3512.000,40.00,12223
3513.000,3513.000,40.00,0
3514.000,3514.000,40.00,9699
3515.000,3515.000,40.00,0
3516.000,3516.000,40.00,10069
3518.000,3518.000,40.00,9489
3519.000,3519.000,40.00,0
3520.000,3520.000,40.00,9828
3521.000,3521.000,40.00,0
3522.000,3522.000,40.00,9214
3523.000,3523.000,40.00,0
3524.000,3524.000,40.00,9772
3525.000,3525.000,40.00,0
3526.000,3526.000,40.00,8830
3527.000,3527.000,40.00,0
3528.000,3528.000,40.00,8949
3529.000,3529.000,40.00,36
3531.000,3531.000,40.00,7361
3532.000,3532.000,40.00,12675
3533.000,3533.000,40.00,0
3534.000,3534.000,40.00,11287
3535.000,3535.000,40.00,0
3536.000,3536.000,40.00,8686
3537.000,3537.000,40.00,0
3538.000,3538.000,40.00,11555
3539.000,3539.000,40.00,0
3540.000,3540.000,40.00,9641
3541.000,3541.000,40.00,0
3542.000,3542.000,40.00,8303
3544.000,3544.000,40.00,353
3545.000,3545.000,40.00,1
3546.000,3546.000,40.00,10659
3547.000,3547.000,40.00,0
3548.000,3548.000,40.00,11003
3549.000,3549.000,40.00,0
3550.000,3550.000,40.00,11639
3551.000,3551.000,40.00,0
3552.000,3552.000,40.00,10200
3553.000,3553.000,40.00,0
3554.000,3554.000,40.00,11761
3555.000,3555.000,40.00,203
3556.000,3556.000,40.00,0
3558.000,3558.000,40.00,10629
3559.000,3559.000,40.00,0
3560.000,3560.000,40.00,11594
3561.000,3561.000,40.00,0
3562.000,3562.000,40.00,11455
3563.000,3563.000,40.00,0
3564.000,3564.000,40.00,9284
3565.000,3565.000,40.00,0
3566.000,3566.000,40.00,10920
3567.000,3567.000,40.00,0
3568.000,3568.000,40.00,21578
3569.000,3569.000,40.00,0
3571.000,3571.000,40.00,1
3572.000,3572.000,40.00,2235
3573.000,3573.000,40.00,0
3574.000,3574.000,40.00,11801
3575.000,3575.000,40.00,0
3576.000,3576.000,40.00,10123
3577.000,3577.000,40.00,2
3578.000,3578.000,40.00,9832
3579.000,3579.000,40.00,0
3580.000,3580.000,40.00,10013
3581.000,3581.000,40.00,0
3582.000,3582.000,40.00,8576
3584.000,3584.000,40.00,329
3585.000,3585.000,40.00,21184
3586.000,3586.000,40.00,272
3587.000,3587.000,40.00,0
3588.000,3588.000,40.00,11323
3589.000,3589.000,40.00,31
3590.000,3590.000,40.00,10175
3591.000,3591.000,40.00,0
3592.000,3592.000,40.00,10737
3593.000,3593.000,40.00,1
3594.000,3594.000,40.00,9865
3595.000,3595.000,40.00,0
3597.000,3597.000,40.00,11821
3598.000,3598.000,40.00,9615
3599.000,3599.000,40.00,0
3600.000,3600.000,40.00,9166
3601.000,3601.000,40.00,59
3602.000,3602.000,40.00,11613
3603.000,3603.000,40.00,0
3604.000,3604.000,40.00,10593
3605.000,3605.000,40.00,0
3606.000,3606.000,40.00,10656
3607.000,3607.000,40.00,0
3608.000,3608.000,40.00,7007
3609.000,3609.000,40.00,0
3611.000,3611.000,40.00,27634
3612.000,3612.000,40.00,10105
3613.000,3613.000,40.00,72
3614.000,3614.000,40.00,10818
3615.000,3615.000,40.00,4
3616.000,3616.000,40.00,11164
3617.000,3617.000,40.00,0
3618.000,3618.000,40.00,2115
3619.000,3619.000,40.00,8466
3620.000,3620.000,40.00,274
3621.000,3621.000,40.00,0
3622.000,3622.000,40.00,10841
3623.000,3623.000,40.00,0
3625.000,3625.000,40.00,11204
3626.000,3626.000,40.00,4388
3627.000,3627.000,40.00,654
3628.000,3628.000,40.00,7175
3629.000,3629.000,40.00,0
3630.000,3630.000,40.00,9976
3631.000,3631.000,40.00,0
3632.000,3632.000,40.00,11252
3633.000,3633.000,40.00,0
3634.000,3634.000,40.00,10803
3635.000,3635.000,40.00,0
3636.000,3636.000,40.00,7956
3637.000,3637.000,40.00,0
3639.000,3639.000,40.00,9354
3640.000,3640.000,40.00,986
3641.000,3641.000,40.00,0
3642.000,3642.000,40.00,10602
3643.000,3643.000,40.00,1
3644.000,3644.000,40.00,11128
3645.000,3645.000,40.00,0
3646.000,3646.000,40.00,769
3647.000,3647.000,40.00,20707
3648.000,3648.000,40.00,0
3649.000,3649.000,40.00,31
3650.000,3650.000,40.00,9218
3651.000,3651.000,40.00,0
3653.000,3653.000,40.00,9707
3654.000,3654.000,40.00,10003
3655.000,3655.000,40.00,0
3656.000,3656.000,40.00,10720
3657.000,3657.000,40.00,0
3658.000,3658.000,40.00,10668
3659.000,3659.000,40.00,0
3660.000,3660.000,40.00,10644
3661.000,3661.000,40.00,0
3662.000,3662.000,40.00,11075
3663.000,3663.000,40.00,11
3664.000,3664.000,40.00,10137
3666.000,3666.000,40.00,0
3667.000,3667.000,40.00,11256
3668.000,3668.000,40.00,10394
3669.000,3669.000,40.00,0
3670.000,3670.000,40.00,8920
3671.000,3671.000,40.00,0
3672.000,3672.000,40.00,10850
3673.000,3673.000,40.00,0
3674.000,3674.000,40.00,920
3675.000,3675.000,40.00,1245
3676.000,3676.000,40.00,16822
3677.000,3677.000,40.00,3624
3678.000,3678.000,40.00,270
3680.000,3680.000,40.00,0
3681.000,3681.000,40.00,12077
3682.000,3682.000,40.00,4456
3683.000,3683.000,40.00,3820
3684.000,3684.000,40.00,9713
3685.000,3685.000,40.00,0
3686.000,3686.000,40.00,10923
3687.000,3687.000,40.00,0
3688.000,3688.000,40.00,10498
3689.000,3689.000,40.00,0
3690.000,3690.000,40.00,10395
3691.000,3691.000,40.00,0
3693.000,3693.000,40.00,10256
3694.000,3694.000,40.00,0
3695.000,3695.000,40.00,475
3696.000,3696.000,40.00,11320
3697.000,3697.000,40.00,0
3698.000,3698.000,40.00,10505
3699.000,3699.000,40.00,0
3700.000,3700.000,40.00,8547
3701.000,3701.000,40.00,0
3702.000,3702.000,40.00,12376
3703.000,3703.000,40.00,0
3704.000,3704.000,40.00,11155
3705.000,3705.000,40.00,0
3707.000,3707.000,40.00,10244
3708.000,3708.000,40.00,0
3709.000,3709.000,40.00,9718
3710.000,3710.000,40.00,11084
3711.000,3711.000,40.00,0
3712.000,3712.000,40.00,9219
3713.000,3713.000,40.00,0
3714.000,3714.000,40.00,7891
3715.000,3715.000,40.00,0
3716.000,3716.000,40.00,15148
3717.000,3717.000,40.00,0
3718.000,3718.000,40.00,272
3719.000,3719.000,40.00,0
3721.000,3721.000,40.00,13224
3722.000,3722.000,40.00,3435
3723.000,3723.000,40.00,2
3724.000,3724.000,40.00,10603
3725.000,3725.000,40.00,0
3726.000,3726.000,40.00,4186
3727.000,3727.000,40.00,12482
3728.000,3728.000,40.00,3572
3729.000,3729.000,40.00,0
3730.000,3730.000,40.00,11013
3731.000,3731.000,40.00,0
3732.000,3732.000,40.00,10725
3733.000,3733.000,40.00,0
3735.000,3735.000,40.00,10414
3736.000,3736.000,40.00,0
3737.000,3737.000,40.00,10406
3738.000,3738.000,40.00,10372
3739.000,3739.000,40.00,0
3740.000,3740.000,40.00,10048
3741.000,3741.000,40.00,0
3742.000,3742.000,40.00,9456
3743.000,3743.000,40.00,0
3744.000,3744.000,40.00,8212
3745.000,3745.000,40.00,0
3746.000,3746.000,40.00,10999
3747.000,3747.000,40.00,0
3748.000,3748.000,40.00,12922
3750.000,3750.000,40.00,0
3751.000,3751.000,40.00,4263
3752.000,3752.000,40.00,5598
3753.000,3753.000,40.00,0
3754.000,3754.000,40.00,481
3755.000,3755.000,40.00,14956
3756.000,3756.000,40.00,4128
3757.000,3757.000,40.00,0
3758.000,3758.000,40.00,10885
3759.000,3759.000,40.00,0
3760.000,3760.000,40.00,11298
3761.000,3761.000,40.00,0
3763.000,3763.000,40.00,10215
3764.000,3764.000,40.00,0
3765.000,3765.000,40.00,0
3766.000,3766.000,40.00,5159
3767.000,3767.000,40.00,1
3768.000,3768.000,40.00,7440
3769.000,3769.000,40.00,31
3770.000,3770.000,40.00,13595
3771.000,3771.000,40.00,0
3772.000,3772.000,40.00,9785
3773.000,3773.000,40.00,0
3774.000,3774.000,40.00,11792
3775.000,3775.000,40.00,0
3777.000,3777.000,40.00,11286
3778.000,3778.000,40.00,0
3779.000,3779.000,40.00,10159
3780.000,3780.000,40.00,7916
3781.000,3781.000,40.00,0
3782.000,3782.000,40.00,8813
3783.000,3783.000,40.00,0
3784.000,3784.000,40.00,567
3785.000,3785.000,40.00,12541
3786.000,3786.000,40.00,4874
3787.000,3787.000,40.00,0
3788.000,3788.000,40.00,10456
3789.000,3789.000,40.00,0
3791.000,3791.000,40.00,9507
3792.000,3792.000,40.00,1
3793.000,3793.000,40.00,8479
3794.000,3794.000,40.00,10523
3795.000,3795.000,40.00,0
3796.000,3796.000,40.00,10524
3797.000,3797.000,40.00,0
3798.000,3798.000,40.00,9571
3799.000,3799.000,40.00,1
3800.000,3800.000,40.00,13849
3801.000,3801.000,40.00,0
3802.000,3802.000,40.00,11737
3803.000,3803.000,40.00,0
3805.000,3805.000,40.00,10746
3806.000,3806.000,40.00,0
3807.000,3807.000,40.00,9706
3808.000,3808.000,40.00,10438
3809.000,3809.000,40.00,122
3810.000,3810.000,40.00,2704
3811.000,3811.000,40.00,126
3812.000,3812.000,40.00,11384
3813.000,3813.000,40.00,2
3814.000,3814.000,40.00,10153
3815.000,3815.000,40.00,0
3816.000,3816.000,40.00,10289
3817.000,3817.000,40.00,1
3819.000,3819.000,40.00,10268
3820.000,3820.000,40.00,0
3821.000,3821.000,40.00,10277
3822.000,3822.000,40.00,383
3823.000,3823.000,40.00,20241
3824.000,3824.000,40.00,280
3825.000,3825.000,40.00,0
3826.000,3826.000,40.00,10771
3827.000,3827.000,40.00,0
3828.000,3828.000,40.00,10853
3829.000,3829.000,40.00,32
3830.000,3830.000,40.00,9800
3831.000,3831.000,40.00,0
3833.000,3833.000,40.00,10372
3834.000,3834.000,40.00,0
3835.000,3835.000,40.00,11090
3836.000,3836.000,40.00,0
3837.000,3837.000,40.00,10719
3838.000,3838.000,40.00,7029
3839.000,3839.000,40.00,2660
3840.000,3840.000,40.00,10082
3841.000,3841.000,40.00,0
3842.000,3842.000,40.00,10343
3843.000,3843.000,40.00,0
3844.000,3844.000,40.00,9535
3845.000,3845.000,40.00,0
3847.000,3847.000,40.00,9951
3848.000,3848.000,40.00,0
3849.000,3849.000,40.00,11528
3850.000,3850.000,40.00,3245
3851.000,3851.000,40.00,48
3852.000,3852.000,40.00,11379
3853.000,3853.000,40.00,0
3854.000,3854.000,40.00,10434
3855.000,3855.000,40.00,0
3856.000,3856.000,40.00,2890
3857.000,3857.000,40.00,16211
3858.000,3858.000,40.00,271
3859.000,3859.000,40.00,0
3861.000,3861.000,40.00,10324
3862.000,3862.000,40.00,0
3863.000,3863.000,40.00,10769
3864.000,3864.000,40.00,171
3865.000,3865.000,40.00,0
3866.000,3866.000,40.00,7642
3867.000,3867.000,40.00,1
3868.000,3868.000,40.00,10034
3869.000,3869.000,40.00,0
3870.000,3870.000,40.00,10783
3871.000,3871.000,40.00,0
3872.000,3872.000,40.00,11037
3873.000,3873.000,40.00,0
3875.000,3875.000,40.00,10751
3876.000,3876.000,40.00,0
3877.000,3877.000,40.00,10269
3878.000,3878.000,40.00,373
3879.000,3879.000,40.00,8174
3880.000,3880.000,40.00,5500
3881.000,3881.000,40.00,0
3882.000,3882.000,40.00,10566
3883.000,3883.000,40.00,0
3884.000,3884.000,40.00,10377
3885.000,3885.000,40.00,0
3886.000,3886.000,40.00,16630
3887.000,3887.000,40.00,0
3889.000,3889.000,40.00,382
3890.000,3890.000,40.00,33
3891.000,3891.000,40.00,6555
3892.000,3892.000,40.00,11797
3893.000,3893.000,40.00,0
3894.000,3894.000,40.00,9766
3895.000,3895.000,40.00,0
3896.000,3896.000,40.00,10044
3897.000,3897.000,40.00,0
3898.000,3898.000,40.00,9094
3899.000,3899.000,40.00,0
3900.000,3900.000,40.00,10860
3902.000,3902.000,40.00,0
3903.000,3903.000,40.00,10942
3904.000,3904.000,40.00,0
3905.000,3905.000,40.00,17308
3906.000,3906.000,40.00,642
3907.000,3907.000,40.00,565
3908.000,3908.000,40.00,2849
3909.000,3909.000,40.00,6757
3910.000,3910.000,40.00,10485
3911.000,3911.000,40.00,0
3912.000,3912.000,40.00,8488
3913.000,3913.000,40.00,0
3914.000,3914.000,40.00,10479
3916.000,3916.000,40.00,0
3917.000,3917.000,40.00,12207
3918.000,3918.000,40.00,0
3919.000,3919.000,40.00,10681
3920.000,3920.000,40.00,0
3921.000,3921.000,40.00,6615
3922.000,3922.000,40.00,10084
3923.000,3923.000,40.00,0
3924.000,3924.000,40.00,11872
3925.000,3925.000,40.00,0
3926.000,3926.000,40.00,10956
3927.000,3927.000,40.00,0
3929.000,3929.000,40.00,10708
3930.000,3930.000,40.00,0
3931.000,3931.000,40.00,9851
3932.000,3932.000,40.00,0
3933.000,3933.000,40.00,8540
3934.000,3934.000,40.00,0
3935.000,3935.000,40.00,5653
3936.000,3936.000,40.00,11393
3937.000,3937.000,40.00,0
3938.000,3938.000,40.00,12089
3939.000,3939.000,40.00,0
3940.000,3940.000,40.00,11898
3941.000,3941.000,40.00,0
3943.000,3943.000,40.00,10062
3944.000,3944.000,40.00,0
3945.000,3945.000,40.00,11076
3946.000,3946.000,40.00,0
3947.000,3947.000,40.00,9932
3948.000,3948.000,40.00,10963
3949.000,3949.000,40.00,25
3950.000,3950.000,40.00,10296
3951.000,3951.000,40.00,0
3952.000,3952.000,40.00,10601
3953.000,3953.000,40.00,0
3954.000,3954.000,40.00,10285
3955.000,3955.000,40.00,0
3957.000,3957.000,40.00,20738
3958.000,3958.000,40.00,0
3959.000,3959.000,40.00,272
3960.000,3960.000,40.00,0
3961.000,3961.000,40.00,10554
3962.000,3962.000,40.00,4566
3963.000,3963.000,40.00,2068
3964.000,3964.000,40.00,10596
3965.000,3965.000,40.00,0
3966.000,3966.000,40.00,10172
3967.000,3967.000,40.00,0
3968.000,3968.000,40.00,10584
3969.000,3969.000,40.00,0
3971.000,3971.000,40.00,10620
3972.000,3972.000,40.00,11
3973.000,3973.000,40.00,10238
3974.000,3974.000,40.00,0
3975.000,3975.000,40.00,10493
3976.000,3976.000,40.00,10146
3977.000,3977.000,40.00,0
3978.000,3978.000,40.00,10683
3979.000,3979.000,40.00,1
3980.000,3980.000,40.00,10695
3981.000,3981.000,40.00,0
3982.000,3982.000,40.00,10136
3983.000,3983.000,40.00,0
3985.000,3985.000,40.00,15697
3986.000,3986.000,40.00,3443
3987.000,3987.000,40.00,0
3988.000,3988.000,40.00,1
3989.000,3989.000,40.00,20688
3990.000,3990.000,40.00,282
3991.000,3991.000,40.00,0
3992.000,3992.000,40.00,9135
3993.000,3993.000,40.00,0
3994.000,3994.000,40.00,11746
3995.000,3995.000,40.00,0
3996.000,3996.000,40.00,10981
3997.000,3997.000,40.00,1
3999.000,3999.000,40.00,10574
4000.000,4000.000,40.00,0
4001.000,4001.000,40.00,7799
4002.000,4002.000,40.00,6222
4003.000,4003.000,40.00,4630
4004.000,4004.000,40.00,4068
4005.000,4005.000,40.00,2641
4006.000,4006.000,40.00,4417
4007.000,4007.000,40.00,3505
4008.000,4008.000,40.00,11208
4009.000,4009.000,40.00,31
4010.000,4010.000,40.00,9832
4012.000,4012.000,40.00,0
4013.000,4013.000,40.00,10627
4014.000,4014.000,40.00,0
4015.000,4015.000,40.00,11130
4016.000,4016.000,40.00,0
4017.000,4017.000,40.00,345
4018.000,4018.000,40.00,8732
4019.000,4019.000,40.00,2874
4020.000,4020.000,40.00,11785
4021.000,4021.000,40.00,0
4022.000,4022.000,40.00,9911
4023.000,4023.000,40.00,0
4025.000,4025.000,40.00,10419
4026.000,4026.000,40.00,0
4027.000,4027.000,40.00,10395
4028.000,4028.000,40.00,0
4029.000,4029.000,40.00,10819
4030.000,4030.000,40.00,0
4031.000,4031.000,40.00,10081
4032.000,4032.000,40.00,8172
4033.000,4033.000,40.00,224
4034.000,4034.000,40.00,914
4035.000,4035.000,40.00,18633
4036.000,4036.000,40.00,0
4037.000,4037.000,40.00,0
4039.000,4039.000,40.00,9525
4040.000,4040.000,40.00,0
4041.000,4041.000,40.00,10389
4042.000,4042.000,40.00,0
4043.000,4043.000,40.00,11706
4044.000,4044.000,40.00,0
4045.000,4045.000,40.00,9911
4046.000,4046.000,40.00,6540
4047.000,4047.000,40.00,3054
4048.000,4048.000,40.00,8855
4049.000,4049.000,40.00,0
4050.000,4050.000,40.00,9886
4051.000,4051.000,40.00,0
4053.000,4053.000,40.00,11526
4054.000,4054.000,40.00,0
4055.000,4055.000,40.00,10713
4056.000,4056.000,40.00,0
4057.000,4057.000,40.00,10663
4058.000,4058.000,40.00,122
4059.000,4059.000,40.00,1594
4060.000,4060.000,40.00,10668
4061.000,4061.000,40.00,0
4062.000,4062.000,40.00,9366
4063.000,4063.000,40.00,0
4064.000,4064.000,40.00,10941
4066.000,4066.000,40.00,0
4067.000,4067.000,40.00,10950
4068.000,4068.000,40.00,0
4069.000,4069.000,40.00,10409
4070.000,4070.000,40.00,32
4071.000,4071.000,40.00,10105
4072.000,4072.000,40.00,0
4073.000,4073.000,40.00,4715
4074.000,4074.000,40.00,10256
4075.000,4075.000,40.00,0
4076.000,4076.000,40.00,10360
4077.000,4077.000,40.00,0
4078.000,4078.000,40.00,11003
4080.000,4080.000,40.00,0
4081.000,4081.000,40.00,10372
4082.000,4082.000,40.00,0
4083.000,4083.000,40.00,10507
4084.000,4084.000,40.00,0
4085.000,4085.000,40.00,10208
4086.000,4086.000,40.00,4779
4087.000,4087.000,40.00,0
4088.000,4088.000,40.00,10199
4089.000,4089.000,40.00,1
4090.000,4090.000,40.00,10516
4091.000,4091.000,40.00,0
4093.000,4093.000,40.00,10325
4094.000,4094.000,40.00,0
4095.000,4095.000,40.00,10112
4096.000,4096.000,40.00,1
4097.000,4097.000,40.00,12562
4098.000,4098.000,40.00,0
4099.000,4099.000,40.00,8913
4100.000,4100.000,40.00,11285
4101.000,4101.000,40.00,82
4102.000,4102.000,40.00,8401
4103.000,4103.000,40.00,0
4104.000,4104.000,40.00,10254
4105.000,4105.000,40.00,0
4107.000,4107.000,40.00,2528
4108.000,4108.000,40.00,19421
4109.000,4109.000,40.00,0
4110.000,4110.000,40.00,0
4111.000,4111.000,40.00,9970
4112.000,4112.000,40.00,0
4113.000,4113.000,40.00,8633
4114.000,4114.000,40.00,8439
4115.000,4115.000,40.00,0
4116.000,4116.000,40.00,9781
4117.000,4117.000,40.00,0
4118.000,4118.000,40.00,11773
4119.000,4119.000,40.00,0
4121.000,4121.000,40.00,12713
4122.000,4122.000,40.00,0
4123.000,4123.000,40.00,10311
4124.000,4124.000,40.00,0
4125.000,4125.000,40.00,9753
4126.000,4126.000,40.00,0
4127.000,4127.000,40.00,8562
4128.000,4128.000,40.00,1304
4129.000,4129.000,40.00,28
4130.000,4130.000,40.00,4984
4131.000,4131.000,40.00,3991
4132.000,4132.000,40.00,12784
4133.000,4133.000,40.00,0
4135.000,4135.000,40.00,3657
4136.000,4136.000,40.00,16092
4137.000,4137.000,40.00,0
4138.000,4138.000,40.00,0
4139.000,4139.000,40.00,9869
4140.000,4140.000,40.00,0
4141.000,4141.000,40.00,10284
4142.000,4142.000,40.00,11913
4143.000,4143.000,40.00,0
4144.000,4144.000,40.00,11211
4145.000,4145.000,40.00,1
4146.000,4146.000,40.00,10372
4147.000,4147.000,40.00,0
4149.000,4149.000,40.00,9751
4150.000,4150.000,40.00,0
4151.000,4151.000,40.00,8485
4152.000,4152.000,40.00,0
4153.000,4153.000,40.00,9455
4154.000,4154.000,40.00,0
4155.000,4155.000,40.00,22558
4156.000,4156.000,40.00,0
4157.000,4157.000,40.00,0
4158.000,4158.000,40.00,7687
4159.000,4159.000,40.00,1
4160.000,4160.000,40.00,12071
4161.000,4161.000,40.00,0
4163.000,4163.000,40.00,11278
4164.000,4164.000,40.00,1
4165.000,4165.000,40.00,9142
4166.000,4166.000,40.00,0
4167.000,4167.000,40.00,13707
4168.000,4168.000,40.00,3793
4169.000,4169.000,40.00,0
4170.000,4170.000,40.00,0
4171.000,4171.000,40.00,5202
4172.000,4172.000,40.00,3715
4173.000,4173.000,40.00,6110
4174.000,4174.000,40.00,12155
4175.000,4175.000,40.00,0
4177.000,4177.000,40.00,11002
4178.000,4178.000,40.00,0
4179.000,4179.000,40.00,9705
4180.000,4180.000,40.00,0
4181.000,4181.000,40.00,11712
4182.000,4182.000,40.00,0
4183.000,4183.000,40.00,9876
4184.000,4184.000,40.00,300
4185.000,4185.000,40.00,21325
4186.000,4186.000,40.00,0
4187.000,4187.000,40.00,0
4188.000,4188.000,40.00,10673
4189.000,4189.000,40.00,32
4191.000,4191.000,40.00,9167
4192.000,4192.000,40.00,0
4193.000,4193.000,40.00,9100
4194.000,4194.000,40.00,0
4195.000,4195.000,40.00,11163
4196.000,4196.000,40.00,0
4197.000,4197.000,40.00,11607
4198.000,4198.000,40.00,144
4199.000,4199.000,40.00,0
4200.000,4200.000,40.00,10157
4201.000,4201.000,40.00,0
4202.000,4202.000,40.00,10315
4203.000,4203.000,40.00,0
4205.000,4205.000,40.00,7538
4206.000,4206.000,40.00,0
4207.000,4207.000,40.00,10839
4208.000,4208.000,40.00,0
4209.000,4209.000,40.00,11249
4210.000,4210.000,40.00,0
4211.000,4211.000,40.00,12053
4212.000,4212.000,40.00,133
4213.000,4213.000,40.00,19404
4214.000,4214.000,40.00,10431
4215.000,4215.000,40.00,0
4216.000,4216.000,40.00,11661
4217.000,4217.000,40.00,0
4219.000,4219.000,40.00,9528
4220.000,4220.000,40.00,0
4221.000,4221.000,40.00,8698
4222.000,4222.000,40.00,1745
4223.000,4223.000,40.00,0
4224.000,4224.000,40.00,0
4225.000,4225.000,40.00,10927
4226.000,4226.000,40.00,7430
4227.000,4227.000,40.00,0
4228.000,4228.000,40.00,9068
4229.000,4229.000,40.00,0
4230.000,4230.000,40.00,9749
4232.000,4232.000,40.00,0
4233.000,4233.000,40.00,9567
4234.000,4234.000,40.00,1
4235.000,4235.000,40.00,8756
4236.000,4236.000,40.00,0
4237.000,4237.000,40.00,10947
4238.000,4238.000,40.00,0
4239.000,4239.000,40.00,9816
4240.000,4240.000,40.00,9138
4241.000,4241.000,40.00,0
4242.000,4242.000,40.00,11402
4243.000,4243.000,40.00,0
4245.000,4245.000,40.00,11213
4246.000,4246.000,40.00,0
4247.000,4247.000,40.00,9684
4248.000,4248.000,40.00,0
4249.000,4249.000,40.00,10530
4250.000,4250.000,40.00,33
4251.000,4251.000,40.00,12138
4252.000,4252.000,40.00,0
4253.000,4253.000,40.00,9908
4254.000,4254.000,40.00,11037
4255.000,4255.000,40.00,0
4256.000,4256.000,40.00,11839
4257.000,4257.000,40.00,0
4258.000,4258.000,40.00,11699
4260.000,4260.000,40.00,0
4261.000,4261.000,40.00,9042
4262.000,4262.000,40.00,0
4263.000,4263.000,40.00,11552
4264.000,4264.000,40.00,0
4265.000,4265.000,40.00,10515
4266.000,4266.000,40.00,0
4267.000,4267.000,40.00,10511
4268.000,4268.000,40.00,6345
4269.000,4269.000,40.00,0
4270.000,4270.000,40.00,9326
4271.000,4271.000,40.00,0
4272.000,4272.000,40.00,9865
4274.000,4274.000,40.00,0
4275.000,4275.000,40.00,10478
4276.000,4276.000,40.00,0
4277.000,4277.000,40.00,12090
4278.000,4278.000,40.00,0
4279.000,4279.000,40.00,11975
4280.000,4280.000,40.00,0
4281.000,4281.000,40.00,9233
4282.000,4282.000,40.00,9691
4283.000,4283.000,40.00,0
4284.000,4284.000,40.00,11182
4285.000,4285.000,40.00,0
4286.000,4286.000,40.00,10320
4288.000,4288.000,40.00,0
4289.000,4289.000,40.00,10396
4290.000,4290.000,40.00,0
4291.000,4291.000,40.00,11107
4292.000,4292.000,40.00,0
4293.000,4293.000,40.00,9778
4294.000,4294.000,40.00,1
4295.000,4295.000,40.00,7672
4296.000,4296.000,40.00,0
4297.000,4297.000,40.00,0
4298.000,4298.000,40.00,10780
4299.000,4299.000,40.00,0
4301.000,4301.000,40.00,10191
4302.000,4302.000,40.00,0
4303.000,4303.000,40.00,9791
4304.000,4304.000,40.00,0
4305.000,4305.000,40.00,10682
4306.000,4306.000,40.00,0
4307.000,4307.000,40.00,10843
4308.000,4308.000,40.00,0
4309.000,4309.000,40.00,14
4310.000,4310.000,40.00,10912
4311.000,4311.000,40.00,0
4312.000,4312.000,40.00,13512
4314.000,4314.000,40.00,0
4315.000,4315.000,40.00,11157
4316.000,4316.000,40.00,0
4317.000,4317.000,40.00,11181
4318.000,4318.000,40.00,0
4319.000,4319.000,40.00,10628
4320.000,4320.000,40.00,0
4321.000,4321.000,40.00,10835
4322.000,4322.000,40.00,508
4323.000,4323.000,40.00,11393
4324.000,4324.000,40.00,8847
4325.000,4325.000,40.00,0
4327.000,4327.000,40.00,10363
4328.000,4328.000,40.00,0
4329.000,4329.000,40.00,10188
4330.000,4330.000,40.00,0
4331.000,4331.000,40.00,10284
4332.000,4332.000,40.00,1
4333.000,4333.000,40.00,10444
4334.000,4334.000,40.00,0
4335.000,4335.000,40.00,6509
4336.000,4336.000,40.00,8998
4337.000,4337.000,40.00,0
4338.000,4338.000,40.00,9493
4339.000,4339.000,40.00,1
4341.000,4341.000,40.00,9991
4342.000,4342.000,40.00,0
4343.000,4343.000,40.00,10885
4344.000,4344.000,40.00,1
4345.000,4345.000,40.00,10475
4346.000,4346.000,40.00,0
4347.000,4347.000,40.00,10235
4348.000,4348.000,40.00,0
4349.000,4349.000,40.00,5034
4350.000,4350.000,40.00,9847
4351.000,4351.000,40.00,145
4352.000,4352.000,40.00,10759
4353.000,4353.000,40.00,0
4355.000,4355.000,40.00,10136
4356.000,4356.000,40.00,0
4357.000,4357.000,40.00,10641
4358.000,4358.000,40.00,0
4359.000,4359.000,40.00,10643
4360.000,4360.000,40.00,0
4361.000,4361.000,40.00,11098
4362.000,4362.000,40.00,14
4363.000,4363.000,40.00,5052
4364.000,4364.000,40.00,13467
4365.000,4365.000,40.00,0
4366.000,4366.000,40.00,11778
4367.000,4367.000,40.00,0
4369.000,4369.000,40.00,10309
4370.000,4370.000,40.00,32
4371.000,4371.000,40.00,8259
4372.000,4372.000,40.00,0
4373.000,4373.000,40.00,8949
4374.000,4374.000,40.00,0
4375.000,4375.000,40.00,11202
4376.000,4376.000,40.00,0
4377.000,4377.000,40.00,9782
4378.000,4378.000,40.00,11982
4379.000,4379.000,40.00,0
4380.000,4380.000,40.00,9837
4381.000,4381.000,40.00,0
4383.000,4383.000,40.00,11154
4384.000,4384.000,40.00,0
4385.000,4385.000,40.00,8809
4386.000,4386.000,40.00,0
4387.000,4387.000,40.00,13056
4388.000,4388.000,40.00,0
4389.000,4389.000,40.00,11193
4390.000,4390.000,40.00,0
4391.000,4391.000,40.00,8700
4392.000,4392.000,40.00,1422
4393.000,4393.000,40.00,19393
4394.000,4394.000,40.00,0
4396.000,4396.000,40.00,0
4397.000,4397.000,40.00,9923
4398.000,4398.000,40.00,0
4399.000,4399.000,40.00,8829
4400.000,4400.000,40.00,0
4401.000,4401.000,40.00,9097
4402.000,4402.000,40.00,0
4403.000,4403.000,40.00,11710
4404.000,4404.000,40.00,2873
4405.000,4405.000,40.00,9139
4406.000,4406.000,40.00,10681
4407.000,4407.000,40.00,0
4408.000,4408.000,40.00,10005
4410.000,4410.000,40.00,0
4411.000,4411.000,40.00,10040
4412.000,4412.000,40.00,48
4413.000,4413.000,40.00,11363
4414.000,4414.000,40.00,0
4415.000,4415.000,40.00,11305
4416.000,4416.000,40.00,0
4417.000,4417.000,40.00,8394
4418.000,4418.000,40.00,6479
4419.000,4419.000,40.00,0
4420.000,4420.000,40.00,10315
4421.000,4421.000,40.00,0
4422.000,4422.000,40.00,10656
4424.000,4424.000,40.00,0
4425.000,4425.000,40.00,9183
4426.000,4426.000,40.00,0
4427.000,4427.000,40.00,10357
4428.000,4428.000,40.00,0
4429.000,4429.000,40.00,11507
4430.000,4430.000,40.00,281
4431.000,4431.000,40.00,0
4432.000,4432.000,40.00,10168
4433.000,4433.000,40.00,0
4434.000,4434.000,40.00,9367
4435.000,4435.000,40.00,0
4437.000,4437.000,40.00,14433
4438.000,4438.000,40.00,0
4439.000,4439.000,40.00,11360
4440.000,4440.000,40.00,0
4441.000,4441.000,40.00,10671
4442.000,4442.000,40.00,1
4443.000,4443.000,40.00,10741
4444.000,4444.000,40.00,1556
4445.000,4445.000,40.00,0
4446.000,4446.000,40.00,10173
4447.000,4447.000,40.00,0
4448.000,4448.000,40.00,10239
4450.000,4450.000,40.00,0
4451.000,4451.000,40.00,10851
4452.000,4452.000,40.00,0
4453.000,4453.000,40.00,10255
4454.000,4454.000,40.00,0
4455.000,4455.000,40.00,11294
4456.000,4456.000,40.00,0
4457.000,4457.000,40.00,7782
4458.000,4458.000,40.00,5293
4459.000,4459.000,40.00,44
4460.000,4460.000,40.00,11252
4461.000,4461.000,40.00,1
4462.000,4462.000,40.00,11644
4463.000,4463.000,40.00,0
4465.000,4465.000,40.00,11706
4466.000,4466.000,40.00,0
4467.000,4467.000,40.00,11794
4468.000,4468.000,40.00,0
4469.000,4469.000,40.00,10782
4470.000,4470.000,40.00,0
4471.000,4471.000,40.00,8677
4472.000,4472.000,40.00,2200
4473.000,4473.000,40.00,167
4474.000,4474.000,40.00,10953
4475.000,4475.000,40.00,0
4476.000,4476.000,40.00,10291
4478.000,4478.000,40.00,0
4479.000,4479.000,40.00,7484
4480.000,4480.000,40.00,0
4481.000,4481.000,40.00,11473
4482.000,4482.000,40.00,0
4483.000,4483.000,40.00,9770
4484.000,4484.000,40.00,0
4485.000,4485.000,40.00,10616
4486.000,4486.000,40.00,5670
4487.000,4487.000,40.00,0
4488.000,4488.000,40.00,11338
4489.000,4489.000,40.00,28
4490.000,4490.000,40.00,9243
4491.000,4491.000,40.00,0
4493.000,4493.000,40.00,7726
4494.000,4494.000,40.00,0
4495.000,4495.000,40.00,11693
4496.000,4496.000,40.00,0
4497.000,4497.000,40.00,7816
4498.000,4498.000,40.00,0
4499.000,4499.000,40.00,15012
4500.000,4500.000,40.00,8625
4501.000,4501.000,40.00,0
4502.000,4502.000,40.00,8242
4503.000,4503.000,40.00,0
4504.000,4504.000,40.00,10588
4506.000,4506.000,40.00,0
4507.000,4507.000,40.00,10042
4508.000,4508.000,40.00,0
4509.000,4509.000,40.00,9822
4510.000,4510.000,40.00,3
4511.000,4511.000,40.00,9432
4512.000,4512.000,40.00,0
4513.000,4513.000,40.00,11309
4514.000,4514.000,40.00,13002
4515.000,4515.000,40.00,0
4516.000,4516.000,40.00,10313
4517.000,4517.000,40.00,0
4518.000,4518.000,40.00,8949
4520.000,4520.000,40.00,1
4521.000,4521.000,40.00,12187
4522.000,4522.000,40.00,0
4523.000,4523.000,40.00,9889
4524.000,4524.000,40.00,0
4525.000,4525.000,40.00,10647
4526.000,4526.000,40.00,0
4527.000,4527.000,40.00,9816
4528.000,4528.000,40.00,11066
4529.000,4529.000,40.00,0
4530.000,4530.000,40.00,11188
4531.000,4531.000,40.00,0
4533.000,4533.000,40.00,10030
4534.000,4534.000,40.00,0
4535.000,4535.000,40.00,9913
4536.000,4536.000,40.00,0
4537.000,4537.000,40.00,11234
4538.000,4538.000,40.00,0
4539.000,4539.000,40.00,9909
4540.000,4540.000,40.00,0
4541.000,4541.000,40.00,6547
4542.000,4542.000,40.00,8798
4543.000,4543.000,40.00,0
4544.000,4544.000,40.00,10953
4545.000,4545.000,40.00,33
4547.000,4547.000,40.00,9112
4548.000,4548.000,40.00,0
4549.000,4549.000,40.00,14542
4550.000,4550.000,40.00,32
4551.000,4551.000,40.00,8890
4552.000,4552.000,40.00,0
4553.000,4553.000,40.00,11031
4554.000,4554.000,40.00,0
4555.000,4555.000,40.00,10048
4556.000,4556.000,40.00,10479
4557.000,4557.000,40.00,0
4558.000,4558.000,40.00,2970
4559.000,4559.000,40.00,6485
4561.000,4561.000,40.00,10712
4562.000,4562.000,40.00,0
4563.000,4563.000,40.00,9899
4564.000,4564.000,40.00,0
4565.000,4565.000,40.00,6676
4566.000,4566.000,40.00,0
4567.000,4567.000,40.00,11728
4568.000,4568.000,40.00,0
4569.000,4569.000,40.00,254
4570.000,4570.000,40.00,11013
4571.000,4571.000,40.00,0
4572.000,4572.000,40.00,8407
4573.000,4573.000,40.00,0
4575.000,4575.000,40.00,9219
4576.000,4576.000,40.00,0
4577.000,4577.000,40.00,9433
4578.000,4578.000,40.00,0
4579.000,4579.000,40.00,11998
4580.000,4580.000,40.00,0
4581.000,4581.000,40.00,11348
4582.000,4582.000,40.00,5239
4583.000,4583.000,40.00,216
4584.000,4584.000,40.00,8250
4585.000,4585.000,40.00,0
4586.000,4586.000,40.00,9151
4588.000,4588.000,40.00,0
4589.000,4589.000,40.00,10917
4590.000,4590.000,40.00,1
4591.000,4591.000,40.00,9915
4592.000,4592.000,40.00,0
4593.000,4593.000,40.00,9861
4594.000,4594.000,40.00,0
4595.000,4595.000,40.00,11782
4596.000,4596.000,40.00,122
4597.000,4597.000,40.00,0
4598.000,4598.000,40.00,9595
4599.000,4599.000,40.00,0
4600.000,4600.000,40.00,10749
4602.000,4602.000,40.00,0
4603.000,4603.000,40.00,11180
4604.000,4604.000,40.00,0
4605.000,4605.000,40.00,10792
4606.000,4606.000,40.00,0
4607.000,4607.000,40.00,11824
4608.000,4608.000,40.00,2
4609.000,4609.000,40.00,8478
4610.000,4610.000,40.00,7463
4611.000,4611.000,40.00,0
4612.000,4612.000,40.00,10620
4613.000,4613.000,40.00,0
4614.000,4614.000,40.00,10367
4616.000,4616.000,40.00,0
4617.000,4617.000,40.00,11564
4618.000,4618.000,40.00,0
4619.000,4619.000,40.00,8499
4620.000,4620.000,40.00,392
4621.000,4621.000,40.00,10211
4622.000,4622.000,40.00,0
4623.000,4623.000,40.00,11600
4624.000,4624.000,40.00,1425
4625.000,4625.000,40.00,1
4626.000,4626.000,40.00,11195
4627.000,4627.000,40.00,0
4628.000,4628.000,40.00,10134
4630.000,4630.000,40.00,0
4631.000,4631.000,40.00,6688
4632.000,4632.000,40.00,0
4633.000,4633.000,40.00,10553
4634.000,4634.000,40.00,0
4635.000,4635.000,40.00,8629
4636.000,4636.000,40.00,0
4637.000,4637.000,40.00,10416
4638.000,4638.000,40.00,1150
4639.000,4639.000,40.00,274
4640.000,4640.000,40.00,11004
4641.000,4641.000,40.00,0
4642.000,4642.000,40.00,12989
4643.000,4643.000,40.00,0
4645.000,4645.000,40.00,11355
4646.000,4646.000,40.00,0
4647.000,4647.000,40.00,8397
4648.000,4648.000,40.00,0
4649.000,4649.000,40.00,9375
4650.000,4650.000,40.00,0
4651.000,4651.000,40.00,11557
4652.000,4652.000,40.00,100
4653.000,4653.000,40.00,48
4654.000,4654.000,40.00,10578
4655.000,4655.000,40.00,0
4656.000,4656.000,40.00,11071
4657.000,4657.000,40.00,0
4659.000,4659.000,40.00,11556
4660.000,4660.000,40.00,0
4661.000,4661.000,40.00,12319
4662.000,4662.000,40.00,0
4663.000,4663.000,40.00,9069
4664.000,4664.000,40.00,0
4665.000,4665.000,40.00,7811
4666.000,4666.000,40.00,6
4667.000,4667.000,40.00,0
4668.000,4668.000,40.00,8986
4669.000,4669.000,40.00,3
4670.000,4670.000,40.00,5309
4671.000,4671.000,40.00,11143
4673.000,4673.000,40.00,2323
4674.000,4674.000,40.00,0
4675.000,4675.000,40.00,11589
4676.000,4676.000,40.00,0
4677.000,4677.000,40.00,9757
4678.000,4678.000,40.00,0
4679.000,4679.000,40.00,9883
4680.000,4680.000,40.00,116
4681.000,4681.000,40.00,8034
4682.000,4682.000,40.00,8010
4683.000,4683.000,40.00,0
4684.000,4684.000,40.00,11821
4685.000,4685.000,40.00,0
4687.000,4687.000,40.00,10645
4688.000,4688.000,40.00,0
4689.000,4689.000,40.00,10582
4690.000,4690.000,40.00,0
4691.000,4691.000,40.00,9669
4692.000,4692.000,40.00,0
4693.000,4693.000,40.00,10064
4694.000,4694.000,40.00,0
4695.000,4695.000,40.00,4804
4696.000,4696.000,40.00,10225
4697.000,4697.000,40.00,0
4698.000,4698.000,40.00,10700
4700.000,4700.000,40.00,0
4701.000,4701.000,40.00,9760
4702.000,4702.000,40.00,0
4703.000,4703.000,40.00,11158
4704.000,4704.000,40.00,0
4705.000,4705.000,40.00,10882
4706.000,4706.000,40.00,0
4707.000,4707.000,40.00,10891
4708.000,4708.000,40.00,0
4709.000,4709.000,40.00,4271
4710.000,4710.000,40.00,6845
4711.000,4711.000,40.00,596
4712.000,4712.000,40.00,510
4713.000,4713.000,40.00,20379
4715.000,4715.000,40.00,0
4716.000,4716.000,40.00,0
4717.000,4717.000,40.00,10717
4718.000,4718.000,40.00,0
4719.000,4719.000,40.00,11041
4720.000,4720.000,40.00,0
4721.000,4721.000,40.00,10370
4722.000,4722.000,40.00,0
4723.000,4723.000,40.00,3691
4724.000,4724.000,40.00,8231
4725.000,4725.000,40.00,0
4726.000,4726.000,40.00,10071
4727.000,4727.000,40.00,0
4729.000,4729.000,40.00,11754
4730.000,4730.000,40.00,21
4731.000,4731.000,40.00,10724
4732.000,4732.000,40.00,0
4733.000,4733.000,40.00,10999
4734.000,4734.000,40.00,0
4735.000,4735.000,40.00,9944
4736.000,4736.000,40.00,2032
4737.000,4737.000,40.00,181
4738.000,4738.000,40.00,11129
4739.000,4739.000,40.00,0
4740.000,4740.000,40.00,1124
4742.000,4742.000,40.00,8867
4743.000,4743.000,40.00,10005
4744.000,4744.000,40.00,0
4745.000,4745.000,40.00,9057
4746.000,4746.000,40.00,0
4747.000,4747.000,40.00,10791
4748.000,4748.000,40.00,0
4749.000,4749.000,40.00,11471
4750.000,4750.000,40.00,8052
4751.000,4751.000,40.00,0
4752.000,4752.000,40.00,10549
4753.000,4753.000,40.00,0
4754.000,4754.000,40.00,10002
4756.000,4756.000,40.00,82
4757.000,4757.000,40.00,8032
4758.000,4758.000,40.00,0
4759.000,4759.000,40.00,13297
4760.000,4760.000,40.00,1
4761.000,4761.000,40.00,10756
4762.000,4762.000,40.00,0
4763.000,4763.000,40.00,8686
4764.000,4764.000,40.00,8358
4765.000,4765.000,40.00,0
4766.000,4766.000,40.00,13151
4767.000,4767.000,40.00,11
4768.000,4768.000,40.00,11991
4770.000,4770.000,40.00,0
4771.000,4771.000,40.00,11267
4772.000,4772.000,40.00,0
4773.000,4773.000,40.00,9759
4774.000,4774.000,40.00,0
4775.000,4775.000,40.00,10945
4776.000,4776.000,40.00,0
4777.000,4777.000,40.00,9975
4778.000,4778.000,40.00,122
4779.000,4779.000,40.00,0
4780.000,4780.000,40.00,9622
4781.000,4781.000,40.00,0
4782.000,4782.000,40.00,9175
4784.000,4784.000,40.00,0
4785.000,4785.000,40.00,10942
4786.000,4786.000,40.00,0
4787.000,4787.000,40.00,10262
4788.000,4788.000,40.00,0
4789.000,4789.000,40.00,9530
4790.000,4790.000,40.00,33
4791.000,4791.000,40.00,3364
4792.000,4792.000,40.00,3001
4793.000,4793.000,40.00,6913
4794.000,4794.000,40.00,10246
4795.000,4795.000,40.00,0
4796.000,4796.000,40.00,10011
4798.000,4798.000,40.00,0
4799.000,4799.000,40.00,10254
4800.000,4800.000,40.00,0
4801.000,4801.000,40.00,11596
4802.000,4802.000,40.00,79
4803.000,4803.000,40.00,12739
4804.000,4804.000,40.00,0
4805.000,4805.000,40.00,11444
4806.000,4806.000,40.00,9026
4807.000,4807.000,40.00,0
4808.000,4808.000,40.00,8058
4809.000,4809.000,40.00,0
4810.000,4810.000,40.00,11007
4812.000,4812.000,40.00,0
4813.000,4813.000,40.00,5444
4814.000,4814.000,40.00,2696
4815.000,4815.000,40.00,11824
4816.000,4816.000,40.00,0
4817.000,4817.000,40.00,11704
4818.000,4818.000,40.00,0
4819.000,4819.000,40.00,10857
4820.000,4820.000,40.00,10846
4821.000,4821.000,40.00,0
4822.000,4822.000,40.00,8782
4823.000,4823.000,40.00,0
4824.000,4824.000,40.00,6331
4826.000,4826.000,40.00,0
4827.000,4827.000,40.00,1248
4828.000,4828.000,40.00,0
4829.000,4829.000,40.00,1395
4830.000,4830.000,40.00,0
4831.000,4831.000,40.00,599
4832.000,4832.000,40.00,0
4833.000,4833.000,40.00,172
4834.000,4834.000,40.00,336
4835.000,4835.000,40.00,245
4836.000,4836.000,40.00,562
4837.000,4837.000,40.00,0
4839.000,4839.000,40.00,451
4840.000,4840.000,40.00,0
4841.000,4841.000,40.00,404
4842.000,4842.000,40.00,0
4843.000,4843.000,40.00,446
4844.000,4844.000,40.00,0
4845.000,4845.000,40.00,773
4846.000,4846.000,40.00,1005
4847.000,4847.000,40.00,0
4848.000,4848.000,40.00,1344
4849.000,4849.000,40.00,2
4850.000,4850.000,40.00,1517
4852.000,4852.000,40.00,0
4853.000,4853.000,40.00,1098
4854.000,4854.000,40.00,0
4855.000,4855.000,40.00,1809
4856.000,4856.000,40.00,0
4857.000,4857.000,40.00,1465
4858.000,4858.000,40.00,0
4859.000,4859.000,40.00,887
4860.000,4860.000,40.00,1434
4861.000,4861.000,40.00,0
4862.000,4862.000,40.00,1768
4863.000,4863.000,40.00,0
4864.000,4864.000,40.00,1727
4866.000,4866.000,40.00,0
4867.000,4867.000,40.00,1350
4868.000,4868.000,40.00,0
4869.000,4869.000,40.00,1198
4870.000,4870.000,40.00,0
4871.000,4871.000,40.00,1450
4872.000,4872.000,40.00,0
4873.000,4873.000,40.00,535
4874.000,4874.000,40.00,946
4875.000,4875.000,40.00,0
4876.000,4876.000,40.00,717
4877.000,4877.000,40.00,0
4879.000,4879.000,40.00,1289
4880.000,4880.000,40.00,0
4881.000,4881.000,40.00,2575
4882.000,4882.000,40.00,273
4883.000,4883.000,40.00,1022
4884.000,4884.000,40.00,0
4885.000,4885.000,40.00,2274
4886.000,4886.000,40.00,0
4887.000,4887.000,40.00,0
4888.000,4888.000,40.00,0
4889.000,4889.000,40.00,0
4890.000,4890.000,40.00,0
4892.000,4892.000,40.00,0
4893.000,4893.000,40.00,0
4894.000,4894.000,40.00,0
4895.000,4895.000,40.00,0
4896.000,4896.000,40.00,0
4897.000,4897.000,40.00,0
4898.000,4898.000,40.00,0
4899.000,4899.000,40.00,0
4900.000,4900.000,40.00,0
4901.000,4901.000,40.00,0
4902.000,4902.000,40.00,1
4903.000,4903.000,40.00,0
4905.000,4905.000,40.00,0
4906.000,4906.000,40.00,0
4907.000,4907.000,40.00,0
4908.000,4908.000,40.00,0
4909.000,4909.000,40.00,0
4910.000,4910.000,40.00,23
4911.000,4911.000,40.00,0
4912.000,4912.000,40.00,0
4913.000,4913.000,40.00,0
4914.000,4914.000,40.00,0
4915.000,4915.000,40.00,0
4916.000,4916.000,40.00,0
4917.000,4917.000,40.00,0
4919.000,4919.000,40.00,0
4920.000,4920.000,40.00,1
4921.000,4921.000,40.00,0
4922.000,4922.000,40.00,0
4923.000,4923.000,40.00,0
4924.000,4924.000,40.00,0
4925.000,4925.000,40.00,0
4926.000,4926.000,40.00,0
4927.000,4927.000,40.00,0
4928.000,4928.000,40.00,0
4929.000,4929.000,40.00,0
4930.000,4930.000,40.00,0
4932.000,4932.000,40.00,0
4933.000,4933.000,40.00,0
4934.000,4934.000,40.00,1
4935.000,4935.000,40.00,0
4936.000,4936.000,40.00,0
4937.000,4937.000,40.00,0
4938.000,4938.000,40.00,0
4939.000,4939.000,40.00,0
4940.000,4940.000,40.00,0
4941.000,4941.000,40.00,0
4942.000,4942.000,40.00,0
4943.000,4943.000,40.00,0
4945.000,4945.000,40.00,87
4946.000,4946.000,40.00,0
4947.000,4947.000,40.00,0
4948.000,4948.000,40.00,0
4949.000,4949.000,40.00,0
4950.000,4950.000,40.00,0
4951.000,4951.000,40.00,1
4952.000,4952.000,40.00,0
4953.000,4953.000,40.00,0
4954.000,4954.000,40.00,0
4955.000,4955.000,40.00,0
4956.000,4956.000,40.00,0
4958.000,4958.000,40.00,0
4959.000,4959.000,40.00,0
4960.000,4960.000,40.00,0
4961.000,4961.000,40.00,0
4962.000,4962.000,40.00,0
4963.000,4963.000,40.00,0
4964.000,4964.000,40.00,0
4965.000,4965.000,40.00,0
4966.000,4966.000,40.00,0
4967.000,4967.000,40.00,0
4968.000,4968.000,40.00,0
4969.000,4969.000,40.00,0
4971.000,4971.000,40.00,48
4972.000,4972.000,40.00,1
4973.000,4973.000,40.00,0
4974.000,4974.000,40.00,0
4975.000,4975.000,40.00,0
4976.000,4976.000,40.00,0
4977.000,4977.000,40.00,28
4978.000,4978.000,40.00,0
4979.000,4979.000,40.00,0
4980.000,4980.000,40.00,0
4981.000,4981.000,40.00,0
4982.000,4982.000,40.00,0
4984.000,4984.000,40.00,1
4985.000,4985.000,40.00,0
4986.000,4986.000,40.00,0
4987.000,4987.000,40.00,0
4988.000,4988.000,40.00,0
4989.000,4989.000,40.00,0
4990.000,4990.000,40.00,0
4991.000,4991.000,40.00,0
4992.000,4992.000,40.00,0
4993.000,4993.000,40.00,0
4994.000,4994.000,40.00,0
4995.000,4995.000,40.00,0
4996.000,4996.000,40.00,0
4998.000,4998.000,40.00,0
4999.000,4999.000,40.00,0
5000.000,5000.000,40.00,5
5001.000,5001.000,40.00,0
5002.000,5002.000,40.00,1
5003.000,5003.000,40.00,0
5004.000,5004.000,40.00,0
5005.000,5005.000,40.00,0
5006.000,5006.000,40.00,2
5007.000,5007.000,40.00,0
5008.000,5008.000,40.00,0
5010.000,5010.000,40.00,576
5011.000,5011.000,40.00,527
5012.000,5012.000,40.00,97308
5013.000,5013.000,40.00,98586
5014.000,5014.000,40.00,67052
5015.000,5015.000,40.00,100523
5016.000,5016.000,40.00,79326
5017.000,5017.000,40.00,97319
5018.000,5018.000,40.00,99646
5019.000,5019.000,40.00,117535
5020.000,5020.000,40.00,106920
5021.000,5021.000,40.00,850
5022.000,5022.000,40.00,330
5023.000,5023.000,40.00,10517
5024.000,5024.000,40.00,47
5026.000,5026.000,40.00,10535
5027.000,5027.000,40.00,0
5028.000,5028.000,40.00,10883
5029.000,5029.000,40.00,0
5030.000,5030.000,40.00,8836
5031.000,5031.000,40.00,0
5032.000,5032.000,40.00,3868
5033.000,5033.000,40.00,0
5034.000,5034.000,40.00,9609
5035.000,5035.000,40.00,3708
5036.000,5036.000,40.00,1400
5037.000,5037.000,40.00,9750
5039.000,5039.000,40.00,0
5040.000,5040.000,40.00,10942
5041.000,5041.000,40.00,0
5042.000,5042.000,40.00,11021
5043.000,5043.000,40.00,0
5044.000,5044.000,40.00,10508
5045.000,5045.000,40.00,0
5046.000,5046.000,40.00,8766
5047.000,5047.000,40.00,0
5048.000,5048.000,40.00,11882
5049.000,5049.000,40.00,10360
5050.000,5050.000,40.00,0
5051.000,5051.000,40.00,11025
5053.000,5053.000,40.00,0
5054.000,5054.000,40.00,9967
5055.000,5055.000,40.00,0
5056.000,5056.000,40.00,8362
5057.000,5057.000,40.00,0
5058.000,5058.000,40.00,9985
5059.000,5059.000,40.00,0
5060.000,5060.000,40.00,10158
5061.000,5061.000,40.00,127
5062.000,5062.000,40.00,382
5063.000,5063.000,40.00,4256
5064.000,5064.000,40.00,0
5065.000,5065.000,40.00,11048
5067.000,5067.000,40.00,0
5068.000,5068.000,40.00,10939
5069.000,5069.000,40.00,0
5070.000,5070.000,40.00,9788
5071.000,5071.000,40.00,3
5072.000,5072.000,40.00,10028
5073.000,5073.000,40.00,1
5074.000,5074.000,40.00,9755
5075.000,5075.000,40.00,8765
5076.000,5076.000,40.00,0
5077.000,5077.000,40.00,11328
5078.000,5078.000,40.00,0
5080.000,5080.000,40.00,11847
5081.000,5081.000,40.00,0
5082.000,5082.000,40.00,10964
5083.000,5083.000,40.00,0
5084.000,5084.000,40.00,10716
5085.000,5085.000,40.00,9
5086.000,5086.000,40.00,10511
5087.000,5087.000,40.00,0
5088.000,5088.000,40.00,10144
5089.000,5089.000,40.00,126
5090.000,5090.000,40.00,6627
5091.000,5091.000,40.00,10131
5092.000,5092.000,40.00,0
5093.000,5093.000,40.00,10847
5095.000,5095.000,40.00,0
5096.000,5096.000,40.00,10268
5097.000,5097.000,40.00,0
5098.000,5098.000,40.00,7955
5099.000,5099.000,40.00,0
5100.000,5100.000,40.00,10869
5101.000,5101.000,40.00,0
5102.000,5102.000,40.00,5595
5103.000,5103.000,40.00,11014
5104.000,5104.000,40.00,0
5105.000,5105.000,40.00,11519
5106.000,5106.000,40.00,0
5108.000,5108.000,40.00,11232
5109.000,5109.000,40.00,0
5110.000,5110.000,40.00,10187
5111.000,5111.000,40.00,0
5112.000,5112.000,40.00,11342
5113.000,5113.000,40.00,0
5114.000,5114.000,40.00,11938
5115.000,5115.000,40.00,0
5116.000,5116.000,40.00,3253
5117.000,5117.000,40.00,10243
5118.000,5118.000,40.00,0
5119.000,5119.000,40.00,11954
5121.000,5121.000,40.00,0
5122.000,5122.000,40.00,10508
5123.000,5123.000,40.00,0
5124.000,5124.000,40.00,9783
5125.000,5125.000,40.00,0
5126.000,5126.000,40.00,10813
5127.000,5127.000,40.00,0
5128.000,5128.000,40.00,9828
5129.000,5129.000,40.00,51
5130.000,5130.000,40.00,3291
5131.000,5131.000,40.00,10500
5132.000,5132.000,40.00,0
5134.000,5134.000,40.00,1332
5135.000,5135.000,40.00,19311
5136.000,5136.000,40.00,0
5137.000,5137.000,40.00,0
5138.000,5138.000,40.00,11083
5139.000,5139.000,40.00,0
5140.000,5140.000,40.00,10175
5141.000,5141.000,40.00,0
5142.000,5142.000,40.00,8452
5143.000,5143.000,40.00,3867
5144.000,5144.000,40.00,34
5145.000,5145.000,40.00,7531
5146.000,5146.000,40.00,0
5148.000,5148.000,40.00,6896
5149.000,5149.000,40.00,0
5150.000,5150.000,40.00,7087
5151.000,5151.000,40.00,0
5152.000,5152.000,40.00,8904
5153.000,5153.000,40.00,0
5154.000,5154.000,40.00,12818
5155.000,5155.000,40.00,0
5156.000,5156.000,40.00,8002
5157.000,5157.000,40.00,755
5158.000,5158.000,40.00,7202
5159.000,5159.000,40.00,7779
5160.000,5160.000,40.00,0
5162.000,5162.000,40.00,5416
5163.000,5163.000,40.00,1080
5164.000,5164.000,40.00,11473
5165.000,5165.000,40.00,0
5166.000,5166.000,40.00,13066
5167.000,5167.000,40.00,0
5168.000,5168.000,40.00,10270
5169.000,5169.000,40.00,51
5170.000,5170.000,40.00,8952
5171.000,5171.000,40.00,3045
5172.000,5172.000,40.00,4312
5173.000,5173.000,40.00,7574
5175.000,5175.000,40.00,470
5176.000,5176.000,40.00,10600
5177.000,5177.000,40.00,1
5178.000,5178.000,40.00,10515
5179.000,5179.000,40.00,0
5180.000,5180.000,40.00,10321
5181.000,5181.000,40.00,0
5182.000,5182.000,40.00,10768
5183.000,5183.000,40.00,0
5184.000,5184.000,40.00,10861
5185.000,5185.000,40.00,6342
5186.000,5186.000,40.00,0
5187.000,5187.000,40.00,10601
5189.000,5189.000,40.00,0
5190.000,5190.000,40.00,8928
5191.000,5191.000,40.00,99
5192.000,5192.000,40.00,11028
5193.000,5193.000,40.00,0
5194.000,5194.000,40.00,8988
5195.000,5195.000,40.00,0
5196.000,5196.000,40.00,12047
5197.000,5197.000,40.00,0
5198.000,5198.000,40.00,10871
5199.000,5199.000,40.00,138
5200.000,5200.000,40.00,9658
5201.000,5201.000,40.00,2841
5202.000,5202.000,40.00,4677
5203.000,5203.000,40.00,9078
5205.000,5205.000,40.00,39
5206.000,5206.000,40.00,10507
5207.000,5207.000,40.00,68
5208.000,5208.000,40.00,11147
5209.000,5209.000,40.00,0
5210.000,5210.000,40.00,10228
5211.000,5211.000,40.00,0
5212.000,5212.000,40.00,12277
5213.000,5213.000,40.00,0
5214.000,5214.000,40.00,10079
5215.000,5215.000,40.00,291
5216.000,5216.000,40.00,10948
5217.000,5217.000,40.00,8407
5218.000,5218.000,40.00,0
5220.000,5220.000,40.00,1873
5221.000,5221.000,40.00,6534
5222.000,5222.000,40.00,9711
5223.000,5223.000,40.00,0
5224.000,5224.000,40.00,10739
5225.000,5225.000,40.00,0
5226.000,5226.000,40.00,10188
5227.000,5227.000,40.00,606
5228.000,5228.000,40.00,2097
5229.000,5229.000,40.00,16698
5230.000,5230.000,40.00,0
5231.000,5231.000,40.00,5054
5233.000,5233.000,40.00,5102
5234.000,5234.000,40.00,10596
5235.000,5235.000,40.00,0
5236.000,5236.000,40.00,3985
5237.000,5237.000,40.00,4056
5238.000,5238.000,40.00,9967
5239.000,5239.000,40.00,0
5240.000,5240.000,40.00,10830
5241.000,5241.000,40.00,180
5242.000,5242.000,40.00,5635
5243.000,5243.000,40.00,4241
5244.000,5244.000,40.00,3372
5245.000,5245.000,40.00,10696
5246.000,5246.000,40.00,0
5248.000,5248.000,40.00,8274
5249.000,5249.000,40.00,668
5250.000,5250.000,40.00,10777
5251.000,5251.000,40.00,1
5252.000,5252.000,40.00,10534
5253.000,5253.000,40.00,0
5254.000,5254.000,40.00,9500
5255.000,5255.000,40.00,0
5256.000,5256.000,40.00,10745
5257.000,5257.000,40.00,1525
5258.000,5258.000,40.00,4980
5259.000,5259.000,40.00,10598
5261.000,5261.000,40.00,0
5262.000,5262.000,40.00,10144
5263.000,5263.000,40.00,0
5264.000,5264.000,40.00,10097
5265.000,5265.000,40.00,13
5266.000,5266.000,40.00,9299
5267.000,5267.000,40.00,0
5268.000,5268.000,40.00,7321
5269.000,5269.000,40.00,155
5270.000,5270.000,40.00,7494
5271.000,5271.000,40.00,9549
5272.000,5272.000,40.00,0
5273.000,5273.000,40.00,10646
5275.000,5275.000,40.00,0
5276.000,5276.000,40.00,10131
5277.000,5277.000,40.00,0
5278.000,5278.000,40.00,10069
5279.000,5279.000,40.00,0
5280.000,5280.000,40.00,9783
5281.000,5281.000,40.00,0
5282.000,5282.000,40.00,14014
5283.000,5283.000,40.00,2361
5284.000,5284.000,40.00,7487
5285.000,5285.000,40.00,0
5286.000,5286.000,40.00,10734
5287.000,5287.000,40.00,10281
5289.000,5289.000,40.00,0
5290.000,5290.000,40.00,10984
5291.000,5291.000,40.00,0
5292.000,5292.000,40.00,10332
5293.000,5293.000,40.00,0
5294.000,5294.000,40.00,10494
5295.000,5295.000,40.00,0
5296.000,5296.000,40.00,10284
5297.000,5297.000,40.00,0
5298.000,5298.000,40.00,10653
5299.000,5299.000,40.00,4841
5300.000,5300.000,40.00,1640
5301.000,5301.000,40.00,9398
5302.000,5302.000,40.00,0
5304.000,5304.000,40.00,11018
5305.000,5305.000,40.00,0
5306.000,5306.000,40.00,10471
5307.000,5307.000,40.00,0
5308.000,5308.000,40.00,10087
5309.000,5309.000,40.00,0
5310.000,5310.000,40.00,11305
5311.000,5311.000,40.00,0
5312.000,5312.000,40.00,10637
5313.000,5313.000,40.00,2897
5314.000,5314.000,40.00,4887
5315.000,5315.000,40.00,10982
5316.000,5316.000,40.00,0
5318.000,5318.000,40.00,10373
5319.000,5319.000,40.00,0
5320.000,5320.000,40.00,10114
5321.000,5321.000,40.00,0
5322.000,5322.000,40.00,11249
5323.000,5323.000,40.00,0
5324.000,5324.000,40.00,10479
5325.000,5325.000,40.00,3
5326.000,5326.000,40.00,10189
5327.000,5327.000,40.00,123
5328.000,5328.000,40.00,5148
5329.000,5329.000,40.00,6635
5330.000,5330.000,40.00,1450
5332.000,5332.000,40.00,5653
5333.000,5333.000,40.00,1006
5334.000,5334.000,40.00,9953
5335.000,5335.000,40.00,0
5336.000,5336.000,40.00,9279
5337.000,5337.000,40.00,44
5338.000,5338.000,40.00,10373
5339.000,5339.000,40.00,0
5340.000,5340.000,40.00,10938
5341.000,5341.000,40.00,0
5342.000,5342.000,40.00,10163
5343.000,5343.000,40.00,2042
5344.000,5344.000,40.00,8264
5345.000,5345.000,40.00,10278
5347.000,5347.000,40.00,0
5348.000,5348.000,40.00,6922
5349.000,5349.000,40.00,1451
5350.000,5350.000,40.00,10247
5351.000,5351.000,40.00,0
5352.000,5352.000,40.00,10921
5353.000,5353.000,40.00,0
5354.000,5354.000,40.00,10773
5355.000,5355.000,40.00,3061
5356.000,5356.000,40.00,4174
5357.000,5357.000,40.00,8726
5358.000,5358.000,40.00,349
5360.000,5360.000,40.00,10207
5361.000,5361.000,40.00,0
5362.000,5362.000,40.00,10755
5363.000,5363.000,40.00,0
5364.000,5364.000,40.00,10737
5365.000,5365.000,40.00,0
5366.000,5366.000,40.00,9702
5367.000,5367.000,40.00,1
5368.000,5368.000,40.00,8387
5369.000,5369.000,40.00,2209
5370.000,5370.000,40.00,4057
5371.000,5371.000,40.00,7244
5372.000,5372.000,40.00,1780
5374.000,5374.000,40.00,1319
5375.000,5375.000,40.00,6329
5376.000,5376.000,40.00,15529
5377.000,5377.000,40.00,1
5378.000,5378.000,40.00,4175
5379.000,5379.000,40.00,5902
5380.000,5380.000,40.00,10303
5381.000,5381.000,40.00,0
5382.000,5382.000,40.00,6895
5383.000,5383.000,40.00,9339
5384.000,5384.000,40.00,2490
5385.000,5385.000,40.00,2700
5387.000,5387.000,40.00,8602
5388.000,5388.000,40.00,9156
5389.000,5389.000,40.00,0
5390.000,5390.000,40.00,10869
5391.000,5391.000,40.00,0
5392.000,5392.000,40.00,10739
5393.000,5393.000,40.00,0
5394.000,5394.000,40.00,10886
5395.000,5395.000,40.00,84
5396.000,5396.000,40.00,10060
5397.000,5397.000,40.00,1996
5398.000,5398.000,40.00,8805
5399.000,5399.000,40.00,6753
5401.000,5401.000,40.00,2004
5402.000,5402.000,40.00,9964
5403.000,5403.000,40.00,0
5404.000,5404.000,40.00,5062
5405.000,5405.000,40.00,2691
5406.000,5406.000,40.00,10475
5407.000,5407.000,40.00,221
5408.000,5408.000,40.00,2348
5409.000,5409.000,40.00,13829
5410.000,5410.000,40.00,1345
5411.000,5411.000,40.00,1639
5412.000,5412.000,40.00,6566
5413.000,5413.000,40.00,10597
5415.000,5415.000,40.00,0
5416.000,5416.000,40.00,3231
5417.000,5417.000,40.00,8320
5418.000,5418.000,40.00,7322
5419.000,5419.000,40.00,0
5420.000,5420.000,40.00,4882
5421.000,5421.000,40.00,5096
5422.000,5422.000,40.00,3121
5423.000,5423.000,40.00,133
5424.000,5424.000,40.00,155
5425.000,5425.000,40.00,155
5426.000,5426.000,40.00,202
5427.000,5427.000,40.00,101
5429.000,5429.000,40.00,1531
5430.000,5430.000,40.00,1693
5431.000,5431.000,40.00,111
5432.000,5432.000,40.00,225
5433.000,5433.000,40.00,826
5434.000,5434.000,40.00,1191
5435.000,5435.000,40.00,78
5436.000,5436.000,40.00,140
5437.000,5437.000,40.00,1528
5438.000,5438.000,40.00,3889
5439.000,5439.000,40.00,1140
5440.000,5440.000,40.00,1550
5441.000,5441.000,40.00,1445
5443.000,5443.000,40.00,895
5444.000,5444.000,40.00,1212
5445.000,5445.000,40.00,624
5446.000,5446.000,40.00,659
5447.000,5447.000,40.00,423
5448.000,5448.000,40.00,554
5449.000,5449.000,40.00,124
5450.000,5450.000,40.00,0
5451.000,5451.000,40.00,0
5452.000,5452.000,40.00,67
5453.000,5453.000,40.00,344
5454.000,5454.000,40.00,177
5456.000,5456.000,40.00,153
5457.000,5457.000,40.00,527
5458.000,5458.000,40.00,6
5459.000,5459.000,40.00,352
5460.000,5460.000,40.00,15
5461.000,5461.000,40.00,2
5462.000,5462.000,40.00,69
5463.000,5463.000,40.00,24
5464.000,5464.000,40.00,139
5465.000,5465.000,40.00,140
5466.000,5466.000,40.00,124
5468.000,5468.000,40.00,1
5469.000,5469.000,40.00,1
5470.000,5470.000,40.00,0
5471.000,5471.000,40.00,0
5472.000,5472.000,40.00,0
5473.000,5473.000,40.00,48
5474.000,5474.000,40.00,56
5475.000,5475.000,40.00,1
5476.000,5476.000,40.00,0
5477.000,5477.000,40.00,33
5478.000,5478.000,40.00,45
5479.000,5479.000,40.00,11
5480.000,5480.000,40.00,0
5482.000,5482.000,40.00,34
5483.000,5483.000,40.00,0
5484.000,5484.000,40.00,0
5485.000,5485.000,40.00,23
5486.000,5486.000,40.00,0
5487.000,5487.000,40.00,0
5488.000,5488.000,40.00,39
5489.000,5489.000,40.00,0
5490.000,5490.000,40.00,13
5491.000,5491.000,40.00,1
5492.000,5492.000,40.00,0
5493.000,5493.000,40.00,0
5494.000,5494.000,40.00,0
5496.000,5496.000,40.00,0
5497.000,5497.000,40.00,0
5498.000,5498.000,40.00,0
5499.000,5499.000,40.00,0
5500.000,5500.000,40.00,0
5501.000,5501.000,40.00,0
5502.000,5502.000,40.00,0
5503.000,5503.000,40.00,0
5504.000,5504.000,40.00,0
5505.000,5505.000,40.00,0
5506.000,5506.000,40.00,1
5507.000,5507.000,40.00,0
5509.000,5509.000,40.00,0
5510.000,5510.000,40.00,0
5511.000,5511.000,40.00,0
5512.000,5512.000,40.00,0
5513.000,5513.000,40.00,0
5514.000,5514.000,40.00,0
5515.000,5515.000,40.00,0
5516.000,5516.000,40.00,0
5517.000,5517.000,40.00,0
5518.000,5518.000,40.00,0
5519.000,5519.000,40.00,0
5520.000,5520.000,40.00,0
5522.000,5522.000,40.00,0
5523.000,5523.000,40.00,0
5524.000,5524.000,40.00,0
5525.000,5525.000,40.00,1
5526.000,5526.000,40.00,0
5527.000,5527.000,40.00,0
5528.000,5528.000,40.00,0
5529.000,5529.000,40.00,2337
5530.000,5530.000,40.00,15
5531.000,5531.000,40.00,2383
5532.000,5532.000,40.00,17837
5533.000,5533.000,40.00,10160
5534.000,5534.000,40.00,854
5536.000,5536.000,40.00,7091
5537.000,5537.000,40.00,14687
5538.000,5538.000,40.00,18924
5539.000,5539.000,40.00,10186
5540.000,5540.000,40.00,0
5541.000,5541.000,40.00,0
5542.000,5542.000,40.00,0
5543.000,5543.000,40.00,184
5544.000,5544.000,40.00,4472
5545.000,5545.000,40.00,6238
5546.000,5546.000,40.00,22373
5547.000,5547.000,40.00,78680
5549.000,5549.000,40.00,111942
5550.000,5550.000,40.00,31606
5551.000,5551.000,40.00,4116
5552.000,5552.000,40.00,48922
5553.000,5553.000,40.00,64786
5554.000,5554.000,40.00,65239
5555.000,5555.000,40.00,63635
5556.000,5556.000,40.00,51984
5557.000,5557.000,40.00,5940
5558.000,5558.000,40.00,1556
5559.000,5559.000,40.00,9857
5561.000,5561.000,40.00,0
5562.000,5562.000,40.00,9705
5563.000,5563.000,40.00,0
5564.000,5564.000,40.00,12125
5565.000,5565.000,40.00,0
5566.000,5566.000,40.00,9446
5567.000,5567.000,40.00,0
5568.000,5568.000,40.00,10491
5569.000,5569.000,40.00,675
5570.000,5570.000,40.00,6433
5571.000,5571.000,40.00,3847
5572.000,5572.000,40.00,3174
5574.000,5574.000,40.00,8770
5575.000,5575.000,40.00,0
5576.000,5576.000,40.00,11683
5577.000,5577.000,40.00,0
5578.000,5578.000,40.00,11270
5579.000,5579.000,40.00,0
5580.000,5580.000,40.00,9581
5581.000,5581.000,40.00,0
5582.000,5582.000,40.00,7793
5583.000,5583.000,40.00,3265
5584.000,5584.000,40.00,5493
5585.000,5585.000,40.00,6492
5586.000,5586.000,40.00,3692
5588.000,5588.000,40.00,8633
5589.000,5589.000,40.00,0
5590.000,5590.000,40.00,10182
5591.000,5591.000,40.00,0
5592.000,5592.000,40.00,11050
5593.000,5593.000,40.00,0
5594.000,5594.000,40.00,10645
5595.000,5595.000,40.00,273
5596.000,5596.000,40.00,6470
5597.000,5597.000,40.00,6769
5598.000,5598.000,40.00,621
5599.000,5599.000,40.00,8326
5601.000,5601.000,40.00,693
5602.000,5602.000,40.00,11848
5603.000,5603.000,40.00,0
5604.000,5604.000,40.00,10302
5605.000,5605.000,40.00,0
5606.000,5606.000,40.00,10490
5607.000,5607.000,40.00,0
5608.000,5608.000,40.00,10543
5609.000,5609.000,40.00,2619
5610.000,5610.000,40.00,5235
5611.000,5611.000,40.00,7432
5612.000,5612.000,40.00,317
5613.000,5613.000,40.00,6093
5615.000,5615.000,40.00,2815
5616.000,5616.000,40.00,12218
5617.000,5617.000,40.00,0
5618.000,5618.000,40.00,10605
5619.000,5619.000,40.00,0
5620.000,5620.000,40.00,10626
5621.000,5621.000,40.00,0
5622.000,5622.000,40.00,9764
5623.000,5623.000,40.00,2602
5624.000,5624.000,40.00,4522
5625.000,5625.000,40.00,8694
5626.000,5626.000,40.00,0
5628.000,5628.000,40.00,9931
5629.000,5629.000,40.00,0
5630.000,5630.000,40.00,10255
5631.000,5631.000,40.00,0
5632.000,5632.000,40.00,11239
5633.000,5633.000,40.00,0
5634.000,5634.000,40.00,10020
5635.000,5635.000,40.00,670
5636.000,5636.000,40.00,8627
5637.000,5637.000,40.00,4528
5638.000,5638.000,40.00,3014
5639.000,5639.000,40.00,10531
5641.000,5641.000,40.00,0
5642.000,5642.000,40.00,10199
5643.000,5643.000,40.00,0
5644.000,5644.000,40.00,11637
5645.000,5645.000,40.00,1
5646.000,5646.000,40.00,10529
5647.000,5647.000,40.00,272
5648.000,5648.000,40.00,9372
5649.000,5649.000,40.00,302
5650.000,5650.000,40.00,7396
5651.000,5651.000,40.00,5460
5652.000,5652.000,40.00,4948
5654.000,5654.000,40.00,9054
5655.000,5655.000,40.00,0
5656.000,5656.000,40.00,10420
5657.000,5657.000,40.00,274
5658.000,5658.000,40.00,10162
5659.000,5659.000,40.00,0
5660.000,5660.000,40.00,10539
5661.000,5661.000,40.00,0
5662.000,5662.000,40.00,7721
5663.000,5663.000,40.00,5218
5664.000,5664.000,40.00,276
5665.000,5665.000,40.00,9553
5667.000,5667.000,40.00,0
5668.000,5668.000,40.00,10687
5669.000,5669.000,40.00,0
5670.000,5670.000,40.00,10476
5671.000,5671.000,40.00,11
5672.000,5672.000,40.00,10950
5673.000,5673.000,40.00,0
5674.000,5674.000,40.00,9099
5675.000,5675.000,40.00,3608
5676.000,5676.000,40.00,4526
5677.000,5677.000,40.00,8711
5678.000,5678.000,40.00,275
5680.000,5680.000,40.00,12848
5681.000,5681.000,40.00,0
5682.000,5682.000,40.00,11296
5683.000,5683.000,40.00,0
5684.000,5684.000,40.00,10776
5685.000,5685.000,40.00,0
5686.000,5686.000,40.00,9931
5687.000,5687.000,40.00,165
5688.000,5688.000,40.00,3643
5689.000,5689.000,40.00,6702
5690.000,5690.000,40.00,1392
5691.000,5691.000,40.00,10135
5693.000,5693.000,40.00,272
5694.000,5694.000,40.00,11484
5695.000,5695.000,40.00,0
5696.000,5696.000,40.00,10343
5697.000,5697.000,40.00,0
5698.000,5698.000,40.00,10812
5699.000,5699.000,40.00,0
5700.000,5700.000,40.00,11282
5701.000,5701.000,40.00,5953
5702.000,5702.000,40.00,3318
5703.000,5703.000,40.00,3706
5705.000,5705.000,40.00,4790
5706.000,5706.000,40.00,10664
5707.000,5707.000,40.00,0
5708.000,5708.000,40.00,10281
5709.000,5709.000,40.00,274
5710.000,5710.000,40.00,8403
5711.000,5711.000,40.00,277
5712.000,5712.000,40.00,9636
5713.000,5713.000,40.00,311
5714.000,5714.000,40.00,8150
5715.000,5715.000,40.00,7341
5716.000,5716.000,40.00,392
5718.000,5718.000,40.00,11919
5719.000,5719.000,40.00,279
5720.000,5720.000,40.00,10628
5721.000,5721.000,40.00,0
5722.000,5722.000,40.00,7993
5723.000,5723.000,40.00,0
5724.000,5724.000,40.00,8532
5725.000,5725.000,40.00,285
5726.000,5726.000,40.00,9978
5727.000,5727.000,40.00,1717
5728.000,5728.000,40.00,10671
5729.000,5729.000,40.00,4559
5730.000,5730.000,40.00,4435
5732.000,5732.000,40.00,10539
5733.000,5733.000,40.00,274
5734.000,5734.000,40.00,8125
5735.000,5735.000,40.00,279
5736.000,5736.000,40.00,11182
5737.000,5737.000,40.00,0
5738.000,5738.000,40.00,11915
5739.000,5739.000,40.00,144
5740.000,5740.000,40.00,10063
5741.000,5741.000,40.00,1232
5742.000,5742.000,40.00,6830
5743.000,5743.000,40.00,5492
5744.000,5744.000,40.00,4972
5746.000,5746.000,40.00,10690
5747.000,5747.000,40.00,0
5748.000,5748.000,40.00,2290
5749.000,5749.000,40.00,8709
5750.000,5750.000,40.00,9775
5751.000,5751.000,40.00,277
5752.000,5752.000,40.00,9626
5753.000,5753.000,40.00,177
5754.000,5754.000,40.00,8281
5755.000,5755.000,40.00,2598
5756.000,5756.000,40.00,4659
5757.000,5757.000,40.00,9385
5758.000,5758.000,40.00,277
5760.000,5760.000,40.00,9826
5761.000,5761.000,40.00,0
5762.000,5762.000,40.00,10546
5763.000,5763.000,40.00,276
5764.000,5764.000,40.00,11095
5765.000,5765.000,40.00,272
5766.000,5766.000,40.00,6887
5767.000,5767.000,40.00,274
5768.000,5768.000,40.00,9442
5769.000,5769.000,40.00,2322
5770.000,5770.000,40.00,5601
5771.000,5771.000,40.00,8493
5772.000,5772.000,40.00,274
5774.000,5774.000,40.00,12618
5775.000,5775.000,40.00,285
5776.000,5776.000,40.00,11381
5777.000,5777.000,40.00,0
5778.000,5778.000,40.00,10608
5779.000,5779.000,40.00,276
5780.000,5780.000,40.00,10672
5781.000,5781.000,40.00,0
5782.000,5782.000,40.00,9535
5783.000,5783.000,40.00,440
5784.000,5784.000,40.00,8749
5785.000,5785.000,40.00,5106
5786.000,5786.000,40.00,908
5787.000,5787.000,40.00,6344
5789.000,5789.000,40.00,5063
5790.000,5790.000,40.00,9267
5791.000,5791.000,40.00,29
5792.000,5792.000,40.00,10977
5793.000,5793.000,40.00,0
5794.000,5794.000,40.00,10732
5795.000,5795.000,40.00,0
5796.000,5796.000,40.00,12228
5797.000,5797.000,40.00,0
5798.000,5798.000,40.00,12067
5799.000,5799.000,40.00,2819
5800.000,5800.000,40.00,5691
5801.000,5801.000,40.00,8394
5803.000,5803.000,40.00,275
5804.000,5804.000,40.00,10421
5805.000,5805.000,40.00,0
5806.000,5806.000,40.00,9441
5807.000,5807.000,40.00,276
5808.000,5808.000,40.00,7672
5809.000,5809.000,40.00,275
5810.000,5810.000,40.00,10920
5811.000,5811.000,40.00,706
5812.000,5812.000,40.00,8616
5813.000,5813.000,40.00,2461
5814.000,5814.000,40.00,9028
5815.000,5815.000,40.00,10738
5817.000,5817.000,40.00,277
5818.000,5818.000,40.00,10371
5819.000,5819.000,40.00,277
5820.000,5820.000,40.00,10088
5821.000,5821.000,40.00,273
5822.000,5822.000,40.00,9859
5823.000,5823.000,40.00,274
5824.000,5824.000,40.00,10127
5825.000,5825.000,40.00,422
5826.000,5826.000,40.00,5571
5827.000,5827.000,40.00,7748
5828.000,5828.000,40.00,273
5830.000,5830.000,40.00,7231
5831.000,5831.000,40.00,1034
5832.000,5832.000,40.00,8914
5833.000,5833.000,40.00,275
5834.000,5834.000,40.00,8837
5835.000,5835.000,40.00,278
5836.000,5836.000,40.00,11568
5837.000,5837.000,40.00,277
5838.000,5838.000,40.00,10168
5839.000,5839.000,40.00,1551
5840.000,5840.000,40.00,4499
5841.000,5841.000,40.00,6805
5842.000,5842.000,40.00,725
5844.000,5844.000,40.00,8918
5845.000,5845.000,40.00,273
5846.000,5846.000,40.00,8766
5847.000,5847.000,40.00,276
5848.000,5848.000,40.00,10720
5849.000,5849.000,40.00,278
5850.000,5850.000,40.00,10088
5851.000,5851.000,40.00,275
5852.000,5852.000,40.00,10099
5853.000,5853.000,40.00,4516
5854.000,5854.000,40.00,2898
5855.000,5855.000,40.00,8703
5856.000,5856.000,40.00,1189
5858.000,5858.000,40.00,11754
5859.000,5859.000,40.00,275
5860.000,5860.000,40.00,10586
5861.000,5861.000,40.00,276
5862.000,5862.000,40.00,7224
5863.000,5863.000,40.00,272
5864.000,5864.000,40.00,8822
5865.000,5865.000,40.00,274
5866.000,5866.000,40.00,7437
5867.000,5867.000,40.00,6714
5868.000,5868.000,40.00,1526
5870.000,5870.000,40.00,10242
5871.000,5871.000,40.00,276
5872.000,5872.000,40.00,10210
5873.000,5873.000,40.00,275
5874.000,5874.000,40.00,13298
5875.000,5875.000,40.00,276
5876.000,5876.000,40.00,9529
5877.000,5877.000,40.00,1000
5878.000,5878.000,40.00,8288
5879.000,5879.000,40.00,6433
5880.000,5880.000,40.00,1955
5881.000,5881.000,40.00,9827
5883.000,5883.000,40.00,275
5884.000,5884.000,40.00,10696
5885.000,5885.000,40.00,269
5886.000,5886.000,40.00,9391
5887.000,5887.000,40.00,276
5888.000,5888.000,40.00,9724
5889.000,5889.000,40.00,274
5890.000,5890.000,40.00,6696
5891.000,5891.000,40.00,4422
5892.000,5892.000,40.00,2504
5893.000,5893.000,40.00,9790
5894.000,5894.000,40.00,272
5896.000,5896.000,40.00,10437
5897.000,5897.000,40.00,275
5898.000,5898.000,40.00,10980
5899.000,5899.000,40.00,274
5900.000,5900.000,40.00,0
5901.000,5901.000,40.00,10609
5902.000,5902.000,40.00,0
5903.000,5903.000,40.00,10085
5904.000,5904.000,40.00,0
5905.000,5905.000,40.00,9785
5906.000,5906.000,40.00,4560
5907.000,5907.000,40.00,4176
5909.000,5909.000,40.00,6380
5910.000,5910.000,40.00,579
5911.000,5911.000,40.00,1846
5912.000,5912.000,40.00,14844
5913.000,5913.000,40.00,276
5914.000,5914.000,40.00,10031
5915.000,5915.000,40.00,277
5916.000,5916.000,40.00,10083
5917.000,5917.000,40.00,3407
5918.000,5918.000,40.00,3223
5919.000,5919.000,40.00,6233
5920.000,5920.000,40.00,534
5922.000,5922.000,40.00,10709
5923.000,5923.000,40.00,276
5924.000,5924.000,40.00,10782
5925.000,5925.000,40.00,271
5926.000,5926.000,40.00,7755
5927.000,5927.000,40.00,276
5928.000,5928.000,40.00,10874
5929.000,5929.000,40.00,607
5930.000,5930.000,40.00,8163
5931.000,5931.000,40.00,7468
5932.000,5932.000,40.00,270
5933.000,5933.000,40.00,11457
5935.000,5935.000,40.00,277
5936.000,5936.000,40.00,12083
5937.000,5937.000,40.00,274
5938.000,5938.000,40.00,11291
5939.000,5939.000,40.00,275
5940.000,5940.000,40.00,7087
5941.000,5941.000,40.00,270
5942.000,5942.000,40.00,7532
5943.000,5943.000,40.00,2565
5944.000,5944.000,40.00,7668
5945.000,5945.000,40.00,7365
5946.000,5946.000,40.00,1316
5948.000,5948.000,40.00,10593
5949.000,5949.000,40.00,272
5950.000,5950.000,40.00,9487
5951.000,5951.000,40.00,273
5952.000,5952.000,40.00,10375
5953.000,5953.000,40.00,275
5954.000,5954.000,40.00,10712
5955.000,5955.000,40.00,405
5956.000,5956.000,40.00,6882
5957.000,5957.000,40.00,7569
5958.000,5958.000,40.00,1679
5959.000,5959.000,40.00,9221
5961.000,5961.000,40.00,273
5962.000,5962.000,40.00,9956
5963.000,5963.000,40.00,275
5964.000,5964.000,40.00,9935
5965.000,5965.000,40.00,272
5966.000,5966.000,40.00,10252
5967.000,5967.000,40.00,275
5968.000,5968.000,40.00,9918
5969.000,5969.000,40.00,4004
5970.000,5970.000,40.00,2363
5971.000,5971.000,40.00,284
5972.000,5972.000,40.00,4860
5974.000,5974.000,40.00,4146
5975.000,5975.000,40.00,5717
5976.000,5976.000,40.00,743
5977.000,5977.000,40.00,7178
5978.000,5978.000,40.00,11092
5979.000,5979.000,40.00,276
5980.000,5980.000,40.00,11063
5981.000,5981.000,40.00,802
5982.000,5982.000,40.00,5724
5983.000,5983.000,40.00,6701
5984.000,5984.000,40.00,276
5985.000,5985.000,40.00,9401
5987.000,5987.000,40.00,276
5988.000,5988.000,40.00,9731
5989.000,5989.000,40.00,273
5990.000,5990.000,40.00,11511
5991.000,5991.000,40.00,276
5992.000,5992.000,40.00,10912
5993.000,5993.000,40.00,275
5994.000,5994.000,40.00,0
5995.000,5995.000,40.00,10927
5996.000,5996.000,40.00,0
5997.000,5997.000,40.00,9952
5999.000,5999.000,40.00,6741
6000.000,6000.000,40.00,1236
6001.000,6001.000,40.00,8043
6002.000,6002.000,40.00,59
6003.000,6003.000,40.00,9464
6004.000,6004.000,40.00,0
6005.000,6005.000,40.00,12040
6006.000,6006.000,40.00,0
6007.000,6007.000,40.00,10533
6008.000,6008.000,40.00,0
6009.000,6009.000,40.00,9176
6010.000,6010.000,40.00,0
6011.000,6011.000,40.00,11663
6013.000,6013.000,40.00,4433
6014.000,6014.000,40.00,4081
6015.000,6015.000,40.00,7917
6016.000,6016.000,40.00,0
6017.000,6017.000,40.00,9440
6018.000,6018.000,40.00,0
6019.000,6019.000,40.00,10890
6020.000,6020.000,40.00,0
6021.000,6021.000,40.00,10668
6022.000,6022.000,40.00,0
6023.000,6023.000,40.00,20583
6024.000,6024.000,40.00,279
6026.000,6026.000,40.00,10343
6027.000,6027.000,40.00,274
6028.000,6028.000,40.00,9121
6029.000,6029.000,40.00,272
6030.000,6030.000,40.00,12203
6031.000,6031.000,40.00,299
6032.000,6032.000,40.00,10579
6033.000,6033.000,40.00,274
6034.000,6034.000,40.00,8738
6035.000,6035.000,40.00,279
6036.000,6036.000,40.00,0
6037.000,6037.000,40.00,10305
6039.000,6039.000,40.00,4510
6040.000,6040.000,40.00,3266
6041.000,6041.000,40.00,3286
6042.000,6042.000,40.00,2896
6043.000,6043.000,40.00,9598
6044.000,6044.000,40.00,0
6045.000,6045.000,40.00,10857
6046.000,6046.000,40.00,0
6047.000,6047.000,40.00,9408
6048.000,6048.000,40.00,0
6049.000,6049.000,40.00,10324
6050.000,6050.000,40.00,0
6052.000,6052.000,40.00,11124
6053.000,6053.000,40.00,4978
6054.000,6054.000,40.00,2512
6055.000,6055.000,40.00,12037
6056.000,6056.000,40.00,0
6057.000,6057.000,40.00,11805
6058.000,6058.000,40.00,0
6059.000,6059.000,40.00,11178
6060.000,6060.000,40.00,0
6061.000,6061.000,40.00,7970
6062.000,6062.000,40.00,0
6063.000,6063.000,40.00,11021
6064.000,6064.000,40.00,276
6066.000,6066.000,40.00,11602
6067.000,6067.000,40.00,1345
6068.000,6068.000,40.00,20128
6069.000,6069.000,40.00,279
6070.000,6070.000,40.00,0
6071.000,6071.000,40.00,9230
6072.000,6072.000,40.00,0
6073.000,6073.000,40.00,10783
6074.000,6074.000,40.00,0
6075.000,6075.000,40.00,11069
6076.000,6076.000,40.00,0
6077.000,6077.000,40.00,11458
6078.000,6078.000,40.00,143
6080.000,6080.000,40.00,6954
6081.000,6081.000,40.00,208
6082.000,6082.000,40.00,20376
6083.000,6083.000,40.00,278
6084.000,6084.000,40.00,0
6085.000,6085.000,40.00,2809
6086.000,6086.000,40.00,6857
6087.000,6087.000,40.00,9743
6088.000,6088.000,40.00,9328
6089.000,6089.000,40.00,3575
6090.000,6090.000,40.00,2268
6091.000,6091.000,40.00,10896
6092.000,6092.000,40.00,0
6094.000,6094.000,40.00,0
6095.000,6095.000,40.00,2923
6096.000,6096.000,40.00,4533
6097.000,6097.000,40.00,8928
6098.000,6098.000,40.00,0
6099.000,6099.000,40.00,10940
6100.000,6100.000,40.00,0
6101.000,6101.000,40.00,8396
6102.000,6102.000,40.00,9876
6103.000,6103.000,40.00,301
6104.000,6104.000,40.00,11248
6105.000,6105.000,40.00,7410
6106.000,6106.000,40.00,1944
6108.000,6108.000,40.00,0
6109.000,6109.000,40.00,5329
6110.000,6110.000,40.00,2725
6111.000,6111.000,40.00,1510
6112.000,6112.000,40.00,16798
6113.000,6113.000,40.00,277
6114.000,6114.000,40.00,0
6115.000,6115.000,40.00,9993
6116.000,6116.000,40.00,0
6117.000,6117.000,40.00,11717
6118.000,6118.000,40.00,0
6120.000,6120.000,40.00,17320
6121.000,6121.000,40.00,276
6122.000,6122.000,40.00,1
6123.000,6123.000,40.00,5389
6124.000,6124.000,40.00,3193
6125.000,6125.000,40.00,12280
6126.000,6126.000,40.00,0
6127.000,6127.000,40.00,12197
6128.000,6128.000,40.00,0
6129.000,6129.000,40.00,10687
6130.000,6130.000,40.00,8659
6131.000,6131.000,40.00,276
6132.000,6132.000,40.00,0
6133.000,6133.000,40.00,11611
6135.000,6135.000,40.00,177
6136.000,6136.000,40.00,17384
6137.000,6137.000,40.00,275
6138.000,6138.000,40.00,0
6139.000,6139.000,40.00,10292
6140.000,6140.000,40.00,0
6141.000,6141.000,40.00,9415
6142.000,6142.000,40.00,0
6143.000,6143.000,40.00,16804
6144.000,6144.000,40.00,8021
6145.000,6145.000,40.00,275
6146.000,6146.000,40.00,0
6148.000,6148.000,40.00,9609
6149.000,6149.000,40.00,2311
6150.000,6150.000,40.00,4195
6151.000,6151.000,40.00,8691
6152.000,6152.000,40.00,0
6153.000,6153.000,40.00,10384
6154.000,6154.000,40.00,0
6155.000,6155.000,40.00,10910
6156.000,6156.000,40.00,0
6157.000,6157.000,40.00,10508
6158.000,6158.000,40.00,0
6159.000,6159.000,40.00,9723
6160.000,6160.000,40.00,0
6162.000,6162.000,40.00,10415
6163.000,6163.000,40.00,3325
6164.000,6164.000,40.00,1581
6165.000,6165.000,40.00,5536
6166.000,6166.000,40.00,3786
6167.000,6167.000,40.00,8539
6168.000,6168.000,40.00,14892
6169.000,6169.000,40.00,273
6170.000,6170.000,40.00,0
6171.000,6171.000,40.00,10432
6172.000,6172.000,40.00,0
6173.000,6173.000,40.00,9524
6174.000,6174.000,40.00,0
6176.000,6176.000,40.00,10401
6177.000,6177.000,40.00,1836
6178.000,6178.000,40.00,5516
6179.000,6179.000,40.00,6009
6180.000,6180.000,40.00,952
6181.000,6181.000,40.00,5729
6182.000,6182.000,40.00,918
6183.000,6183.000,40.00,11624
6184.000,6184.000,40.00,0
6185.000,6185.000,40.00,11076
6186.000,6186.000,40.00,0
6187.000,6187.000,40.00,10614
6189.000,6189.000,40.00,98
6190.000,6190.000,40.00,7098
6191.000,6191.000,40.00,2755
6192.000,6192.000,40.00,6321
6193.000,6193.000,40.00,10294
6194.000,6194.000,40.00,0
6195.000,6195.000,40.00,10962
6196.000,6196.000,40.00,0
6197.000,6197.000,40.00,10201
6198.000,6198.000,40.00,0
6199.000,6199.000,40.00,10587
6201.000,6201.000,40.00,0
6202.000,6202.000,40.00,6965
6203.000,6203.000,40.00,3510
6204.000,6204.000,40.00,4166
6205.000,6205.000,40.00,3241
6206.000,6206.000,40.00,3755
6207.000,6207.000,40.00,11328
6208.000,6208.000,40.00,0
6209.000,6209.000,40.00,10226
6210.000,6210.000,40.00,29
6211.000,6211.000,40.00,10597
6212.000,6212.000,40.00,22
6213.000,6213.000,40.00,10580
6215.000,6215.000,40.00,0
6216.000,6216.000,40.00,10615
6217.000,6217.000,40.00,5041
6218.000,6218.000,40.00,2744
6219.000,6219.000,40.00,9726
6220.000,6220.000,40.00,0
6221.000,6221.000,40.00,9774
6222.000,6222.000,40.00,0
6223.000,6223.000,40.00,12814
6224.000,6224.000,40.00,0
6225.000,6225.000,40.00,9632
6226.000,6226.000,40.00,0
6228.000,6228.000,40.00,10362
6229.000,6229.000,40.00,273
6230.000,6230.000,40.00,7080
6231.000,6231.000,40.00,6679
6232.000,6232.000,40.00,646
6233.000,6233.000,40.00,8136
6234.000,6234.000,40.00,0
6235.000,6235.000,40.00,11284
6236.000,6236.000,40.00,0
6237.000,6237.000,40.00,11253
6238.000,6238.000,40.00,0
6239.000,6239.000,40.00,9645
6241.000,6241.000,40.00,0
6242.000,6242.000,40.00,9682
6243.000,6243.000,40.00,0
6244.000,6244.000,40.00,10026
6245.000,6245.000,40.00,6872
6246.000,6246.000,40.00,946
6247.000,6247.000,40.00,11655
6248.000,6248.000,40.00,0
6249.000,6249.000,40.00,10677
6250.000,6250.000,40.00,0
6251.000,6251.000,40.00,10339
6252.000,6252.000,40.00,0
6253.000,6253.000,40.00,11234
6255.000,6255.000,40.00,0
6256.000,6256.000,40.00,9784
6257.000,6257.000,40.00,0
6258.000,6258.000,40.00,7525
6259.000,6259.000,40.00,9211
6260.000,6260.000,40.00,0
6261.000,6261.000,40.00,10332
6262.000,6262.000,40.00,0
6263.000,6263.000,40.00,11363
6264.000,6264.000,40.00,0
6265.000,6265.000,40.00,10706
6266.000,6266.000,40.00,0
6267.000,6267.000,40.00,9805
6269.000,6269.000,40.00,0
6270.000,6270.000,40.00,10036
6271.000,6271.000,40.00,3659
6272.000,6272.000,40.00,4569
6273.000,6273.000,40.00,8396
6274.000,6274.000,40.00,0
6275.000,6275.000,40.00,9553
6276.000,6276.000,40.00,0
6277.000,6277.000,40.00,9948
6278.000,6278.000,40.00,0
6279.000,6279.000,40.00,11250
6280.000,6280.000,40.00,0
6282.000,6282.000,40.00,11847
6283.000,6283.000,40.00,151
6284.000,6284.000,40.00,7735
6285.000,6285.000,40.00,3683
6286.000,6286.000,40.00,12830
6287.000,6287.000,40.00,276
6288.000,6288.000,40.00,0
6289.000,6289.000,40.00,9600
6290.000,6290.000,40.00,0
6291.000,6291.000,40.00,9741
6292.000,6292.000,40.00,0
6293.000,6293.000,40.00,10535
6295.000,6295.000,40.00,0
6296.000,6296.000,40.00,10208
6297.000,6297.000,40.00,197
6298.000,6298.000,40.00,9387
6299.000,6299.000,40.00,10736
6300.000,6300.000,40.00,0
6301.000,6301.000,40.00,11169
6302.000,6302.000,40.00,0
6303.000,6303.000,40.00,10790
6304.000,6304.000,40.00,0
6305.000,6305.000,40.00,7265
6306.000,6306.000,40.00,0
6308.000,6308.000,40.00,13501
6309.000,6309.000,40.00,0
6310.000,6310.000,40.00,8888
6311.000,6311.000,40.00,1133
6312.000,6312.000,40.00,6903
6313.000,6313.000,40.00,10138
6314.000,6314.000,40.00,0
6315.000,6315.000,40.00,10446
6316.000,6316.000,40.00,0
6317.000,6317.000,40.00,10738
6318.000,6318.000,40.00,0
6319.000,6319.000,40.00,10646
6321.000,6321.000,40.00,0
6322.000,6322.000,40.00,10217
6323.000,6323.000,40.00,277
6324.000,6324.000,40.00,8910
6325.000,6325.000,40.00,2316
6326.000,6326.000,40.00,6343
6327.000,6327.000,40.00,6218
6328.000,6328.000,40.00,954
6329.000,6329.000,40.00,10836
6330.000,6330.000,40.00,28
6331.000,6331.000,40.00,11076
6332.000,6332.000,40.00,1
6333.000,6333.000,40.00,10865
6335.000,6335.000,40.00,0
6336.000,6336.000,40.00,10524
6337.000,6337.000,40.00,2322
6338.000,6338.000,40.00,4477
6339.000,6339.000,40.00,1066
6340.000,6340.000,40.00,18015
6341.000,6341.000,40.00,273
6342.000,6342.000,40.00,0
6343.000,6343.000,40.00,9799
6344.000,6344.000,40.00,0
6345.000,6345.000,40.00,9868
6346.000,6346.000,40.00,0
6348.000,6348.000,40.00,13685
6349.000,6349.000,40.00,6684
6350.000,6350.000,40.00,0
6351.000,6351.000,40.00,278
6352.000,6352.000,40.00,10916
6353.000,6353.000,40.00,6373
6354.000,6354.000,40.00,2378
6355.000,6355.000,40.00,5220
6356.000,6356.000,40.00,12072
6357.000,6357.000,40.00,273
6358.000,6358.000,40.00,0
6359.000,6359.000,40.00,10979
6361.000,6361.000,40.00,0
6362.000,6362.000,40.00,10988
6363.000,6363.000,40.00,0
6364.000,6364.000,40.00,10506
6365.000,6365.000,40.00,5979
6366.000,6366.000,40.00,713
6367.000,6367.000,40.00,7321
6368.000,6368.000,40.00,359
6369.000,6369.000,40.00,1673
6370.000,6370.000,40.00,18795
6371.000,6371.000,40.00,0
6372.000,6372.000,40.00,0
6374.000,6374.000,40.00,10617
6375.000,6375.000,40.00,0
6376.000,6376.000,40.00,10634
6377.000,6377.000,40.00,0
6378.000,6378.000,40.00,10647
6379.000,6379.000,40.00,6780
6380.000,6380.000,40.00,1562
6381.000,6381.000,40.00,8372
6382.000,6382.000,40.00,0
6383.000,6383.000,40.00,10343
6384.000,6384.000,40.00,0
6385.000,6385.000,40.00,9701
6386.000,6386.000,40.00,0
6388.000,6388.000,40.00,8326
6389.000,6389.000,40.00,0
6390.000,6390.000,40.00,12595
6391.000,6391.000,40.00,37
6392.000,6392.000,40.00,7477
6393.000,6393.000,40.00,3419
6394.000,6394.000,40.00,5007
6395.000,6395.000,40.00,7262
6396.000,6396.000,40.00,0
6397.000,6397.000,40.00,12108
6398.000,6398.000,40.00,0
6399.000,6399.000,40.00,12437
6401.000,6401.000,40.00,0
6402.000,6402.000,40.00,11348
6403.000,6403.000,40.00,0
6404.000,6404.000,40.00,8696
6405.000,6405.000,40.00,439
6406.000,6406.000,40.00,4707
6407.000,6407.000,40.00,3551
6408.000,6408.000,40.00,5411
6409.000,6409.000,40.00,13005
6410.000,6410.000,40.00,0
6411.000,6411.000,40.00,11769
6412.000,6412.000,40.00,0
6414.000,6414.000,40.00,11612
6415.000,6415.000,40.00,0
6416.000,6416.000,40.00,9497
6417.000,6417.000,40.00,0
6418.000,6418.000,40.00,11402
6419.000,6419.000,40.00,6579
6420.000,6420.000,40.00,199
6421.000,6421.000,40.00,9703
6422.000,6422.000,40.00,0
6423.000,6423.000,40.00,10384
6424.000,6424.000,40.00,0
6425.000,6425.000,40.00,9458
6427.000,6427.000,40.00,0
6428.000,6428.000,40.00,10411
6429.000,6429.000,40.00,0
6430.000,6430.000,40.00,11516
6431.000,6431.000,40.00,4471
6432.000,6432.000,40.00,2747
6433.000,6433.000,40.00,7339
6434.000,6434.000,40.00,444
6435.000,6435.000,40.00,10548
6436.000,6436.000,40.00,0
6437.000,6437.000,40.00,8936
6438.000,6438.000,40.00,0
6440.000,6440.000,40.00,11093
6441.000,6441.000,40.00,11
6442.000,6442.000,40.00,11629
6443.000,6443.000,40.00,1134
6444.000,6444.000,40.00,6100
6445.000,6445.000,40.00,0
6446.000,6446.000,40.00,8941
6447.000,6447.000,40.00,9657
6448.000,6448.000,40.00,0
6449.000,6449.000,40.00,8887
6450.000,6450.000,40.00,9796
6451.000,6451.000,40.00,321
6453.000,6453.000,40.00,0
6454.000,6454.000,40.00,10445
6455.000,6455.000,40.00,0
6456.000,6456.000,40.00,10484
6457.000,6457.000,40.00,1562
6458.000,6458.000,40.00,4798
6459.000,6459.000,40.00,4594
6460.000,6460.000,40.00,3875
6461.000,6461.000,40.00,10314
6462.000,6462.000,40.00,0
6463.000,6463.000,40.00,10237
6465.000,6465.000,40.00,0
6466.000,6466.000,40.00,10925
6467.000,6467.000,40.00,0
6468.000,6468.000,40.00,9686
6469.000,6469.000,40.00,0
6470.000,6470.000,40.00,10634
6471.000,6471.000,40.00,164
6472.000,6472.000,40.00,8241
6473.000,6473.000,40.00,9526
6474.000,6474.000,40.00,0
6475.000,6475.000,40.00,10476
6476.000,6476.000,40.00,0
6477.000,6477.000,40.00,10586
6479.000,6479.000,40.00,0
6480.000,6480.000,40.00,10021
6481.000,6481.000,40.00,0
6482.000,6482.000,40.00,10649
6483.000,6483.000,40.00,0
6484.000,6484.000,40.00,8546
6485.000,6485.000,40.00,8626
6486.000,6486.000,40.00,0
6487.000,6487.000,40.00,10601
6488.000,6488.000,40.00,0
6489.000,6489.000,40.00,10177
6490.000,6490.000,40.00,0
6492.000,6492.000,40.00,11630
6493.000,6493.000,40.00,0
6494.000,6494.000,40.00,10958
6495.000,6495.000,40.00,0
6496.000,6496.000,40.00,9806
6497.000,6497.000,40.00,363
6498.000,6498.000,40.00,6346
6499.000,6499.000,40.00,7489
6500.000,6500.000,40.00,846
6501.000,6501.000,40.00,10192
6502.000,6502.000,40.00,0
6503.000,6503.000,40.00,10975
6505.000,6505.000,40.00,0
6506.000,6506.000,40.00,10807
6507.000,6507.000,40.00,0
6508.000,6508.000,40.00,10612
6509.000,6509.000,40.00,404
6510.000,6510.000,40.00,6714
6511.000,6511.000,40.00,7640
6512.000,6512.000,40.00,0
6513.000,6513.000,40.00,9911
6514.000,6514.000,40.00,0
6515.000,6515.000,40.00,9769
6516.000,6516.000,40.00,0
6518.000,6518.000,40.00,12052
6519.000,6519.000,40.00,0
6520.000,6520.000,40.00,10751
6521.000,6521.000,40.00,0
6522.000,6522.000,40.00,10692
6523.000,6523.000,40.00,6934
6524.000,6524.000,40.00,46
6525.000,6525.000,40.00,4556
6526.000,6526.000,40.00,3045
6527.000,6527.000,40.00,11479
6528.000,6528.000,40.00,0
6530.000,6530.000,40.00,9217
6531.000,6531.000,40.00,0
6532.000,6532.000,40.00,10315
6533.000,6533.000,40.00,0
6534.000,6534.000,40.00,11581
6535.000,6535.000,40.00,0
6536.000,6536.000,40.00,9657
6537.000,6537.000,40.00,7189
6538.000,6538.000,40.00,1623
6539.000,6539.000,40.00,2123
6540.000,6540.000,40.00,18040
6541.000,6541.000,40.00,0
6543.000,6543.000,40.00,0
6544.000,6544.000,40.00,10497
6545.000,6545.000,40.00,0
6546.000,6546.000,40.00,9168
6547.000,6547.000,40.00,0
6548.000,6548.000,40.00,11435
6549.000,6549.000,40.00,676
6550.000,6550.000,40.00,7020
6551.000,6551.000,40.00,10377
6552.000,6552.000,40.00,0
6553.000,6553.000,40.00,8263
6554.000,6554.000,40.00,0
6555.000,6555.000,40.00,13999
6557.000,6557.000,40.00,0
6558.000,6558.000,40.00,9426
6559.000,6559.000,40.00,0
6560.000,6560.000,40.00,10095
6561.000,6561.000,40.00,0
6562.000,6562.000,40.00,9333
6563.000,6563.000,40.00,4892
6564.000,6564.000,40.00,3398
6565.000,6565.000,40.00,7705
6566.000,6566.000,40.00,40
6567.000,6567.000,40.00,11027
6569.000,6569.000,40.00,0
6570.000,6570.000,40.00,9637
6571.000,6571.000,40.00,37
6572.000,6572.000,40.00,11666
6573.000,6573.000,40.00,0
6574.000,6574.000,40.00,18410
6575.000,6575.000,40.00,0
6576.000,6576.000,40.00,0
6577.000,6577.000,40.00,2987
6578.000,6578.000,40.00,2939
6579.000,6579.000,40.00,9274
6580.000,6580.000,40.00,0
6581.000,6581.000,40.00,11170
6583.000,6583.000,40.00,0
6584.000,6584.000,40.00,12539
6585.000,6585.000,40.00,0
6586.000,6586.000,40.00,11117
6587.000,6587.000,40.00,0
6588.000,6588.000,40.00,10781
6589.000,6589.000,40.00,747
6590.000,6590.000,40.00,5328
6591.000,6591.000,40.00,10692
6592.000,6592.000,40.00,0
6593.000,6593.000,40.00,11085
6595.000,6595.000,40.00,0
6596.000,6596.000,40.00,9880
6597.000,6597.000,40.00,0
6598.000,6598.000,40.00,7975
6599.000,6599.000,40.00,10262
6600.000,6600.000,40.00,0
6601.000,6601.000,40.00,0
6602.000,6602.000,40.00,9078
6603.000,6603.000,40.00,6384
6604.000,6604.000,40.00,0
6605.000,6605.000,40.00,10138
6606.000,6606.000,40.00,0
6608.000,6608.000,40.00,10366
6609.000,6609.000,40.00,0
6610.000,6610.000,40.00,10788
6611.000,6611.000,40.00,0
6612.000,6612.000,40.00,10244
6613.000,6613.000,40.00,0
6614.000,6614.000,40.00,10696
6615.000,6615.000,40.00,1348
6616.000,6616.000,40.00,6407
6617.000,6617.000,40.00,10467
6618.000,6618.000,40.00,0
6619.000,6619.000,40.00,10122
6621.000,6621.000,40.00,0
6622.000,6622.000,40.00,10750
6623.000,6623.000,40.00,0
6624.000,6624.000,40.00,10764
6625.000,6625.000,40.00,0
6626.000,6626.000,40.00,19127
6627.000,6627.000,40.00,0
6628.000,6628.000,40.00,0
6629.000,6629.000,40.00,2332
6630.000,6630.000,40.00,5465
6631.000,6631.000,40.00,10228
6632.000,6632.000,40.00,0
6633.000,6633.000,40.00,10123
6635.000,6635.000,40.00,0
6636.000,6636.000,40.00,11215
6637.000,6637.000,40.00,0
6638.000,6638.000,40.00,9684
6639.000,6639.000,40.00,0
6640.000,6640.000,40.00,11441
6641.000,6641.000,40.00,2872
6642.000,6642.000,40.00,5137
6643.000,6643.000,40.00,7932
6644.000,6644.000,40.00,0
6645.000,6645.000,40.00,11012
6646.000,6646.000,40.00,0
6648.000,6648.000,40.00,9956
6649.000,6649.000,40.00,0
6650.000,6650.000,40.00,10915
6651.000,6651.000,40.00,0
6652.000,6652.000,40.00,11385
6653.000,6653.000,40.00,0
6654.000,6654.000,40.00,20623
6655.000,6655.000,40.00,0
6656.000,6656.000,40.00,0
6657.000,6657.000,40.00,8960
6658.000,6658.000,40.00,0
6659.000,6659.000,40.00,9490
6661.000,6661.000,40.00,0
6662.000,6662.000,40.00,11210
6663.000,6663.000,40.00,0
6664.000,6664.000,40.00,10647
6665.000,6665.000,40.00,8858
6666.000,6666.000,40.00,0
6667.000,6667.000,40.00,0
6668.000,6668.000,40.00,9815
6669.000,6669.000,40.00,5011
6670.000,6670.000,40.00,2238
6671.000,6671.000,40.00,9815
6672.000,6672.000,40.00,0
6674.000,6674.000,40.00,10350
6675.000,6675.000,40.00,0
6676.000,6676.000,40.00,10800
6677.000,6677.000,40.00,0
6678.000,6678.000,40.00,10287
6679.000,6679.000,40.00,0
6680.000,6680.000,40.00,9260
6681.000,6681.000,40.00,1015
6682.000,6682.000,40.00,5400
6683.000,6683.000,40.00,5467
6684.000,6684.000,40.00,2622
6685.000,6685.000,40.00,10400
6687.000,6687.000,40.00,0
6688.000,6688.000,40.00,10203
6689.000,6689.000,40.00,0
6690.000,6690.000,40.00,14335
6691.000,6691.000,40.00,1585
6692.000,6692.000,40.00,0
6693.000,6693.000,40.00,1
6694.000,6694.000,40.00,8948
6695.000,6695.000,40.00,1937
6696.000,6696.000,40.00,5367
6697.000,6697.000,40.00,6102
6698.000,6698.000,40.00,5265
6699.000,6699.000,40.00,10242
6700.000,6700.000,40.00,0
6702.000,6702.000,40.00,12201
6703.000,6703.000,40.00,0
6704.000,6704.000,40.00,10301
6705.000,6705.000,40.00,0
6706.000,6706.000,40.00,10167
6707.000,6707.000,40.00,0
6708.000,6708.000,40.00,11352
6709.000,6709.000,40.00,2878
6710.000,6710.000,40.00,5252
6711.000,6711.000,40.00,6221
6712.000,6712.000,40.00,497
6713.000,6713.000,40.00,6578
6715.000,6715.000,40.00,0
6716.000,6716.000,40.00,11033
6717.000,6717.000,40.00,9165
6718.000,6718.000,40.00,0
6719.000,6719.000,40.00,0
6720.000,6720.000,40.00,11136
6721.000,6721.000,40.00,0
6722.000,6722.000,40.00,6500
6723.000,6723.000,40.00,3759
6724.000,6724.000,40.00,3793
6725.000,6725.000,40.00,8455
6727.000,6727.000,40.00,0
6728.000,6728.000,40.00,9304
6729.000,6729.000,40.00,0
6730.000,6730.000,40.00,11415
6731.000,6731.000,40.00,0
6732.000,6732.000,40.00,10798
6733.000,6733.000,40.00,0
6734.000,6734.000,40.00,10440
6735.000,6735.000,40.00,1361
6736.000,6736.000,40.00,6581
6737.000,6737.000,40.00,3853
6738.000,6738.000,40.00,3806
6740.000,6740.000,40.00,10824
6741.000,6741.000,40.00,0
6742.000,6742.000,40.00,10123
6743.000,6743.000,40.00,7542
6744.000,6744.000,40.00,0
6745.000,6745.000,40.00,0
6746.000,6746.000,40.00,10118
6747.000,6747.000,40.00,275
6748.000,6748.000,40.00,10525
6749.000,6749.000,40.00,1920
6750.000,6750.000,40.00,7592
6751.000,6751.000,40.00,5148
6753.000,6753.000,40.00,3577
6754.000,6754.000,40.00,11243
6755.000,6755.000,40.00,0
6756.000,6756.000,40.00,9043
6757.000,6757.000,40.00,0
6758.000,6758.000,40.00,13466
6759.000,6759.000,40.00,0
6760.000,6760.000,40.00,21912
6761.000,6761.000,40.00,144
6762.000,6762.000,40.00,0
6763.000,6763.000,40.00,3642
6764.000,6764.000,40.00,4182
6765.000,6765.000,40.00,10276
6767.000,6767.000,40.00,0
6768.000,6768.000,40.00,10465
6769.000,6769.000,40.00,0
6770.000,6770.000,40.00,10595
6771.000,6771.000,40.00,0
6772.000,6772.000,40.00,9355
6773.000,6773.000,40.00,0
6774.000,6774.000,40.00,11575
6775.000,6775.000,40.00,3130
6776.000,6776.000,40.00,1793
6777.000,6777.000,40.00,8758
6778.000,6778.000,40.00,0
6780.000,6780.000,40.00,10252
6781.000,6781.000,40.00,0
6782.000,6782.000,40.00,8297
6783.000,6783.000,40.00,0
6784.000,6784.000,40.00,10839
6785.000,6785.000,40.00,0
6786.000,6786.000,40.00,10983
6787.000,6787.000,40.00,0
6788.000,6788.000,40.00,7662
6789.000,6789.000,40.00,5982
6790.000,6790.000,40.00,3319
6791.000,6791.000,40.00,11543
6793.000,6793.000,40.00,0
6794.000,6794.000,40.00,8023
6795.000,6795.000,40.00,0
6796.000,6796.000,40.00,9591
6797.000,6797.000,40.00,0
6798.000,6798.000,40.00,8931
6799.000,6799.000,40.00,0
6800.000,6800.000,40.00,9767
6801.000,6801.000,40.00,4599
6802.000,6802.000,40.00,3521
6803.000,6803.000,40.00,9459
6805.000,6805.000,40.00,0
6806.000,6806.000,40.00,9818
6807.000,6807.000,40.00,0
6808.000,6808.000,40.00,10699
6809.000,6809.000,40.00,0
6810.000,6810.000,40.00,11940
6811.000,6811.000,40.00,36
6812.000,6812.000,40.00,12617
6813.000,6813.000,40.00,4243
6814.000,6814.000,40.00,684
6815.000,6815.000,40.00,7211
6816.000,6816.000,40.00,2603
6818.000,6818.000,40.00,9533
6819.000,6819.000,40.00,0
6820.000,6820.000,40.00,8723
6821.000,6821.000,40.00,0
6822.000,6822.000,40.00,9706
6823.000,6823.000,40.00,0
6824.000,6824.000,40.00,10417
6825.000,6825.000,40.00,0
6826.000,6826.000,40.00,10182
6827.000,6827.000,40.00,629
6828.000,6828.000,40.00,7590
6829.000,6829.000,40.00,11006
6830.000,6830.000,40.00,0
6832.000,6832.000,40.00,8465
6833.000,6833.000,40.00,0
6834.000,6834.000,40.00,11934
6835.000,6835.000,40.00,0
6836.000,6836.000,40.00,8931
6837.000,6837.000,40.00,0
6838.000,6838.000,40.00,10850
6839.000,6839.000,40.00,0
6840.000,6840.000,40.00,9020
6841.000,6841.000,40.00,6007
6842.000,6842.000,40.00,1789
6843.000,6843.000,40.00,11123
6845.000,6845.000,40.00,0
6846.000,6846.000,40.00,10204
6847.000,6847.000,40.00,0
6848.000,6848.000,40.00,9704
6849.000,6849.000,40.00,0
6850.000,6850.000,40.00,10377
6851.000,6851.000,40.00,0
6852.000,6852.000,40.00,12339
6853.000,6853.000,40.00,4043
6854.000,6854.000,40.00,2913
6855.000,6855.000,40.00,8620
6856.000,6856.000,40.00,0
6858.000,6858.000,40.00,9867
6859.000,6859.000,40.00,0
6860.000,6860.000,40.00,12824
6861.000,6861.000,40.00,0
6862.000,6862.000,40.00,12103
6863.000,6863.000,40.00,0
6864.000,6864.000,40.00,10125
6865.000,6865.000,40.00,0
6866.000,6866.000,40.00,9074
6867.000,6867.000,40.00,3561
6868.000,6868.000,40.00,7219
6869.000,6869.000,40.00,9343
6871.000,6871.000,40.00,16
6872.000,6872.000,40.00,10479
6873.000,6873.000,40.00,1
6874.000,6874.000,40.00,8002
6875.000,6875.000,40.00,0
6876.000,6876.000,40.00,12335
6877.000,6877.000,40.00,0
6878.000,6878.000,40.00,8325
6879.000,6879.000,40.00,1523
6880.000,6880.000,40.00,6051
6881.000,6881.000,40.00,7688
6882.000,6882.000,40.00,1021
6884.000,6884.000,40.00,10077
6885.000,6885.000,40.00,0
6886.000,6886.000,40.00,9723
6887.000,6887.000,40.00,0
6888.000,6888.000,40.00,11344
6889.000,6889.000,40.00,0
6890.000,6890.000,40.00,12006
6891.000,6891.000,40.00,275
6892.000,6892.000,40.00,7571
6893.000,6893.000,40.00,5221
6894.000,6894.000,40.00,1826
6895.000,6895.000,40.00,9477
6897.000,6897.000,40.00,0
6898.000,6898.000,40.00,9491
6899.000,6899.000,40.00,0
6900.000,6900.000,40.00,12939
6901.000,6901.000,40.00,0
6902.000,6902.000,40.00,10834
6903.000,6903.000,40.00,0
6904.000,6904.000,40.00,10534
6905.000,6905.000,40.00,5480
6906.000,6906.000,40.00,1082
6907.000,6907.000,40.00,9670
6909.000,6909.000,40.00,0
6910.000,6910.000,40.00,9978
6911.000,6911.000,40.00,0
6912.000,6912.000,40.00,9418
6913.000,6913.000,40.00,0
6914.000,6914.000,40.00,13066
6915.000,6915.000,40.00,0
6916.000,6916.000,40.00,11341
6917.000,6917.000,40.00,0
6918.000,6918.000,40.00,7441
6919.000,6919.000,40.00,7297
6920.000,6920.000,40.00,0
6921.000,6921.000,40.00,10731
6923.000,6923.000,40.00,0
6924.000,6924.000,40.00,9063
6925.000,6925.000,40.00,0
6926.000,6926.000,40.00,10455
6927.000,6927.000,40.00,0
6928.000,6928.000,40.00,10003
6929.000,6929.000,40.00,0
6930.000,6930.000,40.00,10439
6931.000,6931.000,40.00,3940
6932.000,6932.000,40.00,2501
6933.000,6933.000,40.00,8330
6934.000,6934.000,40.00,0
6936.000,6936.000,40.00,10167
6937.000,6937.000,40.00,0
6938.000,6938.000,40.00,12623
6939.000,6939.000,40.00,0
6940.000,6940.000,40.00,9727
6941.000,6941.000,40.00,0
6942.000,6942.000,40.00,9172
6943.000,6943.000,40.00,98
6944.000,6944.000,40.00,11017
6945.000,6945.000,40.00,1836
6946.000,6946.000,40.00,5883
6947.000,6947.000,40.00,10451
6948.000,6948.000,40.00,0
6950.000,6950.000,40.00,9416
6951.000,6951.000,40.00,0
6952.000,6952.000,40.00,10745
6953.000,6953.000,40.00,0
6954.000,6954.000,40.00,10131
6955.000,6955.000,40.00,0
6956.000,6956.000,40.00,10596
6957.000,6957.000,40.00,2643
6958.000,6958.000,40.00,4038
6959.000,6959.000,40.00,7003
6960.000,6960.000,40.00,1434
6962.000,6962.000,40.00,8095
6963.000,6963.000,40.00,0
6964.000,6964.000,40.00,10040
6965.000,6965.000,40.00,0
6966.000,6966.000,40.00,11311
6967.000,6967.000,40.00,0
6968.000,6968.000,40.00,10817
6969.000,6969.000,40.00,275
6970.000,6970.000,40.00,7463
6971.000,6971.000,40.00,8190
6972.000,6972.000,40.00,0
6974.000,6974.000,40.00,9421
6975.000,6975.000,40.00,0
6976.000,6976.000,40.00,11495
6977.000,6977.000,40.00,0
6978.000,6978.000,40.00,9634
6979.000,6979.000,40.00,0
6980.000,6980.000,40.00,10737
6981.000,6981.000,40.00,164
6982.000,6982.000,40.00,8631
6983.000,6983.000,40.00,2700
6984.000,6984.000,40.00,9735
6985.000,6985.000,40.00,9598
6986.000,6986.000,40.00,0
6988.000,6988.000,40.00,10591
6989.000,6989.000,40.00,0
6990.000,6990.000,40.00,9092
6991.000,6991.000,40.00,29
6992.000,6992.000,40.00,9886
6993.000,6993.000,40.00,0
6994.000,6994.000,40.00,10973
6995.000,6995.000,40.00,0
6996.000,6996.000,40.00,8553
6997.000,6997.000,40.00,4713
6998.000,6998.000,40.00,3153
6999.000,6999.000,40.00,8164
7001.000,7001.000,40.00,0
7002.000,7002.000,40.00,11214
7003.000,7003.000,40.00,0
7004.000,7004.000,40.00,11347
7005.000,7005.000,40.00,0
7006.000,7006.000,40.00,9862
7007.000,7007.000,40.00,0
7008.000,7008.000,40.00,12301
7009.000,7009.000,40.00,395
7010.000,7010.000,40.00,7020
7011.000,7011.000,40.00,6859
7012.000,7012.000,40.00,0
7013.000,7013.000,40.00,3545
7015.000,7015.000,40.00,6157
7016.000,7016.000,40.00,9706
7017.000,7017.000,40.00,0
7018.000,7018.000,40.00,10528
7019.000,7019.000,40.00,0
7020.000,7020.000,40.00,9572
7021.000,7021.000,40.00,0
7022.000,7022.000,40.00,9263
7023.000,7023.000,40.00,4516
7024.000,7024.000,40.00,1650
7025.000,7025.000,40.00,7787
7027.000,7027.000,40.00,0
7028.000,7028.000,40.00,9201
7029.000,7029.000,40.00,0
7030.000,7030.000,40.00,9763
7031.000,7031.000,40.00,0
7032.000,7032.000,40.00,10297
7033.000,7033.000,40.00,0
7034.000,7034.000,40.00,10623
7035.000,7035.000,40.00,3781
7036.000,7036.000,40.00,4270
7037.000,7037.000,40.00,8677
7038.000,7038.000,40.00,0
7040.000,7040.000,40.00,9991
7041.000,7041.000,40.00,0
7042.000,7042.000,40.00,10056
7043.000,7043.000,40.00,0
7044.000,7044.000,40.00,9985
7045.000,7045.000,40.00,0
7046.000,7046.000,40.00,10349
7047.000,7047.000,40.00,0
7048.000,7048.000,40.00,9395
7049.000,7049.000,40.00,8467
7050.000,7050.000,40.00,1028
7052.000,7052.000,40.00,10777
7053.000,7053.000,40.00,0
7054.000,7054.000,40.00,10997
7055.000,7055.000,40.00,0
7056.000,7056.000,40.00,10545
7057.000,7057.000,40.00,0
7058.000,7058.000,40.00,10335
7059.000,7059.000,40.00,0
7060.000,7060.000,40.00,7229
7061.000,7061.000,40.00,6081
7062.000,7062.000,40.00,1221
7063.000,7063.000,40.00,9865
7065.000,7065.000,40.00,0
7066.000,7066.000,40.00,10946
7067.000,7067.000,40.00,86
7068.000,7068.000,40.00,11533
7069.000,7069.000,40.00,0
7070.000,7070.000,40.00,10586
7071.000,7071.000,40.00,0
7072.000,7072.000,40.00,9798
7073.000,7073.000,40.00,3021
7074.000,7074.000,40.00,3985
7075.000,7075.000,40.00,8882
7076.000,7076.000,40.00,105
7078.000,7078.000,40.00,11261
7079.000,7079.000,40.00,0
7080.000,7080.000,40.00,10912
7081.000,7081.000,40.00,0
7082.000,7082.000,40.00,10490
7083.000,7083.000,40.00,44
7084.000,7084.000,40.00,9863
7085.000,7085.000,40.00,33
7086.000,7086.000,40.00,7842
7087.000,7087.000,40.00,5009
7088.000,7088.000,40.00,3750
7089.000,7089.000,40.00,9502
7091.000,7091.000,40.00,766
7092.000,7092.000,40.00,10514
7093.000,7093.000,40.00,0
7094.000,7094.000,40.00,10072
7095.000,7095.000,40.00,0
7096.000,7096.000,40.00,10733
7097.000,7097.000,40.00,0
7098.000,7098.000,40.00,11198
7099.000,7099.000,40.00,2905
7100.000,7100.000,40.00,5030
7101.000,7101.000,40.00,8689
7102.000,7102.000,40.00,0
7104.000,7104.000,40.00,10179
7105.000,7105.000,40.00,0
7106.000,7106.000,40.00,9712
7107.000,7107.000,40.00,0
7108.000,7108.000,40.00,10684
7109.000,7109.000,40.00,0
7110.000,7110.000,40.00,11365
7111.000,7111.000,40.00,0
7112.000,7112.000,40.00,9486
7113.000,7113.000,40.00,7706
7114.000,7114.000,40.00,41
7115.000,7115.000,40.00,8367
7116.000,7116.000,40.00,0
7118.000,7118.000,40.00,12962
7119.000,7119.000,40.00,0
7120.000,7120.000,40.00,11730
7121.000,7121.000,40.00,0
7122.000,7122.000,40.00,11026
7123.000,7123.000,40.00,0
7124.000,7124.000,40.00,9686
7125.000,7125.000,40.00,2818
7126.000,7126.000,40.00,4542
7127.000,7127.000,40.00,5452
7128.000,7128.000,40.00,764
7130.000,7130.000,40.00,10628
7131.000,7131.000,40.00,0
7132.000,7132.000,40.00,10605
7133.000,7133.000,40.00,5
7134.000,7134.000,40.00,8961
7135.000,7135.000,40.00,0
7136.000,7136.000,40.00,11479
7137.000,7137.000,40.00,0
7138.000,7138.000,40.00,13993
7139.000,7139.000,40.00,3473
7140.000,7140.000,40.00,4406
7141.000,7141.000,40.00,9342
7142.000,7142.000,40.00,0
7144.000,7144.000,40.00,8716
7145.000,7145.000,40.00,0
7146.000,7146.000,40.00,12205
7147.000,7147.000,40.00,0
7148.000,7148.000,40.00,9504
7149.000,7149.000,40.00,0
7150.000,7150.000,40.00,11382
7151.000,7151.000,40.00,55
7152.000,7152.000,40.00,8313
7153.000,7153.000,40.00,8488
7154.000,7154.000,40.00,0
7156.000,7156.000,40.00,11063
7157.000,7157.000,40.00,0
7158.000,7158.000,40.00,7792
7159.000,7159.000,40.00,0
7160.000,7160.000,40.00,8487
7161.000,7161.000,40.00,0
7162.000,7162.000,40.00,11769
7163.000,7163.000,40.00,2155
7164.000,7164.000,40.00,5321
7165.000,7165.000,40.00,4308
7166.000,7166.000,40.00,5780
7167.000,7167.000,40.00,10722
7169.000,7169.000,40.00,0
7170.000,7170.000,40.00,10760
7171.000,7171.000,40.00,0
7172.000,7172.000,40.00,10777
7173.000,7173.000,40.00,6
7174.000,7174.000,40.00,9646
7175.000,7175.000,40.00,0
7176.000,7176.000,40.00,7816
7177.000,7177.000,40.00,3138
7178.000,7178.000,40.00,5001
7179.000,7179.000,40.00,8723
7180.000,7180.000,40.00,0
7182.000,7182.000,40.00,10010
7183.000,7183.000,40.00,0
7184.000,7184.000,40.00,9556
7185.000,7185.000,40.00,0
7186.000,7186.000,40.00,11359
7187.000,7187.000,40.00,40
7188.000,7188.000,40.00,10841
7189.000,7189.000,40.00,0
7190.000,7190.000,40.00,7013
7191.000,7191.000,40.00,5488
7192.000,7192.000,40.00,1595
7193.000,7193.000,40.00,9495
7195.000,7195.000,40.00,0
7196.000,7196.000,40.00,10383
7197.000,7197.000,40.00,0
7198.000,7198.000,40.00,11473
7199.000,7199.000,40.00,0
7200.000,7200.000,40.00,9692
7201.000,7201.000,40.00,0
7202.000,7202.000,40.00,9193
7203.000,7203.000,40.00,4657
7204.000,7204.000,40.00,3488
7205.000,7205.000,40.00,8839
7206.000,7206.000,40.00,1266
7208.000,7208.000,40.00,10750
7209.000,7209.000,40.00,0
7210.000,7210.000,40.00,10525
7211.000,7211.000,40.00,0
7212.000,7212.000,40.00,10795
7213.000,7213.000,40.00,0
7214.000,7214.000,40.00,10951
7215.000,7215.000,40.00,0
7216.000,7216.000,40.00,8138
7217.000,7217.000,40.00,3323
7218.000,7218.000,40.00,3934
7219.000,7219.000,40.00,11175
7221.000,7221.000,40.00,0
7222.000,7222.000,40.00,9889
7223.000,7223.000,40.00,0
7224.000,7224.000,40.00,9458
7225.000,7225.000,40.00,0
7226.000,7226.000,40.00,10210
7227.000,7227.000,40.00,0
7228.000,7228.000,40.00,10138
7229.000,7229.000,40.00,274
7230.000,7230.000,40.00,9394
7231.000,7231.000,40.00,2371
7232.000,7232.000,40.00,4477
7234.000,7234.000,40.00,8067
7235.000,7235.000,40.00,1403
7236.000,7236.000,40.00,12598
7237.000,7237.000,40.00,0
7238.000,7238.000,40.00,11104
7239.000,7239.000,40.00,0
7240.000,7240.000,40.00,11398
7241.000,7241.000,40.00,0
7242.000,7242.000,40.00,8409
7243.000,7243.000,40.00,7558
7244.000,7244.000,40.00,1050
7245.000,7245.000,40.00,9425
7247.000,7247.000,40.00,38
7248.000,7248.000,40.00,12154
7249.000,7249.000,40.00,0
7250.000,7250.000,40.00,9300
7251.000,7251.000,40.00,0
7252.000,7252.000,40.00,10204
7253.000,7253.000,40.00,0
7254.000,7254.000,40.00,9469
7255.000,7255.000,40.00,2020
7256.000,7256.000,40.00,4083
7257.000,7257.000,40.00,6261
7258.000,7258.000,40.00,1736
7259.000,7259.000,40.00,5907
7261.000,7261.000,40.00,3589
7262.000,7262.000,40.00,11753
7263.000,7263.000,40.00,0
7264.000,7264.000,40.00,10730
7265.000,7265.000,40.00,0
7266.000,7266.000,40.00,7888
7267.000,7267.000,40.00,0
7268.000,7268.000,40.00,11688
7269.000,7269.000,40.00,933
7270.000,7270.000,40.00,6457
7271.000,7271.000,40.00,7594
7272.000,7272.000,40.00,0
7274.000,7274.000,40.00,9314
7275.000,7275.000,40.00,0
7276.000,7276.000,40.00,10021
7277.000,7277.000,40.00,0
7278.000,7278.000,40.00,11575
7279.000,7279.000,40.00,0
7280.000,7280.000,40.00,10687
7281.000,7281.000,40.00,803
7282.000,7282.000,40.00,5464
7283.000,7283.000,40.00,5290
7284.000,7284.000,40.00,2432
7285.000,7285.000,40.00,10109
7287.000,7287.000,40.00,0
7288.000,7288.000,40.00,10150
7289.000,7289.000,40.00,0
7290.000,7290.000,40.00,9407
7291.000,7291.000,40.00,0
7292.000,7292.000,40.00,10970
7293.000,7293.000,40.00,0
7294.000,7294.000,40.00,10513
7295.000,7295.000,40.00,2238
7296.000,7296.000,40.00,5573
7297.000,7297.000,40.00,8636
7298.000,7298.000,40.00,366
7300.000,7300.000,40.00,5682
7301.000,7301.000,40.00,2068
7302.000,7302.000,40.00,9472
7303.000,7303.000,40.00,0
7304.000,7304.000,40.00,11099
7305.000,7305.000,40.00,0
7306.000,7306.000,40.00,11373
7307.000,7307.000,40.00,25
7308.000,7308.000,40.00,12271
7309.000,7309.000,40.00,5056
7310.000,7310.000,40.00,3605
7311.000,7311.000,40.00,5906
7312.000,7312.000,40.00,4996
7314.000,7314.000,40.00,8842
7315.000,7315.000,40.00,0
7316.000,7316.000,40.00,9860
7317.000,7317.000,40.00,0
7318.000,7318.000,40.00,7083
7319.000,7319.000,40.00,0
7320.000,7320.000,40.00,9451
7321.000,7321.000,40.00,0
7322.000,7322.000,40.00,8345
7323.000,7323.000,40.00,6371
7324.000,7324.000,40.00,3032
7325.000,7325.000,40.00,10481
7327.000,7327.000,40.00,0
7328.000,7328.000,40.00,8491
7329.000,7329.000,40.00,0
7330.000,7330.000,40.00,10152
7331.000,7331.000,40.00,0
7332.000,7332.000,40.00,10952
7333.000,7333.000,40.00,0
7334.000,7334.000,40.00,10526
7335.000,7335.000,40.00,2581
7336.000,7336.000,40.00,1506
7337.000,7337.000,40.00,1071
7339.000,7339.000,40.00,0
7340.000,7340.000,40.00,583
7341.000,7341.000,40.00,0
7342.000,7342.000,40.00,624
7343.000,7343.000,40.00,0
7344.000,7344.000,40.00,475
7345.000,7345.000,40.00,0
7346.000,7346.000,40.00,641
7347.000,7347.000,40.00,208
7348.000,7348.000,40.00,13
7349.000,7349.000,40.00,471
7350.000,7350.000,40.00,0
7351.000,7351.000,40.00,477
7353.000,7353.000,40.00,44
7354.000,7354.000,40.00,676
7355.000,7355.000,40.00,0
7356.000,7356.000,40.00,737
7357.000,7357.000,40.00,0
7358.000,7358.000,40.00,1425
7359.000,7359.000,40.00,0
7360.000,7360.000,40.00,1081
7361.000,7361.000,40.00,1317
7362.000,7362.000,40.00,0
7363.000,7363.000,40.00,1395
7364.000,7364.000,40.00,0
7366.000,7366.000,40.00,1690
7367.000,7367.000,40.00,37
7368.000,7368.000,40.00,1308
7369.000,7369.000,40.00,0
7370.000,7370.000,40.00,1224
7371.000,7371.000,40.00,0
7372.000,7372.000,40.00,1270
7373.000,7373.000,40.00,182
7374.000,7374.000,40.00,279
7375.000,7375.000,40.00,1036
7376.000,7376.000,40.00,274
7377.000,7377.000,40.00,1176
7379.000,7379.000,40.00,0
7380.000,7380.000,40.00,1704
7381.000,7381.000,40.00,0
7382.000,7382.000,40.00,1467
7383.000,7383.000,40.00,0
7384.000,7384.000,40.00,1909
7385.000,7385.000,40.00,0
7386.000,7386.000,40.00,1353
7387.000,7387.000,40.00,1123
7388.000,7388.000,40.00,0
7389.000,7389.000,40.00,1686
7390.000,7390.000,40.00,0
7392.000,7392.000,40.00,1347
7393.000,7393.000,40.00,0
7394.000,7394.000,40.00,829
7395.000,7395.000,40.00,0
7396.000,7396.000,40.00,2397
7397.000,7397.000,40.00,0
7398.000,7398.000,40.00,212
7399.000,7399.000,40.00,0
7400.000,7400.000,40.00,0
7401.000,7401.000,40.00,0
7402.000,7402.000,40.00,0
7403.000,7403.000,40.00,0
7405.000,7405.000,40.00,0
7406.000,7406.000,40.00,0
7407.000,7407.000,40.00,0
7408.000,7408.000,40.00,0
7409.000,7409.000,40.00,0
7410.000,7410.000,40.00,0
7411.000,7411.000,40.00,0
7412.000,7412.000,40.00,0
7413.000,7413.000,40.00,2
7414.000,7414.000,40.00,44
7415.000,7415.000,40.00,10
7416.000,7416.000,40.00,3
7418.000,7418.000,40.00,0
7419.000,7419.000,40.00,0
7420.000,7420.000,40.00,0
7421.000,7421.000,40.00,0
7422.000,7422.000,40.00,0
7423.000,7423.000,40.00,0
7424.000,7424.000,40.00,0
7425.000,7425.000,40.00,0
7426.000,7426.000,40.00,12
7427.000,7427.000,40.00,0
7428.000,7428.000,40.00,0
7429.000,7429.000,40.00,0
7431.000,7431.000,40.00,0
7432.000,7432.000,40.00,0
7433.000,7433.000,40.00,0
7434.000,7434.000,40.00,0
7435.000,7435.000,40.00,0
7436.000,7436.000,40.00,0
7437.000,7437.000,40.00,0
7438.000,7438.000,40.00,0
7439.000,7439.000,40.00,0
7440.000,7440.000,40.00,0
7441.000,7441.000,40.00,0
7442.000,7442.000,40.00,0
7443.000,7443.000,40.00,0
7445.000,7445.000,40.00,0
7446.000,7446.000,40.00,0
7447.000,7447.000,40.00,0
7448.000,7448.000,40.00,0
7449.000,7449.000,40.00,0
7450.000,7450.000,40.00,0
7451.000,7451.000,40.00,0
7452.000,7452.000,40.00,0
7453.000,7453.000,40.00,0
7454.000,7454.000,40.00,0
7455.000,7455.000,40.00,38
7456.000,7456.000,40.00,48
7458.000,7458.000,40.00,0
7459.000,7459.000,40.00,0
7460.000,7460.000,40.00,0
7461.000,7461.000,40.00,0
7462.000,7462.000,40.00,0
7463.000,7463.000,40.00,0
7464.000,7464.000,40.00,0
7465.000,7465.000,40.00,0
7466.000,7466.000,40.00,0
7467.000,7467.000,40.00,0
7468.000,7468.000,40.00,0
7470.000,7470.000,40.00,0
7471.000,7471.000,40.00,0
7472.000,7472.000,40.00,0
7473.000,7473.000,40.00,0
7474.000,7474.000,40.00,0
7475.000,7475.000,40.00,0
7476.000,7476.000,40.00,0
7477.000,7477.000,40.00,0
7478.000,7478.000,40.00,0
7479.000,7479.000,40.00,0
7480.000,7480.000,40.00,0
7481.000,7481.000,40.00,0
7483.000,7483.000,40.00,0
7484.000,7484.000,40.00,0
7485.000,7485.000,40.00,0
7486.000,7486.000,40.00,0
7487.000,7487.000,40.00,4
7488.000,7488.000,40.00,0
7489.000,7489.000,40.00,0
7490.000,7490.000,40.00,0
7491.000,7491.000,40.00,0
7492.000,7492.000,40.00,0
7493.000,7493.000,40.00,0
7494.000,7494.000,40.00,0
7496.000,7496.000,40.00,0
7497.000,7497.000,40.00,0
7498.000,7498.000,40.00,0
7499.000,7499.000,40.00,0
7500.000,7500.000,40.00,0
7501.000,7501.000,40.00,0
7502.000,7502.000,40.00,0
7503.000,7503.000,40.00,0
7504.000,7504.000,40.00,0
7505.000,7505.000,40.00,0
7506.000,7506.000,40.00,0
7507.000,7507.000,40.00,0
7508.000,7508.000,40.00,0
7510.000,7510.000,40.00,0
7511.000,7511.000,40.00,0
7512.000,7512.000,40.00,0
7513.000,7513.000,40.00,0
7514.000,7514.000,40.00,0
7515.000,7515.000,40.00,0
7516.000,7516.000,40.00,0
7517.000,7517.000,40.00,1
7518.000,7518.000,40.00,0
7519.000,7519.000,40.00,0
7521.000,7521.000,40.00,90
7522.000,7522.000,40.00,3
7523.000,7523.000,40.00,0
7524.000,7524.000,40.00,0
7525.000,7525.000,40.00,4
7526.000,7526.000,40.00,0
7527.000,7527.000,40.00,0
7529.000,7529.000,40.00,3
7530.000,7530.000,40.00,0
7531.000,7531.000,40.00,0
7532.000,7532.000,40.00,0
7533.000,7533.000,40.00,3
7534.000,7534.000,40.00,0
7535.000,7535.000,40.00,18264
7536.000,7536.000,40.00,20342
7537.000,7537.000,40.00,71506
7539.000,7539.000,40.00,4043
7540.000,7540.000,40.00,14235
7541.000,7541.000,40.00,15292
7542.000,7542.000,40.00,0
7543.000,7543.000,40.00,0
7544.000,7544.000,40.00,3412
7545.000,7545.000,40.00,150
7546.000,7546.000,40.00,5
7547.000,7547.000,40.00,0
7548.000,7548.000,40.00,0
7549.000,7549.000,40.00,0
