since,relative_seconds,rtt,bandwidth_kbps
0.000,0.000,40.00,78
1.000,1.000,40.00,0
2.000,2.000,40.00,0
2.000,2.000,40.00,0
3.000,3.000,40.00,0
4.000,4.000,40.00,31
5.000,5.000,40.00,954
6.000,6.000,40.00,1309
7.000,7.000,40.00,11
8.000,8.000,40.00,85
9.000,9.000,40.00,5743
10.000,10.000,40.00,11073
12.000,12.000,40.00,26128
13.000,13.000,40.00,58458
14.000,14.000,40.00,33809
15.000,15.000,40.00,4072
16.000,16.000,40.00,0
17.000,17.000,40.00,0
18.000,18.000,40.00,0
19.000,19.000,40.00,0
20.000,20.000,40.00,2
21.000,21.000,40.00,0
23.000,23.000,40.00,0
24.000,24.000,40.00,0
25.000,25.000,40.00,0
26.000,26.000,40.00,0
27.000,27.000,40.00,0
28.000,28.000,40.00,0
29.000,29.000,40.00,0
30.000,30.000,40.00,0
31.000,31.000,40.00,0
32.000,32.000,40.00,0
33.000,33.000,40.00,1
35.000,35.000,40.00,13
36.000,36.000,40.00,0
37.000,37.000,40.00,0
38.000,38.000,40.00,0
39.000,39.000,40.00,0
40.000,40.000,40.00,0
41.000,41.000,40.00,0
42.000,42.000,40.00,0
43.000,43.000,40.00,277
44.000,44.000,40.00,1780
46.000,46.000,40.00,269
47.000,47.000,40.00,0
48.000,48.000,40.00,625
49.000,49.000,40.00,273
50.000,50.000,40.00,0
51.000,51.000,40.00,275
52.000,52.000,40.00,3163
53.000,53.000,40.00,3163
54.000,54.000,40.00,272
55.000,55.000,40.00,0
56.000,56.000,40.00,272
57.000,57.000,40.00,0
58.000,58.000,40.00,2226
59.000,59.000,40.00,0
60.000,60.000,40.00,0
61.000,61.000,40.00,2644
63.000,63.000,40.00,0
64.000,64.000,40.00,275
65.000,65.000,40.00,0
65.000,65.000,40.00,0
66.000,66.000,40.00,275
67.000,67.000,40.00,1190
68.000,68.000,40.00,0
69.000,69.000,40.00,3185
71.000,71.000,40.00,0
72.000,72.000,40.00,277
73.000,73.000,40.00,33
74.000,74.000,40.00,277
75.000,75.000,40.00,1567
76.000,76.000,40.00,1567
76.000,76.000,40.00,0
77.000,77.000,40.00,271
78.000,78.000,40.00,917
80.000,80.000,40.00,0
81.000,81.000,40.00,270
82.000,82.000,40.00,0
83.000,83.000,40.00,274
84.000,84.000,40.00,4474
85.000,85.000,40.00,273
86.000,86.000,40.00,273
86.000,86.000,40.00,0
88.000,88.000,40.00,274
89.000,89.000,40.00,0
90.000,90.000,40.00,4986
91.000,91.000,40.00,0
92.000,92.000,40.00,662
93.000,93.000,40.00,271
94.000,94.000,40.00,4920
95.000,95.000,40.00,4920
95.000,95.000,40.00,273
97.000,97.000,40.00,274
98.000,98.000,40.00,0
99.000,99.000,40.00,0
100.000,100.000,40.00,3680
101.000,101.000,40.00,267
102.000,102.000,40.00,0
103.000,103.000,40.00,273
105.000,105.000,40.00,2263
106.000,106.000,40.00,0
107.000,107.000,40.00,277
107.000,107.000,40.00,277
108.000,108.000,40.00,0
109.000,109.000,40.00,5613
110.000,110.000,40.00,0
111.000,111.000,40.00,272
113.000,113.000,40.00,0
114.000,114.000,40.00,274
115.000,115.000,40.00,0
116.000,116.000,40.00,2838
117.000,117.000,40.00,270
118.000,118.000,40.00,0
119.000,119.000,40.00,274
121.000,121.000,40.00,1906
122.000,122.000,40.00,274
123.000,123.000,40.00,0
124.000,124.000,40.00,4865
125.000,125.000,40.00,271
126.000,126.000,40.00,0
127.000,127.000,40.00,3403
128.000,128.000,40.00,0
130.000,130.000,40.00,273
131.000,131.000,40.00,0
131.000,131.000,40.00,0
132.000,132.000,40.00,275
133.000,133.000,40.00,2648
134.000,134.000,40.00,9
135.000,135.000,40.00,273
136.000,136.000,40.00,3217
138.000,138.000,40.00,274
139.000,139.000,40.00,33
139.000,139.000,40.00,33
140.000,140.000,40.00,0
141.000,141.000,40.00,3126
142.000,142.000,40.00,0
143.000,143.000,40.00,272
144.000,144.000,40.00,0
145.000,145.000,40.00,275
147.000,147.000,40.00,1583
147.000,147.000,40.00,1583
148.000,148.000,40.00,278
149.000,149.000,40.00,0
150.000,150.000,40.00,2009
151.000,151.000,40.00,187
152.000,152.000,40.00,0
153.000,153.000,40.00,2557
155.000,155.000,40.00,0
155.000,155.000,40.00,0
156.000,156.000,40.00,274
157.000,157.000,40.00,0
158.000,158.000,40.00,270
159.000,159.000,40.00,2327
160.000,160.000,40.00,0
161.000,161.000,40.00,273
163.000,163.000,40.00,1077
164.000,164.000,40.00,0
164.000,164.000,40.00,0
165.000,165.000,40.00,273
166.000,166.000,40.00,0
167.000,167.000,40.00,2372
168.000,168.000,40.00,0
169.000,169.000,40.00,276
170.000,170.000,40.00,0
172.000,172.000,40.00,2133
173.000,173.000,40.00,0
174.000,174.000,40.00,272
175.000,175.000,40.00,0
176.000,176.000,40.00,1338
177.000,177.000,40.00,275
178.000,178.000,40.00,0
180.000,180.000,40.00,2142
181.000,181.000,40.00,0
182.000,182.000,40.00,271
183.000,183.000,40.00,3104
184.000,184.000,40.00,0
185.000,185.000,40.00,278
186.000,186.000,40.00,0
187.000,187.000,40.00,1871
189.000,189.000,40.00,0
190.000,190.000,40.00,2383
191.000,191.000,40.00,274
192.000,192.000,40.00,0
193.000,193.000,40.00,345
194.000,194.000,40.00,0
195.000,195.000,40.00,3110
197.000,197.000,40.00,0
198.000,198.000,40.00,272
198.000,198.000,40.00,272
199.000,199.000,40.00,0
200.000,200.000,40.00,2453
201.000,201.000,40.00,0
202.000,202.000,40.00,1681
203.000,203.000,40.00,273
205.000,205.000,40.00,0
206.000,206.000,40.00,272
207.000,207.000,40.00,0
207.000,207.000,40.00,0
208.000,208.000,40.00,3042
209.000,209.000,40.00,0
210.000,210.000,40.00,0
211.000,211.000,40.00,2850
213.000,213.000,40.00,0
214.000,214.000,40.00,273
215.000,215.000,40.00,0
216.000,216.000,40.00,272
217.000,217.000,40.00,272
217.000,217.000,40.00,3196
218.000,218.000,40.00,0
219.000,219.000,40.00,275
221.000,221.000,40.00,2284
222.000,222.000,40.00,0
223.000,223.000,40.00,275
224.000,224.000,40.00,0
225.000,225.000,40.00,4960
226.000,226.000,40.00,0
227.000,227.000,40.00,274
229.000,229.000,40.00,3170
230.000,230.000,40.00,269
231.000,231.000,40.00,0
232.000,232.000,40.00,274
233.000,233.000,40.00,0
234.000,234.000,40.00,0
235.000,235.000,40.00,176
237.000,237.000,40.00,0
238.000,238.000,40.00,268
239.000,239.000,40.00,1716
240.000,240.000,40.00,0
241.000,241.000,40.00,273
242.000,242.000,40.00,0
243.000,243.000,40.00,1763
244.000,244.000,40.00,1763
245.000,245.000,40.00,0
246.000,246.000,40.00,269
247.000,247.000,40.00,0
248.000,248.000,40.00,2392
249.000,249.000,40.00,0
250.000,250.000,40.00,274
251.000,251.000,40.00,2026
252.000,252.000,40.00,0
254.000,254.000,40.00,303
255.000,255.000,40.00,3
256.000,256.000,40.00,272
257.000,257.000,40.00,2500
258.000,258.000,40.00,0
259.000,259.000,40.00,275
260.000,260.000,40.00,0
262.000,262.000,40.00,74
263.000,263.000,40.00,277
264.000,264.000,40.00,0
265.000,265.000,40.00,1883
265.000,265.000,40.00,1883
266.000,266.000,40.00,0
267.000,267.000,40.00,273
268.000,268.000,40.00,1707
270.000,270.000,40.00,275
271.000,271.000,40.00,0
272.000,272.000,40.00,2800
273.000,273.000,40.00,0
274.000,274.000,40.00,0
275.000,275.000,40.00,0
275.000,275.000,40.00,2003
276.000,276.000,40.00,53
278.000,278.000,40.00,271
279.000,279.000,40.00,0
280.000,280.000,40.00,272
281.000,281.000,40.00,2117
282.000,282.000,40.00,273
283.000,283.000,40.00,276
284.000,284.000,40.00,276
284.000,284.000,40.00,0
286.000,286.000,40.00,1699
287.000,287.000,40.00,0
288.000,288.000,40.00,276
289.000,289.000,40.00,2561
290.000,290.000,40.00,0
291.000,291.000,40.00,278
292.000,292.000,40.00,0
293.000,293.000,40.00,0
293.000,293.000,40.00,269
295.000,295.000,40.00,2619
296.000,296.000,40.00,0
297.000,297.000,40.00,277
298.000,298.000,40.00,0
299.000,299.000,40.00,3752
300.000,300.000,40.00,0
302.000,302.000,40.00,286
302.000,302.000,40.00,286
303.000,303.000,40.00,0
304.000,304.000,40.00,1788
305.000,305.000,40.00,0
306.000,306.000,40.00,0
307.000,307.000,40.00,1621
308.000,308.000,40.00,0
310.000,310.000,40.00,273
311.000,311.000,40.00,0
311.000,311.000,40.00,0
312.000,312.000,40.00,278
313.000,313.000,40.00,1650
314.000,314.000,40.00,4
315.000,315.000,40.00,1705
316.000,316.000,40.00,0
318.000,318.000,40.00,272
319.000,319.000,40.00,1469
320.000,320.000,40.00,275
320.000,320.000,40.00,275
321.000,321.000,40.00,2464
322.000,322.000,40.00,0
323.000,323.000,40.00,274
324.000,324.000,40.00,0
325.000,325.000,40.00,3183
327.000,327.000,40.00,0
328.000,328.000,40.00,275
328.000,328.000,40.00,275
329.000,329.000,40.00,0
330.000,330.000,40.00,1455
331.000,331.000,40.00,0
332.000,332.000,40.00,0
333.000,333.000,40.00,0
335.000,335.000,40.00,276
335.000,335.000,40.00,276
336.000,336.000,40.00,0
337.000,337.000,40.00,2957
338.000,338.000,40.00,0
339.000,339.000,40.00,274
340.000,340.000,40.00,0
341.000,341.000,40.00,2756
343.000,343.000,40.00,0
343.000,343.000,40.00,0
344.000,344.000,40.00,274
345.000,345.000,40.00,41
346.000,346.000,40.00,2067
347.000,347.000,40.00,318
348.000,348.000,40.00,36
349.000,349.000,40.00,273
351.000,351.000,40.00,0
352.000,352.000,40.00,1408
352.000,352.000,40.00,1408
353.000,353.000,40.00,0
354.000,354.000,40.00,277
355.000,355.000,40.00,2370
356.000,356.000,40.00,0
357.000,357.000,40.00,272
359.000,359.000,40.00,0
360.000,360.000,40.00,1775
361.000,361.000,40.00,0
362.000,362.000,40.00,276
363.000,363.000,40.00,0
364.000,364.000,40.00,0
365.000,365.000,40.00,0
365.000,365.000,40.00,270
367.000,367.000,40.00,274
368.000,368.000,40.00,0
369.000,369.000,40.00,914
370.000,370.000,40.00,0
371.000,371.000,40.00,275
372.000,372.000,40.00,2712
373.000,373.000,40.00,341
375.000,375.000,40.00,0
375.000,375.000,40.00,0
376.000,376.000,40.00,0
377.000,377.000,40.00,1958
378.000,378.000,40.00,0
379.000,379.000,40.00,276
380.000,380.000,40.00,0
381.000,381.000,40.00,2641
382.000,382.000,40.00,0
384.000,384.000,40.00,273
385.000,385.000,40.00,1
385.000,385.000,40.00,1
386.000,386.000,40.00,274
387.000,387.000,40.00,274
388.000,388.000,40.00,0
389.000,389.000,40.00,272
390.000,390.000,40.00,866
392.000,392.000,40.00,275
393.000,393.000,40.00,0
394.000,394.000,40.00,274
395.000,395.000,40.00,1540
396.000,396.000,40.00,1540
396.000,396.000,40.00,0
397.000,397.000,40.00,241
398.000,398.000,40.00,37
400.000,400.000,40.00,2449
401.000,401.000,40.00,0
402.000,402.000,40.00,274
403.000,403.000,40.00,3524
404.000,404.000,40.00,0
405.000,405.000,40.00,273
406.000,406.000,40.00,1
407.000,407.000,40.00,1
408.000,408.000,40.00,3314
409.000,409.000,40.00,275
410.000,410.000,40.00,0
411.000,411.000,40.00,274
412.000,412.000,40.00,0
413.000,413.000,40.00,4601
414.000,414.000,40.00,0
415.000,415.000,40.00,274
416.000,416.000,40.00,274
417.000,417.000,40.00,0
418.000,418.000,40.00,2161
419.000,419.000,40.00,0
420.000,420.000,40.00,329
421.000,421.000,40.00,296
422.000,422.000,40.00,1
423.000,423.000,40.00,274
425.000,425.000,40.00,0
425.000,425.000,40.00,0
426.000,426.000,40.00,2179
427.000,427.000,40.00,0
428.000,428.000,40.00,276
429.000,429.000,40.00,0
430.000,430.000,40.00,0
431.000,431.000,40.00,1857
432.000,432.000,40.00,176
433.000,433.000,40.00,176
434.000,434.000,40.00,25
435.000,435.000,40.00,2613
436.000,436.000,40.00,0
437.000,437.000,40.00,272
438.000,438.000,40.00,0
439.000,439.000,40.00,273
440.000,440.000,40.00,1373
441.000,441.000,40.00,1373
442.000,442.000,40.00,278
443.000,443.000,40.00,0
444.000,444.000,40.00,1072
445.000,445.000,40.00,0
446.000,446.000,40.00,0
447.000,447.000,40.00,274
448.000,448.000,40.00,1674
449.000,449.000,40.00,1674
450.000,450.000,40.00,275
451.000,451.000,40.00,0
452.000,452.000,40.00,3142
453.000,453.000,40.00,272
454.000,454.000,40.00,0
455.000,455.000,40.00,276
456.000,456.000,40.00,0
457.000,457.000,40.00,950
458.000,458.000,40.00,950
459.000,459.000,40.00,0
460.000,460.000,40.00,1773
461.000,461.000,40.00,0
462.000,462.000,40.00,85
463.000,463.000,40.00,1457
464.000,464.000,40.00,0
466.000,466.000,40.00,276
467.000,467.000,40.00,0
468.000,468.000,40.00,276
469.000,469.000,40.00,1628
470.000,470.000,40.00,0
471.000,471.000,40.00,0
471.000,471.000,40.00,274
472.000,472.000,40.00,0
473.000,473.000,40.00,2894
475.000,475.000,40.00,0
476.000,476.000,40.00,278
477.000,477.000,40.00,1120
478.000,478.000,40.00,0
479.000,479.000,40.00,278
479.000,479.000,40.00,278
480.000,480.000,40.00,0
481.000,481.000,40.00,2661
483.000,483.000,40.00,0
484.000,484.000,40.00,277
485.000,485.000,40.00,0
486.000,486.000,40.00,1842
488.000,488.000,40.00,0
489.000,489.000,40.00,1830
490.000,490.000,40.00,0
492.000,492.000,40.00,275
493.000,493.000,40.00,1493
494.000,494.000,40.00,302
495.000,495.000,40.00,1424
495.000,495.000,40.00,1424
496.000,496.000,40.00,524
497.000,497.000,40.00,280
499.000,499.000,40.00,2183
500.000,500.000,40.00,2229
501.000,501.000,40.00,0
503.000,503.000,40.00,730
504.000,504.000,40.00,0
505.000,505.000,40.00,277
507.000,507.000,40.00,2119
508.000,508.000,40.00,0
508.000,508.000,40.00,0
509.000,509.000,40.00,277
510.000,510.000,40.00,0
511.000,511.000,40.00,3863
512.000,512.000,40.00,0
513.000,513.000,40.00,276
514.000,514.000,40.00,0
515.000,515.000,40.00,0
516.000,516.000,40.00,2316
517.000,517.000,40.00,0
518.000,518.000,40.00,275
519.000,519.000,40.00,0
520.000,520.000,40.00,176
521.000,521.000,40.00,1881
522.000,522.000,40.00,1881
522.000,522.000,40.00,0
524.000,524.000,40.00,281
525.000,525.000,40.00,458
526.000,526.000,40.00,140
527.000,527.000,40.00,1780
529.000,529.000,40.00,277
530.000,530.000,40.00,0
531.000,531.000,40.00,3314
533.000,533.000,40.00,0
534.000,534.000,40.00,271
535.000,535.000,40.00,0
535.000,535.000,40.00,0
536.000,536.000,40.00,275
537.000,537.000,40.00,4191
538.000,538.000,40.00,0
539.000,539.000,40.00,276
541.000,541.000,40.00,0
542.000,542.000,40.00,2619
542.000,542.000,40.00,2619
543.000,543.000,40.00,0
544.000,544.000,40.00,276
545.000,545.000,40.00,277
547.000,547.000,40.00,3197
548.000,548.000,40.00,277
549.000,549.000,40.00,0
549.000,549.000,40.00,0
550.000,550.000,40.00,273
551.000,551.000,40.00,2008
552.000,552.000,40.00,0
553.000,553.000,40.00,348
555.000,555.000,40.00,0
556.000,556.000,40.00,277
556.000,556.000,40.00,277
557.000,557.000,40.00,3081
558.000,558.000,40.00,0
559.000,559.000,40.00,277
560.000,560.000,40.00,0
561.000,561.000,40.00,1804
563.000,563.000,40.00,0
564.000,564.000,40.00,279
564.000,564.000,40.00,279
565.000,565.000,40.00,1408
566.000,566.000,40.00,158
567.000,567.000,40.00,276
568.000,568.000,40.00,0
569.000,569.000,40.00,273
571.000,571.000,40.00,2374
572.000,572.000,40.00,276
573.000,573.000,40.00,3854
574.000,574.000,40.00,0
575.000,575.000,40.00,276
576.000,576.000,40.00,2591
577.000,577.000,40.00,277
578.000,578.000,40.00,0
579.000,579.000,40.00,277
581.000,581.000,40.00,1679
582.000,582.000,40.00,275
583.000,583.000,40.00,0
584.000,584.000,40.00,3379
585.000,585.000,40.00,0
586.000,586.000,40.00,0
587.000,587.000,40.00,279
589.000,589.000,40.00,2690
590.000,590.000,40.00,0
591.000,591.000,40.00,275
592.000,592.000,40.00,0
593.000,593.000,40.00,3084
594.000,594.000,40.00,3084
594.000,594.000,40.00,0
595.000,595.000,40.00,275
597.000,597.000,40.00,0
598.000,598.000,40.00,273
599.000,599.000,40.00,4276
600.000,600.000,40.00,279
601.000,601.000,40.00,275
602.000,602.000,40.00,0
603.000,603.000,40.00,6553
605.000,605.000,40.00,275
606.000,606.000,40.00,0
607.000,607.000,40.00,277
607.000,607.000,40.00,277
608.000,608.000,40.00,0
609.000,609.000,40.00,4879
610.000,610.000,40.00,0
611.000,611.000,40.00,274
613.000,613.000,40.00,0
614.000,614.000,40.00,3759
615.000,615.000,40.00,2
616.000,616.000,40.00,276
616.000,616.000,40.00,276
617.000,617.000,40.00,0
618.000,618.000,40.00,2824
619.000,619.000,40.00,656
621.000,621.000,40.00,274
622.000,622.000,40.00,3584
623.000,623.000,40.00,275
624.000,624.000,40.00,0
625.000,625.000,40.00,280
625.000,625.000,40.00,280
626.000,626.000,40.00,2412
627.000,627.000,40.00,272
628.000,628.000,40.00,0
630.000,630.000,40.00,271
631.000,631.000,40.00,2553
632.000,632.000,40.00,0
633.000,633.000,40.00,276
634.000,634.000,40.00,0
635.000,635.000,40.00,2785
636.000,636.000,40.00,0
638.000,638.000,40.00,275
639.000,639.000,40.00,0
640.000,640.000,40.00,118
641.000,641.000,40.00,696
642.000,642.000,40.00,0
643.000,643.000,40.00,279
644.000,644.000,40.00,0
646.000,646.000,40.00,2594
647.000,647.000,40.00,0
648.000,648.000,40.00,276
649.000,649.000,40.00,0
650.000,650.000,40.00,1058
651.000,651.000,40.00,695
652.000,652.000,40.00,1696
653.000,653.000,40.00,272
655.000,655.000,40.00,275
656.000,656.000,40.00,0
657.000,657.000,40.00,2779
658.000,658.000,40.00,0
659.000,659.000,40.00,275
660.000,660.000,40.00,1668
661.000,661.000,40.00,273
662.000,662.000,40.00,0
664.000,664.000,40.00,278
665.000,665.000,40.00,0
666.000,666.000,40.00,0
667.000,667.000,40.00,276
668.000,668.000,40.00,0
669.000,669.000,40.00,2596
670.000,670.000,40.00,0
672.000,672.000,40.00,276
673.000,673.000,40.00,1627
674.000,674.000,40.00,300
675.000,675.000,40.00,0
676.000,676.000,40.00,275
677.000,677.000,40.00,2350
678.000,678.000,40.00,0
679.000,679.000,40.00,276
681.000,681.000,40.00,0
682.000,682.000,40.00,2754
683.000,683.000,40.00,0
684.000,684.000,40.00,275
685.000,685.000,40.00,0
686.000,686.000,40.00,1
687.000,687.000,40.00,276
689.000,689.000,40.00,3951
690.000,690.000,40.00,0
691.000,691.000,40.00,1738
692.000,692.000,40.00,0
693.000,693.000,40.00,272
694.000,694.000,40.00,0
695.000,695.000,40.00,2410
696.000,696.000,40.00,0
698.000,698.000,40.00,276
699.000,699.000,40.00,0
700.000,700.000,40.00,275
701.000,701.000,40.00,0
702.000,702.000,40.00,0
703.000,703.000,40.00,0
703.000,703.000,40.00,276
704.000,704.000,40.00,0
706.000,706.000,40.00,2434
707.000,707.000,40.00,0
708.000,708.000,40.00,276
709.000,709.000,40.00,19
710.000,710.000,40.00,709
711.000,711.000,40.00,276
712.000,712.000,40.00,1056
714.000,714.000,40.00,0
715.000,715.000,40.00,277
716.000,716.000,40.00,0
717.000,717.000,40.00,271
718.000,718.000,40.00,2379
719.000,719.000,40.00,280
720.000,720.000,40.00,0
722.000,722.000,40.00,275
723.000,723.000,40.00,2189
724.000,724.000,40.00,0
725.000,725.000,40.00,275
726.000,726.000,40.00,0
727.000,727.000,40.00,275
728.000,728.000,40.00,1387
730.000,730.000,40.00,277
731.000,731.000,40.00,1972
732.000,732.000,40.00,0
733.000,733.000,40.00,271
734.000,734.000,40.00,69
735.000,735.000,40.00,275
736.000,736.000,40.00,275
736.000,736.000,40.00,720
738.000,738.000,40.00,275
739.000,739.000,40.00,0
740.000,740.000,40.00,627
741.000,741.000,40.00,0
742.000,742.000,40.00,0
743.000,743.000,40.00,276
744.000,744.000,40.00,343
745.000,745.000,40.00,275
747.000,747.000,40.00,0
747.000,747.000,40.00,0
748.000,748.000,40.00,277
749.000,749.000,40.00,0
750.000,750.000,40.00,451
751.000,751.000,40.00,265
752.000,752.000,40.00,0
753.000,753.000,40.00,276
755.000,755.000,40.00,137
756.000,756.000,40.00,276
757.000,757.000,40.00,0
758.000,758.000,40.00,273
759.000,759.000,40.00,0
760.000,760.000,40.00,0
761.000,761.000,40.00,275
763.000,763.000,40.00,0
764.000,764.000,40.00,276
765.000,765.000,40.00,559
766.000,766.000,40.00,272
767.000,767.000,40.00,0
768.000,768.000,40.00,278
769.000,769.000,40.00,878
770.000,770.000,40.00,0
772.000,772.000,40.00,275
773.000,773.000,40.00,0
774.000,774.000,40.00,271
775.000,775.000,40.00,605
776.000,776.000,40.00,0
777.000,777.000,40.00,276
778.000,778.000,40.00,276
778.000,778.000,40.00,0
780.000,780.000,40.00,917
781.000,781.000,40.00,0
782.000,782.000,40.00,272
783.000,783.000,40.00,0
784.000,784.000,40.00,274
785.000,785.000,40.00,1048
786.000,786.000,40.00,0
787.000,787.000,40.00,0
788.000,788.000,40.00,0
789.000,789.000,40.00,664
790.000,790.000,40.00,0
791.000,791.000,40.00,275
792.000,792.000,40.00,803
793.000,793.000,40.00,303
795.000,795.000,40.00,0
795.000,795.000,40.00,0
796.000,796.000,40.00,277
797.000,797.000,40.00,0
798.000,798.000,40.00,275
799.000,799.000,40.00,0
800.000,800.000,40.00,274
801.000,801.000,40.00,15
803.000,803.000,40.00,0
803.000,803.000,40.00,0
804.000,804.000,40.00,0
805.000,805.000,40.00,0
806.000,806.000,40.00,12
807.000,807.000,40.00,0
808.000,808.000,40.00,0
809.000,809.000,40.00,0
810.000,810.000,40.00,0
811.000,811.000,40.00,0
812.000,812.000,40.00,0
813.000,813.000,40.00,0
814.000,814.000,40.00,0
815.000,815.000,40.00,0
816.000,816.000,40.00,0
817.000,817.000,40.00,0
818.000,818.000,40.00,0
819.000,819.000,40.00,0
820.000,820.000,40.00,0
821.000,821.000,40.00,0
822.000,822.000,40.00,0
823.000,823.000,40.00,0
824.000,824.000,40.00,0
825.000,825.000,40.00,0
826.000,826.000,40.00,0
827.000,827.000,40.00,0
827.000,827.000,40.00,0
828.000,828.000,40.00,0
830.000,830.000,40.00,0
831.000,831.000,40.00,0
832.000,832.000,40.00,0
833.000,833.000,40.00,0
834.000,834.000,40.00,0
837.000,837.000,40.00,0
838.000,838.000,40.00,0
839.000,839.000,40.00,0
840.000,840.000,40.00,0
841.000,841.000,40.00,0
842.000,842.000,40.00,0
843.000,843.000,40.00,0
846.000,846.000,40.00,0
847.000,847.000,40.00,0
848.000,848.000,40.00,0
849.000,849.000,40.00,0
850.000,850.000,40.00,0
851.000,851.000,40.00,0
852.000,852.000,40.00,0
852.000,852.000,40.00,0
853.000,853.000,40.00,2
855.000,855.000,40.00,52
856.000,856.000,40.00,0
857.000,857.000,40.00,0
858.000,858.000,40.00,39
859.000,859.000,40.00,0
860.000,860.000,40.00,0
861.000,861.000,40.00,0
862.000,862.000,40.00,0
864.000,864.000,40.00,0
864.000,864.000,40.00,0
865.000,865.000,40.00,0
866.000,866.000,40.00,0
867.000,867.000,40.00,0
868.000,868.000,40.00,0
869.000,869.000,40.00,0
870.000,870.000,40.00,0
872.000,872.000,40.00,0
873.000,873.000,40.00,0
874.000,874.000,40.00,0
875.000,875.000,40.00,0
877.000,877.000,40.00,0
878.000,878.000,40.00,0
879.000,879.000,40.00,0
881.000,881.000,40.00,0
882.000,882.000,40.00,0
883.000,883.000,40.00,0
883.000,883.000,40.00,0
884.000,884.000,40.00,0
885.000,885.000,40.00,0
886.000,886.000,40.00,0
887.000,887.000,40.00,0
889.000,889.000,40.00,0
890.000,890.000,40.00,0
891.000,891.000,40.00,0
892.000,892.000,40.00,0
893.000,893.000,40.00,0
894.000,894.000,40.00,0
895.000,895.000,40.00,0
896.000,896.000,40.00,0
898.000,898.000,40.00,0
899.000,899.000,40.00,0
900.000,900.000,40.00,0
901.000,901.000,40.00,0
902.000,902.000,40.00,0
903.000,903.000,40.00,0
904.000,904.000,40.00,0
906.000,906.000,40.00,0
907.000,907.000,40.00,0
908.000,908.000,40.00,0
909.000,909.000,40.00,0
910.000,910.000,40.00,0
911.000,911.000,40.00,0
912.000,912.000,40.00,0
913.000,913.000,40.00,4
915.000,915.000,40.00,5
916.000,916.000,40.00,0
916.000,916.000,40.00,0
917.000,917.000,40.00,0
918.000,918.000,40.00,0
919.000,919.000,40.00,0
920.000,920.000,40.00,0
921.000,921.000,40.00,0
923.000,923.000,40.00,14
924.000,924.000,40.00,64431
924.000,924.000,40.00,64431
925.000,925.000,40.00,23234
926.000,926.000,40.00,78201
927.000,927.000,40.00,10219
928.000,928.000,40.00,4
929.000,929.000,40.00,0
930.000,930.000,40.00,0
931.000,931.000,40.00,0
932.000,932.000,40.00,3
933.000,933.000,40.00,11
934.000,934.000,40.00,0
935.000,935.000,40.00,0
936.000,936.000,40.00,0
937.000,937.000,40.00,0
938.000,938.000,40.00,0
940.000,940.000,40.00,0
941.000,941.000,40.00,9325
941.000,941.000,40.00,9325
942.000,942.000,40.00,8885
943.000,943.000,40.00,11420
944.000,944.000,40.00,1206
945.000,945.000,40.00,328
946.000,946.000,40.00,51
947.000,947.000,40.00,4832
949.000,949.000,40.00,0
950.000,950.000,40.00,274
951.000,951.000,40.00,0
951.000,951.000,40.00,0
952.000,952.000,40.00,3308
953.000,953.000,40.00,276
954.000,954.000,40.00,0
955.000,955.000,40.00,280
956.000,956.000,40.00,1863
958.000,958.000,40.00,1037
959.000,959.000,40.00,0
960.000,960.000,40.00,269
961.000,961.000,40.00,5641
962.000,962.000,40.00,0
963.000,963.000,40.00,273
964.000,964.000,40.00,0
966.000,966.000,40.00,277
967.000,967.000,40.00,7039
968.000,968.000,40.00,0
969.000,969.000,40.00,273
970.000,970.000,40.00,0
971.000,971.000,40.00,274
972.000,972.000,40.00,5128
973.000,973.000,40.00,276
974.000,974.000,40.00,0
975.000,975.000,40.00,271
977.000,977.000,40.00,3230
978.000,978.000,40.00,0
979.000,979.000,40.00,283
980.000,980.000,40.00,0
981.000,981.000,40.00,1073
982.000,982.000,40.00,0
983.000,983.000,40.00,281
984.000,984.000,40.00,0
986.000,986.000,40.00,478
987.000,987.000,40.00,1223
988.000,988.000,40.00,282
989.000,989.000,40.00,0
990.000,990.000,40.00,290
991.000,991.000,40.00,276
992.000,992.000,40.00,274
993.000,993.000,40.00,0
994.000,994.000,40.00,0
995.000,995.000,40.00,275
996.000,996.000,40.00,749
997.000,997.000,40.00,276
998.000,998.000,40.00,0
999.000,999.000,40.00,272
1000.000,1000.000,40.00,2
1001.000,1001.000,40.00,1613
1002.000,1002.000,40.00,1
1003.000,1003.000,40.00,1
1004.000,1004.000,40.00,2538
1005.000,1005.000,40.00,0
1006.000,1006.000,40.00,0
1007.000,1007.000,40.00,274
1008.000,1008.000,40.00,3885
1009.000,1009.000,40.00,275
1010.000,1010.000,40.00,0
1011.000,1011.000,40.00,280
1013.000,1013.000,40.00,0
1014.000,1014.000,40.00,1894
1015.000,1015.000,40.00,18
1016.000,1016.000,40.00,0
1017.000,1017.000,40.00,67
1018.000,1018.000,40.00,1690
1019.000,1019.000,40.00,4024
1021.000,1021.000,40.00,276
1022.000,1022.000,40.00,0
1023.000,1023.000,40.00,5777
1024.000,1024.000,40.00,0
1025.000,1025.000,40.00,311
1026.000,1026.000,40.00,0
1027.000,1027.000,40.00,277
1029.000,1029.000,40.00,3814
1030.000,1030.000,40.00,0
1031.000,1031.000,40.00,274
1032.000,1032.000,40.00,0
1033.000,1033.000,40.00,1843
1034.000,1034.000,40.00,1843
1034.000,1034.000,40.00,0
1035.000,1035.000,40.00,276
1036.000,1036.000,40.00,4806
1038.000,1038.000,40.00,274
1039.000,1039.000,40.00,0
1040.000,1040.000,40.00,276
1041.000,1041.000,40.00,3587
1042.000,1042.000,40.00,0
1043.000,1043.000,40.00,277
1044.000,1044.000,40.00,0
1046.000,1046.000,40.00,2378
1047.000,1047.000,40.00,302
1048.000,1048.000,40.00,0
1049.000,1049.000,40.00,277
1050.000,1050.000,40.00,0
1051.000,1051.000,40.00,2748
1052.000,1052.000,40.00,0
1053.000,1053.000,40.00,278
1055.000,1055.000,40.00,1287
1056.000,1056.000,40.00,595
1057.000,1057.000,40.00,0
1058.000,1058.000,40.00,0
1059.000,1059.000,40.00,276
1060.000,1060.000,40.00,3323
1061.000,1061.000,40.00,0
1062.000,1062.000,40.00,0
1063.000,1063.000,40.00,273
1064.000,1064.000,40.00,0
1065.000,1065.000,40.00,1856
1066.000,1066.000,40.00,0
1067.000,1067.000,40.00,279
1068.000,1068.000,40.00,4876
1070.000,1070.000,40.00,279
1071.000,1071.000,40.00,0
1072.000,1072.000,40.00,270
1073.000,1073.000,40.00,2031
1074.000,1074.000,40.00,787
1075.000,1075.000,40.00,280
1076.000,1076.000,40.00,0
1077.000,1077.000,40.00,0
1079.000,1079.000,40.00,1680
1080.000,1080.000,40.00,0
1081.000,1081.000,40.00,279
1082.000,1082.000,40.00,1437
1083.000,1083.000,40.00,223
1084.000,1084.000,40.00,0
1085.000,1085.000,40.00,277
1086.000,1086.000,40.00,1289
1088.000,1088.000,40.00,274
1089.000,1089.000,40.00,275
1090.000,1090.000,40.00,0
1091.000,1091.000,40.00,1846
1092.000,1092.000,40.00,0
1093.000,1093.000,40.00,277
1095.000,1095.000,40.00,190
1096.000,1096.000,40.00,1490
1097.000,1097.000,40.00,278
1098.000,1098.000,40.00,0
1099.000,1099.000,40.00,274
1100.000,1100.000,40.00,0
1101.000,1101.000,40.00,2491
1102.000,1102.000,40.00,2491
1102.000,1102.000,40.00,0
1104.000,1104.000,40.00,276
1105.000,1105.000,40.00,0
1106.000,1106.000,40.00,276
1107.000,1107.000,40.00,1470
1108.000,1108.000,40.00,0
1109.000,1109.000,40.00,0
1110.000,1110.000,40.00,2100
1112.000,1112.000,40.00,0
1113.000,1113.000,40.00,277
1114.000,1114.000,40.00,0
1115.000,1115.000,40.00,1451
1116.000,1116.000,40.00,0
1117.000,1117.000,40.00,0
1117.000,1117.000,40.00,278
1118.000,1118.000,40.00,0
1119.000,1119.000,40.00,232
1121.000,1121.000,40.00,1669
1122.000,1122.000,40.00,353
1123.000,1123.000,40.00,321
1124.000,1124.000,40.00,1444
1125.000,1125.000,40.00,276
1126.000,1126.000,40.00,0
1127.000,1127.000,40.00,275
1129.000,1129.000,40.00,568
1130.000,1130.000,40.00,1200
1131.000,1131.000,40.00,277
1132.000,1132.000,40.00,0
1133.000,1133.000,40.00,788
1134.000,1134.000,40.00,0
1135.000,1135.000,40.00,273
1137.000,1137.000,40.00,559
1138.000,1138.000,40.00,0
1139.000,1139.000,40.00,276
1140.000,1140.000,40.00,0
1141.000,1141.000,40.00,1316
1142.000,1142.000,40.00,0
1143.000,1143.000,40.00,273
1145.000,1145.000,40.00,2978
1146.000,1146.000,40.00,0
1147.000,1147.000,40.00,275
1148.000,1148.000,40.00,0
1149.000,1149.000,40.00,2243
1150.000,1150.000,40.00,0
1152.000,1152.000,40.00,0
1153.000,1153.000,40.00,278
1154.000,1154.000,40.00,1880
1155.000,1155.000,40.00,275
1156.000,1156.000,40.00,0
1157.000,1157.000,40.00,274
1158.000,1158.000,40.00,0
1159.000,1159.000,40.00,1890
1161.000,1161.000,40.00,0
1162.000,1162.000,40.00,276
1163.000,1163.000,40.00,166
1164.000,1164.000,40.00,891
1165.000,1165.000,40.00,276
1166.000,1166.000,40.00,2276
1167.000,1167.000,40.00,26
1168.000,1168.000,40.00,276
1170.000,1170.000,40.00,0
1171.000,1171.000,40.00,275
1172.000,1172.000,40.00,1246
1173.000,1173.000,40.00,273
1174.000,1174.000,40.00,0
1175.000,1175.000,40.00,272
1176.000,1176.000,40.00,0
1178.000,1178.000,40.00,0
1179.000,1179.000,40.00,1480
1180.000,1180.000,40.00,0
1181.000,1181.000,40.00,279
1182.000,1182.000,40.00,0
1183.000,1183.000,40.00,954
1184.000,1184.000,40.00,0
1185.000,1185.000,40.00,274
1187.000,1187.000,40.00,2431
1188.000,1188.000,40.00,275
1189.000,1189.000,40.00,0
1190.000,1190.000,40.00,0
1191.000,1191.000,40.00,1858
1192.000,1192.000,40.00,0
1193.000,1193.000,40.00,273
1195.000,1195.000,40.00,0
1196.000,1196.000,40.00,1763
1197.000,1197.000,40.00,0
1198.000,1198.000,40.00,0
1199.000,1199.000,40.00,1713
1200.000,1200.000,40.00,0
1201.000,1201.000,40.00,274
1203.000,1203.000,40.00,2742
1203.000,1203.000,40.00,2742
1204.000,1204.000,40.00,0
1205.000,1205.000,40.00,286
1206.000,1206.000,40.00,1
1207.000,1207.000,40.00,4408
1208.000,1208.000,40.00,0
1209.000,1209.000,40.00,274
1210.000,1210.000,40.00,0
1212.000,1212.000,40.00,2898
1213.000,1213.000,40.00,0
1214.000,1214.000,40.00,274
1215.000,1215.000,40.00,0
1216.000,1216.000,40.00,1662
1217.000,1217.000,40.00,1662
1217.000,1217.000,40.00,290
1218.000,1218.000,40.00,0
1220.000,1220.000,40.00,274
1221.000,1221.000,40.00,1587
1222.000,1222.000,40.00,0
1223.000,1223.000,40.00,272
1224.000,1224.000,40.00,0
1226.000,1226.000,40.00,3202
1227.000,1227.000,40.00,18
1228.000,1228.000,40.00,277
1229.000,1229.000,40.00,0
1230.000,1230.000,40.00,0
1231.000,1231.000,40.00,339
1232.000,1232.000,40.00,274
1234.000,1234.000,40.00,0
1235.000,1235.000,40.00,3572
1236.000,1236.000,40.00,0
1237.000,1237.000,40.00,277
1238.000,1238.000,40.00,0
1239.000,1239.000,40.00,274
1240.000,1240.000,40.00,1044
1241.000,1241.000,40.00,273
1243.000,1243.000,40.00,0
1244.000,1244.000,40.00,2293
1245.000,1245.000,40.00,11
1246.000,1246.000,40.00,0
1247.000,1247.000,40.00,1766
1248.000,1248.000,40.00,66
1249.000,1249.000,40.00,0
1251.000,1251.000,40.00,276
1252.000,1252.000,40.00,0
1253.000,1253.000,40.00,2533
1254.000,1254.000,40.00,0
1255.000,1255.000,40.00,277
1256.000,1256.000,40.00,1446
1257.000,1257.000,40.00,276
1258.000,1258.000,40.00,0
1260.000,1260.000,40.00,278
1261.000,1261.000,40.00,1925
1262.000,1262.000,40.00,289
1263.000,1263.000,40.00,271
1264.000,1264.000,40.00,1940
1265.000,1265.000,40.00,0
1267.000,1267.000,40.00,277
1267.000,1267.000,40.00,277
1268.000,1268.000,40.00,0
1269.000,1269.000,40.00,277
1270.000,1270.000,40.00,1613
1271.000,1271.000,40.00,275
1272.000,1272.000,40.00,0
1273.000,1273.000,40.00,279
1275.000,1275.000,40.00,0
1276.000,1276.000,40.00,1584
1277.000,1277.000,40.00,0
1278.000,1278.000,40.00,0
1279.000,1279.000,40.00,1559
1280.000,1280.000,40.00,0
1281.000,1281.000,40.00,278
1282.000,1282.000,40.00,278
1283.000,1283.000,40.00,1841
1284.000,1284.000,40.00,274
1285.000,1285.000,40.00,277
1286.000,1286.000,40.00,0
1287.000,1287.000,40.00,2803
1288.000,1288.000,40.00,0
1289.000,1289.000,40.00,277
1291.000,1291.000,40.00,0
1292.000,1292.000,40.00,3073
1293.000,1293.000,40.00,0
1294.000,1294.000,40.00,287
1295.000,1295.000,40.00,273
1296.000,1296.000,40.00,617
1297.000,1297.000,40.00,0
1298.000,1298.000,40.00,277
1300.000,1300.000,40.00,0
1301.000,1301.000,40.00,1194
1302.000,1302.000,40.00,0
1303.000,1303.000,40.00,315
1304.000,1304.000,40.00,10
1305.000,1305.000,40.00,274
1307.000,1307.000,40.00,243
1307.000,1307.000,40.00,243
1308.000,1308.000,40.00,0
1309.000,1309.000,40.00,0
1310.000,1310.000,40.00,1457
1311.000,1311.000,40.00,273
1312.000,1312.000,40.00,278
1313.000,1313.000,40.00,759
1315.000,1315.000,40.00,0
1316.000,1316.000,40.00,276
1317.000,1317.000,40.00,0
1318.000,1318.000,40.00,0
1319.000,1319.000,40.00,272
1320.000,1320.000,40.00,0
1321.000,1321.000,40.00,2040
1322.000,1322.000,40.00,2040
1322.000,1322.000,40.00,0
1324.000,1324.000,40.00,279
1325.000,1325.000,40.00,0
1326.000,1326.000,40.00,280
1327.000,1327.000,40.00,3391
1328.000,1328.000,40.00,0
1329.000,1329.000,40.00,275
1330.000,1330.000,40.00,510
1332.000,1332.000,40.00,1336
1333.000,1333.000,40.00,0
1334.000,1334.000,40.00,0
1335.000,1335.000,40.00,274
1336.000,1336.000,40.00,2492
1337.000,1337.000,40.00,277
1338.000,1338.000,40.00,0
1339.000,1339.000,40.00,279
1341.000,1341.000,40.00,0
1341.000,1341.000,40.00,0
1342.000,1342.000,40.00,1220
1343.000,1343.000,40.00,0
1344.000,1344.000,40.00,275
1345.000,1345.000,40.00,3326
1346.000,1346.000,40.00,0
1347.000,1347.000,40.00,302
1348.000,1348.000,40.00,282
1349.000,1349.000,40.00,2626
1351.000,1351.000,40.00,273
1352.000,1352.000,40.00,0
1353.000,1353.000,40.00,4764
1354.000,1354.000,40.00,0
1355.000,1355.000,40.00,276
1356.000,1356.000,40.00,0
1357.000,1357.000,40.00,3261
1359.000,1359.000,40.00,0
1360.000,1360.000,40.00,275
1361.000,1361.000,40.00,0
1362.000,1362.000,40.00,274
1363.000,1363.000,40.00,1473
1363.000,1363.000,40.00,1473
1364.000,1364.000,40.00,1
1365.000,1365.000,40.00,2679
1366.000,1366.000,40.00,0
1368.000,1368.000,40.00,271
1369.000,1369.000,40.00,0
1370.000,1370.000,40.00,3203
1371.000,1371.000,40.00,276
1372.000,1372.000,40.00,0
1373.000,1373.000,40.00,276
1374.000,1374.000,40.00,2324
1376.000,1376.000,40.00,0
1377.000,1377.000,40.00,277
1378.000,1378.000,40.00,0
1379.000,1379.000,40.00,275
1380.000,1380.000,40.00,2507
1381.000,1381.000,40.00,276
1382.000,1382.000,40.00,0
1383.000,1383.000,40.00,1722
1385.000,1385.000,40.00,0
1386.000,1386.000,40.00,0
1387.000,1387.000,40.00,1841
1388.000,1388.000,40.00,381
1389.000,1389.000,40.00,276
1390.000,1390.000,40.00,2085
1392.000,1392.000,40.00,0
1393.000,1393.000,40.00,273
1394.000,1394.000,40.00,4044
1395.000,1395.000,40.00,278
1396.000,1396.000,40.00,0
1397.000,1397.000,40.00,2609
1398.000,1398.000,40.00,0
1400.000,1400.000,40.00,20
1401.000,1401.000,40.00,0
1402.000,1402.000,40.00,4076
1403.000,1403.000,40.00,278
1404.000,1404.000,40.00,0
1404.000,1404.000,40.00,0
1405.000,1405.000,40.00,276
1406.000,1406.000,40.00,0
1408.000,1408.000,40.00,1436
1409.000,1409.000,40.00,0
1410.000,1410.000,40.00,0
1411.000,1411.000,40.00,2943
1412.000,1412.000,40.00,0
1413.000,1413.000,40.00,275
1414.000,1414.000,40.00,0
1416.000,1416.000,40.00,3059
1417.000,1417.000,40.00,274
1418.000,1418.000,40.00,0
1419.000,1419.000,40.00,275
1420.000,1420.000,40.00,0
1421.000,1421.000,40.00,4664
1422.000,1422.000,40.00,0
1423.000,1423.000,40.00,274
1425.000,1425.000,40.00,564
1426.000,1426.000,40.00,0
1427.000,1427.000,40.00,276
1428.000,1428.000,40.00,0
1429.000,1429.000,40.00,818
1430.000,1430.000,40.00,0
1431.000,1431.000,40.00,273
1433.000,1433.000,40.00,1390
1434.000,1434.000,40.00,276
1435.000,1435.000,40.00,0
1436.000,1436.000,40.00,0
1437.000,1437.000,40.00,2562
1438.000,1438.000,40.00,0
1439.000,1439.000,40.00,273
1441.000,1441.000,40.00,279
1442.000,1442.000,40.00,0
1443.000,1443.000,40.00,3574
1444.000,1444.000,40.00,0
1445.000,1445.000,40.00,274
1446.000,1446.000,40.00,0
1447.000,1447.000,40.00,533
1449.000,1449.000,40.00,144
1450.000,1450.000,40.00,0
1451.000,1451.000,40.00,3082
1452.000,1452.000,40.00,0
1453.000,1453.000,40.00,279
1454.000,1454.000,40.00,4550
1455.000,1455.000,40.00,0
1457.000,1457.000,40.00,277
1458.000,1458.000,40.00,0
1459.000,1459.000,40.00,3974
1460.000,1460.000,40.00,0
1461.000,1461.000,40.00,276
1462.000,1462.000,40.00,0
1463.000,1463.000,40.00,273
1465.000,1465.000,40.00,4121
1466.000,1466.000,40.00,276
1467.000,1467.000,40.00,288
1468.000,1468.000,40.00,3
1469.000,1469.000,40.00,7135
1470.000,1470.000,40.00,0
1471.000,1471.000,40.00,270
1473.000,1473.000,40.00,0
1474.000,1474.000,40.00,274
1475.000,1475.000,40.00,2853
1475.000,1475.000,40.00,2853
1476.000,1476.000,40.00,59
1477.000,1477.000,40.00,3823
1478.000,1478.000,40.00,0
1479.000,1479.000,40.00,271
1480.000,1480.000,40.00,0
1482.000,1482.000,40.00,277
1483.000,1483.000,40.00,3136
1484.000,1484.000,40.00,0
1485.000,1485.000,40.00,275
1486.000,1486.000,40.00,270
1487.000,1487.000,40.00,2784
1489.000,1489.000,40.00,0
1490.000,1490.000,40.00,273
1491.000,1491.000,40.00,0
1492.000,1492.000,40.00,1015
1493.000,1493.000,40.00,273
1494.000,1494.000,40.00,0
1495.000,1495.000,40.00,272
1496.000,1496.000,40.00,5096
1498.000,1498.000,40.00,0
1499.000,1499.000,40.00,274
1500.000,1500.000,40.00,0
1501.000,1501.000,40.00,276
1502.000,1502.000,40.00,4346
1503.000,1503.000,40.00,270
1504.000,1504.000,40.00,0
1506.000,1506.000,40.00,293
1507.000,1507.000,40.00,3069
1507.000,1507.000,40.00,3069
1508.000,1508.000,40.00,322
1509.000,1509.000,40.00,231
1510.000,1510.000,40.00,0
1511.000,1511.000,40.00,2068
1512.000,1512.000,40.00,29
1513.000,1513.000,40.00,0
1515.000,1515.000,40.00,273
1516.000,1516.000,40.00,0
1517.000,1517.000,40.00,3984
1518.000,1518.000,40.00,0
1519.000,1519.000,40.00,276
1520.000,1520.000,40.00,0
1521.000,1521.000,40.00,3872
1522.000,1522.000,40.00,0
1524.000,1524.000,40.00,278
1525.000,1525.000,40.00,0
1526.000,1526.000,40.00,277
1527.000,1527.000,40.00,4224
1528.000,1528.000,40.00,0
1529.000,1529.000,40.00,276
1530.000,1530.000,40.00,0
1531.000,1531.000,40.00,279
1532.000,1532.000,40.00,4150
1534.000,1534.000,40.00,276
1535.000,1535.000,40.00,0
1536.000,1536.000,40.00,275
1537.000,1537.000,40.00,6152
1538.000,1538.000,40.00,0
1539.000,1539.000,40.00,276
1540.000,1540.000,40.00,0
1541.000,1541.000,40.00,280
1543.000,1543.000,40.00,1727
1544.000,1544.000,40.00,274
1545.000,1545.000,40.00,1095
1546.000,1546.000,40.00,301
1547.000,1547.000,40.00,655
1548.000,1548.000,40.00,139
1549.000,1549.000,40.00,0
1550.000,1550.000,40.00,844
1551.000,1551.000,40.00,2996
1553.000,1553.000,40.00,0
1554.000,1554.000,40.00,293
1555.000,1555.000,40.00,0
1556.000,1556.000,40.00,1941
1557.000,1557.000,40.00,275
1558.000,1558.000,40.00,0
1559.000,1559.000,40.00,276
1561.000,1561.000,40.00,387
1562.000,1562.000,40.00,2609
1563.000,1563.000,40.00,274
1564.000,1564.000,40.00,0
1565.000,1565.000,40.00,278
1566.000,1566.000,40.00,3251
1567.000,1567.000,40.00,275
1569.000,1569.000,40.00,0
1570.000,1570.000,40.00,279
1571.000,1571.000,40.00,0
1572.000,1572.000,40.00,2039
1573.000,1573.000,40.00,281
1574.000,1574.000,40.00,335
1575.000,1575.000,40.00,1396
1577.000,1577.000,40.00,0
1578.000,1578.000,40.00,276
1579.000,1579.000,40.00,1010
1580.000,1580.000,40.00,1364
1581.000,1581.000,40.00,279
1582.000,1582.000,40.00,99
1583.000,1583.000,40.00,688
1585.000,1585.000,40.00,2056
1586.000,1586.000,40.00,277
1587.000,1587.000,40.00,11
1588.000,1588.000,40.00,65
1589.000,1589.000,40.00,3698
1590.000,1590.000,40.00,0
1591.000,1591.000,40.00,271
1592.000,1592.000,40.00,0
1594.000,1594.000,40.00,4133
1595.000,1595.000,40.00,280
1596.000,1596.000,40.00,0
1597.000,1597.000,40.00,274
1598.000,1598.000,40.00,3603
1599.000,1599.000,40.00,273
1600.000,1600.000,40.00,0
1601.000,1601.000,40.00,277
1603.000,1603.000,40.00,0
1604.000,1604.000,40.00,2877
1605.000,1605.000,40.00,280
1606.000,1606.000,40.00,0
1607.000,1607.000,40.00,280
1608.000,1608.000,40.00,0
1609.000,1609.000,40.00,773
1610.000,1610.000,40.00,490
1611.000,1611.000,40.00,490
1612.000,1612.000,40.00,2364
1613.000,1613.000,40.00,786
1614.000,1614.000,40.00,0
1615.000,1615.000,40.00,274
1616.000,1616.000,40.00,345
1617.000,1617.000,40.00,788
1618.000,1618.000,40.00,11
1620.000,1620.000,40.00,11
1621.000,1621.000,40.00,4477
1622.000,1622.000,40.00,0
1623.000,1623.000,40.00,274
1624.000,1624.000,40.00,0
1625.000,1625.000,40.00,0
1626.000,1626.000,40.00,1677
1628.000,1628.000,40.00,0
1629.000,1629.000,40.00,276
1630.000,1630.000,40.00,0
1631.000,1631.000,40.00,4358
1632.000,1632.000,40.00,0
1633.000,1633.000,40.00,275
1634.000,1634.000,40.00,0
1636.000,1636.000,40.00,276
1637.000,1637.000,40.00,3454
1638.000,1638.000,40.00,0
1639.000,1639.000,40.00,274
1640.000,1640.000,40.00,0
1641.000,1641.000,40.00,7478
1642.000,1642.000,40.00,272
1644.000,1644.000,40.00,0
1645.000,1645.000,40.00,277
1646.000,1646.000,40.00,5095
1647.000,1647.000,40.00,299
1648.000,1648.000,40.00,0
1649.000,1649.000,40.00,274
1650.000,1650.000,40.00,0
1651.000,1651.000,40.00,0
1652.000,1652.000,40.00,5577
1653.000,1653.000,40.00,0
1654.000,1654.000,40.00,276
1655.000,1655.000,40.00,1655
1656.000,1656.000,40.00,0
1657.000,1657.000,40.00,0
1658.000,1658.000,40.00,274
1660.000,1660.000,40.00,0
1661.000,1661.000,40.00,1715
1662.000,1662.000,40.00,2052
1663.000,1663.000,40.00,276
1664.000,1664.000,40.00,0
1665.000,1665.000,40.00,277
1666.000,1666.000,40.00,277
1666.000,1666.000,40.00,3293
1668.000,1668.000,40.00,275
1669.000,1669.000,40.00,0
1670.000,1670.000,40.00,276
1671.000,1671.000,40.00,376
1672.000,1672.000,40.00,0
1673.000,1673.000,40.00,275
1674.000,1674.000,40.00,0
1676.000,1676.000,40.00,4644
1677.000,1677.000,40.00,0
1678.000,1678.000,40.00,274
1679.000,1679.000,40.00,0
1680.000,1680.000,40.00,0
1681.000,1681.000,40.00,2553
1682.000,1682.000,40.00,0
1684.000,1684.000,40.00,274
1684.000,1684.000,40.00,274
1685.000,1685.000,40.00,0
1686.000,1686.000,40.00,6013
1687.000,1687.000,40.00,0
1688.000,1688.000,40.00,0
1689.000,1689.000,40.00,273
1690.000,1690.000,40.00,0
1692.000,1692.000,40.00,0
1693.000,1693.000,40.00,4004
1694.000,1694.000,40.00,367
1695.000,1695.000,40.00,675
1696.000,1696.000,40.00,131
1697.000,1697.000,40.00,276
1698.000,1698.000,40.00,276
1698.000,1698.000,40.00,0
1700.000,1700.000,40.00,4535
1701.000,1701.000,40.00,0
1702.000,1702.000,40.00,277
1703.000,1703.000,40.00,1313
1704.000,1704.000,40.00,0
1705.000,1705.000,40.00,277
1707.000,1707.000,40.00,0
1708.000,1708.000,40.00,4097
1709.000,1709.000,40.00,0
1710.000,1710.000,40.00,278
1711.000,1711.000,40.00,1179
1712.000,1712.000,40.00,0
1713.000,1713.000,40.00,1594
1714.000,1714.000,40.00,0
1716.000,1716.000,40.00,279
1717.000,1717.000,40.00,2433
1718.000,1718.000,40.00,0
1719.000,1719.000,40.00,274
1720.000,1720.000,40.00,0
1721.000,1721.000,40.00,1445
1722.000,1722.000,40.00,0
1724.000,1724.000,40.00,278
1725.000,1725.000,40.00,2542
1726.000,1726.000,40.00,53
1727.000,1727.000,40.00,2235
1728.000,1728.000,40.00,0
1729.000,1729.000,40.00,323
1730.000,1730.000,40.00,696
1732.000,1732.000,40.00,291
1733.000,1733.000,40.00,3853
1734.000,1734.000,40.00,0
1735.000,1735.000,40.00,273
1736.000,1736.000,40.00,0
1737.000,1737.000,40.00,1577
1739.000,1739.000,40.00,0
1740.000,1740.000,40.00,276
1740.000,1740.000,40.00,276
1741.000,1741.000,40.00,1293
1742.000,1742.000,40.00,0
1743.000,1743.000,40.00,271
1744.000,1744.000,40.00,0
1746.000,1746.000,40.00,1431
1747.000,1747.000,40.00,2486
1748.000,1748.000,40.00,0
1749.000,1749.000,40.00,1164
1750.000,1750.000,40.00,0
1751.000,1751.000,40.00,272
1752.000,1752.000,40.00,1859
1754.000,1754.000,40.00,276
1755.000,1755.000,40.00,0
1756.000,1756.000,40.00,0
1757.000,1757.000,40.00,2986
1758.000,1758.000,40.00,0
1759.000,1759.000,40.00,0
1759.000,1759.000,40.00,273
1760.000,1760.000,40.00,0
1762.000,1762.000,40.00,277
1763.000,1763.000,40.00,1934
1764.000,1764.000,40.00,0
1765.000,1765.000,40.00,276
1766.000,1766.000,40.00,0
1767.000,1767.000,40.00,3011
1768.000,1768.000,40.00,0
1770.000,1770.000,40.00,276
1771.000,1771.000,40.00,243
1772.000,1772.000,40.00,1578
1773.000,1773.000,40.00,276
1774.000,1774.000,40.00,0
1775.000,1775.000,40.00,272
1776.000,1776.000,40.00,0
1778.000,1778.000,40.00,1771
1779.000,1779.000,40.00,0
1780.000,1780.000,40.00,275
1781.000,1781.000,40.00,277
1782.000,1782.000,40.00,0
1783.000,1783.000,40.00,0
1784.000,1784.000,40.00,1677
1785.000,1785.000,40.00,0
1787.000,1787.000,40.00,289
1788.000,1788.000,40.00,0
1789.000,1789.000,40.00,2235
1790.000,1790.000,40.00,0
1791.000,1791.000,40.00,276
1792.000,1792.000,40.00,0
1793.000,1793.000,40.00,0
1794.000,1794.000,40.00,1899
1795.000,1795.000,40.00,0
1796.000,1796.000,40.00,278
1797.000,1797.000,40.00,11
1798.000,1798.000,40.00,0
1799.000,1799.000,40.00,1846
1800.000,1800.000,40.00,273
1801.000,1801.000,40.00,0
1803.000,1803.000,40.00,4376
1804.000,1804.000,40.00,0
1805.000,1805.000,40.00,3231
1806.000,1806.000,40.00,0
1807.000,1807.000,40.00,274
1808.000,1808.000,40.00,0
1809.000,1809.000,40.00,1886
1811.000,1811.000,40.00,0
1812.000,1812.000,40.00,5951
1813.000,1813.000,40.00,0
1814.000,1814.000,40.00,276
1815.000,1815.000,40.00,270
1816.000,1816.000,40.00,77
1817.000,1817.000,40.00,0
1818.000,1818.000,40.00,275
1820.000,1820.000,40.00,0
1821.000,1821.000,40.00,274
1821.000,1821.000,40.00,274
1822.000,1822.000,40.00,954
1823.000,1823.000,40.00,273
1824.000,1824.000,40.00,809
1825.000,1825.000,40.00,277
1826.000,1826.000,40.00,0
1828.000,1828.000,40.00,3308
1829.000,1829.000,40.00,0
1830.000,1830.000,40.00,277
1831.000,1831.000,40.00,659
1832.000,1832.000,40.00,0
1833.000,1833.000,40.00,277
1834.000,1834.000,40.00,0
1836.000,1836.000,40.00,1391
1837.000,1837.000,40.00,0
1838.000,1838.000,40.00,274
1839.000,1839.000,40.00,0
1840.000,1840.000,40.00,0
1841.000,1841.000,40.00,273
1842.000,1842.000,40.00,1760
1844.000,1844.000,40.00,44
1845.000,1845.000,40.00,275
1846.000,1846.000,40.00,2136
1847.000,1847.000,40.00,274
1848.000,1848.000,40.00,0
1849.000,1849.000,40.00,275
1850.000,1850.000,40.00,0
1852.000,1852.000,40.00,0
1853.000,1853.000,40.00,278
1854.000,1854.000,40.00,801
1855.000,1855.000,40.00,271
1856.000,1856.000,40.00,1
1857.000,1857.000,40.00,274
1858.000,1858.000,40.00,3549
1860.000,1860.000,40.00,276
1861.000,1861.000,40.00,0
1862.000,1862.000,40.00,276
1863.000,1863.000,40.00,0
1864.000,1864.000,40.00,11
1865.000,1865.000,40.00,277
1866.000,1866.000,40.00,0
1867.000,1867.000,40.00,1963
1869.000,1869.000,40.00,0
1870.000,1870.000,40.00,275
1871.000,1871.000,40.00,0
1872.000,1872.000,40.00,1447
1873.000,1873.000,40.00,0
1874.000,1874.000,40.00,275
1876.000,1876.000,40.00,0
1877.000,1877.000,40.00,275
1878.000,1878.000,40.00,2863
1879.000,1879.000,40.00,0
1880.000,1880.000,40.00,0
1881.000,1881.000,40.00,0
1881.000,1881.000,40.00,275
1882.000,1882.000,40.00,1714
1884.000,1884.000,40.00,0
1885.000,1885.000,40.00,274
1886.000,1886.000,40.00,0
1887.000,1887.000,40.00,272
1888.000,1888.000,40.00,0
1889.000,1889.000,40.00,278
1890.000,1890.000,40.00,1092
1892.000,1892.000,40.00,0
1893.000,1893.000,40.00,275
1894.000,1894.000,40.00,0
1894.000,1894.000,40.00,0
1895.000,1895.000,40.00,2144
1896.000,1896.000,40.00,0
1897.000,1897.000,40.00,278
1898.000,1898.000,40.00,0
1899.000,1899.000,40.00,847
1901.000,1901.000,40.00,276
1902.000,1902.000,40.00,0
1903.000,1903.000,40.00,1218
1904.000,1904.000,40.00,1
1905.000,1905.000,40.00,276
1906.000,1906.000,40.00,2894
1907.000,1907.000,40.00,276
1908.000,1908.000,40.00,0
1910.000,1910.000,40.00,276
1911.000,1911.000,40.00,122
1912.000,1912.000,40.00,0
1913.000,1913.000,40.00,276
1914.000,1914.000,40.00,0
1915.000,1915.000,40.00,276
1916.000,1916.000,40.00,1994
1918.000,1918.000,40.00,0
1919.000,1919.000,40.00,276
1920.000,1920.000,40.00,0
1921.000,1921.000,40.00,1298
1922.000,1922.000,40.00,0
1923.000,1923.000,40.00,275
1925.000,1925.000,40.00,274
1925.000,1925.000,40.00,274
1926.000,1926.000,40.00,600
1927.000,1927.000,40.00,273
1928.000,1928.000,40.00,0
1929.000,1929.000,40.00,277
1930.000,1930.000,40.00,1123
1931.000,1931.000,40.00,275
1932.000,1932.000,40.00,0
1934.000,1934.000,40.00,286
1935.000,1935.000,40.00,0
1936.000,1936.000,40.00,712
1937.000,1937.000,40.00,142
1938.000,1938.000,40.00,0
1939.000,1939.000,40.00,2273
1940.000,1940.000,40.00,0
1941.000,1941.000,40.00,286
1943.000,1943.000,40.00,0
1944.000,1944.000,40.00,1704
1945.000,1945.000,40.00,144
1946.000,1946.000,40.00,0
1947.000,1947.000,40.00,1752
1948.000,1948.000,40.00,0
1949.000,1949.000,40.00,276
1951.000,1951.000,40.00,0
1952.000,1952.000,40.00,275
1953.000,1953.000,40.00,1977
1954.000,1954.000,40.00,0
1955.000,1955.000,40.00,278
1956.000,1956.000,40.00,3193
1958.000,1958.000,40.00,279
1959.000,1959.000,40.00,0
1960.000,1960.000,40.00,268
1961.000,1961.000,40.00,131
1962.000,1962.000,40.00,516
1963.000,1963.000,40.00,0
1964.000,1964.000,40.00,275
1966.000,1966.000,40.00,799
1967.000,1967.000,40.00,1
1968.000,1968.000,40.00,272
1969.000,1969.000,40.00,1090
1970.000,1970.000,40.00,0
1971.000,1971.000,40.00,1402
1972.000,1972.000,40.00,0
1974.000,1974.000,40.00,277
1974.000,1974.000,40.00,277
1975.000,1975.000,40.00,1817
1976.000,1976.000,40.00,0
1977.000,1977.000,40.00,273
1978.000,1978.000,40.00,1719
1979.000,1979.000,40.00,279
1980.000,1980.000,40.00,0
1981.000,1981.000,40.00,278
1983.000,1983.000,40.00,428
1984.000,1984.000,40.00,1789
1984.000,1984.000,40.00,1789
1985.000,1985.000,40.00,1348
1986.000,1986.000,40.00,0
1987.000,1987.000,40.00,278
1988.000,1988.000,40.00,1301
1989.000,1989.000,40.00,280
1990.000,1990.000,40.00,277
1992.000,1992.000,40.00,0
1992.000,1992.000,40.00,0
1993.000,1993.000,40.00,1241
1994.000,1994.000,40.00,0
1995.000,1995.000,40.00,279
1996.000,1996.000,40.00,0
1997.000,1997.000,40.00,276
1998.000,1998.000,40.00,421
1999.000,1999.000,40.00,421
1999.000,1999.000,40.00,275
2001.000,2001.000,40.00,1204
2002.000,2002.000,40.00,0
2003.000,2003.000,40.00,278
2004.000,2004.000,40.00,0
2005.000,2005.000,40.00,279
2006.000,2006.000,40.00,1373
2007.000,2007.000,40.00,1373
2008.000,2008.000,40.00,29
2009.000,2009.000,40.00,277
2010.000,2010.000,40.00,0
2011.000,2011.000,40.00,881
2012.000,2012.000,40.00,768
2013.000,2013.000,40.00,0
2015.000,2015.000,40.00,0
2016.000,2016.000,40.00,0
2017.000,2017.000,40.00,0
2019.000,2019.000,40.00,0
2021.000,2021.000,40.00,3028
2022.000,2022.000,40.00,275
2023.000,2023.000,40.00,1259
2024.000,2024.000,40.00,6
2025.000,2025.000,40.00,923
2026.000,2026.000,40.00,314
2026.000,2026.000,40.00,314
2027.000,2027.000,40.00,0
2028.000,2028.000,40.00,276
2029.000,2029.000,40.00,1679
2031.000,2031.000,40.00,274
2032.000,2032.000,40.00,0
2033.000,2033.000,40.00,276
2034.000,2034.000,40.00,0
2034.000,2034.000,40.00,0
2035.000,2035.000,40.00,2576
2036.000,2036.000,40.00,0
2037.000,2037.000,40.00,0
2038.000,2038.000,40.00,279
2040.000,2040.000,40.00,2751
2041.000,2041.000,40.00,275
2042.000,2042.000,40.00,0
2043.000,2043.000,40.00,275
2044.000,2044.000,40.00,0
2045.000,2045.000,40.00,2196
2046.000,2046.000,40.00,0
2047.000,2047.000,40.00,275
2048.000,2048.000,40.00,0
2050.000,2050.000,40.00,4288
2051.000,2051.000,40.00,277
2052.000,2052.000,40.00,0
2053.000,2053.000,40.00,276
2055.000,2055.000,40.00,0
2056.000,2056.000,40.00,0
2058.000,2058.000,40.00,276
2059.000,2059.000,40.00,0
2060.000,2060.000,40.00,0
2061.000,2061.000,40.00,0
2062.000,2062.000,40.00,0
2063.000,2063.000,40.00,145
2064.000,2064.000,40.00,1505
2065.000,2065.000,40.00,1617
2067.000,2067.000,40.00,111
2068.000,2068.000,40.00,1452
2068.000,2068.000,40.00,1452
2069.000,2069.000,40.00,609
2070.000,2070.000,40.00,693
2071.000,2071.000,40.00,288
2072.000,2072.000,40.00,0
2073.000,2073.000,40.00,242
2074.000,2074.000,40.00,457
2076.000,2076.000,40.00,2617
2076.000,2076.000,40.00,2617
2077.000,2077.000,40.00,0
2078.000,2078.000,40.00,277
2079.000,2079.000,40.00,33
2080.000,2080.000,40.00,2737
2081.000,2081.000,40.00,597
2082.000,2082.000,40.00,0
2083.000,2083.000,40.00,846
2085.000,2085.000,40.00,2273
2085.000,2085.000,40.00,2273
2086.000,2086.000,40.00,77
2087.000,2087.000,40.00,1420
2088.000,2088.000,40.00,142
2089.000,2089.000,40.00,0
2090.000,2090.000,40.00,11
2091.000,2091.000,40.00,2995
2092.000,2092.000,40.00,1794
2094.000,2094.000,40.00,2217
2095.000,2095.000,40.00,2553
2096.000,2096.000,40.00,0
2097.000,2097.000,40.00,277
2098.000,2098.000,40.00,902
2099.000,2099.000,40.00,902
2099.000,2099.000,40.00,4338
2100.000,2100.000,40.00,0
2101.000,2101.000,40.00,276
2102.000,2102.000,40.00,0
2104.000,2104.000,40.00,1906
2105.000,2105.000,40.00,1854
2106.000,2106.000,40.00,0
2107.000,2107.000,40.00,1669
2107.000,2107.000,40.00,1669
2108.000,2108.000,40.00,877
2109.000,2109.000,40.00,278
2110.000,2110.000,40.00,0
2112.000,2112.000,40.00,274
2113.000,2113.000,40.00,2478
2114.000,2114.000,40.00,90
2114.000,2114.000,40.00,90
2115.000,2115.000,40.00,270
2116.000,2116.000,40.00,629
2117.000,2117.000,40.00,277
2118.000,2118.000,40.00,0
2119.000,2119.000,40.00,1928
2120.000,2120.000,40.00,1375
2122.000,2122.000,40.00,273
2122.000,2122.000,40.00,273
2123.000,2123.000,40.00,0
2124.000,2124.000,40.00,448
2125.000,2125.000,40.00,2939
2126.000,2126.000,40.00,0
2127.000,2127.000,40.00,281
2128.000,2128.000,40.00,19
2129.000,2129.000,40.00,2955
2131.000,2131.000,40.00,277
2132.000,2132.000,40.00,0
2133.000,2133.000,40.00,277
2134.000,2134.000,40.00,2560
2135.000,2135.000,40.00,274
2136.000,2136.000,40.00,0
2137.000,2137.000,40.00,0
2137.000,2137.000,40.00,279
2138.000,2138.000,40.00,2692
2140.000,2140.000,40.00,2417
2141.000,2141.000,40.00,278
2142.000,2142.000,40.00,0
2143.000,2143.000,40.00,3975
2144.000,2144.000,40.00,0
2145.000,2145.000,40.00,322
2146.000,2146.000,40.00,322
2146.000,2146.000,40.00,1573
2147.000,2147.000,40.00,275
2148.000,2148.000,40.00,0
2150.000,2150.000,40.00,0
2151.000,2151.000,40.00,254
2152.000,2152.000,40.00,2729
2153.000,2153.000,40.00,278
2154.000,2154.000,40.00,0
2155.000,2155.000,40.00,276
2156.000,2156.000,40.00,0
2157.000,2157.000,40.00,0
2157.000,2157.000,40.00,2226
2159.000,2159.000,40.00,958
2160.000,2160.000,40.00,0
2161.000,2161.000,40.00,0
2162.000,2162.000,40.00,3322
2163.000,2163.000,40.00,276
2164.000,2164.000,40.00,0
2165.000,2165.000,40.00,278
2166.000,2166.000,40.00,1556
2167.000,2167.000,40.00,1556
2168.000,2168.000,40.00,0
2169.000,2169.000,40.00,145
2170.000,2170.000,40.00,44
2171.000,2171.000,40.00,278
2172.000,2172.000,40.00,1519
2173.000,2173.000,40.00,279
2174.000,2174.000,40.00,233
2175.000,2175.000,40.00,0
2177.000,2177.000,40.00,44
2177.000,2177.000,40.00,44
2178.000,2178.000,40.00,401
2179.000,2179.000,40.00,2547
2180.000,2180.000,40.00,0
2181.000,2181.000,40.00,111
2182.000,2182.000,40.00,1084
2183.000,2183.000,40.00,673
2184.000,2184.000,40.00,0
2186.000,2186.000,40.00,0
2186.000,2186.000,40.00,0
2187.000,2187.000,40.00,2284
2188.000,2188.000,40.00,3396
2189.000,2189.000,40.00,280
2190.000,2190.000,40.00,0
2191.000,2191.000,40.00,1618
2192.000,2192.000,40.00,0
2193.000,2193.000,40.00,277
2194.000,2194.000,40.00,0
2195.000,2195.000,40.00,0
2196.000,2196.000,40.00,1277
2197.000,2197.000,40.00,274
2198.000,2198.000,40.00,0
2199.000,2199.000,40.00,275
2200.000,2200.000,40.00,1239
2201.000,2201.000,40.00,280
2202.000,2202.000,40.00,0
2203.000,2203.000,40.00,1904
2205.000,2205.000,40.00,279
2206.000,2206.000,40.00,0
2207.000,2207.000,40.00,273
2208.000,2208.000,40.00,0
2209.000,2209.000,40.00,967
2210.000,2210.000,40.00,0
2211.000,2211.000,40.00,277
2212.000,2212.000,40.00,2137
2214.000,2214.000,40.00,0
2215.000,2215.000,40.00,277
2216.000,2216.000,40.00,0
2217.000,2217.000,40.00,1012
2218.000,2218.000,40.00,467
2219.000,2219.000,40.00,178
2220.000,2220.000,40.00,44
2221.000,2221.000,40.00,698
2223.000,2223.000,40.00,187
2224.000,2224.000,40.00,1439
2225.000,2225.000,40.00,46
2226.000,2226.000,40.00,11
2227.000,2227.000,40.00,22
2228.000,2228.000,40.00,2097
2230.000,2230.000,40.00,595
2231.000,2231.000,40.00,2051
2232.000,2232.000,40.00,279
2233.000,2233.000,40.00,2
2234.000,2234.000,40.00,280
2235.000,2235.000,40.00,0
2236.000,2236.000,40.00,839
2237.000,2237.000,40.00,738
2238.000,2238.000,40.00,864
2240.000,2240.000,40.00,0
2241.000,2241.000,40.00,1421
2242.000,2242.000,40.00,335
2243.000,2243.000,40.00,275
2244.000,2244.000,40.00,278
2245.000,2245.000,40.00,0
2246.000,2246.000,40.00,1007
2248.000,2248.000,40.00,1
2249.000,2249.000,40.00,3
2250.000,2250.000,40.00,70
2251.000,2251.000,40.00,112
2252.000,2252.000,40.00,2
2253.000,2253.000,40.00,619
2254.000,2254.000,40.00,3
2255.000,2255.000,40.00,279
2257.000,2257.000,40.00,11
2258.000,2258.000,40.00,11
2259.000,2259.000,40.00,33
2260.000,2260.000,40.00,67
2261.000,2261.000,40.00,55
2262.000,2262.000,40.00,1254
2263.000,2263.000,40.00,2
2265.000,2265.000,40.00,14
2266.000,2266.000,40.00,154
2267.000,2267.000,40.00,3864
2268.000,2268.000,40.00,315
2269.000,2269.000,40.00,58
2270.000,2270.000,40.00,0
2271.000,2271.000,40.00,0
2272.000,2272.000,40.00,0
2274.000,2274.000,40.00,0
2275.000,2275.000,40.00,0
2276.000,2276.000,40.00,0
2276.000,2276.000,40.00,0
2277.000,2277.000,40.00,0
2278.000,2278.000,40.00,120
2280.000,2280.000,40.00,8329
2281.000,2281.000,40.00,6186
2282.000,2282.000,40.00,0
2283.000,2283.000,40.00,0
2284.000,2284.000,40.00,0
2285.000,2285.000,40.00,0
2286.000,2286.000,40.00,0
2287.000,2287.000,40.00,0
2289.000,2289.000,40.00,531
2290.000,2290.000,40.00,13293
2291.000,2291.000,40.00,9425
2292.000,2292.000,40.00,8771
2293.000,2293.000,40.00,185
2294.000,2294.000,40.00,276
2295.000,2295.000,40.00,14
2296.000,2296.000,40.00,1514
2297.000,2297.000,40.00,805
2299.000,2299.000,40.00,11
2300.000,2300.000,40.00,1
2301.000,2301.000,40.00,275
2302.000,2302.000,40.00,1913
2303.000,2303.000,40.00,0
2304.000,2304.000,40.00,0
2305.000,2305.000,40.00,0
2306.000,2306.000,40.00,0
2308.000,2308.000,40.00,0
2309.000,2309.000,40.00,1299
2310.000,2310.000,40.00,276
2311.000,2311.000,40.00,325
2312.000,2312.000,40.00,274
2313.000,2313.000,40.00,0
2314.000,2314.000,40.00,277
2316.000,2316.000,40.00,443
2317.000,2317.000,40.00,275
2318.000,2318.000,40.00,278
2319.000,2319.000,40.00,0
2320.000,2320.000,40.00,275
2321.000,2321.000,40.00,240
2322.000,2322.000,40.00,275
2323.000,2323.000,40.00,275
2325.000,2325.000,40.00,133
2326.000,2326.000,40.00,277
2327.000,2327.000,40.00,0
2328.000,2328.000,40.00,278
2329.000,2329.000,40.00,1235
2330.000,2330.000,40.00,276
2331.000,2331.000,40.00,0
2333.000,2333.000,40.00,274
2334.000,2334.000,40.00,0
2335.000,2335.000,40.00,0
2336.000,2336.000,40.00,281
2337.000,2337.000,40.00,0
2338.000,2338.000,40.00,278
2339.000,2339.000,40.00,1558
2341.000,2341.000,40.00,1
2342.000,2342.000,40.00,275
2343.000,2343.000,40.00,0
2344.000,2344.000,40.00,276
2345.000,2345.000,40.00,2069
2346.000,2346.000,40.00,276
2347.000,2347.000,40.00,0
2349.000,2349.000,40.00,926
2350.000,2350.000,40.00,277
2351.000,2351.000,40.00,0
2352.000,2352.000,40.00,275
2353.000,2353.000,40.00,0
2354.000,2354.000,40.00,1879
2355.000,2355.000,40.00,0
2357.000,2357.000,40.00,272
2358.000,2358.000,40.00,44
2359.000,2359.000,40.00,0
2360.000,2360.000,40.00,1870
2361.000,2361.000,40.00,0
2362.000,2362.000,40.00,0
2363.000,2363.000,40.00,275
2365.000,2365.000,40.00,2010
2366.000,2366.000,40.00,275
2367.000,2367.000,40.00,0
2368.000,2368.000,40.00,276
2369.000,2369.000,40.00,1599
2370.000,2370.000,40.00,282
2371.000,2371.000,40.00,0
2373.000,2373.000,40.00,273
2374.000,2374.000,40.00,974
2375.000,2375.000,40.00,0
2376.000,2376.000,40.00,278
2377.000,2377.000,40.00,0
2378.000,2378.000,40.00,277
2379.000,2379.000,40.00,1126
2381.000,2381.000,40.00,275
2382.000,2382.000,40.00,0
2383.000,2383.000,40.00,0
2384.000,2384.000,40.00,2548
2385.000,2385.000,40.00,0
2386.000,2386.000,40.00,273
2388.000,2388.000,40.00,0
2389.000,2389.000,40.00,275
2390.000,2390.000,40.00,3018
2391.000,2391.000,40.00,0
2392.000,2392.000,40.00,277
2393.000,2393.000,40.00,0
2394.000,2394.000,40.00,1258
2396.000,2396.000,40.00,0
2397.000,2397.000,40.00,0
2398.000,2398.000,40.00,279
2399.000,2399.000,40.00,1408
2400.000,2400.000,40.00,277
2401.000,2401.000,40.00,0
2402.000,2402.000,40.00,282
2404.000,2404.000,40.00,0
2405.000,2405.000,40.00,2623
2406.000,2406.000,40.00,279
2407.000,2407.000,40.00,0
2408.000,2408.000,40.00,288
2409.000,2409.000,40.00,976
2410.000,2410.000,40.00,276
2412.000,2412.000,40.00,272
2413.000,2413.000,40.00,1731
2414.000,2414.000,40.00,278
2415.000,2415.000,40.00,0
2416.000,2416.000,40.00,276
2417.000,2417.000,40.00,0
2418.000,2418.000,40.00,1908
2420.000,2420.000,40.00,1
2421.000,2421.000,40.00,274
2422.000,2422.000,40.00,1011
2423.000,2423.000,40.00,1186
2424.000,2424.000,40.00,272
2425.000,2425.000,40.00,0
2426.000,2426.000,40.00,279
2428.000,2428.000,40.00,3691
2429.000,2429.000,40.00,0
2430.000,2430.000,40.00,3634
2431.000,2431.000,40.00,0
2432.000,2432.000,40.00,280
2433.000,2433.000,40.00,0
2434.000,2434.000,40.00,274
2436.000,2436.000,40.00,6644
2437.000,2437.000,40.00,0
2438.000,2438.000,40.00,277
2439.000,2439.000,40.00,1
2440.000,2440.000,40.00,6057
2441.000,2441.000,40.00,0
2442.000,2442.000,40.00,279
2444.000,2444.000,40.00,0
2445.000,2445.000,40.00,305
2446.000,2446.000,40.00,6980
2447.000,2447.000,40.00,0
2448.000,2448.000,40.00,276
2449.000,2449.000,40.00,0
2450.000,2450.000,40.00,6471
2452.000,2452.000,40.00,270
2453.000,2453.000,40.00,0
2454.000,2454.000,40.00,276
2455.000,2455.000,40.00,0
2456.000,2456.000,40.00,5786
2457.000,2457.000,40.00,0
2458.000,2458.000,40.00,278
2460.000,2460.000,40.00,0
2461.000,2461.000,40.00,3218
2462.000,2462.000,40.00,279
2463.000,2463.000,40.00,0
2464.000,2464.000,40.00,278
2465.000,2465.000,40.00,1840
2466.000,2466.000,40.00,278
2468.000,2468.000,40.00,273
2469.000,2469.000,40.00,2687
2470.000,2470.000,40.00,275
2471.000,2471.000,40.00,0
2472.000,2472.000,40.00,276
2473.000,2473.000,40.00,4535
2474.000,2474.000,40.00,0
2476.000,2476.000,40.00,273
2477.000,2477.000,40.00,0
2478.000,2478.000,40.00,276
2479.000,2479.000,40.00,3979
2480.000,2480.000,40.00,276
2481.000,2481.000,40.00,1944
2482.000,2482.000,40.00,320
2484.000,2484.000,40.00,0
2485.000,2485.000,40.00,217
2486.000,2486.000,40.00,1947
2487.000,2487.000,40.00,0
2488.000,2488.000,40.00,274
2489.000,2489.000,40.00,1
2490.000,2490.000,40.00,279
2492.000,2492.000,40.00,2436
2493.000,2493.000,40.00,0
2494.000,2494.000,40.00,275
2495.000,2495.000,40.00,0
2496.000,2496.000,40.00,3526
2497.000,2497.000,40.00,0
2498.000,2498.000,40.00,275
2500.000,2500.000,40.00,0
2501.000,2501.000,40.00,1980
2502.000,2502.000,40.00,275
2503.000,2503.000,40.00,0
2504.000,2504.000,40.00,305
2505.000,2505.000,40.00,0
2506.000,2506.000,40.00,2191
2508.000,2508.000,40.00,0
2509.000,2509.000,40.00,275
2510.000,2510.000,40.00,2625
2511.000,2511.000,40.00,0
2512.000,2512.000,40.00,278
2513.000,2513.000,40.00,0
2514.000,2514.000,40.00,2859
2516.000,2516.000,40.00,276
2517.000,2517.000,40.00,0
2518.000,2518.000,40.00,277
2519.000,2519.000,40.00,1790
2520.000,2520.000,40.00,279
2521.000,2521.000,40.00,0
2522.000,2522.000,40.00,1462
2524.000,2524.000,40.00,0
2525.000,2525.000,40.00,2320
2526.000,2526.000,40.00,275
2527.000,2527.000,40.00,0
2528.000,2528.000,40.00,274
2529.000,2529.000,40.00,2225
2530.000,2530.000,40.00,0
2532.000,2532.000,40.00,273
2533.000,2533.000,40.00,0
2534.000,2534.000,40.00,1641
2535.000,2535.000,40.00,0
2536.000,2536.000,40.00,279
2537.000,2537.000,40.00,0
2538.000,2538.000,40.00,280
2540.000,2540.000,40.00,1722
2541.000,2541.000,40.00,0
2542.000,2542.000,40.00,278
2543.000,2543.000,40.00,0
2544.000,2544.000,40.00,1863
2545.000,2545.000,40.00,0
2546.000,2546.000,40.00,279
2548.000,2548.000,40.00,0
2549.000,2549.000,40.00,1667
2550.000,2550.000,40.00,279
2551.000,2551.000,40.00,0
2552.000,2552.000,40.00,276
2553.000,2553.000,40.00,1291
2554.000,2554.000,40.00,0
2556.000,2556.000,40.00,272
2557.000,2557.000,40.00,0
2558.000,2558.000,40.00,1227
2559.000,2559.000,40.00,0
2560.000,2560.000,40.00,277
2561.000,2561.000,40.00,0
2562.000,2562.000,40.00,2824
2564.000,2564.000,40.00,0
2565.000,2565.000,40.00,136
2566.000,2566.000,40.00,277
2567.000,2567.000,40.00,1563
2568.000,2568.000,40.00,278
2569.000,2569.000,40.00,0
2570.000,2570.000,40.00,278
2572.000,2572.000,40.00,2906
2573.000,2573.000,40.00,0
2574.000,2574.000,40.00,279
2575.000,2575.000,40.00,0
2576.000,2576.000,40.00,2685
2577.000,2577.000,40.00,0
2578.000,2578.000,40.00,277
2580.000,2580.000,40.00,0
2581.000,2581.000,40.00,277
2582.000,2582.000,40.00,6743
2583.000,2583.000,40.00,0
2584.000,2584.000,40.00,275
2585.000,2585.000,40.00,0
2586.000,2586.000,40.00,6219
2588.000,2588.000,40.00,1
2589.000,2589.000,40.00,117
2590.000,2590.000,40.00,277
2591.000,2591.000,40.00,0
2592.000,2592.000,40.00,4619
2593.000,2593.000,40.00,0
2594.000,2594.000,40.00,277
2596.000,2596.000,40.00,3258
2597.000,2597.000,40.00,0
2598.000,2598.000,40.00,276
2599.000,2599.000,40.00,0
2600.000,2600.000,40.00,279
2601.000,2601.000,40.00,5795
2602.000,2602.000,40.00,440
2603.000,2603.000,40.00,0
2604.000,2604.000,40.00,132
2605.000,2605.000,40.00,1129
2607.000,2607.000,40.00,1519
2608.000,2608.000,40.00,0
2609.000,2609.000,40.00,0
2610.000,2610.000,40.00,276
2611.000,2611.000,40.00,2456
2612.000,2612.000,40.00,275
2612.000,2612.000,40.00,275
2613.000,2613.000,40.00,44
2615.000,2615.000,40.00,0
2617.000,2617.000,40.00,0
2618.000,2618.000,40.00,0
2619.000,2619.000,40.00,0
2620.000,2620.000,40.00,0
2621.000,2621.000,40.00,0
2622.000,2622.000,40.00,0
2623.000,2623.000,40.00,0
2624.000,2624.000,40.00,0
2625.000,2625.000,40.00,0
2626.000,2626.000,40.00,4
2628.000,2628.000,40.00,146
2629.000,2629.000,40.00,0
2630.000,2630.000,40.00,0
2631.000,2631.000,40.00,0
2632.000,2632.000,40.00,0
2633.000,2633.000,40.00,0
2634.000,2634.000,40.00,0
2635.000,2635.000,40.00,0
2636.000,2636.000,40.00,0
2638.000,2638.000,40.00,0
2639.000,2639.000,40.00,0
2640.000,2640.000,40.00,0
2641.000,2641.000,40.00,0
2642.000,2642.000,40.00,0
2643.000,2643.000,40.00,0
2644.000,2644.000,40.00,0
2645.000,2645.000,40.00,0
2646.000,2646.000,40.00,0
2647.000,2647.000,40.00,0
2649.000,2649.000,40.00,0
2650.000,2650.000,40.00,0
2651.000,2651.000,40.00,0
2652.000,2652.000,40.00,0
2653.000,2653.000,40.00,0
2654.000,2654.000,40.00,25
2655.000,2655.000,40.00,0
2656.000,2656.000,40.00,0
2657.000,2657.000,40.00,0
2658.000,2658.000,40.00,0
2660.000,2660.000,40.00,0
2661.000,2661.000,40.00,3
2662.000,2662.000,40.00,0
2663.000,2663.000,40.00,0
2664.000,2664.000,40.00,0
2665.000,2665.000,40.00,0
2666.000,2666.000,40.00,0
2667.000,2667.000,40.00,0
2668.000,2668.000,40.00,0
2669.000,2669.000,40.00,0
2671.000,2671.000,40.00,0
2672.000,2672.000,40.00,0
2673.000,2673.000,40.00,0
2674.000,2674.000,40.00,0
2675.000,2675.000,40.00,0
2676.000,2676.000,40.00,0
2677.000,2677.000,40.00,0
2678.000,2678.000,40.00,82
2679.000,2679.000,40.00,2
2680.000,2680.000,40.00,2
2681.000,2681.000,40.00,2
2682.000,2682.000,40.00,58
2683.000,2683.000,40.00,0
2684.000,2684.000,40.00,0
2685.000,2685.000,40.00,0
2686.000,2686.000,40.00,0
2687.000,2687.000,40.00,2386
2688.000,2688.000,40.00,5406
2689.000,2689.000,40.00,5661
2690.000,2690.000,40.00,11150
2691.000,2691.000,40.00,11272
2693.000,2693.000,40.00,11698
2694.000,2694.000,40.00,14569
2695.000,2695.000,40.00,12570
2696.000,2696.000,40.00,12200
2697.000,2697.000,40.00,8540
2698.000,2698.000,40.00,11959
2699.000,2699.000,40.00,12104
2700.000,2700.000,40.00,11041
2702.000,2702.000,40.00,8327
2703.000,2703.000,40.00,6957
2704.000,2704.000,40.00,4564
2705.000,2705.000,40.00,278
2706.000,2706.000,40.00,0
2707.000,2707.000,40.00,2151
2708.000,2708.000,40.00,276
2709.000,2709.000,40.00,1
2711.000,2711.000,40.00,277
2712.000,2712.000,40.00,0
2713.000,2713.000,40.00,22
2714.000,2714.000,40.00,0
2715.000,2715.000,40.00,3384
2716.000,2716.000,40.00,1301
2717.000,2717.000,40.00,529
2718.000,2718.000,40.00,317
2720.000,2720.000,40.00,0
2721.000,2721.000,40.00,331
2722.000,2722.000,40.00,1693
2723.000,2723.000,40.00,13
2724.000,2724.000,40.00,270
2725.000,2725.000,40.00,793
2726.000,2726.000,40.00,570
2727.000,2727.000,40.00,715
2729.000,2729.000,40.00,1564
2730.000,2730.000,40.00,0
2731.000,2731.000,40.00,1282
2732.000,2732.000,40.00,63
2733.000,2733.000,40.00,275
2734.000,2734.000,40.00,444
2735.000,2735.000,40.00,877
2736.000,2736.000,40.00,222
2737.000,2737.000,40.00,0
2739.000,2739.000,40.00,1058
2740.000,2740.000,40.00,36
2741.000,2741.000,40.00,280
2742.000,2742.000,40.00,748
2743.000,2743.000,40.00,923
2744.000,2744.000,40.00,748
2745.000,2745.000,40.00,1360
2746.000,2746.000,40.00,1
2748.000,2748.000,40.00,0
2749.000,2749.000,40.00,3594
2750.000,2750.000,40.00,31
2751.000,2751.000,40.00,311
2752.000,2752.000,40.00,19
2753.000,2753.000,40.00,429
2754.000,2754.000,40.00,1040
2755.000,2755.000,40.00,869
2757.000,2757.000,40.00,1815
2758.000,2758.000,40.00,0
2759.000,2759.000,40.00,290
2760.000,2760.000,40.00,32
2761.000,2761.000,40.00,278
2762.000,2762.000,40.00,4022
2763.000,2763.000,40.00,0
2764.000,2764.000,40.00,278
2765.000,2765.000,40.00,0
2767.000,2767.000,40.00,2426
2768.000,2768.000,40.00,1195
2769.000,2769.000,40.00,279
2770.000,2770.000,40.00,0
2771.000,2771.000,40.00,679
2772.000,2772.000,40.00,2053
2773.000,2773.000,40.00,278
2774.000,2774.000,40.00,4444
2776.000,2776.000,40.00,0
2777.000,2777.000,40.00,280
2778.000,2778.000,40.00,0
2779.000,2779.000,40.00,3041
2780.000,2780.000,40.00,274
2781.000,2781.000,40.00,0
2782.000,2782.000,40.00,280
2783.000,2783.000,40.00,0
2785.000,2785.000,40.00,2704
2786.000,2786.000,40.00,0
2787.000,2787.000,40.00,277
2788.000,2788.000,40.00,0
2789.000,2789.000,40.00,2766
2790.000,2790.000,40.00,278
2791.000,2791.000,40.00,0
2792.000,2792.000,40.00,279
2793.000,2793.000,40.00,0
2795.000,2795.000,40.00,1400
2796.000,2796.000,40.00,0
2797.000,2797.000,40.00,917
2798.000,2798.000,40.00,0
2799.000,2799.000,40.00,278
2800.000,2800.000,40.00,0
2801.000,2801.000,40.00,3653
2802.000,2802.000,40.00,278
2804.000,2804.000,40.00,0
2805.000,2805.000,40.00,278
2806.000,2806.000,40.00,3156
2807.000,2807.000,40.00,276
2808.000,2808.000,40.00,0
2809.000,2809.000,40.00,276
2810.000,2810.000,40.00,4896
2811.000,2811.000,40.00,326
2812.000,2812.000,40.00,276
2813.000,2813.000,40.00,0
2815.000,2815.000,40.00,278
2816.000,2816.000,40.00,2979
2817.000,2817.000,40.00,0
2818.000,2818.000,40.00,276
2819.000,2819.000,40.00,19
2820.000,2820.000,40.00,1331
2821.000,2821.000,40.00,0
2822.000,2822.000,40.00,279
2824.000,2824.000,40.00,501
2825.000,2825.000,40.00,279
2826.000,2826.000,40.00,0
2827.000,2827.000,40.00,4159
2828.000,2828.000,40.00,0
2829.000,2829.000,40.00,275
2830.000,2830.000,40.00,0
2831.000,2831.000,40.00,4700
2832.000,2832.000,40.00,275
2834.000,2834.000,40.00,0
2835.000,2835.000,40.00,279
2836.000,2836.000,40.00,465
2837.000,2837.000,40.00,2865
2838.000,2838.000,40.00,0
2839.000,2839.000,40.00,277
2840.000,2840.000,40.00,110
2841.000,2841.000,40.00,2429
2843.000,2843.000,40.00,277
2844.000,2844.000,40.00,0
2845.000,2845.000,40.00,272
2846.000,2846.000,40.00,1132
2847.000,2847.000,40.00,1091
2848.000,2848.000,40.00,0
2849.000,2849.000,40.00,0
2850.000,2850.000,40.00,1613
2852.000,2852.000,40.00,953
2853.000,2853.000,40.00,275
2854.000,2854.000,40.00,0
2855.000,2855.000,40.00,279
2856.000,2856.000,40.00,3508
2857.000,2857.000,40.00,0
2858.000,2858.000,40.00,274
2859.000,2859.000,40.00,0
2861.000,2861.000,40.00,3250
2862.000,2862.000,40.00,0
2863.000,2863.000,40.00,278
2864.000,2864.000,40.00,0
2865.000,2865.000,40.00,304
2866.000,2866.000,40.00,1882
2867.000,2867.000,40.00,0
2868.000,2868.000,40.00,2439
2869.000,2869.000,40.00,0
2871.000,2871.000,40.00,323
2872.000,2872.000,40.00,1441
2873.000,2873.000,40.00,274
2874.000,2874.000,40.00,2248
2875.000,2875.000,40.00,279
2876.000,2876.000,40.00,0
2877.000,2877.000,40.00,0
2878.000,2878.000,40.00,2310
2880.000,2880.000,40.00,23
2881.000,2881.000,40.00,276
2882.000,2882.000,40.00,1889
2883.000,2883.000,40.00,0
2884.000,2884.000,40.00,274
2885.000,2885.000,40.00,2198
2886.000,2886.000,40.00,277
2887.000,2887.000,40.00,0
2889.000,2889.000,40.00,276
2890.000,2890.000,40.00,2081
2891.000,2891.000,40.00,278
2892.000,2892.000,40.00,0
2893.000,2893.000,40.00,1823
2894.000,2894.000,40.00,0
2895.000,2895.000,40.00,279
2896.000,2896.000,40.00,2458
2897.000,2897.000,40.00,0
2899.000,2899.000,40.00,1768
2900.000,2900.000,40.00,0
2901.000,2901.000,40.00,273
2902.000,2902.000,40.00,2128
2903.000,2903.000,40.00,280
2904.000,2904.000,40.00,0
2905.000,2905.000,40.00,781
2906.000,2906.000,40.00,275
2908.000,2908.000,40.00,0
2909.000,2909.000,40.00,276
2910.000,2910.000,40.00,1469
2911.000,2911.000,40.00,279
2912.000,2912.000,40.00,0
2913.000,2913.000,40.00,4646
2914.000,2914.000,40.00,276
2915.000,2915.000,40.00,0
2916.000,2916.000,40.00,276
2918.000,2918.000,40.00,0
2919.000,2919.000,40.00,6435
2920.000,2920.000,40.00,0
2921.000,2921.000,40.00,277
2922.000,2922.000,40.00,0
2923.000,2923.000,40.00,3272
2924.000,2924.000,40.00,0
2925.000,2925.000,40.00,0
2926.000,2926.000,40.00,283
2928.000,2928.000,40.00,0
2929.000,2929.000,40.00,1696
2930.000,2930.000,40.00,0
2931.000,2931.000,40.00,166
2932.000,2932.000,40.00,4212
2933.000,2933.000,40.00,273
2934.000,2934.000,40.00,275
2935.000,2935.000,40.00,244
2937.000,2937.000,40.00,3220
2938.000,2938.000,40.00,0
2939.000,2939.000,40.00,288
2940.000,2940.000,40.00,6
2941.000,2941.000,40.00,1279
2942.000,2942.000,40.00,1818
2943.000,2943.000,40.00,0
2944.000,2944.000,40.00,277
2946.000,2946.000,40.00,2390
2947.000,2947.000,40.00,2497
2948.000,2948.000,40.00,0
2949.000,2949.000,40.00,275
2950.000,2950.000,40.00,277
2951.000,2951.000,40.00,1598
2952.000,2952.000,40.00,1425
2953.000,2953.000,40.00,0
2955.000,2955.000,40.00,278
2956.000,2956.000,40.00,1659
2957.000,2957.000,40.00,3953
2958.000,2958.000,40.00,0
2959.000,2959.000,40.00,280
2960.000,2960.000,40.00,0
2961.000,2961.000,40.00,4883
2962.000,2962.000,40.00,275
2963.000,2963.000,40.00,0
2965.000,2965.000,40.00,275
2966.000,2966.000,40.00,0
2967.000,2967.000,40.00,4975
2968.000,2968.000,40.00,0
2969.000,2969.000,40.00,277
2970.000,2970.000,40.00,0
2971.000,2971.000,40.00,4896
2972.000,2972.000,40.00,278
2974.000,2974.000,40.00,0
2975.000,2975.000,40.00,275
2976.000,2976.000,40.00,0
2977.000,2977.000,40.00,5485
2978.000,2978.000,40.00,0
2979.000,2979.000,40.00,279
2980.000,2980.000,40.00,0
2981.000,2981.000,40.00,5366
2982.000,2982.000,40.00,279
2984.000,2984.000,40.00,0
2985.000,2985.000,40.00,277
2986.000,2986.000,40.00,0
2987.000,2987.000,40.00,5487
2988.000,2988.000,40.00,0
2989.000,2989.000,40.00,271
2990.000,2990.000,40.00,1108
2991.000,2991.000,40.00,2717
2993.000,2993.000,40.00,277
2994.000,2994.000,40.00,0
2995.000,2995.000,40.00,276
2996.000,2996.000,40.00,0
2997.000,2997.000,40.00,3303
2998.000,2998.000,40.00,0
2999.000,2999.000,40.00,29
3000.000,3000.000,40.00,1545
3002.000,3002.000,40.00,176
3003.000,3003.000,40.00,278
3004.000,3004.000,40.00,0
3005.000,3005.000,40.00,274
3006.000,3006.000,40.00,0
3007.000,3007.000,40.00,3780
3008.000,3008.000,40.00,0
3009.000,3009.000,40.00,0
3011.000,3011.000,40.00,2726
3012.000,3012.000,40.00,1205
3013.000,3013.000,40.00,274
3014.000,3014.000,40.00,0
3015.000,3015.000,40.00,0
3016.000,3016.000,40.00,0
3017.000,3017.000,40.00,1751
3018.000,3018.000,40.00,278
3019.000,3019.000,40.00,0
3021.000,3021.000,40.00,0
3022.000,3022.000,40.00,3463
3023.000,3023.000,40.00,278
3024.000,3024.000,40.00,0
3025.000,3025.000,40.00,2439
3026.000,3026.000,40.00,0
3027.000,3027.000,40.00,276
3028.000,3028.000,40.00,1395
3030.000,3030.000,40.00,0
3031.000,3031.000,40.00,274
3032.000,3032.000,40.00,0
3033.000,3033.000,40.00,2320
3034.000,3034.000,40.00,0
3035.000,3035.000,40.00,1266
3036.000,3036.000,40.00,0
3037.000,3037.000,40.00,75
3038.000,3038.000,40.00,1523
3040.000,3040.000,40.00,0
3041.000,3041.000,40.00,1801
3042.000,3042.000,40.00,0
3043.000,3043.000,40.00,276
3044.000,3044.000,40.00,0
3045.000,3045.000,40.00,0
3046.000,3046.000,40.00,0
3047.000,3047.000,40.00,1145
3048.000,3048.000,40.00,277
3050.000,3050.000,40.00,0
3051.000,3051.000,40.00,321
3052.000,3052.000,40.00,0
3053.000,3053.000,40.00,1377
3054.000,3054.000,40.00,3659
3055.000,3055.000,40.00,0
3056.000,3056.000,40.00,0
3057.000,3057.000,40.00,0
3059.000,3059.000,40.00,278
3060.000,3060.000,40.00,2764
3061.000,3061.000,40.00,0
3062.000,3062.000,40.00,0
3063.000,3063.000,40.00,2703
3064.000,3064.000,40.00,0
3065.000,3065.000,40.00,278
3066.000,3066.000,40.00,222
3067.000,3067.000,40.00,0
3069.000,3069.000,40.00,1207
3070.000,3070.000,40.00,0
3071.000,3071.000,40.00,278
3072.000,3072.000,40.00,0
3073.000,3073.000,40.00,2676
3074.000,3074.000,40.00,234
3075.000,3075.000,40.00,0
3076.000,3076.000,40.00,1240
3078.000,3078.000,40.00,563
3079.000,3079.000,40.00,276
3080.000,3080.000,40.00,0
3081.000,3081.000,40.00,2166
3082.000,3082.000,40.00,1
3083.000,3083.000,40.00,276
3084.000,3084.000,40.00,0
3085.000,3085.000,40.00,1745
3086.000,3086.000,40.00,1124
3088.000,3088.000,40.00,0
3089.000,3089.000,40.00,1777
3090.000,3090.000,40.00,0
3091.000,3091.000,40.00,276
3092.000,3092.000,40.00,0
3093.000,3093.000,40.00,276
3094.000,3094.000,40.00,1388
3095.000,3095.000,40.00,0
3097.000,3097.000,40.00,277
3098.000,3098.000,40.00,0
3099.000,3099.000,40.00,4583
3100.000,3100.000,40.00,0
3101.000,3101.000,40.00,274
3102.000,3102.000,40.00,0
3103.000,3103.000,40.00,3238
3104.000,3104.000,40.00,189
3106.000,3106.000,40.00,1
3107.000,3107.000,40.00,276
3108.000,3108.000,40.00,0
3109.000,3109.000,40.00,1700
3110.000,3110.000,40.00,0
3111.000,3111.000,40.00,279
3112.000,3112.000,40.00,1640
3113.000,3113.000,40.00,0
3115.000,3115.000,40.00,277
3116.000,3116.000,40.00,0
3117.000,3117.000,40.00,270
3118.000,3118.000,40.00,5235
3119.000,3119.000,40.00,27
3120.000,3120.000,40.00,278
3121.000,3121.000,40.00,0
3122.000,3122.000,40.00,3093
3124.000,3124.000,40.00,0
3125.000,3125.000,40.00,255
3126.000,3126.000,40.00,0
3127.000,3127.000,40.00,276
3128.000,3128.000,40.00,3411
3129.000,3129.000,40.00,0
3130.000,3130.000,40.00,279
3131.000,3131.000,40.00,0
3133.000,3133.000,40.00,3382
3134.000,3134.000,40.00,0
3135.000,3135.000,40.00,276
3136.000,3136.000,40.00,2117
3137.000,3137.000,40.00,2479
3138.000,3138.000,40.00,0
3139.000,3139.000,40.00,276
3140.000,3140.000,40.00,276
3142.000,3142.000,40.00,367
3143.000,3143.000,40.00,2241
3144.000,3144.000,40.00,0
3145.000,3145.000,40.00,4204
3146.000,3146.000,40.00,0
3147.000,3147.000,40.00,3355
3148.000,3148.000,40.00,272
3149.000,3149.000,40.00,0
3151.000,3151.000,40.00,2988
3152.000,3152.000,40.00,0
3153.000,3153.000,40.00,274
3154.000,3154.000,40.00,0
3155.000,3155.000,40.00,2147
3156.000,3156.000,40.00,0
3157.000,3157.000,40.00,275
3158.000,3158.000,40.00,2437
3160.000,3160.000,40.00,0
3161.000,3161.000,40.00,276
3162.000,3162.000,40.00,1311
3163.000,3163.000,40.00,277
3164.000,3164.000,40.00,0
3165.000,3165.000,40.00,4224
3166.000,3166.000,40.00,276
3167.000,3167.000,40.00,0
3168.000,3168.000,40.00,2780
3170.000,3170.000,40.00,0
3171.000,3171.000,40.00,277
3172.000,3172.000,40.00,2562
3173.000,3173.000,40.00,296
3174.000,3174.000,40.00,0
3175.000,3175.000,40.00,278
3176.000,3176.000,40.00,1827
3177.000,3177.000,40.00,0
3178.000,3178.000,40.00,276
3180.000,3180.000,40.00,27
3181.000,3181.000,40.00,1349
3182.000,3182.000,40.00,0
3183.000,3183.000,40.00,276
3184.000,3184.000,40.00,2190
3185.000,3185.000,40.00,0
3186.000,3186.000,40.00,277
3187.000,3187.000,40.00,0
3189.000,3189.000,40.00,2819
3190.000,3190.000,40.00,0
3191.000,3191.000,40.00,280
3192.000,3192.000,40.00,0
3193.000,3193.000,40.00,274
3194.000,3194.000,40.00,1783
3195.000,3195.000,40.00,278
3196.000,3196.000,40.00,275
3197.000,3197.000,40.00,1
3199.000,3199.000,40.00,1717
3200.000,3200.000,40.00,0
3201.000,3201.000,40.00,210
3202.000,3202.000,40.00,1235
3203.000,3203.000,40.00,0
3204.000,3204.000,40.00,994
3205.000,3205.000,40.00,147
3206.000,3206.000,40.00,277
3208.000,3208.000,40.00,990
3209.000,3209.000,40.00,2168
3210.000,3210.000,40.00,0
3211.000,3211.000,40.00,277
3212.000,3212.000,40.00,0
3213.000,3213.000,40.00,3661
3214.000,3214.000,40.00,167
3215.000,3215.000,40.00,0
3217.000,3217.000,40.00,1768
3218.000,3218.000,40.00,1618
3219.000,3219.000,40.00,282
3220.000,3220.000,40.00,0
3221.000,3221.000,40.00,262
3222.000,3222.000,40.00,251
3223.000,3223.000,40.00,0
3224.000,3224.000,40.00,278
3225.000,3225.000,40.00,2780
3227.000,3227.000,40.00,1695
3228.000,3228.000,40.00,0
3229.000,3229.000,40.00,274
3230.000,3230.000,40.00,1335
3231.000,3231.000,40.00,44
3232.000,3232.000,40.00,277
3233.000,3233.000,40.00,0
3234.000,3234.000,40.00,281
3236.000,3236.000,40.00,1693
3237.000,3237.000,40.00,272
3238.000,3238.000,40.00,3784
3239.000,3239.000,40.00,12
3240.000,3240.000,40.00,288
3241.000,3241.000,40.00,0
3242.000,3242.000,40.00,274
3243.000,3243.000,40.00,1590
3245.000,3245.000,40.00,275
3246.000,3246.000,40.00,1786
3247.000,3247.000,40.00,277
3248.000,3248.000,40.00,0
3249.000,3249.000,40.00,3198
3250.000,3250.000,40.00,0
3251.000,3251.000,40.00,278
3252.000,3252.000,40.00,0
3253.000,3253.000,40.00,0
3255.000,3255.000,40.00,2289
3256.000,3256.000,40.00,0
3257.000,3257.000,40.00,2438
3258.000,3258.000,40.00,0
3259.000,3259.000,40.00,278
3260.000,3260.000,40.00,266
3261.000,3261.000,40.00,2441
3262.000,3262.000,40.00,277
3264.000,3264.000,40.00,0
3265.000,3265.000,40.00,276
3266.000,3266.000,40.00,338
3267.000,3267.000,40.00,278
3268.000,3268.000,40.00,0
3269.000,3269.000,40.00,198
3270.000,3270.000,40.00,1000
3271.000,3271.000,40.00,0
3272.000,3272.000,40.00,278
3274.000,3274.000,40.00,0
3275.000,3275.000,40.00,278
3276.000,3276.000,40.00,1080
3277.000,3277.000,40.00,274
3278.000,3278.000,40.00,0
3279.000,3279.000,40.00,278
3280.000,3280.000,40.00,178
3281.000,3281.000,40.00,757
3283.000,3283.000,40.00,278
3284.000,3284.000,40.00,0
3285.000,3285.000,40.00,274
3286.000,3286.000,40.00,1488
3287.000,3287.000,40.00,0
3288.000,3288.000,40.00,276
3289.000,3289.000,40.00,2255
3290.000,3290.000,40.00,3536
3291.000,3291.000,40.00,0
3293.000,3293.000,40.00,276
3294.000,3294.000,40.00,0
3295.000,3295.000,40.00,2258
3296.000,3296.000,40.00,0
3297.000,3297.000,40.00,277
3298.000,3298.000,40.00,0
3299.000,3299.000,40.00,158
3300.000,3300.000,40.00,3231
3302.000,3302.000,40.00,264
3303.000,3303.000,40.00,276
3304.000,3304.000,40.00,1407
3305.000,3305.000,40.00,3314
3306.000,3306.000,40.00,278
3307.000,3307.000,40.00,0
3308.000,3308.000,40.00,275
3309.000,3309.000,40.00,1954
3311.000,3311.000,40.00,278
3312.000,3312.000,40.00,0
3313.000,3313.000,40.00,278
3314.000,3314.000,40.00,305
3315.000,3315.000,40.00,278
3316.000,3316.000,40.00,276
3317.000,3317.000,40.00,0
3318.000,3318.000,40.00,469
3319.000,3319.000,40.00,3
3321.000,3321.000,40.00,280
3322.000,3322.000,40.00,1
3323.000,3323.000,40.00,279
3324.000,3324.000,40.00,1
3325.000,3325.000,40.00,0
3326.000,3326.000,40.00,281
3327.000,3327.000,40.00,0
3328.000,3328.000,40.00,417
3330.000,3330.000,40.00,46
3331.000,3331.000,40.00,95
3332.000,3332.000,40.00,288
3333.000,3333.000,40.00,13
3334.000,3334.000,40.00,0
3335.000,3335.000,40.00,0
3336.000,3336.000,40.00,1
3337.000,3337.000,40.00,0
3339.000,3339.000,40.00,770
3340.000,3340.000,40.00,280
3341.000,3341.000,40.00,0
3342.000,3342.000,40.00,278
3343.000,3343.000,40.00,257
3344.000,3344.000,40.00,198
3345.000,3345.000,40.00,280
3347.000,3347.000,40.00,0
3348.000,3348.000,40.00,908
3349.000,3349.000,40.00,279
3350.000,3350.000,40.00,0
3351.000,3351.000,40.00,281
3352.000,3352.000,40.00,1
3353.000,3353.000,40.00,870
3355.000,3355.000,40.00,0
3356.000,3356.000,40.00,278
3357.000,3357.000,40.00,0
3358.000,3358.000,40.00,243
3359.000,3359.000,40.00,7
3360.000,3360.000,40.00,287
3361.000,3361.000,40.00,276
3362.000,3362.000,40.00,0
3363.000,3363.000,40.00,1155
3365.000,3365.000,40.00,0
3366.000,3366.000,40.00,276
3367.000,3367.000,40.00,0
3368.000,3368.000,40.00,717
3369.000,3369.000,40.00,0
3370.000,3370.000,40.00,0
3371.000,3371.000,40.00,277
3373.000,3373.000,40.00,144
3374.000,3374.000,40.00,280
3375.000,3375.000,40.00,275
3376.000,3376.000,40.00,0
3377.000,3377.000,40.00,777
3378.000,3378.000,40.00,0
3379.000,3379.000,40.00,200
3380.000,3380.000,40.00,0
3381.000,3381.000,40.00,34
3383.000,3383.000,40.00,0
3384.000,3384.000,40.00,1
3385.000,3385.000,40.00,0
3386.000,3386.000,40.00,0
3387.000,3387.000,40.00,2
3388.000,3388.000,40.00,2
3389.000,3389.000,40.00,12
3390.000,3390.000,40.00,0
3392.000,3392.000,40.00,0
3393.000,3393.000,40.00,0
3394.000,3394.000,40.00,0
3395.000,3395.000,40.00,0
3396.000,3396.000,40.00,0
3398.000,3398.000,40.00,0
3399.000,3399.000,40.00,0
3400.000,3400.000,40.00,0
3402.000,3402.000,40.00,0
3403.000,3403.000,40.00,0
3403.000,3403.000,40.00,0
3404.000,3404.000,40.00,0
3405.000,3405.000,40.00,0
3406.000,3406.000,40.00,0
3407.000,3407.000,40.00,0
3408.000,3408.000,40.00,0
3410.000,3410.000,40.00,0
3411.000,3411.000,40.00,0
3412.000,3412.000,40.00,0
3412.000,3412.000,40.00,0
3413.000,3413.000,40.00,0
3414.000,3414.000,40.00,0
3415.000,3415.000,40.00,0
3416.000,3416.000,40.00,0
3418.000,3418.000,40.00,0
3419.000,3419.000,40.00,0
3420.000,3420.000,40.00,14
3421.000,3421.000,40.00,0
3421.000,3421.000,40.00,0
3422.000,3422.000,40.00,0
3423.000,3423.000,40.00,0
3424.000,3424.000,40.00,0
3426.000,3426.000,40.00,0
3427.000,3427.000,40.00,0
3428.000,3428.000,40.00,0
3429.000,3429.000,40.00,1
3430.000,3430.000,40.00,0
3431.000,3431.000,40.00,0
3432.000,3432.000,40.00,0
3433.000,3433.000,40.00,0
3434.000,3434.000,40.00,0
3435.000,3435.000,40.00,0
3436.000,3436.000,40.00,0
3437.000,3437.000,40.00,0
3438.000,3438.000,40.00,0
3440.000,3440.000,40.00,0
3441.000,3441.000,40.00,0
3442.000,3442.000,40.00,0
3443.000,3443.000,40.00,0
3443.000,3443.000,40.00,0
3444.000,3444.000,40.00,0
3445.000,3445.000,40.00,16
3446.000,3446.000,40.00,0
3448.000,3448.000,40.00,0
3449.000,3449.000,40.00,117
3450.000,3450.000,40.00,0
3451.000,3451.000,40.00,0
3451.000,3451.000,40.00,0
3452.000,3452.000,40.00,0
3453.000,3453.000,40.00,0
3454.000,3454.000,40.00,0
3455.000,3455.000,40.00,0
3457.000,3457.000,40.00,0
3458.000,3458.000,40.00,0
3459.000,3459.000,40.00,0
3460.000,3460.000,40.00,1
3460.000,3460.000,40.00,1
3461.000,3461.000,40.00,0
3462.000,3462.000,40.00,0
3463.000,3463.000,40.00,0
3465.000,3465.000,40.00,0
3466.000,3466.000,40.00,0
3467.000,3467.000,40.00,0
3468.000,3468.000,40.00,0
3469.000,3469.000,40.00,0
3469.000,3469.000,40.00,0
3470.000,3470.000,40.00,0
3471.000,3471.000,40.00,0
3472.000,3472.000,40.00,0
3474.000,3474.000,40.00,0
3475.000,3475.000,40.00,0
3476.000,3476.000,40.00,0
3477.000,3477.000,40.00,1
3477.000,3477.000,40.00,1
3478.000,3478.000,40.00,0
3479.000,3479.000,40.00,4
3480.000,3480.000,40.00,0
3482.000,3482.000,40.00,0
3483.000,3483.000,40.00,1
3484.000,3484.000,40.00,0
3485.000,3485.000,40.00,0
3485.000,3485.000,40.00,0
3486.000,3486.000,40.00,0
3487.000,3487.000,40.00,0
3488.000,3488.000,40.00,0
3489.000,3489.000,40.00,0
3491.000,3491.000,40.00,0
3492.000,3492.000,40.00,0
3493.000,3493.000,40.00,0
3494.000,3494.000,40.00,0
3495.000,3495.000,40.00,1
3496.000,3496.000,40.00,0
3497.000,3497.000,40.00,0
3499.000,3499.000,40.00,0
3500.000,3500.000,40.00,0
3501.000,3501.000,40.00,0
3502.000,3502.000,40.00,0
3503.000,3503.000,40.00,0
3504.000,3504.000,40.00,0
3505.000,3505.000,40.00,1
3506.000,3506.000,40.00,0
3508.000,3508.000,40.00,0
3509.000,3509.000,40.00,1
3510.000,3510.000,40.00,3148
3511.000,3511.000,40.00,14450
3512.000,3512.000,40.00,14402
3513.000,3513.000,40.00,19229
3514.000,3514.000,40.00,10987
3516.000,3516.000,40.00,14435
3517.000,3517.000,40.00,22554
3518.000,3518.000,40.00,32991
3519.000,3519.000,40.00,19355
3520.000,3520.000,40.00,7647
3521.000,3521.000,40.00,3
3521.000,3521.000,40.00,3
3522.000,3522.000,40.00,9994
3523.000,3523.000,40.00,11406
3525.000,3525.000,40.00,6838
3526.000,3526.000,40.00,0
3527.000,3527.000,40.00,1968
3528.000,3528.000,40.00,0
3529.000,3529.000,40.00,273
3530.000,3530.000,40.00,0
3530.000,3530.000,40.00,0
3531.000,3531.000,40.00,1
3533.000,3533.000,40.00,1054
3534.000,3534.000,40.00,201
3535.000,3535.000,40.00,2559
3536.000,3536.000,40.00,0
3537.000,3537.000,40.00,279
3538.000,3538.000,40.00,276
3539.000,3539.000,40.00,1206
3540.000,3540.000,40.00,275
3542.000,3542.000,40.00,0
3543.000,3543.000,40.00,2384
3544.000,3544.000,40.00,279
3545.000,3545.000,40.00,0
3546.000,3546.000,40.00,278
3547.000,3547.000,40.00,1920
3547.000,3547.000,40.00,1920
3548.000,3548.000,40.00,273
3549.000,3549.000,40.00,0
3551.000,3551.000,40.00,2402
3552.000,3552.000,40.00,0
3553.000,3553.000,40.00,277
3554.000,3554.000,40.00,0
3555.000,3555.000,40.00,2266
3556.000,3556.000,40.00,274
3557.000,3557.000,40.00,0
3558.000,3558.000,40.00,4144
3560.000,3560.000,40.00,0
3561.000,3561.000,40.00,276
3562.000,3562.000,40.00,167
3563.000,3563.000,40.00,1350
3564.000,3564.000,40.00,2270
3565.000,3565.000,40.00,0
3566.000,3566.000,40.00,274
3568.000,3568.000,40.00,100
3569.000,3569.000,40.00,2793
3570.000,3570.000,40.00,0
3571.000,3571.000,40.00,281
3572.000,3572.000,40.00,274
3573.000,3573.000,40.00,3049
3574.000,3574.000,40.00,597
3576.000,3576.000,40.00,280
3577.000,3577.000,40.00,0
3578.000,3578.000,40.00,2089
3579.000,3579.000,40.00,15
3580.000,3580.000,40.00,275
3581.000,3581.000,40.00,2
3582.000,3582.000,40.00,1484
3584.000,3584.000,40.00,2
3585.000,3585.000,40.00,276
3586.000,3586.000,40.00,1644
3587.000,3587.000,40.00,273
3588.000,3588.000,40.00,0
3589.000,3589.000,40.00,533
3590.000,3590.000,40.00,842
3592.000,3592.000,40.00,0
3593.000,3593.000,40.00,280
3594.000,3594.000,40.00,0
3595.000,3595.000,40.00,2967
3596.000,3596.000,40.00,276
3597.000,3597.000,40.00,0
3598.000,3598.000,40.00,274
3600.000,3600.000,40.00,5870
3601.000,3601.000,40.00,279
3602.000,3602.000,40.00,0
3603.000,3603.000,40.00,275
3604.000,3604.000,40.00,0
3605.000,3605.000,40.00,4827
3606.000,3606.000,40.00,281
3608.000,3608.000,40.00,0
3609.000,3609.000,40.00,279
3610.000,3610.000,40.00,2465
3611.000,3611.000,40.00,274
3612.000,3612.000,40.00,277
3613.000,3613.000,40.00,2177
3614.000,3614.000,40.00,157
3616.000,3616.000,40.00,0
3617.000,3617.000,40.00,278
3618.000,3618.000,40.00,2163
3619.000,3619.000,40.00,0
3620.000,3620.000,40.00,275
3621.000,3621.000,40.00,2067
3622.000,3622.000,40.00,281
3623.000,3623.000,40.00,0
3625.000,3625.000,40.00,2455
3626.000,3626.000,40.00,278
3627.000,3627.000,40.00,0
3628.000,3628.000,40.00,273
3629.000,3629.000,40.00,0
3630.000,3630.000,40.00,3245
3631.000,3631.000,40.00,0
3633.000,3633.000,40.00,278
3634.000,3634.000,40.00,0
3635.000,3635.000,40.00,2852
3636.000,3636.000,40.00,0
3637.000,3637.000,40.00,275
3638.000,3638.000,40.00,27
3639.000,3639.000,40.00,5364
3640.000,3640.000,40.00,280
3642.000,3642.000,40.00,13
3643.000,3643.000,40.00,274
3644.000,3644.000,40.00,5835
3645.000,3645.000,40.00,275
3646.000,3646.000,40.00,280
3647.000,3647.000,40.00,0
3648.000,3648.000,40.00,1881
3650.000,3650.000,40.00,0
3651.000,3651.000,40.00,4518
3652.000,3652.000,40.00,0
3653.000,3653.000,40.00,278
3654.000,3654.000,40.00,276
3655.000,3655.000,40.00,2160
3656.000,3656.000,40.00,277
3658.000,3658.000,40.00,0
3659.000,3659.000,40.00,1658
3660.000,3660.000,40.00,0
3661.000,3661.000,40.00,274
3662.000,3662.000,40.00,6579
3663.000,3663.000,40.00,0
3664.000,3664.000,40.00,275
3665.000,3665.000,40.00,0
3667.000,3667.000,40.00,4683
3668.000,3668.000,40.00,0
3669.000,3669.000,40.00,276
3670.000,3670.000,40.00,0
3671.000,3671.000,40.00,2107
3672.000,3672.000,40.00,279
3673.000,3673.000,40.00,0
3675.000,3675.000,40.00,1
3676.000,3676.000,40.00,1175
3677.000,3677.000,40.00,717
3678.000,3678.000,40.00,0
3679.000,3679.000,40.00,0
3680.000,3680.000,40.00,2069
3681.000,3681.000,40.00,0
3683.000,3683.000,40.00,276
3684.000,3684.000,40.00,2401
3685.000,3685.000,40.00,0
3686.000,3686.000,40.00,278
3687.000,3687.000,40.00,0
3688.000,3688.000,40.00,278
3689.000,3689.000,40.00,982
3690.000,3690.000,40.00,278
3692.000,3692.000,40.00,579
3693.000,3693.000,40.00,0
3694.000,3694.000,40.00,272
3695.000,3695.000,40.00,0
3696.000,3696.000,40.00,3768
3697.000,3697.000,40.00,0
3698.000,3698.000,40.00,305
3699.000,3699.000,40.00,0
3701.000,3701.000,40.00,276
3702.000,3702.000,40.00,5062
3703.000,3703.000,40.00,275
3704.000,3704.000,40.00,1
3705.000,3705.000,40.00,280
3706.000,3706.000,40.00,0
3707.000,3707.000,40.00,5832
3709.000,3709.000,40.00,274
3710.000,3710.000,40.00,0
3711.000,3711.000,40.00,277
3712.000,3712.000,40.00,2415
3713.000,3713.000,40.00,0
3714.000,3714.000,40.00,279
3715.000,3715.000,40.00,2477
3717.000,3717.000,40.00,274
3718.000,3718.000,40.00,0
3719.000,3719.000,40.00,277
3720.000,3720.000,40.00,3683
3721.000,3721.000,40.00,0
3722.000,3722.000,40.00,134
3723.000,3723.000,40.00,0
3725.000,3725.000,40.00,2238
3726.000,3726.000,40.00,0
3727.000,3727.000,40.00,278
3728.000,3728.000,40.00,279
3729.000,3729.000,40.00,0
3730.000,3730.000,40.00,2300
3731.000,3731.000,40.00,0
3733.000,3733.000,40.00,273
3734.000,3734.000,40.00,0
3735.000,3735.000,40.00,2234
3736.000,3736.000,40.00,283
3737.000,3737.000,40.00,0
3738.000,3738.000,40.00,277
3739.000,3739.000,40.00,0
3741.000,3741.000,40.00,1580
3742.000,3742.000,40.00,0
3743.000,3743.000,40.00,278
3744.000,3744.000,40.00,0
3745.000,3745.000,40.00,1106
3746.000,3746.000,40.00,46
3747.000,3747.000,40.00,179
3748.000,3748.000,40.00,753
3750.000,3750.000,40.00,2347
3751.000,3751.000,40.00,276
3752.000,3752.000,40.00,0
3752.000,3752.000,40.00,0
3753.000,3753.000,40.00,278
3754.000,3754.000,40.00,0
3755.000,3755.000,40.00,2780
3756.000,3756.000,40.00,272
3758.000,3758.000,40.00,0
3759.000,3759.000,40.00,299
3760.000,3760.000,40.00,2088
3761.000,3761.000,40.00,0
3762.000,3762.000,40.00,904
3762.000,3762.000,40.00,904
3763.000,3763.000,40.00,5158
3764.000,3764.000,40.00,276
3766.000,3766.000,40.00,1
3767.000,3767.000,40.00,278
3768.000,3768.000,40.00,523
3769.000,3769.000,40.00,4309
3770.000,3770.000,40.00,0
3770.000,3770.000,40.00,0
3771.000,3771.000,40.00,287
3772.000,3772.000,40.00,276
3773.000,3773.000,40.00,3578
3775.000,3775.000,40.00,274
3776.000,3776.000,40.00,0
3777.000,3777.000,40.00,276
3778.000,3778.000,40.00,3297
3779.000,3779.000,40.00,287
3780.000,3780.000,40.00,272
3782.000,3782.000,40.00,0
3783.000,3783.000,40.00,3401
3784.000,3784.000,40.00,275
3785.000,3785.000,40.00,0
3786.000,3786.000,40.00,279
3787.000,3787.000,40.00,0
3787.000,3787.000,40.00,0
3788.000,3788.000,40.00,3762
3790.000,3790.000,40.00,0
3791.000,3791.000,40.00,288
3792.000,3792.000,40.00,0
3793.000,3793.000,40.00,277
3794.000,3794.000,40.00,3064
3795.000,3795.000,40.00,0
3796.000,3796.000,40.00,276
3798.000,3798.000,40.00,1428
3799.000,3799.000,40.00,2148
3799.000,3799.000,40.00,2148
3800.000,3800.000,40.00,414
3801.000,3801.000,40.00,288
3802.000,3802.000,40.00,275
3803.000,3803.000,40.00,2017
3804.000,3804.000,40.00,908
3805.000,3805.000,40.00,0
3807.000,3807.000,40.00,279
3808.000,3808.000,40.00,1728
3809.000,3809.000,40.00,7
3810.000,3810.000,40.00,277
3811.000,3811.000,40.00,2214
3812.000,3812.000,40.00,234
3812.000,3812.000,40.00,234
3813.000,3813.000,40.00,0
3815.000,3815.000,40.00,280
3816.000,3816.000,40.00,0
3817.000,3817.000,40.00,1071
3818.000,3818.000,40.00,4
3819.000,3819.000,40.00,12
3819.000,3819.000,40.00,12
3820.000,3820.000,40.00,1364
3821.000,3821.000,40.00,0
3823.000,3823.000,40.00,277
3824.000,3824.000,40.00,978
3825.000,3825.000,40.00,277
3826.000,3826.000,40.00,0
3827.000,3827.000,40.00,1103
3828.000,3828.000,40.00,0
3828.000,3828.000,40.00,0
3829.000,3829.000,40.00,0
3831.000,3831.000,40.00,803
3832.000,3832.000,40.00,278
3833.000,3833.000,40.00,0
3834.000,3834.000,40.00,276
3835.000,3835.000,40.00,1131
3836.000,3836.000,40.00,0
3837.000,3837.000,40.00,273
3838.000,3838.000,40.00,913
3840.000,3840.000,40.00,67
3841.000,3841.000,40.00,19
3842.000,3842.000,40.00,279
3843.000,3843.000,40.00,0
3844.000,3844.000,40.00,2334
3845.000,3845.000,40.00,0
3846.000,3846.000,40.00,273
3848.000,3848.000,40.00,0
3849.000,3849.000,40.00,1653
3849.000,3849.000,40.00,1653
3850.000,3850.000,40.00,0
3851.000,3851.000,40.00,286
3852.000,3852.000,40.00,471
3853.000,3853.000,40.00,0
3855.000,3855.000,40.00,278
3856.000,3856.000,40.00,2069
3857.000,3857.000,40.00,0
3858.000,3858.000,40.00,78
3859.000,3859.000,40.00,34
3860.000,3860.000,40.00,67
3861.000,3861.000,40.00,2209
3861.000,3861.000,40.00,2209
3863.000,3863.000,40.00,280
3864.000,3864.000,40.00,0
3865.000,3865.000,40.00,279
3866.000,3866.000,40.00,1677
3867.000,3867.000,40.00,273
3868.000,3868.000,40.00,247
3869.000,3869.000,40.00,0
3871.000,3871.000,40.00,3009
3872.000,3872.000,40.00,280
3872.000,3872.000,40.00,280
3873.000,3873.000,40.00,0
3874.000,3874.000,40.00,332
3875.000,3875.000,40.00,0
3876.000,3876.000,40.00,1605
3878.000,3878.000,40.00,122
3879.000,3879.000,40.00,0
3880.000,3880.000,40.00,0
3881.000,3881.000,40.00,0
3882.000,3882.000,40.00,193
3883.000,3883.000,40.00,0
3884.000,3884.000,40.00,278
3885.000,3885.000,40.00,2109
3887.000,3887.000,40.00,5643
3888.000,3888.000,40.00,2812
3889.000,3889.000,40.00,0
3890.000,3890.000,40.00,274
3891.000,3891.000,40.00,1734
3893.000,3893.000,40.00,274
3894.000,3894.000,40.00,0
3895.000,3895.000,40.00,0
3896.000,3896.000,40.00,3601
3897.000,3897.000,40.00,0
3898.000,3898.000,40.00,278
3899.000,3899.000,40.00,0
3901.000,3901.000,40.00,4116
3902.000,3902.000,40.00,0
3903.000,3903.000,40.00,276
3904.000,3904.000,40.00,2800
3905.000,3905.000,40.00,0
3906.000,3906.000,40.00,273
3907.000,3907.000,40.00,0
3909.000,3909.000,40.00,1705
3910.000,3910.000,40.00,0
3911.000,3911.000,40.00,273
3912.000,3912.000,40.00,1422
3913.000,3913.000,40.00,276
3914.000,3914.000,40.00,0
3915.000,3915.000,40.00,0
3917.000,3917.000,40.00,2210
3918.000,3918.000,40.00,275
3919.000,3919.000,40.00,0
3920.000,3920.000,40.00,275
3921.000,3921.000,40.00,0
3922.000,3922.000,40.00,2112
3923.000,3923.000,40.00,0
3925.000,3925.000,40.00,271
3926.000,3926.000,40.00,2543
3927.000,3927.000,40.00,76
3928.000,3928.000,40.00,1567
3929.000,3929.000,40.00,0
3930.000,3930.000,40.00,274
3931.000,3931.000,40.00,0
3933.000,3933.000,40.00,1661
3934.000,3934.000,40.00,1
3935.000,3935.000,40.00,276
3936.000,3936.000,40.00,0
3937.000,3937.000,40.00,270
3938.000,3938.000,40.00,303
3939.000,3939.000,40.00,0
3941.000,3941.000,40.00,1521
3942.000,3942.000,40.00,0
3943.000,3943.000,40.00,276
3944.000,3944.000,40.00,0
3945.000,3945.000,40.00,301
3946.000,3946.000,40.00,393
3947.000,3947.000,40.00,0
3949.000,3949.000,40.00,1235
3950.000,3950.000,40.00,11
3951.000,3951.000,40.00,274
3952.000,3952.000,40.00,0
3953.000,3953.000,40.00,274
3954.000,3954.000,40.00,925
3955.000,3955.000,40.00,0
3957.000,3957.000,40.00,0
3958.000,3958.000,40.00,2251
3959.000,3959.000,40.00,0
3960.000,3960.000,40.00,273
3961.000,3961.000,40.00,0
3962.000,3962.000,40.00,277
3964.000,3964.000,40.00,2231
3965.000,3965.000,40.00,271
3966.000,3966.000,40.00,0
3967.000,3967.000,40.00,0
3968.000,3968.000,40.00,1260
3969.000,3969.000,40.00,0
3970.000,3970.000,40.00,1620
3971.000,3971.000,40.00,0
3973.000,3973.000,40.00,274
3974.000,3974.000,40.00,0
3975.000,3975.000,40.00,281
3976.000,3976.000,40.00,1624
3977.000,3977.000,40.00,274
3978.000,3978.000,40.00,275
3980.000,3980.000,40.00,0
3981.000,3981.000,40.00,2518
3982.000,3982.000,40.00,0
3983.000,3983.000,40.00,275
3984.000,3984.000,40.00,0
3985.000,3985.000,40.00,274
3986.000,3986.000,40.00,1926
3987.000,3987.000,40.00,0
3989.000,3989.000,40.00,3480
3990.000,3990.000,40.00,0
3991.000,3991.000,40.00,274
3992.000,3992.000,40.00,0
3993.000,3993.000,40.00,275
3994.000,3994.000,40.00,3317
3996.000,3996.000,40.00,0
3997.000,3997.000,40.00,1
3998.000,3998.000,40.00,1411
3999.000,3999.000,40.00,26
4000.000,4000.000,40.00,274
4001.000,4001.000,40.00,0
4002.000,4002.000,40.00,275
4003.000,4003.000,40.00,1554
4005.000,4005.000,40.00,275
4006.000,4006.000,40.00,0
4007.000,4007.000,40.00,915
4008.000,4008.000,40.00,272
4009.000,4009.000,40.00,0
4010.000,4010.000,40.00,4123
4011.000,4011.000,40.00,0
4013.000,4013.000,40.00,273
4014.000,4014.000,40.00,0
4015.000,4015.000,40.00,276
4016.000,4016.000,40.00,2937
4017.000,4017.000,40.00,273
4018.000,4018.000,40.00,274
4019.000,4019.000,40.00,0
4021.000,4021.000,40.00,4329
4022.000,4022.000,40.00,0
4023.000,4023.000,40.00,275
4024.000,4024.000,40.00,0
4025.000,4025.000,40.00,2163
4026.000,4026.000,40.00,0
4027.000,4027.000,40.00,102
4029.000,4029.000,40.00,269
4030.000,4030.000,40.00,276
4031.000,4031.000,40.00,0
4032.000,4032.000,40.00,2989
4033.000,4033.000,40.00,0
4034.000,4034.000,40.00,277
4035.000,4035.000,40.00,0
4037.000,4037.000,40.00,269
4038.000,4038.000,40.00,2211
4039.000,4039.000,40.00,1278
4039.000,4039.000,40.00,1278
4040.000,4040.000,40.00,273
4041.000,4041.000,40.00,0
4042.000,4042.000,40.00,273
4043.000,4043.000,40.00,0
4045.000,4045.000,40.00,1520
4046.000,4046.000,40.00,0
4047.000,4047.000,40.00,276
4048.000,4048.000,40.00,0
4049.000,4049.000,40.00,1552
4050.000,4050.000,40.00,276
4053.000,4053.000,40.00,268
4054.000,4054.000,40.00,1228
4055.000,4055.000,40.00,277
4056.000,4056.000,40.00,0
4057.000,4057.000,40.00,272
4058.000,4058.000,40.00,716
4059.000,4059.000,40.00,0
4059.000,4059.000,40.00,0
4061.000,4061.000,40.00,272
4062.000,4062.000,40.00,2227
4063.000,4063.000,40.00,277
4064.000,4064.000,40.00,0
4065.000,4065.000,40.00,275
4066.000,4066.000,40.00,277
4069.000,4069.000,40.00,272
4070.000,4070.000,40.00,0
4071.000,4071.000,40.00,273
4072.000,4072.000,40.00,2394
4073.000,4073.000,40.00,0
4074.000,4074.000,40.00,274
4075.000,4075.000,40.00,0
4077.000,4077.000,40.00,1884
4078.000,4078.000,40.00,1
4079.000,4079.000,40.00,1
4079.000,4079.000,40.00,1
4080.000,4080.000,40.00,2451
4081.000,4081.000,40.00,0
4082.000,4082.000,40.00,277
4083.000,4083.000,40.00,0
4085.000,4085.000,40.00,270
4086.000,4086.000,40.00,1847
4087.000,4087.000,40.00,272
4088.000,4088.000,40.00,0
4089.000,4089.000,40.00,2736
4089.000,4089.000,40.00,2736
4090.000,4090.000,40.00,0
4091.000,4091.000,40.00,0
4093.000,4093.000,40.00,277
4094.000,4094.000,40.00,2602
4095.000,4095.000,40.00,0
4096.000,4096.000,40.00,271
4097.000,4097.000,40.00,0
4097.000,4097.000,40.00,0
4098.000,4098.000,40.00,276
4099.000,4099.000,40.00,1349
4101.000,4101.000,40.00,273
4102.000,4102.000,40.00,0
4103.000,4103.000,40.00,1306
4104.000,4104.000,40.00,26
4104.000,4104.000,40.00,26
4105.000,4105.000,40.00,0
4106.000,4106.000,40.00,275
4107.000,4107.000,40.00,1334
4109.000,4109.000,40.00,0
4110.000,4110.000,40.00,277
4111.000,4111.000,40.00,2052
4111.000,4111.000,40.00,2052
4112.000,4112.000,40.00,0
4113.000,4113.000,40.00,277
4114.000,4114.000,40.00,2521
4115.000,4115.000,40.00,0
4117.000,4117.000,40.00,276
4118.000,4118.000,40.00,276
4118.000,4118.000,40.00,276
4119.000,4119.000,40.00,1625
4120.000,4120.000,40.00,0
4121.000,4121.000,40.00,278
4122.000,4122.000,40.00,0
4123.000,4123.000,40.00,278
4124.000,4124.000,40.00,558
4126.000,4126.000,40.00,156
4127.000,4127.000,40.00,0
4128.000,4128.000,40.00,278
4129.000,4129.000,40.00,2251
4130.000,4130.000,40.00,0
4131.000,4131.000,40.00,0
4132.000,4132.000,40.00,2070
4134.000,4134.000,40.00,0
4135.000,4135.000,40.00,287
4136.000,4136.000,40.00,2091
4137.000,4137.000,40.00,0
4138.000,4138.000,40.00,273
4139.000,4139.000,40.00,0
4140.000,4140.000,40.00,276
4142.000,4142.000,40.00,1684
4142.000,4142.000,40.00,1684
4143.000,4143.000,40.00,274
4144.000,4144.000,40.00,0
4145.000,4145.000,40.00,0
4146.000,4146.000,40.00,1733
4147.000,4147.000,40.00,0
4148.000,4148.000,40.00,270
4149.000,4149.000,40.00,0
4151.000,4151.000,40.00,1740
4152.000,4152.000,40.00,0
4152.000,4152.000,40.00,0
4153.000,4153.000,40.00,276
4154.000,4154.000,40.00,0
4155.000,4155.000,40.00,278
4156.000,4156.000,40.00,1241
4157.000,4157.000,40.00,274
4158.000,4158.000,40.00,279
4161.000,4161.000,40.00,1583
4162.000,4162.000,40.00,134
4163.000,4163.000,40.00,0
4164.000,4164.000,40.00,0
4165.000,4165.000,40.00,286
4166.000,4166.000,40.00,1177
4166.000,4166.000,40.00,1177
4167.000,4167.000,40.00,0
4168.000,4168.000,40.00,274
4170.000,4170.000,40.00,0
4171.000,4171.000,40.00,425
4172.000,4172.000,40.00,1586
4173.000,4173.000,40.00,0
4173.000,4173.000,40.00,0
4174.000,4174.000,40.00,277
4175.000,4175.000,40.00,4737
4176.000,4176.000,40.00,276
4177.000,4177.000,40.00,0
4178.000,4178.000,40.00,302
4180.000,4180.000,40.00,0
4180.000,4180.000,40.00,0
4181.000,4181.000,40.00,4623
4182.000,4182.000,40.00,0
4183.000,4183.000,40.00,275
4184.000,4184.000,40.00,0
4185.000,4185.000,40.00,277
4186.000,4186.000,40.00,4965
4188.000,4188.000,40.00,4
4189.000,4189.000,40.00,240
4189.000,4189.000,40.00,240
4190.000,4190.000,40.00,274
4191.000,4191.000,40.00,3873
4192.000,4192.000,40.00,277
4193.000,4193.000,40.00,0
4194.000,4194.000,40.00,274
4195.000,4195.000,40.00,4341
4197.000,4197.000,40.00,274
4198.000,4198.000,40.00,0
4199.000,4199.000,40.00,274
4199.000,4199.000,40.00,274
4200.000,4200.000,40.00,0
4201.000,4201.000,40.00,4927
4202.000,4202.000,40.00,0
4203.000,4203.000,40.00,276
4204.000,4204.000,40.00,272
4206.000,4206.000,40.00,1155
4207.000,4207.000,40.00,0
4208.000,4208.000,40.00,276
4209.000,4209.000,40.00,0
4210.000,4210.000,40.00,276
4211.000,4211.000,40.00,2358
4212.000,4212.000,40.00,274
4213.000,4213.000,40.00,0
4214.000,4214.000,40.00,276
4216.000,4216.000,40.00,0
4217.000,4217.000,40.00,2796
4218.000,4218.000,40.00,0
4219.000,4219.000,40.00,276
4220.000,4220.000,40.00,618
4220.000,4220.000,40.00,618
4221.000,4221.000,40.00,1
4222.000,4222.000,40.00,273
4223.000,4223.000,40.00,0
4225.000,4225.000,40.00,280
4226.000,4226.000,40.00,2885
4227.000,4227.000,40.00,271
4228.000,4228.000,40.00,0
4229.000,4229.000,40.00,274
4230.000,4230.000,40.00,0
4231.000,4231.000,40.00,2661
4232.000,4232.000,40.00,276
4232.000,4232.000,40.00,276
4233.000,4233.000,40.00,0
4235.000,4235.000,40.00,272
4236.000,4236.000,40.00,387
4237.000,4237.000,40.00,571
4238.000,4238.000,40.00,200
4239.000,4239.000,40.00,28
4240.000,4240.000,40.00,1057
4241.000,4241.000,40.00,1283
4241.000,4241.000,40.00,1283
4243.000,4243.000,40.00,320
4244.000,4244.000,40.00,0
4245.000,4245.000,40.00,284
4246.000,4246.000,40.00,2655
4247.000,4247.000,40.00,0
4248.000,4248.000,40.00,280
4249.000,4249.000,40.00,0
4250.000,4250.000,40.00,2402
4252.000,4252.000,40.00,0
4253.000,4253.000,40.00,272
4254.000,4254.000,40.00,0
4255.000,4255.000,40.00,1990
4256.000,4256.000,40.00,0
4257.000,4257.000,40.00,281
4258.000,4258.000,40.00,166
4259.000,4259.000,40.00,946
4260.000,4260.000,40.00,946
4261.000,4261.000,40.00,276
4262.000,4262.000,40.00,275
4263.000,4263.000,40.00,0
4264.000,4264.000,40.00,2103
4265.000,4265.000,40.00,0
4266.000,4266.000,40.00,279
4267.000,4267.000,40.00,0
4268.000,4268.000,40.00,1417
4270.000,4270.000,40.00,0
4271.000,4271.000,40.00,276
4271.000,4271.000,40.00,276
4272.000,4272.000,40.00,936
4273.000,4273.000,40.00,277
4274.000,4274.000,40.00,0
4275.000,4275.000,40.00,1328
4276.000,4276.000,40.00,0
4277.000,4277.000,40.00,0
4279.000,4279.000,40.00,1787
4280.000,4280.000,40.00,278
4280.000,4280.000,40.00,278
4281.000,4281.000,40.00,1303
4282.000,4282.000,40.00,279
4283.000,4283.000,40.00,0
4284.000,4284.000,40.00,1525
4285.000,4285.000,40.00,0
4286.000,4286.000,40.00,277
4288.000,4288.000,40.00,0
4288.000,4288.000,40.00,0
4289.000,4289.000,40.00,278
4290.000,4290.000,40.00,1654
4291.000,4291.000,40.00,276
4292.000,4292.000,40.00,0
4293.000,4293.000,40.00,272
4294.000,4294.000,40.00,2641
4295.000,4295.000,40.00,0
4295.000,4295.000,40.00,0
4296.000,4296.000,40.00,279
4298.000,4298.000,40.00,0
4299.000,4299.000,40.00,2156
4300.000,4300.000,40.00,0
4301.000,4301.000,40.00,271
4302.000,4302.000,40.00,0
4302.000,4302.000,40.00,0
4303.000,4303.000,40.00,466
4304.000,4304.000,40.00,275
4305.000,4305.000,40.00,0
4307.000,4307.000,40.00,1916
4308.000,4308.000,40.00,0
4308.000,4308.000,40.00,0
4309.000,4309.000,40.00,276
4310.000,4310.000,40.00,2020
4311.000,4311.000,40.00,0
4312.000,4312.000,40.00,272
4313.000,4313.000,40.00,0
4314.000,4314.000,40.00,0
4315.000,4315.000,40.00,1818
4316.000,4316.000,40.00,0
4317.000,4317.000,40.00,276
4318.000,4318.000,40.00,0
4319.000,4319.000,40.00,2019
4320.000,4320.000,40.00,0
4320.000,4320.000,40.00,0
4321.000,4321.000,40.00,279
4322.000,4322.000,40.00,100
4323.000,4323.000,40.00,543
4325.000,4325.000,40.00,1583
4326.000,4326.000,40.00,0
4327.000,4327.000,40.00,0
4327.000,4327.000,40.00,0
4328.000,4328.000,40.00,1381
4329.000,4329.000,40.00,0
4330.000,4330.000,40.00,277
4331.000,4331.000,40.00,0
4332.000,4332.000,40.00,274
4334.000,4334.000,40.00,2085
4334.000,4334.000,40.00,2085
4335.000,4335.000,40.00,281
4336.000,4336.000,40.00,0
4337.000,4337.000,40.00,273
4338.000,4338.000,40.00,0
4339.000,4339.000,40.00,1937
4340.000,4340.000,40.00,273
4340.000,4340.000,40.00,273
4341.000,4341.000,40.00,0
4342.000,4342.000,40.00,1612
4344.000,4344.000,40.00,29
4345.000,4345.000,40.00,282
4346.000,4346.000,40.00,918
4347.000,4347.000,40.00,0
4347.000,4347.000,40.00,0
4348.000,4348.000,40.00,273
4349.000,4349.000,40.00,0
4350.000,4350.000,40.00,1573
4351.000,4351.000,40.00,0
4353.000,4353.000,40.00,276
4354.000,4354.000,40.00,2105
4355.000,4355.000,40.00,277
4355.000,4355.000,40.00,277
4356.000,4356.000,40.00,0
4357.000,4357.000,40.00,279
4358.000,4358.000,40.00,0
4359.000,4359.000,40.00,2353
4360.000,4360.000,40.00,275
4362.000,4362.000,40.00,0
4362.000,4362.000,40.00,0
4363.000,4363.000,40.00,278
4364.000,4364.000,40.00,858
4365.000,4365.000,40.00,277
4366.000,4366.000,40.00,255
4367.000,4367.000,40.00,0
4368.000,4368.000,40.00,1804
4370.000,4370.000,40.00,0
4370.000,4370.000,40.00,0
4371.000,4371.000,40.00,277
4372.000,4372.000,40.00,0
4373.000,4373.000,40.00,273
4374.000,4374.000,40.00,1165
4375.000,4375.000,40.00,276
4376.000,4376.000,40.00,276
4377.000,4377.000,40.00,0
4379.000,4379.000,40.00,907
4380.000,4380.000,40.00,0
4381.000,4381.000,40.00,0
4382.000,4382.000,40.00,278
4383.000,4383.000,40.00,1549
4384.000,4384.000,40.00,277
4385.000,4385.000,40.00,0
4386.000,4386.000,40.00,277
4388.000,4388.000,40.00,0
4389.000,4389.000,40.00,2264
4390.000,4390.000,40.00,0
4391.000,4391.000,40.00,277
4392.000,4392.000,40.00,3091
4393.000,4393.000,40.00,0
4393.000,4393.000,40.00,0
4394.000,4394.000,40.00,277
4395.000,4395.000,40.00,0
4397.000,4397.000,40.00,275
4398.000,4398.000,40.00,2326
4399.000,4399.000,40.00,279
4400.000,4400.000,40.00,0
4400.000,4400.000,40.00,0
4401.000,4401.000,40.00,275
4402.000,4402.000,40.00,1685
4403.000,4403.000,40.00,0
4404.000,4404.000,40.00,273
4406.000,4406.000,40.00,0
4406.000,4406.000,40.00,0
4407.000,4407.000,40.00,1665
4408.000,4408.000,40.00,0
4409.000,4409.000,40.00,274
4410.000,4410.000,40.00,276
4411.000,4411.000,40.00,0
4412.000,4412.000,40.00,3275
4413.000,4413.000,40.00,0
4413.000,4413.000,40.00,0
4415.000,4415.000,40.00,275
4416.000,4416.000,40.00,0
4417.000,4417.000,40.00,3777
4418.000,4418.000,40.00,0
4419.000,4419.000,40.00,306
4420.000,4420.000,40.00,0
4420.000,4420.000,40.00,0
4421.000,4421.000,40.00,1242
4422.000,4422.000,40.00,316
4423.000,4423.000,40.00,0
4425.000,4425.000,40.00,275
4426.000,4426.000,40.00,0
4427.000,4427.000,40.00,1643
4427.000,4427.000,40.00,1643
4428.000,4428.000,40.00,0
4429.000,4429.000,40.00,273
4430.000,4430.000,40.00,0
4431.000,4431.000,40.00,1575
4433.000,4433.000,40.00,279
4434.000,4434.000,40.00,0
4435.000,4435.000,40.00,634
4435.000,4435.000,40.00,634
4436.000,4436.000,40.00,273
4437.000,4437.000,40.00,2114
4438.000,4438.000,40.00,34
4439.000,4439.000,40.00,0
4441.000,4441.000,40.00,279
4442.000,4442.000,40.00,0
4443.000,4443.000,40.00,829
4443.000,4443.000,40.00,829
4444.000,4444.000,40.00,0
4445.000,4445.000,40.00,0
4446.000,4446.000,40.00,2148
4447.000,4447.000,40.00,11
4449.000,4449.000,40.00,957
4450.000,4450.000,40.00,0
4450.000,4450.000,40.00,0
4451.000,4451.000,40.00,115
4452.000,4452.000,40.00,280
4453.000,4453.000,40.00,1048
4454.000,4454.000,40.00,271
4455.000,4455.000,40.00,0
4457.000,4457.000,40.00,275
4457.000,4457.000,40.00,275
4458.000,4458.000,40.00,0
4459.000,4459.000,40.00,6987
4460.000,4460.000,40.00,0
4461.000,4461.000,40.00,271
4462.000,4462.000,40.00,0
4463.000,4463.000,40.00,791
4465.000,4465.000,40.00,0
4465.000,4465.000,40.00,0
4466.000,4466.000,40.00,274
4467.000,4467.000,40.00,0
4468.000,4468.000,40.00,4400
4469.000,4469.000,40.00,0
4470.000,4470.000,40.00,275
4471.000,4471.000,40.00,0
4471.000,4471.000,40.00,0
4472.000,4472.000,40.00,2705
4474.000,4474.000,40.00,0
4475.000,4475.000,40.00,275
4476.000,4476.000,40.00,3495
4477.000,4477.000,40.00,270
4477.000,4477.000,40.00,270
4478.000,4478.000,40.00,0
4479.000,4479.000,40.00,302
4480.000,4480.000,40.00,1834
4482.000,4482.000,40.00,0
4483.000,4483.000,40.00,0
4483.000,4483.000,40.00,0
4484.000,4484.000,40.00,1166
4485.000,4485.000,40.00,0
4486.000,4486.000,40.00,275
4487.000,4487.000,40.00,0
4488.000,4488.000,40.00,4209
4490.000,4490.000,40.00,0
4490.000,4490.000,40.00,0
4491.000,4491.000,40.00,274
4492.000,4492.000,40.00,0
4493.000,4493.000,40.00,3458
4494.000,4494.000,40.00,0
4495.000,4495.000,40.00,0
4496.000,4496.000,40.00,2356
4499.000,4499.000,40.00,285
4500.000,4500.000,40.00,0
4501.000,4501.000,40.00,271
4502.000,4502.000,40.00,1496
4503.000,4503.000,40.00,277
4503.000,4503.000,40.00,277
4504.000,4504.000,40.00,0
4505.000,4505.000,40.00,1015
4507.000,4507.000,40.00,275
4508.000,4508.000,40.00,31
4509.000,4509.000,40.00,3457
4509.000,4509.000,40.00,3457
4510.000,4510.000,40.00,0
4511.000,4511.000,40.00,272
4512.000,4512.000,40.00,2720
4513.000,4513.000,40.00,0
4514.000,4514.000,40.00,273
4516.000,4516.000,40.00,0
4517.000,4517.000,40.00,0
4517.000,4517.000,40.00,0
4518.000,4518.000,40.00,274
4519.000,4519.000,40.00,3007
4520.000,4520.000,40.00,273
4521.000,4521.000,40.00,0
4522.000,4522.000,40.00,275
4524.000,4524.000,40.00,0
4525.000,4525.000,40.00,1926
4526.000,4526.000,40.00,0
4527.000,4527.000,40.00,271
4528.000,4528.000,40.00,1431
4528.000,4528.000,40.00,1431
4529.000,4529.000,40.00,0
4530.000,4530.000,40.00,276
4532.000,4532.000,40.00,0
4533.000,4533.000,40.00,271
4534.000,4534.000,40.00,2547
4535.000,4535.000,40.00,274
4536.000,4536.000,40.00,0
4536.000,4536.000,40.00,0
4537.000,4537.000,40.00,276
4538.000,4538.000,40.00,959
4540.000,4540.000,40.00,264
4541.000,4541.000,40.00,0
4542.000,4542.000,40.00,274
4543.000,4543.000,40.00,0
4544.000,4544.000,40.00,2221
4544.000,4544.000,40.00,2221
4545.000,4545.000,40.00,28
4546.000,4546.000,40.00,274
4547.000,4547.000,40.00,4186
4549.000,4549.000,40.00,271
4550.000,4550.000,40.00,0
4551.000,4551.000,40.00,275
4551.000,4551.000,40.00,275
4552.000,4552.000,40.00,2566
4553.000,4553.000,40.00,0
4554.000,4554.000,40.00,272
4555.000,4555.000,40.00,2305
4557.000,4557.000,40.00,271
4558.000,4558.000,40.00,0
4558.000,4558.000,40.00,0
4559.000,4559.000,40.00,278
4560.000,4560.000,40.00,0
4561.000,4561.000,40.00,1075
4562.000,4562.000,40.00,275
4563.000,4563.000,40.00,0
4565.000,4565.000,40.00,2461
4566.000,4566.000,40.00,0
4567.000,4567.000,40.00,276
4567.000,4567.000,40.00,276
4568.000,4568.000,40.00,0
4569.000,4569.000,40.00,274
4570.000,4570.000,40.00,2023
4571.000,4571.000,40.00,0
4573.000,4573.000,40.00,271
4574.000,4574.000,40.00,160
4575.000,4575.000,40.00,2740
4576.000,4576.000,40.00,274
4577.000,4577.000,40.00,0
4578.000,4578.000,40.00,274
4579.000,4579.000,40.00,0
4580.000,4580.000,40.00,3225
4582.000,4582.000,40.00,0
4583.000,4583.000,40.00,276
4584.000,4584.000,40.00,0
4585.000,4585.000,40.00,925
4586.000,4586.000,40.00,274
4587.000,4587.000,40.00,0
4589.000,4589.000,40.00,4312
4590.000,4590.000,40.00,0
4591.000,4591.000,40.00,272
4592.000,4592.000,40.00,0
4592.000,4592.000,40.00,0
4593.000,4593.000,40.00,2955
4594.000,4594.000,40.00,0
4595.000,4595.000,40.00,274
4597.000,4597.000,40.00,272
4598.000,4598.000,40.00,1455
4599.000,4599.000,40.00,25
4600.000,4600.000,40.00,2992
4601.000,4601.000,40.00,0
4602.000,4602.000,40.00,282
4603.000,4603.000,40.00,44
4604.000,4604.000,40.00,270
4605.000,4605.000,40.00,270
4606.000,4606.000,40.00,2929
4607.000,4607.000,40.00,281
4608.000,4608.000,40.00,0
4609.000,4609.000,40.00,0
4610.000,4610.000,40.00,2301
4611.000,4611.000,40.00,0
4612.000,4612.000,40.00,270
4614.000,4614.000,40.00,0
4615.000,4615.000,40.00,280
4616.000,4616.000,40.00,2288
4617.000,4617.000,40.00,274
4618.000,4618.000,40.00,0
4619.000,4619.000,40.00,273
4620.000,4620.000,40.00,1860
4621.000,4621.000,40.00,0
4623.000,4623.000,40.00,275
4624.000,4624.000,40.00,0
4625.000,4625.000,40.00,274
4626.000,4626.000,40.00,2569
4627.000,4627.000,40.00,0
4628.000,4628.000,40.00,273
4629.000,4629.000,40.00,0
4631.000,4631.000,40.00,2698
4632.000,4632.000,40.00,0
4633.000,4633.000,40.00,0
4634.000,4634.000,40.00,286
4635.000,4635.000,40.00,1394
4635.000,4635.000,40.00,1394
4636.000,4636.000,40.00,270
4637.000,4637.000,40.00,0
4639.000,4639.000,40.00,1702
4640.000,4640.000,40.00,0
4641.000,4641.000,40.00,273
4642.000,4642.000,40.00,0
4643.000,4643.000,40.00,276
4644.000,4644.000,40.00,2028
4644.000,4644.000,40.00,2028
4645.000,4645.000,40.00,0
4647.000,4647.000,40.00,275
4648.000,4648.000,40.00,0
4649.000,4649.000,40.00,2801
4650.000,4650.000,40.00,0
4651.000,4651.000,40.00,274
4652.000,4652.000,40.00,272
4652.000,4652.000,40.00,272
4653.000,4653.000,40.00,0
4655.000,4655.000,40.00,0
4656.000,4656.000,40.00,142
4657.000,4657.000,40.00,0
4658.000,4658.000,40.00,276
4659.000,4659.000,40.00,1706
4660.000,4660.000,40.00,187
4662.000,4662.000,40.00,0
4663.000,4663.000,40.00,275
4664.000,4664.000,40.00,2758
4665.000,4665.000,40.00,0
4666.000,4666.000,40.00,275
4667.000,4667.000,40.00,0
4668.000,4668.000,40.00,270
4670.000,4670.000,40.00,1911
4671.000,4671.000,40.00,273
4671.000,4671.000,40.00,273
4672.000,4672.000,40.00,176
4673.000,4673.000,40.00,0
4674.000,4674.000,40.00,2426
4675.000,4675.000,40.00,0
4676.000,4676.000,40.00,271
4678.000,4678.000,40.00,0
4679.000,4679.000,40.00,2748
4680.000,4680.000,40.00,0
4681.000,4681.000,40.00,275
4682.000,4682.000,40.00,0
4683.000,4683.000,40.00,1307
4684.000,4684.000,40.00,273
4686.000,4686.000,40.00,0
4687.000,4687.000,40.00,2188
4688.000,4688.000,40.00,0
4689.000,4689.000,40.00,273
4689.000,4689.000,40.00,273
4690.000,4690.000,40.00,3589
4691.000,4691.000,40.00,0
4692.000,4692.000,40.00,270
4694.000,4694.000,40.00,0
4695.000,4695.000,40.00,5709
4696.000,4696.000,40.00,0
4697.000,4697.000,40.00,0
4698.000,4698.000,40.00,275
4699.000,4699.000,40.00,5638
4700.000,4700.000,40.00,272
4701.000,4701.000,40.00,272
4702.000,4702.000,40.00,0
4703.000,4703.000,40.00,273
4704.000,4704.000,40.00,0
4705.000,4705.000,40.00,4433
4706.000,4706.000,40.00,0
4707.000,4707.000,40.00,271
4708.000,4708.000,40.00,143
4710.000,4710.000,40.00,0
4711.000,4711.000,40.00,273
4712.000,4712.000,40.00,0
4713.000,4713.000,40.00,278
4713.000,4713.000,40.00,278
4714.000,4714.000,40.00,5115
4715.000,4715.000,40.00,0
4716.000,4716.000,40.00,272
4718.000,4718.000,40.00,0
4719.000,4719.000,40.00,296
4720.000,4720.000,40.00,273
4721.000,4721.000,40.00,0
4722.000,4722.000,40.00,274
4723.000,4723.000,40.00,0
4724.000,4724.000,40.00,1626
4724.000,4724.000,40.00,1626
4726.000,4726.000,40.00,0
4727.000,4727.000,40.00,275
4728.000,4728.000,40.00,0
4729.000,4729.000,40.00,940
4730.000,4730.000,40.00,0
4731.000,4731.000,40.00,0
4732.000,4732.000,40.00,3754
4733.000,4733.000,40.00,0
4735.000,4735.000,40.00,273
4736.000,4736.000,40.00,0
4737.000,4737.000,40.00,274
4738.000,4738.000,40.00,4216
4739.000,4739.000,40.00,0
4740.000,4740.000,40.00,274
4740.000,4740.000,40.00,274
4741.000,4741.000,40.00,0
4743.000,4743.000,40.00,2921
4744.000,4744.000,40.00,0
4745.000,4745.000,40.00,0
4746.000,4746.000,40.00,2914
4747.000,4747.000,40.00,0
4748.000,4748.000,40.00,271
4749.000,4749.000,40.00,0
4751.000,4751.000,40.00,3164
4752.000,4752.000,40.00,0
4753.000,4753.000,40.00,276
4754.000,4754.000,40.00,0
4755.000,4755.000,40.00,276
4756.000,4756.000,40.00,995
4756.000,4756.000,40.00,995
4757.000,4757.000,40.00,0
4759.000,4759.000,40.00,274
4760.000,4760.000,40.00,2449
4761.000,4761.000,40.00,273
4762.000,4762.000,40.00,0
4763.000,4763.000,40.00,274
4764.000,4764.000,40.00,2631
4765.000,4765.000,40.00,0
4766.000,4766.000,40.00,276
4768.000,4768.000,40.00,0
4769.000,4769.000,40.00,0
4770.000,4770.000,40.00,277
4771.000,4771.000,40.00,0
4772.000,4772.000,40.00,1856
4773.000,4773.000,40.00,0
4774.000,4774.000,40.00,275
4776.000,4776.000,40.00,0
4777.000,4777.000,40.00,1898
4778.000,4778.000,40.00,0
4779.000,4779.000,40.00,300
4780.000,4780.000,40.00,273
4781.000,4781.000,40.00,936
4782.000,4782.000,40.00,274
4784.000,4784.000,40.00,44
4785.000,4785.000,40.00,275
4786.000,4786.000,40.00,0
4787.000,4787.000,40.00,733
4788.000,4788.000,40.00,0
4789.000,4789.000,40.00,889
4790.000,4790.000,40.00,273
4792.000,4792.000,40.00,0
4793.000,4793.000,40.00,276
4794.000,4794.000,40.00,1097
4795.000,4795.000,40.00,0
4796.000,4796.000,40.00,272
4797.000,4797.000,40.00,0
4798.000,4798.000,40.00,1603
4800.000,4800.000,40.00,0
4801.000,4801.000,40.00,1865
4802.000,4802.000,40.00,6
4803.000,4803.000,40.00,31
4804.000,4804.000,40.00,56
4805.000,4805.000,40.00,0
4806.000,4806.000,40.00,0
4807.000,4807.000,40.00,0
4808.000,4808.000,40.00,18
4810.000,4810.000,40.00,4
4811.000,4811.000,40.00,0
4812.000,4812.000,40.00,0
4813.000,4813.000,40.00,0
4814.000,4814.000,40.00,1
4815.000,4815.000,40.00,2
