since,relative_seconds,rtt,bandwidth_kbps
0.000,0.000,40.00,0
1.000,1.000,40.00,4
1.000,1.000,40.00,4
2.000,2.000,40.00,0
3.000,3.000,40.00,0
5.000,5.000,40.00,0
6.000,6.000,40.00,4824
7.000,7.000,40.00,18095
8.000,8.000,40.00,6853
9.000,9.000,40.00,29203
10.000,10.000,40.00,69666
11.000,11.000,40.00,64365
13.000,13.000,40.00,67191
14.000,14.000,40.00,47591
15.000,15.000,40.00,56
16.000,16.000,40.00,65
17.000,17.000,40.00,11103
18.000,18.000,40.00,48290
19.000,19.000,40.00,63308
20.000,20.000,40.00,63223
21.000,21.000,40.00,66328
22.000,22.000,40.00,60558
24.000,24.000,40.00,65016
25.000,25.000,40.00,62097
26.000,26.000,40.00,63277
27.000,27.000,40.00,21913
29.000,29.000,40.00,58381
30.000,30.000,40.00,41272
31.000,31.000,40.00,0
32.000,32.000,40.00,10842
33.000,33.000,40.00,0
35.000,35.000,40.00,5368
36.000,36.000,40.00,10559
37.000,37.000,40.00,0
38.000,38.000,40.00,10660
39.000,39.000,40.00,0
41.000,41.000,40.00,8491
42.000,42.000,40.00,10921
43.000,43.000,40.00,0
44.000,44.000,40.00,9985
45.000,45.000,40.00,263
47.000,47.000,40.00,3607
48.000,48.000,40.00,9247
49.000,49.000,40.00,0
50.000,50.000,40.00,11109
51.000,51.000,40.00,0
53.000,53.000,40.00,5227
54.000,54.000,40.00,11042
55.000,55.000,40.00,0
56.000,56.000,40.00,10032
58.000,58.000,40.00,1359
59.000,59.000,40.00,1889
60.000,60.000,40.00,8178
61.000,61.000,40.00,22
62.000,62.000,40.00,12774
64.000,64.000,40.00,321
65.000,65.000,40.00,0
66.000,66.000,40.00,10593
67.000,67.000,40.00,0
68.000,68.000,40.00,10405
70.000,70.000,40.00,5253
71.000,71.000,40.00,0
72.000,72.000,40.00,9400
73.000,73.000,40.00,0
74.000,74.000,40.00,9821
76.000,76.000,40.00,0
77.000,77.000,40.00,4603
78.000,78.000,40.00,10724
79.000,79.000,40.00,0
80.000,80.000,40.00,7216
82.000,82.000,40.00,0
83.000,83.000,40.00,5343
84.000,84.000,40.00,10915
85.000,85.000,40.00,0
86.000,86.000,40.00,11939
88.000,88.000,40.00,3783
89.000,89.000,40.00,1459
90.000,90.000,40.00,10598
91.000,91.000,40.00,0
92.000,92.000,40.00,10415
94.000,94.000,40.00,164
95.000,95.000,40.00,2280
96.000,96.000,40.00,9431
97.000,97.000,40.00,0
99.000,99.000,40.00,11217
100.000,100.000,40.00,7311
101.000,101.000,40.00,0
102.000,102.000,40.00,10473
103.000,103.000,40.00,0
105.000,105.000,40.00,10235
106.000,106.000,40.00,4568
107.000,107.000,40.00,0
108.000,108.000,40.00,10614
109.000,109.000,40.00,0
111.000,111.000,40.00,9425
112.000,112.000,40.00,8322
113.000,113.000,40.00,0
114.000,114.000,40.00,12254
115.000,115.000,40.00,0
117.000,117.000,40.00,9585
118.000,118.000,40.00,5020
119.000,119.000,40.00,0
120.000,120.000,40.00,10128
121.000,121.000,40.00,0
123.000,123.000,40.00,9881
124.000,124.000,40.00,5528
125.000,125.000,40.00,722
126.000,126.000,40.00,9870
127.000,127.000,40.00,0
129.000,129.000,40.00,10532
130.000,130.000,40.00,4270
131.000,131.000,40.00,128
132.000,132.000,40.00,10220
133.000,133.000,40.00,0
135.000,135.000,40.00,10587
136.000,136.000,40.00,10679
137.000,137.000,40.00,0
138.000,138.000,40.00,9980
139.000,139.000,40.00,0
141.000,141.000,40.00,10477
142.000,142.000,40.00,7809
143.000,143.000,40.00,0
144.000,144.000,40.00,10624
145.000,145.000,40.00,0
147.000,147.000,40.00,9435
148.000,148.000,40.00,11046
149.000,149.000,40.00,0
150.000,150.000,40.00,10624
152.000,152.000,40.00,0
153.000,153.000,40.00,5022
154.000,154.000,40.00,10316
155.000,155.000,40.00,0
156.000,156.000,40.00,10343
158.000,158.000,40.00,0
159.000,159.000,40.00,6225
160.000,160.000,40.00,10633
161.000,161.000,40.00,0
162.000,162.000,40.00,10575
164.000,164.000,40.00,0
165.000,165.000,40.00,3224
166.000,166.000,40.00,9887
167.000,167.000,40.00,0
168.000,168.000,40.00,11441
170.000,170.000,40.00,452
171.000,171.000,40.00,1700
172.000,172.000,40.00,8179
173.000,173.000,40.00,0
175.000,175.000,40.00,11720
176.000,176.000,40.00,6115
177.000,177.000,40.00,0
178.000,178.000,40.00,11028
179.000,179.000,40.00,0
180.000,180.000,40.00,10586
182.000,182.000,40.00,417
183.000,183.000,40.00,4162
184.000,184.000,40.00,9984
185.000,185.000,40.00,0
187.000,187.000,40.00,11890
188.000,188.000,40.00,7140
189.000,189.000,40.00,0
190.000,190.000,40.00,2609
191.000,191.000,40.00,13962
193.000,193.000,40.00,78
194.000,194.000,40.00,7952
195.000,195.000,40.00,0
196.000,196.000,40.00,10878
197.000,197.000,40.00,0
199.000,199.000,40.00,10776
200.000,200.000,40.00,10001
201.000,201.000,40.00,0
202.000,202.000,40.00,10338
203.000,203.000,40.00,0
205.000,205.000,40.00,10491
206.000,206.000,40.00,6161
207.000,207.000,40.00,35
208.000,208.000,40.00,10557
209.000,209.000,40.00,0
211.000,211.000,40.00,9162
212.000,212.000,40.00,7150
213.000,213.000,40.00,0
214.000,214.000,40.00,9518
215.000,215.000,40.00,0
217.000,217.000,40.00,11648
218.000,218.000,40.00,7464
219.000,219.000,40.00,0
220.000,220.000,40.00,10767
221.000,221.000,40.00,0
223.000,223.000,40.00,6021
224.000,224.000,40.00,10425
225.000,225.000,40.00,0
226.000,226.000,40.00,9675
228.000,228.000,40.00,0
229.000,229.000,40.00,5461
230.000,230.000,40.00,10324
231.000,231.000,40.00,0
232.000,232.000,40.00,10003
234.000,234.000,40.00,691
235.000,235.000,40.00,3223
236.000,236.000,40.00,11285
237.000,237.000,40.00,0
238.000,238.000,40.00,9170
240.000,240.000,40.00,110
241.000,241.000,40.00,1717
242.000,242.000,40.00,8400
243.000,243.000,40.00,0
244.000,244.000,40.00,13709
246.000,246.000,40.00,1532
247.000,247.000,40.00,5299
248.000,248.000,40.00,11640
249.000,249.000,40.00,3
250.000,250.000,40.00,7455
252.000,252.000,40.00,0
253.000,253.000,40.00,4198
254.000,254.000,40.00,7705
255.000,255.000,40.00,0
256.000,256.000,40.00,13947
258.000,258.000,40.00,843
259.000,259.000,40.00,2540
260.000,260.000,40.00,10619
261.000,261.000,40.00,0
262.000,262.000,40.00,11317
264.000,264.000,40.00,932
265.000,265.000,40.00,2381
266.000,266.000,40.00,8745
267.000,267.000,40.00,33
268.000,268.000,40.00,9383
270.000,270.000,40.00,0
271.000,271.000,40.00,4375
272.000,272.000,40.00,13907
273.000,273.000,40.00,0
274.000,274.000,40.00,10332
276.000,276.000,40.00,684
277.000,277.000,40.00,5506
278.000,278.000,40.00,9035
279.000,279.000,40.00,0
280.000,280.000,40.00,11174
282.000,282.000,40.00,0
283.000,283.000,40.00,9350
284.000,284.000,40.00,6877
285.000,285.000,40.00,0
286.000,286.000,40.00,14054
288.000,288.000,40.00,0
289.000,289.000,40.00,5263
290.000,290.000,40.00,8253
291.000,291.000,40.00,0
292.000,292.000,40.00,12257
294.000,294.000,40.00,0
295.000,295.000,40.00,8745
296.000,296.000,40.00,10274
297.000,297.000,40.00,0
298.000,298.000,40.00,10975
300.000,300.000,40.00,132
301.000,301.000,40.00,4129
302.000,302.000,40.00,7502
303.000,303.000,40.00,0
304.000,304.000,40.00,11393
306.000,306.000,40.00,837
307.000,307.000,40.00,2098
308.000,308.000,40.00,10086
309.000,309.000,40.00,0
310.000,310.000,40.00,10129
312.000,312.000,40.00,0
313.000,313.000,40.00,4754
314.000,314.000,40.00,8711
315.000,315.000,40.00,0
316.000,316.000,40.00,10569
318.000,318.000,40.00,11
319.000,319.000,40.00,7042
320.000,320.000,40.00,9104
321.000,321.000,40.00,0
322.000,322.000,40.00,11942
324.000,324.000,40.00,654
325.000,325.000,40.00,19517
326.000,326.000,40.00,0
327.000,327.000,40.00,34
328.000,328.000,40.00,9270
330.000,330.000,40.00,2760
331.000,331.000,40.00,982
332.000,332.000,40.00,10670
333.000,333.000,40.00,1
334.000,334.000,40.00,10953
336.000,336.000,40.00,746
337.000,337.000,40.00,2095
338.000,338.000,40.00,10873
339.000,339.000,40.00,0
341.000,341.000,40.00,9708
342.000,342.000,40.00,5466
343.000,343.000,40.00,0
344.000,344.000,40.00,10731
345.000,345.000,40.00,0
347.000,347.000,40.00,9502
348.000,348.000,40.00,9219
349.000,349.000,40.00,0
350.000,350.000,40.00,10660
352.000,352.000,40.00,0
353.000,353.000,40.00,4422
354.000,354.000,40.00,10882
355.000,355.000,40.00,0
356.000,356.000,40.00,10831
358.000,358.000,40.00,10
359.000,359.000,40.00,3297
360.000,360.000,40.00,10458
361.000,361.000,40.00,0
362.000,362.000,40.00,10572
364.000,364.000,40.00,0
365.000,365.000,40.00,4087
366.000,366.000,40.00,10784
367.000,367.000,40.00,0
368.000,368.000,40.00,10307
370.000,370.000,40.00,153
371.000,371.000,40.00,3979
372.000,372.000,40.00,11377
373.000,373.000,40.00,0
374.000,374.000,40.00,10450
376.000,376.000,40.00,149
377.000,377.000,40.00,742
378.000,378.000,40.00,11283
379.000,379.000,40.00,0
380.000,380.000,40.00,10793
382.000,382.000,40.00,132
383.000,383.000,40.00,5626
384.000,384.000,40.00,10826
385.000,385.000,40.00,0
386.000,386.000,40.00,10920
388.000,388.000,40.00,42
389.000,389.000,40.00,5525
390.000,390.000,40.00,10578
391.000,391.000,40.00,0
392.000,392.000,40.00,9441
394.000,394.000,40.00,0
395.000,395.000,40.00,1757
396.000,396.000,40.00,8883
397.000,397.000,40.00,0
398.000,398.000,40.00,10175
400.000,400.000,40.00,835
401.000,401.000,40.00,5857
402.000,402.000,40.00,11034
403.000,403.000,40.00,0
404.000,404.000,40.00,11260
406.000,406.000,40.00,0
407.000,407.000,40.00,6773
408.000,408.000,40.00,10701
409.000,409.000,40.00,0
410.000,410.000,40.00,10685
412.000,412.000,40.00,3730
413.000,413.000,40.00,1346
414.000,414.000,40.00,10556
415.000,415.000,40.00,0
416.000,416.000,40.00,10636
418.000,418.000,40.00,715
419.000,419.000,40.00,16832
420.000,420.000,40.00,0
421.000,421.000,40.00,0
423.000,423.000,40.00,10434
424.000,424.000,40.00,2574
425.000,425.000,40.00,0
426.000,426.000,40.00,9823
427.000,427.000,40.00,0
429.000,429.000,40.00,8833
430.000,430.000,40.00,4757
431.000,431.000,40.00,0
432.000,432.000,40.00,9665
433.000,433.000,40.00,0
434.000,434.000,40.00,9786
436.000,436.000,40.00,2570
437.000,437.000,40.00,713
438.000,438.000,40.00,9456
439.000,439.000,40.00,0
440.000,440.000,40.00,10570
442.000,442.000,40.00,122
443.000,443.000,40.00,4407
444.000,444.000,40.00,1345
445.000,445.000,40.00,16052
446.000,446.000,40.00,0
448.000,448.000,40.00,2259
449.000,449.000,40.00,3005
450.000,450.000,40.00,11122
451.000,451.000,40.00,0
452.000,452.000,40.00,11200
454.000,454.000,40.00,1171
455.000,455.000,40.00,4324
456.000,456.000,40.00,10347
457.000,457.000,40.00,0
458.000,458.000,40.00,10073
460.000,460.000,40.00,0
461.000,461.000,40.00,11378
462.000,462.000,40.00,8886
463.000,463.000,40.00,0
464.000,464.000,40.00,11532
466.000,466.000,40.00,0
467.000,467.000,40.00,6682
468.000,468.000,40.00,6936
469.000,469.000,40.00,0
470.000,470.000,40.00,13446
471.000,471.000,40.00,0
473.000,473.000,40.00,7429
474.000,474.000,40.00,3269
475.000,475.000,40.00,1
476.000,476.000,40.00,10244
478.000,478.000,40.00,659
479.000,479.000,40.00,7751
480.000,480.000,40.00,9189
481.000,481.000,40.00,0
482.000,482.000,40.00,9274
484.000,484.000,40.00,0
485.000,485.000,40.00,8980
486.000,486.000,40.00,7899
487.000,487.000,40.00,0
488.000,488.000,40.00,11485
489.000,489.000,40.00,0
491.000,491.000,40.00,6938
492.000,492.000,40.00,5531
493.000,493.000,40.00,0
494.000,494.000,40.00,11238
495.000,495.000,40.00,0
497.000,497.000,40.00,9869
498.000,498.000,40.00,9673
499.000,499.000,40.00,0
500.000,500.000,40.00,10425
501.000,501.000,40.00,0
503.000,503.000,40.00,11134
504.000,504.000,40.00,8052
505.000,505.000,40.00,0
506.000,506.000,40.00,10847
507.000,507.000,40.00,34
509.000,509.000,40.00,10620
510.000,510.000,40.00,1817
511.000,511.000,40.00,1687
512.000,512.000,40.00,11349
513.000,513.000,40.00,0
515.000,515.000,40.00,9163
516.000,516.000,40.00,3199
517.000,517.000,40.00,3682
518.000,518.000,40.00,11138
519.000,519.000,40.00,0
520.000,520.000,40.00,9034
522.000,522.000,40.00,2005
523.000,523.000,40.00,4367
524.000,524.000,40.00,10358
525.000,525.000,40.00,0
526.000,526.000,40.00,10264
528.000,528.000,40.00,2346
529.000,529.000,40.00,5397
530.000,530.000,40.00,10866
531.000,531.000,40.00,0
532.000,532.000,40.00,6182
534.000,534.000,40.00,562
535.000,535.000,40.00,7131
536.000,536.000,40.00,7846
537.000,537.000,40.00,3192
538.000,538.000,40.00,3386
540.000,540.000,40.00,2664
541.000,541.000,40.00,2938
542.000,542.000,40.00,837
543.000,543.000,40.00,387
545.000,545.000,40.00,166
546.000,546.000,40.00,1288
547.000,547.000,40.00,456
548.000,548.000,40.00,146
549.000,549.000,40.00,11
551.000,551.000,40.00,110
552.000,552.000,40.00,0
553.000,553.000,40.00,1
554.000,554.000,40.00,0
555.000,555.000,40.00,0
557.000,557.000,40.00,11
558.000,558.000,40.00,0
559.000,559.000,40.00,0
560.000,560.000,40.00,0
561.000,561.000,40.00,0
563.000,563.000,40.00,0
564.000,564.000,40.00,1
565.000,565.000,40.00,277
566.000,566.000,40.00,3783
568.000,568.000,40.00,61871
569.000,569.000,40.00,31799
570.000,570.000,40.00,10113
571.000,571.000,40.00,0
573.000,573.000,40.00,13413
574.000,574.000,40.00,11504
575.000,575.000,40.00,0
576.000,576.000,40.00,10278
577.000,577.000,40.00,0
579.000,579.000,40.00,11293
580.000,580.000,40.00,7474
581.000,581.000,40.00,0
582.000,582.000,40.00,8470
583.000,583.000,40.00,0
584.000,584.000,40.00,10933
586.000,586.000,40.00,5319
587.000,587.000,40.00,113
588.000,588.000,40.00,11657
589.000,589.000,40.00,0
591.000,591.000,40.00,599
592.000,592.000,40.00,10619
593.000,593.000,40.00,0
594.000,594.000,40.00,9543
595.000,595.000,40.00,0
597.000,597.000,40.00,9544
598.000,598.000,40.00,0
599.000,599.000,40.00,0
600.000,600.000,40.00,10375
601.000,601.000,40.00,0
603.000,603.000,40.00,10384
604.000,604.000,40.00,11636
605.000,605.000,40.00,0
606.000,606.000,40.00,12274
607.000,607.000,40.00,0
609.000,609.000,40.00,10805
610.000,610.000,40.00,10473
611.000,611.000,40.00,0
612.000,612.000,40.00,11006
613.000,613.000,40.00,0
615.000,615.000,40.00,1549
616.000,616.000,40.00,6846
617.000,617.000,40.00,0
618.000,618.000,40.00,10712
620.000,620.000,40.00,0
621.000,621.000,40.00,36
622.000,622.000,40.00,13997
623.000,623.000,40.00,1
624.000,624.000,40.00,12026
625.000,625.000,40.00,0
627.000,627.000,40.00,8894
628.000,628.000,40.00,10109
629.000,629.000,40.00,0
630.000,630.000,40.00,10201
631.000,631.000,40.00,0
633.000,633.000,40.00,1661
634.000,634.000,40.00,10288
635.000,635.000,40.00,0
636.000,636.000,40.00,9553
637.000,637.000,40.00,0
639.000,639.000,40.00,7937
640.000,640.000,40.00,9606
641.000,641.000,40.00,0
642.000,642.000,40.00,12129
643.000,643.000,40.00,0
645.000,645.000,40.00,0
646.000,646.000,40.00,12063
647.000,647.000,40.00,0
648.000,648.000,40.00,11200
649.000,649.000,40.00,0
651.000,651.000,40.00,7416
652.000,652.000,40.00,9027
653.000,653.000,40.00,0
654.000,654.000,40.00,6143
655.000,655.000,40.00,0
657.000,657.000,40.00,10873
658.000,658.000,40.00,4528
659.000,659.000,40.00,2136
660.000,660.000,40.00,3964
661.000,661.000,40.00,0
663.000,663.000,40.00,9177
664.000,664.000,40.00,10779
665.000,665.000,40.00,0
666.000,666.000,40.00,5647
667.000,667.000,40.00,0
669.000,669.000,40.00,6189
670.000,670.000,40.00,9755
671.000,671.000,40.00,0
672.000,672.000,40.00,10675
673.000,673.000,40.00,0
674.000,674.000,40.00,12824
676.000,676.000,40.00,6930
677.000,677.000,40.00,0
678.000,678.000,40.00,11143
679.000,679.000,40.00,0
680.000,680.000,40.00,10075
682.000,682.000,40.00,11865
683.000,683.000,40.00,0
684.000,684.000,40.00,13059
685.000,685.000,40.00,0
686.000,686.000,40.00,10884
688.000,688.000,40.00,4701
689.000,689.000,40.00,0
690.000,690.000,40.00,8643
691.000,691.000,40.00,0
692.000,692.000,40.00,11462
694.000,694.000,40.00,0
695.000,695.000,40.00,5038
696.000,696.000,40.00,8592
697.000,697.000,40.00,0
698.000,698.000,40.00,11077
700.000,700.000,40.00,0
701.000,701.000,40.00,0
702.000,702.000,40.00,10633
703.000,703.000,40.00,0
704.000,704.000,40.00,10848
706.000,706.000,40.00,0
707.000,707.000,40.00,0
708.000,708.000,40.00,10453
709.000,709.000,40.00,0
710.000,710.000,40.00,10273
712.000,712.000,40.00,0
713.000,713.000,40.00,0
714.000,714.000,40.00,6521
715.000,715.000,40.00,0
716.000,716.000,40.00,10585
718.000,718.000,40.00,0
719.000,719.000,40.00,824
720.000,720.000,40.00,12944
721.000,721.000,40.00,0
722.000,722.000,40.00,12129
724.000,724.000,40.00,0
725.000,725.000,40.00,5410
726.000,726.000,40.00,10120
727.000,727.000,40.00,0
728.000,728.000,40.00,10449
730.000,730.000,40.00,658
731.000,731.000,40.00,0
732.000,732.000,40.00,3673
733.000,733.000,40.00,2956
734.000,734.000,40.00,9511
736.000,736.000,40.00,0
737.000,737.000,40.00,0
738.000,738.000,40.00,8522
739.000,739.000,40.00,0
740.000,740.000,40.00,11296
741.000,741.000,40.00,111
743.000,743.000,40.00,0
744.000,744.000,40.00,859
745.000,745.000,40.00,268
746.000,746.000,40.00,880
747.000,747.000,40.00,32
749.000,749.000,40.00,272
750.000,750.000,40.00,422
751.000,751.000,40.00,273
752.000,752.000,40.00,197
754.000,754.000,40.00,399
755.000,755.000,40.00,278
756.000,756.000,40.00,261
757.000,757.000,40.00,279
758.000,758.000,40.00,439
760.000,760.000,40.00,194
761.000,761.000,40.00,270
762.000,762.000,40.00,352
763.000,763.000,40.00,0
765.000,765.000,40.00,443
766.000,766.000,40.00,868
767.000,767.000,40.00,273
768.000,768.000,40.00,1233
769.000,769.000,40.00,0
771.000,771.000,40.00,1152
772.000,772.000,40.00,1085
773.000,773.000,40.00,0
774.000,774.000,40.00,1207
775.000,775.000,40.00,0
777.000,777.000,40.00,270
778.000,778.000,40.00,1078
779.000,779.000,40.00,273
780.000,780.000,40.00,1334
782.000,782.000,40.00,0
783.000,783.000,40.00,0
784.000,784.000,40.00,1428
785.000,785.000,40.00,0
786.000,786.000,40.00,1221
787.000,787.000,40.00,0
789.000,789.000,40.00,274
790.000,790.000,40.00,769
791.000,791.000,40.00,0
792.000,792.000,40.00,1502
793.000,793.000,40.00,0
795.000,795.000,40.00,0
796.000,796.000,40.00,1599
797.000,797.000,40.00,274
798.000,798.000,40.00,2055
800.000,800.000,40.00,0
801.000,801.000,40.00,280
802.000,802.000,40.00,1795
803.000,803.000,40.00,273
804.000,804.000,40.00,420
806.000,806.000,40.00,0
807.000,807.000,40.00,0
808.000,808.000,40.00,31
809.000,809.000,40.00,0
811.000,811.000,40.00,0
812.000,812.000,40.00,0
813.000,813.000,40.00,0
814.000,814.000,40.00,0
815.000,815.000,40.00,0
817.000,817.000,40.00,0
818.000,818.000,40.00,0
819.000,819.000,40.00,0
821.000,821.000,40.00,0
822.000,822.000,40.00,0
823.000,823.000,40.00,0
824.000,824.000,40.00,0
825.000,825.000,40.00,0
827.000,827.000,40.00,0
828.000,828.000,40.00,0
829.000,829.000,40.00,0
830.000,830.000,40.00,0
832.000,832.000,40.00,0
833.000,833.000,40.00,0
834.000,834.000,40.00,0
835.000,835.000,40.00,0
836.000,836.000,40.00,0
838.000,838.000,40.00,0
839.000,839.000,40.00,0
840.000,840.000,40.00,0
841.000,841.000,40.00,0
842.000,842.000,40.00,0
844.000,844.000,40.00,0
845.000,845.000,40.00,0
846.000,846.000,40.00,0
847.000,847.000,40.00,0
848.000,848.000,40.00,0
850.000,850.000,40.00,0
851.000,851.000,40.00,0
852.000,852.000,40.00,0
853.000,853.000,40.00,0
855.000,855.000,40.00,0
856.000,856.000,40.00,0
857.000,857.000,40.00,0
858.000,858.000,40.00,0
860.000,860.000,40.00,0
861.000,861.000,40.00,0
862.000,862.000,40.00,0
863.000,863.000,40.00,87
864.000,864.000,40.00,0
866.000,866.000,40.00,0
867.000,867.000,40.00,0
868.000,868.000,40.00,4
869.000,869.000,40.00,0
870.000,870.000,40.00,0
872.000,872.000,40.00,0
873.000,873.000,40.00,0
874.000,874.000,40.00,0
875.000,875.000,40.00,0
877.000,877.000,40.00,0
878.000,878.000,40.00,0
879.000,879.000,40.00,0
880.000,880.000,40.00,0
881.000,881.000,40.00,0
883.000,883.000,40.00,0
884.000,884.000,40.00,0
885.000,885.000,40.00,0
886.000,886.000,40.00,0
888.000,888.000,40.00,0
889.000,889.000,40.00,0
890.000,890.000,40.00,0
891.000,891.000,40.00,0
892.000,892.000,40.00,0
894.000,894.000,40.00,0
895.000,895.000,40.00,0
896.000,896.000,40.00,0
897.000,897.000,40.00,0
898.000,898.000,40.00,0
900.000,900.000,40.00,0
901.000,901.000,40.00,0
902.000,902.000,40.00,0
903.000,903.000,40.00,0
904.000,904.000,40.00,0
906.000,906.000,40.00,0
907.000,907.000,40.00,0
908.000,908.000,40.00,0
909.000,909.000,40.00,0
910.000,910.000,40.00,0
912.000,912.000,40.00,0
913.000,913.000,40.00,0
914.000,914.000,40.00,0
915.000,915.000,40.00,1
917.000,917.000,40.00,0
918.000,918.000,40.00,0
919.000,919.000,40.00,43
920.000,920.000,40.00,7
921.000,921.000,40.00,3
922.000,922.000,40.00,0
924.000,924.000,40.00,0
925.000,925.000,40.00,2
926.000,926.000,40.00,0
927.000,927.000,40.00,533
928.000,928.000,40.00,0
930.000,930.000,40.00,0
931.000,931.000,40.00,0
932.000,932.000,40.00,0
933.000,933.000,40.00,0
935.000,935.000,40.00,0
936.000,936.000,40.00,0
937.000,937.000,40.00,0
938.000,938.000,40.00,0
940.000,940.000,40.00,0
941.000,941.000,40.00,0
942.000,942.000,40.00,0
943.000,943.000,40.00,2609
944.000,944.000,40.00,94604
945.000,945.000,40.00,128738
946.000,946.000,40.00,169988
947.000,947.000,40.00,64754
948.000,948.000,40.00,98623
950.000,950.000,40.00,186979
951.000,951.000,40.00,84512
952.000,952.000,40.00,2013
953.000,953.000,40.00,12867
954.000,954.000,40.00,0
955.000,955.000,40.00,10303
956.000,956.000,40.00,0
957.000,957.000,40.00,10423
958.000,958.000,40.00,31
959.000,959.000,40.00,10401
960.000,960.000,40.00,0
962.000,962.000,40.00,10025
963.000,963.000,40.00,0
964.000,964.000,40.00,10224
965.000,965.000,40.00,0
966.000,966.000,40.00,3826
967.000,967.000,40.00,10486
968.000,968.000,40.00,182
969.000,969.000,40.00,11023
970.000,970.000,40.00,0
971.000,971.000,40.00,10060
972.000,972.000,40.00,0
974.000,974.000,40.00,4927
975.000,975.000,40.00,14764
976.000,976.000,40.00,0
977.000,977.000,40.00,0
978.000,978.000,40.00,10005
979.000,979.000,40.00,10423
980.000,980.000,40.00,0
981.000,981.000,40.00,9591
982.000,982.000,40.00,0
983.000,983.000,40.00,8112
984.000,984.000,40.00,0
986.000,986.000,40.00,8546
987.000,987.000,40.00,0
988.000,988.000,40.00,10772
989.000,989.000,40.00,2493
990.000,990.000,40.00,0
991.000,991.000,40.00,10603
992.000,992.000,40.00,0
993.000,993.000,40.00,11307
994.000,994.000,40.00,0
995.000,995.000,40.00,10333
996.000,996.000,40.00,0
998.000,998.000,40.00,9746
999.000,999.000,40.00,0
1000.000,1000.000,40.00,10336
1001.000,1001.000,40.00,2059
1002.000,1002.000,40.00,172
1003.000,1003.000,40.00,9600
1004.000,1004.000,40.00,0
1005.000,1005.000,40.00,11933
1006.000,1006.000,40.00,0
1007.000,1007.000,40.00,5363
1008.000,1008.000,40.00,0
1010.000,1010.000,40.00,12160
1011.000,1011.000,40.00,0
1012.000,1012.000,40.00,9741
1013.000,1013.000,40.00,417
1014.000,1014.000,40.00,867
1015.000,1015.000,40.00,9625
1016.000,1016.000,40.00,0
1017.000,1017.000,40.00,10015
1018.000,1018.000,40.00,17
1019.000,1019.000,40.00,9856
1021.000,1021.000,40.00,0
1022.000,1022.000,40.00,13944
1023.000,1023.000,40.00,0
1024.000,1024.000,40.00,11134
1025.000,1025.000,40.00,10955
1026.000,1026.000,40.00,0
1027.000,1027.000,40.00,10476
1028.000,1028.000,40.00,0
1029.000,1029.000,40.00,10544
1030.000,1030.000,40.00,0
1031.000,1031.000,40.00,10604
1033.000,1033.000,40.00,0
1034.000,1034.000,40.00,10365
1035.000,1035.000,40.00,0
1036.000,1036.000,40.00,10375
1037.000,1037.000,40.00,2609
1038.000,1038.000,40.00,0
1039.000,1039.000,40.00,9918
1040.000,1040.000,40.00,0
1041.000,1041.000,40.00,11086
1042.000,1042.000,40.00,0
1043.000,1043.000,40.00,10301
1045.000,1045.000,40.00,0
1046.000,1046.000,40.00,11111
1047.000,1047.000,40.00,0
1048.000,1048.000,40.00,9634
1049.000,1049.000,40.00,2894
1050.000,1050.000,40.00,0
1051.000,1051.000,40.00,9030
1052.000,1052.000,40.00,0
1053.000,1053.000,40.00,9598
1054.000,1054.000,40.00,0
1055.000,1055.000,40.00,10421
1057.000,1057.000,40.00,0
1058.000,1058.000,40.00,10440
1059.000,1059.000,40.00,0
1060.000,1060.000,40.00,10670
1061.000,1061.000,40.00,4749
1062.000,1062.000,40.00,0
1063.000,1063.000,40.00,11279
1064.000,1064.000,40.00,0
1065.000,1065.000,40.00,10751
1066.000,1066.000,40.00,0
1067.000,1067.000,40.00,11275
1069.000,1069.000,40.00,0
1070.000,1070.000,40.00,10251
1071.000,1071.000,40.00,0
1072.000,1072.000,40.00,48
1073.000,1073.000,40.00,9339
1074.000,1074.000,40.00,0
1075.000,1075.000,40.00,9481
1076.000,1076.000,40.00,0
1077.000,1077.000,40.00,9065
1078.000,1078.000,40.00,19
1079.000,1079.000,40.00,10571
1081.000,1081.000,40.00,0
1082.000,1082.000,40.00,10349
1083.000,1083.000,40.00,926
1084.000,1084.000,40.00,0
1085.000,1085.000,40.00,13417
1086.000,1086.000,40.00,0
1087.000,1087.000,40.00,2897
1088.000,1088.000,40.00,5674
1089.000,1089.000,40.00,10756
1090.000,1090.000,40.00,0
1092.000,1092.000,40.00,11129
1093.000,1093.000,40.00,0
1094.000,1094.000,40.00,10574
1095.000,1095.000,40.00,0
1096.000,1096.000,40.00,2604
1097.000,1097.000,40.00,10586
1098.000,1098.000,40.00,0
1099.000,1099.000,40.00,10789
1100.000,1100.000,40.00,0
1101.000,1101.000,40.00,10108
1102.000,1102.000,40.00,0
1104.000,1104.000,40.00,11262
1105.000,1105.000,40.00,0
1106.000,1106.000,40.00,2040
1107.000,1107.000,40.00,10434
1108.000,1108.000,40.00,549
1109.000,1109.000,40.00,301
1110.000,1110.000,40.00,10521
1111.000,1111.000,40.00,290
1112.000,1112.000,40.00,527
1113.000,1113.000,40.00,17818
1115.000,1115.000,40.00,0
1116.000,1116.000,40.00,7961
1117.000,1117.000,40.00,0
1118.000,1118.000,40.00,9606
1119.000,1119.000,40.00,1903
1120.000,1120.000,40.00,0
1121.000,1121.000,40.00,10492
1122.000,1122.000,40.00,0
1123.000,1123.000,40.00,10526
1124.000,1124.000,40.00,6
1125.000,1125.000,40.00,6062
1127.000,1127.000,40.00,3065
1128.000,1128.000,40.00,6625
1129.000,1129.000,40.00,10810
1130.000,1130.000,40.00,268
1131.000,1131.000,40.00,10713
1132.000,1132.000,40.00,578
1133.000,1133.000,40.00,16653
1134.000,1134.000,40.00,0
1135.000,1135.000,40.00,10830
1136.000,1136.000,40.00,0
1138.000,1138.000,40.00,11328
1139.000,1139.000,40.00,11
1140.000,1140.000,40.00,7694
1141.000,1141.000,40.00,3935
1142.000,1142.000,40.00,0
1143.000,1143.000,40.00,10081
1144.000,1144.000,40.00,0
1145.000,1145.000,40.00,10460
1146.000,1146.000,40.00,0
1147.000,1147.000,40.00,13289
1148.000,1148.000,40.00,0
1150.000,1150.000,40.00,10429
1151.000,1151.000,40.00,0
1152.000,1152.000,40.00,8751
1153.000,1153.000,40.00,0
1154.000,1154.000,40.00,2197
1155.000,1155.000,40.00,9734
1156.000,1156.000,40.00,0
1157.000,1157.000,40.00,8515
1158.000,1158.000,40.00,0
1159.000,1159.000,40.00,10704
1160.000,1160.000,40.00,0
1162.000,1162.000,40.00,9869
1163.000,1163.000,40.00,0
1164.000,1164.000,40.00,8627
1165.000,1165.000,40.00,8593
1166.000,1166.000,40.00,0
1167.000,1167.000,40.00,10197
1168.000,1168.000,40.00,0
1169.000,1169.000,40.00,11294
1170.000,1170.000,40.00,0
1171.000,1171.000,40.00,10648
1173.000,1173.000,40.00,0
1174.000,1174.000,40.00,10593
1175.000,1175.000,40.00,0
1176.000,1176.000,40.00,8343
1177.000,1177.000,40.00,8005
1178.000,1178.000,40.00,193
1179.000,1179.000,40.00,8944
1180.000,1180.000,40.00,0
1181.000,1181.000,40.00,9668
1182.000,1182.000,40.00,0
1184.000,1184.000,40.00,8094
1185.000,1185.000,40.00,1
1186.000,1186.000,40.00,10502
1187.000,1187.000,40.00,0
1188.000,1188.000,40.00,7965
1189.000,1189.000,40.00,10577
1190.000,1190.000,40.00,0
1191.000,1191.000,40.00,11103
1192.000,1192.000,40.00,0
1193.000,1193.000,40.00,10461
1194.000,1194.000,40.00,0
1196.000,1196.000,40.00,7449
1197.000,1197.000,40.00,269
1198.000,1198.000,40.00,8504
1199.000,1199.000,40.00,136
1200.000,1200.000,40.00,0
1201.000,1201.000,40.00,9190
1202.000,1202.000,40.00,0
1203.000,1203.000,40.00,9624
1204.000,1204.000,40.00,0
1205.000,1205.000,40.00,8908
1206.000,1206.000,40.00,0
1208.000,1208.000,40.00,11381
1209.000,1209.000,40.00,0
1210.000,1210.000,40.00,10728
1211.000,1211.000,40.00,6
1212.000,1212.000,40.00,0
1213.000,1213.000,40.00,10425
1214.000,1214.000,40.00,0
1215.000,1215.000,40.00,9632
1216.000,1216.000,40.00,0
1217.000,1217.000,40.00,11037
1218.000,1218.000,40.00,7
1220.000,1220.000,40.00,10441
1221.000,1221.000,40.00,0
1222.000,1222.000,40.00,11152
1223.000,1223.000,40.00,0
1224.000,1224.000,40.00,6629
1225.000,1225.000,40.00,9161
1226.000,1226.000,40.00,82
1227.000,1227.000,40.00,1809
1228.000,1228.000,40.00,9255
1229.000,1229.000,40.00,10364
1230.000,1230.000,40.00,0
1231.000,1231.000,40.00,11389
1232.000,1232.000,40.00,0
1233.000,1233.000,40.00,10093
1235.000,1235.000,40.00,0
1236.000,1236.000,40.00,10426
1237.000,1237.000,40.00,0
1238.000,1238.000,40.00,10320
1239.000,1239.000,40.00,4087
1240.000,1240.000,40.00,0
1241.000,1241.000,40.00,9219
1242.000,1242.000,40.00,0
1243.000,1243.000,40.00,9512
1244.000,1244.000,40.00,0
1245.000,1245.000,40.00,10901
1246.000,1246.000,40.00,0
1248.000,1248.000,40.00,10261
1249.000,1249.000,40.00,0
1250.000,1250.000,40.00,11056
1251.000,1251.000,40.00,1048
1252.000,1252.000,40.00,157
1253.000,1253.000,40.00,4425
1254.000,1254.000,40.00,1555
1255.000,1255.000,40.00,10286
1256.000,1256.000,40.00,0
1257.000,1257.000,40.00,11231
1258.000,1258.000,40.00,73
1259.000,1259.000,40.00,10446
1260.000,1260.000,40.00,21
1262.000,1262.000,40.00,10414
1263.000,1263.000,40.00,0
1264.000,1264.000,40.00,10760
1265.000,1265.000,40.00,10958
1266.000,1266.000,40.00,0
1267.000,1267.000,40.00,10721
1268.000,1268.000,40.00,0
1269.000,1269.000,40.00,9393
1270.000,1270.000,40.00,0
1271.000,1271.000,40.00,10728
1272.000,1272.000,40.00,0
1274.000,1274.000,40.00,9815
1275.000,1275.000,40.00,0
1276.000,1276.000,40.00,11050
1277.000,1277.000,40.00,553
1278.000,1278.000,40.00,7141
1279.000,1279.000,40.00,10672
1280.000,1280.000,40.00,0
1281.000,1281.000,40.00,8850
1282.000,1282.000,40.00,0
1283.000,1283.000,40.00,11028
1284.000,1284.000,40.00,0
1286.000,1286.000,40.00,11771
1287.000,1287.000,40.00,0
1288.000,1288.000,40.00,9759
1289.000,1289.000,40.00,133
1290.000,1290.000,40.00,0
1291.000,1291.000,40.00,10623
1292.000,1292.000,40.00,0
1293.000,1293.000,40.00,9209
1294.000,1294.000,40.00,0
1295.000,1295.000,40.00,12397
1296.000,1296.000,40.00,26
1298.000,1298.000,40.00,11142
1299.000,1299.000,40.00,1
1300.000,1300.000,40.00,10743
1301.000,1301.000,40.00,1665
1302.000,1302.000,40.00,0
1303.000,1303.000,40.00,9503
1304.000,1304.000,40.00,44
1305.000,1305.000,40.00,10365
1306.000,1306.000,40.00,0
1307.000,1307.000,40.00,10156
1308.000,1308.000,40.00,0
1310.000,1310.000,40.00,10426
1311.000,1311.000,40.00,0
1312.000,1312.000,40.00,13413
1313.000,1313.000,40.00,126
1314.000,1314.000,40.00,10029
1315.000,1315.000,40.00,12365
1316.000,1316.000,40.00,0
1317.000,1317.000,40.00,6262
1318.000,1318.000,40.00,2
1319.000,1319.000,40.00,11251
1320.000,1320.000,40.00,0
1321.000,1321.000,40.00,12112
1323.000,1323.000,40.00,0
1324.000,1324.000,40.00,10884
1325.000,1325.000,40.00,0
1326.000,1326.000,40.00,9869
1327.000,1327.000,40.00,8646
1328.000,1328.000,40.00,0
1329.000,1329.000,40.00,10095
1330.000,1330.000,40.00,0
1331.000,1331.000,40.00,11622
1332.000,1332.000,40.00,271
1333.000,1333.000,40.00,9986
1335.000,1335.000,40.00,0
1336.000,1336.000,40.00,10041
1337.000,1337.000,40.00,0
1338.000,1338.000,40.00,6295
1339.000,1339.000,40.00,8994
1340.000,1340.000,40.00,0
1341.000,1341.000,40.00,10631
1342.000,1342.000,40.00,0
1343.000,1343.000,40.00,11278
1344.000,1344.000,40.00,0
1346.000,1346.000,40.00,9324
1347.000,1347.000,40.00,0
1348.000,1348.000,40.00,15091
1349.000,1349.000,40.00,0
1350.000,1350.000,40.00,11955
1351.000,1351.000,40.00,10098
1352.000,1352.000,40.00,0
1353.000,1353.000,40.00,11602
1354.000,1354.000,40.00,31
1355.000,1355.000,40.00,9297
1356.000,1356.000,40.00,0
1357.000,1357.000,40.00,12212
1359.000,1359.000,40.00,0
1360.000,1360.000,40.00,10192
1361.000,1361.000,40.00,0
1362.000,1362.000,40.00,0
1363.000,1363.000,40.00,9741
1364.000,1364.000,40.00,269
1365.000,1365.000,40.00,9990
1366.000,1366.000,40.00,272
1367.000,1367.000,40.00,10053
1368.000,1368.000,40.00,273
1369.000,1369.000,40.00,8185
1371.000,1371.000,40.00,1611
1372.000,1372.000,40.00,7914
1373.000,1373.000,40.00,0
1374.000,1374.000,40.00,15415
1375.000,1375.000,40.00,4172
1376.000,1376.000,40.00,1873
1377.000,1377.000,40.00,10717
1378.000,1378.000,40.00,0
1379.000,1379.000,40.00,10820
1380.000,1380.000,40.00,0
1382.000,1382.000,40.00,9196
1383.000,1383.000,40.00,0
1384.000,1384.000,40.00,11009
1385.000,1385.000,40.00,0
1386.000,1386.000,40.00,20907
1387.000,1387.000,40.00,1789
1388.000,1388.000,40.00,6241
1389.000,1389.000,40.00,5297
1390.000,1390.000,40.00,11
1391.000,1391.000,40.00,12934
1392.000,1392.000,40.00,78
1394.000,1394.000,40.00,11222
1395.000,1395.000,40.00,0
1396.000,1396.000,40.00,9633
1397.000,1397.000,40.00,10914
1398.000,1398.000,40.00,272
1399.000,1399.000,40.00,9978
1400.000,1400.000,40.00,272
1401.000,1401.000,40.00,9509
1402.000,1402.000,40.00,0
1403.000,1403.000,40.00,11413
1404.000,1404.000,40.00,0
1406.000,1406.000,40.00,9605
1407.000,1407.000,40.00,0
1408.000,1408.000,40.00,11416
1409.000,1409.000,40.00,9890
1410.000,1410.000,40.00,267
1411.000,1411.000,40.00,10346
1412.000,1412.000,40.00,271
1413.000,1413.000,40.00,11016
1414.000,1414.000,40.00,275
1415.000,1415.000,40.00,10004
1416.000,1416.000,40.00,274
1418.000,1418.000,40.00,9852
1419.000,1419.000,40.00,0
1420.000,1420.000,40.00,10097
1421.000,1421.000,40.00,122
1422.000,1422.000,40.00,0
1423.000,1423.000,40.00,9634
1424.000,1424.000,40.00,295
1425.000,1425.000,40.00,10685
1426.000,1426.000,40.00,281
1427.000,1427.000,40.00,10795
1429.000,1429.000,40.00,272
1430.000,1430.000,40.00,9725
1431.000,1431.000,40.00,0
1432.000,1432.000,40.00,10328
1433.000,1433.000,40.00,8798
1434.000,1434.000,40.00,280
1435.000,1435.000,40.00,11054
1436.000,1436.000,40.00,272
1437.000,1437.000,40.00,11103
1438.000,1438.000,40.00,273
1439.000,1439.000,40.00,10653
1441.000,1441.000,40.00,272
1442.000,1442.000,40.00,10496
1443.000,1443.000,40.00,0
1444.000,1444.000,40.00,10142
1445.000,1445.000,40.00,10563
1446.000,1446.000,40.00,267
1447.000,1447.000,40.00,10127
1448.000,1448.000,40.00,272
1449.000,1449.000,40.00,10078
1450.000,1450.000,40.00,281
1451.000,1451.000,40.00,9724
1453.000,1453.000,40.00,273
1454.000,1454.000,40.00,11176
1455.000,1455.000,40.00,0
1456.000,1456.000,40.00,9285
1457.000,1457.000,40.00,5515
1458.000,1458.000,40.00,0
1459.000,1459.000,40.00,11275
1460.000,1460.000,40.00,271
1461.000,1461.000,40.00,10492
1463.000,1463.000,40.00,0
1464.000,1464.000,40.00,10644
1465.000,1465.000,40.00,10146
1466.000,1466.000,40.00,105
1467.000,1467.000,40.00,9997
1468.000,1468.000,40.00,0
1469.000,1469.000,40.00,10163
1470.000,1470.000,40.00,0
1471.000,1471.000,40.00,11219
1472.000,1472.000,40.00,272
1473.000,1473.000,40.00,10587
1475.000,1475.000,40.00,269
1476.000,1476.000,40.00,10684
1477.000,1477.000,40.00,246
1478.000,1478.000,40.00,271
1479.000,1479.000,40.00,8708
1480.000,1480.000,40.00,271
1481.000,1481.000,40.00,11404
1482.000,1482.000,40.00,269
1483.000,1483.000,40.00,9990
1484.000,1484.000,40.00,320
1485.000,1485.000,40.00,10664
1487.000,1487.000,40.00,271
1488.000,1488.000,40.00,9397
1489.000,1489.000,40.00,0
1490.000,1490.000,40.00,9329
1491.000,1491.000,40.00,10528
1492.000,1492.000,40.00,271
1493.000,1493.000,40.00,10958
1494.000,1494.000,40.00,295
1495.000,1495.000,40.00,5039
1496.000,1496.000,40.00,274
1497.000,1497.000,40.00,10180
1498.000,1498.000,40.00,270
1500.000,1500.000,40.00,13020
1501.000,1501.000,40.00,271
1502.000,1502.000,40.00,12333
1503.000,1503.000,40.00,5928
1504.000,1504.000,40.00,274
1505.000,1505.000,40.00,9983
1506.000,1506.000,40.00,268
1507.000,1507.000,40.00,11778
1508.000,1508.000,40.00,274
1509.000,1509.000,40.00,10872
1510.000,1510.000,40.00,269
1512.000,1512.000,40.00,10274
1513.000,1513.000,40.00,272
1514.000,1514.000,40.00,10008
1515.000,1515.000,40.00,0
1516.000,1516.000,40.00,7856
1517.000,1517.000,40.00,10005
1518.000,1518.000,40.00,270
1519.000,1519.000,40.00,10255
1520.000,1520.000,40.00,271
1521.000,1521.000,40.00,10173
1522.000,1522.000,40.00,0
1523.000,1523.000,40.00,10546
1524.000,1524.000,40.00,282
1526.000,1526.000,40.00,10265
1527.000,1527.000,40.00,0
1528.000,1528.000,40.00,10507
1529.000,1529.000,40.00,8052
1530.000,1530.000,40.00,266
1531.000,1531.000,40.00,10427
1532.000,1532.000,40.00,283
1533.000,1533.000,40.00,10415
1534.000,1534.000,40.00,272
1535.000,1535.000,40.00,9295
1536.000,1536.000,40.00,283
1537.000,1537.000,40.00,10327
1539.000,1539.000,40.00,269
1540.000,1540.000,40.00,10642
1541.000,1541.000,40.00,0
1542.000,1542.000,40.00,9824
1543.000,1543.000,40.00,10267
1544.000,1544.000,40.00,275
1545.000,1545.000,40.00,9399
1546.000,1546.000,40.00,264
1547.000,1547.000,40.00,10655
1548.000,1548.000,40.00,274
1549.000,1549.000,40.00,10518
1550.000,1550.000,40.00,271
1552.000,1552.000,40.00,10615
1553.000,1553.000,40.00,273
1554.000,1554.000,40.00,9270
1555.000,1555.000,40.00,10264
1556.000,1556.000,40.00,305
1557.000,1557.000,40.00,10432
1558.000,1558.000,40.00,272
1559.000,1559.000,40.00,10560
1560.000,1560.000,40.00,272
1561.000,1561.000,40.00,9891
1562.000,1562.000,40.00,269
1564.000,1564.000,40.00,10624
1565.000,1565.000,40.00,271
1566.000,1566.000,40.00,10193
1567.000,1567.000,40.00,498
1568.000,1568.000,40.00,270
1569.000,1569.000,40.00,9768
1570.000,1570.000,40.00,269
1571.000,1571.000,40.00,10149
1572.000,1572.000,40.00,283
1573.000,1573.000,40.00,10112
1574.000,1574.000,40.00,271
1575.000,1575.000,40.00,9928
1577.000,1577.000,40.00,0
1578.000,1578.000,40.00,11059
1579.000,1579.000,40.00,270
1580.000,1580.000,40.00,8606
1581.000,1581.000,40.00,2446
1582.000,1582.000,40.00,271
1583.000,1583.000,40.00,10994
1584.000,1584.000,40.00,273
1585.000,1585.000,40.00,9661
1586.000,1586.000,40.00,268
1587.000,1587.000,40.00,9954
1588.000,1588.000,40.00,283
1589.000,1589.000,40.00,10346
1590.000,1590.000,40.00,272
1592.000,1592.000,40.00,9632
1593.000,1593.000,40.00,274
1594.000,1594.000,40.00,10339
1595.000,1595.000,40.00,267
1596.000,1596.000,40.00,271
1597.000,1597.000,40.00,10312
1598.000,1598.000,40.00,565
1599.000,1599.000,40.00,10342
1600.000,1600.000,40.00,270
1601.000,1601.000,40.00,9997
1602.000,1602.000,40.00,268
1603.000,1603.000,40.00,10225
1605.000,1605.000,40.00,284
1606.000,1606.000,40.00,10753
1607.000,1607.000,40.00,0
1608.000,1608.000,40.00,10067
1609.000,1609.000,40.00,9994
1610.000,1610.000,40.00,268
1611.000,1611.000,40.00,10154
1612.000,1612.000,40.00,284
1613.000,1613.000,40.00,10520
1614.000,1614.000,40.00,273
1615.000,1615.000,40.00,10550
1616.000,1616.000,40.00,271
1618.000,1618.000,40.00,9499
1619.000,1619.000,40.00,268
1620.000,1620.000,40.00,10288
1621.000,1621.000,40.00,9797
1622.000,1622.000,40.00,283
1623.000,1623.000,40.00,11128
1624.000,1624.000,40.00,273
1625.000,1625.000,40.00,10168
1626.000,1626.000,40.00,268
1627.000,1627.000,40.00,10058
1629.000,1629.000,40.00,272
1630.000,1630.000,40.00,10354
1631.000,1631.000,40.00,0
1632.000,1632.000,40.00,9953
1633.000,1633.000,40.00,9978
1634.000,1634.000,40.00,270
1635.000,1635.000,40.00,10160
1636.000,1636.000,40.00,272
1637.000,1637.000,40.00,10532
1638.000,1638.000,40.00,271
1639.000,1639.000,40.00,9926
1641.000,1641.000,40.00,272
1642.000,1642.000,40.00,9949
1643.000,1643.000,40.00,269
1644.000,1644.000,40.00,273
1645.000,1645.000,40.00,8674
1646.000,1646.000,40.00,271
1647.000,1647.000,40.00,9840
1648.000,1648.000,40.00,272
1649.000,1649.000,40.00,9638
1650.000,1650.000,40.00,270
1651.000,1651.000,40.00,11068
1653.000,1653.000,40.00,359
1654.000,1654.000,40.00,10116
1655.000,1655.000,40.00,273
1656.000,1656.000,40.00,3232
1657.000,1657.000,40.00,10605
1658.000,1658.000,40.00,271
1659.000,1659.000,40.00,9999
1660.000,1660.000,40.00,270
1661.000,1661.000,40.00,9731
1662.000,1662.000,40.00,269
1663.000,1663.000,40.00,10235
1665.000,1665.000,40.00,316
1666.000,1666.000,40.00,10251
1667.000,1667.000,40.00,267
1668.000,1668.000,40.00,9990
1669.000,1669.000,40.00,4663
1670.000,1670.000,40.00,272
1671.000,1671.000,40.00,9885
1672.000,1672.000,40.00,271
1673.000,1673.000,40.00,10062
1674.000,1674.000,40.00,270
1675.000,1675.000,40.00,10022
1677.000,1677.000,40.00,273
1678.000,1678.000,40.00,10081
1679.000,1679.000,40.00,272
1680.000,1680.000,40.00,10866
1681.000,1681.000,40.00,9484
1682.000,1682.000,40.00,281
1683.000,1683.000,40.00,9654
1684.000,1684.000,40.00,270
1685.000,1685.000,40.00,10026
1686.000,1686.000,40.00,272
1687.000,1687.000,40.00,15819
1689.000,1689.000,40.00,273
1690.000,1690.000,40.00,11084
1691.000,1691.000,40.00,279
1692.000,1692.000,40.00,12040
1693.000,1693.000,40.00,7324
1694.000,1694.000,40.00,272
1695.000,1695.000,40.00,9709
1696.000,1696.000,40.00,272
1697.000,1697.000,40.00,10937
1698.000,1698.000,40.00,268
1699.000,1699.000,40.00,9197
1701.000,1701.000,40.00,272
1702.000,1702.000,40.00,12337
1703.000,1703.000,40.00,272
1704.000,1704.000,40.00,10274
1705.000,1705.000,40.00,10582
1706.000,1706.000,40.00,269
1707.000,1707.000,40.00,6459
1708.000,1708.000,40.00,272
1709.000,1709.000,40.00,10955
1710.000,1710.000,40.00,272
1711.000,1711.000,40.00,9697
1713.000,1713.000,40.00,305
1714.000,1714.000,40.00,9477
1715.000,1715.000,40.00,268
1716.000,1716.000,40.00,270
1717.000,1717.000,40.00,10662
1718.000,1718.000,40.00,285
1719.000,1719.000,40.00,8011
1720.000,1720.000,40.00,271
1721.000,1721.000,40.00,11194
1722.000,1722.000,40.00,269
1723.000,1723.000,40.00,10415
1725.000,1725.000,40.00,284
1726.000,1726.000,40.00,10067
1727.000,1727.000,40.00,271
1728.000,1728.000,40.00,10114
1729.000,1729.000,40.00,5778
1730.000,1730.000,40.00,268
1731.000,1731.000,40.00,297
1732.000,1732.000,40.00,1262
1733.000,1733.000,40.00,16123
1734.000,1734.000,40.00,273
1735.000,1735.000,40.00,10409
1737.000,1737.000,40.00,284
1738.000,1738.000,40.00,11972
1739.000,1739.000,40.00,3472
1740.000,1740.000,40.00,272
1741.000,1741.000,40.00,9458
1742.000,1742.000,40.00,281
1743.000,1743.000,40.00,10372
1744.000,1744.000,40.00,270
1745.000,1745.000,40.00,10468
1746.000,1746.000,40.00,267
1748.000,1748.000,40.00,10418
1749.000,1749.000,40.00,274
1750.000,1750.000,40.00,9673
1751.000,1751.000,40.00,539
1752.000,1752.000,40.00,1
1753.000,1753.000,40.00,8568
1754.000,1754.000,40.00,269
1755.000,1755.000,40.00,11850
1756.000,1756.000,40.00,306
1757.000,1757.000,40.00,8635
1758.000,1758.000,40.00,275
1760.000,1760.000,40.00,10723
1761.000,1761.000,40.00,281
1762.000,1762.000,40.00,11154
1763.000,1763.000,40.00,274
1764.000,1764.000,40.00,272
1765.000,1765.000,40.00,9955
1766.000,1766.000,40.00,273
1767.000,1767.000,40.00,9464
1768.000,1768.000,40.00,272
1769.000,1769.000,40.00,10697
1770.000,1770.000,40.00,268
1771.000,1771.000,40.00,11934
1773.000,1773.000,40.00,306
1774.000,1774.000,40.00,8885
1775.000,1775.000,40.00,627
1776.000,1776.000,40.00,273
1777.000,1777.000,40.00,9643
1778.000,1778.000,40.00,267
1779.000,1779.000,40.00,9774
1780.000,1780.000,40.00,274
1781.000,1781.000,40.00,10756
1782.000,1782.000,40.00,271
1784.000,1784.000,40.00,10163
1785.000,1785.000,40.00,273
1786.000,1786.000,40.00,14490
1787.000,1787.000,40.00,269
1788.000,1788.000,40.00,8978
1789.000,1789.000,40.00,9527
1790.000,1790.000,40.00,283
1791.000,1791.000,40.00,11201
1792.000,1792.000,40.00,272
1793.000,1793.000,40.00,9889
1794.000,1794.000,40.00,272
1796.000,1796.000,40.00,11532
1797.000,1797.000,40.00,286
1798.000,1798.000,40.00,10758
1799.000,1799.000,40.00,10077
1800.000,1800.000,40.00,6
1801.000,1801.000,40.00,9241
1802.000,1802.000,40.00,270
1803.000,1803.000,40.00,9334
1804.000,1804.000,40.00,282
1805.000,1805.000,40.00,12749
1806.000,1806.000,40.00,310
1808.000,1808.000,40.00,9763
1809.000,1809.000,40.00,282
1810.000,1810.000,40.00,11208
1811.000,1811.000,40.00,9497
1812.000,1812.000,40.00,272
1813.000,1813.000,40.00,8439
1814.000,1814.000,40.00,272
1815.000,1815.000,40.00,12584
1816.000,1816.000,40.00,272
1817.000,1817.000,40.00,10989
1818.000,1818.000,40.00,281
1820.000,1820.000,40.00,9037
1821.000,1821.000,40.00,348
1822.000,1822.000,40.00,7437
1823.000,1823.000,40.00,283
1824.000,1824.000,40.00,0
1825.000,1825.000,40.00,10217
1826.000,1826.000,40.00,270
1827.000,1827.000,40.00,7564
1828.000,1828.000,40.00,272
1829.000,1829.000,40.00,12302
1830.000,1830.000,40.00,273
1831.000,1831.000,40.00,12899
1833.000,1833.000,40.00,305
1834.000,1834.000,40.00,9213
1835.000,1835.000,40.00,269
1836.000,1836.000,40.00,3438
1837.000,1837.000,40.00,6557
1838.000,1838.000,40.00,277
1839.000,1839.000,40.00,9838
1840.000,1840.000,40.00,272
1841.000,1841.000,40.00,10632
1842.000,1842.000,40.00,272
1843.000,1843.000,40.00,10895
1845.000,1845.000,40.00,312
1846.000,1846.000,40.00,9309
1847.000,1847.000,40.00,276
1848.000,1848.000,40.00,8931
1849.000,1849.000,40.00,12860
1850.000,1850.000,40.00,272
1851.000,1851.000,40.00,10081
1852.000,1852.000,40.00,271
1853.000,1853.000,40.00,11431
1854.000,1854.000,40.00,269
1856.000,1856.000,40.00,9589
1857.000,1857.000,40.00,285
1858.000,1858.000,40.00,6552
1859.000,1859.000,40.00,10584
1860.000,1860.000,40.00,0
1861.000,1861.000,40.00,13477
1862.000,1862.000,40.00,273
1863.000,1863.000,40.00,9943
1864.000,1864.000,40.00,273
1865.000,1865.000,40.00,8284
1866.000,1866.000,40.00,270
1868.000,1868.000,40.00,9688
1869.000,1869.000,40.00,273
1870.000,1870.000,40.00,7214
1871.000,1871.000,40.00,1539
1872.000,1872.000,40.00,7607
1873.000,1873.000,40.00,9192
1874.000,1874.000,40.00,272
1875.000,1875.000,40.00,9926
1876.000,1876.000,40.00,271
1877.000,1877.000,40.00,11329
1878.000,1878.000,40.00,284
1880.000,1880.000,40.00,10669
1881.000,1881.000,40.00,283
1882.000,1882.000,40.00,10296
1883.000,1883.000,40.00,10642
1884.000,1884.000,40.00,0
1885.000,1885.000,40.00,8602
1886.000,1886.000,40.00,272
1887.000,1887.000,40.00,9663
1888.000,1888.000,40.00,273
1889.000,1889.000,40.00,9052
1890.000,1890.000,40.00,303
1891.000,1891.000,40.00,0
1893.000,1893.000,40.00,1633
1894.000,1894.000,40.00,13842
1895.000,1895.000,40.00,274
1896.000,1896.000,40.00,6376
1897.000,1897.000,40.00,9143
1898.000,1898.000,40.00,268
1899.000,1899.000,40.00,10871
1900.000,1900.000,40.00,287
1901.000,1901.000,40.00,8591
1902.000,1902.000,40.00,273
1903.000,1903.000,40.00,10149
1905.000,1905.000,40.00,272
1906.000,1906.000,40.00,11177
1907.000,1907.000,40.00,269
1908.000,1908.000,40.00,10934
1909.000,1909.000,40.00,5301
1910.000,1910.000,40.00,0
1911.000,1911.000,40.00,9858
1912.000,1912.000,40.00,274
1913.000,1913.000,40.00,10500
1914.000,1914.000,40.00,268
1915.000,1915.000,40.00,10153
1916.000,1916.000,40.00,0
1918.000,1918.000,40.00,10690
1919.000,1919.000,40.00,285
1920.000,1920.000,40.00,8035
1921.000,1921.000,40.00,2356
1922.000,1922.000,40.00,4356
1923.000,1923.000,40.00,10580
1924.000,1924.000,40.00,276
1925.000,1925.000,40.00,10050
1926.000,1926.000,40.00,275
1927.000,1927.000,40.00,10091
1928.000,1928.000,40.00,276
1930.000,1930.000,40.00,10255
1931.000,1931.000,40.00,271
1932.000,1932.000,40.00,0
1933.000,1933.000,40.00,9521
1934.000,1934.000,40.00,0
1935.000,1935.000,40.00,10535
1936.000,1936.000,40.00,0
1937.000,1937.000,40.00,11286
1938.000,1938.000,40.00,1896
1939.000,1939.000,40.00,0
1940.000,1940.000,40.00,8879
1941.000,1941.000,40.00,0
1943.000,1943.000,40.00,9900
1944.000,1944.000,40.00,0
1945.000,1945.000,40.00,13540
1946.000,1946.000,40.00,431
1947.000,1947.000,40.00,622
1948.000,1948.000,40.00,10174
1949.000,1949.000,40.00,4975
1950.000,1950.000,40.00,4649
1951.000,1951.000,40.00,8333
1952.000,1952.000,40.00,1232
1953.000,1953.000,40.00,17500
1954.000,1954.000,40.00,274
1956.000,1956.000,40.00,9872
1957.000,1957.000,40.00,272
1958.000,1958.000,40.00,12809
1959.000,1959.000,40.00,1644
1960.000,1960.000,40.00,5325
1961.000,1961.000,40.00,3959
1962.000,1962.000,40.00,5618
1963.000,1963.000,40.00,11239
1964.000,1964.000,40.00,279
1965.000,1965.000,40.00,0
1966.000,1966.000,40.00,9621
1967.000,1967.000,40.00,0
1969.000,1969.000,40.00,8305
1970.000,1970.000,40.00,0
1971.000,1971.000,40.00,8213
1972.000,1972.000,40.00,0
1973.000,1973.000,40.00,10797
1974.000,1974.000,40.00,0
1975.000,1975.000,40.00,9859
1976.000,1976.000,40.00,801
1977.000,1977.000,40.00,5593
1978.000,1978.000,40.00,11722
1979.000,1979.000,40.00,70
1981.000,1981.000,40.00,9968
1982.000,1982.000,40.00,0
1983.000,1983.000,40.00,9800
1984.000,1984.000,40.00,0
1985.000,1985.000,40.00,18288
1986.000,1986.000,40.00,458
1987.000,1987.000,40.00,11360
1988.000,1988.000,40.00,272
1989.000,1989.000,40.00,9137
1990.000,1990.000,40.00,322
1991.000,1991.000,40.00,8747
1992.000,1992.000,40.00,273
1994.000,1994.000,40.00,10004
1995.000,1995.000,40.00,270
1996.000,1996.000,40.00,9754
1997.000,1997.000,40.00,808
1998.000,1998.000,40.00,1011
1999.000,1999.000,40.00,272
2000.000,2000.000,40.00,0
2001.000,2001.000,40.00,10047
2002.000,2002.000,40.00,3827
2003.000,2003.000,40.00,277
2004.000,2004.000,40.00,8772
2005.000,2005.000,40.00,0
2007.000,2007.000,40.00,10920
2008.000,2008.000,40.00,0
2009.000,2009.000,40.00,10527
2010.000,2010.000,40.00,0
2011.000,2011.000,40.00,11108
2012.000,2012.000,40.00,22
2013.000,2013.000,40.00,9317
2014.000,2014.000,40.00,4006
2015.000,2015.000,40.00,315
2016.000,2016.000,40.00,459
2017.000,2017.000,40.00,19766
2019.000,2019.000,40.00,269
2020.000,2020.000,40.00,9247
2021.000,2021.000,40.00,272
2022.000,2022.000,40.00,9719
2023.000,2023.000,40.00,277
2024.000,2024.000,40.00,0
2025.000,2025.000,40.00,9267
2026.000,2026.000,40.00,0
2027.000,2027.000,40.00,10041
2028.000,2028.000,40.00,3893
2029.000,2029.000,40.00,593
2030.000,2030.000,40.00,10142
2031.000,2031.000,40.00,0
2033.000,2033.000,40.00,472
2034.000,2034.000,40.00,13817
2035.000,2035.000,40.00,270
2036.000,2036.000,40.00,0
2037.000,2037.000,40.00,19988
2038.000,2038.000,40.00,100
2039.000,2039.000,40.00,10616
2040.000,2040.000,40.00,0
2041.000,2041.000,40.00,0
2042.000,2042.000,40.00,5250
2043.000,2043.000,40.00,101
2044.000,2044.000,40.00,961
2046.000,2046.000,40.00,20731
2047.000,2047.000,40.00,273
2048.000,2048.000,40.00,9570
2049.000,2049.000,40.00,1717
2050.000,2050.000,40.00,3053
2051.000,2051.000,40.00,269
2052.000,2052.000,40.00,0
2053.000,2053.000,40.00,10720
2054.000,2054.000,40.00,1111
2055.000,2055.000,40.00,6969
2056.000,2056.000,40.00,10023
2058.000,2058.000,40.00,0
2059.000,2059.000,40.00,8495
2060.000,2060.000,40.00,0
2061.000,2061.000,40.00,9896
2062.000,2062.000,40.00,0
2063.000,2063.000,40.00,10086
2064.000,2064.000,40.00,0
2065.000,2065.000,40.00,10338
2066.000,2066.000,40.00,89
2067.000,2067.000,40.00,8861
2068.000,2068.000,40.00,5722
2069.000,2069.000,40.00,0
2071.000,2071.000,40.00,9433
2072.000,2072.000,40.00,37
2073.000,2073.000,40.00,9584
2074.000,2074.000,40.00,0
2075.000,2075.000,40.00,2106
2076.000,2076.000,40.00,16806
2077.000,2077.000,40.00,10166
2078.000,2078.000,40.00,0
2079.000,2079.000,40.00,0
2080.000,2080.000,40.00,4046
2081.000,2081.000,40.00,1
2083.000,2083.000,40.00,12063
2084.000,2084.000,40.00,0
2085.000,2085.000,40.00,11591
2086.000,2086.000,40.00,1
2087.000,2087.000,40.00,9718
2088.000,2088.000,40.00,0
2089.000,2089.000,40.00,10969
2090.000,2090.000,40.00,0
2091.000,2091.000,40.00,10350
2092.000,2092.000,40.00,0
2093.000,2093.000,40.00,21042
2094.000,2094.000,40.00,270
2096.000,2096.000,40.00,0
2097.000,2097.000,40.00,10606
2098.000,2098.000,40.00,0
2099.000,2099.000,40.00,10507
2100.000,2100.000,40.00,0
2101.000,2101.000,40.00,10379
2102.000,2102.000,40.00,0
2103.000,2103.000,40.00,9953
2104.000,2104.000,40.00,0
2105.000,2105.000,40.00,11096
2106.000,2106.000,40.00,3239
2107.000,2107.000,40.00,1517
2109.000,2109.000,40.00,10204
2110.000,2110.000,40.00,0
2111.000,2111.000,40.00,9182
2112.000,2112.000,40.00,0
2113.000,2113.000,40.00,9463
2114.000,2114.000,40.00,0
2115.000,2115.000,40.00,11506
2116.000,2116.000,40.00,0
2117.000,2117.000,40.00,14738
2118.000,2118.000,40.00,5742
2119.000,2119.000,40.00,0
2120.000,2120.000,40.00,8657
2122.000,2122.000,40.00,0
2123.000,2123.000,40.00,10957
2124.000,2124.000,40.00,0
2125.000,2125.000,40.00,12216
2126.000,2126.000,40.00,0
2127.000,2127.000,40.00,9926
2128.000,2128.000,40.00,0
2129.000,2129.000,40.00,2616
2130.000,2130.000,40.00,1652
2131.000,2131.000,40.00,13731
2132.000,2132.000,40.00,3353
2133.000,2133.000,40.00,8311
2135.000,2135.000,40.00,542
2136.000,2136.000,40.00,268
2137.000,2137.000,40.00,19833
2138.000,2138.000,40.00,0
2139.000,2139.000,40.00,10543
2140.000,2140.000,40.00,0
2141.000,2141.000,40.00,10736
2142.000,2142.000,40.00,0
2143.000,2143.000,40.00,10599
2144.000,2144.000,40.00,4153
2145.000,2145.000,40.00,2217
2146.000,2146.000,40.00,2767
2148.000,2148.000,40.00,3378
2149.000,2149.000,40.00,10940
2150.000,2150.000,40.00,0
2151.000,2151.000,40.00,6742
2152.000,2152.000,40.00,0
2153.000,2153.000,40.00,8844
2154.000,2154.000,40.00,0
2155.000,2155.000,40.00,11043
2156.000,2156.000,40.00,0
2157.000,2157.000,40.00,11338
2158.000,2158.000,40.00,5616
2159.000,2159.000,40.00,2806
2161.000,2161.000,40.00,11643
2162.000,2162.000,40.00,0
2163.000,2163.000,40.00,9358
2164.000,2164.000,40.00,0
2165.000,2165.000,40.00,11802
2166.000,2166.000,40.00,0
2167.000,2167.000,40.00,8047
2168.000,2168.000,40.00,0
2169.000,2169.000,40.00,12196
2170.000,2170.000,40.00,122
2171.000,2171.000,40.00,4819
2172.000,2172.000,40.00,2102
2174.000,2174.000,40.00,5946
2175.000,2175.000,40.00,2144
2176.000,2176.000,40.00,9668
2177.000,2177.000,40.00,9297
2178.000,2178.000,40.00,0
2179.000,2179.000,40.00,10764
2180.000,2180.000,40.00,0
2181.000,2181.000,40.00,11696
2182.000,2182.000,40.00,0
2183.000,2183.000,40.00,8562
2184.000,2184.000,40.00,7990
2186.000,2186.000,40.00,0
2187.000,2187.000,40.00,8035
2188.000,2188.000,40.00,1240
2189.000,2189.000,40.00,9233
2190.000,2190.000,40.00,0
2191.000,2191.000,40.00,15404
2192.000,2192.000,40.00,1107
2193.000,2193.000,40.00,280
2194.000,2194.000,40.00,0
2195.000,2195.000,40.00,9581
2196.000,2196.000,40.00,133
2197.000,2197.000,40.00,16451
2199.000,2199.000,40.00,278
2200.000,2200.000,40.00,27
2201.000,2201.000,40.00,10370
2202.000,2202.000,40.00,0
2203.000,2203.000,40.00,11772
2204.000,2204.000,40.00,0
2205.000,2205.000,40.00,10120
2206.000,2206.000,40.00,0
2207.000,2207.000,40.00,11948
2208.000,2208.000,40.00,1990
2209.000,2209.000,40.00,7363
2211.000,2211.000,40.00,1826
2212.000,2212.000,40.00,9364
2213.000,2213.000,40.00,6696
2214.000,2214.000,40.00,0
2215.000,2215.000,40.00,10815
2216.000,2216.000,40.00,0
2217.000,2217.000,40.00,11463
2218.000,2218.000,40.00,0
2219.000,2219.000,40.00,8441
2220.000,2220.000,40.00,0
2221.000,2221.000,40.00,12982
2222.000,2222.000,40.00,2600
2224.000,2224.000,40.00,5603
2225.000,2225.000,40.00,3246
2226.000,2226.000,40.00,0
2227.000,2227.000,40.00,8100
2228.000,2228.000,40.00,0
2229.000,2229.000,40.00,1857
2230.000,2230.000,40.00,20179
2231.000,2231.000,40.00,857
2232.000,2232.000,40.00,0
2233.000,2233.000,40.00,10672
2234.000,2234.000,40.00,1659
2235.000,2235.000,40.00,7311
2237.000,2237.000,40.00,1119
2238.000,2238.000,40.00,4306
2239.000,2239.000,40.00,10581
2240.000,2240.000,40.00,0
2241.000,2241.000,40.00,10743
2242.000,2242.000,40.00,0
2243.000,2243.000,40.00,9992
2244.000,2244.000,40.00,0
2245.000,2245.000,40.00,8856
2246.000,2246.000,40.00,8073
2247.000,2247.000,40.00,0
2249.000,2249.000,40.00,627
2250.000,2250.000,40.00,5559
2251.000,2251.000,40.00,10531
2252.000,2252.000,40.00,0
2253.000,2253.000,40.00,1015
2254.000,2254.000,40.00,11035
2255.000,2255.000,40.00,5093
2256.000,2256.000,40.00,8934
2257.000,2257.000,40.00,0
2258.000,2258.000,40.00,0
2259.000,2259.000,40.00,12409
2260.000,2260.000,40.00,1199
2262.000,2262.000,40.00,7240
2263.000,2263.000,40.00,7706
2264.000,2264.000,40.00,0
2265.000,2265.000,40.00,3692
2266.000,2266.000,40.00,7739
2267.000,2267.000,40.00,4285
2268.000,2268.000,40.00,0
2269.000,2269.000,40.00,10874
2270.000,2270.000,40.00,0
2271.000,2271.000,40.00,18960
2272.000,2272.000,40.00,421
2274.000,2274.000,40.00,0
2275.000,2275.000,40.00,5842
2276.000,2276.000,40.00,1306
2277.000,2277.000,40.00,9221
2278.000,2278.000,40.00,732
2279.000,2279.000,40.00,10911
2280.000,2280.000,40.00,0
2281.000,2281.000,40.00,11642
2282.000,2282.000,40.00,0
2283.000,2283.000,40.00,8808
2284.000,2284.000,40.00,0
2285.000,2285.000,40.00,12237
2287.000,2287.000,40.00,831
2288.000,2288.000,40.00,4862
2289.000,2289.000,40.00,1008
2290.000,2290.000,40.00,9192
2291.000,2291.000,40.00,3253
2292.000,2292.000,40.00,13554
2293.000,2293.000,40.00,188
2294.000,2294.000,40.00,0
2295.000,2295.000,40.00,13455
2296.000,2296.000,40.00,5956
2297.000,2297.000,40.00,0
2298.000,2298.000,40.00,0
2300.000,2300.000,40.00,13117
2301.000,2301.000,40.00,6389
2302.000,2302.000,40.00,9080
2303.000,2303.000,40.00,2817
2304.000,2304.000,40.00,2941
2305.000,2305.000,40.00,1475
2306.000,2306.000,40.00,2148
2307.000,2307.000,40.00,1748
2308.000,2308.000,40.00,539
2309.000,2309.000,40.00,530
2310.000,2310.000,40.00,411
2312.000,2312.000,40.00,452
2313.000,2313.000,40.00,696
2314.000,2314.000,40.00,597
2315.000,2315.000,40.00,101
2316.000,2316.000,40.00,592
2317.000,2317.000,40.00,108
2318.000,2318.000,40.00,143
2319.000,2319.000,40.00,1005
2320.000,2320.000,40.00,1065
2321.000,2321.000,40.00,965
2323.000,2323.000,40.00,433
2324.000,2324.000,40.00,1027
2325.000,2325.000,40.00,14
2326.000,2326.000,40.00,1403
2327.000,2327.000,40.00,1937
2328.000,2328.000,40.00,720
2329.000,2329.000,40.00,156
2330.000,2330.000,40.00,234
2331.000,2331.000,40.00,179
2332.000,2332.000,40.00,169
2333.000,2333.000,40.00,55
2335.000,2335.000,40.00,147
2336.000,2336.000,40.00,68
2337.000,2337.000,40.00,68
2338.000,2338.000,40.00,106
2339.000,2339.000,40.00,67
2340.000,2340.000,40.00,11
2341.000,2341.000,40.00,44
2342.000,2342.000,40.00,3
2343.000,2343.000,40.00,55
2344.000,2344.000,40.00,35
2346.000,2346.000,40.00,28
2347.000,2347.000,40.00,3
2348.000,2348.000,40.00,12
2349.000,2349.000,40.00,11
2350.000,2350.000,40.00,0
2351.000,2351.000,40.00,22
2352.000,2352.000,40.00,11
2353.000,2353.000,40.00,0
2354.000,2354.000,40.00,11
2355.000,2355.000,40.00,11
2356.000,2356.000,40.00,6
2358.000,2358.000,40.00,0
2359.000,2359.000,40.00,3675
2360.000,2360.000,40.00,486
2361.000,2361.000,40.00,31910
2362.000,2362.000,40.00,21960
2363.000,2363.000,40.00,85367
2364.000,2364.000,40.00,83818
2365.000,2365.000,40.00,62744
2366.000,2366.000,40.00,0
2367.000,2367.000,40.00,273
2369.000,2369.000,40.00,0
2370.000,2370.000,40.00,8619
2371.000,2371.000,40.00,13190
2372.000,2372.000,40.00,0
2373.000,2373.000,40.00,11785
2374.000,2374.000,40.00,0
2375.000,2375.000,40.00,10341
2376.000,2376.000,40.00,0
2377.000,2377.000,40.00,9695
2378.000,2378.000,40.00,0
2379.000,2379.000,40.00,9036
2381.000,2381.000,40.00,0
2382.000,2382.000,40.00,10663
2383.000,2383.000,40.00,11849
2384.000,2384.000,40.00,0
2385.000,2385.000,40.00,10396
2386.000,2386.000,40.00,0
2387.000,2387.000,40.00,9160
2388.000,2388.000,40.00,0
2389.000,2389.000,40.00,11857
2390.000,2390.000,40.00,0
2391.000,2391.000,40.00,11176
2392.000,2392.000,40.00,120
2394.000,2394.000,40.00,0
2395.000,2395.000,40.00,6565
2396.000,2396.000,40.00,0
2397.000,2397.000,40.00,9991
2398.000,2398.000,40.00,0
2399.000,2399.000,40.00,10077
2400.000,2400.000,40.00,0
2401.000,2401.000,40.00,10031
2402.000,2402.000,40.00,0
2403.000,2403.000,40.00,10551
2404.000,2404.000,40.00,0
2406.000,2406.000,40.00,11219
2407.000,2407.000,40.00,10861
2408.000,2408.000,40.00,0
2409.000,2409.000,40.00,9959
2410.000,2410.000,40.00,0
2411.000,2411.000,40.00,10906
2412.000,2412.000,40.00,0
2413.000,2413.000,40.00,10543
2414.000,2414.000,40.00,0
2415.000,2415.000,40.00,10920
2416.000,2416.000,40.00,0
2417.000,2417.000,40.00,9915
2419.000,2419.000,40.00,0
2420.000,2420.000,40.00,3296
2421.000,2421.000,40.00,10396
2422.000,2422.000,40.00,0
2423.000,2423.000,40.00,10505
2424.000,2424.000,40.00,0
2425.000,2425.000,40.00,10863
2426.000,2426.000,40.00,4
2427.000,2427.000,40.00,6076
2428.000,2428.000,40.00,0
2429.000,2429.000,40.00,274
2431.000,2431.000,40.00,0
2432.000,2432.000,40.00,8065
2433.000,2433.000,40.00,7661
2434.000,2434.000,40.00,0
2435.000,2435.000,40.00,11960
2436.000,2436.000,40.00,0
2437.000,2437.000,40.00,10763
2438.000,2438.000,40.00,0
2439.000,2439.000,40.00,12193
2440.000,2440.000,40.00,0
2441.000,2441.000,40.00,11442
2443.000,2443.000,40.00,0
2444.000,2444.000,40.00,6348
2445.000,2445.000,40.00,2516
2446.000,2446.000,40.00,1
2447.000,2447.000,40.00,11412
2448.000,2448.000,40.00,0
2449.000,2449.000,40.00,10015
2450.000,2450.000,40.00,0
2451.000,2451.000,40.00,10334
2452.000,2452.000,40.00,0
2453.000,2453.000,40.00,9368
2455.000,2455.000,40.00,0
2456.000,2456.000,40.00,11109
2457.000,2457.000,40.00,1383
2458.000,2458.000,40.00,39
2459.000,2459.000,40.00,10144
2460.000,2460.000,40.00,0
2461.000,2461.000,40.00,12188
2462.000,2462.000,40.00,0
2463.000,2463.000,40.00,10604
2464.000,2464.000,40.00,0
2465.000,2465.000,40.00,10527
2467.000,2467.000,40.00,0
2468.000,2468.000,40.00,10081
2469.000,2469.000,40.00,2188
2470.000,2470.000,40.00,76
2471.000,2471.000,40.00,9053
2472.000,2472.000,40.00,0
2473.000,2473.000,40.00,10842
2474.000,2474.000,40.00,0
2475.000,2475.000,40.00,12484
2476.000,2476.000,40.00,0
2477.000,2477.000,40.00,8125
2478.000,2478.000,40.00,0
2480.000,2480.000,40.00,9655
2481.000,2481.000,40.00,0
2482.000,2482.000,40.00,11408
2483.000,2483.000,40.00,11566
2484.000,2484.000,40.00,0
2485.000,2485.000,40.00,10385
2486.000,2486.000,40.00,0
2487.000,2487.000,40.00,11328
2488.000,2488.000,40.00,0
2489.000,2489.000,40.00,10411
2490.000,2490.000,40.00,0
2491.000,2491.000,40.00,10345
2493.000,2493.000,40.00,34
2494.000,2494.000,40.00,10333
2495.000,2495.000,40.00,109
2496.000,2496.000,40.00,10214
2497.000,2497.000,40.00,10609
2498.000,2498.000,40.00,0
2499.000,2499.000,40.00,10528
2500.000,2500.000,40.00,0
2501.000,2501.000,40.00,9971
2502.000,2502.000,40.00,0
2503.000,2503.000,40.00,9406
2505.000,2505.000,40.00,0
2506.000,2506.000,40.00,7609
2507.000,2507.000,40.00,131
2508.000,2508.000,40.00,22452
2509.000,2509.000,40.00,0
2510.000,2510.000,40.00,0
2511.000,2511.000,40.00,10549
2512.000,2512.000,40.00,0
2513.000,2513.000,40.00,8146
2514.000,2514.000,40.00,0
2515.000,2515.000,40.00,11714
2516.000,2516.000,40.00,0
2518.000,2518.000,40.00,10365
2519.000,2519.000,40.00,131
2520.000,2520.000,40.00,0
2521.000,2521.000,40.00,1438
2522.000,2522.000,40.00,0
2523.000,2523.000,40.00,9418
2524.000,2524.000,40.00,0
2525.000,2525.000,40.00,9689
2526.000,2526.000,40.00,0
2527.000,2527.000,40.00,9425
2528.000,2528.000,40.00,0
2529.000,2529.000,40.00,10924
2531.000,2531.000,40.00,0
2532.000,2532.000,40.00,9791
2533.000,2533.000,40.00,6120
2534.000,2534.000,40.00,0
2535.000,2535.000,40.00,275
2536.000,2536.000,40.00,0
2537.000,2537.000,40.00,10027
2538.000,2538.000,40.00,0
2539.000,2539.000,40.00,8516
2540.000,2540.000,40.00,0
2541.000,2541.000,40.00,11797
2543.000,2543.000,40.00,0
2544.000,2544.000,40.00,11548
2545.000,2545.000,40.00,142
2546.000,2546.000,40.00,34
2547.000,2547.000,40.00,783
2548.000,2548.000,40.00,20541
2549.000,2549.000,40.00,0
2550.000,2550.000,40.00,0
2551.000,2551.000,40.00,10347
2552.000,2552.000,40.00,26
2553.000,2553.000,40.00,10409
2554.000,2554.000,40.00,0
2556.000,2556.000,40.00,10346
2557.000,2557.000,40.00,0
2558.000,2558.000,40.00,10698
2559.000,2559.000,40.00,111
2560.000,2560.000,40.00,10258
2561.000,2561.000,40.00,10279
2562.000,2562.000,40.00,0
2563.000,2563.000,40.00,10495
2564.000,2564.000,40.00,0
2565.000,2565.000,40.00,10619
2566.000,2566.000,40.00,0
2567.000,2567.000,40.00,10674
2569.000,2569.000,40.00,0
2570.000,2570.000,40.00,9830
2571.000,2571.000,40.00,0
2572.000,2572.000,40.00,20858
2573.000,2573.000,40.00,0
2574.000,2574.000,40.00,0
2575.000,2575.000,40.00,9754
2576.000,2576.000,40.00,0
2577.000,2577.000,40.00,10772
2578.000,2578.000,40.00,0
2579.000,2579.000,40.00,9610
2580.000,2580.000,40.00,0
2582.000,2582.000,40.00,9650
2583.000,2583.000,40.00,0
2584.000,2584.000,40.00,8063
2585.000,2585.000,40.00,3080
2586.000,2586.000,40.00,2391
2587.000,2587.000,40.00,10699
2588.000,2588.000,40.00,11
2589.000,2589.000,40.00,7732
2590.000,2590.000,40.00,0
2591.000,2591.000,40.00,8962
2592.000,2592.000,40.00,32
2594.000,2594.000,40.00,11186
2595.000,2595.000,40.00,0
2596.000,2596.000,40.00,10220
2597.000,2597.000,40.00,1231
2598.000,2598.000,40.00,6573
2599.000,2599.000,40.00,7516
2600.000,2600.000,40.00,761
2601.000,2601.000,40.00,10654
2602.000,2602.000,40.00,0
2603.000,2603.000,40.00,9191
2604.000,2604.000,40.00,0
2605.000,2605.000,40.00,9081
2607.000,2607.000,40.00,0
2608.000,2608.000,40.00,9712
2609.000,2609.000,40.00,0
2610.000,2610.000,40.00,7876
2611.000,2611.000,40.00,4078
2612.000,2612.000,40.00,4373
2613.000,2613.000,40.00,12083
2614.000,2614.000,40.00,0
2615.000,2615.000,40.00,10082
2616.000,2616.000,40.00,0
2617.000,2617.000,40.00,9536
2618.000,2618.000,40.00,0
2620.000,2620.000,40.00,10419
2621.000,2621.000,40.00,0
2622.000,2622.000,40.00,11305
2623.000,2623.000,40.00,376
2624.000,2624.000,40.00,4771
2625.000,2625.000,40.00,6432
2626.000,2626.000,40.00,936
2627.000,2627.000,40.00,10351
2628.000,2628.000,40.00,0
2629.000,2629.000,40.00,11889
2630.000,2630.000,40.00,0
2632.000,2632.000,40.00,10137
2633.000,2633.000,40.00,0
2634.000,2634.000,40.00,9108
2635.000,2635.000,40.00,0
2636.000,2636.000,40.00,10818
2637.000,2637.000,40.00,10119
2638.000,2638.000,40.00,0
2639.000,2639.000,40.00,10558
2640.000,2640.000,40.00,0
2641.000,2641.000,40.00,9701
2642.000,2642.000,40.00,0
2643.000,2643.000,40.00,10895
2645.000,2645.000,40.00,0
2646.000,2646.000,40.00,11244
2647.000,2647.000,40.00,132
2648.000,2648.000,40.00,2184
2649.000,2649.000,40.00,455
2650.000,2650.000,40.00,11019
2651.000,2651.000,40.00,4537
2652.000,2652.000,40.00,4876
2653.000,2653.000,40.00,10289
2654.000,2654.000,40.00,0
2655.000,2655.000,40.00,9523
2656.000,2656.000,40.00,10009
2658.000,2658.000,40.00,0
2659.000,2659.000,40.00,0
2660.000,2660.000,40.00,17049
2661.000,2661.000,40.00,2087
2662.000,2662.000,40.00,0
2663.000,2663.000,40.00,2343
2664.000,2664.000,40.00,15003
2665.000,2665.000,40.00,1575
2666.000,2666.000,40.00,0
2667.000,2667.000,40.00,6116
2668.000,2668.000,40.00,12619
2669.000,2669.000,40.00,0
2671.000,2671.000,40.00,0
2672.000,2672.000,40.00,16264
2673.000,2673.000,40.00,935
2674.000,2674.000,40.00,0
2675.000,2675.000,40.00,1236
2676.000,2676.000,40.00,7835
2677.000,2677.000,40.00,3826
2678.000,2678.000,40.00,594
2679.000,2679.000,40.00,7281
2680.000,2680.000,40.00,899
2681.000,2681.000,40.00,8987
2682.000,2682.000,40.00,0
2684.000,2684.000,40.00,10334
2685.000,2685.000,40.00,0
2686.000,2686.000,40.00,9170
2687.000,2687.000,40.00,0
2688.000,2688.000,40.00,12672
2689.000,2689.000,40.00,10411
2690.000,2690.000,40.00,0
2691.000,2691.000,40.00,9779
2692.000,2692.000,40.00,0
2693.000,2693.000,40.00,10368
2694.000,2694.000,40.00,0
2695.000,2695.000,40.00,10921
2697.000,2697.000,40.00,0
2698.000,2698.000,40.00,10613
2699.000,2699.000,40.00,208
2700.000,2700.000,40.00,4866
2701.000,2701.000,40.00,8274
2702.000,2702.000,40.00,0
2703.000,2703.000,40.00,11204
2704.000,2704.000,40.00,0
2705.000,2705.000,40.00,10682
2706.000,2706.000,40.00,0
2707.000,2707.000,40.00,10742
2709.000,2709.000,40.00,0
2710.000,2710.000,40.00,7630
2711.000,2711.000,40.00,0
2712.000,2712.000,40.00,8223
2713.000,2713.000,40.00,3963
2714.000,2714.000,40.00,3700
2715.000,2715.000,40.00,8259
2716.000,2716.000,40.00,0
2717.000,2717.000,40.00,10513
2718.000,2718.000,40.00,0
2719.000,2719.000,40.00,11417
2721.000,2721.000,40.00,0
2722.000,2722.000,40.00,10021
2723.000,2723.000,40.00,0
2724.000,2724.000,40.00,10727
2725.000,2725.000,40.00,1712
2726.000,2726.000,40.00,3774
2727.000,2727.000,40.00,7281
2728.000,2728.000,40.00,0
2729.000,2729.000,40.00,10460
2730.000,2730.000,40.00,0
2731.000,2731.000,40.00,10650
2732.000,2732.000,40.00,29
2733.000,2733.000,40.00,10460
2735.000,2735.000,40.00,0
2736.000,2736.000,40.00,10730
2737.000,2737.000,40.00,0
2738.000,2738.000,40.00,9596
2739.000,2739.000,40.00,1955
2740.000,2740.000,40.00,4519
2741.000,2741.000,40.00,10342
2742.000,2742.000,40.00,0
2743.000,2743.000,40.00,10451
2744.000,2744.000,40.00,0
2745.000,2745.000,40.00,10392
2746.000,2746.000,40.00,0
2748.000,2748.000,40.00,9926
2749.000,2749.000,40.00,0
2750.000,2750.000,40.00,10662
2751.000,2751.000,40.00,0
2752.000,2752.000,40.00,8423
2753.000,2753.000,40.00,3849
2754.000,2754.000,40.00,6248
2755.000,2755.000,40.00,10853
2756.000,2756.000,40.00,0
2757.000,2757.000,40.00,10436
2758.000,2758.000,40.00,0
2760.000,2760.000,40.00,10520
2761.000,2761.000,40.00,0
2762.000,2762.000,40.00,11025
2763.000,2763.000,40.00,0
2764.000,2764.000,40.00,9788
2765.000,2765.000,40.00,8824
2766.000,2766.000,40.00,0
2767.000,2767.000,40.00,11046
2768.000,2768.000,40.00,0
2769.000,2769.000,40.00,9596
2770.000,2770.000,40.00,0
2771.000,2771.000,40.00,10876
2773.000,2773.000,40.00,0
2774.000,2774.000,40.00,11387
2775.000,2775.000,40.00,0
2776.000,2776.000,40.00,10508
2777.000,2777.000,40.00,463
2778.000,2778.000,40.00,4538
2779.000,2779.000,40.00,10906
2780.000,2780.000,40.00,0
2781.000,2781.000,40.00,10307
2782.000,2782.000,40.00,0
2783.000,2783.000,40.00,11278
2784.000,2784.000,40.00,0
2786.000,2786.000,40.00,10322
2787.000,2787.000,40.00,0
2788.000,2788.000,40.00,10528
2789.000,2789.000,40.00,0
2790.000,2790.000,40.00,10784
2791.000,2791.000,40.00,4787
2792.000,2792.000,40.00,2860
2793.000,2793.000,40.00,9850
2794.000,2794.000,40.00,18
2795.000,2795.000,40.00,10458
2796.000,2796.000,40.00,0
2797.000,2797.000,40.00,10379
2799.000,2799.000,40.00,0
2800.000,2800.000,40.00,10839
2801.000,2801.000,40.00,0
2802.000,2802.000,40.00,8366
2803.000,2803.000,40.00,2174
2804.000,2804.000,40.00,6259
2805.000,2805.000,40.00,10256
2806.000,2806.000,40.00,1
2807.000,2807.000,40.00,11275
2808.000,2808.000,40.00,0
2809.000,2809.000,40.00,10648
2811.000,2811.000,40.00,0
2812.000,2812.000,40.00,9155
2813.000,2813.000,40.00,0
2814.000,2814.000,40.00,17561
2815.000,2815.000,40.00,2016
2816.000,2816.000,40.00,0
2817.000,2817.000,40.00,5239
2818.000,2818.000,40.00,2713
2819.000,2819.000,40.00,10814
2820.000,2820.000,40.00,0
2821.000,2821.000,40.00,10608
2822.000,2822.000,40.00,0
2824.000,2824.000,40.00,10610
2825.000,2825.000,40.00,0
2826.000,2826.000,40.00,10594
2827.000,2827.000,40.00,199
2828.000,2828.000,40.00,6923
2829.000,2829.000,40.00,5003
2830.000,2830.000,40.00,4705
2831.000,2831.000,40.00,10618
2832.000,2832.000,40.00,0
2833.000,2833.000,40.00,10580
2834.000,2834.000,40.00,0
2835.000,2835.000,40.00,9932
2837.000,2837.000,40.00,0
2838.000,2838.000,40.00,11116
2839.000,2839.000,40.00,0
2840.000,2840.000,40.00,9980
2841.000,2841.000,40.00,132
2842.000,2842.000,40.00,7049
2843.000,2843.000,40.00,5730
2844.000,2844.000,40.00,4783
2845.000,2845.000,40.00,10739
2846.000,2846.000,40.00,0
2847.000,2847.000,40.00,10310
2848.000,2848.000,40.00,0
2850.000,2850.000,40.00,11609
2851.000,2851.000,40.00,0
2852.000,2852.000,40.00,10872
2853.000,2853.000,40.00,8202
2854.000,2854.000,40.00,0
2855.000,2855.000,40.00,253
2856.000,2856.000,40.00,11599
2857.000,2857.000,40.00,8126
2858.000,2858.000,40.00,0
2859.000,2859.000,40.00,5342
2860.000,2860.000,40.00,9414
2861.000,2861.000,40.00,4536
2863.000,2863.000,40.00,0
2864.000,2864.000,40.00,4324
2865.000,2865.000,40.00,9998
2866.000,2866.000,40.00,5064
2867.000,2867.000,40.00,1521
2868.000,2868.000,40.00,14600
2869.000,2869.000,40.00,3506
2870.000,2870.000,40.00,0
2871.000,2871.000,40.00,4081
2872.000,2872.000,40.00,15900
2874.000,2874.000,40.00,0
2875.000,2875.000,40.00,0
2876.000,2876.000,40.00,10571
2877.000,2877.000,40.00,155
2878.000,2878.000,40.00,7628
2879.000,2879.000,40.00,2916
2880.000,2880.000,40.00,5321
2881.000,2881.000,40.00,4887
2882.000,2882.000,40.00,2558
2883.000,2883.000,40.00,10190
2884.000,2884.000,40.00,0
2885.000,2885.000,40.00,9081
2887.000,2887.000,40.00,6129
2888.000,2888.000,40.00,3840
2889.000,2889.000,40.00,4661
2890.000,2890.000,40.00,4813
2891.000,2891.000,40.00,5815
2892.000,2892.000,40.00,3906
2893.000,2893.000,40.00,6078
2894.000,2894.000,40.00,4696
2895.000,2895.000,40.00,2213
2896.000,2896.000,40.00,2701
2897.000,2897.000,40.00,3468
2898.000,2898.000,40.00,4779
2900.000,2900.000,40.00,5742
2901.000,2901.000,40.00,5340
2902.000,2902.000,40.00,5568
2903.000,2903.000,40.00,6407
2904.000,2904.000,40.00,5305
2905.000,2905.000,40.00,12420
2906.000,2906.000,40.00,3660
2907.000,2907.000,40.00,2057
2908.000,2908.000,40.00,3596
2909.000,2909.000,40.00,3664
2910.000,2910.000,40.00,2651
2911.000,2911.000,40.00,2160
2913.000,2913.000,40.00,1409
2914.000,2914.000,40.00,891
2915.000,2915.000,40.00,910
2916.000,2916.000,40.00,2589
2917.000,2917.000,40.00,1220
2918.000,2918.000,40.00,680
2919.000,2919.000,40.00,1415
2920.000,2920.000,40.00,1681
2921.000,2921.000,40.00,1503
2922.000,2922.000,40.00,619
2923.000,2923.000,40.00,1783
2925.000,2925.000,40.00,638
2926.000,2926.000,40.00,1097
2927.000,2927.000,40.00,317
2928.000,2928.000,40.00,337
2929.000,2929.000,40.00,301
2930.000,2930.000,40.00,35
2931.000,2931.000,40.00,48
2932.000,2932.000,40.00,89
2933.000,2933.000,40.00,207
2934.000,2934.000,40.00,88
2935.000,2935.000,40.00,964
2937.000,2937.000,40.00,1612
2938.000,2938.000,40.00,599
2939.000,2939.000,40.00,249
2940.000,2940.000,40.00,136
2941.000,2941.000,40.00,156
2942.000,2942.000,40.00,196
2943.000,2943.000,40.00,87
2944.000,2944.000,40.00,22
2945.000,2945.000,40.00,139
2946.000,2946.000,40.00,55
2947.000,2947.000,40.00,56
2949.000,2949.000,40.00,34
2950.000,2950.000,40.00,54
2951.000,2951.000,40.00,3
2952.000,2952.000,40.00,34
2953.000,2953.000,40.00,26
2954.000,2954.000,40.00,12
2955.000,2955.000,40.00,22
2956.000,2956.000,40.00,45
2957.000,2957.000,40.00,57
2958.000,2958.000,40.00,36
2959.000,2959.000,40.00,89
2961.000,2961.000,40.00,111
2962.000,2962.000,40.00,34
2963.000,2963.000,40.00,79
2964.000,2964.000,40.00,12
2965.000,2965.000,40.00,12
2966.000,2966.000,40.00,0
2967.000,2967.000,40.00,11
2968.000,2968.000,40.00,22
2969.000,2969.000,40.00,0
2970.000,2970.000,40.00,0
2972.000,2972.000,40.00,0
2973.000,2973.000,40.00,23
2974.000,2974.000,40.00,0
2975.000,2975.000,40.00,11
2976.000,2976.000,40.00,3
2977.000,2977.000,40.00,0
2978.000,2978.000,40.00,0
2979.000,2979.000,40.00,0
2980.000,2980.000,40.00,2018
2981.000,2981.000,40.00,4662
2983.000,2983.000,40.00,74994
2984.000,2984.000,40.00,127052
2985.000,2985.000,40.00,150132
2986.000,2986.000,40.00,0
2987.000,2987.000,40.00,10932
2988.000,2988.000,40.00,0
2989.000,2989.000,40.00,10502
2990.000,2990.000,40.00,0
2991.000,2991.000,40.00,10249
2992.000,2992.000,40.00,1
2993.000,2993.000,40.00,10415
2995.000,2995.000,40.00,0
2996.000,2996.000,40.00,9512
2997.000,2997.000,40.00,0
2998.000,2998.000,40.00,10661
2999.000,2999.000,40.00,120
3000.000,3000.000,40.00,1348
3001.000,3001.000,40.00,10104
3002.000,3002.000,40.00,0
3003.000,3003.000,40.00,10476
3004.000,3004.000,40.00,0
3005.000,3005.000,40.00,10939
3007.000,3007.000,40.00,0
3008.000,3008.000,40.00,11324
3009.000,3009.000,40.00,0
3010.000,3010.000,40.00,10456
3011.000,3011.000,40.00,0
3012.000,3012.000,40.00,8116
3013.000,3013.000,40.00,11054
3014.000,3014.000,40.00,0
3015.000,3015.000,40.00,8849
3016.000,3016.000,40.00,0
3017.000,3017.000,40.00,12202
3019.000,3019.000,40.00,0
3020.000,3020.000,40.00,10792
3021.000,3021.000,40.00,0
3022.000,3022.000,40.00,10089
3023.000,3023.000,40.00,2277
3024.000,3024.000,40.00,0
3025.000,3025.000,40.00,10873
3026.000,3026.000,40.00,0
3027.000,3027.000,40.00,10292
3028.000,3028.000,40.00,0
3029.000,3029.000,40.00,10254
3031.000,3031.000,40.00,0
3032.000,3032.000,40.00,9644
3033.000,3033.000,40.00,0
3034.000,3034.000,40.00,11565
3035.000,3035.000,40.00,3036
3036.000,3036.000,40.00,0
3037.000,3037.000,40.00,10884
3038.000,3038.000,40.00,0
3039.000,3039.000,40.00,10425
3040.000,3040.000,40.00,0
3041.000,3041.000,40.00,10203
3043.000,3043.000,40.00,0
3044.000,3044.000,40.00,10633
3045.000,3045.000,40.00,0
3046.000,3046.000,40.00,9912
3047.000,3047.000,40.00,10606
3048.000,3048.000,40.00,0
3049.000,3049.000,40.00,9523
3050.000,3050.000,40.00,0
3051.000,3051.000,40.00,10445
3052.000,3052.000,40.00,0
3053.000,3053.000,40.00,12413
3055.000,3055.000,40.00,0
3056.000,3056.000,40.00,9856
3057.000,3057.000,40.00,0
3058.000,3058.000,40.00,10922
3059.000,3059.000,40.00,8537
3060.000,3060.000,40.00,1632
3061.000,3061.000,40.00,9905
3062.000,3062.000,40.00,0
3063.000,3063.000,40.00,10764
3064.000,3064.000,40.00,0
3065.000,3065.000,40.00,10285
3067.000,3067.000,40.00,0
3068.000,3068.000,40.00,10754
3069.000,3069.000,40.00,0
3070.000,3070.000,40.00,10472
3071.000,3071.000,40.00,2421
3072.000,3072.000,40.00,1011
3073.000,3073.000,40.00,9708
3074.000,3074.000,40.00,0
3075.000,3075.000,40.00,12779
3076.000,3076.000,40.00,0
3077.000,3077.000,40.00,10744
3079.000,3079.000,40.00,0
3080.000,3080.000,40.00,10041
3081.000,3081.000,40.00,0
3082.000,3082.000,40.00,10884
3083.000,3083.000,40.00,10781
3084.000,3084.000,40.00,0
3085.000,3085.000,40.00,10405
3086.000,3086.000,40.00,0
3087.000,3087.000,40.00,11015
3088.000,3088.000,40.00,0
3089.000,3089.000,40.00,10067
3091.000,3091.000,40.00,1
3092.000,3092.000,40.00,11330
3093.000,3093.000,40.00,0
3094.000,3094.000,40.00,8519
3095.000,3095.000,40.00,933
3096.000,3096.000,40.00,0
3097.000,3097.000,40.00,10191
3098.000,3098.000,40.00,0
3099.000,3099.000,40.00,10196
3100.000,3100.000,40.00,1
3101.000,3101.000,40.00,11073
3103.000,3103.000,40.00,0
3104.000,3104.000,40.00,10393
3105.000,3105.000,40.00,0
3106.000,3106.000,40.00,9833
3107.000,3107.000,40.00,7460
3108.000,3108.000,40.00,0
3109.000,3109.000,40.00,9045
3110.000,3110.000,40.00,0
3111.000,3111.000,40.00,11569
3112.000,3112.000,40.00,0
3113.000,3113.000,40.00,10665
3115.000,3115.000,40.00,0
3116.000,3116.000,40.00,10070
3117.000,3117.000,40.00,33
3118.000,3118.000,40.00,9932
3119.000,3119.000,40.00,1489
3120.000,3120.000,40.00,0
3121.000,3121.000,40.00,11289
3122.000,3122.000,40.00,0
3123.000,3123.000,40.00,11730
3124.000,3124.000,40.00,0
3125.000,3125.000,40.00,11706
3127.000,3127.000,40.00,0
3128.000,3128.000,40.00,8449
3129.000,3129.000,40.00,0
3130.000,3130.000,40.00,12420
3131.000,3131.000,40.00,12140
3132.000,3132.000,40.00,33
3133.000,3133.000,40.00,10720
3134.000,3134.000,40.00,0
3135.000,3135.000,40.00,10791
3136.000,3136.000,40.00,0
3137.000,3137.000,40.00,10805
3138.000,3138.000,40.00,0
3140.000,3140.000,40.00,10343
3141.000,3141.000,40.00,0
3142.000,3142.000,40.00,9780
3143.000,3143.000,40.00,0
3144.000,3144.000,40.00,2131
3145.000,3145.000,40.00,10185
3146.000,3146.000,40.00,0
3147.000,3147.000,40.00,10862
3148.000,3148.000,40.00,0
3149.000,3149.000,40.00,10215
3150.000,3150.000,40.00,23
3152.000,3152.000,40.00,8356
3153.000,3153.000,40.00,0
3154.000,3154.000,40.00,374
3155.000,3155.000,40.00,410
3156.000,3156.000,40.00,0
3157.000,3157.000,40.00,814
3158.000,3158.000,40.00,0
3159.000,3159.000,40.00,13431
3160.000,3160.000,40.00,1
3161.000,3161.000,40.00,11469
3162.000,3162.000,40.00,0
3164.000,3164.000,40.00,10513
3165.000,3165.000,40.00,0
3166.000,3166.000,40.00,10406
3167.000,3167.000,40.00,7909
3168.000,3168.000,40.00,0
3169.000,3169.000,40.00,10645
3170.000,3170.000,40.00,0
3171.000,3171.000,40.00,10288
3172.000,3172.000,40.00,1
3173.000,3173.000,40.00,9754
3174.000,3174.000,40.00,0
3176.000,3176.000,40.00,11438
3177.000,3177.000,40.00,0
3178.000,3178.000,40.00,10429
3179.000,3179.000,40.00,33
3180.000,3180.000,40.00,6585
3181.000,3181.000,40.00,10039
3182.000,3182.000,40.00,0
3183.000,3183.000,40.00,10781
3184.000,3184.000,40.00,0
3185.000,3185.000,40.00,9718
3186.000,3186.000,40.00,0
3188.000,3188.000,40.00,11236
3189.000,3189.000,40.00,0
3190.000,3190.000,40.00,10693
3191.000,3191.000,40.00,11
3192.000,3192.000,40.00,10551
3193.000,3193.000,40.00,10352
3194.000,3194.000,40.00,0
3195.000,3195.000,40.00,10545
3196.000,3196.000,40.00,0
3197.000,3197.000,40.00,8956
3198.000,3198.000,40.00,0
3199.000,3199.000,40.00,3084
3201.000,3201.000,40.00,0
3202.000,3202.000,40.00,801
3203.000,3203.000,40.00,0
3204.000,3204.000,40.00,1116
3205.000,3205.000,40.00,607
3206.000,3206.000,40.00,11
3207.000,3207.000,40.00,488
3208.000,3208.000,40.00,0
3209.000,3209.000,40.00,622
3210.000,3210.000,40.00,0
3211.000,3211.000,40.00,587
3213.000,3213.000,40.00,0
3214.000,3214.000,40.00,429
3215.000,3215.000,40.00,0
3216.000,3216.000,40.00,445
3217.000,3217.000,40.00,471
3218.000,3218.000,40.00,0
3219.000,3219.000,40.00,111
3220.000,3220.000,40.00,0
3221.000,3221.000,40.00,1394
3222.000,3222.000,40.00,0
3223.000,3223.000,40.00,1480
3225.000,3225.000,40.00,0
3226.000,3226.000,40.00,1212
3227.000,3227.000,40.00,1
3228.000,3228.000,40.00,119
3229.000,3229.000,40.00,142
3230.000,3230.000,40.00,0
3231.000,3231.000,40.00,1270
3232.000,3232.000,40.00,0
3233.000,3233.000,40.00,1297
3234.000,3234.000,40.00,0
3236.000,3236.000,40.00,1491
3237.000,3237.000,40.00,0
3238.000,3238.000,40.00,1260
3239.000,3239.000,40.00,0
3240.000,3240.000,40.00,430
3241.000,3241.000,40.00,1692
3242.000,3242.000,40.00,0
3243.000,3243.000,40.00,1513
3244.000,3244.000,40.00,0
3245.000,3245.000,40.00,1917
3246.000,3246.000,40.00,0
3248.000,3248.000,40.00,1386
3249.000,3249.000,40.00,0
3250.000,3250.000,40.00,1053
3251.000,3251.000,40.00,1230
3252.000,3252.000,40.00,36
3253.000,3253.000,40.00,1387
3254.000,3254.000,40.00,0
3255.000,3255.000,40.00,2840
3256.000,3256.000,40.00,0
3257.000,3257.000,40.00,900
3258.000,3258.000,40.00,0
3260.000,3260.000,40.00,2470
3261.000,3261.000,40.00,0
3262.000,3262.000,40.00,687
3263.000,3263.000,40.00,0
3264.000,3264.000,40.00,0
3265.000,3265.000,40.00,0
3266.000,3266.000,40.00,7
3267.000,3267.000,40.00,0
3268.000,3268.000,40.00,0
3269.000,3269.000,40.00,0
3271.000,3271.000,40.00,0
3272.000,3272.000,40.00,0
3273.000,3273.000,40.00,0
3274.000,3274.000,40.00,0
3275.000,3275.000,40.00,0
3276.000,3276.000,40.00,0
3277.000,3277.000,40.00,0
3278.000,3278.000,40.00,0
3279.000,3279.000,40.00,0
3280.000,3280.000,40.00,1
3281.000,3281.000,40.00,0
3283.000,3283.000,40.00,0
3284.000,3284.000,40.00,0
3285.000,3285.000,40.00,0
3286.000,3286.000,40.00,0
3287.000,3287.000,40.00,0
3288.000,3288.000,40.00,0
3289.000,3289.000,40.00,0
3290.000,3290.000,40.00,0
3291.000,3291.000,40.00,44
3292.000,3292.000,40.00,0
3294.000,3294.000,40.00,0
3295.000,3295.000,40.00,0
3296.000,3296.000,40.00,0
3297.000,3297.000,40.00,0
3298.000,3298.000,40.00,0
3299.000,3299.000,40.00,0
3300.000,3300.000,40.00,0
3301.000,3301.000,40.00,0
3302.000,3302.000,40.00,0
3303.000,3303.000,40.00,0
3304.000,3304.000,40.00,0
3306.000,3306.000,40.00,0
3307.000,3307.000,40.00,0
3308.000,3308.000,40.00,0
3309.000,3309.000,40.00,0
3310.000,3310.000,40.00,0
3311.000,3311.000,40.00,0
3312.000,3312.000,40.00,10
3313.000,3313.000,40.00,0
3314.000,3314.000,40.00,0
3315.000,3315.000,40.00,0
3317.000,3317.000,40.00,0
3318.000,3318.000,40.00,0
3319.000,3319.000,40.00,49
3320.000,3320.000,40.00,0
3321.000,3321.000,40.00,0
3322.000,3322.000,40.00,0
3323.000,3323.000,40.00,0
3324.000,3324.000,40.00,0
3325.000,3325.000,40.00,0
3326.000,3326.000,40.00,0
3327.000,3327.000,40.00,0
3329.000,3329.000,40.00,0
3330.000,3330.000,40.00,0
3331.000,3331.000,40.00,0
3332.000,3332.000,40.00,0
3333.000,3333.000,40.00,0
3334.000,3334.000,40.00,0
3335.000,3335.000,40.00,0
3336.000,3336.000,40.00,0
3337.000,3337.000,40.00,0
3338.000,3338.000,40.00,0
3340.000,3340.000,40.00,0
3341.000,3341.000,40.00,0
3342.000,3342.000,40.00,0
3343.000,3343.000,40.00,0
3344.000,3344.000,40.00,0
3345.000,3345.000,40.00,0
3346.000,3346.000,40.00,0
3347.000,3347.000,40.00,0
3348.000,3348.000,40.00,11
3349.000,3349.000,40.00,0
3350.000,3350.000,40.00,0
3352.000,3352.000,40.00,0
3353.000,3353.000,40.00,0
3354.000,3354.000,40.00,0
3355.000,3355.000,40.00,0
3356.000,3356.000,40.00,0
3357.000,3357.000,40.00,0
3358.000,3358.000,40.00,0
3359.000,3359.000,40.00,0
3360.000,3360.000,40.00,0
3361.000,3361.000,40.00,0
3363.000,3363.000,40.00,0
3364.000,3364.000,40.00,0
3365.000,3365.000,40.00,0
3366.000,3366.000,40.00,0
3367.000,3367.000,40.00,0
3368.000,3368.000,40.00,0
3369.000,3369.000,40.00,0
3370.000,3370.000,40.00,0
3371.000,3371.000,40.00,4
3372.000,3372.000,40.00,0
3374.000,3374.000,40.00,0
3375.000,3375.000,40.00,0
3376.000,3376.000,40.00,0
3377.000,3377.000,40.00,0
3378.000,3378.000,40.00,0
3379.000,3379.000,40.00,0
3380.000,3380.000,40.00,1
3381.000,3381.000,40.00,0
3382.000,3382.000,40.00,0
3383.000,3383.000,40.00,232
3385.000,3385.000,40.00,0
3386.000,3386.000,40.00,0
3387.000,3387.000,40.00,0
3388.000,3388.000,40.00,4
3390.000,3390.000,40.00,0
3391.000,3391.000,40.00,0
3392.000,3392.000,40.00,0
3393.000,3393.000,40.00,0
3394.000,3394.000,40.00,0
3396.000,3396.000,40.00,3
3397.000,3397.000,40.00,0
3398.000,3398.000,40.00,0
3399.000,3399.000,40.00,0
3400.000,3400.000,40.00,112018
3401.000,3401.000,40.00,92203
3402.000,3402.000,40.00,82321
3404.000,3404.000,40.00,156480
3405.000,3405.000,40.00,162793
3406.000,3406.000,40.00,163728
3407.000,3407.000,40.00,63617
3408.000,3408.000,40.00,1234
3409.000,3409.000,40.00,1263
3410.000,3410.000,40.00,12592
3411.000,3411.000,40.00,11541
3412.000,3412.000,40.00,1090
3413.000,3413.000,40.00,12243
3414.000,3414.000,40.00,667
3416.000,3416.000,40.00,10683
3417.000,3417.000,40.00,0
3418.000,3418.000,40.00,10456
3419.000,3419.000,40.00,0
3420.000,3420.000,40.00,9646
3421.000,3421.000,40.00,0
3422.000,3422.000,40.00,10543
3423.000,3423.000,40.00,0
3424.000,3424.000,40.00,9401
3425.000,3425.000,40.00,10610
3426.000,3426.000,40.00,0
3427.000,3427.000,40.00,9585
3429.000,3429.000,40.00,0
3430.000,3430.000,40.00,8990
3431.000,3431.000,40.00,0
3432.000,3432.000,40.00,12130
3433.000,3433.000,40.00,0
3434.000,3434.000,40.00,11157
3435.000,3435.000,40.00,0
3436.000,3436.000,40.00,9305
3437.000,3437.000,40.00,8644
3438.000,3438.000,40.00,2172
3440.000,3440.000,40.00,10065
3441.000,3441.000,40.00,0
3442.000,3442.000,40.00,10870
3443.000,3443.000,40.00,0
3444.000,3444.000,40.00,10206
3445.000,3445.000,40.00,0
3446.000,3446.000,40.00,10316
3447.000,3447.000,40.00,0
3448.000,3448.000,40.00,10295
3449.000,3449.000,40.00,10050
3450.000,3450.000,40.00,0
3451.000,3451.000,40.00,10891
3453.000,3453.000,40.00,0
3454.000,3454.000,40.00,11008
3455.000,3455.000,40.00,0
3456.000,3456.000,40.00,9297
3457.000,3457.000,40.00,0
3458.000,3458.000,40.00,10533
3459.000,3459.000,40.00,0
3460.000,3460.000,40.00,11007
3461.000,3461.000,40.00,10340
3462.000,3462.000,40.00,1
3463.000,3463.000,40.00,10147
3465.000,3465.000,40.00,0
3466.000,3466.000,40.00,10130
3467.000,3467.000,40.00,0
3468.000,3468.000,40.00,10278
3469.000,3469.000,40.00,0
3470.000,3470.000,40.00,10362
3471.000,3471.000,40.00,0
3472.000,3472.000,40.00,11177
3473.000,3473.000,40.00,10668
3474.000,3474.000,40.00,0
3475.000,3475.000,40.00,10625
3477.000,3477.000,40.00,0
3478.000,3478.000,40.00,10368
3479.000,3479.000,40.00,0
3480.000,3480.000,40.00,9971
3481.000,3481.000,40.00,0
3482.000,3482.000,40.00,11253
3483.000,3483.000,40.00,0
3484.000,3484.000,40.00,8011
3485.000,3485.000,40.00,10786
3486.000,3486.000,40.00,0
3487.000,3487.000,40.00,9791
3489.000,3489.000,40.00,0
3490.000,3490.000,40.00,10762
3491.000,3491.000,40.00,0
3492.000,3492.000,40.00,10393
3493.000,3493.000,40.00,0
3494.000,3494.000,40.00,10574
3495.000,3495.000,40.00,0
3496.000,3496.000,40.00,9867
3497.000,3497.000,40.00,5423
3498.000,3498.000,40.00,5074
3499.000,3499.000,40.00,9438
3501.000,3501.000,40.00,0
3502.000,3502.000,40.00,11250
3503.000,3503.000,40.00,0
3504.000,3504.000,40.00,8911
3505.000,3505.000,40.00,0
3506.000,3506.000,40.00,9167
3507.000,3507.000,40.00,0
3508.000,3508.000,40.00,10339
3509.000,3509.000,40.00,0
3510.000,3510.000,40.00,2832
3511.000,3511.000,40.00,11157
3512.000,3512.000,40.00,0
3514.000,3514.000,40.00,10330
3515.000,3515.000,40.00,0
3516.000,3516.000,40.00,9849
3517.000,3517.000,40.00,0
3518.000,3518.000,40.00,10969
3519.000,3519.000,40.00,0
3520.000,3520.000,40.00,10198
3521.000,3521.000,40.00,4521
3522.000,3522.000,40.00,0
3523.000,3523.000,40.00,10575
3524.000,3524.000,40.00,0
3526.000,3526.000,40.00,10751
3527.000,3527.000,40.00,0
3528.000,3528.000,40.00,9837
3529.000,3529.000,40.00,0
3530.000,3530.000,40.00,10917
3531.000,3531.000,40.00,0
3532.000,3532.000,40.00,10608
3533.000,3533.000,40.00,0
3534.000,3534.000,40.00,8727
3535.000,3535.000,40.00,10483
3536.000,3536.000,40.00,0
3537.000,3537.000,40.00,8927
3539.000,3539.000,40.00,0
3540.000,3540.000,40.00,10426
3541.000,3541.000,40.00,0
3542.000,3542.000,40.00,10949
3543.000,3543.000,40.00,0
3544.000,3544.000,40.00,11124
3545.000,3545.000,40.00,0
3546.000,3546.000,40.00,10249
3547.000,3547.000,40.00,1764
3548.000,3548.000,40.00,4812
3549.000,3549.000,40.00,9728
3550.000,3550.000,40.00,0
3552.000,3552.000,40.00,10015
3553.000,3553.000,40.00,0
3554.000,3554.000,40.00,10137
3555.000,3555.000,40.00,0
3556.000,3556.000,40.00,11846
3557.000,3557.000,40.00,0
3558.000,3558.000,40.00,10451
3559.000,3559.000,40.00,0
3560.000,3560.000,40.00,8797
3561.000,3561.000,40.00,7906
3562.000,3562.000,40.00,0
3564.000,3564.000,40.00,5760
3565.000,3565.000,40.00,0
3566.000,3566.000,40.00,10468
3567.000,3567.000,40.00,0
3568.000,3568.000,40.00,10427
3569.000,3569.000,40.00,0
3570.000,3570.000,40.00,9939
3571.000,3571.000,40.00,0
3572.000,3572.000,40.00,9711
3573.000,3573.000,40.00,495
3574.000,3574.000,40.00,13067
3575.000,3575.000,40.00,4387
3577.000,3577.000,40.00,0
3578.000,3578.000,40.00,10960
3579.000,3579.000,40.00,0
3580.000,3580.000,40.00,11442
3581.000,3581.000,40.00,0
3582.000,3582.000,40.00,10266
3583.000,3583.000,40.00,0
3584.000,3584.000,40.00,11012
3585.000,3585.000,40.00,3321
3586.000,3586.000,40.00,914
3587.000,3587.000,40.00,9579
3588.000,3588.000,40.00,0
3590.000,3590.000,40.00,10721
3591.000,3591.000,40.00,0
3592.000,3592.000,40.00,10500
3593.000,3593.000,40.00,5
3594.000,3594.000,40.00,9561
3595.000,3595.000,40.00,0
3596.000,3596.000,40.00,10470
3597.000,3597.000,40.00,11
3598.000,3598.000,40.00,6600
3599.000,3599.000,40.00,1791
3600.000,3600.000,40.00,7097
3601.000,3601.000,40.00,10330
3603.000,3603.000,40.00,0
3604.000,3604.000,40.00,10425
3605.000,3605.000,40.00,0
3606.000,3606.000,40.00,10095
3607.000,3607.000,40.00,0
3608.000,3608.000,40.00,10395
3609.000,3609.000,40.00,0
3610.000,3610.000,40.00,10282
3611.000,3611.000,40.00,5389
3612.000,3612.000,40.00,2554
3613.000,3613.000,40.00,4438
3615.000,3615.000,40.00,1897
3616.000,3616.000,40.00,9329
3617.000,3617.000,40.00,0
3618.000,3618.000,40.00,9484
3619.000,3619.000,40.00,0
3620.000,3620.000,40.00,10341
3621.000,3621.000,40.00,0
3622.000,3622.000,40.00,10515
3623.000,3623.000,40.00,904
3624.000,3624.000,40.00,8391
3625.000,3625.000,40.00,3943
3626.000,3626.000,40.00,3847
3628.000,3628.000,40.00,9127
3629.000,3629.000,40.00,0
3630.000,3630.000,40.00,10427
3631.000,3631.000,40.00,0
3632.000,3632.000,40.00,11109
3633.000,3633.000,40.00,0
3634.000,3634.000,40.00,12977
3635.000,3635.000,40.00,122
3636.000,3636.000,40.00,8001
3637.000,3637.000,40.00,209
3638.000,3638.000,40.00,6779
3639.000,3639.000,40.00,7295
3641.000,3641.000,40.00,463
3642.000,3642.000,40.00,3530
3643.000,3643.000,40.00,5003
3644.000,3644.000,40.00,10257
3645.000,3645.000,40.00,0
3646.000,3646.000,40.00,10822
3647.000,3647.000,40.00,0
3648.000,3648.000,40.00,9752
3649.000,3649.000,40.00,1856
3650.000,3650.000,40.00,6659
3651.000,3651.000,40.00,4928
3652.000,3652.000,40.00,32
3654.000,3654.000,40.00,10112
3655.000,3655.000,40.00,1
3656.000,3656.000,40.00,8573
3657.000,3657.000,40.00,274
3658.000,3658.000,40.00,10081
3659.000,3659.000,40.00,50
3660.000,3660.000,40.00,10360
3661.000,3661.000,40.00,0
3662.000,3662.000,40.00,5581
3663.000,3663.000,40.00,1734
3664.000,3664.000,40.00,6905
3665.000,3665.000,40.00,10258
3667.000,3667.000,40.00,0
3668.000,3668.000,40.00,10472
3669.000,3669.000,40.00,0
3670.000,3670.000,40.00,10354
3671.000,3671.000,40.00,0
3672.000,3672.000,40.00,9545
3673.000,3673.000,40.00,0
3674.000,3674.000,40.00,3891
3675.000,3675.000,40.00,16735
3676.000,3676.000,40.00,0
3677.000,3677.000,40.00,10825
3679.000,3679.000,40.00,0
3680.000,3680.000,40.00,10872
3681.000,3681.000,40.00,0
3682.000,3682.000,40.00,10834
3683.000,3683.000,40.00,0
3684.000,3684.000,40.00,9507
3685.000,3685.000,40.00,0
3686.000,3686.000,40.00,10594
3687.000,3687.000,40.00,132
3688.000,3688.000,40.00,10367
3689.000,3689.000,40.00,10659
3690.000,3690.000,40.00,0
3691.000,3691.000,40.00,9518
3693.000,3693.000,40.00,0
3694.000,3694.000,40.00,998
3695.000,3695.000,40.00,8369
3696.000,3696.000,40.00,5041
3697.000,3697.000,40.00,0
3698.000,3698.000,40.00,10219
3699.000,3699.000,40.00,0
3700.000,3700.000,40.00,9519
3701.000,3701.000,40.00,5897
3702.000,3702.000,40.00,1800
3703.000,3703.000,40.00,10739
3705.000,3705.000,40.00,0
3706.000,3706.000,40.00,8697
3707.000,3707.000,40.00,0
3708.000,3708.000,40.00,10065
3709.000,3709.000,40.00,0
3710.000,3710.000,40.00,9742
3711.000,3711.000,40.00,0
3712.000,3712.000,40.00,9784
3713.000,3713.000,40.00,3865
3714.000,3714.000,40.00,1126
3715.000,3715.000,40.00,5140
3716.000,3716.000,40.00,0
3718.000,3718.000,40.00,10067
3719.000,3719.000,40.00,0
3720.000,3720.000,40.00,10716
3721.000,3721.000,40.00,0
3722.000,3722.000,40.00,10489
3723.000,3723.000,40.00,0
3724.000,3724.000,40.00,10339
3725.000,3725.000,40.00,0
3726.000,3726.000,40.00,10280
3727.000,3727.000,40.00,5329
3728.000,3728.000,40.00,859
3729.000,3729.000,40.00,10114
3731.000,3731.000,40.00,0
3732.000,3732.000,40.00,11233
3733.000,3733.000,40.00,0
3734.000,3734.000,40.00,9907
3735.000,3735.000,40.00,0
3736.000,3736.000,40.00,11153
3737.000,3737.000,40.00,0
3738.000,3738.000,40.00,10361
3739.000,3739.000,40.00,385
3740.000,3740.000,40.00,4573
3741.000,3741.000,40.00,5634
3742.000,3742.000,40.00,0
3743.000,3743.000,40.00,10359
3745.000,3745.000,40.00,0
3746.000,3746.000,40.00,11581
3747.000,3747.000,40.00,0
3748.000,3748.000,40.00,10358
3749.000,3749.000,40.00,0
3750.000,3750.000,40.00,11193
3751.000,3751.000,40.00,0
3752.000,3752.000,40.00,9632
3753.000,3753.000,40.00,2285
3754.000,3754.000,40.00,4087
3755.000,3755.000,40.00,10035
3756.000,3756.000,40.00,0
3758.000,3758.000,40.00,11322
3759.000,3759.000,40.00,0
3760.000,3760.000,40.00,11287
3761.000,3761.000,40.00,42
3762.000,3762.000,40.00,9825
3763.000,3763.000,40.00,0
3764.000,3764.000,40.00,9334
3765.000,3765.000,40.00,0
3766.000,3766.000,40.00,10053
3767.000,3767.000,40.00,959
3768.000,3768.000,40.00,6756
3769.000,3769.000,40.00,5373
3770.000,3770.000,40.00,507
3772.000,3772.000,40.00,10697
3773.000,3773.000,40.00,23
3774.000,3774.000,40.00,10715
3775.000,3775.000,40.00,0
3776.000,3776.000,40.00,10531
3777.000,3777.000,40.00,0
3778.000,3778.000,40.00,10402
3779.000,3779.000,40.00,0
3780.000,3780.000,40.00,9568
3781.000,3781.000,40.00,10175
3782.000,3782.000,40.00,0
3783.000,3783.000,40.00,619
3785.000,3785.000,40.00,8683
3786.000,3786.000,40.00,10244
3787.000,3787.000,40.00,274
3788.000,3788.000,40.00,9540
3789.000,3789.000,40.00,0
3790.000,3790.000,40.00,10605
3791.000,3791.000,40.00,0
3792.000,3792.000,40.00,10527
3793.000,3793.000,40.00,2524
3794.000,3794.000,40.00,5467
3795.000,3795.000,40.00,7773
3796.000,3796.000,40.00,0
3798.000,3798.000,40.00,10001
3799.000,3799.000,40.00,0
3800.000,3800.000,40.00,10661
3801.000,3801.000,40.00,0
3802.000,3802.000,40.00,10238
3803.000,3803.000,40.00,0
3804.000,3804.000,40.00,12540
3805.000,3805.000,40.00,685
3806.000,3806.000,40.00,5626
3807.000,3807.000,40.00,3270
3808.000,3808.000,40.00,2768
3809.000,3809.000,40.00,10617
3811.000,3811.000,40.00,0
3812.000,3812.000,40.00,11266
3813.000,3813.000,40.00,0
3814.000,3814.000,40.00,9238
3815.000,3815.000,40.00,0
3816.000,3816.000,40.00,10516
3817.000,3817.000,40.00,0
3818.000,3818.000,40.00,9872
3819.000,3819.000,40.00,848
3820.000,3820.000,40.00,5044
3821.000,3821.000,40.00,6975
3822.000,3822.000,40.00,0
3824.000,3824.000,40.00,5780
3825.000,3825.000,40.00,1158
3826.000,3826.000,40.00,10047
3827.000,3827.000,40.00,0
3828.000,3828.000,40.00,10059
3829.000,3829.000,40.00,0
3830.000,3830.000,40.00,9792
3831.000,3831.000,40.00,0
3832.000,3832.000,40.00,9635
3833.000,3833.000,40.00,3485
3834.000,3834.000,40.00,5162
3835.000,3835.000,40.00,7515
3837.000,3837.000,40.00,1451
3838.000,3838.000,40.00,9338
3839.000,3839.000,40.00,0
3840.000,3840.000,40.00,12039
3841.000,3841.000,40.00,0
3842.000,3842.000,40.00,10085
3843.000,3843.000,40.00,0
3844.000,3844.000,40.00,8370
3845.000,3845.000,40.00,1649
3846.000,3846.000,40.00,7103
3847.000,3847.000,40.00,8502
3848.000,3848.000,40.00,2579
3850.000,3850.000,40.00,8919
3851.000,3851.000,40.00,0
3852.000,3852.000,40.00,9831
3853.000,3853.000,40.00,0
3854.000,3854.000,40.00,11345
3855.000,3855.000,40.00,0
3856.000,3856.000,40.00,9944
3857.000,3857.000,40.00,420
3858.000,3858.000,40.00,9382
3859.000,3859.000,40.00,66
3860.000,3860.000,40.00,11277
3861.000,3861.000,40.00,10372
3863.000,3863.000,40.00,0
3864.000,3864.000,40.00,11027
3865.000,3865.000,40.00,0
3866.000,3866.000,40.00,10302
3867.000,3867.000,40.00,0
3868.000,3868.000,40.00,10687
3869.000,3869.000,40.00,0
3870.000,3870.000,40.00,11207
3871.000,3871.000,40.00,121
3872.000,3872.000,40.00,6894
3873.000,3873.000,40.00,8994
3874.000,3874.000,40.00,62
3876.000,3876.000,40.00,7625
3877.000,3877.000,40.00,0
3878.000,3878.000,40.00,9138
3879.000,3879.000,40.00,0
3880.000,3880.000,40.00,9779
3881.000,3881.000,40.00,0
3882.000,3882.000,40.00,11017
3883.000,3883.000,40.00,0
3884.000,3884.000,40.00,8085
3885.000,3885.000,40.00,3020
3886.000,3886.000,40.00,7078
3887.000,3887.000,40.00,1798
3889.000,3889.000,40.00,3217
3890.000,3890.000,40.00,11207
3891.000,3891.000,40.00,0
3892.000,3892.000,40.00,10238
3893.000,3893.000,40.00,10
3894.000,3894.000,40.00,10868
3895.000,3895.000,40.00,0
3896.000,3896.000,40.00,9622
3897.000,3897.000,40.00,3944
3898.000,3898.000,40.00,2776
3899.000,3899.000,40.00,7326
3901.000,3901.000,40.00,1529
3902.000,3902.000,40.00,13496
3903.000,3903.000,40.00,0
3904.000,3904.000,40.00,7435
3905.000,3905.000,40.00,0
3906.000,3906.000,40.00,12060
3907.000,3907.000,40.00,0
3908.000,3908.000,40.00,11322
3909.000,3909.000,40.00,221
3910.000,3910.000,40.00,7117
3911.000,3911.000,40.00,3314
3912.000,3912.000,40.00,0
3914.000,3914.000,40.00,11264
3915.000,3915.000,40.00,0
3916.000,3916.000,40.00,11690
3917.000,3917.000,40.00,0
3918.000,3918.000,40.00,9998
3919.000,3919.000,40.00,0
3920.000,3920.000,40.00,9289
3921.000,3921.000,40.00,0
3922.000,3922.000,40.00,8958
3923.000,3923.000,40.00,8270
3924.000,3924.000,40.00,0
3925.000,3925.000,40.00,9643
3927.000,3927.000,40.00,19
3928.000,3928.000,40.00,11433
3929.000,3929.000,40.00,7
3930.000,3930.000,40.00,10276
3931.000,3931.000,40.00,0
3932.000,3932.000,40.00,11354
3933.000,3933.000,40.00,0
3934.000,3934.000,40.00,9438
3935.000,3935.000,40.00,935
3936.000,3936.000,40.00,5443
3937.000,3937.000,40.00,10541
3938.000,3938.000,40.00,0
3940.000,3940.000,40.00,1115
3941.000,3941.000,40.00,6469
3942.000,3942.000,40.00,15987
3943.000,3943.000,40.00,275
3944.000,3944.000,40.00,10270
3945.000,3945.000,40.00,0
3946.000,3946.000,40.00,10391
3947.000,3947.000,40.00,0
3948.000,3948.000,40.00,9484
3949.000,3949.000,40.00,4951
3950.000,3950.000,40.00,0
3951.000,3951.000,40.00,10517
3953.000,3953.000,40.00,36
3954.000,3954.000,40.00,10272
3955.000,3955.000,40.00,269
3956.000,3956.000,40.00,9695
3957.000,3957.000,40.00,276
3958.000,3958.000,40.00,10600
3959.000,3959.000,40.00,0
3960.000,3960.000,40.00,11099
3961.000,3961.000,40.00,2607
3962.000,3962.000,40.00,269
3963.000,3963.000,40.00,10443
3965.000,3965.000,40.00,271
3966.000,3966.000,40.00,9732
3967.000,3967.000,40.00,0
3968.000,3968.000,40.00,10578
3969.000,3969.000,40.00,272
3970.000,3970.000,40.00,10586
3971.000,3971.000,40.00,0
3972.000,3972.000,40.00,10155
3973.000,3973.000,40.00,9440
3974.000,3974.000,40.00,270
3975.000,3975.000,40.00,9978
3976.000,3976.000,40.00,275
3978.000,3978.000,40.00,10477
3979.000,3979.000,40.00,270
3980.000,3980.000,40.00,10293
3981.000,3981.000,40.00,0
3982.000,3982.000,40.00,10176
3983.000,3983.000,40.00,0
3984.000,3984.000,40.00,10391
3985.000,3985.000,40.00,1004
3986.000,3986.000,40.00,8043
3987.000,3987.000,40.00,7883
3988.000,3988.000,40.00,0
3990.000,3990.000,40.00,10820
3991.000,3991.000,40.00,1
3992.000,3992.000,40.00,8695
3993.000,3993.000,40.00,273
3994.000,3994.000,40.00,9195
3995.000,3995.000,40.00,273
3996.000,3996.000,40.00,10012
3997.000,3997.000,40.00,0
3998.000,3998.000,40.00,7637
3999.000,3999.000,40.00,9997
4000.000,4000.000,40.00,25
4002.000,4002.000,40.00,10560
4003.000,4003.000,40.00,0
4004.000,4004.000,40.00,13249
4005.000,4005.000,40.00,0
4006.000,4006.000,40.00,11555
4007.000,4007.000,40.00,11
4008.000,4008.000,40.00,11589
4009.000,4009.000,40.00,941
4010.000,4010.000,40.00,5839
4011.000,4011.000,40.00,5279
4012.000,4012.000,40.00,5343
4013.000,4013.000,40.00,9577
4014.000,4014.000,40.00,274
4016.000,4016.000,40.00,10429
4017.000,4017.000,40.00,273
4018.000,4018.000,40.00,9580
4019.000,4019.000,40.00,273
4020.000,4020.000,40.00,10761
4021.000,4021.000,40.00,0
4022.000,4022.000,40.00,11117
4023.000,4023.000,40.00,0
4024.000,4024.000,40.00,9867
4025.000,4025.000,40.00,8702
4026.000,4026.000,40.00,131
4027.000,4027.000,40.00,10384
4029.000,4029.000,40.00,0
4030.000,4030.000,40.00,11240
4031.000,4031.000,40.00,276
4032.000,4032.000,40.00,10006
4033.000,4033.000,40.00,273
4034.000,4034.000,40.00,9914
4035.000,4035.000,40.00,0
4036.000,4036.000,40.00,10258
4037.000,4037.000,40.00,1961
4038.000,4038.000,40.00,5956
4039.000,4039.000,40.00,5903
4040.000,4040.000,40.00,2449
4042.000,4042.000,40.00,9746
4043.000,4043.000,40.00,1
4044.000,4044.000,40.00,3166
4045.000,4045.000,40.00,6872
4046.000,4046.000,40.00,10630
4047.000,4047.000,40.00,0
4048.000,4048.000,40.00,9384
4049.000,4049.000,40.00,2231
4050.000,4050.000,40.00,3116
4051.000,4051.000,40.00,8267
4052.000,4052.000,40.00,274
4054.000,4054.000,40.00,13367
4055.000,4055.000,40.00,0
4056.000,4056.000,40.00,11175
4057.000,4057.000,40.00,0
4058.000,4058.000,40.00,10629
4059.000,4059.000,40.00,0
4060.000,4060.000,40.00,10325
4061.000,4061.000,40.00,97
4062.000,4062.000,40.00,10240
4063.000,4063.000,40.00,7254
4064.000,4064.000,40.00,273
4065.000,4065.000,40.00,10560
4067.000,4067.000,40.00,271
4068.000,4068.000,40.00,9989
4069.000,4069.000,40.00,274
4070.000,4070.000,40.00,10124
4071.000,4071.000,40.00,0
4072.000,4072.000,40.00,11223
4073.000,4073.000,40.00,9
4074.000,4074.000,40.00,9698
4075.000,4075.000,40.00,824
4076.000,4076.000,40.00,8957
4077.000,4077.000,40.00,9531
4078.000,4078.000,40.00,275
4079.000,4079.000,40.00,9825
4081.000,4081.000,40.00,0
4082.000,4082.000,40.00,10517
4083.000,4083.000,40.00,0
4084.000,4084.000,40.00,10467
4085.000,4085.000,40.00,0
4086.000,4086.000,40.00,10458
4087.000,4087.000,40.00,275
4088.000,4088.000,40.00,9223
4089.000,4089.000,40.00,2875
4090.000,4090.000,40.00,5209
4091.000,4091.000,40.00,10041
4092.000,4092.000,40.00,0
4094.000,4094.000,40.00,10978
4095.000,4095.000,40.00,0
4096.000,4096.000,40.00,7391
4097.000,4097.000,40.00,0
4098.000,4098.000,40.00,11018
4099.000,4099.000,40.00,0
4100.000,4100.000,40.00,5983
4101.000,4101.000,40.00,3958
4102.000,4102.000,40.00,9983
4103.000,4103.000,40.00,1424
4104.000,4104.000,40.00,6958
4106.000,4106.000,40.00,12428
4107.000,4107.000,40.00,273
4108.000,4108.000,40.00,5353
4109.000,4109.000,40.00,3395
4110.000,4110.000,40.00,9142
4111.000,4111.000,40.00,0
4112.000,4112.000,40.00,10075
4113.000,4113.000,40.00,1232
4114.000,4114.000,40.00,7623
4115.000,4115.000,40.00,4488
4116.000,4116.000,40.00,5543
4117.000,4117.000,40.00,10337
4119.000,4119.000,40.00,0
4120.000,4120.000,40.00,6662
4121.000,4121.000,40.00,3166
4122.000,4122.000,40.00,8154
4123.000,4123.000,40.00,2250
4124.000,4124.000,40.00,7631
4125.000,4125.000,40.00,2688
4126.000,4126.000,40.00,7858
4127.000,4127.000,40.00,1568
4128.000,4128.000,40.00,8927
4129.000,4129.000,40.00,3067
4130.000,4130.000,40.00,4634
4132.000,4132.000,40.00,9166
4133.000,4133.000,40.00,311
4134.000,4134.000,40.00,9631
4135.000,4135.000,40.00,277
4136.000,4136.000,40.00,10752
4137.000,4137.000,40.00,0
4138.000,4138.000,40.00,7935
4139.000,4139.000,40.00,2966
4140.000,4140.000,40.00,10234
4141.000,4141.000,40.00,1985
4142.000,4142.000,40.00,7243
4143.000,4143.000,40.00,1421
4145.000,4145.000,40.00,5364
4146.000,4146.000,40.00,5881
4147.000,4147.000,40.00,5674
4148.000,4148.000,40.00,3172
4149.000,4149.000,40.00,3660
4150.000,4150.000,40.00,8579
4151.000,4151.000,40.00,4332
4152.000,4152.000,40.00,55
4153.000,4153.000,40.00,2754
4154.000,4154.000,40.00,8971
4155.000,4155.000,40.00,7238
4156.000,4156.000,40.00,5869
4158.000,4158.000,40.00,4400
4159.000,4159.000,40.00,5553
4160.000,4160.000,40.00,5149
4161.000,4161.000,40.00,5671
4162.000,4162.000,40.00,5578
4163.000,4163.000,40.00,5748
4164.000,4164.000,40.00,4114
4165.000,4165.000,40.00,2278
4166.000,4166.000,40.00,3935
4167.000,4167.000,40.00,2466
4168.000,4168.000,40.00,1552
4170.000,4170.000,40.00,2778
4171.000,4171.000,40.00,3228
4172.000,4172.000,40.00,1011
4173.000,4173.000,40.00,399
4174.000,4174.000,40.00,2087
4175.000,4175.000,40.00,1187
4176.000,4176.000,40.00,67
4177.000,4177.000,40.00,5685
4178.000,4178.000,40.00,3452
4179.000,4179.000,40.00,5500
4180.000,4180.000,40.00,799
4182.000,4182.000,40.00,605
4183.000,4183.000,40.00,1606
4184.000,4184.000,40.00,278
4185.000,4185.000,40.00,221
4186.000,4186.000,40.00,4875
4187.000,4187.000,40.00,414
4188.000,4188.000,40.00,575
4189.000,4189.000,40.00,387
4190.000,4190.000,40.00,67
4191.000,4191.000,40.00,44
4192.000,4192.000,40.00,69
4193.000,4193.000,40.00,46
4195.000,4195.000,40.00,201
4196.000,4196.000,40.00,0
4197.000,4197.000,40.00,0
4198.000,4198.000,40.00,2
4199.000,4199.000,40.00,11
4200.000,4200.000,40.00,0
4201.000,4201.000,40.00,2
4202.000,4202.000,40.00,4
4203.000,4203.000,40.00,14
4204.000,4204.000,40.00,1
4206.000,4206.000,40.00,12
4207.000,4207.000,40.00,2
4208.000,4208.000,40.00,89
4209.000,4209.000,40.00,23
4210.000,4210.000,40.00,14
4211.000,4211.000,40.00,0
4212.000,4212.000,40.00,0
4213.000,4213.000,40.00,0
4214.000,4214.000,40.00,11
4215.000,4215.000,40.00,0
4217.000,4217.000,40.00,0
4218.000,4218.000,40.00,2
4219.000,4219.000,40.00,1
4220.000,4220.000,40.00,3437
4221.000,4221.000,40.00,4885
4222.000,4222.000,40.00,37111
4223.000,4223.000,40.00,132021
4224.000,4224.000,40.00,62764
4225.000,4225.000,40.00,5532
4226.000,4226.000,40.00,8886
4227.000,4227.000,40.00,10973
4229.000,4229.000,40.00,277
4230.000,4230.000,40.00,8616
4231.000,4231.000,40.00,281
4232.000,4232.000,40.00,11784
4233.000,4233.000,40.00,271
4234.000,4234.000,40.00,10247
4235.000,4235.000,40.00,831
4236.000,4236.000,40.00,269
4237.000,4237.000,40.00,10599
4238.000,4238.000,40.00,267
4240.000,4240.000,40.00,9551
4241.000,4241.000,40.00,270
4242.000,4242.000,40.00,7889
4243.000,4243.000,40.00,269
4244.000,4244.000,40.00,12376
4245.000,4245.000,40.00,273
4246.000,4246.000,40.00,10507
4247.000,4247.000,40.00,281
4248.000,4248.000,40.00,1532
4249.000,4249.000,40.00,10455
4250.000,4250.000,40.00,265
4251.000,4251.000,40.00,9613
4253.000,4253.000,40.00,309
4254.000,4254.000,40.00,9574
4255.000,4255.000,40.00,270
4256.000,4256.000,40.00,8745
4257.000,4257.000,40.00,270
4258.000,4258.000,40.00,10301
4259.000,4259.000,40.00,283
4260.000,4260.000,40.00,0
4261.000,4261.000,40.00,20413
4262.000,4262.000,40.00,271
4263.000,4263.000,40.00,11279
4265.000,4265.000,40.00,270
4266.000,4266.000,40.00,11402
4267.000,4267.000,40.00,268
4268.000,4268.000,40.00,9106
4269.000,4269.000,40.00,310
4270.000,4270.000,40.00,9632
4271.000,4271.000,40.00,268
4272.000,4272.000,40.00,10931
4273.000,4273.000,40.00,10837
4274.000,4274.000,40.00,279
4275.000,4275.000,40.00,9166
4277.000,4277.000,40.00,272
4278.000,4278.000,40.00,10319
4279.000,4279.000,40.00,274
4280.000,4280.000,40.00,10889
4281.000,4281.000,40.00,269
4282.000,4282.000,40.00,10578
4283.000,4283.000,40.00,267
4284.000,4284.000,40.00,8207
4285.000,4285.000,40.00,7901
4286.000,4286.000,40.00,0
4287.000,4287.000,40.00,8768
4289.000,4289.000,40.00,319
4290.000,4290.000,40.00,10560
4291.000,4291.000,40.00,267
4292.000,4292.000,40.00,10859
4293.000,4293.000,40.00,270
4294.000,4294.000,40.00,5649
4295.000,4295.000,40.00,3537
4296.000,4296.000,40.00,9424
4297.000,4297.000,40.00,10028
4298.000,4298.000,40.00,267
4299.000,4299.000,40.00,11251
4301.000,4301.000,40.00,315
4302.000,4302.000,40.00,11259
4303.000,4303.000,40.00,280
4304.000,4304.000,40.00,10372
4305.000,4305.000,40.00,283
4306.000,4306.000,40.00,10721
4307.000,4307.000,40.00,2872
4308.000,4308.000,40.00,9800
4309.000,4309.000,40.00,6044
4310.000,4310.000,40.00,1343
4311.000,4311.000,40.00,8725
4313.000,4313.000,40.00,309
4314.000,4314.000,40.00,9869
4315.000,4315.000,40.00,266
4316.000,4316.000,40.00,10262
4317.000,4317.000,40.00,273
4318.000,4318.000,40.00,10491
4319.000,4319.000,40.00,1201
4320.000,4320.000,40.00,4239
4321.000,4321.000,40.00,8765
4322.000,4322.000,40.00,267
4323.000,4323.000,40.00,10769
4325.000,4325.000,40.00,269
4326.000,4326.000,40.00,10407
4327.000,4327.000,40.00,269
4328.000,4328.000,40.00,11292
4329.000,4329.000,40.00,272
4330.000,4330.000,40.00,10978
4331.000,4331.000,40.00,272
4332.000,4332.000,40.00,5925
4333.000,4333.000,40.00,9828
4334.000,4334.000,40.00,0
4335.000,4335.000,40.00,10577
4337.000,4337.000,40.00,271
4338.000,4338.000,40.00,12657
4339.000,4339.000,40.00,264
4340.000,4340.000,40.00,10958
4341.000,4341.000,40.00,284
4342.000,4342.000,40.00,10545
4343.000,4343.000,40.00,283
4344.000,4344.000,40.00,9892
4345.000,4345.000,40.00,9949
4346.000,4346.000,40.00,0
4347.000,4347.000,40.00,10961
4348.000,4348.000,40.00,271
4350.000,4350.000,40.00,10040
4351.000,4351.000,40.00,270
4352.000,4352.000,40.00,9877
4353.000,4353.000,40.00,272
4354.000,4354.000,40.00,10191
4355.000,4355.000,40.00,277
4356.000,4356.000,40.00,9899
4357.000,4357.000,40.00,284
4358.000,4358.000,40.00,0
4359.000,4359.000,40.00,10637
4360.000,4360.000,40.00,271
4362.000,4362.000,40.00,9625
4363.000,4363.000,40.00,267
4364.000,4364.000,40.00,9959
4365.000,4365.000,40.00,270
4366.000,4366.000,40.00,10677
4367.000,4367.000,40.00,270
4368.000,4368.000,40.00,10333
4369.000,4369.000,40.00,10619
4370.000,4370.000,40.00,0
4371.000,4371.000,40.00,279
4372.000,4372.000,40.00,9442
4374.000,4374.000,40.00,138
4375.000,4375.000,40.00,10241
4376.000,4376.000,40.00,59
4377.000,4377.000,40.00,10315
4378.000,4378.000,40.00,0
4379.000,4379.000,40.00,10365
4380.000,4380.000,40.00,0
4381.000,4381.000,40.00,10518
4382.000,4382.000,40.00,0
4383.000,4383.000,40.00,10181
4384.000,4384.000,40.00,0
4385.000,4385.000,40.00,48
4387.000,4387.000,40.00,11115
4388.000,4388.000,40.00,10098
4389.000,4389.000,40.00,273
4390.000,4390.000,40.00,10044
4391.000,4391.000,40.00,353
4392.000,4392.000,40.00,11
4393.000,4393.000,40.00,9680
4394.000,4394.000,40.00,0
4395.000,4395.000,40.00,10914
4396.000,4396.000,40.00,0
4397.000,4397.000,40.00,11051
4398.000,4398.000,40.00,0
4400.000,4400.000,40.00,9945
4401.000,4401.000,40.00,9831
4402.000,4402.000,40.00,0
4403.000,4403.000,40.00,11122
4404.000,4404.000,40.00,0
4405.000,4405.000,40.00,3430
4406.000,4406.000,40.00,14106
4407.000,4407.000,40.00,271
4408.000,4408.000,40.00,9368
4409.000,4409.000,40.00,285
4410.000,4410.000,40.00,0
4411.000,4411.000,40.00,6579
4413.000,4413.000,40.00,992
4414.000,4414.000,40.00,4021
4415.000,4415.000,40.00,7090
4416.000,4416.000,40.00,0
4417.000,4417.000,40.00,10806
4418.000,4418.000,40.00,0
4419.000,4419.000,40.00,12613
4420.000,4420.000,40.00,0
4421.000,4421.000,40.00,11403
4422.000,4422.000,40.00,0
4423.000,4423.000,40.00,10352
4425.000,4425.000,40.00,237
4426.000,4426.000,40.00,4726
4427.000,4427.000,40.00,8860
4428.000,4428.000,40.00,113
4429.000,4429.000,40.00,10567
4430.000,4430.000,40.00,0
4431.000,4431.000,40.00,10387
4432.000,4432.000,40.00,20
4433.000,4433.000,40.00,10315
4434.000,4434.000,40.00,0
4435.000,4435.000,40.00,10239
4436.000,4436.000,40.00,133
4438.000,4438.000,40.00,6825
4439.000,4439.000,40.00,1507
4440.000,4440.000,40.00,6233
4441.000,4441.000,40.00,10925
4442.000,4442.000,40.00,1
4443.000,4443.000,40.00,10063
4444.000,4444.000,40.00,0
4445.000,4445.000,40.00,9107
4446.000,4446.000,40.00,0
4447.000,4447.000,40.00,10485
4448.000,4448.000,40.00,0
4449.000,4449.000,40.00,10588
4451.000,4451.000,40.00,134
4452.000,4452.000,40.00,10713
4453.000,4453.000,40.00,5720
4454.000,4454.000,40.00,2301
4455.000,4455.000,40.00,10580
4456.000,4456.000,40.00,0
4457.000,4457.000,40.00,11346
4458.000,4458.000,40.00,0
4459.000,4459.000,40.00,10775
4460.000,4460.000,40.00,0
4461.000,4461.000,40.00,10455
4462.000,4462.000,40.00,23
4464.000,4464.000,40.00,8715
4465.000,4465.000,40.00,6165
4466.000,4466.000,40.00,567
4467.000,4467.000,40.00,11063
4468.000,4468.000,40.00,0
4469.000,4469.000,40.00,1414
4470.000,4470.000,40.00,21772
4471.000,4471.000,40.00,772
4472.000,4472.000,40.00,6288
4473.000,4473.000,40.00,6509
4474.000,4474.000,40.00,0
4476.000,4476.000,40.00,271
4477.000,4477.000,40.00,711
4478.000,4478.000,40.00,6074
4479.000,4479.000,40.00,2748
4480.000,4480.000,40.00,4754
4481.000,4481.000,40.00,11070
4482.000,4482.000,40.00,0
4483.000,4483.000,40.00,10406
4484.000,4484.000,40.00,0
4485.000,4485.000,40.00,10513
4486.000,4486.000,40.00,0
4487.000,4487.000,40.00,20253
4488.000,4488.000,40.00,127
4490.000,4490.000,40.00,0
4491.000,4491.000,40.00,867
4492.000,4492.000,40.00,17903
4493.000,4493.000,40.00,306
4494.000,4494.000,40.00,9990
4495.000,4495.000,40.00,275
4496.000,4496.000,40.00,0
4497.000,4497.000,40.00,10525
4498.000,4498.000,40.00,0
4499.000,4499.000,40.00,9673
4500.000,4500.000,40.00,0
4502.000,4502.000,40.00,10245
4503.000,4503.000,40.00,681
4504.000,4504.000,40.00,3523
4505.000,4505.000,40.00,9990
4506.000,4506.000,40.00,0
4507.000,4507.000,40.00,11235
4508.000,4508.000,40.00,0
4509.000,4509.000,40.00,10748
4510.000,4510.000,40.00,0
4511.000,4511.000,40.00,10322
4512.000,4512.000,40.00,0
4513.000,4513.000,40.00,9924
4515.000,4515.000,40.00,452
4516.000,4516.000,40.00,19235
4517.000,4517.000,40.00,284
4518.000,4518.000,40.00,0
4519.000,4519.000,40.00,9673
4520.000,4520.000,40.00,0
4521.000,4521.000,40.00,10184
4522.000,4522.000,40.00,5
4523.000,4523.000,40.00,10678
4524.000,4524.000,40.00,0
4525.000,4525.000,40.00,10937
4526.000,4526.000,40.00,0
4527.000,4527.000,40.00,9974
4529.000,4529.000,40.00,2048
4530.000,4530.000,40.00,1412
4531.000,4531.000,40.00,9434
4532.000,4532.000,40.00,17302
4533.000,4533.000,40.00,0
4534.000,4534.000,40.00,0
4535.000,4535.000,40.00,10996
4536.000,4536.000,40.00,0
4537.000,4537.000,40.00,10189
4538.000,4538.000,40.00,0
4539.000,4539.000,40.00,19837
4541.000,4541.000,40.00,279
4542.000,4542.000,40.00,9891
4543.000,4543.000,40.00,286
4544.000,4544.000,40.00,10744
4545.000,4545.000,40.00,276
4546.000,4546.000,40.00,0
4547.000,4547.000,40.00,5602
4548.000,4548.000,40.00,13243
4549.000,4549.000,40.00,275
4550.000,4550.000,40.00,0
4551.000,4551.000,40.00,2892
4552.000,4552.000,40.00,11985
4554.000,4554.000,40.00,5379
4555.000,4555.000,40.00,0
4556.000,4556.000,40.00,20822
4557.000,4557.000,40.00,274
4558.000,4558.000,40.00,0
4559.000,4559.000,40.00,10537
4560.000,4560.000,40.00,0
4561.000,4561.000,40.00,11017
4562.000,4562.000,40.00,0
4563.000,4563.000,40.00,8753
4564.000,4564.000,40.00,0
4565.000,4565.000,40.00,16276
4566.000,4566.000,40.00,4199
4568.000,4568.000,40.00,272
4569.000,4569.000,40.00,487
4570.000,4570.000,40.00,8578
4571.000,4571.000,40.00,3742
4572.000,4572.000,40.00,3470
4573.000,4573.000,40.00,11611
4574.000,4574.000,40.00,10737
4575.000,4575.000,40.00,275
4576.000,4576.000,40.00,0
4577.000,4577.000,40.00,11730
4578.000,4578.000,40.00,0
4580.000,4580.000,40.00,11050
4581.000,4581.000,40.00,0
4582.000,4582.000,40.00,7948
4583.000,4583.000,40.00,4783
4584.000,4584.000,40.00,11
4585.000,4585.000,40.00,9849
4586.000,4586.000,40.00,4
4587.000,4587.000,40.00,8769
4588.000,4588.000,40.00,1
4589.000,4589.000,40.00,9938
4590.000,4590.000,40.00,1
4591.000,4591.000,40.00,11892
4593.000,4593.000,40.00,0
4594.000,4594.000,40.00,7632
4595.000,4595.000,40.00,122
4596.000,4596.000,40.00,10203
4597.000,4597.000,40.00,3540
4598.000,4598.000,40.00,14009
4599.000,4599.000,40.00,273
4600.000,4600.000,40.00,0
4601.000,4601.000,40.00,2474
4602.000,4602.000,40.00,8212
4603.000,4603.000,40.00,4483
4604.000,4604.000,40.00,14556
4606.000,4606.000,40.00,0
4607.000,4607.000,40.00,177
4608.000,4608.000,40.00,16818
4609.000,4609.000,40.00,275
4610.000,4610.000,40.00,0
4611.000,4611.000,40.00,11555
4612.000,4612.000,40.00,6
4613.000,4613.000,40.00,10842
4614.000,4614.000,40.00,0
4615.000,4615.000,40.00,10982
4616.000,4616.000,40.00,0
4618.000,4618.000,40.00,11024
4619.000,4619.000,40.00,0
4620.000,4620.000,40.00,9509
4621.000,4621.000,40.00,3098
4622.000,4622.000,40.00,14305
4623.000,4623.000,40.00,277
4624.000,4624.000,40.00,0
4625.000,4625.000,40.00,9130
4626.000,4626.000,40.00,10219
4627.000,4627.000,40.00,270
4628.000,4628.000,40.00,0
4629.000,4629.000,40.00,10591
4631.000,4631.000,40.00,0
4632.000,4632.000,40.00,10411
4633.000,4633.000,40.00,1197
4634.000,4634.000,40.00,8077
4635.000,4635.000,40.00,452
4636.000,4636.000,40.00,15683
4637.000,4637.000,40.00,4757
4638.000,4638.000,40.00,0
4639.000,4639.000,40.00,9619
4640.000,4640.000,40.00,0
4641.000,4641.000,40.00,9425
4642.000,4642.000,40.00,0
4644.000,4644.000,40.00,12129
4645.000,4645.000,40.00,1509
4646.000,4646.000,40.00,7721
4647.000,4647.000,40.00,1034
4648.000,4648.000,40.00,3833
4649.000,4649.000,40.00,10027
4650.000,4650.000,40.00,0
4651.000,4651.000,40.00,11632
4652.000,4652.000,40.00,0
4653.000,4653.000,40.00,11092
4654.000,4654.000,40.00,0
4655.000,4655.000,40.00,13034
4657.000,4657.000,40.00,7018
4658.000,4658.000,40.00,0
4659.000,4659.000,40.00,949
4660.000,4660.000,40.00,7759
4661.000,4661.000,40.00,4610
4662.000,4662.000,40.00,3692
4663.000,4663.000,40.00,7778
4664.000,4664.000,40.00,0
4665.000,4665.000,40.00,11169
4666.000,4666.000,40.00,0
4667.000,4667.000,40.00,10779
4668.000,4668.000,40.00,0
4670.000,4670.000,40.00,9198
4671.000,4671.000,40.00,996
4672.000,4672.000,40.00,4396
4673.000,4673.000,40.00,10454
4674.000,4674.000,40.00,0
4675.000,4675.000,40.00,2795
4676.000,4676.000,40.00,2072
4677.000,4677.000,40.00,11676
4678.000,4678.000,40.00,0
4679.000,4679.000,40.00,13169
4680.000,4680.000,40.00,0
4682.000,4682.000,40.00,10161
4683.000,4683.000,40.00,0
4684.000,4684.000,40.00,9617
4685.000,4685.000,40.00,0
4686.000,4686.000,40.00,18416
4687.000,4687.000,40.00,0
4688.000,4688.000,40.00,0
4689.000,4689.000,40.00,2784
4690.000,4690.000,40.00,16745
4691.000,4691.000,40.00,279
4692.000,4692.000,40.00,1
4693.000,4693.000,40.00,9614
4695.000,4695.000,40.00,0
4696.000,4696.000,40.00,12146
4697.000,4697.000,40.00,3497
4698.000,4698.000,40.00,1091
4699.000,4699.000,40.00,10733
4700.000,4700.000,40.00,0
4701.000,4701.000,40.00,9949
4702.000,4702.000,40.00,0
4703.000,4703.000,40.00,10008
4704.000,4704.000,40.00,0
4705.000,4705.000,40.00,8635
4706.000,4706.000,40.00,10
4708.000,4708.000,40.00,9336
4709.000,4709.000,40.00,0
4710.000,4710.000,40.00,13164
4711.000,4711.000,40.00,9664
4712.000,4712.000,40.00,0
4713.000,4713.000,40.00,9373
4714.000,4714.000,40.00,0
4715.000,4715.000,40.00,9147
4716.000,4716.000,40.00,0
4717.000,4717.000,40.00,11557
4718.000,4718.000,40.00,0
4720.000,4720.000,40.00,10051
4721.000,4721.000,40.00,0
4722.000,4722.000,40.00,10891
4723.000,4723.000,40.00,6324
4724.000,4724.000,40.00,0
4725.000,4725.000,40.00,8550
4726.000,4726.000,40.00,0
4727.000,4727.000,40.00,9075
4728.000,4728.000,40.00,9486
4729.000,4729.000,40.00,0
4730.000,4730.000,40.00,0
4731.000,4731.000,40.00,9807
4733.000,4733.000,40.00,31
4734.000,4734.000,40.00,11219
4735.000,4735.000,40.00,0
4736.000,4736.000,40.00,7941
4737.000,4737.000,40.00,4866
4738.000,4738.000,40.00,104
4739.000,4739.000,40.00,9800
4740.000,4740.000,40.00,0
4741.000,4741.000,40.00,12077
4742.000,4742.000,40.00,0
4743.000,4743.000,40.00,10567
4745.000,4745.000,40.00,0
4746.000,4746.000,40.00,11439
4747.000,4747.000,40.00,134
4748.000,4748.000,40.00,4846
4749.000,4749.000,40.00,957
4750.000,4750.000,40.00,4116
4751.000,4751.000,40.00,11671
4752.000,4752.000,40.00,0
4753.000,4753.000,40.00,9155
4754.000,4754.000,40.00,0
4755.000,4755.000,40.00,8348
4756.000,4756.000,40.00,0
4758.000,4758.000,40.00,15209
4759.000,4759.000,40.00,0
4760.000,4760.000,40.00,10535
4761.000,4761.000,40.00,0
4762.000,4762.000,40.00,10183
4763.000,4763.000,40.00,8165
4764.000,4764.000,40.00,0
4765.000,4765.000,40.00,10651
4766.000,4766.000,40.00,5
4767.000,4767.000,40.00,10316
4768.000,4768.000,40.00,1
4769.000,4769.000,40.00,11155
4771.000,4771.000,40.00,0
4772.000,4772.000,40.00,11334
4773.000,4773.000,40.00,9191
4774.000,4774.000,40.00,0
4775.000,4775.000,40.00,3803
4776.000,4776.000,40.00,1061
4777.000,4777.000,40.00,10273
4778.000,4778.000,40.00,0
4779.000,4779.000,40.00,10634
4780.000,4780.000,40.00,0
4781.000,4781.000,40.00,10392
4783.000,4783.000,40.00,0
4784.000,4784.000,40.00,10532
4785.000,4785.000,40.00,94
4786.000,4786.000,40.00,8330
4787.000,4787.000,40.00,2057
4788.000,4788.000,40.00,4995
4789.000,4789.000,40.00,10436
4790.000,4790.000,40.00,1
4791.000,4791.000,40.00,10544
4792.000,4792.000,40.00,21
4793.000,4793.000,40.00,11385
4795.000,4795.000,40.00,0
4796.000,4796.000,40.00,10126
4797.000,4797.000,40.00,0
4798.000,4798.000,40.00,10541
4799.000,4799.000,40.00,1771
4800.000,4800.000,40.00,7278
4801.000,4801.000,40.00,4106
4802.000,4802.000,40.00,1705
4803.000,4803.000,40.00,10314
4804.000,4804.000,40.00,0
4805.000,4805.000,40.00,10437
4807.000,4807.000,40.00,0
4808.000,4808.000,40.00,10245
4809.000,4809.000,40.00,0
4810.000,4810.000,40.00,10327
4811.000,4811.000,40.00,2106
4812.000,4812.000,40.00,2504
4813.000,4813.000,40.00,4774
4814.000,4814.000,40.00,3046
4815.000,4815.000,40.00,10152
4816.000,4816.000,40.00,0
4817.000,4817.000,40.00,10992
4818.000,4818.000,40.00,0
4820.000,4820.000,40.00,10420
4821.000,4821.000,40.00,0
4822.000,4822.000,40.00,12236
4823.000,4823.000,40.00,5985
4824.000,4824.000,40.00,0
4825.000,4825.000,40.00,122
4826.000,4826.000,40.00,7635
4827.000,4827.000,40.00,10137
4828.000,4828.000,40.00,0
4829.000,4829.000,40.00,10535
4830.000,4830.000,40.00,0
4831.000,4831.000,40.00,10766
4833.000,4833.000,40.00,0
4834.000,4834.000,40.00,9994
4835.000,4835.000,40.00,0
4836.000,4836.000,40.00,10664
4837.000,4837.000,40.00,298
4838.000,4838.000,40.00,7195
4839.000,4839.000,40.00,7628
4840.000,4840.000,40.00,0
4841.000,4841.000,40.00,1419
4842.000,4842.000,40.00,19144
4843.000,4843.000,40.00,0
4845.000,4845.000,40.00,0
4846.000,4846.000,40.00,10079
4847.000,4847.000,40.00,0
4848.000,4848.000,40.00,11045
4849.000,4849.000,40.00,2348
4850.000,4850.000,40.00,1189
4851.000,4851.000,40.00,3182
4852.000,4852.000,40.00,1842
4853.000,4853.000,40.00,10501
4854.000,4854.000,40.00,0
4855.000,4855.000,40.00,11860
4856.000,4856.000,40.00,0
4858.000,4858.000,40.00,10364
4859.000,4859.000,40.00,35
4860.000,4860.000,40.00,10791
4861.000,4861.000,40.00,896
4862.000,4862.000,40.00,6216
4863.000,4863.000,40.00,5197
4864.000,4864.000,40.00,5741
4865.000,4865.000,40.00,4815
4866.000,4866.000,40.00,6630
4867.000,4867.000,40.00,10556
4868.000,4868.000,40.00,0
4870.000,4870.000,40.00,11082
4871.000,4871.000,40.00,0
4872.000,4872.000,40.00,9773
4873.000,4873.000,40.00,0
4874.000,4874.000,40.00,10711
4875.000,4875.000,40.00,2605
4876.000,4876.000,40.00,16046
4877.000,4877.000,40.00,0
4878.000,4878.000,40.00,0
4879.000,4879.000,40.00,9168
4880.000,4880.000,40.00,10576
4881.000,4881.000,40.00,1
4883.000,4883.000,40.00,0
4884.000,4884.000,40.00,16995
4885.000,4885.000,40.00,0
4886.000,4886.000,40.00,275
4887.000,4887.000,40.00,0
4888.000,4888.000,40.00,9675
4889.000,4889.000,40.00,3136
4890.000,4890.000,40.00,4229
4891.000,4891.000,40.00,9731
4892.000,4892.000,40.00,0
4893.000,4893.000,40.00,10241
4894.000,4894.000,40.00,0
4896.000,4896.000,40.00,2319
4897.000,4897.000,40.00,14244
4898.000,4898.000,40.00,3534
4899.000,4899.000,40.00,0
4900.000,4900.000,40.00,11866
4901.000,4901.000,40.00,0
4902.000,4902.000,40.00,8485
4903.000,4903.000,40.00,4527
4904.000,4904.000,40.00,5007
4905.000,4905.000,40.00,2811
4906.000,4906.000,40.00,12922
4907.000,4907.000,40.00,0
4909.000,4909.000,40.00,0
4910.000,4910.000,40.00,10732
4911.000,4911.000,40.00,0
4912.000,4912.000,40.00,9997
4913.000,4913.000,40.00,349
4914.000,4914.000,40.00,18924
4915.000,4915.000,40.00,203
4916.000,4916.000,40.00,0
4917.000,4917.000,40.00,4628
4918.000,4918.000,40.00,16530
4919.000,4919.000,40.00,0
4920.000,4920.000,40.00,0
4922.000,4922.000,40.00,7768
4923.000,4923.000,40.00,3163
4924.000,4924.000,40.00,2905
4925.000,4925.000,40.00,12997
4926.000,4926.000,40.00,7159
4927.000,4927.000,40.00,4574
4928.000,4928.000,40.00,0
4929.000,4929.000,40.00,95
4930.000,4930.000,40.00,11364
4931.000,4931.000,40.00,3970
4932.000,4932.000,40.00,12910
4933.000,4933.000,40.00,827
4935.000,4935.000,40.00,0
4936.000,4936.000,40.00,10786
4937.000,4937.000,40.00,8717
4938.000,4938.000,40.00,658
4939.000,4939.000,40.00,0
4940.000,4940.000,40.00,15229
4941.000,4941.000,40.00,4547
4942.000,4942.000,40.00,0
4943.000,4943.000,40.00,2543
4944.000,4944.000,40.00,14982
4945.000,4945.000,40.00,0
4946.000,4946.000,40.00,0
4948.000,4948.000,40.00,10831
4949.000,4949.000,40.00,8678
4950.000,4950.000,40.00,0
4951.000,4951.000,40.00,0
4952.000,4952.000,40.00,8296
4953.000,4953.000,40.00,3756
4954.000,4954.000,40.00,8066
4955.000,4955.000,40.00,6094
4956.000,4956.000,40.00,5859
4957.000,4957.000,40.00,3423
4958.000,4958.000,40.00,276
4959.000,4959.000,40.00,1231
4961.000,4961.000,40.00,1607
4962.000,4962.000,40.00,166
4963.000,4963.000,40.00,221
4964.000,4964.000,40.00,22
4965.000,4965.000,40.00,4
4966.000,4966.000,40.00,1219
4967.000,4967.000,40.00,1117
4968.000,4968.000,40.00,5175
4969.000,4969.000,40.00,8811
4970.000,4970.000,40.00,10747
4971.000,4971.000,40.00,15878
4972.000,4972.000,40.00,8573
4974.000,4974.000,40.00,29443
4975.000,4975.000,40.00,36960
4976.000,4976.000,40.00,0
4977.000,4977.000,40.00,0
4978.000,4978.000,40.00,10737
4979.000,4979.000,40.00,1540
4980.000,4980.000,40.00,1810
4981.000,4981.000,40.00,11038
4982.000,4982.000,40.00,0
4983.000,4983.000,40.00,10022
4984.000,4984.000,40.00,0
4986.000,4986.000,40.00,9962
4987.000,4987.000,40.00,0
4988.000,4988.000,40.00,9039
4989.000,4989.000,40.00,0
4990.000,4990.000,40.00,12598
4991.000,4991.000,40.00,5019
4992.000,4992.000,40.00,0
4993.000,4993.000,40.00,10364
4994.000,4994.000,40.00,18
4995.000,4995.000,40.00,10387
4996.000,4996.000,40.00,0
4998.000,4998.000,40.00,10545
4999.000,4999.000,40.00,0
5000.000,5000.000,40.00,9790
5001.000,5001.000,40.00,0
5002.000,5002.000,40.00,8844
5003.000,5003.000,40.00,755
5004.000,5004.000,40.00,0
5005.000,5005.000,40.00,9476
5006.000,5006.000,40.00,11
5007.000,5007.000,40.00,10021
5009.000,5009.000,40.00,0
5010.000,5010.000,40.00,11267
5011.000,5011.000,40.00,0
5012.000,5012.000,40.00,9378
5013.000,5013.000,40.00,0
5014.000,5014.000,40.00,10691
5015.000,5015.000,40.00,10473
5016.000,5016.000,40.00,0
5017.000,5017.000,40.00,11295
5018.000,5018.000,40.00,0
5019.000,5019.000,40.00,10019
5021.000,5021.000,40.00,0
5022.000,5022.000,40.00,11181
5023.000,5023.000,40.00,0
5024.000,5024.000,40.00,10449
5025.000,5025.000,40.00,0
5026.000,5026.000,40.00,11345
5027.000,5027.000,40.00,3722
5028.000,5028.000,40.00,0
5029.000,5029.000,40.00,9971
5030.000,5030.000,40.00,0
5031.000,5031.000,40.00,9068
5032.000,5032.000,40.00,18
5034.000,5034.000,40.00,11427
5035.000,5035.000,40.00,0
5036.000,5036.000,40.00,10695
5037.000,5037.000,40.00,0
5038.000,5038.000,40.00,10659
5039.000,5039.000,40.00,0
5040.000,5040.000,40.00,3884
5041.000,5041.000,40.00,10273
5042.000,5042.000,40.00,0
5043.000,5043.000,40.00,9739
5045.000,5045.000,40.00,0
5046.000,5046.000,40.00,10926
5047.000,5047.000,40.00,0
5048.000,5048.000,40.00,11033
5049.000,5049.000,40.00,0
5050.000,5050.000,40.00,7850
5051.000,5051.000,40.00,0
5052.000,5052.000,40.00,2530
5053.000,5053.000,40.00,11594
5054.000,5054.000,40.00,0
5055.000,5055.000,40.00,11952
5057.000,5057.000,40.00,0
5058.000,5058.000,40.00,11440
5059.000,5059.000,40.00,0
5060.000,5060.000,40.00,9403
5061.000,5061.000,40.00,0
5062.000,5062.000,40.00,9678
5063.000,5063.000,40.00,0
5064.000,5064.000,40.00,8570
5065.000,5065.000,40.00,11476
5066.000,5066.000,40.00,0
5067.000,5067.000,40.00,10596
5069.000,5069.000,40.00,1
5070.000,5070.000,40.00,10341
5071.000,5071.000,40.00,0
5072.000,5072.000,40.00,10130
5073.000,5073.000,40.00,0
5074.000,5074.000,40.00,11180
5075.000,5075.000,40.00,415
5076.000,5076.000,40.00,0
5077.000,5077.000,40.00,3270
5078.000,5078.000,40.00,0
5079.000,5079.000,40.00,9094
5081.000,5081.000,40.00,0
5082.000,5082.000,40.00,9861
5083.000,5083.000,40.00,1
5084.000,5084.000,40.00,9966
5085.000,5085.000,40.00,0
5086.000,5086.000,40.00,8890
5087.000,5087.000,40.00,0
5088.000,5088.000,40.00,12354
5089.000,5089.000,40.00,12717
5090.000,5090.000,40.00,0
5091.000,5091.000,40.00,10560
5093.000,5093.000,40.00,21
5094.000,5094.000,40.00,9852
5095.000,5095.000,40.00,0
5096.000,5096.000,40.00,8611
5097.000,5097.000,40.00,0
5098.000,5098.000,40.00,9961
5099.000,5099.000,40.00,0
5100.000,5100.000,40.00,6205
5101.000,5101.000,40.00,7977
5102.000,5102.000,40.00,0
5103.000,5103.000,40.00,10082
5105.000,5105.000,40.00,0
5106.000,5106.000,40.00,10166
5107.000,5107.000,40.00,0
5108.000,5108.000,40.00,13399
5109.000,5109.000,40.00,0
5110.000,5110.000,40.00,11467
5111.000,5111.000,40.00,0
5112.000,5112.000,40.00,10685
5113.000,5113.000,40.00,8307
5114.000,5114.000,40.00,0
5115.000,5115.000,40.00,10527
5117.000,5117.000,40.00,0
5118.000,5118.000,40.00,10470
5119.000,5119.000,40.00,0
5120.000,5120.000,40.00,10297
5121.000,5121.000,40.00,0
5122.000,5122.000,40.00,9162
5123.000,5123.000,40.00,0
5124.000,5124.000,40.00,8245
5125.000,5125.000,40.00,4101
5126.000,5126.000,40.00,0
5127.000,5127.000,40.00,12984
5128.000,5128.000,40.00,0
5130.000,5130.000,40.00,7256
5131.000,5131.000,40.00,0
5132.000,5132.000,40.00,11455
5133.000,5133.000,40.00,0
5134.000,5134.000,40.00,10690
5135.000,5135.000,40.00,0
5136.000,5136.000,40.00,10100
5137.000,5137.000,40.00,4175
5138.000,5138.000,40.00,2141
5139.000,5139.000,40.00,10275
5140.000,5140.000,40.00,0
5142.000,5142.000,40.00,10653
5143.000,5143.000,40.00,0
5144.000,5144.000,40.00,10293
5145.000,5145.000,40.00,0
5146.000,5146.000,40.00,10485
5147.000,5147.000,40.00,0
5148.000,5148.000,40.00,10420
5149.000,5149.000,40.00,109
5150.000,5150.000,40.00,2949
5151.000,5151.000,40.00,10440
5152.000,5152.000,40.00,6
5154.000,5154.000,40.00,10676
5155.000,5155.000,40.00,0
5156.000,5156.000,40.00,9970
5157.000,5157.000,40.00,0
5158.000,5158.000,40.00,11021
5159.000,5159.000,40.00,0
5160.000,5160.000,40.00,10081
5161.000,5161.000,40.00,2333
5162.000,5162.000,40.00,6393
5163.000,5163.000,40.00,9118
5164.000,5164.000,40.00,0
5165.000,5165.000,40.00,10332
5167.000,5167.000,40.00,43
5168.000,5168.000,40.00,10746
5169.000,5169.000,40.00,1
5170.000,5170.000,40.00,9539
5171.000,5171.000,40.00,0
5172.000,5172.000,40.00,9953
5173.000,5173.000,40.00,0
5174.000,5174.000,40.00,9495
5175.000,5175.000,40.00,4096
5176.000,5176.000,40.00,1865
5177.000,5177.000,40.00,9656
5179.000,5179.000,40.00,0
5180.000,5180.000,40.00,10284
5181.000,5181.000,40.00,0
5182.000,5182.000,40.00,10971
5183.000,5183.000,40.00,6
5184.000,5184.000,40.00,11312
5185.000,5185.000,40.00,0
5186.000,5186.000,40.00,11694
5187.000,5187.000,40.00,5113
5188.000,5188.000,40.00,3454
5189.000,5189.000,40.00,3943
5190.000,5190.000,40.00,1208
5192.000,5192.000,40.00,9648
5193.000,5193.000,40.00,0
5194.000,5194.000,40.00,9579
5195.000,5195.000,40.00,0
5196.000,5196.000,40.00,10294
5197.000,5197.000,40.00,0
5198.000,5198.000,40.00,10295
5199.000,5199.000,40.00,0
5200.000,5200.000,40.00,10182
5201.000,5201.000,40.00,1901
5202.000,5202.000,40.00,6675
5204.000,5204.000,40.00,11047
5205.000,5205.000,40.00,0
5206.000,5206.000,40.00,9873
5207.000,5207.000,40.00,0
5208.000,5208.000,40.00,10178
5209.000,5209.000,40.00,10307
5210.000,5210.000,40.00,0
5211.000,5211.000,40.00,0
5212.000,5212.000,40.00,9410
5213.000,5213.000,40.00,2966
5214.000,5214.000,40.00,5509
5215.000,5215.000,40.00,3146
5216.000,5216.000,40.00,15130
5218.000,5218.000,40.00,628
5219.000,5219.000,40.00,0
5220.000,5220.000,40.00,9965
5221.000,5221.000,40.00,9297
5222.000,5222.000,40.00,0
5223.000,5223.000,40.00,0
5224.000,5224.000,40.00,14433
5225.000,5225.000,40.00,6448
5226.000,5226.000,40.00,0
5227.000,5227.000,40.00,1646
5228.000,5228.000,40.00,16757
5230.000,5230.000,40.00,0
5231.000,5231.000,40.00,0
5232.000,5232.000,40.00,10110
5233.000,5233.000,40.00,0
5234.000,5234.000,40.00,8253
5235.000,5235.000,40.00,0
5236.000,5236.000,40.00,8067
5237.000,5237.000,40.00,0
5238.000,5238.000,40.00,7498
5239.000,5239.000,40.00,3305
5240.000,5240.000,40.00,2515
5241.000,5241.000,40.00,4985
5243.000,5243.000,40.00,2009
5244.000,5244.000,40.00,6515
5245.000,5245.000,40.00,10660
5246.000,5246.000,40.00,9
5247.000,5247.000,40.00,0
5248.000,5248.000,40.00,12728
5249.000,5249.000,40.00,7673
5250.000,5250.000,40.00,0
5251.000,5251.000,40.00,1042
5252.000,5252.000,40.00,11652
5253.000,5253.000,40.00,5524
5254.000,5254.000,40.00,0
5256.000,5256.000,40.00,3873
5257.000,5257.000,40.00,12274
5258.000,5258.000,40.00,3632
5259.000,5259.000,40.00,0
5260.000,5260.000,40.00,9930
5261.000,5261.000,40.00,0
5262.000,5262.000,40.00,9150
5263.000,5263.000,40.00,0
5264.000,5264.000,40.00,7838
5265.000,5265.000,40.00,4294
5266.000,5266.000,40.00,14161
5267.000,5267.000,40.00,804
5269.000,5269.000,40.00,0
5270.000,5270.000,40.00,8521
5271.000,5271.000,40.00,440
5272.000,5272.000,40.00,10376
5273.000,5273.000,40.00,35
5274.000,5274.000,40.00,6574
5275.000,5275.000,40.00,9703
5276.000,5276.000,40.00,8256
5277.000,5277.000,40.00,7163
5278.000,5278.000,40.00,0
5279.000,5279.000,40.00,4440
5280.000,5280.000,40.00,3738
5282.000,5282.000,40.00,4983
5283.000,5283.000,40.00,12903
5284.000,5284.000,40.00,5561
5285.000,5285.000,40.00,0
5286.000,5286.000,40.00,8753
5287.000,5287.000,40.00,10435
5288.000,5288.000,40.00,0
5289.000,5289.000,40.00,786
5290.000,5290.000,40.00,8516
5291.000,5291.000,40.00,4544
5292.000,5292.000,40.00,4447
5294.000,5294.000,40.00,7003
5295.000,5295.000,40.00,1821
5296.000,5296.000,40.00,10590
5297.000,5297.000,40.00,0
5298.000,5298.000,40.00,10981
5299.000,5299.000,40.00,0
5300.000,5300.000,40.00,10174
5301.000,5301.000,40.00,1125
5302.000,5302.000,40.00,6398
5303.000,5303.000,40.00,5445
5304.000,5304.000,40.00,2395
5306.000,5306.000,40.00,2148
5307.000,5307.000,40.00,3513
5308.000,5308.000,40.00,10710
5309.000,5309.000,40.00,12057
5310.000,5310.000,40.00,0
5311.000,5311.000,40.00,0
5312.000,5312.000,40.00,10514
5313.000,5313.000,40.00,2111
5314.000,5314.000,40.00,4938
5315.000,5315.000,40.00,276
5316.000,5316.000,40.00,5627
5318.000,5318.000,40.00,9966
5319.000,5319.000,40.00,0
5320.000,5320.000,40.00,10488
5321.000,5321.000,40.00,0
5322.000,5322.000,40.00,10262
5323.000,5323.000,40.00,0
5324.000,5324.000,40.00,10703
5325.000,5325.000,40.00,0
5326.000,5326.000,40.00,3111
5327.000,5327.000,40.00,10106
5328.000,5328.000,40.00,0
5330.000,5330.000,40.00,10940
5331.000,5331.000,40.00,0
5332.000,5332.000,40.00,10085
5333.000,5333.000,40.00,27
5334.000,5334.000,40.00,10872
5335.000,5335.000,40.00,0
5336.000,5336.000,40.00,10534
5337.000,5337.000,40.00,0
5338.000,5338.000,40.00,10582
5339.000,5339.000,40.00,6797
5340.000,5340.000,40.00,0
5341.000,5341.000,40.00,5758
5343.000,5343.000,40.00,1880
5344.000,5344.000,40.00,12651
5345.000,5345.000,40.00,0
5346.000,5346.000,40.00,12904
5347.000,5347.000,40.00,0
5348.000,5348.000,40.00,11395
5349.000,5349.000,40.00,0
5350.000,5350.000,40.00,9206
5351.000,5351.000,40.00,1481
5352.000,5352.000,40.00,0
5353.000,5353.000,40.00,832
5355.000,5355.000,40.00,0
5356.000,5356.000,40.00,10723
5357.000,5357.000,40.00,0
5358.000,5358.000,40.00,10491
5359.000,5359.000,40.00,0
5360.000,5360.000,40.00,9857
5361.000,5361.000,40.00,0
5362.000,5362.000,40.00,10075
5363.000,5363.000,40.00,4092
5364.000,5364.000,40.00,1578
5365.000,5365.000,40.00,7418
5367.000,5367.000,40.00,0
5368.000,5368.000,40.00,10370
5369.000,5369.000,40.00,0
5370.000,5370.000,40.00,10559
5371.000,5371.000,40.00,0
5372.000,5372.000,40.00,10662
5373.000,5373.000,40.00,0
5374.000,5374.000,40.00,11520
5375.000,5375.000,40.00,1619
5376.000,5376.000,40.00,0
5377.000,5377.000,40.00,9416
5379.000,5379.000,40.00,0
5380.000,5380.000,40.00,10105
5381.000,5381.000,40.00,0
5382.000,5382.000,40.00,9148
5383.000,5383.000,40.00,0
5384.000,5384.000,40.00,9903
5385.000,5385.000,40.00,0
5386.000,5386.000,40.00,10002
5387.000,5387.000,40.00,4600
5388.000,5388.000,40.00,0
5389.000,5389.000,40.00,10934
5390.000,5390.000,40.00,0
5392.000,5392.000,40.00,9186
5393.000,5393.000,40.00,11
5394.000,5394.000,40.00,9795
5395.000,5395.000,40.00,0
5396.000,5396.000,40.00,8273
5397.000,5397.000,40.00,0
5398.000,5398.000,40.00,7791
5399.000,5399.000,40.00,0
5400.000,5400.000,40.00,1618
5401.000,5401.000,40.00,8968
5402.000,5402.000,40.00,0
5403.000,5403.000,40.00,10585
5405.000,5405.000,40.00,0
5406.000,5406.000,40.00,10934
5407.000,5407.000,40.00,0
5408.000,5408.000,40.00,9908
5409.000,5409.000,40.00,0
5410.000,5410.000,40.00,9106
5411.000,5411.000,40.00,0
5412.000,5412.000,40.00,9489
5413.000,5413.000,40.00,7716
5414.000,5414.000,40.00,0
5415.000,5415.000,40.00,10547
5417.000,5417.000,40.00,0
5418.000,5418.000,40.00,8083
5419.000,5419.000,40.00,0
5420.000,5420.000,40.00,8889
5421.000,5421.000,40.00,0
5422.000,5422.000,40.00,9981
5423.000,5423.000,40.00,0
5424.000,5424.000,40.00,10112
5425.000,5425.000,40.00,9970
5426.000,5426.000,40.00,0
5427.000,5427.000,40.00,10438
5429.000,5429.000,40.00,0
5430.000,5430.000,40.00,9071
5431.000,5431.000,40.00,0
5432.000,5432.000,40.00,8872
5433.000,5433.000,40.00,0
5434.000,5434.000,40.00,10848
5435.000,5435.000,40.00,0
5436.000,5436.000,40.00,9987
5437.000,5437.000,40.00,11009
5438.000,5438.000,40.00,0
5439.000,5439.000,40.00,8121
5440.000,5440.000,40.00,0
5442.000,5442.000,40.00,7446
5443.000,5443.000,40.00,1
5444.000,5444.000,40.00,7606
5445.000,5445.000,40.00,0
5446.000,5446.000,40.00,7855
5447.000,5447.000,40.00,0
5448.000,5448.000,40.00,10809
5449.000,5449.000,40.00,0
5450.000,5450.000,40.00,1846
5451.000,5451.000,40.00,11150
5452.000,5452.000,40.00,0
5454.000,5454.000,40.00,10135
5455.000,5455.000,40.00,0
5456.000,5456.000,40.00,9344
5457.000,5457.000,40.00,0
5458.000,5458.000,40.00,9720
5459.000,5459.000,40.00,9
5460.000,5460.000,40.00,10532
5461.000,5461.000,40.00,4702
5462.000,5462.000,40.00,0
5463.000,5463.000,40.00,3113
5464.000,5464.000,40.00,8935
5465.000,5465.000,40.00,5457
5467.000,5467.000,40.00,0
5468.000,5468.000,40.00,10699
5469.000,5469.000,40.00,0
5470.000,5470.000,40.00,10166
5471.000,5471.000,40.00,0
5472.000,5472.000,40.00,10363
5473.000,5473.000,40.00,0
5474.000,5474.000,40.00,1
5476.000,5476.000,40.00,9864
5477.000,5477.000,40.00,0
5478.000,5478.000,40.00,9106
5479.000,5479.000,40.00,0
5480.000,5480.000,40.00,2108
5482.000,5482.000,40.00,8325
5483.000,5483.000,40.00,0
5484.000,5484.000,40.00,8690
5485.000,5485.000,40.00,0
5486.000,5486.000,40.00,12115
5488.000,5488.000,40.00,10888
5489.000,5489.000,40.00,0
5490.000,5490.000,40.00,12017
5491.000,5491.000,40.00,0
5492.000,5492.000,40.00,4773
5494.000,5494.000,40.00,10805
5495.000,5495.000,40.00,0
5496.000,5496.000,40.00,11124
5497.000,5497.000,40.00,0
5498.000,5498.000,40.00,10803
5500.000,5500.000,40.00,10887
5501.000,5501.000,40.00,0
5502.000,5502.000,40.00,8867
5503.000,5503.000,40.00,0
5504.000,5504.000,40.00,6061
5506.000,5506.000,40.00,10651
5507.000,5507.000,40.00,0
5508.000,5508.000,40.00,10374
5509.000,5509.000,40.00,0
5510.000,5510.000,40.00,0
5512.000,5512.000,40.00,10652
5513.000,5513.000,40.00,12
5514.000,5514.000,40.00,10450
5515.000,5515.000,40.00,0
5516.000,5516.000,40.00,10386
5517.000,5517.000,40.00,10903
5519.000,5519.000,40.00,0
5520.000,5520.000,40.00,9990
5521.000,5521.000,40.00,0
5522.000,5522.000,40.00,10870
5523.000,5523.000,40.00,1775
5525.000,5525.000,40.00,5764
5526.000,5526.000,40.00,10582
5527.000,5527.000,40.00,0
5528.000,5528.000,40.00,10769
5529.000,5529.000,40.00,1614
5531.000,5531.000,40.00,0
5532.000,5532.000,40.00,6077
5533.000,5533.000,40.00,0
5534.000,5534.000,40.00,10464
5535.000,5535.000,40.00,614
5537.000,5537.000,40.00,4983
5538.000,5538.000,40.00,10250
5539.000,5539.000,40.00,0
5540.000,5540.000,40.00,11034
5541.000,5541.000,40.00,4814
5543.000,5543.000,40.00,1
5544.000,5544.000,40.00,10261
5545.000,5545.000,40.00,0
5546.000,5546.000,40.00,9996
5547.000,5547.000,40.00,376
5548.000,5548.000,40.00,6199
5550.000,5550.000,40.00,11165
5551.000,5551.000,40.00,0
5552.000,5552.000,40.00,10440
5553.000,5553.000,40.00,0
5554.000,5554.000,40.00,7956
5556.000,5556.000,40.00,10643
5557.000,5557.000,40.00,0
5558.000,5558.000,40.00,9810
5559.000,5559.000,40.00,0
5560.000,5560.000,40.00,9049
5562.000,5562.000,40.00,10977
5563.000,5563.000,40.00,0
5564.000,5564.000,40.00,9777
5565.000,5565.000,40.00,0
5566.000,5566.000,40.00,8764
5568.000,5568.000,40.00,6273
5569.000,5569.000,40.00,2800
5570.000,5570.000,40.00,9513
5571.000,5571.000,40.00,0
5572.000,5572.000,40.00,10455
5573.000,5573.000,40.00,4240
5575.000,5575.000,40.00,3516
5576.000,5576.000,40.00,11069
5577.000,5577.000,40.00,0
5578.000,5578.000,40.00,10117
5579.000,5579.000,40.00,3220
5581.000,5581.000,40.00,2417
5582.000,5582.000,40.00,10363
5583.000,5583.000,40.00,6
5584.000,5584.000,40.00,10345
5585.000,5585.000,40.00,2347
5587.000,5587.000,40.00,8668
5588.000,5588.000,40.00,5502
5589.000,5589.000,40.00,0
5590.000,5590.000,40.00,10744
5591.000,5591.000,40.00,2290
5593.000,5593.000,40.00,6041
5594.000,5594.000,40.00,10337
5595.000,5595.000,40.00,0
5596.000,5596.000,40.00,9729
5597.000,5597.000,40.00,6319
5599.000,5599.000,40.00,0
5600.000,5600.000,40.00,8936
5601.000,5601.000,40.00,0
5602.000,5602.000,40.00,9995
5603.000,5603.000,40.00,4059
5605.000,5605.000,40.00,0
5606.000,5606.000,40.00,10955
5607.000,5607.000,40.00,0
5608.000,5608.000,40.00,9846
5609.000,5609.000,40.00,3569
5611.000,5611.000,40.00,0
5612.000,5612.000,40.00,8303
5613.000,5613.000,40.00,0
5614.000,5614.000,40.00,13230
5615.000,5615.000,40.00,9649
5617.000,5617.000,40.00,0
5618.000,5618.000,40.00,10591
5619.000,5619.000,40.00,0
5620.000,5620.000,40.00,10204
5621.000,5621.000,40.00,7049
5623.000,5623.000,40.00,1
5624.000,5624.000,40.00,10216
5625.000,5625.000,40.00,0
5626.000,5626.000,40.00,10933
5627.000,5627.000,40.00,10009
5629.000,5629.000,40.00,0
5630.000,5630.000,40.00,10844
5631.000,5631.000,40.00,0
5632.000,5632.000,40.00,10226
5633.000,5633.000,40.00,5969
5635.000,5635.000,40.00,0
5636.000,5636.000,40.00,15119
5637.000,5637.000,40.00,0
5638.000,5638.000,40.00,11073
5639.000,5639.000,40.00,3268
5641.000,5641.000,40.00,0
5642.000,5642.000,40.00,8336
5643.000,5643.000,40.00,0
5644.000,5644.000,40.00,11448
5645.000,5645.000,40.00,757
5647.000,5647.000,40.00,0
5648.000,5648.000,40.00,13009
5649.000,5649.000,40.00,0
5650.000,5650.000,40.00,11722
5651.000,5651.000,40.00,2059
5653.000,5653.000,40.00,0
5654.000,5654.000,40.00,10410
5655.000,5655.000,40.00,0
5656.000,5656.000,40.00,3463
5657.000,5657.000,40.00,948
5659.000,5659.000,40.00,0
5660.000,5660.000,40.00,602
5661.000,5661.000,40.00,0
5662.000,5662.000,40.00,482
5663.000,5663.000,40.00,385
5665.000,5665.000,40.00,0
5666.000,5666.000,40.00,598
5667.000,5667.000,40.00,0
5668.000,5668.000,40.00,546
5669.000,5669.000,40.00,467
5670.000,5670.000,40.00,0
5672.000,5672.000,40.00,529
5673.000,5673.000,40.00,0
5674.000,5674.000,40.00,880
5675.000,5675.000,40.00,1086
5677.000,5677.000,40.00,0
5678.000,5678.000,40.00,1223
5679.000,5679.000,40.00,0
5680.000,5680.000,40.00,1156
5681.000,5681.000,40.00,895
5683.000,5683.000,40.00,0
5684.000,5684.000,40.00,1272
5685.000,5685.000,40.00,0
5686.000,5686.000,40.00,702
5688.000,5688.000,40.00,1962
5689.000,5689.000,40.00,0
5690.000,5690.000,40.00,1120
5691.000,5691.000,40.00,0
5692.000,5692.000,40.00,0
5694.000,5694.000,40.00,1395
5695.000,5695.000,40.00,0
5696.000,5696.000,40.00,1571
5697.000,5697.000,40.00,0
5698.000,5698.000,40.00,0
5700.000,5700.000,40.00,1040
5701.000,5701.000,40.00,0
5702.000,5702.000,40.00,1434
5703.000,5703.000,40.00,0
5704.000,5704.000,40.00,0
5706.000,5706.000,40.00,1914
5707.000,5707.000,40.00,0
5708.000,5708.000,40.00,1542
5709.000,5709.000,40.00,0
5710.000,5710.000,40.00,73
5712.000,5712.000,40.00,1064
5713.000,5713.000,40.00,0
5714.000,5714.000,40.00,2332
5715.000,5715.000,40.00,0
5716.000,5716.000,40.00,0
5718.000,5718.000,40.00,106
5719.000,5719.000,40.00,11
5720.000,5720.000,40.00,0
5721.000,5721.000,40.00,0
5722.000,5722.000,40.00,0
5724.000,5724.000,40.00,0
5725.000,5725.000,40.00,0
5726.000,5726.000,40.00,0
5727.000,5727.000,40.00,0
5729.000,5729.000,40.00,0
5730.000,5730.000,40.00,0
5731.000,5731.000,40.00,0
5732.000,5732.000,40.00,0
5734.000,5734.000,40.00,0
5735.000,5735.000,40.00,0
5736.000,5736.000,40.00,0
5737.000,5737.000,40.00,0
5738.000,5738.000,40.00,0
5740.000,5740.000,40.00,0
5741.000,5741.000,40.00,0
5742.000,5742.000,40.00,44
5743.000,5743.000,40.00,0
5744.000,5744.000,40.00,0
5746.000,5746.000,40.00,0
5747.000,5747.000,40.00,0
5748.000,5748.000,40.00,0
5749.000,5749.000,40.00,0
5751.000,5751.000,40.00,0
5752.000,5752.000,40.00,0
5753.000,5753.000,40.00,5
5754.000,5754.000,40.00,0
5755.000,5755.000,40.00,0
5757.000,5757.000,40.00,0
5758.000,5758.000,40.00,0
5759.000,5759.000,40.00,0
5760.000,5760.000,40.00,0
5762.000,5762.000,40.00,0
5763.000,5763.000,40.00,0
5764.000,5764.000,40.00,0
5765.000,5765.000,40.00,0
5766.000,5766.000,40.00,0
5767.000,5767.000,40.00,0
5769.000,5769.000,40.00,0
5770.000,5770.000,40.00,0
5771.000,5771.000,40.00,0
5772.000,5772.000,40.00,0
5774.000,5774.000,40.00,0
5775.000,5775.000,40.00,2
5776.000,5776.000,40.00,45
5777.000,5777.000,40.00,0
5778.000,5778.000,40.00,0
5780.000,5780.000,40.00,0
5781.000,5781.000,40.00,0
5782.000,5782.000,40.00,0
5783.000,5783.000,40.00,0
5784.000,5784.000,40.00,0
5786.000,5786.000,40.00,0
5787.000,5787.000,40.00,0
5788.000,5788.000,40.00,0
5789.000,5789.000,40.00,0
5791.000,5791.000,40.00,0
5792.000,5792.000,40.00,0
5793.000,5793.000,40.00,0
5794.000,5794.000,40.00,0
5795.000,5795.000,40.00,0
5797.000,5797.000,40.00,0
5798.000,5798.000,40.00,0
5799.000,5799.000,40.00,0
5800.000,5800.000,40.00,0
5802.000,5802.000,40.00,0
5803.000,5803.000,40.00,0
5804.000,5804.000,40.00,0
5805.000,5805.000,40.00,0
5806.000,5806.000,40.00,0
5808.000,5808.000,40.00,0
5809.000,5809.000,40.00,0
5810.000,5810.000,40.00,0
5811.000,5811.000,40.00,0
5812.000,5812.000,40.00,0
5814.000,5814.000,40.00,48
5815.000,5815.000,40.00,0
5816.000,5816.000,40.00,0
5817.000,5817.000,40.00,0
5818.000,5818.000,40.00,0
5820.000,5820.000,40.00,0
5821.000,5821.000,40.00,0
5822.000,5822.000,40.00,0
5823.000,5823.000,40.00,0
5824.000,5824.000,40.00,0
5826.000,5826.000,40.00,0
5827.000,5827.000,40.00,0
5828.000,5828.000,40.00,0
5829.000,5829.000,40.00,0
5831.000,5831.000,40.00,0
5832.000,5832.000,40.00,0
5833.000,5833.000,40.00,0
5834.000,5834.000,40.00,0
5835.000,5835.000,40.00,0
5837.000,5837.000,40.00,1
5838.000,5838.000,40.00,4
5839.000,5839.000,40.00,1
5841.000,5841.000,40.00,80205
5842.000,5842.000,40.00,82688
5843.000,5843.000,40.00,70508
5844.000,5844.000,40.00,64604
5845.000,5845.000,40.00,65397
5847.000,5847.000,40.00,12921
5848.000,5848.000,40.00,32955
5849.000,5849.000,40.00,57579
5850.000,5850.000,40.00,65032
5851.000,5851.000,40.00,64610
5853.000,5853.000,40.00,64238
5854.000,5854.000,40.00,64652
5855.000,5855.000,40.00,62764
5856.000,5856.000,40.00,42954
5858.000,5858.000,40.00,0
5859.000,5859.000,40.00,0
5860.000,5860.000,40.00,0
5861.000,5861.000,40.00,0
5862.000,5862.000,40.00,0
5864.000,5864.000,40.00,3
5865.000,5865.000,40.00,0
5866.000,5866.000,40.00,0
5867.000,5867.000,40.00,0
5869.000,5869.000,40.00,0
5870.000,5870.000,40.00,0
5871.000,5871.000,40.00,0
5872.000,5872.000,40.00,604
5873.000,5873.000,40.00,12479
5874.000,5874.000,40.00,34678
5875.000,5875.000,40.00,0
5876.000,5876.000,40.00,9847
5877.000,5877.000,40.00,0
5878.000,5878.000,40.00,0
5879.000,5879.000,40.00,0
5881.000,5881.000,40.00,4
5882.000,5882.000,40.00,1
5883.000,5883.000,40.00,0
5884.000,5884.000,40.00,0
5885.000,5885.000,40.00,0
5886.000,5886.000,40.00,0
5887.000,5887.000,40.00,0
5888.000,5888.000,40.00,0
