since,relative_seconds,rtt,bandwidth_kbps
0.000,0.000,40.00,11
1.000,1.000,40.00,11
1.000,1.000,40.00,1
2.000,2.000,40.00,0
3.000,3.000,40.00,85
4.000,4.000,40.00,14591
5.000,5.000,40.00,4704
6.000,6.000,40.00,12
7.000,7.000,40.00,0
8.000,8.000,40.00,0
9.000,9.000,40.00,2
11.000,11.000,40.00,1409
12.000,12.000,40.00,0
13.000,13.000,40.00,44
14.000,14.000,40.00,6792
15.000,15.000,40.00,0
16.000,16.000,40.00,0
17.000,17.000,40.00,770
18.000,18.000,40.00,2459
19.000,19.000,40.00,4
20.000,20.000,40.00,881
22.000,22.000,40.00,1
23.000,23.000,40.00,6221
24.000,24.000,40.00,11889
25.000,25.000,40.00,34121
26.000,26.000,40.00,23930
27.000,27.000,40.00,279
28.000,28.000,40.00,5
29.000,29.000,40.00,1
31.000,31.000,40.00,0
32.000,32.000,40.00,1816
33.000,33.000,40.00,0
34.000,34.000,40.00,1668
35.000,35.000,40.00,279
36.000,36.000,40.00,0
37.000,37.000,40.00,276
39.000,39.000,40.00,1005
40.000,40.000,40.00,279
41.000,41.000,40.00,0
42.000,42.000,40.00,278
43.000,43.000,40.00,1849
44.000,44.000,40.00,0
45.000,45.000,40.00,280
46.000,46.000,40.00,2004
48.000,48.000,40.00,0
49.000,49.000,40.00,277
50.000,50.000,40.00,3130
51.000,51.000,40.00,280
52.000,52.000,40.00,0
53.000,53.000,40.00,502
54.000,54.000,40.00,1511
55.000,55.000,40.00,278
57.000,57.000,40.00,276
58.000,58.000,40.00,0
59.000,59.000,40.00,278
60.000,60.000,40.00,3
61.000,61.000,40.00,2710
62.000,62.000,40.00,0
63.000,63.000,40.00,339
64.000,64.000,40.00,1817
66.000,66.000,40.00,276
67.000,67.000,40.00,0
68.000,68.000,40.00,277
69.000,69.000,40.00,0
70.000,70.000,40.00,1822
71.000,71.000,40.00,497
72.000,72.000,40.00,0
73.000,73.000,40.00,1057
75.000,75.000,40.00,0
76.000,76.000,40.00,278
77.000,77.000,40.00,0
78.000,78.000,40.00,278
79.000,79.000,40.00,783
80.000,80.000,40.00,0
81.000,81.000,40.00,275
82.000,82.000,40.00,276
84.000,84.000,40.00,1
85.000,85.000,40.00,24
86.000,86.000,40.00,1597
87.000,87.000,40.00,0
88.000,88.000,40.00,866
89.000,89.000,40.00,277
90.000,90.000,40.00,1338
92.000,92.000,40.00,279
93.000,93.000,40.00,278
94.000,94.000,40.00,2457
95.000,95.000,40.00,280
96.000,96.000,40.00,0
97.000,97.000,40.00,2666
98.000,98.000,40.00,0
99.000,99.000,40.00,277
101.000,101.000,40.00,2301
102.000,102.000,40.00,0
103.000,103.000,40.00,276
104.000,104.000,40.00,0
105.000,105.000,40.00,917
106.000,106.000,40.00,0
107.000,107.000,40.00,279
108.000,108.000,40.00,916
110.000,110.000,40.00,0
111.000,111.000,40.00,282
112.000,112.000,40.00,0
113.000,113.000,40.00,1982
114.000,114.000,40.00,1982
114.000,114.000,40.00,0
115.000,115.000,40.00,278
116.000,116.000,40.00,2800
118.000,118.000,40.00,0
119.000,119.000,40.00,1385
120.000,120.000,40.00,0
121.000,121.000,40.00,275
122.000,122.000,40.00,0
123.000,123.000,40.00,278
124.000,124.000,40.00,1972
125.000,125.000,40.00,0
127.000,127.000,40.00,278
128.000,128.000,40.00,0
129.000,129.000,40.00,978
130.000,130.000,40.00,0
131.000,131.000,40.00,278
132.000,132.000,40.00,0
133.000,133.000,40.00,280
135.000,135.000,40.00,2791
136.000,136.000,40.00,0
137.000,137.000,40.00,0
138.000,138.000,40.00,3636
139.000,139.000,40.00,278
140.000,140.000,40.00,0
141.000,141.000,40.00,278
142.000,142.000,40.00,1187
144.000,144.000,40.00,278
145.000,145.000,40.00,0
146.000,146.000,40.00,295
147.000,147.000,40.00,1157
148.000,148.000,40.00,278
149.000,149.000,40.00,0
150.000,150.000,40.00,705
151.000,151.000,40.00,0
153.000,153.000,40.00,964
154.000,154.000,40.00,0
155.000,155.000,40.00,281
156.000,156.000,40.00,2153
157.000,157.000,40.00,276
158.000,158.000,40.00,0
159.000,159.000,40.00,278
160.000,160.000,40.00,2650
162.000,162.000,40.00,275
163.000,163.000,40.00,0
164.000,164.000,40.00,277
165.000,165.000,40.00,1329
166.000,166.000,40.00,0
167.000,167.000,40.00,1622
168.000,168.000,40.00,0
169.000,169.000,40.00,275
171.000,171.000,40.00,1
172.000,172.000,40.00,279
173.000,173.000,40.00,1109
174.000,174.000,40.00,276
175.000,175.000,40.00,0
176.000,176.000,40.00,284
177.000,177.000,40.00,1425
178.000,178.000,40.00,278
180.000,180.000,40.00,0
181.000,181.000,40.00,279
182.000,182.000,40.00,1
183.000,183.000,40.00,1125
184.000,184.000,40.00,0
185.000,185.000,40.00,276
186.000,186.000,40.00,0
188.000,188.000,40.00,0
189.000,189.000,40.00,278
190.000,190.000,40.00,0
191.000,191.000,40.00,2949
192.000,192.000,40.00,0
193.000,193.000,40.00,276
194.000,194.000,40.00,1381
195.000,195.000,40.00,0
197.000,197.000,40.00,929
198.000,198.000,40.00,489
199.000,199.000,40.00,303
200.000,200.000,40.00,0
201.000,201.000,40.00,0
202.000,202.000,40.00,0
203.000,203.000,40.00,0
204.000,204.000,40.00,0
206.000,206.000,40.00,24
207.000,207.000,40.00,0
208.000,208.000,40.00,0
209.000,209.000,40.00,0
209.000,209.000,40.00,45
210.000,210.000,40.00,0
211.000,211.000,40.00,0
212.000,212.000,40.00,0
214.000,214.000,40.00,0
215.000,215.000,40.00,0
216.000,216.000,40.00,0
217.000,217.000,40.00,0
218.000,218.000,40.00,0
219.000,219.000,40.00,0
220.000,220.000,40.00,0
221.000,221.000,40.00,0
223.000,223.000,40.00,0
224.000,224.000,40.00,0
225.000,225.000,40.00,0
226.000,226.000,40.00,0
227.000,227.000,40.00,0
228.000,228.000,40.00,0
229.000,229.000,40.00,0
231.000,231.000,40.00,0
232.000,232.000,40.00,0
233.000,233.000,40.00,0
234.000,234.000,40.00,0
235.000,235.000,40.00,0
236.000,236.000,40.00,0
237.000,237.000,40.00,0
238.000,238.000,40.00,3
240.000,240.000,40.00,0
241.000,241.000,40.00,0
242.000,242.000,40.00,0
243.000,243.000,40.00,0
244.000,244.000,40.00,0
245.000,245.000,40.00,0
246.000,246.000,40.00,0
247.000,247.000,40.00,0
249.000,249.000,40.00,0
250.000,250.000,40.00,0
251.000,251.000,40.00,0
252.000,252.000,40.00,0
253.000,253.000,40.00,0
254.000,254.000,40.00,0
255.000,255.000,40.00,0
257.000,257.000,40.00,0
258.000,258.000,40.00,384
259.000,259.000,40.00,123
260.000,260.000,40.00,0
261.000,261.000,40.00,0
262.000,262.000,40.00,0
263.000,263.000,40.00,0
264.000,264.000,40.00,0
266.000,266.000,40.00,6
267.000,267.000,40.00,0
268.000,268.000,40.00,0
269.000,269.000,40.00,0
270.000,270.000,40.00,1
271.000,271.000,40.00,0
272.000,272.000,40.00,0
273.000,273.000,40.00,0
275.000,275.000,40.00,0
276.000,276.000,40.00,0
277.000,277.000,40.00,0
278.000,278.000,40.00,0
279.000,279.000,40.00,0
280.000,280.000,40.00,0
281.000,281.000,40.00,0
282.000,282.000,40.00,0
284.000,284.000,40.00,0
285.000,285.000,40.00,0
286.000,286.000,40.00,0
287.000,287.000,40.00,0
288.000,288.000,40.00,39
289.000,289.000,40.00,0
290.000,290.000,40.00,0
292.000,292.000,40.00,0
293.000,293.000,40.00,2
294.000,294.000,40.00,0
295.000,295.000,40.00,0
296.000,296.000,40.00,0
297.000,297.000,40.00,0
298.000,298.000,40.00,0
299.000,299.000,40.00,0
301.000,301.000,40.00,0
302.000,302.000,40.00,0
303.000,303.000,40.00,1
304.000,304.000,40.00,0
305.000,305.000,40.00,0
306.000,306.000,40.00,0
307.000,307.000,40.00,0
308.000,308.000,40.00,0
310.000,310.000,40.00,0
311.000,311.000,40.00,0
312.000,312.000,40.00,0
313.000,313.000,40.00,0
314.000,314.000,40.00,0
315.000,315.000,40.00,0
316.000,316.000,40.00,0
317.000,317.000,40.00,0
319.000,319.000,40.00,0
320.000,320.000,40.00,41
321.000,321.000,40.00,0
322.000,322.000,40.00,11
323.000,323.000,40.00,0
324.000,324.000,40.00,0
325.000,325.000,40.00,48
326.000,326.000,40.00,0
328.000,328.000,40.00,0
329.000,329.000,40.00,0
330.000,330.000,40.00,0
331.000,331.000,40.00,0
332.000,332.000,40.00,0
333.000,333.000,40.00,0
334.000,334.000,40.00,0
336.000,336.000,40.00,0
337.000,337.000,40.00,0
338.000,338.000,40.00,0
339.000,339.000,40.00,0
340.000,340.000,40.00,0
341.000,341.000,40.00,0
342.000,342.000,40.00,0
343.000,343.000,40.00,0
345.000,345.000,40.00,0
346.000,346.000,40.00,0
347.000,347.000,40.00,0
348.000,348.000,40.00,0
349.000,349.000,40.00,0
350.000,350.000,40.00,1
351.000,351.000,40.00,0
352.000,352.000,40.00,2
354.000,354.000,40.00,2208
355.000,355.000,40.00,33784
356.000,356.000,40.00,60837
357.000,357.000,40.00,3047
358.000,358.000,40.00,274
359.000,359.000,40.00,2484
360.000,360.000,40.00,277
362.000,362.000,40.00,0
363.000,363.000,40.00,279
364.000,364.000,40.00,0
365.000,365.000,40.00,2644
366.000,366.000,40.00,0
367.000,367.000,40.00,278
368.000,368.000,40.00,2851
369.000,369.000,40.00,0
371.000,371.000,40.00,766
372.000,372.000,40.00,0
373.000,373.000,40.00,275
374.000,374.000,40.00,2571
375.000,375.000,40.00,277
376.000,376.000,40.00,279
377.000,377.000,40.00,0
378.000,378.000,40.00,278
380.000,380.000,40.00,275
381.000,381.000,40.00,0
382.000,382.000,40.00,279
383.000,383.000,40.00,0
384.000,384.000,40.00,2641
385.000,385.000,40.00,0
386.000,386.000,40.00,277
388.000,388.000,40.00,0
389.000,389.000,40.00,2610
390.000,390.000,40.00,276
391.000,391.000,40.00,0
392.000,392.000,40.00,280
393.000,393.000,40.00,280
393.000,393.000,40.00,1140
394.000,394.000,40.00,277
395.000,395.000,40.00,0
397.000,397.000,40.00,273
398.000,398.000,40.00,0
399.000,399.000,40.00,0
400.000,400.000,40.00,277
401.000,401.000,40.00,0
402.000,402.000,40.00,1913
403.000,403.000,40.00,1
405.000,405.000,40.00,278
406.000,406.000,40.00,1
407.000,407.000,40.00,0
408.000,408.000,40.00,278
409.000,409.000,40.00,807
410.000,410.000,40.00,278
411.000,411.000,40.00,0
412.000,412.000,40.00,1034
414.000,414.000,40.00,0
415.000,415.000,40.00,0
416.000,416.000,40.00,320
417.000,417.000,40.00,2678
418.000,418.000,40.00,280
419.000,419.000,40.00,0
420.000,420.000,40.00,272
422.000,422.000,40.00,925
423.000,423.000,40.00,0
424.000,424.000,40.00,2310
425.000,425.000,40.00,0
426.000,426.000,40.00,278
427.000,427.000,40.00,2156
428.000,428.000,40.00,275
429.000,429.000,40.00,52
431.000,431.000,40.00,2364
432.000,432.000,40.00,23
433.000,433.000,40.00,2013
434.000,434.000,40.00,282
435.000,435.000,40.00,0
436.000,436.000,40.00,271
437.000,437.000,40.00,1781
438.000,438.000,40.00,279
439.000,439.000,40.00,0
441.000,441.000,40.00,277
442.000,442.000,40.00,1670
443.000,443.000,40.00,0
444.000,444.000,40.00,275
445.000,445.000,40.00,0
446.000,446.000,40.00,277
447.000,447.000,40.00,0
449.000,449.000,40.00,1630
450.000,450.000,40.00,0
451.000,451.000,40.00,1185
452.000,452.000,40.00,275
453.000,453.000,40.00,1722
454.000,454.000,40.00,276
455.000,455.000,40.00,0
457.000,457.000,40.00,278
458.000,458.000,40.00,0
459.000,459.000,40.00,0
460.000,460.000,40.00,275
461.000,461.000,40.00,0
462.000,462.000,40.00,1151
463.000,463.000,40.00,0
465.000,465.000,40.00,277
466.000,466.000,40.00,2019
467.000,467.000,40.00,0
468.000,468.000,40.00,275
469.000,469.000,40.00,2202
470.000,470.000,40.00,278
471.000,471.000,40.00,0
472.000,472.000,40.00,281
474.000,474.000,40.00,1374
475.000,475.000,40.00,277
476.000,476.000,40.00,22
477.000,477.000,40.00,277
478.000,478.000,40.00,1593
479.000,479.000,40.00,277
480.000,480.000,40.00,1034
481.000,481.000,40.00,0
483.000,483.000,40.00,277
484.000,484.000,40.00,2077
485.000,485.000,40.00,0
486.000,486.000,40.00,275
487.000,487.000,40.00,2072
488.000,488.000,40.00,278
489.000,489.000,40.00,0
490.000,490.000,40.00,0
491.000,491.000,40.00,2226
492.000,492.000,40.00,0
493.000,493.000,40.00,0
494.000,494.000,40.00,279
495.000,495.000,40.00,2133
496.000,496.000,40.00,276
497.000,497.000,40.00,0
498.000,498.000,40.00,278
500.000,500.000,40.00,1872
501.000,501.000,40.00,0
502.000,502.000,40.00,277
503.000,503.000,40.00,0
504.000,504.000,40.00,279
505.000,505.000,40.00,0
506.000,506.000,40.00,2466
508.000,508.000,40.00,0
509.000,509.000,40.00,272
510.000,510.000,40.00,1432
511.000,511.000,40.00,279
512.000,512.000,40.00,0
513.000,513.000,40.00,1577
514.000,514.000,40.00,0
516.000,516.000,40.00,2457
517.000,517.000,40.00,0
518.000,518.000,40.00,278
519.000,519.000,40.00,0
520.000,520.000,40.00,1886
521.000,521.000,40.00,0
522.000,522.000,40.00,277
523.000,523.000,40.00,0
525.000,525.000,40.00,273
526.000,526.000,40.00,1722
527.000,527.000,40.00,0
528.000,528.000,40.00,279
529.000,529.000,40.00,0
530.000,530.000,40.00,1186
531.000,531.000,40.00,0
532.000,532.000,40.00,276
534.000,534.000,40.00,1544
535.000,535.000,40.00,0
536.000,536.000,40.00,3682
537.000,537.000,40.00,0
538.000,538.000,40.00,275
539.000,539.000,40.00,0
540.000,540.000,40.00,1172
541.000,541.000,40.00,0
543.000,543.000,40.00,278
544.000,544.000,40.00,1565
545.000,545.000,40.00,0
546.000,546.000,40.00,1328
547.000,547.000,40.00,0
548.000,548.000,40.00,2082
549.000,549.000,40.00,0
551.000,551.000,40.00,764
552.000,552.000,40.00,1599
553.000,553.000,40.00,0
554.000,554.000,40.00,2411
555.000,555.000,40.00,0
556.000,556.000,40.00,273
557.000,557.000,40.00,0
558.000,558.000,40.00,2911
560.000,560.000,40.00,0
561.000,561.000,40.00,0
562.000,562.000,40.00,278
563.000,563.000,40.00,2722
564.000,564.000,40.00,273
565.000,565.000,40.00,0
566.000,566.000,40.00,274
568.000,568.000,40.00,0
569.000,569.000,40.00,2161
570.000,570.000,40.00,275
571.000,571.000,40.00,1495
572.000,572.000,40.00,275
573.000,573.000,40.00,0
574.000,574.000,40.00,1713
575.000,575.000,40.00,0
577.000,577.000,40.00,278
578.000,578.000,40.00,174
579.000,579.000,40.00,2125
580.000,580.000,40.00,273
581.000,581.000,40.00,1
582.000,582.000,40.00,1607
583.000,583.000,40.00,0
585.000,585.000,40.00,276
586.000,586.000,40.00,1624
587.000,587.000,40.00,0
588.000,588.000,40.00,1736
589.000,589.000,40.00,0
590.000,590.000,40.00,1523
591.000,591.000,40.00,1523
591.000,591.000,40.00,0
592.000,592.000,40.00,278
594.000,594.000,40.00,2279
595.000,595.000,40.00,0
596.000,596.000,40.00,2348
597.000,597.000,40.00,0
598.000,598.000,40.00,277
599.000,599.000,40.00,0
600.000,600.000,40.00,276
602.000,602.000,40.00,927
603.000,603.000,40.00,0
604.000,604.000,40.00,1263
605.000,605.000,40.00,0
606.000,606.000,40.00,277
607.000,607.000,40.00,3695
608.000,608.000,40.00,278
610.000,610.000,40.00,0
611.000,611.000,40.00,767
612.000,612.000,40.00,1334
613.000,613.000,40.00,0
614.000,614.000,40.00,277
615.000,615.000,40.00,0
616.000,616.000,40.00,2120
617.000,617.000,40.00,0
619.000,619.000,40.00,274
620.000,620.000,40.00,0
621.000,621.000,40.00,0
622.000,622.000,40.00,279
623.000,623.000,40.00,1
624.000,624.000,40.00,280
625.000,625.000,40.00,0
627.000,627.000,40.00,1563
628.000,628.000,40.00,0
629.000,629.000,40.00,0
630.000,630.000,40.00,289
631.000,631.000,40.00,1387
632.000,632.000,40.00,277
633.000,633.000,40.00,0
634.000,634.000,40.00,280
635.000,635.000,40.00,280
636.000,636.000,40.00,0
637.000,637.000,40.00,2423
638.000,638.000,40.00,276
639.000,639.000,40.00,0
640.000,640.000,40.00,277
641.000,641.000,40.00,2381
642.000,642.000,40.00,280
644.000,644.000,40.00,0
645.000,645.000,40.00,272
646.000,646.000,40.00,1944
647.000,647.000,40.00,0
648.000,648.000,40.00,276
649.000,649.000,40.00,866
650.000,650.000,40.00,281
651.000,651.000,40.00,0
653.000,653.000,40.00,1405
654.000,654.000,40.00,0
655.000,655.000,40.00,321
656.000,656.000,40.00,29
657.000,657.000,40.00,1639
658.000,658.000,40.00,0
659.000,659.000,40.00,274
661.000,661.000,40.00,3793
662.000,662.000,40.00,278
663.000,663.000,40.00,0
664.000,664.000,40.00,277
665.000,665.000,40.00,885
666.000,666.000,40.00,276
667.000,667.000,40.00,0
668.000,668.000,40.00,1395
670.000,670.000,40.00,0
671.000,671.000,40.00,490
672.000,672.000,40.00,277
673.000,673.000,40.00,0
674.000,674.000,40.00,1572
675.000,675.000,40.00,0
676.000,676.000,40.00,1937
678.000,678.000,40.00,0
679.000,679.000,40.00,175
680.000,680.000,40.00,275
681.000,681.000,40.00,0
682.000,682.000,40.00,1641
683.000,683.000,40.00,0
684.000,684.000,40.00,275
685.000,685.000,40.00,0
687.000,687.000,40.00,1004
688.000,688.000,40.00,277
689.000,689.000,40.00,0
690.000,690.000,40.00,1948
691.000,691.000,40.00,0
692.000,692.000,40.00,276
693.000,693.000,40.00,1794
695.000,695.000,40.00,276
696.000,696.000,40.00,0
697.000,697.000,40.00,0
698.000,698.000,40.00,1824
699.000,699.000,40.00,0
700.000,700.000,40.00,274
701.000,701.000,40.00,0
703.000,703.000,40.00,708
704.000,704.000,40.00,0
705.000,705.000,40.00,0
706.000,706.000,40.00,1270
707.000,707.000,40.00,0
708.000,708.000,40.00,272
709.000,709.000,40.00,0
710.000,710.000,40.00,4026
712.000,712.000,40.00,0
713.000,713.000,40.00,279
714.000,714.000,40.00,281
715.000,715.000,40.00,1613
716.000,716.000,40.00,302
717.000,717.000,40.00,0
718.000,718.000,40.00,2368
719.000,719.000,40.00,0
721.000,721.000,40.00,277
722.000,722.000,40.00,1690
723.000,723.000,40.00,0
724.000,724.000,40.00,276
725.000,725.000,40.00,0
726.000,726.000,40.00,1907
727.000,727.000,40.00,0
729.000,729.000,40.00,278
730.000,730.000,40.00,2477
731.000,731.000,40.00,0
732.000,732.000,40.00,273
733.000,733.000,40.00,1390
734.000,734.000,40.00,279
735.000,735.000,40.00,2
736.000,736.000,40.00,2275
738.000,738.000,40.00,0
739.000,739.000,40.00,0
740.000,740.000,40.00,277
741.000,741.000,40.00,0
742.000,742.000,40.00,1139
743.000,743.000,40.00,0
744.000,744.000,40.00,1414
745.000,745.000,40.00,1
747.000,747.000,40.00,275
748.000,748.000,40.00,1322
749.000,749.000,40.00,0
750.000,750.000,40.00,278
751.000,751.000,40.00,0
752.000,752.000,40.00,1443
753.000,753.000,40.00,0
755.000,755.000,40.00,277
756.000,756.000,40.00,0
757.000,757.000,40.00,0
758.000,758.000,40.00,277
759.000,759.000,40.00,0
760.000,760.000,40.00,1551
761.000,761.000,40.00,0
762.000,762.000,40.00,276
764.000,764.000,40.00,0
765.000,765.000,40.00,0
766.000,766.000,40.00,275
767.000,767.000,40.00,0
768.000,768.000,40.00,2573
769.000,769.000,40.00,0
770.000,770.000,40.00,276
772.000,772.000,40.00,0
773.000,773.000,40.00,1690
774.000,774.000,40.00,1690
774.000,774.000,40.00,276
775.000,775.000,40.00,1397
776.000,776.000,40.00,294
777.000,777.000,40.00,1781
778.000,778.000,40.00,277
779.000,779.000,40.00,0
781.000,781.000,40.00,274
782.000,782.000,40.00,1314
783.000,783.000,40.00,1314
783.000,783.000,40.00,281
784.000,784.000,40.00,2561
785.000,785.000,40.00,0
786.000,786.000,40.00,278
787.000,787.000,40.00,0
788.000,788.000,40.00,1728
790.000,790.000,40.00,0
791.000,791.000,40.00,2514
792.000,792.000,40.00,2514
792.000,792.000,40.00,279
793.000,793.000,40.00,0
794.000,794.000,40.00,2404
795.000,795.000,40.00,0
796.000,796.000,40.00,280
797.000,797.000,40.00,0
799.000,799.000,40.00,2432
800.000,800.000,40.00,279
801.000,801.000,40.00,0
802.000,802.000,40.00,1712
803.000,803.000,40.00,0
804.000,804.000,40.00,274
805.000,805.000,40.00,1085
806.000,806.000,40.00,276
808.000,808.000,40.00,0
808.000,808.000,40.00,0
809.000,809.000,40.00,0
810.000,810.000,40.00,1182
811.000,811.000,40.00,284
812.000,812.000,40.00,415
813.000,813.000,40.00,0
814.000,814.000,40.00,1592
816.000,816.000,40.00,40
817.000,817.000,40.00,0
818.000,818.000,40.00,285
819.000,819.000,40.00,2008
820.000,820.000,40.00,277
821.000,821.000,40.00,0
822.000,822.000,40.00,278
823.000,823.000,40.00,278
824.000,824.000,40.00,788
825.000,825.000,40.00,371
826.000,826.000,40.00,253
827.000,827.000,40.00,1
828.000,828.000,40.00,129
829.000,829.000,40.00,376
830.000,830.000,40.00,296
831.000,831.000,40.00,296
831.000,831.000,40.00,177
832.000,832.000,40.00,0
834.000,834.000,40.00,228
835.000,835.000,40.00,1274
836.000,836.000,40.00,697
837.000,837.000,40.00,383
838.000,838.000,40.00,383
838.000,838.000,40.00,824
839.000,839.000,40.00,115
840.000,840.000,40.00,284
842.000,842.000,40.00,0
843.000,843.000,40.00,1304
844.000,844.000,40.00,281
845.000,845.000,40.00,281
845.000,845.000,40.00,0
846.000,846.000,40.00,282
847.000,847.000,40.00,2705
848.000,848.000,40.00,283
850.000,850.000,40.00,1403
851.000,851.000,40.00,770
852.000,852.000,40.00,0
853.000,853.000,40.00,0
853.000,853.000,40.00,877
854.000,854.000,40.00,206
855.000,855.000,40.00,15
856.000,856.000,40.00,0
857.000,857.000,40.00,0
859.000,859.000,40.00,0
860.000,860.000,40.00,0
861.000,861.000,40.00,0
862.000,862.000,40.00,0
863.000,863.000,40.00,0
864.000,864.000,40.00,0
865.000,865.000,40.00,0
866.000,866.000,40.00,0
868.000,868.000,40.00,0
869.000,869.000,40.00,0
870.000,870.000,40.00,0
871.000,871.000,40.00,0
872.000,872.000,40.00,0
873.000,873.000,40.00,0
874.000,874.000,40.00,0
875.000,875.000,40.00,0
877.000,877.000,40.00,0
878.000,878.000,40.00,0
879.000,879.000,40.00,0
880.000,880.000,40.00,0
881.000,881.000,40.00,0
882.000,882.000,40.00,0
883.000,883.000,40.00,0
884.000,884.000,40.00,0
886.000,886.000,40.00,0
887.000,887.000,40.00,0
888.000,888.000,40.00,0
889.000,889.000,40.00,0
890.000,890.000,40.00,0
891.000,891.000,40.00,0
892.000,892.000,40.00,0
893.000,893.000,40.00,0
895.000,895.000,40.00,44
896.000,896.000,40.00,0
897.000,897.000,40.00,11
898.000,898.000,40.00,0
899.000,899.000,40.00,0
900.000,900.000,40.00,0
901.000,901.000,40.00,0
903.000,903.000,40.00,0
904.000,904.000,40.00,0
905.000,905.000,40.00,0
906.000,906.000,40.00,0
907.000,907.000,40.00,60
908.000,908.000,40.00,0
909.000,909.000,40.00,0
911.000,911.000,40.00,493
912.000,912.000,40.00,0
913.000,913.000,40.00,0
914.000,914.000,40.00,0
915.000,915.000,40.00,0
916.000,916.000,40.00,0
917.000,917.000,40.00,0
918.000,918.000,40.00,0
920.000,920.000,40.00,0
921.000,921.000,40.00,0
922.000,922.000,40.00,0
923.000,923.000,40.00,0
924.000,924.000,40.00,0
925.000,925.000,40.00,0
926.000,926.000,40.00,0
927.000,927.000,40.00,0
928.000,928.000,40.00,0
928.000,928.000,40.00,0
930.000,930.000,40.00,0
931.000,931.000,40.00,0
932.000,932.000,40.00,0
933.000,933.000,40.00,0
934.000,934.000,40.00,0
935.000,935.000,40.00,1
936.000,936.000,40.00,11
937.000,937.000,40.00,0
939.000,939.000,40.00,0
939.000,939.000,40.00,0
940.000,940.000,40.00,0
941.000,941.000,40.00,0
942.000,942.000,40.00,0
943.000,943.000,40.00,0
944.000,944.000,40.00,0
945.000,945.000,40.00,66
946.000,946.000,40.00,0
947.000,947.000,40.00,0
948.000,948.000,40.00,0
949.000,949.000,40.00,0
950.000,950.000,40.00,0
951.000,951.000,40.00,0
952.000,952.000,40.00,0
953.000,953.000,40.00,0
954.000,954.000,40.00,0
956.000,956.000,40.00,0
956.000,956.000,40.00,0
957.000,957.000,40.00,48
958.000,958.000,40.00,0
959.000,959.000,40.00,0
960.000,960.000,40.00,0
961.000,961.000,40.00,0
962.000,962.000,40.00,0
963.000,963.000,40.00,0
965.000,965.000,40.00,0
966.000,966.000,40.00,0
967.000,967.000,40.00,0
968.000,968.000,40.00,0
969.000,969.000,40.00,0
970.000,970.000,40.00,493
971.000,971.000,40.00,0
972.000,972.000,40.00,0
974.000,974.000,40.00,0
975.000,975.000,40.00,0
976.000,976.000,40.00,0
977.000,977.000,40.00,1
978.000,978.000,40.00,0
979.000,979.000,40.00,0
980.000,980.000,40.00,0
981.000,981.000,40.00,0
983.000,983.000,40.00,0
984.000,984.000,40.00,0
985.000,985.000,40.00,0
986.000,986.000,40.00,0
987.000,987.000,40.00,0
988.000,988.000,40.00,0
989.000,989.000,40.00,0
990.000,990.000,40.00,0
992.000,992.000,40.00,0
993.000,993.000,40.00,0
994.000,994.000,40.00,0
994.000,994.000,40.00,0
995.000,995.000,40.00,0
996.000,996.000,40.00,0
997.000,997.000,40.00,0
998.000,998.000,40.00,0
999.000,999.000,40.00,0
1001.000,1001.000,40.00,0
1002.000,1002.000,40.00,0
1003.000,1003.000,40.00,0
1003.000,1003.000,40.00,0
1004.000,1004.000,40.00,0
1005.000,1005.000,40.00,0
1006.000,1006.000,40.00,0
1007.000,1007.000,40.00,0
1009.000,1009.000,40.00,0
1010.000,1010.000,40.00,0
1011.000,1011.000,40.00,5208
1012.000,1012.000,40.00,18704
1013.000,1013.000,40.00,19972
1014.000,1014.000,40.00,16453
1015.000,1015.000,40.00,14929
1016.000,1016.000,40.00,19531
1018.000,1018.000,40.00,8173
1019.000,1019.000,40.00,0
1020.000,1020.000,40.00,1962
1021.000,1021.000,40.00,0
1022.000,1022.000,40.00,0
1023.000,1023.000,40.00,281
1024.000,1024.000,40.00,1443
1025.000,1025.000,40.00,284
1027.000,1027.000,40.00,1512
1028.000,1028.000,40.00,280
1029.000,1029.000,40.00,794
1030.000,1030.000,40.00,823
1031.000,1031.000,40.00,20
1032.000,1032.000,40.00,281
1033.000,1033.000,40.00,1581
1034.000,1034.000,40.00,0
1036.000,1036.000,40.00,279
1037.000,1037.000,40.00,645
1038.000,1038.000,40.00,280
1039.000,1039.000,40.00,1525
1040.000,1040.000,40.00,0
1041.000,1041.000,40.00,282
1042.000,1042.000,40.00,664
1043.000,1043.000,40.00,276
1045.000,1045.000,40.00,1
1046.000,1046.000,40.00,3656
1047.000,1047.000,40.00,0
1048.000,1048.000,40.00,282
1049.000,1049.000,40.00,0
1050.000,1050.000,40.00,1824
1051.000,1051.000,40.00,282
1052.000,1052.000,40.00,1536
1054.000,1054.000,40.00,279
1055.000,1055.000,40.00,0
1056.000,1056.000,40.00,1803
1057.000,1057.000,40.00,0
1058.000,1058.000,40.00,0
1059.000,1059.000,40.00,476
1060.000,1060.000,40.00,0
1062.000,1062.000,40.00,1764
1063.000,1063.000,40.00,0
1064.000,1064.000,40.00,281
1065.000,1065.000,40.00,1571
1066.000,1066.000,40.00,283
1067.000,1067.000,40.00,0
1068.000,1068.000,40.00,2766
1069.000,1069.000,40.00,0
1070.000,1070.000,40.00,276
1072.000,1072.000,40.00,3072
1073.000,1073.000,40.00,0
1074.000,1074.000,40.00,280
1075.000,1075.000,40.00,1428
1076.000,1076.000,40.00,0
1077.000,1077.000,40.00,277
1078.000,1078.000,40.00,1722
1080.000,1080.000,40.00,282
1081.000,1081.000,40.00,0
1082.000,1082.000,40.00,1743
1083.000,1083.000,40.00,0
1084.000,1084.000,40.00,283
1085.000,1085.000,40.00,1820
1086.000,1086.000,40.00,280
1087.000,1087.000,40.00,0
1088.000,1088.000,40.00,2502
1090.000,1090.000,40.00,283
1091.000,1091.000,40.00,494
1092.000,1092.000,40.00,1909
1093.000,1093.000,40.00,0
1094.000,1094.000,40.00,0
1095.000,1095.000,40.00,1976
1096.000,1096.000,40.00,282
1097.000,1097.000,40.00,241
1099.000,1099.000,40.00,1013
1100.000,1100.000,40.00,96
1101.000,1101.000,40.00,0
1102.000,1102.000,40.00,1878
1103.000,1103.000,40.00,283
1104.000,1104.000,40.00,1662
1105.000,1105.000,40.00,283
1107.000,1107.000,40.00,0
1108.000,1108.000,40.00,279
1109.000,1109.000,40.00,1855
1110.000,1110.000,40.00,280
1111.000,1111.000,40.00,0
1112.000,1112.000,40.00,1736
1113.000,1113.000,40.00,0
1114.000,1114.000,40.00,280
1115.000,1115.000,40.00,868
1117.000,1117.000,40.00,0
1118.000,1118.000,40.00,277
1119.000,1119.000,40.00,2448
1120.000,1120.000,40.00,270
1121.000,1121.000,40.00,1224
1122.000,1122.000,40.00,281
1123.000,1123.000,40.00,0
1125.000,1125.000,40.00,0
1126.000,1126.000,40.00,1755
1127.000,1127.000,40.00,0
1128.000,1128.000,40.00,1449
1129.000,1129.000,40.00,284
1130.000,1130.000,40.00,0
1131.000,1131.000,40.00,1448
1132.000,1132.000,40.00,0
1133.000,1133.000,40.00,276
1135.000,1135.000,40.00,0
1136.000,1136.000,40.00,1974
1137.000,1137.000,40.00,1974
1137.000,1137.000,40.00,0
1138.000,1138.000,40.00,283
1139.000,1139.000,40.00,1461
1140.000,1140.000,40.00,0
1141.000,1141.000,40.00,278
1143.000,1143.000,40.00,1512
1144.000,1144.000,40.00,282
1145.000,1145.000,40.00,0
1145.000,1145.000,40.00,0
1146.000,1146.000,40.00,1692
1147.000,1147.000,40.00,281
1148.000,1148.000,40.00,0
1149.000,1149.000,40.00,1931
1150.000,1150.000,40.00,498
1151.000,1151.000,40.00,283
1152.000,1152.000,40.00,283
1153.000,1153.000,40.00,0
1154.000,1154.000,40.00,1366
1155.000,1155.000,40.00,0
1156.000,1156.000,40.00,918
1157.000,1157.000,40.00,277
1158.000,1158.000,40.00,819
1159.000,1159.000,40.00,819
1159.000,1159.000,40.00,283
1161.000,1161.000,40.00,0
1162.000,1162.000,40.00,281
1163.000,1163.000,40.00,982
1164.000,1164.000,40.00,282
1165.000,1165.000,40.00,0
1166.000,1166.000,40.00,0
1166.000,1166.000,40.00,3538
1167.000,1167.000,40.00,0
1168.000,1168.000,40.00,280
1170.000,1170.000,40.00,1872
1171.000,1171.000,40.00,284
1172.000,1172.000,40.00,0
1173.000,1173.000,40.00,0
1173.000,1173.000,40.00,395
1174.000,1174.000,40.00,276
1175.000,1175.000,40.00,1897
1176.000,1176.000,40.00,0
1177.000,1177.000,40.00,281
1178.000,1178.000,40.00,2119
1180.000,1180.000,40.00,163
1180.000,1180.000,40.00,163
1181.000,1181.000,40.00,0
1182.000,1182.000,40.00,283
1183.000,1183.000,40.00,1426
1184.000,1184.000,40.00,489
1185.000,1185.000,40.00,280
1186.000,1186.000,40.00,55
1187.000,1187.000,40.00,55
1187.000,1187.000,40.00,478
1189.000,1189.000,40.00,314
1190.000,1190.000,40.00,0
1191.000,1191.000,40.00,0
1192.000,1192.000,40.00,0
1193.000,1193.000,40.00,0
1194.000,1194.000,40.00,0
1195.000,1195.000,40.00,0
1195.000,1195.000,40.00,299
1196.000,1196.000,40.00,4506
1197.000,1197.000,40.00,861
1199.000,1199.000,40.00,1987
1200.000,1200.000,40.00,351
1201.000,1201.000,40.00,0
1202.000,1202.000,40.00,284
1203.000,1203.000,40.00,1824
1204.000,1204.000,40.00,278
1205.000,1205.000,40.00,1465
1206.000,1206.000,40.00,279
1207.000,1207.000,40.00,0
1209.000,1209.000,40.00,1429
1210.000,1210.000,40.00,283
1211.000,1211.000,40.00,0
1212.000,1212.000,40.00,3714
1213.000,1213.000,40.00,0
1214.000,1214.000,40.00,278
1215.000,1215.000,40.00,0
1216.000,1216.000,40.00,282
1217.000,1217.000,40.00,1013
1219.000,1219.000,40.00,282
1221.000,1221.000,40.00,904
1222.000,1222.000,40.00,279
1223.000,1223.000,40.00,268
1224.000,1224.000,40.00,0
1225.000,1225.000,40.00,280
1226.000,1226.000,40.00,1009
1227.000,1227.000,40.00,0
1229.000,1229.000,40.00,0
1230.000,1230.000,40.00,1944
1231.000,1231.000,40.00,48
1232.000,1232.000,40.00,2403
1233.000,1233.000,40.00,291
1234.000,1234.000,40.00,6
1235.000,1235.000,40.00,2008
1237.000,1237.000,40.00,0
1238.000,1238.000,40.00,277
1239.000,1239.000,40.00,1378
1240.000,1240.000,40.00,282
1241.000,1241.000,40.00,0
1242.000,1242.000,40.00,882
1243.000,1243.000,40.00,0
1244.000,1244.000,40.00,0
1244.000,1244.000,40.00,989
1245.000,1245.000,40.00,11
1247.000,1247.000,40.00,276
1248.000,1248.000,40.00,853
1249.000,1249.000,40.00,279
1250.000,1250.000,40.00,1788
1251.000,1251.000,40.00,0
1252.000,1252.000,40.00,31
1253.000,1253.000,40.00,31
1253.000,1253.000,40.00,277
1254.000,1254.000,40.00,1400
1255.000,1255.000,40.00,281
1256.000,1256.000,40.00,0
1258.000,1258.000,40.00,281
1259.000,1259.000,40.00,0
1260.000,1260.000,40.00,0
1260.000,1260.000,40.00,3343
1261.000,1261.000,40.00,0
1262.000,1262.000,40.00,279
1263.000,1263.000,40.00,0
1264.000,1264.000,40.00,1640
1265.000,1265.000,40.00,284
1266.000,1266.000,40.00,0
1267.000,1267.000,40.00,0
1268.000,1268.000,40.00,1896
1269.000,1269.000,40.00,0
1270.000,1270.000,40.00,500
1271.000,1271.000,40.00,0
1272.000,1272.000,40.00,1685
1273.000,1273.000,40.00,0
1274.000,1274.000,40.00,0
1274.000,1274.000,40.00,280
1275.000,1275.000,40.00,0
1276.000,1276.000,40.00,1039
1278.000,1278.000,40.00,0
1279.000,1279.000,40.00,1280
1280.000,1280.000,40.00,282
1281.000,1281.000,40.00,282
1281.000,1281.000,40.00,0
1282.000,1282.000,40.00,1787
1283.000,1283.000,40.00,282
1284.000,1284.000,40.00,0
1285.000,1285.000,40.00,1592
1286.000,1286.000,40.00,0
1288.000,1288.000,40.00,283
1288.000,1288.000,40.00,283
1289.000,1289.000,40.00,0
1290.000,1290.000,40.00,278
1291.000,1291.000,40.00,1426
1292.000,1292.000,40.00,282
1293.000,1293.000,40.00,0
1294.000,1294.000,40.00,1663
1295.000,1295.000,40.00,1663
1295.000,1295.000,40.00,0
1296.000,1296.000,40.00,1260
1297.000,1297.000,40.00,281
1298.000,1298.000,40.00,0
1300.000,1300.000,40.00,1290
1301.000,1301.000,40.00,0
1302.000,1302.000,40.00,0
1302.000,1302.000,40.00,277
1303.000,1303.000,40.00,885
1304.000,1304.000,40.00,284
1305.000,1305.000,40.00,0
1306.000,1306.000,40.00,1088
1307.000,1307.000,40.00,170
1308.000,1308.000,40.00,0
1309.000,1309.000,40.00,0
1310.000,1310.000,40.00,429
1311.000,1311.000,40.00,585
1312.000,1312.000,40.00,388
1313.000,1313.000,40.00,0
1314.000,1314.000,40.00,59
1315.000,1315.000,40.00,142
1316.000,1316.000,40.00,142
1316.000,1316.000,40.00,0
1317.000,1317.000,40.00,0
1318.000,1318.000,40.00,3279
1320.000,1320.000,40.00,281
1321.000,1321.000,40.00,972
1322.000,1322.000,40.00,285
1323.000,1323.000,40.00,285
1323.000,1323.000,40.00,0
1324.000,1324.000,40.00,748
1325.000,1325.000,40.00,579
1326.000,1326.000,40.00,0
1327.000,1327.000,40.00,1634
1328.000,1328.000,40.00,0
1330.000,1330.000,40.00,283
1330.000,1330.000,40.00,283
1331.000,1331.000,40.00,2177
1332.000,1332.000,40.00,390
1333.000,1333.000,40.00,41
1334.000,1334.000,40.00,152
1335.000,1335.000,40.00,1810
1336.000,1336.000,40.00,2122
1337.000,1337.000,40.00,2122
1337.000,1337.000,40.00,281
1338.000,1338.000,40.00,0
1340.000,1340.000,40.00,282
1341.000,1341.000,40.00,2447
1342.000,1342.000,40.00,276
1343.000,1343.000,40.00,0
1344.000,1344.000,40.00,0
1344.000,1344.000,40.00,281
1345.000,1345.000,40.00,955
1346.000,1346.000,40.00,279
1347.000,1347.000,40.00,0
1348.000,1348.000,40.00,2554
1349.000,1349.000,40.00,281
1351.000,1351.000,40.00,0
1351.000,1351.000,40.00,0
1352.000,1352.000,40.00,280
1353.000,1353.000,40.00,0
1354.000,1354.000,40.00,2048
1355.000,1355.000,40.00,282
1356.000,1356.000,40.00,0
1357.000,1357.000,40.00,1562
1358.000,1358.000,40.00,1562
1358.000,1358.000,40.00,0
1359.000,1359.000,40.00,280
1360.000,1360.000,40.00,929
1362.000,1362.000,40.00,279
1363.000,1363.000,40.00,0
1364.000,1364.000,40.00,280
1365.000,1365.000,40.00,648
1366.000,1366.000,40.00,280
1367.000,1367.000,40.00,0
1368.000,1368.000,40.00,0
1368.000,1368.000,40.00,1388
1369.000,1369.000,40.00,0
1370.000,1370.000,40.00,281
1372.000,1372.000,40.00,15
1373.000,1373.000,40.00,1394
1374.000,1374.000,40.00,280
1375.000,1375.000,40.00,482
1376.000,1376.000,40.00,12
1377.000,1377.000,40.00,2787
1378.000,1378.000,40.00,0
1379.000,1379.000,40.00,284
1380.000,1380.000,40.00,0
1382.000,1382.000,40.00,1696
1383.000,1383.000,40.00,0
1384.000,1384.000,40.00,0
1384.000,1384.000,40.00,280
1385.000,1385.000,40.00,0
1386.000,1386.000,40.00,2305
1387.000,1387.000,40.00,0
1388.000,1388.000,40.00,283
1389.000,1389.000,40.00,0
1391.000,1391.000,40.00,2343
1392.000,1392.000,40.00,284
1393.000,1393.000,40.00,0
1394.000,1394.000,40.00,0
1394.000,1394.000,40.00,280
1395.000,1395.000,40.00,1015
1396.000,1396.000,40.00,282
1397.000,1397.000,40.00,978
1398.000,1398.000,40.00,279
1399.000,1399.000,40.00,0
1400.000,1400.000,40.00,1415
1401.000,1401.000,40.00,0
1403.000,1403.000,40.00,282
1405.000,1405.000,40.00,776
1406.000,1406.000,40.00,280
1407.000,1407.000,40.00,281
1408.000,1408.000,40.00,1645
1409.000,1409.000,40.00,281
1410.000,1410.000,40.00,0
1411.000,1411.000,40.00,1777
1413.000,1413.000,40.00,0
1413.000,1413.000,40.00,0
1414.000,1414.000,40.00,280
1415.000,1415.000,40.00,2459
1416.000,1416.000,40.00,280
1417.000,1417.000,40.00,0
1418.000,1418.000,40.00,2084
1419.000,1419.000,40.00,278
1420.000,1420.000,40.00,1366
1421.000,1421.000,40.00,277
1423.000,1423.000,40.00,2245
1423.000,1423.000,40.00,2245
1424.000,1424.000,40.00,280
1425.000,1425.000,40.00,0
1426.000,1426.000,40.00,281
1427.000,1427.000,40.00,0
1428.000,1428.000,40.00,1535
1429.000,1429.000,40.00,0
1430.000,1430.000,40.00,282
1431.000,1431.000,40.00,1
1433.000,1433.000,40.00,1996
1434.000,1434.000,40.00,284
1435.000,1435.000,40.00,0
1436.000,1436.000,40.00,281
1437.000,1437.000,40.00,1461
1438.000,1438.000,40.00,1
1439.000,1439.000,40.00,1180
1440.000,1440.000,40.00,276
1441.000,1441.000,40.00,29
1443.000,1443.000,40.00,967
1444.000,1444.000,40.00,0
1445.000,1445.000,40.00,284
1446.000,1446.000,40.00,281
1447.000,1447.000,40.00,1035
1448.000,1448.000,40.00,264
1449.000,1449.000,40.00,286
1450.000,1450.000,40.00,496
1451.000,1451.000,40.00,2035
1452.000,1452.000,40.00,592
1454.000,1454.000,40.00,0
1455.000,1455.000,40.00,283
1456.000,1456.000,40.00,281
1457.000,1457.000,40.00,787
1458.000,1458.000,40.00,1355
1459.000,1459.000,40.00,1355
1459.000,1459.000,40.00,0
1460.000,1460.000,40.00,287
1461.000,1461.000,40.00,0
1462.000,1462.000,40.00,1969
1464.000,1464.000,40.00,282
1465.000,1465.000,40.00,0
1466.000,1466.000,40.00,2237
1467.000,1467.000,40.00,0
1468.000,1468.000,40.00,1322
1469.000,1469.000,40.00,266
1470.000,1470.000,40.00,0
1471.000,1471.000,40.00,0
1472.000,1472.000,40.00,0
1473.000,1473.000,40.00,0
1473.000,1473.000,40.00,0
1475.000,1475.000,40.00,0
1476.000,1476.000,40.00,0
1477.000,1477.000,40.00,11
1478.000,1478.000,40.00,11
1479.000,1479.000,40.00,78
1480.000,1480.000,40.00,67
1481.000,1481.000,40.00,67
1481.000,1481.000,40.00,55
1483.000,1483.000,40.00,55
1484.000,1484.000,40.00,67
1485.000,1485.000,40.00,68
1486.000,1486.000,40.00,55
1487.000,1487.000,40.00,55
1488.000,1488.000,40.00,55
1489.000,1489.000,40.00,62
1490.000,1490.000,40.00,62
1490.000,1490.000,40.00,55
1492.000,1492.000,40.00,61
1493.000,1493.000,40.00,55
1494.000,1494.000,40.00,67
1495.000,1495.000,40.00,55
1496.000,1496.000,40.00,64
1497.000,1497.000,40.00,67
1498.000,1498.000,40.00,55
1499.000,1499.000,40.00,55
1501.000,1501.000,40.00,67
1501.000,1501.000,40.00,67
1502.000,1502.000,40.00,67
1503.000,1503.000,40.00,67
1504.000,1504.000,40.00,57
1505.000,1505.000,40.00,64
1506.000,1506.000,40.00,63
1507.000,1507.000,40.00,64
1508.000,1508.000,40.00,52
1510.000,1510.000,40.00,0
1511.000,1511.000,40.00,4
1512.000,1512.000,40.00,2
1513.000,1513.000,40.00,2
1514.000,1514.000,40.00,23
1515.000,1515.000,40.00,67
1516.000,1516.000,40.00,67
1518.000,1518.000,40.00,55
1519.000,1519.000,40.00,67
1520.000,1520.000,40.00,55
1521.000,1521.000,40.00,55
1522.000,1522.000,40.00,67
1523.000,1523.000,40.00,17
1524.000,1524.000,40.00,62
1526.000,1526.000,40.00,52
1527.000,1527.000,40.00,62
1528.000,1528.000,40.00,71
1529.000,1529.000,40.00,62
1530.000,1530.000,40.00,64
1531.000,1531.000,40.00,50
1532.000,1532.000,40.00,57
1533.000,1533.000,40.00,58
1535.000,1535.000,40.00,65
1536.000,1536.000,40.00,62
1537.000,1537.000,40.00,66
1538.000,1538.000,40.00,63
1539.000,1539.000,40.00,62
1540.000,1540.000,40.00,64
1541.000,1541.000,40.00,60
1542.000,1542.000,40.00,73
1544.000,1544.000,40.00,61
1545.000,1545.000,40.00,58
1546.000,1546.000,40.00,61
1547.000,1547.000,40.00,67
1548.000,1548.000,40.00,57
1549.000,1549.000,40.00,60
1550.000,1550.000,40.00,61
1552.000,1552.000,40.00,66
1553.000,1553.000,40.00,66
1554.000,1554.000,40.00,63
1555.000,1555.000,40.00,67
1556.000,1556.000,40.00,66
1557.000,1557.000,40.00,2
1558.000,1558.000,40.00,2
1559.000,1559.000,40.00,30
1561.000,1561.000,40.00,55
1562.000,1562.000,40.00,55
1563.000,1563.000,40.00,62
1564.000,1564.000,40.00,67
1565.000,1565.000,40.00,55
1566.000,1566.000,40.00,55
1567.000,1567.000,40.00,67
1568.000,1568.000,40.00,68
1570.000,1570.000,40.00,66
1571.000,1571.000,40.00,55
1572.000,1572.000,40.00,55
1573.000,1573.000,40.00,55
1574.000,1574.000,40.00,67
1575.000,1575.000,40.00,67
1576.000,1576.000,40.00,55
1577.000,1577.000,40.00,62
1579.000,1579.000,40.00,56
1580.000,1580.000,40.00,60
1581.000,1581.000,40.00,1
1582.000,1582.000,40.00,14
1583.000,1583.000,40.00,62
1584.000,1584.000,40.00,43
1585.000,1585.000,40.00,61
1586.000,1586.000,40.00,64
1588.000,1588.000,40.00,55
1589.000,1589.000,40.00,64
1590.000,1590.000,40.00,55
1591.000,1591.000,40.00,55
1592.000,1592.000,40.00,67
1593.000,1593.000,40.00,67
1594.000,1594.000,40.00,67
1595.000,1595.000,40.00,55
1596.000,1596.000,40.00,55
1597.000,1597.000,40.00,67
1598.000,1598.000,40.00,67
1599.000,1599.000,40.00,56
1600.000,1600.000,40.00,67
1601.000,1601.000,40.00,55
1602.000,1602.000,40.00,67
1603.000,1603.000,40.00,64
1604.000,1604.000,40.00,47
1606.000,1606.000,40.00,0
1607.000,1607.000,40.00,834
1608.000,1608.000,40.00,3213
1609.000,1609.000,40.00,3213
1609.000,1609.000,40.00,6455
1610.000,1610.000,40.00,5482
1611.000,1611.000,40.00,0
1612.000,1612.000,40.00,27
1613.000,1613.000,40.00,0
1614.000,1614.000,40.00,0
1616.000,1616.000,40.00,0
1617.000,1617.000,40.00,0
1618.000,1618.000,40.00,0
1620.000,1620.000,40.00,0
1621.000,1621.000,40.00,0
1622.000,1622.000,40.00,0
1623.000,1623.000,40.00,0
1625.000,1625.000,40.00,0
1626.000,1626.000,40.00,0
1627.000,1627.000,40.00,0
1628.000,1628.000,40.00,0
1629.000,1629.000,40.00,53
1630.000,1630.000,40.00,513
1632.000,1632.000,40.00,0
1633.000,1633.000,40.00,0
1634.000,1634.000,40.00,0
1635.000,1635.000,40.00,0
1636.000,1636.000,40.00,0
1637.000,1637.000,40.00,0
1638.000,1638.000,40.00,0
1639.000,1639.000,40.00,0
1641.000,1641.000,40.00,0
1642.000,1642.000,40.00,0
1643.000,1643.000,40.00,0
1644.000,1644.000,40.00,0
1645.000,1645.000,40.00,1
1646.000,1646.000,40.00,0
1647.000,1647.000,40.00,0
1648.000,1648.000,40.00,0
1650.000,1650.000,40.00,0
1651.000,1651.000,40.00,0
1652.000,1652.000,40.00,0
1653.000,1653.000,40.00,0
1654.000,1654.000,40.00,0
1655.000,1655.000,40.00,0
1656.000,1656.000,40.00,0
1657.000,1657.000,40.00,0
1658.000,1658.000,40.00,0
1660.000,1660.000,40.00,0
1661.000,1661.000,40.00,0
1662.000,1662.000,40.00,0
1663.000,1663.000,40.00,0
1664.000,1664.000,40.00,0
1665.000,1665.000,40.00,0
1666.000,1666.000,40.00,0
1668.000,1668.000,40.00,0
1669.000,1669.000,40.00,0
1670.000,1670.000,40.00,0
1670.000,1670.000,40.00,322
1671.000,1671.000,40.00,1473
1672.000,1672.000,40.00,13436
1673.000,1673.000,40.00,16637
1674.000,1674.000,40.00,19051
1675.000,1675.000,40.00,12799
1677.000,1677.000,40.00,10556
1678.000,1678.000,40.00,7498
1679.000,1679.000,40.00,7020
1680.000,1680.000,40.00,7020
1680.000,1680.000,40.00,0
1681.000,1681.000,40.00,929
1682.000,1682.000,40.00,284
1684.000,1684.000,40.00,44
1685.000,1685.000,40.00,889
1686.000,1686.000,40.00,286
1687.000,1687.000,40.00,1274
1688.000,1688.000,40.00,218
1689.000,1689.000,40.00,0
1690.000,1690.000,40.00,2818
1691.000,1691.000,40.00,2818
1691.000,1691.000,40.00,0
1692.000,1692.000,40.00,871
1694.000,1694.000,40.00,0
1695.000,1695.000,40.00,810
1696.000,1696.000,40.00,0
1697.000,1697.000,40.00,284
1698.000,1698.000,40.00,1882
1699.000,1699.000,40.00,0
1700.000,1700.000,40.00,282
1701.000,1701.000,40.00,0
1703.000,1703.000,40.00,288
1703.000,1703.000,40.00,288
1704.000,1704.000,40.00,949
1705.000,1705.000,40.00,282
1706.000,1706.000,40.00,0
1707.000,1707.000,40.00,26
1708.000,1708.000,40.00,2272
1709.000,1709.000,40.00,284
1710.000,1710.000,40.00,289
1712.000,1712.000,40.00,480
1713.000,1713.000,40.00,1062
1714.000,1714.000,40.00,2106
1715.000,1715.000,40.00,621
1716.000,1716.000,40.00,621
1716.000,1716.000,40.00,0
1717.000,1717.000,40.00,924
1718.000,1718.000,40.00,0
1719.000,1719.000,40.00,156
1721.000,1721.000,40.00,345
1722.000,1722.000,40.00,482
1723.000,1723.000,40.00,348
1724.000,1724.000,40.00,503
1725.000,1725.000,40.00,570
1726.000,1726.000,40.00,996
1727.000,1727.000,40.00,1882
1728.000,1728.000,40.00,0
1729.000,1729.000,40.00,111
1730.000,1730.000,40.00,111
1731.000,1731.000,40.00,172
1732.000,1732.000,40.00,506
1733.000,1733.000,40.00,320
1734.000,1734.000,40.00,337
1735.000,1735.000,40.00,444
1736.000,1736.000,40.00,248
1737.000,1737.000,40.00,198
1738.000,1738.000,40.00,103
1739.000,1739.000,40.00,86
1741.000,1741.000,40.00,173
1742.000,1742.000,40.00,67
1743.000,1743.000,40.00,191
1744.000,1744.000,40.00,157
1745.000,1745.000,40.00,459
1746.000,1746.000,40.00,459
1746.000,1746.000,40.00,268
1747.000,1747.000,40.00,156
1748.000,1748.000,40.00,162
1749.000,1749.000,40.00,100
1751.000,1751.000,40.00,11
1752.000,1752.000,40.00,11
1753.000,1753.000,40.00,0
1754.000,1754.000,40.00,0
1755.000,1755.000,40.00,0
1756.000,1756.000,40.00,4795
1757.000,1757.000,40.00,3503
1758.000,1758.000,40.00,7670
1760.000,1760.000,40.00,329
1760.000,1760.000,40.00,329
1761.000,1761.000,40.00,0
1762.000,1762.000,40.00,1270
1763.000,1763.000,40.00,0
1764.000,1764.000,40.00,233
1765.000,1765.000,40.00,0
1766.000,1766.000,40.00,1990
1767.000,1767.000,40.00,0
1769.000,1769.000,40.00,280
1770.000,1770.000,40.00,0
1771.000,1771.000,40.00,1065
1772.000,1772.000,40.00,0
1773.000,1773.000,40.00,0
1774.000,1774.000,40.00,1139
1775.000,1775.000,40.00,0
1777.000,1777.000,40.00,280
1778.000,1778.000,40.00,354
1779.000,1779.000,40.00,281
1780.000,1780.000,40.00,1018
1781.000,1781.000,40.00,285
1782.000,1782.000,40.00,39
1783.000,1783.000,40.00,347
1784.000,1784.000,40.00,76
1786.000,1786.000,40.00,1541
1787.000,1787.000,40.00,6
1788.000,1788.000,40.00,284
1789.000,1789.000,40.00,280
1790.000,1790.000,40.00,1040
1791.000,1791.000,40.00,278
1792.000,1792.000,40.00,0
1793.000,1793.000,40.00,274
1795.000,1795.000,40.00,890
1796.000,1796.000,40.00,12
1797.000,1797.000,40.00,1171
1798.000,1798.000,40.00,0
1799.000,1799.000,40.00,280
1800.000,1800.000,40.00,274
1801.000,1801.000,40.00,0
1802.000,1802.000,40.00,280
1804.000,1804.000,40.00,1065
1805.000,1805.000,40.00,278
1806.000,1806.000,40.00,0
1807.000,1807.000,40.00,359
1808.000,1808.000,40.00,74
1809.000,1809.000,40.00,1637
1810.000,1810.000,40.00,211
1811.000,1811.000,40.00,2808
1813.000,1813.000,40.00,0
1814.000,1814.000,40.00,280
1815.000,1815.000,40.00,2867
1816.000,1816.000,40.00,0
1817.000,1817.000,40.00,127
1818.000,1818.000,40.00,1779
1819.000,1819.000,40.00,0
1820.000,1820.000,40.00,277
1822.000,1822.000,40.00,0
1823.000,1823.000,40.00,2285
1824.000,1824.000,40.00,0
1825.000,1825.000,40.00,275
1826.000,1826.000,40.00,2410
1827.000,1827.000,40.00,0
1828.000,1828.000,40.00,278
1830.000,1830.000,40.00,1854
1831.000,1831.000,40.00,279
1832.000,1832.000,40.00,279
1832.000,1832.000,40.00,0
1833.000,1833.000,40.00,274
1834.000,1834.000,40.00,2252
1835.000,1835.000,40.00,0
1836.000,1836.000,40.00,0
1838.000,1838.000,40.00,2217
1839.000,1839.000,40.00,277
1840.000,1840.000,40.00,1369
1841.000,1841.000,40.00,273
1842.000,1842.000,40.00,0
1843.000,1843.000,40.00,277
1844.000,1844.000,40.00,1254
1845.000,1845.000,40.00,1254
1845.000,1845.000,40.00,278
1847.000,1847.000,40.00,0
1848.000,1848.000,40.00,1824
1849.000,1849.000,40.00,276
1850.000,1850.000,40.00,44
1851.000,1851.000,40.00,2235
1852.000,1852.000,40.00,277
1853.000,1853.000,40.00,0
1855.000,1855.000,40.00,280
1856.000,1856.000,40.00,15
1857.000,1857.000,40.00,2502
1858.000,1858.000,40.00,0
1859.000,1859.000,40.00,278
1860.000,1860.000,40.00,277
1861.000,1861.000,40.00,1771
1862.000,1862.000,40.00,277
1864.000,1864.000,40.00,1588
1865.000,1865.000,40.00,276
1866.000,1866.000,40.00,0
1867.000,1867.000,40.00,1477
1868.000,1868.000,40.00,278
1869.000,1869.000,40.00,0
1870.000,1870.000,40.00,1211
1872.000,1872.000,40.00,0
1873.000,1873.000,40.00,275
1874.000,1874.000,40.00,275
1874.000,1874.000,40.00,0
1875.000,1875.000,40.00,1870
1876.000,1876.000,40.00,0
1877.000,1877.000,40.00,0
1878.000,1878.000,40.00,277
1880.000,1880.000,40.00,1167
1881.000,1881.000,40.00,280
1882.000,1882.000,40.00,0
1883.000,1883.000,40.00,594
1884.000,1884.000,40.00,0
1885.000,1885.000,40.00,0
1886.000,1886.000,40.00,278
1888.000,1888.000,40.00,0
1889.000,1889.000,40.00,1187
1890.000,1890.000,40.00,11
1891.000,1891.000,40.00,281
1892.000,1892.000,40.00,989
1893.000,1893.000,40.00,0
1894.000,1894.000,40.00,2741
1895.000,1895.000,40.00,0
1897.000,1897.000,40.00,276
1898.000,1898.000,40.00,1416
1899.000,1899.000,40.00,277
1900.000,1900.000,40.00,970
1901.000,1901.000,40.00,278
1902.000,1902.000,40.00,0
1903.000,1903.000,40.00,2284
1905.000,1905.000,40.00,0
1906.000,1906.000,40.00,272
1906.000,1906.000,40.00,272
1907.000,1907.000,40.00,278
1908.000,1908.000,40.00,2379
1909.000,1909.000,40.00,277
1910.000,1910.000,40.00,0
1911.000,1911.000,40.00,283
1913.000,1913.000,40.00,1083
1914.000,1914.000,40.00,0
1915.000,1915.000,40.00,304
1916.000,1916.000,40.00,0
1917.000,1917.000,40.00,0
1918.000,1918.000,40.00,278
1919.000,1919.000,40.00,1163
1921.000,1921.000,40.00,276
1922.000,1922.000,40.00,0
1923.000,1923.000,40.00,278
1924.000,1924.000,40.00,1092
1925.000,1925.000,40.00,0
1926.000,1926.000,40.00,278
1927.000,1927.000,40.00,2694
1929.000,1929.000,40.00,275
1930.000,1930.000,40.00,0
1931.000,1931.000,40.00,2460
1932.000,1932.000,40.00,0
1933.000,1933.000,40.00,278
1934.000,1934.000,40.00,276
1935.000,1935.000,40.00,15
1937.000,1937.000,40.00,632
1938.000,1938.000,40.00,0
1939.000,1939.000,40.00,277
1940.000,1940.000,40.00,0
1941.000,1941.000,40.00,0
1942.000,1942.000,40.00,279
1943.000,1943.000,40.00,279
1943.000,1943.000,40.00,2135
1945.000,1945.000,40.00,274
1946.000,1946.000,40.00,0
1947.000,1947.000,40.00,770
1948.000,1948.000,40.00,0
1949.000,1949.000,40.00,0
1950.000,1950.000,40.00,279
1951.000,1951.000,40.00,0
1953.000,1953.000,40.00,988
1954.000,1954.000,40.00,0
1955.000,1955.000,40.00,279
1956.000,1956.000,40.00,0
1957.000,1957.000,40.00,1549
1958.000,1958.000,40.00,279
1959.000,1959.000,40.00,0
1961.000,1961.000,40.00,276
1962.000,1962.000,40.00,545
1963.000,1963.000,40.00,281
1964.000,1964.000,40.00,0
1965.000,1965.000,40.00,1042
1966.000,1966.000,40.00,277
1967.000,1967.000,40.00,820
1969.000,1969.000,40.00,275
1970.000,1970.000,40.00,0
1971.000,1971.000,40.00,830
1972.000,1972.000,40.00,0
1973.000,1973.000,40.00,276
1974.000,1974.000,40.00,1513
1975.000,1975.000,40.00,17
1977.000,1977.000,40.00,287
1978.000,1978.000,40.00,0
1979.000,1979.000,40.00,1840
1980.000,1980.000,40.00,0
1981.000,1981.000,40.00,277
1982.000,1982.000,40.00,279
1983.000,1983.000,40.00,989
1984.000,1984.000,40.00,278
1986.000,1986.000,40.00,0
1987.000,1987.000,40.00,278
1988.000,1988.000,40.00,1333
1989.000,1989.000,40.00,277
1990.000,1990.000,40.00,494
1991.000,1991.000,40.00,1219
1992.000,1992.000,40.00,0
1994.000,1994.000,40.00,277
1995.000,1995.000,40.00,550
1996.000,1996.000,40.00,0
1997.000,1997.000,40.00,1845
1998.000,1998.000,40.00,279
1999.000,1999.000,40.00,0
2000.000,2000.000,40.00,2404
2002.000,2002.000,40.00,0
2003.000,2003.000,40.00,278
2004.000,2004.000,40.00,0
2005.000,2005.000,40.00,1289
2006.000,2006.000,40.00,0
2007.000,2007.000,40.00,0
2008.000,2008.000,40.00,4128
2009.000,2009.000,40.00,0
2011.000,2011.000,40.00,279
2012.000,2012.000,40.00,0
2013.000,2013.000,40.00,279
2014.000,2014.000,40.00,2137
2015.000,2015.000,40.00,0
2016.000,2016.000,40.00,275
2017.000,2017.000,40.00,0
2019.000,2019.000,40.00,2171
2020.000,2020.000,40.00,0
2021.000,2021.000,40.00,279
2022.000,2022.000,40.00,0
2023.000,2023.000,40.00,280
2024.000,2024.000,40.00,277
2025.000,2025.000,40.00,0
2027.000,2027.000,40.00,280
2028.000,2028.000,40.00,1382
2029.000,2029.000,40.00,275
2030.000,2030.000,40.00,38
2031.000,2031.000,40.00,20
2032.000,2032.000,40.00,2295
2033.000,2033.000,40.00,0
2035.000,2035.000,40.00,0
2036.000,2036.000,40.00,55
2037.000,2037.000,40.00,26
2038.000,2038.000,40.00,1891
2039.000,2039.000,40.00,283
2040.000,2040.000,40.00,29
2041.000,2041.000,40.00,1037
2043.000,2043.000,40.00,0
2044.000,2044.000,40.00,280
2045.000,2045.000,40.00,1882
2046.000,2046.000,40.00,0
2047.000,2047.000,40.00,217
2048.000,2048.000,40.00,280
2049.000,2049.000,40.00,0
2050.000,2050.000,40.00,784
2052.000,2052.000,40.00,4
2053.000,2053.000,40.00,2215
2054.000,2054.000,40.00,0
2055.000,2055.000,40.00,284
2056.000,2056.000,40.00,0
2057.000,2057.000,40.00,1103
2058.000,2058.000,40.00,0
2060.000,2060.000,40.00,283
2061.000,2061.000,40.00,0
2062.000,2062.000,40.00,448
2063.000,2063.000,40.00,1287
2064.000,2064.000,40.00,0
2065.000,2065.000,40.00,255
2066.000,2066.000,40.00,1351
2067.000,2067.000,40.00,0
2069.000,2069.000,40.00,284
2070.000,2070.000,40.00,1464
2071.000,2071.000,40.00,279
2072.000,2072.000,40.00,0
2073.000,2073.000,40.00,281
2074.000,2074.000,40.00,467
2075.000,2075.000,40.00,281
2077.000,2077.000,40.00,2710
2078.000,2078.000,40.00,0
2079.000,2079.000,40.00,281
2080.000,2080.000,40.00,1889
2081.000,2081.000,40.00,277
2082.000,2082.000,40.00,0
2083.000,2083.000,40.00,1294
2084.000,2084.000,40.00,282
2085.000,2085.000,40.00,0
2087.000,2087.000,40.00,1440
2088.000,2088.000,40.00,0
2089.000,2089.000,40.00,276
2090.000,2090.000,40.00,3268
2091.000,2091.000,40.00,285
2092.000,2092.000,40.00,0
2093.000,2093.000,40.00,1428
2095.000,2095.000,40.00,284
2096.000,2096.000,40.00,27
2097.000,2097.000,40.00,2407
2098.000,2098.000,40.00,0
2099.000,2099.000,40.00,279
2100.000,2100.000,40.00,2826
2101.000,2101.000,40.00,0
2102.000,2102.000,40.00,281
2103.000,2103.000,40.00,0
2105.000,2105.000,40.00,1907
2106.000,2106.000,40.00,442
2107.000,2107.000,40.00,166
2108.000,2108.000,40.00,0
2109.000,2109.000,40.00,2388
2110.000,2110.000,40.00,779
2111.000,2111.000,40.00,0
2113.000,2113.000,40.00,280
2114.000,2114.000,40.00,0
2115.000,2115.000,40.00,2070
2116.000,2116.000,40.00,0
2117.000,2117.000,40.00,280
2118.000,2118.000,40.00,173
2119.000,2119.000,40.00,53
2120.000,2120.000,40.00,1717
2122.000,2122.000,40.00,280
2123.000,2123.000,40.00,11
2124.000,2124.000,40.00,3403
2125.000,2125.000,40.00,280
2126.000,2126.000,40.00,0
2127.000,2127.000,40.00,1433
2128.000,2128.000,40.00,281
2129.000,2129.000,40.00,0
2130.000,2130.000,40.00,170
2132.000,2132.000,40.00,0
2133.000,2133.000,40.00,2309
2134.000,2134.000,40.00,0
2135.000,2135.000,40.00,279
2136.000,2136.000,40.00,0
2137.000,2137.000,40.00,1630
2138.000,2138.000,40.00,275
2139.000,2139.000,40.00,0
2141.000,2141.000,40.00,1501
2142.000,2142.000,40.00,0
2143.000,2143.000,40.00,286
2144.000,2144.000,40.00,0
2145.000,2145.000,40.00,1408
2146.000,2146.000,40.00,278
2147.000,2147.000,40.00,0
2149.000,2149.000,40.00,0
2150.000,2150.000,40.00,149
2151.000,2151.000,40.00,0
2152.000,2152.000,40.00,0
2153.000,2153.000,40.00,277
2154.000,2154.000,40.00,0
2155.000,2155.000,40.00,1165
2156.000,2156.000,40.00,283
2158.000,2158.000,40.00,0
2159.000,2159.000,40.00,279
2160.000,2160.000,40.00,1027
2161.000,2161.000,40.00,280
2162.000,2162.000,40.00,0
2163.000,2163.000,40.00,0
2164.000,2164.000,40.00,1815
2165.000,2165.000,40.00,0
2167.000,2167.000,40.00,1754
2168.000,2168.000,40.00,0
2169.000,2169.000,40.00,280
2170.000,2170.000,40.00,1153
2171.000,2171.000,40.00,259
2172.000,2172.000,40.00,0
2173.000,2173.000,40.00,0
2175.000,2175.000,40.00,0
2176.000,2176.000,40.00,2
2177.000,2177.000,40.00,0
2178.000,2178.000,40.00,0
2179.000,2179.000,40.00,0
2180.000,2180.000,40.00,0
2181.000,2181.000,40.00,0
2183.000,2183.000,40.00,0
2184.000,2184.000,40.00,0
2185.000,2185.000,40.00,0
2186.000,2186.000,40.00,0
2187.000,2187.000,40.00,0
2188.000,2188.000,40.00,0
2189.000,2189.000,40.00,0
2190.000,2190.000,40.00,0
2192.000,2192.000,40.00,0
2193.000,2193.000,40.00,0
2194.000,2194.000,40.00,67
2195.000,2195.000,40.00,0
2196.000,2196.000,40.00,0
2197.000,2197.000,40.00,0
2198.000,2198.000,40.00,0
2199.000,2199.000,40.00,0
2201.000,2201.000,40.00,0
2202.000,2202.000,40.00,0
2203.000,2203.000,40.00,0
2204.000,2204.000,40.00,0
2205.000,2205.000,40.00,0
2206.000,2206.000,40.00,0
2207.000,2207.000,40.00,0
2209.000,2209.000,40.00,0
2210.000,2210.000,40.00,0
2211.000,2211.000,40.00,44
2212.000,2212.000,40.00,0
2213.000,2213.000,40.00,0
2214.000,2214.000,40.00,0
2215.000,2215.000,40.00,12
2216.000,2216.000,40.00,0
2218.000,2218.000,40.00,0
2219.000,2219.000,40.00,0
2220.000,2220.000,40.00,0
2221.000,2221.000,40.00,0
2222.000,2222.000,40.00,0
2223.000,2223.000,40.00,0
2224.000,2224.000,40.00,0
2226.000,2226.000,40.00,0
2227.000,2227.000,40.00,0
2228.000,2228.000,40.00,0
2229.000,2229.000,40.00,41
2230.000,2230.000,40.00,18
2231.000,2231.000,40.00,15
2232.000,2232.000,40.00,14
2234.000,2234.000,40.00,5
2235.000,2235.000,40.00,0
2236.000,2236.000,40.00,0
2237.000,2237.000,40.00,0
2238.000,2238.000,40.00,0
2239.000,2239.000,40.00,0
2240.000,2240.000,40.00,0
2241.000,2241.000,40.00,0
2243.000,2243.000,40.00,0
2244.000,2244.000,40.00,0
2245.000,2245.000,40.00,0
2246.000,2246.000,40.00,0
2247.000,2247.000,40.00,0
2248.000,2248.000,40.00,0
2249.000,2249.000,40.00,0
2250.000,2250.000,40.00,0
2252.000,2252.000,40.00,0
2253.000,2253.000,40.00,0
2254.000,2254.000,40.00,0
2255.000,2255.000,40.00,0
2256.000,2256.000,40.00,0
2257.000,2257.000,40.00,0
2258.000,2258.000,40.00,0
2260.000,2260.000,40.00,0
2261.000,2261.000,40.00,0
2262.000,2262.000,40.00,27
2263.000,2263.000,40.00,0
2264.000,2264.000,40.00,0
2265.000,2265.000,40.00,0
2266.000,2266.000,40.00,0
2268.000,2268.000,40.00,0
2269.000,2269.000,40.00,0
2270.000,2270.000,40.00,0
2271.000,2271.000,40.00,0
2272.000,2272.000,40.00,0
2273.000,2273.000,40.00,0
2274.000,2274.000,40.00,0
2275.000,2275.000,40.00,4
2276.000,2276.000,40.00,0
2278.000,2278.000,40.00,0
2279.000,2279.000,40.00,0
2280.000,2280.000,40.00,0
2281.000,2281.000,40.00,0
2282.000,2282.000,40.00,0
2283.000,2283.000,40.00,0
2284.000,2284.000,40.00,0
2286.000,2286.000,40.00,0
2287.000,2287.000,40.00,0
2288.000,2288.000,40.00,0
2289.000,2289.000,40.00,0
2290.000,2290.000,40.00,491
2291.000,2291.000,40.00,0
2292.000,2292.000,40.00,0
2293.000,2293.000,40.00,0
2295.000,2295.000,40.00,0
2296.000,2296.000,40.00,0
2297.000,2297.000,40.00,0
2298.000,2298.000,40.00,0
2299.000,2299.000,40.00,0
2300.000,2300.000,40.00,0
2301.000,2301.000,40.00,0
2302.000,2302.000,40.00,0
2304.000,2304.000,40.00,0
2305.000,2305.000,40.00,0
2306.000,2306.000,40.00,0
2307.000,2307.000,40.00,0
2308.000,2308.000,40.00,0
2309.000,2309.000,40.00,0
2310.000,2310.000,40.00,0
2311.000,2311.000,40.00,0
2313.000,2313.000,40.00,0
2314.000,2314.000,40.00,0
2315.000,2315.000,40.00,0
2316.000,2316.000,40.00,0
2317.000,2317.000,40.00,0
2318.000,2318.000,40.00,0
2319.000,2319.000,40.00,0
2321.000,2321.000,40.00,0
2322.000,2322.000,40.00,0
2323.000,2323.000,40.00,1
2324.000,2324.000,40.00,0
2325.000,2325.000,40.00,0
2326.000,2326.000,40.00,39
2327.000,2327.000,40.00,401
2328.000,2328.000,40.00,24713
2330.000,2330.000,40.00,37236
2331.000,2331.000,40.00,14480
2332.000,2332.000,40.00,13704
2333.000,2333.000,40.00,8318
2334.000,2334.000,40.00,275
2335.000,2335.000,40.00,492
2336.000,2336.000,40.00,0
2338.000,2338.000,40.00,275
2339.000,2339.000,40.00,0
2340.000,2340.000,40.00,1959
2341.000,2341.000,40.00,0
2342.000,2342.000,40.00,279
2343.000,2343.000,40.00,0
2344.000,2344.000,40.00,277
2345.000,2345.000,40.00,1778
2347.000,2347.000,40.00,0
2348.000,2348.000,40.00,2526
2349.000,2349.000,40.00,151
2350.000,2350.000,40.00,718
2351.000,2351.000,40.00,1282
2352.000,2352.000,40.00,280
2353.000,2353.000,40.00,0
2354.000,2354.000,40.00,1084
2356.000,2356.000,40.00,277
2357.000,2357.000,40.00,790
2358.000,2358.000,40.00,282
2359.000,2359.000,40.00,0
2360.000,2360.000,40.00,0
2360.000,2360.000,40.00,1989
2361.000,2361.000,40.00,0
2362.000,2362.000,40.00,0
2364.000,2364.000,40.00,467
2365.000,2365.000,40.00,64
2366.000,2366.000,40.00,3115
2367.000,2367.000,40.00,11
2368.000,2368.000,40.00,283
2369.000,2369.000,40.00,2223
2370.000,2370.000,40.00,0
2372.000,2372.000,40.00,0
2373.000,2373.000,40.00,0
2374.000,2374.000,40.00,0
2375.000,2375.000,40.00,0
2376.000,2376.000,40.00,0
2377.000,2377.000,40.00,0
2378.000,2378.000,40.00,0
2379.000,2379.000,40.00,0
2381.000,2381.000,40.00,0
2382.000,2382.000,40.00,0
2383.000,2383.000,40.00,0
2384.000,2384.000,40.00,0
2385.000,2385.000,40.00,0
2386.000,2386.000,40.00,0
2387.000,2387.000,40.00,0
2389.000,2389.000,40.00,5
2390.000,2390.000,40.00,3
2391.000,2391.000,40.00,0
2392.000,2392.000,40.00,3
2393.000,2393.000,40.00,1
2394.000,2394.000,40.00,0
2395.000,2395.000,40.00,1
2396.000,2396.000,40.00,3881
2398.000,2398.000,40.00,4683
2399.000,2399.000,40.00,2272
2400.000,2400.000,40.00,1491
2401.000,2401.000,40.00,1535
2402.000,2402.000,40.00,280
2403.000,2403.000,40.00,1162
2404.000,2404.000,40.00,0
2405.000,2405.000,40.00,1603
2407.000,2407.000,40.00,0
2408.000,2408.000,40.00,281
2409.000,2409.000,40.00,0
2410.000,2410.000,40.00,1922
2411.000,2411.000,40.00,357
2412.000,2412.000,40.00,282
2413.000,2413.000,40.00,1692
2415.000,2415.000,40.00,0
2416.000,2416.000,40.00,281
2417.000,2417.000,40.00,1046
2418.000,2418.000,40.00,282
2419.000,2419.000,40.00,7
2420.000,2420.000,40.00,279
2421.000,2421.000,40.00,896
2422.000,2422.000,40.00,290
2424.000,2424.000,40.00,0
2425.000,2425.000,40.00,0
2426.000,2426.000,40.00,0
2427.000,2427.000,40.00,0
2428.000,2428.000,40.00,1515
2429.000,2429.000,40.00,1351
2430.000,2430.000,40.00,286
2431.000,2431.000,40.00,1874
2433.000,2433.000,40.00,0
2434.000,2434.000,40.00,283
2435.000,2435.000,40.00,1568
2436.000,2436.000,40.00,284
2437.000,2437.000,40.00,0
2438.000,2438.000,40.00,0
2438.000,2438.000,40.00,283
2439.000,2439.000,40.00,485
2441.000,2441.000,40.00,42
2442.000,2442.000,40.00,282
2443.000,2443.000,40.00,1032
2444.000,2444.000,40.00,286
2445.000,2445.000,40.00,1
2446.000,2446.000,40.00,1460
2447.000,2447.000,40.00,0
2448.000,2448.000,40.00,281
2450.000,2450.000,40.00,0
2451.000,2451.000,40.00,1070
2452.000,2452.000,40.00,1
2453.000,2453.000,40.00,779
2454.000,2454.000,40.00,609
2455.000,2455.000,40.00,285
2456.000,2456.000,40.00,1508
2457.000,2457.000,40.00,282
2459.000,2459.000,40.00,0
2460.000,2460.000,40.00,1622
2461.000,2461.000,40.00,0
2462.000,2462.000,40.00,285
2463.000,2463.000,40.00,0
2464.000,2464.000,40.00,1333
2465.000,2465.000,40.00,0
2466.000,2466.000,40.00,0
2468.000,2468.000,40.00,1047
2469.000,2469.000,40.00,0
2470.000,2470.000,40.00,1832
2471.000,2471.000,40.00,0
2472.000,2472.000,40.00,282
2473.000,2473.000,40.00,0
2474.000,2474.000,40.00,281
2475.000,2475.000,40.00,1724
2477.000,2477.000,40.00,0
2478.000,2478.000,40.00,284
2479.000,2479.000,40.00,284
2479.000,2479.000,40.00,2126
2480.000,2480.000,40.00,283
2481.000,2481.000,40.00,0
2482.000,2482.000,40.00,1299
2483.000,2483.000,40.00,0
2484.000,2484.000,40.00,282
2486.000,2486.000,40.00,1752
2487.000,2487.000,40.00,0
2488.000,2488.000,40.00,286
2489.000,2489.000,40.00,1412
2490.000,2490.000,40.00,283
2491.000,2491.000,40.00,0
2492.000,2492.000,40.00,283
2493.000,2493.000,40.00,3528
2495.000,2495.000,40.00,0
2496.000,2496.000,40.00,284
2497.000,2497.000,40.00,2058
2498.000,2498.000,40.00,280
2499.000,2499.000,40.00,0
2500.000,2500.000,40.00,284
2501.000,2501.000,40.00,1626
2502.000,2502.000,40.00,282
2504.000,2504.000,40.00,0
2505.000,2505.000,40.00,2113
2506.000,2506.000,40.00,278
2507.000,2507.000,40.00,39
2508.000,2508.000,40.00,1551
2509.000,2509.000,40.00,0
2510.000,2510.000,40.00,1348
2511.000,2511.000,40.00,285
2513.000,2513.000,40.00,1936
2514.000,2514.000,40.00,279
2515.000,2515.000,40.00,0
2516.000,2516.000,40.00,1741
2517.000,2517.000,40.00,0
2518.000,2518.000,40.00,281
2519.000,2519.000,40.00,1671
2521.000,2521.000,40.00,284
2522.000,2522.000,40.00,0
2523.000,2523.000,40.00,2738
2524.000,2524.000,40.00,283
2525.000,2525.000,40.00,0
2526.000,2526.000,40.00,281
2527.000,2527.000,40.00,1470
2529.000,2529.000,40.00,0
2530.000,2530.000,40.00,2436
2531.000,2531.000,40.00,491
2532.000,2532.000,40.00,285
2533.000,2533.000,40.00,0
2534.000,2534.000,40.00,1150
2535.000,2535.000,40.00,0
2536.000,2536.000,40.00,0
2538.000,2538.000,40.00,1984
2539.000,2539.000,40.00,0
2540.000,2540.000,40.00,283
2541.000,2541.000,40.00,1295
2542.000,2542.000,40.00,284
2543.000,2543.000,40.00,0
2544.000,2544.000,40.00,2092
2546.000,2546.000,40.00,280
2547.000,2547.000,40.00,970
2548.000,2548.000,40.00,279
2549.000,2549.000,40.00,0
2550.000,2550.000,40.00,2031
2551.000,2551.000,40.00,0
2552.000,2552.000,40.00,286
2553.000,2553.000,40.00,1534
2555.000,2555.000,40.00,0
2556.000,2556.000,40.00,280
2557.000,2557.000,40.00,1245
2558.000,2558.000,40.00,1245
2558.000,2558.000,40.00,285
2559.000,2559.000,40.00,0
2560.000,2560.000,40.00,0
2562.000,2562.000,40.00,278
2563.000,2563.000,40.00,0
2564.000,2564.000,40.00,1119
2565.000,2565.000,40.00,0
2566.000,2566.000,40.00,281
2567.000,2567.000,40.00,0
2568.000,2568.000,40.00,1
2570.000,2570.000,40.00,279
2572.000,2572.000,40.00,1861
2573.000,2573.000,40.00,0
2574.000,2574.000,40.00,283
2575.000,2575.000,40.00,0
2576.000,2576.000,40.00,0
2578.000,2578.000,40.00,3832
2579.000,2579.000,40.00,0
2580.000,2580.000,40.00,283
2581.000,2581.000,40.00,0
2582.000,2582.000,40.00,2586
2583.000,2583.000,40.00,0
2584.000,2584.000,40.00,6
2586.000,2586.000,40.00,2235
2587.000,2587.000,40.00,0
2587.000,2587.000,40.00,0
2588.000,2588.000,40.00,281
2589.000,2589.000,40.00,0
2590.000,2590.000,40.00,2074
2591.000,2591.000,40.00,0
2592.000,2592.000,40.00,284
2593.000,2593.000,40.00,1794
2595.000,2595.000,40.00,0
2595.000,2595.000,40.00,0
2596.000,2596.000,40.00,1107
2597.000,2597.000,40.00,0
2598.000,2598.000,40.00,282
2599.000,2599.000,40.00,0
2600.000,2600.000,40.00,282
2601.000,2601.000,40.00,2842
2602.000,2602.000,40.00,0
2604.000,2604.000,40.00,280
2605.000,2605.000,40.00,896
2606.000,2606.000,40.00,284
2607.000,2607.000,40.00,0
2608.000,2608.000,40.00,3147
2609.000,2609.000,40.00,279
2610.000,2610.000,40.00,0
2612.000,2612.000,40.00,1960
2613.000,2613.000,40.00,0
2614.000,2614.000,40.00,280
2615.000,2615.000,40.00,323
2616.000,2616.000,40.00,282
2617.000,2617.000,40.00,1777
2618.000,2618.000,40.00,0
2619.000,2619.000,40.00,0
2620.000,2620.000,40.00,281
2621.000,2621.000,40.00,479
2622.000,2622.000,40.00,280
2623.000,2623.000,40.00,1335
2624.000,2624.000,40.00,281
2625.000,2625.000,40.00,0
2626.000,2626.000,40.00,282
2627.000,2627.000,40.00,408
2629.000,2629.000,40.00,278
2631.000,2631.000,40.00,337
2632.000,2632.000,40.00,2129
2633.000,2633.000,40.00,611
2634.000,2634.000,40.00,132
2635.000,2635.000,40.00,153
2636.000,2636.000,40.00,291
2638.000,2638.000,40.00,875
2639.000,2639.000,40.00,1005
2640.000,2640.000,40.00,1005
2640.000,2640.000,40.00,2075
2641.000,2641.000,40.00,0
2642.000,2642.000,40.00,283
2643.000,2643.000,40.00,569
2644.000,2644.000,40.00,602
2645.000,2645.000,40.00,285
2647.000,2647.000,40.00,0
2648.000,2648.000,40.00,1994
2649.000,2649.000,40.00,0
2650.000,2650.000,40.00,2699
2651.000,2651.000,40.00,0
2652.000,2652.000,40.00,285
2653.000,2653.000,40.00,1397
2654.000,2654.000,40.00,1397
2655.000,2655.000,40.00,748
2656.000,2656.000,40.00,0
2657.000,2657.000,40.00,2140
2658.000,2658.000,40.00,284
2659.000,2659.000,40.00,1616
2660.000,2660.000,40.00,286
2661.000,2661.000,40.00,0
2662.000,2662.000,40.00,1986
2663.000,2663.000,40.00,1986
2664.000,2664.000,40.00,282
2665.000,2665.000,40.00,0
2666.000,2666.000,40.00,2038
2667.000,2667.000,40.00,0
2668.000,2668.000,40.00,285
2669.000,2669.000,40.00,1132
2670.000,2670.000,40.00,287
2671.000,2671.000,40.00,0
2673.000,2673.000,40.00,2306
2674.000,2674.000,40.00,288
2675.000,2675.000,40.00,0
2676.000,2676.000,40.00,1171
2677.000,2677.000,40.00,1171
2677.000,2677.000,40.00,0
2678.000,2678.000,40.00,286
2679.000,2679.000,40.00,349
2681.000,2681.000,40.00,1059
2682.000,2682.000,40.00,0
2683.000,2683.000,40.00,283
2684.000,2684.000,40.00,335
2685.000,2685.000,40.00,2042
2686.000,2686.000,40.00,961
2687.000,2687.000,40.00,961
2687.000,2687.000,40.00,80
2688.000,2688.000,40.00,212
2690.000,2690.000,40.00,525
2691.000,2691.000,40.00,593
2692.000,2692.000,40.00,511
2693.000,2693.000,40.00,404
2694.000,2694.000,40.00,409
2695.000,2695.000,40.00,1750
2696.000,2696.000,40.00,1750
2696.000,2696.000,40.00,201
2697.000,2697.000,40.00,380
2699.000,2699.000,40.00,614
2700.000,2700.000,40.00,424
2701.000,2701.000,40.00,1012
2702.000,2702.000,40.00,917
2703.000,2703.000,40.00,604
2704.000,2704.000,40.00,726
2705.000,2705.000,40.00,1144
2706.000,2706.000,40.00,282
2708.000,2708.000,40.00,564
2709.000,2709.000,40.00,525
2710.000,2710.000,40.00,760
2711.000,2711.000,40.00,1288
2712.000,2712.000,40.00,1419
2713.000,2713.000,40.00,626
2714.000,2714.000,40.00,245
2716.000,2716.000,40.00,424
2717.000,2717.000,40.00,599
2718.000,2718.000,40.00,356
2719.000,2719.000,40.00,948
2720.000,2720.000,40.00,468
2721.000,2721.000,40.00,152
2722.000,2722.000,40.00,1083
2723.000,2723.000,40.00,167
2725.000,2725.000,40.00,536
2726.000,2726.000,40.00,849
2727.000,2727.000,40.00,362
2728.000,2728.000,40.00,362
2728.000,2728.000,40.00,1085
2729.000,2729.000,40.00,670
2730.000,2730.000,40.00,808
2731.000,2731.000,40.00,58
2732.000,2732.000,40.00,533
2734.000,2734.000,40.00,436
2735.000,2735.000,40.00,330
2736.000,2736.000,40.00,525
2737.000,2737.000,40.00,648
2738.000,2738.000,40.00,814
2739.000,2739.000,40.00,858
2740.000,2740.000,40.00,687
2741.000,2741.000,40.00,603
2743.000,2743.000,40.00,518
2744.000,2744.000,40.00,805
2745.000,2745.000,40.00,529
2746.000,2746.000,40.00,1020
2747.000,2747.000,40.00,808
2748.000,2748.000,40.00,804
2749.000,2749.000,40.00,559
2750.000,2750.000,40.00,413
2752.000,2752.000,40.00,585
2753.000,2753.000,40.00,1050
2754.000,2754.000,40.00,279
2755.000,2755.000,40.00,537
2756.000,2756.000,40.00,1390
2757.000,2757.000,40.00,108
2758.000,2758.000,40.00,78
2759.000,2759.000,40.00,212
2760.000,2760.000,40.00,469
2762.000,2762.000,40.00,335
2763.000,2763.000,40.00,380
2764.000,2764.000,40.00,295
2765.000,2765.000,40.00,283
2766.000,2766.000,40.00,314
2767.000,2767.000,40.00,336
2768.000,2768.000,40.00,340
2770.000,2770.000,40.00,345
2771.000,2771.000,40.00,415
2772.000,2772.000,40.00,302
2773.000,2773.000,40.00,324
2774.000,2774.000,40.00,277
2775.000,2775.000,40.00,313
2776.000,2776.000,40.00,335
2777.000,2777.000,40.00,515
2779.000,2779.000,40.00,760
2780.000,2780.000,40.00,488
2781.000,2781.000,40.00,1446
2782.000,2782.000,40.00,681
2783.000,2783.000,40.00,1773
2784.000,2784.000,40.00,2
2785.000,2785.000,40.00,3
2786.000,2786.000,40.00,0
2787.000,2787.000,40.00,67
2789.000,2789.000,40.00,186
2790.000,2790.000,40.00,178
2791.000,2791.000,40.00,223
2792.000,2792.000,40.00,373
2793.000,2793.000,40.00,362
2794.000,2794.000,40.00,212
2795.000,2795.000,40.00,299
2796.000,2796.000,40.00,305
2798.000,2798.000,40.00,347
2799.000,2799.000,40.00,833
2800.000,2800.000,40.00,303
2801.000,2801.000,40.00,336
2802.000,2802.000,40.00,568
2803.000,2803.000,40.00,313
2804.000,2804.000,40.00,378
2805.000,2805.000,40.00,372
2806.000,2806.000,40.00,313
2807.000,2807.000,40.00,313
2809.000,2809.000,40.00,198
2810.000,2810.000,40.00,314
2811.000,2811.000,40.00,263
2812.000,2812.000,40.00,276
2813.000,2813.000,40.00,253
2814.000,2814.000,40.00,656
2815.000,2815.000,40.00,374
2816.000,2816.000,40.00,178
2817.000,2817.000,40.00,131
2818.000,2818.000,40.00,335
2819.000,2819.000,40.00,313
2820.000,2820.000,40.00,313
2822.000,2822.000,40.00,357
2823.000,2823.000,40.00,301
2824.000,2824.000,40.00,279
2825.000,2825.000,40.00,190
2826.000,2826.000,40.00,210
2827.000,2827.000,40.00,229
2828.000,2828.000,40.00,298
2829.000,2829.000,40.00,312
2830.000,2830.000,40.00,111
2831.000,2831.000,40.00,54
2832.000,2832.000,40.00,0
2834.000,2834.000,40.00,0
2835.000,2835.000,40.00,0
2836.000,2836.000,40.00,0
2837.000,2837.000,40.00,0
2838.000,2838.000,40.00,0
2839.000,2839.000,40.00,0
2840.000,2840.000,40.00,0
2841.000,2841.000,40.00,0
2842.000,2842.000,40.00,0
2843.000,2843.000,40.00,0
2844.000,2844.000,40.00,0
2845.000,2845.000,40.00,1
2847.000,2847.000,40.00,0
2848.000,2848.000,40.00,63
2849.000,2849.000,40.00,253
2850.000,2850.000,40.00,241
2851.000,2851.000,40.00,288
2852.000,2852.000,40.00,794
2853.000,2853.000,40.00,307
2854.000,2854.000,40.00,500
2855.000,2855.000,40.00,239
2857.000,2857.000,40.00,322
2858.000,2858.000,40.00,235
2859.000,2859.000,40.00,299
2860.000,2860.000,40.00,195
2861.000,2861.000,40.00,363
2862.000,2862.000,40.00,1071
2863.000,2863.000,40.00,599
2864.000,2864.000,40.00,456
2865.000,2865.000,40.00,744
2867.000,2867.000,40.00,775
2868.000,2868.000,40.00,767
2869.000,2869.000,40.00,1328
2870.000,2870.000,40.00,230
2871.000,2871.000,40.00,44
2872.000,2872.000,40.00,253
2873.000,2873.000,40.00,0
2875.000,2875.000,40.00,0
2876.000,2876.000,40.00,0
2877.000,2877.000,40.00,0
2878.000,2878.000,40.00,3
2879.000,2879.000,40.00,0
2880.000,2880.000,40.00,0
2881.000,2881.000,40.00,19
2882.000,2882.000,40.00,0
2883.000,2883.000,40.00,0
2885.000,2885.000,40.00,0
2886.000,2886.000,40.00,0
2887.000,2887.000,40.00,1
2888.000,2888.000,40.00,0
2889.000,2889.000,40.00,0
2890.000,2890.000,40.00,167
2891.000,2891.000,40.00,295
2892.000,2892.000,40.00,0
2894.000,2894.000,40.00,0
2895.000,2895.000,40.00,0
2896.000,2896.000,40.00,0
2897.000,2897.000,40.00,0
2898.000,2898.000,40.00,0
2899.000,2899.000,40.00,0
2900.000,2900.000,40.00,0
2901.000,2901.000,40.00,0
2903.000,2903.000,40.00,0
2904.000,2904.000,40.00,0
2905.000,2905.000,40.00,0
2906.000,2906.000,40.00,1
2907.000,2907.000,40.00,0
2908.000,2908.000,40.00,10
2909.000,2909.000,40.00,0
2910.000,2910.000,40.00,0
2911.000,2911.000,40.00,0
2913.000,2913.000,40.00,1
2914.000,2914.000,40.00,0
2915.000,2915.000,40.00,1
2916.000,2916.000,40.00,0
2917.000,2917.000,40.00,0
2918.000,2918.000,40.00,0
2919.000,2919.000,40.00,0
2920.000,2920.000,40.00,0
2921.000,2921.000,40.00,0
2923.000,2923.000,40.00,0
2924.000,2924.000,40.00,1
2925.000,2925.000,40.00,0
2926.000,2926.000,40.00,0
2927.000,2927.000,40.00,0
2928.000,2928.000,40.00,0
2929.000,2929.000,40.00,0
2930.000,2930.000,40.00,0
2931.000,2931.000,40.00,0
2933.000,2933.000,40.00,0
2934.000,2934.000,40.00,0
2935.000,2935.000,40.00,0
2936.000,2936.000,40.00,0
2937.000,2937.000,40.00,0
2938.000,2938.000,40.00,0
2939.000,2939.000,40.00,0
2940.000,2940.000,40.00,0
2941.000,2941.000,40.00,0
2943.000,2943.000,40.00,0
2944.000,2944.000,40.00,0
2945.000,2945.000,40.00,0
2946.000,2946.000,40.00,0
2947.000,2947.000,40.00,0
2948.000,2948.000,40.00,0
2949.000,2949.000,40.00,0
2950.000,2950.000,40.00,0
2952.000,2952.000,40.00,0
2953.000,2953.000,40.00,0
2954.000,2954.000,40.00,0
2955.000,2955.000,40.00,0
2956.000,2956.000,40.00,0
2957.000,2957.000,40.00,0
2958.000,2958.000,40.00,0
2959.000,2959.000,40.00,0
2960.000,2960.000,40.00,0
2962.000,2962.000,40.00,0
2963.000,2963.000,40.00,0
2964.000,2964.000,40.00,0
2965.000,2965.000,40.00,0
2966.000,2966.000,40.00,0
2967.000,2967.000,40.00,0
2968.000,2968.000,40.00,0
2969.000,2969.000,40.00,3
2970.000,2970.000,40.00,0
2972.000,2972.000,40.00,0
2973.000,2973.000,40.00,0
2974.000,2974.000,40.00,0
2975.000,2975.000,40.00,0
2976.000,2976.000,40.00,0
2977.000,2977.000,40.00,0
2978.000,2978.000,40.00,0
2979.000,2979.000,40.00,0
2981.000,2981.000,40.00,0
2982.000,2982.000,40.00,0
2983.000,2983.000,40.00,0
2984.000,2984.000,40.00,0
2985.000,2985.000,40.00,0
2986.000,2986.000,40.00,0
2987.000,2987.000,40.00,0
2988.000,2988.000,40.00,0
2989.000,2989.000,40.00,0
2991.000,2991.000,40.00,0
2992.000,2992.000,40.00,0
2993.000,2993.000,40.00,0
2994.000,2994.000,40.00,0
2995.000,2995.000,40.00,0
2996.000,2996.000,40.00,0
2997.000,2997.000,40.00,0
2998.000,2998.000,40.00,0
2999.000,2999.000,40.00,0
3001.000,3001.000,40.00,0
3002.000,3002.000,40.00,0
3003.000,3003.000,40.00,0
3004.000,3004.000,40.00,0
3005.000,3005.000,40.00,0
3006.000,3006.000,40.00,0
3007.000,3007.000,40.00,0
3008.000,3008.000,40.00,0
3010.000,3010.000,40.00,0
3011.000,3011.000,40.00,0
3012.000,3012.000,40.00,0
3013.000,3013.000,40.00,0
3014.000,3014.000,40.00,0
3015.000,3015.000,40.00,0
3016.000,3016.000,40.00,0
3017.000,3017.000,40.00,0
3019.000,3019.000,40.00,0
3020.000,3020.000,40.00,0
3021.000,3021.000,40.00,0
3022.000,3022.000,40.00,0
3023.000,3023.000,40.00,0
3024.000,3024.000,40.00,0
3025.000,3025.000,40.00,0
3026.000,3026.000,40.00,0
3027.000,3027.000,40.00,0
3029.000,3029.000,40.00,0
3030.000,3030.000,40.00,446
3031.000,3031.000,40.00,0
3032.000,3032.000,40.00,0
3033.000,3033.000,40.00,0
3034.000,3034.000,40.00,0
3035.000,3035.000,40.00,0
3036.000,3036.000,40.00,0
3038.000,3038.000,40.00,0
3039.000,3039.000,40.00,0
3040.000,3040.000,40.00,0
3041.000,3041.000,40.00,0
3042.000,3042.000,40.00,0
3043.000,3043.000,40.00,0
3044.000,3044.000,40.00,0
3045.000,3045.000,40.00,0
3046.000,3046.000,40.00,0
3048.000,3048.000,40.00,0
3049.000,3049.000,40.00,2
3050.000,3050.000,40.00,0
3051.000,3051.000,40.00,0
3052.000,3052.000,40.00,0
3053.000,3053.000,40.00,0
3054.000,3054.000,40.00,0
3055.000,3055.000,40.00,0
3056.000,3056.000,40.00,0
3058.000,3058.000,40.00,0
3059.000,3059.000,40.00,0
3060.000,3060.000,40.00,0
3061.000,3061.000,40.00,0
3062.000,3062.000,40.00,0
3063.000,3063.000,40.00,0
3064.000,3064.000,40.00,0
3065.000,3065.000,40.00,0
3067.000,3067.000,40.00,0
3068.000,3068.000,40.00,0
3069.000,3069.000,40.00,0
3070.000,3070.000,40.00,0
3071.000,3071.000,40.00,0
3072.000,3072.000,40.00,0
3073.000,3073.000,40.00,0
3074.000,3074.000,40.00,0
3075.000,3075.000,40.00,0
3077.000,3077.000,40.00,0
3078.000,3078.000,40.00,0
3079.000,3079.000,40.00,0
3080.000,3080.000,40.00,0
3081.000,3081.000,40.00,0
3082.000,3082.000,40.00,0
3083.000,3083.000,40.00,0
3084.000,3084.000,40.00,0
3085.000,3085.000,40.00,0
3087.000,3087.000,40.00,0
3088.000,3088.000,40.00,0
3089.000,3089.000,40.00,0
3090.000,3090.000,40.00,0
3091.000,3091.000,40.00,0
3092.000,3092.000,40.00,0
3093.000,3093.000,40.00,0
3094.000,3094.000,40.00,0
3096.000,3096.000,40.00,0
3097.000,3097.000,40.00,0
3098.000,3098.000,40.00,0
3099.000,3099.000,40.00,0
3100.000,3100.000,40.00,0
3101.000,3101.000,40.00,0
3102.000,3102.000,40.00,0
3103.000,3103.000,40.00,0
3104.000,3104.000,40.00,0
3106.000,3106.000,40.00,0
3107.000,3107.000,40.00,0
3108.000,3108.000,40.00,1
3109.000,3109.000,40.00,0
3110.000,3110.000,40.00,0
3111.000,3111.000,40.00,0
3112.000,3112.000,40.00,2
3113.000,3113.000,40.00,0
3115.000,3115.000,40.00,0
3116.000,3116.000,40.00,0
3117.000,3117.000,40.00,0
3118.000,3118.000,40.00,0
3119.000,3119.000,40.00,0
3120.000,3120.000,40.00,0
3121.000,3121.000,40.00,0
3122.000,3122.000,40.00,0
3123.000,3123.000,40.00,0
3125.000,3125.000,40.00,0
3126.000,3126.000,40.00,0
3127.000,3127.000,40.00,0
3128.000,3128.000,40.00,0
3129.000,3129.000,40.00,0
3130.000,3130.000,40.00,0
3131.000,3131.000,40.00,0
3132.000,3132.000,40.00,0
3133.000,3133.000,40.00,0
3135.000,3135.000,40.00,0
3136.000,3136.000,40.00,0
3137.000,3137.000,40.00,0
3138.000,3138.000,40.00,0
3139.000,3139.000,40.00,0
3140.000,3140.000,40.00,0
3141.000,3141.000,40.00,0
3142.000,3142.000,40.00,0
3143.000,3143.000,40.00,0
3145.000,3145.000,40.00,0
3146.000,3146.000,40.00,0
3147.000,3147.000,40.00,0
3148.000,3148.000,40.00,0
3149.000,3149.000,40.00,0
3150.000,3150.000,40.00,0
3151.000,3151.000,40.00,0
3152.000,3152.000,40.00,0
3153.000,3153.000,40.00,0
3155.000,3155.000,40.00,0
3156.000,3156.000,40.00,0
3157.000,3157.000,40.00,0
3158.000,3158.000,40.00,0
3159.000,3159.000,40.00,0
3160.000,3160.000,40.00,0
3161.000,3161.000,40.00,0
3162.000,3162.000,40.00,0
3163.000,3163.000,40.00,0
3165.000,3165.000,40.00,0
3166.000,3166.000,40.00,0
3167.000,3167.000,40.00,0
3168.000,3168.000,40.00,0
3169.000,3169.000,40.00,0
3170.000,3170.000,40.00,0
3171.000,3171.000,40.00,0
3172.000,3172.000,40.00,0
3174.000,3174.000,40.00,0
3175.000,3175.000,40.00,0
3176.000,3176.000,40.00,0
3177.000,3177.000,40.00,0
3178.000,3178.000,40.00,0
3179.000,3179.000,40.00,0
3180.000,3180.000,40.00,0
3181.000,3181.000,40.00,0
3183.000,3183.000,40.00,0
3184.000,3184.000,40.00,0
3185.000,3185.000,40.00,0
3186.000,3186.000,40.00,0
3187.000,3187.000,40.00,0
3188.000,3188.000,40.00,0
3189.000,3189.000,40.00,0
3190.000,3190.000,40.00,50
3191.000,3191.000,40.00,8
3192.000,3192.000,40.00,0
3193.000,3193.000,40.00,0
3194.000,3194.000,40.00,0
3195.000,3195.000,40.00,0
3196.000,3196.000,40.00,0
3198.000,3198.000,40.00,0
3199.000,3199.000,40.00,1
3200.000,3200.000,40.00,0
3201.000,3201.000,40.00,49
3202.000,3202.000,40.00,425
3203.000,3203.000,40.00,0
3204.000,3204.000,40.00,4088
3205.000,3205.000,40.00,12106
3206.000,3206.000,40.00,14806
3207.000,3207.000,40.00,10073
3209.000,3209.000,40.00,7859
3210.000,3210.000,40.00,7968
3211.000,3211.000,40.00,9569
3212.000,3212.000,40.00,9363
3213.000,3213.000,40.00,5930
3214.000,3214.000,40.00,0
3215.000,3215.000,40.00,284
3216.000,3216.000,40.00,0
3218.000,3218.000,40.00,1139
3219.000,3219.000,40.00,0
3220.000,3220.000,40.00,80
3221.000,3221.000,40.00,1155
3222.000,3222.000,40.00,0
3223.000,3223.000,40.00,283
3224.000,3224.000,40.00,0
3225.000,3225.000,40.00,3079
3227.000,3227.000,40.00,0
3228.000,3228.000,40.00,1684
3229.000,3229.000,40.00,280
3230.000,3230.000,40.00,0
3231.000,3231.000,40.00,925
3232.000,3232.000,40.00,0
3233.000,3233.000,40.00,67
3234.000,3234.000,40.00,0
3236.000,3236.000,40.00,0
3237.000,3237.000,40.00,0
3238.000,3238.000,40.00,0
3239.000,3239.000,40.00,0
3240.000,3240.000,40.00,0
3241.000,3241.000,40.00,0
3242.000,3242.000,40.00,0
3243.000,3243.000,40.00,546
3245.000,3245.000,40.00,0
3246.000,3246.000,40.00,0
3247.000,3247.000,40.00,0
3248.000,3248.000,40.00,1
3249.000,3249.000,40.00,0
3250.000,3250.000,40.00,0
3251.000,3251.000,40.00,0
3252.000,3252.000,40.00,0
3253.000,3253.000,40.00,0
3255.000,3255.000,40.00,0
3256.000,3256.000,40.00,0
3257.000,3257.000,40.00,0
3258.000,3258.000,40.00,0
3259.000,3259.000,40.00,0
3260.000,3260.000,40.00,0
3261.000,3261.000,40.00,0
3262.000,3262.000,40.00,0
3264.000,3264.000,40.00,0
3265.000,3265.000,40.00,0
3266.000,3266.000,40.00,7
3267.000,3267.000,40.00,0
3268.000,3268.000,40.00,4
3269.000,3269.000,40.00,3
3270.000,3270.000,40.00,2
3271.000,3271.000,40.00,0
3273.000,3273.000,40.00,0
3274.000,3274.000,40.00,0
3275.000,3275.000,40.00,1
3276.000,3276.000,40.00,0
3277.000,3277.000,40.00,0
3278.000,3278.000,40.00,0
3279.000,3279.000,40.00,0
3280.000,3280.000,40.00,1
3282.000,3282.000,40.00,0
3283.000,3283.000,40.00,0
3284.000,3284.000,40.00,0
3285.000,3285.000,40.00,0
3286.000,3286.000,40.00,0
3287.000,3287.000,40.00,0
3288.000,3288.000,40.00,0
3289.000,3289.000,40.00,0
3291.000,3291.000,40.00,0
3292.000,3292.000,40.00,0
3293.000,3293.000,40.00,0
3294.000,3294.000,40.00,0
3295.000,3295.000,40.00,0
3296.000,3296.000,40.00,0
3297.000,3297.000,40.00,0
3298.000,3298.000,40.00,0
3300.000,3300.000,40.00,3
3301.000,3301.000,40.00,0
3302.000,3302.000,40.00,0
3303.000,3303.000,40.00,496
3304.000,3304.000,40.00,0
3305.000,3305.000,40.00,0
3306.000,3306.000,40.00,0
3307.000,3307.000,40.00,0
3309.000,3309.000,40.00,0
3310.000,3310.000,40.00,0
3311.000,3311.000,40.00,0
3312.000,3312.000,40.00,0
3312.000,3312.000,40.00,0
3313.000,3313.000,40.00,0
3314.000,3314.000,40.00,0
3315.000,3315.000,40.00,0
3317.000,3317.000,40.00,0
3318.000,3318.000,40.00,1
3319.000,3319.000,40.00,0
3320.000,3320.000,40.00,0
3321.000,3321.000,40.00,0
3322.000,3322.000,40.00,0
3322.000,3322.000,40.00,0
3323.000,3323.000,40.00,38
3324.000,3324.000,40.00,26
3326.000,3326.000,40.00,0
3327.000,3327.000,40.00,0
3328.000,3328.000,40.00,0
3329.000,3329.000,40.00,5
3330.000,3330.000,40.00,1
3331.000,3331.000,40.00,0
3332.000,3332.000,40.00,0
3333.000,3333.000,40.00,0
3334.000,3334.000,40.00,0
3335.000,3335.000,40.00,0
3336.000,3336.000,40.00,0
3337.000,3337.000,40.00,0
3338.000,3338.000,40.00,0
3339.000,3339.000,40.00,0
3340.000,3340.000,40.00,0
3341.000,3341.000,40.00,0
3342.000,3342.000,40.00,0
3344.000,3344.000,40.00,0
3345.000,3345.000,40.00,0
3346.000,3346.000,40.00,0
3347.000,3347.000,40.00,0
3348.000,3348.000,40.00,1
3349.000,3349.000,40.00,0
3350.000,3350.000,40.00,0
3351.000,3351.000,40.00,0
3353.000,3353.000,40.00,0
3354.000,3354.000,40.00,0
3355.000,3355.000,40.00,0
3356.000,3356.000,40.00,0
3357.000,3357.000,40.00,0
3358.000,3358.000,40.00,0
3359.000,3359.000,40.00,0
3360.000,3360.000,40.00,0
3362.000,3362.000,40.00,0
3363.000,3363.000,40.00,496
3364.000,3364.000,40.00,0
3365.000,3365.000,40.00,0
3366.000,3366.000,40.00,0
3366.000,3366.000,40.00,1
3367.000,3367.000,40.00,0
3368.000,3368.000,40.00,0
3369.000,3369.000,40.00,0
3371.000,3371.000,40.00,0
3372.000,3372.000,40.00,0
3373.000,3373.000,40.00,0
3374.000,3374.000,40.00,0
3375.000,3375.000,40.00,0
3375.000,3375.000,40.00,0
3376.000,3376.000,40.00,0
3377.000,3377.000,40.00,0
3379.000,3379.000,40.00,0
3380.000,3380.000,40.00,1
3381.000,3381.000,40.00,0
3382.000,3382.000,40.00,0
3383.000,3383.000,40.00,0
3384.000,3384.000,40.00,0
3384.000,3384.000,40.00,5
3385.000,3385.000,40.00,0
3386.000,3386.000,40.00,0
3388.000,3388.000,40.00,0
3389.000,3389.000,40.00,1264
3390.000,3390.000,40.00,2085
3391.000,3391.000,40.00,12837
3392.000,3392.000,40.00,18961
3393.000,3393.000,40.00,12659
3394.000,3394.000,40.00,15299
3395.000,3395.000,40.00,14509
3397.000,3397.000,40.00,9397
3398.000,3398.000,40.00,13803
3399.000,3399.000,40.00,151
3400.000,3400.000,40.00,279
3401.000,3401.000,40.00,1271
3402.000,3402.000,40.00,0
3403.000,3403.000,40.00,280
3404.000,3404.000,40.00,0
3406.000,3406.000,40.00,1743
3407.000,3407.000,40.00,0
3407.000,3407.000,40.00,0
3408.000,3408.000,40.00,277
3409.000,3409.000,40.00,1846
3410.000,3410.000,40.00,282
3411.000,3411.000,40.00,0
3412.000,3412.000,40.00,1250
3413.000,3413.000,40.00,282
3415.000,3415.000,40.00,518
3416.000,3416.000,40.00,277
3417.000,3417.000,40.00,0
3418.000,3418.000,40.00,1611
3419.000,3419.000,40.00,151
3420.000,3420.000,40.00,0
3421.000,3421.000,40.00,923
3422.000,3422.000,40.00,494
3424.000,3424.000,40.00,40
3425.000,3425.000,40.00,1070
3425.000,3425.000,40.00,1070
3426.000,3426.000,40.00,283
3427.000,3427.000,40.00,0
3428.000,3428.000,40.00,767
3429.000,3429.000,40.00,329
3430.000,3430.000,40.00,926
3432.000,3432.000,40.00,317
3433.000,3433.000,40.00,2
3434.000,3434.000,40.00,1764
3435.000,3435.000,40.00,0
3436.000,3436.000,40.00,280
3437.000,3437.000,40.00,3495
3438.000,3438.000,40.00,0
3439.000,3439.000,40.00,0
3439.000,3439.000,40.00,277
3441.000,3441.000,40.00,0
3442.000,3442.000,40.00,2188
3443.000,3443.000,40.00,15
3444.000,3444.000,40.00,1428
3445.000,3445.000,40.00,281
3446.000,3446.000,40.00,0
3447.000,3447.000,40.00,42
3448.000,3448.000,40.00,163
3449.000,3449.000,40.00,432
3452.000,3452.000,40.00,821
3453.000,3453.000,40.00,0
3454.000,3454.000,40.00,2091
3455.000,3455.000,40.00,280
3456.000,3456.000,40.00,0
3457.000,3457.000,40.00,1559
3459.000,3459.000,40.00,286
3460.000,3460.000,40.00,0
3461.000,3461.000,40.00,1569
3462.000,3462.000,40.00,281
3463.000,3463.000,40.00,2617
3464.000,3464.000,40.00,2617
3464.000,3464.000,40.00,0
3465.000,3465.000,40.00,282
3466.000,3466.000,40.00,0
3467.000,3467.000,40.00,2469
3469.000,3469.000,40.00,36
3470.000,3470.000,40.00,129
3471.000,3471.000,40.00,0
3472.000,3472.000,40.00,1790
3473.000,3473.000,40.00,614
3474.000,3474.000,40.00,56
3475.000,3475.000,40.00,280
3476.000,3476.000,40.00,0
3478.000,3478.000,40.00,2275
3479.000,3479.000,40.00,1
3480.000,3480.000,40.00,278
3481.000,3481.000,40.00,1572
3482.000,3482.000,40.00,283
3483.000,3483.000,40.00,773
3484.000,3484.000,40.00,428
3485.000,3485.000,40.00,942
3487.000,3487.000,40.00,281
3488.000,3488.000,40.00,0
3489.000,3489.000,40.00,2047
3490.000,3490.000,40.00,599
3491.000,3491.000,40.00,133
3492.000,3492.000,40.00,0
3493.000,3493.000,40.00,1678
3495.000,3495.000,40.00,284
3496.000,3496.000,40.00,0
3497.000,3497.000,40.00,74
3498.000,3498.000,40.00,281
3499.000,3499.000,40.00,1007
3500.000,3500.000,40.00,752
3501.000,3501.000,40.00,280
3502.000,3502.000,40.00,28
3504.000,3504.000,40.00,739
3505.000,3505.000,40.00,1729
3506.000,3506.000,40.00,195
3507.000,3507.000,40.00,31
3508.000,3508.000,40.00,2375
3509.000,3509.000,40.00,284
3510.000,3510.000,40.00,0
3511.000,3511.000,40.00,295
3512.000,3512.000,40.00,0
3514.000,3514.000,40.00,241
3515.000,3515.000,40.00,910
3515.000,3515.000,40.00,910
3516.000,3516.000,40.00,1369
3517.000,3517.000,40.00,876
3518.000,3518.000,40.00,632
3519.000,3519.000,40.00,288
3520.000,3520.000,40.00,1981
3521.000,3521.000,40.00,281
3523.000,3523.000,40.00,0
3524.000,3524.000,40.00,966
3525.000,3525.000,40.00,273
3526.000,3526.000,40.00,263
3527.000,3527.000,40.00,0
3528.000,3528.000,40.00,0
3529.000,3529.000,40.00,0
3531.000,3531.000,40.00,22
3532.000,3532.000,40.00,177
3533.000,3533.000,40.00,0
3534.000,3534.000,40.00,2272
3535.000,3535.000,40.00,3817
3536.000,3536.000,40.00,282
3537.000,3537.000,40.00,0
3538.000,3538.000,40.00,283
3540.000,3540.000,40.00,2913
3540.000,3540.000,40.00,2913
3541.000,3541.000,40.00,0
3542.000,3542.000,40.00,281
3543.000,3543.000,40.00,494
3544.000,3544.000,40.00,2067
3545.000,3545.000,40.00,0
3546.000,3546.000,40.00,284
3547.000,3547.000,40.00,0
3549.000,3549.000,40.00,637
3550.000,3550.000,40.00,1749
3551.000,3551.000,40.00,0
3552.000,3552.000,40.00,276
3553.000,3553.000,40.00,97
3554.000,3554.000,40.00,0
3555.000,3555.000,40.00,281
3557.000,3557.000,40.00,1943
3558.000,3558.000,40.00,277
3559.000,3559.000,40.00,0
3560.000,3560.000,40.00,279
3561.000,3561.000,40.00,1771
3562.000,3562.000,40.00,308
3563.000,3563.000,40.00,3046
3564.000,3564.000,40.00,280
3566.000,3566.000,40.00,0
3567.000,3567.000,40.00,281
3568.000,3568.000,40.00,0
3569.000,3569.000,40.00,324
3570.000,3570.000,40.00,0
3571.000,3571.000,40.00,281
3572.000,3572.000,40.00,2029
3573.000,3573.000,40.00,281
3575.000,3575.000,40.00,0
3576.000,3576.000,40.00,2611
3577.000,3577.000,40.00,0
3578.000,3578.000,40.00,282
3579.000,3579.000,40.00,281
3580.000,3580.000,40.00,0
3581.000,3581.000,40.00,1206
3583.000,3583.000,40.00,279
3584.000,3584.000,40.00,139
3585.000,3585.000,40.00,0
3586.000,3586.000,40.00,285
3587.000,3587.000,40.00,1744
3588.000,3588.000,40.00,542
3589.000,3589.000,40.00,281
3590.000,3590.000,40.00,0
3591.000,3591.000,40.00,2472
3593.000,3593.000,40.00,0
3594.000,3594.000,40.00,283
3595.000,3595.000,40.00,283
3595.000,3595.000,40.00,0
3596.000,3596.000,40.00,286
3597.000,3597.000,40.00,1998
3598.000,3598.000,40.00,0
3599.000,3599.000,40.00,281
3600.000,3600.000,40.00,49
3602.000,3602.000,40.00,1895
3603.000,3603.000,40.00,500
3604.000,3604.000,40.00,284
3605.000,3605.000,40.00,0
3606.000,3606.000,40.00,285
3607.000,3607.000,40.00,2047
3608.000,3608.000,40.00,0
3609.000,3609.000,40.00,282
3611.000,3611.000,40.00,0
3612.000,3612.000,40.00,540
3613.000,3613.000,40.00,1328
3614.000,3614.000,40.00,261
3615.000,3615.000,40.00,1668
3616.000,3616.000,40.00,0
3617.000,3617.000,40.00,1527
3618.000,3618.000,40.00,447
3620.000,3620.000,40.00,0
3621.000,3621.000,40.00,0
3622.000,3622.000,40.00,2408
3623.000,3623.000,40.00,278
3624.000,3624.000,40.00,0
3625.000,3625.000,40.00,1069
3626.000,3626.000,40.00,1
3628.000,3628.000,40.00,284
3630.000,3630.000,40.00,283
3631.000,3631.000,40.00,3
3632.000,3632.000,40.00,744
3633.000,3633.000,40.00,1232
3634.000,3634.000,40.00,0
3635.000,3635.000,40.00,286
3637.000,3637.000,40.00,639
3638.000,3638.000,40.00,882
3639.000,3639.000,40.00,0
3640.000,3640.000,40.00,488
3641.000,3641.000,40.00,649
3642.000,3642.000,40.00,1125
3643.000,3643.000,40.00,1364
3644.000,3644.000,40.00,1099
3646.000,3646.000,40.00,1897
3647.000,3647.000,40.00,28
3648.000,3648.000,40.00,259
3649.000,3649.000,40.00,1330
3650.000,3650.000,40.00,666
3651.000,3651.000,40.00,405
3652.000,3652.000,40.00,283
3654.000,3654.000,40.00,1555
3655.000,3655.000,40.00,1018
3656.000,3656.000,40.00,284
3657.000,3657.000,40.00,0
3658.000,3658.000,40.00,1889
3659.000,3659.000,40.00,282
3660.000,3660.000,40.00,0
3662.000,3662.000,40.00,685
3662.000,3662.000,40.00,685
3663.000,3663.000,40.00,1398
3664.000,3664.000,40.00,164
3665.000,3665.000,40.00,0
3666.000,3666.000,40.00,0
3667.000,3667.000,40.00,19
3668.000,3668.000,40.00,0
3670.000,3670.000,40.00,0
3671.000,3671.000,40.00,0
3672.000,3672.000,40.00,0
3673.000,3673.000,40.00,15
3674.000,3674.000,40.00,6576
3675.000,3675.000,40.00,281
3677.000,3677.000,40.00,1
3678.000,3678.000,40.00,1803
3679.000,3679.000,40.00,0
3680.000,3680.000,40.00,278
3681.000,3681.000,40.00,1293
3682.000,3682.000,40.00,284
3683.000,3683.000,40.00,24
3684.000,3684.000,40.00,281
3685.000,3685.000,40.00,1833
3686.000,3686.000,40.00,0
3688.000,3688.000,40.00,1681
3689.000,3689.000,40.00,0
3690.000,3690.000,40.00,1909
3691.000,3691.000,40.00,0
3693.000,3693.000,40.00,916
3694.000,3694.000,40.00,1
3695.000,3695.000,40.00,282
3696.000,3696.000,40.00,0
3698.000,3698.000,40.00,469
3699.000,3699.000,40.00,280
3700.000,3700.000,40.00,1312
3701.000,3701.000,40.00,0
3702.000,3702.000,40.00,279
3703.000,3703.000,40.00,2891
3704.000,3704.000,40.00,279
3705.000,3705.000,40.00,286
3706.000,3706.000,40.00,0
3708.000,3708.000,40.00,1787
3709.000,3709.000,40.00,0
3710.000,3710.000,40.00,284
3711.000,3711.000,40.00,1278
3712.000,3712.000,40.00,278
3713.000,3713.000,40.00,1
3714.000,3714.000,40.00,942
3715.000,3715.000,40.00,283
3716.000,3716.000,40.00,873
3718.000,3718.000,40.00,282
3719.000,3719.000,40.00,1741
3720.000,3720.000,40.00,0
3721.000,3721.000,40.00,0
3722.000,3722.000,40.00,285
3723.000,3723.000,40.00,2519
3724.000,3724.000,40.00,1199
3725.000,3725.000,40.00,0
3726.000,3726.000,40.00,284
3728.000,3728.000,40.00,417
3729.000,3729.000,40.00,1565
3730.000,3730.000,40.00,280
3731.000,3731.000,40.00,0
3732.000,3732.000,40.00,0
3733.000,3733.000,40.00,0
3734.000,3734.000,40.00,0
3735.000,3735.000,40.00,0
3737.000,3737.000,40.00,0
3738.000,3738.000,40.00,601
3739.000,3739.000,40.00,4675
3740.000,3740.000,40.00,55
3741.000,3741.000,40.00,1184
3742.000,3742.000,40.00,538
3743.000,3743.000,40.00,278
3745.000,3745.000,40.00,540
3746.000,3746.000,40.00,780
3747.000,3747.000,40.00,0
3748.000,3748.000,40.00,1308
3749.000,3749.000,40.00,327
3750.000,3750.000,40.00,73
3751.000,3751.000,40.00,976
3752.000,3752.000,40.00,281
3754.000,3754.000,40.00,151
3755.000,3755.000,40.00,1158
3756.000,3756.000,40.00,282
3757.000,3757.000,40.00,2095
3758.000,3758.000,40.00,0
3759.000,3759.000,40.00,0
3760.000,3760.000,40.00,278
3762.000,3762.000,40.00,913
3763.000,3763.000,40.00,282
3764.000,3764.000,40.00,370
3765.000,3765.000,40.00,1062
3766.000,3766.000,40.00,67
3767.000,3767.000,40.00,1363
3768.000,3768.000,40.00,536
3770.000,3770.000,40.00,0
3771.000,3771.000,40.00,0
3772.000,3772.000,40.00,1513
3773.000,3773.000,40.00,243
3774.000,3774.000,40.00,109
3775.000,3775.000,40.00,1400
3776.000,3776.000,40.00,98
3777.000,3777.000,40.00,282
3779.000,3779.000,40.00,0
3780.000,3780.000,40.00,283
3781.000,3781.000,40.00,1437
3782.000,3782.000,40.00,284
3783.000,3783.000,40.00,2643
3784.000,3784.000,40.00,0
3785.000,3785.000,40.00,281
3787.000,3787.000,40.00,2519
3788.000,3788.000,40.00,282
3789.000,3789.000,40.00,0
3790.000,3790.000,40.00,285
3791.000,3791.000,40.00,1130
3792.000,3792.000,40.00,565
3793.000,3793.000,40.00,283
3794.000,3794.000,40.00,0
3796.000,3796.000,40.00,2395
3797.000,3797.000,40.00,1
3797.000,3797.000,40.00,1
3798.000,3798.000,40.00,1595
3799.000,3799.000,40.00,275
3800.000,3800.000,40.00,0
3801.000,3801.000,40.00,1289
3802.000,3802.000,40.00,28
3804.000,3804.000,40.00,284
3805.000,3805.000,40.00,0
3806.000,3806.000,40.00,962
3807.000,3807.000,40.00,962
3807.000,3807.000,40.00,7
3808.000,3808.000,40.00,11
3809.000,3809.000,40.00,0
3810.000,3810.000,40.00,0
3812.000,3812.000,40.00,0
3813.000,3813.000,40.00,0
3814.000,3814.000,40.00,0
3815.000,3815.000,40.00,1811
3816.000,3816.000,40.00,2371
3817.000,3817.000,40.00,432
3818.000,3818.000,40.00,432
3818.000,3818.000,40.00,280
3820.000,3820.000,40.00,0
3821.000,3821.000,40.00,281
3822.000,3822.000,40.00,280
3823.000,3823.000,40.00,0
3824.000,3824.000,40.00,1040
3825.000,3825.000,40.00,973
3826.000,3826.000,40.00,0
3827.000,3827.000,40.00,285
3829.000,3829.000,40.00,0
3830.000,3830.000,40.00,2131
3831.000,3831.000,40.00,45
3832.000,3832.000,40.00,3
3833.000,3833.000,40.00,284
3834.000,3834.000,40.00,757
3835.000,3835.000,40.00,0
3837.000,3837.000,40.00,0
3838.000,3838.000,40.00,2613
3839.000,3839.000,40.00,0
3840.000,3840.000,40.00,279
3841.000,3841.000,40.00,706
3842.000,3842.000,40.00,281
3843.000,3843.000,40.00,1347
3845.000,3845.000,40.00,0
3846.000,3846.000,40.00,281
3847.000,3847.000,40.00,2067
3848.000,3848.000,40.00,275
3849.000,3849.000,40.00,282
3850.000,3850.000,40.00,0
3851.000,3851.000,40.00,3121
3853.000,3853.000,40.00,0
3854.000,3854.000,40.00,280
3855.000,3855.000,40.00,0
3856.000,3856.000,40.00,278
3857.000,3857.000,40.00,278
3857.000,3857.000,40.00,1833
3858.000,3858.000,40.00,286
3859.000,3859.000,40.00,1606
3860.000,3860.000,40.00,0
3862.000,3862.000,40.00,279
3863.000,3863.000,40.00,28
3864.000,3864.000,40.00,278
3865.000,3865.000,40.00,1049
3866.000,3866.000,40.00,0
3867.000,3867.000,40.00,279
3868.000,3868.000,40.00,1184
3869.000,3869.000,40.00,281
3871.000,3871.000,40.00,0
3872.000,3872.000,40.00,279
3873.000,3873.000,40.00,0
3874.000,3874.000,40.00,1139
3875.000,3875.000,40.00,280
3876.000,3876.000,40.00,0
3877.000,3877.000,40.00,1166
3879.000,3879.000,40.00,0
3880.000,3880.000,40.00,277
3881.000,3881.000,40.00,0
3882.000,3882.000,40.00,2993
3883.000,3883.000,40.00,286
3884.000,3884.000,40.00,0
3885.000,3885.000,40.00,1390
3887.000,3887.000,40.00,274
3888.000,3888.000,40.00,0
3889.000,3889.000,40.00,0
3890.000,3890.000,40.00,124
3891.000,3891.000,40.00,0
3892.000,3892.000,40.00,0
3893.000,3893.000,40.00,0
3895.000,3895.000,40.00,0
3896.000,3896.000,40.00,0
3897.000,3897.000,40.00,0
3898.000,3898.000,40.00,0
3899.000,3899.000,40.00,0
3900.000,3900.000,40.00,0
3902.000,3902.000,40.00,0
3903.000,3903.000,40.00,0
3904.000,3904.000,40.00,0
3905.000,3905.000,40.00,496
3906.000,3906.000,40.00,1
3907.000,3907.000,40.00,0
3908.000,3908.000,40.00,0
3909.000,3909.000,40.00,0
3911.000,3911.000,40.00,0
3912.000,3912.000,40.00,0
3913.000,3913.000,40.00,0
3914.000,3914.000,40.00,0
3915.000,3915.000,40.00,0
3916.000,3916.000,40.00,0
3917.000,3917.000,40.00,0
3918.000,3918.000,40.00,0
3920.000,3920.000,40.00,0
3921.000,3921.000,40.00,0
3922.000,3922.000,40.00,0
3923.000,3923.000,40.00,15
3924.000,3924.000,40.00,0
3925.000,3925.000,40.00,0
3926.000,3926.000,40.00,0
3928.000,3928.000,40.00,0
3929.000,3929.000,40.00,0
3930.000,3930.000,40.00,44
3931.000,3931.000,40.00,0
3932.000,3932.000,40.00,3
3933.000,3933.000,40.00,3
3933.000,3933.000,40.00,0
3934.000,3934.000,40.00,0
3935.000,3935.000,40.00,0
3937.000,3937.000,40.00,0
3938.000,3938.000,40.00,0
3939.000,3939.000,40.00,0
3940.000,3940.000,40.00,0
3941.000,3941.000,40.00,0
3942.000,3942.000,40.00,0
3943.000,3943.000,40.00,0
3945.000,3945.000,40.00,0
3946.000,3946.000,40.00,0
3947.000,3947.000,40.00,0
3948.000,3948.000,40.00,0
3949.000,3949.000,40.00,0
3950.000,3950.000,40.00,0
3951.000,3951.000,40.00,0
3952.000,3952.000,40.00,0
3954.000,3954.000,40.00,0
3955.000,3955.000,40.00,0
3956.000,3956.000,40.00,0
3957.000,3957.000,40.00,0
3958.000,3958.000,40.00,0
3959.000,3959.000,40.00,0
3960.000,3960.000,40.00,0
3962.000,3962.000,40.00,0
3963.000,3963.000,40.00,0
3964.000,3964.000,40.00,0
3965.000,3965.000,40.00,0
3966.000,3966.000,40.00,0
3967.000,3967.000,40.00,0
3968.000,3968.000,40.00,13
3970.000,3970.000,40.00,0
3971.000,3971.000,40.00,0
3972.000,3972.000,40.00,0
3973.000,3973.000,40.00,0
3974.000,3974.000,40.00,0
3975.000,3975.000,40.00,0
3976.000,3976.000,40.00,0
3978.000,3978.000,40.00,0
3979.000,3979.000,40.00,0
3980.000,3980.000,40.00,26
3981.000,3981.000,40.00,0
3982.000,3982.000,40.00,47
3983.000,3983.000,40.00,0
3984.000,3984.000,40.00,0
3986.000,3986.000,40.00,0
3987.000,3987.000,40.00,0
3988.000,3988.000,40.00,0
3989.000,3989.000,40.00,0
3990.000,3990.000,40.00,0
3991.000,3991.000,40.00,0
3992.000,3992.000,40.00,0
3993.000,3993.000,40.00,0
3995.000,3995.000,40.00,0
3996.000,3996.000,40.00,0
3997.000,3997.000,40.00,0
3998.000,3998.000,40.00,0
3999.000,3999.000,40.00,0
4000.000,4000.000,40.00,0
4001.000,4001.000,40.00,0
4003.000,4003.000,40.00,0
4004.000,4004.000,40.00,0
4005.000,4005.000,40.00,0
4006.000,4006.000,40.00,0
4007.000,4007.000,40.00,0
4008.000,4008.000,40.00,0
4009.000,4009.000,40.00,0
4010.000,4010.000,40.00,0
4012.000,4012.000,40.00,0
4013.000,4013.000,40.00,0
4014.000,4014.000,40.00,0
4015.000,4015.000,40.00,0
4016.000,4016.000,40.00,0
4017.000,4017.000,40.00,0
4017.000,4017.000,40.00,0
4018.000,4018.000,40.00,0
4019.000,4019.000,40.00,0
4021.000,4021.000,40.00,0
4022.000,4022.000,40.00,0
4023.000,4023.000,40.00,491
4024.000,4024.000,40.00,0
4025.000,4025.000,40.00,0
4026.000,4026.000,40.00,0
4027.000,4027.000,40.00,0
4028.000,4028.000,40.00,0
4029.000,4029.000,40.00,0
4030.000,4030.000,40.00,59
4031.000,4031.000,40.00,15
4032.000,4032.000,40.00,0
4033.000,4033.000,40.00,0
4034.000,4034.000,40.00,0
4035.000,4035.000,40.00,0
4036.000,4036.000,40.00,0
4037.000,4037.000,40.00,0
4038.000,4038.000,40.00,0
4039.000,4039.000,40.00,2
4040.000,4040.000,40.00,0
4041.000,4041.000,40.00,3
4042.000,4042.000,40.00,3
4043.000,4043.000,40.00,0
4044.000,4044.000,40.00,707
4045.000,4045.000,40.00,707
4045.000,4045.000,40.00,417
4047.000,4047.000,40.00,44179
4048.000,4048.000,40.00,32732
4049.000,4049.000,40.00,15939
4050.000,4050.000,40.00,279
4051.000,4051.000,40.00,0
4052.000,4052.000,40.00,1603
4053.000,4053.000,40.00,0
4055.000,4055.000,40.00,279
4056.000,4056.000,40.00,1440
4057.000,4057.000,40.00,274
4058.000,4058.000,40.00,1814
4059.000,4059.000,40.00,279
4060.000,4060.000,40.00,0
4061.000,4061.000,40.00,277
4063.000,4063.000,40.00,1007
4064.000,4064.000,40.00,274
4065.000,4065.000,40.00,0
4066.000,4066.000,40.00,1199
4067.000,4067.000,40.00,0
4068.000,4068.000,40.00,0
4069.000,4069.000,40.00,1095
4070.000,4070.000,40.00,0
4072.000,4072.000,40.00,273
4073.000,4073.000,40.00,2525
4074.000,4074.000,40.00,278
4075.000,4075.000,40.00,0
4076.000,4076.000,40.00,0
4077.000,4077.000,40.00,281
4078.000,4078.000,40.00,675
4080.000,4080.000,40.00,273
4081.000,4081.000,40.00,0
4082.000,4082.000,40.00,2774
4083.000,4083.000,40.00,491
4084.000,4084.000,40.00,491
4084.000,4084.000,40.00,0
4085.000,4085.000,40.00,1582
4086.000,4086.000,40.00,0
4087.000,4087.000,40.00,274
4089.000,4089.000,40.00,2020
4090.000,4090.000,40.00,278
4091.000,4091.000,40.00,0
4092.000,4092.000,40.00,278
4093.000,4093.000,40.00,0
4094.000,4094.000,40.00,0
4094.000,4094.000,40.00,2459
4095.000,4095.000,40.00,276
4097.000,4097.000,40.00,1578
4098.000,4098.000,40.00,278
4099.000,4099.000,40.00,0
4100.000,4100.000,40.00,277
4101.000,4101.000,40.00,1913
4102.000,4102.000,40.00,0
4103.000,4103.000,40.00,0
4103.000,4103.000,40.00,275
4104.000,4104.000,40.00,0
4106.000,4106.000,40.00,2506
4107.000,4107.000,40.00,2
4108.000,4108.000,40.00,280
4109.000,4109.000,40.00,1011
4110.000,4110.000,40.00,277
4111.000,4111.000,40.00,276
4112.000,4112.000,40.00,0
4113.000,4113.000,40.00,0
4113.000,4113.000,40.00,1183
4115.000,4115.000,40.00,0
4116.000,4116.000,40.00,276
4117.000,4117.000,40.00,0
4118.000,4118.000,40.00,2749
4119.000,4119.000,40.00,0
4120.000,4120.000,40.00,275
4121.000,4121.000,40.00,1662
4122.000,4122.000,40.00,277
4123.000,4123.000,40.00,0
4124.000,4124.000,40.00,0
4125.000,4125.000,40.00,1455
4126.000,4126.000,40.00,276
4127.000,4127.000,40.00,0
4128.000,4128.000,40.00,0
4129.000,4129.000,40.00,279
4130.000,4130.000,40.00,0
4131.000,4131.000,40.00,1346
4132.000,4132.000,40.00,1346
4132.000,4132.000,40.00,0
4134.000,4134.000,40.00,277
4135.000,4135.000,40.00,678
4136.000,4136.000,40.00,275
4137.000,4137.000,40.00,0
4138.000,4138.000,40.00,1
4139.000,4139.000,40.00,277
4140.000,4140.000,40.00,277
4140.000,4140.000,40.00,796
4141.000,4141.000,40.00,278
4143.000,4143.000,40.00,489
4144.000,4144.000,40.00,278
4145.000,4145.000,40.00,844
4146.000,4146.000,40.00,230
4147.000,4147.000,40.00,1099
4148.000,4148.000,40.00,1099
4148.000,4148.000,40.00,280
4149.000,4149.000,40.00,0
4150.000,4150.000,40.00,276
4152.000,4152.000,40.00,930
4153.000,4153.000,40.00,0
4154.000,4154.000,40.00,278
4155.000,4155.000,40.00,0
4156.000,4156.000,40.00,0
4156.000,4156.000,40.00,1609
4157.000,4157.000,40.00,276
4158.000,4158.000,40.00,0
4159.000,4159.000,40.00,799
4160.000,4160.000,40.00,0
4162.000,4162.000,40.00,278
4163.000,4163.000,40.00,0
4164.000,4164.000,40.00,1154
4165.000,4165.000,40.00,1154
4165.000,4165.000,40.00,0
4166.000,4166.000,40.00,91
4167.000,4167.000,40.00,785
4168.000,4168.000,40.00,0
4169.000,4169.000,40.00,1468
4171.000,4171.000,40.00,0
4172.000,4172.000,40.00,279
4173.000,4173.000,40.00,279
4173.000,4173.000,40.00,1226
4174.000,4174.000,40.00,0
4175.000,4175.000,40.00,2304
4176.000,4176.000,40.00,0
4177.000,4177.000,40.00,0
4179.000,4179.000,40.00,0
4180.000,4180.000,40.00,568
4181.000,4181.000,40.00,568
4181.000,4181.000,40.00,932
4182.000,4182.000,40.00,275
4183.000,4183.000,40.00,0
4184.000,4184.000,40.00,0
4185.000,4185.000,40.00,278
4187.000,4187.000,40.00,0
4189.000,4189.000,40.00,0
4190.000,4190.000,40.00,276
4191.000,4191.000,40.00,1753
4192.000,4192.000,40.00,0
4193.000,4193.000,40.00,2466
4194.000,4194.000,40.00,0
4196.000,4196.000,40.00,279
4198.000,4198.000,40.00,279
4199.000,4199.000,40.00,1194
4200.000,4200.000,40.00,0
4201.000,4201.000,40.00,1486
4202.000,4202.000,40.00,768
4203.000,4203.000,40.00,0
4205.000,4205.000,40.00,0
4206.000,4206.000,40.00,0
4207.000,4207.000,40.00,1996
4208.000,4208.000,40.00,278
4209.000,4209.000,40.00,283
4210.000,4210.000,40.00,887
4211.000,4211.000,40.00,274
4213.000,4213.000,40.00,0
4214.000,4214.000,40.00,1027
4215.000,4215.000,40.00,0
4216.000,4216.000,40.00,273
4217.000,4217.000,40.00,273
4217.000,4217.000,40.00,1130
4218.000,4218.000,40.00,0
4219.000,4219.000,40.00,84
4220.000,4220.000,40.00,1342
4221.000,4221.000,40.00,0
4223.000,4223.000,40.00,176
4224.000,4224.000,40.00,216
4225.000,4225.000,40.00,0
4226.000,4226.000,40.00,0
4226.000,4226.000,40.00,44
4227.000,4227.000,40.00,33
4228.000,4228.000,40.00,0
4229.000,4229.000,40.00,0
4231.000,4231.000,40.00,137
4232.000,4232.000,40.00,3735
4233.000,4233.000,40.00,0
4234.000,4234.000,40.00,0
4234.000,4234.000,40.00,1674
4235.000,4235.000,40.00,280
4236.000,4236.000,40.00,0
4237.000,4237.000,40.00,2225
4238.000,4238.000,40.00,281
4240.000,4240.000,40.00,0
4241.000,4241.000,40.00,0
4242.000,4242.000,40.00,0
4242.000,4242.000,40.00,695
4243.000,4243.000,40.00,281
4244.000,4244.000,40.00,0
4245.000,4245.000,40.00,1207
4246.000,4246.000,40.00,0
4247.000,4247.000,40.00,1514
4249.000,4249.000,40.00,0
4250.000,4250.000,40.00,279
4251.000,4251.000,40.00,279
4251.000,4251.000,40.00,2261
4252.000,4252.000,40.00,280
4253.000,4253.000,40.00,0
4254.000,4254.000,40.00,0
4255.000,4255.000,40.00,0
4256.000,4256.000,40.00,3458
4258.000,4258.000,40.00,0
4259.000,4259.000,40.00,285
4259.000,4259.000,40.00,285
4260.000,4260.000,40.00,804
4261.000,4261.000,40.00,0
4262.000,4262.000,40.00,2566
4263.000,4263.000,40.00,771
4264.000,4264.000,40.00,0
4266.000,4266.000,40.00,280
4268.000,4268.000,40.00,281
4269.000,4269.000,40.00,1731
4270.000,4270.000,40.00,280
4271.000,4271.000,40.00,279
4272.000,4272.000,40.00,0
4273.000,4273.000,40.00,1677
4275.000,4275.000,40.00,0
4276.000,4276.000,40.00,281
4277.000,4277.000,40.00,0
4278.000,4278.000,40.00,1351
4279.000,4279.000,40.00,1351
4279.000,4279.000,40.00,0
4280.000,4280.000,40.00,0
4281.000,4281.000,40.00,646
4282.000,4282.000,40.00,0
4284.000,4284.000,40.00,281
4285.000,4285.000,40.00,1299
4286.000,4286.000,40.00,314
4287.000,4287.000,40.00,794
4288.000,4288.000,40.00,275
4289.000,4289.000,40.00,0
4290.000,4290.000,40.00,1474
4291.000,4291.000,40.00,0
4293.000,4293.000,40.00,2150
4294.000,4294.000,40.00,278
4295.000,4295.000,40.00,0
4296.000,4296.000,40.00,0
4296.000,4296.000,40.00,1801
4297.000,4297.000,40.00,281
4298.000,4298.000,40.00,0
4299.000,4299.000,40.00,281
4301.000,4301.000,40.00,2073
4302.000,4302.000,40.00,281
4303.000,4303.000,40.00,0
4304.000,4304.000,40.00,280
4305.000,4305.000,40.00,1239
4306.000,4306.000,40.00,283
4307.000,4307.000,40.00,0
4308.000,4308.000,40.00,1477
4309.000,4309.000,40.00,1477
4310.000,4310.000,40.00,279
4311.000,4311.000,40.00,0
4312.000,4312.000,40.00,1686
4313.000,4313.000,40.00,0
4314.000,4314.000,40.00,284
4315.000,4315.000,40.00,763
4316.000,4316.000,40.00,1174
4317.000,4317.000,40.00,0
4319.000,4319.000,40.00,33
4319.000,4319.000,40.00,33
4320.000,4320.000,40.00,1377
4321.000,4321.000,40.00,55
4322.000,4322.000,40.00,0
4323.000,4323.000,40.00,2382
4324.000,4324.000,40.00,0
4325.000,4325.000,40.00,282
4327.000,4327.000,40.00,719
4328.000,4328.000,40.00,282
4329.000,4329.000,40.00,0
4330.000,4330.000,40.00,3402
4331.000,4331.000,40.00,0
4332.000,4332.000,40.00,286
4333.000,4333.000,40.00,0
4334.000,4334.000,40.00,1713
4335.000,4335.000,40.00,275
4337.000,4337.000,40.00,0
4338.000,4338.000,40.00,2147
4339.000,4339.000,40.00,0
4340.000,4340.000,40.00,283
4341.000,4341.000,40.00,1647
4342.000,4342.000,40.00,0
4343.000,4343.000,40.00,1055
4345.000,4345.000,40.00,0
4346.000,4346.000,40.00,289
4347.000,4347.000,40.00,1639
4348.000,4348.000,40.00,284
4349.000,4349.000,40.00,284
4349.000,4349.000,40.00,754
4350.000,4350.000,40.00,281
4351.000,4351.000,40.00,2675
4352.000,4352.000,40.00,261
4354.000,4354.000,40.00,283
4355.000,4355.000,40.00,0
4356.000,4356.000,40.00,285
4357.000,4357.000,40.00,1111
4358.000,4358.000,40.00,283
4359.000,4359.000,40.00,2816
4360.000,4360.000,40.00,0
4361.000,4361.000,40.00,283
4363.000,4363.000,40.00,1536
4363.000,4363.000,40.00,1536
4364.000,4364.000,40.00,282
4365.000,4365.000,40.00,0
4366.000,4366.000,40.00,2080
4367.000,4367.000,40.00,280
4368.000,4368.000,40.00,0
4369.000,4369.000,40.00,2079
4371.000,4371.000,40.00,0
4372.000,4372.000,40.00,283
4373.000,4373.000,40.00,2154
4374.000,4374.000,40.00,284
4375.000,4375.000,40.00,0
4376.000,4376.000,40.00,275
4377.000,4377.000,40.00,1571
4378.000,4378.000,40.00,0
4380.000,4380.000,40.00,286
4381.000,4381.000,40.00,563
4382.000,4382.000,40.00,706
4383.000,4383.000,40.00,1952
4384.000,4384.000,40.00,271
4385.000,4385.000,40.00,225
4386.000,4386.000,40.00,0
4387.000,4387.000,40.00,0
4387.000,4387.000,40.00,1729
4389.000,4389.000,40.00,0
4390.000,4390.000,40.00,284
4391.000,4391.000,40.00,2167
4392.000,4392.000,40.00,278
4393.000,4393.000,40.00,0
4394.000,4394.000,40.00,272
4395.000,4395.000,40.00,272
4395.000,4395.000,40.00,2123
4396.000,4396.000,40.00,281
4398.000,4398.000,40.00,0
4399.000,4399.000,40.00,2190
4400.000,4400.000,40.00,280
4401.000,4401.000,40.00,1693
4402.000,4402.000,40.00,1693
4402.000,4402.000,40.00,281
4403.000,4403.000,40.00,0
4404.000,4404.000,40.00,2565
4405.000,4405.000,40.00,0
4407.000,4407.000,40.00,311
4408.000,4408.000,40.00,0
4409.000,4409.000,40.00,0
4409.000,4409.000,40.00,1818
4410.000,4410.000,40.00,286
4411.000,4411.000,40.00,1
4412.000,4412.000,40.00,1680
4413.000,4413.000,40.00,263
4414.000,4414.000,40.00,0
4416.000,4416.000,40.00,1357
4416.000,4416.000,40.00,1357
4417.000,4417.000,40.00,0
4418.000,4418.000,40.00,279
4419.000,4419.000,40.00,0
4420.000,4420.000,40.00,1714
4421.000,4421.000,40.00,280
4422.000,4422.000,40.00,0
4423.000,4423.000,40.00,0
4423.000,4423.000,40.00,1734
4425.000,4425.000,40.00,0
4426.000,4426.000,40.00,283
4427.000,4427.000,40.00,1659
4428.000,4428.000,40.00,281
4429.000,4429.000,40.00,283
4430.000,4430.000,40.00,283
4430.000,4430.000,40.00,0
4431.000,4431.000,40.00,3030
4433.000,4433.000,40.00,0
4434.000,4434.000,40.00,285
4435.000,4435.000,40.00,0
4436.000,4436.000,40.00,2727
4437.000,4437.000,40.00,2727
4437.000,4437.000,40.00,0
4438.000,4438.000,40.00,31
4439.000,4439.000,40.00,2912
4440.000,4440.000,40.00,0
4442.000,4442.000,40.00,281
4444.000,4444.000,40.00,1373
4445.000,4445.000,40.00,22
4446.000,4446.000,40.00,280
4447.000,4447.000,40.00,1022
4448.000,4448.000,40.00,284
4449.000,4449.000,40.00,0
4450.000,4450.000,40.00,0
4451.000,4451.000,40.00,951
4452.000,4452.000,40.00,0
4453.000,4453.000,40.00,966
4454.000,4454.000,40.00,977
4455.000,4455.000,40.00,370
4456.000,4456.000,40.00,1367
4457.000,4457.000,40.00,0
4458.000,4458.000,40.00,355
4459.000,4459.000,40.00,355
4460.000,4460.000,40.00,503
4461.000,4461.000,40.00,285
4462.000,4462.000,40.00,96
4463.000,4463.000,40.00,0
4464.000,4464.000,40.00,1758
4465.000,4465.000,40.00,282
4466.000,4466.000,40.00,28
4467.000,4467.000,40.00,928
4468.000,4468.000,40.00,928
4469.000,4469.000,40.00,1488
4470.000,4470.000,40.00,287
4471.000,4471.000,40.00,1467
4472.000,4472.000,40.00,278
4473.000,4473.000,40.00,728
4474.000,4474.000,40.00,284
4475.000,4475.000,40.00,0
4476.000,4476.000,40.00,996
4477.000,4477.000,40.00,996
4478.000,4478.000,40.00,283
4479.000,4479.000,40.00,0
4480.000,4480.000,40.00,1187
4481.000,4481.000,40.00,0
4482.000,4482.000,40.00,29
4483.000,4483.000,40.00,1246
4484.000,4484.000,40.00,282
4486.000,4486.000,40.00,1458
4486.000,4486.000,40.00,1458
4487.000,4487.000,40.00,281
4488.000,4488.000,40.00,0
4489.000,4489.000,40.00,1065
4490.000,4490.000,40.00,281
4491.000,4491.000,40.00,853
4492.000,4492.000,40.00,751
4493.000,4493.000,40.00,281
4495.000,4495.000,40.00,710
4496.000,4496.000,40.00,278
4497.000,4497.000,40.00,0
4498.000,4498.000,40.00,1344
4499.000,4499.000,40.00,0
4500.000,4500.000,40.00,282
4501.000,4501.000,40.00,0
4502.000,4502.000,40.00,1845
4504.000,4504.000,40.00,281
4505.000,4505.000,40.00,956
4506.000,4506.000,40.00,284
4507.000,4507.000,40.00,0
4508.000,4508.000,40.00,2072
4509.000,4509.000,40.00,284
4510.000,4510.000,40.00,0
4512.000,4512.000,40.00,1495
4513.000,4513.000,40.00,0
4514.000,4514.000,40.00,286
4515.000,4515.000,40.00,316
4516.000,4516.000,40.00,284
4517.000,4517.000,40.00,1336
4518.000,4518.000,40.00,276
4519.000,4519.000,40.00,0
4521.000,4521.000,40.00,281
4521.000,4521.000,40.00,281
4522.000,4522.000,40.00,954
4523.000,4523.000,40.00,0
4524.000,4524.000,40.00,282
4525.000,4525.000,40.00,0
4526.000,4526.000,40.00,293
4527.000,4527.000,40.00,1246
4528.000,4528.000,40.00,1246
4528.000,4528.000,40.00,279
4530.000,4530.000,40.00,0
4531.000,4531.000,40.00,283
4532.000,4532.000,40.00,0
4533.000,4533.000,40.00,0
4534.000,4534.000,40.00,1430
4535.000,4535.000,40.00,1430
4535.000,4535.000,40.00,0
4536.000,4536.000,40.00,1160
4538.000,4538.000,40.00,0
4539.000,4539.000,40.00,283
4540.000,4540.000,40.00,261
4541.000,4541.000,40.00,1249
4542.000,4542.000,40.00,1249
4542.000,4542.000,40.00,0
4543.000,4543.000,40.00,1635
4544.000,4544.000,40.00,0
4545.000,4545.000,40.00,939
4547.000,4547.000,40.00,0
4548.000,4548.000,40.00,138
4549.000,4549.000,40.00,0
4550.000,4550.000,40.00,0
4550.000,4550.000,40.00,0
4551.000,4551.000,40.00,0
4552.000,4552.000,40.00,0
4553.000,4553.000,40.00,0
4554.000,4554.000,40.00,0
4556.000,4556.000,40.00,0
4557.000,4557.000,40.00,0
4559.000,4559.000,40.00,0
4560.000,4560.000,40.00,0
4561.000,4561.000,40.00,0
4562.000,4562.000,40.00,0
4564.000,4564.000,40.00,493
4565.000,4565.000,40.00,0
4566.000,4566.000,40.00,0
4568.000,4568.000,40.00,0
4569.000,4569.000,40.00,0
4570.000,4570.000,40.00,0
4572.000,4572.000,40.00,0
4573.000,4573.000,40.00,0
4574.000,4574.000,40.00,0
4575.000,4575.000,40.00,0
4576.000,4576.000,40.00,0
4577.000,4577.000,40.00,0
4578.000,4578.000,40.00,0
4578.000,4578.000,40.00,0
4579.000,4579.000,40.00,0
4581.000,4581.000,40.00,0
4582.000,4582.000,40.00,0
4583.000,4583.000,40.00,0
4584.000,4584.000,40.00,0
4585.000,4585.000,40.00,0
4586.000,4586.000,40.00,13
4587.000,4587.000,40.00,0
4588.000,4588.000,40.00,0
4589.000,4589.000,40.00,0
4590.000,4590.000,40.00,0
4591.000,4591.000,40.00,0
4592.000,4592.000,40.00,0
4593.000,4593.000,40.00,44
4594.000,4594.000,40.00,0
4595.000,4595.000,40.00,0
4595.000,4595.000,40.00,0
4596.000,4596.000,40.00,0
4598.000,4598.000,40.00,0
4599.000,4599.000,40.00,0
4600.000,4600.000,40.00,0
4601.000,4601.000,40.00,0
4602.000,4602.000,40.00,0
4603.000,4603.000,40.00,0
4604.000,4604.000,40.00,0
4605.000,4605.000,40.00,0
4606.000,4606.000,40.00,0
4607.000,4607.000,40.00,0
4608.000,4608.000,40.00,0
4609.000,4609.000,40.00,0
4610.000,4610.000,40.00,0
4611.000,4611.000,40.00,0
4612.000,4612.000,40.00,0
4613.000,4613.000,40.00,0
4615.000,4615.000,40.00,0
4615.000,4615.000,40.00,0
4616.000,4616.000,40.00,0
4617.000,4617.000,40.00,0
4618.000,4618.000,40.00,0
4619.000,4619.000,40.00,0
4620.000,4620.000,40.00,0
4621.000,4621.000,40.00,0
4622.000,4622.000,40.00,0
4623.000,4623.000,40.00,0
4624.000,4624.000,40.00,0
4625.000,4625.000,40.00,0
4626.000,4626.000,40.00,0
4627.000,4627.000,40.00,0
4628.000,4628.000,40.00,0
4629.000,4629.000,40.00,0
4629.000,4629.000,40.00,52
4630.000,4630.000,40.00,54
4632.000,4632.000,40.00,0
4633.000,4633.000,40.00,0
4634.000,4634.000,40.00,0
4635.000,4635.000,40.00,0
4636.000,4636.000,40.00,0
4636.000,4636.000,40.00,0
4637.000,4637.000,40.00,26
4638.000,4638.000,40.00,0
4640.000,4640.000,40.00,0
4641.000,4641.000,40.00,0
4642.000,4642.000,40.00,0
4643.000,4643.000,40.00,0
4643.000,4643.000,40.00,0
4644.000,4644.000,40.00,0
4645.000,4645.000,40.00,0
4646.000,4646.000,40.00,4
4648.000,4648.000,40.00,0
4649.000,4649.000,40.00,0
4650.000,4650.000,40.00,0
4651.000,4651.000,40.00,0
4652.000,4652.000,40.00,0
4652.000,4652.000,40.00,0
4653.000,4653.000,40.00,0
4654.000,4654.000,40.00,0
4655.000,4655.000,40.00,0
4657.000,4657.000,40.00,0
4658.000,4658.000,40.00,0
4659.000,4659.000,40.00,0
4661.000,4661.000,40.00,0
4662.000,4662.000,40.00,0
4663.000,4663.000,40.00,0
4665.000,4665.000,40.00,97
4666.000,4666.000,40.00,0
4667.000,4667.000,40.00,0
4668.000,4668.000,40.00,0
4668.000,4668.000,40.00,0
4669.000,4669.000,40.00,0
4670.000,4670.000,40.00,0
4671.000,4671.000,40.00,0
4672.000,4672.000,40.00,0
4674.000,4674.000,40.00,0
4675.000,4675.000,40.00,0
4676.000,4676.000,40.00,0
4677.000,4677.000,40.00,0
4678.000,4678.000,40.00,0
4678.000,4678.000,40.00,0
4679.000,4679.000,40.00,0
4680.000,4680.000,40.00,0
4681.000,4681.000,40.00,0
4683.000,4683.000,40.00,492
4684.000,4684.000,40.00,0
4685.000,4685.000,40.00,0
4686.000,4686.000,40.00,0
4687.000,4687.000,40.00,0
4688.000,4688.000,40.00,0
4689.000,4689.000,40.00,0
4689.000,4689.000,40.00,0
4691.000,4691.000,40.00,0
4692.000,4692.000,40.00,0
4693.000,4693.000,40.00,0
4694.000,4694.000,40.00,0
4695.000,4695.000,40.00,0
4696.000,4696.000,40.00,0
4697.000,4697.000,40.00,0
4698.000,4698.000,40.00,1
4700.000,4700.000,40.00,0
4701.000,4701.000,40.00,0
4702.000,4702.000,40.00,0
4703.000,4703.000,40.00,409
4704.000,4704.000,40.00,26997
4705.000,4705.000,40.00,43573
4707.000,4707.000,40.00,31625
4708.000,4708.000,40.00,0
4709.000,4709.000,40.00,0
4709.000,4709.000,40.00,2491
4710.000,4710.000,40.00,282
4711.000,4711.000,40.00,0
4712.000,4712.000,40.00,280
4713.000,4713.000,40.00,0
4714.000,4714.000,40.00,1837
4716.000,4716.000,40.00,277
4717.000,4717.000,40.00,0
4718.000,4718.000,40.00,1006
4719.000,4719.000,40.00,0
4720.000,4720.000,40.00,66
4721.000,4721.000,40.00,278
4722.000,4722.000,40.00,0
4724.000,4724.000,40.00,909
4725.000,4725.000,40.00,0
4726.000,4726.000,40.00,279
4727.000,4727.000,40.00,702
4728.000,4728.000,40.00,0
4729.000,4729.000,40.00,921
4730.000,4730.000,40.00,0
4732.000,4732.000,40.00,282
4733.000,4733.000,40.00,885
4734.000,4734.000,40.00,280
4735.000,4735.000,40.00,0
4736.000,4736.000,40.00,281
4737.000,4737.000,40.00,1195
4738.000,4738.000,40.00,0
4739.000,4739.000,40.00,280
4741.000,4741.000,40.00,0
4742.000,4742.000,40.00,766
4743.000,4743.000,40.00,489
4744.000,4744.000,40.00,281
4745.000,4745.000,40.00,493
4746.000,4746.000,40.00,1
4747.000,4747.000,40.00,2595
4749.000,4749.000,40.00,0
4750.000,4750.000,40.00,281
4751.000,4751.000,40.00,0
4752.000,4752.000,40.00,279
4753.000,4753.000,40.00,929
4754.000,4754.000,40.00,288
4755.000,4755.000,40.00,0
4757.000,4757.000,40.00,281
4758.000,4758.000,40.00,281
4759.000,4759.000,40.00,1692
4760.000,4760.000,40.00,283
4761.000,4761.000,40.00,0
4762.000,4762.000,40.00,1400
4763.000,4763.000,40.00,281
4764.000,4764.000,40.00,501
4766.000,4766.000,40.00,280
4767.000,4767.000,40.00,0
4768.000,4768.000,40.00,3820
4769.000,4769.000,40.00,0
4770.000,4770.000,40.00,0
4771.000,4771.000,40.00,327
4772.000,4772.000,40.00,3025
4774.000,4774.000,40.00,280
4775.000,4775.000,40.00,0
4776.000,4776.000,40.00,278
4777.000,4777.000,40.00,1075
4778.000,4778.000,40.00,0
4779.000,4779.000,40.00,281
4780.000,4780.000,40.00,0
4781.000,4781.000,40.00,2480
4783.000,4783.000,40.00,0
4784.000,4784.000,40.00,280
4785.000,4785.000,40.00,0
4786.000,4786.000,40.00,276
4787.000,4787.000,40.00,3604
4788.000,4788.000,40.00,0
4789.000,4789.000,40.00,281
4791.000,4791.000,40.00,0
4792.000,4792.000,40.00,277
4793.000,4793.000,40.00,2969
4794.000,4794.000,40.00,277
4795.000,4795.000,40.00,0
4796.000,4796.000,40.00,280
4797.000,4797.000,40.00,1512
4798.000,4798.000,40.00,278
4800.000,4800.000,40.00,1443
4801.000,4801.000,40.00,282
4802.000,4802.000,40.00,1054
4803.000,4803.000,40.00,768
4804.000,4804.000,40.00,0
4805.000,4805.000,40.00,2433
4806.000,4806.000,40.00,0
4808.000,4808.000,40.00,1739
4809.000,4809.000,40.00,0
4810.000,4810.000,40.00,277
4811.000,4811.000,40.00,1454
4812.000,4812.000,40.00,0
4813.000,4813.000,40.00,1655
4815.000,4815.000,40.00,0
4816.000,4816.000,40.00,328
4817.000,4817.000,40.00,1724
4818.000,4818.000,40.00,283
4819.000,4819.000,40.00,284
4820.000,4820.000,40.00,11
4821.000,4821.000,40.00,279
4823.000,4823.000,40.00,0
4824.000,4824.000,40.00,2060
4825.000,4825.000,40.00,28
4826.000,4826.000,40.00,278
4827.000,4827.000,40.00,701
4828.000,4828.000,40.00,0
4829.000,4829.000,40.00,281
4830.000,4830.000,40.00,1310
4832.000,4832.000,40.00,277
4833.000,4833.000,40.00,277
4833.000,4833.000,40.00,1693
4834.000,4834.000,40.00,277
4835.000,4835.000,40.00,0
4836.000,4836.000,40.00,0
4837.000,4837.000,40.00,1713
4838.000,4838.000,40.00,278
4840.000,4840.000,40.00,736
4841.000,4841.000,40.00,0
4842.000,4842.000,40.00,0
4842.000,4842.000,40.00,275
4843.000,4843.000,40.00,0
4844.000,4844.000,40.00,2890
4845.000,4845.000,40.00,284
4846.000,4846.000,40.00,0
4848.000,4848.000,40.00,277
4849.000,4849.000,40.00,1961
4850.000,4850.000,40.00,278
4851.000,4851.000,40.00,0
4852.000,4852.000,40.00,61
4853.000,4853.000,40.00,3236
4854.000,4854.000,40.00,0
4856.000,4856.000,40.00,282
4857.000,4857.000,40.00,2313
4858.000,4858.000,40.00,276
4859.000,4859.000,40.00,0
4860.000,4860.000,40.00,0
4861.000,4861.000,40.00,1225
4862.000,4862.000,40.00,771
4864.000,4864.000,40.00,0
4866.000,4866.000,40.00,1973
4867.000,4867.000,40.00,0
4868.000,4868.000,40.00,278
4869.000,4869.000,40.00,1804
4870.000,4870.000,40.00,0
4871.000,4871.000,40.00,279
4873.000,4873.000,40.00,0
4874.000,4874.000,40.00,2453
4875.000,4875.000,40.00,0
4876.000,4876.000,40.00,279
4877.000,4877.000,40.00,0
4878.000,4878.000,40.00,0
4879.000,4879.000,40.00,245
4881.000,4881.000,40.00,0
4882.000,4882.000,40.00,1784
4883.000,4883.000,40.00,44
4884.000,4884.000,40.00,279
4885.000,4885.000,40.00,1299
4886.000,4886.000,40.00,0
4887.000,4887.000,40.00,1021
4888.000,4888.000,40.00,0
4890.000,4890.000,40.00,280
4891.000,4891.000,40.00,0
4892.000,4892.000,40.00,1494
4893.000,4893.000,40.00,0
4894.000,4894.000,40.00,0
4895.000,4895.000,40.00,278
4896.000,4896.000,40.00,1108
4898.000,4898.000,40.00,276
4899.000,4899.000,40.00,0
4900.000,4900.000,40.00,278
4901.000,4901.000,40.00,0
4902.000,4902.000,40.00,0
4903.000,4903.000,40.00,279
4904.000,4904.000,40.00,1868
4905.000,4905.000,40.00,276
4907.000,4907.000,40.00,0
4908.000,4908.000,40.00,280
4909.000,4909.000,40.00,1897
4910.000,4910.000,40.00,279
4911.000,4911.000,40.00,0
4912.000,4912.000,40.00,279
4913.000,4913.000,40.00,3531
4914.000,4914.000,40.00,278
4915.000,4915.000,40.00,278
4916.000,4916.000,40.00,0
4917.000,4917.000,40.00,0
4918.000,4918.000,40.00,1352
4919.000,4919.000,40.00,280
4920.000,4920.000,40.00,0
4921.000,4921.000,40.00,276
4922.000,4922.000,40.00,488
4924.000,4924.000,40.00,917
4925.000,4925.000,40.00,281
4926.000,4926.000,40.00,1169
4927.000,4927.000,40.00,0
4928.000,4928.000,40.00,2442
4929.000,4929.000,40.00,272
4930.000,4930.000,40.00,0
4932.000,4932.000,40.00,2004
4933.000,4933.000,40.00,0
4934.000,4934.000,40.00,278
4935.000,4935.000,40.00,2215
4936.000,4936.000,40.00,280
4937.000,4937.000,40.00,280
4937.000,4937.000,40.00,275
4938.000,4938.000,40.00,0
4939.000,4939.000,40.00,1895
4941.000,4941.000,40.00,0
4942.000,4942.000,40.00,281
4943.000,4943.000,40.00,1512
4944.000,4944.000,40.00,279
4945.000,4945.000,40.00,1466
4946.000,4946.000,40.00,0
4947.000,4947.000,40.00,0
4947.000,4947.000,40.00,281
4949.000,4949.000,40.00,1781
4950.000,4950.000,40.00,280
4951.000,4951.000,40.00,0
4952.000,4952.000,40.00,1526
4953.000,4953.000,40.00,0
4954.000,4954.000,40.00,0
4955.000,4955.000,40.00,1517
4956.000,4956.000,40.00,0
4958.000,4958.000,40.00,281
4959.000,4959.000,40.00,3256
4960.000,4960.000,40.00,279
4961.000,4961.000,40.00,0
4962.000,4962.000,40.00,0
4963.000,4963.000,40.00,1792
4964.000,4964.000,40.00,279
4966.000,4966.000,40.00,0
4967.000,4967.000,40.00,0
4968.000,4968.000,40.00,279
4969.000,4969.000,40.00,0
4970.000,4970.000,40.00,1566
4971.000,4971.000,40.00,0
4972.000,4972.000,40.00,276
4973.000,4973.000,40.00,1772
4975.000,4975.000,40.00,0
4975.000,4975.000,40.00,0
4976.000,4976.000,40.00,275
4977.000,4977.000,40.00,939
4978.000,4978.000,40.00,0
4979.000,4979.000,40.00,994
4980.000,4980.000,40.00,0
4981.000,4981.000,40.00,279
4983.000,4983.000,40.00,1980
4984.000,4984.000,40.00,276
4985.000,4985.000,40.00,276
4985.000,4985.000,40.00,0
4986.000,4986.000,40.00,676
4987.000,4987.000,40.00,2177
4988.000,4988.000,40.00,0
4989.000,4989.000,40.00,277
4991.000,4991.000,40.00,1490
4992.000,4992.000,40.00,276
4993.000,4993.000,40.00,276
4993.000,4993.000,40.00,0
4994.000,4994.000,40.00,286
4995.000,4995.000,40.00,1903
4996.000,4996.000,40.00,0
4997.000,4997.000,40.00,2236
4999.000,4999.000,40.00,0
5000.000,5000.000,40.00,278
5001.000,5001.000,40.00,1646
5002.000,5002.000,40.00,277
5003.000,5003.000,40.00,281
5004.000,5004.000,40.00,131
5005.000,5005.000,40.00,289
5006.000,5006.000,40.00,289
5007.000,5007.000,40.00,1685
5008.000,5008.000,40.00,277
5009.000,5009.000,40.00,0
5010.000,5010.000,40.00,1852
5011.000,5011.000,40.00,0
5012.000,5012.000,40.00,276
5013.000,5013.000,40.00,0
5014.000,5014.000,40.00,278
5016.000,5016.000,40.00,1864
5017.000,5017.000,40.00,279
5018.000,5018.000,40.00,279
5018.000,5018.000,40.00,278
5019.000,5019.000,40.00,1914
5020.000,5020.000,40.00,0
5021.000,5021.000,40.00,277
5022.000,5022.000,40.00,1025
5024.000,5024.000,40.00,278
5025.000,5025.000,40.00,0
5026.000,5026.000,40.00,273
5027.000,5027.000,40.00,1945
5028.000,5028.000,40.00,279
5029.000,5029.000,40.00,279
5029.000,5029.000,40.00,280
5030.000,5030.000,40.00,1944
5031.000,5031.000,40.00,277
5033.000,5033.000,40.00,0
5034.000,5034.000,40.00,275
5035.000,5035.000,40.00,2337
5036.000,5036.000,40.00,280
5037.000,5037.000,40.00,1877
5038.000,5038.000,40.00,0
5039.000,5039.000,40.00,280
5041.000,5041.000,40.00,2288
5042.000,5042.000,40.00,275
5043.000,5043.000,40.00,275
5043.000,5043.000,40.00,488
5044.000,5044.000,40.00,280
5045.000,5045.000,40.00,1781
5046.000,5046.000,40.00,279
5047.000,5047.000,40.00,0
5049.000,5049.000,40.00,827
5050.000,5050.000,40.00,277
5051.000,5051.000,40.00,0
5052.000,5052.000,40.00,1044
5053.000,5053.000,40.00,0
5054.000,5054.000,40.00,280
5055.000,5055.000,40.00,1715
5056.000,5056.000,40.00,0
5058.000,5058.000,40.00,2389
5059.000,5059.000,40.00,0
5059.000,5059.000,40.00,0
5060.000,5060.000,40.00,277
5061.000,5061.000,40.00,281
5062.000,5062.000,40.00,1796
5063.000,5063.000,40.00,321
5064.000,5064.000,40.00,18
5066.000,5066.000,40.00,1414
5067.000,5067.000,40.00,0
5068.000,5068.000,40.00,282
5069.000,5069.000,40.00,0
5070.000,5070.000,40.00,1667
5071.000,5071.000,40.00,277
5072.000,5072.000,40.00,0
5073.000,5073.000,40.00,277
5075.000,5075.000,40.00,1888
5075.000,5075.000,40.00,1888
5076.000,5076.000,40.00,278
5077.000,5077.000,40.00,0
5078.000,5078.000,40.00,278
5079.000,5079.000,40.00,1620
5080.000,5080.000,40.00,280
5081.000,5081.000,40.00,0
5082.000,5082.000,40.00,277
5084.000,5084.000,40.00,1871
5085.000,5085.000,40.00,0
5086.000,5086.000,40.00,287
5087.000,5087.000,40.00,3
5088.000,5088.000,40.00,372
5089.000,5089.000,40.00,14940
5090.000,5090.000,40.00,8
5091.000,5091.000,40.00,5
5092.000,5092.000,40.00,0
5093.000,5093.000,40.00,0
