since,relative_seconds,rtt,bandwidth_kbps
0.000,0.000,40.00,0
1.000,1.000,40.00,0
2.000,2.000,40.00,0
3.000,3.000,40.00,0
4.000,4.000,40.00,0
5.000,5.000,40.00,2
6.000,6.000,72.00,2
6.000,6.000,40.00,1
8.000,8.000,40.00,14199
9.000,9.000,40.00,27292
10.000,10.000,40.00,133037
11.000,11.000,40.00,168763
12.000,12.000,40.00,160461
13.000,13.000,40.00,164948
15.000,15.000,40.00,162083
16.000,16.000,40.00,155306
17.000,17.000,40.00,165436
18.000,18.000,40.00,151753
19.000,19.000,40.00,12
19.000,19.000,67.00,12
20.000,20.000,40.00,8183
21.000,21.000,40.00,17765
23.000,23.000,40.00,56367
24.000,24.000,40.00,111665
25.000,25.000,40.00,108687
26.000,26.000,40.00,108466
27.000,27.000,40.00,105553
29.000,29.000,40.00,84461
30.000,30.000,40.00,68214
31.000,31.000,40.00,72586
32.000,32.000,40.00,57117
33.000,33.000,40.00,1
33.000,33.000,72.00,1
34.000,34.000,40.00,16533
36.000,36.000,40.00,22433
37.000,37.000,40.00,21357
38.000,38.000,40.00,20815
39.000,39.000,40.00,21725
40.000,40.000,40.00,20543
42.000,42.000,40.00,21326
43.000,43.000,40.00,21238
44.000,44.000,40.00,21265
46.000,46.000,40.00,4167
47.000,47.000,69.00,4167
47.000,47.000,40.00,334
49.000,49.000,40.00,20679
50.000,50.000,40.00,21212
51.000,51.000,40.00,21762
52.000,52.000,40.00,21935
53.000,53.000,40.00,22945
55.000,55.000,40.00,22874
56.000,56.000,40.00,20948
57.000,57.000,40.00,19121
58.000,58.000,40.00,22289
59.000,59.000,40.00,21667
61.000,61.000,40.00,0
61.000,61.000,68.00,0
62.000,62.000,40.00,6060
63.000,63.000,40.00,15471
64.000,64.000,40.00,15469
65.000,65.000,40.00,16515
66.000,66.000,40.00,17305
68.000,68.000,40.00,14380
69.000,69.000,40.00,16803
70.000,70.000,40.00,11362
71.000,71.000,40.00,16010
72.000,72.000,40.00,16733
73.000,73.000,40.00,13214
75.000,75.000,40.00,1
75.000,75.000,69.00,1
76.000,76.000,40.00,10156
77.000,77.000,40.00,21749
78.000,78.000,40.00,22890
79.000,79.000,40.00,21894
81.000,81.000,40.00,100073
82.000,82.000,40.00,132717
83.000,83.000,40.00,131584
84.000,84.000,40.00,140030
85.000,85.000,40.00,129080
86.000,86.000,40.00,88489
88.000,88.000,40.00,105914
89.000,89.000,40.00,2
89.000,89.000,67.00,2
90.000,90.000,40.00,17499
91.000,91.000,40.00,22342
92.000,92.000,40.00,22445
93.000,93.000,40.00,20815
95.000,95.000,40.00,19469
96.000,96.000,40.00,19716
97.000,97.000,40.00,21282
98.000,98.000,40.00,17803
99.000,99.000,40.00,21540
100.000,100.000,40.00,20337
101.000,101.000,40.00,11361
103.000,103.000,40.00,2
103.000,103.000,71.00,2
104.000,104.000,40.00,11495
105.000,105.000,40.00,21629
106.000,106.000,40.00,19706
107.000,107.000,40.00,20407
108.000,108.000,40.00,16531
110.000,110.000,40.00,18909
111.000,111.000,40.00,18839
112.000,112.000,40.00,20115
113.000,113.000,40.00,19611
114.000,114.000,40.00,18448
115.000,115.000,40.00,10366
116.000,116.000,69.00,10366
117.000,117.000,40.00,2
118.000,118.000,40.00,16423
119.000,119.000,40.00,20383
120.000,120.000,40.00,19590
121.000,121.000,40.00,19456
123.000,123.000,40.00,20056
124.000,124.000,40.00,21148
125.000,125.000,40.00,20119
126.000,126.000,40.00,22357
127.000,127.000,40.00,19494
130.000,130.000,40.00,741
130.000,130.000,72.00,741
131.000,131.000,40.00,2388
132.000,132.000,40.00,15960
133.000,133.000,40.00,20383
134.000,134.000,40.00,19099
135.000,135.000,40.00,18341
137.000,137.000,40.00,19022
138.000,138.000,40.00,19020
139.000,139.000,40.00,19880
140.000,140.000,40.00,17623
141.000,141.000,40.00,20155
143.000,143.000,40.00,19034
144.000,144.000,40.00,0
144.000,144.000,66.00,0
145.000,145.000,40.00,6728
146.000,146.000,40.00,18622
147.000,147.000,40.00,19674
148.000,148.000,40.00,18346
150.000,150.000,40.00,19449
151.000,151.000,40.00,19437
152.000,152.000,40.00,19124
153.000,153.000,40.00,19987
154.000,154.000,40.00,18600
155.000,155.000,40.00,73663
157.000,157.000,40.00,119882
158.000,158.000,40.00,1
158.000,158.000,67.00,1
159.000,159.000,40.00,9744
160.000,160.000,40.00,20440
161.000,161.000,40.00,21166
162.000,162.000,40.00,21003
164.000,164.000,40.00,19670
165.000,165.000,40.00,21319
166.000,166.000,40.00,20035
167.000,167.000,40.00,19329
168.000,168.000,40.00,18964
169.000,169.000,40.00,20665
170.000,170.000,40.00,17141
172.000,172.000,40.00,0
172.000,172.000,71.00,0
173.000,173.000,40.00,10682
174.000,174.000,40.00,23512
175.000,175.000,40.00,20814
176.000,176.000,40.00,19238
177.000,177.000,40.00,35366
179.000,179.000,40.00,58321
180.000,180.000,40.00,60946
181.000,181.000,40.00,65288
182.000,182.000,40.00,67692
183.000,183.000,40.00,69977
184.000,184.000,40.00,46923
186.000,186.000,40.00,2
186.000,186.000,74.00,2
187.000,187.000,40.00,11192
188.000,188.000,40.00,16485
189.000,189.000,40.00,13856
190.000,190.000,40.00,15101
192.000,192.000,40.00,15671
193.000,193.000,40.00,13884
194.000,194.000,40.00,44359
195.000,195.000,40.00,55541
196.000,196.000,40.00,57633
197.000,197.000,40.00,62194
198.000,198.000,40.00,56496
200.000,200.000,40.00,1
200.000,200.000,71.00,1
201.000,201.000,40.00,13163
202.000,202.000,40.00,18792
203.000,203.000,40.00,19452
204.000,204.000,40.00,19043
205.000,205.000,40.00,18509
207.000,207.000,40.00,19052
208.000,208.000,40.00,18180
209.000,209.000,40.00,18873
210.000,210.000,40.00,18630
211.000,211.000,40.00,17802
212.000,212.000,40.00,6984
214.000,214.000,71.00,2
214.000,214.000,40.00,2
215.000,215.000,40.00,17989
216.000,216.000,40.00,21644
217.000,217.000,40.00,21371
218.000,218.000,40.00,25803
219.000,219.000,40.00,123056
221.000,221.000,40.00,145263
222.000,222.000,40.00,142149
223.000,223.000,40.00,133394
224.000,224.000,40.00,125923
225.000,225.000,40.00,119638
226.000,226.000,40.00,52960
227.000,227.000,70.00,52960
228.000,228.000,40.00,3
229.000,229.000,40.00,17678
230.000,230.000,40.00,18426
231.000,231.000,40.00,21241
232.000,232.000,40.00,20554
234.000,234.000,40.00,19973
235.000,235.000,40.00,119143
236.000,236.000,40.00,175936
237.000,237.000,40.00,151240
238.000,238.000,40.00,121454
239.000,239.000,40.00,117744
241.000,241.000,40.00,0
241.000,241.000,68.00,0
242.000,242.000,40.00,4177
243.000,243.000,40.00,19225
244.000,244.000,40.00,19097
245.000,245.000,40.00,87129
247.000,247.000,40.00,109441
248.000,248.000,40.00,176991
249.000,249.000,40.00,129623
250.000,250.000,40.00,186636
251.000,251.000,40.00,268684
252.000,252.000,40.00,225826
253.000,253.000,40.00,180123
255.000,255.000,40.00,3994
255.000,255.000,71.00,3994
256.000,256.000,40.00,5041
257.000,257.000,40.00,17674
258.000,258.000,40.00,16078
259.000,259.000,40.00,18428
260.000,260.000,40.00,17849
262.000,262.000,40.00,17162
263.000,263.000,40.00,21525
264.000,264.000,40.00,65556
265.000,265.000,40.00,64731
266.000,266.000,40.00,64981
268.000,268.000,40.00,59083
269.000,269.000,40.00,1
269.000,269.000,70.00,1
270.000,270.000,40.00,9720
271.000,271.000,40.00,18033
272.000,272.000,40.00,18085
273.000,273.000,40.00,43823
275.000,275.000,40.00,98998
276.000,276.000,40.00,98222
277.000,277.000,40.00,98138
278.000,278.000,40.00,118931
279.000,279.000,40.00,174975
280.000,280.000,40.00,240304
281.000,281.000,40.00,186818
283.000,283.000,40.00,11273
283.000,283.000,67.00,11273
284.000,284.000,40.00,13161
285.000,285.000,40.00,19335
286.000,286.000,40.00,18380
287.000,287.000,40.00,16472
289.000,289.000,40.00,17329
290.000,290.000,40.00,19424
291.000,291.000,40.00,85660
292.000,292.000,40.00,160816
293.000,293.000,40.00,156885
294.000,294.000,40.00,199592
295.000,295.000,40.00,132392
297.000,297.000,40.00,2
297.000,297.000,69.00,2
298.000,298.000,40.00,13423
299.000,299.000,40.00,17767
300.000,300.000,40.00,16040
301.000,301.000,40.00,17641
302.000,302.000,40.00,18019
304.000,304.000,40.00,16893
305.000,305.000,40.00,17303
306.000,306.000,40.00,27432
307.000,307.000,40.00,66659
308.000,308.000,40.00,64873
310.000,310.000,40.00,25834
310.000,310.000,70.00,25834
311.000,311.000,40.00,2
312.000,312.000,40.00,0
313.000,313.000,40.00,16133
314.000,314.000,40.00,161373
315.000,315.000,40.00,184801
316.000,316.000,40.00,203450
318.000,318.000,40.00,210214
319.000,319.000,40.00,249795
320.000,320.000,40.00,255681
321.000,321.000,40.00,222891
323.000,323.000,40.00,103216
324.000,324.000,40.00,2
324.000,324.000,71.00,2
325.000,325.000,40.00,16639
327.000,327.000,40.00,21392
328.000,328.000,40.00,21605
329.000,329.000,40.00,21606
330.000,330.000,40.00,21472
331.000,331.000,40.00,58538
333.000,333.000,40.00,140480
334.000,334.000,40.00,171574
335.000,335.000,40.00,275316
337.000,337.000,40.00,130657
338.000,338.000,73.00,2
338.000,338.000,40.00,2
339.000,339.000,40.00,13776
340.000,340.000,40.00,42384
342.000,342.000,40.00,63353
343.000,343.000,40.00,62106
344.000,344.000,40.00,110566
345.000,345.000,40.00,165854
346.000,346.000,40.00,213566
347.000,347.000,40.00,261778
349.000,349.000,40.00,276262
351.000,351.000,40.00,143691
352.000,352.000,40.00,2
352.000,352.000,68.00,2
353.000,353.000,40.00,14811
354.000,354.000,40.00,41595
355.000,355.000,40.00,157599
357.000,357.000,40.00,188414
358.000,358.000,40.00,206650
359.000,359.000,40.00,247309
360.000,360.000,40.00,186933
361.000,361.000,40.00,77315
362.000,362.000,40.00,88819
365.000,365.000,40.00,61181
366.000,366.000,70.00,61181
366.000,366.000,40.00,4230
367.000,367.000,40.00,35542
368.000,368.000,40.00,134880
370.000,370.000,40.00,196946
371.000,371.000,40.00,198934
372.000,372.000,40.00,249814
373.000,373.000,40.00,162103
374.000,374.000,40.00,183834
375.000,375.000,40.00,194621
376.000,376.000,40.00,158626
379.000,379.000,40.00,112580
380.000,380.000,69.00,112580
380.000,380.000,40.00,90
381.000,381.000,40.00,183595
382.000,382.000,40.00,219010
383.000,383.000,40.00,244449
385.000,385.000,40.00,241529
386.000,386.000,40.00,231018
387.000,387.000,40.00,224563
388.000,388.000,40.00,201081
389.000,389.000,40.00,266042
390.000,390.000,40.00,206348
391.000,391.000,40.00,274732
392.000,392.000,40.00,151586
393.000,393.000,67.00,2
393.000,393.000,40.00,2
395.000,395.000,40.00,15660
396.000,396.000,40.00,18424
397.000,397.000,40.00,17782
398.000,398.000,40.00,19298
399.000,399.000,40.00,19204
401.000,401.000,40.00,17938
402.000,402.000,40.00,20227
403.000,403.000,40.00,19856
404.000,404.000,40.00,18358
407.000,407.000,40.00,9907
407.000,407.000,73.00,9907
408.000,408.000,40.00,9685
409.000,409.000,40.00,17080
410.000,410.000,40.00,17905
411.000,411.000,40.00,17795
412.000,412.000,40.00,17168
414.000,414.000,40.00,18165
415.000,415.000,40.00,17180
416.000,416.000,40.00,35488
417.000,417.000,40.00,119601
418.000,418.000,40.00,121434
419.000,419.000,40.00,121434
420.000,420.000,40.00,138642
421.000,421.000,40.00,0
421.000,421.000,69.00,0
422.000,422.000,40.00,11308
423.000,423.000,40.00,51787
424.000,424.000,40.00,113859
425.000,425.000,40.00,107040
427.000,427.000,40.00,118162
428.000,428.000,40.00,109960
429.000,429.000,40.00,108244
430.000,430.000,40.00,107952
431.000,431.000,40.00,102647
432.000,432.000,40.00,110234
434.000,434.000,40.00,81441
435.000,435.000,40.00,1
435.000,435.000,66.00,1
436.000,436.000,40.00,13715
437.000,437.000,40.00,103402
438.000,438.000,40.00,108229
439.000,439.000,40.00,181011
441.000,441.000,40.00,168196
442.000,442.000,40.00,183866
443.000,443.000,40.00,142088
444.000,444.000,40.00,162783
445.000,445.000,40.00,129217
446.000,446.000,40.00,168135
448.000,448.000,40.00,129269
449.000,449.000,40.00,5683
449.000,449.000,69.00,5683
450.000,450.000,40.00,14467
451.000,451.000,40.00,17325
452.000,452.000,40.00,17813
454.000,454.000,40.00,17266
455.000,455.000,40.00,17543
456.000,456.000,40.00,16170
457.000,457.000,40.00,16774
458.000,458.000,40.00,17428
459.000,459.000,40.00,17383
462.000,462.000,40.00,4792
463.000,463.000,68.00,4792
463.000,463.000,40.00,114
464.000,464.000,40.00,16404
465.000,465.000,40.00,17384
467.000,467.000,40.00,15594
468.000,468.000,40.00,18166
469.000,469.000,40.00,16946
470.000,470.000,40.00,17589
471.000,471.000,40.00,28712
472.000,472.000,40.00,65101
474.000,474.000,40.00,62820
475.000,475.000,40.00,69348
476.000,476.000,40.00,2877
476.000,476.000,69.00,2877
477.000,477.000,40.00,4824
478.000,478.000,40.00,18043
479.000,479.000,40.00,17449
481.000,481.000,40.00,19171
482.000,482.000,40.00,19239
483.000,483.000,40.00,18873
484.000,484.000,40.00,18209
485.000,485.000,40.00,17755
487.000,487.000,40.00,18187
488.000,488.000,40.00,19071
489.000,489.000,40.00,16392
490.000,490.000,40.00,1
490.000,490.000,68.00,1
491.000,491.000,40.00,7544
492.000,492.000,40.00,16701
494.000,494.000,40.00,17257
495.000,495.000,40.00,15561
496.000,496.000,40.00,16559
497.000,497.000,40.00,17268
498.000,498.000,40.00,16594
500.000,500.000,40.00,16652
501.000,501.000,40.00,16712
503.000,503.000,40.00,17951
503.000,503.000,40.00,11462
504.000,504.000,40.00,2
504.000,504.000,67.00,2
505.000,505.000,40.00,16293
507.000,507.000,40.00,21741
508.000,508.000,40.00,23415
509.000,509.000,40.00,21989
510.000,510.000,40.00,19893
511.000,511.000,40.00,21206
512.000,512.000,40.00,18708
514.000,514.000,40.00,19576
515.000,515.000,40.00,19533
517.000,517.000,40.00,12716
518.000,518.000,71.00,12716
518.000,518.000,40.00,595
520.000,520.000,40.00,17618
521.000,521.000,40.00,16249
522.000,522.000,40.00,16035
523.000,523.000,40.00,16742
524.000,524.000,40.00,16342
526.000,526.000,40.00,16662
527.000,527.000,40.00,16931
528.000,528.000,40.00,16390
529.000,529.000,40.00,16452
531.000,531.000,40.00,592
532.000,532.000,66.00,592
533.000,533.000,40.00,3940
534.000,534.000,40.00,16216
535.000,535.000,40.00,17035
536.000,536.000,40.00,16503
537.000,537.000,40.00,16017
538.000,538.000,40.00,16388
540.000,540.000,40.00,17204
541.000,541.000,40.00,17402
542.000,542.000,40.00,16856
543.000,543.000,40.00,17045
545.000,545.000,40.00,0
546.000,546.000,70.00,0
546.000,546.000,40.00,9036
548.000,548.000,40.00,68027
549.000,549.000,40.00,79397
550.000,550.000,40.00,65886
551.000,551.000,40.00,64254
552.000,552.000,40.00,82213
554.000,554.000,40.00,83431
555.000,555.000,40.00,102634
556.000,556.000,40.00,89416
557.000,557.000,40.00,109171
558.000,558.000,40.00,100483
559.000,559.000,40.00,5212
560.000,560.000,68.00,5212
561.000,561.000,40.00,12025
562.000,562.000,40.00,18567
563.000,563.000,40.00,18262
564.000,564.000,40.00,17609
565.000,565.000,40.00,18387
566.000,566.000,40.00,77846
568.000,568.000,40.00,77740
569.000,569.000,40.00,74165
570.000,570.000,40.00,54268
571.000,571.000,40.00,85176
572.000,572.000,40.00,80785
574.000,574.000,40.00,2
574.000,574.000,67.00,2
575.000,575.000,40.00,14339
576.000,576.000,40.00,16835
577.000,577.000,40.00,28136
578.000,578.000,40.00,73648
579.000,579.000,40.00,78639
580.000,580.000,40.00,39194
582.000,582.000,40.00,74776
583.000,583.000,40.00,83759
584.000,584.000,40.00,91953
585.000,585.000,40.00,91078
586.000,586.000,40.00,51573
587.000,587.000,67.00,51573
588.000,588.000,40.00,3461
589.000,589.000,40.00,16772
590.000,590.000,40.00,36766
591.000,591.000,40.00,82748
592.000,592.000,40.00,76331
593.000,593.000,40.00,71863
595.000,595.000,40.00,57146
596.000,596.000,40.00,68033
597.000,597.000,40.00,71384
598.000,598.000,40.00,73323
600.000,600.000,40.00,64701
601.000,601.000,68.00,64701
602.000,602.000,40.00,258
603.000,603.000,40.00,39803
604.000,604.000,40.00,60054
605.000,605.000,40.00,43158
606.000,606.000,40.00,42083
607.000,607.000,40.00,46575
609.000,609.000,40.00,63094
610.000,610.000,40.00,61471
611.000,611.000,40.00,77108
612.000,612.000,40.00,63769
614.000,614.000,40.00,47836
615.000,615.000,67.00,47836
616.000,616.000,40.00,2559
617.000,617.000,40.00,23459
618.000,618.000,40.00,54368
619.000,619.000,40.00,50348
620.000,620.000,40.00,59244
621.000,621.000,40.00,48972
623.000,623.000,40.00,79967
624.000,624.000,40.00,70971
625.000,625.000,40.00,74030
626.000,626.000,40.00,82556
628.000,628.000,40.00,5356
629.000,629.000,72.00,5356
630.000,630.000,40.00,3503
631.000,631.000,40.00,17590
632.000,632.000,40.00,38777
633.000,633.000,40.00,48791
634.000,634.000,40.00,54173
635.000,635.000,40.00,52703
637.000,637.000,40.00,57336
638.000,638.000,40.00,60280
639.000,639.000,40.00,61382
640.000,640.000,40.00,51111
641.000,641.000,40.00,39771
642.000,642.000,40.00,14796
643.000,643.000,66.00,14796
643.000,643.000,40.00,3404
645.000,645.000,40.00,12317
646.000,646.000,40.00,13077
647.000,647.000,40.00,10297
648.000,648.000,40.00,24240
649.000,649.000,40.00,37669
650.000,650.000,40.00,40615
652.000,652.000,40.00,45634
653.000,653.000,40.00,35107
654.000,654.000,40.00,27330
655.000,655.000,40.00,46902
655.000,655.000,40.00,46902
656.000,656.000,40.00,1793
657.000,657.000,69.00,1793
657.000,657.000,40.00,2442
658.000,658.000,40.00,12784
660.000,660.000,40.00,17747
661.000,661.000,40.00,23191
662.000,662.000,40.00,36367
663.000,663.000,40.00,42642
664.000,664.000,40.00,39855
665.000,665.000,40.00,33525
667.000,667.000,40.00,30934
668.000,668.000,40.00,40399
669.000,669.000,40.00,43973
670.000,670.000,40.00,9296
671.000,671.000,69.00,9296
671.000,671.000,40.00,2249
672.000,672.000,40.00,32376
673.000,673.000,40.00,124999
675.000,675.000,40.00,233089
676.000,676.000,40.00,266316
677.000,677.000,40.00,211055
678.000,678.000,40.00,251042
679.000,679.000,40.00,209954
680.000,680.000,40.00,166336
681.000,681.000,40.00,113784
683.000,683.000,40.00,117427
684.000,684.000,40.00,5736
684.000,684.000,71.00,5736
685.000,685.000,40.00,11836
686.000,686.000,40.00,178634
687.000,687.000,40.00,236168
688.000,688.000,40.00,241605
690.000,690.000,40.00,250376
691.000,691.000,40.00,217816
692.000,692.000,40.00,214567
693.000,693.000,40.00,181097
694.000,694.000,40.00,198867
695.000,695.000,40.00,186625
698.000,698.000,40.00,103836
698.000,698.000,68.00,103836
699.000,699.000,40.00,3541
700.000,700.000,40.00,17401
701.000,701.000,40.00,18940
702.000,702.000,40.00,19534
703.000,703.000,40.00,18181
705.000,705.000,40.00,17536
706.000,706.000,40.00,18119
707.000,707.000,40.00,18044
708.000,708.000,40.00,18189
709.000,709.000,40.00,18901
710.000,710.000,40.00,19166
712.000,712.000,40.00,0
712.000,712.000,69.00,0
713.000,713.000,40.00,5404
714.000,714.000,40.00,18419
715.000,715.000,40.00,39781
716.000,716.000,40.00,116297
717.000,717.000,40.00,105304
719.000,719.000,40.00,118802
720.000,720.000,40.00,107985
721.000,721.000,40.00,179123
722.000,722.000,40.00,220859
723.000,723.000,40.00,206444
724.000,724.000,40.00,193335
725.000,725.000,40.00,6963
726.000,726.000,71.00,6963
726.000,726.000,40.00,9985
728.000,728.000,40.00,19789
729.000,729.000,40.00,19565
730.000,730.000,40.00,19294
731.000,731.000,40.00,20844
732.000,732.000,40.00,20482
733.000,733.000,40.00,31194
734.000,734.000,40.00,43005
735.000,735.000,40.00,46932
736.000,736.000,40.00,51948
739.000,739.000,40.00,22131
740.000,740.000,69.00,2
740.000,740.000,40.00,2
741.000,741.000,40.00,18558
742.000,742.000,40.00,18693
743.000,743.000,40.00,18502
745.000,745.000,40.00,18820
746.000,746.000,40.00,18179
747.000,747.000,40.00,25244
748.000,748.000,40.00,37261
749.000,749.000,40.00,43155
751.000,751.000,40.00,49192
753.000,753.000,40.00,30956
753.000,753.000,69.00,30956
754.000,754.000,40.00,7529
755.000,755.000,40.00,36222
757.000,757.000,40.00,105286
758.000,758.000,40.00,203371
759.000,759.000,40.00,257088
760.000,760.000,40.00,216644
761.000,761.000,40.00,222251
762.000,762.000,40.00,180415
763.000,763.000,40.00,261670
764.000,764.000,40.00,244627
767.000,767.000,40.00,16338
767.000,767.000,68.00,16338
768.000,768.000,40.00,2065
769.000,769.000,40.00,53366
770.000,770.000,40.00,139487
771.000,771.000,40.00,157140
772.000,772.000,40.00,187775
774.000,774.000,40.00,247843
775.000,775.000,40.00,285890
776.000,776.000,40.00,291248
777.000,777.000,40.00,272181
778.000,778.000,40.00,270056
780.000,780.000,40.00,55068
781.000,781.000,68.00,2
781.000,781.000,40.00,2
782.000,782.000,40.00,75367
784.000,784.000,40.00,187474
785.000,785.000,40.00,199397
786.000,786.000,40.00,241119
787.000,787.000,40.00,268022
788.000,788.000,40.00,301270
789.000,789.000,40.00,307302
790.000,790.000,40.00,258077
791.000,791.000,40.00,255322
794.000,794.000,40.00,263933
795.000,795.000,40.00,2
795.000,795.000,73.00,2
796.000,796.000,40.00,12010
797.000,797.000,40.00,16166
798.000,798.000,40.00,19497
800.000,800.000,40.00,50070
801.000,801.000,40.00,143411
802.000,802.000,40.00,156111
803.000,803.000,40.00,169417
804.000,804.000,40.00,103216
805.000,805.000,40.00,85285
806.000,806.000,40.00,89077
808.000,808.000,40.00,56695
809.000,809.000,68.00,2
809.000,809.000,40.00,2
810.000,810.000,40.00,25614
811.000,811.000,40.00,99896
812.000,812.000,40.00,105671
814.000,814.000,40.00,107959
815.000,815.000,40.00,114815
816.000,816.000,40.00,159141
817.000,817.000,40.00,201701
818.000,818.000,40.00,172907
819.000,819.000,40.00,222631
820.000,820.000,40.00,218903
821.000,821.000,40.00,113005
823.000,823.000,40.00,2
823.000,823.000,68.00,2
824.000,824.000,40.00,67412
825.000,825.000,40.00,227211
826.000,826.000,40.00,243034
827.000,827.000,40.00,263877
828.000,828.000,40.00,281700
829.000,829.000,40.00,252861
830.000,830.000,40.00,248353
832.000,832.000,40.00,203935
833.000,833.000,40.00,270812
834.000,834.000,40.00,221993
835.000,835.000,40.00,221660
836.000,836.000,40.00,0
836.000,836.000,76.00,0
837.000,837.000,40.00,8496
838.000,838.000,40.00,17584
840.000,840.000,40.00,18191
841.000,841.000,40.00,18964
842.000,842.000,40.00,18622
843.000,843.000,40.00,18332
844.000,844.000,40.00,17714
846.000,846.000,40.00,18222
847.000,847.000,40.00,19156
848.000,848.000,40.00,83660
849.000,849.000,40.00,97582
850.000,850.000,40.00,2
850.000,850.000,71.00,2
851.000,851.000,40.00,12829
853.000,853.000,40.00,18534
854.000,854.000,40.00,18943
855.000,855.000,40.00,19399
856.000,856.000,40.00,18488
857.000,857.000,40.00,18366
858.000,858.000,40.00,19193
860.000,860.000,40.00,19805
861.000,861.000,40.00,19215
863.000,863.000,40.00,10624
864.000,864.000,68.00,2
864.000,864.000,40.00,2
865.000,865.000,40.00,21503
867.000,867.000,40.00,22156
868.000,868.000,40.00,22236
869.000,869.000,40.00,19934
870.000,870.000,40.00,19719
871.000,871.000,40.00,21165
873.000,873.000,40.00,20757
874.000,874.000,40.00,20455
875.000,875.000,40.00,21860
877.000,877.000,40.00,9764
878.000,878.000,71.00,9764
879.000,879.000,40.00,10553
880.000,880.000,40.00,19970
881.000,881.000,40.00,20495
882.000,882.000,40.00,21914
883.000,883.000,40.00,22363
884.000,884.000,40.00,19280
886.000,886.000,40.00,21967
887.000,887.000,40.00,22275
888.000,888.000,40.00,23459
889.000,889.000,40.00,21740
890.000,890.000,40.00,21704
890.000,890.000,40.00,21704
892.000,892.000,40.00,0
892.000,892.000,65.00,0
893.000,893.000,40.00,8583
894.000,894.000,40.00,21570
895.000,895.000,40.00,21409
896.000,896.000,40.00,23203
897.000,897.000,40.00,19547
899.000,899.000,40.00,20904
900.000,900.000,40.00,20602
901.000,901.000,40.00,38697
902.000,902.000,40.00,118361
903.000,903.000,40.00,158701
905.000,905.000,40.00,124396
906.000,906.000,40.00,2
906.000,906.000,69.00,2
907.000,907.000,40.00,11427
908.000,908.000,40.00,19164
909.000,909.000,40.00,17592
910.000,910.000,40.00,19549
911.000,911.000,40.00,65307
913.000,913.000,40.00,71535
914.000,914.000,40.00,77175
915.000,915.000,40.00,76846
916.000,916.000,40.00,73663
917.000,917.000,40.00,74595
919.000,919.000,40.00,45763
920.000,920.000,40.00,2
920.000,920.000,68.00,2
921.000,921.000,40.00,18957
922.000,922.000,40.00,22011
923.000,923.000,40.00,21410
924.000,924.000,40.00,18636
926.000,926.000,40.00,19899
927.000,927.000,40.00,50232
928.000,928.000,40.00,96785
929.000,929.000,40.00,114595
930.000,930.000,40.00,221431
931.000,931.000,40.00,270848
933.000,933.000,40.00,79913
934.000,934.000,68.00,2
934.000,934.000,40.00,2
935.000,935.000,40.00,27731
936.000,936.000,40.00,106835
937.000,937.000,40.00,187827
938.000,938.000,40.00,214033
939.000,939.000,40.00,215833
941.000,941.000,40.00,178325
942.000,942.000,40.00,210552
943.000,943.000,40.00,245930
944.000,944.000,40.00,220321
945.000,945.000,40.00,235489
946.000,946.000,40.00,73010
947.000,947.000,40.00,2
947.000,947.000,67.00,2
948.000,948.000,40.00,113816
950.000,950.000,40.00,162471
951.000,951.000,40.00,107202
952.000,952.000,40.00,127589
953.000,953.000,40.00,159808
954.000,954.000,40.00,122422
955.000,955.000,40.00,108050
957.000,957.000,40.00,104366
958.000,958.000,40.00,89324
960.000,960.000,40.00,70367
961.000,961.000,40.00,2
961.000,961.000,71.00,2
962.000,962.000,40.00,39270
964.000,964.000,40.00,91544
965.000,965.000,40.00,108512
966.000,966.000,40.00,93751
967.000,967.000,40.00,112534
968.000,968.000,40.00,146878
969.000,969.000,40.00,140377
970.000,970.000,40.00,129360
972.000,972.000,40.00,66474
974.000,974.000,40.00,96584
975.000,975.000,71.00,2
975.000,975.000,40.00,2
976.000,976.000,40.00,34295
977.000,977.000,40.00,113950
979.000,979.000,40.00,176005
980.000,980.000,40.00,133089
981.000,981.000,40.00,153688
982.000,982.000,40.00,133343
983.000,983.000,40.00,103134
984.000,984.000,40.00,116815
986.000,986.000,40.00,111695
988.000,988.000,40.00,55404
989.000,989.000,69.00,2
989.000,989.000,40.00,2
990.000,990.000,40.00,16063
991.000,991.000,40.00,16490
993.000,993.000,40.00,17817
994.000,994.000,40.00,16950
995.000,995.000,40.00,16324
996.000,996.000,40.00,15667
997.000,997.000,40.00,15317
998.000,998.000,40.00,15043
1000.000,1000.000,40.00,15648
1002.000,1002.000,40.00,10949
1003.000,1003.000,71.00,10949
1003.000,1003.000,40.00,593
1004.000,1004.000,40.00,3306
1005.000,1005.000,40.00,14800
1006.000,1006.000,40.00,14014
1008.000,1008.000,40.00,16089
1009.000,1009.000,40.00,14874
1010.000,1010.000,40.00,15683
1011.000,1011.000,40.00,14685
1012.000,1012.000,40.00,14919
1014.000,1014.000,40.00,14613
1016.000,1016.000,40.00,745
1017.000,1017.000,68.00,745
1017.000,1017.000,40.00,1016
1018.000,1018.000,40.00,15707
1019.000,1019.000,40.00,36299
1021.000,1021.000,40.00,33999
1022.000,1022.000,40.00,55442
1023.000,1023.000,40.00,47379
1024.000,1024.000,40.00,51793
1025.000,1025.000,40.00,56082
1026.000,1026.000,40.00,45278
1027.000,1027.000,40.00,49834
1030.000,1030.000,40.00,4683
1030.000,1030.000,67.00,4683
1031.000,1031.000,40.00,1695
1032.000,1032.000,40.00,15085
1033.000,1033.000,40.00,13745
1034.000,1034.000,40.00,15220
1036.000,1036.000,40.00,13847
1037.000,1037.000,40.00,14595
1038.000,1038.000,40.00,36046
1039.000,1039.000,40.00,42139
1040.000,1040.000,40.00,42894
1041.000,1041.000,40.00,30600
1044.000,1044.000,40.00,4900
1044.000,1044.000,71.00,4900
1045.000,1045.000,40.00,1706
1046.000,1046.000,40.00,16370
1047.000,1047.000,40.00,25544
1048.000,1048.000,40.00,26942
1049.000,1049.000,40.00,24385
1051.000,1051.000,40.00,38811
1052.000,1052.000,40.00,49150
1053.000,1053.000,40.00,53230
1054.000,1054.000,40.00,61480
1055.000,1055.000,40.00,64561
1057.000,1057.000,40.00,60590
1058.000,1058.000,40.00,21188
1058.000,1058.000,70.00,21188
1059.000,1059.000,40.00,4072
1060.000,1060.000,40.00,20177
1061.000,1061.000,40.00,28279
1062.000,1062.000,40.00,61619
1063.000,1063.000,40.00,65563
1065.000,1065.000,40.00,82859
1066.000,1066.000,40.00,130354
1067.000,1067.000,40.00,103032
1068.000,1068.000,40.00,122559
1069.000,1069.000,40.00,100115
1070.000,1070.000,40.00,95716
1072.000,1072.000,40.00,4513
1072.000,1072.000,67.00,4513
1073.000,1073.000,40.00,4146
1074.000,1074.000,40.00,17427
1075.000,1075.000,40.00,18262
1076.000,1076.000,40.00,17698
1077.000,1077.000,40.00,18596
1079.000,1079.000,40.00,19541
1080.000,1080.000,40.00,18664
1081.000,1081.000,40.00,17425
1082.000,1082.000,40.00,18118
1083.000,1083.000,40.00,16912
1085.000,1085.000,40.00,14299
1086.000,1086.000,40.00,1
1086.000,1086.000,72.00,1
1087.000,1087.000,40.00,10905
1088.000,1088.000,40.00,16211
1089.000,1089.000,40.00,16956
1090.000,1090.000,40.00,16446
1092.000,1092.000,40.00,17095
1093.000,1093.000,40.00,17780
1094.000,1094.000,40.00,17846
1095.000,1095.000,40.00,19506
1096.000,1096.000,40.00,15411
1097.000,1097.000,40.00,20049
1099.000,1099.000,40.00,10564
1100.000,1100.000,40.00,2
1100.000,1100.000,68.00,2
1101.000,1101.000,40.00,14346
1102.000,1102.000,40.00,17275
1103.000,1103.000,40.00,19120
1105.000,1105.000,40.00,49136
1106.000,1106.000,40.00,136400
1107.000,1107.000,40.00,143216
1108.000,1108.000,40.00,133371
1109.000,1109.000,40.00,135432
1110.000,1110.000,40.00,126165
1113.000,1113.000,40.00,56966
1114.000,1114.000,69.00,56966
1114.000,1114.000,40.00,3
1115.000,1115.000,40.00,22539
1116.000,1116.000,40.00,20799
1117.000,1117.000,40.00,20614
1119.000,1119.000,40.00,23000
1120.000,1120.000,40.00,22814
1121.000,1121.000,40.00,20660
1122.000,1122.000,40.00,23335
1123.000,1123.000,40.00,22744
1125.000,1125.000,40.00,22852
1127.000,1127.000,40.00,8634
1128.000,1128.000,67.00,8634
1128.000,1128.000,40.00,1724
1129.000,1129.000,40.00,18087
1130.000,1130.000,40.00,20108
1131.000,1131.000,40.00,18985
1133.000,1133.000,40.00,19003
1134.000,1134.000,40.00,66064
1135.000,1135.000,40.00,85025
1136.000,1136.000,40.00,104958
1137.000,1137.000,40.00,100638
1139.000,1139.000,40.00,100968
1140.000,1140.000,40.00,105658
1141.000,1141.000,40.00,11292
1141.000,1141.000,69.00,11292
1142.000,1142.000,40.00,5767
1143.000,1143.000,40.00,28780
1144.000,1144.000,40.00,49939
1146.000,1146.000,40.00,49805
1147.000,1147.000,40.00,48815
1148.000,1148.000,40.00,99540
1149.000,1149.000,40.00,104128
1150.000,1150.000,40.00,99857
1151.000,1151.000,40.00,99003
1154.000,1154.000,40.00,66529
1155.000,1155.000,40.00,118
1155.000,1155.000,66.00,118
1156.000,1156.000,40.00,32610
1157.000,1157.000,40.00,65034
1158.000,1158.000,40.00,61401
1160.000,1160.000,40.00,75823
1161.000,1161.000,40.00,76205
1162.000,1162.000,40.00,66430
1163.000,1163.000,40.00,73550
1164.000,1164.000,40.00,66600
1165.000,1165.000,40.00,60813
1168.000,1168.000,40.00,48533
1169.000,1169.000,40.00,2
1169.000,1169.000,67.00,2
1170.000,1170.000,40.00,12461
1171.000,1171.000,40.00,16337
1172.000,1172.000,40.00,22931
1174.000,1174.000,40.00,69579
1175.000,1175.000,40.00,92845
1176.000,1176.000,40.00,85232
1177.000,1177.000,40.00,78856
1178.000,1178.000,40.00,68849
1180.000,1180.000,40.00,78423
1182.000,1182.000,40.00,63864
1183.000,1183.000,66.00,14
1183.000,1183.000,40.00,14
1184.000,1184.000,40.00,16119
1185.000,1185.000,40.00,15955
1186.000,1186.000,40.00,15414
1188.000,1188.000,40.00,15451
1189.000,1189.000,40.00,15534
1190.000,1190.000,40.00,17797
1191.000,1191.000,40.00,16095
1192.000,1192.000,40.00,14810
1193.000,1193.000,40.00,15437
1195.000,1195.000,40.00,15129
1196.000,1196.000,40.00,11157
1197.000,1197.000,66.00,11157
1197.000,1197.000,40.00,926
1198.000,1198.000,40.00,18599
1199.000,1199.000,40.00,19170
1200.000,1200.000,40.00,19269
1202.000,1202.000,40.00,18394
1203.000,1203.000,40.00,16795
1204.000,1204.000,40.00,17311
1205.000,1205.000,40.00,18660
1206.000,1206.000,40.00,19901
1207.000,1207.000,40.00,18171
1210.000,1210.000,40.00,11932
1211.000,1211.000,68.00,11932
1211.000,1211.000,40.00,774
1212.000,1212.000,40.00,16366
1213.000,1213.000,40.00,46673
1214.000,1214.000,40.00,72729
1216.000,1216.000,40.00,60565
1217.000,1217.000,40.00,58442
1218.000,1218.000,40.00,82903
1219.000,1219.000,40.00,45390
1220.000,1220.000,40.00,58480
1221.000,1221.000,40.00,85514
1224.000,1224.000,40.00,67636
1224.000,1224.000,68.00,67636
1225.000,1225.000,40.00,4051
1226.000,1226.000,40.00,16725
1227.000,1227.000,40.00,18042
1228.000,1228.000,40.00,30986
1230.000,1230.000,40.00,43897
1231.000,1231.000,40.00,28429
1232.000,1232.000,40.00,47852
1233.000,1233.000,40.00,64496
1234.000,1234.000,40.00,62303
1235.000,1235.000,40.00,49425
1237.000,1237.000,40.00,65386
1238.000,1238.000,40.00,2581
1238.000,1238.000,68.00,2581
1239.000,1239.000,40.00,3380
1240.000,1240.000,40.00,13283
1241.000,1241.000,40.00,10854
1242.000,1242.000,40.00,12098
1243.000,1243.000,40.00,12032
1245.000,1245.000,40.00,12643
1246.000,1246.000,40.00,10452
1247.000,1247.000,40.00,12604
1248.000,1248.000,40.00,20859
1249.000,1249.000,40.00,30617
1251.000,1251.000,40.00,4797
1252.000,1252.000,65.00,4797
1253.000,1253.000,40.00,2917
1254.000,1254.000,40.00,13278
1255.000,1255.000,40.00,12987
1256.000,1256.000,40.00,13716
1257.000,1257.000,40.00,12825
1258.000,1258.000,40.00,10480
1260.000,1260.000,40.00,9270
1261.000,1261.000,40.00,11164
1262.000,1262.000,40.00,12435
1263.000,1263.000,40.00,14147
1265.000,1265.000,40.00,0
1266.000,1266.000,68.00,0
1267.000,1267.000,40.00,3056
1268.000,1268.000,40.00,11069
1269.000,1269.000,40.00,10607
1270.000,1270.000,40.00,16655
1271.000,1271.000,40.00,41739
1272.000,1272.000,40.00,57657
1274.000,1274.000,40.00,74311
1275.000,1275.000,40.00,37671
1276.000,1276.000,40.00,38325
1277.000,1277.000,40.00,34891
1279.000,1279.000,40.00,4166
1280.000,1280.000,69.00,4166
1281.000,1281.000,40.00,6408
1282.000,1282.000,40.00,11539
1283.000,1283.000,40.00,13975
1284.000,1284.000,40.00,12641
1285.000,1285.000,40.00,16816
1286.000,1286.000,40.00,33934
1287.000,1287.000,40.00,37613
1289.000,1289.000,40.00,40871
1290.000,1290.000,40.00,43335
1291.000,1291.000,40.00,55222
1292.000,1292.000,40.00,73947
1293.000,1293.000,40.00,1
1294.000,1294.000,67.00,1
1294.000,1294.000,40.00,4985
1296.000,1296.000,40.00,13058
1297.000,1297.000,40.00,8280
1298.000,1298.000,40.00,8953
1299.000,1299.000,40.00,11055
1300.000,1300.000,40.00,12291
1301.000,1301.000,40.00,11583
1303.000,1303.000,40.00,11075
1304.000,1304.000,40.00,12575
1305.000,1305.000,40.00,11347
1306.000,1306.000,40.00,14982
1307.000,1307.000,40.00,0
1308.000,1308.000,70.00,0
1308.000,1308.000,40.00,1
1309.000,1309.000,40.00,0
1311.000,1311.000,40.00,7016
1312.000,1312.000,40.00,13552
1313.000,1313.000,40.00,26104
1314.000,1314.000,40.00,43559
1315.000,1315.000,40.00,48379
1316.000,1316.000,40.00,40165
1318.000,1318.000,40.00,38380
1319.000,1319.000,40.00,40009
1320.000,1320.000,40.00,22309
1321.000,1321.000,40.00,1
1321.000,1321.000,68.00,1
1322.000,1322.000,40.00,5009
1323.000,1323.000,40.00,10785
1325.000,1325.000,40.00,11582
1326.000,1326.000,40.00,9694
1327.000,1327.000,40.00,8669
1328.000,1328.000,40.00,9594
1329.000,1329.000,40.00,10111
1330.000,1330.000,40.00,11030
1332.000,1332.000,40.00,8607
1334.000,1334.000,40.00,12135
1334.000,1334.000,40.00,8322
1335.000,1335.000,40.00,0
1335.000,1335.000,68.00,0
1336.000,1336.000,40.00,6504
1337.000,1337.000,40.00,14861
1338.000,1338.000,40.00,23642
1340.000,1340.000,40.00,21435
1341.000,1341.000,40.00,17916
1342.000,1342.000,40.00,26923
1343.000,1343.000,40.00,27959
1344.000,1344.000,40.00,42388
1345.000,1345.000,40.00,69968
1346.000,1346.000,40.00,61133
1348.000,1348.000,40.00,57990
1349.000,1349.000,40.00,11403
1349.000,1349.000,66.00,11403
1350.000,1350.000,40.00,7394
1351.000,1351.000,40.00,14076
1352.000,1352.000,40.00,17026
1353.000,1353.000,40.00,17651
1354.000,1354.000,40.00,17596
1356.000,1356.000,40.00,17479
1357.000,1357.000,40.00,16830
1358.000,1358.000,40.00,17012
1359.000,1359.000,40.00,17768
1360.000,1360.000,40.00,16880
1362.000,1362.000,40.00,15446
1363.000,1363.000,40.00,1171
1363.000,1363.000,67.00,1171
1364.000,1364.000,40.00,18410
1365.000,1365.000,40.00,53785
1366.000,1366.000,40.00,92789
1367.000,1367.000,40.00,111012
1369.000,1369.000,40.00,101842
1370.000,1370.000,40.00,86109
1371.000,1371.000,40.00,89863
1372.000,1372.000,40.00,90138
1373.000,1373.000,40.00,97165
1374.000,1374.000,40.00,108274
1376.000,1376.000,40.00,74983
1377.000,1377.000,40.00,2
1377.000,1377.000,68.00,2
1378.000,1378.000,40.00,12039
1379.000,1379.000,40.00,63728
1380.000,1380.000,40.00,82187
1381.000,1381.000,40.00,91389
1383.000,1383.000,40.00,104279
1384.000,1384.000,40.00,105103
1385.000,1385.000,40.00,97208
1386.000,1386.000,40.00,102522
1387.000,1387.000,40.00,110293
1388.000,1388.000,40.00,105127
1390.000,1390.000,40.00,78136
1391.000,1391.000,67.00,2
1391.000,1391.000,40.00,2
1392.000,1392.000,40.00,20513
1393.000,1393.000,40.00,23008
1394.000,1394.000,40.00,21049
1395.000,1395.000,40.00,50956
1396.000,1396.000,40.00,83888
1398.000,1398.000,40.00,85791
1399.000,1399.000,40.00,102537
1400.000,1400.000,40.00,98827
1401.000,1401.000,40.00,97409
1402.000,1402.000,40.00,90658
1403.000,1403.000,40.00,73227
1405.000,1405.000,67.00,2
1405.000,1405.000,40.00,2
1406.000,1406.000,40.00,23141
1407.000,1407.000,40.00,47996
1408.000,1408.000,40.00,48494
1409.000,1409.000,40.00,64557
1410.000,1410.000,40.00,64705
1412.000,1412.000,40.00,62828
1413.000,1413.000,40.00,84258
1414.000,1414.000,40.00,100297
1415.000,1415.000,40.00,94842
1416.000,1416.000,40.00,91477
1417.000,1417.000,40.00,36534
1418.000,1418.000,71.00,36534
1419.000,1419.000,40.00,337
1420.000,1420.000,40.00,32785
1421.000,1421.000,40.00,70542
1422.000,1422.000,40.00,70602
1423.000,1423.000,40.00,79960
1424.000,1424.000,40.00,76706
1426.000,1426.000,40.00,78019
1427.000,1427.000,40.00,69489
1428.000,1428.000,40.00,69337
1429.000,1429.000,40.00,45813
1431.000,1431.000,40.00,12202
1432.000,1432.000,66.00,12202
1433.000,1433.000,40.00,1124
1434.000,1434.000,40.00,15900
1435.000,1435.000,40.00,15247
1436.000,1436.000,40.00,16377
1437.000,1437.000,40.00,19651
1438.000,1438.000,40.00,51861
1440.000,1440.000,40.00,61594
1441.000,1441.000,40.00,72493
1442.000,1442.000,40.00,79332
1443.000,1443.000,40.00,84772
1445.000,1445.000,40.00,36992
1446.000,1446.000,70.00,36992
1447.000,1447.000,40.00,3888
1448.000,1448.000,40.00,66481
1449.000,1449.000,40.00,83501
1450.000,1450.000,40.00,79033
1451.000,1451.000,40.00,94878
1452.000,1452.000,40.00,94132
1454.000,1454.000,40.00,79447
1455.000,1455.000,40.00,84815
1456.000,1456.000,40.00,81595
1457.000,1457.000,40.00,77932
1458.000,1458.000,40.00,79586
1459.000,1459.000,40.00,11984
1460.000,1460.000,67.00,11984
1461.000,1461.000,40.00,5195
1462.000,1462.000,40.00,14387
1463.000,1463.000,40.00,32169
1464.000,1464.000,40.00,54186
1465.000,1465.000,40.00,57701
1466.000,1466.000,40.00,51564
1468.000,1468.000,40.00,55510
1469.000,1469.000,40.00,43734
1470.000,1470.000,40.00,63539
1471.000,1471.000,40.00,85484
1472.000,1472.000,40.00,95402
1472.000,1472.000,40.00,95402
1473.000,1473.000,40.00,10698
1474.000,1474.000,67.00,10698
1474.000,1474.000,40.00,6915
1476.000,1476.000,40.00,40800
1477.000,1477.000,40.00,50886
1478.000,1478.000,40.00,83546
1479.000,1479.000,40.00,76470
1480.000,1480.000,40.00,86319
1481.000,1481.000,40.00,91721
1483.000,1483.000,40.00,65894
1484.000,1484.000,40.00,69314
1485.000,1485.000,40.00,70274
1486.000,1486.000,40.00,57916
1487.000,1487.000,40.00,1
1488.000,1488.000,69.00,1
1488.000,1488.000,40.00,7085
1490.000,1490.000,40.00,34475
1491.000,1491.000,40.00,57364
1492.000,1492.000,40.00,71113
1493.000,1493.000,40.00,67959
1494.000,1494.000,40.00,86445
1495.000,1495.000,40.00,90595
1497.000,1497.000,40.00,79451
1498.000,1498.000,40.00,82758
1499.000,1499.000,40.00,71346
1500.000,1500.000,40.00,89465
1501.000,1501.000,40.00,1
1501.000,1501.000,68.00,1
1502.000,1502.000,40.00,9661
1503.000,1503.000,40.00,18327
1505.000,1505.000,40.00,18308
1506.000,1506.000,40.00,17727
1507.000,1507.000,40.00,20283
1508.000,1508.000,40.00,79420
1509.000,1509.000,40.00,62727
1510.000,1510.000,40.00,75784
1512.000,1512.000,40.00,64775
1514.000,1514.000,40.00,82098
1515.000,1515.000,40.00,472
1515.000,1515.000,71.00,472
1516.000,1516.000,40.00,11610
1517.000,1517.000,40.00,43228
1519.000,1519.000,40.00,63682
1520.000,1520.000,40.00,56080
1521.000,1521.000,40.00,94275
1522.000,1522.000,40.00,73454
1523.000,1523.000,40.00,43985
1525.000,1525.000,40.00,56271
1526.000,1526.000,40.00,73832
1528.000,1528.000,40.00,39472
1529.000,1529.000,68.00,2
1529.000,1529.000,40.00,2
1530.000,1530.000,40.00,12582
1532.000,1532.000,40.00,37917
1533.000,1533.000,40.00,51580
1534.000,1534.000,40.00,59329
1535.000,1535.000,40.00,47036
1536.000,1536.000,40.00,72242
1537.000,1537.000,40.00,77613
1539.000,1539.000,40.00,80380
1540.000,1540.000,40.00,79033
1542.000,1542.000,40.00,54585
1543.000,1543.000,69.00,2
1543.000,1543.000,40.00,2
1544.000,1544.000,40.00,14349
1546.000,1546.000,40.00,14356
1547.000,1547.000,40.00,10783
1548.000,1548.000,40.00,25554
1549.000,1549.000,40.00,40898
1550.000,1550.000,40.00,45494
1551.000,1551.000,40.00,43909
1552.000,1552.000,40.00,52577
1554.000,1554.000,40.00,68233
1556.000,1556.000,40.00,36483
1557.000,1557.000,67.00,36483
1557.000,1557.000,40.00,114
1558.000,1558.000,40.00,12356
1559.000,1559.000,40.00,11665
1561.000,1561.000,40.00,18118
1562.000,1562.000,40.00,48682
1563.000,1563.000,40.00,19266
1564.000,1564.000,40.00,60273
1565.000,1565.000,40.00,46057
1566.000,1566.000,40.00,46865
1568.000,1568.000,40.00,48621
1570.000,1570.000,40.00,51107
1571.000,1571.000,67.00,51107
1571.000,1571.000,40.00,1443
1572.000,1572.000,40.00,7322
1573.000,1573.000,40.00,7318
1574.000,1574.000,40.00,11715
1576.000,1576.000,40.00,11820
1577.000,1577.000,40.00,5825
1578.000,1578.000,40.00,10598
1579.000,1579.000,40.00,19901
1580.000,1580.000,40.00,26089
1581.000,1581.000,40.00,25169
1584.000,1584.000,40.00,12237
1585.000,1585.000,69.00,12237
1585.000,1585.000,40.00,3
1586.000,1586.000,40.00,8347
1587.000,1587.000,40.00,9650
1588.000,1588.000,40.00,10776
1589.000,1589.000,40.00,4434
1591.000,1591.000,40.00,9766
1592.000,1592.000,40.00,7841
1593.000,1593.000,40.00,8184
1594.000,1594.000,40.00,4621
1595.000,1595.000,40.00,6582
1596.000,1596.000,40.00,7559
1598.000,1598.000,40.00,2624
1599.000,1599.000,68.00,2624
1599.000,1599.000,40.00,3
1600.000,1600.000,40.00,5225
1601.000,1601.000,40.00,4672
1602.000,1602.000,40.00,4896
1603.000,1603.000,40.00,6758
1604.000,1604.000,40.00,9327
1606.000,1606.000,40.00,6517
1607.000,1607.000,40.00,7310
1608.000,1608.000,40.00,5852
1609.000,1609.000,40.00,4228
1610.000,1610.000,40.00,7778
1611.000,1611.000,40.00,3467
1612.000,1612.000,69.00,2
1612.000,1612.000,40.00,2
1614.000,1614.000,40.00,5169
1615.000,1615.000,40.00,7706
1616.000,1616.000,40.00,5805
1617.000,1617.000,40.00,10999
1618.000,1618.000,40.00,13655
1619.000,1619.000,40.00,18323
1621.000,1621.000,40.00,24354
1622.000,1622.000,40.00,20588
1623.000,1623.000,40.00,8251
1625.000,1625.000,40.00,913
1626.000,1626.000,40.00,1795
1628.000,1628.000,40.00,0
1629.000,1629.000,40.00,0
1630.000,1630.000,40.00,1494
1631.000,1631.000,40.00,0
1632.000,1632.000,40.00,0
1632.000,1632.000,40.00,0
1633.000,1633.000,40.00,0
1635.000,1635.000,40.00,0
1636.000,1636.000,40.00,0
1637.000,1637.000,40.00,0
1638.000,1638.000,40.00,359
1639.000,1639.000,40.00,397
1641.000,1641.000,40.00,111
1642.000,1642.000,40.00,166
1643.000,1643.000,40.00,289
1645.000,1645.000,40.00,145
1646.000,1646.000,40.00,145
1646.000,1646.000,40.00,90
1648.000,1648.000,40.00,180
1649.000,1649.000,40.00,123
1650.000,1650.000,40.00,212
1651.000,1651.000,40.00,167
1652.000,1652.000,40.00,156
1654.000,1654.000,40.00,201
1655.000,1655.000,40.00,134
1656.000,1656.000,40.00,111
1657.000,1657.000,40.00,256
1659.000,1659.000,40.00,245
1661.000,1661.000,40.00,234
1662.000,1662.000,40.00,111
1663.000,1663.000,40.00,55
1664.000,1664.000,40.00,0
1665.000,1665.000,40.00,2
1666.000,1666.000,70.00,2
1667.000,1667.000,40.00,67654
1668.000,1668.000,40.00,145790
1669.000,1669.000,40.00,148796
1670.000,1670.000,40.00,142121
1671.000,1671.000,40.00,142723
1672.000,1672.000,40.00,140235
1674.000,1674.000,40.00,150239
1675.000,1675.000,40.00,152674
1676.000,1676.000,40.00,141706
1677.000,1677.000,40.00,144476
1678.000,1678.000,40.00,58137
1679.000,1679.000,68.00,58137
1680.000,1680.000,40.00,2
1681.000,1681.000,40.00,25972
1682.000,1682.000,40.00,25954
1683.000,1683.000,40.00,23990
1684.000,1684.000,40.00,24104
1685.000,1685.000,40.00,24033
1687.000,1687.000,40.00,24066
1688.000,1688.000,40.00,23213
1689.000,1689.000,40.00,25421
1690.000,1690.000,40.00,24203
1692.000,1692.000,40.00,0
1693.000,1693.000,66.00,0
1694.000,1694.000,40.00,2887
1695.000,1695.000,40.00,30330
1696.000,1696.000,40.00,123062
1697.000,1697.000,40.00,183618
1698.000,1698.000,40.00,184701
1699.000,1699.000,40.00,198218
1700.000,1700.000,40.00,137672
1702.000,1702.000,40.00,182813
1703.000,1703.000,40.00,194661
1704.000,1704.000,40.00,213773
1706.000,1706.000,40.00,127470
1707.000,1707.000,40.00,47101
1707.000,1707.000,68.00,47101
1708.000,1708.000,40.00,20784
1709.000,1709.000,40.00,23861
1710.000,1710.000,40.00,26512
1711.000,1711.000,40.00,133410
1713.000,1713.000,40.00,160985
1714.000,1714.000,40.00,182518
1715.000,1715.000,40.00,205943
1716.000,1716.000,40.00,191606
1717.000,1717.000,40.00,223524
1718.000,1718.000,40.00,220459
1720.000,1720.000,40.00,5
1721.000,1721.000,71.00,5
1721.000,1721.000,40.00,5147
1723.000,1723.000,40.00,17697
1724.000,1724.000,40.00,17840
1725.000,1725.000,40.00,65582
1726.000,1726.000,40.00,76137
1727.000,1727.000,40.00,79655
1729.000,1729.000,40.00,75865
1730.000,1730.000,40.00,69572
1731.000,1731.000,40.00,70452
1732.000,1732.000,40.00,71466
1733.000,1733.000,40.00,66712
1735.000,1735.000,40.00,2810
1735.000,1735.000,67.00,2810
1736.000,1736.000,40.00,17960
1737.000,1737.000,40.00,126634
1738.000,1738.000,40.00,291135
1739.000,1739.000,40.00,286696
1740.000,1740.000,40.00,291486
1741.000,1741.000,40.00,293166
1742.000,1742.000,40.00,219217
1744.000,1744.000,40.00,251632
1745.000,1745.000,40.00,270546
1746.000,1746.000,40.00,254769
1747.000,1747.000,40.00,253579
1748.000,1748.000,40.00,0
1749.000,1749.000,65.00,0
1749.000,1749.000,40.00,6522
1750.000,1750.000,40.00,20170
1751.000,1751.000,40.00,20038
1753.000,1753.000,40.00,41906
1754.000,1754.000,40.00,200901
1755.000,1755.000,40.00,294487
1756.000,1756.000,40.00,314122
1757.000,1757.000,40.00,321256
1758.000,1758.000,40.00,303484
1759.000,1759.000,40.00,333070
1762.000,1762.000,40.00,44850
1762.000,1762.000,66.00,44850
1763.000,1763.000,40.00,6027
1764.000,1764.000,40.00,104632
1765.000,1765.000,40.00,316539
1766.000,1766.000,40.00,283312
1767.000,1767.000,40.00,272009
1768.000,1768.000,40.00,310254
1770.000,1770.000,40.00,289479
1771.000,1771.000,40.00,292672
1772.000,1772.000,40.00,290695
1773.000,1773.000,40.00,288208
1775.000,1775.000,40.00,149667
1776.000,1776.000,68.00,2
1776.000,1776.000,40.00,2
1777.000,1777.000,40.00,53409
1779.000,1779.000,40.00,240210
1780.000,1780.000,40.00,197795
1781.000,1781.000,40.00,185558
1782.000,1782.000,40.00,196747
1783.000,1783.000,40.00,185082
1784.000,1784.000,40.00,198727
1785.000,1785.000,40.00,162002
1787.000,1787.000,40.00,127960
1789.000,1789.000,40.00,86517
1790.000,1790.000,69.00,2
1790.000,1790.000,40.00,2
1791.000,1791.000,40.00,28459
1792.000,1792.000,40.00,144961
1794.000,1794.000,40.00,287994
1795.000,1795.000,40.00,303253
1796.000,1796.000,40.00,283575
1797.000,1797.000,40.00,199207
1798.000,1798.000,40.00,186371
1799.000,1799.000,40.00,170431
1800.000,1800.000,40.00,189008
1803.000,1803.000,40.00,119766
1804.000,1804.000,40.00,2
1804.000,1804.000,69.00,2
1805.000,1805.000,40.00,21068
1806.000,1806.000,40.00,58603
1807.000,1807.000,40.00,55571
1808.000,1808.000,40.00,53231
1810.000,1810.000,40.00,71274
1811.000,1811.000,40.00,245176
1812.000,1812.000,40.00,273722
1813.000,1813.000,40.00,280511
1814.000,1814.000,40.00,275575
1815.000,1815.000,40.00,179564
1816.000,1816.000,40.00,160598
1818.000,1818.000,40.00,1
1818.000,1818.000,69.00,1
1819.000,1819.000,40.00,21590
1820.000,1820.000,40.00,143241
1821.000,1821.000,40.00,306763
1822.000,1822.000,40.00,311785
1823.000,1823.000,40.00,293146
1824.000,1824.000,40.00,262681
1826.000,1826.000,40.00,242783
1827.000,1827.000,40.00,225659
1828.000,1828.000,40.00,210325
1829.000,1829.000,40.00,163796
1830.000,1830.000,40.00,145747
1831.000,1831.000,40.00,2
1832.000,1832.000,68.00,2
1833.000,1833.000,40.00,91373
1834.000,1834.000,40.00,224705
1835.000,1835.000,40.00,207588
1836.000,1836.000,40.00,217651
1837.000,1837.000,40.00,217609
1838.000,1838.000,40.00,222696
1839.000,1839.000,40.00,234043
1840.000,1840.000,40.00,226723
1842.000,1842.000,40.00,227544
1843.000,1843.000,40.00,224563
1844.000,1844.000,40.00,239379
1844.000,1844.000,40.00,239379
1845.000,1845.000,40.00,0
1845.000,1845.000,68.00,0
1846.000,1846.000,40.00,7312
1847.000,1847.000,40.00,23100
1848.000,1848.000,40.00,22656
1850.000,1850.000,40.00,24237
1851.000,1851.000,40.00,24216
1852.000,1852.000,40.00,23274
1853.000,1853.000,40.00,128007
1854.000,1854.000,40.00,150552
1855.000,1855.000,40.00,196700
1858.000,1858.000,40.00,273835
1859.000,1859.000,40.00,0
1859.000,1859.000,66.00,0
1860.000,1860.000,40.00,6205
1861.000,1861.000,40.00,22676
1862.000,1862.000,40.00,22203
1863.000,1863.000,40.00,22895
1865.000,1865.000,40.00,22941
1866.000,1866.000,40.00,22947
1867.000,1867.000,40.00,22048
1868.000,1868.000,40.00,22288
1869.000,1869.000,40.00,22405
1870.000,1870.000,40.00,22988
1872.000,1872.000,40.00,21844
1873.000,1873.000,40.00,0
1873.000,1873.000,67.00,0
1874.000,1874.000,40.00,14261
1875.000,1875.000,40.00,28878
1876.000,1876.000,40.00,31325
1877.000,1877.000,40.00,29785
1879.000,1879.000,40.00,86912
1880.000,1880.000,40.00,209735
1881.000,1881.000,40.00,234730
1882.000,1882.000,40.00,268967
1883.000,1883.000,40.00,255897
1884.000,1884.000,40.00,244838
1885.000,1885.000,40.00,214978
1887.000,1887.000,40.00,7059
1887.000,1887.000,67.00,7059
1888.000,1888.000,40.00,12556
1889.000,1889.000,40.00,28719
1890.000,1890.000,40.00,24709
1891.000,1891.000,40.00,24368
1893.000,1893.000,40.00,25044
1894.000,1894.000,40.00,25776
1895.000,1895.000,40.00,24538
1896.000,1896.000,40.00,24807
1897.000,1897.000,40.00,113493
1900.000,1900.000,40.00,154298
1901.000,1901.000,66.00,2
1901.000,1901.000,40.00,2
1902.000,1902.000,40.00,19482
1903.000,1903.000,40.00,20763
1904.000,1904.000,40.00,20590
1906.000,1906.000,40.00,21309
1907.000,1907.000,40.00,20846
1908.000,1908.000,40.00,19363
1909.000,1909.000,40.00,19113
1910.000,1910.000,40.00,19970
1912.000,1912.000,40.00,20063
1914.000,1914.000,40.00,2584
1915.000,1915.000,69.00,2584
1915.000,1915.000,40.00,114
1916.000,1916.000,40.00,20067
1917.000,1917.000,40.00,19386
1919.000,1919.000,40.00,26694
1920.000,1920.000,40.00,116458
1921.000,1921.000,40.00,259651
1922.000,1922.000,40.00,288836
1923.000,1923.000,40.00,276684
1924.000,1924.000,40.00,249204
1925.000,1925.000,40.00,274028
1928.000,1928.000,40.00,71246
1928.000,1928.000,66.00,71246
1929.000,1929.000,40.00,3389
1930.000,1930.000,40.00,93723
1931.000,1931.000,40.00,72904
1932.000,1932.000,40.00,87848
1933.000,1933.000,40.00,87098
1935.000,1935.000,40.00,188025
1936.000,1936.000,40.00,213175
1937.000,1937.000,40.00,225705
1938.000,1938.000,40.00,183318
1939.000,1939.000,40.00,159587
1940.000,1940.000,40.00,168735
1941.000,1941.000,40.00,40808
1942.000,1942.000,68.00,40808
1943.000,1943.000,40.00,113
1944.000,1944.000,40.00,18606
1945.000,1945.000,40.00,19167
1946.000,1946.000,40.00,18275
1947.000,1947.000,40.00,73244
1949.000,1949.000,40.00,92209
1950.000,1950.000,40.00,87905
1951.000,1951.000,40.00,89118
1952.000,1952.000,40.00,92045
1953.000,1953.000,40.00,87210
1955.000,1955.000,40.00,108567
1956.000,1956.000,40.00,8681
1956.000,1956.000,68.00,8681
1957.000,1957.000,40.00,11719
1958.000,1958.000,40.00,23980
1959.000,1959.000,40.00,23927
1961.000,1961.000,40.00,23849
1962.000,1962.000,40.00,23922
1963.000,1963.000,40.00,23860
1964.000,1964.000,40.00,23261
1965.000,1965.000,40.00,22257
1966.000,1966.000,40.00,23118
1969.000,1969.000,40.00,54990
1970.000,1970.000,40.00,2
1970.000,1970.000,66.00,2
1971.000,1971.000,40.00,13513
1972.000,1972.000,40.00,31808
1974.000,1974.000,40.00,89950
1975.000,1975.000,40.00,110835
1976.000,1976.000,40.00,92696
1977.000,1977.000,40.00,96224
1978.000,1978.000,40.00,108485
1979.000,1979.000,40.00,109772
1981.000,1981.000,40.00,114735
1983.000,1983.000,40.00,78453
1984.000,1984.000,68.00,78453
1984.000,1984.000,40.00,3
1985.000,1985.000,40.00,284728
1986.000,1986.000,40.00,265831
1987.000,1987.000,40.00,172840
1989.000,1989.000,40.00,158286
1990.000,1990.000,40.00,163570
1991.000,1991.000,40.00,169165
1992.000,1992.000,40.00,170846
1993.000,1993.000,40.00,166983
1994.000,1994.000,40.00,168615
1997.000,1997.000,40.00,120829
1998.000,1998.000,67.00,120829
1998.000,1998.000,40.00,3856
1999.000,1999.000,40.00,164039
2000.000,2000.000,40.00,229461
2001.000,2001.000,40.00,195184
2003.000,2003.000,40.00,176741
2004.000,2004.000,40.00,193210
2005.000,2005.000,40.00,189390
2006.000,2006.000,40.00,200412
2007.000,2007.000,40.00,198846
2008.000,2008.000,40.00,209949
2009.000,2009.000,40.00,212862
2010.000,2010.000,40.00,106033
2011.000,2011.000,68.00,2
2012.000,2012.000,40.00,2
2013.000,2013.000,40.00,20141
2014.000,2014.000,40.00,71654
2015.000,2015.000,40.00,79606
2016.000,2016.000,40.00,77509
2017.000,2017.000,40.00,115472
2019.000,2019.000,40.00,243797
2020.000,2020.000,40.00,258553
2021.000,2021.000,40.00,259072
2022.000,2022.000,40.00,252590
2023.000,2023.000,40.00,246642
2024.000,2024.000,40.00,143957
2025.000,2025.000,40.00,2
2025.000,2025.000,69.00,2
2026.000,2026.000,40.00,12345
2028.000,2028.000,40.00,19325
2029.000,2029.000,40.00,19603
2030.000,2030.000,40.00,20429
2031.000,2031.000,40.00,20094
2032.000,2032.000,40.00,51965
2034.000,2034.000,40.00,184829
2035.000,2035.000,40.00,259252
2036.000,2036.000,40.00,154338
2038.000,2038.000,40.00,156122
2039.000,2039.000,67.00,2
2039.000,2039.000,40.00,2
2040.000,2040.000,40.00,26804
2041.000,2041.000,40.00,131355
2043.000,2043.000,40.00,258615
2044.000,2044.000,40.00,191242
2045.000,2045.000,40.00,184401
2046.000,2046.000,40.00,162119
2047.000,2047.000,40.00,172833
2048.000,2048.000,40.00,175641
2049.000,2049.000,40.00,177129
2052.000,2052.000,40.00,149073
2053.000,2053.000,40.00,6484
2053.000,2053.000,67.00,6484
2054.000,2054.000,40.00,16753
2055.000,2055.000,40.00,22339
2057.000,2057.000,40.00,22505
2058.000,2058.000,40.00,112969
2059.000,2059.000,40.00,123869
2060.000,2060.000,40.00,118162
2061.000,2061.000,40.00,136282
2062.000,2062.000,40.00,138480
2064.000,2064.000,40.00,158584
2065.000,2065.000,40.00,166135
2066.000,2066.000,40.00,52705
2067.000,2067.000,66.00,52705
2067.000,2067.000,40.00,112
2068.000,2068.000,40.00,61818
2069.000,2069.000,40.00,87892
2071.000,2071.000,40.00,91736
2072.000,2072.000,40.00,85926
2073.000,2073.000,40.00,85176
2074.000,2074.000,40.00,84734
2075.000,2075.000,40.00,84750
2077.000,2077.000,40.00,77758
2078.000,2078.000,40.00,78812
2079.000,2079.000,40.00,83262
2080.000,2080.000,40.00,3673
2081.000,2081.000,67.00,3673
2081.000,2081.000,40.00,7312
2083.000,2083.000,40.00,28751
2084.000,2084.000,40.00,26707
2085.000,2085.000,40.00,29004
2086.000,2086.000,40.00,164943
2087.000,2087.000,40.00,281553
2088.000,2088.000,40.00,250234
2090.000,2090.000,40.00,283321
2091.000,2091.000,40.00,292813
2092.000,2092.000,40.00,292779
2093.000,2093.000,40.00,298694
2094.000,2094.000,40.00,0
2095.000,2095.000,68.00,0
2095.000,2095.000,40.00,17079
2096.000,2096.000,40.00,284303
2097.000,2097.000,40.00,298821
2098.000,2098.000,40.00,249924
2100.000,2100.000,40.00,212394
2101.000,2101.000,40.00,248809
2102.000,2102.000,40.00,256368
2103.000,2103.000,40.00,224976
2104.000,2104.000,40.00,238515
2105.000,2105.000,40.00,217453
2106.000,2106.000,40.00,244185
2107.000,2107.000,40.00,101128
2108.000,2108.000,66.00,2
2109.000,2109.000,40.00,2
2110.000,2110.000,40.00,28270
2111.000,2111.000,40.00,32855
2112.000,2112.000,40.00,31279
2113.000,2113.000,40.00,31107
2115.000,2115.000,40.00,31606
2116.000,2116.000,40.00,30573
2117.000,2117.000,40.00,33243
2118.000,2118.000,40.00,31933
2119.000,2119.000,40.00,32070
2121.000,2121.000,40.00,32069
2122.000,2122.000,40.00,14408
2122.000,2122.000,72.00,14408
2123.000,2123.000,40.00,16078
2124.000,2124.000,40.00,29752
2125.000,2125.000,40.00,66401
2126.000,2126.000,40.00,236650
2127.000,2127.000,40.00,263582
2128.000,2128.000,40.00,188483
2130.000,2130.000,40.00,183978
2131.000,2131.000,40.00,188784
2132.000,2132.000,40.00,205856
2133.000,2133.000,40.00,200572
2135.000,2135.000,40.00,24741
2136.000,2136.000,68.00,24741
2137.000,2137.000,40.00,1015
2138.000,2138.000,40.00,38994
2139.000,2139.000,40.00,159769
2140.000,2140.000,40.00,197682
2141.000,2141.000,40.00,240925
2142.000,2142.000,40.00,260226
2143.000,2143.000,40.00,254321
2144.000,2144.000,40.00,261630
2146.000,2146.000,40.00,229919
2147.000,2147.000,40.00,245619
2149.000,2149.000,40.00,96110
2150.000,2150.000,66.00,2
2150.000,2150.000,40.00,2
2151.000,2151.000,40.00,21734
2152.000,2152.000,40.00,21924
2154.000,2154.000,40.00,47077
2155.000,2155.000,40.00,152528
2156.000,2156.000,40.00,236470
2157.000,2157.000,40.00,246156
2158.000,2158.000,40.00,194663
2159.000,2159.000,40.00,235661
2160.000,2160.000,40.00,194472
2161.000,2161.000,40.00,246091
2163.000,2163.000,40.00,150795
2164.000,2164.000,40.00,13
2164.000,2164.000,68.00,13
2165.000,2165.000,40.00,14544
2166.000,2166.000,40.00,19960
2167.000,2167.000,40.00,17422
2169.000,2169.000,40.00,19656
2170.000,2170.000,40.00,19922
2171.000,2171.000,40.00,40952
2172.000,2172.000,40.00,76894
2173.000,2173.000,40.00,72876
2175.000,2175.000,40.00,78304
2177.000,2177.000,40.00,15392
2178.000,2178.000,68.00,15392
2178.000,2178.000,40.00,7993
2179.000,2179.000,40.00,220065
2180.000,2180.000,40.00,263644
2181.000,2181.000,40.00,235931
2183.000,2183.000,40.00,192870
2184.000,2184.000,40.00,259374
2185.000,2185.000,40.00,270006
2186.000,2186.000,40.00,226687
2187.000,2187.000,40.00,245381
2188.000,2188.000,40.00,246932
2189.000,2189.000,40.00,214452
2190.000,2190.000,40.00,169634
2192.000,2192.000,67.00,67
2192.000,2192.000,40.00,67
2193.000,2193.000,40.00,29147
2194.000,2194.000,40.00,32267
2195.000,2195.000,40.00,31732
2196.000,2196.000,40.00,41219
2198.000,2198.000,40.00,90169
2199.000,2199.000,40.00,93979
2200.000,2200.000,40.00,95973
2201.000,2201.000,40.00,102318
2202.000,2202.000,40.00,112918
2203.000,2203.000,40.00,118942
2205.000,2205.000,40.00,22640
2205.000,2205.000,67.00,22640
2206.000,2206.000,40.00,3465
2207.000,2207.000,40.00,31077
2208.000,2208.000,40.00,31191
2209.000,2209.000,40.00,30124
2211.000,2211.000,40.00,27623
2212.000,2212.000,40.00,29100
2213.000,2213.000,40.00,30710
2214.000,2214.000,40.00,30486
2215.000,2215.000,40.00,28907
2216.000,2216.000,40.00,31686
2217.000,2217.000,40.00,30273
2218.000,2218.000,40.00,30273
2219.000,2219.000,40.00,0
2219.000,2219.000,67.00,0
2220.000,2220.000,40.00,4046
2221.000,2221.000,40.00,17813
2222.000,2222.000,40.00,19099
2223.000,2223.000,40.00,20686
2225.000,2225.000,40.00,20468
2226.000,2226.000,40.00,67874
2227.000,2227.000,40.00,247765
2228.000,2228.000,40.00,207124
2229.000,2229.000,40.00,235531
2230.000,2230.000,40.00,173859
2231.000,2231.000,40.00,173859
2231.000,2231.000,40.00,200813
2232.000,2232.000,40.00,200813
2233.000,2233.000,40.00,8489
2233.000,2233.000,67.00,8489
2234.000,2234.000,40.00,44764
2235.000,2235.000,40.00,253275
2236.000,2236.000,40.00,279315
2237.000,2237.000,40.00,269369
2238.000,2238.000,40.00,274142
2239.000,2239.000,40.00,169490
2241.000,2241.000,40.00,264267
2242.000,2242.000,40.00,210178
2243.000,2243.000,40.00,243818
2244.000,2244.000,40.00,175804
2246.000,2246.000,40.00,151
2247.000,2247.000,68.00,151
2247.000,2247.000,40.00,6274
2249.000,2249.000,40.00,134361
2250.000,2250.000,40.00,239325
2251.000,2251.000,40.00,238767
2252.000,2252.000,40.00,198826
2253.000,2253.000,40.00,199547
2254.000,2254.000,40.00,227524
2255.000,2255.000,40.00,208005
2257.000,2257.000,40.00,192540
2258.000,2258.000,40.00,199068
2260.000,2260.000,40.00,45798
2261.000,2261.000,66.00,45798
2261.000,2261.000,40.00,4026
2262.000,2262.000,40.00,64556
2264.000,2264.000,40.00,104893
2265.000,2265.000,40.00,171174
2266.000,2266.000,40.00,211495
2267.000,2267.000,40.00,267518
2268.000,2268.000,40.00,257689
2269.000,2269.000,40.00,196921
2270.000,2270.000,40.00,209000
2271.000,2271.000,40.00,224781
2274.000,2274.000,40.00,64639
2275.000,2275.000,68.00,2
2275.000,2275.000,40.00,2
2276.000,2276.000,40.00,18253
2277.000,2277.000,40.00,17702
2278.000,2278.000,40.00,18716
2279.000,2279.000,40.00,16863
2281.000,2281.000,40.00,19834
2282.000,2282.000,40.00,20154
2283.000,2283.000,40.00,20571
2284.000,2284.000,40.00,20027
2285.000,2285.000,40.00,19152
2288.000,2288.000,40.00,2364
2288.000,2288.000,66.00,2364
2289.000,2289.000,40.00,4115
2290.000,2290.000,40.00,17882
2291.000,2291.000,40.00,18607
2292.000,2292.000,40.00,18219
2294.000,2294.000,40.00,17388
2295.000,2295.000,40.00,18785
2296.000,2296.000,40.00,17935
2297.000,2297.000,40.00,18114
2298.000,2298.000,40.00,18343
2301.000,2301.000,40.00,17781
2302.000,2302.000,40.00,1
2302.000,2302.000,66.00,1
2303.000,2303.000,40.00,9905
2304.000,2304.000,40.00,19302
2306.000,2306.000,40.00,18894
2307.000,2307.000,40.00,17186
2308.000,2308.000,40.00,17885
2309.000,2309.000,40.00,24026
2310.000,2310.000,40.00,57714
2311.000,2311.000,40.00,65666
2313.000,2313.000,40.00,61412
2315.000,2315.000,40.00,76055
2316.000,2316.000,40.00,1
2316.000,2316.000,67.00,1
2317.000,2317.000,40.00,15245
2318.000,2318.000,40.00,20631
2320.000,2320.000,40.00,37382
2321.000,2321.000,40.00,66756
2322.000,2322.000,40.00,51292
2323.000,2323.000,40.00,73555
2324.000,2324.000,40.00,61681
2325.000,2325.000,40.00,73237
2327.000,2327.000,40.00,80953
2329.000,2329.000,40.00,49779
2330.000,2330.000,68.00,12537
2330.000,2330.000,40.00,12537
2331.000,2331.000,40.00,16082
2332.000,2332.000,40.00,17826
2334.000,2334.000,40.00,44893
2335.000,2335.000,40.00,61715
2336.000,2336.000,40.00,84113
2337.000,2337.000,40.00,71112
2338.000,2338.000,40.00,74607
2339.000,2339.000,40.00,79591
2341.000,2341.000,40.00,68387
2343.000,2343.000,40.00,53178
2344.000,2344.000,97.00,53178
2344.000,2344.000,40.00,18861
2345.000,2345.000,40.00,12191
2346.000,2346.000,40.00,15830
2348.000,2348.000,40.00,35899
2349.000,2349.000,40.00,51719
2350.000,2350.000,40.00,59295
2351.000,2351.000,40.00,53570
2352.000,2352.000,40.00,35451
2353.000,2353.000,40.00,51017
2355.000,2355.000,40.00,53891
2357.000,2357.000,40.00,13225
2358.000,2358.000,66.00,13225
2358.000,2358.000,40.00,1634
2359.000,2359.000,40.00,11285
2360.000,2360.000,40.00,25360
2362.000,2362.000,40.00,42733
2363.000,2363.000,40.00,35391
2364.000,2364.000,40.00,35822
2365.000,2365.000,40.00,30522
2366.000,2366.000,40.00,25965
2367.000,2367.000,40.00,27055
2369.000,2369.000,40.00,40728
2371.000,2371.000,40.00,10489
2372.000,2372.000,69.00,10489
2372.000,2372.000,40.00,3170
2373.000,2373.000,40.00,11818
2374.000,2374.000,40.00,9970
2376.000,2376.000,40.00,11037
2377.000,2377.000,40.00,11324
2378.000,2378.000,40.00,11009
2379.000,2379.000,40.00,11670
2380.000,2380.000,40.00,14152
2381.000,2381.000,40.00,21758
2382.000,2382.000,40.00,24813
2385.000,2385.000,40.00,3590
2385.000,2385.000,66.00,3590
2386.000,2386.000,40.00,2316
2387.000,2387.000,40.00,9757
2388.000,2388.000,40.00,9814
2389.000,2389.000,40.00,19956
2391.000,2391.000,40.00,18680
2392.000,2392.000,40.00,18548
2393.000,2393.000,40.00,20669
2394.000,2394.000,40.00,20325
2395.000,2395.000,40.00,18802
2396.000,2396.000,40.00,20255
2399.000,2399.000,40.00,0
2399.000,2399.000,67.00,0
2400.000,2400.000,40.00,330
2401.000,2401.000,40.00,2530
2402.000,2402.000,40.00,5220
2403.000,2403.000,40.00,10733
2405.000,2405.000,40.00,22371
2406.000,2406.000,40.00,28491
2407.000,2407.000,40.00,30827
2408.000,2408.000,40.00,29923
2409.000,2409.000,40.00,33606
2412.000,2412.000,40.00,54320
2413.000,2413.000,40.00,2847
2413.000,2413.000,67.00,2847
2414.000,2414.000,40.00,3885
2415.000,2415.000,40.00,11402
2416.000,2416.000,40.00,32123
2418.000,2418.000,40.00,58962
2419.000,2419.000,40.00,55876
2420.000,2420.000,40.00,40591
2421.000,2421.000,40.00,56918
2422.000,2422.000,40.00,39381
2423.000,2423.000,40.00,49271
2426.000,2426.000,40.00,33793
2427.000,2427.000,40.00,1
2427.000,2427.000,66.00,1
2428.000,2428.000,40.00,6724
2429.000,2429.000,40.00,17497
2430.000,2430.000,40.00,16585
2432.000,2432.000,40.00,16893
2433.000,2433.000,40.00,16702
2434.000,2434.000,40.00,16559
2435.000,2435.000,40.00,16578
2436.000,2436.000,40.00,16407
2437.000,2437.000,40.00,16581
2440.000,2440.000,40.00,45367
2441.000,2441.000,67.00,3
2441.000,2441.000,40.00,3
2442.000,2442.000,40.00,22732
2443.000,2443.000,40.00,22320
2444.000,2444.000,40.00,48226
2446.000,2446.000,40.00,124255
2447.000,2447.000,40.00,91204
2448.000,2448.000,40.00,106310
2449.000,2449.000,40.00,94723
2450.000,2450.000,40.00,104414
2451.000,2451.000,40.00,62345
2454.000,2454.000,40.00,37731
2455.000,2455.000,65.00,37731
2455.000,2455.000,40.00,774
2456.000,2456.000,40.00,74033
2457.000,2457.000,40.00,73697
2458.000,2458.000,40.00,82310
2460.000,2460.000,40.00,85791
2461.000,2461.000,40.00,91625
2462.000,2462.000,40.00,80099
2463.000,2463.000,40.00,91497
2464.000,2464.000,40.00,92460
2465.000,2465.000,40.00,90678
2468.000,2468.000,40.00,3554
2469.000,2469.000,66.00,3554
2469.000,2469.000,40.00,1401
2470.000,2470.000,40.00,14829
2471.000,2471.000,40.00,14395
2472.000,2472.000,40.00,13962
2474.000,2474.000,40.00,15237
2475.000,2475.000,40.00,16016
2476.000,2476.000,40.00,47932
2477.000,2477.000,40.00,62320
2478.000,2478.000,40.00,41149
2480.000,2480.000,40.00,88036
2481.000,2481.000,40.00,69960
2482.000,2482.000,40.00,12813
2482.000,2482.000,67.00,12813
2483.000,2483.000,40.00,6672
2484.000,2484.000,40.00,17806
2485.000,2485.000,40.00,17433
2486.000,2486.000,40.00,37111
2488.000,2488.000,40.00,71482
2489.000,2489.000,40.00,75240
2490.000,2490.000,40.00,68558
2491.000,2491.000,40.00,83226
2492.000,2492.000,40.00,68703
2493.000,2493.000,40.00,77762
2495.000,2495.000,40.00,87132
2496.000,2496.000,40.00,12493
2496.000,2496.000,67.00,12493
2497.000,2497.000,40.00,9299
2498.000,2498.000,40.00,19062
2499.000,2499.000,40.00,18419
2500.000,2500.000,40.00,19563
2502.000,2502.000,40.00,15308
2503.000,2503.000,40.00,49143
2504.000,2504.000,40.00,63565
2505.000,2505.000,40.00,67103
2506.000,2506.000,40.00,63419
2507.000,2507.000,40.00,42906
2509.000,2509.000,40.00,42928
2510.000,2510.000,40.00,1
2510.000,2510.000,66.00,1
2511.000,2511.000,40.00,7525
2512.000,2512.000,40.00,33896
2513.000,2513.000,40.00,40347
2514.000,2514.000,40.00,43504
2516.000,2516.000,40.00,57140
2517.000,2517.000,40.00,69648
2518.000,2518.000,40.00,60788
2519.000,2519.000,40.00,62911
2520.000,2520.000,40.00,75754
2521.000,2521.000,40.00,69444
2522.000,2522.000,40.00,56530
2524.000,2524.000,40.00,8840
2524.000,2524.000,66.00,8840
2525.000,2525.000,40.00,9165
2526.000,2526.000,40.00,16849
2527.000,2527.000,40.00,17470
2528.000,2528.000,40.00,16200
2529.000,2529.000,40.00,15776
2530.000,2530.000,40.00,15435
2531.000,2531.000,40.00,20929
2533.000,2533.000,40.00,51656
2534.000,2534.000,40.00,62261
2535.000,2535.000,40.00,80061
2536.000,2536.000,40.00,47433
2537.000,2537.000,40.00,0
2538.000,2538.000,67.00,0
2538.000,2538.000,40.00,19978
2539.000,2539.000,40.00,46411
2541.000,2541.000,40.00,58302
2542.000,2542.000,40.00,58621
2543.000,2543.000,40.00,53525
2544.000,2544.000,40.00,47718
2545.000,2545.000,40.00,32009
2546.000,2546.000,40.00,51233
2548.000,2548.000,40.00,53824
2549.000,2549.000,40.00,80354
2550.000,2550.000,40.00,71822
2551.000,2551.000,40.00,59677
2552.000,2552.000,85.00,59677
2552.000,2552.000,40.00,23097
2553.000,2553.000,40.00,30126
2555.000,2555.000,40.00,47995
2556.000,2556.000,40.00,31564
2557.000,2557.000,40.00,54880
2558.000,2558.000,40.00,43001
2559.000,2559.000,40.00,50520
2560.000,2560.000,40.00,44151
2562.000,2562.000,40.00,24662
2563.000,2563.000,40.00,29183
2564.000,2564.000,40.00,37373
2565.000,2565.000,40.00,2610
2566.000,2566.000,66.00,2610
2566.000,2566.000,40.00,3737
2567.000,2567.000,40.00,26075
2569.000,2569.000,40.00,46115
2570.000,2570.000,40.00,43747
2571.000,2571.000,40.00,63832
2572.000,2572.000,40.00,46503
2573.000,2573.000,40.00,50736
2574.000,2574.000,40.00,65654
2576.000,2576.000,40.00,65458
2577.000,2577.000,40.00,48788
2578.000,2578.000,40.00,52375
2579.000,2579.000,40.00,10101
2579.000,2579.000,66.00,10101
2580.000,2580.000,40.00,12508
2581.000,2581.000,40.00,36052
2583.000,2583.000,40.00,33174
2584.000,2584.000,40.00,63711
2585.000,2585.000,40.00,63473
2586.000,2586.000,40.00,53236
2587.000,2587.000,40.00,46226
2588.000,2588.000,40.00,52810
2590.000,2590.000,40.00,53359
2591.000,2591.000,40.00,48180
2592.000,2592.000,40.00,49021
2593.000,2593.000,40.00,5629
2593.000,2593.000,68.00,5629
2594.000,2594.000,40.00,17733
2595.000,2595.000,40.00,45587
2596.000,2596.000,40.00,29861
2598.000,2598.000,40.00,37375
2599.000,2599.000,40.00,30877
2600.000,2600.000,40.00,37755
2601.000,2601.000,40.00,45140
2602.000,2602.000,40.00,43732
2603.000,2603.000,40.00,29083
2606.000,2606.000,40.00,51639
2607.000,2607.000,40.00,1986
2607.000,2607.000,72.00,1986
2608.000,2608.000,40.00,5337
2609.000,2609.000,40.00,21212
2610.000,2610.000,40.00,21400
2612.000,2612.000,40.00,37532
2613.000,2613.000,40.00,26989
2614.000,2614.000,40.00,17624
2615.000,2615.000,40.00,27587
2616.000,2616.000,40.00,38244
2617.000,2617.000,40.00,17962
2620.000,2620.000,40.00,10390
2621.000,2621.000,40.00,1507
2621.000,2621.000,121.00,1507
2622.000,2622.000,40.00,6216
2623.000,2623.000,40.00,6448
2624.000,2624.000,40.00,7867
2625.000,2625.000,40.00,12375
2627.000,2627.000,40.00,2806
2628.000,2628.000,40.00,2743
2629.000,2629.000,40.00,1937
2630.000,2630.000,40.00,4041
2631.000,2631.000,40.00,2121
2632.000,2632.000,40.00,835
2634.000,2634.000,40.00,1206
2635.000,2635.000,40.00,531
2635.000,2635.000,72.00,531
2636.000,2636.000,40.00,2182
2637.000,2637.000,40.00,1934
2638.000,2638.000,40.00,2063
2639.000,2639.000,40.00,2014
2641.000,2641.000,40.00,1914
2642.000,2642.000,40.00,877
2643.000,2643.000,40.00,732
2644.000,2644.000,40.00,521
2645.000,2645.000,40.00,3678
2646.000,2646.000,40.00,2535
2648.000,2648.000,40.00,2379
2649.000,2649.000,40.00,1069
2649.000,2649.000,40.00,1069
2650.000,2650.000,40.00,268
2651.000,2651.000,40.00,0
2652.000,2652.000,40.00,0
2653.000,2653.000,40.00,0
2654.000,2654.000,40.00,0
2655.000,2655.000,40.00,3
2656.000,2656.000,40.00,0
2657.000,2657.000,40.00,1149
2658.000,2658.000,40.00,2260
2659.000,2659.000,40.00,2302
2662.000,2662.000,40.00,732
2663.000,2663.000,40.00,711
2663.000,2663.000,115.00,711
2664.000,2664.000,40.00,980
2665.000,2665.000,40.00,1958
2666.000,2666.000,40.00,923
2668.000,2668.000,40.00,1547
2669.000,2669.000,40.00,391
2670.000,2670.000,40.00,687
2671.000,2671.000,40.00,691
2672.000,2672.000,40.00,321
2674.000,2674.000,40.00,1151
2676.000,2676.000,40.00,1292
2677.000,2677.000,40.00,188
2678.000,2678.000,40.00,188
2678.000,2678.000,40.00,1177
2679.000,2679.000,40.00,1642
2681.000,2681.000,40.00,22
2682.000,2682.000,40.00,0
2683.000,2683.000,40.00,721
2684.000,2684.000,40.00,0
2685.000,2685.000,40.00,1531
2686.000,2686.000,40.00,11794
2688.000,2688.000,40.00,17906
2689.000,2689.000,40.00,18735
2690.000,2690.000,40.00,21013
2691.000,2691.000,40.00,1
2691.000,2691.000,67.00,1
2692.000,2692.000,40.00,15892
2693.000,2693.000,40.00,30228
2695.000,2695.000,40.00,29143
2696.000,2696.000,40.00,27046
2697.000,2697.000,40.00,26206
2698.000,2698.000,40.00,40573
2699.000,2699.000,40.00,204855
2701.000,2701.000,40.00,235940
2702.000,2702.000,40.00,246627
2703.000,2703.000,40.00,234656
2704.000,2704.000,40.00,149320
2705.000,2705.000,40.00,5276
2705.000,2705.000,66.00,5276
2706.000,2706.000,40.00,144979
2707.000,2707.000,40.00,243894
2709.000,2709.000,40.00,248687
2710.000,2710.000,40.00,242617
2711.000,2711.000,40.00,245000
2712.000,2712.000,40.00,225986
2713.000,2713.000,40.00,210441
2714.000,2714.000,40.00,232083
2715.000,2715.000,40.00,190862
2716.000,2716.000,40.00,191590
2718.000,2718.000,40.00,187880
2719.000,2719.000,40.00,1632
2719.000,2719.000,67.00,1632
2720.000,2720.000,40.00,20115
2721.000,2721.000,40.00,168220
2722.000,2722.000,40.00,230222
2723.000,2723.000,40.00,255752
2724.000,2724.000,40.00,216756
2726.000,2726.000,40.00,216767
2727.000,2727.000,40.00,209016
2728.000,2728.000,40.00,202007
2729.000,2729.000,40.00,208988
2730.000,2730.000,40.00,219283
2732.000,2732.000,40.00,13241
2733.000,2733.000,68.00,13241
2733.000,2733.000,40.00,29635
2735.000,2735.000,40.00,247345
2736.000,2736.000,40.00,203572
2737.000,2737.000,40.00,199088
2738.000,2738.000,40.00,168253
2739.000,2739.000,40.00,166435
2740.000,2740.000,40.00,171447
2742.000,2742.000,40.00,141673
2743.000,2743.000,40.00,126537
2744.000,2744.000,40.00,140233
2745.000,2745.000,40.00,143306
2746.000,2746.000,40.00,0
2747.000,2747.000,68.00,0
2747.000,2747.000,40.00,9536
2749.000,2749.000,40.00,25291
2750.000,2750.000,40.00,26123
2751.000,2751.000,40.00,25262
2752.000,2752.000,40.00,25055
2753.000,2753.000,40.00,24417
2755.000,2755.000,40.00,23108
2756.000,2756.000,40.00,59240
2757.000,2757.000,40.00,70538
2758.000,2758.000,40.00,74510
2759.000,2759.000,40.00,51402
2760.000,2760.000,40.00,1
2761.000,2761.000,67.00,1
2762.000,2762.000,40.00,20749
2763.000,2763.000,40.00,117304
2764.000,2764.000,40.00,147426
2765.000,2765.000,40.00,218676
2766.000,2766.000,40.00,220936
2767.000,2767.000,40.00,249611
2769.000,2769.000,40.00,255189
2770.000,2770.000,40.00,252378
2771.000,2771.000,40.00,253798
2772.000,2772.000,40.00,192332
2773.000,2773.000,40.00,218074
2774.000,2774.000,40.00,1
2775.000,2775.000,67.00,1
2775.000,2775.000,40.00,59275
2776.000,2776.000,40.00,171544
2778.000,2778.000,40.00,101234
2779.000,2779.000,40.00,76400
2780.000,2780.000,40.00,88522
2781.000,2781.000,40.00,90630
2782.000,2782.000,40.00,97400
2783.000,2783.000,40.00,87869
2785.000,2785.000,40.00,83505
2786.000,2786.000,40.00,94738
2787.000,2787.000,40.00,68076
2788.000,2788.000,40.00,1
2788.000,2788.000,69.00,1
2789.000,2789.000,40.00,17341
2790.000,2790.000,40.00,23329
2792.000,2792.000,40.00,107893
2793.000,2793.000,40.00,172470
2794.000,2794.000,40.00,232213
2795.000,2795.000,40.00,245984
2796.000,2796.000,40.00,254409
2797.000,2797.000,40.00,244863
2799.000,2799.000,40.00,227777
2801.000,2801.000,40.00,224710
2802.000,2802.000,40.00,1
2802.000,2802.000,66.00,1
2803.000,2803.000,40.00,11177
2804.000,2804.000,40.00,35559
2805.000,2805.000,40.00,193140
2806.000,2806.000,40.00,213170
2808.000,2808.000,40.00,199140
2809.000,2809.000,40.00,199998
2810.000,2810.000,40.00,198572
2811.000,2811.000,40.00,177585
2812.000,2812.000,40.00,210932
2813.000,2813.000,40.00,213396
2815.000,2815.000,40.00,8926
2816.000,2816.000,70.00,8926
2817.000,2817.000,40.00,6483
2818.000,2818.000,40.00,23045
2819.000,2819.000,40.00,21882
2820.000,2820.000,40.00,23940
2821.000,2821.000,40.00,78971
2823.000,2823.000,40.00,202409
2824.000,2824.000,40.00,137283
2825.000,2825.000,40.00,188420
2826.000,2826.000,40.00,168851
2827.000,2827.000,40.00,168783
2828.000,2828.000,40.00,171494
2830.000,2830.000,40.00,1
2830.000,2830.000,66.00,1
2831.000,2831.000,40.00,1
2832.000,2832.000,40.00,0
2833.000,2833.000,40.00,67158
2834.000,2834.000,40.00,179644
2835.000,2835.000,40.00,188701
2837.000,2837.000,40.00,205990
2838.000,2838.000,40.00,215507
2839.000,2839.000,40.00,208762
2840.000,2840.000,40.00,193054
2841.000,2841.000,40.00,223183
2842.000,2842.000,40.00,202517
2843.000,2843.000,40.00,0
2844.000,2844.000,66.00,0
2844.000,2844.000,40.00,8510
2846.000,2846.000,40.00,63467
2847.000,2847.000,40.00,174439
2848.000,2848.000,40.00,235697
2849.000,2849.000,40.00,142110
2850.000,2850.000,40.00,215631
2851.000,2851.000,40.00,241950
2852.000,2852.000,40.00,201131
2854.000,2854.000,40.00,178574
2855.000,2855.000,40.00,190189
2856.000,2856.000,40.00,202226
2857.000,2857.000,40.00,0
2858.000,2858.000,67.00,0
2858.000,2858.000,40.00,8897
2859.000,2859.000,40.00,23212
2861.000,2861.000,40.00,85931
2862.000,2862.000,40.00,202125
2863.000,2863.000,40.00,159365
2864.000,2864.000,40.00,221637
2865.000,2865.000,40.00,195074
2866.000,2866.000,40.00,242160
2867.000,2867.000,40.00,246743
2869.000,2869.000,40.00,225649
2870.000,2870.000,40.00,229748
2870.000,2870.000,40.00,229748
2871.000,2871.000,40.00,7328
2871.000,2871.000,67.00,7328
2872.000,2872.000,40.00,7601
2873.000,2873.000,40.00,30576
2874.000,2874.000,40.00,28541
2875.000,2875.000,40.00,31121
2877.000,2877.000,40.00,28852
2878.000,2878.000,40.00,171836
2879.000,2879.000,40.00,177725
2880.000,2880.000,40.00,187142
2881.000,2881.000,40.00,191227
2882.000,2882.000,40.00,216621
2883.000,2883.000,40.00,216621
2883.000,2883.000,40.00,185864
2884.000,2884.000,40.00,185864
2885.000,2885.000,40.00,5000
2885.000,2885.000,69.00,5000
2886.000,2886.000,40.00,9839
2887.000,2887.000,40.00,139990
2888.000,2888.000,40.00,135719
2889.000,2889.000,40.00,139226
2891.000,2891.000,40.00,180500
2892.000,2892.000,40.00,179790
2893.000,2893.000,40.00,192691
2894.000,2894.000,40.00,200807
2895.000,2895.000,40.00,143819
2896.000,2896.000,40.00,167182
2897.000,2897.000,40.00,176643
2899.000,2899.000,40.00,0
2899.000,2899.000,66.00,0
2900.000,2900.000,40.00,7589
2901.000,2901.000,40.00,17681
2902.000,2902.000,40.00,17659
2903.000,2903.000,40.00,17115
2905.000,2905.000,40.00,16999
2906.000,2906.000,40.00,17286
2907.000,2907.000,40.00,59663
2908.000,2908.000,40.00,174385
2909.000,2909.000,40.00,212670
2910.000,2910.000,40.00,219187
2912.000,2912.000,40.00,178897
2913.000,2913.000,40.00,1
2913.000,2913.000,66.00,1
2914.000,2914.000,40.00,10768
2915.000,2915.000,40.00,86817
2916.000,2916.000,40.00,205350
2917.000,2917.000,40.00,213921
2918.000,2918.000,40.00,182204
2920.000,2920.000,40.00,212551
2921.000,2921.000,40.00,221395
2922.000,2922.000,40.00,185460
2923.000,2923.000,40.00,201871
2924.000,2924.000,40.00,181855
2925.000,2925.000,40.00,158614
2926.000,2926.000,40.00,0
2927.000,2927.000,66.00,0
2927.000,2927.000,40.00,6929
2929.000,2929.000,40.00,19178
2930.000,2930.000,40.00,27661
2931.000,2931.000,40.00,132546
2932.000,2932.000,40.00,165407
2933.000,2933.000,40.00,186476
2935.000,2935.000,40.00,185668
2936.000,2936.000,40.00,168956
2937.000,2937.000,40.00,188877
2938.000,2938.000,40.00,188030
2939.000,2939.000,40.00,190157
2940.000,2940.000,40.00,16762
2941.000,2941.000,68.00,16762
2942.000,2942.000,40.00,10094
2943.000,2943.000,40.00,21948
2944.000,2944.000,40.00,21043
2945.000,2945.000,40.00,22020
2946.000,2946.000,40.00,21990
2947.000,2947.000,40.00,19759
2949.000,2949.000,40.00,20503
2950.000,2950.000,40.00,21733
2951.000,2951.000,40.00,21790
2952.000,2952.000,40.00,21045
2953.000,2953.000,40.00,12966
2954.000,2954.000,66.00,2
2955.000,2955.000,40.00,2
2956.000,2956.000,40.00,24433
2957.000,2957.000,40.00,27280
2958.000,2958.000,40.00,83129
2959.000,2959.000,40.00,136288
2960.000,2960.000,40.00,151388
2962.000,2962.000,40.00,164295
2963.000,2963.000,40.00,160903
2964.000,2964.000,40.00,143400
2965.000,2965.000,40.00,156577
2966.000,2966.000,40.00,163944
2967.000,2967.000,40.00,64341
2968.000,2968.000,70.00,64341
2969.000,2969.000,40.00,3
2970.000,2970.000,40.00,77625
2971.000,2971.000,40.00,137250
2972.000,2972.000,40.00,165703
2973.000,2973.000,40.00,129244
2974.000,2974.000,40.00,132901
2976.000,2976.000,40.00,158525
2977.000,2977.000,40.00,133439
2978.000,2978.000,40.00,151326
2979.000,2979.000,40.00,152784
2981.000,2981.000,40.00,62969
2982.000,2982.000,67.00,62969
2982.000,2982.000,40.00,332
2984.000,2984.000,40.00,32305
2985.000,2985.000,40.00,92590
2986.000,2986.000,40.00,99131
2987.000,2987.000,40.00,93328
2988.000,2988.000,40.00,88976
2989.000,2989.000,40.00,94683
2991.000,2991.000,40.00,96986
2992.000,2992.000,40.00,97564
2993.000,2993.000,40.00,96288
2995.000,2995.000,40.00,20652
2996.000,2996.000,68.00,20652
2996.000,2996.000,40.00,773
2998.000,2998.000,40.00,21036
2999.000,2999.000,40.00,19928
3000.000,3000.000,40.00,20657
3001.000,3001.000,40.00,57964
3002.000,3002.000,40.00,79572
3004.000,3004.000,40.00,89867
3005.000,3005.000,40.00,76728
3006.000,3006.000,40.00,95887
3007.000,3007.000,40.00,100446
3009.000,3009.000,40.00,19875
3010.000,3010.000,68.00,19875
3011.000,3011.000,40.00,6933
3012.000,3012.000,40.00,20007
3013.000,3013.000,40.00,22760
3014.000,3014.000,40.00,68493
3015.000,3015.000,40.00,73624
3016.000,3016.000,40.00,107967
3018.000,3018.000,40.00,112969
3019.000,3019.000,40.00,103707
3020.000,3020.000,40.00,85157
3021.000,3021.000,40.00,80978
3022.000,3022.000,40.00,80583
3023.000,3023.000,40.00,3674
3024.000,3024.000,69.00,3674
3024.000,3024.000,40.00,7222
3026.000,3026.000,40.00,54905
3027.000,3027.000,40.00,89372
3028.000,3028.000,40.00,80269
3029.000,3029.000,40.00,104072
3030.000,3030.000,40.00,99994
3031.000,3031.000,40.00,91420
3033.000,3033.000,40.00,95497
3034.000,3034.000,40.00,85899
3035.000,3035.000,40.00,84440
3036.000,3036.000,40.00,91082
3037.000,3037.000,40.00,22362
3038.000,3038.000,67.00,22362
3038.000,3038.000,40.00,5131
3040.000,3040.000,40.00,17987
3041.000,3041.000,40.00,19245
3042.000,3042.000,40.00,17754
3043.000,3043.000,40.00,19990
3044.000,3044.000,40.00,44190
3046.000,3046.000,40.00,53159
3047.000,3047.000,40.00,53824
3048.000,3048.000,40.00,55482
3049.000,3049.000,40.00,51953
3050.000,3050.000,40.00,52432
3051.000,3051.000,40.00,1301
3052.000,3052.000,69.00,1301
3053.000,3053.000,40.00,13663
3054.000,3054.000,40.00,15465
3055.000,3055.000,40.00,18878
3056.000,3056.000,40.00,18845
3057.000,3057.000,40.00,42582
3058.000,3058.000,40.00,58572
3059.000,3059.000,40.00,70525
3061.000,3061.000,40.00,69091
3062.000,3062.000,40.00,63495
3063.000,3063.000,40.00,77336
3064.000,3064.000,40.00,66579
3065.000,3065.000,69.00,8677
3065.000,3065.000,40.00,8677
3067.000,3067.000,40.00,14363
3068.000,3068.000,40.00,14282
3069.000,3069.000,40.00,16300
3070.000,3070.000,40.00,17110
3071.000,3071.000,40.00,15607
3072.000,3072.000,40.00,15619
3074.000,3074.000,40.00,17391
3075.000,3075.000,40.00,16875
3076.000,3076.000,40.00,18161
3078.000,3078.000,40.00,12833
3079.000,3079.000,68.00,592
3079.000,3079.000,40.00,592
3080.000,3080.000,40.00,14074
3082.000,3082.000,40.00,22125
3083.000,3083.000,40.00,50089
3084.000,3084.000,40.00,41674
3085.000,3085.000,40.00,32880
3086.000,3086.000,40.00,40857
3087.000,3087.000,40.00,34152
3089.000,3089.000,40.00,40177
3090.000,3090.000,40.00,45405
3092.000,3092.000,40.00,35351
3093.000,3093.000,68.00,35351
3093.000,3093.000,40.00,57
3094.000,3094.000,40.00,15977
3096.000,3096.000,40.00,16262
3097.000,3097.000,40.00,15939
3098.000,3098.000,40.00,14328
3099.000,3099.000,40.00,14840
3100.000,3100.000,40.00,14369
3101.000,3101.000,40.00,14700
3103.000,3103.000,40.00,13839
3104.000,3104.000,40.00,15885
3106.000,3106.000,40.00,2789
3107.000,3107.000,67.00,2789
3107.000,3107.000,40.00,335
3108.000,3108.000,40.00,13683
3110.000,3110.000,40.00,15709
3111.000,3111.000,40.00,40497
3112.000,3112.000,40.00,72769
3113.000,3113.000,40.00,79498
3114.000,3114.000,40.00,60394
3115.000,3115.000,40.00,73624
3117.000,3117.000,40.00,73893
3118.000,3118.000,40.00,42484
3120.000,3120.000,40.00,36557
3121.000,3121.000,67.00,36557
3121.000,3121.000,40.00,1645
3122.000,3122.000,40.00,13020
3123.000,3123.000,40.00,13044
3125.000,3125.000,40.00,10886
3126.000,3126.000,40.00,23774
3127.000,3127.000,40.00,42187
3128.000,3128.000,40.00,37820
3129.000,3129.000,40.00,37754
3130.000,3130.000,40.00,49940
3132.000,3132.000,40.00,47602
3134.000,3134.000,40.00,7777
3135.000,3135.000,40.00,0
3136.000,3136.000,66.00,0
3136.000,3136.000,40.00,2
3137.000,3137.000,40.00,0
3139.000,3139.000,40.00,8017
3140.000,3140.000,40.00,7825
3141.000,3141.000,40.00,16935
3142.000,3142.000,40.00,28838
3143.000,3143.000,40.00,40121
3144.000,3144.000,40.00,46549
3145.000,3145.000,40.00,51101
3147.000,3147.000,40.00,49154
3148.000,3148.000,40.00,58682
3149.000,3149.000,40.00,0
3149.000,3149.000,66.00,0
3150.000,3150.000,40.00,4109
3151.000,3151.000,40.00,11008
3152.000,3152.000,40.00,10516
3154.000,3154.000,40.00,19276
3155.000,3155.000,40.00,57036
3156.000,3156.000,40.00,76029
3157.000,3157.000,40.00,90651
3158.000,3158.000,40.00,77044
3159.000,3159.000,40.00,108605
3162.000,3162.000,40.00,101839
3163.000,3163.000,40.00,1
3163.000,3163.000,66.00,1
3164.000,3164.000,40.00,6331
3165.000,3165.000,40.00,17752
3166.000,3166.000,40.00,28131
3167.000,3167.000,40.00,91799
3169.000,3169.000,40.00,110137
3170.000,3170.000,40.00,81139
3171.000,3171.000,40.00,111949
3172.000,3172.000,40.00,110821
3173.000,3173.000,40.00,75235
3176.000,3176.000,40.00,103981
3177.000,3177.000,40.00,19117
3177.000,3177.000,67.00,19117
3178.000,3178.000,40.00,2591
3179.000,3179.000,40.00,56203
3180.000,3180.000,40.00,57249
3181.000,3181.000,40.00,57352
3183.000,3183.000,40.00,81995
3184.000,3184.000,40.00,109587
3185.000,3185.000,40.00,87257
3186.000,3186.000,40.00,98754
3187.000,3187.000,40.00,106525
3188.000,3188.000,40.00,122739
3190.000,3190.000,40.00,95608
3191.000,3191.000,40.00,12835
3191.000,3191.000,68.00,12835
3192.000,3192.000,40.00,9945
3193.000,3193.000,40.00,20145
3194.000,3194.000,40.00,60252
3196.000,3196.000,40.00,68777
3197.000,3197.000,40.00,58802
3198.000,3198.000,40.00,69978
3199.000,3199.000,40.00,59156
3200.000,3200.000,40.00,42165
3201.000,3201.000,40.00,98156
3204.000,3204.000,40.00,86272
3205.000,3205.000,67.00,86272
3205.000,3205.000,40.00,2
3206.000,3206.000,40.00,21749
3207.000,3207.000,40.00,22691
3208.000,3208.000,40.00,23534
3209.000,3209.000,40.00,21965
3211.000,3211.000,40.00,22445
3212.000,3212.000,40.00,22220
3213.000,3213.000,40.00,69462
3214.000,3214.000,40.00,62372
3215.000,3215.000,40.00,76652
3218.000,3218.000,40.00,19323
3219.000,3219.000,66.00,19323
3219.000,3219.000,40.00,334
3220.000,3220.000,40.00,19770
3221.000,3221.000,40.00,19690
3222.000,3222.000,40.00,20578
3224.000,3224.000,40.00,19590
3225.000,3225.000,40.00,19068
3226.000,3226.000,40.00,19674
3227.000,3227.000,40.00,19653
3228.000,3228.000,40.00,19700
3230.000,3230.000,40.00,19017
3231.000,3231.000,40.00,20387
3232.000,3232.000,40.00,656
3232.000,3232.000,66.00,656
3233.000,3233.000,40.00,7420
3234.000,3234.000,40.00,18061
3236.000,3236.000,40.00,17908
3237.000,3237.000,40.00,17072
3238.000,3238.000,40.00,18201
3239.000,3239.000,40.00,17496
3240.000,3240.000,40.00,14893
3241.000,3241.000,40.00,16719
3243.000,3243.000,40.00,16526
3245.000,3245.000,40.00,13309
3246.000,3246.000,40.00,2
3246.000,3246.000,67.00,2
3247.000,3247.000,40.00,13289
3249.000,3249.000,40.00,16860
3250.000,3250.000,40.00,18294
3251.000,3251.000,40.00,17511
3252.000,3252.000,40.00,18918
3253.000,3253.000,40.00,69204
3254.000,3254.000,40.00,109395
3256.000,3256.000,40.00,101181
3257.000,3257.000,40.00,99831
3259.000,3259.000,40.00,58783
3260.000,3260.000,66.00,58783
3260.000,3260.000,40.00,2
3261.000,3261.000,40.00,15610
3263.000,3263.000,40.00,15688
3264.000,3264.000,40.00,16182
3265.000,3265.000,40.00,11689
3266.000,3266.000,40.00,14828
3267.000,3267.000,40.00,17428
3268.000,3268.000,40.00,16422
3270.000,3270.000,40.00,16224
3271.000,3271.000,40.00,16962
3273.000,3273.000,40.00,1788
3274.000,3274.000,70.00,1788
3274.000,3274.000,40.00,393
3276.000,3276.000,40.00,13692
3277.000,3277.000,40.00,17594
3278.000,3278.000,40.00,2419
3279.000,3279.000,40.00,5536
3280.000,3280.000,40.00,5672
3281.000,3281.000,40.00,5109
3283.000,3283.000,40.00,4017
3284.000,3284.000,40.00,9961
3285.000,3285.000,40.00,18569
3287.000,3287.000,40.00,1981
3288.000,3288.000,68.00,1981
3288.000,3288.000,40.00,2506
3290.000,3290.000,40.00,9696
3291.000,3291.000,40.00,4008
3292.000,3292.000,40.00,6323
3293.000,3293.000,40.00,5119
3294.000,3294.000,40.00,3666
3295.000,3295.000,40.00,10874
3296.000,3296.000,40.00,14037
3298.000,3298.000,40.00,11521
3299.000,3299.000,40.00,15138
3301.000,3301.000,40.00,0
3302.000,3302.000,67.00,0
3302.000,3302.000,40.00,1711
3303.000,3303.000,40.00,16097
3305.000,3305.000,40.00,14716
3306.000,3306.000,40.00,17822
3307.000,3307.000,40.00,17475
3308.000,3308.000,40.00,17938
3309.000,3309.000,40.00,18189
3310.000,3310.000,40.00,17796
3312.000,3312.000,40.00,18390
3313.000,3313.000,40.00,32981
3315.000,3315.000,40.00,3857
3316.000,3316.000,67.00,3857
3316.000,3316.000,40.00,5246
3317.000,3317.000,40.00,42005
3319.000,3319.000,40.00,62784
3320.000,3320.000,40.00,86479
3321.000,3321.000,40.00,92158
3322.000,3322.000,40.00,58641
3323.000,3323.000,40.00,78305
3324.000,3324.000,40.00,49555
3325.000,3325.000,40.00,12468
3327.000,3327.000,40.00,19854
3328.000,3328.000,40.00,17321
3329.000,3329.000,40.00,4003
3330.000,3330.000,40.00,1
3331.000,3331.000,73.00,1
3331.000,3331.000,40.00,2864
3332.000,3332.000,40.00,6434
3334.000,3334.000,40.00,15232
3335.000,3335.000,40.00,21032
3336.000,3336.000,40.00,39071
3337.000,3337.000,40.00,30272
3338.000,3338.000,40.00,37785
3339.000,3339.000,40.00,31790
3341.000,3341.000,40.00,25595
3342.000,3342.000,40.00,8018
3343.000,3343.000,40.00,1112
3344.000,3344.000,40.00,2558
3345.000,3345.000,40.00,2558
3345.000,3345.000,40.00,1496
3346.000,3346.000,40.00,4589
3348.000,3348.000,40.00,7422
3349.000,3349.000,40.00,10370
3350.000,3350.000,40.00,10891
3351.000,3351.000,40.00,12398
3352.000,3352.000,40.00,13792
3353.000,3353.000,40.00,17430
3354.000,3354.000,40.00,2182
3356.000,3356.000,40.00,5881
3357.000,3357.000,40.00,13569
3358.000,3358.000,40.00,0
3359.000,3359.000,67.00,0
3359.000,3359.000,40.00,770
3360.000,3360.000,40.00,14341
3361.000,3361.000,40.00,17248
3363.000,3363.000,40.00,19972
3364.000,3364.000,40.00,30672
3365.000,3365.000,40.00,28003
3366.000,3366.000,40.00,35562
3367.000,3367.000,40.00,38375
3368.000,3368.000,40.00,40093
3370.000,3370.000,40.00,25233
3371.000,3371.000,40.00,61823
3372.000,3372.000,40.00,0
3372.000,3372.000,68.00,0
3373.000,3373.000,40.00,123
3374.000,3374.000,40.00,3910
3375.000,3375.000,40.00,4887
3377.000,3377.000,40.00,14985
3378.000,3378.000,40.00,12730
3379.000,3379.000,40.00,19245
3380.000,3380.000,40.00,24770
3381.000,3381.000,40.00,35990
3383.000,3383.000,40.00,39248
3385.000,3385.000,40.00,47888
3386.000,3386.000,40.00,1
3386.000,3386.000,67.00,1
3387.000,3387.000,40.00,3834
3388.000,3388.000,40.00,8416
3389.000,3389.000,40.00,14124
3391.000,3391.000,40.00,13420
3392.000,3392.000,40.00,19142
3393.000,3393.000,40.00,9406
3394.000,3394.000,40.00,6805
3395.000,3395.000,40.00,5084
3396.000,3396.000,40.00,7023
3399.000,3399.000,40.00,7522
3400.000,3400.000,40.00,938
3400.000,3400.000,74.00,938
3401.000,3401.000,40.00,5045
3402.000,3402.000,40.00,11050
3403.000,3403.000,40.00,32417
3404.000,3404.000,40.00,25949
3406.000,3406.000,40.00,25259
3407.000,3407.000,40.00,27716
3408.000,3408.000,40.00,34283
3409.000,3409.000,40.00,46567
3410.000,3410.000,40.00,22173
3413.000,3413.000,40.00,27091
3414.000,3414.000,40.00,2
3414.000,3414.000,66.00,2
3415.000,3415.000,40.00,6263
3416.000,3416.000,40.00,22451
3417.000,3417.000,40.00,70446
3418.000,3418.000,40.00,155853
3420.000,3420.000,40.00,153905
3421.000,3421.000,40.00,194913
3422.000,3422.000,40.00,184318
3423.000,3423.000,40.00,203975
3424.000,3424.000,40.00,175561
3425.000,3425.000,40.00,212415
3427.000,3427.000,40.00,143582
3428.000,3428.000,40.00,1
3428.000,3428.000,66.00,1
3429.000,3429.000,40.00,19950
3430.000,3430.000,40.00,23716
3431.000,3431.000,40.00,25367
3432.000,3432.000,40.00,23513
3434.000,3434.000,40.00,22850
3435.000,3435.000,40.00,23581
3436.000,3436.000,40.00,24171
3437.000,3437.000,40.00,105279
3438.000,3438.000,40.00,231898
3439.000,3439.000,40.00,276454
3441.000,3441.000,40.00,121889
3442.000,3442.000,67.00,2
3442.000,3442.000,40.00,2
3443.000,3443.000,40.00,0
3444.000,3444.000,40.00,771
3445.000,3445.000,40.00,27597
3446.000,3446.000,40.00,63888
3448.000,3448.000,40.00,222100
3449.000,3449.000,40.00,211934
3450.000,3450.000,40.00,230712
3451.000,3451.000,40.00,219108
3452.000,3452.000,40.00,235363
3453.000,3453.000,40.00,271933
3454.000,3454.000,40.00,152830
3455.000,3455.000,40.00,2
3455.000,3455.000,66.00,2
3457.000,3457.000,40.00,21595
3458.000,3458.000,40.00,30607
3459.000,3459.000,40.00,31275
3460.000,3460.000,40.00,30345
3461.000,3461.000,40.00,32525
3462.000,3462.000,40.00,45252
3464.000,3464.000,40.00,218538
3465.000,3465.000,40.00,192672
3466.000,3466.000,40.00,202589
3468.000,3468.000,40.00,220810
3468.000,3468.000,40.00,131834
3469.000,3469.000,40.00,2
3469.000,3469.000,66.00,2
3470.000,3470.000,40.00,18905
3472.000,3472.000,40.00,29045
3473.000,3473.000,40.00,189509
3474.000,3474.000,40.00,189409
3475.000,3475.000,40.00,243052
3476.000,3476.000,40.00,225495
3477.000,3477.000,40.00,184659
3478.000,3478.000,40.00,203628
3480.000,3480.000,40.00,248998
3482.000,3482.000,40.00,199245
3483.000,3483.000,40.00,0
3483.000,3483.000,69.00,0
3484.000,3484.000,40.00,89114
3485.000,3485.000,40.00,287946
3486.000,3486.000,40.00,235790
3487.000,3487.000,40.00,231869
3489.000,3489.000,40.00,204900
3490.000,3490.000,40.00,235589
3491.000,3491.000,40.00,233996
3492.000,3492.000,40.00,235071
3493.000,3493.000,40.00,229169
3494.000,3494.000,40.00,247001
3496.000,3496.000,40.00,8157
3497.000,3497.000,66.00,8157
3498.000,3498.000,40.00,4975
3499.000,3499.000,40.00,90748
3500.000,3500.000,40.00,255474
3501.000,3501.000,40.00,208532
3502.000,3502.000,40.00,274158
3503.000,3503.000,40.00,217195
3504.000,3504.000,40.00,247581
3505.000,3505.000,40.00,274818
3506.000,3506.000,40.00,242646
3508.000,3508.000,40.00,211953
3510.000,3510.000,40.00,173266
3511.000,3511.000,66.00,173266
3511.000,3511.000,40.00,3
3512.000,3512.000,40.00,131260
3513.000,3513.000,40.00,131819
3515.000,3515.000,40.00,137396
3516.000,3516.000,40.00,136662
3517.000,3517.000,40.00,144488
3518.000,3518.000,40.00,145108
3519.000,3519.000,40.00,127670
3520.000,3520.000,40.00,131166
3522.000,3522.000,40.00,145031
3524.000,3524.000,40.00,64539
3525.000,3525.000,67.00,64539
3525.000,3525.000,40.00,1770
3526.000,3526.000,40.00,27712
3527.000,3527.000,40.00,26498
3529.000,3529.000,40.00,26251
3530.000,3530.000,40.00,25185
3531.000,3531.000,40.00,30042
3532.000,3532.000,40.00,169428
3533.000,3533.000,40.00,121849
3535.000,3535.000,40.00,184130
3536.000,3536.000,40.00,250032
3537.000,3537.000,40.00,225272
3538.000,3538.000,40.00,0
3538.000,3538.000,67.00,0
3539.000,3539.000,40.00,39448
3540.000,3540.000,40.00,240345
3541.000,3541.000,40.00,241186
3543.000,3543.000,40.00,290106
3544.000,3544.000,40.00,266787
3545.000,3545.000,40.00,208051
3546.000,3546.000,40.00,203392
3547.000,3547.000,40.00,218959
3548.000,3548.000,40.00,225419
3549.000,3549.000,40.00,213380
3550.000,3550.000,40.00,218844
3552.000,3552.000,40.00,31775
3552.000,3552.000,69.00,31775
3553.000,3553.000,40.00,1179
3554.000,3554.000,40.00,229529
3555.000,3555.000,40.00,263118
3556.000,3556.000,40.00,285075
3557.000,3557.000,40.00,320400
3558.000,3558.000,40.00,329035
3560.000,3560.000,40.00,306876
3561.000,3561.000,40.00,303312
3562.000,3562.000,40.00,286696
3563.000,3563.000,40.00,304974
3565.000,3565.000,40.00,155907
3566.000,3566.000,68.00,2
3566.000,3566.000,40.00,2
3567.000,3567.000,40.00,169807
3568.000,3568.000,40.00,295672
3570.000,3570.000,40.00,326645
3571.000,3571.000,40.00,325408
3572.000,3572.000,40.00,324240
3573.000,3573.000,40.00,293549
3574.000,3574.000,40.00,301071
3575.000,3575.000,40.00,317911
3576.000,3576.000,40.00,321834
3577.000,3577.000,40.00,309694
3579.000,3579.000,40.00,233548
3580.000,3580.000,40.00,1
3580.000,3580.000,67.00,1
3581.000,3581.000,40.00,17425
3582.000,3582.000,40.00,130957
3583.000,3583.000,40.00,299338
3584.000,3584.000,40.00,219992
3585.000,3585.000,40.00,266139
3586.000,3586.000,40.00,255143
3587.000,3587.000,40.00,273950
3589.000,3589.000,40.00,270231
3590.000,3590.000,40.00,278088
3591.000,3591.000,40.00,271403
3593.000,3593.000,40.00,156222
3594.000,3594.000,68.00,156222
3594.000,3594.000,40.00,1013
3595.000,3595.000,40.00,19829
3596.000,3596.000,40.00,29205
3598.000,3598.000,40.00,144060
3599.000,3599.000,40.00,225845
3600.000,3600.000,40.00,221890
3601.000,3601.000,40.00,232203
3602.000,3602.000,40.00,188706
3603.000,3603.000,40.00,163964
3604.000,3604.000,40.00,155653
3607.000,3607.000,40.00,38939
3608.000,3608.000,66.00,38939
3608.000,3608.000,40.00,3
3609.000,3609.000,40.00,18990
3610.000,3610.000,40.00,65511
3612.000,3612.000,40.00,78146
3613.000,3613.000,40.00,192289
3614.000,3614.000,40.00,213395
3615.000,3615.000,40.00,246928
3616.000,3616.000,40.00,270003
3617.000,3617.000,40.00,293357
3618.000,3618.000,40.00,230582
3621.000,3621.000,40.00,106499
3621.000,3621.000,67.00,106499
3622.000,3622.000,40.00,4296
3623.000,3623.000,40.00,28907
3624.000,3624.000,40.00,83826
3625.000,3625.000,40.00,188363
3626.000,3626.000,40.00,289660
3628.000,3628.000,40.00,306462
3629.000,3629.000,40.00,277184
3630.000,3630.000,40.00,248024
3631.000,3631.000,40.00,192353
3632.000,3632.000,40.00,318789
3633.000,3633.000,40.00,312693
3634.000,3634.000,40.00,133902
3635.000,3635.000,67.00,2
3635.000,3635.000,40.00,2
3637.000,3637.000,40.00,19626
3638.000,3638.000,40.00,20376
3639.000,3639.000,40.00,20919
3640.000,3640.000,40.00,19498
3641.000,3641.000,40.00,19478
3643.000,3643.000,40.00,17500
3644.000,3644.000,40.00,64571
3645.000,3645.000,40.00,174715
3646.000,3646.000,40.00,168798
3648.000,3648.000,40.00,11024
3649.000,3649.000,68.00,11024
3650.000,3650.000,40.00,5904
3651.000,3651.000,40.00,24995
3652.000,3652.000,40.00,92258
3653.000,3653.000,40.00,183080
3654.000,3654.000,40.00,188074
3655.000,3655.000,40.00,204973
3656.000,3656.000,40.00,231200
3657.000,3657.000,40.00,214708
3659.000,3659.000,40.00,198825
3660.000,3660.000,40.00,199512
3662.000,3662.000,40.00,82464
3663.000,3663.000,40.00,63
3663.000,3663.000,66.00,63
3664.000,3664.000,40.00,8448
3665.000,3665.000,40.00,18743
3667.000,3667.000,40.00,19109
3668.000,3668.000,40.00,19906
3669.000,3669.000,40.00,19317
3670.000,3670.000,40.00,18789
3671.000,3671.000,40.00,32503
3672.000,3672.000,40.00,44262
3674.000,3674.000,40.00,44574
3676.000,3676.000,40.00,35081
3677.000,3677.000,40.00,1
3677.000,3677.000,68.00,1
3678.000,3678.000,40.00,17027
3679.000,3679.000,40.00,23482
