since,relative_seconds,rtt,bandwidth_kbps
0.000,0.000,40.00,0
1.000,1.000,40.00,0
2.000,2.000,40.00,0
4.000,4.000,40.00,29
5.000,5.000,40.00,0
6.000,6.000,72.00,0
6.000,6.000,40.00,16
7.000,7.000,40.00,10935
8.000,8.000,40.00,58150
9.000,9.000,40.00,76065
10.000,10.000,40.00,75617
12.000,12.000,40.00,88352
13.000,13.000,40.00,80987
14.000,14.000,40.00,91754
15.000,15.000,40.00,125602
16.000,16.000,40.00,95524
17.000,17.000,40.00,112916
19.000,19.000,40.00,44061
20.000,20.000,73.00,44061
20.000,20.000,40.00,3
21.000,21.000,40.00,20574
22.000,22.000,40.00,19411
23.000,23.000,40.00,20303
25.000,25.000,40.00,48966
26.000,26.000,40.00,106362
27.000,27.000,40.00,98750
28.000,28.000,40.00,116546
29.000,29.000,40.00,113447
30.000,30.000,40.00,103654
33.000,33.000,40.00,27246
34.000,34.000,75.00,27246
34.000,34.000,40.00,332
35.000,35.000,40.00,77306
36.000,36.000,40.00,81317
37.000,37.000,40.00,104605
39.000,39.000,40.00,116780
40.000,40.000,40.00,86135
41.000,41.000,40.00,86076
42.000,42.000,40.00,80913
43.000,43.000,40.00,97397
44.000,44.000,40.00,121257
47.000,47.000,40.00,36267
48.000,48.000,40.00,1
48.000,48.000,72.00,1
49.000,49.000,40.00,50649
50.000,50.000,40.00,124658
51.000,51.000,40.00,132155
53.000,53.000,40.00,102761
54.000,54.000,40.00,76329
55.000,55.000,40.00,98931
56.000,56.000,40.00,125444
57.000,57.000,40.00,126270
58.000,58.000,40.00,88433
61.000,61.000,40.00,124583
62.000,62.000,40.00,0
62.000,62.000,77.00,0
63.000,63.000,40.00,8500
64.000,64.000,40.00,68167
65.000,65.000,40.00,207862
67.000,67.000,40.00,233202
68.000,68.000,40.00,201576
69.000,69.000,40.00,70820
70.000,70.000,40.00,143672
71.000,71.000,40.00,47896
72.000,72.000,40.00,97867
75.000,75.000,40.00,103652
76.000,76.000,40.00,3450
76.000,76.000,75.00,3450
77.000,77.000,40.00,13533
78.000,78.000,40.00,117267
79.000,79.000,40.00,66504
81.000,81.000,40.00,63866
82.000,82.000,40.00,34908
83.000,83.000,40.00,59981
84.000,84.000,40.00,42592
85.000,85.000,40.00,64025
86.000,86.000,40.00,79670
89.000,89.000,40.00,79120
90.000,90.000,40.00,0
90.000,90.000,75.00,0
91.000,91.000,40.00,11714
92.000,92.000,40.00,18517
93.000,93.000,40.00,19840
95.000,95.000,40.00,18500
96.000,96.000,40.00,14664
97.000,97.000,40.00,39184
98.000,98.000,40.00,60948
99.000,99.000,40.00,108843
101.000,101.000,40.00,110704
103.000,103.000,40.00,116346
104.000,104.000,40.00,2
104.000,104.000,121.00,2
105.000,105.000,40.00,1503
106.000,106.000,40.00,15889
107.000,107.000,40.00,16743
109.000,109.000,40.00,110295
110.000,110.000,40.00,206113
111.000,111.000,40.00,256540
112.000,112.000,40.00,256540
112.000,112.000,40.00,264295
113.000,113.000,40.00,263557
114.000,114.000,40.00,222037
115.000,115.000,40.00,122398
117.000,117.000,40.00,124509
118.000,118.000,40.00,74
118.000,118.000,72.00,74
119.000,119.000,40.00,107877
120.000,120.000,40.00,259996
121.000,121.000,40.00,268116
122.000,122.000,40.00,223726
123.000,123.000,40.00,223726
123.000,123.000,40.00,247070
124.000,124.000,40.00,265279
125.000,125.000,40.00,249174
127.000,127.000,40.00,250523
128.000,128.000,40.00,273659
129.000,129.000,40.00,238104
130.000,130.000,40.00,273746
131.000,131.000,40.00,68073
132.000,132.000,73.00,68073
132.000,132.000,40.00,3
133.000,133.000,40.00,22194
135.000,135.000,40.00,22445
136.000,136.000,40.00,22446
137.000,137.000,40.00,23431
138.000,138.000,40.00,23431
138.000,138.000,40.00,33153
139.000,139.000,40.00,90937
140.000,140.000,40.00,117549
142.000,142.000,40.00,78396
143.000,143.000,40.00,77822
145.000,145.000,40.00,47312
146.000,146.000,75.00,6
146.000,146.000,40.00,6
147.000,147.000,40.00,11795
148.000,148.000,40.00,18930
150.000,150.000,40.00,35653
151.000,151.000,40.00,32772
152.000,152.000,40.00,32772
152.000,152.000,40.00,37567
153.000,153.000,40.00,60782
154.000,154.000,40.00,64021
155.000,155.000,40.00,61194
157.000,157.000,40.00,77898
159.000,159.000,40.00,30347
160.000,160.000,72.00,3
160.000,160.000,40.00,3
161.000,161.000,40.00,33764
163.000,163.000,40.00,52544
164.000,164.000,40.00,52960
165.000,165.000,40.00,56319
166.000,166.000,40.00,54680
167.000,167.000,40.00,54155
169.000,169.000,40.00,166644
170.000,170.000,40.00,219644
171.000,171.000,40.00,281586
172.000,172.000,40.00,279898
173.000,173.000,40.00,59316
174.000,174.000,71.00,59316
174.000,174.000,40.00,2458
175.000,175.000,40.00,30382
177.000,177.000,40.00,31134
178.000,178.000,40.00,32251
179.000,179.000,40.00,31102
180.000,180.000,40.00,17494
181.000,181.000,40.00,26492
183.000,183.000,40.00,138510
184.000,184.000,40.00,212426
185.000,185.000,40.00,270643
187.000,187.000,40.00,19978
188.000,188.000,72.00,19978
188.000,188.000,40.00,19978
188.000,188.000,40.00,3974
189.000,189.000,40.00,17733
191.000,191.000,40.00,17857
192.000,192.000,40.00,18388
193.000,193.000,40.00,18170
194.000,194.000,40.00,18164
195.000,195.000,40.00,18164
195.000,195.000,40.00,89232
196.000,196.000,40.00,132745
198.000,198.000,40.00,186284
199.000,199.000,40.00,82872
200.000,200.000,40.00,139937
201.000,201.000,40.00,0
201.000,201.000,71.00,0
202.000,202.000,40.00,0
202.000,202.000,40.00,7007
203.000,203.000,40.00,20213
205.000,205.000,40.00,34699
206.000,206.000,40.00,49516
207.000,207.000,40.00,56625
208.000,208.000,40.00,63872
209.000,209.000,40.00,72747
210.000,210.000,40.00,80471
211.000,211.000,40.00,80471
212.000,212.000,40.00,88313
213.000,213.000,40.00,97076
214.000,214.000,40.00,82243
215.000,215.000,40.00,3099
215.000,215.000,72.00,3099
217.000,217.000,40.00,36358
218.000,218.000,40.00,178905
219.000,219.000,40.00,180819
220.000,220.000,40.00,180512
221.000,221.000,40.00,165506
222.000,222.000,40.00,177041
224.000,224.000,40.00,175756
225.000,225.000,40.00,179842
226.000,226.000,40.00,180204
228.000,228.000,40.00,68789
229.000,229.000,73.00,2
229.000,229.000,40.00,2
230.000,230.000,40.00,2
231.000,231.000,40.00,17287
232.000,232.000,40.00,20046
233.000,233.000,40.00,19868
234.000,234.000,40.00,20419
235.000,235.000,40.00,20856
236.000,236.000,40.00,21067
238.000,238.000,40.00,11180
240.000,240.000,40.00,16838
241.000,241.000,40.00,18484
242.000,242.000,40.00,3705
243.000,243.000,73.00,3705
243.000,243.000,40.00,202
245.000,245.000,40.00,30426
246.000,246.000,40.00,32334
246.000,246.000,40.00,32334
247.000,247.000,40.00,30238
248.000,248.000,40.00,31101
249.000,249.000,40.00,66948
250.000,250.000,40.00,145536
252.000,252.000,40.00,112153
254.000,254.000,40.00,58430
256.000,256.000,40.00,21611
257.000,257.000,79.00,21611
257.000,257.000,40.00,467
259.000,259.000,40.00,4293
260.000,260.000,40.00,16502
261.000,261.000,40.00,12219
261.000,261.000,40.00,12219
262.000,262.000,40.00,5300
263.000,263.000,40.00,365
264.000,264.000,40.00,0
266.000,266.000,40.00,0
267.000,267.000,40.00,1
268.000,268.000,40.00,6208
269.000,269.000,40.00,22192
270.000,270.000,40.00,0
271.000,271.000,73.00,0
272.000,272.000,40.00,9563
273.000,273.000,40.00,25049
274.000,274.000,40.00,23803
275.000,275.000,40.00,24562
276.000,276.000,40.00,24701
278.000,278.000,40.00,24895
279.000,279.000,40.00,25045
280.000,280.000,40.00,24003
281.000,281.000,40.00,24631
282.000,282.000,40.00,23703
284.000,284.000,40.00,18389
285.000,285.000,73.00,1227
285.000,285.000,40.00,1227
286.000,286.000,40.00,71962
287.000,287.000,40.00,87737
288.000,288.000,40.00,89478
289.000,289.000,40.00,77273
291.000,291.000,40.00,325551
292.000,292.000,40.00,291419
293.000,293.000,40.00,251917
294.000,294.000,40.00,190059
295.000,295.000,40.00,211864
296.000,296.000,40.00,225410
297.000,297.000,40.00,127061
299.000,299.000,40.00,2
299.000,299.000,71.00,2
300.000,300.000,40.00,106632
301.000,301.000,40.00,288126
302.000,302.000,40.00,284946
303.000,303.000,40.00,254490
304.000,304.000,40.00,263081
305.000,305.000,40.00,267502
306.000,306.000,40.00,272153
307.000,307.000,40.00,260455
309.000,309.000,40.00,247537
310.000,310.000,40.00,228888
311.000,311.000,40.00,243198
312.000,312.000,40.00,7402
312.000,312.000,76.00,7402
313.000,313.000,40.00,7583
314.000,314.000,40.00,23757
316.000,316.000,40.00,23046
317.000,317.000,40.00,23059
318.000,318.000,40.00,23081
319.000,319.000,40.00,23056
320.000,320.000,40.00,22742
322.000,322.000,40.00,23035
323.000,323.000,40.00,22457
325.000,325.000,40.00,16003
326.000,326.000,40.00,2
326.000,326.000,72.00,2
327.000,327.000,40.00,15518
329.000,329.000,40.00,20509
330.000,330.000,40.00,57577
331.000,331.000,40.00,129321
332.000,332.000,40.00,205588
333.000,333.000,40.00,187296
334.000,334.000,40.00,246668
335.000,335.000,40.00,228658
337.000,337.000,40.00,228336
339.000,339.000,40.00,162366
340.000,340.000,40.00,1
340.000,340.000,72.00,1
341.000,341.000,40.00,13302
342.000,342.000,40.00,15663
344.000,344.000,40.00,45924
344.000,344.000,40.00,45924
345.000,345.000,40.00,113929
346.000,346.000,40.00,99325
347.000,347.000,40.00,168088
348.000,348.000,40.00,126657
349.000,349.000,40.00,96252
350.000,350.000,40.00,104341
353.000,353.000,40.00,61946
353.000,353.000,40.00,61946
354.000,354.000,40.00,2
354.000,354.000,73.00,2
355.000,355.000,40.00,16038
356.000,356.000,40.00,84794
358.000,358.000,40.00,114743
359.000,359.000,40.00,184466
360.000,360.000,40.00,111354
361.000,361.000,40.00,188081
362.000,362.000,40.00,188081
362.000,362.000,40.00,113887
363.000,363.000,40.00,126952
364.000,364.000,40.00,160519
366.000,366.000,40.00,120587
367.000,367.000,40.00,80894
368.000,368.000,40.00,4029
368.000,368.000,71.00,4029
369.000,369.000,40.00,10692
370.000,370.000,40.00,30020
372.000,372.000,40.00,30994
373.000,373.000,40.00,280679
374.000,374.000,40.00,255498
375.000,375.000,40.00,240999
376.000,376.000,40.00,202742
377.000,377.000,40.00,204677
378.000,378.000,40.00,211739
379.000,379.000,40.00,222128
381.000,381.000,40.00,157316
382.000,382.000,40.00,1
382.000,382.000,73.00,1
383.000,383.000,40.00,36289
384.000,384.000,40.00,229699
385.000,385.000,40.00,158988
386.000,386.000,40.00,148671
388.000,388.000,40.00,153462
389.000,389.000,40.00,162915
390.000,390.000,40.00,162842
391.000,391.000,40.00,163381
392.000,392.000,40.00,171014
393.000,393.000,40.00,175515
395.000,395.000,40.00,126159
396.000,396.000,40.00,1
396.000,396.000,72.00,1
397.000,397.000,40.00,26199
398.000,398.000,40.00,156762
399.000,399.000,40.00,160049
401.000,401.000,40.00,200118
402.000,402.000,40.00,203481
403.000,403.000,40.00,214632
404.000,404.000,40.00,220397
405.000,405.000,40.00,210974
406.000,406.000,40.00,181015
407.000,407.000,40.00,180978
409.000,409.000,40.00,151917
410.000,410.000,40.00,253
410.000,410.000,72.00,253
411.000,411.000,40.00,175918
412.000,412.000,40.00,104499
413.000,413.000,40.00,208059
414.000,414.000,40.00,234018
415.000,415.000,40.00,223571
416.000,416.000,40.00,223571
417.000,417.000,40.00,266950
418.000,418.000,40.00,209239
419.000,419.000,40.00,173207
420.000,420.000,40.00,181891
421.000,421.000,40.00,173143
422.000,422.000,40.00,141731
423.000,423.000,40.00,1
424.000,424.000,71.00,1
425.000,425.000,40.00,15566
426.000,426.000,40.00,37182
427.000,427.000,40.00,79486
428.000,428.000,40.00,326246
429.000,429.000,40.00,272860
430.000,430.000,40.00,207147
432.000,432.000,40.00,185741
433.000,433.000,40.00,201248
434.000,434.000,40.00,190138
435.000,435.000,40.00,205115
436.000,436.000,40.00,135398
437.000,437.000,40.00,2
437.000,437.000,73.00,2
438.000,438.000,40.00,38668
440.000,440.000,40.00,236596
441.000,441.000,40.00,185900
442.000,442.000,40.00,203052
443.000,443.000,40.00,213692
444.000,444.000,40.00,202793
445.000,445.000,40.00,128197
446.000,446.000,40.00,209327
448.000,448.000,40.00,205845
450.000,450.000,40.00,216027
450.000,450.000,40.00,189744
451.000,451.000,40.00,0
451.000,451.000,75.00,0
452.000,452.000,40.00,95615
453.000,453.000,40.00,278597
454.000,454.000,40.00,294235
455.000,455.000,40.00,230699
457.000,457.000,40.00,253300
458.000,458.000,40.00,257300
459.000,459.000,40.00,256613
460.000,460.000,40.00,267665
461.000,461.000,40.00,270561
462.000,462.000,40.00,209968
464.000,464.000,40.00,24042
465.000,465.000,72.00,24042
466.000,466.000,40.00,4442
467.000,467.000,40.00,219114
468.000,468.000,40.00,240403
469.000,469.000,40.00,253832
470.000,470.000,40.00,267388
471.000,471.000,40.00,200700
472.000,472.000,40.00,255163
474.000,474.000,40.00,256530
475.000,475.000,40.00,238271
478.000,478.000,40.00,57331
479.000,479.000,73.00,57331
479.000,479.000,40.00,600
480.000,480.000,40.00,13070
482.000,482.000,40.00,12992
483.000,483.000,40.00,12490
484.000,484.000,40.00,12170
485.000,485.000,40.00,11935
486.000,486.000,40.00,24022
487.000,487.000,40.00,42626
489.000,489.000,40.00,100231
490.000,490.000,40.00,266556
492.000,492.000,40.00,37790
493.000,493.000,73.00,37790
493.000,493.000,40.00,421
494.000,494.000,40.00,20751
495.000,495.000,40.00,20751
495.000,495.000,40.00,19599
497.000,497.000,40.00,19859
498.000,498.000,40.00,19077
499.000,499.000,40.00,19590
500.000,500.000,40.00,21022
501.000,501.000,40.00,19571
503.000,503.000,40.00,20511
504.000,504.000,40.00,19938
505.000,505.000,40.00,18887
506.000,506.000,40.00,0
507.000,507.000,74.00,0
507.000,507.000,40.00,0
507.000,507.000,40.00,6489
509.000,509.000,40.00,17539
510.000,510.000,40.00,17594
511.000,511.000,40.00,19243
512.000,512.000,40.00,12004
513.000,513.000,40.00,14153
514.000,514.000,40.00,16357
516.000,516.000,40.00,15496
516.000,516.000,40.00,15496
517.000,517.000,40.00,14504
518.000,518.000,40.00,11792
519.000,519.000,40.00,9606
520.000,520.000,40.00,1
521.000,521.000,75.00,1
521.000,521.000,40.00,3424
522.000,522.000,40.00,9074
524.000,524.000,40.00,992
524.000,524.000,40.00,992
525.000,525.000,40.00,0
526.000,526.000,40.00,0
527.000,527.000,40.00,0
528.000,528.000,40.00,3213
529.000,529.000,40.00,0
531.000,531.000,40.00,6545
531.000,531.000,40.00,6545
532.000,532.000,40.00,16057
533.000,533.000,40.00,17305
534.000,534.000,40.00,0
534.000,534.000,73.00,0
535.000,535.000,40.00,7253
536.000,536.000,40.00,56631
538.000,538.000,40.00,85049
538.000,538.000,40.00,85049
539.000,539.000,40.00,121418
540.000,540.000,40.00,64259
541.000,541.000,40.00,72878
542.000,542.000,40.00,56847
543.000,543.000,40.00,53425
545.000,545.000,40.00,51228
545.000,545.000,40.00,51228
547.000,547.000,40.00,75644
547.000,547.000,40.00,45404
548.000,548.000,40.00,3799
548.000,548.000,74.00,3799
549.000,549.000,40.00,5127
550.000,550.000,40.00,10819
551.000,551.000,40.00,9577
553.000,553.000,40.00,13171
554.000,554.000,40.00,12669
555.000,555.000,40.00,11498
556.000,556.000,40.00,12795
557.000,557.000,40.00,12182
558.000,558.000,40.00,10832
561.000,561.000,40.00,11994
562.000,562.000,40.00,1
562.000,562.000,87.00,1
563.000,563.000,40.00,3911
564.000,564.000,40.00,9061
565.000,565.000,40.00,6723
567.000,567.000,40.00,1319
568.000,568.000,40.00,5277
569.000,569.000,40.00,4897
570.000,570.000,40.00,4958
571.000,571.000,40.00,8780
572.000,572.000,40.00,9669
573.000,573.000,40.00,9100
575.000,575.000,40.00,8690
575.000,575.000,40.00,8690
576.000,576.000,40.00,1
576.000,576.000,93.00,1
577.000,577.000,40.00,2898
578.000,578.000,40.00,8903
579.000,579.000,40.00,8106
580.000,580.000,40.00,9044
581.000,581.000,40.00,8464
583.000,583.000,40.00,8833
585.000,585.000,40.00,10940
586.000,586.000,40.00,9937
587.000,587.000,40.00,9648
588.000,588.000,40.00,10707
590.000,590.000,40.00,0
590.000,590.000,98.00,0
591.000,591.000,40.00,3787
592.000,592.000,40.00,10793
593.000,593.000,40.00,10793
593.000,593.000,40.00,11500
594.000,594.000,40.00,11213
595.000,595.000,40.00,23709
596.000,596.000,40.00,63160
598.000,598.000,40.00,49059
599.000,599.000,40.00,24677
600.000,600.000,40.00,25926
601.000,601.000,40.00,30047
602.000,602.000,40.00,34088
603.000,603.000,40.00,34088
603.000,603.000,40.00,1521
604.000,604.000,89.00,1521
604.000,604.000,40.00,1688
606.000,606.000,40.00,12224
607.000,607.000,40.00,12099
608.000,608.000,40.00,11921
609.000,609.000,40.00,12168
610.000,610.000,40.00,12754
611.000,611.000,40.00,12304
612.000,612.000,40.00,12304
612.000,612.000,40.00,23802
614.000,614.000,40.00,34671
615.000,615.000,40.00,42758
617.000,617.000,40.00,6995
618.000,618.000,88.00,6995
618.000,618.000,40.00,161
619.000,619.000,40.00,11611
620.000,620.000,40.00,11976
621.000,621.000,40.00,11976
622.000,622.000,40.00,11903
623.000,623.000,40.00,12077
624.000,624.000,40.00,11397
625.000,625.000,40.00,12116
626.000,626.000,40.00,12419
627.000,627.000,40.00,11571
628.000,628.000,40.00,12063
629.000,629.000,40.00,12063
631.000,631.000,40.00,3617
632.000,632.000,84.00,3
632.000,632.000,40.00,3
633.000,633.000,40.00,7886
634.000,634.000,40.00,10186
635.000,635.000,40.00,9404
636.000,636.000,40.00,8894
637.000,637.000,40.00,8894
638.000,638.000,40.00,12034
639.000,639.000,40.00,11595
640.000,640.000,40.00,12626
641.000,641.000,40.00,11870
642.000,642.000,40.00,12050
643.000,643.000,40.00,11222
644.000,644.000,40.00,7924
646.000,646.000,40.00,2
646.000,646.000,91.00,2
646.000,646.000,40.00,2
647.000,647.000,40.00,8348
648.000,648.000,40.00,12229
649.000,649.000,40.00,12427
650.000,650.000,40.00,12183
651.000,651.000,40.00,11746
652.000,652.000,40.00,15403
654.000,654.000,40.00,35923
655.000,655.000,40.00,31833
656.000,656.000,40.00,35508
656.000,656.000,40.00,35508
657.000,657.000,40.00,37922
658.000,658.000,40.00,24812
659.000,659.000,40.00,2
660.000,660.000,83.00,2
660.000,660.000,40.00,5907
662.000,662.000,40.00,30932
663.000,663.000,40.00,49212
664.000,664.000,40.00,49212
664.000,664.000,40.00,38787
665.000,665.000,40.00,48262
666.000,666.000,40.00,45409
667.000,667.000,40.00,40319
669.000,669.000,40.00,46954
670.000,670.000,40.00,44704
671.000,671.000,40.00,39872
672.000,672.000,40.00,27171
673.000,673.000,40.00,1
673.000,673.000,95.00,1
674.000,674.000,40.00,1
674.000,674.000,40.00,5848
675.000,675.000,40.00,9735
677.000,677.000,40.00,9953
678.000,678.000,40.00,9860
679.000,679.000,40.00,9649
680.000,680.000,40.00,8544
681.000,681.000,40.00,8354
682.000,682.000,40.00,8607
683.000,683.000,40.00,11233
686.000,686.000,40.00,6480
687.000,687.000,40.00,6480
687.000,687.000,40.00,1754
687.000,687.000,87.00,1754
688.000,688.000,40.00,1892
689.000,689.000,40.00,6253
690.000,690.000,40.00,4765
691.000,691.000,40.00,3516
693.000,693.000,40.00,2854
694.000,694.000,40.00,1017
695.000,695.000,40.00,3777
695.000,695.000,40.00,3777
696.000,696.000,40.00,2207
697.000,697.000,40.00,3541
698.000,698.000,40.00,8356
699.000,699.000,40.00,9032
700.000,700.000,40.00,9032
701.000,701.000,40.00,0
701.000,701.000,95.00,0
702.000,702.000,40.00,2822
703.000,703.000,40.00,2822
703.000,703.000,40.00,9574
704.000,704.000,40.00,9744
705.000,705.000,40.00,8959
707.000,707.000,40.00,12256
708.000,708.000,40.00,13490
709.000,709.000,40.00,5720
710.000,710.000,40.00,5720
710.000,710.000,40.00,7247
711.000,711.000,40.00,6388
712.000,712.000,40.00,5666
714.000,714.000,40.00,10063
715.000,715.000,40.00,0
715.000,715.000,91.00,0
716.000,716.000,40.00,1909
717.000,717.000,40.00,6766
718.000,718.000,40.00,6766
718.000,718.000,40.00,8009
720.000,720.000,40.00,10516
721.000,721.000,40.00,9521
722.000,722.000,40.00,6987
723.000,723.000,40.00,10307
724.000,724.000,40.00,9363
725.000,725.000,40.00,12854
726.000,726.000,40.00,12854
728.000,728.000,40.00,13122
729.000,729.000,40.00,1
729.000,729.000,85.00,1
730.000,730.000,40.00,4896
731.000,731.000,40.00,9885
732.000,732.000,40.00,11993
733.000,733.000,40.00,11993
734.000,734.000,40.00,33294
735.000,735.000,40.00,26487
736.000,736.000,40.00,35431
737.000,737.000,40.00,33724
738.000,738.000,40.00,36283
739.000,739.000,40.00,57363
740.000,740.000,40.00,57363
742.000,742.000,40.00,32525
743.000,743.000,40.00,2
743.000,743.000,83.00,2
744.000,744.000,40.00,8124
745.000,745.000,40.00,10774
746.000,746.000,40.00,15216
748.000,748.000,40.00,36378
748.000,748.000,40.00,36378
749.000,749.000,40.00,26849
750.000,750.000,40.00,45831
751.000,751.000,40.00,42860
752.000,752.000,40.00,41406
754.000,754.000,40.00,47433
756.000,756.000,40.00,18308
757.000,757.000,90.00,18308
757.000,757.000,40.00,3
758.000,758.000,40.00,12453
759.000,759.000,40.00,12453
759.000,759.000,40.00,12073
761.000,761.000,40.00,11484
762.000,762.000,40.00,11493
763.000,763.000,40.00,12677
764.000,764.000,40.00,25414
765.000,765.000,40.00,29307
767.000,767.000,40.00,27174
768.000,768.000,40.00,31067
770.000,770.000,40.00,2140
771.000,771.000,83.00,2140
771.000,771.000,40.00,424
772.000,772.000,40.00,10766
774.000,774.000,40.00,15834
775.000,775.000,40.00,41734
776.000,776.000,40.00,36807
777.000,777.000,40.00,36621
778.000,778.000,40.00,36875
779.000,779.000,40.00,22666
781.000,781.000,40.00,22359
782.000,782.000,40.00,22170
784.000,784.000,40.00,0
785.000,785.000,92.00,0
785.000,785.000,40.00,3976
787.000,787.000,40.00,12289
788.000,788.000,40.00,12350
789.000,789.000,40.00,12452
790.000,790.000,40.00,12891
791.000,791.000,40.00,12618
792.000,792.000,40.00,12197
794.000,794.000,40.00,12675
795.000,795.000,40.00,12183
796.000,796.000,40.00,12660
797.000,797.000,40.00,8572
798.000,798.000,40.00,2
799.000,799.000,83.00,2
800.000,800.000,40.00,5644
801.000,801.000,40.00,12250
802.000,802.000,40.00,11961
803.000,803.000,40.00,11458
804.000,804.000,40.00,11323
805.000,805.000,40.00,11989
807.000,807.000,40.00,12153
808.000,808.000,40.00,12216
809.000,809.000,40.00,12511
810.000,810.000,40.00,12040
811.000,811.000,40.00,6607
812.000,812.000,91.00,2
813.000,813.000,40.00,2
814.000,814.000,40.00,10164
815.000,815.000,40.00,11397
816.000,816.000,40.00,11695
817.000,817.000,40.00,11971
818.000,818.000,40.00,11942
820.000,820.000,40.00,11965
821.000,821.000,40.00,11934
822.000,822.000,40.00,11981
823.000,823.000,40.00,11751
826.000,826.000,40.00,1151
826.000,826.000,84.00,1151
827.000,827.000,40.00,114
828.000,828.000,40.00,6830
829.000,829.000,40.00,10599
830.000,830.000,40.00,15157
831.000,831.000,40.00,18496
833.000,833.000,40.00,21559
834.000,834.000,40.00,25592
835.000,835.000,40.00,28812
836.000,836.000,40.00,32349
837.000,837.000,40.00,33928
839.000,839.000,40.00,28972
840.000,840.000,40.00,0
840.000,840.000,92.00,0
841.000,841.000,40.00,9077
842.000,842.000,40.00,36653
843.000,843.000,40.00,21529
844.000,844.000,40.00,21529
844.000,844.000,40.00,20785
846.000,846.000,40.00,12629
847.000,847.000,40.00,18191
848.000,848.000,40.00,15688
849.000,849.000,40.00,15032
850.000,850.000,40.00,18307
853.000,853.000,40.00,11486
853.000,853.000,40.00,11486
854.000,854.000,40.00,1
854.000,854.000,85.00,1
855.000,855.000,40.00,6129
856.000,856.000,40.00,12040
857.000,857.000,40.00,12999
858.000,858.000,40.00,12800
860.000,860.000,40.00,12345
860.000,860.000,40.00,12345
861.000,861.000,40.00,12140
862.000,862.000,40.00,12069
863.000,863.000,40.00,12093
864.000,864.000,40.00,12059
868.000,868.000,91.00,2550
868.000,868.000,40.00,2550
869.000,869.000,40.00,35130
870.000,870.000,40.00,35764
872.000,872.000,40.00,37174
873.000,873.000,40.00,36752
874.000,874.000,40.00,31610
875.000,875.000,40.00,31610
875.000,875.000,40.00,26347
876.000,876.000,40.00,11697
877.000,877.000,40.00,10309
879.000,879.000,40.00,6953
881.000,881.000,40.00,178
882.000,882.000,73.00,2
882.000,882.000,40.00,2
883.000,883.000,40.00,52610
884.000,884.000,40.00,52610
884.000,884.000,40.00,9923
885.000,885.000,40.00,8321
887.000,887.000,40.00,7159
888.000,888.000,40.00,1885
889.000,889.000,40.00,11698
890.000,890.000,40.00,232988
892.000,892.000,40.00,238967
893.000,893.000,40.00,234503
895.000,895.000,40.00,68360
896.000,896.000,83.00,68360
896.000,896.000,40.00,1668
897.000,897.000,40.00,5624
898.000,898.000,40.00,8087
899.000,899.000,40.00,5233
901.000,901.000,40.00,6694
902.000,902.000,40.00,6127
903.000,903.000,40.00,6632
904.000,904.000,40.00,6486
905.000,905.000,40.00,6787
906.000,906.000,40.00,6803
907.000,907.000,40.00,6778
909.000,909.000,40.00,5128
910.000,910.000,87.00,750
910.000,910.000,40.00,750
911.000,911.000,40.00,5835
912.000,912.000,40.00,7780
913.000,913.000,40.00,7319
914.000,914.000,40.00,8555
916.000,916.000,40.00,8979
917.000,917.000,40.00,9205
918.000,918.000,40.00,8376
919.000,919.000,40.00,7580
920.000,920.000,40.00,12339
921.000,921.000,40.00,11798
922.000,922.000,40.00,8797
923.000,923.000,120.00,8797
924.000,924.000,40.00,4311
925.000,925.000,40.00,9189
926.000,926.000,40.00,9549
927.000,927.000,40.00,7515
928.000,928.000,40.00,5998
929.000,929.000,40.00,5125
930.000,930.000,40.00,4441
932.000,932.000,40.00,7462
933.000,933.000,40.00,11986
934.000,934.000,40.00,9341
936.000,936.000,40.00,11303
937.000,937.000,85.00,2
937.000,937.000,40.00,2
939.000,939.000,40.00,5492
940.000,940.000,40.00,7801
941.000,941.000,40.00,9130
942.000,942.000,40.00,7718
943.000,943.000,40.00,7720
944.000,944.000,40.00,7331
945.000,945.000,40.00,7949
947.000,947.000,40.00,8406
948.000,948.000,40.00,11590
950.000,950.000,40.00,7563
951.000,951.000,92.00,2
951.000,951.000,40.00,2
952.000,952.000,40.00,7013
954.000,954.000,40.00,22345
955.000,955.000,40.00,11464
956.000,956.000,40.00,12290
957.000,957.000,40.00,7645
958.000,958.000,40.00,4648
959.000,959.000,40.00,1184
960.000,960.000,40.00,3622
962.000,962.000,40.00,42940
964.000,964.000,40.00,49465
964.000,964.000,40.00,35729
965.000,965.000,72.00,1723
965.000,965.000,40.00,1723
966.000,966.000,40.00,26733
968.000,968.000,40.00,32159
969.000,969.000,40.00,30680
970.000,970.000,40.00,143845
971.000,971.000,40.00,143845
971.000,971.000,40.00,197804
972.000,972.000,40.00,189850
973.000,973.000,40.00,201712
974.000,974.000,40.00,217859
976.000,976.000,40.00,198582
977.000,977.000,40.00,170493
978.000,978.000,40.00,112983
978.000,978.000,40.00,112983
979.000,979.000,73.00,6
979.000,979.000,40.00,6
980.000,980.000,40.00,25978
981.000,981.000,40.00,25412
983.000,983.000,40.00,58523
984.000,984.000,40.00,210380
985.000,985.000,40.00,238767
986.000,986.000,40.00,219951
987.000,987.000,40.00,235213
988.000,988.000,40.00,235213
988.000,988.000,40.00,243501
989.000,989.000,40.00,237748
990.000,990.000,40.00,222277
992.000,992.000,40.00,159615
993.000,993.000,40.00,2
993.000,993.000,72.00,2
994.000,994.000,40.00,13880
995.000,995.000,40.00,108383
996.000,996.000,40.00,312386
997.000,997.000,40.00,402783
998.000,998.000,40.00,261128
999.000,999.000,40.00,361225
1001.000,1001.000,40.00,304817
1002.000,1002.000,40.00,304802
1003.000,1003.000,40.00,305746
1004.000,1004.000,40.00,314093
1005.000,1005.000,40.00,258906
1006.000,1006.000,40.00,258906
1006.000,1006.000,40.00,0
1007.000,1007.000,71.00,0
1007.000,1007.000,40.00,68061
1008.000,1008.000,40.00,258632
1009.000,1009.000,40.00,319403
1011.000,1011.000,40.00,258825
1012.000,1012.000,40.00,101639
1013.000,1013.000,40.00,168916
1014.000,1014.000,40.00,181618
1015.000,1015.000,40.00,319610
1016.000,1016.000,40.00,321551
1017.000,1017.000,40.00,305642
1018.000,1018.000,40.00,339409
1020.000,1020.000,40.00,48249
1020.000,1020.000,73.00,48249
1021.000,1021.000,40.00,1758
1021.000,1021.000,40.00,1758
1022.000,1022.000,40.00,13036
1023.000,1023.000,40.00,121683
1024.000,1024.000,40.00,290171
1025.000,1025.000,40.00,340489
1026.000,1026.000,40.00,324474
1028.000,1028.000,40.00,226463
1029.000,1029.000,40.00,210387
1030.000,1030.000,40.00,261310
1031.000,1031.000,40.00,72681
1033.000,1033.000,40.00,71003
1034.000,1034.000,72.00,71003
1034.000,1034.000,40.00,3
1036.000,1036.000,40.00,31075
1037.000,1037.000,40.00,32137
1038.000,1038.000,40.00,28766
1039.000,1039.000,40.00,30283
1040.000,1040.000,40.00,29190
1042.000,1042.000,40.00,171960
1043.000,1043.000,40.00,151185
1044.000,1044.000,40.00,119460
1045.000,1045.000,40.00,126934
1046.000,1046.000,40.00,126934
1047.000,1047.000,40.00,10416
1048.000,1048.000,79.00,10416
1049.000,1049.000,40.00,785
1050.000,1050.000,40.00,6875
1051.000,1051.000,40.00,4186
1052.000,1052.000,40.00,5879
1053.000,1053.000,40.00,9074
1054.000,1054.000,40.00,10511
1056.000,1056.000,40.00,9012
1057.000,1057.000,40.00,9556
1058.000,1058.000,40.00,8696
1059.000,1059.000,40.00,7701
1060.000,1060.000,40.00,6782
1062.000,1062.000,40.00,5375
1062.000,1062.000,82.00,5375
1063.000,1063.000,40.00,2390
1064.000,1064.000,40.00,3568
1065.000,1065.000,40.00,5453
1066.000,1066.000,40.00,6233
1067.000,1067.000,40.00,9756
1069.000,1069.000,40.00,18724
1070.000,1070.000,40.00,20707
1071.000,1071.000,40.00,15655
1072.000,1072.000,40.00,24322
1073.000,1073.000,40.00,16113
1075.000,1075.000,40.00,14076
1076.000,1076.000,40.00,1317
1076.000,1076.000,85.00,1317
1077.000,1077.000,40.00,4918
1078.000,1078.000,40.00,12276
1079.000,1079.000,40.00,9002
1080.000,1080.000,40.00,10050
1082.000,1082.000,40.00,6962
1084.000,1084.000,40.00,14645
1085.000,1085.000,40.00,12595
1086.000,1086.000,40.00,9740
1089.000,1089.000,40.00,14248
1090.000,1090.000,91.00,2
1090.000,1090.000,40.00,2
1091.000,1091.000,40.00,3303
1092.000,1092.000,40.00,5005
1093.000,1093.000,40.00,6916
1095.000,1095.000,40.00,2291
1096.000,1096.000,40.00,3085
1097.000,1097.000,40.00,2323
1098.000,1098.000,40.00,1575
1099.000,1099.000,40.00,1575
1099.000,1099.000,40.00,156
1101.000,1101.000,40.00,343
1103.000,1103.000,40.00,0
1104.000,1104.000,171.00,0
1104.000,1104.000,40.00,1236
1105.000,1105.000,40.00,37194
1106.000,1106.000,40.00,15538
1108.000,1108.000,40.00,2301
1109.000,1109.000,40.00,5777
1110.000,1110.000,40.00,9552
1111.000,1111.000,40.00,4606
1112.000,1112.000,40.00,6620
1113.000,1113.000,40.00,6834
1115.000,1115.000,40.00,1946
1117.000,1117.000,40.00,0
1118.000,1118.000,121.00,0
1118.000,1118.000,40.00,8195
1119.000,1119.000,40.00,166438
1120.000,1120.000,40.00,166438
1120.000,1120.000,40.00,218987
1122.000,1122.000,40.00,139459
1123.000,1123.000,40.00,267705
1124.000,1124.000,40.00,343426
1125.000,1125.000,40.00,352340
1126.000,1126.000,40.00,341375
1127.000,1127.000,40.00,362890
1128.000,1128.000,40.00,358397
1129.000,1129.000,40.00,373519
1131.000,1131.000,40.00,170113
1132.000,1132.000,72.00,170113
1132.000,1132.000,40.00,3
1133.000,1133.000,40.00,325668
1134.000,1134.000,40.00,386462
1135.000,1135.000,40.00,368530
1136.000,1136.000,40.00,368530
1136.000,1136.000,40.00,358745
1137.000,1137.000,40.00,348097
1138.000,1138.000,40.00,367051
1140.000,1140.000,40.00,369581
1141.000,1141.000,40.00,367234
1142.000,1142.000,40.00,359350
1143.000,1143.000,40.00,305093
1144.000,1144.000,40.00,266277
1145.000,1145.000,40.00,6236
1145.000,1145.000,75.00,6236
1146.000,1146.000,40.00,23289
1147.000,1147.000,40.00,117569
1149.000,1149.000,40.00,78293
1150.000,1150.000,40.00,178653
1151.000,1151.000,40.00,192356
1152.000,1152.000,40.00,194590
1153.000,1153.000,40.00,204195
1154.000,1154.000,40.00,202686
1155.000,1155.000,40.00,202757
1157.000,1157.000,40.00,206553
1157.000,1157.000,40.00,206553
1158.000,1158.000,40.00,171518
1159.000,1159.000,40.00,1
1159.000,1159.000,72.00,1
1160.000,1160.000,40.00,13271
1161.000,1161.000,40.00,33052
1162.000,1162.000,40.00,174262
1164.000,1164.000,40.00,294157
1165.000,1165.000,40.00,307639
1166.000,1166.000,40.00,313300
1167.000,1167.000,40.00,301117
1168.000,1168.000,40.00,306202
1169.000,1169.000,40.00,317433
1170.000,1170.000,40.00,311737
1171.000,1171.000,40.00,311737
1171.000,1171.000,40.00,291645
1171.000,1171.000,40.00,291645
1172.000,1172.000,40.00,29183
1173.000,1173.000,72.00,29183
1174.000,1174.000,40.00,6259
1175.000,1175.000,40.00,16934
1176.000,1176.000,40.00,17836
1177.000,1177.000,40.00,20820
1178.000,1178.000,40.00,20917
1180.000,1180.000,40.00,21739
1181.000,1181.000,40.00,21734
1182.000,1182.000,40.00,19997
1183.000,1183.000,40.00,19278
1184.000,1184.000,40.00,19715
1185.000,1185.000,40.00,17215
1187.000,1187.000,40.00,1
1187.000,1187.000,73.00,1
1188.000,1188.000,40.00,9447
1189.000,1189.000,40.00,16909
1190.000,1190.000,40.00,18152
1191.000,1191.000,40.00,16612
1192.000,1192.000,40.00,17462
1194.000,1194.000,40.00,16188
1195.000,1195.000,40.00,17284
1196.000,1196.000,40.00,16649
1197.000,1197.000,40.00,54253
1198.000,1198.000,40.00,50557
1200.000,1200.000,40.00,32872
1201.000,1201.000,74.00,62
1201.000,1201.000,40.00,62
1202.000,1202.000,40.00,16305
1203.000,1203.000,40.00,17988
1204.000,1204.000,40.00,19734
1205.000,1205.000,40.00,19409
1207.000,1207.000,40.00,20284
1208.000,1208.000,40.00,17165
1209.000,1209.000,40.00,16130
1210.000,1210.000,40.00,18974
1211.000,1211.000,40.00,17989
1212.000,1212.000,40.00,18707
1214.000,1214.000,40.00,2506
1214.000,1214.000,40.00,2506
1215.000,1215.000,74.00,2506
1215.000,1215.000,40.00,3
1216.000,1216.000,40.00,166
1217.000,1217.000,40.00,33
1218.000,1218.000,40.00,8945
1220.000,1220.000,40.00,18958
1221.000,1221.000,40.00,57045
1222.000,1222.000,40.00,75505
1223.000,1223.000,40.00,75742
1224.000,1224.000,40.00,181091
1226.000,1226.000,40.00,214622
1228.000,1228.000,40.00,15481
1228.000,1228.000,74.00,15481
1229.000,1229.000,40.00,6454
1230.000,1230.000,40.00,6454
1230.000,1230.000,40.00,23015
1231.000,1231.000,40.00,22031
1233.000,1233.000,40.00,11908
1234.000,1234.000,40.00,20668
1235.000,1235.000,40.00,22419
1236.000,1236.000,40.00,21646
1237.000,1237.000,40.00,16971
1238.000,1238.000,40.00,13224
1241.000,1241.000,40.00,12725
1242.000,1242.000,40.00,0
1242.000,1242.000,79.00,0
1243.000,1243.000,40.00,3926
1244.000,1244.000,40.00,3926
1244.000,1244.000,40.00,12548
1245.000,1245.000,40.00,6278
1246.000,1246.000,40.00,22
1248.000,1248.000,40.00,0
1249.000,1249.000,40.00,4237
1250.000,1250.000,40.00,7366
1251.000,1251.000,40.00,7891
1252.000,1252.000,40.00,8062
1253.000,1253.000,40.00,8100
1256.000,1256.000,40.00,794
1256.000,1256.000,74.00,794
1257.000,1257.000,40.00,1646
1258.000,1258.000,40.00,7441
1259.000,1259.000,40.00,12947
1260.000,1260.000,40.00,12115
1261.000,1261.000,40.00,10726
1262.000,1262.000,40.00,11115
1264.000,1264.000,40.00,10489
1265.000,1265.000,40.00,11408
1266.000,1266.000,40.00,12327
1267.000,1267.000,40.00,14179
1269.000,1269.000,40.00,4366
1270.000,1270.000,92.00,4366
1271.000,1271.000,40.00,2653
1271.000,1271.000,40.00,2653
1272.000,1272.000,40.00,15801
1273.000,1273.000,40.00,12100
1274.000,1274.000,40.00,27124
1275.000,1275.000,40.00,30641
1276.000,1276.000,40.00,16448
1278.000,1278.000,40.00,22282
1279.000,1279.000,40.00,28008
1280.000,1280.000,40.00,23371
1281.000,1281.000,40.00,30915
1283.000,1283.000,40.00,0
1284.000,1284.000,77.00,0
1285.000,1285.000,40.00,5458
1286.000,1286.000,40.00,14872
1287.000,1287.000,40.00,37054
1288.000,1288.000,40.00,49160
1289.000,1289.000,40.00,50041
1290.000,1290.000,40.00,56232
1292.000,1292.000,40.00,52221
1293.000,1293.000,40.00,45786
1294.000,1294.000,40.00,31830
1295.000,1295.000,40.00,49048
1296.000,1296.000,40.00,36418
1297.000,1297.000,40.00,0
1298.000,1298.000,77.00,0
1298.000,1298.000,40.00,3787
1300.000,1300.000,40.00,25687
1301.000,1301.000,40.00,23824
1302.000,1302.000,40.00,32541
1303.000,1303.000,40.00,39348
1304.000,1304.000,40.00,38261
1305.000,1305.000,40.00,36812
1306.000,1306.000,40.00,40214
1308.000,1308.000,40.00,42630
1309.000,1309.000,40.00,45572
1311.000,1311.000,40.00,360
1312.000,1312.000,78.00,360
1312.000,1312.000,40.00,5485
1313.000,1313.000,40.00,21952
1315.000,1315.000,40.00,55774
1316.000,1316.000,40.00,59032
1316.000,1316.000,40.00,59032
1317.000,1317.000,40.00,66088
1318.000,1318.000,40.00,44252
1319.000,1319.000,40.00,24015
1320.000,1320.000,40.00,46345
1321.000,1321.000,40.00,53537
1323.000,1323.000,40.00,35168
1325.000,1325.000,40.00,0
1326.000,1326.000,78.00,0
1326.000,1326.000,40.00,2382
1327.000,1327.000,40.00,11983
1328.000,1328.000,40.00,27756
1329.000,1329.000,40.00,244
1331.000,1331.000,40.00,5310
1332.000,1332.000,40.00,28877
1333.000,1333.000,40.00,56474
1334.000,1334.000,40.00,41920
1335.000,1335.000,40.00,71177
1336.000,1336.000,40.00,54668
1339.000,1339.000,40.00,0
1339.000,1339.000,40.00,0
1339.000,1339.000,89.00,0
1340.000,1340.000,40.00,3712
1341.000,1341.000,40.00,5488
1342.000,1342.000,40.00,13270
1343.000,1343.000,40.00,19494
1345.000,1345.000,40.00,20070
1346.000,1346.000,40.00,31703
1347.000,1347.000,40.00,21565
1348.000,1348.000,40.00,31160
1349.000,1349.000,40.00,37620
1350.000,1350.000,40.00,43338
1352.000,1352.000,40.00,48230
1353.000,1353.000,40.00,0
1353.000,1353.000,76.00,0
1354.000,1354.000,40.00,6530
1355.000,1355.000,40.00,10340
1356.000,1356.000,40.00,24941
1357.000,1357.000,40.00,28607
1358.000,1358.000,40.00,35044
1360.000,1360.000,40.00,24741
1361.000,1361.000,40.00,32530
1362.000,1362.000,40.00,23859
1363.000,1363.000,40.00,29817
1364.000,1364.000,40.00,8989
1365.000,1365.000,40.00,19811
1367.000,1367.000,40.00,0
1367.000,1367.000,83.00,0
1368.000,1368.000,40.00,1754
1369.000,1369.000,40.00,520
1370.000,1370.000,40.00,3673
1371.000,1371.000,40.00,4651
1372.000,1372.000,40.00,6261
1374.000,1374.000,40.00,8992
1375.000,1375.000,40.00,6098
1376.000,1376.000,40.00,7503
1377.000,1377.000,40.00,11643
1378.000,1378.000,40.00,14757
1379.000,1379.000,40.00,13567
1380.000,1380.000,40.00,0
1381.000,1381.000,120.00,0
1382.000,1382.000,40.00,18310
1383.000,1383.000,40.00,23973
1384.000,1384.000,40.00,34333
1385.000,1385.000,40.00,23700
1386.000,1386.000,40.00,24024
1387.000,1387.000,40.00,25753
1389.000,1389.000,40.00,21511
1390.000,1390.000,40.00,14831
1391.000,1391.000,40.00,12147
1392.000,1392.000,40.00,19157
1393.000,1393.000,40.00,14595
1394.000,1394.000,40.00,0
1395.000,1395.000,73.00,0
1396.000,1396.000,40.00,6985
1397.000,1397.000,40.00,15953
1398.000,1398.000,40.00,28268
1399.000,1399.000,40.00,14921
1400.000,1400.000,40.00,15597
1401.000,1401.000,40.00,14050
1403.000,1403.000,40.00,14906
1404.000,1404.000,40.00,24865
1405.000,1405.000,40.00,27283
1406.000,1406.000,40.00,21366
1407.000,1407.000,40.00,29308
1408.000,1408.000,40.00,0
1409.000,1409.000,104.00,0
1409.000,1409.000,40.00,2681
1411.000,1411.000,40.00,2367
1412.000,1412.000,40.00,1549
1413.000,1413.000,40.00,19145
1414.000,1414.000,40.00,41944
1415.000,1415.000,40.00,41944
1415.000,1415.000,40.00,24400
1416.000,1416.000,40.00,19568
1417.000,1417.000,40.00,20381
1419.000,1419.000,40.00,31285
1420.000,1420.000,40.00,31808
1422.000,1422.000,40.00,275
1423.000,1423.000,78.00,275
1423.000,1423.000,40.00,3947
1424.000,1424.000,40.00,11949
1426.000,1426.000,40.00,4199
1427.000,1427.000,40.00,14111
1428.000,1428.000,40.00,6571
1429.000,1429.000,40.00,14662
1430.000,1430.000,40.00,22480
1431.000,1431.000,40.00,17032
1433.000,1433.000,40.00,19967
1433.000,1433.000,40.00,19967
1434.000,1434.000,40.00,22671
1436.000,1436.000,40.00,0
1437.000,1437.000,80.00,0
1437.000,1437.000,40.00,2794
1438.000,1438.000,40.00,11262
1440.000,1440.000,40.00,1112
1441.000,1441.000,40.00,1237
1442.000,1442.000,40.00,4471
1443.000,1443.000,40.00,7265
1444.000,1444.000,40.00,1079
1445.000,1445.000,40.00,422
1446.000,1446.000,40.00,5226
1448.000,1448.000,40.00,2418
1450.000,1450.000,40.00,22
1451.000,1451.000,113.00,22
1451.000,1451.000,40.00,1
1452.000,1452.000,40.00,5115
1453.000,1453.000,40.00,5024
1455.000,1455.000,40.00,309
1456.000,1456.000,40.00,3129
1457.000,1457.000,40.00,3227
1458.000,1458.000,40.00,2937
1459.000,1459.000,40.00,2668
1460.000,1460.000,40.00,2241
1462.000,1462.000,40.00,2168
1464.000,1464.000,40.00,2265
1465.000,1465.000,81.00,2265
1465.000,1465.000,40.00,116
1466.000,1466.000,40.00,3290
1467.000,1467.000,40.00,4424
1469.000,1469.000,40.00,2388
1470.000,1470.000,40.00,3259
1471.000,1471.000,40.00,3635
1472.000,1472.000,40.00,2300
1473.000,1473.000,40.00,2656
1474.000,1474.000,40.00,1853
1475.000,1475.000,40.00,1062
1478.000,1478.000,40.00,1943
1479.000,1479.000,128.00,1943
1479.000,1479.000,40.00,316
1480.000,1480.000,40.00,1318
1481.000,1481.000,40.00,1698
1482.000,1482.000,40.00,1938
1483.000,1483.000,40.00,1294
1484.000,1484.000,40.00,2536
1485.000,1485.000,40.00,3180
1486.000,1486.000,40.00,3554
1488.000,1488.000,40.00,2358
1489.000,1489.000,40.00,2491
1490.000,1490.000,40.00,2513
1491.000,1491.000,40.00,3201
1492.000,1492.000,40.00,2263
1493.000,1493.000,40.00,2113
1494.000,1494.000,889.00,2113
1494.000,1494.000,40.00,2246
1495.000,1495.000,40.00,1866
1496.000,1496.000,40.00,1635
1498.000,1498.000,40.00,2399
1499.000,1499.000,40.00,2668
1500.000,1500.000,40.00,2865
1501.000,1501.000,40.00,2169
1502.000,1502.000,40.00,1118
1503.000,1503.000,40.00,3195
1505.000,1505.000,40.00,4466
1507.000,1507.000,40.00,1252
1507.000,1507.000,85.00,1252
1508.000,1508.000,40.00,1700
1509.000,1509.000,40.00,4970
1510.000,1510.000,40.00,2498
1511.000,1511.000,40.00,2904
1513.000,1513.000,40.00,2477
1514.000,1514.000,40.00,3436
1515.000,1515.000,40.00,1485
1516.000,1516.000,40.00,1698
1517.000,1517.000,40.00,1406
1518.000,1518.000,40.00,692
1519.000,1519.000,40.00,1619
1520.000,1520.000,40.00,1619
1521.000,1521.000,40.00,1454
1521.000,1521.000,88.00,1454
1522.000,1522.000,40.00,278
1523.000,1523.000,40.00,928
1524.000,1524.000,40.00,1621
1525.000,1525.000,40.00,1966
1526.000,1526.000,40.00,1364
1528.000,1528.000,40.00,1239
1529.000,1529.000,40.00,1207
1530.000,1530.000,40.00,1297
1531.000,1531.000,40.00,1073
1532.000,1532.000,40.00,771
1534.000,1534.000,40.00,927
1535.000,1535.000,94.00,927
1536.000,1536.000,40.00,70
1537.000,1537.000,40.00,3119
1538.000,1538.000,40.00,7156
1539.000,1539.000,40.00,8279
1540.000,1540.000,40.00,9115
1541.000,1541.000,40.00,8256
1542.000,1542.000,40.00,5823
1543.000,1543.000,40.00,9819
1544.000,1544.000,40.00,7277
1545.000,1545.000,40.00,3771
1546.000,1546.000,40.00,4381
1547.000,1547.000,40.00,3202
1547.000,1547.000,40.00,3202
1548.000,1548.000,40.00,2531
1549.000,1549.000,73.00,2531
1550.000,1550.000,40.00,899
1551.000,1551.000,40.00,2448
1552.000,1552.000,40.00,6263
1553.000,1553.000,40.00,9502
1554.000,1554.000,40.00,10289
1555.000,1555.000,40.00,10400
1556.000,1556.000,40.00,9807
1557.000,1557.000,40.00,5253
1559.000,1559.000,40.00,6425
1560.000,1560.000,40.00,8830
1562.000,1562.000,40.00,7688
1563.000,1563.000,80.00,7688
1563.000,1563.000,40.00,372
1564.000,1564.000,40.00,10677
1566.000,1566.000,40.00,10927
1567.000,1567.000,40.00,12072
1568.000,1568.000,40.00,10151
1569.000,1569.000,40.00,8750
1570.000,1570.000,40.00,11623
1572.000,1572.000,40.00,9657
1573.000,1573.000,40.00,8793
1574.000,1574.000,40.00,8044
1575.000,1575.000,40.00,13093
1576.000,1576.000,40.00,2754
1577.000,1577.000,73.00,2754
1577.000,1577.000,40.00,1254
1579.000,1579.000,40.00,7235
1580.000,1580.000,40.00,9031
1581.000,1581.000,40.00,6332
1582.000,1582.000,40.00,5649
1583.000,1583.000,40.00,6674
1584.000,1584.000,40.00,9513
1586.000,1586.000,40.00,10029
1587.000,1587.000,40.00,9894
1588.000,1588.000,40.00,11393
1589.000,1589.000,40.00,11462
1590.000,1590.000,40.00,3
1591.000,1591.000,83.00,3
1592.000,1592.000,40.00,2888
1593.000,1593.000,40.00,6606
1594.000,1594.000,40.00,11866
1595.000,1595.000,40.00,10051
1596.000,1596.000,40.00,7837
1597.000,1597.000,40.00,8725
1599.000,1599.000,40.00,7674
1600.000,1600.000,40.00,11412
1601.000,1601.000,40.00,9266
1602.000,1602.000,40.00,10273
1603.000,1603.000,40.00,10054
1605.000,1605.000,77.00,1609
1605.000,1605.000,40.00,1609
1606.000,1606.000,40.00,6555
1607.000,1607.000,40.00,7302
1608.000,1608.000,40.00,7353
1609.000,1609.000,40.00,5327
1610.000,1610.000,40.00,6034
1612.000,1612.000,40.00,5324
1613.000,1613.000,40.00,3485
1614.000,1614.000,40.00,3222
1615.000,1615.000,40.00,4595
1616.000,1616.000,40.00,7528
1618.000,1618.000,40.00,8051
1618.000,1618.000,75.00,8051
1619.000,1619.000,40.00,2386
1620.000,1620.000,40.00,6503
1621.000,1621.000,40.00,9238
1622.000,1622.000,40.00,8406
1623.000,1623.000,40.00,9940
1625.000,1625.000,40.00,7690
1626.000,1626.000,40.00,5060
1627.000,1627.000,40.00,3710
1628.000,1628.000,40.00,5036
1629.000,1629.000,40.00,3780
1631.000,1631.000,40.00,3218
1632.000,1632.000,40.00,5281
1632.000,1632.000,76.00,5281
1633.000,1633.000,40.00,3592
1634.000,1634.000,40.00,7299
1635.000,1635.000,40.00,6613
1636.000,1636.000,40.00,5965
1638.000,1638.000,40.00,5542
1639.000,1639.000,40.00,5337
1640.000,1640.000,40.00,6141
1641.000,1641.000,40.00,8999
1642.000,1642.000,40.00,8979
1645.000,1645.000,40.00,5295
1646.000,1646.000,40.00,3473
1646.000,1646.000,341.00,3473
1647.000,1647.000,40.00,5026
1648.000,1648.000,40.00,6989
1649.000,1649.000,40.00,3724
1651.000,1651.000,40.00,4235
1652.000,1652.000,40.00,3624
1653.000,1653.000,40.00,3571
1654.000,1654.000,40.00,5497
1655.000,1655.000,40.00,5448
1657.000,1657.000,40.00,7356
1659.000,1659.000,40.00,6615
1660.000,1660.000,40.00,2
1660.000,1660.000,74.00,2
1661.000,1661.000,40.00,6066
1662.000,1662.000,40.00,9139
1664.000,1664.000,40.00,3617
1665.000,1665.000,40.00,6206
1666.000,1666.000,40.00,3964
1667.000,1667.000,40.00,3919
1668.000,1668.000,40.00,6625
1670.000,1670.000,40.00,8801
1671.000,1671.000,40.00,11046
1673.000,1673.000,40.00,7651
1674.000,1674.000,78.00,7651
1674.000,1674.000,40.00,395
1675.000,1675.000,40.00,9365
1677.000,1677.000,40.00,5914
1678.000,1678.000,40.00,7240
1679.000,1679.000,40.00,10465
1680.000,1680.000,40.00,4955
1681.000,1681.000,40.00,436
1683.000,1683.000,40.00,659
1684.000,1684.000,40.00,815
1685.000,1685.000,40.00,615
1686.000,1686.000,40.00,234
1687.000,1687.000,40.00,111
1688.000,1688.000,40.00,3302
1689.000,1689.000,75.00,3302
1690.000,1690.000,40.00,3112
1691.000,1691.000,40.00,7007
1692.000,1692.000,40.00,10724
1693.000,1693.000,40.00,11697
1694.000,1694.000,40.00,10715
1695.000,1695.000,40.00,10733
1697.000,1697.000,40.00,9278
1698.000,1698.000,40.00,8503
1699.000,1699.000,40.00,9385
1700.000,1700.000,40.00,9654
1701.000,1701.000,40.00,9377
1703.000,1703.000,40.00,1
1703.000,1703.000,77.00,1
1704.000,1704.000,40.00,4085
1705.000,1705.000,40.00,8355
1706.000,1706.000,40.00,6577
1707.000,1707.000,40.00,7341
1708.000,1708.000,40.00,5789
1710.000,1710.000,40.00,5652
1711.000,1711.000,40.00,5433
1712.000,1712.000,40.00,6074
1713.000,1713.000,40.00,5431
1714.000,1714.000,40.00,5192
1715.000,1715.000,40.00,2362
1717.000,1717.000,76.00,2
1717.000,1717.000,40.00,2
1718.000,1718.000,40.00,5737
1719.000,1719.000,40.00,7055
1720.000,1720.000,40.00,7943
1721.000,1721.000,40.00,7728
1722.000,1722.000,40.00,5038
1724.000,1724.000,40.00,4626
1725.000,1725.000,40.00,6173
1726.000,1726.000,40.00,6679
1727.000,1727.000,40.00,3786
1728.000,1728.000,40.00,7027
1730.000,1730.000,40.00,5424
1730.000,1730.000,79.00,5424
1731.000,1731.000,40.00,249
1732.000,1732.000,40.00,7831
1733.000,1733.000,40.00,7665
1734.000,1734.000,40.00,3893
1735.000,1735.000,40.00,4894
1737.000,1737.000,40.00,7751
1738.000,1738.000,40.00,7357
1739.000,1739.000,40.00,7241
1740.000,1740.000,40.00,7158
1741.000,1741.000,40.00,11918
1744.000,1744.000,40.00,2475
1744.000,1744.000,74.00,2475
1745.000,1745.000,40.00,261
1746.000,1746.000,40.00,4759
1747.000,1747.000,40.00,4686
1748.000,1748.000,40.00,3847
1749.000,1749.000,40.00,2946
1751.000,1751.000,40.00,1572
1752.000,1752.000,40.00,1475
1753.000,1753.000,40.00,2144
1754.000,1754.000,40.00,2667
1755.000,1755.000,40.00,3490
1757.000,1757.000,40.00,3047
1758.000,1758.000,40.00,0
1758.000,1758.000,82.00,0
1759.000,1759.000,40.00,1495
1760.000,1760.000,40.00,3648
1761.000,1761.000,40.00,3222
1762.000,1762.000,40.00,1160
1764.000,1764.000,40.00,3546
1765.000,1765.000,40.00,2633
1766.000,1766.000,40.00,2729
1767.000,1767.000,40.00,1306
1768.000,1768.000,40.00,2834
1771.000,1771.000,40.00,1836
1772.000,1772.000,40.00,113
1772.000,1772.000,75.00,113
1773.000,1773.000,40.00,1811
1774.000,1774.000,40.00,1216
1775.000,1775.000,40.00,3316
1776.000,1776.000,40.00,1262
1777.000,1777.000,40.00,1239
1779.000,1779.000,40.00,2698
1780.000,1780.000,40.00,971
1781.000,1781.000,40.00,1949
1782.000,1782.000,40.00,1685
1783.000,1783.000,40.00,3600
1784.000,1784.000,40.00,3879
1786.000,1786.000,40.00,503
1786.000,1786.000,79.00,503
1787.000,1787.000,40.00,750
1788.000,1788.000,40.00,2055
1789.000,1789.000,40.00,2446
1790.000,1790.000,40.00,2873
1791.000,1791.000,40.00,2422
1792.000,1792.000,40.00,2744
1793.000,1793.000,40.00,1303
1794.000,1794.000,40.00,3167
1795.000,1795.000,40.00,2317
1797.000,1797.000,40.00,1821
1799.000,1799.000,40.00,257
1800.000,1800.000,40.00,357
1801.000,1801.000,40.00,258
1801.000,1801.000,40.00,258
1802.000,1802.000,40.00,111
1804.000,1804.000,40.00,156
1805.000,1805.000,40.00,150
1806.000,1806.000,40.00,223
1807.000,1807.000,40.00,89
1808.000,1808.000,40.00,111
1809.000,1809.000,40.00,201
1811.000,1811.000,40.00,223
1812.000,1812.000,40.00,257
1814.000,1814.000,40.00,413
1815.000,1815.000,40.00,201
1815.000,1815.000,40.00,201
1817.000,1817.000,40.00,156
1818.000,1818.000,40.00,105
1819.000,1819.000,40.00,89
1820.000,1820.000,40.00,55
1821.000,1821.000,40.00,100
1823.000,1823.000,40.00,78
1824.000,1824.000,40.00,167
1825.000,1825.000,40.00,204
1826.000,1826.000,40.00,241
1829.000,1829.000,40.00,156
1830.000,1830.000,115.00,435
1830.000,1830.000,40.00,435
1831.000,1831.000,40.00,537
1832.000,1832.000,40.00,615
1833.000,1833.000,40.00,447
1834.000,1834.000,40.00,313
1836.000,1836.000,40.00,369
1837.000,1837.000,40.00,469
1838.000,1838.000,40.00,301
1839.000,1839.000,40.00,290
1840.000,1840.000,40.00,301
1841.000,1841.000,40.00,413
1843.000,1843.000,40.00,670
1843.000,1843.000,79.00,670
1844.000,1844.000,40.00,716
1845.000,1845.000,40.00,3986
1846.000,1846.000,40.00,2022
1847.000,1847.000,40.00,3283
1849.000,1849.000,40.00,4276
1850.000,1850.000,40.00,4814
1851.000,1851.000,40.00,2984
1852.000,1852.000,40.00,2840
1853.000,1853.000,40.00,5826
1855.000,1855.000,40.00,5386
1856.000,1856.000,40.00,2883
1857.000,1857.000,40.00,703
1857.000,1857.000,81.00,703
1858.000,1858.000,40.00,997
1859.000,1859.000,40.00,3271
1860.000,1860.000,40.00,2090
1861.000,1861.000,40.00,1900
1863.000,1863.000,40.00,1676
1864.000,1864.000,40.00,1363
1865.000,1865.000,40.00,1342
1866.000,1866.000,40.00,782
1867.000,1867.000,40.00,11
1869.000,1869.000,40.00,2286
1870.000,1870.000,40.00,2585
1871.000,1871.000,40.00,0
1871.000,1871.000,83.00,0
1872.000,1872.000,40.00,8719
1873.000,1873.000,40.00,7332
1874.000,1874.000,40.00,7332
1874.000,1874.000,40.00,2589
1876.000,1876.000,40.00,10200
1877.000,1877.000,40.00,3569
1878.000,1878.000,40.00,7096
1879.000,1879.000,40.00,4901
1880.000,1880.000,40.00,4467
1881.000,1881.000,40.00,6526
1884.000,1884.000,40.00,1629
1885.000,1885.000,40.00,2
1885.000,1885.000,83.00,2
1886.000,1886.000,40.00,313
1887.000,1887.000,40.00,2653
1889.000,1889.000,40.00,4794
1890.000,1890.000,40.00,4129
1891.000,1891.000,40.00,2335
1892.000,1892.000,40.00,10032
1893.000,1893.000,40.00,6431
1894.000,1894.000,40.00,3547
1896.000,1896.000,40.00,11466
1897.000,1897.000,40.00,18281
1898.000,1898.000,40.00,13476
1899.000,1899.000,40.00,13476
1899.000,1899.000,40.00,1
1899.000,1899.000,71.00,1
1900.000,1900.000,40.00,18474
1901.000,1901.000,40.00,22338
1903.000,1903.000,40.00,22347
1904.000,1904.000,40.00,23612
1905.000,1905.000,40.00,23304
1906.000,1906.000,40.00,23698
1907.000,1907.000,40.00,49707
1909.000,1909.000,40.00,169928
1910.000,1910.000,40.00,160686
1912.000,1912.000,40.00,81458
1913.000,1913.000,74.00,3
1913.000,1913.000,40.00,3
1914.000,1914.000,40.00,22373
1916.000,1916.000,40.00,12009
1917.000,1917.000,40.00,19756
1918.000,1918.000,40.00,22608
1919.000,1919.000,40.00,21921
1920.000,1920.000,40.00,21921
1920.000,1920.000,40.00,21996
1922.000,1922.000,40.00,22120
1923.000,1923.000,40.00,20406
1924.000,1924.000,40.00,22341
1926.000,1926.000,40.00,830
1927.000,1927.000,72.00,830
1927.000,1927.000,40.00,3644
1929.000,1929.000,40.00,18459
1930.000,1930.000,40.00,20492
1931.000,1931.000,40.00,21083
1932.000,1932.000,40.00,21244
1933.000,1933.000,40.00,21679
1935.000,1935.000,40.00,25720
1936.000,1936.000,40.00,111976
1937.000,1937.000,40.00,118418
1938.000,1938.000,40.00,128144
1939.000,1939.000,40.00,114760
1940.000,1940.000,40.00,0
1941.000,1941.000,73.00,0
1941.000,1941.000,40.00,11970
1943.000,1943.000,40.00,27582
1943.000,1943.000,40.00,27582
1944.000,1944.000,40.00,77775
1945.000,1945.000,40.00,185308
1946.000,1946.000,40.00,259679
1947.000,1947.000,40.00,265269
1948.000,1948.000,40.00,232883
1949.000,1949.000,40.00,285648
1951.000,1951.000,40.00,242691
1952.000,1952.000,40.00,249421
1954.000,1954.000,40.00,47026
1955.000,1955.000,72.00,47026
1955.000,1955.000,40.00,1837
1956.000,1956.000,40.00,56637
1957.000,1957.000,40.00,31245
1958.000,1958.000,40.00,2767
1960.000,1960.000,40.00,15091
1961.000,1961.000,40.00,2043
1962.000,1962.000,40.00,2043
1962.000,1962.000,40.00,6447
1963.000,1963.000,40.00,18604
1965.000,1965.000,40.00,26386
1966.000,1966.000,40.00,35540
1967.000,1967.000,40.00,40631
1968.000,1968.000,40.00,0
1969.000,1969.000,73.00,0
1969.000,1969.000,40.00,7520
1970.000,1970.000,40.00,45000
1972.000,1972.000,40.00,76339
1973.000,1973.000,40.00,206716
1974.000,1974.000,40.00,335777
1975.000,1975.000,40.00,295681
1976.000,1976.000,40.00,1998
1977.000,1977.000,40.00,38605
1979.000,1979.000,40.00,100233
1980.000,1980.000,40.00,69619
1981.000,1981.000,40.00,116392
1982.000,1982.000,40.00,15514
1982.000,1982.000,72.00,15514
1983.000,1983.000,40.00,34289
1984.000,1984.000,40.00,100666
1986.000,1986.000,40.00,112967
1986.000,1986.000,40.00,112967
1987.000,1987.000,40.00,131348
1988.000,1988.000,40.00,129752
1989.000,1989.000,40.00,100628
1990.000,1990.000,40.00,114393
1991.000,1991.000,40.00,135879
1993.000,1993.000,40.00,108155
1995.000,1995.000,40.00,70746
1996.000,1996.000,40.00,2
1996.000,1996.000,72.00,2
1997.000,1997.000,40.00,22067
1998.000,1998.000,40.00,116031
2000.000,2000.000,40.00,105623
2001.000,2001.000,40.00,115003
2002.000,2002.000,40.00,110832
2003.000,2003.000,40.00,136737
2004.000,2004.000,40.00,126292
2006.000,2006.000,40.00,133265
2007.000,2007.000,40.00,143305
2009.000,2009.000,40.00,62098
2010.000,2010.000,73.00,2
2010.000,2010.000,40.00,2
2011.000,2011.000,40.00,115844
2013.000,2013.000,40.00,145495
2014.000,2014.000,40.00,130691
2015.000,2015.000,40.00,123615
2016.000,2016.000,40.00,133518
2017.000,2017.000,40.00,157697
2019.000,2019.000,40.00,122899
2020.000,2020.000,40.00,118083
2021.000,2021.000,40.00,128921
2023.000,2023.000,40.00,11256
2024.000,2024.000,73.00,11256
2025.000,2025.000,40.00,12793
2026.000,2026.000,40.00,108852
2027.000,2027.000,40.00,105816
2028.000,2028.000,40.00,109953
2029.000,2029.000,40.00,132158
2030.000,2030.000,40.00,127196
2032.000,2032.000,40.00,111455
2033.000,2033.000,40.00,108443
2034.000,2034.000,40.00,137738
2035.000,2035.000,40.00,143488
2036.000,2036.000,40.00,102459
2038.000,2038.000,40.00,14407
2038.000,2038.000,72.00,14407
2039.000,2039.000,40.00,67075
2040.000,2040.000,40.00,108444
2041.000,2041.000,40.00,120042
2042.000,2042.000,40.00,111026
2043.000,2043.000,40.00,125961
2045.000,2045.000,40.00,120653
2046.000,2046.000,40.00,103026
2047.000,2047.000,40.00,114211
2048.000,2048.000,40.00,101017
2049.000,2049.000,40.00,115931
2051.000,2051.000,40.00,103227
2052.000,2052.000,40.00,2
2052.000,2052.000,73.00,2
2053.000,2053.000,40.00,19116
2054.000,2054.000,40.00,22996
2055.000,2055.000,40.00,23599
2057.000,2057.000,40.00,21230
2058.000,2058.000,40.00,21292
2059.000,2059.000,40.00,23849
2060.000,2060.000,40.00,22563
2061.000,2061.000,40.00,21889
2062.000,2062.000,40.00,24011
2065.000,2065.000,40.00,52297
2066.000,2066.000,73.00,52297
2066.000,2066.000,40.00,2212
2067.000,2067.000,40.00,109337
2068.000,2068.000,40.00,112295
2069.000,2069.000,40.00,125542
2071.000,2071.000,40.00,112880
2072.000,2072.000,40.00,108014
2073.000,2073.000,40.00,99487
2074.000,2074.000,40.00,112291
2075.000,2075.000,40.00,120514
2077.000,2077.000,40.00,102283
2078.000,2078.000,40.00,108771
2079.000,2079.000,40.00,0
2079.000,2079.000,73.00,0
2080.000,2080.000,40.00,0
2080.000,2080.000,40.00,5570
2081.000,2081.000,40.00,19965
2083.000,2083.000,40.00,78
2084.000,2084.000,40.00,659
2085.000,2085.000,40.00,895
2086.000,2086.000,40.00,100
2087.000,2087.000,40.00,2394
2089.000,2089.000,40.00,6162
2089.000,2089.000,40.00,6162
2090.000,2090.000,40.00,22
2091.000,2091.000,40.00,0
2092.000,2092.000,40.00,1809
2093.000,2093.000,40.00,1
2093.000,2093.000,77.00,1
2094.000,2094.000,40.00,3959
2096.000,2096.000,40.00,14296
2097.000,2097.000,40.00,13829
2098.000,2098.000,40.00,13608
2099.000,2099.000,40.00,11371
2100.000,2100.000,40.00,9184
2102.000,2102.000,40.00,5681
2103.000,2103.000,40.00,9786
2104.000,2104.000,40.00,13578
2106.000,2106.000,40.00,5726
2107.000,2107.000,82.00,2
2107.000,2107.000,40.00,2
2109.000,2109.000,40.00,7250
2110.000,2110.000,40.00,8236
2111.000,2111.000,40.00,4951
2112.000,2112.000,40.00,7057
2113.000,2113.000,40.00,8019
2115.000,2115.000,40.00,3831
2115.000,2115.000,40.00,3831
2116.000,2116.000,40.00,917
2117.000,2117.000,40.00,0
2118.000,2118.000,40.00,36419
2120.000,2120.000,40.00,29207
2121.000,2121.000,72.00,29207
2122.000,2122.000,40.00,4235
2123.000,2123.000,40.00,22082
2124.000,2124.000,40.00,20404
2125.000,2125.000,40.00,22188
2126.000,2126.000,40.00,22978
2128.000,2128.000,40.00,23127
2129.000,2129.000,40.00,106515
2130.000,2130.000,40.00,117753
2131.000,2131.000,40.00,111316
2132.000,2132.000,40.00,119412
2133.000,2133.000,40.00,96013
2135.000,2135.000,40.00,1
2135.000,2135.000,73.00,1
2136.000,2136.000,40.00,7710
2137.000,2137.000,40.00,25686
2138.000,2138.000,40.00,26555
2139.000,2139.000,40.00,26555
2139.000,2139.000,40.00,24960
2140.000,2140.000,40.00,26258
2142.000,2142.000,40.00,22180
2143.000,2143.000,40.00,22353
2144.000,2144.000,40.00,21867
2145.000,2145.000,40.00,21567
2146.000,2146.000,40.00,19989
2148.000,2148.000,40.00,16504
2149.000,2149.000,40.00,1
2149.000,2149.000,73.00,1
2150.000,2150.000,40.00,19633
2151.000,2151.000,40.00,26586
2152.000,2152.000,40.00,26898
2153.000,2153.000,40.00,27994
2155.000,2155.000,40.00,30238
2156.000,2156.000,40.00,44143
2157.000,2157.000,40.00,26936
2158.000,2158.000,40.00,28072
2159.000,2159.000,40.00,29052
2162.000,2162.000,40.00,9673
2163.000,2163.000,73.00,9673
2163.000,2163.000,40.00,3
2164.000,2164.000,40.00,25639
2165.000,2165.000,40.00,25708
2166.000,2166.000,40.00,28557
2168.000,2168.000,40.00,28192
2169.000,2169.000,40.00,28460
2170.000,2170.000,40.00,27866
2171.000,2171.000,40.00,26422
2172.000,2172.000,40.00,28135
2174.000,2174.000,40.00,26933
2176.000,2176.000,40.00,1894
2177.000,2177.000,73.00,1894
2177.000,2177.000,40.00,6132
2178.000,2178.000,40.00,27489
2179.000,2179.000,40.00,27010
2181.000,2181.000,40.00,26869
2182.000,2182.000,40.00,27749
2183.000,2183.000,40.00,28644
2184.000,2184.000,40.00,86462
2185.000,2185.000,40.00,98954
2187.000,2187.000,40.00,97855
2188.000,2188.000,40.00,101659
2189.000,2189.000,40.00,102239
2190.000,2190.000,40.00,10192
2190.000,2190.000,72.00,10192
2191.000,2191.000,40.00,7656
2192.000,2192.000,40.00,23879
2194.000,2194.000,40.00,22929
2195.000,2195.000,40.00,95339
2196.000,2196.000,40.00,110509
2197.000,2197.000,40.00,92197
2198.000,2198.000,40.00,113116
2199.000,2199.000,40.00,111905
2201.000,2201.000,40.00,106231
2202.000,2202.000,40.00,114885
2203.000,2203.000,40.00,102913
2204.000,2204.000,40.00,1
2204.000,2204.000,73.00,1
2205.000,2205.000,40.00,12930
2206.000,2206.000,40.00,18579
2208.000,2208.000,40.00,20192
2209.000,2209.000,40.00,19005
2210.000,2210.000,40.00,19855
2211.000,2211.000,40.00,19017
2212.000,2212.000,40.00,20013
2214.000,2214.000,40.00,19647
2215.000,2215.000,40.00,18899
2216.000,2216.000,40.00,63420
2217.000,2217.000,40.00,42105
2218.000,2218.000,73.00,2
2218.000,2218.000,40.00,2
2219.000,2219.000,40.00,17424
2221.000,2221.000,40.00,20651
2222.000,2222.000,40.00,19992
2223.000,2223.000,40.00,18286
2224.000,2224.000,40.00,19477
2225.000,2225.000,40.00,19146
2227.000,2227.000,40.00,20042
2228.000,2228.000,40.00,18426
2229.000,2229.000,40.00,19687
2231.000,2231.000,40.00,1279
2232.000,2232.000,73.00,1279
2233.000,2233.000,40.00,4954
2234.000,2234.000,40.00,26042
2235.000,2235.000,40.00,24697
2236.000,2236.000,40.00,83651
2237.000,2237.000,40.00,87991
2238.000,2238.000,40.00,100233
2240.000,2240.000,40.00,99708
2241.000,2241.000,40.00,98956
2242.000,2242.000,40.00,110623
2243.000,2243.000,40.00,129198
2244.000,2244.000,40.00,110849
2245.000,2245.000,40.00,1
2246.000,2246.000,72.00,1
2247.000,2247.000,40.00,7491
2248.000,2248.000,40.00,21264
2249.000,2249.000,40.00,20502
2250.000,2250.000,40.00,20640
2252.000,2252.000,40.00,64129
2253.000,2253.000,40.00,115845
2254.000,2254.000,40.00,117539
2255.000,2255.000,40.00,107050
2256.000,2256.000,40.00,96699
2257.000,2257.000,40.00,104189
2259.000,2259.000,40.00,100993
2260.000,2260.000,73.00,2136
2260.000,2260.000,40.00,2136
2261.000,2261.000,40.00,22165
2262.000,2262.000,40.00,22745
2263.000,2263.000,40.00,23098
2265.000,2265.000,40.00,24323
2266.000,2266.000,40.00,22444
2267.000,2267.000,40.00,22156
2268.000,2268.000,40.00,109742
2269.000,2269.000,40.00,118945
2271.000,2271.000,40.00,121019
2273.000,2273.000,40.00,8653
2274.000,2274.000,72.00,8653
2274.000,2274.000,40.00,2285
2275.000,2275.000,40.00,17955
2277.000,2277.000,40.00,17745
2278.000,2278.000,40.00,18939
2279.000,2279.000,40.00,18463
2280.000,2280.000,40.00,60281
2281.000,2281.000,40.00,72730
2282.000,2282.000,40.00,70858
2284.000,2284.000,40.00,79808
2285.000,2285.000,40.00,76765
2286.000,2286.000,40.00,69561
2287.000,2287.000,40.00,0
2287.000,2287.000,72.00,0
2288.000,2288.000,40.00,11222
2290.000,2290.000,40.00,16794
2291.000,2291.000,40.00,18812
2292.000,2292.000,40.00,17941
2293.000,2293.000,40.00,17916
2294.000,2294.000,40.00,16732
2295.000,2295.000,40.00,29317
2296.000,2296.000,40.00,29317
2297.000,2297.000,40.00,34705
2298.000,2298.000,40.00,1994
2300.000,2300.000,40.00,4935
2301.000,2301.000,40.00,1539
2301.000,2301.000,80.00,1539
2302.000,2302.000,40.00,4
2303.000,2303.000,40.00,3512
2304.000,2304.000,40.00,4222
2305.000,2305.000,40.00,3020
2307.000,2307.000,40.00,570
2308.000,2308.000,40.00,894
2309.000,2309.000,40.00,715
2309.000,2309.000,40.00,715
2310.000,2310.000,40.00,939
2311.000,2311.000,40.00,816
2312.000,2312.000,40.00,648
2313.000,2313.000,40.00,872
2315.000,2315.000,40.00,424
2315.000,2315.000,81.00,424
2316.000,2316.000,40.00,183
2318.000,2318.000,40.00,4105
2319.000,2319.000,40.00,1307
2320.000,2320.000,40.00,7470
2321.000,2321.000,40.00,9289
2323.000,2323.000,40.00,5181
2324.000,2324.000,40.00,7564
2325.000,2325.000,40.00,1656
2325.000,2325.000,40.00,1656
2326.000,2326.000,40.00,1084
2328.000,2328.000,40.00,2428
2329.000,2329.000,83.00,2428
2330.000,2330.000,40.00,3
2331.000,2331.000,40.00,7850
2332.000,2332.000,40.00,19937
2333.000,2333.000,40.00,19937
2333.000,2333.000,40.00,13698
2334.000,2334.000,40.00,8032
2335.000,2335.000,40.00,7091
2336.000,2336.000,40.00,6925
2337.000,2337.000,40.00,11564
2339.000,2339.000,40.00,13066
2340.000,2340.000,40.00,11472
2341.000,2341.000,40.00,11472
2342.000,2342.000,40.00,3663
2343.000,2343.000,330.00,1554
2343.000,2343.000,40.00,1554
2344.000,2344.000,40.00,3027
2346.000,2346.000,40.00,2840
2347.000,2347.000,40.00,1822
2348.000,2348.000,40.00,2390
2348.000,2348.000,40.00,2390
2349.000,2349.000,40.00,1748
2350.000,2350.000,40.00,648
2352.000,2352.000,40.00,65
2353.000,2353.000,40.00,9370
2354.000,2354.000,40.00,69741
2356.000,2356.000,40.00,201938
2356.000,2356.000,40.00,77432
2357.000,2357.000,40.00,0
2358.000,2358.000,72.00,0
2358.000,2358.000,40.00,113
2360.000,2360.000,40.00,15395
2361.000,2361.000,40.00,23520
2362.000,2362.000,40.00,25483
2363.000,2363.000,40.00,23787
2364.000,2364.000,40.00,22872
2365.000,2365.000,40.00,23985
2367.000,2367.000,40.00,24187
2368.000,2368.000,40.00,24340
2368.000,2368.000,40.00,24340
2369.000,2369.000,40.00,24012
2371.000,2371.000,40.00,0
2372.000,2372.000,73.00,0
2372.000,2372.000,40.00,9305
2373.000,2373.000,40.00,22899
2375.000,2375.000,40.00,22496
2376.000,2376.000,40.00,23148
2377.000,2377.000,40.00,23786
2378.000,2378.000,40.00,23786
2378.000,2378.000,40.00,23384
2379.000,2379.000,40.00,64617
2380.000,2380.000,40.00,136781
2382.000,2382.000,40.00,118817
2383.000,2383.000,40.00,117942
2384.000,2384.000,40.00,127317
2385.000,2385.000,40.00,127317
2385.000,2385.000,40.00,4884
2386.000,2386.000,210.00,4884
2386.000,2386.000,40.00,8656
2387.000,2387.000,40.00,140242
2389.000,2389.000,40.00,341440
2390.000,2390.000,40.00,357409
2391.000,2391.000,40.00,251371
2392.000,2392.000,40.00,251371
2392.000,2392.000,40.00,201310
2393.000,2393.000,40.00,368617
2394.000,2394.000,40.00,417213
2395.000,2395.000,40.00,346585
2396.000,2396.000,40.00,334941
2397.000,2397.000,40.00,311594
2399.000,2399.000,40.00,95005
2399.000,2399.000,72.00,95005
2400.000,2400.000,40.00,113
2401.000,2401.000,40.00,39054
2401.000,2401.000,40.00,39054
2402.000,2402.000,40.00,107444
2403.000,2403.000,40.00,119158
2404.000,2404.000,40.00,123726
2406.000,2406.000,40.00,126639
2407.000,2407.000,40.00,122065
2408.000,2408.000,40.00,121889
2409.000,2409.000,40.00,126384
2410.000,2410.000,40.00,124115
2411.000,2411.000,40.00,127912
2413.000,2413.000,40.00,7395
2413.000,2413.000,73.00,7395
2414.000,2414.000,40.00,1690
2415.000,2415.000,40.00,23090
2416.000,2416.000,40.00,20766
2417.000,2417.000,40.00,21932
2419.000,2419.000,40.00,21503
2420.000,2420.000,40.00,19914
2421.000,2421.000,40.00,21771
2422.000,2422.000,40.00,28246
2423.000,2423.000,40.00,154911
2424.000,2424.000,40.00,291043
2427.000,2427.000,40.00,10196
2427.000,2427.000,73.00,10196
2428.000,2428.000,40.00,4597
2429.000,2429.000,40.00,17878
2430.000,2430.000,40.00,18972
2431.000,2431.000,40.00,20583
2433.000,2433.000,40.00,18983
2434.000,2434.000,40.00,19887
2435.000,2435.000,40.00,20791
2436.000,2436.000,40.00,19712
2437.000,2437.000,40.00,19823
2438.000,2438.000,40.00,20245
2440.000,2440.000,40.00,17522
2441.000,2441.000,40.00,1
2441.000,2441.000,73.00,1
2442.000,2442.000,40.00,14170
2443.000,2443.000,40.00,30375
2444.000,2444.000,40.00,32296
2446.000,2446.000,40.00,30135
2447.000,2447.000,40.00,31265
2448.000,2448.000,40.00,28953
2449.000,2449.000,40.00,28626
2450.000,2450.000,40.00,30346
2451.000,2451.000,40.00,27641
2454.000,2454.000,40.00,16837
2455.000,2455.000,72.00,2
2455.000,2455.000,40.00,2
2456.000,2456.000,40.00,26343
2457.000,2457.000,40.00,27615
2459.000,2459.000,40.00,65192
2460.000,2460.000,40.00,151750
2461.000,2461.000,40.00,156306
2462.000,2462.000,40.00,154664
2463.000,2463.000,40.00,149721
2464.000,2464.000,40.00,159542
2466.000,2466.000,40.00,160590
2468.000,2468.000,40.00,34455
2469.000,2469.000,72.00,2
2469.000,2469.000,40.00,2
2470.000,2470.000,40.00,28245
2471.000,2471.000,40.00,38485
2473.000,2473.000,40.00,290352
2474.000,2474.000,40.00,386209
2475.000,2475.000,40.00,397391
2476.000,2476.000,40.00,343359
2477.000,2477.000,40.00,261243
2478.000,2478.000,40.00,297321
2479.000,2479.000,40.00,295387
2480.000,2480.000,40.00,272070
2481.000,2481.000,40.00,261244
2482.000,2482.000,40.00,261244
2483.000,2483.000,40.00,2
2483.000,2483.000,73.00,2
2484.000,2484.000,40.00,16270
2485.000,2485.000,40.00,22041
2486.000,2486.000,40.00,121513
2487.000,2487.000,40.00,51969
2489.000,2489.000,40.00,103296
2490.000,2490.000,40.00,144480
2491.000,2491.000,40.00,144480
2491.000,2491.000,40.00,143493
2492.000,2492.000,40.00,144993
2493.000,2493.000,40.00,157485
2494.000,2494.000,40.00,146736
2496.000,2496.000,40.00,95573
2497.000,2497.000,79.00,95573
2497.000,2497.000,40.00,3
2498.000,2498.000,40.00,19403
2499.000,2499.000,40.00,20330
2500.000,2500.000,40.00,17980
2501.000,2501.000,40.00,19320
2503.000,2503.000,40.00,21831
2504.000,2504.000,40.00,21040
2505.000,2505.000,40.00,20458
2506.000,2506.000,40.00,21852
2507.000,2507.000,40.00,70294
2508.000,2508.000,40.00,138912
2510.000,2510.000,40.00,29135
2510.000,2510.000,73.00,29135
2511.000,2511.000,40.00,3891
2512.000,2512.000,40.00,84874
2513.000,2513.000,40.00,155073
2514.000,2514.000,40.00,187589
2515.000,2515.000,40.00,190603
2517.000,2517.000,40.00,161296
2518.000,2518.000,40.00,159256
2519.000,2519.000,40.00,147850
2520.000,2520.000,40.00,37857
2521.000,2521.000,40.00,22701
2523.000,2523.000,40.00,20848
2523.000,2523.000,40.00,20848
2524.000,2524.000,40.00,2816
2524.000,2524.000,95.00,2816
2525.000,2525.000,40.00,204
2526.000,2526.000,40.00,4818
2527.000,2527.000,40.00,5953
2528.000,2528.000,40.00,9574
2529.000,2529.000,40.00,7081
2530.000,2530.000,40.00,7081
2530.000,2530.000,40.00,8021
2532.000,2532.000,40.00,3745
2533.000,2533.000,40.00,391
2534.000,2534.000,40.00,1156
2535.000,2535.000,40.00,18819
2536.000,2536.000,40.00,18819
2537.000,2537.000,40.00,21916
2537.000,2537.000,40.00,7169
2539.000,2539.000,83.00,2
2539.000,2539.000,40.00,2
2540.000,2540.000,40.00,12107
2541.000,2541.000,40.00,13190
2542.000,2542.000,40.00,13190
2542.000,2542.000,40.00,14463
2543.000,2543.000,40.00,13920
2545.000,2545.000,40.00,2489
2546.000,2546.000,40.00,3563
2547.000,2547.000,40.00,2594
2548.000,2548.000,40.00,2594
2548.000,2548.000,40.00,3048
2549.000,2549.000,40.00,2704
2550.000,2550.000,40.00,4647
2552.000,2552.000,40.00,1183
2553.000,2553.000,82.00,1183
2553.000,2553.000,40.00,3
2554.000,2554.000,40.00,3
2554.000,2554.000,40.00,1313
2555.000,2555.000,40.00,4256
2556.000,2556.000,40.00,6465
2558.000,2558.000,40.00,2506
2559.000,2559.000,40.00,2694
2560.000,2560.000,40.00,2694
2560.000,2560.000,40.00,1439
2561.000,2561.000,40.00,1383
2562.000,2562.000,40.00,2168
2563.000,2563.000,40.00,4510
2566.000,2566.000,40.00,391
2566.000,2566.000,40.00,391
2567.000,2567.000,89.00,391
2567.000,2567.000,40.00,3
2568.000,2568.000,40.00,7100
2569.000,2569.000,40.00,5130
2571.000,2571.000,40.00,10154
2572.000,2572.000,40.00,12591
2573.000,2573.000,40.00,12591
2573.000,2573.000,40.00,7129
2574.000,2574.000,40.00,9210
2575.000,2575.000,40.00,5576
2576.000,2576.000,40.00,4477
2578.000,2578.000,40.00,4860
2580.000,2580.000,40.00,7537
2580.000,2580.000,40.00,0
2581.000,2581.000,85.00,0
2581.000,2581.000,40.00,1447
2582.000,2582.000,40.00,5000
2583.000,2583.000,40.00,7842
2585.000,2585.000,40.00,11999
2586.000,2586.000,40.00,12693
2587.000,2587.000,40.00,13423
2588.000,2588.000,40.00,13423
2588.000,2588.000,40.00,5361
2589.000,2589.000,40.00,2868
2591.000,2591.000,40.00,1414
2592.000,2592.000,40.00,1765
2593.000,2593.000,40.00,4956
2594.000,2594.000,40.00,67
2594.000,2594.000,86.00,67
2595.000,2595.000,40.00,2509
2596.000,2596.000,40.00,8454
2598.000,2598.000,40.00,6428
2598.000,2598.000,40.00,6428
2599.000,2599.000,40.00,10302
2600.000,2600.000,40.00,7399
2601.000,2601.000,40.00,4903
2602.000,2602.000,40.00,1117
2603.000,2603.000,40.00,748
2605.000,2605.000,40.00,2277
2607.000,2607.000,40.00,2089
2607.000,2607.000,40.00,1884
2608.000,2608.000,40.00,2
2608.000,2608.000,84.00,2
2609.000,2609.000,40.00,1967
2610.000,2610.000,40.00,1775
2612.000,2612.000,40.00,827
2613.000,2613.000,40.00,704
2614.000,2614.000,40.00,1163
2615.000,2615.000,40.00,1163
2615.000,2615.000,40.00,1062
2616.000,2616.000,40.00,2356
2618.000,2618.000,40.00,2313
2619.000,2619.000,40.00,4208
2621.000,2621.000,40.00,3028
2621.000,2621.000,40.00,938
2622.000,2622.000,85.00,2
2622.000,2622.000,40.00,2
2624.000,2624.000,40.00,112
2624.000,2624.000,40.00,112
2625.000,2625.000,40.00,1398
2626.000,2626.000,40.00,1162
2627.000,2627.000,40.00,1565
2628.000,2628.000,40.00,973
2629.000,2629.000,40.00,961
2631.000,2631.000,40.00,1073
2632.000,2632.000,40.00,2727
2633.000,2633.000,40.00,3707
2634.000,2634.000,40.00,3707
2635.000,2635.000,40.00,1129
2636.000,2636.000,85.00,1129
2636.000,2636.000,40.00,3
2638.000,2638.000,40.00,3796
2639.000,2639.000,40.00,2781
2640.000,2640.000,40.00,1419
2641.000,2641.000,40.00,1900
2642.000,2642.000,40.00,1685
2644.000,2644.000,40.00,2378
2645.000,2645.000,40.00,3289
2646.000,2646.000,40.00,2180
2647.000,2647.000,40.00,2814
2649.000,2649.000,40.00,376
2650.000,2650.000,85.00,376
2651.000,2651.000,40.00,48
2652.000,2652.000,40.00,6224
2653.000,2653.000,40.00,3855
2654.000,2654.000,40.00,3595
2655.000,2655.000,40.00,3595
2655.000,2655.000,40.00,1621
2657.000,2657.000,40.00,1263
2658.000,2658.000,40.00,1719
2659.000,2659.000,40.00,1040
2660.000,2660.000,40.00,1284
2661.000,2661.000,40.00,1017
2664.000,2664.000,40.00,99
2664.000,2664.000,86.00,99
2665.000,2665.000,40.00,260
2666.000,2666.000,40.00,592
2667.000,2667.000,40.00,592
2667.000,2667.000,40.00,1151
2668.000,2668.000,40.00,3664
2670.000,2670.000,40.00,2873
2671.000,2671.000,40.00,626
2672.000,2672.000,40.00,1151
2673.000,2673.000,40.00,1653
2674.000,2674.000,40.00,2864
2675.000,2675.000,40.00,2864
2675.000,2675.000,40.00,5159
2677.000,2677.000,40.00,2716
2678.000,2678.000,40.00,0
2678.000,2678.000,93.00,0
2679.000,2679.000,40.00,2101
2680.000,2680.000,40.00,1552
2681.000,2681.000,40.00,2035
2682.000,2682.000,40.00,2035
2682.000,2682.000,40.00,3728
2684.000,2684.000,40.00,3793
2685.000,2685.000,40.00,5290
2686.000,2686.000,40.00,4767
2687.000,2687.000,40.00,2868
2688.000,2688.000,40.00,4415
2689.000,2689.000,40.00,4415
2689.000,2689.000,40.00,6096
2691.000,2691.000,40.00,6129
2692.000,2692.000,40.00,2
2692.000,2692.000,84.00,2
2693.000,2693.000,40.00,3270
2694.000,2694.000,40.00,7759
2695.000,2695.000,40.00,27421
2696.000,2696.000,40.00,27421
2696.000,2696.000,40.00,4626
2698.000,2698.000,40.00,2794
2699.000,2699.000,40.00,3186
2700.000,2700.000,40.00,2022
2701.000,2701.000,40.00,1498
2702.000,2702.000,40.00,1498
2702.000,2702.000,40.00,1242
2705.000,2705.000,40.00,111
2706.000,2706.000,40.00,1
2706.000,2706.000,93.00,1
2707.000,2707.000,40.00,2435
2708.000,2708.000,40.00,2202
2709.000,2709.000,40.00,2202
2709.000,2709.000,40.00,1934
2711.000,2711.000,40.00,2761
2712.000,2712.000,40.00,1997
2713.000,2713.000,40.00,4887
2714.000,2714.000,40.00,1822
2715.000,2715.000,40.00,1431
2716.000,2716.000,40.00,1431
2717.000,2717.000,40.00,1375
2719.000,2719.000,40.00,268
2720.000,2720.000,40.00,2
2720.000,2720.000,93.00,2
2721.000,2721.000,40.00,0
2722.000,2722.000,40.00,3194
2723.000,2723.000,40.00,3194
2724.000,2724.000,40.00,3421
2725.000,2725.000,40.00,5766
2726.000,2726.000,40.00,8862
2727.000,2727.000,40.00,581
2728.000,2728.000,40.00,4518
2730.000,2730.000,40.00,3333
2730.000,2730.000,40.00,3333
2731.000,2731.000,40.00,7694
2733.000,2733.000,40.00,223
2734.000,2734.000,105.00,2
2734.000,2734.000,40.00,2
2736.000,2736.000,40.00,3630
2737.000,2737.000,40.00,2689
2738.000,2738.000,40.00,2689
2738.000,2738.000,40.00,301
2739.000,2739.000,40.00,2861
2740.000,2740.000,40.00,3138
2741.000,2741.000,40.00,1841
2743.000,2743.000,40.00,1565
2744.000,2744.000,40.00,1408
2745.000,2745.000,40.00,1599
2746.000,2746.000,40.00,1599
2746.000,2746.000,40.00,1944
2747.000,2747.000,40.00,369
2748.000,2748.000,86.00,369
2749.000,2749.000,40.00,3
2750.000,2750.000,40.00,1900
2751.000,2751.000,40.00,201
2752.000,2752.000,40.00,1407
2753.000,2753.000,40.00,3464
2754.000,2754.000,40.00,3464
2754.000,2754.000,40.00,3653
2756.000,2756.000,40.00,2892
2757.000,2757.000,40.00,3945
2758.000,2758.000,40.00,3978
2759.000,2759.000,40.00,3028
2761.000,2761.000,40.00,759
2762.000,2762.000,102.00,759
2763.000,2763.000,40.00,350
2764.000,2764.000,40.00,5093
2764.000,2764.000,40.00,5093
2765.000,2765.000,40.00,3798
2766.000,2766.000,40.00,3062
2767.000,2767.000,40.00,1699
2768.000,2768.000,40.00,3293
2769.000,2769.000,40.00,3207
2771.000,2771.000,40.00,1875
2772.000,2772.000,40.00,1598
2773.000,2773.000,40.00,2256
2775.000,2775.000,40.00,832
2776.000,2776.000,87.00,832
2776.000,2776.000,40.00,4
2777.000,2777.000,40.00,3756
2779.000,2779.000,40.00,2898
2780.000,2780.000,40.00,7633
2781.000,2781.000,40.00,2855
2782.000,2782.000,40.00,2636
2783.000,2783.000,40.00,1564
2784.000,2784.000,40.00,1551
2786.000,2786.000,40.00,1833
2787.000,2787.000,40.00,2694
2789.000,2789.000,40.00,357
2790.000,2790.000,91.00,357
2790.000,2790.000,40.00,2
2791.000,2791.000,40.00,2
2791.000,2791.000,40.00,5696
2792.000,2792.000,40.00,5632
2794.000,2794.000,40.00,5103
2795.000,2795.000,40.00,567
2796.000,2796.000,40.00,9693
2797.000,2797.000,40.00,7819
2798.000,2798.000,40.00,7819
2798.000,2798.000,40.00,7315
2799.000,2799.000,40.00,9157
2801.000,2801.000,40.00,7995
2803.000,2803.000,40.00,3750
2804.000,2804.000,93.00,2
2804.000,2804.000,40.00,2
2805.000,2805.000,40.00,2
2805.000,2805.000,40.00,4723
2806.000,2806.000,40.00,10293
2807.000,2807.000,40.00,11403
2809.000,2809.000,40.00,11081
2810.000,2810.000,40.00,9369
2811.000,2811.000,40.00,27532
2812.000,2812.000,40.00,41251
2813.000,2813.000,40.00,41251
2813.000,2813.000,40.00,26635
2814.000,2814.000,40.00,26459
2815.000,2815.000,40.00,6028
2817.000,2817.000,40.00,4019
2818.000,2818.000,40.00,5
2818.000,2818.000,105.00,5
2819.000,2819.000,40.00,11410
2820.000,2820.000,40.00,11410
2820.000,2820.000,40.00,8341
2821.000,2821.000,40.00,4915
2822.000,2822.000,40.00,915
2823.000,2823.000,40.00,44727
2825.000,2825.000,40.00,52548
2826.000,2826.000,40.00,52405
2827.000,2827.000,40.00,57673
2828.000,2828.000,40.00,57673
2828.000,2828.000,40.00,60324
2829.000,2829.000,40.00,61417
2831.000,2831.000,40.00,31988
2832.000,2832.000,40.00,2
2832.000,2832.000,74.00,2
2833.000,2833.000,40.00,25769
2834.000,2834.000,40.00,125671
2835.000,2835.000,40.00,154425
2836.000,2836.000,40.00,154425
2836.000,2836.000,40.00,155343
2837.000,2837.000,40.00,160863
2839.000,2839.000,40.00,159776
2840.000,2840.000,40.00,157420
2841.000,2841.000,40.00,139468
2842.000,2842.000,40.00,148262
2843.000,2843.000,40.00,150126
2844.000,2844.000,40.00,77017
2845.000,2845.000,40.00,77017
2845.000,2845.000,74.00,2
2846.000,2846.000,40.00,2
2847.000,2847.000,40.00,23504
2848.000,2848.000,40.00,30951
2849.000,2849.000,40.00,36354
2850.000,2850.000,40.00,45601
2851.000,2851.000,40.00,53792
2853.000,2853.000,40.00,57039
2854.000,2854.000,40.00,64132
2855.000,2855.000,40.00,64132
2855.000,2855.000,40.00,66075
2856.000,2856.000,40.00,11323
2857.000,2857.000,40.00,12745
2859.000,2859.000,40.00,3047
2859.000,2859.000,74.00,3047
2860.000,2860.000,40.00,3390
2861.000,2861.000,40.00,158269
2862.000,2862.000,40.00,129056
2863.000,2863.000,40.00,129056
2863.000,2863.000,40.00,144185
2864.000,2864.000,40.00,129113
2866.000,2866.000,40.00,132854
2867.000,2867.000,40.00,139358
2868.000,2868.000,40.00,137667
2869.000,2869.000,40.00,142583
2870.000,2870.000,40.00,131555
2872.000,2872.000,40.00,132838
2873.000,2873.000,40.00,15865
2873.000,2873.000,74.00,15865
2874.000,2874.000,40.00,9843
2875.000,2875.000,40.00,137878
2876.000,2876.000,40.00,157951
2877.000,2877.000,40.00,155835
2878.000,2878.000,40.00,157876
2879.000,2879.000,40.00,160557
2881.000,2881.000,40.00,151356
2881.000,2881.000,40.00,151356
2882.000,2882.000,40.00,160681
2883.000,2883.000,40.00,156403
2884.000,2884.000,40.00,164363
2886.000,2886.000,40.00,9862
2887.000,2887.000,75.00,9862
2887.000,2887.000,40.00,1643
2889.000,2889.000,40.00,51349
2889.000,2889.000,40.00,51349
2890.000,2890.000,40.00,146887
2891.000,2891.000,40.00,160071
2892.000,2892.000,40.00,159686
2893.000,2893.000,40.00,133577
2894.000,2894.000,40.00,147547
2896.000,2896.000,40.00,124817
2897.000,2897.000,40.00,121569
2897.000,2897.000,40.00,121569
2898.000,2898.000,40.00,126321
2900.000,2900.000,40.00,27516
2901.000,2901.000,76.00,27516
2901.000,2901.000,40.00,1786
2903.000,2903.000,40.00,36245
2904.000,2904.000,40.00,122191
2904.000,2904.000,40.00,122191
2905.000,2905.000,40.00,159134
2906.000,2906.000,40.00,153162
2907.000,2907.000,40.00,120869
2908.000,2908.000,40.00,149351
2910.000,2910.000,40.00,166327
2911.000,2911.000,40.00,156296
2914.000,2914.000,40.00,24435
2915.000,2915.000,143.00,2
2915.000,2915.000,40.00,2
2916.000,2916.000,40.00,11276
2918.000,2918.000,40.00,32965
2919.000,2919.000,40.00,121370
2920.000,2920.000,40.00,121370
2920.000,2920.000,40.00,145273
2921.000,2921.000,40.00,122665
2922.000,2922.000,40.00,75573
2923.000,2923.000,40.00,11
2925.000,2925.000,40.00,865
2926.000,2926.000,40.00,0
2927.000,2927.000,40.00,0
2928.000,2928.000,40.00,133
2929.000,2929.000,76.00,133
2929.000,2929.000,40.00,2
2930.000,2930.000,40.00,1731
2932.000,2932.000,40.00,4143
2933.000,2933.000,40.00,15204
2934.000,2934.000,40.00,12309
2935.000,2935.000,40.00,12309
2935.000,2935.000,40.00,6818
2936.000,2936.000,40.00,6936
2937.000,2937.000,40.00,8202
2939.000,2939.000,40.00,8401
2940.000,2940.000,40.00,9527
2942.000,2942.000,40.00,1302
2943.000,2943.000,74.00,1302
2943.000,2943.000,40.00,654
2944.000,2944.000,40.00,654
2944.000,2944.000,40.00,7492
2946.000,2946.000,40.00,8668
2947.000,2947.000,40.00,8736
2948.000,2948.000,40.00,9406
2949.000,2949.000,40.00,8199
2950.000,2950.000,40.00,5104
2952.000,2952.000,40.00,7152
2952.000,2952.000,40.00,7152
2953.000,2953.000,40.00,10395
2954.000,2954.000,40.00,4908
2955.000,2955.000,40.00,9164
2955.000,2955.000,40.00,9164
2956.000,2956.000,40.00,0
2957.000,2957.000,74.00,0
2958.000,2958.000,40.00,3249
2959.000,2959.000,40.00,8070
2960.000,2960.000,40.00,7967
2961.000,2961.000,40.00,7004
2962.000,2962.000,40.00,6310
2963.000,2963.000,40.00,12986
2965.000,2965.000,40.00,4602
2966.000,2966.000,40.00,4105
2967.000,2967.000,40.00,5368
2968.000,2968.000,40.00,10298
2969.000,2969.000,40.00,6185
2970.000,2970.000,40.00,2
2971.000,2971.000,74.00,2
2972.000,2972.000,40.00,9622
2973.000,2973.000,40.00,12294
2974.000,2974.000,40.00,7215
2975.000,2975.000,40.00,8403
2976.000,2976.000,40.00,5313
2978.000,2978.000,40.00,4623
2979.000,2979.000,40.00,2150
2980.000,2980.000,40.00,4529
2981.000,2981.000,40.00,5448
2982.000,2982.000,40.00,4855
2983.000,2983.000,40.00,4855
2984.000,2984.000,40.00,2087
2985.000,2985.000,76.00,2087
2985.000,2985.000,40.00,2
2986.000,2986.000,40.00,11358
2987.000,2987.000,40.00,11345
2988.000,2988.000,40.00,5467
2989.000,2989.000,40.00,7400
2991.000,2991.000,40.00,6338
2992.000,2992.000,40.00,9102
2993.000,2993.000,40.00,14630
2994.000,2994.000,40.00,6576
2995.000,2995.000,40.00,4679
2998.000,2998.000,40.00,571
2999.000,2999.000,76.00,571
2999.000,2999.000,40.00,1736
3000.000,3000.000,40.00,10919
3001.000,3001.000,40.00,8532
3003.000,3003.000,40.00,10171
3004.000,3004.000,40.00,9259
3005.000,3005.000,40.00,9259
3005.000,3005.000,40.00,6787
3006.000,3006.000,40.00,5535
3007.000,3007.000,40.00,4487
3008.000,3008.000,40.00,5484
3010.000,3010.000,40.00,6974
3011.000,3011.000,40.00,4882
3012.000,3012.000,40.00,317
3012.000,3012.000,75.00,317
3013.000,3013.000,40.00,6707
3014.000,3014.000,40.00,8190
3016.000,3016.000,40.00,4956
3016.000,3016.000,40.00,4956
3017.000,3017.000,40.00,6905
3018.000,3018.000,40.00,8948
3019.000,3019.000,40.00,8117
3020.000,3020.000,40.00,6375
3022.000,3022.000,40.00,5811
3023.000,3023.000,40.00,6083
3025.000,3025.000,40.00,6155
3025.000,3025.000,40.00,7300
3026.000,3026.000,40.00,241
3026.000,3026.000,74.00,241
3027.000,3027.000,40.00,8902
3029.000,3029.000,40.00,6067
3030.000,3030.000,40.00,4395
3031.000,3031.000,40.00,4745
3032.000,3032.000,40.00,4621
3033.000,3033.000,40.00,8806
3034.000,3034.000,40.00,6244
3036.000,3036.000,40.00,4497
3036.000,3036.000,40.00,4497
3037.000,3037.000,40.00,10548
3039.000,3039.000,40.00,442
3040.000,3040.000,76.00,442
3040.000,3040.000,40.00,773
3042.000,3042.000,40.00,6008
3043.000,3043.000,40.00,7251
3044.000,3044.000,40.00,7371
3045.000,3045.000,40.00,8262
3046.000,3046.000,40.00,8497
3047.000,3047.000,40.00,9281
3049.000,3049.000,40.00,10037
3049.000,3049.000,40.00,10037
3050.000,3050.000,40.00,14822
3051.000,3051.000,40.00,8829
3052.000,3052.000,40.00,14293
3052.000,3052.000,40.00,14293
3053.000,3053.000,40.00,0
3054.000,3054.000,74.00,0
3055.000,3055.000,40.00,646
3056.000,3056.000,40.00,6592
3057.000,3057.000,40.00,8036
3058.000,3058.000,40.00,7628
3059.000,3059.000,40.00,9698
3061.000,3061.000,40.00,9259
3062.000,3062.000,40.00,9461
3063.000,3063.000,40.00,8904
3064.000,3064.000,40.00,9279
3065.000,3065.000,40.00,12427
3066.000,3066.000,40.00,6633
3068.000,3068.000,40.00,253
3068.000,3068.000,75.00,253
3069.000,3069.000,40.00,9391
3070.000,3070.000,40.00,11137
3071.000,3071.000,40.00,9800
3072.000,3072.000,40.00,14148
3074.000,3074.000,40.00,17596
3075.000,3075.000,40.00,16582
3076.000,3076.000,40.00,11293
3077.000,3077.000,40.00,10207
3078.000,3078.000,40.00,10207
3078.000,3078.000,40.00,10414
3079.000,3079.000,40.00,8036
3081.000,3081.000,40.00,6102
3082.000,3082.000,40.00,2
3082.000,3082.000,79.00,2
3083.000,3083.000,40.00,17468
3084.000,3084.000,40.00,22284
3085.000,3085.000,40.00,21514
3087.000,3087.000,40.00,16312
3088.000,3088.000,40.00,12427
3089.000,3089.000,40.00,9193
3090.000,3090.000,40.00,8935
3091.000,3091.000,40.00,12306
3093.000,3093.000,40.00,18229
3095.000,3095.000,40.00,2535
3096.000,3096.000,75.00,2535
3096.000,3096.000,40.00,2875
3097.000,3097.000,40.00,21037
3098.000,3098.000,40.00,13954
3099.000,3099.000,40.00,13954
3100.000,3100.000,40.00,9232
3101.000,3101.000,40.00,11331
3102.000,3102.000,40.00,12458
3103.000,3103.000,40.00,11244
3104.000,3104.000,40.00,7017
3106.000,3106.000,40.00,6966
3107.000,3107.000,40.00,12159
3109.000,3109.000,40.00,1
3110.000,3110.000,77.00,1
3110.000,3110.000,40.00,4981
3111.000,3111.000,40.00,17022
3113.000,3113.000,40.00,9274
3114.000,3114.000,40.00,6562
3115.000,3115.000,40.00,9091
3116.000,3116.000,40.00,9091
3116.000,3116.000,40.00,9083
3117.000,3117.000,40.00,10970
3119.000,3119.000,40.00,12857
3120.000,3120.000,40.00,15820
3121.000,3121.000,40.00,15742
3122.000,3122.000,40.00,12022
3123.000,3123.000,40.00,1
3123.000,3123.000,77.00,1
3124.000,3124.000,40.00,7279
3126.000,3126.000,40.00,8793
3127.000,3127.000,40.00,7993
3128.000,3128.000,40.00,11711
3129.000,3129.000,40.00,11711
3129.000,3129.000,40.00,8644
3130.000,3130.000,40.00,11562
3131.000,3131.000,40.00,13383
3133.000,3133.000,40.00,5650
3134.000,3134.000,40.00,11357
3136.000,3136.000,40.00,3714
3137.000,3137.000,40.00,2
3137.000,3137.000,75.00,2
3138.000,3138.000,40.00,4550
3140.000,3140.000,40.00,0
3140.000,3140.000,40.00,0
3141.000,3141.000,40.00,0
3141.000,3141.000,40.00,0
3142.000,3142.000,40.00,0
3143.000,3143.000,40.00,0
3144.000,3144.000,40.00,0
3144.000,3144.000,40.00,579
3145.000,3145.000,40.00,0
3147.000,3147.000,40.00,135
3148.000,3148.000,40.00,1067
3150.000,3150.000,40.00,2443
3150.000,3150.000,40.00,2443
3151.000,3151.000,40.00,62
3151.000,3151.000,40.00,62
3152.000,3152.000,40.00,8
3153.000,3153.000,40.00,167
3154.000,3154.000,40.00,2043
3155.000,3155.000,40.00,3257
3157.000,3157.000,40.00,3572
3158.000,3158.000,40.00,1173
3159.000,3159.000,40.00,2135
3160.000,3160.000,40.00,2223
3161.000,3161.000,40.00,3455
3162.000,3162.000,40.00,3455
3162.000,3162.000,40.00,2625
3163.000,3163.000,40.00,4082
3165.000,3165.000,40.00,1205
3166.000,3166.000,40.00,18
3166.000,3166.000,128.00,18
3167.000,3167.000,40.00,561
3168.000,3168.000,40.00,1876
3169.000,3169.000,40.00,3131
3171.000,3171.000,40.00,3940
3172.000,3172.000,40.00,3268
3173.000,3173.000,40.00,4548
3174.000,3174.000,40.00,4379
3175.000,3175.000,40.00,3964
3176.000,3176.000,40.00,4300
3179.000,3179.000,40.00,3872
3180.000,3180.000,40.00,2475
3180.000,3180.000,40.00,2475
3181.000,3181.000,40.00,2990
3182.000,3182.000,40.00,1
3183.000,3183.000,40.00,150
3184.000,3184.000,40.00,1629
3185.000,3185.000,40.00,1957
3186.000,3186.000,40.00,2924
3187.000,3187.000,40.00,3860
3188.000,3188.000,40.00,4021
3190.000,3190.000,40.00,3112
3191.000,3191.000,40.00,3446
3193.000,3193.000,40.00,4106
3194.000,3194.000,40.00,2813
3195.000,3195.000,40.00,0
3196.000,3196.000,131.00,0
3196.000,3196.000,40.00,3
3197.000,3197.000,40.00,1688
3198.000,3198.000,40.00,962
3199.000,3199.000,40.00,2045
3200.000,3200.000,40.00,2604
3201.000,3201.000,40.00,2468
3203.000,3203.000,40.00,2169
3204.000,3204.000,40.00,2427
3205.000,3205.000,40.00,2362
3206.000,3206.000,40.00,1711
3207.000,3207.000,40.00,2907
3209.000,3209.000,40.00,1972
3210.000,3210.000,195.00,1972
3210.000,3210.000,40.00,2
3211.000,3211.000,40.00,1484
3212.000,3212.000,40.00,2001
3213.000,3213.000,40.00,1476
3214.000,3214.000,40.00,1146
3216.000,3216.000,40.00,1579
3217.000,3217.000,40.00,2035
3218.000,3218.000,40.00,2124
3219.000,3219.000,40.00,4258
3220.000,3220.000,40.00,2705
3221.000,3221.000,40.00,4747
3222.000,3222.000,40.00,2180
3223.000,3223.000,40.00,3241
3224.000,3224.000,40.00,3518
3225.000,3225.000,40.00,3008
3226.000,3226.000,198.00,3008
3226.000,3226.000,40.00,137
3227.000,3227.000,40.00,1878
3229.000,3229.000,40.00,2626
3230.000,3230.000,40.00,3274
3231.000,3231.000,40.00,3354
3232.000,3232.000,40.00,3476
3233.000,3233.000,40.00,3096
3234.000,3234.000,40.00,4541
3235.000,3235.000,40.00,2168
3236.000,3236.000,40.00,5054
3237.000,3237.000,40.00,2136
3238.000,3238.000,40.00,4710
3239.000,3239.000,40.00,3281
3240.000,3240.000,40.00,3281
3240.000,3240.000,40.00,0
3242.000,3242.000,40.00,0
3243.000,3243.000,40.00,347
3244.000,3244.000,40.00,2119
3245.000,3245.000,40.00,2393
3246.000,3246.000,40.00,2404
3247.000,3247.000,40.00,4228
3248.000,3248.000,40.00,3788
3249.000,3249.000,40.00,3674
3250.000,3250.000,40.00,3477
3251.000,3251.000,40.00,3234
3252.000,3252.000,40.00,4641
3254.000,3254.000,40.00,1107
3255.000,3255.000,40.00,6
3256.000,3256.000,40.00,12
3257.000,3257.000,40.00,61
3257.000,3257.000,135.00,61
3258.000,3258.000,40.00,880
3259.000,3259.000,40.00,1598
3260.000,3260.000,40.00,1744
3261.000,3261.000,40.00,3084
3262.000,3262.000,40.00,2274
3263.000,3263.000,40.00,3804
3264.000,3264.000,40.00,3276
3265.000,3265.000,40.00,4144
3267.000,3267.000,40.00,3169
3268.000,3268.000,40.00,2839
3270.000,3270.000,40.00,1907
3271.000,3271.000,40.00,1967
3271.000,3271.000,591.00,1967
3272.000,3272.000,40.00,1353
3273.000,3273.000,40.00,1554
3274.000,3274.000,40.00,2276
3275.000,3275.000,40.00,2358
3276.000,3276.000,40.00,2525
3277.000,3277.000,40.00,1986
3279.000,3279.000,40.00,2180
3280.000,3280.000,40.00,1921
3281.000,3281.000,40.00,3129
3282.000,3282.000,40.00,3637
3284.000,3284.000,40.00,2961
3285.000,3285.000,40.00,994
3286.000,3286.000,40.00,1863
3287.000,3287.000,297.00,1863
3287.000,3287.000,40.00,540
3288.000,3288.000,40.00,1621
3289.000,3289.000,40.00,1541
3290.000,3290.000,40.00,972
3292.000,3292.000,40.00,2069
3293.000,3293.000,40.00,2146
3294.000,3294.000,40.00,2415
3295.000,3295.000,40.00,3264
3296.000,3296.000,40.00,2661
3297.000,3297.000,40.00,1565
3298.000,3298.000,40.00,2480
3299.000,3299.000,40.00,2311
3300.000,3300.000,40.00,2513
3301.000,3301.000,40.00,2513
3301.000,3301.000,40.00,1797
3302.000,3302.000,40.00,383
3304.000,3304.000,40.00,1721
3305.000,3305.000,40.00,2756
3306.000,3306.000,40.00,2347
3307.000,3307.000,40.00,3500
3308.000,3308.000,40.00,4011
3309.000,3309.000,40.00,3531
3310.000,3310.000,40.00,3206
3311.000,3311.000,40.00,2559
3312.000,3312.000,40.00,2467
3313.000,3313.000,40.00,2011
3314.000,3314.000,40.00,3208
3315.000,3315.000,40.00,1
3316.000,3316.000,133.00,1
3317.000,3317.000,40.00,706
3318.000,3318.000,40.00,1521
3319.000,3319.000,40.00,3396
3320.000,3320.000,40.00,2772
3321.000,3321.000,40.00,3865
3322.000,3322.000,40.00,3410
3323.000,3323.000,40.00,3696
3324.000,3324.000,40.00,3425
3325.000,3325.000,40.00,3365
3326.000,3326.000,40.00,3094
3327.000,3327.000,40.00,4121
3329.000,3329.000,40.00,4275
3330.000,3330.000,40.00,3343
3330.000,3330.000,40.00,3343
3331.000,3331.000,40.00,167
3332.000,3332.000,40.00,552
3333.000,3333.000,40.00,1544
3334.000,3334.000,40.00,1530
3335.000,3335.000,40.00,1316
3336.000,3336.000,40.00,2136
3337.000,3337.000,40.00,1610
3338.000,3338.000,40.00,1868
3339.000,3339.000,40.00,1845
3341.000,3341.000,40.00,2549
3343.000,3343.000,40.00,1978
3344.000,3344.000,40.00,1
3344.000,3344.000,179.00,1
3345.000,3345.000,40.00,728
3346.000,3346.000,40.00,1364
3347.000,3347.000,40.00,2246
3348.000,3348.000,40.00,2638
3349.000,3349.000,40.00,3003
3350.000,3350.000,40.00,3432
3351.000,3351.000,40.00,2582
3352.000,3352.000,40.00,2556
3354.000,3354.000,40.00,2107
3355.000,3355.000,40.00,1322
3357.000,3357.000,40.00,2991
3358.000,3358.000,40.00,2953
3358.000,3358.000,40.00,2953
3359.000,3359.000,40.00,2
3360.000,3360.000,40.00,1387
3361.000,3361.000,40.00,2247
3362.000,3362.000,40.00,3701
3363.000,3363.000,40.00,3363
3364.000,3364.000,40.00,4102
3366.000,3366.000,40.00,3129
3367.000,3367.000,40.00,4361
3368.000,3368.000,40.00,1050
3369.000,3369.000,40.00,3877
3371.000,3371.000,40.00,3618
3372.000,3372.000,40.00,1664
3373.000,3373.000,40.00,2
3373.000,3373.000,161.00,2
3374.000,3374.000,40.00,995
3375.000,3375.000,40.00,1465
3376.000,3376.000,40.00,1934
3377.000,3377.000,40.00,2430
3379.000,3379.000,40.00,1809
3380.000,3380.000,40.00,3142
3381.000,3381.000,40.00,3376
3382.000,3382.000,40.00,2914
3383.000,3383.000,40.00,3275
3384.000,3384.000,40.00,3381
3386.000,3386.000,40.00,3824
3387.000,3387.000,40.00,145
3387.000,3387.000,535.00,145
3388.000,3388.000,40.00,695
3389.000,3389.000,40.00,1394
3391.000,3391.000,40.00,2114
3392.000,3392.000,40.00,2316
3393.000,3393.000,40.00,2201
3394.000,3394.000,40.00,3231
3395.000,3395.000,40.00,3382
3396.000,3396.000,40.00,4106
3397.000,3397.000,40.00,4217
3398.000,3398.000,40.00,4335
3400.000,3400.000,40.00,4207
3401.000,3401.000,40.00,2790
3403.000,3403.000,40.00,0
3404.000,3404.000,40.00,3
3404.000,3404.000,131.00,3
3405.000,3405.000,40.00,1187
3406.000,3406.000,40.00,1554
3407.000,3407.000,40.00,3309
3408.000,3408.000,40.00,3516
3409.000,3409.000,40.00,3118
3410.000,3410.000,40.00,3073
3411.000,3411.000,40.00,3343
3412.000,3412.000,40.00,3208
3413.000,3413.000,40.00,1945
3414.000,3414.000,40.00,2300
3417.000,3417.000,40.00,2561
3418.000,3418.000,40.00,2464
3418.000,3418.000,310.00,2464
3419.000,3419.000,40.00,760
3420.000,3420.000,40.00,1028
3421.000,3421.000,40.00,1262
3422.000,3422.000,40.00,1744
3423.000,3423.000,40.00,1867
3424.000,3424.000,40.00,917
3425.000,3425.000,40.00,1250
3426.000,3426.000,40.00,2235
3427.000,3427.000,40.00,3604
3429.000,3429.000,40.00,3766
3431.000,3431.000,40.00,3948
3432.000,3432.000,40.00,1878
3433.000,3433.000,40.00,0
3434.000,3434.000,40.00,35
3435.000,3435.000,144.00,35
3435.000,3435.000,40.00,227
3436.000,3436.000,40.00,1942
3437.000,3437.000,40.00,2874
3438.000,3438.000,40.00,2839
3439.000,3439.000,40.00,1419
3440.000,3440.000,40.00,2012
3442.000,3442.000,40.00,3891
3443.000,3443.000,40.00,3308
3444.000,3444.000,40.00,2759
3445.000,3445.000,40.00,4194
3446.000,3446.000,40.00,4169
3447.000,3447.000,40.00,3997
3448.000,3448.000,40.00,3665
3449.000,3449.000,40.00,3665
3449.000,3449.000,40.00,1912
3450.000,3450.000,40.00,0
3451.000,3451.000,40.00,0
3452.000,3452.000,40.00,1089
3454.000,3454.000,40.00,1777
3455.000,3455.000,40.00,2661
3456.000,3456.000,40.00,1777
3457.000,3457.000,40.00,2529
3458.000,3458.000,40.00,3957
3459.000,3459.000,40.00,2526
3460.000,3460.000,40.00,1564
3461.000,3461.000,40.00,3845
3462.000,3462.000,40.00,1083
3463.000,3463.000,129.00,1083
3463.000,3463.000,40.00,4
3464.000,3464.000,40.00,1754
3465.000,3465.000,40.00,2292
3467.000,3467.000,40.00,2478
3468.000,3468.000,40.00,3467
3469.000,3469.000,40.00,2225
3470.000,3470.000,40.00,4336
3471.000,3471.000,40.00,3530
3472.000,3472.000,40.00,5147
3473.000,3473.000,40.00,4235
3474.000,3474.000,40.00,4564
3476.000,3476.000,40.00,4700
3477.000,3477.000,40.00,4700
3477.000,3477.000,40.00,1342
3479.000,3479.000,40.00,0
3480.000,3480.000,40.00,27
3481.000,3481.000,40.00,1449
3482.000,3482.000,40.00,1052
3483.000,3483.000,40.00,1822
3484.000,3484.000,40.00,2414
3485.000,3485.000,40.00,1251
3486.000,3486.000,40.00,1319
3487.000,3487.000,40.00,2056
3488.000,3488.000,40.00,1894
3490.000,3490.000,40.00,402
3491.000,3491.000,135.00,402
3492.000,3492.000,40.00,3
3493.000,3493.000,40.00,1530
3494.000,3494.000,40.00,1888
3495.000,3495.000,40.00,1990
3496.000,3496.000,40.00,1263
3497.000,3497.000,40.00,1655
3498.000,3498.000,40.00,1867
3499.000,3499.000,40.00,1979
3500.000,3500.000,40.00,2134
3501.000,3501.000,40.00,1833
3502.000,3502.000,40.00,1918
3504.000,3504.000,40.00,2259
3505.000,3505.000,40.00,22
3505.000,3505.000,138.00,22
3506.000,3506.000,40.00,215
3507.000,3507.000,40.00,1784
3508.000,3508.000,40.00,1810
3509.000,3509.000,40.00,2202
3510.000,3510.000,40.00,2314
3511.000,3511.000,40.00,1407
3512.000,3512.000,40.00,2706
3513.000,3513.000,40.00,3711
3514.000,3514.000,40.00,4451
3515.000,3515.000,40.00,3366
3518.000,3518.000,40.00,4330
3519.000,3519.000,40.00,3674
3520.000,3520.000,40.00,0
3521.000,3521.000,134.00,0
3521.000,3521.000,40.00,3
3522.000,3522.000,40.00,1663
3523.000,3523.000,40.00,2548
3524.000,3524.000,40.00,2986
3525.000,3525.000,40.00,3397
3526.000,3526.000,40.00,3444
3527.000,3527.000,40.00,3989
3529.000,3529.000,40.00,4036
3530.000,3530.000,40.00,3677
3531.000,3531.000,40.00,4076
3532.000,3532.000,40.00,3857
3533.000,3533.000,40.00,4054
3534.000,3534.000,40.00,4230
3535.000,3535.000,40.00,4230
3535.000,3535.000,40.00,2667
3536.000,3536.000,40.00,0
3537.000,3537.000,40.00,0
3538.000,3538.000,40.00,1111
3539.000,3539.000,40.00,1308
3541.000,3541.000,40.00,2337
3542.000,3542.000,40.00,2650
3543.000,3543.000,40.00,2090
3544.000,3544.000,40.00,2795
3545.000,3545.000,40.00,2974
3546.000,3546.000,40.00,3085
3547.000,3547.000,40.00,3486
3548.000,3548.000,40.00,134
3549.000,3549.000,136.00,134
3549.000,3549.000,40.00,4
3550.000,3550.000,40.00,1540
3551.000,3551.000,40.00,1653
3552.000,3552.000,40.00,2247
3554.000,3554.000,40.00,2180
3555.000,3555.000,40.00,2672
3556.000,3556.000,40.00,1442
3557.000,3557.000,40.00,1655
3558.000,3558.000,40.00,2918
3559.000,3559.000,40.00,3286
3560.000,3560.000,40.00,3172
3561.000,3561.000,40.00,4995
3562.000,3562.000,40.00,4530
3563.000,3563.000,40.00,4530
3563.000,3563.000,40.00,0
3564.000,3564.000,40.00,362
3566.000,3566.000,40.00,1308
3567.000,3567.000,40.00,1912
3568.000,3568.000,40.00,2347
3569.000,3569.000,40.00,2180
3570.000,3570.000,40.00,2259
3571.000,3571.000,40.00,2284
3572.000,3572.000,40.00,2397
3573.000,3573.000,40.00,3087
3574.000,3574.000,40.00,1631
3575.000,3575.000,40.00,1996
3576.000,3576.000,40.00,23
3577.000,3577.000,131.00,23
3577.000,3577.000,40.00,159
3579.000,3579.000,40.00,2095
3580.000,3580.000,40.00,2292
3581.000,3581.000,40.00,2470
3582.000,3582.000,40.00,1082
3583.000,3583.000,40.00,2336
3584.000,3584.000,40.00,2268
3585.000,3585.000,40.00,2795
3586.000,3586.000,40.00,2759
3587.000,3587.000,40.00,2270
3588.000,3588.000,40.00,2238
3589.000,3589.000,40.00,2761
3591.000,3591.000,40.00,2070
3591.000,3591.000,40.00,2070
3592.000,3592.000,40.00,2552
3593.000,3593.000,40.00,1322
3594.000,3594.000,40.00,1644
3595.000,3595.000,40.00,2706
3596.000,3596.000,40.00,984
3597.000,3597.000,40.00,3228
3598.000,3598.000,40.00,3054
3599.000,3599.000,40.00,3039
3600.000,3600.000,40.00,4112
3601.000,3601.000,40.00,3533
3602.000,3602.000,40.00,2641
3604.000,3604.000,40.00,1710
3605.000,3605.000,40.00,3869
3606.000,3606.000,40.00,0
3606.000,3606.000,136.00,0
3607.000,3607.000,40.00,93
3608.000,3608.000,40.00,1632
3609.000,3609.000,40.00,2449
3610.000,3610.000,40.00,2030
3611.000,3611.000,40.00,2168
3612.000,3612.000,40.00,1330
3613.000,3613.000,40.00,2158
3614.000,3614.000,40.00,1744
3615.000,3615.000,40.00,2247
3617.000,3617.000,40.00,1398
3619.000,3619.000,40.00,1767
3620.000,3620.000,40.00,3712
3621.000,3621.000,40.00,3712
3621.000,3621.000,40.00,343
3622.000,3622.000,40.00,1033
3623.000,3623.000,40.00,2031
3624.000,3624.000,40.00,3130
3625.000,3625.000,40.00,2471
3626.000,3626.000,40.00,2751
3627.000,3627.000,40.00,1968
3629.000,3629.000,40.00,2224
3630.000,3630.000,40.00,2874
3631.000,3631.000,40.00,2973
3632.000,3632.000,40.00,3419
3633.000,3633.000,40.00,3513
3634.000,3634.000,40.00,3176
3635.000,3635.000,40.00,1632
3636.000,3636.000,40.00,0
3637.000,3637.000,40.00,2
3637.000,3637.000,177.00,2
3638.000,3638.000,40.00,583
3639.000,3639.000,40.00,1364
3641.000,3641.000,40.00,2259
3642.000,3642.000,40.00,2559
3643.000,3643.000,40.00,2368
3644.000,3644.000,40.00,1342
3645.000,3645.000,40.00,2435
3646.000,3646.000,40.00,2784
3647.000,3647.000,40.00,2023
3648.000,3648.000,40.00,2723
3650.000,3650.000,40.00,2963
3650.000,3650.000,40.00,749
3651.000,3651.000,129.00,2
3651.000,3651.000,40.00,2
3652.000,3652.000,40.00,1175
3654.000,3654.000,40.00,1889
3655.000,3655.000,40.00,2286
3656.000,3656.000,40.00,3733
3657.000,3657.000,40.00,3556
3658.000,3658.000,40.00,3425
3659.000,3659.000,40.00,4394
3660.000,3660.000,40.00,3992
3661.000,3661.000,40.00,3163
3662.000,3662.000,40.00,3890
3664.000,3664.000,40.00,3696
3666.000,3666.000,40.00,1630
3667.000,3667.000,40.00,0
3668.000,3668.000,40.00,0
3669.000,3669.000,134.00,4
3669.000,3669.000,40.00,4
3670.000,3670.000,40.00,1331
3671.000,3671.000,40.00,1833
3672.000,3672.000,40.00,3175
3673.000,3673.000,40.00,2594
3674.000,3674.000,40.00,3422
3675.000,3675.000,40.00,3452
3676.000,3676.000,40.00,3564
3677.000,3677.000,40.00,3307
3679.000,3679.000,40.00,3722
3680.000,3680.000,40.00,4028
3682.000,3682.000,40.00,2268
3683.000,3683.000,134.00,2268
3683.000,3683.000,40.00,3
3684.000,3684.000,40.00,1519
3685.000,3685.000,40.00,2022
3686.000,3686.000,40.00,2482
3687.000,3687.000,40.00,2426
3688.000,3688.000,40.00,2468
3689.000,3689.000,40.00,2168
3691.000,3691.000,40.00,1990
3692.000,3692.000,40.00,2415
3693.000,3693.000,40.00,2482
3694.000,3694.000,40.00,2412
3695.000,3695.000,40.00,1811
3696.000,3696.000,40.00,2436
3697.000,3697.000,301.00,2436
3697.000,3697.000,40.00,1457
3698.000,3698.000,40.00,1488
3699.000,3699.000,40.00,1505
3700.000,3700.000,40.00,2392
3701.000,3701.000,40.00,1834
3702.000,3702.000,40.00,1767
3704.000,3704.000,40.00,1744
3705.000,3705.000,40.00,1755
3706.000,3706.000,40.00,1844
3707.000,3707.000,40.00,1815
3708.000,3708.000,40.00,1709
3710.000,3710.000,40.00,401
3711.000,3711.000,130.00,401
3711.000,3711.000,40.00,48
3712.000,3712.000,40.00,1541
3713.000,3713.000,40.00,1720
3714.000,3714.000,40.00,2904
3715.000,3715.000,40.00,3831
3717.000,3717.000,40.00,3509
3718.000,3718.000,40.00,3455
3719.000,3719.000,40.00,1271
3720.000,3720.000,40.00,2551
3721.000,3721.000,40.00,3500
3722.000,3722.000,40.00,4055
3723.000,3723.000,40.00,3958
3724.000,3724.000,40.00,838
3725.000,3725.000,40.00,2325
3726.000,3726.000,40.00,12
3727.000,3727.000,137.00,43
3727.000,3727.000,40.00,43
3728.000,3728.000,40.00,1068
3730.000,3730.000,40.00,1185
3731.000,3731.000,40.00,1209
3732.000,3732.000,40.00,1645
3733.000,3733.000,40.00,1822
3734.000,3734.000,40.00,1230
3735.000,3735.000,40.00,1210
3736.000,3736.000,40.00,1812
3737.000,3737.000,40.00,1834
3738.000,3738.000,40.00,1828
3740.000,3740.000,40.00,1047
3741.000,3741.000,126.00,1047
3741.000,3741.000,40.00,11
3743.000,3743.000,40.00,1453
3744.000,3744.000,40.00,1540
3745.000,3745.000,40.00,1475
3746.000,3746.000,40.00,2453
3747.000,3747.000,40.00,2378
3748.000,3748.000,40.00,2258
3749.000,3749.000,40.00,1342
3750.000,3750.000,40.00,2279
3751.000,3751.000,40.00,1821
3752.000,3752.000,40.00,2452
3753.000,3753.000,40.00,1406
3755.000,3755.000,40.00,212
3755.000,3755.000,131.00,212
3756.000,3756.000,40.00,3
3757.000,3757.000,40.00,1520
3758.000,3758.000,40.00,2158
3759.000,3759.000,40.00,1185
3760.000,3760.000,40.00,2426
3761.000,3761.000,40.00,2145
3762.000,3762.000,40.00,2325
3763.000,3763.000,40.00,2457
3764.000,3764.000,40.00,2514
3765.000,3765.000,40.00,1465
3765.000,3765.000,40.00,1465
3768.000,3768.000,40.00,668
3769.000,3769.000,40.00,73
3769.000,3769.000,155.00,73
3770.000,3770.000,40.00,7110
3771.000,3771.000,40.00,6102
3772.000,3772.000,40.00,6772
3773.000,3773.000,40.00,6772
3773.000,3773.000,40.00,9243
3774.000,3774.000,40.00,11080
3776.000,3776.000,40.00,0
3776.000,3776.000,40.00,0
