since,relative_seconds,rtt,bandwidth_kbps
0.000,0.000,40.00,12
1.000,1.000,40.00,12
1.000,1.000,40.00,0
2.000,2.000,40.00,0
3.000,3.000,40.00,0
5.000,5.000,40.00,0
6.000,6.000,40.00,0
7.000,7.000,40.00,0
8.000,8.000,40.00,0
9.000,9.000,40.00,0
11.000,11.000,40.00,0
11.000,11.000,81.00,0
12.000,12.000,40.00,2044
13.000,13.000,40.00,213414
14.000,14.000,40.00,229175
15.000,15.000,40.00,244111
16.000,16.000,40.00,231592
17.000,17.000,40.00,244656
18.000,18.000,40.00,196120
20.000,20.000,40.00,206893
21.000,21.000,40.00,211201
22.000,22.000,40.00,173292
24.000,24.000,40.00,40859
25.000,25.000,71.00,40859
25.000,25.000,40.00,2249
27.000,27.000,40.00,19368
28.000,28.000,40.00,17883
29.000,29.000,40.00,19642
30.000,30.000,40.00,20543
31.000,31.000,40.00,20164
32.000,32.000,40.00,20268
34.000,34.000,40.00,20482
35.000,35.000,40.00,19675
36.000,36.000,40.00,20692
37.000,37.000,40.00,19412
38.000,38.000,40.00,0
39.000,39.000,67.00,0
40.000,40.000,40.00,8385
41.000,41.000,40.00,22074
42.000,42.000,40.00,21263
43.000,43.000,40.00,71507
44.000,44.000,40.00,223428
45.000,45.000,40.00,230750
47.000,47.000,40.00,198048
48.000,48.000,40.00,214618
49.000,49.000,40.00,216265
50.000,50.000,40.00,183859
51.000,51.000,40.00,177876
52.000,52.000,40.00,6441
53.000,53.000,68.00,6441
54.000,54.000,40.00,6588
55.000,55.000,40.00,87597
56.000,56.000,40.00,112865
57.000,57.000,40.00,181357
58.000,58.000,40.00,180634
59.000,59.000,40.00,213529
60.000,60.000,40.00,187550
62.000,62.000,40.00,181667
63.000,63.000,40.00,199848
64.000,64.000,40.00,180750
65.000,65.000,40.00,202878
66.000,66.000,40.00,0
67.000,67.000,66.00,0
67.000,67.000,40.00,11964
69.000,69.000,40.00,166428
70.000,70.000,40.00,213250
71.000,71.000,40.00,221179
72.000,72.000,40.00,207334
73.000,73.000,40.00,207083
74.000,74.000,40.00,185199
75.000,75.000,40.00,167221
76.000,76.000,40.00,188243
77.000,77.000,40.00,153032
80.000,80.000,40.00,84790
80.000,80.000,67.00,84790
81.000,81.000,40.00,37459
82.000,82.000,40.00,184151
83.000,83.000,40.00,163699
84.000,84.000,40.00,171585
85.000,85.000,40.00,164666
87.000,87.000,40.00,180672
88.000,88.000,40.00,180486
89.000,89.000,40.00,182268
90.000,90.000,40.00,186451
91.000,91.000,40.00,162844
92.000,92.000,40.00,156244
93.000,93.000,40.00,53491
94.000,94.000,68.00,53491
95.000,95.000,40.00,749
96.000,96.000,40.00,231698
97.000,97.000,40.00,323677
98.000,98.000,40.00,203912
99.000,99.000,40.00,200665
100.000,100.000,40.00,214358
101.000,101.000,40.00,164519
102.000,102.000,40.00,170852
104.000,104.000,40.00,179868
105.000,105.000,40.00,184993
107.000,107.000,40.00,73197
108.000,108.000,67.00,2
108.000,108.000,40.00,2
109.000,109.000,40.00,211746
110.000,110.000,40.00,271341
112.000,112.000,40.00,259660
113.000,113.000,40.00,229217
114.000,114.000,40.00,206103
115.000,115.000,40.00,149670
116.000,116.000,40.00,132912
117.000,117.000,40.00,137682
119.000,119.000,40.00,144236
121.000,121.000,40.00,86592
122.000,122.000,67.00,2
122.000,122.000,40.00,2
123.000,123.000,40.00,150560
124.000,124.000,40.00,218151
125.000,125.000,40.00,193360
127.000,127.000,40.00,196460
128.000,128.000,40.00,203252
129.000,129.000,40.00,208170
130.000,130.000,40.00,206123
131.000,131.000,40.00,207792
132.000,132.000,40.00,196658
133.000,133.000,40.00,171162
135.000,135.000,40.00,121617
136.000,136.000,40.00,2
136.000,136.000,66.00,2
137.000,137.000,40.00,15488
138.000,138.000,40.00,67823
139.000,139.000,40.00,138844
140.000,140.000,40.00,131747
142.000,142.000,40.00,142403
143.000,143.000,40.00,142254
144.000,144.000,40.00,134707
145.000,145.000,40.00,139125
146.000,146.000,40.00,121928
147.000,147.000,40.00,132869
149.000,149.000,40.00,83952
150.000,150.000,67.00,2
150.000,150.000,40.00,2
151.000,151.000,40.00,17020
152.000,152.000,40.00,19376
153.000,153.000,40.00,19811
154.000,154.000,40.00,21011
156.000,156.000,40.00,72234
157.000,157.000,40.00,75639
158.000,158.000,40.00,147009
159.000,159.000,40.00,174137
160.000,160.000,40.00,180464
161.000,161.000,40.00,167993
163.000,163.000,40.00,66743
164.000,164.000,68.00,3
164.000,164.000,40.00,3
165.000,165.000,40.00,26313
166.000,166.000,40.00,22489
167.000,167.000,40.00,24921
169.000,169.000,40.00,25559
170.000,170.000,40.00,25133
171.000,171.000,40.00,24615
172.000,172.000,40.00,24258
173.000,173.000,40.00,22702
174.000,174.000,40.00,22174
177.000,177.000,40.00,1327
177.000,177.000,68.00,1327
178.000,178.000,40.00,6410
179.000,179.000,40.00,19956
180.000,180.000,40.00,46483
181.000,181.000,40.00,161327
183.000,183.000,40.00,195551
184.000,184.000,40.00,185812
185.000,185.000,40.00,192440
186.000,186.000,40.00,294558
187.000,187.000,40.00,291089
188.000,188.000,40.00,280488
190.000,190.000,40.00,25253
191.000,191.000,68.00,25253
192.000,192.000,40.00,113
193.000,193.000,40.00,165021
194.000,194.000,40.00,231342
195.000,195.000,40.00,243896
196.000,196.000,40.00,165672
197.000,197.000,40.00,175359
198.000,198.000,40.00,143342
200.000,200.000,40.00,159647
201.000,201.000,40.00,128161
202.000,202.000,40.00,150916
204.000,204.000,40.00,45369
205.000,205.000,67.00,45369
205.000,205.000,40.00,1419
207.000,207.000,40.00,110718
208.000,208.000,40.00,224739
209.000,209.000,40.00,215685
210.000,210.000,40.00,213776
211.000,211.000,40.00,250851
212.000,212.000,40.00,226107
213.000,213.000,40.00,211331
215.000,215.000,40.00,182459
216.000,216.000,40.00,206401
217.000,217.000,40.00,177392
218.000,218.000,40.00,120146
219.000,219.000,67.00,120146
219.000,219.000,40.00,3
220.000,220.000,40.00,61082
221.000,221.000,40.00,223309
223.000,223.000,40.00,260651
224.000,224.000,40.00,220573
225.000,225.000,40.00,252381
226.000,226.000,40.00,267609
227.000,227.000,40.00,258445
228.000,228.000,40.00,219398
229.000,229.000,40.00,169112
230.000,230.000,40.00,197024
232.000,232.000,40.00,124664
233.000,233.000,40.00,2
233.000,233.000,67.00,2
234.000,234.000,40.00,18905
235.000,235.000,40.00,85344
236.000,236.000,40.00,245531
237.000,237.000,40.00,247482
239.000,239.000,40.00,165321
240.000,240.000,40.00,204198
241.000,241.000,40.00,205609
242.000,242.000,40.00,223605
243.000,243.000,40.00,194144
244.000,244.000,40.00,224949
245.000,245.000,40.00,163912
246.000,246.000,40.00,1
247.000,247.000,68.00,1
247.000,247.000,40.00,23851
249.000,249.000,40.00,130219
250.000,250.000,40.00,169195
251.000,251.000,40.00,197214
252.000,252.000,40.00,211487
253.000,253.000,40.00,157368
254.000,254.000,40.00,164371
256.000,256.000,40.00,170658
257.000,257.000,40.00,162820
258.000,258.000,40.00,164719
259.000,259.000,40.00,146500
260.000,260.000,40.00,1
260.000,260.000,68.00,1
261.000,261.000,40.00,16509
263.000,263.000,40.00,91002
264.000,264.000,40.00,153193
265.000,265.000,40.00,120451
266.000,266.000,40.00,164918
267.000,267.000,40.00,121322
268.000,268.000,40.00,128606
270.000,270.000,40.00,167217
271.000,271.000,40.00,108619
273.000,273.000,40.00,119754
273.000,273.000,40.00,91258
274.000,274.000,40.00,2
274.000,274.000,70.00,2
275.000,275.000,40.00,14855
276.000,276.000,40.00,57933
278.000,278.000,40.00,97209
279.000,279.000,40.00,111776
280.000,280.000,40.00,94290
281.000,281.000,40.00,118303
282.000,282.000,40.00,90548
284.000,284.000,40.00,111358
285.000,285.000,40.00,99136
287.000,287.000,40.00,94444
288.000,288.000,40.00,28994
288.000,288.000,71.00,28994
289.000,289.000,40.00,24277
290.000,290.000,40.00,88468
292.000,292.000,40.00,123293
293.000,293.000,40.00,112120
294.000,294.000,40.00,122545
295.000,295.000,40.00,95350
296.000,296.000,40.00,93111
297.000,297.000,40.00,82197
299.000,299.000,40.00,103523
301.000,301.000,40.00,58473
302.000,302.000,40.00,2
302.000,302.000,66.00,2
303.000,303.000,40.00,20896
304.000,304.000,40.00,66072
306.000,306.000,40.00,63155
307.000,307.000,40.00,67535
308.000,308.000,40.00,98079
309.000,309.000,40.00,63194
310.000,310.000,40.00,79837
311.000,311.000,40.00,105719
313.000,313.000,40.00,110693
315.000,315.000,40.00,71121
316.000,316.000,66.00,71121
316.000,316.000,40.00,1550
317.000,317.000,40.00,16635
318.000,318.000,40.00,16948
320.000,320.000,40.00,17666
321.000,321.000,40.00,57605
322.000,322.000,40.00,82953
323.000,323.000,40.00,71572
324.000,324.000,40.00,70686
325.000,325.000,40.00,63993
327.000,327.000,40.00,79362
329.000,329.000,40.00,41115
330.000,330.000,69.00,41115
330.000,330.000,40.00,3
331.000,331.000,40.00,34235
332.000,332.000,40.00,61059
334.000,334.000,40.00,63995
335.000,335.000,40.00,62439
336.000,336.000,40.00,75882
337.000,337.000,40.00,67519
338.000,338.000,40.00,77506
339.000,339.000,40.00,68333
341.000,341.000,40.00,67371
343.000,343.000,40.00,22012
344.000,344.000,68.00,22012
344.000,344.000,40.00,3130
345.000,345.000,40.00,15493
346.000,346.000,40.00,12329
348.000,348.000,40.00,13498
349.000,349.000,40.00,13482
350.000,350.000,40.00,12883
351.000,351.000,40.00,12529
352.000,352.000,40.00,15029
353.000,353.000,40.00,12837
355.000,355.000,40.00,15520
356.000,356.000,40.00,14977
357.000,357.000,40.00,0
357.000,357.000,67.00,0
358.000,358.000,40.00,3111
359.000,359.000,40.00,14404
360.000,360.000,40.00,13651
361.000,361.000,40.00,20502
363.000,363.000,40.00,41773
364.000,364.000,40.00,46041
365.000,365.000,40.00,54121
366.000,366.000,40.00,55490
367.000,367.000,40.00,40075
368.000,368.000,40.00,48088
370.000,370.000,40.00,57823
371.000,371.000,40.00,13009
371.000,371.000,66.00,13009
372.000,372.000,40.00,6602
373.000,373.000,40.00,50122
374.000,374.000,40.00,53217
375.000,375.000,40.00,87821
377.000,377.000,40.00,96615
378.000,378.000,40.00,104666
379.000,379.000,40.00,88600
380.000,380.000,40.00,106008
381.000,381.000,40.00,102307
384.000,384.000,40.00,90729
385.000,385.000,40.00,1
385.000,385.000,68.00,1
386.000,386.000,40.00,33703
387.000,387.000,40.00,103702
388.000,388.000,40.00,98235
389.000,389.000,40.00,101030
391.000,391.000,40.00,106481
392.000,392.000,40.00,116441
393.000,393.000,40.00,89701
394.000,394.000,40.00,100705
395.000,395.000,40.00,82514
396.000,396.000,40.00,102497
398.000,398.000,40.00,118945
399.000,399.000,40.00,1
399.000,399.000,68.00,1
400.000,400.000,40.00,40158
401.000,401.000,40.00,72807
402.000,402.000,40.00,92071
403.000,403.000,40.00,102211
405.000,405.000,40.00,78242
406.000,406.000,40.00,93271
407.000,407.000,40.00,77099
408.000,408.000,40.00,84712
409.000,409.000,40.00,78711
410.000,410.000,40.00,87120
412.000,412.000,40.00,70898
413.000,413.000,40.00,2
413.000,413.000,66.00,2
414.000,414.000,40.00,17735
415.000,415.000,40.00,74931
416.000,416.000,40.00,109518
417.000,417.000,40.00,105727
419.000,419.000,40.00,96948
420.000,420.000,40.00,86140
421.000,421.000,40.00,102576
422.000,422.000,40.00,89694
423.000,423.000,40.00,88474
424.000,424.000,40.00,101339
425.000,425.000,40.00,81156
427.000,427.000,40.00,1
427.000,427.000,70.00,1
428.000,428.000,40.00,18575
429.000,429.000,40.00,58187
430.000,430.000,40.00,99001
431.000,431.000,40.00,105253
432.000,432.000,40.00,113150
434.000,434.000,40.00,100037
435.000,435.000,40.00,113764
436.000,436.000,40.00,106636
437.000,437.000,40.00,95700
438.000,438.000,40.00,101901
439.000,439.000,40.00,55920
441.000,441.000,40.00,2
441.000,441.000,69.00,2
442.000,442.000,40.00,26116
443.000,443.000,40.00,53414
444.000,444.000,40.00,87044
445.000,445.000,40.00,108999
446.000,446.000,40.00,93409
448.000,448.000,40.00,86737
449.000,449.000,40.00,76149
450.000,450.000,40.00,65952
451.000,451.000,40.00,69977
452.000,452.000,40.00,70556
453.000,453.000,40.00,56400
454.000,454.000,70.00,56400
455.000,455.000,40.00,5070
456.000,456.000,40.00,85558
457.000,457.000,40.00,98665
458.000,458.000,40.00,79256
459.000,459.000,40.00,67254
460.000,460.000,40.00,100336
462.000,462.000,40.00,100735
463.000,463.000,40.00,91174
464.000,464.000,40.00,84598
465.000,465.000,40.00,104822
467.000,467.000,40.00,87607
468.000,468.000,69.00,3097
468.000,468.000,40.00,3097
470.000,470.000,40.00,23127
471.000,471.000,40.00,44720
472.000,472.000,40.00,79542
473.000,473.000,40.00,89712
474.000,474.000,40.00,93235
476.000,476.000,40.00,99108
477.000,477.000,40.00,109681
478.000,478.000,40.00,77345
479.000,479.000,40.00,61775
481.000,481.000,40.00,32780
482.000,482.000,66.00,32780
483.000,483.000,40.00,4179
484.000,484.000,40.00,52464
485.000,485.000,40.00,102550
486.000,486.000,40.00,101068
487.000,487.000,40.00,82552
488.000,488.000,40.00,74343
490.000,490.000,40.00,100657
491.000,491.000,40.00,79412
492.000,492.000,40.00,83295
493.000,493.000,40.00,78708
495.000,495.000,40.00,4938
496.000,496.000,69.00,4938
497.000,497.000,40.00,4233
498.000,498.000,40.00,39162
499.000,499.000,40.00,81397
500.000,500.000,40.00,68190
501.000,501.000,40.00,74151
502.000,502.000,40.00,85137
504.000,504.000,40.00,40541
505.000,505.000,40.00,47252
506.000,506.000,40.00,64140
507.000,507.000,40.00,66495
509.000,509.000,40.00,15466
510.000,510.000,67.00,15466
511.000,511.000,40.00,10343
512.000,512.000,40.00,28727
513.000,513.000,40.00,66139
514.000,514.000,40.00,63753
515.000,515.000,40.00,65876
516.000,516.000,40.00,89166
518.000,518.000,40.00,87544
519.000,519.000,40.00,80899
520.000,520.000,40.00,59819
521.000,521.000,40.00,59243
522.000,522.000,40.00,65160
523.000,523.000,40.00,1687
524.000,524.000,67.00,1687
524.000,524.000,40.00,16951
526.000,526.000,40.00,43371
527.000,527.000,40.00,66905
528.000,528.000,40.00,69796
529.000,529.000,40.00,59786
530.000,530.000,40.00,52293
531.000,531.000,40.00,49937
533.000,533.000,40.00,52650
534.000,534.000,40.00,62423
535.000,535.000,40.00,74530
536.000,536.000,40.00,68704
537.000,537.000,40.00,1
538.000,538.000,66.00,1
538.000,538.000,40.00,7579
539.000,539.000,40.00,30314
541.000,541.000,40.00,27628
542.000,542.000,40.00,32611
543.000,543.000,40.00,23402
544.000,544.000,40.00,33393
545.000,545.000,40.00,34846
546.000,546.000,40.00,54108
547.000,547.000,40.00,80773
548.000,548.000,40.00,56467
549.000,549.000,40.00,61488
551.000,551.000,40.00,47944
552.000,552.000,93.00,47944
552.000,552.000,40.00,41378
553.000,553.000,40.00,21827
554.000,554.000,40.00,26991
555.000,555.000,40.00,28487
556.000,556.000,40.00,67750
558.000,558.000,40.00,53775
559.000,559.000,40.00,56596
560.000,560.000,40.00,53098
561.000,561.000,40.00,58163
562.000,562.000,40.00,38462
563.000,563.000,40.00,43479
565.000,565.000,40.00,26026
565.000,565.000,67.00,26026
566.000,566.000,40.00,147
567.000,567.000,40.00,20727
568.000,568.000,40.00,37349
569.000,569.000,40.00,44173
570.000,570.000,40.00,48585
572.000,572.000,40.00,46525
573.000,573.000,40.00,38355
574.000,574.000,40.00,45698
575.000,575.000,40.00,43411
576.000,576.000,40.00,55892
579.000,579.000,40.00,25910
579.000,579.000,68.00,25910
580.000,580.000,40.00,2916
581.000,581.000,40.00,16720
582.000,582.000,40.00,29447
583.000,583.000,40.00,47854
584.000,584.000,40.00,44876
586.000,586.000,40.00,44709
587.000,587.000,40.00,39148
588.000,588.000,40.00,38360
589.000,589.000,40.00,32601
590.000,590.000,40.00,26603
593.000,593.000,40.00,0
593.000,593.000,65.00,0
594.000,594.000,40.00,3973
595.000,595.000,40.00,9957
596.000,596.000,40.00,10020
597.000,597.000,40.00,17700
598.000,598.000,40.00,23011
600.000,600.000,40.00,41162
601.000,601.000,40.00,35762
602.000,602.000,40.00,25626
603.000,603.000,40.00,8879
604.000,604.000,40.00,23068
605.000,605.000,40.00,19030
606.000,606.000,40.00,8374
607.000,607.000,67.00,8374
608.000,608.000,40.00,3532
609.000,609.000,40.00,12648
610.000,610.000,40.00,17400
611.000,611.000,40.00,18061
612.000,612.000,40.00,27346
613.000,613.000,40.00,35204
614.000,614.000,40.00,33084
616.000,616.000,40.00,18821
617.000,617.000,40.00,26034
618.000,618.000,40.00,28450
620.000,620.000,40.00,6621
621.000,621.000,74.00,6621
621.000,621.000,40.00,1
623.000,623.000,40.00,4149
624.000,624.000,40.00,4925
625.000,625.000,40.00,16087
626.000,626.000,40.00,12505
627.000,627.000,40.00,13856
628.000,628.000,40.00,17453
629.000,629.000,40.00,19015
631.000,631.000,40.00,14929
632.000,632.000,40.00,4035
634.000,634.000,40.00,2674
635.000,635.000,40.00,1797
636.000,636.000,40.00,1564
638.000,638.000,40.00,882
639.000,639.000,40.00,0
639.000,639.000,121.00,0
640.000,640.000,40.00,727
641.000,641.000,40.00,2318
642.000,642.000,40.00,2568
643.000,643.000,40.00,2384
645.000,645.000,40.00,2342
646.000,646.000,40.00,2133
647.000,647.000,40.00,1101
648.000,648.000,40.00,2170
649.000,649.000,40.00,1469
650.000,650.000,40.00,461
652.000,652.000,40.00,311
653.000,653.000,40.00,243
653.000,653.000,147.00,243
654.000,654.000,40.00,135
655.000,655.000,40.00,488
656.000,656.000,40.00,333
657.000,657.000,40.00,122
659.000,659.000,40.00,188
660.000,660.000,40.00,44
661.000,661.000,40.00,100
662.000,662.000,40.00,44
663.000,663.000,40.00,67
664.000,664.000,40.00,123
666.000,666.000,40.00,44
667.000,667.000,40.00,0
667.000,667.000,187.00,0
668.000,668.000,40.00,2
669.000,669.000,40.00,111
670.000,670.000,40.00,111
672.000,672.000,40.00,111
673.000,673.000,40.00,44
674.000,674.000,40.00,123
675.000,675.000,40.00,33
676.000,676.000,40.00,55
677.000,677.000,40.00,55
680.000,680.000,40.00,22
681.000,681.000,40.00,0
681.000,681.000,335.00,0
682.000,682.000,40.00,1
683.000,683.000,40.00,45
685.000,685.000,40.00,67
686.000,686.000,40.00,133
687.000,687.000,40.00,89
688.000,688.000,40.00,145
689.000,689.000,40.00,545
690.000,690.000,40.00,78
692.000,692.000,40.00,44
694.000,694.000,40.00,67
694.000,694.000,40.00,111
695.000,695.000,40.00,0
696.000,696.000,437.00,0
696.000,696.000,40.00,2
698.000,698.000,40.00,22
699.000,699.000,40.00,22
700.000,700.000,40.00,78
701.000,701.000,40.00,55
702.000,702.000,40.00,22
703.000,703.000,40.00,33
705.000,705.000,40.00,11
706.000,706.000,40.00,11
707.000,707.000,40.00,22
709.000,709.000,40.00,11
710.000,710.000,213.00,11
711.000,711.000,40.00,1017
712.000,712.000,40.00,33607
713.000,713.000,40.00,155801
714.000,714.000,40.00,233169
715.000,715.000,40.00,168592
716.000,716.000,40.00,182125
718.000,718.000,40.00,178922
719.000,719.000,40.00,183075
720.000,720.000,40.00,179171
721.000,721.000,40.00,169068
723.000,723.000,40.00,0
724.000,724.000,69.00,0
725.000,725.000,40.00,8392
726.000,726.000,40.00,192668
727.000,727.000,40.00,242907
728.000,728.000,40.00,236436
729.000,729.000,40.00,256147
730.000,730.000,40.00,202383
731.000,731.000,40.00,228599
732.000,732.000,40.00,223987
734.000,734.000,40.00,233608
735.000,735.000,40.00,232763
737.000,737.000,40.00,33123
738.000,738.000,67.00,33123
738.000,738.000,40.00,4043
739.000,739.000,40.00,178770
741.000,741.000,40.00,178278
742.000,742.000,40.00,146608
743.000,743.000,40.00,164480
744.000,744.000,40.00,177145
745.000,745.000,40.00,177962
746.000,746.000,40.00,172886
748.000,748.000,40.00,143925
749.000,749.000,40.00,152591
751.000,751.000,40.00,7012
752.000,752.000,69.00,7012
752.000,752.000,40.00,41049
753.000,753.000,40.00,249281
755.000,755.000,40.00,232714
756.000,756.000,40.00,220485
757.000,757.000,40.00,213208
758.000,758.000,40.00,146947
759.000,759.000,40.00,108175
760.000,760.000,40.00,113369
761.000,761.000,40.00,91350
763.000,763.000,40.00,91734
765.000,765.000,40.00,0
766.000,766.000,67.00,0
766.000,766.000,40.00,8799
767.000,767.000,40.00,23279
769.000,769.000,40.00,22874
770.000,770.000,40.00,22902
771.000,771.000,40.00,22055
772.000,772.000,40.00,21412
773.000,773.000,40.00,22265
775.000,775.000,40.00,22371
776.000,776.000,40.00,22916
777.000,777.000,40.00,21212
778.000,778.000,40.00,85442
779.000,779.000,40.00,2
779.000,779.000,67.00,2
781.000,781.000,40.00,17858
782.000,782.000,40.00,22773
783.000,783.000,40.00,24642
784.000,784.000,40.00,40333
785.000,785.000,40.00,165422
786.000,786.000,40.00,221495
788.000,788.000,40.00,248053
789.000,789.000,40.00,209367
790.000,790.000,40.00,206483
792.000,792.000,40.00,176491
792.000,792.000,40.00,78861
793.000,793.000,67.00,2
793.000,793.000,40.00,2
795.000,795.000,40.00,120609
796.000,796.000,40.00,272350
797.000,797.000,40.00,187094
798.000,798.000,40.00,138750
799.000,799.000,40.00,180438
800.000,800.000,40.00,189706
801.000,801.000,40.00,186207
803.000,803.000,40.00,178444
804.000,804.000,40.00,187496
806.000,806.000,40.00,125927
807.000,807.000,68.00,3372
807.000,807.000,40.00,3372
809.000,809.000,40.00,72353
810.000,810.000,40.00,132941
811.000,811.000,40.00,103875
812.000,812.000,40.00,85861
813.000,813.000,40.00,88585
814.000,814.000,40.00,97610
816.000,816.000,40.00,102154
817.000,817.000,40.00,106663
818.000,818.000,40.00,113306
820.000,820.000,40.00,2554
821.000,821.000,66.00,2554
822.000,822.000,40.00,3442
823.000,823.000,40.00,19066
824.000,824.000,40.00,20170
825.000,825.000,40.00,20370
826.000,826.000,40.00,18797
827.000,827.000,40.00,19549
829.000,829.000,40.00,19980
830.000,830.000,40.00,19949
831.000,831.000,40.00,17408
832.000,832.000,40.00,18322
833.000,833.000,40.00,16998
835.000,835.000,40.00,1
835.000,835.000,70.00,1
836.000,836.000,40.00,13678
837.000,837.000,40.00,30494
838.000,838.000,40.00,29893
839.000,839.000,40.00,30891
840.000,840.000,40.00,30639
842.000,842.000,40.00,31359
843.000,843.000,40.00,28007
844.000,844.000,40.00,29924
845.000,845.000,40.00,30417
846.000,846.000,40.00,29837
847.000,847.000,40.00,29940
849.000,849.000,40.00,1
849.000,849.000,66.00,1
850.000,850.000,40.00,13582
851.000,851.000,40.00,18587
852.000,852.000,40.00,20332
853.000,853.000,40.00,19758
855.000,855.000,40.00,19853
856.000,856.000,40.00,19690
857.000,857.000,40.00,19515
858.000,858.000,40.00,19648
859.000,859.000,40.00,20699
860.000,860.000,40.00,19809
862.000,862.000,40.00,6766
863.000,863.000,68.00,6766
863.000,863.000,40.00,3
864.000,864.000,40.00,24469
865.000,865.000,40.00,134514
866.000,866.000,40.00,152679
867.000,867.000,40.00,151752
869.000,869.000,40.00,147792
870.000,870.000,40.00,221833
871.000,871.000,40.00,195378
872.000,872.000,40.00,150044
873.000,873.000,40.00,159131
874.000,874.000,40.00,152983
876.000,876.000,40.00,63125
876.000,876.000,68.00,63125
877.000,877.000,40.00,112
878.000,878.000,40.00,63680
879.000,879.000,40.00,174544
880.000,880.000,40.00,178239
881.000,881.000,40.00,166895
882.000,882.000,40.00,197476
884.000,884.000,40.00,186424
885.000,885.000,40.00,134235
886.000,886.000,40.00,220009
887.000,887.000,40.00,200115
889.000,889.000,40.00,117261
890.000,890.000,69.00,9245
891.000,891.000,40.00,9245
892.000,892.000,40.00,18592
893.000,893.000,40.00,74981
894.000,894.000,40.00,180529
895.000,895.000,40.00,202449
896.000,896.000,40.00,163107
897.000,897.000,40.00,199569
899.000,899.000,40.00,217031
900.000,900.000,40.00,205877
901.000,901.000,40.00,179533
903.000,903.000,40.00,69857
904.000,904.000,70.00,69857
904.000,904.000,40.00,2
905.000,905.000,40.00,20579
907.000,907.000,40.00,57222
908.000,908.000,40.00,108671
909.000,909.000,40.00,107668
910.000,910.000,40.00,171317
911.000,911.000,40.00,110727
912.000,912.000,40.00,106546
914.000,914.000,40.00,99197
915.000,915.000,40.00,110256
917.000,917.000,40.00,32777
918.000,918.000,66.00,32777
918.000,918.000,40.00,334
919.000,919.000,40.00,17490
921.000,921.000,40.00,59538
922.000,922.000,40.00,101581
923.000,923.000,40.00,98440
924.000,924.000,40.00,105594
925.000,925.000,40.00,79630
926.000,926.000,40.00,75869
928.000,928.000,40.00,87457
929.000,929.000,40.00,83008
931.000,931.000,40.00,37080
932.000,932.000,68.00,37080
932.000,932.000,40.00,9392
934.000,934.000,40.00,62018
935.000,935.000,40.00,93323
936.000,936.000,40.00,61733
937.000,937.000,40.00,60299
938.000,938.000,40.00,61077
939.000,939.000,40.00,51904
940.000,940.000,40.00,58238
942.000,942.000,40.00,71248
943.000,943.000,40.00,63220
945.000,945.000,40.00,7420
946.000,946.000,67.00,7420
946.000,946.000,40.00,12454
947.000,947.000,40.00,59942
949.000,949.000,40.00,87348
950.000,950.000,40.00,69629
951.000,951.000,40.00,81476
952.000,952.000,40.00,60195
953.000,953.000,40.00,94569
954.000,954.000,40.00,80059
956.000,956.000,40.00,67143
957.000,957.000,40.00,68081
959.000,959.000,40.00,3306
959.000,959.000,66.00,3306
960.000,960.000,40.00,29728
961.000,961.000,40.00,92100
962.000,962.000,40.00,80067
964.000,964.000,40.00,63198
965.000,965.000,40.00,87481
966.000,966.000,40.00,71417
967.000,967.000,40.00,96099
968.000,968.000,40.00,101156
969.000,969.000,40.00,114249
971.000,971.000,40.00,84728
972.000,972.000,40.00,65489
973.000,973.000,40.00,12322
973.000,973.000,66.00,12322
974.000,974.000,40.00,16515
975.000,975.000,40.00,68506
976.000,976.000,40.00,80465
978.000,978.000,40.00,73909
979.000,979.000,40.00,63530
980.000,980.000,40.00,57999
981.000,981.000,40.00,58399
982.000,982.000,40.00,71505
983.000,983.000,40.00,51874
986.000,986.000,40.00,52261
986.000,986.000,40.00,39466
987.000,987.000,40.00,11391
987.000,987.000,68.00,11391
988.000,988.000,40.00,17693
989.000,989.000,40.00,49434
990.000,990.000,40.00,56639
992.000,992.000,40.00,51723
993.000,993.000,40.00,47257
994.000,994.000,40.00,35538
995.000,995.000,40.00,38288
996.000,996.000,40.00,38821
997.000,997.000,40.00,41114
1000.000,1000.000,40.00,24945
1001.000,1001.000,40.00,1
1001.000,1001.000,68.00,1
1002.000,1002.000,40.00,28171
1003.000,1003.000,40.00,52840
1004.000,1004.000,40.00,44266
1006.000,1006.000,40.00,39557
1007.000,1007.000,40.00,67803
1008.000,1008.000,40.00,48328
1009.000,1009.000,40.00,48251
1010.000,1010.000,40.00,49045
1011.000,1011.000,40.00,31176
1014.000,1014.000,40.00,46717
1015.000,1015.000,40.00,1
1015.000,1015.000,66.00,1
1016.000,1016.000,40.00,13496
1017.000,1017.000,40.00,30807
1018.000,1018.000,40.00,37749
1019.000,1019.000,40.00,50737
1021.000,1021.000,40.00,51305
1022.000,1022.000,40.00,39862
1023.000,1023.000,40.00,56181
1024.000,1024.000,40.00,53352
1025.000,1025.000,40.00,50529
1026.000,1026.000,40.00,62872
1028.000,1028.000,40.00,55468
1029.000,1029.000,40.00,2
1029.000,1029.000,67.00,2
1030.000,1030.000,40.00,12322
1031.000,1031.000,40.00,27114
1032.000,1032.000,40.00,32918
1033.000,1033.000,40.00,38889
1035.000,1035.000,40.00,36683
1036.000,1036.000,40.00,49087
1037.000,1037.000,40.00,36815
1038.000,1038.000,40.00,51907
1039.000,1039.000,40.00,63689
1040.000,1040.000,40.00,30417
1042.000,1042.000,40.00,37637
1043.000,1043.000,67.00,4415
1043.000,1043.000,40.00,4415
1044.000,1044.000,40.00,13245
1045.000,1045.000,40.00,36257
1046.000,1046.000,40.00,46052
1047.000,1047.000,40.00,59785
1048.000,1048.000,40.00,55179
1050.000,1050.000,40.00,61527
1051.000,1051.000,40.00,57006
1052.000,1052.000,40.00,28256
1053.000,1053.000,40.00,56401
1054.000,1054.000,40.00,59910
1055.000,1055.000,40.00,50157
1057.000,1057.000,68.00,2
1057.000,1057.000,40.00,2
1058.000,1058.000,40.00,17556
1059.000,1059.000,40.00,36283
1060.000,1060.000,40.00,47807
1061.000,1061.000,40.00,88869
1062.000,1062.000,40.00,84993
1064.000,1064.000,40.00,85961
1065.000,1065.000,40.00,82425
1066.000,1066.000,40.00,98019
1067.000,1067.000,40.00,94541
1068.000,1068.000,40.00,86740
1069.000,1069.000,40.00,100107
1070.000,1070.000,69.00,100107
1071.000,1071.000,40.00,3
1072.000,1072.000,40.00,48652
1073.000,1073.000,40.00,88955
1074.000,1074.000,40.00,77224
1075.000,1075.000,40.00,83562
1076.000,1076.000,40.00,95986
1078.000,1078.000,40.00,90381
1079.000,1079.000,40.00,31483
1080.000,1080.000,40.00,33081
1081.000,1081.000,40.00,33405
1083.000,1083.000,40.00,80410
1084.000,1084.000,66.00,80410
1085.000,1085.000,40.00,9396
1086.000,1086.000,40.00,83496
1087.000,1087.000,40.00,72506
1088.000,1088.000,40.00,87593
1089.000,1089.000,40.00,106727
1091.000,1091.000,40.00,90054
1092.000,1092.000,40.00,86496
1093.000,1093.000,40.00,93406
1094.000,1094.000,40.00,94853
1095.000,1095.000,40.00,112823
1097.000,1097.000,40.00,20194
1098.000,1098.000,67.00,20194
1099.000,1099.000,40.00,2282
1100.000,1100.000,40.00,31934
1101.000,1101.000,40.00,68868
1102.000,1102.000,40.00,81694
1103.000,1103.000,40.00,102273
1104.000,1104.000,40.00,77399
1106.000,1106.000,40.00,74340
1107.000,1107.000,40.00,88178
1108.000,1108.000,40.00,76316
1109.000,1109.000,40.00,98690
1110.000,1110.000,40.00,87107
1110.000,1110.000,40.00,87107
1111.000,1111.000,40.00,13284
1112.000,1112.000,66.00,13284
1113.000,1113.000,40.00,21885
1114.000,1114.000,40.00,66878
1115.000,1115.000,40.00,85233
1116.000,1116.000,40.00,101211
1117.000,1117.000,40.00,95726
1118.000,1118.000,40.00,32353
1120.000,1120.000,40.00,63959
1121.000,1121.000,40.00,75115
1122.000,1122.000,40.00,68798
1123.000,1123.000,40.00,63373
1124.000,1124.000,40.00,67522
1125.000,1125.000,40.00,8081
1126.000,1126.000,66.00,8081
1127.000,1127.000,40.00,20065
1128.000,1128.000,40.00,72251
1129.000,1129.000,40.00,57567
1130.000,1130.000,40.00,52778
1131.000,1131.000,40.00,80519
1132.000,1132.000,40.00,61441
1133.000,1133.000,40.00,66158
1135.000,1135.000,40.00,62000
1136.000,1136.000,40.00,79627
1137.000,1137.000,40.00,89645
1138.000,1138.000,40.00,95277
1139.000,1139.000,40.00,1
1140.000,1140.000,66.00,1
1140.000,1140.000,40.00,5240
1142.000,1142.000,40.00,17384
1143.000,1143.000,40.00,18042
1144.000,1144.000,40.00,17470
1145.000,1145.000,40.00,43868
1146.000,1146.000,40.00,52909
1147.000,1147.000,40.00,55170
1149.000,1149.000,40.00,61146
1150.000,1150.000,40.00,35623
1151.000,1151.000,40.00,69865
1152.000,1152.000,40.00,58618
1153.000,1153.000,40.00,0
1154.000,1154.000,66.00,0
1154.000,1154.000,40.00,31049
1155.000,1155.000,40.00,76949
1157.000,1157.000,40.00,63090
1158.000,1158.000,40.00,72022
1159.000,1159.000,40.00,56407
1160.000,1160.000,40.00,42801
1161.000,1161.000,40.00,64137
1163.000,1163.000,40.00,34613
1164.000,1164.000,40.00,50267
1165.000,1165.000,40.00,44281
1166.000,1166.000,40.00,41407
1167.000,1167.000,40.00,2
1167.000,1167.000,66.00,2
1168.000,1168.000,40.00,9155
1170.000,1170.000,40.00,13444
1171.000,1171.000,40.00,12560
1172.000,1172.000,40.00,14955
1173.000,1173.000,40.00,31776
1174.000,1174.000,40.00,42874
1175.000,1175.000,40.00,60700
1177.000,1177.000,40.00,52727
1178.000,1178.000,40.00,58145
1180.000,1180.000,40.00,61579
1180.000,1180.000,40.00,58612
1181.000,1181.000,40.00,3496
1181.000,1181.000,68.00,3496
1182.000,1182.000,40.00,11706
1184.000,1184.000,40.00,15600
1185.000,1185.000,40.00,15447
1186.000,1186.000,40.00,15473
1187.000,1187.000,40.00,15402
1188.000,1188.000,40.00,15053
1189.000,1189.000,40.00,15354
1190.000,1190.000,40.00,15180
1192.000,1192.000,40.00,15324
1194.000,1194.000,40.00,7534
1195.000,1195.000,40.00,2
1195.000,1195.000,66.00,2
1196.000,1196.000,40.00,13454
1197.000,1197.000,40.00,40874
1199.000,1199.000,40.00,48156
1200.000,1200.000,40.00,69631
1201.000,1201.000,40.00,65575
1202.000,1202.000,40.00,56982
1203.000,1203.000,40.00,59480
1204.000,1204.000,40.00,78558
1206.000,1206.000,40.00,67015
1208.000,1208.000,40.00,80013
1209.000,1209.000,68.00,6006
1209.000,1209.000,40.00,6006
1210.000,1210.000,40.00,15596
1211.000,1211.000,40.00,28207
1213.000,1213.000,40.00,46087
1214.000,1214.000,40.00,53937
1215.000,1215.000,40.00,62216
1216.000,1216.000,40.00,35357
1217.000,1217.000,40.00,54784
1218.000,1218.000,40.00,51345
1220.000,1220.000,40.00,64536
1222.000,1222.000,40.00,40959
1223.000,1223.000,68.00,40959
1223.000,1223.000,40.00,4
1224.000,1224.000,40.00,12695
1225.000,1225.000,40.00,41023
1227.000,1227.000,40.00,70518
1228.000,1228.000,40.00,81777
1229.000,1229.000,40.00,67905
1230.000,1230.000,40.00,61906
1231.000,1231.000,40.00,59728
1232.000,1232.000,40.00,62475
1234.000,1234.000,40.00,65301
1236.000,1236.000,40.00,12827
1237.000,1237.000,69.00,12827
1237.000,1237.000,40.00,1161
1238.000,1238.000,40.00,12826
1239.000,1239.000,40.00,15374
1241.000,1241.000,40.00,13373
1242.000,1242.000,40.00,12986
1243.000,1243.000,40.00,14084
1244.000,1244.000,40.00,13478
1245.000,1245.000,40.00,14834
1246.000,1246.000,40.00,15702
1248.000,1248.000,40.00,15158
1250.000,1250.000,40.00,0
1251.000,1251.000,68.00,0
1251.000,1251.000,40.00,1244
1252.000,1252.000,40.00,13571
1253.000,1253.000,40.00,13892
1255.000,1255.000,40.00,12566
1256.000,1256.000,40.00,14369
1257.000,1257.000,40.00,11282
1258.000,1258.000,40.00,7156
1259.000,1259.000,40.00,13509
1260.000,1260.000,40.00,14378
1261.000,1261.000,40.00,11868
1264.000,1264.000,40.00,625
1264.000,1264.000,69.00,625
1265.000,1265.000,40.00,2186
1266.000,1266.000,40.00,13985
1267.000,1267.000,40.00,13218
1268.000,1268.000,40.00,14166
1270.000,1270.000,40.00,11935
1271.000,1271.000,40.00,15525
1272.000,1272.000,40.00,40346
1273.000,1273.000,40.00,42110
1274.000,1274.000,40.00,52303
1275.000,1275.000,40.00,46968
1277.000,1277.000,40.00,47916
1278.000,1278.000,40.00,6889
1278.000,1278.000,66.00,6889
1279.000,1279.000,40.00,3936
1280.000,1280.000,40.00,11375
1281.000,1281.000,40.00,8463
1282.000,1282.000,40.00,10038
1283.000,1283.000,40.00,11410
1285.000,1285.000,40.00,13339
1286.000,1286.000,40.00,11728
1287.000,1287.000,40.00,15708
1288.000,1288.000,40.00,38858
1289.000,1289.000,40.00,22011
1292.000,1292.000,40.00,0
1292.000,1292.000,67.00,0
1293.000,1293.000,40.00,1562
1294.000,1294.000,40.00,5243
1295.000,1295.000,40.00,8000
1296.000,1296.000,40.00,9605
1297.000,1297.000,40.00,8681
1299.000,1299.000,40.00,10733
1300.000,1300.000,40.00,11449
1301.000,1301.000,40.00,13226
1302.000,1302.000,40.00,20925
1303.000,1303.000,40.00,20733
1304.000,1304.000,40.00,15019
1305.000,1305.000,40.00,1
1306.000,1306.000,70.00,1
1307.000,1307.000,40.00,5341
1308.000,1308.000,40.00,7573
1309.000,1309.000,40.00,7441
1310.000,1310.000,40.00,4796
1311.000,1311.000,40.00,7465
1312.000,1312.000,40.00,8481
1314.000,1314.000,40.00,5566
1315.000,1315.000,40.00,6635
1316.000,1316.000,40.00,7383
1317.000,1317.000,40.00,6157
1319.000,1319.000,40.00,590
1320.000,1320.000,76.00,590
1320.000,1320.000,40.00,3477
1322.000,1322.000,40.00,7750
1323.000,1323.000,40.00,15444
1324.000,1324.000,40.00,18939
1325.000,1325.000,40.00,39605
1326.000,1326.000,40.00,26497
1327.000,1327.000,40.00,26986
1328.000,1328.000,40.00,35558
1330.000,1330.000,40.00,17576
1331.000,1331.000,40.00,29376
1332.000,1332.000,40.00,31802
1333.000,1333.000,40.00,0
1334.000,1334.000,67.00,0
1334.000,1334.000,40.00,1574
1335.000,1335.000,40.00,7353
1337.000,1337.000,40.00,4888
1338.000,1338.000,40.00,7119
1339.000,1339.000,40.00,6458
1340.000,1340.000,40.00,6556
1341.000,1341.000,40.00,5767
1342.000,1342.000,40.00,3156
1344.000,1344.000,40.00,5671
1345.000,1345.000,40.00,7028
1346.000,1346.000,40.00,8321
1347.000,1347.000,40.00,0
1347.000,1347.000,66.00,0
1348.000,1348.000,40.00,2563
1349.000,1349.000,40.00,8211
1351.000,1351.000,40.00,18183
1352.000,1352.000,40.00,27993
1353.000,1353.000,40.00,35922
1354.000,1354.000,40.00,34784
1355.000,1355.000,40.00,22920
1356.000,1356.000,40.00,11774
1357.000,1357.000,40.00,24004
1360.000,1360.000,40.00,33485
1360.000,1360.000,40.00,15224
1361.000,1361.000,40.00,1965
1361.000,1361.000,65.00,1965
1362.000,1362.000,40.00,567
1363.000,1363.000,40.00,4900
1364.000,1364.000,40.00,7557
1366.000,1366.000,40.00,9336
1367.000,1367.000,40.00,6154
1368.000,1368.000,40.00,3391
1369.000,1369.000,40.00,842
1370.000,1370.000,40.00,412
1371.000,1371.000,40.00,145
1374.000,1374.000,40.00,112
1374.000,1374.000,40.00,224
1375.000,1375.000,40.00,346
1376.000,1376.000,40.00,346
1376.000,1376.000,40.00,323
1377.000,1377.000,40.00,168
1379.000,1379.000,40.00,156
1380.000,1380.000,40.00,89
1381.000,1381.000,40.00,89
1381.000,1381.000,40.00,1
1382.000,1382.000,40.00,1
1383.000,1383.000,40.00,1
1384.000,1384.000,40.00,643
1386.000,1386.000,40.00,491
1387.000,1387.000,40.00,779
1388.000,1388.000,40.00,1823
1389.000,1389.000,40.00,332
1390.000,1390.000,136.00,332
1390.000,1390.000,40.00,2
1391.000,1391.000,40.00,446
1392.000,1392.000,40.00,489
1394.000,1394.000,40.00,89
1395.000,1395.000,40.00,55
1396.000,1396.000,40.00,78
1397.000,1397.000,40.00,22
1398.000,1398.000,40.00,22
1400.000,1400.000,40.00,167
1401.000,1401.000,40.00,145
1402.000,1402.000,40.00,33
1403.000,1403.000,40.00,11
1404.000,1404.000,40.00,11
1404.000,1404.000,40.00,22
1405.000,1405.000,40.00,3
1407.000,1407.000,40.00,111
1408.000,1408.000,40.00,89
1409.000,1409.000,40.00,11
1410.000,1410.000,40.00,11
1411.000,1411.000,40.00,11
1413.000,1413.000,40.00,111
1414.000,1414.000,40.00,3140
1415.000,1415.000,40.00,9842
1416.000,1416.000,40.00,15665
1417.000,1417.000,40.00,1
1418.000,1418.000,69.00,1
1419.000,1419.000,40.00,79758
1420.000,1420.000,40.00,186721
1421.000,1421.000,40.00,228999
1422.000,1422.000,40.00,242295
1423.000,1423.000,40.00,213958
1424.000,1424.000,40.00,195909
1425.000,1425.000,40.00,207701
1426.000,1426.000,40.00,195865
1428.000,1428.000,40.00,218117
1429.000,1429.000,40.00,201684
1431.000,1431.000,40.00,0
1431.000,1431.000,69.00,0
1432.000,1432.000,40.00,8417
1433.000,1433.000,40.00,20006
1435.000,1435.000,40.00,65828
1436.000,1436.000,40.00,203731
1437.000,1437.000,40.00,302037
1438.000,1438.000,40.00,250418
1439.000,1439.000,40.00,193027
1440.000,1440.000,40.00,122979
1441.000,1441.000,40.00,130061
1444.000,1444.000,40.00,134818
1444.000,1444.000,40.00,123716
1445.000,1445.000,40.00,0
1445.000,1445.000,69.00,0
1446.000,1446.000,40.00,16845
1447.000,1447.000,40.00,182493
1448.000,1448.000,40.00,192768
1449.000,1449.000,40.00,207744
1451.000,1451.000,40.00,143263
1452.000,1452.000,40.00,146081
1453.000,1453.000,40.00,153723
1454.000,1454.000,40.00,154638
1455.000,1455.000,40.00,158990
1457.000,1457.000,40.00,151989
1458.000,1458.000,40.00,157481
1459.000,1459.000,40.00,5070
1459.000,1459.000,67.00,5070
1460.000,1460.000,40.00,123430
1461.000,1461.000,40.00,243422
1462.000,1462.000,40.00,245620
1463.000,1463.000,40.00,246682
1464.000,1464.000,40.00,239912
1466.000,1466.000,40.00,179665
1467.000,1467.000,40.00,182645
1468.000,1468.000,40.00,193435
1469.000,1469.000,40.00,210395
1470.000,1470.000,40.00,172158
1472.000,1472.000,40.00,0
1473.000,1473.000,67.00,0
1474.000,1474.000,40.00,6288
1475.000,1475.000,40.00,21591
1476.000,1476.000,40.00,21516
1477.000,1477.000,40.00,22295
1478.000,1478.000,40.00,19896
1479.000,1479.000,40.00,20962
1481.000,1481.000,40.00,22331
1482.000,1482.000,40.00,21528
1483.000,1483.000,40.00,21367
1484.000,1484.000,40.00,20710
1485.000,1485.000,40.00,20167
1487.000,1487.000,40.00,590
1487.000,1487.000,71.00,590
1488.000,1488.000,40.00,15854
1489.000,1489.000,40.00,28643
1490.000,1490.000,40.00,78987
1491.000,1491.000,40.00,122989
1493.000,1493.000,40.00,128704
1494.000,1494.000,40.00,152106
1495.000,1495.000,40.00,175198
1496.000,1496.000,40.00,166765
1497.000,1497.000,40.00,178760
1498.000,1498.000,40.00,185269
1499.000,1499.000,40.00,154035
1501.000,1501.000,40.00,2
1501.000,1501.000,67.00,2
1502.000,1502.000,40.00,20913
1503.000,1503.000,40.00,184266
1504.000,1504.000,40.00,196017
1505.000,1505.000,40.00,206809
1506.000,1506.000,40.00,174801
1508.000,1508.000,40.00,150730
1509.000,1509.000,40.00,131952
1510.000,1510.000,40.00,138914
1511.000,1511.000,40.00,109965
1512.000,1512.000,40.00,119091
1513.000,1513.000,40.00,63946
1515.000,1515.000,67.00,2
1515.000,1515.000,40.00,2
1516.000,1516.000,40.00,209957
1517.000,1517.000,40.00,226908
1518.000,1518.000,40.00,239058
1519.000,1519.000,40.00,241500
1520.000,1520.000,40.00,174145
1522.000,1522.000,40.00,169186
1523.000,1523.000,40.00,177586
1524.000,1524.000,40.00,172450
1525.000,1525.000,40.00,155859
1526.000,1526.000,40.00,185317
1527.000,1527.000,40.00,122776
1528.000,1528.000,66.00,2
1528.000,1528.000,40.00,2
1530.000,1530.000,40.00,112902
1531.000,1531.000,40.00,227730
1532.000,1532.000,40.00,172427
1533.000,1533.000,40.00,227023
1534.000,1534.000,40.00,216021
1535.000,1535.000,40.00,175259
1536.000,1536.000,40.00,214011
1538.000,1538.000,40.00,182503
1539.000,1539.000,40.00,235520
1541.000,1541.000,40.00,162084
1542.000,1542.000,40.00,1
1542.000,1542.000,67.00,1
1543.000,1543.000,40.00,136377
1544.000,1544.000,40.00,157011
1546.000,1546.000,40.00,198470
1547.000,1547.000,40.00,108653
1548.000,1548.000,40.00,86728
1549.000,1549.000,40.00,91776
1550.000,1550.000,40.00,92463
1551.000,1551.000,40.00,98159
1553.000,1553.000,40.00,96696
1555.000,1555.000,40.00,63635
1556.000,1556.000,40.00,2
1556.000,1556.000,69.00,2
1557.000,1557.000,40.00,56589
1558.000,1558.000,40.00,185796
1560.000,1560.000,40.00,190176
1561.000,1561.000,40.00,194872
1562.000,1562.000,40.00,234415
1563.000,1563.000,40.00,180715
1564.000,1564.000,40.00,159702
1565.000,1565.000,40.00,166473
1566.000,1566.000,40.00,172204
1569.000,1569.000,40.00,137929
1570.000,1570.000,68.00,6750
1570.000,1570.000,40.00,6750
1571.000,1571.000,40.00,17367
1572.000,1572.000,40.00,34225
1573.000,1573.000,40.00,161662
1575.000,1575.000,40.00,244962
1576.000,1576.000,40.00,183261
1577.000,1577.000,40.00,206119
1578.000,1578.000,40.00,209399
1579.000,1579.000,40.00,176923
1580.000,1580.000,40.00,158727
1581.000,1581.000,40.00,142714
1583.000,1583.000,40.00,80131
1584.000,1584.000,66.00,2
1584.000,1584.000,40.00,2
1585.000,1585.000,40.00,32766
1586.000,1586.000,40.00,122693
1587.000,1587.000,40.00,210383
1588.000,1588.000,40.00,230760
1590.000,1590.000,40.00,235306
1591.000,1591.000,40.00,238767
1592.000,1592.000,40.00,164699
1593.000,1593.000,40.00,213758
1594.000,1594.000,40.00,167198
1595.000,1595.000,40.00,168332
1596.000,1596.000,40.00,87567
1598.000,1598.000,40.00,2
1598.000,1598.000,67.00,2
1599.000,1599.000,40.00,126674
1600.000,1600.000,40.00,232219
1601.000,1601.000,40.00,155051
1602.000,1602.000,40.00,171956
1603.000,1603.000,40.00,176367
1604.000,1604.000,40.00,157519
1606.000,1606.000,40.00,147057
1607.000,1607.000,40.00,149660
1608.000,1608.000,40.00,122834
1609.000,1609.000,40.00,100116
1610.000,1610.000,40.00,85670
1611.000,1611.000,40.00,2
1611.000,1611.000,66.00,2
1612.000,1612.000,40.00,19282
1614.000,1614.000,40.00,70667
1615.000,1615.000,40.00,132319
1616.000,1616.000,40.00,81252
1617.000,1617.000,40.00,129332
1618.000,1618.000,40.00,98346
1619.000,1619.000,40.00,126176
1621.000,1621.000,40.00,117725
1622.000,1622.000,40.00,125559
1623.000,1623.000,40.00,110629
1624.000,1624.000,40.00,96095
1625.000,1625.000,66.00,11174
1625.000,1625.000,40.00,11174
1627.000,1627.000,40.00,29495
1628.000,1628.000,40.00,76969
1629.000,1629.000,40.00,92145
1630.000,1630.000,40.00,76942
1631.000,1631.000,40.00,88699
1632.000,1632.000,40.00,70017
1634.000,1634.000,40.00,68224
1635.000,1635.000,40.00,86130
1636.000,1636.000,40.00,83980
1638.000,1638.000,40.00,76370
1639.000,1639.000,68.00,76370
1639.000,1639.000,40.00,14513
1641.000,1641.000,40.00,43634
1642.000,1642.000,40.00,42187
1643.000,1643.000,40.00,53899
1644.000,1644.000,40.00,58809
1645.000,1645.000,40.00,80872
1646.000,1646.000,40.00,71501
1648.000,1648.000,40.00,52851
1649.000,1649.000,40.00,38806
1650.000,1650.000,40.00,41719
1651.000,1651.000,40.00,50443
1652.000,1652.000,40.00,32788
1653.000,1653.000,69.00,32788
1653.000,1653.000,40.00,1831
1655.000,1655.000,40.00,15083
1656.000,1656.000,40.00,10613
1657.000,1657.000,40.00,14607
1658.000,1658.000,40.00,26536
1659.000,1659.000,40.00,54516
1660.000,1660.000,40.00,51913
1662.000,1662.000,40.00,64537
1663.000,1663.000,40.00,53788
1664.000,1664.000,40.00,51271
1666.000,1666.000,40.00,19792
1667.000,1667.000,66.00,19792
1667.000,1667.000,40.00,3408
1669.000,1669.000,40.00,45974
1670.000,1670.000,40.00,46879
1671.000,1671.000,40.00,39165
1672.000,1672.000,40.00,38939
1673.000,1673.000,40.00,36519
1674.000,1674.000,40.00,45048
1676.000,1676.000,40.00,39699
1677.000,1677.000,40.00,40454
1678.000,1678.000,40.00,37532
1679.000,1679.000,40.00,50283
1680.000,1680.000,40.00,16696
1681.000,1681.000,68.00,16696
1681.000,1681.000,40.00,5051
1682.000,1682.000,40.00,15890
1684.000,1684.000,40.00,17326
1685.000,1685.000,40.00,24009
1686.000,1686.000,40.00,34955
1687.000,1687.000,40.00,33326
1688.000,1688.000,40.00,39754
1689.000,1689.000,40.00,36304
1691.000,1691.000,40.00,37026
1692.000,1692.000,40.00,21521
1693.000,1693.000,40.00,26845
1694.000,1694.000,40.00,1
1695.000,1695.000,68.00,1
1695.000,1695.000,40.00,4891
1696.000,1696.000,40.00,22042
1698.000,1698.000,40.00,21178
1699.000,1699.000,40.00,31220
1700.000,1700.000,40.00,18367
1701.000,1701.000,40.00,23568
1702.000,1702.000,40.00,38240
1703.000,1703.000,40.00,43974
1705.000,1705.000,40.00,36659
1706.000,1706.000,40.00,43496
1707.000,1707.000,40.00,27352
1708.000,1708.000,40.00,2457
1708.000,1708.000,70.00,2457
1709.000,1709.000,40.00,7708
1710.000,1710.000,40.00,28432
1712.000,1712.000,40.00,33416
1713.000,1713.000,40.00,27191
1714.000,1714.000,40.00,82982
1715.000,1715.000,40.00,39076
1716.000,1716.000,40.00,51693
1717.000,1717.000,40.00,60663
1719.000,1719.000,40.00,69506
1721.000,1721.000,40.00,64173
1722.000,1722.000,40.00,1
1722.000,1722.000,70.00,1
1723.000,1723.000,40.00,15469
1724.000,1724.000,40.00,62322
1725.000,1725.000,40.00,74985
1727.000,1727.000,40.00,65444
1728.000,1728.000,40.00,72743
1729.000,1729.000,40.00,72467
1730.000,1730.000,40.00,73054
1731.000,1731.000,40.00,61222
1732.000,1732.000,40.00,82992
1735.000,1735.000,40.00,76698
1736.000,1736.000,40.00,25264
1736.000,1736.000,68.00,25264
1737.000,1737.000,40.00,17879
1738.000,1738.000,40.00,56246
1739.000,1739.000,40.00,59352
1741.000,1741.000,40.00,55987
1742.000,1742.000,40.00,60365
1743.000,1743.000,40.00,51657
1744.000,1744.000,40.00,59045
1745.000,1745.000,40.00,45254
1746.000,1746.000,40.00,50229
1749.000,1749.000,40.00,40629
1750.000,1750.000,40.00,2
1750.000,1750.000,67.00,2
1751.000,1751.000,40.00,12713
1752.000,1752.000,40.00,18359
1753.000,1753.000,40.00,71522
1755.000,1755.000,40.00,67754
1756.000,1756.000,40.00,47114
1757.000,1757.000,40.00,59874
1758.000,1758.000,40.00,71149
1759.000,1759.000,40.00,63633
1760.000,1760.000,40.00,84805
1763.000,1763.000,40.00,76493
1764.000,1764.000,67.00,76493
1764.000,1764.000,40.00,2
1765.000,1765.000,40.00,34744
1766.000,1766.000,40.00,59100
1767.000,1767.000,40.00,57390
1769.000,1769.000,40.00,94727
1770.000,1770.000,40.00,65064
1771.000,1771.000,40.00,94853
1772.000,1772.000,40.00,84495
1773.000,1773.000,40.00,70902
1774.000,1774.000,40.00,80438
1777.000,1777.000,40.00,23886
1778.000,1778.000,68.00,23886
1778.000,1778.000,40.00,113
1779.000,1779.000,40.00,17226
1780.000,1780.000,40.00,15770
1781.000,1781.000,40.00,15340
1783.000,1783.000,40.00,25751
1784.000,1784.000,40.00,52589
1785.000,1785.000,40.00,50221
1786.000,1786.000,40.00,57881
1787.000,1787.000,40.00,44413
1788.000,1788.000,40.00,56749
1791.000,1791.000,40.00,20256
1791.000,1791.000,69.00,20256
1792.000,1792.000,40.00,807
1793.000,1793.000,40.00,15333
1794.000,1794.000,40.00,16016
1795.000,1795.000,40.00,16161
1796.000,1796.000,40.00,16380
1798.000,1798.000,40.00,16392
1799.000,1799.000,40.00,15533
1800.000,1800.000,40.00,38032
1801.000,1801.000,40.00,46528
1802.000,1802.000,40.00,47086
1805.000,1805.000,40.00,4666
1805.000,1805.000,67.00,4666
1806.000,1806.000,40.00,3976
1807.000,1807.000,40.00,15845
1808.000,1808.000,40.00,14086
1809.000,1809.000,40.00,25691
1811.000,1811.000,40.00,35608
1812.000,1812.000,40.00,33923
1813.000,1813.000,40.00,62677
1814.000,1814.000,40.00,62199
1815.000,1815.000,40.00,44805
1816.000,1816.000,40.00,51572
1818.000,1818.000,40.00,67349
1819.000,1819.000,40.00,2664
1819.000,1819.000,67.00,2664
1820.000,1820.000,40.00,7218
1821.000,1821.000,40.00,14835
1822.000,1822.000,40.00,16134
1823.000,1823.000,40.00,15873
1825.000,1825.000,40.00,30373
1826.000,1826.000,40.00,41494
1827.000,1827.000,40.00,45339
1828.000,1828.000,40.00,48695
1829.000,1829.000,40.00,53738
1830.000,1830.000,40.00,75422
1832.000,1832.000,40.00,49049
1833.000,1833.000,40.00,306
1833.000,1833.000,66.00,306
1834.000,1834.000,40.00,9585
1835.000,1835.000,40.00,17734
1836.000,1836.000,40.00,16671
1837.000,1837.000,40.00,14545
1839.000,1839.000,40.00,15025
1840.000,1840.000,40.00,13926
1841.000,1841.000,40.00,15491
1842.000,1842.000,40.00,15995
1843.000,1843.000,40.00,15489
1844.000,1844.000,40.00,16644
1845.000,1845.000,40.00,16644
1846.000,1846.000,40.00,5264
1847.000,1847.000,67.00,5264
1848.000,1848.000,40.00,6622
1849.000,1849.000,40.00,18659
1850.000,1850.000,40.00,15953
1851.000,1851.000,40.00,16412
1852.000,1852.000,40.00,16532
1853.000,1853.000,40.00,15201
1855.000,1855.000,40.00,16889
1856.000,1856.000,40.00,13185
1857.000,1857.000,40.00,15745
1858.000,1858.000,40.00,21301
1859.000,1859.000,40.00,12247
1860.000,1860.000,40.00,1
1861.000,1861.000,67.00,1
1862.000,1862.000,40.00,6993
1863.000,1863.000,40.00,16246
1864.000,1864.000,40.00,30284
1865.000,1865.000,40.00,43843
1866.000,1866.000,40.00,27885
1867.000,1867.000,40.00,40011
1869.000,1869.000,40.00,33319
1870.000,1870.000,40.00,42035
1871.000,1871.000,40.00,48781
1872.000,1872.000,40.00,44184
1873.000,1873.000,40.00,48566
1874.000,1874.000,40.00,2
1875.000,1875.000,78.00,2
1876.000,1876.000,40.00,11508
1877.000,1877.000,40.00,25409
1878.000,1878.000,40.00,29027
1879.000,1879.000,40.00,42937
1880.000,1880.000,40.00,25018
1881.000,1881.000,40.00,47321
1883.000,1883.000,40.00,59097
1884.000,1884.000,40.00,68476
1885.000,1885.000,40.00,52128
1886.000,1886.000,40.00,50409
1887.000,1887.000,40.00,64167
1888.000,1888.000,40.00,16333
1888.000,1888.000,66.00,16333
1890.000,1890.000,40.00,14762
1891.000,1891.000,40.00,31965
1892.000,1892.000,40.00,48350
1893.000,1893.000,40.00,51566
1894.000,1894.000,40.00,60331
1895.000,1895.000,40.00,75894
1896.000,1896.000,40.00,55734
1898.000,1898.000,40.00,83366
1899.000,1899.000,40.00,65018
1900.000,1900.000,40.00,42687
1901.000,1901.000,40.00,54585
1902.000,1902.000,40.00,2
1902.000,1902.000,67.00,2
1903.000,1903.000,40.00,9974
1905.000,1905.000,40.00,21231
1906.000,1906.000,40.00,26178
1907.000,1907.000,40.00,40843
1908.000,1908.000,40.00,51571
1909.000,1909.000,40.00,39519
1910.000,1910.000,40.00,53613
1912.000,1912.000,40.00,46019
1913.000,1913.000,40.00,23027
1915.000,1915.000,40.00,33863
1916.000,1916.000,40.00,13443
1916.000,1916.000,71.00,13443
1917.000,1917.000,40.00,3162
1918.000,1918.000,40.00,12989
1920.000,1920.000,40.00,22055
1921.000,1921.000,40.00,33154
1922.000,1922.000,40.00,44802
1923.000,1923.000,40.00,61806
1924.000,1924.000,40.00,38074
1925.000,1925.000,40.00,51259
1927.000,1927.000,40.00,36523
1929.000,1929.000,40.00,26717
1930.000,1930.000,40.00,1605
1930.000,1930.000,67.00,1605
1931.000,1931.000,40.00,18177
1932.000,1932.000,40.00,21365
1934.000,1934.000,40.00,25097
1935.000,1935.000,40.00,17402
1936.000,1936.000,40.00,10930
1937.000,1937.000,40.00,30221
1938.000,1938.000,40.00,34840
1939.000,1939.000,40.00,39744
1941.000,1941.000,40.00,23027
1943.000,1943.000,40.00,34700
1944.000,1944.000,40.00,6416
1944.000,1944.000,66.00,6416
1945.000,1945.000,40.00,14838
1946.000,1946.000,40.00,20219
1947.000,1947.000,40.00,15132
1949.000,1949.000,40.00,14134
1950.000,1950.000,40.00,23291
1951.000,1951.000,40.00,25494
1952.000,1952.000,40.00,24963
1953.000,1953.000,40.00,27254
1954.000,1954.000,40.00,25114
1957.000,1957.000,40.00,29949
1958.000,1958.000,67.00,3156
1958.000,1958.000,40.00,3156
1959.000,1959.000,40.00,13904
1960.000,1960.000,40.00,26276
1961.000,1961.000,40.00,43473
1963.000,1963.000,40.00,26932
1964.000,1964.000,40.00,63113
1965.000,1965.000,40.00,32594
1966.000,1966.000,40.00,44256
1967.000,1967.000,40.00,56662
1968.000,1968.000,40.00,36051
1971.000,1971.000,40.00,14883
1972.000,1972.000,66.00,2
1972.000,1972.000,40.00,2
1973.000,1973.000,40.00,27053
1974.000,1974.000,40.00,39849
1975.000,1975.000,40.00,41899
1977.000,1977.000,40.00,40000
1978.000,1978.000,40.00,45213
1979.000,1979.000,40.00,28828
1980.000,1980.000,40.00,44358
1981.000,1981.000,40.00,32461
1982.000,1982.000,40.00,32305
1985.000,1985.000,40.00,34201
1986.000,1986.000,69.00,34201
1986.000,1986.000,40.00,2
1987.000,1987.000,40.00,8478
1988.000,1988.000,40.00,18225
1989.000,1989.000,40.00,22680
1991.000,1991.000,40.00,29309
1992.000,1992.000,40.00,25202
1993.000,1993.000,40.00,22129
1994.000,1994.000,40.00,29279
1995.000,1995.000,40.00,40595
1996.000,1996.000,40.00,46432
1999.000,1999.000,40.00,37627
2000.000,2000.000,66.00,37627
2000.000,2000.000,40.00,4709
2001.000,2001.000,40.00,22626
2002.000,2002.000,40.00,46430
2003.000,2003.000,40.00,32034
2004.000,2004.000,40.00,11074
2006.000,2006.000,40.00,19269
2007.000,2007.000,40.00,42982
2008.000,2008.000,40.00,47468
2009.000,2009.000,40.00,43892
2010.000,2010.000,40.00,42399
2011.000,2011.000,40.00,42263
2013.000,2013.000,40.00,15577
2013.000,2013.000,66.00,15577
2014.000,2014.000,40.00,875
2015.000,2015.000,40.00,18094
2016.000,2016.000,40.00,17797
2017.000,2017.000,40.00,28070
2018.000,2018.000,40.00,43853
2020.000,2020.000,40.00,47657
2021.000,2021.000,40.00,37197
2022.000,2022.000,40.00,15129
2023.000,2023.000,40.00,20402
2024.000,2024.000,40.00,18889
2026.000,2026.000,40.00,29963
2028.000,2028.000,215.00,36174
2028.000,2028.000,40.00,36174
2029.000,2029.000,40.00,14078
2030.000,2030.000,40.00,15826
2031.000,2031.000,40.00,14644
2032.000,2032.000,40.00,11008
2033.000,2033.000,40.00,11490
2035.000,2035.000,40.00,39362
2036.000,2036.000,40.00,16566
2037.000,2037.000,40.00,3100
2038.000,2038.000,40.00,4805
2039.000,2039.000,40.00,15866
2040.000,2040.000,40.00,5336
2041.000,2041.000,105.00,2
2042.000,2042.000,40.00,2
2043.000,2043.000,40.00,3009
2044.000,2044.000,40.00,4386
2045.000,2045.000,40.00,3617
2046.000,2046.000,40.00,1323
2047.000,2047.000,40.00,3687
2048.000,2048.000,40.00,729
2050.000,2050.000,40.00,2123
2051.000,2051.000,40.00,2437
2052.000,2052.000,40.00,420
2053.000,2053.000,40.00,2655
2054.000,2054.000,40.00,1497
2055.000,2055.000,40.00,2
2055.000,2055.000,94.00,2
2057.000,2057.000,40.00,787
2058.000,2058.000,40.00,3259
2059.000,2059.000,40.00,837
2060.000,2060.000,40.00,389
2061.000,2061.000,40.00,1296
2062.000,2062.000,40.00,2026
2064.000,2064.000,40.00,745
2065.000,2065.000,40.00,424
2066.000,2066.000,40.00,905
2068.000,2068.000,40.00,673
2069.000,2069.000,79.00,673
2070.000,2070.000,40.00,25
2071.000,2071.000,40.00,2204
2072.000,2072.000,40.00,636
2073.000,2073.000,40.00,547
2074.000,2074.000,40.00,536
2075.000,2075.000,40.00,301
2077.000,2077.000,40.00,889
2078.000,2078.000,40.00,502
2079.000,2079.000,40.00,768
2080.000,2080.000,40.00,1079
2081.000,2081.000,40.00,1149
2083.000,2083.000,40.00,801
2083.000,2083.000,98.00,801
2084.000,2084.000,40.00,226
2085.000,2085.000,40.00,799
2086.000,2086.000,40.00,401
2087.000,2087.000,40.00,491
2088.000,2088.000,40.00,1315
2090.000,2090.000,40.00,623
2091.000,2091.000,40.00,320
2092.000,2092.000,40.00,201
2093.000,2093.000,40.00,132
2094.000,2094.000,40.00,78
2095.000,2095.000,40.00,134
2097.000,2097.000,40.00,323
2097.000,2097.000,40.00,323
2098.000,2098.000,40.00,33
2099.000,2099.000,40.00,3
2100.000,2100.000,40.00,44
2101.000,2101.000,40.00,89
2103.000,2103.000,40.00,100
2104.000,2104.000,40.00,167
2105.000,2105.000,40.00,67
2106.000,2106.000,40.00,33
2107.000,2107.000,40.00,55
2108.000,2108.000,40.00,22
2110.000,2110.000,40.00,11
2111.000,2111.000,40.00,11
2111.000,2111.000,143.00,11
2112.000,2112.000,40.00,170
2113.000,2113.000,40.00,322
2114.000,2114.000,40.00,22
2116.000,2116.000,40.00,88
2117.000,2117.000,40.00,189
2118.000,2118.000,40.00,143
2119.000,2119.000,40.00,55
2120.000,2120.000,40.00,22
2121.000,2121.000,40.00,33
2124.000,2124.000,40.00,22
2125.000,2125.000,40.00,1
2126.000,2126.000,40.00,1
2126.000,2126.000,40.00,2
2127.000,2127.000,40.00,0
2129.000,2129.000,40.00,0
2130.000,2130.000,40.00,0
2131.000,2131.000,40.00,234
2132.000,2132.000,40.00,2740
2133.000,2133.000,40.00,1029
2134.000,2134.000,40.00,10672
2136.000,2136.000,40.00,16048
2137.000,2137.000,40.00,19120
2138.000,2138.000,40.00,16175
2139.000,2139.000,40.00,1
2139.000,2139.000,68.00,1
2140.000,2140.000,40.00,11263
2141.000,2141.000,40.00,20852
2143.000,2143.000,40.00,21245
2144.000,2144.000,40.00,19885
2145.000,2145.000,40.00,19616
2146.000,2146.000,40.00,18593
2147.000,2147.000,40.00,43466
2149.000,2149.000,40.00,99581
2150.000,2150.000,40.00,94902
2152.000,2152.000,40.00,96769
2152.000,2152.000,40.00,72717
2153.000,2153.000,67.00,72717
2153.000,2153.000,40.00,2
2155.000,2155.000,40.00,17106
2156.000,2156.000,40.00,18383
2157.000,2157.000,40.00,18240
2158.000,2158.000,40.00,17309
2159.000,2159.000,40.00,44868
2161.000,2161.000,40.00,131271
2162.000,2162.000,40.00,229205
2163.000,2163.000,40.00,301561
2164.000,2164.000,40.00,292920
2166.000,2166.000,40.00,74250
2167.000,2167.000,66.00,74250
2167.000,2167.000,40.00,3
2169.000,2169.000,40.00,57850
2170.000,2170.000,40.00,101535
2171.000,2171.000,40.00,107301
2172.000,2172.000,40.00,94964
2173.000,2173.000,40.00,97382
2174.000,2174.000,40.00,102294
2176.000,2176.000,40.00,106549
2177.000,2177.000,40.00,114953
2178.000,2178.000,40.00,123190
2180.000,2180.000,40.00,5159
2181.000,2181.000,68.00,5159
2182.000,2182.000,40.00,54018
2183.000,2183.000,40.00,196654
2184.000,2184.000,40.00,241085
2185.000,2185.000,40.00,247096
2186.000,2186.000,40.00,234363
2187.000,2187.000,40.00,243455
2188.000,2188.000,40.00,204285
2189.000,2189.000,40.00,168227
2191.000,2191.000,40.00,174996
2192.000,2192.000,40.00,180201
2194.000,2194.000,40.00,17799
2195.000,2195.000,67.00,17799
2195.000,2195.000,40.00,3595
2196.000,2196.000,40.00,122778
2198.000,2198.000,40.00,209564
2199.000,2199.000,40.00,299790
2200.000,2200.000,40.00,168240
2201.000,2201.000,40.00,226172
2202.000,2202.000,40.00,243329
2203.000,2203.000,40.00,206356
2204.000,2204.000,40.00,143957
2206.000,2206.000,40.00,152932
2208.000,2208.000,40.00,89801
2209.000,2209.000,67.00,89801
2209.000,2209.000,40.00,7486
2210.000,2210.000,40.00,24389
2211.000,2211.000,40.00,24440
2213.000,2213.000,40.00,25452
2214.000,2214.000,40.00,24563
2215.000,2215.000,40.00,25129
2216.000,2216.000,40.00,24321
2217.000,2217.000,40.00,25196
2219.000,2219.000,40.00,25779
2220.000,2220.000,40.00,27163
2221.000,2221.000,40.00,24140
2222.000,2222.000,40.00,0
2223.000,2223.000,66.00,0
2223.000,2223.000,40.00,6960
2224.000,2224.000,40.00,16939
2226.000,2226.000,40.00,17754
2227.000,2227.000,40.00,17745
2228.000,2228.000,40.00,20484
2229.000,2229.000,40.00,68906
2230.000,2230.000,40.00,72315
2232.000,2232.000,40.00,79364
2233.000,2233.000,40.00,73096
2234.000,2234.000,40.00,69967
2235.000,2235.000,40.00,44667
2236.000,2236.000,68.00,2
2236.000,2236.000,40.00,2
2238.000,2238.000,40.00,19398
2239.000,2239.000,40.00,21255
2240.000,2240.000,40.00,20420
2241.000,2241.000,40.00,21433
2242.000,2242.000,40.00,20694
2243.000,2243.000,40.00,20780
2245.000,2245.000,40.00,20348
2246.000,2246.000,40.00,20769
2247.000,2247.000,40.00,22880
2249.000,2249.000,40.00,14144
2250.000,2250.000,69.00,14144
2251.000,2251.000,40.00,1610
2252.000,2252.000,40.00,24275
2253.000,2253.000,40.00,159986
2254.000,2254.000,40.00,218294
2255.000,2255.000,40.00,226223
2256.000,2256.000,40.00,225053
2257.000,2257.000,40.00,227258
2259.000,2259.000,40.00,232451
2260.000,2260.000,40.00,227917
2261.000,2261.000,40.00,230843
2263.000,2263.000,40.00,64098
2264.000,2264.000,67.00,64098
2264.000,2264.000,40.00,2643
2265.000,2265.000,40.00,16925
2267.000,2267.000,40.00,18364
2268.000,2268.000,40.00,17221
2269.000,2269.000,40.00,18431
2270.000,2270.000,40.00,17667
2271.000,2271.000,40.00,18147
2273.000,2273.000,40.00,18072
2274.000,2274.000,40.00,17732
2275.000,2275.000,40.00,17978
2277.000,2277.000,40.00,1166
2278.000,2278.000,68.00,1166
2278.000,2278.000,40.00,3293
2280.000,2280.000,40.00,22784
2281.000,2281.000,40.00,22886
2282.000,2282.000,40.00,21928
2283.000,2283.000,40.00,22709
2284.000,2284.000,40.00,22674
2286.000,2286.000,40.00,28953
2287.000,2287.000,40.00,127148
2288.000,2288.000,40.00,131900
2289.000,2289.000,40.00,135227
2290.000,2290.000,40.00,135760
2291.000,2291.000,40.00,0
2292.000,2292.000,66.00,0
2293.000,2293.000,40.00,10898
2294.000,2294.000,40.00,22770
2295.000,2295.000,40.00,23523
2296.000,2296.000,40.00,23368
2297.000,2297.000,40.00,21555
2299.000,2299.000,40.00,23621
2300.000,2300.000,40.00,23434
2301.000,2301.000,40.00,22608
2302.000,2302.000,40.00,22568
2303.000,2303.000,40.00,24394
2305.000,2305.000,40.00,13825
2306.000,2306.000,66.00,2
2306.000,2306.000,40.00,2
2307.000,2307.000,40.00,16583
2308.000,2308.000,40.00,18264
2309.000,2309.000,40.00,17271
2310.000,2310.000,40.00,17748
2312.000,2312.000,40.00,18190
2313.000,2313.000,40.00,20883
2314.000,2314.000,40.00,64787
2315.000,2315.000,40.00,165231
2316.000,2316.000,40.00,191417
2317.000,2317.000,40.00,180704
2319.000,2319.000,40.00,64196
2319.000,2319.000,66.00,64196
2320.000,2320.000,40.00,760
2321.000,2321.000,40.00,79676
2322.000,2322.000,40.00,105675
2323.000,2323.000,40.00,163089
2324.000,2324.000,40.00,233776
2325.000,2325.000,40.00,240891
2327.000,2327.000,40.00,220663
2328.000,2328.000,40.00,150235
2329.000,2329.000,40.00,143625
2330.000,2330.000,40.00,131387
2332.000,2332.000,40.00,136042
2332.000,2332.000,40.00,60782
2333.000,2333.000,68.00,2
2333.000,2333.000,40.00,2
2335.000,2335.000,40.00,20201
2336.000,2336.000,40.00,19138
2337.000,2337.000,40.00,20031
2338.000,2338.000,40.00,21755
2339.000,2339.000,40.00,22707
2341.000,2341.000,40.00,18842
2342.000,2342.000,40.00,18521
2343.000,2343.000,40.00,21051
2344.000,2344.000,40.00,19905
2346.000,2346.000,40.00,28480
2347.000,2347.000,69.00,28480
2348.000,2348.000,40.00,1923
2349.000,2349.000,40.00,21346
2350.000,2350.000,40.00,19517
2351.000,2351.000,40.00,19197
2352.000,2352.000,40.00,54379
2353.000,2353.000,40.00,52882
2354.000,2354.000,40.00,59202
2356.000,2356.000,40.00,62177
2357.000,2357.000,40.00,65209
2358.000,2358.000,40.00,65132
2360.000,2360.000,40.00,5430
2361.000,2361.000,66.00,5430
2361.000,2361.000,40.00,3618
2363.000,2363.000,40.00,48850
2364.000,2364.000,40.00,54649
2365.000,2365.000,40.00,44031
2366.000,2366.000,40.00,56108
2367.000,2367.000,40.00,81678
2368.000,2368.000,40.00,78729
2370.000,2370.000,40.00,74748
2371.000,2371.000,40.00,90916
2372.000,2372.000,40.00,70990
2374.000,2374.000,40.00,24989
2375.000,2375.000,71.00,24989
2375.000,2375.000,40.00,11067
2377.000,2377.000,40.00,56627
2378.000,2378.000,40.00,90010
2379.000,2379.000,40.00,101404
2380.000,2380.000,40.00,81939
2381.000,2381.000,40.00,74552
2382.000,2382.000,40.00,86838
2384.000,2384.000,40.00,80282
2385.000,2385.000,40.00,55460
2386.000,2386.000,40.00,58985
2387.000,2387.000,40.00,57674
2388.000,2388.000,40.00,6074
2389.000,2389.000,72.00,6074
2389.000,2389.000,40.00,18007
2391.000,2391.000,40.00,41270
2392.000,2392.000,40.00,47916
2393.000,2393.000,40.00,49775
2394.000,2394.000,40.00,42082
2395.000,2395.000,40.00,41919
2397.000,2397.000,40.00,50937
2398.000,2398.000,40.00,47638
2399.000,2399.000,40.00,54213
2400.000,2400.000,40.00,53867
2401.000,2401.000,40.00,36580
2402.000,2402.000,40.00,10605
2403.000,2403.000,67.00,10605
2403.000,2403.000,40.00,25387
2405.000,2405.000,40.00,49997
2406.000,2406.000,40.00,40356
2407.000,2407.000,40.00,26188
2408.000,2408.000,40.00,19786
2409.000,2409.000,40.00,35102
2410.000,2410.000,40.00,32588
2412.000,2412.000,40.00,41128
2413.000,2413.000,40.00,41360
2414.000,2414.000,40.00,58175
2415.000,2415.000,40.00,62031
2416.000,2416.000,40.00,5982
2416.000,2416.000,68.00,5982
2417.000,2417.000,40.00,19314
2418.000,2418.000,40.00,29182
2420.000,2420.000,40.00,49341
2421.000,2421.000,40.00,40377
2422.000,2422.000,40.00,32267
2423.000,2423.000,40.00,46123
2424.000,2424.000,40.00,27546
2425.000,2425.000,40.00,23658
2427.000,2427.000,40.00,44761
2428.000,2428.000,40.00,51065
2429.000,2429.000,40.00,39375
2430.000,2430.000,40.00,6733
2430.000,2430.000,67.00,6733
2431.000,2431.000,40.00,7230
2432.000,2432.000,40.00,17778
2433.000,2433.000,40.00,27060
2435.000,2435.000,40.00,17509
2436.000,2436.000,40.00,31074
2437.000,2437.000,40.00,36305
2438.000,2438.000,40.00,57866
2439.000,2439.000,40.00,42554
2440.000,2440.000,40.00,22122
2443.000,2443.000,40.00,33284
2444.000,2444.000,40.00,17369
2444.000,2444.000,68.00,17369
2445.000,2445.000,40.00,13300
2446.000,2446.000,40.00,37917
2447.000,2447.000,40.00,70375
2449.000,2449.000,40.00,67965
2450.000,2450.000,40.00,55401
2451.000,2451.000,40.00,56103
2452.000,2452.000,40.00,72999
2453.000,2453.000,40.00,58803
2454.000,2454.000,40.00,68807
2457.000,2457.000,40.00,47397
2458.000,2458.000,40.00,0
2458.000,2458.000,70.00,0
2459.000,2459.000,40.00,3482
2460.000,2460.000,40.00,9927
2461.000,2461.000,40.00,21210
2462.000,2462.000,40.00,74043
2464.000,2464.000,40.00,79825
2465.000,2465.000,40.00,55202
2466.000,2466.000,40.00,60118
2467.000,2467.000,40.00,53153
2468.000,2468.000,40.00,56198
2469.000,2469.000,40.00,37104
2471.000,2471.000,40.00,43660
2472.000,2472.000,40.00,12
2472.000,2472.000,69.00,12
2473.000,2473.000,40.00,6225
2474.000,2474.000,40.00,45828
2475.000,2475.000,40.00,63227
2476.000,2476.000,40.00,70247
2477.000,2477.000,40.00,84529
2479.000,2479.000,40.00,72834
2480.000,2480.000,40.00,88572
2481.000,2481.000,40.00,82461
2482.000,2482.000,40.00,76039
2483.000,2483.000,40.00,105216
2484.000,2484.000,40.00,118770
2486.000,2486.000,40.00,13395
2486.000,2486.000,67.00,13395
2487.000,2487.000,40.00,10183
2488.000,2488.000,40.00,39401
2489.000,2489.000,40.00,64570
2490.000,2490.000,40.00,61180
2491.000,2491.000,40.00,80410
2493.000,2493.000,40.00,103353
2494.000,2494.000,40.00,102772
2495.000,2495.000,40.00,99383
2496.000,2496.000,40.00,109197
2497.000,2497.000,40.00,91453
2498.000,2498.000,40.00,70031
2500.000,2500.000,40.00,2
2500.000,2500.000,65.00,2
2501.000,2501.000,40.00,35091
2502.000,2502.000,40.00,113915
2503.000,2503.000,40.00,125674
2504.000,2504.000,40.00,90548
2505.000,2505.000,40.00,84724
2507.000,2507.000,40.00,119801
2508.000,2508.000,40.00,109276
2509.000,2509.000,40.00,108573
2510.000,2510.000,40.00,112315
2511.000,2511.000,40.00,110701
2512.000,2512.000,40.00,82503
2513.000,2513.000,40.00,1
2514.000,2514.000,67.00,1
2515.000,2515.000,40.00,53845
2516.000,2516.000,40.00,83739
2517.000,2517.000,40.00,73040
2518.000,2518.000,40.00,83483
2519.000,2519.000,40.00,78952
2521.000,2521.000,40.00,62640
2522.000,2522.000,40.00,70818
2523.000,2523.000,40.00,43953
2524.000,2524.000,40.00,78795
2525.000,2525.000,40.00,60832
2526.000,2526.000,40.00,40181
2527.000,2527.000,40.00,2
2527.000,2527.000,66.00,2
2529.000,2529.000,40.00,12333
2530.000,2530.000,40.00,43990
2531.000,2531.000,40.00,72737
2532.000,2532.000,40.00,67370
2533.000,2533.000,40.00,67002
2534.000,2534.000,40.00,52416
2536.000,2536.000,40.00,53814
2537.000,2537.000,40.00,55481
2538.000,2538.000,40.00,76941
2539.000,2539.000,40.00,80865
2540.000,2540.000,40.00,67572
2541.000,2541.000,91.00,67572
2541.000,2541.000,40.00,18694
2543.000,2543.000,40.00,22345
2544.000,2544.000,40.00,27072
2545.000,2545.000,40.00,47866
2546.000,2546.000,40.00,49394
2547.000,2547.000,40.00,69191
2548.000,2548.000,40.00,77958
2550.000,2550.000,40.00,38939
2551.000,2551.000,40.00,53208
2552.000,2552.000,40.00,52539
2554.000,2554.000,40.00,24342
2555.000,2555.000,80.00,24342
2556.000,2556.000,40.00,750
2557.000,2557.000,40.00,38181
2558.000,2558.000,40.00,45125
2559.000,2559.000,40.00,46868
2560.000,2560.000,40.00,30965
2561.000,2561.000,40.00,62869
2563.000,2563.000,40.00,32832
2564.000,2564.000,40.00,55883
2565.000,2565.000,40.00,43997
2566.000,2566.000,40.00,67559
2568.000,2568.000,40.00,11263
2569.000,2569.000,68.00,11263
2570.000,2570.000,40.00,5919
2571.000,2571.000,40.00,47700
2572.000,2572.000,40.00,46304
2573.000,2573.000,40.00,46242
2574.000,2574.000,40.00,51818
2575.000,2575.000,40.00,62740
2577.000,2577.000,40.00,43292
2578.000,2578.000,40.00,67282
2579.000,2579.000,40.00,66977
2580.000,2580.000,40.00,54821
2581.000,2581.000,40.00,57136
2582.000,2582.000,40.00,16837
2583.000,2583.000,68.00,16837
2584.000,2584.000,40.00,8120
2585.000,2585.000,40.00,47676
2586.000,2586.000,40.00,40424
2587.000,2587.000,40.00,52551
2588.000,2588.000,40.00,74410
2589.000,2589.000,40.00,58727
2591.000,2591.000,40.00,72943
2592.000,2592.000,40.00,62941
2593.000,2593.000,40.00,61546
2594.000,2594.000,40.00,60100
2595.000,2595.000,40.00,34563
2596.000,2596.000,40.00,0
2597.000,2597.000,71.00,0
2598.000,2598.000,40.00,5843
2599.000,2599.000,40.00,25967
2600.000,2600.000,40.00,45214
2601.000,2601.000,40.00,63632
2602.000,2602.000,40.00,60723
2603.000,2603.000,40.00,46931
2605.000,2605.000,40.00,72643
2606.000,2606.000,40.00,43358
2607.000,2607.000,40.00,30765
2608.000,2608.000,40.00,23337
2609.000,2609.000,40.00,52086
2610.000,2610.000,40.00,2
2611.000,2611.000,66.00,2
2611.000,2611.000,40.00,5753
2613.000,2613.000,40.00,15198
2614.000,2614.000,40.00,26644
2615.000,2615.000,40.00,38842
2616.000,2616.000,40.00,61761
2617.000,2617.000,40.00,46569
2619.000,2619.000,40.00,57980
2620.000,2620.000,40.00,40893
2621.000,2621.000,40.00,66566
2622.000,2622.000,40.00,62744
2623.000,2623.000,40.00,42863
2624.000,2624.000,40.00,8558
2624.000,2624.000,78.00,8558
2625.000,2625.000,40.00,11202
2627.000,2627.000,40.00,20222
2628.000,2628.000,40.00,36817
2629.000,2629.000,40.00,22265
2630.000,2630.000,40.00,27896
2631.000,2631.000,40.00,51502
2632.000,2632.000,40.00,39752
2634.000,2634.000,40.00,35207
2635.000,2635.000,40.00,39235
2636.000,2636.000,40.00,54160
2637.000,2637.000,40.00,42037
2638.000,2638.000,40.00,2
2638.000,2638.000,66.00,2
2639.000,2639.000,40.00,6059
2641.000,2641.000,40.00,14816
2642.000,2642.000,40.00,30934
2643.000,2643.000,40.00,45882
2644.000,2644.000,40.00,46069
2645.000,2645.000,40.00,61222
2646.000,2646.000,40.00,56799
2648.000,2648.000,40.00,66839
2649.000,2649.000,40.00,57324
2651.000,2651.000,40.00,33897
2652.000,2652.000,68.00,33897
2652.000,2652.000,40.00,3
2653.000,2653.000,40.00,4583
2655.000,2655.000,40.00,9928
2656.000,2656.000,40.00,22115
2657.000,2657.000,40.00,28069
2658.000,2658.000,40.00,10488
2659.000,2659.000,40.00,33668
2660.000,2660.000,40.00,39443
2662.000,2662.000,40.00,11605
2663.000,2663.000,40.00,13680
2665.000,2665.000,40.00,6755
2666.000,2666.000,77.00,6755
2666.000,2666.000,40.00,3
2667.000,2667.000,40.00,4248
2669.000,2669.000,40.00,3815
2670.000,2670.000,40.00,2346
2671.000,2671.000,40.00,2261
2672.000,2672.000,40.00,3274
2673.000,2673.000,40.00,5017
2675.000,2675.000,40.00,5310
2676.000,2676.000,40.00,4686
2677.000,2677.000,40.00,6175
2679.000,2679.000,40.00,3097
2680.000,2680.000,40.00,3097
2680.000,2680.000,40.00,3378
2681.000,2681.000,40.00,116
2683.000,2683.000,40.00,1988
2684.000,2684.000,40.00,1162
2685.000,2685.000,40.00,2341
2686.000,2686.000,40.00,1804
2687.000,2687.000,40.00,2153
2688.000,2688.000,40.00,2829
2690.000,2690.000,40.00,8098
2691.000,2691.000,40.00,10137
2693.000,2693.000,40.00,8288
2694.000,2694.000,40.00,2
2694.000,2694.000,75.00,2
2695.000,2695.000,40.00,1333
2697.000,2697.000,40.00,1595
2698.000,2698.000,40.00,2058
2699.000,2699.000,40.00,1095
2700.000,2700.000,40.00,1124
2701.000,2701.000,40.00,2425
2702.000,2702.000,40.00,2596
2704.000,2704.000,40.00,7157
2705.000,2705.000,40.00,6647
2707.000,2707.000,40.00,4215
2708.000,2708.000,40.00,1489
2708.000,2708.000,40.00,1489
2709.000,2709.000,40.00,0
2710.000,2710.000,40.00,1025
2712.000,2712.000,40.00,379
2713.000,2713.000,40.00,346
2714.000,2714.000,40.00,669
2715.000,2715.000,40.00,489
2716.000,2716.000,40.00,753
2718.000,2718.000,40.00,287
2719.000,2719.000,40.00,1768
2721.000,2721.000,40.00,931
2722.000,2722.000,40.00,601
2723.000,2723.000,113.00,601
2723.000,2723.000,40.00,3
2725.000,2725.000,40.00,1023
2726.000,2726.000,40.00,600
2727.000,2727.000,40.00,353
2728.000,2728.000,40.00,702
2729.000,2729.000,40.00,490
2730.000,2730.000,40.00,255
2732.000,2732.000,40.00,178
2733.000,2733.000,40.00,67
2734.000,2734.000,40.00,465
2736.000,2736.000,40.00,411
2737.000,2737.000,40.00,411
2738.000,2738.000,40.00,44
2739.000,2739.000,40.00,0
2740.000,2740.000,40.00,1
2741.000,2741.000,40.00,203
2742.000,2742.000,40.00,532
2743.000,2743.000,40.00,444
2745.000,2745.000,40.00,401
2746.000,2746.000,40.00,355
2747.000,2747.000,40.00,499
2748.000,2748.000,40.00,378
2750.000,2750.000,40.00,55
2751.000,2751.000,40.00,156
2751.000,2751.000,110.00,156
2752.000,2752.000,40.00,3
2753.000,2753.000,40.00,333
2754.000,2754.000,40.00,55
2755.000,2755.000,40.00,299
2756.000,2756.000,40.00,144
2758.000,2758.000,40.00,22
2759.000,2759.000,40.00,11
2760.000,2760.000,40.00,1
2761.000,2761.000,40.00,1
2761.000,2761.000,40.00,0
2762.000,2762.000,40.00,30
2764.000,2764.000,40.00,2907
2765.000,2765.000,40.00,0
2765.000,2765.000,88.00,0
2766.000,2766.000,40.00,8440
2767.000,2767.000,40.00,71060
2768.000,2768.000,40.00,233455
2769.000,2769.000,40.00,227202
2770.000,2770.000,40.00,174482
2772.000,2772.000,40.00,148076
2773.000,2773.000,40.00,143045
2774.000,2774.000,40.00,160749
2775.000,2775.000,40.00,168203
2776.000,2776.000,40.00,161704
2777.000,2777.000,40.00,164888
2779.000,2779.000,40.00,7502
2779.000,2779.000,66.00,7502
2780.000,2780.000,40.00,13485
2781.000,2781.000,40.00,116255
2782.000,2782.000,40.00,249748
2783.000,2783.000,40.00,204001
2784.000,2784.000,40.00,221487
2785.000,2785.000,40.00,205704
2786.000,2786.000,40.00,222402
2788.000,2788.000,40.00,227973
2789.000,2789.000,40.00,221473
2790.000,2790.000,40.00,237163
2792.000,2792.000,40.00,3026
2793.000,2793.000,69.00,3026
2793.000,2793.000,40.00,16843
2794.000,2794.000,40.00,200737
2795.000,2795.000,40.00,221886
2797.000,2797.000,40.00,181827
2798.000,2798.000,40.00,197853
2799.000,2799.000,40.00,181303
2800.000,2800.000,40.00,212426
2801.000,2801.000,40.00,198074
2802.000,2802.000,40.00,209123
2803.000,2803.000,40.00,212829
2804.000,2804.000,40.00,219079
2806.000,2806.000,40.00,82263
2807.000,2807.000,68.00,3
2807.000,2807.000,40.00,3
2808.000,2808.000,40.00,77245
2809.000,2809.000,40.00,234188
2810.000,2810.000,40.00,212149
2811.000,2811.000,40.00,237039
2812.000,2812.000,40.00,189342
2814.000,2814.000,40.00,199141
2815.000,2815.000,40.00,211834
2816.000,2816.000,40.00,182957
2817.000,2817.000,40.00,168935
2818.000,2818.000,40.00,178246
2819.000,2819.000,40.00,143768
2820.000,2820.000,66.00,6041
2820.000,2820.000,40.00,6041
2822.000,2822.000,40.00,140086
2823.000,2823.000,40.00,78736
2824.000,2824.000,40.00,38040
2825.000,2825.000,40.00,42600
2826.000,2826.000,40.00,36965
2828.000,2828.000,40.00,44921
2829.000,2829.000,40.00,51840
2830.000,2830.000,40.00,59750
2831.000,2831.000,40.00,67505
2834.000,2834.000,40.00,619
2834.000,2834.000,65.00,619
2835.000,2835.000,40.00,5628
2836.000,2836.000,40.00,82624
2837.000,2837.000,40.00,233769
2838.000,2838.000,40.00,267059
2839.000,2839.000,40.00,239111
2840.000,2840.000,40.00,242684
2842.000,2842.000,40.00,217396
2843.000,2843.000,40.00,235751
2844.000,2844.000,40.00,201697
2845.000,2845.000,40.00,215063
2847.000,2847.000,40.00,73505
2848.000,2848.000,69.00,73505
2848.000,2848.000,40.00,2
2850.000,2850.000,40.00,133214
2851.000,2851.000,40.00,234177
2852.000,2852.000,40.00,238643
2853.000,2853.000,40.00,244443
2854.000,2854.000,40.00,216139
2855.000,2855.000,40.00,106881
2856.000,2856.000,40.00,73456
2858.000,2858.000,40.00,78460
2859.000,2859.000,40.00,70812
2861.000,2861.000,40.00,31024
2862.000,2862.000,68.00,31024
2862.000,2862.000,40.00,3
2863.000,2863.000,40.00,204528
2865.000,2865.000,40.00,246546
2866.000,2866.000,40.00,190279
2867.000,2867.000,40.00,206319
2868.000,2868.000,40.00,215759
2869.000,2869.000,40.00,222180
2870.000,2870.000,40.00,207121
2871.000,2871.000,40.00,124078
2872.000,2872.000,40.00,137822
2875.000,2875.000,40.00,76067
2876.000,2876.000,67.00,76067
2876.000,2876.000,40.00,276
2877.000,2877.000,40.00,51824
2878.000,2878.000,40.00,106908
2880.000,2880.000,40.00,104571
2881.000,2881.000,40.00,109472
2882.000,2882.000,40.00,111764
2883.000,2883.000,40.00,120701
2884.000,2884.000,40.00,126058
2886.000,2886.000,40.00,129687
2887.000,2887.000,40.00,135794
2889.000,2889.000,40.00,1556
2890.000,2890.000,67.00,1556
2890.000,2890.000,40.00,2310
2891.000,2891.000,40.00,110427
2893.000,2893.000,40.00,195492
2894.000,2894.000,40.00,192168
2895.000,2895.000,40.00,202880
2896.000,2896.000,40.00,183939
2897.000,2897.000,40.00,174101
2898.000,2898.000,40.00,148841
2899.000,2899.000,40.00,153562
2901.000,2901.000,40.00,155914
2903.000,2903.000,40.00,23856
2904.000,2904.000,69.00,23856
2904.000,2904.000,40.00,9772
2905.000,2905.000,40.00,171522
2907.000,2907.000,40.00,134688
2908.000,2908.000,40.00,73905
2909.000,2909.000,40.00,51379
2910.000,2910.000,40.00,55486
2911.000,2911.000,40.00,60246
2912.000,2912.000,40.00,70152
2914.000,2914.000,40.00,75672
2915.000,2915.000,40.00,84669
2916.000,2916.000,40.00,82748
2917.000,2917.000,40.00,1
2918.000,2918.000,69.00,1
2918.000,2918.000,40.00,10817
2920.000,2920.000,40.00,23819
2921.000,2921.000,40.00,24390
2922.000,2922.000,40.00,138548
2923.000,2923.000,40.00,122723
2924.000,2924.000,40.00,157509
2925.000,2925.000,40.00,159250
2927.000,2927.000,40.00,144444
2928.000,2928.000,40.00,152596
2929.000,2929.000,40.00,162736
2930.000,2930.000,40.00,143835
2931.000,2931.000,40.00,1
2931.000,2931.000,69.00,1
2932.000,2932.000,40.00,14384
2934.000,2934.000,40.00,21009
2935.000,2935.000,40.00,23082
2936.000,2936.000,40.00,21832
2937.000,2937.000,40.00,21162
2938.000,2938.000,40.00,21814
2940.000,2940.000,40.00,22696
2941.000,2941.000,40.00,19935
2942.000,2942.000,40.00,20945
2944.000,2944.000,40.00,7421
2945.000,2945.000,67.00,2
2945.000,2945.000,40.00,2
2947.000,2947.000,40.00,20898
2948.000,2948.000,40.00,21606
2949.000,2949.000,40.00,22291
2950.000,2950.000,40.00,40618
2951.000,2951.000,40.00,47477
2953.000,2953.000,40.00,54494
2954.000,2954.000,40.00,60242
2955.000,2955.000,40.00,65951
2956.000,2956.000,40.00,71755
2959.000,2959.000,40.00,2933
2959.000,2959.000,70.00,2933
2960.000,2960.000,40.00,21545
2961.000,2961.000,40.00,166158
2962.000,2962.000,40.00,190636
2963.000,2963.000,40.00,166274
2964.000,2964.000,40.00,147056
2965.000,2965.000,40.00,152267
2967.000,2967.000,40.00,157571
2968.000,2968.000,40.00,162621
2969.000,2969.000,40.00,160101
2970.000,2970.000,40.00,134322
2971.000,2971.000,40.00,134322
2972.000,2972.000,40.00,4639
2973.000,2973.000,66.00,4639
2974.000,2974.000,40.00,6813
2975.000,2975.000,40.00,24969
2976.000,2976.000,40.00,28055
2977.000,2977.000,40.00,23088
2978.000,2978.000,40.00,28036
2979.000,2979.000,40.00,79010
2981.000,2981.000,40.00,121281
2982.000,2982.000,40.00,93828
2983.000,2983.000,40.00,105689
2984.000,2984.000,40.00,74075
2985.000,2985.000,40.00,81490
2986.000,2986.000,40.00,0
2987.000,2987.000,69.00,0
2988.000,2988.000,40.00,7873
2989.000,2989.000,40.00,26900
2990.000,2990.000,40.00,77398
2991.000,2991.000,40.00,101646
2992.000,2992.000,40.00,75561
2993.000,2993.000,40.00,53000
2994.000,2994.000,40.00,95653
2996.000,2996.000,40.00,98966
2997.000,2997.000,40.00,85695
2998.000,2998.000,40.00,101129
2999.000,2999.000,40.00,55871
3000.000,3000.000,40.00,1
3001.000,3001.000,66.00,1
3001.000,3001.000,40.00,8348
3003.000,3003.000,40.00,15803
3004.000,3004.000,40.00,16734
3005.000,3005.000,40.00,44198
3006.000,3006.000,40.00,82997
3007.000,3007.000,40.00,89743
3008.000,3008.000,40.00,46430
3010.000,3010.000,40.00,55896
3011.000,3011.000,40.00,66080
3012.000,3012.000,40.00,60756
3013.000,3013.000,40.00,56441
3014.000,3014.000,40.00,1
3014.000,3014.000,67.00,1
3015.000,3015.000,40.00,17750
3017.000,3017.000,40.00,55471
3018.000,3018.000,40.00,36383
3019.000,3019.000,40.00,64197
3020.000,3020.000,40.00,39637
3021.000,3021.000,40.00,55150
3022.000,3022.000,40.00,36625
3024.000,3024.000,40.00,41295
3025.000,3025.000,40.00,36129
3026.000,3026.000,40.00,32192
3027.000,3027.000,40.00,42890
3028.000,3028.000,40.00,2
3028.000,3028.000,66.00,2
3029.000,3029.000,40.00,13503
3031.000,3031.000,40.00,35247
3032.000,3032.000,40.00,31889
3033.000,3033.000,40.00,31912
3034.000,3034.000,40.00,36546
3035.000,3035.000,40.00,28504
3036.000,3036.000,40.00,34243
3038.000,3038.000,40.00,31951
3039.000,3039.000,40.00,30796
3041.000,3041.000,40.00,32109
3042.000,3042.000,66.00,2
3042.000,3042.000,40.00,2
3043.000,3043.000,40.00,8664
3045.000,3045.000,40.00,8876
3046.000,3046.000,40.00,12440
3047.000,3047.000,40.00,14373
3048.000,3048.000,40.00,13564
3049.000,3049.000,40.00,10376
3050.000,3050.000,40.00,8862
3052.000,3052.000,40.00,27795
3053.000,3053.000,40.00,36561
3055.000,3055.000,40.00,34165
3056.000,3056.000,66.00,34165
3056.000,3056.000,40.00,4
3057.000,3057.000,40.00,10846
3059.000,3059.000,40.00,12642
3060.000,3060.000,40.00,11406
3061.000,3061.000,40.00,15215
3062.000,3062.000,40.00,15233
3063.000,3063.000,40.00,15417
3064.000,3064.000,40.00,23819
3066.000,3066.000,40.00,32845
3067.000,3067.000,40.00,30921
3069.000,3069.000,40.00,20352
3070.000,3070.000,67.00,20352
3070.000,3070.000,40.00,4
3071.000,3071.000,40.00,14720
3073.000,3073.000,40.00,20757
3074.000,3074.000,40.00,29472
3075.000,3075.000,40.00,34898
3076.000,3076.000,40.00,27584
3077.000,3077.000,40.00,49807
3078.000,3078.000,40.00,178266
3080.000,3080.000,40.00,184596
3081.000,3081.000,40.00,185137
3083.000,3083.000,40.00,11538
3084.000,3084.000,70.00,11538
3084.000,3084.000,40.00,12281
3086.000,3086.000,40.00,190403
3087.000,3087.000,40.00,236679
3088.000,3088.000,40.00,223775
3089.000,3089.000,40.00,199452
3090.000,3090.000,40.00,193640
3091.000,3091.000,40.00,206091
3092.000,3092.000,40.00,201241
3093.000,3093.000,40.00,210911
3095.000,3095.000,40.00,214179
3097.000,3097.000,40.00,11629
3098.000,3098.000,66.00,11629
3098.000,3098.000,40.00,7084
3099.000,3099.000,40.00,129413
3100.000,3100.000,40.00,196715
3102.000,3102.000,40.00,161047
3103.000,3103.000,40.00,167349
3104.000,3104.000,40.00,172131
3105.000,3105.000,40.00,172893
3106.000,3106.000,40.00,177715
3108.000,3108.000,40.00,179943
3109.000,3109.000,40.00,155411
3110.000,3110.000,40.00,140596
3111.000,3111.000,40.00,0
3112.000,3112.000,66.00,0
3112.000,3112.000,40.00,13177
3113.000,3113.000,40.00,62327
3115.000,3115.000,40.00,63370
3116.000,3116.000,40.00,177008
3117.000,3117.000,40.00,219194
3118.000,3118.000,40.00,196880
3119.000,3119.000,40.00,251162
3120.000,3120.000,40.00,163814
3121.000,3121.000,40.00,222065
3122.000,3122.000,40.00,218527
3123.000,3123.000,40.00,233846
3124.000,3124.000,40.00,50377
3125.000,3125.000,69.00,50377
3126.000,3126.000,40.00,1600
3127.000,3127.000,40.00,172720
3128.000,3128.000,40.00,220490
3129.000,3129.000,40.00,229093
3130.000,3130.000,40.00,192402
3131.000,3131.000,40.00,181544
3132.000,3132.000,40.00,156235
3134.000,3134.000,40.00,147522
3135.000,3135.000,40.00,157660
3136.000,3136.000,40.00,157745
3138.000,3138.000,40.00,37691
3139.000,3139.000,69.00,37691
3140.000,3140.000,40.00,113
3141.000,3141.000,40.00,50101
3142.000,3142.000,40.00,206845
3143.000,3143.000,40.00,215188
3144.000,3144.000,40.00,179544
3145.000,3145.000,40.00,191225
3146.000,3146.000,40.00,204549
3147.000,3147.000,40.00,201340
3149.000,3149.000,40.00,176186
3150.000,3150.000,40.00,159583
3152.000,3152.000,40.00,66343
3153.000,3153.000,67.00,66343
3153.000,3153.000,40.00,112
3155.000,3155.000,40.00,107140
3156.000,3156.000,40.00,123775
3157.000,3157.000,40.00,124793
3158.000,3158.000,40.00,138913
3159.000,3159.000,40.00,142937
3160.000,3160.000,40.00,140131
3162.000,3162.000,40.00,135319
3163.000,3163.000,40.00,142360
3164.000,3164.000,40.00,145012
3166.000,3166.000,40.00,8958
3167.000,3167.000,68.00,8958
3167.000,3167.000,40.00,6796
3169.000,3169.000,40.00,131336
3170.000,3170.000,40.00,208747
3171.000,3171.000,40.00,221322
3172.000,3172.000,40.00,256533
3173.000,3173.000,40.00,271693
3174.000,3174.000,40.00,259610
3175.000,3175.000,40.00,246337
3176.000,3176.000,40.00,188448
3178.000,3178.000,40.00,213143
3180.000,3180.000,40.00,81287
3181.000,3181.000,67.00,81287
3181.000,3181.000,40.00,222
3182.000,3182.000,40.00,201576
3183.000,3183.000,40.00,242522
3184.000,3184.000,40.00,265881
3185.000,3185.000,40.00,251714
3187.000,3187.000,40.00,254262
3188.000,3188.000,40.00,187259
3189.000,3189.000,40.00,208150
3190.000,3190.000,40.00,274730
3191.000,3191.000,40.00,235588
3192.000,3192.000,40.00,264055
3193.000,3193.000,40.00,131367
3195.000,3195.000,40.00,2
3195.000,3195.000,67.00,2
3196.000,3196.000,40.00,132812
3197.000,3197.000,40.00,216204
3198.000,3198.000,40.00,199478
3199.000,3199.000,40.00,191433
3200.000,3200.000,40.00,194756
3201.000,3201.000,40.00,180726
3203.000,3203.000,40.00,189148
3204.000,3204.000,40.00,187169
3205.000,3205.000,40.00,200815
3206.000,3206.000,40.00,183964
3207.000,3207.000,40.00,152204
3208.000,3208.000,70.00,337
3208.000,3208.000,40.00,337
3210.000,3210.000,40.00,143446
3211.000,3211.000,40.00,201644
3212.000,3212.000,40.00,169709
3213.000,3213.000,40.00,167799
3214.000,3214.000,40.00,154180
3215.000,3215.000,40.00,161678
3217.000,3217.000,40.00,157752
3218.000,3218.000,40.00,180407
3219.000,3219.000,40.00,167446
3221.000,3221.000,40.00,73732
3222.000,3222.000,68.00,2
3222.000,3222.000,40.00,2
3223.000,3223.000,40.00,21183
3225.000,3225.000,40.00,22987
3226.000,3226.000,40.00,38648
3227.000,3227.000,40.00,187015
3228.000,3228.000,40.00,180720
3229.000,3229.000,40.00,184026
3230.000,3230.000,40.00,212369
3232.000,3232.000,40.00,196519
3233.000,3233.000,40.00,170644
3235.000,3235.000,40.00,95832
3236.000,3236.000,68.00,2
3236.000,3236.000,40.00,2
3237.000,3237.000,40.00,22664
3239.000,3239.000,40.00,23853
3240.000,3240.000,40.00,122730
3241.000,3241.000,40.00,152807
3242.000,3242.000,40.00,129513
3243.000,3243.000,40.00,125607
3244.000,3244.000,40.00,89041
3246.000,3246.000,40.00,113594
3247.000,3247.000,40.00,114628
3249.000,3249.000,40.00,78742
3250.000,3250.000,65.00,78742
3250.000,3250.000,40.00,114
3251.000,3251.000,40.00,17223
3253.000,3253.000,40.00,27356
3254.000,3254.000,40.00,58996
3255.000,3255.000,40.00,89617
3256.000,3256.000,40.00,102538
3257.000,3257.000,40.00,98371
3258.000,3258.000,40.00,67335
3260.000,3260.000,40.00,119187
3261.000,3261.000,40.00,88678
3263.000,3263.000,40.00,20299
3264.000,3264.000,68.00,20299
3264.000,3264.000,40.00,4567
3265.000,3265.000,40.00,17245
3267.000,3267.000,40.00,56879
3268.000,3268.000,40.00,104847
3269.000,3269.000,40.00,95839
3270.000,3270.000,40.00,90184
3271.000,3271.000,40.00,83718
3272.000,3272.000,40.00,109963
3274.000,3274.000,40.00,91614
3275.000,3275.000,40.00,100697
3276.000,3276.000,40.00,115112
3277.000,3277.000,40.00,9432
3278.000,3278.000,66.00,9432
3278.000,3278.000,40.00,4038
3279.000,3279.000,40.00,14893
3281.000,3281.000,40.00,36711
3282.000,3282.000,40.00,48718
3283.000,3283.000,40.00,53979
3284.000,3284.000,40.00,57013
3285.000,3285.000,40.00,70024
3286.000,3286.000,40.00,61551
3287.000,3287.000,40.00,48114
3289.000,3289.000,40.00,56098
3290.000,3290.000,40.00,31686
3291.000,3291.000,40.00,16251
3291.000,3291.000,76.00,16251
3292.000,3292.000,40.00,12427
3293.000,3293.000,40.00,45962
3294.000,3294.000,40.00,61883
3296.000,3296.000,40.00,48781
3297.000,3297.000,40.00,34765
3298.000,3298.000,40.00,37338
3299.000,3299.000,40.00,37622
3300.000,3300.000,40.00,54271
3301.000,3301.000,40.00,26577
3304.000,3304.000,40.00,59504
3305.000,3305.000,40.00,0
3305.000,3305.000,68.00,0
3306.000,3306.000,40.00,9180
3307.000,3307.000,40.00,45262
3308.000,3308.000,40.00,54474
3309.000,3309.000,40.00,49698
3311.000,3311.000,40.00,62437
3312.000,3312.000,40.00,57119
3313.000,3313.000,40.00,41574
3314.000,3314.000,40.00,41568
3315.000,3315.000,40.00,43377
3316.000,3316.000,40.00,30161
3318.000,3318.000,40.00,28194
3319.000,3319.000,40.00,12302
3319.000,3319.000,68.00,12302
3320.000,3320.000,40.00,9469
3321.000,3321.000,40.00,31240
3322.000,3322.000,40.00,33181
3323.000,3323.000,40.00,36073
3325.000,3325.000,40.00,43495
3326.000,3326.000,40.00,28502
3327.000,3327.000,40.00,33454
3328.000,3328.000,40.00,57250
3329.000,3329.000,40.00,35067
3330.000,3330.000,40.00,25297
3332.000,3332.000,40.00,34397
3333.000,3333.000,40.00,3893
3333.000,3333.000,66.00,3893
3334.000,3334.000,40.00,8437
3335.000,3335.000,40.00,34372
3336.000,3336.000,40.00,39412
3337.000,3337.000,40.00,27259
3339.000,3339.000,40.00,38248
3340.000,3340.000,40.00,34869
3341.000,3341.000,40.00,32391
3342.000,3342.000,40.00,40839
3343.000,3343.000,40.00,16906
3344.000,3344.000,40.00,46018
3345.000,3345.000,40.00,15681
3347.000,3347.000,40.00,1270
3347.000,3347.000,72.00,1270
3348.000,3348.000,40.00,6945
3349.000,3349.000,40.00,17367
3350.000,3350.000,40.00,31359
3351.000,3351.000,40.00,44354
3352.000,3352.000,40.00,69632
3353.000,3353.000,40.00,52218
3355.000,3355.000,40.00,53392
3356.000,3356.000,40.00,70898
3357.000,3357.000,40.00,66558
3358.000,3358.000,40.00,75000
3359.000,3359.000,40.00,68395
3360.000,3360.000,40.00,29638
3361.000,3361.000,68.00,29638
3362.000,3362.000,40.00,7294
3363.000,3363.000,40.00,41093
3364.000,3364.000,40.00,70369
3365.000,3365.000,40.00,65736
3366.000,3366.000,40.00,87357
3368.000,3368.000,40.00,83447
3369.000,3369.000,40.00,81309
3370.000,3370.000,40.00,80245
3371.000,3371.000,40.00,82421
3372.000,3372.000,40.00,81632
3373.000,3373.000,40.00,57483
3374.000,3374.000,40.00,1
3375.000,3375.000,67.00,1
3376.000,3376.000,40.00,24836
3377.000,3377.000,40.00,66923
3378.000,3378.000,40.00,70957
3379.000,3379.000,40.00,72651
3380.000,3380.000,40.00,42014
3381.000,3381.000,40.00,59548
3383.000,3383.000,40.00,63280
3384.000,3384.000,40.00,71163
3385.000,3385.000,40.00,78268
3386.000,3386.000,40.00,92347
3387.000,3387.000,40.00,57379
3388.000,3388.000,40.00,2
3389.000,3389.000,68.00,2
3390.000,3390.000,40.00,45864
3391.000,3391.000,40.00,67513
3392.000,3392.000,40.00,87948
3393.000,3393.000,40.00,86532
3394.000,3394.000,40.00,82460
3395.000,3395.000,40.00,84474
3397.000,3397.000,40.00,64464
3398.000,3398.000,40.00,59055
3399.000,3399.000,40.00,70705
3400.000,3400.000,40.00,72316
3401.000,3401.000,40.00,57416
3402.000,3402.000,66.00,2
3402.000,3402.000,40.00,2
3404.000,3404.000,40.00,29831
3405.000,3405.000,40.00,43622
3406.000,3406.000,40.00,53067
3407.000,3407.000,40.00,66656
3408.000,3408.000,40.00,66552
3409.000,3409.000,40.00,79299
3411.000,3411.000,40.00,72699
3412.000,3412.000,40.00,65572
3413.000,3413.000,40.00,69890
3415.000,3415.000,40.00,76236
3416.000,3416.000,66.00,76236
3416.000,3416.000,40.00,3
3418.000,3418.000,40.00,29940
3419.000,3419.000,40.00,41203
3420.000,3420.000,40.00,63832
3421.000,3421.000,40.00,41217
3422.000,3422.000,40.00,55396
3424.000,3424.000,40.00,48940
3425.000,3425.000,40.00,48327
3426.000,3426.000,40.00,53924
3427.000,3427.000,40.00,50554
3429.000,3429.000,40.00,28795
3430.000,3430.000,67.00,28795
3430.000,3430.000,40.00,5368
3432.000,3432.000,40.00,23520
3433.000,3433.000,40.00,18943
3434.000,3434.000,40.00,27469
3435.000,3435.000,40.00,29800
3436.000,3436.000,40.00,32136
3437.000,3437.000,40.00,22196
3439.000,3439.000,40.00,21898
3440.000,3440.000,40.00,18312
3441.000,3441.000,40.00,21436
3442.000,3442.000,40.00,28232
3443.000,3443.000,40.00,2631
3444.000,3444.000,66.00,2631
3444.000,3444.000,40.00,1064
3445.000,3445.000,40.00,14710
3447.000,3447.000,40.00,14720
3448.000,3448.000,40.00,12766
3449.000,3449.000,40.00,14680
3450.000,3450.000,40.00,9301
3451.000,3451.000,40.00,10936
3452.000,3452.000,40.00,13175
3454.000,3454.000,40.00,13257
3455.000,3455.000,40.00,13371
3457.000,3457.000,40.00,2482
3458.000,3458.000,66.00,2482
3458.000,3458.000,40.00,1927
3459.000,3459.000,40.00,49111
3461.000,3461.000,40.00,62959
3462.000,3462.000,40.00,42050
3463.000,3463.000,40.00,48851
3464.000,3464.000,40.00,55776
3465.000,3465.000,40.00,44726
3466.000,3466.000,40.00,44624
3468.000,3468.000,40.00,50740
3469.000,3469.000,40.00,42838
3471.000,3471.000,40.00,19343
3472.000,3472.000,67.00,19343
3472.000,3472.000,40.00,1704
3473.000,3473.000,40.00,14981
3474.000,3474.000,40.00,13368
3476.000,3476.000,40.00,12351
3477.000,3477.000,40.00,15870
3478.000,3478.000,40.00,26841
3479.000,3479.000,40.00,44276
3480.000,3480.000,40.00,48670
3481.000,3481.000,40.00,52531
3482.000,3482.000,40.00,30094
3485.000,3485.000,40.00,19857
3485.000,3485.000,89.00,19857
3486.000,3486.000,40.00,1022
3487.000,3487.000,40.00,15320
3488.000,3488.000,40.00,21758
3489.000,3489.000,40.00,29402
3491.000,3491.000,40.00,31023
3492.000,3492.000,40.00,25590
3493.000,3493.000,40.00,35660
3494.000,3494.000,40.00,32024
3495.000,3495.000,40.00,40173
3496.000,3496.000,40.00,36442
3499.000,3499.000,40.00,18138
3499.000,3499.000,65.00,18138
3500.000,3500.000,40.00,3502
3501.000,3501.000,40.00,12217
3502.000,3502.000,40.00,9160
3503.000,3503.000,40.00,11519
3504.000,3504.000,40.00,9711
3506.000,3506.000,40.00,21277
3507.000,3507.000,40.00,32968
3508.000,3508.000,40.00,34916
3509.000,3509.000,40.00,36307
3510.000,3510.000,40.00,34500
3512.000,3512.000,40.00,21675
3513.000,3513.000,40.00,5201
3513.000,3513.000,67.00,5201
3514.000,3514.000,40.00,2212
3515.000,3515.000,40.00,10762
3516.000,3516.000,40.00,10702
3517.000,3517.000,40.00,12565
3518.000,3518.000,40.00,11701
3520.000,3520.000,40.00,9326
3521.000,3521.000,40.00,12647
3522.000,3522.000,40.00,13891
3523.000,3523.000,40.00,15733
3524.000,3524.000,40.00,16359
3527.000,3527.000,40.00,0
3527.000,3527.000,67.00,0
3528.000,3528.000,40.00,3390
3529.000,3529.000,40.00,11735
3530.000,3530.000,40.00,11116
3531.000,3531.000,40.00,11311
3532.000,3532.000,40.00,12528
3533.000,3533.000,40.00,15486
3535.000,3535.000,40.00,14145
3536.000,3536.000,40.00,10475
3537.000,3537.000,40.00,11482
3538.000,3538.000,40.00,11397
3540.000,3540.000,40.00,0
3541.000,3541.000,68.00,0
3542.000,3542.000,40.00,2811
3543.000,3543.000,40.00,7213
3544.000,3544.000,40.00,8880
3545.000,3545.000,40.00,10118
3546.000,3546.000,40.00,14901
3547.000,3547.000,40.00,16982
3548.000,3548.000,40.00,19997
3550.000,3550.000,40.00,24401
3551.000,3551.000,40.00,30362
3552.000,3552.000,40.00,37794
3554.000,3554.000,40.00,8909
3555.000,3555.000,67.00,8909
3555.000,3555.000,40.00,598
3557.000,3557.000,40.00,5456
3558.000,3558.000,40.00,4409
3559.000,3559.000,40.00,15165
3560.000,3560.000,40.00,18903
3561.000,3561.000,40.00,24444
3562.000,3562.000,40.00,35709
3563.000,3563.000,40.00,29361
3565.000,3565.000,40.00,12263
3566.000,3566.000,40.00,20856
3568.000,3568.000,40.00,6613
3569.000,3569.000,66.00,6613
3569.000,3569.000,40.00,1096
3570.000,3570.000,40.00,6608
3571.000,3571.000,40.00,5155
3573.000,3573.000,40.00,4609
3574.000,3574.000,40.00,1227
3575.000,3575.000,40.00,78
3576.000,3576.000,40.00,145
3577.000,3577.000,40.00,357
3578.000,3578.000,40.00,279
3580.000,3580.000,40.00,5469
3582.000,3582.000,40.00,0
3583.000,3583.000,69.00,0
3583.000,3583.000,40.00,1702
3584.000,3584.000,40.00,4774
3585.000,3585.000,40.00,3260
3587.000,3587.000,40.00,656
3588.000,3588.000,40.00,1325
3589.000,3589.000,40.00,6935
3590.000,3590.000,40.00,8677
3591.000,3591.000,40.00,3480
3592.000,3592.000,40.00,5805
3594.000,3594.000,40.00,8932
3596.000,3596.000,40.00,634
3596.000,3596.000,70.00,634
3597.000,3597.000,40.00,1614
3598.000,3598.000,40.00,3214
3599.000,3599.000,40.00,3594
3600.000,3600.000,40.00,2378
3602.000,3602.000,40.00,6011
3603.000,3603.000,40.00,8352
3604.000,3604.000,40.00,13147
3605.000,3605.000,40.00,9253
3606.000,3606.000,40.00,4822
3607.000,3607.000,40.00,3480
3609.000,3609.000,40.00,2205
3610.000,3610.000,40.00,2394
3610.000,3610.000,72.00,2394
3611.000,3611.000,40.00,1080
3612.000,3612.000,40.00,4977
3613.000,3613.000,40.00,3650
3614.000,3614.000,40.00,2573
3615.000,3615.000,40.00,4059
3617.000,3617.000,40.00,2956
3618.000,3618.000,40.00,1202
3619.000,3619.000,40.00,1436
3620.000,3620.000,40.00,1863
3621.000,3621.000,40.00,7267
3623.000,3623.000,40.00,1677
3624.000,3624.000,89.00,1677
3625.000,3625.000,40.00,357
3626.000,3626.000,40.00,4639
3627.000,3627.000,40.00,2018
3628.000,3628.000,40.00,765
3629.000,3629.000,40.00,567
3631.000,3631.000,40.00,1692
3632.000,3632.000,40.00,2038
3633.000,3633.000,40.00,598
3634.000,3634.000,40.00,212
3635.000,3635.000,40.00,3046
3637.000,3637.000,40.00,263
3638.000,3638.000,143.00,263
3639.000,3639.000,40.00,4
3640.000,3640.000,40.00,1614
3641.000,3641.000,40.00,1654
3642.000,3642.000,40.00,1241
3643.000,3643.000,40.00,617
3644.000,3644.000,40.00,786
3646.000,3646.000,40.00,1810
3647.000,3647.000,40.00,3664
3648.000,3648.000,40.00,2394
3649.000,3649.000,40.00,573
3651.000,3651.000,40.00,407
3652.000,3652.000,224.00,407
3653.000,3653.000,40.00,3
3654.000,3654.000,40.00,612
3655.000,3655.000,40.00,67
3656.000,3656.000,40.00,44
3657.000,3657.000,40.00,33
3659.000,3659.000,40.00,11
3660.000,3660.000,40.00,33
3661.000,3661.000,40.00,33
3662.000,3662.000,40.00,11
3663.000,3663.000,40.00,44
3666.000,3666.000,40.00,33
3667.000,3667.000,40.00,1
3667.000,3667.000,146.00,1
3668.000,3668.000,40.00,2
3669.000,3669.000,40.00,189
3670.000,3670.000,40.00,22
3672.000,3672.000,40.00,11
3673.000,3673.000,40.00,0
3674.000,3674.000,40.00,11
3675.000,3675.000,40.00,33
3676.000,3676.000,40.00,155
3677.000,3677.000,40.00,67
3678.000,3678.000,40.00,167
3680.000,3680.000,40.00,55
3681.000,3681.000,40.00,0
3681.000,3681.000,220.00,0
3682.000,3682.000,40.00,2
3683.000,3683.000,40.00,0
3684.000,3684.000,40.00,0
3685.000,3685.000,40.00,0
3687.000,3687.000,40.00,11
3688.000,3688.000,40.00,11
3689.000,3689.000,40.00,22
3690.000,3690.000,40.00,22
3691.000,3691.000,40.00,55
3693.000,3693.000,40.00,713
3694.000,3694.000,40.00,5567
3695.000,3695.000,40.00,0
3695.000,3695.000,67.00,0
3696.000,3696.000,40.00,6013
3697.000,3697.000,40.00,55254
3698.000,3698.000,40.00,204133
3699.000,3699.000,40.00,266552
3700.000,3700.000,40.00,267477
3701.000,3701.000,40.00,219521
3702.000,3702.000,40.00,194667
3704.000,3704.000,40.00,195727
3705.000,3705.000,40.00,197307
3706.000,3706.000,40.00,226741
3708.000,3708.000,40.00,109050
3709.000,3709.000,66.00,2
3709.000,3709.000,40.00,2
3710.000,3710.000,40.00,25336
3711.000,3711.000,40.00,101778
3713.000,3713.000,40.00,171961
3714.000,3714.000,40.00,177149
3715.000,3715.000,40.00,235686
3716.000,3716.000,40.00,198858
3717.000,3717.000,40.00,201514
3718.000,3718.000,40.00,166588
3719.000,3719.000,40.00,176514
3722.000,3722.000,40.00,114008
3723.000,3723.000,40.00,2
3723.000,3723.000,66.00,2
3724.000,3724.000,40.00,70896
3725.000,3725.000,40.00,225281
3726.000,3726.000,40.00,248363
3727.000,3727.000,40.00,222797
3729.000,3729.000,40.00,205623
3730.000,3730.000,40.00,228817
3731.000,3731.000,40.00,172951
3732.000,3732.000,40.00,192138
3733.000,3733.000,40.00,200541
3734.000,3734.000,40.00,162124
3735.000,3735.000,40.00,141652
3737.000,3737.000,40.00,1
3737.000,3737.000,68.00,1
3738.000,3738.000,40.00,14894
3739.000,3739.000,40.00,23366
3740.000,3740.000,40.00,158202
3741.000,3741.000,40.00,227612
3742.000,3742.000,40.00,233074
3743.000,3743.000,40.00,210706
3745.000,3745.000,40.00,207226
3746.000,3746.000,40.00,221082
3747.000,3747.000,40.00,210847
3748.000,3748.000,40.00,212476
3749.000,3749.000,40.00,170050
3750.000,3750.000,40.00,5973
3751.000,3751.000,66.00,5973
3751.000,3751.000,40.00,63821
3753.000,3753.000,40.00,252032
3754.000,3754.000,40.00,172870
3755.000,3755.000,40.00,173549
3756.000,3756.000,40.00,202405
3757.000,3757.000,40.00,208991
3758.000,3758.000,40.00,204259
3759.000,3759.000,40.00,195474
3760.000,3760.000,40.00,192077
3762.000,3762.000,40.00,208791
3764.000,3764.000,40.00,18196
3764.000,3764.000,68.00,18196
3765.000,3765.000,40.00,26778
3766.000,3766.000,40.00,244124
3767.000,3767.000,40.00,179929
3768.000,3768.000,40.00,124713
3770.000,3770.000,40.00,133351
3771.000,3771.000,40.00,138095
3772.000,3772.000,40.00,139834
3773.000,3773.000,40.00,146787
3774.000,3774.000,40.00,156773
3775.000,3775.000,40.00,133207
3778.000,3778.000,40.00,0
3778.000,3778.000,67.00,0
3779.000,3779.000,40.00,47321
3780.000,3780.000,40.00,253459
3781.000,3781.000,40.00,259243
3782.000,3782.000,40.00,178137
3784.000,3784.000,40.00,245397
3785.000,3785.000,40.00,143939
3786.000,3786.000,40.00,152538
3787.000,3787.000,40.00,162911
3788.000,3788.000,40.00,165762
3789.000,3789.000,40.00,169872
3791.000,3791.000,40.00,170714
3792.000,3792.000,40.00,5612
3792.000,3792.000,66.00,5612
3793.000,3793.000,40.00,9202
3794.000,3794.000,40.00,85897
3795.000,3795.000,40.00,250446
3796.000,3796.000,40.00,187694
3798.000,3798.000,40.00,160577
3799.000,3799.000,40.00,153977
3800.000,3800.000,40.00,150440
3801.000,3801.000,40.00,162299
3802.000,3802.000,40.00,166848
3803.000,3803.000,40.00,155433
3805.000,3805.000,40.00,163693
3806.000,3806.000,40.00,1
3806.000,3806.000,67.00,1
3807.000,3807.000,40.00,8211
3808.000,3808.000,40.00,18594
3809.000,3809.000,40.00,18854
3810.000,3810.000,40.00,18990
3812.000,3812.000,40.00,23404
3813.000,3813.000,40.00,31702
3814.000,3814.000,40.00,29128
3815.000,3815.000,40.00,35242
3816.000,3816.000,40.00,45323
3819.000,3819.000,40.00,35741
3820.000,3820.000,68.00,2
3820.000,3820.000,40.00,2
3821.000,3821.000,40.00,151250
3822.000,3822.000,40.00,224286
3823.000,3823.000,40.00,199030
3825.000,3825.000,40.00,222863
3826.000,3826.000,40.00,159586
3827.000,3827.000,40.00,169540
3828.000,3828.000,40.00,180298
3829.000,3829.000,40.00,175692
3830.000,3830.000,40.00,177823
3833.000,3833.000,40.00,96475
3834.000,3834.000,40.00,4777
3834.000,3834.000,67.00,4777
3835.000,3835.000,40.00,47831
3836.000,3836.000,40.00,205861
3837.000,3837.000,40.00,259752
3838.000,3838.000,40.00,267659
3840.000,3840.000,40.00,292559
3841.000,3841.000,40.00,276519
3842.000,3842.000,40.00,200872
3843.000,3843.000,40.00,225719
3844.000,3844.000,40.00,219040
3845.000,3845.000,40.00,222645
3846.000,3846.000,40.00,194193
3847.000,3847.000,40.00,1339
3848.000,3848.000,67.00,1339
3849.000,3849.000,40.00,87344
3850.000,3850.000,40.00,268649
3851.000,3851.000,40.00,254898
3852.000,3852.000,40.00,265741
3853.000,3853.000,40.00,238473
3854.000,3854.000,40.00,247499
3855.000,3855.000,40.00,230701
3856.000,3856.000,40.00,230952
3857.000,3857.000,40.00,231198
3859.000,3859.000,40.00,232641
3861.000,3861.000,40.00,6576
3862.000,3862.000,67.00,6576
3862.000,3862.000,40.00,14857
3863.000,3863.000,40.00,219202
3864.000,3864.000,40.00,156450
3865.000,3865.000,40.00,206385
3867.000,3867.000,40.00,171959
3868.000,3868.000,40.00,185737
3869.000,3869.000,40.00,181397
3870.000,3870.000,40.00,190263
3871.000,3871.000,40.00,188188
3872.000,3872.000,40.00,192046
3875.000,3875.000,40.00,105080
3875.000,3875.000,68.00,105080
3876.000,3876.000,40.00,30598
3877.000,3877.000,40.00,246692
3878.000,3878.000,40.00,227547
3879.000,3879.000,40.00,222962
3880.000,3880.000,40.00,152448
3882.000,3882.000,40.00,202801
3883.000,3883.000,40.00,162680
3884.000,3884.000,40.00,196615
3885.000,3885.000,40.00,178627
3886.000,3886.000,40.00,175266
3888.000,3888.000,40.00,11910
3889.000,3889.000,66.00,11910
3890.000,3890.000,40.00,1015
3891.000,3891.000,40.00,21037
3892.000,3892.000,40.00,32544
3893.000,3893.000,40.00,153261
3894.000,3894.000,40.00,177056
3895.000,3895.000,40.00,162719
3897.000,3897.000,40.00,135252
3898.000,3898.000,40.00,134107
3899.000,3899.000,40.00,102896
3900.000,3900.000,40.00,111145
3902.000,3902.000,40.00,7572
3903.000,3903.000,66.00,7572
3904.000,3904.000,40.00,3355
3905.000,3905.000,40.00,56881
3906.000,3906.000,40.00,160482
3907.000,3907.000,40.00,184400
3908.000,3908.000,40.00,207869
3909.000,3909.000,40.00,140726
3911.000,3911.000,40.00,188886
3912.000,3912.000,40.00,156811
3913.000,3913.000,40.00,174921
3914.000,3914.000,40.00,114016
3916.000,3916.000,40.00,0
3917.000,3917.000,68.00,0
3917.000,3917.000,40.00,9139
3919.000,3919.000,40.00,105654
3920.000,3920.000,40.00,125375
3921.000,3921.000,40.00,144629
3922.000,3922.000,40.00,149297
3923.000,3923.000,40.00,139247
3924.000,3924.000,40.00,114393
3926.000,3926.000,40.00,97207
3927.000,3927.000,40.00,127731
3928.000,3928.000,40.00,107251
3930.000,3930.000,40.00,5475
3931.000,3931.000,68.00,5475
3931.000,3931.000,40.00,9208
3933.000,3933.000,40.00,71758
3934.000,3934.000,40.00,82020
3935.000,3935.000,40.00,80166
3936.000,3936.000,40.00,116615
3937.000,3937.000,40.00,87282
3938.000,3938.000,40.00,126799
3940.000,3940.000,40.00,110894
3941.000,3941.000,40.00,133618
3942.000,3942.000,40.00,106868
3943.000,3943.000,40.00,82881
3944.000,3944.000,40.00,1
3945.000,3945.000,67.00,1
3945.000,3945.000,40.00,5812
3947.000,3947.000,40.00,16479
3948.000,3948.000,40.00,17662
3949.000,3949.000,40.00,39299
3950.000,3950.000,40.00,81076
3951.000,3951.000,40.00,73976
3952.000,3952.000,40.00,91095
3954.000,3954.000,40.00,87823
3955.000,3955.000,40.00,76951
3956.000,3956.000,40.00,70562
3957.000,3957.000,40.00,64809
3958.000,3958.000,40.00,0
3958.000,3958.000,67.00,0
3959.000,3959.000,40.00,42592
3960.000,3960.000,40.00,58747
3962.000,3962.000,40.00,69341
3963.000,3963.000,40.00,78157
3964.000,3964.000,40.00,81168
3965.000,3965.000,40.00,85424
3966.000,3966.000,40.00,71634
3967.000,3967.000,40.00,94407
3969.000,3969.000,40.00,66561
3971.000,3971.000,40.00,72528
3971.000,3971.000,40.00,63385
3972.000,3972.000,40.00,1
3972.000,3972.000,68.00,1
3973.000,3973.000,40.00,22878
3974.000,3974.000,40.00,46402
3976.000,3976.000,40.00,47451
3977.000,3977.000,40.00,47592
3978.000,3978.000,40.00,51211
3979.000,3979.000,40.00,65605
3980.000,3980.000,40.00,73622
3981.000,3981.000,40.00,53698
3983.000,3983.000,40.00,45325
3985.000,3985.000,40.00,47883
3986.000,3986.000,40.00,12801
3986.000,3986.000,68.00,12801
3987.000,3987.000,40.00,11558
3988.000,3988.000,40.00,31724
3989.000,3989.000,40.00,42083
3991.000,3991.000,40.00,38292
3992.000,3992.000,40.00,48973
3993.000,3993.000,40.00,49473
3994.000,3994.000,40.00,58443
3995.000,3995.000,40.00,49578
3996.000,3996.000,40.00,60865
3999.000,3999.000,40.00,49049
4000.000,4000.000,40.00,19690
4000.000,4000.000,66.00,19690
4001.000,4001.000,40.00,6836
4002.000,4002.000,40.00,15674
4003.000,4003.000,40.00,24156
4004.000,4004.000,40.00,42108
4006.000,4006.000,40.00,40806
4007.000,4007.000,40.00,34636
4008.000,4008.000,40.00,39191
4009.000,4009.000,40.00,59485
4010.000,4010.000,40.00,48408
4011.000,4011.000,40.00,35586
4013.000,4013.000,40.00,36971
4014.000,4014.000,40.00,1
4014.000,4014.000,66.00,1
4015.000,4015.000,40.00,14660
4016.000,4016.000,40.00,38537
4017.000,4017.000,40.00,47252
4018.000,4018.000,40.00,29888
4020.000,4020.000,40.00,44749
4021.000,4021.000,40.00,47842
4022.000,4022.000,40.00,48005
4023.000,4023.000,40.00,45418
4024.000,4024.000,40.00,34994
4025.000,4025.000,40.00,37846
4026.000,4026.000,40.00,26836
4028.000,4028.000,40.00,5161
4028.000,4028.000,66.00,5161
4029.000,4029.000,40.00,19369
4030.000,4030.000,40.00,37896
4031.000,4031.000,40.00,34862
4032.000,4032.000,40.00,46697
4033.000,4033.000,40.00,55129
4035.000,4035.000,40.00,55147
4036.000,4036.000,40.00,84698
4037.000,4037.000,40.00,96654
4038.000,4038.000,40.00,100361
4039.000,4039.000,40.00,104098
4040.000,4040.000,40.00,67015
4041.000,4041.000,70.00,3
4042.000,4042.000,40.00,3
4043.000,4043.000,40.00,23933
4044.000,4044.000,40.00,81364
4045.000,4045.000,40.00,122406
4046.000,4046.000,40.00,100101
4047.000,4047.000,40.00,70880
4049.000,4049.000,40.00,70066
4050.000,4050.000,40.00,124531
4051.000,4051.000,40.00,106716
4052.000,4052.000,40.00,90030
4053.000,4053.000,40.00,87321
4054.000,4054.000,40.00,41343
4055.000,4055.000,66.00,2
4056.000,4056.000,40.00,2
4057.000,4057.000,40.00,8111
4058.000,4058.000,40.00,13260
4059.000,4059.000,40.00,13951
4060.000,4060.000,40.00,14871
4061.000,4061.000,40.00,13608
4062.000,4062.000,40.00,18273
4064.000,4064.000,40.00,17256
4065.000,4065.000,40.00,22325
4066.000,4066.000,40.00,21917
4068.000,4068.000,40.00,26772
4069.000,4069.000,131.00,2889
4069.000,4069.000,40.00,2889
4070.000,4070.000,40.00,9669
4072.000,4072.000,40.00,9609
4073.000,4073.000,40.00,7201
4074.000,4074.000,40.00,6743
4075.000,4075.000,40.00,9000
4076.000,4076.000,40.00,10168
4077.000,4077.000,40.00,7209
4079.000,4079.000,40.00,7252
4080.000,4080.000,40.00,18184
4082.000,4082.000,40.00,21087
4083.000,4083.000,40.00,2
4083.000,4083.000,89.00,2
4084.000,4084.000,40.00,5514
4086.000,4086.000,40.00,9462
4087.000,4087.000,40.00,9930
4088.000,4088.000,40.00,621
4089.000,4089.000,40.00,17778
4090.000,4090.000,40.00,17262
4091.000,4091.000,40.00,17681
4093.000,4093.000,40.00,21500
4094.000,4094.000,40.00,29699
4096.000,4096.000,40.00,18231
4097.000,4097.000,67.00,18231
4097.000,4097.000,40.00,2
4098.000,4098.000,40.00,23550
4100.000,4100.000,40.00,22323
4101.000,4101.000,40.00,22606
4102.000,4102.000,40.00,22711
4103.000,4103.000,40.00,24047
4104.000,4104.000,40.00,107972
4106.000,4106.000,40.00,153658
4107.000,4107.000,40.00,151110
4108.000,4108.000,40.00,181662
4110.000,4110.000,40.00,24349
4111.000,4111.000,68.00,24349
4111.000,4111.000,40.00,3640
4112.000,4112.000,40.00,289912
4114.000,4114.000,40.00,277276
4115.000,4115.000,40.00,282737
4116.000,4116.000,40.00,206436
4117.000,4117.000,40.00,215080
4118.000,4118.000,40.00,216557
4119.000,4119.000,40.00,176777
4120.000,4120.000,40.00,169811
4121.000,4121.000,40.00,182448
4124.000,4124.000,40.00,127436
4125.000,4125.000,66.00,127436
4125.000,4125.000,40.00,6536
4126.000,4126.000,40.00,23128
4127.000,4127.000,40.00,23181
4129.000,4129.000,40.00,23954
4130.000,4130.000,40.00,20102
4131.000,4131.000,40.00,22637
4132.000,4132.000,40.00,23564
4133.000,4133.000,40.00,23128
4134.000,4134.000,40.00,23352
4136.000,4136.000,40.00,24079
4137.000,4137.000,40.00,36173
4137.000,4137.000,40.00,36173
4137.000,4137.000,40.00,36173
4138.000,4138.000,40.00,0
4139.000,4139.000,67.00,0
4139.000,4139.000,40.00,4531
4140.000,4140.000,40.00,21685
4142.000,4142.000,40.00,22520
4143.000,4143.000,40.00,22633
4144.000,4144.000,40.00,22530
4145.000,4145.000,40.00,21802
4146.000,4146.000,40.00,23366
4147.000,4147.000,40.00,21874
4149.000,4149.000,40.00,21153
4150.000,4150.000,40.00,23380
4151.000,4151.000,40.00,92450
4152.000,4152.000,40.00,1
4152.000,4152.000,71.00,1
4153.000,4153.000,40.00,24125
4155.000,4155.000,40.00,139205
4156.000,4156.000,40.00,166384
4157.000,4157.000,40.00,177079
4158.000,4158.000,40.00,195108
4159.000,4159.000,40.00,214898
4160.000,4160.000,40.00,220255
4161.000,4161.000,40.00,232419
4163.000,4163.000,40.00,202736
4165.000,4165.000,40.00,131534
4166.000,4166.000,40.00,5756
4166.000,4166.000,67.00,5756
4167.000,4167.000,40.00,11255
4168.000,4168.000,40.00,21069
4170.000,4170.000,40.00,20847
4171.000,4171.000,40.00,18815
4172.000,4172.000,40.00,24494
4173.000,4173.000,40.00,105832
4174.000,4174.000,40.00,192536
4175.000,4175.000,40.00,233508
4177.000,4177.000,40.00,220764
4179.000,4179.000,40.00,185992
4180.000,4180.000,40.00,1
4180.000,4180.000,66.00,1
4181.000,4181.000,40.00,22080
4182.000,4182.000,40.00,139773
4183.000,4183.000,40.00,263588
4185.000,4185.000,40.00,279625
4186.000,4186.000,40.00,226728
4187.000,4187.000,40.00,268927
4188.000,4188.000,40.00,256941
4189.000,4189.000,40.00,275029
4190.000,4190.000,40.00,308964
4191.000,4191.000,40.00,298474
4192.000,4192.000,40.00,282479
4193.000,4193.000,40.00,0
4194.000,4194.000,68.00,0
4195.000,4195.000,40.00,8047
4196.000,4196.000,40.00,24465
4197.000,4197.000,40.00,31736
4198.000,4198.000,40.00,154025
4199.000,4199.000,40.00,170408
4200.000,4200.000,40.00,176965
4202.000,4202.000,40.00,137501
4203.000,4203.000,40.00,159147
4204.000,4204.000,40.00,170647
4205.000,4205.000,40.00,168406
4206.000,4206.000,40.00,170532
4207.000,4207.000,40.00,0
4208.000,4208.000,67.00,0
4209.000,4209.000,40.00,53001
4210.000,4210.000,40.00,242717
4211.000,4211.000,40.00,304590
4212.000,4212.000,40.00,303060
4213.000,4213.000,40.00,282036
4214.000,4214.000,40.00,180593
4215.000,4215.000,40.00,213707
4216.000,4216.000,40.00,257816
4217.000,4217.000,40.00,257751
4219.000,4219.000,40.00,197664
4221.000,4221.000,40.00,16912
4222.000,4222.000,68.00,16912
4222.000,4222.000,40.00,6462
4223.000,4223.000,40.00,230422
4224.000,4224.000,40.00,277926
4225.000,4225.000,40.00,274688
4227.000,4227.000,40.00,293894
4228.000,4228.000,40.00,184135
4229.000,4229.000,40.00,201911
4230.000,4230.000,40.00,200704
4231.000,4231.000,40.00,192759
4232.000,4232.000,40.00,204516
4233.000,4233.000,40.00,205448
4234.000,4234.000,40.00,151044
4235.000,4235.000,68.00,151044
4236.000,4236.000,40.00,2820
4237.000,4237.000,40.00,50409
4238.000,4238.000,40.00,193236
4239.000,4239.000,40.00,214019
4240.000,4240.000,40.00,253003
4241.000,4241.000,40.00,199168
4243.000,4243.000,40.00,177835
4244.000,4244.000,40.00,227361
4245.000,4245.000,40.00,164886
4246.000,4246.000,40.00,149572
4248.000,4248.000,40.00,111527
4249.000,4249.000,66.00,2233
4249.000,4249.000,40.00,2233
4251.000,4251.000,40.00,19907
4252.000,4252.000,40.00,21639
4253.000,4253.000,40.00,20717
4254.000,4254.000,40.00,55076
4255.000,4255.000,40.00,216076
4256.000,4256.000,40.00,188260
4258.000,4258.000,40.00,192201
4259.000,4259.000,40.00,142608
4260.000,4260.000,40.00,178177
4262.000,4262.000,40.00,52629
4263.000,4263.000,67.00,52629
4263.000,4263.000,40.00,332
4265.000,4265.000,40.00,18368
4266.000,4266.000,40.00,42215
4267.000,4267.000,40.00,105287
4268.000,4268.000,40.00,116037
4269.000,4269.000,40.00,98365
4270.000,4270.000,40.00,97579
4272.000,4272.000,40.00,142046
4273.000,4273.000,40.00,200521
4274.000,4274.000,40.00,205366
4276.000,4276.000,40.00,103212
4277.000,4277.000,68.00,103212
4277.000,4277.000,40.00,335
4278.000,4278.000,40.00,58954
4280.000,4280.000,40.00,112321
4281.000,4281.000,40.00,145734
4282.000,4282.000,40.00,123031
4283.000,4283.000,40.00,139714
4284.000,4284.000,40.00,136130
4285.000,4285.000,40.00,154591
4287.000,4287.000,40.00,145964
4288.000,4288.000,40.00,154795
4290.000,4290.000,40.00,40997
4291.000,4291.000,67.00,40997
4291.000,4291.000,40.00,871
4292.000,4292.000,40.00,69545
4294.000,4294.000,40.00,65979
4295.000,4295.000,40.00,86648
4296.000,4296.000,40.00,75123
4297.000,4297.000,40.00,80963
4298.000,4298.000,40.00,92943
4299.000,4299.000,40.00,97241
4301.000,4301.000,40.00,87995
4302.000,4302.000,40.00,77844
4303.000,4303.000,40.00,72826
4304.000,4304.000,40.00,7155
4305.000,4305.000,65.00,7155
4305.000,4305.000,40.00,4038
4306.000,4306.000,40.00,62823
4308.000,4308.000,40.00,79166
4309.000,4309.000,40.00,95592
4310.000,4310.000,40.00,89807
4311.000,4311.000,40.00,74213
4312.000,4312.000,40.00,76722
4313.000,4313.000,40.00,61732
4315.000,4315.000,40.00,69815
4316.000,4316.000,40.00,71939
4317.000,4317.000,40.00,65460
4317.000,4317.000,40.00,65460
4318.000,4318.000,40.00,0
4319.000,4319.000,66.00,0
4319.000,4319.000,40.00,5761
4320.000,4320.000,40.00,14816
4322.000,4322.000,40.00,15473
4323.000,4323.000,40.00,16872
4324.000,4324.000,40.00,16412
4325.000,4325.000,40.00,14843
4326.000,4326.000,40.00,14464
4327.000,4327.000,40.00,15112
4329.000,4329.000,40.00,15762
4330.000,4330.000,40.00,16076
4331.000,4331.000,40.00,11515
4332.000,4332.000,40.00,1
4332.000,4332.000,66.00,1
4333.000,4333.000,40.00,6299
4334.000,4334.000,40.00,14828
4335.000,4335.000,40.00,14533
4337.000,4337.000,40.00,14586
4338.000,4338.000,40.00,14238
4339.000,4339.000,40.00,40447
4340.000,4340.000,40.00,35507
4341.000,4341.000,40.00,34149
4342.000,4342.000,40.00,63614
4345.000,4345.000,40.00,64538
4346.000,4346.000,40.00,1
4346.000,4346.000,65.00,1
4347.000,4347.000,40.00,21359
4348.000,4348.000,40.00,41889
4349.000,4349.000,40.00,34620
4351.000,4351.000,40.00,35412
4352.000,4352.000,40.00,35487
4353.000,4353.000,40.00,46905
4354.000,4354.000,40.00,42757
4355.000,4355.000,40.00,33815
4356.000,4356.000,40.00,36736
4359.000,4359.000,40.00,33966
4360.000,4360.000,40.00,2
4360.000,4360.000,67.00,2
4361.000,4361.000,40.00,7061
4362.000,4362.000,40.00,17911
4363.000,4363.000,40.00,27982
4365.000,4365.000,40.00,19572
4366.000,4366.000,40.00,29661
4367.000,4367.000,40.00,28711
4368.000,4368.000,40.00,31333
4369.000,4369.000,40.00,41172
4370.000,4370.000,40.00,36129
4373.000,4373.000,40.00,28505
4374.000,4374.000,40.00,1
4374.000,4374.000,66.00,1
4375.000,4375.000,40.00,9370
4376.000,4376.000,40.00,11570
4377.000,4377.000,40.00,20527
4378.000,4378.000,40.00,26971
4379.000,4379.000,40.00,25312
4381.000,4381.000,40.00,34000
4382.000,4382.000,40.00,28791
4383.000,4383.000,40.00,22871
4384.000,4384.000,40.00,20079
4385.000,4385.000,40.00,30048
4386.000,4386.000,40.00,21926
4387.000,4387.000,40.00,7883
4388.000,4388.000,71.00,7883
4389.000,4389.000,40.00,8574
4390.000,4390.000,40.00,29597
4391.000,4391.000,40.00,68504
4392.000,4392.000,40.00,80370
4393.000,4393.000,40.00,77695
4394.000,4394.000,40.00,63526
4396.000,4396.000,40.00,81071
4397.000,4397.000,40.00,54609
4398.000,4398.000,40.00,10093
4399.000,4399.000,40.00,12017
4400.000,4400.000,40.00,25021
4401.000,4401.000,40.00,3258
4402.000,4402.000,91.00,3258
4403.000,4403.000,40.00,2824
4404.000,4404.000,40.00,7178
4405.000,4405.000,40.00,6664
4406.000,4406.000,40.00,9608
4407.000,4407.000,40.00,6955
4408.000,4408.000,40.00,7902
4409.000,4409.000,40.00,10991
4411.000,4411.000,40.00,27890
4412.000,4412.000,40.00,27111
4413.000,4413.000,40.00,20577
4414.000,4414.000,40.00,20081
4415.000,4415.000,40.00,1
4416.000,4416.000,77.00,1
4416.000,4416.000,40.00,3129
4418.000,4418.000,40.00,11374
4419.000,4419.000,40.00,12247
4420.000,4420.000,40.00,7202
4421.000,4421.000,40.00,5962
4422.000,4422.000,40.00,5097
4423.000,4423.000,40.00,4082
4424.000,4424.000,40.00,9403
4426.000,4426.000,40.00,8958
4427.000,4427.000,40.00,9531
4428.000,4428.000,40.00,7489
4429.000,4429.000,40.00,4480
4429.000,4429.000,103.00,4480
4430.000,4430.000,40.00,3420
4431.000,4431.000,40.00,7852
4433.000,4433.000,40.00,8353
4434.000,4434.000,40.00,7123
4435.000,4435.000,40.00,6007
4436.000,4436.000,40.00,8656
4437.000,4437.000,40.00,13386
4438.000,4438.000,40.00,1156
4439.000,4439.000,40.00,20825
4441.000,4441.000,40.00,32796
4442.000,4442.000,40.00,35875
4443.000,4443.000,40.00,1
4443.000,4443.000,66.00,1
4444.000,4444.000,40.00,11090
4445.000,4445.000,40.00,22992
4447.000,4447.000,40.00,130139
4448.000,4448.000,40.00,219780
4449.000,4449.000,40.00,224860
4450.000,4450.000,40.00,184015
4451.000,4451.000,40.00,181209
4452.000,4452.000,40.00,207342
4453.000,4453.000,40.00,203665
4456.000,4456.000,40.00,159447
4457.000,4457.000,40.00,5409
4457.000,4457.000,66.00,5409
4458.000,4458.000,40.00,35396
4459.000,4459.000,40.00,209353
4460.000,4460.000,40.00,228811
4461.000,4461.000,40.00,224932
4463.000,4463.000,40.00,193048
4464.000,4464.000,40.00,173063
4465.000,4465.000,40.00,165864
4466.000,4466.000,40.00,142158
4467.000,4467.000,40.00,142686
4468.000,4468.000,40.00,157132
4470.000,4470.000,40.00,150226
4471.000,4471.000,40.00,1
4471.000,4471.000,68.00,1
4472.000,4472.000,40.00,10748
4473.000,4473.000,40.00,94473
4474.000,4474.000,40.00,241567
4475.000,4475.000,40.00,272470
4477.000,4477.000,40.00,200545
4478.000,4478.000,40.00,232055
4479.000,4479.000,40.00,222613
4480.000,4480.000,40.00,183428
4481.000,4481.000,40.00,157651
4482.000,4482.000,40.00,166907
4483.000,4483.000,40.00,159099
4485.000,4485.000,40.00,0
4485.000,4485.000,66.00,0
4486.000,4486.000,40.00,85050
4487.000,4487.000,40.00,231913
4488.000,4488.000,40.00,245293
4489.000,4489.000,40.00,202241
4490.000,4490.000,40.00,198020
4491.000,4491.000,40.00,183068
4492.000,4492.000,40.00,208136
4494.000,4494.000,40.00,211817
4495.000,4495.000,40.00,219292
4496.000,4496.000,40.00,182006
4497.000,4497.000,40.00,207018
4497.000,4497.000,40.00,207018
4498.000,4498.000,40.00,0
4499.000,4499.000,68.00,0
4499.000,4499.000,40.00,27380
4500.000,4500.000,40.00,235523
4502.000,4502.000,40.00,237379
4503.000,4503.000,40.00,170106
4504.000,4504.000,40.00,177315
4505.000,4505.000,40.00,193195
4506.000,4506.000,40.00,190078
4507.000,4507.000,40.00,188751
4509.000,4509.000,40.00,159274
4510.000,4510.000,40.00,164852
4512.000,4512.000,40.00,6848
4513.000,4513.000,70.00,6848
4513.000,4513.000,40.00,22353
4514.000,4514.000,40.00,214819
4516.000,4516.000,40.00,279076
4517.000,4517.000,40.00,267592
4518.000,4518.000,40.00,269441
4519.000,4519.000,40.00,249659
4520.000,4520.000,40.00,224319
4521.000,4521.000,40.00,224964
4522.000,4522.000,40.00,245677
4523.000,4523.000,40.00,219531
4526.000,4526.000,40.00,115917
4527.000,4527.000,68.00,115917
4527.000,4527.000,40.00,334
4528.000,4528.000,40.00,111933
4529.000,4529.000,40.00,232761
4530.000,4530.000,40.00,237544
4531.000,4531.000,40.00,266271
4533.000,4533.000,40.00,209256
4534.000,4534.000,40.00,238900
4535.000,4535.000,40.00,225480
4536.000,4536.000,40.00,236297
4537.000,4537.000,40.00,237239
4538.000,4538.000,40.00,239390
4539.000,4539.000,40.00,178748
4540.000,4540.000,66.00,2
4540.000,4540.000,40.00,2
4542.000,4542.000,40.00,118579
4543.000,4543.000,40.00,265421
4544.000,4544.000,40.00,283803
4545.000,4545.000,40.00,243402
4546.000,4546.000,40.00,214170
4547.000,4547.000,40.00,222656
4548.000,4548.000,40.00,208962
4549.000,4549.000,40.00,235061
4550.000,4550.000,40.00,248989
4553.000,4553.000,40.00,161993
4554.000,4554.000,40.00,2
4554.000,4554.000,68.00,2
4555.000,4555.000,40.00,14904
4556.000,4556.000,40.00,107906
4557.000,4557.000,40.00,274696
4558.000,4558.000,40.00,254696
4559.000,4559.000,40.00,244399
4561.000,4561.000,40.00,206921
4562.000,4562.000,40.00,221957
4563.000,4563.000,40.00,219298
4564.000,4564.000,40.00,230027
4565.000,4565.000,40.00,229429
4567.000,4567.000,40.00,8946
4568.000,4568.000,91.00,8946
4569.000,4569.000,40.00,2158
4570.000,4570.000,40.00,15330
4571.000,4571.000,40.00,32481
4572.000,4572.000,40.00,36485
4573.000,4573.000,40.00,33926
4574.000,4574.000,40.00,24438
4575.000,4575.000,40.00,22617
4577.000,4577.000,40.00,23055
4578.000,4578.000,40.00,28714
4579.000,4579.000,40.00,31241
4581.000,4581.000,40.00,3333
4582.000,4582.000,89.00,3333
4582.000,4582.000,40.00,701
4584.000,4584.000,40.00,13369
4585.000,4585.000,40.00,28381
4586.000,4586.000,40.00,39651
4587.000,4587.000,40.00,33235
4588.000,4588.000,40.00,25665
4589.000,4589.000,40.00,23259
4590.000,4590.000,40.00,11204
4592.000,4592.000,40.00,16811
4593.000,4593.000,40.00,26455
4595.000,4595.000,40.00,29467
4596.000,4596.000,143.00,29467
4596.000,4596.000,40.00,15621
4597.000,4597.000,40.00,11616
4599.000,4599.000,40.00,15091
4600.000,4600.000,40.00,24035
4601.000,4601.000,40.00,24420
4602.000,4602.000,40.00,44318
4603.000,4603.000,40.00,30865
4604.000,4604.000,40.00,18722
4605.000,4605.000,40.00,19690
4607.000,4607.000,40.00,31541
4609.000,4609.000,40.00,22
4610.000,4610.000,67.00,22
4610.000,4610.000,40.00,7363
4611.000,4611.000,40.00,93199
4613.000,4613.000,40.00,255638
4614.000,4614.000,40.00,208383
4615.000,4615.000,40.00,218137
4616.000,4616.000,40.00,190161
4617.000,4617.000,40.00,187470
4618.000,4618.000,40.00,221659
4619.000,4619.000,40.00,161096
4620.000,4620.000,40.00,174659
4623.000,4623.000,40.00,26475
4623.000,4623.000,67.00,26475
4624.000,4624.000,40.00,5216
4625.000,4625.000,40.00,104887
4626.000,4626.000,40.00,253518
4627.000,4627.000,40.00,211217
4629.000,4629.000,40.00,225012
4630.000,4630.000,40.00,206138
4631.000,4631.000,40.00,165630
4632.000,4632.000,40.00,165101
4633.000,4633.000,40.00,178816
4634.000,4634.000,40.00,181730
4637.000,4637.000,40.00,13067
4637.000,4637.000,70.00,13067
4638.000,4638.000,40.00,7886
4639.000,4639.000,40.00,81816
4640.000,4640.000,40.00,68740
4641.000,4641.000,40.00,56974
4643.000,4643.000,40.00,61598
4644.000,4644.000,40.00,69720
4645.000,4645.000,40.00,74990
4646.000,4646.000,40.00,82007
4647.000,4647.000,40.00,88482
4648.000,4648.000,40.00,92295
4650.000,4650.000,40.00,98315
4651.000,4651.000,40.00,3290
4651.000,4651.000,67.00,3290
4652.000,4652.000,40.00,25843
4653.000,4653.000,40.00,176939
4654.000,4654.000,40.00,171956
4656.000,4656.000,40.00,181742
4657.000,4657.000,40.00,248812
4658.000,4658.000,40.00,266839
4659.000,4659.000,40.00,220442
4660.000,4660.000,40.00,190329
4661.000,4661.000,40.00,180637
4662.000,4662.000,40.00,182767
4663.000,4663.000,40.00,192540
4665.000,4665.000,40.00,1596
4665.000,4665.000,66.00,1596
4666.000,4666.000,40.00,39945
4667.000,4667.000,40.00,202953
4668.000,4668.000,40.00,212800
4669.000,4669.000,40.00,184750
4670.000,4670.000,40.00,176721
4671.000,4671.000,40.00,187927
4673.000,4673.000,40.00,178749
4674.000,4674.000,40.00,175063
4675.000,4675.000,40.00,191059
4676.000,4676.000,40.00,191015
4678.000,4678.000,40.00,0
4679.000,4679.000,67.00,0
4680.000,4680.000,40.00,19739
4681.000,4681.000,40.00,175019
4682.000,4682.000,40.00,251207
4683.000,4683.000,40.00,230656
4684.000,4684.000,40.00,209078
4685.000,4685.000,40.00,222015
4686.000,4686.000,40.00,185706
4688.000,4688.000,40.00,181130
4689.000,4689.000,40.00,181519
4690.000,4690.000,40.00,191039
4692.000,4692.000,40.00,6704
4693.000,4693.000,66.00,6704
4693.000,4693.000,40.00,18967
4695.000,4695.000,40.00,164788
4696.000,4696.000,40.00,156187
4697.000,4697.000,40.00,145587
4698.000,4698.000,40.00,140586
4699.000,4699.000,40.00,88554
4700.000,4700.000,40.00,93690
4702.000,4702.000,40.00,99604
4703.000,4703.000,40.00,103068
4704.000,4704.000,40.00,108088
4705.000,4705.000,40.00,114670
4706.000,4706.000,40.00,1384
4707.000,4707.000,67.00,1384
4707.000,4707.000,40.00,44407
4709.000,4709.000,40.00,228551
4710.000,4710.000,40.00,183889
4711.000,4711.000,40.00,232343
4712.000,4712.000,40.00,203785
4713.000,4713.000,40.00,214224
4714.000,4714.000,40.00,173592
4715.000,4715.000,40.00,180767
4717.000,4717.000,40.00,163186
4718.000,4718.000,40.00,192746
4719.000,4719.000,40.00,172849
4720.000,4720.000,40.00,0
4720.000,4720.000,68.00,0
4721.000,4721.000,40.00,18516
4722.000,4722.000,40.00,172764
4724.000,4724.000,40.00,198769
4725.000,4725.000,40.00,153642
4726.000,4726.000,40.00,161588
4727.000,4727.000,40.00,169137
4728.000,4728.000,40.00,165415
4729.000,4729.000,40.00,172668
4730.000,4730.000,40.00,166873
4732.000,4732.000,40.00,169762
4733.000,4733.000,40.00,166802
4734.000,4734.000,40.00,0
4734.000,4734.000,67.00,0
4735.000,4735.000,40.00,12901
4736.000,4736.000,40.00,23271
4738.000,4738.000,40.00,22806
4739.000,4739.000,40.00,23814
4740.000,4740.000,40.00,23288
4741.000,4741.000,40.00,24355
4742.000,4742.000,40.00,22109
4743.000,4743.000,40.00,23737
4745.000,4745.000,40.00,22878
4747.000,4747.000,40.00,13758
4748.000,4748.000,40.00,2
4748.000,4748.000,67.00,2
4749.000,4749.000,40.00,14895
4751.000,4751.000,40.00,18996
4752.000,4752.000,40.00,19865
4753.000,4753.000,40.00,19876
4754.000,4754.000,40.00,20060
4755.000,4755.000,40.00,51750
4756.000,4756.000,40.00,161105
4758.000,4758.000,40.00,161357
4759.000,4759.000,40.00,148033
4761.000,4761.000,40.00,63355
4762.000,4762.000,66.00,63355
4762.000,4762.000,40.00,2
4763.000,4763.000,40.00,18402
4765.000,4765.000,40.00,18578
4766.000,4766.000,40.00,20176
4767.000,4767.000,40.00,20151
4768.000,4768.000,40.00,90659
4769.000,4769.000,40.00,203427
4770.000,4770.000,40.00,203196
4772.000,4772.000,40.00,200524
4773.000,4773.000,40.00,225912
4775.000,4775.000,40.00,71075
4776.000,4776.000,67.00,2
4776.000,4776.000,40.00,2
4777.000,4777.000,40.00,22596
4778.000,4778.000,40.00,23626
4780.000,4780.000,40.00,22336
4781.000,4781.000,40.00,23153
4782.000,4782.000,40.00,23719
4783.000,4783.000,40.00,23256
4784.000,4784.000,40.00,22408
4786.000,4786.000,40.00,22295
4787.000,4787.000,40.00,22959
4789.000,4789.000,40.00,686
4790.000,4790.000,68.00,686
4790.000,4790.000,40.00,4159
4792.000,4792.000,40.00,17897
4793.000,4793.000,40.00,17743
4794.000,4794.000,40.00,18385
4795.000,4795.000,40.00,17703
4796.000,4796.000,40.00,17607
4797.000,4797.000,40.00,17147
4799.000,4799.000,40.00,17184
4800.000,4800.000,40.00,17016
4801.000,4801.000,40.00,17211
4802.000,4802.000,40.00,14854
4803.000,4803.000,40.00,1
4804.000,4804.000,67.00,1
4805.000,4805.000,40.00,13036
4806.000,4806.000,40.00,23355
4807.000,4807.000,40.00,23560
4808.000,4808.000,40.00,25146
4809.000,4809.000,40.00,25052
4810.000,4810.000,40.00,61510
4812.000,4812.000,40.00,192249
4813.000,4813.000,40.00,182748
4814.000,4814.000,40.00,220103
4815.000,4815.000,40.00,225572
4816.000,4816.000,40.00,166183
4817.000,4817.000,40.00,1
4817.000,4817.000,66.00,1
4818.000,4818.000,40.00,15764
4820.000,4820.000,40.00,74868
4821.000,4821.000,40.00,83978
4822.000,4822.000,40.00,84663
4823.000,4823.000,40.00,81596
4824.000,4824.000,40.00,161615
4826.000,4826.000,40.00,163254
4827.000,4827.000,40.00,233834
4828.000,4828.000,40.00,236356
4829.000,4829.000,40.00,182024
4830.000,4830.000,40.00,146878
4831.000,4831.000,40.00,2
4831.000,4831.000,67.00,2
4832.000,4832.000,40.00,16707
4834.000,4834.000,40.00,62582
4835.000,4835.000,40.00,41081
4836.000,4836.000,40.00,35488
4837.000,4837.000,40.00,49112
4838.000,4838.000,40.00,50057
4839.000,4839.000,40.00,32091
4841.000,4841.000,40.00,31932
4842.000,4842.000,40.00,43750
4844.000,4844.000,40.00,25477
4845.000,4845.000,70.00,25477
4845.000,4845.000,40.00,2
4847.000,4847.000,40.00,17916
4848.000,4848.000,40.00,34876
4849.000,4849.000,40.00,34744
4850.000,4850.000,40.00,57789
4851.000,4851.000,40.00,104503
4852.000,4852.000,40.00,151591
4854.000,4854.000,40.00,155573
4855.000,4855.000,40.00,159897
4856.000,4856.000,40.00,186304
4858.000,4858.000,40.00,104929
4859.000,4859.000,66.00,104929
4859.000,4859.000,40.00,114
4861.000,4861.000,40.00,42897
4862.000,4862.000,40.00,124867
4863.000,4863.000,40.00,122121
4864.000,4864.000,40.00,116619
4865.000,4865.000,40.00,129269
4866.000,4866.000,40.00,136248
4868.000,4868.000,40.00,142822
4869.000,4869.000,40.00,97328
4870.000,4870.000,40.00,132067
4872.000,4872.000,40.00,34105
4873.000,4873.000,67.00,34105
4873.000,4873.000,40.00,2618
4874.000,4874.000,40.00,64594
4876.000,4876.000,40.00,102477
4877.000,4877.000,40.00,88666
4878.000,4878.000,40.00,99634
4879.000,4879.000,40.00,90775
4880.000,4880.000,40.00,76777
4882.000,4882.000,40.00,81312
4883.000,4883.000,40.00,90648
4884.000,4884.000,40.00,95241
4886.000,4886.000,40.00,9308
4887.000,4887.000,71.00,9308
4887.000,4887.000,40.00,8384
4888.000,4888.000,40.00,51104
4890.000,4890.000,40.00,58064
4891.000,4891.000,40.00,71495
4892.000,4892.000,40.00,63141
4893.000,4893.000,40.00,69375
4894.000,4894.000,40.00,60551
4895.000,4895.000,40.00,68512
4897.000,4897.000,40.00,57668
4898.000,4898.000,40.00,51130
4900.000,4900.000,40.00,20623
4901.000,4901.000,67.00,20623
4901.000,4901.000,40.00,11777
4902.000,4902.000,40.00,37447
4903.000,4903.000,40.00,52002
4905.000,4905.000,40.00,52795
4906.000,4906.000,40.00,43296
4907.000,4907.000,40.00,35937
4908.000,4908.000,40.00,31516
4909.000,4909.000,40.00,40678
4910.000,4910.000,40.00,37148
4912.000,4912.000,40.00,42720
4914.000,4914.000,40.00,25820
4914.000,4914.000,68.00,25820
4915.000,4915.000,40.00,9612
4916.000,4916.000,40.00,45300
4917.000,4917.000,40.00,48640
4919.000,4919.000,40.00,43067
4920.000,4920.000,40.00,35696
4921.000,4921.000,40.00,33153
4922.000,4922.000,40.00,39753
4923.000,4923.000,40.00,42475
4924.000,4924.000,40.00,39142
4926.000,4926.000,40.00,29751
4927.000,4927.000,40.00,38794
4928.000,4928.000,40.00,19784
4928.000,4928.000,66.00,19784
4929.000,4929.000,40.00,15539
4930.000,4930.000,40.00,38569
4931.000,4931.000,40.00,39918
4933.000,4933.000,40.00,35973
4934.000,4934.000,40.00,30631
4935.000,4935.000,40.00,33756
4936.000,4936.000,40.00,30693
4937.000,4937.000,40.00,35634
4938.000,4938.000,40.00,38985
4939.000,4939.000,40.00,39082
4941.000,4941.000,40.00,38447
4942.000,4942.000,40.00,23307
4942.000,4942.000,71.00,23307
4943.000,4943.000,40.00,13193
4944.000,4944.000,40.00,22378
4945.000,4945.000,40.00,28016
4946.000,4946.000,40.00,27768
4948.000,4948.000,40.00,28260
4949.000,4949.000,40.00,19998
4950.000,4950.000,40.00,29161
4951.000,4951.000,40.00,33740
4952.000,4952.000,40.00,28069
4953.000,4953.000,40.00,28111
4955.000,4955.000,40.00,25186
4956.000,4956.000,40.00,0
4956.000,4956.000,67.00,0
4957.000,4957.000,40.00,10000
4958.000,4958.000,40.00,22309
4959.000,4959.000,40.00,26825
4960.000,4960.000,40.00,28320
4961.000,4961.000,40.00,31328
4963.000,4963.000,40.00,27175
4964.000,4964.000,40.00,40493
4965.000,4965.000,40.00,26119
4966.000,4966.000,40.00,31117
4967.000,4967.000,40.00,34305
4968.000,4968.000,40.00,24181
4969.000,4969.000,40.00,10812
4970.000,4970.000,68.00,10812
4971.000,4971.000,40.00,7194
4972.000,4972.000,40.00,15579
4973.000,4973.000,40.00,30003
4974.000,4974.000,40.00,29608
4975.000,4975.000,40.00,44917
4976.000,4976.000,40.00,48202
4978.000,4978.000,40.00,36086
4979.000,4979.000,40.00,36654
4980.000,4980.000,40.00,45057
4981.000,4981.000,40.00,43571
4982.000,4982.000,40.00,46158
4983.000,4983.000,40.00,274
4984.000,4984.000,70.00,274
4984.000,4984.000,40.00,9952
4986.000,4986.000,40.00,17221
4987.000,4987.000,40.00,16473
4988.000,4988.000,40.00,24128
4989.000,4989.000,40.00,63451
4990.000,4990.000,40.00,63526
4991.000,4991.000,40.00,74015
4993.000,4993.000,40.00,78238
4994.000,4994.000,40.00,76824
4995.000,4995.000,40.00,61444
4996.000,4996.000,40.00,72079
4997.000,4997.000,40.00,2
4998.000,4998.000,66.00,2
4998.000,4998.000,40.00,18394
5000.000,5000.000,40.00,74072
5001.000,5001.000,40.00,57779
5002.000,5002.000,40.00,62508
5003.000,5003.000,40.00,66146
5004.000,5004.000,40.00,82966
5005.000,5005.000,40.00,69917
5007.000,5007.000,40.00,74479
5008.000,5008.000,40.00,85003
5009.000,5009.000,40.00,78594
5010.000,5010.000,40.00,90314
5011.000,5011.000,40.00,1
5011.000,5011.000,67.00,1
5012.000,5012.000,40.00,35736
5014.000,5014.000,40.00,67899
5015.000,5015.000,40.00,68553
5016.000,5016.000,40.00,74646
5017.000,5017.000,40.00,89205
5018.000,5018.000,40.00,85875
5019.000,5019.000,40.00,88154
5021.000,5021.000,40.00,76380
5022.000,5022.000,40.00,75928
5024.000,5024.000,40.00,44970
5025.000,5025.000,66.00,2
5025.000,5025.000,40.00,2
5026.000,5026.000,40.00,82486
5028.000,5028.000,40.00,82383
5029.000,5029.000,40.00,95057
5030.000,5030.000,40.00,90008
5031.000,5031.000,40.00,94440
5032.000,5032.000,40.00,71335
5033.000,5033.000,40.00,79659
5035.000,5035.000,40.00,90455
5036.000,5036.000,40.00,73690
5038.000,5038.000,40.00,83843
5039.000,5039.000,67.00,83843
5039.000,5039.000,40.00,13424
5040.000,5040.000,40.00,17315
5042.000,5042.000,40.00,16915
5043.000,5043.000,40.00,44774
5044.000,5044.000,40.00,54328
5045.000,5045.000,40.00,80622
5046.000,5046.000,40.00,72710
5047.000,5047.000,40.00,91841
5049.000,5049.000,40.00,95336
5050.000,5050.000,40.00,74959
5052.000,5052.000,40.00,91803
5053.000,5053.000,67.00,91803
5053.000,5053.000,40.00,335
5054.000,5054.000,40.00,21353
5056.000,5056.000,40.00,58191
5057.000,5057.000,40.00,86659
5058.000,5058.000,40.00,75232
5059.000,5059.000,40.00,66838
5060.000,5060.000,40.00,68596
5061.000,5061.000,40.00,54241
5063.000,5063.000,40.00,50300
5064.000,5064.000,40.00,52232
5066.000,5066.000,40.00,17085
5067.000,5067.000,67.00,17085
5067.000,5067.000,40.00,3783
5068.000,5068.000,40.00,22033
5069.000,5069.000,40.00,20067
5071.000,5071.000,40.00,20166
5072.000,5072.000,40.00,18235
5073.000,5073.000,40.00,17787
5074.000,5074.000,40.00,27078
5075.000,5075.000,40.00,51234
5076.000,5076.000,40.00,56413
5078.000,5078.000,40.00,62085
5080.000,5080.000,40.00,19700
5081.000,5081.000,69.00,19700
5081.000,5081.000,40.00,1345
5082.000,5082.000,40.00,17572
5083.000,5083.000,40.00,18157
5084.000,5084.000,40.00,15946
5086.000,5086.000,40.00,16485
5087.000,5087.000,40.00,15952
5088.000,5088.000,40.00,18019
5089.000,5089.000,40.00,19464
5090.000,5090.000,40.00,19452
5091.000,5091.000,40.00,17453
5094.000,5094.000,40.00,4593
5094.000,5094.000,67.00,4593
5095.000,5095.000,40.00,1025
5096.000,5096.000,40.00,18237
5097.000,5097.000,40.00,18847
5098.000,5098.000,40.00,16775
5099.000,5099.000,40.00,18619
5101.000,5101.000,40.00,18441
5102.000,5102.000,40.00,19433
5103.000,5103.000,40.00,17978
5104.000,5104.000,40.00,18440
5105.000,5105.000,40.00,17668
5106.000,5106.000,40.00,17937
5108.000,5108.000,40.00,3508
5108.000,5108.000,67.00,3508
5109.000,5109.000,40.00,423
5110.000,5110.000,40.00,15304
5111.000,5111.000,40.00,16888
5112.000,5112.000,40.00,13424
5113.000,5113.000,40.00,15457
5114.000,5114.000,40.00,15984
5116.000,5116.000,40.00,23993
5117.000,5117.000,40.00,55434
5118.000,5118.000,40.00,46581
5119.000,5119.000,40.00,44417
5121.000,5121.000,40.00,43966
5122.000,5122.000,68.00,43966
5123.000,5123.000,40.00,2114
5124.000,5124.000,40.00,30914
5125.000,5125.000,40.00,37994
5126.000,5126.000,40.00,60274
5127.000,5127.000,40.00,56101
5128.000,5128.000,40.00,48946
5130.000,5130.000,40.00,49580
5131.000,5131.000,40.00,50298
5132.000,5132.000,40.00,40069
5133.000,5133.000,40.00,47603
5135.000,5135.000,40.00,25297
5136.000,5136.000,66.00,25297
5137.000,5137.000,40.00,1043
5138.000,5138.000,40.00,19617
5139.000,5139.000,40.00,17256
5140.000,5140.000,40.00,16099
5141.000,5141.000,40.00,18668
5142.000,5142.000,40.00,38684
5143.000,5143.000,40.00,50781
5145.000,5145.000,40.00,46773
5146.000,5146.000,40.00,54435
5147.000,5147.000,40.00,48040
5149.000,5149.000,40.00,41344
5150.000,5150.000,221.00,41344
5150.000,5150.000,40.00,19647
5152.000,5152.000,40.00,14175
5153.000,5153.000,40.00,14307
5154.000,5154.000,40.00,14865
5155.000,5155.000,40.00,14293
5156.000,5156.000,40.00,15830
5157.000,5157.000,40.00,15504
5158.000,5158.000,40.00,14137
5160.000,5160.000,40.00,13529
5161.000,5161.000,40.00,11540
5163.000,5163.000,40.00,3719
5164.000,5164.000,66.00,3719
5164.000,5164.000,40.00,3
5165.000,5165.000,40.00,18423
5167.000,5167.000,40.00,40178
5168.000,5168.000,40.00,47391
5169.000,5169.000,40.00,49719
5170.000,5170.000,40.00,43140
5171.000,5171.000,40.00,46329
5172.000,5172.000,40.00,48473
5173.000,5173.000,40.00,46405
5175.000,5175.000,40.00,48853
5177.000,5177.000,40.00,21655
5178.000,5178.000,66.00,21655
5178.000,5178.000,40.00,114
5179.000,5179.000,40.00,19432
5180.000,5180.000,40.00,34077
5182.000,5182.000,40.00,20928
5183.000,5183.000,40.00,33144
5184.000,5184.000,40.00,30446
5185.000,5185.000,40.00,34205
5186.000,5186.000,40.00,30345
5187.000,5187.000,40.00,35749
5189.000,5189.000,40.00,37516
5191.000,5191.000,40.00,6728
5192.000,5192.000,66.00,6728
5192.000,5192.000,40.00,114
5193.000,5193.000,40.00,43282
5194.000,5194.000,40.00,40088
5196.000,5196.000,40.00,41225
5197.000,5197.000,40.00,45721
5198.000,5198.000,40.00,45061
5199.000,5199.000,40.00,43801
5200.000,5200.000,40.00,43012
5201.000,5201.000,40.00,41264
5203.000,5203.000,40.00,40294
5205.000,5205.000,40.00,30610
5206.000,5206.000,67.00,30610
5206.000,5206.000,40.00,774
5207.000,5207.000,40.00,22585
5208.000,5208.000,40.00,34058
5209.000,5209.000,40.00,43032
5211.000,5211.000,40.00,38548
5212.000,5212.000,40.00,41558
5213.000,5213.000,40.00,47352
5214.000,5214.000,40.00,38207
5215.000,5215.000,40.00,31841
5216.000,5216.000,40.00,38864
5219.000,5219.000,40.00,30655
5219.000,5219.000,66.00,30655
5220.000,5220.000,40.00,718
5221.000,5221.000,40.00,41093
5222.000,5222.000,40.00,40340
5223.000,5223.000,40.00,40102
5224.000,5224.000,40.00,35362
5226.000,5226.000,40.00,39265
5227.000,5227.000,40.00,42666
5228.000,5228.000,40.00,37905
5229.000,5229.000,40.00,36894
5230.000,5230.000,40.00,44539
5231.000,5231.000,40.00,36305
5233.000,5233.000,40.00,32272
5233.000,5233.000,68.00,32272
5234.000,5234.000,40.00,1705
5235.000,5235.000,40.00,12591
5236.000,5236.000,40.00,18153
5237.000,5237.000,40.00,31629
5238.000,5238.000,40.00,26355
5239.000,5239.000,40.00,23986
5241.000,5241.000,40.00,27283
5242.000,5242.000,40.00,27826
5243.000,5243.000,40.00,28462
5244.000,5244.000,40.00,36594
5246.000,5246.000,40.00,2503
5247.000,5247.000,68.00,2503
5248.000,5248.000,40.00,744
5249.000,5249.000,40.00,28227
5250.000,5250.000,40.00,27643
5251.000,5251.000,40.00,33428
5252.000,5252.000,40.00,31561
5254.000,5254.000,40.00,32662
5255.000,5255.000,40.00,35319
5256.000,5256.000,40.00,28419
5257.000,5257.000,40.00,32771
5258.000,5258.000,40.00,27201
5260.000,5260.000,40.00,9345
5261.000,5261.000,66.00,9345
5262.000,5262.000,40.00,2184
5263.000,5263.000,40.00,16277
5264.000,5264.000,40.00,28703
5265.000,5265.000,40.00,31239
5266.000,5266.000,40.00,36379
5267.000,5267.000,40.00,26782
5269.000,5269.000,40.00,23690
5270.000,5270.000,40.00,26672
5271.000,5271.000,40.00,30100
5272.000,5272.000,40.00,30093
5273.000,5273.000,40.00,29368
5274.000,5274.000,40.00,15907
5275.000,5275.000,66.00,15907
5275.000,5275.000,40.00,7538
5277.000,5277.000,40.00,38553
5278.000,5278.000,40.00,28864
5279.000,5279.000,40.00,33852
5280.000,5280.000,40.00,26578
5281.000,5281.000,40.00,22479
5282.000,5282.000,40.00,21978
5284.000,5284.000,40.00,21097
5285.000,5285.000,40.00,17062
5286.000,5286.000,40.00,13306
5288.000,5288.000,40.00,15711
5289.000,5289.000,67.00,15711
5289.000,5289.000,40.00,1609
5290.000,5290.000,40.00,11194
5292.000,5292.000,40.00,9118
5293.000,5293.000,40.00,9680
5294.000,5294.000,40.00,8120
5295.000,5295.000,40.00,8755
5296.000,5296.000,40.00,6571
5297.000,5297.000,40.00,3456
5298.000,5298.000,40.00,603
5300.000,5300.000,40.00,1840
5302.000,5302.000,40.00,3378
5303.000,5303.000,40.00,0
5304.000,5304.000,77.00,0
5304.000,5304.000,40.00,602
5305.000,5305.000,40.00,2232
5307.000,5307.000,40.00,1993
5308.000,5308.000,40.00,1610
5309.000,5309.000,40.00,848
5310.000,5310.000,40.00,2013
5311.000,5311.000,40.00,6373
5312.000,5312.000,40.00,16316
5314.000,5314.000,40.00,20980
5315.000,5315.000,40.00,14049
5316.000,5316.000,40.00,14049
5317.000,5317.000,40.00,4466
5318.000,5318.000,69.00,4466
5318.000,5318.000,40.00,2898
5319.000,5319.000,40.00,5543
5321.000,5321.000,40.00,6751
5322.000,5322.000,40.00,7711
5323.000,5323.000,40.00,10798
5324.000,5324.000,40.00,9463
5325.000,5325.000,40.00,13017
5326.000,5326.000,40.00,3638
5328.000,5328.000,40.00,4796
5329.000,5329.000,40.00,7536
5330.000,5330.000,40.00,5037
5331.000,5331.000,40.00,1781
5332.000,5332.000,40.00,2
5332.000,5332.000,84.00,2
5333.000,5333.000,40.00,2641
5334.000,5334.000,40.00,2739
5336.000,5336.000,40.00,1270
5337.000,5337.000,40.00,3277
5338.000,5338.000,40.00,3364
5339.000,5339.000,40.00,1933
5340.000,5340.000,40.00,3739
5341.000,5341.000,40.00,9014
5343.000,5343.000,40.00,6110
5345.000,5345.000,40.00,1921
5346.000,5346.000,90.00,222
5346.000,5346.000,40.00,222
5347.000,5347.000,40.00,2224
5348.000,5348.000,40.00,1516
5350.000,5350.000,40.00,1783
5351.000,5351.000,40.00,2000
5352.000,5352.000,40.00,1738
5353.000,5353.000,40.00,453
5354.000,5354.000,40.00,1282
5355.000,5355.000,40.00,1116
5357.000,5357.000,40.00,354
5359.000,5359.000,40.00,190
5360.000,5360.000,40.00,534
5361.000,5361.000,562.00,534
5361.000,5361.000,40.00,4
5363.000,5363.000,40.00,857
5364.000,5364.000,40.00,1610
5365.000,5365.000,40.00,784
5366.000,5366.000,40.00,212
5367.000,5367.000,40.00,934
5368.000,5368.000,40.00,970
5370.000,5370.000,40.00,625
5371.000,5371.000,40.00,704
5372.000,5372.000,40.00,1145
5373.000,5373.000,40.00,636
5374.000,5374.000,40.00,223
5375.000,5375.000,280.00,223
5376.000,5376.000,40.00,3
5377.000,5377.000,40.00,300
5378.000,5378.000,40.00,55
5379.000,5379.000,40.00,190
5380.000,5380.000,40.00,469
5381.000,5381.000,40.00,424
5383.000,5383.000,40.00,234
5384.000,5384.000,40.00,55
5385.000,5385.000,40.00,89
5386.000,5386.000,40.00,212
5387.000,5387.000,40.00,44
5389.000,5389.000,40.00,13
5389.000,5389.000,81.00,13
5390.000,5390.000,40.00,68
5391.000,5391.000,40.00,0
5392.000,5392.000,40.00,123
5393.000,5393.000,40.00,100
5394.000,5394.000,40.00,4258
5396.000,5396.000,40.00,12825
5397.000,5397.000,40.00,21732
5398.000,5398.000,40.00,29237
5399.000,5399.000,40.00,35352
5400.000,5400.000,40.00,43451
5402.000,5402.000,40.00,21678
5402.000,5402.000,67.00,21678
5403.000,5403.000,40.00,3
5404.000,5404.000,40.00,31817
5405.000,5405.000,40.00,209360
5406.000,5406.000,40.00,205614
5407.000,5407.000,40.00,231194
5408.000,5408.000,40.00,233045
5409.000,5409.000,40.00,239088
5410.000,5410.000,40.00,248936
5412.000,5412.000,40.00,181910
5413.000,5413.000,40.00,158963
5414.000,5414.000,40.00,165119
5415.000,5415.000,40.00,165119
5415.000,5415.000,40.00,105998
5416.000,5416.000,40.00,2
5416.000,5416.000,66.00,2
5417.000,5417.000,40.00,20351
5419.000,5419.000,40.00,25530
5420.000,5420.000,40.00,25265
5421.000,5421.000,40.00,29283
5422.000,5422.000,40.00,169337
5423.000,5423.000,40.00,156271
5424.000,5424.000,40.00,198410
5425.000,5425.000,40.00,208858
5426.000,5426.000,40.00,193187
5427.000,5427.000,40.00,191140
5429.000,5429.000,40.00,207541
5430.000,5430.000,40.00,0
5430.000,5430.000,69.00,0
5431.000,5431.000,40.00,89334
5432.000,5432.000,40.00,204772
5433.000,5433.000,40.00,242927
5434.000,5434.000,40.00,229394
5435.000,5435.000,40.00,245641
5436.000,5436.000,40.00,238950
5438.000,5438.000,40.00,239357
5439.000,5439.000,40.00,175622
5440.000,5440.000,40.00,204330
5441.000,5441.000,40.00,212568
5443.000,5443.000,40.00,10161
5444.000,5444.000,69.00,10161
5444.000,5444.000,40.00,1610
5446.000,5446.000,40.00,17450
5447.000,5447.000,40.00,19348
5448.000,5448.000,40.00,17839
5449.000,5449.000,40.00,20246
5450.000,5450.000,40.00,87138
5452.000,5452.000,40.00,247214
5453.000,5453.000,40.00,263443
5454.000,5454.000,40.00,227342
5455.000,5455.000,40.00,232000
5457.000,5457.000,40.00,14577
5458.000,5458.000,66.00,14577
5458.000,5458.000,40.00,10332
5460.000,5460.000,40.00,128940
5461.000,5461.000,40.00,217514
5462.000,5462.000,40.00,174379
5463.000,5463.000,40.00,184709
5464.000,5464.000,40.00,188384
5465.000,5465.000,40.00,195757
5466.000,5466.000,40.00,206832
5468.000,5468.000,40.00,184743
5469.000,5469.000,40.00,194498
5471.000,5471.000,40.00,6939
5472.000,5472.000,68.00,6939
5472.000,5472.000,40.00,5619
5473.000,5473.000,40.00,117382
5475.000,5475.000,40.00,268279
5476.000,5476.000,40.00,271438
5477.000,5477.000,40.00,245657
5478.000,5478.000,40.00,271363
5479.000,5479.000,40.00,190798
5480.000,5480.000,40.00,207070
5481.000,5481.000,40.00,247882
5482.000,5482.000,40.00,240332
5483.000,5483.000,40.00,226309
5485.000,5485.000,40.00,74053
5485.000,5485.000,66.00,74053
5486.000,5486.000,40.00,113
5487.000,5487.000,40.00,146917
5488.000,5488.000,40.00,264647
5489.000,5489.000,40.00,224590
5490.000,5490.000,40.00,234785
5491.000,5491.000,40.00,195136
5493.000,5493.000,40.00,196902
5494.000,5494.000,40.00,165718
5495.000,5495.000,40.00,168023
5496.000,5496.000,40.00,148160
5497.000,5497.000,40.00,184773
5498.000,5498.000,40.00,126642
5499.000,5499.000,69.00,4
5500.000,5500.000,40.00,4
5501.000,5501.000,40.00,51693
5502.000,5502.000,40.00,194655
5503.000,5503.000,40.00,239408
5504.000,5504.000,40.00,233918
5505.000,5505.000,40.00,189626
5506.000,5506.000,40.00,178752
5508.000,5508.000,40.00,176896
5509.000,5509.000,40.00,169267
5510.000,5510.000,40.00,144721
5512.000,5512.000,40.00,57942
5513.000,5513.000,69.00,57942
5514.000,5514.000,40.00,3
5515.000,5515.000,40.00,22290
5516.000,5516.000,40.00,28433
5517.000,5517.000,40.00,93717
5518.000,5518.000,40.00,239715
5519.000,5519.000,40.00,226183
5520.000,5520.000,40.00,223054
5522.000,5522.000,40.00,224336
5523.000,5523.000,40.00,212979
5524.000,5524.000,40.00,209143
5526.000,5526.000,40.00,140532
5527.000,5527.000,69.00,4399
5527.000,5527.000,40.00,4399
5528.000,5528.000,40.00,160169
5529.000,5529.000,40.00,203221
5531.000,5531.000,40.00,191943
5532.000,5532.000,40.00,195135
5533.000,5533.000,40.00,208976
5534.000,5534.000,40.00,212020
5535.000,5535.000,40.00,185098
5536.000,5536.000,40.00,171582
5537.000,5537.000,40.00,142274
5540.000,5540.000,40.00,94343
5541.000,5541.000,40.00,2
5541.000,5541.000,68.00,2
5542.000,5542.000,40.00,84986
5543.000,5543.000,40.00,237618
5544.000,5544.000,40.00,210892
5545.000,5545.000,40.00,224474
5547.000,5547.000,40.00,214395
5548.000,5548.000,40.00,194791
5549.000,5549.000,40.00,211721
5550.000,5550.000,40.00,38536
5551.000,5551.000,40.00,20590
5552.000,5552.000,40.00,18113
5553.000,5553.000,40.00,14752
5555.000,5555.000,40.00,4543
5555.000,5555.000,95.00,4543
5556.000,5556.000,40.00,4498
5557.000,5557.000,40.00,7942
5558.000,5558.000,40.00,7626
5559.000,5559.000,40.00,13701
5560.000,5560.000,40.00,16745
5562.000,5562.000,40.00,17070
5563.000,5563.000,40.00,7384
5564.000,5564.000,40.00,11512
5565.000,5565.000,40.00,17557
5566.000,5566.000,40.00,12429
5567.000,5567.000,40.00,13564
5569.000,5569.000,40.00,4529
5569.000,5569.000,74.00,4529
5570.000,5570.000,40.00,6016
5571.000,5571.000,40.00,14888
5572.000,5572.000,40.00,9917
5573.000,5573.000,40.00,17734
5574.000,5574.000,40.00,17088
5576.000,5576.000,40.00,14498
5577.000,5577.000,40.00,8919
5578.000,5578.000,40.00,10633
5579.000,5579.000,40.00,10821
5580.000,5580.000,40.00,5223
5581.000,5581.000,40.00,6593
5583.000,5583.000,40.00,1069
5583.000,5583.000,94.00,1069
5584.000,5584.000,40.00,6666
5585.000,5585.000,40.00,12590
5586.000,5586.000,40.00,11784
5587.000,5587.000,40.00,9538
5588.000,5588.000,40.00,8705
5589.000,5589.000,40.00,7817
5591.000,5591.000,40.00,10719
5592.000,5592.000,40.00,6090
5593.000,5593.000,40.00,8867
5594.000,5594.000,40.00,4282
5595.000,5595.000,40.00,9624
5596.000,5596.000,40.00,1593
5596.000,5596.000,83.00,1593
5598.000,5598.000,40.00,6567
5599.000,5599.000,40.00,6944
5600.000,5600.000,40.00,10129
5601.000,5601.000,40.00,219
5602.000,5602.000,40.00,43257
5603.000,5603.000,40.00,52266
5605.000,5605.000,40.00,57844
5606.000,5606.000,40.00,65630
5607.000,5607.000,40.00,71872
5609.000,5609.000,40.00,80808
5609.000,5609.000,40.00,31098
5610.000,5610.000,69.00,2
5610.000,5610.000,40.00,2
5612.000,5612.000,40.00,78603
5613.000,5613.000,40.00,231466
5614.000,5614.000,40.00,209153
5615.000,5615.000,40.00,179187
5616.000,5616.000,40.00,201012
5617.000,5617.000,40.00,209719
5618.000,5618.000,40.00,221064
5620.000,5620.000,40.00,203504
5621.000,5621.000,40.00,189181
5623.000,5623.000,40.00,95906
5624.000,5624.000,66.00,2
5624.000,5624.000,40.00,2
5625.000,5625.000,40.00,33123
5627.000,5627.000,40.00,173076
5628.000,5628.000,40.00,220295
5629.000,5629.000,40.00,235164
5630.000,5630.000,40.00,285550
5631.000,5631.000,40.00,214365
5632.000,5632.000,40.00,236831
5633.000,5633.000,40.00,238857
5635.000,5635.000,40.00,239087
5637.000,5637.000,40.00,98210
5638.000,5638.000,40.00,2
5638.000,5638.000,67.00,2
5639.000,5639.000,40.00,128000
5640.000,5640.000,40.00,221749
5641.000,5641.000,40.00,190218
5642.000,5642.000,40.00,190050
5644.000,5644.000,40.00,163336
5645.000,5645.000,40.00,164665
5646.000,5646.000,40.00,168786
5647.000,5647.000,40.00,170853
5648.000,5648.000,40.00,145099
5651.000,5651.000,40.00,93766
5652.000,5652.000,40.00,2
5652.000,5652.000,67.00,2
5653.000,5653.000,40.00,26920
5654.000,5654.000,40.00,69472
5655.000,5655.000,40.00,80253
5657.000,5657.000,40.00,82097
5658.000,5658.000,40.00,88501
5659.000,5659.000,40.00,95186
5660.000,5660.000,40.00,66710
5661.000,5661.000,40.00,52916
5663.000,5663.000,40.00,38342
5665.000,5665.000,40.00,9932
5666.000,5666.000,67.00,9932
5666.000,5666.000,40.00,3
5667.000,5667.000,40.00,230943
5668.000,5668.000,40.00,153581
5670.000,5670.000,40.00,113813
5671.000,5671.000,40.00,118954
5672.000,5672.000,40.00,121316
5673.000,5673.000,40.00,122610
5674.000,5674.000,40.00,133173
5676.000,5676.000,40.00,142109
5677.000,5677.000,40.00,142526
5678.000,5678.000,40.00,139005
5678.000,5678.000,40.00,139005
5678.000,5678.000,40.00,139005
5679.000,5679.000,40.00,3766
5680.000,5680.000,67.00,3766
5680.000,5680.000,40.00,36146
5681.000,5681.000,40.00,121062
5683.000,5683.000,40.00,97910
5684.000,5684.000,40.00,106344
5685.000,5685.000,40.00,107862
5686.000,5686.000,40.00,113797
5687.000,5687.000,40.00,121702
5689.000,5689.000,40.00,126540
5690.000,5690.000,40.00,116650
5691.000,5691.000,40.00,80513
5692.000,5692.000,40.00,73610
5693.000,5693.000,40.00,1
5694.000,5694.000,69.00,1
5694.000,5694.000,40.00,18532
5696.000,5696.000,40.00,68056
5697.000,5697.000,40.00,60864
5698.000,5698.000,40.00,55398
5699.000,5699.000,40.00,50843
5700.000,5700.000,40.00,59585
5702.000,5702.000,40.00,64444
5703.000,5703.000,40.00,73463
5704.000,5704.000,40.00,77548
5705.000,5705.000,40.00,85549
5706.000,5706.000,40.00,44542
5707.000,5707.000,67.00,2
5707.000,5707.000,40.00,2
5709.000,5709.000,40.00,124376
5710.000,5710.000,40.00,197204
5711.000,5711.000,40.00,177843
5712.000,5712.000,40.00,129954
5713.000,5713.000,40.00,111178
5714.000,5714.000,40.00,116325
5716.000,5716.000,40.00,74665
5717.000,5717.000,40.00,56520
5718.000,5718.000,40.00,60547
5720.000,5720.000,40.00,23641
5721.000,5721.000,66.00,23641
5722.000,5722.000,40.00,3
5723.000,5723.000,40.00,18550
5724.000,5724.000,40.00,68446
5725.000,5725.000,40.00,126110
5726.000,5726.000,40.00,118957
5727.000,5727.000,40.00,119220
5729.000,5729.000,40.00,120950
5730.000,5730.000,40.00,119669
5731.000,5731.000,40.00,207084
5732.000,5732.000,40.00,233325
5734.000,5734.000,40.00,59399
5735.000,5735.000,66.00,59399
5735.000,5735.000,40.00,2613
5737.000,5737.000,40.00,22655
5738.000,5738.000,40.00,22633
5739.000,5739.000,40.00,23426
5740.000,5740.000,40.00,24503
5741.000,5741.000,40.00,23840
5743.000,5743.000,40.00,24421
5744.000,5744.000,40.00,24948
5745.000,5745.000,40.00,23177
5746.000,5746.000,40.00,22997
5748.000,5748.000,40.00,325
5749.000,5749.000,67.00,325
5750.000,5750.000,40.00,5185
5751.000,5751.000,40.00,22575
5752.000,5752.000,40.00,23833
5753.000,5753.000,40.00,22712
5754.000,5754.000,40.00,22744
5755.000,5755.000,40.00,23088
5757.000,5757.000,40.00,21267
5758.000,5758.000,40.00,22518
5759.000,5759.000,40.00,26660
5760.000,5760.000,40.00,177895
5761.000,5761.000,40.00,252921
5762.000,5762.000,40.00,0
5763.000,5763.000,68.00,0
5764.000,5764.000,40.00,8912
5765.000,5765.000,40.00,73549
5766.000,5766.000,40.00,165283
5767.000,5767.000,40.00,167944
5768.000,5768.000,40.00,151388
5769.000,5769.000,40.00,162774
5771.000,5771.000,40.00,130329
5772.000,5772.000,40.00,139215
5773.000,5773.000,40.00,144021
5774.000,5774.000,40.00,145454
5775.000,5775.000,40.00,121398
5776.000,5776.000,40.00,1
5777.000,5777.000,69.00,1
5777.000,5777.000,40.00,96929
5779.000,5779.000,40.00,243293
5780.000,5780.000,40.00,231063
5781.000,5781.000,40.00,208253
5782.000,5782.000,40.00,220494
5783.000,5783.000,40.00,225227
5784.000,5784.000,40.00,239120
5785.000,5785.000,40.00,232252
5786.000,5786.000,40.00,218099
5787.000,5787.000,40.00,193355
5788.000,5788.000,40.00,215632
5790.000,5790.000,40.00,70543
5790.000,5790.000,66.00,70543
5791.000,5791.000,40.00,157
5792.000,5792.000,40.00,200514
5793.000,5793.000,40.00,229946
5794.000,5794.000,40.00,233591
5795.000,5795.000,40.00,211743
5796.000,5796.000,40.00,192713
5797.000,5797.000,40.00,166295
5799.000,5799.000,40.00,177695
5800.000,5800.000,40.00,172702
5801.000,5801.000,40.00,182354
5802.000,5802.000,40.00,188384
5803.000,5803.000,40.00,139926
5804.000,5804.000,66.00,7395
5804.000,5804.000,40.00,7395
5806.000,5806.000,40.00,210306
5807.000,5807.000,40.00,265812
5808.000,5808.000,40.00,238059
5809.000,5809.000,40.00,200028
5810.000,5810.000,40.00,173383
5811.000,5811.000,40.00,178024
5813.000,5813.000,40.00,187266
5814.000,5814.000,40.00,189656
5815.000,5815.000,40.00,154887
5817.000,5817.000,40.00,66245
5818.000,5818.000,66.00,66245
5818.000,5818.000,40.00,2
5820.000,5820.000,40.00,56245
5821.000,5821.000,40.00,195025
5822.000,5822.000,40.00,215324
5823.000,5823.000,40.00,157748
5824.000,5824.000,40.00,168801
5825.000,5825.000,40.00,176573
5826.000,5826.000,40.00,148755
5828.000,5828.000,40.00,181568
5829.000,5829.000,40.00,173908
5831.000,5831.000,40.00,116634
5832.000,5832.000,68.00,116634
5832.000,5832.000,40.00,3
5833.000,5833.000,40.00,128015
5835.000,5835.000,40.00,234255
5836.000,5836.000,40.00,240346
5837.000,5837.000,40.00,254980
5838.000,5838.000,40.00,228886
5839.000,5839.000,40.00,231220
5840.000,5840.000,40.00,202112
5841.000,5841.000,40.00,252505
5843.000,5843.000,40.00,202194
5845.000,5845.000,40.00,189338
5846.000,5846.000,67.00,2377
5846.000,5846.000,40.00,2377
5847.000,5847.000,40.00,65121
5848.000,5848.000,40.00,237362
5849.000,5849.000,40.00,198878
5850.000,5850.000,40.00,195231
5852.000,5852.000,40.00,158653
5853.000,5853.000,40.00,144789
5854.000,5854.000,40.00,136701
5855.000,5855.000,40.00,144507
5856.000,5856.000,40.00,148960
5859.000,5859.000,40.00,71911
5860.000,5860.000,71.00,2
5860.000,5860.000,40.00,2
5861.000,5861.000,40.00,91437
5862.000,5862.000,40.00,199623
5863.000,5863.000,40.00,227443
5864.000,5864.000,40.00,190980
5866.000,5866.000,40.00,252051
5867.000,5867.000,40.00,238750
5868.000,5868.000,40.00,177649
5869.000,5869.000,40.00,179740
5870.000,5870.000,40.00,177062
5871.000,5871.000,40.00,147039
5872.000,5872.000,40.00,87287
5874.000,5874.000,68.00,2
5874.000,5874.000,40.00,2
5875.000,5875.000,40.00,24324
5876.000,5876.000,40.00,137587
5877.000,5877.000,40.00,252296
5878.000,5878.000,40.00,196507
5879.000,5879.000,40.00,234960
5880.000,5880.000,40.00,226412
5882.000,5882.000,40.00,261150
5883.000,5883.000,40.00,239244
5884.000,5884.000,40.00,208953
5885.000,5885.000,40.00,246177
5886.000,5886.000,40.00,214243
5887.000,5887.000,40.00,5268
5887.000,5887.000,70.00,5268
5888.000,5888.000,40.00,33474
5890.000,5890.000,40.00,212995
5891.000,5891.000,40.00,179730
5892.000,5892.000,40.00,181707
5893.000,5893.000,40.00,186099
5894.000,5894.000,40.00,200643
5895.000,5895.000,40.00,176105
5896.000,5896.000,40.00,163847
5898.000,5898.000,40.00,168300
5899.000,5899.000,40.00,130180
5900.000,5900.000,40.00,106657
5901.000,5901.000,40.00,1
5901.000,5901.000,67.00,1
5902.000,5902.000,40.00,35329
5903.000,5903.000,40.00,202290
5905.000,5905.000,40.00,216420
5906.000,5906.000,40.00,229442
5907.000,5907.000,40.00,246095
5908.000,5908.000,40.00,250742
5909.000,5909.000,40.00,233426
5910.000,5910.000,40.00,220941
5911.000,5911.000,40.00,219801
5912.000,5912.000,40.00,211785
5913.000,5913.000,40.00,225180
5915.000,5915.000,40.00,0
5915.000,5915.000,66.00,0
5916.000,5916.000,40.00,4909
5917.000,5917.000,40.00,69521
5918.000,5918.000,40.00,230662
5919.000,5919.000,40.00,230747
5920.000,5920.000,40.00,227660
5921.000,5921.000,40.00,19200
5923.000,5923.000,40.00,10404
5924.000,5924.000,40.00,10519
5925.000,5925.000,40.00,15358
5926.000,5926.000,40.00,15631
5928.000,5928.000,40.00,4620
5929.000,5929.000,89.00,4620
5929.000,5929.000,40.00,1891
5931.000,5931.000,40.00,9210
5932.000,5932.000,40.00,11251
5933.000,5933.000,40.00,11381
5934.000,5934.000,40.00,10889
5935.000,5935.000,40.00,17827
5936.000,5936.000,40.00,13486
5938.000,5938.000,40.00,11330
5939.000,5939.000,40.00,11785
5940.000,5940.000,40.00,13903
5941.000,5941.000,40.00,14605
5942.000,5942.000,40.00,4773
5943.000,5943.000,87.00,4773
5943.000,5943.000,40.00,481
5944.000,5944.000,40.00,8535
5946.000,5946.000,40.00,8482
5947.000,5947.000,40.00,10619
5948.000,5948.000,40.00,10015
5949.000,5949.000,40.00,18171
5950.000,5950.000,40.00,11242
5951.000,5951.000,40.00,11584
5953.000,5953.000,40.00,9007
5954.000,5954.000,40.00,13026
5956.000,5956.000,40.00,7196
5957.000,5957.000,91.00,7196
5957.000,5957.000,40.00,1240
5958.000,5958.000,40.00,7587
5960.000,5960.000,40.00,13212
5961.000,5961.000,40.00,9606
5962.000,5962.000,40.00,5108
5963.000,5963.000,40.00,20431
5964.000,5964.000,40.00,39991
5965.000,5965.000,40.00,59744
5967.000,5967.000,40.00,66385
5968.000,5968.000,40.00,70924
5969.000,5969.000,40.00,69566
5970.000,5970.000,40.00,0
5971.000,5971.000,66.00,0
5971.000,5971.000,40.00,44070
5972.000,5972.000,40.00,223746
5973.000,5973.000,40.00,224877
5975.000,5975.000,40.00,195394
5976.000,5976.000,40.00,191078
5977.000,5977.000,40.00,161008
5978.000,5978.000,40.00,178631
5979.000,5979.000,40.00,172270
5980.000,5980.000,40.00,175891
5982.000,5982.000,40.00,154227
5983.000,5983.000,40.00,140086
5984.000,5984.000,40.00,5808
5984.000,5984.000,67.00,5808
5985.000,5985.000,40.00,46197
5986.000,5986.000,40.00,257278
5987.000,5987.000,40.00,230058
5988.000,5988.000,40.00,211709
5990.000,5990.000,40.00,255378
5991.000,5991.000,40.00,220781
5992.000,5992.000,40.00,205910
5993.000,5993.000,40.00,201680
5994.000,5994.000,40.00,208144
5995.000,5995.000,40.00,174098
5998.000,5998.000,40.00,28059
5998.000,5998.000,67.00,28059
5999.000,5999.000,40.00,2075
6000.000,6000.000,40.00,173265
6001.000,6001.000,40.00,264108
6002.000,6002.000,40.00,245160
6003.000,6003.000,40.00,227697
6004.000,6004.000,40.00,230509
6005.000,6005.000,40.00,219833
6007.000,6007.000,40.00,180554
6008.000,6008.000,40.00,167986
6009.000,6009.000,40.00,181389
6011.000,6011.000,40.00,61520
6012.000,6012.000,69.00,61520
6012.000,6012.000,40.00,1533
6014.000,6014.000,40.00,163579
6015.000,6015.000,40.00,213056
6016.000,6016.000,40.00,221077
6017.000,6017.000,40.00,227499
6018.000,6018.000,40.00,170394
6019.000,6019.000,40.00,190407
6020.000,6020.000,40.00,211617
6022.000,6022.000,40.00,193548
6023.000,6023.000,40.00,217676
6025.000,6025.000,40.00,79530
6026.000,6026.000,71.00,2
6026.000,6026.000,40.00,2
6027.000,6027.000,40.00,32783
6028.000,6028.000,40.00,167079
6030.000,6030.000,40.00,194523
6031.000,6031.000,40.00,206504
6032.000,6032.000,40.00,158347
6033.000,6033.000,40.00,159457
6034.000,6034.000,40.00,165719
6035.000,6035.000,40.00,159741
6036.000,6036.000,40.00,168079
6039.000,6039.000,40.00,124840
6040.000,6040.000,67.00,124840
6040.000,6040.000,40.00,7826
6041.000,6041.000,40.00,186346
6042.000,6042.000,40.00,214328
6043.000,6043.000,40.00,186080
6045.000,6045.000,40.00,192538
6046.000,6046.000,40.00,213966
6047.000,6047.000,40.00,172928
6048.000,6048.000,40.00,167134
6049.000,6049.000,40.00,174354
6050.000,6050.000,40.00,187171
6053.000,6053.000,40.00,59803
6054.000,6054.000,68.00,59803
6054.000,6054.000,40.00,3
6055.000,6055.000,40.00,22188
6056.000,6056.000,40.00,86554
6057.000,6057.000,40.00,178727
6059.000,6059.000,40.00,163739
6060.000,6060.000,40.00,175123
6061.000,6061.000,40.00,191376
6062.000,6062.000,40.00,214475
6063.000,6063.000,40.00,206474
6064.000,6064.000,40.00,220037
6065.000,6065.000,40.00,206445
6066.000,6066.000,40.00,74353
6067.000,6067.000,69.00,2
6068.000,6068.000,40.00,2
6069.000,6069.000,40.00,22256
6070.000,6070.000,40.00,107065
6071.000,6071.000,40.00,166547
6072.000,6072.000,40.00,180301
6073.000,6073.000,40.00,201433
6075.000,6075.000,40.00,207508
6076.000,6076.000,40.00,205074
6077.000,6077.000,40.00,213365
6078.000,6078.000,40.00,204403
6080.000,6080.000,40.00,169006
6080.000,6080.000,40.00,74076
6081.000,6081.000,67.00,2
6081.000,6081.000,40.00,2
6083.000,6083.000,40.00,206610
6084.000,6084.000,40.00,193503
6085.000,6085.000,40.00,225696
6086.000,6086.000,40.00,214396
6087.000,6087.000,40.00,197288
6088.000,6088.000,40.00,221205
6089.000,6089.000,40.00,223378
6091.000,6091.000,40.00,201920
6092.000,6092.000,40.00,185266
6094.000,6094.000,40.00,122097
6095.000,6095.000,40.00,2
6095.000,6095.000,66.00,2
6096.000,6096.000,40.00,35667
6097.000,6097.000,40.00,185807
6099.000,6099.000,40.00,209791
6100.000,6100.000,40.00,217405
6101.000,6101.000,40.00,231754
6102.000,6102.000,40.00,222299
6103.000,6103.000,40.00,199946
6104.000,6104.000,40.00,183544
6105.000,6105.000,40.00,197425
6108.000,6108.000,40.00,144642
6109.000,6109.000,40.00,3
6109.000,6109.000,67.00,3
6110.000,6110.000,40.00,60656
6111.000,6111.000,40.00,250871
6112.000,6112.000,40.00,240656
6113.000,6113.000,40.00,250410
6115.000,6115.000,40.00,237292
6116.000,6116.000,40.00,222568
6117.000,6117.000,40.00,257240
6118.000,6118.000,40.00,206962
6119.000,6119.000,40.00,215501
6120.000,6120.000,40.00,186343
6121.000,6121.000,40.00,169899
6122.000,6122.000,40.00,8174
6123.000,6123.000,66.00,8174
6124.000,6124.000,40.00,23599
6125.000,6125.000,40.00,185808
6126.000,6126.000,40.00,224899
6127.000,6127.000,40.00,186779
6128.000,6128.000,40.00,199417
6129.000,6129.000,40.00,212093
6130.000,6130.000,40.00,216798
6132.000,6132.000,40.00,199684
6133.000,6133.000,40.00,167345
6134.000,6134.000,40.00,175022
6135.000,6135.000,40.00,182267
6136.000,6136.000,40.00,0
6137.000,6137.000,67.00,0
6137.000,6137.000,40.00,7681
6139.000,6139.000,40.00,22925
6140.000,6140.000,40.00,124522
6141.000,6141.000,40.00,229214
6142.000,6142.000,40.00,177440
6143.000,6143.000,40.00,209464
6144.000,6144.000,40.00,210394
6145.000,6145.000,40.00,194407
6147.000,6147.000,40.00,204402
6148.000,6148.000,40.00,171396
6150.000,6150.000,40.00,0
6150.000,6150.000,67.00,0
6151.000,6151.000,40.00,24838
6152.000,6152.000,40.00,203939
6153.000,6153.000,40.00,197531
6155.000,6155.000,40.00,225494
6156.000,6156.000,40.00,261472
6157.000,6157.000,40.00,205697
6158.000,6158.000,40.00,202497
6159.000,6159.000,40.00,193441
6160.000,6160.000,40.00,154205
6161.000,6161.000,40.00,167582
6162.000,6162.000,40.00,116353
6164.000,6164.000,40.00,17700
6164.000,6164.000,68.00,17700
6165.000,6165.000,40.00,5024
6166.000,6166.000,40.00,50975
6167.000,6167.000,40.00,57903
6168.000,6168.000,40.00,61957
6170.000,6170.000,40.00,68174
6171.000,6171.000,40.00,75039
6172.000,6172.000,40.00,31976
6173.000,6173.000,40.00,26405
6174.000,6174.000,40.00,26159
6175.000,6175.000,40.00,42520
6177.000,6177.000,40.00,15496
6178.000,6178.000,40.00,2523
6178.000,6178.000,84.00,2523
6179.000,6179.000,40.00,3786
6180.000,6180.000,40.00,19019
6181.000,6181.000,40.00,22536
6182.000,6182.000,40.00,21502
6184.000,6184.000,40.00,14133
6185.000,6185.000,40.00,13331
6186.000,6186.000,40.00,38341
6187.000,6187.000,40.00,27958
6188.000,6188.000,40.00,13109
6189.000,6189.000,40.00,14696
6190.000,6190.000,40.00,12994
6192.000,6192.000,40.00,4230
6192.000,6192.000,93.00,4230
6193.000,6193.000,40.00,1384
6194.000,6194.000,40.00,17353
6195.000,6195.000,40.00,26801
6196.000,6196.000,40.00,49182
6197.000,6197.000,40.00,26114
6199.000,6199.000,40.00,24198
6200.000,6200.000,40.00,33393
6201.000,6201.000,40.00,43072
6202.000,6202.000,40.00,33088
6203.000,6203.000,40.00,27190
6205.000,6205.000,40.00,5356
6206.000,6206.000,71.00,5356
6207.000,6207.000,40.00,2026
6208.000,6208.000,40.00,15050
6209.000,6209.000,40.00,27325
6210.000,6210.000,40.00,24496
6211.000,6211.000,40.00,21360
6212.000,6212.000,40.00,18235
6213.000,6213.000,40.00,39280
6215.000,6215.000,40.00,135040
6216.000,6216.000,40.00,173835
6217.000,6217.000,40.00,183123
6219.000,6219.000,40.00,0
6220.000,6220.000,67.00,0
6221.000,6221.000,40.00,12602
6222.000,6222.000,40.00,140606
6223.000,6223.000,40.00,208145
6224.000,6224.000,40.00,239985
6225.000,6225.000,40.00,248070
6226.000,6226.000,40.00,247338
6227.000,6227.000,40.00,203222
6228.000,6228.000,40.00,212501
6229.000,6229.000,40.00,174372
6231.000,6231.000,40.00,201493
6233.000,6233.000,40.00,121755
6234.000,6234.000,66.00,121755
6234.000,6234.000,40.00,771
6235.000,6235.000,40.00,120316
6236.000,6236.000,40.00,257502
6237.000,6237.000,40.00,227776
6239.000,6239.000,40.00,229508
6240.000,6240.000,40.00,187832
6241.000,6241.000,40.00,202243
6242.000,6242.000,40.00,223384
6243.000,6243.000,40.00,215419
6244.000,6244.000,40.00,218232
6245.000,6245.000,40.00,224905
6246.000,6246.000,40.00,148271
6248.000,6248.000,70.00,2
6248.000,6248.000,40.00,2
6249.000,6249.000,40.00,76871
6250.000,6250.000,40.00,196612
6251.000,6251.000,40.00,207526
6252.000,6252.000,40.00,174482
6253.000,6253.000,40.00,178693
6255.000,6255.000,40.00,144096
6256.000,6256.000,40.00,153393
6257.000,6257.000,40.00,113902
6258.000,6258.000,40.00,92243
6259.000,6259.000,40.00,91346
6261.000,6261.000,40.00,22179
6261.000,6261.000,66.00,22179
6262.000,6262.000,40.00,771
6263.000,6263.000,40.00,163088
6264.000,6264.000,40.00,220588
6265.000,6265.000,40.00,229459
6266.000,6266.000,40.00,192173
6267.000,6267.000,40.00,203570
6269.000,6269.000,40.00,211476
6270.000,6270.000,40.00,213252
6271.000,6271.000,40.00,209633
6272.000,6272.000,40.00,210873
6274.000,6274.000,40.00,96479
6275.000,6275.000,68.00,2
6275.000,6275.000,40.00,2
6277.000,6277.000,40.00,90910
6278.000,6278.000,40.00,224774
6279.000,6279.000,40.00,244036
6280.000,6280.000,40.00,265526
6281.000,6281.000,40.00,248718
6282.000,6282.000,40.00,235936
6283.000,6283.000,40.00,178086
6284.000,6284.000,40.00,219554
6286.000,6286.000,40.00,233243
6288.000,6288.000,40.00,166941
6289.000,6289.000,40.00,7726
6289.000,6289.000,66.00,7726
6290.000,6290.000,40.00,179946
6291.000,6291.000,40.00,252037
6292.000,6292.000,40.00,254195
6294.000,6294.000,40.00,275657
6295.000,6295.000,40.00,248560
6296.000,6296.000,40.00,292029
6297.000,6297.000,40.00,228580
6298.000,6298.000,40.00,191850
6299.000,6299.000,40.00,190235
6300.000,6300.000,40.00,206736
6301.000,6301.000,40.00,164247
6303.000,6303.000,40.00,1
6303.000,6303.000,69.00,1
6304.000,6304.000,40.00,7192
6305.000,6305.000,40.00,70107
6306.000,6306.000,40.00,234186
6307.000,6307.000,40.00,239885
6308.000,6308.000,40.00,229877
6309.000,6309.000,40.00,204348
6311.000,6311.000,40.00,249747
6312.000,6312.000,40.00,246489
6313.000,6313.000,40.00,202969
6314.000,6314.000,40.00,199817
6316.000,6316.000,40.00,11242
6317.000,6317.000,67.00,11242
6317.000,6317.000,40.00,8158
6319.000,6319.000,40.00,121429
6320.000,6320.000,40.00,268985
6321.000,6321.000,40.00,215684
6322.000,6322.000,40.00,214820
6323.000,6323.000,40.00,229250
6324.000,6324.000,40.00,238791
6325.000,6325.000,40.00,219355
6326.000,6326.000,40.00,234083
6328.000,6328.000,40.00,228178
6330.000,6330.000,40.00,20097
6331.000,6331.000,70.00,20097
6331.000,6331.000,40.00,1188
6332.000,6332.000,40.00,49287
6333.000,6333.000,40.00,186767
6334.000,6334.000,40.00,255367
6336.000,6336.000,40.00,226726
6337.000,6337.000,40.00,202218
6338.000,6338.000,40.00,206702
6339.000,6339.000,40.00,177959
6340.000,6340.000,40.00,186048
6341.000,6341.000,40.00,188070
6342.000,6342.000,40.00,174881
6344.000,6344.000,40.00,80690
6344.000,6344.000,65.00,80690
6345.000,6345.000,40.00,2
6346.000,6346.000,40.00,45010
6347.000,6347.000,40.00,181774
6348.000,6348.000,40.00,149554
6349.000,6349.000,40.00,264085
6350.000,6350.000,40.00,258774
6352.000,6352.000,40.00,209311
6353.000,6353.000,40.00,236848
6354.000,6354.000,40.00,221094
6355.000,6355.000,40.00,209373
6356.000,6356.000,40.00,210484
6357.000,6357.000,40.00,117738
6358.000,6358.000,40.00,2
6358.000,6358.000,68.00,2
6359.000,6359.000,40.00,155661
6361.000,6361.000,40.00,238483
6362.000,6362.000,40.00,194556
6363.000,6363.000,40.00,221456
6364.000,6364.000,40.00,236120
6365.000,6365.000,40.00,173966
6366.000,6366.000,40.00,179540
6367.000,6367.000,40.00,185304
6369.000,6369.000,40.00,194552
6371.000,6371.000,40.00,129893
6372.000,6372.000,40.00,1
6372.000,6372.000,68.00,1
6373.000,6373.000,40.00,108100
6374.000,6374.000,40.00,205747
6375.000,6375.000,40.00,203698
6377.000,6377.000,40.00,203975
6378.000,6378.000,40.00,168366
6379.000,6379.000,40.00,170840
6380.000,6380.000,40.00,186253
6381.000,6381.000,40.00,184645
6382.000,6382.000,40.00,172059
6385.000,6385.000,40.00,111915
6386.000,6386.000,40.00,2
6386.000,6386.000,67.00,2
6387.000,6387.000,40.00,113042
6388.000,6388.000,40.00,227290
6389.000,6389.000,40.00,228492
6390.000,6390.000,40.00,167993
6391.000,6391.000,40.00,171086
6393.000,6393.000,40.00,152624
6394.000,6394.000,40.00,144980
6395.000,6395.000,40.00,153096
6396.000,6396.000,40.00,150859
6397.000,6397.000,40.00,156234
6398.000,6398.000,40.00,143683
6400.000,6400.000,40.00,5136
6400.000,6400.000,66.00,5136
6401.000,6401.000,40.00,33650
6402.000,6402.000,40.00,183195
6403.000,6403.000,40.00,227284
6404.000,6404.000,40.00,215856
6405.000,6405.000,40.00,162598
6406.000,6406.000,40.00,149543
6408.000,6408.000,40.00,149561
6409.000,6409.000,40.00,171513
6410.000,6410.000,40.00,170495
6411.000,6411.000,40.00,162252
6412.000,6412.000,40.00,132899
6414.000,6414.000,40.00,1
6414.000,6414.000,67.00,1
6415.000,6415.000,40.00,22413
6416.000,6416.000,40.00,101185
6417.000,6417.000,40.00,150798
6418.000,6418.000,40.00,133750
6419.000,6419.000,40.00,149870
6421.000,6421.000,40.00,121544
6422.000,6422.000,40.00,133378
6423.000,6423.000,40.00,74628
6424.000,6424.000,40.00,108537
6425.000,6425.000,40.00,119842
6426.000,6426.000,40.00,60133
6428.000,6428.000,69.00,2
6428.000,6428.000,40.00,2
6429.000,6429.000,40.00,83517
6430.000,6430.000,40.00,78857
6431.000,6431.000,40.00,99502
6432.000,6432.000,40.00,121407
6433.000,6433.000,40.00,118843
6435.000,6435.000,40.00,103318
6436.000,6436.000,40.00,76245
6437.000,6437.000,40.00,79991
6438.000,6438.000,40.00,73769
6439.000,6439.000,40.00,111183
6440.000,6440.000,40.00,106813
6441.000,6441.000,66.00,2
6442.000,6442.000,40.00,2
6443.000,6443.000,40.00,51916
6444.000,6444.000,40.00,88156
6445.000,6445.000,40.00,76206
6446.000,6446.000,40.00,60295
6447.000,6447.000,40.00,61494
6449.000,6449.000,40.00,56811
6450.000,6450.000,40.00,78593
6451.000,6451.000,40.00,88140
6452.000,6452.000,40.00,98442
6453.000,6453.000,40.00,83933
6454.000,6454.000,40.00,85094
6455.000,6455.000,68.00,85094
6456.000,6456.000,40.00,7837
6457.000,6457.000,40.00,78598
6458.000,6458.000,40.00,75460
6459.000,6459.000,40.00,81394
6460.000,6460.000,40.00,76466
6461.000,6461.000,40.00,60691
6463.000,6463.000,40.00,68054
6464.000,6464.000,40.00,72132
6465.000,6465.000,40.00,65237
6466.000,6466.000,40.00,65444
6468.000,6468.000,40.00,13180
6469.000,6469.000,67.00,13180
6470.000,6470.000,40.00,2799
6471.000,6471.000,40.00,48498
6472.000,6472.000,40.00,54735
6473.000,6473.000,40.00,84504
6474.000,6474.000,40.00,84304
6476.000,6476.000,40.00,73038
6477.000,6477.000,40.00,43996
6478.000,6478.000,40.00,47794
6479.000,6479.000,40.00,67678
6480.000,6480.000,40.00,60199
6481.000,6481.000,40.00,54435
6483.000,6483.000,40.00,13492
6483.000,6483.000,66.00,13492
6484.000,6484.000,40.00,12698
6485.000,6485.000,40.00,61768
6486.000,6486.000,40.00,70268
6487.000,6487.000,40.00,63937
6488.000,6488.000,40.00,54413
6490.000,6490.000,40.00,45724
6491.000,6491.000,40.00,39576
6492.000,6492.000,40.00,42445
6493.000,6493.000,40.00,50840
6494.000,6494.000,40.00,62098
6495.000,6495.000,40.00,48972
6496.000,6496.000,40.00,1
6497.000,6497.000,65.00,1
6498.000,6498.000,40.00,7726
6499.000,6499.000,40.00,30220
6500.000,6500.000,40.00,43954
6501.000,6501.000,40.00,48760
6502.000,6502.000,40.00,57729
6504.000,6504.000,40.00,59311
6505.000,6505.000,40.00,38252
6506.000,6506.000,40.00,58426
6507.000,6507.000,40.00,66326
6508.000,6508.000,40.00,60775
6509.000,6509.000,40.00,57697
6510.000,6510.000,40.00,5256
6511.000,6511.000,65.00,5256
6512.000,6512.000,40.00,13595
6513.000,6513.000,40.00,51221
6514.000,6514.000,40.00,74294
6515.000,6515.000,40.00,95990
6516.000,6516.000,40.00,101880
6518.000,6518.000,40.00,85288
6519.000,6519.000,40.00,88804
6520.000,6520.000,40.00,85005
6521.000,6521.000,40.00,82565
6522.000,6522.000,40.00,94814
6523.000,6523.000,40.00,151106
6524.000,6524.000,40.00,2
6525.000,6525.000,70.00,2
6526.000,6526.000,40.00,15516
6527.000,6527.000,40.00,29595
6528.000,6528.000,40.00,150126
6529.000,6529.000,40.00,168277
6530.000,6530.000,40.00,174726
6531.000,6531.000,40.00,154654
6533.000,6533.000,40.00,151683
6534.000,6534.000,40.00,170083
6535.000,6535.000,40.00,166801
6536.000,6536.000,40.00,148137
6537.000,6537.000,40.00,103922
6538.000,6538.000,40.00,2
6538.000,6538.000,70.00,2
6540.000,6540.000,40.00,21917
6541.000,6541.000,40.00,30045
6542.000,6542.000,40.00,30047
6543.000,6543.000,40.00,31131
6544.000,6544.000,40.00,31250
6546.000,6546.000,40.00,30490
6547.000,6547.000,40.00,30920
6548.000,6548.000,40.00,31791
6549.000,6549.000,40.00,190614
6551.000,6551.000,40.00,226049
6551.000,6551.000,40.00,73998
6552.000,6552.000,67.00,2
6552.000,6552.000,40.00,2
6554.000,6554.000,40.00,70300
6555.000,6555.000,40.00,230519
6556.000,6556.000,40.00,227217
6557.000,6557.000,40.00,232329
6558.000,6558.000,40.00,180386
6559.000,6559.000,40.00,57932
6560.000,6560.000,40.00,40785
6562.000,6562.000,40.00,49214
6563.000,6563.000,40.00,49598
6565.000,6565.000,40.00,20301
6566.000,6566.000,68.00,2
6566.000,6566.000,40.00,2
6568.000,6568.000,40.00,173248
6569.000,6569.000,40.00,278931
6570.000,6570.000,40.00,284742
6571.000,6571.000,40.00,205931
6572.000,6572.000,40.00,231977
6573.000,6573.000,40.00,226072
6574.000,6574.000,40.00,185929
6575.000,6575.000,40.00,173916
6577.000,6577.000,40.00,192659
6579.000,6579.000,40.00,118513
6580.000,6580.000,40.00,2
6580.000,6580.000,67.00,2
6581.000,6581.000,40.00,32175
6582.000,6582.000,40.00,178741
6583.000,6583.000,40.00,220200
6585.000,6585.000,40.00,207723
6586.000,6586.000,40.00,200100
6587.000,6587.000,40.00,227692
6588.000,6588.000,40.00,216066
6589.000,6589.000,40.00,217396
6590.000,6590.000,40.00,208718
6591.000,6591.000,40.00,226039
6592.000,6592.000,40.00,201449
6593.000,6593.000,40.00,0
6594.000,6594.000,66.00,0
6595.000,6595.000,40.00,8800
6596.000,6596.000,40.00,86878
6597.000,6597.000,40.00,104652
6598.000,6598.000,40.00,150451
6599.000,6599.000,40.00,235339
6600.000,6600.000,40.00,270134
6601.000,6601.000,40.00,220361
6602.000,6602.000,40.00,218403
6604.000,6604.000,40.00,227302
6605.000,6605.000,40.00,196282
6607.000,6607.000,40.00,6993
6608.000,6608.000,68.00,6993
6608.000,6608.000,40.00,6661
6609.000,6609.000,40.00,176302
6610.000,6610.000,40.00,203670
6612.000,6612.000,40.00,134036
6613.000,6613.000,40.00,136876
6614.000,6614.000,40.00,135607
6615.000,6615.000,40.00,139746
6616.000,6616.000,40.00,142302
6618.000,6618.000,40.00,146672
6619.000,6619.000,40.00,144975
6620.000,6620.000,40.00,157106
6621.000,6621.000,40.00,5288
6622.000,6622.000,67.00,5288
6622.000,6622.000,40.00,37867
6623.000,6623.000,40.00,186801
6624.000,6624.000,40.00,159827
6626.000,6626.000,40.00,134338
6627.000,6627.000,40.00,93703
6628.000,6628.000,40.00,101546
6629.000,6629.000,40.00,106834
6630.000,6630.000,40.00,106503
6632.000,6632.000,40.00,118953
6633.000,6633.000,40.00,124514
6634.000,6634.000,40.00,57418
6635.000,6635.000,40.00,1
6635.000,6635.000,68.00,1
6636.000,6636.000,40.00,50946
6637.000,6637.000,40.00,242688
6639.000,6639.000,40.00,197961
6640.000,6640.000,40.00,199365
6641.000,6641.000,40.00,200280
6642.000,6642.000,40.00,180803
6643.000,6643.000,40.00,179523
6644.000,6644.000,40.00,183374
6645.000,6645.000,40.00,183518
6647.000,6647.000,40.00,214441
6648.000,6648.000,40.00,206900
6648.000,6648.000,40.00,206900
6649.000,6649.000,40.00,0
6649.000,6649.000,70.00,0
6650.000,6650.000,40.00,84590
6651.000,6651.000,40.00,276708
6652.000,6652.000,40.00,276724
6653.000,6653.000,40.00,40469
