since,relative_seconds,rtt,bandwidth_kbps
0.000,0.000,40.00,0
1.000,1.000,40.00,0
2.000,2.000,40.00,6
3.000,3.000,40.00,47
4.000,4.000,40.00,1
5.000,5.000,40.00,0
7.000,7.000,40.00,43
8.000,8.000,40.00,205
9.000,9.000,40.00,2039
10.000,10.000,40.00,35126
11.000,11.000,40.00,136
12.000,12.000,40.00,2
13.000,13.000,40.00,0
14.000,14.000,40.00,19361
15.000,15.000,40.00,0
16.000,16.000,40.00,0
18.000,18.000,40.00,0
19.000,19.000,40.00,0
20.000,20.000,40.00,100
21.000,21.000,40.00,469
22.000,22.000,40.00,165
23.000,23.000,40.00,274
24.000,24.000,40.00,0
25.000,25.000,40.00,0
26.000,26.000,40.00,0
27.000,27.000,40.00,0
29.000,29.000,40.00,2
30.000,30.000,40.00,0
31.000,31.000,40.00,2
32.000,32.000,40.00,0
33.000,33.000,40.00,2
34.000,34.000,40.00,163
35.000,35.000,40.00,0
36.000,36.000,40.00,0
37.000,37.000,40.00,0
38.000,38.000,40.00,0
39.000,39.000,40.00,0
41.000,41.000,40.00,0
42.000,42.000,40.00,0
43.000,43.000,40.00,0
44.000,44.000,40.00,0
45.000,45.000,40.00,0
46.000,46.000,40.00,0
47.000,47.000,40.00,0
48.000,48.000,40.00,0
49.000,49.000,40.00,0
50.000,50.000,40.00,2
51.000,51.000,40.00,0
52.000,52.000,40.00,2
53.000,53.000,40.00,2
54.000,54.000,40.00,1
56.000,56.000,40.00,0
57.000,57.000,40.00,0
58.000,58.000,40.00,0
59.000,59.000,40.00,0
60.000,60.000,40.00,0
61.000,61.000,40.00,0
62.000,62.000,40.00,0
63.000,63.000,40.00,0
64.000,64.000,40.00,0
66.000,66.000,40.00,0
67.000,67.000,40.00,0
68.000,68.000,40.00,20
69.000,69.000,40.00,0
70.000,70.000,40.00,3
71.000,71.000,40.00,3
72.000,72.000,40.00,0
73.000,73.000,40.00,3
74.000,74.000,40.00,0
75.000,75.000,40.00,3
76.000,76.000,40.00,0
77.000,77.000,40.00,0
79.000,79.000,40.00,0
80.000,80.000,40.00,0
81.000,81.000,40.00,0
82.000,82.000,40.00,69
83.000,83.000,40.00,0
84.000,84.000,40.00,0
85.000,85.000,40.00,0
86.000,86.000,40.00,0
88.000,88.000,40.00,0
89.000,89.000,40.00,108
90.000,90.000,40.00,65
91.000,91.000,40.00,9
92.000,92.000,40.00,22665
93.000,93.000,40.00,101320
94.000,94.000,40.00,3
95.000,95.000,40.00,0
96.000,96.000,40.00,2
97.000,97.000,40.00,13572
98.000,98.000,40.00,1
99.000,99.000,40.00,44370
100.000,100.000,40.00,0
102.000,102.000,40.00,0
103.000,103.000,40.00,0
104.000,104.000,40.00,0
105.000,105.000,40.00,0
106.000,106.000,40.00,0
107.000,107.000,40.00,0
108.000,108.000,40.00,4
109.000,109.000,40.00,0
110.000,110.000,40.00,0
111.000,111.000,40.00,0
112.000,112.000,40.00,0
113.000,113.000,40.00,18
114.000,114.000,40.00,0
115.000,115.000,40.00,0
117.000,117.000,40.00,2
118.000,118.000,40.00,0
119.000,119.000,40.00,0
120.000,120.000,40.00,0
121.000,121.000,40.00,0
122.000,122.000,40.00,0
123.000,123.000,40.00,2
124.000,124.000,40.00,0
125.000,125.000,40.00,0
126.000,126.000,40.00,0
127.000,127.000,40.00,16
128.000,128.000,40.00,0
129.000,129.000,40.00,0
131.000,131.000,40.00,0
132.000,132.000,40.00,0
133.000,133.000,40.00,0
134.000,134.000,40.00,2
135.000,135.000,40.00,0
136.000,136.000,40.00,2
137.000,137.000,40.00,0
138.000,138.000,40.00,2
139.000,139.000,40.00,0
140.000,140.000,40.00,0
141.000,141.000,40.00,12703
142.000,142.000,40.00,0
143.000,143.000,40.00,0
144.000,144.000,40.00,0
146.000,146.000,40.00,0
147.000,147.000,40.00,0
148.000,148.000,40.00,0
149.000,149.000,40.00,0
150.000,150.000,40.00,1
151.000,151.000,40.00,0
152.000,152.000,40.00,18
153.000,153.000,40.00,0
154.000,154.000,40.00,0
155.000,155.000,40.00,2
156.000,156.000,40.00,0
157.000,157.000,40.00,4
158.000,158.000,40.00,0
159.000,159.000,40.00,0
161.000,161.000,40.00,0
162.000,162.000,40.00,0
163.000,163.000,40.00,0
164.000,164.000,40.00,0
165.000,165.000,40.00,0
166.000,166.000,40.00,0
167.000,167.000,40.00,0
168.000,168.000,40.00,0
169.000,169.000,40.00,0
170.000,170.000,40.00,0
171.000,171.000,40.00,0
172.000,172.000,40.00,0
173.000,173.000,40.00,0
175.000,175.000,40.00,2
176.000,176.000,40.00,2
177.000,177.000,40.00,0
178.000,178.000,40.00,2
179.000,179.000,40.00,0
180.000,180.000,40.00,2
181.000,181.000,40.00,0
182.000,182.000,40.00,0
183.000,183.000,40.00,0
184.000,184.000,40.00,0
185.000,185.000,40.00,0
186.000,186.000,40.00,9248
187.000,187.000,40.00,7870
189.000,189.000,40.00,0
190.000,190.000,40.00,0
191.000,191.000,40.00,0
192.000,192.000,40.00,0
193.000,193.000,40.00,0
194.000,194.000,40.00,0
195.000,195.000,40.00,0
196.000,196.000,40.00,0
197.000,197.000,40.00,2
198.000,198.000,40.00,0
199.000,199.000,40.00,2
200.000,200.000,40.00,0
201.000,201.000,40.00,2
202.000,202.000,40.00,0
204.000,204.000,40.00,0
205.000,205.000,40.00,0
206.000,206.000,40.00,0
207.000,207.000,40.00,0
208.000,208.000,40.00,0
209.000,209.000,40.00,0
210.000,210.000,40.00,0
211.000,211.000,40.00,0
212.000,212.000,40.00,27
213.000,213.000,40.00,8
214.000,214.000,40.00,352
215.000,215.000,40.00,21298
216.000,216.000,40.00,0
217.000,217.000,40.00,2
219.000,219.000,40.00,0
220.000,220.000,40.00,10510
221.000,221.000,40.00,8310
222.000,222.000,40.00,0
223.000,223.000,40.00,0
224.000,224.000,40.00,0
225.000,225.000,40.00,0
226.000,226.000,40.00,0
227.000,227.000,40.00,0
228.000,228.000,40.00,4
229.000,229.000,40.00,0
230.000,230.000,40.00,0
231.000,231.000,40.00,0
233.000,233.000,40.00,41302
234.000,234.000,40.00,0
235.000,235.000,40.00,0
236.000,236.000,40.00,1
237.000,237.000,40.00,2
238.000,238.000,40.00,0
239.000,239.000,40.00,2
240.000,240.000,40.00,0
241.000,241.000,40.00,2
242.000,242.000,40.00,0
243.000,243.000,40.00,0
244.000,244.000,40.00,0
246.000,246.000,40.00,0
247.000,247.000,40.00,0
248.000,248.000,40.00,15
249.000,249.000,40.00,0
250.000,250.000,40.00,0
251.000,251.000,40.00,0
252.000,252.000,40.00,0
253.000,253.000,40.00,0
254.000,254.000,40.00,0
255.000,255.000,40.00,0
256.000,256.000,40.00,0
257.000,257.000,40.00,2
258.000,258.000,40.00,0
260.000,260.000,40.00,4
261.000,261.000,40.00,0
262.000,262.000,40.00,2
263.000,263.000,40.00,0
264.000,264.000,40.00,0
265.000,265.000,40.00,0
266.000,266.000,40.00,1
267.000,267.000,40.00,0
268.000,268.000,40.00,0
269.000,269.000,40.00,0
270.000,270.000,40.00,0
271.000,271.000,40.00,0
272.000,272.000,40.00,15
274.000,274.000,40.00,0
275.000,275.000,40.00,0
276.000,276.000,40.00,0
277.000,277.000,40.00,0
278.000,278.000,40.00,27422
279.000,279.000,40.00,2
280.000,280.000,40.00,6
281.000,281.000,40.00,4
282.000,282.000,40.00,0
283.000,283.000,40.00,2
284.000,284.000,40.00,0
285.000,285.000,40.00,0
286.000,286.000,40.00,0
287.000,287.000,40.00,0
289.000,289.000,40.00,0
290.000,290.000,40.00,1
291.000,291.000,40.00,0
292.000,292.000,40.00,0
293.000,293.000,40.00,0
294.000,294.000,40.00,0
295.000,295.000,40.00,0
296.000,296.000,40.00,0
297.000,297.000,40.00,0
298.000,298.000,40.00,0
299.000,299.000,40.00,2
300.000,300.000,40.00,0
301.000,301.000,40.00,2
303.000,303.000,40.00,0
304.000,304.000,40.00,2
305.000,305.000,40.00,0
306.000,306.000,40.00,0
307.000,307.000,40.00,0
308.000,308.000,40.00,0
309.000,309.000,40.00,0
310.000,310.000,40.00,0
311.000,311.000,40.00,0
312.000,312.000,40.00,0
313.000,313.000,40.00,0
314.000,314.000,40.00,0
315.000,315.000,40.00,0
317.000,317.000,40.00,0
318.000,318.000,40.00,0
319.000,319.000,40.00,0
320.000,320.000,40.00,0
321.000,321.000,40.00,2
322.000,322.000,40.00,0
323.000,323.000,40.00,7429
324.000,324.000,40.00,0
325.000,325.000,40.00,2
326.000,326.000,40.00,0
327.000,327.000,40.00,0
328.000,328.000,40.00,0
329.000,329.000,40.00,0
331.000,331.000,40.00,0
332.000,332.000,40.00,15
333.000,333.000,40.00,0
334.000,334.000,40.00,0
335.000,335.000,40.00,0
336.000,336.000,40.00,0
337.000,337.000,40.00,0
338.000,338.000,40.00,0
339.000,339.000,40.00,0
340.000,340.000,40.00,0
341.000,341.000,40.00,2
342.000,342.000,40.00,0
344.000,344.000,40.00,2
345.000,345.000,40.00,0
346.000,346.000,40.00,2
347.000,347.000,40.00,0
348.000,348.000,40.00,0
349.000,349.000,40.00,0
350.000,350.000,40.00,0
351.000,351.000,40.00,0
352.000,352.000,40.00,0
353.000,353.000,40.00,0
354.000,354.000,40.00,0
355.000,355.000,40.00,0
356.000,356.000,40.00,0
358.000,358.000,40.00,0
359.000,359.000,40.00,0
360.000,360.000,40.00,0
361.000,361.000,40.00,0
362.000,362.000,40.00,0
363.000,363.000,40.00,2
364.000,364.000,40.00,0
365.000,365.000,40.00,2
366.000,366.000,40.00,0
367.000,367.000,40.00,2
368.000,368.000,40.00,14919
369.000,369.000,40.00,4794
370.000,370.000,40.00,0
372.000,372.000,40.00,0
373.000,373.000,40.00,0
374.000,374.000,40.00,0
375.000,375.000,40.00,0
376.000,376.000,40.00,0
377.000,377.000,40.00,0
378.000,378.000,40.00,0
379.000,379.000,40.00,0
380.000,380.000,40.00,0
381.000,381.000,40.00,0
382.000,382.000,40.00,0
383.000,383.000,40.00,2
384.000,384.000,40.00,0
386.000,386.000,40.00,2
387.000,387.000,40.00,0
388.000,388.000,40.00,2
389.000,389.000,40.00,0
390.000,390.000,40.00,0
391.000,391.000,40.00,0
392.000,392.000,40.00,15
393.000,393.000,40.00,0
394.000,394.000,40.00,0
395.000,395.000,40.00,0
396.000,396.000,40.00,0
397.000,397.000,40.00,0
398.000,398.000,40.00,0
400.000,400.000,40.00,0
401.000,401.000,40.00,0
402.000,402.000,40.00,0
403.000,403.000,40.00,0
404.000,404.000,40.00,0
405.000,405.000,40.00,2
406.000,406.000,40.00,0
407.000,407.000,40.00,2
408.000,408.000,40.00,0
409.000,409.000,40.00,2
410.000,410.000,40.00,0
411.000,411.000,40.00,0
412.000,412.000,40.00,0
414.000,414.000,40.00,109
415.000,415.000,40.00,9364
416.000,416.000,40.00,0
417.000,417.000,40.00,0
418.000,418.000,40.00,0
419.000,419.000,40.00,0
420.000,420.000,40.00,0
421.000,421.000,40.00,0
422.000,422.000,40.00,0
423.000,423.000,40.00,0
424.000,424.000,40.00,0
425.000,425.000,40.00,2
426.000,426.000,40.00,0
428.000,428.000,40.00,2
429.000,429.000,40.00,0
430.000,430.000,40.00,2
431.000,431.000,40.00,0
432.000,432.000,40.00,0
433.000,433.000,40.00,0
434.000,434.000,40.00,0
435.000,435.000,40.00,0
436.000,436.000,40.00,0
437.000,437.000,40.00,0
438.000,438.000,40.00,0
439.000,439.000,40.00,0
440.000,440.000,40.00,0
442.000,442.000,40.00,0
443.000,443.000,40.00,0
444.000,444.000,40.00,0
445.000,445.000,40.00,0
446.000,446.000,40.00,0
447.000,447.000,40.00,2
448.000,448.000,40.00,0
449.000,449.000,40.00,2
450.000,450.000,40.00,0
451.000,451.000,40.00,2
452.000,452.000,40.00,15
453.000,453.000,40.00,0
454.000,454.000,40.00,0
456.000,456.000,40.00,0
457.000,457.000,40.00,0
458.000,458.000,40.00,0
459.000,459.000,40.00,5
460.000,460.000,40.00,16274
461.000,461.000,40.00,0
462.000,462.000,40.00,0
463.000,463.000,40.00,0
464.000,464.000,40.00,0
465.000,465.000,40.00,0
466.000,466.000,40.00,0
467.000,467.000,40.00,3
468.000,468.000,40.00,0
470.000,470.000,40.00,2
471.000,471.000,40.00,0
472.000,472.000,40.00,2
473.000,473.000,40.00,0
474.000,474.000,40.00,0
475.000,475.000,40.00,0
476.000,476.000,40.00,0
477.000,477.000,40.00,0
478.000,478.000,40.00,0
479.000,479.000,40.00,0
480.000,480.000,40.00,0
481.000,481.000,40.00,0
482.000,482.000,40.00,0
484.000,484.000,40.00,0
485.000,485.000,40.00,0
486.000,486.000,40.00,0
487.000,487.000,40.00,0
488.000,488.000,40.00,0
489.000,489.000,40.00,2
490.000,490.000,40.00,0
491.000,491.000,40.00,2
492.000,492.000,40.00,0
493.000,493.000,40.00,2
494.000,494.000,40.00,0
495.000,495.000,40.00,0
496.000,496.000,40.00,0
498.000,498.000,40.00,0
499.000,499.000,40.00,0
500.000,500.000,40.00,0
501.000,501.000,40.00,0
502.000,502.000,40.00,0
503.000,503.000,40.00,0
504.000,504.000,40.00,0
505.000,505.000,40.00,13789
506.000,506.000,40.00,0
507.000,507.000,40.00,0
508.000,508.000,40.00,0
509.000,509.000,40.00,2
510.000,510.000,40.00,0
511.000,511.000,40.00,3
513.000,513.000,40.00,30
514.000,514.000,40.00,2
515.000,515.000,40.00,0
516.000,516.000,40.00,0
517.000,517.000,40.00,0
518.000,518.000,40.00,0
519.000,519.000,40.00,0
520.000,520.000,40.00,0
521.000,521.000,40.00,0
522.000,522.000,40.00,0
523.000,523.000,40.00,0
524.000,524.000,40.00,0
525.000,525.000,40.00,0
527.000,527.000,40.00,0
528.000,528.000,40.00,0
529.000,529.000,40.00,0
530.000,530.000,40.00,0
531.000,531.000,40.00,2
532.000,532.000,40.00,0
533.000,533.000,40.00,2
534.000,534.000,40.00,0
535.000,535.000,40.00,2
536.000,536.000,40.00,0
537.000,537.000,40.00,0
538.000,538.000,40.00,0
539.000,539.000,40.00,0
541.000,541.000,40.00,0
542.000,542.000,40.00,0
543.000,543.000,40.00,0
544.000,544.000,40.00,0
545.000,545.000,40.00,0
546.000,546.000,40.00,0
547.000,547.000,40.00,0
548.000,548.000,40.00,0
549.000,549.000,40.00,0
550.000,550.000,40.00,11794
551.000,551.000,40.00,0
552.000,552.000,40.00,0
553.000,553.000,40.00,2
555.000,555.000,40.00,0
556.000,556.000,40.00,2
557.000,557.000,40.00,0
558.000,558.000,40.00,0
559.000,559.000,40.00,0
560.000,560.000,40.00,0
561.000,561.000,40.00,0
562.000,562.000,40.00,0
563.000,563.000,40.00,0
564.000,564.000,40.00,0
565.000,565.000,40.00,0
566.000,566.000,40.00,0
567.000,567.000,40.00,0
569.000,569.000,40.00,0
570.000,570.000,40.00,0
571.000,571.000,40.00,0
572.000,572.000,40.00,15
573.000,573.000,40.00,2
574.000,574.000,40.00,0
575.000,575.000,40.00,2
576.000,576.000,40.00,0
577.000,577.000,40.00,2
578.000,578.000,40.00,0
579.000,579.000,40.00,0
580.000,580.000,40.00,0
581.000,581.000,40.00,0
583.000,583.000,40.00,0
584.000,584.000,40.00,0
585.000,585.000,40.00,0
586.000,586.000,40.00,0
587.000,587.000,40.00,0
588.000,588.000,40.00,0
589.000,589.000,40.00,0
590.000,590.000,40.00,0
591.000,591.000,40.00,0
592.000,592.000,40.00,0
593.000,593.000,40.00,0
594.000,594.000,40.00,2
595.000,595.000,40.00,14062
596.000,596.000,40.00,0
598.000,598.000,40.00,2
599.000,599.000,40.00,1
600.000,600.000,40.00,0
601.000,601.000,40.00,0
602.000,602.000,40.00,0
603.000,603.000,40.00,0
604.000,604.000,40.00,0
605.000,605.000,40.00,0
606.000,606.000,40.00,0
607.000,607.000,40.00,0
608.000,608.000,40.00,0
609.000,609.000,40.00,0
611.000,611.000,40.00,0
612.000,612.000,40.00,0
613.000,613.000,40.00,0
614.000,614.000,40.00,0
615.000,615.000,40.00,2
616.000,616.000,40.00,0
617.000,617.000,40.00,2
618.000,618.000,40.00,0
619.000,619.000,40.00,2
620.000,620.000,40.00,0
621.000,621.000,40.00,0
622.000,622.000,40.00,0
623.000,623.000,40.00,0
625.000,625.000,40.00,0
626.000,626.000,40.00,0
627.000,627.000,40.00,0
628.000,628.000,40.00,0
629.000,629.000,40.00,0
630.000,630.000,40.00,0
631.000,631.000,40.00,0
632.000,632.000,40.00,15
633.000,633.000,40.00,0
634.000,634.000,40.00,0
635.000,635.000,40.00,0
636.000,636.000,40.00,0
638.000,638.000,40.00,2
639.000,639.000,40.00,0
640.000,640.000,40.00,2
641.000,641.000,40.00,18429
642.000,642.000,40.00,0
643.000,643.000,40.00,0
644.000,644.000,40.00,0
645.000,645.000,40.00,0
646.000,646.000,40.00,0
647.000,647.000,40.00,0
648.000,648.000,40.00,0
649.000,649.000,40.00,0
650.000,650.000,40.00,0
652.000,652.000,40.00,0
653.000,653.000,40.00,0
654.000,654.000,40.00,0
655.000,655.000,40.00,0
656.000,656.000,40.00,0
657.000,657.000,40.00,2
658.000,658.000,40.00,0
659.000,659.000,40.00,2
660.000,660.000,40.00,0
661.000,661.000,40.00,2
662.000,662.000,40.00,0
663.000,663.000,40.00,0
664.000,664.000,40.00,0
666.000,666.000,40.00,0
667.000,667.000,40.00,0
668.000,668.000,40.00,0
669.000,669.000,40.00,0
670.000,670.000,40.00,0
671.000,671.000,40.00,0
672.000,672.000,40.00,0
673.000,673.000,40.00,0
674.000,674.000,40.00,0
675.000,675.000,40.00,0
676.000,676.000,40.00,0
677.000,677.000,40.00,0
679.000,679.000,40.00,0
680.000,680.000,40.00,2
681.000,681.000,40.00,0
682.000,682.000,40.00,2
683.000,683.000,40.00,0
684.000,684.000,40.00,0
685.000,685.000,40.00,0
686.000,686.000,40.00,21753
687.000,687.000,40.00,0
688.000,688.000,40.00,0
689.000,689.000,40.00,0
690.000,690.000,40.00,0
691.000,691.000,40.00,0
693.000,693.000,40.00,15
694.000,694.000,40.00,0
695.000,695.000,40.00,0
696.000,696.000,40.00,0
697.000,697.000,40.00,0
698.000,698.000,40.00,0
699.000,699.000,40.00,2
700.000,700.000,40.00,0
701.000,701.000,40.00,2
702.000,702.000,40.00,0
703.000,703.000,40.00,2
704.000,704.000,40.00,0
705.000,705.000,40.00,0
707.000,707.000,40.00,0
708.000,708.000,40.00,0
709.000,709.000,40.00,0
710.000,710.000,40.00,0
711.000,711.000,40.00,0
712.000,712.000,40.00,0
713.000,713.000,40.00,0
714.000,714.000,40.00,0
715.000,715.000,40.00,0
716.000,716.000,40.00,0
717.000,717.000,40.00,0
718.000,718.000,40.00,0
719.000,719.000,40.00,0
721.000,721.000,40.00,0
722.000,722.000,40.00,2
723.000,723.000,40.00,0
724.000,724.000,40.00,2
725.000,725.000,40.00,0
726.000,726.000,40.00,0
727.000,727.000,40.00,0
728.000,728.000,40.00,0
729.000,729.000,40.00,0
730.000,730.000,40.00,0
731.000,731.000,40.00,22071
732.000,732.000,40.00,0
733.000,733.000,40.00,0
735.000,735.000,40.00,0
736.000,736.000,40.00,0
737.000,737.000,40.00,0
738.000,738.000,40.00,0
739.000,739.000,40.00,0
740.000,740.000,40.00,0
741.000,741.000,40.00,2
742.000,742.000,40.00,0
743.000,743.000,40.00,2
744.000,744.000,40.00,0
745.000,745.000,40.00,2
746.000,746.000,40.00,0
747.000,747.000,40.00,0
749.000,749.000,40.00,0
750.000,750.000,40.00,0
751.000,751.000,40.00,0
752.000,752.000,40.00,16
753.000,753.000,40.00,0
754.000,754.000,40.00,0
755.000,755.000,40.00,0
756.000,756.000,40.00,0
757.000,757.000,40.00,0
758.000,758.000,40.00,0
759.000,759.000,40.00,0
760.000,760.000,40.00,0
761.000,761.000,40.00,0
763.000,763.000,40.00,0
764.000,764.000,40.00,2
765.000,765.000,40.00,0
766.000,766.000,40.00,2
767.000,767.000,40.00,0
768.000,768.000,40.00,0
769.000,769.000,40.00,0
770.000,770.000,40.00,0
771.000,771.000,40.00,0
772.000,772.000,40.00,0
773.000,773.000,40.00,0
774.000,774.000,40.00,0
775.000,775.000,40.00,0
777.000,777.000,40.00,18464
778.000,778.000,40.00,0
779.000,779.000,40.00,0
780.000,780.000,40.00,0
781.000,781.000,40.00,0
782.000,782.000,40.00,0
783.000,783.000,40.00,2
784.000,784.000,40.00,0
785.000,785.000,40.00,2
786.000,786.000,40.00,0
787.000,787.000,40.00,2
788.000,788.000,40.00,0
789.000,789.000,40.00,0
791.000,791.000,40.00,0
792.000,792.000,40.00,0
793.000,793.000,40.00,0
794.000,794.000,40.00,0
795.000,795.000,40.00,0
796.000,796.000,40.00,0
797.000,797.000,40.00,0
798.000,798.000,40.00,0
799.000,799.000,40.00,0
800.000,800.000,40.00,0
801.000,801.000,40.00,0
802.000,802.000,40.00,0
803.000,803.000,40.00,0
805.000,805.000,40.00,0
806.000,806.000,40.00,2
807.000,807.000,40.00,0
808.000,808.000,40.00,2
809.000,809.000,40.00,0
810.000,810.000,40.00,0
811.000,811.000,40.00,0
812.000,812.000,40.00,15
813.000,813.000,40.00,0
814.000,814.000,40.00,0
815.000,815.000,40.00,0
816.000,816.000,40.00,0
817.000,817.000,40.00,0
819.000,819.000,40.00,0
820.000,820.000,40.00,0
821.000,821.000,40.00,0
822.000,822.000,40.00,20508
823.000,823.000,40.00,0
824.000,824.000,40.00,0
825.000,825.000,40.00,2
826.000,826.000,40.00,0
827.000,827.000,40.00,2
828.000,828.000,40.00,0
829.000,829.000,40.00,2
830.000,830.000,40.00,0
831.000,831.000,40.00,0
832.000,832.000,40.00,0
834.000,834.000,40.00,0
835.000,835.000,40.00,0
836.000,836.000,40.00,0
837.000,837.000,40.00,0
838.000,838.000,40.00,0
839.000,839.000,40.00,0
840.000,840.000,40.00,0
841.000,841.000,40.00,0
842.000,842.000,40.00,0
843.000,843.000,40.00,0
844.000,844.000,40.00,0
845.000,845.000,40.00,0
847.000,847.000,40.00,2
848.000,848.000,40.00,2
849.000,849.000,40.00,0
850.000,850.000,40.00,2
851.000,851.000,40.00,0
852.000,852.000,40.00,0
853.000,853.000,40.00,0
854.000,854.000,40.00,0
855.000,855.000,40.00,0
856.000,856.000,40.00,0
857.000,857.000,40.00,0
858.000,858.000,40.00,0
859.000,859.000,40.00,0
861.000,861.000,40.00,0
862.000,862.000,40.00,0
863.000,863.000,40.00,0
864.000,864.000,40.00,0
865.000,865.000,40.00,0
866.000,866.000,40.00,0
867.000,867.000,40.00,16914
868.000,868.000,40.00,0
869.000,869.000,40.00,44
870.000,870.000,40.00,54
871.000,871.000,40.00,2
872.000,872.000,40.00,15
873.000,873.000,40.00,0
875.000,875.000,40.00,0
876.000,876.000,40.00,0
877.000,877.000,40.00,0
878.000,878.000,40.00,0
879.000,879.000,40.00,0
880.000,880.000,40.00,0
881.000,881.000,40.00,0
882.000,882.000,40.00,0
883.000,883.000,40.00,0
884.000,884.000,40.00,0
885.000,885.000,40.00,0
886.000,886.000,40.00,0
887.000,887.000,40.00,0
888.000,888.000,40.00,2
890.000,890.000,40.00,0
891.000,891.000,40.00,0
892.000,892.000,40.00,2
893.000,893.000,40.00,0
894.000,894.000,40.00,0
895.000,895.000,40.00,0
896.000,896.000,40.00,0
897.000,897.000,40.00,0
898.000,898.000,40.00,0
899.000,899.000,40.00,0
900.000,900.000,40.00,0
901.000,901.000,40.00,0
903.000,903.000,40.00,0
904.000,904.000,40.00,0
905.000,905.000,40.00,0
906.000,906.000,40.00,0
907.000,907.000,40.00,0
908.000,908.000,40.00,0
909.000,909.000,40.00,2
910.000,910.000,40.00,1
911.000,911.000,40.00,2
912.000,912.000,40.00,7164
913.000,913.000,40.00,2
914.000,914.000,40.00,0
915.000,915.000,40.00,0
916.000,916.000,40.00,11
918.000,918.000,40.00,0
919.000,919.000,40.00,0
920.000,920.000,40.00,0
921.000,921.000,40.00,0
922.000,922.000,40.00,0
923.000,923.000,40.00,0
924.000,924.000,40.00,0
925.000,925.000,40.00,0
926.000,926.000,40.00,0
927.000,927.000,40.00,0
928.000,928.000,40.00,0
929.000,929.000,40.00,0
931.000,931.000,40.00,2
932.000,932.000,40.00,0
933.000,933.000,40.00,15
934.000,934.000,40.00,2
935.000,935.000,40.00,0
936.000,936.000,40.00,0
937.000,937.000,40.00,0
938.000,938.000,40.00,0
939.000,939.000,40.00,0
940.000,940.000,40.00,0
941.000,941.000,40.00,0
942.000,942.000,40.00,0
943.000,943.000,40.00,0
945.000,945.000,40.00,0
946.000,946.000,40.00,0
947.000,947.000,40.00,0
948.000,948.000,40.00,0
949.000,949.000,40.00,0
950.000,950.000,40.00,0
951.000,951.000,40.00,14
952.000,952.000,40.00,0
953.000,953.000,40.00,2
954.000,954.000,40.00,0
955.000,955.000,40.00,2
956.000,956.000,40.00,0
957.000,957.000,40.00,20969
959.000,959.000,40.00,0
960.000,960.000,40.00,0
961.000,961.000,40.00,0
962.000,962.000,40.00,0
963.000,963.000,40.00,0
964.000,964.000,40.00,0
965.000,965.000,40.00,0
966.000,966.000,40.00,0
967.000,967.000,40.00,0
968.000,968.000,40.00,0
969.000,969.000,40.00,0
970.000,970.000,40.00,0
971.000,971.000,40.00,0
973.000,973.000,40.00,2
974.000,974.000,40.00,2
975.000,975.000,40.00,0
976.000,976.000,40.00,2
977.000,977.000,40.00,0
978.000,978.000,40.00,0
979.000,979.000,40.00,0
980.000,980.000,40.00,0
981.000,981.000,40.00,0
982.000,982.000,40.00,0
983.000,983.000,40.00,0
984.000,984.000,40.00,0
985.000,985.000,40.00,0
987.000,987.000,40.00,0
988.000,988.000,40.00,0
989.000,989.000,40.00,0
990.000,990.000,40.00,0
991.000,991.000,40.00,0
992.000,992.000,40.00,15
993.000,993.000,40.00,2
994.000,994.000,40.00,0
995.000,995.000,40.00,2
996.000,996.000,40.00,0
997.000,997.000,40.00,2
998.000,998.000,40.00,0
999.000,999.000,40.00,0
1000.000,1000.000,40.00,0
1002.000,1002.000,40.00,0
1003.000,1003.000,40.00,19995
1004.000,1004.000,40.00,0
1005.000,1005.000,40.00,0
1006.000,1006.000,40.00,0
1007.000,1007.000,40.00,0
1008.000,1008.000,40.00,0
1009.000,1009.000,40.00,0
1010.000,1010.000,40.00,0
1011.000,1011.000,40.00,0
1012.000,1012.000,40.00,0
1013.000,1013.000,40.00,0
1014.000,1014.000,40.00,2
1016.000,1016.000,40.00,0
1017.000,1017.000,40.00,2
1018.000,1018.000,40.00,2
1019.000,1019.000,40.00,0
1020.000,1020.000,40.00,0
1021.000,1021.000,40.00,0
1022.000,1022.000,40.00,0
1023.000,1023.000,40.00,0
1024.000,1024.000,40.00,0
1025.000,1025.000,40.00,0
1026.000,1026.000,40.00,0
1027.000,1027.000,40.00,0
1028.000,1028.000,40.00,0
1030.000,1030.000,40.00,0
1031.000,1031.000,40.00,0
1032.000,1032.000,40.00,0
1033.000,1033.000,40.00,0
1034.000,1034.000,40.00,0
1035.000,1035.000,40.00,2
1036.000,1036.000,40.00,0
1037.000,1037.000,40.00,2
1038.000,1038.000,40.00,0
1039.000,1039.000,40.00,2
1040.000,1040.000,40.00,0
1041.000,1041.000,40.00,0
1042.000,1042.000,40.00,0
1044.000,1044.000,40.00,0
1045.000,1045.000,40.00,0
1046.000,1046.000,40.00,0
1047.000,1047.000,40.00,0
1048.000,1048.000,40.00,15480
1049.000,1049.000,40.00,0
1050.000,1050.000,40.00,0
1051.000,1051.000,40.00,0
1052.000,1052.000,40.00,16
1053.000,1053.000,40.00,41
1054.000,1054.000,40.00,29
1055.000,1055.000,40.00,24
1056.000,1056.000,40.00,17
1057.000,1057.000,40.00,0
1059.000,1059.000,40.00,2
1060.000,1060.000,40.00,0
1061.000,1061.000,40.00,2
1062.000,1062.000,40.00,0
1063.000,1063.000,40.00,0
1064.000,1064.000,40.00,0
1065.000,1065.000,40.00,0
1066.000,1066.000,40.00,0
1067.000,1067.000,40.00,0
1068.000,1068.000,40.00,0
1069.000,1069.000,40.00,0
1070.000,1070.000,40.00,0
1071.000,1071.000,40.00,0
1072.000,1072.000,40.00,0
1074.000,1074.000,40.00,0
1075.000,1075.000,40.00,0
1076.000,1076.000,40.00,0
1077.000,1077.000,40.00,2
1078.000,1078.000,40.00,0
1079.000,1079.000,40.00,2
1080.000,1080.000,40.00,0
1081.000,1081.000,40.00,2
1082.000,1082.000,40.00,0
1083.000,1083.000,40.00,0
1084.000,1084.000,40.00,0
1085.000,1085.000,40.00,0
1087.000,1087.000,40.00,0
1088.000,1088.000,40.00,0
1089.000,1089.000,40.00,0
1090.000,1090.000,40.00,0
1091.000,1091.000,40.00,0
1092.000,1092.000,40.00,0
1093.000,1093.000,40.00,2398
1094.000,1094.000,40.00,6814
1095.000,1095.000,40.00,0
1096.000,1096.000,40.00,0
1097.000,1097.000,40.00,0
1098.000,1098.000,40.00,2
1099.000,1099.000,40.00,0
1100.000,1100.000,40.00,2
1102.000,1102.000,40.00,0
1103.000,1103.000,40.00,2
1104.000,1104.000,40.00,0
1105.000,1105.000,40.00,0
1106.000,1106.000,40.00,78
1107.000,1107.000,40.00,0
1108.000,1108.000,40.00,0
1109.000,1109.000,40.00,0
1110.000,1110.000,40.00,0
1111.000,1111.000,40.00,0
1112.000,1112.000,40.00,15
1113.000,1113.000,40.00,0
1114.000,1114.000,40.00,0
1116.000,1116.000,40.00,0
1117.000,1117.000,40.00,0
1118.000,1118.000,40.00,0
1119.000,1119.000,40.00,2
1120.000,1120.000,40.00,0
1121.000,1121.000,40.00,2
1122.000,1122.000,40.00,0
1123.000,1123.000,40.00,2
1124.000,1124.000,40.00,0
1125.000,1125.000,40.00,0
1126.000,1126.000,40.00,0
1127.000,1127.000,40.00,0
1129.000,1129.000,40.00,0
1130.000,1130.000,40.00,0
1131.000,1131.000,40.00,0
1132.000,1132.000,40.00,0
1133.000,1133.000,40.00,0
1134.000,1134.000,40.00,0
1135.000,1135.000,40.00,0
1136.000,1136.000,40.00,0
1137.000,1137.000,40.00,0
1138.000,1138.000,40.00,10
1139.000,1139.000,40.00,12736
1140.000,1140.000,40.00,2
1141.000,1141.000,40.00,0
1143.000,1143.000,40.00,2
1144.000,1144.000,40.00,0
1145.000,1145.000,40.00,2
1146.000,1146.000,40.00,0
1147.000,1147.000,40.00,0
1148.000,1148.000,40.00,15
1149.000,1149.000,40.00,0
1150.000,1150.000,40.00,0
1151.000,1151.000,40.00,0
1152.000,1152.000,40.00,0
1153.000,1153.000,40.00,0
1154.000,1154.000,40.00,0
1155.000,1155.000,40.00,0
1157.000,1157.000,40.00,0
1158.000,1158.000,40.00,0
1159.000,1159.000,40.00,0
1160.000,1160.000,40.00,0
1161.000,1161.000,40.00,2
1162.000,1162.000,40.00,0
1163.000,1163.000,40.00,2
1164.000,1164.000,40.00,0
1165.000,1165.000,40.00,2
1166.000,1166.000,40.00,0
1167.000,1167.000,40.00,0
1168.000,1168.000,40.00,0
1169.000,1169.000,40.00,0
1171.000,1171.000,40.00,0
1172.000,1172.000,40.00,0
1173.000,1173.000,40.00,15
1174.000,1174.000,40.00,0
1175.000,1175.000,40.00,0
1176.000,1176.000,40.00,0
1177.000,1177.000,40.00,0
1178.000,1178.000,40.00,0
1179.000,1179.000,40.00,0
1180.000,1180.000,40.00,0
1181.000,1181.000,40.00,0
1182.000,1182.000,40.00,2
1183.000,1183.000,40.00,3967
1185.000,1185.000,40.00,177
1186.000,1186.000,40.00,0
1187.000,1187.000,40.00,2
1188.000,1188.000,40.00,0
1189.000,1189.000,40.00,0
1190.000,1190.000,40.00,0
1191.000,1191.000,40.00,0
1192.000,1192.000,40.00,0
1193.000,1193.000,40.00,0
1194.000,1194.000,40.00,0
1195.000,1195.000,40.00,0
1196.000,1196.000,40.00,0
1197.000,1197.000,40.00,0
1198.000,1198.000,40.00,0
1200.000,1200.000,40.00,0
1201.000,1201.000,40.00,0
1202.000,1202.000,40.00,0
1203.000,1203.000,40.00,2
1204.000,1204.000,40.00,0
1205.000,1205.000,40.00,2
1206.000,1206.000,40.00,0
1207.000,1207.000,40.00,2
1208.000,1208.000,40.00,0
1209.000,1209.000,40.00,0
1210.000,1210.000,40.00,0
1211.000,1211.000,40.00,0
1212.000,1212.000,40.00,0
1214.000,1214.000,40.00,0
1215.000,1215.000,40.00,0
1216.000,1216.000,40.00,0
1217.000,1217.000,40.00,0
1218.000,1218.000,40.00,0
1219.000,1219.000,40.00,0
1220.000,1220.000,40.00,0
1221.000,1221.000,40.00,0
1222.000,1222.000,40.00,0
1223.000,1223.000,40.00,0
1224.000,1224.000,40.00,2
1225.000,1225.000,40.00,0
1226.000,1226.000,40.00,2
1228.000,1228.000,40.00,0
1229.000,1229.000,40.00,2
1230.000,1230.000,40.00,0
1231.000,1231.000,40.00,0
1232.000,1232.000,40.00,0
1233.000,1233.000,40.00,15
1234.000,1234.000,40.00,33
1235.000,1235.000,40.00,0
1236.000,1236.000,40.00,0
1237.000,1237.000,40.00,0
1238.000,1238.000,40.00,0
1239.000,1239.000,40.00,0
1240.000,1240.000,40.00,0
1242.000,1242.000,40.00,0
1243.000,1243.000,40.00,0
1244.000,1244.000,40.00,2
1245.000,1245.000,40.00,0
1246.000,1246.000,40.00,0
1247.000,1247.000,40.00,2
1248.000,1248.000,40.00,0
1249.000,1249.000,40.00,2
1250.000,1250.000,40.00,0
1251.000,1251.000,40.00,0
1252.000,1252.000,40.00,0
1253.000,1253.000,40.00,1
1254.000,1254.000,40.00,0
1255.000,1255.000,40.00,0
1257.000,1257.000,40.00,0
1258.000,1258.000,40.00,0
1259.000,1259.000,40.00,11
1260.000,1260.000,40.00,0
1261.000,1261.000,40.00,0
1262.000,1262.000,40.00,0
1263.000,1263.000,40.00,0
1264.000,1264.000,40.00,0
1265.000,1265.000,40.00,0
1266.000,1266.000,40.00,2
1267.000,1267.000,40.00,0
1268.000,1268.000,40.00,2
1269.000,1269.000,40.00,0
1271.000,1271.000,40.00,2
1272.000,1272.000,40.00,0
1273.000,1273.000,40.00,0
1274.000,1274.000,40.00,0
1275.000,1275.000,40.00,0
1276.000,1276.000,40.00,0
1277.000,1277.000,40.00,0
1278.000,1278.000,40.00,0
1279.000,1279.000,40.00,0
1280.000,1280.000,40.00,0
1281.000,1281.000,40.00,0
1282.000,1282.000,40.00,69
1283.000,1283.000,40.00,0
1285.000,1285.000,40.00,0
1286.000,1286.000,40.00,0
1287.000,1287.000,40.00,0
1288.000,1288.000,40.00,2
1289.000,1289.000,40.00,2
1290.000,1290.000,40.00,0
1291.000,1291.000,40.00,2
1292.000,1292.000,40.00,15
1293.000,1293.000,40.00,0
1294.000,1294.000,40.00,0
1295.000,1295.000,40.00,0
1296.000,1296.000,40.00,0
1297.000,1297.000,40.00,0
1299.000,1299.000,40.00,0
1300.000,1300.000,40.00,0
1301.000,1301.000,40.00,0
1302.000,1302.000,40.00,0
1303.000,1303.000,40.00,0
1304.000,1304.000,40.00,0
1305.000,1305.000,40.00,0
1306.000,1306.000,40.00,0
1307.000,1307.000,40.00,0
1308.000,1308.000,40.00,2
1309.000,1309.000,40.00,0
1310.000,1310.000,40.00,2
1311.000,1311.000,40.00,0
1312.000,1312.000,40.00,2
1314.000,1314.000,40.00,0
1315.000,1315.000,40.00,0
1316.000,1316.000,40.00,0
1317.000,1317.000,40.00,0
1318.000,1318.000,40.00,0
1319.000,1319.000,40.00,0
1320.000,1320.000,40.00,0
1321.000,1321.000,40.00,0
1322.000,1322.000,40.00,0
1323.000,1323.000,40.00,0
1324.000,1324.000,40.00,0
1325.000,1325.000,40.00,0
1326.000,1326.000,40.00,0
1328.000,1328.000,40.00,0
1329.000,1329.000,40.00,0
1330.000,1330.000,40.00,2
1331.000,1331.000,40.00,0
1332.000,1332.000,40.00,2
1333.000,1333.000,40.00,2
1334.000,1334.000,40.00,0
1335.000,1335.000,40.00,0
1336.000,1336.000,40.00,0
1337.000,1337.000,40.00,0
1338.000,1338.000,40.00,0
1339.000,1339.000,40.00,0
1340.000,1340.000,40.00,0
1341.000,1341.000,40.00,0
1343.000,1343.000,40.00,0
1344.000,1344.000,40.00,0
1345.000,1345.000,40.00,0
1346.000,1346.000,40.00,0
1347.000,1347.000,40.00,0
1348.000,1348.000,40.00,0
1349.000,1349.000,40.00,0
1350.000,1350.000,40.00,2
1351.000,1351.000,40.00,0
1352.000,1352.000,40.00,18
1353.000,1353.000,40.00,0
1354.000,1354.000,40.00,2
1355.000,1355.000,40.00,0
1357.000,1357.000,40.00,0
1358.000,1358.000,40.00,0
1359.000,1359.000,40.00,0
1360.000,1360.000,40.00,0
1361.000,1361.000,40.00,0
1362.000,1362.000,40.00,0
1363.000,1363.000,40.00,0
1364.000,1364.000,40.00,0
1365.000,1365.000,40.00,0
1366.000,1366.000,40.00,0
1367.000,1367.000,40.00,1
1368.000,1368.000,40.00,13729
1369.000,1369.000,40.00,388
1371.000,1371.000,40.00,0
1372.000,1372.000,40.00,2
1373.000,1373.000,40.00,0
1374.000,1374.000,40.00,2
1375.000,1375.000,40.00,2
1376.000,1376.000,40.00,0
1377.000,1377.000,40.00,0
1378.000,1378.000,40.00,0
1379.000,1379.000,40.00,0
1380.000,1380.000,40.00,0
1381.000,1381.000,40.00,0
1382.000,1382.000,40.00,0
1384.000,1384.000,40.00,0
1385.000,1385.000,40.00,0
1386.000,1386.000,40.00,0
1387.000,1387.000,40.00,0
1388.000,1388.000,40.00,0
1389.000,1389.000,40.00,0
1390.000,1390.000,40.00,0
1391.000,1391.000,40.00,0
1392.000,1392.000,40.00,2
1393.000,1393.000,40.00,0
1394.000,1394.000,40.00,2
1395.000,1395.000,40.00,0
1396.000,1396.000,40.00,2
1398.000,1398.000,40.00,0
1399.000,1399.000,40.00,0
1400.000,1400.000,40.00,0
1401.000,1401.000,40.00,0
1402.000,1402.000,40.00,0
1403.000,1403.000,40.00,0
1404.000,1404.000,40.00,0
1405.000,1405.000,40.00,0
1406.000,1406.000,40.00,0
1407.000,1407.000,40.00,0
1408.000,1408.000,40.00,0
1409.000,1409.000,40.00,0
1410.000,1410.000,40.00,0
1412.000,1412.000,40.00,0
1413.000,1413.000,40.00,17
1414.000,1414.000,40.00,2
1415.000,1415.000,40.00,0
1416.000,1416.000,40.00,2
1417.000,1417.000,40.00,2
1418.000,1418.000,40.00,0
1419.000,1419.000,40.00,0
1420.000,1420.000,40.00,0
1421.000,1421.000,40.00,0
1422.000,1422.000,40.00,0
1423.000,1423.000,40.00,0
1424.000,1424.000,40.00,0
1426.000,1426.000,40.00,0
1427.000,1427.000,40.00,0
1428.000,1428.000,40.00,0
1429.000,1429.000,40.00,2
1430.000,1430.000,40.00,1
1431.000,1431.000,40.00,0
1432.000,1432.000,40.00,93
1433.000,1433.000,40.00,60711
1434.000,1434.000,40.00,108417
1435.000,1435.000,40.00,8795
1436.000,1436.000,40.00,11
1437.000,1437.000,40.00,0
1438.000,1438.000,40.00,13625
1439.000,1439.000,40.00,0
1441.000,1441.000,40.00,0
1442.000,1442.000,40.00,0
1443.000,1443.000,40.00,0
1444.000,1444.000,40.00,0
1445.000,1445.000,40.00,0
1446.000,1446.000,40.00,0
1447.000,1447.000,40.00,0
1448.000,1448.000,40.00,0
1449.000,1449.000,40.00,0
1450.000,1450.000,40.00,0
1451.000,1451.000,40.00,0
1452.000,1452.000,40.00,0
1453.000,1453.000,40.00,0
1454.000,1454.000,40.00,0
1456.000,1456.000,40.00,2
1457.000,1457.000,40.00,0
1458.000,1458.000,40.00,14
1459.000,1459.000,40.00,0
1460.000,1460.000,40.00,2
1461.000,1461.000,40.00,0
1462.000,1462.000,40.00,0
1463.000,1463.000,40.00,0
1464.000,1464.000,40.00,0
1465.000,1465.000,40.00,0
1466.000,1466.000,40.00,0
1467.000,1467.000,40.00,0
1468.000,1468.000,40.00,0
1470.000,1470.000,40.00,0
1471.000,1471.000,40.00,0
1472.000,1472.000,40.00,0
1473.000,1473.000,40.00,0
1474.000,1474.000,40.00,0
1475.000,1475.000,40.00,0
1476.000,1476.000,40.00,2
1477.000,1477.000,40.00,6
1478.000,1478.000,40.00,2
1479.000,1479.000,40.00,14875
1480.000,1480.000,40.00,2
1481.000,1481.000,40.00,0
1482.000,1482.000,40.00,0
1484.000,1484.000,40.00,0
1485.000,1485.000,40.00,0
1486.000,1486.000,40.00,0
1487.000,1487.000,40.00,0
1488.000,1488.000,40.00,0
1489.000,1489.000,40.00,0
1490.000,1490.000,40.00,0
1491.000,1491.000,40.00,0
1492.000,1492.000,40.00,0
1493.000,1493.000,40.00,17
1494.000,1494.000,40.00,3
1495.000,1495.000,40.00,1
1497.000,1497.000,40.00,0
1498.000,1498.000,40.00,3
1499.000,1499.000,40.00,0
1500.000,1500.000,40.00,2
1501.000,1501.000,40.00,0
1502.000,1502.000,40.00,2
1503.000,1503.000,40.00,0
1504.000,1504.000,40.00,0
1505.000,1505.000,40.00,0
1506.000,1506.000,40.00,0
1507.000,1507.000,40.00,16
1508.000,1508.000,40.00,0
1509.000,1509.000,40.00,0
1511.000,1511.000,40.00,0
1512.000,1512.000,40.00,0
1513.000,1513.000,40.00,0
1514.000,1514.000,40.00,0
1515.000,1515.000,40.00,0
1516.000,1516.000,40.00,0
1517.000,1517.000,40.00,0
1518.000,1518.000,40.00,2
1519.000,1519.000,40.00,0
1520.000,1520.000,40.00,2
1521.000,1521.000,40.00,0
1522.000,1522.000,40.00,2
1523.000,1523.000,40.00,0
1525.000,1525.000,40.00,6968
1526.000,1526.000,40.00,3582
1527.000,1527.000,40.00,15632
1528.000,1528.000,40.00,0
1529.000,1529.000,40.00,0
1530.000,1530.000,40.00,0
1531.000,1531.000,40.00,0
1532.000,1532.000,40.00,0
1533.000,1533.000,40.00,0
1534.000,1534.000,40.00,0
1535.000,1535.000,40.00,0
1536.000,1536.000,40.00,0
1537.000,1537.000,40.00,0
1539.000,1539.000,40.00,0
1540.000,1540.000,40.00,2
1541.000,1541.000,40.00,0
1542.000,1542.000,40.00,2
1543.000,1543.000,40.00,0
1544.000,1544.000,40.00,2
1545.000,1545.000,40.00,0
1546.000,1546.000,40.00,0
1547.000,1547.000,40.00,0
1548.000,1548.000,40.00,0
1549.000,1549.000,40.00,0
1550.000,1550.000,40.00,0
1551.000,1551.000,40.00,0
1552.000,1552.000,40.00,0
1554.000,1554.000,40.00,23
1555.000,1555.000,40.00,7
1556.000,1556.000,40.00,21703
1557.000,1557.000,40.00,0
1558.000,1558.000,40.00,0
1559.000,1559.000,40.00,0
1560.000,1560.000,40.00,2
1561.000,1561.000,40.00,21495
1562.000,1562.000,40.00,2
1563.000,1563.000,40.00,0
1564.000,1564.000,40.00,2
1565.000,1565.000,40.00,0
1566.000,1566.000,40.00,0
1568.000,1568.000,40.00,0
1569.000,1569.000,40.00,0
1570.000,1570.000,40.00,0
1571.000,1571.000,40.00,0
1572.000,1572.000,40.00,31422
1573.000,1573.000,40.00,0
1574.000,1574.000,40.00,0
1575.000,1575.000,40.00,0
1576.000,1576.000,40.00,0
1577.000,1577.000,40.00,0
1578.000,1578.000,40.00,0
1579.000,1579.000,40.00,0
1580.000,1580.000,40.00,0
1582.000,1582.000,40.00,2
1583.000,1583.000,40.00,0
1584.000,1584.000,40.00,2
1585.000,1585.000,40.00,0
1586.000,1586.000,40.00,2
1587.000,1587.000,40.00,0
1588.000,1588.000,40.00,0
1589.000,1589.000,40.00,0
1590.000,1590.000,40.00,0
1591.000,1591.000,40.00,0
1592.000,1592.000,40.00,0
1593.000,1593.000,40.00,0
1594.000,1594.000,40.00,0
1596.000,1596.000,40.00,0
1597.000,1597.000,40.00,0
1598.000,1598.000,40.00,0
1599.000,1599.000,40.00,0
1600.000,1600.000,40.00,0
1601.000,1601.000,40.00,1
1602.000,1602.000,40.00,2
1603.000,1603.000,40.00,0
1604.000,1604.000,40.00,2
1605.000,1605.000,40.00,0
1606.000,1606.000,40.00,2
1607.000,1607.000,40.00,0
1608.000,1608.000,40.00,0
1609.000,1609.000,40.00,0
1611.000,1611.000,40.00,0
1612.000,1612.000,40.00,0
1613.000,1613.000,40.00,15
1614.000,1614.000,40.00,0
1615.000,1615.000,40.00,0
1616.000,1616.000,40.00,0
1617.000,1617.000,40.00,3085
1618.000,1618.000,40.00,15264
1619.000,1619.000,40.00,0
1620.000,1620.000,40.00,0
1621.000,1621.000,40.00,6
1622.000,1622.000,40.00,2
1623.000,1623.000,40.00,2
1625.000,1625.000,40.00,0
1626.000,1626.000,40.00,2
1627.000,1627.000,40.00,0
1628.000,1628.000,40.00,2
1629.000,1629.000,40.00,0
1630.000,1630.000,40.00,0
1631.000,1631.000,40.00,0
1632.000,1632.000,40.00,0
1633.000,1633.000,40.00,0
1634.000,1634.000,40.00,0
1635.000,1635.000,40.00,0
1636.000,1636.000,40.00,0
1638.000,1638.000,40.00,0
1639.000,1639.000,40.00,0
1640.000,1640.000,40.00,0
1641.000,1641.000,40.00,0
1642.000,1642.000,40.00,0
1643.000,1643.000,40.00,0
1644.000,1644.000,40.00,0
1645.000,1645.000,40.00,0
1646.000,1646.000,40.00,2
1647.000,1647.000,40.00,0
1648.000,1648.000,40.00,2
1649.000,1649.000,40.00,0
1650.000,1650.000,40.00,0
1652.000,1652.000,40.00,0
1653.000,1653.000,40.00,0
1654.000,1654.000,40.00,0
1655.000,1655.000,40.00,0
1656.000,1656.000,40.00,0
1657.000,1657.000,40.00,0
1658.000,1658.000,40.00,0
1659.000,1659.000,40.00,0
1660.000,1660.000,40.00,0
1661.000,1661.000,40.00,0
1662.000,1662.000,40.00,0
1663.000,1663.000,40.00,20335
1665.000,1665.000,40.00,0
1666.000,1666.000,40.00,2
1667.000,1667.000,40.00,0
1668.000,1668.000,40.00,2
1669.000,1669.000,40.00,0
1670.000,1670.000,40.00,2
1671.000,1671.000,40.00,0
1672.000,1672.000,40.00,0
1673.000,1673.000,40.00,16
1674.000,1674.000,40.00,0
1675.000,1675.000,40.00,0
1676.000,1676.000,40.00,0
1677.000,1677.000,40.00,0
1678.000,1678.000,40.00,0
1680.000,1680.000,40.00,0
1681.000,1681.000,40.00,0
1682.000,1682.000,40.00,0
1683.000,1683.000,40.00,0
1684.000,1684.000,40.00,0
1685.000,1685.000,40.00,0
1686.000,1686.000,40.00,0
1687.000,1687.000,40.00,0
1688.000,1688.000,40.00,2
1689.000,1689.000,40.00,0
1690.000,1690.000,40.00,2
1691.000,1691.000,40.00,0
1692.000,1692.000,40.00,0
1694.000,1694.000,40.00,0
1695.000,1695.000,40.00,0
1696.000,1696.000,40.00,0
1697.000,1697.000,40.00,0
1698.000,1698.000,40.00,0
1699.000,1699.000,40.00,0
1700.000,1700.000,40.00,0
1701.000,1701.000,40.00,0
1702.000,1702.000,40.00,0
1703.000,1703.000,40.00,0
1704.000,1704.000,40.00,0
1705.000,1705.000,40.00,0
1706.000,1706.000,40.00,0
1708.000,1708.000,40.00,2
1709.000,1709.000,40.00,20353
1710.000,1710.000,40.00,2
1711.000,1711.000,40.00,0
1712.000,1712.000,40.00,2
1713.000,1713.000,40.00,0
1714.000,1714.000,40.00,0
1715.000,1715.000,40.00,0
1716.000,1716.000,40.00,0
1717.000,1717.000,40.00,0
1718.000,1718.000,40.00,0
1719.000,1719.000,40.00,0
1720.000,1720.000,40.00,0
1722.000,1722.000,40.00,0
1723.000,1723.000,40.00,0
1724.000,1724.000,40.00,0
1725.000,1725.000,40.00,0
1726.000,1726.000,40.00,0
1727.000,1727.000,40.00,0
1728.000,1728.000,40.00,0
1729.000,1729.000,40.00,2
1730.000,1730.000,40.00,2
1731.000,1731.000,40.00,0
1732.000,1732.000,40.00,2
1733.000,1733.000,40.00,15
1734.000,1734.000,40.00,0
1735.000,1735.000,40.00,0
1737.000,1737.000,40.00,0
1738.000,1738.000,40.00,0
1739.000,1739.000,40.00,0
1740.000,1740.000,40.00,0
1741.000,1741.000,40.00,0
1742.000,1742.000,40.00,0
1743.000,1743.000,40.00,0
1744.000,1744.000,40.00,0
1745.000,1745.000,40.00,0
1746.000,1746.000,40.00,0
1747.000,1747.000,40.00,0
1748.000,1748.000,40.00,0
1750.000,1750.000,40.00,2
1751.000,1751.000,40.00,0
1752.000,1752.000,40.00,2
1753.000,1753.000,40.00,0
1754.000,1754.000,40.00,13797
1755.000,1755.000,40.00,0
1756.000,1756.000,40.00,0
1757.000,1757.000,40.00,0
1758.000,1758.000,40.00,0
1759.000,1759.000,40.00,0
1760.000,1760.000,40.00,0
1761.000,1761.000,40.00,0
1762.000,1762.000,40.00,0
1763.000,1763.000,40.00,0
1765.000,1765.000,40.00,11
1766.000,1766.000,40.00,0
1767.000,1767.000,40.00,0
1768.000,1768.000,40.00,0
1769.000,1769.000,40.00,0
1770.000,1770.000,40.00,0
1771.000,1771.000,40.00,2
1772.000,1772.000,40.00,2
1773.000,1773.000,40.00,0
1774.000,1774.000,40.00,2
1775.000,1775.000,40.00,0
1776.000,1776.000,40.00,0
1777.000,1777.000,40.00,0
1779.000,1779.000,40.00,0
1780.000,1780.000,40.00,0
1781.000,1781.000,40.00,0
1782.000,1782.000,40.00,0
1783.000,1783.000,40.00,0
1784.000,1784.000,40.00,0
1785.000,1785.000,40.00,0
1786.000,1786.000,40.00,0
1787.000,1787.000,40.00,0
1788.000,1788.000,40.00,32
1789.000,1789.000,40.00,0
1790.000,1790.000,40.00,0
1791.000,1791.000,40.00,2
1793.000,1793.000,40.00,0
1794.000,1794.000,40.00,18
1795.000,1795.000,40.00,0
1796.000,1796.000,40.00,2
1797.000,1797.000,40.00,0
1798.000,1798.000,40.00,0
1799.000,1799.000,40.00,21965
1800.000,1800.000,40.00,0
1801.000,1801.000,40.00,0
1802.000,1802.000,40.00,0
1803.000,1803.000,40.00,0
1804.000,1804.000,40.00,0
1805.000,1805.000,40.00,0
1807.000,1807.000,40.00,0
1808.000,1808.000,40.00,0
1809.000,1809.000,40.00,0
1810.000,1810.000,40.00,0
1811.000,1811.000,40.00,0
1812.000,1812.000,40.00,0
1813.000,1813.000,40.00,2
1814.000,1814.000,40.00,2
1815.000,1815.000,40.00,0
1816.000,1816.000,40.00,2
1817.000,1817.000,40.00,0
1818.000,1818.000,40.00,0
1820.000,1820.000,40.00,0
1821.000,1821.000,40.00,0
1822.000,1822.000,40.00,0
1823.000,1823.000,40.00,0
1824.000,1824.000,40.00,0
1825.000,1825.000,40.00,0
1826.000,1826.000,40.00,0
1827.000,1827.000,40.00,0
1828.000,1828.000,40.00,0
1829.000,1829.000,40.00,0
1830.000,1830.000,40.00,0
1831.000,1831.000,40.00,0
1832.000,1832.000,40.00,0
1834.000,1834.000,40.00,2
1835.000,1835.000,40.00,0
1836.000,1836.000,40.00,2
1837.000,1837.000,40.00,0
1838.000,1838.000,40.00,2
1839.000,1839.000,40.00,0
1840.000,1840.000,40.00,0
1841.000,1841.000,40.00,0
1842.000,1842.000,40.00,0
1843.000,1843.000,40.00,0
1844.000,1844.000,40.00,23150
1845.000,1845.000,40.00,0
1846.000,1846.000,40.00,0
1847.000,1847.000,40.00,0
1849.000,1849.000,40.00,0
1850.000,1850.000,40.00,0
1851.000,1851.000,40.00,0
1852.000,1852.000,40.00,0
1853.000,1853.000,40.00,15
1854.000,1854.000,40.00,0
1855.000,1855.000,40.00,2
1856.000,1856.000,40.00,2
1857.000,1857.000,40.00,0
1858.000,1858.000,40.00,2
1859.000,1859.000,40.00,0
1860.000,1860.000,40.00,0
1862.000,1862.000,40.00,0
1863.000,1863.000,40.00,0
1864.000,1864.000,40.00,0
1865.000,1865.000,40.00,0
1866.000,1866.000,40.00,0
1867.000,1867.000,40.00,0
1868.000,1868.000,40.00,0
1869.000,1869.000,40.00,0
1870.000,1870.000,40.00,0
1871.000,1871.000,40.00,0
1872.000,1872.000,40.00,0
1873.000,1873.000,40.00,0
1874.000,1874.000,40.00,0
1876.000,1876.000,40.00,2
1877.000,1877.000,40.00,0
1878.000,1878.000,40.00,2
1879.000,1879.000,40.00,0
1880.000,1880.000,40.00,2
1881.000,1881.000,40.00,0
1882.000,1882.000,40.00,0
1883.000,1883.000,40.00,0
1884.000,1884.000,40.00,0
1885.000,1885.000,40.00,0
1886.000,1886.000,40.00,0
1887.000,1887.000,40.00,0
1888.000,1888.000,40.00,0
1890.000,1890.000,40.00,18736
1891.000,1891.000,40.00,0
1892.000,1892.000,40.00,0
1893.000,1893.000,40.00,0
1894.000,1894.000,40.00,0
1895.000,1895.000,40.00,0
1896.000,1896.000,40.00,0
1897.000,1897.000,40.00,2
1898.000,1898.000,40.00,2
1899.000,1899.000,40.00,0
1900.000,1900.000,40.00,2
1901.000,1901.000,40.00,0
1902.000,1902.000,40.00,0
1904.000,1904.000,40.00,0
1905.000,1905.000,40.00,0
1906.000,1906.000,40.00,0
1907.000,1907.000,40.00,0
1908.000,1908.000,40.00,0
1909.000,1909.000,40.00,0
1910.000,1910.000,40.00,0
1911.000,1911.000,40.00,0
1912.000,1912.000,40.00,0
1913.000,1913.000,40.00,16
1914.000,1914.000,40.00,0
1915.000,1915.000,40.00,0
1916.000,1916.000,40.00,0
1918.000,1918.000,40.00,2
1919.000,1919.000,40.00,0
1920.000,1920.000,40.00,2
1921.000,1921.000,40.00,0
1922.000,1922.000,40.00,2
1923.000,1923.000,40.00,0
1924.000,1924.000,40.00,0
1925.000,1925.000,40.00,0
1926.000,1926.000,40.00,0
1927.000,1927.000,40.00,0
1928.000,1928.000,40.00,0
1929.000,1929.000,40.00,0
1931.000,1931.000,40.00,0
1932.000,1932.000,40.00,0
1933.000,1933.000,40.00,0
1934.000,1934.000,40.00,0
1935.000,1935.000,40.00,18338
1936.000,1936.000,40.00,0
1937.000,1937.000,40.00,0
1938.000,1938.000,40.00,0
1939.000,1939.000,40.00,2
1940.000,1940.000,40.00,2
1941.000,1941.000,40.00,0
1942.000,1942.000,40.00,2
1943.000,1943.000,40.00,0
1945.000,1945.000,40.00,0
1946.000,1946.000,40.00,0
1947.000,1947.000,40.00,0
1948.000,1948.000,40.00,0
1949.000,1949.000,40.00,0
1950.000,1950.000,40.00,0
1951.000,1951.000,40.00,0
1952.000,1952.000,40.00,0
1953.000,1953.000,40.00,0
1954.000,1954.000,40.00,0
1955.000,1955.000,40.00,0
1956.000,1956.000,40.00,0
1957.000,1957.000,40.00,0
1959.000,1959.000,40.00,0
1960.000,1960.000,40.00,2
1961.000,1961.000,40.00,0
1962.000,1962.000,40.00,2
1963.000,1963.000,40.00,0
1964.000,1964.000,40.00,2
1965.000,1965.000,40.00,0
1966.000,1966.000,40.00,0
1967.000,1967.000,40.00,0
1968.000,1968.000,40.00,0
1969.000,1969.000,40.00,1
1970.000,1970.000,40.00,0
1971.000,1971.000,40.00,0
1973.000,1973.000,40.00,0
1974.000,1974.000,40.00,15
1975.000,1975.000,40.00,0
1976.000,1976.000,40.00,0
1977.000,1977.000,40.00,0
1978.000,1978.000,40.00,0
1979.000,1979.000,40.00,0
1980.000,1980.000,40.00,19877
1981.000,1981.000,40.00,2
1982.000,1982.000,40.00,2
1983.000,1983.000,40.00,0
1984.000,1984.000,40.00,2
1985.000,1985.000,40.00,0
1987.000,1987.000,40.00,0
1988.000,1988.000,40.00,0
1989.000,1989.000,40.00,0
1990.000,1990.000,40.00,0
1991.000,1991.000,40.00,0
1992.000,1992.000,40.00,0
1993.000,1993.000,40.00,0
1994.000,1994.000,40.00,0
1995.000,1995.000,40.00,0
1996.000,1996.000,40.00,0
1997.000,1997.000,40.00,0
1998.000,1998.000,40.00,0
1999.000,1999.000,40.00,0
2001.000,2001.000,40.00,0
2002.000,2002.000,40.00,2
2003.000,2003.000,40.00,0
2004.000,2004.000,40.00,2
2005.000,2005.000,40.00,0
2006.000,2006.000,40.00,2
2007.000,2007.000,40.00,0
2008.000,2008.000,40.00,0
2009.000,2009.000,40.00,0
2010.000,2010.000,40.00,0
2011.000,2011.000,40.00,0
2012.000,2012.000,40.00,0
2013.000,2013.000,40.00,0
2014.000,2014.000,40.00,0
2016.000,2016.000,40.00,0
2017.000,2017.000,40.00,0
2018.000,2018.000,40.00,0
2019.000,2019.000,40.00,0
2020.000,2020.000,40.00,0
2021.000,2021.000,40.00,0
2022.000,2022.000,40.00,0
2023.000,2023.000,40.00,2
2024.000,2024.000,40.00,0
2025.000,2025.000,40.00,8403
2026.000,2026.000,40.00,2
2027.000,2027.000,40.00,0
2028.000,2028.000,40.00,0
2030.000,2030.000,40.00,0
2031.000,2031.000,40.00,0
2032.000,2032.000,40.00,0
2033.000,2033.000,40.00,14
2034.000,2034.000,40.00,0
2035.000,2035.000,40.00,0
2036.000,2036.000,40.00,0
2037.000,2037.000,40.00,0
2038.000,2038.000,40.00,0
2039.000,2039.000,40.00,0
2040.000,2040.000,40.00,0
2041.000,2041.000,40.00,0
2042.000,2042.000,40.00,0
2044.000,2044.000,40.00,2
2045.000,2045.000,40.00,0
2046.000,2046.000,40.00,2
2047.000,2047.000,40.00,0
2048.000,2048.000,40.00,2
2049.000,2049.000,40.00,0
2050.000,2050.000,40.00,0
2051.000,2051.000,40.00,0
2052.000,2052.000,40.00,0
2053.000,2053.000,40.00,0
2054.000,2054.000,40.00,0
2055.000,2055.000,40.00,0
2056.000,2056.000,40.00,0
2058.000,2058.000,40.00,0
2059.000,2059.000,40.00,0
2060.000,2060.000,40.00,0
2061.000,2061.000,40.00,2
2062.000,2062.000,40.00,0
2063.000,2063.000,40.00,0
2064.000,2064.000,40.00,0
2065.000,2065.000,40.00,2
2066.000,2066.000,40.00,0
2067.000,2067.000,40.00,0
2068.000,2068.000,40.00,2
2069.000,2069.000,40.00,0
2070.000,2070.000,40.00,3508
2072.000,2072.000,40.00,15403
2073.000,2073.000,40.00,0
2074.000,2074.000,40.00,0
2075.000,2075.000,40.00,0
2076.000,2076.000,40.00,61
2077.000,2077.000,40.00,0
2078.000,2078.000,40.00,53
2079.000,2079.000,40.00,0
2080.000,2080.000,40.00,0
2081.000,2081.000,40.00,0
2082.000,2082.000,40.00,0
2083.000,2083.000,40.00,0
2084.000,2084.000,40.00,0
2086.000,2086.000,40.00,2
2087.000,2087.000,40.00,0
2088.000,2088.000,40.00,2
2089.000,2089.000,40.00,0
2090.000,2090.000,40.00,2
2091.000,2091.000,40.00,0
2092.000,2092.000,40.00,0
2093.000,2093.000,40.00,15
2094.000,2094.000,40.00,0
2095.000,2095.000,40.00,0
2096.000,2096.000,40.00,0
2097.000,2097.000,40.00,0
2098.000,2098.000,40.00,0
2100.000,2100.000,40.00,0
2101.000,2101.000,40.00,0
2102.000,2102.000,40.00,0
2103.000,2103.000,40.00,0
2104.000,2104.000,40.00,0
2105.000,2105.000,40.00,0
2106.000,2106.000,40.00,0
2107.000,2107.000,40.00,2
2108.000,2108.000,40.00,0
2109.000,2109.000,40.00,2
2110.000,2110.000,40.00,2
2111.000,2111.000,40.00,0
2112.000,2112.000,40.00,0
2114.000,2114.000,40.00,0
2115.000,2115.000,40.00,0
2116.000,2116.000,40.00,0
2117.000,2117.000,40.00,37195
2118.000,2118.000,40.00,0
2119.000,2119.000,40.00,0
2120.000,2120.000,40.00,0
2121.000,2121.000,40.00,0
2122.000,2122.000,40.00,0
2123.000,2123.000,40.00,0
2124.000,2124.000,40.00,0
2125.000,2125.000,40.00,0
2127.000,2127.000,40.00,0
2128.000,2128.000,40.00,2
2129.000,2129.000,40.00,0
2130.000,2130.000,40.00,2
2131.000,2131.000,40.00,0
2132.000,2132.000,40.00,2
2133.000,2133.000,40.00,0
2134.000,2134.000,40.00,0
2135.000,2135.000,40.00,0
2136.000,2136.000,40.00,0
2137.000,2137.000,40.00,0
2138.000,2138.000,40.00,0
2139.000,2139.000,40.00,0
2141.000,2141.000,40.00,0
2142.000,2142.000,40.00,0
2143.000,2143.000,40.00,0
2144.000,2144.000,40.00,0
2145.000,2145.000,40.00,0
2146.000,2146.000,40.00,0
2147.000,2147.000,40.00,0
2148.000,2148.000,40.00,0
2149.000,2149.000,40.00,2
2150.000,2150.000,40.00,0
2151.000,2151.000,40.00,2
2152.000,2152.000,40.00,2
2153.000,2153.000,40.00,15
2155.000,2155.000,40.00,0
2156.000,2156.000,40.00,0
2157.000,2157.000,40.00,0
2158.000,2158.000,40.00,0
2159.000,2159.000,40.00,0
2160.000,2160.000,40.00,0
2161.000,2161.000,40.00,0
2162.000,2162.000,40.00,10535
2163.000,2163.000,40.00,0
2164.000,2164.000,40.00,0
2165.000,2165.000,40.00,0
2166.000,2166.000,40.00,0
2167.000,2167.000,40.00,0
2168.000,2168.000,40.00,0
2170.000,2170.000,40.00,2
2171.000,2171.000,40.00,0
2172.000,2172.000,40.00,2
2173.000,2173.000,40.00,0
2174.000,2174.000,40.00,2
2175.000,2175.000,40.00,0
2176.000,2176.000,40.00,0
2177.000,2177.000,40.00,0
2178.000,2178.000,40.00,0
2179.000,2179.000,40.00,0
2180.000,2180.000,40.00,0
2181.000,2181.000,40.00,0
2182.000,2182.000,40.00,0
2184.000,2184.000,40.00,0
2185.000,2185.000,40.00,0
2186.000,2186.000,40.00,0
2187.000,2187.000,40.00,0
2188.000,2188.000,40.00,0
2189.000,2189.000,40.00,0
2190.000,2190.000,40.00,0
2191.000,2191.000,40.00,2
2192.000,2192.000,40.00,0
2193.000,2193.000,40.00,2
2194.000,2194.000,40.00,0
2195.000,2195.000,40.00,0
2196.000,2196.000,40.00,0
2198.000,2198.000,40.00,0
2199.000,2199.000,40.00,0
2200.000,2200.000,40.00,0
2201.000,2201.000,40.00,0
2202.000,2202.000,40.00,0
2203.000,2203.000,40.00,0
2204.000,2204.000,40.00,0
2205.000,2205.000,40.00,0
2206.000,2206.000,40.00,33
2207.000,2207.000,40.00,0
2208.000,2208.000,40.00,16138
2209.000,2209.000,40.00,3084
2210.000,2210.000,40.00,0
2212.000,2212.000,40.00,2
2213.000,2213.000,40.00,0
2214.000,2214.000,40.00,17
2215.000,2215.000,40.00,0
2216.000,2216.000,40.00,2
2217.000,2217.000,40.00,0
2218.000,2218.000,40.00,0
2219.000,2219.000,40.00,0
2220.000,2220.000,40.00,0
2221.000,2221.000,40.00,0
2222.000,2222.000,40.00,0
2223.000,2223.000,40.00,0
2224.000,2224.000,40.00,0
2225.000,2225.000,40.00,0
2226.000,2226.000,40.00,0
2228.000,2228.000,40.00,0
2229.000,2229.000,40.00,0
2230.000,2230.000,40.00,0
2231.000,2231.000,40.00,0
2232.000,2232.000,40.00,0
2233.000,2233.000,40.00,2
2234.000,2234.000,40.00,0
2235.000,2235.000,40.00,2
2236.000,2236.000,40.00,0
2237.000,2237.000,40.00,2
2238.000,2238.000,40.00,0
2239.000,2239.000,40.00,0
2241.000,2241.000,40.00,0
2242.000,2242.000,40.00,0
2243.000,2243.000,40.00,0
2244.000,2244.000,40.00,0
2245.000,2245.000,40.00,0
2246.000,2246.000,40.00,0
2247.000,2247.000,40.00,0
2248.000,2248.000,40.00,0
2249.000,2249.000,40.00,0
2250.000,2250.000,40.00,0
2251.000,2251.000,40.00,0
2252.000,2252.000,40.00,0
2253.000,2253.000,40.00,6263
2255.000,2255.000,40.00,20976
2256.000,2256.000,40.00,2
2257.000,2257.000,40.00,0
2258.000,2258.000,40.00,2
2259.000,2259.000,40.00,0
2260.000,2260.000,40.00,0
2261.000,2261.000,40.00,0
2262.000,2262.000,40.00,0
2263.000,2263.000,40.00,0
2264.000,2264.000,40.00,0
2265.000,2265.000,40.00,0
2266.000,2266.000,40.00,0
2267.000,2267.000,40.00,0
2268.000,2268.000,40.00,0
2270.000,2270.000,40.00,0
2271.000,2271.000,40.00,0
2272.000,2272.000,40.00,0
2273.000,2273.000,40.00,0
2274.000,2274.000,40.00,16
2275.000,2275.000,40.00,2
2276.000,2276.000,40.00,0
2277.000,2277.000,40.00,3
2278.000,2278.000,40.00,0
2279.000,2279.000,40.00,2
2280.000,2280.000,40.00,0
2281.000,2281.000,40.00,0
2283.000,2283.000,40.00,0
2284.000,2284.000,40.00,0
2285.000,2285.000,40.00,0
2286.000,2286.000,40.00,11
2287.000,2287.000,40.00,0
2288.000,2288.000,40.00,0
2289.000,2289.000,40.00,0
2290.000,2290.000,40.00,0
2291.000,2291.000,40.00,0
2292.000,2292.000,40.00,0
2293.000,2293.000,40.00,0
2294.000,2294.000,40.00,0
2295.000,2295.000,40.00,2
2297.000,2297.000,40.00,0
2298.000,2298.000,40.00,2
2299.000,2299.000,40.00,0
2300.000,2300.000,40.00,6853
2301.000,2301.000,40.00,0
2302.000,2302.000,40.00,0
2303.000,2303.000,40.00,0
2304.000,2304.000,40.00,0
2305.000,2305.000,40.00,0
2306.000,2306.000,40.00,0
2307.000,2307.000,40.00,0
2308.000,2308.000,40.00,0
2310.000,2310.000,40.00,0
2311.000,2311.000,40.00,0
2312.000,2312.000,40.00,0
2313.000,2313.000,40.00,0
2314.000,2314.000,40.00,0
2315.000,2315.000,40.00,0
2316.000,2316.000,40.00,1
2317.000,2317.000,40.00,2
2318.000,2318.000,40.00,0
2319.000,2319.000,40.00,2
2320.000,2320.000,40.00,0
2321.000,2321.000,40.00,2
2322.000,2322.000,40.00,0
2323.000,2323.000,40.00,0
2325.000,2325.000,40.00,0
2326.000,2326.000,40.00,0
2327.000,2327.000,40.00,0
2328.000,2328.000,40.00,0
2329.000,2329.000,40.00,0
2330.000,2330.000,40.00,0
2331.000,2331.000,40.00,0
2332.000,2332.000,40.00,0
2333.000,2333.000,40.00,15
2334.000,2334.000,40.00,0
2335.000,2335.000,40.00,0
2336.000,2336.000,40.00,0
2337.000,2337.000,40.00,2
2339.000,2339.000,40.00,0
2340.000,2340.000,40.00,2
2341.000,2341.000,40.00,0
2342.000,2342.000,40.00,2
2343.000,2343.000,40.00,0
2344.000,2344.000,40.00,0
2345.000,2345.000,40.00,15953
2346.000,2346.000,40.00,0
2347.000,2347.000,40.00,0
2348.000,2348.000,40.00,0
2349.000,2349.000,40.00,0
2350.000,2350.000,40.00,0
2351.000,2351.000,40.00,0
2353.000,2353.000,40.00,0
2354.000,2354.000,40.00,0
2355.000,2355.000,40.00,0
2356.000,2356.000,40.00,0
2357.000,2357.000,40.00,0
2358.000,2358.000,40.00,0
2359.000,2359.000,40.00,2
2360.000,2360.000,40.00,0
2361.000,2361.000,40.00,2
2362.000,2362.000,40.00,0
2363.000,2363.000,40.00,2
2364.000,2364.000,40.00,0
2365.000,2365.000,40.00,0
2367.000,2367.000,40.00,0
2368.000,2368.000,40.00,0
2369.000,2369.000,40.00,0
2370.000,2370.000,40.00,0
2371.000,2371.000,40.00,0
2372.000,2372.000,40.00,0
2373.000,2373.000,40.00,0
2374.000,2374.000,40.00,0
2375.000,2375.000,40.00,0
2376.000,2376.000,40.00,0
2377.000,2377.000,40.00,0
2378.000,2378.000,40.00,0
2379.000,2379.000,40.00,2
2381.000,2381.000,40.00,0
2382.000,2382.000,40.00,2
2383.000,2383.000,40.00,0
2384.000,2384.000,40.00,2
2385.000,2385.000,40.00,0
2386.000,2386.000,40.00,0
2387.000,2387.000,40.00,0
2388.000,2388.000,40.00,0
2389.000,2389.000,40.00,0
2390.000,2390.000,40.00,24021
2391.000,2391.000,40.00,0
2392.000,2392.000,40.00,0
2393.000,2393.000,40.00,16
2395.000,2395.000,40.00,0
2396.000,2396.000,40.00,0
2397.000,2397.000,40.00,0
2398.000,2398.000,40.00,0
2399.000,2399.000,40.00,0
2400.000,2400.000,40.00,0
2401.000,2401.000,40.00,2
2402.000,2402.000,40.00,0
2403.000,2403.000,40.00,2
2404.000,2404.000,40.00,0
2405.000,2405.000,40.00,2
2406.000,2406.000,40.00,19
2408.000,2408.000,40.00,0
2409.000,2409.000,40.00,0
2410.000,2410.000,40.00,0
2411.000,2411.000,40.00,0
2412.000,2412.000,40.00,0
2413.000,2413.000,40.00,0
2414.000,2414.000,40.00,0
2415.000,2415.000,40.00,0
2416.000,2416.000,40.00,0
2417.000,2417.000,40.00,0
2418.000,2418.000,40.00,0
2419.000,2419.000,40.00,0
2420.000,2420.000,40.00,0
2422.000,2422.000,40.00,2
2423.000,2423.000,40.00,11
2424.000,2424.000,40.00,2
2425.000,2425.000,40.00,0
2426.000,2426.000,40.00,2
2427.000,2427.000,40.00,0
2428.000,2428.000,40.00,0
2429.000,2429.000,40.00,0
2430.000,2430.000,40.00,0
2431.000,2431.000,40.00,0
2432.000,2432.000,40.00,0
2433.000,2433.000,40.00,0
2434.000,2434.000,40.00,0
2436.000,2436.000,40.00,28389
2437.000,2437.000,40.00,0
2438.000,2438.000,40.00,0
2439.000,2439.000,40.00,0
2440.000,2440.000,40.00,0
2441.000,2441.000,40.00,0
2442.000,2442.000,40.00,0
2443.000,2443.000,40.00,2
2444.000,2444.000,40.00,0
2445.000,2445.000,40.00,2
2446.000,2446.000,40.00,0
2447.000,2447.000,40.00,2
2448.000,2448.000,40.00,0
2450.000,2450.000,40.00,0
2451.000,2451.000,40.00,0
2452.000,2452.000,40.00,0
2453.000,2453.000,40.00,0
2454.000,2454.000,40.00,15
2455.000,2455.000,40.00,0
2456.000,2456.000,40.00,0
2457.000,2457.000,40.00,0
2458.000,2458.000,40.00,0
2459.000,2459.000,40.00,0
2460.000,2460.000,40.00,0
2461.000,2461.000,40.00,0
2462.000,2462.000,40.00,0
2464.000,2464.000,40.00,2
2465.000,2465.000,40.00,0
2466.000,2466.000,40.00,2
2467.000,2467.000,40.00,0
2468.000,2468.000,40.00,2
2469.000,2469.000,40.00,0
2470.000,2470.000,40.00,0
2471.000,2471.000,40.00,0
2472.000,2472.000,40.00,0
2473.000,2473.000,40.00,0
2474.000,2474.000,40.00,0
2475.000,2475.000,40.00,0
2476.000,2476.000,40.00,0
2478.000,2478.000,40.00,0
2479.000,2479.000,40.00,0
2480.000,2480.000,40.00,0
2481.000,2481.000,40.00,10889
2482.000,2482.000,40.00,0
2483.000,2483.000,40.00,69
2484.000,2484.000,40.00,0
2485.000,2485.000,40.00,2
2486.000,2486.000,40.00,0
2487.000,2487.000,40.00,2
2488.000,2488.000,40.00,0
2489.000,2489.000,40.00,2
2490.000,2490.000,40.00,0
2492.000,2492.000,40.00,0
2493.000,2493.000,40.00,0
2494.000,2494.000,40.00,0
2495.000,2495.000,40.00,0
2496.000,2496.000,40.00,0
2497.000,2497.000,40.00,0
2498.000,2498.000,40.00,0
2499.000,2499.000,40.00,0
2500.000,2500.000,40.00,0
2501.000,2501.000,40.00,0
2502.000,2502.000,40.00,0
2503.000,2503.000,40.00,0
2504.000,2504.000,40.00,0
2506.000,2506.000,40.00,2
2507.000,2507.000,40.00,0
2508.000,2508.000,40.00,2
2509.000,2509.000,40.00,0
2510.000,2510.000,40.00,2
2511.000,2511.000,40.00,0
2512.000,2512.000,40.00,0
2513.000,2513.000,40.00,16
2514.000,2514.000,40.00,0
2515.000,2515.000,40.00,0
2516.000,2516.000,40.00,0
2517.000,2517.000,40.00,0
2518.000,2518.000,40.00,0
2520.000,2520.000,40.00,0
2521.000,2521.000,40.00,0
2522.000,2522.000,40.00,0
2523.000,2523.000,40.00,0
2524.000,2524.000,40.00,0
2525.000,2525.000,40.00,0
2526.000,2526.000,40.00,3040
2527.000,2527.000,40.00,7718
2528.000,2528.000,40.00,0
2529.000,2529.000,40.00,2
2530.000,2530.000,40.00,0
2531.000,2531.000,40.00,2
2532.000,2532.000,40.00,0
2534.000,2534.000,40.00,0
2535.000,2535.000,40.00,0
2536.000,2536.000,40.00,0
2537.000,2537.000,40.00,0
2538.000,2538.000,40.00,0
2539.000,2539.000,40.00,0
2540.000,2540.000,40.00,0
2541.000,2541.000,40.00,0
2542.000,2542.000,40.00,0
2543.000,2543.000,40.00,0
2544.000,2544.000,40.00,0
2545.000,2545.000,40.00,0
2546.000,2546.000,40.00,0
2548.000,2548.000,40.00,2
2549.000,2549.000,40.00,0
2550.000,2550.000,40.00,2
2551.000,2551.000,40.00,0
2552.000,2552.000,40.00,2
2553.000,2553.000,40.00,0
2554.000,2554.000,40.00,0
2555.000,2555.000,40.00,0
2556.000,2556.000,40.00,0
2557.000,2557.000,40.00,0
2558.000,2558.000,40.00,0
2559.000,2559.000,40.00,0
2561.000,2561.000,40.00,0
2562.000,2562.000,40.00,0
2563.000,2563.000,40.00,0
2564.000,2564.000,40.00,0
2565.000,2565.000,40.00,0
2566.000,2566.000,40.00,0
2567.000,2567.000,40.00,0
2568.000,2568.000,40.00,0
2569.000,2569.000,40.00,2
2570.000,2570.000,40.00,0
2571.000,2571.000,40.00,2
2572.000,2572.000,40.00,0
2573.000,2573.000,40.00,17
2574.000,2574.000,40.00,0
2576.000,2576.000,40.00,0
2577.000,2577.000,40.00,0
2578.000,2578.000,40.00,0
2579.000,2579.000,40.00,0
2580.000,2580.000,40.00,0
2581.000,2581.000,40.00,0
2582.000,2582.000,40.00,0
2583.000,2583.000,40.00,0
2584.000,2584.000,40.00,0
2585.000,2585.000,40.00,0
2586.000,2586.000,40.00,0
2587.000,2587.000,40.00,2
2588.000,2588.000,40.00,0
2590.000,2590.000,40.00,2
2591.000,2591.000,40.00,0
2592.000,2592.000,40.00,2
2593.000,2593.000,40.00,0
2594.000,2594.000,40.00,2
2595.000,2595.000,40.00,0
2596.000,2596.000,40.00,0
2597.000,2597.000,40.00,0
2598.000,2598.000,40.00,0
2599.000,2599.000,40.00,0
2600.000,2600.000,40.00,0
2601.000,2601.000,40.00,0
2603.000,2603.000,40.00,0
2604.000,2604.000,40.00,0
2605.000,2605.000,40.00,0
2606.000,2606.000,40.00,0
2607.000,2607.000,40.00,0
2608.000,2608.000,40.00,0
2609.000,2609.000,40.00,0
2610.000,2610.000,40.00,0
2611.000,2611.000,40.00,2
2612.000,2612.000,40.00,0
2613.000,2613.000,40.00,2
2614.000,2614.000,40.00,0
2615.000,2615.000,40.00,2
2617.000,2617.000,40.00,0
2618.000,2618.000,40.00,0
2619.000,2619.000,40.00,0
2620.000,2620.000,40.00,0
2621.000,2621.000,40.00,0
2622.000,2622.000,40.00,0
2623.000,2623.000,40.00,0
2624.000,2624.000,40.00,0
2625.000,2625.000,40.00,0
2626.000,2626.000,40.00,0
2627.000,2627.000,40.00,0
2628.000,2628.000,40.00,0
2629.000,2629.000,40.00,0
2631.000,2631.000,40.00,0
2632.000,2632.000,40.00,2
2633.000,2633.000,40.00,0
2634.000,2634.000,40.00,18
2635.000,2635.000,40.00,0
2636.000,2636.000,40.00,2
2637.000,2637.000,40.00,0
2638.000,2638.000,40.00,0
2639.000,2639.000,40.00,0
2640.000,2640.000,40.00,0
2641.000,2641.000,40.00,0
2642.000,2642.000,40.00,0
2643.000,2643.000,40.00,0
2645.000,2645.000,40.00,0
2646.000,2646.000,40.00,0
2647.000,2647.000,40.00,0
2648.000,2648.000,40.00,0
2649.000,2649.000,40.00,0
2650.000,2650.000,40.00,0
2651.000,2651.000,40.00,0
2652.000,2652.000,40.00,0
2653.000,2653.000,40.00,2
2654.000,2654.000,40.00,0
2655.000,2655.000,40.00,2
2656.000,2656.000,40.00,0
2658.000,2658.000,40.00,2
2659.000,2659.000,40.00,0
2660.000,2660.000,40.00,0
2661.000,2661.000,40.00,0
2662.000,2662.000,40.00,0
2663.000,2663.000,40.00,0
2664.000,2664.000,40.00,0
2665.000,2665.000,40.00,0
2666.000,2666.000,40.00,0
2667.000,2667.000,40.00,0
2668.000,2668.000,40.00,0
2669.000,2669.000,40.00,0
2670.000,2670.000,40.00,0
2671.000,2671.000,40.00,0
2673.000,2673.000,40.00,0
2674.000,2674.000,40.00,2
2675.000,2675.000,40.00,0
2676.000,2676.000,40.00,2
2677.000,2677.000,40.00,0
2678.000,2678.000,40.00,2
2679.000,2679.000,40.00,0
2680.000,2680.000,40.00,0
2681.000,2681.000,40.00,0
2682.000,2682.000,40.00,0
2683.000,2683.000,40.00,0
2684.000,2684.000,40.00,0
2685.000,2685.000,40.00,0
2687.000,2687.000,40.00,0
2688.000,2688.000,40.00,0
2689.000,2689.000,40.00,0
2690.000,2690.000,40.00,0
2691.000,2691.000,40.00,0
2692.000,2692.000,40.00,0
2693.000,2693.000,40.00,0
2694.000,2694.000,40.00,0
2695.000,2695.000,40.00,2
2696.000,2696.000,40.00,0
2697.000,2697.000,40.00,2
2698.000,2698.000,40.00,0
2699.000,2699.000,40.00,2
2701.000,2701.000,40.00,0
2702.000,2702.000,40.00,0
2703.000,2703.000,40.00,0
2704.000,2704.000,40.00,0
2705.000,2705.000,40.00,0
2706.000,2706.000,40.00,0
2707.000,2707.000,40.00,0
2708.000,2708.000,40.00,0
2709.000,2709.000,40.00,0
2710.000,2710.000,40.00,68
2711.000,2711.000,40.00,7325
2712.000,2712.000,40.00,5606
2713.000,2713.000,40.00,0
2715.000,2715.000,40.00,0
2716.000,2716.000,40.00,2
2717.000,2717.000,40.00,0
2718.000,2718.000,40.00,2
2719.000,2719.000,40.00,0
2720.000,2720.000,40.00,2
2721.000,2721.000,40.00,0
2722.000,2722.000,40.00,0
2723.000,2723.000,40.00,0
2724.000,2724.000,40.00,1
2725.000,2725.000,40.00,0
2726.000,2726.000,40.00,0
2727.000,2727.000,40.00,0
2729.000,2729.000,40.00,0
2730.000,2730.000,40.00,0
2731.000,2731.000,40.00,0
2732.000,2732.000,40.00,0
2733.000,2733.000,40.00,11
2734.000,2734.000,40.00,0
2735.000,2735.000,40.00,0
2736.000,2736.000,40.00,0
2737.000,2737.000,40.00,2
2738.000,2738.000,40.00,0
2739.000,2739.000,40.00,2
2740.000,2740.000,40.00,0
2741.000,2741.000,40.00,2
2743.000,2743.000,40.00,0
2744.000,2744.000,40.00,0
2745.000,2745.000,40.00,0
2746.000,2746.000,40.00,0
2747.000,2747.000,40.00,0
2748.000,2748.000,40.00,0
2749.000,2749.000,40.00,0
2750.000,2750.000,40.00,0
2751.000,2751.000,40.00,0
2752.000,2752.000,40.00,0
2753.000,2753.000,40.00,17
2754.000,2754.000,40.00,0
2755.000,2755.000,40.00,0
2757.000,2757.000,40.00,0
2758.000,2758.000,40.00,2
2759.000,2759.000,40.00,0
2760.000,2760.000,40.00,2
2761.000,2761.000,40.00,0
2762.000,2762.000,40.00,2
2763.000,2763.000,40.00,0
2764.000,2764.000,40.00,0
2765.000,2765.000,40.00,0
2766.000,2766.000,40.00,0
2767.000,2767.000,40.00,0
2768.000,2768.000,40.00,0
2770.000,2770.000,40.00,0
2771.000,2771.000,40.00,0
2772.000,2772.000,40.00,2
2773.000,2773.000,40.00,0
2774.000,2774.000,40.00,0
2775.000,2775.000,40.00,0
2776.000,2776.000,40.00,17923
2777.000,2777.000,40.00,84955
2778.000,2778.000,40.00,88590
2779.000,2779.000,40.00,2
2780.000,2780.000,40.00,11
2781.000,2781.000,40.00,14841
2782.000,2782.000,40.00,0
2783.000,2783.000,40.00,2
2785.000,2785.000,40.00,0
2786.000,2786.000,40.00,0
2787.000,2787.000,40.00,0
2788.000,2788.000,40.00,0
2789.000,2789.000,40.00,0
2790.000,2790.000,40.00,0
2791.000,2791.000,40.00,0
2792.000,2792.000,40.00,0
2793.000,2793.000,40.00,0
2794.000,2794.000,40.00,0
2795.000,2795.000,40.00,0
2796.000,2796.000,40.00,0
2797.000,2797.000,40.00,0
2798.000,2798.000,40.00,0
2800.000,2800.000,40.00,0
2801.000,2801.000,40.00,37
2802.000,2802.000,40.00,2
2803.000,2803.000,40.00,0
2804.000,2804.000,40.00,2
2805.000,2805.000,40.00,0
2806.000,2806.000,40.00,0
2807.000,2807.000,40.00,0
2808.000,2808.000,40.00,0
2809.000,2809.000,40.00,0
2810.000,2810.000,40.00,0
2811.000,2811.000,40.00,0
2812.000,2812.000,40.00,0
2814.000,2814.000,40.00,0
2815.000,2815.000,40.00,0
2816.000,2816.000,40.00,0
2817.000,2817.000,40.00,1
2818.000,2818.000,40.00,0
2819.000,2819.000,40.00,0
2820.000,2820.000,40.00,0
2821.000,2821.000,40.00,2
2822.000,2822.000,40.00,0
2823.000,2823.000,40.00,10895
2824.000,2824.000,40.00,0
2825.000,2825.000,40.00,2
2827.000,2827.000,40.00,0
2828.000,2828.000,40.00,0
2829.000,2829.000,40.00,0
2830.000,2830.000,40.00,0
2831.000,2831.000,40.00,0
2832.000,2832.000,40.00,0
2833.000,2833.000,40.00,0
2834.000,2834.000,40.00,0
2835.000,2835.000,40.00,0
2836.000,2836.000,40.00,15
2837.000,2837.000,40.00,0
2838.000,2838.000,40.00,5
2839.000,2839.000,40.00,1
2840.000,2840.000,40.00,0
2842.000,2842.000,40.00,0
2843.000,2843.000,40.00,2
2844.000,2844.000,40.00,2
2845.000,2845.000,40.00,0
2846.000,2846.000,40.00,2
2847.000,2847.000,40.00,0
2848.000,2848.000,40.00,0
2849.000,2849.000,40.00,0
2850.000,2850.000,40.00,0
2851.000,2851.000,40.00,0
2852.000,2852.000,40.00,0
2853.000,2853.000,40.00,0
2854.000,2854.000,40.00,0
2856.000,2856.000,40.00,0
2857.000,2857.000,40.00,0
2858.000,2858.000,40.00,0
2859.000,2859.000,40.00,0
2860.000,2860.000,40.00,0
2861.000,2861.000,40.00,0
2862.000,2862.000,40.00,0
2863.000,2863.000,40.00,2
2864.000,2864.000,40.00,0
2865.000,2865.000,40.00,2
2866.000,2866.000,40.00,0
2867.000,2867.000,40.00,2
2869.000,2869.000,40.00,36681
2870.000,2870.000,40.00,0
2871.000,2871.000,40.00,0
2872.000,2872.000,40.00,0
2873.000,2873.000,40.00,0
2874.000,2874.000,40.00,0
2875.000,2875.000,40.00,0
2876.000,2876.000,40.00,0
2877.000,2877.000,40.00,0
2878.000,2878.000,40.00,0
2879.000,2879.000,40.00,0
2880.000,2880.000,40.00,0
2881.000,2881.000,40.00,0
2882.000,2882.000,40.00,0
2884.000,2884.000,40.00,0
2885.000,2885.000,40.00,2
2886.000,2886.000,40.00,2
2887.000,2887.000,40.00,0
2888.000,2888.000,40.00,19
2889.000,2889.000,40.00,0
2890.000,2890.000,40.00,0
2891.000,2891.000,40.00,0
2892.000,2892.000,40.00,0
2893.000,2893.000,40.00,0
2894.000,2894.000,40.00,0
2895.000,2895.000,40.00,0
2896.000,2896.000,40.00,0
2898.000,2898.000,40.00,0
2899.000,2899.000,40.00,0
2900.000,2900.000,40.00,0
2901.000,2901.000,40.00,0
2902.000,2902.000,40.00,0
2903.000,2903.000,40.00,0
2904.000,2904.000,40.00,0
2905.000,2905.000,40.00,2
2906.000,2906.000,40.00,0
2907.000,2907.000,40.00,2
2908.000,2908.000,40.00,0
2909.000,2909.000,40.00,2
2910.000,2910.000,40.00,0
2912.000,2912.000,40.00,0
2913.000,2913.000,40.00,0
2914.000,2914.000,40.00,9950
2915.000,2915.000,40.00,15950
2916.000,2916.000,40.00,0
2917.000,2917.000,40.00,0
2918.000,2918.000,40.00,0
2919.000,2919.000,40.00,0
2920.000,2920.000,40.00,0
2921.000,2921.000,40.00,0
2922.000,2922.000,40.00,0
2923.000,2923.000,40.00,0
2924.000,2924.000,40.00,0
2926.000,2926.000,40.00,0
2927.000,2927.000,40.00,2
2928.000,2928.000,40.00,2
2929.000,2929.000,40.00,0
2930.000,2930.000,40.00,2
2931.000,2931.000,40.00,0
2932.000,2932.000,40.00,0
2933.000,2933.000,40.00,0
2934.000,2934.000,40.00,0
2935.000,2935.000,40.00,0
2936.000,2936.000,40.00,0
2937.000,2937.000,40.00,0
2939.000,2939.000,40.00,0
2940.000,2940.000,40.00,0
2941.000,2941.000,40.00,0
2942.000,2942.000,40.00,0
2943.000,2943.000,40.00,0
2944.000,2944.000,40.00,0
2945.000,2945.000,40.00,0
2946.000,2946.000,40.00,0
2947.000,2947.000,40.00,2
2948.000,2948.000,40.00,0
2949.000,2949.000,40.00,2
2950.000,2950.000,40.00,0
2951.000,2951.000,40.00,2
2953.000,2953.000,40.00,0
2954.000,2954.000,40.00,0
2955.000,2955.000,40.00,0
2956.000,2956.000,40.00,14
2957.000,2957.000,40.00,0
2958.000,2958.000,40.00,0
2959.000,2959.000,40.00,10
2960.000,2960.000,40.00,12615
2961.000,2961.000,40.00,0
2962.000,2962.000,40.00,0
2963.000,2963.000,40.00,0
2964.000,2964.000,40.00,0
2965.000,2965.000,40.00,0
2967.000,2967.000,40.00,0
2968.000,2968.000,40.00,0
2969.000,2969.000,40.00,2
2970.000,2970.000,40.00,2
2971.000,2971.000,40.00,0
2972.000,2972.000,40.00,2
2973.000,2973.000,40.00,0
2974.000,2974.000,40.00,0
2975.000,2975.000,40.00,0
2976.000,2976.000,40.00,0
2977.000,2977.000,40.00,0
2978.000,2978.000,40.00,0
2980.000,2980.000,40.00,0
2981.000,2981.000,40.00,0
2982.000,2982.000,40.00,0
2983.000,2983.000,40.00,0
2984.000,2984.000,40.00,0
2985.000,2985.000,40.00,0
2986.000,2986.000,40.00,0
2987.000,2987.000,40.00,0
2988.000,2988.000,40.00,0
2989.000,2989.000,40.00,2
2990.000,2990.000,40.00,0
2991.000,2991.000,40.00,2
2993.000,2993.000,40.00,0
2994.000,2994.000,40.00,2
2995.000,2995.000,40.00,0
2996.000,2996.000,40.00,0
2997.000,2997.000,40.00,0
2998.000,2998.000,40.00,0
2999.000,2999.000,40.00,0
3000.000,3000.000,40.00,0
3001.000,3001.000,40.00,0
3002.000,3002.000,40.00,0
3003.000,3003.000,40.00,0
3004.000,3004.000,40.00,0
3005.000,3005.000,40.00,16793
3007.000,3007.000,40.00,0
3008.000,3008.000,40.00,0
3009.000,3009.000,40.00,0
3010.000,3010.000,40.00,0
3011.000,3011.000,40.00,0
3012.000,3012.000,40.00,2
3013.000,3013.000,40.00,0
3014.000,3014.000,40.00,2
3015.000,3015.000,40.00,0
3016.000,3016.000,40.00,15
3017.000,3017.000,40.00,0
3018.000,3018.000,40.00,0
3019.000,3019.000,40.00,0
3021.000,3021.000,40.00,0
3022.000,3022.000,40.00,0
3023.000,3023.000,40.00,0
3024.000,3024.000,40.00,0
3025.000,3025.000,40.00,0
3026.000,3026.000,40.00,0
3027.000,3027.000,40.00,0
3028.000,3028.000,40.00,0
3029.000,3029.000,40.00,0
3030.000,3030.000,40.00,0
3031.000,3031.000,40.00,2
3032.000,3032.000,40.00,0
3033.000,3033.000,40.00,2
3035.000,3035.000,40.00,0
3036.000,3036.000,40.00,2
3037.000,3037.000,40.00,0
3038.000,3038.000,40.00,0
3039.000,3039.000,40.00,0
3040.000,3040.000,40.00,0
3041.000,3041.000,40.00,0
3042.000,3042.000,40.00,0
3043.000,3043.000,40.00,0
3044.000,3044.000,40.00,0
3045.000,3045.000,40.00,0
3046.000,3046.000,40.00,0
3047.000,3047.000,40.00,0
3049.000,3049.000,40.00,0
3050.000,3050.000,40.00,0
3051.000,3051.000,40.00,13979
3052.000,3052.000,40.00,0
3053.000,3053.000,40.00,0
3054.000,3054.000,40.00,2
3055.000,3055.000,40.00,0
3056.000,3056.000,40.00,2
3057.000,3057.000,40.00,0
3058.000,3058.000,40.00,0
3059.000,3059.000,40.00,0
3060.000,3060.000,40.00,0
3061.000,3061.000,40.00,0
3063.000,3063.000,40.00,0
3064.000,3064.000,40.00,0
3065.000,3065.000,40.00,0
3066.000,3066.000,40.00,0
3067.000,3067.000,40.00,0
3068.000,3068.000,40.00,0
3069.000,3069.000,40.00,0
3070.000,3070.000,40.00,0
3071.000,3071.000,40.00,0
3072.000,3072.000,40.00,0
3073.000,3073.000,40.00,2
3074.000,3074.000,40.00,0
3076.000,3076.000,40.00,2
3077.000,3077.000,40.00,0
3078.000,3078.000,40.00,2
3079.000,3079.000,40.00,0
3080.000,3080.000,40.00,0
3081.000,3081.000,40.00,0
3082.000,3082.000,40.00,0
3083.000,3083.000,40.00,0
3084.000,3084.000,40.00,0
3085.000,3085.000,40.00,0
3086.000,3086.000,40.00,0
3087.000,3087.000,40.00,0
3088.000,3088.000,40.00,0
3089.000,3089.000,40.00,11
3091.000,3091.000,40.00,0
3092.000,3092.000,40.00,0
3093.000,3093.000,40.00,0
3094.000,3094.000,40.00,0
3095.000,3095.000,40.00,0
3096.000,3096.000,40.00,9735
3097.000,3097.000,40.00,0
3098.000,3098.000,40.00,2
3099.000,3099.000,40.00,0
3100.000,3100.000,40.00,0
3101.000,3101.000,40.00,0
3102.000,3102.000,40.00,0
3103.000,3103.000,40.00,0
3104.000,3104.000,40.00,0
3106.000,3106.000,40.00,0
3107.000,3107.000,40.00,0
3108.000,3108.000,40.00,0
3109.000,3109.000,40.00,0
3110.000,3110.000,40.00,0
3111.000,3111.000,40.00,0
3112.000,3112.000,40.00,0
3113.000,3113.000,40.00,0
3114.000,3114.000,40.00,0
3115.000,3115.000,40.00,2
3116.000,3116.000,40.00,0
3118.000,3118.000,40.00,2
3119.000,3119.000,40.00,0
3120.000,3120.000,40.00,2
3121.000,3121.000,40.00,3
3122.000,3122.000,40.00,102
3123.000,3123.000,40.00,72
3124.000,3124.000,40.00,0
3125.000,3125.000,40.00,0
3126.000,3126.000,40.00,34
3127.000,3127.000,40.00,0
3128.000,3128.000,40.00,0
3129.000,3129.000,40.00,0
3130.000,3130.000,40.00,0
3132.000,3132.000,40.00,0
3133.000,3133.000,40.00,0
3134.000,3134.000,40.00,0
3135.000,3135.000,40.00,0
3136.000,3136.000,40.00,18
3137.000,3137.000,40.00,0
3138.000,3138.000,40.00,2
3139.000,3139.000,40.00,0
3140.000,3140.000,40.00,2
3141.000,3141.000,40.00,21348
3142.000,3142.000,40.00,0
3143.000,3143.000,40.00,0
3144.000,3144.000,40.00,0
3146.000,3146.000,40.00,0
3147.000,3147.000,40.00,0
3148.000,3148.000,40.00,0
3149.000,3149.000,40.00,0
3150.000,3150.000,40.00,0
3151.000,3151.000,40.00,0
3152.000,3152.000,40.00,0
3153.000,3153.000,40.00,0
3154.000,3154.000,40.00,0
3155.000,3155.000,40.00,0
3156.000,3156.000,40.00,0
3157.000,3157.000,40.00,2
3158.000,3158.000,40.00,0
3160.000,3160.000,40.00,2
3161.000,3161.000,40.00,0
3162.000,3162.000,40.00,2
3163.000,3163.000,40.00,0
3164.000,3164.000,40.00,0
3165.000,3165.000,40.00,0
3166.000,3166.000,40.00,0
3167.000,3167.000,40.00,0
3168.000,3168.000,40.00,0
3169.000,3169.000,40.00,0
3170.000,3170.000,40.00,0
3171.000,3171.000,40.00,0
3172.000,3172.000,40.00,0
3174.000,3174.000,40.00,0
3175.000,3175.000,40.00,0
3176.000,3176.000,40.00,11
3177.000,3177.000,40.00,0
3178.000,3178.000,40.00,1
3179.000,3179.000,40.00,0
3180.000,3180.000,40.00,2
3181.000,3181.000,40.00,0
3182.000,3182.000,40.00,4
3183.000,3183.000,40.00,0
3184.000,3184.000,40.00,0
3185.000,3185.000,40.00,0
3186.000,3186.000,40.00,12849
3188.000,3188.000,40.00,0
3189.000,3189.000,40.00,0
3190.000,3190.000,40.00,0
3191.000,3191.000,40.00,0
3192.000,3192.000,40.00,0
3193.000,3193.000,40.00,0
3194.000,3194.000,40.00,0
3195.000,3195.000,40.00,0
3196.000,3196.000,40.00,15
3197.000,3197.000,40.00,0
3198.000,3198.000,40.00,0
3199.000,3199.000,40.00,2
3200.000,3200.000,40.00,0
3202.000,3202.000,40.00,2
3203.000,3203.000,40.00,0
3204.000,3204.000,40.00,2
3205.000,3205.000,40.00,0
3206.000,3206.000,40.00,0
3207.000,3207.000,40.00,0
3208.000,3208.000,40.00,0
3209.000,3209.000,40.00,0
3210.000,3210.000,40.00,0
3211.000,3211.000,40.00,0
3212.000,3212.000,40.00,0
3213.000,3213.000,40.00,0
3215.000,3215.000,40.00,0
3216.000,3216.000,40.00,0
3217.000,3217.000,40.00,0
3218.000,3218.000,40.00,0
3219.000,3219.000,40.00,0
3220.000,3220.000,40.00,2
3221.000,3221.000,40.00,0
3222.000,3222.000,40.00,2
3223.000,3223.000,40.00,0
3224.000,3224.000,40.00,2
3225.000,3225.000,40.00,0
3226.000,3226.000,40.00,0
3227.000,3227.000,40.00,0
3228.000,3228.000,40.00,0
3230.000,3230.000,40.00,0
3231.000,3231.000,40.00,0
3232.000,3232.000,40.00,10360
3233.000,3233.000,40.00,0
3234.000,3234.000,40.00,0
3235.000,3235.000,40.00,0
3236.000,3236.000,40.00,0
3237.000,3237.000,40.00,0
3238.000,3238.000,40.00,0
3239.000,3239.000,40.00,0
3240.000,3240.000,40.00,0
3241.000,3241.000,40.00,2
3242.000,3242.000,40.00,0
3244.000,3244.000,40.00,2
3245.000,3245.000,40.00,0
3246.000,3246.000,40.00,2
3247.000,3247.000,40.00,0
3248.000,3248.000,40.00,0
3249.000,3249.000,40.00,0
3250.000,3250.000,40.00,0
3251.000,3251.000,40.00,0
3252.000,3252.000,40.00,0
3253.000,3253.000,40.00,0
3254.000,3254.000,40.00,0
3255.000,3255.000,40.00,0
3256.000,3256.000,40.00,15
3258.000,3258.000,40.00,0
3259.000,3259.000,40.00,0
3260.000,3260.000,40.00,0
3261.000,3261.000,40.00,0
3262.000,3262.000,40.00,0
3263.000,3263.000,40.00,0
3264.000,3264.000,40.00,2
3265.000,3265.000,40.00,0
3266.000,3266.000,40.00,2
3267.000,3267.000,40.00,0
3268.000,3268.000,40.00,0
3269.000,3269.000,40.00,0
3270.000,3270.000,40.00,0
3272.000,3272.000,40.00,0
3273.000,3273.000,40.00,0
3274.000,3274.000,40.00,0
3275.000,3275.000,40.00,0
3276.000,3276.000,40.00,0
3277.000,3277.000,40.00,16232
3278.000,3278.000,40.00,0
3279.000,3279.000,40.00,0
3280.000,3280.000,40.00,0
3281.000,3281.000,40.00,0
3282.000,3282.000,40.00,0
3283.000,3283.000,40.00,2
3284.000,3284.000,40.00,0
3285.000,3285.000,40.00,2
3287.000,3287.000,40.00,0
3288.000,3288.000,40.00,2
3289.000,3289.000,40.00,0
3290.000,3290.000,40.00,0
3291.000,3291.000,40.00,0
3292.000,3292.000,40.00,0
3293.000,3293.000,40.00,0
3294.000,3294.000,40.00,0
3295.000,3295.000,40.00,0
3296.000,3296.000,40.00,0
3297.000,3297.000,40.00,0
3298.000,3298.000,40.00,0
3299.000,3299.000,40.00,0
3300.000,3300.000,40.00,0
3302.000,3302.000,40.00,0
3303.000,3303.000,40.00,0
3304.000,3304.000,40.00,0
3305.000,3305.000,40.00,2
3306.000,3306.000,40.00,0
3307.000,3307.000,40.00,0
3308.000,3308.000,40.00,2
3309.000,3309.000,40.00,0
3310.000,3310.000,40.00,0
3311.000,3311.000,40.00,0
3312.000,3312.000,40.00,0
3313.000,3313.000,40.00,0
3314.000,3314.000,40.00,0
3316.000,3316.000,40.00,0
3317.000,3317.000,40.00,19
3318.000,3318.000,40.00,0
3319.000,3319.000,40.00,0
3320.000,3320.000,40.00,0
3321.000,3321.000,40.00,0
3322.000,3322.000,40.00,163
3323.000,3323.000,40.00,22264
3324.000,3324.000,40.00,0
3325.000,3325.000,40.00,2
3326.000,3326.000,40.00,0
3327.000,3327.000,40.00,2
3328.000,3328.000,40.00,0
3330.000,3330.000,40.00,2
3331.000,3331.000,40.00,0
3332.000,3332.000,40.00,0
3333.000,3333.000,40.00,0
3334.000,3334.000,40.00,0
3335.000,3335.000,40.00,0
3336.000,3336.000,40.00,0
3337.000,3337.000,40.00,0
3338.000,3338.000,40.00,0
3339.000,3339.000,40.00,0
3340.000,3340.000,40.00,0
3341.000,3341.000,40.00,0
3342.000,3342.000,40.00,0
3344.000,3344.000,40.00,0
3345.000,3345.000,40.00,0
3346.000,3346.000,40.00,0
3347.000,3347.000,40.00,2
3348.000,3348.000,40.00,0
3349.000,3349.000,40.00,2
3350.000,3350.000,40.00,2
3351.000,3351.000,40.00,0
3352.000,3352.000,40.00,0
3353.000,3353.000,40.00,0
3354.000,3354.000,40.00,0
3355.000,3355.000,40.00,0
3356.000,3356.000,40.00,0
3358.000,3358.000,40.00,0
3359.000,3359.000,40.00,0
3360.000,3360.000,40.00,0
3361.000,3361.000,40.00,0
3362.000,3362.000,40.00,2
3363.000,3363.000,40.00,0
3364.000,3364.000,40.00,0
3365.000,3365.000,40.00,0
3366.000,3366.000,40.00,0
3367.000,3367.000,40.00,2
3368.000,3368.000,40.00,19747
3369.000,3369.000,40.00,2
3370.000,3370.000,40.00,0
3372.000,3372.000,40.00,2
3373.000,3373.000,40.00,0
3374.000,3374.000,40.00,0
3375.000,3375.000,40.00,0
3376.000,3376.000,40.00,15
3377.000,3377.000,40.00,0
3378.000,3378.000,40.00,0
3379.000,3379.000,40.00,0
3380.000,3380.000,40.00,0
3381.000,3381.000,40.00,0
3382.000,3382.000,40.00,0
3383.000,3383.000,40.00,0
3384.000,3384.000,40.00,0
3386.000,3386.000,40.00,0
3387.000,3387.000,40.00,0
3388.000,3388.000,40.00,0
3389.000,3389.000,40.00,2
3390.000,3390.000,40.00,0
3391.000,3391.000,40.00,2
3392.000,3392.000,40.00,2
3393.000,3393.000,40.00,0
3394.000,3394.000,40.00,0
3395.000,3395.000,40.00,0
3396.000,3396.000,40.00,0
3397.000,3397.000,40.00,0
3398.000,3398.000,40.00,0
3400.000,3400.000,40.00,0
3401.000,3401.000,40.00,0
3402.000,3402.000,40.00,0
3403.000,3403.000,40.00,0
3404.000,3404.000,40.00,0
3405.000,3405.000,40.00,0
3406.000,3406.000,40.00,0
3407.000,3407.000,40.00,0
3408.000,3408.000,40.00,0
3409.000,3409.000,40.00,2
3410.000,3410.000,40.00,0
3411.000,3411.000,40.00,2
3412.000,3412.000,40.00,0
3414.000,3414.000,40.00,9694
3415.000,3415.000,40.00,0
3416.000,3416.000,40.00,0
3417.000,3417.000,40.00,0
3418.000,3418.000,40.00,0
3419.000,3419.000,40.00,0
3420.000,3420.000,40.00,0
3421.000,3421.000,40.00,0
3422.000,3422.000,40.00,0
3423.000,3423.000,40.00,0
3424.000,3424.000,40.00,0
3425.000,3425.000,40.00,0
3427.000,3427.000,40.00,0
3428.000,3428.000,40.00,0
3429.000,3429.000,40.00,0
3430.000,3430.000,40.00,0
3431.000,3431.000,40.00,2
3432.000,3432.000,40.00,0
3433.000,3433.000,40.00,2
3434.000,3434.000,40.00,2
3435.000,3435.000,40.00,0
3436.000,3436.000,40.00,15
3437.000,3437.000,40.00,0
3438.000,3438.000,40.00,0
3439.000,3439.000,40.00,0
3440.000,3440.000,40.00,0
3441.000,3441.000,40.00,0
3443.000,3443.000,40.00,0
3444.000,3444.000,40.00,0
3445.000,3445.000,40.00,0
3446.000,3446.000,40.00,0
3447.000,3447.000,40.00,0
3448.000,3448.000,40.00,0
3449.000,3449.000,40.00,0
3450.000,3450.000,40.00,0
3451.000,3451.000,40.00,2
3452.000,3452.000,40.00,0
3453.000,3453.000,40.00,2
3454.000,3454.000,40.00,0
3456.000,3456.000,40.00,2
3457.000,3457.000,40.00,0
3458.000,3458.000,40.00,0
3459.000,3459.000,40.00,14266
3460.000,3460.000,40.00,0
3461.000,3461.000,40.00,0
3462.000,3462.000,40.00,0
3463.000,3463.000,40.00,0
3464.000,3464.000,40.00,0
3465.000,3465.000,40.00,0
3466.000,3466.000,40.00,0
3467.000,3467.000,40.00,0
3468.000,3468.000,40.00,0
3470.000,3470.000,40.00,0
3471.000,3471.000,40.00,0
3472.000,3472.000,40.00,0
3473.000,3473.000,40.00,2
3474.000,3474.000,40.00,0
3475.000,3475.000,40.00,2
3476.000,3476.000,40.00,1
3477.000,3477.000,40.00,1
3478.000,3478.000,40.00,0
3479.000,3479.000,40.00,0
3480.000,3480.000,40.00,0
3481.000,3481.000,40.00,0
3482.000,3482.000,40.00,0
3484.000,3484.000,40.00,0
3485.000,3485.000,40.00,0
3486.000,3486.000,40.00,11
3487.000,3487.000,40.00,0
3488.000,3488.000,40.00,0
3489.000,3489.000,40.00,0
3490.000,3490.000,40.00,0
3491.000,3491.000,40.00,0
3492.000,3492.000,40.00,0
3493.000,3493.000,40.00,2
3494.000,3494.000,40.00,0
3495.000,3495.000,40.00,2
3496.000,3496.000,40.00,15
3498.000,3498.000,40.00,2
3499.000,3499.000,40.00,0
3500.000,3500.000,40.00,0
3501.000,3501.000,40.00,0
3502.000,3502.000,40.00,0
3503.000,3503.000,40.00,0
3504.000,3504.000,40.00,19680
3505.000,3505.000,40.00,0
3506.000,3506.000,40.00,0
3507.000,3507.000,40.00,0
3508.000,3508.000,40.00,0
3509.000,3509.000,40.00,0
3511.000,3511.000,40.00,0
3512.000,3512.000,40.00,0
3513.000,3513.000,40.00,0
3514.000,3514.000,40.00,0
3515.000,3515.000,40.00,2
3516.000,3516.000,40.00,0
3517.000,3517.000,40.00,2
3518.000,3518.000,40.00,2
3519.000,3519.000,40.00,0
3520.000,3520.000,40.00,0
3521.000,3521.000,40.00,0
3522.000,3522.000,40.00,0
3523.000,3523.000,40.00,0
3525.000,3525.000,40.00,0
3526.000,3526.000,40.00,0
3527.000,3527.000,40.00,0
3528.000,3528.000,40.00,0
3529.000,3529.000,40.00,0
3530.000,3530.000,40.00,0
3531.000,3531.000,40.00,0
3532.000,3532.000,40.00,0
3533.000,3533.000,40.00,0
3534.000,3534.000,40.00,0
3535.000,3535.000,40.00,2
3536.000,3536.000,40.00,0
3537.000,3537.000,40.00,2
3539.000,3539.000,40.00,0
3540.000,3540.000,40.00,2
3541.000,3541.000,40.00,0
3542.000,3542.000,40.00,0
3543.000,3543.000,40.00,0
3544.000,3544.000,40.00,0
3545.000,3545.000,40.00,0
3546.000,3546.000,40.00,0
3547.000,3547.000,40.00,0
3548.000,3548.000,40.00,0
3549.000,3549.000,40.00,21613
3550.000,3550.000,40.00,0
3551.000,3551.000,40.00,0
3553.000,3553.000,40.00,0
3554.000,3554.000,40.00,0
3555.000,3555.000,40.00,0
3556.000,3556.000,40.00,15
3557.000,3557.000,40.00,2
3558.000,3558.000,40.00,0
3559.000,3559.000,40.00,2
3560.000,3560.000,40.00,0
3561.000,3561.000,40.00,0
3562.000,3562.000,40.00,0
3563.000,3563.000,40.00,0
3564.000,3564.000,40.00,0
3565.000,3565.000,40.00,0
3567.000,3567.000,40.00,0
3568.000,3568.000,40.00,0
3569.000,3569.000,40.00,0
3570.000,3570.000,40.00,0
3571.000,3571.000,40.00,0
3572.000,3572.000,40.00,0
3573.000,3573.000,40.00,0
3574.000,3574.000,40.00,0
3575.000,3575.000,40.00,0
3576.000,3576.000,40.00,0
3577.000,3577.000,40.00,2
3578.000,3578.000,40.00,0
3579.000,3579.000,40.00,2
3580.000,3580.000,40.00,0
3582.000,3582.000,40.00,2
3583.000,3583.000,40.00,0
3584.000,3584.000,40.00,0
3585.000,3585.000,40.00,0
3586.000,3586.000,40.00,0
3587.000,3587.000,40.00,0
3588.000,3588.000,40.00,0
3589.000,3589.000,40.00,0
3590.000,3590.000,40.00,0
3591.000,3591.000,40.00,0
3592.000,3592.000,40.00,0
3593.000,3593.000,40.00,0
3595.000,3595.000,40.00,18973
3596.000,3596.000,40.00,0
3597.000,3597.000,40.00,0
3598.000,3598.000,40.00,0
3599.000,3599.000,40.00,2
3600.000,3600.000,40.00,0
3601.000,3601.000,40.00,2
3602.000,3602.000,40.00,0
3603.000,3603.000,40.00,0
3604.000,3604.000,40.00,0
3605.000,3605.000,40.00,0
3606.000,3606.000,40.00,0
3607.000,3607.000,40.00,0
3609.000,3609.000,40.00,28
3610.000,3610.000,40.00,0
3611.000,3611.000,40.00,0
3612.000,3612.000,40.00,0
3613.000,3613.000,40.00,0
3614.000,3614.000,40.00,0
3615.000,3615.000,40.00,0
3616.000,3616.000,40.00,14
3617.000,3617.000,40.00,0
3618.000,3618.000,40.00,0
3619.000,3619.000,40.00,2
3620.000,3620.000,40.00,0
3621.000,3621.000,40.00,2
3623.000,3623.000,40.00,0
3624.000,3624.000,40.00,2
3625.000,3625.000,40.00,0
3626.000,3626.000,40.00,0
3627.000,3627.000,40.00,0
3628.000,3628.000,40.00,0
3629.000,3629.000,40.00,0
3630.000,3630.000,40.00,0
3631.000,3631.000,40.00,0
3632.000,3632.000,40.00,0
3633.000,3633.000,40.00,0
3634.000,3634.000,40.00,0
3635.000,3635.000,40.00,0
3637.000,3637.000,40.00,0
3638.000,3638.000,40.00,0
3639.000,3639.000,40.00,0
3640.000,3640.000,40.00,19311
3641.000,3641.000,40.00,2
3642.000,3642.000,40.00,0
3643.000,3643.000,40.00,2
3644.000,3644.000,40.00,0
3645.000,3645.000,40.00,0
3646.000,3646.000,40.00,0
3647.000,3647.000,40.00,0
3648.000,3648.000,40.00,0
3650.000,3650.000,40.00,0
3651.000,3651.000,40.00,0
3652.000,3652.000,40.00,0
3653.000,3653.000,40.00,0
3654.000,3654.000,40.00,0
3655.000,3655.000,40.00,0
3656.000,3656.000,40.00,0
3657.000,3657.000,40.00,0
3658.000,3658.000,40.00,0
3659.000,3659.000,40.00,0
3660.000,3660.000,40.00,0
3661.000,3661.000,40.00,2
3662.000,3662.000,40.00,0
3664.000,3664.000,40.00,2
3665.000,3665.000,40.00,0
3666.000,3666.000,40.00,2
3667.000,3667.000,40.00,0
3668.000,3668.000,40.00,0
3669.000,3669.000,40.00,0
3670.000,3670.000,40.00,0
3671.000,3671.000,40.00,0
3672.000,3672.000,40.00,0
3673.000,3673.000,40.00,0
3674.000,3674.000,40.00,0
3675.000,3675.000,40.00,0
3676.000,3676.000,40.00,15
3678.000,3678.000,40.00,0
3679.000,3679.000,40.00,0
3680.000,3680.000,40.00,0
3681.000,3681.000,40.00,0
3682.000,3682.000,40.00,0
3683.000,3683.000,40.00,52
3684.000,3684.000,40.00,18
3685.000,3685.000,40.00,21220
3686.000,3686.000,40.00,2
3687.000,3687.000,40.00,0
3688.000,3688.000,40.00,0
3689.000,3689.000,40.00,0
3690.000,3690.000,40.00,0
3692.000,3692.000,40.00,0
3693.000,3693.000,40.00,0
3694.000,3694.000,40.00,0
3695.000,3695.000,40.00,0
3696.000,3696.000,40.00,0
3697.000,3697.000,40.00,0
3698.000,3698.000,40.00,0
3699.000,3699.000,40.00,0
3700.000,3700.000,40.00,0
3701.000,3701.000,40.00,0
3702.000,3702.000,40.00,0
3703.000,3703.000,40.00,2
3705.000,3705.000,40.00,0
3706.000,3706.000,40.00,2
3707.000,3707.000,40.00,0
3708.000,3708.000,40.00,2
3709.000,3709.000,40.00,0
3710.000,3710.000,40.00,0
3711.000,3711.000,40.00,0
3712.000,3712.000,40.00,0
3713.000,3713.000,40.00,0
3714.000,3714.000,40.00,0
3715.000,3715.000,40.00,0
3716.000,3716.000,40.00,0
3717.000,3717.000,40.00,0
3719.000,3719.000,40.00,0
3720.000,3720.000,40.00,0
3721.000,3721.000,40.00,0
3722.000,3722.000,40.00,0
3723.000,3723.000,40.00,0
3724.000,3724.000,40.00,0
3725.000,3725.000,40.00,2
3726.000,3726.000,40.00,0
3727.000,3727.000,40.00,2
3728.000,3728.000,40.00,2
3729.000,3729.000,40.00,0
3730.000,3730.000,40.00,21155
3731.000,3731.000,40.00,0
3733.000,3733.000,40.00,0
3734.000,3734.000,40.00,0
3735.000,3735.000,40.00,0
3736.000,3736.000,40.00,1
3737.000,3737.000,40.00,0
3738.000,3738.000,40.00,0
3739.000,3739.000,40.00,0
3740.000,3740.000,40.00,0
3741.000,3741.000,40.00,0
3742.000,3742.000,40.00,0
3743.000,3743.000,40.00,0
3744.000,3744.000,40.00,0
3745.000,3745.000,40.00,2
3747.000,3747.000,40.00,0
3748.000,3748.000,40.00,2
3749.000,3749.000,40.00,0
3750.000,3750.000,40.00,2
3751.000,3751.000,40.00,0
3752.000,3752.000,40.00,0
3753.000,3753.000,40.00,0
3754.000,3754.000,40.00,0
3755.000,3755.000,40.00,0
3756.000,3756.000,40.00,0
3757.000,3757.000,40.00,0
3758.000,3758.000,40.00,0
3759.000,3759.000,40.00,0
3761.000,3761.000,40.00,0
3762.000,3762.000,40.00,0
3763.000,3763.000,40.00,0
3764.000,3764.000,40.00,0
3765.000,3765.000,40.00,0
3766.000,3766.000,40.00,0
3767.000,3767.000,40.00,2
3768.000,3768.000,40.00,0
3769.000,3769.000,40.00,0
3770.000,3770.000,40.00,2
3771.000,3771.000,40.00,0
3772.000,3772.000,40.00,0
3774.000,3774.000,40.00,0
3775.000,3775.000,40.00,0
3776.000,3776.000,40.00,13729
3777.000,3777.000,40.00,0
3778.000,3778.000,40.00,0
3779.000,3779.000,40.00,0
3780.000,3780.000,40.00,0
3781.000,3781.000,40.00,0
3782.000,3782.000,40.00,0
3783.000,3783.000,40.00,0
3784.000,3784.000,40.00,0
3785.000,3785.000,40.00,0
3787.000,3787.000,40.00,0
3788.000,3788.000,40.00,3
3789.000,3789.000,40.00,0
3790.000,3790.000,40.00,2
3791.000,3791.000,40.00,0
3792.000,3792.000,40.00,2
3793.000,3793.000,40.00,0
3794.000,3794.000,40.00,0
3795.000,3795.000,40.00,11
3796.000,3796.000,40.00,15
3797.000,3797.000,40.00,0
3798.000,3798.000,40.00,0
3799.000,3799.000,40.00,0
3801.000,3801.000,40.00,0
3802.000,3802.000,40.00,0
3803.000,3803.000,40.00,0
3804.000,3804.000,40.00,0
3805.000,3805.000,40.00,0
3806.000,3806.000,40.00,0
3807.000,3807.000,40.00,0
3808.000,3808.000,40.00,0
3809.000,3809.000,40.00,2
3810.000,3810.000,40.00,2
3811.000,3811.000,40.00,0
3812.000,3812.000,40.00,2
3814.000,3814.000,40.00,0
3815.000,3815.000,40.00,0
3816.000,3816.000,40.00,0
3817.000,3817.000,40.00,0
3818.000,3818.000,40.00,0
3819.000,3819.000,40.00,0
3820.000,3820.000,40.00,0
3821.000,3821.000,40.00,7974
3822.000,3822.000,40.00,0
3823.000,3823.000,40.00,0
3824.000,3824.000,40.00,0
3825.000,3825.000,40.00,0
3826.000,3826.000,40.00,0
3827.000,3827.000,40.00,0
3829.000,3829.000,40.00,0
3830.000,3830.000,40.00,2
3831.000,3831.000,40.00,0
3832.000,3832.000,40.00,2
3833.000,3833.000,40.00,0
3834.000,3834.000,40.00,2
3835.000,3835.000,40.00,0
3836.000,3836.000,40.00,0
3837.000,3837.000,40.00,0
3838.000,3838.000,40.00,0
3839.000,3839.000,40.00,0
3840.000,3840.000,40.00,0
3841.000,3841.000,40.00,0
3843.000,3843.000,40.00,0
3844.000,3844.000,40.00,0
3845.000,3845.000,40.00,0
3846.000,3846.000,40.00,0
3847.000,3847.000,40.00,0
3848.000,3848.000,40.00,0
3849.000,3849.000,40.00,0
3850.000,3850.000,40.00,0
3851.000,3851.000,40.00,2
3852.000,3852.000,40.00,0
3853.000,3853.000,40.00,0
3854.000,3854.000,40.00,2
3855.000,3855.000,40.00,0
3857.000,3857.000,40.00,15
3858.000,3858.000,40.00,0
3859.000,3859.000,40.00,0
3860.000,3860.000,40.00,0
3861.000,3861.000,40.00,0
3862.000,3862.000,40.00,0
3863.000,3863.000,40.00,0
3864.000,3864.000,40.00,0
3865.000,3865.000,40.00,1
3866.000,3866.000,40.00,4325
3867.000,3867.000,40.00,0
3868.000,3868.000,40.00,0
3869.000,3869.000,40.00,0
3871.000,3871.000,40.00,0
3872.000,3872.000,40.00,2
3873.000,3873.000,40.00,87
3874.000,3874.000,40.00,2
3875.000,3875.000,40.00,0
3876.000,3876.000,40.00,2
3877.000,3877.000,40.00,0
3878.000,3878.000,40.00,0
3879.000,3879.000,40.00,0
3880.000,3880.000,40.00,0
3881.000,3881.000,40.00,0
3882.000,3882.000,40.00,0
3883.000,3883.000,40.00,0
3885.000,3885.000,40.00,0
3886.000,3886.000,40.00,0
3887.000,3887.000,40.00,0
3888.000,3888.000,40.00,0
3889.000,3889.000,40.00,0
3890.000,3890.000,40.00,0
3891.000,3891.000,40.00,0
3892.000,3892.000,40.00,194
3893.000,3893.000,40.00,2
3894.000,3894.000,40.00,2
3895.000,3895.000,40.00,0
3896.000,3896.000,40.00,2
3897.000,3897.000,40.00,55
3899.000,3899.000,40.00,0
3900.000,3900.000,40.00,0
3901.000,3901.000,40.00,0
3902.000,3902.000,40.00,0
3903.000,3903.000,40.00,2
3904.000,3904.000,40.00,0
3905.000,3905.000,40.00,2
3906.000,3906.000,40.00,0
3907.000,3907.000,40.00,0
3908.000,3908.000,40.00,0
3909.000,3909.000,40.00,0
3911.000,3911.000,40.00,0
3912.000,3912.000,40.00,0
3913.000,3913.000,40.00,0
3914.000,3914.000,40.00,2
3915.000,3915.000,40.00,0
3916.000,3916.000,40.00,14
3917.000,3917.000,40.00,0
3918.000,3918.000,40.00,2
3919.000,3919.000,40.00,0
3920.000,3920.000,40.00,0
3921.000,3921.000,40.00,0
3922.000,3922.000,40.00,0
3923.000,3923.000,40.00,0
3924.000,3924.000,40.00,0
3926.000,3926.000,40.00,2
3927.000,3927.000,40.00,0
3928.000,3928.000,40.00,0
3929.000,3929.000,40.00,0
3930.000,3930.000,40.00,0
3931.000,3931.000,40.00,0
3932.000,3932.000,40.00,0
3933.000,3933.000,40.00,0
3934.000,3934.000,40.00,0
3935.000,3935.000,40.00,2
3936.000,3936.000,40.00,2
3937.000,3937.000,40.00,0
3938.000,3938.000,40.00,2
3940.000,3940.000,40.00,0
3941.000,3941.000,40.00,0
3942.000,3942.000,40.00,2
3943.000,3943.000,40.00,0
3944.000,3944.000,40.00,0
3945.000,3945.000,40.00,0
3946.000,3946.000,40.00,0
3947.000,3947.000,40.00,0
3948.000,3948.000,40.00,0
3949.000,3949.000,40.00,0
3950.000,3950.000,40.00,0
3951.000,3951.000,40.00,0
3953.000,3953.000,40.00,0
3954.000,3954.000,40.00,0
3955.000,3955.000,40.00,0
3956.000,3956.000,40.00,2
3957.000,3957.000,40.00,0
3958.000,3958.000,40.00,2
3959.000,3959.000,40.00,0
3960.000,3960.000,40.00,2
3961.000,3961.000,40.00,0
3962.000,3962.000,40.00,0
3963.000,3963.000,40.00,0
3964.000,3964.000,40.00,0
3965.000,3965.000,40.00,0
3967.000,3967.000,40.00,0
3968.000,3968.000,40.00,0
3969.000,3969.000,40.00,0
3970.000,3970.000,40.00,0
3971.000,3971.000,40.00,0
3972.000,3972.000,40.00,0
3973.000,3973.000,40.00,0
3974.000,3974.000,40.00,0
3975.000,3975.000,40.00,0
3976.000,3976.000,40.00,52
3977.000,3977.000,40.00,2
3978.000,3978.000,40.00,0
3979.000,3979.000,40.00,0
3980.000,3980.000,40.00,2
3982.000,3982.000,40.00,0
3983.000,3983.000,40.00,0
3984.000,3984.000,40.00,0
3985.000,3985.000,40.00,0
3986.000,3986.000,40.00,0
3987.000,3987.000,40.00,0
3988.000,3988.000,40.00,0
3989.000,3989.000,40.00,0
3990.000,3990.000,40.00,0
3991.000,3991.000,40.00,0
3992.000,3992.000,40.00,0
3993.000,3993.000,40.00,0
3994.000,3994.000,40.00,0
3996.000,3996.000,40.00,0
3997.000,3997.000,40.00,0
3998.000,3998.000,40.00,2
3999.000,3999.000,40.00,0
4000.000,4000.000,40.00,2
4001.000,4001.000,40.00,0
4002.000,4002.000,40.00,2
4003.000,4003.000,40.00,0
4004.000,4004.000,40.00,0
4005.000,4005.000,40.00,0
4006.000,4006.000,40.00,0
4007.000,4007.000,40.00,0
4008.000,4008.000,40.00,0
4010.000,4010.000,40.00,0
4011.000,4011.000,40.00,0
4012.000,4012.000,40.00,0
4013.000,4013.000,40.00,0
4014.000,4014.000,40.00,0
4015.000,4015.000,40.00,0
4016.000,4016.000,40.00,0
4017.000,4017.000,40.00,0
4018.000,4018.000,40.00,0
4019.000,4019.000,40.00,2
4020.000,4020.000,40.00,0
4021.000,4021.000,40.00,0
4022.000,4022.000,40.00,2
4024.000,4024.000,40.00,0
4025.000,4025.000,40.00,0
4026.000,4026.000,40.00,0
4027.000,4027.000,40.00,0
4028.000,4028.000,40.00,0
4029.000,4029.000,40.00,0
4030.000,4030.000,40.00,0
4031.000,4031.000,40.00,0
4032.000,4032.000,40.00,0
4033.000,4033.000,40.00,0
4034.000,4034.000,40.00,0
4035.000,4035.000,40.00,0
4036.000,4036.000,40.00,17
4038.000,4038.000,40.00,0
4039.000,4039.000,40.00,0
4040.000,4040.000,40.00,2
4041.000,4041.000,40.00,0
4042.000,4042.000,40.00,2
4043.000,4043.000,40.00,0
4044.000,4044.000,40.00,3
4045.000,4045.000,40.00,61504
4046.000,4046.000,40.00,50706
4047.000,4047.000,40.00,12565
4048.000,4048.000,40.00,0
4049.000,4049.000,40.00,0
4050.000,4050.000,40.00,12419
4051.000,4051.000,40.00,0
4053.000,4053.000,40.00,0
4054.000,4054.000,40.00,0
4055.000,4055.000,40.00,0
4056.000,4056.000,40.00,0
4057.000,4057.000,40.00,0
4058.000,4058.000,40.00,0
4059.000,4059.000,40.00,0
4060.000,4060.000,40.00,0
4061.000,4061.000,40.00,2
4062.000,4062.000,40.00,0
4063.000,4063.000,40.00,2
4064.000,4064.000,40.00,2
4065.000,4065.000,40.00,0
4067.000,4067.000,40.00,0
4068.000,4068.000,40.00,0
4069.000,4069.000,40.00,0
4070.000,4070.000,40.00,0
4071.000,4071.000,40.00,0
4072.000,4072.000,40.00,0
4073.000,4073.000,40.00,0
4074.000,4074.000,40.00,0
4075.000,4075.000,40.00,0
4076.000,4076.000,40.00,0
4077.000,4077.000,40.00,0
4078.000,4078.000,40.00,0
4079.000,4079.000,40.00,0
4081.000,4081.000,40.00,0
4082.000,4082.000,40.00,2
4083.000,4083.000,40.00,0
4084.000,4084.000,40.00,2
4085.000,4085.000,40.00,0
4086.000,4086.000,40.00,2
4087.000,4087.000,40.00,0
4088.000,4088.000,40.00,0
4089.000,4089.000,40.00,0
4090.000,4090.000,40.00,0
4091.000,4091.000,40.00,0
4092.000,4092.000,40.00,0
4093.000,4093.000,40.00,0
4095.000,4095.000,40.00,0
4096.000,4096.000,40.00,1
4097.000,4097.000,40.00,16
4098.000,4098.000,40.00,0
4099.000,4099.000,40.00,0
4100.000,4100.000,40.00,0
4101.000,4101.000,40.00,0
4102.000,4102.000,40.00,11
4103.000,4103.000,40.00,2
4104.000,4104.000,40.00,0
4105.000,4105.000,40.00,2
4106.000,4106.000,40.00,2
4107.000,4107.000,40.00,0
4109.000,4109.000,40.00,0
4110.000,4110.000,40.00,0
4111.000,4111.000,40.00,2
4112.000,4112.000,40.00,71
4113.000,4113.000,40.00,424
4114.000,4114.000,40.00,39913
4115.000,4115.000,40.00,18851
4116.000,4116.000,40.00,0
4117.000,4117.000,40.00,0
4118.000,4118.000,40.00,0
4119.000,4119.000,40.00,0
4120.000,4120.000,40.00,0
4121.000,4121.000,40.00,0
