since,relative_seconds,rtt,bandwidth_kbps
0.000,0.000,40.00,8
0.000,0.000,40.00,0
2.000,2.000,40.00,0
3.000,3.000,40.00,46
4.000,4.000,40.00,117
5.000,5.000,40.00,0
6.000,6.000,40.00,590
7.000,7.000,40.00,11
8.000,8.000,40.00,2
9.000,9.000,40.00,1303
10.000,10.000,40.00,21302
11.000,11.000,40.00,40380
12.000,12.000,40.00,52673
13.000,13.000,40.00,48521
14.000,14.000,40.00,11039
16.000,16.000,40.00,0
17.000,17.000,40.00,0
18.000,18.000,40.00,0
19.000,19.000,40.00,0
20.000,20.000,40.00,0
21.000,21.000,40.00,0
22.000,22.000,40.00,0
23.000,23.000,40.00,0
24.000,24.000,40.00,0
25.000,25.000,40.00,0
26.000,26.000,40.00,2
27.000,27.000,40.00,0
29.000,29.000,40.00,2
30.000,30.000,40.00,0
31.000,31.000,40.00,1
32.000,32.000,40.00,0
33.000,33.000,40.00,0
34.000,34.000,40.00,0
35.000,35.000,40.00,0
36.000,36.000,40.00,0
37.000,37.000,40.00,0
38.000,38.000,40.00,0
39.000,39.000,40.00,0
40.000,40.000,40.00,0
42.000,42.000,40.00,0
43.000,43.000,40.00,0
44.000,44.000,40.00,0
45.000,45.000,40.00,1
46.000,46.000,40.00,17
47.000,47.000,40.00,0
48.000,48.000,40.00,2
49.000,49.000,40.00,0
50.000,50.000,40.00,2
51.000,51.000,40.00,0
52.000,52.000,40.00,0
53.000,53.000,40.00,0
54.000,54.000,40.00,0
55.000,55.000,40.00,0
57.000,57.000,40.00,0
58.000,58.000,40.00,0
59.000,59.000,40.00,0
60.000,60.000,40.00,0
61.000,61.000,40.00,0
62.000,62.000,40.00,0
63.000,63.000,40.00,0
64.000,64.000,40.00,0
65.000,65.000,40.00,2
66.000,66.000,40.00,3
67.000,67.000,40.00,81
68.000,68.000,40.00,2
70.000,70.000,40.00,15
71.000,71.000,40.00,2
72.000,72.000,40.00,0
73.000,73.000,40.00,0
74.000,74.000,40.00,2
75.000,75.000,40.00,1
76.000,76.000,40.00,0
77.000,77.000,40.00,0
78.000,78.000,40.00,0
79.000,79.000,40.00,0
80.000,80.000,40.00,0
81.000,81.000,40.00,0
82.000,82.000,40.00,0
84.000,84.000,40.00,0
85.000,85.000,40.00,0
86.000,86.000,40.00,0
87.000,87.000,40.00,0
88.000,88.000,40.00,2
89.000,89.000,40.00,0
90.000,90.000,40.00,2
91.000,91.000,40.00,0
92.000,92.000,40.00,14478
93.000,93.000,40.00,12877
94.000,94.000,40.00,0
95.000,95.000,40.00,0
96.000,96.000,40.00,0
98.000,98.000,40.00,0
99.000,99.000,40.00,4
100.000,100.000,40.00,0
101.000,101.000,40.00,0
102.000,102.000,40.00,0
103.000,103.000,40.00,0
104.000,104.000,40.00,0
105.000,105.000,40.00,0
106.000,106.000,40.00,0
107.000,107.000,40.00,0
108.000,108.000,40.00,2
109.000,109.000,40.00,0
111.000,111.000,40.00,2
112.000,112.000,40.00,0
113.000,113.000,40.00,2
114.000,114.000,40.00,0
115.000,115.000,40.00,0
116.000,116.000,40.00,0
117.000,117.000,40.00,0
118.000,118.000,40.00,0
119.000,119.000,40.00,0
120.000,120.000,40.00,0
121.000,121.000,40.00,0
122.000,122.000,40.00,0
123.000,123.000,40.00,15
125.000,125.000,40.00,0
126.000,126.000,40.00,0
127.000,127.000,40.00,11
128.000,128.000,40.00,0
129.000,129.000,40.00,0
130.000,130.000,40.00,17
131.000,131.000,40.00,0
132.000,132.000,40.00,2
133.000,133.000,40.00,0
134.000,134.000,40.00,2
135.000,135.000,40.00,0
136.000,136.000,40.00,0
137.000,137.000,40.00,0
139.000,139.000,40.00,19504
140.000,140.000,40.00,9845
141.000,141.000,40.00,0
142.000,142.000,40.00,0
143.000,143.000,40.00,0
144.000,144.000,40.00,0
145.000,145.000,40.00,0
146.000,146.000,40.00,0
147.000,147.000,40.00,0
148.000,148.000,40.00,0
149.000,149.000,40.00,0
150.000,150.000,40.00,2
151.000,151.000,40.00,0
153.000,153.000,40.00,2
154.000,154.000,40.00,0
155.000,155.000,40.00,2
156.000,156.000,40.00,0
157.000,157.000,40.00,0
158.000,158.000,40.00,0
159.000,159.000,40.00,0
160.000,160.000,40.00,0
161.000,161.000,40.00,0
162.000,162.000,40.00,0
163.000,163.000,40.00,0
164.000,164.000,40.00,0
166.000,166.000,40.00,0
167.000,167.000,40.00,0
168.000,168.000,40.00,0
169.000,169.000,40.00,0
170.000,170.000,40.00,0
171.000,171.000,40.00,0
172.000,172.000,40.00,2
173.000,173.000,40.00,0
174.000,174.000,40.00,2
175.000,175.000,40.00,0
176.000,176.000,40.00,0
177.000,177.000,40.00,0
178.000,178.000,40.00,0
180.000,180.000,40.00,0
181.000,181.000,40.00,0
182.000,182.000,40.00,0
183.000,183.000,40.00,0
184.000,184.000,40.00,0
185.000,185.000,40.00,31321
186.000,186.000,40.00,0
187.000,187.000,40.00,0
188.000,188.000,40.00,0
189.000,189.000,40.00,0
190.000,190.000,40.00,10
191.000,191.000,40.00,8
192.000,192.000,40.00,23326
194.000,194.000,40.00,0
195.000,195.000,40.00,2
196.000,196.000,40.00,0
197.000,197.000,40.00,13
198.000,198.000,40.00,22764
199.000,199.000,40.00,0
200.000,200.000,40.00,0
201.000,201.000,40.00,2
202.000,202.000,40.00,0
203.000,203.000,40.00,0
204.000,204.000,40.00,0
205.000,205.000,40.00,2
207.000,207.000,40.00,0
208.000,208.000,40.00,0
209.000,209.000,40.00,0
210.000,210.000,40.00,0
211.000,211.000,40.00,0
212.000,212.000,40.00,0
213.000,213.000,40.00,0
214.000,214.000,40.00,2
215.000,215.000,40.00,0
216.000,216.000,40.00,2
217.000,217.000,40.00,0
218.000,218.000,40.00,0
219.000,219.000,40.00,0
221.000,221.000,40.00,0
222.000,222.000,40.00,0
223.000,223.000,40.00,0
224.000,224.000,40.00,0
225.000,225.000,40.00,0
226.000,226.000,40.00,0
227.000,227.000,40.00,0
228.000,228.000,40.00,0
229.000,229.000,40.00,0
230.000,230.000,40.00,6096
231.000,231.000,40.00,25040
232.000,232.000,40.00,0
233.000,233.000,40.00,0
235.000,235.000,40.00,2
236.000,236.000,40.00,0
237.000,237.000,40.00,2
238.000,238.000,40.00,3
239.000,239.000,40.00,2
240.000,240.000,40.00,0
241.000,241.000,40.00,0
242.000,242.000,40.00,0
243.000,243.000,40.00,0
244.000,244.000,40.00,0
245.000,245.000,40.00,0
246.000,246.000,40.00,0
247.000,247.000,40.00,0
249.000,249.000,40.00,0
250.000,250.000,40.00,15
251.000,251.000,40.00,0
252.000,252.000,40.00,0
253.000,253.000,40.00,0
254.000,254.000,40.00,0
255.000,255.000,40.00,0
256.000,256.000,40.00,2
257.000,257.000,40.00,0
258.000,258.000,40.00,9
259.000,259.000,40.00,4
260.000,260.000,40.00,0
262.000,262.000,40.00,0
263.000,263.000,40.00,0
264.000,264.000,40.00,0
265.000,265.000,40.00,0
266.000,266.000,40.00,0
267.000,267.000,40.00,0
268.000,268.000,40.00,0
269.000,269.000,40.00,0
270.000,270.000,40.00,0
271.000,271.000,40.00,0
272.000,272.000,40.00,0
273.000,273.000,40.00,0
275.000,275.000,40.00,0
276.000,276.000,40.00,0
277.000,277.000,40.00,23047
278.000,278.000,40.00,4921
279.000,279.000,40.00,2
280.000,280.000,40.00,0
281.000,281.000,40.00,2
282.000,282.000,40.00,0
283.000,283.000,40.00,0
284.000,284.000,40.00,0
285.000,285.000,40.00,0
286.000,286.000,40.00,0
287.000,287.000,40.00,0
289.000,289.000,40.00,0
290.000,290.000,40.00,0
291.000,291.000,40.00,0
292.000,292.000,40.00,0
293.000,293.000,40.00,0
294.000,294.000,40.00,0
295.000,295.000,40.00,0
296.000,296.000,40.00,0
297.000,297.000,40.00,0
298.000,298.000,40.00,2
299.000,299.000,40.00,0
300.000,300.000,40.00,0
301.000,301.000,40.00,2
303.000,303.000,40.00,0
304.000,304.000,40.00,0
305.000,305.000,40.00,0
306.000,306.000,40.00,0
307.000,307.000,40.00,0
308.000,308.000,40.00,0
309.000,309.000,40.00,0
310.000,310.000,40.00,15
311.000,311.000,40.00,0
312.000,312.000,40.00,0
313.000,313.000,40.00,0
314.000,314.000,40.00,0
315.000,315.000,40.00,0
317.000,317.000,40.00,0
318.000,318.000,40.00,0
319.000,319.000,40.00,2
320.000,320.000,40.00,0
321.000,321.000,40.00,2
322.000,322.000,40.00,5
323.000,323.000,40.00,30258
324.000,324.000,40.00,0
325.000,325.000,40.00,0
326.000,326.000,40.00,0
327.000,327.000,40.00,0
328.000,328.000,40.00,0
330.000,330.000,40.00,0
331.000,331.000,40.00,0
332.000,332.000,40.00,0
333.000,333.000,40.00,0
334.000,334.000,40.00,0
335.000,335.000,40.00,0
336.000,336.000,40.00,0
337.000,337.000,40.00,0
338.000,338.000,40.00,0
339.000,339.000,40.00,0
340.000,340.000,40.00,2
341.000,341.000,40.00,0
342.000,342.000,40.00,0
343.000,343.000,40.00,2
345.000,345.000,40.00,0
346.000,346.000,40.00,0
347.000,347.000,40.00,0
348.000,348.000,40.00,0
349.000,349.000,40.00,0
350.000,350.000,40.00,0
351.000,351.000,40.00,0
352.000,352.000,40.00,0
353.000,353.000,40.00,0
354.000,354.000,40.00,0
355.000,355.000,40.00,0
356.000,356.000,40.00,0
358.000,358.000,40.00,0
359.000,359.000,40.00,0
360.000,360.000,40.00,0
361.000,361.000,40.00,2
362.000,362.000,40.00,0
363.000,363.000,40.00,2
364.000,364.000,40.00,0
365.000,365.000,40.00,2
366.000,366.000,40.00,0
367.000,367.000,40.00,0
368.000,368.000,40.00,11646
369.000,369.000,40.00,19946
370.000,370.000,40.00,0
371.000,371.000,40.00,0
373.000,373.000,40.00,0
374.000,374.000,40.00,0
375.000,375.000,40.00,0
376.000,376.000,40.00,0
377.000,377.000,40.00,0
378.000,378.000,40.00,0
379.000,379.000,40.00,0
380.000,380.000,40.00,0
381.000,381.000,40.00,0
382.000,382.000,40.00,2
383.000,383.000,40.00,0
384.000,384.000,40.00,0
386.000,386.000,40.00,2
387.000,387.000,40.00,0
388.000,388.000,40.00,0
389.000,389.000,40.00,0
390.000,390.000,40.00,0
391.000,391.000,40.00,0
392.000,392.000,40.00,0
393.000,393.000,40.00,0
394.000,394.000,40.00,0
395.000,395.000,40.00,0
396.000,396.000,40.00,0
397.000,397.000,40.00,0
398.000,398.000,40.00,0
400.000,400.000,40.00,0
401.000,401.000,40.00,0
402.000,402.000,40.00,0
403.000,403.000,40.00,2
404.000,404.000,40.00,0
405.000,405.000,40.00,2
406.000,406.000,40.00,0
407.000,407.000,40.00,2
408.000,408.000,40.00,0
409.000,409.000,40.00,0
410.000,410.000,40.00,0
411.000,411.000,40.00,0
413.000,413.000,40.00,0
414.000,414.000,40.00,0
415.000,415.000,40.00,27543
416.000,416.000,40.00,2976
417.000,417.000,40.00,0
418.000,418.000,40.00,0
419.000,419.000,40.00,0
420.000,420.000,40.00,0
421.000,421.000,40.00,0
422.000,422.000,40.00,0
423.000,423.000,40.00,0
424.000,424.000,40.00,2
425.000,425.000,40.00,2
427.000,427.000,40.00,0
428.000,428.000,40.00,2
429.000,429.000,40.00,0
430.000,430.000,40.00,14
431.000,431.000,40.00,0
432.000,432.000,40.00,0
433.000,433.000,40.00,0
434.000,434.000,40.00,0
435.000,435.000,40.00,92
436.000,436.000,40.00,0
437.000,437.000,40.00,0
438.000,438.000,40.00,0
439.000,439.000,40.00,0
441.000,441.000,40.00,0
442.000,442.000,40.00,0
443.000,443.000,40.00,0
444.000,444.000,40.00,0
445.000,445.000,40.00,2
446.000,446.000,40.00,0
447.000,447.000,40.00,2
448.000,448.000,40.00,0
449.000,449.000,40.00,2
450.000,450.000,40.00,0
451.000,451.000,40.00,0
452.000,452.000,40.00,0
453.000,453.000,40.00,0
455.000,455.000,40.00,0
456.000,456.000,40.00,0
457.000,457.000,40.00,0
458.000,458.000,40.00,0
459.000,459.000,40.00,0
460.000,460.000,40.00,1784
461.000,461.000,40.00,27722
462.000,462.000,40.00,0
463.000,463.000,40.00,0
464.000,464.000,40.00,0
465.000,465.000,40.00,0
466.000,466.000,40.00,2
467.000,467.000,40.00,2
469.000,469.000,40.00,0
470.000,470.000,40.00,2
471.000,471.000,40.00,0
472.000,472.000,40.00,0
473.000,473.000,40.00,0
474.000,474.000,40.00,0
475.000,475.000,40.00,0
476.000,476.000,40.00,0
477.000,477.000,40.00,0
478.000,478.000,40.00,0
479.000,479.000,40.00,0
480.000,480.000,40.00,0
481.000,481.000,40.00,0
483.000,483.000,40.00,0
484.000,484.000,40.00,0
485.000,485.000,40.00,0
486.000,486.000,40.00,0
487.000,487.000,40.00,2
488.000,488.000,40.00,0
489.000,489.000,40.00,2
490.000,490.000,40.00,14
491.000,491.000,40.00,2
492.000,492.000,40.00,0
493.000,493.000,40.00,0
494.000,494.000,40.00,0
496.000,496.000,40.00,0
497.000,497.000,40.00,0
498.000,498.000,40.00,0
499.000,499.000,40.00,0
500.000,500.000,40.00,0
501.000,501.000,40.00,0
502.000,502.000,40.00,0
503.000,503.000,40.00,0
504.000,504.000,40.00,0
505.000,505.000,40.00,0
506.000,506.000,40.00,17281
507.000,507.000,40.00,10384
508.000,508.000,40.00,2
509.000,509.000,40.00,2
511.000,511.000,40.00,0
512.000,512.000,40.00,2
513.000,513.000,40.00,0
514.000,514.000,40.00,0
515.000,515.000,40.00,0
516.000,516.000,40.00,0
517.000,517.000,40.00,0
518.000,518.000,40.00,0
519.000,519.000,40.00,0
520.000,520.000,40.00,0
521.000,521.000,40.00,0
522.000,522.000,40.00,0
523.000,523.000,40.00,0
525.000,525.000,40.00,0
526.000,526.000,40.00,0
527.000,527.000,40.00,0
528.000,528.000,40.00,0
529.000,529.000,40.00,2
530.000,530.000,40.00,0
531.000,531.000,40.00,2
532.000,532.000,40.00,0
533.000,533.000,40.00,2
534.000,534.000,40.00,0
535.000,535.000,40.00,0
536.000,536.000,40.00,0
537.000,537.000,40.00,0
539.000,539.000,40.00,0
540.000,540.000,40.00,0
541.000,541.000,40.00,0
542.000,542.000,40.00,0
543.000,543.000,40.00,0
544.000,544.000,40.00,0
545.000,545.000,40.00,0
546.000,546.000,40.00,0
547.000,547.000,40.00,0
548.000,548.000,40.00,0
549.000,549.000,40.00,0
550.000,550.000,40.00,16
552.000,552.000,40.00,1
553.000,553.000,40.00,33638
554.000,554.000,40.00,2
555.000,555.000,40.00,0
556.000,556.000,40.00,0
557.000,557.000,40.00,0
558.000,558.000,40.00,0
559.000,559.000,40.00,0
560.000,560.000,40.00,0
561.000,561.000,40.00,0
562.000,562.000,40.00,0
563.000,563.000,40.00,0
564.000,564.000,40.00,0
566.000,566.000,40.00,0
567.000,567.000,40.00,0
568.000,568.000,40.00,0
569.000,569.000,40.00,0
570.000,570.000,40.00,0
571.000,571.000,40.00,2
572.000,572.000,40.00,0
573.000,573.000,40.00,2
574.000,574.000,40.00,0
575.000,575.000,40.00,2
576.000,576.000,40.00,0
577.000,577.000,40.00,0
578.000,578.000,40.00,0
580.000,580.000,40.00,0
581.000,581.000,40.00,0
582.000,582.000,40.00,0
583.000,583.000,40.00,0
584.000,584.000,40.00,0
585.000,585.000,40.00,0
586.000,586.000,40.00,0
587.000,587.000,40.00,0
588.000,588.000,40.00,0
589.000,589.000,40.00,0
590.000,590.000,40.00,0
591.000,591.000,40.00,0
593.000,593.000,40.00,2
594.000,594.000,40.00,2
595.000,595.000,40.00,0
596.000,596.000,40.00,2
597.000,597.000,40.00,0
598.000,598.000,40.00,8967
599.000,599.000,40.00,21188
600.000,600.000,40.00,0
601.000,601.000,40.00,0
602.000,602.000,40.00,0
603.000,603.000,40.00,0
604.000,604.000,40.00,0
605.000,605.000,40.00,0
606.000,606.000,40.00,0
608.000,608.000,40.00,0
609.000,609.000,40.00,0
610.000,610.000,40.00,0
611.000,611.000,40.00,1
612.000,612.000,40.00,0
613.000,613.000,40.00,16
614.000,614.000,40.00,0
615.000,615.000,40.00,2
616.000,616.000,40.00,0
617.000,617.000,40.00,2
618.000,618.000,40.00,0
619.000,619.000,40.00,0
621.000,621.000,40.00,0
622.000,622.000,40.00,0
623.000,623.000,40.00,0
624.000,624.000,40.00,0
625.000,625.000,40.00,0
626.000,626.000,40.00,0
627.000,627.000,40.00,0
628.000,628.000,40.00,0
629.000,629.000,40.00,0
630.000,630.000,40.00,0
631.000,631.000,40.00,0
632.000,632.000,40.00,0
633.000,633.000,40.00,0
635.000,635.000,40.00,0
636.000,636.000,40.00,2
637.000,637.000,40.00,0
638.000,638.000,40.00,2
639.000,639.000,40.00,0
640.000,640.000,40.00,0
641.000,641.000,40.00,0
642.000,642.000,40.00,0
643.000,643.000,40.00,0
644.000,644.000,40.00,22455
645.000,645.000,40.00,6657
646.000,646.000,40.00,0
647.000,647.000,40.00,0
649.000,649.000,40.00,0
650.000,650.000,40.00,0
651.000,651.000,40.00,0
652.000,652.000,40.00,0
653.000,653.000,40.00,0
654.000,654.000,40.00,0
655.000,655.000,40.00,2
656.000,656.000,40.00,0
657.000,657.000,40.00,2
658.000,658.000,40.00,0
659.000,659.000,40.00,2
660.000,660.000,40.00,0
662.000,662.000,40.00,0
663.000,663.000,40.00,0
664.000,664.000,40.00,0
665.000,665.000,40.00,0
666.000,666.000,40.00,0
667.000,667.000,40.00,0
668.000,668.000,40.00,0
669.000,669.000,40.00,0
670.000,670.000,40.00,15
671.000,671.000,40.00,0
672.000,672.000,40.00,0
673.000,673.000,40.00,0
674.000,674.000,40.00,0
676.000,676.000,40.00,0
677.000,677.000,40.00,0
678.000,678.000,40.00,2
679.000,679.000,40.00,0
680.000,680.000,40.00,2
681.000,681.000,40.00,0
682.000,682.000,40.00,0
683.000,683.000,40.00,0
684.000,684.000,40.00,0
685.000,685.000,40.00,0
686.000,686.000,40.00,0
687.000,687.000,40.00,0
689.000,689.000,40.00,0
690.000,690.000,40.00,796
691.000,691.000,40.00,26707
692.000,692.000,40.00,0
693.000,693.000,40.00,3
694.000,694.000,40.00,0
695.000,695.000,40.00,0
696.000,696.000,40.00,0
697.000,697.000,40.00,2
698.000,698.000,40.00,0
699.000,699.000,40.00,2
700.000,700.000,40.00,0
701.000,701.000,40.00,2
703.000,703.000,40.00,0
704.000,704.000,40.00,0
705.000,705.000,40.00,0
706.000,706.000,40.00,0
707.000,707.000,40.00,0
708.000,708.000,40.00,0
709.000,709.000,40.00,0
710.000,710.000,40.00,0
711.000,711.000,40.00,0
712.000,712.000,40.00,0
713.000,713.000,40.00,0
714.000,714.000,40.00,0
716.000,716.000,40.00,0
717.000,717.000,40.00,0
718.000,718.000,40.00,2
719.000,719.000,40.00,0
720.000,720.000,40.00,2
721.000,721.000,40.00,0
722.000,722.000,40.00,2
723.000,723.000,40.00,55
724.000,724.000,40.00,19
725.000,725.000,40.00,0
726.000,726.000,40.00,0
727.000,727.000,40.00,0
728.000,728.000,40.00,0
730.000,730.000,40.00,2
731.000,731.000,40.00,0
732.000,732.000,40.00,0
733.000,733.000,40.00,0
734.000,734.000,40.00,0
735.000,735.000,40.00,0
736.000,736.000,40.00,24029
737.000,737.000,40.00,5793
738.000,738.000,40.00,0
739.000,739.000,40.00,2
740.000,740.000,40.00,0
741.000,741.000,40.00,2
742.000,742.000,40.00,11
744.000,744.000,40.00,3
745.000,745.000,40.00,0
746.000,746.000,40.00,0
747.000,747.000,40.00,0
748.000,748.000,40.00,0
749.000,749.000,40.00,11
750.000,750.000,40.00,0
751.000,751.000,40.00,0
752.000,752.000,40.00,0
753.000,753.000,40.00,0
754.000,754.000,40.00,0
755.000,755.000,40.00,0
757.000,757.000,40.00,0
758.000,758.000,40.00,0
759.000,759.000,40.00,0
760.000,760.000,40.00,2
761.000,761.000,40.00,0
762.000,762.000,40.00,2
763.000,763.000,40.00,0
764.000,764.000,40.00,2
765.000,765.000,40.00,0
766.000,766.000,40.00,0
767.000,767.000,40.00,0
768.000,768.000,40.00,0
769.000,769.000,40.00,0
771.000,771.000,40.00,0
772.000,772.000,40.00,0
773.000,773.000,40.00,0
774.000,774.000,40.00,0
775.000,775.000,40.00,0
776.000,776.000,40.00,0
777.000,777.000,40.00,0
778.000,778.000,40.00,0
779.000,779.000,40.00,0
780.000,780.000,40.00,0
781.000,781.000,40.00,2725
782.000,782.000,40.00,27610
784.000,784.000,40.00,2
785.000,785.000,40.00,0
786.000,786.000,40.00,0
787.000,787.000,40.00,0
788.000,788.000,40.00,0
789.000,789.000,40.00,0
790.000,790.000,40.00,16
791.000,791.000,40.00,0
792.000,792.000,40.00,0
793.000,793.000,40.00,0
794.000,794.000,40.00,0
795.000,795.000,40.00,0
796.000,796.000,40.00,0
798.000,798.000,40.00,0
799.000,799.000,40.00,0
800.000,800.000,40.00,0
801.000,801.000,40.00,0
802.000,802.000,40.00,2
803.000,803.000,40.00,0
804.000,804.000,40.00,2
805.000,805.000,40.00,0
806.000,806.000,40.00,2
807.000,807.000,40.00,0
808.000,808.000,40.00,0
809.000,809.000,40.00,0
811.000,811.000,40.00,0
812.000,812.000,40.00,0
813.000,813.000,40.00,0
814.000,814.000,40.00,0
815.000,815.000,40.00,0
816.000,816.000,40.00,0
817.000,817.000,40.00,0
818.000,818.000,40.00,0
819.000,819.000,40.00,0
820.000,820.000,40.00,0
821.000,821.000,40.00,0
822.000,822.000,40.00,0
823.000,823.000,40.00,2
825.000,825.000,40.00,0
826.000,826.000,40.00,2
827.000,827.000,40.00,2
828.000,828.000,40.00,23732
829.000,829.000,40.00,4149
830.000,830.000,40.00,0
831.000,831.000,40.00,0
832.000,832.000,40.00,0
833.000,833.000,40.00,0
834.000,834.000,40.00,0
835.000,835.000,40.00,0
836.000,836.000,40.00,0
837.000,837.000,40.00,0
839.000,839.000,40.00,0
840.000,840.000,40.00,0
841.000,841.000,40.00,0
842.000,842.000,40.00,0
843.000,843.000,40.00,0
844.000,844.000,40.00,2
845.000,845.000,40.00,0
846.000,846.000,40.00,2
847.000,847.000,40.00,0
848.000,848.000,40.00,2
849.000,849.000,40.00,0
850.000,850.000,40.00,15
851.000,851.000,40.00,0
853.000,853.000,40.00,0
854.000,854.000,40.00,0
855.000,855.000,40.00,0
856.000,856.000,40.00,0
857.000,857.000,40.00,0
858.000,858.000,40.00,0
859.000,859.000,40.00,0
860.000,860.000,40.00,0
861.000,861.000,40.00,0
862.000,862.000,40.00,0
863.000,863.000,40.00,0
864.000,864.000,40.00,0
866.000,866.000,40.00,2
867.000,867.000,40.00,0
868.000,868.000,40.00,0
869.000,869.000,40.00,2
870.000,870.000,40.00,0
871.000,871.000,40.00,0
872.000,872.000,40.00,0
873.000,873.000,40.00,2192
874.000,874.000,40.00,28496
875.000,875.000,40.00,0
876.000,876.000,40.00,0
877.000,877.000,40.00,0
878.000,878.000,40.00,0
880.000,880.000,40.00,0
881.000,881.000,40.00,0
882.000,882.000,40.00,0
883.000,883.000,40.00,0
884.000,884.000,40.00,0
885.000,885.000,40.00,0
886.000,886.000,40.00,2
887.000,887.000,40.00,0
888.000,888.000,40.00,2
889.000,889.000,40.00,0
890.000,890.000,40.00,2
891.000,891.000,40.00,0
893.000,893.000,40.00,0
894.000,894.000,40.00,0
895.000,895.000,40.00,0
896.000,896.000,40.00,0
897.000,897.000,40.00,0
898.000,898.000,40.00,0
899.000,899.000,40.00,0
900.000,900.000,40.00,0
901.000,901.000,40.00,0
902.000,902.000,40.00,0
903.000,903.000,40.00,0
904.000,904.000,40.00,0
905.000,905.000,40.00,0
907.000,907.000,40.00,0
908.000,908.000,40.00,2
909.000,909.000,40.00,0
910.000,910.000,40.00,16
911.000,911.000,40.00,2
912.000,912.000,40.00,0
913.000,913.000,40.00,0
914.000,914.000,40.00,0
915.000,915.000,40.00,0
916.000,916.000,40.00,0
917.000,917.000,40.00,0
918.000,918.000,40.00,0
919.000,919.000,40.00,33662
921.000,921.000,40.00,0
922.000,922.000,40.00,0
923.000,923.000,40.00,0
924.000,924.000,40.00,0
925.000,925.000,40.00,0
926.000,926.000,40.00,0
927.000,927.000,40.00,0
928.000,928.000,40.00,2
929.000,929.000,40.00,0
930.000,930.000,40.00,2
931.000,931.000,40.00,0
932.000,932.000,40.00,2
933.000,933.000,40.00,0
935.000,935.000,40.00,0
936.000,936.000,40.00,0
937.000,937.000,40.00,0
938.000,938.000,40.00,0
939.000,939.000,40.00,0
940.000,940.000,40.00,0
941.000,941.000,40.00,0
942.000,942.000,40.00,0
943.000,943.000,40.00,0
944.000,944.000,40.00,0
945.000,945.000,40.00,44
946.000,946.000,40.00,0
947.000,947.000,40.00,0
949.000,949.000,40.00,0
950.000,950.000,40.00,2
951.000,951.000,40.00,0
952.000,952.000,40.00,0
953.000,953.000,40.00,2
954.000,954.000,40.00,0
955.000,955.000,40.00,0
956.000,956.000,40.00,0
957.000,957.000,40.00,0
958.000,958.000,40.00,0
959.000,959.000,40.00,0
960.000,960.000,40.00,0
961.000,961.000,40.00,0
963.000,963.000,40.00,0
964.000,964.000,40.00,0
965.000,965.000,40.00,3312
966.000,966.000,40.00,27709
967.000,967.000,40.00,0
968.000,968.000,40.00,0
969.000,969.000,40.00,0
970.000,970.000,40.00,17
971.000,971.000,40.00,0
972.000,972.000,40.00,2
973.000,973.000,40.00,0
974.000,974.000,40.00,2
975.000,975.000,40.00,0
976.000,976.000,40.00,0
978.000,978.000,40.00,0
979.000,979.000,40.00,0
980.000,980.000,40.00,0
981.000,981.000,40.00,0
982.000,982.000,40.00,0
983.000,983.000,40.00,0
984.000,984.000,40.00,0
985.000,985.000,40.00,0
986.000,986.000,40.00,0
987.000,987.000,40.00,0
988.000,988.000,40.00,0
989.000,989.000,40.00,0
991.000,991.000,40.00,0
992.000,992.000,40.00,2
993.000,993.000,40.00,0
994.000,994.000,40.00,0
995.000,995.000,40.00,2
996.000,996.000,40.00,0
997.000,997.000,40.00,0
998.000,998.000,40.00,0
999.000,999.000,40.00,0
1000.000,1000.000,40.00,0
1001.000,1001.000,40.00,0
1002.000,1002.000,40.00,0
1003.000,1003.000,40.00,0
1005.000,1005.000,40.00,0
1006.000,1006.000,40.00,0
1007.000,1007.000,40.00,0
1008.000,1008.000,40.00,0
1009.000,1009.000,40.00,0
1010.000,1010.000,40.00,0
1011.000,1011.000,40.00,30317
1012.000,1012.000,40.00,2
1013.000,1013.000,40.00,0
1014.000,1014.000,40.00,2
1015.000,1015.000,40.00,0
1016.000,1016.000,40.00,2
1018.000,1018.000,40.00,0
1019.000,1019.000,40.00,0
1020.000,1020.000,40.00,0
1021.000,1021.000,40.00,0
1022.000,1022.000,40.00,0
1023.000,1023.000,40.00,0
1024.000,1024.000,40.00,0
1025.000,1025.000,40.00,0
1026.000,1026.000,40.00,0
1027.000,1027.000,40.00,0
1028.000,1028.000,40.00,0
1029.000,1029.000,40.00,0
1030.000,1030.000,40.00,15
1032.000,1032.000,40.00,0
1033.000,1033.000,40.00,0
1034.000,1034.000,40.00,2
1035.000,1035.000,40.00,2
1036.000,1036.000,40.00,0
1037.000,1037.000,40.00,2
1038.000,1038.000,40.00,0
1039.000,1039.000,40.00,0
1040.000,1040.000,40.00,0
1041.000,1041.000,40.00,0
1042.000,1042.000,40.00,0
1043.000,1043.000,40.00,0
1044.000,1044.000,40.00,0
1046.000,1046.000,40.00,0
1047.000,1047.000,40.00,0
1048.000,1048.000,40.00,0
1049.000,1049.000,40.00,0
1050.000,1050.000,40.00,0
1051.000,1051.000,40.00,0
1052.000,1052.000,40.00,0
1053.000,1053.000,40.00,0
1054.000,1054.000,40.00,2
1055.000,1055.000,40.00,0
1056.000,1056.000,40.00,34176
1057.000,1057.000,40.00,0
1059.000,1059.000,40.00,2
1060.000,1060.000,40.00,11
1061.000,1061.000,40.00,0
1062.000,1062.000,40.00,0
1063.000,1063.000,40.00,0
1064.000,1064.000,40.00,0
1065.000,1065.000,40.00,0
1066.000,1066.000,40.00,0
1067.000,1067.000,40.00,0
1068.000,1068.000,40.00,0
1069.000,1069.000,40.00,0
1070.000,1070.000,40.00,0
1071.000,1071.000,40.00,0
1073.000,1073.000,40.00,0
1074.000,1074.000,40.00,0
1075.000,1075.000,40.00,0
1076.000,1076.000,40.00,2
1077.000,1077.000,40.00,2
1078.000,1078.000,40.00,0
1079.000,1079.000,40.00,2
1080.000,1080.000,40.00,0
1081.000,1081.000,40.00,0
1082.000,1082.000,40.00,0
1083.000,1083.000,40.00,0
1084.000,1084.000,40.00,0
1085.000,1085.000,40.00,0
1087.000,1087.000,40.00,0
1088.000,1088.000,40.00,0
1089.000,1089.000,40.00,0
1090.000,1090.000,40.00,15
1091.000,1091.000,40.00,0
1092.000,1092.000,40.00,0
1093.000,1093.000,40.00,0
1094.000,1094.000,40.00,0
1095.000,1095.000,40.00,0
1096.000,1096.000,40.00,2
1097.000,1097.000,40.00,0
1098.000,1098.000,40.00,2
1099.000,1099.000,40.00,0
1100.000,1100.000,40.00,2
1102.000,1102.000,40.00,9082
1103.000,1103.000,40.00,15287
1104.000,1104.000,40.00,0
1105.000,1105.000,40.00,0
1106.000,1106.000,40.00,0
1107.000,1107.000,40.00,0
1108.000,1108.000,40.00,0
1109.000,1109.000,40.00,0
1110.000,1110.000,40.00,0
1111.000,1111.000,40.00,0
1112.000,1112.000,40.00,0
1113.000,1113.000,40.00,0
1114.000,1114.000,40.00,0
1116.000,1116.000,40.00,0
1117.000,1117.000,40.00,0
1118.000,1118.000,40.00,2
1119.000,1119.000,40.00,0
1120.000,1120.000,40.00,0
1121.000,1121.000,40.00,2
1122.000,1122.000,40.00,0
1123.000,1123.000,40.00,0
1124.000,1124.000,40.00,0
1125.000,1125.000,40.00,0
1126.000,1126.000,40.00,0
1127.000,1127.000,40.00,0
1129.000,1129.000,40.00,0
1130.000,1130.000,40.00,0
1131.000,1131.000,40.00,0
1132.000,1132.000,40.00,0
1133.000,1133.000,40.00,0
1134.000,1134.000,40.00,0
1135.000,1135.000,40.00,0
1136.000,1136.000,40.00,0
1137.000,1137.000,40.00,0
1138.000,1138.000,40.00,2
1139.000,1139.000,40.00,0
1140.000,1140.000,40.00,2
1141.000,1141.000,40.00,0
1143.000,1143.000,40.00,2
1144.000,1144.000,40.00,0
1145.000,1145.000,40.00,0
1146.000,1146.000,40.00,0
1147.000,1147.000,40.00,0
1148.000,1148.000,40.00,29300
1149.000,1149.000,40.00,0
1150.000,1150.000,40.00,16
1151.000,1151.000,40.00,0
1152.000,1152.000,40.00,0
1153.000,1153.000,40.00,0
1154.000,1154.000,40.00,0
1155.000,1155.000,40.00,0
1157.000,1157.000,40.00,0
1158.000,1158.000,40.00,0
1159.000,1159.000,40.00,0
1160.000,1160.000,40.00,2
1161.000,1161.000,40.00,2
1162.000,1162.000,40.00,0
1163.000,1163.000,40.00,2
1164.000,1164.000,40.00,0
1165.000,1165.000,40.00,0
1166.000,1166.000,40.00,0
1167.000,1167.000,40.00,0
1168.000,1168.000,40.00,0
1170.000,1170.000,40.00,0
1171.000,1171.000,40.00,0
1172.000,1172.000,40.00,0
1173.000,1173.000,40.00,0
1174.000,1174.000,40.00,0
1175.000,1175.000,40.00,0
1176.000,1176.000,40.00,0
1177.000,1177.000,40.00,0
1178.000,1178.000,40.00,0
1179.000,1179.000,40.00,0
1180.000,1180.000,40.00,2
1181.000,1181.000,40.00,0
1183.000,1183.000,40.00,2
1184.000,1184.000,40.00,0
1185.000,1185.000,40.00,3
1186.000,1186.000,40.00,0
1187.000,1187.000,40.00,0
1188.000,1188.000,40.00,0
1189.000,1189.000,40.00,0
1190.000,1190.000,40.00,0
1191.000,1191.000,40.00,0
1192.000,1192.000,40.00,0
1193.000,1193.000,40.00,32395
1194.000,1194.000,40.00,0
1195.000,1195.000,40.00,0
1197.000,1197.000,40.00,0
1198.000,1198.000,40.00,0
1199.000,1199.000,40.00,0
1200.000,1200.000,40.00,0
1201.000,1201.000,40.00,0
1202.000,1202.000,40.00,0
1203.000,1203.000,40.00,2
1204.000,1204.000,40.00,0
1205.000,1205.000,40.00,2
1206.000,1206.000,40.00,0
1207.000,1207.000,40.00,0
1208.000,1208.000,40.00,0
1209.000,1209.000,40.00,0
1211.000,1211.000,40.00,15
1212.000,1212.000,40.00,0
1213.000,1213.000,40.00,0
1214.000,1214.000,40.00,0
1215.000,1215.000,40.00,0
1216.000,1216.000,40.00,0
1217.000,1217.000,40.00,0
1218.000,1218.000,40.00,0
1219.000,1219.000,40.00,0
1220.000,1220.000,40.00,0
1221.000,1221.000,40.00,0
1222.000,1222.000,40.00,2
1223.000,1223.000,40.00,0
1225.000,1225.000,40.00,2
1226.000,1226.000,40.00,0
1227.000,1227.000,40.00,2
1228.000,1228.000,40.00,0
1229.000,1229.000,40.00,0
1230.000,1230.000,40.00,0
1231.000,1231.000,40.00,0
1232.000,1232.000,40.00,0
1233.000,1233.000,40.00,0
1234.000,1234.000,40.00,0
1235.000,1235.000,40.00,0
1236.000,1236.000,40.00,0
1237.000,1237.000,40.00,0
1238.000,1238.000,40.00,10495
1240.000,1240.000,40.00,11457
1241.000,1241.000,40.00,0
1242.000,1242.000,40.00,0
1243.000,1243.000,40.00,0
1244.000,1244.000,40.00,2
1245.000,1245.000,40.00,2
1246.000,1246.000,40.00,0
1247.000,1247.000,40.00,2
1248.000,1248.000,40.00,0
1249.000,1249.000,40.00,0
1250.000,1250.000,40.00,0
1251.000,1251.000,40.00,0
1253.000,1253.000,40.00,0
1254.000,1254.000,40.00,0
1255.000,1255.000,40.00,0
1256.000,1256.000,40.00,0
1257.000,1257.000,40.00,0
1258.000,1258.000,40.00,4
1259.000,1259.000,40.00,12
1260.000,1260.000,40.00,87
1261.000,1261.000,40.00,71
1262.000,1262.000,40.00,0
1263.000,1263.000,40.00,34
1264.000,1264.000,40.00,2
1265.000,1265.000,40.00,0
1267.000,1267.000,40.00,2
1268.000,1268.000,40.00,0
1269.000,1269.000,40.00,2
1270.000,1270.000,40.00,16
1271.000,1271.000,40.00,0
1272.000,1272.000,40.00,0
1273.000,1273.000,40.00,0
1274.000,1274.000,40.00,0
1275.000,1275.000,40.00,0
1276.000,1276.000,40.00,0
1277.000,1277.000,40.00,51
1279.000,1279.000,40.00,0
1280.000,1280.000,40.00,0
1281.000,1281.000,40.00,0
1282.000,1282.000,40.00,0
1283.000,1283.000,40.00,136
1284.000,1284.000,40.00,22
1285.000,1285.000,40.00,23505
1286.000,1286.000,40.00,2
1287.000,1287.000,40.00,2
1288.000,1288.000,40.00,7
1289.000,1289.000,40.00,2
1290.000,1290.000,40.00,0
1291.000,1291.000,40.00,0
1292.000,1292.000,40.00,0
1293.000,1293.000,40.00,0
1294.000,1294.000,40.00,51
1296.000,1296.000,40.00,0
1297.000,1297.000,40.00,0
1298.000,1298.000,40.00,6
1299.000,1299.000,40.00,0
1300.000,1300.000,40.00,0
1301.000,1301.000,40.00,0
1302.000,1302.000,40.00,0
1303.000,1303.000,40.00,0
1304.000,1304.000,40.00,0
1305.000,1305.000,40.00,0
1306.000,1306.000,40.00,2
1307.000,1307.000,40.00,0
1308.000,1308.000,40.00,2
1309.000,1309.000,40.00,0
1311.000,1311.000,40.00,2
1312.000,1312.000,40.00,0
1313.000,1313.000,40.00,0
1314.000,1314.000,40.00,0
1315.000,1315.000,40.00,0
1316.000,1316.000,40.00,0
1317.000,1317.000,40.00,0
1318.000,1318.000,40.00,0
1319.000,1319.000,40.00,0
1320.000,1320.000,40.00,0
1321.000,1321.000,40.00,2
1322.000,1322.000,40.00,0
1323.000,1323.000,40.00,0
1325.000,1325.000,40.00,0
1326.000,1326.000,40.00,0
1327.000,1327.000,40.00,0
1328.000,1328.000,40.00,2
1329.000,1329.000,40.00,0
1330.000,1330.000,40.00,31509
1331.000,1331.000,40.00,6
1332.000,1332.000,40.00,1
1333.000,1333.000,40.00,0
1334.000,1334.000,40.00,0
1335.000,1335.000,40.00,0
1336.000,1336.000,40.00,0
1337.000,1337.000,40.00,46
1339.000,1339.000,40.00,5
1340.000,1340.000,40.00,0
1341.000,1341.000,40.00,0
1342.000,1342.000,40.00,1
1343.000,1343.000,40.00,17
1344.000,1344.000,40.00,1
1345.000,1345.000,40.00,0
1346.000,1346.000,40.00,0
1347.000,1347.000,40.00,78
1348.000,1348.000,40.00,2
1349.000,1349.000,40.00,0
1350.000,1350.000,40.00,2
1351.000,1351.000,40.00,1
1353.000,1353.000,40.00,2
1354.000,1354.000,40.00,0
1355.000,1355.000,40.00,0
1356.000,1356.000,40.00,1
1357.000,1357.000,40.00,6
1358.000,1358.000,40.00,1
1359.000,1359.000,40.00,0
1360.000,1360.000,40.00,1
1361.000,1361.000,40.00,1
1362.000,1362.000,40.00,0
1363.000,1363.000,40.00,1
1364.000,1364.000,40.00,2
1365.000,1365.000,40.00,0
1367.000,1367.000,40.00,0
1368.000,1368.000,40.00,1
1369.000,1369.000,40.00,0
1370.000,1370.000,40.00,9
1371.000,1371.000,40.00,1
1372.000,1372.000,40.00,2
1373.000,1373.000,40.00,0
1374.000,1374.000,40.00,0
1375.000,1375.000,40.00,19019
1376.000,1376.000,40.00,5060
1377.000,1377.000,40.00,0
1378.000,1378.000,40.00,0
1379.000,1379.000,40.00,0
1380.000,1380.000,40.00,0
1382.000,1382.000,40.00,0
1383.000,1383.000,40.00,0
1384.000,1384.000,40.00,0
1385.000,1385.000,40.00,0
1386.000,1386.000,40.00,0
1387.000,1387.000,40.00,0
1388.000,1388.000,40.00,0
1389.000,1389.000,40.00,0
1390.000,1390.000,40.00,17
1391.000,1391.000,40.00,0
1392.000,1392.000,40.00,2
1393.000,1393.000,40.00,0
1394.000,1394.000,40.00,2
1396.000,1396.000,40.00,0
1397.000,1397.000,40.00,0
1398.000,1398.000,40.00,0
1399.000,1399.000,40.00,0
1400.000,1400.000,40.00,0
1401.000,1401.000,40.00,0
1402.000,1402.000,40.00,0
1403.000,1403.000,40.00,0
1404.000,1404.000,40.00,0
1405.000,1405.000,40.00,0
1406.000,1406.000,40.00,0
1407.000,1407.000,40.00,0
1408.000,1408.000,40.00,0
1410.000,1410.000,40.00,0
1411.000,1411.000,40.00,0
1412.000,1412.000,40.00,2
1413.000,1413.000,40.00,0
1414.000,1414.000,40.00,4
1415.000,1415.000,40.00,3
1416.000,1416.000,40.00,27
1417.000,1417.000,40.00,10
1418.000,1418.000,40.00,0
1419.000,1419.000,40.00,7
1420.000,1420.000,40.00,0
1421.000,1421.000,40.00,35524
1422.000,1422.000,40.00,0
1423.000,1423.000,40.00,0
1425.000,1425.000,40.00,0
1426.000,1426.000,40.00,0
1427.000,1427.000,40.00,0
1428.000,1428.000,40.00,0
1429.000,1429.000,40.00,0
1430.000,1430.000,40.00,0
1431.000,1431.000,40.00,0
1432.000,1432.000,40.00,4
1433.000,1433.000,40.00,27
1434.000,1434.000,40.00,4
1435.000,1435.000,40.00,0
1436.000,1436.000,40.00,2
1437.000,1437.000,40.00,0
1438.000,1438.000,40.00,0
1440.000,1440.000,40.00,0
1441.000,1441.000,40.00,0
1442.000,1442.000,40.00,0
1443.000,1443.000,40.00,0
1444.000,1444.000,40.00,0
1445.000,1445.000,40.00,0
1446.000,1446.000,40.00,0
1447.000,1447.000,40.00,0
1448.000,1448.000,40.00,0
1449.000,1449.000,40.00,0
1450.000,1450.000,40.00,15
1451.000,1451.000,40.00,1
1453.000,1453.000,40.00,0
1454.000,1454.000,40.00,2
1455.000,1455.000,40.00,0
1456.000,1456.000,40.00,2
1457.000,1457.000,40.00,0
1458.000,1458.000,40.00,2
1459.000,1459.000,40.00,0
1460.000,1460.000,40.00,1
1461.000,1461.000,40.00,0
1462.000,1462.000,40.00,0
1463.000,1463.000,40.00,0
1464.000,1464.000,40.00,0
1465.000,1465.000,40.00,0
1466.000,1466.000,40.00,31423
1468.000,1468.000,40.00,1
1469.000,1469.000,40.00,0
1470.000,1470.000,40.00,0
1471.000,1471.000,40.00,0
1472.000,1472.000,40.00,1
1473.000,1473.000,40.00,0
1474.000,1474.000,40.00,2
1475.000,1475.000,40.00,0
1476.000,1476.000,40.00,2
1477.000,1477.000,40.00,0
1478.000,1478.000,40.00,2
1479.000,1479.000,40.00,23
1481.000,1481.000,40.00,1
1482.000,1482.000,40.00,0
1483.000,1483.000,40.00,1
1484.000,1484.000,40.00,0
1485.000,1485.000,40.00,0
1486.000,1486.000,40.00,0
1487.000,1487.000,40.00,0
1488.000,1488.000,40.00,0
1489.000,1489.000,40.00,0
1490.000,1490.000,40.00,0
1491.000,1491.000,40.00,0
1492.000,1492.000,40.00,0
1493.000,1493.000,40.00,0
1495.000,1495.000,40.00,0
1496.000,1496.000,40.00,2
1497.000,1497.000,40.00,0
1498.000,1498.000,40.00,2
1499.000,1499.000,40.00,2
1500.000,1500.000,40.00,2
1501.000,1501.000,40.00,0
1502.000,1502.000,40.00,0
1503.000,1503.000,40.00,0
1504.000,1504.000,40.00,0
1505.000,1505.000,40.00,0
1506.000,1506.000,40.00,0
1507.000,1507.000,40.00,0
1508.000,1508.000,40.00,0
1510.000,1510.000,40.00,0
1511.000,1511.000,40.00,15
1512.000,1512.000,40.00,14528
1513.000,1513.000,40.00,10986
1514.000,1514.000,40.00,0
1515.000,1515.000,40.00,0
1516.000,1516.000,40.00,0
1517.000,1517.000,40.00,0
1518.000,1518.000,40.00,2
1519.000,1519.000,40.00,0
1520.000,1520.000,40.00,4
1521.000,1521.000,40.00,1
1522.000,1522.000,40.00,25
1524.000,1524.000,40.00,1
1525.000,1525.000,40.00,0
1526.000,1526.000,40.00,0
1527.000,1527.000,40.00,1
1528.000,1528.000,40.00,0
1529.000,1529.000,40.00,0
1530.000,1530.000,40.00,0
1531.000,1531.000,40.00,0
1532.000,1532.000,40.00,0
1533.000,1533.000,40.00,0
1534.000,1534.000,40.00,0
1535.000,1535.000,40.00,1
1536.000,1536.000,40.00,0
1537.000,1537.000,40.00,2
1539.000,1539.000,40.00,0
1540.000,1540.000,40.00,20
1541.000,1541.000,40.00,0
1542.000,1542.000,40.00,2
1543.000,1543.000,40.00,0
1544.000,1544.000,40.00,1
1545.000,1545.000,40.00,0
1546.000,1546.000,40.00,0
1547.000,1547.000,40.00,0
1548.000,1548.000,40.00,0
1549.000,1549.000,40.00,0
1550.000,1550.000,40.00,0
1552.000,1552.000,40.00,1
1553.000,1553.000,40.00,0
1554.000,1554.000,40.00,0
1555.000,1555.000,40.00,0
1556.000,1556.000,40.00,2
1557.000,1557.000,40.00,0
1558.000,1558.000,40.00,32561
1559.000,1559.000,40.00,0
1560.000,1560.000,40.00,3
1561.000,1561.000,40.00,0
1562.000,1562.000,40.00,2
1563.000,1563.000,40.00,1
1564.000,1564.000,40.00,0
1566.000,1566.000,40.00,0
1567.000,1567.000,40.00,0
1568.000,1568.000,40.00,1
1569.000,1569.000,40.00,0
1570.000,1570.000,40.00,15
1571.000,1571.000,40.00,0
1572.000,1572.000,40.00,1
1573.000,1573.000,40.00,0
1574.000,1574.000,40.00,0
1575.000,1575.000,40.00,1
1576.000,1576.000,40.00,0
1577.000,1577.000,40.00,0
1578.000,1578.000,40.00,0
1580.000,1580.000,40.00,3
1581.000,1581.000,40.00,0
1582.000,1582.000,40.00,2
1583.000,1583.000,40.00,0
1584.000,1584.000,40.00,3
1585.000,1585.000,40.00,1
1586.000,1586.000,40.00,2
1587.000,1587.000,40.00,2
1588.000,1588.000,40.00,0
1589.000,1589.000,40.00,0
1590.000,1590.000,40.00,0
1591.000,1591.000,40.00,0
1592.000,1592.000,40.00,0
1593.000,1593.000,40.00,0
1595.000,1595.000,40.00,0
1596.000,1596.000,40.00,0
1597.000,1597.000,40.00,0
1598.000,1598.000,40.00,0
1599.000,1599.000,40.00,0
1600.000,1600.000,40.00,0
1601.000,1601.000,40.00,2
1602.000,1602.000,40.00,0
1603.000,1603.000,40.00,7597
1604.000,1604.000,40.00,25857
1605.000,1605.000,40.00,0
1606.000,1606.000,40.00,0
1607.000,1607.000,40.00,0
1608.000,1608.000,40.00,0
1610.000,1610.000,40.00,0
1611.000,1611.000,40.00,0
1612.000,1612.000,40.00,32
1613.000,1613.000,40.00,0
1614.000,1614.000,40.00,0
1615.000,1615.000,40.00,0
1616.000,1616.000,40.00,0
1617.000,1617.000,40.00,0
1618.000,1618.000,40.00,0
1619.000,1619.000,40.00,0
1620.000,1620.000,40.00,2
1621.000,1621.000,40.00,4
1622.000,1622.000,40.00,26
1624.000,1624.000,40.00,2
1625.000,1625.000,40.00,0
1626.000,1626.000,40.00,3
1627.000,1627.000,40.00,0
1628.000,1628.000,40.00,0
1629.000,1629.000,40.00,0
1630.000,1630.000,40.00,16
1631.000,1631.000,40.00,0
1632.000,1632.000,40.00,1
1633.000,1633.000,40.00,0
1634.000,1634.000,40.00,0
1635.000,1635.000,40.00,81
1636.000,1636.000,40.00,0
1638.000,1638.000,40.00,0
1639.000,1639.000,40.00,0
1640.000,1640.000,40.00,1
1641.000,1641.000,40.00,0
1642.000,1642.000,40.00,0
1643.000,1643.000,40.00,7
1644.000,1644.000,40.00,1
1645.000,1645.000,40.00,4
1646.000,1646.000,40.00,20
1647.000,1647.000,40.00,0
1648.000,1648.000,40.00,0
1649.000,1649.000,40.00,5500
1650.000,1650.000,40.00,27385
1652.000,1652.000,40.00,0
1653.000,1653.000,40.00,0
1654.000,1654.000,40.00,0
1655.000,1655.000,40.00,0
1656.000,1656.000,40.00,0
1657.000,1657.000,40.00,0
1658.000,1658.000,40.00,0
1659.000,1659.000,40.00,0
1660.000,1660.000,40.00,0
1661.000,1661.000,40.00,0
1662.000,1662.000,40.00,3
1663.000,1663.000,40.00,12
1664.000,1664.000,40.00,10
1665.000,1665.000,40.00,2
1667.000,1667.000,40.00,0
1668.000,1668.000,40.00,2
1669.000,1669.000,40.00,0
1670.000,1670.000,40.00,0
1671.000,1671.000,40.00,0
1672.000,1672.000,40.00,0
1673.000,1673.000,40.00,0
1674.000,1674.000,40.00,0
1675.000,1675.000,40.00,0
1676.000,1676.000,40.00,0
1677.000,1677.000,40.00,0
1678.000,1678.000,40.00,0
1679.000,1679.000,40.00,0
1680.000,1680.000,40.00,15
1682.000,1682.000,40.00,17
1683.000,1683.000,40.00,1
1684.000,1684.000,40.00,0
1685.000,1685.000,40.00,2
1686.000,1686.000,40.00,1
1687.000,1687.000,40.00,2
1688.000,1688.000,40.00,1
1689.000,1689.000,40.00,8
1690.000,1690.000,40.00,16
1691.000,1691.000,40.00,0
1692.000,1692.000,40.00,0
1693.000,1693.000,40.00,0
1694.000,1694.000,40.00,0
1696.000,1696.000,40.00,5603
1697.000,1697.000,40.00,24775
1698.000,1698.000,40.00,0
1699.000,1699.000,40.00,0
1700.000,1700.000,40.00,0
1701.000,1701.000,40.00,0
1702.000,1702.000,40.00,0
1703.000,1703.000,40.00,0
1704.000,1704.000,40.00,0
1705.000,1705.000,40.00,2
1706.000,1706.000,40.00,0
1707.000,1707.000,40.00,2
1708.000,1708.000,40.00,0
1710.000,1710.000,40.00,2
1711.000,1711.000,40.00,0
1712.000,1712.000,40.00,0
1713.000,1713.000,40.00,0
1714.000,1714.000,40.00,0
1715.000,1715.000,40.00,0
1716.000,1716.000,40.00,0
1717.000,1717.000,40.00,0
1718.000,1718.000,40.00,0
1719.000,1719.000,40.00,6
1720.000,1720.000,40.00,0
1721.000,1721.000,40.00,0
1722.000,1722.000,40.00,18
1724.000,1724.000,40.00,0
1725.000,1725.000,40.00,10
1726.000,1726.000,40.00,13
1727.000,1727.000,40.00,1
1728.000,1728.000,40.00,2
1729.000,1729.000,40.00,0
1730.000,1730.000,40.00,2
1731.000,1731.000,40.00,0
1732.000,1732.000,40.00,0
1733.000,1733.000,40.00,0
1734.000,1734.000,40.00,0
1735.000,1735.000,40.00,0
1736.000,1736.000,40.00,0
1738.000,1738.000,40.00,0
1739.000,1739.000,40.00,0
1740.000,1740.000,40.00,0
1741.000,1741.000,40.00,0
1742.000,1742.000,40.00,7615
1743.000,1743.000,40.00,19745
1744.000,1744.000,40.00,15
1745.000,1745.000,40.00,0
1746.000,1746.000,40.00,2
1747.000,1747.000,40.00,0
1748.000,1748.000,40.00,2
1749.000,1749.000,40.00,0
1751.000,1751.000,40.00,17
1752.000,1752.000,40.00,0
1753.000,1753.000,40.00,0
1754.000,1754.000,40.00,0
1755.000,1755.000,40.00,0
1756.000,1756.000,40.00,0
1757.000,1757.000,40.00,0
1758.000,1758.000,40.00,0
1759.000,1759.000,40.00,0
1760.000,1760.000,40.00,0
1761.000,1761.000,40.00,0
1762.000,1762.000,40.00,0
1763.000,1763.000,40.00,0
1764.000,1764.000,40.00,0
1766.000,1766.000,40.00,0
1767.000,1767.000,40.00,0
1768.000,1768.000,40.00,2
1769.000,1769.000,40.00,0
1770.000,1770.000,40.00,2
1771.000,1771.000,40.00,0
1772.000,1772.000,40.00,2
1773.000,1773.000,40.00,0
1774.000,1774.000,40.00,0
1775.000,1775.000,40.00,0
1776.000,1776.000,40.00,0
1777.000,1777.000,40.00,0
1779.000,1779.000,40.00,0
1780.000,1780.000,40.00,0
1781.000,1781.000,40.00,0
1782.000,1782.000,40.00,0
1783.000,1783.000,40.00,0
1784.000,1784.000,40.00,0
1785.000,1785.000,40.00,0
1786.000,1786.000,40.00,10
1787.000,1787.000,40.00,0
1788.000,1788.000,40.00,25842
1789.000,1789.000,40.00,0
1790.000,1790.000,40.00,2
1791.000,1791.000,40.00,0
1793.000,1793.000,40.00,2
1794.000,1794.000,40.00,0
1795.000,1795.000,40.00,0
1796.000,1796.000,40.00,0
1797.000,1797.000,40.00,0
1798.000,1798.000,40.00,0
1799.000,1799.000,40.00,0
1800.000,1800.000,40.00,0
1801.000,1801.000,40.00,0
1802.000,1802.000,40.00,0
1803.000,1803.000,40.00,0
1804.000,1804.000,40.00,0
1805.000,1805.000,40.00,0
1807.000,1807.000,40.00,0
1808.000,1808.000,40.00,0
1809.000,1809.000,40.00,0
1810.000,1810.000,40.00,2
1811.000,1811.000,40.00,0
1812.000,1812.000,40.00,2
1813.000,1813.000,40.00,0
1814.000,1814.000,40.00,0
1815.000,1815.000,40.00,0
1816.000,1816.000,40.00,0
1817.000,1817.000,40.00,0
1818.000,1818.000,40.00,0
1820.000,1820.000,40.00,0
1821.000,1821.000,40.00,0
1822.000,1822.000,40.00,0
1823.000,1823.000,40.00,0
1824.000,1824.000,40.00,0
1825.000,1825.000,40.00,0
1826.000,1826.000,40.00,0
1827.000,1827.000,40.00,0
1828.000,1828.000,40.00,0
1829.000,1829.000,40.00,0
1830.000,1830.000,40.00,2
1831.000,1831.000,40.00,0
1832.000,1832.000,40.00,2
1834.000,1834.000,40.00,27692
1835.000,1835.000,40.00,2
1836.000,1836.000,40.00,0
1837.000,1837.000,40.00,0
1838.000,1838.000,40.00,0
1839.000,1839.000,40.00,0
1840.000,1840.000,40.00,0
1841.000,1841.000,40.00,0
1842.000,1842.000,40.00,0
1843.000,1843.000,40.00,0
1844.000,1844.000,40.00,0
1845.000,1845.000,40.00,0
1847.000,1847.000,40.00,0
1848.000,1848.000,40.00,0
1849.000,1849.000,40.00,0
1850.000,1850.000,40.00,0
1851.000,1851.000,40.00,0
1852.000,1852.000,40.00,3
1853.000,1853.000,40.00,0
1854.000,1854.000,40.00,2
1855.000,1855.000,40.00,0
1856.000,1856.000,40.00,0
1857.000,1857.000,40.00,0
1858.000,1858.000,40.00,0
1859.000,1859.000,40.00,0
1861.000,1861.000,40.00,0
1862.000,1862.000,40.00,0
1863.000,1863.000,40.00,0
1864.000,1864.000,40.00,0
1865.000,1865.000,40.00,0
1866.000,1866.000,40.00,0
1867.000,1867.000,40.00,0
1868.000,1868.000,40.00,0
1869.000,1869.000,40.00,0
1870.000,1870.000,40.00,15
1871.000,1871.000,40.00,0
1872.000,1872.000,40.00,2
1873.000,1873.000,40.00,0
1875.000,1875.000,40.00,2
1876.000,1876.000,40.00,0
1877.000,1877.000,40.00,2
1878.000,1878.000,40.00,0
1879.000,1879.000,40.00,24190
1880.000,1880.000,40.00,0
1881.000,1881.000,40.00,0
1882.000,1882.000,40.00,0
1883.000,1883.000,40.00,0
1884.000,1884.000,40.00,0
1885.000,1885.000,40.00,0
1886.000,1886.000,40.00,0
1887.000,1887.000,40.00,0
1889.000,1889.000,40.00,0
1890.000,1890.000,40.00,0
1891.000,1891.000,40.00,0
1892.000,1892.000,40.00,0
1893.000,1893.000,40.00,0
1894.000,1894.000,40.00,2
1895.000,1895.000,40.00,0
1896.000,1896.000,40.00,2
1897.000,1897.000,40.00,1
1898.000,1898.000,40.00,0
1899.000,1899.000,40.00,0
1900.000,1900.000,40.00,0
1901.000,1901.000,40.00,0
1903.000,1903.000,40.00,0
1904.000,1904.000,40.00,0
1905.000,1905.000,40.00,0
1906.000,1906.000,40.00,0
1907.000,1907.000,40.00,0
1908.000,1908.000,40.00,0
1909.000,1909.000,40.00,0
1910.000,1910.000,40.00,0
1911.000,1911.000,40.00,0
1912.000,1912.000,40.00,0
1913.000,1913.000,40.00,0
1914.000,1914.000,40.00,2
1916.000,1916.000,40.00,0
1917.000,1917.000,40.00,2
1918.000,1918.000,40.00,0
1919.000,1919.000,40.00,2
1920.000,1920.000,40.00,0
1921.000,1921.000,40.00,0
1922.000,1922.000,40.00,0
1923.000,1923.000,40.00,0
1924.000,1924.000,40.00,32401
1925.000,1925.000,40.00,0
1926.000,1926.000,40.00,0
1927.000,1927.000,40.00,0
1928.000,1928.000,40.00,0
1930.000,1930.000,40.00,0
1931.000,1931.000,40.00,15
1932.000,1932.000,40.00,0
1933.000,1933.000,40.00,0
1934.000,1934.000,40.00,0
1935.000,1935.000,40.00,0
1936.000,1936.000,40.00,2
1937.000,1937.000,40.00,0
1938.000,1938.000,40.00,2
1939.000,1939.000,40.00,0
1940.000,1940.000,40.00,0
1941.000,1941.000,40.00,0
1942.000,1942.000,40.00,0
1943.000,1943.000,40.00,0
1945.000,1945.000,40.00,0
1946.000,1946.000,40.00,0
1947.000,1947.000,40.00,0
1948.000,1948.000,40.00,0
1949.000,1949.000,40.00,0
1950.000,1950.000,40.00,0
1951.000,1951.000,40.00,0
1952.000,1952.000,40.00,0
1953.000,1953.000,40.00,0
1954.000,1954.000,40.00,0
1955.000,1955.000,40.00,0
1956.000,1956.000,40.00,2
1957.000,1957.000,40.00,0
1959.000,1959.000,40.00,2
1960.000,1960.000,40.00,0
1961.000,1961.000,40.00,2
1962.000,1962.000,40.00,0
1963.000,1963.000,40.00,0
1964.000,1964.000,40.00,0
1965.000,1965.000,40.00,0
1966.000,1966.000,40.00,0
1967.000,1967.000,40.00,0
1968.000,1968.000,40.00,0
1969.000,1969.000,40.00,25465
1970.000,1970.000,40.00,0
1971.000,1971.000,40.00,0
1973.000,1973.000,40.00,0
1974.000,1974.000,40.00,0
1975.000,1975.000,40.00,0
1976.000,1976.000,40.00,0
1977.000,1977.000,40.00,0
1978.000,1978.000,40.00,2
1979.000,1979.000,40.00,0
1980.000,1980.000,40.00,2
1981.000,1981.000,40.00,0
1982.000,1982.000,40.00,1
1983.000,1983.000,40.00,0
1984.000,1984.000,40.00,0
1985.000,1985.000,40.00,0
1987.000,1987.000,40.00,0
1988.000,1988.000,40.00,0
1989.000,1989.000,40.00,0
1990.000,1990.000,40.00,0
1991.000,1991.000,40.00,26
1992.000,1992.000,40.00,0
1993.000,1993.000,40.00,0
1994.000,1994.000,40.00,0
1995.000,1995.000,40.00,0
1996.000,1996.000,40.00,0
1997.000,1997.000,40.00,0
1998.000,1998.000,40.00,2
1999.000,1999.000,40.00,0
2001.000,2001.000,40.00,2
2002.000,2002.000,40.00,0
2003.000,2003.000,40.00,2
2004.000,2004.000,40.00,0
2005.000,2005.000,40.00,0
2006.000,2006.000,40.00,0
2007.000,2007.000,40.00,0
2008.000,2008.000,40.00,0
2009.000,2009.000,40.00,0
2010.000,2010.000,40.00,0
2011.000,2011.000,40.00,0
2012.000,2012.000,40.00,0
2014.000,2014.000,40.00,0
2015.000,2015.000,40.00,3976
2016.000,2016.000,40.00,25563
2017.000,2017.000,40.00,0
2018.000,2018.000,40.00,0
2019.000,2019.000,40.00,0
2020.000,2020.000,40.00,2
2021.000,2021.000,40.00,0
2022.000,2022.000,40.00,2
2023.000,2023.000,40.00,0
2024.000,2024.000,40.00,0
2025.000,2025.000,40.00,0
2026.000,2026.000,40.00,0
2028.000,2028.000,40.00,0
2029.000,2029.000,40.00,0
2030.000,2030.000,40.00,0
2031.000,2031.000,40.00,0
2032.000,2032.000,40.00,0
2033.000,2033.000,40.00,0
2034.000,2034.000,40.00,0
2035.000,2035.000,40.00,0
2036.000,2036.000,40.00,0
2037.000,2037.000,40.00,0
2038.000,2038.000,40.00,0
2039.000,2039.000,40.00,0
2040.000,2040.000,40.00,2
2042.000,2042.000,40.00,0
2043.000,2043.000,40.00,2
2044.000,2044.000,40.00,0
2045.000,2045.000,40.00,2
2046.000,2046.000,40.00,0
2047.000,2047.000,40.00,0
2048.000,2048.000,40.00,0
2049.000,2049.000,40.00,0
2050.000,2050.000,40.00,15
2051.000,2051.000,40.00,0
2052.000,2052.000,40.00,0
2053.000,2053.000,40.00,0
2055.000,2055.000,40.00,0
2056.000,2056.000,40.00,0
2057.000,2057.000,40.00,0
2058.000,2058.000,40.00,0
2059.000,2059.000,40.00,0
2060.000,2060.000,40.00,0
2061.000,2061.000,40.00,31196
2062.000,2062.000,40.00,2
2063.000,2063.000,40.00,0
2064.000,2064.000,40.00,2
2065.000,2065.000,40.00,2
2066.000,2066.000,40.00,0
2067.000,2067.000,40.00,0
2068.000,2068.000,40.00,0
2070.000,2070.000,40.00,0
2071.000,2071.000,40.00,0
2072.000,2072.000,40.00,0
2073.000,2073.000,40.00,0
2074.000,2074.000,40.00,0
2075.000,2075.000,40.00,0
2076.000,2076.000,40.00,0
2077.000,2077.000,40.00,0
2078.000,2078.000,40.00,0
2079.000,2079.000,40.00,0
2080.000,2080.000,40.00,0
2081.000,2081.000,40.00,0
2083.000,2083.000,40.00,2
2084.000,2084.000,40.00,0
2085.000,2085.000,40.00,2
2086.000,2086.000,40.00,0
2087.000,2087.000,40.00,2
2088.000,2088.000,40.00,0
2089.000,2089.000,40.00,0
2090.000,2090.000,40.00,0
2091.000,2091.000,40.00,0
2092.000,2092.000,40.00,0
2093.000,2093.000,40.00,0
2094.000,2094.000,40.00,0
2095.000,2095.000,40.00,0
2097.000,2097.000,40.00,0
2098.000,2098.000,40.00,0
2099.000,2099.000,40.00,0
2100.000,2100.000,40.00,0
2101.000,2101.000,40.00,0
2102.000,2102.000,40.00,0
2103.000,2103.000,40.00,0
2104.000,2104.000,40.00,2
2105.000,2105.000,40.00,0
2106.000,2106.000,40.00,30793
2107.000,2107.000,40.00,2
2108.000,2108.000,40.00,0
2110.000,2110.000,40.00,0
2111.000,2111.000,40.00,15
2112.000,2112.000,40.00,0
2113.000,2113.000,40.00,0
2114.000,2114.000,40.00,0
2115.000,2115.000,40.00,0
2116.000,2116.000,40.00,0
2117.000,2117.000,40.00,0
2118.000,2118.000,40.00,0
2119.000,2119.000,40.00,0
2120.000,2120.000,40.00,0
2121.000,2121.000,40.00,0
2122.000,2122.000,40.00,0
2124.000,2124.000,40.00,0
2125.000,2125.000,40.00,2
2126.000,2126.000,40.00,0
2127.000,2127.000,40.00,2
2128.000,2128.000,40.00,1
2129.000,2129.000,40.00,2
2130.000,2130.000,40.00,0
2131.000,2131.000,40.00,0
2132.000,2132.000,40.00,0
2133.000,2133.000,40.00,0
2134.000,2134.000,40.00,0
2135.000,2135.000,40.00,0
2136.000,2136.000,40.00,0
2137.000,2137.000,40.00,0
2139.000,2139.000,40.00,0
2140.000,2140.000,40.00,0
2141.000,2141.000,40.00,0
2142.000,2142.000,40.00,0
2143.000,2143.000,40.00,0
2144.000,2144.000,40.00,0
2145.000,2145.000,40.00,0
2146.000,2146.000,40.00,2
2147.000,2147.000,40.00,0
2148.000,2148.000,40.00,2
2149.000,2149.000,40.00,2
2150.000,2150.000,40.00,0
2151.000,2151.000,40.00,31037
2153.000,2153.000,40.00,0
2154.000,2154.000,40.00,0
2155.000,2155.000,40.00,0
2156.000,2156.000,40.00,0
2157.000,2157.000,40.00,0
2158.000,2158.000,40.00,0
2159.000,2159.000,40.00,0
2160.000,2160.000,40.00,1
2161.000,2161.000,40.00,0
2162.000,2162.000,40.00,0
2163.000,2163.000,40.00,0
2164.000,2164.000,40.00,0
2165.000,2165.000,40.00,0
2167.000,2167.000,40.00,2
2168.000,2168.000,40.00,0
2169.000,2169.000,40.00,2
2170.000,2170.000,40.00,0
2171.000,2171.000,40.00,18
2172.000,2172.000,40.00,0
2173.000,2173.000,40.00,0
2174.000,2174.000,40.00,0
2175.000,2175.000,40.00,0
2176.000,2176.000,40.00,0
2177.000,2177.000,40.00,0
2178.000,2178.000,40.00,0
2179.000,2179.000,40.00,0
2181.000,2181.000,40.00,0
2182.000,2182.000,40.00,0
2183.000,2183.000,40.00,0
2184.000,2184.000,40.00,0
2185.000,2185.000,40.00,0
2186.000,2186.000,40.00,0
2187.000,2187.000,40.00,0
2188.000,2188.000,40.00,2
2189.000,2189.000,40.00,0
2190.000,2190.000,40.00,2
2191.000,2191.000,40.00,0
2192.000,2192.000,40.00,0
2193.000,2193.000,40.00,0
2195.000,2195.000,40.00,0
2196.000,2196.000,40.00,0
2197.000,2197.000,40.00,20875
2198.000,2198.000,40.00,7707
2199.000,2199.000,40.00,0
2200.000,2200.000,40.00,0
2201.000,2201.000,40.00,0
2202.000,2202.000,40.00,0
2203.000,2203.000,40.00,0
2204.000,2204.000,40.00,0
2205.000,2205.000,40.00,0
2206.000,2206.000,40.00,0
2207.000,2207.000,40.00,0
2209.000,2209.000,40.00,2
2210.000,2210.000,40.00,0
2211.000,2211.000,40.00,2
2212.000,2212.000,40.00,0
2213.000,2213.000,40.00,2
2214.000,2214.000,40.00,0
2215.000,2215.000,40.00,0
2216.000,2216.000,40.00,0
2217.000,2217.000,40.00,0
2218.000,2218.000,40.00,0
2219.000,2219.000,40.00,0
2220.000,2220.000,40.00,0
2222.000,2222.000,40.00,0
2223.000,2223.000,40.00,0
2224.000,2224.000,40.00,0
2225.000,2225.000,40.00,0
2226.000,2226.000,40.00,0
2227.000,2227.000,40.00,0
2228.000,2228.000,40.00,0
2229.000,2229.000,40.00,0
2230.000,2230.000,40.00,17
2231.000,2231.000,40.00,0
2232.000,2232.000,40.00,2
2233.000,2233.000,40.00,2
2235.000,2235.000,40.00,0
2236.000,2236.000,40.00,0
2237.000,2237.000,40.00,0
2238.000,2238.000,40.00,0
2239.000,2239.000,40.00,0
2240.000,2240.000,40.00,0
2241.000,2241.000,40.00,0
2242.000,2242.000,40.00,13022
2243.000,2243.000,40.00,13075
2244.000,2244.000,40.00,0
2245.000,2245.000,40.00,0
2246.000,2246.000,40.00,0
2247.000,2247.000,40.00,0
2249.000,2249.000,40.00,0
2250.000,2250.000,40.00,0
2251.000,2251.000,40.00,2
2252.000,2252.000,40.00,0
2253.000,2253.000,40.00,2
2254.000,2254.000,40.00,0
2255.000,2255.000,40.00,2
2256.000,2256.000,40.00,0
2257.000,2257.000,40.00,0
2258.000,2258.000,40.00,0
2259.000,2259.000,40.00,0
2260.000,2260.000,40.00,0
2262.000,2262.000,40.00,0
2263.000,2263.000,40.00,0
2264.000,2264.000,40.00,0
2265.000,2265.000,40.00,0
2266.000,2266.000,40.00,0
2267.000,2267.000,40.00,0
2268.000,2268.000,40.00,0
2269.000,2269.000,40.00,0
2270.000,2270.000,40.00,0
2271.000,2271.000,40.00,0
2272.000,2272.000,40.00,2
2273.000,2273.000,40.00,2
2274.000,2274.000,40.00,0
2276.000,2276.000,40.00,2
2277.000,2277.000,40.00,0
2278.000,2278.000,40.00,0
2279.000,2279.000,40.00,0
2280.000,2280.000,40.00,0
2281.000,2281.000,40.00,0
2282.000,2282.000,40.00,0
2283.000,2283.000,40.00,0
2284.000,2284.000,40.00,0
2285.000,2285.000,40.00,0
2286.000,2286.000,40.00,0
2287.000,2287.000,40.00,1803
2289.000,2289.000,40.00,24423
2290.000,2290.000,40.00,0
2291.000,2291.000,40.00,15
2292.000,2292.000,40.00,0
2293.000,2293.000,40.00,2
2294.000,2294.000,40.00,0
2295.000,2295.000,40.00,2
2296.000,2296.000,40.00,0
2297.000,2297.000,40.00,2
2298.000,2298.000,40.00,0
2299.000,2299.000,40.00,11
2300.000,2300.000,40.00,0
2301.000,2301.000,40.00,0
2303.000,2303.000,40.00,0
2304.000,2304.000,40.00,0
2305.000,2305.000,40.00,0
2306.000,2306.000,40.00,0
2307.000,2307.000,40.00,0
2308.000,2308.000,40.00,0
2309.000,2309.000,40.00,0
2310.000,2310.000,40.00,0
2311.000,2311.000,40.00,0
2312.000,2312.000,40.00,0
2313.000,2313.000,40.00,0
2314.000,2314.000,40.00,0
2315.000,2315.000,40.00,2
2317.000,2317.000,40.00,0
2318.000,2318.000,40.00,2
2319.000,2319.000,40.00,0
2320.000,2320.000,40.00,0
2321.000,2321.000,40.00,0
2322.000,2322.000,40.00,0
2323.000,2323.000,40.00,0
2324.000,2324.000,40.00,0
2325.000,2325.000,40.00,0
2326.000,2326.000,40.00,0
2327.000,2327.000,40.00,0
2328.000,2328.000,40.00,0
2330.000,2330.000,40.00,0
2331.000,2331.000,40.00,0
2332.000,2332.000,40.00,0
2333.000,2333.000,40.00,0
2334.000,2334.000,40.00,38266
2335.000,2335.000,40.00,2
2336.000,2336.000,40.00,0
2337.000,2337.000,40.00,2
2338.000,2338.000,40.00,0
2339.000,2339.000,40.00,2
2340.000,2340.000,40.00,0
2341.000,2341.000,40.00,0
2342.000,2342.000,40.00,0
2344.000,2344.000,40.00,0
2345.000,2345.000,40.00,0
2346.000,2346.000,40.00,0
2347.000,2347.000,40.00,0
2348.000,2348.000,40.00,0
2349.000,2349.000,40.00,0
2350.000,2350.000,40.00,15
2351.000,2351.000,40.00,0
2352.000,2352.000,40.00,0
2353.000,2353.000,40.00,0
2354.000,2354.000,40.00,0
2355.000,2355.000,40.00,2
2356.000,2356.000,40.00,0
2358.000,2358.000,40.00,2
2359.000,2359.000,40.00,0
2360.000,2360.000,40.00,2
2361.000,2361.000,40.00,0
2362.000,2362.000,40.00,0
2363.000,2363.000,40.00,0
2364.000,2364.000,40.00,0
2365.000,2365.000,40.00,0
2366.000,2366.000,40.00,0
2367.000,2367.000,40.00,0
2368.000,2368.000,40.00,0
2369.000,2369.000,40.00,0
2371.000,2371.000,40.00,0
2372.000,2372.000,40.00,0
2373.000,2373.000,40.00,0
2374.000,2374.000,40.00,0
2375.000,2375.000,40.00,0
2376.000,2376.000,40.00,0
2377.000,2377.000,40.00,2
2378.000,2378.000,40.00,0
2379.000,2379.000,40.00,33942
2380.000,2380.000,40.00,0
2381.000,2381.000,40.00,2
2382.000,2382.000,40.00,0
2383.000,2383.000,40.00,0
2384.000,2384.000,40.00,0
2386.000,2386.000,40.00,0
2387.000,2387.000,40.00,0
2388.000,2388.000,40.00,0
2389.000,2389.000,40.00,0
2390.000,2390.000,40.00,0
2391.000,2391.000,40.00,0
2392.000,2392.000,40.00,0
2393.000,2393.000,40.00,0
2394.000,2394.000,40.00,0
2395.000,2395.000,40.00,0
2396.000,2396.000,40.00,0
2397.000,2397.000,40.00,2
2399.000,2399.000,40.00,0
2400.000,2400.000,40.00,2
2401.000,2401.000,40.00,0
2402.000,2402.000,40.00,2
2403.000,2403.000,40.00,0
2404.000,2404.000,40.00,0
2405.000,2405.000,40.00,0
2406.000,2406.000,40.00,0
2407.000,2407.000,40.00,0
2408.000,2408.000,40.00,0
2409.000,2409.000,40.00,0
2410.000,2410.000,40.00,15
2411.000,2411.000,40.00,0
2413.000,2413.000,40.00,0
2414.000,2414.000,40.00,0
2415.000,2415.000,40.00,0
2416.000,2416.000,40.00,0
2417.000,2417.000,40.00,0
2418.000,2418.000,40.00,0
2419.000,2419.000,40.00,2
2420.000,2420.000,40.00,0
2421.000,2421.000,40.00,2
2422.000,2422.000,40.00,0
2423.000,2423.000,40.00,2
2424.000,2424.000,40.00,25753
2425.000,2425.000,40.00,0
2427.000,2427.000,40.00,0
2428.000,2428.000,40.00,0
2429.000,2429.000,40.00,0
2430.000,2430.000,40.00,0
2431.000,2431.000,40.00,0
2432.000,2432.000,40.00,0
2433.000,2433.000,40.00,0
2434.000,2434.000,40.00,0
2435.000,2435.000,40.00,0
2436.000,2436.000,40.00,0
2437.000,2437.000,40.00,0
2438.000,2438.000,40.00,0
2439.000,2439.000,40.00,2
2441.000,2441.000,40.00,0
2442.000,2442.000,40.00,2
2443.000,2443.000,40.00,0
2444.000,2444.000,40.00,2
2445.000,2445.000,40.00,0
2446.000,2446.000,40.00,0
2447.000,2447.000,40.00,0
2448.000,2448.000,40.00,0
2449.000,2449.000,40.00,0
2450.000,2450.000,40.00,0
2451.000,2451.000,40.00,0
2452.000,2452.000,40.00,0
2453.000,2453.000,40.00,0
2455.000,2455.000,40.00,0
2456.000,2456.000,40.00,0
2457.000,2457.000,40.00,0
2458.000,2458.000,40.00,0
2459.000,2459.000,40.00,0
2460.000,2460.000,40.00,0
2461.000,2461.000,40.00,2
2462.000,2462.000,40.00,0
2463.000,2463.000,40.00,2
2464.000,2464.000,40.00,0
2465.000,2465.000,40.00,2
2466.000,2466.000,40.00,0
2468.000,2468.000,40.00,0
2469.000,2469.000,40.00,0
2470.000,2470.000,40.00,39880
2471.000,2471.000,40.00,15
2472.000,2472.000,40.00,0
2473.000,2473.000,40.00,0
2474.000,2474.000,40.00,0
2475.000,2475.000,40.00,0
2476.000,2476.000,40.00,0
2477.000,2477.000,40.00,0
2478.000,2478.000,40.00,0
2479.000,2479.000,40.00,0
2480.000,2480.000,40.00,0
2482.000,2482.000,40.00,2
2483.000,2483.000,40.00,0
2484.000,2484.000,40.00,2
2485.000,2485.000,40.00,0
2486.000,2486.000,40.00,2
2487.000,2487.000,40.00,0
2488.000,2488.000,40.00,0
2489.000,2489.000,40.00,0
2490.000,2490.000,40.00,0
2491.000,2491.000,40.00,0
2492.000,2492.000,40.00,0
2493.000,2493.000,40.00,0
2494.000,2494.000,40.00,0
2496.000,2496.000,40.00,0
2497.000,2497.000,40.00,0
2498.000,2498.000,40.00,0
2499.000,2499.000,40.00,0
2500.000,2500.000,40.00,0
2501.000,2501.000,40.00,0
2502.000,2502.000,40.00,0
2503.000,2503.000,40.00,2
2504.000,2504.000,40.00,0
2505.000,2505.000,40.00,2
2506.000,2506.000,40.00,0
2507.000,2507.000,40.00,2
2508.000,2508.000,40.00,0
2510.000,2510.000,40.00,0
2511.000,2511.000,40.00,0
2512.000,2512.000,40.00,0
2513.000,2513.000,40.00,0
2514.000,2514.000,40.00,0
2515.000,2515.000,40.00,15536
2516.000,2516.000,40.00,4986
2517.000,2517.000,40.00,0
2518.000,2518.000,40.00,0
2519.000,2519.000,40.00,0
2520.000,2520.000,40.00,0
2521.000,2521.000,40.00,0
2522.000,2522.000,40.00,0
2523.000,2523.000,40.00,0
2525.000,2525.000,40.00,0
2526.000,2526.000,40.00,2
2527.000,2527.000,40.00,0
2528.000,2528.000,40.00,2
2529.000,2529.000,40.00,0
2530.000,2530.000,40.00,0
2531.000,2531.000,40.00,16
2532.000,2532.000,40.00,0
2533.000,2533.000,40.00,0
2534.000,2534.000,40.00,0
2535.000,2535.000,40.00,0
2536.000,2536.000,40.00,0
2538.000,2538.000,40.00,0
2539.000,2539.000,40.00,0
2540.000,2540.000,40.00,0
2541.000,2541.000,40.00,0
2542.000,2542.000,40.00,0
2543.000,2543.000,40.00,0
2544.000,2544.000,40.00,0
2545.000,2545.000,40.00,2
2546.000,2546.000,40.00,0
2547.000,2547.000,40.00,2
2548.000,2548.000,40.00,0
2549.000,2549.000,40.00,2
2550.000,2550.000,40.00,0
2551.000,2551.000,40.00,0
2553.000,2553.000,40.00,0
2554.000,2554.000,40.00,0
2555.000,2555.000,40.00,0
2556.000,2556.000,40.00,0
2557.000,2557.000,40.00,0
2558.000,2558.000,40.00,0
2559.000,2559.000,40.00,0
2560.000,2560.000,40.00,241
2561.000,2561.000,40.00,2677
2562.000,2562.000,40.00,21797
2563.000,2563.000,40.00,8995
2564.000,2564.000,40.00,0
2566.000,2566.000,40.00,0
2567.000,2567.000,40.00,0
2568.000,2568.000,40.00,2
2569.000,2569.000,40.00,0
2570.000,2570.000,40.00,2
2571.000,2571.000,40.00,0
2572.000,2572.000,40.00,0
2573.000,2573.000,40.00,0
2574.000,2574.000,40.00,0
2575.000,2575.000,40.00,0
2576.000,2576.000,40.00,0
2577.000,2577.000,40.00,0
2578.000,2578.000,40.00,0
2580.000,2580.000,40.00,0
2581.000,2581.000,40.00,0
2582.000,2582.000,40.00,0
2583.000,2583.000,40.00,0
2584.000,2584.000,40.00,0
2585.000,2585.000,40.00,0
2586.000,2586.000,40.00,0
2587.000,2587.000,40.00,2
2588.000,2588.000,40.00,0
2589.000,2589.000,40.00,2
2590.000,2590.000,40.00,51
2591.000,2591.000,40.00,2
2592.000,2592.000,40.00,0
2594.000,2594.000,40.00,0
2595.000,2595.000,40.00,0
2596.000,2596.000,40.00,0
2597.000,2597.000,40.00,0
2598.000,2598.000,40.00,0
2599.000,2599.000,40.00,0
2600.000,2600.000,40.00,1
2601.000,2601.000,40.00,0
2602.000,2602.000,40.00,0
2603.000,2603.000,40.00,0
2604.000,2604.000,40.00,0
2605.000,2605.000,40.00,11
2607.000,2607.000,40.00,0
2608.000,2608.000,40.00,12
2609.000,2609.000,40.00,12545
2610.000,2610.000,40.00,2
2611.000,2611.000,40.00,0
2612.000,2612.000,40.00,2
2613.000,2613.000,40.00,0
2614.000,2614.000,40.00,0
2615.000,2615.000,40.00,0
2616.000,2616.000,40.00,0
2617.000,2617.000,40.00,0
2618.000,2618.000,40.00,0
2620.000,2620.000,40.00,0
2621.000,2621.000,40.00,0
2622.000,2622.000,40.00,0
2623.000,2623.000,40.00,0
2624.000,2624.000,40.00,0
2625.000,2625.000,40.00,0
2626.000,2626.000,40.00,0
2627.000,2627.000,40.00,0
2628.000,2628.000,40.00,0
2629.000,2629.000,40.00,2
2630.000,2630.000,40.00,0
2631.000,2631.000,40.00,2
2632.000,2632.000,40.00,0
2633.000,2633.000,40.00,2
2635.000,2635.000,40.00,0
2636.000,2636.000,40.00,0
2637.000,2637.000,40.00,0
2638.000,2638.000,40.00,0
2639.000,2639.000,40.00,0
2640.000,2640.000,40.00,0
2641.000,2641.000,40.00,0
2642.000,2642.000,40.00,0
2643.000,2643.000,40.00,0
2644.000,2644.000,40.00,0
2645.000,2645.000,40.00,0
2646.000,2646.000,40.00,0
2648.000,2648.000,40.00,0
2649.000,2649.000,40.00,0
2650.000,2650.000,40.00,2
2651.000,2651.000,40.00,15
2652.000,2652.000,40.00,2
2653.000,2653.000,40.00,2063
2654.000,2654.000,40.00,7115
2655.000,2655.000,40.00,0
2656.000,2656.000,40.00,0
2657.000,2657.000,40.00,0
2658.000,2658.000,40.00,0
2659.000,2659.000,40.00,0
2660.000,2660.000,40.00,0
2662.000,2662.000,40.00,0
2663.000,2663.000,40.00,0
2664.000,2664.000,40.00,0
2665.000,2665.000,40.00,0
2666.000,2666.000,40.00,0
2667.000,2667.000,40.00,0
2668.000,2668.000,40.00,0
2669.000,2669.000,40.00,0
2670.000,2670.000,40.00,0
2671.000,2671.000,40.00,2
2672.000,2672.000,40.00,0
2673.000,2673.000,40.00,2
2675.000,2675.000,40.00,0
2676.000,2676.000,40.00,0
2677.000,2677.000,40.00,0
2678.000,2678.000,40.00,0
2679.000,2679.000,40.00,0
2680.000,2680.000,40.00,0
2681.000,2681.000,40.00,0
2682.000,2682.000,40.00,0
2683.000,2683.000,40.00,0
2684.000,2684.000,40.00,0
2685.000,2685.000,40.00,0
2686.000,2686.000,40.00,0
2687.000,2687.000,40.00,0
2689.000,2689.000,40.00,0
2690.000,2690.000,40.00,0
2691.000,2691.000,40.00,0
2692.000,2692.000,40.00,2
2693.000,2693.000,40.00,0
2694.000,2694.000,40.00,2
2695.000,2695.000,40.00,0
2696.000,2696.000,40.00,2
2697.000,2697.000,40.00,0
2698.000,2698.000,40.00,4755
2699.000,2699.000,40.00,8323
2700.000,2700.000,40.00,0
2701.000,2701.000,40.00,0
2703.000,2703.000,40.00,0
2704.000,2704.000,40.00,0
2705.000,2705.000,40.00,0
2706.000,2706.000,40.00,0
2707.000,2707.000,40.00,0
2708.000,2708.000,40.00,0
2709.000,2709.000,40.00,0
2710.000,2710.000,40.00,0
2711.000,2711.000,40.00,16
2712.000,2712.000,40.00,0
2713.000,2713.000,40.00,2
2714.000,2714.000,40.00,0
2716.000,2716.000,40.00,2
2717.000,2717.000,40.00,0
2718.000,2718.000,40.00,0
2719.000,2719.000,40.00,0
2720.000,2720.000,40.00,0
2721.000,2721.000,40.00,0
2722.000,2722.000,40.00,0
2723.000,2723.000,40.00,0
2724.000,2724.000,40.00,0
2725.000,2725.000,40.00,0
2726.000,2726.000,40.00,0
2727.000,2727.000,40.00,0
2728.000,2728.000,40.00,0
2730.000,2730.000,40.00,0
2731.000,2731.000,40.00,0
2732.000,2732.000,40.00,0
2733.000,2733.000,40.00,0
2734.000,2734.000,40.00,2
2735.000,2735.000,40.00,0
2736.000,2736.000,40.00,2
2737.000,2737.000,40.00,0
2738.000,2738.000,40.00,2
2739.000,2739.000,40.00,0
2740.000,2740.000,40.00,0
2741.000,2741.000,40.00,0
2742.000,2742.000,40.00,0
2744.000,2744.000,40.00,0
2745.000,2745.000,40.00,3416
2746.000,2746.000,40.00,0
2747.000,2747.000,40.00,0
2748.000,2748.000,40.00,0
2749.000,2749.000,40.00,0
2750.000,2750.000,40.00,0
2751.000,2751.000,40.00,0
2752.000,2752.000,40.00,0
2753.000,2753.000,40.00,0
2754.000,2754.000,40.00,0
2755.000,2755.000,40.00,2
2756.000,2756.000,40.00,0
2757.000,2757.000,40.00,2
2759.000,2759.000,40.00,1
2760.000,2760.000,40.00,0
2761.000,2761.000,40.00,0
2762.000,2762.000,40.00,0
2763.000,2763.000,40.00,0
2764.000,2764.000,40.00,0
2765.000,2765.000,40.00,0
2766.000,2766.000,40.00,0
2767.000,2767.000,40.00,0
2768.000,2768.000,40.00,0
2769.000,2769.000,40.00,0
2770.000,2770.000,40.00,15
2772.000,2772.000,40.00,0
2773.000,2773.000,40.00,0
2774.000,2774.000,40.00,0
2775.000,2775.000,40.00,0
2776.000,2776.000,40.00,2
2777.000,2777.000,40.00,0
2778.000,2778.000,40.00,2
2779.000,2779.000,40.00,0
2780.000,2780.000,40.00,2
2781.000,2781.000,40.00,0
2782.000,2782.000,40.00,0
2783.000,2783.000,40.00,0
2784.000,2784.000,40.00,173
2786.000,2786.000,40.00,0
2787.000,2787.000,40.00,0
2788.000,2788.000,40.00,0
2789.000,2789.000,40.00,0
2790.000,2790.000,40.00,462
2791.000,2791.000,40.00,0
2792.000,2792.000,40.00,0
2793.000,2793.000,40.00,0
2794.000,2794.000,40.00,0
2795.000,2795.000,40.00,0
2796.000,2796.000,40.00,0
2797.000,2797.000,40.00,2
2799.000,2799.000,40.00,0
2800.000,2800.000,40.00,2
2801.000,2801.000,40.00,2
2802.000,2802.000,40.00,0
2803.000,2803.000,40.00,0
2804.000,2804.000,40.00,0
2805.000,2805.000,40.00,0
2806.000,2806.000,40.00,0
2807.000,2807.000,40.00,0
2808.000,2808.000,40.00,0
2809.000,2809.000,40.00,0
2810.000,2810.000,40.00,0
2811.000,2811.000,40.00,0
2812.000,2812.000,40.00,0
2814.000,2814.000,40.00,0
2815.000,2815.000,40.00,0
2816.000,2816.000,40.00,0
2817.000,2817.000,40.00,0
2818.000,2818.000,40.00,2
2819.000,2819.000,40.00,0
2820.000,2820.000,40.00,2
2821.000,2821.000,40.00,0
2822.000,2822.000,40.00,2
2823.000,2823.000,40.00,0
2824.000,2824.000,40.00,0
2825.000,2825.000,40.00,0
2827.000,2827.000,40.00,0
2828.000,2828.000,40.00,0
2829.000,2829.000,40.00,0
2830.000,2830.000,40.00,0
2831.000,2831.000,40.00,15
2832.000,2832.000,40.00,0
2833.000,2833.000,40.00,0
2834.000,2834.000,40.00,0
2835.000,2835.000,40.00,59
2836.000,2836.000,40.00,18
2837.000,2837.000,40.00,0
2838.000,2838.000,40.00,0
2839.000,2839.000,40.00,2
2841.000,2841.000,40.00,0
2842.000,2842.000,40.00,2
2843.000,2843.000,40.00,2
2844.000,2844.000,40.00,0
2845.000,2845.000,40.00,0
2846.000,2846.000,40.00,0
2847.000,2847.000,40.00,0
2848.000,2848.000,40.00,3
2849.000,2849.000,40.00,60195
2850.000,2850.000,40.00,118790
2851.000,2851.000,40.00,62039
2852.000,2852.000,40.00,15
2853.000,2853.000,40.00,0
2854.000,2854.000,40.00,16970
2856.000,2856.000,40.00,0
2857.000,2857.000,40.00,0
2858.000,2858.000,40.00,0
2859.000,2859.000,40.00,0
2860.000,2860.000,40.00,2
2861.000,2861.000,40.00,0
2862.000,2862.000,40.00,2
2863.000,2863.000,40.00,0
2864.000,2864.000,40.00,2
2865.000,2865.000,40.00,0
2866.000,2866.000,40.00,0
2867.000,2867.000,40.00,0
2869.000,2869.000,40.00,0
2870.000,2870.000,40.00,0
2871.000,2871.000,40.00,0
2872.000,2872.000,40.00,0
2873.000,2873.000,40.00,0
2874.000,2874.000,40.00,0
2875.000,2875.000,40.00,0
2876.000,2876.000,40.00,0
2877.000,2877.000,40.00,0
2878.000,2878.000,40.00,0
2879.000,2879.000,40.00,0
2880.000,2880.000,40.00,0
2881.000,2881.000,40.00,2
2882.000,2882.000,40.00,0
2884.000,2884.000,40.00,2
2885.000,2885.000,40.00,0
2886.000,2886.000,40.00,0
2887.000,2887.000,40.00,0
2888.000,2888.000,40.00,0
2889.000,2889.000,40.00,0
2890.000,2890.000,40.00,1
2891.000,2891.000,40.00,0
2892.000,2892.000,40.00,0
2893.000,2893.000,40.00,0
2894.000,2894.000,40.00,0
2895.000,2895.000,40.00,0
2897.000,2897.000,40.00,30668
2898.000,2898.000,40.00,0
2899.000,2899.000,40.00,0
2900.000,2900.000,40.00,0
2901.000,2901.000,40.00,0
2902.000,2902.000,40.00,2
2903.000,2903.000,40.00,0
2904.000,2904.000,40.00,2
2905.000,2905.000,40.00,0
2906.000,2906.000,40.00,2
2907.000,2907.000,40.00,0
2908.000,2908.000,40.00,0
2909.000,2909.000,40.00,15
2911.000,2911.000,40.00,0
2912.000,2912.000,40.00,5
2913.000,2913.000,40.00,0
2914.000,2914.000,40.00,1
2915.000,2915.000,40.00,11
2916.000,2916.000,40.00,0
2917.000,2917.000,40.00,0
2918.000,2918.000,40.00,0
2919.000,2919.000,40.00,0
2920.000,2920.000,40.00,0
2921.000,2921.000,40.00,0
2922.000,2922.000,40.00,0
2923.000,2923.000,40.00,2
2925.000,2925.000,40.00,0
2926.000,2926.000,40.00,2
2927.000,2927.000,40.00,0
2928.000,2928.000,40.00,0
2929.000,2929.000,40.00,0
2930.000,2930.000,40.00,0
2931.000,2931.000,40.00,0
2932.000,2932.000,40.00,0
2933.000,2933.000,40.00,0
2934.000,2934.000,40.00,0
2935.000,2935.000,40.00,0
2936.000,2936.000,40.00,0
2938.000,2938.000,40.00,0
2939.000,2939.000,40.00,0
2940.000,2940.000,40.00,0
2941.000,2941.000,40.00,0
2942.000,2942.000,40.00,34232
2943.000,2943.000,40.00,0
2944.000,2944.000,40.00,18
2945.000,2945.000,40.00,0
2946.000,2946.000,40.00,2
2947.000,2947.000,40.00,0
2948.000,2948.000,40.00,2
2949.000,2949.000,40.00,0
2951.000,2951.000,40.00,0
2952.000,2952.000,40.00,0
2953.000,2953.000,40.00,0
2954.000,2954.000,40.00,0
2955.000,2955.000,40.00,0
2956.000,2956.000,40.00,0
2957.000,2957.000,40.00,0
2958.000,2958.000,40.00,0
2959.000,2959.000,40.00,0
2960.000,2960.000,40.00,0
2961.000,2961.000,40.00,0
2962.000,2962.000,40.00,0
2963.000,2963.000,40.00,0
2964.000,2964.000,40.00,0
2966.000,2966.000,40.00,2
2967.000,2967.000,40.00,0
2968.000,2968.000,40.00,2
2969.000,2969.000,40.00,18
2970.000,2970.000,40.00,7
2971.000,2971.000,40.00,8
2972.000,2972.000,40.00,21183
2973.000,2973.000,40.00,3
2974.000,2974.000,40.00,0
2975.000,2975.000,40.00,3
2976.000,2976.000,40.00,10
2977.000,2977.000,40.00,21298
2978.000,2978.000,40.00,0
2980.000,2980.000,40.00,0
2981.000,2981.000,40.00,0
2982.000,2982.000,40.00,0
2983.000,2983.000,40.00,0
2984.000,2984.000,40.00,0
2985.000,2985.000,40.00,0
2986.000,2986.000,40.00,2
2987.000,2987.000,40.00,30856
2988.000,2988.000,40.00,2
2989.000,2989.000,40.00,0
2990.000,2990.000,40.00,2
2991.000,2991.000,40.00,0
2992.000,2992.000,40.00,0
2994.000,2994.000,40.00,0
2995.000,2995.000,40.00,0
2996.000,2996.000,40.00,0
2997.000,2997.000,40.00,0
2998.000,2998.000,40.00,0
2999.000,2999.000,40.00,0
3000.000,3000.000,40.00,0
3001.000,3001.000,40.00,0
3002.000,3002.000,40.00,0
3003.000,3003.000,40.00,0
3004.000,3004.000,40.00,0
3005.000,3005.000,40.00,0
3007.000,3007.000,40.00,0
3008.000,3008.000,40.00,2
3009.000,3009.000,40.00,0
3010.000,3010.000,40.00,2
3011.000,3011.000,40.00,2
3012.000,3012.000,40.00,0
3013.000,3013.000,40.00,0
3014.000,3014.000,40.00,0
3015.000,3015.000,40.00,0
3016.000,3016.000,40.00,0
3017.000,3017.000,40.00,1
3018.000,3018.000,40.00,0
3019.000,3019.000,40.00,0
3021.000,3021.000,40.00,0
3022.000,3022.000,40.00,0
3023.000,3023.000,40.00,0
3024.000,3024.000,40.00,0
3025.000,3025.000,40.00,0
3026.000,3026.000,40.00,0
3027.000,3027.000,40.00,0
3028.000,3028.000,40.00,2
3029.000,3029.000,40.00,15
3030.000,3030.000,40.00,2
3031.000,3031.000,40.00,0
3032.000,3032.000,40.00,11853
3033.000,3033.000,40.00,14012
3034.000,3034.000,40.00,0
3036.000,3036.000,40.00,0
3037.000,3037.000,40.00,0
3038.000,3038.000,40.00,6
3039.000,3039.000,40.00,2
3040.000,3040.000,40.00,0
3041.000,3041.000,40.00,0
3042.000,3042.000,40.00,0
3043.000,3043.000,40.00,0
3044.000,3044.000,40.00,0
3045.000,3045.000,40.00,0
3046.000,3046.000,40.00,0
3047.000,3047.000,40.00,0
3049.000,3049.000,40.00,0
3050.000,3050.000,40.00,2
3051.000,3051.000,40.00,0
3052.000,3052.000,40.00,2
3053.000,3053.000,40.00,2
3054.000,3054.000,40.00,0
3055.000,3055.000,40.00,0
3056.000,3056.000,40.00,0
3057.000,3057.000,40.00,0
3058.000,3058.000,40.00,0
3059.000,3059.000,40.00,0
3060.000,3060.000,40.00,0
3061.000,3061.000,40.00,0
3063.000,3063.000,40.00,0
3064.000,3064.000,40.00,0
3065.000,3065.000,40.00,0
3066.000,3066.000,40.00,0
3067.000,3067.000,40.00,0
3068.000,3068.000,40.00,0
3069.000,3069.000,40.00,0
3070.000,3070.000,40.00,2
3071.000,3071.000,40.00,0
3072.000,3072.000,40.00,2
3073.000,3073.000,40.00,0
3074.000,3074.000,40.00,2
3076.000,3076.000,40.00,0
3077.000,3077.000,40.00,0
3078.000,3078.000,40.00,114
3079.000,3079.000,40.00,32088
3080.000,3080.000,40.00,0
3081.000,3081.000,40.00,0
3082.000,3082.000,40.00,0
3083.000,3083.000,40.00,0
3084.000,3084.000,40.00,0
3085.000,3085.000,40.00,2
3086.000,3086.000,40.00,19
3087.000,3087.000,40.00,0
3088.000,3088.000,40.00,0
3090.000,3090.000,40.00,15
3091.000,3091.000,40.00,0
3092.000,3092.000,40.00,2
3093.000,3093.000,40.00,0
3094.000,3094.000,40.00,0
3095.000,3095.000,40.00,2
3096.000,3096.000,40.00,0
3097.000,3097.000,40.00,0
3098.000,3098.000,40.00,0
3099.000,3099.000,40.00,0
3100.000,3100.000,40.00,0
3101.000,3101.000,40.00,0
3103.000,3103.000,40.00,0
3104.000,3104.000,40.00,0
3105.000,3105.000,40.00,0
3106.000,3106.000,40.00,0
3107.000,3107.000,40.00,0
3108.000,3108.000,40.00,0
3109.000,3109.000,40.00,0
3110.000,3110.000,40.00,0
3111.000,3111.000,40.00,0
3112.000,3112.000,40.00,2
3113.000,3113.000,40.00,0
3114.000,3114.000,40.00,2
3115.000,3115.000,40.00,0
3117.000,3117.000,40.00,2
3118.000,3118.000,40.00,0
3119.000,3119.000,40.00,0
3120.000,3120.000,40.00,0
3121.000,3121.000,40.00,0
3122.000,3122.000,40.00,0
3123.000,3123.000,40.00,0
3124.000,3124.000,40.00,32442
3125.000,3125.000,40.00,0
3126.000,3126.000,40.00,0
3127.000,3127.000,40.00,0
3128.000,3128.000,40.00,0
3129.000,3129.000,40.00,0
3131.000,3131.000,40.00,0
3132.000,3132.000,40.00,0
3133.000,3133.000,40.00,0
3134.000,3134.000,40.00,2
3135.000,3135.000,40.00,0
3136.000,3136.000,40.00,0
3137.000,3137.000,40.00,2
3138.000,3138.000,40.00,0
3139.000,3139.000,40.00,0
3140.000,3140.000,40.00,0
3141.000,3141.000,40.00,0
3142.000,3142.000,40.00,0
3143.000,3143.000,40.00,0
3145.000,3145.000,40.00,0
3146.000,3146.000,40.00,0
3147.000,3147.000,40.00,0
3148.000,3148.000,40.00,0
3149.000,3149.000,40.00,15
3150.000,3150.000,40.00,0
3151.000,3151.000,40.00,0
3152.000,3152.000,40.00,0
3153.000,3153.000,40.00,0
3154.000,3154.000,40.00,2
3155.000,3155.000,40.00,0
3156.000,3156.000,40.00,2
3158.000,3158.000,40.00,0
3159.000,3159.000,40.00,2
3160.000,3160.000,40.00,0
3161.000,3161.000,40.00,0
3162.000,3162.000,40.00,0
3163.000,3163.000,40.00,0
3164.000,3164.000,40.00,0
3165.000,3165.000,40.00,0
3166.000,3166.000,40.00,0
3167.000,3167.000,40.00,0
3168.000,3168.000,40.00,0
3169.000,3169.000,40.00,5665
3171.000,3171.000,40.00,22445
3172.000,3172.000,40.00,0
3173.000,3173.000,40.00,0
3174.000,3174.000,40.00,0
3175.000,3175.000,40.00,0
3176.000,3176.000,40.00,0
3177.000,3177.000,40.00,2
3178.000,3178.000,40.00,0
3179.000,3179.000,40.00,2
3180.000,3180.000,40.00,0
3181.000,3181.000,40.00,0
3182.000,3182.000,40.00,0
3183.000,3183.000,40.00,0
3185.000,3185.000,40.00,0
3186.000,3186.000,40.00,0
3187.000,3187.000,40.00,0
3188.000,3188.000,40.00,0
3189.000,3189.000,40.00,0
3190.000,3190.000,40.00,0
3191.000,3191.000,40.00,0
3192.000,3192.000,40.00,0
3193.000,3193.000,40.00,0
3194.000,3194.000,40.00,0
3195.000,3195.000,40.00,0
3196.000,3196.000,40.00,2
3198.000,3198.000,40.00,0
3199.000,3199.000,40.00,2
3200.000,3200.000,40.00,0
3201.000,3201.000,40.00,2
3202.000,3202.000,40.00,0
3203.000,3203.000,40.00,0
3204.000,3204.000,40.00,0
3205.000,3205.000,40.00,0
3206.000,3206.000,40.00,0
3207.000,3207.000,40.00,0
3208.000,3208.000,40.00,0
3209.000,3209.000,40.00,15
3210.000,3210.000,40.00,0
3212.000,3212.000,40.00,0
3213.000,3213.000,40.00,0
3214.000,3214.000,40.00,0
3215.000,3215.000,40.00,0
3216.000,3216.000,40.00,9495
3217.000,3217.000,40.00,21431
3218.000,3218.000,40.00,0
3219.000,3219.000,40.00,2
3220.000,3220.000,40.00,0
3221.000,3221.000,40.00,2
3222.000,3222.000,40.00,11
3223.000,3223.000,40.00,0
3224.000,3224.000,40.00,0
3226.000,3226.000,40.00,0
3227.000,3227.000,40.00,0
3228.000,3228.000,40.00,0
3229.000,3229.000,40.00,0
3230.000,3230.000,40.00,0
3231.000,3231.000,40.00,0
3232.000,3232.000,40.00,0
3233.000,3233.000,40.00,0
3234.000,3234.000,40.00,0
3235.000,3235.000,40.00,0
3236.000,3236.000,40.00,0
3237.000,3237.000,40.00,0
3238.000,3238.000,40.00,2
3240.000,3240.000,40.00,0
3241.000,3241.000,40.00,2
3242.000,3242.000,40.00,0
3243.000,3243.000,40.00,2
3244.000,3244.000,40.00,0
3245.000,3245.000,40.00,0
3246.000,3246.000,40.00,0
3247.000,3247.000,40.00,0
3248.000,3248.000,40.00,0
3249.000,3249.000,40.00,0
3250.000,3250.000,40.00,0
3251.000,3251.000,40.00,0
3252.000,3252.000,40.00,0
3254.000,3254.000,40.00,0
3255.000,3255.000,40.00,0
3256.000,3256.000,40.00,0
3257.000,3257.000,40.00,0
3258.000,3258.000,40.00,0
3259.000,3259.000,40.00,0
3260.000,3260.000,40.00,0
3261.000,3261.000,40.00,2
3262.000,3262.000,40.00,32371
3263.000,3263.000,40.00,2
3264.000,3264.000,40.00,0
3265.000,3265.000,40.00,0
3267.000,3267.000,40.00,0
3268.000,3268.000,40.00,0
3269.000,3269.000,40.00,0
3270.000,3270.000,40.00,0
3271.000,3271.000,40.00,0
3272.000,3272.000,40.00,0
3273.000,3273.000,40.00,0
3274.000,3274.000,40.00,0
3275.000,3275.000,40.00,0
3276.000,3276.000,40.00,0
3277.000,3277.000,40.00,0
3278.000,3278.000,40.00,0
3279.000,3279.000,40.00,0
3281.000,3281.000,40.00,2
3282.000,3282.000,40.00,0
3283.000,3283.000,40.00,2
3284.000,3284.000,40.00,0
3285.000,3285.000,40.00,3
3286.000,3286.000,40.00,0
3287.000,3287.000,40.00,0
3288.000,3288.000,40.00,0
3289.000,3289.000,40.00,0
3290.000,3290.000,40.00,0
3291.000,3291.000,40.00,0
3292.000,3292.000,40.00,0
3293.000,3293.000,40.00,0
3295.000,3295.000,40.00,0
3296.000,3296.000,40.00,0
3297.000,3297.000,40.00,0
3298.000,3298.000,40.00,0
3299.000,3299.000,40.00,0
3300.000,3300.000,40.00,0
3301.000,3301.000,40.00,2
3302.000,3302.000,40.00,0
3303.000,3303.000,40.00,2
3304.000,3304.000,40.00,0
3305.000,3305.000,40.00,2
3306.000,3306.000,40.00,0
3308.000,3308.000,40.00,30274
3309.000,3309.000,40.00,0
3310.000,3310.000,40.00,0
3311.000,3311.000,40.00,0
3312.000,3312.000,40.00,0
3313.000,3313.000,40.00,0
3314.000,3314.000,40.00,0
3315.000,3315.000,40.00,0
3316.000,3316.000,40.00,0
3317.000,3317.000,40.00,0
3318.000,3318.000,40.00,0
3319.000,3319.000,40.00,0
3320.000,3320.000,40.00,0
3322.000,3322.000,40.00,0
3323.000,3323.000,40.00,2
3324.000,3324.000,40.00,0
3325.000,3325.000,40.00,2
3326.000,3326.000,40.00,0
3327.000,3327.000,40.00,2
3328.000,3328.000,40.00,0
3329.000,3329.000,40.00,15
3330.000,3330.000,40.00,0
3331.000,3331.000,40.00,0
3332.000,3332.000,40.00,0
3333.000,3333.000,40.00,0
3335.000,3335.000,40.00,0
3336.000,3336.000,40.00,0
3337.000,3337.000,40.00,0
3338.000,3338.000,40.00,0
3339.000,3339.000,40.00,0
3340.000,3340.000,40.00,0
3341.000,3341.000,40.00,0
3342.000,3342.000,40.00,0
3343.000,3343.000,40.00,2
3344.000,3344.000,40.00,0
3345.000,3345.000,40.00,2
3346.000,3346.000,40.00,0
3347.000,3347.000,40.00,20
3349.000,3349.000,40.00,1
3350.000,3350.000,40.00,0
3351.000,3351.000,40.00,0
3352.000,3352.000,40.00,0
3353.000,3353.000,40.00,34214
3354.000,3354.000,40.00,0
3355.000,3355.000,40.00,0
3356.000,3356.000,40.00,0
3357.000,3357.000,40.00,0
3358.000,3358.000,40.00,0
3359.000,3359.000,40.00,0
3360.000,3360.000,40.00,0
3361.000,3361.000,40.00,0
3363.000,3363.000,40.00,0
3364.000,3364.000,40.00,0
3365.000,3365.000,40.00,2
3366.000,3366.000,40.00,0
3367.000,3367.000,40.00,2
3368.000,3368.000,40.00,0
3369.000,3369.000,40.00,0
3370.000,3370.000,40.00,0
3371.000,3371.000,40.00,0
3372.000,3372.000,40.00,0
3373.000,3373.000,40.00,0
3374.000,3374.000,40.00,0
3376.000,3376.000,40.00,0
3377.000,3377.000,40.00,0
3378.000,3378.000,40.00,0
3379.000,3379.000,40.00,0
3380.000,3380.000,40.00,0
3381.000,3381.000,40.00,0
3382.000,3382.000,40.00,0
3383.000,3383.000,40.00,0
3384.000,3384.000,40.00,0
3385.000,3385.000,40.00,2
3386.000,3386.000,40.00,0
3387.000,3387.000,40.00,2
3388.000,3388.000,40.00,0
3390.000,3390.000,40.00,18
3391.000,3391.000,40.00,0
3392.000,3392.000,40.00,0
3393.000,3393.000,40.00,0
3394.000,3394.000,40.00,0
3395.000,3395.000,40.00,0
3396.000,3396.000,40.00,0
3397.000,3397.000,40.00,0
3398.000,3398.000,40.00,16380
3399.000,3399.000,40.00,6013
3400.000,3400.000,40.00,0
3401.000,3401.000,40.00,0
3403.000,3403.000,40.00,0
3404.000,3404.000,40.00,0
3405.000,3405.000,40.00,0
3406.000,3406.000,40.00,0
3407.000,3407.000,40.00,2
3408.000,3408.000,40.00,0
3409.000,3409.000,40.00,2
3410.000,3410.000,40.00,2
3411.000,3411.000,40.00,0
3412.000,3412.000,40.00,0
3413.000,3413.000,40.00,0
3414.000,3414.000,40.00,0
3415.000,3415.000,40.00,0
3417.000,3417.000,40.00,0
3418.000,3418.000,40.00,0
3419.000,3419.000,40.00,0
3420.000,3420.000,40.00,0
3421.000,3421.000,40.00,0
3422.000,3422.000,40.00,0
3423.000,3423.000,40.00,0
3424.000,3424.000,40.00,0
3425.000,3425.000,40.00,0
3426.000,3426.000,40.00,0
3427.000,3427.000,40.00,2
3428.000,3428.000,40.00,0
3429.000,3429.000,40.00,2
3431.000,3431.000,40.00,0
3432.000,3432.000,40.00,2
3433.000,3433.000,40.00,0
3434.000,3434.000,40.00,0
3435.000,3435.000,40.00,0
3436.000,3436.000,40.00,0
3437.000,3437.000,40.00,0
3438.000,3438.000,40.00,0
3439.000,3439.000,40.00,0
3440.000,3440.000,40.00,0
3441.000,3441.000,40.00,0
3442.000,3442.000,40.00,0
3443.000,3443.000,40.00,335
3445.000,3445.000,40.00,908
3446.000,3446.000,40.00,12744
3447.000,3447.000,40.00,23908
3448.000,3448.000,40.00,0
3449.000,3449.000,40.00,18
3450.000,3450.000,40.00,0
3451.000,3451.000,40.00,2
3452.000,3452.000,40.00,2
3453.000,3453.000,40.00,0
3454.000,3454.000,40.00,0
3455.000,3455.000,40.00,0
3456.000,3456.000,40.00,0
3457.000,3457.000,40.00,0
3459.000,3459.000,40.00,0
3460.000,3460.000,40.00,0
3461.000,3461.000,40.00,0
3462.000,3462.000,40.00,0
3463.000,3463.000,40.00,0
3464.000,3464.000,40.00,0
3465.000,3465.000,40.00,0
3466.000,3466.000,40.00,0
3467.000,3467.000,40.00,0
3468.000,3468.000,40.00,0
3469.000,3469.000,40.00,2
3470.000,3470.000,40.00,0
3471.000,3471.000,40.00,2
3473.000,3473.000,40.00,0
3474.000,3474.000,40.00,2
3475.000,3475.000,40.00,0
3476.000,3476.000,40.00,0
3477.000,3477.000,40.00,4
3478.000,3478.000,40.00,0
3479.000,3479.000,40.00,0
3480.000,3480.000,40.00,0
3481.000,3481.000,40.00,0
3482.000,3482.000,40.00,0
3483.000,3483.000,40.00,0
3484.000,3484.000,40.00,0
3486.000,3486.000,40.00,0
3487.000,3487.000,40.00,0
3488.000,3488.000,40.00,0
3489.000,3489.000,40.00,0
3490.000,3490.000,40.00,0
3491.000,3491.000,40.00,2
3492.000,3492.000,40.00,7497
3493.000,3493.000,40.00,19272
3494.000,3494.000,40.00,2
3495.000,3495.000,40.00,0
3496.000,3496.000,40.00,0
3497.000,3497.000,40.00,0
3498.000,3498.000,40.00,0
3500.000,3500.000,40.00,0
3501.000,3501.000,40.00,0
3502.000,3502.000,40.00,0
3503.000,3503.000,40.00,0
3504.000,3504.000,40.00,0
3505.000,3505.000,40.00,0
3506.000,3506.000,40.00,0
3507.000,3507.000,40.00,0
3508.000,3508.000,40.00,0
3509.000,3509.000,40.00,15
3510.000,3510.000,40.00,0
3511.000,3511.000,40.00,2
3513.000,3513.000,40.00,0
3514.000,3514.000,40.00,2
3515.000,3515.000,40.00,0
3516.000,3516.000,40.00,2
3517.000,3517.000,40.00,0
3518.000,3518.000,40.00,0
3519.000,3519.000,40.00,0
3520.000,3520.000,40.00,0
3521.000,3521.000,40.00,0
3522.000,3522.000,40.00,0
3523.000,3523.000,40.00,0
3524.000,3524.000,40.00,0
3525.000,3525.000,40.00,0
3527.000,3527.000,40.00,0
3528.000,3528.000,40.00,0
3529.000,3529.000,40.00,0
3530.000,3530.000,40.00,0
3531.000,3531.000,40.00,11
3532.000,3532.000,40.00,0
3533.000,3533.000,40.00,2
3534.000,3534.000,40.00,2
3535.000,3535.000,40.00,0
3536.000,3536.000,40.00,2
3537.000,3537.000,40.00,0
3538.000,3538.000,40.00,31928
3539.000,3539.000,40.00,0
3541.000,3541.000,40.00,0
3542.000,3542.000,40.00,0
3543.000,3543.000,40.00,0
3544.000,3544.000,40.00,0
3545.000,3545.000,40.00,0
3546.000,3546.000,40.00,0
3547.000,3547.000,40.00,0
3548.000,3548.000,40.00,0
3549.000,3549.000,40.00,0
3550.000,3550.000,40.00,0
3551.000,3551.000,40.00,0
3552.000,3552.000,40.00,0
3554.000,3554.000,40.00,2
3555.000,3555.000,40.00,0
3556.000,3556.000,40.00,2
3557.000,3557.000,40.00,0
3558.000,3558.000,40.00,2
3559.000,3559.000,40.00,0
3560.000,3560.000,40.00,0
3561.000,3561.000,40.00,0
3562.000,3562.000,40.00,0
3563.000,3563.000,40.00,0
3564.000,3564.000,40.00,0
3565.000,3565.000,40.00,0
3566.000,3566.000,40.00,0
3568.000,3568.000,40.00,0
3569.000,3569.000,40.00,0
3570.000,3570.000,40.00,15
3571.000,3571.000,40.00,0
3572.000,3572.000,40.00,0
3573.000,3573.000,40.00,0
3574.000,3574.000,40.00,0
3575.000,3575.000,40.00,2
3576.000,3576.000,40.00,2
3577.000,3577.000,40.00,0
3578.000,3578.000,40.00,2
3579.000,3579.000,40.00,0
3580.000,3580.000,40.00,0
3582.000,3582.000,40.00,0
3583.000,3583.000,40.00,0
3584.000,3584.000,40.00,4055
3585.000,3585.000,40.00,24016
3586.000,3586.000,40.00,0
3587.000,3587.000,40.00,0
3588.000,3588.000,40.00,0
3589.000,3589.000,40.00,0
3590.000,3590.000,40.00,0
3591.000,3591.000,40.00,0
3592.000,3592.000,40.00,0
3593.000,3593.000,40.00,0
3594.000,3594.000,40.00,0
3596.000,3596.000,40.00,2
3597.000,3597.000,40.00,0
3598.000,3598.000,40.00,2
3599.000,3599.000,40.00,0
3600.000,3600.000,40.00,2
3601.000,3601.000,40.00,0
3602.000,3602.000,40.00,0
3603.000,3603.000,40.00,0
3604.000,3604.000,40.00,0
3605.000,3605.000,40.00,26
3606.000,3606.000,40.00,0
3607.000,3607.000,40.00,0
3609.000,3609.000,40.00,0
3610.000,3610.000,40.00,0
3611.000,3611.000,40.00,0
3612.000,3612.000,40.00,0
3613.000,3613.000,40.00,0
3614.000,3614.000,40.00,0
3615.000,3615.000,40.00,0
3616.000,3616.000,40.00,0
3617.000,3617.000,40.00,0
3618.000,3618.000,40.00,2
3619.000,3619.000,40.00,0
3620.000,3620.000,40.00,2
3622.000,3622.000,40.00,0
3623.000,3623.000,40.00,0
3624.000,3624.000,40.00,0
3625.000,3625.000,40.00,0
3626.000,3626.000,40.00,0
3627.000,3627.000,40.00,0
3628.000,3628.000,40.00,0
3629.000,3629.000,40.00,15
3630.000,3630.000,40.00,37355
3631.000,3631.000,40.00,0
3632.000,3632.000,40.00,0
3633.000,3633.000,40.00,0
3634.000,3634.000,40.00,0
3636.000,3636.000,40.00,0
3637.000,3637.000,40.00,0
3638.000,3638.000,40.00,2
3639.000,3639.000,40.00,0
3640.000,3640.000,40.00,2
3641.000,3641.000,40.00,0
3642.000,3642.000,40.00,2
3643.000,3643.000,40.00,0
3644.000,3644.000,40.00,0
3645.000,3645.000,40.00,0
3646.000,3646.000,40.00,0
3647.000,3647.000,40.00,0
3649.000,3649.000,40.00,0
3650.000,3650.000,40.00,0
3651.000,3651.000,40.00,0
3652.000,3652.000,40.00,0
3653.000,3653.000,40.00,0
3654.000,3654.000,40.00,0
3655.000,3655.000,40.00,0
3656.000,3656.000,40.00,0
3657.000,3657.000,40.00,0
3658.000,3658.000,40.00,2
3659.000,3659.000,40.00,0
3660.000,3660.000,40.00,2
3661.000,3661.000,40.00,0
3663.000,3663.000,40.00,2
3664.000,3664.000,40.00,0
3665.000,3665.000,40.00,0
3666.000,3666.000,40.00,0
3667.000,3667.000,40.00,0
3668.000,3668.000,40.00,0
3669.000,3669.000,40.00,0
3670.000,3670.000,40.00,0
3671.000,3671.000,40.00,0
3672.000,3672.000,40.00,0
3673.000,3673.000,40.00,0
3674.000,3674.000,40.00,0
3675.000,3675.000,40.00,30187
3677.000,3677.000,40.00,0
3678.000,3678.000,40.00,0
3679.000,3679.000,40.00,0
3680.000,3680.000,40.00,2
3681.000,3681.000,40.00,0
3682.000,3682.000,40.00,2
3683.000,3683.000,40.00,0
3684.000,3684.000,40.00,2
3685.000,3685.000,40.00,0
3686.000,3686.000,40.00,0
3687.000,3687.000,40.00,0
3688.000,3688.000,40.00,0
3690.000,3690.000,40.00,15
3691.000,3691.000,40.00,0
3692.000,3692.000,40.00,0
3693.000,3693.000,40.00,0
3694.000,3694.000,40.00,0
3695.000,3695.000,40.00,0
3696.000,3696.000,40.00,0
3697.000,3697.000,40.00,0
3698.000,3698.000,40.00,0
3699.000,3699.000,40.00,0
3700.000,3700.000,40.00,2
3702.000,3702.000,40.00,0
3703.000,3703.000,40.00,2
3704.000,3704.000,40.00,0
3705.000,3705.000,40.00,2
3706.000,3706.000,40.00,0
3707.000,3707.000,40.00,0
3708.000,3708.000,40.00,0
3709.000,3709.000,40.00,0
3710.000,3710.000,40.00,0
3711.000,3711.000,40.00,0
3712.000,3712.000,40.00,0
3713.000,3713.000,40.00,0
3714.000,3714.000,40.00,0
3716.000,3716.000,40.00,0
3717.000,3717.000,40.00,0
3718.000,3718.000,40.00,0
3719.000,3719.000,40.00,0
3720.000,3720.000,40.00,0
3721.000,3721.000,40.00,21371
3722.000,3722.000,40.00,284
3723.000,3723.000,40.00,0
3724.000,3724.000,40.00,2
3725.000,3725.000,40.00,2
3726.000,3726.000,40.00,0
3727.000,3727.000,40.00,0
3729.000,3729.000,40.00,0
3730.000,3730.000,40.00,0
3731.000,3731.000,40.00,0
3732.000,3732.000,40.00,0
3733.000,3733.000,40.00,0
3734.000,3734.000,40.00,0
3735.000,3735.000,40.00,0
3736.000,3736.000,40.00,0
3737.000,3737.000,40.00,0
3738.000,3738.000,40.00,0
3739.000,3739.000,40.00,0
3740.000,3740.000,40.00,0
3741.000,3741.000,40.00,0
3743.000,3743.000,40.00,2
3744.000,3744.000,40.00,0
3745.000,3745.000,40.00,2
3746.000,3746.000,40.00,0
3747.000,3747.000,40.00,2
3748.000,3748.000,40.00,0
3749.000,3749.000,40.00,15
3750.000,3750.000,40.00,0
3751.000,3751.000,40.00,0
3752.000,3752.000,40.00,0
3753.000,3753.000,40.00,0
3754.000,3754.000,40.00,0
3755.000,3755.000,40.00,0
3757.000,3757.000,40.00,0
3758.000,3758.000,40.00,0
3759.000,3759.000,40.00,0
3760.000,3760.000,40.00,0
3761.000,3761.000,40.00,0
3762.000,3762.000,40.00,0
3763.000,3763.000,40.00,0
3764.000,3764.000,40.00,2
3765.000,3765.000,40.00,0
3766.000,3766.000,40.00,7980
3767.000,3767.000,40.00,21530
3768.000,3768.000,40.00,0
3769.000,3769.000,40.00,0
3771.000,3771.000,40.00,0
3772.000,3772.000,40.00,0
3773.000,3773.000,40.00,0
3774.000,3774.000,40.00,0
3775.000,3775.000,40.00,0
3776.000,3776.000,40.00,0
3777.000,3777.000,40.00,0
3778.000,3778.000,40.00,0
3779.000,3779.000,40.00,0
3780.000,3780.000,40.00,0
3781.000,3781.000,40.00,0
3782.000,3782.000,40.00,0
3784.000,3784.000,40.00,0
3785.000,3785.000,40.00,2
3786.000,3786.000,40.00,0
3787.000,3787.000,40.00,2
3788.000,3788.000,40.00,0
3789.000,3789.000,40.00,2
3790.000,3790.000,40.00,0
3791.000,3791.000,40.00,0
3792.000,3792.000,40.00,0
3793.000,3793.000,40.00,0
3794.000,3794.000,40.00,0
3795.000,3795.000,40.00,0
3796.000,3796.000,40.00,0
3798.000,3798.000,40.00,0
3799.000,3799.000,40.00,0
3800.000,3800.000,40.00,0
3801.000,3801.000,40.00,0
3802.000,3802.000,40.00,0
3803.000,3803.000,40.00,0
3804.000,3804.000,40.00,0
3805.000,3805.000,40.00,0
3806.000,3806.000,40.00,2
3807.000,3807.000,40.00,2
3808.000,3808.000,40.00,0
3809.000,3809.000,40.00,19
3811.000,3811.000,40.00,0
3812.000,3812.000,40.00,249
3813.000,3813.000,40.00,23985
3814.000,3814.000,40.00,0
3815.000,3815.000,40.00,0
3816.000,3816.000,40.00,0
3817.000,3817.000,40.00,0
3818.000,3818.000,40.00,0
3819.000,3819.000,40.00,0
3820.000,3820.000,40.00,0
3821.000,3821.000,40.00,0
3822.000,3822.000,40.00,0
3823.000,3823.000,40.00,0
3825.000,3825.000,40.00,0
3826.000,3826.000,40.00,0
3827.000,3827.000,40.00,2
3828.000,3828.000,40.00,0
3829.000,3829.000,40.00,2
3830.000,3830.000,40.00,0
3831.000,3831.000,40.00,2
3832.000,3832.000,40.00,1
3833.000,3833.000,40.00,0
3834.000,3834.000,40.00,0
3835.000,3835.000,40.00,0
3836.000,3836.000,40.00,0
3838.000,3838.000,40.00,0
3839.000,3839.000,40.00,11
3840.000,3840.000,40.00,1
3841.000,3841.000,40.00,0
3842.000,3842.000,40.00,0
3843.000,3843.000,40.00,42
3844.000,3844.000,40.00,0
3845.000,3845.000,40.00,0
3846.000,3846.000,40.00,0
3847.000,3847.000,40.00,0
3848.000,3848.000,40.00,2
3849.000,3849.000,40.00,2
3850.000,3850.000,40.00,0
3851.000,3851.000,40.00,2
3853.000,3853.000,40.00,0
3854.000,3854.000,40.00,0
3855.000,3855.000,40.00,0
3856.000,3856.000,40.00,0
3857.000,3857.000,40.00,0
3858.000,3858.000,40.00,34080
3859.000,3859.000,40.00,0
3860.000,3860.000,40.00,0
3861.000,3861.000,40.00,0
3862.000,3862.000,40.00,0
3863.000,3863.000,40.00,0
3864.000,3864.000,40.00,0
3865.000,3865.000,40.00,0
3867.000,3867.000,40.00,0
3868.000,3868.000,40.00,0
3869.000,3869.000,40.00,2
3870.000,3870.000,40.00,51
3871.000,3871.000,40.00,2
3872.000,3872.000,40.00,0
3873.000,3873.000,40.00,2
3874.000,3874.000,40.00,0
3875.000,3875.000,40.00,0
3876.000,3876.000,40.00,0
3877.000,3877.000,40.00,0
3878.000,3878.000,40.00,0
3879.000,3879.000,40.00,0
3881.000,3881.000,40.00,0
3882.000,3882.000,40.00,0
3883.000,3883.000,40.00,0
3884.000,3884.000,40.00,0
3885.000,3885.000,40.00,0
3886.000,3886.000,40.00,0
3887.000,3887.000,40.00,0
3888.000,3888.000,40.00,0
3889.000,3889.000,40.00,0
3890.000,3890.000,40.00,2
3891.000,3891.000,40.00,1
3892.000,3892.000,40.00,0
3893.000,3893.000,40.00,2
3895.000,3895.000,40.00,0
3896.000,3896.000,40.00,0
3897.000,3897.000,40.00,0
3898.000,3898.000,40.00,0
3899.000,3899.000,40.00,0
3900.000,3900.000,40.00,0
3901.000,3901.000,40.00,0
3902.000,3902.000,40.00,0
3903.000,3903.000,40.00,31987
3904.000,3904.000,40.00,0
3905.000,3905.000,40.00,0
3906.000,3906.000,40.00,0
3907.000,3907.000,40.00,0
3909.000,3909.000,40.00,0
3910.000,3910.000,40.00,0
3911.000,3911.000,40.00,2
3912.000,3912.000,40.00,0
3913.000,3913.000,40.00,2
3914.000,3914.000,40.00,0
3915.000,3915.000,40.00,2
3916.000,3916.000,40.00,0
3917.000,3917.000,40.00,0
3918.000,3918.000,40.00,0
3919.000,3919.000,40.00,0
3920.000,3920.000,40.00,0
3921.000,3921.000,40.00,0
3923.000,3923.000,40.00,0
3924.000,3924.000,40.00,0
3925.000,3925.000,40.00,0
3926.000,3926.000,40.00,0
3927.000,3927.000,40.00,0
3928.000,3928.000,40.00,0
3929.000,3929.000,40.00,16
3930.000,3930.000,40.00,0
3931.000,3931.000,40.00,0
3932.000,3932.000,40.00,2
3933.000,3933.000,40.00,2
3934.000,3934.000,40.00,0
3936.000,3936.000,40.00,2
3937.000,3937.000,40.00,0
3938.000,3938.000,40.00,0
3939.000,3939.000,40.00,0
3940.000,3940.000,40.00,0
3941.000,3941.000,40.00,0
3942.000,3942.000,40.00,0
3943.000,3943.000,40.00,0
3944.000,3944.000,40.00,0
3945.000,3945.000,40.00,0
3946.000,3946.000,40.00,0
3947.000,3947.000,40.00,0
3948.000,3948.000,40.00,20902
3950.000,3950.000,40.00,3865
3951.000,3951.000,40.00,0
3952.000,3952.000,40.00,0
3953.000,3953.000,40.00,2
3954.000,3954.000,40.00,0
3955.000,3955.000,40.00,2
3956.000,3956.000,40.00,0
3957.000,3957.000,40.00,2
3958.000,3958.000,40.00,0
3959.000,3959.000,40.00,0
3960.000,3960.000,40.00,0
3961.000,3961.000,40.00,0
3963.000,3963.000,40.00,0
3964.000,3964.000,40.00,0
3965.000,3965.000,40.00,0
3966.000,3966.000,40.00,0
3967.000,3967.000,40.00,0
3968.000,3968.000,40.00,0
3969.000,3969.000,40.00,0
3970.000,3970.000,40.00,0
3971.000,3971.000,40.00,0
3972.000,3972.000,40.00,0
3973.000,3973.000,40.00,0
3974.000,3974.000,40.00,0
3975.000,3975.000,40.00,2
3977.000,3977.000,40.00,0
3978.000,3978.000,40.00,2
3979.000,3979.000,40.00,0
3980.000,3980.000,40.00,0
3981.000,3981.000,40.00,0
3982.000,3982.000,40.00,0
3983.000,3983.000,40.00,0
3984.000,3984.000,40.00,1
3985.000,3985.000,40.00,0
3986.000,3986.000,40.00,0
3987.000,3987.000,40.00,0
3988.000,3988.000,40.00,0
3989.000,3989.000,40.00,24
3991.000,3991.000,40.00,0
3992.000,3992.000,40.00,0
3993.000,3993.000,40.00,0
3994.000,3994.000,40.00,8996
3995.000,3995.000,40.00,23435
3996.000,3996.000,40.00,0
3997.000,3997.000,40.00,2
3998.000,3998.000,40.00,0
3999.000,3999.000,40.00,2
4000.000,4000.000,40.00,0
4001.000,4001.000,40.00,0
4002.000,4002.000,40.00,0
4004.000,4004.000,40.00,0
4005.000,4005.000,40.00,0
4006.000,4006.000,40.00,0
4007.000,4007.000,40.00,0
4008.000,4008.000,40.00,0
4009.000,4009.000,40.00,0
4010.000,4010.000,40.00,0
4011.000,4011.000,40.00,0
4012.000,4012.000,40.00,0
4013.000,4013.000,40.00,0
4014.000,4014.000,40.00,0
4015.000,4015.000,40.00,2
4016.000,4016.000,40.00,0
4018.000,4018.000,40.00,2
4019.000,4019.000,40.00,0
4020.000,4020.000,40.00,2
4021.000,4021.000,40.00,0
4022.000,4022.000,40.00,0
4023.000,4023.000,40.00,0
4024.000,4024.000,40.00,0
4025.000,4025.000,40.00,0
4026.000,4026.000,40.00,0
4027.000,4027.000,40.00,0
4028.000,4028.000,40.00,0
4029.000,4029.000,40.00,0
4030.000,4030.000,40.00,0
4032.000,4032.000,40.00,0
4033.000,4033.000,40.00,0
4034.000,4034.000,40.00,0
4035.000,4035.000,40.00,0
4036.000,4036.000,40.00,79
4037.000,4037.000,40.00,2
4038.000,4038.000,40.00,0
4039.000,4039.000,40.00,2
4040.000,4040.000,40.00,26740
4041.000,4041.000,40.00,2
4042.000,4042.000,40.00,0
4043.000,4043.000,40.00,0
4044.000,4044.000,40.00,0
4046.000,4046.000,40.00,0
4047.000,4047.000,40.00,0
4048.000,4048.000,40.00,0
4049.000,4049.000,40.00,0
4050.000,4050.000,40.00,18
4051.000,4051.000,40.00,0
4052.000,4052.000,40.00,0
4053.000,4053.000,40.00,0
4054.000,4054.000,40.00,0
4055.000,4055.000,40.00,0
4056.000,4056.000,40.00,0
4057.000,4057.000,40.00,2
4058.000,4058.000,40.00,0
4060.000,4060.000,40.00,2
4061.000,4061.000,40.00,0
4062.000,4062.000,40.00,2
4063.000,4063.000,40.00,0
4064.000,4064.000,40.00,0
4065.000,4065.000,40.00,0
4066.000,4066.000,40.00,0
4067.000,4067.000,40.00,0
4068.000,4068.000,40.00,0
4069.000,4069.000,40.00,0
4070.000,4070.000,40.00,0
4071.000,4071.000,40.00,0
4073.000,4073.000,40.00,0
4074.000,4074.000,40.00,0
4075.000,4075.000,40.00,0
4076.000,4076.000,40.00,0
4077.000,4077.000,40.00,0
4078.000,4078.000,40.00,0
4079.000,4079.000,40.00,2
4080.000,4080.000,40.00,0
4081.000,4081.000,40.00,2
4082.000,4082.000,40.00,0
4083.000,4083.000,40.00,2
4084.000,4084.000,40.00,0
4085.000,4085.000,40.00,32609
4087.000,4087.000,40.00,0
4088.000,4088.000,40.00,0
4089.000,4089.000,40.00,0
4090.000,4090.000,40.00,0
4091.000,4091.000,40.00,0
4092.000,4092.000,40.00,0
4093.000,4093.000,40.00,0
4094.000,4094.000,40.00,0
4095.000,4095.000,40.00,0
4096.000,4096.000,40.00,0
4097.000,4097.000,40.00,0
4098.000,4098.000,40.00,0
4099.000,4099.000,40.00,2
4101.000,4101.000,40.00,0
4102.000,4102.000,40.00,2
4103.000,4103.000,40.00,0
4104.000,4104.000,40.00,2
4105.000,4105.000,40.00,0
4106.000,4106.000,40.00,0
4107.000,4107.000,40.00,0
4108.000,4108.000,40.00,0
4109.000,4109.000,40.00,17
4110.000,4110.000,40.00,0
4111.000,4111.000,40.00,0
4112.000,4112.000,40.00,0
4114.000,4114.000,40.00,0
4115.000,4115.000,40.00,0
4116.000,4116.000,40.00,0
4117.000,4117.000,40.00,0
4118.000,4118.000,40.00,0
4119.000,4119.000,40.00,0
4120.000,4120.000,40.00,0
4121.000,4121.000,40.00,2
4122.000,4122.000,40.00,0
4123.000,4123.000,40.00,2
4124.000,4124.000,40.00,0
4125.000,4125.000,40.00,2
4126.000,4126.000,40.00,0
4127.000,4127.000,40.00,0
4129.000,4129.000,40.00,0
4130.000,4130.000,40.00,0
4131.000,4131.000,40.00,35090
4132.000,4132.000,40.00,0
4133.000,4133.000,40.00,0
4134.000,4134.000,40.00,0
4135.000,4135.000,40.00,0
4136.000,4136.000,40.00,0
4137.000,4137.000,40.00,0
4138.000,4138.000,40.00,0
4139.000,4139.000,40.00,0
4140.000,4140.000,40.00,0
4142.000,4142.000,40.00,2
4143.000,4143.000,40.00,0
4144.000,4144.000,40.00,2
4145.000,4145.000,40.00,0
4146.000,4146.000,40.00,14
4147.000,4147.000,40.00,0
4148.000,4148.000,40.00,0
4149.000,4149.000,40.00,0
4150.000,4150.000,40.00,0
4151.000,4151.000,40.00,0
4152.000,4152.000,40.00,0
4153.000,4153.000,40.00,0
4154.000,4154.000,40.00,0
4156.000,4156.000,40.00,0
4157.000,4157.000,40.00,0
4158.000,4158.000,40.00,0
4159.000,4159.000,40.00,0
4160.000,4160.000,40.00,0
4161.000,4161.000,40.00,0
4162.000,4162.000,40.00,0
4163.000,4163.000,40.00,2
4164.000,4164.000,40.00,0
4165.000,4165.000,40.00,2
4166.000,4166.000,40.00,0
4167.000,4167.000,40.00,2
4168.000,4168.000,40.00,0
4170.000,4170.000,40.00,26
4171.000,4171.000,40.00,0
4172.000,4172.000,40.00,0
4173.000,4173.000,40.00,0
4174.000,4174.000,40.00,0
4175.000,4175.000,40.00,0
4176.000,4176.000,40.00,29027
4177.000,4177.000,40.00,0
4178.000,4178.000,40.00,0
4179.000,4179.000,40.00,0
4180.000,4180.000,40.00,0
4181.000,4181.000,40.00,0
4182.000,4182.000,40.00,0
4183.000,4183.000,40.00,2
4185.000,4185.000,40.00,1
4186.000,4186.000,40.00,2
4187.000,4187.000,40.00,0
4188.000,4188.000,40.00,2
4189.000,4189.000,40.00,0
4190.000,4190.000,40.00,0
4191.000,4191.000,40.00,0
4192.000,4192.000,40.00,0
4193.000,4193.000,40.00,0
4194.000,4194.000,40.00,0
4195.000,4195.000,40.00,0
4196.000,4196.000,40.00,0
4197.000,4197.000,40.00,0
4198.000,4198.000,40.00,0
4200.000,4200.000,40.00,0
4201.000,4201.000,40.00,0
4202.000,4202.000,40.00,0
4203.000,4203.000,40.00,0
4204.000,4204.000,40.00,0
4205.000,4205.000,40.00,2
4206.000,4206.000,40.00,0
4207.000,4207.000,40.00,2
4208.000,4208.000,40.00,0
4209.000,4209.000,40.00,2
4210.000,4210.000,40.00,0
4211.000,4211.000,40.00,0
4212.000,4212.000,40.00,0
4213.000,4213.000,40.00,0
4215.000,4215.000,40.00,0
4216.000,4216.000,40.00,0
4217.000,4217.000,40.00,0
4218.000,4218.000,40.00,0
4219.000,4219.000,40.00,0
4220.000,4220.000,40.00,0
4221.000,4221.000,40.00,0
4222.000,4222.000,40.00,31637
4223.000,4223.000,40.00,0
4224.000,4224.000,40.00,0
4225.000,4225.000,40.00,0
4226.000,4226.000,40.00,2
4227.000,4227.000,40.00,0
4229.000,4229.000,40.00,0
4230.000,4230.000,40.00,18
4231.000,4231.000,40.00,0
4232.000,4232.000,40.00,0
4233.000,4233.000,40.00,0
4234.000,4234.000,40.00,0
4235.000,4235.000,40.00,0
4236.000,4236.000,40.00,0
4237.000,4237.000,40.00,0
4238.000,4238.000,40.00,0
4239.000,4239.000,40.00,0
4240.000,4240.000,40.00,0
4241.000,4241.000,40.00,0
4243.000,4243.000,40.00,0
4244.000,4244.000,40.00,0
4245.000,4245.000,40.00,0
4246.000,4246.000,40.00,0
4247.000,4247.000,40.00,2
4248.000,4248.000,40.00,0
4249.000,4249.000,40.00,2
4250.000,4250.000,40.00,0
4251.000,4251.000,40.00,2
4252.000,4252.000,40.00,0
4253.000,4253.000,40.00,0
4254.000,4254.000,40.00,0
4255.000,4255.000,40.00,0
4257.000,4257.000,40.00,0
4258.000,4258.000,40.00,0
4259.000,4259.000,40.00,0
4260.000,4260.000,40.00,0
4261.000,4261.000,40.00,0
4262.000,4262.000,40.00,0
4263.000,4263.000,40.00,0
4264.000,4264.000,40.00,0
4265.000,4265.000,40.00,0
4266.000,4266.000,40.00,0
4267.000,4267.000,40.00,35987
4268.000,4268.000,40.00,2
4269.000,4269.000,40.00,0
4271.000,4271.000,40.00,0
4272.000,4272.000,40.00,2
4273.000,4273.000,40.00,0
4274.000,4274.000,40.00,0
4275.000,4275.000,40.00,0
4276.000,4276.000,40.00,0
4277.000,4277.000,40.00,0
4278.000,4278.000,40.00,0
4279.000,4279.000,40.00,0
4280.000,4280.000,40.00,0
4281.000,4281.000,40.00,0
4282.000,4282.000,40.00,0
4283.000,4283.000,40.00,0
4285.000,4285.000,40.00,0
4286.000,4286.000,40.00,0
4287.000,4287.000,40.00,0
4288.000,4288.000,40.00,0
4289.000,4289.000,40.00,2
4290.000,4290.000,40.00,15
4291.000,4291.000,40.00,2
4292.000,4292.000,40.00,0
4293.000,4293.000,40.00,2
4294.000,4294.000,40.00,0
4295.000,4295.000,40.00,0
4296.000,4296.000,40.00,0
4297.000,4297.000,40.00,0
4299.000,4299.000,40.00,0
4300.000,4300.000,40.00,0
4301.000,4301.000,40.00,0
4302.000,4302.000,40.00,0
4303.000,4303.000,40.00,0
4304.000,4304.000,40.00,0
4305.000,4305.000,40.00,0
4306.000,4306.000,40.00,0
4307.000,4307.000,40.00,0
4308.000,4308.000,40.00,0
4309.000,4309.000,40.00,0
4310.000,4310.000,40.00,2
4312.000,4312.000,40.00,2
4313.000,4313.000,40.00,32126
4314.000,4314.000,40.00,2
4315.000,4315.000,40.00,0
4316.000,4316.000,40.00,0
4317.000,4317.000,40.00,0
4318.000,4318.000,40.00,0
4319.000,4319.000,40.00,0
4320.000,4320.000,40.00,0
4321.000,4321.000,40.00,0
4322.000,4322.000,40.00,0
4323.000,4323.000,40.00,0
4325.000,4325.000,40.00,0
4326.000,4326.000,40.00,0
4327.000,4327.000,40.00,0
4328.000,4328.000,40.00,0
4329.000,4329.000,40.00,0
4330.000,4330.000,40.00,0
4331.000,4331.000,40.00,2
4332.000,4332.000,40.00,0
4333.000,4333.000,40.00,2
4334.000,4334.000,40.00,0
4335.000,4335.000,40.00,2
4336.000,4336.000,40.00,0
4337.000,4337.000,40.00,0
4339.000,4339.000,40.00,0
4340.000,4340.000,40.00,0
4341.000,4341.000,40.00,0
4342.000,4342.000,40.00,0
4343.000,4343.000,40.00,0
4344.000,4344.000,40.00,0
4345.000,4345.000,40.00,0
4346.000,4346.000,40.00,0
4347.000,4347.000,40.00,0
4348.000,4348.000,40.00,0
4349.000,4349.000,40.00,15
4350.000,4350.000,40.00,0
4352.000,4352.000,40.00,0
4353.000,4353.000,40.00,0
4354.000,4354.000,40.00,2
4355.000,4355.000,40.00,0
4356.000,4356.000,40.00,2
4357.000,4357.000,40.00,0
4358.000,4358.000,40.00,30785
4359.000,4359.000,40.00,0
4360.000,4360.000,40.00,0
4361.000,4361.000,40.00,0
4362.000,4362.000,40.00,0
4363.000,4363.000,40.00,0
4365.000,4365.000,40.00,0
4366.000,4366.000,40.00,0
4367.000,4367.000,40.00,0
4368.000,4368.000,40.00,0
4369.000,4369.000,40.00,0
4370.000,4370.000,40.00,0
4371.000,4371.000,40.00,0
4372.000,4372.000,40.00,0
4373.000,4373.000,40.00,2
4374.000,4374.000,40.00,0
4375.000,4375.000,40.00,2
4376.000,4376.000,40.00,0
4377.000,4377.000,40.00,2
4379.000,4379.000,40.00,0
4380.000,4380.000,40.00,0
4381.000,4381.000,40.00,0
4382.000,4382.000,40.00,0
4383.000,4383.000,40.00,0
4384.000,4384.000,40.00,0
4385.000,4385.000,40.00,0
4386.000,4386.000,40.00,0
4387.000,4387.000,40.00,0
4388.000,4388.000,40.00,0
4389.000,4389.000,40.00,0
4390.000,4390.000,40.00,0
4391.000,4391.000,40.00,0
4392.000,4392.000,40.00,0
4394.000,4394.000,40.00,0
4395.000,4395.000,40.00,0
4396.000,4396.000,40.00,2
4397.000,4397.000,40.00,0
4398.000,4398.000,40.00,2
4399.000,4399.000,40.00,0
4400.000,4400.000,40.00,0
4401.000,4401.000,40.00,0
4402.000,4402.000,40.00,0
4403.000,4403.000,40.00,12942
4404.000,4404.000,40.00,13185
4405.000,4405.000,40.00,0
4407.000,4407.000,40.00,0
4408.000,4408.000,40.00,0
4409.000,4409.000,40.00,0
4410.000,4410.000,40.00,15
4411.000,4411.000,40.00,0
4412.000,4412.000,40.00,0
4413.000,4413.000,40.00,0
4414.000,4414.000,40.00,0
4415.000,4415.000,40.00,2
4416.000,4416.000,40.00,0
4417.000,4417.000,40.00,2
4418.000,4418.000,40.00,0
4419.000,4419.000,40.00,2
4421.000,4421.000,40.00,0
4422.000,4422.000,40.00,0
4423.000,4423.000,40.00,0
4424.000,4424.000,40.00,0
4425.000,4425.000,40.00,0
4426.000,4426.000,40.00,0
4427.000,4427.000,40.00,0
4428.000,4428.000,40.00,0
4429.000,4429.000,40.00,0
4430.000,4430.000,40.00,0
4431.000,4431.000,40.00,0
4432.000,4432.000,40.00,0
4433.000,4433.000,40.00,0
4435.000,4435.000,40.00,0
4436.000,4436.000,40.00,2
4437.000,4437.000,40.00,0
4438.000,4438.000,40.00,2
4439.000,4439.000,40.00,0
4440.000,4440.000,40.00,2
4441.000,4441.000,40.00,0
4442.000,4442.000,40.00,0
4443.000,4443.000,40.00,0
4444.000,4444.000,40.00,0
4445.000,4445.000,40.00,0
4446.000,4446.000,40.00,0
4448.000,4448.000,40.00,0
4449.000,4449.000,40.00,5289
4450.000,4450.000,40.00,22831
4451.000,4451.000,40.00,0
4452.000,4452.000,40.00,0
4453.000,4453.000,40.00,0
4454.000,4454.000,40.00,0
4455.000,4455.000,40.00,0
4456.000,4456.000,40.00,0
4457.000,4457.000,40.00,2
4458.000,4458.000,40.00,0
4459.000,4459.000,40.00,2
4461.000,4461.000,40.00,0
4462.000,4462.000,40.00,2
4463.000,4463.000,40.00,0
4464.000,4464.000,40.00,0
4465.000,4465.000,40.00,0
4466.000,4466.000,40.00,0
4467.000,4467.000,40.00,0
4468.000,4468.000,40.00,0
4469.000,4469.000,40.00,1
4470.000,4470.000,40.00,0
4471.000,4471.000,40.00,1
4472.000,4472.000,40.00,0
4474.000,4474.000,40.00,0
4475.000,4475.000,40.00,0
4476.000,4476.000,40.00,0
4477.000,4477.000,40.00,0
4478.000,4478.000,40.00,2
4479.000,4479.000,40.00,11
4480.000,4480.000,40.00,2
4481.000,4481.000,40.00,0
4482.000,4482.000,40.00,2
4483.000,4483.000,40.00,0
4484.000,4484.000,40.00,0
4485.000,4485.000,40.00,0
4486.000,4486.000,40.00,0
4488.000,4488.000,40.00,0
4489.000,4489.000,40.00,0
4490.000,4490.000,40.00,0
4491.000,4491.000,40.00,0
4492.000,4492.000,40.00,0
4493.000,4493.000,40.00,0
4494.000,4494.000,40.00,0
4495.000,4495.000,40.00,24305
4496.000,4496.000,40.00,0
4497.000,4497.000,40.00,0
4498.000,4498.000,40.00,0
4499.000,4499.000,40.00,2
4500.000,4500.000,40.00,0
4502.000,4502.000,40.00,2
4503.000,4503.000,40.00,2
4504.000,4504.000,40.00,0
4505.000,4505.000,40.00,0
4506.000,4506.000,40.00,0
4507.000,4507.000,40.00,0
4508.000,4508.000,40.00,0
4509.000,4509.000,40.00,0
4510.000,4510.000,40.00,0
4511.000,4511.000,40.00,0
4512.000,4512.000,40.00,0
4513.000,4513.000,40.00,0
4514.000,4514.000,40.00,0
4516.000,4516.000,40.00,0
4517.000,4517.000,40.00,0
4518.000,4518.000,40.00,0
4519.000,4519.000,40.00,0
4520.000,4520.000,40.00,2
4521.000,4521.000,40.00,0
4522.000,4522.000,40.00,2
4523.000,4523.000,40.00,0
4524.000,4524.000,40.00,2
4525.000,4525.000,40.00,0
4526.000,4526.000,40.00,0
4527.000,4527.000,40.00,0
4529.000,4529.000,40.00,0
4530.000,4530.000,40.00,15
4531.000,4531.000,40.00,0
4532.000,4532.000,40.00,0
4533.000,4533.000,40.00,0
4534.000,4534.000,40.00,0
4535.000,4535.000,40.00,0
4536.000,4536.000,40.00,0
4537.000,4537.000,40.00,0
4538.000,4538.000,40.00,0
4539.000,4539.000,40.00,5
4540.000,4540.000,40.00,30273
4542.000,4542.000,40.00,2
4543.000,4543.000,40.00,0
4544.000,4544.000,40.00,0
4545.000,4545.000,40.00,4
4546.000,4546.000,40.00,0
4547.000,4547.000,40.00,0
4548.000,4548.000,40.00,0
4549.000,4549.000,40.00,0
4550.000,4550.000,40.00,0
4551.000,4551.000,40.00,0
4552.000,4552.000,40.00,0
4553.000,4553.000,40.00,0
4554.000,4554.000,40.00,0
4556.000,4556.000,40.00,0
4557.000,4557.000,40.00,0
4558.000,4558.000,40.00,0
4559.000,4559.000,40.00,0
4560.000,4560.000,40.00,0
4561.000,4561.000,40.00,0
4562.000,4562.000,40.00,2
4563.000,4563.000,40.00,0
4564.000,4564.000,40.00,2
4565.000,4565.000,40.00,0
4566.000,4566.000,40.00,2
4567.000,4567.000,40.00,0
4569.000,4569.000,40.00,0
4570.000,4570.000,40.00,0
4571.000,4571.000,40.00,0
4572.000,4572.000,40.00,0
4573.000,4573.000,40.00,0
4574.000,4574.000,40.00,0
4575.000,4575.000,40.00,0
4576.000,4576.000,40.00,0
4577.000,4577.000,40.00,0
4578.000,4578.000,40.00,0
4579.000,4579.000,40.00,0
4580.000,4580.000,40.00,0
4582.000,4582.000,40.00,0
4583.000,4583.000,40.00,0
4584.000,4584.000,40.00,2
4585.000,4585.000,40.00,2
4586.000,4586.000,40.00,26725
4587.000,4587.000,40.00,2
4588.000,4588.000,40.00,0
4589.000,4589.000,40.00,0
4590.000,4590.000,40.00,15
4591.000,4591.000,40.00,0
4592.000,4592.000,40.00,0
4593.000,4593.000,40.00,0
4594.000,4594.000,40.00,0
4596.000,4596.000,40.00,0
4597.000,4597.000,40.00,0
4598.000,4598.000,40.00,0
4599.000,4599.000,40.00,0
4600.000,4600.000,40.00,0
4601.000,4601.000,40.00,0
4602.000,4602.000,40.00,0
4603.000,4603.000,40.00,0
4604.000,4604.000,40.00,2
4605.000,4605.000,40.00,0
4606.000,4606.000,40.00,2
4607.000,4607.000,40.00,0
4608.000,4608.000,40.00,2
4610.000,4610.000,40.00,0
4611.000,4611.000,40.00,0
4612.000,4612.000,40.00,0
4613.000,4613.000,40.00,0
4614.000,4614.000,40.00,18
4615.000,4615.000,40.00,42
4616.000,4616.000,40.00,0
4617.000,4617.000,40.00,0
4618.000,4618.000,40.00,0
4619.000,4619.000,40.00,0
4620.000,4620.000,40.00,0
4621.000,4621.000,40.00,0
4623.000,4623.000,40.00,0
4624.000,4624.000,40.00,0
4625.000,4625.000,40.00,0
4626.000,4626.000,40.00,0
4627.000,4627.000,40.00,2
4628.000,4628.000,40.00,0
4629.000,4629.000,40.00,2
4630.000,4630.000,40.00,0
4631.000,4631.000,40.00,25794
4632.000,4632.000,40.00,0
4633.000,4633.000,40.00,0
4634.000,4634.000,40.00,0
4635.000,4635.000,40.00,0
4636.000,4636.000,40.00,0
4638.000,4638.000,40.00,0
4639.000,4639.000,40.00,0
4640.000,4640.000,40.00,0
4641.000,4641.000,40.00,0
4642.000,4642.000,40.00,0
4643.000,4643.000,40.00,0
4644.000,4644.000,40.00,0
4645.000,4645.000,40.00,0
4646.000,4646.000,40.00,2
4647.000,4647.000,40.00,0
4648.000,4648.000,40.00,2
4649.000,4649.000,40.00,15
4651.000,4651.000,40.00,2
4652.000,4652.000,40.00,0
4653.000,4653.000,40.00,0
4654.000,4654.000,40.00,0
4655.000,4655.000,40.00,0
4656.000,4656.000,40.00,0
4657.000,4657.000,40.00,0
4658.000,4658.000,40.00,0
4659.000,4659.000,40.00,0
4660.000,4660.000,40.00,0
4661.000,4661.000,40.00,0
4662.000,4662.000,40.00,0
4663.000,4663.000,40.00,0
4665.000,4665.000,40.00,0
4666.000,4666.000,40.00,0
4667.000,4667.000,40.00,2
4668.000,4668.000,40.00,0
4669.000,4669.000,40.00,2
4670.000,4670.000,40.00,0
4671.000,4671.000,40.00,2
4672.000,4672.000,40.00,0
4673.000,4673.000,40.00,0
4674.000,4674.000,40.00,0
4675.000,4675.000,40.00,0
4676.000,4676.000,40.00,33490
4677.000,4677.000,40.00,0
4679.000,4679.000,40.00,0
4680.000,4680.000,40.00,0
4681.000,4681.000,40.00,0
4682.000,4682.000,40.00,0
4683.000,4683.000,40.00,0
4684.000,4684.000,40.00,0
4685.000,4685.000,40.00,0
4686.000,4686.000,40.00,0
4687.000,4687.000,40.00,0
4688.000,4688.000,40.00,2
4689.000,4689.000,40.00,0
4690.000,4690.000,40.00,2
4692.000,4692.000,40.00,0
4693.000,4693.000,40.00,2
4694.000,4694.000,40.00,0
4695.000,4695.000,40.00,0
4696.000,4696.000,40.00,0
4697.000,4697.000,40.00,0
4698.000,4698.000,40.00,0
4699.000,4699.000,40.00,0
4700.000,4700.000,40.00,0
4701.000,4701.000,40.00,0
4702.000,4702.000,40.00,0
4703.000,4703.000,40.00,0
4704.000,4704.000,40.00,0
4705.000,4705.000,40.00,0
4707.000,4707.000,40.00,0
4708.000,4708.000,40.00,0
4709.000,4709.000,40.00,2
4710.000,4710.000,40.00,15
4711.000,4711.000,40.00,2
4712.000,4712.000,40.00,0
4713.000,4713.000,40.00,2
4714.000,4714.000,40.00,0
4715.000,4715.000,40.00,0
4716.000,4716.000,40.00,0
4717.000,4717.000,40.00,0
4718.000,4718.000,40.00,0
4720.000,4720.000,40.00,0
4721.000,4721.000,40.00,0
4722.000,4722.000,40.00,36592
4723.000,4723.000,40.00,0
4724.000,4724.000,40.00,0
4725.000,4725.000,40.00,0
4726.000,4726.000,40.00,0
4727.000,4727.000,40.00,0
4728.000,4728.000,40.00,0
4729.000,4729.000,40.00,0
4730.000,4730.000,40.00,2
4731.000,4731.000,40.00,0
4733.000,4733.000,40.00,2
4734.000,4734.000,40.00,0
4735.000,4735.000,40.00,2
4736.000,4736.000,40.00,0
4737.000,4737.000,40.00,0
4738.000,4738.000,40.00,0
4739.000,4739.000,40.00,0
4740.000,4740.000,40.00,0
4741.000,4741.000,40.00,0
4742.000,4742.000,40.00,0
4743.000,4743.000,40.00,0
4744.000,4744.000,40.00,0
4745.000,4745.000,40.00,0
4747.000,4747.000,40.00,0
4748.000,4748.000,40.00,0
4749.000,4749.000,40.00,0
4750.000,4750.000,40.00,0
4751.000,4751.000,40.00,2
4752.000,4752.000,40.00,0
4753.000,4753.000,40.00,2
4754.000,4754.000,40.00,0
4755.000,4755.000,40.00,2
4756.000,4756.000,40.00,0
4757.000,4757.000,40.00,0
4758.000,4758.000,40.00,0
4760.000,4760.000,40.00,0
4761.000,4761.000,40.00,0
4762.000,4762.000,40.00,0
4763.000,4763.000,40.00,0
4764.000,4764.000,40.00,0
4765.000,4765.000,40.00,0
4766.000,4766.000,40.00,0
4767.000,4767.000,40.00,31191
4768.000,4768.000,40.00,0
4769.000,4769.000,40.00,0
4770.000,4770.000,40.00,0
4771.000,4771.000,40.00,0
4772.000,4772.000,40.00,2
4774.000,4774.000,40.00,0
4775.000,4775.000,40.00,2
4776.000,4776.000,40.00,0
4777.000,4777.000,40.00,0
4778.000,4778.000,40.00,0
4779.000,4779.000,40.00,0
4780.000,4780.000,40.00,0
4781.000,4781.000,40.00,0
4782.000,4782.000,40.00,0
4783.000,4783.000,40.00,0
4784.000,4784.000,40.00,0
4785.000,4785.000,40.00,0
4786.000,4786.000,40.00,0
4788.000,4788.000,40.00,0
4789.000,4789.000,40.00,11
4790.000,4790.000,40.00,0
4791.000,4791.000,40.00,0
4792.000,4792.000,40.00,0
4793.000,4793.000,40.00,2
4794.000,4794.000,40.00,0
4795.000,4795.000,40.00,2
4796.000,4796.000,40.00,0
4797.000,4797.000,40.00,2
4798.000,4798.000,40.00,0
4799.000,4799.000,40.00,0
4800.000,4800.000,40.00,0
4802.000,4802.000,40.00,0
4803.000,4803.000,40.00,0
4804.000,4804.000,40.00,0
4805.000,4805.000,40.00,0
4806.000,4806.000,40.00,0
4807.000,4807.000,40.00,0
4808.000,4808.000,40.00,0
4809.000,4809.000,40.00,0
4810.000,4810.000,40.00,0
4811.000,4811.000,40.00,0
4812.000,4812.000,40.00,32024
4813.000,4813.000,40.00,0
4815.000,4815.000,40.00,2
4816.000,4816.000,40.00,0
4817.000,4817.000,40.00,14
4818.000,4818.000,40.00,2
4819.000,4819.000,40.00,0
4820.000,4820.000,40.00,0
4821.000,4821.000,40.00,0
4822.000,4822.000,40.00,0
4823.000,4823.000,40.00,0
4824.000,4824.000,40.00,0
4825.000,4825.000,40.00,0
4826.000,4826.000,40.00,0
4828.000,4828.000,40.00,0
4829.000,4829.000,40.00,0
4830.000,4830.000,40.00,15
4831.000,4831.000,40.00,0
4832.000,4832.000,40.00,0
4833.000,4833.000,40.00,0
4834.000,4834.000,40.00,0
4835.000,4835.000,40.00,2
4836.000,4836.000,40.00,0
4837.000,4837.000,40.00,2
4838.000,4838.000,40.00,0
4839.000,4839.000,40.00,2
4841.000,4841.000,40.00,0
4842.000,4842.000,40.00,0
4843.000,4843.000,40.00,0
4844.000,4844.000,40.00,0
4845.000,4845.000,40.00,0
4846.000,4846.000,40.00,0
4847.000,4847.000,40.00,0
4848.000,4848.000,40.00,0
4849.000,4849.000,40.00,0
4850.000,4850.000,40.00,0
4851.000,4851.000,40.00,0
4852.000,4852.000,40.00,0
4853.000,4853.000,40.00,0
4855.000,4855.000,40.00,1
4856.000,4856.000,40.00,0
4857.000,4857.000,40.00,2
4858.000,4858.000,40.00,31330
4859.000,4859.000,40.00,0
4860.000,4860.000,40.00,2
4861.000,4861.000,40.00,0
4862.000,4862.000,40.00,0
4863.000,4863.000,40.00,0
4864.000,4864.000,40.00,0
4865.000,4865.000,40.00,0
4866.000,4866.000,40.00,0
4868.000,4868.000,40.00,0
4869.000,4869.000,40.00,0
4870.000,4870.000,40.00,0
4871.000,4871.000,40.00,0
4872.000,4872.000,40.00,0
4873.000,4873.000,40.00,0
4874.000,4874.000,40.00,0
4875.000,4875.000,40.00,0
4876.000,4876.000,40.00,0
4877.000,4877.000,40.00,2
4878.000,4878.000,40.00,0
4879.000,4879.000,40.00,2
4880.000,4880.000,40.00,0
4882.000,4882.000,40.00,2
4883.000,4883.000,40.00,0
4884.000,4884.000,40.00,0
4885.000,4885.000,40.00,28
4886.000,4886.000,40.00,0
4887.000,4887.000,40.00,0
4888.000,4888.000,40.00,0
4889.000,4889.000,40.00,0
4890.000,4890.000,40.00,15
4891.000,4891.000,40.00,0
4892.000,4892.000,40.00,0
4893.000,4893.000,40.00,0
4895.000,4895.000,40.00,0
4896.000,4896.000,40.00,0
4897.000,4897.000,40.00,0
4898.000,4898.000,40.00,0
4899.000,4899.000,40.00,2
4900.000,4900.000,40.00,2
4901.000,4901.000,40.00,0
4902.000,4902.000,40.00,2
4903.000,4903.000,40.00,32048
4904.000,4904.000,40.00,0
4905.000,4905.000,40.00,0
4906.000,4906.000,40.00,0
4907.000,4907.000,40.00,0
4909.000,4909.000,40.00,0
4910.000,4910.000,40.00,0
4911.000,4911.000,40.00,0
4912.000,4912.000,40.00,0
4913.000,4913.000,40.00,0
4914.000,4914.000,40.00,0
4915.000,4915.000,40.00,0
4916.000,4916.000,40.00,0
4917.000,4917.000,40.00,0
4918.000,4918.000,40.00,0
4919.000,4919.000,40.00,2
4920.000,4920.000,40.00,0
4921.000,4921.000,40.00,2
4923.000,4923.000,40.00,0
4924.000,4924.000,40.00,2
4925.000,4925.000,40.00,0
4926.000,4926.000,40.00,0
4927.000,4927.000,40.00,0
4928.000,4928.000,40.00,0
4929.000,4929.000,40.00,0
4930.000,4930.000,40.00,0
4931.000,4931.000,40.00,0
4932.000,4932.000,40.00,0
4933.000,4933.000,40.00,0
4934.000,4934.000,40.00,0
4936.000,4936.000,40.00,0
4937.000,4937.000,40.00,0
4938.000,4938.000,40.00,0
4939.000,4939.000,40.00,0
4940.000,4940.000,40.00,0
4941.000,4941.000,40.00,0
4942.000,4942.000,40.00,2
4943.000,4943.000,40.00,0
4944.000,4944.000,40.00,2
4945.000,4945.000,40.00,0
4946.000,4946.000,40.00,0
4947.000,4947.000,40.00,0
4948.000,4948.000,40.00,31665
4950.000,4950.000,40.00,15
4951.000,4951.000,40.00,0
4952.000,4952.000,40.00,0
4953.000,4953.000,40.00,0
4954.000,4954.000,40.00,0
4955.000,4955.000,40.00,0
4956.000,4956.000,40.00,0
4957.000,4957.000,40.00,0
4958.000,4958.000,40.00,0
4959.000,4959.000,40.00,0
4960.000,4960.000,40.00,0
4961.000,4961.000,40.00,2
4962.000,4962.000,40.00,0
4964.000,4964.000,40.00,2
4965.000,4965.000,40.00,0
4966.000,4966.000,40.00,2
4967.000,4967.000,40.00,0
4968.000,4968.000,40.00,0
4969.000,4969.000,40.00,0
4970.000,4970.000,40.00,0
4971.000,4971.000,40.00,0
4972.000,4972.000,40.00,0
4973.000,4973.000,40.00,0
4974.000,4974.000,40.00,0
4975.000,4975.000,40.00,0
4976.000,4976.000,40.00,0
4978.000,4978.000,40.00,0
4979.000,4979.000,40.00,0
4980.000,4980.000,40.00,0
4981.000,4981.000,40.00,0
4982.000,4982.000,40.00,2
4983.000,4983.000,40.00,0
4984.000,4984.000,40.00,2
4985.000,4985.000,40.00,0
4986.000,4986.000,40.00,2
4987.000,4987.000,40.00,0
4988.000,4988.000,40.00,0
4989.000,4989.000,40.00,0
4991.000,4991.000,40.00,0
4992.000,4992.000,40.00,0
4993.000,4993.000,40.00,1
4994.000,4994.000,40.00,33893
4995.000,4995.000,40.00,0
4996.000,4996.000,40.00,0
4997.000,4997.000,40.00,0
4998.000,4998.000,40.00,0
4999.000,4999.000,40.00,0
5000.000,5000.000,40.00,0
5001.000,5001.000,40.00,0
5002.000,5002.000,40.00,0
5003.000,5003.000,40.00,2
5005.000,5005.000,40.00,0
5006.000,5006.000,40.00,2
5007.000,5007.000,40.00,0
5008.000,5008.000,40.00,2
5009.000,5009.000,40.00,0
5010.000,5010.000,40.00,15
5011.000,5011.000,40.00,0
5012.000,5012.000,40.00,0
5013.000,5013.000,40.00,0
5014.000,5014.000,40.00,0
5015.000,5015.000,40.00,0
5016.000,5016.000,40.00,0
5017.000,5017.000,40.00,0
5019.000,5019.000,40.00,0
5020.000,5020.000,40.00,0
5021.000,5021.000,40.00,0
5022.000,5022.000,40.00,0
5023.000,5023.000,40.00,0
5024.000,5024.000,40.00,2
5025.000,5025.000,40.00,0
5026.000,5026.000,40.00,2
5027.000,5027.000,40.00,0
5028.000,5028.000,40.00,2
5029.000,5029.000,40.00,0
5030.000,5030.000,40.00,0
5031.000,5031.000,40.00,0
5033.000,5033.000,40.00,0
5034.000,5034.000,40.00,0
5035.000,5035.000,40.00,0
5036.000,5036.000,40.00,0
5037.000,5037.000,40.00,0
5038.000,5038.000,40.00,0
5039.000,5039.000,40.00,6220
5040.000,5040.000,40.00,26927
5041.000,5041.000,40.00,0
5042.000,5042.000,40.00,0
5043.000,5043.000,40.00,0
5044.000,5044.000,40.00,0
5045.000,5045.000,40.00,2
5047.000,5047.000,40.00,0
5048.000,5048.000,40.00,2
5049.000,5049.000,40.00,0
5050.000,5050.000,40.00,2
5051.000,5051.000,40.00,0
5052.000,5052.000,40.00,0
5053.000,5053.000,40.00,0
5054.000,5054.000,40.00,0
5055.000,5055.000,40.00,0
5056.000,5056.000,40.00,0
5057.000,5057.000,40.00,0
5058.000,5058.000,40.00,0
5059.000,5059.000,40.00,0
5061.000,5061.000,40.00,0
5062.000,5062.000,40.00,0
5063.000,5063.000,40.00,0
5064.000,5064.000,40.00,0
5065.000,5065.000,40.00,0
5066.000,5066.000,40.00,2
5067.000,5067.000,40.00,0
5068.000,5068.000,40.00,2
5069.000,5069.000,40.00,0
5070.000,5070.000,40.00,18
5071.000,5071.000,40.00,0
5072.000,5072.000,40.00,0
5073.000,5073.000,40.00,0
5075.000,5075.000,40.00,0
5076.000,5076.000,40.00,0
5077.000,5077.000,40.00,0
5078.000,5078.000,40.00,0
5079.000,5079.000,40.00,0
5080.000,5080.000,40.00,0
5081.000,5081.000,40.00,0
5082.000,5082.000,40.00,0
5083.000,5083.000,40.00,0
5084.000,5084.000,40.00,0
5085.000,5085.000,40.00,33419
5086.000,5086.000,40.00,0
5088.000,5088.000,40.00,2
5089.000,5089.000,40.00,0
5090.000,5090.000,40.00,2
5091.000,5091.000,40.00,0
5092.000,5092.000,40.00,2
5093.000,5093.000,40.00,0
5094.000,5094.000,40.00,0
5095.000,5095.000,40.00,0
5096.000,5096.000,40.00,0
5097.000,5097.000,40.00,0
5098.000,5098.000,40.00,0
5099.000,5099.000,40.00,0
5101.000,5101.000,40.00,0
5102.000,5102.000,40.00,0
5103.000,5103.000,40.00,0
5104.000,5104.000,40.00,0
5105.000,5105.000,40.00,0
5106.000,5106.000,40.00,0
5107.000,5107.000,40.00,0
5108.000,5108.000,40.00,2
5109.000,5109.000,40.00,0
5110.000,5110.000,40.00,2
5111.000,5111.000,40.00,0
5112.000,5112.000,40.00,2
5114.000,5114.000,40.00,0
5115.000,5115.000,40.00,0
5116.000,5116.000,40.00,0
5117.000,5117.000,40.00,0
5118.000,5118.000,40.00,1
5119.000,5119.000,40.00,0
5120.000,5120.000,40.00,0
5121.000,5121.000,40.00,0
5122.000,5122.000,40.00,0
5123.000,5123.000,40.00,0
5124.000,5124.000,40.00,0
5125.000,5125.000,40.00,0
5126.000,5126.000,40.00,0
5128.000,5128.000,40.00,11
5129.000,5129.000,40.00,0
5130.000,5130.000,40.00,17
5131.000,5131.000,40.00,25354
5132.000,5132.000,40.00,6634
5133.000,5133.000,40.00,2
5134.000,5134.000,40.00,0
5135.000,5135.000,40.00,0
5136.000,5136.000,40.00,0
5137.000,5137.000,40.00,0
5138.000,5138.000,40.00,0
5139.000,5139.000,40.00,0
5141.000,5141.000,40.00,0
5142.000,5142.000,40.00,0
5143.000,5143.000,40.00,0
5144.000,5144.000,40.00,0
5145.000,5145.000,40.00,0
5146.000,5146.000,40.00,0
5147.000,5147.000,40.00,0
5148.000,5148.000,40.00,0
5149.000,5149.000,40.00,0
5150.000,5150.000,40.00,2
5151.000,5151.000,40.00,0
5152.000,5152.000,40.00,2
5154.000,5154.000,40.00,0
5155.000,5155.000,40.00,2
5156.000,5156.000,40.00,0
5157.000,5157.000,40.00,0
5158.000,5158.000,40.00,0
5159.000,5159.000,40.00,0
5160.000,5160.000,40.00,0
5161.000,5161.000,40.00,0
5162.000,5162.000,40.00,0
5163.000,5163.000,40.00,0
5164.000,5164.000,40.00,0
5165.000,5165.000,40.00,0
5166.000,5166.000,40.00,0
5168.000,5168.000,40.00,0
5169.000,5169.000,40.00,0
5170.000,5170.000,40.00,0
5171.000,5171.000,40.00,0
5172.000,5172.000,40.00,2
5173.000,5173.000,40.00,0
5174.000,5174.000,40.00,0
5175.000,5175.000,40.00,2
5176.000,5176.000,40.00,22387
5177.000,5177.000,40.00,0
5178.000,5178.000,40.00,0
5179.000,5179.000,40.00,0
5180.000,5180.000,40.00,0
5182.000,5182.000,40.00,0
5183.000,5183.000,40.00,0
5184.000,5184.000,40.00,0
5185.000,5185.000,40.00,11
5186.000,5186.000,40.00,0
5187.000,5187.000,40.00,0
5188.000,5188.000,40.00,0
5189.000,5189.000,40.00,0
5190.000,5190.000,40.00,15
5191.000,5191.000,40.00,0
5192.000,5192.000,40.00,3
5193.000,5193.000,40.00,0
5195.000,5195.000,40.00,2
5196.000,5196.000,40.00,0
5197.000,5197.000,40.00,2
5198.000,5198.000,40.00,0
5199.000,5199.000,40.00,0
5200.000,5200.000,40.00,0
5201.000,5201.000,40.00,0
5202.000,5202.000,40.00,0
5203.000,5203.000,40.00,0
5204.000,5204.000,40.00,0
5205.000,5205.000,40.00,0
5206.000,5206.000,40.00,0
5208.000,5208.000,40.00,0
5209.000,5209.000,40.00,0
5210.000,5210.000,40.00,0
5211.000,5211.000,40.00,0
5212.000,5212.000,40.00,0
5213.000,5213.000,40.00,0
5214.000,5214.000,40.00,2
5215.000,5215.000,40.00,2
5216.000,5216.000,40.00,0
5217.000,5217.000,40.00,2
5218.000,5218.000,40.00,0
5219.000,5219.000,40.00,0
5220.000,5220.000,40.00,0
5222.000,5222.000,40.00,22278
5223.000,5223.000,40.00,1316
5224.000,5224.000,40.00,0
5225.000,5225.000,40.00,0
5226.000,5226.000,40.00,0
5227.000,5227.000,40.00,0
5228.000,5228.000,40.00,0
5229.000,5229.000,40.00,0
5230.000,5230.000,40.00,0
5231.000,5231.000,40.00,0
5232.000,5232.000,40.00,0
5233.000,5233.000,40.00,0
5234.000,5234.000,40.00,2
5236.000,5236.000,40.00,0
5237.000,5237.000,40.00,81
5238.000,5238.000,40.00,0
5239.000,5239.000,40.00,2
5240.000,5240.000,40.00,0
5241.000,5241.000,40.00,0
5242.000,5242.000,40.00,0
5243.000,5243.000,40.00,0
5244.000,5244.000,40.00,0
5245.000,5245.000,40.00,0
5246.000,5246.000,40.00,0
5247.000,5247.000,40.00,0
5248.000,5248.000,40.00,0
5250.000,5250.000,40.00,17
5251.000,5251.000,40.00,0
5252.000,5252.000,40.00,0
5253.000,5253.000,40.00,0
5254.000,5254.000,40.00,0
5255.000,5255.000,40.00,0
5256.000,5256.000,40.00,2
5257.000,5257.000,40.00,2
5258.000,5258.000,40.00,0
5259.000,5259.000,40.00,2
5260.000,5260.000,40.00,0
5261.000,5261.000,40.00,0
5262.000,5262.000,40.00,0
5264.000,5264.000,40.00,0
5265.000,5265.000,40.00,0
5266.000,5266.000,40.00,0
5267.000,5267.000,40.00,11197
5268.000,5268.000,40.00,14673
5269.000,5269.000,40.00,0
5270.000,5270.000,40.00,0
5271.000,5271.000,40.00,0
5272.000,5272.000,40.00,0
5273.000,5273.000,40.00,0
5274.000,5274.000,40.00,0
5275.000,5275.000,40.00,0
5276.000,5276.000,40.00,2
5278.000,5278.000,40.00,0
5279.000,5279.000,40.00,2
5280.000,5280.000,40.00,0
5281.000,5281.000,40.00,2
5282.000,5282.000,40.00,0
5283.000,5283.000,40.00,0
5284.000,5284.000,40.00,0
5285.000,5285.000,40.00,0
5286.000,5286.000,40.00,0
5287.000,5287.000,40.00,0
5288.000,5288.000,40.00,0
5289.000,5289.000,40.00,0
5291.000,5291.000,40.00,0
5292.000,5292.000,40.00,0
5293.000,5293.000,40.00,0
5294.000,5294.000,40.00,0
5295.000,5295.000,40.00,0
5296.000,5296.000,40.00,0
5297.000,5297.000,40.00,0
5298.000,5298.000,40.00,0
5299.000,5299.000,40.00,2
5300.000,5300.000,40.00,0
5301.000,5301.000,40.00,2
5302.000,5302.000,40.00,0
5304.000,5304.000,40.00,0
5305.000,5305.000,40.00,0
5306.000,5306.000,40.00,0
5307.000,5307.000,40.00,0
5308.000,5308.000,40.00,0
5309.000,5309.000,40.00,0
5310.000,5310.000,40.00,51
5311.000,5311.000,40.00,0
5312.000,5312.000,40.00,5594
5313.000,5313.000,40.00,22966
5314.000,5314.000,40.00,0
5315.000,5315.000,40.00,0
5316.000,5316.000,40.00,0
5318.000,5318.000,40.00,0
5319.000,5319.000,40.00,2
5320.000,5320.000,40.00,0
5321.000,5321.000,40.00,2
5322.000,5322.000,40.00,0
5323.000,5323.000,40.00,2
5324.000,5324.000,40.00,0
5325.000,5325.000,40.00,0
5326.000,5326.000,40.00,0
5327.000,5327.000,40.00,0
5328.000,5328.000,40.00,0
5329.000,5329.000,40.00,0
5330.000,5330.000,40.00,0
5332.000,5332.000,40.00,0
5333.000,5333.000,40.00,0
5334.000,5334.000,40.00,0
5335.000,5335.000,40.00,0
5336.000,5336.000,40.00,0
5337.000,5337.000,40.00,0
5338.000,5338.000,40.00,0
5339.000,5339.000,40.00,2
5340.000,5340.000,40.00,0
5341.000,5341.000,40.00,2
5342.000,5342.000,40.00,0
5343.000,5343.000,40.00,2
5345.000,5345.000,40.00,0
5346.000,5346.000,40.00,0
5347.000,5347.000,40.00,0
5348.000,5348.000,40.00,0
5349.000,5349.000,40.00,0
5350.000,5350.000,40.00,0
5351.000,5351.000,40.00,0
5352.000,5352.000,40.00,0
5353.000,5353.000,40.00,0
5354.000,5354.000,40.00,0
5355.000,5355.000,40.00,0
5356.000,5356.000,40.00,0
5357.000,5357.000,40.00,16
5359.000,5359.000,40.00,31359
5360.000,5360.000,40.00,0
5361.000,5361.000,40.00,2
5362.000,5362.000,40.00,0
5363.000,5363.000,40.00,2
5364.000,5364.000,40.00,0
5365.000,5365.000,40.00,2
5366.000,5366.000,40.00,0
5367.000,5367.000,40.00,0
5368.000,5368.000,40.00,0
5369.000,5369.000,40.00,0
5370.000,5370.000,40.00,16
5371.000,5371.000,40.00,0
5373.000,5373.000,40.00,0
5374.000,5374.000,40.00,0
5375.000,5375.000,40.00,0
5376.000,5376.000,40.00,0
5377.000,5377.000,40.00,0
5378.000,5378.000,40.00,0
5379.000,5379.000,40.00,0
5380.000,5380.000,40.00,0
5381.000,5381.000,40.00,2
5382.000,5382.000,40.00,0
5383.000,5383.000,40.00,2
5384.000,5384.000,40.00,0
5386.000,5386.000,40.00,2
5387.000,5387.000,40.00,0
5388.000,5388.000,40.00,0
5389.000,5389.000,40.00,0
5390.000,5390.000,40.00,0
5391.000,5391.000,40.00,0
5392.000,5392.000,40.00,1
5393.000,5393.000,40.00,0
5394.000,5394.000,40.00,0
5395.000,5395.000,40.00,0
5396.000,5396.000,40.00,0
5397.000,5397.000,40.00,0
5398.000,5398.000,40.00,0
5400.000,5400.000,40.00,0
5401.000,5401.000,40.00,0
5402.000,5402.000,40.00,0
5403.000,5403.000,40.00,2
5404.000,5404.000,40.00,31354
5405.000,5405.000,40.00,2
5406.000,5406.000,40.00,0
5407.000,5407.000,40.00,2
5408.000,5408.000,40.00,0
5409.000,5409.000,40.00,0
5410.000,5410.000,40.00,0
5411.000,5411.000,40.00,0
5412.000,5412.000,40.00,0
5414.000,5414.000,40.00,0
5415.000,5415.000,40.00,0
5416.000,5416.000,40.00,0
5417.000,5417.000,40.00,0
5418.000,5418.000,40.00,0
5419.000,5419.000,40.00,0
5420.000,5420.000,40.00,0
5421.000,5421.000,40.00,0
5422.000,5422.000,40.00,0
5423.000,5423.000,40.00,2
5424.000,5424.000,40.00,0
5425.000,5425.000,40.00,2
5426.000,5426.000,40.00,0
5428.000,5428.000,40.00,2
5429.000,5429.000,40.00,0
5430.000,5430.000,40.00,15
5431.000,5431.000,40.00,2
5432.000,5432.000,40.00,1
5433.000,5433.000,40.00,0
5434.000,5434.000,40.00,0
5435.000,5435.000,40.00,0
5436.000,5436.000,40.00,0
5437.000,5437.000,40.00,0
5438.000,5438.000,40.00,0
5439.000,5439.000,40.00,0
5441.000,5441.000,40.00,0
5442.000,5442.000,40.00,0
5443.000,5443.000,40.00,0
5444.000,5444.000,40.00,44
5445.000,5445.000,40.00,2
5446.000,5446.000,40.00,0
5447.000,5447.000,40.00,2
5448.000,5448.000,40.00,0
5449.000,5449.000,40.00,28268
5450.000,5450.000,40.00,0
5451.000,5451.000,40.00,0
5452.000,5452.000,40.00,0
5453.000,5453.000,40.00,4
5455.000,5455.000,40.00,1
5456.000,5456.000,40.00,11
5457.000,5457.000,40.00,15
5458.000,5458.000,40.00,0
5459.000,5459.000,40.00,0
5460.000,5460.000,40.00,1
5461.000,5461.000,40.00,0
5462.000,5462.000,40.00,0
5463.000,5463.000,40.00,15
5464.000,5464.000,40.00,0
5465.000,5465.000,40.00,2
5466.000,5466.000,40.00,0
5467.000,5467.000,40.00,2
5469.000,5469.000,40.00,0
5470.000,5470.000,40.00,2
5471.000,5471.000,40.00,40
5472.000,5472.000,40.00,0
5473.000,5473.000,40.00,2
5474.000,5474.000,40.00,21
5475.000,5475.000,40.00,6
5476.000,5476.000,40.00,17
5477.000,5477.000,40.00,2
5478.000,5478.000,40.00,0
5479.000,5479.000,40.00,2
5480.000,5480.000,40.00,0
5481.000,5481.000,40.00,0
5483.000,5483.000,40.00,0
5484.000,5484.000,40.00,0
5485.000,5485.000,40.00,4
5486.000,5486.000,40.00,7
5487.000,5487.000,40.00,0
5488.000,5488.000,40.00,1
5489.000,5489.000,40.00,0
5490.000,5490.000,40.00,31
5491.000,5491.000,40.00,0
5492.000,5492.000,40.00,0
5493.000,5493.000,40.00,0
5494.000,5494.000,40.00,30186
5495.000,5495.000,40.00,0
5497.000,5497.000,40.00,2
5498.000,5498.000,40.00,0
5499.000,5499.000,40.00,2
5500.000,5500.000,40.00,0
5501.000,5501.000,40.00,2
5502.000,5502.000,40.00,0
5503.000,5503.000,40.00,0
5504.000,5504.000,40.00,0
5505.000,5505.000,40.00,0
5506.000,5506.000,40.00,0
5507.000,5507.000,40.00,0
5508.000,5508.000,40.00,0
5510.000,5510.000,40.00,0
5511.000,5511.000,40.00,0
5512.000,5512.000,40.00,0
5513.000,5513.000,40.00,0
5514.000,5514.000,40.00,0
5515.000,5515.000,40.00,0
5516.000,5516.000,40.00,0
5517.000,5517.000,40.00,2
5518.000,5518.000,40.00,0
5519.000,5519.000,40.00,2
5520.000,5520.000,40.00,0
5521.000,5521.000,40.00,2
5522.000,5522.000,40.00,0
5523.000,5523.000,40.00,15
5525.000,5525.000,40.00,0
5526.000,5526.000,40.00,0
5527.000,5527.000,40.00,0
5528.000,5528.000,40.00,0
5529.000,5529.000,40.00,0
5530.000,5530.000,40.00,0
5531.000,5531.000,40.00,0
5532.000,5532.000,40.00,0
5533.000,5533.000,40.00,0
5534.000,5534.000,40.00,0
5535.000,5535.000,40.00,0
5536.000,5536.000,40.00,0
5538.000,5538.000,40.00,0
5539.000,5539.000,40.00,2
5540.000,5540.000,40.00,36135
5541.000,5541.000,40.00,2
5542.000,5542.000,40.00,0
5543.000,5543.000,40.00,0
5544.000,5544.000,40.00,0
5545.000,5545.000,40.00,0
5546.000,5546.000,40.00,0
5547.000,5547.000,40.00,0
5548.000,5548.000,40.00,0
5549.000,5549.000,40.00,0
5550.000,5550.000,40.00,16
5552.000,5552.000,40.00,0
5553.000,5553.000,40.00,0
5554.000,5554.000,40.00,0
5555.000,5555.000,40.00,0
5556.000,5556.000,40.00,11
5557.000,5557.000,40.00,0
5558.000,5558.000,40.00,0
5559.000,5559.000,40.00,2
5560.000,5560.000,40.00,0
5561.000,5561.000,40.00,2
5562.000,5562.000,40.00,0
5563.000,5563.000,40.00,2
5564.000,5564.000,40.00,0
5566.000,5566.000,40.00,0
5567.000,5567.000,40.00,0
5568.000,5568.000,40.00,0
5569.000,5569.000,40.00,0
5570.000,5570.000,40.00,0
5571.000,5571.000,40.00,0
5572.000,5572.000,40.00,0
5573.000,5573.000,40.00,0
5574.000,5574.000,40.00,0
5575.000,5575.000,40.00,0
5576.000,5576.000,40.00,0
5577.000,5577.000,40.00,0
5579.000,5579.000,40.00,0
5580.000,5580.000,40.00,0
5581.000,5581.000,40.00,2
5582.000,5582.000,40.00,0
5583.000,5583.000,40.00,2
5584.000,5584.000,40.00,2
5585.000,5585.000,40.00,5967
5586.000,5586.000,40.00,0
5587.000,5587.000,40.00,0
5588.000,5588.000,40.00,0
5589.000,5589.000,40.00,0
5590.000,5590.000,40.00,0
5591.000,5591.000,40.00,0
5592.000,5592.000,40.00,0
5594.000,5594.000,40.00,0
5595.000,5595.000,40.00,0
5596.000,5596.000,40.00,0
5597.000,5597.000,40.00,0
5598.000,5598.000,40.00,0
5599.000,5599.000,40.00,0
5600.000,5600.000,40.00,0
5601.000,5601.000,40.00,2
5602.000,5602.000,40.00,0
5603.000,5603.000,40.00,2
5604.000,5604.000,40.00,0
5605.000,5605.000,40.00,2
5607.000,5607.000,40.00,0
5608.000,5608.000,40.00,0
5609.000,5609.000,40.00,0
5610.000,5610.000,40.00,15
5611.000,5611.000,40.00,0
5612.000,5612.000,40.00,0
5613.000,5613.000,40.00,0
5614.000,5614.000,40.00,0
5615.000,5615.000,40.00,0
5616.000,5616.000,40.00,0
5617.000,5617.000,40.00,0
5618.000,5618.000,40.00,0
5620.000,5620.000,40.00,0
5621.000,5621.000,40.00,0
5622.000,5622.000,40.00,0
5623.000,5623.000,40.00,2
5624.000,5624.000,40.00,0
5625.000,5625.000,40.00,0
5626.000,5626.000,40.00,2
5627.000,5627.000,40.00,0
5628.000,5628.000,40.00,0
5629.000,5629.000,40.00,0
5630.000,5630.000,40.00,20288
5631.000,5631.000,40.00,0
5633.000,5633.000,40.00,0
5634.000,5634.000,40.00,0
5635.000,5635.000,40.00,0
5636.000,5636.000,40.00,0
5637.000,5637.000,40.00,0
5638.000,5638.000,40.00,0
5639.000,5639.000,40.00,0
5640.000,5640.000,40.00,0
5641.000,5641.000,40.00,0
5642.000,5642.000,40.00,0
5643.000,5643.000,40.00,2
5644.000,5644.000,40.00,0
5645.000,5645.000,40.00,2
5647.000,5647.000,40.00,0
5648.000,5648.000,40.00,2
5649.000,5649.000,40.00,0
5650.000,5650.000,40.00,0
5651.000,5651.000,40.00,0
5652.000,5652.000,40.00,0
5653.000,5653.000,40.00,0
5654.000,5654.000,40.00,0
5655.000,5655.000,40.00,0
5656.000,5656.000,40.00,0
5657.000,5657.000,40.00,0
5658.000,5658.000,40.00,0
5660.000,5660.000,40.00,0
5661.000,5661.000,40.00,0
5662.000,5662.000,40.00,0
5663.000,5663.000,40.00,0
5664.000,5664.000,40.00,0
5665.000,5665.000,40.00,0
5666.000,5666.000,40.00,2
5667.000,5667.000,40.00,0
5668.000,5668.000,40.00,2
5669.000,5669.000,40.00,0
5670.000,5670.000,40.00,15
5671.000,5671.000,40.00,0
5673.000,5673.000,40.00,0
5674.000,5674.000,40.00,0
5675.000,5675.000,40.00,0
5676.000,5676.000,40.00,18472
5677.000,5677.000,40.00,0
5678.000,5678.000,40.00,0
5679.000,5679.000,40.00,0
5680.000,5680.000,40.00,0
5681.000,5681.000,40.00,0
5682.000,5682.000,40.00,0
5683.000,5683.000,40.00,0
5684.000,5684.000,40.00,0
5686.000,5686.000,40.00,2
5687.000,5687.000,40.00,0
5688.000,5688.000,40.00,2
5689.000,5689.000,40.00,0
5690.000,5690.000,40.00,2
5691.000,5691.000,40.00,0
5692.000,5692.000,40.00,0
5693.000,5693.000,40.00,0
5694.000,5694.000,40.00,0
5695.000,5695.000,40.00,0
5696.000,5696.000,40.00,0
5697.000,5697.000,40.00,0
5698.000,5698.000,40.00,0
5700.000,5700.000,40.00,0
5701.000,5701.000,40.00,0
5702.000,5702.000,40.00,0
5703.000,5703.000,40.00,0
5704.000,5704.000,40.00,0
5705.000,5705.000,40.00,0
5706.000,5706.000,40.00,2
5707.000,5707.000,40.00,0
5708.000,5708.000,40.00,2
5709.000,5709.000,40.00,0
5710.000,5710.000,40.00,3
5711.000,5711.000,40.00,0
5712.000,5712.000,40.00,0
5714.000,5714.000,40.00,0
5715.000,5715.000,40.00,0
5716.000,5716.000,40.00,0
5717.000,5717.000,40.00,0
5718.000,5718.000,40.00,0
5719.000,5719.000,40.00,0
5720.000,5720.000,40.00,0
5721.000,5721.000,40.00,2333
5722.000,5722.000,40.00,0
5723.000,5723.000,40.00,0
5724.000,5724.000,40.00,0
5725.000,5725.000,40.00,0
5726.000,5726.000,40.00,0
5728.000,5728.000,40.00,2
5729.000,5729.000,40.00,0
5730.000,5730.000,40.00,18
5731.000,5731.000,40.00,1
5732.000,5732.000,40.00,2
5733.000,5733.000,40.00,0
5734.000,5734.000,40.00,0
5735.000,5735.000,40.00,0
5736.000,5736.000,40.00,1
5737.000,5737.000,40.00,0
5738.000,5738.000,40.00,0
5739.000,5739.000,40.00,0
5740.000,5740.000,40.00,0
5742.000,5742.000,40.00,0
5743.000,5743.000,40.00,0
5744.000,5744.000,40.00,0
5745.000,5745.000,40.00,0
5746.000,5746.000,40.00,0
5747.000,5747.000,40.00,0
5748.000,5748.000,40.00,2
5749.000,5749.000,40.00,0
5750.000,5750.000,40.00,2
5751.000,5751.000,40.00,0
5752.000,5752.000,40.00,2
5753.000,5753.000,40.00,0
5754.000,5754.000,40.00,0
5756.000,5756.000,40.00,0
5757.000,5757.000,40.00,0
5758.000,5758.000,40.00,0
5759.000,5759.000,40.00,0
5760.000,5760.000,40.00,0
5761.000,5761.000,40.00,0
5762.000,5762.000,40.00,0
5763.000,5763.000,40.00,34
5764.000,5764.000,40.00,26
5765.000,5765.000,40.00,0
5766.000,5766.000,40.00,1685
5767.000,5767.000,40.00,0
5768.000,5768.000,40.00,0
5770.000,5770.000,40.00,2
5771.000,5771.000,40.00,0
5772.000,5772.000,40.00,2
5773.000,5773.000,40.00,0
5774.000,5774.000,40.00,2
5775.000,5775.000,40.00,0
5776.000,5776.000,40.00,0
5777.000,5777.000,40.00,0
5778.000,5778.000,40.00,0
5779.000,5779.000,40.00,0
5780.000,5780.000,40.00,0
5781.000,5781.000,40.00,0
5782.000,5782.000,40.00,0
5784.000,5784.000,40.00,0
5785.000,5785.000,40.00,0
5786.000,5786.000,40.00,0
5787.000,5787.000,40.00,0
5788.000,5788.000,40.00,0
5789.000,5789.000,40.00,0
5790.000,5790.000,40.00,15
5791.000,5791.000,40.00,0
5792.000,5792.000,40.00,2
5793.000,5793.000,40.00,0
5794.000,5794.000,40.00,2
5795.000,5795.000,40.00,0
5796.000,5796.000,40.00,0
5798.000,5798.000,40.00,0
5799.000,5799.000,40.00,0
5800.000,5800.000,40.00,0
5801.000,5801.000,40.00,0
5802.000,5802.000,40.00,0
5803.000,5803.000,40.00,0
5804.000,5804.000,40.00,0
5805.000,5805.000,40.00,0
5806.000,5806.000,40.00,0
5807.000,5807.000,40.00,0
5808.000,5808.000,40.00,0
5809.000,5809.000,40.00,0
5811.000,5811.000,40.00,7
5812.000,5812.000,40.00,2
5813.000,5813.000,40.00,0
5814.000,5814.000,40.00,2
5815.000,5815.000,40.00,0
5816.000,5816.000,40.00,2
5817.000,5817.000,40.00,0
5818.000,5818.000,40.00,0
5819.000,5819.000,40.00,0
5820.000,5820.000,40.00,0
5820.000,5820.000,40.00,0
5821.000,5821.000,40.00,0
5822.000,5822.000,40.00,0
5824.000,5824.000,40.00,5
5825.000,5825.000,40.00,4
5826.000,5826.000,40.00,2
5827.000,5827.000,40.00,4
5828.000,5828.000,40.00,34
5829.000,5829.000,40.00,700
5830.000,5830.000,40.00,0
5831.000,5831.000,40.00,0
5832.000,5832.000,40.00,2
5833.000,5833.000,40.00,0
5835.000,5835.000,40.00,2
5836.000,5836.000,40.00,0
5837.000,5837.000,40.00,2
5838.000,5838.000,40.00,0
5839.000,5839.000,40.00,0
5840.000,5840.000,40.00,0
5841.000,5841.000,40.00,0
5842.000,5842.000,40.00,0
5843.000,5843.000,40.00,0
5844.000,5844.000,40.00,0
5846.000,5846.000,40.00,0
5847.000,5847.000,40.00,0
5848.000,5848.000,40.00,0
5849.000,5849.000,40.00,0
5850.000,5850.000,40.00,2
5851.000,5851.000,40.00,0
5852.000,5852.000,40.00,0
5853.000,5853.000,40.00,2
5854.000,5854.000,40.00,0
5856.000,5856.000,40.00,2
5857.000,5857.000,40.00,0
5858.000,5858.000,40.00,2
5859.000,5859.000,40.00,0
5860.000,5860.000,40.00,0
5861.000,5861.000,40.00,0
5862.000,5862.000,40.00,0
5863.000,5863.000,40.00,11
5864.000,5864.000,40.00,0
5865.000,5865.000,40.00,0
5867.000,5867.000,40.00,0
5868.000,5868.000,40.00,0
5869.000,5869.000,40.00,0
5870.000,5870.000,40.00,0
5871.000,5871.000,40.00,0
5872.000,5872.000,40.00,0
5873.000,5873.000,40.00,0
5874.000,5874.000,40.00,2
5875.000,5875.000,40.00,0
5877.000,5877.000,40.00,14
5878.000,5878.000,40.00,9
5879.000,5879.000,40.00,7
5880.000,5880.000,40.00,0
5881.000,5881.000,40.00,0
5882.000,5882.000,40.00,0
5883.000,5883.000,40.00,0
5884.000,5884.000,40.00,0
5885.000,5885.000,40.00,0
5887.000,5887.000,40.00,0
5888.000,5888.000,40.00,0
5889.000,5889.000,40.00,1
5890.000,5890.000,40.00,0
5891.000,5891.000,40.00,0
5892.000,5892.000,40.00,1
5893.000,5893.000,40.00,0
5894.000,5894.000,40.00,0
5895.000,5895.000,40.00,2
5897.000,5897.000,40.00,0
5898.000,5898.000,40.00,2
5899.000,5899.000,40.00,0
5900.000,5900.000,40.00,2
5901.000,5901.000,40.00,0
5902.000,5902.000,40.00,0
5903.000,5903.000,40.00,0
5904.000,5904.000,40.00,0
5905.000,5905.000,40.00,0
5907.000,5907.000,40.00,0
5908.000,5908.000,40.00,0
5909.000,5909.000,40.00,0
5910.000,5910.000,40.00,1
5911.000,5911.000,40.00,14
5912.000,5912.000,40.00,0
5913.000,5913.000,40.00,0
5914.000,5914.000,40.00,0
5915.000,5915.000,40.00,0
5917.000,5917.000,40.00,2
5918.000,5918.000,40.00,0
5919.000,5919.000,40.00,2
5920.000,5920.000,40.00,0
5921.000,5921.000,40.00,2
5922.000,5922.000,40.00,0
5923.000,5923.000,40.00,0
5924.000,5924.000,40.00,0
5925.000,5925.000,40.00,0
5927.000,5927.000,40.00,0
5928.000,5928.000,40.00,0
5929.000,5929.000,40.00,0
5930.000,5930.000,40.00,0
5931.000,5931.000,40.00,0
5932.000,5932.000,40.00,0
5933.000,5933.000,40.00,0
5934.000,5934.000,40.00,0
5935.000,5935.000,40.00,0
5937.000,5937.000,40.00,0
5938.000,5938.000,40.00,2
5939.000,5939.000,40.00,0
5940.000,5940.000,40.00,2
5941.000,5941.000,40.00,0
5942.000,5942.000,40.00,2
5943.000,5943.000,40.00,1
5944.000,5944.000,40.00,15
5945.000,5945.000,40.00,0
5947.000,5947.000,40.00,0
5948.000,5948.000,40.00,0
5949.000,5949.000,40.00,0
5950.000,5950.000,40.00,0
5951.000,5951.000,40.00,0
5952.000,5952.000,40.00,0
5953.000,5953.000,40.00,0
5954.000,5954.000,40.00,0
5955.000,5955.000,40.00,0
5957.000,5957.000,40.00,0
5958.000,5958.000,40.00,0
5959.000,5959.000,40.00,0
5959.000,5959.000,40.00,2
5960.000,5960.000,40.00,0
5962.000,5962.000,40.00,0
5963.000,5963.000,40.00,2
5964.000,5964.000,40.00,70
5965.000,5965.000,40.00,20
5966.000,5966.000,40.00,0
5967.000,5967.000,40.00,2
5968.000,5968.000,40.00,637
5969.000,5969.000,40.00,102623
5970.000,5970.000,40.00,137583
5971.000,5971.000,40.00,35275
5972.000,5972.000,40.00,141
5973.000,5973.000,40.00,807
5974.000,5974.000,40.00,13432
5976.000,5976.000,40.00,0
5977.000,5977.000,40.00,0
5978.000,5978.000,40.00,0
5979.000,5979.000,40.00,0
5980.000,5980.000,40.00,0
5981.000,5981.000,40.00,0
5982.000,5982.000,40.00,0
5983.000,5983.000,40.00,0
5984.000,5984.000,40.00,0
5985.000,5985.000,40.00,0
5986.000,5986.000,40.00,2
5987.000,5987.000,40.00,2
5988.000,5988.000,40.00,0
5989.000,5989.000,40.00,2
5991.000,5991.000,40.00,0
5992.000,5992.000,40.00,0
5993.000,5993.000,40.00,61
5994.000,5994.000,40.00,22
5995.000,5995.000,40.00,0
5996.000,5996.000,40.00,0
5997.000,5997.000,40.00,0
5998.000,5998.000,40.00,0
5999.000,5999.000,40.00,0
6000.000,6000.000,40.00,0
6001.000,6001.000,40.00,0
6002.000,6002.000,40.00,1
6004.000,6004.000,40.00,0
6005.000,6005.000,40.00,0
6006.000,6006.000,40.00,0
6007.000,6007.000,40.00,2
6008.000,6008.000,40.00,0
6009.000,6009.000,40.00,2
6010.000,6010.000,40.00,1
6011.000,6011.000,40.00,2
6012.000,6012.000,40.00,0
6013.000,6013.000,40.00,0
6014.000,6014.000,40.00,0
6015.000,6015.000,40.00,27148
6016.000,6016.000,40.00,0
6018.000,6018.000,40.00,0
6019.000,6019.000,40.00,0
6020.000,6020.000,40.00,0
6021.000,6021.000,40.00,0
6022.000,6022.000,40.00,0
6023.000,6023.000,40.00,0
6024.000,6024.000,40.00,0
6025.000,6025.000,40.00,0
6026.000,6026.000,40.00,0
6027.000,6027.000,40.00,0
6028.000,6028.000,40.00,1
6029.000,6029.000,40.00,2
6031.000,6031.000,40.00,0
6032.000,6032.000,40.00,8
6033.000,6033.000,40.00,14
6034.000,6034.000,40.00,1
6035.000,6035.000,40.00,0
6036.000,6036.000,40.00,0
6037.000,6037.000,40.00,0
6038.000,6038.000,40.00,0
6039.000,6039.000,40.00,0
6040.000,6040.000,40.00,0
6041.000,6041.000,40.00,0
6042.000,6042.000,40.00,0
6044.000,6044.000,40.00,0
6045.000,6045.000,40.00,0
6046.000,6046.000,40.00,0
6047.000,6047.000,40.00,0
6048.000,6048.000,40.00,0
6049.000,6049.000,40.00,2
6050.000,6050.000,40.00,0
6051.000,6051.000,40.00,2
6052.000,6052.000,40.00,0
6053.000,6053.000,40.00,2
6054.000,6054.000,40.00,0
6055.000,6055.000,40.00,0
6056.000,6056.000,40.00,0
6058.000,6058.000,40.00,0
6059.000,6059.000,40.00,0
6060.000,6060.000,40.00,0
6061.000,6061.000,40.00,27903
6062.000,6062.000,40.00,0
6063.000,6063.000,40.00,0
6064.000,6064.000,40.00,16
6065.000,6065.000,40.00,0
6066.000,6066.000,40.00,0
6067.000,6067.000,40.00,0
6068.000,6068.000,40.00,0
6069.000,6069.000,40.00,2
6070.000,6070.000,40.00,0
6072.000,6072.000,40.00,2
6073.000,6073.000,40.00,0
6074.000,6074.000,40.00,2
6075.000,6075.000,40.00,0
6076.000,6076.000,40.00,0
6077.000,6077.000,40.00,0
6078.000,6078.000,40.00,0
6079.000,6079.000,40.00,0
6080.000,6080.000,40.00,0
6081.000,6081.000,40.00,0
6082.000,6082.000,40.00,0
6083.000,6083.000,40.00,0
6085.000,6085.000,40.00,0
6086.000,6086.000,40.00,0
6087.000,6087.000,40.00,0
6088.000,6088.000,40.00,0
6089.000,6089.000,40.00,15
6090.000,6090.000,40.00,0
6091.000,6091.000,40.00,2
6092.000,6092.000,40.00,1
6093.000,6093.000,40.00,4
6094.000,6094.000,40.00,0
6095.000,6095.000,40.00,2
6096.000,6096.000,40.00,0
6097.000,6097.000,40.00,0
6099.000,6099.000,40.00,0
6100.000,6100.000,40.00,0
6101.000,6101.000,40.00,11
6102.000,6102.000,40.00,0
6103.000,6103.000,40.00,0
6104.000,6104.000,40.00,0
6105.000,6105.000,40.00,0
6106.000,6106.000,40.00,24436
6107.000,6107.000,40.00,7214
6108.000,6108.000,40.00,0
6109.000,6109.000,40.00,0
6110.000,6110.000,40.00,0
6112.000,6112.000,40.00,2
6113.000,6113.000,40.00,0
6114.000,6114.000,40.00,2
6115.000,6115.000,40.00,0
6116.000,6116.000,40.00,2
6117.000,6117.000,40.00,0
6118.000,6118.000,40.00,0
6119.000,6119.000,40.00,0
6120.000,6120.000,40.00,0
6121.000,6121.000,40.00,0
6122.000,6122.000,40.00,0
6123.000,6123.000,40.00,0
6124.000,6124.000,40.00,0
6126.000,6126.000,40.00,0
6127.000,6127.000,40.00,0
6128.000,6128.000,40.00,0
6129.000,6129.000,40.00,0
6130.000,6130.000,40.00,0
6131.000,6131.000,40.00,0
6132.000,6132.000,40.00,0
6133.000,6133.000,40.00,2
6134.000,6134.000,40.00,0
6135.000,6135.000,40.00,2
6136.000,6136.000,40.00,0
6137.000,6137.000,40.00,0
6139.000,6139.000,40.00,0
6140.000,6140.000,40.00,0
6141.000,6141.000,40.00,0
6142.000,6142.000,40.00,0
6143.000,6143.000,40.00,0
6144.000,6144.000,40.00,0
6145.000,6145.000,40.00,0
6146.000,6146.000,40.00,0
6147.000,6147.000,40.00,0
6148.000,6148.000,40.00,0
6149.000,6149.000,40.00,16
6150.000,6150.000,40.00,0
6151.000,6151.000,40.00,7127
6153.000,6153.000,40.00,15324
6154.000,6154.000,40.00,2
6155.000,6155.000,40.00,0
6156.000,6156.000,40.00,2
6157.000,6157.000,40.00,0
6158.000,6158.000,40.00,2
6159.000,6159.000,40.00,0
6160.000,6160.000,40.00,0
6161.000,6161.000,40.00,0
6162.000,6162.000,40.00,0
6163.000,6163.000,40.00,0
6164.000,6164.000,40.00,0
6166.000,6166.000,40.00,0
6167.000,6167.000,40.00,0
6168.000,6168.000,40.00,0
6169.000,6169.000,40.00,0
6170.000,6170.000,40.00,0
6171.000,6171.000,40.00,0
6172.000,6172.000,40.00,0
6173.000,6173.000,40.00,0
6174.000,6174.000,40.00,0
6175.000,6175.000,40.00,2
6176.000,6176.000,40.00,0
6177.000,6177.000,40.00,2
6178.000,6178.000,40.00,2
6180.000,6180.000,40.00,0
6181.000,6181.000,40.00,0
6182.000,6182.000,40.00,0
6183.000,6183.000,40.00,0
6184.000,6184.000,40.00,0
6185.000,6185.000,40.00,0
6186.000,6186.000,40.00,0
6187.000,6187.000,40.00,0
6188.000,6188.000,40.00,0
6189.000,6189.000,40.00,0
6190.000,6190.000,40.00,0
6191.000,6191.000,40.00,0
6192.000,6192.000,40.00,0
6194.000,6194.000,40.00,0
6195.000,6195.000,40.00,0
6196.000,6196.000,40.00,2
6197.000,6197.000,40.00,7811
6198.000,6198.000,40.00,17398
6199.000,6199.000,40.00,0
6200.000,6200.000,40.00,2
6201.000,6201.000,40.00,0
6202.000,6202.000,40.00,0
6203.000,6203.000,40.00,0
6204.000,6204.000,40.00,0
6205.000,6205.000,40.00,0
6207.000,6207.000,40.00,0
6208.000,6208.000,40.00,0
6209.000,6209.000,40.00,15
6210.000,6210.000,40.00,0
6211.000,6211.000,40.00,0
6212.000,6212.000,40.00,0
6213.000,6213.000,40.00,0
6214.000,6214.000,40.00,0
6215.000,6215.000,40.00,0
6216.000,6216.000,40.00,0
6217.000,6217.000,40.00,2
6218.000,6218.000,40.00,0
6219.000,6219.000,40.00,2
6221.000,6221.000,40.00,2
6222.000,6222.000,40.00,0
6223.000,6223.000,40.00,0
6224.000,6224.000,40.00,0
6225.000,6225.000,40.00,0
6226.000,6226.000,40.00,0
6227.000,6227.000,40.00,0
6228.000,6228.000,40.00,0
6229.000,6229.000,40.00,0
6230.000,6230.000,40.00,0
6231.000,6231.000,40.00,0
6232.000,6232.000,40.00,0
6233.000,6233.000,40.00,0
6235.000,6235.000,40.00,0
6236.000,6236.000,40.00,0
6237.000,6237.000,40.00,0
6238.000,6238.000,40.00,2
6239.000,6239.000,40.00,0
6240.000,6240.000,40.00,2
6241.000,6241.000,40.00,0
6242.000,6242.000,40.00,2
6243.000,6243.000,40.00,27790
6244.000,6244.000,40.00,0
6245.000,6245.000,40.00,0
6246.000,6246.000,40.00,0
6247.000,6247.000,40.00,0
6249.000,6249.000,40.00,0
6250.000,6250.000,40.00,0
6251.000,6251.000,40.00,0
6252.000,6252.000,40.00,0
6253.000,6253.000,40.00,0
6254.000,6254.000,40.00,0
6255.000,6255.000,40.00,0
6256.000,6256.000,40.00,0
6257.000,6257.000,40.00,0
6258.000,6258.000,40.00,0
6259.000,6259.000,40.00,2
6260.000,6260.000,40.00,0
6262.000,6262.000,40.00,0
6263.000,6263.000,40.00,2
6264.000,6264.000,40.00,0
6265.000,6265.000,40.00,0
6266.000,6266.000,40.00,0
6267.000,6267.000,40.00,0
6268.000,6268.000,40.00,0
6269.000,6269.000,40.00,15
6270.000,6270.000,40.00,0
6271.000,6271.000,40.00,0
6272.000,6272.000,40.00,0
6273.000,6273.000,40.00,1
6274.000,6274.000,40.00,0
6276.000,6276.000,40.00,0
6277.000,6277.000,40.00,0
6278.000,6278.000,40.00,0
6279.000,6279.000,40.00,0
6280.000,6280.000,40.00,2
6281.000,6281.000,40.00,0
6282.000,6282.000,40.00,2
6283.000,6283.000,40.00,0
6284.000,6284.000,40.00,2
6285.000,6285.000,40.00,0
6286.000,6286.000,40.00,0
6287.000,6287.000,40.00,0
6288.000,6288.000,40.00,28639
6290.000,6290.000,40.00,0
6291.000,6291.000,40.00,0
6292.000,6292.000,40.00,0
6293.000,6293.000,40.00,1
6294.000,6294.000,40.00,1
6295.000,6295.000,40.00,0
6296.000,6296.000,40.00,0
6297.000,6297.000,40.00,0
6298.000,6298.000,40.00,0
6299.000,6299.000,40.00,0
6300.000,6300.000,40.00,0
6301.000,6301.000,40.00,2
6302.000,6302.000,40.00,0
6304.000,6304.000,40.00,0
6305.000,6305.000,40.00,2
6306.000,6306.000,40.00,0
6307.000,6307.000,40.00,0
6308.000,6308.000,40.00,0
6309.000,6309.000,40.00,0
6310.000,6310.000,40.00,0
6311.000,6311.000,40.00,0
6312.000,6312.000,40.00,0
6313.000,6313.000,40.00,0
6314.000,6314.000,40.00,0
6315.000,6315.000,40.00,0
6316.000,6316.000,40.00,0
6318.000,6318.000,40.00,0
6319.000,6319.000,40.00,0
6320.000,6320.000,40.00,0
6321.000,6321.000,40.00,0
6322.000,6322.000,40.00,2
6323.000,6323.000,40.00,0
6324.000,6324.000,40.00,2
6325.000,6325.000,40.00,0
6326.000,6326.000,40.00,2
6327.000,6327.000,40.00,0
6328.000,6328.000,40.00,0
6329.000,6329.000,40.00,15
6331.000,6331.000,40.00,0
6332.000,6332.000,40.00,0
6333.000,6333.000,40.00,0
6334.000,6334.000,40.00,30783
6335.000,6335.000,40.00,0
6336.000,6336.000,40.00,0
6337.000,6337.000,40.00,0
6338.000,6338.000,40.00,0
6339.000,6339.000,40.00,0
6340.000,6340.000,40.00,0
6341.000,6341.000,40.00,0
6342.000,6342.000,40.00,0
6343.000,6343.000,40.00,2
6345.000,6345.000,40.00,2
6346.000,6346.000,40.00,0
6347.000,6347.000,40.00,2
6348.000,6348.000,40.00,0
6349.000,6349.000,40.00,0
6350.000,6350.000,40.00,0
6351.000,6351.000,40.00,0
6352.000,6352.000,40.00,0
6353.000,6353.000,40.00,0
6354.000,6354.000,40.00,0
6355.000,6355.000,40.00,0
6356.000,6356.000,40.00,0
6357.000,6357.000,40.00,0
6359.000,6359.000,40.00,0
6360.000,6360.000,40.00,0
6361.000,6361.000,40.00,0
6362.000,6362.000,40.00,0
6363.000,6363.000,40.00,0
6364.000,6364.000,40.00,2
6365.000,6365.000,40.00,0
6366.000,6366.000,40.00,2
6367.000,6367.000,40.00,0
6368.000,6368.000,40.00,2
6369.000,6369.000,40.00,0
6370.000,6370.000,40.00,0
6371.000,6371.000,40.00,0
6373.000,6373.000,40.00,0
6374.000,6374.000,40.00,0
6375.000,6375.000,40.00,0
6376.000,6376.000,40.00,0
6377.000,6377.000,40.00,0
6378.000,6378.000,40.00,0
6379.000,6379.000,40.00,30494
6380.000,6380.000,40.00,0
6381.000,6381.000,40.00,0
6382.000,6382.000,40.00,0
6383.000,6383.000,40.00,0
6384.000,6384.000,40.00,0
6386.000,6386.000,40.00,22
6387.000,6387.000,40.00,2
6388.000,6388.000,40.00,0
6389.000,6389.000,40.00,18
6390.000,6390.000,40.00,0
6391.000,6391.000,40.00,0
6392.000,6392.000,40.00,0
6393.000,6393.000,40.00,0
6394.000,6394.000,40.00,0
6395.000,6395.000,40.00,0
6396.000,6396.000,40.00,0
6397.000,6397.000,40.00,0
6398.000,6398.000,40.00,0
6400.000,6400.000,40.00,0
6401.000,6401.000,40.00,0
6402.000,6402.000,40.00,0
6403.000,6403.000,40.00,0
6404.000,6404.000,40.00,0
6405.000,6405.000,40.00,0
6406.000,6406.000,40.00,2
6407.000,6407.000,40.00,0
6408.000,6408.000,40.00,2
6409.000,6409.000,40.00,0
6410.000,6410.000,40.00,2
6412.000,6412.000,40.00,11
6413.000,6413.000,40.00,0
6414.000,6414.000,40.00,0
6415.000,6415.000,40.00,0
6416.000,6416.000,40.00,0
6417.000,6417.000,40.00,0
6418.000,6418.000,40.00,0
6419.000,6419.000,40.00,0
6420.000,6420.000,40.00,0
6421.000,6421.000,40.00,0
6422.000,6422.000,40.00,0
6423.000,6423.000,40.00,0
6424.000,6424.000,40.00,36790
6426.000,6426.000,40.00,0
6427.000,6427.000,40.00,2
6428.000,6428.000,40.00,0
6429.000,6429.000,40.00,2
6430.000,6430.000,40.00,0
6431.000,6431.000,40.00,2
6432.000,6432.000,40.00,0
6433.000,6433.000,40.00,0
6434.000,6434.000,40.00,0
6435.000,6435.000,40.00,0
6436.000,6436.000,40.00,0
6437.000,6437.000,40.00,77
6439.000,6439.000,40.00,0
6440.000,6440.000,40.00,0
6441.000,6441.000,40.00,0
6442.000,6442.000,40.00,0
6443.000,6443.000,40.00,0
6444.000,6444.000,40.00,0
6445.000,6445.000,40.00,0
6446.000,6446.000,40.00,0
6447.000,6447.000,40.00,0
6448.000,6448.000,40.00,2
6449.000,6449.000,40.00,15
6450.000,6450.000,40.00,2
6451.000,6451.000,40.00,0
6453.000,6453.000,40.00,2
6454.000,6454.000,40.00,0
6455.000,6455.000,40.00,0
6456.000,6456.000,40.00,0
6457.000,6457.000,40.00,0
6458.000,6458.000,40.00,0
6459.000,6459.000,40.00,0
6460.000,6460.000,40.00,0
6461.000,6461.000,40.00,0
6462.000,6462.000,40.00,0
6463.000,6463.000,40.00,0
6464.000,6464.000,40.00,0
6465.000,6465.000,40.00,0
6467.000,6467.000,40.00,0
6468.000,6468.000,40.00,0
6469.000,6469.000,40.00,9
6470.000,6470.000,40.00,32908
6471.000,6471.000,40.00,2
6472.000,6472.000,40.00,0
6473.000,6473.000,40.00,2
6474.000,6474.000,40.00,0
6475.000,6475.000,40.00,0
6476.000,6476.000,40.00,0
6477.000,6477.000,40.00,0
6478.000,6478.000,40.00,0
6479.000,6479.000,40.00,0
6480.000,6480.000,40.00,0
6482.000,6482.000,40.00,0
6483.000,6483.000,40.00,0
6484.000,6484.000,40.00,0
6485.000,6485.000,40.00,0
6486.000,6486.000,40.00,0
6487.000,6487.000,40.00,0
6488.000,6488.000,40.00,0
6489.000,6489.000,40.00,0
6490.000,6490.000,40.00,2
6491.000,6491.000,40.00,0
6492.000,6492.000,40.00,2
6493.000,6493.000,40.00,0
6494.000,6494.000,40.00,2
6496.000,6496.000,40.00,0
6497.000,6497.000,40.00,0
6498.000,6498.000,40.00,0
6499.000,6499.000,40.00,0
6500.000,6500.000,40.00,0
6501.000,6501.000,40.00,0
6502.000,6502.000,40.00,0
6503.000,6503.000,40.00,0
6504.000,6504.000,40.00,0
6505.000,6505.000,40.00,0
6506.000,6506.000,40.00,0
6507.000,6507.000,40.00,0
6509.000,6509.000,40.00,0
6510.000,6510.000,40.00,0
6511.000,6511.000,40.00,2
6512.000,6512.000,40.00,0
6513.000,6513.000,40.00,2
6514.000,6514.000,40.00,0
6515.000,6515.000,40.00,32670
6516.000,6516.000,40.00,0
6517.000,6517.000,40.00,0
6518.000,6518.000,40.00,0
6519.000,6519.000,40.00,0
6520.000,6520.000,40.00,0
6521.000,6521.000,40.00,0
6522.000,6522.000,40.00,0
6524.000,6524.000,40.00,0
6525.000,6525.000,40.00,0
6526.000,6526.000,40.00,0
6527.000,6527.000,40.00,0
6528.000,6528.000,40.00,0
6529.000,6529.000,40.00,0
6530.000,6530.000,40.00,0
6531.000,6531.000,40.00,0
6532.000,6532.000,40.00,2
6533.000,6533.000,40.00,0
6534.000,6534.000,40.00,2
6535.000,6535.000,40.00,0
6537.000,6537.000,40.00,2
6538.000,6538.000,40.00,0
6539.000,6539.000,40.00,0
6540.000,6540.000,40.00,0
6541.000,6541.000,40.00,0
6542.000,6542.000,40.00,0
6543.000,6543.000,40.00,0
6544.000,6544.000,40.00,0
6545.000,6545.000,40.00,0
6546.000,6546.000,40.00,0
6547.000,6547.000,40.00,0
6548.000,6548.000,40.00,0
6549.000,6549.000,40.00,0
6551.000,6551.000,40.00,0
6552.000,6552.000,40.00,0
6553.000,6553.000,40.00,2
6554.000,6554.000,40.00,0
6555.000,6555.000,40.00,2
6556.000,6556.000,40.00,0
6557.000,6557.000,40.00,2
6558.000,6558.000,40.00,0
6559.000,6559.000,40.00,0
6560.000,6560.000,40.00,24447
6561.000,6561.000,40.00,0
6562.000,6562.000,40.00,0
6563.000,6563.000,40.00,0
6565.000,6565.000,40.00,0
6566.000,6566.000,40.00,0
6567.000,6567.000,40.00,0
6568.000,6568.000,40.00,0
6569.000,6569.000,40.00,15
6570.000,6570.000,40.00,0
6571.000,6571.000,40.00,0
6572.000,6572.000,40.00,0
6573.000,6573.000,40.00,0
6574.000,6574.000,40.00,2
6575.000,6575.000,40.00,0
6576.000,6576.000,40.00,2
6577.000,6577.000,40.00,0
6579.000,6579.000,40.00,2
6580.000,6580.000,40.00,0
6581.000,6581.000,40.00,0
6582.000,6582.000,40.00,0
6583.000,6583.000,40.00,0
6584.000,6584.000,40.00,0
6585.000,6585.000,40.00,0
6586.000,6586.000,40.00,0
6587.000,6587.000,40.00,0
6588.000,6588.000,40.00,0
6589.000,6589.000,40.00,0
6590.000,6590.000,40.00,0
6591.000,6591.000,40.00,0
6593.000,6593.000,40.00,0
6594.000,6594.000,40.00,0
6595.000,6595.000,40.00,2
6596.000,6596.000,40.00,0
6597.000,6597.000,40.00,2
6598.000,6598.000,40.00,0
6599.000,6599.000,40.00,2
6600.000,6600.000,40.00,0
6601.000,6601.000,40.00,0
6602.000,6602.000,40.00,0
6603.000,6603.000,40.00,0
6604.000,6604.000,40.00,0
6605.000,6605.000,40.00,12981
6607.000,6607.000,40.00,15110
6608.000,6608.000,40.00,0
6609.000,6609.000,40.00,0
6610.000,6610.000,40.00,0
6611.000,6611.000,40.00,0
6612.000,6612.000,40.00,0
6613.000,6613.000,40.00,0
6614.000,6614.000,40.00,0
6615.000,6615.000,40.00,0
6616.000,6616.000,40.00,2
6617.000,6617.000,40.00,0
6618.000,6618.000,40.00,2
6619.000,6619.000,40.00,0
6621.000,6621.000,40.00,2
6622.000,6622.000,40.00,0
6623.000,6623.000,40.00,0
6624.000,6624.000,40.00,0
6625.000,6625.000,40.00,0
6626.000,6626.000,40.00,0
6627.000,6627.000,40.00,0
6628.000,6628.000,40.00,0
6629.000,6629.000,40.00,15
6630.000,6630.000,40.00,0
6631.000,6631.000,40.00,0
6632.000,6632.000,40.00,0
6634.000,6634.000,40.00,0
6635.000,6635.000,40.00,0
6636.000,6636.000,40.00,0
6637.000,6637.000,40.00,2
6638.000,6638.000,40.00,0
6639.000,6639.000,40.00,2
6640.000,6640.000,40.00,0
6641.000,6641.000,40.00,2
6642.000,6642.000,40.00,0
6643.000,6643.000,40.00,0
6644.000,6644.000,40.00,0
6645.000,6645.000,40.00,0
6646.000,6646.000,40.00,0
6647.000,6647.000,40.00,0
6649.000,6649.000,40.00,0
6650.000,6650.000,40.00,0
6651.000,6651.000,40.00,114
6652.000,6652.000,40.00,25851
6653.000,6653.000,40.00,0
6654.000,6654.000,40.00,0
6655.000,6655.000,40.00,0
6656.000,6656.000,40.00,0
6657.000,6657.000,40.00,0
6658.000,6658.000,40.00,2
6659.000,6659.000,40.00,0
6660.000,6660.000,40.00,2
6662.000,6662.000,40.00,0
6663.000,6663.000,40.00,2
6664.000,6664.000,40.00,0
6665.000,6665.000,40.00,0
6666.000,6666.000,40.00,0
6667.000,6667.000,40.00,0
6668.000,6668.000,40.00,0
6669.000,6669.000,40.00,0
6670.000,6670.000,40.00,0
6671.000,6671.000,40.00,0
6672.000,6672.000,40.00,0
6673.000,6673.000,40.00,0
6675.000,6675.000,40.00,0
6676.000,6676.000,40.00,0
6677.000,6677.000,40.00,0
6678.000,6678.000,40.00,0
6679.000,6679.000,40.00,2
6680.000,6680.000,40.00,0
6681.000,6681.000,40.00,2
6682.000,6682.000,40.00,0
6683.000,6683.000,40.00,2
6684.000,6684.000,40.00,0
6685.000,6685.000,40.00,0
6686.000,6686.000,40.00,0
6687.000,6687.000,40.00,0
6689.000,6689.000,40.00,0
6690.000,6690.000,40.00,15
6691.000,6691.000,40.00,0
6692.000,6692.000,40.00,0
6693.000,6693.000,40.00,0
6694.000,6694.000,40.00,0
6695.000,6695.000,40.00,0
6696.000,6696.000,40.00,0
6697.000,6697.000,40.00,24795
6698.000,6698.000,40.00,0
6699.000,6699.000,40.00,0
6700.000,6700.000,40.00,2
6701.000,6701.000,40.00,0
6703.000,6703.000,40.00,2
6704.000,6704.000,40.00,0
6705.000,6705.000,40.00,2
6706.000,6706.000,40.00,0
6707.000,6707.000,40.00,0
6708.000,6708.000,40.00,0
6709.000,6709.000,40.00,0
6710.000,6710.000,40.00,0
6711.000,6711.000,40.00,0
6712.000,6712.000,40.00,0
6713.000,6713.000,40.00,1
6714.000,6714.000,40.00,0
6715.000,6715.000,40.00,0
6717.000,6717.000,40.00,0
6718.000,6718.000,40.00,0
6719.000,6719.000,40.00,0
6720.000,6720.000,40.00,0
6721.000,6721.000,40.00,14
6722.000,6722.000,40.00,0
6723.000,6723.000,40.00,2
6724.000,6724.000,40.00,0
6725.000,6725.000,40.00,2
6726.000,6726.000,40.00,0
6727.000,6727.000,40.00,0
6728.000,6728.000,40.00,0
6730.000,6730.000,40.00,0
6731.000,6731.000,40.00,0
6732.000,6732.000,40.00,0
6733.000,6733.000,40.00,0
6734.000,6734.000,40.00,0
6735.000,6735.000,40.00,0
6736.000,6736.000,40.00,0
6737.000,6737.000,40.00,0
6738.000,6738.000,40.00,0
6739.000,6739.000,40.00,0
6740.000,6740.000,40.00,0
6741.000,6741.000,40.00,0
6742.000,6742.000,40.00,33153
6743.000,6743.000,40.00,0
6745.000,6745.000,40.00,2
6746.000,6746.000,40.00,0
6747.000,6747.000,40.00,2
6748.000,6748.000,40.00,0
6749.000,6749.000,40.00,15
6750.000,6750.000,40.00,0
6751.000,6751.000,40.00,0
6752.000,6752.000,40.00,0
6753.000,6753.000,40.00,0
6754.000,6754.000,40.00,0
6755.000,6755.000,40.00,0
6756.000,6756.000,40.00,0
6758.000,6758.000,40.00,0
6759.000,6759.000,40.00,0
6760.000,6760.000,40.00,0
6761.000,6761.000,40.00,0
6762.000,6762.000,40.00,0
6763.000,6763.000,40.00,2
6764.000,6764.000,40.00,0
6765.000,6765.000,40.00,2
6766.000,6766.000,40.00,0
6767.000,6767.000,40.00,2
6768.000,6768.000,40.00,0
6769.000,6769.000,40.00,0
6770.000,6770.000,40.00,0
6772.000,6772.000,40.00,0
6773.000,6773.000,40.00,0
6774.000,6774.000,40.00,0
6775.000,6775.000,40.00,0
6776.000,6776.000,40.00,0
6777.000,6777.000,40.00,0
6778.000,6778.000,40.00,0
6779.000,6779.000,40.00,0
6780.000,6780.000,40.00,0
6781.000,6781.000,40.00,0
6782.000,6782.000,40.00,0
6783.000,6783.000,40.00,0
6784.000,6784.000,40.00,2
6786.000,6786.000,40.00,0
6787.000,6787.000,40.00,2
6788.000,6788.000,40.00,28305
6789.000,6789.000,40.00,2
6790.000,6790.000,40.00,0
6791.000,6791.000,40.00,0
6792.000,6792.000,40.00,0
6793.000,6793.000,40.00,0
6794.000,6794.000,40.00,0
6795.000,6795.000,40.00,0
6796.000,6796.000,40.00,0
6797.000,6797.000,40.00,0
6798.000,6798.000,40.00,0
6800.000,6800.000,40.00,0
6801.000,6801.000,40.00,0
6802.000,6802.000,40.00,0
6803.000,6803.000,40.00,0
6804.000,6804.000,40.00,0
6805.000,6805.000,40.00,2
6806.000,6806.000,40.00,0
6807.000,6807.000,40.00,2
6808.000,6808.000,40.00,0
6809.000,6809.000,40.00,18
6810.000,6810.000,40.00,0
6811.000,6811.000,40.00,0
6813.000,6813.000,40.00,0
6814.000,6814.000,40.00,0
6815.000,6815.000,40.00,0
6816.000,6816.000,40.00,0
6817.000,6817.000,40.00,0
6818.000,6818.000,40.00,0
6819.000,6819.000,40.00,0
6820.000,6820.000,40.00,0
6821.000,6821.000,40.00,0
6822.000,6822.000,40.00,0
6823.000,6823.000,40.00,0
6824.000,6824.000,40.00,0
6825.000,6825.000,40.00,0
6827.000,6827.000,40.00,2
6828.000,6828.000,40.00,0
6829.000,6829.000,40.00,2
6830.000,6830.000,40.00,0
6831.000,6831.000,40.00,0
6832.000,6832.000,40.00,0
6833.000,6833.000,40.00,37350
6834.000,6834.000,40.00,0
6835.000,6835.000,40.00,27
6836.000,6836.000,40.00,0
6837.000,6837.000,40.00,0
6838.000,6838.000,40.00,1
6840.000,6840.000,40.00,0
6841.000,6841.000,40.00,45
6842.000,6842.000,40.00,7
6843.000,6843.000,40.00,0
6844.000,6844.000,40.00,0
6845.000,6845.000,40.00,0
6846.000,6846.000,40.00,0
6847.000,6847.000,40.00,2
6848.000,6848.000,40.00,0
6849.000,6849.000,40.00,2
6850.000,6850.000,40.00,0
6851.000,6851.000,40.00,2
6852.000,6852.000,40.00,0
6854.000,6854.000,40.00,0
6855.000,6855.000,40.00,0
6856.000,6856.000,40.00,0
6857.000,6857.000,40.00,0
6858.000,6858.000,40.00,0
6859.000,6859.000,40.00,0
6860.000,6860.000,40.00,0
6861.000,6861.000,40.00,0
6862.000,6862.000,40.00,0
6863.000,6863.000,40.00,0
6864.000,6864.000,40.00,0
6865.000,6865.000,40.00,0
6866.000,6866.000,40.00,0
6868.000,6868.000,40.00,0
6869.000,6869.000,40.00,2
6870.000,6870.000,40.00,15
6871.000,6871.000,40.00,2
6872.000,6872.000,40.00,2
6873.000,6873.000,40.00,0
6874.000,6874.000,40.00,0
6875.000,6875.000,40.00,0
6876.000,6876.000,40.00,0
6877.000,6877.000,40.00,0
6878.000,6878.000,40.00,29334
6879.000,6879.000,40.00,0
6880.000,6880.000,40.00,0
6882.000,6882.000,40.00,0
6883.000,6883.000,40.00,0
6884.000,6884.000,40.00,0
6885.000,6885.000,40.00,0
6886.000,6886.000,40.00,0
6887.000,6887.000,40.00,0
6888.000,6888.000,40.00,0
6889.000,6889.000,40.00,2
6890.000,6890.000,40.00,0
6891.000,6891.000,40.00,2
6892.000,6892.000,40.00,0
6893.000,6893.000,40.00,2
6894.000,6894.000,40.00,0
6896.000,6896.000,40.00,0
6897.000,6897.000,40.00,0
6898.000,6898.000,40.00,0
6899.000,6899.000,40.00,0
6900.000,6900.000,40.00,0
6901.000,6901.000,40.00,0
6902.000,6902.000,40.00,0
6903.000,6903.000,40.00,0
6904.000,6904.000,40.00,0
6905.000,6905.000,40.00,0
6906.000,6906.000,40.00,0
6907.000,6907.000,40.00,0
6908.000,6908.000,40.00,0
6910.000,6910.000,40.00,0
6911.000,6911.000,40.00,2
6912.000,6912.000,40.00,0
6913.000,6913.000,40.00,2
6914.000,6914.000,40.00,2
6915.000,6915.000,40.00,0
6916.000,6916.000,40.00,0
6917.000,6917.000,40.00,0
6918.000,6918.000,40.00,0
6919.000,6919.000,40.00,0
6920.000,6920.000,40.00,0
6921.000,6921.000,40.00,0
6923.000,6923.000,40.00,0
6924.000,6924.000,40.00,30380
6925.000,6925.000,40.00,0
6926.000,6926.000,40.00,0
6927.000,6927.000,40.00,0
6928.000,6928.000,40.00,0
6929.000,6929.000,40.00,15
6930.000,6930.000,40.00,0
6931.000,6931.000,40.00,2
6932.000,6932.000,40.00,0
6933.000,6933.000,40.00,2
6934.000,6934.000,40.00,0
6935.000,6935.000,40.00,2
6937.000,6937.000,40.00,0
6938.000,6938.000,40.00,0
6939.000,6939.000,40.00,0
6940.000,6940.000,40.00,0
6941.000,6941.000,40.00,0
6942.000,6942.000,40.00,0
6943.000,6943.000,40.00,0
6944.000,6944.000,40.00,0
6945.000,6945.000,40.00,1
6946.000,6946.000,40.00,0
6947.000,6947.000,40.00,0
6948.000,6948.000,40.00,0
6949.000,6949.000,40.00,0
6951.000,6951.000,40.00,0
6952.000,6952.000,40.00,0
6953.000,6953.000,40.00,2
6954.000,6954.000,40.00,0
6955.000,6955.000,40.00,0
6956.000,6956.000,40.00,2
6957.000,6957.000,40.00,0
6958.000,6958.000,40.00,0
6959.000,6959.000,40.00,0
6960.000,6960.000,40.00,0
6961.000,6961.000,40.00,0
6962.000,6962.000,40.00,0
6964.000,6964.000,40.00,0
6965.000,6965.000,40.00,0
6966.000,6966.000,40.00,0
6967.000,6967.000,40.00,0
6968.000,6968.000,40.00,0
6969.000,6969.000,40.00,41544
6970.000,6970.000,40.00,0
6971.000,6971.000,40.00,0
6972.000,6972.000,40.00,0
6973.000,6973.000,40.00,2
6974.000,6974.000,40.00,0
6975.000,6975.000,40.00,2
6976.000,6976.000,40.00,0
6978.000,6978.000,40.00,2
6979.000,6979.000,40.00,0
6980.000,6980.000,40.00,0
6981.000,6981.000,40.00,0
6982.000,6982.000,40.00,0
6983.000,6983.000,40.00,0
6984.000,6984.000,40.00,0
6985.000,6985.000,40.00,0
6986.000,6986.000,40.00,0
6987.000,6987.000,40.00,0
6988.000,6988.000,40.00,0
6989.000,6989.000,40.00,15
6990.000,6990.000,40.00,0
6992.000,6992.000,40.00,0
6993.000,6993.000,40.00,0
6994.000,6994.000,40.00,0
6995.000,6995.000,40.00,2
6996.000,6996.000,40.00,2
6997.000,6997.000,40.00,0
6998.000,6998.000,40.00,2
6999.000,6999.000,40.00,0
7000.000,7000.000,40.00,0
7001.000,7001.000,40.00,0
7002.000,7002.000,40.00,0
7003.000,7003.000,40.00,0
7005.000,7005.000,40.00,0
7006.000,7006.000,40.00,0
7007.000,7007.000,40.00,0
7008.000,7008.000,40.00,0
7009.000,7009.000,40.00,0
7010.000,7010.000,40.00,0
7011.000,7011.000,40.00,0
7012.000,7012.000,40.00,0
7013.000,7013.000,40.00,0
7014.000,7014.000,40.00,32521
7015.000,7015.000,40.00,2
7016.000,7016.000,40.00,0
7018.000,7018.000,40.00,2
7019.000,7019.000,40.00,0
7020.000,7020.000,40.00,2
7021.000,7021.000,40.00,0
7022.000,7022.000,40.00,0
7023.000,7023.000,40.00,0
7024.000,7024.000,40.00,0
7025.000,7025.000,40.00,0
7026.000,7026.000,40.00,0
7027.000,7027.000,40.00,0
7028.000,7028.000,40.00,0
7029.000,7029.000,40.00,11
7031.000,7031.000,40.00,0
7032.000,7032.000,40.00,0
7033.000,7033.000,40.00,0
7034.000,7034.000,40.00,0
7035.000,7035.000,40.00,0
7036.000,7036.000,40.00,2
7037.000,7037.000,40.00,0
7038.000,7038.000,40.00,2
7039.000,7039.000,40.00,0
7040.000,7040.000,40.00,2
7041.000,7041.000,40.00,0
7042.000,7042.000,40.00,0
7043.000,7043.000,40.00,0
7045.000,7045.000,40.00,0
7046.000,7046.000,40.00,0
7047.000,7047.000,40.00,0
7048.000,7048.000,40.00,0
7049.000,7049.000,40.00,15
7050.000,7050.000,40.00,0
7051.000,7051.000,40.00,0
7052.000,7052.000,40.00,0
7053.000,7053.000,40.00,0
7054.000,7054.000,40.00,0
7055.000,7055.000,40.00,0
7056.000,7056.000,40.00,0
7057.000,7057.000,40.00,2
7059.000,7059.000,40.00,0
7060.000,7060.000,40.00,22030
7061.000,7061.000,40.00,0
7062.000,7062.000,40.00,2
7063.000,7063.000,40.00,0
7064.000,7064.000,40.00,0
7065.000,7065.000,40.00,0
7066.000,7066.000,40.00,0
7067.000,7067.000,40.00,0
7068.000,7068.000,40.00,0
7069.000,7069.000,40.00,0
7070.000,7070.000,40.00,0
7071.000,7071.000,40.00,0
7073.000,7073.000,40.00,0
7074.000,7074.000,40.00,0
7075.000,7075.000,40.00,0
7076.000,7076.000,40.00,0
7077.000,7077.000,40.00,0
7078.000,7078.000,40.00,0
7079.000,7079.000,40.00,0
7080.000,7080.000,40.00,2
7081.000,7081.000,40.00,0
7082.000,7082.000,40.00,3
7083.000,7083.000,40.00,0
7084.000,7084.000,40.00,0
7085.000,7085.000,40.00,0
7087.000,7087.000,40.00,0
7088.000,7088.000,40.00,0
7089.000,7089.000,40.00,0
7090.000,7090.000,40.00,0
7091.000,7091.000,40.00,0
7092.000,7092.000,40.00,0
7093.000,7093.000,40.00,0
7094.000,7094.000,40.00,0
7095.000,7095.000,40.00,0
7096.000,7096.000,40.00,0
7097.000,7097.000,40.00,0
7098.000,7098.000,40.00,0
7099.000,7099.000,40.00,2
7101.000,7101.000,40.00,0
7102.000,7102.000,40.00,2
7103.000,7103.000,40.00,0
7104.000,7104.000,40.00,2
7105.000,7105.000,40.00,30006
7106.000,7106.000,40.00,0
7107.000,7107.000,40.00,0
7108.000,7108.000,40.00,0
7109.000,7109.000,40.00,15
7110.000,7110.000,40.00,0
7111.000,7111.000,40.00,0
7112.000,7112.000,40.00,0
7113.000,7113.000,40.00,0
7115.000,7115.000,40.00,0
7116.000,7116.000,40.00,0
7117.000,7117.000,40.00,0
7118.000,7118.000,40.00,0
7119.000,7119.000,40.00,0
7120.000,7120.000,40.00,2
7121.000,7121.000,40.00,0
7122.000,7122.000,40.00,2
7123.000,7123.000,40.00,0
7124.000,7124.000,40.00,2
7125.000,7125.000,40.00,0
7126.000,7126.000,40.00,0
7128.000,7128.000,40.00,0
7129.000,7129.000,40.00,0
7130.000,7130.000,40.00,0
7131.000,7131.000,40.00,0
7132.000,7132.000,40.00,0
7133.000,7133.000,40.00,0
7134.000,7134.000,40.00,0
7135.000,7135.000,40.00,0
7136.000,7136.000,40.00,0
7137.000,7137.000,40.00,0
7138.000,7138.000,40.00,0
7139.000,7139.000,40.00,0
7140.000,7140.000,40.00,0
7142.000,7142.000,40.00,2
7143.000,7143.000,40.00,0
7144.000,7144.000,40.00,2
7145.000,7145.000,40.00,0
7146.000,7146.000,40.00,2
7147.000,7147.000,40.00,0
7148.000,7148.000,40.00,0
7149.000,7149.000,40.00,0
7150.000,7150.000,40.00,32464
7151.000,7151.000,40.00,0
7152.000,7152.000,40.00,0
7153.000,7153.000,40.00,0
7154.000,7154.000,40.00,0
7156.000,7156.000,40.00,0
7157.000,7157.000,40.00,0
7158.000,7158.000,40.00,0
7159.000,7159.000,40.00,0
7160.000,7160.000,40.00,0
7161.000,7161.000,40.00,0
7162.000,7162.000,40.00,0
7163.000,7163.000,40.00,0
7164.000,7164.000,40.00,2
7165.000,7165.000,40.00,0
7166.000,7166.000,40.00,2
7167.000,7167.000,40.00,0
7168.000,7168.000,40.00,0
7170.000,7170.000,40.00,16
7171.000,7171.000,40.00,0
7172.000,7172.000,40.00,0
7173.000,7173.000,40.00,0
7174.000,7174.000,40.00,0
7175.000,7175.000,40.00,0
7176.000,7176.000,40.00,0
7177.000,7177.000,40.00,0
7178.000,7178.000,40.00,5
7179.000,7179.000,40.00,1
7180.000,7180.000,40.00,0
7181.000,7181.000,40.00,0
7182.000,7182.000,40.00,0
7184.000,7184.000,40.00,2
7185.000,7185.000,40.00,0
7186.000,7186.000,40.00,2
7187.000,7187.000,40.00,0
7188.000,7188.000,40.00,5
7189.000,7189.000,40.00,0
7190.000,7190.000,40.00,0
7191.000,7191.000,40.00,0
7192.000,7192.000,40.00,0
7193.000,7193.000,40.00,0
7194.000,7194.000,40.00,28
7195.000,7195.000,40.00,24531
7196.000,7196.000,40.00,0
7198.000,7198.000,40.00,0
7199.000,7199.000,40.00,0
7200.000,7200.000,40.00,0
7201.000,7201.000,40.00,0
7202.000,7202.000,40.00,0
7203.000,7203.000,40.00,0
7204.000,7204.000,40.00,0
7205.000,7205.000,40.00,1
7206.000,7206.000,40.00,65
7207.000,7207.000,40.00,0
7208.000,7208.000,40.00,2
7209.000,7209.000,40.00,0
7210.000,7210.000,40.00,0
7211.000,7211.000,40.00,0
7212.000,7212.000,40.00,0
7214.000,7214.000,40.00,0
7215.000,7215.000,40.00,0
7216.000,7216.000,40.00,0
7217.000,7217.000,40.00,2
7218.000,7218.000,40.00,0
7219.000,7219.000,40.00,28
7220.000,7220.000,40.00,24
7221.000,7221.000,40.00,0
7222.000,7222.000,40.00,0
7223.000,7223.000,40.00,2
7224.000,7224.000,40.00,0
7225.000,7225.000,40.00,0
7226.000,7226.000,40.00,0
7228.000,7228.000,40.00,0
7229.000,7229.000,40.00,0
7230.000,7230.000,40.00,26
7231.000,7231.000,40.00,0
7232.000,7232.000,40.00,0
7233.000,7233.000,40.00,0
7234.000,7234.000,40.00,0
7235.000,7235.000,40.00,0
7236.000,7236.000,40.00,0
7237.000,7237.000,40.00,0
7238.000,7238.000,40.00,9
7239.000,7239.000,40.00,0
7241.000,7241.000,40.00,2477
7242.000,7242.000,40.00,26568
7243.000,7243.000,40.00,2
7244.000,7244.000,40.00,0
7245.000,7245.000,40.00,2
7246.000,7246.000,40.00,0
7247.000,7247.000,40.00,0
7248.000,7248.000,40.00,0
7249.000,7249.000,40.00,0
7250.000,7250.000,40.00,0
7251.000,7251.000,40.00,0
7252.000,7252.000,40.00,0
7253.000,7253.000,40.00,0
7255.000,7255.000,40.00,0
7256.000,7256.000,40.00,0
7257.000,7257.000,40.00,0
7258.000,7258.000,40.00,0
7259.000,7259.000,40.00,0
7260.000,7260.000,40.00,0
7261.000,7261.000,40.00,0
7262.000,7262.000,40.00,0
7263.000,7263.000,40.00,2
7264.000,7264.000,40.00,0
7265.000,7265.000,40.00,2
7266.000,7266.000,40.00,0
7268.000,7268.000,40.00,0
7269.000,7269.000,40.00,0
7270.000,7270.000,40.00,0
7271.000,7271.000,40.00,0
7272.000,7272.000,40.00,4
7273.000,7273.000,40.00,0
7274.000,7274.000,40.00,1
7275.000,7275.000,40.00,0
7276.000,7276.000,40.00,0
7277.000,7277.000,40.00,0
7278.000,7278.000,40.00,0
7279.000,7279.000,40.00,0
7280.000,7280.000,40.00,0
7281.000,7281.000,40.00,15
7282.000,7282.000,40.00,2
7284.000,7284.000,40.00,0
7285.000,7285.000,40.00,2
7286.000,7286.000,40.00,0
7287.000,7287.000,40.00,2
7287.000,7287.000,40.00,2
7288.000,7288.000,40.00,0
7290.000,7290.000,40.00,0
7291.000,7291.000,40.00,0
7292.000,7292.000,40.00,0
7293.000,7293.000,40.00,0
7294.000,7294.000,40.00,0
7295.000,7295.000,40.00,5
7296.000,7296.000,40.00,8
7297.000,7297.000,40.00,28
7298.000,7298.000,40.00,0
7300.000,7300.000,40.00,0
7301.000,7301.000,40.00,0
7302.000,7302.000,40.00,0
7303.000,7303.000,40.00,0
7304.000,7304.000,40.00,2
7305.000,7305.000,40.00,0
7306.000,7306.000,40.00,2
7307.000,7307.000,40.00,0
7308.000,7308.000,40.00,0
7309.000,7309.000,40.00,0
7310.000,7310.000,40.00,0
7311.000,7311.000,40.00,0
7312.000,7312.000,40.00,0
7313.000,7313.000,40.00,0
7315.000,7315.000,40.00,0
7316.000,7316.000,40.00,0
7317.000,7317.000,40.00,0
7318.000,7318.000,40.00,0
7319.000,7319.000,40.00,0
7320.000,7320.000,40.00,0
7321.000,7321.000,40.00,0
7322.000,7322.000,40.00,0
7323.000,7323.000,40.00,0
7324.000,7324.000,40.00,6
7325.000,7325.000,40.00,15
7326.000,7326.000,40.00,2
7327.000,7327.000,40.00,0
7328.000,7328.000,40.00,2
7330.000,7330.000,40.00,0
7331.000,7331.000,40.00,0
7332.000,7332.000,40.00,1
7333.000,7333.000,40.00,0
7334.000,7334.000,40.00,0
7335.000,7335.000,40.00,0
7336.000,7336.000,40.00,0
7337.000,7337.000,40.00,0
7338.000,7338.000,40.00,0
7339.000,7339.000,40.00,11
7340.000,7340.000,40.00,0
7341.000,7341.000,40.00,0
7342.000,7342.000,40.00,0
7343.000,7343.000,40.00,0
7345.000,7345.000,40.00,0
7346.000,7346.000,40.00,2
7347.000,7347.000,40.00,0
7348.000,7348.000,40.00,2
7349.000,7349.000,40.00,0
7350.000,7350.000,40.00,19
7351.000,7351.000,40.00,0
7352.000,7352.000,40.00,0
7353.000,7353.000,40.00,0
7354.000,7354.000,40.00,0
7355.000,7355.000,40.00,0
7356.000,7356.000,40.00,0
7357.000,7357.000,40.00,0
7358.000,7358.000,40.00,0
7360.000,7360.000,40.00,0
7361.000,7361.000,40.00,0
7362.000,7362.000,40.00,0
7363.000,7363.000,40.00,0
7364.000,7364.000,40.00,0
7365.000,7365.000,40.00,0
7366.000,7366.000,40.00,0
7367.000,7367.000,40.00,2
7368.000,7368.000,40.00,0
7369.000,7369.000,40.00,2
7370.000,7370.000,40.00,2
7371.000,7371.000,40.00,0
7372.000,7372.000,40.00,0
7373.000,7373.000,40.00,0
7375.000,7375.000,40.00,0
7376.000,7376.000,40.00,0
7376.000,7376.000,40.00,0
7377.000,7377.000,40.00,6
7378.000,7378.000,40.00,11
7379.000,7379.000,40.00,41
7380.000,7380.000,40.00,0
7381.000,7381.000,40.00,2
7382.000,7382.000,40.00,0
7383.000,7383.000,40.00,2
7385.000,7385.000,40.00,2
7386.000,7386.000,40.00,0
7387.000,7387.000,40.00,10733
7388.000,7388.000,40.00,17120
7389.000,7389.000,40.00,0
7390.000,7390.000,40.00,0
7391.000,7391.000,40.00,0
7392.000,7392.000,40.00,0
7393.000,7393.000,40.00,0
7394.000,7394.000,40.00,0
7395.000,7395.000,40.00,0
7396.000,7396.000,40.00,0
7397.000,7397.000,40.00,0
7399.000,7399.000,40.00,0
7400.000,7400.000,40.00,0
7401.000,7401.000,40.00,0
7402.000,7402.000,40.00,2
7403.000,7403.000,40.00,0
7404.000,7404.000,40.00,2
7405.000,7405.000,40.00,0
7406.000,7406.000,40.00,2
7407.000,7407.000,40.00,0
7408.000,7408.000,40.00,0
7409.000,7409.000,40.00,15
7410.000,7410.000,40.00,0
7411.000,7411.000,40.00,0
7413.000,7413.000,40.00,0
7414.000,7414.000,40.00,0
7415.000,7415.000,40.00,0
7416.000,7416.000,40.00,0
7417.000,7417.000,40.00,0
7418.000,7418.000,40.00,0
7419.000,7419.000,40.00,0
7420.000,7420.000,40.00,0
7421.000,7421.000,40.00,0
7422.000,7422.000,40.00,0
7423.000,7423.000,40.00,2
7424.000,7424.000,40.00,0
7425.000,7425.000,40.00,2
7427.000,7427.000,40.00,2
7428.000,7428.000,40.00,0
7429.000,7429.000,40.00,0
7430.000,7430.000,40.00,0
7431.000,7431.000,40.00,0
7432.000,7432.000,40.00,0
7433.000,7433.000,40.00,33865
7434.000,7434.000,40.00,0
7435.000,7435.000,40.00,0
7436.000,7436.000,40.00,0
7437.000,7437.000,40.00,0
7438.000,7438.000,40.00,0
7440.000,7440.000,40.00,0
7441.000,7441.000,40.00,0
7442.000,7442.000,40.00,0
7443.000,7443.000,40.00,0
7444.000,7444.000,40.00,18
7445.000,7445.000,40.00,0
7446.000,7446.000,40.00,17
7447.000,7447.000,40.00,0
7448.000,7448.000,40.00,2
7449.000,7449.000,40.00,0
7450.000,7450.000,40.00,0
7451.000,7451.000,40.00,0
7452.000,7452.000,40.00,0
7453.000,7453.000,40.00,0
7455.000,7455.000,40.00,0
7456.000,7456.000,40.00,0
7457.000,7457.000,40.00,0
7458.000,7458.000,40.00,0
7459.000,7459.000,40.00,0
7460.000,7460.000,40.00,0
7461.000,7461.000,40.00,0
7462.000,7462.000,40.00,0
7463.000,7463.000,40.00,0
7464.000,7464.000,40.00,0
7465.000,7465.000,40.00,2
7466.000,7466.000,40.00,0
7467.000,7467.000,40.00,2
7469.000,7469.000,40.00,0
7470.000,7470.000,40.00,15
7471.000,7471.000,40.00,0
7472.000,7472.000,40.00,0
7473.000,7473.000,40.00,0
7474.000,7474.000,40.00,0
7475.000,7475.000,40.00,0
7476.000,7476.000,40.00,0
7477.000,7477.000,40.00,0
7478.000,7478.000,40.00,0
7479.000,7479.000,40.00,32183
7480.000,7480.000,40.00,0
7481.000,7481.000,40.00,0
7483.000,7483.000,40.00,0
7484.000,7484.000,40.00,0
7485.000,7485.000,40.00,0
7486.000,7486.000,40.00,2
7487.000,7487.000,40.00,0
7488.000,7488.000,40.00,2
7489.000,7489.000,40.00,0
7490.000,7490.000,40.00,2
7491.000,7491.000,40.00,0
7492.000,7492.000,40.00,0
7493.000,7493.000,40.00,0
7494.000,7494.000,40.00,0
7496.000,7496.000,40.00,0
7497.000,7497.000,40.00,0
7498.000,7498.000,40.00,0
7499.000,7499.000,40.00,0
7500.000,7500.000,40.00,0
7501.000,7501.000,40.00,0
7502.000,7502.000,40.00,0
7503.000,7503.000,40.00,0
7504.000,7504.000,40.00,15
7505.000,7505.000,40.00,0
7506.000,7506.000,40.00,0
7507.000,7507.000,40.00,2
7508.000,7508.000,40.00,0
7510.000,7510.000,40.00,2
7511.000,7511.000,40.00,2
7512.000,7512.000,40.00,0
7513.000,7513.000,40.00,0
7514.000,7514.000,40.00,0
7515.000,7515.000,40.00,0
7516.000,7516.000,40.00,0
7517.000,7517.000,40.00,0
7518.000,7518.000,40.00,0
7519.000,7519.000,40.00,0
7520.000,7520.000,40.00,0
7521.000,7521.000,40.00,0
7523.000,7523.000,40.00,0
7524.000,7524.000,40.00,0
7525.000,7525.000,40.00,31709
7526.000,7526.000,40.00,0
7527.000,7527.000,40.00,0
7528.000,7528.000,40.00,2
7529.000,7529.000,40.00,0
7530.000,7530.000,40.00,18
7531.000,7531.000,40.00,0
7532.000,7532.000,40.00,2
7533.000,7533.000,40.00,0
7534.000,7534.000,40.00,0
7535.000,7535.000,40.00,0
7537.000,7537.000,40.00,0
7538.000,7538.000,40.00,0
7539.000,7539.000,40.00,0
7540.000,7540.000,40.00,0
7541.000,7541.000,40.00,0
7542.000,7542.000,40.00,0
7543.000,7543.000,40.00,0
7544.000,7544.000,40.00,0
7545.000,7545.000,40.00,0
7546.000,7546.000,40.00,0
7547.000,7547.000,40.00,0
7548.000,7548.000,40.00,0
7550.000,7550.000,40.00,2
7551.000,7551.000,40.00,2
7552.000,7552.000,40.00,0
7553.000,7553.000,40.00,2
7554.000,7554.000,40.00,0
7555.000,7555.000,40.00,0
7556.000,7556.000,40.00,0
7557.000,7557.000,40.00,0
7558.000,7558.000,40.00,0
7559.000,7559.000,40.00,0
7560.000,7560.000,40.00,0
7561.000,7561.000,40.00,0
7563.000,7563.000,40.00,0
7564.000,7564.000,40.00,0
7565.000,7565.000,40.00,0
7566.000,7566.000,40.00,0
7567.000,7567.000,40.00,0
7568.000,7568.000,40.00,0
7569.000,7569.000,40.00,0
7570.000,7570.000,40.00,22207
7571.000,7571.000,40.00,1609
7572.000,7572.000,40.00,2
7573.000,7573.000,40.00,0
7574.000,7574.000,40.00,2
7575.000,7575.000,40.00,0
7577.000,7577.000,40.00,0
7578.000,7578.000,40.00,0
7579.000,7579.000,40.00,0
7580.000,7580.000,40.00,0
7581.000,7581.000,40.00,0
7582.000,7582.000,40.00,0
7583.000,7583.000,40.00,0
7584.000,7584.000,40.00,0
7585.000,7585.000,40.00,0
7586.000,7586.000,40.00,0
7587.000,7587.000,40.00,0
7588.000,7588.000,40.00,0
7590.000,7590.000,40.00,15
7591.000,7591.000,40.00,0
7592.000,7592.000,40.00,0
7593.000,7593.000,40.00,2
7594.000,7594.000,40.00,0
7595.000,7595.000,40.00,2
7596.000,7596.000,40.00,0
7597.000,7597.000,40.00,0
7598.000,7598.000,40.00,0
7599.000,7599.000,40.00,0
7600.000,7600.000,40.00,0
7601.000,7601.000,40.00,0
7602.000,7602.000,40.00,0
7604.000,7604.000,40.00,0
7605.000,7605.000,40.00,0
7606.000,7606.000,40.00,0
7607.000,7607.000,40.00,0
7608.000,7608.000,40.00,0
7609.000,7609.000,40.00,0
7610.000,7610.000,40.00,0
7611.000,7611.000,40.00,0
7612.000,7612.000,40.00,2
7613.000,7613.000,40.00,0
7614.000,7614.000,40.00,2
7615.000,7615.000,40.00,6926
7616.000,7616.000,40.00,19138
7618.000,7618.000,40.00,2
7619.000,7619.000,40.00,0
7620.000,7620.000,40.00,0
7621.000,7621.000,40.00,1
7622.000,7622.000,40.00,0
7623.000,7623.000,40.00,0
7624.000,7624.000,40.00,0
7625.000,7625.000,40.00,0
7626.000,7626.000,40.00,0
7627.000,7627.000,40.00,0
7628.000,7628.000,40.00,0
7629.000,7629.000,40.00,0
7630.000,7630.000,40.00,0
7632.000,7632.000,40.00,0
7633.000,7633.000,40.00,0
7634.000,7634.000,40.00,0
7635.000,7635.000,40.00,2
7636.000,7636.000,40.00,0
7637.000,7637.000,40.00,2
7638.000,7638.000,40.00,78
7639.000,7639.000,40.00,0
7640.000,7640.000,40.00,0
7641.000,7641.000,40.00,0
7642.000,7642.000,40.00,0
7643.000,7643.000,40.00,0
7645.000,7645.000,40.00,0
7646.000,7646.000,40.00,0
7647.000,7647.000,40.00,11
7648.000,7648.000,40.00,0
7649.000,7649.000,40.00,0
7650.000,7650.000,40.00,16
7651.000,7651.000,40.00,0
7652.000,7652.000,40.00,0
7653.000,7653.000,40.00,0
7654.000,7654.000,40.00,2
7655.000,7655.000,40.00,0
7656.000,7656.000,40.00,2
7657.000,7657.000,40.00,0
7659.000,7659.000,40.00,2
7660.000,7660.000,40.00,0
7661.000,7661.000,40.00,0
7662.000,7662.000,40.00,32766
7663.000,7663.000,40.00,0
7664.000,7664.000,40.00,0
7665.000,7665.000,40.00,0
7666.000,7666.000,40.00,0
7667.000,7667.000,40.00,0
7668.000,7668.000,40.00,0
7669.000,7669.000,40.00,0
7670.000,7670.000,40.00,0
7671.000,7671.000,40.00,0
7673.000,7673.000,40.00,0
7674.000,7674.000,40.00,0
7675.000,7675.000,40.00,2
7676.000,7676.000,40.00,0
7677.000,7677.000,40.00,2
7678.000,7678.000,40.00,0
7679.000,7679.000,40.00,2
7680.000,7680.000,40.00,0
7681.000,7681.000,40.00,0
7682.000,7682.000,40.00,0
7683.000,7683.000,40.00,0
7684.000,7684.000,40.00,0
7685.000,7685.000,40.00,0
7687.000,7687.000,40.00,0
7688.000,7688.000,40.00,0
7689.000,7689.000,40.00,0
7690.000,7690.000,40.00,0
7691.000,7691.000,40.00,0
7692.000,7692.000,40.00,0
7693.000,7693.000,40.00,0
7694.000,7694.000,40.00,0
7695.000,7695.000,40.00,0
7696.000,7696.000,40.00,2
7697.000,7697.000,40.00,0
7698.000,7698.000,40.00,2
7699.000,7699.000,40.00,0
7701.000,7701.000,40.00,2
7702.000,7702.000,40.00,0
7703.000,7703.000,40.00,0
7704.000,7704.000,40.00,0
7705.000,7705.000,40.00,0
7706.000,7706.000,40.00,0
7707.000,7707.000,40.00,34802
7708.000,7708.000,40.00,0
7709.000,7709.000,40.00,0
7710.000,7710.000,40.00,15
7711.000,7711.000,40.00,0
7712.000,7712.000,40.00,0
7713.000,7713.000,40.00,0
7715.000,7715.000,40.00,0
7716.000,7716.000,40.00,0
7717.000,7717.000,40.00,2
7718.000,7718.000,40.00,0
7719.000,7719.000,40.00,2
7720.000,7720.000,40.00,0
7721.000,7721.000,40.00,2
7722.000,7722.000,40.00,0
7723.000,7723.000,40.00,0
7724.000,7724.000,40.00,0
7725.000,7725.000,40.00,0
7727.000,7727.000,40.00,0
7728.000,7728.000,40.00,0
7729.000,7729.000,40.00,0
7730.000,7730.000,40.00,0
7731.000,7731.000,40.00,0
7732.000,7732.000,40.00,0
7733.000,7733.000,40.00,0
7734.000,7734.000,40.00,0
7735.000,7735.000,40.00,1
7736.000,7736.000,40.00,0
7737.000,7737.000,40.00,0
7738.000,7738.000,40.00,2
7739.000,7739.000,40.00,0
7741.000,7741.000,40.00,2
7742.000,7742.000,40.00,0
7743.000,7743.000,40.00,2
7744.000,7744.000,40.00,0
7745.000,7745.000,40.00,0
7746.000,7746.000,40.00,15
7747.000,7747.000,40.00,77
7748.000,7748.000,40.00,174
7749.000,7749.000,40.00,36507
7750.000,7750.000,40.00,18439
7751.000,7751.000,40.00,0
7752.000,7752.000,40.00,0
