[moq2 / 5g-ireland] 16:23:43 — 83 traces

======================================================================
  BATCH RUN: 83 trace(s) from traces/5g-ireland
======================================================================


──────────────────────────────────────────────────────────────────────
  [1/83] amazon_prime_driving_animated-adventuretime_B_2019_11_28_07_27_57_tc.csv
──────────────────────────────────────────────────────────────────────

======================================================================
  MOQ2 Streaming QoE Benchmark (moq-dev/moq official stack)
======================================================================
  Relay:   http://127.0.0.1:4446
  Player:  http://127.0.0.1:8095/player.html
  Trace:   traces/5g-ireland/amazon_prime_driving_animated-adventuretime_B_2019_11_28_07_27_57_tc.csv
======================================================================

   Publisher quality: 100 kbps
[BROWSER] Launching headless Chromium (MOQ2)...
127.0.0.1 - - [26/May/2026 16:23:49] "GET /player.html HTTP/1.1" 200 -
127.0.0.1 - - [26/May/2026 16:23:49] "GET /moq-bundle.js HTTP/1.1" 200 -
   Startup delay: 143ms

[PLAYBACK] Collecting metrics...
   t=10s | buffer: 177.7s | quality: 100 kbps | trace_bw: 2719 kbps
   t=20s | buffer: 608.0s | quality: 100 kbps | trace_bw: 0 kbps
   t=30s | buffer: 617.9s | quality: 100 kbps | trace_bw: 948 kbps
   t=41s | buffer: 635.8s | quality: 100 kbps | trace_bw: 279 kbps
   t=51s | buffer: 661.6s | quality: 100 kbps | trace_bw: 1053 kbps
   t=61s | buffer: 671.5s | quality: 100 kbps | trace_bw: 759 kbps
   t=71s | buffer: 677.3s | quality: 100 kbps | trace_bw: 275 kbps
   t=81s | buffer: 687.2s | quality: 100 kbps | trace_bw: 276 kbps
   t=91s | buffer: 709.1s | quality: 100 kbps | trace_bw: 280 kbps
   t=101s | buffer: 714.9s | quality: 100 kbps | trace_bw: 279 kbps
   t=112s | buffer: 736.8s | quality: 100 kbps | trace_bw: 277 kbps

======================================================================
  BENCHMARK RESULTS (MOQ2 / moq-dev official stack)
======================================================================

  [TIMING]
      Startup delay:     143 ms
      Playback time:     120.3 s

  [BITRATE]
      Average (selected):  100 kbps
      Average (effective): 100 kbps

  [REBUFFERING]
      Events:            1
      Total time:        2 ms
      Ratio:             0.0012%

  [THROUGHPUT]
      Average:           1,395 kbps

  [AVAILABLE BW (trace)]
      Average:           1,395 kbps

======================================================================

[SAVED] results/results/run_all_20260525_151403/moq2_5g-ireland/benchmark_moq2_amazon_prime_driving_animated-adventuretime_B_2019_11_28_07_27_57_tc_20260526_162343.json

──────────────────────────────────────────────────────────────────────
  [2/83] amazon_prime_driving_animated-adventuretime_B_2019_11_28_10_14_25_tc.csv
──────────────────────────────────────────────────────────────────────

======================================================================
  MOQ2 Streaming QoE Benchmark (moq-dev/moq official stack)
======================================================================
  Relay:   http://127.0.0.1:4446
  Player:  http://127.0.0.1:8095/player.html
  Trace:   traces/5g-ireland/amazon_prime_driving_animated-adventuretime_B_2019_11_28_10_14_25_tc.csv
======================================================================

   Publisher quality: 100 kbps
[BROWSER] Launching headless Chromium (MOQ2)...
127.0.0.1 - - [26/May/2026 16:25:55] "GET /player.html HTTP/1.1" 200 -
127.0.0.1 - - [26/May/2026 16:25:55] "GET /moq-bundle.js HTTP/1.1" 200 -
   Startup delay: 154ms

[PLAYBACK] Collecting metrics...
   t=10s | buffer: 77.7s | quality: 100 kbps | trace_bw: 12 kbps
   t=20s | buffer: 79.6s | quality: 100 kbps | trace_bw: 0 kbps
   t=30s | buffer: 649.9s | quality: 100 kbps | trace_bw: 54316 kbps
   t=41s | buffer: 663.8s | quality: 100 kbps | trace_bw: 0 kbps
   t=51s | buffer: 661.6s | quality: 100 kbps | trace_bw: 1420 kbps
   t=61s | buffer: 687.5s | quality: 100 kbps | trace_bw: 281 kbps
   t=71s | buffer: 709.3s | quality: 100 kbps | trace_bw: 1757 kbps
   t=81s | buffer: 707.2s | quality: 100 kbps | trace_bw: 274 kbps
   t=91s | buffer: 713.1s | quality: 100 kbps | trace_bw: 844 kbps
   t=101s | buffer: 718.9s | quality: 100 kbps | trace_bw: 281 kbps
   t=112s | buffer: 728.8s | quality: 100 kbps | trace_bw: 0 kbps

======================================================================
  BENCHMARK RESULTS (MOQ2 / moq-dev official stack)
======================================================================

  [TIMING]
      Startup delay:     154 ms
      Playback time:     120.3 s

  [BITRATE]
      Average (selected):  100 kbps
      Average (effective): 100 kbps

  [REBUFFERING]
      Events:            1
      Total time:        2 ms
      Ratio:             0.0019%

  [THROUGHPUT]
      Average:           1,699 kbps

  [AVAILABLE BW (trace)]
      Average:           1,699 kbps

======================================================================

[SAVED] results/results/run_all_20260525_151403/moq2_5g-ireland/benchmark_moq2_amazon_prime_driving_animated-adventuretime_B_2019_11_28_10_14_25_tc_20260526_162549.json

──────────────────────────────────────────────────────────────────────
  [3/83] amazon_prime_driving_animated-adventuretime_B_2019_11_28_12_05_29_tc.csv
──────────────────────────────────────────────────────────────────────

======================================================================
  MOQ2 Streaming QoE Benchmark (moq-dev/moq official stack)
======================================================================
  Relay:   http://127.0.0.1:4446
  Player:  http://127.0.0.1:8095/player.html
  Trace:   traces/5g-ireland/amazon_prime_driving_animated-adventuretime_B_2019_11_28_12_05_29_tc.csv
======================================================================

   Publisher quality: 200 kbps
[BROWSER] Launching headless Chromium (MOQ2)...
127.0.0.1 - - [26/May/2026 16:28:01] "GET /player.html HTTP/1.1" 200 -
127.0.0.1 - - [26/May/2026 16:28:01] "GET /moq-bundle.js HTTP/1.1" 200 -
   Startup delay: 143ms

[PLAYBACK] Collecting metrics...
   t=10s | buffer: 569.7s | quality: 200 kbps | trace_bw: 37315 kbps
   t=20s | buffer: 592.1s | quality: 200 kbps | trace_bw: 0 kbps
   t=30s | buffer: 605.9s | quality: 200 kbps | trace_bw: 875 kbps
   t=41s | buffer: 603.8s | quality: 200 kbps | trace_bw: 276 kbps
   t=51s | buffer: 613.6s | quality: 200 kbps | trace_bw: 1802 kbps
   t=61s | buffer: 615.5s | quality: 200 kbps | trace_bw: 225 kbps
   t=71s | buffer: 625.4s | quality: 200 kbps | trace_bw: 277 kbps
   t=81s | buffer: 627.2s | quality: 200 kbps | trace_bw: 0 kbps
   t=91s | buffer: 629.1s | quality: 200 kbps | trace_bw: 907 kbps
   t=101s | buffer: 630.9s | quality: 200 kbps | trace_bw: 276 kbps
   t=112s | buffer: 628.8s | quality: 200 kbps | trace_bw: 0 kbps

======================================================================
  BENCHMARK RESULTS (MOQ2 / moq-dev official stack)
======================================================================

  [TIMING]
      Startup delay:     143 ms
      Playback time:     120.3 s

  [BITRATE]
      Average (selected):  200 kbps
      Average (effective): 200 kbps

  [REBUFFERING]
      Events:            1
      Total time:        2 ms
      Ratio:             0.0017%

  [THROUGHPUT]
      Average:           1,846 kbps

  [AVAILABLE BW (trace)]
      Average:           1,846 kbps

======================================================================

[SAVED] results/results/run_all_20260525_151403/moq2_5g-ireland/benchmark_moq2_amazon_prime_driving_animated-adventuretime_B_2019_11_28_12_05_29_tc_20260526_162755.json

──────────────────────────────────────────────────────────────────────
  [4/83] amazon_prime_driving_animated-adventuretime_B_2019_11_28_14_53_29_tc.csv
──────────────────────────────────────────────────────────────────────

======================================================================
  MOQ2 Streaming QoE Benchmark (moq-dev/moq official stack)
======================================================================
  Relay:   http://127.0.0.1:4446
  Player:  http://127.0.0.1:8095/player.html
  Trace:   traces/5g-ireland/amazon_prime_driving_animated-adventuretime_B_2019_11_28_14_53_29_tc.csv
======================================================================

   Publisher quality: 100 kbps
[BROWSER] Launching headless Chromium (MOQ2)...
127.0.0.1 - - [26/May/2026 16:30:07] "GET /player.html HTTP/1.1" 200 -
127.0.0.1 - - [26/May/2026 16:30:07] "GET /moq-bundle.js HTTP/1.1" 200 -
   Startup delay: 140ms

[PLAYBACK] Collecting metrics...
   t=10s | buffer: 2.4s | quality: 100 kbps | trace_bw: 2 kbps
   t=20s | buffer: 20.3s | quality: 100 kbps | trace_bw: 881 kbps
   t=30s | buffer: 14.1s | quality: 100 kbps | trace_bw: 1 kbps
   t=41s | buffer: 20.0s | quality: 100 kbps | trace_bw: 279 kbps
   t=51s | buffer: 37.9s | quality: 100 kbps | trace_bw: 3130 kbps
   t=61s | buffer: 47.7s | quality: 100 kbps | trace_bw: 3 kbps
   t=71s | buffer: 65.6s | quality: 100 kbps | trace_bw: 1822 kbps
   t=81s | buffer: 75.4s | quality: 100 kbps | trace_bw: 275 kbps
   t=91s | buffer: 73.3s | quality: 100 kbps | trace_bw: 1338 kbps
   t=101s | buffer: 83.2s | quality: 100 kbps | trace_bw: 2301 kbps
   t=112s | buffer: 85.0s | quality: 100 kbps | trace_bw: 282 kbps

======================================================================
  BENCHMARK RESULTS (MOQ2 / moq-dev official stack)
======================================================================

  [TIMING]
      Startup delay:     140 ms
      Playback time:     119.6 s

  [BITRATE]
      Average (selected):  100 kbps
      Average (effective): 99 kbps

  [REBUFFERING]
      Events:            4
      Total time:        674 ms
      Ratio:             0.5607%

  [THROUGHPUT]
      Average:           1,421 kbps

  [AVAILABLE BW (trace)]
      Average:           1,421 kbps

======================================================================

[SAVED] results/results/run_all_20260525_151403/moq2_5g-ireland/benchmark_moq2_amazon_prime_driving_animated-adventuretime_B_2019_11_28_14_53_29_tc_20260526_163002.json

──────────────────────────────────────────────────────────────────────
  [5/83] amazon_prime_driving_animated-adventuretime_B_2019_11_28_17_18_56_tc.csv
──────────────────────────────────────────────────────────────────────

======================================================================
  MOQ2 Streaming QoE Benchmark (moq-dev/moq official stack)
======================================================================
  Relay:   http://127.0.0.1:4446
  Player:  http://127.0.0.1:8095/player.html
  Trace:   traces/5g-ireland/amazon_prime_driving_animated-adventuretime_B_2019_11_28_17_18_56_tc.csv
======================================================================

   Publisher quality: 100 kbps
[BROWSER] Launching headless Chromium (MOQ2)...
127.0.0.1 - - [26/May/2026 16:32:13] "GET /player.html HTTP/1.1" 200 -
127.0.0.1 - - [26/May/2026 16:32:13] "GET /moq-bundle.js HTTP/1.1" 200 -
   Startup delay: 158ms

[PLAYBACK] Collecting metrics...
   t=10s | buffer: 0.7s | quality: 100 kbps | trace_bw: 0 kbps
   t=20s | buffer: 775.0s | quality: 100 kbps | trace_bw: 7708 kbps
   t=30s | buffer: 768.8s | quality: 100 kbps | trace_bw: 5 kbps
   t=41s | buffer: 778.7s | quality: 100 kbps | trace_bw: 2559 kbps
   t=51s | buffer: 772.5s | quality: 100 kbps | trace_bw: 0 kbps
   t=61s | buffer: 786.4s | quality: 100 kbps | trace_bw: 2424 kbps
   t=71s | buffer: 784.2s | quality: 100 kbps | trace_bw: 0 kbps
   t=81s | buffer: 786.1s | quality: 100 kbps | trace_bw: 0 kbps
   t=91s | buffer: 807.9s | quality: 100 kbps | trace_bw: 465 kbps
   t=102s | buffer: 805.8s | quality: 100 kbps | trace_bw: 101 kbps
   t=112s | buffer: 819.6s | quality: 100 kbps | trace_bw: 0 kbps

======================================================================
  BENCHMARK RESULTS (MOQ2 / moq-dev official stack)
======================================================================

  [TIMING]
      Startup delay:     158 ms
      Playback time:     117.5 s

  [BITRATE]
      Average (selected):  100 kbps
      Average (effective): 98 kbps

  [REBUFFERING]
      Events:            2
      Total time:        2,984 ms
      Ratio:             2.4770%

  [THROUGHPUT]
      Average:           1,479 kbps

  [AVAILABLE BW (trace)]
      Average:           1,479 kbps

======================================================================

[SAVED] results/results/run_all_20260525_151403/moq2_5g-ireland/benchmark_moq2_amazon_prime_driving_animated-adventuretime_B_2019_11_28_17_18_56_tc_20260526_163208.json

──────────────────────────────────────────────────────────────────────
  [6/83] amazon_prime_driving_animated-adventuretime_B_2019_11_29_09_37_23_tc.csv
──────────────────────────────────────────────────────────────────────

======================================================================
  MOQ2 Streaming QoE Benchmark (moq-dev/moq official stack)
======================================================================
  Relay:   http://127.0.0.1:4446
  Player:  http://127.0.0.1:8095/player.html
  Trace:   traces/5g-ireland/amazon_prime_driving_animated-adventuretime_B_2019_11_29_09_37_23_tc.csv
======================================================================

   Publisher quality: 100 kbps
[BROWSER] Launching headless Chromium (MOQ2)...
127.0.0.1 - - [26/May/2026 16:34:19] "GET /player.html HTTP/1.1" 200 -
127.0.0.1 - - [26/May/2026 16:34:19] "GET /moq-bundle.js HTTP/1.1" 200 -
   Startup delay: 143ms

[PLAYBACK] Collecting metrics...
   t=10s | buffer: 2.4s | quality: 100 kbps | trace_bw: 1 kbps
   t=20s | buffer: 656.7s | quality: 100 kbps | trace_bw: 8713 kbps
   t=30s | buffer: 1006.6s | quality: 100 kbps | trace_bw: 286 kbps
   t=41s | buffer: 1004.5s | quality: 100 kbps | trace_bw: 0 kbps
   t=51s | buffer: 1018.3s | quality: 100 kbps | trace_bw: 277 kbps
   t=61s | buffer: 1084.2s | quality: 100 kbps | trace_bw: 1283 kbps
   t=71s | buffer: 1094.1s | quality: 100 kbps | trace_bw: 2359 kbps
   t=81s | buffer: 1140.4s | quality: 100 kbps | trace_bw: 282 kbps
   t=91s | buffer: 1158.2s | quality: 100 kbps | trace_bw: 167 kbps
   t=101s | buffer: 1164.1s | quality: 100 kbps | trace_bw: 0 kbps
   t=112s | buffer: 1181.9s | quality: 100 kbps | trace_bw: 0 kbps

======================================================================
  BENCHMARK RESULTS (MOQ2 / moq-dev official stack)
======================================================================

  [TIMING]
      Startup delay:     143 ms
      Playback time:     119.6 s

  [BITRATE]
      Average (selected):  100 kbps
      Average (effective): 99 kbps

  [REBUFFERING]
      Events:            2
      Total time:        682 ms
      Ratio:             0.5672%

  [THROUGHPUT]
      Average:           1,646 kbps

  [AVAILABLE BW (trace)]
      Average:           1,646 kbps

======================================================================

[SAVED] results/results/run_all_20260525_151403/moq2_5g-ireland/benchmark_moq2_amazon_prime_driving_animated-adventuretime_B_2019_11_29_09_37_23_tc_20260526_163414.json

──────────────────────────────────────────────────────────────────────
  [7/83] amazon_prime_driving_animated-adventuretime_B_2019_11_29_13_05_25_tc.csv
──────────────────────────────────────────────────────────────────────

======================================================================
  MOQ2 Streaming QoE Benchmark (moq-dev/moq official stack)
======================================================================
  Relay:   http://127.0.0.1:4446
  Player:  http://127.0.0.1:8095/player.html
  Trace:   traces/5g-ireland/amazon_prime_driving_animated-adventuretime_B_2019_11_29_13_05_25_tc.csv
======================================================================

   Publisher quality: 200 kbps
[BROWSER] Launching headless Chromium (MOQ2)...
127.0.0.1 - - [26/May/2026 16:36:25] "GET /player.html HTTP/1.1" 200 -
127.0.0.1 - - [26/May/2026 16:36:25] "GET /moq-bundle.js HTTP/1.1" 200 -
   Startup delay: 153ms

[PLAYBACK] Collecting metrics...
   t=10s | buffer: 13.7s | quality: 200 kbps | trace_bw: 0 kbps
   t=20s | buffer: 51.6s | quality: 200 kbps | trace_bw: 7256 kbps
   t=30s | buffer: 373.4s | quality: 200 kbps | trace_bw: 7632 kbps
   t=41s | buffer: 495.3s | quality: 200 kbps | trace_bw: 3 kbps
   t=51s | buffer: 493.1s | quality: 200 kbps | trace_bw: 1086 kbps
   t=61s | buffer: 494.9s | quality: 200 kbps | trace_bw: 140 kbps
   t=71s | buffer: 492.8s | quality: 200 kbps | trace_bw: 0 kbps
   t=81s | buffer: 494.6s | quality: 200 kbps | trace_bw: 0 kbps
   t=91s | buffer: 504.4s | quality: 200 kbps | trace_bw: 2 kbps
   t=102s | buffer: 498.7s | quality: 200 kbps | trace_bw: 0 kbps
   t=112s | buffer: 500.6s | quality: 200 kbps | trace_bw: 3676 kbps

======================================================================
  BENCHMARK RESULTS (MOQ2 / moq-dev official stack)
======================================================================

  [TIMING]
      Startup delay:     153 ms
      Playback time:     120.5 s

  [BITRATE]
      Average (selected):  200 kbps
      Average (effective): 200 kbps

  [REBUFFERING]
      Events:            1
      Total time:        2 ms
      Ratio:             0.0016%

  [THROUGHPUT]
      Average:           1,298 kbps

  [AVAILABLE BW (trace)]
      Average:           1,298 kbps

======================================================================

[SAVED] results/results/run_all_20260525_151403/moq2_5g-ireland/benchmark_moq2_amazon_prime_driving_animated-adventuretime_B_2019_11_29_13_05_25_tc_20260526_163620.json

──────────────────────────────────────────────────────────────────────
  [8/83] amazon_prime_driving_season3-theexpanse_B_2019_12_01_12_11_21_tc.csv
──────────────────────────────────────────────────────────────────────

======================================================================
  MOQ2 Streaming QoE Benchmark (moq-dev/moq official stack)
======================================================================
  Relay:   http://127.0.0.1:4446
  Player:  http://127.0.0.1:8095/player.html
  Trace:   traces/5g-ireland/amazon_prime_driving_season3-theexpanse_B_2019_12_01_12_11_21_tc.csv
======================================================================

   Publisher quality: 200 kbps
[BROWSER] Launching headless Chromium (MOQ2)...
127.0.0.1 - - [26/May/2026 16:38:31] "GET /player.html HTTP/1.1" 200 -
127.0.0.1 - - [26/May/2026 16:38:31] "GET /moq-bundle.js HTTP/1.1" 200 -
   Startup delay: 144ms

[PLAYBACK] Collecting metrics...
   t=10s | buffer: 0.1s | quality: 200 kbps | trace_bw: 3424 kbps
   t=20s | buffer: 0.3s | quality: 200 kbps | trace_bw: 2 kbps
   t=30s | buffer: 2.1s | quality: 200 kbps | trace_bw: 0 kbps
   t=41s | buffer: 4.0s | quality: 200 kbps | trace_bw: 0 kbps
   t=51s | buffer: 137.8s | quality: 200 kbps | trace_bw: 35773 kbps
   t=61s | buffer: 143.6s | quality: 200 kbps | trace_bw: 276 kbps
   t=71s | buffer: 141.5s | quality: 200 kbps | trace_bw: 279 kbps
   t=81s | buffer: 147.3s | quality: 200 kbps | trace_bw: 280 kbps
   t=91s | buffer: 153.2s | quality: 200 kbps | trace_bw: 0 kbps
   t=102s | buffer: 163.0s | quality: 200 kbps | trace_bw: 285 kbps
   t=112s | buffer: 164.9s | quality: 200 kbps | trace_bw: 278 kbps

======================================================================
  BENCHMARK RESULTS (MOQ2 / moq-dev official stack)
======================================================================

  [TIMING]
      Startup delay:     144 ms
      Playback time:     103.8 s

  [BITRATE]
      Average (selected):  200 kbps
      Average (effective): 172 kbps

  [REBUFFERING]
      Events:            8
      Total time:        16,712 ms
      Ratio:             13.8705%

  [THROUGHPUT]
      Average:           1,905 kbps

  [AVAILABLE BW (trace)]
      Average:           1,905 kbps

======================================================================

[SAVED] results/results/run_all_20260525_151403/moq2_5g-ireland/benchmark_moq2_amazon_prime_driving_season3-theexpanse_B_2019_12_01_12_11_21_tc_20260526_163826.json

──────────────────────────────────────────────────────────────────────
  [9/83] amazon_prime_driving_season3-theexpanse_B_2019_12_01_13_05_00_tc.csv
──────────────────────────────────────────────────────────────────────

======================================================================
  MOQ2 Streaming QoE Benchmark (moq-dev/moq official stack)
======================================================================
  Relay:   http://127.0.0.1:4446
  Player:  http://127.0.0.1:8095/player.html
  Trace:   traces/5g-ireland/amazon_prime_driving_season3-theexpanse_B_2019_12_01_13_05_00_tc.csv
======================================================================

   Publisher quality: 200 kbps
[BROWSER] Launching headless Chromium (MOQ2)...
127.0.0.1 - - [26/May/2026 16:40:37] "GET /player.html HTTP/1.1" 200 -
127.0.0.1 - - [26/May/2026 16:40:37] "GET /moq-bundle.js HTTP/1.1" 200 -
   Startup delay: 149ms

[PLAYBACK] Collecting metrics...
   t=10s | buffer: 0.1s | quality: 200 kbps | trace_bw: 11 kbps
   t=20s | buffer: 0.2s | quality: 200 kbps | trace_bw: 0 kbps
   t=30s | buffer: 22.1s | quality: 200 kbps | trace_bw: 5 kbps
   t=41s | buffer: 27.9s | quality: 200 kbps | trace_bw: 910 kbps
   t=51s | buffer: 25.7s | quality: 200 kbps | trace_bw: 283 kbps
   t=61s | buffer: 23.6s | quality: 200 kbps | trace_bw: 0 kbps
   t=71s | buffer: 21.4s | quality: 200 kbps | trace_bw: 282 kbps
   t=81s | buffer: 27.2s | quality: 200 kbps | trace_bw: 0 kbps
   t=91s | buffer: 21.1s | quality: 200 kbps | trace_bw: 1 kbps
   t=102s | buffer: 26.9s | quality: 200 kbps | trace_bw: 409 kbps
   t=112s | buffer: 24.7s | quality: 200 kbps | trace_bw: 0 kbps

======================================================================
  BENCHMARK RESULTS (MOQ2 / moq-dev official stack)
======================================================================

  [TIMING]
      Startup delay:     149 ms
      Playback time:     115.9 s

  [BITRATE]
      Average (selected):  200 kbps
      Average (effective): 192 kbps

  [REBUFFERING]
      Events:            4
      Total time:        4,665 ms
      Ratio:             3.8686%

  [THROUGHPUT]
      Average:           1,525 kbps

  [AVAILABLE BW (trace)]
      Average:           1,525 kbps

======================================================================

[SAVED] results/results/run_all_20260525_151403/moq2_5g-ireland/benchmark_moq2_amazon_prime_driving_season3-theexpanse_B_2019_12_01_13_05_00_tc_20260526_164032.json

──────────────────────────────────────────────────────────────────────
  [10/83] amazon_prime_driving_season3-theexpanse_B_2019_12_02_07_26_15_tc.csv
──────────────────────────────────────────────────────────────────────

======================================================================
  MOQ2 Streaming QoE Benchmark (moq-dev/moq official stack)
======================================================================
  Relay:   http://127.0.0.1:4446
  Player:  http://127.0.0.1:8095/player.html
  Trace:   traces/5g-ireland/amazon_prime_driving_season3-theexpanse_B_2019_12_02_07_26_15_tc.csv
======================================================================

   Publisher quality: 200 kbps
[BROWSER] Launching headless Chromium (MOQ2)...
127.0.0.1 - - [26/May/2026 16:42:44] "GET /player.html HTTP/1.1" 200 -
127.0.0.1 - - [26/May/2026 16:42:44] "GET /moq-bundle.js HTTP/1.1" 200 -
   Startup delay: 155ms

[PLAYBACK] Collecting metrics...
   t=10s | buffer: 0.1s | quality: 200 kbps | trace_bw: 20374 kbps
   t=20s | buffer: 4.2s | quality: 200 kbps | trace_bw: 1585 kbps
   t=30s | buffer: 2.1s | quality: 200 kbps | trace_bw: 893 kbps
   t=41s | buffer: 0.1s | quality: 200 kbps | trace_bw: 2197 kbps
   t=51s | buffer: 13.1s | quality: 200 kbps | trace_bw: 286 kbps
   t=61s | buffer: 26.9s | quality: 200 kbps | trace_bw: 1822 kbps
   t=71s | buffer: 32.8s | quality: 200 kbps | trace_bw: 138 kbps
   t=81s | buffer: 34.6s | quality: 200 kbps | trace_bw: 0 kbps
   t=92s | buffer: 40.4s | quality: 200 kbps | trace_bw: 0 kbps
   t=102s | buffer: 54.3s | quality: 200 kbps | trace_bw: 277 kbps
   t=112s | buffer: 52.1s | quality: 200 kbps | trace_bw: 0 kbps

======================================================================
  BENCHMARK RESULTS (MOQ2 / moq-dev official stack)
======================================================================

  [TIMING]
      Startup delay:     155 ms
      Playback time:     108.6 s

  [BITRATE]
      Average (selected):  200 kbps
      Average (effective): 180 kbps

  [REBUFFERING]
      Events:            5
      Total time:        12,042 ms
      Ratio:             9.9837%

  [THROUGHPUT]
      Average:           1,275 kbps

  [AVAILABLE BW (trace)]
      Average:           1,275 kbps

======================================================================

[SAVED] results/results/run_all_20260525_151403/moq2_5g-ireland/benchmark_moq2_amazon_prime_driving_season3-theexpanse_B_2019_12_02_07_26_15_tc_20260526_164239.json

──────────────────────────────────────────────────────────────────────
  [11/83] amazon_prime_driving_season3-theexpanse_B_2019_12_02_09_39_35_tc.csv
──────────────────────────────────────────────────────────────────────

======================================================================
  MOQ2 Streaming QoE Benchmark (moq-dev/moq official stack)
======================================================================
  Relay:   http://127.0.0.1:4446
  Player:  http://127.0.0.1:8095/player.html
  Trace:   traces/5g-ireland/amazon_prime_driving_season3-theexpanse_B_2019_12_02_09_39_35_tc.csv
======================================================================

   Publisher quality: 100 kbps
[BROWSER] Launching headless Chromium (MOQ2)...
127.0.0.1 - - [26/May/2026 16:44:51] "GET /player.html HTTP/1.1" 200 -
127.0.0.1 - - [26/May/2026 16:44:51] "GET /moq-bundle.js HTTP/1.1" 200 -
   Startup delay: 158ms

[PLAYBACK] Collecting metrics...
   t=10s | buffer: 1482.6s | quality: 100 kbps | trace_bw: 34727 kbps
   t=20s | buffer: 1796.9s | quality: 100 kbps | trace_bw: 0 kbps
   t=31s | buffer: 1798.7s | quality: 100 kbps | trace_bw: 0 kbps
   t=41s | buffer: 1800.6s | quality: 100 kbps | trace_bw: 0 kbps
   t=51s | buffer: 1798.4s | quality: 100 kbps | trace_bw: 1579 kbps
   t=61s | buffer: 1848.2s | quality: 100 kbps | trace_bw: 379 kbps
   t=71s | buffer: 1846.1s | quality: 100 kbps | trace_bw: 2155 kbps
   t=81s | buffer: 1863.9s | quality: 100 kbps | trace_bw: 271 kbps
   t=92s | buffer: 1865.7s | quality: 100 kbps | trace_bw: 281 kbps
   t=102s | buffer: 1871.6s | quality: 100 kbps | trace_bw: 276 kbps
   t=112s | buffer: 1885.4s | quality: 100 kbps | trace_bw: 2538 kbps

======================================================================
  BENCHMARK RESULTS (MOQ2 / moq-dev official stack)
======================================================================

  [TIMING]
      Startup delay:     158 ms
      Playback time:     120.6 s

  [BITRATE]
      Average (selected):  100 kbps
      Average (effective): 100 kbps

  [REBUFFERING]
      Events:            1
      Total time:        5 ms
      Ratio:             0.0039%

  [THROUGHPUT]
      Average:           2,257 kbps

  [AVAILABLE BW (trace)]
      Average:           2,257 kbps

======================================================================

[SAVED] results/results/run_all_20260525_151403/moq2_5g-ireland/benchmark_moq2_amazon_prime_driving_season3-theexpanse_B_2019_12_02_09_39_35_tc_20260526_164445.json

──────────────────────────────────────────────────────────────────────
  [12/83] amazon_prime_driving_season3-theexpanse_B_2019_12_02_12_41_17_tc.csv
──────────────────────────────────────────────────────────────────────

======================================================================
  MOQ2 Streaming QoE Benchmark (moq-dev/moq official stack)
======================================================================
  Relay:   http://127.0.0.1:4446
  Player:  http://127.0.0.1:8095/player.html
  Trace:   traces/5g-ireland/amazon_prime_driving_season3-theexpanse_B_2019_12_02_12_41_17_tc.csv
======================================================================

   Publisher quality: 200 kbps
[BROWSER] Launching headless Chromium (MOQ2)...
127.0.0.1 - - [26/May/2026 16:46:57] "GET /player.html HTTP/1.1" 200 -
127.0.0.1 - - [26/May/2026 16:46:57] "GET /moq-bundle.js HTTP/1.1" 200 -
   Startup delay: 158ms

[PLAYBACK] Collecting metrics...
   t=10s | buffer: 310.4s | quality: 200 kbps | trace_bw: 16686 kbps
   t=20s | buffer: 376.2s | quality: 200 kbps | trace_bw: 0 kbps
   t=31s | buffer: 1191.0s | quality: 200 kbps | trace_bw: 6008 kbps
   t=41s | buffer: 1232.8s | quality: 200 kbps | trace_bw: 0 kbps
   t=51s | buffer: 1258.6s | quality: 200 kbps | trace_bw: 277 kbps
   t=61s | buffer: 1260.5s | quality: 200 kbps | trace_bw: 98 kbps
   t=71s | buffer: 1266.3s | quality: 200 kbps | trace_bw: 0 kbps
   t=81s | buffer: 1276.1s | quality: 200 kbps | trace_bw: 0 kbps
   t=91s | buffer: 1298.0s | quality: 200 kbps | trace_bw: 66 kbps
   t=102s | buffer: 1315.8s | quality: 200 kbps | trace_bw: 5376 kbps
   t=112s | buffer: 1321.7s | quality: 200 kbps | trace_bw: 313 kbps

======================================================================
  BENCHMARK RESULTS (MOQ2 / moq-dev official stack)
======================================================================

  [TIMING]
      Startup delay:     158 ms
      Playback time:     119.9 s

  [BITRATE]
      Average (selected):  200 kbps
      Average (effective): 199 kbps

  [REBUFFERING]
      Events:            2
      Total time:        687 ms
      Ratio:             0.5699%

  [THROUGHPUT]
      Average:           2,972 kbps

  [AVAILABLE BW (trace)]
      Average:           2,972 kbps

======================================================================

[SAVED] results/results/run_all_20260525_151403/moq2_5g-ireland/benchmark_moq2_amazon_prime_driving_season3-theexpanse_B_2019_12_02_12_41_17_tc_20260526_164652.json

──────────────────────────────────────────────────────────────────────
  [13/83] amazon_prime_driving_season3-theexpanse_B_2019_12_03_07_29_22_tc.csv
──────────────────────────────────────────────────────────────────────

======================================================================
  MOQ2 Streaming QoE Benchmark (moq-dev/moq official stack)
======================================================================
  Relay:   http://127.0.0.1:4446
  Player:  http://127.0.0.1:8095/player.html
  Trace:   traces/5g-ireland/amazon_prime_driving_season3-theexpanse_B_2019_12_03_07_29_22_tc.csv
======================================================================

   Publisher quality: 200 kbps
[BROWSER] Launching headless Chromium (MOQ2)...
127.0.0.1 - - [26/May/2026 16:49:04] "GET /player.html HTTP/1.1" 200 -
127.0.0.1 - - [26/May/2026 16:49:04] "GET /moq-bundle.js HTTP/1.1" 200 -
   Startup delay: 140ms

[PLAYBACK] Collecting metrics...
   t=10s | buffer: 2.4s | quality: 200 kbps | trace_bw: 0 kbps
   t=20s | buffer: 0.2s | quality: 200 kbps | trace_bw: 1 kbps
   t=31s | buffer: 162.1s | quality: 200 kbps | trace_bw: 4857 kbps
   t=41s | buffer: 167.9s | quality: 200 kbps | trace_bw: 0 kbps
   t=51s | buffer: 165.7s | quality: 200 kbps | trace_bw: 0 kbps
   t=61s | buffer: 171.6s | quality: 200 kbps | trace_bw: 273 kbps
   t=71s | buffer: 169.4s | quality: 200 kbps | trace_bw: 283 kbps
   t=81s | buffer: 171.2s | quality: 200 kbps | trace_bw: 0 kbps
   t=91s | buffer: 233.1s | quality: 200 kbps | trace_bw: 5774 kbps
   t=102s | buffer: 250.9s | quality: 200 kbps | trace_bw: 284 kbps
   t=112s | buffer: 248.8s | quality: 200 kbps | trace_bw: 0 kbps

======================================================================
  BENCHMARK RESULTS (MOQ2 / moq-dev official stack)
======================================================================

  [TIMING]
      Startup delay:     140 ms
      Playback time:     115.9 s

  [BITRATE]
      Average (selected):  200 kbps
      Average (effective): 192 kbps

  [REBUFFERING]
      Events:            3
      Total time:        4,688 ms
      Ratio:             3.8878%

  [THROUGHPUT]
      Average:           1,807 kbps

  [AVAILABLE BW (trace)]
      Average:           1,807 kbps

======================================================================

[SAVED] results/results/run_all_20260525_151403/moq2_5g-ireland/benchmark_moq2_amazon_prime_driving_season3-theexpanse_B_2019_12_03_07_29_22_tc_20260526_164858.json

──────────────────────────────────────────────────────────────────────
  [14/83] amazon_prime_driving_season3-theexpanse_B_2019_12_03_10_42_14_tc.csv
──────────────────────────────────────────────────────────────────────

======================================================================
  MOQ2 Streaming QoE Benchmark (moq-dev/moq official stack)
======================================================================
  Relay:   http://127.0.0.1:4446
  Player:  http://127.0.0.1:8095/player.html
  Trace:   traces/5g-ireland/amazon_prime_driving_season3-theexpanse_B_2019_12_03_10_42_14_tc.csv
======================================================================

   Publisher quality: 200 kbps
[BROWSER] Launching headless Chromium (MOQ2)...
127.0.0.1 - - [26/May/2026 16:51:11] "GET /player.html HTTP/1.1" 200 -
127.0.0.1 - - [26/May/2026 16:51:11] "GET /moq-bundle.js HTTP/1.1" 200 -
   Startup delay: 144ms

[PLAYBACK] Collecting metrics...
   t=10s | buffer: 0.1s | quality: 200 kbps | trace_bw: 3 kbps
   t=20s | buffer: 616.7s | quality: 200 kbps | trace_bw: 11111 kbps
   t=31s | buffer: 638.5s | quality: 200 kbps | trace_bw: 1857 kbps
   t=41s | buffer: 652.4s | quality: 200 kbps | trace_bw: 280 kbps
   t=51s | buffer: 674.2s | quality: 200 kbps | trace_bw: 284 kbps
   t=61s | buffer: 692.0s | quality: 200 kbps | trace_bw: 0 kbps
   t=71s | buffer: 713.8s | quality: 200 kbps | trace_bw: 282 kbps
   t=81s | buffer: 719.7s | quality: 200 kbps | trace_bw: 0 kbps
   t=92s | buffer: 737.5s | quality: 200 kbps | trace_bw: 0 kbps
   t=102s | buffer: 743.4s | quality: 200 kbps | trace_bw: 0 kbps
   t=112s | buffer: 745.2s | quality: 200 kbps | trace_bw: 0 kbps

======================================================================
  BENCHMARK RESULTS (MOQ2 / moq-dev official stack)
======================================================================

  [TIMING]
      Startup delay:     144 ms
      Playback time:     115.9 s

  [BITRATE]
      Average (selected):  200 kbps
      Average (effective): 192 kbps

  [REBUFFERING]
      Events:            3
      Total time:        4,679 ms
      Ratio:             3.8805%

  [THROUGHPUT]
      Average:           1,669 kbps

  [AVAILABLE BW (trace)]
      Average:           1,669 kbps

======================================================================

[SAVED] results/results/run_all_20260525_151403/moq2_5g-ireland/benchmark_moq2_amazon_prime_driving_season3-theexpanse_B_2019_12_03_10_42_14_tc_20260526_165105.json

──────────────────────────────────────────────────────────────────────
  [15/83] amazon_prime_driving_season3-theexpanse_B_2019_12_03_13_58_03_tc.csv
──────────────────────────────────────────────────────────────────────

======================================================================
  MOQ2 Streaming QoE Benchmark (moq-dev/moq official stack)
======================================================================
  Relay:   http://127.0.0.1:4446
  Player:  http://127.0.0.1:8095/player.html
  Trace:   traces/5g-ireland/amazon_prime_driving_season3-theexpanse_B_2019_12_03_13_58_03_tc.csv
======================================================================

   Publisher quality: 200 kbps
[BROWSER] Launching headless Chromium (MOQ2)...
127.0.0.1 - - [26/May/2026 16:53:17] "GET /player.html HTTP/1.1" 200 -
127.0.0.1 - - [26/May/2026 16:53:17] "GET /moq-bundle.js HTTP/1.1" 200 -
   Startup delay: 149ms

[PLAYBACK] Collecting metrics...
   t=10s | buffer: 30.4s | quality: 200 kbps | trace_bw: 4384 kbps
   t=20s | buffer: 176.2s | quality: 200 kbps | trace_bw: 306 kbps
   t=31s | buffer: 322.0s | quality: 200 kbps | trace_bw: 285 kbps
   t=41s | buffer: 339.9s | quality: 200 kbps | trace_bw: 280 kbps
   t=51s | buffer: 345.7s | quality: 200 kbps | trace_bw: 277 kbps
   t=61s | buffer: 351.6s | quality: 200 kbps | trace_bw: 0 kbps
   t=71s | buffer: 357.4s | quality: 200 kbps | trace_bw: 1779 kbps
   t=81s | buffer: 355.2s | quality: 200 kbps | trace_bw: 283 kbps
   t=91s | buffer: 365.1s | quality: 200 kbps | trace_bw: 278 kbps
   t=102s | buffer: 382.9s | quality: 200 kbps | trace_bw: 283 kbps
   t=112s | buffer: 392.7s | quality: 200 kbps | trace_bw: 0 kbps

======================================================================
  BENCHMARK RESULTS (MOQ2 / moq-dev official stack)
======================================================================

  [TIMING]
      Startup delay:     149 ms
      Playback time:     119.9 s

  [BITRATE]
      Average (selected):  200 kbps
      Average (effective): 199 kbps

  [REBUFFERING]
      Events:            3
      Total time:        664 ms
      Ratio:             0.5509%

  [THROUGHPUT]
      Average:           1,565 kbps

  [AVAILABLE BW (trace)]
      Average:           1,565 kbps

======================================================================

[SAVED] results/results/run_all_20260525_151403/moq2_5g-ireland/benchmark_moq2_amazon_prime_driving_season3-theexpanse_B_2019_12_03_13_58_03_tc_20260526_165312.json

──────────────────────────────────────────────────────────────────────
  [16/83] amazon_prime_driving_season3-theexpanse_B_2019_12_04_07_26_30_tc.csv
──────────────────────────────────────────────────────────────────────

======================================================================
  MOQ2 Streaming QoE Benchmark (moq-dev/moq official stack)
======================================================================
  Relay:   http://127.0.0.1:4446
  Player:  http://127.0.0.1:8095/player.html
  Trace:   traces/5g-ireland/amazon_prime_driving_season3-theexpanse_B_2019_12_04_07_26_30_tc.csv
======================================================================

   Publisher quality: 200 kbps
[BROWSER] Launching headless Chromium (MOQ2)...
127.0.0.1 - - [26/May/2026 16:55:24] "GET /player.html HTTP/1.1" 200 -
127.0.0.1 - - [26/May/2026 16:55:24] "GET /moq-bundle.js HTTP/1.1" 200 -
   Startup delay: 143ms

[PLAYBACK] Collecting metrics...
   t=10s | buffer: 14.4s | quality: 200 kbps | trace_bw: 36 kbps
   t=20s | buffer: 268.2s | quality: 200 kbps | trace_bw: 43700 kbps
   t=30s | buffer: 266.0s | quality: 200 kbps | trace_bw: 2802 kbps
   t=41s | buffer: 279.9s | quality: 200 kbps | trace_bw: 0 kbps
   t=51s | buffer: 289.7s | quality: 200 kbps | trace_bw: 274 kbps
   t=61s | buffer: 291.5s | quality: 200 kbps | trace_bw: 2507 kbps
   t=71s | buffer: 289.4s | quality: 200 kbps | trace_bw: 0 kbps
   t=81s | buffer: 299.2s | quality: 200 kbps | trace_bw: 326 kbps
   t=92s | buffer: 305.0s | quality: 200 kbps | trace_bw: 0 kbps
   t=102s | buffer: 306.9s | quality: 200 kbps | trace_bw: 271 kbps
   t=112s | buffer: 316.7s | quality: 200 kbps | trace_bw: 0 kbps

======================================================================
  BENCHMARK RESULTS (MOQ2 / moq-dev official stack)
======================================================================

  [TIMING]
      Startup delay:     143 ms
      Playback time:     119.5 s

  [BITRATE]
      Average (selected):  200 kbps
      Average (effective): 199 kbps

  [REBUFFERING]
      Events:            2
      Total time:        658 ms
      Ratio:             0.5477%

  [THROUGHPUT]
      Average:           1,518 kbps

  [AVAILABLE BW (trace)]
      Average:           1,518 kbps

======================================================================

[SAVED] results/results/run_all_20260525_151403/moq2_5g-ireland/benchmark_moq2_amazon_prime_driving_season3-theexpanse_B_2019_12_04_07_26_30_tc_20260526_165518.json

──────────────────────────────────────────────────────────────────────
  [17/83] amazon_prime_driving_season3-theexpanse_B_2019_12_04_11_58_01_tc.csv
──────────────────────────────────────────────────────────────────────

======================================================================
  MOQ2 Streaming QoE Benchmark (moq-dev/moq official stack)
======================================================================
  Relay:   http://127.0.0.1:4446
  Player:  http://127.0.0.1:8095/player.html
  Trace:   traces/5g-ireland/amazon_prime_driving_season3-theexpanse_B_2019_12_04_11_58_01_tc.csv
======================================================================

   Publisher quality: 100 kbps
[BROWSER] Launching headless Chromium (MOQ2)...
127.0.0.1 - - [26/May/2026 16:57:30] "GET /player.html HTTP/1.1" 200 -
127.0.0.1 - - [26/May/2026 16:57:30] "GET /moq-bundle.js HTTP/1.1" 200 -
   Startup delay: 153ms

[PLAYBACK] Collecting metrics...
   t=10s | buffer: 314.4s | quality: 100 kbps | trace_bw: 7242 kbps
   t=20s | buffer: 1241.1s | quality: 100 kbps | trace_bw: 12080 kbps
   t=31s | buffer: 1250.9s | quality: 100 kbps | trace_bw: 285 kbps
   t=41s | buffer: 1264.8s | quality: 100 kbps | trace_bw: 129 kbps
   t=51s | buffer: 1290.6s | quality: 100 kbps | trace_bw: 1018 kbps
   t=61s | buffer: 1312.4s | quality: 100 kbps | trace_bw: 102 kbps
   t=71s | buffer: 1306.2s | quality: 100 kbps | trace_bw: 0 kbps
   t=81s | buffer: 1320.1s | quality: 100 kbps | trace_bw: 712 kbps
   t=92s | buffer: 1333.9s | quality: 100 kbps | trace_bw: 282 kbps
   t=102s | buffer: 1343.7s | quality: 100 kbps | trace_bw: 0 kbps
   t=112s | buffer: 1345.5s | quality: 100 kbps | trace_bw: 284 kbps

======================================================================
  BENCHMARK RESULTS (MOQ2 / moq-dev official stack)
======================================================================

  [TIMING]
      Startup delay:     153 ms
      Playback time:     119.5 s

  [BITRATE]
      Average (selected):  100 kbps
      Average (effective): 99 kbps

  [REBUFFERING]
      Events:            2
      Total time:        668 ms
      Ratio:             0.5556%

  [THROUGHPUT]
      Average:           1,506 kbps

  [AVAILABLE BW (trace)]
      Average:           1,506 kbps

======================================================================

[SAVED] results/results/run_all_20260525_151403/moq2_5g-ireland/benchmark_moq2_amazon_prime_driving_season3-theexpanse_B_2019_12_04_11_58_01_tc_20260526_165724.json

──────────────────────────────────────────────────────────────────────
  [18/83] amazon_prime_driving_season3-theexpanse_B_2019_12_04_14_24_21_tc.csv
──────────────────────────────────────────────────────────────────────

======================================================================
  MOQ2 Streaming QoE Benchmark (moq-dev/moq official stack)
======================================================================
  Relay:   http://127.0.0.1:4446
  Player:  http://127.0.0.1:8095/player.html
  Trace:   traces/5g-ireland/amazon_prime_driving_season3-theexpanse_B_2019_12_04_14_24_21_tc.csv
======================================================================

   Publisher quality: 200 kbps
[BROWSER] Launching headless Chromium (MOQ2)...
127.0.0.1 - - [26/May/2026 16:59:36] "GET /player.html HTTP/1.1" 200 -
127.0.0.1 - - [26/May/2026 16:59:36] "GET /moq-bundle.js HTTP/1.1" 200 -
   Startup delay: 145ms

[PLAYBACK] Collecting metrics...
   t=10s | buffer: 602.9s | quality: 200 kbps | trace_bw: 2309 kbps
   t=20s | buffer: 804.7s | quality: 200 kbps | trace_bw: 0 kbps
   t=31s | buffer: 822.5s | quality: 200 kbps | trace_bw: 272 kbps
   t=41s | buffer: 836.4s | quality: 200 kbps | trace_bw: 274 kbps
   t=51s | buffer: 842.2s | quality: 200 kbps | trace_bw: 273 kbps
   t=61s | buffer: 844.0s | quality: 200 kbps | trace_bw: 274 kbps
   t=71s | buffer: 849.9s | quality: 200 kbps | trace_bw: 275 kbps
   t=81s | buffer: 875.7s | quality: 200 kbps | trace_bw: 0 kbps
   t=92s | buffer: 889.5s | quality: 200 kbps | trace_bw: 0 kbps
   t=102s | buffer: 899.4s | quality: 200 kbps | trace_bw: 4059 kbps
   t=112s | buffer: 913.2s | quality: 200 kbps | trace_bw: 274 kbps

======================================================================
  BENCHMARK RESULTS (MOQ2 / moq-dev official stack)
======================================================================

  [TIMING]
      Startup delay:     145 ms
      Playback time:     119.9 s

  [BITRATE]
      Average (selected):  200 kbps
      Average (effective): 199 kbps

  [REBUFFERING]
      Events:            2
      Total time:        683 ms
      Ratio:             0.5666%

  [THROUGHPUT]
      Average:           2,616 kbps

  [AVAILABLE BW (trace)]
      Average:           2,616 kbps

======================================================================

[SAVED] results/results/run_all_20260525_151403/moq2_5g-ireland/benchmark_moq2_amazon_prime_driving_season3-theexpanse_B_2019_12_04_14_24_21_tc_20260526_165931.json

──────────────────────────────────────────────────────────────────────
  [19/83] amazon_prime_driving_season3-theexpanse_B_2019_12_06_07_31_16_tc.csv
──────────────────────────────────────────────────────────────────────

======================================================================
  MOQ2 Streaming QoE Benchmark (moq-dev/moq official stack)
======================================================================
  Relay:   http://127.0.0.1:4446
  Player:  http://127.0.0.1:8095/player.html
  Trace:   traces/5g-ireland/amazon_prime_driving_season3-theexpanse_B_2019_12_06_07_31_16_tc.csv
======================================================================

   Publisher quality: 200 kbps
[BROWSER] Launching headless Chromium (MOQ2)...
127.0.0.1 - - [26/May/2026 17:01:43] "GET /player.html HTTP/1.1" 200 -
127.0.0.1 - - [26/May/2026 17:01:43] "GET /moq-bundle.js HTTP/1.1" 200 -
   Startup delay: 155ms

[PLAYBACK] Collecting metrics...
   t=10s | buffer: 0.1s | quality: 200 kbps | trace_bw: 11073 kbps
   t=20s | buffer: 0.2s | quality: 200 kbps | trace_bw: 2 kbps
   t=30s | buffer: 2.1s | quality: 200 kbps | trace_bw: 0 kbps
   t=41s | buffer: 4.0s | quality: 200 kbps | trace_bw: 0 kbps
   t=51s | buffer: 21.8s | quality: 200 kbps | trace_bw: 0 kbps
   t=61s | buffer: 35.6s | quality: 200 kbps | trace_bw: 0 kbps
   t=71s | buffer: 41.5s | quality: 200 kbps | trace_bw: 0 kbps
   t=81s | buffer: 59.3s | quality: 200 kbps | trace_bw: 270 kbps
   t=91s | buffer: 65.1s | quality: 200 kbps | trace_bw: 0 kbps
   t=102s | buffer: 67.0s | quality: 200 kbps | trace_bw: 267 kbps
   t=112s | buffer: 68.8s | quality: 200 kbps | trace_bw: 272 kbps

======================================================================
  BENCHMARK RESULTS (MOQ2 / moq-dev official stack)
======================================================================

  [TIMING]
      Startup delay:     155 ms
      Playback time:     111.8 s

  [BITRATE]
      Average (selected):  200 kbps
      Average (effective): 186 kbps

  [REBUFFERING]
      Events:            5
      Total time:        8,709 ms
      Ratio:             7.2252%

  [THROUGHPUT]
      Average:           1,826 kbps

  [AVAILABLE BW (trace)]
      Average:           1,826 kbps

======================================================================

[SAVED] results/results/run_all_20260525_151403/moq2_5g-ireland/benchmark_moq2_amazon_prime_driving_season3-theexpanse_B_2019_12_06_07_31_16_tc_20260526_170137.json

──────────────────────────────────────────────────────────────────────
  [20/83] amazon_prime_driving_season3-theexpanse_B_2019_12_06_09_32_38_tc.csv
──────────────────────────────────────────────────────────────────────

======================================================================
  MOQ2 Streaming QoE Benchmark (moq-dev/moq official stack)
======================================================================
  Relay:   http://127.0.0.1:4446
  Player:  http://127.0.0.1:8095/player.html
  Trace:   traces/5g-ireland/amazon_prime_driving_season3-theexpanse_B_2019_12_06_09_32_38_tc.csv
======================================================================

   Publisher quality: 200 kbps
[BROWSER] Launching headless Chromium (MOQ2)...
127.0.0.1 - - [26/May/2026 17:03:49] "GET /player.html HTTP/1.1" 200 -
127.0.0.1 - - [26/May/2026 17:03:49] "GET /moq-bundle.js HTTP/1.1" 200 -
   Startup delay: 147ms

[PLAYBACK] Collecting metrics...
   t=10s | buffer: 402.4s | quality: 200 kbps | trace_bw: 1 kbps
   t=20s | buffer: 672.7s | quality: 200 kbps | trace_bw: 0 kbps
   t=30s | buffer: 690.5s | quality: 200 kbps | trace_bw: 0 kbps
   t=41s | buffer: 692.3s | quality: 200 kbps | trace_bw: 566 kbps
   t=51s | buffer: 702.2s | quality: 200 kbps | trace_bw: 278 kbps
   t=61s | buffer: 700.0s | quality: 200 kbps | trace_bw: 289 kbps
   t=71s | buffer: 701.8s | quality: 200 kbps | trace_bw: 0 kbps
   t=81s | buffer: 703.6s | quality: 200 kbps | trace_bw: 2657 kbps
   t=92s | buffer: 713.5s | quality: 200 kbps | trace_bw: 0 kbps
   t=102s | buffer: 751.3s | quality: 200 kbps | trace_bw: 0 kbps
   t=112s | buffer: 753.1s | quality: 200 kbps | trace_bw: 0 kbps

======================================================================
  BENCHMARK RESULTS (MOQ2 / moq-dev official stack)
======================================================================

  [TIMING]
      Startup delay:     147 ms
      Playback time:     119.5 s

  [BITRATE]
      Average (selected):  200 kbps
      Average (effective): 199 kbps

  [REBUFFERING]
      Events:            3
      Total time:        668 ms
      Ratio:             0.5556%

  [THROUGHPUT]
      Average:           1,816 kbps

  [AVAILABLE BW (trace)]
      Average:           1,816 kbps

======================================================================

[SAVED] results/results/run_all_20260525_151403/moq2_5g-ireland/benchmark_moq2_amazon_prime_driving_season3-theexpanse_B_2019_12_06_09_32_38_tc_20260526_170344.json

──────────────────────────────────────────────────────────────────────
  [21/83] amazon_prime_driving_season3-theexpanse_B_2019_12_06_11_49_24_tc.csv
──────────────────────────────────────────────────────────────────────

======================================================================
  MOQ2 Streaming QoE Benchmark (moq-dev/moq official stack)
======================================================================
  Relay:   http://127.0.0.1:4446
  Player:  http://127.0.0.1:8095/player.html
  Trace:   traces/5g-ireland/amazon_prime_driving_season3-theexpanse_B_2019_12_06_11_49_24_tc.csv
======================================================================

   Publisher quality: 200 kbps
[BROWSER] Launching headless Chromium (MOQ2)...
127.0.0.1 - - [26/May/2026 17:05:55] "GET /player.html HTTP/1.1" 200 -
127.0.0.1 - - [26/May/2026 17:05:55] "GET /moq-bundle.js HTTP/1.1" 200 -
   Startup delay: 155ms

[PLAYBACK] Collecting metrics...
   t=10s | buffer: 2.4s | quality: 200 kbps | trace_bw: 16207 kbps
   t=20s | buffer: 1.9s | quality: 200 kbps | trace_bw: 0 kbps
   t=30s | buffer: 3.8s | quality: 200 kbps | trace_bw: 0 kbps
   t=41s | buffer: 1.6s | quality: 200 kbps | trace_bw: 0 kbps
   t=51s | buffer: 3.4s | quality: 200 kbps | trace_bw: 0 kbps
   t=61s | buffer: 5.3s | quality: 200 kbps | trace_bw: 0 kbps
   t=71s | buffer: 7.1s | quality: 200 kbps | trace_bw: 901 kbps
   t=81s | buffer: 9.0s | quality: 200 kbps | trace_bw: 0 kbps
   t=91s | buffer: 6.8s | quality: 200 kbps | trace_bw: 0 kbps
   t=102s | buffer: 28.6s | quality: 200 kbps | trace_bw: 1 kbps
   t=112s | buffer: 30.5s | quality: 200 kbps | trace_bw: 276 kbps

======================================================================
  BENCHMARK RESULTS (MOQ2 / moq-dev official stack)
======================================================================

  [TIMING]
      Startup delay:     155 ms
      Playback time:     110.2 s

  [BITRATE]
      Average (selected):  200 kbps
      Average (effective): 183 kbps

  [REBUFFERING]
      Events:            8
      Total time:        10,382 ms
      Ratio:             8.6132%

  [THROUGHPUT]
      Average:           2,408 kbps

  [AVAILABLE BW (trace)]
      Average:           2,408 kbps

======================================================================

[SAVED] results/results/run_all_20260525_151403/moq2_5g-ireland/benchmark_moq2_amazon_prime_driving_season3-theexpanse_B_2019_12_06_11_49_24_tc_20260526_170550.json

──────────────────────────────────────────────────────────────────────
  [22/83] amazon_prime_static_animated-ninjago_B_2020_01_06_09_55_13_tc.csv
──────────────────────────────────────────────────────────────────────

======================================================================
  MOQ2 Streaming QoE Benchmark (moq-dev/moq official stack)
======================================================================
  Relay:   http://127.0.0.1:4446
  Player:  http://127.0.0.1:8095/player.html
  Trace:   traces/5g-ireland/amazon_prime_static_animated-ninjago_B_2020_01_06_09_55_13_tc.csv
======================================================================

   Publisher quality: 100 kbps
[BROWSER] Launching headless Chromium (MOQ2)...
127.0.0.1 - - [26/May/2026 17:08:02] "GET /player.html HTTP/1.1" 200 -
127.0.0.1 - - [26/May/2026 17:08:02] "GET /moq-bundle.js HTTP/1.1" 200 -
   Startup delay: 142ms

[PLAYBACK] Collecting metrics...
   t=10s | buffer: 121.7s | quality: 100 kbps | trace_bw: 0 kbps
   t=20s | buffer: 143.5s | quality: 100 kbps | trace_bw: 1893 kbps
   t=31s | buffer: 141.4s | quality: 100 kbps | trace_bw: 0 kbps
   t=41s | buffer: 143.2s | quality: 100 kbps | trace_bw: 52 kbps
   t=51s | buffer: 141.0s | quality: 100 kbps | trace_bw: 0 kbps
   t=61s | buffer: 246.9s | quality: 100 kbps | trace_bw: 279 kbps
   t=71s | buffer: 368.7s | quality: 100 kbps | trace_bw: 0 kbps
   t=81s | buffer: 374.5s | quality: 100 kbps | trace_bw: 1 kbps
   t=92s | buffer: 468.3s | quality: 100 kbps | trace_bw: 279 kbps
   t=102s | buffer: 486.2s | quality: 100 kbps | trace_bw: 0 kbps
   t=112s | buffer: 488.5s | quality: 100 kbps | trace_bw: 0 kbps

======================================================================
  BENCHMARK RESULTS (MOQ2 / moq-dev official stack)
======================================================================

  [TIMING]
      Startup delay:     142 ms
      Playback time:     120.1 s

  [BITRATE]
      Average (selected):  100 kbps
      Average (effective): 100 kbps

  [REBUFFERING]
      Events:            1
      Total time:        2 ms
      Ratio:             0.0013%

  [THROUGHPUT]
      Average:           5,729 kbps

  [AVAILABLE BW (trace)]
      Average:           5,729 kbps

======================================================================

[SAVED] results/results/run_all_20260525_151403/moq2_5g-ireland/benchmark_moq2_amazon_prime_static_animated-ninjago_B_2020_01_06_09_55_13_tc_20260526_170756.json

──────────────────────────────────────────────────────────────────────
  [23/83] amazon_prime_static_animated-ninjago_B_2020_01_06_11_08_12_tc.csv
──────────────────────────────────────────────────────────────────────

======================================================================
  MOQ2 Streaming QoE Benchmark (moq-dev/moq official stack)
======================================================================
  Relay:   http://127.0.0.1:4446
  Player:  http://127.0.0.1:8095/player.html
  Trace:   traces/5g-ireland/amazon_prime_static_animated-ninjago_B_2020_01_06_11_08_12_tc.csv
======================================================================

   Publisher quality: 100 kbps
[BROWSER] Launching headless Chromium (MOQ2)...
127.0.0.1 - - [26/May/2026 17:10:08] "GET /player.html HTTP/1.1" 200 -
127.0.0.1 - - [26/May/2026 17:10:08] "GET /moq-bundle.js HTTP/1.1" 200 -
   Startup delay: 143ms

[PLAYBACK] Collecting metrics...
   t=10s | buffer: 2439.6s | quality: 100 kbps | trace_bw: 88740 kbps
   t=20s | buffer: 2437.4s | quality: 100 kbps | trace_bw: 0 kbps
   t=30s | buffer: 2483.2s | quality: 100 kbps | trace_bw: 0 kbps
   t=41s | buffer: 2497.1s | quality: 100 kbps | trace_bw: 0 kbps
   t=51s | buffer: 2490.9s | quality: 100 kbps | trace_bw: 273 kbps
   t=61s | buffer: 2524.8s | quality: 100 kbps | trace_bw: 0 kbps
   t=71s | buffer: 2522.6s | quality: 100 kbps | trace_bw: 280 kbps
   t=81s | buffer: 2536.4s | quality: 100 kbps | trace_bw: 3982 kbps
   t=91s | buffer: 2574.3s | quality: 100 kbps | trace_bw: 276 kbps
   t=102s | buffer: 2580.1s | quality: 100 kbps | trace_bw: 3469 kbps
   t=112s | buffer: 2710.0s | quality: 100 kbps | trace_bw: 8290 kbps

======================================================================
  BENCHMARK RESULTS (MOQ2 / moq-dev official stack)
======================================================================

  [TIMING]
      Startup delay:     143 ms
      Playback time:     120.5 s

  [BITRATE]
      Average (selected):  100 kbps
      Average (effective): 100 kbps

  [REBUFFERING]
      Events:            1
      Total time:        2 ms
      Ratio:             0.0014%

  [THROUGHPUT]
      Average:           4,226 kbps

  [AVAILABLE BW (trace)]
      Average:           4,226 kbps

======================================================================

[SAVED] results/results/run_all_20260525_151403/moq2_5g-ireland/benchmark_moq2_amazon_prime_static_animated-ninjago_B_2020_01_06_11_08_12_tc_20260526_171003.json

──────────────────────────────────────────────────────────────────────
  [24/83] amazon_prime_static_animated-ninjago_B_2020_01_06_11_40_29_tc.csv
──────────────────────────────────────────────────────────────────────

======================================================================
  MOQ2 Streaming QoE Benchmark (moq-dev/moq official stack)
======================================================================
  Relay:   http://127.0.0.1:4446
  Player:  http://127.0.0.1:8095/player.html
  Trace:   traces/5g-ireland/amazon_prime_static_animated-ninjago_B_2020_01_06_11_40_29_tc.csv
======================================================================

   Publisher quality: 100 kbps
[BROWSER] Launching headless Chromium (MOQ2)...
127.0.0.1 - - [26/May/2026 17:12:14] "GET /player.html HTTP/1.1" 200 -
127.0.0.1 - - [26/May/2026 17:12:14] "GET /moq-bundle.js HTTP/1.1" 200 -
   Startup delay: 142ms

[PLAYBACK] Collecting metrics...
   t=10s | buffer: 121.7s | quality: 100 kbps | trace_bw: 57 kbps
   t=20s | buffer: 2192.9s | quality: 100 kbps | trace_bw: 5803 kbps
   t=31s | buffer: 2186.7s | quality: 100 kbps | trace_bw: 2 kbps
   t=41s | buffer: 2264.6s | quality: 100 kbps | trace_bw: 3400 kbps
   t=51s | buffer: 2258.4s | quality: 100 kbps | trace_bw: 3 kbps
   t=61s | buffer: 2252.2s | quality: 100 kbps | trace_bw: 10 kbps
   t=71s | buffer: 2250.1s | quality: 100 kbps | trace_bw: 2 kbps
   t=81s | buffer: 2243.9s | quality: 100 kbps | trace_bw: 4 kbps
   t=92s | buffer: 2237.7s | quality: 100 kbps | trace_bw: 31 kbps
   t=102s | buffer: 2235.5s | quality: 100 kbps | trace_bw: 2 kbps
   t=112s | buffer: 2229.4s | quality: 100 kbps | trace_bw: 2 kbps

======================================================================
  BENCHMARK RESULTS (MOQ2 / moq-dev official stack)
======================================================================

  [TIMING]
      Startup delay:     142 ms
      Playback time:     120.2 s

  [BITRATE]
      Average (selected):  100 kbps
      Average (effective): 100 kbps

  [REBUFFERING]
      Events:            1
      Total time:        1 ms
      Ratio:             0.0009%

  [THROUGHPUT]
      Average:           2,434 kbps

  [AVAILABLE BW (trace)]
      Average:           2,434 kbps

======================================================================

[SAVED] results/results/run_all_20260525_151403/moq2_5g-ireland/benchmark_moq2_amazon_prime_static_animated-ninjago_B_2020_01_06_11_40_29_tc_20260526_171209.json

──────────────────────────────────────────────────────────────────────
  [25/83] amazon_prime_static_season3-theexpanse_B_2019_12_19_15_00_47_tc.csv
──────────────────────────────────────────────────────────────────────

======================================================================
  MOQ2 Streaming QoE Benchmark (moq-dev/moq official stack)
======================================================================
  Relay:   http://127.0.0.1:4446
  Player:  http://127.0.0.1:8095/player.html
  Trace:   traces/5g-ireland/amazon_prime_static_season3-theexpanse_B_2019_12_19_15_00_47_tc.csv
======================================================================

   Publisher quality: 2000 kbps
[BROWSER] Launching headless Chromium (MOQ2)...
127.0.0.1 - - [26/May/2026 17:14:20] "GET /player.html HTTP/1.1" 200 -
127.0.0.1 - - [26/May/2026 17:14:20] "GET /moq-bundle.js HTTP/1.1" 200 -
   Startup delay: 171ms

[PLAYBACK] Collecting metrics...
   t=10s | buffer: 6.4s | quality: 2000 kbps | trace_bw: 2 kbps
   t=20s | buffer: 12.3s | quality: 2000 kbps | trace_bw: 0 kbps
   t=30s | buffer: 10.1s | quality: 2000 kbps | trace_bw: 0 kbps
   t=41s | buffer: 7.9s | quality: 2000 kbps | trace_bw: 20346 kbps
   t=51s | buffer: 5.8s | quality: 2000 kbps | trace_bw: 28018 kbps
   t=61s | buffer: 287.6s | quality: 2000 kbps | trace_bw: 64898 kbps
   t=71s | buffer: 449.5s | quality: 2000 kbps | trace_bw: 0 kbps
   t=81s | buffer: 455.3s | quality: 2000 kbps | trace_bw: 0 kbps
   t=91s | buffer: 457.1s | quality: 2000 kbps | trace_bw: 0 kbps
   t=102s | buffer: 459.0s | quality: 2000 kbps | trace_bw: 1311 kbps
   t=112s | buffer: 468.8s | quality: 2000 kbps | trace_bw: 9652 kbps

======================================================================
  BENCHMARK RESULTS (MOQ2 / moq-dev official stack)
======================================================================

  [TIMING]
      Startup delay:     171 ms
      Playback time:     119.9 s

  [BITRATE]
      Average (selected):  2,000 kbps
      Average (effective): 1,988 kbps

  [REBUFFERING]
      Events:            2
      Total time:        704 ms
      Ratio:             0.5835%

  [THROUGHPUT]
      Average:           10,719 kbps

  [AVAILABLE BW (trace)]
      Average:           10,719 kbps

======================================================================

[SAVED] results/results/run_all_20260525_151403/moq2_5g-ireland/benchmark_moq2_amazon_prime_static_season3-theexpanse_B_2019_12_19_15_00_47_tc_20260526_171415.json

──────────────────────────────────────────────────────────────────────
  [26/83] amazon_prime_static_season3-theexpanse_B_2019_12_23_10_30_35_tc.csv
──────────────────────────────────────────────────────────────────────

======================================================================
  MOQ2 Streaming QoE Benchmark (moq-dev/moq official stack)
======================================================================
  Relay:   http://127.0.0.1:4446
  Player:  http://127.0.0.1:8095/player.html
  Trace:   traces/5g-ireland/amazon_prime_static_season3-theexpanse_B_2019_12_23_10_30_35_tc.csv
======================================================================

   Publisher quality: 3000 kbps
[BROWSER] Launching headless Chromium (MOQ2)...
127.0.0.1 - - [26/May/2026 17:16:27] "GET /player.html HTTP/1.1" 200 -
127.0.0.1 - - [26/May/2026 17:16:27] "GET /moq-bundle.js HTTP/1.1" 200 -
   Startup delay: 195ms

[PLAYBACK] Collecting metrics...
   t=10s | buffer: 0.1s | quality: 3000 kbps | trace_bw: 345 kbps
   t=20s | buffer: 0.1s | quality: 3000 kbps | trace_bw: 0 kbps
   t=31s | buffer: 0.1s | quality: 3000 kbps | trace_bw: 16039 kbps
   t=41s | buffer: 132.0s | quality: 3000 kbps | trace_bw: 10007 kbps
   t=51s | buffer: 133.8s | quality: 3000 kbps | trace_bw: 0 kbps
   t=61s | buffer: 131.6s | quality: 3000 kbps | trace_bw: 11098 kbps
   t=71s | buffer: 129.5s | quality: 3000 kbps | trace_bw: 0 kbps
   t=81s | buffer: 139.3s | quality: 3000 kbps | trace_bw: 0 kbps
   t=91s | buffer: 145.1s | quality: 3000 kbps | trace_bw: 11824 kbps
   t=102s | buffer: 143.0s | quality: 3000 kbps | trace_bw: 0 kbps
   t=112s | buffer: 140.8s | quality: 3000 kbps | trace_bw: 0 kbps

======================================================================
  BENCHMARK RESULTS (MOQ2 / moq-dev official stack)
======================================================================

  [TIMING]
      Startup delay:     195 ms
      Playback time:     107.8 s

  [BITRATE]
      Average (selected):  3,000 kbps
      Average (effective): 2,683 kbps

  [REBUFFERING]
      Events:            5
      Total time:        12,742 ms
      Ratio:             10.5677%

  [THROUGHPUT]
      Average:           11,684 kbps

  [AVAILABLE BW (trace)]
      Average:           11,684 kbps

======================================================================

[SAVED] results/results/run_all_20260525_151403/moq2_5g-ireland/benchmark_moq2_amazon_prime_static_season3-theexpanse_B_2019_12_23_10_30_35_tc_20260526_171621.json

──────────────────────────────────────────────────────────────────────
  [27/83] amazon_prime_static_season3-theexpanse_B_2020_01_03_08_59_40_tc.csv
──────────────────────────────────────────────────────────────────────

======================================================================
  MOQ2 Streaming QoE Benchmark (moq-dev/moq official stack)
======================================================================
  Relay:   http://127.0.0.1:4446
  Player:  http://127.0.0.1:8095/player.html
  Trace:   traces/5g-ireland/amazon_prime_static_season3-theexpanse_B_2020_01_03_08_59_40_tc.csv
======================================================================

   Publisher quality: 2000 kbps
[BROWSER] Launching headless Chromium (MOQ2)...
127.0.0.1 - - [26/May/2026 17:18:34] "GET /player.html HTTP/1.1" 200 -
127.0.0.1 - - [26/May/2026 17:18:34] "GET /moq-bundle.js HTTP/1.1" 200 -
   Startup delay: 182ms

[PLAYBACK] Collecting metrics...
   t=10s | buffer: 5.7s | quality: 2000 kbps | trace_bw: 2971 kbps
   t=20s | buffer: 23.5s | quality: 2000 kbps | trace_bw: 1240 kbps
   t=31s | buffer: 297.4s | quality: 2000 kbps | trace_bw: 61419 kbps
   t=41s | buffer: 395.2s | quality: 2000 kbps | trace_bw: 0 kbps
   t=51s | buffer: 397.0s | quality: 2000 kbps | trace_bw: 5504 kbps
   t=61s | buffer: 418.9s | quality: 2000 kbps | trace_bw: 3676 kbps
   t=71s | buffer: 424.7s | quality: 2000 kbps | trace_bw: 0 kbps
   t=81s | buffer: 418.5s | quality: 2000 kbps | trace_bw: 0 kbps
   t=92s | buffer: 416.4s | quality: 2000 kbps | trace_bw: 11070 kbps
   t=102s | buffer: 414.2s | quality: 2000 kbps | trace_bw: 10398 kbps
   t=112s | buffer: 420.0s | quality: 2000 kbps | trace_bw: 8562 kbps

======================================================================
  BENCHMARK RESULTS (MOQ2 / moq-dev official stack)
======================================================================

  [TIMING]
      Startup delay:     182 ms
      Playback time:     120.6 s

  [BITRATE]
      Average (selected):  2,000 kbps
      Average (effective): 2,000 kbps

  [REBUFFERING]
      Events:            1
      Total time:        4 ms
      Ratio:             0.0033%

  [THROUGHPUT]
      Average:           11,231 kbps

  [AVAILABLE BW (trace)]
      Average:           11,231 kbps

======================================================================

[SAVED] results/results/run_all_20260525_151403/moq2_5g-ireland/benchmark_moq2_amazon_prime_static_season3-theexpanse_B_2020_01_03_08_59_40_tc_20260526_171828.json

──────────────────────────────────────────────────────────────────────
  [28/83] amazon_prime_static_season3-theexpanse_B_2020_01_03_10_54_39_tc.csv
──────────────────────────────────────────────────────────────────────

======================================================================
  MOQ2 Streaming QoE Benchmark (moq-dev/moq official stack)
======================================================================
  Relay:   http://127.0.0.1:4446
  Player:  http://127.0.0.1:8095/player.html
  Trace:   traces/5g-ireland/amazon_prime_static_season3-theexpanse_B_2020_01_03_10_54_39_tc.csv
======================================================================

   Publisher quality: 1200 kbps
[BROWSER] Launching headless Chromium (MOQ2)...
127.0.0.1 - - [26/May/2026 17:20:40] "GET /player.html HTTP/1.1" 200 -
127.0.0.1 - - [26/May/2026 17:20:40] "GET /moq-bundle.js HTTP/1.1" 200 -
   Startup delay: 171ms

[PLAYBACK] Collecting metrics...
   t=10s | buffer: 217.7s | quality: 1200 kbps | trace_bw: 69666 kbps
   t=20s | buffer: 303.5s | quality: 1200 kbps | trace_bw: 63223 kbps
   t=30s | buffer: 581.8s | quality: 1200 kbps | trace_bw: 41272 kbps
   t=41s | buffer: 611.7s | quality: 1200 kbps | trace_bw: 0 kbps
   t=51s | buffer: 621.5s | quality: 1200 kbps | trace_bw: 11109 kbps
   t=61s | buffer: 635.4s | quality: 1200 kbps | trace_bw: 8178 kbps
   t=71s | buffer: 641.2s | quality: 1200 kbps | trace_bw: 0 kbps
   t=81s | buffer: 659.0s | quality: 1200 kbps | trace_bw: 7216 kbps
   t=91s | buffer: 696.9s | quality: 1200 kbps | trace_bw: 0 kbps
   t=102s | buffer: 694.7s | quality: 1200 kbps | trace_bw: 0 kbps
   t=112s | buffer: 704.5s | quality: 1200 kbps | trace_bw: 9425 kbps

======================================================================
  BENCHMARK RESULTS (MOQ2 / moq-dev official stack)
======================================================================

  [TIMING]
      Startup delay:     171 ms
      Playback time:     120.6 s

  [BITRATE]
      Average (selected):  1,200 kbps
      Average (effective): 1,200 kbps

  [REBUFFERING]
      Events:            1
      Total time:        4 ms
      Ratio:             0.0036%

  [THROUGHPUT]
      Average:           12,620 kbps

  [AVAILABLE BW (trace)]
      Average:           12,620 kbps

======================================================================

[SAVED] results/results/run_all_20260525_151403/moq2_5g-ireland/benchmark_moq2_amazon_prime_static_season3-theexpanse_B_2020_01_03_10_54_39_tc_20260526_172035.json

──────────────────────────────────────────────────────────────────────
  [29/83] amazon_prime_static_season3-theexpanse_B_2020_01_05_14_55_57_tc.csv
──────────────────────────────────────────────────────────────────────

======================================================================
  MOQ2 Streaming QoE Benchmark (moq-dev/moq official stack)
======================================================================
  Relay:   http://127.0.0.1:4446
  Player:  http://127.0.0.1:8095/player.html
  Trace:   traces/5g-ireland/amazon_prime_static_season3-theexpanse_B_2020_01_05_14_55_57_tc.csv
======================================================================

   Publisher quality: 1200 kbps
[BROWSER] Launching headless Chromium (MOQ2)...
127.0.0.1 - - [26/May/2026 17:22:47] "GET /player.html HTTP/1.1" 200 -
127.0.0.1 - - [26/May/2026 17:22:47] "GET /moq-bundle.js HTTP/1.1" 200 -
   Startup delay: 171ms

[PLAYBACK] Collecting metrics...
   t=10s | buffer: 66.4s | quality: 1200 kbps | trace_bw: 44881 kbps
   t=20s | buffer: 348.2s | quality: 1200 kbps | trace_bw: 0 kbps
   t=31s | buffer: 890.5s | quality: 1200 kbps | trace_bw: 60885 kbps
   t=41s | buffer: 1048.3s | quality: 1200 kbps | trace_bw: 11 kbps
   t=51s | buffer: 1046.2s | quality: 1200 kbps | trace_bw: 8352 kbps
   t=61s | buffer: 1044.0s | quality: 1200 kbps | trace_bw: 9962 kbps
   t=71s | buffer: 1037.9s | quality: 1200 kbps | trace_bw: 0 kbps
   t=81s | buffer: 1039.7s | quality: 1200 kbps | trace_bw: 428 kbps
   t=91s | buffer: 1033.5s | quality: 1200 kbps | trace_bw: 0 kbps
   t=102s | buffer: 1043.8s | quality: 1200 kbps | trace_bw: 11714 kbps
   t=112s | buffer: 1041.7s | quality: 1200 kbps | trace_bw: 340 kbps

======================================================================
  BENCHMARK RESULTS (MOQ2 / moq-dev official stack)
======================================================================

  [TIMING]
      Startup delay:     171 ms
      Playback time:     119.9 s

  [BITRATE]
      Average (selected):  1,200 kbps
      Average (effective): 1,193 kbps

  [REBUFFERING]
      Events:            2
      Total time:        689 ms
      Ratio:             0.5714%

  [THROUGHPUT]
      Average:           15,154 kbps

  [AVAILABLE BW (trace)]
      Average:           15,154 kbps

======================================================================

[SAVED] results/results/run_all_20260525_151403/moq2_5g-ireland/benchmark_moq2_amazon_prime_static_season3-theexpanse_B_2020_01_05_14_55_57_tc_20260526_172241.json

──────────────────────────────────────────────────────────────────────
  [30/83] download_driving_B_2019_12_14_10_16_30_tc.csv
──────────────────────────────────────────────────────────────────────

======================================================================
  MOQ2 Streaming QoE Benchmark (moq-dev/moq official stack)
======================================================================
  Relay:   http://127.0.0.1:4446
  Player:  http://127.0.0.1:8095/player.html
  Trace:   traces/5g-ireland/download_driving_B_2019_12_14_10_16_30_tc.csv
======================================================================

   Publisher quality: 3000 kbps
[BROWSER] Launching headless Chromium (MOQ2)...
127.0.0.1 - - [26/May/2026 17:24:53] "GET /player.html HTTP/1.1" 200 -
127.0.0.1 - - [26/May/2026 17:24:53] "GET /moq-bundle.js HTTP/1.1" 200 -
   Startup delay: 197ms

[PLAYBACK] Collecting metrics...
   t=10s | buffer: 10.4s | quality: 3000 kbps | trace_bw: 14316 kbps
   t=20s | buffer: 40.3s | quality: 3000 kbps | trace_bw: 16067 kbps
   t=31s | buffer: 42.1s | quality: 3000 kbps | trace_bw: 9593 kbps
   t=41s | buffer: 67.9s | quality: 3000 kbps | trace_bw: 6516 kbps
   t=51s | buffer: 93.8s | quality: 3000 kbps | trace_bw: 5 kbps
   t=61s | buffer: 107.6s | quality: 3000 kbps | trace_bw: 10055 kbps
   t=71s | buffer: 133.4s | quality: 3000 kbps | trace_bw: 17060 kbps
   t=81s | buffer: 151.3s | quality: 3000 kbps | trace_bw: 14216 kbps
   t=92s | buffer: 161.1s | quality: 3000 kbps | trace_bw: 1988 kbps
   t=102s | buffer: 174.9s | quality: 3000 kbps | trace_bw: 12477 kbps
   t=112s | buffer: 192.8s | quality: 3000 kbps | trace_bw: 14653 kbps

======================================================================
  BENCHMARK RESULTS (MOQ2 / moq-dev official stack)
======================================================================

  [TIMING]
      Startup delay:     197 ms
      Playback time:     119.9 s

  [BITRATE]
      Average (selected):  3,000 kbps
      Average (effective): 2,982 kbps

  [REBUFFERING]
      Events:            3
      Total time:        743 ms
      Ratio:             0.6157%

  [THROUGHPUT]
      Average:           11,485 kbps

  [AVAILABLE BW (trace)]
      Average:           11,485 kbps

======================================================================

[SAVED] results/results/run_all_20260525_151403/moq2_5g-ireland/benchmark_moq2_download_driving_B_2019_12_14_10_16_30_tc_20260526_172448.json

──────────────────────────────────────────────────────────────────────
  [31/83] download_driving_B_2019_12_16_07_22_43_tc.csv
──────────────────────────────────────────────────────────────────────

======================================================================
  MOQ2 Streaming QoE Benchmark (moq-dev/moq official stack)
======================================================================
  Relay:   http://127.0.0.1:4446
  Player:  http://127.0.0.1:8095/player.html
  Trace:   traces/5g-ireland/download_driving_B_2019_12_16_07_22_43_tc.csv
======================================================================

   Publisher quality: 4500 kbps
[BROWSER] Launching headless Chromium (MOQ2)...
127.0.0.1 - - [26/May/2026 17:27:00] "GET /player.html HTTP/1.1" 200 -
127.0.0.1 - - [26/May/2026 17:27:00] "GET /moq-bundle.js HTTP/1.1" 200 -
   Startup delay: 209ms

[PLAYBACK] Collecting metrics...
   t=10s | buffer: 0.1s | quality: 4500 kbps | trace_bw: 19121 kbps
   t=20s | buffer: 20.2s | quality: 4500 kbps | trace_bw: 14326 kbps
   t=31s | buffer: 46.1s | quality: 4500 kbps | trace_bw: 13659 kbps
   t=41s | buffer: 55.9s | quality: 4500 kbps | trace_bw: 15375 kbps
   t=51s | buffer: 69.7s | quality: 4500 kbps | trace_bw: 0 kbps
   t=61s | buffer: 83.6s | quality: 4500 kbps | trace_bw: 11230 kbps
   t=71s | buffer: 89.4s | quality: 4500 kbps | trace_bw: 17839 kbps
   t=81s | buffer: 107.2s | quality: 4500 kbps | trace_bw: 17249 kbps
   t=92s | buffer: 113.1s | quality: 4500 kbps | trace_bw: 16075 kbps
   t=102s | buffer: 122.9s | quality: 4500 kbps | trace_bw: 10867 kbps
   t=112s | buffer: 120.7s | quality: 4500 kbps | trace_bw: 18683 kbps

======================================================================
  BENCHMARK RESULTS (MOQ2 / moq-dev official stack)
======================================================================

  [TIMING]
      Startup delay:     209 ms
      Playback time:     115.9 s

  [BITRATE]
      Average (selected):  4,500 kbps
      Average (effective): 4,324 kbps

  [REBUFFERING]
      Events:            3
      Total time:        4,715 ms
      Ratio:             3.9090%

  [THROUGHPUT]
      Average:           10,708 kbps

  [AVAILABLE BW (trace)]
      Average:           10,708 kbps

======================================================================

[SAVED] results/results/run_all_20260525_151403/moq2_5g-ireland/benchmark_moq2_download_driving_B_2019_12_16_07_22_43_tc_20260526_172655.json

──────────────────────────────────────────────────────────────────────
  [32/83] download_driving_B_2019_12_16_11_49_59_tc.csv
──────────────────────────────────────────────────────────────────────

======================================================================
  MOQ2 Streaming QoE Benchmark (moq-dev/moq official stack)
======================================================================
  Relay:   http://127.0.0.1:4446
  Player:  http://127.0.0.1:8095/player.html
  Trace:   traces/5g-ireland/download_driving_B_2019_12_16_11_49_59_tc.csv
======================================================================

   Publisher quality: 4500 kbps
[BROWSER] Launching headless Chromium (MOQ2)...
127.0.0.1 - - [26/May/2026 17:29:07] "GET /player.html HTTP/1.1" 200 -
127.0.0.1 - - [26/May/2026 17:29:07] "GET /moq-bundle.js HTTP/1.1" 200 -
   Startup delay: 217ms

[PLAYBACK] Collecting metrics...
   t=10s | buffer: 0.1s | quality: 4500 kbps | trace_bw: 2686 kbps
   t=20s | buffer: 2.4s | quality: 4500 kbps | trace_bw: 1676 kbps
   t=31s | buffer: 4.2s | quality: 4500 kbps | trace_bw: 3167 kbps
   t=41s | buffer: 0.1s | quality: 4500 kbps | trace_bw: 255 kbps
   t=51s | buffer: 0.1s | quality: 4500 kbps | trace_bw: 6080 kbps
   t=61s | buffer: 12.2s | quality: 4500 kbps | trace_bw: 13217 kbps
   t=71s | buffer: 26.0s | quality: 4500 kbps | trace_bw: 15950 kbps
   t=81s | buffer: 23.9s | quality: 4500 kbps | trace_bw: 16148 kbps
   t=92s | buffer: 45.7s | quality: 4500 kbps | trace_bw: 8130 kbps
   t=102s | buffer: 71.5s | quality: 4500 kbps | trace_bw: 18078 kbps
   t=112s | buffer: 77.4s | quality: 4500 kbps | trace_bw: 16662 kbps

======================================================================
  BENCHMARK RESULTS (MOQ2 / moq-dev official stack)
======================================================================

  [TIMING]
      Startup delay:     217 ms
      Playback time:     103.3 s

  [BITRATE]
      Average (selected):  4,500 kbps
      Average (effective): 3,854 kbps

  [REBUFFERING]
      Events:            7
      Total time:        17,319 ms
      Ratio:             14.3605%

  [THROUGHPUT]
      Average:           8,699 kbps

  [AVAILABLE BW (trace)]
      Average:           8,699 kbps

======================================================================

[SAVED] results/results/run_all_20260525_151403/moq2_5g-ireland/benchmark_moq2_download_driving_B_2019_12_16_11_49_59_tc_20260526_172901.json

──────────────────────────────────────────────────────────────────────
  [33/83] download_driving_B_2019_12_16_12_27_05_tc.csv
──────────────────────────────────────────────────────────────────────

======================================================================
  MOQ2 Streaming QoE Benchmark (moq-dev/moq official stack)
======================================================================
  Relay:   http://127.0.0.1:4446
  Player:  http://127.0.0.1:8095/player.html
  Trace:   traces/5g-ireland/download_driving_B_2019_12_16_12_27_05_tc.csv
======================================================================

   Publisher quality: 4500 kbps
[BROWSER] Launching headless Chromium (MOQ2)...
127.0.0.1 - - [26/May/2026 17:31:13] "GET /player.html HTTP/1.1" 200 -
127.0.0.1 - - [26/May/2026 17:31:13] "GET /moq-bundle.js HTTP/1.1" 200 -
   Startup delay: 220ms

[PLAYBACK] Collecting metrics...
   t=10s | buffer: 14.4s | quality: 4500 kbps | trace_bw: 13700 kbps
   t=20s | buffer: 44.2s | quality: 4500 kbps | trace_bw: 35138 kbps
   t=30s | buffer: 50.1s | quality: 4500 kbps | trace_bw: 10348 kbps
   t=41s | buffer: 75.9s | quality: 4500 kbps | trace_bw: 13009 kbps
   t=51s | buffer: 81.7s | quality: 4500 kbps | trace_bw: 10886 kbps
   t=61s | buffer: 83.6s | quality: 4500 kbps | trace_bw: 0 kbps
   t=71s | buffer: 97.4s | quality: 4500 kbps | trace_bw: 8694 kbps
   t=81s | buffer: 95.3s | quality: 4500 kbps | trace_bw: 9593 kbps
   t=91s | buffer: 97.1s | quality: 4500 kbps | trace_bw: 11857 kbps
   t=102s | buffer: 106.9s | quality: 4500 kbps | trace_bw: 0 kbps
   t=112s | buffer: 120.8s | quality: 4500 kbps | trace_bw: 14406 kbps

======================================================================
  BENCHMARK RESULTS (MOQ2 / moq-dev official stack)
======================================================================

  [TIMING]
      Startup delay:     220 ms
      Playback time:     119.9 s

  [BITRATE]
      Average (selected):  4,500 kbps
      Average (effective): 4,474 kbps

  [REBUFFERING]
      Events:            2
      Total time:        688 ms
      Ratio:             0.5711%

  [THROUGHPUT]
      Average:           11,934 kbps

  [AVAILABLE BW (trace)]
      Average:           11,934 kbps

======================================================================

[SAVED] results/results/run_all_20260525_151403/moq2_5g-ireland/benchmark_moq2_download_driving_B_2019_12_16_12_27_05_tc_20260526_173108.json

──────────────────────────────────────────────────────────────────────
  [34/83] download_driving_B_2019_12_16_14_23_32_tc.csv
──────────────────────────────────────────────────────────────────────

======================================================================
  MOQ2 Streaming QoE Benchmark (moq-dev/moq official stack)
======================================================================
  Relay:   http://127.0.0.1:4446
  Player:  http://127.0.0.1:8095/player.html
  Trace:   traces/5g-ireland/download_driving_B_2019_12_16_14_23_32_tc.csv
======================================================================

   Publisher quality: 4500 kbps
[BROWSER] Launching headless Chromium (MOQ2)...
127.0.0.1 - - [26/May/2026 17:33:20] "GET /player.html HTTP/1.1" 200 -
127.0.0.1 - - [26/May/2026 17:33:20] "GET /moq-bundle.js HTTP/1.1" 200 -
   Startup delay: 215ms

[PLAYBACK] Collecting metrics...
   t=10s | buffer: 274.3s | quality: 4500 kbps | trace_bw: 237666 kbps
   t=20s | buffer: 284.1s | quality: 4500 kbps | trace_bw: 111854 kbps
   t=31s | buffer: 282.4s | quality: 4500 kbps | trace_bw: 192803 kbps
   t=41s | buffer: 292.2s | quality: 4500 kbps | trace_bw: 95256 kbps
   t=51s | buffer: 286.1s | quality: 4500 kbps | trace_bw: 63702 kbps
   t=61s | buffer: 283.9s | quality: 4500 kbps | trace_bw: 905 kbps
   t=71s | buffer: 277.7s | quality: 4500 kbps | trace_bw: 1172 kbps
   t=81s | buffer: 291.5s | quality: 4500 kbps | trace_bw: 71265 kbps
   t=92s | buffer: 285.4s | quality: 4500 kbps | trace_bw: 17574 kbps
   t=102s | buffer: 279.2s | quality: 4500 kbps | trace_bw: 158697 kbps
   t=112s | buffer: 281.0s | quality: 4500 kbps | trace_bw: 21057 kbps

======================================================================
  BENCHMARK RESULTS (MOQ2 / moq-dev official stack)
======================================================================

  [TIMING]
      Startup delay:     215 ms
      Playback time:     119.6 s

  [BITRATE]
      Average (selected):  4,500 kbps
      Average (effective): 4,474 kbps

  [REBUFFERING]
      Events:            2
      Total time:        682 ms
      Ratio:             0.5671%

  [THROUGHPUT]
      Average:           72,173 kbps

  [AVAILABLE BW (trace)]
      Average:           72,173 kbps

======================================================================

[SAVED] results/results/run_all_20260525_151403/moq2_5g-ireland/benchmark_moq2_download_driving_B_2019_12_16_14_23_32_tc_20260526_173314.json

──────────────────────────────────────────────────────────────────────
  [35/83] download_driving_B_2019_12_17_07_32_39_tc.csv
──────────────────────────────────────────────────────────────────────

======================================================================
  MOQ2 Streaming QoE Benchmark (moq-dev/moq official stack)
======================================================================
  Relay:   http://127.0.0.1:4446
  Player:  http://127.0.0.1:8095/player.html
  Trace:   traces/5g-ireland/download_driving_B_2019_12_17_07_32_39_tc.csv
======================================================================

   Publisher quality: 4500 kbps
[BROWSER] Launching headless Chromium (MOQ2)...
127.0.0.1 - - [26/May/2026 17:35:26] "GET /player.html HTTP/1.1" 200 -
127.0.0.1 - - [26/May/2026 17:35:26] "GET /moq-bundle.js HTTP/1.1" 200 -
   Startup delay: 209ms

[PLAYBACK] Collecting metrics...
   t=10s | buffer: 18.4s | quality: 4500 kbps | trace_bw: 18342 kbps
   t=20s | buffer: 24.3s | quality: 4500 kbps | trace_bw: 10364 kbps
   t=31s | buffer: 34.1s | quality: 4500 kbps | trace_bw: 12080 kbps
   t=41s | buffer: 35.9s | quality: 4500 kbps | trace_bw: 16841 kbps
   t=51s | buffer: 65.8s | quality: 4500 kbps | trace_bw: 28001 kbps
   t=61s | buffer: 95.6s | quality: 4500 kbps | trace_bw: 2 kbps
   t=71s | buffer: 117.4s | quality: 4500 kbps | trace_bw: 16303 kbps
   t=81s | buffer: 123.3s | quality: 4500 kbps | trace_bw: 10109 kbps
   t=92s | buffer: 141.1s | quality: 4500 kbps | trace_bw: 16165 kbps
   t=102s | buffer: 154.9s | quality: 4500 kbps | trace_bw: 7940 kbps
   t=112s | buffer: 152.7s | quality: 4500 kbps | trace_bw: 5986 kbps

======================================================================
  BENCHMARK RESULTS (MOQ2 / moq-dev official stack)
======================================================================

  [TIMING]
      Startup delay:     209 ms
      Playback time:     119.4 s

  [BITRATE]
      Average (selected):  4,500 kbps
      Average (effective): 4,472 kbps

  [REBUFFERING]
      Events:            2
      Total time:        735 ms
      Ratio:             0.6119%

  [THROUGHPUT]
      Average:           12,342 kbps

  [AVAILABLE BW (trace)]
      Average:           12,342 kbps

======================================================================

[SAVED] results/results/run_all_20260525_151403/moq2_5g-ireland/benchmark_moq2_download_driving_B_2019_12_17_07_32_39_tc_20260526_173521.json

──────────────────────────────────────────────────────────────────────
  [36/83] download_driving_B_2020_01_16_07_26_43_tc.csv
──────────────────────────────────────────────────────────────────────

======================================================================
  MOQ2 Streaming QoE Benchmark (moq-dev/moq official stack)
======================================================================
  Relay:   http://127.0.0.1:4446
  Player:  http://127.0.0.1:8095/player.html
  Trace:   traces/5g-ireland/download_driving_B_2020_01_16_07_26_43_tc.csv
======================================================================

   Publisher quality: 4500 kbps
[BROWSER] Launching headless Chromium (MOQ2)...
127.0.0.1 - - [26/May/2026 17:37:32] "GET /player.html HTTP/1.1" 200 -
127.0.0.1 - - [26/May/2026 17:37:32] "GET /moq-bundle.js HTTP/1.1" 200 -
   Startup delay: 221ms

[PLAYBACK] Collecting metrics...
   t=10s | buffer: 1.7s | quality: 4500 kbps | trace_bw: 8254 kbps
   t=20s | buffer: 12.3s | quality: 4500 kbps | trace_bw: 1 kbps
   t=30s | buffer: 18.1s | quality: 4500 kbps | trace_bw: 9083 kbps
   t=41s | buffer: 31.9s | quality: 4500 kbps | trace_bw: 9183 kbps
   t=51s | buffer: 33.8s | quality: 4500 kbps | trace_bw: 14387 kbps
   t=61s | buffer: 51.6s | quality: 4500 kbps | trace_bw: 15249 kbps
   t=71s | buffer: 65.4s | quality: 4500 kbps | trace_bw: 18363 kbps
   t=81s | buffer: 83.3s | quality: 4500 kbps | trace_bw: 11637 kbps
   t=92s | buffer: 85.1s | quality: 4500 kbps | trace_bw: 8049 kbps
   t=102s | buffer: 94.9s | quality: 4500 kbps | trace_bw: 17833 kbps
   t=112s | buffer: 92.8s | quality: 4500 kbps | trace_bw: 10160 kbps

======================================================================
  BENCHMARK RESULTS (MOQ2 / moq-dev official stack)
======================================================================

  [TIMING]
      Startup delay:     221 ms
      Playback time:     119.9 s

  [BITRATE]
      Average (selected):  4,500 kbps
      Average (effective): 4,473 kbps

  [REBUFFERING]
      Events:            2
      Total time:        729 ms
      Ratio:             0.6041%

  [THROUGHPUT]
      Average:           10,148 kbps

  [AVAILABLE BW (trace)]
      Average:           10,148 kbps

======================================================================

[SAVED] results/results/run_all_20260525_151403/moq2_5g-ireland/benchmark_moq2_download_driving_B_2020_01_16_07_26_43_tc_20260526_173727.json

──────────────────────────────────────────────────────────────────────
  [37/83] download_driving_B_2020_01_16_09_56_56_tc.csv
──────────────────────────────────────────────────────────────────────

======================================================================
  MOQ2 Streaming QoE Benchmark (moq-dev/moq official stack)
======================================================================
  Relay:   http://127.0.0.1:4446
  Player:  http://127.0.0.1:8095/player.html
  Trace:   traces/5g-ireland/download_driving_B_2020_01_16_09_56_56_tc.csv
======================================================================

   Publisher quality: 4500 kbps
[BROWSER] Launching headless Chromium (MOQ2)...
127.0.0.1 - - [26/May/2026 17:39:39] "GET /player.html HTTP/1.1" 200 -
127.0.0.1 - - [26/May/2026 17:39:39] "GET /moq-bundle.js HTTP/1.1" 200 -
   Startup delay: 219ms

[PLAYBACK] Collecting metrics...
   t=10s | buffer: 18.4s | quality: 4500 kbps | trace_bw: 17557 kbps
   t=20s | buffer: 48.2s | quality: 4500 kbps | trace_bw: 17579 kbps
   t=31s | buffer: 74.0s | quality: 4500 kbps | trace_bw: 19053 kbps
   t=41s | buffer: 79.9s | quality: 4500 kbps | trace_bw: 15470 kbps
   t=51s | buffer: 101.7s | quality: 4500 kbps | trace_bw: 19182 kbps
   t=61s | buffer: 115.6s | quality: 4500 kbps | trace_bw: 9783 kbps
   t=71s | buffer: 109.4s | quality: 4500 kbps | trace_bw: 14101 kbps
   t=81s | buffer: 115.2s | quality: 4500 kbps | trace_bw: 6914 kbps
   t=92s | buffer: 121.0s | quality: 4500 kbps | trace_bw: 8117 kbps
   t=102s | buffer: 118.9s | quality: 4500 kbps | trace_bw: 1 kbps
   t=112s | buffer: 128.7s | quality: 4500 kbps | trace_bw: 15827 kbps

======================================================================
  BENCHMARK RESULTS (MOQ2 / moq-dev official stack)
======================================================================

  [TIMING]
      Startup delay:     219 ms
      Playback time:     119.9 s

  [BITRATE]
      Average (selected):  4,500 kbps
      Average (effective): 4,474 kbps

  [REBUFFERING]
      Events:            2
      Total time:        688 ms
      Ratio:             0.5706%

  [THROUGHPUT]
      Average:           10,894 kbps

  [AVAILABLE BW (trace)]
      Average:           10,894 kbps

======================================================================

[SAVED] results/results/run_all_20260525_151403/moq2_5g-ireland/benchmark_moq2_download_driving_B_2020_01_16_09_56_56_tc_20260526_173933.json

──────────────────────────────────────────────────────────────────────
  [38/83] download_driving_B_2020_01_16_12_10_03_tc.csv
──────────────────────────────────────────────────────────────────────

======================================================================
  MOQ2 Streaming QoE Benchmark (moq-dev/moq official stack)
======================================================================
  Relay:   http://127.0.0.1:4446
  Player:  http://127.0.0.1:8095/player.html
  Trace:   traces/5g-ireland/download_driving_B_2020_01_16_12_10_03_tc.csv
======================================================================

   Publisher quality: 4500 kbps
[BROWSER] Launching headless Chromium (MOQ2)...
127.0.0.1 - - [26/May/2026 17:41:45] "GET /player.html HTTP/1.1" 200 -
127.0.0.1 - - [26/May/2026 17:41:45] "GET /moq-bundle.js HTTP/1.1" 200 -
   Startup delay: 210ms

[PLAYBACK] Collecting metrics...
   t=10s | buffer: 282.4s | quality: 4500 kbps | trace_bw: 241673 kbps
   t=20s | buffer: 276.2s | quality: 4500 kbps | trace_bw: 19584 kbps
   t=31s | buffer: 278.5s | quality: 4500 kbps | trace_bw: 189388 kbps
   t=41s | buffer: 288.3s | quality: 4500 kbps | trace_bw: 185658 kbps
   t=51s | buffer: 282.1s | quality: 4500 kbps | trace_bw: 20731 kbps
   t=61s | buffer: 280.4s | quality: 4500 kbps | trace_bw: 15676 kbps
   t=71s | buffer: 286.2s | quality: 4500 kbps | trace_bw: 213904 kbps
   t=81s | buffer: 296.0s | quality: 4500 kbps | trace_bw: 107980 kbps
   t=92s | buffer: 285.8s | quality: 4500 kbps | trace_bw: 144022 kbps
   t=102s | buffer: 288.1s | quality: 4500 kbps | trace_bw: 1 kbps
   t=112s | buffer: 289.9s | quality: 4500 kbps | trace_bw: 199638 kbps

======================================================================
  BENCHMARK RESULTS (MOQ2 / moq-dev official stack)
======================================================================

  [TIMING]
      Startup delay:     210 ms
      Playback time:     119.6 s

  [BITRATE]
      Average (selected):  4,500 kbps
      Average (effective): 4,473 kbps

  [REBUFFERING]
      Events:            2
      Total time:        715 ms
      Ratio:             0.5944%

  [THROUGHPUT]
      Average:           122,501 kbps

  [AVAILABLE BW (trace)]
      Average:           122,501 kbps

======================================================================

[SAVED] results/results/run_all_20260525_151403/moq2_5g-ireland/benchmark_moq2_download_driving_B_2020_01_16_12_10_03_tc_20260526_174140.json

──────────────────────────────────────────────────────────────────────
  [39/83] download_driving_B_2020_02_13_13_03_24_tc.csv
──────────────────────────────────────────────────────────────────────

======================================================================
  MOQ2 Streaming QoE Benchmark (moq-dev/moq official stack)
======================================================================
  Relay:   http://127.0.0.1:4446
  Player:  http://127.0.0.1:8095/player.html
  Trace:   traces/5g-ireland/download_driving_B_2020_02_13_13_03_24_tc.csv
======================================================================

   Publisher quality: 3000 kbps
[BROWSER] Launching headless Chromium (MOQ2)...
127.0.0.1 - - [26/May/2026 17:43:51] "GET /player.html HTTP/1.1" 200 -
127.0.0.1 - - [26/May/2026 17:43:51] "GET /moq-bundle.js HTTP/1.1" 200 -
   Startup delay: 206ms

[PLAYBACK] Collecting metrics...
   t=10s | buffer: 18.4s | quality: 3000 kbps | trace_bw: 10414 kbps
   t=20s | buffer: 32.3s | quality: 3000 kbps | trace_bw: 5206 kbps
   t=30s | buffer: 74.1s | quality: 3000 kbps | trace_bw: 14651 kbps
   t=41s | buffer: 79.9s | quality: 3000 kbps | trace_bw: 11188 kbps
   t=51s | buffer: 85.8s | quality: 3000 kbps | trace_bw: 4205 kbps
   t=61s | buffer: 91.6s | quality: 3000 kbps | trace_bw: 1 kbps
   t=71s | buffer: 105.5s | quality: 3000 kbps | trace_bw: 15494 kbps
   t=81s | buffer: 103.3s | quality: 3000 kbps | trace_bw: 8815 kbps
   t=91s | buffer: 101.1s | quality: 3000 kbps | trace_bw: 9771 kbps
   t=102s | buffer: 115.0s | quality: 3000 kbps | trace_bw: 13255 kbps
   t=112s | buffer: 140.8s | quality: 3000 kbps | trace_bw: 17330 kbps

======================================================================
  BENCHMARK RESULTS (MOQ2 / moq-dev official stack)
======================================================================

  [TIMING]
      Startup delay:     206 ms
      Playback time:     119.8 s

  [BITRATE]
      Average (selected):  3,000 kbps
      Average (effective): 2,982 kbps

  [REBUFFERING]
      Events:            2
      Total time:        719 ms
      Ratio:             0.5960%

  [THROUGHPUT]
      Average:           8,575 kbps

  [AVAILABLE BW (trace)]
      Average:           8,575 kbps

======================================================================

[SAVED] results/results/run_all_20260525_151403/moq2_5g-ireland/benchmark_moq2_download_driving_B_2020_02_13_13_03_24_tc_20260526_174346.json

──────────────────────────────────────────────────────────────────────
  [40/83] download_driving_B_2020_02_13_15_02_01_tc.csv
──────────────────────────────────────────────────────────────────────

======================================================================
  MOQ2 Streaming QoE Benchmark (moq-dev/moq official stack)
======================================================================
  Relay:   http://127.0.0.1:4446
  Player:  http://127.0.0.1:8095/player.html
  Trace:   traces/5g-ireland/download_driving_B_2020_02_13_15_02_01_tc.csv
======================================================================

   Publisher quality: 4500 kbps
[BROWSER] Launching headless Chromium (MOQ2)...
127.0.0.1 - - [26/May/2026 17:45:58] "GET /player.html HTTP/1.1" 200 -
127.0.0.1 - - [26/May/2026 17:45:58] "GET /moq-bundle.js HTTP/1.1" 200 -
   Startup delay: 203ms

[PLAYBACK] Collecting metrics...
   t=10s | buffer: 34.4s | quality: 4500 kbps | trace_bw: 75617 kbps
   t=20s | buffer: 164.3s | quality: 4500 kbps | trace_bw: 3 kbps
   t=31s | buffer: 274.1s | quality: 4500 kbps | trace_bw: 103654 kbps
   t=41s | buffer: 279.9s | quality: 4500 kbps | trace_bw: 86135 kbps
   t=51s | buffer: 269.7s | quality: 4500 kbps | trace_bw: 124658 kbps
   t=61s | buffer: 275.6s | quality: 4500 kbps | trace_bw: 124583 kbps
   t=71s | buffer: 277.8s | quality: 4500 kbps | trace_bw: 47896 kbps
   t=81s | buffer: 283.7s | quality: 4500 kbps | trace_bw: 63866 kbps
   t=92s | buffer: 285.5s | quality: 4500 kbps | trace_bw: 11714 kbps
   t=102s | buffer: 283.3s | quality: 4500 kbps | trace_bw: 110704 kbps
   t=112s | buffer: 281.6s | quality: 4500 kbps | trace_bw: 256540 kbps

======================================================================
  BENCHMARK RESULTS (MOQ2 / moq-dev official stack)
======================================================================

  [TIMING]
      Startup delay:     203 ms
      Playback time:     119.4 s

  [BITRATE]
      Average (selected):  4,500 kbps
      Average (effective): 4,473 kbps

  [REBUFFERING]
      Events:            2
      Total time:        726 ms
      Ratio:             0.6045%

  [THROUGHPUT]
      Average:           79,579 kbps

  [AVAILABLE BW (trace)]
      Average:           79,579 kbps

======================================================================

[SAVED] results/results/run_all_20260525_151403/moq2_5g-ireland/benchmark_moq2_download_driving_B_2020_02_13_15_02_01_tc_20260526_174553.json

──────────────────────────────────────────────────────────────────────
  [41/83] download_driving_B_2020_02_14_07_29_00_tc.csv
──────────────────────────────────────────────────────────────────────

======================================================================
  MOQ2 Streaming QoE Benchmark (moq-dev/moq official stack)
======================================================================
  Relay:   http://127.0.0.1:4446
  Player:  http://127.0.0.1:8095/player.html
  Trace:   traces/5g-ireland/download_driving_B_2020_02_14_07_29_00_tc.csv
======================================================================

   Publisher quality: 4500 kbps
[BROWSER] Launching headless Chromium (MOQ2)...
127.0.0.1 - - [26/May/2026 17:48:04] "GET /player.html HTTP/1.1" 200 -
127.0.0.1 - - [26/May/2026 17:48:04] "GET /moq-bundle.js HTTP/1.1" 200 -
   Startup delay: 210ms

[PLAYBACK] Collecting metrics...
   t=10s | buffer: 17.7s | quality: 4500 kbps | trace_bw: 13071 kbps
   t=20s | buffer: 43.6s | quality: 4500 kbps | trace_bw: 9149 kbps
   t=31s | buffer: 57.4s | quality: 4500 kbps | trace_bw: 11306 kbps
   t=41s | buffer: 99.2s | quality: 4500 kbps | trace_bw: 24773 kbps
   t=51s | buffer: 121.0s | quality: 4500 kbps | trace_bw: 17464 kbps
   t=61s | buffer: 146.9s | quality: 4500 kbps | trace_bw: 4724 kbps
   t=71s | buffer: 168.7s | quality: 4500 kbps | trace_bw: 12071 kbps
   t=81s | buffer: 190.5s | quality: 4500 kbps | trace_bw: 19796 kbps
   t=92s | buffer: 200.4s | quality: 4500 kbps | trace_bw: 15701 kbps
   t=102s | buffer: 214.2s | quality: 4500 kbps | trace_bw: 12263 kbps
   t=112s | buffer: 260.0s | quality: 4500 kbps | trace_bw: 161665 kbps

======================================================================
  BENCHMARK RESULTS (MOQ2 / moq-dev official stack)
======================================================================

  [TIMING]
      Startup delay:     210 ms
      Playback time:     120.6 s

  [BITRATE]
      Average (selected):  4,500 kbps
      Average (effective): 4,500 kbps

  [REBUFFERING]
      Events:            1
      Total time:        12 ms
      Ratio:             0.0095%

  [THROUGHPUT]
      Average:           31,730 kbps

  [AVAILABLE BW (trace)]
      Average:           31,730 kbps

======================================================================

[SAVED] results/results/run_all_20260525_151403/moq2_5g-ireland/benchmark_moq2_download_driving_B_2020_02_14_07_29_00_tc_20260526_174759.json

──────────────────────────────────────────────────────────────────────
  [42/83] download_driving_B_2020_02_14_09_38_22_tc.csv
──────────────────────────────────────────────────────────────────────

======================================================================
  MOQ2 Streaming QoE Benchmark (moq-dev/moq official stack)
======================================================================
  Relay:   http://127.0.0.1:4446
  Player:  http://127.0.0.1:8095/player.html
  Trace:   traces/5g-ireland/download_driving_B_2020_02_14_09_38_22_tc.csv
======================================================================

   Publisher quality: 4500 kbps
[BROWSER] Launching headless Chromium (MOQ2)...
127.0.0.1 - - [26/May/2026 17:50:11] "GET /player.html HTTP/1.1" 200 -
127.0.0.1 - - [26/May/2026 17:50:11] "GET /moq-bundle.js HTTP/1.1" 200 -
   Startup delay: 217ms

[PLAYBACK] Collecting metrics...
   t=10s | buffer: 13.7s | quality: 4500 kbps | trace_bw: 9125 kbps
   t=20s | buffer: 11.5s | quality: 4500 kbps | trace_bw: 4183 kbps
   t=31s | buffer: 13.4s | quality: 4500 kbps | trace_bw: 1807 kbps
   t=41s | buffer: 7.2s | quality: 4500 kbps | trace_bw: 4326 kbps
   t=51s | buffer: 9.0s | quality: 4500 kbps | trace_bw: 1894 kbps
   t=61s | buffer: 22.9s | quality: 4500 kbps | trace_bw: 7125 kbps
   t=71s | buffer: 44.7s | quality: 4500 kbps | trace_bw: 5014 kbps
   t=81s | buffer: 42.6s | quality: 4500 kbps | trace_bw: 6307 kbps
   t=91s | buffer: 52.4s | quality: 4500 kbps | trace_bw: 489 kbps
   t=102s | buffer: 54.2s | quality: 4500 kbps | trace_bw: 5777 kbps
   t=112s | buffer: 56.1s | quality: 4500 kbps | trace_bw: 8941 kbps

======================================================================
  BENCHMARK RESULTS (MOQ2 / moq-dev official stack)
======================================================================

  [TIMING]
      Startup delay:     217 ms
      Playback time:     120.6 s

  [BITRATE]
      Average (selected):  4,500 kbps
      Average (effective): 4,500 kbps

  [REBUFFERING]
      Events:            1
      Total time:        12 ms
      Ratio:             0.0095%

  [THROUGHPUT]
      Average:           6,193 kbps

  [AVAILABLE BW (trace)]
      Average:           6,193 kbps

======================================================================

[SAVED] results/results/run_all_20260525_151403/moq2_5g-ireland/benchmark_moq2_download_driving_B_2020_02_14_09_38_22_tc_20260526_175005.json

──────────────────────────────────────────────────────────────────────
  [43/83] download_driving_B_2020_02_14_12_58_17_tc.csv
──────────────────────────────────────────────────────────────────────

======================================================================
  MOQ2 Streaming QoE Benchmark (moq-dev/moq official stack)
======================================================================
  Relay:   http://127.0.0.1:4446
  Player:  http://127.0.0.1:8095/player.html
  Trace:   traces/5g-ireland/download_driving_B_2020_02_14_12_58_17_tc.csv
======================================================================

   Publisher quality: 2000 kbps
[BROWSER] Launching headless Chromium (MOQ2)...
127.0.0.1 - - [26/May/2026 17:52:17] "GET /player.html HTTP/1.1" 200 -
127.0.0.1 - - [26/May/2026 17:52:17] "GET /moq-bundle.js HTTP/1.1" 200 -
   Startup delay: 189ms

[PLAYBACK] Collecting metrics...
   t=10s | buffer: 29.7s | quality: 2000 kbps | trace_bw: 11018 kbps
   t=20s | buffer: 79.5s | quality: 2000 kbps | trace_bw: 13201 kbps
   t=31s | buffer: 125.4s | quality: 2000 kbps | trace_bw: 14805 kbps
   t=41s | buffer: 195.2s | quality: 2000 kbps | trace_bw: 22540 kbps
   t=51s | buffer: 201.0s | quality: 2000 kbps | trace_bw: 14510 kbps
   t=61s | buffer: 234.9s | quality: 2000 kbps | trace_bw: 875 kbps
   t=71s | buffer: 232.7s | quality: 2000 kbps | trace_bw: 1182 kbps
   t=81s | buffer: 226.5s | quality: 2000 kbps | trace_bw: 23 kbps
   t=92s | buffer: 224.4s | quality: 2000 kbps | trace_bw: 21100 kbps
   t=102s | buffer: 226.2s | quality: 2000 kbps | trace_bw: 5145 kbps
   t=112s | buffer: 240.0s | quality: 2000 kbps | trace_bw: 5821 kbps

======================================================================
  BENCHMARK RESULTS (MOQ2 / moq-dev official stack)
======================================================================

  [TIMING]
      Startup delay:     189 ms
      Playback time:     120.6 s

  [BITRATE]
      Average (selected):  2,000 kbps
      Average (effective): 2,000 kbps

  [REBUFFERING]
      Events:            1
      Total time:        7 ms
      Ratio:             0.0055%

  [THROUGHPUT]
      Average:           7,972 kbps

  [AVAILABLE BW (trace)]
      Average:           7,972 kbps

======================================================================

[SAVED] results/results/run_all_20260525_151403/moq2_5g-ireland/benchmark_moq2_download_driving_B_2020_02_14_12_58_17_tc_20260526_175212.json

──────────────────────────────────────────────────────────────────────
  [44/83] download_driving_B_2020_02_27_17_30_15_tc.csv
──────────────────────────────────────────────────────────────────────

======================================================================
  MOQ2 Streaming QoE Benchmark (moq-dev/moq official stack)
======================================================================
  Relay:   http://127.0.0.1:4446
  Player:  http://127.0.0.1:8095/player.html
  Trace:   traces/5g-ireland/download_driving_B_2020_02_27_17_30_15_tc.csv
======================================================================

   Publisher quality: 2000 kbps
[BROWSER] Launching headless Chromium (MOQ2)...
127.0.0.1 - - [26/May/2026 17:54:24] "GET /player.html HTTP/1.1" 200 -
127.0.0.1 - - [26/May/2026 17:54:24] "GET /moq-bundle.js HTTP/1.1" 200 -
   Startup delay: 190ms

[PLAYBACK] Collecting metrics...
   t=10s | buffer: 0.1s | quality: 2000 kbps | trace_bw: 12607 kbps
   t=20s | buffer: 12.2s | quality: 2000 kbps | trace_bw: 2075 kbps
   t=31s | buffer: 26.0s | quality: 2000 kbps | trace_bw: 5150 kbps
   t=41s | buffer: 23.9s | quality: 2000 kbps | trace_bw: 4481 kbps
   t=51s | buffer: 29.7s | quality: 2000 kbps | trace_bw: 2 kbps
   t=61s | buffer: 31.6s | quality: 2000 kbps | trace_bw: 6179 kbps
   t=71s | buffer: 53.4s | quality: 2000 kbps | trace_bw: 8013 kbps
   t=81s | buffer: 59.2s | quality: 2000 kbps | trace_bw: 5412 kbps
   t=92s | buffer: 77.1s | quality: 2000 kbps | trace_bw: 1 kbps
   t=102s | buffer: 86.9s | quality: 2000 kbps | trace_bw: 3775 kbps
   t=112s | buffer: 80.7s | quality: 2000 kbps | trace_bw: 1438 kbps

======================================================================
  BENCHMARK RESULTS (MOQ2 / moq-dev official stack)
======================================================================

  [TIMING]
      Startup delay:     190 ms
      Playback time:     115.9 s

  [BITRATE]
      Average (selected):  2,000 kbps
      Average (effective): 1,922 kbps

  [REBUFFERING]
      Events:            3
      Total time:        4,695 ms
      Ratio:             3.8922%

  [THROUGHPUT]
      Average:           4,346 kbps

  [AVAILABLE BW (trace)]
      Average:           4,346 kbps

======================================================================

[SAVED] results/results/run_all_20260525_151403/moq2_5g-ireland/benchmark_moq2_download_driving_B_2020_02_27_17_30_15_tc_20260526_175419.json

──────────────────────────────────────────────────────────────────────
  [45/83] download_driving_B_2020_02_27_20_35_57_tc.csv
──────────────────────────────────────────────────────────────────────

======================================================================
  MOQ2 Streaming QoE Benchmark (moq-dev/moq official stack)
======================================================================
  Relay:   http://127.0.0.1:4446
  Player:  http://127.0.0.1:8095/player.html
  Trace:   traces/5g-ireland/download_driving_B_2020_02_27_20_35_57_tc.csv
======================================================================

   Publisher quality: 2000 kbps
[BROWSER] Launching headless Chromium (MOQ2)...
127.0.0.1 - - [26/May/2026 17:56:31] "GET /player.html HTTP/1.1" 200 -
127.0.0.1 - - [26/May/2026 17:56:31] "GET /moq-bundle.js HTTP/1.1" 200 -
   Startup delay: 189ms

[PLAYBACK] Collecting metrics...
   t=10s | buffer: 18.4s | quality: 2000 kbps | trace_bw: 8819 kbps
   t=20s | buffer: 236.2s | quality: 2000 kbps | trace_bw: 11 kbps
   t=31s | buffer: 482.1s | quality: 2000 kbps | trace_bw: 104863 kbps
   t=41s | buffer: 640.4s | quality: 2000 kbps | trace_bw: 104252 kbps
   t=51s | buffer: 630.2s | quality: 2000 kbps | trace_bw: 20866 kbps
   t=61s | buffer: 636.0s | quality: 2000 kbps | trace_bw: 10020 kbps
   t=71s | buffer: 638.3s | quality: 2000 kbps | trace_bw: 20710 kbps
   t=81s | buffer: 644.1s | quality: 2000 kbps | trace_bw: 31927 kbps
   t=92s | buffer: 642.0s | quality: 2000 kbps | trace_bw: 18470 kbps
   t=102s | buffer: 643.8s | quality: 2000 kbps | trace_bw: 158001 kbps
   t=112s | buffer: 645.6s | quality: 2000 kbps | trace_bw: 164238 kbps

======================================================================
  BENCHMARK RESULTS (MOQ2 / moq-dev official stack)
======================================================================

  [TIMING]
      Startup delay:     189 ms
      Playback time:     119.9 s

  [BITRATE]
      Average (selected):  2,000 kbps
      Average (effective): 1,988 kbps

  [REBUFFERING]
      Events:            2
      Total time:        704 ms
      Ratio:             0.5837%

  [THROUGHPUT]
      Average:           62,175 kbps

  [AVAILABLE BW (trace)]
      Average:           62,175 kbps

======================================================================

[SAVED] results/results/run_all_20260525_151403/moq2_5g-ireland/benchmark_moq2_download_driving_B_2020_02_27_20_35_57_tc_20260526_175625.json

──────────────────────────────────────────────────────────────────────
  [46/83] download_static_B_2019_12_16_13_40_04_tc.csv
──────────────────────────────────────────────────────────────────────

======================================================================
  MOQ2 Streaming QoE Benchmark (moq-dev/moq official stack)
======================================================================
  Relay:   http://127.0.0.1:4446
  Player:  http://127.0.0.1:8095/player.html
  Trace:   traces/5g-ireland/download_static_B_2019_12_16_13_40_04_tc.csv
======================================================================

   Publisher quality: 4500 kbps
[BROWSER] Launching headless Chromium (MOQ2)...
127.0.0.1 - - [26/May/2026 17:58:37] "GET /player.html HTTP/1.1" 200 -
127.0.0.1 - - [26/May/2026 17:58:37] "GET /moq-bundle.js HTTP/1.1" 200 -
   Startup delay: 221ms

[PLAYBACK] Collecting metrics...
   t=10s | buffer: 126.4s | quality: 4500 kbps | trace_bw: 45685 kbps
   t=20s | buffer: 260.2s | quality: 4500 kbps | trace_bw: 21940 kbps
   t=31s | buffer: 274.0s | quality: 4500 kbps | trace_bw: 279678 kbps
   t=41s | buffer: 280.3s | quality: 4500 kbps | trace_bw: 203437 kbps
   t=51s | buffer: 274.1s | quality: 4500 kbps | trace_bw: 23720 kbps
   t=61s | buffer: 272.0s | quality: 4500 kbps | trace_bw: 13003 kbps
   t=71s | buffer: 269.8s | quality: 4500 kbps | trace_bw: 19764 kbps
   t=81s | buffer: 284.1s | quality: 4500 kbps | trace_bw: 187045 kbps
   t=92s | buffer: 277.9s | quality: 4500 kbps | trace_bw: 240129 kbps
   t=102s | buffer: 275.7s | quality: 4500 kbps | trace_bw: 18710 kbps
   t=112s | buffer: 277.6s | quality: 4500 kbps | trace_bw: 223592 kbps

======================================================================
  BENCHMARK RESULTS (MOQ2 / moq-dev official stack)
======================================================================

  [TIMING]
      Startup delay:     221 ms
      Playback time:     119.5 s

  [BITRATE]
      Average (selected):  4,500 kbps
      Average (effective): 4,474 kbps

  [REBUFFERING]
      Events:            2
      Total time:        687 ms
      Ratio:             0.5720%

  [THROUGHPUT]
      Average:           97,914 kbps

  [AVAILABLE BW (trace)]
      Average:           97,914 kbps

======================================================================

[SAVED] results/results/run_all_20260525_151403/moq2_5g-ireland/benchmark_moq2_download_static_B_2019_12_16_13_40_04_tc_20260526_175832.json

──────────────────────────────────────────────────────────────────────
  [47/83] download_static_B_2020_01_16_10_43_34_tc.csv
──────────────────────────────────────────────────────────────────────

======================================================================
  MOQ2 Streaming QoE Benchmark (moq-dev/moq official stack)
======================================================================
  Relay:   http://127.0.0.1:4446
  Player:  http://127.0.0.1:8095/player.html
  Trace:   traces/5g-ireland/download_static_B_2020_01_16_10_43_34_tc.csv
======================================================================

   Publisher quality: 4500 kbps
[BROWSER] Launching headless Chromium (MOQ2)...
127.0.0.1 - - [26/May/2026 18:00:43] "GET /player.html HTTP/1.1" 200 -
127.0.0.1 - - [26/May/2026 18:00:43] "GET /moq-bundle.js HTTP/1.1" 200 -
   Startup delay: 206ms

[PLAYBACK] Collecting metrics...
   t=10s | buffer: 137.7s | quality: 4500 kbps | trace_bw: 133037 kbps
   t=20s | buffer: 275.5s | quality: 4500 kbps | trace_bw: 8183 kbps
   t=31s | buffer: 277.3s | quality: 4500 kbps | trace_bw: 68214 kbps
   t=41s | buffer: 283.2s | quality: 4500 kbps | trace_bw: 20543 kbps
   t=51s | buffer: 281.0s | quality: 4500 kbps | trace_bw: 21212 kbps
   t=61s | buffer: 282.8s | quality: 4500 kbps | trace_bw: 0 kbps
   t=71s | buffer: 276.7s | quality: 4500 kbps | trace_bw: 16010 kbps
   t=81s | buffer: 287.0s | quality: 4500 kbps | trace_bw: 100073 kbps
   t=92s | buffer: 280.8s | quality: 4500 kbps | trace_bw: 22342 kbps
   t=102s | buffer: 278.7s | quality: 4500 kbps | trace_bw: 11361 kbps
   t=112s | buffer: 276.5s | quality: 4500 kbps | trace_bw: 18839 kbps

======================================================================
  BENCHMARK RESULTS (MOQ2 / moq-dev official stack)
======================================================================

  [TIMING]
      Startup delay:     206 ms
      Playback time:     120.6 s

  [BITRATE]
      Average (selected):  4,500 kbps
      Average (effective): 4,500 kbps

  [REBUFFERING]
      Events:            1
      Total time:        10 ms
      Ratio:             0.0080%

  [THROUGHPUT]
      Average:           38,292 kbps

  [AVAILABLE BW (trace)]
      Average:           38,292 kbps

======================================================================

[SAVED] results/results/run_all_20260525_151403/moq2_5g-ireland/benchmark_moq2_download_static_B_2020_01_16_10_43_34_tc_20260526_180038.json

──────────────────────────────────────────────────────────────────────
  [48/83] download_static_B_2020_02_13_13_57_29_tc.csv
──────────────────────────────────────────────────────────────────────

======================================================================
  MOQ2 Streaming QoE Benchmark (moq-dev/moq official stack)
======================================================================
  Relay:   http://127.0.0.1:4446
  Player:  http://127.0.0.1:8095/player.html
  Trace:   traces/5g-ireland/download_static_B_2020_02_13_13_57_29_tc.csv
======================================================================

   Publisher quality: 4500 kbps
[BROWSER] Launching headless Chromium (MOQ2)...
127.0.0.1 - - [26/May/2026 18:02:50] "GET /player.html HTTP/1.1" 200 -
127.0.0.1 - - [26/May/2026 18:02:50] "GET /moq-bundle.js HTTP/1.1" 200 -
   Startup delay: 220ms

[PLAYBACK] Collecting metrics...
   t=10s | buffer: 22.4s | quality: 4500 kbps | trace_bw: 19750 kbps
   t=20s | buffer: 36.2s | quality: 4500 kbps | trace_bw: 19546 kbps
   t=31s | buffer: 254.0s | quality: 4500 kbps | trace_bw: 216188 kbps
   t=41s | buffer: 279.9s | quality: 4500 kbps | trace_bw: 100156 kbps
   t=51s | buffer: 281.7s | quality: 4500 kbps | trace_bw: 20423 kbps
   t=61s | buffer: 283.5s | quality: 4500 kbps | trace_bw: 18455 kbps
   t=71s | buffer: 281.4s | quality: 4500 kbps | trace_bw: 19617 kbps
   t=81s | buffer: 287.2s | quality: 4500 kbps | trace_bw: 19008 kbps
   t=92s | buffer: 281.0s | quality: 4500 kbps | trace_bw: 15982 kbps
   t=102s | buffer: 286.9s | quality: 4500 kbps | trace_bw: 1 kbps
   t=112s | buffer: 292.7s | quality: 4500 kbps | trace_bw: 19625 kbps

======================================================================
  BENCHMARK RESULTS (MOQ2 / moq-dev official stack)
======================================================================

  [TIMING]
      Startup delay:     220 ms
      Playback time:     119.4 s

  [BITRATE]
      Average (selected):  4,500 kbps
      Average (effective): 4,473 kbps

  [REBUFFERING]
      Events:            2
      Total time:        726 ms
      Ratio:             0.6043%

  [THROUGHPUT]
      Average:           33,057 kbps

  [AVAILABLE BW (trace)]
      Average:           33,057 kbps

======================================================================

[SAVED] results/results/run_all_20260525_151403/moq2_5g-ireland/benchmark_moq2_download_static_B_2020_02_13_13_57_29_tc_20260526_180244.json

──────────────────────────────────────────────────────────────────────
  [49/83] download_static_B_2020_02_14_13_21_26_tc.csv
──────────────────────────────────────────────────────────────────────

======================================================================
  MOQ2 Streaming QoE Benchmark (moq-dev/moq official stack)
======================================================================
  Relay:   http://127.0.0.1:4446
  Player:  http://127.0.0.1:8095/player.html
  Trace:   traces/5g-ireland/download_static_B_2020_02_14_13_21_26_tc.csv
======================================================================

   Publisher quality: 4500 kbps
[BROWSER] Launching headless Chromium (MOQ2)...
127.0.0.1 - - [26/May/2026 18:04:56] "GET /player.html HTTP/1.1" 200 -
127.0.0.1 - - [26/May/2026 18:04:56] "GET /moq-bundle.js HTTP/1.1" 200 -
   Startup delay: 217ms

[PLAYBACK] Collecting metrics...
   t=10s | buffer: 22.4s | quality: 4500 kbps | trace_bw: 21208 kbps
   t=20s | buffer: 56.2s | quality: 4500 kbps | trace_bw: 20791 kbps
   t=31s | buffer: 90.1s | quality: 4500 kbps | trace_bw: 21119 kbps
   t=41s | buffer: 123.9s | quality: 4500 kbps | trace_bw: 19880 kbps
   t=51s | buffer: 121.7s | quality: 4500 kbps | trace_bw: 158790 kbps
   t=61s | buffer: 271.5s | quality: 4500 kbps | trace_bw: 126947 kbps
   t=71s | buffer: 273.4s | quality: 4500 kbps | trace_bw: 223919 kbps
   t=81s | buffer: 279.6s | quality: 4500 kbps | trace_bw: 225894 kbps
   t=92s | buffer: 277.5s | quality: 4500 kbps | trace_bw: 196772 kbps
   t=102s | buffer: 271.3s | quality: 4500 kbps | trace_bw: 332 kbps
   t=112s | buffer: 277.6s | quality: 4500 kbps | trace_bw: 204961 kbps

======================================================================
  BENCHMARK RESULTS (MOQ2 / moq-dev official stack)
======================================================================

  [TIMING]
      Startup delay:     217 ms
      Playback time:     119.4 s

  [BITRATE]
      Average (selected):  4,500 kbps
      Average (effective): 4,474 kbps

  [REBUFFERING]
      Events:            2
      Total time:        690 ms
      Ratio:             0.5740%

  [THROUGHPUT]
      Average:           111,240 kbps

  [AVAILABLE BW (trace)]
      Average:           111,240 kbps

======================================================================

[SAVED] results/results/run_all_20260525_151403/moq2_5g-ireland/benchmark_moq2_download_static_B_2020_02_14_13_21_26_tc_20260526_180451.json

──────────────────────────────────────────────────────────────────────
  [50/83] download_static_B_2020_02_27_18_39_27_tc.csv
──────────────────────────────────────────────────────────────────────

======================================================================
  MOQ2 Streaming QoE Benchmark (moq-dev/moq official stack)
======================================================================
  Relay:   http://127.0.0.1:4446
  Player:  http://127.0.0.1:8095/player.html
  Trace:   traces/5g-ireland/download_static_B_2020_02_27_18_39_27_tc.csv
======================================================================

   Publisher quality: 4500 kbps
[BROWSER] Launching headless Chromium (MOQ2)...
127.0.0.1 - - [26/May/2026 18:07:02] "GET /player.html HTTP/1.1" 200 -
127.0.0.1 - - [26/May/2026 18:07:02] "GET /moq-bundle.js HTTP/1.1" 200 -
   Startup delay: 225ms

[PLAYBACK] Collecting metrics...
   t=10s | buffer: 2.4s | quality: 4500 kbps | trace_bw: 0 kbps
   t=20s | buffer: 164.2s | quality: 4500 kbps | trace_bw: 206893 kbps
   t=31s | buffer: 178.1s | quality: 4500 kbps | trace_bw: 20543 kbps
   t=41s | buffer: 211.9s | quality: 4500 kbps | trace_bw: 8385 kbps
   t=51s | buffer: 274.1s | quality: 4500 kbps | trace_bw: 183859 kbps
   t=61s | buffer: 280.0s | quality: 4500 kbps | trace_bw: 187550 kbps
   t=71s | buffer: 282.2s | quality: 4500 kbps | trace_bw: 221179 kbps
   t=81s | buffer: 284.1s | quality: 4500 kbps | trace_bw: 37459 kbps
   t=92s | buffer: 294.4s | quality: 4500 kbps | trace_bw: 162844 kbps
   t=102s | buffer: 292.2s | quality: 4500 kbps | trace_bw: 164519 kbps
   t=112s | buffer: 282.0s | quality: 4500 kbps | trace_bw: 271341 kbps

======================================================================
  BENCHMARK RESULTS (MOQ2 / moq-dev official stack)
======================================================================

  [TIMING]
      Startup delay:     225 ms
      Playback time:     115.5 s

  [BITRATE]
      Average (selected):  4,500 kbps
      Average (effective): 4,324 kbps

  [REBUFFERING]
      Events:            3
      Total time:        4,709 ms
      Ratio:             3.9179%

  [THROUGHPUT]
      Average:           124,515 kbps

  [AVAILABLE BW (trace)]
      Average:           124,515 kbps

======================================================================

[SAVED] results/results/run_all_20260525_151403/moq2_5g-ireland/benchmark_moq2_download_static_B_2020_02_27_18_39_27_tc_20260526_180657.json

──────────────────────────────────────────────────────────────────────
  [51/83] netflix_driving_animated-rickandmorty_B_2019_11_20_16_55_16_tc.csv
──────────────────────────────────────────────────────────────────────

======================================================================
  MOQ2 Streaming QoE Benchmark (moq-dev/moq official stack)
======================================================================
  Relay:   http://127.0.0.1:4446
  Player:  http://127.0.0.1:8095/player.html
  Trace:   traces/5g-ireland/netflix_driving_animated-rickandmorty_B_2019_11_20_16_55_16_tc.csv
======================================================================

   Publisher quality: 100 kbps
[BROWSER] Launching headless Chromium (MOQ2)...
127.0.0.1 - - [26/May/2026 18:09:08] "GET /player.html HTTP/1.1" 200 -
127.0.0.1 - - [26/May/2026 18:09:08] "GET /moq-bundle.js HTTP/1.1" 200 -
   Startup delay: 155ms

[PLAYBACK] Collecting metrics...
   t=10s | buffer: 481.7s | quality: 100 kbps | trace_bw: 8593 kbps
   t=20s | buffer: 1468.5s | quality: 100 kbps | trace_bw: 7609 kbps
   t=31s | buffer: 1946.7s | quality: 100 kbps | trace_bw: 4034 kbps
   t=41s | buffer: 2168.6s | quality: 100 kbps | trace_bw: 0 kbps
   t=51s | buffer: 2166.4s | quality: 100 kbps | trace_bw: 2 kbps
   t=61s | buffer: 2164.2s | quality: 100 kbps | trace_bw: 0 kbps
   t=71s | buffer: 2158.1s | quality: 100 kbps | trace_bw: 0 kbps
   t=81s | buffer: 2151.9s | quality: 100 kbps | trace_bw: 0 kbps
   t=92s | buffer: 2149.7s | quality: 100 kbps | trace_bw: 0 kbps
   t=102s | buffer: 2147.6s | quality: 100 kbps | trace_bw: 0 kbps
   t=112s | buffer: 2149.4s | quality: 100 kbps | trace_bw: 2 kbps

======================================================================
  BENCHMARK RESULTS (MOQ2 / moq-dev official stack)
======================================================================

  [TIMING]
      Startup delay:     155 ms
      Playback time:     120.6 s

  [BITRATE]
      Average (selected):  100 kbps
      Average (effective): 100 kbps

  [REBUFFERING]
      Events:            1
      Total time:        2 ms
      Ratio:             0.0012%

  [THROUGHPUT]
      Average:           2,158 kbps

  [AVAILABLE BW (trace)]
      Average:           2,158 kbps

======================================================================

[SAVED] results/results/run_all_20260525_151403/moq2_5g-ireland/benchmark_moq2_netflix_driving_animated-rickandmorty_B_2019_11_20_16_55_16_tc_20260526_180903.json

──────────────────────────────────────────────────────────────────────
  [52/83] netflix_driving_animated-rickandmorty_B_2019_11_21_07_59_06_tc.csv
──────────────────────────────────────────────────────────────────────

======================================================================
  MOQ2 Streaming QoE Benchmark (moq-dev/moq official stack)
======================================================================
  Relay:   http://127.0.0.1:4446
  Player:  http://127.0.0.1:8095/player.html
  Trace:   traces/5g-ireland/netflix_driving_animated-rickandmorty_B_2019_11_21_07_59_06_tc.csv
======================================================================

   Publisher quality: 100 kbps
[BROWSER] Launching headless Chromium (MOQ2)...
127.0.0.1 - - [26/May/2026 18:11:15] "GET /player.html HTTP/1.1" 200 -
127.0.0.1 - - [26/May/2026 18:11:15] "GET /moq-bundle.js HTTP/1.1" 200 -
   Startup delay: 151ms

[PLAYBACK] Collecting metrics...
   t=10s | buffer: 0.1s | quality: 100 kbps | trace_bw: 0 kbps
   t=20s | buffer: 1023.6s | quality: 100 kbps | trace_bw: 29339 kbps
   t=30s | buffer: 1025.4s | quality: 100 kbps | trace_bw: 2 kbps
   t=41s | buffer: 1023.3s | quality: 100 kbps | trace_bw: 0 kbps
   t=51s | buffer: 1017.1s | quality: 100 kbps | trace_bw: 0 kbps
   t=61s | buffer: 1015.0s | quality: 100 kbps | trace_bw: 0 kbps
   t=71s | buffer: 1008.8s | quality: 100 kbps | trace_bw: 0 kbps
   t=81s | buffer: 1006.6s | quality: 100 kbps | trace_bw: 1 kbps
   t=91s | buffer: 1004.5s | quality: 100 kbps | trace_bw: 2 kbps
   t=102s | buffer: 1238.8s | quality: 100 kbps | trace_bw: 0 kbps
   t=112s | buffer: 1236.6s | quality: 100 kbps | trace_bw: 2 kbps

======================================================================
  BENCHMARK RESULTS (MOQ2 / moq-dev official stack)
======================================================================

  [TIMING]
      Startup delay:     151 ms
      Playback time:     117.0 s

  [BITRATE]
      Average (selected):  100 kbps
      Average (effective): 97 kbps

  [REBUFFERING]
      Events:            3
      Total time:        3,577 ms
      Ratio:             2.9677%

  [THROUGHPUT]
      Average:           1,675 kbps

  [AVAILABLE BW (trace)]
      Average:           1,675 kbps

======================================================================

[SAVED] results/results/run_all_20260525_151403/moq2_5g-ireland/benchmark_moq2_netflix_driving_animated-rickandmorty_B_2019_11_21_07_59_06_tc_20260526_181109.json

──────────────────────────────────────────────────────────────────────
  [53/83] netflix_driving_animated-rickandmorty_B_2019_11_21_09_03_55_tc.csv
──────────────────────────────────────────────────────────────────────

======================================================================
  MOQ2 Streaming QoE Benchmark (moq-dev/moq official stack)
======================================================================
  Relay:   http://127.0.0.1:4446
  Player:  http://127.0.0.1:8095/player.html
  Trace:   traces/5g-ireland/netflix_driving_animated-rickandmorty_B_2019_11_21_09_03_55_tc.csv
======================================================================

   Publisher quality: 100 kbps
[BROWSER] Launching headless Chromium (MOQ2)...
127.0.0.1 - - [26/May/2026 18:13:21] "GET /player.html HTTP/1.1" 200 -
127.0.0.1 - - [26/May/2026 18:13:21] "GET /moq-bundle.js HTTP/1.1" 200 -
   Startup delay: 139ms

[PLAYBACK] Collecting metrics...
   t=10s | buffer: 321.7s | quality: 100 kbps | trace_bw: 257 kbps
   t=20s | buffer: 319.6s | quality: 100 kbps | trace_bw: 0 kbps
   t=31s | buffer: 313.4s | quality: 100 kbps | trace_bw: 0 kbps
   t=41s | buffer: 315.2s | quality: 100 kbps | trace_bw: 0 kbps
   t=51s | buffer: 313.1s | quality: 100 kbps | trace_bw: 2 kbps
   t=61s | buffer: 314.9s | quality: 100 kbps | trace_bw: 0 kbps
   t=71s | buffer: 312.7s | quality: 100 kbps | trace_bw: 2 kbps
   t=81s | buffer: 310.6s | quality: 100 kbps | trace_bw: 0 kbps
   t=91s | buffer: 308.4s | quality: 100 kbps | trace_bw: 4 kbps
   t=102s | buffer: 306.2s | quality: 100 kbps | trace_bw: 8784 kbps
   t=112s | buffer: 304.1s | quality: 100 kbps | trace_bw: 2 kbps

======================================================================
  BENCHMARK RESULTS (MOQ2 / moq-dev official stack)
======================================================================

  [TIMING]
      Startup delay:     139 ms
      Playback time:     120.6 s

  [BITRATE]
      Average (selected):  100 kbps
      Average (effective): 100 kbps

  [REBUFFERING]
      Events:            1
      Total time:        2 ms
      Ratio:             0.0013%

  [THROUGHPUT]
      Average:           2,998 kbps

  [AVAILABLE BW (trace)]
      Average:           2,998 kbps

======================================================================

[SAVED] results/results/run_all_20260525_151403/moq2_5g-ireland/benchmark_moq2_netflix_driving_animated-rickandmorty_B_2019_11_21_09_03_55_tc_20260526_181316.json

──────────────────────────────────────────────────────────────────────
  [54/83] netflix_driving_animated-rickandmorty_B_2019_11_21_09_44_52_tc.csv
──────────────────────────────────────────────────────────────────────

======================================================================
  MOQ2 Streaming QoE Benchmark (moq-dev/moq official stack)
======================================================================
  Relay:   http://127.0.0.1:4446
  Player:  http://127.0.0.1:8095/player.html
  Trace:   traces/5g-ireland/netflix_driving_animated-rickandmorty_B_2019_11_21_09_44_52_tc.csv
======================================================================

   Publisher quality: 100 kbps
[BROWSER] Launching headless Chromium (MOQ2)...
127.0.0.1 - - [26/May/2026 18:15:28] "GET /player.html HTTP/1.1" 200 -
127.0.0.1 - - [26/May/2026 18:15:28] "GET /moq-bundle.js HTTP/1.1" 200 -
   Startup delay: 141ms

[PLAYBACK] Collecting metrics...
   t=10s | buffer: 0.1s | quality: 100 kbps | trace_bw: 0 kbps
   t=20s | buffer: 936.7s | quality: 100 kbps | trace_bw: 10923 kbps
   t=31s | buffer: 934.5s | quality: 100 kbps | trace_bw: 2 kbps
   t=41s | buffer: 928.3s | quality: 100 kbps | trace_bw: 0 kbps
   t=51s | buffer: 926.2s | quality: 100 kbps | trace_bw: 2 kbps
   t=61s | buffer: 924.0s | quality: 100 kbps | trace_bw: 0 kbps
   t=71s | buffer: 961.8s | quality: 100 kbps | trace_bw: 280 kbps
   t=81s | buffer: 1111.7s | quality: 100 kbps | trace_bw: 10392 kbps
   t=91s | buffer: 1106.0s | quality: 100 kbps | trace_bw: 2 kbps
   t=102s | buffer: 1103.8s | quality: 100 kbps | trace_bw: 0 kbps
   t=112s | buffer: 1101.6s | quality: 100 kbps | trace_bw: 2 kbps

======================================================================
  BENCHMARK RESULTS (MOQ2 / moq-dev official stack)
======================================================================

  [TIMING]
      Startup delay:     141 ms
      Playback time:     115.9 s

  [BITRATE]
      Average (selected):  100 kbps
      Average (effective): 96 kbps

  [REBUFFERING]
      Events:            3
      Total time:        4,660 ms
      Ratio:             3.8645%

  [THROUGHPUT]
      Average:           1,750 kbps

  [AVAILABLE BW (trace)]
      Average:           1,750 kbps

======================================================================

[SAVED] results/results/run_all_20260525_151403/moq2_5g-ireland/benchmark_moq2_netflix_driving_animated-rickandmorty_B_2019_11_21_09_44_52_tc_20260526_181523.json

──────────────────────────────────────────────────────────────────────
  [55/83] netflix_driving_animated-rickandmorty_B_2019_11_21_10_20_17_tc.csv
──────────────────────────────────────────────────────────────────────

======================================================================
  MOQ2 Streaming QoE Benchmark (moq-dev/moq official stack)
======================================================================
  Relay:   http://127.0.0.1:4446
  Player:  http://127.0.0.1:8095/player.html
  Trace:   traces/5g-ireland/netflix_driving_animated-rickandmorty_B_2019_11_21_10_20_17_tc.csv
======================================================================

   Publisher quality: 100 kbps
[BROWSER] Launching headless Chromium (MOQ2)...
127.0.0.1 - - [26/May/2026 18:17:35] "GET /player.html HTTP/1.1" 200 -
127.0.0.1 - - [26/May/2026 18:17:35] "GET /moq-bundle.js HTTP/1.1" 200 -
   Startup delay: 141ms

[PLAYBACK] Collecting metrics...
   t=10s | buffer: 642.8s | quality: 100 kbps | trace_bw: 15808 kbps
   t=20s | buffer: 1773.6s | quality: 100 kbps | trace_bw: 7628 kbps
   t=31s | buffer: 2387.9s | quality: 100 kbps | trace_bw: 7082 kbps
   t=41s | buffer: 2425.7s | quality: 100 kbps | trace_bw: 0 kbps
   t=51s | buffer: 2423.5s | quality: 100 kbps | trace_bw: 2 kbps
   t=61s | buffer: 2425.4s | quality: 100 kbps | trace_bw: 0 kbps
   t=71s | buffer: 2419.2s | quality: 100 kbps | trace_bw: 18 kbps
   t=81s | buffer: 2417.1s | quality: 100 kbps | trace_bw: 11148 kbps
   t=91s | buffer: 2410.9s | quality: 100 kbps | trace_bw: 0 kbps
   t=102s | buffer: 2412.7s | quality: 100 kbps | trace_bw: 0 kbps
   t=112s | buffer: 2410.6s | quality: 100 kbps | trace_bw: 0 kbps

======================================================================
  BENCHMARK RESULTS (MOQ2 / moq-dev official stack)
======================================================================

  [TIMING]
      Startup delay:     141 ms
      Playback time:     119.9 s

  [BITRATE]
      Average (selected):  100 kbps
      Average (effective): 99 kbps

  [REBUFFERING]
      Events:            2
      Total time:        664 ms
      Ratio:             0.5505%

  [THROUGHPUT]
      Average:           2,438 kbps

  [AVAILABLE BW (trace)]
      Average:           2,438 kbps

======================================================================

[SAVED] results/results/run_all_20260525_151403/moq2_5g-ireland/benchmark_moq2_netflix_driving_animated-rickandmorty_B_2019_11_21_10_20_17_tc_20260526_181729.json

──────────────────────────────────────────────────────────────────────
  [56/83] netflix_driving_animated-rickandmorty_B_2019_11_21_14_33_25_tc.csv
──────────────────────────────────────────────────────────────────────

======================================================================
  MOQ2 Streaming QoE Benchmark (moq-dev/moq official stack)
======================================================================
  Relay:   http://127.0.0.1:4446
  Player:  http://127.0.0.1:8095/player.html
  Trace:   traces/5g-ireland/netflix_driving_animated-rickandmorty_B_2019_11_21_14_33_25_tc.csv
======================================================================

   Publisher quality: 100 kbps
[BROWSER] Launching headless Chromium (MOQ2)...
127.0.0.1 - - [26/May/2026 18:19:41] "GET /player.html HTTP/1.1" 200 -
127.0.0.1 - - [26/May/2026 18:19:41] "GET /moq-bundle.js HTTP/1.1" 200 -
   Startup delay: 156ms

[PLAYBACK] Collecting metrics...
   t=10s | buffer: 850.8s | quality: 100 kbps | trace_bw: 10334 kbps
   t=20s | buffer: 2045.6s | quality: 100 kbps | trace_bw: 9912 kbps
   t=30s | buffer: 2043.4s | quality: 100 kbps | trace_bw: 2 kbps
   t=41s | buffer: 2037.3s | quality: 100 kbps | trace_bw: 2 kbps
   t=51s | buffer: 2035.1s | quality: 100 kbps | trace_bw: 3 kbps
   t=61s | buffer: 2032.9s | quality: 100 kbps | trace_bw: 0 kbps
   t=71s | buffer: 2030.8s | quality: 100 kbps | trace_bw: 6 kbps
   t=81s | buffer: 2024.6s | quality: 100 kbps | trace_bw: 7747 kbps
   t=91s | buffer: 2026.5s | quality: 100 kbps | trace_bw: 0 kbps
   t=102s | buffer: 2028.3s | quality: 100 kbps | trace_bw: 0 kbps
   t=112s | buffer: 2022.1s | quality: 100 kbps | trace_bw: 2 kbps

======================================================================
  BENCHMARK RESULTS (MOQ2 / moq-dev official stack)
======================================================================

  [TIMING]
      Startup delay:     156 ms
      Playback time:     119.9 s

  [BITRATE]
      Average (selected):  100 kbps
      Average (effective): 99 kbps

  [REBUFFERING]
      Events:            2
      Total time:        685 ms
      Ratio:             0.5678%

  [THROUGHPUT]
      Average:           2,179 kbps

  [AVAILABLE BW (trace)]
      Average:           2,179 kbps

======================================================================

[SAVED] results/results/run_all_20260525_151403/moq2_5g-ireland/benchmark_moq2_netflix_driving_animated-rickandmorty_B_2019_11_21_14_33_25_tc_20260526_181936.json

──────────────────────────────────────────────────────────────────────
  [57/83] netflix_driving_animated-rickandmorty_B_2019_11_21_15_38_35_tc.csv
──────────────────────────────────────────────────────────────────────

======================================================================
  MOQ2 Streaming QoE Benchmark (moq-dev/moq official stack)
======================================================================
  Relay:   http://127.0.0.1:4446
  Player:  http://127.0.0.1:8095/player.html
  Trace:   traces/5g-ireland/netflix_driving_animated-rickandmorty_B_2019_11_21_15_38_35_tc.csv
======================================================================

   Publisher quality: 100 kbps
[BROWSER] Launching headless Chromium (MOQ2)...
127.0.0.1 - - [26/May/2026 18:21:48] "GET /player.html HTTP/1.1" 200 -
127.0.0.1 - - [26/May/2026 18:21:48] "GET /moq-bundle.js HTTP/1.1" 200 -
   Startup delay: 154ms

[PLAYBACK] Collecting metrics...
   t=10s | buffer: 1394.6s | quality: 100 kbps | trace_bw: 17088 kbps
   t=20s | buffer: 1960.9s | quality: 100 kbps | trace_bw: 0 kbps
   t=31s | buffer: 1958.7s | quality: 100 kbps | trace_bw: 2 kbps
   t=41s | buffer: 1956.6s | quality: 100 kbps | trace_bw: 0 kbps
   t=51s | buffer: 1958.4s | quality: 100 kbps | trace_bw: 2 kbps
   t=61s | buffer: 1952.2s | quality: 100 kbps | trace_bw: 0 kbps
   t=71s | buffer: 1950.1s | quality: 100 kbps | trace_bw: 64 kbps
   t=81s | buffer: 1947.9s | quality: 100 kbps | trace_bw: 0 kbps
   t=92s | buffer: 1945.7s | quality: 100 kbps | trace_bw: 0 kbps
   t=102s | buffer: 1943.6s | quality: 100 kbps | trace_bw: 0 kbps
   t=112s | buffer: 1941.4s | quality: 100 kbps | trace_bw: 0 kbps

======================================================================
  BENCHMARK RESULTS (MOQ2 / moq-dev official stack)
======================================================================

  [TIMING]
      Startup delay:     154 ms
      Playback time:     120.6 s

  [BITRATE]
      Average (selected):  100 kbps
      Average (effective): 100 kbps

  [REBUFFERING]
      Events:            1
      Total time:        3 ms
      Ratio:             0.0028%

  [THROUGHPUT]
      Average:           2,137 kbps

  [AVAILABLE BW (trace)]
      Average:           2,137 kbps

======================================================================

[SAVED] results/results/run_all_20260525_151403/moq2_5g-ireland/benchmark_moq2_netflix_driving_animated-rickandmorty_B_2019_11_21_15_38_35_tc_20260526_182142.json

──────────────────────────────────────────────────────────────────────
  [58/83] netflix_driving_animated-rickandmorty_B_2019_11_21_16_15_17_tc.csv
──────────────────────────────────────────────────────────────────────

======================================================================
  MOQ2 Streaming QoE Benchmark (moq-dev/moq official stack)
======================================================================
  Relay:   http://127.0.0.1:4446
  Player:  http://127.0.0.1:8095/player.html
  Trace:   traces/5g-ireland/netflix_driving_animated-rickandmorty_B_2019_11_21_16_15_17_tc.csv
======================================================================

   Publisher quality: 100 kbps
[BROWSER] Launching headless Chromium (MOQ2)...
127.0.0.1 - - [26/May/2026 18:23:54] "GET /player.html HTTP/1.1" 200 -
127.0.0.1 - - [26/May/2026 18:23:54] "GET /moq-bundle.js HTTP/1.1" 200 -
   Startup delay: 141ms

[PLAYBACK] Collecting metrics...
   t=10s | buffer: 0.1s | quality: 100 kbps | trace_bw: 14161 kbps
   t=20s | buffer: 524.2s | quality: 100 kbps | trace_bw: 4998 kbps
   t=31s | buffer: 1006.5s | quality: 100 kbps | trace_bw: 3533 kbps
   t=41s | buffer: 1432.8s | quality: 100 kbps | trace_bw: 4005 kbps
   t=51s | buffer: 1430.6s | quality: 100 kbps | trace_bw: 0 kbps
   t=61s | buffer: 1428.5s | quality: 100 kbps | trace_bw: 0 kbps
   t=71s | buffer: 1426.3s | quality: 100 kbps | trace_bw: 4 kbps
   t=81s | buffer: 1424.1s | quality: 100 kbps | trace_bw: 0 kbps
   t=91s | buffer: 1542.0s | quality: 100 kbps | trace_bw: 474 kbps
   t=102s | buffer: 1539.8s | quality: 100 kbps | trace_bw: 0 kbps
   t=112s | buffer: 1537.6s | quality: 100 kbps | trace_bw: 2 kbps

======================================================================
  BENCHMARK RESULTS (MOQ2 / moq-dev official stack)
======================================================================

  [TIMING]
      Startup delay:     141 ms
      Playback time:     115.9 s

  [BITRATE]
      Average (selected):  100 kbps
      Average (effective): 96 kbps

  [REBUFFERING]
      Events:            3
      Total time:        4,658 ms
      Ratio:             3.8628%

  [THROUGHPUT]
      Average:           2,024 kbps

  [AVAILABLE BW (trace)]
      Average:           2,024 kbps

======================================================================

[SAVED] results/results/run_all_20260525_151403/moq2_5g-ireland/benchmark_moq2_netflix_driving_animated-rickandmorty_B_2019_11_21_16_15_17_tc_20260526_182349.json

──────────────────────────────────────────────────────────────────────
  [59/83] netflix_driving_animated-rickandmorty_B_2019_11_22_07_30_04_tc.csv
──────────────────────────────────────────────────────────────────────

======================================================================
  MOQ2 Streaming QoE Benchmark (moq-dev/moq official stack)
======================================================================
  Relay:   http://127.0.0.1:4446
  Player:  http://127.0.0.1:8095/player.html
  Trace:   traces/5g-ireland/netflix_driving_animated-rickandmorty_B_2019_11_22_07_30_04_tc.csv
======================================================================

   Publisher quality: 100 kbps
[BROWSER] Launching headless Chromium (MOQ2)...
127.0.0.1 - - [26/May/2026 18:26:01] "GET /player.html HTTP/1.1" 200 -
127.0.0.1 - - [26/May/2026 18:26:01] "GET /moq-bundle.js HTTP/1.1" 200 -
   Startup delay: 151ms

[PLAYBACK] Collecting metrics...
   t=10s | buffer: 5.7s | quality: 100 kbps | trace_bw: 0 kbps
   t=20s | buffer: 932.0s | quality: 100 kbps | trace_bw: 24549 kbps
   t=31s | buffer: 1602.3s | quality: 100 kbps | trace_bw: 0 kbps
   t=41s | buffer: 1600.1s | quality: 100 kbps | trace_bw: 0 kbps
   t=51s | buffer: 1597.9s | quality: 100 kbps | trace_bw: 0 kbps
   t=61s | buffer: 1595.8s | quality: 100 kbps | trace_bw: 0 kbps
   t=71s | buffer: 1593.6s | quality: 100 kbps | trace_bw: 0 kbps
   t=81s | buffer: 1631.4s | quality: 100 kbps | trace_bw: 1 kbps
   t=92s | buffer: 1629.3s | quality: 100 kbps | trace_bw: 0 kbps
   t=102s | buffer: 1627.1s | quality: 100 kbps | trace_bw: 0 kbps
   t=112s | buffer: 1625.0s | quality: 100 kbps | trace_bw: 0 kbps

======================================================================
  BENCHMARK RESULTS (MOQ2 / moq-dev official stack)
======================================================================

  [TIMING]
      Startup delay:     151 ms
      Playback time:     120.6 s

  [BITRATE]
      Average (selected):  100 kbps
      Average (effective): 100 kbps

  [REBUFFERING]
      Events:            1
      Total time:        2 ms
      Ratio:             0.0014%

  [THROUGHPUT]
      Average:           1,536 kbps

  [AVAILABLE BW (trace)]
      Average:           1,536 kbps

======================================================================

[SAVED] results/results/run_all_20260525_151403/moq2_5g-ireland/benchmark_moq2_netflix_driving_animated-rickandmorty_B_2019_11_22_07_30_04_tc_20260526_182556.json

──────────────────────────────────────────────────────────────────────
  [60/83] netflix_driving_season3-strangerthings_B_2019_11_23_12_27_34_tc.csv
──────────────────────────────────────────────────────────────────────

======================================================================
  MOQ2 Streaming QoE Benchmark (moq-dev/moq official stack)
======================================================================
  Relay:   http://127.0.0.1:4446
  Player:  http://127.0.0.1:8095/player.html
  Trace:   traces/5g-ireland/netflix_driving_season3-strangerthings_B_2019_11_23_12_27_34_tc.csv
======================================================================

   Publisher quality: 100 kbps
[BROWSER] Launching headless Chromium (MOQ2)...
127.0.0.1 - - [26/May/2026 18:28:08] "GET /player.html HTTP/1.1" 200 -
127.0.0.1 - - [26/May/2026 18:28:08] "GET /moq-bundle.js HTTP/1.1" 200 -
   Startup delay: 151ms

[PLAYBACK] Collecting metrics...
   t=10s | buffer: 1543.3s | quality: 100 kbps | trace_bw: 34951 kbps
   t=20s | buffer: 2113.6s | quality: 100 kbps | trace_bw: 1 kbps
   t=31s | buffer: 2107.4s | quality: 100 kbps | trace_bw: 2 kbps
   t=41s | buffer: 2101.3s | quality: 100 kbps | trace_bw: 0 kbps
   t=51s | buffer: 2099.1s | quality: 100 kbps | trace_bw: 2 kbps
   t=61s | buffer: 2096.9s | quality: 100 kbps | trace_bw: 0 kbps
   t=71s | buffer: 2094.8s | quality: 100 kbps | trace_bw: 0 kbps
   t=81s | buffer: 2092.6s | quality: 100 kbps | trace_bw: 0 kbps
   t=91s | buffer: 2090.4s | quality: 100 kbps | trace_bw: 0 kbps
   t=102s | buffer: 2088.3s | quality: 100 kbps | trace_bw: 0 kbps
   t=112s | buffer: 2314.6s | quality: 100 kbps | trace_bw: 0 kbps

======================================================================
  BENCHMARK RESULTS (MOQ2 / moq-dev official stack)
======================================================================

  [TIMING]
      Startup delay:     151 ms
      Playback time:     119.9 s

  [BITRATE]
      Average (selected):  100 kbps
      Average (effective): 99 kbps

  [REBUFFERING]
      Events:            2
      Total time:        690 ms
      Ratio:             0.5723%

  [THROUGHPUT]
      Average:           2,979 kbps

  [AVAILABLE BW (trace)]
      Average:           2,979 kbps

======================================================================

[SAVED] results/results/run_all_20260525_151403/moq2_5g-ireland/benchmark_moq2_netflix_driving_season3-strangerthings_B_2019_11_23_12_27_34_tc_20260526_182802.json

──────────────────────────────────────────────────────────────────────
  [61/83] netflix_driving_season3-strangerthings_B_2019_11_23_13_28_26_tc.csv
──────────────────────────────────────────────────────────────────────

======================================================================
  MOQ2 Streaming QoE Benchmark (moq-dev/moq official stack)
======================================================================
  Relay:   http://127.0.0.1:4446
  Player:  http://127.0.0.1:8095/player.html
  Trace:   traces/5g-ireland/netflix_driving_season3-strangerthings_B_2019_11_23_13_28_26_tc.csv
======================================================================

   Publisher quality: 100 kbps
[BROWSER] Launching headless Chromium (MOQ2)...
127.0.0.1 - - [26/May/2026 18:30:14] "GET /player.html HTTP/1.1" 200 -
127.0.0.1 - - [26/May/2026 18:30:14] "GET /moq-bundle.js HTTP/1.1" 200 -
   Startup delay: 145ms

[PLAYBACK] Collecting metrics...
   t=10s | buffer: 337.7s | quality: 100 kbps | trace_bw: 14548 kbps
   t=20s | buffer: 856.0s | quality: 100 kbps | trace_bw: 313 kbps
   t=31s | buffer: 2286.7s | quality: 100 kbps | trace_bw: 23477 kbps
   t=41s | buffer: 2288.6s | quality: 100 kbps | trace_bw: 0 kbps
   t=51s | buffer: 2286.4s | quality: 100 kbps | trace_bw: 0 kbps
   t=61s | buffer: 2288.3s | quality: 100 kbps | trace_bw: 0 kbps
   t=71s | buffer: 2282.1s | quality: 100 kbps | trace_bw: 2 kbps
   t=81s | buffer: 2416.4s | quality: 100 kbps | trace_bw: 0 kbps
   t=91s | buffer: 2414.2s | quality: 100 kbps | trace_bw: 2 kbps
   t=102s | buffer: 2416.1s | quality: 100 kbps | trace_bw: 0 kbps
   t=112s | buffer: 2413.9s | quality: 100 kbps | trace_bw: 2 kbps

======================================================================
  BENCHMARK RESULTS (MOQ2 / moq-dev official stack)
======================================================================

  [TIMING]
      Startup delay:     145 ms
      Playback time:     120.6 s

  [BITRATE]
      Average (selected):  100 kbps
      Average (effective): 100 kbps

  [REBUFFERING]
      Events:            1
      Total time:        2 ms
      Ratio:             0.0013%

  [THROUGHPUT]
      Average:           2,287 kbps

  [AVAILABLE BW (trace)]
      Average:           2,287 kbps

======================================================================

[SAVED] results/results/run_all_20260525_151403/moq2_5g-ireland/benchmark_moq2_netflix_driving_season3-strangerthings_B_2019_11_23_13_28_26_tc_20260526_183009.json

──────────────────────────────────────────────────────────────────────
  [62/83] netflix_driving_season3-strangerthings_B_2019_11_23_16_08_19_tc.csv
──────────────────────────────────────────────────────────────────────

======================================================================
  MOQ2 Streaming QoE Benchmark (moq-dev/moq official stack)
======================================================================
  Relay:   http://127.0.0.1:4446
  Player:  http://127.0.0.1:8095/player.html
  Trace:   traces/5g-ireland/netflix_driving_season3-strangerthings_B_2019_11_23_16_08_19_tc.csv
======================================================================

   Publisher quality: 100 kbps
[BROWSER] Launching headless Chromium (MOQ2)...
127.0.0.1 - - [26/May/2026 18:32:21] "GET /player.html HTTP/1.1" 200 -
127.0.0.1 - - [26/May/2026 18:32:21] "GET /moq-bundle.js HTTP/1.1" 200 -
   Startup delay: 142ms

[PLAYBACK] Collecting metrics...
   t=10s | buffer: 1207.3s | quality: 100 kbps | trace_bw: 20833 kbps
   t=20s | buffer: 3298.5s | quality: 100 kbps | trace_bw: 23086 kbps
   t=31s | buffer: 3360.3s | quality: 100 kbps | trace_bw: 0 kbps
   t=41s | buffer: 3358.2s | quality: 100 kbps | trace_bw: 0 kbps
   t=51s | buffer: 3356.0s | quality: 100 kbps | trace_bw: 0 kbps
   t=61s | buffer: 3349.8s | quality: 100 kbps | trace_bw: 0 kbps
   t=71s | buffer: 3656.1s | quality: 100 kbps | trace_bw: 7013 kbps
   t=81s | buffer: 3658.0s | quality: 100 kbps | trace_bw: 0 kbps
   t=91s | buffer: 3655.8s | quality: 100 kbps | trace_bw: 2 kbps
   t=102s | buffer: 3657.6s | quality: 100 kbps | trace_bw: 0 kbps
   t=112s | buffer: 3655.5s | quality: 100 kbps | trace_bw: 2 kbps

======================================================================
  BENCHMARK RESULTS (MOQ2 / moq-dev official stack)
======================================================================

  [TIMING]
      Startup delay:     142 ms
      Playback time:     119.9 s

  [BITRATE]
      Average (selected):  100 kbps
      Average (effective): 99 kbps

  [REBUFFERING]
      Events:            2
      Total time:        667 ms
      Ratio:             0.5533%

  [THROUGHPUT]
      Average:           3,735 kbps

  [AVAILABLE BW (trace)]
      Average:           3,735 kbps

======================================================================

[SAVED] results/results/run_all_20260525_151403/moq2_5g-ireland/benchmark_moq2_netflix_driving_season3-strangerthings_B_2019_11_23_16_08_19_tc_20260526_183215.json

──────────────────────────────────────────────────────────────────────
  [63/83] netflix_driving_season3-strangerthings_B_2019_11_24_12_19_13_tc.csv
──────────────────────────────────────────────────────────────────────

======================================================================
  MOQ2 Streaming QoE Benchmark (moq-dev/moq official stack)
======================================================================
  Relay:   http://127.0.0.1:4446
  Player:  http://127.0.0.1:8095/player.html
  Trace:   traces/5g-ireland/netflix_driving_season3-strangerthings_B_2019_11_24_12_19_13_tc.csv
======================================================================

   Publisher quality: 100 kbps
[BROWSER] Launching headless Chromium (MOQ2)...
127.0.0.1 - - [26/May/2026 18:34:28] "GET /player.html HTTP/1.1" 200 -
127.0.0.1 - - [26/May/2026 18:34:28] "GET /moq-bundle.js HTTP/1.1" 200 -
   Startup delay: 151ms

[PLAYBACK] Collecting metrics...
   t=10s | buffer: 958.8s | quality: 100 kbps | trace_bw: 20619 kbps
   t=20s | buffer: 2097.6s | quality: 100 kbps | trace_bw: 10764 kbps
   t=31s | buffer: 2323.4s | quality: 100 kbps | trace_bw: 0 kbps
   t=41s | buffer: 2321.2s | quality: 100 kbps | trace_bw: 0 kbps
   t=51s | buffer: 2323.1s | quality: 100 kbps | trace_bw: 2 kbps
   t=61s | buffer: 2320.9s | quality: 100 kbps | trace_bw: 0 kbps
   t=71s | buffer: 2315.2s | quality: 100 kbps | trace_bw: 6998 kbps
   t=81s | buffer: 2313.0s | quality: 100 kbps | trace_bw: 0 kbps
   t=91s | buffer: 2314.9s | quality: 100 kbps | trace_bw: 0 kbps
   t=102s | buffer: 2308.7s | quality: 100 kbps | trace_bw: 34 kbps
   t=112s | buffer: 2306.5s | quality: 100 kbps | trace_bw: 0 kbps

======================================================================
  BENCHMARK RESULTS (MOQ2 / moq-dev official stack)
======================================================================

  [TIMING]
      Startup delay:     151 ms
      Playback time:     120.0 s

  [BITRATE]
      Average (selected):  100 kbps
      Average (effective): 99 kbps

  [REBUFFERING]
      Events:            2
      Total time:        651 ms
      Ratio:             0.5400%

  [THROUGHPUT]
      Average:           2,385 kbps

  [AVAILABLE BW (trace)]
      Average:           2,385 kbps

======================================================================

[SAVED] results/results/run_all_20260525_151403/moq2_5g-ireland/benchmark_moq2_netflix_driving_season3-strangerthings_B_2019_11_24_12_19_13_tc_20260526_183422.json

──────────────────────────────────────────────────────────────────────
  [64/83] netflix_driving_season3-strangerthings_B_2019_11_24_13_06_36_tc.csv
──────────────────────────────────────────────────────────────────────

======================================================================
  MOQ2 Streaming QoE Benchmark (moq-dev/moq official stack)
======================================================================
  Relay:   http://127.0.0.1:4446
  Player:  http://127.0.0.1:8095/player.html
  Trace:   traces/5g-ireland/netflix_driving_season3-strangerthings_B_2019_11_24_13_06_36_tc.csv
======================================================================

   Publisher quality: 100 kbps
[BROWSER] Launching headless Chromium (MOQ2)...
127.0.0.1 - - [26/May/2026 18:36:34] "GET /player.html HTTP/1.1" 200 -
127.0.0.1 - - [26/May/2026 18:36:34] "GET /moq-bundle.js HTTP/1.1" 200 -
   Startup delay: 144ms

[PLAYBACK] Collecting metrics...
   t=10s | buffer: 577.7s | quality: 100 kbps | trace_bw: 9228 kbps
   t=20s | buffer: 1336.5s | quality: 100 kbps | trace_bw: 5930 kbps
   t=31s | buffer: 1866.7s | quality: 100 kbps | trace_bw: 2473 kbps
   t=41s | buffer: 2425.0s | quality: 100 kbps | trace_bw: 3726 kbps
   t=51s | buffer: 2963.3s | quality: 100 kbps | trace_bw: 7861 kbps
   t=61s | buffer: 2961.1s | quality: 100 kbps | trace_bw: 0 kbps
   t=71s | buffer: 2959.0s | quality: 100 kbps | trace_bw: 2 kbps
   t=81s | buffer: 2960.8s | quality: 100 kbps | trace_bw: 0 kbps
   t=92s | buffer: 2954.6s | quality: 100 kbps | trace_bw: 0 kbps
   t=102s | buffer: 3200.4s | quality: 100 kbps | trace_bw: 0 kbps
   t=112s | buffer: 3198.3s | quality: 100 kbps | trace_bw: 2 kbps

======================================================================
  BENCHMARK RESULTS (MOQ2 / moq-dev official stack)
======================================================================

  [TIMING]
      Startup delay:     144 ms
      Playback time:     120.2 s

  [BITRATE]
      Average (selected):  100 kbps
      Average (effective): 100 kbps

  [REBUFFERING]
      Events:            1
      Total time:        2 ms
      Ratio:             0.0012%

  [THROUGHPUT]
      Average:           2,926 kbps

  [AVAILABLE BW (trace)]
      Average:           2,926 kbps

======================================================================

[SAVED] results/results/run_all_20260525_151403/moq2_5g-ireland/benchmark_moq2_netflix_driving_season3-strangerthings_B_2019_11_24_13_06_36_tc_20260526_183629.json

──────────────────────────────────────────────────────────────────────
  [65/83] netflix_driving_season3-strangerthings_B_2019_11_25_07_25_43_tc.csv
──────────────────────────────────────────────────────────────────────

======================================================================
  MOQ2 Streaming QoE Benchmark (moq-dev/moq official stack)
======================================================================
  Relay:   http://127.0.0.1:4446
  Player:  http://127.0.0.1:8095/player.html
  Trace:   traces/5g-ireland/netflix_driving_season3-strangerthings_B_2019_11_25_07_25_43_tc.csv
======================================================================

   Publisher quality: 100 kbps
[BROWSER] Launching headless Chromium (MOQ2)...
127.0.0.1 - - [26/May/2026 18:38:40] "GET /player.html HTTP/1.1" 200 -
127.0.0.1 - - [26/May/2026 18:38:40] "GET /moq-bundle.js HTTP/1.1" 200 -
   Startup delay: 142ms

[PLAYBACK] Collecting metrics...
   t=10s | buffer: 102.4s | quality: 100 kbps | trace_bw: 11 kbps
   t=20s | buffer: 1473.1s | quality: 100 kbps | trace_bw: 21855 kbps
   t=31s | buffer: 1530.9s | quality: 100 kbps | trace_bw: 0 kbps
   t=41s | buffer: 1528.8s | quality: 100 kbps | trace_bw: 0 kbps
   t=51s | buffer: 1530.6s | quality: 100 kbps | trace_bw: 3 kbps
   t=61s | buffer: 1528.5s | quality: 100 kbps | trace_bw: 0 kbps
   t=71s | buffer: 1530.3s | quality: 100 kbps | trace_bw: 0 kbps
   t=81s | buffer: 1828.6s | quality: 100 kbps | trace_bw: 1638 kbps
   t=91s | buffer: 1822.4s | quality: 100 kbps | trace_bw: 0 kbps
   t=102s | buffer: 1824.3s | quality: 100 kbps | trace_bw: 0 kbps
   t=112s | buffer: 1822.1s | quality: 100 kbps | trace_bw: 0 kbps

======================================================================
  BENCHMARK RESULTS (MOQ2 / moq-dev official stack)
======================================================================

  [TIMING]
      Startup delay:     142 ms
      Playback time:     119.9 s

  [BITRATE]
      Average (selected):  100 kbps
      Average (effective): 99 kbps

  [REBUFFERING]
      Events:            2
      Total time:        656 ms
      Ratio:             0.5439%

  [THROUGHPUT]
      Average:           2,458 kbps

  [AVAILABLE BW (trace)]
      Average:           2,458 kbps

======================================================================

[SAVED] results/results/run_all_20260525_151403/moq2_5g-ireland/benchmark_moq2_netflix_driving_season3-strangerthings_B_2019_11_25_07_25_43_tc_20260526_183835.json

──────────────────────────────────────────────────────────────────────
  [66/83] netflix_driving_season3-strangerthings_B_2019_11_25_15_34_34_tc.csv
──────────────────────────────────────────────────────────────────────

======================================================================
  MOQ2 Streaming QoE Benchmark (moq-dev/moq official stack)
======================================================================
  Relay:   http://127.0.0.1:4446
  Player:  http://127.0.0.1:8095/player.html
  Trace:   traces/5g-ireland/netflix_driving_season3-strangerthings_B_2019_11_25_15_34_34_tc.csv
======================================================================

   Publisher quality: 100 kbps
[BROWSER] Launching headless Chromium (MOQ2)...
127.0.0.1 - - [26/May/2026 18:40:47] "GET /player.html HTTP/1.1" 200 -
127.0.0.1 - - [26/May/2026 18:40:47] "GET /moq-bundle.js HTTP/1.1" 200 -
   Startup delay: 153ms

[PLAYBACK] Collecting metrics...
   t=10s | buffer: 133.7s | quality: 100 kbps | trace_bw: 4171 kbps
   t=20s | buffer: 535.5s | quality: 100 kbps | trace_bw: 5057 kbps
   t=31s | buffer: 997.8s | quality: 100 kbps | trace_bw: 5662 kbps
   t=41s | buffer: 1332.1s | quality: 100 kbps | trace_bw: 3147 kbps
   t=51s | buffer: 1598.0s | quality: 100 kbps | trace_bw: 2829 kbps
   t=61s | buffer: 1856.3s | quality: 100 kbps | trace_bw: 2328 kbps
   t=71s | buffer: 1990.1s | quality: 100 kbps | trace_bw: 1593 kbps
   t=81s | buffer: 2079.9s | quality: 100 kbps | trace_bw: 832 kbps
   t=91s | buffer: 2245.8s | quality: 100 kbps | trace_bw: 1397 kbps
   t=102s | buffer: 2416.0s | quality: 100 kbps | trace_bw: 2720 kbps
   t=112s | buffer: 2517.9s | quality: 100 kbps | trace_bw: 872 kbps

======================================================================
  BENCHMARK RESULTS (MOQ2 / moq-dev official stack)
======================================================================

  [TIMING]
      Startup delay:     153 ms
      Playback time:     120.6 s

  [BITRATE]
      Average (selected):  100 kbps
      Average (effective): 100 kbps

  [REBUFFERING]
      Events:            1
      Total time:        2 ms
      Ratio:             0.0014%

  [THROUGHPUT]
      Average:           2,289 kbps

  [AVAILABLE BW (trace)]
      Average:           2,289 kbps

======================================================================

[SAVED] results/results/run_all_20260525_151403/moq2_5g-ireland/benchmark_moq2_netflix_driving_season3-strangerthings_B_2019_11_25_15_34_34_tc_20260526_184041.json

──────────────────────────────────────────────────────────────────────
  [67/83] netflix_driving_season3-strangerthings_B_2019_11_26_07_29_24_tc.csv
──────────────────────────────────────────────────────────────────────

======================================================================
  MOQ2 Streaming QoE Benchmark (moq-dev/moq official stack)
======================================================================
  Relay:   http://127.0.0.1:4446
  Player:  http://127.0.0.1:8095/player.html
  Trace:   traces/5g-ireland/netflix_driving_season3-strangerthings_B_2019_11_26_07_29_24_tc.csv
======================================================================

   Publisher quality: 100 kbps
[BROWSER] Launching headless Chromium (MOQ2)...
127.0.0.1 - - [26/May/2026 18:42:53] "GET /player.html HTTP/1.1" 200 -
127.0.0.1 - - [26/May/2026 18:42:53] "GET /moq-bundle.js HTTP/1.1" 200 -
   Startup delay: 140ms

[PLAYBACK] Collecting metrics...
   t=10s | buffer: 0.1s | quality: 100 kbps | trace_bw: 30139 kbps
   t=20s | buffer: 1152.7s | quality: 100 kbps | trace_bw: 18268 kbps
   t=31s | buffer: 1154.5s | quality: 100 kbps | trace_bw: 5 kbps
   t=41s | buffer: 1152.3s | quality: 100 kbps | trace_bw: 1 kbps
   t=51s | buffer: 1146.6s | quality: 100 kbps | trace_bw: 0 kbps
   t=61s | buffer: 1144.5s | quality: 100 kbps | trace_bw: 0 kbps
   t=71s | buffer: 1346.3s | quality: 100 kbps | trace_bw: 7 kbps
   t=81s | buffer: 1360.2s | quality: 100 kbps | trace_bw: 7 kbps
   t=91s | buffer: 1362.0s | quality: 100 kbps | trace_bw: 53 kbps
   t=102s | buffer: 1359.8s | quality: 100 kbps | trace_bw: 0 kbps
   t=112s | buffer: 1353.6s | quality: 100 kbps | trace_bw: 0 kbps

======================================================================
  BENCHMARK RESULTS (MOQ2 / moq-dev official stack)
======================================================================

  [TIMING]
      Startup delay:     140 ms
      Playback time:     115.9 s

  [BITRATE]
      Average (selected):  100 kbps
      Average (effective): 96 kbps

  [REBUFFERING]
      Events:            3
      Total time:        4,671 ms
      Ratio:             3.8740%

  [THROUGHPUT]
      Average:           3,520 kbps

  [AVAILABLE BW (trace)]
      Average:           3,520 kbps

======================================================================

[SAVED] results/results/run_all_20260525_151403/moq2_5g-ireland/benchmark_moq2_netflix_driving_season3-strangerthings_B_2019_11_26_07_29_24_tc_20260526_184248.json

──────────────────────────────────────────────────────────────────────
  [68/83] netflix_driving_season3-strangerthings_B_2019_11_26_09_53_40_tc.csv
──────────────────────────────────────────────────────────────────────

======================================================================
  MOQ2 Streaming QoE Benchmark (moq-dev/moq official stack)
======================================================================
  Relay:   http://127.0.0.1:4446
  Player:  http://127.0.0.1:8095/player.html
  Trace:   traces/5g-ireland/netflix_driving_season3-strangerthings_B_2019_11_26_09_53_40_tc.csv
======================================================================

   Publisher quality: 100 kbps
[BROWSER] Launching headless Chromium (MOQ2)...
127.0.0.1 - - [26/May/2026 18:45:00] "GET /player.html HTTP/1.1" 200 -
127.0.0.1 - - [26/May/2026 18:45:00] "GET /moq-bundle.js HTTP/1.1" 200 -
   Startup delay: 142ms

[PLAYBACK] Collecting metrics...
   t=10s | buffer: 534.4s | quality: 100 kbps | trace_bw: 5863 kbps
   t=20s | buffer: 532.2s | quality: 100 kbps | trace_bw: 2 kbps
   t=31s | buffer: 530.0s | quality: 100 kbps | trace_bw: 0 kbps
   t=41s | buffer: 527.9s | quality: 100 kbps | trace_bw: 0 kbps
   t=51s | buffer: 525.7s | quality: 100 kbps | trace_bw: 2 kbps
   t=61s | buffer: 519.5s | quality: 100 kbps | trace_bw: 0 kbps
   t=71s | buffer: 781.8s | quality: 100 kbps | trace_bw: 94 kbps
   t=81s | buffer: 951.7s | quality: 100 kbps | trace_bw: 1521 kbps
   t=92s | buffer: 945.5s | quality: 100 kbps | trace_bw: 0 kbps
   t=102s | buffer: 943.3s | quality: 100 kbps | trace_bw: 0 kbps
   t=112s | buffer: 941.2s | quality: 100 kbps | trace_bw: 34521 kbps

======================================================================
  BENCHMARK RESULTS (MOQ2 / moq-dev official stack)
======================================================================

  [TIMING]
      Startup delay:     142 ms
      Playback time:     120.0 s

  [BITRATE]
      Average (selected):  100 kbps
      Average (effective): 99 kbps

  [REBUFFERING]
      Events:            2
      Total time:        668 ms
      Ratio:             0.5541%

  [THROUGHPUT]
      Average:           2,344 kbps

  [AVAILABLE BW (trace)]
      Average:           2,344 kbps

======================================================================

[SAVED] results/results/run_all_20260525_151403/moq2_5g-ireland/benchmark_moq2_netflix_driving_season3-strangerthings_B_2019_11_26_09_53_40_tc_20260526_184455.json

──────────────────────────────────────────────────────────────────────
  [69/83] netflix_driving_season3-strangerthings_B_2019_11_26_13_00_56_tc.csv
──────────────────────────────────────────────────────────────────────

======================================================================
  MOQ2 Streaming QoE Benchmark (moq-dev/moq official stack)
======================================================================
  Relay:   http://127.0.0.1:4446
  Player:  http://127.0.0.1:8095/player.html
  Trace:   traces/5g-ireland/netflix_driving_season3-strangerthings_B_2019_11_26_13_00_56_tc.csv
======================================================================

   Publisher quality: 100 kbps
[BROWSER] Launching headless Chromium (MOQ2)...
127.0.0.1 - - [26/May/2026 18:47:07] "GET /player.html HTTP/1.1" 200 -
127.0.0.1 - - [26/May/2026 18:47:07] "GET /moq-bundle.js HTTP/1.1" 200 -
   Startup delay: 141ms

[PLAYBACK] Collecting metrics...
   t=10s | buffer: 1355.3s | quality: 100 kbps | trace_bw: 24554 kbps
   t=20s | buffer: 2614.0s | quality: 100 kbps | trace_bw: 0 kbps
   t=31s | buffer: 2611.9s | quality: 100 kbps | trace_bw: 0 kbps
   t=41s | buffer: 2609.7s | quality: 100 kbps | trace_bw: 1 kbps
   t=51s | buffer: 2603.5s | quality: 100 kbps | trace_bw: 0 kbps
   t=61s | buffer: 2601.4s | quality: 100 kbps | trace_bw: 0 kbps
   t=71s | buffer: 2635.2s | quality: 100 kbps | trace_bw: 0 kbps
   t=81s | buffer: 2633.0s | quality: 100 kbps | trace_bw: 0 kbps
   t=92s | buffer: 2630.9s | quality: 100 kbps | trace_bw: 2 kbps
   t=102s | buffer: 2628.7s | quality: 100 kbps | trace_bw: 0 kbps
   t=112s | buffer: 2983.0s | quality: 100 kbps | trace_bw: 0 kbps

======================================================================
  BENCHMARK RESULTS (MOQ2 / moq-dev official stack)
======================================================================

  [TIMING]
      Startup delay:     141 ms
      Playback time:     119.5 s

  [BITRATE]
      Average (selected):  100 kbps
      Average (effective): 99 kbps

  [REBUFFERING]
      Events:            2
      Total time:        669 ms
      Ratio:             0.5567%

  [THROUGHPUT]
      Average:           3,560 kbps

  [AVAILABLE BW (trace)]
      Average:           3,560 kbps

======================================================================

[SAVED] results/results/run_all_20260525_151403/moq2_5g-ireland/benchmark_moq2_netflix_driving_season3-strangerthings_B_2019_11_26_13_00_56_tc_20260526_184701.json

──────────────────────────────────────────────────────────────────────
  [70/83] netflix_driving_season3-strangerthings_B_2019_11_26_13_20_42_tc.csv
──────────────────────────────────────────────────────────────────────

======================================================================
  MOQ2 Streaming QoE Benchmark (moq-dev/moq official stack)
======================================================================
  Relay:   http://127.0.0.1:4446
  Player:  http://127.0.0.1:8095/player.html
  Trace:   traces/5g-ireland/netflix_driving_season3-strangerthings_B_2019_11_26_13_20_42_tc.csv
======================================================================

   Publisher quality: 100 kbps
[BROWSER] Launching headless Chromium (MOQ2)...
127.0.0.1 - - [26/May/2026 18:49:13] "GET /player.html HTTP/1.1" 200 -
127.0.0.1 - - [26/May/2026 18:49:13] "GET /moq-bundle.js HTTP/1.1" 200 -
   Startup delay: 143ms

[PLAYBACK] Collecting metrics...
   t=10s | buffer: 1182.2s | quality: 100 kbps | trace_bw: 19703 kbps
   t=20s | buffer: 2048.9s | quality: 100 kbps | trace_bw: 10351 kbps
   t=31s | buffer: 2046.8s | quality: 100 kbps | trace_bw: 0 kbps
   t=41s | buffer: 2048.6s | quality: 100 kbps | trace_bw: 0 kbps
   t=51s | buffer: 2042.4s | quality: 100 kbps | trace_bw: 0 kbps
   t=61s | buffer: 2044.3s | quality: 100 kbps | trace_bw: 1 kbps
   t=71s | buffer: 2062.1s | quality: 100 kbps | trace_bw: 8438 kbps
   t=81s | buffer: 2063.9s | quality: 100 kbps | trace_bw: 0 kbps
   t=92s | buffer: 2057.8s | quality: 100 kbps | trace_bw: 2 kbps
   t=102s | buffer: 2059.6s | quality: 100 kbps | trace_bw: 0 kbps
   t=112s | buffer: 2053.4s | quality: 100 kbps | trace_bw: 35 kbps

======================================================================
  BENCHMARK RESULTS (MOQ2 / moq-dev official stack)
======================================================================

  [TIMING]
      Startup delay:     143 ms
      Playback time:     120.6 s

  [BITRATE]
      Average (selected):  100 kbps
      Average (effective): 100 kbps

  [REBUFFERING]
      Events:            1
      Total time:        2 ms
      Ratio:             0.0013%

  [THROUGHPUT]
      Average:           3,457 kbps

  [AVAILABLE BW (trace)]
      Average:           3,457 kbps

======================================================================

[SAVED] results/results/run_all_20260525_151403/moq2_5g-ireland/benchmark_moq2_netflix_driving_season3-strangerthings_B_2019_11_26_13_20_42_tc_20260526_184907.json

──────────────────────────────────────────────────────────────────────
  [71/83] netflix_driving_season3-strangerthings_B_2019_11_26_15_02_50_tc.csv
──────────────────────────────────────────────────────────────────────

======================================================================
  MOQ2 Streaming QoE Benchmark (moq-dev/moq official stack)
======================================================================
  Relay:   http://127.0.0.1:4446
  Player:  http://127.0.0.1:8095/player.html
  Trace:   traces/5g-ireland/netflix_driving_season3-strangerthings_B_2019_11_26_15_02_50_tc.csv
======================================================================

   Publisher quality: 100 kbps
[BROWSER] Launching headless Chromium (MOQ2)...
127.0.0.1 - - [26/May/2026 18:51:19] "GET /player.html HTTP/1.1" 200 -
127.0.0.1 - - [26/May/2026 18:51:19] "GET /moq-bundle.js HTTP/1.1" 200 -
   Startup delay: 142ms

[PLAYBACK] Collecting metrics...
   t=10s | buffer: 130.4s | quality: 100 kbps | trace_bw: 11297 kbps
   t=20s | buffer: 328.2s | quality: 100 kbps | trace_bw: 0 kbps
   t=31s | buffer: 1715.0s | quality: 100 kbps | trace_bw: 18178 kbps
   t=41s | buffer: 2249.3s | quality: 100 kbps | trace_bw: 0 kbps
   t=51s | buffer: 2247.1s | quality: 100 kbps | trace_bw: 2 kbps
   t=61s | buffer: 2244.9s | quality: 100 kbps | trace_bw: 1 kbps
   t=71s | buffer: 2238.7s | quality: 100 kbps | trace_bw: 0 kbps
   t=81s | buffer: 2236.6s | quality: 100 kbps | trace_bw: 15 kbps
   t=92s | buffer: 2230.4s | quality: 100 kbps | trace_bw: 2 kbps
   t=102s | buffer: 2224.2s | quality: 100 kbps | trace_bw: 0 kbps
   t=112s | buffer: 2222.1s | quality: 100 kbps | trace_bw: 2 kbps

======================================================================
  BENCHMARK RESULTS (MOQ2 / moq-dev official stack)
======================================================================

  [TIMING]
      Startup delay:     142 ms
      Playback time:     119.9 s

  [BITRATE]
      Average (selected):  100 kbps
      Average (effective): 99 kbps

  [REBUFFERING]
      Events:            2
      Total time:        673 ms
      Ratio:             0.5582%

  [THROUGHPUT]
      Average:           2,526 kbps

  [AVAILABLE BW (trace)]
      Average:           2,526 kbps

======================================================================

[SAVED] results/results/run_all_20260525_151403/moq2_5g-ireland/benchmark_moq2_netflix_driving_season3-strangerthings_B_2019_11_26_15_02_50_tc_20260526_185114.json

──────────────────────────────────────────────────────────────────────
  [72/83] netflix_driving_season3-strangerthings_B_2019_11_27_07_29_47_tc.csv
──────────────────────────────────────────────────────────────────────

======================================================================
  MOQ2 Streaming QoE Benchmark (moq-dev/moq official stack)
======================================================================
  Relay:   http://127.0.0.1:4446
  Player:  http://127.0.0.1:8095/player.html
  Trace:   traces/5g-ireland/netflix_driving_season3-strangerthings_B_2019_11_27_07_29_47_tc.csv
======================================================================

   Publisher quality: 100 kbps
[BROWSER] Launching headless Chromium (MOQ2)...
127.0.0.1 - - [26/May/2026 18:53:26] "GET /player.html HTTP/1.1" 200 -
127.0.0.1 - - [26/May/2026 18:53:26] "GET /moq-bundle.js HTTP/1.1" 200 -
   Startup delay: 144ms

[PLAYBACK] Collecting metrics...
   t=10s | buffer: 222.4s | quality: 100 kbps | trace_bw: 2 kbps
   t=20s | buffer: 924.7s | quality: 100 kbps | trace_bw: 18373 kbps
   t=31s | buffer: 918.5s | quality: 100 kbps | trace_bw: 1 kbps
   t=41s | buffer: 920.4s | quality: 100 kbps | trace_bw: 16 kbps
   t=51s | buffer: 914.2s | quality: 100 kbps | trace_bw: 2 kbps
   t=61s | buffer: 916.0s | quality: 100 kbps | trace_bw: 0 kbps
   t=71s | buffer: 909.9s | quality: 100 kbps | trace_bw: 3 kbps
   t=81s | buffer: 903.7s | quality: 100 kbps | trace_bw: 2 kbps
   t=91s | buffer: 941.5s | quality: 100 kbps | trace_bw: 0 kbps
   t=102s | buffer: 939.4s | quality: 100 kbps | trace_bw: 0 kbps
   t=112s | buffer: 937.2s | quality: 100 kbps | trace_bw: 2 kbps

======================================================================
  BENCHMARK RESULTS (MOQ2 / moq-dev official stack)
======================================================================

  [TIMING]
      Startup delay:     144 ms
      Playback time:     119.9 s

  [BITRATE]
      Average (selected):  100 kbps
      Average (effective): 99 kbps

  [REBUFFERING]
      Events:            2
      Total time:        689 ms
      Ratio:             0.5716%

  [THROUGHPUT]
      Average:           2,512 kbps

  [AVAILABLE BW (trace)]
      Average:           2,512 kbps

======================================================================

[SAVED] results/results/run_all_20260525_151403/moq2_5g-ireland/benchmark_moq2_netflix_driving_season3-strangerthings_B_2019_11_27_07_29_47_tc_20260526_185321.json

──────────────────────────────────────────────────────────────────────
  [73/83] netflix_driving_season3-strangerthings_B_2019_11_27_16_33_16_tc.csv
──────────────────────────────────────────────────────────────────────

======================================================================
  MOQ2 Streaming QoE Benchmark (moq-dev/moq official stack)
======================================================================
  Relay:   http://127.0.0.1:4446
  Player:  http://127.0.0.1:8095/player.html
  Trace:   traces/5g-ireland/netflix_driving_season3-strangerthings_B_2019_11_27_16_33_16_tc.csv
======================================================================

   Publisher quality: 100 kbps
[BROWSER] Launching headless Chromium (MOQ2)...
127.0.0.1 - - [26/May/2026 18:55:33] "GET /player.html HTTP/1.1" 200 -
127.0.0.1 - - [26/May/2026 18:55:33] "GET /moq-bundle.js HTTP/1.1" 200 -
   Startup delay: 148ms

[PLAYBACK] Collecting metrics...
   t=10s | buffer: 1.7s | quality: 100 kbps | trace_bw: 1 kbps
   t=20s | buffer: 0.1s | quality: 100 kbps | trace_bw: 246 kbps
   t=30s | buffer: 686.5s | quality: 100 kbps | trace_bw: 4426 kbps
   t=41s | buffer: 1112.4s | quality: 100 kbps | trace_bw: 2321 kbps
   t=51s | buffer: 1771.1s | quality: 100 kbps | trace_bw: 1359 kbps
   t=61s | buffer: 2157.0s | quality: 100 kbps | trace_bw: 2836 kbps
   t=71s | buffer: 2483.3s | quality: 100 kbps | trace_bw: 2294 kbps
   t=81s | buffer: 2853.1s | quality: 100 kbps | trace_bw: 5246 kbps
   t=91s | buffer: 3063.4s | quality: 100 kbps | trace_bw: 2624 kbps
   t=102s | buffer: 3209.2s | quality: 100 kbps | trace_bw: 2982 kbps
   t=112s | buffer: 3663.5s | quality: 100 kbps | trace_bw: 6783 kbps

======================================================================
  BENCHMARK RESULTS (MOQ2 / moq-dev official stack)
======================================================================

  [TIMING]
      Startup delay:     148 ms
      Playback time:     115.9 s

  [BITRATE]
      Average (selected):  100 kbps
      Average (effective): 96 kbps

  [REBUFFERING]
      Events:            3
      Total time:        4,681 ms
      Ratio:             3.8827%

  [THROUGHPUT]
      Average:           3,451 kbps

  [AVAILABLE BW (trace)]
      Average:           3,451 kbps

======================================================================

[SAVED] results/results/run_all_20260525_151403/moq2_5g-ireland/benchmark_moq2_netflix_driving_season3-strangerthings_B_2019_11_27_16_33_16_tc_20260526_185527.json

──────────────────────────────────────────────────────────────────────
  [74/83] netflix_static_animated-rickandmorty_B_2019_11_23_14_30_10_tc.csv
──────────────────────────────────────────────────────────────────────

======================================================================
  MOQ2 Streaming QoE Benchmark (moq-dev/moq official stack)
======================================================================
  Relay:   http://127.0.0.1:4446
  Player:  http://127.0.0.1:8095/player.html
  Trace:   traces/5g-ireland/netflix_static_animated-rickandmorty_B_2019_11_23_14_30_10_tc.csv
======================================================================

   Publisher quality: 100 kbps
[BROWSER] Launching headless Chromium (MOQ2)...
127.0.0.1 - - [26/May/2026 18:57:39] "GET /player.html HTTP/1.1" 200 -
127.0.0.1 - - [26/May/2026 18:57:39] "GET /moq-bundle.js HTTP/1.1" 200 -
   Startup delay: 145ms

[PLAYBACK] Collecting metrics...
   t=10s | buffer: 1.2s | quality: 100 kbps | trace_bw: 0 kbps
   t=20s | buffer: 2300.5s | quality: 100 kbps | trace_bw: 3121 kbps
   t=31s | buffer: 2298.3s | quality: 100 kbps | trace_bw: 4 kbps
   t=41s | buffer: 2292.1s | quality: 100 kbps | trace_bw: 0 kbps
   t=51s | buffer: 2290.0s | quality: 100 kbps | trace_bw: 0 kbps
   t=61s | buffer: 2287.8s | quality: 100 kbps | trace_bw: 1 kbps
   t=71s | buffer: 2285.6s | quality: 100 kbps | trace_bw: 0 kbps
   t=81s | buffer: 2279.5s | quality: 100 kbps | trace_bw: 0 kbps
   t=92s | buffer: 2281.3s | quality: 100 kbps | trace_bw: 2 kbps
   t=102s | buffer: 2279.1s | quality: 100 kbps | trace_bw: 0 kbps
   t=112s | buffer: 2273.4s | quality: 100 kbps | trace_bw: 2 kbps

======================================================================
  BENCHMARK RESULTS (MOQ2 / moq-dev official stack)
======================================================================

  [TIMING]
      Startup delay:     145 ms
      Playback time:     117.1 s

  [BITRATE]
      Average (selected):  100 kbps
      Average (effective): 97 kbps

  [REBUFFERING]
      Events:            2
      Total time:        3,540 ms
      Ratio:             2.9354%

  [THROUGHPUT]
      Average:           2,777 kbps

  [AVAILABLE BW (trace)]
      Average:           2,777 kbps

======================================================================

[SAVED] results/results/run_all_20260525_151403/moq2_5g-ireland/benchmark_moq2_netflix_static_animated-rickandmorty_B_2019_11_23_14_30_10_tc_20260526_185734.json

──────────────────────────────────────────────────────────────────────
  [75/83] netflix_static_animated-rickandmorty_B_2019_11_26_08_02_38_tc.csv
──────────────────────────────────────────────────────────────────────

======================================================================
  MOQ2 Streaming QoE Benchmark (moq-dev/moq official stack)
======================================================================
  Relay:   http://127.0.0.1:4446
  Player:  http://127.0.0.1:8095/player.html
  Trace:   traces/5g-ireland/netflix_static_animated-rickandmorty_B_2019_11_26_08_02_38_tc.csv
======================================================================

   Publisher quality: 100 kbps
[BROWSER] Launching headless Chromium (MOQ2)...
127.0.0.1 - - [26/May/2026 18:59:46] "GET /player.html HTTP/1.1" 200 -
127.0.0.1 - - [26/May/2026 18:59:46] "GET /moq-bundle.js HTTP/1.1" 200 -
   Startup delay: 147ms

[PLAYBACK] Collecting metrics...
   t=10s | buffer: 2.4s | quality: 100 kbps | trace_bw: 273 kbps
   t=20s | buffer: 0.1s | quality: 100 kbps | trace_bw: 2 kbps
   t=30s | buffer: 2.1s | quality: 100 kbps | trace_bw: 0 kbps
   t=41s | buffer: 3.9s | quality: 100 kbps | trace_bw: 0 kbps
   t=51s | buffer: 1.8s | quality: 100 kbps | trace_bw: 0 kbps
   t=61s | buffer: 3.6s | quality: 100 kbps | trace_bw: 18329 kbps
   t=71s | buffer: 0.1s | quality: 100 kbps | trace_bw: 0 kbps
   t=81s | buffer: 3.3s | quality: 100 kbps | trace_bw: 0 kbps
   t=91s | buffer: 1.2s | quality: 100 kbps | trace_bw: 2 kbps
   t=102s | buffer: 3.0s | quality: 100 kbps | trace_bw: 0 kbps
   t=112s | buffer: 0.9s | quality: 100 kbps | trace_bw: 0 kbps

======================================================================
  BENCHMARK RESULTS (MOQ2 / moq-dev official stack)
======================================================================

  [TIMING]
      Startup delay:     147 ms
      Playback time:     99.8 s

  [BITRATE]
      Average (selected):  100 kbps
      Average (effective): 83 kbps

  [REBUFFERING]
      Events:            13
      Total time:        20,774 ms
      Ratio:             17.2316%

  [THROUGHPUT]
      Average:           1,190 kbps

  [AVAILABLE BW (trace)]
      Average:           1,190 kbps

======================================================================

[SAVED] results/results/run_all_20260525_151403/moq2_5g-ireland/benchmark_moq2_netflix_static_animated-rickandmorty_B_2019_11_26_08_02_38_tc_20260526_185940.json

──────────────────────────────────────────────────────────────────────
  [76/83] netflix_static_animated-rickandmorty_B_2019_11_26_09_27_10_tc.csv
──────────────────────────────────────────────────────────────────────

======================================================================
  MOQ2 Streaming QoE Benchmark (moq-dev/moq official stack)
======================================================================
  Relay:   http://127.0.0.1:4446
  Player:  http://127.0.0.1:8095/player.html
  Trace:   traces/5g-ireland/netflix_static_animated-rickandmorty_B_2019_11_26_09_27_10_tc.csv
======================================================================

   Publisher quality: 100 kbps
[BROWSER] Launching headless Chromium (MOQ2)...
127.0.0.1 - - [26/May/2026 19:01:52] "GET /player.html HTTP/1.1" 200 -
127.0.0.1 - - [26/May/2026 19:01:52] "GET /moq-bundle.js HTTP/1.1" 200 -
   Startup delay: 142ms

[PLAYBACK] Collecting metrics...
   t=10s | buffer: 321.7s | quality: 100 kbps | trace_bw: 30172 kbps
   t=20s | buffer: 323.5s | quality: 100 kbps | trace_bw: 0 kbps
   t=31s | buffer: 317.4s | quality: 100 kbps | trace_bw: 2 kbps
   t=41s | buffer: 319.2s | quality: 100 kbps | trace_bw: 0 kbps
   t=51s | buffer: 317.1s | quality: 100 kbps | trace_bw: 0 kbps
   t=61s | buffer: 470.9s | quality: 100 kbps | trace_bw: 0 kbps
   t=71s | buffer: 464.7s | quality: 100 kbps | trace_bw: 4 kbps
   t=81s | buffer: 466.6s | quality: 100 kbps | trace_bw: 0 kbps
   t=91s | buffer: 464.4s | quality: 100 kbps | trace_bw: 2 kbps
   t=102s | buffer: 634.7s | quality: 100 kbps | trace_bw: 0 kbps
   t=112s | buffer: 632.5s | quality: 100 kbps | trace_bw: 0 kbps

======================================================================
  BENCHMARK RESULTS (MOQ2 / moq-dev official stack)
======================================================================

  [TIMING]
      Startup delay:     142 ms
      Playback time:     120.6 s

  [BITRATE]
      Average (selected):  100 kbps
      Average (effective): 100 kbps

  [REBUFFERING]
      Events:            1
      Total time:        1 ms
      Ratio:             0.0012%

  [THROUGHPUT]
      Average:           1,740 kbps

  [AVAILABLE BW (trace)]
      Average:           1,740 kbps

======================================================================

[SAVED] results/results/run_all_20260525_151403/moq2_5g-ireland/benchmark_moq2_netflix_static_animated-rickandmorty_B_2019_11_26_09_27_10_tc_20260526_190147.json

──────────────────────────────────────────────────────────────────────
  [77/83] netflix_static_animated-rickandmorty_B_2019_11_28_08_02_19_tc.csv
──────────────────────────────────────────────────────────────────────

======================================================================
  MOQ2 Streaming QoE Benchmark (moq-dev/moq official stack)
======================================================================
  Relay:   http://127.0.0.1:4446
  Player:  http://127.0.0.1:8095/player.html
  Trace:   traces/5g-ireland/netflix_static_animated-rickandmorty_B_2019_11_28_08_02_19_tc.csv
======================================================================

   Publisher quality: 100 kbps
[BROWSER] Launching headless Chromium (MOQ2)...
127.0.0.1 - - [26/May/2026 19:03:59] "GET /player.html HTTP/1.1" 200 -
127.0.0.1 - - [26/May/2026 19:03:59] "GET /moq-bundle.js HTTP/1.1" 200 -
   Startup delay: 145ms

[PLAYBACK] Collecting metrics...
   t=10s | buffer: 2.4s | quality: 100 kbps | trace_bw: 35126 kbps
   t=20s | buffer: 0.2s | quality: 100 kbps | trace_bw: 100 kbps
   t=30s | buffer: 0.1s | quality: 100 kbps | trace_bw: 0 kbps
   t=41s | buffer: 1.3s | quality: 100 kbps | trace_bw: 0 kbps
   t=51s | buffer: 3.1s | quality: 100 kbps | trace_bw: 2 kbps
   t=61s | buffer: 1.0s | quality: 100 kbps | trace_bw: 0 kbps
   t=71s | buffer: 2.8s | quality: 100 kbps | trace_bw: 3 kbps
   t=81s | buffer: 0.6s | quality: 100 kbps | trace_bw: 0 kbps
   t=91s | buffer: 799.0s | quality: 100 kbps | trace_bw: 9 kbps
   t=102s | buffer: 792.8s | quality: 100 kbps | trace_bw: 0 kbps
   t=112s | buffer: 794.6s | quality: 100 kbps | trace_bw: 0 kbps

======================================================================
  BENCHMARK RESULTS (MOQ2 / moq-dev official stack)
======================================================================

  [TIMING]
      Startup delay:     145 ms
      Playback time:     102.5 s

  [BITRATE]
      Average (selected):  100 kbps
      Average (effective): 85 kbps

  [REBUFFERING]
      Events:            12
      Total time:        18,096 ms
      Ratio:             15.0090%

  [THROUGHPUT]
      Average:           1,933 kbps

  [AVAILABLE BW (trace)]
      Average:           1,933 kbps

======================================================================

[SAVED] results/results/run_all_20260525_151403/moq2_5g-ireland/benchmark_moq2_netflix_static_animated-rickandmorty_B_2019_11_28_08_02_19_tc_20260526_190354.json

──────────────────────────────────────────────────────────────────────
  [78/83] netflix_static_season3-strangerthings_B_2019_11_26_13_50_48_tc.csv
──────────────────────────────────────────────────────────────────────

======================================================================
  MOQ2 Streaming QoE Benchmark (moq-dev/moq official stack)
======================================================================
  Relay:   http://127.0.0.1:4446
  Player:  http://127.0.0.1:8095/player.html
  Trace:   traces/5g-ireland/netflix_static_season3-strangerthings_B_2019_11_26_13_50_48_tc.csv
======================================================================

   Publisher quality: 100 kbps
[BROWSER] Launching headless Chromium (MOQ2)...
127.0.0.1 - - [26/May/2026 19:06:06] "GET /player.html HTTP/1.1" 200 -
127.0.0.1 - - [26/May/2026 19:06:06] "GET /moq-bundle.js HTTP/1.1" 200 -
   Startup delay: 153ms

[PLAYBACK] Collecting metrics...
   t=10s | buffer: 614.1s | quality: 100 kbps | trace_bw: 13 kbps
   t=20s | buffer: 1924.9s | quality: 100 kbps | trace_bw: 41124 kbps
   t=31s | buffer: 1922.7s | quality: 100 kbps | trace_bw: 0 kbps
   t=41s | buffer: 1924.6s | quality: 100 kbps | trace_bw: 0 kbps
   t=51s | buffer: 1918.4s | quality: 100 kbps | trace_bw: 2 kbps
   t=61s | buffer: 1920.2s | quality: 100 kbps | trace_bw: 0 kbps
   t=71s | buffer: 1914.1s | quality: 100 kbps | trace_bw: 589 kbps
   t=81s | buffer: 1915.9s | quality: 100 kbps | trace_bw: 19 kbps
   t=92s | buffer: 1913.7s | quality: 100 kbps | trace_bw: 1 kbps
   t=102s | buffer: 1907.6s | quality: 100 kbps | trace_bw: 15079 kbps
   t=112s | buffer: 1905.4s | quality: 100 kbps | trace_bw: 0 kbps

======================================================================
  BENCHMARK RESULTS (MOQ2 / moq-dev official stack)
======================================================================

  [TIMING]
      Startup delay:     153 ms
      Playback time:     120.1 s

  [BITRATE]
      Average (selected):  100 kbps
      Average (effective): 100 kbps

  [REBUFFERING]
      Events:            1
      Total time:        2 ms
      Ratio:             0.0014%

  [THROUGHPUT]
      Average:           3,171 kbps

  [AVAILABLE BW (trace)]
      Average:           3,171 kbps

======================================================================

[SAVED] results/results/run_all_20260525_151403/moq2_5g-ireland/benchmark_moq2_netflix_static_season3-strangerthings_B_2019_11_26_13_50_48_tc_20260526_190600.json

──────────────────────────────────────────────────────────────────────
  [79/83] netflix_static_season3-strangerthings_B_2019_11_28_09_21_45_tc.csv
──────────────────────────────────────────────────────────────────────

======================================================================
  MOQ2 Streaming QoE Benchmark (moq-dev/moq official stack)
======================================================================
  Relay:   http://127.0.0.1:4446
  Player:  http://127.0.0.1:8095/player.html
  Trace:   traces/5g-ireland/netflix_static_season3-strangerthings_B_2019_11_28_09_21_45_tc.csv
======================================================================

   Publisher quality: 100 kbps
[BROWSER] Launching headless Chromium (MOQ2)...
127.0.0.1 - - [26/May/2026 19:08:12] "GET /player.html HTTP/1.1" 200 -
127.0.0.1 - - [26/May/2026 19:08:12] "GET /moq-bundle.js HTTP/1.1" 200 -
   Startup delay: 146ms

[PLAYBACK] Collecting metrics...
   t=10s | buffer: 2.4s | quality: 100 kbps | trace_bw: 14 kbps
   t=20s | buffer: 2.8s | quality: 100 kbps | trace_bw: 0 kbps
   t=31s | buffer: 0.6s | quality: 100 kbps | trace_bw: 2 kbps
   t=41s | buffer: 0.7s | quality: 100 kbps | trace_bw: 108 kbps
   t=51s | buffer: 246.5s | quality: 100 kbps | trace_bw: 3382 kbps
   t=61s | buffer: 448.3s | quality: 100 kbps | trace_bw: 2063 kbps
   t=71s | buffer: 814.6s | quality: 100 kbps | trace_bw: 4115 kbps
   t=81s | buffer: 1224.9s | quality: 100 kbps | trace_bw: 5329 kbps
   t=92s | buffer: 1514.8s | quality: 100 kbps | trace_bw: 2445 kbps
   t=102s | buffer: 1913.1s | quality: 100 kbps | trace_bw: 3441 kbps
   t=112s | buffer: 1910.9s | quality: 100 kbps | trace_bw: 0 kbps

======================================================================
  BENCHMARK RESULTS (MOQ2 / moq-dev official stack)
======================================================================

  [TIMING]
      Startup delay:     146 ms
      Playback time:     115.1 s

  [BITRATE]
      Average (selected):  100 kbps
      Average (effective): 95 kbps

  [REBUFFERING]
      Events:            5
      Total time:        5,486 ms
      Ratio:             4.5488%

  [THROUGHPUT]
      Average:           1,761 kbps

  [AVAILABLE BW (trace)]
      Average:           1,761 kbps

======================================================================

[SAVED] results/results/run_all_20260525_151403/moq2_5g-ireland/benchmark_moq2_netflix_static_season3-strangerthings_B_2019_11_28_09_21_45_tc_20260526_190806.json

──────────────────────────────────────────────────────────────────────
  [80/83] netflix_static_season3-strangerthings_B_2019_12_03_08_02_05_tc.csv
──────────────────────────────────────────────────────────────────────

======================================================================
  MOQ2 Streaming QoE Benchmark (moq-dev/moq official stack)
======================================================================
  Relay:   http://127.0.0.1:4446
  Player:  http://127.0.0.1:8095/player.html
  Trace:   traces/5g-ireland/netflix_static_season3-strangerthings_B_2019_12_03_08_02_05_tc.csv
======================================================================

   Publisher quality: 100 kbps
[BROWSER] Launching headless Chromium (MOQ2)...
127.0.0.1 - - [26/May/2026 19:10:18] "GET /player.html HTTP/1.1" 200 -
127.0.0.1 - - [26/May/2026 19:10:18] "GET /moq-bundle.js HTTP/1.1" 200 -
   Startup delay: 143ms

[PLAYBACK] Collecting metrics...
   t=10s | buffer: 1.7s | quality: 100 kbps | trace_bw: 21302 kbps
   t=20s | buffer: 35.9s | quality: 100 kbps | trace_bw: 0 kbps
   t=31s | buffer: 37.7s | quality: 100 kbps | trace_bw: 0 kbps
   t=41s | buffer: 39.5s | quality: 100 kbps | trace_bw: 0 kbps
   t=51s | buffer: 33.4s | quality: 100 kbps | trace_bw: 2 kbps
   t=61s | buffer: 35.2s | quality: 100 kbps | trace_bw: 0 kbps
   t=71s | buffer: 29.1s | quality: 100 kbps | trace_bw: 2 kbps
   t=81s | buffer: 30.9s | quality: 100 kbps | trace_bw: 0 kbps
   t=92s | buffer: 24.7s | quality: 100 kbps | trace_bw: 0 kbps
   t=102s | buffer: 26.6s | quality: 100 kbps | trace_bw: 0 kbps
   t=112s | buffer: 20.4s | quality: 100 kbps | trace_bw: 2 kbps

======================================================================
  BENCHMARK RESULTS (MOQ2 / moq-dev official stack)
======================================================================

  [TIMING]
      Startup delay:     143 ms
      Playback time:     120.2 s

  [BITRATE]
      Average (selected):  100 kbps
      Average (effective): 100 kbps

  [REBUFFERING]
      Events:            2
      Total time:        360 ms
      Ratio:             0.2988%

  [THROUGHPUT]
      Average:           1,810 kbps

  [AVAILABLE BW (trace)]
      Average:           1,810 kbps

======================================================================

[SAVED] results/results/run_all_20260525_151403/moq2_5g-ireland/benchmark_moq2_netflix_static_season3-strangerthings_B_2019_12_03_08_02_05_tc_20260526_191013.json

──────────────────────────────────────────────────────────────────────
  [81/83] netflix_static_season3-strangerthings_B_2019_12_04_12_46_14_tc.csv
──────────────────────────────────────────────────────────────────────

======================================================================
  MOQ2 Streaming QoE Benchmark (moq-dev/moq official stack)
======================================================================
  Relay:   http://127.0.0.1:4446
  Player:  http://127.0.0.1:8095/player.html
  Trace:   traces/5g-ireland/netflix_static_season3-strangerthings_B_2019_12_04_12_46_14_tc.csv
======================================================================

   Publisher quality: 100 kbps
[BROWSER] Launching headless Chromium (MOQ2)...
127.0.0.1 - - [26/May/2026 19:12:25] "GET /player.html HTTP/1.1" 200 -
127.0.0.1 - - [26/May/2026 19:12:25] "GET /moq-bundle.js HTTP/1.1" 200 -
   Startup delay: 153ms

[PLAYBACK] Collecting metrics...
   t=10s | buffer: 118.3s | quality: 100 kbps | trace_bw: 3448 kbps
   t=20s | buffer: 1160.6s | quality: 100 kbps | trace_bw: 15002 kbps
   t=31s | buffer: 1590.9s | quality: 100 kbps | trace_bw: 19134 kbps
   t=41s | buffer: 1588.7s | quality: 100 kbps | trace_bw: 0 kbps
   t=51s | buffer: 1590.6s | quality: 100 kbps | trace_bw: 0 kbps
   t=61s | buffer: 1584.4s | quality: 100 kbps | trace_bw: 0 kbps
   t=71s | buffer: 1582.2s | quality: 100 kbps | trace_bw: 0 kbps
   t=81s | buffer: 1852.5s | quality: 100 kbps | trace_bw: 0 kbps
   t=92s | buffer: 1850.4s | quality: 100 kbps | trace_bw: 0 kbps
   t=102s | buffer: 1848.2s | quality: 100 kbps | trace_bw: 0 kbps
   t=112s | buffer: 1850.0s | quality: 100 kbps | trace_bw: 0 kbps

======================================================================
  BENCHMARK RESULTS (MOQ2 / moq-dev official stack)
======================================================================

  [TIMING]
      Startup delay:     153 ms
      Playback time:     120.0 s

  [BITRATE]
      Average (selected):  100 kbps
      Average (effective): 99 kbps

  [REBUFFERING]
      Events:            2
      Total time:        644 ms
      Ratio:             0.5335%

  [THROUGHPUT]
      Average:           2,152 kbps

  [AVAILABLE BW (trace)]
      Average:           2,152 kbps

======================================================================

[SAVED] results/results/run_all_20260525_151403/moq2_5g-ireland/benchmark_moq2_netflix_static_season3-strangerthings_B_2019_12_04_12_46_14_tc_20260526_191220.json

──────────────────────────────────────────────────────────────────────
  [82/83] netflix_static_season3-strangerthings_B_2019_12_06_09_55_13_tc.csv
──────────────────────────────────────────────────────────────────────

======================================================================
  MOQ2 Streaming QoE Benchmark (moq-dev/moq official stack)
======================================================================
  Relay:   http://127.0.0.1:4446
  Player:  http://127.0.0.1:8095/player.html
  Trace:   traces/5g-ireland/netflix_static_season3-strangerthings_B_2019_12_06_09_55_13_tc.csv
======================================================================

   Publisher quality: 100 kbps
[BROWSER] Launching headless Chromium (MOQ2)...
127.0.0.1 - - [26/May/2026 19:14:32] "GET /player.html HTTP/1.1" 200 -
127.0.0.1 - - [26/May/2026 19:14:32] "GET /moq-bundle.js HTTP/1.1" 200 -
   Startup delay: 143ms

[PLAYBACK] Collecting metrics...
   t=10s | buffer: 45.7s | quality: 100 kbps | trace_bw: 113826 kbps
   t=20s | buffer: 47.5s | quality: 100 kbps | trace_bw: 0 kbps
   t=31s | buffer: 41.4s | quality: 100 kbps | trace_bw: 0 kbps
   t=41s | buffer: 43.2s | quality: 100 kbps | trace_bw: 0 kbps
   t=51s | buffer: 37.0s | quality: 100 kbps | trace_bw: 3 kbps
   t=61s | buffer: 38.9s | quality: 100 kbps | trace_bw: 0 kbps
   t=71s | buffer: 36.7s | quality: 100 kbps | trace_bw: 2 kbps
   t=81s | buffer: 34.6s | quality: 100 kbps | trace_bw: 0 kbps
   t=91s | buffer: 28.4s | quality: 100 kbps | trace_bw: 2 kbps
   t=102s | buffer: 198.2s | quality: 100 kbps | trace_bw: 0 kbps
   t=112s | buffer: 196.1s | quality: 100 kbps | trace_bw: 0 kbps

======================================================================
  BENCHMARK RESULTS (MOQ2 / moq-dev official stack)
======================================================================

  [TIMING]
      Startup delay:     143 ms
      Playback time:     120.6 s

  [BITRATE]
      Average (selected):  100 kbps
      Average (effective): 100 kbps

  [REBUFFERING]
      Events:            1
      Total time:        2 ms
      Ratio:             0.0013%

  [THROUGHPUT]
      Average:           2,874 kbps

  [AVAILABLE BW (trace)]
      Average:           2,874 kbps

======================================================================

[SAVED] results/results/run_all_20260525_151403/moq2_5g-ireland/benchmark_moq2_netflix_static_season3-strangerthings_B_2019_12_06_09_55_13_tc_20260526_191426.json

──────────────────────────────────────────────────────────────────────
  [83/83] netflix_static_season3-strangerthings_B_2019_12_16_13_03_47_tc.csv
──────────────────────────────────────────────────────────────────────

======================================================================
  MOQ2 Streaming QoE Benchmark (moq-dev/moq official stack)
======================================================================
  Relay:   http://127.0.0.1:4446
  Player:  http://127.0.0.1:8095/player.html
  Trace:   traces/5g-ireland/netflix_static_season3-strangerthings_B_2019_12_16_13_03_47_tc.csv
======================================================================

   Publisher quality: 100 kbps
[BROWSER] Launching headless Chromium (MOQ2)...
127.0.0.1 - - [26/May/2026 19:16:38] "GET /player.html HTTP/1.1" 200 -
127.0.0.1 - - [26/May/2026 19:16:38] "GET /moq-bundle.js HTTP/1.1" 200 -
   Startup delay: 154ms

[PLAYBACK] Collecting metrics...
   t=10s | buffer: 1726.6s | quality: 100 kbps | trace_bw: 366 kbps
   t=20s | buffer: 1928.9s | quality: 100 kbps | trace_bw: 0 kbps
   t=31s | buffer: 1930.7s | quality: 100 kbps | trace_bw: 0 kbps
   t=41s | buffer: 1928.6s | quality: 100 kbps | trace_bw: 0 kbps
   t=51s | buffer: 1926.4s | quality: 100 kbps | trace_bw: 2 kbps
   t=61s | buffer: 1924.2s | quality: 100 kbps | trace_bw: 0 kbps
   t=71s | buffer: 1922.1s | quality: 100 kbps | trace_bw: 0 kbps
   t=81s | buffer: 1915.9s | quality: 100 kbps | trace_bw: 0 kbps
   t=92s | buffer: 1913.7s | quality: 100 kbps | trace_bw: 0 kbps
   t=102s | buffer: 1911.6s | quality: 100 kbps | trace_bw: 0 kbps
   t=112s | buffer: 1913.4s | quality: 100 kbps | trace_bw: 0 kbps

======================================================================
  BENCHMARK RESULTS (MOQ2 / moq-dev official stack)
======================================================================

  [TIMING]
      Startup delay:     154 ms
      Playback time:     120.6 s

  [BITRATE]
      Average (selected):  100 kbps
      Average (effective): 100 kbps

  [REBUFFERING]
      Events:            1
      Total time:        2 ms
      Ratio:             0.0015%

  [THROUGHPUT]
      Average:           2,688 kbps

  [AVAILABLE BW (trace)]
      Average:           2,688 kbps

======================================================================

[SAVED] results/results/run_all_20260525_151403/moq2_5g-ireland/benchmark_moq2_netflix_static_season3-strangerthings_B_2019_12_16_13_03_47_tc_20260526_191633.json

======================================================================
  BATCH COMPLETE: 83/83 succeeded
  Results saved to: results/results/run_all_20260525_151403/moq2_5g-ireland/
======================================================================

[OK] moq2 / 5g-ireland

[moq2 / starlink-2024] 19:18:40 — 40 traces

======================================================================
  BATCH RUN: 40 trace(s) from traces/starlink-2024
======================================================================


──────────────────────────────────────────────────────────────────────
  [1/40] starlink_road_000_tc.csv
──────────────────────────────────────────────────────────────────────

======================================================================
  MOQ2 Streaming QoE Benchmark (moq-dev/moq official stack)
======================================================================
  Relay:   http://127.0.0.1:4446
  Player:  http://127.0.0.1:8095/player.html
  Trace:   traces/starlink-2024/starlink_road_000_tc.csv
======================================================================

   Publisher quality: 4500 kbps
[BROWSER] Launching headless Chromium (MOQ2)...
127.0.0.1 - - [26/May/2026 19:18:45] "GET /player.html HTTP/1.1" 200 -
127.0.0.1 - - [26/May/2026 19:18:45] "GET /moq-bundle.js HTTP/1.1" 200 -
   Startup delay: 205ms

[PLAYBACK] Collecting metrics...
   t=10s | buffer: 261.7s | quality: 4500 kbps | trace_bw: 205685 kbps
   t=20s | buffer: 267.5s | quality: 4500 kbps | trace_bw: 30583 kbps
   t=31s | buffer: 269.4s | quality: 4500 kbps | trace_bw: 76507 kbps
   t=41s | buffer: 271.2s | quality: 4500 kbps | trace_bw: 79883 kbps
   t=51s | buffer: 269.1s | quality: 4500 kbps | trace_bw: 221498 kbps
   t=61s | buffer: 271.4s | quality: 4500 kbps | trace_bw: 131458 kbps
   t=71s | buffer: 269.2s | quality: 4500 kbps | trace_bw: 145147 kbps
   t=81s | buffer: 279.5s | quality: 4500 kbps | trace_bw: 122084 kbps
   t=91s | buffer: 277.3s | quality: 4500 kbps | trace_bw: 59596 kbps
   t=102s | buffer: 287.6s | quality: 4500 kbps | trace_bw: 80613 kbps
   t=112s | buffer: 289.4s | quality: 4500 kbps | trace_bw: 187993 kbps

======================================================================
  BENCHMARK RESULTS (MOQ2 / moq-dev official stack)
======================================================================

  [TIMING]
      Startup delay:     205 ms
      Playback time:     120.6 s

  [BITRATE]
      Average (selected):  4,500 kbps
      Average (effective): 4,499 kbps

  [REBUFFERING]
      Events:            1
      Total time:        29 ms
      Ratio:             0.0239%

  [THROUGHPUT]
      Average:           145,145 kbps

  [AVAILABLE BW (trace)]
      Average:           145,145 kbps

======================================================================

[SAVED] results/results/run_all_20260525_151403/moq2_starlink-2024/benchmark_moq2_starlink_road_000_tc_20260526_191840.json

──────────────────────────────────────────────────────────────────────
  [2/40] starlink_road_001_tc.csv
──────────────────────────────────────────────────────────────────────

======================================================================
  MOQ2 Streaming QoE Benchmark (moq-dev/moq official stack)
======================================================================
  Relay:   http://127.0.0.1:4446
  Player:  http://127.0.0.1:8095/player.html
  Trace:   traces/starlink-2024/starlink_road_001_tc.csv
======================================================================

   Publisher quality: 4500 kbps
[BROWSER] Launching headless Chromium (MOQ2)...
127.0.0.1 - - [26/May/2026 19:20:52] "GET /player.html HTTP/1.1" 200 -
127.0.0.1 - - [26/May/2026 19:20:52] "GET /moq-bundle.js HTTP/1.1" 200 -
   Startup delay: 240ms

[PLAYBACK] Collecting metrics...
   t=10s | buffer: 282.1s | quality: 4500 kbps | trace_bw: 226300 kbps
   t=20s | buffer: 283.9s | quality: 4500 kbps | trace_bw: 307646 kbps
   t=31s | buffer: 286.2s | quality: 4500 kbps | trace_bw: 224577 kbps
   t=41s | buffer: 292.0s | quality: 4500 kbps | trace_bw: 159758 kbps
   t=51s | buffer: 294.3s | quality: 4500 kbps | trace_bw: 250530 kbps
   t=61s | buffer: 296.6s | quality: 4500 kbps | trace_bw: 200805 kbps
   t=71s | buffer: 294.4s | quality: 4500 kbps | trace_bw: 268279 kbps
   t=82s | buffer: 296.2s | quality: 4500 kbps | trace_bw: 297054 kbps
   t=92s | buffer: 298.5s | quality: 4500 kbps | trace_bw: 338367 kbps
   t=102s | buffer: 304.3s | quality: 4500 kbps | trace_bw: 213135 kbps
   t=112s | buffer: 314.5s | quality: 4500 kbps | trace_bw: 283129 kbps

======================================================================
  BENCHMARK RESULTS (MOQ2 / moq-dev official stack)
======================================================================

  [TIMING]
      Startup delay:     240 ms
      Playback time:     120.4 s

  [BITRATE]
      Average (selected):  4,500 kbps
      Average (effective): 4,499 kbps

  [REBUFFERING]
      Events:            1
      Total time:        30 ms
      Ratio:             0.0253%

  [THROUGHPUT]
      Average:           258,430 kbps

  [AVAILABLE BW (trace)]
      Average:           258,430 kbps

======================================================================

[SAVED] results/results/run_all_20260525_151403/moq2_starlink-2024/benchmark_moq2_starlink_road_001_tc_20260526_192047.json

──────────────────────────────────────────────────────────────────────
  [3/40] starlink_road_002_tc.csv
──────────────────────────────────────────────────────────────────────

======================================================================
  MOQ2 Streaming QoE Benchmark (moq-dev/moq official stack)
======================================================================
  Relay:   http://127.0.0.1:4446
  Player:  http://127.0.0.1:8095/player.html
  Trace:   traces/starlink-2024/starlink_road_002_tc.csv
======================================================================

   Publisher quality: 4500 kbps
[BROWSER] Launching headless Chromium (MOQ2)...
127.0.0.1 - - [26/May/2026 19:22:58] "GET /player.html HTTP/1.1" 200 -
127.0.0.1 - - [26/May/2026 19:22:58] "GET /moq-bundle.js HTTP/1.1" 200 -
   Startup delay: 191ms

[PLAYBACK] Collecting metrics...
   t=10s | buffer: 277.7s | quality: 4500 kbps | trace_bw: 198341 kbps
   t=20s | buffer: 279.5s | quality: 4500 kbps | trace_bw: 174362 kbps
   t=31s | buffer: 281.8s | quality: 4500 kbps | trace_bw: 265601 kbps
   t=41s | buffer: 288.0s | quality: 4500 kbps | trace_bw: 306339 kbps
   t=51s | buffer: 286.3s | quality: 4500 kbps | trace_bw: 269270 kbps
   t=61s | buffer: 296.1s | quality: 4500 kbps | trace_bw: 245835 kbps
   t=71s | buffer: 294.0s | quality: 4500 kbps | trace_bw: 277189 kbps
   t=81s | buffer: 300.3s | quality: 4500 kbps | trace_bw: 424419 kbps
   t=92s | buffer: 298.6s | quality: 4500 kbps | trace_bw: 214341 kbps
   t=102s | buffer: 308.9s | quality: 4500 kbps | trace_bw: 196233 kbps
   t=112s | buffer: 314.7s | quality: 4500 kbps | trace_bw: 205083 kbps

======================================================================
  BENCHMARK RESULTS (MOQ2 / moq-dev official stack)
======================================================================

  [TIMING]
      Startup delay:     191 ms
      Playback time:     120.1 s

  [BITRATE]
      Average (selected):  4,500 kbps
      Average (effective): 4,499 kbps

  [REBUFFERING]
      Events:            1
      Total time:        27 ms
      Ratio:             0.0228%

  [THROUGHPUT]
      Average:           240,815 kbps

  [AVAILABLE BW (trace)]
      Average:           240,815 kbps

======================================================================

[SAVED] results/results/run_all_20260525_151403/moq2_starlink-2024/benchmark_moq2_starlink_road_002_tc_20260526_192253.json

──────────────────────────────────────────────────────────────────────
  [4/40] starlink_road_003_tc.csv
──────────────────────────────────────────────────────────────────────

======================================================================
  MOQ2 Streaming QoE Benchmark (moq-dev/moq official stack)
======================================================================
  Relay:   http://127.0.0.1:4446
  Player:  http://127.0.0.1:8095/player.html
  Trace:   traces/starlink-2024/starlink_road_003_tc.csv
======================================================================

   Publisher quality: 4500 kbps
[BROWSER] Launching headless Chromium (MOQ2)...
127.0.0.1 - - [26/May/2026 19:25:04] "GET /player.html HTTP/1.1" 200 -
127.0.0.1 - - [26/May/2026 19:25:04] "GET /moq-bundle.js HTTP/1.1" 200 -
   Startup delay: 217ms

[PLAYBACK] Collecting metrics...
   t=10s | buffer: 266.2s | quality: 4500 kbps | trace_bw: 336052 kbps
   t=20s | buffer: 268.4s | quality: 4500 kbps | trace_bw: 274722 kbps
   t=31s | buffer: 267.1s | quality: 4500 kbps | trace_bw: 350577 kbps
   t=41s | buffer: 269.4s | quality: 4500 kbps | trace_bw: 395258 kbps
   t=51s | buffer: 275.6s | quality: 4500 kbps | trace_bw: 409704 kbps
   t=61s | buffer: 285.9s | quality: 4500 kbps | trace_bw: 358097 kbps
   t=71s | buffer: 292.1s | quality: 4500 kbps | trace_bw: 385956 kbps
   t=82s | buffer: 294.4s | quality: 4500 kbps | trace_bw: 357030 kbps
   t=92s | buffer: 292.6s | quality: 4500 kbps | trace_bw: 384959 kbps
   t=102s | buffer: 298.4s | quality: 4500 kbps | trace_bw: 425921 kbps
   t=112s | buffer: 308.2s | quality: 4500 kbps | trace_bw: 409780 kbps

======================================================================
  BENCHMARK RESULTS (MOQ2 / moq-dev official stack)
======================================================================

  [TIMING]
      Startup delay:     217 ms
      Playback time:     120.5 s

  [BITRATE]
      Average (selected):  4,500 kbps
      Average (effective): 4,499 kbps

  [REBUFFERING]
      Events:            1
      Total time:        33 ms
      Ratio:             0.0271%

  [THROUGHPUT]
      Average:           360,846 kbps

  [AVAILABLE BW (trace)]
      Average:           360,846 kbps

======================================================================

[SAVED] results/results/run_all_20260525_151403/moq2_starlink-2024/benchmark_moq2_starlink_road_003_tc_20260526_192459.json

──────────────────────────────────────────────────────────────────────
  [5/40] starlink_road_004_tc.csv
──────────────────────────────────────────────────────────────────────

======================================================================
  MOQ2 Streaming QoE Benchmark (moq-dev/moq official stack)
======================================================================
  Relay:   http://127.0.0.1:4446
  Player:  http://127.0.0.1:8095/player.html
  Trace:   traces/starlink-2024/starlink_road_004_tc.csv
======================================================================

   Publisher quality: 4500 kbps
[BROWSER] Launching headless Chromium (MOQ2)...
127.0.0.1 - - [26/May/2026 19:27:11] "GET /player.html HTTP/1.1" 200 -
127.0.0.1 - - [26/May/2026 19:27:11] "GET /moq-bundle.js HTTP/1.1" 200 -
   Startup delay: 210ms

[PLAYBACK] Collecting metrics...
   t=10s | buffer: 269.7s | quality: 4500 kbps | trace_bw: 239545 kbps
   t=20s | buffer: 275.5s | quality: 4500 kbps | trace_bw: 265265 kbps
   t=31s | buffer: 277.8s | quality: 4500 kbps | trace_bw: 222654 kbps
   t=41s | buffer: 280.1s | quality: 4500 kbps | trace_bw: 323422 kbps
   t=51s | buffer: 282.3s | quality: 4500 kbps | trace_bw: 286032 kbps
   t=61s | buffer: 288.6s | quality: 4500 kbps | trace_bw: 381120 kbps
   t=71s | buffer: 290.9s | quality: 4500 kbps | trace_bw: 364895 kbps
   t=82s | buffer: 293.1s | quality: 4500 kbps | trace_bw: 339147 kbps
   t=92s | buffer: 294.9s | quality: 4500 kbps | trace_bw: 51583 kbps
   t=102s | buffer: 296.7s | quality: 4500 kbps | trace_bw: 285805 kbps
   t=112s | buffer: 302.6s | quality: 4500 kbps | trace_bw: 238723 kbps

======================================================================
  BENCHMARK RESULTS (MOQ2 / moq-dev official stack)
======================================================================

  [TIMING]
      Startup delay:     210 ms
      Playback time:     120.3 s

  [BITRATE]
      Average (selected):  4,500 kbps
      Average (effective): 4,498 kbps

  [REBUFFERING]
      Events:            1
      Total time:        48 ms
      Ratio:             0.0400%

  [THROUGHPUT]
      Average:           288,045 kbps

  [AVAILABLE BW (trace)]
      Average:           288,045 kbps

======================================================================

[SAVED] results/results/run_all_20260525_151403/moq2_starlink-2024/benchmark_moq2_starlink_road_004_tc_20260526_192705.json

──────────────────────────────────────────────────────────────────────
  [6/40] starlink_road_005_tc.csv
──────────────────────────────────────────────────────────────────────

======================================================================
  MOQ2 Streaming QoE Benchmark (moq-dev/moq official stack)
======================================================================
  Relay:   http://127.0.0.1:4446
  Player:  http://127.0.0.1:8095/player.html
  Trace:   traces/starlink-2024/starlink_road_005_tc.csv
======================================================================

   Publisher quality: 4500 kbps
[BROWSER] Launching headless Chromium (MOQ2)...
127.0.0.1 - - [26/May/2026 19:29:17] "GET /player.html HTTP/1.1" 200 -
127.0.0.1 - - [26/May/2026 19:29:17] "GET /moq-bundle.js HTTP/1.1" 200 -
   Startup delay: 248ms

[PLAYBACK] Collecting metrics...
   t=10s | buffer: 269.7s | quality: 4500 kbps | trace_bw: 360784 kbps
   t=20s | buffer: 276.0s | quality: 4500 kbps | trace_bw: 427022 kbps
   t=31s | buffer: 274.3s | quality: 4500 kbps | trace_bw: 333249 kbps
   t=41s | buffer: 280.6s | quality: 4500 kbps | trace_bw: 425147 kbps
   t=51s | buffer: 278.3s | quality: 4500 kbps | trace_bw: 294488 kbps
   t=61s | buffer: 284.6s | quality: 4500 kbps | trace_bw: 421043 kbps
   t=71s | buffer: 286.4s | quality: 4500 kbps | trace_bw: 343570 kbps
   t=82s | buffer: 292.1s | quality: 4500 kbps | trace_bw: 337764 kbps
   t=92s | buffer: 290.4s | quality: 4500 kbps | trace_bw: 426245 kbps
   t=102s | buffer: 296.7s | quality: 4500 kbps | trace_bw: 418420 kbps
   t=112s | buffer: 298.5s | quality: 4500 kbps | trace_bw: 215426 kbps

======================================================================
  BENCHMARK RESULTS (MOQ2 / moq-dev official stack)
======================================================================

  [TIMING]
      Startup delay:     248 ms
      Playback time:     120.4 s

  [BITRATE]
      Average (selected):  4,500 kbps
      Average (effective): 4,499 kbps

  [REBUFFERING]
      Events:            1
      Total time:        34 ms
      Ratio:             0.0281%

  [THROUGHPUT]
      Average:           341,299 kbps

  [AVAILABLE BW (trace)]
      Average:           341,299 kbps

======================================================================

[SAVED] results/results/run_all_20260525_151403/moq2_starlink-2024/benchmark_moq2_starlink_road_005_tc_20260526_192912.json

──────────────────────────────────────────────────────────────────────
  [7/40] starlink_road_006_tc.csv
──────────────────────────────────────────────────────────────────────

======================================================================
  MOQ2 Streaming QoE Benchmark (moq-dev/moq official stack)
======================================================================
  Relay:   http://127.0.0.1:4446
  Player:  http://127.0.0.1:8095/player.html
  Trace:   traces/starlink-2024/starlink_road_006_tc.csv
======================================================================

   Publisher quality: 4500 kbps
[BROWSER] Launching headless Chromium (MOQ2)...
127.0.0.1 - - [26/May/2026 19:31:24] "GET /player.html HTTP/1.1" 200 -
127.0.0.1 - - [26/May/2026 19:31:24] "GET /moq-bundle.js HTTP/1.1" 200 -
   Startup delay: 214ms

[PLAYBACK] Collecting metrics...
   t=10s | buffer: 274.1s | quality: 4500 kbps | trace_bw: 294772 kbps
   t=20s | buffer: 279.9s | quality: 4500 kbps | trace_bw: 266233 kbps
   t=31s | buffer: 278.2s | quality: 4500 kbps | trace_bw: 351432 kbps
   t=41s | buffer: 284.0s | quality: 4500 kbps | trace_bw: 421835 kbps
   t=51s | buffer: 277.7s | quality: 4500 kbps | trace_bw: 82895 kbps
   t=61s | buffer: 287.5s | quality: 4500 kbps | trace_bw: 407348 kbps
   t=71s | buffer: 290.3s | quality: 4500 kbps | trace_bw: 356404 kbps
   t=82s | buffer: 296.6s | quality: 4500 kbps | trace_bw: 243324 kbps
   t=92s | buffer: 302.4s | quality: 4500 kbps | trace_bw: 319286 kbps
   t=102s | buffer: 308.7s | quality: 4500 kbps | trace_bw: 310707 kbps
   t=112s | buffer: 318.9s | quality: 4500 kbps | trace_bw: 318529 kbps

======================================================================
  BENCHMARK RESULTS (MOQ2 / moq-dev official stack)
======================================================================

  [TIMING]
      Startup delay:     214 ms
      Playback time:     120.4 s

  [BITRATE]
      Average (selected):  4,500 kbps
      Average (effective): 4,498 kbps

  [REBUFFERING]
      Events:            1
      Total time:        44 ms
      Ratio:             0.0361%

  [THROUGHPUT]
      Average:           313,847 kbps

  [AVAILABLE BW (trace)]
      Average:           313,847 kbps

======================================================================

[SAVED] results/results/run_all_20260525_151403/moq2_starlink-2024/benchmark_moq2_starlink_road_006_tc_20260526_193118.json

──────────────────────────────────────────────────────────────────────
  [8/40] starlink_road_007_tc.csv
──────────────────────────────────────────────────────────────────────

======================================================================
  MOQ2 Streaming QoE Benchmark (moq-dev/moq official stack)
======================================================================
  Relay:   http://127.0.0.1:4446
  Player:  http://127.0.0.1:8095/player.html
  Trace:   traces/starlink-2024/starlink_road_007_tc.csv
======================================================================

   Publisher quality: 4500 kbps
[BROWSER] Launching headless Chromium (MOQ2)...
127.0.0.1 - - [26/May/2026 19:33:30] "GET /player.html HTTP/1.1" 200 -
127.0.0.1 - - [26/May/2026 19:33:30] "GET /moq-bundle.js HTTP/1.1" 200 -
   Startup delay: 220ms

[PLAYBACK] Collecting metrics...
   t=10s | buffer: 270.2s | quality: 4500 kbps | trace_bw: 230893 kbps
   t=20s | buffer: 272.4s | quality: 4500 kbps | trace_bw: 384452 kbps
   t=31s | buffer: 270.7s | quality: 4500 kbps | trace_bw: 269542 kbps
   t=41s | buffer: 276.5s | quality: 4500 kbps | trace_bw: 309434 kbps
   t=51s | buffer: 274.3s | quality: 4500 kbps | trace_bw: 348530 kbps
   t=61s | buffer: 284.6s | quality: 4500 kbps | trace_bw: 290000 kbps
   t=71s | buffer: 283.2s | quality: 4500 kbps | trace_bw: 407240 kbps
   t=82s | buffer: 285.5s | quality: 4500 kbps | trace_bw: 407408 kbps
   t=92s | buffer: 287.3s | quality: 4500 kbps | trace_bw: 355026 kbps
   t=102s | buffer: 289.5s | quality: 4500 kbps | trace_bw: 323899 kbps
   t=112s | buffer: 291.8s | quality: 4500 kbps | trace_bw: 223662 kbps

======================================================================
  BENCHMARK RESULTS (MOQ2 / moq-dev official stack)
======================================================================

  [TIMING]
      Startup delay:     220 ms
      Playback time:     120.4 s

  [BITRATE]
      Average (selected):  4,500 kbps
      Average (effective): 4,499 kbps

  [REBUFFERING]
      Events:            1
      Total time:        34 ms
      Ratio:             0.0282%

  [THROUGHPUT]
      Average:           303,373 kbps

  [AVAILABLE BW (trace)]
      Average:           303,373 kbps

======================================================================

[SAVED] results/results/run_all_20260525_151403/moq2_starlink-2024/benchmark_moq2_starlink_road_007_tc_20260526_193324.json

──────────────────────────────────────────────────────────────────────
  [9/40] starlink_road_008_tc.csv
──────────────────────────────────────────────────────────────────────

======================================================================
  MOQ2 Streaming QoE Benchmark (moq-dev/moq official stack)
======================================================================
  Relay:   http://127.0.0.1:4446
  Player:  http://127.0.0.1:8095/player.html
  Trace:   traces/starlink-2024/starlink_road_008_tc.csv
======================================================================

   Publisher quality: 4500 kbps
[BROWSER] Launching headless Chromium (MOQ2)...
127.0.0.1 - - [26/May/2026 19:35:36] "GET /player.html HTTP/1.1" 200 -
127.0.0.1 - - [26/May/2026 19:35:36] "GET /moq-bundle.js HTTP/1.1" 200 -
   Startup delay: 247ms

[PLAYBACK] Collecting metrics...
   t=10s | buffer: 277.7s | quality: 4500 kbps | trace_bw: 383175 kbps
   t=20s | buffer: 280.0s | quality: 4500 kbps | trace_bw: 225711 kbps
   t=31s | buffer: 281.8s | quality: 4500 kbps | trace_bw: 204838 kbps
   t=41s | buffer: 291.6s | quality: 4500 kbps | trace_bw: 374152 kbps
   t=51s | buffer: 289.8s | quality: 4500 kbps | trace_bw: 425475 kbps
   t=61s | buffer: 292.6s | quality: 4500 kbps | trace_bw: 394355 kbps
   t=71s | buffer: 290.9s | quality: 4500 kbps | trace_bw: 407537 kbps
   t=81s | buffer: 301.2s | quality: 4500 kbps | trace_bw: 343083 kbps
   t=92s | buffer: 303.4s | quality: 4500 kbps | trace_bw: 381646 kbps
   t=102s | buffer: 313.7s | quality: 4500 kbps | trace_bw: 407571 kbps
   t=112s | buffer: 324.0s | quality: 4500 kbps | trace_bw: 371867 kbps

======================================================================
  BENCHMARK RESULTS (MOQ2 / moq-dev official stack)
======================================================================

  [TIMING]
      Startup delay:     247 ms
      Playback time:     120.3 s

  [BITRATE]
      Average (selected):  4,500 kbps
      Average (effective): 4,499 kbps

  [REBUFFERING]
      Events:            1
      Total time:        37 ms
      Ratio:             0.0305%

  [THROUGHPUT]
      Average:           361,674 kbps

  [AVAILABLE BW (trace)]
      Average:           361,674 kbps

======================================================================

[SAVED] results/results/run_all_20260525_151403/moq2_starlink-2024/benchmark_moq2_starlink_road_008_tc_20260526_193530.json

──────────────────────────────────────────────────────────────────────
  [10/40] starlink_road_009_tc.csv
──────────────────────────────────────────────────────────────────────

======================================================================
  MOQ2 Streaming QoE Benchmark (moq-dev/moq official stack)
======================================================================
  Relay:   http://127.0.0.1:4446
  Player:  http://127.0.0.1:8095/player.html
  Trace:   traces/starlink-2024/starlink_road_009_tc.csv
======================================================================

   Publisher quality: 4500 kbps
[BROWSER] Launching headless Chromium (MOQ2)...
127.0.0.1 - - [26/May/2026 19:37:42] "GET /player.html HTTP/1.1" 200 -
127.0.0.1 - - [26/May/2026 19:37:42] "GET /moq-bundle.js HTTP/1.1" 200 -
   Startup delay: 221ms

[PLAYBACK] Collecting metrics...
   t=10s | buffer: 277.6s | quality: 4500 kbps | trace_bw: 346640 kbps
   t=21s | buffer: 279.8s | quality: 4500 kbps | trace_bw: 282936 kbps
   t=31s | buffer: 278.1s | quality: 4500 kbps | trace_bw: 149329 kbps
   t=41s | buffer: 284.4s | quality: 4500 kbps | trace_bw: 223316 kbps
   t=51s | buffer: 286.7s | quality: 4500 kbps | trace_bw: 225886 kbps
   t=61s | buffer: 292.6s | quality: 4500 kbps | trace_bw: 154462 kbps
   t=71s | buffer: 298.4s | quality: 4500 kbps | trace_bw: 197135 kbps
   t=81s | buffer: 308.2s | quality: 4500 kbps | trace_bw: 263930 kbps
   t=92s | buffer: 306.5s | quality: 4500 kbps | trace_bw: 215913 kbps
   t=102s | buffer: 312.8s | quality: 4500 kbps | trace_bw: 241659 kbps
   t=112s | buffer: 310.6s | quality: 4500 kbps | trace_bw: 0 kbps

======================================================================
  BENCHMARK RESULTS (MOQ2 / moq-dev official stack)
======================================================================

  [TIMING]
      Startup delay:     221 ms
      Playback time:     120.3 s

  [BITRATE]
      Average (selected):  4,500 kbps
      Average (effective): 4,498 kbps

  [REBUFFERING]
      Events:            1
      Total time:        45 ms
      Ratio:             0.0372%

  [THROUGHPUT]
      Average:           219,711 kbps

  [AVAILABLE BW (trace)]
      Average:           219,711 kbps

======================================================================

[SAVED] results/results/run_all_20260525_151403/moq2_starlink-2024/benchmark_moq2_starlink_road_009_tc_20260526_193737.json

──────────────────────────────────────────────────────────────────────
  [11/40] starlink_road_010_tc.csv
──────────────────────────────────────────────────────────────────────

======================================================================
  MOQ2 Streaming QoE Benchmark (moq-dev/moq official stack)
======================================================================
  Relay:   http://127.0.0.1:4446
  Player:  http://127.0.0.1:8095/player.html
  Trace:   traces/starlink-2024/starlink_road_010_tc.csv
======================================================================

   Publisher quality: 4500 kbps
[BROWSER] Launching headless Chromium (MOQ2)...
127.0.0.1 - - [26/May/2026 19:39:48] "GET /player.html HTTP/1.1" 200 -
127.0.0.1 - - [26/May/2026 19:39:48] "GET /moq-bundle.js HTTP/1.1" 200 -
   Startup delay: 226ms

[PLAYBACK] Collecting metrics...
   t=10s | buffer: 266.1s | quality: 4500 kbps | trace_bw: 362305 kbps
   t=20s | buffer: 271.9s | quality: 4500 kbps | trace_bw: 315749 kbps
   t=31s | buffer: 270.2s | quality: 4500 kbps | trace_bw: 187625 kbps
   t=41s | buffer: 272.4s | quality: 4500 kbps | trace_bw: 322013 kbps
   t=51s | buffer: 274.6s | quality: 4500 kbps | trace_bw: 370220 kbps
   t=61s | buffer: 281.0s | quality: 4500 kbps | trace_bw: 349825 kbps
   t=71s | buffer: 278.8s | quality: 4500 kbps | trace_bw: 282100 kbps
   t=82s | buffer: 289.1s | quality: 4500 kbps | trace_bw: 348666 kbps
   t=92s | buffer: 286.9s | quality: 4500 kbps | trace_bw: 169451 kbps
   t=102s | buffer: 293.1s | quality: 4500 kbps | trace_bw: 371441 kbps
   t=112s | buffer: 295.4s | quality: 4500 kbps | trace_bw: 358270 kbps

======================================================================
  BENCHMARK RESULTS (MOQ2 / moq-dev official stack)
======================================================================

  [TIMING]
      Startup delay:     226 ms
      Playback time:     120.4 s

  [BITRATE]
      Average (selected):  4,500 kbps
      Average (effective): 4,499 kbps

  [REBUFFERING]
      Events:            1
      Total time:        25 ms
      Ratio:             0.0210%

  [THROUGHPUT]
      Average:           303,104 kbps

  [AVAILABLE BW (trace)]
      Average:           303,104 kbps

======================================================================

[SAVED] results/results/run_all_20260525_151403/moq2_starlink-2024/benchmark_moq2_starlink_road_010_tc_20260526_193943.json

──────────────────────────────────────────────────────────────────────
  [12/40] starlink_road_011_tc.csv
──────────────────────────────────────────────────────────────────────

======================================================================
  MOQ2 Streaming QoE Benchmark (moq-dev/moq official stack)
======================================================================
  Relay:   http://127.0.0.1:4446
  Player:  http://127.0.0.1:8095/player.html
  Trace:   traces/starlink-2024/starlink_road_011_tc.csv
======================================================================

   Publisher quality: 4500 kbps
[BROWSER] Launching headless Chromium (MOQ2)...
127.0.0.1 - - [26/May/2026 19:41:54] "GET /player.html HTTP/1.1" 200 -
127.0.0.1 - - [26/May/2026 19:41:54] "GET /moq-bundle.js HTTP/1.1" 200 -
   Startup delay: 221ms

[PLAYBACK] Collecting metrics...
   t=10s | buffer: 274.2s | quality: 4500 kbps | trace_bw: 424459 kbps
   t=20s | buffer: 280.9s | quality: 4500 kbps | trace_bw: 413319 kbps
   t=31s | buffer: 279.1s | quality: 4500 kbps | trace_bw: 350102 kbps
   t=41s | buffer: 288.9s | quality: 4500 kbps | trace_bw: 275589 kbps
   t=51s | buffer: 287.3s | quality: 4500 kbps | trace_bw: 327479 kbps
   t=61s | buffer: 298.0s | quality: 4500 kbps | trace_bw: 424827 kbps
   t=71s | buffer: 299.8s | quality: 4500 kbps | trace_bw: 347797 kbps
   t=81s | buffer: 302.0s | quality: 4500 kbps | trace_bw: 407405 kbps
   t=92s | buffer: 295.8s | quality: 4500 kbps | trace_bw: 350087 kbps
   t=102s | buffer: 298.1s | quality: 4500 kbps | trace_bw: 424244 kbps
   t=112s | buffer: 295.9s | quality: 4500 kbps | trace_bw: 288133 kbps

======================================================================
  BENCHMARK RESULTS (MOQ2 / moq-dev official stack)
======================================================================

  [TIMING]
      Startup delay:     221 ms
      Playback time:     120.3 s

  [BITRATE]
      Average (selected):  4,500 kbps
      Average (effective): 4,499 kbps

  [REBUFFERING]
      Events:            1
      Total time:        30 ms
      Ratio:             0.0250%

  [THROUGHPUT]
      Average:           348,591 kbps

  [AVAILABLE BW (trace)]
      Average:           348,591 kbps

======================================================================

[SAVED] results/results/run_all_20260525_151403/moq2_starlink-2024/benchmark_moq2_starlink_road_011_tc_20260526_194149.json

──────────────────────────────────────────────────────────────────────
  [13/40] starlink_road_012_tc.csv
──────────────────────────────────────────────────────────────────────

======================================================================
  MOQ2 Streaming QoE Benchmark (moq-dev/moq official stack)
======================================================================
  Relay:   http://127.0.0.1:4446
  Player:  http://127.0.0.1:8095/player.html
  Trace:   traces/starlink-2024/starlink_road_012_tc.csv
======================================================================

   Publisher quality: 4500 kbps
[BROWSER] Launching headless Chromium (MOQ2)...
127.0.0.1 - - [26/May/2026 19:44:00] "GET /player.html HTTP/1.1" 200 -
127.0.0.1 - - [26/May/2026 19:44:00] "GET /moq-bundle.js HTTP/1.1" 200 -
   Startup delay: 210ms

[PLAYBACK] Collecting metrics...
   t=10s | buffer: 273.6s | quality: 4500 kbps | trace_bw: 394865 kbps
   t=20s | buffer: 279.5s | quality: 4500 kbps | trace_bw: 242061 kbps
   t=31s | buffer: 277.8s | quality: 4500 kbps | trace_bw: 53735 kbps
   t=41s | buffer: 283.6s | quality: 4500 kbps | trace_bw: 57206 kbps
   t=51s | buffer: 289.5s | quality: 4500 kbps | trace_bw: 60539 kbps
   t=61s | buffer: 295.8s | quality: 4500 kbps | trace_bw: 274619 kbps
   t=71s | buffer: 294.0s | quality: 4500 kbps | trace_bw: 252089 kbps
   t=81s | buffer: 308.3s | quality: 4500 kbps | trace_bw: 307715 kbps
   t=92s | buffer: 310.1s | quality: 4500 kbps | trace_bw: 382682 kbps
   t=102s | buffer: 316.4s | quality: 4500 kbps | trace_bw: 392780 kbps
   t=112s | buffer: 314.7s | quality: 4500 kbps | trace_bw: 274643 kbps

======================================================================
  BENCHMARK RESULTS (MOQ2 / moq-dev official stack)
======================================================================

  [TIMING]
      Startup delay:     210 ms
      Playback time:     120.2 s

  [BITRATE]
      Average (selected):  4,500 kbps
      Average (effective): 4,499 kbps

  [REBUFFERING]
      Events:            1
      Total time:        30 ms
      Ratio:             0.0245%

  [THROUGHPUT]
      Average:           247,934 kbps

  [AVAILABLE BW (trace)]
      Average:           247,934 kbps

======================================================================

[SAVED] results/results/run_all_20260525_151403/moq2_starlink-2024/benchmark_moq2_starlink_road_012_tc_20260526_194355.json

──────────────────────────────────────────────────────────────────────
  [14/40] starlink_road_013_tc.csv
──────────────────────────────────────────────────────────────────────

======================================================================
  MOQ2 Streaming QoE Benchmark (moq-dev/moq official stack)
======================================================================
  Relay:   http://127.0.0.1:4446
  Player:  http://127.0.0.1:8095/player.html
  Trace:   traces/starlink-2024/starlink_road_013_tc.csv
======================================================================

   Publisher quality: 4500 kbps
[BROWSER] Launching headless Chromium (MOQ2)...
127.0.0.1 - - [26/May/2026 19:46:06] "GET /player.html HTTP/1.1" 200 -
127.0.0.1 - - [26/May/2026 19:46:06] "GET /moq-bundle.js HTTP/1.1" 200 -
   Startup delay: 207ms

[PLAYBACK] Collecting metrics...
   t=10s | buffer: 278.1s | quality: 4500 kbps | trace_bw: 243403 kbps
   t=20s | buffer: 280.4s | quality: 4500 kbps | trace_bw: 299772 kbps
   t=31s | buffer: 286.7s | quality: 4500 kbps | trace_bw: 216724 kbps
   t=41s | buffer: 284.5s | quality: 4500 kbps | trace_bw: 268581 kbps
   t=51s | buffer: 286.7s | quality: 4500 kbps | trace_bw: 349814 kbps
   t=61s | buffer: 292.5s | quality: 4500 kbps | trace_bw: 243970 kbps
   t=71s | buffer: 294.8s | quality: 4500 kbps | trace_bw: 378377 kbps
   t=82s | buffer: 305.0s | quality: 4500 kbps | trace_bw: 201584 kbps
   t=92s | buffer: 307.3s | quality: 4500 kbps | trace_bw: 149281 kbps
   t=102s | buffer: 317.1s | quality: 4500 kbps | trace_bw: 177872 kbps
   t=112s | buffer: 319.0s | quality: 4500 kbps | trace_bw: 77797 kbps

======================================================================
  BENCHMARK RESULTS (MOQ2 / moq-dev official stack)
======================================================================

  [TIMING]
      Startup delay:     207 ms
      Playback time:     120.4 s

  [BITRATE]
      Average (selected):  4,500 kbps
      Average (effective): 4,499 kbps

  [REBUFFERING]
      Events:            1
      Total time:        28 ms
      Ratio:             0.0237%

  [THROUGHPUT]
      Average:           251,935 kbps

  [AVAILABLE BW (trace)]
      Average:           251,935 kbps

======================================================================

[SAVED] results/results/run_all_20260525_151403/moq2_starlink-2024/benchmark_moq2_starlink_road_013_tc_20260526_194601.json

──────────────────────────────────────────────────────────────────────
  [15/40] starlink_road_014_tc.csv
──────────────────────────────────────────────────────────────────────

======================================================================
  MOQ2 Streaming QoE Benchmark (moq-dev/moq official stack)
======================================================================
  Relay:   http://127.0.0.1:4446
  Player:  http://127.0.0.1:8095/player.html
  Trace:   traces/starlink-2024/starlink_road_014_tc.csv
======================================================================

   Publisher quality: 4500 kbps
[BROWSER] Launching headless Chromium (MOQ2)...
127.0.0.1 - - [26/May/2026 19:48:13] "GET /player.html HTTP/1.1" 200 -
127.0.0.1 - - [26/May/2026 19:48:13] "GET /moq-bundle.js HTTP/1.1" 200 -
   Startup delay: 227ms

[PLAYBACK] Collecting metrics...
   t=10s | buffer: 278.1s | quality: 4500 kbps | trace_bw: 299891 kbps
   t=20s | buffer: 284.4s | quality: 4500 kbps | trace_bw: 418297 kbps
   t=31s | buffer: 282.2s | quality: 4500 kbps | trace_bw: 439805 kbps
   t=41s | buffer: 288.4s | quality: 4500 kbps | trace_bw: 443831 kbps
   t=51s | buffer: 287.1s | quality: 4500 kbps | trace_bw: 425144 kbps
   t=61s | buffer: 289.4s | quality: 4500 kbps | trace_bw: 374628 kbps
   t=71s | buffer: 291.7s | quality: 4500 kbps | trace_bw: 343154 kbps
   t=82s | buffer: 293.9s | quality: 4500 kbps | trace_bw: 209459 kbps
   t=92s | buffer: 300.2s | quality: 4500 kbps | trace_bw: 261844 kbps
   t=102s | buffer: 310.5s | quality: 4500 kbps | trace_bw: 293307 kbps
   t=112s | buffer: 308.3s | quality: 4500 kbps | trace_bw: 364408 kbps

======================================================================
  BENCHMARK RESULTS (MOQ2 / moq-dev official stack)
======================================================================

  [TIMING]
      Startup delay:     227 ms
      Playback time:     120.4 s

  [BITRATE]
      Average (selected):  4,500 kbps
      Average (effective): 4,498 kbps

  [REBUFFERING]
      Events:            1
      Total time:        48 ms
      Ratio:             0.0402%

  [THROUGHPUT]
      Average:           343,036 kbps

  [AVAILABLE BW (trace)]
      Average:           343,036 kbps

======================================================================

[SAVED] results/results/run_all_20260525_151403/moq2_starlink-2024/benchmark_moq2_starlink_road_014_tc_20260526_194807.json

──────────────────────────────────────────────────────────────────────
  [16/40] starlink_road_015_tc.csv
──────────────────────────────────────────────────────────────────────

======================================================================
  MOQ2 Streaming QoE Benchmark (moq-dev/moq official stack)
======================================================================
  Relay:   http://127.0.0.1:4446
  Player:  http://127.0.0.1:8095/player.html
  Trace:   traces/starlink-2024/starlink_road_015_tc.csv
======================================================================

   Publisher quality: 4500 kbps
[BROWSER] Launching headless Chromium (MOQ2)...
127.0.0.1 - - [26/May/2026 19:50:19] "GET /player.html HTTP/1.1" 200 -
127.0.0.1 - - [26/May/2026 19:50:19] "GET /moq-bundle.js HTTP/1.1" 200 -
   Startup delay: 260ms

[PLAYBACK] Collecting metrics...
   t=10s | buffer: 277.7s | quality: 4500 kbps | trace_bw: 325141 kbps
   t=20s | buffer: 283.5s | quality: 4500 kbps | trace_bw: 167726 kbps
   t=31s | buffer: 281.8s | quality: 4500 kbps | trace_bw: 169018 kbps
   t=41s | buffer: 287.7s | quality: 4500 kbps | trace_bw: 131618 kbps
   t=51s | buffer: 281.5s | quality: 4500 kbps | trace_bw: 50783 kbps
   t=61s | buffer: 291.8s | quality: 4500 kbps | trace_bw: 160493 kbps
   t=71s | buffer: 293.7s | quality: 4500 kbps | trace_bw: 213690 kbps
   t=81s | buffer: 299.5s | quality: 4500 kbps | trace_bw: 29574 kbps
   t=91s | buffer: 309.3s | quality: 4500 kbps | trace_bw: 280807 kbps
   t=102s | buffer: 311.1s | quality: 4500 kbps | trace_bw: 156327 kbps
   t=112s | buffer: 321.0s | quality: 4500 kbps | trace_bw: 265305 kbps

======================================================================
  BENCHMARK RESULTS (MOQ2 / moq-dev official stack)
======================================================================

  [TIMING]
      Startup delay:     260 ms
      Playback time:     120.5 s

  [BITRATE]
      Average (selected):  4,500 kbps
      Average (effective): 4,499 kbps

  [REBUFFERING]
      Events:            1
      Total time:        35 ms
      Ratio:             0.0294%

  [THROUGHPUT]
      Average:           185,968 kbps

  [AVAILABLE BW (trace)]
      Average:           185,968 kbps

======================================================================

[SAVED] results/results/run_all_20260525_151403/moq2_starlink-2024/benchmark_moq2_starlink_road_015_tc_20260526_195013.json

──────────────────────────────────────────────────────────────────────
  [17/40] starlink_road_016_tc.csv
──────────────────────────────────────────────────────────────────────

======================================================================
  MOQ2 Streaming QoE Benchmark (moq-dev/moq official stack)
======================================================================
  Relay:   http://127.0.0.1:4446
  Player:  http://127.0.0.1:8095/player.html
  Trace:   traces/starlink-2024/starlink_road_016_tc.csv
======================================================================

   Publisher quality: 4500 kbps
[BROWSER] Launching headless Chromium (MOQ2)...
127.0.0.1 - - [26/May/2026 19:52:25] "GET /player.html HTTP/1.1" 200 -
127.0.0.1 - - [26/May/2026 19:52:25] "GET /moq-bundle.js HTTP/1.1" 200 -
   Startup delay: 208ms

[PLAYBACK] Collecting metrics...
   t=10s | buffer: 274.1s | quality: 4500 kbps | trace_bw: 338554 kbps
   t=20s | buffer: 280.4s | quality: 4500 kbps | trace_bw: 168849 kbps
   t=31s | buffer: 282.3s | quality: 4500 kbps | trace_bw: 388685 kbps
   t=41s | buffer: 284.5s | quality: 4500 kbps | trace_bw: 281410 kbps
   t=51s | buffer: 282.8s | quality: 4500 kbps | trace_bw: 377938 kbps
   t=61s | buffer: 285.1s | quality: 4500 kbps | trace_bw: 382585 kbps
   t=71s | buffer: 283.4s | quality: 4500 kbps | trace_bw: 353276 kbps
   t=81s | buffer: 289.2s | quality: 4500 kbps | trace_bw: 292282 kbps
   t=92s | buffer: 295.0s | quality: 4500 kbps | trace_bw: 143402 kbps
   t=102s | buffer: 296.9s | quality: 4500 kbps | trace_bw: 243549 kbps
   t=112s | buffer: 302.6s | quality: 4500 kbps | trace_bw: 352120 kbps

======================================================================
  BENCHMARK RESULTS (MOQ2 / moq-dev official stack)
======================================================================

  [TIMING]
      Startup delay:     208 ms
      Playback time:     120.3 s

  [BITRATE]
      Average (selected):  4,500 kbps
      Average (effective): 4,499 kbps

  [REBUFFERING]
      Events:            1
      Total time:        37 ms
      Ratio:             0.0307%

  [THROUGHPUT]
      Average:           286,002 kbps

  [AVAILABLE BW (trace)]
      Average:           286,002 kbps

======================================================================

[SAVED] results/results/run_all_20260525_151403/moq2_starlink-2024/benchmark_moq2_starlink_road_016_tc_20260526_195220.json

──────────────────────────────────────────────────────────────────────
  [18/40] starlink_road_017_tc.csv
──────────────────────────────────────────────────────────────────────

======================================================================
  MOQ2 Streaming QoE Benchmark (moq-dev/moq official stack)
======================================================================
  Relay:   http://127.0.0.1:4446
  Player:  http://127.0.0.1:8095/player.html
  Trace:   traces/starlink-2024/starlink_road_017_tc.csv
======================================================================

   Publisher quality: 4500 kbps
[BROWSER] Launching headless Chromium (MOQ2)...
127.0.0.1 - - [26/May/2026 19:54:31] "GET /player.html HTTP/1.1" 200 -
127.0.0.1 - - [26/May/2026 19:54:31] "GET /moq-bundle.js HTTP/1.1" 200 -
   Startup delay: 222ms

[PLAYBACK] Collecting metrics...
   t=10s | buffer: 261.7s | quality: 4500 kbps | trace_bw: 347509 kbps
   t=20s | buffer: 271.6s | quality: 4500 kbps | trace_bw: 342267 kbps
   t=30s | buffer: 269.9s | quality: 4500 kbps | trace_bw: 297313 kbps
   t=41s | buffer: 271.7s | quality: 4500 kbps | trace_bw: 234228 kbps
   t=51s | buffer: 269.9s | quality: 4500 kbps | trace_bw: 423685 kbps
   t=61s | buffer: 272.2s | quality: 4500 kbps | trace_bw: 338891 kbps
   t=71s | buffer: 274.9s | quality: 4500 kbps | trace_bw: 419272 kbps
   t=82s | buffer: 285.1s | quality: 4500 kbps | trace_bw: 375057 kbps
   t=92s | buffer: 291.4s | quality: 4500 kbps | trace_bw: 257184 kbps
   t=102s | buffer: 293.2s | quality: 4500 kbps | trace_bw: 247829 kbps
   t=112s | buffer: 299.5s | quality: 4500 kbps | trace_bw: 349815 kbps

======================================================================
  BENCHMARK RESULTS (MOQ2 / moq-dev official stack)
======================================================================

  [TIMING]
      Startup delay:     222 ms
      Playback time:     120.2 s

  [BITRATE]
      Average (selected):  4,500 kbps
      Average (effective): 4,499 kbps

  [REBUFFERING]
      Events:            1
      Total time:        32 ms
      Ratio:             0.0269%

  [THROUGHPUT]
      Average:           305,428 kbps

  [AVAILABLE BW (trace)]
      Average:           305,428 kbps

======================================================================

[SAVED] results/results/run_all_20260525_151403/moq2_starlink-2024/benchmark_moq2_starlink_road_017_tc_20260526_195426.json

──────────────────────────────────────────────────────────────────────
  [19/40] starlink_road_018_tc.csv
──────────────────────────────────────────────────────────────────────

======================================================================
  MOQ2 Streaming QoE Benchmark (moq-dev/moq official stack)
======================================================================
  Relay:   http://127.0.0.1:4446
  Player:  http://127.0.0.1:8095/player.html
  Trace:   traces/starlink-2024/starlink_road_018_tc.csv
======================================================================

   Publisher quality: 4500 kbps
[BROWSER] Launching headless Chromium (MOQ2)...
127.0.0.1 - - [26/May/2026 19:56:37] "GET /player.html HTTP/1.1" 200 -
127.0.0.1 - - [26/May/2026 19:56:37] "GET /moq-bundle.js HTTP/1.1" 200 -
   Startup delay: 227ms

[PLAYBACK] Collecting metrics...
   t=10s | buffer: 278.2s | quality: 4500 kbps | trace_bw: 240882 kbps
   t=20s | buffer: 280.4s | quality: 4500 kbps | trace_bw: 353396 kbps
   t=31s | buffer: 278.6s | quality: 4500 kbps | trace_bw: 310709 kbps
   t=41s | buffer: 285.4s | quality: 4500 kbps | trace_bw: 357852 kbps
   t=51s | buffer: 283.2s | quality: 4500 kbps | trace_bw: 22059 kbps
   t=61s | buffer: 285.5s | quality: 4500 kbps | trace_bw: 289653 kbps
   t=71s | buffer: 283.7s | quality: 4500 kbps | trace_bw: 336862 kbps
   t=82s | buffer: 286.0s | quality: 4500 kbps | trace_bw: 356813 kbps
   t=92s | buffer: 288.3s | quality: 4500 kbps | trace_bw: 339943 kbps
   t=102s | buffer: 294.5s | quality: 4500 kbps | trace_bw: 344058 kbps
   t=112s | buffer: 297.2s | quality: 4500 kbps | trace_bw: 349407 kbps

======================================================================
  BENCHMARK RESULTS (MOQ2 / moq-dev official stack)
======================================================================

  [TIMING]
      Startup delay:     227 ms
      Playback time:     120.4 s

  [BITRATE]
      Average (selected):  4,500 kbps
      Average (effective): 4,499 kbps

  [REBUFFERING]
      Events:            1
      Total time:        37 ms
      Ratio:             0.0306%

  [THROUGHPUT]
      Average:           297,530 kbps

  [AVAILABLE BW (trace)]
      Average:           297,530 kbps

======================================================================

[SAVED] results/results/run_all_20260525_151403/moq2_starlink-2024/benchmark_moq2_starlink_road_018_tc_20260526_195632.json

──────────────────────────────────────────────────────────────────────
  [20/40] starlink_road_019_tc.csv
──────────────────────────────────────────────────────────────────────

======================================================================
  MOQ2 Streaming QoE Benchmark (moq-dev/moq official stack)
======================================================================
  Relay:   http://127.0.0.1:4446
  Player:  http://127.0.0.1:8095/player.html
  Trace:   traces/starlink-2024/starlink_road_019_tc.csv
======================================================================

   Publisher quality: 4500 kbps
[BROWSER] Launching headless Chromium (MOQ2)...
127.0.0.1 - - [26/May/2026 19:58:44] "GET /player.html HTTP/1.1" 200 -
127.0.0.1 - - [26/May/2026 19:58:44] "GET /moq-bundle.js HTTP/1.1" 200 -
   Startup delay: 225ms

[PLAYBACK] Collecting metrics...
   t=10s | buffer: 278.1s | quality: 4500 kbps | trace_bw: 259500 kbps
   t=20s | buffer: 280.4s | quality: 4500 kbps | trace_bw: 405415 kbps
   t=31s | buffer: 278.7s | quality: 4500 kbps | trace_bw: 268016 kbps
   t=41s | buffer: 280.5s | quality: 4500 kbps | trace_bw: 173514 kbps
   t=51s | buffer: 282.8s | quality: 4500 kbps | trace_bw: 260906 kbps
   t=61s | buffer: 285.1s | quality: 4500 kbps | trace_bw: 312073 kbps
   t=71s | buffer: 282.9s | quality: 4500 kbps | trace_bw: 215809 kbps
   t=82s | buffer: 285.1s | quality: 4500 kbps | trace_bw: 297643 kbps
   t=92s | buffer: 282.9s | quality: 4500 kbps | trace_bw: 344952 kbps
   t=102s | buffer: 289.1s | quality: 4500 kbps | trace_bw: 248907 kbps
   t=112s | buffer: 295.4s | quality: 4500 kbps | trace_bw: 237750 kbps

======================================================================
  BENCHMARK RESULTS (MOQ2 / moq-dev official stack)
======================================================================

  [TIMING]
      Startup delay:     225 ms
      Playback time:     120.4 s

  [BITRATE]
      Average (selected):  4,500 kbps
      Average (effective): 4,499 kbps

  [REBUFFERING]
      Events:            1
      Total time:        33 ms
      Ratio:             0.0271%

  [THROUGHPUT]
      Average:           275,814 kbps

  [AVAILABLE BW (trace)]
      Average:           275,814 kbps

======================================================================

[SAVED] results/results/run_all_20260525_151403/moq2_starlink-2024/benchmark_moq2_starlink_road_019_tc_20260526_195839.json

──────────────────────────────────────────────────────────────────────
  [21/40] starlink_road_020_tc.csv
──────────────────────────────────────────────────────────────────────

======================================================================
  MOQ2 Streaming QoE Benchmark (moq-dev/moq official stack)
======================================================================
  Relay:   http://127.0.0.1:4446
  Player:  http://127.0.0.1:8095/player.html
  Trace:   traces/starlink-2024/starlink_road_020_tc.csv
======================================================================

   Publisher quality: 4500 kbps
[BROWSER] Launching headless Chromium (MOQ2)...
127.0.0.1 - - [26/May/2026 20:00:50] "GET /player.html HTTP/1.1" 200 -
127.0.0.1 - - [26/May/2026 20:00:50] "GET /moq-bundle.js HTTP/1.1" 200 -
   Startup delay: 234ms

[PLAYBACK] Collecting metrics...
   t=10s | buffer: 274.1s | quality: 4500 kbps | trace_bw: 168513 kbps
   t=20s | buffer: 276.3s | quality: 4500 kbps | trace_bw: 422665 kbps
   t=31s | buffer: 274.2s | quality: 4500 kbps | trace_bw: 289464 kbps
   t=41s | buffer: 279.9s | quality: 4500 kbps | trace_bw: 282092 kbps
   t=51s | buffer: 278.1s | quality: 4500 kbps | trace_bw: 216923 kbps
   t=61s | buffer: 280.4s | quality: 4500 kbps | trace_bw: 163047 kbps
   t=72s | buffer: 282.1s | quality: 4500 kbps | trace_bw: 270354 kbps
   t=82s | buffer: 292.4s | quality: 4500 kbps | trace_bw: 273695 kbps
   t=92s | buffer: 290.7s | quality: 4500 kbps | trace_bw: 247812 kbps
   t=102s | buffer: 296.5s | quality: 4500 kbps | trace_bw: 240055 kbps
   t=112s | buffer: 302.3s | quality: 4500 kbps | trace_bw: 422002 kbps

======================================================================
  BENCHMARK RESULTS (MOQ2 / moq-dev official stack)
======================================================================

  [TIMING]
      Startup delay:     234 ms
      Playback time:     120.6 s

  [BITRATE]
      Average (selected):  4,500 kbps
      Average (effective): 4,499 kbps

  [REBUFFERING]
      Events:            1
      Total time:        36 ms
      Ratio:             0.0298%

  [THROUGHPUT]
      Average:           276,849 kbps

  [AVAILABLE BW (trace)]
      Average:           276,849 kbps

======================================================================

[SAVED] results/results/run_all_20260525_151403/moq2_starlink-2024/benchmark_moq2_starlink_road_020_tc_20260526_200045.json

──────────────────────────────────────────────────────────────────────
  [22/40] starlink_road_021_tc.csv
──────────────────────────────────────────────────────────────────────

======================================================================
  MOQ2 Streaming QoE Benchmark (moq-dev/moq official stack)
======================================================================
  Relay:   http://127.0.0.1:4446
  Player:  http://127.0.0.1:8095/player.html
  Trace:   traces/starlink-2024/starlink_road_021_tc.csv
======================================================================

   Publisher quality: 4500 kbps
[BROWSER] Launching headless Chromium (MOQ2)...
127.0.0.1 - - [26/May/2026 20:02:57] "GET /player.html HTTP/1.1" 200 -
127.0.0.1 - - [26/May/2026 20:02:57] "GET /moq-bundle.js HTTP/1.1" 200 -
   Startup delay: 223ms

[PLAYBACK] Collecting metrics...
   t=10s | buffer: 273.7s | quality: 4500 kbps | trace_bw: 319209 kbps
   t=20s | buffer: 280.0s | quality: 4500 kbps | trace_bw: 282244 kbps
   t=31s | buffer: 286.3s | quality: 4500 kbps | trace_bw: 380521 kbps
   t=41s | buffer: 292.5s | quality: 4500 kbps | trace_bw: 263061 kbps
   t=51s | buffer: 294.4s | quality: 4500 kbps | trace_bw: 375680 kbps
   t=61s | buffer: 304.7s | quality: 4500 kbps | trace_bw: 28763 kbps
   t=71s | buffer: 306.5s | quality: 4500 kbps | trace_bw: 91866 kbps
   t=81s | buffer: 312.3s | quality: 4500 kbps | trace_bw: 235885 kbps
   t=92s | buffer: 310.1s | quality: 4500 kbps | trace_bw: 253388 kbps
   t=102s | buffer: 311.9s | quality: 4500 kbps | trace_bw: 178060 kbps
   t=112s | buffer: 309.7s | quality: 4500 kbps | trace_bw: 304508 kbps

======================================================================
  BENCHMARK RESULTS (MOQ2 / moq-dev official stack)
======================================================================

  [TIMING]
      Startup delay:     223 ms
      Playback time:     120.2 s

  [BITRATE]
      Average (selected):  4,500 kbps
      Average (effective): 4,498 kbps

  [REBUFFERING]
      Events:            1
      Total time:        46 ms
      Ratio:             0.0382%

  [THROUGHPUT]
      Average:           268,753 kbps

  [AVAILABLE BW (trace)]
      Average:           268,753 kbps

======================================================================

[SAVED] results/results/run_all_20260525_151403/moq2_starlink-2024/benchmark_moq2_starlink_road_021_tc_20260526_200251.json

──────────────────────────────────────────────────────────────────────
  [23/40] starlink_road_022_tc.csv
──────────────────────────────────────────────────────────────────────

======================================================================
  MOQ2 Streaming QoE Benchmark (moq-dev/moq official stack)
======================================================================
  Relay:   http://127.0.0.1:4446
  Player:  http://127.0.0.1:8095/player.html
  Trace:   traces/starlink-2024/starlink_road_022_tc.csv
======================================================================

   Publisher quality: 4500 kbps
[BROWSER] Launching headless Chromium (MOQ2)...
127.0.0.1 - - [26/May/2026 20:05:03] "GET /player.html HTTP/1.1" 200 -
127.0.0.1 - - [26/May/2026 20:05:03] "GET /moq-bundle.js HTTP/1.1" 200 -
   Startup delay: 219ms

[PLAYBACK] Collecting metrics...
   t=10s | buffer: 273.7s | quality: 4500 kbps | trace_bw: 135890 kbps
   t=20s | buffer: 280.0s | quality: 4500 kbps | trace_bw: 137801 kbps
   t=30s | buffer: 282.3s | quality: 4500 kbps | trace_bw: 212682 kbps
   t=41s | buffer: 292.6s | quality: 4500 kbps | trace_bw: 230230 kbps
   t=51s | buffer: 294.4s | quality: 4500 kbps | trace_bw: 424480 kbps
   t=61s | buffer: 296.7s | quality: 4500 kbps | trace_bw: 220594 kbps
   t=71s | buffer: 295.0s | quality: 4500 kbps | trace_bw: 161976 kbps
   t=81s | buffer: 305.2s | quality: 4500 kbps | trace_bw: 393240 kbps
   t=92s | buffer: 303.5s | quality: 4500 kbps | trace_bw: 341980 kbps
   t=102s | buffer: 309.4s | quality: 4500 kbps | trace_bw: 342956 kbps
   t=112s | buffer: 311.7s | quality: 4500 kbps | trace_bw: 382193 kbps

======================================================================
  BENCHMARK RESULTS (MOQ2 / moq-dev official stack)
======================================================================

  [TIMING]
      Startup delay:     219 ms
      Playback time:     120.6 s

  [BITRATE]
      Average (selected):  4,500 kbps
      Average (effective): 4,498 kbps

  [REBUFFERING]
      Events:            1
      Total time:        45 ms
      Ratio:             0.0375%

  [THROUGHPUT]
      Average:           280,718 kbps

  [AVAILABLE BW (trace)]
      Average:           280,718 kbps

======================================================================

[SAVED] results/results/run_all_20260525_151403/moq2_starlink-2024/benchmark_moq2_starlink_road_022_tc_20260526_200457.json

──────────────────────────────────────────────────────────────────────
  [24/40] starlink_road_023_tc.csv
──────────────────────────────────────────────────────────────────────

======================================================================
  MOQ2 Streaming QoE Benchmark (moq-dev/moq official stack)
======================================================================
  Relay:   http://127.0.0.1:4446
  Player:  http://127.0.0.1:8095/player.html
  Trace:   traces/starlink-2024/starlink_road_023_tc.csv
======================================================================

   Publisher quality: 4500 kbps
[BROWSER] Launching headless Chromium (MOQ2)...
127.0.0.1 - - [26/May/2026 20:07:09] "GET /player.html HTTP/1.1" 200 -
127.0.0.1 - - [26/May/2026 20:07:09] "GET /moq-bundle.js HTTP/1.1" 200 -
   Startup delay: 224ms

[PLAYBACK] Collecting metrics...
   t=10s | buffer: 5.7s | quality: 4500 kbps | trace_bw: 0 kbps
   t=20s | buffer: 283.5s | quality: 4500 kbps | trace_bw: 355409 kbps
   t=31s | buffer: 285.8s | quality: 4500 kbps | trace_bw: 352490 kbps
   t=41s | buffer: 288.1s | quality: 4500 kbps | trace_bw: 290778 kbps
   t=51s | buffer: 282.0s | quality: 4500 kbps | trace_bw: 157501 kbps
   t=61s | buffer: 284.1s | quality: 4500 kbps | trace_bw: 372245 kbps
   t=71s | buffer: 286.4s | quality: 4500 kbps | trace_bw: 269653 kbps
   t=82s | buffer: 288.7s | quality: 4500 kbps | trace_bw: 223665 kbps
   t=92s | buffer: 290.9s | quality: 4500 kbps | trace_bw: 356853 kbps
   t=102s | buffer: 292.7s | quality: 4500 kbps | trace_bw: 351013 kbps
   t=112s | buffer: 294.5s | quality: 4500 kbps | trace_bw: 329242 kbps

======================================================================
  BENCHMARK RESULTS (MOQ2 / moq-dev official stack)
======================================================================

  [TIMING]
      Startup delay:     224 ms
      Playback time:     120.3 s

  [BITRATE]
      Average (selected):  4,500 kbps
      Average (effective): 4,500 kbps

  [REBUFFERING]
      Events:            1
      Total time:        12 ms
      Ratio:             0.0096%

  [THROUGHPUT]
      Average:           245,210 kbps

  [AVAILABLE BW (trace)]
      Average:           245,210 kbps

======================================================================

[SAVED] results/results/run_all_20260525_151403/moq2_starlink-2024/benchmark_moq2_starlink_road_023_tc_20260526_200704.json

──────────────────────────────────────────────────────────────────────
  [25/40] starlink_road_024_tc.csv
──────────────────────────────────────────────────────────────────────

======================================================================
  MOQ2 Streaming QoE Benchmark (moq-dev/moq official stack)
======================================================================
  Relay:   http://127.0.0.1:4446
  Player:  http://127.0.0.1:8095/player.html
  Trace:   traces/starlink-2024/starlink_road_024_tc.csv
======================================================================

   Publisher quality: 4500 kbps
[BROWSER] Launching headless Chromium (MOQ2)...
127.0.0.1 - - [26/May/2026 20:09:16] "GET /player.html HTTP/1.1" 200 -
127.0.0.1 - - [26/May/2026 20:09:16] "GET /moq-bundle.js HTTP/1.1" 200 -
   Startup delay: 251ms

[PLAYBACK] Collecting metrics...
   t=10s | buffer: 278.1s | quality: 4500 kbps | trace_bw: 423166 kbps
   t=20s | buffer: 276.4s | quality: 4500 kbps | trace_bw: 336611 kbps
   t=31s | buffer: 282.7s | quality: 4500 kbps | trace_bw: 286485 kbps
   t=41s | buffer: 284.9s | quality: 4500 kbps | trace_bw: 331713 kbps
   t=51s | buffer: 291.2s | quality: 4500 kbps | trace_bw: 291478 kbps
   t=61s | buffer: 297.5s | quality: 4500 kbps | trace_bw: 330595 kbps
   t=71s | buffer: 295.8s | quality: 4500 kbps | trace_bw: 337559 kbps
   t=81s | buffer: 306.5s | quality: 4500 kbps | trace_bw: 321446 kbps
   t=92s | buffer: 312.8s | quality: 4500 kbps | trace_bw: 325175 kbps
   t=102s | buffer: 315.1s | quality: 4500 kbps | trace_bw: 350095 kbps
   t=112s | buffer: 316.9s | quality: 4500 kbps | trace_bw: 338810 kbps

======================================================================
  BENCHMARK RESULTS (MOQ2 / moq-dev official stack)
======================================================================

  [TIMING]
      Startup delay:     251 ms
      Playback time:     120.3 s

  [BITRATE]
      Average (selected):  4,500 kbps
      Average (effective): 4,498 kbps

  [REBUFFERING]
      Events:            1
      Total time:        55 ms
      Ratio:             0.0454%

  [THROUGHPUT]
      Average:           330,889 kbps

  [AVAILABLE BW (trace)]
      Average:           330,889 kbps

======================================================================

[SAVED] results/results/run_all_20260525_151403/moq2_starlink-2024/benchmark_moq2_starlink_road_024_tc_20260526_200910.json

──────────────────────────────────────────────────────────────────────
  [26/40] starlink_road_025_tc.csv
──────────────────────────────────────────────────────────────────────

======================================================================
  MOQ2 Streaming QoE Benchmark (moq-dev/moq official stack)
======================================================================
  Relay:   http://127.0.0.1:4446
  Player:  http://127.0.0.1:8095/player.html
  Trace:   traces/starlink-2024/starlink_road_025_tc.csv
======================================================================

   Publisher quality: 4500 kbps
[BROWSER] Launching headless Chromium (MOQ2)...
127.0.0.1 - - [26/May/2026 20:11:22] "GET /player.html HTTP/1.1" 200 -
127.0.0.1 - - [26/May/2026 20:11:22] "GET /moq-bundle.js HTTP/1.1" 200 -
   Startup delay: 204ms

[PLAYBACK] Collecting metrics...
   t=10s | buffer: 278.2s | quality: 4500 kbps | trace_bw: 339459 kbps
   t=20s | buffer: 280.4s | quality: 4500 kbps | trace_bw: 387750 kbps
   t=31s | buffer: 278.2s | quality: 4500 kbps | trace_bw: 303375 kbps
   t=41s | buffer: 284.5s | quality: 4500 kbps | trace_bw: 327068 kbps
   t=51s | buffer: 282.7s | quality: 4500 kbps | trace_bw: 247125 kbps
   t=61s | buffer: 288.6s | quality: 4500 kbps | trace_bw: 130483 kbps
   t=71s | buffer: 286.8s | quality: 4500 kbps | trace_bw: 301057 kbps
   t=82s | buffer: 293.1s | quality: 4500 kbps | trace_bw: 66265 kbps
   t=92s | buffer: 295.3s | quality: 4500 kbps | trace_bw: 315999 kbps
   t=102s | buffer: 301.6s | quality: 4500 kbps | trace_bw: 268030 kbps
   t=112s | buffer: 303.8s | quality: 4500 kbps | trace_bw: 346908 kbps

======================================================================
  BENCHMARK RESULTS (MOQ2 / moq-dev official stack)
======================================================================

  [TIMING]
      Startup delay:     204 ms
      Playback time:     120.4 s

  [BITRATE]
      Average (selected):  4,500 kbps
      Average (effective): 4,499 kbps

  [REBUFFERING]
      Events:            1
      Total time:        32 ms
      Ratio:             0.0264%

  [THROUGHPUT]
      Average:           306,730 kbps

  [AVAILABLE BW (trace)]
      Average:           306,730 kbps

======================================================================

[SAVED] results/results/run_all_20260525_151403/moq2_starlink-2024/benchmark_moq2_starlink_road_025_tc_20260526_201116.json

──────────────────────────────────────────────────────────────────────
  [27/40] starlink_road_026_tc.csv
──────────────────────────────────────────────────────────────────────

======================================================================
  MOQ2 Streaming QoE Benchmark (moq-dev/moq official stack)
======================================================================
  Relay:   http://127.0.0.1:4446
  Player:  http://127.0.0.1:8095/player.html
  Trace:   traces/starlink-2024/starlink_road_026_tc.csv
======================================================================

   Publisher quality: 4500 kbps
[BROWSER] Launching headless Chromium (MOQ2)...
127.0.0.1 - - [26/May/2026 20:13:28] "GET /player.html HTTP/1.1" 200 -
127.0.0.1 - - [26/May/2026 20:13:28] "GET /moq-bundle.js HTTP/1.1" 200 -
   Startup delay: 246ms

[PLAYBACK] Collecting metrics...
   t=10s | buffer: 282.1s | quality: 4500 kbps | trace_bw: 350509 kbps
   t=20s | buffer: 284.5s | quality: 4500 kbps | trace_bw: 134512 kbps
   t=31s | buffer: 286.3s | quality: 4500 kbps | trace_bw: 283390 kbps
   t=41s | buffer: 292.1s | quality: 4500 kbps | trace_bw: 236499 kbps
   t=51s | buffer: 290.4s | quality: 4500 kbps | trace_bw: 326145 kbps
   t=61s | buffer: 293.1s | quality: 4500 kbps | trace_bw: 337976 kbps
   t=71s | buffer: 294.9s | quality: 4500 kbps | trace_bw: 221524 kbps
   t=81s | buffer: 301.2s | quality: 4500 kbps | trace_bw: 350121 kbps
   t=92s | buffer: 299.0s | quality: 4500 kbps | trace_bw: 304142 kbps
   t=102s | buffer: 301.3s | quality: 4500 kbps | trace_bw: 275992 kbps
   t=112s | buffer: 303.6s | quality: 4500 kbps | trace_bw: 121839 kbps

======================================================================
  BENCHMARK RESULTS (MOQ2 / moq-dev official stack)
======================================================================

  [TIMING]
      Startup delay:     246 ms
      Playback time:     120.2 s

  [BITRATE]
      Average (selected):  4,500 kbps
      Average (effective): 4,499 kbps

  [REBUFFERING]
      Events:            1
      Total time:        32 ms
      Ratio:             0.0264%

  [THROUGHPUT]
      Average:           254,471 kbps

  [AVAILABLE BW (trace)]
      Average:           254,471 kbps

======================================================================

[SAVED] results/results/run_all_20260525_151403/moq2_starlink-2024/benchmark_moq2_starlink_road_026_tc_20260526_201322.json

──────────────────────────────────────────────────────────────────────
  [28/40] starlink_road_027_tc.csv
──────────────────────────────────────────────────────────────────────

======================================================================
  MOQ2 Streaming QoE Benchmark (moq-dev/moq official stack)
======================================================================
  Relay:   http://127.0.0.1:4446
  Player:  http://127.0.0.1:8095/player.html
  Trace:   traces/starlink-2024/starlink_road_027_tc.csv
======================================================================

   Publisher quality: 4500 kbps
[BROWSER] Launching headless Chromium (MOQ2)...
127.0.0.1 - - [26/May/2026 20:15:34] "GET /player.html HTTP/1.1" 200 -
127.0.0.1 - - [26/May/2026 20:15:34] "GET /moq-bundle.js HTTP/1.1" 200 -
   Startup delay: 255ms

[PLAYBACK] Collecting metrics...
   t=10s | buffer: 269.7s | quality: 4500 kbps | trace_bw: 270127 kbps
   t=20s | buffer: 272.5s | quality: 4500 kbps | trace_bw: 336745 kbps
   t=31s | buffer: 270.6s | quality: 4500 kbps | trace_bw: 248290 kbps
   t=41s | buffer: 276.9s | quality: 4500 kbps | trace_bw: 253456 kbps
   t=51s | buffer: 279.1s | quality: 4500 kbps | trace_bw: 356071 kbps
   t=61s | buffer: 285.0s | quality: 4500 kbps | trace_bw: 153082 kbps
   t=71s | buffer: 282.8s | quality: 4500 kbps | trace_bw: 76697 kbps
   t=82s | buffer: 289.1s | quality: 4500 kbps | trace_bw: 135129 kbps
   t=92s | buffer: 287.3s | quality: 4500 kbps | trace_bw: 400783 kbps
   t=102s | buffer: 293.6s | quality: 4500 kbps | trace_bw: 124992 kbps
   t=112s | buffer: 299.5s | quality: 4500 kbps | trace_bw: 181868 kbps

======================================================================
  BENCHMARK RESULTS (MOQ2 / moq-dev official stack)
======================================================================

  [TIMING]
      Startup delay:     255 ms
      Playback time:     120.3 s

  [BITRATE]
      Average (selected):  4,500 kbps
      Average (effective): 4,498 kbps

  [REBUFFERING]
      Events:            1
      Total time:        42 ms
      Ratio:             0.0346%

  [THROUGHPUT]
      Average:           230,129 kbps

  [AVAILABLE BW (trace)]
      Average:           230,129 kbps

======================================================================

[SAVED] results/results/run_all_20260525_151403/moq2_starlink-2024/benchmark_moq2_starlink_road_027_tc_20260526_201528.json

──────────────────────────────────────────────────────────────────────
  [29/40] starlink_road_028_tc.csv
──────────────────────────────────────────────────────────────────────

======================================================================
  MOQ2 Streaming QoE Benchmark (moq-dev/moq official stack)
======================================================================
  Relay:   http://127.0.0.1:4446
  Player:  http://127.0.0.1:8095/player.html
  Trace:   traces/starlink-2024/starlink_road_028_tc.csv
======================================================================

   Publisher quality: 4500 kbps
[BROWSER] Launching headless Chromium (MOQ2)...
127.0.0.1 - - [26/May/2026 20:17:40] "GET /player.html HTTP/1.1" 200 -
127.0.0.1 - - [26/May/2026 20:17:40] "GET /moq-bundle.js HTTP/1.1" 200 -
   Startup delay: 217ms

[PLAYBACK] Collecting metrics...
   t=10s | buffer: 278.1s | quality: 4500 kbps | trace_bw: 167080 kbps
   t=20s | buffer: 284.0s | quality: 4500 kbps | trace_bw: 175220 kbps
   t=31s | buffer: 285.8s | quality: 4500 kbps | trace_bw: 96430 kbps
   t=41s | buffer: 292.1s | quality: 4500 kbps | trace_bw: 176274 kbps
   t=51s | buffer: 294.4s | quality: 4500 kbps | trace_bw: 356440 kbps
   t=61s | buffer: 296.7s | quality: 4500 kbps | trace_bw: 290840 kbps
   t=71s | buffer: 295.0s | quality: 4500 kbps | trace_bw: 273691 kbps
   t=81s | buffer: 296.9s | quality: 4500 kbps | trace_bw: 167586 kbps
   t=91s | buffer: 294.7s | quality: 4500 kbps | trace_bw: 233649 kbps
   t=102s | buffer: 288.6s | quality: 4500 kbps | trace_bw: 0 kbps
   t=112s | buffer: 290.4s | quality: 4500 kbps | trace_bw: 0 kbps

======================================================================
  BENCHMARK RESULTS (MOQ2 / moq-dev official stack)
======================================================================

  [TIMING]
      Startup delay:     217 ms
      Playback time:     120.5 s

  [BITRATE]
      Average (selected):  4,500 kbps
      Average (effective): 4,498 kbps

  [REBUFFERING]
      Events:            1
      Total time:        60 ms
      Ratio:             0.0501%

  [THROUGHPUT]
      Average:           169,247 kbps

  [AVAILABLE BW (trace)]
      Average:           169,247 kbps

======================================================================

[SAVED] results/results/run_all_20260525_151403/moq2_starlink-2024/benchmark_moq2_starlink_road_028_tc_20260526_201735.json

──────────────────────────────────────────────────────────────────────
  [30/40] starlink_road_029_tc.csv
──────────────────────────────────────────────────────────────────────

======================================================================
  MOQ2 Streaming QoE Benchmark (moq-dev/moq official stack)
======================================================================
  Relay:   http://127.0.0.1:4446
  Player:  http://127.0.0.1:8095/player.html
  Trace:   traces/starlink-2024/starlink_road_029_tc.csv
======================================================================

   Publisher quality: 4500 kbps
[BROWSER] Launching headless Chromium (MOQ2)...
127.0.0.1 - - [26/May/2026 20:19:47] "GET /player.html HTTP/1.1" 200 -
127.0.0.1 - - [26/May/2026 20:19:47] "GET /moq-bundle.js HTTP/1.1" 200 -
   Startup delay: 247ms

[PLAYBACK] Collecting metrics...
   t=10s | buffer: 266.2s | quality: 4500 kbps | trace_bw: 184884 kbps
   t=20s | buffer: 268.5s | quality: 4500 kbps | trace_bw: 290950 kbps
   t=30s | buffer: 262.3s | quality: 4500 kbps | trace_bw: 393586 kbps
   t=41s | buffer: 272.5s | quality: 4500 kbps | trace_bw: 330611 kbps
   t=51s | buffer: 278.8s | quality: 4500 kbps | trace_bw: 280981 kbps
   t=61s | buffer: 285.1s | quality: 4500 kbps | trace_bw: 339998 kbps
   t=71s | buffer: 283.3s | quality: 4500 kbps | trace_bw: 63534 kbps
   t=81s | buffer: 289.2s | quality: 4500 kbps | trace_bw: 338884 kbps
   t=92s | buffer: 291.4s | quality: 4500 kbps | trace_bw: 281603 kbps
   t=102s | buffer: 293.8s | quality: 4500 kbps | trace_bw: 245583 kbps
   t=112s | buffer: 295.6s | quality: 4500 kbps | trace_bw: 363076 kbps

======================================================================
  BENCHMARK RESULTS (MOQ2 / moq-dev official stack)
======================================================================

  [TIMING]
      Startup delay:     247 ms
      Playback time:     120.2 s

  [BITRATE]
      Average (selected):  4,500 kbps
      Average (effective): 4,498 kbps

  [REBUFFERING]
      Events:            1
      Total time:        41 ms
      Ratio:             0.0338%

  [THROUGHPUT]
      Average:           266,635 kbps

  [AVAILABLE BW (trace)]
      Average:           266,635 kbps

======================================================================

[SAVED] results/results/run_all_20260525_151403/moq2_starlink-2024/benchmark_moq2_starlink_road_029_tc_20260526_201941.json

──────────────────────────────────────────────────────────────────────
  [31/40] starlink_road_030_tc.csv
──────────────────────────────────────────────────────────────────────

======================================================================
  MOQ2 Streaming QoE Benchmark (moq-dev/moq official stack)
======================================================================
  Relay:   http://127.0.0.1:4446
  Player:  http://127.0.0.1:8095/player.html
  Trace:   traces/starlink-2024/starlink_road_030_tc.csv
======================================================================

   Publisher quality: 4500 kbps
[BROWSER] Launching headless Chromium (MOQ2)...
127.0.0.1 - - [26/May/2026 20:21:53] "GET /player.html HTTP/1.1" 200 -
127.0.0.1 - - [26/May/2026 20:21:53] "GET /moq-bundle.js HTTP/1.1" 200 -
   Startup delay: 236ms

[PLAYBACK] Collecting metrics...
   t=10s | buffer: 274.1s | quality: 4500 kbps | trace_bw: 362242 kbps
   t=20s | buffer: 272.4s | quality: 4500 kbps | trace_bw: 110326 kbps
   t=31s | buffer: 274.7s | quality: 4500 kbps | trace_bw: 336238 kbps
   t=41s | buffer: 280.5s | quality: 4500 kbps | trace_bw: 320318 kbps
   t=51s | buffer: 286.8s | quality: 4500 kbps | trace_bw: 323783 kbps
   t=61s | buffer: 292.6s | quality: 4500 kbps | trace_bw: 312993 kbps
   t=71s | buffer: 290.4s | quality: 4500 kbps | trace_bw: 230263 kbps
   t=81s | buffer: 300.7s | quality: 4500 kbps | trace_bw: 362489 kbps
   t=92s | buffer: 303.5s | quality: 4500 kbps | trace_bw: 264894 kbps
   t=102s | buffer: 305.3s | quality: 4500 kbps | trace_bw: 276198 kbps
   t=112s | buffer: 303.5s | quality: 4500 kbps | trace_bw: 260173 kbps

======================================================================
  BENCHMARK RESULTS (MOQ2 / moq-dev official stack)
======================================================================

  [TIMING]
      Startup delay:     236 ms
      Playback time:     120.3 s

  [BITRATE]
      Average (selected):  4,500 kbps
      Average (effective): 4,499 kbps

  [REBUFFERING]
      Events:            1
      Total time:        28 ms
      Ratio:             0.0236%

  [THROUGHPUT]
      Average:           293,798 kbps

  [AVAILABLE BW (trace)]
      Average:           293,798 kbps

======================================================================

[SAVED] results/results/run_all_20260525_151403/moq2_starlink-2024/benchmark_moq2_starlink_road_030_tc_20260526_202147.json

──────────────────────────────────────────────────────────────────────
  [32/40] starlink_road_031_tc.csv
──────────────────────────────────────────────────────────────────────

======================================================================
  MOQ2 Streaming QoE Benchmark (moq-dev/moq official stack)
======================================================================
  Relay:   http://127.0.0.1:4446
  Player:  http://127.0.0.1:8095/player.html
  Trace:   traces/starlink-2024/starlink_road_031_tc.csv
======================================================================

   Publisher quality: 4500 kbps
[BROWSER] Launching headless Chromium (MOQ2)...
127.0.0.1 - - [26/May/2026 20:23:59] "GET /player.html HTTP/1.1" 200 -
127.0.0.1 - - [26/May/2026 20:23:59] "GET /moq-bundle.js HTTP/1.1" 200 -
   Startup delay: 213ms

[PLAYBACK] Collecting metrics...
   t=10s | buffer: 273.7s | quality: 4500 kbps | trace_bw: 207828 kbps
   t=20s | buffer: 275.5s | quality: 4500 kbps | trace_bw: 262058 kbps
   t=31s | buffer: 277.8s | quality: 4500 kbps | trace_bw: 322350 kbps
   t=41s | buffer: 283.6s | quality: 4500 kbps | trace_bw: 282273 kbps
   t=51s | buffer: 281.9s | quality: 4500 kbps | trace_bw: 203984 kbps
   t=61s | buffer: 292.2s | quality: 4500 kbps | trace_bw: 285534 kbps
   t=71s | buffer: 294.0s | quality: 4500 kbps | trace_bw: 275515 kbps
   t=81s | buffer: 303.8s | quality: 4500 kbps | trace_bw: 304145 kbps
   t=92s | buffer: 302.1s | quality: 4500 kbps | trace_bw: 311617 kbps
   t=102s | buffer: 307.9s | quality: 4500 kbps | trace_bw: 185578 kbps
   t=112s | buffer: 313.8s | quality: 4500 kbps | trace_bw: 284746 kbps

======================================================================
  BENCHMARK RESULTS (MOQ2 / moq-dev official stack)
======================================================================

  [TIMING]
      Startup delay:     213 ms
      Playback time:     120.2 s

  [BITRATE]
      Average (selected):  4,500 kbps
      Average (effective): 4,498 kbps

  [REBUFFERING]
      Events:            1
      Total time:        50 ms
      Ratio:             0.0417%

  [THROUGHPUT]
      Average:           276,153 kbps

  [AVAILABLE BW (trace)]
      Average:           276,153 kbps

======================================================================

[SAVED] results/results/run_all_20260525_151403/moq2_starlink-2024/benchmark_moq2_starlink_road_031_tc_20260526_202353.json

──────────────────────────────────────────────────────────────────────
  [33/40] starlink_road_032_tc.csv
──────────────────────────────────────────────────────────────────────

======================================================================
  MOQ2 Streaming QoE Benchmark (moq-dev/moq official stack)
======================================================================
  Relay:   http://127.0.0.1:4446
  Player:  http://127.0.0.1:8095/player.html
  Trace:   traces/starlink-2024/starlink_road_032_tc.csv
======================================================================

   Publisher quality: 4500 kbps
[BROWSER] Launching headless Chromium (MOQ2)...
127.0.0.1 - - [26/May/2026 20:26:05] "GET /player.html HTTP/1.1" 200 -
127.0.0.1 - - [26/May/2026 20:26:05] "GET /moq-bundle.js HTTP/1.1" 200 -
   Startup delay: 222ms

[PLAYBACK] Collecting metrics...
   t=10s | buffer: 274.1s | quality: 4500 kbps | trace_bw: 341506 kbps
   t=20s | buffer: 276.4s | quality: 4500 kbps | trace_bw: 332024 kbps
   t=31s | buffer: 278.7s | quality: 4500 kbps | trace_bw: 181856 kbps
   t=41s | buffer: 281.0s | quality: 4500 kbps | trace_bw: 139008 kbps
   t=51s | buffer: 279.3s | quality: 4500 kbps | trace_bw: 262750 kbps
   t=61s | buffer: 285.1s | quality: 4500 kbps | trace_bw: 260767 kbps
   t=71s | buffer: 282.8s | quality: 4500 kbps | trace_bw: 298553 kbps
   t=81s | buffer: 289.2s | quality: 4500 kbps | trace_bw: 271656 kbps
   t=92s | buffer: 295.0s | quality: 4500 kbps | trace_bw: 158130 kbps
   t=102s | buffer: 297.3s | quality: 4500 kbps | trace_bw: 164539 kbps
   t=112s | buffer: 295.1s | quality: 4500 kbps | trace_bw: 190453 kbps

======================================================================
  BENCHMARK RESULTS (MOQ2 / moq-dev official stack)
======================================================================

  [TIMING]
      Startup delay:     222 ms
      Playback time:     120.3 s

  [BITRATE]
      Average (selected):  4,500 kbps
      Average (effective): 4,499 kbps

  [REBUFFERING]
      Events:            1
      Total time:        31 ms
      Ratio:             0.0261%

  [THROUGHPUT]
      Average:           230,656 kbps

  [AVAILABLE BW (trace)]
      Average:           230,656 kbps

======================================================================

[SAVED] results/results/run_all_20260525_151403/moq2_starlink-2024/benchmark_moq2_starlink_road_032_tc_20260526_202559.json

──────────────────────────────────────────────────────────────────────
  [34/40] starlink_road_033_tc.csv
──────────────────────────────────────────────────────────────────────

======================================================================
  MOQ2 Streaming QoE Benchmark (moq-dev/moq official stack)
======================================================================
  Relay:   http://127.0.0.1:4446
  Player:  http://127.0.0.1:8095/player.html
  Trace:   traces/starlink-2024/starlink_road_033_tc.csv
======================================================================

   Publisher quality: 4500 kbps
[BROWSER] Launching headless Chromium (MOQ2)...
127.0.0.1 - - [26/May/2026 20:28:11] "GET /player.html HTTP/1.1" 200 -
127.0.0.1 - - [26/May/2026 20:28:11] "GET /moq-bundle.js HTTP/1.1" 200 -
   Startup delay: 220ms

[PLAYBACK] Collecting metrics...
   t=10s | buffer: 278.1s | quality: 4500 kbps | trace_bw: 258137 kbps
   t=20s | buffer: 283.9s | quality: 4500 kbps | trace_bw: 314568 kbps
   t=31s | buffer: 285.7s | quality: 4500 kbps | trace_bw: 373711 kbps
   t=41s | buffer: 292.0s | quality: 4500 kbps | trace_bw: 350568 kbps
   t=51s | buffer: 294.2s | quality: 4500 kbps | trace_bw: 393824 kbps
   t=61s | buffer: 296.5s | quality: 4500 kbps | trace_bw: 337437 kbps
   t=71s | buffer: 294.8s | quality: 4500 kbps | trace_bw: 183548 kbps
   t=82s | buffer: 304.6s | quality: 4500 kbps | trace_bw: 307553 kbps
   t=92s | buffer: 306.8s | quality: 4500 kbps | trace_bw: 384021 kbps
   t=102s | buffer: 309.1s | quality: 4500 kbps | trace_bw: 345516 kbps
   t=112s | buffer: 319.8s | quality: 4500 kbps | trace_bw: 347173 kbps

======================================================================
  BENCHMARK RESULTS (MOQ2 / moq-dev official stack)
======================================================================

  [TIMING]
      Startup delay:     220 ms
      Playback time:     120.5 s

  [BITRATE]
      Average (selected):  4,500 kbps
      Average (effective): 4,499 kbps

  [REBUFFERING]
      Events:            1
      Total time:        32 ms
      Ratio:             0.0267%

  [THROUGHPUT]
      Average:           320,632 kbps

  [AVAILABLE BW (trace)]
      Average:           320,632 kbps

======================================================================

[SAVED] results/results/run_all_20260525_151403/moq2_starlink-2024/benchmark_moq2_starlink_road_033_tc_20260526_202806.json

──────────────────────────────────────────────────────────────────────
  [35/40] starlink_road_034_tc.csv
──────────────────────────────────────────────────────────────────────

======================================================================
  MOQ2 Streaming QoE Benchmark (moq-dev/moq official stack)
======================================================================
  Relay:   http://127.0.0.1:4446
  Player:  http://127.0.0.1:8095/player.html
  Trace:   traces/starlink-2024/starlink_road_034_tc.csv
======================================================================

   Publisher quality: 4500 kbps
[BROWSER] Launching headless Chromium (MOQ2)...
127.0.0.1 - - [26/May/2026 20:30:18] "GET /player.html HTTP/1.1" 200 -
127.0.0.1 - - [26/May/2026 20:30:18] "GET /moq-bundle.js HTTP/1.1" 200 -
   Startup delay: 243ms

[PLAYBACK] Collecting metrics...
   t=10s | buffer: 282.2s | quality: 4500 kbps | trace_bw: 276637 kbps
   t=20s | buffer: 284.0s | quality: 4500 kbps | trace_bw: 70447 kbps
   t=31s | buffer: 285.8s | quality: 4500 kbps | trace_bw: 365635 kbps
   t=41s | buffer: 296.6s | quality: 4500 kbps | trace_bw: 321537 kbps
   t=51s | buffer: 294.8s | quality: 4500 kbps | trace_bw: 308083 kbps
   t=61s | buffer: 300.7s | quality: 4500 kbps | trace_bw: 28358 kbps
   t=71s | buffer: 302.5s | quality: 4500 kbps | trace_bw: 106561 kbps
   t=81s | buffer: 304.8s | quality: 4500 kbps | trace_bw: 269696 kbps
   t=92s | buffer: 303.1s | quality: 4500 kbps | trace_bw: 177651 kbps
   t=102s | buffer: 309.0s | quality: 4500 kbps | trace_bw: 145970 kbps
   t=112s | buffer: 311.2s | quality: 4500 kbps | trace_bw: 320604 kbps

======================================================================
  BENCHMARK RESULTS (MOQ2 / moq-dev official stack)
======================================================================

  [TIMING]
      Startup delay:     243 ms
      Playback time:     120.6 s

  [BITRATE]
      Average (selected):  4,500 kbps
      Average (effective): 4,499 kbps

  [REBUFFERING]
      Events:            1
      Total time:        36 ms
      Ratio:             0.0297%

  [THROUGHPUT]
      Average:           230,232 kbps

  [AVAILABLE BW (trace)]
      Average:           230,232 kbps

======================================================================

[SAVED] results/results/run_all_20260525_151403/moq2_starlink-2024/benchmark_moq2_starlink_road_034_tc_20260526_203012.json

──────────────────────────────────────────────────────────────────────
  [36/40] starlink_road_035_tc.csv
──────────────────────────────────────────────────────────────────────

======================================================================
  MOQ2 Streaming QoE Benchmark (moq-dev/moq official stack)
======================================================================
  Relay:   http://127.0.0.1:4446
  Player:  http://127.0.0.1:8095/player.html
  Trace:   traces/starlink-2024/starlink_road_035_tc.csv
======================================================================

   Publisher quality: 4500 kbps
[BROWSER] Launching headless Chromium (MOQ2)...
127.0.0.1 - - [26/May/2026 20:32:24] "GET /player.html HTTP/1.1" 200 -
127.0.0.1 - - [26/May/2026 20:32:24] "GET /moq-bundle.js HTTP/1.1" 200 -
   Startup delay: 208ms

[PLAYBACK] Collecting metrics...
   t=10s | buffer: 261.7s | quality: 4500 kbps | trace_bw: 179701 kbps
   t=20s | buffer: 260.0s | quality: 4500 kbps | trace_bw: 292506 kbps
   t=30s | buffer: 265.8s | quality: 4500 kbps | trace_bw: 146740 kbps
   t=41s | buffer: 267.7s | quality: 4500 kbps | trace_bw: 176461 kbps
   t=51s | buffer: 273.9s | quality: 4500 kbps | trace_bw: 323929 kbps
   t=61s | buffer: 279.8s | quality: 4500 kbps | trace_bw: 269450 kbps
   t=71s | buffer: 278.0s | quality: 4500 kbps | trace_bw: 286732 kbps
   t=81s | buffer: 284.3s | quality: 4500 kbps | trace_bw: 242273 kbps
   t=92s | buffer: 286.6s | quality: 4500 kbps | trace_bw: 297130 kbps
   t=102s | buffer: 288.9s | quality: 4500 kbps | trace_bw: 338404 kbps
   t=112s | buffer: 294.7s | quality: 4500 kbps | trace_bw: 343675 kbps

======================================================================
  BENCHMARK RESULTS (MOQ2 / moq-dev official stack)
======================================================================

  [TIMING]
      Startup delay:     208 ms
      Playback time:     120.2 s

  [BITRATE]
      Average (selected):  4,500 kbps
      Average (effective): 4,499 kbps

  [REBUFFERING]
      Events:            1
      Total time:        25 ms
      Ratio:             0.0210%

  [THROUGHPUT]
      Average:           255,758 kbps

  [AVAILABLE BW (trace)]
      Average:           255,758 kbps

======================================================================

[SAVED] results/results/run_all_20260525_151403/moq2_starlink-2024/benchmark_moq2_starlink_road_035_tc_20260526_203219.json

──────────────────────────────────────────────────────────────────────
  [37/40] starlink_road_036_tc.csv
──────────────────────────────────────────────────────────────────────

======================================================================
  MOQ2 Streaming QoE Benchmark (moq-dev/moq official stack)
======================================================================
  Relay:   http://127.0.0.1:4446
  Player:  http://127.0.0.1:8095/player.html
  Trace:   traces/starlink-2024/starlink_road_036_tc.csv
======================================================================

   Publisher quality: 4500 kbps
[BROWSER] Launching headless Chromium (MOQ2)...
127.0.0.1 - - [26/May/2026 20:34:30] "GET /player.html HTTP/1.1" 200 -
127.0.0.1 - - [26/May/2026 20:34:30] "GET /moq-bundle.js HTTP/1.1" 200 -
   Startup delay: 212ms

[PLAYBACK] Collecting metrics...
   t=10s | buffer: 261.7s | quality: 4500 kbps | trace_bw: 283031 kbps
   t=20s | buffer: 276.0s | quality: 4500 kbps | trace_bw: 249358 kbps
   t=31s | buffer: 273.8s | quality: 4500 kbps | trace_bw: 304199 kbps
   t=41s | buffer: 276.0s | quality: 4500 kbps | trace_bw: 258753 kbps
   t=51s | buffer: 278.3s | quality: 4500 kbps | trace_bw: 276568 kbps
   t=61s | buffer: 280.1s | quality: 4500 kbps | trace_bw: 41110 kbps
   t=71s | buffer: 281.9s | quality: 4500 kbps | trace_bw: 339526 kbps
   t=82s | buffer: 284.7s | quality: 4500 kbps | trace_bw: 341391 kbps
   t=92s | buffer: 282.9s | quality: 4500 kbps | trace_bw: 338230 kbps
   t=102s | buffer: 289.2s | quality: 4500 kbps | trace_bw: 346291 kbps
   t=112s | buffer: 295.9s | quality: 4500 kbps | trace_bw: 420286 kbps

======================================================================
  BENCHMARK RESULTS (MOQ2 / moq-dev official stack)
======================================================================

  [TIMING]
      Startup delay:     212 ms
      Playback time:     120.3 s

  [BITRATE]
      Average (selected):  4,500 kbps
      Average (effective): 4,499 kbps

  [REBUFFERING]
      Events:            1
      Total time:        27 ms
      Ratio:             0.0225%

  [THROUGHPUT]
      Average:           294,029 kbps

  [AVAILABLE BW (trace)]
      Average:           294,029 kbps

======================================================================

[SAVED] results/results/run_all_20260525_151403/moq2_starlink-2024/benchmark_moq2_starlink_road_036_tc_20260526_203425.json

──────────────────────────────────────────────────────────────────────
  [38/40] starlink_road_037_tc.csv
──────────────────────────────────────────────────────────────────────

======================================================================
  MOQ2 Streaming QoE Benchmark (moq-dev/moq official stack)
======================================================================
  Relay:   http://127.0.0.1:4446
  Player:  http://127.0.0.1:8095/player.html
  Trace:   traces/starlink-2024/starlink_road_037_tc.csv
======================================================================

   Publisher quality: 4500 kbps
[BROWSER] Launching headless Chromium (MOQ2)...
127.0.0.1 - - [26/May/2026 20:36:36] "GET /player.html HTTP/1.1" 200 -
127.0.0.1 - - [26/May/2026 20:36:36] "GET /moq-bundle.js HTTP/1.1" 200 -
   Startup delay: 222ms

[PLAYBACK] Collecting metrics...
   t=10s | buffer: 278.1s | quality: 4500 kbps | trace_bw: 201527 kbps
   t=20s | buffer: 280.4s | quality: 4500 kbps | trace_bw: 190380 kbps
   t=31s | buffer: 282.2s | quality: 4500 kbps | trace_bw: 158447 kbps
   t=41s | buffer: 288.0s | quality: 4500 kbps | trace_bw: 209940 kbps
   t=51s | buffer: 286.3s | quality: 4500 kbps | trace_bw: 296622 kbps
   t=61s | buffer: 288.1s | quality: 4500 kbps | trace_bw: 420169 kbps
   t=71s | buffer: 294.8s | quality: 4500 kbps | trace_bw: 422352 kbps
   t=82s | buffer: 297.1s | quality: 4500 kbps | trace_bw: 252347 kbps
   t=92s | buffer: 295.4s | quality: 4500 kbps | trace_bw: 319719 kbps
   t=102s | buffer: 301.6s | quality: 4500 kbps | trace_bw: 299068 kbps
   t=112s | buffer: 311.9s | quality: 4500 kbps | trace_bw: 248063 kbps

======================================================================
  BENCHMARK RESULTS (MOQ2 / moq-dev official stack)
======================================================================

  [TIMING]
      Startup delay:     222 ms
      Playback time:     120.3 s

  [BITRATE]
      Average (selected):  4,500 kbps
      Average (effective): 4,499 kbps

  [REBUFFERING]
      Events:            1
      Total time:        30 ms
      Ratio:             0.0250%

  [THROUGHPUT]
      Average:           265,267 kbps

  [AVAILABLE BW (trace)]
      Average:           265,267 kbps

======================================================================

[SAVED] results/results/run_all_20260525_151403/moq2_starlink-2024/benchmark_moq2_starlink_road_037_tc_20260526_203631.json

──────────────────────────────────────────────────────────────────────
  [39/40] starlink_road_038_tc.csv
──────────────────────────────────────────────────────────────────────

======================================================================
  MOQ2 Streaming QoE Benchmark (moq-dev/moq official stack)
======================================================================
  Relay:   http://127.0.0.1:4446
  Player:  http://127.0.0.1:8095/player.html
  Trace:   traces/starlink-2024/starlink_road_038_tc.csv
======================================================================

   Publisher quality: 4500 kbps
[BROWSER] Launching headless Chromium (MOQ2)...
127.0.0.1 - - [26/May/2026 20:38:42] "GET /player.html HTTP/1.1" 200 -
127.0.0.1 - - [26/May/2026 20:38:42] "GET /moq-bundle.js HTTP/1.1" 200 -
   Startup delay: 225ms

[PLAYBACK] Collecting metrics...
   t=10s | buffer: 278.2s | quality: 4500 kbps | trace_bw: 106145 kbps
   t=20s | buffer: 280.0s | quality: 4500 kbps | trace_bw: 263524 kbps
   t=31s | buffer: 282.3s | quality: 4500 kbps | trace_bw: 341039 kbps
   t=41s | buffer: 284.5s | quality: 4500 kbps | trace_bw: 335438 kbps
   t=51s | buffer: 286.8s | quality: 4500 kbps | trace_bw: 98540 kbps
   t=61s | buffer: 292.7s | quality: 4500 kbps | trace_bw: 254438 kbps
   t=71s | buffer: 294.6s | quality: 4500 kbps | trace_bw: 317672 kbps
   t=81s | buffer: 300.4s | quality: 4500 kbps | trace_bw: 68700 kbps
   t=92s | buffer: 306.2s | quality: 4500 kbps | trace_bw: 316506 kbps
   t=102s | buffer: 311.9s | quality: 4500 kbps | trace_bw: 278445 kbps
   t=112s | buffer: 313.7s | quality: 4500 kbps | trace_bw: 286611 kbps

======================================================================
  BENCHMARK RESULTS (MOQ2 / moq-dev official stack)
======================================================================

  [TIMING]
      Startup delay:     225 ms
      Playback time:     120.2 s

  [BITRATE]
      Average (selected):  4,500 kbps
      Average (effective): 4,498 kbps

  [REBUFFERING]
      Events:            1
      Total time:        63 ms
      Ratio:             0.0520%

  [THROUGHPUT]
      Average:           264,675 kbps

  [AVAILABLE BW (trace)]
      Average:           264,675 kbps

======================================================================

[SAVED] results/results/run_all_20260525_151403/moq2_starlink-2024/benchmark_moq2_starlink_road_038_tc_20260526_203837.json

──────────────────────────────────────────────────────────────────────
  [40/40] starlink_road_039_tc.csv
──────────────────────────────────────────────────────────────────────

======================================================================
  MOQ2 Streaming QoE Benchmark (moq-dev/moq official stack)
======================================================================
  Relay:   http://127.0.0.1:4446
  Player:  http://127.0.0.1:8095/player.html
  Trace:   traces/starlink-2024/starlink_road_039_tc.csv
======================================================================

   Publisher quality: 4500 kbps
[BROWSER] Launching headless Chromium (MOQ2)...
127.0.0.1 - - [26/May/2026 20:40:49] "GET /player.html HTTP/1.1" 200 -
127.0.0.1 - - [26/May/2026 20:40:49] "GET /moq-bundle.js HTTP/1.1" 200 -
   Startup delay: 222ms

[PLAYBACK] Collecting metrics...
   t=10s | buffer: 273.7s | quality: 4500 kbps | trace_bw: 238749 kbps
   t=20s | buffer: 276.0s | quality: 4500 kbps | trace_bw: 217653 kbps
   t=31s | buffer: 278.2s | quality: 4500 kbps | trace_bw: 220509 kbps
   t=41s | buffer: 280.5s | quality: 4500 kbps | trace_bw: 298271 kbps
   t=51s | buffer: 282.7s | quality: 4500 kbps | trace_bw: 321722 kbps
   t=61s | buffer: 289.0s | quality: 4500 kbps | trace_bw: 94022 kbps
   t=71s | buffer: 286.8s | quality: 4500 kbps | trace_bw: 154507 kbps
   t=81s | buffer: 292.7s | quality: 4500 kbps | trace_bw: 215312 kbps
   t=92s | buffer: 290.5s | quality: 4500 kbps | trace_bw: 229421 kbps
   t=102s | buffer: 296.8s | quality: 4500 kbps | trace_bw: 302989 kbps
   t=112s | buffer: 298.6s | quality: 4500 kbps | trace_bw: 138800 kbps

======================================================================
  BENCHMARK RESULTS (MOQ2 / moq-dev official stack)
======================================================================

  [TIMING]
      Startup delay:     222 ms
      Playback time:     120.2 s

  [BITRATE]
      Average (selected):  4,500 kbps
      Average (effective): 4,499 kbps

  [REBUFFERING]
      Events:            1
      Total time:        34 ms
      Ratio:             0.0285%

  [THROUGHPUT]
      Average:           205,837 kbps

  [AVAILABLE BW (trace)]
      Average:           205,837 kbps

======================================================================

[SAVED] results/results/run_all_20260525_151403/moq2_starlink-2024/benchmark_moq2_starlink_road_039_tc_20260526_204043.json

======================================================================
  BATCH COMPLETE: 40/40 succeeded
  Results saved to: results/results/run_all_20260525_151403/moq2_starlink-2024/
======================================================================

[OK] moq2 / starlink-2024

[moq2 / fcc] 20:42:49 — 21 traces

======================================================================
  BATCH RUN: 21 trace(s) from traces/fcc
======================================================================


──────────────────────────────────────────────────────────────────────
  [1/21] trace_12743_3g_tc.csv
──────────────────────────────────────────────────────────────────────

======================================================================
  MOQ2 Streaming QoE Benchmark (moq-dev/moq official stack)
======================================================================
  Relay:   http://127.0.0.1:4446
  Player:  http://127.0.0.1:8095/player.html
  Trace:   traces/fcc/trace_12743_3g_tc.csv
======================================================================

   Publisher quality: 800 kbps
[BROWSER] Launching headless Chromium (MOQ2)...
127.0.0.1 - - [26/May/2026 20:42:55] "GET /player.html HTTP/1.1" 200 -
127.0.0.1 - - [26/May/2026 20:42:55] "GET /moq-bundle.js HTTP/1.1" 200 -
   Startup delay: 154ms

[PLAYBACK] Collecting metrics...
   t=10s | buffer: 5.7s | quality: 800 kbps | trace_bw: 1035 kbps
   t=20s | buffer: 11.6s | quality: 800 kbps | trace_bw: 1081 kbps
   t=30s | buffer: 13.4s | quality: 800 kbps | trace_bw: 965 kbps
   t=41s | buffer: 19.3s | quality: 800 kbps | trace_bw: 1078 kbps
   t=51s | buffer: 25.2s | quality: 800 kbps | trace_bw: 1036 kbps
   t=61s | buffer: 19.0s | quality: 800 kbps | trace_bw: 1075 kbps
   t=71s | buffer: 28.9s | quality: 800 kbps | trace_bw: 925 kbps
   t=81s | buffer: 30.7s | quality: 800 kbps | trace_bw: 1148 kbps
   t=91s | buffer: 32.6s | quality: 800 kbps | trace_bw: 1015 kbps
   t=101s | buffer: 34.4s | quality: 800 kbps | trace_bw: 1097 kbps
   t=112s | buffer: 36.3s | quality: 800 kbps | trace_bw: 1128 kbps

======================================================================
  BENCHMARK RESULTS (MOQ2 / moq-dev official stack)
======================================================================

  [TIMING]
      Startup delay:     154 ms
      Playback time:     120.3 s

  [BITRATE]
      Average (selected):  800 kbps
      Average (effective): 800 kbps

  [REBUFFERING]
      Events:            1
      Total time:        3 ms
      Ratio:             0.0025%

  [THROUGHPUT]
      Average:           1,031 kbps

  [AVAILABLE BW (trace)]
      Average:           1,031 kbps

======================================================================

[SAVED] results/results/run_all_20260525_151403/moq2_fcc/benchmark_moq2_trace_12743_3g_tc_20260526_204250.json

──────────────────────────────────────────────────────────────────────
  [2/21] trace_27001_3g_tc.csv
──────────────────────────────────────────────────────────────────────

======================================================================
  MOQ2 Streaming QoE Benchmark (moq-dev/moq official stack)
======================================================================
  Relay:   http://127.0.0.1:4446
  Player:  http://127.0.0.1:8095/player.html
  Trace:   traces/fcc/trace_27001_3g_tc.csv
======================================================================

   Publisher quality: 2000 kbps
[BROWSER] Launching headless Chromium (MOQ2)...
127.0.0.1 - - [26/May/2026 20:45:01] "GET /player.html HTTP/1.1" 200 -
127.0.0.1 - - [26/May/2026 20:45:01] "GET /moq-bundle.js HTTP/1.1" 200 -
   Startup delay: 173ms

[PLAYBACK] Collecting metrics...
   t=10s | buffer: 13.7s | quality: 2000 kbps | trace_bw: 2870 kbps
   t=20s | buffer: 15.6s | quality: 2000 kbps | trace_bw: 3007 kbps
   t=30s | buffer: 21.5s | quality: 2000 kbps | trace_bw: 2786 kbps
   t=41s | buffer: 31.3s | quality: 2000 kbps | trace_bw: 2782 kbps
   t=51s | buffer: 33.2s | quality: 2000 kbps | trace_bw: 3286 kbps
   t=61s | buffer: 43.0s | quality: 2000 kbps | trace_bw: 3332 kbps
   t=71s | buffer: 40.9s | quality: 2000 kbps | trace_bw: 1 kbps
   t=81s | buffer: 38.8s | quality: 2000 kbps | trace_bw: 2893 kbps
   t=91s | buffer: 40.6s | quality: 2000 kbps | trace_bw: 3184 kbps
   t=101s | buffer: 46.5s | quality: 2000 kbps | trace_bw: 2996 kbps
   t=112s | buffer: 52.3s | quality: 2000 kbps | trace_bw: 2631 kbps

======================================================================
  BENCHMARK RESULTS (MOQ2 / moq-dev official stack)
======================================================================

  [TIMING]
      Startup delay:     173 ms
      Playback time:     120.3 s

  [BITRATE]
      Average (selected):  2,000 kbps
      Average (effective): 2,000 kbps

  [REBUFFERING]
      Events:            1
      Total time:        6 ms
      Ratio:             0.0054%

  [THROUGHPUT]
      Average:           2,987 kbps

  [AVAILABLE BW (trace)]
      Average:           2,987 kbps

======================================================================

[SAVED] results/results/run_all_20260525_151403/moq2_fcc/benchmark_moq2_trace_27001_3g_tc_20260526_204456.json

──────────────────────────────────────────────────────────────────────
  [3/21] trace_27161_3g_tc.csv
──────────────────────────────────────────────────────────────────────

======================================================================
  MOQ2 Streaming QoE Benchmark (moq-dev/moq official stack)
======================================================================
  Relay:   http://127.0.0.1:4446
  Player:  http://127.0.0.1:8095/player.html
  Trace:   traces/fcc/trace_27161_3g_tc.csv
======================================================================

   Publisher quality: 3000 kbps
[BROWSER] Launching headless Chromium (MOQ2)...
127.0.0.1 - - [26/May/2026 20:47:07] "GET /player.html HTTP/1.1" 200 -
127.0.0.1 - - [26/May/2026 20:47:07] "GET /moq-bundle.js HTTP/1.1" 200 -
   Startup delay: 194ms

[PLAYBACK] Collecting metrics...
   t=10s | buffer: 5.7s | quality: 3000 kbps | trace_bw: 3020 kbps
   t=20s | buffer: 7.6s | quality: 3000 kbps | trace_bw: 1530 kbps
   t=30s | buffer: 5.4s | quality: 3000 kbps | trace_bw: 4453 kbps
   t=41s | buffer: 3.3s | quality: 3000 kbps | trace_bw: 13 kbps
   t=51s | buffer: 9.1s | quality: 3000 kbps | trace_bw: 4391 kbps
   t=61s | buffer: 7.0s | quality: 3000 kbps | trace_bw: 3571 kbps
   t=71s | buffer: 4.8s | quality: 3000 kbps | trace_bw: 0 kbps
   t=81s | buffer: 2.7s | quality: 3000 kbps | trace_bw: 5069 kbps
   t=91s | buffer: 12.5s | quality: 3000 kbps | trace_bw: 3342 kbps
   t=102s | buffer: 14.3s | quality: 3000 kbps | trace_bw: 3124 kbps
   t=112s | buffer: 12.2s | quality: 3000 kbps | trace_bw: 3994 kbps

======================================================================
  BENCHMARK RESULTS (MOQ2 / moq-dev official stack)
======================================================================

  [TIMING]
      Startup delay:     194 ms
      Playback time:     120.4 s

  [BITRATE]
      Average (selected):  3,000 kbps
      Average (effective): 3,000 kbps

  [REBUFFERING]
      Events:            1
      Total time:        12 ms
      Ratio:             0.0104%

  [THROUGHPUT]
      Average:           3,209 kbps

  [AVAILABLE BW (trace)]
      Average:           3,209 kbps

======================================================================

[SAVED] results/results/run_all_20260525_151403/moq2_fcc/benchmark_moq2_trace_27161_3g_tc_20260526_204702.json

──────────────────────────────────────────────────────────────────────
  [4/21] trace_27447_3g_tc.csv
──────────────────────────────────────────────────────────────────────

======================================================================
  MOQ2 Streaming QoE Benchmark (moq-dev/moq official stack)
======================================================================
  Relay:   http://127.0.0.1:4446
  Player:  http://127.0.0.1:8095/player.html
  Trace:   traces/fcc/trace_27447_3g_tc.csv
======================================================================

   Publisher quality: 3000 kbps
[BROWSER] Launching headless Chromium (MOQ2)...
127.0.0.1 - - [26/May/2026 20:49:13] "GET /player.html HTTP/1.1" 200 -
127.0.0.1 - - [26/May/2026 20:49:13] "GET /moq-bundle.js HTTP/1.1" 200 -
   Startup delay: 190ms

[PLAYBACK] Collecting metrics...
   t=10s | buffer: 0.1s | quality: 3000 kbps | trace_bw: 3684 kbps
   t=20s | buffer: 8.3s | quality: 3000 kbps | trace_bw: 3434 kbps
   t=30s | buffer: 6.2s | quality: 3000 kbps | trace_bw: 3485 kbps
   t=41s | buffer: 12.0s | quality: 3000 kbps | trace_bw: 3515 kbps
   t=51s | buffer: 17.9s | quality: 3000 kbps | trace_bw: 2677 kbps
   t=61s | buffer: 19.7s | quality: 3000 kbps | trace_bw: 3798 kbps
   t=71s | buffer: 21.6s | quality: 3000 kbps | trace_bw: 4294 kbps
   t=81s | buffer: 31.5s | quality: 3000 kbps | trace_bw: 3522 kbps
   t=91s | buffer: 25.3s | quality: 3000 kbps | trace_bw: 3589 kbps
   t=101s | buffer: 27.2s | quality: 3000 kbps | trace_bw: 3898 kbps
   t=112s | buffer: 29.1s | quality: 3000 kbps | trace_bw: 3728 kbps

======================================================================
  BENCHMARK RESULTS (MOQ2 / moq-dev official stack)
======================================================================

  [TIMING]
      Startup delay:     190 ms
      Playback time:     115.6 s

  [BITRATE]
      Average (selected):  3,000 kbps
      Average (effective): 2,882 kbps

  [REBUFFERING]
      Events:            3
      Total time:        4,730 ms
      Ratio:             3.9324%

  [THROUGHPUT]
      Average:           3,630 kbps

  [AVAILABLE BW (trace)]
      Average:           3,630 kbps

======================================================================

[SAVED] results/results/run_all_20260525_151403/moq2_fcc/benchmark_moq2_trace_27447_3g_tc_20260526_204908.json

──────────────────────────────────────────────────────────────────────
  [5/21] trace_5407_3g_tc.csv
──────────────────────────────────────────────────────────────────────

======================================================================
  MOQ2 Streaming QoE Benchmark (moq-dev/moq official stack)
======================================================================
  Relay:   http://127.0.0.1:4446
  Player:  http://127.0.0.1:8095/player.html
  Trace:   traces/fcc/trace_5407_3g_tc.csv
======================================================================

   Publisher quality: 800 kbps
[BROWSER] Launching headless Chromium (MOQ2)...
127.0.0.1 - - [26/May/2026 20:51:20] "GET /player.html HTTP/1.1" 200 -
127.0.0.1 - - [26/May/2026 20:51:20] "GET /moq-bundle.js HTTP/1.1" 200 -
   Startup delay: 159ms

[PLAYBACK] Collecting metrics...
   t=10s | buffer: 13.7s | quality: 800 kbps | trace_bw: 1219 kbps
   t=20s | buffer: 15.6s | quality: 800 kbps | trace_bw: 1260 kbps
   t=30s | buffer: 25.5s | quality: 800 kbps | trace_bw: 1273 kbps
   t=41s | buffer: 31.3s | quality: 800 kbps | trace_bw: 1295 kbps
   t=51s | buffer: 33.2s | quality: 800 kbps | trace_bw: 1268 kbps
   t=61s | buffer: 47.0s | quality: 800 kbps | trace_bw: 1232 kbps
   t=71s | buffer: 48.9s | quality: 800 kbps | trace_bw: 1328 kbps
   t=81s | buffer: 54.8s | quality: 800 kbps | trace_bw: 1264 kbps
   t=91s | buffer: 60.6s | quality: 800 kbps | trace_bw: 1095 kbps
   t=101s | buffer: 66.5s | quality: 800 kbps | trace_bw: 1227 kbps
   t=112s | buffer: 72.4s | quality: 800 kbps | trace_bw: 1320 kbps

======================================================================
  BENCHMARK RESULTS (MOQ2 / moq-dev official stack)
======================================================================

  [TIMING]
      Startup delay:     159 ms
      Playback time:     120.3 s

  [BITRATE]
      Average (selected):  800 kbps
      Average (effective): 800 kbps

  [REBUFFERING]
      Events:            1
      Total time:        4 ms
      Ratio:             0.0034%

  [THROUGHPUT]
      Average:           1,249 kbps

  [AVAILABLE BW (trace)]
      Average:           1,249 kbps

======================================================================

[SAVED] results/results/run_all_20260525_151403/moq2_fcc/benchmark_moq2_trace_5407_3g_tc_20260526_205114.json

──────────────────────────────────────────────────────────────────────
  [6/21] trace_797466_http---www.amazon_part1_tc.csv
──────────────────────────────────────────────────────────────────────

======================================================================
  MOQ2 Streaming QoE Benchmark (moq-dev/moq official stack)
======================================================================
  Relay:   http://127.0.0.1:4446
  Player:  http://127.0.0.1:8095/player.html
  Trace:   traces/fcc/trace_797466_http---www.amazon_part1_tc.csv
======================================================================

   Publisher quality: 600 kbps
[BROWSER] Launching headless Chromium (MOQ2)...
127.0.0.1 - - [26/May/2026 20:53:26] "GET /player.html HTTP/1.1" 200 -
127.0.0.1 - - [26/May/2026 20:53:26] "GET /moq-bundle.js HTTP/1.1" 200 -
   Startup delay: 151ms

[PLAYBACK] Collecting metrics...
   t=10s | buffer: 17.7s | quality: 600 kbps | trace_bw: 2758 kbps
   t=20s | buffer: 23.6s | quality: 600 kbps | trace_bw: 386 kbps
   t=30s | buffer: 49.5s | quality: 600 kbps | trace_bw: 2780 kbps
   t=41s | buffer: 83.3s | quality: 600 kbps | trace_bw: 2760 kbps
   t=51s | buffer: 121.2s | quality: 600 kbps | trace_bw: 2647 kbps
   t=61s | buffer: 151.0s | quality: 600 kbps | trace_bw: 2101 kbps
   t=71s | buffer: 148.9s | quality: 600 kbps | trace_bw: 483 kbps
   t=81s | buffer: 142.7s | quality: 600 kbps | trace_bw: 525 kbps
   t=91s | buffer: 144.6s | quality: 600 kbps | trace_bw: 792 kbps
   t=101s | buffer: 146.4s | quality: 600 kbps | trace_bw: 762 kbps
   t=112s | buffer: 148.3s | quality: 600 kbps | trace_bw: 788 kbps

======================================================================
  BENCHMARK RESULTS (MOQ2 / moq-dev official stack)
======================================================================

  [TIMING]
      Startup delay:     151 ms
      Playback time:     120.3 s

  [BITRATE]
      Average (selected):  600 kbps
      Average (effective): 600 kbps

  [REBUFFERING]
      Events:            1
      Total time:        3 ms
      Ratio:             0.0026%

  [THROUGHPUT]
      Average:           1,388 kbps

  [AVAILABLE BW (trace)]
      Average:           1,388 kbps

======================================================================

[SAVED] results/results/run_all_20260525_151403/moq2_fcc/benchmark_moq2_trace_797466_http---www.amazon_part1_tc_20260526_205320.json

──────────────────────────────────────────────────────────────────────
  [7/21] trace_797466_http---www.amazon_part2_tc.csv
──────────────────────────────────────────────────────────────────────

======================================================================
  MOQ2 Streaming QoE Benchmark (moq-dev/moq official stack)
======================================================================
  Relay:   http://127.0.0.1:4446
  Player:  http://127.0.0.1:8095/player.html
  Trace:   traces/fcc/trace_797466_http---www.amazon_part2_tc.csv
======================================================================

   Publisher quality: 600 kbps
[BROWSER] Launching headless Chromium (MOQ2)...
127.0.0.1 - - [26/May/2026 20:55:32] "GET /player.html HTTP/1.1" 200 -
127.0.0.1 - - [26/May/2026 20:55:32] "GET /moq-bundle.js HTTP/1.1" 200 -
   Startup delay: 146ms

[PLAYBACK] Collecting metrics...
   t=10s | buffer: 5.7s | quality: 600 kbps | trace_bw: 761 kbps
   t=20s | buffer: 7.6s | quality: 600 kbps | trace_bw: 754 kbps
   t=30s | buffer: 9.5s | quality: 600 kbps | trace_bw: 771 kbps
   t=41s | buffer: 11.3s | quality: 600 kbps | trace_bw: 434 kbps
   t=51s | buffer: 13.1s | quality: 600 kbps | trace_bw: 714 kbps
   t=61s | buffer: 11.0s | quality: 600 kbps | trace_bw: 755 kbps
   t=71s | buffer: 8.9s | quality: 600 kbps | trace_bw: 477 kbps
   t=81s | buffer: 2.7s | quality: 600 kbps | trace_bw: 770 kbps
   t=91s | buffer: 12.6s | quality: 600 kbps | trace_bw: 755 kbps
   t=101s | buffer: 14.5s | quality: 600 kbps | trace_bw: 748 kbps
   t=112s | buffer: 12.3s | quality: 600 kbps | trace_bw: 575 kbps

======================================================================
  BENCHMARK RESULTS (MOQ2 / moq-dev official stack)
======================================================================

  [TIMING]
      Startup delay:     146 ms
      Playback time:     120.3 s

  [BITRATE]
      Average (selected):  600 kbps
      Average (effective): 600 kbps

  [REBUFFERING]
      Events:            1
      Total time:        3 ms
      Ratio:             0.0022%

  [THROUGHPUT]
      Average:           643 kbps

  [AVAILABLE BW (trace)]
      Average:           643 kbps

======================================================================

[SAVED] results/results/run_all_20260525_151403/moq2_fcc/benchmark_moq2_trace_797466_http---www.amazon_part2_tc_20260526_205526.json

──────────────────────────────────────────────────────────────────────
  [8/21] trace_799296_http---www.amazon_part0_tc.csv
──────────────────────────────────────────────────────────────────────

======================================================================
  MOQ2 Streaming QoE Benchmark (moq-dev/moq official stack)
======================================================================
  Relay:   http://127.0.0.1:4446
  Player:  http://127.0.0.1:8095/player.html
  Trace:   traces/fcc/trace_799296_http---www.amazon_part0_tc.csv
======================================================================

   Publisher quality: 1500 kbps
[BROWSER] Launching headless Chromium (MOQ2)...
127.0.0.1 - - [26/May/2026 20:57:38] "GET /player.html HTTP/1.1" 200 -
127.0.0.1 - - [26/May/2026 20:57:38] "GET /moq-bundle.js HTTP/1.1" 200 -
   Startup delay: 172ms

[PLAYBACK] Collecting metrics...
   t=10s | buffer: 5.7s | quality: 1500 kbps | trace_bw: 1791 kbps
   t=20s | buffer: 7.6s | quality: 1500 kbps | trace_bw: 1884 kbps
   t=30s | buffer: 9.4s | quality: 1500 kbps | trace_bw: 1677 kbps
   t=41s | buffer: 11.3s | quality: 1500 kbps | trace_bw: 1766 kbps
   t=51s | buffer: 17.1s | quality: 1500 kbps | trace_bw: 1564 kbps
   t=61s | buffer: 19.0s | quality: 1500 kbps | trace_bw: 1657 kbps
   t=71s | buffer: 20.9s | quality: 1500 kbps | trace_bw: 1877 kbps
   t=81s | buffer: 26.7s | quality: 1500 kbps | trace_bw: 1703 kbps
   t=91s | buffer: 28.6s | quality: 1500 kbps | trace_bw: 2061 kbps
   t=101s | buffer: 26.4s | quality: 1500 kbps | trace_bw: 1654 kbps
   t=112s | buffer: 32.3s | quality: 1500 kbps | trace_bw: 1676 kbps

======================================================================
  BENCHMARK RESULTS (MOQ2 / moq-dev official stack)
======================================================================

  [TIMING]
      Startup delay:     172 ms
      Playback time:     120.3 s

  [BITRATE]
      Average (selected):  1,500 kbps
      Average (effective): 1,500 kbps

  [REBUFFERING]
      Events:            1
      Total time:        7 ms
      Ratio:             0.0059%

  [THROUGHPUT]
      Average:           1,806 kbps

  [AVAILABLE BW (trace)]
      Average:           1,806 kbps

======================================================================

[SAVED] results/results/run_all_20260525_151403/moq2_fcc/benchmark_moq2_trace_799296_http---www.amazon_part0_tc_20260526_205732.json

──────────────────────────────────────────────────────────────────────
  [9/21] trace_799448_http---www.facebook_part6_tc.csv
──────────────────────────────────────────────────────────────────────

======================================================================
  MOQ2 Streaming QoE Benchmark (moq-dev/moq official stack)
======================================================================
  Relay:   http://127.0.0.1:4446
  Player:  http://127.0.0.1:8095/player.html
  Trace:   traces/fcc/trace_799448_http---www.facebook_part6_tc.csv
======================================================================

   Publisher quality: 800 kbps
[BROWSER] Launching headless Chromium (MOQ2)...
127.0.0.1 - - [26/May/2026 20:59:44] "GET /player.html HTTP/1.1" 200 -
127.0.0.1 - - [26/May/2026 20:59:44] "GET /moq-bundle.js HTTP/1.1" 200 -
   Startup delay: 166ms

[PLAYBACK] Collecting metrics...
   t=10s | buffer: 9.7s | quality: 800 kbps | trace_bw: 1300 kbps
   t=20s | buffer: 11.6s | quality: 800 kbps | trace_bw: 719 kbps
   t=30s | buffer: 17.4s | quality: 800 kbps | trace_bw: 1251 kbps
   t=41s | buffer: 27.3s | quality: 800 kbps | trace_bw: 938 kbps
   t=51s | buffer: 25.2s | quality: 800 kbps | trace_bw: 1298 kbps
   t=61s | buffer: 39.0s | quality: 800 kbps | trace_bw: 1253 kbps
   t=71s | buffer: 44.8s | quality: 800 kbps | trace_bw: 1146 kbps
   t=81s | buffer: 46.7s | quality: 800 kbps | trace_bw: 1299 kbps
   t=91s | buffer: 48.5s | quality: 800 kbps | trace_bw: 1295 kbps
   t=101s | buffer: 54.4s | quality: 800 kbps | trace_bw: 1052 kbps
   t=112s | buffer: 60.2s | quality: 800 kbps | trace_bw: 1299 kbps

======================================================================
  BENCHMARK RESULTS (MOQ2 / moq-dev official stack)
======================================================================

  [TIMING]
      Startup delay:     166 ms
      Playback time:     120.4 s

  [BITRATE]
      Average (selected):  800 kbps
      Average (effective): 800 kbps

  [REBUFFERING]
      Events:            1
      Total time:        8 ms
      Ratio:             0.0062%

  [THROUGHPUT]
      Average:           1,192 kbps

  [AVAILABLE BW (trace)]
      Average:           1,192 kbps

======================================================================

[SAVED] results/results/run_all_20260525_151403/moq2_fcc/benchmark_moq2_trace_799448_http---www.facebook_part6_tc_20260526_205939.json

──────────────────────────────────────────────────────────────────────
  [10/21] trace_800156_3g_tc.csv
──────────────────────────────────────────────────────────────────────

======================================================================
  MOQ2 Streaming QoE Benchmark (moq-dev/moq official stack)
======================================================================
  Relay:   http://127.0.0.1:4446
  Player:  http://127.0.0.1:8095/player.html
  Trace:   traces/fcc/trace_800156_3g_tc.csv
======================================================================

   Publisher quality: 1200 kbps
[BROWSER] Launching headless Chromium (MOQ2)...
127.0.0.1 - - [26/May/2026 21:01:50] "GET /player.html HTTP/1.1" 200 -
127.0.0.1 - - [26/May/2026 21:01:50] "GET /moq-bundle.js HTTP/1.1" 200 -
   Startup delay: 171ms

[PLAYBACK] Collecting metrics...
   t=10s | buffer: 2.4s | quality: 1200 kbps | trace_bw: 393 kbps
   t=20s | buffer: 3.8s | quality: 1200 kbps | trace_bw: 649 kbps
   t=30s | buffer: 5.6s | quality: 1200 kbps | trace_bw: 1609 kbps
   t=41s | buffer: 0.1s | quality: 1200 kbps | trace_bw: 1844 kbps
   t=51s | buffer: 3.0s | quality: 1200 kbps | trace_bw: 503 kbps
   t=61s | buffer: 6.3s | quality: 1200 kbps | trace_bw: 1648 kbps
   t=71s | buffer: 12.1s | quality: 1200 kbps | trace_bw: 1715 kbps
   t=81s | buffer: 22.0s | quality: 1200 kbps | trace_bw: 3227 kbps
   t=91s | buffer: 31.8s | quality: 1200 kbps | trace_bw: 2776 kbps
   t=102s | buffer: 45.7s | quality: 1200 kbps | trace_bw: 2245 kbps
   t=112s | buffer: 51.5s | quality: 1200 kbps | trace_bw: 2459 kbps

======================================================================
  BENCHMARK RESULTS (MOQ2 / moq-dev official stack)
======================================================================

  [TIMING]
      Startup delay:     171 ms
      Playback time:     113.1 s

  [BITRATE]
      Average (selected):  1,200 kbps
      Average (effective): 1,127 kbps

  [REBUFFERING]
      Events:            5
      Total time:        7,305 ms
      Ratio:             6.0652%

  [THROUGHPUT]
      Average:           1,858 kbps

  [AVAILABLE BW (trace)]
      Average:           1,858 kbps

======================================================================

[SAVED] results/results/run_all_20260525_151403/moq2_fcc/benchmark_moq2_trace_800156_3g_tc_20260526_210145.json

──────────────────────────────────────────────────────────────────────
  [11/21] trace_806172_http---www.amazon_part0_tc.csv
──────────────────────────────────────────────────────────────────────

======================================================================
  MOQ2 Streaming QoE Benchmark (moq-dev/moq official stack)
======================================================================
  Relay:   http://127.0.0.1:4446
  Player:  http://127.0.0.1:8095/player.html
  Trace:   traces/fcc/trace_806172_http---www.amazon_part0_tc.csv
======================================================================

   Publisher quality: 800 kbps
[BROWSER] Launching headless Chromium (MOQ2)...
127.0.0.1 - - [26/May/2026 21:03:56] "GET /player.html HTTP/1.1" 200 -
127.0.0.1 - - [26/May/2026 21:03:56] "GET /moq-bundle.js HTTP/1.1" 200 -
   Startup delay: 166ms

[PLAYBACK] Collecting metrics...
   t=10s | buffer: 9.7s | quality: 800 kbps | trace_bw: 1376 kbps
   t=20s | buffer: 15.6s | quality: 800 kbps | trace_bw: 1327 kbps
   t=30s | buffer: 17.4s | quality: 800 kbps | trace_bw: 1337 kbps
   t=41s | buffer: 27.3s | quality: 800 kbps | trace_bw: 1195 kbps
   t=51s | buffer: 29.2s | quality: 800 kbps | trace_bw: 1341 kbps
   t=61s | buffer: 39.0s | quality: 800 kbps | trace_bw: 885 kbps
   t=71s | buffer: 44.9s | quality: 800 kbps | trace_bw: 1260 kbps
   t=81s | buffer: 46.7s | quality: 800 kbps | trace_bw: 1308 kbps
   t=91s | buffer: 52.6s | quality: 800 kbps | trace_bw: 959 kbps
   t=101s | buffer: 58.5s | quality: 800 kbps | trace_bw: 1268 kbps
   t=112s | buffer: 56.3s | quality: 800 kbps | trace_bw: 1276 kbps

======================================================================
  BENCHMARK RESULTS (MOQ2 / moq-dev official stack)
======================================================================

  [TIMING]
      Startup delay:     166 ms
      Playback time:     120.3 s

  [BITRATE]
      Average (selected):  800 kbps
      Average (effective): 800 kbps

  [REBUFFERING]
      Events:            1
      Total time:        2 ms
      Ratio:             0.0019%

  [THROUGHPUT]
      Average:           1,160 kbps

  [AVAILABLE BW (trace)]
      Average:           1,160 kbps

======================================================================

[SAVED] results/results/run_all_20260525_151403/moq2_fcc/benchmark_moq2_trace_806172_http---www.amazon_part0_tc_20260526_210351.json

──────────────────────────────────────────────────────────────────────
  [12/21] trace_806330_http---www.amazon_part0_tc.csv
──────────────────────────────────────────────────────────────────────

======================================================================
  MOQ2 Streaming QoE Benchmark (moq-dev/moq official stack)
======================================================================
  Relay:   http://127.0.0.1:4446
  Player:  http://127.0.0.1:8095/player.html
  Trace:   traces/fcc/trace_806330_http---www.amazon_part0_tc.csv
======================================================================

   Publisher quality: 800 kbps
[BROWSER] Launching headless Chromium (MOQ2)...
127.0.0.1 - - [26/May/2026 21:06:02] "GET /player.html HTTP/1.1" 200 -
127.0.0.1 - - [26/May/2026 21:06:02] "GET /moq-bundle.js HTTP/1.1" 200 -
   Startup delay: 160ms

[PLAYBACK] Collecting metrics...
   t=10s | buffer: 2.4s | quality: 800 kbps | trace_bw: 623 kbps
   t=20s | buffer: 0.1s | quality: 800 kbps | trace_bw: 889 kbps
   t=30s | buffer: 6.2s | quality: 800 kbps | trace_bw: 1327 kbps
   t=41s | buffer: 16.1s | quality: 800 kbps | trace_bw: 1294 kbps
   t=51s | buffer: 17.9s | quality: 800 kbps | trace_bw: 1377 kbps
   t=61s | buffer: 23.8s | quality: 800 kbps | trace_bw: 1419 kbps
   t=71s | buffer: 33.6s | quality: 800 kbps | trace_bw: 1261 kbps
   t=81s | buffer: 43.5s | quality: 800 kbps | trace_bw: 1329 kbps
   t=91s | buffer: 45.3s | quality: 800 kbps | trace_bw: 1401 kbps
   t=101s | buffer: 55.2s | quality: 800 kbps | trace_bw: 1395 kbps
   t=112s | buffer: 61.0s | quality: 800 kbps | trace_bw: 1264 kbps

======================================================================
  BENCHMARK RESULTS (MOQ2 / moq-dev official stack)
======================================================================

  [TIMING]
      Startup delay:     160 ms
      Playback time:     115.6 s

  [BITRATE]
      Average (selected):  800 kbps
      Average (effective): 768 kbps

  [REBUFFERING]
      Events:            4
      Total time:        4,755 ms
      Ratio:             3.9510%

  [THROUGHPUT]
      Average:           1,177 kbps

  [AVAILABLE BW (trace)]
      Average:           1,177 kbps

======================================================================

[SAVED] results/results/run_all_20260525_151403/moq2_fcc/benchmark_moq2_trace_806330_http---www.amazon_part0_tc_20260526_210557.json

──────────────────────────────────────────────────────────────────────
  [13/21] trace_8327_3g_tc.csv
──────────────────────────────────────────────────────────────────────

======================================================================
  MOQ2 Streaming QoE Benchmark (moq-dev/moq official stack)
======================================================================
  Relay:   http://127.0.0.1:4446
  Player:  http://127.0.0.1:8095/player.html
  Trace:   traces/fcc/trace_8327_3g_tc.csv
======================================================================

   Publisher quality: 800 kbps
[BROWSER] Launching headless Chromium (MOQ2)...
127.0.0.1 - - [26/May/2026 21:08:08] "GET /player.html HTTP/1.1" 200 -
127.0.0.1 - - [26/May/2026 21:08:08] "GET /moq-bundle.js HTTP/1.1" 200 -
   Startup delay: 174ms

[PLAYBACK] Collecting metrics...
   t=10s | buffer: 1.7s | quality: 800 kbps | trace_bw: 745 kbps
   t=20s | buffer: 4.1s | quality: 800 kbps | trace_bw: 745 kbps
   t=30s | buffer: 2.5s | quality: 800 kbps | trace_bw: 745 kbps
   t=41s | buffer: 5.7s | quality: 800 kbps | trace_bw: 1101 kbps
   t=51s | buffer: 7.5s | quality: 800 kbps | trace_bw: 1074 kbps
   t=61s | buffer: 17.4s | quality: 800 kbps | trace_bw: 1046 kbps
   t=71s | buffer: 11.2s | quality: 800 kbps | trace_bw: 931 kbps
   t=81s | buffer: 17.1s | quality: 800 kbps | trace_bw: 1066 kbps
   t=91s | buffer: 22.9s | quality: 800 kbps | trace_bw: 1066 kbps
   t=101s | buffer: 20.8s | quality: 800 kbps | trace_bw: 1080 kbps
   t=112s | buffer: 18.7s | quality: 800 kbps | trace_bw: 470 kbps

======================================================================
  BENCHMARK RESULTS (MOQ2 / moq-dev official stack)
======================================================================

  [TIMING]
      Startup delay:     174 ms
      Playback time:     118.0 s

  [BITRATE]
      Average (selected):  800 kbps
      Average (effective): 784 kbps

  [REBUFFERING]
      Events:            4
      Total time:        2,355 ms
      Ratio:             1.9572%

  [THROUGHPUT]
      Average:           843 kbps

  [AVAILABLE BW (trace)]
      Average:           843 kbps

======================================================================

[SAVED] results/results/run_all_20260525_151403/moq2_fcc/benchmark_moq2_trace_8327_3g_tc_20260526_210803.json

──────────────────────────────────────────────────────────────────────
  [14/21] trace_8465_3g_tc.csv
──────────────────────────────────────────────────────────────────────

======================================================================
  MOQ2 Streaming QoE Benchmark (moq-dev/moq official stack)
======================================================================
  Relay:   http://127.0.0.1:4446
  Player:  http://127.0.0.1:8095/player.html
  Trace:   traces/fcc/trace_8465_3g_tc.csv
======================================================================

   Publisher quality: 800 kbps
[BROWSER] Launching headless Chromium (MOQ2)...
127.0.0.1 - - [26/May/2026 21:10:15] "GET /player.html HTTP/1.1" 200 -
127.0.0.1 - - [26/May/2026 21:10:15] "GET /moq-bundle.js HTTP/1.1" 200 -
   Startup delay: 162ms

[PLAYBACK] Collecting metrics...
   t=10s | buffer: 5.7s | quality: 800 kbps | trace_bw: 975 kbps
   t=20s | buffer: 7.6s | quality: 800 kbps | trace_bw: 1040 kbps
   t=30s | buffer: 9.4s | quality: 800 kbps | trace_bw: 898 kbps
   t=41s | buffer: 11.3s | quality: 800 kbps | trace_bw: 951 kbps
   t=51s | buffer: 21.1s | quality: 800 kbps | trace_bw: 1033 kbps
   t=61s | buffer: 19.0s | quality: 800 kbps | trace_bw: 1051 kbps
   t=71s | buffer: 24.8s | quality: 800 kbps | trace_bw: 982 kbps
   t=81s | buffer: 30.7s | quality: 800 kbps | trace_bw: 970 kbps
   t=91s | buffer: 28.5s | quality: 800 kbps | trace_bw: 873 kbps
   t=101s | buffer: 30.4s | quality: 800 kbps | trace_bw: 1002 kbps
   t=112s | buffer: 28.3s | quality: 800 kbps | trace_bw: 1012 kbps

======================================================================
  BENCHMARK RESULTS (MOQ2 / moq-dev official stack)
======================================================================

  [TIMING]
      Startup delay:     162 ms
      Playback time:     120.3 s

  [BITRATE]
      Average (selected):  800 kbps
      Average (effective): 800 kbps

  [REBUFFERING]
      Events:            1
      Total time:        4 ms
      Ratio:             0.0035%

  [THROUGHPUT]
      Average:           950 kbps

  [AVAILABLE BW (trace)]
      Average:           950 kbps

======================================================================

[SAVED] results/results/run_all_20260525_151403/moq2_fcc/benchmark_moq2_trace_8465_3g_tc_20260526_211009.json

──────────────────────────────────────────────────────────────────────
  [15/21] trace_849842_http---www.facebook_part1_tc.csv
──────────────────────────────────────────────────────────────────────

======================================================================
  MOQ2 Streaming QoE Benchmark (moq-dev/moq official stack)
======================================================================
  Relay:   http://127.0.0.1:4446
  Player:  http://127.0.0.1:8095/player.html
  Trace:   traces/fcc/trace_849842_http---www.facebook_part1_tc.csv
======================================================================

   Publisher quality: 400 kbps
[BROWSER] Launching headless Chromium (MOQ2)...
127.0.0.1 - - [26/May/2026 21:12:21] "GET /player.html HTTP/1.1" 200 -
127.0.0.1 - - [26/May/2026 21:12:21] "GET /moq-bundle.js HTTP/1.1" 200 -
   Startup delay: 141ms

[PLAYBACK] Collecting metrics...
   t=10s | buffer: 5.7s | quality: 400 kbps | trace_bw: 471 kbps
   t=20s | buffer: 7.6s | quality: 400 kbps | trace_bw: 478 kbps
   t=30s | buffer: 5.5s | quality: 400 kbps | trace_bw: 479 kbps
   t=41s | buffer: 7.3s | quality: 400 kbps | trace_bw: 455 kbps
   t=51s | buffer: 9.2s | quality: 400 kbps | trace_bw: 478 kbps
   t=61s | buffer: 11.0s | quality: 400 kbps | trace_bw: 0 kbps
   t=71s | buffer: 8.9s | quality: 400 kbps | trace_bw: 475 kbps
   t=81s | buffer: 10.8s | quality: 400 kbps | trace_bw: 118 kbps
   t=91s | buffer: 12.6s | quality: 400 kbps | trace_bw: 478 kbps
   t=101s | buffer: 14.5s | quality: 400 kbps | trace_bw: 475 kbps
   t=112s | buffer: 12.3s | quality: 400 kbps | trace_bw: 477 kbps

======================================================================
  BENCHMARK RESULTS (MOQ2 / moq-dev official stack)
======================================================================

  [TIMING]
      Startup delay:     141 ms
      Playback time:     120.3 s

  [BITRATE]
      Average (selected):  400 kbps
      Average (effective): 400 kbps

  [REBUFFERING]
      Events:            1
      Total time:        3 ms
      Ratio:             0.0024%

  [THROUGHPUT]
      Average:           426 kbps

  [AVAILABLE BW (trace)]
      Average:           426 kbps

======================================================================

[SAVED] results/results/run_all_20260525_151403/moq2_fcc/benchmark_moq2_trace_849842_http---www.facebook_part1_tc_20260526_211215.json

──────────────────────────────────────────────────────────────────────
  [16/21] trace_901648_http---www.amazon_part1_tc.csv
──────────────────────────────────────────────────────────────────────

======================================================================
  MOQ2 Streaming QoE Benchmark (moq-dev/moq official stack)
======================================================================
  Relay:   http://127.0.0.1:4446
  Player:  http://127.0.0.1:8095/player.html
  Trace:   traces/fcc/trace_901648_http---www.amazon_part1_tc.csv
======================================================================

   Publisher quality: 1500 kbps
[BROWSER] Launching headless Chromium (MOQ2)...
127.0.0.1 - - [26/May/2026 21:14:27] "GET /player.html HTTP/1.1" 200 -
127.0.0.1 - - [26/May/2026 21:14:27] "GET /moq-bundle.js HTTP/1.1" 200 -
   Startup delay: 186ms

[PLAYBACK] Collecting metrics...
   t=10s | buffer: 13.7s | quality: 1500 kbps | trace_bw: 3043 kbps
   t=20s | buffer: 23.6s | quality: 1500 kbps | trace_bw: 2789 kbps
   t=30s | buffer: 29.5s | quality: 1500 kbps | trace_bw: 1025 kbps
   t=41s | buffer: 31.3s | quality: 1500 kbps | trace_bw: 2318 kbps
   t=51s | buffer: 41.2s | quality: 1500 kbps | trace_bw: 2990 kbps
   t=61s | buffer: 55.0s | quality: 1500 kbps | trace_bw: 3259 kbps
   t=71s | buffer: 60.9s | quality: 1500 kbps | trace_bw: 2752 kbps
   t=81s | buffer: 74.8s | quality: 1500 kbps | trace_bw: 3275 kbps
   t=91s | buffer: 80.6s | quality: 1500 kbps | trace_bw: 2355 kbps
   t=101s | buffer: 82.5s | quality: 1500 kbps | trace_bw: 2316 kbps
   t=112s | buffer: 88.3s | quality: 1500 kbps | trace_bw: 2357 kbps

======================================================================
  BENCHMARK RESULTS (MOQ2 / moq-dev official stack)
======================================================================

  [TIMING]
      Startup delay:     186 ms
      Playback time:     120.3 s

  [BITRATE]
      Average (selected):  1,500 kbps
      Average (effective): 1,500 kbps

  [REBUFFERING]
      Events:            1
      Total time:        19 ms
      Ratio:             0.0155%

  [THROUGHPUT]
      Average:           2,576 kbps

  [AVAILABLE BW (trace)]
      Average:           2,576 kbps

======================================================================

[SAVED] results/results/run_all_20260525_151403/moq2_fcc/benchmark_moq2_trace_901648_http---www.amazon_part1_tc_20260526_211421.json

──────────────────────────────────────────────────────────────────────
  [17/21] trace_9108_3g_tc.csv
──────────────────────────────────────────────────────────────────────

======================================================================
  MOQ2 Streaming QoE Benchmark (moq-dev/moq official stack)
======================================================================
  Relay:   http://127.0.0.1:4446
  Player:  http://127.0.0.1:8095/player.html
  Trace:   traces/fcc/trace_9108_3g_tc.csv
======================================================================

   Publisher quality: 800 kbps
[BROWSER] Launching headless Chromium (MOQ2)...
127.0.0.1 - - [26/May/2026 21:16:33] "GET /player.html HTTP/1.1" 200 -
127.0.0.1 - - [26/May/2026 21:16:33] "GET /moq-bundle.js HTTP/1.1" 200 -
   Startup delay: 190ms

[PLAYBACK] Collecting metrics...
   t=10s | buffer: 5.7s | quality: 800 kbps | trace_bw: 1178 kbps
   t=20s | buffer: 7.6s | quality: 800 kbps | trace_bw: 1257 kbps
   t=30s | buffer: 17.5s | quality: 800 kbps | trace_bw: 1319 kbps
   t=41s | buffer: 27.3s | quality: 800 kbps | trace_bw: 1224 kbps
   t=51s | buffer: 29.2s | quality: 800 kbps | trace_bw: 1209 kbps
   t=61s | buffer: 39.0s | quality: 800 kbps | trace_bw: 1232 kbps
   t=71s | buffer: 44.9s | quality: 800 kbps | trace_bw: 1279 kbps
   t=81s | buffer: 50.7s | quality: 800 kbps | trace_bw: 1240 kbps
   t=91s | buffer: 56.6s | quality: 800 kbps | trace_bw: 1246 kbps
   t=101s | buffer: 62.4s | quality: 800 kbps | trace_bw: 1221 kbps
   t=112s | buffer: 68.3s | quality: 800 kbps | trace_bw: 1271 kbps

======================================================================
  BENCHMARK RESULTS (MOQ2 / moq-dev official stack)
======================================================================

  [TIMING]
      Startup delay:     190 ms
      Playback time:     120.3 s

  [BITRATE]
      Average (selected):  800 kbps
      Average (effective): 800 kbps

  [REBUFFERING]
      Events:            1
      Total time:        15 ms
      Ratio:             0.0123%

  [THROUGHPUT]
      Average:           1,247 kbps

  [AVAILABLE BW (trace)]
      Average:           1,247 kbps

======================================================================

[SAVED] results/results/run_all_20260525_151403/moq2_fcc/benchmark_moq2_trace_9108_3g_tc_20260526_211627.json

──────────────────────────────────────────────────────────────────────
  [18/21] trace_925800_http---www.ebay_part0_tc.csv
──────────────────────────────────────────────────────────────────────

======================================================================
  MOQ2 Streaming QoE Benchmark (moq-dev/moq official stack)
======================================================================
  Relay:   http://127.0.0.1:4446
  Player:  http://127.0.0.1:8095/player.html
  Trace:   traces/fcc/trace_925800_http---www.ebay_part0_tc.csv
======================================================================

   Publisher quality: 600 kbps
[BROWSER] Launching headless Chromium (MOQ2)...
127.0.0.1 - - [26/May/2026 21:18:39] "GET /player.html HTTP/1.1" 200 -
127.0.0.1 - - [26/May/2026 21:18:39] "GET /moq-bundle.js HTTP/1.1" 200 -
   Startup delay: 160ms

[PLAYBACK] Collecting metrics...
   t=10s | buffer: 5.7s | quality: 600 kbps | trace_bw: 864 kbps
   t=20s | buffer: 11.6s | quality: 600 kbps | trace_bw: 869 kbps
   t=30s | buffer: 17.5s | quality: 600 kbps | trace_bw: 873 kbps
   t=41s | buffer: 23.3s | quality: 600 kbps | trace_bw: 845 kbps
   t=51s | buffer: 29.2s | quality: 600 kbps | trace_bw: 879 kbps
   t=61s | buffer: 35.0s | quality: 600 kbps | trace_bw: 869 kbps
   t=71s | buffer: 36.9s | quality: 600 kbps | trace_bw: 502 kbps
   t=81s | buffer: 38.8s | quality: 600 kbps | trace_bw: 866 kbps
   t=91s | buffer: 44.6s | quality: 600 kbps | trace_bw: 879 kbps
   t=101s | buffer: 46.5s | quality: 600 kbps | trace_bw: 886 kbps
   t=112s | buffer: 52.3s | quality: 600 kbps | trace_bw: 826 kbps

======================================================================
  BENCHMARK RESULTS (MOQ2 / moq-dev official stack)
======================================================================

  [TIMING]
      Startup delay:     160 ms
      Playback time:     120.3 s

  [BITRATE]
      Average (selected):  600 kbps
      Average (effective): 600 kbps

  [REBUFFERING]
      Events:            1
      Total time:        3 ms
      Ratio:             0.0024%

  [THROUGHPUT]
      Average:           810 kbps

  [AVAILABLE BW (trace)]
      Average:           810 kbps

======================================================================

[SAVED] results/results/run_all_20260525_151403/moq2_fcc/benchmark_moq2_trace_925800_http---www.ebay_part0_tc_20260526_211834.json

──────────────────────────────────────────────────────────────────────
  [19/21] trace_939562_http---www.google_part1_tc.csv
──────────────────────────────────────────────────────────────────────

======================================================================
  MOQ2 Streaming QoE Benchmark (moq-dev/moq official stack)
======================================================================
  Relay:   http://127.0.0.1:4446
  Player:  http://127.0.0.1:8095/player.html
  Trace:   traces/fcc/trace_939562_http---www.google_part1_tc.csv
======================================================================

   Publisher quality: 2000 kbps
[BROWSER] Launching headless Chromium (MOQ2)...
127.0.0.1 - - [26/May/2026 21:20:45] "GET /player.html HTTP/1.1" 200 -
127.0.0.1 - - [26/May/2026 21:20:45] "GET /moq-bundle.js HTTP/1.1" 200 -
   Startup delay: 188ms

[PLAYBACK] Collecting metrics...
   t=10s | buffer: 5.7s | quality: 2000 kbps | trace_bw: 2397 kbps
   t=20s | buffer: 11.6s | quality: 2000 kbps | trace_bw: 3303 kbps
   t=30s | buffer: 13.4s | quality: 2000 kbps | trace_bw: 2593 kbps
   t=41s | buffer: 19.3s | quality: 2000 kbps | trace_bw: 3042 kbps
   t=51s | buffer: 25.1s | quality: 2000 kbps | trace_bw: 3150 kbps
   t=61s | buffer: 23.0s | quality: 2000 kbps | trace_bw: 2176 kbps
   t=71s | buffer: 36.8s | quality: 2000 kbps | trace_bw: 3211 kbps
   t=81s | buffer: 34.7s | quality: 2000 kbps | trace_bw: 2558 kbps
   t=91s | buffer: 32.5s | quality: 2000 kbps | trace_bw: 3625 kbps
   t=101s | buffer: 38.4s | quality: 2000 kbps | trace_bw: 3566 kbps
   t=112s | buffer: 44.2s | quality: 2000 kbps | trace_bw: 2435 kbps

======================================================================
  BENCHMARK RESULTS (MOQ2 / moq-dev official stack)
======================================================================

  [TIMING]
      Startup delay:     188 ms
      Playback time:     120.4 s

  [BITRATE]
      Average (selected):  2,000 kbps
      Average (effective): 2,000 kbps

  [REBUFFERING]
      Events:            1
      Total time:        6 ms
      Ratio:             0.0050%

  [THROUGHPUT]
      Average:           2,649 kbps

  [AVAILABLE BW (trace)]
      Average:           2,649 kbps

======================================================================

[SAVED] results/results/run_all_20260525_151403/moq2_fcc/benchmark_moq2_trace_939562_http---www.google_part1_tc_20260526_212040.json

──────────────────────────────────────────────────────────────────────
  [20/21] trace_939592_http---www.facebook_part0_tc.csv
──────────────────────────────────────────────────────────────────────

======================================================================
  MOQ2 Streaming QoE Benchmark (moq-dev/moq official stack)
======================================================================
  Relay:   http://127.0.0.1:4446
  Player:  http://127.0.0.1:8095/player.html
  Trace:   traces/fcc/trace_939592_http---www.facebook_part0_tc.csv
======================================================================

   Publisher quality: 800 kbps
[BROWSER] Launching headless Chromium (MOQ2)...
127.0.0.1 - - [26/May/2026 21:22:51] "GET /player.html HTTP/1.1" 200 -
127.0.0.1 - - [26/May/2026 21:22:51] "GET /moq-bundle.js HTTP/1.1" 200 -
   Startup delay: 164ms

[PLAYBACK] Collecting metrics...
   t=10s | buffer: 9.7s | quality: 800 kbps | trace_bw: 1080 kbps
   t=20s | buffer: 11.6s | quality: 800 kbps | trace_bw: 1454 kbps
   t=30s | buffer: 21.5s | quality: 800 kbps | trace_bw: 1442 kbps
   t=41s | buffer: 31.3s | quality: 800 kbps | trace_bw: 1408 kbps
   t=51s | buffer: 41.2s | quality: 800 kbps | trace_bw: 1379 kbps
   t=61s | buffer: 51.0s | quality: 800 kbps | trace_bw: 1360 kbps
   t=71s | buffer: 48.9s | quality: 800 kbps | trace_bw: 1038 kbps
   t=81s | buffer: 58.8s | quality: 800 kbps | trace_bw: 1432 kbps
   t=91s | buffer: 68.6s | quality: 800 kbps | trace_bw: 1386 kbps
   t=101s | buffer: 74.5s | quality: 800 kbps | trace_bw: 1331 kbps
   t=112s | buffer: 72.4s | quality: 800 kbps | trace_bw: 1130 kbps

======================================================================
  BENCHMARK RESULTS (MOQ2 / moq-dev official stack)
======================================================================

  [TIMING]
      Startup delay:     164 ms
      Playback time:     120.3 s

  [BITRATE]
      Average (selected):  800 kbps
      Average (effective): 800 kbps

  [REBUFFERING]
      Events:            1
      Total time:        14 ms
      Ratio:             0.0119%

  [THROUGHPUT]
      Average:           1,305 kbps

  [AVAILABLE BW (trace)]
      Average:           1,305 kbps

======================================================================

[SAVED] results/results/run_all_20260525_151403/moq2_fcc/benchmark_moq2_trace_939592_http---www.facebook_part0_tc_20260526_212246.json

──────────────────────────────────────────────────────────────────────
  [21/21] trace_9542_3g_tc.csv
──────────────────────────────────────────────────────────────────────

======================================================================
  MOQ2 Streaming QoE Benchmark (moq-dev/moq official stack)
======================================================================
  Relay:   http://127.0.0.1:4446
  Player:  http://127.0.0.1:8095/player.html
  Trace:   traces/fcc/trace_9542_3g_tc.csv
======================================================================

   Publisher quality: 800 kbps
[BROWSER] Launching headless Chromium (MOQ2)...
127.0.0.1 - - [26/May/2026 21:24:57] "GET /player.html HTTP/1.1" 200 -
127.0.0.1 - - [26/May/2026 21:24:57] "GET /moq-bundle.js HTTP/1.1" 200 -
   Startup delay: 161ms

[PLAYBACK] Collecting metrics...
   t=10s | buffer: 5.7s | quality: 800 kbps | trace_bw: 927 kbps
   t=20s | buffer: 7.6s | quality: 800 kbps | trace_bw: 1105 kbps
   t=30s | buffer: 13.5s | quality: 800 kbps | trace_bw: 1177 kbps
   t=41s | buffer: 15.3s | quality: 800 kbps | trace_bw: 1006 kbps
   t=51s | buffer: 25.2s | quality: 800 kbps | trace_bw: 954 kbps
   t=61s | buffer: 23.0s | quality: 800 kbps | trace_bw: 1093 kbps
   t=71s | buffer: 32.9s | quality: 800 kbps | trace_bw: 1094 kbps
   t=81s | buffer: 34.7s | quality: 800 kbps | trace_bw: 1050 kbps
   t=91s | buffer: 36.6s | quality: 800 kbps | trace_bw: 1054 kbps
   t=101s | buffer: 38.4s | quality: 800 kbps | trace_bw: 1081 kbps
   t=112s | buffer: 44.3s | quality: 800 kbps | trace_bw: 1059 kbps

======================================================================
  BENCHMARK RESULTS (MOQ2 / moq-dev official stack)
======================================================================

  [TIMING]
      Startup delay:     161 ms
      Playback time:     120.3 s

  [BITRATE]
      Average (selected):  800 kbps
      Average (effective): 800 kbps

  [REBUFFERING]
      Events:            1
      Total time:        4 ms
      Ratio:             0.0034%

  [THROUGHPUT]
      Average:           1,052 kbps

  [AVAILABLE BW (trace)]
      Average:           1,052 kbps

======================================================================

[SAVED] results/results/run_all_20260525_151403/moq2_fcc/benchmark_moq2_trace_9542_3g_tc_20260526_212452.json

======================================================================
  BATCH COMPLETE: 21/21 succeeded
  Results saved to: results/results/run_all_20260525_151403/moq2_fcc/
======================================================================

[OK] moq2 / fcc

